frequency_hz,s11_real,s11_imag,swr,return_loss_db,resistance_ohm,reactance_ohm
222000000,0.6524796178801089,-0.5105264850055642,10.65994859327085,1.6344364086441996,41.11519639986324,-133.8532165073587
222003000,0.6526581178734688,-0.5109614350879382,10.687793223407704,1.6301531792316502,40.99199123676276,-133.85485832920256
222006000,0.6527997267873028,-0.5106465564796567,10.682158556396868,1.631018119715233,41.055087243780896,-133.91972973047487
222009000,0.6525221898515271,-0.5109563647267632,10.68027450177249,1.631307533883564,41.00631876036871,-133.8222368245444
222012000,0.6523802658558614,-0.5106593956048562,10.660198278175447,1.6343979002972733,41.09233478197603,-133.81621368109964
222015000,0.6525051195798889,-0.5109466870773521,10.678950845945863,1.6315109254587836,41.010319091207045,-133.81901043631515
222018000,0.6524818762239258,-0.5106088578114449,10.66352129869258,1.6338855714738671,41.0948895622758,-133.845846675395
222021000,0.6524565722228131,-0.5107085604912579,10.666346350288888,1.6334502706086487,41.07301438247865,-133.8300895872339
222024000,0.652224930238848,-0.510612922191038,10.649944906535463,1.6359807535762327,41.11858036344544,-133.78280570033834
222027000,0.652397157404447,-0.5104064111355141,10.650511835665245,1.6358931541935444,41.15241459867815,-133.84463847949837
222030000,0.6523884508036123,-0.5105325204564234,10.6553226131569,1.6351501926205105,41.12248634695765,-133.83039986017744
222033000,0.6523746354599436,-0.5105118290559226,10.653717694669998,1.6353979760126536,41.12886028428733,-133.82901792873184
222036000,0.6523315863452842,-0.5105358000554425,10.652418930524375,1.6355985473743808,41.12714827754702,-133.81621604214249
222039000,0.6523773414465107,-0.5104736374596108,10.652264383026054,1.6356224178122831,41.137916428751545,-133.83334648974323
222042000,0.6524280062771952,-0.510337532777716,10.649280724957247,1.6360833919469617,41.166260021752024,-133.85878336669919
222045000,0.6522189570712675,-0.5102885356265041,10.63607513026731,1.6381267849030934,41.19828275039826,-133.81246362496267
222048000,0.652233372917295,-0.51061231490999,10.65037064207565,1.6359149699229296,41.117918295856995,-133.78492232310202
222051000,0.6524934356055054,-0.5104710592453451,10.658366927939376,1.6346803876528626,41.12738872315888,-133.86191633193272
222054000,0.6524975492430573,-0.5106747439010632,10.667123916752319,1.633330499335282,41.07731732912501,-133.84333146697247
222057000,0.6525215931095145,-0.5105185287788729,10.661862886467475,1.6341412179702854,41.11310065730257,-133.86422056063915
222060000,0.6522637778562049,-0.5108112206817261,10.660325852650931,1.6343782254724373,41.06652146754874,-133.77323969097836
222063000,0.6524701028138166,-0.5105494352474926,10.66040059869426,1.6343666981888965,41.11051341532565,-133.84868912266043
222066000,0.6523965115208418,-0.5107478310033436,10.664775467169088,1.6336922929680697,41.069216701558695,-133.81167463249858
222069000,0.6524350673124945,-0.5103653245065948,10.650820153893386,1.635845518173741,41.1587988642815,-133.85783658971795
222072000,0.6524182716210201,-0.5108581409501255,10.670570492245167,1.6327998233199401,41.04024450379294,-133.8063720315661
222075000,0.652537880590489,-0.510682043658111,10.669592314096995,1.6329504001828477,41.07165747276836,-133.85246206568712
222078000,0.6523377573939141,-0.5107507333746332,10.66175059451051,1.6341585308282824,41.074155360225774,-133.79707641826136
222081000,0.6523280666030384,-0.5103668262735275,10.645165841613037,1.6367195677039812,41.1687082738243,-133.83158037103559
222084000,0.6521406563886253,-0.5106562495999104,10.647255250516354,1.6363964755782654,41.11610186050139,-133.75810570788875
222087000,0.652258291664111,-0.5106048471667655,10.651389941068533,1.6357574917998483,41.11734757758882,-133.79171442143092
222090000,0.6523439167409796,-0.5106145498359053,10.656374626983956,1.6349878130438624,41.10676060424285,-133.81165983591634
222093000,0.6522293248191182,-0.5103683588762609,10.639959281800026,1.6375252320514089,41.17780865326258,-133.8073388277952
222096000,0.6521370746738094,-0.5108598995684102,10.655587290134745,1.6351093363709455,41.066822837240196,-133.73770120809152
222099000,0.6520561735315271,-0.5104953345322518,10.636025363521588,1.638134495338471,41.163431298148886,-133.75293026465957
222102000,0.6523544356080857,-0.5107071136779641,10.660815193134011,1.6343027626796114,41.08318438368119,-133.8053321133343
222105000,0.6522414361546959,-0.5104953733349861,10.645911402592855,1.6366042644910284,41.14566119252232,-133.7981093084996
222108000,0.6524234159035625,-0.5107963992779693,10.668254668283943,1.6331563571665322,41.05479391429058,-133.81356223787654
222111000,0.6522959645625683,-0.51066356392549,10.655861973186617,1.6350669377221447,41.0994161911349,-133.79526206870202
222114000,0.6523200019435047,-0.5107489354935095,10.660724696614242,1.6343167179165001,41.07629917903467,-133.79292198115374
222117000,0.6523326347214914,-0.5105623352902094,10.653585389814616,1.6354184059219525,41.120576324623855,-133.81392355886322
222120000,0.652426935949664,-0.510592511355152,10.659894265881677,1.6344447876775532,41.104157689274686,-133.83402075923203
222123000,0.6524694067837653,-0.510858604059567,10.673332455524388,1.6323748079575853,41.03521352353247,-133.8187860542112
222126000,0.6528001239022199,-0.5106630783837544,10.68287457089303,1.630908158010508,41.051019673994126,-133.9182332645968
222129000,0.6526728769225253,-0.5105918438090096,10.673047778638258,1.6324186042379423,41.0806566535911,-133.8940650647632
222132000,0.6526097822564285,-0.5103407905385883,10.659140715483197,1.6345610183085562,41.147988094655865,-133.90283872231836
222135000,0.6524012318276986,-0.510876475108793,10.67042661982681,1.6328219687221655,41.03741624843571,-133.80045781105528
222138000,0.652447775584864,-0.510483112851119,10.656428101717399,1.63497956001946,41.128837432872494,-133.8496183746778
222141000,0.6526165988286765,-0.5109083595275851,10.683327275946722,1.6308386416448706,41.00892162135068,-133.84985779734254
222144000,0.6524416233950144,-0.5105458332281226,10.658725165498307,1.6346251214950653,41.1141297096919,-133.84208927975126
222147000,0.6523919388060275,-0.5109144984182115,10.671524947006128,1.6326529251852564,41.02904725421764,-133.79453819232293
222150000,0.6524315106123676,-0.5106886968824019,10.664170576950033,1.6337855061995112,41.08026624355574,-133.82589014779316
222153000,0.652536581794636,-0.5108783036115423,10.677765284985465,1.6316931407089328,41.02394961047334,-133.83325705250675
222156000,0.6523188251159867,-0.5106357688301796,10.655920894477344,1.6350578432250873,41.10399703252287,-133.80350427003748
222159000,0.6523471069728388,-0.5108315814037061,10.665641701857735,1.6335588252808753,41.05355625578204,-133.79158657235314
222162000,0.6524104938588148,-0.5106084062578178,10.65968002040817,1.6344778320705746,41.10186199640858,-133.8284837120809
222165000,0.6525481777386255,-0.510843955407311,10.676944194306332,1.631819362486118,41.031202511809994,-133.83938887974736
222168000,0.6524311215766729,-0.5105924702636353,10.660116613821382,1.6344104950085008,41.103765397711456,-133.83504540380684
222171000,0.6522941647357472,-0.5106716885718665,10.65610592481302,1.6350292844654821,41.09760846772672,-133.79404319089818
222174000,0.6521392035663272,-0.5104908513452785,10.640265882320021,1.6374777665685571,41.15656831981786,-133.77360899640982
222177000,0.6523568482110451,-0.5104707990047962,10.65105009222796,1.6358099938757806,41.140577102004414,-133.8286198810621
222180000,0.6521930261730734,-0.5103290864397614,10.636384247799779,1.638078894497832,41.190872563629725,-133.80224719185608
222183000,0.6522430497487814,-0.5106298420207513,10.65162112819469,1.635721778429355,41.11271658938597,-133.78559952435234
222186000,0.6520374712023038,-0.510502198255965,10.635314926427673,1.6382445723439618,41.16354886806424,-133.747712027405
222189000,0.6523200201756276,-0.5107300318479393,10.659933434825051,1.6344387465561447,41.080904531683935,-133.7947422100752
222192000,0.652248902984825,-0.5105750715684417,10.6496425780723,1.6360274718806387,41.12550870218688,-133.79228283296953
222195000,0.6523842291681053,-0.5105868235583925,10.657370366290623,1.6348341492995777,41.109648705165114,-133.82415307730045
222198000,0.6522585994190616,-0.5107180455229909,10.656144945194182,1.6350232619392688,41.08972388453254,-133.7809236168569
222201000,0.6523320516839307,-0.5106512820901732,10.657278124437239,1.634848382961085,41.09894467249924,-133.8052389338512
222204000,0.6522259087836811,-0.510631844915604,10.650788838517917,1.6358503563589926,41.113873216069095,-133.78122854122677
222207000,0.6524639664914641,-0.5104578045945323,10.65623495677521,1.635009369443405,41.13345549657779,-133.85600091092144
222210000,0.6521296830132217,-0.5108984164986762,10.656805634180296,1.6349212959142791,41.05815052777757,-133.73220606145543
222213000,0.6524156974978491,-0.5105793702716894,10.658742225837143,1.6346224896496282,41.10844241479903,-133.83254312612323
222216000,0.6523081639915027,-0.5106291897428451,10.655075206082689,1.635188384893087,41.10662481088589,-133.80153684785137
222219000,0.652274757731376,-0.5103797812565394,10.642860808242123,1.6370761510283685,41.1706631592641,-133.81732892515262
222222000,0.6522967648051172,-0.5108414851911218,10.66336071582294,1.6339103220333409,41.05597994289623,-133.77836994669033
222225000,0.6523494633684378,-0.5104631356698469,10.650334852920894,1.6359204997745838,41.143155723375244,-133.82755429112544
222228000,0.6524770059859769,-0.5107532952749727,10.669318546460925,1.632992547875367,41.060145088006635,-133.83076795787446
222231000,0.6523240069967317,-0.5104989819979503,10.650473540973241,1.6358990710237409,41.136855980233435,-133.81790269299847
222234000,0.6521973000132342,-0.5107679834605366,10.654957996451945,1.635206479188609,41.08343773505268,-133.76119225168873
222237000,0.6522047413394514,-0.5105178963526105,10.644893371856584,1.6367617100243295,41.14368823207465,-133.78699917088608
222240000,0.6523142017700366,-0.5107707262305141,10.661327567869915,1.6342237551894616,41.071545968351984,-133.78941535720745
222243000,0.6523078750670069,-0.5105822572450673,10.653095252587681,1.635494095127246,41.1180958000913,-133.80597285155318
222246000,0.6522139388483592,-0.5107916061860994,10.65683727147442,1.6349164135600167,41.07608502164393,-133.762979457257
222249000,0.6521832657079708,-0.5107637270840283,10.65402937753859,1.6353498493963055,41.08582150802314,-133.75818093584638
222252000,0.652368650722253,-0.5107938236959382,10.665211975673348,1.6336250338874647,41.06068601054756,-133.8004644642683
222255000,0.6524295209203972,-0.5105858850953063,10.659755044924664,1.634466260426914,41.10552510937675,-133.83528802050566
222258000,0.65223973673821,-0.5108658763919269,10.661330244829923,1.6342233424259736,41.055514572110226,-133.76213491413588
222261000,0.6521743330377666,-0.5107966873190173,10.654931980658324,1.635210495444261,41.07864763210434,-133.75284205528843
222264000,0.6521646607247539,-0.5108118362245913,10.655049235796817,1.635192394034356,41.07588483820581,-133.7490321337632
222267000,0.6521035375484789,-0.510685984648689,10.646516537200284,1.6365106906110123,41.112413293035495,-133.74620761703204
222270000,0.6523631890563448,-0.5107280663404192,10.6621620779417,1.6340950912665804,41.077236316310376,-133.80545249276793
222273000,0.6520269762572477,-0.5109476341531759,10.653376288287166,1.6354506954652654,41.05601361619052,-133.70247564652186
222276000,0.6523432211883217,-0.510839612360265,10.665770441381312,1.6335389912225453,41.05197298976203,-133.78986811565346
222279000,0.6522919066352793,-0.510949959007667,10.667651544917808,1.6332492369612586,41.03002445787309,-133.7667662985045
222282000,0.652338238272168,-0.5107531882434918,10.661879248716813,1.6341386953154275,41.073510889762744,-133.796957768079
222285000,0.6520832591854124,-0.5108738458027049,10.653294345935244,1.6354633493854966,41.06858712712471,-133.72325582414803
222288000,0.652538305819528,-0.5108628869768361,10.67720986917957,1.6317785195983117,41.02753987683363,-133.83516109757068
222291000,0.6524862909156837,-0.5110224136544951,10.681124476211844,1.6311769545104629,40.99368842893324,-133.8071364459364
222294000,0.6524162206400537,-0.5106435864048237,10.66146071268749,1.6342032256930752,41.09273374030709,-133.82649886086816
222297000,0.6522928965706098,-0.510982305176312,10.669062476226943,1.6330319729526765,41.02205232857177,-133.76389973631228
222300000,0.6525524765303857,-0.5107886084223157,10.674849470933175,1.632141461583253,41.044276468097486,-133.84576415328254
222303000,0.6523731441498745,-0.5107981526702661,10.665634287959174,1.6335599675065584,41.05919928356691,-133.80114336659008
222306000,0.6526271263605276,-0.5109586980722075,10.68601151268092,1.6304265783827763,40.99564438051052,-133.8475727703568
222309000,0.6524337154297492,-0.5107853350730902,10.668342428828138,1.6331428431008597,41.056499839685436,-133.81713602832423
222312000,0.652428210995294,-0.5110206368383914,10.677931077557798,1.6316676567003503,40.99970959385928,-133.7931645198426
222315000,0.6523019626663736,-0.5108362548431414,10.66341971697037,1.63390122812783,41.05675492049568,-133.7801387044449
222318000,0.6525082885797095,-0.5109315917421656,10.67848632856134,1.6315823147743806,41.01369107988349,-133.82123522805648
222321000,0.6524607693151444,-0.5106316281711377,10.663345233537077,1.633912708350269,41.09136678294944,-133.8385103778118
222324000,0.6522892576880438,-0.5107992217617484,10.661186741378238,1.6342454696801911,41.06699817958672,-133.78060018800846
222327000,0.6522582753083978,-0.5108171630427791,10.660280422090386,1.6343852318220133,41.065602011466346,-133.77132845227248
222330000,0.6523262525997694,-0.5108015469042236,10.663264985686135,1.6339250772305027,41.0628780456662,-133.78939111479806
222333000,0.6524061926399058,-0.5107294170705496,10.664521849747976,1.633731373966635,41.07277418035676,-133.81580420374152
222336000,0.6524669769501928,-0.5108711252652975,10.67372804982017,1.6323139514373075,41.032396620885116,-133.8169895027311
222339000,0.6522710019980752,-0.5109119991576581,10.664938700424676,1.6336671406459413,41.04127763449387,-133.76532135479013
222342000,0.6524092669915336,-0.510959232716649,10.674333523145096,1.6322208168449726,41.01648521180204,-133.79445719358645
222345000,0.6523436971287618,-0.5108719336513112,10.66715208937812,1.6333261601381959,41.04405303391804,-133.78687812289388
222348000,0.6525127795211171,-0.5108374220161886,10.674769783572566,1.632153717378857,41.03620150672859,-133.8313921984064
222351000,0.6523299632082235,-0.5108926510448493,10.667285572330915,1.6333056011747351,41.04032603962796,-133.78154169273267
222354000,0.6525748514523142,-0.5110425133172438,10.686729496213756,1.630316394503426,40.98026700462279,-133.82676673428753
222357000,0.6525475904364622,-0.5110204882858719,10.684336935593313,1.6306836219978071,40.988255977927615,-133.8222493737454
222360000,0.6524161796287304,-0.5109544354817712,10.674502819103097,1.6321947774558883,41.0169887891117,-133.7966021442444
222363000,0.6525053171317795,-0.5111274066752729,10.68656585520403,1.630341506023241,40.966294217028654,-133.80166186785092
222366000,0.6525809996152298,-0.510987558549444,10.684746637050916,1.6306207262842727,40.99305823740995,-133.83355723833847
222369000,0.6525974236079337,-0.5111071624667874,10.690666499447541,1.6297124757270844,40.96235122077643,-133.8260346442845
222372000,0.6524977690464877,-0.5110191696137925,10.681604544618017,1.63110321210835,40.993373636364716,-133.810243774329
222375000,0.6524169323646877,-0.5111671855624816,10.683490666998155,1.6308135531436996,40.965118667653826,-133.7763200320458
222378000,0.6523201175661495,-0.5108115543408761,10.663356096467846,1.633911034023419,41.06102902361475,-133.786934837342
222381000,0.6526656727184916,-0.5112280003335691,10.69943650875506,1.6283688071153728,40.92635832641767,-133.8309999724085
222384000,0.6524838090328461,-0.5109191561378811,10.676649447204088,1.6318646771226533,41.01907611040556,-133.81646889417397
222387000,0.6523076835979281,-0.5110973781588829,10.674689390796836,1.6321660818533001,40.992615348327874,-133.75644195303528
222390000,0.6523908406876406,-0.5108087370365046,10.667026539186127,1.6333454977763862,41.05491919550849,-133.80443820073108
222393000,0.6523596360396782,-0.5112141397718831,10.682389192100176,1.630982698284844,40.959203763220785,-133.757859922899
222396000,0.6526200847540852,-0.5108036555296549,10.679111373859934,1.6314862561964074,41.034099516368634,-133.86079266526716
222399000,0.6525218117327194,-0.511255247949721,10.69283973507385,1.6293793032296613,40.93359211348868,-133.7933653181709
222402000,0.6526226627403088,-0.5109888158340106,10.687039397806702,1.630268840701758,40.988738427323966,-133.84358366605477
222405000,0.6524179997167125,-0.5110637680100591,10.679196621941685,1.6314731559298266,40.990190131787045,-133.78652917240464
222408000,0.6525836520253054,-0.5109773693279538,10.684460377764806,1.6306646711418507,40.99528448212028,-133.8351846623791
222411000,0.6524642617358647,-0.5111431037531355,10.685020064070857,1.6305787535795178,40.966425441336476,-133.7901571494619
222414000,0.6523675291744777,-0.5112076651264372,10.682540630637028,1.630959440931529,40.96002011163452,-133.760403309565
222417000,0.6526476869955323,-0.5111555342860329,10.69541074049238,1.628985326170265,40.94573095719913,-133.83360915711825
222420000,0.6525688845807381,-0.5109342148317161,10.681851139972993,1.631065335660746,41.00721843121419,-133.83574363239944
222423000,0.6525389668610001,-0.5110403468329651,10.684709297744485,1.6306264582623005,40.98425049802536,-133.81823714386854
222426000,0.6525896612976952,-0.511309645769503,10.698787333767402,1.62846819220068,40.91381923821112,-133.8046325388012
222429000,0.6524597354298157,-0.51126209363192,10.689788824165824,1.6298470683390478,40.937903917586475,-133.77760186982465
222432000,0.6524553751076498,-0.5110877904459558,10.682214423295102,1.6310095394387158,40.98074562750564,-133.79331724750523
222435000,0.6524596854553634,-0.5110725797448009,10.681805938159192,1.6310722784175036,40.984034016551526,-133.79583039554254
222438000,0.6525426578255719,-0.5112175494830918,10.692372158619504,1.6294509744939625,40.940757849180294,-133.80206929820568
222441000,0.6526131427227972,-0.5111598107807126,10.69373138007982,1.629242647224049,40.94801963804435,-133.82478794229883
222444000,0.6525082757226095,-0.511259230496913,10.69227928664369,1.6294652108906775,40.933926750299925,-133.78968812307312
222447000,0.6525953790587965,-0.5110339363478933,10.687472102733786,1.6302024476196606,40.98037822852215,-133.83259177894104
222450000,0.6524715414045735,-0.5112687477872472,10.690704256013268,1.629706686210255,40.935148316259145,-133.77983373622126
222453000,0.6524602362276954,-0.5111532761654531,10.685232009784945,1.630546220118786,40.964336887697996,-133.7881982472307
222456000,0.6523833376271889,-0.5112506182767416,10.6851983330396,1.6305513893793977,40.94804807865909,-133.7601180964393
222459000,0.6525421665890899,-0.5110589194064704,10.685663097527838,1.6304800525872232,40.979419965198865,-133.8172278322335
222462000,0.6524165422056792,-0.5113667872139542,10.691878749189259,1.6295266123577896,40.91659371030252,-133.7570168761738
222465000,0.6519877862185256,-0.5113427214959813,10.667851174182726,1.6332184932797698,40.963637566880934,-133.65506194512477
222468000,0.6524633199990327,-0.5112811551960228,10.690784997841025,1.629694305557127,40.932921120504936,-133.77663893120916
222471000,0.6525378044531159,-0.5110296547886776,10.684196806212556,1.630705135211386,40.98696606091439,-133.81898362552718
222474000,0.6523564944156675,-0.5111968486779186,10.681492731390911,1.6311203869298287,40.96371346581777,-133.7587583855697
222477000,0.6528569430560862,-0.5115437988012536,10.723117581841125,1.624751664572606,40.83107130909842,-133.84704183828956
222480000,0.6525219354395119,-0.5113096266383478,10.695139610177662,1.6290268647646338,40.92034965762139,-133.7881575231746
222483000,0.6524812676735519,-0.5111174614850286,10.684854454971381,1.6306041753212221,40.971030406729305,-133.79676490787585
222486000,0.6523123582185559,-0.5113621652785054,10.686082342331446,1.6304157079907442,40.92774109813859,-133.7321232747624
222489000,0.6521856088745843,-0.5113067558867047,10.676944029458442,1.6318193878292486,40.953398712242674,-133.70662174716597
222492000,0.652484140543163,-0.5112511892389264,10.690641905137403,1.629716246991963,40.93820748999905,-133.78458985781282
222495000,0.65223443849519,-0.5111160983426071,10.6715480540019,1.6326493691645616,40.995096403782426,-133.73681522966845
222498000,0.6523817789623568,-0.5111401022175733,10.68046277201285,1.6312786086060527,40.975092084032696,-133.7703694825884
222501000,0.6521905221654587,-0.5113479013885595,10.678938722149994,1.631512788623712,40.94291997661173,-133.70386444244795
222504000,0.6522844341266418,-0.5112554196829143,10.680088169890933,1.6313361623704006,40.95639067000779,-133.73559382663493
222507000,0.6521059661626465,-0.5112119122516127,10.668687447882666,1.6330897165006688,40.98411604294343,-133.69635412770828
222510000,0.6520756454454262,-0.5112571956383225,10.668965042364,1.633046974563468,40.9760097609592,-133.68463291481646
222513000,0.6522028607421079,-0.5114135557665902,10.682364703586446,1.630986459199935,40.92576990165359,-133.7005571565071
222516000,0.6523309596069204,-0.5113061780017378,10.684723676909815,1.6306242509037208,40.93956971369596,-133.74203169445636
222519000,0.6522691612814646,-0.5114012700104034,10.685408537799823,1.6305191242342203,40.92238503414998,-133.71785876166146
222522000,0.6523013514588817,-0.5113779799845357,10.68615709412297,1.6304042358162376,40.92495351672535,-133.72792576175962
222525000,0.652169694111538,-0.5114212184982643,10.68090656422432,1.6312104297664796,40.927093193092674,-133.69175718181498
222528000,0.652451198430731,-0.5113814290762656,10.694360970594849,1.6291461682689599,40.909696393197756,-133.7640361541491
222531000,0.6523253594948641,-0.5114128137010917,10.688915387842952,1.6299810330382012,40.91417405119899,-133.73041384117755
222534000,0.652313130092437,-0.5111311961136203,10.67640324854348,1.6319025298207968,40.98386044049934,-133.75451717906688
222537000,0.6521204297737514,-0.5114532047975232,10.679608694694224,1.6314098347477914,40.92404847633411,-133.67670874188522
222540000,0.6523103503253714,-0.5113712485315558,10.686357098157009,1.6303735419476446,40.92572518162,-133.7307614801715
222543000,0.6523560488179483,-0.5114116656458387,10.690517177390173,1.6297353728791275,40.911500997439624,-133.73798679188494
222546000,0.6525234861183477,-0.5111412781393693,10.688126930100221,1.6301019829806804,40.961168085910174,-133.80474898029397
222549000,0.6522872180895102,-0.5113129897298414,10.682660774916304,1.6309409901042509,40.94211864245733,-133.73073696040046
222552000,0.6523266692639129,-0.5112797308920431,10.683379555962786,1.630830614026499,40.94641580209451,-133.743531315571
222555000,0.6523949332610252,-0.5113464275300843,10.689858194043518,1.629836429569285,40.923625265928585,-133.75372054841128
222558000,0.6524351074155151,-0.5111699638801531,10.684584188042146,1.6306456642179812,40.96269363563341,-133.78047614192144
222561000,0.6524866066895264,-0.5112734663847075,10.691713583530364,1.629551933223497,40.932549694588566,-133.78304486818976
222564000,0.6523288177459183,-0.5113942839470603,10.688320340987174,1.6300723119555434,40.918347261436466,-133.73303704370113
222567000,0.6523849085701321,-0.5115332250287209,10.697198153887511,1.6287115381718966,40.87917036125718,-133.73330516695196
222570000,0.6522559026298145,-0.5113042169831092,10.680609911642208,1.6312560032289825,40.94726255205584,-133.72396316028187
222573000,0.6523443182516108,-0.5113855008575773,10.68878349641607,1.6300012640171093,40.918992156093104,-133.73765130885923
222576000,0.652289905312872,-0.511475320657482,10.68964414259126,1.6298692575817828,40.90238651305933,-133.71578220106989
222579000,0.6523555721612417,-0.5114046185156484,10.690194450465123,1.6297848622632323,40.9132605015502,-133.73854887837663
222582000,0.6523537346625367,-0.511466027679892,10.692685081033119,1.6294030082799944,40.898505860287734,-133.73219375525017
222585000,0.6525095203872076,-0.5114899260318289,10.702081540152879,1.6279639932404693,40.87769586939874,-133.76776822771572
222588000,0.6522241935046896,-0.5116298057189054,10.692625875444513,1.6294120833728223,40.87116015739484,-133.6849578045803
222591000,0.6523159726896711,-0.5116453765359097,10.698221931681887,1.6285547620337428,40.85854965971757,-133.7057592543936
222594000,0.6523349667574226,-0.5116182137471715,10.698097550166452,1.628573807572649,40.863321950058186,-133.71298815313185
222597000,0.6524747938836737,-0.5114206515031845,10.69728604853154,1.628698077244024,40.89788555418443,-133.76599749378292
222600000,0.652280500384461,-0.5116285110176522,10.695600528592154,1.628956250896369,40.86606002823216,-133.69876307105864
222603000,0.6522224043090644,-0.5115998625413875,10.691266487572063,1.629620479620083,40.87860758942262,-133.687401738263
222606000,0.6521760467460654,-0.5116786559482525,10.692097558256476,1.6294930688577682,40.863920740624515,-133.66856538718085
222609000,0.6521643541443741,-0.5115704068888417,10.686904117115983,1.6302895989206205,40.89134416267856,-133.6761268431775
222612000,0.6524813962934033,-0.5114432342560055,10.698594786114699,1.6284976725166123,40.89175815190435,-133.76542798172565
222615000,0.6521333052289213,-0.5117622406027965,10.693326115505466,1.629304756355305,40.84772762754373,-133.65015203579557
222618000,0.6522439143827207,-0.5116997252690774,10.696637996581147,1.6287973306343562,40.852277968874276,-133.68302554424906
222621000,0.6521813864408266,-0.511729155530048,10.69451592659841,1.6291224244441238,40.851141525160806,-133.66500848207767
222624000,0.65235717635096,-0.5112840560735494,10.685200706522012,1.6305510250572137,40.942429628318635,-133.75053683400978
222627000,0.6522908178483356,-0.5117497624442635,10.701276885051596,1.6280871218495172,40.83561251103452,-133.68960473331745
222630000,0.6523654856333938,-0.5117147992358231,10.703821975404654,1.62769773510292,40.83691851902435,-133.7111063550613
222633000,0.6524632445961127,-0.5117708627193966,10.71146495729254,1.6265295171299345,40.813884470613544,-133.72945243853096
222636000,0.6524643409321217,-0.5114309152465544,10.69715639874193,1.6287179329856127,40.89639634076465,-133.76246713172893
222639000,0.6525272409954572,-0.5116876796152535,10.711397978232215,1.6265397474712153,40.8279239888725,-133.75301650489723
222642000,0.6525169753702765,-0.5115080481960301,10.703248878255595,1.6277853999503076,40.87257162088248,-133.76783454064454
222645000,0.6525751104086711,-0.5118185650498661,10.719525853808634,1.6252992424035124,40.79151301763655,-133.7520232532953
222648000,0.6526266078157082,-0.5114319471073373,10.705943766198216,1.6273732539343855,40.88050782590472,-133.80182857196928
222651000,0.6526098988856572,-0.5116386362655505,10.713784049655306,1.6261753799422074,40.83187062636317,-133.77783151462006
222654000,0.6523451887816524,-0.511572648096007,10.69672409793355,1.6287841429507977,40.87341127599889,-133.71985701869917
222657000,0.6525060801246261,-0.5119820700208556,10.72272730393866,1.6248111465711084,40.758472538285645,-133.71949258492754
222660000,0.6525046304618813,-0.5115986640127497,10.706413138140205,1.6273014913590735,40.85173450525383,-133.75610172276063
222663000,0.6523885393305543,-0.5117657689990718,10.707219855078494,1.62717816672129,40.82231822517339,-133.71179833734908
222666000,0.6521521927132922,-0.5117461301552114,10.693662015492107,1.6292532774099495,40.849824935845916,-133.6562869228532
222669000,0.6520953326632115,-0.511784615202924,10.69222835087229,1.629473018969286,40.845942836684515,-133.6387817195088
222672000,0.6523844055002258,-0.5117474240024718,10.706221118655563,1.6273308485732088,40.827172075517055,-133.7125608704683
222675000,0.6522582052640302,-0.5117379464479166,10.699021438676494,1.6284323506365612,40.841619794156735,-133.68282061338206
222678000,0.6521781355384818,-0.5117886569625036,10.696853247482004,1.6287643622068932,40.83700425072387,-133.6584992434213
222681000,0.6524850536368109,-0.5118852810983424,10.717487849773356,1.625610111479801,40.783996547579136,-133.72372060055653
222684000,0.652321904014938,-0.5118812767972546,10.708513412923983,1.626980456742053,40.80068581905529,-133.684495882425
222687000,0.6525492523637613,-0.5116416064449686,10.710636277720823,1.626656098228444,40.83699732657467,-133.7628068236702
222690000,0.6523396807914548,-0.5118182996079748,10.70680754901501,1.627241194536809,40.81426535072789,-133.69487486455287
222693000,0.652298138710889,-0.5115867856523506,10.694788620230383,1.6290806414315688,40.874502334584484,-133.7070626390778
222696000,0.6522466736491308,-0.5118831440788966,10.70453712749018,1.6275883538450144,40.8074724513439,-133.66605286573852
222699000,0.6526090922316174,-0.5115544889249152,10.710179924337634,1.6267258148068928,40.8524013227955,-133.78575169063163
222702000,0.6523671431819782,-0.5119727436530298,10.714826783008885,1.6260161996591003,40.77412691678424,-133.68666942383535
222705000,0.6524156017221873,-0.5117163898789123,10.70659061709694,1.627274358142094,40.831706240587955,-133.72312748866696
222708000,0.6523195514315445,-0.5118240749442484,10.705966701804742,1.627369747147375,40.81480067663508,-133.68943102480287
222711000,0.6524130121589631,-0.5116053419162607,10.701757228879753,1.6280136172194593,40.85893712049044,-133.73319260425015
222714000,0.6523574629477833,-0.5118450032943817,10.708896117067935,1.6269219727085136,40.80606911937541,-133.69662165529348
222717000,0.6522081650437107,-0.5117490942331095,10.69679862638288,1.628772727999823,40.84372466736344,-133.66959526559336
222720000,0.6523853211371659,-0.5119177199435662,10.713477327546638,1.6262222090915714,40.78573185120918,-133.69638188097795
222723000,0.6523362462952639,-0.5117417382759866,10.703385101479194,1.627764561459227,40.833189593145065,-133.70141074592868
222726000,0.6522543736415055,-0.5119412239443452,10.707408963978983,1.6271492599295077,40.79263362267182,-133.6623337830392
222729000,0.6522721233851881,-0.5117781048889111,10.701467681345523,1.6280579244434559,40.83052785309803,-133.68233764648906
222732000,0.6524251384692124,-0.5120094426094057,10.719513945391201,1.6253010585200722,40.759632434072294,-133.69720873754179
222735000,0.6523223156497585,-0.5118815858980829,10.708548689673744,1.626975065647722,40.80057115052562,-133.68456605964073
222738000,0.6522608127361779,-0.5118633399907022,10.704461542780823,1.627599913697022,40.81091990611761,-133.67139072395668
222741000,0.6519571601130305,-0.5118308473175349,10.686752883452089,1.6303128056797511,40.847984701019705,-133.60079753893035
222744000,0.6521913615695732,-0.5119710987541298,10.70527663750365,1.6274752625892794,40.79144497412339,-133.64416723702257
222747000,0.6522407078735156,-0.5119595143177924,10.707446181899995,1.6271435709971003,40.789509416157124,-133.65725718391698
222750000,0.652317222376518,-0.5117902142467653,10.704409304188141,1.6276079031128712,40.8232473567417,-133.69212458844103
222753000,0.651950781112868,-0.5120320977203487,10.694903658411363,1.6290630155488928,40.799760715617204,-133.5799347585954
222756000,0.6520834337828948,-0.5120528481627552,10.702920037551726,1.6278357059427266,40.781986163508556,-133.61012119178292
222759000,0.6521649260371681,-0.5117887983491225,10.696148379391206,1.6288723267522172,40.8382397074702,-133.6552781017231
222762000,0.6521788443726144,-0.5115513915057196,10.686881260779654,1.6302931061758845,40.894572783955184,-133.68147519399835
222765000,0.6520607245062353,-0.5119851398527415,10.698834877487526,1.6284609131082588,40.80059519630521,-133.6111175271031
222768000,0.6521847200493647,-0.5119365922159895,10.703459383922588,1.6277531984677942,40.80045803610932,-133.645873939909
222771000,0.6522689201524906,-0.5118634594925717,10.70490348828306,1.6275323253148892,40.81011081825905,-133.67334752108385
222774000,0.6523848354694541,-0.51174658817872,10.706208952562786,1.6273327086420617,40.827333689159836,-133.71274579338234
222777000,0.6522873208348053,-0.5121820125640568,10.71938693636414,1.625320428534104,40.73104323543666,-133.647149243829
222780000,0.652462858475595,-0.5119308754850089,10.718221176886766,1.6254982389262593,40.77506677336987,-133.7139368807236
222783000,0.6522581076554379,-0.5120546567163261,10.71241234202326,1.6263848279799653,40.76474814472222,-133.65232368131822
222786000,0.6525970657193696,-0.5116914663875337,10.715327708784132,1.6259397410721923,40.82027064860564,-133.76961700720088
222789000,0.6523119094361179,-0.5121817259583956,10.720703001659498,1.6251197392475643,40.728744751065086,-133.65314010403586
222792000,0.6522425426930808,-0.511843410376571,10.702634569648687,1.627879379300474,40.81751614320384,-133.6688723935579
222795000,0.6522270382367983,-0.5122503087592353,10.71902780148335,1.6253752023254604,40.72028616853612,-133.62595632779872
222798000,0.6526188615676233,-0.512007975369181,10.72992724072088,1.623714511460913,40.74130278203674,-133.74436772662227
222801000,0.6521828569830554,-0.5120779125215231,10.709338440349963,1.6268543830582505,40.76634672585352,-133.63183009158212
222804000,0.6520886671544207,-0.5120296575094798,10.702221164808243,1.627942629727894,40.787109223874374,-133.6136194873791
222807000,0.6523728330755726,-0.5121087282442117,10.720898263505715,1.6250899676335997,40.740582065683604,-133.6749497829061
222810000,0.6522655975125086,-0.5120118319792721,10.71100284449526,1.6266001025866306,40.77441812750309,-133.65826271384574
222813000,0.6521409449112507,-0.5120578419557049,10.706229672535025,1.6273295407766972,40.77524633752233,-133.62359283914628
222816000,0.6520565836433119,-0.5121473722146421,10.70547250408322,1.627445311885971,40.76163999970418,-133.5945249674972
222819000,0.6520928717791941,-0.5121431835658546,10.707250655424206,1.6271734585745148,40.75916803706313,-133.60372779366963
222822000,0.6521564604976571,-0.5121155832492961,10.709510082999131,1.6268281565489096,40.75974789557228,-133.62180391677796
222825000,0.6523438286500216,-0.5119653303304406,10.71325442105726,1.6262562432924739,40.77817163886451,-133.68172481856791
222828000,0.6520752730927188,-0.5122172648109821,10.709438508144789,1.6268390928802985,40.742896286841344,-133.59233921151866
222831000,0.6523714947161858,-0.5122952314353707,10.728742430622082,1.623894869920378,40.69548066658877,-133.656652294088
222834000,0.6522243621924059,-0.5121201824939726,10.713367330256114,1.6262390037129086,40.75209999039867,-133.63783128048468
222837000,0.6522050914860728,-0.5119384150494594,10.704634022380743,1.6275735350754745,40.79805643575284,-133.65064284553577
222840000,0.6521117548365942,-0.512377701141474,10.718206542358848,1.625500471342372,40.700500423548824,-133.58575503915216
222843000,0.6523812036834166,-0.5122500329056187,10.727347832453837,1.6241072149938853,40.705503736955386,-133.66336275918897
222846000,0.650691045932009,-0.5116635689068922,10.61218624988416,1.6418363129838853,41.00939843015005,-133.3094759310866
222849000,0.6522906537494401,-0.5120017480388692,10.711927507826863,1.6264588709634518,40.77445332935921,-133.66531352428328
222852000,0.6521129510534369,-0.512357247060555,10.717403553379942,1.6256229722869011,40.705342093869895,-133.58801228625094
222855000,0.6521708499360604,-0.5120450655676756,10.707300773261883,1.6271657976106053,40.77547018181468,-133.6320764738651
222858000,0.6514048516490346,-0.5122773240155185,10.675943359819625,1.631973241783756,40.7926043208503,-133.42409555011292
222861000,0.6522879517663938,-0.5120579068682023,10.7141603982702,1.6261179241816957,40.7610868106834,-133.65925159469342
222864000,0.6521727531793973,-0.5123776744825852,10.721499514221346,1.6249983016832326,40.69463818456029,-133.60053942241058
222867000,0.6521084576334616,-0.5121919928079679,10.710157417630386,1.626729253285606,40.74583356521487,-133.60281487906084
222870000,0.6520924206990002,-0.5123179550767414,10.714629541407758,1.6260463075236784,40.716839212786546,-133.58681535451902
222873000,0.6521567690062476,-0.512111062078299,10.709335291594087,1.626854864187128,40.76081484185288,-133.6223135662742
222876000,0.6520953595190465,-0.5123592823602314,10.716540344659812,1.6257546807806476,40.70654074064091,-133.58355339844388
222879000,0.6521454292166887,-0.5120303359270391,10.705307526305793,1.6274705391916824,40.78148829739631,-133.62732547742755
222882000,0.6521509717565392,-0.5124645740124346,10.724011737754804,1.6246154033231237,40.6756786166425,-133.58689903552917
222885000,0.6524428261758276,-0.5120846337276761,10.723658920457172,1.6246691667405657,40.73968186874514,-133.69425307224228
222888000,0.6523193801895163,-0.5122587462525411,10.724374984157485,1.624560054413916,40.709348280187875,-133.647532752106
222891000,0.6522888039488579,-0.512282134007987,10.72371505856936,1.6246606119984577,40.70662317328862,-133.63786675720416
222894000,0.6523619933894056,-0.5124000181182318,10.732681469072839,1.6232954025481574,40.67099650949708,-133.6442488185886
222897000,0.6522380210485671,-0.5123577325377192,10.724179642841237,1.6245898186674195,40.693188396371895,-133.61827679808192
222900000,0.6523272059245049,-0.5122034824975191,10.722452530465263,1.6248530272357637,40.72199503924076,-133.6547540965529
222903000,0.6520564558189614,-0.5124348074313656,10.717643774667204,1.6255863230997836,40.691981727218455,-133.56686442147455
222906000,0.6522604769195798,-0.5123401576480615,10.724647205580382,1.6245185777245286,40.69528574864625,-133.62541187948665
222909000,0.6523880083287674,-0.5122552781146987,10.727938642166915,1.6240172500011538,40.70357600478796,-133.66450716773576
222912000,0.6523726917734228,-0.5123611983993519,10.731610294657095,1.6234583765876944,40.67937396204599,-133.65058386901728
222915000,0.6520526811457239,-0.5125675908717152,10.723075660279004,1.624758053600939,40.66018269769972,-133.55318151714627
222918000,0.652187732529412,-0.5125003233823924,10.727517323295194,1.624081404913091,40.663480016405444,-133.59236338985676
222921000,0.6522664489116972,-0.5123874542983744,10.726978612402473,1.6241634427053897,40.683247546128996,-133.62230423911873
222924000,0.6522353940767867,-0.5123613362940761,10.72419066467852,1.624588139235474,40.69256791525406,-133.61729312746922
222927000,0.6522473151846641,-0.5125249437264437,10.731786645400366,1.6234315434128321,40.651778479216894,-133.6044254796613
222930000,0.652082435803706,-0.512578122222372,10.725130667368587,1.624444920886864,40.654770499977275,-133.55937387271865
222933000,0.652302166053339,-0.5126439539670543,10.739820521383493,1.6222100676548932,40.61767062358421,-133.6062420650133
222936000,0.6522602149041289,-0.512522149725482,10.732365890961297,1.623343412831295,40.65121265799573,-133.60781934655154
222939000,0.6519260316328331,-0.5125523780927683,10.715592686520766,1.6258992992273116,40.676039885473564,-133.5239750831025
222942000,0.6519773974156592,-0.5126518178291135,10.72258598968795,1.6248326852602788,40.647028287487224,-133.52685569071807
222945000,0.6522539515613855,-0.5125591784095282,10.733601676676258,1.6231554235859122,40.64284700650419,-133.60273509637202
222948000,0.6522399754676143,-0.5125671022128465,10.733182258310222,1.6232192211291385,40.64227420212757,-133.59858680778328
222951000,0.6521146164082658,-0.5125050913074114,10.723767796484996,1.6246525754858412,40.66936184324117,-133.57419357632114
222954000,0.6520981453520219,-0.5126375496495834,10.728505163600792,1.6239309928707795,40.63886974734101,-133.55746015582412
222957000,0.6523487772375831,-0.512449973066144,10.734090190764999,1.6230811222629593,40.66016482359995,-133.63623073972525
222960000,0.6522429242024314,-0.5123343206865599,10.72345073686785,1.6247008920895687,40.698390749758715,-133.62171943035037
222963000,0.6522793795109421,-0.5122744698785744,10.722880437077242,1.6247878071294573,40.709388918868406,-133.63632003206146
222966000,0.6517543046489018,-0.5123466316284042,10.69762873982967,1.6286455967364,40.74235685651273,-133.50212652186434
222969000,0.6523595895540909,-0.5125277616717597,10.737985153751435,1.6224889556583475,40.640275940762756,-133.63135110110576
222972000,0.6524039745589962,-0.5122043818992743,10.726640854848348,1.62421488248204,40.71437927968085,-133.6732849847027
222975000,0.652264558485865,-0.5122001923302492,10.71892857037865,1.6253903373028198,40.72882618318377,-133.63987869219096
222978000,0.6522652490918508,-0.5128295794974722,10.745728636574382,1.6213129696061603,40.57629622178887,-133.57941299380758
222981000,0.6523057899892508,-0.5124772780796993,10.732924381787377,1.6232584491106083,40.657692018067635,-133.62318354674542
222984000,0.6524045563235026,-0.5124065690342001,10.735264391227881,1.6229025582895216,40.665305218532055,-133.65393253170475
222987000,0.6522186831649536,-0.5122276645539162,10.717616356107385,1.625590506108764,40.72658067855037,-133.62611009946352
222990000,0.6520194475364981,-0.512554060240139,10.720706191729228,1.625119252848184,40.66665494042855,-133.5464346760657
222993000,0.6522756939038112,-0.5124729764107027,10.731112806771057,1.6235340781399965,40.661633996053794,-133.61630638314668
222996000,0.6523692843721004,-0.512308542016949,10.729188321300864,1.6238269892169064,40.69246675345185,-133.65483349323642
222999000,0.6524751522249159,-0.5124545361300765,10.741130397795022,1.6220110879492653,40.646870723782946,-133.66641374219927
223002000,0.6519812271985423,-0.5125394695927444,10.718023545663009,1.6255283869932007,40.67386224114996,-133.5385815107096
223005000,0.6521757568838787,-0.512463972367558,10.725325692616853,1.6244152101078475,40.67343895536201,-133.59296148825118
223008000,0.6524065947390121,-0.512429496491497,10.736350038565561,1.6227374958941785,40.65955226137495,-133.65221553199294
223011000,0.6522585309985073,-0.5124419273981304,10.728864697426157,1.623876255920114,40.67081008748697,-133.61513889441304
223014000,0.6520596297472622,-0.5124440728068406,10.71820815995002,1.625500224587503,40.689431865423686,-133.5667424619305
223017000,0.6522751339484805,-0.5125167026187445,10.73294166664373,1.6232558196918863,40.65109485685127,-133.61195807586802
223020000,0.6525923933761527,-0.5124367650327034,10.746732066410939,1.6211607059937985,40.63985842415816,-133.69654247147258
223023000,0.6523226276929327,-0.5124426432282396,10.732363040733318,1.6233438464619647,40.66446127327673,-133.63060090292188
223026000,0.6522654101400605,-0.5125235262566228,10.73270558252976,1.6232917341792505,40.65037872521575,-133.60894520001372
223029000,0.6522687001008473,-0.5126512278969994,10.73831723589134,1.6224384879471265,40.61913471249656,-133.59743771929044
223032000,0.6524060380863111,-0.5126562039245941,10.745973445952783,1.6212758188125307,40.60468750187311,-133.63021295524737
223035000,0.6525541861343479,-0.5124649375501977,10.745859382796658,1.6212931281361873,40.636720827652745,-133.68456209594171
223038000,0.6522733284657465,-0.512353002363655,10.725887350237446,1.6243296514531078,40.6909347474645,-133.6272897906037
223041000,0.6519565955063651,-0.512696650936478,10.723366639297158,1.6247137081724696,40.63817566524478,-133.51751106495405
223044000,0.6522870368732271,-0.512690276961749,10.740973492539668,1.6220349204120712,40.60791311974083,-133.5981139574293
223047000,0.6523596886290631,-0.51243608289744,10.734090205064858,1.6230811200880995,40.662478813370825,-133.64021371883945
223050000,0.6523606546544829,-0.5125466173304054,10.738845414831916,1.6223582251897481,40.63560565024964,-133.62979106854732
223053000,0.6521248162784603,-0.5127368400656508,10.734170737001394,1.6230688721108935,40.61226749685372,-133.554360533834
223056000,0.6522802232010589,-0.5125819905352246,10.735994434511543,1.6227915584139472,40.634790775175205,-133.6069000589109
223059000,0.6523077770617612,-0.5125492510643396,10.736093395037193,1.6227765130725773,40.64006506812106,-133.61672882554174
223062000,0.652357308738251,-0.5126254734059372,10.742021826998284,1.6218757013949978,40.6168293745877,-133.62137684556643
223065000,0.6522086708878855,-0.5128466353767758,10.743388285441908,1.621668213375639,40.57762177223022,-133.5640790266625
223068000,0.6520768717711682,-0.5127905765803463,10.733862806504892,1.6231157057829044,40.603877408432524,-133.5375856534823
223071000,0.652538973681078,-0.5126982464438081,10.75498299966036,1.6199097700558345,40.58167394536075,-133.6583440270641
223074000,0.6522513057009536,-0.5126780574553377,10.738517281054587,1.622408087887441,40.61431493830692,-133.59064094793575
223077000,0.6522045111862489,-0.5128246848328961,10.74222737601981,1.6218444866815853,40.5833338530182,-133.56518738275943
223080000,0.6521124000230768,-0.5127237316714184,10.732941104581197,1.6232559051942124,40.616635353679825,-133.55261708991313
223083000,0.6523453477514646,-0.5125526375728495,10.738272410216773,1.6224453000814796,40.63562319625788,-133.62550285704287
223086000,0.652307894692134,-0.5126970300653042,10.742391583082648,1.6218195510316888,40.604267586929495,-133.60251266542042
223089000,0.652240060847396,-0.5125325635352741,10.731718101987655,1.6234419727351392,40.65063151504614,-133.60193433927975
223092000,0.6521677314529546,-0.5125557847458868,10.728792646280068,1.623887224994919,40.65197192828589,-133.58217972286906
223095000,0.6523289760989232,-0.5126214492014892,10.740314920576148,1.6221349590877083,40.620535750653914,-133.61490365999893
223098000,0.6523800900333896,-0.5124490093406336,10.735744669795094,1.6228295323285746,40.657379587925206,-133.64391114338753
223101000,0.6521693037363177,-0.5124805563682869,10.725681272779527,1.6243610426775288,40.67004246191921,-133.58980189487153
223104000,0.6520476878143495,-0.5125005859490279,10.719961401552201,1.6252328211374403,40.67689054080191,-133.55841564116884
223107000,0.6524239229457041,-0.5125437495459809,10.742152121201032,1.6218559147528175,40.630198314009526,-133.64539372110434
223110000,0.6524796596891145,-0.5124302274579731,10.740339886063081,1.6221311665441256,40.65232670701345,-133.66985182079807
223113000,0.6523364731822356,-0.5124083430111591,10.731654164410319,1.6234517013710388,40.67143877936822,-133.63726166112124
223116000,0.6521200132432874,-0.5127717092278921,10.735394724135727,1.6228827406264918,40.60429086852295,-133.5498414990012
223119000,0.652450199032088,-0.5127077998184887,10.750569738185472,1.620578630082645,40.5879328417325,-133.63592673062067
223122000,0.6525823242083869,-0.5127438716577689,10.759287178453915,1.6192579753965024,40.5664385357358,-133.66443210253485
223125000,0.6524168036909183,-0.5127255293697789,10.749513365486976,1.6207388127802553,40.5868634583725,-133.62613041667447
223128000,0.6522697452288624,-0.5129882362665417,10.752741622165797,1.6202493969665919,40.53748084409577,-133.56520457156233
223131000,0.652443438251099,-0.5128098107709947,10.754555835517518,1.6199744855050648,40.56389131203393,-133.62444297616804
223134000,0.6525607226414663,-0.5127026037166297,10.756350707858939,1.6197025968800314,40.5785178281339,-133.6631893905151
223137000,0.6524072205344148,-0.5128488642461658,10.754256012302836,1.6200199118767493,40.55793584364698,-133.6119082142491
223140000,0.652234658322739,-0.5131468963006107,10.757613657503471,1.6195113391631168,40.502502541471074,-133.5414221055215
223143000,0.6522475117545838,-0.5129040540972081,10.747942644623956,1.6209770472034666,40.5599868251289,-133.5679425787994
223146000,0.6524091481136024,-0.5128288129545692,10.753504721180196,1.6201337516100702,40.56260223543227,-133.61430990034356
223149000,0.6523199276499012,-0.5128025387503962,10.747541236792443,1.6210379408136832,40.57756826953314,-133.59525223430805
223152000,0.6521663780157883,-0.5130237065068375,10.748646375901512,1.620870302166858,40.53886636532148,-133.53678848151367
223155000,0.6513993457175565,-0.5132075634988649,10.7149976989429,1.6259901111696347,40.56810904565085,-133.33376745861963
223158000,0.6522614320054753,-0.5130211083903242,10.753693894366181,1.6201050855445256,40.5303326951815,-133.56002438866113
223161000,0.6522437539267955,-0.513102809385856,10.756223758241942,1.6197218242964186,40.512282864999726,-133.54787195449055
223164000,0.6521205598728581,-0.513068531814923,10.748073949422182,1.6209571292476537,40.53244217887717,-133.5213922770479
223167000,0.6516079484177159,-0.5132651511922863,10.728703565383462,1.623900786886375,40.53420773443522,-133.3786279274911
223170000,0.6524367373124316,-0.5130611173178179,10.76493127074105,1.6184040703721827,40.50374045018778,-133.5985565268316
223173000,0.6523547176532573,-0.5129078007561252,10.753920988835818,1.620070674479706,40.5487417746181,-133.59351719472227
223176000,0.652368652747896,-0.5129176201296837,10.755097061798212,1.6198924904973466,40.545021585312504,-133.59594108309588
223179000,0.6521290004805984,-0.513104088981085,10.750049316815499,1.6206575400229348,40.52303331499828,-133.52000771856837
223182000,0.6525116270152413,-0.5130695812121161,10.769369172425773,1.6177332861587215,40.49445871254384,-133.6158491717318
223185000,0.6523940571649764,-0.5129240567710859,10.756751977660535,1.6196418247440605,40.541012705224134,-133.60146596506
223188000,0.6522698992072853,-0.5128334453110095,10.746145635514516,1.6212496893867914,40.574912513348174,-133.58016558552927
223191000,0.6522065372749859,-0.5131239637899578,10.755106442796873,1.619891069362855,40.51075708910956,-133.53683556701773
223194000,0.6524485465948282,-0.5129892895701748,10.762501607578931,1.6187715478034495,40.519971793335145,-133.6083494032779
223197000,0.65252950964357,-0.5128695911980492,10.761787389950834,1.6188796023701155,40.541111042051455,-133.6395000309839
223200000,0.6522010598871884,-0.5128445152535747,10.742885402334606,1.6217445667835637,40.57886805315856,-133.56244174830493
223203000,0.6523138307044174,-0.5130782570009719,10.758981595396326,1.6193042334040513,40.51145986032005,-133.56718260560518
223206000,0.6523105095463083,-0.5131498834840025,10.761863449929761,1.6188680945056588,40.49446405643789,-133.55946889827914
223209000,0.6523778749556436,-0.5130655292657543,10.761918675636267,1.6188597389666022,40.50835688936698,-133.58389666506858
223212000,0.6524134361810107,-0.5129052090784059,10.756999789483766,1.6196042960361814,40.543702151847675,-133.607973716472
223215000,0.6521854336023392,-0.5131529649229967,10.755199512994755,1.619876970224562,40.50578127673802,-133.5289389568898
223218000,0.6523278562044325,-0.5130263577194593,10.757525747088856,1.6195246506143859,40.522656436757615,-133.57558133891482
223221000,0.6524431776210332,-0.5130748424362706,10.765868863979088,1.618262307654438,40.49979945776093,-133.59878833474679
223224000,0.6526382037728463,-0.512942986886006,10.770842610906087,1.6175107007601428,40.51284356810365,-133.65870638522333
223227000,0.6520671079004244,-0.5131467392670038,10.748512515450603,1.6208906056193184,40.51868521620198,-133.500940026495
223230000,0.6523307366228138,-0.5130890070524162,10.760359931533662,1.6190956070747258,40.5072294721095,-133.5702329559372
223233000,0.6523266458021058,-0.5131600828330795,10.763177042345493,1.6186693740359306,40.490441527433944,-133.56238523642713
223236000,0.6524546480198635,-0.5129090458693528,10.759403365740503,1.6192403880999364,40.538794981634226,-133.61757446505885
223239000,0.6524124667378243,-0.5130702123018667,10.764000100808069,1.6185448865515837,40.50388486870402,-133.59180919962725
223242000,0.6523829960410654,-0.5129672886272598,10.757997878683552,1.6194531627215494,40.53162208553787,-133.59461760314878
223245000,0.6522783481159309,-0.5132206214783718,10.763140626830959,1.6186748823213704,40.48046996892077,-133.54487066737693
223248000,0.6525547140035097,-0.5130306856470987,10.770050086759637,1.6176304160082453,40.4997010777533,-133.63002914722597
223251000,0.6524095391230952,-0.5130323270526135,10.762220646405304,1.6188140529221353,40.51332921052792,-133.5947591801183
223254000,0.6523740501554426,-0.5130764842488911,10.762179167527382,1.6188203282301739,40.50607712859905,-133.58191434518884
223257000,0.6525978119140198,-0.513266060116708,10.78248761687539,1.615753703506134,40.43862514377692,-133.6176869399272
223260000,0.6525372043997082,-0.5130917234256503,10.771710072467682,1.6173796861611167,40.48663210966869,-133.6198942851472
223263000,0.6526689128812022,-0.5131636292393983,10.781972114038377,1.615831401536113,40.456505888175776,-133.64478611732952
223266000,0.6524100761249892,-0.5130206412805184,10.761750189717494,1.6188852308201065,40.51610353260845,-133.5960172919473
223269000,0.6523857588707831,-0.5130795100454243,10.76294524865927,1.6187044362664735,40.50421521735615,-133.58445341572
223272000,0.6525898759195093,-0.5132028580063004,10.779343448506632,1.6162277179285263,40.45466937766101,-133.62188268835624
223275000,0.6528212460645098,-0.5129621029580723,10.781640996494982,1.6158813124516365,40.49050007271397,-133.7011458473406
223278000,0.6522991706318718,-0.5132650830231406,10.766175737324723,1.618215914266132,40.4677168225228,-133.54561238812644
223281000,0.6525370708042175,-0.5131764465933241,10.775332497175414,1.6168328134581897,40.466160530908056,-133.61167162679908
223284000,0.6524824728458355,-0.5133112096260551,10.778134196314568,1.6164100989100019,40.438868063708924,-133.58544860501237
223287000,0.6527416588246854,-0.5132014563940984,10.787566715523058,1.6149885680079,40.44031717886854,-133.65871165498427
223290000,0.6522518582569846,-0.5133887234499872,10.76889565518688,1.617804831218703,40.44241347434005,-133.5222525319503
223293000,0.6525300872401655,-0.5133098008295222,10.780670039113913,1.6160276872864485,40.43460519708503,-133.5970899267402
223296000,0.652397871640146,-0.5135370718637128,10.78321311817974,1.6156443666134346,40.392492649823396,-133.5431868984313
223299000,0.6524577503406,-0.513220027892616,10.772878441140067,1.617203258546275,40.463292376891296,-133.58828597796733
223302000,0.6523138079385715,-0.5136386146091082,10.782988339896884,1.6156782403055967,40.37610349805353,-133.5130863819524
223305000,0.6524318466146095,-0.5134495323852043,10.781308233493613,1.6159314745102722,40.410347161745015,-133.55985012098984
223308000,0.6522410916624123,-0.51357733166217,10.776394173950681,1.616672603782119,40.39791422561627,-133.50145305479646
223311000,0.6524822338638749,-0.5133245050013876,10.778691396278612,1.6163260561619457,40.43567872366149,-133.58410573203304
223314000,0.6525000794486266,-0.5135861789086219,10.790902166431028,1.6144864977066131,40.37075642361309,-133.56311392256464
223317000,0.6524596585516598,-0.5133764814196926,10.779690172085115,1.6161754322431556,40.42530368258782,-133.5736278626362
223320000,0.6523284960069663,-0.5134935543788252,10.777562817961785,1.6164962892943755,40.40970092208601,-133.53064068701676
223323000,0.6525911712487049,-0.513421028808303,10.788779267300615,1.614806011861375,40.40182416502399,-133.601088192785
223326000,0.6525009155679229,-0.5135153582889947,10.787903912950712,1.614937796979108,40.38777399853739,-133.57016530176236
223329000,0.6523421070232799,-0.5134289776102146,10.775534834643336,1.616802277772955,40.42398037772294,-133.54016328888352
223332000,0.652499060663791,-0.5136092566723918,10.791838798710751,1.6143455669914075,40.36528412055022,-133.56063582101862
223335000,0.6526093180393515,-0.513356232445945,10.786986717144606,1.6150759044983023,40.41572186724718,-133.61174246149835
223338000,0.6525555860092871,-0.5134884830213695,10.789734409911986,1.6146622391802887,40.38897549230861,-133.58596667103683
223341000,0.6522987717687146,-0.5133947810633818,10.771708782909588,1.6173798809100721,40.43642310743634,-133.53299865398637
223344000,0.6524933103011816,-0.5137582767500735,10.79793649875822,1.6134286772199977,40.32987836940613,-133.5448324472
223347000,0.6526167985878958,-0.5136362974910469,10.799438608182575,1.613202970616487,40.347362657739566,-133.58643899579556
223350000,0.6526591966732666,-0.5135167792947585,10.796613514190256,1.6136275210320947,40.372113140131034,-133.60824882450487
223353000,0.6523966966373861,-0.5137527488922061,10.792418365293237,1.6142583746529227,40.34055524141905,-133.5220584578573
223356000,0.6525327170255973,-0.513813625485351,10.802476003483045,1.6127467657733086,40.31271257114235,-133.54898301896696
223359000,0.6526794303987808,-0.5137452130588973,10.807559630525231,1.6119838036568914,40.31500982114268,-133.59100503679608
223362000,0.6526662773939194,-0.5134865007332768,10.795698079090732,1.6137651391709706,40.37873977898107,-133.61289103052368
223365000,0.6525344747525537,-0.5137603533800853,10.800277271809735,1.613076980768362,40.32539409876944,-133.55456302702743
223368000,0.6526874167874502,-0.5138267867867242,10.811515687154047,1.6113905705459064,40.294554359605186,-133.5850267841913
223371000,0.6526045250877077,-0.5138181702545002,10.806602768001351,1.6121273564106389,40.3046638422995,-133.5658651069442
223374000,0.652856276297323,-0.5137087260365932,10.815679731243657,1.6107666213781782,40.30666726844343,-133.6372223592785
223377000,0.6524682388802031,-0.5138855711585381,10.802048100751255,1.6128110194228094,40.30159963312298,-133.52646950734663
223380000,0.6524541221847939,-0.5136856114646645,10.792667563399775,1.614220887186658,40.35120209940067,-133.54240536173455
223383000,0.6523872726921364,-0.5137697698026451,10.792635784170539,1.6142256677148619,40.337360059008425,-133.51813968822276
223386000,0.6525835837696001,-0.5135559223848942,10.794163663223406,1.6139958620225192,40.36998170432402,-133.5862012901886
223389000,0.6524099837957671,-0.5138118078931461,10.795685714344224,1.6137669981349845,40.325024091765926,-133.51955396588014
223392000,0.6523414764791198,-0.5136707610088738,10.785878673918658,1.6152427806256244,40.365673426506795,-133.51665815058104
223395000,0.6523295802116309,-0.5138442896256998,10.792690432134691,1.6142174470757258,40.32496175638926,-133.49702237375396
223398000,0.652575626399908,-0.5137195826576475,10.800772582055727,1.6130025811084177,40.33124831264201,-133.5684388036916
223401000,0.6524687001240621,-0.5137857836572318,10.797775149218575,1.6134529253305963,40.32562315577839,-133.53623427295955
223404000,0.6524186767047506,-0.5137892739819802,10.795190922187098,1.6138413906346711,40.32961904827724,-133.5238296174515
223407000,0.652296640407487,-0.5138633764033761,10.791712543556182,1.6143645625800775,40.3235414884985,-133.48723478652775
223410000,0.6524870779882826,-0.5137197737355647,10.795938378199489,1.6137290125224801,40.33977118331385,-133.5470535684134
223413000,0.6525247186224307,-0.5137722630746592,10.800256534910936,1.613080095770699,40.323464930160455,-133.55105664476997
223416000,0.6522744247921832,-0.5138618295443603,10.790432903631118,1.6145571147830067,40.32606043171085,-133.4820271452095
223419000,0.6524266599852327,-0.5141133205480211,10.80959386800839,1.611678703516347,40.250722095845475,-133.49441132792413
223422000,0.6526159645068306,-0.513966569182082,10.813632223095638,1.6110733637587527,40.26776598052819,-133.5542490399084
223425000,0.6527000185498623,-0.51365910237717,10.804975463668763,1.6123715507068046,40.33379703689707,-133.60431781927932
223428000,0.6522559033081835,-0.5140249583867477,10.796442244266318,1.6136532663957315,40.28852405777815,-133.4618049971701
223431000,0.6524599774020968,-0.5140793179955102,10.809951267139153,1.6116251118424765,40.255691899081775,-133.5057303324604
223434000,0.652621582731098,-0.5139397466836956,10.812782264218065,1.611200732666308,40.27368921862927,-133.5582024179439
223437000,0.6526960975227005,-0.5139333894073258,10.816593676905374,1.6106297386746098,40.268000680224475,-133.57678740060464
223440000,0.6524090269350502,-0.5141432205766107,10.809918624984515,1.6116300063554925,40.245223833484566,-133.48726986283066
223443000,0.6525121356425777,-0.5141417812059099,10.815506871915236,1.6107925133445642,40.2355908953067,-133.5122523397264
223446000,0.6526028867734319,-0.514019025803305,10.81518037005098,1.61084142114183,40.25638622351656,-133.54601392119673
223449000,0.6526679748110901,-0.5139662054516224,10.816468509799545,1.6106484837186206,40.262813574683655,-133.56682488790156
223452000,0.6524348585006889,-0.5143221682641028,10.819065458943681,1.6102596538567215,40.19962254072094,-133.47617439891965
223455000,0.652614278383916,-0.5140854651271255,10.818675565411025,1.6103180189020168,40.23926781879296,-133.54232221618034
223458000,0.6524614869276477,-0.5142311811302126,10.816592630663887,1.6106298953580735,40.218957244699816,-133.49139505186218
223461000,0.6526888807904903,-0.5142206944267116,10.828621258161192,1.60883052526389,40.199449638493114,-133.54718885931692
223464000,0.6525314665180252,-0.514317435943018,10.82416226970808,1.6094970777196973,40.19140673483114,-133.49989592182328
223467000,0.6525747117225549,-0.5141870016564225,10.820893836964796,1.6099860117147107,40.218634433167466,-133.5229492439306
223470000,0.6525062856240449,-0.5144897335606886,10.830239704191234,1.6085887285830713,40.1523676908822,-133.47714135331321
223473000,0.6527104855812573,-0.5142573704336673,10.831397009662224,1.6084158712326477,40.188518531725585,-133.54883593609068
223476000,0.6525174381794056,-0.5144769262603054,10.830297646680677,1.6085800732963917,40.15436947144068,-133.48106636369843
223479000,0.6525872009992011,-0.514254443689471,10.824496639712185,1.6094470751672996,40.20117751604245,-133.5194227071092
223482000,0.6526090112010665,-0.514593764345625,10.840400643833652,1.6070723426108646,40.117376527274025,-133.4917758818515
223485000,0.6525315511818379,-0.5144174002840946,10.828494519122529,1.6088494632202601,40.167330116762095,-133.49023114756557
223488000,0.6524543986497857,-0.5143054394196813,10.819413944049172,1.610207491029618,40.20175922494241,-133.4824990861122
223491000,0.6523416796468252,-0.5142860303528268,10.81239568671902,1.611258669155484,40.21734021715127,-133.4572338787561
223494000,0.6526372302474986,-0.5145058661074794,10.838139620923682,1.6074095223392217,40.13579104247543,-133.50709193916902
223497000,0.6526213892426975,-0.5143433800066222,10.830225031336104,1.6085909203878699,40.17644420866437,-133.51903564283572
223500000,0.6525944003170464,-0.5141541224170192,10.820552667171514,1.6100370654300535,40.224648643706004,-133.53087885205088
223503000,0.6525153397608555,-0.5142852318211422,10.821883761183658,1.6098378947348693,40.20072438087217,-133.49913177959053
223506000,0.6525301817015536,-0.5145162248638262,10.83270111877861,1.6082211316494766,40.14367686908936,-133.48032512622936
223509000,0.652587444853858,-0.5144436230705096,10.832702416975172,1.608220937816363,40.155600460465074,-133.50114454403882
223512000,0.6526647145781629,-0.5144213511198497,10.835986368705687,1.6077307624735524,40.15346884105343,-133.52190576615754
223515000,0.6525678175281855,-0.5144721956801722,10.832861732283389,1.6081971508789072,40.150625582951726,-133.4936503453156
223518000,0.6525027462745838,-0.5146457980578879,10.836811397504874,1.6076076625770475,40.115161292107594,-133.4611672555498
223521000,0.652616093713292,-0.5144305477254626,10.83371090567597,1.6080703750019447,40.15597035470321,-133.509308781888
223524000,0.6526517110740361,-0.5144491088549242,10.836474642668382,1.6076579064008336,40.148047894566716,-133.51608279911778
223527000,0.6523723786885264,-0.5144401877556432,10.820742476264192,1.6100086614028044,40.177258013764764,-133.4497108396463
223530000,0.6524052753419142,-0.5145484457434348,10.82723425464873,1.6090378023270768,40.148022548798984,-133.44714864403107
223533000,0.6525245078761237,-0.5145510427740347,10.833898586139398,1.6080423582755068,40.13584837721511,-133.47558554513498
223536000,0.6525499620360314,-0.5145263364896648,10.834226998094291,1.6079933356672367,40.139326437061335,-133.48410515965116
223539000,0.6524814684349475,-0.5144268520965493,10.826152955325098,1.6091994313972053,40.169906649354566,-133.47725953654398
223542000,0.6524788466656526,-0.514663460008866,10.836263103258815,1.6076894696927884,40.11322904342585,-133.4537072263946
223545000,0.6523706966150626,-0.5144885477213416,10.822742692386234,1.6097093996717382,40.16578235313402,-133.44462611557998
223548000,0.6526510555913988,-0.5143974153791755,10.834197396499244,1.6079977542245079,40.16055643700715,-133.52093894889728
223551000,0.6525937921294596,-0.5144191934376179,10.831992666571887,1.608326917303292,40.160866017583906,-133.5050408589306
223554000,0.6524073897500425,-0.5145091050221745,10.82564667795469,1.6092751192685448,40.15728386252444,-133.45146606534698
223557000,0.6524655230618635,-0.514547467337527,10.83050145667799,1.6085496294723176,40.14242361333399,-133.46173933173225
223560000,0.6525782087015692,-0.5144134067795508,10.830885358570923,1.6084922878197951,40.16376974137578,-133.50185026507745
223563000,0.6524831555679014,-0.5143959268070171,10.824906842117526,1.6093857366978024,40.177187747888034,-133.48066089926976
223566000,0.652222673184016,-0.5145216006521259,10.816054518628043,1.6107104862139876,40.172145879276606,-133.4058124398409
223569000,0.6525102739485429,-0.5145780207900886,10.834285697402073,1.6079845738379919,40.13073669079395,-133.4695463538206
223572000,0.652465532101581,-0.514525475714294,10.829549056638628,1.608691902771549,40.14771436818476,-133.4638716566207
223575000,0.6524069678028599,-0.5143838890583863,10.820204711046259,1.6100891380181426,40.187462128225796,-133.46348521598588
223578000,0.6523873552354248,-0.5144445068742697,10.821751025229633,1.6098577537074454,40.17476911819372,-133.45289744257838
223581000,0.6522698715542585,-0.5147085753084915,10.826735805231726,1.6091123048626779,40.12261125629746,-133.39908465840028
223584000,0.6526251370629367,-0.5147295821611257,10.847187473468372,1.6060610940256108,40.083141968836124,-133.48247951315156
223587000,0.6525026311225409,-0.5146053142477084,10.835049024107198,1.607870643593661,40.12491099431308,-133.46506275312308
223590000,0.6522806112866395,-0.5145014281799422,10.818358375205298,1.6103655037654265,40.171397819306584,-133.4217028583899
223593000,0.652406448746826,-0.5147170658829424,10.83460739937954,1.6079365562703845,40.10735052498074,-133.4311033950184
223596000,0.6525538733662184,-0.5146085216586259,10.83800672606862,1.6074293449750297,40.11917269837092,-133.47707941003705
223599000,0.6524630007884629,-0.5146471743458275,10.834685315420321,1.6079249268747335,40.1186813995971,-133.4514737806221
223602000,0.6523422783336831,-0.5146875031464114,10.829799078636366,1.608654551049697,40.1206721971858,-133.41853456534264
223605000,0.6523054076777459,-0.5147915331869695,10.832283434334455,1.6082834983488161,40.099228694053544,-133.399601554305
223608000,0.6523545902855491,-0.5147820847019827,10.834576805925119,1.6079411225570706,40.0967394024012,-133.41233923530052
223611000,0.6526664088366572,-0.5148450873076948,10.854486076135494,1.604975013729477,40.05136357501556,-133.48119307053332
223614000,0.6526243154637832,-0.5148323250638023,10.851609264101748,1.605402926435443,40.05851732638879,-133.47231234346663
223617000,0.6524438055023362,-0.514924169664245,10.84565554234289,1.6062892426951827,40.05394759593452,-133.42001933772383
223620000,0.6525729326264808,-0.5148421912175588,10.849205774328727,1.6057606100974284,40.061130846065275,-133.45900277386855
223623000,0.6526608806664977,-0.5147050796674343,10.848092297766383,1.605926370154211,40.08556640107169,-133.49345366085637
223626000,0.6528368796957178,-0.5148903856088991,10.865872746271213,1.6032835406584678,40.023912066875475,-133.5177733092964
223629000,0.6525143255172605,-0.514902281232748,10.848588842285155,1.6058524467586692,40.052371594107534,-133.43908819621944
223632000,0.6525071209266291,-0.5150269925750447,10.853617251762591,1.605104223289687,40.0231047788328,-133.42526338998982
223635000,0.652874006470384,-0.5149708443834927,10.87143534278106,1.6024585244230536,40.00096195437414,-133.51887279226858
223638000,0.6525838065829609,-0.5148844356672502,10.851642495052195,1.6053979821763507,40.04992152325332,-133.45751839990788
223641000,0.6526447135988885,-0.514926643222176,10.85683903001168,1.604625192576378,40.033866266883265,-133.46806093972884
223644000,0.6524952751056565,-0.5150067410406386,10.852082721491357,1.6053324860719336,40.02911863964004,-133.4243815057743
223647000,0.65271931143364,-0.5149607988737446,10.86244545222571,1.6037922838963423,40.01841362330433,-133.48267185304798
223650000,0.6525816187759199,-0.5150804179906728,10.860054427055909,1.6041473964554032,40.00304384740026,-133.43797550956575
223653000,0.6525671630290362,-0.514977193035672,10.854761060610027,1.6049341230177556,40.02924507169037,-133.44451929860168
223656000,0.6524365548516122,-0.5151330370776053,10.854342336784372,1.604996388874596,40.00447746483109,-133.39803271672224
223659000,0.6524214505772282,-0.5149534541442581,10.845697295273089,1.606283023619549,40.049077253541256,-133.41180993828092
223662000,0.6524977414303758,-0.5151955121576616,10.860439865156359,1.6040901409298511,39.983543258091046,-133.40666574495077
223665000,0.6523451902703814,-0.5149750676610853,10.842438036058489,1.6067686337571916,40.05127176059623,-133.39139419341376
223668000,0.6524123091504257,-0.5151487467894144,10.853689363828266,1.605093498155366,40.0030554777638,-133.39068803979467
223671000,0.6527536924862407,-0.5150973223289219,10.870299710886446,1.6026268864335473,39.9822710151134,-133.47766658432712
223674000,0.6524952142431606,-0.5150908992977848,10.855742826270923,1.6047881496518719,40.008909117094056,-133.41620559544788
223677000,0.6522387128103556,-0.5150826650705675,10.84125369707599,1.6069451661325649,40.035735826442505,-133.35540346037274
223680000,0.6522462254647817,-0.5151822559038448,10.845996388243687,1.6062384753006493,40.01109744771913,-133.34756840949967
223683000,0.6524753618659348,-0.5151107064250087,10.85551028223837,1.6048227229453047,40.006077387755326,-133.40951696168682
223686000,0.6528429253775521,-0.5148956858505808,10.866438025804511,1.6031996623657128,40.022050098823314,-133.51871131452307
223689000,0.6525304352304307,-0.5151315970359452,10.859459108530329,1.6042358370628629,39.99571871236209,-133.42071653798232
223692000,0.6522970258752268,-0.5152965710458374,10.853770229907632,1.6050814712188703,39.97874149762317,-133.34869245066238
223695000,0.652477974486503,-0.5150977470293316,10.855090077360263,1.6048852003500111,40.00893635559923,-133.4114010781599
223698000,0.6526597185042412,-0.5148720056272326,10.855288484665545,1.6048556999096313,40.04554212806563,-133.476971555442
223701000,0.6525223324554797,-0.5151358435495265,10.85919691021623,1.6042747923850968,39.995485035968905,-133.4183587315372
223704000,0.6524981914290664,-0.5152217112585475,10.861606755258427,1.6039168283387908,39.977209792413376,-133.40423232373973
223707000,0.6523933255174279,-0.5150168639238583,10.84690501569638,1.60610315523643,40.036568556428925,-133.398909113071
223710000,0.6525270572346493,-0.5150857792585517,10.857276630376813,1.6045601499999498,40.00705021498969,-133.42435019482795
223713000,0.6524958150378989,-0.5150892241381766,10.855703020960373,1.6047940675678194,40.009253179520826,-133.416512352369
223716000,0.6524668303889295,-0.5151163228038671,10.855284276514514,1.6048563255925847,40.0055558848563,-133.4069235210297
223719000,0.6524072550485494,-0.515336072154552,10.861572576090236,1.6039219042728057,39.95858084503597,-133.37131566354657
223722000,0.6526541505486981,-0.5151719792702076,10.868053707957252,1.6029599699222639,39.97401195970765,-133.44650554306543
223725000,0.6526839717801394,-0.5152118007028443,10.871440754095026,1.6024577222588452,39.96155311372858,-133.44979790108712
223728000,0.6526378120542333,-0.5151943556330182,10.868126945062915,1.6029491066286925,39.97022568520696,-133.4404090501766
223731000,0.6525221091512987,-0.5153618673515402,10.869042589005973,1.6028133012038392,39.94124994926163,-133.39637354356393
223734000,0.6526265636054009,-0.5152857943932235,10.87149646490009,1.602449463828318,39.94936597608044,-133.4288280163729
223737000,0.6524337940904491,-0.5153139388423127,10.86207256907399,1.6038476537348434,39.96131886611928,-133.37983031760362
223740000,0.6525463546199288,-0.5153231790149766,10.868693862685008,1.6028650204722017,39.948180945887344,-133.4059468593149
223743000,0.6523931069808191,-0.5154322993847018,10.864988867986387,1.6034147114688322,39.936865993283384,-133.358591470204
223746000,0.6526484687025541,-0.515331598920783,10.874708965229825,1.6019733951457318,39.93624418902315,-133.42963638519612
223749000,0.6526205102819149,-0.5153563099543815,10.874241655999743,1.6020426292702492,39.933029654883725,-133.42052619045552
223752000,0.6524645356840559,-0.5154019486641854,10.867610348535166,1.6030257367820808,39.93721947070203,-133.37867047288776
223755000,0.6522623367670488,-0.51548961472042,10.860269841530211,1.6041153968589308,39.935792346435726,-133.3216727668133
223758000,0.6525717118288498,-0.5155719813699154,10.880970124099553,1.601046352652436,39.88603283716706,-133.38787204486394
223761000,0.6527110088075941,-0.5154981504469676,10.885456611987577,1.6003827337398842,39.89020347243618,-133.42845528803423
223764000,0.6526708392350414,-0.515481808077782,10.8825153393113,1.6008177298246515,39.89802863838675,-133.42040801608118
223767000,0.6523515807600718,-0.5156251605256279,10.8711155420804,1.6025059325788633,39.89464517649923,-133.32993416413947
223770000,0.6526330812691525,-0.5155091797816352,10.88162132809121,1.6009499955671826,39.8951323181341,-133.40869100891607
223773000,0.6527004425673953,-0.5153285284938787,10.877451430618622,1.6015672065411326,39.93193080184168,-133.44240893171823
223776000,0.6524946682214527,-0.5154791415245903,10.87264720351921,1.6022789003006577,39.91577825998041,-133.37840875635004
223779000,0.6523942532906417,-0.5154023456352147,10.863745267120647,1.6035993028929751,39.943940437025404,-133.36177067198324
223782000,0.652473610317623,-0.5153748678520029,10.866929771601088,1.6031267024421392,39.942836502639146,-133.38347490430183
223785000,0.6527165584932126,-0.5152956627817181,10.876907159080364,1.6016478025762217,39.938253153798875,-133.44947161096067
223788000,0.6525906631057985,-0.515173942693288,10.864630917157092,1.6034678388209893,39.97970516500739,-133.431069776784
223791000,0.6524011681831591,-0.5153057870659914,10.859916209719726,1.6041679291714714,39.966438460992514,-133.37279109469003
223794000,0.6524056966922315,-0.5152631061698346,10.858305865184244,1.6044071908888515,39.976242844458284,-133.37801548628195
223797000,0.6526355880301858,-0.5152835015050173,10.871895457621086,1.6023903206392007,39.94903984111767,-133.43121692723417
223800000,0.6524866230388687,-0.5153947254367157,10.868515662595609,1.6028914504499072,39.93680954418146,-133.3846704464044
223803000,0.6526453384481465,-0.5152465253383993,10.870820176660946,1.6025497208787531,39.95696912438038,-133.43714912083158
223806000,0.652301097332255,-0.5154902719644208,10.862437758624205,1.603793426289145,39.93187968444915,-133.3309043000004
223809000,0.6522059505794761,-0.5153109436056283,10.849377069060203,1.605735112988464,39.984110715152944,-133.32544671019443
223812000,0.65252988623426,-0.5154325957010969,10.872561418101116,1.6022916142375059,39.92352534520704,-133.39137452990187
223815000,0.6528700054379847,-0.5153391383109768,10.887311033919016,1.6001085980100727,39.91289227625252,-133.4820763246194
223818000,0.6525151265797097,-0.5153166272175485,10.866682079978135,1.6031634514142132,39.9527840533502,-133.39908822774726
223821000,0.6521992003697465,-0.5155029748998263,10.857369380270073,1.6045463648313316,39.93870259961203,-133.3052390851887
223824000,0.6525887441773911,-0.5155023440728398,10.878867037395905,1.6013576207809956,39.901079190710085,-133.39872062508186
223827000,0.6526427516192425,-0.5155097668563371,10.882182690919842,1.6008669413966343,39.894051822746135,-133.41095345768665
223830000,0.6527391962811634,-0.5153748411643878,10.88162268864576,1.600949794261381,39.91704851293398,-133.44720768671712
223833000,0.6521687705313006,-0.5155488038837903,10.857689046219797,1.604498855556113,39.930660178718526,-133.29350661939375
223836000,0.6526857865965751,-0.515544637555604,10.886093779665526,1.600288531810517,39.88150538162317,-133.41788595647506
223839000,0.6526869100941791,-0.5156610933967449,10.89125771195321,1.5995254813691915,39.85347135597598,-133.4068327153457
223842000,0.653023882097574,-0.515393052621227,10.898215091644147,1.5984985746351221,39.88496402149306,-133.51375959775407
223845000,0.6522367916325741,-0.5158394689685001,10.874137102250158,1.6020581202359216,39.854419977604884,-133.28165593856943
223848000,0.6527718065944326,-0.5157242171243179,10.898738831417873,1.5984213243468957,39.83008064666537,-133.42104384249873
223851000,0.6526559930097424,-0.5156487453114986,10.88900177120267,1.599858741541299,39.859437605789154,-133.400621065334
223854000,0.6527835257872384,-0.5154134587519866,10.885769169717062,1.6003365223144714,39.90347024433026,-133.4540898656861
223857000,0.6523002673813287,-0.5158565672779192,10.87839625084456,1.6014273163461659,39.844171987698175,-133.2952021632132
223860000,0.6526454260277319,-0.5157648932533991,10.893506739381735,1.599193381035665,39.832624464326464,-133.38679677560575
223863000,0.652776628435276,-0.5158144661380728,10.902968891833813,1.5977976755095877,39.80798153946081,-133.4134158192166
223866000,0.6528490088042324,-0.5156258643149957,10.898711628753375,1.5984253364865624,39.84614595292501,-133.44912685622492
223869000,0.6524260304325095,-0.5157955055143051,10.882685528174811,1.6007925534779566,39.846600132672464,-133.33125202626783
223872000,0.6525182998760864,-0.5156534778609653,10.881578369709443,1.6009563516570722,39.871680557393006,-133.36715177836246
223875000,0.6528830686576289,-0.5158331877736968,10.909711251143111,1.5968046401283424,39.79312989453805,-133.4370992926075
223878000,0.6529060465149892,-0.5156370384644036,10.902371649478164,1.597885698918018,39.83791164753773,-133.4617161683388
223881000,0.6525165379910212,-0.5159657614242299,10.895165884851432,1.5989484736464492,39.79703122234895,-133.33639914948648
223884000,0.6525752824643991,-0.5158012892178393,10.89121110806024,1.5995323645481994,39.83072060904031,-133.3664508103473
223887000,0.6527372076738649,-0.5158825732190098,10.903769389015435,1.5976797110340533,39.79549971671129,-133.3973419583585
223890000,0.6528420622358315,-0.5158852441711582,10.909718258627246,1.5968036086884794,39.78465127141309,-133.42220270774968
223893000,0.6528915471944039,-0.5157054167140926,10.904568112243169,1.5975620253837495,39.82292904395406,-133.45157883272933
223896000,0.6525398137691948,-0.5158839945387319,10.892870232395634,1.5992873561564538,39.81435302988139,-133.3499176138391
223899000,0.6528851161074287,-0.5158682644672895,10.911367646716398,1.5965608704749013,39.78452531290952,-133.43417236906708
223902000,0.6529100448526879,-0.515737547014402,10.907008399587712,1.5972025757204849,39.813424410556614,-133.45288305679907
223905000,0.6529235567746549,-0.5156130463771651,10.902291770912022,1.5978974724032446,39.84195938819032,-133.46825253294975
223908000,0.6524642752672467,-0.5158904558282704,10.888964349924915,1.5998642707957198,39.820142112347334,-133.33119664900988
223911000,0.6529447551963286,-0.515884288146964,10.915393386976824,1.5959687183683857,39.77487354366872,-133.446900529507
223914000,0.6529381631261213,-0.5158573477660351,10.913840809605171,1.5961970370881873,39.78197143395733,-133.44794713905054
223917000,0.6533012345454212,-0.5156388892557443,10.924464114663744,1.5946361046006852,39.798908054385905,-133.5563140665655
223920000,0.6527061856741774,-0.5160747575787351,10.910492947239533,1.596689589595846,39.75249277761561,-133.37120916538925
223923000,0.6529549982990555,-0.5160137559271605,10.921665317945154,1.5950470479355507,39.742860604817785,-133.4367310906976
223926000,0.6531084339073934,-0.515979769636802,10.92872736778837,1.5940105451292816,39.73602968906194,-133.47679924487574
223929000,0.6533413841525275,-0.5157205753411731,10.930305792991296,1.5937790630572093,39.775391994083854,-133.5579578701126
223932000,0.6528003450878083,-0.5162384172601572,10.922944888754856,1.594859144024555,39.70415207135844,-133.37780966024926
223935000,0.6531704333987731,-0.5161177894031848,10.938283882307964,1.5926100766870654,39.69691798830866,-133.4781676258649
223938000,0.6532279308665561,-0.5162360521613641,10.946729772374322,1.591374418369943,39.662984973202846,-133.4803737314778
223941000,0.6532104725131006,-0.5160046843491605,10.935526701395077,1.5930138770214552,39.72009432182899,-133.49880916476403
223944000,0.6526996116890617,-0.5162805604806849,10.919188427445102,1.5954109034387012,39.70387915905464,-133.34960330670535
223947000,0.6527801722867792,-0.5161468337464473,10.917784772829354,1.5956171743746173,39.72803549806638,-133.3819031177763
223950000,0.6529313185897206,-0.5161613871076799,10.926852876903405,1.594285533965218,39.70982133596315,-133.41666447631664
223953000,0.6530646413959453,-0.5159585446567442,10.92534739177894,1.5945064583579422,39.74538913574629,-133.4683802609437
223956000,0.6526502613496429,-0.5161888350562394,10.912400849006202,1.59640885318796,39.730629586764216,-133.34672234165254
223959000,0.652773420946924,-0.5161687357176906,10.918373438878893,1.5955306617554246,39.72345075603172,-133.3781540205486
223962000,0.65300577869573,-0.5162336050559786,10.934197401551003,1.593208631751065,39.68527160613328,-133.4274412629506
223965000,0.6529296424768102,-0.5161496641149177,10.926242307805682,1.594375125329126,39.71279104415526,-133.41740647257265
223968000,0.6528831109331338,-0.5163198490125065,10.931155151621672,1.5936545292751485,39.67660125187609,-133.3896755723809
223971000,0.6524305071757178,-0.5162323231122792,10.902095679976847,1.5979263754341353,39.74158697988115,-133.2899143419015
223974000,0.6530619402245355,-0.5162478726760861,10.93796614388459,1.592656600302915,39.67637456019348,-133.43948953298943
223977000,0.6529485217103649,-0.5161984961974145,10.929450146582141,1.5939045384958874,39.6992609784889,-133.41716293878773
223980000,0.6531777491139283,-0.5160951037359571,10.937690704942671,1.5926969325869438,39.70163551349221,-133.4821360721408
223983000,0.6524710310591553,-0.5163415722081955,10.909152421734527,1.5968868991913245,39.711518476867354,-133.28899353830565
223986000,0.6529912474144558,-0.5163255657943367,10.937448094322194,1.592732459545326,39.664684436950935,-133.41498904200253
223989000,0.6529402547600998,-0.5163212960224889,10.934410209622259,1.5931774501887093,39.67068168565494,-133.40320569633897
223992000,0.6533277619739754,-0.5160055495389979,10.942124422588737,1.592047955979408,39.70841963825565,-133.52682244558082
223995000,0.6526222633335897,-0.5163731520750603,10.918960127761018,1.5954444490680864,39.68925997417496,-133.3220900239187
223998000,0.6530183457807339,-0.5162336100109153,10.934899714954293,1.5931057303881015,39.68404387961913,-133.43044846715827
224001000,0.652857871947487,-0.5162421419386117,10.926317342790743,1.5943641145869323,39.69765468377102,-133.39121252899366
224004000,0.6533577140431925,-0.5161068994203982,10.94828316309023,1.5911473620965844,39.681212741986194,-133.5240809319347
224007000,0.6526471155535869,-0.5164670843322353,10.92448715642472,1.5946327222930237,39.664380625427576,-133.31889068338654
224010000,0.6530604247231604,-0.5163093470971366,10.940598650869042,1.5922712279217157,39.66181157699698,-133.43312407622054
224013000,0.6531282853472988,-0.5163676295477122,10.946973828357525,1.5913387408515975,39.64123806580901,-133.4436670805193
224016000,0.6533266630216997,-0.5162855105693316,10.95445107368487,1.590246450717634,39.64148897352401,-133.4991675630014
224019000,0.6527814809848722,-0.5164561595978333,10.931500778894781,1.5936038586572794,39.65390603234539,-133.35208079841155
224022000,0.6529384822625975,-0.5162408695151864,10.930759847844008,1.5937124866685939,39.690099019239376,-133.41062704517012
224025000,0.6531492560776198,-0.5163981124938394,10.949497533911554,1.5909699049853745,39.631896194987924,-133.44570488997863
224028000,0.6533396258735046,-0.5162750979623785,10.954716511903179,1.590207702637501,39.64271253803156,-133.50328924614274
224031000,0.6527147759766869,-0.5164645407609103,10.928148338972322,1.594095478818054,39.65840069493036,-133.33531500077999
224034000,0.6527371706876604,-0.5164123250096457,10.927092969802477,1.5942503068931626,39.668705024541254,-133.34575581850797
224037000,0.6530473382033332,-0.5165478232107839,10.95042016022411,1.5908351072967541,39.60605120607807,-133.40670297015814
224040000,0.6533498207658776,-0.5163712480445967,10.95955006079939,1.5895024429677336,39.61870458154864,-133.4963173397346
224043000,0.6529509188280564,-0.5165575575220884,10.94545371816811,1.5915609854956747,39.6131386801323,-133.38270161148483
224046000,0.6527493373457505,-0.516430103147976,10.928556400604124,1.5940356221659355,39.663268505929786,-133.34693344907092
224049000,0.6531353886923744,-0.5164806837027215,10.95237801940231,1.5905491357231822,39.61350179335073,-133.43431750140988
224052000,0.6531993327569187,-0.5164920353570102,10.956465093398764,1.5899524959188858,39.60453532842242,-133.44849996080652
224055000,0.653243348712629,-0.5162765776718246,10.949386749484056,1.5909860923689834,39.65177756319605,-133.48010119109213
224058000,0.6527413110389422,-0.5165889032403964,10.935122771978897,1.5930730513690128,39.62608755136329,-133.32954290764673
224061000,0.6531249101380784,-0.5164654921403652,10.951117981688645,1.5907331692929128,39.61815907127099,-133.4332962562453
224064000,0.6531235354920658,-0.5164648409776188,10.95101213512185,1.5907486305535887,39.61844914777973,-133.43303113235632
224067000,0.6536585690899326,-0.5164079243324294,10.978530736704654,1.5867390438220377,39.57966297717981,-133.56660131272596
224070000,0.6526980739993268,-0.5166862030053129,10.937009414285658,1.5927967021839082,39.60705006700696,-133.30973137632137
224073000,0.653146145996049,-0.5165880271712495,10.957739330873776,1.5897665717834952,39.586783578934075,-133.4263963206016
224076000,0.6531089118040843,-0.5166507200813494,10.95843217623813,1.5896654969363389,39.575437650533054,-133.4113672519962
224079000,0.6532852482027169,-0.5162762048059865,10.951717625854569,1.5906455835281297,39.647768531727955,-133.4901658120009
224082000,0.6527634791330292,-0.5168950708128128,10.94991395981368,1.5909090614291952,39.550791352435496,-133.30499488328314
224085000,0.6529443604326347,-0.5166365438456034,10.94858417730106,1.5911033709161173,39.59489919032116,-133.37342427740046
224088000,0.6532057492349549,-0.5167872514577947,10.969930334483434,1.5879899827749389,39.53334146624539,-133.4211549012129
224091000,0.6533244013654611,-0.5166292505731316,10.969575199732953,1.5880416800800399,39.55948736334691,-133.46497711543876
224094000,0.6527602319994598,-0.5169951863995839,10.954171602651462,1.590287249323329,39.52720935934973,-133.2944569024697
224097000,0.6528507540972422,-0.5169005355846854,10.955043785152435,1.5901599306237368,39.54097339853463,-133.32529928479659
224100000,0.6531727077355599,-0.5170040223632714,10.977715900839222,1.5868574779298217,39.484805059108155,-133.39205185928077
224103000,0.652948402743402,-0.5169632627479267,10.963302964128406,1.5889552919878676,39.516464664520136,-133.34248857645917
224106000,0.6532779800129588,-0.5169443385640712,10.980981318966945,1.58638296536785,39.48874958677208,-133.42302997020116
224109000,0.6531269231568022,-0.5170506706415638,10.977217699861052,1.5869298987787968,39.478149482640255,-133.37655841960597
224112000,0.6528618521686584,-0.5170312852419844,10.96146941497517,1.5892225653461902,39.508679095603654,-133.31518786462223
224115000,0.6531019518049682,-0.5170479974469531,10.975694562666286,1.5871513503179824,39.481230213956366,-133.37085962848766
224118000,0.6530081727834952,-0.5168993555482336,10.96381792503103,1.5888802432224622,39.525884128667904,-133.36300218425765
224121000,0.6530205306210496,-0.5169839149850367,10.96826914372899,1.5882318329373903,39.504487486627035,-133.35768952666683
224124000,0.6528336110700699,-0.5171911315565578,10.966988393916093,1.588418345737106,39.47329804273329,-133.29284669939116
224127000,0.6528897872215611,-0.5171442021668994,10.968054961959957,1.5882630207023942,39.479008193142704,-133.31082923873728
224130000,0.6527917240957056,-0.5169999260822646,10.956146119511349,1.5899990442599847,39.52300652225416,-133.3015108413637
224133000,0.6528649528512577,-0.517033569433494,10.961744762407685,1.589182422663442,39.50783129176156,-133.31570489683452
224136000,0.6525339335808726,-0.5169433161637695,10.939214399165406,1.5924738450445002,39.561636853109185,-133.24549943261138
224139000,0.6528065698047316,-0.5170491644778872,10.959163711754769,1.5895587918134355,39.50980732692668,-133.3002501370339
224142000,0.652756603015866,-0.5170799712021097,10.95773081222456,1.589767814595796,39.507330672562375,-133.2853219629716
224145000,0.6529203967378516,-0.5170876473016603,10.967258747706882,1.5883789710470655,39.48951260992458,-133.3236557225392
224148000,0.6527408648025831,-0.5170638445522618,10.956133129163346,1.5900009400190078,39.512713471348704,-133.28313951334428
224151000,0.6530847375429263,-0.5171212513894198,10.977987922976531,1.5868179383037442,39.465431662646985,-133.35958657399013
224154000,0.6530270289565047,-0.5170671327238187,10.972335035707184,1.5876400169048481,39.48398916854612,-133.35110675888708
224157000,0.653131119079563,-0.5171486719317595,10.98181875319021,1.5862613198873823,39.454351307569226,-133.36797136275143
224160000,0.6531316250229969,-0.5171034949085634,10.979834527135136,1.5865495784110277,39.46508218298334,-133.37251247586264
224163000,0.6530378524470883,-0.517165608515757,10.977326606231372,1.5869140670679258,39.45943305028526,-133.34406204604767
224166000,0.6531911245747496,-0.5173350148133542,10.993510991447973,1.5845648602559357,39.40402788451741,-133.36404390832627
224169000,0.6534392221136901,-0.5172709590997487,11.004650705400099,1.5829519492857749,39.39498637182561,-133.42949719033933
224172000,0.6531975042074387,-0.5172671849976012,10.990842525416658,1.5849517149391819,39.419580136793165,-133.37220770375592
224175000,0.6530096064713318,-0.5172853142475825,10.981070666846813,1.5863699858261735,39.43364177514869,-133.32562039975122
224178000,0.6529153840938008,-0.517314928921815,10.977091157215584,1.5869482946715296,39.43578905522613,-133.3002580289367
224181000,0.6530626592129356,-0.5172552199628119,10.982714573357203,1.5861312139875319,39.43563087860941,-133.3412160757324
224184000,0.652887259228805,-0.5172629420431328,10.97319568982224,1.5875148000243007,39.45093299984483,-133.2986299183477
224187000,0.6528046989994355,-0.5174541168280332,10.977069785804055,1.5869514015414274,39.413421205100704,-133.26027964354014
224190000,0.6528057366881901,-0.5174670059248857,10.977702415949526,1.5868594380698477,39.41024841636226,-133.25926847317655
224193000,0.6530003822064613,-0.517427577340871,10.98689532090072,1.5855242992181102,39.40062572810089,-133.30951047552
224196000,0.6529041924769367,-0.5174184229241658,10.981073529567738,1.5863695699630218,39.41221025513241,-133.28747803241757
224199000,0.65268181146583,-0.5175338513776248,10.97371675522714,1.5874389996541318,39.40641631459817,-133.2232186527515
224202000,0.6528987191412712,-0.5173546949478708,10.97792569619754,1.5868269830682034,39.427936229245006,-133.29239970891686
224205000,0.6527496714329944,-0.5173743888501664,10.970428256080055,1.5879175055356272,39.43779405162602,-133.25494673689917
224208000,0.6528699694075741,-0.5175674507709133,10.985794514464091,1.5856840569665909,39.38004268802424,-133.26476180953466
224211000,0.6528268785846038,-0.5175022263874365,10.980460944041887,1.5864585643213178,39.39979149704467,-133.26086694060962
224214000,0.6530734939541804,-0.5174525712707855,10.992129615706723,1.5847650983602921,39.38751641916993,-133.32449208853515
224217000,0.6528478270121307,-0.5175866809792218,10.985406317112977,1.5857404029408182,39.37762507674272,-133.25760838286052
224220000,0.652851058905117,-0.5175440578626093,10.983686603578409,1.585990063804774,39.38746313785028,-133.2625421483371
224223000,0.6526902266089544,-0.5174828946688435,10.971920236359535,1.587700373287149,39.417735435312316,-133.23019423268332
224226000,0.6529803699981276,-0.5174657792604749,10.987473060775475,1.5854404659478822,39.39347749404313,-133.3010051679473
224229000,0.6527673078642585,-0.5175371934174621,10.978670063251132,1.5867187948739834,39.39727706847818,-133.2432599839902
224232000,0.6534580617180962,-0.5173169605515205,11.007773256617,1.5825004280549515,39.38216436826393,-133.42947704324445
224235000,0.6549309093543623,-0.5133310633209036,10.914106419791587,1.5961579723753077,40.19493326976514,-134.17562527810773
224238000,0.6529888991348939,-0.5175313808227959,10.990881885001166,1.584946007498238,39.37701065962653,-133.2966225725187
224241000,0.6542320490640035,-0.5195089331016548,11.151372832660405,1.5620113541269742,38.784794850756086,-133.39725073913365
224244000,0.6532342143437989,-0.517668865279569,11.01087575596335,1.5820520620670866,39.3202383471145,-133.34160503797253
224247000,0.6467518263872928,-0.5140436909256629,10.504371255417407,1.6587899223916371,40.80341946981937,-132.13635166338494
224250000,0.6529886255819325,-0.5176909839931827,10.997998222617532,1.5839147610941737,39.33901859688409,-133.28094655100767
224253000,0.6630870214500911,-0.5191899446850029,11.671494518505135,1.4920518882623746,37.951092624976674,-135.53447276351463
224256000,0.6534536858481805,-0.5182781805337074,11.050716644212836,1.57631690941223,39.15369486414021,-133.3340245592721
224259000,0.6529607769648625,-0.5179284760585736,11.007055618571831,1.5826041757295883,39.28520918714714,-133.25108304598749
224262000,0.6531716993829801,-0.5179337953942575,11.01921886735259,1.5808475978077074,39.263288643399505,-133.30075369916418
224265000,0.6530650887417979,-0.5180015538447806,11.016227306196981,1.581279266926612,39.257611188117814,-133.26874807795872
224268000,0.6531333139407672,-0.5179611197611481,11.018272814432464,1.5809840835302809,39.260548159663635,-133.28894164076107
224271000,0.65299554708987,-0.5179058620410061,11.008006395711796,1.5824667264798893,39.287188062174664,-133.26156974283614
224274000,0.6529378712386703,-0.5180521532873497,11.011304336130985,1.581990144685449,39.25802809405054,-133.2335331928553
224277000,0.6529128086233045,-0.5179525705374421,11.00542625022602,1.5828397813084822,39.28416869558368,-133.2373127937939
224280000,0.65300910645063,-0.5179735945755668,11.011808080479803,1.581917374476478,39.269744333404596,-133.25816676695138
224283000,0.653029283167352,-0.5179441265844724,11.011627409920184,1.581943473122477,39.27478056763172,-133.26585214228538
224286000,0.6527540854535849,-0.5181446382805939,11.005070056614596,1.582891296037828,39.2540056867689,-133.1807878922744
224289000,0.6531100334028844,-0.5181889225703245,11.02718624940802,1.5796990916376796,39.20864551775545,-133.26108090780417
224292000,0.6529863466656924,-0.5182444400486318,11.022676343928259,1.5803489934563597,39.20756353167451,-133.2262386979825
224295000,0.653213843694732,-0.5182758075131668,11.036981866455225,1.578289334933701,39.17781115529851,-133.2772408829485
224298000,0.6528155897429444,-0.5182242817526721,11.012113733514086,1.581873223536021,39.22906211904711,-133.18762381603233
224301000,0.6530249743266846,-0.5181804870336847,11.021990007081662,1.5804479453301532,39.21898421780097,-133.2416839077022
224304000,0.6528306011943277,-0.518303350445186,11.016510399264044,1.5812384077155814,39.208803297124426,-133.18345970920777
224307000,0.652927615125545,-0.5184849818962992,11.030165647675945,1.579270038138676,39.156162579012005,-133.18873340338996
224310000,0.6528831274269858,-0.5186477650082639,11.034972807461912,1.578578267145704,39.121869506277136,-133.16223463918786
224313000,0.6530344371475599,-0.5183948061369461,11.032162325575518,1.578982633786322,39.16712051521621,-133.2229393985523
224316000,0.6530319774504928,-0.5184239743895714,11.033335750446833,1.5788137784519196,39.16043200350105,-133.21949722600394
224319000,0.6531523836615089,-0.5183528040431811,11.036961340843845,1.5782922862820543,39.16553946051198,-133.25508155798778
224322000,0.6528954516386813,-0.5183334914600527,11.021532537217347,1.5805139074554915,39.19529732685563,-133.19592066284426
224325000,0.6529364850761658,-0.5180785488125783,11.012409586672128,1.5818304905208025,39.25188600802747,-133.23062089073855
224328000,0.6527717256846917,-0.5182712078666202,11.011740265252667,1.581927170578955,39.22219761605552,-133.17261164336213
224331000,0.65313209297854,-0.5180316501380895,11.021369681101795,1.5805373908496632,39.243887197528366,-133.28173986073872
224334000,0.6531233514649675,-0.5181713513563209,11.027150958029987,1.5797041752357082,39.21151814063323,-133.26596963707752
224337000,0.6529038592788524,-0.5180653951604014,11.009976233834527,1.5821820326851572,39.258206072007795,-133.22414851380654
224340000,0.6529758424588556,-0.5180988591415157,11.015545663140433,1.5813776580926828,39.243204258361914,-133.23799311265117
224343000,0.6531048685977241,-0.5180528891149302,11.020782203945238,1.580622109219999,39.241502467273186,-133.2731825760779
224346000,0.6529398441818496,-0.5180929297016961,11.013244416849671,1.581709920174736,39.24813732020992,-133.2300126058684
224349000,0.6528859615436623,-0.518070032644366,11.009173046786634,1.582298102088412,39.25885373925771,-133.2194384189754
224352000,0.6528060454653773,-0.5182504907320149,11.012750119765203,1.5817813068039654,39.2237660972378,-133.1827929631789
224355000,0.6528032097991426,-0.5182255801440481,11.011472472975928,1.5819658551239266,39.229963855106604,-133.18455437993526
224358000,0.6528125171528266,-0.5181136366204541,11.006979525395582,1.5826151771866137,39.25566600699471,-133.19771013812968
224361000,0.6526045581340553,-0.5183144785640186,11.00424201419142,1.58301106519902,39.22824500217361,-133.12866465107712
224364000,0.6528534170423026,-0.5182536954368795,11.0155715700228,1.5813739183621314,39.21837212285399,-133.1937381021728
224367000,0.6528649261480631,-0.5183954296584731,11.02258812073418,1.5803617122441884,39.183568761683944,-133.1826079504964
224370000,0.6528256505090737,-0.5183788305006523,11.019619917638124,1.580789745979518,39.19135402883402,-133.1749014869113
224373000,0.6527050720380967,-0.5185222841006945,11.019244207410319,1.5808439423582104,39.16907343459311,-133.1322397933772
224376000,0.652901345677748,-0.5183350889006957,11.021937880709032,1.5804554611013413,39.194340993574635,-133.19716481937274
224379000,0.6526552378537077,-0.5184950961325305,11.015205567116325,1.581426753544826,39.18039795840405,-133.12306403257398
224382000,0.6528927947833418,-0.5184974736666961,11.028754769469764,1.5794731850061228,39.15660458564496,-133.17924129377582
224385000,0.6527363027836112,-0.5185611809749363,11.022759172574332,1.580337052565952,39.1567861381908,-133.13585232878788
224388000,0.6528001831286028,-0.5184687224305063,11.022218036250813,1.580415068092568,39.17249341141064,-133.16006083056655
224391000,0.6528406828227622,-0.5187003782810334,11.034936213878174,1.5785835308245655,39.113537425391556,-133.14701143081504
224394000,0.6529048449268188,-0.5187284915495038,11.039842837798934,1.5778780682100932,39.10058491623573,-133.15948475291353
224397000,0.6527644543426581,-0.5187143134302379,11.031243022662435,1.5791149463842415,39.11768887489751,-133.12755959854766
224400000,0.6527926375127734,-0.5187038027731806,11.032366847444068,1.5789532005712672,39.11742602885993,-133.13527525277598
224403000,0.6529941090100214,-0.5188497983822093,11.0503870362199,1.576364185898838,39.06305955647159,-133.16877809291293
224406000,0.6533037752016627,-0.5189313045893504,11.071710170200216,1.5733116032236463,39.01333300612628,-133.23423134931386
224409000,0.6528522318807018,-0.5188435527743536,11.042045875135134,1.577561526419523,39.078439188338514,-133.13573673384212
224412000,0.6528797249308872,-0.5189019624326314,11.046242888420208,1.5769588339536142,39.0618941717715,-133.13653791757955
224415000,0.6530715682739672,-0.5189643515213866,11.059972122161888,1.57499053339657,39.028295711966926,-133.17591620078286
224418000,0.6531759424336296,-0.518827663017364,11.059731697477723,1.5750249596526125,39.050475006185025,-133.21408601882726
224421000,0.6528794119420023,-0.5188668878495637,11.044641925032415,1.5771886783296452,39.070243179480535,-133.13989854966218
224424000,0.652994123773083,-0.5188125731544884,11.048706753820591,1.5766052371478259,39.07188880407831,-133.17243018661517
224427000,0.6532575448075579,-0.5188736203585531,11.066460615079176,1.5740620198429454,39.03155884014378,-133.22893279945225
224430000,0.6533266940067666,-0.5188218622687623,11.06805947934908,1.5738333884072575,39.03704446646288,-133.25042459974844
224433000,0.6528489280811745,-0.5188766739485137,11.043352656436568,1.5773738226834615,39.07090706390163,-133.13171048972404
224436000,0.6528809215983503,-0.5189654429295799,11.049177485169212,1.5765376991531823,39.04672432612022,-133.130604471879
224439000,0.6529085122782412,-0.5188414808343931,11.045147895394047,1.577116030780413,39.07341943803985,-133.1492891040394
224442000,0.6533583679967706,-0.5189850091684443,11.077261331239571,1.5725188525375229,38.995228803379675,-133.24189991131678
224445000,0.652909925314124,-0.5191406533317012,11.058748112782341,1.5751658142300453,39.0023529413684,-133.12031378556975
224448000,0.6528094821725536,-0.5189811195237541,11.045827065353082,1.5770185256710518,39.050002769304314,-133.11213226674565
224451000,0.6529932813302465,-0.5190293434995005,11.058455964111175,1.575207656345103,39.02056409559935,-133.15098081563883
224454000,0.6530999561622741,-0.5190131042398437,11.06379530313743,1.5744432972938094,39.01395067232967,-133.17786399793442
224457000,0.6528134002223438,-0.5191022065592433,11.051519563998566,1.5762017565480855,39.02091862308633,-133.10120643126544
224460000,0.652927246733846,-0.5189685421170784,11.051950607462464,1.5761399442691166,39.04145134750082,-133.14128452591373
224463000,0.6530014281923213,-0.5191864881633869,11.06603395179539,1.5741230423094992,38.98252178515647,-133.13750184298348
224466000,0.653027027539024,-0.5191050147158315,11.06380227655169,1.5744422994932616,38.99931799430258,-133.15155918182504
224469000,0.6530753321496433,-0.519144585180913,11.068347345735063,1.5737922316968236,38.98520092498468,-133.1591250275917
224472000,0.6531142630800818,-0.5190097291928776,11.064457600061596,1.5743485372886703,39.013346886911215,-133.1815873219166
224475000,0.6529495019999098,-0.5191965750866361,11.063532777034466,1.574480862124029,38.98522361472992,-133.1242098781665
224478000,0.6532619582018491,-0.5193969239617067,11.090461610315026,1.5706369593770353,38.90709120982255,-133.17855016221927
224481000,0.6533995497014267,-0.5191907884144376,11.088959651728072,1.5708508578310845,38.942392179391014,-133.23142159597535
224484000,0.6530700875935628,-0.5192316798943688,11.071996412903706,1.5732707058529705,38.96507865173849,-133.14933532211535
224487000,0.6529824944998479,-0.5192819359957638,11.069280406954041,1.573658845300361,38.961767321098456,-133.12365523901337
224490000,0.6532148296233993,-0.5194530585398894,11.090318994005253,1.570657267286151,38.89843246432481,-133.1618725011986
224493000,0.65334830279709,-0.5193710463339881,11.094225735570719,1.570101155478375,38.90472747347672,-133.2015440989165
224496000,0.6530879616039774,-0.5193397714153749,11.077920697803078,1.5724247428838396,38.937720503511294,-133.14295937972162
224499000,0.6529764170862415,-0.5193170696033375,11.070526860169759,1.5734806931088094,38.95404220552478,-133.11877002614287
224502000,0.6530246551824155,-0.5193192860803016,11.0733784005094,1.573073282219624,38.94878523867373,-133.12997692139504
224505000,0.6532263078289222,-0.5191956720528225,11.07927885405695,1.5722309324064523,38.958269570661436,-133.1898860759307
224508000,0.652809984163939,-0.5195289387234056,11.070647949346244,1.5734633883153595,38.92020138965278,-133.05860120370306
224511000,0.6528593316140411,-0.5194065107542791,11.06790832281256,1.5738550003595586,38.94434281474771,-133.08227747426085
224514000,0.653187966015929,-0.5195298724786065,11.092277171985284,1.570378477726443,38.8828890562964,-133.14796342698048
224517000,0.6531645832661093,-0.5194752033896877,11.088452429473826,1.5709231060786968,38.89812765149727,-133.14780069924583
224520000,0.6528581278188231,-0.5196044879543805,11.076822671569651,1.5725814675346352,38.89760779459631,-133.06258818115924
224523000,0.652885237509366,-0.519427557885662,11.070339184486974,1.5735075145006763,38.936821248195876,-133.08634739587177
224526000,0.652811464534933,-0.5195185791054485,11.070262392851872,1.5735184893276566,38.92250780736295,-133.05996652421874
224529000,0.6532448930027805,-0.5194623433183752,11.092461529774917,1.5703522354651598,38.893278872943384,-133.16807746097092
224532000,0.652918565460315,-0.519565561462155,11.07850385533228,1.5723415197567285,38.900891876425895,-133.0807044275376
224535000,0.6530975092263552,-0.5195448892568479,11.08778658745796,1.5710179580881853,38.88822201136022,-133.12507891810964
224538000,0.6530361898300175,-0.5195431545029873,11.08420298372322,1.5715286549073413,38.89465332094832,-133.11073734804924
224541000,0.6531599166361688,-0.5194336330266619,11.086295364291372,1.5712304308030665,38.90842785236546,-133.1507801467071
224544000,0.6531300032333112,-0.5196017355005477,11.092231502346772,1.5703849786703206,38.8715777828061,-133.12718448715535
224547000,0.6531766787338524,-0.5196264777873089,11.096029380206764,1.5698445458094559,38.86113661563405,-133.1357973944463
224550000,0.6531076269514012,-0.5197255616402788,11.096589558363009,1.569764864781259,38.844482296488266,-133.10972522798363
224553000,0.653232603816246,-0.5197985972151927,11.107080790362973,1.5682740647927442,38.81492344665021,-133.13210275074405
224556000,0.6533345004678949,-0.5196319071951886,11.105319536893171,1.5685241398755243,38.84432976111752,-133.17260754115574
224559000,0.6531188042519529,-0.5197466343055573,11.098189678971453,1.5695373046156487,38.83840009962274,-133.11029832359935
224562000,0.653233555077341,-0.5198244440326109,11.108315006063188,1.5680988698597456,38.80871782827755,-133.1297853246146
224565000,0.6534109232211954,-0.5198834832168042,11.12119763588049,1.5662725414652803,38.77729750858914,-133.16591246410093
224568000,0.6534547722025477,-0.5197955876063565,11.11969872182294,1.5664848183046813,38.793762788934565,-133.18494211563626
224571000,0.6531726831828487,-0.5199139175335125,11.108907993777574,1.5680147101657795,38.7935510562695,-133.1065943854572
224574000,0.6529720094834064,-0.5200948159108385,11.105660719670045,1.5684756901141648,38.7705253638083,-133.0414010082298
224577000,0.6531949832205641,-0.5199007375474438,11.109585421049896,1.5679185774841438,38.794473681153704,-133.1131619307828
224580000,0.6535030229318946,-0.5198096259536664,11.123114842858076,1.5660011098738036,38.78568689982681,-133.19497066886967
224583000,0.6529713441766835,-0.5198553918216029,11.094704021415257,1.5700331001911303,38.827166399895326,-133.06475018227496
224586000,0.6528459094342866,-0.5198922520499031,11.089208706809249,1.5708153851052802,38.830760402472805,-133.03148466921198
224589000,0.653110835720541,-0.5198082801179004,11.100543154364786,1.569202726746239,38.8246050632228,-133.10235644278856
224592000,0.6532789213250192,-0.5197364279212051,11.106900254160937,1.5682996949070866,38.82507071382351,-133.14917321749311
224595000,0.6531191459269099,-0.5200538941196148,11.112229888143833,1.567543418250826,38.76573563250776,-133.08017994660227
224598000,0.652990411168886,-0.5197473250114204,11.0908735951287,1.5705782975846607,38.85084615019722,-133.07986608416633
224601000,0.6530338896641007,-0.5198298460429712,11.097119817102593,1.5696894470318343,38.827064804300356,-133.08204474773143
224604000,0.6531173666758765,-0.5199528331693299,11.107512178633177,1.5682128254597276,38.78979120299601,-133.08969391204295
224607000,0.6530911316469039,-0.5199895446817553,11.107683803632353,1.5681884631254575,38.7836939206872,-133.07988578139341
224610000,0.6531161942926255,-0.5198917292341605,11.10465623930784,1.5686183402355818,38.804349239377416,-133.09542253039436
224613000,0.6532388773027412,-0.5200120925905208,11.117193032974779,1.5668398038813993,38.763836594512085,-133.11258209927396
224616000,0.6533553174452362,-0.5201188216930633,11.128771924076613,1.5652007492497213,38.727154794498354,-133.12958636427905
224619000,0.6532142444298487,-0.5201059417100232,11.120070247695166,1.5664321972765296,38.74408647209221,-133.0975275783099
224622000,0.6533866133593271,-0.5201055108676791,11.129963249494573,1.56503230576306,38.727216188696914,-133.13829148650112
224625000,0.6532705274156866,-0.5202704255426461,11.130839333927716,1.5649084579193917,38.69970027671851,-133.09462984070913
224628000,0.6533170336279905,-0.5201961592325807,11.130112196602461,1.5650112484398362,38.71265786008274,-133.11292555576492
224631000,0.6533506128282789,-0.5200081621782574,11.1234344692943,1.565955867432566,38.753765744195604,-133.13937459285307
224634000,0.6532119309903598,-0.5202372497800696,11.125948026459735,1.565600170108041,38.713301856227574,-133.08405998047763
224637000,0.6530017740380754,-0.520180808319913,11.111295055587293,1.5676760183740548,38.74729307618053,-133.03998462988497
224640000,0.653137064434448,-0.52015630571793,11.11794044579841,1.566733899640932,38.73978217963768,-133.07434302115234
224643000,0.6534941289677879,-0.5201399503137948,11.137734683994015,1.563934381114185,38.70848096122617,-133.1602975214669
224646000,0.6531815810363791,-0.52021790251117,11.123317063322865,1.565972485693161,38.72085678307584,-133.07879714868002
224649000,0.6530948810143546,-0.520150699385595,11.115261863964825,1.567113506269589,38.7452538736973,-133.06493142716042
224652000,0.6533293358225333,-0.5201974712294143,11.130880409843588,1.5649026516970312,38.71113627791465,-133.11570181789466
224655000,0.6533585251997738,-0.5201363138801791,11.129757930954247,1.5650613335009362,38.72270648176714,-133.12862095770578
224658000,0.6528383760179619,-0.5202909308067758,11.106957069594502,1.5682916289214544,38.73733737565282,-132.99059766721814
224661000,0.6529377512237071,-0.5203175272728743,11.113871531106316,1.567310615936156,38.7213049831384,-133.01144157284799
224664000,0.6531616382359111,-0.5203941337740103,11.13024388288442,1.5649926318305087,38.681216956408875,-133.0567496782407
224667000,0.653531724856812,-0.5203413772277067,11.149153200504687,1.5623240069393798,38.657200738812726,-133.14930469325563
224670000,0.6529893226888662,-0.5202894403135817,11.11554682444747,1.56707311311424,38.72286890255467,-133.02637302695
224673000,0.653104253962218,-0.5203720498890622,11.125931034812911,1.565602574078062,38.692073731080264,-133.0453796090292
224676000,0.6531286934493487,-0.520384210473223,11.127893728138368,1.565324942117844,38.68680001708563,-133.04995119147617
224679000,0.6533358717033229,-0.5205730069534844,11.14849739013475,1.5624164070559976,38.621855856270116,-133.08024170708234
224682000,0.6530717214374535,-0.5206140503793178,11.135156292035298,1.564298477231683,38.638185077740545,-133.01390345807326
224685000,0.6532448892570478,-0.5205646599706364,11.142865420708462,1.5632103723411315,38.632789001262886,-133.0596038507829
224688000,0.6531095874097205,-0.520518597264614,11.132956178041281,1.5646092909487062,38.65697229135237,-133.03222337634483
224691000,0.6534375634589074,-0.5206941978890667,11.159950123782576,1.5608043529159472,38.583246341015645,-133.09227295461847
224694000,0.6533474725616105,-0.5207925481051122,11.159273285710979,1.5608995299716888,38.568946733024134,-133.06133318262212
224697000,0.653161371271085,-0.5206638284725361,11.142607200235952,1.5632467942979569,38.6176264359119,-133.0301437857817
224700000,0.6531865517062889,-0.5207244217640549,11.146844741533064,1.5626493048745567,38.60086220712703,-133.03011451139147
224703000,0.6534728968341977,-0.5208962429258419,11.171313562480709,1.559208160865192,38.532133729236214,-133.0806606942438
224706000,0.6533842052117084,-0.5207159026157104,11.157865445316284,1.5610975379544119,38.58339232767392,-133.0775509547681
224709000,0.6533577946288697,-0.520946835941156,11.166984726932025,1.5598158347545321,38.531572184100916,-133.04854889445755
224712000,0.6533332931414637,-0.5209801403250147,11.167103638010367,1.5597991358945131,38.52614351491927,-133.03949227998783
224715000,0.6533463335040337,-0.5209587233713191,11.166869987303889,1.5598319481514478,38.529902303213724,-133.0446764064631
224718000,0.6535839847481724,-0.5212324951281627,11.193313840716735,1.5561271257174494,38.44196727741487,-133.07360297571307
224721000,0.6534382687827466,-0.521168663033216,11.181897059141017,1.5577244665981758,38.47139050416827,-133.04560819163936
224724000,0.6532412634669946,-0.5210188111042399,11.163563648704516,1.5602964154470862,38.52610893493295,-133.01400417512772
224727000,0.6535355845281918,-0.52109092023457,11.183946317769916,1.55743750933452,38.480083179652866,-133.07620034724252
224730000,0.6536932918845688,-0.521334664097656,11.204412356240068,1.5545774594291535,38.40710907456015,-133.08922245268204
224733000,0.6534831227526039,-0.521214499702925,11.186621490166074,1.5570630649756114,38.45617074540659,-133.0516399286005
224736000,0.6532335938036922,-0.5211290893409606,11.16820908366431,1.5596439136694487,38.50089883012604,-133.00132881698715
224739000,0.653322091786313,-0.5213177642110144,11.182057762535234,1.557701959503738,38.44776732648481,-133.00354946089595
224742000,0.6539101184685078,-0.5213286750089574,11.216772271526946,1.552855304322408,38.38704063824394,-133.14084358662674
224745000,0.6534091734726161,-0.5213270383289033,11.187540227302376,1.556934510817424,38.43698991718504,-133.0231226665385
224748000,0.653410844406107,-0.5212368619274786,11.183461944531983,1.55750532645186,38.45804520644153,-133.03241936879877
224751000,0.6532104420939107,-0.5210223705293714,11.16194556234569,1.5605238218130038,38.528308026146185,-133.0063949596423
224754000,0.6535879157377492,-0.5212283882370995,11.193351953986586,1.556121798727545,38.44254534309212,-133.07493431974936
224757000,0.6534719393583834,-0.5212760556677042,11.18882300098376,1.556755054500605,38.44278770499452,-133.04292714925631
224760000,0.6533853169350984,-0.5213255243095274,11.186085307894512,1.5571381000375892,38.439701514636994,-133.0176591314892
224763000,0.6531884077345248,-0.5212846489775528,11.172778790355702,1.5590025824269174,38.468741717479354,-132.97536183963638
224766000,0.6534549082687564,-0.5212476944758692,11.186520649162018,1.5570771764346274,38.45114456344249,-133.04172033462828
224769000,0.6535307306973561,-0.5214054350536482,11.198237790026592,1.555439221159104,38.406536941149234,-133.04397515013486
224772000,0.6534389140804342,-0.521123352530778,11.17983854930335,1.5580128260724058,38.481994368337595,-133.05023390462048
224775000,0.6532154457954438,-0.5212955857733871,11.174850298307305,1.558712032739219,38.46350338440833,-132.98064535232768
224778000,0.6534499887901813,-0.5214381063291945,11.195059091186403,1.5558832342178683,38.4068309236146,-133.0217544718659
224781000,0.6534909840072399,-0.5213371848527764,11.192761972762229,1.55620426292557,38.426521831038386,-133.04136928627372
224784000,0.6531988966948826,-0.5213230336062636,11.175160585894611,1.5586685211554872,38.45867717683089,-132.97404620437422
224787000,0.6531707503337703,-0.5213921367936505,11.176725419205598,1.5584491219173797,38.44519668858575,-132.9606142935601
224790000,0.6536637395327342,-0.5215138526308545,11.211017065033621,1.5536567234379048,38.36788040303525,-133.06453588091813
224793000,0.6535207022687914,-0.5215108541230649,11.202547812722525,1.5548375860575074,38.382734128205755,-133.0311954184633
224796000,0.6531448793435484,-0.5216108372873802,11.185349145855893,1.5572411327209124,38.39632908479013,-132.93297541574162
224799000,0.6532426392660675,-0.5215243736347497,11.187015562333517,1.5570079218788593,38.40701341463655,-132.96448040324302
224802000,0.6532781296407655,-0.5217435366779779,11.199242953390087,1.5552988688926788,38.352005037330585,-132.9511966839782
224805000,0.6537944078209855,-0.5216763997046197,11.226209138073015,1.5515430023716206,38.31672167915053,-133.07916001388878
224808000,0.6534625016107505,-0.5217440196230728,11.209995407453935,1.5537990771249959,38.33368057089731,-132.99446606321507
224811000,0.6533206379095684,-0.521714141427496,11.200349721775748,1.5551443587590557,38.35471513808293,-132.96408552093666
224814000,0.6533729627791434,-0.5218059024333578,11.207658696864568,1.5541247633917197,38.32799052539929,-132.9673160402209
224817000,0.6537352483748872,-0.521942721863794,11.235177003652115,1.550297979471266,38.260011577016,-133.0388682591414
224820000,0.6533913510742604,-0.5218636993131808,11.211418081733632,1.5536008545196789,38.312598898790355,-132.96592482652667
224823000,0.6534242789788687,-0.521881226314093,11.214152553290296,1.5532200002805794,38.3052287135146,-132.97192577475897
224826000,0.6535564197503239,-0.522017859873617,11.228230978640791,1.551262132029446,38.26007869148469,-132.98943902381328
224829000,0.6536629914120669,-0.5216984649747562,11.219564247568607,1.5524668170050613,38.32455234199481,-133.04608584647414
224832000,0.6536946277080754,-0.5219327695769083,11.232336849531206,1.5506920657127112,38.26637340262642,-133.03031490862216
224835000,0.6534547487540282,-0.5218423784851468,11.214120170469876,1.5532245094292882,38.311340692763764,-132.98292187998828
224838000,0.6534188683802826,-0.5220799998950997,11.223097985312991,1.5519753971937666,38.25909896617678,-132.95100677772072
224841000,0.6535011169004743,-0.5219449647054154,11.221602641664818,1.5521833093238455,38.28266431757609,-132.9836670731836
224844000,0.6535892108811051,-0.5219572107182148,11.227316934662838,1.5513890966947628,38.271072488743755,-133.00314029051975
224847000,0.6533699443862269,-0.5218115606165707,11.2077460600257,1.5541125844175054,38.32695963094536,-132.96604810546347
224850000,0.6532390191407689,-0.521731030847251,11.196388896960267,1.5556974508373433,38.35880259439734,-132.9432424829769
224853000,0.6535244543047918,-0.5219126770702694,11.221459718845841,1.5522031841939214,38.28793760360143,-132.99234084544455
224856000,0.6533288597491573,-0.5218982065170554,11.209383638033923,1.5538843311538377,38.31066873631649,-132.94784098975293
224859000,0.6534352068171749,-0.5217900316583144,11.210545608286617,1.5537224110883425,38.32556842872528,-132.98350569138876
224862000,0.6532714895324627,-0.5218925462986214,11.205780483113475,1.5543866444998187,38.317662570998166,-132.9349286569156
224865000,0.6534453454471482,-0.5219545959605388,11.218797687586749,1.5525734599819243,38.28591800313606,-132.96961981304008
224868000,0.6533724139333215,-0.5220080733382146,11.217035937884898,1.5528186083381434,38.28057221086962,-132.94721270143359
224871000,0.6533836166272023,-0.5220560136575,11.219922995711578,1.5524169134058827,38.26821282184492,-132.94510452751035
224874000,0.6533102325259651,-0.5220819244691574,11.216851036142748,1.5528443420094626,38.26938269183305,-132.92532261110978
224877000,0.6534242540836458,-0.5221665235107974,11.227448656926747,1.5513707986169931,38.23826382840244,-132.943715787387
224880000,0.6538970884388647,-0.5223204443159023,11.262345571441152,1.546538323174572,38.155306962078356,-133.0393867348444
224883000,0.6534221856435498,-0.5222842093123236,11.232822773334336,1.5506246269990682,38.21086312917053,-132.93159283067362
224886000,0.6534096190521826,-0.5223491648256475,11.235123335836251,1.5503054242998147,38.19687428398196,-132.92222218194462
224889000,0.653548746719754,-0.5223333357286064,11.242522380934641,1.5492797007027856,38.186819176545555,-132.95641159225357
224892000,0.6536907860762375,-0.5225044742211885,11.258866292473328,1.5470187736445156,38.13262458367548,-132.97275619113117
224895000,0.6534383919872888,-0.5223717384349239,11.23786115301184,1.549925724251955,38.18873576784046,-132.9267355307727
224898000,0.6534065651428005,-0.5224446292256474,11.239408294994139,1.5497112380033,38.17479677640493,-132.91206461506
224901000,0.6534062233434736,-0.5224203650363811,11.238253459247865,1.5498713316949229,38.18051809719131,-132.91438437766436
224904000,0.653570507431833,-0.5224343540751197,11.248525717059945,1.5484484626016175,38.1609795036083,-132.9515106815987
224907000,0.6535274680294977,-0.5224794874220763,11.248117980428882,1.5485048906054597,38.15466210024597,-132.9369529124005
224910000,0.6534133899670725,-0.5223998441471583,11.237713018746415,1.5499462637981756,38.18461974182939,-132.91809399368154
224913000,0.6532176594817491,-0.522603477556497,11.235791082987793,1.5502127991555121,38.156249005750894,-132.85210034020528
224916000,0.6536357070775908,-0.5224841563561651,11.254681716104932,1.54759701460347,38.14284631757636,-132.96186020937967
224919000,0.6534815539691007,-0.5224026958467806,11.241834499657012,1.5493750037416578,38.177207456449096,-132.9337915920998
224922000,0.6532738949126426,-0.5224493255153134,11.231871663564005,1.5507566318458863,38.18681127531998,-132.88050537333805
224925000,0.6533194383567901,-0.5226990248723645,11.246217419405495,1.5487679698681032,38.12381266579478,-132.86649453352192
224928000,0.6533594111762632,-0.5227267382751778,11.249857206016578,1.54826422221179,38.113370017616866,-132.87311409213922
224931000,0.653489640635002,-0.5228056278863671,11.261195162755623,1.5466971489502899,38.082010189672594,-132.8957977680502
224934000,0.6533953850598426,-0.5226862375900108,11.250066547565856,1.5482352592648012,38.11929564726913,-132.8855448416494
224937000,0.6532734976682988,-0.5227533432592009,11.246072301619277,1.5487880610304563,38.11563589535265,-132.85036750273972
224940000,0.6535112263322229,-0.5227561309095093,11.260138086903126,1.5468431180046283,38.09146150372402,-132.90575361037554
224943000,0.6533879155545684,-0.5226931320608055,11.249952050934876,1.548251100036424,38.11841999670295,-132.8831134494891
224946000,0.6533540602425905,-0.5227857631288368,11.252310968941536,1.5479248059926474,38.100079578670446,-132.86602279685872
224949000,0.6532801944113785,-0.5228781273519062,11.252313942901994,1.547924394710749,38.085765050024186,-132.8395988153154
224952000,0.6534723516215738,-0.5228287498910958,11.261266168989698,1.546687344860742,38.07830925028995,-132.88946072078375
224955000,0.6537016349611436,-0.5230069311290354,11.283130422969474,1.5436743830728608,38.01388056810807,-132.9254602964084
224958000,0.6531164198140705,-0.5228386070194586,11.24087394450576,1.5495081042628864,38.11119561210214,-132.80517559222065
224961000,0.653192571366302,-0.5228146932736938,11.244209282688468,1.549046037360187,38.10927147455559,-132.8253605236138
224964000,0.6535306257233973,-0.5229297055263862,11.269433039481966,1.5455605461191666,38.048907817229036,-132.89310067568888
224967000,0.6536783237244944,-0.5230318507875366,11.282931746710412,1.543701708287186,38.01036295319741,-132.91753354552998
224970000,0.6533585014949967,-0.5229998345646385,11.262620004468145,1.5465004396981188,38.04954205995429,-132.84588293511433
224973000,0.6532183712282891,-0.5229134498715529,11.25034832119261,1.548196276867132,38.08361059712148,-132.8216401129052
224976000,0.6532586447844123,-0.5229516189848376,11.254498733155346,1.5476223097862745,38.07069899820714,-132.8272902365592
224979000,0.6534025009563722,-0.5229829202929299,11.26440823522914,1.5462536330538443,38.04914456385826,-132.85785062028
224982000,0.6533074812380125,-0.5230113852873969,11.260168568574343,1.5468389084773855,38.05188759562444,-132.83280491025988
224985000,0.6532219396318534,-0.5229853862122197,11.253931828820875,1.5477006827271897,38.066427697379154,-132.81536511493496
224988000,0.6534032304854699,-0.5230300482680105,11.2666663843354,1.5459420824060692,38.03804714959173,-132.85335611918325
224991000,0.6535380182732708,-0.5231031190080334,11.278029279878163,1.5443762832422698,38.007604583862076,-132.87764569376486
224994000,0.6535621302237716,-0.5231177823210031,11.28013919701039,1.5440858881308275,38.00178509181685,-132.88183155974238
224997000,0.6534260458487753,-0.5230974998205629,11.271179495561698,1.5453197978485909,38.020011489284926,-132.85201439035913
225000000,0.6533265686444918,-0.5230397109737313,11.26261938107311,1.5465005257511446,38.04337362779856,-132.8344676296011
