frequency_hz,s11_real,s11_imag,swr,return_loss_db,resistance_ohm,reactance_ohm
159810000,0.7230608350382011,-0.249379390401815,7.50548204844598,2.3283889901318617,149.4012343679543,-179.55769556432793
159811755,0.722163890637564,-0.25016380711121544,7.48414117620218,2.335108491951968,148.77405774993272,-178.97628625658706
159813510,0.7225578537886969,-0.25010476587056213,7.496863261073993,2.331098059228888,148.84543068428985,-179.25246962243725
159815265,0.7226765149291097,-0.24989436132790852,7.498428335087244,2.3306056518753353,149.00432401436424,-179.32148241375793
159817020,0.7228746492856102,-0.24940022917981322,7.49936575260434,2.3303108195185622,149.37228444456036,-179.42600092122987
159818775,0.7219398535010616,-0.25005493853573585,7.47524901166426,2.337919856383238,148.83464608789228,-178.80874275692915
159820530,0.7222854129501266,-0.25021109540171754,7.488833544375634,2.3336276835063137,148.74946762457918,-179.06629440362636
159822285,0.7227267819899057,-0.25019617380182535,7.503710691944068,2.328945248074923,148.7927122437564,-179.3796614762282
159824040,0.7229699164097164,-0.24961732544582071,7.505180752662938,2.32848358698521,149.2241392069092,-179.51045658500732
159825795,0.7220764439142093,-0.250236211395559,7.482021030448536,2.3357781837134786,148.71601797250906,-178.91949923705948
159827550,0.72203120554773,-0.25037768059871995,7.482150299204602,2.335737340448513,148.6120795856393,-178.89789364136539
159829305,0.7225002001371195,-0.25035766820961375,7.4978844241926925,2.3307767547018914,148.66098672305384,-179.23004421906148
159831060,0.7229760346422524,-0.2496561812457332,7.505848668574975,2.3282738940348646,149.1968050834471,-179.51773092722144
159832815,0.7221147779630852,-0.25012482453565815,7.482012276396301,2.3357809496625106,148.79811462949166,-178.93842348016543
159834570,0.7217991212591226,-0.25045953504312907,7.475233164975802,2.337924872582946,148.5366450266029,-178.739175905699
159836325,0.7223511389034644,-0.25040457613563355,7.493356095142424,2.33220225266669,148.6166363996111,-179.12738577320397
159838080,0.7225043209818266,-0.24964339458737853,7.489599748564402,2.3333860657010335,149.17052356610682,-179.17974716115157
159839835,0.7221997321523895,-0.2498938078532725,7.482181451937535,2.335727497764265,148.96895775589982,-178.98150668988424
159841590,0.7215830276150221,-0.25057709435575576,7.469290110767017,2.339807648531304,148.43711145119084,-178.59469691752005
159843345,0.7222416392338802,-0.250403813501438,7.489617119726531,2.3333805883947956,148.60910396593002,-179.04943308276708
159845100,0.7224784041682218,-0.24979031834389148,7.490446721440941,2.3331190365491663,149.06373247975552,-179.17233777000217
159846855,0.7219470584533452,-0.24981980180754904,7.472731529763664,2.338717025873777,149.00245621585825,-178.7960015618805
159848610,0.7212663676257061,-0.2506749648784021,7.4597249139349655,2.3428443441347917,148.34404535060955,-178.37778017163896
159850365,0.7219387219490573,-0.2504589797322078,7.47996599257011,2.3364276787324227,148.547444462829,-178.83824284043905
159852120,0.7222392817775568,-0.2500019797909715,7.4847994320700995,2.3349006468458917,148.89489969382737,-179.0178215695793
159853875,0.7219626562225911,-0.24997524699079027,7.475086290056467,2.3379713662248056,148.89304881086818,-178.81892527735982
159855630,0.7211310057139176,-0.2506220753700604,7.454531527861202,2.344496430097342,148.37124930491333,-178.2780273648738
159857385,0.7214504616088794,-0.2505447660678502,7.464421261148417,2.341352388504431,148.45007640716042,-178.49833195474415
159859140,0.7219645703934825,-0.25038895530309674,7.4800189515501465,2.336410936477637,148.5991057784438,-178.85138843768448
159860895,0.7220116015393395,-0.25006148827256575,7.477761657429976,2.337124763229383,148.8354076553642,-178.86026264012938
159862650,0.7210700728282318,-0.2507031557393582,7.453426145829848,2.3448483695971127,148.30930768850703,-178.24107206459755
159864405,0.7212737965414434,-0.2507427083504105,7.460772030278027,2.3425115260610925,148.29667212115785,-178.38812428672668
159866160,0.7214754535786553,-0.2507246223843786,7.467382353559781,2.340412678285261,148.3245565187396,-178.52950550178033
159867915,0.7218305744634776,-0.25023096574813913,7.473610820914492,2.338438533097312,148.70129537424646,-178.74436394655376
159869670,0.7208280272970979,-0.2507818249119056,7.446187298556763,2.3471557560991014,148.23540324072096,-178.0760285695352
159871425,0.7208931505517823,-0.25096578639668005,7.450540099890186,2.3457677510020125,148.1104592619506,-178.13589061097963
159873180,0.7212857522116489,-0.2508989915674718,7.463014078014784,2.3417992278235227,148.1870234700828,-178.4082612388103
159874935,0.7218079896338538,-0.25031042624599725,7.473779267044701,2.3383851897488985,148.64316263288504,-178.734301693451
159876690,0.720940848177026,-0.2506842409829924,7.448845554237448,2.3463079050429725,148.31288847055055,-178.14830869593433
159878445,0.7205606948076718,-0.2510636381907183,7.440491043860878,2.348974654915891,148.01639697377175,-177.90881999021502
159880200,0.7210831890812126,-0.2511062657800127,7.458605289912384,2.3432003135017436,148.02548939743474,-178.28054540006903
159881955,0.7215131809882745,-0.2503819873943748,7.4646314435918635,2.3412856615400783,148.5701722316715,-178.53051191810937
159883710,0.7207307502426588,-0.25066371477890026,7.441528598605195,2.348643137034381,148.3113813469228,-177.99835669178628
159885465,0.7202434739248538,-0.25109472633947066,7.430197848613551,2.3522686285020904,147.97043472024959,-177.68783744488783
159887220,0.7207477499524279,-0.2509237312856229,7.445146819997707,2.3474877847908395,148.129174676628,-178.03012071677549
159888975,0.7219457665891241,-0.2510751982172289,7.487481765448958,2.3340540814941333,148.11076926818652,-178.88848536061192
159890730,0.7208067280796443,-0.2505462921866636,7.442711721114406,2.3482652224329272,148.40012360087167,-178.04302731103874
159892485,0.7202024939083698,-0.25120355618502627,7.430096187568134,2.3523012078826544,147.89077110240336,-177.6672927915271
159894240,0.7206346354203194,-0.2511878939535047,7.444436584766722,2.3477144833124814,147.93442123273408,-177.97027374943448
159895995,0.7208947923408388,-0.25069574278243945,7.447428016298685,2.3467599522800913,148.30126474656794,-178.11664381786483
159897750,0.7207213256633592,-0.25056745613245596,7.440085249673728,2.3491043392607684,148.37862515643178,-177.98432900245137
159899505,0.719998910312107,-0.25130649331995303,7.424474759416703,2.354104124891874,147.80295606139956,-177.5320492913798
159901260,0.7205077597009418,-0.2506424937522204,7.433783215673692,2.351120204008688,148.30924870528136,-177.83937248646578
159903015,0.7204282203811607,-0.2508797621342368,7.433885414577536,2.3510874853416084,148.13588157126708,-177.80150380924619
159904770,0.72061956717772,-0.2506389835567036,7.43749948270633,2.3499310412404677,148.3203208981447,-177.91798497273385
159906525,0.7197622542000771,-0.25118688213687684,7.415157511491698,2.3570985050433055,147.86882458185173,-177.35674035248977
159908280,0.7197643111711256,-0.2512955461721313,7.416494475852266,2.3566683601090994,147.79272737209217,-177.36652908686915
159910035,0.7203424222883932,-0.2512506301123914,7.4353450621456325,2.3506202835971033,147.86825840657522,-177.76927416270823
159911790,0.7204243658136911,-0.2507152607476475,7.43183296067099,2.3517447478052906,148.25151866557354,-177.7861698875132
159913545,0.7197363693071488,-0.25142394065445467,7.417059538860854,2.356486608438101,147.70052804140883,-177.35674695555642
159915300,0.7195128150214937,-0.25153278784336924,7.410860358491658,2.358482109532854,147.6071717327016,-177.20839120539046
159917055,0.7203595452459652,-0.25148990935418136,7.438726374289061,2.3495387157113687,147.7012689752224,-177.79928965398713
159918810,0.7205943716621307,-0.2508079813966678,7.438629381531765,2.3495697264778546,148.19916980466098,-177.9131436575466
159920565,0.7196095369770087,-0.25112493949860076,7.409333521399603,2.3589741166783655,147.90049584440743,-177.2447946690498
159922320,0.7194417951405077,-0.25163986642594327,7.409739420934924,2.358843299681285,147.52677900337312,-177.16684603413728
159924075,0.719953914808678,-0.2515568424573189,7.425896544569335,2.3536478641302403,147.62380641250488,-177.51942756694064
159925830,0.7203858875136439,-0.25092533318664084,7.4329967611036825,2.351372015695012,148.10054335586685,-177.77516450801824
159927585,0.7198333917663016,-0.25102546577596135,7.415653210069611,2.356939004255263,147.98765066742376,-177.39423887810935
159929340,0.7193782484075385,-0.25160530586800184,7.40721556301408,2.359656948483372,147.54611049711218,-177.1197324248874
159931095,0.7198484844630626,-0.25148830039983505,7.421563142277807,2.3550390387686897,147.66391775951155,-177.44027774555494
159932850,0.7204711057053564,-0.2509003175754096,7.4355665581383725,2.350549403825574,148.1246727641637,-177.8332914079907
159934605,0.7198168694528545,-0.25086281762912244,7.413205449657283,2.3577268306548107,148.10064395878425,-177.37001374992494
159936360,0.7194363443223851,-0.2516062679602069,7.4091652762979825,2.359028344521029,147.54987951426256,-177.16046577923848
159938115,0.7195686497531574,-0.25153389862964093,7.412738059528131,2.3578773232326347,147.61065920513047,-177.24758475429925
159939870,0.7200687078099628,-0.2510682693614049,7.424028886632132,2.3542472452355656,147.97568532030527,-177.56290231126997
159941625,0.7198698074950934,-0.2508423413796001,7.414736440474118,2.357234010005106,148.11915476052283,-177.40562774719984
159943380,0.7192452406090517,-0.2516850587001195,7.403710846104754,2.360787746608674,147.48014125265135,-177.03279919850183
159945135,0.7194515039482373,-0.25154687339128734,7.408978058705331,2.359088690422235,147.59261791126667,-177.16653605445742
159946890,0.7199040565475612,-0.2513414750229723,7.421706891038493,2.3549928638246294,147.7711722158687,-177.46811156584747
159948645,0.7198328446966205,-0.25091035395324734,7.414293170665162,2.3573766757028634,148.0684815119486,-177.3849356086379
159950400,0.7191217192979751,-0.25160527588298287,7.39866649751686,2.3624172230274487,147.52642757963696,-176.940314434915
159952155,0.7193283029957289,-0.2516404220874129,7.405959390867275,2.360062127520876,147.51771824436992,-177.0874745094073
159953910,0.7196909888341432,-0.2516418792558855,7.418089180960707,2.356155498111732,147.5443113107309,-177.34150439112602
159955665,0.7197098341151658,-0.250989150523046,7.411100856000506,2.3584046305715085,148.0035794172973,-177.30465156201498
159957420,0.7191996695940817,-0.25147800442464774,7.399779714404726,2.3620574258749443,147.62144145732123,-176.98499733731808
159959175,0.7190898577435422,-0.2516889110815863,7.3985801499090815,2.3624451356063916,147.465524346371,-176.92448695397732
159960930,0.7197545458261787,-0.2518201124099561,7.42230192880093,2.354801745307405,147.4242407430097,-177.39946805887934
159962685,0.7199470981027767,-0.25103916098881035,7.419616755538193,2.3556644360567356,147.98680189285182,-177.47518521439795
159964440,0.7193152156069882,-0.2512223854417598,7.4006529465078765,2.3617752701454187,147.80933080083918,-177.04604848420925
159966195,0.718989704969671,-0.2517296564585264,7.395722089634479,2.3633694019180855,147.42935552795166,-176.85766223090016
159967950,0.7195471880780532,-0.2517688476175383,7.414766361641963,2.3572243805497806,147.44450948939152,-177.250412580599
159969705,0.7198519410950656,-0.25105617448312145,7.416631639321729,2.35662423909191,147.96751257429517,-177.4096403634456
159971460,0.7193926872381183,-0.25131262823786854,7.404285272771928,2.3606023329338224,147.7521331175332,-177.10731706976077
159973215,0.7189853949588366,-0.25180682044106917,7.396477592979628,2.3631250094221516,147.3751445732986,-176.86058552657252
159974970,0.7196191817257733,-0.25175705090560924,7.4170349165858065,2.3564945275682656,147.45821106776856,-177.29992087724906
159976725,0.7201487553177996,-0.2511121247199901,7.427224325569615,2.353221930609404,147.95097287668864,-177.62254173964027
159978480,0.7195896568673605,-0.2510965956792363,7.4083397602343135,2.3592944567059515,147.91883831035508,-177.22864986122096
159980235,0.7189413432480258,-0.25188802534499954,7.395958430696193,2.363292944133588,147.31508464042045,-176.8360655217849
159981990,0.7193476250428454,-0.2517019716757051,7.4073220804538105,2.3596225976607323,147.47613959654726,-177.10569419890317
159983745,0.7196766544952203,-0.2513003623089895,7.413620539715086,2.3575931941159736,147.78262391478577,-177.3054076488282
159985500,0.7196328126115773,-0.2511600627864303,7.410519930091303,2.358591791105103,147.8776574336501,-177.26384220637775
159987255,0.7189800451658543,-0.2521857215861487,7.4007195693203816,2.361753745997894,147.11036278176087,-176.8857272059672
159989010,0.7192799345679732,-0.2514363790233065,7.401968600706901,2.3613502885717783,147.65676924360255,-177.03794088096822
159990765,0.718035667946569,-0.25176153868027606,7.364477581813387,2.3735212089764315,147.3327443533238,-176.19531870782887
159992520,0.7183694693673478,-0.25215110087655884,7.380036488199594,2.368454942409901,147.08785534897007,-176.4578562700796
159994275,0.7189055797075964,-0.2521618530415498,7.397962220445557,2.362644905790222,147.12136352642722,-176.83199918801142
159996030,0.7190176644707345,-0.2514437846045412,7.393325269389276,2.3641450692847026,147.63125536483858,-176.85507066299473
159997785,0.7184585095021379,-0.25191071930975967,7.3801925633395165,2.368404231709706,147.26203354801035,-176.50123495372546
159999540,0.7216337447926011,-0.2522991841841134,7.491387282951047,2.3328225733060415,147.22334422768685,-178.754744585095
160001295,0.7187990154415651,-0.25203717489135175,7.392964205879758,2.3642619623245635,147.20016167661535,-176.7482134358021
160003050,0.7189119684321515,-0.25140172333980787,7.389323772400866,2.365441189975717,147.65241069405548,-176.7779168454524
160004805,0.7184955905640446,-0.25162805129162646,7.378139440400578,2.369071490906745,147.46186008280458,-176.5050258239742
160006560,0.7180019369084375,-0.2520881809262433,7.367148070616515,2.37265009883382,147.10308614482278,-176.19751673636114
160008315,0.7186802474855675,-0.25199427507771877,7.388519116974471,2.365701997773771,147.22095496231626,-176.66214736668599
160010070,0.7187495830322913,-0.25159893150208873,7.386222961373677,2.366446554220101,147.50201799161943,-176.67990409380607
160011825,0.718731353803862,-0.25151493507919176,7.384642485188112,2.3669593169507825,147.55922081032313,-176.66062416979915
160013580,0.717849885915932,-0.25231973234953786,7.3648135165706226,2.373411592086026,146.93052727186378,-176.11000475401127
160015335,0.7184521447280919,-0.25208507323741913,7.382008400804342,2.3678144047071363,147.14016609854914,-176.51028867186773
160017090,0.7184436392347893,-0.2517423007896932,7.377744337705301,2.3691999415825804,147.37817890299567,-176.47776362671092
160018845,0.718679204143308,-0.2514889781783818,7.382611370795692,2.367618611147224,147.57325444629905,-176.62219291242357
160020600,0.7179434243789274,-0.2521965963994221,7.3664731011399915,2.372870212278455,147.02324442922585,-176.16533685559614
160022355,0.7181407261059907,-0.25196226882678857,7.370273717445178,2.371631333570857,147.20142258433089,-176.28413343923816
160024110,0.7182252977684574,-0.2522834409123628,7.376800892263974,2.369506719054129,146.98474943913573,-176.36782153327638
160025865,0.7185455595440748,-0.25142969598840453,7.37749459305231,2.3692811425623357,147.60411150442985,-176.5242772547334
160027620,0.717784718614731,-0.25225862878081196,7.361954765250517,2.374344740047568,146.96783646615833,-176.06004925383834
160029375,0.7179439734909641,-0.2521294506731764,7.3657125414609075,2.37311828668218,147.0699028761352,-176.16048474959427
160031130,0.7182731999597287,-0.2524291418056563,7.3800823593422935,2.3684400380942523,146.88719786030745,-176.41227735981636
160032885,0.7185089066699775,-0.25177912859764157,7.380334114744249,2.36835824183609,147.35761198065043,-176.5261095076356
160034640,0.7179266840971847,-0.2521745389363452,7.365664551351479,2.3731339415341353,147.03725218865245,-176.1519981602127
160036395,0.7176754471130906,-0.25233397486545417,7.359225154575946,2.375236423490257,146.90707495935965,-175.99016591209477
160038150,0.7182659834399888,-0.25239014329867954,7.379389363305939,2.3686652244262,146.91373796634863,-176.40428070999064
160039905,0.718290405494283,-0.25167433486326324,7.371884762401312,2.37110657745598,147.4135027799267,-176.36570771520792
160041660,0.7178521278879637,-0.2522336987220102,7.363889673773242,2.3737130703026534,146.9903852820741,-176.10486699910766
160043415,0.7174010387885006,-0.25236909658362544,7.3505968460812685,2.378059475129862,146.8612796141271,-175.8028517710351
160045170,0.718220967186786,-0.25243152265885155,7.37838013226304,2.3689932471518977,146.88154911367806,-176.3761793417178
160046925,0.7182659214137542,-0.2517817557467161,7.3723201018071265,2.37096481703266,147.3367948575051,-176.35709862284946
160048680,0.7178961299999718,-0.2520194265914341,7.362858416358325,2.3740496922407965,147.1425555570549,-176.11865377193848
160050435,0.7174943553232025,-0.2526441398550187,7.356854282214282,2.3760114647465382,146.67821882338416,-175.8888728743766
160052190,0.7179828484244636,-0.25246119373699993,7.3708476754798316,2.371444354828058,146.84267863735957,-176.2131747999942
160053945,0.7182396575826996,-0.2519861071446266,7.37382189419475,2.3704759163141533,147.19256035445972,-176.35478866649447
160055700,0.7180664123508693,-0.25205355428834597,7.368876461283217,2.3720866428155505,147.13217243172818,-176.23960713697315
160057455,0.7173418786264038,-0.25268166228309297,7.352270118360075,2.377511478176338,146.64044209198659,-175.78632992544493
160059210,0.717941756660004,-0.2523767930168915,7.368509378571611,2.3722062893965776,146.89806256565785,-176.17815736610157
160060965,0.7176741344507441,-0.25217894869942054,7.35738620974525,2.3758375326649275,147.0144422112898,-175.97712777321811
160062720,0.7180197605445444,-0.2518804778826807,7.365329549558938,2.373243228246666,147.24880077820367,-176.19363079393392
160064475,0.7170991171833176,-0.2527962061869024,7.3456170599843436,2.3796918609119815,146.54243413110962,-175.62752441207226
160066230,0.7174833032609009,-0.2524449117287871,7.354181348737637,2.376885860737781,146.81523831687005,-175.86573125504853
160067985,0.7176010242554806,-0.25260894468470435,7.359960646809581,2.3749960935100938,146.71083171948723,-175.95997109304142
160069740,0.7177509293165261,-0.2520393705107071,7.358301165339978,2.3755384162611533,147.1172984625871,-176.01942745454195
160071495,0.7174835665196408,-0.2525021344181059,7.354852896353291,2.376666116645884,146.77564926622873,-175.87037620834747
160073250,0.7171122967129308,-0.252606516610617,7.343854795680769,2.3802700757129207,146.67446050510992,-175.62180963395414
160075005,0.7175111646746815,-0.2528143253706854,7.3593829672767255,2.3751848523728087,146.56179647178925,-175.9136353528358
160076760,0.7176325860703197,-0.25203420902292856,7.35434301346548,2.3768329570011764,147.1115469915028,-175.9369190088664
160078515,0.7168540619584327,-0.25252214138075235,7.334411165304517,2.3833734396502475,146.71237926261,-175.43684924840608
160080270,0.7166990812035277,-0.25270807621265756,7.33148208936934,2.384337647190467,146.57187126644857,-175.34464637918768
160082025,0.7171826321730019,-0.2528788470088528,7.349318525284032,2.3784782967136042,146.49186173954794,-175.69159852203558
160083780,0.7173559218199611,-0.25204564923441714,7.345375745533597,2.379771021653915,147.08168637056312,-175.74605459039986
160085535,0.7167316544606652,-0.2526148709121619,7.3314727893774,2.3843407098575327,146.6387116322254,-175.3597376393428
160087290,0.7164753956080602,-0.25276753532563595,7.324852381889956,2.386522948755092,146.51321407839052,-175.19523883312732
160089045,0.7171578004476953,-0.2528162530826055,7.347777095804983,2.378983519156886,146.53315556099966,-175.6695997771168
160090800,0.71724612747706,-0.252031052843633,7.341601817710534,2.38100971002392,147.08304669284558,-175.66885048267164
160092555,0.716705849422182,-0.2523839692669069,7.327966694334193,2.3854958991171884,146.7959479808441,-175.32357228606395
160094310,0.7162585618826501,-0.2528850081210485,7.31912575348396,2.3884138223351075,146.41518562606228,-175.05534666248252
160096065,0.7168259873890352,-0.25274135224368316,7.336022462338058,2.3828433595117917,146.55892272662652,-175.43477054068345
160097820,0.7170351116669915,-0.25224152104013503,7.337107074079831,2.3824866804629137,146.9206024711914,-175.53963173344997
160099575,0.7168190284870539,-0.25240040995706076,7.331859835381792,2.3842132548201707,146.79362748330846,-175.40300108566217
160101330,0.716256209331663,-0.2531099625058367,7.321642357446971,2.3875824944459856,146.2603590649981,-175.07150379332342
160103085,0.7167913763704932,-0.2527364359197587,7.334831716257969,2.3832350650498872,146.55959184656862,-175.41051558561512
160104840,0.7166827620267555,-0.25261498410600597,7.329874007148671,2.384867337441591,146.63476086574352,-175.3260315049345
160106595,0.716727981169936,-0.25232606305659566,7.3280237085860325,2.385477105034861,146.8376819494339,-175.334216039469
160108350,0.7160090139287728,-0.25312250210371684,7.31372471791522,2.3901999535247307,146.23223774876004,-174.90271680636985
160110105,0.7162405697585559,-0.2527992347207742,7.317550950467254,2.3889343347415872,146.47274464538472,-175.0361545608613
160111860,0.7164999641557269,-0.252968118749468,7.327969551246521,2.385494957362309,146.3770734187133,-175.22798076662602
160113615,0.7168642454981144,-0.2525565057083831,7.335141390441846,2.383133182758566,146.68946697986178,-175.44659655390672
160115370,0.715768900700623,-0.25304105748717914,7.304972223312483,2.3931001327014485,146.26902481195364,-174.73148333456493
160117125,0.7160894982032591,-0.25301944651706454,7.315160664468626,2.389724821381049,146.30937852413413,-174.94981688224226
160118880,0.7163112648136529,-0.25325692929000243,7.325137010041353,2.386429046067194,146.1636919316218,-175.12085639974143
160120635,0.7167959042415801,-0.2524772962812535,7.331989251363099,2.3841706409328247,146.7387178972446,-175.39315395674248
160122390,0.715815356906802,-0.25298546412740713,7.305843888571088,2.3928109849168857,146.3108763080398,-174.75890891036036
160124145,0.7159765500417268,-0.2532909698753926,7.314608222330054,2.389907593301581,146.11407116307882,-174.89373957821354
160125900,0.7164013383933454,-0.25344038221668946,7.330202585029071,2.3847590870961035,146.04466627014997,-175.1970015287416
160127655,0.7165393698601924,-0.25257747581244977,7.324752737134173,2.3865558246690326,146.64922146268495,-175.22420645516348
160129410,0.7159563954348844,-0.25307222491210674,7.3114317815309695,2.3909590444479107,146.26257611215564,-174.8626126602285
160131165,0.7156306614057181,-0.25325168375047863,7.3029004044892964,2.393787676326272,146.11362570490994,-174.65351982633993
160132920,0.716247771813204,-0.25334590308741795,7.324090722679651,2.3867742670387098,146.09762295843512,-175.08419122966566
160134675,0.7165790434481905,-0.2525898931926286,7.326192557013337,2.386080871716191,146.64382196035987,-175.25253809831744
160136430,0.7158485757211877,-0.25310229860794203,7.30826806891516,2.3920072082070356,146.23336946843025,-174.79101856377588
160138185,0.7156938713325339,-0.2534486306701708,7.307221985212563,2.392353987735734,145.98373819625638,-174.71241408784488
160139940,0.7161304849724215,-0.2534108420588631,7.321011486333456,2.3877908399388144,146.04389563059914,-175.00874888740174
160141695,0.7163619705326602,-0.2528718778423781,7.322350001037206,2.38734883833722,146.43241295919216,-175.1254344397426
160143450,0.7159775995538682,-0.25304070792031713,7.311759552535152,2.390850504088042,146.285895335906,-174.87466422561664
160145205,0.7153553387386896,-0.2536075404519478,7.298053051557672,2.395397849349071,145.84828642848194,-174.4933560417596
160146960,0.7158891407844206,-0.25339482845182554,7.312957811993371,2.3904537885342645,146.03597455308514,-174.84196936159032
160148715,0.7161464462353325,-0.25304231187991777,7.317280833101549,2.3890236383324446,146.2981818532175,-174.99074820512442
160150470,0.7161175565907665,-0.25277689658115254,7.313283445177901,2.3903460019302254,146.47828860654988,-174.9497835903307
160152225,0.7153572675756076,-0.2536159758497039,7.298212688582644,2.395344787091283,145.8426735312181,-174.49534136209866
160153980,0.7156720879978924,-0.2533337275195453,7.305190704149321,2.3930276518887297,146.06071388298705,-174.68841211675343
160155735,0.7157703598973114,-0.25344254932113874,7.309640508393879,2.3915523942764003,145.99392939279542,-174.76432471585665
160157490,0.7160216281203694,-0.25276911866989493,7.310069418633299,2.3914102930269094,146.4759532403781,-174.8832251262024
160159245,0.7152059680832479,-0.2534651474858544,7.29157309568797,2.3975537413381405,145.93373171127425,-174.37996109472098
160161000,0.7152567051738896,-0.25352759872361497,7.293934820668707,2.396767539407346,145.89509805461495,-174.41960781497377
160162755,0.7159816519856207,-0.2527521213397247,7.308572722239373,2.3919062338413237,146.4844249822947,-174.85439082258412
160164510,0.7154585072299812,-0.2532549447984525,7.297347663665378,2.3956323437965383,146.09766483009147,-174.53589210551527
160166265,0.7156844274711274,-0.2535871841451057,7.308511327427066,2.391926581861391,145.88813369673971,-174.71684645958564
160168020,0.7165893273505765,-0.25272703873511326,7.328109944645961,2.38544867889097,146.55012843909572,-175.27050572603008
160169775,0.716071974950865,-0.25252757973731765,7.308933928883217,2.3917865265454226,146.646072170434,-174.8983977944973
160171530,0.7155588702331761,-0.2530120418047058,7.297815923518447,2.3954766734584663,146.27208081426696,-174.58515917436063
160173285,0.7155315267592957,-0.25359360636967365,7.3036138872036895,2.393550858578307,145.8717194130257,-174.6127264856797
160175040,0.7162955738508676,-0.25251530258231725,7.316078363846316,2.3894212686294676,146.67254056146479,-175.05129110465668
160176795,0.7159479947234006,-0.25276234898720906,7.307594895116109,2.39223035550601,146.47469390542312,-174.8320878767224
160178550,0.7156501002892875,-0.2529656861689922,7.3002458665207515,2.3946691794991755,146.31119299647827,-174.6439710002708
160180305,0.7153160819757769,-0.25345166712156125,7.294987520335026,2.3964172701245796,145.95172429216933,-174.45415091192132
160182060,0.7162324167560151,-0.2526316125491222,7.315356327531923,2.389660094263869,146.58741059905276,-175.01715304737104
160183815,0.7161279269620343,-0.2526846148608029,7.31256019637802,2.3905854150346926,146.54257102799355,-174.94952332742668
160185570,0.7155492645051739,-0.25289191378244286,7.296126103986394,2.3960385402538558,146.35364630809556,-174.56889083669947
160187325,0.7152781755823181,-0.2535546198630727,7.294941484470092,2.3964325856814597,145.8783389576584,-174.43642711757929
160189080,0.7157619360458263,-0.2530609241331318,7.304974140975303,2.393099496499386,146.2548427919416,-174.72829357062605
160190835,0.7160616821941238,-0.25303051881216926,7.314381577735449,2.389982585343753,146.29956756578474,-174.9315900988516
160192590,0.7155928175262325,-0.25302821961587324,7.299103638342064,2.395048684911584,146.26372151412582,-174.60972538724565
160194345,0.715035983801667,-0.2535567122973964,7.287119765625951,2.399037637193993,145.85761917801602,-174.27117521606485
160196100,0.7155417563162385,-0.2532970403846821,7.300533853845081,2.3945735147888967,146.075486614011,-174.59624234525398
160197855,0.7157396835464876,-0.2529735559606225,7.30324677261254,2.3936727046258053,146.3129866847342,-174.7060403734167
160199610,0.7155219655012854,-0.2529571363154913,7.295988393874578,2.3960843407017305,146.30673639457683,-174.55544490566484
160201365,0.7149472256165248,-0.2534846609436225,7.283422026352976,2.4002711677286763,145.89969157135957,-174.20481875444955
160203120,0.7151561356199578,-0.2536449429144959,7.292023821377601,2.3974036577947047,145.80695051065652,-174.3602337815245
160204875,0.7158715436226809,-0.25302362927323574,7.308110498529763,2.392059436736873,146.28917488098563,-174.80051117963444
160206630,0.7155766936429374,-0.2529358488983195,7.29752014263592,2.395575001770363,146.32574085811126,-174.5912406425578
160208385,0.7148160632797542,-0.2534463118258831,7.278743842335807,2.4018335956394408,145.91530353553603,-174.1122297502984
160210140,0.7154004423934113,-0.25379546037634965,7.301680702638728,2.3941926265458577,145.7234226828333,-174.5389788514364
160211895,0.7159070654795504,-0.2530035118660476,7.309035119159524,2.3917529932934505,146.3058138504528,-174.8232858649714
160213650,0.7156046401275442,-0.25289227258795555,7.297927338483716,2.395439637182138,146.35787169108184,-174.60688681686636
160215405,0.7151226522986699,-0.2531949590968282,7.285776375563807,2.399485631704338,146.1117135584125,-174.30131842174302
160217160,0.7151764340242385,-0.2538136183620014,7.294621235514158,2.396539133958733,145.69340612259833,-174.38743640260515
160218915,0.71578121760672,-0.2528965360065397,7.303712126514488,2.3935182548769616,146.36916136003998,-174.72835633271478
160220670,0.7156826670234446,-0.25285056751249485,7.299982315314876,2.394756733668911,146.39277026033292,-174.657038653957
160222425,0.7151805219286718,-0.2530592316077032,7.286094453741881,2.399379543592564,146.2092178008175,-174.32990969314508
160224180,0.7150490369683364,-0.25378562689262335,7.290171454472506,2.398020583502599,145.70243945511643,-174.29829242589182
160225935,0.716033376262429,-0.25304266692427646,7.313599079133504,2.3902415344682018,146.288979469115,-174.9131154885712
160227690,0.7157772510294734,-0.2529119163260245,7.303759836692615,2.393502421126617,146.3582888586267,-174.72686933614926
160229445,0.7151936354108319,-0.25304366269738265,7.286340579623875,2.399297460094842,146.22093234141556,-174.3376187859796
160231200,0.7150910729421006,-0.25368508177090693,7.29037738195893,2.397951984133363,145.77438268996931,-174.31900359956333
160232955,0.7154996122901076,-0.2531847907984603,7.2978758762301545,2.3954567439889427,146.14898358080424,-174.55842423623434
160234710,0.7156955309987684,-0.2530521239693462,7.302714505865282,2.393849387168156,146.25556882301444,-174.682053736063
160236465,0.715077477041703,-0.25308299522705957,7.2830329014391895,2.400401050327727,146.18460393025515,-174.2613629297764
160238220,0.7147502665406605,-0.25360290216934656,7.278412609768259,2.4019442988630484,145.80321658933667,-174.07996627708366
160239975,0.7153382743894496,-0.2534924212058449,7.2961756298334,2.396022069083945,145.92562673828533,-174.47256525841783
160241730,0.7156729772798512,-0.2530368000480978,7.3018056301100875,2.3941511433449563,146.26426945930288,-174.665363258982
160243485,0.7153913319109864,-0.25302494735106607,7.292529613146389,2.397235260751832,146.24973910797974,-174.47142505837766
160245240,0.7146733100008208,-0.25350419155433707,7.274798047903353,2.4031530111181856,145.86430645334977,-174.019551630274
160246995,0.7151000889320267,-0.25390203472081724,7.293163981029189,2.3970240895509725,145.62706153924265,-174.3423112526617
160248750,0.715741788456768,-0.2530649470388483,7.304365354967775,2.393301483888997,146.25047463180115,-174.71479785727252
160250505,0.7151049521869824,-0.25305651646793953,7.2836184177950205,2.400205621319032,146.20494218930446,-174.2780001455335
160252260,0.7148354298855925,-0.2535458462277378,7.280509762623421,2.4012435701021158,145.84896524947885,-174.13345426145943
160254015,0.7150425573172259,-0.25384334357717003,7.290625099309142,2.3978694687944864,145.66255578307386,-174.2984387606327
160255770,0.7156161385226978,-0.25290269915204405,7.29842021892027,2.3952758089598896,146.3516495121162,-174.61561245638305
160257525,0.7152648615361221,-0.2529567661939605,7.287651237592483,2.3988604480808244,146.28618134982972,-174.37931247503255
160259280,0.7148311167351783,-0.2533750099614978,7.27841364029661,2.4019439544280603,145.9651700971773,-174.11674218105003
160261035,0.7149840245323723,-0.2537954498001873,7.2881794787207514,2.3986843622053353,145.6905870687071,-174.25472549487407
160262790,0.7154137922036939,-0.25290755414932653,7.291912133772987,2.3974408459948284,146.33196487009542,-174.47731364468407
160264545,0.7153352338277204,-0.25289166266820445,7.289184696468656,2.3983493510029024,146.33647613366153,-174.42221093778954
160266300,0.7147723827776334,-0.2530935874917908,7.273299530520885,2.403654475537168,146.1524973877842,-174.0537600909967
160268055,0.7148037858721202,-0.2538269403795825,7.282711082566318,2.4005084781201345,145.65480158663428,-174.13435802146168
160269810,0.7157289072825407,-0.2529917695825585,7.30310576763098,2.3937195077720435,146.2996301286631,-174.70010868819531
160271565,0.7152846543987945,-0.2529455290444478,7.2881634483362205,2.398689705450979,146.2954814993309,-174.39195036023597
160273320,0.7147788903492447,-0.25294617414601844,7.271826237264762,2.4041477043141195,146.25371193091524,-174.04611340186045
160275075,0.7146421246638496,-0.2538019421044492,7.277202268543175,2.402348901605224,145.6589323086078,-174.02224119979155
160276830,0.7151494330478779,-0.25329808406492876,7.28782513760532,2.3988024767268765,146.04337775750056,-174.32793801649137
160278585,0.715272807694895,-0.25306940320505483,7.289198789222512,2.398344654948192,146.20972963524093,-174.39387780218456
160280340,0.7147771467994097,-0.25316856455497283,7.2743099388388215,2.4033163289933897,146.10169587683362,-174.063137980807
160282095,0.7143924496438165,-0.2536464695702583,7.267371965725287,2.4056401440600177,145.74468182685024,-173.83975815980781
160283850,0.7147986314216062,-0.25345719128877947,7.278305435486756,2.4019801204217366,145.90647530651054,-174.1012156918326
160285605,0.7151764255530912,-0.2531613930579126,7.287132124743377,2.399033516449739,146.13900878941692,-174.33537513371326
160287360,0.7147294914228874,-0.25257009885054926,7.265947568818187,2.406117793363665,146.50665071848672,-173.9811957580691
160289115,0.7143892690547945,-0.25357210683399295,7.266419453857945,2.405959532926812,145.7950379068453,-173.83156475029395
160290870,0.7145050127690942,-0.2537804415445442,7.272532359052573,2.403911283606975,145.66257909908228,-173.92717188883114
160292625,0.7151814588706298,-0.25316233567099494,7.287305858079758,2.3989755922476967,146.13877069212842,-174.338893483422
160294380,0.7147293780561923,-0.2530436653321948,7.271342366404459,2.404309738931231,146.18306135857438,-174.0203059957682
160296135,0.7144461944436208,-0.25356083140174207,7.268123880454654,2.405388078130823,145.80733324132413,-173.86940480268083
160297890,0.7146281937208514,-0.2539277059093153,7.2781948299199986,2.4020170899687217,145.57219659085254,-174.02279456921045
160299645,0.7152992961941871,-0.2530620224057992,7.289972198798849,2.398086964091519,146.21692224032185,-174.41140997756625
160301400,0.7148381080386765,-0.2530329028470452,7.274727063023095,2.403176760773991,146.19932238469977,-174.0936831992866
160303155,0.7146146624391915,-0.25329851407571746,7.270554524336105,2.4045736119143757,145.99977914936315,-173.96287154074287
160304910,0.7147332990177132,-0.2539804228616749,7.2821950463470655,2.4006807586709917,145.54465956238457,-174.09853709872897
160306665,0.715222144722507,-0.2530982462642237,7.287888684864384,2.3987812932993533,146.18589715141275,-174.36154388624013
160308420,0.7150747999324976,-0.2529362967289716,7.28126810417435,2.400990284161995,146.28471234293724,-174.24758579715618
160310175,0.7146235527963972,-0.25312146927349705,7.268819184339818,2.405155037275086,146.1212735268439,-173.95445698953046
160311930,0.7145787578152167,-0.2538744092555404,7.275987889167032,2.402754992141249,145.60452989236288,-173.98489367508893
160313685,0.7153725917740987,-0.25303877631434063,7.292080726752801,2.3973847106731876,146.23875662650795,-174.45970910436216
160315440,0.71509707806345,-0.25287261343022205,7.2812601922863,2.4009929264535774,146.33010144135403,-174.2576225931177
160317195,0.7145159801903235,-0.25277686145722067,7.2614277528625575,2.407634707889378,146.34758286706688,-173.8525532355084
160318950,0.7143226020184184,-0.2535492983968188,7.264012890249581,2.406766863469905,145.80514305299815,-173.78433503786408
160320705,0.7152939215744722,-0.25365675996527437,7.296626642558338,2.395872082999529,145.80979592946306,-174.4552792114737
160322460,0.7150969714871146,-0.25272497114275566,7.2795697139162705,2.401557620861634,146.43113797164455,-174.2454404031627
160324215,0.7151485465498139,-0.25305228901253474,7.284980268464576,2.3997511974361703,146.21137329487132,-174.30747339066343
160325970,0.7141396765733158,-0.25355779861146804,7.258227619984447,2.4087098824262716,145.78444093330987,-173.66058797648813
160327725,0.714926541230397,-0.25347308477838854,7.282620553227937,2.4005386998660634,145.90593085444522,-174.1897714167446
160329480,0.7159529696052489,-0.2534438368698825,7.3156027556019385,2.3895785786419244,146.0073851530554,-174.88957261403274
160331235,0.7147850759296503,-0.2539730841447773,7.283784391373011,2.4001502297989226,145.55375933283187,-174.133213876335
160332990,0.714031396006764,-0.25327567169890536,7.251535915570284,2.410961274775983,145.96741624966657,-173.56373492982215
160334745,0.7147102225107412,-0.25385767419777117,7.280040441158582,2.401400350328298,145.62641404391104,-174.07306675300418
160336500,0.7151236296942417,-0.2533036327763962,7.287053495118636,2.399059733174314,146.0375095816745,-174.31074849830046
160338255,0.7151733081461127,-0.2534550382121899,7.2903989807096785,2.3979447893019428,145.93803098718226,-174.35683716241482
160340010,0.7157623131878293,-0.25327404525334923,7.307437976774879,2.3922823776696944,146.1087560988769,-174.74550445376832
160341765,0.7160890246712579,-0.2526657722367026,7.311076385366343,2.3910767440014657,146.5524051091822,-174.92125890655953
160343520,0.7154590600342452,-0.25268979487409565,7.29088548090627,2.397782741120052,146.48489861638905,-174.4906329936504
160345275,0.7147264386293444,-0.2533138638445419,7.274334858942055,2.4033079903601915,145.99840688756188,-174.04036153057288
160347030,0.7157239471015009,-0.25331775323073036,7.306693169984366,2.3925293298963584,146.07576523377836,-174.72267468745034
160348785,0.7160142500585379,-0.252652426339998,7.308488487776257,2.3919341516724897,146.55556499441462,-174.86877569281023
160350540,0.715435549821807,-0.25263864275389813,7.289538348843633,2.398231510865128,146.51805367214914,-174.4703329079935
160352295,0.7148779567669359,-0.2533268736153476,7.27937557881092,2.401622487669983,146.0018132678515,-174.14481888198688
160354050,0.7154057952884966,-0.2534956967692353,7.298404052091196,2.3952811822844553,145.92874728063694,-174.51899401597657
160355805,0.7159113701337099,-0.25297323786786374,7.30882702866735,2.3918219530311795,146.3269377384457,-174.8238257326693
160357560,0.7156570773214161,-0.25273482424589944,7.297823944033815,2.3954740072608707,146.4701139427428,-174.63012354634859
160359315,0.7150146012256213,-0.25338962880830096,7.284511570237853,2.3999075736504456,145.96998757040814,-174.2431809544953
160361070,0.715316184193493,-0.2534791698613603,7.2953068671749595,2.396311032845345,145.93292980884354,-174.4564096689147
160362825,0.7159098764142865,-0.2529813868088724,7.308872132147134,2.3918070057128897,146.3212247682613,-174.823450653702
160364580,0.7158167513275329,-0.2527621370127329,7.303324078164488,2.3936470457250123,146.46427471057362,-174.74193202617278
160366335,0.7149712706012892,-0.25346553599032323,7.283980323667166,2.400084843258778,145.91467679105864,-174.21969590915637
160368090,0.7150229468875976,-0.2537509123402913,7.288927742890083,2.3984349775459775,145.72405379649678,-174.27774157736155
160369845,0.7155115817994133,-0.2532137034182015,7.298596474212632,2.3952172290465823,146.13014223873992,-174.5689331830506
160371600,0.715399359348,-0.2528093755829777,7.29031987174814,2.397971141762085,146.3980638680453,-174.45945229932988
160373355,0.7148834298201008,-0.25326357934939114,7.2788279215732805,2.401805496647254,146.04546925913888,-174.14342922430737
160375110,0.7149001073804979,-0.2537030157035115,7.284402995770179,2.399943801300994,145.74695112673626,-174.1901456339721
160376865,0.7154935048101263,-0.25352780527096785,7.3016211167157135,2.3942124130543463,145.9137305439525,-174.58152614093265
160378620,0.7155229403536402,-0.25287091483610125,7.295031336632482,2.3964026931730418,146.36591300836923,-174.54914686892567
160380375,0.7148112081853741,-0.25320427519323613,7.275817450165286,2.4028119982911504,146.08009209356965,-174.08930162531402
160382130,0.7146752501061908,-0.2538751672574727,7.279111576666021,2.4017107049713364,145.61171428230583,-174.05064474576406
160383885,0.7151937596034219,-0.2535320418101564,7.291945772785563,2.3974296452176045,145.8870527084085,-174.37695314604926
160385640,0.7156566496950933,-0.2529283176560771,7.3000296184020455,2.394741018667565,146.33734480954487,-174.64545684816878
160387395,0.7149072738793297,-0.2531351776203451,7.278129168743033,2.402039037542965,146.1351007501378,-174.1492820302815
160389150,0.7145451304773401,-0.2537577148413873,7.273565789805836,2.4035653590442143,145.68127165597969,-173.95265463753594
160390905,0.7152028895981798,-0.2535706706918413,7.29268540850716,2.3971833954309805,145.8613904243935,-174.38626418111517
160392660,0.7153903074341356,-0.25306772278853396,7.292986882020541,2.3970830392890483,146.22036582497833,-174.47417442597705
160394415,0.7148927666209691,-0.2529184613299509,7.2751840974208415,2.403023857472206,146.2820051779907,-174.12165292340157
160396170,0.7144884739343469,-0.25375598557347073,7.2717190868678045,2.40418358404602,145.6778948889918,-173.91394931313607
160397925,0.7147668746698839,-0.2537613145275123,7.280765197216394,2.4011582489882026,145.6965778348747,-174.10397471345203
160399680,0.7153254845334074,-0.2532615013730117,7.293108614650404,2.3970425186660225,146.08253045425437,-174.44538712736124
160401435,0.7149786291826666,-0.2529524967316047,7.278345521958952,2.4019667219329683,146.26577341714142,-174.18314025527152
160403190,0.7144213444454737,-0.2537199828232974,7.269143568164131,2.405046331028913,145.69698900997446,-173.8653632701254
160404945,0.7146694657933275,-0.2539049339728878,7.27926628398808,2.4016590081515443,145.59098568099867,-174.04907765340968
160406700,0.7151801276390577,-0.2533185502438025,7.289053680587741,2.398393009625937,146.0318550777569,-174.3505638081674
160408455,0.7150783944571474,-0.2531316717310248,7.283619781087769,2.400205166327352,146.15139829071347,-174.2659398086209
160410210,0.7141456091738778,-0.2536026865111521,7.258930489664034,2.408473650799841,145.7544032651502,-173.66828762349354
160411965,0.7141897181062807,-0.2539315208298371,7.264106239355314,2.406735537455237,145.53448475658433,-173.7249225602796
160413720,0.7148827404810885,-0.2534535715911794,7.2809811762173835,2.4010861117233038,145.91572412840904,-174.1583097950753
160415475,0.7147851513391378,-0.25321072420677326,7.2750501690669935,2.403068661890868,146.07356802621428,-174.072038643255
160417230,0.714159001503529,-0.2535307032357299,7.258539501376999,2.4086050546094206,145.8044472547205,-173.6715148291981
160418985,0.7140536346988938,-0.2540272604322573,7.2608247728554,2.4078372220956314,145.458510139643,-173.64022027928195
160420740,0.7148234887494588,-0.25368382949837254,7.281705864159676,2.400844096885101,145.75391495532637,-174.13637107558833
160422495,0.7146182245550481,-0.25311344598278757,7.268555912160639,2.4052432712949745,146.1263108190884,-173.9501630821074
160424250,0.7140656380719627,-0.2534823419488675,7.254988896979288,2.4097990068272455,145.8296837057761,-173.6040625342508
160426005,0.7135843684932983,-0.2541078461655866,7.246686378723735,2.4125955274810162,145.36591195842394,-173.32856744157533
160427760,0.71414642523382,-0.25386551781644456,7.261958865438237,2.4074563591572056,145.5758337682955,-173.6901850976797
160429515,0.7143003512828617,-0.2532251156452727,7.259598319197894,2.408249239222695,146.02404279670208,-173.74263891935664
160431270,0.7139370792389396,-0.25331627854509176,7.248972794880755,2.411824746943935,145.93198874967638,-173.5029555943866
160433025,0.7132297313684292,-0.2541920853722483,7.2363010257968625,2.4161028146648373,145.2800136672878,-173.0954681685724
160434780,0.713948726528958,-0.25403427734767936,7.257533896132983,2.408943085912872,145.44528974518875,-173.56959239845185
160436535,0.7141500977647431,-0.25338680508642203,7.256612514674707,2.4092528894712575,145.90160343939516,-173.65365885611655
160438290,0.7137259900035059,-0.2533774634679496,7.242905310016708,2.413871263306195,145.87289501823665,-173.36459325264133
160440045,0.7129732882398492,-0.2542268243827401,7.228510960201582,2.4187403788217305,145.2355323577157,-172.92505318965468
160441800,0.713581494877283,-0.25425798918085657,7.248307803264666,2.412048873120565,145.2640182794938,-173.3387883783783
160443555,0.7139563909940843,-0.2538482081628928,7.255654629221464,2.409575052099337,145.57218971914511,-173.5597243344513
160445310,0.7135250093486039,-0.2535365689074277,7.238282861454352,2.4154327273159666,145.74821442162613,-173.24140771020106
160447065,0.7130089983013284,-0.25450097570479224,7.23277040564818,2.4172974960318685,145.05339832479038,-172.97155623128518
160448820,0.7132721406030419,-0.2546157146881864,7.242487735700383,2.4140122365030297,144.99721557968192,-173.15846291130856
160450575,0.7136539943617971,-0.25390116044611705,7.246560113424275,2.4126381075978545,145.51162758141442,-173.35890197941487
160452330,0.7134587759535252,-0.25367898017842183,7.237783640120308,2.415601486032493,145.64616956517037,-173.2083086343527
160454085,0.7127077069591988,-0.25438639357676374,7.221863195370243,2.42099576988146,145.10605159454457,-172.75898460349376
160455840,0.7127831225723081,-0.25488718116154147,7.229966233477835,2.4182472115571385,144.77479356587213,-172.85055995995495
160457595,0.713226405882511,-0.25429643530373663,7.237383352044869,2.415736818111593,145.20920900305714,-173.1017325381847
160459350,0.7132541470587385,-0.2539833992905668,7.234706085801454,2.416642358788201,145.4231477806044,-173.09486733378498
160461105,0.7127521033930627,-0.2543589426167733,7.222964735414114,2.4206217571755064,145.1282090425454,-172.78666097486706
160462860,0.7125328202033133,-0.2548625714296774,7.221712174087431,2.4210470561394954,144.77110984505788,-172.6801157976774
160464615,0.713237482701688,-0.25448057823940523,7.239836829202618,2.4149075699032334,145.08569146300684,-173.12415875501316
160466370,0.7130911677204613,-0.253882115329697,7.228353396543097,2.4187937866016296,145.47819454692856,-172.9762626618992
160468125,0.7125632338999819,-0.25430181525590106,7.216307047542766,2.4228840576615727,145.15114198978821,-172.65463402826018
160469880,0.7124690210698588,-0.25487214001999225,7.219791232482263,2.421699591536819,144.7594923904314,-172.63798425983492
160471635,0.7129016135164096,-0.2545317711743182,7.229695086058019,2.4183390834444403,145.0238905060262,-172.90162052040085
160473390,0.7132221036366664,-0.25408260444901026,7.23481117980446,2.416606799609818,145.35341359144635,-173.08134532946397
160475145,0.7127580533660246,-0.25390023580536836,7.217949033639551,2.4223257110073613,145.43822842021345,-172.75266674232424
160476900,0.7122392761529487,-0.25477848350690235,7.211426221455349,2.424545281340314,144.8036936957864,-172.47589941334567
160478655,0.7130165540635597,-0.2545368969867682,7.233420866783502,2.417077305466947,145.0297740700756,-172.97957152142507
160480410,0.7131731698617462,-0.2539823834587324,7.232108909098747,2.4175214636587237,145.41716505800122,-173.04000928454363
160482165,0.7127548718510399,-0.25380911348627977,7.21681562218101,2.4227110924837776,145.49950045132837,-172.74289460126334
160483920,0.712241393222911,-0.2547829439031808,7.211544076463643,2.424505141542328,144.80087000308967,-172.4776877750704
160485675,0.7123804580025178,-0.2546241230504903,7.2141568181290125,2.423615621015651,144.91906548637235,-172.558150154217
160487430,0.7130474003720368,-0.2541066705140642,7.22950858829757,2.4184022778757743,145.3227854100438,-172.96523098389315
160489185,0.7129219825843067,-0.25380513920202563,7.222088512640629,2.4209192570514553,145.51616249926576,-172.8554742229432
160490940,0.7121547539529113,-0.2546068122358188,7.206796790860001,2.4261230608548097,144.91210206405918,-172.4049629243984
160492695,0.7127120120029004,-0.2546492394068182,7.224989226543935,2.419934672399227,144.92928025574614,-172.7833916806344
160494450,0.7132604189158278,-0.25419156940229587,7.237275731442012,2.415773205810496,145.28286944003838,-173.11617347231677
160496205,0.7126876443169913,-0.2537633181064136,7.214159917312172,2.4236145662738515,145.52478662084377,-172.6936473268007
160497960,0.7120450870741812,-0.25457260293075434,7.202933234341041,2.4274414020617936,144.92600516152217,-172.32843853456288
160499715,0.7120800579852771,-0.25480447145376467,7.206670007157273,2.426166299722981,144.77316095184364,-172.37108337280696
160501470,0.7127506839715068,-0.2542611741463421,7.221808914822872,2.4210142030988617,145.1940279235161,-172.77765326781176
160503225,0.7128184282018672,-0.2538597106557326,7.219410657335362,2.421828913256878,145.470641041593,-172.79005775269601
160504980,0.7117647079026411,-0.2545054263656107,7.19330124184863,2.430734364145005,144.94773886837842,-172.13456769530347
160506735,0.7119511180283425,-0.2547145150284187,7.20156446608144,2.427908805716537,144.82291637901773,-172.27709520075982
160508490,0.7127243722777724,-0.2545710509172871,7.224493242639373,2.420102966286102,144.9829642091693,-172.7853438290665
160510245,0.71268784708454,-0.25394152058829106,7.216184087512913,2.4229258798437074,145.40449207998816,-172.708718879621
160512000,0.7119541717732008,-0.25429440256558367,7.19690762979094,2.4295003684373793,145.10535752042108,-172.24412043536088
160513755,0.7120123104831833,-0.2543712772382165,7.1996166197419305,2.428574263980769,145.05856092713984,-172.28963974999246
160515510,0.7115500750603779,-0.25491476763577214,7.191148922649903,2.431471423363149,144.65541287773405,-172.024795475885
160517265,0.7119683651800526,-0.2547157632670031,7.202124815018534,2.4277174372246115,144.8235055890871,-172.28877640297603
160519020,0.7121927334597622,-0.25437144808757334,7.205334314670263,2.4266219244025504,145.07350439113532,-172.4109692989744
160520775,0.7120985306211245,-0.2543584388286641,7.202201765836482,2.4276911596101822,145.07439757025594,-172.34652997242804
160522530,0.7116464422723652,-0.2550439095361482,7.195656192172102,2.429928429234548,144.57689318671902,-172.10001476941162
160524285,0.7119864968349752,-0.2548614198446378,7.204350478555037,2.4269576357857634,144.7272368269521,-172.312962811692
160526040,0.7121109545092439,-0.2546661581802084,7.206080876559801,2.4263672397501552,144.86860519934416,-172.38043549540416
160527795,0.7120712706915158,-0.2542085415522731,7.199643300797697,2.4285651462389337,145.17292302245275,-172.3156429411916
160529550,0.711273049355978,-0.25499083855180715,7.1832687989275525,2.4341738059206923,144.58146992049467,-171.84572507345695
160531305,0.711639771272179,-0.254938682563005,7.194253460798217,2.430408421356943,144.6468263437609,-172.08685709563247
160533060,0.7118754541157102,-0.2549157455776727,7.2014492855573335,2.427948145545748,144.68165260015252,-172.24293914476698
160534815,0.7119454182787446,-0.25415364805399415,7.195040954102788,2.430138930314129,145.19924163707617,-172.22638523223765
160536570,0.7114596844177892,-0.2550080840735472,7.189350728634902,2.4320875578693184,144.58544194667223,-171.9720193668651
160538325,0.7115722696882301,-0.25504053239982793,7.193273637817913,2.430743814266166,144.57303567850113,-172.05006798914795
160540080,0.7121225829657412,-0.2552433298329506,7.213005749814046,2.424007426816424,144.48211675738733,-172.43541916387554
160541835,0.7121600568876868,-0.2543636829258424,7.204210620335433,2.4270053667675304,145.07600458497114,-172.388343466738
160543590,0.7113987503934202,-0.2549428495641739,7.186690086824412,2.4329997788906614,144.62403927729113,-171.92582234027535
160545345,0.7113668342738103,-0.25501292906806217,7.186475649507639,2.4330733303290226,144.574495697152,-171.91029293127943
160547100,0.711935701631885,-0.25521509344422755,7.206755932273283,2.426136995276422,144.48588850690356,-172.30783019645122
160548855,0.712000472154429,-0.25416278756396765,7.1968856123760325,2.429507898297703,145.1977391132539,-172.26417650868967
160550610,0.7076232134632228,-0.2557777055154965,7.078565355679818,2.4706630451628113,143.7470828905812,-169.49425054933369
160552365,0.7113066709375817,-0.25515857990027296,7.186225435333617,2.433159158794533,144.47210263301915,-171.88213423294138
160554120,0.7121797854144204,-0.25515935129548284,7.213866526782916,2.4237144196659486,144.54308712275474,-172.4669963877851
160555875,0.7121075100596117,-0.25437511780856775,7.20267497164455,2.4275295791144753,145.0639320984674,-172.3539600425993
160557630,0.7116171881714443,-0.25468741224364516,7.190697382070848,2.4316261100095633,144.8133354132399,-172.05083740028337
160559385,0.7113629565823376,-0.2552623419653369,7.1891757813220805,2.4321475187207464,144.40738386521727,-171.92832740107315
160561140,0.7118294828472725,-0.25513907291191645,7.202527107111891,2.4275800664999885,144.52817020272389,-172.23044706710976
160562895,0.7118904214795209,-0.25466981286593693,7.199136653213686,2.4287382951560184,144.8478904815074,-172.23264863691745
160564650,0.7117710115722989,-0.2545189528196748,7.193653353482987,2.4306138267300668,144.93918844111406,-172.13993074119654
160566405,0.7113170538000856,-0.2553632929896049,7.188870618722498,2.4322521162429007,144.33614115773338,-171.90595290157876
160568160,0.7117351183615029,-0.25526491104093346,7.20096792017033,2.4281125694523107,144.4361735740589,-172.17752044026062
160569915,0.7119782472096322,-0.2550029616802937,7.205695150894455,2.4264988207916325,144.63159543645918,-172.31904462779048
160571670,0.7117588802742761,-0.25455920585121006,7.1937249093755415,2.4305893326677004,144.91116076327424,-172.13515664471876
160573425,0.7111215984191636,-0.25533155266200097,7.182348303652794,2.4344898718467984,144.34123744643168,-171.77279309185909
160575180,0.7115262617086897,-0.2554412709198932,7.196362820053329,2.4296867048049107,144.30114204113423,-172.05216307785165
160576935,0.7117584630364521,-0.2555452913100795,7.204893257680152,2.426772413367297,144.2504085298571,-172.21590530563236
160578690,0.7117355276972764,-0.2546958378638299,7.194531833034335,2.4303131516739445,144.81755277901394,-172.13088883018432
160580445,0.7111075328667243,-0.25529404349378615,7.181480947073516,2.434787767409971,144.36511796008335,-171.7603001925451
160582200,0.7110911344191299,-0.25534065889545626,7.181491613586862,2.4347841035263733,144.3326405022611,-171.75320795703126
160583955,0.7115598120588819,-0.25552957206867555,7.198426333926772,2.428981091571524,144.24483679163123,-172.08177673233155
160585710,0.7125046597500295,-0.2543318263760676,7.214785792513636,2.423401581746958,145.12607420949135,-172.61765280836454
160587465,0.7110003882873037,-0.2552785293606018,7.1779320139079,2.436007421238935,144.3665931413406,-171.68749037378745
160589220,0.7110356690309226,-0.2555716253829997,7.182358245920914,2.4344864575778438,144.17396159098982,-171.73522698957584
160590975,0.7114373513259494,-0.25570085635516504,7.196499868566179,2.4296398286282463,144.120461876665,-172.01383673876387
160592730,0.711744845966556,-0.25476014552898796,7.195554079071564,2.4299633642555643,144.77520077280897,-172.14248487838495
160594485,0.7111104408157911,-0.25514725716935027,7.1799133090214315,2.4353263624234387,144.46338800213044,-171.75006327232765
160596240,0.7109996373561189,-0.25554004013945436,7.180865801524833,2.434999085009044,144.192064783468,-171.70860124725735
160597995,0.7114369522349404,-0.2556660882149795,7.196092273430113,2.4297792481205667,144.1436498742311,-172.01075432061398
160599750,0.7116928322124545,-0.2548220269447237,7.194610040966914,2.430286387264914,144.72939526589104,-172.11274901059957
160601505,0.7109996271699933,-0.2549889011759009,7.174638281311447,2.4371404718177176,144.55991153685665,-171.66281679797382
160603260,0.710697087667223,-0.25556571189440896,7.171639507685664,2.438172978989747,144.14998755162867,-171.50909191625533
160605015,0.7109411287027568,-0.25509538022320105,7.173999836457454,2.4373602208854788,144.4839067056012,-171.6326709009469
160606770,0.711108642940924,-0.25450449113192153,7.172608956660554,2.437839091888723,144.89299810693865,-171.69479839522484
160608525,0.7107515930981944,-0.254248819816977,7.158529835785181,2.4426971266117428,145.03341412331127,-171.43401374916292
160610280,0.7100989709345231,-0.2547690819782301,7.14394824269433,2.447749128644869,144.6299024395664,-171.0434824253122
160612035,0.7104441821875077,-0.25451494655526957,7.151888075528347,2.4449956540989066,144.82908136933884,-171.2516557489463
160613790,0.7104423362713881,-0.2542179718949278,7.148505563293297,2.4461679212439313,145.02717639340327,-171.2246625031263
160615545,0.7100397705272734,-0.25359055046919016,7.128955898964391,2.452965420929302,145.4106076934522,-170.9002771263241
160617300,0.7095362238892724,-0.25418995989082377,7.119970843968056,2.456102334092232,144.9660235372031,-170.6181967561522
160619055,0.7095870485557458,-0.2538705201219661,7.117999240819211,2.4567917521928004,145.18321193980574,-170.62346320234957
160620810,0.7096929796627551,-0.2537721853996243,7.120195210631034,2.4560239036168143,145.2582542167649,-170.68520710364197
160622565,0.709660661970152,-0.2528681472813186,7.109186938901139,2.4598779523743315,145.85863731342712,-170.5811244268889
160624320,0.7089244338948669,-0.25346536306348233,7.093021973773013,2.465559504187373,145.39249529376036,-170.14561002906305
160626075,0.7088759247315423,-0.253490572304334,7.091804262291694,2.465988567436173,145.3712587446067,-170.1156874274984
160627830,0.7090984606286181,-0.25337001669191683,7.09733996679815,2.46403926082951,145.4719800097989,-170.2525842417632
160629585,0.7092827895816147,-0.252276901109072,7.0910033731903095,2.4662708443890256,146.2182457136061,-170.2731355272955
160631340,0.7085326123380241,-0.2528117192339424,7.073783799763294,2.472355736033505,145.79045785988473,-169.8238786102642
160633095,0.7085135489374119,-0.25335906638505307,7.079203315653717,2.4704373810678626,145.42497629211977,-169.86274786083013
160634850,0.7092799326059368,-0.2536753514608152,7.106321542573676,2.4608831394387067,145.28538543744344,-170.40133909591913
160636605,0.7095368707485287,-0.2529643916430938,7.106416360644061,2.4608498638300462,145.78288997921746,-170.50735418760087
160638360,0.7090663084871419,-0.25362707577776517,7.099184781101301,2.463390329086595,145.29800405936362,-170.25481448105626
160640115,0.7088719122755981,-0.2542619708985272,7.100204353000535,2.4630318321647966,144.85870377172003,-170.18336655524635
160641870,0.7101625347534443,-0.2546317712359232,7.144395108303766,2.4475939932218664,144.72684634086463,-171.07395604905852
160643625,0.7091690473531748,-0.2538611022263102,7.104947569305589,2.4613654255593125,145.1517521014099,-170.3444507504706
160645380,0.7094945632543064,-0.2541906606402156,7.118685884989631,2.45655160645735,144.96184745995245,-170.59054508802367
160647135,0.7090660512114654,-0.2550278367464061,7.11471769017853,2.4579400890050707,144.36833762923206,-170.380036032191
160648890,0.7095038339683524,-0.2548850483350856,7.126709145470805,2.4537490636543597,144.50123057151447,-170.65786524030463
160650645,0.7098948137199271,-0.25462410804532537,7.135960123461648,2.450525655591786,144.70871268183734,-170.89502235717808
160652400,0.7099125736704723,-0.25476609257280397,7.138100882606632,2.4497809443755307,144.6157808642345,-170.91916968322334
160654155,0.7095939636322316,-0.2557690691326734,7.1394134803071845,2.4493245530316377,143.9227263120753,-170.79340296390146
160655910,0.710060194614091,-0.2557956084744505,7.154267953898667,2.444171544338834,143.94423033092826,-171.10476549288532
160657665,0.7101923770271173,-0.2558570663629808,7.159097762374365,2.442500784973936,143.91442516219738,-171.19762219679788
160659420,0.7102915400381489,-0.25547637472270557,7.157911758758308,2.442910842196869,144.17565146054372,-171.23176693249357
160661175,0.7096334889280554,-0.2562447126950683,7.145997237784241,2.447037955032788,143.61115130531772,-170.85935171256764
160662930,0.709704188317241,-0.25618916391586566,7.147577999777631,2.446489581871509,143.653774652773,-170.90153085523102
160664685,0.7099181209573039,-0.2561823401865848,7.154185505643074,2.444200085359432,143.67599565569745,-171.0426379227244
160666440,0.7100051407107019,-0.25546212226735,7.148793877310306,2.4460679570064134,144.16102628034,-171.04023139148393
160668195,0.7094792619146072,-0.2563135292901739,7.141962118272651,2.4484388781092763,143.55284453034014,-170.7630684565516
160669950,0.7095319465665589,-0.2562125191125876,7.142467218058499,2.4482634278766096,143.62401220716293,-170.78950797475972
160671705,0.7099648651245152,-0.25648646875277037,7.159083819199125,2.4425056049803526,143.47840533709743,-171.09855668394675
160673460,0.7099410834497956,-0.25541471629738727,7.146260611295026,2.446946572445369,144.18709336189363,-170.99367931706962
160675215,0.709425550969896,-0.256102355087631,7.137912196718851,2.4498465646950844,143.68798641726326,-170.70994934073906
160676970,0.7091726054642584,-0.2563882461326233,7.13325393563912,2.4514677163831964,143.47797306542623,-170.56673171633847
160678725,0.7098098877029639,-0.25646501941656585,7.15399285839805,2.444266776456685,143.4799291825803,-170.99422651497784
160680480,0.7103803389362703,-0.25571251601131695,7.163356147530737,2.4410296022372786,144.02605343779723,-171.31050466013698
160682235,0.7094978084498944,-0.2559088074024227,7.137987473487523,2.4498203848587083,143.82209868111957,-170.74150751515037
160683990,0.7092419242149963,-0.25643892333462487,7.135980870493186,2.450518436083122,143.45029474610337,-170.6167065850943
160685745,0.70994634316121,-0.25645052577644145,7.158097627134668,2.4428465696008774,143.50069016715284,-171.08335841134038
160687500,0.7097991400845255,-0.25551695036954114,7.142979034564238,2.4480856703567584,144.10721009302745,-170.90811647545178
160689255,0.7093577468929807,-0.25643636632660427,7.139558692896615,2.4492740730058755,143.46159884759174,-170.6929701441041
160691010,0.7095133153281382,-0.25585148811435593,7.1378265866350015,2.4498763389475706,143.86134685524263,-170.74694537822185
160692765,0.7092626684702049,-0.2554229967091906,7.125228052360675,2.4542659282242636,144.12370464367152,-170.5445190388115
160694520,0.7088237276617841,-0.2565359596514214,7.124075151399974,2.4546684136610217,143.3514305288629,-170.3490273516595
160696275,0.7089832065002255,-0.25655873696979187,7.129283029082281,2.4528513635888225,143.34973383409283,-170.45601702005808
160698030,0.7095557323387615,-0.25606557359112053,7.141554972203364,2.4485803218038966,143.7232084631544,-170.79298859114664
160699785,0.7093747070943587,-0.2554751369464829,7.129292846837444,2.4528479406907273,144.098788316534,-170.62318984883638
160701540,0.70874057054818,-0.2564047792500207,7.120023736245031,2.4560838444098025,143.4308669664077,-170.28323799853533
160703295,0.7088134747265151,-0.2567482177861271,7.126142192996406,2.4539468900427726,143.21079821518254,-170.35997133518546
160705050,0.7094103036341081,-0.2562268116617502,7.138837072795111,2.4495249493352698,143.60442808258142,-170.71026933017936
160706805,0.7093471550385642,-0.25565086698629824,7.130404617616355,2.4524603910504816,143.980076499619,-170.6199529606389
160708560,0.7086838210611531,-0.25631671636924136,7.117277800193575,2.4570441185032053,143.4840916978102,-170.2384235380161
160710315,0.7084736004000893,-0.25693240556537694,7.117673146166658,2.4569058165222906,143.06140810161418,-170.15176695305328
160712070,0.7093231007043027,-0.25652679083051044,7.139497923942234,2.4492951977677566,143.39902093651355,-170.67758157189377
160713825,0.7092887266945624,-0.2559877365677258,7.132365888501776,2.451777016580852,143.7522758590161,-170.60984938098528
160715580,0.7087283282561375,-0.25610596056472834,7.116296228634803,2.457387564739976,143.62676133991545,-170.24988186150776
160717335,0.708451138378382,-0.2569862982142194,7.1175828534573835,2.456937401805606,143.02413753853105,-170.14149290830684
160719090,0.7092775727726464,-0.25670262210522027,7.140061316610094,2.4490993628796205,143.27922542544627,-170.6620450247458
160720845,0.7092648227151317,-0.2559788596180596,7.131522817802499,2.452070724527352,143.7561278794745,-170.5932977281321
160722600,0.7086026537014597,-0.2559851718265334,7.111054667893699,2.459223194016495,143.69566262082083,-170.15672279749052
160724355,0.7082757514499207,-0.257097664112714,7.113404592122215,2.458399893710903,142.93645174251628,-170.03561175231224
160726110,0.7089097813829406,-0.25660079873063796,7.127475066349266,2.453481862320666,143.31589850140378,-170.41113301044476
160727865,0.709038576447105,-0.25617718778420917,7.126717383418199,2.453746189428948,143.6060416935395,-170.46057409760638
160729620,0.70863233215419,-0.2559212517601234,7.111258570796268,2.459151734263735,143.74034729522253,-170.17081051859543
160731375,0.7080587087228617,-0.2569894883007297,7.105482529355316,2.461177623588442,142.98928694284749,-169.88421843994533
160733130,0.7085246124684638,-0.2568145331896964,7.117929513699176,2.456816141077764,143.14312216843675,-170.1754689428825
160734885,0.7089687968017481,-0.25628846516802645,7.125799345133532,2.4540665353236646,143.52674304816176,-170.42389750556592
160736640,0.7083592240723643,-0.2558594087322607,7.102127793934619,2.4623558071234406,143.75758458069035,-169.985492839682
160738395,0.7079713360472846,-0.2568550027417028,7.101279754402827,2.4626538185540485,143.0701227018427,-169.8156140725705
160740150,0.7079238854040387,-0.2568398623479669,7.0996468833935,2.4632278339053837,143.07604247976352,-169.78322325942904
160741905,0.7088118061177553,-0.2564584462867478,7.122834997582932,2.4551015080342897,143.4014976970143,-170.3346792588855
160743660,0.7085015484829557,-0.2557142573949134,7.104904589780927,2.461380515114672,143.8655649181657,-170.0667317767739
160745415,0.7075927129010793,-0.25684253734697443,7.089478033198153,2.466808637289008,143.04619641305013,-169.5664817516554
160747170,0.7079498211869851,-0.25706449096752393,7.102961864012057,2.4620627755451334,142.93099413386304,-169.8191317685633
160748925,0.7086837955045312,-0.2565413634149014,7.119795981944416,2.4561634630315963,143.33614750171913,-170.2573290194263
160750680,0.7084795357073663,-0.25604711279948117,7.107939366018465,2.46031550194379,143.6442990312206,-170.0809025442962
160752435,0.7077422849531961,-0.2566340162872945,7.09175236760572,2.4660068559798627,143.1955541725763,-169.6466797744508
160754190,0.707813536882942,-0.2572827111281815,7.101203314953938,2.4626806838761017,142.77668692801743,-169.74814002686574
160755945,0.7084096548690128,-0.2568281861205285,7.114523123928833,2.4580082089205386,143.12454645544386,-170.1010605794246
160757700,0.7084712067510173,-0.2561374518479924,7.108691392976834,2.460051731804604,143.5840883634504,-170.08314876597117
160759455,0.7079602042756781,-0.2564792368943528,7.096736095879837,2.464251753197032,143.31570515686036,-169.77639782055212
160761210,0.7078897718016913,-0.25735317877314207,7.104345651563795,2.461576768057522,142.73691652211338,-169.80390738055914
160762965,0.7085114041144983,-0.2569876470270648,7.1194650496641305,2.4562791599964515,143.02825609273256,-170.18119419839834
160764720,0.7087399276475393,-0.2562008653938907,7.117718286592054,2.4568900262612474,143.5651827621556,-170.2655874979628
160766475,0.7080058649427485,-0.25633285671304806,7.096509486068768,2.464331503029525,143.41573026790093,-169.79384419173502
160768230,0.7075871991718541,-0.25739851746755993,7.095525887880076,2.464677716816523,142.68203720167574,-169.60977966039422
160769985,0.7086271530710377,-0.25700208756498005,7.123215865531989,2.4549684825483515,143.02835653008916,-170.25845445222606
160771740,0.708766983562182,-0.2564440374845713,7.121283076108845,2.4556436966510504,143.40722679735688,-170.303939866647
160773495,0.7082240802292415,-0.25626258278840996,7.102455346737412,2.4622407205126833,143.48061240857675,-169.93123179685443
160775250,0.7077524584199444,-0.2573758916132415,7.100364537955123,2.462975518256452,142.71062471171476,-169.71594898749777
160777005,0.7082442298757263,-0.2571891092835065,7.113456531781894,2.4583817028231123,142.87384757407062,-170.02252617156023
160778760,0.708702547969341,-0.2565117643890984,7.120045160748463,2.4560763550735625,143.35720931438985,-170.26719105447623
160780515,0.708096586916725,-0.25617829098274136,7.09758162285539,2.4639542363234495,143.52508978661362,-169.84017500909727
160782270,0.7074539161335692,-0.2571276728205445,7.088394700068145,2.4671907341550843,142.84787578014016,-169.49987794187277
160784025,0.7077860132347813,-0.2572391297072405,7.09986615640336,2.4631507355672735,142.80290957433232,-169.72648439232185
160785780,0.7084794795055221,-0.2568201080952925,7.116594202034196,2.457283295346648,143.13569005973764,-170.14626865397733
160787535,0.7081728352598802,-0.25615236143232406,7.099643713512539,2.4632289484993155,143.54869787564417,-169.88807761315928
160789290,0.7073862553128272,-0.25708079938766004,7.085791664704042,2.468109324738346,142.87278414060077,-169.45167623618752
160791045,0.7075900118698581,-0.2574231793687384,7.095888796157147,2.4645499664166524,142.66615329403956,-169.6136785711388
160792800,0.7081932112944115,-0.2567834180678954,7.107327939688892,2.4605299990038527,143.1357889382363,-169.95515510379948
160794555,0.7080911157403293,-0.25630848364593517,7.09886562310445,2.4635025714635503,143.43905269514724,-169.84776054330317
160796310,0.7073828458401183,-0.2569040068826015,7.083714006047336,2.4688430083548645,142.98808343662665,-169.43439989978768
160798065,0.7071192627747109,-0.2575837814932217,7.08321252890678,2.4690201607729794,142.5218996250244,-169.319837813459
160799820,0.7079271235885611,-0.25703026870462736,7.101878174355615,2.4624435189458738,142.95151437989168,-169.80138723379926
160801575,0.7080133642199309,-0.2563037492123555,7.096415845543468,2.464364459060911,143.4354933245768,-169.79627179640528
160803330,0.707150917231186,-0.25663971976677247,7.073656801293839,2.4724007258582335,143.14096522454258,-169.26002540988355
160805085,0.7071919398540201,-0.25759457724535806,7.085564827795178,2.468189406308654,142.52095579870195,-169.36813213104358
160806840,0.707774249596909,-0.25710347373980963,7.097984188658433,2.4638126102890503,142.89072176498084,-169.70740788430916
160808595,0.7080533238791171,-0.25649926724794697,7.099830724590976,2.4631631933781377,143.31050279985703,-169.839242488806
160810350,0.7073448990164555,-0.2565998191433921,7.0791601110931,2.4704526624062972,143.18382913042606,-169.3834669195893
160812105,0.7067250518493282,-0.25767093602643365,7.072102680140985,2.4729514143690006,142.4319397855472,-169.07041790848814
160813860,0.707473336684239,-0.2571222002507604,7.088930643296852,2.4670016894778315,142.85309646089033,-169.51211190506393
160815615,0.7077064977233927,-0.2565526327943343,7.08974327046671,2.466715104969706,143.2458400124595,-169.61625436624348
160817370,0.707329073111359,-0.25632083082236534,7.075572554469507,2.4717222360583517,143.36510598677705,-169.34891738475937
160819125,0.7067772073790322,-0.2575022009396493,7.071816714656586,2.473052770507272,142.54618755603283,-169.0900855115569
160820880,0.7073882153157762,-0.25738951245257025,7.0893022580147775,2.466870625953617,142.67124774638992,-169.47902004216652
160822635,0.7077302729861144,-0.25664108810070646,7.0914616069740495,2.4661093298762036,143.18989238592883,-169.6394104806743
160824390,0.7071603108427867,-0.25627575078204806,7.069902055513655,2.4737316080087184,143.3798826933578,-169.23448718994766
160826145,0.7066788018770035,-0.25729175451429503,7.066461904849235,2.4749522477658004,142.67484758479608,-169.00807000344778
160827900,0.7071288473425537,-0.2573953254103904,7.081400591186243,2.4696604614358986,142.64560770476612,-169.31021862043383
160829655,0.7075754014553746,-0.2567278531434246,7.087665897814018,2.4674478533125725,143.11981090026097,-169.5453621160468
160831410,0.7073628624789938,-0.2561506041345314,7.074718051301181,2.4720248235465463,143.47957728350625,-169.35618981478848
160833165,0.7065068226267881,-0.25744271808673,7.062887109960818,2.4762219477642953,142.56187430555514,-168.90904505782942
160834920,0.7066460878027633,-0.257830317277652,7.071465102515889,2.4731774055749915,142.3216161979905,-169.03249372839213
160836675,0.707144479664303,-0.25730603306362443,7.080883138251609,2.469843379792814,142.7051879943217,-169.31286600560264
160838430,0.7067380402467992,-0.2568171161090968,7.062996156219532,2.476183197187688,142.98932333483268,-169.00576365379348
160840185,0.7058087586152276,-0.25761074646623905,7.043487888972153,2.483135122224963,142.39278701979248,-168.47017350209353
160841940,0.7057766177435534,-0.25836792845788015,7.050927370006022,2.480479373490086,141.89976794316942,-168.5139540398926
160843695,0.7062730033758567,-0.2578558792163462,7.060349580354198,2.4771240268477897,142.27349610434362,-168.7922865715607
160845450,0.706234691367024,-0.25732230905264664,7.053247593472776,2.479652268867172,142.6167876159942,-168.72174860366437
160847205,0.7054138399017879,-0.25790741710396636,7.03479063308542,2.4862471404228517,142.16664121276796,-168.24009000357103
160848960,0.7049766083328709,-0.25889739278896695,7.0325339687172415,2.4870558949310837,141.49074079875052,-168.04244997617275
160850715,0.7056937962626366,-0.2584828902802566,7.049688198136167,2.4809213364761646,141.8184672825659,-168.47008728559757
160852470,0.7055294603509452,-0.2579135746140989,7.038365675785079,2.4849669824508083,142.172615762511,-168.31539865862445
160854225,0.7047240004873316,-0.2580093112513664,7.015057642311191,2.49333712998036,142.04103625367352,-167.80359926843022
160855980,0.7043536958683796,-0.2593395602933749,7.018620292598827,2.492054072900837,141.1542389870394,-167.67960767418708
160857735,0.704899383800822,-0.25904397749135816,7.031826212314694,2.4873096533001546,141.38993807280903,-168.00510771127043
160859490,0.7048857860916613,-0.25847305795299724,7.025074247545377,2.4897331206665942,141.75622577273873,-167.94791887726373
160861245,0.7046033007551776,-0.25812562431583275,7.0127026397902394,2.494185993912485,141.9555828836442,-167.7359794453381
160863000,0.7042066398693169,-0.25940700537645217,7.0149349027814205,2.493381357244032,141.09862734289862,-167.59105961225976
160864755,0.70474046750561,-0.2587665915491434,7.023937421052395,2.490141626972727,141.55489261739478,-167.8794457147873
160866510,0.7051493908945997,-0.25831231389630926,7.031267709530783,2.487509935212267,141.88241303475667,-168.10407907041872
160868265,0.7051899107633599,-0.25844523289826565,7.033970438181134,2.48654102465105,141.80013207840818,-168.14156507762283
160870020,0.7058930144763551,-0.2576318841647818,7.046283675273338,2.48213641012575,142.38634703386893,-168.526623009879
160871775,0.7052143912622262,-0.25820815603160135,7.032081040389803,2.487218281456047,141.95519657317445,-168.13709990820104
160873530,0.7037588524509634,-0.266362614681173,7.080142438835028,2.4701052627150006,136.65814506429774,-167.83202462660634
160875285,0.7060033525696169,-0.2587140550504102,7.06169963093171,2.4766440082633925,141.69486572696476,-168.68952921073904
160877040,0.7058334575676113,-0.2572538428671566,7.040283763851535,2.4842806968254543,142.62642353372314,-168.4552134381368
160878795,0.7057448239200926,-0.2581469476901138,7.0475001150401875,2.4817021254110774,142.04003368544878,-168.4746864630951
160880550,0.705711658343875,-0.2577583996923669,7.042175708737917,2.4836041389241608,142.28873988361602,-168.41998426556117
160882305,0.7063915619242879,-0.2579091393626995,7.064562894177738,2.475626577419203,142.24894937395328,-168.87376058188656
160884060,0.7064961402423934,-0.2571612330392713,7.059431263712693,2.4774506469050444,142.74413496666008,-168.87791339455953
160885815,0.7062573246731836,-0.2575334917661638,7.05628350654208,2.4785708762001084,142.48150647247053,-168.75462309695047
160887570,0.7062282326292347,-0.2576441800087554,7.056627400331514,2.4784484410555616,142.40712476620953,-168.74520084725322
160889325,0.706744593126507,-0.25743770469272736,7.070099595220077,2.47366155345392,142.58541497678527,-169.06336942768695
160891080,0.706624258135395,-0.2570084150652663,7.061644993605243,2.4766634312560725,142.85473879243372,-168.94815651712625
160892835,0.7065813740401838,-0.25714043625751376,7.061802185701757,2.476607551953573,142.76502850190863,-168.93161898645513
160894590,0.7061243550606879,-0.2576866763494179,7.05393397855939,2.4794076952966346,142.37065654872788,-168.6813996560824
160896345,0.7068561557013894,-0.2574789181290495,7.073974218517433,2.4722882823534333,142.56804488031057,-169.13952936873463
160898100,0.7066231054071772,-0.25732131183475165,7.065088488202189,2.47543990445931,142.6508327045365,-168.97433271420746
160899855,0.7066726844137252,-0.25706002570338415,7.06369761541502,2.4759339564902167,142.82528867184064,-168.98417238495048
160901610,0.7060365717731285,-0.25760279564529903,7.050328469234378,2.480692957617104,142.41756474830237,-168.61724231957376
160903365,0.7064040474368866,-0.2574034252632922,7.059312595353463,2.4774928603145927,142.5786278470289,-168.83883448520655
160905120,0.7063155559305385,-0.2575013288394985,7.057701606527868,2.478066074094771,142.50739492559495,-168.78970270909699
160906875,0.7065430618428648,-0.25676134708518616,7.05642552383968,2.4785203128676554,143.00871186439423,-168.8737610658992
160908630,0.7060042520080251,-0.2576040580780833,7.04935876439655,2.481038858981394,142.4139675478873,-168.5963800829983
160910385,0.7064384862287738,-0.2573144317284577,7.0593741502518395,2.477470963461845,142.63946958757774,-168.8535905426225
160912140,0.7063079327977775,-0.25767655642347376,7.059418471169881,2.477455197474274,142.3928996519719,-168.79972392482756
160913895,0.7065624027730574,-0.2568747172875452,7.058272723546778,2.4778628316149347,142.93650256780583,-168.89624921929519
160915650,0.7058989622295893,-0.2575643186432894,7.045714794111346,2.482339560572299,142.43067701664546,-168.52465597401465
160917405,0.7059704861067696,-0.2575403655374181,7.047624303123028,2.4816577972680607,142.45238503567694,-168.56898797116745
160919160,0.70617617504871,-0.25782065593640835,7.0570038889130595,2.478314415279441,142.28813259915142,-168.72645532988668
160920915,0.7062278736552656,-0.25708240776321317,7.050378761465832,2.480675020630122,142.77217718769128,-168.696520251254
160922670,0.7058619770057624,-0.2576657158938862,7.045715410385495,2.4823393404794536,142.36173940532044,-168.50941197573792
160924425,0.7069350506948283,-0.25814434689467475,7.083833622801352,2.4688007561766403,142.14152255603156,-169.2466054680797
160926180,0.7061250020252906,-0.25778486090182784,7.0550456967564985,2.4790116695445286,142.3070001736821,-168.6902037664555
160927935,0.7060158674501426,-0.25694979220823866,7.042461163600603,2.483502092715474,142.83987611330306,-168.54707656159766
160929690,0.7058780961088196,-0.25759342916212563,7.045403339609889,2.482450796791357,142.4099978695964,-168.51363499484285
160931445,0.7054831032504738,-0.25780385332432587,7.035742967963196,2.4859059968296426,142.2396039898191,-168.27595026667188
160933200,0.7058178893794324,-0.25771858560337824,7.044961900750412,2.482608474221213,142.3236766063099,-168.48538413319264
160934955,0.705728694273547,-0.2571343167982601,7.0357818918424275,2.4858920555964095,142.69481793576236,-168.37676455799715
160936710,0.7057622193142441,-0.25732352106535494,7.038891984231215,2.484778633012058,142.57500002567073,-168.41507219186732
160938465,0.7056257360358354,-0.2581662210469041,7.044094487995489,2.4829183639076327,142.0174385953965,-168.39928813652725
160940220,0.7059540344359899,-0.25766752223808254,7.048535414480985,2.481332630637287,142.36848399382922,-168.56925934117632
160941975,0.7057581901275608,-0.2574736146380909,7.040431681098145,2.4842277883696573,142.47731282952736,-168.42551876475164
160943730,0.7058179845351251,-0.2570680559204373,7.037758892073765,2.4851841671680788,142.74566848081787,-168.4289034635601
160945485,0.7053008176705274,-0.25782541630081124,7.030457697829046,2.48780046719919,142.209885615064,-168.15992967510545
160947240,0.7056363683494667,-0.25757612221230014,7.037869204809456,2.4851446803381414,142.40030706150912,-168.35546133020256
160948995,0.7053939656220769,-0.2578726489576463,7.0338028861767565,2.4866010688535947,142.1874074043902,-168.22423867970278
160950750,0.7057222986284504,-0.2569895515383219,7.033988565448943,2.4865345287095706,142.78821221487357,-168.3598722161458
160952505,0.7051466134512292,-0.2577844750638456,7.0253377899704645,2.4896384388134942,142.2229491182646,-168.05671664035603
160954260,0.7052811510750638,-0.25764301875126006,7.027844316440647,2.488738291160894,142.32611050271308,-168.1313559528322
160956015,0.7055353365713941,-0.25801917256064466,7.039715753504218,2.4844838892879633,142.10481707728889,-168.3282651645355
160957770,0.7055946777985156,-0.2570930523426977,7.031262811879518,2.487511691678321,142.7097968510311,-168.2861896595257
160959525,0.7048211951581997,-0.2578327434040589,7.01604042726538,2.492983055800814,142.16337929432976,-167.85084312474848
160961280,0.7050805125516834,-0.257742331757585,7.022873334722724,2.4905241171984067,142.24441210873303,-168.01033893344973
160963035,0.7051535147295152,-0.25811705143044883,7.02922774642064,2.4882417522718208,142.00877188624966,-168.08997401679935
160964790,0.7053405201872982,-0.25713691895369634,7.024052534489648,2.4901002560625773,142.65890946145387,-168.12531678731992
160966545,0.7047482769238413,-0.2579896260949544,7.015572549578775,2.493151608439205,142.0558418659531,-167.81752978819424
160968300,0.7047848276503709,-0.2578336266797654,7.01495301255348,2.4933748315724773,142.15962518069276,-167.82746180499495
160970055,0.705253715320621,-0.2580399208702484,7.03140704151498,2.487459967020648,142.06720732113885,-168.14802952589562
160971810,0.7050594825230828,-0.2572435764210666,7.016735932893306,2.492732542745377,142.56496104459055,-167.95284586957663
160973565,0.7047486274561536,-0.2576439000506606,7.011769230533492,2.4945226036411077,142.27883934502208,-167.78743360019106
160975320,0.7046490245161608,-0.2580662348240386,7.013425241425313,2.493925469267021,141.9978192570698,-167.76025279391519
160977075,0.7048266470659618,-0.2578989151027922,7.016935485872367,2.4926606754366896,142.12117239124703,-167.86014535347127
160978830,0.704736836802711,-0.25750617963320116,7.009896949175919,2.4951980689859052,142.36667490636287,-167.76765177029816
160980585,0.7047760636187591,-0.25757468866365923,7.011833665058163,2.494499364069121,142.32592569050507,-167.79903092854246
160982340,0.7043384891123015,-0.2582781050204936,7.006410395726719,2.496456899400973,141.83439134730827,-167.57887398391165
160984095,0.7050133334359062,-0.25799366697657894,7.023621345151887,2.490255229410251,142.07628997473773,-167.98883477356173
160985850,0.7048024958070686,-0.25781922584200867,7.015327074571316,2.4932400498328993,142.1704618340992,-167.83759684969274
160987605,0.704633888496154,-0.2573009256983027,7.004539386712519,2.49713296017042,142.49000754571233,-167.68293720974202
160989360,0.7043044394188451,-0.2583314787495616,7.005974837416776,2.496614248882757,141.79711300616162,-167.56163577633444
160991115,0.7046991563588526,-0.25782756122034617,7.012302729346284,2.4943301999946192,142.15602507182805,-167.7716822857114
160992870,0.7044384835233537,-0.2581869333972019,7.00841418775808,2.4957332681270734,141.90175083745237,-167.63523598374368
160994625,0.7046970213806204,-0.25735232190303264,7.007004777565922,2.496242205663461,142.46245950148122,-167.72828050513974
160996380,0.7039437003870195,-0.258404314823659,6.995938214910024,2.5002456124788495,141.71883852952365,-167.3363315483295
160998135,0.7043574429917717,-0.2579716181820218,7.003601634160367,2.4974719415710243,142.03319993600715,-167.56422293690528
160999890,0.7042707062223889,-0.2584715443240062,7.006506099627136,2.496422328154792,141.70417684932247,-167.55213530137635
161001645,0.7045751194469722,-0.2574912930059304,7.004863581046028,2.497015791052598,142.36192680017066,-167.66198285048412
161003400,0.7038480664292307,-0.2584989938801129,6.994111996440096,2.5009075030633343,141.64974187828562,-167.28327536339268
161005155,0.7037961729566318,-0.25817495974851046,6.98899104734133,2.502765411987844,141.8530189165735,-167.22149045415432
161006910,0.7045368868082947,-0.258699513965941,7.017047038666108,2.492620502464616,141.5806387759709,-167.74282786518597
161008665,0.7039930662615943,-0.2576445031970804,6.989066915516294,2.502737866305912,142.21130256429467,-167.3007619537937
161010420,0.7035050092877451,-0.2585026180343616,6.983875694332902,2.50462406768543,141.61731163512727,-167.06378950752094
161012175,0.7035020510607257,-0.2584018817930379,6.982680226587833,2.5050588398577056,141.6815554252104,-167.05300931790012
161013930,0.7038787923707167,-0.25861443504201775,6.996306069601106,2.500112330721198,141.5784102010991,-167.31304966995447
161015685,0.7040124128335337,-0.25788970152493207,6.992338398247526,2.501550659917018,142.05537872720086,-167.33507229260923
161017440,0.7037562459095932,-0.2580268412298509,6.986168317929821,2.503790702786721,141.94452821321013,-167.18273253819945
161019195,0.7031933166553046,-0.2586706145230106,6.976406440120723,2.507343008013966,141.48238385688757,-166.87921358249744
161020950,0.7036205556591877,-0.25849571634539725,6.987257930698259,2.5033948260732295,141.63189665218368,-167.1371795365503
161022705,0.7035081532515999,-0.25799552681207155,6.978404175333063,2.5066152150144134,141.94248767506633,-167.02079253926567
161024460,0.7033388516320547,-0.2583127430641758,6.976824365723025,2.5071907187395364,141.72416593570898,-166.9406172227149
161026215,0.7031724841706652,-0.2588316210002601,6.977553413540412,2.5069251032107553,141.37768176421656,-166.88006654607017
161027970,0.703533765002148,-0.25866115366615783,6.986479886262107,2.5036774913099054,141.51835165094167,-167.09612069864352
161029725,0.7035342150755088,-0.25827735343726593,6.982274558749235,2.5052064091918886,141.7641716056329,-167.06259286887783
161031480,0.7033399672661039,-0.2579213560770144,6.972570014421587,2.508741846581332,141.97494277829122,-166.90633085245608
161033235,0.7029581407384327,-0.25878719573497005,6.970670357161948,2.509435082069607,141.38718078663294,-166.73930044243667
161034990,0.7032491627145595,-0.25840964664980937,6.97520935799667,2.507779319793567,141.65418762278998,-166.8918320689479
161036745,0.7030158823889098,-0.2587377979108897,6.971849795976508,2.5090046280617844,141.42381211955032,-166.7717991585648
161038500,0.7032110915420311,-0.257949439443871,6.9690335859032535,2.5100326929304777,141.94534723129405,-166.82629744966826
161040255,0.7036129450566263,-0.2578779219250668,6.980247635109697,2.50594400326909,142.02730337461028,-167.07747899644215
161042010,0.7034724447548448,-0.2581672460726162,6.979219634725862,2.506318258042498,141.8292346395326,-167.01323147577864
161043765,0.703183322230852,-0.25890947801575526,6.978733132218894,2.5064954138394806,141.32890541382412,-166.89381271407797
161045520,0.70409178839591,-0.258029986830569,6.996262161829042,2.5001282387102934,141.97224330376463,-167.39851571871864
161047275,0.7036574012725023,-0.25793819983947147,6.982237793080103,2.5052197842632813,141.9926021067725,-167.11139870732882
161049030,0.7033800566489782,-0.2580660904092929,6.975351148167418,2.5077276322139856,141.8857997549115,-166.94500574834618
161050785,0.7031326889826548,-0.259013420664315,6.978364182231499,2.506629780689699,141.25811405457682,-166.87057319081936
161052540,0.703732634362638,-0.257975070570705,6.984893305730796,2.5042540986856476,141.97565327672115,-167.16296982415193
161054295,0.7035419628817274,-0.2581487375041378,6.981094670695288,2.5056357152683857,141.84728431835276,-167.0561362471073
161056050,0.7033130347309142,-0.2579972390716828,6.972596841179859,2.5087320595449847,141.92390130032985,-166.89589514807955
161057805,0.7031126659771657,-0.2589302187315009,6.9768512390176065,2.5071809269294008,141.30947494941145,-166.85051370446743
161059560,0.703768338022124,-0.25821895983274246,6.988640758971135,2.502892600136361,141.8223292985876,-167.20752269848313
161061315,0.7037819174963139,-0.2589797573828879,6.997430066901052,2.499705170681524,141.33598555175394,-167.2826543808053
161063070,0.7032989194567502,-0.2582125969675694,6.974534185948781,2.508025473545575,141.78471956049924,-166.90613463807338
161064825,0.7030459895649802,-0.25886294279154387,6.974121919450892,2.5081758013044446,141.34657082346794,-166.80204569007603
161066580,0.7032547982822509,-0.25859011913944085,6.977358290398714,2.5069961872824207,141.53926426618037,-166.91141383166607
161068335,0.7034106786553952,-0.25813865564638416,6.977060771583877,2.507104582284598,141.8420463977685,-166.9711091723096
161070090,0.703146537574701,-0.2580745498762624,6.968477733528745,2.5102357085521207,141.85943763102998,-166.79622869010916
161071845,0.7028016465839383,-0.2586698969939713,6.964722522076841,2.5116081024564907,141.44817129360177,-166.62904817265988
161073600,0.7030008040033704,-0.258968140572094,6.973929719122797,2.5082458909227023,141.27546788924857,-166.78244562284303
161075355,0.7035742079051388,-0.25813938474942927,6.981956279196902,2.5053222016437617,141.85614831317199,-167.07597451610565
161077110,0.7033979452664367,-0.25813561690132986,6.976647151341299,2.5072552921918083,141.84285657009238,-166.96268059679872
161078865,0.7028855947988176,-0.2585374075150436,6.9657704768712865,2.5112249609176693,141.5402022484329,-166.67083943871972
161080620,0.7030075217315365,-0.2591349226825038,6.975963978865516,2.5075042582176565,141.16966724286164,-166.80131843419574
161082375,0.7034298025693235,-0.2580430999943254,6.976584789110691,2.50727801656479,141.90498285698195,-166.97482454334875
161084130,0.7032052501720631,-0.2581909590808686,6.97150233527353,2.509131423641315,141.79020033916524,-166.84424436951375
161085885,0.7029872669627455,-0.2583568210463502,6.966821068491084,2.510840973466796,141.66463144095866,-166.71967016274473
161087640,0.7028683241390422,-0.25939668215774947,6.974691313340624,2.5079681838070162,140.9907319067229,-166.73537762654223
161089395,0.7035830484109514,-0.25818773074187834,6.982751265183835,2.5050330000285226,141.82594129592025,-167.08593828764091
161091150,0.7032317703557884,-0.258248027746632,6.972918559398491,2.5086146951145056,141.75604817551806,-166.86631621310946
161092905,0.7028465956015857,-0.25823443816939357,6.961295044963035,2.5128620409944276,141.7302170654761,-166.61880412992267
161094660,0.7028363660675602,-0.25930068559103403,6.972681748779902,2.5087010837497243,141.04909800955664,-166.7066775293555
161096415,0.703384750842636,-0.25827397903465904,6.977770117707159,2.506846161850109,141.75306432098807,-166.96655702956113
161098170,0.703037310112886,-0.25842196957127267,6.969025556686019,2.510035625230083,141.62746237515913,-166.75746798278985
161099925,0.7026763105588724,-0.2582285013078168,6.956168077629667,2.5147400913689433,141.7186582786464,-166.509509864814
161101680,0.7026502179473495,-0.25927085915190945,6.966807566443136,2.5108459076665826,141.05184064563053,-166.58554287413438
161103435,0.7032601048120686,-0.2584357653718852,6.975822528189964,2.507555812787143,141.63845041283363,-166.90114949240902
161105190,0.7031434615183569,-0.25843825343265536,6.972368992725367,2.508815186500753,141.6265019661098,-166.8267734065529
161106945,0.7025944805145701,-0.2582349859119565,6.953808608374574,2.5156053345297424,141.70712389350527,-166.4578603770208
161108700,0.7025428579448249,-0.2590721419108972,6.9614321738584435,2.5128118483347945,141.1689027828079,-166.49974099970163
161110455,0.7026686434039984,-0.2588185086089736,6.962393057243677,2.5124601972384077,141.34159245262813,-166.5574265708685
161112210,0.7030357806238984,-0.25844611922177674,6.96924454966166,2.509955650663418,141.6118924810691,-166.7586422112169
161113965,0.7025564447086431,-0.25830225870225393,6.953413580334407,2.515750254225485,141.66075887741482,-166.4396691134591
161115720,0.7022401183705067,-0.25897632031238493,6.951392242248926,2.516492064040296,141.20303758943572,-166.29862571304162
161117475,0.7025732370817193,-0.25926094030161506,6.964407390548413,2.5117233403543953,141.05141112928288,-166.53568094992684
161119230,0.7031671884681038,-0.25850913247243607,6.973854147763513,2.5082734505810174,141.58329272998046,-166.84823535594273
161120985,0.7026755244526236,-0.25839608249401885,6.957975209565554,2.5140778015489347,141.61161883174182,-166.52410325556917
161122740,0.7021828579017126,-0.25879291889345724,6.947690069682652,2.5178518653592183,141.3145693134458,-166.24582275768205
161124495,0.7022567259949041,-0.25948869122785145,6.957498621212241,2.5142524307348775,140.8788907798619,-166.35443308332344
161126250,0.7027995178840369,-0.2584502114016053,6.962254022277686,2.5125110732406855,141.5881869505904,-166.60809924295472
161128005,0.7024706025075979,-0.2583688225527804,6.951592391935969,2.516418591560665,141.61055128465102,-166.3909278926585
161129760,0.7021487596211903,-0.2586548015271245,6.945172182509119,2.518777526572401,141.39937302022335,-166.21171957517896
161131515,0.7022718479065194,-0.2594339108057863,6.957346641603545,2.514308123501033,140.9150097759464,-166.35923499148092
161133270,0.702844822803678,-0.25845975995764264,6.963706614831908,2.511979639525957,141.58614196957248,-166.63787833638133
161135025,0.7023872142079817,-0.258547125070127,6.9510648462903974,2.5166122563695206,141.4893915296482,-166.35384642384625
161136780,0.7018963938656503,-0.25852714706109653,6.936314965264055,2.52203919497581,141.45773241666856,-166.03965978915653
161138535,0.7019131447159022,-0.2595414690187094,6.947886235130373,2.5177797770163064,140.81521902069935,-166.14104707354093
161140290,0.7023377249641439,-0.2585381555572417,6.9494991738332095,2.51718719982743,141.49065133580265,-166.32151251565094
161142045,0.7021373220676115,-0.2587273073077822,6.945624627412146,2.5186111418823396,141.35221733564552,-166.21096769251113
161143800,0.7017562051033664,-0.25859082012966683,6.932866952728282,2.5233112263794286,141.40452148533524,-165.95635193206147
161145555,0.701877095434779,-0.2596563922261992,6.948077474467866,2.51770950295854,140.73919925668497,-166.1283033832441
161147310,0.7022950887843769,-0.2588031752920335,6.951129478039422,2.5165885280976434,141.3180908671571,-166.3181477425074
161149065,0.7023025461871519,-0.2589726692717328,6.9532043226316596,2.5158270291647584,141.21091477108322,-166.33800644894905
161150820,0.7015849742532535,-0.25856346692567606,6.9275174961837225,2.5252872928486143,141.40628888881827,-165.84511293500086
161152575,0.7016822097282011,-0.25950794966553375,6.940684400110546,2.520429089057488,140.81606479572392,-165.99172879789563
161154330,0.7016600582094322,-0.25921319376837115,6.9368093525754615,2.5218569128109936,141.00088251360935,-165.95145950549826
161156085,0.7020367844017213,-0.25883588341468405,6.943832583847215,2.519270288115746,141.27414581961563,-166.15679357668782
161157840,0.7016661849156842,-0.25869040666455717,6.9312932446382005,2.5238922240462354,141.3330940631807,-165.90823235241874
161159595,0.7014998630105861,-0.25945316878207053,6.934697888071593,2.5226356018402147,140.8345621184299,-165.87138737735802
161161350,0.701901576377672,-0.25943875275453543,6.946418839640193,2.518319127237288,140.87933283835605,-166.12464915594978
161163105,0.7022212545347822,-0.25883159082797874,6.949250614209482,2.5172784997838593,141.2934075837108,-166.27371077960356
161164860,0.7016354470587169,-0.25876968665068434,6.931248867864746,2.52390861142384,141.2799806935494,-165.8959155123217
161166615,0.701822659755572,-0.2591727012887821,6.941174010597528,2.5202488000228906,141.04108718503022,-166.0509634377398
161168370,0.7015151323111185,-0.25989219559814636,6.939949825335972,2.520699629899659,140.55813412891004,-165.91987477056708
161170125,0.7019736027642663,-0.25865621863026605,6.940003425676076,2.5206798871386598,141.38266787415947,-166.100444936583
161171880,0.7017004210434655,-0.25868016659173676,6.932192283803968,2.5235602745712744,141.3427048479431,-165.92903999167774
161173635,0.7013326805318375,-0.25896465997622936,6.924443959370326,2.52642405471814,141.1289038686281,-165.72161858922382
161175390,0.7012513204896064,-0.25996826971583664,6.932991742617616,2.523265166696999,140.4868562384384,-165.75985708480198
161177145,0.7021437067726493,-0.2587220146069248,6.945755976340537,2.518562843018024,141.3561580450093,-166.21455326799796
161178900,0.7017114260969897,-0.25883081963042953,6.934157379498174,2.5228350143725176,141.2480567988138,-165.94967298365015
161180655,0.7015982808236402,-0.25884390315225014,6.930959991903836,2.5240152922737105,141.22952053951744,-165.87905602892212
161182410,0.7013523149661843,-0.25999315357610064,6.9362449937673025,2.522064995831525,140.48002335309178,-165.82583574760378
161184165,0.7019021717139021,-0.2587975654697678,6.939431687694403,2.520890493022505,141.2863879061411,-166.06780325183485
161185920,0.7013346743095757,-0.2591042710433577,6.9260217660650465,2.5258403668745015,141.0406596106424,-165.73551259634814
161187675,0.7017063751309982,-0.2586971203695289,6.93255254296103,2.5234272818632624,141.332479984988,-165.9343595660619
161189430,0.7016528720246875,-0.2599090380569627,6.944207896447654,2.5191322125514883,140.55955875785182,-166.0084745760008
161191185,0.70176609067553,-0.2591981883324685,6.939779449373885,2.5207623870156732,141.01987047437296,-166.01735354175506
161192940,0.701734552595094,-0.2591617463556551,6.938449197689355,2.521252486655471,141.0401656985401,-165.99409484832267
161194695,0.7015037809493523,-0.25894842349336544,6.929310165714733,2.5246247412211997,141.1546845283811,-165.82858020589217
161196450,0.7010449249758707,-0.25979061817296084,6.924967456178109,2.5262303641759343,140.58075360331492,-165.61381935555957
161198205,0.7015472855850547,-0.2593586878286406,6.935066560406942,2.5224996039212106,140.89861688919135,-165.8929954171786
161199960,0.701339508914961,-0.2593679242979424,6.929036617676353,2.524725819035388,140.87419664049852,-165.7622807918947
161201715,0.701165843075787,-0.25906854912796107,6.920662042311518,2.5278242294232105,141.0479975123264,-165.6254025267699
161203470,0.7010184076469579,-0.2596927662458649,6.923119458731701,2.5269142452626268,140.64016578317964,-165.58836154482893
161205225,0.7011160217995379,-0.25981365842479387,6.927313061079404,2.5253628721390515,140.57252361707805,-165.66075188878068
161206980,0.7016944038450162,-0.2590958066046052,6.936543165112854,2.5219550536727646,141.07839170500057,-165.96272635058546
161208735,0.7012978113489139,-0.25894680957195404,6.923222949700032,2.526875936914346,141.1370478800118,-165.6979112307248
161210490,0.7009330227996262,-0.2594702498482142,6.918183839352705,2.5287425795278966,140.7730184797808,-165.51450525439304
161212245,0.7010367859221985,-0.25991458563513825,6.926080969215964,2.525818470771379,140.50179069907526,-165.6196871746787
161214000,0.7016112201778524,-0.2589696284027304,6.93271105771481,2.523368769276088,141.15093869806225,-165.89862257212133
161215755,0.7031286569193712,-0.259093794877859,6.979128198053476,2.5063515520135904,141.20646514732147,-166.87501106075328
161217510,0.703419209321907,-0.25823719952768104,6.978396141553007,2.506618140941133,141.77968271268486,-166.98535355846673
161219265,0.7027703168249569,-0.2578241273387931,6.954550001588802,2.515333392944412,141.9855663454272,-166.5328663540758
161221020,0.7021646927272739,-0.2594686982104322,6.954547089946579,2.5153344608133024,140.88351260279978,-166.29424153372898
161222775,0.7026561986202399,-0.2592633305048512,6.966902922140997,2.5108110612179795,141.05715630546743,-166.58869103942635
161224530,0.7031217036801433,-0.2586530818787777,6.974076519673036,2.508192356867819,141.48726700585638,-166.83190507886383
161226285,0.7028274223596311,-0.2577824924968811,6.955792721455007,2.514877698488153,142.01740548269885,-166.56558886135372
161228040,0.7018698264419285,-0.25929414817066,6.943896836166054,2.519246648938691,140.96823960711015,-166.0916988898171
161229795,0.7019694964139636,-0.25948472769945813,6.948934316141788,2.5173946908063964,140.85616750532893,-166.1717846293731
161231550,0.7027197865806963,-0.2588250781794262,6.96398667182832,2.511877206176515,141.34193839506503,-166.59061023430309
161233305,0.7022986065571065,-0.2579851590952975,6.942315032528953,2.519828742844119,141.83958654942325,-166.2463372588238
161235060,0.7015899195788081,-0.258906513234265,6.931394949116643,2.523854667601941,141.18904736596033,-165.87941517335628
161236815,0.7017762966401356,-0.2598030338395466,6.946699372522256,2.518215997664579,140.63746315619966,-166.07731288109636
161238570,0.702553877480536,-0.2591436117337705,6.962543753733454,2.512405056366877,141.12438029731518,-166.51305379643645
161240325,0.702326889040103,-0.25833056633565044,6.946913590773228,2.518137252421421,141.62193765691498,-166.29585224415686
161242080,0.7014189965952909,-0.25904130799052466,6.927821463012677,2.525174925280826,141.0881551381299,-165.78323833075035
161243835,0.7012169604107539,-0.2600633225915602,6.933017861363956,2.523255526537638,140.42381916978024,-165.7465269178214
161245590,0.7021422729878182,-0.25939100762560713,6.953030175184388,2.51589092603615,140.93086609575698,-166.27317424396634
161247345,0.7020012950287409,-0.25858571912002987,6.940054281925589,2.520661155404028,141.4300015631823,-166.11167696228117
161249100,0.7014002966784098,-0.25884521817346856,6.925136961371153,2.526167654725142,141.21072929775121,-165.7536239708842
161250855,0.7010342472501764,-0.2603334255011979,6.930585595273492,2.5241535691116073,140.2374273587112,-165.65496438072475
161252610,0.7017534157333661,-0.2595827159115277,6.943608707294559,2.5193526583993178,140.77499514969264,-166.0434485469008
161254365,0.7021235121074897,-0.258802425194422,6.946035587963434,2.5184600320695583,141.3032012955881,-166.20893039607958
161256120,0.7016286515128506,-0.2587971643220779,6.9313474020709265,2.5238722251741557,141.26192696181766,-165.89409335536993
161257875,0.7009455069453251,-0.2603990776322648,6.928688896741497,2.524854315992546,140.1882973246534,-165.60479227020423
161259630,0.7014837102158245,-0.25979736853172597,6.937983257807034,2.521424196524482,140.6153370038413,-165.89166035525088
161261385,0.701704304211228,-0.2590068307346312,6.93586523354507,2.5222050355329335,141.13572065222687,-165.9610176922187
161263140,0.7012976941826969,-0.25864212204208104,6.919909895172632,2.528102882321347,141.33011367625446,-165.67005224943412
161264895,0.7005313369544413,-0.2602643542497529,6.915034448707291,2.5299106223782712,140.23665247341427,-165.33222209996475
161266650,0.7012064065849326,-0.26004890134547864,6.932548730199575,2.5234286893024214,140.43199452728993,-165.7385969753952
161268405,0.7017045290061719,-0.2593398802649803,6.939507121835184,2.520862704009528,140.92454462134785,-165.99094976795914
161270160,0.7013401941015611,-0.2584199199661443,6.9187503093858185,2.5285326029311816,141.47494011480507,-165.67659163622605
161271915,0.7004796444369065,-0.26008803356079624,6.9115950707213285,2.5311874574429205,140.34298888046106,-165.28403749699498
161273670,0.7007286340900187,-0.2602607627120946,6.920792776704431,2.5277758017031604,140.25635080659666,-165.45606634026868
161275425,0.7013412370697969,-0.25950982450781684,6.930635460549243,2.5241351513646775,140.78457470468433,-165.77605496873286
161277180,0.7012507149587527,-0.258595747397968,6.918024727381541,2.528801564764782,141.3552034426539,-165.63601765912603
161278935,0.7005294305601862,-0.25979748372282047,6.909892715355978,2.531819920359666,140.53035367258641,-165.28938569673087
161280690,0.700199834843902,-0.26048828063664714,6.907752333650687,2.53261557164365,140.0665845992356,-165.1437310014693
161282445,0.7012393616354912,-0.2597777309189015,6.930556233239495,2.5241644141097908,140.60615395142702,-165.73546784388807
161284200,0.7010155728315461,-0.25899048020721777,6.915395227057135,2.529776762156252,141.0837311177609,-165.52322724853073
161285955,0.7003119903153309,-0.2595753114438357,6.901108361990499,2.5350885686969926,140.65063216561586,-165.13238975902053
161287710,0.7000244792421567,-0.2606098300456608,6.903941266276087,2.534033519931851,139.97479922666398,-165.0444676763677
161289465,0.7008560427623143,-0.25993214480708643,6.920952865275244,2.527716502909652,140.47467504554098,-165.50724030397706
161291220,0.7009610609727396,-0.25907332911039405,6.914693076784413,2.5300372953361205,141.0263697862157,-165.49629867392153
161292975,0.700095553988264,-0.25934413765909986,6.8922761661444785,2.5383835996835575,140.77641153026144,-164.97502651920357
161294730,0.6999401781232886,-0.26082768598552825,6.903848843446835,2.5340679266910042,139.83080764861106,-165.01086342741047
161296485,0.7009346317830639,-0.26008795115159733,6.924966369191755,2.5262307663230956,140.3834071278249,-165.57059277160488
161298240,0.7007520557337417,-0.259134849016471,6.909224894188882,2.53206811772446,140.96844816611568,-165.36982435677172
161299995,0.700064862909462,-0.2590494878566536,6.888195736929064,2.539908802182818,140.95911634625986,-164.92853011791496
161301750,0.6997284961018319,-0.260912225464835,6.8985791459319366,2.5360312637682947,139.75921709135054,-164.88577501033745
161303505,0.7003666891217865,-0.260212821146709,6.909641416412203,2.531913310474275,140.2544450642833,-165.22410589388966
161305260,0.700752904292112,-0.2594132430741199,6.912272525157913,2.5309358565441724,140.79275638570965,-165.3956492776842
161307015,0.7000494731527163,-0.25890088205966005,6.886143101175439,2.540676744320573,141.0513088893105,-164.90503587372842
161308770,0.6993518372768888,-0.2605315607971611,6.8834516020330305,2.541684410117926,139.9638204535833,-164.61624175413345
161310525,0.699912662654123,-0.2602684903608374,6.896955903775584,2.5366366543027614,140.17893978339728,-164.94393263518182
161312280,0.7004141219649327,-0.25957221847294537,6.904065127353862,2.533987410957045,140.66184396683764,-165.19643095734173
161314035,0.7000636825734833,-0.2589228227511822,6.886794233407696,2.5404330888991646,141.03880577342525,-164.91603041031763
161315790,0.6995261089505195,-0.2602737892339274,6.885732564677308,2.540830392371913,140.14085084846735,-164.70209629742533
161317545,0.6998449963062534,-0.2605394802472533,6.897925106230614,2.5362751538219315,140.00297161525265,-164.92570458888838
161319300,0.7002129731536835,-0.2598111079975401,6.900769717758428,2.5352147480065605,140.49327538641955,-165.09142995569994
161321055,0.7000955796660441,-0.2589347310735847,6.887853274012567,2.54003689358915,141.03426642810857,-164.937236831388
161322810,0.6993705032858171,-0.260030517605625,6.878567604087207,2.543514979050468,140.27910204814074,-164.58256403945646
161324565,0.6992865981789536,-0.2608162805635152,6.8846424264413715,2.541238480114068,139.78000231147092,-164.60095901435443
161326320,0.7002399407193147,-0.26005729196631766,6.904234304359734,2.5339244352404973,140.3409014112446,-165.13053637037888
161328075,0.7001485971402643,-0.2591061459256522,6.891251887819854,2.5387662859283404,140.93116884401303,-164.9865194040593
161329830,0.6993349418383812,-0.2599942618977318,6.877141240460478,2.544050094865323,140.29856400934372,-164.5569824186623
161331585,0.6991867845068254,-0.26097490901856657,6.883459436017481,2.5416814759976543,139.6720465727559,-164.55276081051505
161333340,0.7001515786044635,-0.2601868192528119,6.90305604666508,2.5343631042038055,140.25159763566552,-165.08660547954608
161335095,0.7000878807548305,-0.2593265560732524,6.891861890519751,2.5385383654784404,140.78677409035652,-164.96858210898947
161336850,0.699485233451609,-0.25969041975708884,6.878229345001052,2.5436418601137363,140.50277099859403,-164.6233399234548
161338605,0.6992238225883316,-0.26099015821297306,6.884703611317815,2.5412155723676992,139.6658208236027,-164.57723816535585
161340360,0.6999275227106183,-0.26050663749773034,6.899980492627507,2.5355088634818816,140.030902743014,-164.9745152951838
161342115,0.7002858836578674,-0.2595455483039806,6.900021549972212,2.535493561209532,140.66700044895597,-165.11324784752202
161343870,0.6996493020605201,-0.25948745297380366,6.880812454626308,2.5426732580140787,140.64525727794373,-164.70763201807924
161345625,0.6991144011785481,-0.26101346907123646,6.881771619045137,2.54231378424987,139.6415401987647,-164.5110184109045
161347380,0.6998646373385213,-0.26045463444460715,6.897576124060431,2.5364053078823465,140.05790533822235,-164.93045610892221
161349135,0.7001755166627076,-0.2597656835961346,6.8991808221235,2.5358069416720324,140.51845897775564,-165.06376391671816
161350890,0.6996054504882029,-0.2591728381176562,6.876142728583859,2.5444248324043484,140.83884422316365,-164.6509397750181
161352645,0.6992375669910225,-0.26095104449471485,6.8846787461744245,2.5412248818794883,139.6914633752798,-164.58234163185088
161354400,0.6997203933654571,-0.26066489493483613,6.8956489866238355,2.5371242825302365,139.91332228483145,-164.8588019510432
161356155,0.70032842956122,-0.2599114313102293,6.905240012147585,2.533550128098155,140.44056898923432,-165.17309530914702
161357910,0.6996677413776855,-0.25911210248819344,6.87730035586275,2.54399038975597,140.88282173647212,-164.68443814826847
161359665,0.6990382475872237,-0.2606636895387431,6.875762017620089,2.544567740995764,139.85304077450982,-164.4321701402092
161361420,0.6996410354387603,-0.26097638037993165,6.89672264183035,2.5367236736069683,139.71136753169444,-164.83671825035194
161363175,0.7001432046999836,-0.2600862759851346,6.901717570464846,2.5348616086189306,140.31401251340642,-165.07233972428665
161364930,0.6999313385520494,-0.2594229648427186,6.888335446783101,2.539856550241997,140.71173638361878,-164.87894418632317
161366685,0.6991738289214406,-0.2601899203500869,6.874573401697036,2.545014019296073,140.1614014721586,-164.47398750350374
161368440,0.6994001237367999,-0.2611813109849632,6.891922514957848,2.5385157161102363,139.56206913249324,-164.70422524624277
161370195,0.7000421309760086,-0.26037877114874636,6.901941436990674,2.5347782176253473,140.12131220356704,-165.03502242440763
161371950,0.7003486927969215,-0.2591816510081383,6.897916337715879,2.5362784239038945,140.90200556323614,-165.11957663215568
161373705,0.6992385737820737,-0.26018922145405204,6.876447632526335,2.5443103913749625,140.16773322861712,-164.51442951525217
161375460,0.6990582045433074,-0.2612876480446364,6.883116885751906,2.5418097802615005,139.4655640072714,-164.50028660786177
161377215,0.700002741131578,-0.26044729256903615,6.90153474415586,2.53492971610033,140.07481321244924,-165.01640939479452
161378970,0.7000449445393025,-0.25967776273308896,6.894410340974446,2.5375866120531096,140.56189974397165,-164.97367484498236
161380725,0.699318317098329,-0.25992539615973886,6.875913534865871,2.544510863585901,140.34017672053895,-164.54027183085802
161382480,0.6991278390915565,-0.2614590199416258,6.887010213223139,2.5403522790699125,139.36488348029948,-164.55878369280467
161384235,0.6998296182519943,-0.2606574678343626,6.8987598582280505,2.5359638848552417,139.92767349055237,-164.92655323095644
161385990,0.7001049500128075,-0.25965084227795965,6.895872004533453,2.537041058212325,140.58428696990623,-165.00896109753685
161387745,0.6994868220616243,-0.2596332596889276,6.877658276977375,2.543856096797585,140.53877221232528,-164.6190788237466
161389500,0.6989471557873087,-0.26136293998333976,6.880704858304339,2.5427135891398054,139.40883456057676,-164.43774178262166
161391255,0.6999169980529257,-0.26063804842438054,6.901103563340138,2.5350903565924083,139.94758978464844,-164.9795849253642
161393010,0.6999939065832854,-0.2604097165768046,6.900867300485628,2.535178387249993,140.09759914655152,-165.0075215203161
161394765,0.6999862019059526,-0.2603173635335767,6.899637204781437,2.535636815814283,140.15485585848216,-164.99444710429648
161396520,0.6998010548039902,-0.26025629702294356,6.8935630437591415,2.5379029669363113,140.1765735544684,-164.87283385183355
161398275,0.6998062941904634,-0.26039503002394127,6.895223307455763,2.5372831498741526,140.09005957969993,-164.8885563340691
161400030,0.6996210204556859,-0.2607752831895267,6.893948280793753,2.5377591213544113,139.83539800848612,-164.80640472964993
161401785,0.6999554989532033,-0.2604877337199525,6.900592957214565,2.5352806142545345,140.04524508566556,-164.99037650717338
161403540,0.6998224611521603,-0.2604180577037962,6.895945917307521,2.5370134771554556,140.07706966795882,-164.9007500259716
161405295,0.699398427029657,-0.2603216855617302,6.882532605362404,2.542028656104483,140.09933064478867,-164.62647779454696
161407050,0.6993224220291558,-0.26083738977855236,6.885915266368609,2.5407620118313377,139.77000794838614,-164.62522368831893
161408805,0.6997738740854155,-0.26044797895100497,6.894851900869211,2.5374217785648727,140.0539731091112,-164.87297045547382
161410560,0.6995026064853008,-0.26064612486448874,6.889088789134276,2.5395748350575897,139.90566584848003,-164.72081609185585
161412315,0.6994994046903077,-0.2603196288266799,6.885451463478711,2.5409356085549617,140.10973399024357,-164.68950864365507
161414070,0.6993275370092166,-0.26097998931956295,6.887614541734781,2.5401261943212043,139.68138042430724,-164.64109863886367
161415825,0.6998114513201422,-0.26054586557706017,6.897014217745869,2.5366149009816934,139.99598367030146,-164.90525118044
161417580,0.6995364809977302,-0.26068915247786345,6.890544385853468,2.53903068748322,139.88176867444017,-164.74584838488693
161419335,0.6994311488946289,-0.2601883515528811,6.882040789218274,2.542212923572728,140.18576816109533,-164.63489588049845
161421090,0.6990601216598998,-0.2611184345761818,6.881332799677725,2.5424782314095684,139.57123683510267,-164.4864910429409
161422845,0.6994027733675318,-0.26062931170267734,6.885996162267592,2.540731735762484,139.90725551314398,-164.65686608696433
161424600,0.6992008047938993,-0.2605149419196924,6.87887602868971,2.543399300019936,139.9606138133341,-164.52031475916053
161426355,0.6991351211429888,-0.2601440889086553,6.872953400305616,2.5456225197228055,140.18654012224658,-164.44559561338872
161428110,0.6989907867695381,-0.2609659090865101,6.877659980368354,2.543855457714879,139.66018731888948,-164.42966203594906
161429865,0.6993560151009421,-0.26074068886580015,6.885843380167996,2.5407889165436606,139.83343774713478,-164.63759068577335
161431620,0.6994371687826461,-0.26063811613069976,6.887094096725952,2.5403208950721585,139.90482692775728,-164.67916586393736
161433375,0.6990825724425874,-0.2602903128332171,6.8730079385009875,2.5456020294703396,140.09031562252275,-164.42606239717136
161435130,0.6990763065408685,-0.2607188466435143,6.877466057400631,2.5439282163211114,139.82202638899506,-164.4608944506219
161436885,0.6991273998891511,-0.2607915566201664,6.879740441334923,2.5430751462356755,139.78121188696278,-164.49931847243013
161438640,0.699095800890323,-0.2606476346177703,6.877260815514279,2.5440052262762727,139.86824804602105,-164.46666377087433
161440395,0.6988524275892177,-0.2604390572650425,6.8679363628499965,2.547508865960777,139.97645879458216,-164.2958282377331
161442150,0.6991975416561463,-0.2607028472506204,6.880818544883748,2.5426709751963377,139.84290165935394,-164.5351745640891
161443905,0.6989630962425555,-0.2610367253546153,6.8776237208058655,2.5438690617426833,139.6135531500487,-164.4187153779082
161445660,0.6992799239592593,-0.2608517632331879,6.884833508650326,2.5411669399122023,139.75724031527488,-164.5999541307555
161447415,0.6991714050963742,-0.26083099511084884,6.881448734249373,2.5424347829515304,139.76052392081957,-164.5303243293075
161449170,0.6987905698369759,-0.26061160831742924,6.868008011848938,2.547481906973932,139.86316719274075,-164.27289589028038
161450925,0.6986514308329077,-0.26111639721581753,6.86943848104294,2.546943792199251,139.53606458391252,-164.23165526687436
161452680,0.6990181731911257,-0.2608430110826986,6.8771226487116754,2.5440570712590755,139.73930858475774,-164.43575047946476
161454435,0.6988002320961265,-0.2610689598423169,6.873242184409666,2.5455140259757476,139.57891930682865,-164.32008436095413
161456190,0.6989010435689866,-0.26067311188405135,6.871879052577643,2.5460262248798884,139.83478835281196,-164.3473813736566
161457945,0.6984194031063021,-0.2614219444872591,6.866025124486175,2.5482282096134794,139.32529494924907,-164.11462559609657
161459700,0.6988398066474005,-0.2610223541988751,6.873885781147747,2.545272265627339,139.61149915322298,-164.34057682452695
161461455,0.6988247310793859,-0.2610576295731345,6.873830639021608,2.5452929773757162,139.58816874958677,-164.33433630277383
161463210,0.6987776226184886,-0.2606612142163895,6.868169118492223,2.5474212903349858,139.8310539896019,-164.26931312024013
161464965,0.6984224920992734,-0.26164601449433056,6.8685464015075235,2.5472793483492384,139.18636929399594,-164.13644328780984
161466720,0.6987116996584266,-0.2610290097085118,6.870239547759521,2.5466425464324134,139.59588083075977,-164.26135685308364
161468475,0.6987074631770958,-0.26100340523289994,6.869839157711651,2.5467931064512275,139.6114494396435,-164.2564216716125
161470230,0.6983381345966895,-0.2607124028324789,6.855996587693811,2.552009423087627,139.75924713168493,-164.0001437146879
161471985,0.6984206124262795,-0.2616115033499205,6.868117157564375,2.547440840401951,139.2076368317495,-164.13221976167014
161473740,0.6986209431489954,-0.2611612301122214,6.869040278327394,2.5470935653413598,139.50542890238575,-164.21668924910963
161475495,0.6987240708735684,-0.261078861420928,6.871138914980637,2.5463044197033513,139.5659393245123,-164.27352741567026
161477250,0.6982900510364034,-0.26061844432677567,6.853593285303975,2.552917256567366,139.8133397989685,-163.96163766162576
161479005,0.6983874717193034,-0.2613418875143003,6.86423221082769,2.548903390765665,139.3721966228083,-164.08763783868784
161480760,0.6983139080509236,-0.2611845531343205,6.8603987151991594,2.550348230446056,139.46338700111116,-164.02781364396785
161482515,0.6984882212929766,-0.2610741311169574,6.864249926580978,2.5488967175479598,139.54772780541398,-164.1262857265592
161484270,0.6982122624096317,-0.2609714022216715,6.855154824334475,2.5523273202880814,139.58670307117498,-163.94538803370946
161486025,0.698207764175012,-0.26110753982501256,6.856495909791181,2.5518208886579212,139.50168440445185,-163.9549091522568
161487780,0.6982038412001016,-0.26134480476748473,6.858949217131011,2.550894974369684,139.3539451992993,-163.97382271811915
161489535,0.6984451358170823,-0.2610921190623283,6.863196823659325,2.549293464337544,139.5326627697487,-164.1010987773766
161491290,0.6981719657762985,-0.2610677486406765,6.855031214990606,2.5523740088473392,139.52317443215566,-163.92906838986968
161493045,0.6982174411420135,-0.26091327494587346,6.854676710723115,2.5525079184090065,139.6233102472482,-163.9433341340614
161494800,0.6979062955692468,-0.2614071655574212,6.851027293032057,2.5538872635614007,139.28851521804978,-163.79478787538073
161496555,0.6982412363804413,-0.26106690004155286,6.857024249992618,2.5516214280971603,139.52996423666536,-163.9720405622895
161498310,0.6980452738296227,-0.2613897625861702,6.854852192994511,2.5524416304028015,139.31180693086935,-163.87942952910592
161500065,0.6976618609084464,-0.26091073770266043,6.838628701436302,2.5585847103686934,139.57417883289162,-163.59807928065544
161501820,0.6976402379649314,-0.2617317640930099,6.84686300831576,2.5554630447691293,139.06354330421368,-163.6591270664769
161503575,0.6980699294368874,-0.26120158769102403,6.853529708756086,2.5529412810703125,139.43082328682664,-163.8777870248408
161505330,0.6980786710214144,-0.2611694102319348,6.853434462102127,2.5529772740233243,139.45159206483387,-163.88030860377924
161507085,0.6979848367461172,-0.2609425121562773,6.848276468191454,2.554927966641944,139.5839855054353,-163.80144926962222
161508840,0.6974967357530636,-0.2618432082561624,6.843933341906262,2.556572815854911,138.9817536380924,-163.580346141587
161510595,0.6978772205811182,-0.26119215714909544,6.847865893181929,2.5550833702977704,139.41924432143762,-163.75733443545766
161512350,0.6979624942826479,-0.261138027126792,6.849741545626878,2.5543735863665997,139.46056234649888,-163.8053438164614
161514105,0.6978061988626245,-0.2609663710756523,6.843383692166015,2.5567811338672968,139.5528759938359,-163.6927229773886
161515860,0.697571567056772,-0.26174966531185645,6.845077607794322,2.5561392471602966,139.046311450689,-163.61824273297663
161517615,0.6980741734594753,-0.2614600531123194,6.8564479195312265,2.551839007639265,139.27078664322622,-163.90366632549816
161519370,0.6981446631102208,-0.26150526996669726,6.8589754381786046,2.5508850818156996,139.2490364200178,-163.95145061829714
161521125,0.6978933447087888,-0.2609818635656277,6.84606225249444,2.5557662783677637,139.55121282230687,-163.74822565827037
161522880,0.6976735944642333,-0.26157161945305757,6.84609329375327,2.555754522182259,139.16567087500562,-163.6653959749656
161524635,0.6977025296639434,-0.26170651947013357,6.848385895789976,2.55488655123892,139.08474886020693,-163.69542045481936
161526390,0.6978811994202312,-0.2613083719656083,6.849235560652375,2.5545650219507183,139.34751823714873,-163.7703169459456
161528145,0.6976801071407277,-0.26123538462473556,6.842651314572322,2.5570587591293403,139.3745536340901,-163.63903112312784
161529900,0.6977406603283293,-0.2614579597096887,6.846798466665966,2.555487482988508,139.242110023555,-163.69669844333524
161531655,0.6976105549707254,-0.26178627739309895,6.846597002105065,2.5555637690860666,139.0271545366439,-163.6456428152358
161533410,0.6977294080087697,-0.26139121206053645,6.845753235188658,2.5558833177309443,139.28245177142972,-163.6837019585402
161535165,0.6975975672657163,-0.26137901076041975,6.841823603352047,2.557372595991821,139.27808106347902,-163.60092456820317
161536920,0.697773717662206,-0.26162357990345747,6.849541988045148,2.55444908401548,139.14248557012183,-163.73206791918122
161538675,0.6973217555186308,-0.26186224224024335,6.839102627044395,2.558404834554085,138.9542982336865,-163.47391039348537
161540430,0.6975365678874174,-0.26162986421495316,6.8427749793955,2.5570118767560968,139.1172852635675,-163.58582364360265
161542185,0.6973585449030785,-0.26164383330654273,6.837802836099614,2.5588982238253903,139.0925910934805,-163.47697762595158
161543940,0.6975988382615577,-0.26101406147249423,6.837927456027459,2.5588509108835575,139.5043304013614,-163.56846865379237
161545695,0.6972819979548646,-0.262086861248417,6.840386557727791,2.557917653807069,138.81202695516026,-163.4694705181464
161547450,0.6976807182062731,-0.26165143652299605,6.847161348048423,2.5553500867483785,139.11689312015727,-163.67697906022815
161549205,0.6976187873915731,-0.26153424706002515,6.844110339680183,2.5565057407311844,139.18387385946008,-163.6280957369036
161550960,0.6973803963221403,-0.2613355154127316,6.835107285350514,2.559922042483192,139.28527794520815,-163.46252876767034
161552715,0.6970716511333651,-0.2621834972210729,6.835383521706838,2.5598170849992563,138.73361837909272,-163.3483307024621
161554470,0.6973336895713272,-0.2616309887665915,6.836949547662816,2.5592222288826965,139.09828619809397,-163.46045095671266
161556225,0.6974501566658494,-0.2615646145022505,6.839583294576163,2.5582224258984776,139.1498588377618,-163.52647671151425
161557980,0.6974489160006058,-0.261217745926775,6.83580866173829,2.559655567702388,139.36442659367577,-163.49420408493816
161559735,0.6968807641986087,-0.26196346708770224,6.827529560012413,2.56280462443509,138.85212503068223,-163.2108807252762
161561490,0.6973155834064076,-0.2617757910648439,6.837991547398102,2.558826578773682,139.00715679825828,-163.4623233815614
161563245,0.6973157265212915,-0.26158792043041257,6.835968630481881,2.5595947984093175,139.12328671881167,-163.44544997055687
161565000,0.6972529200012653,-0.26127007509296485,6.830740872349095,2.5615822367887415,139.31413001132876,-163.37768464827434
