frequency_hz,s11_real,s11_imag,swr,return_loss_db,resistance_ohm,reactance_ohm
144000000,-0.4292012687927723,-0.4274591925027398,4.072944810189232,4.354107542202097,14.224019349997405,-19.208734312011586
144004000,-0.4292729503830817,-0.4276674473458538,4.075490688619158,4.351272377538989,14.216188794693378,-19.214785764150303
144008000,-0.4294799470446746,-0.42715495863763153,4.072724889716823,4.3543526290573356,14.221055131971674,-19.190435098635973
144012000,-0.4293218877512954,-0.42723594704259144,4.072018213535908,4.355140363738682,14.224995468025424,-19.197373941958734
144016000,-0.42899794875925157,-0.4270540597284855,4.067418723316741,4.360274551802391,14.241652897775559,-19.198529079404082
144020000,-0.429111947039021,-0.42697234536301804,4.067716077015502,4.35994225665368,14.239383712582926,-19.192646444014006
144024000,-0.42938614505780914,-0.42660951764091104,4.066928065866553,4.360822978524855,14.238019513603945,-19.1722513987273
144028000,-0.42921389255469616,-0.42682516260796644,4.06731134539625,4.360394560200492,14.239180644594732,-19.18460131633681
144032000,-0.429179775389586,-0.4267665232486136,4.066470030331038,4.3613350696035855,14.24190837491498,-19.183238075521277
144036000,-0.4288376893473113,-0.4265714030678085,4.061595731986916,4.366792229167663,14.259581286226574,-19.18433419987469
144040000,-0.42927235558953697,-0.4262701582650811,4.0628250752192185,4.365414568532554,14.25065560783007,-19.162294035476577
144044000,-0.4292083714132931,-0.42643739817582454,4.063753910419437,4.36437425996621,14.248942983717699,-19.170159250068217
144048000,-0.42887044157208437,-0.4266220343818907,4.062350698526957,4.365946072500032,14.257101096320955,-19.185430949942635
144052000,-0.4284352537554725,-0.426159239696157,4.05422813524489,4.375067349668266,14.284887525198174,-19.178747317854388
144056000,-0.4289968604264037,-0.4258652978321509,4.056671187447159,4.3723198213856,14.270989478979546,-19.15384479449828
144060000,-0.42906920408170884,-0.42602296024436903,4.058748571824674,4.369986304184149,14.264384922600005,-19.15799698489918
144064000,-0.42893046465519546,-0.4259039020997037,4.056416538438645,4.372606042640372,14.272538016437242,-19.15693269627194
144068000,-0.42814029970557493,-0.42590322157780197,4.049255959881049,4.38067010865902,14.302308542549236,-19.1763794977339
144072000,-0.4283997766731594,-0.42575135277893106,4.050236713437099,4.379563813733377,14.296278295163496,-19.164261931329147
144076000,-0.4289999463984523,-0.42571151584252254,4.0553145444485255,4.373845106760184,14.274659069092078,-19.147980104216863
144080000,-0.4286992294456538,-0.4254244469977474,4.050008755946416,4.379820900026487,14.293050036554499,-19.144571995193434
144084000,-0.42810909878167164,-0.42526598156089607,4.0432541642379025,4.387452616759065,14.31919234193403,-19.15313367013168
144088000,-0.4284309079232462,-0.4252238000700444,4.045781545367425,4.384593861994972,14.30810040505973,-19.143617432138907
144092000,-0.4286381985168289,-0.42511916587650844,4.046716827519572,4.38353691590232,14.302863418347023,-19.134571431912278
144096000,-0.4285308529202664,-0.4251107923914209,4.04567140638866,4.384718362394563,14.307115301269892,-19.13689766394928
144100000,-0.4280183473215012,-0.42502806469286175,4.04030490658773,4.390793378468914,14.328475691300449,-19.146397928989384
144104000,-0.4280312737223774,-0.4247890082763837,4.038282921615012,4.393086778786014,14.333875624547298,-19.137062141427965
144108000,-0.42841550217663454,-0.42472369820214323,4.04116313981018,4.389820681831177,14.320989935066411,-19.12514158213475
144112000,-0.42828285035456076,-0.4245829855277941,4.038708501341696,4.3926038693246365,14.329455556097749,-19.123097564747223
144116000,-0.42811836944295295,-0.4246490906015491,4.037816924104222,4.393615675085378,14.334034261825673,-19.1296392011744
144120000,-0.4280559227401803,-0.4244023301711829,4.035050847113781,4.396757787069163,14.342463620551714,-19.121864245427698
144124000,-0.4282245563569487,-0.42422358897298396,4.0349742320038,4.396844882964048,14.340495689252403,-19.11096954334527
144128000,-0.42814401687651515,-0.42435948041563304,4.035461531117073,4.396290982427864,14.340193021548734,-19.118079519865926
144132000,-0.42792574253636634,-0.4243350001842221,4.033278771191148,4.398773181505254,14.349034454288278,-19.122526286635324
144136000,-0.4275560615757725,-0.42421630126514004,4.028899116577559,4.403762297924796,14.365916024845202,-19.127144326270738
144140000,-0.42799974734023266,-0.42396218628191995,4.030621716604978,4.401798606745172,14.35541186113391,-19.10662880896087
144144000,-0.4280153098960752,-0.4240626723728867,4.031656692401764,4.4006196380074964,14.352352827378462,-19.110040714792483
144148000,-0.42780365588121566,-0.4239331524519968,4.028601319166985,4.404101955807195,14.363532372912188,-19.110355313493347
144152000,-0.4271520278363272,-0.4238367479540075,4.021901774545801,4.411757404280119,14.39052996853675,-19.122750967375953
144156000,-0.427773390875948,-0.4235318125873547,4.024761446214484,4.408486386494755,14.37454607940386,-19.09593522314564
144160000,-0.42793804909361544,-0.4237005776054419,4.027739325240723,4.405085419281548,14.364174965019256,-19.098264190863706
144164000,-0.42758792205451807,-0.42377755194975464,4.025281301951295,4.407892284809019,14.375511418206953,-19.109783861900308
144168000,-0.42697487204740964,-0.423667024528967,4.0188105167573855,4.415298901600686,14.401408403405604,-19.12069624225251
144172000,-0.4275188050720752,-0.4234316629228038,4.021590161491344,4.412114140540951,14.38663248028947,-19.098409607116775
144176000,-0.42780226211406935,-0.4234737711142219,4.024504976859929,4.408779545136472,14.37488178345729,-19.093031771436536
144180000,-0.4275295878386735,-0.42320103581658813,4.0196416003974,4.414346200528508,14.391895599556035,-19.089423538453023
144184000,-0.4271575057880667,-0.4230719483662178,4.015170307772219,4.419476758133406,14.40914551453759,-19.09368978190782
144188000,-0.4273335734333246,-0.42290353288272875,4.015253695918436,4.419380963435395,14.406624228505038,-19.082987631102267
144192000,-0.4276556743772189,-0.4230251441635081,4.01921212393638,4.414838472404633,14.391449937131712,-19.079672277725454
144196000,-0.4275151944184203,-0.422930956674329,4.017120635788145,4.417237368906355,14.399078342790842,-19.07956140779144
144200000,-0.4270122346028357,-0.42299321388244665,4.013176321256667,4.421768675677037,14.41657991857548,-19.094283501120284
144204000,-0.42719372697896446,-0.42274029819386094,4.012561011685718,4.4224764119402105,14.415929545076384,-19.080247305992884
144208000,-0.4273963686144767,-0.42265165887684986,4.013587924276943,4.421295374220076,14.410437545116507,-19.07191224246409
144212000,-0.4272202331747017,-0.4224732278784046,4.010439055389315,4.4249188871411445,14.421489445815617,-19.069484833723504
144216000,-0.42703631740576636,-0.42248278670234984,4.008882609122054,4.426712185592903,14.428219111678185,-19.07436637776308
144220000,-0.4269486098058516,-0.42217429629975267,4.0053814829629895,4.430751527505053,14.439122511758889,-19.064835981918623
144224000,-0.4271154840032372,-0.4219739494940592,4.005104000074959,4.431071988965675,14.437720583438631,-19.053145842629338
144228000,-0.4270286607081623,-0.422079530985137,4.0052600156661216,4.4308918027147834,14.43841746068759,-19.05927874338166
144232000,-0.4269185366145512,-0.42207374258621355,4.004228227357188,4.432083718417342,14.442732570034718,-19.061764649052538
144236000,-0.42654919600264907,-0.42194813525636626,3.999837977008907,4.437162642277358,14.459819210317315,-19.06607959330789
144240000,-0.4270557909264956,-0.4216384326408684,4.001621355070712,4.435098082328723,14.448219800403761,-19.04189489711134
144244000,-0.4270557346156539,-0.42177743539043583,4.002842800902703,4.433685185571418,14.444809824457339,-19.04716539981859
144248000,-0.42669304237562905,-0.4216630740009476,3.9986117193839483,4.438583381399512,14.461368893569718,-19.05173583570003
144252000,-0.42626303386675435,-0.42146385650999657,3.9930476614983026,4.44504158067352,14.482576110860276,-19.05474275085328
144256000,-0.4267572099630343,-0.4209999579677457,3.993367128890939,4.444670255471442,14.47521235831205,-19.025004046423653
144260000,-0.42690939745903095,-0.42130679987872144,3.9974077010557982,4.439979258817312,14.461909735156054,-19.032911937472438
144264000,-0.42666012503751805,-0.4214694853081615,3.9966201626106925,4.440892776060426,14.467371721198807,-19.045201798002903
144268000,-0.42560239106746806,-0.42148301492180446,3.9873684587950704,4.451653261299606,14.507184221235597,-19.0717149887243
144272000,-0.42630658126913246,-0.4207635788286199,3.987305789069375,4.451726332986738,14.498121050752006,-19.02708758231212
144276000,-0.42677922847777633,-0.42113443433757325,3.9947403742296235,4.443074818522151,14.471077436108912,-19.029566863092665
144280000,-0.426462591869858,-0.42098655073450564,3.990636889195545,4.447845729068098,14.486724230917964,-19.031724881445925
144284000,-0.42598291898764024,-0.4210341579327185,3.986806670554968,4.452308383024233,14.503769101731324,-19.0453123565566
144288000,-0.42630986643408303,-0.4207346288369855,3.9870819675844924,4.4519873245166535,14.498706815330197,-19.025907420985806
144292000,-0.4266432494174205,-0.4207249614170602,3.989950514911045,4.448644763248463,14.4862839226275,-19.01736073566827
144296000,-0.42637772921440265,-0.4207669146348872,3.987964798775198,4.450958063037373,14.49533710404947,-19.025468111139265
144300000,-0.4260653915083056,-0.42073979680574136,3.984964504732011,4.454457982657733,14.507866501955808,-19.03210526390977
144304000,-0.4262047064127338,-0.4204706671265653,3.98384769331193,4.455762208560009,14.509179406803538,-19.01846037879811
144308000,-0.4265287423279767,-0.4203748375132026,3.98587841890215,4.453391282913898,14.499218779641076,-19.006871582532977
144312000,-0.4263298914180071,-0.4203439999493076,3.9838499847485425,4.455759531793618,14.50753004435744,-19.010576283119335
144316000,-0.4261459171460162,-0.4202987322140931,3.9818291767631755,4.458121437642384,14.515632008992748,-19.013368839308157
144320000,-0.42594667675648545,-0.42003194213929396,3.97774746049699,4.462899930621275,14.529751692607492,-19.008113957574775
144324000,-0.4263076628551869,-0.4198483200999376,3.9793365822525444,4.461038291111574,14.520527622970993,-18.992280445468182
144328000,-0.4260809901411716,-0.4200163630629654,3.9787971042167696,4.461670106017997,14.525026489138012,-19.004227066953888
144332000,-0.4259592693152878,-0.42000718457263186,3.9776431905836325,4.4630221372449,14.529880148949974,-19.006863565734296
144336000,-0.4255459823748498,-0.41982822841087475,3.9724465513034715,4.469121389112841,14.549992812709572,-19.010196417058538
144340000,-0.42596611487557423,-0.4195660292077117,3.9738702717183836,4.467448686678662,14.540437449426602,-18.98991482441183
144344000,-0.42589528325998505,-0.4196376210646375,3.973867596977436,4.467451827981942,14.541377366575125,-18.9943752366045
144348000,-0.42565893155483814,-0.4195569619341051,3.971086478668461,4.470720508947669,14.552349582864753,-18.997101675053244
144352000,-0.4249965004889669,-0.41934808067159013,3.963458254925611,4.479711194461654,14.5826997879929,-19.005401901963495
144356000,-0.42552947268053115,-0.4191457244644058,3.9663852340062165,4.476257067098174,14.567362430765696,-18.98461899346794
144360000,-0.4256491443595113,-0.4192884967095723,3.9686733160272056,4.473560690892466,14.559305201226918,-18.98712185500447
144364000,-0.42546169706521236,-0.41933810646893677,3.967455256031346,4.474995692820374,14.565226050474186,-18.993607258256688
144368000,-0.42484016185772383,-0.41914722084974876,3.9603516370119656,4.48338327895237,14.593587773063394,-19.00158594946828
144372000,-0.42524906036497173,-0.41882654949695775,3.9611648070245895,4.48242150135283,14.585870487477637,-18.979333531783375
144376000,-0.42574829334273345,-0.4189863098487097,3.966928986216593,4.475615984764145,14.562935589549799,-18.97318500185127
144380000,-0.4252388738181371,-0.4181400703357976,3.9551570112398946,4.489537196689514,14.603079299421488,-18.953409578144953
144384000,-0.42495910167086726,-0.4188764336430601,3.959054708653768,4.4849180954505865,14.595699164755317,-18.988345744860816
144388000,-0.42516564649285493,-0.4185235840403596,3.9578196555302907,4.486380686076478,14.59647644343697,-18.96982915916886
144392000,-0.42502614835005303,-0.41865704686049965,3.957748918475104,4.48646448475201,14.59852360842075,-18.978337454904214
144396000,-0.4253506818959434,-0.4186424989335489,3.960466960474434,4.483246854347918,14.586508408330563,-18.969828001548677
144400000,-0.4249068531181579,-0.4185445017264155,3.9557346392418307,4.488852044881142,14.605832283321735,-18.97697089635724
144404000,-0.42477185119250044,-0.41766477565035603,3.9469911277071534,4.499246062334129,14.632542622946954,-18.946708128554935
144408000,-0.42473934731235097,-0.41784818299356297,3.948281579310409,4.497708919015524,14.629290902343953,-18.954506887628177
144412000,-0.4241335493768222,-0.4174949969806166,3.9399763880376057,4.5076206128436365,14.661086183601574,-18.95586266667126
144416000,-0.4246519032871086,-0.41759727434352684,3.9453660164504556,4.501183369855161,14.638776476488191,-18.947068270642728
144420000,-0.4248187217588308,-0.4175869813667628,3.946732765612059,4.499553943781517,14.6326579745299,-18.9425897688778
144424000,-0.4243600159734554,-0.41754315434971256,3.9423591826778326,4.504772340180414,14.651252188614666,-18.952152172738327
144428000,-0.4237062141277574,-0.4174721000646066,3.936068349101863,4.512300066585965,14.677983193280388,-18.965467175532826
144432000,-0.4245530722239365,-0.41715902812640254,3.940751715210521,4.506693421741847,14.653283892103374,-18.932745714770046
144436000,-0.4244154615942468,-0.41714816475585265,3.939461153517022,4.508236982496565,14.658809213520474,-18.935699819300407
144440000,-0.42429469919097573,-0.41713248661978536,3.9382767604908815,4.50965451305822,14.663809284002259,-18.938057956871408
144444000,-0.42404446344825547,-0.41683777533155825,3.933586156658362,4.515277385144078,14.68059621847657,-18.932917143291327
144448000,-0.4243598902469173,-0.417046441661122,3.938108187553278,4.5098563422135465,14.663424290479576,-18.933172150258276
144452000,-0.42407184498125877,-0.4171262475532977,3.936286741235228,4.512038303616524,14.67248233045646,-18.9432787183678
144456000,-0.42415909360297627,-0.4168409525663929,3.934608414911015,4.514050729338594,14.6761339371307,-18.930231460629862
144460000,-0.423864839126842,-0.41692929067634316,3.9328084551571916,4.516211042410921,14.685225413193885,-18.94081826284904
144464000,-0.42430847482417894,-0.41668915283115115,3.9346106205748548,4.514048083395423,14.674136641337931,-18.92076869829191
144468000,-0.4238393710197981,-0.4167320722160551,3.9309058519655817,4.518496847826656,14.691031745218611,-18.933896801625036
144472000,-0.4240352099489725,-0.41650328305361806,3.930654412523374,4.518799106541545,14.689140404678234,-18.92034632867708
144476000,-0.42411593323753466,-0.4166460556905167,3.9325713506181637,4.516495773056681,14.682556709610783,-18.92383302233754
144480000,-0.4239359073797881,-0.41624426922531194,3.9275890207114554,4.522487382533336,14.699280809102552,-18.91286308619315
144484000,-0.4238062625831705,-0.4163455185743389,3.9273274054532155,4.522802442859627,14.701765655185286,-18.919912689181537
144488000,-0.42403312829045825,-0.4162403214645397,3.9283978417399794,4.521513612235163,14.695655686221833,-18.910332902521837
144492000,-0.42393348450571866,-0.4164488965998432,3.9293093600754596,4.520416714509992,14.694364857908715,-18.920755185875787
144496000,-0.4235788734996329,-0.41612027954658176,3.9234452023449045,4.527483017308659,14.715987836876009,-18.916854872685754
144500000,-0.4237491481954418,-0.4159927169424643,3.92383439512978,4.52701334068478,14.712588340164482,-18.907800912909753
144504000,-0.42370245744196827,-0.41582726697435357,3.9220262281242935,4.529196275265394,14.718425345992772,-18.90260552254814
144508000,-0.4237367311284305,-0.415889202081989,3.922848168567479,4.528203709510553,14.715596946044185,-18.90413964021137
144512000,-0.4231060634943066,-0.41573087615473947,3.9160608860829265,4.536413308469715,14.743642220300654,-18.913510240835436
144516000,-0.423710463461042,-0.41557546707693926,3.919960242602365,4.53169310134743,14.724278023540805,-18.892761387355407
144520000,-0.4238619608734514,-0.4155568100192558,3.9211115810911092,4.530301315614951,14.718928805067074,-18.88834194685484
144524000,-0.4235425097149833,-0.4155859333041114,3.918598246515368,4.533340668261973,14.730459027535757,-18.89727074855533
144528000,-0.4229513986824338,-0.4153980573607443,3.911912771983698,4.54144569007694,14.757723651214961,-18.904533653592523
144532000,-0.4236531229520481,-0.4153520667337192,3.917572821182904,4.534581903962513,14.73193870092804,-18.885600775671872
144536000,-0.4235809118139461,-0.4150547215852074,3.914434652877216,4.538384851510487,14.741976364422879,-18.875964654914934
144540000,-0.42342098454882937,-0.41511277053503237,3.913546246737388,4.539462639719939,14.746691155470304,-18.882100685794235
144544000,-0.4228551047724031,-0.4151687988793706,3.909147746212614,4.544806492945969,14.767031036747007,-18.89809467760972
144548000,-0.4235297195140753,-0.4150394994874183,3.9138645259884246,4.539076452515324,14.74431183528338,-18.876632086013615
144552000,-0.423208970608009,-0.4149443216476879,3.910297318487925,4.543408605938105,14.75894390192005,-18.880822565728476
144556000,-0.42328198985003795,-0.4149273115637067,3.9107824029899816,4.542819003987039,14.756557991754173,-18.878384399755433
144560000,-0.42294923528926076,-0.4149381764715754,3.908010992202564,4.546189658201954,14.769062269818015,-18.886939831377013
144564000,-0.4234336326360286,-0.4149061703517325,3.91191012393337,4.541448906268034,14.751256640662925,-18.873866193879085
144568000,-0.4230003197752836,-0.41454222664145285,3.905113189568503,4.549719508371363,14.776784655351937,-18.870489466892035
144572000,-0.4231661926309366,-0.41452565575882294,3.9063993437671756,4.548152135932105,14.770820782945146,-18.86579873672576
144576000,-0.42318477812491445,-0.4145906602587655,3.907106779202343,4.5472904901313855,14.768518550411237,-18.867840130482502
144580000,-0.4230571475212015,-0.4145337108022904,3.9055298056953536,4.5492116779576675,14.774810737701353,-18.86877326633528
144584000,-0.422848840748785,-0.41424182174336904,3.9012853178368174,4.554390890722631,14.789946207016103,-18.862653978988494
144588000,-0.42296212430909585,-0.41430655098900543,3.9028018690257,4.552538978940951,14.784012311705386,-18.86237183798832
144592000,-0.42307351263808257,-0.41423077650683265,3.9031211585761256,4.552149279981264,14.781585330246827,-18.856739413936634
144596000,-0.4226564466911044,-0.41416011724527085,3.8989489550539838,4.557246919810919,14.79933624576424,-18.86421754133345
144600000,-0.42295462461197153,-0.4139480749291057,3.899725184925463,4.556297630411125,14.793058919876291,-18.848782346777064
144604000,-0.42295062615532836,-0.4140445520764756,3.900501083787925,4.55534914997913,14.790855875333092,-18.852587297449514
144608000,-0.422940982463695,-0.41384868379470113,3.8987738845834987,4.557461077954318,14.796010703635163,-18.8452958171306
144612000,-0.4221336065450888,-0.41393401946600417,3.892577570665562,4.565054114086646,14.824967051287729,-18.868311001017094
144616000,-0.4214708704314994,-0.41493814265284723,3.8953439621829746,4.561660949790383,14.825851661719511,-18.923158429716928
144620000,-0.42312387232143983,-0.41368066434487216,3.898933023552366,4.557266407459145,14.793083614923606,-18.83437302689019
144624000,-0.42302726039112976,-0.4137316474121614,3.8985318925124437,4.557757133063566,14.795552386645204,-18.83869085300541
144628000,-0.4217231619149536,-0.41350729005102316,3.8855044028832877,4.573753353878977,14.851200629647911,-18.861931033606567
144632000,-0.4229269316461594,-0.4134043636910028,3.8949286802126104,4.562169991738159,14.807398197574324,-18.828557263543285
144636000,-0.4226698346698732,-0.41334798550473567,3.8922556227490546,4.565449340213853,14.81866265596241,-18.832664458771117
144640000,-0.4226149924017859,-0.41316167728212294,3.890228467848016,4.56793950259158,14.825320708502778,-18.826835354137888
144644000,-0.4220507294863277,-0.4134162931896505,3.887537110490168,4.571249869896143,14.840816405238646,-18.850417506081076
144648000,-0.42267528769374213,-0.4132162758752356,3.891200570882823,4.566745022013128,14.821668084533856,-18.827464364923838
144652000,-0.4224757503288506,-0.41318896376162834,3.8892663474000204,4.569122346526422,14.830012731223189,-18.831284663288354
144656000,-0.42252790907394705,-0.41309077397049976,3.8888915965654403,4.569583239881628,14.83040258773136,-18.82623251955677
144660000,-0.4221374053444541,-0.4132093230299913,3.886547465839607,4.572468366575557,14.842538204594433,-18.840332315552295
144664000,-0.4226400243381984,-0.41298010431432264,3.888925322953406,4.569541757044827,14.828788678674623,-18.819237089540497
144668000,-0.42230223618968515,-0.4129086990660536,3.885444475267641,4.573827203339052,14.843534481741537,-18.824732735729114
144672000,-0.42240583242150787,-0.41289138845901124,3.88618420573047,4.572915796120709,14.839968439968763,-18.821537416814913
144676000,-0.42228305677564687,-0.4128693636083638,3.8849526956357257,4.574433320958647,14.845233266216981,-18.823686371089256
144680000,-0.42234862267258666,-0.4126659365588087,3.8838158812683674,4.575835072106442,14.847673400481867,-18.81425232246288
144684000,-0.42212506104378356,-0.4127161126386695,3.88232790842505,4.577671148451051,14.855059398540861,-18.821641452735573
144688000,-0.42228847944051295,-0.4126161586541605,3.8828881600052823,4.576979652022657,14.851204465947992,-18.813802725422537
144692000,-0.42222931020082555,-0.4126579146912798,3.8827315838353176,4.577172886293988,14.852464491984325,-18.816855037303103
144696000,-0.42195354050614997,-0.4124968647983406,3.879041600443119,4.581731617123114,14.867020219386294,-18.817381656353554
144700000,-0.4221202657821851,-0.41212358733876897,3.8773568636215536,4.583816088846277,14.869702738568439,-18.79892667693203
144704000,-0.4222562302913387,-0.41217029597875515,3.8789026566059013,4.581903454563011,14.863323163707605,-18.79741113953468
144708000,-0.4221789838543281,-0.41215954647219566,3.878155519894289,4.5828276947808035,14.866562457517285,-18.798880638246832
144712000,-0.42148400613532794,-0.41225842881941116,3.8730689836040226,4.589130112498929,14.89094370781507,-18.819654939575784
144716000,-0.4221360163467363,-0.4120840285766026,3.8771622352866357,4.584057021388014,14.870060372284808,-18.79701765861258
144720000,-0.42222606243526006,-0.41211513474417477,3.8781872406370317,4.582788447104759,14.865830958903151,-18.796020809904185
144724000,-0.4219204760493652,-0.41188022641411004,3.8736372350429935,4.588425146827959,14.883341319164073,-18.79441625827849
144728000,-0.4212167412082363,-0.4122380921992972,3.870633076120087,4.59215458217458,14.901749608558305,-18.825399858633126
144732000,-0.4222077860528354,-0.4117727470019737,3.8751884809367088,4.586501818136403,14.87488220024494,-18.78326691570502
144736000,-0.4218771207328197,-0.4118297596920497,3.872850247427915,4.5894015329608,14.886244282749296,-18.793527232868065
144740000,-0.42181355812490556,-0.4113299115523813,3.868170377210204,4.595216466021785,14.900883059046704,-18.775791196952365
144744000,-0.4214106145243937,-0.4117323513768524,3.868084511106209,4.595323299083857,14.90661958665701,-18.801150652219594
144748000,-0.421938171117153,-0.4114657719717595,3.8703524757510603,4.5925032430204045,14.892763127848545,-18.777997115586842
144752000,-0.42159968579794627,-0.411669884471429,3.869170243449581,4.593972824508642,14.900847293686274,-18.794126486102154
144756000,-0.42169145225718624,-0.41133979775826707,3.867216532678012,4.596403507676737,14.905355157941866,-18.779149035262375
144760000,-0.4214811194781666,-0.4116000621874827,3.8675868767487356,4.595942546902128,14.907126541711959,-18.794324423237477
144764000,-0.4219203664627966,-0.411166240414119,3.8677228939882613,4.595773272380149,14.900748449181757,-18.76687145729178
144768000,-0.4215197941335384,-0.41128904698042795,3.8653420760628867,4.598738063083537,14.91321936711465,-18.78137486379877
144772000,-0.4216783067940266,-0.41102101362111537,3.8644704759707627,4.5998244303715,14.913631806097033,-18.767161751899344
144776000,-0.4216640910315773,-0.41131617868906206,3.8667892227935075,4.596935490379139,14.906987118538497,-18.77890429971087
144780000,-0.4215393665764204,-0.4108787573493979,3.862119625804334,4.602757163726205,14.922464035761148,-18.765052853455735
144784000,-0.42131865473584273,-0.4109446477825677,3.86079581466841,4.604410329865268,14.929384478350984,-18.772977436332795
144788000,-0.42156818442629435,-0.4108495049051301,3.862122226003741,4.602753917810609,14.922063570235478,-18.763220763846228
144792000,-0.42148326732204994,-0.4109888891139999,3.862553583201813,4.602215505085775,14.921947155904538,-18.770673953123584
144796000,-0.42117773037715595,-0.4108302230400858,3.8586610969087225,4.607078711880512,14.937619320932106,-18.771991749568684
144800000,-0.4213511882388378,-0.41079112623122316,3.859804966578503,4.605648489468704,14.931869489895453,-18.76625285627218
144804000,-0.42141878403840116,-0.41060236409231043,3.8588209902888324,4.606878736645295,14.933856617243215,-18.757311593224927
144808000,-0.4210425610877901,-0.4105866461154171,3.8555136101304592,4.611018826619204,14.948782071333113,-18.765871853645585
144812000,-0.4213943165547536,-0.41045848057289347,3.857429356719471,4.608619818822961,14.938306887910871,-18.752346527453838
144816000,-0.4210885551516938,-0.4106456984464358,3.8563879325187114,4.609923632971879,14.945564468500868,-18.767033613411034
144820000,-0.42134991339526345,-0.4105146881696063,3.857516840139154,4.60851032805567,14.938654147348263,-18.755600648521785
144824000,-0.4207098212318237,-0.41043124246792867,3.8514300714287577,4.616141008747871,14.965438763683128,-18.767974536935178
144828000,-0.4213391391952576,-0.41034960652251523,3.8560672509280742,4.61032526329093,14.943091390902318,-18.749481572498603
144832000,-0.42080071653752626,-0.41025187470274804,3.850722198329655,4.617030113250932,14.966295395519689,-18.75881970517046
144836000,-0.4211271038848333,-0.41021772954751234,3.853193109078236,4.6139281164959804,14.954502262128058,-18.74954630660415
144840000,-0.4202494018971986,-0.41008173510857654,3.844688909378563,4.624622309516417,14.99178119189329,-18.76567760800767
144844000,-0.4212114833218468,-0.4099337655104402,3.8515727070076964,4.615961897679489,14.958152846314423,-18.73650790848705
144848000,-0.4208362118141535,-0.40998476036961784,3.8488286875622375,4.619410129064828,14.97143089792799,-18.74761939910522
144852000,-0.4208834993004235,-0.41012619835603775,3.8503876502393433,4.617450435151096,14.966155305472808,-18.751940120607994
144856000,-0.42041334962031446,-0.40996374679136577,3.845099340658806,4.624105019189883,14.9883108736495,-18.757111393331535
144860000,-0.4210667394858615,-0.4097986865335537,3.8492443036722936,4.618887512450523,14.967041288713524,-18.734804952030782
144864000,-0.4209553356138506,-0.4098154315644828,3.848443160177087,4.619895018827296,14.970944851597755,-18.73816518800523
144868000,-0.4209705566923621,-0.40973418170531595,3.8479052935938083,4.620571684425724,14.972333922279354,-18.734650023359464
144872000,-0.42054407611369055,-0.40966909750971686,3.8437846391463353,4.625762431801757,14.990429892263998,-18.74251648253783
144876000,-0.42094800550345157,-0.40944728692412646,3.8453656560438554,4.623769429834018,14.980189722688994,-18.72409284697461
144880000,-0.420903536580902,-0.40936629921984735,3.8443288209414215,4.6250762474047615,14.98388230386535,-18.722038986322723
144884000,-0.42091073319586403,-0.40948326601095525,3.8453465292702753,4.6237935302031445,14.980757272863348,-18.72639293540292
144888000,-0.4206771290733534,-0.4093425037858784,3.842230831594397,4.62772284829381,14.993229984587494,-18.72662756834513
144892000,-0.42084289624469007,-0.4092057144556778,3.8425057498230535,4.627375864114438,14.990137975049043,-18.71729514427124
144896000,-0.42094503285970153,-0.4091238143557518,3.842695075307402,4.62713694058036,14.988174056425603,-18.711638411846696
144900000,-0.42057595418770266,-0.40938164484255196,3.841700901378074,4.628391842578336,14.996196148302827,-18.730606842431158
144904000,-0.4207546206897069,-0.4089736672689744,3.8398685425228405,4.630706574869295,14.999202646169087,-18.71045280349556
144908000,-0.4204239107902529,-0.4090442472511744,3.83766903506079,4.633488240291005,15.010301383943604,-18.721234971588643
144912000,-0.4206710304059392,-0.40892561589030263,3.8387745034624188,4.63208975292082,15.003610664707264,-18.710624034167495
144916000,-0.4203758059074125,-0.40905872364860413,3.837383744357272,4.633849291386313,15.011813493884928,-18.72296707623812
144920000,-0.4206485719171459,-0.4088187104711768,3.8377139013110058,4.633431464821384,15.007081393850271,-18.70702699617302
144924000,-0.42014274745711094,-0.4090020795044287,3.8349686281722026,4.636908063071299,15.022227433300294,-18.726445832187647
144928000,-0.42059878106175635,-0.40876847290367974,3.836886506732781,4.6344787106745775,15.010233253102134,-18.706290702376258
144932000,-0.420255034646296,-0.4090202031623312,3.836057118793,4.635528965997652,15.017432810324529,-18.724414227332808
144936000,-0.42056776619602254,-0.4087452530668043,3.836437069800152,4.635047772934258,15.012000309915532,-18.70614493120123
144940000,-0.41980973801109966,-0.40886866437412134,3.8310951105864732,4.641822557490784,15.038391904609874,-18.729383042779652
144944000,-0.4206111617445787,-0.4084855860910906,3.8346855123871304,4.637266903090341,15.016631891191787,-18.695022043278357
144948000,-0.42042963860514126,-0.4086477419202977,3.8344845403182797,4.637521663134197,15.019727551566106,-18.70572404439005
144952000,-0.42066413093411725,-0.40846052721793347,3.8349256107255365,4.636962582618558,15.01518708555459,-18.692762783189984
144956000,-0.4201228140229244,-0.408642901480113,3.831875799451221,4.6408312068735205,15.031744924646103,-18.71300191216632
144960000,-0.42075828327418063,-0.4082705108531607,3.8341684850521007,4.637922365102506,15.016153477851717,-18.683106413385218
144964000,-0.42061074810397614,-0.40836925502698246,3.833735099029033,4.638471936892649,15.019475632051103,-18.69052086332827
144968000,-0.42052422576819104,-0.40819867338329474,3.8316226678931655,4.641152596176214,15.026977351509057,-18.686007184887764
144972000,-0.4201766178132425,-0.4083139942571102,3.8296507217991973,4.643657844999526,15.037660109495722,-18.698932543569512
144976000,-0.4205094296906969,-0.40798298444742337,3.829746152400952,4.6435365419286265,15.032792180023831,-18.67799824907346
144980000,-0.42046818535542974,-0.4081299892021929,3.830595132017876,4.64245767848725,15.030820650513554,-18.684704383761147
144984000,-0.42019128193796834,-0.40800009393749664,3.8272237928212234,4.646744927810568,15.04472376039008,-18.686393686464566
144988000,-0.4199729458733708,-0.4080759170838918,3.826014879899603,4.648284247984024,15.05135568633781,-18.694646053925617
144992000,-0.42010434830624843,-0.4076803251346754,3.823904326029119,4.650974140087255,15.055870795654748,-18.67609136576803
144996000,-0.42009045477194995,-0.40776963796482185,3.824512134391346,4.650199164151601,15.054239845518907,-18.679897284531698
145000000,-0.4199746215150312,-0.4077979384121261,3.8237744456887803,4.651139776146857,15.058050077183362,-18.683811877061352
145004000,-0.42002567980611993,-0.40767684923843445,3.8232194239369592,4.651847730051991,15.059010467382244,-18.67786813935223
145008000,-0.41983780339819293,-0.40766611455466945,3.8215650389903644,4.653959278241322,15.066568944351726,-18.682017963926782
145012000,-0.42006043176092694,-0.4074842121580672,3.8219494803113694,4.6534684275909814,15.062341425106744,-18.669541340499926
145016000,-0.4198324419149286,-0.40763570476958133,3.821274107268982,4.65433080729252,15.06751651502792,-18.680966971311815
145020000,-0.42067112331412293,-0.4067561471709198,3.821160999855218,4.654475265449078,15.056282397261981,-18.626438126963055
145024000,-0.41954231902539846,-0.40752676535836063,3.817975340850261,4.658547689106583,15.081438546461868,-18.68378827474322
145028000,-0.42000163596707857,-0.40723681326082434,3.8194577182244793,4.656651767751067,15.070635083796278,-18.661357421842823
145032000,-0.4199929160213825,-0.40741266383604297,3.8208072052609596,4.654927182948344,15.066702495446393,-18.668401998068802
145036000,-0.4198550416402442,-0.40704706980194555,3.8167030797787245,4.66017613820532,15.080940768464837,-18.657542821522586
145040000,-0.419436930307047,-0.406662337036631,3.810123174431982,4.668616823003186,15.1065457478146,-18.65273439409622
145044000,-0.4197646987864085,-0.40687964109816255,3.8145996649698457,4.6628709928772984,15.088519071431271,-18.65322704672983
145048000,-0.4197353329727266,-0.407232226717701,3.8172016515415645,4.659537845137044,15.08109637906788,-18.667648244115544
145052000,-0.4195337545852812,-0.4072034007795885,3.8152910215923543,4.661984888043275,15.08963338169545,-18.67142643343934
145056000,-0.4192857405423259,-0.4072773841148107,3.8138260885834065,4.663862886906995,15.097478316061752,-18.68033329983673
145060000,-0.4197780991310597,-0.406638655026173,3.812768232320403,4.665219989535108,15.0938483135162,-18.64352953809195
145064000,-0.4197589562174153,-0.407024904709552,3.815724061446598,4.661430040829045,15.085214576400976,-18.659014718624952
145068000,-0.41952340827327833,-0.4066982254338306,3.8111306655237946,4.667322386809943,15.102309547667026,-18.652030400038964
145072000,-0.4193497993984639,-0.4068548341382163,3.8109501604244502,4.66755424779895,15.105259142670402,-18.662340616275728
145076000,-0.4195507194162249,-0.40638735556812383,3.808855000681984,4.670247232825395,15.108794369990655,-18.639271148501404
145080000,-0.4197396890736042,-0.40658534231733356,3.8120192432797837,4.6661813416706615,15.09663637157266,-18.64238802826812
145084000,-0.4195476043040437,-0.40634370762993277,3.808478035643197,4.6707320974963515,15.109974974353868,-18.637648046852277
145088000,-0.41954466032590904,-0.40654882198942094,3.8101040831834445,4.668641358757661,15.105110536731067,-18.645701494253977
145092000,-0.419609692551924,-0.4062314510389104,3.808090943870727,4.671230094795883,15.110282489528919,-18.63177229068352
145096000,-0.41975137281292074,-0.40631746238279753,3.8099598133578,4.66882678047162,15.102681986027896,-18.63168231101455
145100000,-0.4194333025029263,-0.40631453681494756,3.8072945448598827,4.672255011888619,15.115131921630152,-18.639286974406335
145104000,-0.419722246415913,-0.4062822125609954,3.8094341763265684,4.669502479126949,15.104670538496226,-18.63101720157593
145108000,-0.4191695071484736,-0.40599711972835945,3.8025579129391063,4.678360297294611,15.133108500370676,-18.63333049146374
145112000,-0.41957771742177563,-0.40602160102666096,3.806139184945248,4.673742708811049,15.116617905681888,-18.624379018518358
145116000,-0.4193352350246206,-0.406148182538422,3.8051441719138044,4.675024713135215,15.122987713391844,-18.635190932047337
145120000,-0.4194787202815186,-0.40601789106311015,3.80528793605366,4.67483943864026,15.120562374205752,-18.626635977167023
145124000,-0.4189918477644697,-0.406082463818084,3.8017714536841507,4.679375586645389,15.137956803022114,-18.640968253848392
145128000,-0.4195495647569071,-0.4057875476219817,3.8040268637739794,4.676465144805128,15.123390149892222,-18.615947930130705
145132000,-0.41909525758584243,-0.40605126173188333,3.802377342381512,4.678593367195445,15.134686293563329,-18.637241869869282
145136000,-0.41938240738435334,-0.40582670664038867,3.8029549794331947,4.677847870746777,15.128950870835077,-18.621526870663423
145140000,-0.418686460291728,-0.4059489607356772,3.798175016321238,4.68402420853254,15.15309861006354,-18.643183966121487
145144000,-0.41945196085411346,-0.4055092051616177,3.800986424887843,4.680389479479024,15.133940049623494,-18.607471747528805
145148000,-0.41923900611731074,-0.4057167438214144,3.8008852624781917,4.680520167085669,15.13720454035909,-18.620721678191767
145152000,-0.4192442813669098,-0.40557463544171557,3.799790420167005,4.68193502768753,15.140445824826495,-18.615056558459216
145156000,-0.4179317256958792,-0.4061289927166873,3.7933891796594876,4.690224892783909,15.17814469151849,-18.668553478989157
145160000,-0.4194969295515472,-0.40536660625074217,3.8002170587965605,4.6813835800343515,15.135643839880505,-18.60082564438587
145164000,-0.41937631581373136,-0.4053923727146281,3.799424297925327,4.682408361554863,15.139719534499163,-18.604752781799625
145168000,-0.4202792020601795,-0.4041664365389402,3.7971112929471853,4.685400951143654,15.13418277984364,-18.535123595994172
145172000,-0.4189740537813671,-0.4055052966472994,3.7969996756129243,4.685545461883926,15.152659820849177,-18.618908906480073
145176000,-0.41925911283814965,-0.4051357258728338,3.7964013955861122,4.686320209482823,15.150507935222445,-18.597589463799476
145180000,-0.41942641417685395,-0.4051915014572548,3.7982318550571494,4.68395066732266,15.14263467562476,-18.59570999205677
145184000,-0.41908184822777683,-0.4049921390629894,3.793788817536269,4.689706465749853,15.160899899161759,-18.59628622999274
145188000,-0.4190181849818571,-0.4053241372857936,3.795915444497431,4.6869496889538205,15.155333667530133,-18.610775878603224
145192000,-0.419069254929802,-0.4047521327287458,3.7917694974553124,4.692327215122244,15.167206548159436,-18.58722944120652
145196000,-0.4193355571169927,-0.404974528132932,3.7957456216529915,4.687169710768284,15.15143287984124,-18.589452406372192
145200000,-0.41887530255865485,-0.40487042861678313,3.7911119346444924,4.6931812724472035,15.171906825768454,-18.59654460313728
145204000,-0.4191835670080265,-0.40511073009961945,3.795576854977937,4.687388385173941,15.154059166345613,-18.598445677804833
145208000,-0.41901810038077214,-0.4053664608992055,3.7962531901147862,4.6865121699186245,15.154310503503613,-18.61242802614435
145212000,-0.41789105037278834,-0.4054322325453115,3.7874850754359937,4.6978976462319695,15.196678202848814,-18.64235957436193
145216000,-0.41910636841147375,-0.40517166676483013,3.7954255767119167,4.687584417254748,15.155592267547487,-18.602692867654987
145220000,-0.41890011913160086,-0.404913526351649,3.7916605718757155,4.692468668106519,15.169893953914624,-18.597624467741074
145224000,-0.41913644623461555,-0.40514523275403486,3.795462980191647,4.687535946852795,15.155060240571933,-18.600933064829206
145228000,-0.4181138047373776,-0.40519707806371064,3.7874417802898765,4.697954005956913,15.193697633793127,-18.627768590317114
145232000,-0.4191848079831934,-0.40489128858471246,3.7938344656613885,4.689647256554526,15.159327987429837,-18.589858152185645
145236000,-0.4191276058201533,-0.4048727943163529,3.7932141609174295,4.690451971409705,15.162007113706089,-18.59052265292322
145240000,-0.41887834539108554,-0.40486764218702437,3.791114819608524,4.693177524695768,15.171855649414912,-18.596362133117868
145244000,-0.4182395711613056,-0.40504329870976696,3.787250738757544,4.698202711997203,15.192522663835785,-18.61871221753408
145248000,-0.4191229738728723,-0.4046402238884608,3.791320727840943,4.692910052661705,15.16782139723546,-18.581562222572273
145252000,-0.4187904204701701,-0.4044725025551984,3.7872409855929594,4.69821540980777,15.184862440666047,-18.583071932044305
145256000,-0.418822424953947,-0.40459070244604306,3.7884460482596842,4.6966470503508,15.180749380169239,-18.586910323565082
145260000,-0.4186457397234126,-0.4047813071504596,3.788508082819485,4.696566342920658,15.183025460101074,-18.598632139765595
145264000,-0.4189164443447356,-0.40445946247543063,3.788176180940033,4.696998182834623,15.180258973068616,-18.579510170122237
145268000,-0.41864266291053476,-0.40460529978437443,3.787080648561651,4.698424165389262,15.18741245003233,-18.59183658159611
145272000,-0.41868655009995526,-0.40446968881038586,3.7863626662503194,4.699359196981546,15.188985672458491,-18.58547876340004
145276000,-0.4186976008450547,-0.40461611945094134,3.787619508235701,4.697722656328122,15.185005644072525,-18.5909273508195
145280000,-0.4186898483215554,-0.40433213145186864,3.785295416731536,4.700749785496744,15.192189689993373,-18.580027933910365
145284000,-0.4185368254552735,-0.404307253763443,3.783837771301626,4.702650408602497,15.198768259802389,-18.582763923255637
145288000,-0.41858378882956404,-0.404214222587686,3.7834847962370337,4.703110889395267,15.199188022079822,-18.57799257768039
145292000,-0.4187388858267512,-0.40431849956716326,3.7855909053797263,4.700364689821346,15.190605125731654,-18.578307758831613
145296000,-0.41827032543759285,-0.4042321254995153,3.781049056711954,4.706291002695821,15.210999340667815,-18.586288097998818
145300000,-0.4186511682244,-0.4041883802346174,3.783834012322544,4.702655311968468,15.197182365122933,-18.575351098467983
145304000,-0.41880606621344624,-0.4041000172887078,3.7844072170006355,4.7019077213110485,15.193272590569741,-18.568149099662342
145308000,-0.41863777509034544,-0.4041858307084477,3.7837035009199016,4.702825562872087,15.197767209049502,-18.57557592391578
145312000,-0.4180077451605497,-0.4041477518009559,3.7782227357805516,4.7099865870829865,15.223306005122755,-18.58935719988725
145316000,-0.4187457055845479,-0.4037994788116252,3.7815236844105264,4.705670980951831,15.2029050715542,-18.5578705057997
145320000,-0.41857825337500015,-0.4037177240782076,3.779497913261594,4.708318480114598,15.21142705766932,-18.558728679914974
145324000,-0.41846171349244377,-0.4038224451186519,3.779370428646994,4.70848519301274,15.213446295460152,-18.565642686828074
145328000,-0.4178423106150918,-0.4040399834678887,3.7760109137527222,4.712882826860624,15.232386488080921,-18.58915632640495
145332000,-0.41875798549493776,-0.4035417992717291,3.7795811820708174,4.708209595193759,15.208659740661194,-18.547504330461635
145336000,-0.4186923822345459,-0.4036236250143148,3.7796902633762817,4.708066964844123,15.209244027420583,-18.552289268893244
145340000,-0.4184586512606565,-0.4035380786961898,3.7770914512866582,4.711467476202761,15.220450129940435,-18.554601583730232
145344000,-0.41796322057310414,-0.4038644081530926,3.7756107347373327,4.713407225595085,15.23191604725649,-18.579360017863902
145348000,-0.4187038902458627,-0.4033515654839079,3.7776293817543283,4.710763188347167,15.215375239588024,-18.54137701134356
145352000,-0.41855297552055193,-0.4033756492795041,3.7765800262143236,4.712137261828018,15.220692757099224,-18.54596884384935
145356000,-0.41850383110310213,-0.4032244558775808,3.774980050729449,4.7142339231797505,15.226271724235795,-18.54124560557255
145360000,-0.41838050579869324,-0.40351209099368207,3.7762439372931924,4.7125775254591415,15.224134357674652,-18.555476989651677
145364000,-0.41863795635797296,-0.40301249853140836,3.7744052684205935,4.714987603874397,15.22615135152895,-18.52971303069685
145368000,-0.41841795452854724,-0.403310885983843,3.7749588349833787,4.714261737843203,15.2275392154019,-18.54670306979687
145372000,-0.4184491177368698,-0.40315230768162746,3.7739604073087776,4.715571095489314,15.230156615385408,-18.539747278269992
145376000,-0.4183469730725252,-0.4032574454595082,3.7739536401809137,4.715579972575813,15.231608273232782,-18.54633049238657
145380000,-0.4184132874490281,-0.4028627265782366,3.7713785743840473,4.718960419073672,15.238560870568481,-18.529285323902428
145384000,-0.4183912066866151,-0.4029610922951228,3.7719742768666173,4.718177962574819,15.237046402392053,-18.53366782907847
145388000,-0.41835615751665095,-0.40298760185318605,3.7718962470876964,4.718280439728123,15.237776581302462,-18.535552579941044
145392000,-0.41857847512782936,-0.4028983727021104,3.773015176903748,4.716811375998565,15.23123653461607,-18.5266867571602
145396000,-0.41800211062945897,-0.4028374833834434,3.7678110131756952,4.723651988333256,15.255263446770009,-18.5382418738089
145400000,-0.4183805963417207,-0.40284252812600135,3.77095107714505,4.719522101505721,15.240328358850363,-18.529285355168454
145404000,-0.41854935228016754,-0.40270638549740173,3.7712603787631296,4.719115700888582,15.237015686359404,-18.519879301670162
145408000,-0.4183700038864948,-0.4028497088666653,3.7709209220062974,4.7195617270780605,15.240569226075156,-18.52982243491039
145412000,-0.4175480562492792,-0.40290182989824086,3.764605948422334,4.727875009521304,15.271483867791133,-18.551752213670273
145416000,-0.418450859110812,-0.4025436623714286,3.769169251382621,4.721864692700863,15.24480197437435,-18.51589102912411
145420000,-0.4182543713092757,-0.4024883733543333,3.76712392468263,4.724556651106216,15.253829701440607,-18.518474755292115
145424000,-0.41680218935249935,-0.40273166315689285,3.757185500697278,4.737682010979597,15.304831576244045,-18.56315837915326
145428000,-0.4174783242683895,-0.40289669668689404,3.7639960059960558,4.728679551357183,15.27433914556435,-18.553240053065107
145432000,-0.41841205811396326,-0.4024445064185361,3.76806974513933,4.723311417979524,15.248716402888217,-18.512947148883864
145436000,-0.41751948068300243,-0.4032455816310652,3.7670838545367853,4.724609420869297,15.264275036663372,-18.565903965008353
145440000,-0.41810425350139957,-0.4024018167644196,3.7652136499400126,4.727073702449634,15.2617998237739,-18.518713803700315
145444000,-0.41752228527670376,-0.4027272171354315,3.763019852660179,4.729967726001572,15.276721462806032,-18.545537274081692
145448000,-0.41842756862000047,-0.40212921226561377,3.765714015497455,4.726414136007069,15.255724069744726,-18.500227643995245
145452000,-0.41806886638557833,-0.40225771741230065,3.763790141639835,4.7289511591453035,15.26666853068549,-18.51392533084512
145456000,-0.4181141142055424,-0.4020972213286564,3.762897816614334,4.730128820677587,15.268774035350813,-18.506545006672596
145460000,-0.4180671676516369,-0.40236673418497176,3.764634134081881,4.727837838133209,15.264100219132276,-18.518236275211493
145464000,-0.4182294533692724,-0.4019335825218068,3.762554599773709,4.730581947143736,15.268207631417301,-18.497348546633322
145468000,-0.41815043973050514,-0.40214897076943407,3.7636017710878695,4.729199714438025,15.266100870807735,-18.5076946394468
145472000,-0.41826476392102563,-0.401848047527908,3.7621712703631256,4.731088136743385,15.268889280919256,-18.493144854942674
145476000,-0.41821160551651937,-0.40213071949117024,3.763958483329108,4.7287290546239715,15.26414587200098,-18.505502165120127
145480000,-0.4183237859832672,-0.40166768531981434,3.7612374448109116,4.732321725638186,15.27092971623515,-18.48465316374646
145484000,-0.4181008951867473,-0.40174112164020315,3.7599923519189744,4.733967526144898,15.277892089953635,-18.492910959676546
145488000,-0.41822840366209385,-0.4015178721050245,3.759282327901086,4.734906582100583,15.278282778777147,-18.48108325028973
145492000,-0.41837783771552683,-0.40170127304413616,3.761943153071006,4.731389420162928,15.26800128115813,-18.484665021215545
145496000,-0.41786168368038396,-0.40153289957901755,3.7564065865124534,4.73871385666741,15.292297112300652,-18.490523921645565
145500000,-0.4183436383487789,-0.40160136638678,3.760879189618131,4.732795157755844,15.271751923762158,-18.481575303964412
145504000,-0.4183743512441559,-0.4013146668894397,3.758881509012942,4.735436861441209,15.277463269654907,-18.469597539232247
145508000,-0.4183535519393999,-0.40148982857409,3.7600850561250643,4.733844946577171,15.27405413175626,-18.476964906148023
145512000,-0.41751566829330966,-0.40156733613916074,3.7538563143282904,4.742095486332769,15.305035474201846,-18.500232285561115
145516000,-0.41824270322254786,-0.401541447621577,3.759584083864053,4.73450744229453,15.277153450077419,-18.481662294755235
145520000,-0.4181592416493114,-0.40107820004496225,3.7552728626333267,4.740216550286428,15.291599663280115,-18.465512547483225
145524000,-0.4181054960767163,-0.4012889451818086,3.756484344710196,4.738610827886202,15.288624507776113,-18.47507349317777
145528000,-0.41729546001823703,-0.401293265686039,3.749919433293472,4.74732546378987,15.320297747360005,-18.494799664626893
145532000,-0.41857285499139696,-0.4011846441397478,3.7594850447407215,4.73463843610242,15.272816404840325,-18.45971571303877
145536000,-0.41831970485216485,-0.401054941151345,3.7564005858727874,4.738721807641659,15.285867467908894,-18.460731840488567
145540000,-0.41811136928581566,-0.40109681569430405,3.7550279660757497,4.740541276546654,15.293028349602258,-18.46739707844844
145544000,-0.41756274198281684,-0.40151794800613105,3.753852874837281,4.742100050395257,15.304382275732541,-18.497157685227823
145548000,-0.4183928260318691,-0.4007899699443027,3.7549243993944383,4.74067861690243,15.289384795904798,-18.448577918459353
145552000,-0.41801471588538036,-0.40077991375190697,3.751761800757607,4.744876486824961,15.30446106524172,-18.457295245346323
145556000,-0.4181133189201369,-0.40070421659152494,3.7519740555308756,4.7445945123345865,15.302416444678329,-18.451948285010058
145560000,-0.41790589238615006,-0.4009136198804727,3.7519199429643426,4.744666396093992,15.305507266696745,-18.465165746903867
145564000,-0.41828461327493677,-0.40053705904032927,3.7520650714240267,4.744473610803392,15.29972203872731,-18.441262336724392
145568000,-0.41809891402358845,-0.4007377207742309,3.752118389022976,4.7444027889699445,15.30217421948764,-18.453610111067277
145572000,-0.4181802105048861,-0.4005653444653732,3.7514347054413433,4.745311090995914,15.303137622663336,-18.444887062116912
145576000,-0.41817391192109293,-0.4007641239601942,3.7529361857053964,4.743316780028452,15.298595269733942,-18.45283861811883
145580000,-0.4181571397534927,-0.40040480099706216,3.749993596843106,4.747226831446735,15.307910141310716,-18.43914191921702
145584000,-0.41806238446467814,-0.4004360656915897,3.749465587801106,4.747929138115014,15.310876442146261,-18.442651533441058
145588000,-0.4181294183982304,-0.4004148371925181,3.7498460358930767,4.747423081343295,15.308756523355505,-18.440203532398442
145592000,-0.4183503637594484,-0.40049455668907274,3.75226943459777,4.744202166706602,15.29816556662277,-18.438011184977952
145596000,-0.41780862447946365,-0.4003146722090724,3.7464535956598732,4.751939475066054,15.323764334971647,-18.44399932100684
145600000,-0.41819509780832703,-0.400268009275011,3.749235881167163,4.7482347381866425,15.30971418865371,-18.432858303495166
145604000,-0.4171255113664925,-0.40301646992992707,3.7620608296326794,4.731233995221203,15.285256462399666,-18.56648079997891
145608000,-0.4176542586886992,-0.40237404074521405,3.7613178628882644,4.73221546696175,15.280098551210127,-18.528507125984767
145612000,-0.4181235398981883,-0.40213989405748185,3.7633104238812494,4.729584200344913,15.267373876507754,-18.507988957008084
145616000,-0.4178421107601104,-0.4022651145358065,3.7619951912683915,4.731320687821259,15.275372727377444,-18.5196962957102
145620000,-0.417199410329684,-0.40262913782122545,3.7596141462664328,4.734467681814961,15.291746977662795,-18.549513639962985
145624000,-0.41765033684411934,-0.4020934192071297,3.7590803718154207,4.735173752750981,15.287039080798403,-18.5176048646432
145628000,-0.4180186924977546,-0.4019364439448815,3.7608545172438,4.732827765724864,15.276396611832693,-18.50255068322189
145632000,-0.4176795227606836,-0.4021415539035441,3.759696613824822,4.734358613882982,15.284731315786921,-18.518785717086054
145636000,-0.4173572496728358,-0.4024188985426547,3.7592476010179534,4.734952520601335,15.290651971742458,-18.537452189746237
145640000,-0.41757722138104947,-0.4019928976764495,3.757694782826434,4.737007602044315,15.292335605923425,-18.515432380267548
145644000,-0.4179416578749922,-0.40169530490821687,3.7583325741717144,4.736163294196579,15.285239949492558,-18.49496008659443
145648000,-0.4176853124738351,-0.4021265872323246,3.7596262763537585,4.734451638776933,15.284866292487129,-18.518059155388897
145652000,-0.41752523454991525,-0.40201622069069154,3.7574540113014576,4.73732641546871,15.293809707435447,-18.517603759918163
145656000,-0.41740717547446077,-0.4018852518455331,3.7554644091789235,4.739962596479513,15.301605765678143,-18.51532342516361
145660000,-0.4177779814403407,-0.40153637483205146,3.7557512449994457,4.739582359591993,15.295495453406998,-18.492681421521294
145664000,-0.4178819188804988,-0.40166085577823063,3.7575748520186933,4.737166400839804,15.28841383288058,-18.495052248937142
145668000,-0.41762775122034806,-0.4018751706540438,3.7571829023303196,4.737685452331133,15.293200629125268,-18.5095954299641
145672000,-0.4170518386185966,-0.4019379011255077,3.752985024574328,4.743251939627939,15.314268841126491,-18.525984312007516
145676000,-0.41762390928132703,-0.40144831979170115,3.753805836639533,4.742162469044021,15.303664899872299,-18.492948925772847
145680000,-0.4179576386241089,-0.40144771587295086,3.7565217532822612,4.738561263563386,15.290591033523455,-18.48486719521193
145684000,-0.4176894986328045,-0.4016227575584405,3.755706891281037,4.73964115192783,15.296878858906048,-18.498206111115266
145688000,-0.4168841961773002,-0.4019409933781139,3.751646326044589,4.745029906155837,15.320770757713648,-18.530163267693105
145692000,-0.4174949945005048,-0.40149043559705644,3.753085729656033,4.7431182453408125,15.307704519294507,-18.497715220881556
145696000,-0.41787901080822926,-0.4010971633339603,3.753136062479653,4.743051427268079,15.30213451726277,-18.473015479364744
145700000,-0.41750621485209566,-0.4014250247008867,3.752664995577972,4.743676855743936,15.308844614941236,-18.49487803866499
145704000,-0.41687569053546714,-0.40169683336821527,3.749665170095936,4.747663647976603,15.327013955592513,-18.520788248858615
145708000,-0.41766197045514747,-0.4013308639665848,3.753196342515178,4.742971406563266,15.305008380835629,-18.487422235366388
145712000,-0.41811990365826,-0.4009681810696807,3.7540911473008007,4.741783893967727,15.295795353736374,-18.462145709221375
145716000,-0.41765514991068686,-0.40112929323447416,3.7515638555125483,4.745139482461898,15.310142365228108,-18.479678396863527
145720000,-0.41717271146228097,-0.4014641984731407,3.750258375419619,4.746874728687772,15.32098394381786,-18.50447461369969
145724000,-0.41759169825710196,-0.40088379441285893,3.7491289665084278,4.748376990437258,15.31855758292664,-18.471574884088643
145728000,-0.41803506599643775,-0.4006666604463386,3.751042965027356,4.745831695027205,15.306392341105092,-18.452360419396463
145732000,-0.41764815729572546,-0.4008057837912236,3.748979124984772,4.7485763725039005,15.31822357723958,-18.467150443496596
145736000,-0.4174163196462767,-0.40098685183267196,3.7485075291585686,4.7492039991495085,15.32295448913157,-18.479853455858702
145740000,-0.4176192450071484,-0.40054042447679505,3.7466734069435295,4.751646571037018,15.325759136966624,-18.457429515114647
145744000,-0.41793315407166465,-0.40035574424371234,3.7477869512303896,4.750163313822141,15.317884872185948,-18.44261158245507
145748000,-0.41773433835369783,-0.40057656132600783,3.7478912927918873,4.750024377967361,15.320368684145919,-18.45607316136992
145752000,-0.4176241001239061,-0.4007348499236954,3.748229682822606,4.749573852513625,15.32087917742694,-18.464946181263503
145756000,-0.417387788115172,-0.4005873089344745,3.7451580221061453,4.753666611355081,15.333717910894343,-18.46485376836237
145760000,-0.41783969427067447,-0.40023522540979667,3.746087261584363,4.752427706617146,15.324458393423777,-18.440130739401898
145764000,-0.41776558646002865,-0.4003272265845776,3.7462014064355014,4.7522755690987335,15.325151936593013,-18.445529466044572
145768000,-0.41764249843137885,-0.40062055279258946,3.7474874551594275,4.750562153650128,15.322913700387348,-18.460015007753054
145772000,-0.41706796296285426,-0.4011682144025807,3.747093525696185,4.751086855237572,15.332249816655535,-18.495388144300357
145776000,-0.41760723118924375,-0.40003305778287046,3.7426240424109327,4.757048395839376,15.33846081938635,-18.43778988802023
145780000,-0.417823120651794,-0.3999321988772675,3.7435933935771164,4.755754142337719,15.332408032602622,-18.428627112819232
145784000,-0.4173477350035618,-0.39929772335098085,3.7348100962239648,4.767507809370378,15.36637266091228,-18.41513069984091
145788000,-0.41685131872338066,-0.40054838209610927,3.7405027622030027,4.759883196516677,15.355734224907364,-18.476274298193218
145792000,-0.4175048743448359,-0.39990370513585594,3.7407871758655364,4.759502915586894,15.345599676329321,-18.435172885713392
145796000,-0.4179768227954629,-0.39960607970466205,3.7423070301947154,4.7574718193217995,15.334218325421547,-18.412113961157573
145800000,-0.4176036083120865,-0.3998869173049879,3.7414580993600266,4.758606090699732,15.342123838614185,-18.43213456764267
145804000,-0.4169352683677559,-0.40019870244326045,3.7384624252072514,4.762613096698264,15.36087618238694,-18.460503046746734
145808000,-0.41747662807528696,-0.399591547996689,3.7381333767275366,4.763053652715151,15.35422900921706,-18.423582456793852
145812000,-0.41788972467297475,-0.3993557675690387,3.7396556580335982,4.761016203044045,15.343662938915974,-18.404371097873657
145816000,-0.4177171989740164,-0.399540537290789,3.739689160455435,4.760971382869496,15.345999379513819,-18.415785405431215
145820000,-0.41711347395250914,-0.39981689015385846,3.7369395354432524,4.764652763059186,15.363078766087863,-18.441192863864295
145824000,-0.4175845603505995,-0.39933501851262077,3.737018432904092,4.764547048596066,15.35616049426196,-18.410897163295193
145828000,-0.4179421658104611,-0.3990558410487776,3.73775538681556,4.763559838486596,15.348812749741075,-18.39131811027113
145832000,-0.4174222138013132,-0.3993609052021998,3.735903174577979,4.766041826291501,15.361922100127085,-18.415822837754256
145836000,-0.41728674375172803,-0.39964636233275547,3.737019592002295,4.764545495559815,15.360375010396632,-18.430311458684944
145840000,-0.41753957101211053,-0.39910231995451784,3.734850378511459,4.767453768337389,15.363529020042849,-18.40282741009329
145844000,-0.41756375750893665,-0.39910272525902696,3.7350495150650644,4.767186633508586,15.362567851613427,-18.402261500638378
145848000,-0.41764565209602833,-0.39911972733959494,3.7358450378863632,4.766119773103674,15.358937620075453,-18.40096029890204
145852000,-0.41742991644310623,-0.39926973716919667,3.7352589443968833,4.766905724374674,15.363813711948595,-18.412051571929403
145856000,-0.4172470564267965,-0.3991089977678174,3.7325333664595437,4.770564217433263,15.374876824346913,-18.410129306842766
145860000,-0.4176101910784338,-0.3987427493589258,3.732639590089312,4.77042152762091,15.369397567522554,-18.38698217186311
145864000,-0.41773361917801843,-0.39876153172225837,3.7337849060901873,4.7688835843895845,15.36408949242704,-18.384754436974493
145868000,-0.41737442286442267,-0.39898963575562335,3.7326404283855115,4.770420401575496,15.372737559469886,-18.402367311305568
145872000,-0.41693579108591955,-0.3990681441301381,3.7297002718390466,4.774373134424461,15.388110942374702,-18.416015916960312
145876000,-0.4174790115338479,-0.39848542369240025,3.729589035808768,4.77452281145467,15.380745919501802,-18.38000705976289
145880000,-0.4176605126759292,-0.3984513382399946,3.730794780213835,4.772900898153008,15.37442015364952,-18.374303977555947
145884000,-0.4176207689319255,-0.3987255749455929,3.7325924489849016,4.770484851013742,15.36939416293194,-18.386052068846165
145888000,-0.41663978160244897,-0.3990719016412009,3.727339096454792,4.77755235242592,15.399674544176102,-18.423294916607244
145892000,-0.4174178597063938,-0.3982791733731736,3.727502557334142,4.777332119769561,15.388110120921903,-18.373355654478175
145896000,-0.4177719374223287,-0.3981141729105552,3.7290941971691383,4.7751887732665,15.378130494320228,-18.358354867360717
145900000,-0.41752682217126624,-0.3984531225818661,3.7297264406768944,4.774337923544973,15.379639981647967,-18.377586438938216
145904000,-0.41659951004584556,-0.39897578233319375,3.726271465099108,4.778991296102579,15.403576572737641,-18.42048013249168
145908000,-0.41752730273305266,-0.3982382933788189,3.7280722076724926,4.776564786176033,15.384782505719748,-18.369116522707763
145912000,-0.41792266547377693,-0.3978863594527269,3.7285577169658843,4.77591099214777,15.377662319725337,-18.345767849922503
145916000,-0.41759217019719175,-0.39818964124181727,3.728221606333413,4.77636358417623,15.38339676804712,-18.36564270711126
145920000,-0.41693610608591064,-0.39854959067842044,3.7256970892634014,4.779765802210893,15.400581525646366,-18.395589529565317
145924000,-0.41742490133063775,-0.39789235193062733,3.724578086997698,4.781275438709093,15.39712404049839,-18.357950018759436
145928000,-0.41770792298431164,-0.3974673784922424,3.723594612095497,4.7826030437592975,15.396170075776501,-18.334414206232342
145932000,-0.41751213295493694,-0.39780461406493833,3.724607312468601,4.781235998441124,15.395793649055499,-18.352399142999
145936000,-0.41705674682593596,-0.39807107785278567,3.7229821612504055,4.783430180757633,15.407336258916214,-18.37383640590689
145940000,-0.41739052003869925,-0.39752158176570757,3.72144782935552,4.785503639793439,15.407378872433542,-18.344164392893497
145944000,-0.4176329416399483,-0.39706715867301307,3.719914197194394,4.787577995597839,15.408720067045644,-18.32043674113254
145948000,-0.41749842690928224,-0.3975054899041314,3.7221952593396566,4.784493350833488,15.40351191520421,-18.340941021000372
145952000,-0.41718341432207173,-0.3976775890228212,3.7209761434991866,4.786141435046136,15.411797414531627,-18.35528529798926
145956000,-0.41709057990753134,-0.3974496004479467,3.718475736334141,4.789525301157381,15.420931492908272,-18.34852581158612
145960000,-0.41742012297520387,-0.39699477041065534,3.7176418004306724,4.790654979472569,15.418847231746387,-18.322683455899565
145964000,-0.4174948627743533,-0.39709913147014014,3.719045233841726,4.788754154020961,15.4133979637639,-18.325007165868122
145968000,-0.4171928890536817,-0.3973309572503979,3.7183893638504464,4.789642278943543,15.419744906875238,-18.34139168189192
145972000,-0.41676395759548507,-0.3973965437292748,3.715438339699043,4.793642493956363,15.435087741162823,-18.354276707527966
145976000,-0.41723038622228725,-0.39680693610687545,3.714673221799619,4.794680756241789,15.430834864531086,-18.31982249457446
145980000,-0.4176287644260917,-0.3967522899135646,3.717465605382257,4.790893729271435,15.416428946520996,-18.308120315975238
145984000,-0.41725388206187897,-0.39715394974154444,3.717522565481963,4.79081654388699,15.421586449300342,-18.3329478123547
145988000,-0.4166136696021791,-0.39740773749706565,3.7143153738126986,4.795166512980119,15.440747935153462,-18.35832883380861
145992000,-0.4171265529474593,-0.3966855813014451,3.7129081797053125,4.7970776719074895,15.43784149526156,-18.317522975396592
145996000,-0.4177492346999278,-0.3963506271807625,3.7153614385882983,4.793746827651899,15.421293134550039,-18.289391332553645
146000000,-0.41726365806805293,-0.39661789050715873,3.7134937693435854,4.796282172672852,15.434053175960207,-18.311565381814393
146004000,-0.41679508958899614,-0.3946904172472402,3.695053338786963,4.821463312047362,15.498700559830091,-18.246611414083038
146008000,-0.41671948274037635,-0.3946966009927959,3.694495225754993,4.8222296659231425,15.501544722898265,-18.24866346293011
146012000,-0.41606302189148225,-0.39490955354963386,3.69086335578603,4.82722275385553,15.522434760475662,-18.272799344891997
146016000,-0.41678702756853353,-0.39431082990906524,3.6921146739302575,4.8255012470494085,15.50808973884468,-18.231779885090653
146020000,-0.41675021177366445,-0.3943623747235442,3.692210265839722,4.825369787804818,15.508315899494468,-18.23469995456892
146024000,-0.41664956970686334,-0.394351451504484,3.691323092804754,4.826590122121051,15.512561380358626,-18.23667209207346
146028000,-0.4159357535661179,-0.3948646438814231,3.6895080389214,4.829088759122163,15.528549643334149,-18.2740688296159
146032000,-0.41690750430093715,-0.39407948475180193,3.691328619135184,4.826582518520951,15.508844099763207,-18.21974366792386
146036000,-0.41670823887469205,-0.39415061362207016,3.6902733352834667,4.828034914446872,15.515036090538512,-18.22731806590549
146040000,-0.4166648451481522,-0.3940681079966816,3.689303175137761,4.829370945073225,15.518725036890165,-18.225086972453273
146044000,-0.41613160414596984,-0.3946400458773498,3.689370379920777,4.829278371320157,15.526170588333542,-18.26048574259594
146048000,-0.416804066453066,-0.39376600603770623,3.688134190591873,4.830981789296817,15.520422337618838,-18.209797408597808
146052000,-0.41653439219514266,-0.3939067033369161,3.6870428150668246,4.832486684539101,15.527747074428213,-18.221808781630635
146056000,-0.4166143821543121,-0.39375429147117885,3.6865312308346754,4.83319243796455,15.528216769151436,-18.213860377492924
146060000,-0.4164497846619536,-0.39403420823424,3.6873301241836387,4.832090421400447,15.528053505189316,-18.228881079755602
146064000,-0.4167083189173803,-0.39347841542381556,3.6852010079176503,4.835028530259262,15.531077446676086,-18.200686881289627
146068000,-0.4165856459608268,-0.3936713061197342,3.685676075573238,4.834372635283079,15.531336229827712,-18.21125803365731
146072000,-0.4167834860733,-0.3934956401988152,3.6859307733186,4.834021065844774,15.527687820853068,-18.19957652194194
146076000,-0.41652551558532924,-0.3936895445998728,3.685333877698402,4.834845067217938,15.533283721748095,-18.213416095006536
146080000,-0.4165802934400245,-0.3930642116317486,3.681062305434053,4.840750299299168,15.546030739760276,-18.187319855868818
146084000,-0.4166634967336754,-0.39313102656551213,3.6822280112776533,4.839137302575848,15.54113860686773,-18.187985475872214
146088000,-0.4166494576317715,-0.39304250735010665,3.6814503397988343,4.84021325051495,15.54380553247117,-18.18481031349565
146092000,-0.41678289708023014,-0.39321152201335907,3.6837860411887546,4.836983164697321,15.53448607368921,-18.188330100895737
146096000,-0.4164411273999674,-0.39304509426994416,3.679809969047454,4.842484396864901,15.55200570576036,-18.189880090179802
146100000,-0.4169075269618729,-0.39283904703248745,3.681978586665087,4.839482340727058,15.538420543670975,-18.170593479445106
146104000,-0.4168088577408953,-0.39275376236336096,3.680550887337513,4.841458300861488,15.54436459066517,-18.169561584860883
146108000,-0.4168438789914269,-0.3928678144724667,3.6816871526535,4.8398855559519225,15.540259077814111,-18.17325022583937
146112000,-0.41613916509659954,-0.3929969577841263,3.6770454095248613,4.846316970198629,15.565132647923297,-18.195173399917167
146116000,-0.41701688539390686,-0.3924163476228617,3.679676244669274,4.842669638972771,15.54414625418822,-18.151226528240922
146120000,-0.4168441835642221,-0.3924803856282359,3.678780041999731,4.843911481781119,15.549472914456556,-18.15787699567274
146124000,-0.4168775522235474,-0.39258700790491335,3.6798462413184168,4.8424341530958275,15.545610991002993,-18.161312006019667
146128000,-0.4159984803425833,-0.392979410600425,3.6757953355269173,4.848052020893495,15.571133828379452,-18.197834165785178
146132000,-0.41702481123474666,-0.3922759898125497,3.678686548085757,4.84404107130035,15.547171086212817,-18.145470152249214
146136000,-0.4168209768000322,-0.3923470281780288,3.6775948574310897,4.845554762328568,15.553567845252468,-18.153138576929496
146140000,-0.4169678219035936,-0.39239680289555423,3.679138406498801,4.843414827800877,15.546557528403243,-18.15161870112311
146144000,-0.4161921929636712,-0.39276753042002854,3.675744921632198,4.848122020016597,15.568501007619131,-18.184804535754385
146148000,-0.41705737399633375,-0.391900114451125,3.6761296401875594,4.8475878951099665,15.55481686976782,-18.129781267523338
146152000,-0.41677051098892887,-0.3919863038205722,3.674490580974983,4.849864325727148,15.564153517873004,-18.14002338505508
146156000,-0.4169054251260421,-0.39212329134076207,3.676590609933201,4.8469480656568305,15.555540317820986,-18.142251260530887
146160000,-0.41652699665357257,-0.39232033682520995,3.675054556835381,4.849080792400252,15.565869668043486,-18.15907789486023
146164000,-0.4169056544305818,-0.3917450089126335,3.673760777974561,4.850878628825449,15.564526123609477,-18.127230835964138
146168000,-0.41671146348809107,-0.3918863044310908,3.67327246741115,4.8515575412299565,15.568876249973433,-18.137457952119973
146172000,-0.41689806237571647,-0.39175971375052177,3.673810331324203,4.85080974425339,15.56447799308504,-18.127995099172065
146176000,-0.41669262594707607,-0.3919458678476227,3.6735682529847624,4.851146278651306,15.568207319151691,-18.140270832381542
146180000,-0.41685095463806193,-0.39137901518669826,3.6705907395162347,4.855289503706308,15.575395527391569,-18.113996844886817
146184000,-0.4168983808008122,-0.3913723277696207,3.670917966580903,4.854833810506129,15.573670656916521,-18.112604596873844
146188000,-0.4169406245795091,-0.3913496299606055,3.671084499932885,4.8546019314862425,15.572531953899576,-18.11069967970885
146192000,-0.41702496858177074,-0.3913812972995264,3.6719920323512434,4.853338693582574,15.568430127340665,-18.109954174495602
146196000,-0.41670628035055873,-0.3912248906974861,3.668290809911081,4.858494840996103,15.5848044484948,-18.11131093837552
146200000,-0.41701075156476275,-0.3909218004881301,3.6684507764858183,4.858271760281619,15.579902940126725,-18.092038966452023
146204000,-0.417026958346909,-0.3908566188436862,3.6680938979255355,4.858769472639753,15.580805571468675,-18.089064414562934
146208000,-0.4169595345000063,-0.3909855753034357,3.6685189570025583,4.8581766858163355,15.580424476429275,-18.095788459906863
146212000,-0.41629350166348766,-0.39117363039707187,3.6646328153580754,4.863601823873733,15.602427960088063,-18.119083281727377
146216000,-0.4171147486111175,-0.39056899011474006,3.6666498721216683,4.860784418129033,15.58413858399407,-18.07555160892972
146220000,-0.4169231246919,-0.39059475560782025,3.665319136799348,4.862642800561792,15.591144456255806,-18.081119993365387
146224000,-0.41703341889167744,-0.39071533249464235,3.66709288063324,4.86016607651762,15.583900525242031,-18.083296525255992
146228000,-0.4160847553947207,-0.39127553270625987,3.663737585305737,4.864853346671478,15.608303628986134,-18.12809851570647
146232000,-0.41631468589120113,-0.39399225391487835,3.685935760244897,4.834014182715366,15.534408530575785,-18.230446653663687
146236000,-0.41747051958372305,-0.3895163759819808,3.6616586982446147,4.867762161027333,15.594916707803971,-18.02527381406648
146240000,-0.4176086897925431,-0.390931781341575,3.6732854104596333,4.851539543617339,15.5559156597832,-18.0782546487547
146244000,-0.4206715305995991,-0.38823786303757507,3.6777597709562984,4.845326038148205,15.497823730221791,-17.899095301713267
146248000,-0.4177290763502435,-0.39116698249039294,3.6760019948262346,4.847765098462359,15.545560894182065,-18.08473826086885
146252000,-0.41599897525461327,-0.3911056296541234,3.661793043795611,4.8675740745666225,15.615755787662328,-18.123382806792225
146256000,-0.41580532474214393,-0.39098313550011904,3.65934953489069,4.870997368819072,15.626372134459222,-18.123116434317453
146260000,-0.4164875416702378,-0.3903367282059061,3.659946312599077,4.870160842430668,15.614588071992873,-18.081192299368958
146264000,-0.41702365356212673,-0.3897736702736889,3.660018669472016,4.8700594370430625,15.606605440283925,-18.046083657372122
146268000,-0.416501880132797,-0.3901654295223755,3.658788521855782,4.8717840314154355,15.618081431895867,-18.074036671175957
146272000,-0.4170238409752005,-0.3898442409499477,3.6605434612495102,4.869324091112008,15.604926843665924,-18.04888680655119
146276000,-0.4167224589374668,-0.3899535056065192,3.658964092869719,4.871537814545557,15.614329185506236,-18.060374156204208
146280000,-0.41683327680499277,-0.38956663730513297,3.656975531109823,4.874328023390015,15.619083652228126,-18.042352745333723
146284000,-0.4169221744702943,-0.3894644977010627,3.65692373001053,4.874400750849472,15.617963265016874,-18.03618262430712
146288000,-0.41701133180172495,-0.38950944833821677,3.6579631802454684,4.8729418143433625,15.613350766964514,-18.035861455226755
146292000,-0.41694922562774,-0.38953570705269747,3.657665311802533,4.87335980060624,15.615200987977541,-18.03837656845698
146296000,-0.41664278236315444,-0.38953971791938863,3.6552677849431623,4.8767268307228795,15.627304393687785,-18.045792460596168
146300000,-0.4170827433345007,-0.38907774910494114,3.6553353187345574,4.876631922516209,15.620720755876231,-18.016987678688793
146304000,-0.41713739545353745,-0.38915273243652687,3.656322824500517,4.875244570071095,15.616771890610021,-18.018680585817886
146308000,-0.4170981203833902,-0.38927827816979815,3.6569401259331267,4.87437773113966,15.61536612869833,-18.0246070336683
146312000,-0.4164156165318625,-0.3895339129812028,3.6534277175499086,4.879314217870091,15.636487212274348,-18.05094309870789
146316000,-0.41722982376456935,-0.3888676027881624,3.6549480561232635,4.877176211153713,15.619831970062014,-18.005143785203746
146320000,-0.4170177606398108,-0.38890688154504927,3.6535581695265056,4.879130691713399,15.627348270557604,-18.01172015546887
146324000,-0.4171174240126534,-0.38907399605715176,3.6555823952012236,4.87628472739372,15.619428719800242,-18.01601823418985
146328000,-0.4162477700525399,-0.3894528948234935,3.6515021394706006,4.8820248633067,15.645092280704933,-18.05169389161861
146332000,-0.4172174159202471,-0.388419666086871,3.6515443265158782,4.881965443288509,15.6309065825843,-17.98759635142713
146336000,-0.41704984520470045,-0.3886661169725316,3.652035093462967,4.8812743121571724,15.631760868058656,-18.001372169779405
146340000,-0.41711010001788174,-0.388538076531285,3.6515677015101637,4.88193252048918,15.632385498801826,-17.99484797937894
146344000,-0.4163448865078376,-0.38914773818939175,3.6500151361918647,4.884120240746404,15.648452794372464,-18.03723596132864
146348000,-0.41719659406466647,-0.3881416330191076,3.6493312907695876,4.885084485989163,15.638299270891816,-17.97700952309679
146352000,-0.4168449196400322,-0.38827392269750566,3.647524152261109,4.887634494132947,15.64919248138076,-17.990585372706377
146356000,-0.4170912844790941,-0.38827813361680114,3.6495031691809587,4.884842094840459,15.639273905568025,-17.98493508721593
146360000,-0.4165848196327035,-0.3885970699537486,3.6478490007944475,4.887175907061093,15.651922678265441,-18.00961328684778
146364000,-0.4170784684957616,-0.38793972119607606,3.6469113824657375,4.888499778710925,15.647772359433398,-17.97174896976302
146368000,-0.4167196669569593,-0.3880772177248897,3.6450877084660664,4.891076827337227,15.658832297638785,-17.985701442166047
146372000,-0.41701395214273795,-0.38794271356444315,3.6464234095983854,4.8891890640242766,15.6502738723068,-17.973390702158785
146376000,-0.416754789961219,-0.38816173921184055,3.645986631182136,4.889806203908817,15.655435476326527,-17.98824200474331
146380000,-0.4169244182374496,-0.3876861545073794,3.643831032450455,4.8928542699080335,15.659897864727398,-17.965272516220843
146384000,-0.41688617879617795,-0.38773911805948674,3.6439180108689735,4.892731204925788,15.660173398609514,-17.968287154046802
146388000,-0.4170737852642995,-0.3876883773112861,3.645027201089306,4.891162378600613,15.653888468235339,-17.961837802030196
146392000,-0.4169233387282301,-0.387752762518884,3.64431165272149,4.892174324043098,15.65836940654293,-17.967954527958796
146396000,-0.4167302164988562,-0.3875917560330019,3.6416055409831536,4.896005260327554,15.669872053143669,-17.966088907486117
146400000,-0.4170193001444342,-0.3872718779561364,3.641540821309958,4.896096956829712,15.665881771441828,-17.946508808087376
146404000,-0.41740444017834893,-0.38631917592740317,3.6376094022298404,4.901673711771247,15.672936336151476,-17.899418067945735
146408000,-0.4178408144271773,-0.38619862691105933,3.640175636331427,4.898032007906944,15.658349517257586,-17.884352157725026
146412000,-0.41750411452250596,-0.38649660378251144,3.6396930417834543,4.898716426432326,15.664785762481824,-17.904157332096748
146416000,-0.4173390836363975,-0.3865391770871029,3.6387012419950278,4.900123619423024,15.670371845354033,-17.909737892064808
146420000,-0.41732869828029,-0.38600182594894533,3.634695702664491,4.9058152425998145,15.683420304908989,-17.888525225679814
146424000,-0.4177846189732882,-0.3858147978258021,3.636929478491236,4.902639512832989,15.669604452288697,-17.8703484478537
146428000,-0.41768784917310847,-0.3860703640721385,3.6380300592077237,4.901076383011292,15.667467927730277,-17.882824674939176
146432000,-0.4173085131794511,-0.3862386475053384,3.6362644990165567,4.903584464176781,15.678659908945097,-17.898457913222277
146436000,-0.4174613040409647,-0.385761110322694,3.633986547256557,4.906824322874518,15.68377800465397,-17.875794606194333
146440000,-0.417802932918791,-0.3855723074293426,3.635306405607527,4.904946594870603,15.674563098342384,-17.8602344834423
146444000,-0.41761435785872336,-0.3857567711358355,3.635162262163461,4.905151592227922,15.677766171322498,-17.872027659153172
146448000,-0.41727202012250725,-0.38609757682541007,3.6349472308454125,4.905457437315447,15.683433724871845,-17.893681832901304
146452000,-0.4175315549783827,-0.3855380003333667,3.632915424589264,4.908349266226822,15.68620920473357,-17.86523175257172
146456000,-0.4175956730658646,-0.385345614801252,3.632020802357642,4.9096236740794765,15.688161363073513,-17.85603991783723
146460000,-0.41769217821237126,-0.3855708950685906,3.634421940531571,4.906204737146217,15.679020229154236,-17.86277656473712
146464000,-0.41712434624485234,-0.3859914402065616,3.6330094972710674,4.908215297207234,15.691827837873868,-17.89291342297023
146468000,-0.41745183949171094,-0.38539183351732864,3.631223363563587,4.9107602148785165,15.692824974045825,-17.861261709434274
146472000,-0.4176768692412104,-0.38498174710895927,3.6300156096426353,4.912482581677357,15.693448407425052,-17.839593133122975
146476000,-0.4176219302314351,-0.3850955958773203,3.63040983070139,4.911920250313717,15.692975537476665,-17.845431860262448
146480000,-0.41735674114182825,-0.3856669592933841,3.6324764306783632,4.908974537251173,15.690166536712134,-17.87448850970306
146484000,-0.41731473856318824,-0.3852719071010267,3.6292714797663455,4.913544396082062,15.701119412127197,-17.859685563027124
146488000,-0.41733221888452643,-0.3848377408741459,3.626256397800488,4.917851506144498,15.710605133373367,-17.841914897625514
146492000,-0.41747365154589633,-0.38488716326113853,3.627728064715959,4.91574823001998,15.703790307807449,-17.840575335913314
146496000,-0.4173803341178141,-0.3852076674799531,3.6293210682624064,4.913473622571673,15.70000451008384,-17.855578267567633
146500000,-0.41714224051435866,-0.38511716237341875,3.626789996850219,4.917088683866394,15.711648198738043,-17.857546522636415
146504000,-0.4172482243371007,-0.3846526278540151,3.624253668994915,4.920716734909663,15.718305177934544,-17.83647941886005
146508000,-0.41761384371196525,-0.3844804895368234,3.6258822497231913,4.918386525505919,15.707712657060155,-17.821026255344957
146512000,-0.41739264852589253,-0.38474428452920834,3.6260539474606395,4.918140988590359,15.710379222939117,-17.836760241818645
146516000,-0.4171527036658627,-0.3848060597734909,3.6246150161428443,4.920199515748921,15.718528740598208,-17.844857532546577
146520000,-0.4170453354508821,-0.3843053217998649,3.620145597091361,4.92660473836042,15.734565812301462,-17.827336102717478
146524000,-0.4174691483877807,-0.38417136902047716,3.6225057474715427,4.9232202230917155,15.720740182159684,-17.81204674368842
146528000,-0.4174618386929649,-0.3843979946951841,3.6240886335869895,4.9209529977262925,15.715725647409911,-17.821286238009975
146532000,-0.4169830449664006,-0.3845898295337656,3.621715528950613,4.924352884657034,15.73038879811492,-17.84018454762426
146536000,-0.41714716882054165,-0.3840806689745617,3.619320715117512,4.927788766912152,15.735752568234844,-17.81595615292876
146540000,-0.41755043874778747,-0.38378890932281584,3.6203799432784356,4.926268466386981,15.726436800080927,-17.794835939284784
146544000,-0.4173566440418155,-0.38411225179430925,3.6211939810418547,4.925100739726127,15.726627125609921,-17.812314814476657
146548000,-0.4170486073159158,-0.3843422315264409,3.6204382504926738,4.926184806539887,15.733569738248185,-17.828736960019366
146552000,-0.4171473640420021,-0.3837926948513571,3.6172425121921736,4.930774393775652,15.74248810319055,-17.804419861736385
146556000,-0.4173318270411315,-0.38354477300439754,3.6169011300537415,4.931265191823579,15.740901434281945,-17.790173505349784
146560000,-0.41732870861422994,-0.3836880576214478,3.6179103446698586,4.929814554804441,15.73767431631435,-17.795985093422072
146564000,-0.4168433598271496,-0.3840865620953174,3.6169803591648155,4.931151276828358,15.747780343494503,-17.8233103485848
146568000,-0.41706717886502354,-0.3834882300371519,3.6144181080035245,4.9348380019642875,15.75282633172188,-17.79409993116074
146572000,-0.41739913726891736,-0.38327402590045434,3.6154777267136406,4.933312671006741,15.74453606402131,-17.777753884320525
146576000,-0.41735460209334785,-0.38332653031900527,3.615506616625476,4.933271097268631,15.745092819432978,-17.780898498338093
146580000,-0.417028484522984,-0.38393917068221683,3.6173674524672603,4.930594794795099,15.743819353876699,-17.81306992477714
146584000,-0.4172534409492092,-0.383525200850793,3.616145002233915,4.932352618412912,15.744499097795186,-17.791223145261217
146588000,-0.4171073096285626,-0.3830113422092942,3.611299585886613,4.939332768245757,15.762371791220817,-17.77404866623972
146592000,-0.41733341658563505,-0.38303614979207345,3.6132496742753637,4.936521096312187,15.752729117447487,-17.769758269116863
146596000,-0.417225279031418,-0.3833364437451736,3.614563817725322,4.934628194040048,15.750042367376984,-17.784319677412444
146600000,-0.4168875873847861,-0.383188809662602,3.610855846264488,4.939973019257584,15.767029869335852,-17.786301549292684
146604000,-0.4171243079011496,-0.3827539017626436,3.6095824447066716,4.941811297110383,15.767706961839428,-17.763329800551364
146608000,-0.41745852953324175,-0.3826377990484449,3.6113663615488423,4.939236435537296,15.757018343439416,-17.750869070721414
146612000,-0.4172594216109599,-0.38298159489264844,3.6122772505997642,4.937922743006109,15.756969669234097,-17.769300902304217
146616000,-0.41691933650235957,-0.3828832533415187,3.6089076736132606,4.942785963764873,15.772903078876874,-17.773307529786
146620000,-0.4170815010602674,-0.38262971681320906,3.608355701896607,4.943583547636735,15.77232498130202,-17.759349806565314
146624000,-0.4173030089416188,-0.38234206793737485,3.608025341599213,4.944061035583834,15.770157465230325,-17.74264067399491
146628000,-0.4172339648105711,-0.38257707112531925,3.6091710975933524,4.942405416542744,15.767440238748822,-17.75367743554823
146632000,-0.41720773645578746,-0.38289735660315755,3.6112665891425384,4.939380371829677,15.761010000873418,-17.767131980141976
146636000,-0.4170761019808595,-0.38220874067169375,3.6052944921664167,4.948011713343061,15.782372302274878,-17.74258816509813
146640000,-0.41731230763190946,-0.3819662608423734,3.6054049977541296,4.947851720744481,15.778552064647199,-17.727347346428278
146644000,-0.41720149571633974,-0.38237520225090055,3.6074684854343144,4.944866104911664,15.773455812648788,-17.746339208024786
146648000,-0.41668240371420395,-0.3825237891431535,3.6044761614267053,4.9491968426711175,15.790811017044813,-17.764426419824517
146652000,-0.4170650259324456,-0.3818339142732808,3.6025247986088575,4.952025214556362,15.791563362007583,-17.727803385835248
146656000,-0.4170637118431392,-0.3816521802288225,3.601215278196028,4.953925140367726,15.79585466121335,-17.720538019288764
146660000,-0.41713892864086755,-0.3818391446079461,3.603139643558112,4.951133679146086,15.78847485043812,-17.726289536090185
146664000,-0.41660764793858124,-0.38232640638287096,3.6024783400597777,4.952092593624418,15.798424547054562,-17.75825172152434
146668000,-0.4169513310078292,-0.3817874497377997,3.6013046215464755,4.953795468426159,15.797211712033269,-17.72859032605437
146672000,-0.4171467376931819,-0.3813591757999997,3.599770914596854,4.95602244139697,15.799350756609948,-17.706836917652087
146676000,-0.4172773022622107,-0.381547954839122,3.602139096982217,4.9525846566516005,15.789709023027443,-17.71137439873636
146680000,-0.416736971531752,-0.3820645345704097,3.6016130612915016,4.953347855996241,15.799350480622138,-17.744718124517952
146684000,-0.4169016810998314,-0.3817072707167778,3.6003439936637713,4.955190078620367,15.801075795016528,-17.72652922004256
146688000,-0.41684520781235157,-0.3811479770311791,3.5959123293260373,4.961634289109274,15.816385503367908,-17.705379565666203
146692000,-0.4170701169592699,-0.3812967712685169,3.5987274624217833,4.957538730468441,15.803882269586474,-17.70611598257851
146696000,-0.4167448610211106,-0.38162770193256923,3.5985522449288965,4.957793440630058,15.809230174139527,-17.726992324649864
146700000,-0.4167108933912954,-0.3814018250909344,3.5966754089167674,4.960523446548809,15.815863910797455,-17.71871080586197
146704000,-0.4173117533668038,-0.3801134344110618,3.592189680543833,4.967060818799163,15.82170866377026,-17.65293745681293
146708000,-0.41717003070164804,-0.38087838175478705,3.596524444804516,4.9607431699302476,15.8096131041262,-17.68698067274128
146712000,-0.41695444981975144,-0.38136376885420425,3.5983029763835828,4.958155843648299,15.806966838099708,-17.711502930410937
146716000,-0.41617061874335304,-0.38202512238343633,3.5969172049226987,4.960171561931983,15.823016192230103,-17.75636740634903
146720000,-0.4169270595041112,-0.3808811644632713,3.5946497423799464,4.963473405197022,15.819312378890704,-17.69275007834019
146724000,-0.41700783109226197,-0.380717317425214,3.594113073327947,4.964255555085963,15.819881079337765,-17.684283747716627
146728000,-0.4170230084483224,-0.3808203058055088,3.5949643413745136,4.963015021367977,15.816873337335528,-17.688069764606528
146732000,-0.4167242362433067,-0.38111630672571745,3.5947440799076578,4.963335942364061,15.821985110520048,-17.70692646099996
146736000,-0.4169241473209481,-0.3804901558854926,3.591845816521947,4.967562686808564,15.828532842070764,-17.67709920827494
146740000,-0.4171204360067721,-0.38034424952893564,3.5923380330181276,4.966844331182626,15.824035040681633,-17.666665847443035
146744000,-0.4171215808800952,-0.38068116074992575,3.594742500990729,4.963338243000181,15.816150667071192,-17.6801828227557
146748000,-0.41659886251986844,-0.38100198386166007,3.5929537591276723,4.96594602226687,15.829689459076597,-17.70525372037239
146752000,-0.4169111258184512,-0.38040263975501126,3.5911226106386467,4.968618542573105,15.83109308545163,-17.673883090725578
146756000,-0.4168798708355638,-0.38016943125634867,3.5892236425544817,4.971393166618641,15.837775815294211,-17.665230696038442
146760000,-0.4170339015899613,-0.3803562858990265,3.591749403187766,4.96770342033884,15.827234501197465,-17.669162606333156
146764000,-0.41644374436002995,-0.38069279437351883,3.589548165799878,4.970918773088662,15.843133277868644,-17.69643623170155
146768000,-0.4167612890296385,-0.3800899270976353,3.5877373190665285,4.973567088245126,15.84439575603935,-17.664790657741694
146772000,-0.4168662466324577,-0.3796769624272058,3.5856272181179496,4.9766567137258315,15.849773946278118,-17.64573205682878
146776000,-0.4169313333615522,-0.37987746861562405,3.587553580312125,4.9738359632638875,15.842494467895257,-17.652288108036398
146780000,-0.41647827777699564,-0.3806642146971057,3.58961353824855,4.97082322179852,15.842410268986722,-17.694482006560232
146784000,-0.4165869497992412,-0.3800435291452435,3.5860533869559346,4.976032396427936,15.852490519396833,-17.666979710311505
146788000,-0.4164994490491128,-0.3796702443643087,3.582730860445426,4.980904008562153,15.864696139418637,-17.65398870788193
146792000,-0.4168362651018562,-0.37966579534005296,3.585315130166733,4.977114009973728,15.851240197365376,-17.645979355182753
146796000,-0.4165103348894668,-0.38001149583322874,3.5852313026720015,4.977236855437534,15.856319410579662,-17.66747324948965
146800000,-0.4164051371163963,-0.37992769174467167,3.5838210365595384,4.979304472003337,15.862504163790504,-17.66654788503244
146804000,-0.4160954481825939,-0.37982114537139,3.580665483988788,4.983937282441299,15.877454349313544,-17.669465852192605
146808000,-0.4161891654042314,-0.3796080909797327,3.579885304619505,4.985084065103829,15.878638039033072,-17.658703112026664
146812000,-0.41615112075651794,-0.379403392931368,3.5781446063330504,4.987644666116296,15.884932615265882,-17.65134145000914
146816000,-0.4165275240407778,-0.37927056214044125,3.5801237480646506,4.984733520475703,15.872856440766972,-17.637239565114914
146820000,-0.4163639316951807,-0.3796748562660338,3.5817121406099766,4.982399656938758,15.87004586985433,-17.657326368048388
146824000,-0.41614803857109117,-0.37961648861619046,3.57962600465644,4.985465329172023,15.880099331979386,-17.659998317214335
146828000,-0.41619306124217,-0.3791126320959466,3.576417705228073,4.990187643002566,15.890003170641622,-17.638649146410877
146832000,-0.41632394795620115,-0.37904661242445786,3.576965649290154,4.989380470385716,15.886262425669553,-17.632946624814952
146836000,-0.4163553483567417,-0.3791998740507312,3.5782900478590625,4.987430615344549,15.881435583330932,-17.638392868332716
146840000,-0.41596508265267584,-0.379516602391104,3.5775036770380844,4.988588166405135,15.889794952042166,-17.66023146954916
146844000,-0.41628420080990736,-0.37879834180094973,3.574908256418332,4.992412589899676,15.893632022393875,-17.623862873744596
146848000,-0.4163873891552867,-0.37876317824895067,3.575459433164397,4.99159991208683,15.890288875955049,-17.620049021533653
146852000,-0.41636855885908736,-0.3789856411148671,3.576881273622472,4.989504746125127,15.885881101908407,-17.629452965221375
146856000,-0.4158911028290459,-0.37931474986234454,3.5755067215041434,4.991530200861712,15.89747353723353,-17.65381789700687
146860000,-0.4163487187938043,-0.3785126140384344,3.573396326504166,4.994643238340238,15.897664811140949,-17.61084472751572
146864000,-0.4161920370010838,-0.3786603117040113,3.5732233780747436,4.994898530934019,15.900553707544729,-17.620438158378608
146868000,-0.416301297800641,-0.3785891438916421,3.5735678377409257,4.994390093691749,15.897800474163285,-17.61503142346724
146872000,-0.41594904619649287,-0.3789605521166117,3.573458166090169,4.9945519622126815,15.903375343172522,-17.638190846968637
146876000,-0.41631447670142274,-0.37834073605436286,3.5719227810846608,4.996819227185335,15.903034535897518,-17.604707855982703
146880000,-0.41615246009749485,-0.37837599303017483,3.5709178801113204,4.998304284964929,15.908751327263147,-17.609890132249728
146884000,-0.41638872462314896,-0.3785032568900534,3.5736400942470037,4.994283453482789,15.896268831128909,-17.60953891815326
146888000,-0.4159843256050374,-0.3790231099371846,3.574171640243188,4.993499111838197,15.900498499244776,-17.639892925313088
146892000,-0.41618551132790577,-0.378358650145471,3.5710514796053876,4.998106797351359,15.907820659541361,-17.608423373426213
146896000,-0.41588453415169596,-0.37838043851097364,3.568879443371886,5.001319505038385,15.919457441017604,-17.61629046105915
146900000,-0.41627419600913246,-0.37819445631962106,3.5705834889206525,4.998798654429827,15.908053275364589,-17.59974194672145
146904000,-0.4160025278483712,-0.37847743160559894,3.570472211862815,4.9989631905544165,15.912444284614118,-17.617463339980144
146908000,-0.4159065920387104,-0.3782625302328356,3.5682217390032247,5.002293167599303,15.921305412248731,-17.611020332623042
146912000,-0.4159991741362626,-0.378007814651924,3.5671489899357387,5.003882096534054,15.923481161775472,-17.59859151288742
146916000,-0.4162702962060175,-0.37785580057630874,3.568176549773406,5.002360079831325,15.916064650165291,-17.586168011819172
146920000,-0.4161535823367335,-0.37823146407428987,3.569911172015046,4.999792923017374,15.91206051920523,-17.604033532292632
146924000,-0.41577755411671985,-0.3782637406543754,3.5672344463677734,5.0037554825969774,15.926484962766741,-17.61406566850732
146928000,-0.41602486431960595,-0.3777344797144987,3.5654312548856515,5.00642852368899,15.928784520510124,-17.586961745216424
146932000,-0.4161011658398431,-0.37777845474243665,3.56632822147413,5.0050984986672145,15.924684465030188,-17.586967673888985
146936000,-0.41621988483337463,-0.3778025177680604,3.567413535294442,5.0034901622617864,15.919334512734297,-17.58518632255764
146940000,-0.41575341113400993,-0.378062820255436,3.5656387002296395,5.006120858485854,15.93212501583905,-17.60651603089279
146944000,-0.4164546860473235,-0.3772847812676601,3.5656008341853673,5.006177015267207,15.921850659153648,-17.558846923725163
146948000,-0.41614500174226526,-0.37735579100819233,3.563707138839864,5.008987089605648,15.932710956732414,-17.568886142155364
146952000,-0.41624231311642385,-0.37757479501267766,3.5659910597998956,5.005598357929769,15.923707436166701,-17.57547426111973
146956000,-0.4161626963301089,-0.3777570586335501,3.566653280894682,5.004616678721172,15.922696780792887,-17.5846773097735
146960000,-0.41629700159221633,-0.3770960268853577,3.563063488316558,5.009942947654368,15.932587771310684,-17.554875045898015
146964000,-0.41600111876264984,-0.3772731430604181,3.5620196637838135,5.011493884302459,15.940437182078867,-17.568881592551154
146968000,-0.41614156902622784,-0.37720614408560643,3.562634195125455,5.010580681154634,15.936316016561063,-17.5629217189912
146972000,-0.4159147378594867,-0.37793432537171257,3.5659821044142106,5.005611636141367,15.928594678528134,-17.59758429395436
146976000,-0.41604011707497096,-0.3769830052254618,3.5602932237066187,5.014061232457027,15.945581974894052,-17.556256616225085
146980000,-0.41588295336170583,-0.3769823672424988,3.559078189910428,5.015869701688391,15.951947663042235,-17.55987053536871
146984000,-0.416202318487106,-0.37707809218890936,3.5622077616229904,5.0112143316594695,15.936827395089198,-17.556342589306404
146988000,-0.41577753319002625,-0.37768690026852375,3.5631908659677958,5.009753754764583,15.939875238623285,-17.590777151869172
146992000,-0.41606586533885054,-0.3768866262768323,3.559818827343535,5.014767169558811,15.94677295450011,-17.551766044949023
146996000,-0.41561845629047794,-0.37696153149575184,3.556897431395779,5.0191189305238195,15.963121228459324,-17.565156126657392
147000000,-0.4162116169974993,-0.37683763544104043,3.560600202603419,5.013604533839295,15.942017484540433,-17.54641301260406
147004000,-0.4158261595767849,-0.3771429583877356,3.5597620937131134,5.014851607099564,15.950522321706668,-17.567675895365394
147008000,-0.41587355284711214,-0.3768800159703817,3.5582916025491165,5.017041181728549,15.954698051279989,-17.555951663130045
147012000,-0.415918066773646,-0.37683971388125986,3.5583531500576986,5.016949497533908,15.953832124179957,-17.553291966732054
147016000,-0.4162804359187489,-0.37657343611853505,3.5592875790356984,5.015557949084526,15.94534840707687,-17.534144944660927
147020000,-0.416101618509653,-0.3769992816741387,3.560880841285163,5.013187096881313,15.94272018994392,-17.55549024046124
147024000,-0.4159185682889783,-0.37683370395412297,3.5583150881462124,5.01700619602218,15.953951007717547,-17.553037445282317
147028000,-0.41591770087268215,-0.3764805035235392,3.555846610040565,5.020686150549257,15.962161208930022,-17.53877901952427
147032000,-0.4162187287664902,-0.37638149585462277,3.5574744583048212,5.018258766420287,15.952280779618846,-17.52781374136872
147036000,-0.41631155512897944,-0.3765355237271936,3.559263114626924,5.015594371286048,15.944967468231008,-17.531893157901862
147040000,-0.41581468970245433,-0.3767763545680301,3.557115600229618,5.018793674364779,15.959477882228779,-17.553124576564198
147044000,-0.416164284242913,-0.37610617051816375,3.5551387254747917,5.021742473607569,15.960846228260218,-17.51794022422407
147048000,-0.4162517904731558,-0.3760841337344289,3.5556590862596207,5.020965933756983,15.957816861102256,-17.515027048216062
147052000,-0.41758805603061755,-0.376042620457926,3.565689167695363,5.006046015330476,15.904779886648383,-17.48251618222071
147056000,-0.41582868310034954,-0.3766728380573489,3.5565016822650772,5.019709042166341,15.961308908707702,-17.548615680121394
147060000,-0.4162914591254169,-0.3758408233891984,3.5542726973496523,5.023035403886706,15.961832761743269,-17.504271015475254
147064000,-0.4156028137966084,-0.3770176362984979,3.557168519268335,5.018714786749716,15.962453367390705,-17.5677866776243
147068000,-0.41628653539517324,-0.37586653694986255,3.55441350585427,5.022825138293678,15.96143810045201,-17.50542470851913
147072000,-0.41584905730395494,-0.3764893416931004,3.55538009531069,5.021382244179917,15.964732322418095,-17.5407247820042
147076000,-0.41632217882734013,-0.37570865459991853,3.5535908701282257,5.024053814296541,15.963641806664304,-17.498215791700897
147080000,-0.41599371006532454,-0.3757601338180212,3.551421934180354,5.027296267173673,15.975741650678026,-17.507883922915358
147084000,-0.4163086933896742,-0.37584942096184193,3.5544651190475776,5.022748070216516,15.960937185058715,-17.504220769676376
147088000,-0.4157714412880022,-0.3764089637090607,3.5542236585353333,5.023108636490912,15.969731184026594,-17.539270412570364
147092000,-0.4162144859526485,-0.37564452457557557,3.55231689738807,5.025957819949887,15.969478913197934,-17.498107658584743
147096000,-0.4157800334960891,-0.37574957104093554,3.5497070375210305,5.029863000244408,15.984632739837224,-17.512393776357065
147100000,-0.4162444723459009,-0.37561390968503017,3.5523350345043543,5.025930702861951,15.968972485856758,-17.496176795149317
147104000,-0.41588072293599865,-0.3759396575813125,3.551800331234126,5.026730272412863,15.976164728847461,-17.517758646546913
147108000,-0.41609807863905446,-0.37558880623223606,3.5510350242655235,5.0278751306794724,15.975475392225064,-17.498540826342087
147112000,-0.4160253224822159,-0.3754416442905613,3.5494551441838085,5.030240242856908,15.981817518339508,-17.494264875814935
147116000,-0.4163798228657846,-0.3753159705713126,3.5513091314258047,5.027465019437303,15.970370749745625,-17.480998618572052
147120000,-0.41609368623282733,-0.375602702171196,3.551097684432809,5.027781374277972,15.975332276953406,-17.499204551775634
147124000,-0.4157564299505313,-0.37571350489817873,3.549275551332319,5.030509241726715,15.986421588254384,-17.511479521571502
147128000,-0.4159913061851389,-0.3751280380498084,3.547021171137373,5.033888428392278,15.990432552528922,-17.482354153840912
147132000,-0.41632780982993894,-0.37510978524538685,3.5494800658360774,5.030202916890594,15.977230608966682,-17.473853604404248
147136000,-0.41623340781493356,-0.37512653131362445,3.5488703992047212,5.031116197792164,15.980665683305132,-17.476708369512277
147140000,-0.4160078947219078,-0.3755456983470879,3.5500428421627377,5.029360180111574,15.980120397347015,-17.49887870258868
147144000,-0.4162427867989332,-0.37480131739909583,3.546691514553294,5.034382955811232,15.98778373259624,-17.463325148596144
147148000,-0.41644051565390106,-0.3748398419728187,3.5484775541947364,5.031704860400551,15.978890165711146,-17.460328541816526
147152000,-0.4163873660917208,-0.3749908781652746,3.5491144412927715,5.030750581720388,15.977561122026332,-17.467667515716588
147156000,-0.4160033464293718,-0.3754519853190634,3.549358010860118,5.03038572801797,15.982468274968562,-17.49519079355136
147160000,-0.4163141513109782,-0.37450190665710115,3.545170010367636,5.036666703247191,15.991791628375651,-17.449555076229963
147164000,-0.41620526474431147,-0.3746510173802607,3.5453642206232856,5.036375078963137,15.992766941595635,-17.458102924699322
147168000,-0.4164447989886132,-0.3745686536770568,3.5466348794957567,5.034467925759212,15.984963290469912,-17.44924961444969
147172000,-0.4159394031089585,-0.37510263121846565,3.5464468829763067,5.034749999305609,15.993120488638231,-17.482522969028896
147176000,-0.4162971816345912,-0.37425609164671075,3.543342589413563,5.039412442304762,15.99813904727295,-17.439987804876726
147180000,-0.41617084056303416,-0.37438107318116054,3.543235572305126,5.039573333181151,16.00038009655031,-17.4479606719534
147184000,-0.4165524340075591,-0.3744893429392667,3.5469140080318833,5.034049175925151,15.982430657309676,-17.44355980702072
147188000,-0.41606480298576065,-0.37506166481592984,3.5471260067737,5.03373118233572,15.988987848957983,-17.477971057513265
147192000,-0.4163792694167265,-0.37430078232175323,3.5442812092784735,5.038001761638836,15.993784663399877,-17.439908759788707
147196000,-0.41605626101239174,-0.3744800692927452,3.543039948631371,5.039867463586364,16.002741970470368,-17.454611138784852
147200000,-0.41654757234546413,-0.37422310173737344,3.545037747349276,5.03686532801655,15.988754678675637,-17.432888903796144
147204000,-0.41622952611895087,-0.3755982311693249,3.5521112292005568,5.026265338735042,15.969939112991888,-17.49588748448863
147208000,-0.4162212178736813,-0.3754971420644365,3.551345818697343,5.027410134215197,15.972608612261041,-17.49198901682408
147212000,-0.41590260453581174,-0.37626547751448713,3.5542337052823485,5.023093632901951,15.96774597204039,-17.53043278486064
147216000,-0.4163359758688841,-0.37523578464958113,3.5504159460847826,5.0288016307244,15.97399452796774,-17.478764943453566
147220000,-0.4162453453309965,-0.3753525982582067,3.5505288264703045,5.028632670033142,15.974967747640298,-17.485583021132904
147224000,-0.4164918309979347,-0.37541406480232026,3.55285158319658,5.025158529012728,15.963576391460204,-17.48238415506439
147228000,-0.41619025319068825,-0.37592818250795124,3.5541009366545704,5.023291914058201,15.963908444068334,-17.51014184473457
147232000,-0.4163007865083005,-0.3751888358058267,3.549819982636334,5.029693869316711,15.976501490008337,-17.477676366758516
147236000,-0.41608256682293365,-0.37520982620162646,3.5482883740384756,5.031988389844047,15.984850556441385,-17.48355984974033
147240000,-0.416475603533701,-0.3751288559252784,3.5507488989855314,5.028303296448545,15.970809313101663,-17.471218113711572
147244000,-0.41641291851567314,-0.3752803564455981,3.551316798976246,5.027453548457687,15.969852900429732,-17.478794204363222
147248000,-0.41629147941167277,-0.3751563895796325,3.5495236143058024,5.03013769430272,15.977626464959286,-17.476577736603826
147252000,-0.41627940455631035,-0.37494106431029367,3.5479397301605102,5.032510997945371,15.98307994900273,-17.468139509026265
147256000,-0.4166264162828375,-0.3748246295930946,3.5498021262463393,5.029720607789861,15.9717154060008,-17.455430384786958
147260000,-0.41654437088913515,-0.37514385596951194,3.551382029935515,5.027355962360572,15.967680734012873,-17.470239992828372
147264000,-0.41644824248443657,-0.37505675290740154,3.5500388392520796,5.0293661732977455,15.973578680485051,-17.46893070669723
147268000,-0.41639028624208285,-0.3745944028829926,3.5463939817685066,5.034829379139369,15.986577848769077,-17.45154776028098
147272000,-0.41654920624072667,-0.3744762342366417,3.54679860339265,5.034222297780739,15.982863114896498,-17.443103278418153
147276000,-0.4165014926294852,-0.3746013219975499,3.5472964592655694,5.033475537180232,15.981915312222279,-17.449266966889148
147280000,-0.4162082577502062,-0.37520958162257745,3.5492524422362335,5.0305438572824634,15.979768178471488,-17.480650235105106
147284000,-0.41656572494526534,-0.3741630700702501,3.5447628867664007,5.037278148871004,15.989400442898317,-17.430039585889304
147288000,-0.41673041434458974,-0.3741529818608909,3.5459590444291367,5.0354821130812155,15.98296182220429,-17.425843101711155
147292000,-0.41667151870557617,-0.37444183243006224,3.547501300817558,5.033168350516891,15.97870211843758,-17.438895182390844
147296000,-0.41616311971956604,-0.37487955241683363,3.546620800711293,5.03448904870933,15.989206406832137,-17.46832961377641
147300000,-0.41663860185264456,-0.37383518047894243,3.5430614454148714,5.0398351403242625,15.993987721794085,-17.415079808102117
147304000,-0.41665625949829016,-0.37416623823570233,3.5454804864992973,5.036200511832352,15.985660392444917,-17.428085437806583
147308000,-0.4166140918505758,-0.3741166119919741,3.5448139282034767,5.037201483039572,15.988509822679747,-17.427045140437635
147312000,-0.4164265208932934,-0.3747432306232481,3.5477015320960317,5.032868114805021,15.981682526412666,-17.456739553500743
147316000,-0.41667772561356886,-0.3737695862496606,3.5429099432975466,5.040062952912892,15.99391001722638,-17.411522745198013
147320000,-0.4161696795292606,-0.3741089399304701,3.5413494798307137,5.042410642613772,16.006693089034723,-17.43695994682144
147324000,-0.41687335665152814,-0.37394839757933734,3.5456463997111696,5.035951423362588,15.981875397607284,-17.41427097798348
147328000,-0.4166248699379108,-0.37439153017753135,3.5467949946204156,5.034227711602264,15.981748609024624,-17.437931769900832
147332000,-0.41695757715168463,-0.3750631401021003,3.5540052972561265,5.023434755137048,15.95282292778818,-17.457454806528762
147336000,-0.4163630250161536,-0.37382669361065873,3.540887577501433,5.043105997797605,16.005350785505883,-17.42107186430961
147340000,-0.4168614102638901,-0.37357991424276454,3.5430146280905497,5.039905536920848,15.990824321345421,-17.399617430603872
147344000,-0.41687982116142963,-0.3738206668835473,3.5448151767356855,5.0371996077352845,15.984548474226282,-17.408948554596364
147348000,-0.4166504631758625,-0.3736955581123006,3.542190570887612,5.041144956743678,15.99671592995806,-17.409149422600386
147352000,-0.4166677979633886,-0.37339787154755266,3.5402746185854372,5.044029060437534,16.002851721128263,-17.396685647946754
147356000,-0.41700379539932636,-0.3732680327216321,3.5419621301730846,5.041488652992746,15.99221323388266,-17.383710395649338
147360000,-0.41708875170220644,-0.37346098219863083,3.5439433763933694,5.038509407552323,15.984343195014306,-17.389579579783504
147364000,-0.4165904879410977,-0.373700252638107,3.5417623868309382,5.041789212619946,15.999038612770985,-17.410717926894783
147368000,-0.41682909927599404,-0.3730732641838838,3.5392812001978617,5.045525799725325,16.003763350950003,-17.379823335321536
147372000,-0.4167221786940559,-0.37322491619495,3.539502707270112,5.045191985778725,16.004618094313837,-17.388425498807585
147376000,-0.41705969980821206,-0.37300625285955286,3.540591798575986,5.04355137168808,15.9959516362371,-17.371817593192993
147380000,-0.4165934983224887,-0.37364012665616936,3.5413714635679847,5.042377552856486,16.000298323833306,-17.40821192124947
147384000,-0.41699858953214014,-0.3727541691453294,3.5383911707873654,5.046867543165447,16.004208302098714,-17.362998105642085
147388000,-0.4170386110415878,-0.3725421978404906,3.537244217351327,5.048597688707321,16.007442547096446,-17.353484604240986
147392000,-0.4172011313802615,-0.3726871435691629,3.539486855924015,5.045215872448473,15.997531562680987,-17.35563920751032
147396000,-0.41678346022669877,-0.373382726084661,3.5410584490550265,5.0428487420434855,15.998511114430276,-17.393415923624428
147400000,-0.41726625726037064,-0.3722050074226819,3.536681047471252,5.049447660381187,16.005929528268034,-17.334595644364235
147404000,-0.4171856319531638,-0.3724478776321776,3.5377263363038853,5.047870277899414,16.00364008990898,-17.346291913505052
147408000,-0.4172097246214857,-0.3723083857244814,3.536955202180628,5.049033851971268,16.005856548684257,-17.34008275067813
147412000,-0.41691735245785705,-0.37305083756856106,3.5398047211072736,5.044736920275219,16.000699784583844,-17.376889549725846
147416000,-0.41715994151975977,-0.3720326200954447,3.5346846252075013,5.052463159040438,16.014187262840597,-17.330034762715936
147420000,-0.4170073574105327,-0.3720151198934839,3.5333944599614875,5.054413861214777,16.02077948546968,-17.33281628165363
147424000,-0.4172423942500983,-0.37205460938858687,3.53546795023733,5.051279543433807,16.010338804958064,-17.329040479827043
147428000,-0.4171173689313439,-0.3725343276856588,3.537794927741175,5.047766806108259,16.004428665182544,-17.35136128886942
147432000,-0.4172181396234894,-0.37199380517703207,3.53486563024565,5.052189607116659,16.012713899967792,-17.327128370115005
147436000,-0.4163770011968445,-0.37240615250453774,3.531241497039413,5.057672545545215,16.037406616804866,-17.36312895419866
147440000,-0.4172475900593731,-0.3717585927175212,3.533482881331817,5.054280120572768,16.016898184881782,-17.316910141127405
147444000,-0.4171238123317809,-0.3717881014951867,3.5327351347295206,5.055411344844437,16.02124699956114,-17.320938274209787
147448000,-0.41667720061868246,-0.37169729212436836,3.528693550820395,5.0615346551375,16.04145709615213,-17.327469348604748
147452000,-0.41682962853238303,-0.3715424056802135,3.5288031180038106,5.061368451316727,16.038810408808867,-17.317691551216438
147456000,-0.41697278253445963,-0.3715989063192338,3.530285057576622,5.059121580637935,16.031705032906288,-17.316711848715766
147460000,-0.41733677601320823,-0.3714999595258058,3.5323999683148144,5.0559185684700045,16.01918976985772,-17.304374473664314
147464000,-0.41687321647709813,-0.37161620238574516,3.5296405185017794,5.06009855865215,16.03535233004442,-17.31969139561502
147468000,-0.417074484554716,-0.3708175180460846,3.5257378570429045,5.066022422476067,16.045427968205775,-17.2826495321149
147472000,-0.417393244300666,-0.37096594334684774,3.529190221384733,5.060781339245307,16.029091316509792,-17.28140320059849
147476000,-0.4174569403533064,-0.3710709153958636,3.5303941274434054,5.05895629332605,16.024109012037144,-17.284212219657473
147480000,-0.41701063076867795,-0.3716609614844595,3.5309988007799826,5.058040157009492,16.02874918104334,-17.3183657718436
147484000,-0.41740836711355167,-0.3705608758256307,3.526548584364623,5.06479064330213,16.03771738169664,-17.264604159435272
147488000,-0.41753309239357844,-0.37047161732904904,3.526897290017912,5.064261026498951,16.034684882853078,-17.258134317736445
147492000,-0.41760913742543604,-0.3706951514762378,3.5290013666555464,5.061067753996641,16.026500163579218,-17.265480895555545
147496000,-0.41690251711076654,-0.37152702414137645,3.5292562249528947,5.060681246908048,16.036202126979397,-17.315399870884075
147500000,-0.41753010516704453,-0.37010223443349577,3.5243645243672557,5.0681104027543835,16.043222407052767,-17.243192291255188
147504000,-0.4173792795852235,-0.3702611206836855,3.5242884702487336,5.068226085230446,16.045732636425523,-17.2530862660093
147508000,-0.4176145781042755,-0.37008771583715677,3.5249130514570006,5.067276223813131,16.040119885252807,-17.240678460452052
147512000,-0.41717778401548017,-0.3709242659824432,3.5272553651919707,5.063717297696231,16.03879413589183,-17.28462830670071
147516000,-0.4176942106719904,-0.36974952102963976,3.5232283796961896,5.069839106492205,16.044581122672998,-17.225119530633066
147520000,-0.41756770979040425,-0.3697972378763164,3.522583179094995,5.070821353010656,16.048637984103387,-17.229938099835465
147524000,-0.4178927433398853,-0.3699074231916796,3.5258212550677777,5.0658956831982795,16.03291945004694,-17.227020304832315
147528000,-0.41752473244854976,-0.3705832397698494,3.5275924816620163,5.06320550389529,16.032480022736827,-17.26285955843233
147532000,-0.417780390655208,-0.3695446946076913,3.522500183517074,5.070947733003631,16.04573649666302,-17.2148322015655
147536000,-0.41718320400812836,-0.369677953930386,3.5188339239862927,5.07653693291065,16.066990288655145,-17.233840849350507
147540000,-0.41775202286216134,-0.36955528614850547,3.522354663544343,5.071169336507121,16.046649001026395,-17.215907914170707
147544000,-0.4174945554497678,-0.36975596229940816,3.5217433963102365,5.072100415721286,16.05255177211232,-17.229924974970647
147548000,-0.4175603179883742,-0.3696501588260177,3.5215296955305804,5.072426006629627,16.05228561490873,-17.224126238960324
147552000,-0.4173639656961092,-0.3693848497865754,3.5182316407590797,5.07745632344818,16.066308127808842,-17.217802832851618
147556000,-0.4179618160750276,-0.3691691051581565,3.5213468476024503,5.072704624776994,16.04689547346273,-17.195437157753762
147560000,-0.4178045074055454,-0.36953165414862504,3.522596567672331,5.070800966406975,16.045052511465215,-17.213753641928285
147564000,-0.41749967054864623,-0.3695313886532538,3.5202611366026457,5.0743596468766015,16.057454239493353,-17.220676168884534
147568000,-0.41754413308348326,-0.36877886745707833,3.515514017258558,5.081609061479258,16.072752171663637,-17.18904840206716
147572000,-0.41786190620828345,-0.36870325712441343,3.5174334006180445,5.078675371730357,16.0615369317679,-17.1787560768344
147576000,-0.4177583833571307,-0.3687428997484732,3.5169091180405263,5.079476367847398,16.064849551274545,-17.182719200220106
147580000,-0.41736123087544735,-0.3693580807994638,3.5180296606316483,5.077764724535376,16.067028378960966,-17.216775988083402
147584000,-0.4176744208066157,-0.3680935257921796,3.511890510442567,5.087156937929921,16.083002162903277,-17.158188723779915
147588000,-0.4177221934667126,-0.36806730145890326,3.5120788636504217,5.086868247279208,16.08165127131292,-17.156037460276615
147592000,-0.4179400897989252,-0.3683433601235128,3.515603631262238,5.081472013005995,16.06652017280597,-17.16233584704563
147596000,-0.4173778916693766,-0.3692088096879215,3.517147640085625,5.079111922931312,16.069745732536415,-17.210323599419837
147600000,-0.41779240191291644,-0.3676996482649048,3.51014267934357,5.089837462486109,16.087124094181057,-17.139471372172057
147604000,-0.4150965259386112,-0.3671026320727666,3.4856978324765606,5.127633629736328,16.2107023617917,-17.17630045927673
147608000,-0.4154697110872831,-0.36665305838000856,3.485516985983293,5.127915403530313,16.20566018460233,-17.149436401649112
147612000,-0.41508845285547574,-0.3674883691189481,3.4882101149239433,5.123722578792153,16.202255247638206,-17.19225308061756
147616000,-0.41516838384087706,-0.36695074074488204,3.4852273107707155,5.128366807868645,16.211218099361933,-17.168455573632784
147620000,-0.41509276473611784,-0.36667757123808603,3.4828391917833392,5.132091360340412,16.22052008551148,-17.159001922821787
147624000,-0.41549487019397396,-0.36621868738534197,3.4828180526513743,5.132124354158308,16.214490172921703,-17.131099651172896
147628000,-0.41528133432560127,-0.3669763989647171,3.4862497658206433,5.126773868900366,16.206016434094263,-17.166936997978677
147632000,-0.4154924864273827,-0.3665775259998778,3.485186064466959,5.1284310891261065,16.20644385905097,-17.145830605117656
147636000,-0.41519245336020083,-0.36628399784237775,3.4809737311732376,5.135004640329112,16.225381179498292,-17.14063505600671
147640000,-0.41542695100458893,-0.36593259756531266,3.4804069168617184,5.135890505508681,16.223758120229125,-17.12093429637814
147644000,-0.41536171336422295,-0.36632800746001615,3.4825409284415305,5.132556928172411,16.217456862852792,-17.13859347938725
147648000,-0.4152227290636651,-0.3661545427455742,3.480342069089339,5.135991875122489,16.22708076362832,-17.134650240124614
147652000,-0.41513725419232544,-0.3658009293143851,3.477353624302228,5.140667863871792,16.238602815082377,-17.12211475916001
147656000,-0.4152477421378358,-0.36561113452768973,3.476927298259367,5.1413356460354,16.238382631054588,-17.111838091638138
147660000,-0.4153025698816073,-0.36585701756686795,3.4789691539369088,5.138138973908014,16.230562879445866,-17.120661491398224
147664000,-0.4153314165843324,-0.3659948587260214,3.480100573210872,5.136369416122106,16.226255838022023,-17.125649063797187
147668000,-0.41506629275061685,-0.3658082744600957,3.476868720400095,5.141427414290559,16.241341733784356,-17.124025242983876
147672000,-0.41538838148575596,-0.3657226876817321,3.4787245894684786,5.138521641558648,16.23009589957335,-17.113217117399795
147676000,-0.41532389001283104,-0.3653475497671094,3.4757553415472957,5.143172278218402,16.241237491617888,-17.099318383500457
147680000,-0.41502951647657443,-0.3659860534887024,3.4777705824937852,5.140014927822264,16.23881345398972,-17.13213868793626
147684000,-0.4148073355840363,-0.365612964933862,3.473630109364628,5.1465062831393045,16.256378974705097,-17.121901020341905
147688000,-0.41480387618929504,-0.36541308351184854,3.472282201523945,5.148623149611613,16.261054849033854,-17.113789958187557
147692000,-0.41532067236996867,-0.3648741524705204,3.4726027016977303,5.148119647124371,16.252088277355725,-17.079998216321684
147696000,-0.41499892495371354,-0.3657519299783407,3.4759890842899375,5.142805860442529,16.245378682259002,-17.12324629926827
147700000,-0.4149158658187692,-0.36557100415029276,3.474167359191432,5.145663040571947,16.252884832190137,-17.117720015063924
147704000,-0.41468969910765874,-0.36536346943739995,3.471097743994891,5.150484800017873,16.26685914215832,-17.11434640414098
147708000,-0.41512381656291875,-0.36474743292955686,3.4702881723646364,5.1517580273975,16.26302417207533,-17.079260261209125
147712000,-0.4147940203596142,-0.36560006402762385,3.473444800136385,5.146797201935366,16.25721717859044,-17.121674600114332
147716000,-0.41476605537910394,-0.3650693747451416,3.469728202494165,5.1526390808448035,16.270397630236058,-17.100560573245662
147720000,-0.41469857489978496,-0.36479242176540966,3.467395795814313,5.156312215181882,16.27944022458747,-17.09073433858214
147724000,-0.4151375042968877,-0.36428339921485736,3.4673336755002033,5.156410117546349,16.272960963411506,-17.059924864177873
147728000,-0.4149568454992349,-0.36501601169171227,3.470807136272892,5.150941769310383,16.263786319556246,-17.09404995558173
147732000,-0.4150113504762739,-0.3646293160842654,3.468665604730018,5.154311819141212,16.270308321264505,-17.076963511100296
147736000,-0.41461553730717604,-0.36424949233683995,3.46320034833113,5.162932899728094,16.29514098299052,-17.070342301923926
147740000,-0.41496498550460637,-0.36385500067320287,3.4632243896517587,5.162894911134592,16.28972277992513,-17.046250171423463
147744000,-0.4149128007103031,-0.36428964435777095,3.4656902473813043,5.159001570438649,16.282036100429988,-17.0652632064768
147748000,-0.4147277995539619,-0.36406012035886526,3.462795955422774,5.163571982400301,16.294818828108703,-17.060030720637457
147752000,-0.41485064870042915,-0.36383672547929313,3.4622483635835124,5.164437629224794,16.294828285121397,-17.04808437669784
147756000,-0.4148366443151822,-0.3634566801879991,3.459650912044904,5.168547818148616,16.30399048298148,-17.032799059163118
147760000,-0.4148758552329378,-0.36372256606454906,3.46168779250931,5.165324103452153,16.29637375944258,-17.042828948826024
147764000,-0.4149192620952825,-0.3638436554538117,3.4628075108282723,5.163553718545357,16.291855624147377,-17.046817951568634
147768000,-0.4146372848422624,-0.3638325337294274,3.4606245823403734,5.167006300370892,16.303681373677893,-17.05273616654585
147772000,-0.41455523899111185,-0.36348801422360216,3.4577526628598836,5.171555855893667,16.314838978986,-17.040443857972953
147776000,-0.4149225383541046,-0.36322373957650217,3.4587675208279443,5.169947225211677,16.30572300504239,-17.021294107895457
147780000,-0.4147708161541918,-0.3638328513993458,3.4616254955124663,5.16542263783297,16.298192637664314,-17.04973003016454
147784000,-0.41445392957938115,-0.3636522557208771,3.458072010752586,5.1710495529585465,16.31528694827583,-17.04947979089646
147788000,-0.4144869391931597,-0.3633284328134678,3.4561976809206194,5.174022626109204,16.321250885744888,-17.03543205587418
147792000,-0.4149579118532465,-0.3628375286787564,3.4565054372958346,5.173534219656769,16.312983876417853,-17.004632425794135
147796000,-0.41469408633673077,-0.3636034565606675,3.4595468707866672,5.168712592575988,16.30652789611867,-17.04204673534381
147800000,-0.4146992993653527,-0.36351695681217566,3.4590188910572994,5.169548942544338,16.30826854108355,-17.038376991034472
147804000,-0.41441737503614673,-0.36339368748390527,3.456105452366038,5.17416901043873,16.322634096536586,-17.03968502746248
147808000,-0.41486074120445937,-0.36256279493047,3.4539848418668884,5.177537177834125,16.323171467872616,-16.9955344125064
147812000,-0.41458082983084554,-0.36355415841681105,3.4583772148637877,5.1705657693214855,16.312292974561938,-17.042582054458286
147816000,-0.41459845070001144,-0.3629693584154297,3.454681762214919,5.176429760793542,16.32477889463994,-17.018159768604146
147820000,-0.4143529876432544,-0.3627784918461303,3.4516039610951563,5.181324116090637,16.339177188046985,-17.015855914933187
147824000,-0.4148073354068771,-0.3620476225018032,3.450227623053081,5.183515869393992,16.336975478113406,-16.97555819422184
147828000,-0.4146890739968951,-0.3629509458944029,3.4552380792186588,5.17554611455558,16.32147062320714,-17.015357606312943
147832000,-0.41470799048631446,-0.36261576118515076,3.453190029405206,5.17880074244876,16.328255449402295,-17.001155715251336
147836000,-0.4144308727611759,-0.36243928264735437,3.4499720239732463,5.183923109045637,16.343629453295577,-17.000150329251465
147840000,-0.4146511532845229,-0.3618517090813277,3.447788137395561,5.1874053291366735,16.347811753900565,-16.97101721594997
147844000,-0.4145903549276524,-0.3622753689947642,3.450092728256587,5.183730785706553,16.340767018221946,-16.989813176091683
147848000,-0.41455414565337867,-0.3622229154890322,3.449481083665707,5.184705496832594,16.343438578788874,-16.988472176493843
147852000,-0.4143700617559114,-0.36183357624334545,3.4455766909855057,5.190936405125371,16.35978632498635,-16.97660283823079
147856000,-0.414556684979243,-0.3614173460754114,3.4442625687542385,5.193037044899178,16.36147754043705,-16.955268989209664
147860000,-0.41751808818026054,-0.36100795040033845,3.4637811314003337,5.1620153435123015,16.248937176246454,-16.87201964166835
147864000,-0.4147875259506752,-0.3623204447688726,3.451857325832874,5.180920852659919,16.331643611372215,-16.98722258621371
147868000,-0.414328043171616,-0.3617649004266966,3.4448177113557854,5.19214942944174,16.36306297561144,-16.974723074531823
147872000,-0.4171688574384366,-0.36010643664677583,3.4552928639551075,5.175459112034781,16.28342139490618,-16.84279651079845
147876000,-0.41525421130856593,-0.3605687653890864,3.4439586808347573,5.193523062524875,16.35182947405358,-16.904664224701953
147880000,-0.41441683430980775,-0.36184618987195566,3.4460068581656196,5.190249157925301,16.35757731211975,-16.976068113075737
147884000,-0.41424088525315866,-0.3615440209034823,3.442735203883887,5.195480756245403,16.371626590087697,-16.967593711582797
147888000,-0.4140494246015122,-0.3612595590801141,3.4394681199868913,5.200715894176133,16.385917965018695,-16.960190383677503
147892000,-0.41440539804667154,-0.3607821642420666,3.439021679665674,5.201432108837087,16.381994159667904,-16.932514223081995
147896000,-0.4143042386178554,-0.3615937962957086,3.443529410149932,5.19420976843203,16.367897212634706,-16.968216066956348
147900000,-0.41420300982952946,-0.36137368917655216,3.4413487633503155,5.197701046670354,16.377022105835145,-16.96143282698191
147904000,-0.413950597084483,-0.36123800928892474,3.4385948648620257,5.202117028655072,16.39047468550622,-16.961528189592084
147908000,-0.4142864905843862,-0.360543568111707,3.436595945476676,5.20532721543319,16.39225692264107,-16.925355198710303
147912000,-0.41411548584889896,-0.36143883315344194,3.4411208021974713,5.198066298050977,16.37915951899648,-16.966086718051734
147916000,-0.4140242287401777,-0.3609495362973932,3.4372739974200632,5.204237833248243,16.39393519297387,-16.947984082432974
147920000,-0.4139680342881081,-0.3607079488995926,3.4352951573399313,5.2074184228269305,16.401687109022067,-16.939291256769334
147924000,-0.4142296787167311,-0.36013386407675757,3.4335298956612146,5.210259108394467,16.40380333376169,-16.909741496643193
147928000,-0.41425352424952133,-0.3609142435428496,3.438747961810999,5.201871328995276,16.38528121990293,-16.941370937417137
147932000,-0.41414474772068643,-0.36059696733091684,3.4358889287410777,5.2064636337533265,16.396898771135632,-16.930742327219228
147936000,-0.4138890013749386,-0.36054076590048806,3.433629473428437,5.210098781419963,16.408706047141422,-16.93417638684033
147940000,-0.4140105274098848,-0.35976531289892233,3.4295317051699032,5.216704872657603,16.42111826764119,-16.899460034732417
147944000,-0.41407500032237,-0.3602548655006034,3.433163277111482,5.210849476767993,16.407463556577788,-16.918205785660046
147948000,-0.41399854060369534,-0.36008694482294057,3.4315140512260016,5.213506941419023,16.414389741896,-16.912998145124728
147952000,-0.413864212344472,-0.35982653547855453,3.428842471926113,5.2178176942281045,16.425781081848285,-16.905271711704508
147956000,-0.41391889698747253,-0.3594612234079608,3.426898216032997,5.220959485897076,16.43172502496991,-16.88896668787397
147960000,-0.41412004066602665,-0.3596932222042954,3.4298789393620477,5.216144420757366,16.418217784732736,-16.89402743829674
147964000,-0.4140620213659444,-0.3599223632437526,3.4309241255061975,5.214458190648177,16.41546765142367,-16.904783320570633
147968000,-0.41376730872625983,-0.3598495394188711,3.428273430963458,5.218736824422248,16.429263370892205,-16.90839764111348
147972000,-0.4137733132093101,-0.3594122365218341,3.42550687282192,5.223210199628529,16.43883461744005,-16.89021140705539
147976000,-0.4139499153332513,-0.3592798428823264,3.425962759039251,5.222472512751166,16.434513651694637,-16.88078295271093
147980000,-0.4138860650227815,-0.3599153498693536,3.4295758552948925,5.216633605449741,16.422884544989078,-16.908445681552298
147984000,-0.4135070424811918,-0.3596345373092074,3.424967001496133,5.224084063660978,16.444837257036845,-16.90536911763423
147988000,-0.41355450918591247,-0.35927420639055485,3.423004303812448,5.227263528317194,16.450968542295016,-16.889422255577703
147992000,-0.4139055257711556,-0.35881076316688726,3.422626330628395,5.227876282349414,16.446863209779828,-16.8624064789218
147996000,-0.4137098391291968,-0.35979299916729496,3.4274846014187395,5.220011514749618,16.432905393287292,-16.907355111548902
148000000,-0.4136345216997467,-0.35962414824861716,3.425842211004946,5.222667555251389,16.439807199772485,-16.90207667346103
