frequency_hz,s11_real,s11_imag,swr,return_loss_db,resistance_ohm,reactance_ohm
406100000,0.06881648944250124,0.11358609635083769,1.3062897891745675,17.53562714608404,55.815763112602006,12.907444481216752
406106950,0.06834210535010639,0.11381011075140825,1.3061483324972978,17.5391067914684,55.75734649742618,12.919179225299452
406113900,0.06794656463216266,0.11326440721933345,1.3043642228325394,17.583150456673017,55.72864428619233,12.848289343468016
406120850,0.06822667949853489,0.11335770008448476,1.3049597456409245,17.568416568927884,55.756965645013295,12.866183362044143
406127800,0.06790543868122449,0.11357197750720889,1.3050088809519922,17.56720236247327,55.715749218508506,12.881039317958239
406134750,0.0679388682845931,0.11352540860351881,1.3049483037241385,17.56869934746991,55.72069808329617,12.876822173312233
406141700,0.06816869100294846,0.1137425600255747,1.3057571365970326,17.54873917851455,55.74008796594689,12.907001714206535
406148650,0.06842634740328221,0.11358735003536273,1.3057562416573691,17.54876123054659,55.772712006577365,12.896932013256306
406155600,0.0684876694763104,0.11396190542656472,1.3066938022110228,17.525698981087345,55.769234280183895,12.939886117558958
406162550,0.06846564929077789,0.11372944171981943,1.3061337735897904,17.53946502451865,55.773164420036004,12.913665426584329
406169500,0.06844505755655382,0.1142136288961103,1.3072098065867328,17.513040281526973,55.75764216613561,12.966453769874063
406176450,0.06868394059059492,0.11429550155275611,1.3077239357838424,17.500451523552552,55.78171738821627,12.982031526080634
406183400,0.06833310513606944,0.11438395112246444,1.3074458510291591,17.50725763142299,55.7406373997718,12.982141972276695
406190350,0.06830896181532815,0.11433054304722173,1.3072908406120047,17.511054531150698,55.73944454545485,12.975597725989086
406197300,0.06894343077817824,0.11472908805536138,1.309070240198206,17.467599087380385,55.79838445773264,13.036965279898372
406204250,0.06860712695674591,0.11478034564154851,1.3087266103238566,17.475968880928264,55.7599125603753,13.0333392814528
406211200,0.0687791897607297,0.11479022211415135,1.3089847069004144,17.46968143548061,55.77859668791112,13.039172315756845
406218150,0.06877076745786731,0.11529944656448358,1.3101388840878614,17.44163740538537,55.76359261218778,13.095039619372157
406225100,0.06870471602817668,0.11527608341426505,1.3099950872344421,17.445124900386467,55.756964850614764,13.090637214187604
406232050,0.06816302731160429,0.11530426856282835,1.3093222519293362,17.46146754078973,55.69656167953015,13.078752068511765
406239000,0.06603229569024038,0.114053208104361,1.303588074135298,17.602402286753268,55.49685847433951,12.88294562907022
406245950,0.06825844122910782,0.11573787263328285,1.3104477553280465,17.434152569751614,55.69504601733848,13.129091064759157
406252900,0.06893115541025445,0.11587738939401304,1.3116838604942223,17.404282530437342,55.76520679822254,13.163146982859457
406259850,0.0685934192363562,0.11588921898064719,1.3112506238430148,17.414736216487093,55.72769569310632,13.155049933673276
406266800,0.06901846504502294,0.11545610174371884,1.3108368476864853,17.424735760905875,55.786536636822476,13.119165824966958
406273750,0.0691521965279502,0.11587972229667183,1.3119915576857197,17.396868029901647,55.78949058958732,13.169560851626212
406280700,0.06912151414889023,0.1160455200088815,1.3123302225414324,17.38871689761681,55.78148767144712,13.18697115759702
406287650,0.06924709694625146,0.11628929184859926,1.313062176207254,17.371134142311597,55.788513101093656,13.21733322977563
406294600,0.06917541299044959,0.11643953242644806,1.3133096046038009,17.36520104943644,55.77641356009255,13.231876669967471
406301550,0.06936141072561838,0.11659891337424513,1.3139306566400675,17.350332230575656,55.792435504483876,13.254643816839302
406308500,0.0690294181504464,0.11637250509389799,1.3129560330662418,17.37368098388305,55.76221160974219,13.22041077264201
406315450,0.06917086812318796,0.11652416648272525,1.3134981205651386,17.36068418929115,55.773543125388585,13.24107027436872
406322400,0.06937895161373339,0.11661602623977728,1.3139940403624466,17.34881661804259,55.79388791862563,13.257021030117256
406329350,0.06955231723667464,0.11608476481348726,1.3130111559945363,17.372358219605054,55.82786860129367,13.203325092721737
406336300,0.0692896747296236,0.11639523333757316,1.3133639987170613,17.36389744469279,55.79023959036169,13.23019556958368
406343250,0.06890659218510833,0.11662885455926915,1.3133788020271144,17.363542714285426,55.74151582201252,13.24519298082492
406350200,0.0691255278695213,0.11689222362637791,1.3142839387785745,17.341889080329857,55.75822668197224,13.280323667427272
406357150,0.0691338764580918,0.11708989652116095,1.314751148291377,17.330739700278748,55.753588544076045,13.302317515059746
406364100,0.06893287484316574,0.11698089098626262,1.3142261527395753,17.343269381167495,55.734532735655165,13.284670367187115
406371050,0.06907889276433515,0.11738845326127896,1.3153655589497373,17.316106131238204,55.73912831954202,13.333624757403497
406378000,0.06892510425340553,0.1174060232937349,1.3151972913882635,17.320110578173036,55.72171443707721,13.331221929144657
406384950,0.06855343657061548,0.11790168969090843,1.315841981331413,17.304781342132515,55.66686583230129,13.375219271948433
406391900,0.06920112415759443,0.11754453781773277,1.3158924301554007,17.30358328602032,55.748173425070334,13.35424922926518
406398850,0.06960295455058492,0.11762628362503022,1.3166291763596374,17.286111809497953,55.790097905293244,13.374608315654083
406405800,0.06926537306142239,0.1179006641500082,1.3168033390641916,17.281988401851866,55.74516939528818,13.395252891114756
406412750,0.06946064286364037,0.11772919067426053,1.316672655630319,17.285082169966653,55.77151592771241,13.381911115377452
406419700,0.06957767371548178,0.11789949016460789,1.3172259712105447,17.271993033945297,55.77957488432143,13.403975373734509
406426650,0.06986517715374052,0.11806584797425809,1.318003439380082,17.253645177593768,55.8065124587872,13.430456862607349
406433600,0.06974749410315371,0.11819268105289456,1.3181359548936271,17.250522966598687,55.7899465090085,13.441078983482486
406440550,0.0700177566050051,0.11879260442990824,1.3198946179694864,17.209226479029734,55.80259681569903,13.514845170915924
406447500,0.07008190211292174,0.11890787072855782,1.3202495346561671,17.200923737687546,55.80636212333118,13.529373455798472
406454450,0.07013663552634727,0.11876815070221848,1.3200004974446131,17.206748491481324,55.81638833150158,13.515552108275742
406461400,0.06972216773707103,0.11856236210605636,1.3189575357303678,17.231198573944116,55.77663016189053,13.481055543488331
406468350,0.06975565619528482,0.11878321915612414,1.3195152674411241,17.218112410435012,55.7740114335104,13.50631978017877
406475300,0.0694252906313674,0.11878271260695383,1.3190649388804903,17.228676530913894,55.73767906015525,13.49682966566994
406482250,0.06956714725652083,0.11886107579713355,1.3194394776345875,17.219889154442203,55.751044758565314,13.509500346651413
406489200,0.06988270479300777,0.11886549256947805,1.319879285289935,17.2095854001498,55.78564341457717,13.519007415569613
406496150,0.06990835810430447,0.11869770466490895,1.3195252161843034,17.217879217182663,55.79326370878092,13.501269128327412
406503100,0.07008149644562896,0.11856857070207795,1.3194627074918357,17.219344524835364,55.81601858659867,13.491993151272903
406510050,0.07004020602373594,0.11889016777902642,1.320151504722883,17.20321595327482,55.802277501104065,13.526230494036211
406517000,0.07012831019810119,0.11862646096598964,1.3196608568697155,17.214700695477614,55.81952178174058,13.49970701092712
406523950,0.07004659741955906,0.11900391948456918,1.3204240906687272,17.196844103266688,55.79972393478418,13.53893839593282
406530900,0.07021650573437091,0.11935118357395522,1.3214622861492897,17.17263207333498,55.808467111016036,13.582049864006178
406537850,0.06988111668462338,0.11920054798135382,1.3206548992246694,17.19145364465952,55.77587264228016,13.555839160283442
406544800,0.07007337445944127,0.11935673398512,1.3212797778157632,17.176881944138987,55.79254982972992,13.57854789919003
406551750,0.07033287115166655,0.11942459445361549,1.3217918634192618,17.164964524725683,55.81917023330919,13.593479965443336
406558700,0.07052623360842616,0.1198795575165954,1.3231137958166475,17.1342996525314,55.82734913305764,13.649159606168542
406565650,0.07060893259567237,0.11993182129975435,1.3233485495273014,17.12886901112909,55.834947093839126,13.65730574275602
406572600,0.07041720778960067,0.12003932622825707,1.323336524570155,17.129147079603783,55.81072646106154,13.66360093855247
406579550,0.0705296321474719,0.11995329156168721,1.3232899609950968,17.130223939886232,55.82559267549386,13.657378020797696
406586500,0.07027483651645398,0.1200855585117875,1.323249936609655,17.1311497117258,55.79371832965932,13.664573415497005
406593450,0.07038230241543124,0.12012149373606748,1.3234801982355002,17.125825499805817,55.80450740967309,13.67163674603189
406600400,0.07019101335015794,0.12012345213569563,1.3232240234666721,17.131749157415538,55.78339841383597,13.666319834033844
406607350,0.07051885931360784,0.12016396174502292,1.3237655734325893,17.119232915562947,55.81831190471114,13.68026421090221
406614300,0.07055485824702035,0.12047006818199138,1.324527958032477,17.101653136711267,55.81340158108503,13.715008159598982
406621250,0.07085811230647822,0.12073527919464927,1.325560917901307,17.07790912057383,55.83908232804713,13.753024509855315
406628200,0.0706050040241108,0.12108850543350554,1.326039880280101,17.066928630017717,55.80092632323706,13.784533053687289
406635150,0.07074761761938579,0.12085458689319442,1.3256881665828428,17.074990075049016,55.82344148745729,13.762943789090452
406642100,0.07072264726214164,0.12124578688649779,1.3265678746903593,17.05484534392707,55.809281010415376,13.805275140091913
406649050,0.07117220162088374,0.12160772486400437,1.3280283766750827,17.021537098783128,55.84817367224222,13.858279870341995
406656000,0.07059944239399908,0.12120910127993832,1.3263142046934797,17.060647863695564,55.79679518287566,13.79764016437176
406662950,0.07063523600371234,0.1213650258789884,1.3267276234950593,17.051193841250033,55.79617809692006,13.815841088507264
406669900,0.07090647341431827,0.12129136476650502,1.3269253341377698,17.0466774336077,55.82818236882022,13.815664734468514
406676850,0.07130227575284441,0.12144061604401936,1.327815984689831,17.026370392556437,55.86740047956813,13.843688853270107
406683800,0.0709305574160656,0.12130734674273581,1.3269955977555477,17.045073115211864,55.830366372209554,13.818128506863012
406690750,0.07076473571994765,0.12156195337380633,1.327364826009661,17.036649039952707,55.804663935208126,13.84129737476981
406697700,0.07069896307112407,0.12131874212479278,1.3267061735097245,17.051684021896957,55.80454283238036,13.81261134705433
406704650,0.07107352602177665,0.1217103202639846,1.328133441988194,17.01914750193648,55.83429868785036,13.866680247627908
406711600,0.07086299425802527,0.12176650813432274,1.3279776542522146,17.02269103796266,55.809478589144106,13.866685597163071
406718550,0.07114748569045827,0.12210229786346406,1.3291524780326283,16.99601583057228,55.83091618066696,13.912002014938563
406725500,0.07130672273056045,0.12233745011735357,1.3299213023899399,16.978617882349848,55.84151159159984,13.942580356297727
406732450,0.07144184632116561,0.1226411115723954,1.3308184370024077,16.9583747862541,55.84741161179799,13.9800013232361
406739400,0.07123949599767951,0.12278951395099018,1.330890688285654,16.95674722416386,55.82074938688061,13.990343395472541
406746350,0.07123192001901513,0.12269226245220718,1.330651890104576,16.962128036842877,55.82279428631553,13.979418898922942
406753300,0.07070931992339728,0.12229997912821067,1.3290196105307626,16.999027228038265,55.77689308110738,13.92084532150912
406760250,0.0707650744459503,0.12265361352013596,1.3299261353005865,16.978508663442643,55.7725931952447,13.961368013645004
406767200,0.07120476243848754,0.1225238573877682,1.3302194204469528,16.97188413132601,55.82478516869129,13.960085454509256
406774150,0.07093673958599997,0.12235955953320299,1.329468583518437,16.988856978884016,55.800147283529704,13.934098970173443
406781100,0.07122465533548777,0.12244287270753083,1.330056501471423,16.975563208378897,55.8293664519315,13.951761014794304
406788050,0.07137941767456982,0.12266350639360306,1.330785684669103,16.959112712484536,55.83987705907759,13.980618870005415
406795000,0.0717192299146898,0.12311887353531559,1.332320046787637,16.924632096300904,55.863777905219884,14.040826336072518
406801950,0.07125907607904558,0.12286001829953924,1.3310830638309357,16.952415671705698,55.82081541278466,13.99868034585867
406808900,0.07183841540618269,0.1229858539604342,1.3321708798407204,16.927976229716673,55.880855762759516,14.029720342006147
406815850,0.07191915105164165,0.12336537097604944,1.3331733950733209,16.90553402423542,55.87845429593725,14.073919106713294
406822800,0.07182948243639849,0.12336740409125829,1.3330553196241548,16.908173237812402,55.86852016235333,14.07147098541363
406829750,0.07137226299430989,0.12337778828126264,1.3324553093668141,16.921601163415747,55.81789419657571,14.05900042211874
406836700,0.07139757792992119,0.12340274609461135,1.3325485603945832,16.919512436113788,55.81993613257228,14.062499084597825
406843650,0.07111352336559405,0.12330159931532013,1.3319239402663616,16.933516073887464,55.79170535581552,14.042928595461921
406850600,0.07133036833555519,0.1233310902301138,1.3322883042006552,16.925343581112124,55.814675096568195,14.052617633910584
406857550,0.07163152338092872,0.12374324215667075,1.3336695846946163,16.894454903610654,55.835522224190306,14.106931660433172
406864500,0.07164759434409873,0.12349407106358756,1.3331046227520769,16.907071087995885,55.84472413416686,14.079993550181559
406871450,0.07218297890454572,0.12396496435950019,1.3349463661006093,16.866032776655892,55.889590596867265,14.147831981875491
406878400,0.07178609576333153,0.12410755845498112,1.334739525890437,16.870628781332396,55.841632396133384,14.151637375413094
406885350,0.07227533060847421,0.12415676619691131,1.3355250234858704,16.85319218741711,55.89400912656158,14.171723752267175
406892300,0.07203697701771161,0.12402811612754765,1.334895101134364,16.867171585428288,55.8716228761099,14.150410750731728
406899250,0.0717744185502386,0.1245428797588295,1.3357515602000416,16.848172162996107,55.827286118677804,14.199172306473521
406906200,0.07167947669373252,0.12451550252101883,1.3355575974837208,16.852470113235587,55.817668058686124,14.193309081439661
406913150,0.07197296383895416,0.12477825677147286,1.3365786224234608,16.829877407921387,55.84204166873009,14.231035237065964
406920100,0.07165578027780505,0.12482325200935938,1.336253284598607,16.837067793091727,55.80580836137539,14.22643110235352
406927050,0.07205069945402758,0.12517728255548427,1.3376288346029175,16.806720518697144,55.83855188497293,14.27726957364324
406934000,0.07202980147754423,0.12512097057172228,1.3374670157662683,16.81028320365724,55.83795495994311,14.270444965796878
406940950,0.07194164696576831,0.12520974010781324,1.3375571740318302,16.808297992777494,55.825578966968386,14.277543212548656
406947900,0.0719614351817346,0.1251447835714254,1.3374302620367073,16.811092664716416,55.82971731016639,14.27099860963153
406954850,0.07181167986686793,0.1252931247821067,1.3375780314277517,16.807838816493796,55.808771197932465,14.28278215227103
406961800,0.07167493187252669,0.1251746082384639,1.3371114420472552,16.81811856579059,55.79732166839644,14.265626069145197
406968750,0.0719763197944247,0.12553685136243925,1.3383797184932043,16.790214216140956,55.819493541519115,14.314555021944662
406975700,0.07189700667065625,0.12545407284294935,1.3380755731062555,16.79689503469393,55.81328186166825,14.30305393456978
406982650,0.07231267757415566,0.12566386581723285,1.339139119522469,16.773563275708156,55.852627730738895,14.338721771871974
406989600,0.07246421378062144,0.12598993903306147,1.3401195004392759,16.752130062347405,55.85938316732383,14.379194236473518
406996550,0.07203565584859788,0.125934796396826,1.3394049143847755,16.767745430739854,55.81394085734736,14.360096033648551
407003500,0.07244844356400916,0.12618019432501582,1.3405497319552042,16.74274661308424,55.85185276310596,14.399638767932336
407010450,0.0723010700621716,0.12611526338228662,1.340194637719385,16.750490321308952,55.83762614030083,14.388008507603374
407017400,0.07222720829504391,0.1264583678764564,1.3409098478832375,16.734902835097273,55.81904567198082,14.423470838513715
407024350,0.07261563017519995,0.1262827581453067,1.341021559051324,16.732471554120625,55.8671124065941,14.416019275922892
407031300,0.07244793922420248,0.126230699335643,1.340669025259787,16.740147202791736,55.85025739280277,14.405177434866356
407038250,0.07245452031523034,0.12620278835049356,1.340611691356546,16.741396382793702,55.85183220416665,14.402308747938104
407045200,0.0723061574681399,0.12653569413472374,1.3412011513241848,16.728564821283808,55.82536091015062,14.434380057194018
407052150,0.07265714247683187,0.1262329695645966,1.3409600281553067,16.733810599156953,55.873198613170466,14.41180912735821
407059100,0.07261190754264975,0.12659613889830795,1.3417613712304601,16.716393285240116,55.857126504365404,14.450372610255078
407066050,0.0725458989471651,0.12717962565955673,1.3430609717799762,16.688245531586215,55.831982791470224,14.512493867835158
407073000,0.07227541456804508,0.12708608303990518,1.3424705391242968,16.701018401928923,55.805135277864814,14.493913839429418
407079950,0.07279727059988936,0.12730086384063732,1.343692332460342,16.674615115402826,55.855886332023566,14.533548430558907
407086900,0.07276419599796799,0.1272349335649588,1.3434900692334002,16.678978639282324,55.85427807766771,14.52528254479398
407093850,0.07245896003517097,0.1272598949735736,1.3431342441604697,16.686662183013507,55.819963493087,14.518643229789895
407100800,0.07277083535010527,0.12744761753778416,1.3440063016979462,16.667847532538108,55.848462522428626,14.548867618518667
407107750,0.07283899694805863,0.12764238307273368,1.3445639440199495,16.655845039782896,55.849951303580504,14.572377384346177
407114700,0.07280457171833155,0.12770839697168457,1.344674676495518,16.653464324993557,55.84413068804237,14.57857086728975
407121650,0.07273170937558869,0.12774312987209357,1.344658487603341,16.653812326530705,55.83505160097995,14.580139187742207
407128600,0.07276343261182289,0.12785240942299572,1.3449627112112736,16.64727577224983,55.8351633783705,14.593126625404489
407135550,0.07280575457975828,0.1274808422607647,1.3441331403967696,16.665115542532973,55.851277518698325,14.553595515840998
407142500,0.07292996012208004,0.1277437383628691,1.3449298727831822,16.647981020930047,55.85682194397675,14.58632636657839
407149450,0.07271725231182104,0.1277461357144513,1.344646007681734,16.654080611663403,55.83337025064775,14.580023313130136
407156400,0.07279316905011994,0.12793422699495138,1.3451986831310128,16.642210227113896,55.83590267896304,14.60303563949686
407163350,0.07291985600521152,0.12768691359830037,1.3447804357403648,16.651191352083128,55.85746562154706,14.579767622150165
407170300,0.07324254601809407,0.12806408446131165,1.3461215593988511,16.622437174595156,55.8812812124317,14.63121691851586
407177250,0.07303088344228487,0.12821207338975135,1.3461865256303482,16.621047522622565,55.85342557806421,14.640927002152555
407184200,0.07289534938082129,0.12857497879413826,1.3468708187628602,16.606428389882456,55.82727317148446,14.676594918143984
407191150,0.07332632785453906,0.12855610068988815,1.347412454535034,16.594880417385,55.87521982158213,14.687916392871077
407198100,0.07317684073638726,0.1286852730305653,1.3475178894801043,16.59263488953775,55.854770511426956,14.697464029355755
407205050,0.0735037227652955,0.1286301582355634,1.3478320501361076,16.585948606804322,55.8924206102556,14.701579654154925
407212000,0.07368693766488492,0.12860200573346384,1.3480155105436615,16.582047224045436,55.9134496006264,14.704188688060508
407218950,0.07367368161864321,0.12874150198730236,1.3483310918465994,16.5753417421964,55.90764431803268,14.719121038540198
407225900,0.07364090935465152,0.12866263013058848,1.3480974798193675,16.580304867152073,55.9064976272812,14.709423883509606
407232850,0.07380566528286192,0.1287823024692943,1.3486096042709579,16.569429693629154,55.92089140853808,14.727725882017559
407239800,0.07356353615081922,0.1289657391027754,1.3487173453067172,16.567144104272394,55.888535607365725,14.740345172054452
407246750,0.07341087202146707,0.12905125071923357,1.3487138687832991,16.567217841642332,55.86908371357223,14.744979466295085
407253700,0.07319261589136922,0.12898844002411092,1.3482659432048272,16.57672545111489,55.84706004183746,14.731267132777557
407260650,0.07341874268797151,0.129405974641402,1.349575622492051,16.54896575868306,55.858859692448455,14.78420678685887
407267600,0.07342349496110251,0.12949040593533243,1.3497848277221274,16.544542554166018,55.856738250613546,14.793632185274053
407274550,0.07376246576019833,0.12956893973924422,1.3504358018527736,16.530798494721246,55.89153011167082,14.812888461917249
407281500,0.07335838491999501,0.12972862771913754,1.3502686470126637,16.534324844914895,55.84211927989932,14.817759817403749
407288450,0.073724996980416,0.12985551348883456,1.351072980395462,16.517374084583523,55.87841283070609,14.843211379659202
407295400,0.07331512698930666,0.13011480097808395,1.3511390496341869,16.51598370582387,55.82524044819342,14.858805296604508
407302350,0.07346062774217448,0.13010485274932473,1.351312684685406,16.512331116309355,55.84152916078947,14.862289697059952
407309300,0.07343429157182528,0.1297643707668995,1.350457807914131,16.530334392025697,55.84933518322547,14.82406725308962
407316250,0.0737566022059746,0.13010793273994906,1.3517230455976343,16.5037069988593,55.873944503908156,14.871944116670319
407323200,0.07435918323706478,0.13159991803762597,1.3561426901413274,16.411551066769942,55.89287502938739,15.0549688629439
407330150,0.07424575729455275,0.13050989041710143,1.3533587013519461,16.469446753579096,55.9150244888343,14.931563477544342
407337100,0.07434311689637009,0.1303268082351184,1.3530516719148207,16.475863833997007,55.9315191141349,14.914507772419437
407344050,0.0741495416344937,0.1303424452165405,1.3528240497444162,16.48062540399715,55.909738046102525,14.910112215684117
407351000,0.0741102106139537,0.13053282049950485,1.353228452854852,16.472168233771033,55.89939811208678,14.929797566875461
407357950,0.0735884135486755,0.13046174605154787,1.352345945599144,16.490638254621615,55.844316893661365,14.905507005234265
407364900,0.07349394657528853,0.13059067688483095,1.3525284491978977,16.486814271474266,55.82987578678357,14.916680859826352
407371850,0.07401004263312531,0.1306747345253335,1.3534334689734109,16.46788504099936,55.88390067266788,14.942225345782807
407378800,0.07423325409637063,0.1308799262360476,1.3542328987892447,16.451210625483,55.901930879495595,14.971845730140583
407385750,0.07410742234642045,0.1310382732849109,1.354442897257522,16.446837680167555,55.88308026084168,14.985254599005465
407392700,0.07436036646988443,0.13042429604282915,1.353309800508073,16.47046837808788,55.930334753470405,14.925775473888153
407399650,0.07425795144845354,0.13102155649610156,1.354608142070299,16.443398766738916,55.90015162970689,14.988195384888337
407406600,0.07462847995574665,0.13156961558997654,1.3564377877581515,16.40544477818432,55.92343669615212,15.060227753081792
407413550,0.0741064626248556,0.13155474502046152,1.3556888867416867,16.420952738870174,55.86655555878457,15.04195370259672
407420500,0.07419839966390535,0.13115901772910246,1.3548584147127127,16.43819384686061,55.88924216611708,15.00140957365496
407427450,0.07400739959666432,0.13141684453894575,1.3552207106720735,16.43066665683537,55.86006655146949,15.023657751495357
407434400,0.07412527014181253,0.13183197726304707,1.3563850346238728,16.406535941744078,55.85978233631484,15.072994183748495
407441350,0.07445224796141407,0.13171426659152247,1.3565461785977109,16.403203368973475,55.89945223927019,15.07050139057323
407448300,0.07463765898825335,0.1316893054257842,1.3567394698545439,16.399208254116594,55.92062538454968,15.073677595205886
407455250,0.07480962812544208,0.1317485237481738,1.3571182217873337,16.391387095584925,55.93763907646166,15.085681803423537
407462200,0.07463127285602353,0.1316236002715752,1.3565719973120218,16.402669580648087,55.92202101818304,15.066251263411806
407469150,0.07453733345197563,0.13152386911146044,1.356202511951687,16.410312737192157,55.91487679189322,15.052292108220387
407476100,0.07392772557354797,0.13191030668500156,1.356306204541538,16.40816683624705,55.835599258709294,15.075288119443666
407483050,0.07404771254296612,0.13179765137235078,1.3561964747710933,16.41043769779576,55.85236290640383,15.066751291896482
407490000,0.07459170973973035,0.1320733651778163,1.357605252762649,16.381344021091348,55.90329631843969,15.114414767416823
407496950,0.07373404481838382,0.13240860051803263,1.3572519949306885,16.388626986746473,55.79843059435008,15.123757980779272
407503900,0.0738469480960112,0.13262494089596435,1.3579299323978606,16.374657543486688,55.803880518756884,15.151095568401239
407510850,0.07416934349159475,0.13286920100853014,1.3589598802767855,16.353492861244263,55.83139662685936,15.188234492535399
407517800,0.07380807043755329,0.13324713761008686,1.359390478381373,16.34466511237488,55.77962904040369,15.218047509601297
407524750,0.07400007442891521,0.13319956403630775,1.359533939513443,16.341726703016622,55.80220474959191,15.219015852549301
407531700,0.07456673493915666,0.13328775778506416,1.3605168866787911,16.321629993390893,55.86151438445776,15.246959905972274
407538650,0.074428252652414,0.13334944732526502,1.3604787198976913,16.322409147945848,55.84432823402726,15.249258323807773
407545600,0.07396528880073153,0.13348214836864233,1.3601749813549906,16.328613200457973,55.789283266897186,15.24886770881063
407552550,0.07412863523055631,0.13340795562595878,1.3602150349716675,16.327794734797095,55.809581437357785,15.246005527680795
407559500,0.07408807796161326,0.13369713552813536,1.3608646928159185,16.31453409439892,55.795797194063525,15.276393681833836
407566450,0.07395684385752589,0.13364930413663395,1.3605709430352781,16.32052662428621,55.782961846086764,15.266911856607312
407573400,0.07435273048806162,0.13385323540791338,1.3616031419856072,16.29949445050277,55.81975663132723,15.302067279525923
407580350,0.07427888906220025,0.13358929316612564,1.360860000420655,16.31462977560824,55.82019960984608,15.270739212435986
407587300,0.07435996294716743,0.13370823083476216,1.361259555732567,16.306487699271067,55.82524335660575,15.286402381558071
407594250,0.07423848333268725,0.1339777814308111,1.3617522925579295,16.29646107029274,55.80319868225949,15.312018886637905
407601200,0.07391559821166634,0.1339515111025328,1.3612525213512754,16.306630955003993,55.768672745077815,15.29868499475134
407608150,0.07370634557441696,0.13413399884153704,1.3614167874036498,16.303286502938903,55.73985269204913,15.311892951803738
407615100,0.07373394342350852,0.1341460022400242,1.361483179177521,16.301935265667296,55.74248502624466,15.31410066522819
407622050,0.07359867426780031,0.13435325458711603,1.3618084030782096,16.29532028445022,55.72096502114234,15.332400045363435
407629000,0.07404349382646033,0.13439662480065306,1.362511984920705,16.28103302190333,55.76825017572071,15.351580489919726
407635950,0.0741461221867401,0.13458609942595748,1.3631134797310696,16.268844122790963,55.773331427084976,15.375666118808075
407642900,0.07462345086418616,0.1342910985153638,1.3630380014977834,16.270372361363147,55.83523194889592,15.358860750597662
407649850,0.07517745316692966,0.1346488621001094,1.3646644178214866,16.23752254706866,55.884347994066,15.41615418053427
407656800,0.07460981772069768,0.1347676788101501,1.3641836951863964,16.24721439387751,55.81821881096467,15.410662440628784
407663750,0.07455679913655809,0.13492204232669935,1.3644895208693018,16.241046936320323,55.80737197974896,15.425848617623629
407670700,0.07470664070149857,0.13491645946241612,1.3646786281809307,16.23723627650451,55.82397530086782,15.430129191303687
407677650,0.0744053427818615,0.13537424194499398,1.3653926045941325,16.222869630044457,55.776002146260424,15.470428653465493
407684600,0.07433419407934261,0.13555318061704608,1.3657356746323894,16.215977891125885,55.76235393520439,15.487688292864897
407691550,0.07470383039763885,0.13552440202023555,1.3661635250748814,16.207393498340675,55.80377254469002,15.496652290008077
407698500,0.07446851588593242,0.1353341330140433,1.3653794475086833,16.223134083981595,55.78423232404665,15.46810412596032
407705450,0.07444923379283204,0.1359502895524875,1.3668654381312244,16.19333537094854,55.761915849741236,15.534926455000955
407712400,0.07465774438911676,0.13529516708938646,1.3655394669680891,16.219918481197958,55.8062345604265,15.470029707550033
407719350,0.07423199786895403,0.13567361502598285,1.365893877920785,16.212802349329802,55.74722309034712,15.497519899802707
407726300,0.07444018596872516,0.13562372275863568,1.3660514475243832,16.209641102660328,55.771644542946404,15.498884002685102
407733250,0.07459172404894743,0.13555236598542078,1.366080700413537,16.209054388299414,55.790576720972616,15.496039257648164
407740200,0.07458312533546929,0.13552288072862478,1.3659967905922181,16.210737481597523,55.79060164116129,15.492528265838924
407747150,0.0745503655531201,0.13588556371223648,1.3668426120699801,16.193792049398887,55.77511220280828,15.53116475862489
407754100,0.0747766280993137,0.13604148409895495,1.3675306720323102,16.18004050849993,55.79475788802232,15.555676942541686
407761050,0.07480052180161026,0.1358772042656319,1.3671595997451715,16.187453047565064,55.80277899790969,15.538471597243824
407768000,0.07496109383429489,0.13608704848802688,1.367891836996121,16.172834176007996,55.81346085569954,15.566741552355884
407774950,0.07485879957709715,0.13611848457339554,1.367830767266917,16.174052127338918,55.80122114534973,15.566814970229892
407781900,0.07459242906013856,0.13618158192877797,1.3676265679704986,16.178126297244763,55.76998013128866,15.564950695427536
407788850,0.07505388949439434,0.13581356276249998,1.3673463261990608,16.18372191923903,55.832630699236454,15.539831422107614
407795800,0.07512066984113673,0.13619207217087606,1.368365739808175,16.1633907722135,55.82748109449271,15.583507461895083
407802750,0.07511482635044377,0.13631867524432237,1.368668811722443,16.15735885163238,55.822663367803614,15.597185134022707
407809700,0.07496825083816638,0.13664323010428842,1.3692686780492092,16.145436827696564,55.795887658528905,15.627887188207954
407816650,0.0752640575806562,0.1367254677571906,1.3698709796701234,16.133488904347722,55.82556119686222,15.64668214090769
407823600,0.07516916441464497,0.13702374583655058,1.3704768712887978,16.12149243851287,55.80528259343154,15.67620324972256
407830550,0.07516018392673836,0.13549590932214362,1.3667120431949893,16.19640495721482,55.854721522326884,15.508503742418664
407837500,0.07489047959389447,0.1369045257409815,1.3698071138607102,16.13475475104437,55.77872772968504,15.653915816323886
407844450,0.0750069695411687,0.13709318462326556,1.3704290199257014,16.122439055352025,55.785223948858,15.67842433368447
407851400,0.07510239459752543,0.1372926831970592,1.3710495647910281,16.110174121948184,55.7890450014539,15.70342679694129
407858350,0.0748172362317945,0.13756891511385785,1.3713474470645062,16.104294967658372,55.74866619598367,15.724168081198432
407865300,0.07542600003099777,0.13768490035118114,1.3724542633328012,16.082497978584232,55.811412572697705,15.757131172386456
407872250,0.07509400021563355,0.137641359499608,1.3718986823383872,16.09342988408143,55.77652836120079,15.741302543370757
407879200,0.07535099079964681,0.13769551724775697,1.3723790945263405,16.083975935817616,55.80284740183221,15.755792364802137
407886150,0.07522302834168461,0.13798159522529357,1.3729131288067795,16.073483315308092,55.77929936186201,15.782828633363016
407893100,0.07538772775985639,0.1377796160964442,1.372636360601524,16.078919040983482,55.80406380270742,15.766223021096307
407900050,0.07532807038051878,0.13777929506481265,1.3725549935878425,16.080517977182943,55.79754485189635,15.76419774663296
407907000,0.07504327807856946,0.13767105405336907,1.371903705612484,16.093330958864215,55.76999039067121,15.742862037966066
407913950,0.07534768207261809,0.13759958896027227,1.372137854098195,16.08872149956164,55.80568244294988,15.745181330907975
407920900,0.0756933029614111,0.13764731033022123,1.3727235086737926,16.077206949678466,55.84193854544071,15.761930761287392
407927850,0.07607674186206331,0.13805780029773163,1.3742572593473659,16.047150831534086,55.87022559836158,15.819723482869913
407934800,0.07631227503473864,0.13826328678270816,1.3750853025500562,16.030983304230393,55.88914911350502,15.850142202125838
407941750,0.07629670205429148,0.13847767376058898,1.3755937078341691,16.021077164078815,55.880241043451704,15.873115869041104
407948700,0.07588592254785025,0.13859805601336492,1.3753334627438567,16.026146028417106,55.831200972112576,15.872497863830068
407955650,0.0759336465863954,0.13847578425074317,1.375095676495786,16.030781015326564,55.84053301861807,15.860712557196365
407962600,0.07586164820801483,0.13858277694981366,1.3752627710547733,16.027523612617156,55.82905666005519,15.870009642485671
407969550,0.07609070288000579,0.1384555619074251,1.3752588602828486,16.02759983144558,55.858413679815975,15.863771686631285
407976500,0.07615319413343358,0.13834481314279706,1.375070090333185,16.031279949720044,55.86897863288986,15.853736759794938
407983450,0.07625376198038261,0.13858656410308265,1.3758044431690133,16.01697559412822,55.87187464025057,15.883603892125427
407990400,0.07673659510396674,0.13860929512727838,1.376519275070424,16.003082543945197,55.92403665054224,15.90234810489535
407997350,0.07659435978748638,0.13869243788808439,1.3765303843224432,16.002866872253513,55.90563943000115,15.906672732974549
408004300,0.07638412846675136,0.1388917518683824,1.3767368035187435,15.998860852262045,55.87588144295484,15.921431308677755
408011250,0.0761797312243078,0.13912133244280633,1.3770275700366308,15.993222198126087,55.845750971462806,15.939682648524748
408018200,0.07620634998338234,0.13879903000703125,1.3762655650758313,16.00801000126043,55.85953046909142,15.905283767479188
408025150,0.07605402083702534,0.1393582284340221,1.3774445342406294,15.98514505779004,55.82399177043964,15.961370417245684
408032100,0.07607046207454302,0.13945269190435755,1.377701168334863,15.980178859198945,55.82259881352228,15.972263752921792
408039050,0.07608581374233324,0.13957879426308858,1.378034943091202,15.97372573695786,55.82001402738754,15.986582072814569
408046000,0.07634786870023201,0.1393913987383592,1.3779252647419082,15.975845503607111,55.855038160281055,15.974933995875977
408052950,0.0761894708166335,0.13901724640797639,1.3767829207016213,15.997966194077335,55.85032847483484,15.928613856522283
408059900,0.07634692250193172,0.13957808676176547,1.3783870676117385,15.9669249986751,55.84861682792115,15.995342605515596
408066850,0.07632838763617866,0.13980644922597515,1.3789288353560245,15.956475908951294,55.83884960544534,16.01971258554929
408073800,0.07634811005805546,0.13980955477970844,1.3789632936353244,15.955811897004953,55.840902995574986,16.02072131982942
408080750,0.07615150565144742,0.13963103886935616,1.3782535781105225,15.969502277465097,55.825434400954606,15.994522299487842
408087700,0.07634185116848564,0.1398708936306932,1.379107162743722,15.95304029152066,55.838137368892475,16.027222704333454
408094650,0.07661641650665238,0.13994721328526213,1.3796695259423866,15.94221818074068,55.86560433701211,16.0448989721851
408101600,0.0767081038177791,0.13978804096725014,1.3793991228737403,15.947419492764148,55.881051280677504,16.03058013969371
408108550,0.07705174219559828,0.13987981671597846,1.3800956410373124,15.934030397023582,55.9155860668279,16.05231131985422
408115500,0.0770374956595336,0.14031641775560605,1.3811602669723835,15.913620093153254,55.89915809860475,16.0996686624329
408122450,0.0767410270465424,0.14042278972025313,1.3810209816326118,15.916286617338503,55.86306337131727,16.101210085592857
408129400,0.07653313158206278,0.14008181653708277,1.379890772167899,15.937965614478728,55.85191178083933,16.05680571040505
408136350,0.07666782241551055,0.14038528182378526,1.380828206122719,15.9199790409533,55.85632792236251,16.094609057261046
408143300,0.07662334780744484,0.14073361432555945,1.381634883130869,15.904542367477742,55.83957879543765,16.13121409038035
408150250,0.0768883047223704,0.14060745712621417,1.3816807288137671,15.90366619574569,55.872887254911845,16.126453095198126
408157200,0.07705678851468717,0.14057739972720693,1.3818354409732623,15.9007103425119,55.89236450773934,16.128915699490424
408164150,0.07710332290700093,0.14042571587682645,1.3815217467410272,15.906705076388937,55.902641205353085,16.11388855722343
408171100,0.07725283432546116,0.14090535490924674,1.382918988238297,15.88004750428302,55.902620456601504,16.17154392487172
408178050,0.0771533747045424,0.14070267685360566,1.3822788329896682,15.892246808609832,55.89866234691429,16.145938944791112
408185000,0.07715248011148809,0.14109967209285415,1.3832661140710902,15.873442293887566,55.88497107192921,16.189385977453224
408191950,0.07744806850928385,0.14018746665047951,1.3814015871371392,15.90900285560757,55.94855770584911,16.099538023897782
408198900,0.07717365602590888,0.1404819627559367,1.3817575922158987,15.902197508250657,55.908426760875024,16.122452247829205
408205850,0.07731657953694546,0.1406552641586263,1.3823837796182916,15.89024523862908,55.91816442076272,16.14632610210181
408212800,0.07705274875038784,0.1409085745483165,1.382654210330885,15.885090448849377,55.88059760071711,16.165045250463567
408219750,0.07715235007978682,0.14079802768419417,1.3825147212426663,15.887748778930442,55.89528843690101,16.156347967352552
408226700,0.07679801816782736,0.1409839416267119,1.3824956083452427,15.888113112909837,55.850134842827146,16.164576685856364
408233650,0.07686317815072775,0.14090580093922955,1.38238940290898,15.89013800773034,55.85993962550684,16.158254364103378
408240600,0.07764455035666419,0.14111454341727703,1.3839754175774848,15.859967029715241,55.93836652877583,16.207899274472894
408247550,0.077655847158657,0.14095545403978854,1.383594938009063,15.867191738935864,55.945065347376755,16.190848874913776
408254500,0.0775782973053893,0.1411199184922546,1.3838980759450936,15.86143495256188,55.93092097071961,16.206213372395705
408261450,0.07766671886860782,0.14119336723446557,1.3842020565370774,15.855667460970116,55.9380885590935,16.2172999153769
408268400,0.077236025321874,0.14113705667380502,1.383473144512698,15.869506164030618,55.892837456782914,16.196344690093884
408275350,0.07781551654791512,0.1408873230579263,1.3836445543570495,15.866249130830186,55.96490948655788,16.188856680554082
408282300,0.07774933326826236,0.141081471673456,1.3840367235976472,15.858803702252906,55.950988166249104,16.207872626129863
408289250,0.07748327167718813,0.14122725519249346,1.3840354404033202,15.858828049613008,55.916822826282804,16.21471102606527
408296200,0.07788338516119835,0.14131900347232204,1.384812034523047,15.8441101802971,55.957518477713045,16.23852198378204
408303150,0.07772867996478008,0.14183649421471012,1.3858902901207166,15.823732377080715,55.92273159326773,16.289901442734966
408310100,0.07747615873108425,0.14168196423486643,1.3851595857268515,15.837534622297904,55.900402650438,16.26427024383383
408317050,0.07764732219782564,0.14187351632220127,1.3858714822531153,15.824087257335645,55.912542744291606,16.29114895352524
408324000,0.07752949528147655,0.14183723350527497,1.3856199807319973,15.82883469917007,55.90089125989387,16.283110804317385
408330950,0.07785693205880628,0.1423690543336061,1.3873961232389138,15.795384279649982,55.91836539593413,16.35266591728273
408337900,0.0779653744465327,0.14235113112687386,1.3874996882961335,15.793439321175889,55.930863588162325,16.35445983817563
408344850,0.0779208058455532,0.14227699472938432,1.3872533761601202,15.798066069783456,55.928549589330004,16.344795313848095
408351800,0.07790364404381486,0.1423356550872867,1.387376514044346,15.795752609638186,55.92463823084351,16.35062613042944
408358750,0.07805748161110812,0.14247514311336054,1.3879358683860246,15.785254456825806,55.93665401514023,16.371237512869566
408365700,0.07795486921054574,0.14242519246348553,1.3876704673853666,15.79023339808196,55.92714620962372,16.36220796816769
408372650,0.07764670244919109,0.1425686680979846,1.3876084777958588,15.791396897901164,55.88843279260547,16.3672346272423
408379600,0.07778759840337071,0.14255386179652535,1.3877636578057473,15.788484688059011,55.90436872174751,16.370498505843816
408386550,0.07799518719618409,0.1429801557322712,1.3891146414902071,15.763188344472127,55.9122886619752,16.424377960457218
408393500,0.07785190104083366,0.1429056351901331,1.3887322409347445,15.770338187497291,55.89919530617595,16.411237835261392
408400450,0.07755852599278293,0.1428955089189157,1.3883070886275055,15.778296977905793,55.86744561768195,16.399937498220005
408407400,0.07794615600558846,0.14291953380470157,1.3888957697335396,15.767279646401924,55.90902952108342,16.41603603027044
408414350,0.07815030582411554,0.14298430470557538,1.3893372144569878,15.75903060043252,55.929128744600405,16.430230348076947
408421300,0.07857216751696858,0.1430547419270201,1.3900924039598657,15.744943960146633,55.97289092467882,16.452644502432435
408428250,0.07825761015720936,0.14331052896824628,1.3903016493786389,15.741046491629032,55.92950988719499,16.46969290179893
408435200,0.07812618076861585,0.14355115389916745,1.3907255599491,15.73315805008809,55.90672160784355,16.491445765494696
408442150,0.0782873549078728,0.1434171579329381,1.390609770415455,15.735311758660245,55.92904482182146,16.482406563249405
408449100,0.07849853117591697,0.14362595375729437,1.3914229300998013,15.720202510164683,55.944871376645786,16.51265213563049
408456050,0.07804245880788316,0.14362448595506822,1.3907953641884465,15.731860035947953,55.8949981401359,16.49654565808325
408463000,0.07845075038561482,0.1437499328811981,1.3916686016181055,15.715644892377497,55.935299945472394,16.524556081276568
408469950,0.0785428385608353,0.14373722643445846,1.3917629413863146,15.71389561578458,55.945828795961376,16.52638909403805
408476900,0.07874767783830815,0.14374914443038653,1.3920741048059941,15.708129402615223,55.96784855493805,16.53487019838151
408483850,0.07843337047510036,0.1439335305883842,1.392105886142314,15.707540757992138,55.9269657710662,16.544047581024678
408490800,0.07847394770288645,0.14370705496161057,1.3915927557799241,15.717051604527049,55.9393410237601,16.52067314336739
408497750,0.07843487195864317,0.1440268879090522,1.3923425221894024,15.703159599649306,55.923857059620616,16.55431941098341
408504700,0.07867661608194236,0.14389209325851682,1.3923352880840485,15.70329348869718,55.955053211552226,16.54803803317313
408511650,0.07846957600216273,0.14375086507235588,1.3916967374044036,15.715123138786392,55.937328605311336,16.52531726994146
408518600,0.07864277009510542,0.14412549527484972,1.392875149798145,15.69330959842479,55.94315647894327,16.57241013899107
408525550,0.0786253706737231,0.1440950055452907,1.3927746691863385,15.695166618659496,55.942321871736524,16.56846083199773
408532500,0.0787758562360798,0.14437629635937885,1.3936882256866823,15.678303146316336,55.94891301686986,16.60454924919733
408539450,0.07864332413665596,0.14478698152130082,1.39454034342243,15.662614804070545,55.91994104257536,16.644833589661044
408546400,0.0786279608678627,0.14468441878306643,1.394260981013646,15.667753794768476,55.92187509244931,16.633069252458334
408553350,0.078410001477206,0.1446047569554847,1.393762370765331,15.676936490971922,55.90083384089302,16.616678092743804
408560300,0.07854578152382583,0.14502151400327273,1.3949981455261231,15.65420249612685,55.900995776812906,16.66704914260991
408567250,0.07878859209929977,0.14498811943223944,1.3952460624633676,15.649651656478834,55.92873865840326,16.671969626288618
408574200,0.07830778685871052,0.14508605947035824,1.3948363600980163,15.657174073839851,55.87269469923568,16.665706686474632
408581150,0.07843058545649642,0.14530359363223014,1.3955527803701955,15.644026048169572,55.878435113334966,16.693823457395382
408588100,0.07862203470691621,0.14525588632287462,1.395693574372295,15.641445403387406,55.90105476422744,16.695376003931237
408595050,0.07862849886748122,0.1454782785121497,1.3962638794191176,15.631003088283906,55.89389206768083,16.719923618238642
408602000,0.07875526566847382,0.14519358759384657,1.3957185311096234,15.64098807739294,55.91783070369356,16.69327297831011
408608950,0.07851673194025831,0.14553287524326508,1.396249335639962,15.631269167978513,55.87973992993078,16.7219346418051
408615900,0.0788674824502159,0.14572662332278502,1.3972178257340628,15.613575371801257,55.91122123324476,16.755552918018715
408622850,0.07912737676935289,0.14577224027639288,1.3976889959552234,15.604985517588814,55.93803124556608,16.76977223077765
408629800,0.07883961147990302,0.14582670625056166,1.3974326815899036,15.609656885071086,55.904620293168335,16.765508098845256
408636750,0.07907912714932935,0.14583739941875873,1.397787491800261,15.603191349642092,55.930436908335366,16.77518654798647
408643700,0.0788837360214334,0.1458200056577128,1.397476065712173,15.608865956093316,55.909683368292605,16.766342352120667
408650650,0.07887905184175291,0.14593474810204338,1.3977597672480593,15.60369631859305,55.90509472979376,16.778723090618833
408657600,0.07906896404656871,0.14622986105811875,1.398766080758011,15.585393785104305,55.91536050316342,16.817750565071982
408664550,0.07880618122873148,0.1460895953928375,1.3980519495141,15.598376636041664,55.891622880837396,16.793061380705563
408671500,0.07899785082153717,0.1460332074657768,1.398171239652029,15.596206061863228,55.91458466559989,16.793713814804658
408678450,0.0792310130167547,0.14596321512007726,1.3983137289060998,15.593614355825174,55.94258015275427,16.794353237153377
408685400,0.07883011309199497,0.14624245340293007,1.398471539477974,15.590745235110173,55.88879958942836,16.81062099394883
408692350,0.07935016337475163,0.1462575994902557,1.3992216413662173,15.577125885912299,55.945129827795355,16.83080770762599
408699300,0.0792756775858396,0.14643477332478733,1.3995678669681437,15.570849647208592,55.93066038854848,16.84753173617645
408706250,0.07914122510167008,0.14654194948348442,1.3996551783500646,15.569267903099828,55.91213155727086,16.854452230275303
408713200,0.07940285812983641,0.1468819408171831,1.4008751049610997,15.54720963447335,55.928583199589795,16.90098217854837
408720150,0.07929650417512596,0.14681072966926112,1.4005488677822817,15.553100856488237,55.91950277206672,16.889388992968712
408727100,0.07902866971371568,0.14707934072011766,1.4008642708087753,15.547405188801978,55.880616198174195,16.909159615887766
408734050,0.07937146299558163,0.14714067941767514,1.4014884206391514,15.536149453027136,55.91587936989023,16.928146179691336
408741000,0.0792298090345592,0.14724877301254502,1.4015690950674196,15.53469608449162,55.89652080984339,16.934880069474506
408747950,0.07903220733270025,0.14727068118674683,1.4013550365465526,15.538553146219105,55.87414725110523,16.93018790654809
408754900,0.07892132247015542,0.14695735008674854,1.4004082232193882,15.55564235682679,55.87325502212193,16.891991295288065
408761850,0.07959813864696479,0.14700399788993035,1.4014524611779882,15.536797380892533,55.94556704908709,16.921328138163823
408768800,0.0794116370654994,0.1469173131533247,1.4009768235302227,15.545373934941582,55.928276491903745,16.905164561872986
408775750,0.07933861737303516,0.14693875656894,1.4009311669586837,15.546197824910916,55.91952449946459,16.904894155456095
408782700,0.0793764615762894,0.14705343237499746,1.4012738783710383,15.540016140870792,55.91955362037443,16.91878739291476
408789650,0.07906064909072079,0.14743671577008355,1.401815744396693,15.530254752541111,55.87129815744352,16.94934251559246
408796600,0.07938275589386042,0.14771340423287402,1.4029588777947781,15.509712206799236,55.89653972735457,16.991142062298692
408803550,0.07924541022258594,0.14759398006145052,1.4024675922331242,15.518532449277036,55.88583044497309,16.973155845211124
408810500,0.07946645715119538,0.1476824009587255,1.402994495147921,15.50907324268703,55.9068010486675,16.990766689850226
408817450,0.07938937139653869,0.14797604366628153,1.403636156447384,15.497573323792789,55.88780338710804,17.020070951718775
408824400,0.07950032457795976,0.14807393270200098,1.4040369515211528,15.490401061593403,55.89639301529427,17.034764695101032
408831350,0.07947883538570746,0.14815200049832628,1.404206373594965,15.48737173755612,55.89122857772155,17.042516730822165
408838300,0.07957970775649753,0.14793962884338613,1.4038037056082515,15.49457400580393,55.90991011912148,17.022954541417352
408845250,0.07949235819315978,0.14847928442147304,1.4050588430383641,15.472151770761648,55.880880717784564,17.078747300819174
408852200,0.07955980469930886,0.14868839347829846,1.4056842603885593,15.461009366960194,55.88067666822347,17.104020222682998
408859150,0.07956695673691275,0.1486530914240528,1.4056039625634038,15.462438825397516,55.882736067879094,17.10042480561878
408866100,0.0796271065413364,0.14881103772659618,1.4060891198094494,15.45380710993862,55.883580567668034,17.119849589735885
408873050,0.0797044932203245,0.1486428777332511,1.4057658524190124,15.459557207780927,55.89812538931004,17.104290946182136
408880000,0.07975902224680434,0.14884333311732692,1.4063518140270943,15.449138392217225,55.89681390463512,17.128160046246588
408886950,0.08090898943203538,0.14765787831277452,1.4049212870717207,15.474605157902204,56.06554960652229,17.04011228148041
408893900,0.08085493832522088,0.14758718972174642,1.404666934422849,15.479144244824354,56.06218039947093,17.030412057479403
408900850,0.08045805577531087,0.1478032853304423,1.4046653046061275,15.47917334070072,56.010900810752915,17.039744102026827
408907800,0.08065670198916143,0.1476862732181853,1.404643218487326,15.479567640853533,56.03688140630788,17.034106706885108
408914750,0.0806352399542316,0.14756146075460083,1.4042968416699988,15.48575474513801,56.03903739416823,17.01965958986316
408921700,0.08110656498134197,0.14764466235454457,1.4051626284732759,15.470301344064312,56.08768526767972,17.04580735306235
408928650,0.08060671793490654,0.14792059312293743,1.4051688409620904,15.470190597004548,56.02293711841208,17.057962081216353
408935600,0.08103463352596199,0.14765652033061885,1.4050925594535577,15.471550568296006,56.07937046024582,17.044506019982904
408942550,0.08100107461868676,0.1474740533799567,1.4045833543991615,15.480636511851083,56.08228564717046,17.023289390362915
408949500,0.08136857340233815,0.1478951123302449,1.4061629329522305,15.452494913640349,56.10734710146432,17.082757637365695
408956450,0.08086380331747721,0.1477729361927201,1.4051503873829274,15.470519565920128,56.05643773822808,17.05108694803334
408963400,0.08057048605763895,0.1478693056837768,1.404988449581154,15.473407155570724,56.02082451409391,17.051035964354973
408970350,0.08035707793943268,0.14797964542550024,1.404973857289211,15.473667423898759,55.993473998580335,17.055398702556314
408977300,0.08062681275006546,0.14779242936382928,1.4048712328013615,15.475498145292265,56.029771784154676,17.04465365554822
408984250,0.08064369797886776,0.14805287088120994,1.4055560513960583,15.463291895480744,56.02219948143728,17.073784098568467
408991200,0.08055472672510877,0.14819950008659713,1.405805695366445,15.458848214708635,56.00714928007781,17.086614054750648
408998150,0.08069193109897095,0.1482029690938077,1.406004276952359,15.455315728871673,56.02204341555383,17.091965310781223
409005100,0.08095979392925491,0.1482330035269222,1.406451869006056,15.447361098556701,56.05028882463473,17.10496747969599
409012050,0.08066851529769833,0.1482526035297614,1.4060980619034786,15.453648129063453,56.0176807738018,17.096550543999765
409019000,0.0807417773533047,0.14841177308982223,1.4066042361599194,15.444655556957619,56.019927565353356,17.116632786298172
409025950,0.08072410748893699,0.14840577290208498,1.4065645213490472,15.445360647711542,56.018210991371205,17.11533465855727
409032900,0.08078896830272955,0.14837025404540485,1.406563961908034,15.44537058051784,56.0266008497858,17.113799944944862
409039850,0.08097380413883278,0.14863735488397595,1.4074995858042674,15.428780988671036,56.03713515369182,17.14976064849882
409046800,0.08092277025671293,0.14858092088842562,1.4072852361848898,15.432577696777521,56.03359918958387,17.141725747142157
409053750,0.08090885403824806,0.14811363124986002,1.4060778806437506,15.454006936096414,56.049037643589216,17.09004392541364
409060700,0.08135643851266576,0.14823331161942688,1.4070043230069949,15.437556963073769,56.093743720126625,17.119400421502842
409067650,0.08139004116701884,0.14863209632249272,1.408064561767466,15.418784924161544,56.08292265468424,17.164332943019332
409074600,0.08125382759181882,0.14877274677978752,1.408232869637171,15.415810197982463,56.06287506608999,17.174782033196024
409081550,0.0810485882702395,0.1490438886282844,1.4086385309274332,15.408646303815761,56.03051708098874,17.19699254748585
409088500,0.08117235742698904,0.14889470720801817,1.4084301745298984,15.412324795067855,56.04950748842813,17.185171228443238
409095450,0.08128044598846583,0.14910572507365272,1.409117767810209,15.400193790524852,56.053646704085345,17.212223054870467
409102400,0.08141649370347245,0.14930461053628996,1.409813684445731,15.38794020072907,56.06127903103202,17.238974845687228
409109350,0.08163981597668911,0.14919675904442167,1.4098497121558582,15.387306493437286,56.08968773503653,17.23532645846982
409116300,0.08153545323583439,0.14926015621553287,1.4098658624548654,15.387022439859024,56.07593479844452,17.238455914825778
409123250,0.08165597103251424,0.14936125857753263,1.4102913710715475,15.379543253149297,56.08543903117453,17.25394208558341
409130200,0.08173859921272224,0.14952091626967848,1.4108135427137243,15.370377410163991,56.08864382450512,17.27446151700134
409137150,0.08128124501091294,0.14977048901054826,1.4108147122966819,15.370356895413655,56.029416166663886,17.285025936988532
409144100,0.08153635796704593,0.14958650016291167,1.4106992391265298,15.372382650860295,56.06408722040876,17.274233703096865
409151050,0.08185641078266204,0.14958448412236533,1.4111399439018728,15.36465491026715,56.0992220190398,17.285746562834763
409158000,0.08139449816393196,0.14997684674445222,1.4114989537142757,15.358366850508906,56.03424009555548,17.31176325929901
409164950,0.0814440999462316,0.15022729856451777,1.4122080514048816,15.345965847478631,56.030465463989835,17.340991866974232
409171900,0.08160896768321656,0.14993248635520218,1.411683432659683,15.355138197626665,56.059345228056586,17.314782888431157
409178850,0.0816984314198973,0.15017965816123077,1.4124394017951836,15.341925296058019,56.06005392996421,17.345132785074114
409185800,0.08179566931299437,0.150319808442584,1.4129329700660163,15.333313954236926,56.06554023836022,17.364056297861598
409192750,0.08185817103152529,0.15093269303421186,1.4145887397523391,15.304513370814309,56.04976260727966,17.433446294390727
409199700,0.08183517103635368,0.15086347424795682,1.4143794207646008,15.308146833786221,56.04980460246733,17.425021587576673
409206650,0.08185214713759777,0.15095385775198367,1.4146346055560153,15.303717496496805,56.0483208127374,17.43553947754184
409213600,0.08203499582852525,0.1513850999107079,1.4159946315360294,15.280164777770619,56.05235523449975,17.4894972248219
409220550,0.08197121549500962,0.15178141066876927,1.416923735386376,15.264126531720969,56.030661529581366,17.530477968379195
409227500,0.08204845497010538,0.1515967916885873,1.4165567411604507,15.27045659656647,56.045969678537915,17.513156181079264
409234450,0.08200191259980333,0.1515334079213164,1.4163293155266392,15.274382608116827,56.04323216950189,17.50449437552123
409241400,0.08196425554819953,0.15188242838060168,1.417173734360396,15.25981818814665,56.026144047572444,17.541264953025216
409248350,0.08172353026669112,0.15233309942776002,1.4180001950254515,15.245596943002946,55.98305691140672,17.581554224984238
409255300,0.08211561586070056,0.15223224305547212,1.4182835863755174,15.240728103557277,56.02966452504305,17.585149001311393
409262250,0.08187686668016027,0.15227832269019942,1.41807121956509,15.244376333794369,56.00185089179815,17.58128454676073
409269200,0.08226353067210732,0.1525696663244699,1.4193577691417518,15.222308046053495,56.03323736626715,17.627561053689305
409276150,0.0815776003463227,0.152693310942981,1.4187274202484463,15.23311053200295,55.95368690611905,17.61544499177276
409283100,0.08223270810912253,0.152446586537329,1.4189979599804552,15.22847187262567,56.03446673359886,17.612953361564212
409290050,0.08223130980156672,0.15227822098744945,1.4185626020690427,15.235938219234901,56.04059945080395,17.594491955614437
409297000,0.08226958853938718,0.1527541532206451,1.41984158402175,15.21402967441463,56.0269992668807,17.64795444204741
409303950,0.0820318300909195,0.15294253784768214,1.41999787116955,15.211357896619804,55.99396924306812,17.659639172662825
409310900,0.08215567323738603,0.15324705841165168,1.4209554660231596,15.195012949172709,55.99608343125404,17.697541418913016
409317850,0.08222160366671279,0.15376871699819492,1.4223952349883218,15.170519864554397,55.983679773964674,17.756981997723898
409324800,0.08222929850278776,0.15372481604767932,1.4222923045342175,15.172267642783668,55.98617206142615,17.75247867159106
409331750,0.08236084617819338,0.1537649551590005,1.4225782849593476,15.167412877385381,55.999024965658755,17.76181329323196
409338700,0.08217155108677329,0.15373776418909743,1.4222459194121586,15.173055434302057,55.97938043669388,17.75171930852131
409345650,0.08207623876095006,0.15387169202669732,1.4224608222551045,15.169406441454354,55.96393699722664,17.76274998869697
409352600,0.08278040117408647,0.15455230111718404,1.4251990881416379,15.123101435655384,56.01510673742398,17.86363780323296
409359550,0.08311886092710477,0.15516549036923094,1.4272603997409976,15.088474560967013,56.02878821515534,17.94344786424047
409366500,0.08318895045083465,0.15544737971859865,1.428090201904872,15.074590571972415,56.025705581583324,17.976897337327397
409373450,0.0839231796849158,0.15683922196618338,1.4327377687426575,14.997409924722858,56.05253804031065,18.156989877836235
409380400,0.0831947224768054,0.1559651533390427,1.4294451761915168,15.051987484502325,56.006568578701014,18.033633890054222
409387350,0.08289329272998402,0.15551097257548732,1.4278449843269527,15.078690178211394,55.99101199698185,17.972570944307698
409394300,0.08232686144573785,0.15515625521118867,1.4261393046088047,15.107282816427016,55.942719599941036,17.912342586285572
409401250,0.0827073710421223,0.15455396661872914,1.4251020425329834,15.12473651459711,56.00706929135083,17.861053857173307
409408200,0.08227045578605585,0.15453874386329747,1.424457757074203,15.135602933701609,55.95996121174632,17.8428594880777
409415150,0.08261432411438348,0.15469595476255232,1.4253412844532487,15.120706424318325,55.99153350132646,17.87302974390362
409422100,0.0824361222348452,0.1550152318138776,1.425923637256046,15.110907671182158,55.95998564076451,17.901109813852376
409429050,0.08231279995547115,0.15537590285948244,1.4266911776680626,15.098016956617833,55.932845192338426,17.935753558984704
409436000,0.0824356716623682,0.1553811846348737,1.4268743913907591,15.09494394280894,55.94603915627183,17.940999407963883
409442950,0.08251783757728892,0.1553924148354957,1.4270170536236166,15.092552166311075,55.95457113349035,17.945347981279525
409449900,0.08229799871041847,0.1553824206085525,1.4266877364473862,15.098074690493267,55.930984203477976,17.935901545221583
409456850,0.08241967289588312,0.15546525566980876,1.4270710545222893,15.091647069672739,55.94109827483184,17.949556505005816
409463800,0.08162584679917669,0.15455090334352214,1.4236021155491507,15.150064050564826,55.88922621246318,17.8198346593756
409470750,0.0807858317249247,0.15314337074044904,1.4188042163511623,15.231793432951143,55.85054648703903,17.634964781018052
409477700,0.07977753690580763,0.1518696944582614,1.4141422888740343,15.312265685823373,55.7880439950219,17.458819538962505
409484650,0.07772894975298586,0.15090410182430095,1.4089025095313779,15.403988962642526,55.600822075351914,17.27864840051167
409491600,0.07804996074724181,0.1496660912006924,1.4061451510521579,15.452811001824076,55.6807302337254,17.15583397787593
409498550,0.07907363759528231,0.15124296425755157,1.4115752499554273,15.357031348629206,55.73452601778578,17.364692544515666
409505500,0.08088627913103162,0.15344738715331993,1.4197282965252738,15.2159670894309,55.85012606043934,17.671834186598463
409512450,0.08152881287310619,0.1544513674847032,1.423210609352417,15.15669230783428,55.882409524918586,17.805330393494046
409519400,0.0830790423818219,0.15603234732188334,1.4294596154034223,15.051747067947643,55.99137818537625,18.036542186913852
409526350,0.08294356569917401,0.15633766601469828,1.4300677672828983,15.041629813229562,55.96492241028355,18.064655597430775
409533300,0.08293615628583322,0.1564585393227911,1.4303728555306467,15.036560685358921,55.959485584376054,18.077548750349578
409540250,0.08262381919647373,0.15683377715399824,1.4309218029190052,15.027450412415606,55.911073095838155,18.106458379488863
409547200,0.08242602295077624,0.15667915991977585,1.4302454924060921,15.038676345382784,55.89546251733107,18.082042997653012
409554150,0.08289760590036975,0.15676790443741528,1.4311272949918288,15.024043601461337,55.94342286507616,18.10978632085073
409561100,0.08307198365709355,0.15686808259162646,1.4316300943439895,15.015715849666195,55.95857918104259,18.127398066160925
409568050,0.08304552030593793,0.15683786098695005,1.4315145270567675,15.017628953149744,55.95685588665251,18.12308789822331
409575000,0.08298995028132204,0.15694756492132295,1.4317243596538223,15.014155826174447,55.94658619097577,18.132907834000175
409581950,0.08354372945833198,0.1568513080531415,1.4322406215604604,15.005619168658715,56.010662436483216,18.143703748040878
409588900,0.08351791091441611,0.15698144443029252,1.4325445602146798,15.000598999573935,56.00283835981259,18.156905495051372
409595850,0.08297697188219569,0.15688623302867272,1.4315461329086312,15.017105689234349,55.947528112708035,18.125726480847845
409602800,0.08374078804372737,0.15718277652023188,1.4333805277730576,14.986812686389936,56.01939294796055,18.18745430451969
409609750,0.08347957430390475,0.15718174110756597,1.4330146840819042,14.992842119419807,55.99094359234883,18.1772719825923
409616700,0.08340648978296938,0.15768689531176597,1.4342350543478573,14.972752650758032,55.963487204264474,18.229513003743765
409623650,0.08335178113755727,0.15774062418812165,1.4343000285898013,14.971684924688354,55.95545082764699,18.233253068912564
409630600,0.08362699669471363,0.15754353118319198,1.4341656220883994,14.973893843829249,55.99305902865124,18.222405876266492
409637550,0.08362069645536742,0.15790313615609297,1.4350984831605689,14.95857921806058,55.97846722752185,18.261359979990385
409644500,0.08363068228082822,0.15787073997700168,1.4350274635582199,14.959743773637278,55.98080934863568,18.258215843448916
409651450,0.08375581659029382,0.1578315512323401,1.4350986000892276,14.958577300888471,55.99596594797693,18.25878737661657
409658400,0.08402740692517587,0.15771065265803166,1.4351601566045742,14.957568099396472,56.030264139344766,18.25611626957659
409665350,0.08418907064237142,0.15760652543020393,1.4351133770816855,14.958335020966647,56.05193514327845,18.251012820741707
409672300,0.08381914025443254,0.1580577757306241,1.4357792859810126,14.94742699848998,55.99410597274706,18.285901143209855
409679250,0.08341560033005672,0.15793794321690957,1.4349054420739333,14.961745164277866,55.95477398587246,18.25721568397534
409686200,0.08377042050536901,0.15776169216981079,1.4349359677172309,14.961244422044501,56.00026169557751,18.251736278543795
409693150,0.08413844419251304,0.1579167654201346,1.4358545108527225,14.946196001318555,56.03439182112755,18.282903211195965
409700100,0.08356115386162304,0.15810748650395037,1.4355515562620071,14.951155147850226,55.96406601166993,18.28132036026122
409707050,0.08379238995645943,0.1582779549945454,1.4363194053617458,14.938593913472616,55.982650610715304,18.308860371470008
409714000,0.08395134364333849,0.15830623727644555,1.4366144787911395,14.933773741338936,55.998876477233985,18.318113534908434
409720950,0.08427188331305699,0.1582950202838763,1.437031622979134,14.92696603211304,56.034263140309584,18.329344189307353
409727900,0.0844274699039413,0.15818316465226714,1.4369558405973497,14.928202215591593,56.05558475136212,18.32318846793829
409734850,0.08432037972811643,0.15869869679285206,1.43815813316524,14.908619839127695,56.02384174918095,18.375253901108632
409741800,0.08396694040019029,0.1585867420914159,1.4373721695857502,14.921414059156445,55.98967439690841,18.34929098004265
409748750,0.08417052008550928,0.15864463777890636,1.4378073856862548,14.91432609502079,56.00960944156021,18.363523406682543
409755700,0.08429993724461472,0.1586995993214791,1.4381319956477243,14.909044880469741,56.02157770349525,18.374555801980375
409762650,0.08434155479328785,0.15886687765059365,1.4386292284164346,14.90096413800812,56.019594047487956,18.39441547694733
409769600,0.08415325460028375,0.15873432155668407,1.4380187959178066,14.910886049675259,56.00423494661518,18.372626644037993
409776550,0.08395226156745954,0.15865159088260775,1.4375220284737953,14.918972506618534,55.98555210746381,18.355786218295354
409783500,0.08440341074360679,0.15877161838900136,1.438465387042815,14.90362559991538,56.03005304607924,18.38644149348563
409790450,0.0841263196627752,0.1589794089079667,1.4386251570313058,14.901030259938523,55.99174706865374,18.398285331109115
409797400,0.08392058349517448,0.15900164342674944,1.4383977959032495,14.90472390161585,55.96846847856065,18.39268554225624
409804350,0.08431523338069405,0.1592252856777008,1.4395344511583594,14.886280688390432,56.00273273229308,18.432451884321296
409811300,0.08429552120764648,0.1595313846186586,1.4403124176646547,14.873689925532274,55.98861369604119,18.465029590158608
409818250,0.08403552429081029,0.1594422515382742,1.4397165259353581,14.883331598089505,55.96378561434022,18.44515263191652
409825200,0.0840708923835824,0.15942448255670294,1.4397188349400283,14.883294208076856,55.96833130214322,18.444600400576498
409832150,0.08427580774967688,0.15950823025014127,1.4402240412514522,14.875118904257631,55.98737261039285,18.461735943003962
409839100,0.08428000977034701,0.15930175708878166,1.4396865463552664,14.88381708236272,55.995905974971286,18.439407511236652
409846050,0.08393461098498846,0.160005697322365,1.4410616987872071,14.861588213186,55.93074655200355,18.502525227109402
409853000,0.08399931629103571,0.1600678855149343,1.441315364381289,14.857496733991233,55.93534760716435,18.511827986971195
409859950,0.08418607847085714,0.15990189360409282,1.441136469814754,14.86038191107204,55.962181612158794,18.50108749375001
409866900,0.08441524489963025,0.15998409880690867,1.4416716440830155,14.851754835374171,55.983907462262934,18.519028226421472
409873850,0.0844500814946537,0.16031912984989305,1.4426038614288454,14.836756815643014,55.97453615701089,18.55687503164668
409880800,0.08469231416359808,0.16039717475873094,1.443147011800899,14.828035509456146,55.997839946990304,18.57490581704152
409887750,0.084635312275607,0.16025831499492502,1.4427011864879848,14.83519314837678,55.997097453038386,18.55753937199222
409894700,0.08502394692064734,0.16042531325523146,1.4436841759051198,14.819422735540345,56.0328590764082,18.591038066441453
409901650,0.08470789721241256,0.1603791241927755,1.4431210929643057,14.828451398409578,56.0002478422863,18.573553580750467
409908600,0.08499751511407762,0.16067375350713997,1.4443029653554587,14.809516456693519,56.02017811424338,18.61706415719167
409915550,0.08469394901388061,0.16088965343237274,1.4444501491717352,14.807162572368444,55.97859885350955,18.628588789967676
409922500,0.08492013423505769,0.16085942115541574,1.4446854024452178,14.803402121424291,56.00441783402972,18.634230661872053
409929450,0.08494168257010451,0.16100247925165243,1.4450935970952772,14.796882832075088,56.001110154718816,18.65065997790325
409936400,0.08482605419252798,0.1612225931882819,1.4455146800380136,14.790165104667706,55.979816202823805,18.670047232126137
409943350,0.08468335944711021,0.16105246882255642,1.4448659835407562,14.800517183124471,55.97101489626489,18.64589019420235
409950300,0.08511222215214749,0.16070439286506588,1.4445441904633052,14.805659069188973,56.03146531039055,18.624931570714836
409957250,0.08540148477802428,0.16086085829616245,1.4453623883549696,14.792593816330001,56.056803663699135,18.653418064372893
409964200,0.0847786582924605,0.16118756676916235,1.4453560124840068,14.792695518619823,55.97604403813248,18.66436007977921
409971150,0.08465847895712908,0.16107988053457942,1.4449038990791794,14.799911625608013,55.967224156244825,18.647889793332627
409978100,0.08501648990192906,0.16079879182763568,1.444659712212084,14.80381265749635,56.01730724698358,18.6314340422452
409985050,0.08530704678384798,0.16092078839384297,1.4453883513208396,14.79217969569087,56.04413989309538,18.65621303426758
409992000,0.08506433971861739,0.161518330147992,1.4466296274403405,14.77241403286053,55.9940338942205,18.711675698572094
409998950,0.08503149655472189,0.16147016589584234,1.44645628631929,14.775170354031005,55.99236922129459,18.70513069839173
410005900,0.08501204374228433,0.16107142384433001,1.4453740591422004,14.792407658648205,56.00604471352451,18.660950060968766
410012850,0.08494347133432747,0.1616774444641953,1.446882714341599,14.768391934075671,55.974567577869436,18.72419542120781
410019800,0.08508507245587962,0.16193505558655677,1.447762888349821,14.75442501167781,55.97974075041827,18.757848071770862
410026750,0.08459463821345455,0.16206480897485695,1.4474256593635084,14.759772443723111,55.92125544441997,18.752466116731952
410033700,0.0846703016534041,0.1621921949050839,1.4478688104144657,14.752746391111401,55.92441545818541,18.769317185091182
410040650,0.08484989600430666,0.16234164524078634,1.4485149786745273,14.742516275027084,55.937988403086365,18.792706525155264
410047600,0.08477953963368526,0.1627211584823592,1.4494263164530063,14.728117606659627,55.91521809256621,18.83114258835077
410054550,0.08453462238190307,0.16252054462664117,1.4485535585487153,14.741906031341818,55.89661016901033,18.799591092741778
410061500,0.08474098351442282,0.16240143768445367,1.448522724080959,14.742393755768193,55.92377088932621,18.79486830235049
410068450,0.0850897171461959,0.16233714856572323,1.4488364484021254,14.7374332696226,55.96424159347768,18.801770132649516
410075400,0.08526148800510668,0.1627609344578529,1.4502017784930228,14.715892888868481,55.966009923426206,18.854707186531193
410082350,0.08566199691791768,0.16253033274082584,1.4501482220422235,14.716736374354259,56.018796255601146,18.845624018821166
410089300,0.08580325987945941,0.16290414428261926,1.451339131118083,14.698008189741259,56.019215483861394,18.891961454200555
410096250,0.08564416485127915,0.16250908204748904,1.450066840083926,14.718018324143952,56.0177043774376,18.842598424886912
410103200,0.08563102992398464,0.16275715004368904,1.4507074404730405,14.707934833410874,56.006357414684985,18.869070565564442
410110150,0.0856315297337323,0.16297840471536537,1.451296373246497,14.698679585131181,55.997555255088244,18.89316289982357
410117100,0.08571738683128509,0.16298388461903845,1.4514309784017225,14.69656623406324,56.0066764927602,18.89719839521385
410124050,0.08554296729903796,0.16325580123598085,1.4519108980387487,14.689037385770867,55.97680617070628,18.919782761938283
410131000,0.08595421513448409,0.16322893424482215,1.4524143680510053,14.681149256375425,56.02261858989175,18.933361243845717
410137950,0.08591912164757705,0.16371890123439972,1.4536700910941422,14.6615204091571,55.99910520017693,18.98525332515672
410144900,0.08583370630287024,0.16378604249623277,1.4537296674123839,14.66059074120743,55.98711466300879,18.98911629747737
410151850,0.08627214133110239,0.1634835257010186,1.453537974916774,14.663582552838053,56.04698886349775,18.973850326329554
410158800,0.08610770419570786,0.16391368987450575,1.4544533928320558,14.649308793469531,56.01176941032723,19.01403521394078
410165750,0.08577610221289847,0.16404867820822033,1.4543498723893125,14.650921238475224,55.970274785842726,19.015345748517873
410172700,0.0857144760001971,0.16398519411767962,1.4540944555372677,14.654901500551837,55.96613514376503,19.005963438456806
410179650,0.08539553925298855,0.1637724235590629,1.4530824314313973,14.670698393717599,55.94004221664243,18.970011858020193
410186600,0.08563735275459972,0.16408637124673167,1.4542570058806572,14.652368107244431,55.95367883772384,19.013850503516608
410193550,0.08529136496877245,0.1641283313518715,1.453887841161034,14.658123195907493,55.914412318436305,19.004473221514512
410200500,0.08513329731541765,0.1645000744458221,1.4546625697624709,14.646051960285009,55.88228144754239,19.038449130899533
410207450,0.08500630315969196,0.16482939154874193,1.455368613815287,14.63507212879903,55.855222798506944,19.069040613489147
410214400,0.08541234755400606,0.16460717126061453,1.4553360246769451,14.635578484623391,55.9082400193726,19.061328628431884
410221350,0.08516354344654033,0.16466837991816374,1.4551548902946279,14.638393654889526,55.87877362537996,19.057926688117828
410228300,0.08570004833524938,0.16461435704048857,1.4557552608914979,14.629067851508015,55.93918330654811,19.073730140364624
410235250,0.08549791971642325,0.16458490647118265,1.4553953171175118,14.634657256550668,55.91842727101519,19.06236718517814
410242200,0.08580407248338016,0.16471196604192856,1.4561612593460145,14.62276956157785,55.946533769680684,19.08853599899069
410249150,0.08594545961246235,0.1649290873858196,1.456939375510257,14.610717133323243,55.95310004117712,19.11783960733996
410256100,0.086209361982732,0.1651653402806147,1.4579403722386166,14.595248204070856,55.9721838228363,19.15420346104252
410263050,0.08601573674186191,0.16491110942675924,1.4569893200894684,14.609944361125136,55.96146151375021,19.118734180851124
410270000,0.08640521716036757,0.16528087006367945,1.4585237611757318,14.586251276868076,55.98876972087103,19.174711158042516
410276950,0.08693544019441074,0.16409866361864478,1.456110678881842,14.623553858278582,56.09439552850255,19.06759860152949
410283900,0.08688603411688475,0.1643745684396959,1.4567767127721842,14.613234642408774,56.077844872402835,19.095644819155265
410290850,0.08693511513863497,0.164509436155747,1.4572058469952058,14.606595286289545,56.077722375297455,19.112317849454573
410297800,0.0871090827801663,0.1642462737947919,1.456749516938535,14.613655652368337,56.107334885734886,19.090708482841993
410304750,0.08743885755534478,0.16402621314522342,1.4566303798971805,14.615500325041959,56.152192724962845,19.080082834880923
410311700,0.08659804523068496,0.1646153586307575,1.4570141228047973,14.609560636001465,56.03674554960539,19.110181235702633
410318650,0.08652849968582302,0.1647254605496714,1.457210631576098,14.606521303246067,56.02471799626253,19.119338146375142
410325600,0.08650025615859494,0.16464004370434182,1.4569427220494806,14.610665350549253,56.02510831872475,19.108903516433813
410332550,0.08696181117628567,0.16479836517284752,1.4580150652088546,14.59409554269037,56.068903483925496,19.14485297964074
410339500,0.08652824450787189,0.16531393559370652,1.458784673784524,14.582231920271076,56.000794814215055,19.183306392826786
410346450,0.08700592036607699,0.16544658418494657,1.4598110077128748,14.566447534841064,56.047329272817535,19.21717652009192
410353400,0.08691032941159005,0.16505729590893373,1.458634663694034,14.584542492967046,56.05277886088629,19.170937385728667
410360350,0.08727614771166206,0.16501477470986223,1.4590371038341912,14.578345818087158,56.09432389728382,19.181191454581136
410367300,0.08648256558442224,0.16543438842953764,1.4590433328809964,14.578249955415712,55.99093103533373,19.19453772234293
410374250,0.08690304977348237,0.1654932114032813,1.4597911062749813,14.566753209058664,56.03424136848157,19.218054685679814
410381200,0.08678354280014337,0.16577316255131103,1.4603734443359448,14.557815331205648,56.00983414213478,19.243614510809962
410388150,0.08728147952127899,0.16540866925447728,1.4600980964029715,14.5620397701792,56.07885582666488,19.224286551261304
410395100,0.08682411509086423,0.16551429339022258,1.459736604542383,14.56759040356598,56.0247996984921,19.217130121304017
410402050,0.08737162681628714,0.16555678186206407,1.4606219096928834,14.554005903317668,56.08262259953152,19.244084585929176
410409000,0.08752085391878982,0.16541378421850664,1.4604502368875172,14.55663770053113,56.104704691756744,19.234610239397814
410415950,0.08734446724905763,0.16553109591991513,1.4605147695331744,14.555648258489606,56.080715429486666,19.24018038666018
410422900,0.08729343088282562,0.16570862427686353,1.460918152998001,14.549467139212574,56.067912479389655,19.25741355612173
410429850,0.0869918101304105,0.16580127740214903,1.4607414891710127,14.552173400885406,56.03132488093737,19.255171317151884
410436800,0.08766774824494836,0.1654938949927619,1.4608726582388631,14.550163942416267,56.11742908183418,19.249332281728893
410443750,0.08701157337502209,0.16556823231829865,1.460144765765112,14.561323548995446,56.042984251858165,19.23063747614103
410450700,0.08750272736670685,0.16558999510326408,1.4608961857618892,14.549803581847534,56.09553561793241,19.253053954619144
410457650,0.08726168109066547,0.16626298141338167,1.4623600077861683,14.527425732261205,56.04178106008069,19.316404612552937
410464600,0.0872877225099961,0.1659664967207787,1.4616012693224438,14.539014256002448,56.0567499053538,19.28523113964151
410471550,0.08740486119272635,0.16584851256689168,1.4614503080632903,14.541322647434587,56.07431812771412,19.277187807532123
410478500,0.0876309245214012,0.16610572506454133,1.4624593839625146,14.525909592131889,56.08838601407146,19.314429602461505
410485450,0.08727103781292359,0.16644154559388424,1.462852663308632,14.519913290131887,56.03547944477923,19.336199263676097
410492400,0.08759069763708663,0.16650442797359158,1.4634724353023147,14.510475945369926,56.06765466551439,19.35615312211856
410499350,0.08730537182103679,0.16671983615121413,1.463648839278224,14.507792561092664,56.027790297345724,19.36785347484552
410506300,0.08746137061962414,0.16661392523867163,1.463584009924087,14.50877857739239,56.049095709555665,19.362748639121467
410513250,0.08833455614597333,0.16764623706250936,1.4675965554859538,14.448057040733936,56.10147966417921,19.511010242165206
410520200,0.0881180769947396,0.1671549096948461,1.4659670264591305,14.472641593036695,56.098241233582,19.448616629807987
410527150,0.08767268772077465,0.16657398183169622,1.463775094673061,14.505872760977216,56.07371514823855,19.36708554277659
410534100,0.08775697858992723,0.16686130816201286,1.4646662994605237,14.492339019496029,56.071066537459146,19.401800293547208
410541050,0.08790644906804335,0.16706763459393573,1.4654325112424436,14.480728048844556,56.078822477028275,19.430394978277008
410548000,0.0877746415824636,0.16723452181996992,1.4656951681594252,14.476753043968946,56.05761030612944,19.443105348093237
410554950,0.0876054129183405,0.167450525289899,1.4660380444278605,14.471568022085934,56.03030928404854,19.459597018274856
410561900,0.08763248740356307,0.16755565067693537,1.4663594857830964,14.46671125944295,56.02891099435147,19.472134777867375
410568850,0.0873954635744114,0.16758380399283013,1.4661016903558026,14.470606058740573,56.00200746365836,19.465407997218175
410575800,0.08719771158880618,0.1677024192538526,1.4661438735513797,14.469968575525169,55.97564726943444,19.470122560725983
410582750,0.08741386670354487,0.1675453118242988,1.4660237954069995,14.471783407393836,56.00559403077199,19.461987925293307
410589700,0.0873545669296179,0.1676246115976733,1.466154237843891,14.469811958188867,55.995883292532014,19.468150635552217
410596650,0.0874260756832703,0.1678499348848545,1.466862587909449,14.45911770992096,55.9943400998752,19.495563712548453
410603600,0.08758433924359345,0.1682602411754947,1.4681930258270663,14.439083612844408,55.99453809868469,19.546646677441547
410610550,0.0873077557056018,0.16814362059721596,1.4674894408331574,14.449669938731354,55.96935602525707,19.5225403807581
410617500,0.08746704055277936,0.16846864119716262,1.4685915121593396,14.433096273559611,55.97317253286877,19.564396217293535
410624450,0.08768664732034553,0.16829939166428887,1.4684427589713258,14.435330612031708,56.004019523976204,19.555136343728375
410631400,0.08759284118567458,0.16851622748200326,1.4688969227316222,14.42851151606267,55.98484627119293,19.574776777388298
410638350,0.08792287398702506,0.16847719434992986,1.4692560983125682,14.423124194511223,56.02228631005941,19.584240001902735
410645300,0.08773627952585686,0.16871448149239798,1.4696348983042673,14.417447837949,55.99217699431755,19.602243060320856
410652250,0.08790413582541615,0.16856388771827632,1.4694640193317565,14.420007801959166,56.016651176301465,19.592873498359758
410659200,0.0874872912476938,0.16863832949522553,1.4690789443208625,14.42578073693478,55.968329457610054,19.583641836139957
410666150,0.08755571920916745,0.16911104163974147,1.4704549940437222,14.40517726759482,55.95610353672077,19.637743821083497
410673100,0.0876142385073889,0.168993717664064,1.4702192735270656,14.40870159464435,55.96732985123957,19.62745779065969
410680050,0.08790086713063557,0.16915544421754436,1.4710603776477733,14.396135622493286,55.991683907410724,19.656931717850345
410687000,0.08762521608962016,0.1696879860820471,1.4721174162661814,14.380381450845174,55.93958808442999,19.703169865525744
410693950,0.08765911662350646,0.16975731026670257,1.4723531870921887,14.376873236453736,55.94036643230246,19.712096631753212
410700900,0.08766242649896365,0.1696868005008257,1.4721663773515392,14.37965274978005,55.94366947291217,19.704594909084985
410707850,0.08823416402510392,0.16962032303014107,1.4727902675143902,14.370375096508436,56.00843666246145,19.721275530554145
410714800,0.08783986819699763,0.16969414988697723,1.472435422560473,14.375650082605114,55.96259301369218,19.712802077565065
410721750,0.08778859807526519,0.17013462852926933,1.4735600100998743,14.358948598609016,55.938616560351896,19.75838839261438
410728700,0.0879380594865802,0.16961008186881155,1.472345325101345,14.37699018741056,55.97674985213483,19.707790030677938
410735650,0.08799536548571524,0.16978891866631027,1.4729113058551382,14.368576866504913,55.975488693582435,19.729574773487972
410742600,0.08782375251606378,0.16986528426319777,1.4728774494895192,14.36907980504998,55.953694049026005,19.730676399453863
410749550,0.08772017051827374,0.1703452232818727,1.474036844250544,14.351881294562826,55.922385512525416,19.778330976505675
410756500,0.08779476829543954,0.16998227816046835,1.473154588622066,14.36496414596939,55.94566053480375,19.742141475411067
410763450,0.08801827193299767,0.17009598130270803,1.4737775434934912,14.35572341872911,55.965120739089784,19.763818332390088
410770400,0.08775314609417438,0.17048959520745255,1.4744759517038746,14.34538063759943,55.919904409731146,19.79534547026385
410777350,0.08768955592034183,0.1705098073983507,1.4744419102437571,14.345884339519596,55.912172362623885,19.79486722736137
410784300,0.0877665048275457,0.1704294146521103,1.4743308722683632,14.347527636658825,55.923874158920555,19.789389411946395
410791250,0.08770339182472005,0.17066154870207534,1.4748744997593821,14.339486635959078,55.907304905172666,19.81187314740848
410798200,0.0877793258746682,0.17091837010557384,1.4756806229248942,14.327583137603941,55.90473755408621,19.842857811306335
410805150,0.08759451468673828,0.17107636021550132,1.4758530262234981,14.325040491103811,55.878101805092186,19.85218258209237
410812100,0.08754283494613979,0.17082147568881317,1.475085761891176,14.33636473723864,55.88321863285642,19.822440274747727
410819050,0.08764267532038114,0.1712740784536866,1.4764598626552514,14.316099446236683,55.87499400443938,19.875592094103826
410826000,0.08807995281609338,0.17117070525311875,1.4767900520057347,14.311240183725973,55.926659037146024,19.88281866210399
410832950,0.0881071786923829,0.1717586450249317,1.4784333407272658,14.287116117739636,55.904802067728724,19.947591295545962
410839900,0.08818936259350604,0.1717190394628884,1.4784403819256744,14.287012963188761,55.915367010429264,19.94677879512604
410846850,0.08818407553607951,0.17173293097531941,1.4784709178685744,14.286565628272038,55.914207969200156,19.94805846056486
410853800,0.08834859966810567,0.17187543917561024,1.4790913193371222,14.277484454208242,55.925985134616845,19.97043519978509
410860750,0.08807053589124648,0.17190092172825686,1.478770901572956,14.282172840650777,55.894825443742896,19.961432124383464
410867700,0.08794721583448879,0.1720642626782328,1.4790450587647828,14.278161112640376,55.8745840790793,19.97387932168786
410874650,0.08821636088154851,0.17215352374395024,1.4796661643294033,14.269082632243059,55.89990831898952,19.99492160103005
410881600,0.08829670545853248,0.17191567363756685,1.479128411266327,14.2769419628329,55.918667566232756,19.972593270709297
410888550,0.08784598133750729,0.17210310756252464,1.4790098579929565,14.278676050405076,55.861998674868204,19.97379671849693
410895500,0.08804424683106865,0.17231530259732591,1.4798679170498767,14.266136702281468,55.874447056764446,20.005123404853872
410902450,0.08795884810323262,0.17231816747222684,1.4797563365294333,14.267765783317703,55.865095589465284,20.00181596335866
410909400,0.088064254010299,0.17216730062013755,1.4794907710933831,14.271644871125615,55.882877242634336,19.9899710444771
410916350,0.08800878204340233,0.17231495834363772,1.4798173661036222,14.266874692541085,55.87062831365685,20.003583969325827
410923300,0.08837251948342431,0.17240038804504645,1.4805608697088886,14.256029672054407,55.906333349448175,20.028238898115276
410930250,0.0883666012795294,0.17247869687062817,1.480766992174627,14.253026638574731,55.90237066549798,20.036456445685918
410937200,0.08857327535334693,0.17212521260064725,1.480090050852718,14.262894883446169,55.93972232597908,20.006981071662224
410944150,0.08851364422806729,0.1724461090517702,1.4808842337916934,14.25131921106612,55.91965745885059,20.03917303337602
410951100,0.08823961391598961,0.17273561667292114,1.4812929516539157,14.245370804811099,55.877734295073076,20.058840024780356
410958050,0.08825524009926358,0.1729530768278285,1.4819111970795333,14.236384424477237,55.870180926916845,20.08300386351841
410965000,0.08828684082314892,0.1729279710629036,1.4818865728258588,14.236742082008043,55.87466317628524,20.081634783656625
410971950,0.08833786066158389,0.17290278071250575,1.4818889503381905,14.2367075486313,55.88124801020904,20.081082032825154
410978900,0.08839818178136481,0.17322081469805808,1.4828461693959525,14.222820446333502,55.87423024315733,20.11801649769306
410985850,0.08835274368395514,0.17342705216408513,1.4833489637246673,14.215539193911738,55.860532170121665,20.138359335357755
410992800,0.08885679927951388,0.1730493204950739,1.4830197771072462,14.220305310380166,55.931117369114105,20.11901956302109
410999750,0.0886746765788062,0.1731312232114058,1.4829882461257133,14.220762034170242,55.907931565890976,20.120114374697447
411006700,0.08834522815329424,0.17309850608773053,1.4824362569042266,14.228763328557417,55.873716950634076,20.102546275259993
411013650,0.08848813809145942,0.1727771726097496,1.4817553233586933,14.238648796779511,55.9028340011293,20.07389370859413
411020600,0.08865956078209226,0.17296935997836746,1.4825230202589377,14.227504936540406,55.91319243853107,20.1019688373315
411027550,0.08867760269279189,0.17286524353237254,1.4822629296428178,14.231278029375298,55.919575950890604,20.09147733633948
411034500,0.088703045054117,0.17305442258300308,1.482817435731073,14.223236828535432,55.91427148192621,20.113019137315806
411041450,0.08865566030101736,0.17340485419719429,1.4837126481762475,14.21027810838005,55.89420689960514,20.148881940517363
411048400,0.08880649526905054,0.17344190845455845,1.4840263439748023,14.205743957110412,55.90892884619423,20.15932581398925
411055350,0.0885972300749444,0.17356759047683004,1.4840777092583066,14.205001859108439,55.88094637872609,20.163972885306357
411062300,0.08828075286653801,0.17299498343618108,1.4820618889024397,14.234196160767354,55.871155335365025,20.088616996071554
411069250,0.08846864586722969,0.17339463770761748,1.4834222481997876,14.21447867501405,55.874434519897406,20.13980005497706
411076200,0.088825638362699,0.17332047169858114,1.4837198572077823,14.210173869780272,55.916182538535054,20.147014107272724
411083150,0.08875761382349745,0.17340212436703636,1.4838483770058923,14.208315856179677,55.90534326109578,20.152938210379915
411090100,0.08861536214046559,0.17373050955924196,1.484550964197804,14.198168950219042,55.875945651336814,20.182348071252303
411097050,0.08895446091545778,0.17408671658131955,1.4860069203208102,14.177197599409602,55.897335904673355,20.235343582142193
411104000,0.08897273681283216,0.17417373837938627,1.4862721072040719,14.17338597642974,55.89558006895876,20.245529199574413
411110950,0.088804897657162,0.1748182084255276,1.4878124898361322,14.151294562623999,55.84978665683173,20.3079121233131
411117900,0.0887106220520995,0.17419832104567048,1.4859717386753557,14.177703464204745,55.86621521350407,20.236949307123783
411124850,0.08883718598070585,0.17431367888313007,1.4864669820094973,14.170586557117579,55.87493718932581,20.254832088220954
411131800,0.08870010708982795,0.17419210073788227,1.4859398670227657,14.178161773546972,55.865346322809266,20.23582710234262
411138750,0.08892449324559554,0.17422827753983305,1.4863544307356407,14.172203217244029,55.88802957997665,20.249352407164835
411145700,0.08888925588062954,0.17427884270409497,1.486444154862527,14.170914404752908,55.88205485640441,20.25330301789089
411152650,0.08916886032554971,0.17466221225741313,1.4878934359943252,14.15013598032446,55.89579027853305,20.306720085796027
411159600,0.0891369448573705,0.17472207754315172,1.4880135665688485,14.148416975239002,55.889768216757595,20.31181327306948
411166550,0.08902424851712715,0.17489228425375894,1.4883246097768092,14.143968462103606,55.870276143859314,20.325342797803234
411173500,0.08850143322486441,0.17473987135950111,1.4871716381028863,14.160475196945605,55.82041119618392,20.286422506457303
411180450,0.08862799869655169,0.17437077078300758,1.4863309621828682,14.172540370396973,55.849903780716325,20.252025828260276
411187400,0.08848482867776421,0.17414656256350206,1.485512936980681,14.1843044270423,55.84405505958172,20.221691241485715
411194350,0.08864528974504195,0.17412873422207434,1.48568855464235,14.18177686524222,55.86214154906564,20.22663678867685
411201300,0.08847492144539867,0.17469366688865098,1.4870071069980613,14.162834546426083,55.8195349672816,20.280300593812917
411208250,0.08871903630480718,0.17458208279431717,1.4870409198891594,14.16234959721773,55.85066432015153,20.278739684455076
411215200,0.08925304982316434,0.17489725895723787,1.488660029339904,14.139175117327127,55.89476742422218,20.335730530653528
411222150,0.08897384143443049,0.17501535715838912,1.4885934864297523,14.140125741998727,55.85953731939812,20.336457475323783
411229100,0.08881782155815458,0.17522624831841982,1.488957161170299,14.134932213718061,55.83362076630118,20.352492346311788
411236050,0.08912495610139855,0.17514964822168338,1.489176410288217,14.131803416279,55.870062334209855,20.35746209016653
411243000,0.08901469567592286,0.17481247497328914,1.4880910272079024,14.147308822781975,55.872678862700724,20.316315681703795
411249950,0.08908124056648266,0.17505186142543688,1.4888450367927317,14.136532934919524,55.86955736664188,20.345022970920958
411256900,0.08922828902415089,0.1755679784612991,1.4904773938520235,14.113272169513998,55.86316086448333,20.407068997110628
411263850,0.08930335981713035,0.17548718185625878,1.49035958800783,14.114947775765891,55.87475314156055,20.40159284524066
411270800,0.08932922849412037,0.17571036692202036,1.4910130001171182,14.105660066708827,55.86789758963362,20.426797161807556
411277750,0.08969094729004586,0.1758753882615875,1.4919788452441407,14.091958448299708,55.89979529576843,20.46026847587588
411284700,0.08953665623025635,0.17617070051546635,1.4925787771529209,14.083463933795386,55.87034003573759,20.485450727408328
411291650,0.08959276810239865,0.17597831381980822,1.4921252018149258,14.08988502294344,55.884736747648155,20.4671236994317
411298600,0.08943279915535106,0.1759508774106212,1.4918240668327913,14.094151989115552,55.86866302085254,20.457231637082046
411305550,0.08925310451487074,0.17638876801897702,1.4927845731496143,14.080552894939647,55.83030096202422,20.496667623363653
411312500,0.08959217692093681,0.17604247706344486,1.4923019501011077,14.087382023953438,55.88189147945145,20.474022717824067
411319450,0.0898068228222114,0.17632301889045568,1.493381340802484,14.07211968481911,55.89288064874204,20.51361498103806
411326400,0.08970901334661317,0.17621279207379784,1.4929381256133847,14.078381803023657,55.88711162079486,20.497471530424857
411333350,0.0896457772788676,0.17651480771295724,1.4936858274410065,14.067821544134906,55.86717063638374,20.52730992133873
411340300,0.089766657851665,0.17700993754319755,1.4952296801203186,14.04607725319281,55.85865696883775,20.585967785178237
411347250,0.089511319092771,0.1770665118160502,1.4950277534753662,14.048916655097912,55.828668401851694,20.58094027635984
411354200,0.08976128487086886,0.17697124067252842,1.495114680805277,14.047694151854692,55.859764023162256,20.581561149947785
411361150,0.08979581131564175,0.17699295257212924,1.4952235795851663,14.04616301585426,55.86254077565384,20.58540697967279
411368100,0.08986419444980208,0.17715703542445912,1.4957755491018505,14.038408428783704,55.86275927216646,20.6060815101904
411375050,0.09029031233958847,0.1772847400172508,1.496731800955729,14.024998566865284,55.90314303224582,20.63846459387164
411382000,0.09019088973833968,0.17754987669096378,1.4973280358887182,14.016653006419087,55.880822991697556,20.662715787388688
411388950,0.09033631144974973,0.17752283493841664,1.497458393285325,14.014829979000936,55.89769089703933,20.66616326241992
411395900,0.09039329100201195,0.17770495417740767,1.4980453259021425,14.006628910726812,55.89586148530767,20.688303006860668
411402850,0.08996624176519998,0.17778277393015743,1.4976590468365412,14.012024990335659,55.846413601214216,20.67799007487744
411409800,0.08971296209043851,0.17779574770406098,1.4973389042154377,14.01650099270761,55.81855973335148,20.66830479313853
411416750,0.08956137066794347,0.17776656974380212,1.4970448728716559,14.020614971009138,55.80351075991883,20.658533775572504
411423700,0.08996425744221993,0.17734760873909916,1.4964460350620552,14.029002719737466,55.86522860554559,20.6309975133966
411430650,0.09007178296639272,0.17798366538781987,1.498366987712862,14.002139323030828,55.84898683300318,20.704260293786643
411437600,0.08993194396633077,0.17768626982434155,1.4973422047161755,14.016454829870428,55.84694075513052,20.66608969560558
411444550,0.08993618756302975,0.17781526241898185,1.4977071521455956,14.011352715145975,55.84175296794009,20.680175193959588
411451500,0.09003312368706236,0.1780378704404402,1.4984634810243334,14.000793197418805,55.84244546546056,20.708406078726963
411458450,0.09026319943960033,0.17825904187477662,1.499404007684251,13.98768877290842,55.857531361129226,20.74233130289994
411465400,0.09022947973916544,0.17832384003134902,1.4995370309156308,13.985837740933022,55.85105226211489,20.747832217433892
411472350,0.09005925984022284,0.17864704276422433,1.5001987042992448,13.976639267219014,55.81851624976195,20.775160582873337
411479300,0.09022653617682042,0.1784714212665432,1.4999443428183832,13.980173629804103,55.844250600385266,20.76360169724005
411486250,0.08997440424219541,0.17831629518401204,1.499156703900229,13.991131603240252,55.823908449198115,20.735820381886487
411493200,0.08982377249846138,0.1784002302537191,1.4991790446818691,13.990820502811317,55.804007058487045,20.738246781959926
411500150,0.09010887489282106,0.17878238694268098,1.5006463269042536,13.970424768452009,55.81790439130191,20.791913456811553
411507100,0.0901514033282356,0.17914426537680136,1.5017171303522192,13.955585455588723,55.806543195707924,20.832735822410623
411514050,0.08993225148098058,0.17910220824528242,1.5012916060378398,13.96147786249463,55.784817866588405,20.818553903885576
411521000,0.08987675190107919,0.17950498519201016,1.5023405511314847,13.946963522131625,55.76109360209896,20.859420502213283
411527950,0.0900248097672796,0.17959352630309844,1.5027961102400926,13.940671242544123,55.77310327909151,20.8754752984592
411534900,0.08991281576616063,0.17957559997277325,1.5025888161556313,13.943533583464877,55.761854149652464,20.8686032966671
411541850,0.09000188324861706,0.1795930367161296,1.5027625654038317,13.94113433744242,55.770659856366265,20.874410231624005
411548800,0.08998930992507019,0.17933849919051784,1.5020325171424826,13.951222037449767,55.78054068206777,20.846484130776012
411555750,0.08983215663685444,0.17939346617751745,1.5019658958155455,13.952143478134042,55.761218177182634,20.84546455284019
411562700,0.08983219186481199,0.1795445432857598,1.5023888622970591,13.94629591327153,55.754558160767644,20.86170668271108
411569650,0.09003482019236846,0.17988165170543458,1.5036172690236098,13.929346497115507,55.76144656849376,20.906891953292707
411576600,0.09034367273557686,0.18017440750698435,1.5048717828943852,13.91208803382954,55.78168521006162,20.95203637524194
411583550,0.09011383370779316,0.1802884318648783,1.504868867326654,13.912128083813364,55.751929185242744,20.954104135011256
411590500,0.09023163046152871,0.18018300289197942,1.504738426604617,13.913920180054824,55.76926022557336,20.947994631617174
411597450,0.09027659437835789,0.18059785586853402,1.5059659351676034,13.897077695018748,55.75568933711395,20.994568922990894
411604400,0.09012200444231121,0.18042533215429102,1.5052645785378165,13.906694897077593,55.74673772964578,20.96917429837367
411611350,0.09045585366428617,0.1806421151156246,1.5063421205546306,13.891925933006366,55.77298471986428,21.007287836292107
411618300,0.09104705628939354,0.18063535957687257,1.5071570264574528,13.880781767815565,55.83685626368783,21.032858433388608
411625250,0.0903394293995548,0.17922967404196335,1.5022205997090992,13.948621456443746,55.82301221688946,20.85022105910602
411632200,0.09073444700105379,0.17971500515380248,1.5041355595129724,13.922210072699928,55.84407915468858,20.91992726222455
411639150,0.09217499185902442,0.18103906021479355,1.509893887847698,13.8435110980013,55.94029069639956,21.126682449333746
411646100,0.09094784188637933,0.18090265966169997,1.5077673583513,13.872449324879074,55.81427851611496,21.05719044050335
411653050,0.09037379650391256,0.20174030496581966,1.5675847738368656,13.10988110266,54.781282713870155,23.238785171492538
411660000,0.08606278262853206,0.2294800454657527,1.64931374211202,12.213575955883691,52.92754247337792,25.844025910664637
411666950,0.08411587876996235,0.26770403929014597,1.7801260180269627,11.037994396319238,50.590322996968304,29.40157510714765
411673900,0.08193579005856823,0.31640874151126364,1.9710860280572189,9.713150429264603,47.36019865528558,33.55497098810854
411680850,0.08568840199658592,0.28220030680258484,1.8365692100263409,10.605830163228083,49.85898759543458,30.82126158955486
411687800,0.08692397346329887,0.2452388888752609,1.7033901729068037,11.69424868559117,52.150929676464024,27.436248202081135
411694750,0.09032833524684238,0.21519650453550132,1.6088728197701547,12.638526413397958,54.103810491193315,24.627321037431805
411701700,0.09049801693837412,0.18897175934267066,1.5301204066266525,13.575333340235344,55.40011289275885,21.89950669619504
411708650,0.090361704966339,0.1820602815416915,1.51020249370079,13.83932359427196,55.6996534942859,21.155341391290936
411715600,0.09055123635205237,0.18231994523124614,1.5112011770409737,13.825793222763627,55.7083575793142,21.191674269850488
411722550,0.09032127693539037,0.18252312497555487,1.5114531227534655,13.822384833875109,55.674598785518825,21.203153939768406
411729500,0.09106405723069941,0.18230544421905034,1.511881344015387,13.816596376293074,55.76403652768803,21.21311167741321
411736450,0.09097965799221555,0.18246002896593252,1.5121988422651527,13.812308372893733,55.74803900562411,21.225916922210644
411743400,0.09081252087249954,0.1824279499549266,1.5118730876864228,13.816707925653732,55.731543803152725,21.214974055833597
411750350,0.09063098691129344,0.18233544994723916,1.5113568572750966,13.82368690036909,55.71621677082905,21.196910906561403
411757300,0.09047335836357556,0.18294700634063393,1.5128647787052167,13.803324889595505,55.67187763667763,21.255401197749517
411764250,0.09074167422845751,0.1831816003430758,1.5139048016758825,13.789323039017606,55.690081506597465,21.292604886890082
411771200,0.09096159310392393,0.18327986369258317,1.5144918156437828,13.781435116733524,55.70922855263025,21.313041179776164
411778150,0.09086596372768027,0.18325761810032343,1.5142944836174488,13.784085529554496,55.69997987382886,21.306348428393747
411785100,0.09096386374573415,0.18299026644517058,1.5136753334124835,13.792409439159744,55.722512528063895,21.282092059046583
411792050,0.09086366141081711,0.1834078358091848,1.514716750720069,13.77841545393872,55.692964761290796,21.32234419009882
411799000,0.09109048069555022,0.18331534322746101,1.5147735323298748,13.777653434991116,55.721447804654275,21.322654322781524
411805950,0.09106742734828845,0.18346472739192965,1.515164226453857,13.772412996737902,55.71223914535252,21.337630227302043
411812900,0.09122300624714352,0.18379838149596944,1.5163288669373647,13.75681987027322,55.71384837396507,21.380420462238433
411819850,0.09119664851339214,0.18397225829653732,1.5167850227766853,13.750724043603824,55.703160911953155,21.397862574168617
411826800,0.09119797889912293,0.18401583199180216,1.516910547536685,13.749047734535115,55.701332143355245,21.40259168156307
411833750,0.09144571028007473,0.18420238601809408,1.517788881186316,13.737331820194626,55.71943126921372,21.433800608952208
411840700,0.091203523785325,0.18417767019701936,1.51737776530053,13.742812626596837,55.694600950522705,21.420181377191614
411847650,0.09144622181198724,0.1840251693337724,1.5172866267581322,13.744028354388247,55.72751420114547,21.414828897534296
411854600,0.0915403688557074,0.184115586690329,1.5176759905237451,13.738836303515903,55.73351101357327,21.428786426724987
411861550,0.0911705596243607,0.18398188942595695,1.516775660778376,13.750849087231064,55.69992983040337,21.397714398810468
411868500,0.09136192039959533,0.1839615496590004,1.516987307340877,13.748022894411731,55.72135776236306,21.40419298140236
411875450,0.09131840165192781,0.18396933147742742,1.516948082765722,13.74854656900568,55.7163410975629,21.403057609304117
411882400,0.09113966878287372,0.18434746013301478,1.5177702961122823,13.737579474546255,55.68007136154142,21.435474817221074
411889350,0.09144092583194927,0.1841254195855985,1.517563654721247,13.740333784954355,55.72240591862135,21.42533479971009
411896300,0.09154250151278158,0.1840398979395838,1.5174642277090231,13.741659513951365,55.737168893999446,21.420768504940668
411903250,0.0913885064642162,0.18381912444555176,1.5166208168173159,13.75291765833043,55.730651818054945,21.390127664598957
411910200,0.09159382596801832,0.18399899913943066,1.5174206530664232,13.742240621531707,55.744524734698544,21.418708141644903
411917150,0.09151227617270773,0.18408571220744205,1.5175515774765451,13.740494802812794,55.73185299754481,21.42431091976511
411924100,0.09177609144815481,0.18431238024453261,1.5185675126174862,13.726965831263147,55.749858877907975,21.460575984383492
411931050,0.09230762159098294,0.1845565582383304,1.5200140428105244,13.707757782502014,55.79577372019312,21.51092632085725
411938000,0.09201442157221894,0.18425929190622523,1.5187541616811433,13.724483744388369,55.77783079285123,21.46570239035741
411944950,0.0921255420308045,0.18471418141493154,1.5202034796204764,13.705247080165933,55.76906722015483,21.51954656186028
411951900,0.0919492957772807,0.1848127610340895,1.5202341368155532,13.704840868471662,55.74568370369651,21.522093074578233
411958850,0.0917648701807157,0.1848742690298974,1.5201484181982394,13.705976723463575,55.72312028040787,21.520291320695094
411965800,0.09182353181192604,0.18493045867195482,1.520391098891313,13.702761553557663,55.726848152580466,21.528981654640035
411972750,0.09215224521866786,0.18486999383900232,1.5206842339092772,13.698880347801598,55.76483493618996,21.537470660756426
411979700,0.09189485723381832,0.185212942254843,1.5212958126965697,13.690791321556027,55.7216201018675,21.56249469017415
411986650,0.09217203497442251,0.185176190933879,1.52158331020445,13.686992701470249,55.752996556830816,21.571198329064266
411993600,0.09223873890971448,0.18519299939174044,1.5217256746489594,13.685112617220657,55.75937953372715,21.57604377844493
412000550,0.0923284244057456,0.1854276913689612,1.5225210128172535,13.67462065302379,55.758274786618564,21.605295642322893
412007500,0.09221470875727768,0.18560574636170857,1.5228671590746634,13.670060370100591,55.73795077414705,21.619177421707867
412014450,0.09219071293308241,0.1851635242126008,1.521573723530235,13.687119326651715,55.755576495901806,21.570692796484924
412021400,0.09188240053561772,0.18519022926183412,1.5212135478733546,13.69187872771284,55.72132118850045,21.55949374872819
412028350,0.09208676587597459,0.1855280814587922,1.5224647566456728,13.675362141056823,55.72779452991317,21.605010411517586
412035300,0.09183144446966911,0.1854359852028845,1.5218415979642232,13.683582175414786,55.70465546846552,21.583489989784976
412042250,0.09186234112412058,0.1857091342778635,1.5226638895897762,13.672737889770481,55.69549129504177,21.61414406024365
412049200,0.09173873435906275,0.18518085317260444,1.5209840523085967,13.694913378133302,55.70636075180353,21.55194194698663
412056150,0.0921228384866327,0.18564638610961148,1.5228529740666892,13.67024717800584,55.72625180967621,21.61933067317518
412063100,0.09223639454593835,0.1863208057747227,1.5249382063639192,13.642851419143467,55.70752694522475,21.69674073575116
412070050,0.09199821487148221,0.18566343547252814,1.5227253998841517,13.67192752720085,55.712126290493785,21.615460299365893
412077000,0.09193868596838428,0.18555281005009316,1.5223259410048684,13.67719222179318,55.71080581798375,21.60089497161829
412083950,0.09206369981594886,0.18580438604932265,1.5232198980674763,13.665416979505308,55.71269388797874,21.633546518069817
412090900,0.09218700045700809,0.18563296212252803,1.5229055016946513,13.669555451794986,55.73373817292707,21.620826120808097
412097850,0.09216901676487231,0.18603283625969338,1.5240206249346693,13.654890373688414,55.713513617609976,21.662826156450066
412104800,0.09243328702071013,0.18606426428774067,1.5244845028968952,13.648800970790218,55.74037305681945,21.678301371083126
412111750,0.09256006015862825,0.18602369833860513,1.5245485976238462,13.647960100154435,55.75581381793743,21.67976826175483
412118700,0.0924625653475008,0.18605986240268396,1.5245134552048714,13.648421124712652,55.74371099254328,21.679172192776058
412125650,0.09234423850236353,0.18656421787088026,1.5257863796796276,13.631745706417338,55.707895807142094,21.72774276394798
412132600,0.09170533367622273,0.1863188520724036,1.5241835469726064,13.652750927650722,55.65080428937449,21.672192192203696
412139550,0.09196719708384049,0.1863989170707891,1.5247812420172973,13.64490903747641,55.675140727439974,21.692753532293683
412146500,0.09259792926424205,0.1863399709771275,1.5255051356487774,13.635425826825998,55.74535655739495,21.715386494427662
412153450,0.09205141060198008,0.1865338293641692,1.5252857252933456,13.638298496898361,55.67796056934903,21.711047183261744
412160400,0.09237846425052448,0.1863493755508895,1.5252208735898631,13.639147857193532,55.72142405417122,21.70631764326443
412167350,0.0925890700890599,0.18679126010410899,1.5267823808934986,13.618731981721853,55.723661333956585,21.763299594956447
412174300,0.09297865263143806,0.18672124005200616,1.5271355972710128,13.614124006402973,55.76860293010551,21.773737470428667
412181250,0.09215569948911376,0.18702874100509242,1.526849081193139,13.61786153983541,55.666373965153966,21.76876461983036
412188200,0.09209500642082302,0.18683919692535617,1.526220802264106,13.626065893176039,55.66859987611737,21.745707404085117
412195150,0.09203761747287219,0.18660556565559785,1.5254714087305856,13.635867308395682,55.673193018632055,21.71808693548584
412202100,0.09230226974911734,0.1867423334311794,1.5262363686786167,13.625862476846963,55.695220372966844,21.74487324047307
412209050,0.0921421969884407,0.18685775131182886,1.526340495642239,13.624501969939653,55.67279332124804,21.749860462009647
412216000,0.0921219398217115,0.18725665008849693,1.5274543877441242,13.609968345814655,55.652275576403,21.79157319296686
412222950,0.0925620604959719,0.18714315876268045,1.5277512143831462,13.606101727791003,55.70456529966198,21.799712558444284
412229900,0.09208860756973623,0.18744094618477156,1.527935765784264,13.60369899041704,55.64022448034512,21.80973143068968
412236850,0.09233589555927994,0.1878082461901992,1.5293383346268448,13.585471590855509,55.649699462879894,21.86038278870924
412243800,0.09233981934529362,0.1878074870657387,1.5293416933548467,13.585428011861708,55.65015374605999,21.860482927480927
412250750,0.09237391211081826,0.18767919853698553,1.529021647809608,13.589582057724343,55.65972111100759,21.848349271089386
412257700,0.09243566446881205,0.18760777517494368,1.528903986829455,13.591110007847035,55.66961846160229,21.84356661785671
412264650,0.09251170003821091,0.18755451017270916,1.5288587261331537,13.591697874494384,55.68020566218207,21.841382647860364
412271600,0.0924313053859401,0.187784088661329,1.5294037152178594,13.584623347552194,55.66101009755399,21.86220900517306
412278550,0.09300005065534862,0.18782335822072974,1.5303220889544642,13.57272180115848,55.720003529612356,21.89270915437928
412285500,0.09284620855932776,0.18848455833560135,1.5320029707682987,13.551003068876721,55.67291165138881,21.956268351165967
412292450,0.09298977231395042,0.188311393756282,1.5317087355619339,13.554798892581996,55.69628909923282,21.944422353341878
412299400,0.09278236872608533,0.1886085942184624,1.5322693404468692,13.54756891873681,55.660334833563184,21.966556348366893
412306350,0.09292062085938381,0.18865540317943272,1.5325997928632586,13.543311476382877,55.672930273992044,21.977976486335262
412313300,0.09277635932852793,0.1885634017024923,1.532130828996796,13.54935440709684,55.661790520684185,21.96145002990648
412320250,0.09285371957271935,0.18853145744470864,1.532148481677809,13.549126823111923,55.67153761828496,21.96162782943324
412327200,0.09254002127866964,0.18834605751047326,1.5311716122051826,13.56173468900548,55.64662495840856,21.92727587638803
412334150,0.0927733613303713,0.18850965287104213,1.531971989689738,13.551402625073072,55.663964420542094,21.95556920936933
412341100,0.09281137307673532,0.1890335261301049,1.5335337191273246,13.531296337463978,55.64368743686048,22.01328164497106
412348050,0.09320719630955863,0.18915669736166832,1.534449457107013,13.519539890789163,55.680224115870146,22.044861945136375
412355000,0.09293109105321687,0.18928017483279477,1.5344139289979961,13.519995553615802,55.64498752499239,22.045184783322956
412361950,0.09307439561653605,0.1900072122151833,1.5367151102071528,13.49055747255411,55.62635301578502,22.129454473423692
412368900,0.09302521295112333,0.1901573229068238,1.5370793764029838,13.48591158019702,55.614088080257254,22.14316487885448
412375850,0.0931932618762037,0.19026955274269056,1.5376417025894664,13.478747099649333,55.62675840769494,22.16299817254848
412382800,0.09332670946994594,0.1904845806498915,1.5384527405085735,13.468429813533078,55.6309169441538,22.192184470337267
412389750,0.0933785070955262,0.19049352716610965,1.5385520681347924,13.467167552617468,55.63602212015389,22.195567397149222
412396700,0.09375162186538832,0.19027817029505437,1.5384595643664796,13.468343086544266,55.68593976106387,22.190083567422974
412403650,0.09362377598904627,0.1906811105304239,1.5394430919074271,13.455856979386152,55.65338276086396,22.227088291201706
412410600,0.09365997643675936,0.19086460861298918,1.5400257912778912,13.448472490114865,55.64862213861687,22.248364179827806
412417550,0.09345487441362789,0.19074331746066953,1.539383356974911,13.45661454057008,55.63244570593025,22.225791697242435
412424500,0.09358497492935128,0.19049861206096935,1.538859891190822,13.46325751207302,55.65781041008096,22.20579500538691
412431450,0.09368105875658303,0.19082797802729407,1.5399496815446205,13.449436472253346,55.652592946185315,22.245447786406107
412438400,0.09351867238289349,0.1911831651912688,1.5407482637856151,13.439330075597606,55.61857261892041,22.27568555587313
412445350,0.09344177583131678,0.19094829748711234,1.5399584808800022,13.449325014193203,55.62142006324471,22.24703256952088
412452300,0.09375992864120107,0.19077526353022753,1.5399092235049314,13.449948968237312,55.66348532679607,22.243531152310847
412459250,0.0934417146906991,0.19106459328412811,1.540295411716523,13.44505888685243,55.615946813139885,22.259426943834967
412466200,0.09357338110224594,0.19084854743730068,1.5398562672426075,13.450619853902651,55.64014089942688,22.242580945211202
412473150,0.09334658221289183,0.19129812196135568,1.540837822655263,13.438197799030238,55.59482473927491,22.27983843127693
412480100,0.09330890654842967,0.1908421076380654,1.5394625567659597,13.455610147118078,55.61224393231671,22.229470841830178
412487050,0.09383194686047283,0.19120558948981414,1.5412582490786388,13.432885461836559,55.650918560054265,22.292825368789586
412494000,0.09358959578574298,0.19149954556667037,1.5417666190772727,13.426468586774433,55.61123227022215,22.312743645099367
412500950,0.09354084329403983,0.19207872138394214,1.5433800690704829,13.40615118017924,55.57871118072957,22.372131936593533
412507900,0.09378130117251506,0.19182303408010118,1.5429779534949788,13.41120797476125,55.61639823969448,22.35625681213983
412514850,0.09397408462085398,0.19185870683074313,1.5433555995013886,13.406458766858782,55.63525740316171,22.369165756833908
412521800,0.09421210218804557,0.1919945322839173,1.5440891401106753,13.397245330572243,55.654206423839916,22.39490061103119
412528750,0.09386460675418196,0.19180953111281965,1.5430570876946432,13.410212465457354,55.62591298290127,22.35875233836893
412535700,0.09420031453953949,0.19221512860315437,1.544713467169286,13.389415510998514,55.642506016365594,22.417857066899607
412542650,0.09439817885595816,0.19194069998491708,1.544198297495728,13.395875577868406,55.67659676511717,22.397967276055386
412549600,0.0944767139892938,0.19226274724894854,1.545246245159329,13.38274243882318,55.66971418754651,22.436032142489466
412556550,0.09395630420135788,0.19216588275067256,1.5442229993784302,13.395565654547754,55.61883653956076,22.401057534905373
412563500,0.0941293152499973,0.19228974172476115,1.5448293100987796,13.387963898253226,55.63140570561514,22.42244512721123
412570450,0.09416995957592345,0.19200570494799402,1.5440615344655824,13.397591790647338,55.649185003846185,22.394097500175324
412577400,0.09398611534996955,0.19269090710789255,1.5457932234517966,13.37589973873647,55.5971383004661,22.458384702320703
412584350,0.09412872665480608,0.19273236995724735,1.5461167134018943,13.37185679617636,55.610355639654095,22.469565746679685
412591300,0.09411236860351667,0.1926177532932966,1.5457596769714033,13.376319165566075,55.61405188764834,22.456583670802782
412598250,0.09437029888303716,0.1925573253162188,1.545951177872831,13.373925277936841,55.644396629398784,22.46238437687406
412605200,0.0941493556932444,0.19266814096316248,1.5459590132858314,13.37382735182026,55.615600508830404,22.463704733926896
412612150,0.09434109080282084,0.1931436971477835,1.5476176921672506,13.353135711158718,55.613422268396825,22.52345407105917
412619100,0.09432079371079155,0.1929018180685513,1.5468837528523725,13.362282033418072,55.62276215760078,22.49673251647684
412626050,0.09458364492061742,0.19307347672294414,1.5477588754058702,13.351377999209049,55.6425955276487,22.527517969090134
412633000,0.09412837859063812,0.19299445136673998,1.5468798738517533,13.362330412974057,55.59787311633784,22.49745229448207
412639950,0.09445555204923192,0.19291240562166367,1.547106707375773,13.359502006972372,55.636612478000906,22.50426589326573
412646900,0.09427824729005962,0.1931920071339429,1.5476690999440519,13.352495627657841,55.6044336286974,22.525607267274143
412653850,0.09461448363079797,0.19327785348873402,1.5483987726463313,13.34341826216307,55.63614785892229,22.550756047952106
412660800,0.09443819682674745,0.19344839994390692,1.5486449183643347,13.340359439440059,55.60925174770934,22.56051513908539
412667750,0.09438786160195034,0.19344217791198043,1.5485550579586849,13.341475930392193,55.604190595874144,22.55745452090969
412674700,0.09438242762075559,0.19323528047754585,1.5479436590630673,13.349078299536089,55.61346498186091,22.53517174402731
412681650,0.09460461973081882,0.19337348244021307,1.5486636362860036,13.340126902351289,55.63054042998965,22.56047015494597
412688600,0.09433177660595046,0.19340699534116093,1.548372522396324,13.34374456925772,55.59989735398777,22.551038369250108
412695550,0.09442912576855547,0.19369781172338638,1.5493602273112617,13.331479839824176,55.596395250301796,22.58662603655437
412702500,0.09455189155741227,0.19389388600797547,1.550108002936312,13.322212222177665,55.60009911311591,22.613348450291333
412709450,0.09468035815170235,0.1941089824592422,1.5509199820965647,13.31216622128056,55.60348795460585,22.64237363630545
412716400,0.09481216312688956,0.19378934814085783,1.5501740096900642,13.321394897775587,55.63279454952869,22.6146547315128
412723350,0.09474643561600328,0.19408114828575215,1.5509328769452035,13.312006828366457,55.61184994578161,22.64257211072982
412730300,0.09463369452579112,0.19376930559100378,1.5498606417584497,13.325276217034236,55.61475347523743,22.60399720789564
412737250,0.09450860378691764,0.1939372003564243,1.550172925555966,13.321408321033699,55.59342489703266,22.61588932398627
412744200,0.09479100143260882,0.1937137406507128,1.5499229569387944,13.3245041781681,55.63415301622268,22.60559379505423
412751150,0.09449243918097137,0.19437006260107195,1.5514161102371353,13.306036861665229,55.571013007124435,22.66115192731602
412758100,0.09445786793593239,0.19435737368451655,1.5513297762057567,13.30710298372136,55.567944661000666,22.658148906684794
412765050,0.09484505500384711,0.19439973554982912,1.5520056064145675,13.298762709947688,55.60709329409837,22.68118969249636
412772000,0.0946485768550717,0.19461330787621509,1.5523507049842755,13.294508712051648,55.575965307281024,22.694488919343545
412778950,0.09464100933845265,0.19455607254186366,1.5521722857369271,13.296707665711903,55.57790310380668,22.68804130400566
412785900,0.09443837276300161,0.19424878441286855,1.550984227435424,13.31137213119046,55.57106547216015,22.64567150411231
412792850,0.09440188553739334,0.1941632365375421,1.5506820192306523,13.315108489105636,55.57127535667504,22.634831258247367
412799800,0.0948977192046999,0.19429767632259548,1.5517821979324617,13.3015183707471,55.61758519954273,22.672853464741227
412806750,0.09479284131622923,0.19439037515457688,1.5519036760117875,13.300019815382814,55.60198719458426,22.677692847318067
412813700,0.09490034050832172,0.19475956290763413,1.5531382163976406,13.284813227679248,55.595721149427746,22.722112731242333
412820650,0.09506766756774597,0.19463688685124905,1.5530179900651158,13.286292313379784,55.61940624088643,22.717093516318265
412827600,0.09533656553150031,0.19489912886222713,1.5541711607120514,13.272121515379826,55.63542085483213,22.757912740993408
412834550,0.09537644705785987,0.19512343096289772,1.5548857850707394,13.263357813489831,55.628873699102975,22.783696243462526
412841500,0.09524972476340077,0.19533356725300016,1.5553207103578717,13.25803088621903,55.60527932508161,22.799944355831503
412848450,0.095486718397553,0.19540117502859392,1.5558586006806272,13.251449872383091,55.6272251068352,22.818552608005792
412855400,0.09538561233647151,0.1951703609065582,1.5550365381915845,13.261510826976437,55.62758960800241,22.789129895147695
412862350,0.09535512012962144,0.19528611501236556,1.5553323764911864,13.257888070372276,55.61877238582304,22.799973990410543
412869300,0.09521299649428837,0.19560340721929892,1.5560603943909062,13.248982953820496,55.5883740089645,22.82685940323494
412876250,0.09534984437452003,0.19521350286126832,1.5551118138275857,13.260588798781825,55.62170784854697,22.791996927307693
412883200,0.0954041783086516,0.1950657669445771,1.554756475249686,13.264942569194327,55.63459933405715,22.778895989651954
412890150,0.09550933906196536,0.19553055196625727,1.5562707805731653,13.246412153031022,55.62339240995282,22.833403494789145
412897100,0.09563153237114583,0.19581881061229547,1.5572926717165803,13.23394203783687,55.62247127698345,22.86995559853855
412904050,0.09569997937900482,0.19552030012547772,1.5565143177158614,13.243437744150249,55.644165349170045,22.841511052262117
412911000,0.09563467464445483,0.19603377962992388,1.5579290251868956,13.226190692262225,55.61241511546275,22.89296187112126
412917950,0.09565021667935414,0.19536733462521005,1.5559939594292052,13.249794997716213,55.646250187377355,22.822835470219783
412924900,0.09534928493336678,0.1957333670215844,1.5566371358008195,13.241938322756994,55.596591317556225,22.84724482096397
412931850,0.09566929012708907,0.19619260566765098,1.5584457849909907,13.219904022065634,55.608411312794594,22.911518064879164
412938800,0.09570292025039656,0.19616662973344753,1.5584176258053217,13.22024641161307,55.6132428200512,22.91038461051577
412945750,0.09561195822839827,0.19578904640412131,1.5571771362673366,13.235350517648936,55.6218277629277,22.8658451704589
412952700,0.09573421555828002,0.1965172476672771,1.5594944041956766,13.20716874237765,55.59958790856563,22.949160222181856
412959650,0.09543638049107138,0.1963409064531239,1.5585485107241626,13.218655150847045,55.576488969919055,22.916004023846924
412966600,0.09525554405176911,0.19636479760520004,1.5583603230471959,13.220943224894878,55.55612973324045,22.909792831316356
412973550,0.09530089588764344,0.1964216915681372,1.558592645227823,13.218118678806972,55.558192639133644,22.918027289743982
412980500,0.09559445576256294,0.19654426608976422,1.5593736249985082,13.208634100031752,55.5834319067471,22.945257542452822
412987450,0.09549225512680395,0.1966808860373044,1.5596298047605155,13.205526448722978,55.5659584552985,22.954813114702663
412994400,0.09560228121933192,0.19706198829649507,1.5609109649245967,13.190010995395268,55.559150326514555,23.00060649674896
413001350,0.0958302510087446,0.19703136812089053,1.561147296972554,13.187153621988418,55.58483944544126,23.008428884033652
413008300,0.0956771128037045,0.19726628408108185,1.5616209996046502,13.18143073367618,55.55716647737005,23.02592390830317
413015250,0.09537471270192213,0.19744357681615254,1.5617123205775116,13.18032814488819,55.51647119593988,23.030032189538122
413022200,0.09563789309494469,0.19737363896597582,1.5618818395469611,13.178281990466925,55.547785433997284,23.03540842417798
413029150,0.09579817603798833,0.19722118470986258,1.5616613253961666,13.180943822233802,55.57220828253975,23.02702277096226
413036100,0.095723197817194,0.19724472028673298,1.5616233455748108,13.1814024062271,55.56310563130847,23.02587569711538
413043050,0.09559946746828835,0.1976240759150377,1.5625667789842113,13.170022185808916,55.53152594749127,23.060103952941347
413050000,0.09600503985377033,0.19772501892981226,1.5634460984876364,13.159436279115447,55.56963373981655,23.09056880830624
413056950,0.09573494066603143,0.19729491108538877,1.5617883280233107,13.17941061480955,55.56191165648306,23.03177343776765
413063900,0.09594416502992911,0.1973672300114011,1.5623018288229709,13.173215811108236,55.58060137879378,23.049628165676626
413070850,0.09580892737296502,0.1976287634567294,1.56288041932917,13.166244034533804,55.55351557067918,23.070799294817366
413077800,0.09616698355267218,0.19753862478039141,1.5631280157191974,13.16326327013303,55.59590988781449,23.078677634132003
413084750,0.09592245053448073,0.1975132254415166,1.5627018069181908,13.168395307400807,55.57118868087014,23.06406790256089
413091700,0.09586479641533414,0.19769684221361103,1.5631616823650556,13.162858087439165,55.5561264324214,23.080743664502428
413098650,0.0960214390604906,0.19802144214502182,1.56434616815701,13.148621416604529,55.55691282538287,23.1228184043818
413105600,0.09608699952597727,0.19831463284448372,1.5653080102448456,13.137087558525272,55.54954382951027,23.157116913325808
413112550,0.09601893400670934,0.19820768429491606,1.5648937345202585,13.142052377142452,55.54755218192139,23.142449203831802
413119500,0.09617627699204362,0.1982675703395042,1.565296816258147,13.137221652628433,55.56131306184094,23.156490065303064
413126450,0.09626488011235863,0.1982951964780882,1.5655058932191699,13.13471762957265,55.5693609037168,23.16375307520568
413133400,0.09622615071331439,0.1984131701022463,1.5657995804139082,13.131202174440997,55.55948199469547,23.174372077095537
413140350,0.09613158278900633,0.19819242018915623,1.565010186480144,13.14065632914154,55.56024546803675,23.146334274657903
413147300,0.09629612530208398,0.19843314784802718,1.5659592910276117,13.129291362586699,55.565926144843274,23.179915032914828
413154250,0.09628572819485309,0.19867725004812642,1.5666676126506593,13.120824777131263,55.552871335620054,23.205292719075615
413161200,0.09638391500919763,0.19846902470387362,1.56619177909231,13.12651100182503,55.57348221864613,23.18801800738166
413168150,0.09656875777851663,0.19849821609038623,1.5665443415163944,13.122297311174862,55.591663776251444,23.200168329427015
413175100,0.09659150992189407,0.19848878552736,1.5665491981151194,13.12223928932464,55.59454021149855,23.200282347455296
413182050,0.09655670578066546,0.19892363349550282,1.567787820223979,13.107461248458081,55.569524203533234,23.244705534180316
413189000,0.09665282820212202,0.19890502175057084,1.567871068627876,13.106469420980174,55.58063221680351,23.24744971053183
413195950,0.09653700703228119,0.19907231311583856,1.5682005389599825,13.102545828921834,55.56013649815403,23.259503387608067
413202900,0.09630847722292392,0.19883579218959804,1.5671703492820925,13.114823389063826,55.54751375625821,23.223216089131235
413209850,0.09643410868878119,0.1991429311389119,1.5682621342874334,13.10181261154259,55.54576121883623,23.26193635740859
413216800,0.09655622911430217,0.19909774553435805,1.5683036696210177,13.101318238756917,55.560925436377076,23.26314370433816
413223750,0.09661657969172635,0.1987614674916513,1.5673932332557288,13.11216480273388,55.58383168622306,23.230443306324872
413230700,0.0965129421558696,0.1990801530786761,1.568189179046317,13.102681065465049,55.55720025027176,23.25915285884036
413237650,0.09679190731623025,0.1994448108363294,1.5696735321736572,13.08503818555476,55.568847220216796,23.31152580960909
413244600,0.09657247582707801,0.19943664455836296,1.5693332887555305,13.089077321998808,55.54599100420564,23.299863828851947
413251550,0.09684922623230463,0.19942731419945786,1.5697042139913275,13.08467409693337,55.575785428932086,23.312492159814926
413258500,0.09654988243761305,0.19907587166919802,1.5682296266507227,13.102199563282948,55.56132680437291,23.260512937712317
413265450,0.09647101419847617,0.1995976228140939,1.569665800697313,13.08512993561144,55.52732239886463,23.31192803301689
413272400,0.09642337141651147,0.1994616482738199,1.5691932428521844,13.090740707635826,55.528963255088,23.29518082432601
413279350,0.09628257332533648,0.19991016320946114,1.570324980057829,13.077312860642374,55.49198718886678,23.335746057056742
413286300,0.09598630350430781,0.20003439295700212,1.5702708014559585,13.077954937284737,55.454526454882426,23.334305957687494
413293250,0.09626393514983708,0.2003153146511029,1.571504850245428,13.06334854573603,55.47005177884925,23.377695579572944
413300200,0.09653484526268785,0.20044183286743028,1.5722703500415574,13.054307330676327,55.492468559495634,23.404448573252537
413307150,0.09604354416980349,0.20049282115370112,1.5717187904962868,13.060820236474962,55.43799445300002,23.38559653877976
413314100,0.09598703715866376,0.20072158370257578,1.5723206163917585,13.0537141588953,55.420737240935324,23.40698441711116
413321050,0.09630646709557665,0.20026150531852335,1.5714054371826722,13.06452378599127,55.47720429801835,23.374100776866566
413328000,0.09593793099352523,0.20031871779211363,1.5710488486849925,13.06874135668811,55.43541194410858,23.36198725131545
413334950,0.09617959038698881,0.1999712179635879,1.5703591780437804,13.076907614870974,55.478083113189285,23.337137028848716
413341900,0.09613699689270122,0.1998266985769117,1.5698680644474765,13.082730155848385,55.4806882937837,23.319748272587407
413348850,0.09642124049803986,0.20010951103019975,1.5711172748412283,13.067931792923154,55.49684260557854,23.363676234120764
413355800,0.09616481405523467,0.20034574068638217,1.5714536490242053,13.063953804564171,55.45806828496068,23.37602599507194
413362750,0.09638215559585527,0.20046662517996047,1.5721252325912647,13.056020157307417,55.475091241520865,23.399533013515054
413369700,0.09643357089684895,0.20035658340852763,1.5718709583288983,13.059022646752966,55.48596140626132,23.390429462834298
413376650,0.09621406573379904,0.2007271044985941,1.5726614842778457,13.049693401846959,55.44445676478176,23.418776160758146
413383600,0.09619452550290064,0.2005124093203465,1.571993059145189,13.057580667586791,55.452989412486225,23.39511495977165
413390550,0.09622470680159122,0.2008848102831441,1.5731474460568202,13.043966225164926,55.437790094482345,23.435969780548263
413397500,0.09624275814945199,0.20061161172203146,1.5723579525408597,13.053273612128214,55.45319275036349,23.40798389130124
413404450,0.09593824182845659,0.20088151928900697,1.572728488852975,13.048903383677782,55.40768750028214,23.421471175401432
413411400,0.09659924375202446,0.20119531288769107,1.5746112978769986,13.026750198932541,55.462011937212225,23.487319822044235
413418350,0.09677082809903265,0.20135558655639635,1.5753365587082988,13.018240433075556,55.47220551312451,23.51276781926226
413425300,0.09682849228579471,0.20143535978098293,1.5756578689772016,13.01447456924148,55.47434382810937,23.524061836770606
413432250,0.09688683713791443,0.20119595878167232,1.5750263488299843,13.021878638602718,55.49238846484112,23.5016420025245
413439200,0.09671083679860049,0.2014086680072684,1.5754090855288432,13.017390169665532,55.46323130077968,23.515403267709193
413446150,0.09650114011038419,0.20136112840059953,1.5749662266893414,13.02258404125817,55.44342796858597,23.499982767854107
413453100,0.09670359787691574,0.2013803603053644,1.5753140695851575,13.018504109466175,55.46387014311749,23.512052210881276
413460050,0.09668491515622671,0.2014619480808358,1.5755311814809037,13.015959081917938,55.45784880203144,23.519748553458406
413467000,0.0962674844017667,0.20145664158389648,1.5749174748723038,13.02315610412917,55.41401424618196,23.49849421081774
413473950,0.09611823769021606,0.20183756316539264,1.5758445352894914,13.012287958432173,55.37937902229262,23.53130459828021
413480900,0.09649727793725761,0.20169742187199882,1.5759666399726102,13.010858092258438,55.426342653832144,23.53531538026204
413487850,0.09622937543282524,0.20210908957731555,1.5768167022694555,13.000913990176645,55.37762834708031,23.56546666610773
413494800,0.096468706888705,0.20200303038821635,1.5768408692273703,13.000631545235768,55.40815167149,23.56616337209575
413501750,0.09643801531968535,0.20198666888078642,1.5767479455591353,13.001717645299976,55.40572486925815,23.562911685399023
413508700,0.09674989048501775,0.20213699841451938,1.5776450692639183,12.991240920946828,55.4311766013966,23.594286181665744
413515650,0.09658553917878235,0.2021214540034643,1.577362945821399,12.99453344636699,55.41459830447619,23.58447070143627
413522600,0.0965932892515872,0.202166794231952,1.577509930284893,12.992817816542559,55.413161700044384,23.58964209275971
413529550,0.0968943925966222,0.20237258426835095,1.5785586019613875,12.98059301766296,55.434705181932316,23.626355084415934
413536500,0.09687093378306103,0.20286016707928156,1.579988133536865,12.96397200807084,55.40791476634058,23.676646008691446
413543450,0.09696138915145587,0.20266492261823527,1.579531764731265,12.969272702587496,55.42720324831819,23.660556405335033
413550400,0.09670127647139204,0.20276789735736883,1.5794679029488363,12.970014860836637,55.394620652197176,23.658447715880918
413557350,0.09701167473179265,0.20284124022765126,1.5801332786110904,12.962287227925396,55.42371034508729,23.681675119605313
413564300,0.09700486779868535,0.20305845491935895,1.5807759868187456,12.95483315400096,55.41214152271148,23.704254678718
413571250,0.09708494735290656,0.2026601297413296,1.5796948992560167,12.967377318591689,55.4404856288163,23.66621581385538
413578200,0.09730090239261377,0.2029202003907412,1.5807862926478389,12.954713710215769,55.450295011568414,23.704460380791186
413585150,0.09738504430876753,0.20307443154552274,1.5813707144812337,12.947944550543564,55.451464465195535,23.724951671682653
413592100,0.09726229356093224,0.20280430666790067,1.5803827527556877,12.959392647846006,55.45201071742884,23.69029427677694
413599050,0.09734489398786336,0.20292280602012672,1.5808574726086972,12.953888810705843,55.45480949524881,23.706934917405842
413606000,0.09740539788007947,0.20334032253764622,1.5821991511394426,12.938363322591083,55.44030110309877,23.754036180156596
413612950,0.09721518266670846,0.20332662441053226,1.5818842406770286,12.942003428814623,55.42091627154022,23.74306549712861
413619900,0.09682609184476589,0.20358407388579383,1.5821005877435994,12.939502375014003,55.36700386105527,23.750734720612495
413626850,0.09730152969216722,0.2033181707583543,1.5819830170691902,12.94086139507614,55.4304497811573,23.746496639598252
413633800,0.09725100176850036,0.20368544707632572,1.5830153359821748,12.928940116838753,55.40671769395821,23.78270644487189
413640750,0.09729293613289129,0.20375476569651252,1.5832843191991006,12.925838131453435,55.40766346270381,23.792118873484103
413647700,0.09733930380053007,0.20375216805868987,1.5833431783969556,12.925159585485808,55.41268332134242,23.794170786473895
413654650,0.09777396702266156,0.2040269380162096,1.584797070749019,12.908425285365686,55.444730490408205,23.844984189724446
413661600,0.09781631991343269,0.20420678956230087,1.5854001750485955,12.901498518288367,55.440150385070694,23.866087445779847
413668550,0.09737883350861676,0.20425750567268608,1.5849227623013769,12.906980971685233,55.39147387477248,23.84942916473762
413675500,0.09756789313892927,0.20436360655017322,1.585514802141333,12.900182994168137,55.40606359532169,23.870120693648055
413682450,0.0975123356018859,0.20459984381819318,1.5861476872310423,12.892925335964847,55.38831657571896,23.892219209483365
413689400,0.09766097058737826,0.20462497914248148,1.5864375565637876,12.88960444593011,55.40271229331726,23.902354992469675
413696350,0.09778759186769674,0.2047272671979811,1.586928882131241,12.883980167823218,55.41090064937184,23.919517652720153
413703300,0.09793645056857814,0.20510681857756757,1.5882902857248224,12.868426105953041,55.407428557444945,23.96702797656208
413710250,0.09777268085001223,0.2053244596558973,1.588712279910411,12.863613780449581,55.37918029533464,23.981676007666987
413717200,0.09903882230334089,0.2062065552238526,1.5932168953383468,12.81250661673118,55.46782218018511,24.138838428463455
413724150,0.09798039941124452,0.2057632826922584,1.5903400792513396,12.845090320015213,55.378843643599524,24.038387614048002
413731100,0.09812759213992497,0.20609314140294543,1.5915521108056394,12.83133875332605,55.377610612601046,24.08057128193768
413738050,0.09839009188887807,0.20620188269507098,1.5922612132980685,12.823309395825223,55.399719969851375,24.10534810874992
413745000,0.0985538387883336,0.2062594862333271,1.592672995045084,12.818652098969835,55.414033065036115,24.119736970816124
413751950,0.09860639605587095,0.20781259733525864,1.5974707721803911,12.764680092272194,55.34033957634576,24.285783120439607
413758900,0.09850001084460801,0.207530693850823,1.5964581565010094,12.776026923556941,55.343574168505434,24.25072135652261
413765850,0.09881581351445813,0.20804966729343552,1.5984966067830062,12.753209231066219,55.35020373023432,24.321415271219408
413772800,0.09887115019348883,0.2077531570709892,1.5976730149317948,12.762416701536331,55.371207062046274,24.293086317479975
413779750,0.09873042650016299,0.20822094590136805,1.5988954859446556,12.748755501982705,55.332454936615385,24.335031433322037
413786700,0.09887312234360775,0.20799817580229682,1.598422629348532,12.754035635704943,55.35886447544169,24.318941271053134
413793650,0.09857083232279891,0.20836023557694044,1.5990899282715627,12.74658575785539,55.3085565826869,24.34147512042078
413800600,0.09880954473398314,0.2084774471504109,1.599792989361065,12.738747661255502,55.32760580859406,24.366026343408958
413807550,0.0985826254682634,0.20867540876672297,1.6000697344504882,12.735665461457826,55.29362615620209,24.37515750136276
413814500,0.09851203875423208,0.20846119989279593,1.5993133587557078,12.744093610217845,55.297208910288106,24.349057844841084
413821450,0.09885716671062664,0.20881647906176393,1.6008978060991945,12.726453398760988,55.31519065737048,24.4040639201628
413828400,0.09902524220239048,0.20888935671468578,1.601364037086998,12.721273584514623,55.32908561828891,24.42035667229301
413835350,0.09896142439566388,0.20937981697761723,1.6027723598888097,12.705657131285266,55.29713696697163,24.468536490376554
413842300,0.0991168924036372,0.20920384256103203,1.6024588622198195,12.709129519093004,55.32251521390774,24.458084190001756
413849250,0.09888324206561203,0.20927132016801955,1.6023270194454708,12.710590511274978,55.294525455455634,24.45312902518761
413856200,0.09927466135718678,0.20944682876792842,1.6034315982416316,12.698362474084306,55.326544427514996,24.491717695726397
413863150,0.09884201638588412,0.20967178106929754,1.603494230533604,12.69766994083971,55.26956644181977,24.492994446688012
413870100,0.09869172332628862,0.20918122602918585,1.6017743977645509,12.716718577269006,55.27907658238841,24.43382234988288
413877050,0.09876928047399905,0.2096464837210314,1.6033116022899814,12.699689531982582,55.2632471044009,24.48659276960988
413884000,0.0986906498045857,0.20977714350190854,1.6035987238788139,12.696514741631624,55.24827098127938,24.496230556335277
413890950,0.09890367819146083,0.2097851459548676,1.6039309381760205,12.692843668240721,55.27018176581707,24.508057476157038
413897900,0.09904665896479135,0.20966378504798627,1.60376574253911,12.694668821407957,55.29143329794197,24.502712219268393
413904850,0.09898713731720724,0.20987697406927028,1.6043332610986918,12.688401201572123,55.274189614375615,24.521989950368003
413911800,0.09905200910683808,0.20989762292733116,1.6044904702330232,12.686666281646193,55.279923079708524,24.52750416202833
413918750,0.09899009900915008,0.20979293335349267,1.604079807962167,12.691199416948155,55.27883846671478,24.513333668910384
413925700,0.09874661622444854,0.21000054098380438,1.6043648561015655,12.688052482532374,55.2426088873467,24.52252074583477
413932650,0.09870651351821222,0.21026418405051367,1.605116481613973,12.679763290123063,55.224795062193415,24.548058992415335
413939600,0.09857412994844904,0.21054841388625972,1.6057992557237182,12.672244405443891,55.19625114688112,24.57096535790546
413946550,0.09895340336501973,0.21066046320755955,1.6066907116685378,12.662443168366092,55.230146231414935,24.60231405489613
413953500,0.09888537900244534,0.2106275051410737,1.6064911376329212,12.664635870098497,55.22473185778088,24.59534251681284
413960450,0.09893701678105313,0.21119380625917666,1.608308534878446,12.64470105183436,55.20078911022016,24.657272008096363
413967400,0.09902593328458886,0.21124013574868383,1.6085796135266284,12.641733916006912,55.20768544420116,24.66673190279267
413974350,0.0989293579657824,0.21121783579071593,1.6083715065396809,12.644011639799677,55.19874140161812,24.659387899481892
413981300,0.09879096640265933,0.21134680297031483,1.6085693740202307,12.641845964581044,55.17757940147639,24.6656927770992
413988250,0.09907041536485423,0.2112022058747906,1.6085270283971804,12.642309367730334,55.21430734569559,24.665072809212113
413995200,0.09910823594672116,0.21117579128044914,1.6085003270515323,12.642601590456998,55.21963522772207,24.66427224007827
414002150,0.09921464784367946,0.2113832653746796,1.6092933614352474,12.633929260991772,55.21999370880875,24.691504807031375
414009100,0.09935396750439528,0.21156944684558376,1.6100688653217217,12.625462093077171,55.22488894265274,24.718225301340755
414016050,0.09949071082421722,0.21138546078884046,1.609699939068404,12.62948847606813,55.24876748857182,24.706085190295447
414023000,0.09912432726769242,0.21174139591432597,1.6102671154049915,12.623299674289983,55.19192953891391,24.724261819543603
414029950,0.09904165644867491,0.2117094160269261,1.6100490813668236,12.62567793473907,55.18495068738926,24.716619413358725
414036900,0.09913866902026021,0.2117926156005923,1.6104458762420635,12.621350578010953,55.1907642443417,24.730362299051144
414043850,0.09904503046694399,0.2116808996622665,1.6099659752151514,12.626584711791327,55.18678605614321,24.713813961741852
414050800,0.09900748374330046,0.21195826046278207,1.6107678409723896,12.617841851953065,55.16843510283753,24.740847629459626
414057750,0.09932109968408827,0.2122633345408307,1.6121631080485568,12.602662764500042,55.18531190089404,24.789061940909175
414064700,0.09918990941163647,0.21202867592435867,1.611248611087647,12.612606733674793,55.183831783823,24.757702888527742
414071650,0.09927959174591737,0.21241958278113612,1.6125860671907182,12.598069831279119,55.17282522159779,24.80322134233588
414078600,0.09914230731928711,0.2126030768389879,1.6129553614093264,12.594062848024128,55.14891361142581,24.815220807565712
414085550,0.09934544717460868,0.21299608559802793,1.6144652501123649,12.577710931763086,55.14958905718494,24.866860219784613
414092500,0.09940694856336116,0.21308743265453584,1.6148370899809943,12.57369156345661,55.1512302911977,24.879612015076244
414099450,0.09933737778805662,0.2127754117400525,1.6137703227120277,12.58523074354293,55.16028186982618,24.843400538372567
414106400,0.09925048524467656,0.21301674202387363,1.6143921092227198,12.578501894936915,55.13859778431754,24.86405065347987
414113350,0.09943689041623116,0.2130074751637874,1.6146326883078908,12.575900652543385,55.15853898444415,24.872831945494642
414120300,0.09962085285574275,0.2129140331579756,1.6146095697752267,12.576150565237361,55.1826373744357,24.872699031973315
414127250,0.09965548325204883,0.21326439016928814,1.615745018735242,12.5638899957207,55.167908781157564,24.9110973792621
414134200,0.09950154019679881,0.21314870426956314,1.61516369920585,12.570163587558154,55.1578972468869,24.890958221943336
414141150,0.09944392150574592,0.21342602136323136,1.6159400764234817,12.56178657527837,55.13736067919206,24.916880938619055
414148100,0.09921189397584795,0.21359391262564453,1.616126068190978,12.559781684260916,55.10436553083963,24.92223478266713
414155050,0.09967367199652621,0.21408632439460917,1.6183221735960196,12.536165252984885,55.12667309071199,24.99780617071698
414162000,0.09911472107371487,0.2138137714659206,1.6166686881327885,12.553936804233004,55.08271605726833,24.940058808448406
414168950,0.0993633466187818,0.2139043870463243,1.6173085219498367,12.547052935693559,55.10387562541146,24.962541783573812
414175900,0.0994920332120813,0.21403347375341256,1.6178953633258806,12.540746952427844,55.11051322505022,24.982753182970878
414182850,0.09947477704472862,0.21397328858759326,1.617683437770563,12.543023372887497,55.111874803346424,24.97557308552649
414189800,0.09977784580033344,0.21399378914143233,1.61818547273232,12.537632276267523,55.14240033250525,24.99363134045666
414196750,0.09987831383204604,0.21394076682166543,1.61816637645154,12.537837242435774,55.155667698623965,24.993380927042914
414203700,0.09989562350651815,0.21408220573801345,1.618630826783828,12.532854374835063,55.15003674079274,25.00904604707816
414210650,0.09981642571032444,0.2144708718786241,1.619724453824214,12.52113961285522,55.121325076300764,25.045405055230937
414217600,0.09983204839652869,0.21432186088734886,1.6192836111108329,12.525858773747284,55.13079806674299,25.03069370343663
414224550,0.09974148699366156,0.2145272369240261,1.6197913666546746,12.520423683013135,55.11054700685468,25.04733351051881
414231500,0.09975792015265995,0.21485992587131195,1.6208509343157869,12.509099626646696,55.09473029551799,25.08285989540687
414238450,0.09978142757960337,0.21484883153997883,1.620850378498911,12.509105560633994,55.09776376488716,25.08294366960244
414245400,0.10005410754464726,0.2147896515515525,1.621061062201669,12.506856739394504,55.12929677606842,25.091158492633202
414252350,0.10018395579650595,0.21505115623739854,1.6220640384099105,12.496163975155719,55.12902381193487,25.125266737022926
414259300,0.10010538823529745,0.21497112027510284,1.621700648754377,12.500035619481809,55.12506349934214,25.112776956324165
414266250,0.10019054626845694,0.21522838764482097,1.6226260249225792,12.490181937065694,55.120344621338255,25.144081547145717
414273200,0.10022719232215761,0.21496567682126416,1.6218605002858695,12.498332176442176,55.138045196004114,25.11864200870121
414280150,0.1004292354965788,0.21539756469423568,1.6235003591692472,12.480888400000037,55.136264312907606,25.174334457779786
414287100,0.1001113608488772,0.21561355764960805,1.6237128365786873,12.478632355535488,55.091725082482924,25.18000532370697
414294050,0.10029309348674886,0.21541769735683275,1.6233653026768238,12.482322898679696,55.12101494578771,25.169226577567976
414301000,0.10059748649290787,0.21534140898151963,1.6235701130769369,12.480147661456286,55.156772431509175,25.177389655106456
414307950,0.10038380650741485,0.21512326760748374,1.6225791217539978,12.490680939990693,55.1460414169545,25.14334464989097
414314900,0.10056990602257213,0.2156980901741666,1.62464276897138,12.468769692285237,55.13500008199553,25.21309758256365
414321850,0.10055207411001298,0.2156843790228572,1.6245740144212288,12.469498265868202,55.13386928960024,25.210723888834867
414328800,0.10036013209952177,0.21537549827938285,1.623331072092834,12.482686538951377,55.130232059247156,25.168377838600087
414335750,0.10005655701824413,0.21544692155881479,1.6231133278031056,12.485000271141732,55.09483508185447,25.159757389971777
414342700,0.10001380293979543,0.21528171154122985,1.622536004125715,12.491139709582502,55.09911679838404,25.140294173105165
414349650,0.10048652830725734,0.21547331594448296,1.6238199879062842,12.47749500403119,55.13822334141174,25.18526106479924
414356600,0.10025235130968967,0.21594806344071332,1.6249620704012153,12.46538744109973,55.08868251136133,25.222291506843963
414363550,0.10025937767582788,0.21525508252775472,1.6228091864955827,12.488233726047053,55.126104432845224,25.150501960286466
414370500,0.1037453553396344,0.22147593424943074,1.6475002321940646,12.23192156753739,55.154221668255346,25.98494704936672
414377450,0.10109225212512862,0.21609796622050526,1.626653565002836,12.447505636700775,55.16819326973675,25.28249726448982
414384400,0.10075352129407895,0.21602047278441802,1.625917039978534,12.455284528871191,55.137020745835656,25.256422423076252
414391350,0.10079198726773235,0.2161403300149343,1.6263476728963826,12.45073497521446,55.134659987996024,25.270949306564084
414398300,0.10070776912799488,0.21665240937772687,1.6278269735651356,12.435135913117715,55.09866115131341,25.319776352038954
414405250,0.10080675901594482,0.21653385540633108,1.627600011343502,12.437526246121562,55.115271832643174,25.312707029578693
414412200,0.10104659820707731,0.2165366146284677,1.627958475008302,12.433751448884422,55.140094042210684,25.32576213651552
414419150,0.10109996871883711,0.21617268171633744,1.6268983316973042,12.444923012128202,55.16502355883034,25.29069348576244
414426100,0.10081141911547493,0.21671840421052055,1.6281845365529628,12.43137228295981,55.1059326999114,25.332161119502025
414433050,0.10089924971638492,0.21657470873208542,1.627862682125218,12.434759933239423,55.12272474264355,25.321882430950648
414440000,0.10064274134159516,0.21662100556622776,1.6276340356902863,12.437167838433341,55.09356657841712,25.31304868180848
414446950,0.1005976573265185,0.21656775235152334,1.6274017534581677,12.439615145715505,55.091708932473736,25.305109976291142
414453900,0.10099141654467454,0.21644419132512396,1.6275887448339479,12.437644931255269,55.13926859166606,25.313199879997608
414460850,0.10058066350170294,0.2167657618742104,1.6279970940044184,12.43334493132162,55.07940617044647,25.32480302736916
414467800,0.10070240719331829,0.21693192732055505,1.6286947371614378,12.426006615802436,55.08321966062056,25.348567095439783
414474750,0.1006628945133496,0.217127364758353,1.6292499396283442,12.420173801317198,55.06869636282413,25.36678295677659
414481700,0.10083648991805795,0.21708835038396732,1.6293801979000357,12.418806265043239,55.08882678699726,25.371981619779785
414488650,0.10101470567672748,0.2172574028884089,1.6301700192840791,12.41052171048213,55.09834149292233,25.399072559712618
414495600,0.10118994313394213,0.217110129316792,1.6299640215369209,12.412681210515304,55.1244349161151,25.39310667992853
414502550,0.10112917564966288,0.2173439098488642,1.6306083818840695,12.405929211780965,55.10562746695251,25.4141834420939
414509500,0.10096437556257645,0.21724610326053231,1.6300611984812186,12.41166238345956,55.093710286064216,25.39521061929612
414516450,0.10118299666049309,0.21725951487739145,1.630422253275764,12.407878701548922,55.11573457644989,25.40827934408119
414523400,0.10104993711225194,0.21717816775806667,1.6299729260705198,12.412587845081172,55.10623593964125,25.39271165740908
414530350,0.10114616340257446,0.2172663615188098,1.6303899375557813,12.408217245402266,55.111536986717944,25.407024217867612
414537300,0.10139407145110212,0.21744985237554015,1.6313278659230535,12.398400121204338,55.127521295462685,25.439364753824773
414544250,0.10110047799395996,0.21790361615705656,1.632323952184671,12.387994050302623,55.07271383753958,25.47083822398742
414551200,0.10145612001160353,0.21817015422629432,1.6336812173961341,12.373847437482194,55.09539336053704,25.517594286255143
414558150,0.10117197782858602,0.21802497075883642,1.6328096902980442,12.382926936018702,55.0736457945175,25.487276750151366
414565100,0.10164808696219164,0.21790545097769362,1.633130232595672,12.379585749999812,55.12954897703426,25.500365111325866
414572050,0.10156610773429356,0.21831769926854092,1.6343062123151177,12.367345823987554,55.09890808111171,25.53883152163892
414579000,0.10127103400713988,0.21837315586086753,1.6340494476861758,12.370015898375755,55.06527316075206,25.528759102752453
414585950,0.10150729788453587,0.21846996589381548,1.6346993279788073,12.363260443717062,55.08462126574567,25.551497045928915
414592900,0.1014459196652431,0.21852929637007548,1.6347963652573976,12.362252485296041,55.0750586300039,25.554364652047074
414599850,0.10132827868844267,0.21842682240515418,1.63430192350448,12.36739041196522,55.06833981787255,25.537404880515286
414606800,0.10152228786499652,0.2186768411599562,1.6353726332492768,12.35627053527706,55.07506464279591,25.57379321760211
414613750,0.10182487936742758,0.21861372121412462,1.6356169708321218,12.353736221315252,55.10989787460375,25.583503019567406
414620700,0.10169755359332498,0.21839886875725986,1.634754082119705,12.362691670774819,55.10821187479566,25.55432712265091
414627650,0.10168203609413366,0.21885941782617302,1.6361815738796308,12.347884678064045,55.081839418191834,25.60134732158024
414634600,0.10158603511521863,0.21874762892843308,1.635688853681982,12.352990869469505,55.07788069816282,25.584572540004654
414641550,0.10129794348504695,0.21918061493676372,1.6366331655468338,12.34320902230831,55.02468743537088,25.614023478361744
414648500,0.10123130608323526,0.21922326359339547,1.6366706032668905,12.342821587289443,55.015480534702306,25.614862340519167
414655450,0.10132559414442177,0.2193337192047696,1.6371566822114432,12.337793825645837,55.0193157523707,25.631393263478834
414662400,0.10170611414356436,0.21947004570149903,1.6381429108871253,12.327607379760181,55.05144775161048,25.666039146056615
414669350,0.10156659018980484,0.21953921157338427,1.6381573189877083,12.327458707933143,55.0332424940546,25.665692075066865
414676300,0.1019400668343623,0.2194663087292756,1.6384737942498104,12.324194168527542,55.07593203637611,25.678271670603984
414683250,0.10210526630275359,0.21925764612453635,1.6380577872736384,12.328485823719975,55.10434668364021,25.665515996981554
414690200,0.10216549381128953,0.21973676505256054,1.6396587226414296,12.311989095346568,55.08472788331647,25.71852385082559
414697150,0.10204337083816648,0.21949701490964296,1.6387222763916958,12.321632407119324,55.08500001066257,25.68703550376397
414704100,0.10195741604291639,0.21976911787859096,1.6394556101664497,12.314079211702019,55.061382980515404,25.71063763924594
414711050,0.1021995168175951,0.2196475972775933,1.6394270576550838,12.314373095670932,55.09307953264342,25.71110490832551
414718000,0.10212012911821708,0.21974826253936774,1.639628427592537,12.31230079235166,55.07939721503119,25.717265433303606
414724950,0.10208755154376903,0.2201065737060635,1.6407133033498864,12.301150236871656,55.056639723506294,25.752685636967723
414731900,0.10226915470817846,0.21996834219066935,1.64054286091823,12.30290052206065,55.0829638810798,25.74816881766967
414738850,0.10182459944638955,0.22029303703522302,1.6409180678082937,12.29904826132232,55.01928383317242,25.75779404402956
414745800,0.10144058333561062,0.22079732361876683,1.6419551434791966,12.288415135838768,54.95221796536085,25.7892448789063
414752750,0.1025294053621845,0.22413410241201512,1.6541808832103246,12.164653360455153,54.88273227662778,26.19338973086744
414759700,0.10162462482925116,0.22095943670942977,1.6427376979812056,12.280405737307067,54.96248614766576,25.815992352196318
414766650,0.10217238016443246,0.22066819940766735,1.64261574001846,12.281653172116464,55.03501287995973,25.81552032363047
414773600,0.10228749717400473,0.22076667598249425,1.6430967700116743,12.276734712964053,55.04160379675124,25.831973640868192
414780550,0.10233326035369342,0.22113269843959216,1.6443246741156623,12.264200292768505,55.02646895777182,25.872392796200778
414787500,0.10257473154930175,0.22115393224731722,1.6447469937811923,12.25989612586081,55.0503388756902,25.887721622080015
414794450,0.10246059877395819,0.22079122994896888,1.6434289745437065,12.273340641153688,55.05821784666914,25.8439162703354
414801400,0.10241374928492934,0.2210728781416052,1.6442531237356135,12.264929862315539,55.038060619488874,25.870568268022737
414808350,0.10165896144158161,0.2204954054534372,1.6413167579124464,12.294957967596753,54.99117040458355,25.769801994728905
414815300,0.10213538984281997,0.22129031574423827,1.644534694048112,12.262059388433036,54.99740800209763,25.87796568242432
414822250,0.10224348955113276,0.221422214477984,1.6451120084903503,12.256178819632078,55.00143087173309,25.897500131022777
414829200,0.10232825109933626,0.22181842962566925,1.646495499203416,12.242113080001555,54.988639441290054,25.943130278882883
414836150,0.102322704457169,0.22207812064836388,1.6473135036723314,12.23381415941623,54.97391267494074,25.969699088645378
414843100,0.10231424891239083,0.22239697080566057,1.6483163882476184,12.223657362363356,54.95564419446516,26.00221437126023
414850050,0.10262151669575822,0.2221785931189901,1.6480720268526396,12.226130349902395,54.99934947629541,25.99639748342762
414857000,0.10269998371129911,0.22217621760128461,1.6481798690173608,12.225038821966889,55.007600364596314,26.00043580171622
414863950,0.10287798725929417,0.2221830698720193,1.6484637776662898,12.222166312063978,55.02565336966105,26.010867807933668
414870900,0.10252652045314374,0.2221682319208908,1.6478994434621839,12.227877628736268,54.990084583072644,25.99014009062785
414877850,0.10264893377574728,0.22219058368488204,1.6481505065397704,12.225335992830981,55.00153229572837,25.999135262368426
414884800,0.10276873946887044,0.22242556805032546,1.6490749832941582,12.215987610811451,55.00109291475044,26.029997799723414
414891750,0.10325519291012046,0.22271010378017425,1.6506989488070587,12.19960601433635,55.03586710163688,26.086071174205905
414898700,0.10308104416173201,0.22256587377661052,1.6499821811512365,12.206830055830487,55.02573951538526,26.061602703479274
414905650,0.10248896272495557,0.22142295723922037,1.645474775899496,12.252486991151695,55.026813963820416,25.910932313310262
414912600,0.10271102192376373,0.22252087323840222,1.6492936897882848,12.213778457909953,54.98991115789037,26.03670309443062
414919550,0.10274589194597201,0.22297965082708743,1.6508078377021103,12.198509429774528,54.96841380599623,26.086055274906453
414926500,0.10231035729103242,0.22292927950328795,1.6500079700880217,12.20656996645792,54.92616120558326,26.057016150948236
414933450,0.10250395360060206,0.2230261650028777,1.6506009562621473,12.200593060715605,54.940862393913214,26.077616927343904
414940400,0.1027893057707258,0.22306155253873186,1.6511330532545592,12.1952356499877,54.9684155377008,26.096899967831792
414947350,0.1028773895214203,0.22351380390370917,1.6527070651756077,12.179419607504105,54.95271827500259,26.148467352936336
414954300,0.1031156873368116,0.2235806452439904,1.653271630351274,12.173758299010187,54.973671111965,26.16845984422677
414961250,0.10284807467270721,0.2235623637225017,1.6528191641623318,12.17829502346673,54.94702445554304,26.151874828073375
414968200,0.10321724704860778,0.2232881764776243,1.6524870728391672,12.181627284111403,55.000233166157045,26.143801847477516
414975150,0.10336268794048872,0.22334848348692152,1.6528944705740407,12.177539679954059,55.01196319251999,26.15802667542466
414982100,0.10327868173813434,0.22342430848351671,1.6530125537583091,12.176355492493476,54.99910972460396,26.161253227564956
414989050,0.10329265468550024,0.223910064037689,1.6545861047232937,12.160600694480319,54.97384471713144,26.21223124323977
414996000,0.10313105116078082,0.22393233688184944,1.6544190347939989,12.16227120066696,54.955924451878666,26.20564070427796
415002950,0.10321420907779288,0.22428960481270013,1.655685457716978,12.149621675291007,54.94484459698895,26.24711269965998
415009900,0.10290722703123749,0.22428601115756155,1.6552220364690315,12.154246970714,54.91335683831925,26.22983824130736
415016850,0.1034885167700321,0.22404482739771922,1.6553066430645398,12.153402228443754,54.98666314888598,26.236940925185
415023800,0.10308726009088146,0.2241210352588677,1.6549585297349936,12.15687878704583,54.94101944269487,26.22271807734708
415030750,0.10357180887628331,0.22400350572853925,1.6552975893371988,12.153492617572839,54.99754791850147,26.237259224479953
415037700,0.10390887826376202,0.22390758858893753,1.6554902328210233,12.151569670756528,55.03768778323579,26.24591942941346
415044650,0.10351253674128921,0.2241712490102051,1.6557468314835606,12.149009424225119,54.98217872589991,26.251327646291983
415051600,0.10351802161288014,0.224336780199821,1.6562850516712821,12.143643318224143,54.9736188835444,26.268730698441694
415058550,0.10344337954640856,0.2245540754853556,1.6568710980219434,12.137806618568096,54.953923704371974,26.28705289585862
415065500,0.10367437981858484,0.22490000329801607,1.6583219865709529,12.123384468334352,54.95866527402445,26.335523201385005
415072450,0.10356740519165666,0.2251048204962817,1.6588213016027251,12.118430336326284,54.93630053839261,26.35074542474555
415079400,0.10355615533798189,0.22498106711795338,1.6584073728194444,12.12253694599426,54.9419821330778,26.337354276412693
415086350,0.10378030237143868,0.224996242496114,1.6587875838439183,12.118764731566795,54.96427747766447,26.3513155215005
415093300,0.10395712274984943,0.22481494392204399,1.6584678973763107,12.121936277575816,54.992565396862105,26.342375238074162
415100250,0.10370569544131061,0.22524720991408043,1.6594830324741254,12.111871951862748,54.94269028424494,26.373087575338737
415107200,0.10344956305248143,0.22550443467504558,1.6599314055234382,12.107432812737926,54.90203696620588,26.385436409875666
415114150,0.10356779074972437,0.22552640053601028,1.660176519980125,12.105007636268201,54.91300900753354,26.3942471574727
415121100,0.10348704517263867,0.22602891768336258,1.6616745109183668,12.090210812681121,54.87683759604228,26.441556660441186
415128050,0.10371572224278604,0.22573668792885648,1.6610714374911166,12.09616280481125,54.916607332214085,26.424124617214133
415135000,0.10374071941623318,0.2257930679603624,1.661289798684222,12.094006921252427,54.916057795778194,26.431323034764812
415141950,0.10310193460657197,0.2260258372998307,1.661097695670064,12.095903510366835,54.83735570937817,26.419893206167266
415148900,0.10311669027273632,0.22575678634717342,1.660253036879675,12.104250803853828,54.85377273472094,26.393010676233686
415155850,0.10289617279106408,0.22618860448486902,1.661320159276372,12.09370724101683,54.80716749699141,26.425243363313875
415162800,0.10332769501885809,0.22650991852819688,1.6629902036657942,12.077249149624175,54.83374108256695,26.482229929157594
415169750,0.10349231435121313,0.22595566592192007,1.6614463851022028,12.092461488148556,54.88144258792408,26.43430344454413
415176700,0.10354574480194795,0.22646807057793822,1.663176429324607,12.075417126416674,54.85850521778215,26.4900336215275
415183650,0.10348296568645099,0.22640291572969407,1.662873763223191,12.078394976766454,54.85566188817071,26.479839951313277
415190600,0.10312010980688259,0.2267426798152203,1.6634362553168822,12.072862122141032,54.79946628742656,26.49464224702302
415197550,0.10327498652815206,0.226604828283832,1.6632188870234605,12.074999532300518,54.82304845505455,26.489066925187494
415204500,0.10324194062985032,0.2268152711841104,1.6638496385482184,12.068799684710623,54.80795986793619,26.508873370366956
415211450,0.10321473432072278,0.22685740872601642,1.6639457370187665,12.067855749726162,54.802821169026124,26.511693877544452
415218400,0.1032715191951206,0.22714407456394137,1.6649554480195188,12.057948088787771,54.792718938382876,26.544317119194446
415225350,0.10312844916183082,0.22714745201854192,1.6647562344906712,12.05990135719846,54.77782984081001,26.536706459392196
415232300,0.10311044955289347,0.22728209261928342,1.6651651900825624,12.055892379190281,54.76849203446977,26.5495367833091
415239250,0.10346142970582088,0.2271709784634907,1.665321764299086,12.05435830261526,54.81074154129908,26.55765128053357
415246200,0.1034031204840114,0.22738977362851953,1.6659434714407513,12.048271414613602,54.79256497073392,26.57689109905293
415253150,0.10382466183378641,0.2274224010919326,1.6666702856744864,12.041164463088894,54.83407564067463,26.603741682114446
415260100,0.10433378104446565,0.22719187325925827,1.66667864987235,12.041082732472379,54.89932350709952,26.608432144508562
415267050,0.10442976636867327,0.2272621955168,1.667048375291683,12.037471246916407,54.9052795792028,26.621032346959193
415274000,0.10451108079068609,0.22770393311873854,1.6685976827137947,12.022364750513221,54.88895563976058,26.671047767937544
415280950,0.10413972887005553,0.22756307748884963,1.6675912167685578,12.032173291968311,54.858625076715015,26.63579599708084
415287900,0.10387880624580383,0.2280329113732479,1.6687267804273305,12.021107961277902,54.805548968347395,26.669511474448203
415294850,0.10351866813593538,0.22816266404398636,1.668616646755443,12.022180113175576,54.76131722583485,26.66270939217733
415301800,0.10379974107424018,0.22837383501493344,1.6697155611180814,12.011492056567054,54.77836269002738,26.70009997853548
415308750,0.10369902728801686,0.22837497683990354,1.6695708223288486,12.012898533333319,54.76796087742195,26.69458292179456
415315700,0.1039952928329051,0.22841512283441132,1.6701381203268089,12.007388077351685,54.79612913542142,26.715284548805528
415322650,0.10412056857886447,0.22847718577174028,1.6705246367093325,12.003636987076266,54.805517760683934,26.728674541981775
415329600,0.10380723925222263,0.22878483964462304,1.6710609065636117,11.998437037274648,54.75611978864092,26.742697684412843
415336550,0.10398813542964369,0.22888568301074116,1.6716553734149748,11.992678852363374,54.769026102384856,26.763183665333674
415343500,0.10387304168767311,0.2287374355956669,1.6710039497248999,11.99898907341473,54.76552698726693,26.741521119983958
415350450,0.10351840115246798,0.22891362470521087,1.671054241380346,11.998501634425944,54.71928569120628,26.73972482528502
415357400,0.10370539069222613,0.2291786754695132,1.6721911130971,11.987494977538383,54.723598695453745,26.777373633833335
415364350,0.10365036758096853,0.2292840164340681,1.6724528622199093,11.984964144792587,54.712051087376985,26.785083380431768
415371300,0.10351849796013016,0.2293676210835722,1.6725311015684687,11.98420789371324,54.69385128451378,26.786252205500883
415378250,0.10397047357235895,0.22896764315855636,1.6718956493174926,11.99035327713478,54.762617355941146,26.77060172642493
415385200,0.10385393199119992,0.22909428399254916,1.672135452544052,11.988033314306186,54.74356077619849,26.777053334811498
415392150,0.10353872553614685,0.2295062345944959,1.673012108809616,11.979560960411508,54.688146606240764,26.801584205234583
415399100,0.10352679321942876,0.22958913484004712,1.6732645776643698,11.97712356295048,54.6822720904349,26.809403895788837
415406050,0.1039996746089104,0.22982976870406832,1.6747445696944572,11.962858328309169,54.71718241685586,26.860621734375822
415413000,0.10392137893523103,0.23013439589707788,1.6756224470149177,11.954415211297423,54.692020878155304,26.887411900765642
415419950,0.10398189339620564,0.23011844673597348,1.6756595903504774,11.954058282695135,54.69911442346745,26.88918606464494
415426900,0.1039858626247616,0.23017063609218208,1.6758356972873873,11.95236631885442,54.69658199603479,26.894752961484453
415433850,0.10440628586233425,0.23042333978512827,1.677281168270198,11.938499659165512,54.7253859169115,26.944330673977767
415440800,0.10432229863929098,0.22993932730592517,1.6755780988312297,11.954841407025793,54.74407176754329,26.890008945095964
415447750,0.10435266563977284,0.2304351284126843,1.6772403607822974,11.938890623889309,54.7192295193069,26.942512053358517
415454700,0.10418707737795035,0.23080243062246347,1.6781956590997962,11.929745922182422,54.6815474558573,26.970760282642438
415461650,0.1043490328914063,0.23038909624991516,1.6770847215499212,11.94038202931772,54.72145479721115,26.93759311910682
415468600,0.10409601564952091,0.23058377262845556,1.6773468225971386,11.93787070601233,54.68457094672475,26.943248078517257
415475550,0.10447669699498204,0.23082349901719293,1.6786924299605646,11.924996904035552,54.709994815459694,26.989278005690387
415482500,0.10424928032716971,0.23085022619867512,1.6784437077236578,11.927374088138434,54.68521208382296,26.97916324089985
415489450,0.10431667000261698,0.2305054123311517,1.677416636459886,11.937201989269376,54.71157761113025,26.947677337223073
415496400,0.10435595728473435,0.2305349576270181,1.6775711867941656,11.935721925712844,54.71393245677455,26.952919720982703
415503350,0.10435950722006623,0.23120577393012703,1.6797694440147337,11.914715837134803,54.676388625790004,27.02176335207647
415510300,0.10413467238475801,0.23138949554277302,1.680039163147605,11.912144322568876,54.64301026723523,27.027827298850386
415517250,0.10430308202157995,0.23134687591980488,1.6801480094290975,11.911106939245657,54.66263563166913,27.032998878201877
415524200,0.10461956893619306,0.2316891165436787,1.6817368653690339,11.895987656317889,54.675604900515786,27.085915195021055
415531150,0.10493378420862415,0.23171133332818913,1.6822753144848424,11.89087388870638,54.706476176017276,27.106013806353076
415538100,0.10453078221384067,0.23183412586558869,1.6820808885056915,11.892719810149492,54.65830626422077,27.095701857093708
415545050,0.10445056045201898,0.23170794709654197,1.6815486703961882,11.897776179484262,54.65726195457857,27.078258603433795
415552000,0.10482970818727182,0.23132296489496126,1.6808489964894888,11.904431011748283,54.71785580646789,27.060376225781667
415558950,0.10420172898234276,0.23140777349656327,1.6801978838082494,11.910631670087817,54.64882948868215,27.03348891652426
415565900,0.1043527228739831,0.23173377289003042,1.6814888322649097,11.898344984840639,54.64580052394021,27.075352978601455
415572850,0.10411057101999044,0.23211522685849084,1.6823831368211681,11.889850484996822,54.59945072642898,27.10058233668515
415579800,0.10416423444894463,0.23238604957330986,1.6833515042702563,11.880668236194829,54.589564917481304,27.1312630645126
415586750,0.10437325414511156,0.2326601345130061,1.684560327151235,11.869228825946458,54.595322955064056,27.171097804731435
415593700,0.10431905791533323,0.2327850203376876,1.6848910987847978,11.866103063186731,54.58269549307004,27.180755728330762
415600650,0.10427168160276536,0.2325907418271616,1.6841824523633582,11.872802029742148,54.58890412442072,27.158246867439892
415607600,0.10460342078224574,0.23284280080970315,1.6855008243084153,11.860346173125953,54.6084161696355,27.202825177737736
415614550,0.10467848466136406,0.2328666882883395,1.6856903558409488,11.85855796876352,54.614715526049594,27.20953527131957
415621500,0.10478342160416218,0.23299173178706634,1.68625697348331,11.85321570612966,54.61830168065566,27.22827064806628
415628450,0.10443825242517216,0.23276004862777971,1.6849847569417284,11.865218346038244,54.596273307358985,27.18498610200099
415635400,0.10425331554808323,0.23298324445134053,1.685446439679249,11.860859399337333,54.56472009645347,27.197229044865917
415642350,0.1041641762358957,0.23266834003802206,1.6842792285414319,11.871886673256235,54.573530893152274,27.160054553959764
415649300,0.10455328975037677,0.23316797102920708,1.6864969170213202,11.850955106107183,54.58478839209674,27.23313697038001
415656250,0.1048460172874812,0.23353607686747593,1.688142308880001,11.835479920658896,54.59364392195265,27.28736031848852
415663200,0.10496162941287648,0.23353963271508862,1.6883251999526914,11.833762669514671,54.60522901471887,27.294323424536582
415670150,0.10570691187481805,0.23406041246502463,1.6911501763889434,11.807310210532673,54.6514474590545,27.390081934636854
415677100,0.10528654193917775,0.23398948290706215,1.6902907170319874,11.815343600133211,54.612639197090054,27.358767358125668
415684050,0.10548331475002556,0.23415924262671176,1.6911434980125712,11.807372585089604,54.6229785204191,27.38734538511815
415691000,0.10514821756562832,0.2340714016447233,1.6903558384299624,11.814734468672496,54.593850580547716,27.359200360762646
415697950,0.1052362472047598,0.23403455454862418,1.6903648062768084,11.81465059103045,54.60493197377817,27.36048323548332
415704900,0.1053198345742571,0.2341069117880238,1.690727759150364,11.811256985991275,54.60930984137307,27.372644904435393
415711850,0.1054401643280395,0.23456326438844968,1.6924141328718294,11.795518757649635,54.595414098071245,27.426048870700797
415718800,0.10553501309755212,0.23439126525078705,1.6919867134626063,11.799503124443152,54.61494637020355,27.4139625395192
415725750,0.10557329418475714,0.23441452977445845,1.6921205364074012,11.798255305908114,54.61751378623472,27.418529814603843
415732700,0.10567052428650756,0.23447668252075368,1.6924706564011067,11.794992081679293,54.62385829107619,27.430444674812467
415739650,0.10559468278822963,0.23479404343632382,1.6934070697722021,11.786274609231526,54.59790707949262,27.458429713646336
415746600,0.10578860026024663,0.23476160984052202,1.6935885446488232,11.78458689428249,54.619528454333775,27.466266844555662
415753550,0.1056452923022252,0.234880837638987,1.6937695349729485,11.78290423864583,54.59807569994966,27.470178693499456
415760500,0.10560460453436318,0.23486180638955736,1.69364601916504,11.784052497503016,54.59502482555375,27.465902211069647
415767450,0.10532195534208588,0.23525551786843996,1.6945297274563302,11.775842801115505,54.543626631092636,27.489737978700905
415774400,0.10565994879094837,0.2351413668952197,1.6946537650141331,11.774691537134283,54.58459010043328,27.497553575003362
415781350,0.10583935460808824,0.23530927949919744,1.695477108217823,11.767056163965467,54.593194198855535,27.524974728299487
415788300,0.10536804501765529,0.23553398202953948,1.6955211464548503,11.766648090418887,54.53230112620772,27.52071284492907
415795250,0.10534091202502016,0.23586818626650954,1.6965897901357019,11.756755622172786,54.51030457299354,27.553127573529853
415802200,0.10529137799810208,0.2358380769623287,1.69641641226075,11.758359288471889,54.507004239641795,27.547215152374793
415809150,0.10541789582862246,0.23574595334876508,1.6962982780637086,11.759452263724416,54.52516906172952,27.5451358958525
415816100,0.10580091155751953,0.23574660115101073,1.6968697489940112,11.754167190368182,54.564085335067006,27.567270017175765
415823050,0.10564244531245037,0.23579906496728759,1.6968080538665102,11.754737496153904,54.544942368482445,27.5634722693871
415830000,0.10573443544552293,0.23557948815031765,1.6962164870852572,11.760209128940645,54.56695238907418,27.54643597791815
415836950,0.10582905096357656,0.23523890668627176,1.695228627995347,11.769359277013542,54.59619646396556,27.517215725069896
415843900,0.10637953183994092,0.23545411817635195,1.6967638712038668,11.755145956890292,54.63986679022228,27.57086306663441
415850850,0.10619415885455578,0.2351307091930067,1.6954153242116694,11.767628730748251,54.639622286682226,27.5272184017337
415857800,0.10598276823550361,0.23570844172967603,1.6970141653882636,11.752832462919862,54.58479088979379,27.573873537765387
415864750,0.1059194957868458,0.23593104585435887,1.697658497733946,11.746881641983036,54.56551065225871,27.592873541285677
415871700,0.10614170759660423,0.2363734508020604,1.699459422009019,11.730285578210593,54.56255560827333,27.65070515523698
415878650,0.10631809277366622,0.23654566474971483,1.7002954058504833,11.722600005598293,54.57052835596225,27.678422202773135
415885600,0.10633265299582041,0.2366154745675968,1.7005493355065497,11.720267804326753,54.56796729213049,27.68636371054595
415892550,0.10649731355049179,0.23651196486884116,1.7004514381074887,11.721166810831194,54.590707791562245,27.685371495749926
415899500,0.10651447762915676,0.23648178944836273,1.7003768167607487,11.721852176139011,54.594201422913635,27.683295698827163
415906450,0.10667125982537726,0.23654195532954844,1.700811754564126,11.717858751043382,54.60666778750535,27.69849958496602
415913400,0.10644540370904446,0.23671138659544844,1.7010369901519447,11.715791954466312,54.57387658732445,27.702646745254537
415920350,0.10637329139920942,0.23649687695059718,1.7002157071818278,11.72333221270181,54.578966163670536,27.67665587251269
415927300,0.10620694665200908,0.236612846337861,1.7003528054632329,11.722072729242994,54.555339112884994,27.678819268791102
415934250,0.10648172839381918,0.2372808599827425,1.7029876045659091,11.69792773434285,54.54454238038049,27.76263195818833
415941200,0.10647980110330643,0.23684121546626966,1.701520468172492,11.711358308656711,54.569849780777496,27.717840462684386
415948150,0.10673891555992397,0.23712043139294645,1.702838221818698,11.69929361002162,54.57999314302278,27.761259861319427
415955100,0.10657170678463466,0.2370993453379434,1.7025174712152973,11.702227617734902,54.56422044399345,27.749410222748544
415962050,0.10689914815695072,0.23731844385642073,1.7037383253328358,11.691069079778721,54.58477830012055,27.79069887351886
415969000,0.10626793534351756,0.2375836807659526,1.7036779954642904,11.69161991827355,54.50525261257509,27.780968767876224
415975950,0.10641914130556047,0.2378822220078022,1.7049002495835632,11.680471792628463,54.50325053543672,27.820051428505856
415982900,0.106047504773311,0.23848314255210076,1.7063549124607098,11.66723559333546,54.430619447725434,27.85935767005235
415989850,0.10559547030033334,0.2383865228770458,1.7053603198422809,11.676281822486569,54.39046185928456,27.823292925987282
415996800,0.10600307039353182,0.2384614433562443,1.706216197452349,11.668496299316795,54.42738100101215,27.8545744115424
416003750,0.10634031790703136,0.2384515794433503,1.7066855907358562,11.664231495441566,54.46212609099975,27.873204372464873
416010700,0.10670692241744863,0.23844953618049997,1.7072266097645097,11.659320345291937,54.49941417074744,27.89435792739139
416017650,0.10700554227923974,0.23886602767610043,1.709068041459677,11.642640026900157,54.50538953807364,27.95402261892764
416024600,0.10659316016328708,0.2388058524340572,1.7082489849524458,11.650052565489055,54.467100536285294,27.923845982018186
416031550,0.10689155977208015,0.2385229264796691,1.7077487015570962,11.654585499457472,54.51386173572563,27.912570339761828
416038500,0.10685232574416495,0.23893881302777845,1.709082135758072,11.642512566730021,54.48560445828593,27.95245067234153
416045450,0.10675590704450653,0.23847341038160924,1.7073798061229848,11.657930551967501,54.50299032372689,27.899635378632365
416052400,0.10715207105697436,0.2384373809805164,1.7078536028519125,11.65363468206234,54.54528866244604,27.91909351465425
416059350,0.10698578738606607,0.23871940974635764,1.7085475155498497,11.647349583468785,54.511950426023006,27.938000050539753
416066300,0.10736175178532621,0.23884262275236243,1.7095249076900438,11.638510036449663,54.54288929730993,27.972471401286434
416073250,0.10752630777117146,0.2387823919316671,1.7095711198441226,11.638092473578016,54.56311295937739,27.975984544606078
416080200,0.10752141049465098,0.23877451704761768,1.7095373801750993,11.638397334433686,54.56307655789541,27.974898669515827
416087150,0.10731822307311427,0.23932830241702044,1.7110867828429304,11.624416267056468,54.51004966861357,28.01918154845047
416094100,0.10733540029251092,0.23944402850777835,1.7115007455371851,11.620687373835379,54.505011859963176,28.031918199962647
416101050,0.107145864897143,0.23970655653179854,1.712097069114774,11.615320621932117,54.47042606074661,28.047410104167316
416108000,0.10741354549503741,0.23936992408528682,1.711369749361387,11.621867064943977,54.517275109829576,28.02898484776619
416114950,0.10697134286211246,0.2394369334603013,1.710930385024915,11.625825780615564,54.46853987275418,28.0098814637986
416121900,0.10732191482406774,0.23975989458465455,1.712540578772836,11.61133283226578,54.485130452277076,28.063133036322522
416128850,0.10736320543423536,0.23954996493788214,1.7118979809048203,11.617111731176253,54.50162182491971,28.044284076693426
416135800,0.1075404825250781,0.2393293931717144,1.7114249732046232,11.621369711062728,54.53252122188695,28.032313377672683
416142750,0.10752726779055502,0.23951401781934994,1.712024290816859,11.615975303012775,54.52035841570606,28.05025866290476
416149700,0.10744331745608957,0.23958335994517266,1.7121305683319865,11.615019306318477,54.507783060518236,28.052364959833653
416156650,0.107562323280466,0.2398171705070054,1.7130946361071868,11.60635546112162,54.50612641026087,28.083040631455248
416163600,0.10754422137796184,0.23992632348809842,1.7134339902330125,11.603309286125185,54.497884534405536,28.093037043622342
416170550,0.10791636898957131,0.23996993234890002,1.714141767173271,11.596961888689696,54.53303415464607,28.1193200528779
416177500,0.10774512329380291,0.24012108243806785,1.7143911751086887,11.59472707239242,54.50679533533335,28.12457008998444
416184450,0.10773058718934732,0.2403873259696927,1.7152645089920289,11.586909337650141,54.48966620770549,28.150680826337304
416191400,0.10775734254977352,0.240613061281835,1.7160644779781986,11.579758911457835,54.47908998068882,28.175108497988628
416198350,0.10792906015579033,0.24065644780436657,1.716469607804152,11.576141556700483,54.493918084667726,28.189613650914648
416205300,0.10799774222338196,0.24092400559990518,1.7174744373031425,11.56718070276634,54.48509980978365,28.220745577959036
416212250,0.10778252740732765,0.24111976289425882,1.7178095309912507,11.56419593545927,54.45178243364355,28.227859000673067
416219200,0.107911422910751,0.24091385921586927,1.7173099284721347,11.568646671000284,54.47696252795711,28.214629004540857
416226150,0.10820110389210882,0.24088646300604674,1.7176553844375895,11.565568740409407,54.50790042114394,28.228941074616277
416233100,0.10827769638644272,0.24107270875566522,1.7183988681783775,11.558950825310498,54.50466124014421,28.252317633711048
416240050,0.10797084026971666,0.24137330260946188,1.7189487263399459,11.554061982268777,54.45586503660486,28.264610910743066
416247000,0.10800348571149938,0.2409862526952839,1.7176928616510159,11.56523493995138,54.482009790944986,28.22738386335014
416253950,0.10839402587003308,0.2412233641924069,1.7190829408318824,11.552869385783076,54.50753712652641,28.2744400784475
416260900,0.10816944941188973,0.24127376879156825,1.718912994037323,11.554379538044419,54.48183214886377,28.26627255164192
416267850,0.10791459291036275,0.24176119375458585,1.7201734924026302,11.543189440574597,54.42726384151855,28.300496528931394
416274800,0.10808938694777125,0.24154753877974908,1.7197157762179907,11.547249958463539,54.457559149745634,28.28923207137979
416281750,0.10825226625535649,0.24169786815040856,1.7204695794376228,11.540564514585922,54.46513942669278,28.314062979942506
416288700,0.10842047204374017,0.24183655263677303,1.7211926318508537,11.534160106046198,54.47393965875918,28.338041212512085
416295650,0.1082698103512613,0.24217100116425117,1.722095179058846,11.526177217704383,54.43890303696327,28.36292188214503
416302600,0.10862440757304821,0.2420460530661712,1.7222097584213218,11.525164684303151,54.48214830265236,28.37130815268967
416309550,0.10843703235476913,0.2421557094112727,1.7222965130534544,11.524398172171056,54.45670639035414,28.371285884079573
416316500,0.10837842737760975,0.2424309213960863,1.7231389430050104,11.516961017039817,54.43446791321885,28.39561654755309
416323450,0.10842811074099808,0.2425287415827538,1.7235452968439327,11.51337755566875,54.43368286708807,28.408443547561678
416330400,0.10829940962921997,0.24251208922024797,1.72329420325251,11.51559154229471,54.42167402428368,28.399127017483416
416337350,0.10870734344655629,0.24318843478213154,1.7262042166775837,11.489992377908802,54.42267497146311,28.491637056981265
416344300,0.10867009706838929,0.2429058929038302,1.7251896118771863,11.498903009148053,54.43571931437631,28.460900467577808
416351250,0.10869883155097386,0.243278692925758,1.7264975611558215,11.487419056661645,54.41644467756017,28.500238842180227
416358200,0.10868117847183609,0.24323345864254337,1.726317301150558,11.489000205123261,54.417355338042256,28.49462377293346
416365150,0.10838967312703755,0.2433527946997562,1.7262809611360528,11.489319021314603,54.38085069784019,28.489319790120174
416372100,0.10875534551553025,0.24355658300054564,1.7275267024284948,11.478401462891828,54.405598412360135,28.53163905947974
416379050,0.10859369058497347,0.24362980879526672,1.7275304611567754,11.478368557591098,54.3849345243381,28.529393802428732
416386000,0.10860758552353511,0.2437869608753754,1.7280855570096223,11.473511405721036,54.37697279268175,28.546064078237077
416392950,0.10862350105418982,0.24402947202450515,1.728934306725551,11.466093812818494,54.364119670541,28.57145218841211
416399900,0.10903761175406196,0.24380277832269212,1.7287917492452172,11.467338919767464,54.41939051395759,28.57330214374634
416406850,0.1089716440398054,0.24386818481295788,1.7289138328777935,11.466272613853734,54.40883421468021,28.5759624910395
416413800,0.10902493643356266,0.2441564488670856,1.729975194582789,11.457011967776165,54.396997475583085,28.608208263422192
416420750,0.10894587528333145,0.24372812457912943,1.728398655107357,11.47077383058578,54.41459082987224,28.560299195914677
416427700,0.10912823451935273,0.24424051888388548,1.7304182932685377,11.453150868698525,54.40238728061978,28.622854859899444
416434650,0.10900724339188476,0.24400963653201355,1.7294488888361979,11.461601982632484,54.40398104373424,28.592350810974924
416441600,0.1090046615414485,0.24440778318841463,1.7307999214117187,11.449827794073501,54.379936347360264,28.632325839259053
416448550,0.10898812749480986,0.24430636845562131,1.7304295171325845,11.453053104094797,54.3843311381145,28.621119034385526
416455500,0.10897350349343625,0.24441659136345775,1.7307826019308323,11.4499785579596,54.37627070091431,28.63135092387131
416462450,0.10898807675951784,0.24457828158895825,1.7313554953977068,11.444993994560836,54.3680721839513,28.64850972439087
416469400,0.10925663897392973,0.24475343548028916,1.7323606109871736,11.436260754118221,54.38464254521807,28.682223176936283
416476350,0.10915851197183567,0.24492341847012444,1.7327909620448596,11.432526168518244,54.364580566582866,28.69346587814067
416483300,0.10921169629499042,0.24468308384071552,1.7320524538886894,11.43893665093538,54.38432704926895,28.672445451765874
416490250,0.10930355719479284,0.24477342390628556,1.732500152718237,11.435049506449662,54.388171931211374,28.68704648516111
416497200,0.10945893517560085,0.24510750695889966,1.7338762019038014,11.423120797445073,54.383798609397466,28.73000881671221
416504150,0.10923873002022944,0.24495904506999347,1.7330344562196471,11.430414358378048,54.370523638086475,28.70185836034549
416511100,0.10948798970763406,0.24517040547485805,1.7341351256528974,11.420879407731643,54.38295136965196,28.73808574862222
416518050,0.10953663151448277,0.24501488376066174,1.7336786408991673,11.42483167148117,54.397179605137765,28.725339785057965
416525000,0.10968838897650908,0.245539305476197,1.7357004763025312,11.407350176615639,54.38097717495846,28.7872609130668
416531950,0.10965661828857,0.24558652299602066,1.7358133300139518,11.40637620051393,54.37494146475841,28.790104457193756
416538900,0.10960802111738653,0.24575067875430445,1.7363003011581881,11.402175602704556,54.36018369262542,28.803702847336364
416545850,0.10953966483733234,0.2456122026411549,1.7357227331793221,11.407158075182345,54.361628161940985,28.78566102485521
416552800,0.10974162112340981,0.2459496714958109,1.7371846878252166,11.394555919715367,54.36165564800218,28.83175888305028
416559750,0.10943648182333246,0.24587102916031314,1.7364504988683178,11.400880713330274,54.33569417417642,28.805496723335846
416566700,0.10961524328750809,0.2461942566168231,1.7378289779138645,11.389012158318575,54.334224974199714,28.848749670935486
416573650,0.10985321858671301,0.2464764551388075,1.7391586679286555,11.377590314038446,54.34114733112632,28.891455495081544
416580600,0.1099630879514895,0.24632419526997998,1.7388049608735812,11.38062605797617,54.3613738516596,28.882770010193088
416587550,0.11004028258442718,0.24668232954641325,1.7401502066222727,11.369090108983144,54.347531497379755,28.923435126863815
416594500,0.1101111593984841,0.2467800721509894,1.7405937987224938,11.365291989576496,54.34875433344329,28.93753910417239
416601450,0.11042063395665798,0.24657567833912838,1.740367339856777,11.36723061204059,54.3922206047795,28.93567858193477
416608400,0.11029982131665982,0.24652375639992338,1.7400041118392922,11.370341633088024,54.383202950517486,28.923158512229474
416615350,0.11041796722844552,0.2468058577815404,1.7411523350597782,11.36051380378425,54.378041921163,28.958669600879517
416622300,0.11002163989272068,0.24675678875850468,1.7403770161954017,11.367147761428587,54.34116287405606,28.929793622202922
416629250,0.11009928025193776,0.24685084740142568,1.7408183758230868,11.363370219620794,54.34328580293332,28.943934923881518
416636200,0.11019234571582892,0.24715904386990373,1.7420185101894712,11.353112859884028,54.33401012620787,28.98052636628698
416643150,0.11006323969611995,0.2474044405557366,1.742663937182166,11.347605209134151,54.306202650625394,28.99736123324038
416650100,0.10995031293379082,0.24719113749845903,1.741758607375171,11.355332419517765,54.307761856590496,28.969117879517842
416657050,0.1100965140084489,0.24720982591950547,1.7420462553469438,11.352875975703547,54.32131367255227,28.97983230614136
416664000,0.11024470319377588,0.2472419106914816,1.7423832358616653,11.349999782458948,54.334257435990764,28.99201752621792
416670950,0.1099669574274536,0.2475244936809583,1.7429294506388624,11.345341256865758,54.289276352976024,29.003586485970065
416677900,0.11000822555033793,0.24727882790009598,1.7421482764620013,11.352005030799946,54.30827600168638,28.98142316644027
416684850,0.11019245313617318,0.24746780120362705,1.7430793270082872,11.344063760752942,54.315341083557506,29.011540957075013
416691800,0.11009335729580096,0.24711265178123845,1.7417077603027553,11.355766767049927,54.32687132554698,28.969881320309778
416698750,0.11020523224551497,0.24772102667216,1.7439695447789256,11.336482585208255,54.30129096607728,29.03773298931956
416705700,0.11051972257650539,0.24801569966567202,1.7454653700131533,11.323769932721534,54.314986427952824,29.086372122252104
416712650,0.11073680759422357,0.24788606359945656,1.7453525565609953,11.324727575493123,54.344646748432275,29.086533616857583
416719600,0.11061441310986153,0.24778753944695264,1.7448255657413487,11.329203499970893,54.33833485645874,29.06921322446359
416726550,0.1110225531703245,0.2482114983131147,1.7469125118948867,11.311501859021774,54.35356730830479,29.136571898741842
416733500,0.11088508465315336,0.2481819736176547,1.7465991928220579,11.314155440642622,54.34156068615081,29.125250307304995
416740450,0.11092343799392758,0.2481684400257846,1.7466116098156315,11.314050250907453,54.346233705413944,29.12622281123822
416747400,0.11071886397205254,0.24835682291837244,1.7469459723017964,11.311218557709708,54.31425186907897,29.132695083388302
416754350,0.11045804630543749,0.24823953690094894,1.746141626853556,11.318033232663732,54.29521227981995,29.105086151134415
416761300,0.11017821183827001,0.2485096209865454,1.7466441238933492,11.313774820601306,54.25076133283151,29.115175118269818
416768250,0.11041528650597544,0.24861265401178845,1.7473622609373347,11.307695289908066,54.2682622239731,29.139899784117837
416775200,0.11075022110367395,0.24881229791737383,1.7485648053720404,11.297531535280608,54.28969389968062,29.180280956026298
416782150,0.11116672011865444,0.24896600391843343,1.7497361865266001,11.287651122968128,54.32209326304382,29.221064588820703
416789100,0.11118118504873684,0.24901838767948956,1.7499393282901454,11.285939653528892,54.32034988719754,29.22720007057298
416796050,0.11134924620361566,0.24959537629534073,1.7521923892305296,11.26699709350132,54.3019747815491,29.295300243353946
416803000,0.11117790996592532,0.24949681844872187,1.7515873621114277,11.272076744657157,54.29082725470764,29.274958268012078
416809950,0.1111617620648687,0.24930555272607777,1.7509013122657229,11.277842943854054,54.300884690028816,29.25480542767137
416816900,0.11128156691274926,0.2494634266915955,1.7516316998441,11.271704319765911,54.3032536700062,29.277942379583745
416823850,0.11130214319934212,0.24926300147409003,1.7509707235898164,11.277259241819301,54.31755425074132,29.259108120937636
416830800,0.11100647963843348,0.24976654929776704,1.752256555980551,11.266458671205504,54.257185191583375,29.291504143032686
416837750,0.1115390858365327,0.24936565802835256,1.7516913676772257,11.271203170347352,54.335043036496444,29.28387309723055
416844700,0.1113065821575861,0.2500894326989766,1.7538367370652728,11.253217819319252,54.26749015093632,29.34217463217187
416851650,0.11130768340836247,0.24988041027489002,1.7531145807450061,11.259264612232382,54.28038647027059,29.321313201798542
416858600,0.11120877025701033,0.2500517326309201,1.7535553968909199,11.255572672355157,54.26000528475603,29.332416987396318
416865550,0.11134240999803383,0.25004943403352026,1.7537534323201487,11.253914973958235,54.27352449112757,29.34036244897112
416872500,0.11178453125005781,0.25024138979727945,1.7551016012552734,11.242644559018878,54.3060425704048,29.38666345656794
416879450,0.11164576038970354,0.25030583014684693,1.7551102548370556,11.242572299673295,54.28819555470795,29.384610551629915
416886400,0.11128445631804626,0.25074097632588166,1.7560620577884691,11.23463096606448,54.225374158828615,29.406003147242664
416893350,0.11112963272260516,0.25067003366142926,1.7555774260674426,11.238672880553045,54.21424272013779,29.389423578910716
416900300,0.11100111957509089,0.25134808787052043,1.757735833083334,11.220696736941063,54.159838678820456,29.449279252534186
416907250,0.11080683790820094,0.2520903428521108,1.760022751085723,11.201721380692824,54.094892004048525,29.511379678991414
416914200,0.11103760990616854,0.25178496615531376,1.7593125899428614,11.207606033178246,54.136660010121766,29.495112176127446
416921150,0.11124248411886158,0.2514096952557089,1.7583212964392199,11.215831995996732,54.180154090232946,29.47024393436594
416928100,0.11123153668155088,0.25150760632701874,1.7586451162153367,11.213143363980233,54.17304821457744,29.479347075853447
416935050,0.11167690898920656,0.25125799687709366,1.75846373424008,11.214649173815346,54.232872947741114,29.481776541228996
416942000,0.11188649508107562,0.25118589968589466,1.7585372832621933,11.214038523956386,54.25825895297041,29.48745225665448
416948950,0.11210431812927475,0.2514065014782294,1.7596417409945206,11.204877696048461,54.26646878488708,29.522914317443476
416955900,0.11159457083762023,0.25155844510879555,1.759381618635992,11.207033728523196,54.20617506502146,29.50673477401773
416962850,0.11178517038617143,0.2516937902117409,1.7601471813953875,11.200691028044671,54.21688626086936,29.53198058905245
416969800,0.11208418781605246,0.2517672591477244,1.7608658730707403,11.194744065044011,54.242235926812135,29.557736968521134
416976750,0.11204199342845543,0.25204146662976207,1.761755633223091,11.187391479714353,54.22111782829399,29.58252889982809
416983700,0.11197502148724876,0.2521734500455275,1.7621119615894996,11.184450011176558,54.20629152017464,29.591577585016214
416990650,0.11253065941090275,0.2522542325618503,1.7632558092191837,11.17501946546691,54.25679790187987,29.633946032025577
416997600,0.11261483276878839,0.252365319318666,1.7637741487824754,11.17075190877574,54.25834157209304,29.650247304190433
417004550,0.11260881152633002,0.2524908805855027,1.764202789556752,11.167225645225315,54.24997588767555,29.662417831949917
417011500,0.11231761300200997,0.25247213907996857,1.7636848161630987,11.171487132113429,54.222055706584,29.642545271783664
417018450,0.11246948348507413,0.252846350235241,1.765227147281456,11.158808863156334,54.21407525854009,29.68928739006289
417025400,0.11254142349120343,0.25274483006193266,1.7649843964623866,11.160802159107003,54.227537326050346,29.683606544068624
417032350,0.11215818011609362,0.25292449143500534,1.7650171040213312,11.160533540977317,54.1781868298598,29.677825860927193
417039300,0.11269345445272731,0.2523011835246038,1.7636728938357318,11.17158526328948,54.270162768380324,29.648699882563708
417046250,0.11282925494363497,0.2529335308634958,1.766091582120354,11.15171729405062,54.244586999567844,29.720267051335625
417053200,0.11236181616897672,0.25249514186966093,1.7638337093976124,11.170261775306905,54.22504738610095,29.647573308017407
417060150,0.11236116499067432,0.2524739759072244,1.7637588426250081,11.17087787338062,54.22629039709494,29.645419840535777
417067100,0.11311375906364227,0.25229841967720756,1.7643190447715702,11.166269693278219,54.312351017945296,29.674427339019115
417074050,0.11242786107152412,0.25310672388498207,1.7660724221263555,11.151874366263083,54.193805955774735,29.712686685289086
417081000,0.11238426252053722,0.2532501133702017,1.7665061652739504,11.148319800190409,54.18057890690319,29.724285301731634
417087950,0.11217024449657194,0.25341439856836967,1.7667490992712986,11.14633005517802,54.14907459173533,29.72740543501076
417094900,0.11241125881545574,0.25331688875942326,1.7667816661639582,11.146063378034409,54.179134137476936,29.73261478974675
417101850,0.11253628440723724,0.2535288620592286,1.7677176884933548,11.138404846148521,54.17845894938245,29.76149411458415
417108800,0.11294922582062905,0.254044981527531,1.7701685316900009,11.118408433784637,54.18756545790151,29.838571717202342
417115750,0.11303431077093727,0.2537158288235116,1.7691478324755228,11.126726418250302,54.21650604523207,29.81104853259771
417122700,0.11261714495726333,0.25380629991907305,1.7688150247551688,11.129441618155077,54.16930444696743,29.794158830750618
417129650,0.1131536904247457,0.2536934401816537,1.7692557910019933,11.125845964908336,54.22980386152276,29.81623447669646
417136600,0.11312390210570754,0.25415624664019837,1.7708311599467648,11.113016015108126,54.19805127374585,29.860524690918737
417143550,0.11326821487849606,0.254239296248268,1.771347849872265,11.108815341166203,54.20726377716631,29.877784749797964
417150500,0.1134726717752442,0.2543784850313516,1.7721559727695908,11.102252533159687,54.21897020219016,29.90439539483606
417157450,0.11325785120201018,0.25413386065406485,1.7709618675162664,11.111953026390037,54.21279517560102,29.866630342796704
417164400,0.11350096510270476,0.25449220468915806,1.7725993913405367,11.098655237891698,54.21470025934477,29.917493179327703
417171350,0.11321091925090851,0.2542626263050165,1.7713401724811804,11.108877731802657,54.200101156789884,29.87654218632634
417178300,0.11357756422710633,0.2544622837947076,1.7726143273022785,11.098534113769617,54.224200488991364,29.919287929554486
417185250,0.1134340585744113,0.25456327735729284,1.77274419754913,11.097481049010717,54.20360157543416,29.92040308566546
417192200,0.11395317191291514,0.254547315718036,1.7735021637953747,11.091339522091674,54.25634148521664,29.95120690058666
417199150,0.11388261343861353,0.25484038669812537,1.7744206276736152,11.083907846549348,54.23099932049351,29.976015114478834
417206100,0.11414772467949061,0.25527171671110777,1.7763539052001274,11.068301668606669,54.23043428494304,30.035574366883043
417213050,0.11399429365252298,0.2551773397979899,1.7757806571600137,11.072923962406554,54.22105737505606,30.016569849800057
417220000,0.11437845582812167,0.2554829559113818,1.7774606647964712,11.059389833853874,54.24018462330183,30.071073437143887
417226950,0.11395165840055563,0.2569046504378643,1.781806241084473,11.024554882067504,54.108498637566676,30.185663912890636
417233900,0.11403537789644594,0.256907590979428,1.7819480283209201,11.023422468707558,54.116625536899335,30.19121845303838
417240850,0.11408360855653633,0.25693688735933756,1.7821273822809245,11.02199039763967,54.11957228916858,30.197159772127037
417247800,0.11352734127236855,0.25692963044864825,1.7812301276382854,11.029158840032398,54.06482207715347,30.161490053583716
417254750,0.1138770534477275,0.25675117774969997,1.7811465379228746,11.029827200882313,54.110734616044205,30.165739227337532
417261700,0.11387077076333303,0.25686798435285696,1.781549706429127,11.026604418412408,54.102772992061205,30.176940994316208
417268650,0.11429253195878064,0.2571697857855101,1.783279834385372,11.012798545968563,54.125660951673794,30.23342908120359
417275600,0.11442483065129677,0.25761381360838037,1.7850607520956665,10.998628142097008,54.11081264617043,30.285835027841426
417282550,0.11470127054453444,0.25751266897511427,1.785138055754094,10.998013985667587,54.144629817618146,30.29323401407774
417289500,0.11454551030308893,0.2576964413369594,1.7855437276821358,10.994792303408216,54.11757437626552,30.30164588875021
417296450,0.11446471119610337,0.2576160497336533,1.7851314727040464,10.998066283180732,54.114628628491246,30.288571992412077
417303400,0.11439718487806827,0.25773526539178254,1.7854477919182699,10.995553993830239,54.10041019417883,30.296139974550602
417310350,0.11426736039756531,0.25761120266429277,1.7848037546185713,11.00067047417208,54.095355374913474,30.27564808036764
417317300,0.11416744689902021,0.2577424118192531,1.785111919319775,10.998221623818086,54.077176370296876,30.28236246129486
417324250,0.11435632337715194,0.25767518300014386,1.7851704734841816,10.997756458734514,54.100146298361814,30.28760319280771
417331200,0.11461176686968635,0.2576436987612544,1.7854612032194044,10.995447506456168,54.127477329529455,30.30059289020397
417338150,0.11465200254135655,0.25796630310366947,1.7866687037774083,10.985869346445005,54.111102232893586,30.335140794535203
417345100,0.11432300519718006,0.25805478650492175,1.7864646369965254,10.987486724854573,54.07289432332691,30.32314114869217
417352050,0.11447061311160175,0.2586547103527598,1.78882824159064,10.968786339017617,54.04961439017314,30.39190259622447
417359000,0.11452847607208376,0.25875299837610155,1.7892688980217237,10.96530789821779,54.04912648224262,30.405295628553986
417365950,0.11446688650146226,0.25874096128326846,1.7891291356644698,10.966410880362591,54.0437898289632,30.400207271238013
417372900,0.1145177129036257,0.25868221031664057,1.789000176858539,10.967428824941841,54.052539150072306,30.39760502117185
417379850,0.11457076957872012,0.2587084528632246,1.7891770574345087,10.966032661194298,54.056133143184695,30.403560546103286
417386800,0.11432764987954153,0.2587618866108676,1.7889845934195434,10.967551848268812,54.028682527657026,30.393472426725726
417393750,0.11448040604768042,0.2587911694071306,1.789329019477735,10.964833506390999,54.04195194620621,30.40603346944005
417400700,0.11454391834536891,0.259248488418495,1.7910571252547505,10.951217573987877,54.019282444742124,30.455312577201553
417407650,0.11439933737919747,0.25879416239611686,1.7892121275966533,10.965755891100365,54.03373721485059,30.401201150617304
417414600,0.1147460857928585,0.2594396638084693,1.7920569094022327,10.943357585288648,54.02716212223989,30.487040536968372
417421550,0.11498331436722167,0.2592648957116902,1.7918085214671935,10.945309143780067,54.06172482220959,30.484795000580867
417428500,0.11518244932792926,0.2590562858906648,1.7913805327048222,10.948673651753635,54.094681357705014,30.476770621261682
417435450,0.11526043866758934,0.2587613999723407,1.790454773165058,10.955959234158785,54.12111563908956,30.45249339690153
417442400,0.11527137958764395,0.2591395242690888,1.7918176951120122,10.945237053419989,54.098208794492805,30.490660844334545
417449350,0.11541684075554616,0.259170097711321,1.7921570957654251,10.942570653653219,54.110679299867336,30.502926316147587
417456300,0.11572073497408529,0.2595982816091288,1.7941652585250458,10.926824079504406,54.113562762645344,30.564667808415518
417463250,0.1151873821040077,0.25922091365246724,1.7919745492649688,10.944004593358656,54.084722084988066,30.493390589627968
417470200,0.11545299919178326,0.25940984612632817,1.7930684883509436,10.935417821092994,54.099028434132485,30.52897463144925
417477150,0.11574972947699841,0.25995745188644864,1.7954926824315824,10.916443415105793,54.09356305680555,30.602079877254205
417484100,0.11596289266919552,0.2598313347688743,1.795381721694487,10.917310293137593,54.12270657769826,30.603174465738263
417491050,0.11564705051375862,0.25963537512393653,1.7941804488868656,10.92670516245795,54.10390408608895,30.56365244777026
417498000,0.11557458627339344,0.25973290309109215,1.794413228078698,10.924883226573865,54.09052232700324,30.568698195072418
417504950,0.11571032851814347,0.25948284736967897,1.79373721628881,10.930176189717377,54.11987730844455,30.552570162334128
417511900,0.115848843956858,0.260267594293659,1.7967578573988705,10.906570236709177,54.08360218220262,30.639092150956003
417518850,0.11557327339199025,0.25980007555997514,1.7946507847563107,10.923024604610083,54.086117249216066,30.575264532995025
417525800,0.11562676984728687,0.26023651112801643,1.7962939424880753,10.910188197892596,54.0636139442243,30.621858401957024
417532750,0.11562381581046911,0.26040223360916165,1.796881509635071,10.90560635939813,54.052757653857356,30.638059901045896
417539700,0.11562023187789934,0.2606649738368739,1.7978154408138423,10.898332506641692,54.035645511959466,30.663805067658597
417546650,0.11588762808229243,0.26008416143300717,1.7961643493093968,10.911199347965105,54.09913787268155,30.62341150230556
417553600,0.115592087097889,0.26048566070561546,1.7971294265600162,10.903674409464763,54.044300974240976,30.644285387492697
417560550,0.11574429807465667,0.26067084033422894,1.7980334158608455,10.896636399256723,54.047533996399466,30.672302211329814
417567500,0.11575020085344748,0.26105297001429856,1.7994107573153937,10.885932781296969,54.023714504780926,30.71043911980785
417574450,0.11576962496794782,0.261294608457293,1.8003074938954904,10.878976781407967,54.01018861985544,30.735543901677413
417581400,0.11570021759443978,0.261507756673703,1.8009616490635123,10.873908807994573,53.989707328840446,30.75214494200583
417588350,0.11586683993072402,0.2614347980125878,1.800964605597338,10.873885914755716,54.01082041232548,30.755602270917233
417595300,0.1158237193380304,0.2612883536408627,1.8003710084080171,10.878484478379015,54.015929812562014,30.738385147359956
417602250,0.11603643392544503,0.2619906881932351,1.8032295975834827,10.856379337713998,53.99195687332332,30.82132046322973
417609200,0.11605589988989656,0.2614290210598588,1.8012446220252802,10.871718164440695,54.02985783725801,30.767130966769365
417616150,0.11615346488295157,0.26171491465137187,1.8024256597180761,10.862585857394434,54.02118036065332,30.80160781126789
417623100,0.11639939399751098,0.26194487294737906,1.8036434207576169,10.853187676134413,54.03071149272493,30.840077880741653
417630050,0.11630540906381294,0.2621460937295569,1.8042164322314798,10.848771744975053,54.00852343689493,30.853904067327203
417637000,0.11635633823811953,0.26212049458103565,1.8042056596809244,10.848854726634201,54.015191414901075,30.8546471812549
417643950,0.11687811448529133,0.26249365334663366,1.8063814177888569,10.83212369389505,54.04269703306901,30.925003780570876
417650900,0.11679400465212669,0.2622693173486821,1.8054399840298705,10.839355942896933,54.048825487671,30.89745152922703
417657850,0.11718432229759992,0.2623550975835852,1.8063742291719753,10.832178876846598,54.08184580260347,30.931035211437163
417664800,0.11718095217925885,0.2619240856660585,1.8048201780157225,10.844123337051908,54.10924891445188,30.88823230379018
417671750,0.1170881412615004,0.2625044671126036,1.8067570268270758,10.829241236191283,54.06273091092889,30.939590915774943
417678700,0.11727119813870208,0.2623466686692381,1.8064834948718493,10.831340174120678,54.09096939940625,30.935797045372375
417685650,0.11686639775276593,0.26267331656815396,1.8070091585877996,10.827307323229778,54.02997711177203,30.941976435869318
417692600,0.11726889206197123,0.2627533784435491,1.8079429924193724,10.820151357613742,54.064534862588204,30.975806636261826
417699550,0.11675234112577136,0.26295987635926177,1.807858557697238,10.82079794257636,54.00027817316643,30.962890209753635
417706500,0.11664402694443654,0.2630805132948508,1.8081201072514514,10.818795328744905,53.98183419361912,30.967803634556635
417713450,0.11717262316449677,0.2632524851482756,1.8095866424803697,10.807581908598266,54.02284551275818,31.018830308126294
417720400,0.11675506382548516,0.26324255748799386,1.8088818383441547,10.812967713047911,53.98233430606744,30.990922783951717
417727350,0.11681496284752241,0.2630980170237332,1.8084565623923858,10.816220410332827,53.99755141013531,30.980540204290744
417734300,0.11697481466009103,0.2630136595540702,1.8084085460021828,10.816587799222162,54.01874590053162,30.98252629226257
417741250,0.11678066705682608,0.26354285124253235,1.8100062030471793,10.804378677514283,53.96549384472083,31.022150055719553
417748200,0.11740145546031218,0.2635670058314487,1.8110888647489467,10.796122714439312,54.02509015503231,31.06461223296918
417755150,0.11734208798348914,0.2637253345404401,1.8115650450921916,10.79249604041308,54.00900605441991,31.07637686525089
417762100,0.11761545121023723,0.263704639569843,1.8119300393544282,10.789718035282693,54.037283205734596,31.092015728542208
417769050,0.11805761824532499,0.26345199831072547,1.8117316765239022,10.791227593458752,54.09724507640337,31.095713054924207
417776000,0.11800286797171583,0.26378257091663004,1.812836311562621,10.782827267495819,54.070435262184375,31.124780311634126
417782950,0.11766353328341396,0.2637387489287681,1.8121306466026486,10.788191880205023,54.03981575909322,31.09848893494337
417789900,0.11745903299341469,0.2640228418081324,1.8128278502349278,10.782891556718512,54.00128246042546,31.11324592673205
417796850,0.11802257737496331,0.2641377241642718,1.8141513901319886,10.772845765723726,54.049359215142545,31.161070837890154
417803800,0.11781277821129613,0.2645063941116705,1.8151464697532858,10.76530687437243,54.00478390065357,31.18377786536836
417810750,0.11751463862490742,0.26438516688883423,1.8142276306157932,10.772267734759026,53.983295785298,31.15251789220552
417817700,0.11766271650865905,0.2646653458498541,1.815480211088405,10.762781050734633,53.979704989499666,31.189687999489138
417824650,0.11759086983420547,0.26464084868540166,1.8152758457151232,10.764327572003348,53.974224969269365,31.182618353126532
417831600,0.11798645488926851,0.26477956446927614,1.8164158627016938,10.755706947384159,54.00414938706768,31.22193931188218
417838550,0.11749473821144706,0.2646728826094627,1.8152372337057372,10.764619821948669,53.962691345260104,31.179536704882167
417845500,0.11744577007003927,0.264224742303415,1.8135365221033766,10.777510050844125,53.986907219651485,31.132266812909634
417852450,0.11749649996243458,0.2648842281164874,1.8160058038491873,10.75880595745619,53.94915933082185,31.200434708225462
417859400,0.1182612793291526,0.2647180762342082,1.8166372932422903,10.754034325990895,54.035200274933764,31.23374014523028
417866350,0.11784550336202637,0.26488562748814237,1.8165727726108243,10.754521635525624,53.983392326853156,31.22322249653262
417873300,0.11816599748396707,0.26485140240008637,1.816966175744319,10.751551123428946,54.01715429343151,31.24067467310053
417880250,0.1182009401651382,0.26482896517301024,1.8169413774767538,10.751738315926506,54.02205234539639,31.24073695765004
417887200,0.11827558659567201,0.2651469176417906,1.818214655814889,10.74213629566051,54.00872331596076,31.27688422350478
417894150,0.11876382507246748,0.26502782057530355,1.8185743072051903,10.739427591444715,54.06454235309135,31.296943593213456
417901100,0.11841875341294765,0.26524609583334674,1.8188061379285902,10.737682378826928,54.016355724740905,31.295960940198746
417908050,0.11844725866269729,0.26519339925524665,1.8186611593011894,10.738773697555688,54.02259162106258,31.292631033603502
417915000,0.11856820988012147,0.2652098750271858,1.818916957976059,10.736848355088547,54.03342316544774,31.302128497777783
417921950,0.12260100429254887,0.26615042207877276,1.8289775816997276,10.6617343989243,54.36962986527403,31.659508589305386
417928900,0.12235592489745624,0.26573500936335515,1.8270587747832348,10.675969277852492,54.37281302742049,31.602230601147383
417935850,0.12241901229043145,0.26613524724362825,1.8286179545542685,10.66439908654458,54.35263458569795,31.645984353503
417942800,0.12247937893298513,0.2664561319744244,1.8298857325663236,10.6550120268153,54.33739816817996,31.68169370466051
417949750,0.12246681421149698,0.2665126639314773,1.8300704140690562,10.653646129614495,54.33241892020735,31.68644941427995
417956700,0.12262886682369492,0.26678816085889795,1.8313444575890754,10.644234049835376,54.330203227485256,31.724388902937246
417963650,0.12243546197608257,0.26663138977604595,1.830450108185862,10.650839161006205,54.32147063363613,31.696106090569117
417970600,0.12248535352761424,0.26685410397282266,1.8313445455224333,10.644233400865978,54.3116645223602,31.721403035184633
417977550,0.12286832306026223,0.2672463958283018,1.8334156978218425,10.62897238621284,54.32348956750872,31.785508744160445
417984500,0.12276364027401564,0.267463120348233,1.8340309573779734,10.624448378891596,54.298782712528634,31.799956264385735
417991450,0.12314778699766032,0.2674599678461909,1.8346639598504495,10.619798413703165,54.33690790287766,31.82514181873905
417998400,0.12315270022716605,0.267809625281837,1.8359489758967729,10.61037285464418,54.31416164571984,31.85997898284765
418005350,0.12342772537200351,0.2681741028017391,1.8377438661225196,10.597238738958053,54.31704536590809,31.914230985463146
418012300,0.12369719919134604,0.26811280445323843,1.8379738151648344,10.595558719677413,54.347715437251985,31.92613169597646
418019250,0.12364855881150134,0.26801306005160136,1.8375270979990874,10.598823004777003,54.34955924430331,31.913046950859105
418026200,0.1237408906717416,0.26838722575239277,1.8390514319872173,10.587693546082242,54.33373475852617,31.956120428457613
418033150,0.12386289559744142,0.26834577675316906,1.8391057173603533,10.587297681100154,54.34853573324386,31.960167802147208
418040100,0.12380949509495885,0.2682883281088603,1.8388053384749636,10.589488548944015,54.34709778146821,31.950937895447627
418047050,0.12393592401355681,0.2680477309227643,1.8381390178778754,10.594352108900631,54.37561878608402,31.935618119903616
418054000,0.12368277601596986,0.26866081679631054,1.8399551500840692,10.58110768508245,54.30975591356847,31.97922334124269
418060950,0.12406629022325362,0.26903161182284163,1.841961846683837,10.566516624880077,54.322796636535976,32.041386026971324
418067900,0.12397955189313126,0.2688820965524661,1.8412670257927362,10.571563689646283,54.32423889042126,32.02085080858154
418074850,0.12440700875252925,0.2689122854124297,1.842101350230908,10.565503944810576,54.364373741916545,32.05240624252976
418081800,0.12457019790940685,0.2686924781914383,1.8415728686602697,10.56934143185388,54.395182824989185,32.041632941337625
418088750,0.12470454556550366,0.26874895280717603,1.8420079933509717,10.566181614270898,54.40466673625208,32.05619852290659
418095700,0.1246428334626624,0.2692173081379068,1.84362018356907,10.554492529128765,54.36721236653635,32.09828061649587
418102650,0.1248912819930976,0.2691439525958915,1.843773530402497,10.55338220599781,54.396638021788206,32.107694983202066
418109600,0.12485574777971792,0.26918339124177154,1.8438577254422994,10.552772694631702,54.39048793827193,32.10920426582908
418116550,0.12516803006364058,0.26962946412501376,1.8460271492374056,10.537094775292651,54.39135847662553,32.17416259648391
418123500,0.12521655289250858,0.26956224658301764,1.8458630214168426,10.538279064631354,54.40065974758585,32.17079207358432
418130450,0.1252047397403933,0.2697793997655356,1.846640663931028,10.532670504395538,54.38490429372666,32.19141449919076
418137400,0.12549120122060964,0.26969546321594384,1.8468213902366937,10.531368016286887,54.41880120687275,32.202394074533785
418144350,0.12566884335489126,0.2695901974784132,1.8467386211721362,10.53196448524712,54.443412575360185,32.20395385376806
418151300,0.1258290035849988,0.2699852035532872,1.8484645352862297,10.519542451370306,54.432627007686264,32.25371715134022
418158250,0.12553876649661244,0.2704080138469204,1.8495235875227378,10.511936289457429,54.37552660362539,32.27584913059889
418165200,0.12597435400182777,0.27076356224879783,1.8515794214039512,10.497206277285693,54.394460936036054,32.340259409439795
418172150,0.12601641624506454,0.27077330555952195,1.8516874901623281,10.496433244257181,54.39794719445019,32.34405975226656
418179100,0.1263509004361595,0.270637119312384,1.8517601917607818,10.495913269821555,54.44011720004426,32.35323252067554
418186050,0.12651274020903405,0.2704912031447771,1.8515012732393348,10.497765362921571,54.46594241192029,32.34977743970246
418193000,0.1264368710294949,0.27050632718401685,1.8514263311604027,10.498301574252356,54.457435149881626,32.34614213028575
418199950,0.12667769817150262,0.27021274614426216,1.8507606247638773,10.50306740202966,54.50104415588193,32.33343985053633
418206900,0.12684739788502325,0.2706096567861048,1.8525147117991245,10.490520212757762,54.490955489848105,32.38410048125417
418213850,0.12657457395832772,0.2705196531492192,1.8517125768379374,10.49625381349096,54.47012029276248,32.35676437098241
418220800,0.12645725361103724,0.2709191112418605,1.852982664518244,10.487178556924563,54.43153613760419,32.38822493000721
418227750,0.1263221089567467,0.27088908300592646,1.8526394176486365,10.48962945400736,54.420246894244784,32.376125364300925
418234700,0.1266801703594211,0.27130238377400234,1.8547809581679662,10.474359047973163,54.42755626636066,32.441087428894654
418241650,0.12693441720132312,0.27149504725817997,1.8559312539134252,10.466177289252778,54.43954469023084,32.47730718052536
418248600,0.1271851132361529,0.27119330879761766,1.8552505639283565,10.471017135257375,54.4847280831403,32.46456901387933
418255550,0.12694359240106415,0.2714751097658561,1.8558734490284916,10.466588099502108,54.44180124620202,32.475965138877214
418262500,0.1271398704109831,0.27201826035031584,1.8582208889573788,10.449934158098454,54.42425294943294,32.54278968963862
418269450,0.12703275503005135,0.27175426170130645,1.857059180566619,10.458168501103735,54.43163919921135,32.50951644791191
418276400,0.12704817895112377,0.27178836935405487,1.8572119554421693,10.457084784123795,54.43084220866021,32.51392302505227
418283350,0.12711315027522083,0.271681090149669,1.8569276688468723,10.459101587870268,54.4445270875636,32.50776774591429
418290300,0.12719894757448902,0.2720067824409577,1.8582806183192833,10.44951118021676,54.43084983575541,32.54567506817133
418297250,0.12755811548592505,0.27211756274106946,1.8593129295371833,10.442206834262427,54.458686473538954,32.58101619702139
418304200,0.12763843071247197,0.27234949151401594,1.860311083073195,10.435155022195087,54.450803144834715,32.60932636906454
418311150,0.12762894975658096,0.272597554793349,1.8612138448836995,10.428786298346918,54.432966706535304,32.63309959228155
418318100,0.12762056770886757,0.2726816833579615,1.8615112115944281,10.426690363407598,54.426407228544484,32.64080680503791
418325050,0.12788003455964136,0.2724794862032471,1.8612124710030928,10.42879598407842,54.465734348456756,32.638594171777406
418332000,0.12836292179740483,0.2729374503899806,1.8637518630733898,10.41092775200398,54.482014673338774,32.716660878349394
418338950,0.12817915745451713,0.272514540943125,1.8618631488959725,10.424211013508323,54.49280589142887,32.66245499043139
418345900,0.12809221822914393,0.2725276597149424,1.861760280360501,10.424935571932084,54.48334606332877,32.657813563715585
418352850,0.1284630388891413,0.27304094868699436,1.8643107499943252,10.407004366071222,54.484794340067715,32.733697643316326
418359800,0.12831735168533664,0.27301551051038,1.8639620445825358,10.409451890324874,54.47219154100361,32.72123032717422
418366750,0.1283497708400265,0.2729598955291118,1.8638122035101194,10.41050400306334,54.47918536439739,32.7179716909116
418373700,0.12846742975755954,0.27293549287464935,1.8639270515379485,10.409697573581166,54.492439392663854,32.7236140347315
418380650,0.1287626111981832,0.2734532213983073,1.8663657391534227,10.39260669235071,54.48605599460299,32.79479160349428
418387600,0.1286053536118235,0.2734006929885873,1.86589547615621,10.395897524730394,54.47417888343191,32.778848280208436
418394550,0.12872016276493445,0.2732855961797433,1.8656686317795852,10.397485781026656,54.49336238317432,32.775383539614026
418401500,0.12845529594905908,0.27305168563273474,1.864337082769109,10.406819591472487,54.48329757132546,32.73422509449328
418408450,0.12898558340941238,0.27366575056036097,1.8675464115866571,10.38435475948731,54.49342603147408,32.83099718999063
418415400,0.12902375152014578,0.2737861179665545,1.8680610590026618,10.380762371994159,54.4889214490983,32.84546073901643
418422350,0.12915534051753136,0.27344109605044004,1.8670090014028877,10.388109001565066,54.525552125686175,32.820528009565656
418429300,0.12895033391282051,0.27351645290713,1.8669295216732402,10.388664488626628,54.500198023137656,32.81388490713295
418436250,0.12928087189423365,0.2737914175046315,1.8685320207788971,10.377477353198113,54.51386106887376,32.8636379370469
418443200,0.12961155324306042,0.27366707444949445,1.8686511769209158,10.376646591643606,54.55496820456622,32.87411772791367
418450150,0.1294564664028638,0.2738275985797288,1.868975301687961,10.374387531358593,54.52866068231381,32.879265691770875
418457100,0.1293172359317523,0.273608337571253,1.8679149977158538,10.381781639917682,54.53001574203468,32.848110716974304
418464050,0.12928223837039468,0.2735577118167666,1.8676652870497243,10.383524727945186,54.53004545712699,32.84072211624216
418471000,0.12997092758147102,0.2739658705287166,1.8703965262875655,10.364494933582177,54.569810939642466,32.92827813841262
418477950,0.13000978929191095,0.27423595923986677,1.8714708587786753,10.357030878496122,54.555031162132984,32.957553902548874
418484900,0.13007615911889434,0.274529984838791,1.8726839311635588,10.34861731554502,54.541291453188556,32.9910709523754
418491850,0.1300762707181275,0.2740392390547969,1.870855711844258,10.36130321779442,54.57513408477617,32.942761766370616
418498800,0.1302516586913519,0.2744863117380284,1.8728313682269628,10.347595768616385,54.56157786470169,32.99888081925712
418505750,0.13015576850432498,0.27467728789988277,1.873374007223471,10.343837923731009,54.53896095161994,33.011057881810515
418512700,0.13025023281269793,0.27490324968101204,1.8743843023367228,10.336849604425538,54.53265151893787,33.039808327008586
418519650,0.13043670803886767,0.27505563187605425,1.8752833688852109,10.330639514689272,54.540461395565806,33.06768228557752
418526600,0.13078709443069378,0.2753248173351742,1.8769105538104083,10.319421249762437,54.5562959642968,33.11840275629354
418533550,0.13093879193962715,0.2755249688115907,1.8779284600319393,10.312417321800257,54.557346523919676,33.14859686847785
418540500,0.13055336799502162,0.2756475862950132,1.877703093634895,10.313967091253105,54.51096712152204,33.13394378441859
418547450,0.1305467080899846,0.27565613851621207,1.8777232939623483,10.313828159160378,54.50972051357342,33.134322754581945
418554400,0.1308423202033453,0.27584272777860414,1.8789462049807895,10.305425090873035,54.52583258919132,33.173141600126975
418561350,0.13087686991898495,0.2758466205474438,1.879022150800145,10.304903742720178,54.52895727122113,33.17592020583638
418568300,0.13064239338803438,0.2755873445078059,1.8776355252651116,10.314431837559258,54.52388723144983,33.134190465081915
418575250,0.130560793409961,0.2756859223528199,1.8778597202739529,10.31288996712781,54.509041424146304,33.138224341440605
418582200,0.1308429325591882,0.27588685692235565,1.879112536926769,10.304283342264085,54.52283228129305,33.17751963936276
418589150,0.13086496325348063,0.2757873129118154,1.878778953750762,10.306573434109962,54.53190033810909,33.16926678704423
418596100,0.13057144950875457,0.2755980224884514,1.877549685730231,10.31502232327309,54.51617624234907,33.13032620584031
418603050,0.13078968489160359,0.27567891289306007,1.8782395276921613,10.310279066059866,54.53201773773481,33.153395112278545
418610000,0.13087032392803863,0.2758747923809935,1.879116011365013,10.304259495763029,54.52636015258181,33.178234156909525
418616950,0.13412661500209783,0.27506797342369044,1.8819552414623681,10.28481372167194,54.903600659697375,33.32545073940688
418623900,0.13438879796847117,0.27527517672248425,1.8832065628035228,10.276269407176619,54.915044545770165,33.36429491716796
418630850,0.13453203416066264,0.27540818881310547,1.8839647955209793,10.271099707293414,54.91990053616355,33.387486212840486
418637800,0.13476188984006937,0.2755721465876821,1.8849974918441619,10.26406800104521,54.9311483519652,33.41981988046818
418644750,0.13459930077244445,0.2755804231451596,1.8847313599144537,10.265879087349436,54.91448426459731,33.409238048340725
418651700,0.13440210498989338,0.275448021297481,1.8838766025498344,10.271700717239,54.90425770303813,33.38232495314178
418658650,0.13446959577333867,0.2750486226652916,1.8825080633796185,10.28103697324605,54.938899636083974,33.347528484230544
418665600,0.1348686813645429,0.27541818406552354,1.8846173713628867,10.266655022274612,54.95251471667314,33.41207328150882
418672550,0.1346986169746802,0.2754021874013425,1.8842466163211211,10.269179703953515,54.93680424450875,33.39856608896527
418679500,0.13497796648695387,0.2756354083071776,1.8856293611979016,10.259770840562659,54.94808985958873,33.44124019827043
418686450,0.13504468449422996,0.27563124365646824,1.8857359833422582,10.259046129324007,54.95498487059962,33.44551156485285
418693400,0.13521154644870112,0.2759093472997093,1.8870821482856024,10.249906036064303,54.95196082211205,33.48475212560856
418700350,0.1352889820955182,0.27601605137583857,1.8876235987510241,10.246234846340075,54.95212007977626,33.500752468893175
418707300,0.1354551260280165,0.2762589038167083,1.8888381468400834,10.238010500916463,54.95146770023567,33.53646328109667
418714250,0.13508064381655704,0.27615882483113025,1.8877762353455034,10.24520045534234,54.921478358983244,33.500223987375186
418721200,0.13560704741654053,0.2763535885112816,1.889472170774898,10.233723026286913,54.959825717115926,33.5565258829931
418728150,0.13557407648120198,0.2766796976399587,1.8906343495374391,10.225874366893725,54.933586893300806,33.58644425624222
418735100,0.13557699595930137,0.2766697069158813,1.8906022350990488,10.226091068573012,54.93457963989408,33.58566264271214
418742050,0.13556273507850822,0.2768977550260433,1.8914318808899289,10.220496064741829,54.917092564083475,33.60718998791975
418749000,0.13561598828447818,0.2769239304328594,1.8916280589025762,10.219174066155807,54.9205069971012,33.613531470787905
418755950,0.1362703042334062,0.2771287097606026,1.8936030939902353,10.205885926456979,54.97070123663634,33.67997550501707
418762900,0.13586443142625235,0.27722302424797113,1.893208810528832,10.208535613981294,54.92393458063493,33.66061011520266
418769850,0.13575183725322795,0.2768164752802544,1.8914745938552708,10.220208199462048,54.941509789796775,33.61249708448785
418776800,0.13597233988670293,0.2770789394230748,1.892866273360251,10.210838795822948,54.94477181192562,33.65399907201125
418783750,0.1360229742609338,0.2773315770070998,1.8939090263607758,10.203831035300936,54.93192189280947,33.68253380583245
418790700,0.1361912300111777,0.2773919816038393,1.894446573723865,10.20022265780579,54.944269095630986,33.70039732611227
418797650,0.13612878705852383,0.27742767120511214,1.8944655297530688,10.200095464075254,54.93557748774148,33.69950572824555
418804600,0.13647576320049945,0.2774227779589035,1.8950881954275909,10.195919378262449,54.970200272531514,33.723575229851605
418811550,0.1365785862229342,0.27736931922891583,1.8950774722578225,10.19599126408756,54.98414733798212,33.72557248676587
418818500,0.13664785801345652,0.2777655856640394,1.8966965314726663,10.185150188954177,54.962915454737896,33.769633810377165
418825450,0.13635952243998148,0.27804972538090317,1.897233294152339,10.18156173032879,54.914311896890084,33.77724454725948
418832400,0.13619412046011775,0.27752658713499906,1.894958160155334,10.196791182845661,54.93503198362901,33.71389566464968
418839350,0.1363642889256755,0.2779718613898831,1.8969487311301916,10.183463789957031,54.92030032088126,33.76989951179888
418846300,0.13657727933761504,0.27788046413682543,1.8969984053662903,10.183131703380086,54.94780174364959,33.77597457279349
418853250,0.13667553796692522,0.2777746683254865,1.8967819917042017,10.184578667184297,54.96500547512363,33.772493267448176
418860200,0.1362898777909954,0.2777812530219373,1.8960933951533665,10.189185737869042,54.92645909911337,33.74581648894204
418867150,0.13699573096076553,0.2777789356251221,1.8973918438397335,10.180502304412425,54.99633649877475,33.79562725644044
418874100,0.1369270597268904,0.27792733512793866,1.89782317516253,10.177621397166806,54.97901950082356,33.8054152467985
418881050,0.1368847941988517,0.278635897163186,1.9004166256424477,10.160337610436605,54.92451950384503,33.872346854593175
418888000,0.13671755211633663,0.27783662723115216,1.8970931032829814,10.182498687246834,54.964761716440854,33.78159192847104
418894950,0.1372625545973766,0.2780991699335722,1.8990938168326832,10.16914517380783,54.999956792592805,33.84621935988153
418901900,0.13726977934156528,0.2782761982772144,1.8997745545260882,10.164610547688566,54.98808513805324,33.86421907687967
418908850,0.13739076330060887,0.27830507629196555,1.9001085666447721,10.162387222546519,54.99798008664805,33.8756758162331
418915800,0.13700013371364647,0.27831840283950804,1.8994326587658437,10.166887469964912,54.95846278389439,33.84921929618306
418922750,0.13749321208124407,0.27843378894003834,1.9007848021782978,10.157889222777122,54.99893932888726,33.89567818077405
418929700,0.1372877078679643,0.2785797434771687,1.9009530074921523,10.156771087585009,54.96826310097728,33.8954621078226
418936650,0.13736674624283116,0.2788813973074617,1.9022391582425928,10.148230508682614,54.95458647913217,33.930852542077716
418943600,0.13739473259380103,0.27856014892656694,1.9010782008172227,10.155939049701333,54.98022149690207,33.901144868328764
418950550,0.13760486615985126,0.2789667551072598,1.9030051796712752,10.143151385400039,54.97199501385639,33.956240796204355
418957500,0.13789108524534388,0.2788105652575181,1.9029491858951653,10.14352246207858,55.01138254439996,33.96123439230389
418964450,0.1379197630621424,0.27882199165272414,1.903045916456847,10.142881437368764,55.01339918035618,33.964408247767416
418971400,0.1375248167707425,0.27897256630610334,1.9028779672924059,10.143994478884878,54.963683597862236,33.95110810330867
418978350,0.13731194839523753,0.2790744886262878,1.9028669498800865,10.144067503545138,54.93542797034804,33.945991074213076
418985300,0.1380589537146533,0.2791888032587301,1.9046923639449451,10.131984367007032,55.000956693821365,34.01055277122158
418992250,0.13769387319315926,0.27943710459731835,1.9049499518364297,10.130281865110591,54.94721975706543,34.00897467010808
418999200,0.13783763727163156,0.27948007644078704,1.905380856664488,10.127435262365402,54.95832371916403,34.023475860509905
419006150,0.1376522709662635,0.2791115259221889,1.9036407740913492,10.138941347596763,54.966348465429334,33.97390252710927
419013100,0.13803280557036085,0.2792397749079853,1.9048362400383425,10.131033353718424,54.99473586761454,34.01371490662837
419020050,0.13807173180662788,0.2798476704172519,1.9072104975695312,10.115368224730155,54.955123340242366,34.07643982565465
419027000,0.1383895462151419,0.27943105802429397,1.9062277074222727,10.121846051445866,55.01626525859156,34.058089687820186
419033950,0.13803196630561387,0.27955922100585545,1.9060435123487163,10.123061154860304,54.97182852006022,34.04516346488198
419040900,0.13816193308703129,0.27984456287957815,1.907367433739916,10.114334669888631,54.96423509727487,34.082586528116785
419047850,0.13848813571668928,0.2802443612178,1.9094945167643373,10.100349159230511,54.96774741604139,34.14534441443996
419054800,0.13860104924262098,0.2799032589826461,1.9084127529800845,10.107456355073854,55.00332352436247,34.11981455588792
419061750,0.13854380147141482,0.28048188706773436,1.9105005686033394,10.093749342399418,54.95619808642826,34.17273280872387
419068700,0.13857843833924932,0.2803180946359884,1.9099437170972857,10.09740116929798,54.97135763964357,34.15908339717904
419075650,0.13853910943055284,0.28044687110854666,1.9103588021064202,10.09467876748613,54.958247675070936,34.16894774880857
419082600,0.13840206524145338,0.2808387427157279,1.9115908208972103,10.086607961427026,54.916644176488575,34.197689260635926
419089550,0.1381473503126332,0.28017890917536753,1.908607922029156,10.106173272029048,54.9388679212557,34.11448297448608
419096500,0.13849225879532445,0.28036479155308075,1.909959317104814,10.097298824657683,54.95951955207146,34.157503656994784
419103450,0.1387594205191632,0.2808755406630362,1.9124011625582886,10.081307315345239,54.94916738503907,34.22696843799176
419110400,0.138858879528422,0.2808436227932134,1.9124667025047437,10.080878872519584,54.96125140811425,34.230972598569565
419117350,0.1387805781407017,0.28091950597717114,1.9126080922059603,10.07995472798699,54.9480910275976,34.23281586134099
419124300,0.1388463212142172,0.2812982595474739,1.9141728829683822,10.069739559270381,54.92733050464567,34.27480620130016
419131250,0.13921112365243782,0.28148005383980373,1.9155517657671206,10.060757043614174,54.95012615779183,34.31894622841463
419138200,0.13910497513277545,0.28175155122732887,1.9163866539394903,10.05532693089793,54.92012854324896,34.33799489849576
419145150,0.13928116018440415,0.28117209710137253,1.9145111284727916,10.067534465031407,54.979196955078145,34.29368522501638
419152100,0.13892866508898935,0.2812681146254442,1.9142129123333909,10.069478543429458,54.937598255704124,34.277764475523455
419159050,0.1393980338895558,0.28162935081672025,1.916473084396513,10.054765158574334,54.95775222672188,34.347102129441815
419166000,0.13902742781588867,0.28176857860296567,1.9163056313385403,10.055853616999622,54.91128014330657,34.33408129414341
419172950,0.1391991869938639,0.28177752699721775,1.9166631355442019,10.053530127355526,54.92751717982219,34.34733780238381
419179900,0.1391136857927875,0.2815288875254859,1.91555429965626,10.06074055335575,54.93702528702906,34.31673091062778
419186850,0.13939417618125804,0.2818353753850569,1.917251348745401,10.049709805590439,54.94251526298772,34.36708463319151
419193800,0.1392834469161037,0.28209348303110887,1.9180274408869478,10.044674173865001,54.91301288638799,34.38446386835559
419200750,0.13904415857305738,0.28231909835549035,1.9184384190680932,10.042009830083687,54.873238846465554,34.38935751185856
419207700,0.1389693309622774,0.2822322729167199,1.9179659963059725,10.045072649674669,54.87215512799995,34.37543838075939
419214650,0.13955559136030055,0.2825440104197014,1.9202619960213065,10.03020658502675,54.907208187689214,34.44836531641175
419221600,0.13976797745986733,0.2827419641875884,1.9214203628889477,10.022724927311927,54.91374563180742,34.48316004631222
419228550,0.13995840780977248,0.2827408763720727,1.9217765556212474,10.020426836970959,54.93252329875958,34.49683581217077
419235500,0.1399968074381543,0.2824048329278004,1.9205645074980038,10.028251529977707,54.96061704809028,34.4665994008309
419242450,0.14051820153156164,0.28309352456027875,1.9241883769552275,10.004896884601946,54.96194028079126,34.572047566014675
419249400,0.1404894425472507,0.28317908071905734,1.9244614095844634,10.003142161524286,54.95290643468718,34.57836242413091
419256350,0.14044543896170833,0.2834913624868935,1.9255746831241631,9.995994441904323,54.925915071508314,34.60582023772294
419263300,0.14050567028241345,0.28344945042952313,1.9255284244337147,9.996291218239111,54.93486929445941,34.60608174364755
419270250,0.14074183643861027,0.2836624623858968,1.9267946376095144,9.98817476684758,54.94256519419709,34.64414737556539
419277200,0.1406545779943232,0.2831533327077899,1.9246767999749954,10.001758374148388,54.97099367964048,34.587822238776305
419284150,0.14058596696134454,0.28316766411910677,1.9246011815924766,10.002244140264292,54.9632141992821,34.58424815121363
419291100,0.14018309297060902,0.28316063718861223,1.9238091725070943,10.00733508362366,54.924169306188574,34.55432708327821
419298050,0.14022089340680619,0.2831498244859773,1.9238394485434438,10.007140367165475,54.928663688571675,34.55600686168431
419305000,0.14038593775302438,0.28386919245404585,1.9269114518907349,9.987426720604414,54.89263263849007,34.63855261236081
419311950,0.14151749609342434,0.2846672447191958,1.9321364798924987,9.954093528938369,54.94541403218092,34.7992203947202
419318900,0.14169565945644488,0.2847664249704142,1.9328594565452373,9.949500671214961,54.95563221097594,34.82196087497544
419325850,0.14193354604024622,0.2851989844667629,1.9349823407869595,9.936041683806273,54.9473015527815,34.88175500540459
419332800,0.14164874121621845,0.2853213244751593,1.9349081949134193,9.936511085977966,54.910454385903826,34.87289089444561
419339750,0.14183758699695917,0.2850604031745524,1.934264015977453,9.940591316213558,54.948042747817155,34.86115323250228
419346700,0.1420009426886947,0.28497972433275554,1.9342665609855942,9.940575188830964,54.96995756538786,34.86520097579962
419353650,0.14234696630363203,0.28511841171862357,1.935466191287651,9.93297973126411,54.9937243981656,34.90414277649007
419360600,0.14240889352142347,0.28501340800937414,1.9351807046054395,9.934786124819256,55.00749366389609,34.898383867997154
419367550,0.14207309373492927,0.285167634809261,1.9351293837500372,9.93511093042909,54.963270981839266,34.888901967234276
419374500,0.14214156119397153,0.2849322604088531,1.934353805803436,9.940022364893261,54.987219558042575,34.8708416558196
419381450,0.14250526042677,0.28494441968309886,1.9351005024325099,9.93529372832539,55.02200409221645,34.89867940753358
419388400,0.14229999605427088,0.285067142207223,1.935178194902244,9.93480200798447,54.99287598114248,34.895673277804356
419395350,0.1422354608326445,0.2849040745584479,1.934425745957394,9.939566569651268,54.99849264952745,34.87495345445738
419402300,0.1425700823088777,0.28551436382036466,1.9374231928728152,9.920616507008834,54.98655281178241,34.95932229244575
419409250,0.1424519860755511,0.2854163401816802,1.9368173810131109,9.924440041590806,54.98217255526738,34.941049350603336
419416200,0.14270659310545153,0.28579602301703605,1.938774059750664,9.91210234141882,54.97924240894551,34.99694473155849
419423150,0.14226784974249784,0.2862477592766895,1.9396755623706559,9.906429391081543,54.9031138483334,35.008925888131884
419430100,0.14278791365370094,0.2857171062061454,1.93862613736323,9.913033869777061,54.99300864468595,34.99518856494246
419437050,0.14301745599805266,0.285917650212972,1.93984435687617,9.905368003987602,55.00075491851524,35.0317160215364
419444000,0.14283820208066395,0.2863257334862153,1.941076297567612,9.897629119091839,54.95317618283883,35.05848630352431
419450950,0.14279820823654443,0.2863844483709092,1.941226349862518,9.89668742440797,54.94494191054305,35.061288470406666
419457900,0.1427185733495403,0.2863622499355636,1.940986762366142,9.898191116435411,54.93878395661975,35.05325712786284
419464850,0.1428806225999139,0.28604319177699233,1.9400652571332526,9.903979353666085,54.97811639596742,35.03394774684055
419471800,0.14336388327858648,0.2865910161543229,1.943120146459734,9.88481938905352,54.985082275612164,35.12317636754245
419478750,0.14294714436922937,0.28632740056162714,1.9412931603651582,9.89626820037538,54.9637155453753,35.06666785828318
419485700,0.1428308568657898,0.28647302428273574,1.941632289841286,9.894140828716756,54.94161682411465,35.07235717188792
419492650,0.1427329809460528,0.2862059195465283,1.9404096181301396,9.9018154480043,54.951693209188136,35.03901957647873
419499600,0.14293707952358864,0.28671448359362195,1.942772733776038,9.886994195422353,54.93422484273786,35.10379619545174
419506550,0.14312557750221638,0.287081831972776,1.9445614855932039,9.875807879981933,54.92557159445055,35.15360538632888
419513500,0.14303234531972123,0.2869889780828768,1.9440210068993284,9.879184919683826,54.923307378892645,35.137653792753966
419520450,0.1431232929355622,0.28689218862283344,1.9438215237779657,9.880431982985417,54.93933549309873,35.134897919423615
419527400,0.14340292074791589,0.2872079259356621,1.9455877680263924,9.86940244169967,54.94337288523086,35.186401164683424
419534350,0.14462866598802268,0.28584470730178707,1.9426946403143535,9.887483206829904,55.164212706505346,35.14337271360204
419541300,0.142867815802277,0.28678805838230814,1.9429241033328624,9.886046490637026,54.92203230615715,35.10588737812158
419548250,0.1432213101992932,0.2870888181407664,1.944773825420682,9.874481828352392,54.93441330259512,35.16135153214906
419555200,0.14380716411492112,0.28745996640167826,1.9473508959579542,9.858419470729443,54.96425903425598,35.240918997147745
419562150,0.14365250635983062,0.2871895962440213,1.9460007281895901,9.8668275830495,54.9691293979509,35.203047960984726
419569100,0.14362596151213308,0.28693006057875187,1.9449423721102543,9.873429542894664,54.98570775043088,35.17569908812814
419576050,0.14297228590782243,0.28609215606392957,1.940431678111873,9.901676862492083,54.98349085517742,35.04548657646459
419583000,0.14292153023532425,0.2863388928176206,1.9412881522061252,9.89629962432161,54.96036261682075,35.06590712713655
419589950,0.14363333230543157,0.2869398216430608,1.9449945300705989,9.873103955976708,54.985707997304196,35.17719858120535
419596900,0.14377959285019942,0.28686640708950223,1.9449939316760798,9.873107691214923,55.00544513677412,35.180818536540826
419603850,0.14365048810266054,0.2870343480882558,1.9453944448331957,9.870608346713535,54.98040367287611,35.187714025226555
419610800,0.14392586062442175,0.28770276147964385,1.9485251548715397,9.851119687674332,54.957890244157724,35.27343424291155
419617750,0.14449709667710092,0.28777803239462035,1.949930922441064,9.842396423523107,55.00815257256539,35.323129138839576
419624700,0.14401921703200518,0.2876852774982124,1.9486388045052099,9.850413818418659,54.96830858157609,35.278638941054126
419631650,0.1437476370366645,0.28771939998567453,1.9482434445813555,9.852869850973798,54.93924541774252,35.261866749248526
419638600,0.1443383762923019,0.2874468228957645,1.948334023580939,9.852307041733892,55.01718359395998,35.278964180655024
419645550,0.1442964475174582,0.2876395014097297,1.949000893487687,9.848165656340004,54.99880330511936,35.294703806805806
419652500,0.14386203202279463,0.28778776371815146,1.9487315499662183,9.849837866212974,54.94535997698511,35.2770132736095
419659450,0.14406514429883735,0.28807507996079057,1.9502444664146925,9.840453104298302,54.94391208142992,35.320124730159456
419666400,0.14450624442660637,0.28808352051679387,1.951137248556562,9.83492435605707,54.98637694242015,35.35367134924787
419673350,0.14453239101110155,0.288160502820087,1.951487984327192,9.832754225313536,54.98321656757581,35.36313491698237
419680300,0.14438720954303177,0.2880844203849951,1.950908435401414,9.83634067732315,54.974678853181906,35.34492453808271
419687250,0.14459729481013212,0.287835909178109,1.9503516865097499,9.839788757655189,55.01365659348904,35.336223673732036
419694200,0.14453026557263587,0.2878519296548188,1.9502830663344715,9.840213923842384,55.005913251586556,35.33281604038107
419701150,0.14446270398135,0.2881354236854043,1.9512542944712445,9.834200032462611,54.97826957361143,35.35551088434809
419708100,0.14498398568085433,0.28802524663270346,1.9518447511663788,9.830547863144615,55.037412336475,35.383461931955935
419715050,0.14527695106337044,0.288698997079166,1.9550439932803088,9.810811467747095,55.015913232124554,35.47112584033627
419722000,0.14508840966220612,0.28867883840537173,1.9545955763810823,9.813572515243095,54.99899612408813,35.4551143970985
419728950,0.14500794582329563,0.28894423412588965,1.9554733982211863,9.808169090344434,54.97137654171061,35.475036115033134
419735900,0.1450492613915445,0.28862745884507546,1.9543184909358928,9.815279477661198,54.99899715754103,35.44718117933753
419742850,0.1451135654695216,0.2894878788750648,1.957804370130988,9.793852640513233,54.94116182247342,35.53594151877921
419749800,0.14535795115822284,0.2892556053561947,1.9573758852894223,9.79648086300503,54.98232611586738,35.53151443168527
419756750,0.14485295530868533,0.2890430641178526,1.9555557831077932,9.807662308065089,54.94889262549596,35.47313843690928
419763700,0.14532282601105634,0.2897424531674135,1.959210787572446,9.785236943451357,54.942563689326285,35.57637523313133
419770650,0.1450702094953898,0.2897870207276066,1.9588897748668868,9.787201989845766,54.91461987979551,35.5618618784946
419777600,0.1449052105460677,0.2903803020263281,1.9608912959764135,9.774964077368548,54.85427236714236,35.60729834193664
419784550,0.14520373161731912,0.2904527718863699,1.961760446122032,9.769660336203946,54.87789813322885,35.63665091805852
419791500,0.14534079087239646,0.28978662815799344,1.9594189580518235,9.783963114565404,54.94101594353721,35.58202244938484
419798450,0.14567284548942722,0.29026315693629234,1.9619383426827885,9.768575555855573,54.93774783380608,35.65327615680765
419805400,0.14557807567095477,0.28998556182459434,1.9606641210762383,9.776351395080107,54.949277162166936,35.61914112264252
419812350,0.1463201464949385,0.289490332304685,1.9601889042547112,9.779254867434762,55.0587283767727,35.62633704476809
419819300,0.1461611670986153,0.29007325374149034,1.962156483572951,9.767245735721055,54.999560436034656,35.671326910267815
419826250,0.14649800186217105,0.29063275840821823,1.9650163173139552,9.749848618514086,54.99044004907791,35.751130360011935
419833200,0.14593808776300785,0.29071873278757915,1.9642481218434245,9.7545150349142,54.929457149230565,35.71750288525702
419840150,0.14682240683895548,0.29024927259078853,1.9641546088638124,9.755083417486535,55.05086643889372,35.738089951414786
419847100,0.14625631391720742,0.2904441386340735,1.9637983712761609,9.7572493396936,54.98103907660623,35.71461548069124
419854050,0.14657439646920967,0.29062701557194387,1.9651449659920894,9.749067621240057,54.99831624386494,35.756306306941816
419861000,0.14597626560446342,0.29039701419004443,1.9630608569085695,9.761736795763586,54.95728349857174,35.68903359232279
419867950,0.146222691685125,0.29062882678951973,1.9644566764771678,9.753247679126401,54.96391210892451,35.73008831971028
419874900,0.1464154338147056,0.29059649932129106,1.9647106816249449,9.751704617746142,54.98511564141842,35.74139961618569
419881850,0.14632556270071995,0.29072429300543756,1.9650346852681992,9.749737102338091,54.966769760054646,35.74710521273116
419888800,0.14604583571918528,0.2909466082309732,1.965355647339211,9.747788920007041,54.922856498128674,35.74776082946433
419895750,0.1462582169642715,0.29076868186165017,1.9650759284701254,9.749486715396557,54.956879876250795,35.746374630292436
419902700,0.14618883703030558,0.2911342056279627,1.9663752164490178,9.741606009447274,54.92269197147956,35.77674537917509
419909650,0.14658272559291363,0.29093078276596507,1.9663543781488555,9.741732291296358,54.97631150081167,35.78652716870916
419916600,0.14712034815743522,0.29163215249771623,1.9701795312598123,9.718611863381868,54.975874087886126,35.89526383287504
419923550,0.1466367662821862,0.29093031477400116,1.9664595398840752,9.741095039208702,54.98161010118589,35.79054225145944
419930500,0.14736323711168345,0.29132877601705526,1.9694683331591767,9.722901409278917,55.02238834765918,35.884030789461804
419937450,0.14697476335749296,0.2913631824979804,1.9688316396126146,9.72674512838466,54.981964097409694,35.85811749802782
419944400,0.14666799991729493,0.2909894821906257,1.9667538963544817,9.73931180614081,54.98020544896231,35.79865236613454
419951350,0.1472813060755675,0.29110126115056556,1.9684105822211369,9.729288892909011,55.031547320548576,35.85568852125637
419958300,0.14719007979141316,0.2911311694737947,1.9683467732851327,9.7296745144485,55.02040491094269,35.8517326966084
419965250,0.14768967084520757,0.2919657607304028,1.9726273281384716,9.703879963592914,55.006108514441785,35.97068732483967
419972200,0.14762469854365054,0.29203558644204247,1.9727731048712922,9.703004168739,54.99451131089191,35.972574089703606
419979150,0.14793965332938833,0.2922102813102302,1.9740907129946519,9.695096161002375,55.01195223197071,36.01337889099421
419986100,0.14827338566071221,0.29284276823914285,1.977256388456612,9.676154353329006,54.99651701935834,36.10016428014169
419993050,0.14836608565011472,0.29258147145624613,1.9764093045102953,9.68121488432522,55.025337866175846,36.08178041680319
420000000,0.1480498766380789,0.29213558197218853,1.9740162750977064,9.695542543145802,55.02832995184759,36.014446682597224
