frequency_hz,s11_real,s11_imag,swr,return_loss_db,resistance_ohm,reactance_ohm
159810000,0.8684274829388492,-0.1736169561410036,16.484396901102386,1.0551272355716559,227.26225959625322,-365.86234450090717
159811755,0.8684030368228935,-0.1734485238778522,16.475692187534083,1.055686071187908,227.61812486692372,-365.90854984320885
159813510,0.8683085831237617,-0.17358270535698142,16.465569443336825,1.056336689072795,227.39935211315506,-365.64061004315596
159815265,0.8686150530671838,-0.17352941822731693,16.509926460574132,1.053491669410062,227.33284529612544,-366.29315932343525
159817020,0.868242115945907,-0.1735759951840973,16.45543362167155,1.0569889524767841,227.45063692798666,-365.50959181664916
159818775,0.8684482886196724,-0.17333609807368575,16.479107705064322,1.05546672706812,227.82095646621033,-366.06441719125803
159820530,0.8682158691338815,-0.17353893176386712,16.450407222320997,1.0573127120559236,227.54066935391378,-365.4773223768308
159822285,0.8685416414672354,-0.17355027886813504,16.499523402875457,1.0541575341176106,227.33246220411516,-366.13210975637236
159824040,0.8684996171347671,-0.17359217893273418,16.494472282962878,1.0544811433331838,227.27139611855628,-366.02285681000086
159825795,0.8682690436911683,-0.1734261363027378,16.454982746670495,1.0570179860552236,227.73956135819196,-365.64904996092486
159827550,0.8684329118836297,-0.17355723024926492,16.483421276388366,1.0551898404165252,227.38037196053114,-365.90738437868214
159829305,0.8683812038401145,-0.17356225955082363,16.475825680441623,1.0556774965755886,227.39958779818969,-365.7995716526296
159831060,0.8684850587446376,-0.173768395830305,16.497576211178114,1.0542822609497002,226.9223270675455,-365.8926361126314
159832815,0.8680910335306175,-0.17344264639465498,16.428922090394156,1.0586988502211527,227.80644871168641,-365.2783198876763
159834570,0.8683519526489282,-0.1736200113713128,16.47317474960282,1.0558477991872404,227.29904936878322,-365.70739234948775
159836325,0.8683488664711102,-0.17375597909759816,16.4767845673708,1.0556159087601527,227.02520227406865,-365.623781319575
159838080,0.8684490524948445,-0.1738251652843515,16.493877530852437,1.0545192603036848,226.8279092908058,-365.78723301031306
159839835,0.8683237505389612,-0.17353003009028864,16.466263278327972,1.0562920686719226,227.49762971473658,-365.70127286796816
159841590,0.8683795010022792,-0.17361194575300504,16.477058023025066,1.0555983464474408,227.2997429909983,-365.7678576215481
159843345,0.8682583885428256,-0.17394363933995496,16.468865788521533,1.0561247353427854,226.69692986768257,-365.33385650153986
159845100,0.8684114610256647,-0.1738300555053778,16.48838583565436,1.0548713470560005,226.83948417715396,-365.70831529621756
159846855,0.8682266406311151,-0.17385639913493897,16.46150493932772,1.0565981524153636,226.89141311950192,-365.3192440937978
159848610,0.8682129409425807,-0.17386744005677174,16.459787722639767,1.0567086572916802,226.8768569379983,-365.2852614747277
159850365,0.8683520191709871,-0.1739764542662171,16.483870092294342,1.0551610394328388,226.57721329473773,-365.50445055702204
159852120,0.8684443748398202,-0.17402376845254347,16.499144981831098,1.0541817714609494,226.42873250008986,-365.6641035277185
159853875,0.8682002630520138,-0.17411916862462162,16.4654342750533,1.056345382159566,226.37545124681887,-365.11653902876793
159855630,0.8681684254028901,-0.17401678144418625,16.457606745736832,1.0568490390396965,226.60027348112868,-365.1104789187803
159857385,0.8682504231949806,-0.17423237874855452,16.47633835345315,1.0556445674907142,226.11847018321558,-365.1531871531644
159859140,0.8684336846260804,-0.17433533217795671,16.506924516639653,1.0536837272690367,225.80589284270044,-365.4636964538839
159860895,0.8684841492027657,-0.17443835959005358,16.51762150757172,1.0529996770009067,225.56921747389467,-365.50607366539424
159862650,0.868343390333791,-0.17443904814424274,16.49649364964599,1.0543516169153895,225.64881018538424,-365.22219577687264
159864405,0.8684538410504499,-0.1745722270326695,16.517108630379127,1.0530324541314449,225.3172035396553,-365.3678506930571
159866160,0.8684036769601675,-0.1746005850675079,16.510423266476085,1.0534598916067988,225.28908786222598,-365.2505989008249
159867915,0.8684846197377634,-0.17482280071080109,16.529328015844712,1.0522520885791566,224.79583136008375,-365.2848569211582
159869670,0.8683381589935415,-0.1747907523125159,16.506327026343584,1.0537219617681228,224.9447872409176,-365.0093743098062
159871425,0.8683590098938426,-0.1749581865398806,16.514528367643347,1.0531973854415135,224.59692606325734,-364.9545644917329
159873180,0.8684628029314485,-0.17504645315448367,16.53282791794183,1.0520287879316381,224.359943633819,-365.11143684881125
159874935,0.8686194055723897,-0.1751390890078058,16.559276623859716,1.050344371506271,224.0832323032879,-365.371216556352
159876690,0.8684622429932578,-0.17516872495237507,16.536458809281882,1.0517972301738938,224.11543806535622,-365.0393078635895
159878445,0.868468163299886,-0.175238436940892,16.539471450063083,1.0516051784047047,223.97252597550445,-365.01061964303665
159880200,0.8683618747023824,-0.17554453164640138,16.532769555100923,1.052032510817863,223.4230986878045,-364.620277688861
159881955,0.8687429776828486,-0.17558636836061153,16.5916546386036,1.04828967795261,223.11654548734003,-365.356013070635
159883710,0.8684420626512417,-0.1756751492417793,16.548843774660224,1.0510081541877971,223.11602369187958,-364.70394101116636
159885465,0.8686315070609889,-0.17565375383904794,16.576827126546327,1.0492296250242747,223.04769171699363,-365.0940263845741
159887220,0.8682217926341796,-0.17615972872754404,16.530436692371616,1.0521813425630637,222.28170392383475,-363.9833327489703
159888975,0.8689012181411342,-0.1764617092446085,16.642694464678453,1.0450670082238065,221.2821214012166,-365.15142361503723
159890730,0.8685146732191836,-0.17618092042033018,16.575303642767608,1.0493262974724233,222.06802118247217,-364.55166186543073
159892485,0.8685699386657472,-0.176228779351614,16.585143874893113,1.048702201190165,221.94052296759133,-364.6330674451907
159894240,0.868657103803017,-0.17663870568191722,16.611006135346482,1.0470654793379635,221.07732312912776,-364.56290278109344
159895995,0.8685316812267545,-0.17659295857728946,16.59055661099546,1.0483592264118098,221.2421152736041,-364.3421325676505
159897750,0.868650521631769,-0.17665420157512574,16.61048476724572,1.047098424175991,221.05060930042418,-364.5406861699337
159899505,0.8686860945693671,-0.1764748781185963,16.610351631454616,1.0471068372540535,221.38415991177826,-364.7175551339314
159901260,0.8679321374069643,-0.1759528324321554,16.48063973301319,1.0553683700650165,222.86004547846062,-363.5289987803104
159903015,0.8688773691790371,-0.1771603297471228,16.660756615201503,1.0439313059409219,219.91668938478347,-364.6855573005717
159904770,0.8687744922167643,-0.17726013650429537,16.64815615904062,1.0447233298511613,219.7821297286047,-364.42318227570445
159906525,0.8686722721638092,-0.17730628410120847,16.634007337319368,1.0456141143640776,219.75270058351686,-364.1945973997789
159908280,0.8687461204071429,-0.17742283171272788,16.648894600973804,1.0446768805899294,219.47950594792323,-364.26974335644246
159910035,0.8688038785705574,-0.17754609242668037,16.66155941758511,1.0438808851204497,219.20287523952413,-364.3089296241837
159911790,0.8689099611407223,-0.17780765795894538,16.68597613002203,1.0423496948045532,218.62623971784564,-364.3587488887829
159913545,0.8685249060754725,-0.17782304476427005,16.627653488357662,1.0460146363734062,218.82819388298896,-363.59622593001626
159915300,0.8688943699916162,-0.17780902188942357,16.683630305253555,1.0424966079192193,218.63301561086345,-364.3274034068516
159917055,0.8688684623054306,-0.17815690542526721,16.69058001736097,1.0420614853902543,217.96886609238362,-364.06576764571844
159918810,0.8688077764962377,-0.1781078003929937,16.679740877480757,1.042740284399767,218.10150753013244,-363.9771360904494
159920565,0.8688423683539409,-0.17819299578322179,16.68771506905211,1.0422408161733183,217.9143074988458,-363.992948540262
159922320,0.8689034167156819,-0.17824349864990993,16.698664095937666,1.0415557973276255,217.77871479578,-364.0813039777043
159924075,0.8691671035951578,-0.17850787578619776,16.747580032982473,1.0385063818370353,217.1023486091844,-364.4333663621722
159925830,0.8691896649447737,-0.17869810399599098,16.757095633247882,1.037915255980531,216.71842670561176,-364.36017943814795
159927585,0.8691728042741097,-0.17855960872811574,16.750099115148323,1.038349826414259,216.9981511313083,-364.41265237409635
159929340,0.8691599671026851,-0.1788447067592581,16.75716594845728,1.0379108903835172,216.45198995074583,-364.21213716417407
159931095,0.86915972067023,-0.1790349777109104,16.763178922610695,1.037537704239249,216.08316031113873,-364.0942446743479
159932850,0.8694346896573822,-0.1790581503641478,16.806510549381372,1.0348563164116678,215.86773783884792,-364.6128152569885
159934605,0.8690466433083703,-0.17908504574449954,16.747314349005222,1.0385228962679833,216.0559342272775,-363.84435157234157
159936360,0.8692492619081897,-0.17913854608030685,16.780328596293458,1.036474810123187,215.82715276253566,-364.20360106197364
159938115,0.869262820301996,-0.17929480553272142,16.78741799785387,1.0360360633280687,215.5163819420161,-364.1328975889814
159939870,0.8695610022555603,-0.17942272818360036,16.83784769903909,1.0329257841082695,215.08302058500834,-364.62959368713143
159941625,0.8695026649512829,-0.17945640388129064,16.82984447952805,1.033418138280859,215.05448123187787,-364.4957501755624
159943380,0.869493641835095,-0.17951956907739713,16.830469653683316,1.0333796609510517,214.93811788917856,-364.4387708340172
159945135,0.8694577621914215,-0.1798649744955495,16.835998445257996,1.0330395075704697,214.29467858782346,-364.153062039698
159946890,0.8697163962536727,-0.1798663216703408,16.876419196645266,1.0305594560572726,214.12919530884918,-364.65023563864224
159948645,0.8697031709550556,-0.17987430581666014,16.874608367989364,1.0306703059659776,214.12217422981053,-364.61971552651147
159950400,0.8695600828046777,-0.1799601027562983,16.855022287295675,1.0318707956637694,214.04728979617678,-364.29015309085224
159952155,0.8696824353320468,-0.180026150458567,16.876279729362643,1.0305679927009845,213.84302512814375,-364.48382273094484
159953910,0.8698286732849432,-0.18022633503209828,16.905695102681356,1.0287706379451946,213.36553066102468,-364.6379395726778
159955665,0.8701606323751174,-0.18027850633263598,16.959662709770658,1.0254893480550722,213.0531749023285,-365.2423323137108
159957420,0.8697058931108536,-0.18016833175210778,16.884560490899748,1.0300613813672752,213.55488211395175,-364.4389187608728
159959175,0.8699299105663358,-0.18040289503794188,16.927357386045642,1.0274510248551776,212.96211630465652,-364.71972359839117
159960930,0.8700140935200577,-0.18062063225071698,16.947734752684173,1.0262127757068091,212.49094550382497,-364.7417002419814
159962685,0.8703278989995867,-0.18068272698413293,16.999402495324517,1.0230864909109523,212.16986032251023,-365.3026744432051
159964440,0.8701747987735459,-0.18065992358167962,16.974403587896962,1.02459672696279,212.31239659360887,-365.02417924596455
159966195,0.8701860687403573,-0.18081306434559377,16.98121945354501,1.0241845238902163,212.0120623086855,-364.94699314502896
159967950,0.8702175486378486,-0.18092400261206049,16.989855849715145,1.0236626972890548,211.77966654213648,-364.9355099719293
159969705,0.8702309601091478,-0.18095645841490382,16.99305031538991,1.0234698167711274,211.70898957795555,-364.9401423421351
159971460,0.8704335946281075,-0.1809068373943353,17.02358197854721,1.0216299924366705,211.6724083660721,-365.3595829489183
159973215,0.8704892811624623,-0.18102009403884198,17.03619061066791,1.020872132574396,211.41969811844854,-365.39229155518547
159974970,0.8704965616331078,-0.18124919422615127,17.04494552496177,1.020346567766079,210.97772331231283,-365.2567272177154
159976725,0.8706060240479055,-0.18140230209527544,17.06750384198717,1.018994866244297,210.61435703031012,-365.3651105201475
159978480,0.8705941658563873,-0.1813708638253219,17.064562937334525,1.0191708829045998,210.682008754755,-365.36313393026194
159980235,0.8705897512380447,-0.18141326705501798,17.06526903673554,1.0191286164576687,210.60414553506575,-365.3269343184851
159981990,0.870472397457487,-0.18163390808659763,17.053879398550652,1.0198108180766725,210.26137922624486,-364.9592095040541
159983745,0.8706954316414193,-0.18163680221919462,17.089628367198618,1.017672635811465,210.10945157752047,-365.381127761168
159985500,0.8707431686213634,-0.18157878293528323,17.09533796902962,1.0173319697284269,210.18832394914773,-365.5101141870169
159987255,0.8720995339062299,-0.18356548682332396,17.383911902294855,1.000406521992406,205.520793602404,-366.72891275250834
159989010,0.8720169959647458,-0.18355611960119755,17.369947954976553,1.0012125444173017,205.59540309431318,-366.5807091617613
159990765,0.872430452483346,-0.1837294822528276,17.444540990087567,0.9969219233519926,204.98349338361015,-367.23486235045294
159992520,0.8721673657521706,-0.18373731788244074,17.401127777203058,0.9994145793577269,205.1519825113826,-366.7368758758478
159994275,0.871894163094538,-0.1835924772095957,17.350950730792544,1.002311186039537,205.6119920394563,-366.32553173697266
159996030,0.8719173718709508,-0.1835657805263292,17.35384906449463,1.002143414484705,205.6460115544576,-366.38738863286727
159997785,0.8720442461064941,-0.1836554020347519,17.37790198709267,1.0007532650547124,205.3906046767062,-366.56314976531405
159999540,0.8716918475144126,-0.18728068845675652,17.447337984958693,0.9967617550734438,198.96299207292856,-363.39047560449825
160001295,0.8721709910949355,-0.18367762782235963,17.399645628945812,0.9994999001564709,205.26120670805753,-366.78507738435104
160003050,0.8719002470900199,-0.18357041135023464,17.351187657585303,1.002297469298201,205.64913098043465,-366.35212066636365
160004805,0.8718470415728833,-0.1835673658986038,17.342319590360205,1.002811137358068,205.6914464492825,-366.25455926710066
160006560,0.8718684774786275,-0.18361513852900094,17.347505561401274,1.0025106846302976,205.5872408860734,-366.26183563621953
160008315,0.8721001751071572,-0.18354394665210855,17.38326826434172,1.0004436452900016,205.56072320199638,-366.7450192763037
160010070,0.8720322795017396,-0.18353595431571343,17.371770797532527,1.0011072531114125,205.6226406013565,-366.6232789393975
160011825,0.8717433826339931,-0.18369518291455894,17.32969688027932,1.0035431966021255,205.52343850598078,-365.97273294183833
160013580,0.8718456464153116,-0.1834930387628685,17.339514760809788,1.0029737121853755,205.83166493934732,-366.30304237353295
160015335,0.8719919388434799,-0.18351348022313746,17.364330712009288,1.0015371479358812,205.69261416398157,-366.5631763237914
160017090,0.8718795284431723,-0.18369665596784956,17.352154968543278,1.002241471282287,205.42706744146668,-366.22639272647393
160018845,0.8717334421570758,-0.1836063465892796,17.324987632173386,1.0038165855135193,205.69647493417952,-366.01508910774805
160020600,0.8716165825747039,-0.18335191707402373,17.29703086156827,1.0054426526591906,206.2531632665227,-365.9702295161222
160022355,0.8718682680906837,-0.1835641404231484,17.345702550652767,1.0026151228326206,205.6828878996762,-366.2965359075097
160024110,0.8720006297026982,-0.18354172808922944,17.366746127815336,1.0013975425267756,205.6336714445458,-366.55997373852153
160025865,0.871653166400464,-0.18347071285338465,17.307123626852587,1.0048550128855696,206.00546220515972,-365.9576424899872
160027620,0.8717867252272817,-0.18361107518528716,17.3339099046905,1.003298741587434,205.65105376000977,-366.1115819429581
160029375,0.8719018814933103,-0.18361776440691524,17.353100080062458,1.0021867644505105,205.55932505732625,-366.32256966300247
160031130,0.8718476862097727,-0.18352478774140313,17.3409502606444,1.0028905004879893,205.7707662360278,-366.28504156982797
160032885,0.8717334349814259,-0.18353685472504888,17.322582455064794,1.0039562722949884,205.82659457447426,-366.0627266070465
160034640,0.8716713008871634,-0.18346797575431367,17.310003343014124,1.0046874707640057,205.99818680067816,-365.99349524923974
160036395,0.8718714479510835,-0.183543686180379,17.34551707328861,1.0026258677217377,205.7190171406766,-366.3165647458842
160038150,0.8719710409248959,-0.18350396506061611,17.360552700607208,1.0017555863574634,205.72486436372003,-366.5305639781302
160039905,0.8716667026728869,-0.18344388022820088,17.308417351953807,1.0047797369333866,206.04648899728284,-366.00136082177545
160041660,0.8716944774873537,-0.18344795862600366,17.313114574932005,1.004506521882965,206.0198407765104,-366.05062851894115
160043415,0.8718363792434142,-0.18356004966421802,17.340311101323074,1.0029275489641303,205.71248048878732,-366.2396188652481
160045170,0.8719019035527142,-0.18357019015863055,17.35145292465272,1.0022821122588157,205.64840468724609,-366.35537579202395
160046925,0.8718497718912713,-0.18355656131862427,17.34239456868639,1.0028067921537316,205.70980662142497,-366.2671030055086
160048680,0.8718928505678779,-0.18359642280006094,17.350871362868926,1.002315781084183,205.6055068667057,-366.32035695703814
160050435,0.8719214117236476,-0.1837235250725401,17.359992848708693,1.001787964191194,205.34793584157896,-366.2862272621838
160052190,0.8719141236291832,-0.18351422038900875,17.351525110691473,1.002277933292238,205.74485927605755,-366.41681189477083
160053945,0.8716044685143528,-0.1834493278144032,17.298404082023364,1.005362658023504,206.07881365064287,-365.88100604553887
160055700,0.8719875871875005,-0.1835548085264407,17.365048036796146,1.001495684165802,205.6181597945627,-366.5265058763947
160057455,0.8717656257121873,-0.18362092456506338,17.330781625859228,1.0034802443153021,205.64710549127875,-366.0653247882868
160059210,0.8717983704490438,-0.1836184207097457,17.33607974427325,1.0031728861049651,205.62930435017034,-366.12833484501624
160060965,0.8718125792727592,-0.18335849254669107,17.32942014599281,1.0035592579069632,206.10668944408152,-366.3334221187831
160062720,0.871878318369082,-0.18340708614233853,17.341915509945427,1.0028345556007083,205.97037315667208,-366.4233850338663
160064475,0.871782780768523,-0.18359490566328093,17.332701238723544,1.0033688605904558,205.6840329647019,-366.11530177560934
160066230,0.8716853468492791,-0.1835711187751504,17.315871219919657,1.0043462502479215,205.7953833645239,-365.94920025687134
160067985,0.8715841928069774,-0.18348530664188792,17.29632335565987,1.0054838721942787,206.02525112908106,-365.8184513131983
160069740,0.8715266232491714,-0.1834374849783748,17.28525207686114,1.0061293296787506,206.15411313948513,-365.74321831912283
160071495,0.8714059187344383,-0.18364017714837502,17.272498663727216,1.0068738849123418,205.85692666250813,-365.3792684276895
160073250,0.871490501082703,-0.1835583638228099,17.283506611572207,1.0062311663246066,205.95237140116836,-365.59319666480275
160075005,0.871466312070235,-0.18343991006134794,17.275474472243054,1.0067000559916754,206.1906426190825,-365.62856942440897
160076760,0.8713115421492472,-0.18351380966502595,17.252754002258005,1.0080287738495735,206.15741418038283,-365.2885716036966
160078515,0.8713355886450105,-0.18350092461871154,17.25623203258988,1.007825147269086,206.1652173897563,-365.34231767074135
160080270,0.8712223792522412,-0.18358826093269337,17.240784659144378,1.0087301672507396,206.07856365032924,-365.07133684968454
160082025,0.8712836711529187,-0.1834086193723523,17.244604030909958,1.0085062491572117,206.37324667080927,-365.3076780317673
160083780,0.8714189719209677,-0.18351305592013645,17.27025656250224,1.0070048947484191,206.08586822912693,-365.4901579088554
160085535,0.8712949336542192,-0.18355936335270395,17.251610958334435,1.008095713082344,206.0834464175011,-365.22660470314685
160087290,0.8713835842483584,-0.18347958319516922,17.263328529648742,1.00740992739904,206.1725851748849,-365.4466568612719
160089045,0.8715835805817425,-0.18349957812369086,17.296715195128847,1.0054610430753947,205.99893792353916,-365.8075604497318
160090800,0.8713624150661818,-0.18322999166769008,17.251310449046642,1.008113313062256,206.65479363206381,-365.57632610150665
160092555,0.8714663433300873,-0.1832598925557473,17.269292297932157,1.0070612488844115,206.52814701337206,-365.75105600492867
160094310,0.8713353402329064,-0.18332579630612555,17.25018207227764,1.008179404393995,206.4934470735224,-365.4606130166175
160096065,0.871513627005683,-0.1832842992125202,17.277856493550953,1.0065609558585111,206.450190857023,-365.82317967856017
160097820,0.8712797523657346,-0.18325902916477743,17.23884114351202,1.0088441478514751,206.6562875183852,-365.4015816788612
160099575,0.8711503014985031,-0.18326984432647384,17.218164767679266,1.0100583455797787,206.72343389330794,-365.15152392101066
160101330,0.871233603922684,-0.18340962175012113,17.236487895252466,1.008982192400991,206.40525461525579,-365.2132248501444
160103085,0.8714484181407992,-0.18338358831982873,17.270614501175086,1.0069839774858733,206.308353239657,-365.6333500813346
160104840,0.8711979246650178,-0.1834969682846979,17.23367552220972,1.0091472194142417,206.26586889986356,-365.08736288348643
160106595,0.8714124085945212,-0.18348666146279205,17.268277119551836,1.0071205853800178,206.13974507251487,-365.4958163349182
160108350,0.8711349448801916,-0.18352400722579423,17.224362246067617,1.0096940984235545,206.25783894908403,-364.95126970794286
160110105,0.8712440034707727,-0.18351891457546307,17.241926561059927,1.0086632106003555,206.19362757234296,-365.1587321803238
160111860,0.8711975254943719,-0.1834949967021246,17.23354304350175,1.0091549944546214,206.26982803654022,-365.0879490546141
160113615,0.8710093217202178,-0.18344012548020358,17.201107318409846,1.0110622305891956,206.49943252826833,-364.77277828192854
160115370,0.8710341936975445,-0.18358103768175965,17.209954803268126,1.0105412787926369,206.21916366879725,-364.7244280391464
160117125,0.8713136081878908,-0.18362283219595435,17.25683568947718,1.0077898136451202,205.95208603794597,-365.2184685803564
160118880,0.8712394531055787,-0.1835138446152543,17.241011885735304,1.008716842865274,206.2061943972448,-365.1536505715067
160120635,0.8712376632566654,-0.1835734683263667,17.242765518610327,1.00861402308997,206.09587548140018,-365.1099325722013
160122390,0.8711520343572263,-0.1835746499816735,17.228874228534895,1.009429079065519,206.15159146467894,-364.9490196511636
160124145,0.871079308098639,-0.1832136615897924,17.20472635031628,1.0108490721499301,206.87660360595524,-365.05624061811204
160125900,0.8714230402477017,-0.18345874328588044,17.269053347496328,1.0070752147472657,206.18479768921475,-365.534704845677
160127655,0.8712033828862286,-0.18340282823686482,17.231339125011676,1.009284357782343,206.43841008239028,-365.16121876190596
160129410,0.8711965183999774,-0.18344698939860832,17.231734855090266,1.009261127181896,206.36036074186063,-365.11851849839474
160131165,0.8715067233571222,-0.18343766478455603,17.28200340656956,1.0063188851863705,206.16733525030287,-365.70580967438246
160132920,0.8714663643132554,-0.1834905887530999,17.27722666556241,1.0065977314498624,206.0956870341175,-365.59417416266194
160134675,0.8713067721017161,-0.18352950423406197,17.25251531068078,1.008042751432027,206.13128019961226,-365.2690016527071
160136430,0.8712921983836183,-0.18369765448740155,17.255916306477232,1.0078436285360912,205.82678351798222,-365.1276728925821
160138185,0.8714289691395621,-0.18369573477943982,17.27817862412481,1.00654214772729,205.73738346626666,-365.3845368744151
160139940,0.8715424457339835,-0.18357486437095308,17.292575330498007,1.0057022898669616,205.8860674364134,-365.6791567647276
160141695,0.8714215032669865,-0.1836648854735989,17.27589572450698,1.006675453810875,205.8001273821169,-365.39158796764553
160143450,0.8713564429658466,-0.18377151086787039,17.268940287889674,1.0070818228425784,205.64519205683635,-365.1974826684788
160145205,0.8714169082593405,-0.18373624095938457,17.277603084133585,1.0065757520848304,205.6699125260465,-365.33441541984735
160146960,0.8712577910341402,-0.18362753860336592,17.247899500943635,1.008313125787198,205.98114661877176,-365.11093183850346
160148715,0.8711578666471173,-0.1836903036535783,17.233787081126497,1.0091406722281158,205.9315299458486,-364.8817295000646
160150470,0.8711285206438105,-0.1836114007450635,17.22631103261488,1.0095796158715762,206.0987805956315,-364.88023625693074
160152225,0.8711526811931621,-0.18371469672809715,17.233780309551467,1.0091410696368832,205.8894838905678,-364.8555465817744
160153980,0.8712224796113257,-0.18369100471961902,17.244327099764384,1.0085224814374147,205.88648193604982,-365.0019414812054
160155735,0.8712456122579413,-0.18355394341365397,17.243390013801537,1.008577412479699,206.12700866307674,-365.13802192927994
160157490,0.8712888805136627,-0.1835685198414848,17.250938833771748,1.0081350783697631,206.07042396741468,-365.2090735476008
160159245,0.8711087241698319,-0.18356564226329547,17.221527420314846,1.009860678256894,206.19768203166512,-364.87412934353614
160161000,0.8711890329188412,-0.18356496620688526,17.23455933232003,1.0090953525684383,206.14468598170427,-365.02474666368903
160162755,0.8712133806534497,-0.18376975940758916,17.24555008102687,1.0084508005082107,205.74558968710875,-364.9315878063763
160164510,0.8715954505232382,-0.18371845005031323,17.30621626196631,1.0049078150395272,205.5813006201005,-365.68019282109447
160166265,0.8712306520006494,-0.18366313907240198,17.24470126548087,1.0085005498905735,205.93300489039015,-365.0360881740158
160168020,0.8712460769170844,-0.1835507564174597,17.243356344092824,1.00857938627585,206.13265513256087,-365.1410494305328
160169775,0.8711908810656596,-0.18364370723247764,17.23756004738948,1.0089192938967517,205.99624399390746,-364.9749309177027
160171530,0.8711360797885742,-0.1835316426031573,17.224808067117213,1.0096679061245344,206.2427916333057,-364.9482366865737
160173285,0.8713834050684847,-0.18353364715789683,17.26515752106564,1.0073029676343135,206.07150544411877,-365.40959082610846
160175040,0.8713393459769755,-0.18359845460758162,17.260195778259245,1.0075931841365646,205.98019489655798,-365.2831438642083
160176795,0.8709472494662376,-0.1837496106772417,17.20162024835608,1.011032013901617,205.96292833778688,-364.44855483781726
160178550,0.8712921758385249,-0.1835564294208359,17.251060757840083,1.0081279372387106,206.09080463570146,-365.2234354258349
160180305,0.8710812419875292,-0.18362129233690438,17.218968764853955,1.0100110770446067,206.1122152318586,-364.7852079027331
160182060,0.8712975816754872,-0.1836558698406542,17.25535781190454,1.007876322100553,205.9012071692684,-365.1660894004678
160183815,0.8707894604528517,-0.18355359494657966,17.169402207431258,1.0129334944205908,206.43480816505246,-364.2855379530123
160185570,0.8712107691146536,-0.18377285365575186,17.245231056939865,1.0084694980475475,205.74158386666923,-364.9246163094141
160187325,0.8712168556500824,-0.18357988596287853,17.239598273651556,1.0087997416704433,206.09796230742683,-365.06667819803914
160189080,0.8711424503320095,-0.18354421861133363,17.226273997527628,1.0095817912761529,206.21496944177397,-364.95165773277984
160190835,0.8709162465086945,-0.18371291689836733,17.195342728303643,1.011401946813272,206.05225291632416,-364.41538915139154
160192590,0.8711822433880613,-0.18380548843356456,17.241707286097146,1.0086760673339505,205.70000737623482,-364.8492722151557
160194345,0.8714035970049577,-0.18366243016127892,17.272885520111075,1.0068512836795978,205.81690440885146,-365.35978647767155
160196100,0.8713510375361717,-0.18366581646173263,17.26441993185682,1.00734609925505,205.84631597353294,-365.2592419874153
160197855,0.8704528149307367,-0.183411402431087,17.110380895784633,1.0164355187466145,206.92481630952273,-363.75117570856025
160199610,0.8711015309294048,-0.18373312629643537,17.226095817032355,1.00959225755429,205.8896542275657,-364.7475916288429
160201365,0.8714094801721636,-0.18376788091558174,17.277479478837936,1.006582969385554,205.6158737749804,-365.29899338539235
160203120,0.8713537959559174,-0.18354048612811955,17.26056081425263,1.0075718271695941,206.0788205293712,-365.34953795426975
160204875,0.87120424057806,-0.18365575952519492,17.240147814751552,1.0087675131743226,205.96468078519956,-364.99173631350146
160206630,0.8711727745903716,-0.1838370224916089,17.24124902695354,1.0087029374697927,205.64759244466032,-364.8102491747225
160208385,0.8712518427154768,-0.18373008882667505,17.250452919741225,1.0081635395136548,205.79358088573383,-365.03029114094113
160210140,0.8712998860838872,-0.18364033600549418,17.25519970080607,1.0078855781095506,205.92867719662064,-365.1809376366448
160211895,0.8712589639716163,-0.183700904036825,17.250610542850172,1.008154306975871,205.84326036894643,-365.063383606315
160213650,0.8710430331021107,-0.1837998675404748,17.2188799944225,1.0100162958109293,205.80461691670232,-364.59336658220786
160215405,0.8712829243346206,-0.18368301249127106,17.253901012443233,1.0079616112890717,205.86043238225324,-365.1202822496389
160217160,0.871265771150708,-0.18366881836746932,17.250617498324154,1.0081538995732886,205.89858885683017,-365.09785981054057
160218915,0.8713485971178494,-0.18376894496537038,17.267570917515975,1.0071618665441704,205.65531893055726,-365.1845777203889
160220670,0.8711918934903239,-0.18380790437934955,17.243361415686046,1.008579088966838,205.6889625018932,-364.8656411766491
160222425,0.8713772547301001,-0.18386727901642452,17.275639740261838,1.0066904037844895,205.45228247764877,-365.1711522650264
160224180,0.8713239174496874,-0.18385700289546658,17.266574539945672,1.0072201157326506,205.50774800882579,-365.078636483239
160225935,0.8713468817863523,-0.18363139414111532,17.262557790247424,1.0074550071961332,205.9134849157997,-365.2748621029104
160227690,0.8709512356841232,-0.18374056915432885,17.20195717682033,1.0110121664399376,205.97711494056992,-364.4620778742079
160229445,0.8711833993251071,-0.18384865678130147,17.243378504350584,1.0085780871894476,205.61869490492407,-364.8221848755806
160231200,0.8713455116863011,-0.18368244208411108,17.264090048045034,1.0073653908960074,205.81900033718574,-365.23761688652246
160232955,0.8713225308484633,-0.18365485068955914,17.259391551851316,1.0076402397822086,205.8861759670763,-365.21341110161586
160234710,0.8709498034764088,-0.18364860689789617,17.19858176396825,1.0112110372990382,206.14974085237404,-364.52128188891305
160236465,0.8712739851510135,-0.18388746632389644,17.259475845091796,1.0076353075407114,205.48486181976654,-364.96479735865563
160238220,0.8711600455606404,-0.18376985532127657,17.23687103330477,1.0089597144558033,205.78153117246188,-364.83197453738217
160239975,0.871473262247217,-0.183652875139221,17.28394379987951,1.0062056572684135,205.7873238311901,-365.49653610692275
160241730,0.8711295847935692,-0.18379651446579434,17.232830766258743,1.0091967993363342,205.7523931758036,-364.75709616284695
160243485,0.8709396049236018,-0.18379270650606144,17.20185507081306,1.0110181811211632,205.88768624710985,-364.40528784287613
160245240,0.8713105788844915,-0.18374995739788783,17.260712841518274,1.0075629328584585,205.71661289830354,-365.12649073011397
160246995,0.8713166466196508,-0.18362835436353772,17.257520985273935,1.0077497044872894,205.93969979508404,-365.2204007363553
160248750,0.8710728869264038,-0.1837832749846784,17.223160392504727,1.0097647149402458,205.81541489744504,-364.6602612949158
160250505,0.8711565071329554,-0.18378698843440408,17.236883391451226,1.0089589894446966,205.75195228438122,-364.8137756174448
160252260,0.8712616364950232,-0.1838256430201205,17.25533459832826,1.0078776810398529,205.60856950361114,-364.98374199574175
160254015,0.8712802041248046,-0.1837384254100444,17.25536236960344,1.0078760552900419,205.7587715882827,-365.0775986469215
160255770,0.8714114867344113,-0.18370693413038328,17.27570729550334,1.0066864583849195,205.72835917637013,-365.3442414211066
160257525,0.871044481626774,-0.18377759840632518,17.21835221109216,1.0100473250262585,205.84518210146635,-364.61109786984116
160259280,0.8711848472890327,-0.18366487389137642,17.237304299370184,1.008934296808059,205.9607783647929,-364.94933313467027
160261035,0.8711221984656206,-0.1836621421447112,17.227022005740622,1.0095378558293349,206.0082434540001,-364.8341439694997
160262790,0.871014901063626,-0.1836674210004096,17.20977929633962,1.0105516076514398,206.07078115332158,-364.63018097300386
160264545,0.870874370668943,-0.1836733102914676,17.187210563216706,1.0118815767052696,206.15431253392939,-364.3638429665794
160266300,0.8710296444328777,-0.1837623919922285,17.215422474225207,1.0102196035928548,205.88356425800401,-364.59367451364085
160268055,0.8710954371314356,-0.1837947559074969,17.22721846133235,1.009526317333838,205.77876095414945,-364.6945762798461
160269810,0.8711089076512972,-0.18371327285883846,17.226614184368483,1.0095618093887515,205.92173446294007,-364.7747767293285
160271565,0.8708291627769803,-0.18374353125971757,17.182293262890244,1.012171816941036,206.0536280364529,-364.23235165727925
160273320,0.8710007765140677,-0.18391244117201483,17.2158772583091,1.0101928568728265,205.62326877999323,-364.43862304973845
160275075,0.8710397977962233,-0.18386365032848045,17.22054070263045,1.009918672603347,205.68786243831207,-364.54427745320055
160276830,0.8709201015428473,-0.1838398784908456,17.200307733832574,1.0111093376989426,205.81286172059046,-364.3371739304528
160278585,0.8707717904008011,-0.1837430852291841,17.173003577184446,1.0127205893442264,206.09292973517722,-364.1256437805962
160280340,0.8720220697177061,-0.18329755653215324,17.36180907801593,1.0016829340911162,206.07701126442953,-366.7686322578438
160282095,0.8708865542669557,-0.18391753129685154,17.19752862527742,1.0112731016215553,205.69074514487733,-364.2224119688473
160283850,0.8709890319348198,-0.18390645863178567,17.213765950494068,1.0103170389049732,205.64233846721154,-364.4207763800375
160285605,0.8706131197795912,-0.18393482900567662,17.153928730938482,1.0138492730532143,205.84188360677854,-363.701737251412
160287360,0.870400575374676,-0.18367446515082905,17.110899416919242,1.0164046467892092,206.46838418545698,-363.4791854172816
160289115,0.8710205466874108,-0.18389899953100836,17.218626263407746,1.010031212819686,205.63497302740112,-364.4845328266467
160290870,0.8709380171290143,-0.1837630210646426,17.200582511127923,1.0110931488418173,205.9441237654293,-364.4223059387966
160292625,0.8709227057458488,-0.18385663342018135,17.20130298059657,1.0110507039223895,205.77987928283224,-364.3307506041058
160294380,0.8707460089184917,-0.1839147099653614,17.174692247834802,1.012620789695053,205.79038959483984,-363.9625741583161
160296135,0.8708845235857438,-0.18393520209557243,17.19780424218389,1.011256858032067,205.6592011487163,-364.2067406389518
160297890,0.8710828087614003,-0.18373109058328604,17.222983848300615,1.0097750888645372,205.9061001037725,-364.7140184117186
160299645,0.87109823231687,-0.18390497271269904,17.231454634044454,1.009277576928124,205.57135116001766,-364.62527400531457
160301400,0.8709609913985789,-0.18388417104518867,17.208453020395265,1.0106296679117113,205.70277316599984,-364.38355337044914
160303155,0.8710910698104526,-0.18399749412390884,17.233467192939564,1.0091594461008229,205.40383377687442,-364.5493398749401
160304910,0.8710941477433161,-0.1838486596926453,17.22885788265311,1.0094300389187403,205.67909329202084,-364.65573742585076
160306665,0.8709931046494764,-0.18364744326645965,17.20556083526848,1.010799934337276,206.1227724143051,-364.6029321797299
160308420,0.8710041923921282,-0.18384190653863217,17.21401475109683,1.0103024034650485,205.75242610095253,-364.49257141137156
160310175,0.8710965291610226,-0.18403764790937302,17.235734971789483,1.009026367839903,205.32537996483822,-364.53232852817234
160311930,0.8710768316207164,-0.18387022356295957,17.226783046774955,1.0095518910464076,205.65059238269325,-364.6088764830746
160313685,0.8712396757198675,-0.18381791952684465,17.251489259063195,1.0081028405906793,205.6378824688294,-364.9480068521297
160315440,0.8705786128674866,-0.18387128878134584,17.14620467168793,1.0143070325632677,205.98320490050065,-363.679936015845
160317195,0.8713082958151269,-0.18392909981152664,17.26650835821455,1.0072239850190308,205.3839133047863,-365.00047596708754
160318950,0.870878643547765,-0.18421419424643865,17.2064088358118,1.0107500055717298,205.14427121692682,-364.007919605521
160320705,0.8724767530375749,-0.18441633162118393,17.47642100592832,0.9950993808643132,203.668758602585,-366.8402665607499
160322460,0.8711843272597264,-0.18339500895683808,17.227973103500506,1.0094819971246272,206.46592914315602,-365.1308134466449
160324215,0.8713317379716171,-0.18407683749762985,17.27543190798323,1.006702541917366,205.09270941942674,-364.9436036391925
160325970,0.8712298084910705,-0.1840836077296346,17.259026212024576,1.0076616174317834,205.14944464574745,-364.74924615876535
160327725,0.8711987627266694,-0.18394320522055432,17.249131407484583,1.0082409517769622,205.43201016047092,-364.7867338815919
160329480,0.871500762762824,-0.18381058726715227,17.293885271995176,1.005625941701624,205.47387809655714,-365.44032925013664
160331235,0.8690225673630089,-0.18344235020929028,16.884772084035234,1.0300484427775927,207.79821090943264,-361.0630376306559
160332990,0.8713920184841498,-0.1841187232076827,17.286733958962877,1.0060428876079655,204.9736374325944,-365.0272714211143
160334745,0.8712855130069994,-0.18380957267596815,17.25867524866013,1.00768215470616,205.622346847325,-365.03920761452423
160336500,0.8710681888855407,-0.18382208534989014,17.22372761372757,1.0097313858649999,205.7461921944953,-364.62528497138055
160338255,0.8713939031121991,-0.18390366735855265,17.279615704119376,1.006458249984263,205.37306324525997,-365.17742169225073
160340010,0.8714390220063253,-0.18397683321063724,17.28952128985364,1.0058803355672734,205.20586919391775,-365.2116556967634
160341765,0.8711854990337662,-0.18400795048612814,17.249198043881275,1.0082370480289613,205.32038732410845,-364.71810888083746
160343520,0.8713093471346218,-0.1841069890714887,17.27281472342935,1.0068554197439639,205.05182781371062,-364.8813882783161
160345275,0.8714026710957417,-0.18386948568841097,17.279869874943984,1.006443412769568,205.43085275741598,-365.2170688585981
160347030,0.8712420818786187,-0.18391634839905227,17.255267436178734,1.007881612780616,205.45267431577244,-364.8856997255807
160348785,0.8710034500717845,-0.18399558686248466,17.21916236417947,1.0099996956307824,205.46660726329432,-364.38748441981653
160350540,0.8716526320583936,-0.18412558844545002,17.329706110708486,1.003542660888666,204.78244495339487,-365.5078273514548
160352295,0.8714647034690474,-0.1840037519420807,17.29465545129362,1.0055810582618565,205.13816039267599,-365.2411442062342
160354050,0.8714020907229447,-0.1839836448580998,17.283714825592877,1.0062190172948506,205.21836701659473,-365.13817108240755
160355805,0.87098979008684,-0.18416157564739283,17.222641333477213,1.0097952160067138,205.16703887559007,-364.24996102432254
160357560,0.871175144566435,-0.18420344863629556,17.25424338646911,1.0079415654996515,204.96364910500532,-364.566164533802
160359315,0.8713448514462397,-0.18421569252076003,17.28237173843959,1.006297389927159,204.82539973621883,-364.87336894000305
160361070,0.8712887479215639,-0.18414061221972794,17.27061088184942,1.0069841889881015,205.00328048550892,-364.8201647360677
160362825,0.8710633743090288,-0.18408787539511626,17.232068669540773,1.00924153205601,205.25434531103716,-364.4366359198945
160364580,0.8712208826044123,-0.1841925161123436,17.261324885777416,1.0075271269767352,204.95290133503497,-364.6586289513673
160366335,0.8711987096510035,-0.18411342746848905,17.254982763937655,1.007898278125027,205.11507316767725,-364.6711177543835
160368090,0.8714478864293224,-0.18420948108334462,17.299019318977532,1.0053268225684588,204.76659674590036,-365.0692414180322
160369845,0.8711674815219329,-0.1843285011045817,17.257306299184503,1.00776226934275,204.73651396805204,-364.4669866818694
160371600,0.8714448515093712,-0.1844164631951769,17.305695479148344,1.0049381233883,204.38402220071674,-364.92199821183596
160373355,0.8713204068407306,-0.18419828890999307,17.27777439918518,1.0065657491875972,204.87442910418196,-364.83977432065586
160375110,0.8713382366016462,-0.18427127862285544,17.283211996790065,1.0062483572333978,204.72657163892498,-364.8231596965791
160376865,0.8711536355969686,-0.18422426302042177,17.251455197300622,1.0081048354891993,204.93956150216513,-364.5120531734683
160378620,0.8713842842357568,-0.18418110615209385,17.287625416722097,1.005990893701047,204.8628271191382,-364.9703081534526
160380375,0.8712534419509084,-0.18419398099674653,17.266688457793606,1.0072134556444818,204.9280360883186,-364.71817613085284
160382130,0.8713681988422398,-0.18424281678875498,17.287128151351766,1.0060198958355557,204.7590366368745,-364.89827624197665
160383885,0.8712478457641476,-0.18417257203778245,17.265036398671604,1.0073100501918344,204.97165709570072,-364.7223315427412
160385640,0.8711424921989069,-0.1842131073246752,17.249255181437253,1.008233700773931,204.96785815795454,-364.4989121758835
160387395,0.8711536301777345,-0.18438679800912144,17.25705937828143,1.0077767211814048,204.63770696727065,-364.4016630413937
160389150,0.8713907052060443,-0.18421299671329586,17.28977903693773,1.0058653068848475,204.79912479989767,-364.9604829457486
160390905,0.8711775046526544,-0.18417226273957485,17.25355335054906,1.0079819674967747,205.02003040102812,-364.59172690478624
160392660,0.8711343258000889,-0.18435480037458218,17.252808647473472,1.0080255739252881,204.71020816476545,-364.387567683373
160394415,0.8712991247824718,-0.1842355679591167,17.275584702472567,1.0066936181555937,204.81961343424362,-364.7748014831418
160396170,0.8714449907739006,-0.18415495138190946,17.296657403232523,1.0054644100473578,204.87003445478626,-365.10112741836144
160397925,0.8711976656773566,-0.1840463305960992,17.252501696516482,1.00804354867799,205.2406646646779,-364.7147235140211
160399680,0.8711890129977506,-0.18408098407822548,17.252284745543683,1.0080562535053101,205.18203024183998,-364.6750975146019
160401435,0.8712246774737635,-0.18423561001874222,17.26343062716435,1.0074039561177062,204.8702072438683,-364.6363851863819
160403190,0.8711933001902534,-0.18420259938463315,17.2571740411824,1.007770010115365,204.95289711756055,-364.6004939111404
160404945,0.8712915002833673,-0.18401509664026713,17.266730752833986,1.0072109829315035,205.2350780048308,-364.9106908125635
160406700,0.8710107605109398,-0.1841875313565995,17.22694032972119,1.0095426530134775,205.10462027050352,-364.2713952838821
160408455,0.8712581349477853,-0.18418228494542307,17.267050895327856,1.0071922666985798,204.9465938682425,-364.7348605572954
160410210,0.8713376149927443,-0.18422078861085003,17.281364739649586,1.0063561589461476,204.82085810440552,-364.8564375037802
160411965,0.8714253943933172,-0.18406543391079874,17.29035301383601,1.0058318411321054,205.05008187118474,-365.125786441956
160413720,0.8709515396895061,-0.18422116221810989,17.218475849549463,1.0100400559549458,205.08214698018523,-364.13863028445
160415475,0.8710940590280938,-0.18431122343270284,17.244746979891268,1.00849787042745,204.8184344861406,-364.3423806477808
160417230,0.8710472971939569,-0.18417321099486045,17.23238768435333,1.0092228063903448,205.10652372845635,-364.34899461916956
160418985,0.8712541210768647,-0.18405833136085456,17.26212104407881,1.0074805538471439,205.17997687781806,-364.811682779173
160420740,0.8710167705373696,-0.18408086906620272,17.224252890207307,1.0097005233647498,205.29889267863604,-364.3546702289566
160422495,0.871073902676344,-0.18420583065059787,17.23783738619525,1.00890302491291,205.02788014216966,-364.3763634814515
160424250,0.8710956298264213,-0.18425158242975054,17.24294846341979,1.0086032977980766,204.9281426929157,-364.38573520662925
160426005,0.8712312270493571,-0.18407007635295353,17.25879129216359,1.0076753641118692,205.17366860189208,-364.76107977527346
160427760,0.8708977653771444,-0.18416246322124558,17.207735478167187,1.010671905131296,205.22749652090909,-364.07831807398674
160429515,0.8709684531993487,-0.1842524249497961,17.222296515776176,1.0098154792839091,205.01265179627532,-364.1489283154477
160431270,0.870767001180234,-0.18436143221660234,17.19336819763976,1.011518361518728,204.94618172886624,-363.70155943869514
160433025,0.8712282886095613,-0.1843240262877653,17.2670720421748,1.0071910304320066,204.70347737118283,-364.5829503360705
160434780,0.8709133005268768,-0.184315519449232,17.215509091701847,1.0102145093444144,204.932761541045,-364.00391798574225
160436535,0.8708674266306181,-0.1844925497662053,17.21414760213387,1.010294588813088,204.63545871020358,-363.799340573442
160438290,0.8710077049628289,-0.18443982949554114,17.23512373354001,1.0090622331883554,204.63832226975296,-364.0949928748075
160440045,0.8710720411118075,-0.1844248060669819,17.245076269574596,1.0084785701607644,204.62257932582634,-364.22448798063465
160441800,0.8710836961325169,-0.1844094515048564,17.24644486032875,1.0083983624935409,204.64315532365444,-364.2565229838673
160443555,0.8706285106830745,-0.18468707849196347,17.182126532543364,1.0121816610057328,204.4363922783643,-363.226196127422
160445310,0.871436530993688,-0.1843525147011741,17.30211434197752,1.0051465868182086,204.50847722685003,-364.9503093855747
160447065,0.8710756765602219,-0.18438419029110117,17.244268195363524,1.0085259341780666,204.69546202655167,-364.2587782011515
160448820,0.8708601032578361,-0.1845978530370549,17.216580658399554,1.0101514913632403,204.44540165266824,-363.71466947981565
160450575,0.870744390208303,-0.18476884118495182,17.203694250815825,1.010909852914107,204.2073001725762,-363.3852979328042
160452330,0.8706884847741778,-0.18471257396500637,17.19270483076458,1.0115574784338723,204.34893592187845,-363.3198989072624
160454085,0.8709642012283151,-0.1847581087581995,17.239020478033733,1.0088336294100153,204.0785192685523,-363.7987840816348
160455840,0.8709318738018675,-0.184632117802749,17.229418118601973,1.0093971421160681,204.33345789981948,-363.8243332676463
160457595,0.8706655380723354,-0.18475966422431328,17.190607820897657,1.0116811532456853,204.27736775406026,-363.24580769785797
160459350,0.8706253662452051,-0.18487613448184345,17.188108034904868,1.0118286220439678,204.08936530640952,-363.0932765369319
160461105,0.8707411013978965,-0.18485725116504997,17.20620289545546,1.0107621305200645,204.0462470207072,-363.31959656881185
160462860,0.8709221032163255,-0.184627176161491,17.2276598634634,1.0095003932700561,204.34921534066217,-363.8095952705111
160464615,0.8706509036158039,-0.184579333289996,17.18205276955851,1.012186016168465,204.62060163089043,-363.34000162887577
160466370,0.8706952324186445,-0.184887866241108,17.199822714116532,1.011137914524798,204.02067203162466,-363.21429527731783
160468125,0.8709102713948766,-0.18475305091901872,17.230075356681873,1.009358552128108,204.12440498073744,-363.7025163852436
160469880,0.8710231382635748,-0.18460569611812216,17.243352952327704,1.0085795851093904,204.32053137533262,-364.0111730088314
160471635,0.8707142827518289,-0.18449063608117872,17.18926435031056,1.0117604026777813,204.74219322522038,-363.5169473099728
160473390,0.8707100229900668,-0.18459136295581471,17.19203021019057,1.0115972620550695,204.5585929890926,-363.4413024016625
160475145,0.8709655265946576,-0.18455999003836737,17.232403818218778,1.0092218593764049,204.4442096611169,-363.9354628344747
160476900,0.8708587112845206,-0.1845985689531401,17.216379354047856,1.010163329310849,204.44501676939518,-363.71160950988764
160478655,0.8708448866495967,-0.18441884191036936,17.20795849750798,1.010658777000126,204.78727009192247,-363.80730166197554
160480410,0.870761131391227,-0.18446928247644365,17.19611641202934,1.0113563391549503,204.75022511345006,-363.61809526240785
160482165,0.8709106964104211,-0.18445103550183953,17.219744020462244,1.0099655024754748,204.6831683104886,-363.9075648677619
160483920,0.8709634961000072,-0.18428163294273672,17.22249506126731,1.0098038116212702,204.9617625518463,-364.11998559281466
160485675,0.870973219629537,-0.18427306516625908,17.22378012989521,1.0097283002045196,204.97109987506445,-364.14383097748146
160487430,0.8708789815080906,-0.18440666516244503,17.21307089623232,1.0103579270075704,204.78684419259733,-363.8787303072919
160489185,0.870942875669452,-0.1842771476984384,17.218992134123678,1.0100097031866804,204.98402144441474,-364.0847293335526
160490940,0.8711848772226953,-0.18428183158787903,17.258532941940114,1.0076904822875068,204.81137278094891,-364.5310074863993
160492695,0.8710919813896482,-0.18427600208635853,17.243195449269454,1.0085888184090865,204.8852533727968,-364.36240343031466
160494450,0.8708205759476402,-0.1844094091595057,17.203693127314068,1.0109099190815747,204.82114683298403,-363.7685914265369
160496205,0.8708890336017971,-0.18441840576433483,17.215105573088216,1.0102382419918727,204.75828989126475,-363.8894432258642
160497960,0.871022397898777,-0.18418928657499983,17.228892130170717,1.009428027858324,205.09348824578706,-364.29183706675605
160499715,0.8709790895528788,-0.18420292541940206,17.222323520564867,1.0098138923130278,205.09741981437148,-364.20213463000755
160501470,0.8708377994798189,-0.18438600647989048,17.205681906884987,1.0107928055533812,204.85292986461963,-363.81630065287254
160503225,0.8709208604133508,-0.18433319481532998,17.217343471619497,1.0101066357230846,204.89485530786197,-364.00601345307734
160504980,0.871002971192836,-0.18433341783875457,17.23069075324199,1.0093224215589294,204.83893562450763,-364.15824795684756
160506735,0.8711102926712337,-0.1841844025104828,17.243022677999697,1.008598946971598,205.04305373776873,-364.4585238084079
160508490,0.8706990839944786,-0.18418662642799363,17.1763974887843,1.0125200307297184,205.316217472705,-363.6929591948552
160510245,0.8708162851230545,-0.1845285497042876,17.207089099011693,1.0107099564523572,204.60328393438004,-363.6803197609901
160512000,0.8708559502827738,-0.1843100145186136,17.20601658310705,1.0107731001003508,204.98166533726217,-363.90119826033646
160513755,0.8707318493147267,-0.18434478219118172,17.187108151017398,1.011887619815011,205.00069881759742,-363.6475654129123
160515510,0.8710151175966568,-0.18419984374276135,17.22807164428297,1.009476210102295,205.07879195684677,-364.2711668613786
160517265,0.8709614353710528,-0.1841295530265767,17.21693735106962,1.0101305162984129,205.2457218552422,-364.2188737320202
160519020,0.8707627623067897,-0.18422185368676067,17.187900468652785,1.0118408688457683,205.2080422232507,-363.78755421670814
160520775,0.8707337069165669,-0.18417437209694063,17.18157560875351,1.0122141899174018,205.31574128110796,-363.7654891717436
160522530,0.8706412893768932,-0.18421029647827253,17.16787039454379,1.0130240790056129,205.31101399172456,-363.5697770566912
160524285,0.8709699459080409,-0.18428187859772183,17.22355123077643,1.0097417496288421,204.95694743392065,-364.1317952263918
160526040,0.8708230950079793,-0.18411191601950427,17.193903010896488,1.0114868272610487,205.37173008136628,-363.97356420174543
160527795,0.8708074762136067,-0.18427603585148913,17.196995628693298,1.011304515464405,205.07737965040144,-363.8341211994486
160529550,0.8710228963918184,-0.1843256313435293,17.233662741552617,1.0091479694927563,204.83990242077806,-364.2005021909453
160531305,0.8709950965314524,-0.18420855827455043,17.225117526386274,1.009649725975547,205.07613518541362,-364.228070789613
160533060,0.871090179716955,-0.1841679478059778,17.239182600903042,1.008824120666226,205.0872744276604,-364.43228095122436
160534815,0.870722798026018,-0.18407679086256404,17.17647616294553,1.0125153825297144,205.50439744509023,-363.81070146019215
160536570,0.8709128862485326,-0.18430960043276698,17.215238540795838,1.0102304214716202,204.94402678009337,-364.007144810963
160538325,0.8711349214050409,-0.1842155885032759,17.24810733620447,1.008300948566475,204.96838286402283,-364.48315719928377
160540080,0.8709741970040816,-0.18415770678796684,17.219975887019498,1.009951872650411,205.1847643580015,-364.22358877226964
160541835,0.8708287113412478,-0.18420506171786621,17.198003036603836,1.0112451423299613,205.19486817105283,-363.9213243874874
160543590,0.8710037116959981,-0.1843329968087038,17.230796657105838,1.0093162040945987,204.83921598261904,-364.1599072661021
160545345,0.8710009663963553,-0.18417455004328323,17.224902738326136,1.0096623442997976,205.13536899798805,-364.2619674943352
160547100,0.871123339100696,-0.18412186508452238,17.24299436392764,1.0086006068783917,205.15050634211994,-364.5251729611274
160548855,0.8707157405484715,-0.18437036973164567,17.1853785046402,1.0119896932107326,204.9640765724307,-363.60049758084364
160550610,0.8714814523513765,-0.182040709582108,17.23010812146668,1.0093566284084021,208.81861090847454,-366.60485544585015
160552365,0.8712551008693581,-0.18430066548300789,17.270642628255082,1.0069823338291088,204.7286197550377,-364.6486536975971
160554120,0.8712224545562517,-0.1843070391129684,17.265533264319917,1.0072809969129564,204.73899774654646,-364.58367225037335
160555875,0.871043409865243,-0.1842603101602199,17.23475128137595,1.0090840886459629,204.94730666431073,-364.28281603436415
160557630,0.8710470617364345,-0.1843728651663737,17.239220242369907,1.0088219129647202,204.73587353721567,-364.2133595181943
160559385,0.8712955537195731,-0.18421714582683305,17.274364906026783,1.0067648631825286,204.85629619758657,-364.78071145438946
160561140,0.8713062188692416,-0.18428328793236573,17.278393020617937,1.0065296302202018,204.72608471950176,-364.7554683823712
160562895,0.8709747448949929,-0.18432763249439535,17.225903976725476,1.00960352644925,204.8687664747103,-364.1097727946066
160564650,0.8710197746610819,-0.18437594766092544,17.234887052709396,1.0090761214872348,204.74863791161158,-364.16064095765626
160566405,0.8713233186492952,-0.18440785633615986,17.285497709640897,1.0061150002460768,204.48306952697672,-364.70226643017696
160568160,0.871192921553792,-0.18438982256611197,17.26357245911618,1.00739566104339,204.60538261346656,-364.47252659394695
160569915,0.8711641828154043,-0.18429648947561944,17.25566425158524,1.0078583832471062,204.79820457640594,-364.48260782046657
160571670,0.8709755258018816,-0.1844279241173054,17.229481388057224,1.0093934270970422,204.68218169460573,-364.04338302110693
160573425,0.8711881747942758,-0.18444916069267075,17.26484756105981,1.0073210925539906,204.4985145593622,-364.42335424589396
160575180,0.8712397444796696,-0.18440154541064027,17.271620680195298,1.0069251829367527,204.55175863780184,-364.5514486603008
160576935,0.870994865416377,-0.18417751800099702,17.22401346053306,1.0097145907666198,205.13397604880328,-364.2486217161757
160578690,0.8713104751489504,-0.18436976453520038,17.282079258068848,1.0063144585389427,204.56254989018427,-364.7044111558913
160580445,0.871125899215846,-0.18442914902887173,17.25400017548437,1.0079558052716608,204.5779682773684,-364.3214405781306
160582200,0.871297646072742,-0.18437536470639443,17.280175690632745,1.00642556136785,204.5609010268473,-364.676771905358
160583955,0.8713231194488038,-0.18431911124081835,17.28239441996475,1.006296066299652,204.6480020316195,-364.7624438256706
160585710,0.8708765172281714,-0.18502502289324174,17.233974832898525,1.0091296536165026,203.64516800829017,-363.45598809803084
160587465,0.8711342228913627,-0.18437371822405352,17.253444394902445,1.0079883472085176,204.67516455354055,-364.37453047347304
160589220,0.8711947870849707,-0.18434711388242775,17.262402182894196,1.0074641090087506,204.6833940455979,-364.5050350334756
160590975,0.8713007386271295,-0.18430127979740923,17.278119318045373,1.006545610358876,204.69638959334566,-364.73302224971576
160592730,0.8710656882863221,-0.18431977700862653,17.240423096177455,1.0087513697403174,204.82178592516885,-364.2839065443622
160594485,0.8711999978694703,-0.184473507016188,17.26761853149437,1.0071590831541812,204.44531320576098,-364.4287150191996
160596240,0.8713011125087327,-0.18448827295322473,17.284650083436883,1.0061644497824094,204.34901291509868,-364.60618296524115
160597995,0.8713885124454496,-0.18421634350755464,17.289535994035266,1.0058794781857296,204.79439748727512,-364.95411991411646
160599750,0.8710775187441862,-0.1844064151192707,17.245334212014043,1.0084634522022322,204.65297853896757,-364.24712287871756
160601505,0.8709240765177816,-0.18430394766432343,17.21686074254971,1.0101350211357063,204.9469640163261,-364.0317314461529
160603260,0.8711327526342513,-0.184154367911328,17.24564587334892,1.0084451863945567,205.08367202537104,-364.52064699581695
160605015,0.8709160966342552,-0.1839579323163247,17.20369894955707,1.0109095761867208,205.59562035817405,-364.25023263338556
160606770,0.8705628899572594,-0.18379194102610183,17.140974271185037,1.0146172426692601,206.14148225412336,-363.70357917635243
160608525,0.8704887634725591,-0.18358931679795232,17.122175447163215,1.0157337531948405,206.56866253185788,-363.7002219186434
160610280,0.870415316073838,-0.18344283207860027,17.105427674130656,1.016730520667671,206.89093561341394,-363.6602670659595
160612035,0.8703901086201801,-0.1830131869840526,17.086897491355465,1.0178356555693013,207.7119075355286,-363.89720737903525
160613790,0.8698779268389814,-0.18285245778377085,16.999924560563052,1.0230549993749978,208.34902579658026,-363.0418205410163
160615545,0.869742867135214,-0.18280819598329798,16.977067082704252,1.0244356072654146,208.51974874035216,-362.81720512255714
160617300,0.8697984341949179,-0.18259283691685463,16.978700716884443,1.0243368108283883,208.88816039042786,-363.06109959261937
160619055,0.8696438848965543,-0.18230645517232386,16.944816419322695,1.0263899275224604,209.52691709409967,-362.9552187841801
160620810,0.8692812393173824,-0.1820954696982198,16.880929703433825,1.0302834490614692,210.15674639780073,-362.40677836205725
160622565,0.8691281686321154,-0.18201910888667977,16.85451548789421,1.031901896083279,210.39796643045526,-362.16659696875115
160624320,0.8689635654186311,-0.18173485069130968,16.81962252964671,1.0340476714824796,211.03861774725544,-362.0352947828789
160626075,0.8689464042881097,-0.1815330896337989,16.810406101124617,1.0346159369031693,211.43109098426905,-362.12965706825935
160627830,0.8686693786608847,-0.181266466576614,16.758902274028944,1.0378031003658745,212.10942890572838,-361.7713032170418
160629585,0.8685131229492382,-0.1810953093362683,16.729319745845338,1.039642633192343,212.53107472753558,-361.5809216444584
160631340,0.8686838578850333,-0.1813173725264166,16.76277814337455,1.0375625696387276,212.00390057332578,-361.7670918327525
160633095,0.868938407607275,-0.1814008203912788,16.804877707439,1.034957106069129,211.68669849470976,-362.19750520184107
160634850,0.8691374500349891,-0.1816364984081503,16.84348227126399,1.032579429621637,211.1150071321169,-362.42619137391
160636605,0.8688997394096615,-0.18196733178223515,16.817265059162896,1.0341929686143563,210.63987133603882,-361.7684795554043
160638360,0.86911320598009,-0.18221039259955807,16.858434971601213,1.0316614206129069,210.04698000685138,-362.017136076922
160640115,0.8693410448808808,-0.18230145290828412,16.89705652300346,1.029297826001687,209.7305292643876,-362.3881180311605
160641870,0.8696673950262719,-0.18256255879092131,16.956995238718854,1.0256510408558235,209.02982107154185,-362.83435712427854
160643625,0.8697362026560133,-0.18230135998567268,16.959207382087172,1.025516944819994,209.4770098933677,-363.1324493302158
160645380,0.8698907927016167,-0.18313130565916566,17.011270532200868,1.0223710773126962,207.8182252196442,-362.88429687319257
160647135,0.8702174805876389,-0.1831896550035969,17.065234613507126,1.019130676918408,207.49502577910025,-363.45746061332
160648890,0.8702550634824031,-0.18330575495940657,17.075144722330865,1.0185378348013376,207.25306609839,-363.45131272534775
160650645,0.8703302653329198,-0.18369769473523895,17.100409697932022,1.017029554074366,206.4716893873669,-363.33272545264475
160652400,0.8704052518011717,-0.18405963674000406,17.124716266882334,1.0155827036162284,205.74840852962564,-363.23199685975123
160654155,0.8707707437422351,-0.18413636707994496,17.186266211407876,1.0119373034856314,205.36147650435421,-363.8598250684985
160655910,0.8709303539189622,-0.18426115828116618,17.216410027687946,1.0101615254921423,205.02216647013512,-364.0722757669598
160657665,0.8710044838603495,-0.18449791962243703,17.23660101125566,1.0089755560064315,204.53281943437545,-364.0496744897392
160659420,0.8709056078394776,-0.1845777931616605,17.223279107086345,1.0097577392657704,204.45178421893885,-363.81246319963077
160661175,0.8711125041438506,-0.18467128579900735,17.26017989165519,1.0075941136262514,204.13842141919628,-364.1320575177716
160662930,0.8712424864129494,-0.18453010121383193,17.276514755064944,1.0066393030696108,204.31143771827638,-364.4689465850972
160664685,0.871020462991494,-0.1845504811360908,17.241012934391136,1.0087167813737523,204.42460207915832,-364.04366006888813
160666440,0.8709087178098354,-0.18476802904966352,17.230339338014208,1.009343053193616,204.0977714605087,-363.68950421848905
160668195,0.8710630191799641,-0.18473668130233026,17.254372661115045,1.0079339967559418,204.05107002887388,-363.9960487670041
160669950,0.8710534478387878,-0.1845698013868188,17.247049607797056,1.0083629247156427,204.36644131453636,-364.09165476716163
160671705,0.8711742804484273,-0.18461908392533305,17.26845440777435,1.0071102224978028,204.1930302308344,-364.2819504115723
160673460,0.8709222794059842,-0.1846270433024053,17.2276839193447,1.0094989804782935,204.34934200533579,-363.8100112416654
160675215,0.8710395461978385,-0.18476328838410863,17.251467157238263,1.0081041350294822,204.01781525807203,-363.93456653951193
160676970,0.871190036057427,-0.18458655339317004,17.26990125423224,1.007025659155591,204.24255702286544,-364.33328517691206
160678725,0.8711927198239996,-0.18450504858479955,17.26752081560389,1.007164795388956,204.3917808809699,-364.3937503135194
160680480,0.8703194541586483,-0.1844457806863108,17.124065120399198,1.0156214094363638,205.0894154379562,-362.81591868705283
160682235,0.8709271476283326,-0.18484811325239275,17.23609937921021,1.009004986886022,203.93732241212993,-363.6693082220166
160683990,0.8709935958952424,-0.1847122388822826,17.242220860430567,1.008645955481597,204.14340626624917,-363.8842419829699
160685745,0.8711429445815267,-0.18443320474294253,17.256918843494205,1.007784946616347,204.5588651943038,-364.35030391654755
160687500,0.8708493441395722,-0.18464821711967053,17.216567376757446,1.010152272397824,204.35947247990597,-363.66074014886493
160689255,0.8710725533811766,-0.18466271045441204,17.253370270740724,1.0079926874683802,204.1814470830463,-364.0639460141696
160691010,0.8710037517580939,-0.18483484640606104,17.24810936352861,1.0083008297855136,203.90986700405884,-363.8198157567216
160692765,0.871160968656309,-0.18475450494570314,17.270968220309616,1.0069633076598172,203.95146163754566,-364.16508324967305
160694520,0.8711882407801893,-0.1847644087485923,17.275765498224445,1.0066830592213833,203.91455775298954,-364.2087758139723
160696275,0.871154646759903,-0.18480290050960424,17.271612085661335,1.006925685116241,203.8662765802738,-364.12042090632303
160698030,0.8711760363264061,-0.18485962958152757,17.277071808173677,1.006606773968886,203.7468423448475,-364.1212857120449
160699785,0.8711277239603293,-0.18472110365407451,17.264385733377836,1.0073480991514283,204.03588390301235,-364.1263294508561
160701540,0.8714627404774565,-0.18465556794388654,17.316933953489144,1.004284476477567,203.92831744051307,-364.7913285858548
160703295,0.871127242258638,-0.18478556399392304,17.26653802921917,1.0072222503128558,203.91699390595417,-364.08156191332995
160705050,0.8712108333383477,-0.184967469111793,17.28650179424761,1.006056429402548,203.52390760548923,-364.1119572760016
160706805,0.8714065676476538,-0.18493493351707332,17.31743761696084,1.004255202566529,203.44999554175652,-364.4957383747918
160708560,0.8714167180847802,-0.18471519479956305,17.311456681294082,1.0046029366591855,203.84944420797726,-364.6652102685768
160710315,0.871301244011883,-0.18483627965101979,17.296741033312564,1.0054595377429232,203.70448762690052,-364.3686628024149
160712070,0.871406173409099,-0.1847835606289071,17.312104487571023,1.0045652612907783,203.73014097671904,-364.59883130867337
160713825,0.8712951698650055,-0.18492137596628327,17.298703215858133,1.005345234178018,203.5513761328644,-364.299220965177
160715580,0.8713029257143201,-0.18475287384693811,17.29412023430978,1.0056122484689112,203.85760083839787,-364.4288074387216
160717335,0.871394249286615,-0.184915212704376,17.31472964623016,1.004412615252937,203.49488612316208,-364.4865064502706
160719090,0.8712902748861783,-0.18482797098479592,17.294656564378794,1.005580993397927,203.72735090374505,-364.35406422797587
160720845,0.8713911771588325,-0.18477948657169702,17.309503481558142,1.0047165487325327,203.74795716632556,-364.5738776546986
160722600,0.8713946276008115,-0.18484304753820774,17.31228009270027,1.0045550488670199,203.62802557631352,-364.5366932503057
160724355,0.8713798027972248,-0.1848142573258338,17.308847543760457,1.0047547085392088,203.6914297029636,-364.5290101411114
160726110,0.8710489093717454,-0.184906385752822,17.25794239432668,1.0077250417435022,203.74704664115356,-363.85461387937954
160727865,0.8711918676956382,-0.1850730503307771,17.287067210964935,1.0060234501923702,203.34203533449156,-364.0048374086559
160729620,0.8710442813935461,-0.18485121056704404,17.25527882782212,1.0078809459000257,203.8521014117737,-363.88357769661496
160731375,0.8711217870509453,-0.18482922351388703,17.267159369080467,1.0071859252428408,203.84000143062073,-364.041751414817
160733130,0.870856622588238,-0.1848249817389993,17.223837870534737,1.0097249075947174,204.02779690350957,-363.55470845548183
160734885,0.8710661412598455,-0.184930753678209,17.2615960982257,1.0075112612903478,203.6903327917027,-363.8698546872407
160736640,0.8709080760592993,-0.18491718338878288,17.235382266290667,1.0090470630683777,203.82271902709346,-363.5872860964798
160738395,0.8709833270942114,-0.1847587117620879,17.24215380560367,1.0086498869330918,204.06443525031153,-363.83373330117774
160740150,0.8709945002567371,-0.18484082904947327,17.246809445585804,1.0083769977544375,203.90509487691537,-363.79866230769085
160741905,0.8707493381293694,-0.18488566996238076,17.208516702694382,1.0106259195041278,203.9882344802131,-363.31562418951773
160743660,0.870793516184226,-0.18496875254756998,17.218547263334592,1.0100358573746036,203.80511107350262,-363.3410135392281
160745415,0.8710140432989333,-0.1848287817117362,17.249576058933084,1.0082149034141779,203.91408411184082,-363.8429486909774
160747170,0.8708777105897257,-0.18486878582389027,17.228774917912112,1.0094349107534648,203.9326321122325,-363.56401047453613
160748925,0.8710613971311385,-0.18494472118712008,17.26130599173619,1.0075282322799382,203.66777567574036,-363.85159294941076
160750680,0.87096127001118,-0.18495381997797522,17.245304281961943,1.0084652063737627,203.7190270271839,-363.6606099102069
160752435,0.8711157088735368,-0.18480328279501287,17.26526928658989,1.0072964323024516,203.8920876274798,-364.0481773158737
160754190,0.8710065319468244,-0.18480177341230467,17.247419216040793,1.0083412671592362,203.96909295796652,-363.8474062205916
160755945,0.871135343219575,-0.18504432307564803,17.276829760197128,1.0066209080951396,203.43360747858986,-363.92018969485883
160757700,0.8710129671576415,-0.18498237230267112,17.254713417556413,1.007914046767603,203.63122593807992,-363.7366084806431
160759455,0.8713099243184554,-0.1849229473214559,17.301174554333087,1.0052013076264497,203.53837550621316,-364.3254027896009
160761210,0.8710862089329896,-0.18498204609922692,17.266647056248814,1.0072158761324186,203.58199618131917,-363.8719807965585
160762965,0.87116821660758,-0.1849832031760718,17.28008037877318,1.006431124946043,203.52395728601738,-364.02254525803926
160764720,0.87132438289793,-0.18515662356780366,17.311678372005634,1.0045900431664831,203.09722819332265,-364.1919833924128
160766475,0.8712319657793506,-0.18496406409432614,17.28984043846071,1.0058617267593848,203.51575653870347,-364.15330035244705
160768230,0.8714063213013064,-0.1850037348394072,17.319794146487386,1.0041182591324282,203.32308545251337,-364.44806155338165
160769985,0.8713764229027071,-0.18494215487640364,17.312743312840603,1.004528111013624,203.45733223982216,-364.4350923174865
160771740,0.8713289882726949,-0.18500402708504265,17.30711900559932,1.0048552817954202,203.3755842726027,-364.3050818221686
160773495,0.871275898774271,-0.18501684858492498,17.298866533386718,1.0053357215695284,203.38827115655494,-364.19830436848906
160775250,0.8715242990341839,-0.18498626021173706,17.338570457709217,1.0030284581930213,203.2742538314484,-364.677963786039
160777005,0.8713179384589439,-0.18499573460007107,17.30501933682458,1.004977476029785,203.39846356850242,-364.2903630311215
160778760,0.8713079245310644,-0.18510155217918958,17.307061450707764,1.0048586309157108,203.21005953711162,-364.19938738976987
160780515,0.8714959881009198,-0.1849781407896785,17.333631528435863,1.003314890312452,203.30873522865136,-364.6312531096645
160782270,0.8713448928494838,-0.18501390501924034,17.310070376759157,1.0046835714013809,203.34644876022256,-364.3276730013402
160784025,0.8713057798170358,-0.18495255689208137,17.301525165645533,1.0051808919612306,203.48651928498026,-364.29747826108746
160785780,0.8710537589178843,-0.18531257827446818,17.27281854423893,1.0068551965248034,202.99508052880861,-363.58695119847675
160787535,0.8712144293283962,-0.18519892560005596,17.295135871557175,1.0055530630280507,203.0945802745067,-363.9603730262529
160789290,0.8712189885405262,-0.18499721653788867,17.288868924259265,1.0059183756219972,203.46342285608438,-364.10668926371443
160791045,0.8712158109630482,-0.1851095419066302,17.292252823919817,1.005721088506353,203.25837711624854,-364.0240507983013
160792800,0.8711171481093902,-0.1850816133395327,17.27515153925706,1.0067189168970998,203.37724482723758,-363.8612008365066
160794555,0.8710476986041352,-0.18522341117341554,17.26873288339147,1.0070939454233345,203.16331922788,-363.63657774064353
160796310,0.8711350160344045,-0.18496627163483534,17.274068577764233,1.0067821724428714,203.57785504754216,-363.97281071966665
160798065,0.8709263164690304,-0.1851723022862479,17.247172044105824,1.0083557503372622,203.34000081467622,-363.4478379227295
160799820,0.8708708373435349,-0.18516925198505474,17.238036813374222,1.008891326631073,203.38326907610698,-363.3477475972891
160801575,0.8710180095041049,-0.18519718715783,17.26297856464026,1.007430396011014,203.23182768113884,-363.5997708290583
160803330,0.8711024163164307,-0.18512903027333472,17.27439104438401,1.006763336405595,203.29988008291386,-363.80170851937646
160805085,0.8710295871106057,-0.1852318607941993,17.266070332954477,1.00724959472739,203.16010154042542,-363.59747663518306
160806840,0.8708789820285292,-0.18523228908233916,17.241543169301348,1.0086856901972854,203.26170429435084,-363.3199765641743
160808595,0.8710717009794621,-0.18522235708800558,17.27261488462931,1.0068670948551968,203.148900073321,-363.6814905806462
160810350,0.871192335787051,-0.18519715262601502,17.291458241633848,1.005767407047108,203.1129566674303,-363.92088276721984
160812105,0.870740795760985,-0.18516005721554477,17.216589362440498,1.010150979517775,203.4882451882154,-363.11455156205477
160813860,0.8707207671213044,-0.1850670223415696,17.210131104350324,1.0105309034094558,203.67311320702808,-363.1405188905408
160815615,0.8707378623992607,-0.18527425453635132,17.220056209538754,1.0099471511330687,203.28011244328647,-363.03193566825814
160817370,0.8709359073420424,-0.1850911556453051,17.24592504620532,1.0084288252299083,203.4829783735377,-363.5206077643255
160819125,0.8708675904073319,-0.18517794719396044,17.237809383958183,1.0089046675295257,203.36946106725756,-363.33587230404135
160820880,0.8705945177834027,-0.18514935572621413,17.192512009779087,1.0115688491237647,203.6066379286023,-362.8525222894273
160822635,0.8707016028375951,-0.18538948261210692,17.2181515141716,1.010059124816011,203.0928560056036,-362.88735713223616
160824390,0.8707671045372248,-0.18523733571510062,17.223529168624417,1.0097430459535446,203.32823448136412,-363.1107006362394
160826145,0.8709749751096288,-0.18518700274931302,17.25560846648889,1.0078616488362107,203.27986278177752,-363.52745279582587
160827900,0.8708558332665277,-0.18529031841045598,17.239785133846194,1.0087887827991635,203.17065129700958,-363.23801359002476
160829655,0.8706438431656174,-0.1852000685218384,17.202247069545685,1.0109950903392089,203.48007583010894,-362.9091073937906
160831410,0.8709058139136574,-0.18516050018150204,17.243425573015163,1.0085753279247993,203.3756551052208,-363.4180938382459
160833165,0.8708660300340108,-0.18532520810532543,17.242652533733466,1.0086206470365868,203.0995709731154,-363.2330878878348
160834920,0.8702015233717282,-0.1854776407652831,17.14036617783757,1.0146533204373194,203.26729816225193,-361.91041810655696
160836675,0.8702694977748382,-0.18567727873087417,17.15817268687791,1.0135979348065607,202.8561241215142,-361.90129716627905
160838430,0.8701580092668295,-0.1857691565950089,17.143371127335936,1.0144750638219466,202.76272092305837,-361.6358407584128
160840185,0.8702504398802694,-0.1859795343852134,17.165508706430245,1.0131637704973886,202.31649931536876,-361.6636928639842
160841940,0.8698700954486663,-0.18609592575416947,17.10833766427954,1.0165571879117854,202.35853581929427,-360.8924136783054
160843695,0.8697150992483668,-0.18639393948224123,17.093730706736466,1.0174278446966292,201.9196075104465,-360.4123563497705
160845450,0.8695322491457742,-0.1865070126864746,17.068380601907887,1.0189424028920608,201.83567255301134,-360.00558504477385
160847205,0.8695110911450822,-0.1864056120894362,17.061535844006713,1.019352121652317,202.0336108576181,-360.03427349721824
160848960,0.869418943825413,-0.18675535032432602,17.05880977373325,1.0195153927215508,201.46088659783658,-359.6361321098275
160850715,0.869139459169535,-0.18698493845434744,17.02219724790033,1.021713292310582,201.23045962284615,-358.9799624265267
160852470,0.8689382758336359,-0.18710773297230834,16.99449527370466,1.0233825946854842,201.1411499220569,-358.5368002509034
160854225,0.8688571936047189,-0.18712413696779745,16.98222965732716,1.0241234580536605,201.1646532532862,-358.38007641209396
160855980,0.8686700287938319,-0.18741331693231825,16.962521916558988,1.0253160895680453,200.76700283798178,-357.8549157317942
160857735,0.8685187759964835,-0.18745543038343251,16.940130954195585,1.0266744777872108,200.7898574569412,-357.5561531442183
160859490,0.868292690992752,-0.18765456790028368,16.9113797333876,1.0284240158850313,200.57966639868138,-357.0220922215796
160861245,0.8684136854637258,-0.1876280517324726,16.929470318709495,1.027322491583696,200.54876001457896,-357.25581243909
160863000,0.8685865343952299,-0.187439210400612,16.950244579145945,1.026060470477534,200.7749071559049,-357.688235138389
160864755,0.8685202317633638,-0.18745296768901024,16.940276340021395,1.0266656460703751,200.7933286392287,-357.5603635489905
160866510,0.8691161817517208,-0.1870493384671293,17.020701804930496,1.0218032674717288,201.1296398004766,-358.89564976673654
160868265,0.8690165143180268,-0.18675830577120647,16.994981248886443,1.0233532630876432,201.72025391101442,-358.9066812808825
160870020,0.869142021645755,-0.1869943664612554,17.02292615225905,1.0216694426358286,201.21176974538733,-358.978384978432
160871775,0.8692608151045306,-0.1868807531770496,17.037921130221008,1.0207682050644886,201.3386141927516,-359.26757200124626
160873530,0.8704716465270045,-0.18315431784494138,17.10471798406527,1.0167728021358557,207.39343827649267,-363.95675804775436
160875285,0.8697054188606458,-0.18630768793495162,17.08922437039159,1.017696749124246,202.08271935504067,-360.45204797245094
160877040,0.8699749264045068,-0.18623194477145957,17.129837064536986,1.0152784131622645,202.0410048103321,-360.99257773931276
160878795,0.8697135795143445,-0.18621695294904023,17.087421277706785,1.0178043840666773,202.24226312535853,-360.527102280363
160880550,0.8703217903559008,-0.18602749152182968,17.178684355879362,1.0123849362534192,202.1810333706563,-361.76166509452355
160882305,0.8704896105376813,-0.1859337858683785,17.202597684716604,1.0109744381607453,202.23901171184608,-362.1312126848893
160884060,0.8703949897722447,-0.18582832775528932,17.183638913449442,1.01209237428664,202.49552771880212,-362.0293814199019
160885815,0.8705129059176836,-0.185779166098808,17.201023557319942,1.0110671651242118,202.5059646184712,-362.2781704559164
160887570,0.8708239120502723,-0.18551431928860088,17.242351038158603,1.0086383231965974,202.78076469528852,-363.02733916163083
160889325,0.8710143506730476,-0.1853765402993294,17.268606910951544,1.0071013085262077,202.90431306590682,-363.47087313642623
160891080,0.8708442126073906,-0.18535459030700738,17.240119786455622,1.0087691568774222,203.0603619071562,-363.1730381671463
160892835,0.8710474576321741,-0.18553206073684647,17.279421144918597,1.006469607668035,202.59600302767328,-363.4256146880576
160894590,0.8707888469755795,-0.1854010388218989,17.23272332077224,1.0092031058135975,203.01255721232332,-363.03979837780906
160896345,0.870998695051231,-0.18526857654329745,17.262304504907362,1.0074698224908138,203.11355884320534,-363.5156153599537
160898100,0.8707864927292661,-0.1853555069404732,17.230764959999295,1.0093180649783338,203.09781521847395,-363.06632979981026
160899855,0.8706574690623567,-0.18542922288107616,17.21236352409982,1.0103995431381276,203.04971057506378,-362.77944185920614
160901610,0.8709920012604448,-0.18556911991520728,17.271652753233326,1.0069233089103278,202.56581902977118,-363.2985335478104
160903365,0.8711275830589127,-0.18534714865467425,17.286084171583642,1.0060807895798556,202.88109410083146,-363.69915962459186
160905120,0.8709144398611207,-0.185432354861146,17.254250570346006,1.0079411448966111,202.86975608306545,-363.2492611350071
160906875,0.8709249870033333,-0.18544406503922578,17.256375844162605,1.007816729374743,202.84107026736012,-363.26067137764807
160908630,0.8709897766223802,-0.18541612370084562,17.265971610191016,1.007255366860351,202.84829994006023,-363.39873253306575
160910385,0.8708675500430385,-0.18526557050253525,17.240834891086116,1.0087272216595302,203.20822408809107,-363.2763577803167
160912140,0.8710586922171789,-0.18534518099237793,17.274757030315087,1.0067419591573543,202.93174491906177,-363.573790640483
160913895,0.8708512918215854,-0.1854441019276343,17.244373195054287,1.0085197795321816,202.89109156423288,-363.1252841944144
160915650,0.871065366018791,-0.18559778158520396,17.28463665302108,1.0061652333365594,202.46314156693583,-363.41359617683094
160917405,0.8711288866509685,-0.1853479523148533,17.286325313460434,1.0060667234872913,202.87872507104385,-363.70100837854676
160919160,0.8710928230908843,-0.18524792582691174,17.276952860508214,1.006613719737762,203.08741843055142,-363.7029406842279
160920915,0.8708969205578215,-0.18533930531794024,17.248169977817202,1.0082972784060826,203.0526742797439,-363.2803110700404
160922670,0.8709163372112284,-0.18543578710582118,17.254678851435376,1.007916070445954,202.8621604345005,-363.25041245675567
160924425,0.8720210752958089,-0.1861740465919246,17.46269354973045,0.9958833446952704,200.74544932980766,-364.765488334439
160926180,0.8709586089211044,-0.18537080927467975,17.259314650717343,1.0076447395323236,202.95281041297824,-363.37230079835354
160927935,0.8709499019531929,-0.18550954015475182,17.26271171609207,1.0074460039005937,202.70387024165214,-363.2618608848458
160929690,0.8708519664609161,-0.18547920433286647,17.245699974607415,1.00844201570239,202.82617378442484,-363.10268350982426
160931445,0.8714435271070312,-0.18563099118675627,17.347838489243863,1.0024914023880465,202.14255238052888,-364.0849104325119
160933200,0.8708547707270388,-0.18526906205917285,17.238876488695535,1.008842074746108,203.21047107232948,-363.2504796594421
160934955,0.870757614914035,-0.18553154722812348,17.2321649065633,1.0092358830215018,202.79412605172874,-362.89399414412185
160936710,0.8706195978700628,-0.18553296919954862,17.209806065220313,1.0105500322470438,202.88491643174055,-362.63984837703737
160938465,0.8709657870603128,-0.18528927175096413,17.257656241714837,1.0077417885433304,203.0978755024523,-363.4409817765596
160940220,0.8709132569206297,-0.18532004987339756,17.250163297675897,1.0081805041341356,203.07698079986065,-363.3234334125384
160941975,0.870632418750284,-0.18543380017786357,17.208459159291312,1.0106293065685745,203.05822966193938,-362.73035902183557
160943730,0.8705999776201728,-0.1853924646195393,17.201774356692173,1.0110229357374447,203.15602371610518,-362.6986943808128
160945485,0.8707948714633453,-0.1854021296644562,17.23374054921398,1.0091434030895066,203.00646938142603,-363.0501263647127
160947240,0.870978687069477,-0.18536108038635554,17.262251248619947,1.0074729376401148,202.95702944595254,-363.4158357594296
160948995,0.8707394017072467,-0.18532949454138894,17.222214893273073,1.0098202759648585,203.17751142587844,-362.9973931850146
160950750,0.8705739164869721,-0.185369517876331,17.19676165104907,1.011318306295515,203.21574036696532,-362.66630679431626
160952505,0.8705814199426269,-0.18551083954219572,17.202853185026193,1.0109593890359945,202.95128496979325,-362.5847634645732
160954260,0.8708660745677339,-0.18544438659292078,17.24678970111887,1.0083781547593182,202.88052850934537,-363.15224162613174
160956015,0.870716638777674,-0.1853387087380641,17.218837598382038,1.0100187882705884,203.17597578723826,-362.94932303943625
160957770,0.8707285297016765,-0.185487000382606,17.225896271765922,1.0096039790516802,202.89557827719548,-362.8708029421234
160959525,0.8705429324431896,-0.18539098852987282,17.192485751359804,1.0115703976075023,203.19719083731596,-362.59493891067547
160961280,0.870943475745105,-0.1853080295389541,17.254670075033616,1.0079165842629072,203.07854554208154,-363.3871814210803
160963035,0.8708549849077467,-0.18531764677159981,17.24059325929939,1.0087413910579348,203.12097026571206,-363.2179106927031
160964790,0.8705923006377339,-0.18525389923126068,17.195753453785272,1.011377734562789,203.4158180444891,-362.7780159215959
160966545,0.8706642822210712,-0.18542287466846918,17.21324940863676,1.0103474253047777,203.056762212386,-362.7962415140391
160968300,0.8707203201651211,-0.1852610417242085,17.21675238932687,1.0101413927364276,203.31627414906689,-363.0086096631095
160970055,0.8706352531799793,-0.18528432218175972,17.203759992493225,1.0109059811414718,203.33092168457821,-362.8364702580879
160971810,0.8705465282689852,-0.18530157456770374,17.189986858830817,1.0117177813760123,203.3590150358957,-362.661764024565
160973565,0.870540055781848,-0.18535563116609238,17.19080170409319,1.0116697173761289,203.2640604663163,-362.613471394029
160975320,0.8707372411427763,-0.18522758879631523,17.21834364660599,1.010047828561661,203.36636795792484,-363.0623532549161
160977075,0.8707824973050777,-0.18516876106675706,17.223660366771973,1.0097353370809845,203.444018118108,-363.18543429453655
160978830,0.8705137547923515,-0.18528376550645576,17.184072231955884,1.0120667952859936,203.41380062513,-362.6135203459653
160980585,0.8704133719743635,-0.18532627099277882,17.16931486310486,1.012938659138627,203.40316025517117,-362.4005305438285
160982340,0.8706673205382076,-0.18535725646254375,17.211475866646555,1.0104517706740503,203.17523124776093,-362.84616126134244
160984095,0.8707263848272251,-0.1852228021121794,17.21641634864948,1.0101611537774047,203.38251427569207,-363.0456163668651
160985850,0.870414766808496,-0.18526071945620848,17.167287386991884,1.0130585597346424,203.52265679782118,-362.4470832058753
160987605,0.8704463754110207,-0.1854079108561756,17.17745347413184,1.0124576449247105,203.2310972707778,-362.40629204893634
160989360,0.870591503381703,-0.18531575024156507,17.19775597416326,1.0112597026888865,203.30266373012654,-362.73486203763156
160991115,0.8706789467665372,-0.18529235840346758,17.211121075179303,1.010472647225261,203.28664955529393,-362.9113703821041
160992870,0.8707429736082508,-0.18532580069460386,17.222667267556716,1.0097936920185617,203.1818839437252,-363.00645831841786
160994625,0.870263444616059,-0.18536209843705465,17.146371071798185,1.0142971666470086,203.43783670812994,-362.10125277753093
160996380,0.8704356782748252,-0.1854123247492919,17.17587703622214,1.0125507810070107,203.2301849973285,-362.38369229949035
160998135,0.8706227631697495,-0.18530405678513276,17.202416634724532,1.0109851023877268,203.30307302144658,-362.80019713668736
160999890,0.8704246400421136,-0.1851721895645899,17.165840445611746,1.0131441461280157,203.678798737481,-362.5246236908121
161001645,0.8704259141536339,-0.18536658152416552,17.172726115174008,1.0127369891036606,203.32071474510985,-362.39649784012886
161003400,0.8705272637823667,-0.18546552767771926,17.192519504799716,1.0115684071362034,203.07092995124415,-362.51596231351033
161005155,0.8706720704579065,-0.18543619463316413,17.214973197559477,1.0102460278034264,203.0270415827478,-362.80153789302375
161006910,0.8707550978235787,-0.18512202642374354,17.2175982125584,1.0100916571018475,203.54860150993682,-363.1665939470126
161008665,0.8703651941486884,-0.18546943015298045,17.166460384155414,1.0131074750716704,203.17274411364764,-362.2160288871947
161010420,0.8704172666461677,-0.18552338793891401,17.176725783489385,1.0125006348165762,203.03882856662892,-362.2752780464228
161012175,0.8705384682777728,-0.18549360201107323,17.195301522302493,1.0114043759694271,203.01187325658503,-362.5175996112159
161013930,0.8704869724180856,-0.18543295148212868,17.184878247531454,1.0120192192403978,203.15783721265163,-362.4639607431248
161015685,0.8703603520280438,-0.18546364865018022,17.16548015685948,1.013165459411912,203.18659697942857,-362.21102725676417
161017440,0.8707140200579415,-0.18520500118021693,17.213795568836012,1.0103152966141686,203.42362313715353,-363.0348970804581
161019195,0.8706552199422934,-0.18544655589010164,17.21259752235647,1.0103857761684212,203.0194092242118,-362.76359968329956
161020950,0.870568586539473,-0.18537734406440293,17.196168438209508,1.0113532724264553,203.20495965285667,-362.651242611175
161022705,0.8703625388365984,-0.185520236549275,17.167779438928225,1.0130294582253665,203.08136579375406,-362.177062300615
161024460,0.8703552625157575,-0.18565822286067069,17.171354775391467,1.0128180517663123,202.83345524824654,-362.0710789500243
161026215,0.8704207781115416,-0.18548095898314867,17.175832206449442,1.0125534298045482,203.11427292283688,-362.3102329975624
161027970,0.8706991300208188,-0.18544140371574994,17.219544862054754,1.0099772099095394,202.99917845261646,-362.84769621997714
161029725,0.870338355022923,-0.18561188129679473,17.167029837699516,1.0130737926825393,202.92966973744706,-362.0712342809184
161031480,0.8703084352164848,-0.18564066115088101,17.163192538211117,1.0133008069993825,202.8970434427903,-361.99713085573114
161033235,0.8705622982531053,-0.18556686062965178,17.201689488860314,1.0110279350841274,202.86145587621039,-362.5118949728051
161034990,0.870466669464546,-0.18542789120760847,17.18142126232223,1.0122233035703518,203.18078231233702,-362.4301047800175
161036745,0.870487226851149,-0.18537541939381558,17.182937962966392,1.012133754472744,203.2632772966837,-362.503134667389
161038500,0.870310649621102,-0.1855988413955224,17.162110948750605,1.0133648121433398,202.9721431399242,-362.0292378282415
161040255,0.8704138109122913,-0.18561544125059048,17.17933862702655,1.0123462924535909,202.8724532931407,-362.20705561729983
161042010,0.8703220321821374,-0.18553158750133475,17.161633976019044,1.0133930404974631,203.08773549051364,-362.09519730154926
161043765,0.8707785411214857,-0.18541287404974358,17.231457640100473,1.009277400461518,202.99780142728628,-363.0128455290102
161045520,0.8703376249004443,-0.18563311310538566,17.16764283972093,1.013037536967096,202.89127606160898,-362.0556450278291
161047275,0.8702622754499988,-0.1856911223007253,17.157484485663264,1.013638683419402,202.8356310899972,-361.87880015283724
161049030,0.8703259931918462,-0.18559704709588729,17.164524529210514,1.0132219949824737,202.9651369121461,-362.05854654094804
161050785,0.8707236409289087,-0.1855324467426783,17.226675013872647,1.00955823647009,202.81549615277154,-362.8310536646052
161052540,0.8704328019257093,-0.1855324215802559,17.1795473109513,1.012333967390215,203.0118223935164,-362.29768641124247
161054295,0.8702479165763536,-0.18572542617851903,17.156349814287257,1.0137058748352246,202.78249288794885,-361.82953663098397
161056050,0.8704717886623317,-0.1858444221911483,17.196620464339052,1.011326628136267,202.4143569978468,-362.15894471610864
161057805,0.8706811374003731,-0.18551251171176278,17.219083036957088,1.0100043591280912,202.88084113334222,-362.76656830544164
161059560,0.8703480621601198,-0.1854584083702207,17.16331701474779,1.013293441379448,203.20445275528184,-362.1920010038064
161061315,0.8707113154936083,-0.18582936156441152,17.23496255271145,1.0090716911477329,202.27988013126,-362.607209125255
161063070,0.870519984816224,-0.1856887671266335,17.199046056731977,1.011183677688108,202.66664707356088,-362.352121464599
161064825,0.8706311637242837,-0.18538287494067915,17.206497501675834,1.010744785368317,203.15258914086888,-362.76244051226774
161066580,0.870450214785815,-0.18542329082095316,17.178603300569268,1.012389723901055,203.20028915952642,-362.4030003226559
161068335,0.8703213829009278,-0.18560550246558088,17.16407161759632,1.013248791742683,202.95274253845918,-362.04442898268167
161070090,0.8704071771637915,-0.1857681631789155,17.18353293183252,1.0120986306296702,202.5973501492978,-362.09216478295264
161071845,0.8705924812040707,-0.18551514301920347,17.204794282045125,1.0108450718791226,202.93592540431854,-362.6021487211514
161073600,0.8706158478443993,-0.18548744700736813,17.207625324641583,1.0106783894927964,202.970959590082,-362.6637163795583
161075355,0.8702653841038756,-0.18548868594389106,17.151027861288085,1.0140211420048209,203.20433282964356,-362.0201027108699
161077110,0.8704851529134409,-0.18564416207535198,17.191866694787556,1.0116069053320806,202.77181956429442,-362.31840360289755
161078865,0.8706933506506696,-0.1856472759742159,17.22573043606481,1.0096137206213176,202.62546561572157,-362.6977403658128
161080620,0.8705703445256687,-0.18549726731515048,17.200590266633778,1.0110926919237642,202.98365477192502,-362.5736038901712
161082375,0.8704642464647934,-0.1855569498591318,17.18547622332786,1.011983925888118,202.94570301734169,-362.33882809131137
161084130,0.8704879942924957,-0.18556481814108877,17.189588957301574,1.0117412534311305,202.9152909598641,-362.3770608422316
161085885,0.8705097420508717,-0.18557069281640873,17.1933110217636,1.0115217329031871,202.8898710470086,-362.4129669653004
161087640,0.8706671110468116,-0.18550832433192097,17.216661723500263,1.0101467243096987,202.89801105597232,-362.74366588107114
161089395,0.870299475704586,-0.18556505365829082,17.15914685706828,1.0135402594868475,203.04153217458818,-362.0314239347593
161091150,0.870218157085943,-0.18564084109572596,17.148646606627537,1.0141622687298364,202.95720930896036,-361.8317327211935
161092905,0.8703851140525655,-0.18559172966109824,17.173885399419355,1.0126684716039644,202.93518253811553,-362.17042260433055
161094660,0.8706552328583287,-0.18543524160865996,17.212208725348837,1.0104086507188736,203.04017147293217,-362.7712691491078
161096415,0.8704687656226121,-0.18546776878036347,17.183133637518686,1.0121222026035446,203.106201826687,-362.40712707562045
161098170,0.8703617499725388,-0.18574054299997933,17.17523903710195,1.0125884789242514,202.6784335289857,-362.02763797040046
161099925,0.8705507180276161,-0.1856529438050952,17.202786913373092,1.0109632924338763,202.7115180824306,-362.432580162683
161101680,0.87058287757316,-0.18545666311442982,17.201219200595965,1.0110556394588137,203.0497033864296,-362.6239921898514
161103435,0.8704111641402994,-0.1853902496132983,17.17115818486117,1.012829673694118,203.28716942623194,-362.3535256896119
161105190,0.8702786124423625,-0.18562252892688533,17.15775917657851,1.0136224184896097,202.95024238207176,-361.9546827832581
161106945,0.8704982042288244,-0.18573263430474912,17.197034411030465,1.0113022296385439,202.60103164424893,-362.2826599121665
161108700,0.8705531527817456,-0.18541760096870677,17.19505765668609,1.0114187524558838,203.14144491961756,-362.5957714026777
161110455,0.8706885288190348,-0.18545267706762306,17.218213795863022,1.0100554629920526,202.9856528859493,-362.8206079392743
161112210,0.8703900724501508,-0.18559738488723296,17.174881070495694,1.0126096315877577,202.92148985669635,-362.17570664972004
161113965,0.8704142190857813,-0.1856134165225367,17.179334813570208,1.012346517682604,202.87588782043227,-362.2091649514459
161115720,0.8706413876679471,-0.1855178059707138,17.212815985549067,1.0103729235221168,202.89800654920913,-362.69006341026744
161117475,0.870722366095146,-0.18537081313438158,17.22087689084409,1.0098989123871802,203.1131082308646,-362.9381299031061
161119230,0.8705042705726884,-0.1855654773711878,17.192245507000194,1.0115845652642155,202.90311809149915,-362.40645189503084
161120985,0.8704828066296851,-0.18552353052209722,17.187326016169465,1.0118747641771306,202.99447874830906,-362.3953521428125
161122740,0.8705833863521261,-0.1856511939930393,17.208021120397284,1.0106550907377185,202.69266554238692,-362.49360687856756
161124495,0.8705022548155659,-0.18541919442262936,17.186875987651607,1.0119013195120354,203.1728011754777,-362.50126808632825
161126250,0.8703760609368615,-0.18559692718388654,17.172602289059192,1.0127443081817087,202.93174273689098,-362.15034490169785
161128005,0.8703803656476559,-0.18566040851242374,17.175484306292528,1.012573986193001,202.81258619482662,-362.1155719543581
161129760,0.8703013163863198,-0.18568628321308625,17.163614207227006,1.0132758561144177,202.8183052673549,-361.9534919348631
161131515,0.8706334616114619,-0.1853194077367515,17.204679864149465,1.0108518095820564,203.2676414191748,-362.8095015244214
161133270,0.8704049594278391,-0.18561280042188555,17.17781725082005,1.0124361554035817,202.88324275771424,-362.1926167914637
161135025,0.8703992314000034,-0.18565111947277463,17.178212221208355,1.012412824199001,202.81691213240558,-362.1563611547319
161136780,0.8704167971484746,-0.1856459572633216,17.18087312682263,1.0122556705102275,202.81455178556402,-362.19200053347146
161138535,0.8705334611701031,-0.18538416245682954,17.190717680188172,1.0116746733510564,203.216104400033,-362.58214561878094
161140290,0.8703770001766298,-0.18554404292628626,17.17093325082604,1.012842971544763,203.02801853140974,-362.1875870479634
161142045,0.8702127825470013,-0.18568883923579202,17.149430383597245,1.0141158132971553,202.87296338168764,-361.7897660951481
161143800,0.8703769491164034,-0.185765504086137,17.178555295634307,1.0123925594024636,202.62255153415305,-362.03865986313343
161145555,0.8705368037399126,-0.18564509232597606,17.200261473960268,1.0111120632097519,202.73529032903545,-362.4123894864086
161147310,0.8705731925469312,-0.18555415254454938,17.203015742335023,1.0109498145443925,202.87740361596107,-362.5404446651448
161149065,0.8704071365284781,-0.18571335141598164,17.181635456626847,1.0122106561400404,202.69766803761038,-362.1289750772469
161150820,0.8704203991589342,-0.18565348423882627,17.18171487491366,1.0122059668462382,202.7983445229635,-362.1935332866192
161152575,0.8704756918661972,-0.18553854194795358,17.186692717863064,1.0119121343167892,202.97174447479907,-362.3722010188087
161154330,0.8705700518554897,-0.1854161633687942,17.197744420047975,1.011260383628505,203.132692596535,-362.6277639550506
161156085,0.870375734858931,-0.18566129490690467,17.174766821219645,1.0126163828967396,202.81407561345702,-362.1064975605035
161157840,0.870393393353437,-0.18582929088748065,17.183414055175316,1.012105648289268,202.49484146830125,-362.0258145539957
161159595,0.8707622010091038,-0.18565837145208133,17.237305938291613,1.0089342006628117,202.5584584996254,-362.8163932503334
161161350,0.8704689792072893,-0.18553559584819854,17.185505491952135,1.0119821984770037,202.981664347933,-362.36187707172047
161163105,0.8703066540768165,-0.18568517856872335,17.16443733789063,1.013227153593704,202.81674552342201,-361.96400211222027
161164860,0.870516113196165,-0.18575618419691967,17.200748653315657,1.0110833606132938,202.5458512759749,-362.2995480422853
161166615,0.8708474021185726,-0.18568333162989148,17.252040840729414,1.0080705371545826,202.45484167304372,-362.9555801191402
161168370,0.8707144138651322,-0.18551806889145683,17.224678518579598,1.009675517051661,202.84812355452507,-362.82386155352765
161170125,0.8704720726028277,-0.18565007129154423,17.189954027211115,1.0117197180591084,202.76980863626264,-362.2904645866865
161171880,0.8702879375536132,-0.18563784965689958,17.159789714341944,1.013502203002106,202.91593834939974,-361.9614864927884
161173635,0.8705725759097797,-0.18567284742614312,17.207017234814582,1.0107141871614438,202.66030287993092,-362.45917893388133
161175390,0.8705514932041569,-0.18548913326682587,17.19725631131396,1.0112891510638924,203.01129051683574,-362.54450627773497
161177145,0.8705307806737189,-0.18564783399714163,17.199380593421996,1.0111639651966584,202.73433134567696,-362.3995065019796
161178900,0.870431175402544,-0.1858016313095619,17.188569284815827,1.011801408488597,202.51997682217396,-362.1135236626504
161180655,0.8705991215571914,-0.18573580684246316,17.21349960523163,1.0103327068619505,202.52707875480348,-362.46524201783967
161182410,0.8707804569403004,-0.18564807585754167,17.239918515989352,1.0087809604242766,202.56493896140742,-362.8568391206919
161184165,0.8705061754511335,-0.18566728620390593,17.19606791888553,1.0113591976423066,202.71529705898905,-362.34132052722015
161185920,0.8706299462010874,-0.18586164382421108,17.22286080040292,1.0097823194154412,202.2759822576976,-362.4364942497789
161187675,0.8706132191486311,-0.1856901899794518,17.21420800629824,1.0102910357192265,202.60107403245078,-362.52189843088667
161189430,0.8705708791003414,-0.1855467908257507,17.202386662429415,1.0109868678409524,202.892463457229,-362.54117073765144
161191185,0.8705917479108909,-0.18569150015798103,17.21077071952092,1.0104932636132165,202.61318851026397,-362.48169013102313
161192940,0.8707137332066341,-0.18582322973077145,17.23514288325633,1.009061109510439,202.28945893074902,-362.6157924450662
161194695,0.8704451230086886,-0.18573266780185094,17.18844465137077,1.011808761666189,202.6367456067398,-362.185491090885
161196450,0.8707505301420831,-0.18569700112781898,17.236747507163198,1.0089669613785808,202.4955959111882,-362.7687990537413
161198205,0.8708169112765712,-0.18568264093355105,17.247051059953055,1.0083628396233197,202.4768343562193,-362.9001740171522
161199960,0.8705142815703427,-0.18580219230201886,17.202042542318473,1.01100713793419,202.46291296305554,-362.2651460900084
161201715,0.8702745055295336,-0.1860200366707951,17.170789919281816,1.0128514453290185,202.22642723811143,-361.6804039614498
161203470,0.8706775755791702,-0.18576055857232374,17.22709277988782,1.0095336989959791,202.42866878306782,-362.59210823500524
161205225,0.8707101893764604,-0.18558952981587767,17.22646602843897,1.0095705116712417,202.7199122580342,-362.76771900955214
161206980,0.870470393164852,-0.18586322501791125,17.19704452805035,1.0113016333444214,202.38092437061349,-362.1437112537822
161208735,0.8704529808961613,-0.18583582636563512,17.1932787869582,1.0115236336434352,202.44275466559623,-362.1303542746531
161210490,0.8707515653414541,-0.18579809387424256,17.24042372449959,1.008751332893974,202.30978159078242,-362.7020830793036
161212245,0.8708153182470515,-0.1855239780888999,17.2412874185038,1.008700686316943,202.7688725624557,-363.005010644481
161214000,0.8705576203625776,-0.18578258969126354,17.208388222634426,1.0106334820051257,202.46950767803153,-362.3576689943881
161215755,0.8706403381535986,-0.18557395291641512,17.21458688030984,1.010268750162074,202.79574249527323,-362.65018434410115
161217510,0.870389485329746,-0.18556584537435522,17.17370004455417,1.0126794260608143,202.97967428192078,-362.1958236959886
161219265,0.8702794800871487,-0.18556870392478203,17.156048551134337,1.013723716122343,203.0482457429018,-361.9923434202792
161221020,0.8701935157223414,-0.18562695842820157,17.144201905394244,1.0144257922988384,202.99911105154234,-361.7959128226665
161222775,0.8705130871253174,-0.18562042711288165,17.195569023801575,1.0113886065592836,202.7964730963399,-362.3855744725795
161224530,0.8703386635772693,-0.18553162250513602,17.164318191164295,1.0132342029084205,203.0765160909765,-362.1256570673034
161226285,0.8700198949665082,-0.1857585971682759,17.1208050133606,1.01581524299859,202.87424816517316,-361.39042653521034
161228040,0.8703557084490675,-0.18577428688921235,17.175426465671105,1.0125774039047846,202.62076905115603,-361.9939039540794
161229795,0.8703304267239096,-0.18569497571128113,17.16861107621698,1.0129802763683675,202.78285792134471,-362.00093418976047
161231550,0.8702916358585626,-0.18531935449342565,17.14944543858515,1.0141149210110647,203.49744690676405,-362.1816028399444
161233305,0.8700880122233137,-0.18561499510974155,17.126823367000306,1.015457472411386,203.09148403764138,-361.61077492491813
161235060,0.8701449031290732,-0.18591478551798488,17.14626831470345,1.0143032591256393,202.50543761920858,-361.51445271156285
161236815,0.8702971456543176,-0.18544203062484416,17.15454382123585,1.0138128380539582,203.26861926483505,-362.10958723272677
161238570,0.8703405027388149,-0.18542371913139374,17.16090534088348,1.0134361658569957,203.27315734978146,-362.2013950690058
161240325,0.8701288787737917,-0.18559510056549305,17.1327096808212,1.0151077951151868,203.10063140351073,-361.69886495940153
161242080,0.8701182894461832,-0.1855599724711472,17.129803000356656,1.015280436736918,203.17202604136358,-361.70292169992854
161243835,0.870403058850969,-0.18549807617874686,17.173559201730274,1.0126877500184315,203.09478680780185,-362.2662358190109
161245590,0.870476894085372,-0.18550882735051874,17.1858628703172,1.0119611067639833,203.02542136956097,-362.39440736602216
161247345,0.8701392400741416,-0.18565202738533831,17.13632881119204,1.0148929198334151,202.98950829584848,-361.67981112354227
161249100,0.8701290280513612,-0.18576946423511329,17.13871797386835,1.0147511201843875,202.78153754148335,-361.5826546380267
161250855,0.8702169981696343,-0.18572666291041337,17.15140977399075,1.013998511339977,202.80094480829516,-361.7721519587997
161252610,0.8705002610097623,-0.18568651820588453,17.195774502842024,1.0113764937530099,202.6840670538337,-362.31752266980004
161254365,0.8702668386778839,-0.18561041225024477,17.155444580168798,1.0137594861454404,202.98032068118346,-361.94124258058037
161256120,0.8701732852368065,-0.18584754356866637,17.14852565428404,1.0141694381047015,202.60924237617547,-361.61130060162094
161257875,0.8703188802513009,-0.1858350753765244,17.171574603221803,1.0128050564251658,202.53437635122532,-361.88571594180974
161259630,0.8705812962725616,-0.1857046488411729,17.209530706382516,1.0105662379231781,202.59617292819823,-362.45366582442523
161261385,0.8705543844306111,-0.18562740070722838,17.202498425743975,1.0109802846960148,202.75583951264164,-362.456536638389
161263140,0.870364334613346,-0.1857998687439898,17.17770225722931,1.0124429483657662,202.56818643360043,-361.9924790628
161264895,0.8704230799339788,-0.18587736062093715,17.18987532105085,1.0117243608359174,202.38698463899863,-362.04770522305404
161266650,0.8705235173103797,-0.18561397264803686,17.197034971035166,1.0113021966320161,202.80126693120147,-362.4090373078909
161268405,0.8704063846994383,-0.18570240449308298,17.18113639320029,1.0122401245935944,202.71820970674497,-362.134963924618
161270160,0.8702144035683124,-0.18592236078626043,17.15772637664669,1.0136243606034978,202.44504644861038,-361.6362700866196
161271915,0.8702764277355265,-0.1859222216922801,17.167726216214454,1.0130326059044192,202.40367990825746,-361.74961969268895
161273670,0.8705811023155772,-0.18578615960463934,17.212319526352335,1.0104021317278098,202.44710607524127,-362.3982214358578
161275425,0.8705645058638174,-0.18557659533413498,17.202383357295943,1.0109870625230697,202.84212023707877,-362.50937305723573
161277180,0.8702139262342197,-0.18580627799924654,17.153653245922442,1.0138655923144448,202.65742967124666,-361.7132043056568
161278935,0.8705339083002067,-0.18584912057048483,17.206846388912698,1.0107242451537204,202.36383655505,-362.2693515480895
161280690,0.8707622217134335,-0.18575578623776146,17.240688919623974,1.0087357814451277,202.37999686675929,-362.7503147316304
161282445,0.8707412006489721,-0.1857088761415749,17.235642176566834,1.0090318125785962,202.48017220227538,-362.74365275808196
161284200,0.8703664836552033,-0.1859711212856668,17.183961033886884,1.01207335923823,202.25383861407317,-361.8811750110781
161285955,0.87042623072271,-0.1858155508754892,17.188250075057468,1.0118202415771196,202.49785290852557,-362.0951053192762
161287710,0.8704797315552223,-0.18572015021682423,17.193612638140646,1.0115039483001564,202.63633645147505,-362.25726613592343
161289465,0.8705945554990331,-0.18563940212816535,17.209424327245117,1.0105724987871185,202.70672427010655,-362.52203597909033
161291220,0.8705038767509478,-0.18581294934361473,17.200728954831632,1.0110845211350052,202.45026014914225,-362.2388549088726
161292975,0.8704649720516466,-0.1858357848629917,17.19521833208764,1.0114092801941446,202.43474598840083,-362.15230652629623
161294730,0.8704015128894472,-0.1858387869505662,17.1850547121812,1.0120088037982267,202.47201551563774,-362.03426558804466
161296485,0.8705794324067022,-0.1856042762872115,17.20575852949688,1.0107882940108746,202.7813065376288,-362.51804741182445
161298240,0.8704955262299343,-0.18574458886138287,17.197013807300927,1.01130344401837,202.58095905566768,-362.26969639139276
161299995,0.870301263701599,-0.18566742956368243,17.16295680949994,1.0133147560110183,202.85284894027262,-361.96604423795975
161301750,0.8704953892615851,-0.18590918350259045,17.202682596658573,1.010969436745584,202.28006099113173,-362.1583809674565
161303505,0.87070796411216,-0.18562159908307696,17.22721509565062,1.009526515009386,202.6626270400159,-362.7419162954783
161305260,0.8705385244777161,-0.18574654902450105,17.20404655298304,1.0108891048719655,202.5483571570459,-362.3470659088379
161307015,0.8703830667196633,-0.18583347332668748,17.18188900025753,1.012195685677522,202.4941453675592,-362.0041212271549
161308770,0.8703891185220598,-0.18582165714654533,17.18245947950828,1.0121620033986383,202.51167495880242,-362.02313690521925
161310525,0.8706038208056267,-0.18564126110094406,17.21099107094205,1.0104802971184368,202.69705764818482,-362.537756140692
161312280,0.87048901813209,-0.18569761173091004,17.19433751796206,1.0114612088184587,202.67133539470913,-362.28945884691115
161314035,0.870285895959495,-0.18578012829680307,17.164357539634395,1.0132318748457716,202.65697656590675,-361.86231149420183
161315790,0.8703508258013003,-0.18590599300193322,17.17918117482974,1.0123555919231453,202.38331508698676,-361.89641082061473
161317545,0.8705848965578334,-0.18569481746568722,17.209774447799767,1.010551892998637,202.6117432612725,-362.46690152014406
161319300,0.8707449755803187,-0.18578028726564286,17.238733631639807,1.008850453810885,202.34684815311283,-362.7021088808554
161321055,0.8702009179744465,-0.18584427718914226,17.15286466171897,1.0139123096018494,202.59670348355164,-361.6639736328719
161322810,0.8704515056106545,-0.18586193430375375,17.193942229992953,1.0114845148582639,202.3960207091211,-362.11005647492624
161324565,0.8705672052841114,-0.18572384197800876,17.207909944581406,1.0106616350603377,202.5705521716215,-362.41489973840737
161326320,0.8705301319118174,-0.18574016543763386,17.20246599328733,1.0109821950417812,202.5657061546846,-362.33601484086006
161328075,0.8703075072535381,-0.18575665714357342,17.1670363420619,1.0130734079714563,202.68539436975928,-361.91758808192475
161329830,0.8703988391459667,-0.18583952903299417,17.184647988400215,1.012032810107597,202.47245903347215,-362.02887822452874
161331585,0.870505472554245,-0.1859472447289617,17.205633797348312,1.010795638265464,202.2037134211219,-362.1511004834948
161333340,0.8704820689072249,-0.18571489685885048,17.193809551468092,1.011492337778508,202.64437687054152,-362.26508558781705
161335095,0.8704114222880934,-0.1859457273638997,17.190351752556587,1.011696257396652,202.26993891479694,-361.98033894501583
161336850,0.8703755796282038,-0.18594496850436631,17.18452827616293,1.0120398761742386,202.29546829841695,-361.9153919607487
161338605,0.8703688803802282,-0.185982971016251,17.18475793890133,1.012026320318687,202.23059172049696,-361.87757204412856
161340360,0.8705784157650697,-0.1858079846200155,17.212639259343828,1.0103833206689101,202.408992593365,-362.378551390685
161342115,0.870327470564527,-0.1859912120266991,17.178349304328126,1.0124047268453498,202.24341864231133,-361.79643725070673
161343870,0.8703591740322754,-0.18603815019619777,17.185095284368792,1.0120064091434378,202.13642296670588,-361.8227003389352
161345625,0.8703849879007425,-0.1860246750708918,17.188804346724975,1.0117875404961847,202.14362300089718,-361.8788810050809
161347380,0.870613394402675,-0.18585751163633993,17.22003036131578,1.009948670538172,202.29474466026647,-362.4090239094451
161349135,0.8703375543609663,-0.1859759065571428,17.179450224445116,1.0123397013706525,202.26457282978262,-361.82514060297666
161350890,0.8703067627366077,-0.18599777423877045,17.175230514495617,1.0125889825247,202.2453687192761,-361.7542297023556
161352645,0.870344159024132,-0.18600112296035737,17.181388521917064,1.0122252368055282,202.21410052606518,-361.82022785241134
161354400,0.87064931937214,-0.18585084721693207,17.22563275239316,1.0096194588724312,202.28260561005277,-362.47923677816937
161356155,0.8706795216834895,-0.18573341748956018,17.226468303728115,1.0095703780257155,202.47704031934683,-362.61405886073675
161357910,0.8702167081593526,-0.18597521283028493,17.159918817657815,1.013494560564521,202.3470230266184,-361.60503134784767
161359665,0.8704215695238849,-0.18605179849441122,17.195662256743486,1.011383110524467,202.06946726026823,-361.927348224407
161361420,0.8707501245607381,-0.18579152721234277,17.23996137080914,1.008778447171605,202.322778811737,-362.70390409718203
161363175,0.8705025439979927,-0.18580533712387448,17.200249885432548,1.011112745977831,202.46508233040973,-362.24155425633506
161364930,0.8703585822066042,-0.1860355372584008,17.184909281498147,1.0120173875124534,202.14158906368365,-361.82338009758223
161366685,0.8705612059220195,-0.18601261134596028,17.21693647826797,1.0101305676218435,202.04665503746492,-362.20869344848853
161368440,0.87065432984014,-0.18577026450575643,17.2236534240909,1.0097357450124773,202.42664825743253,-362.54298390606095
161370195,0.8706213704606081,-0.18589945198406013,17.222779025763884,1.009787124720991,202.2126631535292,-362.39521187234396
161371950,0.8699700528391688,-0.18580033462321766,17.11423568509917,1.016206055364797,202.83119015499537,-361.27154366894257
161373705,0.8706434238675915,-0.18602524724691974,17.23072615995821,1.0093203428727429,201.96788921509724,-362.35025919010644
161375460,0.8706094691730487,-0.18597182484312225,17.223356319866298,1.009753202290926,202.08847021520182,-362.32444931021985
161377215,0.870899359091501,-0.18576176690606555,17.26323670134403,1.0074152981352327,202.27578022226496,-362.9973821346775
161378970,0.8704016844519639,-0.18595942819045383,17.189249875472054,1.0117612565957401,202.25148025697433,-361.9533234704402
161380725,0.8705870647343334,-0.18608166629753956,17.223529441672735,1.0097430299097911,201.90309807452354,-362.2091419145467
161382480,0.8706043555247673,-0.1859506741839446,17.221792481572407,1.0098451004137725,202.1305738522303,-362.32943064154676
161384235,0.8706372916924574,-0.18585941318550606,17.223976289002415,1.0097167747702827,202.2750868961056,-362.45143770771614
161385990,0.8703394665944536,-0.18588768816282983,17.176714105572678,1.0125013247444528,202.42439546353754,-361.88797065838486
161387745,0.8704470029127012,-0.1859953506610625,17.19782687734678,1.0112555240431595,202.15533478275682,-362.0118481888401
161389500,0.8704234848761769,-0.1859054367809202,17.190910982575343,1.011663271885324,202.3354084802734,-362.02952582873166
161391255,0.8705118246898723,-0.1857809201705177,17.200909049513736,1.0110739110884195,202.5034851639442,-362.27500856868755
161393010,0.8703863937320248,-0.18594221669982147,17.18618190400659,1.011942278815958,202.29321173425825,-361.9369941084367
161394765,0.8703837043958208,-0.18595599642923502,17.186223072288644,1.0119398492983243,202.2698588748476,-361.9228026651167
161396520,0.8707246244551705,-0.1858429334641704,17.237597880770394,1.008917074520195,202.2460200237092,-362.6223487520391
161398275,0.8705206329953175,-0.1857539580531908,17.20140387705949,1.0110447601076396,202.54687488053193,-362.3093214637528
161400030,0.870468863923312,-0.18592271546899455,17.198854148171073,1.0111949861997496,202.2732393359459,-362.1007822376379
161401785,0.870337350865557,-0.18604822394893641,17.181915307964637,1.0121941323665373,202.1327368557777,-361.7761028680179
161403540,0.8704562154150702,-0.18580919591092873,17.192882182620583,1.0115470201874057,202.4892700565982,-362.15421986993266
161405295,0.870467750067048,-0.18592696162235983,17.198820639453597,1.0111969607792226,202.26623349169978,-362.0958822015856
161407050,0.8702835470787359,-0.18591153196339724,17.16850669204811,1.0129864492385945,202.41842068856832,-361.7698004313862
161408805,0.8703660074883267,-0.18596676538866264,17.183733574034306,1.0120867863161123,202.2621119857381,-361.88323823996956
161410560,0.8705264313797338,-0.1858430444480179,17.205424290470145,1.0108079743140388,202.3799970076127,-362.2597839968302
161412315,0.8705165554070483,-0.18577623268129398,17.20151334403451,1.0110383114828028,202.50886855176105,-362.28682721277977
161414070,0.870415810172177,-0.18590845156305813,17.189773434253112,1.011730371072557,202.33507213997552,-362.0134724685612
161415825,0.8707802215780037,-0.18580708757704306,17.245399498964655,1.0084596258181273,202.27385797490854,-362.7484228386762
161417580,0.8704001379802734,-0.18573747247175487,17.181336150561393,1.012228329212288,202.65823598130152,-362.09993914342385
161419335,0.8706847810622627,-0.18583634287722994,17.230891368575,1.0093106437847041,202.2851033137351,-362.5539309862842
161421090,0.8703432811431319,-0.18578927331761255,17.173935894724814,1.0126654873768068,202.60171504245517,-361.96110383086705
161422845,0.8705043413000111,-0.18586514051803835,17.20260921470883,1.010973759027476,202.35451438820584,-362.2044765669756
161424600,0.8704121632354661,-0.18586699671246726,17.18775131681055,1.0118496692700698,202.41327992658938,-362.0347359879568
161426355,0.8706363655778272,-0.1857133619271942,17.218765997419617,1.01002299771312,202.54298260251258,-362.54861375628457
161428110,0.8704012432325359,-0.1857369480566024,17.181496717573673,1.012218848163528,202.65845190918475,-362.10231431864423
161429865,0.8703044739999433,-0.18588018064138342,17.170803832490705,1.0128506227716205,202.46163146783678,-361.82908624187496
161431620,0.8704338022946323,-0.18589211569995037,17.192120141252243,1.0115919584732938,202.3527949092088,-362.0573558478754
161433375,0.8704635409749243,-0.1857201184297585,17.190991298493838,1.0116585347241256,202.64730574184694,-362.22765309843845
161435130,0.8705915274296837,-0.18568993715771398,17.210680901833257,1.0104985489961378,202.61619993436008,-362.4823426097037
161436885,0.8704364919727462,-0.1858564150667385,17.191321733079857,1.0116390456315298,202.41622954143008,-362.08633311599544
161438640,0.8703677329553225,-0.18593246382392123,17.18282776857556,1.0121402600398248,202.3235877556835,-361.90947996100726
161440395,0.870752767621623,-0.18573913695252778,17.238573132792073,1.0088598677945382,202.41690148923948,-362.7443046330653
161442150,0.8705744324420872,-0.18568019073742006,17.2075720807462,1.01068152380877,202.6455994816343,-362.45761935506874
161443905,0.8705801242032669,-0.18582651958215513,17.21355807806445,1.0103292671126507,202.37393328394435,-362.3691443582596
161445660,0.8706815064005445,-0.18601447369245902,17.236542810344016,1.0089789705805658,201.96172878573773,-362.42711360286415
161447415,0.8708371125559169,-0.185860386909951,17.2565186203103,1.0078083722274296,202.13763693376904,-362.81628324048285
161449170,0.8707852647360108,-0.1857964498714392,17.245850965164717,1.008433166761014,202.28990194178323,-362.7648814466155
161450925,0.8704759946601445,-0.18585003709126766,17.19749559246397,1.0112750484583115,202.40125460646246,-362.16284701365197
161452680,0.8706400599287444,-0.1859076672303733,17.226099156743075,1.009592061378512,202.18498623181415,-362.4238112282338
161454435,0.870895305273473,-0.1859170752840422,17.26798208080902,1.0071378315095607,201.9942974424618,-362.8841140750033
161456190,0.8708989613998435,-0.18585546571623654,17.266432951194254,1.0072283936942392,202.10451453098062,-362.93280414604124
161457945,0.8705774428229109,-0.1859669335387798,17.217987738028484,1.0100687540873332,202.1190880002486,-362.2692574204518
161459700,0.8708420244931859,-0.18611661385011094,17.26624284334459,1.0072395085306596,201.66604527318634,-362.6507150139021
161461455,0.8709005343494423,-0.18596954332149454,17.27066377774645,1.0069810979238871,201.89479515294818,-362.857892428874
161463210,0.8709167157282444,-0.18581066973569538,17.267770266138836,1.0071502132421815,202.1744040561951,-362.9958377045575
161464965,0.8707805913429569,-0.18602822364379012,17.253148416049783,1.0080056781526934,201.86928277469548,-362.59874388814
161466720,0.8704894397335797,-0.18608522986674186,17.207814327988896,1.0106672635629885,201.96264898740523,-362.02860491223834
161468475,0.8707916456597095,-0.18602965348031786,17.25499925446806,1.0078973127177453,201.85914871259985,-362.61796228328495
161470230,0.8709217542575535,-0.1859146254562889,17.272213740166393,1.0068905315938597,201.9807384901586,-362.9341594250658
161471985,0.8706356061173279,-0.18595350244465192,17.226965712437607,1.0095411621724106,202.10423727989894,-362.38461369712473
161473740,0.8707047910304041,-0.18598000986363736,17.239132439446404,1.0088270626899707,202.0088778212207,-362.4930417486396
161475495,0.8707363501532019,-0.18603260540585093,17.246096214168375,1.0084187940474827,201.8913655200749,-362.5149611857243
161477250,0.8711009282388241,-0.18595358322312613,17.30287449376096,1.0051023299907533,201.7869525376031,-363.2352459445776
161479005,0.870560338044251,-0.18589516364115544,17.212725790822514,1.0103782298267499,202.2618008722495,-362.286551471302
161480760,0.8705636728795885,-0.18597558379508267,17.216053157417083,1.0101825122907986,202.11260494214224,-362.23825203720656
161482515,0.8704857354317344,-0.18599758594470842,17.204178203964023,1.0108813518029864,202.1251081702235,-362.08105440765837
161484270,0.8708703801314732,-0.1859145700858243,17.263828404393326,1.0073806923710662,202.01586867897396,-362.8402370266463
161486025,0.8706285681930068,-0.18589326493416752,17.22373329809007,1.009731051871463,202.21909900504463,-362.41256000590516
161487780,0.8703431701346264,-0.18606884357961143,17.183568581435384,1.0120965261414874,202.09120593376917,-361.7728369063957
161489535,0.870520453490105,-0.18599476665870956,17.209707938490915,1.010555807233521,202.1067990175412,-362.1463506806329
161491290,0.8705652756589397,-0.18584186041877046,17.2116808489855,1.0104397095478852,202.35591563585072,-362.3316160960938
161493045,0.8704823579442534,-0.18566173775061817,17.19202100219931,1.0115978050889922,202.74151259780868,-362.30144160925846
161494800,0.8703272805935311,-0.18596820596557823,17.17752430338639,1.0124534607291373,202.28554182703328,-361.811565450109
161496555,0.87020265944539,-0.1860747562170847,17.161084830381018,1.013425542161715,202.17486679073153,-361.5126216119888
161498310,0.8706983846797558,-0.18599933110274425,17.238761711180505,1.0088488068368449,201.97793009710435,-362.4682207924248
161500065,0.870854580389248,-0.18603934414701953,17.265597682862648,1.0072772302833939,201.79858056298715,-362.7263198824944
161501820,0.870260343895411,-0.18594715602691073,17.165990372048874,1.0131352773265374,202.36895224620315,-361.70350954100337
161503575,0.8704105944875328,-0.1861200865657257,17.196248979054666,1.011348524912925,201.95231157756928,-361.86126370292266
161505330,0.8705060403887984,-0.18597852365862952,17.206808823330228,1.0107264567310894,202.14620017249248,-362.1310074617333
161507085,0.8707437746013347,-0.18596391787315092,17.244916430167066,1.0084879385465146,202.01180352778567,-362.57520432582356
161508840,0.8703748926548237,-0.1859511935301729,17.18463223502894,1.0120337399515136,202.28456307845443,-361.9099461090825
161510595,0.8702720397994947,-0.18622249437800126,17.1773843064468,1.0124617309974795,201.85904040299494,-361.53978419921884
161512350,0.8706159738486882,-0.18606607549870657,17.227683591648677,1.0094989997237158,201.91196254864204,-362.2724662145453
161514105,0.8707824550139441,-0.18600529987679046,17.25265426293143,1.0080346144553094,201.9098906729567,-362.61774483959744
161515860,0.8705275144383996,-0.18596358286024453,17.20977260353494,1.0105520015377067,202.15897633461225,-362.1803233803344
161517615,0.8702397899560702,-0.18615648131747908,17.169895681787956,1.0129043160010327,202.00097485749802,-361.52542256339297
161519370,0.8705415550498209,-0.18621799449437262,17.22087347490982,1.0098991131624844,201.68531421413303,-362.0338130484938
161521125,0.8707734042191233,-0.18604113334798586,17.252426895141216,1.008047929071805,201.85059401125707,-362.57683382503365
161522880,0.8705382761595686,-0.18607320406474587,17.215317118087977,1.0102257999906703,201.95156878375747,-362.1258413839511
161524635,0.8703679639094954,-0.18615751200346728,17.19064492064184,1.0116789649605356,201.91283223910565,-361.75830840640333
161526390,0.8706011540883226,-0.18631901984814986,17.23406626052098,1.0091242880794575,201.4608757849048,-362.0738931348749
161528145,0.8706856180525404,-0.18610843894236914,17.240477563270545,1.0087481756670322,201.7873960637393,-362.37082466067585
161529900,0.8705217445177071,-0.1861111883732259,17.213952547853136,1.0103060624671747,201.893453391368,-362.06998448874305
161531655,0.8706224871795274,-0.18612729170355446,17.23086799803343,1.0093120158140354,201.79584405765624,-362.2428464960106
161533410,0.8705950599309348,-0.18637185212517401,17.234913916165212,1.0090745451354044,201.3688309518578,-362.0269409037556
161535165,0.8707920458412408,-0.18617770668230646,17.26022172598112,1.0075916659970587,201.58862879315055,-362.5178824401308
161536920,0.8705430941977912,-0.18605844485072545,17.215586993456455,1.010209927739154,201.9752431124142,-362.14461935316353
161538675,0.8703539539406216,-0.18612198633483856,17.187149663698225,1.0118851702379146,201.9870331042221,-361.7567103473408
161540430,0.8704363959881416,-0.18622285004429878,17.203987570011833,1.0108925784816976,201.74759305625025,-361.83891786798716
161542185,0.870711388646687,-0.1863098342380036,17.25168347804507,1.0080914658999407,201.4026957947044,-362.2809007709121
161543940,0.8704474388663721,-0.1861860048213373,17.20449974607461,1.0108624163400375,201.80727168058942,-361.8839294949347
161545695,0.8704411223970546,-0.18611632238183912,17.201062178838576,1.0110648898465369,201.93857297367862,-361.91947271796744
161547450,0.8702599955834021,-0.18639821111578964,17.18151667476146,1.0122176697578702,201.54740188208487,-361.3996001656274
161549205,0.8705624124083804,-0.18615021485680472,17.221906173089714,1.0098384188279566,201.7947492723326,-362.11773990057486
161550960,0.8705442583048988,-0.18612259168343184,17.21800083169198,1.0100679842343914,201.857419516115,-362.1033338594246
161552715,0.8703102742742296,-0.18618296918967406,17.182196267341606,1.01217754371235,201.90530529247766,-361.63603116222254
161554470,0.8702138268882629,-0.18628556770252824,17.170163688843,1.012888469839628,201.78336017012856,-361.3913952679821
161556225,0.8704579492470269,-0.18619723178852537,17.20659217719726,1.0107392114058742,201.77971006956312,-361.89549851166163
161557980,0.8706108049077476,-0.18618690597959744,17.23104100321981,1.0093018591764076,201.69504836770275,-362.1811100421145
161559735,0.870779197098556,-0.18620319578076935,17.25901557717848,1.00766223973728,201.5508922281607,-362.4770855982973
161561490,0.8703360362997911,-0.18632718372763024,17.191353512687517,1.0116371713040575,201.62535873397843,-361.5857722486184
161563245,0.8704477308516764,-0.18623459471636683,17.206231516193228,1.010760445427539,201.7185388702544,-361.8516323741632
161565000,0.8707828390367727,-0.18608995553065744,17.255663770352434,1.0078584114177764,201.75502822082515,-362.56083678827366
