<?xml version="1.0" encoding="UTF-8"?>
<kml xmlns="http://www.opengis.net/kml/2.2"><Document>
<name>JYR8010 EFHW deployment options - CN97ap</name>
<description>Every candidate deployment for the 39.6 m EFHW, plus reference points, parcel line and target bearing rays. Folders are numbered by three-band rank. WHITE = ONE-SUPPORT sloper (K = known tree, C = rotation locked to a yard corner, G = best found by search, RF = roof feed), ORANGE = tall sloper (T class), GREEN = recommended flat-top, CYAN = inverted-V, MAGENTA = short sloper, RED = baseline, YELLOW = operator reference points.</description>
<Style id="optR"><LineStyle><color>ff2020ff</color><width>7</width></LineStyle><PolyStyle><fill>0</fill></PolyStyle><IconStyle><color>ff2020ff</color><scale>1.1</scale><Icon><href>http://maps.google.com/mapfiles/kml/paddle/wht-blank.png</href></Icon></IconStyle></Style>
<Style id="optF"><LineStyle><color>ff40ff80</color><width>6</width></LineStyle><PolyStyle><fill>0</fill></PolyStyle><IconStyle><color>ff40ff80</color><scale>1.1</scale><Icon><href>http://maps.google.com/mapfiles/kml/paddle/wht-blank.png</href></Icon></IconStyle></Style>
<Style id="optG"><LineStyle><color>ffffffff</color><width>6</width></LineStyle><PolyStyle><fill>0</fill></PolyStyle><IconStyle><color>ffffffff</color><scale>1.1</scale><Icon><href>http://maps.google.com/mapfiles/kml/paddle/wht-blank.png</href></Icon></IconStyle></Style>
<Style id="optT"><LineStyle><color>ff0080ff</color><width>6</width></LineStyle><PolyStyle><fill>0</fill></PolyStyle><IconStyle><color>ff0080ff</color><scale>1.1</scale><Icon><href>http://maps.google.com/mapfiles/kml/paddle/wht-blank.png</href></Icon></IconStyle></Style>
<Style id="optA"><LineStyle><color>ff00ff00</color><width>5</width></LineStyle><PolyStyle><fill>0</fill></PolyStyle><IconStyle><color>ff00ff00</color><scale>1.1</scale><Icon><href>http://maps.google.com/mapfiles/kml/paddle/wht-blank.png</href></Icon></IconStyle></Style>
<Style id="optV"><LineStyle><color>ffffff00</color><width>4</width></LineStyle><PolyStyle><fill>0</fill></PolyStyle><IconStyle><color>ffffff00</color><scale>1.1</scale><Icon><href>http://maps.google.com/mapfiles/kml/paddle/wht-blank.png</href></Icon></IconStyle></Style>
<Style id="optS"><LineStyle><color>ffff00ff</color><width>4</width></LineStyle><PolyStyle><fill>0</fill></PolyStyle><IconStyle><color>ffff00ff</color><scale>1.1</scale><Icon><href>http://maps.google.com/mapfiles/kml/paddle/wht-blank.png</href></Icon></IconStyle></Style>
<Style id="base"><LineStyle><color>ff0000ff</color><width>4</width></LineStyle><PolyStyle><fill>0</fill></PolyStyle><IconStyle><color>ff0000ff</color><scale>1.1</scale><Icon><href>http://maps.google.com/mapfiles/kml/paddle/wht-blank.png</href></Icon></IconStyle></Style>
<Style id="ref"><LineStyle><color>ff00ffff</color><width>3</width></LineStyle><PolyStyle><fill>0</fill></PolyStyle><IconStyle><color>ff00ffff</color><scale>1.1</scale><Icon><href>http://maps.google.com/mapfiles/kml/paddle/wht-blank.png</href></Icon></IconStyle></Style>
<Style id="parcel"><LineStyle><color>ff909090</color><width>3</width></LineStyle><PolyStyle><fill>0</fill></PolyStyle><IconStyle><color>ff909090</color><scale>1.1</scale><Icon><href>http://maps.google.com/mapfiles/kml/paddle/wht-blank.png</href></Icon></IconStyle></Style>
<Style id="ray"><LineStyle><color>ff606060</color><width>2</width></LineStyle><PolyStyle><fill>0</fill></PolyStyle><IconStyle><color>ff606060</color><scale>1.1</scale><Icon><href>http://maps.google.com/mapfiles/kml/paddle/wht-blank.png</href></Icon></IconStyle></Style>
<Folder><name>Reference points (operator supplied)</name>
<Placemark><name>feed / start (FIXED)</name><styleUrl>#ref</styleUrl><description><![CDATA[Transformer location. NE corner of the house.<br/>0.0 m (0 ft) from feed at 0.0&#176;T / 345&#176;M<br/>47°38'02.61"N 121°59'47.73"W]]></description><Point><coordinates>-121.99659167,47.63405833,0</coordinates></Point></Placemark>
<Placemark><name>apex tree</name><styleUrl>#ref</styleUrl><description><![CDATA[Primary high support. 50 ft+ by throw line.<br/>16.0 m (53 ft) from feed at 82.2&#176;T / 67&#176;M<br/>47°38'02.68"N 121°59'46.97"W]]></description><Point><coordinates>-121.99638056,47.63407778,0</coordinates></Point></Placemark>
<Placemark><name>end (original mark)</name><styleUrl>#ref</styleUrl><description><![CDATA[Superseded - the 39.6 m wire does not fit the path this implied.<br/>23.0 m (75 ft) from feed at 105.6&#176;T / 90&#176;M<br/>47°38'02.41"N 121°59'46.67"W]]></description><Point><coordinates>-121.99629722,47.63400278,0</coordinates></Point></Placemark>
<Placemark><name>front yard corner</name><styleUrl>#ref</styleUrl><description><![CDATA[Candidate anchor. Rejected - nulls Asia.<br/>7.1 m (23 ft) from feed at 325.9&#176;T / 311&#176;M<br/>47°38'02.80"N 121°59'47.92"W]]></description><Point><coordinates>-121.99664444,47.63411111,0</coordinates></Point></Placemark>
<Placemark><name>backyard corner</name><styleUrl>#ref</styleUrl><description><![CDATA[SE corner of the house.<br/>12.3 m (40 ft) from feed at 154.9&#176;T / 140&#176;M<br/>47°38'02.25"N 121°59'47.48"W]]></description><Point><coordinates>-121.99652222,47.63395833,0</coordinates></Point></Placemark>
<Placemark><name>front yard driveway corner</name><styleUrl>#ref</styleUrl><description><![CDATA[Candidate anchor. Rejected.<br/>18.9 m (62 ft) from feed at 255.8&#176;T / 241&#176;M<br/>47°38'02.46"N 121°59'48.61"W]]></description><Point><coordinates>-121.99683611,47.63401667,0</coordinates></Point></Placemark>
</Folder>
<Folder><name>#1 G-ROOF - BEST single-support sloper, ROOF feed</name><description><![CDATA[<b>#1 of 33</b> on the 3-band ranking<br/>BEST single-support sloper, ROOF feed<br/><b>Deployment:</b> 1 elevated anchor, highest 121 ft (very hard throw)<br/>Average height 72.8 ft<br/>20 m take-off no lobe (peaks at zenith)<br/><br/><b>3-band (40/20/15 m): -2.41 dBi, 49/75 cells, 25/25 regions reachable on at least one band</b><br/><br/><table border=1 cellpadding=3><tr><th>band</th><th>agg dBi</th><th>regions</th><th>Imax ht</th><th>peak elev</th></tr><tr><td>80m</td><td align=right>-5.05 dBi</td><td align=right>12/25</td><td align=right>73 ft</td><td align=right>48&#176;</td></tr><tr><td>40m</td><td align=right>-4.49 dBi</td><td align=right>13/25</td><td align=right>73 ft</td><td align=right>29&#176;</td></tr><tr><td>20m</td><td align=right>-2.00 dBi</td><td align=right>19/25</td><td align=right>73 ft</td><td align=right>46&#176;</td></tr><tr><td>15m</td><td align=right>-1.34 dBi</td><td align=right>17/25</td><td align=right>73 ft</td><td align=right>9&#176;</td></tr><tr><td>10m</td><td align=right>-2.28 dBi</td><td align=right>11/25</td><td align=right>73 ft</td><td align=right>36&#176;</td></tr></table>]]></description>
<Placemark><name>G-ROOF feed</name><styleUrl>#optG</styleUrl><description><![CDATA[<b>#1 of 33</b> on the 3-band ranking<br/>BEST single-support sloper, ROOF feed<br/><b>Deployment:</b> 1 elevated anchor, highest 121 ft (very hard throw)<br/>Average height 72.8 ft<br/>20 m take-off no lobe (peaks at zenith)<br/><br/><b>3-band (40/20/15 m): -2.41 dBi, 49/75 cells, 25/25 regions reachable on at least one band</b><br/><br/><table border=1 cellpadding=3><tr><th>band</th><th>agg dBi</th><th>regions</th><th>Imax ht</th><th>peak elev</th></tr><tr><td>80m</td><td align=right>-5.05 dBi</td><td align=right>12/25</td><td align=right>73 ft</td><td align=right>48&#176;</td></tr><tr><td>40m</td><td align=right>-4.49 dBi</td><td align=right>13/25</td><td align=right>73 ft</td><td align=right>29&#176;</td></tr><tr><td>20m</td><td align=right>-2.00 dBi</td><td align=right>19/25</td><td align=right>73 ft</td><td align=right>46&#176;</td></tr><tr><td>15m</td><td align=right>-1.34 dBi</td><td align=right>17/25</td><td align=right>73 ft</td><td align=right>9&#176;</td></tr><tr><td>10m</td><td align=right>-2.28 dBi</td><td align=right>11/25</td><td align=right>73 ft</td><td align=right>36&#176;</td></tr></table><br/><br/><br/>Height: 25 ft AGL<br/>7.3 m (24 ft) from feed at 188.2&#176;T / 173&#176;M<br/>47°38'02.38"N 121°59'47.78"W]]></description><Point><coordinates>-121.99660543,47.63399339,0</coordinates></Point></Placemark>
<Placemark><name>G-ROOF tree top</name><styleUrl>#optG</styleUrl><description><![CDATA[<b>#1 of 33</b> on the 3-band ranking<br/>BEST single-support sloper, ROOF feed<br/><b>Deployment:</b> 1 elevated anchor, highest 121 ft (very hard throw)<br/>Average height 72.8 ft<br/>20 m take-off no lobe (peaks at zenith)<br/><br/><b>3-band (40/20/15 m): -2.41 dBi, 49/75 cells, 25/25 regions reachable on at least one band</b><br/><br/><table border=1 cellpadding=3><tr><th>band</th><th>agg dBi</th><th>regions</th><th>Imax ht</th><th>peak elev</th></tr><tr><td>80m</td><td align=right>-5.05 dBi</td><td align=right>12/25</td><td align=right>73 ft</td><td align=right>48&#176;</td></tr><tr><td>40m</td><td align=right>-4.49 dBi</td><td align=right>13/25</td><td align=right>73 ft</td><td align=right>29&#176;</td></tr><tr><td>20m</td><td align=right>-2.00 dBi</td><td align=right>19/25</td><td align=right>73 ft</td><td align=right>46&#176;</td></tr><tr><td>15m</td><td align=right>-1.34 dBi</td><td align=right>17/25</td><td align=right>73 ft</td><td align=right>9&#176;</td></tr><tr><td>10m</td><td align=right>-2.28 dBi</td><td align=right>11/25</td><td align=right>73 ft</td><td align=right>36&#176;</td></tr></table><br/><br/><br/>Height: 121 ft AGL<br/>21.9 m (72 ft) from feed at 62.8&#176;T / 48&#176;M<br/>47°38'02.93"N 121°59'46.80"W]]></description><Point><coordinates>-121.99633225,47.63414833,0</coordinates></Point></Placemark>
<Placemark><name>G-ROOF wire</name><styleUrl>#optG</styleUrl><description><![CDATA[<b>#1 of 33</b> on the 3-band ranking<br/>BEST single-support sloper, ROOF feed<br/><b>Deployment:</b> 1 elevated anchor, highest 121 ft (very hard throw)<br/>Average height 72.8 ft<br/>20 m take-off no lobe (peaks at zenith)<br/><br/><b>3-band (40/20/15 m): -2.41 dBi, 49/75 cells, 25/25 regions reachable on at least one band</b><br/><br/><table border=1 cellpadding=3><tr><th>band</th><th>agg dBi</th><th>regions</th><th>Imax ht</th><th>peak elev</th></tr><tr><td>80m</td><td align=right>-5.05 dBi</td><td align=right>12/25</td><td align=right>73 ft</td><td align=right>48&#176;</td></tr><tr><td>40m</td><td align=right>-4.49 dBi</td><td align=right>13/25</td><td align=right>73 ft</td><td align=right>29&#176;</td></tr><tr><td>20m</td><td align=right>-2.00 dBi</td><td align=right>19/25</td><td align=right>73 ft</td><td align=right>46&#176;</td></tr><tr><td>15m</td><td align=right>-1.34 dBi</td><td align=right>17/25</td><td align=right>73 ft</td><td align=right>9&#176;</td></tr><tr><td>10m</td><td align=right>-2.28 dBi</td><td align=right>11/25</td><td align=right>73 ft</td><td align=right>36&#176;</td></tr></table>]]></description><LineString><tessellate>1</tessellate><coordinates>-121.99660543,47.63399339,0 -121.99633225,47.63414833,0</coordinates></LineString></Placemark>
</Folder>
<Folder><name>#2 G-FEED - BEST single-support sloper, existing feed</name><description><![CDATA[<b>#2 of 33</b> on the 3-band ranking<br/>BEST single-support sloper, existing feed<br/><b>Deployment:</b> 1 elevated anchor, highest 120 ft (very hard throw)<br/>Average height 72.1 ft<br/>20 m take-off no lobe (peaks at zenith)<br/><br/><b>3-band (40/20/15 m): -2.45 dBi, 49/75 cells, 25/25 regions reachable on at least one band</b><br/><br/><table border=1 cellpadding=3><tr><th>band</th><th>agg dBi</th><th>regions</th><th>Imax ht</th><th>peak elev</th></tr><tr><td>80m</td><td align=right>-5.07 dBi</td><td align=right>12/25</td><td align=right>72 ft</td><td align=right>48&#176;</td></tr><tr><td>40m</td><td align=right>-4.52 dBi</td><td align=right>13/25</td><td align=right>72 ft</td><td align=right>29&#176;</td></tr><tr><td>20m</td><td align=right>-2.03 dBi</td><td align=right>19/25</td><td align=right>72 ft</td><td align=right>46&#176;</td></tr><tr><td>15m</td><td align=right>-1.38 dBi</td><td align=right>17/25</td><td align=right>72 ft</td><td align=right>9&#176;</td></tr><tr><td>10m</td><td align=right>-2.38 dBi</td><td align=right>12/25</td><td align=right>72 ft</td><td align=right>36&#176;</td></tr></table>]]></description>
<Placemark><name>G-FEED feed</name><styleUrl>#optG</styleUrl><description><![CDATA[<b>#2 of 33</b> on the 3-band ranking<br/>BEST single-support sloper, existing feed<br/><b>Deployment:</b> 1 elevated anchor, highest 120 ft (very hard throw)<br/>Average height 72.1 ft<br/>20 m take-off no lobe (peaks at zenith)<br/><br/><b>3-band (40/20/15 m): -2.45 dBi, 49/75 cells, 25/25 regions reachable on at least one band</b><br/><br/><table border=1 cellpadding=3><tr><th>band</th><th>agg dBi</th><th>regions</th><th>Imax ht</th><th>peak elev</th></tr><tr><td>80m</td><td align=right>-5.07 dBi</td><td align=right>12/25</td><td align=right>72 ft</td><td align=right>48&#176;</td></tr><tr><td>40m</td><td align=right>-4.52 dBi</td><td align=right>13/25</td><td align=right>72 ft</td><td align=right>29&#176;</td></tr><tr><td>20m</td><td align=right>-2.03 dBi</td><td align=right>19/25</td><td align=right>72 ft</td><td align=right>46&#176;</td></tr><tr><td>15m</td><td align=right>-1.38 dBi</td><td align=right>17/25</td><td align=right>72 ft</td><td align=right>9&#176;</td></tr><tr><td>10m</td><td align=right>-2.38 dBi</td><td align=right>12/25</td><td align=right>72 ft</td><td align=right>36&#176;</td></tr></table><br/><br/><br/>Height: 24 ft AGL<br/>0.0 m (0 ft) from feed at 0.0&#176;T / 345&#176;M<br/>47°38'02.61"N 121°59'47.73"W]]></description><Point><coordinates>-121.99659167,47.63405833,0</coordinates></Point></Placemark>
<Placemark><name>G-FEED tree top</name><styleUrl>#optG</styleUrl><description><![CDATA[<b>#2 of 33</b> on the 3-band ranking<br/>BEST single-support sloper, existing feed<br/><b>Deployment:</b> 1 elevated anchor, highest 120 ft (very hard throw)<br/>Average height 72.1 ft<br/>20 m take-off no lobe (peaks at zenith)<br/><br/><b>3-band (40/20/15 m): -2.45 dBi, 49/75 cells, 25/25 regions reachable on at least one band</b><br/><br/><table border=1 cellpadding=3><tr><th>band</th><th>agg dBi</th><th>regions</th><th>Imax ht</th><th>peak elev</th></tr><tr><td>80m</td><td align=right>-5.07 dBi</td><td align=right>12/25</td><td align=right>72 ft</td><td align=right>48&#176;</td></tr><tr><td>40m</td><td align=right>-4.52 dBi</td><td align=right>13/25</td><td align=right>72 ft</td><td align=right>29&#176;</td></tr><tr><td>20m</td><td align=right>-2.03 dBi</td><td align=right>19/25</td><td align=right>72 ft</td><td align=right>46&#176;</td></tr><tr><td>15m</td><td align=right>-1.38 dBi</td><td align=right>17/25</td><td align=right>72 ft</td><td align=right>9&#176;</td></tr><tr><td>10m</td><td align=right>-2.38 dBi</td><td align=right>12/25</td><td align=right>72 ft</td><td align=right>36&#176;</td></tr></table><br/><br/><br/>Height: 120 ft AGL<br/>26.6 m (87 ft) from feed at 50.0&#176;T / 35&#176;M<br/>47°38'03.16"N 121°59'46.75"W]]></description><Point><coordinates>-121.99632052,47.63421212,0</coordinates></Point></Placemark>
<Placemark><name>G-FEED wire</name><styleUrl>#optG</styleUrl><description><![CDATA[<b>#2 of 33</b> on the 3-band ranking<br/>BEST single-support sloper, existing feed<br/><b>Deployment:</b> 1 elevated anchor, highest 120 ft (very hard throw)<br/>Average height 72.1 ft<br/>20 m take-off no lobe (peaks at zenith)<br/><br/><b>3-band (40/20/15 m): -2.45 dBi, 49/75 cells, 25/25 regions reachable on at least one band</b><br/><br/><table border=1 cellpadding=3><tr><th>band</th><th>agg dBi</th><th>regions</th><th>Imax ht</th><th>peak elev</th></tr><tr><td>80m</td><td align=right>-5.07 dBi</td><td align=right>12/25</td><td align=right>72 ft</td><td align=right>48&#176;</td></tr><tr><td>40m</td><td align=right>-4.52 dBi</td><td align=right>13/25</td><td align=right>72 ft</td><td align=right>29&#176;</td></tr><tr><td>20m</td><td align=right>-2.03 dBi</td><td align=right>19/25</td><td align=right>72 ft</td><td align=right>46&#176;</td></tr><tr><td>15m</td><td align=right>-1.38 dBi</td><td align=right>17/25</td><td align=right>72 ft</td><td align=right>9&#176;</td></tr><tr><td>10m</td><td align=right>-2.38 dBi</td><td align=right>12/25</td><td align=right>72 ft</td><td align=right>36&#176;</td></tr></table>]]></description><LineString><tessellate>1</tessellate><coordinates>-121.99659167,47.63405833,0 -121.99632052,47.63421212,0</coordinates></LineString></Placemark>
</Folder>
<Folder><name>#3 F10-G - BEST single-support sloper with a 10 ft feed</name><description><![CDATA[<b>#3 of 33</b> on the 3-band ranking<br/>BEST single-support sloper with a 10 ft feed<br/><b>Deployment:</b> 1 elevated anchor, highest 105 ft (very hard throw)<br/>Average height 57.7 ft<br/>20 m take-off no lobe (peaks at zenith)<br/><br/><b>3-band (40/20/15 m): -3.05 dBi, 49/75 cells, 25/25 regions reachable on at least one band</b><br/><br/><table border=1 cellpadding=3><tr><th>band</th><th>agg dBi</th><th>regions</th><th>Imax ht</th><th>peak elev</th></tr><tr><td>80m</td><td align=right>-5.21 dBi</td><td align=right>14/25</td><td align=right>58 ft</td><td align=right>50&#176;</td></tr><tr><td>40m</td><td align=right>-4.46 dBi</td><td align=right>14/25</td><td align=right>58 ft</td><td align=right>37&#176;</td></tr><tr><td>20m</td><td align=right>-2.21 dBi</td><td align=right>21/25</td><td align=right>58 ft</td><td align=right>65&#176;</td></tr><tr><td>15m</td><td align=right>-2.79 dBi</td><td align=right>14/25</td><td align=right>58 ft</td><td align=right>87&#176;</td></tr><tr><td>10m</td><td align=right>-1.15 dBi</td><td align=right>17/25</td><td align=right>58 ft</td><td align=right>8&#176;</td></tr></table>]]></description>
<Placemark><name>F10-G feed</name><styleUrl>#optF</styleUrl><description><![CDATA[<b>#3 of 33</b> on the 3-band ranking<br/>BEST single-support sloper with a 10 ft feed<br/><b>Deployment:</b> 1 elevated anchor, highest 105 ft (very hard throw)<br/>Average height 57.7 ft<br/>20 m take-off no lobe (peaks at zenith)<br/><br/><b>3-band (40/20/15 m): -3.05 dBi, 49/75 cells, 25/25 regions reachable on at least one band</b><br/><br/><table border=1 cellpadding=3><tr><th>band</th><th>agg dBi</th><th>regions</th><th>Imax ht</th><th>peak elev</th></tr><tr><td>80m</td><td align=right>-5.21 dBi</td><td align=right>14/25</td><td align=right>58 ft</td><td align=right>50&#176;</td></tr><tr><td>40m</td><td align=right>-4.46 dBi</td><td align=right>14/25</td><td align=right>58 ft</td><td align=right>37&#176;</td></tr><tr><td>20m</td><td align=right>-2.21 dBi</td><td align=right>21/25</td><td align=right>58 ft</td><td align=right>65&#176;</td></tr><tr><td>15m</td><td align=right>-2.79 dBi</td><td align=right>14/25</td><td align=right>58 ft</td><td align=right>87&#176;</td></tr><tr><td>10m</td><td align=right>-1.15 dBi</td><td align=right>17/25</td><td align=right>58 ft</td><td align=right>8&#176;</td></tr></table><br/><br/><br/>Height: 10 ft AGL<br/>0.0 m (0 ft) from feed at 0.0&#176;T / 345&#176;M<br/>47°38'02.61"N 121°59'47.73"W]]></description><Point><coordinates>-121.99659167,47.63405833,0</coordinates></Point></Placemark>
<Placemark><name>F10-G tree top</name><styleUrl>#optF</styleUrl><description><![CDATA[<b>#3 of 33</b> on the 3-band ranking<br/>BEST single-support sloper with a 10 ft feed<br/><b>Deployment:</b> 1 elevated anchor, highest 105 ft (very hard throw)<br/>Average height 57.7 ft<br/>20 m take-off no lobe (peaks at zenith)<br/><br/><b>3-band (40/20/15 m): -3.05 dBi, 49/75 cells, 25/25 regions reachable on at least one band</b><br/><br/><table border=1 cellpadding=3><tr><th>band</th><th>agg dBi</th><th>regions</th><th>Imax ht</th><th>peak elev</th></tr><tr><td>80m</td><td align=right>-5.21 dBi</td><td align=right>14/25</td><td align=right>58 ft</td><td align=right>50&#176;</td></tr><tr><td>40m</td><td align=right>-4.46 dBi</td><td align=right>14/25</td><td align=right>58 ft</td><td align=right>37&#176;</td></tr><tr><td>20m</td><td align=right>-2.21 dBi</td><td align=right>21/25</td><td align=right>58 ft</td><td align=right>65&#176;</td></tr><tr><td>15m</td><td align=right>-2.79 dBi</td><td align=right>14/25</td><td align=right>58 ft</td><td align=right>87&#176;</td></tr><tr><td>10m</td><td align=right>-1.15 dBi</td><td align=right>17/25</td><td align=right>58 ft</td><td align=right>8&#176;</td></tr></table><br/><br/><br/>Height: 105 ft AGL<br/>26.9 m (88 ft) from feed at 25.0&#176;T / 10&#176;M<br/>47°38'03.40"N 121°59'47.19"W]]></description><Point><coordinates>-121.99644039,47.63427761,0</coordinates></Point></Placemark>
<Placemark><name>F10-G wire</name><styleUrl>#optF</styleUrl><description><![CDATA[<b>#3 of 33</b> on the 3-band ranking<br/>BEST single-support sloper with a 10 ft feed<br/><b>Deployment:</b> 1 elevated anchor, highest 105 ft (very hard throw)<br/>Average height 57.7 ft<br/>20 m take-off no lobe (peaks at zenith)<br/><br/><b>3-band (40/20/15 m): -3.05 dBi, 49/75 cells, 25/25 regions reachable on at least one band</b><br/><br/><table border=1 cellpadding=3><tr><th>band</th><th>agg dBi</th><th>regions</th><th>Imax ht</th><th>peak elev</th></tr><tr><td>80m</td><td align=right>-5.21 dBi</td><td align=right>14/25</td><td align=right>58 ft</td><td align=right>50&#176;</td></tr><tr><td>40m</td><td align=right>-4.46 dBi</td><td align=right>14/25</td><td align=right>58 ft</td><td align=right>37&#176;</td></tr><tr><td>20m</td><td align=right>-2.21 dBi</td><td align=right>21/25</td><td align=right>58 ft</td><td align=right>65&#176;</td></tr><tr><td>15m</td><td align=right>-2.79 dBi</td><td align=right>14/25</td><td align=right>58 ft</td><td align=right>87&#176;</td></tr><tr><td>10m</td><td align=right>-1.15 dBi</td><td align=right>17/25</td><td align=right>58 ft</td><td align=right>8&#176;</td></tr></table>]]></description><LineString><tessellate>1</tessellate><coordinates>-121.99659167,47.63405833,0 -121.99644039,47.63427761,0</coordinates></LineString></Placemark>
</Folder>
<Folder><name>#4 A - Bent flat-top, 2 tree supports (RECOMMENDED)</name><description><![CDATA[<b>#4 of 33</b> on the 3-band ranking<br/>Bent flat-top, 2 tree supports (RECOMMENDED)<br/><b>Deployment:</b> 3 elevated anchors, highest 50 ft (easy throw)<br/>Average height 41.6 ft<br/>20 m take-off 24.7&#176;<br/><br/><b>3-band (40/20/15 m): -0.16 dBi, 49/75 cells, 24/25 regions reachable on at least one band</b><br/><br/><table border=1 cellpadding=3><tr><th>band</th><th>agg dBi</th><th>regions</th><th>Imax ht</th><th>peak elev</th></tr><tr><td>80m</td><td align=right>-7.83 dBi</td><td align=right>3/25</td><td align=right>50 ft</td><td align=right>zenith</td></tr><tr><td>40m</td><td align=right>-4.80 dBi</td><td align=right>9/25</td><td align=right>38 ft</td><td align=right>56&#176;</td></tr><tr><td>20m</td><td align=right>-0.21 dBi</td><td align=right>20/25</td><td align=right>41 ft</td><td align=right>25&#176;</td></tr><tr><td>15m</td><td align=right>+2.06 dBi</td><td align=right>20/25</td><td align=right>40 ft</td><td align=right>16&#176;</td></tr><tr><td>10m</td><td align=right>+2.26 dBi</td><td align=right>21/25</td><td align=right>41 ft</td><td align=right>12&#176;</td></tr></table>]]></description>
<Placemark><name>A feed</name><styleUrl>#optA</styleUrl><description><![CDATA[<b>#4 of 33</b> on the 3-band ranking<br/>Bent flat-top, 2 tree supports (RECOMMENDED)<br/><b>Deployment:</b> 3 elevated anchors, highest 50 ft (easy throw)<br/>Average height 41.6 ft<br/>20 m take-off 24.7&#176;<br/><br/><b>3-band (40/20/15 m): -0.16 dBi, 49/75 cells, 24/25 regions reachable on at least one band</b><br/><br/><table border=1 cellpadding=3><tr><th>band</th><th>agg dBi</th><th>regions</th><th>Imax ht</th><th>peak elev</th></tr><tr><td>80m</td><td align=right>-7.83 dBi</td><td align=right>3/25</td><td align=right>50 ft</td><td align=right>zenith</td></tr><tr><td>40m</td><td align=right>-4.80 dBi</td><td align=right>9/25</td><td align=right>38 ft</td><td align=right>56&#176;</td></tr><tr><td>20m</td><td align=right>-0.21 dBi</td><td align=right>20/25</td><td align=right>41 ft</td><td align=right>25&#176;</td></tr><tr><td>15m</td><td align=right>+2.06 dBi</td><td align=right>20/25</td><td align=right>40 ft</td><td align=right>16&#176;</td></tr><tr><td>10m</td><td align=right>+2.26 dBi</td><td align=right>21/25</td><td align=right>41 ft</td><td align=right>12&#176;</td></tr></table><br/><br/><br/>Height: 24 ft AGL<br/>0.0 m (0 ft) from feed at 0.0&#176;T / 345&#176;M<br/>47°38'02.61"N 121°59'47.73"W]]></description><Point><coordinates>-121.99659167,47.63405833,0</coordinates></Point></Placemark>
<Placemark><name>A apex tree</name><styleUrl>#optA</styleUrl><description><![CDATA[<b>#4 of 33</b> on the 3-band ranking<br/>Bent flat-top, 2 tree supports (RECOMMENDED)<br/><b>Deployment:</b> 3 elevated anchors, highest 50 ft (easy throw)<br/>Average height 41.6 ft<br/>20 m take-off 24.7&#176;<br/><br/><b>3-band (40/20/15 m): -0.16 dBi, 49/75 cells, 24/25 regions reachable on at least one band</b><br/><br/><table border=1 cellpadding=3><tr><th>band</th><th>agg dBi</th><th>regions</th><th>Imax ht</th><th>peak elev</th></tr><tr><td>80m</td><td align=right>-7.83 dBi</td><td align=right>3/25</td><td align=right>50 ft</td><td align=right>zenith</td></tr><tr><td>40m</td><td align=right>-4.80 dBi</td><td align=right>9/25</td><td align=right>38 ft</td><td align=right>56&#176;</td></tr><tr><td>20m</td><td align=right>-0.21 dBi</td><td align=right>20/25</td><td align=right>41 ft</td><td align=right>25&#176;</td></tr><tr><td>15m</td><td align=right>+2.06 dBi</td><td align=right>20/25</td><td align=right>40 ft</td><td align=right>16&#176;</td></tr><tr><td>10m</td><td align=right>+2.26 dBi</td><td align=right>21/25</td><td align=right>41 ft</td><td align=right>12&#176;</td></tr></table><br/><br/><br/>Height: 50 ft AGL<br/>16.0 m (53 ft) from feed at 82.2&#176;T / 67&#176;M<br/>47°38'02.68"N 121°59'46.97"W]]></description><Point><coordinates>-121.99638056,47.63407778,0</coordinates></Point></Placemark>
<Placemark><name>A far support</name><styleUrl>#optA</styleUrl><description><![CDATA[<b>#4 of 33</b> on the 3-band ranking<br/>Bent flat-top, 2 tree supports (RECOMMENDED)<br/><b>Deployment:</b> 3 elevated anchors, highest 50 ft (easy throw)<br/>Average height 41.6 ft<br/>20 m take-off 24.7&#176;<br/><br/><b>3-band (40/20/15 m): -0.16 dBi, 49/75 cells, 24/25 regions reachable on at least one band</b><br/><br/><table border=1 cellpadding=3><tr><th>band</th><th>agg dBi</th><th>regions</th><th>Imax ht</th><th>peak elev</th></tr><tr><td>80m</td><td align=right>-7.83 dBi</td><td align=right>3/25</td><td align=right>50 ft</td><td align=right>zenith</td></tr><tr><td>40m</td><td align=right>-4.80 dBi</td><td align=right>9/25</td><td align=right>38 ft</td><td align=right>56&#176;</td></tr><tr><td>20m</td><td align=right>-0.21 dBi</td><td align=right>20/25</td><td align=right>41 ft</td><td align=right>25&#176;</td></tr><tr><td>15m</td><td align=right>+2.06 dBi</td><td align=right>20/25</td><td align=right>40 ft</td><td align=right>16&#176;</td></tr><tr><td>10m</td><td align=right>+2.26 dBi</td><td align=right>21/25</td><td align=right>41 ft</td><td align=right>12&#176;</td></tr></table><br/><br/><br/>Height: 50 ft AGL<br/>25.5 m (84 ft) from feed at 102.3&#176;T / 87&#176;M<br/>47°38'02.43"N 121°59'46.54"W]]></description><Point><coordinates>-121.99625993,47.63400936,0</coordinates></Point></Placemark>
<Placemark><name>A end</name><styleUrl>#optA</styleUrl><description><![CDATA[<b>#4 of 33</b> on the 3-band ranking<br/>Bent flat-top, 2 tree supports (RECOMMENDED)<br/><b>Deployment:</b> 3 elevated anchors, highest 50 ft (easy throw)<br/>Average height 41.6 ft<br/>20 m take-off 24.7&#176;<br/><br/><b>3-band (40/20/15 m): -0.16 dBi, 49/75 cells, 24/25 regions reachable on at least one band</b><br/><br/><table border=1 cellpadding=3><tr><th>band</th><th>agg dBi</th><th>regions</th><th>Imax ht</th><th>peak elev</th></tr><tr><td>80m</td><td align=right>-7.83 dBi</td><td align=right>3/25</td><td align=right>50 ft</td><td align=right>zenith</td></tr><tr><td>40m</td><td align=right>-4.80 dBi</td><td align=right>9/25</td><td align=right>38 ft</td><td align=right>56&#176;</td></tr><tr><td>20m</td><td align=right>-0.21 dBi</td><td align=right>20/25</td><td align=right>41 ft</td><td align=right>25&#176;</td></tr><tr><td>15m</td><td align=right>+2.06 dBi</td><td align=right>20/25</td><td align=right>40 ft</td><td align=right>16&#176;</td></tr><tr><td>10m</td><td align=right>+2.26 dBi</td><td align=right>21/25</td><td align=right>41 ft</td><td align=right>12&#176;</td></tr></table><br/><br/><br/>Height: 30 ft AGL<br/>32.6 m (107 ft) from feed at 108.7&#176;T / 93&#176;M<br/>47°38'02.27"N 121°59'46.25"W]]></description><Point><coordinates>-121.99618041,47.63396426,0</coordinates></Point></Placemark>
<Placemark><name>A wire</name><styleUrl>#optA</styleUrl><description><![CDATA[<b>#4 of 33</b> on the 3-band ranking<br/>Bent flat-top, 2 tree supports (RECOMMENDED)<br/><b>Deployment:</b> 3 elevated anchors, highest 50 ft (easy throw)<br/>Average height 41.6 ft<br/>20 m take-off 24.7&#176;<br/><br/><b>3-band (40/20/15 m): -0.16 dBi, 49/75 cells, 24/25 regions reachable on at least one band</b><br/><br/><table border=1 cellpadding=3><tr><th>band</th><th>agg dBi</th><th>regions</th><th>Imax ht</th><th>peak elev</th></tr><tr><td>80m</td><td align=right>-7.83 dBi</td><td align=right>3/25</td><td align=right>50 ft</td><td align=right>zenith</td></tr><tr><td>40m</td><td align=right>-4.80 dBi</td><td align=right>9/25</td><td align=right>38 ft</td><td align=right>56&#176;</td></tr><tr><td>20m</td><td align=right>-0.21 dBi</td><td align=right>20/25</td><td align=right>41 ft</td><td align=right>25&#176;</td></tr><tr><td>15m</td><td align=right>+2.06 dBi</td><td align=right>20/25</td><td align=right>40 ft</td><td align=right>16&#176;</td></tr><tr><td>10m</td><td align=right>+2.26 dBi</td><td align=right>21/25</td><td align=right>41 ft</td><td align=right>12&#176;</td></tr></table>]]></description><LineString><tessellate>1</tessellate><coordinates>-121.99659167,47.63405833,0 -121.99638056,47.63407778,0 -121.99625993,47.63400936,0 -121.99618041,47.63396426,0</coordinates></LineString></Placemark>
</Folder>
<Folder><name>#5 T30 - Tall sloper, 30 deg slope, top 89 ft, bearing 176T</name><description><![CDATA[<b>#5 of 33</b> on the 3-band ranking<br/>Tall sloper, 30 deg slope, top 89 ft, bearing 176T<br/><b>Deployment:</b> 1 elevated anchor, highest 89 ft (hard throw)<br/>Average height 56.5 ft<br/>20 m take-off no lobe (peaks at zenith)<br/><br/><b>3-band (40/20/15 m): -0.63 dBi, 49/75 cells, 24/25 regions reachable on at least one band</b><br/><br/><table border=1 cellpadding=3><tr><th>band</th><th>agg dBi</th><th>regions</th><th>Imax ht</th><th>peak elev</th></tr><tr><td>80m</td><td align=right>-5.01 dBi</td><td align=right>10/25</td><td align=right>56 ft</td><td align=right>67&#176;</td></tr><tr><td>40m</td><td align=right>-3.89 dBi</td><td align=right>12/25</td><td align=right>56 ft</td><td align=right>38&#176;</td></tr><tr><td>20m</td><td align=right>+0.81 dBi</td><td align=right>21/25</td><td align=right>56 ft</td><td align=right>67&#176;</td></tr><tr><td>15m</td><td align=right>-0.09 dBi</td><td align=right>16/25</td><td align=right>56 ft</td><td align=right>12&#176;</td></tr><tr><td>10m</td><td align=right>-1.41 dBi</td><td align=right>10/25</td><td align=right>56 ft</td><td align=right>9&#176;</td></tr></table>]]></description>
<Placemark><name>T30 feed</name><styleUrl>#optT</styleUrl><description><![CDATA[<b>#5 of 33</b> on the 3-band ranking<br/>Tall sloper, 30 deg slope, top 89 ft, bearing 176T<br/><b>Deployment:</b> 1 elevated anchor, highest 89 ft (hard throw)<br/>Average height 56.5 ft<br/>20 m take-off no lobe (peaks at zenith)<br/><br/><b>3-band (40/20/15 m): -0.63 dBi, 49/75 cells, 24/25 regions reachable on at least one band</b><br/><br/><table border=1 cellpadding=3><tr><th>band</th><th>agg dBi</th><th>regions</th><th>Imax ht</th><th>peak elev</th></tr><tr><td>80m</td><td align=right>-5.01 dBi</td><td align=right>10/25</td><td align=right>56 ft</td><td align=right>67&#176;</td></tr><tr><td>40m</td><td align=right>-3.89 dBi</td><td align=right>12/25</td><td align=right>56 ft</td><td align=right>38&#176;</td></tr><tr><td>20m</td><td align=right>+0.81 dBi</td><td align=right>21/25</td><td align=right>56 ft</td><td align=right>67&#176;</td></tr><tr><td>15m</td><td align=right>-0.09 dBi</td><td align=right>16/25</td><td align=right>56 ft</td><td align=right>12&#176;</td></tr><tr><td>10m</td><td align=right>-1.41 dBi</td><td align=right>10/25</td><td align=right>56 ft</td><td align=right>9&#176;</td></tr></table><br/><br/><br/>Height: 24 ft AGL<br/>0.0 m (0 ft) from feed at 0.0&#176;T / 345&#176;M<br/>47°38'02.61"N 121°59'47.73"W]]></description><Point><coordinates>-121.99659167,47.63405833,0</coordinates></Point></Placemark>
<Placemark><name>T30 tree top</name><styleUrl>#optT</styleUrl><description><![CDATA[<b>#5 of 33</b> on the 3-band ranking<br/>Tall sloper, 30 deg slope, top 89 ft, bearing 176T<br/><b>Deployment:</b> 1 elevated anchor, highest 89 ft (hard throw)<br/>Average height 56.5 ft<br/>20 m take-off no lobe (peaks at zenith)<br/><br/><b>3-band (40/20/15 m): -0.63 dBi, 49/75 cells, 24/25 regions reachable on at least one band</b><br/><br/><table border=1 cellpadding=3><tr><th>band</th><th>agg dBi</th><th>regions</th><th>Imax ht</th><th>peak elev</th></tr><tr><td>80m</td><td align=right>-5.01 dBi</td><td align=right>10/25</td><td align=right>56 ft</td><td align=right>67&#176;</td></tr><tr><td>40m</td><td align=right>-3.89 dBi</td><td align=right>12/25</td><td align=right>56 ft</td><td align=right>38&#176;</td></tr><tr><td>20m</td><td align=right>+0.81 dBi</td><td align=right>21/25</td><td align=right>56 ft</td><td align=right>67&#176;</td></tr><tr><td>15m</td><td align=right>-0.09 dBi</td><td align=right>16/25</td><td align=right>56 ft</td><td align=right>12&#176;</td></tr><tr><td>10m</td><td align=right>-1.41 dBi</td><td align=right>10/25</td><td align=right>56 ft</td><td align=right>9&#176;</td></tr></table><br/><br/><br/>Height: 89 ft AGL<br/>34.3 m (113 ft) from feed at 176.0&#176;T / 161&#176;M<br/>47°38'01.50"N 121°59'47.62"W]]></description><Point><coordinates>-121.99655983,47.63375063,0</coordinates></Point></Placemark>
<Placemark><name>T30 wire</name><styleUrl>#optT</styleUrl><description><![CDATA[<b>#5 of 33</b> on the 3-band ranking<br/>Tall sloper, 30 deg slope, top 89 ft, bearing 176T<br/><b>Deployment:</b> 1 elevated anchor, highest 89 ft (hard throw)<br/>Average height 56.5 ft<br/>20 m take-off no lobe (peaks at zenith)<br/><br/><b>3-band (40/20/15 m): -0.63 dBi, 49/75 cells, 24/25 regions reachable on at least one band</b><br/><br/><table border=1 cellpadding=3><tr><th>band</th><th>agg dBi</th><th>regions</th><th>Imax ht</th><th>peak elev</th></tr><tr><td>80m</td><td align=right>-5.01 dBi</td><td align=right>10/25</td><td align=right>56 ft</td><td align=right>67&#176;</td></tr><tr><td>40m</td><td align=right>-3.89 dBi</td><td align=right>12/25</td><td align=right>56 ft</td><td align=right>38&#176;</td></tr><tr><td>20m</td><td align=right>+0.81 dBi</td><td align=right>21/25</td><td align=right>56 ft</td><td align=right>67&#176;</td></tr><tr><td>15m</td><td align=right>-0.09 dBi</td><td align=right>16/25</td><td align=right>56 ft</td><td align=right>12&#176;</td></tr><tr><td>10m</td><td align=right>-1.41 dBi</td><td align=right>10/25</td><td align=right>56 ft</td><td align=right>9&#176;</td></tr></table>]]></description><LineString><tessellate>1</tessellate><coordinates>-121.99659167,47.63405833,0 -121.99655983,47.63375063,0</coordinates></LineString></Placemark>
</Folder>
<Folder><name>#6 T45 - Tall sloper, 45 deg slope, top 116 ft, bearing 143T</name><description><![CDATA[<b>#6 of 33</b> on the 3-band ranking<br/>Tall sloper, 45 deg slope, top 116 ft, bearing 143T<br/><b>Deployment:</b> 1 elevated anchor, highest 116 ft (very hard throw)<br/>Average height 69.9 ft<br/>20 m take-off no lobe (peaks at zenith)<br/><br/><b>3-band (40/20/15 m): -2.62 dBi, 49/75 cells, 24/25 regions reachable on at least one band</b><br/><br/><table border=1 cellpadding=3><tr><th>band</th><th>agg dBi</th><th>regions</th><th>Imax ht</th><th>peak elev</th></tr><tr><td>80m</td><td align=right>-4.60 dBi</td><td align=right>15/25</td><td align=right>70 ft</td><td align=right>51&#176;</td></tr><tr><td>40m</td><td align=right>-3.46 dBi</td><td align=right>16/25</td><td align=right>70 ft</td><td align=right>29&#176;</td></tr><tr><td>20m</td><td align=right>-2.11 dBi</td><td align=right>16/25</td><td align=right>70 ft</td><td align=right>14&#176;</td></tr><tr><td>15m</td><td align=right>-2.41 dBi</td><td align=right>17/25</td><td align=right>70 ft</td><td align=right>56&#176;</td></tr><tr><td>10m</td><td align=right>-2.94 dBi</td><td align=right>13/25</td><td align=right>70 ft</td><td align=right>60&#176;</td></tr></table>]]></description>
<Placemark><name>T45 feed</name><styleUrl>#optT</styleUrl><description><![CDATA[<b>#6 of 33</b> on the 3-band ranking<br/>Tall sloper, 45 deg slope, top 116 ft, bearing 143T<br/><b>Deployment:</b> 1 elevated anchor, highest 116 ft (very hard throw)<br/>Average height 69.9 ft<br/>20 m take-off no lobe (peaks at zenith)<br/><br/><b>3-band (40/20/15 m): -2.62 dBi, 49/75 cells, 24/25 regions reachable on at least one band</b><br/><br/><table border=1 cellpadding=3><tr><th>band</th><th>agg dBi</th><th>regions</th><th>Imax ht</th><th>peak elev</th></tr><tr><td>80m</td><td align=right>-4.60 dBi</td><td align=right>15/25</td><td align=right>70 ft</td><td align=right>51&#176;</td></tr><tr><td>40m</td><td align=right>-3.46 dBi</td><td align=right>16/25</td><td align=right>70 ft</td><td align=right>29&#176;</td></tr><tr><td>20m</td><td align=right>-2.11 dBi</td><td align=right>16/25</td><td align=right>70 ft</td><td align=right>14&#176;</td></tr><tr><td>15m</td><td align=right>-2.41 dBi</td><td align=right>17/25</td><td align=right>70 ft</td><td align=right>56&#176;</td></tr><tr><td>10m</td><td align=right>-2.94 dBi</td><td align=right>13/25</td><td align=right>70 ft</td><td align=right>60&#176;</td></tr></table><br/><br/><br/>Height: 24 ft AGL<br/>0.0 m (0 ft) from feed at 0.0&#176;T / 345&#176;M<br/>47°38'02.61"N 121°59'47.73"W]]></description><Point><coordinates>-121.99659167,47.63405833,0</coordinates></Point></Placemark>
<Placemark><name>T45 tree top</name><styleUrl>#optT</styleUrl><description><![CDATA[<b>#6 of 33</b> on the 3-band ranking<br/>Tall sloper, 45 deg slope, top 116 ft, bearing 143T<br/><b>Deployment:</b> 1 elevated anchor, highest 116 ft (very hard throw)<br/>Average height 69.9 ft<br/>20 m take-off no lobe (peaks at zenith)<br/><br/><b>3-band (40/20/15 m): -2.62 dBi, 49/75 cells, 24/25 regions reachable on at least one band</b><br/><br/><table border=1 cellpadding=3><tr><th>band</th><th>agg dBi</th><th>regions</th><th>Imax ht</th><th>peak elev</th></tr><tr><td>80m</td><td align=right>-4.60 dBi</td><td align=right>15/25</td><td align=right>70 ft</td><td align=right>51&#176;</td></tr><tr><td>40m</td><td align=right>-3.46 dBi</td><td align=right>16/25</td><td align=right>70 ft</td><td align=right>29&#176;</td></tr><tr><td>20m</td><td align=right>-2.11 dBi</td><td align=right>16/25</td><td align=right>70 ft</td><td align=right>14&#176;</td></tr><tr><td>15m</td><td align=right>-2.41 dBi</td><td align=right>17/25</td><td align=right>70 ft</td><td align=right>56&#176;</td></tr><tr><td>10m</td><td align=right>-2.94 dBi</td><td align=right>13/25</td><td align=right>70 ft</td><td align=right>60&#176;</td></tr></table><br/><br/><br/>Height: 116 ft AGL<br/>28.0 m (92 ft) from feed at 143.0&#176;T / 128&#176;M<br/>47°38'01.89"N 121°59'46.92"W]]></description><Point><coordinates>-121.99636743,47.63385720,0</coordinates></Point></Placemark>
<Placemark><name>T45 wire</name><styleUrl>#optT</styleUrl><description><![CDATA[<b>#6 of 33</b> on the 3-band ranking<br/>Tall sloper, 45 deg slope, top 116 ft, bearing 143T<br/><b>Deployment:</b> 1 elevated anchor, highest 116 ft (very hard throw)<br/>Average height 69.9 ft<br/>20 m take-off no lobe (peaks at zenith)<br/><br/><b>3-band (40/20/15 m): -2.62 dBi, 49/75 cells, 24/25 regions reachable on at least one band</b><br/><br/><table border=1 cellpadding=3><tr><th>band</th><th>agg dBi</th><th>regions</th><th>Imax ht</th><th>peak elev</th></tr><tr><td>80m</td><td align=right>-4.60 dBi</td><td align=right>15/25</td><td align=right>70 ft</td><td align=right>51&#176;</td></tr><tr><td>40m</td><td align=right>-3.46 dBi</td><td align=right>16/25</td><td align=right>70 ft</td><td align=right>29&#176;</td></tr><tr><td>20m</td><td align=right>-2.11 dBi</td><td align=right>16/25</td><td align=right>70 ft</td><td align=right>14&#176;</td></tr><tr><td>15m</td><td align=right>-2.41 dBi</td><td align=right>17/25</td><td align=right>70 ft</td><td align=right>56&#176;</td></tr><tr><td>10m</td><td align=right>-2.94 dBi</td><td align=right>13/25</td><td align=right>70 ft</td><td align=right>60&#176;</td></tr></table>]]></description><LineString><tessellate>1</tessellate><coordinates>-121.99659167,47.63405833,0 -121.99636743,47.63385720,0</coordinates></LineString></Placemark>
</Folder>
<Folder><name>#7 C-BACK-X - Sloper, rotation locked to the BACKYARD-corner bearing (155T), parcel IGNORED</name><description><![CDATA[<b>#7 of 33</b> on the 3-band ranking<br/>Sloper, rotation locked to the BACKYARD-corner bearing (155T), parcel IGNORED<br/><b>Deployment:</b> 1 elevated anchor, highest 110 ft (very hard throw)<br/>Average height 66.8 ft<br/>20 m take-off no lobe (peaks at zenith)<br/><br/><b>3-band (40/20/15 m): -2.02 dBi, 48/75 cells, 24/25 regions reachable on at least one band</b><br/><br/><table border=1 cellpadding=3><tr><th>band</th><th>agg dBi</th><th>regions</th><th>Imax ht</th><th>peak elev</th></tr><tr><td>80m</td><td align=right>-4.62 dBi</td><td align=right>17/25</td><td align=right>67 ft</td><td align=right>55&#176;</td></tr><tr><td>40m</td><td align=right>-3.68 dBi</td><td align=right>15/25</td><td align=right>67 ft</td><td align=right>32&#176;</td></tr><tr><td>20m</td><td align=right>-0.65 dBi</td><td align=right>18/25</td><td align=right>67 ft</td><td align=right>15&#176;</td></tr><tr><td>15m</td><td align=right>-2.27 dBi</td><td align=right>15/25</td><td align=right>67 ft</td><td align=right>31&#176;</td></tr><tr><td>10m</td><td align=right>-2.11 dBi</td><td align=right>11/25</td><td align=right>67 ft</td><td align=right>65&#176;</td></tr></table>]]></description>
<Placemark><name>C-BACK-X feed</name><styleUrl>#optG</styleUrl><description><![CDATA[<b>#7 of 33</b> on the 3-band ranking<br/>Sloper, rotation locked to the BACKYARD-corner bearing (155T), parcel IGNORED<br/><b>Deployment:</b> 1 elevated anchor, highest 110 ft (very hard throw)<br/>Average height 66.8 ft<br/>20 m take-off no lobe (peaks at zenith)<br/><br/><b>3-band (40/20/15 m): -2.02 dBi, 48/75 cells, 24/25 regions reachable on at least one band</b><br/><br/><table border=1 cellpadding=3><tr><th>band</th><th>agg dBi</th><th>regions</th><th>Imax ht</th><th>peak elev</th></tr><tr><td>80m</td><td align=right>-4.62 dBi</td><td align=right>17/25</td><td align=right>67 ft</td><td align=right>55&#176;</td></tr><tr><td>40m</td><td align=right>-3.68 dBi</td><td align=right>15/25</td><td align=right>67 ft</td><td align=right>32&#176;</td></tr><tr><td>20m</td><td align=right>-0.65 dBi</td><td align=right>18/25</td><td align=right>67 ft</td><td align=right>15&#176;</td></tr><tr><td>15m</td><td align=right>-2.27 dBi</td><td align=right>15/25</td><td align=right>67 ft</td><td align=right>31&#176;</td></tr><tr><td>10m</td><td align=right>-2.11 dBi</td><td align=right>11/25</td><td align=right>67 ft</td><td align=right>65&#176;</td></tr></table><br/><br/><br/>Height: 24 ft AGL<br/>0.0 m (0 ft) from feed at 0.0&#176;T / 345&#176;M<br/>47°38'02.61"N 121°59'47.73"W]]></description><Point><coordinates>-121.99659167,47.63405833,0</coordinates></Point></Placemark>
<Placemark><name>C-BACK-X tree top</name><styleUrl>#optG</styleUrl><description><![CDATA[<b>#7 of 33</b> on the 3-band ranking<br/>Sloper, rotation locked to the BACKYARD-corner bearing (155T), parcel IGNORED<br/><b>Deployment:</b> 1 elevated anchor, highest 110 ft (very hard throw)<br/>Average height 66.8 ft<br/>20 m take-off no lobe (peaks at zenith)<br/><br/><b>3-band (40/20/15 m): -2.02 dBi, 48/75 cells, 24/25 regions reachable on at least one band</b><br/><br/><table border=1 cellpadding=3><tr><th>band</th><th>agg dBi</th><th>regions</th><th>Imax ht</th><th>peak elev</th></tr><tr><td>80m</td><td align=right>-4.62 dBi</td><td align=right>17/25</td><td align=right>67 ft</td><td align=right>55&#176;</td></tr><tr><td>40m</td><td align=right>-3.68 dBi</td><td align=right>15/25</td><td align=right>67 ft</td><td align=right>32&#176;</td></tr><tr><td>20m</td><td align=right>-0.65 dBi</td><td align=right>18/25</td><td align=right>67 ft</td><td align=right>15&#176;</td></tr><tr><td>15m</td><td align=right>-2.27 dBi</td><td align=right>15/25</td><td align=right>67 ft</td><td align=right>31&#176;</td></tr><tr><td>10m</td><td align=right>-2.11 dBi</td><td align=right>11/25</td><td align=right>67 ft</td><td align=right>65&#176;</td></tr></table><br/><br/><br/>Height: 110 ft AGL<br/>29.8 m (98 ft) from feed at 154.9&#176;T / 140&#176;M<br/>47°38'01.74"N 121°59'47.12"W]]></description><Point><coordinates>-121.99642318,47.63381571,0</coordinates></Point></Placemark>
<Placemark><name>C-BACK-X wire</name><styleUrl>#optG</styleUrl><description><![CDATA[<b>#7 of 33</b> on the 3-band ranking<br/>Sloper, rotation locked to the BACKYARD-corner bearing (155T), parcel IGNORED<br/><b>Deployment:</b> 1 elevated anchor, highest 110 ft (very hard throw)<br/>Average height 66.8 ft<br/>20 m take-off no lobe (peaks at zenith)<br/><br/><b>3-band (40/20/15 m): -2.02 dBi, 48/75 cells, 24/25 regions reachable on at least one band</b><br/><br/><table border=1 cellpadding=3><tr><th>band</th><th>agg dBi</th><th>regions</th><th>Imax ht</th><th>peak elev</th></tr><tr><td>80m</td><td align=right>-4.62 dBi</td><td align=right>17/25</td><td align=right>67 ft</td><td align=right>55&#176;</td></tr><tr><td>40m</td><td align=right>-3.68 dBi</td><td align=right>15/25</td><td align=right>67 ft</td><td align=right>32&#176;</td></tr><tr><td>20m</td><td align=right>-0.65 dBi</td><td align=right>18/25</td><td align=right>67 ft</td><td align=right>15&#176;</td></tr><tr><td>15m</td><td align=right>-2.27 dBi</td><td align=right>15/25</td><td align=right>67 ft</td><td align=right>31&#176;</td></tr><tr><td>10m</td><td align=right>-2.11 dBi</td><td align=right>11/25</td><td align=right>67 ft</td><td align=right>65&#176;</td></tr></table>]]></description><LineString><tessellate>1</tessellate><coordinates>-121.99659167,47.63405833,0 -121.99642318,47.63381571,0</coordinates></LineString></Placemark>
</Folder>
<Folder><name>#8 RB-1TREE - Apex tree at 50 ft, then ONE post at 30 ft in the staked strip</name><description><![CDATA[<b>#8 of 33</b> on the 3-band ranking<br/>Apex tree at 50 ft, then ONE post at 30 ft in the staked strip<br/><b>Deployment:</b> 2 elevated anchors, highest 50 ft (easy throw)<br/>Average height 34.9 ft<br/>20 m take-off 29.9&#176;<br/><br/><b>3-band (40/20/15 m): -0.40 dBi, 48/75 cells, 23/25 regions reachable on at least one band</b><br/><br/><table border=1 cellpadding=3><tr><th>band</th><th>agg dBi</th><th>regions</th><th>Imax ht</th><th>peak elev</th></tr><tr><td>80m</td><td align=right>-8.74 dBi</td><td align=right>3/25</td><td align=right>30 ft</td><td align=right>zenith</td></tr><tr><td>40m</td><td align=right>-5.29 dBi</td><td align=right>8/25</td><td align=right>35 ft</td><td align=right>83&#176;</td></tr><tr><td>20m</td><td align=right>-0.90 dBi</td><td align=right>18/25</td><td align=right>35 ft</td><td align=right>30&#176;</td></tr><tr><td>15m</td><td align=right>+2.12 dBi</td><td align=right>22/25</td><td align=right>35 ft</td><td align=right>19&#176;</td></tr><tr><td>10m</td><td align=right>+1.84 dBi</td><td align=right>15/25</td><td align=right>35 ft</td><td align=right>14&#176;</td></tr></table>]]></description>
<Placemark><name>RB-1TREE feed</name><styleUrl>#optR</styleUrl><description><![CDATA[<b>#8 of 33</b> on the 3-band ranking<br/>Apex tree at 50 ft, then ONE post at 30 ft in the staked strip<br/><b>Deployment:</b> 2 elevated anchors, highest 50 ft (easy throw)<br/>Average height 34.9 ft<br/>20 m take-off 29.9&#176;<br/><br/><b>3-band (40/20/15 m): -0.40 dBi, 48/75 cells, 23/25 regions reachable on at least one band</b><br/><br/><table border=1 cellpadding=3><tr><th>band</th><th>agg dBi</th><th>regions</th><th>Imax ht</th><th>peak elev</th></tr><tr><td>80m</td><td align=right>-8.74 dBi</td><td align=right>3/25</td><td align=right>30 ft</td><td align=right>zenith</td></tr><tr><td>40m</td><td align=right>-5.29 dBi</td><td align=right>8/25</td><td align=right>35 ft</td><td align=right>83&#176;</td></tr><tr><td>20m</td><td align=right>-0.90 dBi</td><td align=right>18/25</td><td align=right>35 ft</td><td align=right>30&#176;</td></tr><tr><td>15m</td><td align=right>+2.12 dBi</td><td align=right>22/25</td><td align=right>35 ft</td><td align=right>19&#176;</td></tr><tr><td>10m</td><td align=right>+1.84 dBi</td><td align=right>15/25</td><td align=right>35 ft</td><td align=right>14&#176;</td></tr></table><br/><br/><br/>Height: 10 ft AGL<br/>0.0 m (0 ft) from feed at 0.0&#176;T / 345&#176;M<br/>47°38'02.61"N 121°59'47.73"W]]></description><Point><coordinates>-121.99659167,47.63405833,0</coordinates></Point></Placemark>
<Placemark><name>RB-1TREE apex tree</name><styleUrl>#optR</styleUrl><description><![CDATA[<b>#8 of 33</b> on the 3-band ranking<br/>Apex tree at 50 ft, then ONE post at 30 ft in the staked strip<br/><b>Deployment:</b> 2 elevated anchors, highest 50 ft (easy throw)<br/>Average height 34.9 ft<br/>20 m take-off 29.9&#176;<br/><br/><b>3-band (40/20/15 m): -0.40 dBi, 48/75 cells, 23/25 regions reachable on at least one band</b><br/><br/><table border=1 cellpadding=3><tr><th>band</th><th>agg dBi</th><th>regions</th><th>Imax ht</th><th>peak elev</th></tr><tr><td>80m</td><td align=right>-8.74 dBi</td><td align=right>3/25</td><td align=right>30 ft</td><td align=right>zenith</td></tr><tr><td>40m</td><td align=right>-5.29 dBi</td><td align=right>8/25</td><td align=right>35 ft</td><td align=right>83&#176;</td></tr><tr><td>20m</td><td align=right>-0.90 dBi</td><td align=right>18/25</td><td align=right>35 ft</td><td align=right>30&#176;</td></tr><tr><td>15m</td><td align=right>+2.12 dBi</td><td align=right>22/25</td><td align=right>35 ft</td><td align=right>19&#176;</td></tr><tr><td>10m</td><td align=right>+1.84 dBi</td><td align=right>15/25</td><td align=right>35 ft</td><td align=right>14&#176;</td></tr></table><br/><br/><br/>Height: 50 ft AGL<br/>16.0 m (53 ft) from feed at 82.2&#176;T / 67&#176;M<br/>47°38'02.68"N 121°59'46.97"W]]></description><Point><coordinates>-121.99638056,47.63407778,0</coordinates></Point></Placemark>
<Placemark><name>RB-1TREE post</name><styleUrl>#optR</styleUrl><description><![CDATA[<b>#8 of 33</b> on the 3-band ranking<br/>Apex tree at 50 ft, then ONE post at 30 ft in the staked strip<br/><b>Deployment:</b> 2 elevated anchors, highest 50 ft (easy throw)<br/>Average height 34.9 ft<br/>20 m take-off 29.9&#176;<br/><br/><b>3-band (40/20/15 m): -0.40 dBi, 48/75 cells, 23/25 regions reachable on at least one band</b><br/><br/><table border=1 cellpadding=3><tr><th>band</th><th>agg dBi</th><th>regions</th><th>Imax ht</th><th>peak elev</th></tr><tr><td>80m</td><td align=right>-8.74 dBi</td><td align=right>3/25</td><td align=right>30 ft</td><td align=right>zenith</td></tr><tr><td>40m</td><td align=right>-5.29 dBi</td><td align=right>8/25</td><td align=right>35 ft</td><td align=right>83&#176;</td></tr><tr><td>20m</td><td align=right>-0.90 dBi</td><td align=right>18/25</td><td align=right>35 ft</td><td align=right>30&#176;</td></tr><tr><td>15m</td><td align=right>+2.12 dBi</td><td align=right>22/25</td><td align=right>35 ft</td><td align=right>19&#176;</td></tr><tr><td>10m</td><td align=right>+1.84 dBi</td><td align=right>15/25</td><td align=right>35 ft</td><td align=right>14&#176;</td></tr></table><br/><br/><br/>Height: 30 ft AGL<br/>28.8 m (95 ft) from feed at 117.6&#176;T / 102&#176;M<br/>47°38'02.18"N 121°59'46.51"W]]></description><Point><coordinates>-121.99625169,47.63393799,0</coordinates></Point></Placemark>
<Placemark><name>RB-1TREE wire</name><styleUrl>#optR</styleUrl><description><![CDATA[<b>#8 of 33</b> on the 3-band ranking<br/>Apex tree at 50 ft, then ONE post at 30 ft in the staked strip<br/><b>Deployment:</b> 2 elevated anchors, highest 50 ft (easy throw)<br/>Average height 34.9 ft<br/>20 m take-off 29.9&#176;<br/><br/><b>3-band (40/20/15 m): -0.40 dBi, 48/75 cells, 23/25 regions reachable on at least one band</b><br/><br/><table border=1 cellpadding=3><tr><th>band</th><th>agg dBi</th><th>regions</th><th>Imax ht</th><th>peak elev</th></tr><tr><td>80m</td><td align=right>-8.74 dBi</td><td align=right>3/25</td><td align=right>30 ft</td><td align=right>zenith</td></tr><tr><td>40m</td><td align=right>-5.29 dBi</td><td align=right>8/25</td><td align=right>35 ft</td><td align=right>83&#176;</td></tr><tr><td>20m</td><td align=right>-0.90 dBi</td><td align=right>18/25</td><td align=right>35 ft</td><td align=right>30&#176;</td></tr><tr><td>15m</td><td align=right>+2.12 dBi</td><td align=right>22/25</td><td align=right>35 ft</td><td align=right>19&#176;</td></tr><tr><td>10m</td><td align=right>+1.84 dBi</td><td align=right>15/25</td><td align=right>35 ft</td><td align=right>14&#176;</td></tr></table>]]></description><LineString><tessellate>1</tessellate><coordinates>-121.99659167,47.63405833,0 -121.99638056,47.63407778,0 -121.99625169,47.63393799,0</coordinates></LineString></Placemark>
</Folder>
<Folder><name>#9 F10-A - Bent flat-top (option A geometry) with the feed at 10 ft</name><description><![CDATA[<b>#9 of 33</b> on the 3-band ranking<br/>Bent flat-top (option A geometry) with the feed at 10 ft<br/><b>Deployment:</b> 3 elevated anchors, highest 50 ft (easy throw)<br/>Average height 37.3 ft<br/>20 m take-off 27.7&#176;<br/><br/><b>3-band (40/20/15 m): -0.46 dBi, 47/75 cells, 24/25 regions reachable on at least one band</b><br/><br/><table border=1 cellpadding=3><tr><th>band</th><th>agg dBi</th><th>regions</th><th>Imax ht</th><th>peak elev</th></tr><tr><td>80m</td><td align=right>-8.68 dBi</td><td align=right>3/25</td><td align=right>30 ft</td><td align=right>zenith</td></tr><tr><td>40m</td><td align=right>-5.47 dBi</td><td align=right>8/25</td><td align=right>35 ft</td><td align=right>68&#176;</td></tr><tr><td>20m</td><td align=right>-0.67 dBi</td><td align=right>19/25</td><td align=right>38 ft</td><td align=right>28&#176;</td></tr><tr><td>15m</td><td align=right>+1.93 dBi</td><td align=right>20/25</td><td align=right>37 ft</td><td align=right>18&#176;</td></tr><tr><td>10m</td><td align=right>+2.47 dBi</td><td align=right>21/25</td><td align=right>38 ft</td><td align=right>13&#176;</td></tr></table>]]></description>
<Placemark><name>F10-A feed</name><styleUrl>#optF</styleUrl><description><![CDATA[<b>#9 of 33</b> on the 3-band ranking<br/>Bent flat-top (option A geometry) with the feed at 10 ft<br/><b>Deployment:</b> 3 elevated anchors, highest 50 ft (easy throw)<br/>Average height 37.3 ft<br/>20 m take-off 27.7&#176;<br/><br/><b>3-band (40/20/15 m): -0.46 dBi, 47/75 cells, 24/25 regions reachable on at least one band</b><br/><br/><table border=1 cellpadding=3><tr><th>band</th><th>agg dBi</th><th>regions</th><th>Imax ht</th><th>peak elev</th></tr><tr><td>80m</td><td align=right>-8.68 dBi</td><td align=right>3/25</td><td align=right>30 ft</td><td align=right>zenith</td></tr><tr><td>40m</td><td align=right>-5.47 dBi</td><td align=right>8/25</td><td align=right>35 ft</td><td align=right>68&#176;</td></tr><tr><td>20m</td><td align=right>-0.67 dBi</td><td align=right>19/25</td><td align=right>38 ft</td><td align=right>28&#176;</td></tr><tr><td>15m</td><td align=right>+1.93 dBi</td><td align=right>20/25</td><td align=right>37 ft</td><td align=right>18&#176;</td></tr><tr><td>10m</td><td align=right>+2.47 dBi</td><td align=right>21/25</td><td align=right>38 ft</td><td align=right>13&#176;</td></tr></table><br/><br/><br/>Height: 10 ft AGL<br/>0.0 m (0 ft) from feed at 0.0&#176;T / 345&#176;M<br/>47°38'02.61"N 121°59'47.73"W]]></description><Point><coordinates>-121.99659167,47.63405833,0</coordinates></Point></Placemark>
<Placemark><name>F10-A apex tree</name><styleUrl>#optF</styleUrl><description><![CDATA[<b>#9 of 33</b> on the 3-band ranking<br/>Bent flat-top (option A geometry) with the feed at 10 ft<br/><b>Deployment:</b> 3 elevated anchors, highest 50 ft (easy throw)<br/>Average height 37.3 ft<br/>20 m take-off 27.7&#176;<br/><br/><b>3-band (40/20/15 m): -0.46 dBi, 47/75 cells, 24/25 regions reachable on at least one band</b><br/><br/><table border=1 cellpadding=3><tr><th>band</th><th>agg dBi</th><th>regions</th><th>Imax ht</th><th>peak elev</th></tr><tr><td>80m</td><td align=right>-8.68 dBi</td><td align=right>3/25</td><td align=right>30 ft</td><td align=right>zenith</td></tr><tr><td>40m</td><td align=right>-5.47 dBi</td><td align=right>8/25</td><td align=right>35 ft</td><td align=right>68&#176;</td></tr><tr><td>20m</td><td align=right>-0.67 dBi</td><td align=right>19/25</td><td align=right>38 ft</td><td align=right>28&#176;</td></tr><tr><td>15m</td><td align=right>+1.93 dBi</td><td align=right>20/25</td><td align=right>37 ft</td><td align=right>18&#176;</td></tr><tr><td>10m</td><td align=right>+2.47 dBi</td><td align=right>21/25</td><td align=right>38 ft</td><td align=right>13&#176;</td></tr></table><br/><br/><br/>Height: 50 ft AGL<br/>16.0 m (53 ft) from feed at 82.2&#176;T / 67&#176;M<br/>47°38'02.68"N 121°59'46.97"W]]></description><Point><coordinates>-121.99638056,47.63407778,0</coordinates></Point></Placemark>
<Placemark><name>F10-A far support</name><styleUrl>#optF</styleUrl><description><![CDATA[<b>#9 of 33</b> on the 3-band ranking<br/>Bent flat-top (option A geometry) with the feed at 10 ft<br/><b>Deployment:</b> 3 elevated anchors, highest 50 ft (easy throw)<br/>Average height 37.3 ft<br/>20 m take-off 27.7&#176;<br/><br/><b>3-band (40/20/15 m): -0.46 dBi, 47/75 cells, 24/25 regions reachable on at least one band</b><br/><br/><table border=1 cellpadding=3><tr><th>band</th><th>agg dBi</th><th>regions</th><th>Imax ht</th><th>peak elev</th></tr><tr><td>80m</td><td align=right>-8.68 dBi</td><td align=right>3/25</td><td align=right>30 ft</td><td align=right>zenith</td></tr><tr><td>40m</td><td align=right>-5.47 dBi</td><td align=right>8/25</td><td align=right>35 ft</td><td align=right>68&#176;</td></tr><tr><td>20m</td><td align=right>-0.67 dBi</td><td align=right>19/25</td><td align=right>38 ft</td><td align=right>28&#176;</td></tr><tr><td>15m</td><td align=right>+1.93 dBi</td><td align=right>20/25</td><td align=right>37 ft</td><td align=right>18&#176;</td></tr><tr><td>10m</td><td align=right>+2.47 dBi</td><td align=right>21/25</td><td align=right>38 ft</td><td align=right>13&#176;</td></tr></table><br/><br/><br/>Height: 50 ft AGL<br/>23.5 m (77 ft) from feed at 99.8&#176;T / 84&#176;M<br/>47°38'02.48"N 121°59'46.62"W]]></description><Point><coordinates>-121.99628296,47.63402242,0</coordinates></Point></Placemark>
<Placemark><name>F10-A end</name><styleUrl>#optF</styleUrl><description><![CDATA[<b>#9 of 33</b> on the 3-band ranking<br/>Bent flat-top (option A geometry) with the feed at 10 ft<br/><b>Deployment:</b> 3 elevated anchors, highest 50 ft (easy throw)<br/>Average height 37.3 ft<br/>20 m take-off 27.7&#176;<br/><br/><b>3-band (40/20/15 m): -0.46 dBi, 47/75 cells, 24/25 regions reachable on at least one band</b><br/><br/><table border=1 cellpadding=3><tr><th>band</th><th>agg dBi</th><th>regions</th><th>Imax ht</th><th>peak elev</th></tr><tr><td>80m</td><td align=right>-8.68 dBi</td><td align=right>3/25</td><td align=right>30 ft</td><td align=right>zenith</td></tr><tr><td>40m</td><td align=right>-5.47 dBi</td><td align=right>8/25</td><td align=right>35 ft</td><td align=right>68&#176;</td></tr><tr><td>20m</td><td align=right>-0.67 dBi</td><td align=right>19/25</td><td align=right>38 ft</td><td align=right>28&#176;</td></tr><tr><td>15m</td><td align=right>+1.93 dBi</td><td align=right>20/25</td><td align=right>37 ft</td><td align=right>18&#176;</td></tr><tr><td>10m</td><td align=right>+2.47 dBi</td><td align=right>21/25</td><td align=right>38 ft</td><td align=right>13&#176;</td></tr></table><br/><br/><br/>Height: 30 ft AGL<br/>30.5 m (100 ft) from feed at 107.2&#176;T / 92&#176;M<br/>47°38'02.32"N 121°59'46.33"W]]></description><Point><coordinates>-121.99620344,47.63397733,0</coordinates></Point></Placemark>
<Placemark><name>F10-A wire</name><styleUrl>#optF</styleUrl><description><![CDATA[<b>#9 of 33</b> on the 3-band ranking<br/>Bent flat-top (option A geometry) with the feed at 10 ft<br/><b>Deployment:</b> 3 elevated anchors, highest 50 ft (easy throw)<br/>Average height 37.3 ft<br/>20 m take-off 27.7&#176;<br/><br/><b>3-band (40/20/15 m): -0.46 dBi, 47/75 cells, 24/25 regions reachable on at least one band</b><br/><br/><table border=1 cellpadding=3><tr><th>band</th><th>agg dBi</th><th>regions</th><th>Imax ht</th><th>peak elev</th></tr><tr><td>80m</td><td align=right>-8.68 dBi</td><td align=right>3/25</td><td align=right>30 ft</td><td align=right>zenith</td></tr><tr><td>40m</td><td align=right>-5.47 dBi</td><td align=right>8/25</td><td align=right>35 ft</td><td align=right>68&#176;</td></tr><tr><td>20m</td><td align=right>-0.67 dBi</td><td align=right>19/25</td><td align=right>38 ft</td><td align=right>28&#176;</td></tr><tr><td>15m</td><td align=right>+1.93 dBi</td><td align=right>20/25</td><td align=right>37 ft</td><td align=right>18&#176;</td></tr><tr><td>10m</td><td align=right>+2.47 dBi</td><td align=right>21/25</td><td align=right>38 ft</td><td align=right>13&#176;</td></tr></table>]]></description><LineString><tessellate>1</tessellate><coordinates>-121.99659167,47.63405833,0 -121.99638056,47.63407778,0 -121.99628296,47.63402242,0 -121.99620344,47.63397733,0</coordinates></LineString></Placemark>
</Folder>
<Folder><name>#10 T60 - Tall sloper, 60 deg slope, top 137 ft, bearing 337T</name><description><![CDATA[<b>#10 of 33</b> on the 3-band ranking<br/>Tall sloper, 60 deg slope, top 137 ft, bearing 337T<br/><b>Deployment:</b> 1 elevated anchor, highest 137 ft (climb throw)<br/>Average height 80.3 ft<br/>20 m take-off no lobe (peaks at zenith)<br/><br/><b>3-band (40/20/15 m): -4.15 dBi, 44/75 cells, 25/25 regions reachable on at least one band</b><br/><br/><table border=1 cellpadding=3><tr><th>band</th><th>agg dBi</th><th>regions</th><th>Imax ht</th><th>peak elev</th></tr><tr><td>80m</td><td align=right>-5.08 dBi</td><td align=right>13/25</td><td align=right>80 ft</td><td align=right>17&#176;</td></tr><tr><td>40m</td><td align=right>-4.91 dBi</td><td align=right>14/25</td><td align=right>80 ft</td><td align=right>15&#176;</td></tr><tr><td>20m</td><td align=right>-4.25 dBi</td><td align=right>14/25</td><td align=right>80 ft</td><td align=right>60&#176;</td></tr><tr><td>15m</td><td align=right>-3.41 dBi</td><td align=right>16/25</td><td align=right>80 ft</td><td align=right>60&#176;</td></tr><tr><td>10m</td><td align=right>-7.15 dBi</td><td align=right>5/25</td><td align=right>80 ft</td><td align=right>59&#176;</td></tr></table>]]></description>
<Placemark><name>T60 feed</name><styleUrl>#optT</styleUrl><description><![CDATA[<b>#10 of 33</b> on the 3-band ranking<br/>Tall sloper, 60 deg slope, top 137 ft, bearing 337T<br/><b>Deployment:</b> 1 elevated anchor, highest 137 ft (climb throw)<br/>Average height 80.3 ft<br/>20 m take-off no lobe (peaks at zenith)<br/><br/><b>3-band (40/20/15 m): -4.15 dBi, 44/75 cells, 25/25 regions reachable on at least one band</b><br/><br/><table border=1 cellpadding=3><tr><th>band</th><th>agg dBi</th><th>regions</th><th>Imax ht</th><th>peak elev</th></tr><tr><td>80m</td><td align=right>-5.08 dBi</td><td align=right>13/25</td><td align=right>80 ft</td><td align=right>17&#176;</td></tr><tr><td>40m</td><td align=right>-4.91 dBi</td><td align=right>14/25</td><td align=right>80 ft</td><td align=right>15&#176;</td></tr><tr><td>20m</td><td align=right>-4.25 dBi</td><td align=right>14/25</td><td align=right>80 ft</td><td align=right>60&#176;</td></tr><tr><td>15m</td><td align=right>-3.41 dBi</td><td align=right>16/25</td><td align=right>80 ft</td><td align=right>60&#176;</td></tr><tr><td>10m</td><td align=right>-7.15 dBi</td><td align=right>5/25</td><td align=right>80 ft</td><td align=right>59&#176;</td></tr></table><br/><br/><br/>Height: 24 ft AGL<br/>0.0 m (0 ft) from feed at 0.0&#176;T / 345&#176;M<br/>47°38'02.61"N 121°59'47.73"W]]></description><Point><coordinates>-121.99659167,47.63405833,0</coordinates></Point></Placemark>
<Placemark><name>T60 tree top</name><styleUrl>#optT</styleUrl><description><![CDATA[<b>#10 of 33</b> on the 3-band ranking<br/>Tall sloper, 60 deg slope, top 137 ft, bearing 337T<br/><b>Deployment:</b> 1 elevated anchor, highest 137 ft (climb throw)<br/>Average height 80.3 ft<br/>20 m take-off no lobe (peaks at zenith)<br/><br/><b>3-band (40/20/15 m): -4.15 dBi, 44/75 cells, 25/25 regions reachable on at least one band</b><br/><br/><table border=1 cellpadding=3><tr><th>band</th><th>agg dBi</th><th>regions</th><th>Imax ht</th><th>peak elev</th></tr><tr><td>80m</td><td align=right>-5.08 dBi</td><td align=right>13/25</td><td align=right>80 ft</td><td align=right>17&#176;</td></tr><tr><td>40m</td><td align=right>-4.91 dBi</td><td align=right>14/25</td><td align=right>80 ft</td><td align=right>15&#176;</td></tr><tr><td>20m</td><td align=right>-4.25 dBi</td><td align=right>14/25</td><td align=right>80 ft</td><td align=right>60&#176;</td></tr><tr><td>15m</td><td align=right>-3.41 dBi</td><td align=right>16/25</td><td align=right>80 ft</td><td align=right>60&#176;</td></tr><tr><td>10m</td><td align=right>-7.15 dBi</td><td align=right>5/25</td><td align=right>80 ft</td><td align=right>59&#176;</td></tr></table><br/><br/><br/>Height: 137 ft AGL<br/>19.8 m (65 ft) from feed at 337.0&#176;T / 322&#176;M<br/>47°38'03.20"N 121°59'48.10"W]]></description><Point><coordinates>-121.99669461,47.63422226,0</coordinates></Point></Placemark>
<Placemark><name>T60 wire</name><styleUrl>#optT</styleUrl><description><![CDATA[<b>#10 of 33</b> on the 3-band ranking<br/>Tall sloper, 60 deg slope, top 137 ft, bearing 337T<br/><b>Deployment:</b> 1 elevated anchor, highest 137 ft (climb throw)<br/>Average height 80.3 ft<br/>20 m take-off no lobe (peaks at zenith)<br/><br/><b>3-band (40/20/15 m): -4.15 dBi, 44/75 cells, 25/25 regions reachable on at least one band</b><br/><br/><table border=1 cellpadding=3><tr><th>band</th><th>agg dBi</th><th>regions</th><th>Imax ht</th><th>peak elev</th></tr><tr><td>80m</td><td align=right>-5.08 dBi</td><td align=right>13/25</td><td align=right>80 ft</td><td align=right>17&#176;</td></tr><tr><td>40m</td><td align=right>-4.91 dBi</td><td align=right>14/25</td><td align=right>80 ft</td><td align=right>15&#176;</td></tr><tr><td>20m</td><td align=right>-4.25 dBi</td><td align=right>14/25</td><td align=right>80 ft</td><td align=right>60&#176;</td></tr><tr><td>15m</td><td align=right>-3.41 dBi</td><td align=right>16/25</td><td align=right>80 ft</td><td align=right>60&#176;</td></tr><tr><td>10m</td><td align=right>-7.15 dBi</td><td align=right>5/25</td><td align=right>80 ft</td><td align=right>59&#176;</td></tr></table>]]></description><LineString><tessellate>1</tessellate><coordinates>-121.99659167,47.63405833,0 -121.99669461,47.63422226,0</coordinates></LineString></Placemark>
</Folder>
<Folder><name>#11 C-FRONT - Sloper, rotation locked to the FRONT-YARD-corner bearing (326T)</name><description><![CDATA[<b>#11 of 33</b> on the 3-band ranking<br/>Sloper, rotation locked to the FRONT-YARD-corner bearing (326T)<br/><b>Deployment:</b> 1 elevated anchor, highest 119 ft (very hard throw)<br/>Average height 71.4 ft<br/>20 m take-off no lobe (peaks at zenith)<br/><br/><b>3-band (40/20/15 m): -3.05 dBi, 44/75 cells, 24/25 regions reachable on at least one band</b><br/><br/><table border=1 cellpadding=3><tr><th>band</th><th>agg dBi</th><th>regions</th><th>Imax ht</th><th>peak elev</th></tr><tr><td>80m</td><td align=right>-4.54 dBi</td><td align=right>14/25</td><td align=right>71 ft</td><td align=right>49&#176;</td></tr><tr><td>40m</td><td align=right>-3.38 dBi</td><td align=right>14/25</td><td align=right>71 ft</td><td align=right>29&#176;</td></tr><tr><td>20m</td><td align=right>-3.07 dBi</td><td align=right>16/25</td><td align=right>71 ft</td><td align=right>14&#176;</td></tr><tr><td>15m</td><td align=right>-2.71 dBi</td><td align=right>14/25</td><td align=right>71 ft</td><td align=right>54&#176;</td></tr><tr><td>10m</td><td align=right>-1.81 dBi</td><td align=right>14/25</td><td align=right>71 ft</td><td align=right>58&#176;</td></tr></table>]]></description>
<Placemark><name>C-FRONT feed</name><styleUrl>#optG</styleUrl><description><![CDATA[<b>#11 of 33</b> on the 3-band ranking<br/>Sloper, rotation locked to the FRONT-YARD-corner bearing (326T)<br/><b>Deployment:</b> 1 elevated anchor, highest 119 ft (very hard throw)<br/>Average height 71.4 ft<br/>20 m take-off no lobe (peaks at zenith)<br/><br/><b>3-band (40/20/15 m): -3.05 dBi, 44/75 cells, 24/25 regions reachable on at least one band</b><br/><br/><table border=1 cellpadding=3><tr><th>band</th><th>agg dBi</th><th>regions</th><th>Imax ht</th><th>peak elev</th></tr><tr><td>80m</td><td align=right>-4.54 dBi</td><td align=right>14/25</td><td align=right>71 ft</td><td align=right>49&#176;</td></tr><tr><td>40m</td><td align=right>-3.38 dBi</td><td align=right>14/25</td><td align=right>71 ft</td><td align=right>29&#176;</td></tr><tr><td>20m</td><td align=right>-3.07 dBi</td><td align=right>16/25</td><td align=right>71 ft</td><td align=right>14&#176;</td></tr><tr><td>15m</td><td align=right>-2.71 dBi</td><td align=right>14/25</td><td align=right>71 ft</td><td align=right>54&#176;</td></tr><tr><td>10m</td><td align=right>-1.81 dBi</td><td align=right>14/25</td><td align=right>71 ft</td><td align=right>58&#176;</td></tr></table><br/><br/><br/>Height: 24 ft AGL<br/>0.0 m (0 ft) from feed at 0.0&#176;T / 345&#176;M<br/>47°38'02.61"N 121°59'47.73"W]]></description><Point><coordinates>-121.99659167,47.63405833,0</coordinates></Point></Placemark>
<Placemark><name>C-FRONT tree top</name><styleUrl>#optG</styleUrl><description><![CDATA[<b>#11 of 33</b> on the 3-band ranking<br/>Sloper, rotation locked to the FRONT-YARD-corner bearing (326T)<br/><b>Deployment:</b> 1 elevated anchor, highest 119 ft (very hard throw)<br/>Average height 71.4 ft<br/>20 m take-off no lobe (peaks at zenith)<br/><br/><b>3-band (40/20/15 m): -3.05 dBi, 44/75 cells, 24/25 regions reachable on at least one band</b><br/><br/><table border=1 cellpadding=3><tr><th>band</th><th>agg dBi</th><th>regions</th><th>Imax ht</th><th>peak elev</th></tr><tr><td>80m</td><td align=right>-4.54 dBi</td><td align=right>14/25</td><td align=right>71 ft</td><td align=right>49&#176;</td></tr><tr><td>40m</td><td align=right>-3.38 dBi</td><td align=right>14/25</td><td align=right>71 ft</td><td align=right>29&#176;</td></tr><tr><td>20m</td><td align=right>-3.07 dBi</td><td align=right>16/25</td><td align=right>71 ft</td><td align=right>14&#176;</td></tr><tr><td>15m</td><td align=right>-2.71 dBi</td><td align=right>14/25</td><td align=right>71 ft</td><td align=right>54&#176;</td></tr><tr><td>10m</td><td align=right>-1.81 dBi</td><td align=right>14/25</td><td align=right>71 ft</td><td align=right>58&#176;</td></tr></table><br/><br/><br/>Height: 119 ft AGL<br/>27.1 m (89 ft) from feed at 325.9&#176;T / 311&#176;M<br/>47°38'03.34"N 121°59'48.46"W]]></description><Point><coordinates>-121.99679361,47.63426027,0</coordinates></Point></Placemark>
<Placemark><name>C-FRONT wire</name><styleUrl>#optG</styleUrl><description><![CDATA[<b>#11 of 33</b> on the 3-band ranking<br/>Sloper, rotation locked to the FRONT-YARD-corner bearing (326T)<br/><b>Deployment:</b> 1 elevated anchor, highest 119 ft (very hard throw)<br/>Average height 71.4 ft<br/>20 m take-off no lobe (peaks at zenith)<br/><br/><b>3-band (40/20/15 m): -3.05 dBi, 44/75 cells, 24/25 regions reachable on at least one band</b><br/><br/><table border=1 cellpadding=3><tr><th>band</th><th>agg dBi</th><th>regions</th><th>Imax ht</th><th>peak elev</th></tr><tr><td>80m</td><td align=right>-4.54 dBi</td><td align=right>14/25</td><td align=right>71 ft</td><td align=right>49&#176;</td></tr><tr><td>40m</td><td align=right>-3.38 dBi</td><td align=right>14/25</td><td align=right>71 ft</td><td align=right>29&#176;</td></tr><tr><td>20m</td><td align=right>-3.07 dBi</td><td align=right>16/25</td><td align=right>71 ft</td><td align=right>14&#176;</td></tr><tr><td>15m</td><td align=right>-2.71 dBi</td><td align=right>14/25</td><td align=right>71 ft</td><td align=right>54&#176;</td></tr><tr><td>10m</td><td align=right>-1.81 dBi</td><td align=right>14/25</td><td align=right>71 ft</td><td align=right>58&#176;</td></tr></table>]]></description><LineString><tessellate>1</tessellate><coordinates>-121.99659167,47.63405833,0 -121.99679361,47.63426027,0</coordinates></LineString></Placemark>
</Folder>
<Folder><name>#12 V1 - Inverted-V, ONE tree support at 50 ft, feed 24 ft</name><description><![CDATA[<b>#12 of 33</b> on the 3-band ranking<br/>Inverted-V, ONE tree support at 50 ft, feed 24 ft<br/><b>Deployment:</b> 1 elevated anchor, highest 50 ft (easy throw)<br/>Average height 33.2 ft<br/>20 m take-off 31.6&#176;<br/><br/><b>3-band (40/20/15 m): -0.88 dBi, 44/75 cells, 23/25 regions reachable on at least one band</b><br/><br/><table border=1 cellpadding=3><tr><th>band</th><th>agg dBi</th><th>regions</th><th>Imax ht</th><th>peak elev</th></tr><tr><td>80m</td><td align=right>-9.62 dBi</td><td align=right>1/25</td><td align=right>30 ft</td><td align=right>zenith</td></tr><tr><td>40m</td><td align=right>-6.26 dBi</td><td align=right>6/25</td><td align=right>33 ft</td><td align=right>zenith</td></tr><tr><td>20m</td><td align=right>-1.27 dBi</td><td align=right>19/25</td><td align=right>33 ft</td><td align=right>32&#176;</td></tr><tr><td>15m</td><td align=right>+1.66 dBi</td><td align=right>19/25</td><td align=right>34 ft</td><td align=right>20&#176;</td></tr><tr><td>10m</td><td align=right>+2.61 dBi</td><td align=right>20/25</td><td align=right>33 ft</td><td align=right>15&#176;</td></tr></table>]]></description>
<Placemark><name>V1 feed</name><styleUrl>#optV</styleUrl><description><![CDATA[<b>#12 of 33</b> on the 3-band ranking<br/>Inverted-V, ONE tree support at 50 ft, feed 24 ft<br/><b>Deployment:</b> 1 elevated anchor, highest 50 ft (easy throw)<br/>Average height 33.2 ft<br/>20 m take-off 31.6&#176;<br/><br/><b>3-band (40/20/15 m): -0.88 dBi, 44/75 cells, 23/25 regions reachable on at least one band</b><br/><br/><table border=1 cellpadding=3><tr><th>band</th><th>agg dBi</th><th>regions</th><th>Imax ht</th><th>peak elev</th></tr><tr><td>80m</td><td align=right>-9.62 dBi</td><td align=right>1/25</td><td align=right>30 ft</td><td align=right>zenith</td></tr><tr><td>40m</td><td align=right>-6.26 dBi</td><td align=right>6/25</td><td align=right>33 ft</td><td align=right>zenith</td></tr><tr><td>20m</td><td align=right>-1.27 dBi</td><td align=right>19/25</td><td align=right>33 ft</td><td align=right>32&#176;</td></tr><tr><td>15m</td><td align=right>+1.66 dBi</td><td align=right>19/25</td><td align=right>34 ft</td><td align=right>20&#176;</td></tr><tr><td>10m</td><td align=right>+2.61 dBi</td><td align=right>20/25</td><td align=right>33 ft</td><td align=right>15&#176;</td></tr></table><br/><br/><br/>Height: 24 ft AGL<br/>0.0 m (0 ft) from feed at 0.0&#176;T / 345&#176;M<br/>47°38'02.61"N 121°59'47.73"W]]></description><Point><coordinates>-121.99659167,47.63405833,0</coordinates></Point></Placemark>
<Placemark><name>V1 apex tree</name><styleUrl>#optV</styleUrl><description><![CDATA[<b>#12 of 33</b> on the 3-band ranking<br/>Inverted-V, ONE tree support at 50 ft, feed 24 ft<br/><b>Deployment:</b> 1 elevated anchor, highest 50 ft (easy throw)<br/>Average height 33.2 ft<br/>20 m take-off 31.6&#176;<br/><br/><b>3-band (40/20/15 m): -0.88 dBi, 44/75 cells, 23/25 regions reachable on at least one band</b><br/><br/><table border=1 cellpadding=3><tr><th>band</th><th>agg dBi</th><th>regions</th><th>Imax ht</th><th>peak elev</th></tr><tr><td>80m</td><td align=right>-9.62 dBi</td><td align=right>1/25</td><td align=right>30 ft</td><td align=right>zenith</td></tr><tr><td>40m</td><td align=right>-6.26 dBi</td><td align=right>6/25</td><td align=right>33 ft</td><td align=right>zenith</td></tr><tr><td>20m</td><td align=right>-1.27 dBi</td><td align=right>19/25</td><td align=right>33 ft</td><td align=right>32&#176;</td></tr><tr><td>15m</td><td align=right>+1.66 dBi</td><td align=right>19/25</td><td align=right>34 ft</td><td align=right>20&#176;</td></tr><tr><td>10m</td><td align=right>+2.61 dBi</td><td align=right>20/25</td><td align=right>33 ft</td><td align=right>15&#176;</td></tr></table><br/><br/><br/>Height: 50 ft AGL<br/>16.0 m (53 ft) from feed at 82.2&#176;T / 67&#176;M<br/>47°38'02.68"N 121°59'46.97"W]]></description><Point><coordinates>-121.99638056,47.63407778,0</coordinates></Point></Placemark>
<Placemark><name>V1 end</name><styleUrl>#optV</styleUrl><description><![CDATA[<b>#12 of 33</b> on the 3-band ranking<br/>Inverted-V, ONE tree support at 50 ft, feed 24 ft<br/><b>Deployment:</b> 1 elevated anchor, highest 50 ft (easy throw)<br/>Average height 33.2 ft<br/>20 m take-off 31.6&#176;<br/><br/><b>3-band (40/20/15 m): -0.88 dBi, 44/75 cells, 23/25 regions reachable on at least one band</b><br/><br/><table border=1 cellpadding=3><tr><th>band</th><th>agg dBi</th><th>regions</th><th>Imax ht</th><th>peak elev</th></tr><tr><td>80m</td><td align=right>-9.62 dBi</td><td align=right>1/25</td><td align=right>30 ft</td><td align=right>zenith</td></tr><tr><td>40m</td><td align=right>-6.26 dBi</td><td align=right>6/25</td><td align=right>33 ft</td><td align=right>zenith</td></tr><tr><td>20m</td><td align=right>-1.27 dBi</td><td align=right>19/25</td><td align=right>33 ft</td><td align=right>32&#176;</td></tr><tr><td>15m</td><td align=right>+1.66 dBi</td><td align=right>19/25</td><td align=right>34 ft</td><td align=right>20&#176;</td></tr><tr><td>10m</td><td align=right>+2.61 dBi</td><td align=right>20/25</td><td align=right>33 ft</td><td align=right>15&#176;</td></tr></table><br/><br/><br/>Height: 10 ft AGL<br/>31.1 m (102 ft) from feed at 107.6&#176;T / 92&#176;M<br/>47°38'02.31"N 121°59'46.31"W]]></description><Point><coordinates>-121.99619715,47.63397376,0</coordinates></Point></Placemark>
<Placemark><name>V1 wire</name><styleUrl>#optV</styleUrl><description><![CDATA[<b>#12 of 33</b> on the 3-band ranking<br/>Inverted-V, ONE tree support at 50 ft, feed 24 ft<br/><b>Deployment:</b> 1 elevated anchor, highest 50 ft (easy throw)<br/>Average height 33.2 ft<br/>20 m take-off 31.6&#176;<br/><br/><b>3-band (40/20/15 m): -0.88 dBi, 44/75 cells, 23/25 regions reachable on at least one band</b><br/><br/><table border=1 cellpadding=3><tr><th>band</th><th>agg dBi</th><th>regions</th><th>Imax ht</th><th>peak elev</th></tr><tr><td>80m</td><td align=right>-9.62 dBi</td><td align=right>1/25</td><td align=right>30 ft</td><td align=right>zenith</td></tr><tr><td>40m</td><td align=right>-6.26 dBi</td><td align=right>6/25</td><td align=right>33 ft</td><td align=right>zenith</td></tr><tr><td>20m</td><td align=right>-1.27 dBi</td><td align=right>19/25</td><td align=right>33 ft</td><td align=right>32&#176;</td></tr><tr><td>15m</td><td align=right>+1.66 dBi</td><td align=right>19/25</td><td align=right>34 ft</td><td align=right>20&#176;</td></tr><tr><td>10m</td><td align=right>+2.61 dBi</td><td align=right>20/25</td><td align=right>33 ft</td><td align=right>15&#176;</td></tr></table>]]></description><LineString><tessellate>1</tessellate><coordinates>-121.99659167,47.63405833,0 -121.99638056,47.63407778,0 -121.99619715,47.63397376,0</coordinates></LineString></Placemark>
</Folder>
<Folder><name>#13 F10-CF - Sloper, feed 10 ft, locked to the FRONT-YARD bearing (326T)</name><description><![CDATA[<b>#13 of 33</b> on the 3-band ranking<br/>Sloper, feed 10 ft, locked to the FRONT-YARD bearing (326T)<br/><b>Deployment:</b> 1 elevated anchor, highest 106 ft (very hard throw)<br/>Average height 58.1 ft<br/>20 m take-off no lobe (peaks at zenith)<br/><br/><b>3-band (40/20/15 m): -3.24 dBi, 42/75 cells, 24/25 regions reachable on at least one band</b><br/><br/><table border=1 cellpadding=3><tr><th>band</th><th>agg dBi</th><th>regions</th><th>Imax ht</th><th>peak elev</th></tr><tr><td>80m</td><td align=right>-4.85 dBi</td><td align=right>13/25</td><td align=right>58 ft</td><td align=right>49&#176;</td></tr><tr><td>40m</td><td align=right>-3.58 dBi</td><td align=right>13/25</td><td align=right>58 ft</td><td align=right>37&#176;</td></tr><tr><td>20m</td><td align=right>-3.50 dBi</td><td align=right>15/25</td><td align=right>58 ft</td><td align=right>64&#176;</td></tr><tr><td>15m</td><td align=right>-2.69 dBi</td><td align=right>14/25</td><td align=right>58 ft</td><td align=right>86&#176;</td></tr><tr><td>10m</td><td align=right>-1.43 dBi</td><td align=right>16/25</td><td align=right>58 ft</td><td align=right>9&#176;</td></tr></table>]]></description>
<Placemark><name>F10-CF feed</name><styleUrl>#optF</styleUrl><description><![CDATA[<b>#13 of 33</b> on the 3-band ranking<br/>Sloper, feed 10 ft, locked to the FRONT-YARD bearing (326T)<br/><b>Deployment:</b> 1 elevated anchor, highest 106 ft (very hard throw)<br/>Average height 58.1 ft<br/>20 m take-off no lobe (peaks at zenith)<br/><br/><b>3-band (40/20/15 m): -3.24 dBi, 42/75 cells, 24/25 regions reachable on at least one band</b><br/><br/><table border=1 cellpadding=3><tr><th>band</th><th>agg dBi</th><th>regions</th><th>Imax ht</th><th>peak elev</th></tr><tr><td>80m</td><td align=right>-4.85 dBi</td><td align=right>13/25</td><td align=right>58 ft</td><td align=right>49&#176;</td></tr><tr><td>40m</td><td align=right>-3.58 dBi</td><td align=right>13/25</td><td align=right>58 ft</td><td align=right>37&#176;</td></tr><tr><td>20m</td><td align=right>-3.50 dBi</td><td align=right>15/25</td><td align=right>58 ft</td><td align=right>64&#176;</td></tr><tr><td>15m</td><td align=right>-2.69 dBi</td><td align=right>14/25</td><td align=right>58 ft</td><td align=right>86&#176;</td></tr><tr><td>10m</td><td align=right>-1.43 dBi</td><td align=right>16/25</td><td align=right>58 ft</td><td align=right>9&#176;</td></tr></table><br/><br/><br/>Height: 10 ft AGL<br/>0.0 m (0 ft) from feed at 0.0&#176;T / 345&#176;M<br/>47°38'02.61"N 121°59'47.73"W]]></description><Point><coordinates>-121.99659167,47.63405833,0</coordinates></Point></Placemark>
<Placemark><name>F10-CF tree top</name><styleUrl>#optF</styleUrl><description><![CDATA[<b>#13 of 33</b> on the 3-band ranking<br/>Sloper, feed 10 ft, locked to the FRONT-YARD bearing (326T)<br/><b>Deployment:</b> 1 elevated anchor, highest 106 ft (very hard throw)<br/>Average height 58.1 ft<br/>20 m take-off no lobe (peaks at zenith)<br/><br/><b>3-band (40/20/15 m): -3.24 dBi, 42/75 cells, 24/25 regions reachable on at least one band</b><br/><br/><table border=1 cellpadding=3><tr><th>band</th><th>agg dBi</th><th>regions</th><th>Imax ht</th><th>peak elev</th></tr><tr><td>80m</td><td align=right>-4.85 dBi</td><td align=right>13/25</td><td align=right>58 ft</td><td align=right>49&#176;</td></tr><tr><td>40m</td><td align=right>-3.58 dBi</td><td align=right>13/25</td><td align=right>58 ft</td><td align=right>37&#176;</td></tr><tr><td>20m</td><td align=right>-3.50 dBi</td><td align=right>15/25</td><td align=right>58 ft</td><td align=right>64&#176;</td></tr><tr><td>15m</td><td align=right>-2.69 dBi</td><td align=right>14/25</td><td align=right>58 ft</td><td align=right>86&#176;</td></tr><tr><td>10m</td><td align=right>-1.43 dBi</td><td align=right>16/25</td><td align=right>58 ft</td><td align=right>9&#176;</td></tr></table><br/><br/><br/>Height: 106 ft AGL<br/>26.6 m (87 ft) from feed at 325.9&#176;T / 311&#176;M<br/>47°38'03.32"N 121°59'48.44"W]]></description><Point><coordinates>-121.99678988,47.63425655,0</coordinates></Point></Placemark>
<Placemark><name>F10-CF wire</name><styleUrl>#optF</styleUrl><description><![CDATA[<b>#13 of 33</b> on the 3-band ranking<br/>Sloper, feed 10 ft, locked to the FRONT-YARD bearing (326T)<br/><b>Deployment:</b> 1 elevated anchor, highest 106 ft (very hard throw)<br/>Average height 58.1 ft<br/>20 m take-off no lobe (peaks at zenith)<br/><br/><b>3-band (40/20/15 m): -3.24 dBi, 42/75 cells, 24/25 regions reachable on at least one band</b><br/><br/><table border=1 cellpadding=3><tr><th>band</th><th>agg dBi</th><th>regions</th><th>Imax ht</th><th>peak elev</th></tr><tr><td>80m</td><td align=right>-4.85 dBi</td><td align=right>13/25</td><td align=right>58 ft</td><td align=right>49&#176;</td></tr><tr><td>40m</td><td align=right>-3.58 dBi</td><td align=right>13/25</td><td align=right>58 ft</td><td align=right>37&#176;</td></tr><tr><td>20m</td><td align=right>-3.50 dBi</td><td align=right>15/25</td><td align=right>58 ft</td><td align=right>64&#176;</td></tr><tr><td>15m</td><td align=right>-2.69 dBi</td><td align=right>14/25</td><td align=right>58 ft</td><td align=right>86&#176;</td></tr><tr><td>10m</td><td align=right>-1.43 dBi</td><td align=right>16/25</td><td align=right>58 ft</td><td align=right>9&#176;</td></tr></table>]]></description><LineString><tessellate>1</tessellate><coordinates>-121.99659167,47.63405833,0 -121.99678988,47.63425655,0</coordinates></LineString></Placemark>
</Folder>
<Folder><name>#14 V2 - Inverted-V, ONE tree support at 50 ft, feed 10 ft</name><description><![CDATA[<b>#14 of 33</b> on the 3-band ranking<br/>Inverted-V, ONE tree support at 50 ft, feed 10 ft<br/><b>Deployment:</b> 1 elevated anchor, highest 50 ft (easy throw)<br/>Average height 30.0 ft<br/>20 m take-off 35.4&#176;<br/><br/><b>3-band (40/20/15 m): -1.31 dBi, 40/75 cells, 23/25 regions reachable on at least one band</b><br/><br/><table border=1 cellpadding=3><tr><th>band</th><th>agg dBi</th><th>regions</th><th>Imax ht</th><th>peak elev</th></tr><tr><td>80m</td><td align=right>-10.43 dBi</td><td align=right>1/25</td><td align=right>30 ft</td><td align=right>zenith</td></tr><tr><td>40m</td><td align=right>-6.96 dBi</td><td align=right>4/25</td><td align=right>30 ft</td><td align=right>zenith</td></tr><tr><td>20m</td><td align=right>-1.84 dBi</td><td align=right>17/25</td><td align=right>30 ft</td><td align=right>35&#176;</td></tr><tr><td>15m</td><td align=right>+1.34 dBi</td><td align=right>19/25</td><td align=right>30 ft</td><td align=right>23&#176;</td></tr><tr><td>10m</td><td align=right>+2.63 dBi</td><td align=right>20/25</td><td align=right>30 ft</td><td align=right>17&#176;</td></tr></table>]]></description>
<Placemark><name>V2 feed</name><styleUrl>#optV</styleUrl><description><![CDATA[<b>#14 of 33</b> on the 3-band ranking<br/>Inverted-V, ONE tree support at 50 ft, feed 10 ft<br/><b>Deployment:</b> 1 elevated anchor, highest 50 ft (easy throw)<br/>Average height 30.0 ft<br/>20 m take-off 35.4&#176;<br/><br/><b>3-band (40/20/15 m): -1.31 dBi, 40/75 cells, 23/25 regions reachable on at least one band</b><br/><br/><table border=1 cellpadding=3><tr><th>band</th><th>agg dBi</th><th>regions</th><th>Imax ht</th><th>peak elev</th></tr><tr><td>80m</td><td align=right>-10.43 dBi</td><td align=right>1/25</td><td align=right>30 ft</td><td align=right>zenith</td></tr><tr><td>40m</td><td align=right>-6.96 dBi</td><td align=right>4/25</td><td align=right>30 ft</td><td align=right>zenith</td></tr><tr><td>20m</td><td align=right>-1.84 dBi</td><td align=right>17/25</td><td align=right>30 ft</td><td align=right>35&#176;</td></tr><tr><td>15m</td><td align=right>+1.34 dBi</td><td align=right>19/25</td><td align=right>30 ft</td><td align=right>23&#176;</td></tr><tr><td>10m</td><td align=right>+2.63 dBi</td><td align=right>20/25</td><td align=right>30 ft</td><td align=right>17&#176;</td></tr></table><br/><br/><br/>Height: 10 ft AGL<br/>0.0 m (0 ft) from feed at 0.0&#176;T / 345&#176;M<br/>47°38'02.61"N 121°59'47.73"W]]></description><Point><coordinates>-121.99659167,47.63405833,0</coordinates></Point></Placemark>
<Placemark><name>V2 apex tree</name><styleUrl>#optV</styleUrl><description><![CDATA[<b>#14 of 33</b> on the 3-band ranking<br/>Inverted-V, ONE tree support at 50 ft, feed 10 ft<br/><b>Deployment:</b> 1 elevated anchor, highest 50 ft (easy throw)<br/>Average height 30.0 ft<br/>20 m take-off 35.4&#176;<br/><br/><b>3-band (40/20/15 m): -1.31 dBi, 40/75 cells, 23/25 regions reachable on at least one band</b><br/><br/><table border=1 cellpadding=3><tr><th>band</th><th>agg dBi</th><th>regions</th><th>Imax ht</th><th>peak elev</th></tr><tr><td>80m</td><td align=right>-10.43 dBi</td><td align=right>1/25</td><td align=right>30 ft</td><td align=right>zenith</td></tr><tr><td>40m</td><td align=right>-6.96 dBi</td><td align=right>4/25</td><td align=right>30 ft</td><td align=right>zenith</td></tr><tr><td>20m</td><td align=right>-1.84 dBi</td><td align=right>17/25</td><td align=right>30 ft</td><td align=right>35&#176;</td></tr><tr><td>15m</td><td align=right>+1.34 dBi</td><td align=right>19/25</td><td align=right>30 ft</td><td align=right>23&#176;</td></tr><tr><td>10m</td><td align=right>+2.63 dBi</td><td align=right>20/25</td><td align=right>30 ft</td><td align=right>17&#176;</td></tr></table><br/><br/><br/>Height: 50 ft AGL<br/>16.0 m (53 ft) from feed at 82.2&#176;T / 67&#176;M<br/>47°38'02.68"N 121°59'46.97"W]]></description><Point><coordinates>-121.99638056,47.63407778,0</coordinates></Point></Placemark>
<Placemark><name>V2 end</name><styleUrl>#optV</styleUrl><description><![CDATA[<b>#14 of 33</b> on the 3-band ranking<br/>Inverted-V, ONE tree support at 50 ft, feed 10 ft<br/><b>Deployment:</b> 1 elevated anchor, highest 50 ft (easy throw)<br/>Average height 30.0 ft<br/>20 m take-off 35.4&#176;<br/><br/><b>3-band (40/20/15 m): -1.31 dBi, 40/75 cells, 23/25 regions reachable on at least one band</b><br/><br/><table border=1 cellpadding=3><tr><th>band</th><th>agg dBi</th><th>regions</th><th>Imax ht</th><th>peak elev</th></tr><tr><td>80m</td><td align=right>-10.43 dBi</td><td align=right>1/25</td><td align=right>30 ft</td><td align=right>zenith</td></tr><tr><td>40m</td><td align=right>-6.96 dBi</td><td align=right>4/25</td><td align=right>30 ft</td><td align=right>zenith</td></tr><tr><td>20m</td><td align=right>-1.84 dBi</td><td align=right>17/25</td><td align=right>30 ft</td><td align=right>35&#176;</td></tr><tr><td>15m</td><td align=right>+1.34 dBi</td><td align=right>19/25</td><td align=right>30 ft</td><td align=right>23&#176;</td></tr><tr><td>10m</td><td align=right>+2.63 dBi</td><td align=right>20/25</td><td align=right>30 ft</td><td align=right>17&#176;</td></tr></table><br/><br/><br/>Height: 10 ft AGL<br/>28.5 m (94 ft) from feed at 105.4&#176;T / 90&#176;M<br/>47°38'02.36"N 121°59'46.41"W]]></description><Point><coordinates>-121.99622576,47.63398998,0</coordinates></Point></Placemark>
<Placemark><name>V2 wire</name><styleUrl>#optV</styleUrl><description><![CDATA[<b>#14 of 33</b> on the 3-band ranking<br/>Inverted-V, ONE tree support at 50 ft, feed 10 ft<br/><b>Deployment:</b> 1 elevated anchor, highest 50 ft (easy throw)<br/>Average height 30.0 ft<br/>20 m take-off 35.4&#176;<br/><br/><b>3-band (40/20/15 m): -1.31 dBi, 40/75 cells, 23/25 regions reachable on at least one band</b><br/><br/><table border=1 cellpadding=3><tr><th>band</th><th>agg dBi</th><th>regions</th><th>Imax ht</th><th>peak elev</th></tr><tr><td>80m</td><td align=right>-10.43 dBi</td><td align=right>1/25</td><td align=right>30 ft</td><td align=right>zenith</td></tr><tr><td>40m</td><td align=right>-6.96 dBi</td><td align=right>4/25</td><td align=right>30 ft</td><td align=right>zenith</td></tr><tr><td>20m</td><td align=right>-1.84 dBi</td><td align=right>17/25</td><td align=right>30 ft</td><td align=right>35&#176;</td></tr><tr><td>15m</td><td align=right>+1.34 dBi</td><td align=right>19/25</td><td align=right>30 ft</td><td align=right>23&#176;</td></tr><tr><td>10m</td><td align=right>+2.63 dBi</td><td align=right>20/25</td><td align=right>30 ft</td><td align=right>17&#176;</td></tr></table>]]></description><LineString><tessellate>1</tessellate><coordinates>-121.99659167,47.63405833,0 -121.99638056,47.63407778,0 -121.99622576,47.63398998,0</coordinates></LineString></Placemark>
</Folder>
<Folder><name>#15 F10-V - Inverted-V, one 50 ft support, feed 10 ft (same as V2)</name><description><![CDATA[<b>#15 of 33</b> on the 3-band ranking<br/>Inverted-V, one 50 ft support, feed 10 ft (same as V2)<br/><b>Deployment:</b> 1 elevated anchor, highest 50 ft (easy throw)<br/>Average height 30.0 ft<br/>20 m take-off 35.4&#176;<br/><br/><b>3-band (40/20/15 m): -1.31 dBi, 40/75 cells, 23/25 regions reachable on at least one band</b><br/><br/><table border=1 cellpadding=3><tr><th>band</th><th>agg dBi</th><th>regions</th><th>Imax ht</th><th>peak elev</th></tr><tr><td>80m</td><td align=right>-10.43 dBi</td><td align=right>1/25</td><td align=right>30 ft</td><td align=right>zenith</td></tr><tr><td>40m</td><td align=right>-6.96 dBi</td><td align=right>4/25</td><td align=right>30 ft</td><td align=right>zenith</td></tr><tr><td>20m</td><td align=right>-1.84 dBi</td><td align=right>17/25</td><td align=right>30 ft</td><td align=right>35&#176;</td></tr><tr><td>15m</td><td align=right>+1.34 dBi</td><td align=right>19/25</td><td align=right>30 ft</td><td align=right>23&#176;</td></tr><tr><td>10m</td><td align=right>+2.63 dBi</td><td align=right>20/25</td><td align=right>30 ft</td><td align=right>17&#176;</td></tr></table>]]></description>
<Placemark><name>F10-V feed</name><styleUrl>#optF</styleUrl><description><![CDATA[<b>#15 of 33</b> on the 3-band ranking<br/>Inverted-V, one 50 ft support, feed 10 ft (same as V2)<br/><b>Deployment:</b> 1 elevated anchor, highest 50 ft (easy throw)<br/>Average height 30.0 ft<br/>20 m take-off 35.4&#176;<br/><br/><b>3-band (40/20/15 m): -1.31 dBi, 40/75 cells, 23/25 regions reachable on at least one band</b><br/><br/><table border=1 cellpadding=3><tr><th>band</th><th>agg dBi</th><th>regions</th><th>Imax ht</th><th>peak elev</th></tr><tr><td>80m</td><td align=right>-10.43 dBi</td><td align=right>1/25</td><td align=right>30 ft</td><td align=right>zenith</td></tr><tr><td>40m</td><td align=right>-6.96 dBi</td><td align=right>4/25</td><td align=right>30 ft</td><td align=right>zenith</td></tr><tr><td>20m</td><td align=right>-1.84 dBi</td><td align=right>17/25</td><td align=right>30 ft</td><td align=right>35&#176;</td></tr><tr><td>15m</td><td align=right>+1.34 dBi</td><td align=right>19/25</td><td align=right>30 ft</td><td align=right>23&#176;</td></tr><tr><td>10m</td><td align=right>+2.63 dBi</td><td align=right>20/25</td><td align=right>30 ft</td><td align=right>17&#176;</td></tr></table><br/><br/><br/>Height: 10 ft AGL<br/>0.0 m (0 ft) from feed at 0.0&#176;T / 345&#176;M<br/>47°38'02.61"N 121°59'47.73"W]]></description><Point><coordinates>-121.99659167,47.63405833,0</coordinates></Point></Placemark>
<Placemark><name>F10-V apex tree</name><styleUrl>#optF</styleUrl><description><![CDATA[<b>#15 of 33</b> on the 3-band ranking<br/>Inverted-V, one 50 ft support, feed 10 ft (same as V2)<br/><b>Deployment:</b> 1 elevated anchor, highest 50 ft (easy throw)<br/>Average height 30.0 ft<br/>20 m take-off 35.4&#176;<br/><br/><b>3-band (40/20/15 m): -1.31 dBi, 40/75 cells, 23/25 regions reachable on at least one band</b><br/><br/><table border=1 cellpadding=3><tr><th>band</th><th>agg dBi</th><th>regions</th><th>Imax ht</th><th>peak elev</th></tr><tr><td>80m</td><td align=right>-10.43 dBi</td><td align=right>1/25</td><td align=right>30 ft</td><td align=right>zenith</td></tr><tr><td>40m</td><td align=right>-6.96 dBi</td><td align=right>4/25</td><td align=right>30 ft</td><td align=right>zenith</td></tr><tr><td>20m</td><td align=right>-1.84 dBi</td><td align=right>17/25</td><td align=right>30 ft</td><td align=right>35&#176;</td></tr><tr><td>15m</td><td align=right>+1.34 dBi</td><td align=right>19/25</td><td align=right>30 ft</td><td align=right>23&#176;</td></tr><tr><td>10m</td><td align=right>+2.63 dBi</td><td align=right>20/25</td><td align=right>30 ft</td><td align=right>17&#176;</td></tr></table><br/><br/><br/>Height: 50 ft AGL<br/>16.0 m (53 ft) from feed at 82.2&#176;T / 67&#176;M<br/>47°38'02.68"N 121°59'46.97"W]]></description><Point><coordinates>-121.99638056,47.63407778,0</coordinates></Point></Placemark>
<Placemark><name>F10-V end</name><styleUrl>#optF</styleUrl><description><![CDATA[<b>#15 of 33</b> on the 3-band ranking<br/>Inverted-V, one 50 ft support, feed 10 ft (same as V2)<br/><b>Deployment:</b> 1 elevated anchor, highest 50 ft (easy throw)<br/>Average height 30.0 ft<br/>20 m take-off 35.4&#176;<br/><br/><b>3-band (40/20/15 m): -1.31 dBi, 40/75 cells, 23/25 regions reachable on at least one band</b><br/><br/><table border=1 cellpadding=3><tr><th>band</th><th>agg dBi</th><th>regions</th><th>Imax ht</th><th>peak elev</th></tr><tr><td>80m</td><td align=right>-10.43 dBi</td><td align=right>1/25</td><td align=right>30 ft</td><td align=right>zenith</td></tr><tr><td>40m</td><td align=right>-6.96 dBi</td><td align=right>4/25</td><td align=right>30 ft</td><td align=right>zenith</td></tr><tr><td>20m</td><td align=right>-1.84 dBi</td><td align=right>17/25</td><td align=right>30 ft</td><td align=right>35&#176;</td></tr><tr><td>15m</td><td align=right>+1.34 dBi</td><td align=right>19/25</td><td align=right>30 ft</td><td align=right>23&#176;</td></tr><tr><td>10m</td><td align=right>+2.63 dBi</td><td align=right>20/25</td><td align=right>30 ft</td><td align=right>17&#176;</td></tr></table><br/><br/><br/>Height: 10 ft AGL<br/>28.5 m (94 ft) from feed at 105.4&#176;T / 90&#176;M<br/>47°38'02.36"N 121°59'46.41"W]]></description><Point><coordinates>-121.99622576,47.63398998,0</coordinates></Point></Placemark>
<Placemark><name>F10-V wire</name><styleUrl>#optF</styleUrl><description><![CDATA[<b>#15 of 33</b> on the 3-band ranking<br/>Inverted-V, one 50 ft support, feed 10 ft (same as V2)<br/><b>Deployment:</b> 1 elevated anchor, highest 50 ft (easy throw)<br/>Average height 30.0 ft<br/>20 m take-off 35.4&#176;<br/><br/><b>3-band (40/20/15 m): -1.31 dBi, 40/75 cells, 23/25 regions reachable on at least one band</b><br/><br/><table border=1 cellpadding=3><tr><th>band</th><th>agg dBi</th><th>regions</th><th>Imax ht</th><th>peak elev</th></tr><tr><td>80m</td><td align=right>-10.43 dBi</td><td align=right>1/25</td><td align=right>30 ft</td><td align=right>zenith</td></tr><tr><td>40m</td><td align=right>-6.96 dBi</td><td align=right>4/25</td><td align=right>30 ft</td><td align=right>zenith</td></tr><tr><td>20m</td><td align=right>-1.84 dBi</td><td align=right>17/25</td><td align=right>30 ft</td><td align=right>35&#176;</td></tr><tr><td>15m</td><td align=right>+1.34 dBi</td><td align=right>19/25</td><td align=right>30 ft</td><td align=right>23&#176;</td></tr><tr><td>10m</td><td align=right>+2.63 dBi</td><td align=right>20/25</td><td align=right>30 ft</td><td align=right>17&#176;</td></tr></table>]]></description><LineString><tessellate>1</tessellate><coordinates>-121.99659167,47.63405833,0 -121.99638056,47.63407778,0 -121.99622576,47.63398998,0</coordinates></LineString></Placemark>
</Folder>
<Folder><name>#16 RF-APEX - Sloper to the APEX tree from a ROOF feed</name><description><![CDATA[<b>#16 of 33</b> on the 3-band ranking<br/>Sloper to the APEX tree from a ROOF feed<br/><b>Deployment:</b> 1 elevated anchor, highest 138 ft (climb throw)<br/>Average height 81.7 ft<br/>20 m take-off no lobe (peaks at zenith)<br/><br/><b>3-band (40/20/15 m): -4.11 dBi, 39/75 cells, 25/25 regions reachable on at least one band</b><br/><br/><table border=1 cellpadding=3><tr><th>band</th><th>agg dBi</th><th>regions</th><th>Imax ht</th><th>peak elev</th></tr><tr><td>80m</td><td align=right>-5.19 dBi</td><td align=right>11/25</td><td align=right>82 ft</td><td align=right>15&#176;</td></tr><tr><td>40m</td><td align=right>-5.33 dBi</td><td align=right>11/25</td><td align=right>82 ft</td><td align=right>39&#176;</td></tr><tr><td>20m</td><td align=right>-3.35 dBi</td><td align=right>14/25</td><td align=right>82 ft</td><td align=right>58&#176;</td></tr><tr><td>15m</td><td align=right>-3.89 dBi</td><td align=right>14/25</td><td align=right>82 ft</td><td align=right>58&#176;</td></tr><tr><td>10m</td><td align=right>-5.83 dBi</td><td align=right>10/25</td><td align=right>82 ft</td><td align=right>57&#176;</td></tr></table>]]></description>
<Placemark><name>RF-APEX feed</name><styleUrl>#optG</styleUrl><description><![CDATA[<b>#16 of 33</b> on the 3-band ranking<br/>Sloper to the APEX tree from a ROOF feed<br/><b>Deployment:</b> 1 elevated anchor, highest 138 ft (climb throw)<br/>Average height 81.7 ft<br/>20 m take-off no lobe (peaks at zenith)<br/><br/><b>3-band (40/20/15 m): -4.11 dBi, 39/75 cells, 25/25 regions reachable on at least one band</b><br/><br/><table border=1 cellpadding=3><tr><th>band</th><th>agg dBi</th><th>regions</th><th>Imax ht</th><th>peak elev</th></tr><tr><td>80m</td><td align=right>-5.19 dBi</td><td align=right>11/25</td><td align=right>82 ft</td><td align=right>15&#176;</td></tr><tr><td>40m</td><td align=right>-5.33 dBi</td><td align=right>11/25</td><td align=right>82 ft</td><td align=right>39&#176;</td></tr><tr><td>20m</td><td align=right>-3.35 dBi</td><td align=right>14/25</td><td align=right>82 ft</td><td align=right>58&#176;</td></tr><tr><td>15m</td><td align=right>-3.89 dBi</td><td align=right>14/25</td><td align=right>82 ft</td><td align=right>58&#176;</td></tr><tr><td>10m</td><td align=right>-5.83 dBi</td><td align=right>10/25</td><td align=right>82 ft</td><td align=right>57&#176;</td></tr></table><br/><br/><br/>Height: 25 ft AGL<br/>7.3 m (24 ft) from feed at 188.2&#176;T / 173&#176;M<br/>47°38'02.38"N 121°59'47.78"W]]></description><Point><coordinates>-121.99660543,47.63399339,0</coordinates></Point></Placemark>
<Placemark><name>RF-APEX tree top</name><styleUrl>#optG</styleUrl><description><![CDATA[<b>#16 of 33</b> on the 3-band ranking<br/>Sloper to the APEX tree from a ROOF feed<br/><b>Deployment:</b> 1 elevated anchor, highest 138 ft (climb throw)<br/>Average height 81.7 ft<br/>20 m take-off no lobe (peaks at zenith)<br/><br/><b>3-band (40/20/15 m): -4.11 dBi, 39/75 cells, 25/25 regions reachable on at least one band</b><br/><br/><table border=1 cellpadding=3><tr><th>band</th><th>agg dBi</th><th>regions</th><th>Imax ht</th><th>peak elev</th></tr><tr><td>80m</td><td align=right>-5.19 dBi</td><td align=right>11/25</td><td align=right>82 ft</td><td align=right>15&#176;</td></tr><tr><td>40m</td><td align=right>-5.33 dBi</td><td align=right>11/25</td><td align=right>82 ft</td><td align=right>39&#176;</td></tr><tr><td>20m</td><td align=right>-3.35 dBi</td><td align=right>14/25</td><td align=right>82 ft</td><td align=right>58&#176;</td></tr><tr><td>15m</td><td align=right>-3.89 dBi</td><td align=right>14/25</td><td align=right>82 ft</td><td align=right>58&#176;</td></tr><tr><td>10m</td><td align=right>-5.83 dBi</td><td align=right>10/25</td><td align=right>82 ft</td><td align=right>57&#176;</td></tr></table><br/><br/><br/>Height: 138 ft AGL<br/>16.0 m (53 ft) from feed at 82.2&#176;T / 67&#176;M<br/>47°38'02.68"N 121°59'46.97"W]]></description><Point><coordinates>-121.99638056,47.63407778,0</coordinates></Point></Placemark>
<Placemark><name>RF-APEX wire</name><styleUrl>#optG</styleUrl><description><![CDATA[<b>#16 of 33</b> on the 3-band ranking<br/>Sloper to the APEX tree from a ROOF feed<br/><b>Deployment:</b> 1 elevated anchor, highest 138 ft (climb throw)<br/>Average height 81.7 ft<br/>20 m take-off no lobe (peaks at zenith)<br/><br/><b>3-band (40/20/15 m): -4.11 dBi, 39/75 cells, 25/25 regions reachable on at least one band</b><br/><br/><table border=1 cellpadding=3><tr><th>band</th><th>agg dBi</th><th>regions</th><th>Imax ht</th><th>peak elev</th></tr><tr><td>80m</td><td align=right>-5.19 dBi</td><td align=right>11/25</td><td align=right>82 ft</td><td align=right>15&#176;</td></tr><tr><td>40m</td><td align=right>-5.33 dBi</td><td align=right>11/25</td><td align=right>82 ft</td><td align=right>39&#176;</td></tr><tr><td>20m</td><td align=right>-3.35 dBi</td><td align=right>14/25</td><td align=right>82 ft</td><td align=right>58&#176;</td></tr><tr><td>15m</td><td align=right>-3.89 dBi</td><td align=right>14/25</td><td align=right>82 ft</td><td align=right>58&#176;</td></tr><tr><td>10m</td><td align=right>-5.83 dBi</td><td align=right>10/25</td><td align=right>82 ft</td><td align=right>57&#176;</td></tr></table>]]></description><LineString><tessellate>1</tessellate><coordinates>-121.99660543,47.63399339,0 -121.99638056,47.63407778,0</coordinates></LineString></Placemark>
</Folder>
<Folder><name>#17 F10-CB - Sloper, feed 10 ft, locked to the BACKYARD bearing (155T)</name><description><![CDATA[<b>#17 of 33</b> on the 3-band ranking<br/>Sloper, feed 10 ft, locked to the BACKYARD bearing (155T)<br/><b>Deployment:</b> 1 elevated anchor, highest 122 ft (very hard throw)<br/>Average height 65.8 ft<br/>20 m take-off no lobe (peaks at zenith)<br/><br/><b>3-band (40/20/15 m): -4.51 dBi, 39/75 cells, 25/25 regions reachable on at least one band</b><br/><br/><table border=1 cellpadding=3><tr><th>band</th><th>agg dBi</th><th>regions</th><th>Imax ht</th><th>peak elev</th></tr><tr><td>80m</td><td align=right>-4.28 dBi</td><td align=right>16/25</td><td align=right>66 ft</td><td align=right>20&#176;</td></tr><tr><td>40m</td><td align=right>-3.90 dBi</td><td align=right>16/25</td><td align=right>66 ft</td><td align=right>15&#176;</td></tr><tr><td>20m</td><td align=right>-4.66 dBi</td><td align=right>12/25</td><td align=right>66 ft</td><td align=right>31&#176;</td></tr><tr><td>15m</td><td align=right>-5.05 dBi</td><td align=right>11/25</td><td align=right>66 ft</td><td align=right>45&#176;</td></tr><tr><td>10m</td><td align=right>-4.65 dBi</td><td align=right>12/25</td><td align=right>66 ft</td><td align=right>32&#176;</td></tr></table>]]></description>
<Placemark><name>F10-CB feed</name><styleUrl>#optF</styleUrl><description><![CDATA[<b>#17 of 33</b> on the 3-band ranking<br/>Sloper, feed 10 ft, locked to the BACKYARD bearing (155T)<br/><b>Deployment:</b> 1 elevated anchor, highest 122 ft (very hard throw)<br/>Average height 65.8 ft<br/>20 m take-off no lobe (peaks at zenith)<br/><br/><b>3-band (40/20/15 m): -4.51 dBi, 39/75 cells, 25/25 regions reachable on at least one band</b><br/><br/><table border=1 cellpadding=3><tr><th>band</th><th>agg dBi</th><th>regions</th><th>Imax ht</th><th>peak elev</th></tr><tr><td>80m</td><td align=right>-4.28 dBi</td><td align=right>16/25</td><td align=right>66 ft</td><td align=right>20&#176;</td></tr><tr><td>40m</td><td align=right>-3.90 dBi</td><td align=right>16/25</td><td align=right>66 ft</td><td align=right>15&#176;</td></tr><tr><td>20m</td><td align=right>-4.66 dBi</td><td align=right>12/25</td><td align=right>66 ft</td><td align=right>31&#176;</td></tr><tr><td>15m</td><td align=right>-5.05 dBi</td><td align=right>11/25</td><td align=right>66 ft</td><td align=right>45&#176;</td></tr><tr><td>10m</td><td align=right>-4.65 dBi</td><td align=right>12/25</td><td align=right>66 ft</td><td align=right>32&#176;</td></tr></table><br/><br/><br/>Height: 10 ft AGL<br/>0.0 m (0 ft) from feed at 0.0&#176;T / 345&#176;M<br/>47°38'02.61"N 121°59'47.73"W]]></description><Point><coordinates>-121.99659167,47.63405833,0</coordinates></Point></Placemark>
<Placemark><name>F10-CB tree top</name><styleUrl>#optF</styleUrl><description><![CDATA[<b>#17 of 33</b> on the 3-band ranking<br/>Sloper, feed 10 ft, locked to the BACKYARD bearing (155T)<br/><b>Deployment:</b> 1 elevated anchor, highest 122 ft (very hard throw)<br/>Average height 65.8 ft<br/>20 m take-off no lobe (peaks at zenith)<br/><br/><b>3-band (40/20/15 m): -4.51 dBi, 39/75 cells, 25/25 regions reachable on at least one band</b><br/><br/><table border=1 cellpadding=3><tr><th>band</th><th>agg dBi</th><th>regions</th><th>Imax ht</th><th>peak elev</th></tr><tr><td>80m</td><td align=right>-4.28 dBi</td><td align=right>16/25</td><td align=right>66 ft</td><td align=right>20&#176;</td></tr><tr><td>40m</td><td align=right>-3.90 dBi</td><td align=right>16/25</td><td align=right>66 ft</td><td align=right>15&#176;</td></tr><tr><td>20m</td><td align=right>-4.66 dBi</td><td align=right>12/25</td><td align=right>66 ft</td><td align=right>31&#176;</td></tr><tr><td>15m</td><td align=right>-5.05 dBi</td><td align=right>11/25</td><td align=right>66 ft</td><td align=right>45&#176;</td></tr><tr><td>10m</td><td align=right>-4.65 dBi</td><td align=right>12/25</td><td align=right>66 ft</td><td align=right>32&#176;</td></tr></table><br/><br/><br/>Height: 122 ft AGL<br/>20.3 m (67 ft) from feed at 154.9&#176;T / 140&#176;M<br/>47°38'02.01"N 121°59'47.32"W]]></description><Point><coordinates>-121.99647689,47.63389305,0</coordinates></Point></Placemark>
<Placemark><name>F10-CB wire</name><styleUrl>#optF</styleUrl><description><![CDATA[<b>#17 of 33</b> on the 3-band ranking<br/>Sloper, feed 10 ft, locked to the BACKYARD bearing (155T)<br/><b>Deployment:</b> 1 elevated anchor, highest 122 ft (very hard throw)<br/>Average height 65.8 ft<br/>20 m take-off no lobe (peaks at zenith)<br/><br/><b>3-band (40/20/15 m): -4.51 dBi, 39/75 cells, 25/25 regions reachable on at least one band</b><br/><br/><table border=1 cellpadding=3><tr><th>band</th><th>agg dBi</th><th>regions</th><th>Imax ht</th><th>peak elev</th></tr><tr><td>80m</td><td align=right>-4.28 dBi</td><td align=right>16/25</td><td align=right>66 ft</td><td align=right>20&#176;</td></tr><tr><td>40m</td><td align=right>-3.90 dBi</td><td align=right>16/25</td><td align=right>66 ft</td><td align=right>15&#176;</td></tr><tr><td>20m</td><td align=right>-4.66 dBi</td><td align=right>12/25</td><td align=right>66 ft</td><td align=right>31&#176;</td></tr><tr><td>15m</td><td align=right>-5.05 dBi</td><td align=right>11/25</td><td align=right>66 ft</td><td align=right>45&#176;</td></tr><tr><td>10m</td><td align=right>-4.65 dBi</td><td align=right>12/25</td><td align=right>66 ft</td><td align=right>32&#176;</td></tr></table>]]></description><LineString><tessellate>1</tessellate><coordinates>-121.99659167,47.63405833,0 -121.99647689,47.63389305,0</coordinates></LineString></Placemark>
</Folder>
<Folder><name>#18 C-BACK - Sloper, rotation locked to the BACKYARD-corner bearing (155T)</name><description><![CDATA[<b>#18 of 33</b> on the 3-band ranking<br/>Sloper, rotation locked to the BACKYARD-corner bearing (155T)<br/><b>Deployment:</b> 1 elevated anchor, highest 135 ft (climb throw)<br/>Average height 79.7 ft<br/>20 m take-off no lobe (peaks at zenith)<br/><br/><b>3-band (40/20/15 m): -4.53 dBi, 39/75 cells, 25/25 regions reachable on at least one band</b><br/><br/><table border=1 cellpadding=3><tr><th>band</th><th>agg dBi</th><th>regions</th><th>Imax ht</th><th>peak elev</th></tr><tr><td>80m</td><td align=right>-4.40 dBi</td><td align=right>16/25</td><td align=right>80 ft</td><td align=right>19&#176;</td></tr><tr><td>40m</td><td align=right>-3.98 dBi</td><td align=right>16/25</td><td align=right>80 ft</td><td align=right>15&#176;</td></tr><tr><td>20m</td><td align=right>-4.41 dBi</td><td align=right>12/25</td><td align=right>80 ft</td><td align=right>61&#176;</td></tr><tr><td>15m</td><td align=right>-5.30 dBi</td><td align=right>11/25</td><td align=right>80 ft</td><td align=right>62&#176;</td></tr><tr><td>10m</td><td align=right>-4.51 dBi</td><td align=right>12/25</td><td align=right>80 ft</td><td align=right>40&#176;</td></tr></table>]]></description>
<Placemark><name>C-BACK feed</name><styleUrl>#optG</styleUrl><description><![CDATA[<b>#18 of 33</b> on the 3-band ranking<br/>Sloper, rotation locked to the BACKYARD-corner bearing (155T)<br/><b>Deployment:</b> 1 elevated anchor, highest 135 ft (climb throw)<br/>Average height 79.7 ft<br/>20 m take-off no lobe (peaks at zenith)<br/><br/><b>3-band (40/20/15 m): -4.53 dBi, 39/75 cells, 25/25 regions reachable on at least one band</b><br/><br/><table border=1 cellpadding=3><tr><th>band</th><th>agg dBi</th><th>regions</th><th>Imax ht</th><th>peak elev</th></tr><tr><td>80m</td><td align=right>-4.40 dBi</td><td align=right>16/25</td><td align=right>80 ft</td><td align=right>19&#176;</td></tr><tr><td>40m</td><td align=right>-3.98 dBi</td><td align=right>16/25</td><td align=right>80 ft</td><td align=right>15&#176;</td></tr><tr><td>20m</td><td align=right>-4.41 dBi</td><td align=right>12/25</td><td align=right>80 ft</td><td align=right>61&#176;</td></tr><tr><td>15m</td><td align=right>-5.30 dBi</td><td align=right>11/25</td><td align=right>80 ft</td><td align=right>62&#176;</td></tr><tr><td>10m</td><td align=right>-4.51 dBi</td><td align=right>12/25</td><td align=right>80 ft</td><td align=right>40&#176;</td></tr></table><br/><br/><br/>Height: 24 ft AGL<br/>0.0 m (0 ft) from feed at 0.0&#176;T / 345&#176;M<br/>47°38'02.61"N 121°59'47.73"W]]></description><Point><coordinates>-121.99659167,47.63405833,0</coordinates></Point></Placemark>
<Placemark><name>C-BACK tree top</name><styleUrl>#optG</styleUrl><description><![CDATA[<b>#18 of 33</b> on the 3-band ranking<br/>Sloper, rotation locked to the BACKYARD-corner bearing (155T)<br/><b>Deployment:</b> 1 elevated anchor, highest 135 ft (climb throw)<br/>Average height 79.7 ft<br/>20 m take-off no lobe (peaks at zenith)<br/><br/><b>3-band (40/20/15 m): -4.53 dBi, 39/75 cells, 25/25 regions reachable on at least one band</b><br/><br/><table border=1 cellpadding=3><tr><th>band</th><th>agg dBi</th><th>regions</th><th>Imax ht</th><th>peak elev</th></tr><tr><td>80m</td><td align=right>-4.40 dBi</td><td align=right>16/25</td><td align=right>80 ft</td><td align=right>19&#176;</td></tr><tr><td>40m</td><td align=right>-3.98 dBi</td><td align=right>16/25</td><td align=right>80 ft</td><td align=right>15&#176;</td></tr><tr><td>20m</td><td align=right>-4.41 dBi</td><td align=right>12/25</td><td align=right>80 ft</td><td align=right>61&#176;</td></tr><tr><td>15m</td><td align=right>-5.30 dBi</td><td align=right>11/25</td><td align=right>80 ft</td><td align=right>62&#176;</td></tr><tr><td>10m</td><td align=right>-4.51 dBi</td><td align=right>12/25</td><td align=right>80 ft</td><td align=right>40&#176;</td></tr></table><br/><br/><br/>Height: 135 ft AGL<br/>20.4 m (67 ft) from feed at 154.9&#176;T / 140&#176;M<br/>47°38'02.01"N 121°59'47.31"W]]></description><Point><coordinates>-121.99647632,47.63389224,0</coordinates></Point></Placemark>
<Placemark><name>C-BACK wire</name><styleUrl>#optG</styleUrl><description><![CDATA[<b>#18 of 33</b> on the 3-band ranking<br/>Sloper, rotation locked to the BACKYARD-corner bearing (155T)<br/><b>Deployment:</b> 1 elevated anchor, highest 135 ft (climb throw)<br/>Average height 79.7 ft<br/>20 m take-off no lobe (peaks at zenith)<br/><br/><b>3-band (40/20/15 m): -4.53 dBi, 39/75 cells, 25/25 regions reachable on at least one band</b><br/><br/><table border=1 cellpadding=3><tr><th>band</th><th>agg dBi</th><th>regions</th><th>Imax ht</th><th>peak elev</th></tr><tr><td>80m</td><td align=right>-4.40 dBi</td><td align=right>16/25</td><td align=right>80 ft</td><td align=right>19&#176;</td></tr><tr><td>40m</td><td align=right>-3.98 dBi</td><td align=right>16/25</td><td align=right>80 ft</td><td align=right>15&#176;</td></tr><tr><td>20m</td><td align=right>-4.41 dBi</td><td align=right>12/25</td><td align=right>80 ft</td><td align=right>61&#176;</td></tr><tr><td>15m</td><td align=right>-5.30 dBi</td><td align=right>11/25</td><td align=right>80 ft</td><td align=right>62&#176;</td></tr><tr><td>10m</td><td align=right>-4.51 dBi</td><td align=right>12/25</td><td align=right>80 ft</td><td align=right>40&#176;</td></tr></table>]]></description><LineString><tessellate>1</tessellate><coordinates>-121.99659167,47.63405833,0 -121.99647632,47.63389224,0</coordinates></LineString></Placemark>
</Folder>
<Folder><name>#19 S3 - Straight sloper to a 50 ft TREE, feed 24 ft, bearing 358T</name><description><![CDATA[<b>#19 of 33</b> on the 3-band ranking<br/>Straight sloper to a 50 ft TREE, feed 24 ft, bearing 358T<br/><b>Deployment:</b> 1 elevated anchor, highest 50 ft (easy throw)<br/>Average height 37.0 ft<br/>20 m take-off 28.0&#176;<br/><br/><b>3-band (40/20/15 m): -1.22 dBi, 38/75 cells, 19/25 regions reachable on at least one band</b><br/><br/><table border=1 cellpadding=3><tr><th>band</th><th>agg dBi</th><th>regions</th><th>Imax ht</th><th>peak elev</th></tr><tr><td>80m</td><td align=right>-9.10 dBi</td><td align=right>3/25</td><td align=right>37 ft</td><td align=right>zenith</td></tr><tr><td>40m</td><td align=right>-5.94 dBi</td><td align=right>8/25</td><td align=right>37 ft</td><td align=right>69&#176;</td></tr><tr><td>20m</td><td align=right>-0.68 dBi</td><td align=right>14/25</td><td align=right>37 ft</td><td align=right>28&#176;</td></tr><tr><td>15m</td><td align=right>+0.64 dBi</td><td align=right>16/25</td><td align=right>37 ft</td><td align=right>18&#176;</td></tr><tr><td>10m</td><td align=right>+0.08 dBi</td><td align=right>11/25</td><td align=right>37 ft</td><td align=right>13&#176;</td></tr></table>]]></description>
<Placemark><name>S3 feed</name><styleUrl>#optS</styleUrl><description><![CDATA[<b>#19 of 33</b> on the 3-band ranking<br/>Straight sloper to a 50 ft TREE, feed 24 ft, bearing 358T<br/><b>Deployment:</b> 1 elevated anchor, highest 50 ft (easy throw)<br/>Average height 37.0 ft<br/>20 m take-off 28.0&#176;<br/><br/><b>3-band (40/20/15 m): -1.22 dBi, 38/75 cells, 19/25 regions reachable on at least one band</b><br/><br/><table border=1 cellpadding=3><tr><th>band</th><th>agg dBi</th><th>regions</th><th>Imax ht</th><th>peak elev</th></tr><tr><td>80m</td><td align=right>-9.10 dBi</td><td align=right>3/25</td><td align=right>37 ft</td><td align=right>zenith</td></tr><tr><td>40m</td><td align=right>-5.94 dBi</td><td align=right>8/25</td><td align=right>37 ft</td><td align=right>69&#176;</td></tr><tr><td>20m</td><td align=right>-0.68 dBi</td><td align=right>14/25</td><td align=right>37 ft</td><td align=right>28&#176;</td></tr><tr><td>15m</td><td align=right>+0.64 dBi</td><td align=right>16/25</td><td align=right>37 ft</td><td align=right>18&#176;</td></tr><tr><td>10m</td><td align=right>+0.08 dBi</td><td align=right>11/25</td><td align=right>37 ft</td><td align=right>13&#176;</td></tr></table><br/><br/><br/>Height: 24 ft AGL<br/>0.0 m (0 ft) from feed at 0.0&#176;T / 345&#176;M<br/>47°38'02.61"N 121°59'47.73"W]]></description><Point><coordinates>-121.99659167,47.63405833,0</coordinates></Point></Placemark>
<Placemark><name>S3 high support</name><styleUrl>#optS</styleUrl><description><![CDATA[<b>#19 of 33</b> on the 3-band ranking<br/>Straight sloper to a 50 ft TREE, feed 24 ft, bearing 358T<br/><b>Deployment:</b> 1 elevated anchor, highest 50 ft (easy throw)<br/>Average height 37.0 ft<br/>20 m take-off 28.0&#176;<br/><br/><b>3-band (40/20/15 m): -1.22 dBi, 38/75 cells, 19/25 regions reachable on at least one band</b><br/><br/><table border=1 cellpadding=3><tr><th>band</th><th>agg dBi</th><th>regions</th><th>Imax ht</th><th>peak elev</th></tr><tr><td>80m</td><td align=right>-9.10 dBi</td><td align=right>3/25</td><td align=right>37 ft</td><td align=right>zenith</td></tr><tr><td>40m</td><td align=right>-5.94 dBi</td><td align=right>8/25</td><td align=right>37 ft</td><td align=right>69&#176;</td></tr><tr><td>20m</td><td align=right>-0.68 dBi</td><td align=right>14/25</td><td align=right>37 ft</td><td align=right>28&#176;</td></tr><tr><td>15m</td><td align=right>+0.64 dBi</td><td align=right>16/25</td><td align=right>37 ft</td><td align=right>18&#176;</td></tr><tr><td>10m</td><td align=right>+0.08 dBi</td><td align=right>11/25</td><td align=right>37 ft</td><td align=right>13&#176;</td></tr></table><br/><br/><br/>Height: 50 ft AGL<br/>38.8 m (127 ft) from feed at 358.0&#176;T / 343&#176;M<br/>47°38'03.87"N 121°59'47.79"W]]></description><Point><coordinates>-121.99660968,47.63440708,0</coordinates></Point></Placemark>
<Placemark><name>S3 wire</name><styleUrl>#optS</styleUrl><description><![CDATA[<b>#19 of 33</b> on the 3-band ranking<br/>Straight sloper to a 50 ft TREE, feed 24 ft, bearing 358T<br/><b>Deployment:</b> 1 elevated anchor, highest 50 ft (easy throw)<br/>Average height 37.0 ft<br/>20 m take-off 28.0&#176;<br/><br/><b>3-band (40/20/15 m): -1.22 dBi, 38/75 cells, 19/25 regions reachable on at least one band</b><br/><br/><table border=1 cellpadding=3><tr><th>band</th><th>agg dBi</th><th>regions</th><th>Imax ht</th><th>peak elev</th></tr><tr><td>80m</td><td align=right>-9.10 dBi</td><td align=right>3/25</td><td align=right>37 ft</td><td align=right>zenith</td></tr><tr><td>40m</td><td align=right>-5.94 dBi</td><td align=right>8/25</td><td align=right>37 ft</td><td align=right>69&#176;</td></tr><tr><td>20m</td><td align=right>-0.68 dBi</td><td align=right>14/25</td><td align=right>37 ft</td><td align=right>28&#176;</td></tr><tr><td>15m</td><td align=right>+0.64 dBi</td><td align=right>16/25</td><td align=right>37 ft</td><td align=right>18&#176;</td></tr><tr><td>10m</td><td align=right>+0.08 dBi</td><td align=right>11/25</td><td align=right>37 ft</td><td align=right>13&#176;</td></tr></table>]]></description><LineString><tessellate>1</tessellate><coordinates>-121.99659167,47.63405833,0 -121.99660968,47.63440708,0</coordinates></LineString></Placemark>
</Folder>
<Folder><name>#20 F10-APEX - Sloper to the APEX tree, feed 10 ft</name><description><![CDATA[<b>#20 of 33</b> on the 3-band ranking<br/>Sloper to the APEX tree, feed 10 ft<br/><b>Deployment:</b> 1 elevated anchor, highest 129 ft (very hard throw)<br/>Average height 69.4 ft<br/>20 m take-off no lobe (peaks at zenith)<br/><br/><b>3-band (40/20/15 m): -4.49 dBi, 37/75 cells, 24/25 regions reachable on at least one band</b><br/><br/><table border=1 cellpadding=3><tr><th>band</th><th>agg dBi</th><th>regions</th><th>Imax ht</th><th>peak elev</th></tr><tr><td>80m</td><td align=right>-4.77 dBi</td><td align=right>14/25</td><td align=right>69 ft</td><td align=right>15&#176;</td></tr><tr><td>40m</td><td align=right>-5.14 dBi</td><td align=right>12/25</td><td align=right>69 ft</td><td align=right>13&#176;</td></tr><tr><td>20m</td><td align=right>-4.81 dBi</td><td align=right>12/25</td><td align=right>69 ft</td><td align=right>30&#176;</td></tr><tr><td>15m</td><td align=right>-3.67 dBi</td><td align=right>13/25</td><td align=right>69 ft</td><td align=right>42&#176;</td></tr><tr><td>10m</td><td align=right>-8.26 dBi</td><td align=right>5/25</td><td align=right>69 ft</td><td align=right>30&#176;</td></tr></table>]]></description>
<Placemark><name>F10-APEX feed</name><styleUrl>#optF</styleUrl><description><![CDATA[<b>#20 of 33</b> on the 3-band ranking<br/>Sloper to the APEX tree, feed 10 ft<br/><b>Deployment:</b> 1 elevated anchor, highest 129 ft (very hard throw)<br/>Average height 69.4 ft<br/>20 m take-off no lobe (peaks at zenith)<br/><br/><b>3-band (40/20/15 m): -4.49 dBi, 37/75 cells, 24/25 regions reachable on at least one band</b><br/><br/><table border=1 cellpadding=3><tr><th>band</th><th>agg dBi</th><th>regions</th><th>Imax ht</th><th>peak elev</th></tr><tr><td>80m</td><td align=right>-4.77 dBi</td><td align=right>14/25</td><td align=right>69 ft</td><td align=right>15&#176;</td></tr><tr><td>40m</td><td align=right>-5.14 dBi</td><td align=right>12/25</td><td align=right>69 ft</td><td align=right>13&#176;</td></tr><tr><td>20m</td><td align=right>-4.81 dBi</td><td align=right>12/25</td><td align=right>69 ft</td><td align=right>30&#176;</td></tr><tr><td>15m</td><td align=right>-3.67 dBi</td><td align=right>13/25</td><td align=right>69 ft</td><td align=right>42&#176;</td></tr><tr><td>10m</td><td align=right>-8.26 dBi</td><td align=right>5/25</td><td align=right>69 ft</td><td align=right>30&#176;</td></tr></table><br/><br/><br/>Height: 10 ft AGL<br/>0.0 m (0 ft) from feed at 0.0&#176;T / 345&#176;M<br/>47°38'02.61"N 121°59'47.73"W]]></description><Point><coordinates>-121.99659167,47.63405833,0</coordinates></Point></Placemark>
<Placemark><name>F10-APEX tree top</name><styleUrl>#optF</styleUrl><description><![CDATA[<b>#20 of 33</b> on the 3-band ranking<br/>Sloper to the APEX tree, feed 10 ft<br/><b>Deployment:</b> 1 elevated anchor, highest 129 ft (very hard throw)<br/>Average height 69.4 ft<br/>20 m take-off no lobe (peaks at zenith)<br/><br/><b>3-band (40/20/15 m): -4.49 dBi, 37/75 cells, 24/25 regions reachable on at least one band</b><br/><br/><table border=1 cellpadding=3><tr><th>band</th><th>agg dBi</th><th>regions</th><th>Imax ht</th><th>peak elev</th></tr><tr><td>80m</td><td align=right>-4.77 dBi</td><td align=right>14/25</td><td align=right>69 ft</td><td align=right>15&#176;</td></tr><tr><td>40m</td><td align=right>-5.14 dBi</td><td align=right>12/25</td><td align=right>69 ft</td><td align=right>13&#176;</td></tr><tr><td>20m</td><td align=right>-4.81 dBi</td><td align=right>12/25</td><td align=right>69 ft</td><td align=right>30&#176;</td></tr><tr><td>15m</td><td align=right>-3.67 dBi</td><td align=right>13/25</td><td align=right>69 ft</td><td align=right>42&#176;</td></tr><tr><td>10m</td><td align=right>-8.26 dBi</td><td align=right>5/25</td><td align=right>69 ft</td><td align=right>30&#176;</td></tr></table><br/><br/><br/>Height: 129 ft AGL<br/>16.0 m (53 ft) from feed at 82.2&#176;T / 67&#176;M<br/>47°38'02.68"N 121°59'46.97"W]]></description><Point><coordinates>-121.99638056,47.63407778,0</coordinates></Point></Placemark>
<Placemark><name>F10-APEX wire</name><styleUrl>#optF</styleUrl><description><![CDATA[<b>#20 of 33</b> on the 3-band ranking<br/>Sloper to the APEX tree, feed 10 ft<br/><b>Deployment:</b> 1 elevated anchor, highest 129 ft (very hard throw)<br/>Average height 69.4 ft<br/>20 m take-off no lobe (peaks at zenith)<br/><br/><b>3-band (40/20/15 m): -4.49 dBi, 37/75 cells, 24/25 regions reachable on at least one band</b><br/><br/><table border=1 cellpadding=3><tr><th>band</th><th>agg dBi</th><th>regions</th><th>Imax ht</th><th>peak elev</th></tr><tr><td>80m</td><td align=right>-4.77 dBi</td><td align=right>14/25</td><td align=right>69 ft</td><td align=right>15&#176;</td></tr><tr><td>40m</td><td align=right>-5.14 dBi</td><td align=right>12/25</td><td align=right>69 ft</td><td align=right>13&#176;</td></tr><tr><td>20m</td><td align=right>-4.81 dBi</td><td align=right>12/25</td><td align=right>69 ft</td><td align=right>30&#176;</td></tr><tr><td>15m</td><td align=right>-3.67 dBi</td><td align=right>13/25</td><td align=right>69 ft</td><td align=right>42&#176;</td></tr><tr><td>10m</td><td align=right>-8.26 dBi</td><td align=right>5/25</td><td align=right>69 ft</td><td align=right>30&#176;</td></tr></table>]]></description><LineString><tessellate>1</tessellate><coordinates>-121.99659167,47.63405833,0 -121.99638056,47.63407778,0</coordinates></LineString></Placemark>
</Folder>
<Folder><name>#21 T-APEX - Tall sloper, 66 deg slope, top 143 ft (existing apex tree)</name><description><![CDATA[<b>#21 of 33</b> on the 3-band ranking<br/>Tall sloper, 66 deg slope, top 143 ft (existing apex tree)<br/><b>Deployment:</b> 1 elevated anchor, highest 143 ft (climb throw)<br/>Average height 83.4 ft<br/>20 m take-off no lobe (peaks at zenith)<br/><br/><b>3-band (40/20/15 m): -4.78 dBi, 37/75 cells, 24/25 regions reachable on at least one band</b><br/><br/><table border=1 cellpadding=3><tr><th>band</th><th>agg dBi</th><th>regions</th><th>Imax ht</th><th>peak elev</th></tr><tr><td>80m</td><td align=right>-5.10 dBi</td><td align=right>14/25</td><td align=right>83 ft</td><td align=right>15&#176;</td></tr><tr><td>40m</td><td align=right>-5.53 dBi</td><td align=right>12/25</td><td align=right>83 ft</td><td align=right>10&#176;</td></tr><tr><td>20m</td><td align=right>-4.89 dBi</td><td align=right>12/25</td><td align=right>83 ft</td><td align=right>56&#176;</td></tr><tr><td>15m</td><td align=right>-4.05 dBi</td><td align=right>13/25</td><td align=right>83 ft</td><td align=right>57&#176;</td></tr><tr><td>10m</td><td align=right>-7.64 dBi</td><td align=right>6/25</td><td align=right>83 ft</td><td align=right>56&#176;</td></tr></table>]]></description>
<Placemark><name>T-APEX feed</name><styleUrl>#optT</styleUrl><description><![CDATA[<b>#21 of 33</b> on the 3-band ranking<br/>Tall sloper, 66 deg slope, top 143 ft (existing apex tree)<br/><b>Deployment:</b> 1 elevated anchor, highest 143 ft (climb throw)<br/>Average height 83.4 ft<br/>20 m take-off no lobe (peaks at zenith)<br/><br/><b>3-band (40/20/15 m): -4.78 dBi, 37/75 cells, 24/25 regions reachable on at least one band</b><br/><br/><table border=1 cellpadding=3><tr><th>band</th><th>agg dBi</th><th>regions</th><th>Imax ht</th><th>peak elev</th></tr><tr><td>80m</td><td align=right>-5.10 dBi</td><td align=right>14/25</td><td align=right>83 ft</td><td align=right>15&#176;</td></tr><tr><td>40m</td><td align=right>-5.53 dBi</td><td align=right>12/25</td><td align=right>83 ft</td><td align=right>10&#176;</td></tr><tr><td>20m</td><td align=right>-4.89 dBi</td><td align=right>12/25</td><td align=right>83 ft</td><td align=right>56&#176;</td></tr><tr><td>15m</td><td align=right>-4.05 dBi</td><td align=right>13/25</td><td align=right>83 ft</td><td align=right>57&#176;</td></tr><tr><td>10m</td><td align=right>-7.64 dBi</td><td align=right>6/25</td><td align=right>83 ft</td><td align=right>56&#176;</td></tr></table><br/><br/><br/>Height: 24 ft AGL<br/>0.0 m (0 ft) from feed at 0.0&#176;T / 345&#176;M<br/>47°38'02.61"N 121°59'47.73"W]]></description><Point><coordinates>-121.99659167,47.63405833,0</coordinates></Point></Placemark>
<Placemark><name>T-APEX tree top</name><styleUrl>#optT</styleUrl><description><![CDATA[<b>#21 of 33</b> on the 3-band ranking<br/>Tall sloper, 66 deg slope, top 143 ft (existing apex tree)<br/><b>Deployment:</b> 1 elevated anchor, highest 143 ft (climb throw)<br/>Average height 83.4 ft<br/>20 m take-off no lobe (peaks at zenith)<br/><br/><b>3-band (40/20/15 m): -4.78 dBi, 37/75 cells, 24/25 regions reachable on at least one band</b><br/><br/><table border=1 cellpadding=3><tr><th>band</th><th>agg dBi</th><th>regions</th><th>Imax ht</th><th>peak elev</th></tr><tr><td>80m</td><td align=right>-5.10 dBi</td><td align=right>14/25</td><td align=right>83 ft</td><td align=right>15&#176;</td></tr><tr><td>40m</td><td align=right>-5.53 dBi</td><td align=right>12/25</td><td align=right>83 ft</td><td align=right>10&#176;</td></tr><tr><td>20m</td><td align=right>-4.89 dBi</td><td align=right>12/25</td><td align=right>83 ft</td><td align=right>56&#176;</td></tr><tr><td>15m</td><td align=right>-4.05 dBi</td><td align=right>13/25</td><td align=right>83 ft</td><td align=right>57&#176;</td></tr><tr><td>10m</td><td align=right>-7.64 dBi</td><td align=right>6/25</td><td align=right>83 ft</td><td align=right>56&#176;</td></tr></table><br/><br/><br/>Height: 143 ft AGL<br/>16.0 m (53 ft) from feed at 82.2&#176;T / 67&#176;M<br/>47°38'02.68"N 121°59'46.97"W]]></description><Point><coordinates>-121.99638056,47.63407778,0</coordinates></Point></Placemark>
<Placemark><name>T-APEX wire</name><styleUrl>#optT</styleUrl><description><![CDATA[<b>#21 of 33</b> on the 3-band ranking<br/>Tall sloper, 66 deg slope, top 143 ft (existing apex tree)<br/><b>Deployment:</b> 1 elevated anchor, highest 143 ft (climb throw)<br/>Average height 83.4 ft<br/>20 m take-off no lobe (peaks at zenith)<br/><br/><b>3-band (40/20/15 m): -4.78 dBi, 37/75 cells, 24/25 regions reachable on at least one band</b><br/><br/><table border=1 cellpadding=3><tr><th>band</th><th>agg dBi</th><th>regions</th><th>Imax ht</th><th>peak elev</th></tr><tr><td>80m</td><td align=right>-5.10 dBi</td><td align=right>14/25</td><td align=right>83 ft</td><td align=right>15&#176;</td></tr><tr><td>40m</td><td align=right>-5.53 dBi</td><td align=right>12/25</td><td align=right>83 ft</td><td align=right>10&#176;</td></tr><tr><td>20m</td><td align=right>-4.89 dBi</td><td align=right>12/25</td><td align=right>83 ft</td><td align=right>56&#176;</td></tr><tr><td>15m</td><td align=right>-4.05 dBi</td><td align=right>13/25</td><td align=right>83 ft</td><td align=right>57&#176;</td></tr><tr><td>10m</td><td align=right>-7.64 dBi</td><td align=right>6/25</td><td align=right>83 ft</td><td align=right>56&#176;</td></tr></table>]]></description><LineString><tessellate>1</tessellate><coordinates>-121.99659167,47.63405833,0 -121.99638056,47.63407778,0</coordinates></LineString></Placemark>
</Folder>
<Folder><name>#22 BASE - Baseline as first described (feed 10 ft, apex 35 ft)</name><description><![CDATA[<b>#22 of 33</b> on the 3-band ranking<br/>Baseline as first described (feed 10 ft, apex 35 ft)<br/><b>Deployment:</b> 1 elevated anchor, highest 35 ft (easy throw)<br/>Average height 22.5 ft<br/>20 m take-off 50.6&#176;<br/><br/><b>3-band (40/20/15 m): -2.84 dBi, 35/75 cells, 21/25 regions reachable on at least one band</b><br/><br/><table border=1 cellpadding=3><tr><th>band</th><th>agg dBi</th><th>regions</th><th>Imax ht</th><th>peak elev</th></tr><tr><td>80m</td><td align=right>-12.46 dBi</td><td align=right>0/25</td><td align=right>22 ft</td><td align=right>zenith</td></tr><tr><td>40m</td><td align=right>-8.65 dBi</td><td align=right>2/25</td><td align=right>22 ft</td><td align=right>zenith</td></tr><tr><td>20m</td><td align=right>-3.74 dBi</td><td align=right>12/25</td><td align=right>22 ft</td><td align=right>51&#176;</td></tr><tr><td>15m</td><td align=right>+0.01 dBi</td><td align=right>21/25</td><td align=right>22 ft</td><td align=right>31&#176;</td></tr><tr><td>10m</td><td align=right>+0.87 dBi</td><td align=right>15/25</td><td align=right>22 ft</td><td align=right>23&#176;</td></tr></table>]]></description>
<Placemark><name>BASE feed</name><styleUrl>#base</styleUrl><description><![CDATA[<b>#22 of 33</b> on the 3-band ranking<br/>Baseline as first described (feed 10 ft, apex 35 ft)<br/><b>Deployment:</b> 1 elevated anchor, highest 35 ft (easy throw)<br/>Average height 22.5 ft<br/>20 m take-off 50.6&#176;<br/><br/><b>3-band (40/20/15 m): -2.84 dBi, 35/75 cells, 21/25 regions reachable on at least one band</b><br/><br/><table border=1 cellpadding=3><tr><th>band</th><th>agg dBi</th><th>regions</th><th>Imax ht</th><th>peak elev</th></tr><tr><td>80m</td><td align=right>-12.46 dBi</td><td align=right>0/25</td><td align=right>22 ft</td><td align=right>zenith</td></tr><tr><td>40m</td><td align=right>-8.65 dBi</td><td align=right>2/25</td><td align=right>22 ft</td><td align=right>zenith</td></tr><tr><td>20m</td><td align=right>-3.74 dBi</td><td align=right>12/25</td><td align=right>22 ft</td><td align=right>51&#176;</td></tr><tr><td>15m</td><td align=right>+0.01 dBi</td><td align=right>21/25</td><td align=right>22 ft</td><td align=right>31&#176;</td></tr><tr><td>10m</td><td align=right>+0.87 dBi</td><td align=right>15/25</td><td align=right>22 ft</td><td align=right>23&#176;</td></tr></table><br/><br/><br/>Height: 10 ft AGL<br/>0.0 m (0 ft) from feed at 0.0&#176;T / 345&#176;M<br/>47°38'02.61"N 121°59'47.73"W]]></description><Point><coordinates>-121.99659167,47.63405833,0</coordinates></Point></Placemark>
<Placemark><name>BASE apex tree</name><styleUrl>#base</styleUrl><description><![CDATA[<b>#22 of 33</b> on the 3-band ranking<br/>Baseline as first described (feed 10 ft, apex 35 ft)<br/><b>Deployment:</b> 1 elevated anchor, highest 35 ft (easy throw)<br/>Average height 22.5 ft<br/>20 m take-off 50.6&#176;<br/><br/><b>3-band (40/20/15 m): -2.84 dBi, 35/75 cells, 21/25 regions reachable on at least one band</b><br/><br/><table border=1 cellpadding=3><tr><th>band</th><th>agg dBi</th><th>regions</th><th>Imax ht</th><th>peak elev</th></tr><tr><td>80m</td><td align=right>-12.46 dBi</td><td align=right>0/25</td><td align=right>22 ft</td><td align=right>zenith</td></tr><tr><td>40m</td><td align=right>-8.65 dBi</td><td align=right>2/25</td><td align=right>22 ft</td><td align=right>zenith</td></tr><tr><td>20m</td><td align=right>-3.74 dBi</td><td align=right>12/25</td><td align=right>22 ft</td><td align=right>51&#176;</td></tr><tr><td>15m</td><td align=right>+0.01 dBi</td><td align=right>21/25</td><td align=right>22 ft</td><td align=right>31&#176;</td></tr><tr><td>10m</td><td align=right>+0.87 dBi</td><td align=right>15/25</td><td align=right>22 ft</td><td align=right>23&#176;</td></tr></table><br/><br/><br/>Height: 35 ft AGL<br/>16.0 m (53 ft) from feed at 82.2&#176;T / 67&#176;M<br/>47°38'02.68"N 121°59'46.97"W]]></description><Point><coordinates>-121.99638056,47.63407778,0</coordinates></Point></Placemark>
<Placemark><name>BASE end</name><styleUrl>#base</styleUrl><description><![CDATA[<b>#22 of 33</b> on the 3-band ranking<br/>Baseline as first described (feed 10 ft, apex 35 ft)<br/><b>Deployment:</b> 1 elevated anchor, highest 35 ft (easy throw)<br/>Average height 22.5 ft<br/>20 m take-off 50.6&#176;<br/><br/><b>3-band (40/20/15 m): -2.84 dBi, 35/75 cells, 21/25 regions reachable on at least one band</b><br/><br/><table border=1 cellpadding=3><tr><th>band</th><th>agg dBi</th><th>regions</th><th>Imax ht</th><th>peak elev</th></tr><tr><td>80m</td><td align=right>-12.46 dBi</td><td align=right>0/25</td><td align=right>22 ft</td><td align=right>zenith</td></tr><tr><td>40m</td><td align=right>-8.65 dBi</td><td align=right>2/25</td><td align=right>22 ft</td><td align=right>zenith</td></tr><tr><td>20m</td><td align=right>-3.74 dBi</td><td align=right>12/25</td><td align=right>22 ft</td><td align=right>51&#176;</td></tr><tr><td>15m</td><td align=right>+0.01 dBi</td><td align=right>21/25</td><td align=right>22 ft</td><td align=right>31&#176;</td></tr><tr><td>10m</td><td align=right>+0.87 dBi</td><td align=right>15/25</td><td align=right>22 ft</td><td align=right>23&#176;</td></tr></table><br/><br/><br/>Height: 10 ft AGL<br/>31.6 m (104 ft) from feed at 116.8&#176;T / 101&#176;M<br/>47°38'02.15"N 121°59'46.38"W]]></description><Point><coordinates>-121.99621680,47.63393035,0</coordinates></Point></Placemark>
<Placemark><name>BASE wire</name><styleUrl>#base</styleUrl><description><![CDATA[<b>#22 of 33</b> on the 3-band ranking<br/>Baseline as first described (feed 10 ft, apex 35 ft)<br/><b>Deployment:</b> 1 elevated anchor, highest 35 ft (easy throw)<br/>Average height 22.5 ft<br/>20 m take-off 50.6&#176;<br/><br/><b>3-band (40/20/15 m): -2.84 dBi, 35/75 cells, 21/25 regions reachable on at least one band</b><br/><br/><table border=1 cellpadding=3><tr><th>band</th><th>agg dBi</th><th>regions</th><th>Imax ht</th><th>peak elev</th></tr><tr><td>80m</td><td align=right>-12.46 dBi</td><td align=right>0/25</td><td align=right>22 ft</td><td align=right>zenith</td></tr><tr><td>40m</td><td align=right>-8.65 dBi</td><td align=right>2/25</td><td align=right>22 ft</td><td align=right>zenith</td></tr><tr><td>20m</td><td align=right>-3.74 dBi</td><td align=right>12/25</td><td align=right>22 ft</td><td align=right>51&#176;</td></tr><tr><td>15m</td><td align=right>+0.01 dBi</td><td align=right>21/25</td><td align=right>22 ft</td><td align=right>31&#176;</td></tr><tr><td>10m</td><td align=right>+0.87 dBi</td><td align=right>15/25</td><td align=right>22 ft</td><td align=right>23&#176;</td></tr></table>]]></description><LineString><tessellate>1</tessellate><coordinates>-121.99659167,47.63405833,0 -121.99638056,47.63407778,0 -121.99621680,47.63393035,0</coordinates></LineString></Placemark>
</Folder>
<Folder><name>#23 S4 - Straight sloper to a 50 ft tree, feed 24 ft, over the LAWN, bearing 83T</name><description><![CDATA[<b>#23 of 33</b> on the 3-band ranking<br/>Straight sloper to a 50 ft tree, feed 24 ft, over the LAWN, bearing 83T<br/><b>Deployment:</b> 1 elevated anchor, highest 50 ft (easy throw)<br/>Average height 37.0 ft<br/>20 m take-off 28.0&#176;<br/><br/><b>3-band (40/20/15 m): -2.31 dBi, 32/75 cells, 17/25 regions reachable on at least one band</b><br/><br/><table border=1 cellpadding=3><tr><th>band</th><th>agg dBi</th><th>regions</th><th>Imax ht</th><th>peak elev</th></tr><tr><td>80m</td><td align=right>-10.37 dBi</td><td align=right>2/25</td><td align=right>37 ft</td><td align=right>zenith</td></tr><tr><td>40m</td><td align=right>-7.98 dBi</td><td align=right>3/25</td><td align=right>37 ft</td><td align=right>69&#176;</td></tr><tr><td>20m</td><td align=right>-2.74 dBi</td><td align=right>14/25</td><td align=right>37 ft</td><td align=right>28&#176;</td></tr><tr><td>15m</td><td align=right>+0.30 dBi</td><td align=right>15/25</td><td align=right>37 ft</td><td align=right>18&#176;</td></tr><tr><td>10m</td><td align=right>+0.62 dBi</td><td align=right>16/25</td><td align=right>37 ft</td><td align=right>13&#176;</td></tr></table>]]></description>
<Placemark><name>S4 feed</name><styleUrl>#optS</styleUrl><description><![CDATA[<b>#23 of 33</b> on the 3-band ranking<br/>Straight sloper to a 50 ft tree, feed 24 ft, over the LAWN, bearing 83T<br/><b>Deployment:</b> 1 elevated anchor, highest 50 ft (easy throw)<br/>Average height 37.0 ft<br/>20 m take-off 28.0&#176;<br/><br/><b>3-band (40/20/15 m): -2.31 dBi, 32/75 cells, 17/25 regions reachable on at least one band</b><br/><br/><table border=1 cellpadding=3><tr><th>band</th><th>agg dBi</th><th>regions</th><th>Imax ht</th><th>peak elev</th></tr><tr><td>80m</td><td align=right>-10.37 dBi</td><td align=right>2/25</td><td align=right>37 ft</td><td align=right>zenith</td></tr><tr><td>40m</td><td align=right>-7.98 dBi</td><td align=right>3/25</td><td align=right>37 ft</td><td align=right>69&#176;</td></tr><tr><td>20m</td><td align=right>-2.74 dBi</td><td align=right>14/25</td><td align=right>37 ft</td><td align=right>28&#176;</td></tr><tr><td>15m</td><td align=right>+0.30 dBi</td><td align=right>15/25</td><td align=right>37 ft</td><td align=right>18&#176;</td></tr><tr><td>10m</td><td align=right>+0.62 dBi</td><td align=right>16/25</td><td align=right>37 ft</td><td align=right>13&#176;</td></tr></table><br/><br/><br/>Height: 24 ft AGL<br/>0.0 m (0 ft) from feed at 0.0&#176;T / 345&#176;M<br/>47°38'02.61"N 121°59'47.73"W]]></description><Point><coordinates>-121.99659167,47.63405833,0</coordinates></Point></Placemark>
<Placemark><name>S4 high support</name><styleUrl>#optS</styleUrl><description><![CDATA[<b>#23 of 33</b> on the 3-band ranking<br/>Straight sloper to a 50 ft tree, feed 24 ft, over the LAWN, bearing 83T<br/><b>Deployment:</b> 1 elevated anchor, highest 50 ft (easy throw)<br/>Average height 37.0 ft<br/>20 m take-off 28.0&#176;<br/><br/><b>3-band (40/20/15 m): -2.31 dBi, 32/75 cells, 17/25 regions reachable on at least one band</b><br/><br/><table border=1 cellpadding=3><tr><th>band</th><th>agg dBi</th><th>regions</th><th>Imax ht</th><th>peak elev</th></tr><tr><td>80m</td><td align=right>-10.37 dBi</td><td align=right>2/25</td><td align=right>37 ft</td><td align=right>zenith</td></tr><tr><td>40m</td><td align=right>-7.98 dBi</td><td align=right>3/25</td><td align=right>37 ft</td><td align=right>69&#176;</td></tr><tr><td>20m</td><td align=right>-2.74 dBi</td><td align=right>14/25</td><td align=right>37 ft</td><td align=right>28&#176;</td></tr><tr><td>15m</td><td align=right>+0.30 dBi</td><td align=right>15/25</td><td align=right>37 ft</td><td align=right>18&#176;</td></tr><tr><td>10m</td><td align=right>+0.62 dBi</td><td align=right>16/25</td><td align=right>37 ft</td><td align=right>13&#176;</td></tr></table><br/><br/><br/>Height: 50 ft AGL<br/>38.8 m (127 ft) from feed at 83.0&#176;T / 68&#176;M<br/>47°38'02.76"N 121°59'45.89"W]]></description><Point><coordinates>-121.99607924,47.63410086,0</coordinates></Point></Placemark>
<Placemark><name>S4 wire</name><styleUrl>#optS</styleUrl><description><![CDATA[<b>#23 of 33</b> on the 3-band ranking<br/>Straight sloper to a 50 ft tree, feed 24 ft, over the LAWN, bearing 83T<br/><b>Deployment:</b> 1 elevated anchor, highest 50 ft (easy throw)<br/>Average height 37.0 ft<br/>20 m take-off 28.0&#176;<br/><br/><b>3-band (40/20/15 m): -2.31 dBi, 32/75 cells, 17/25 regions reachable on at least one band</b><br/><br/><table border=1 cellpadding=3><tr><th>band</th><th>agg dBi</th><th>regions</th><th>Imax ht</th><th>peak elev</th></tr><tr><td>80m</td><td align=right>-10.37 dBi</td><td align=right>2/25</td><td align=right>37 ft</td><td align=right>zenith</td></tr><tr><td>40m</td><td align=right>-7.98 dBi</td><td align=right>3/25</td><td align=right>37 ft</td><td align=right>69&#176;</td></tr><tr><td>20m</td><td align=right>-2.74 dBi</td><td align=right>14/25</td><td align=right>37 ft</td><td align=right>28&#176;</td></tr><tr><td>15m</td><td align=right>+0.30 dBi</td><td align=right>15/25</td><td align=right>37 ft</td><td align=right>18&#176;</td></tr><tr><td>10m</td><td align=right>+0.62 dBi</td><td align=right>16/25</td><td align=right>37 ft</td><td align=right>13&#176;</td></tr></table>]]></description><LineString><tessellate>1</tessellate><coordinates>-121.99659167,47.63405833,0 -121.99607924,47.63410086,0</coordinates></LineString></Placemark>
</Folder>
<Folder><name>#24 S2 - Straight sloper to a 24 ft PVC mast, feed 24 ft, bearing 355T</name><description><![CDATA[<b>#24 of 33</b> on the 3-band ranking<br/>Straight sloper to a 24 ft PVC mast, feed 24 ft, bearing 355T<br/><b>Deployment:</b> 1 elevated anchor, highest 24 ft (easy throw)<br/>Average height 24.0 ft<br/>20 m take-off 46.4&#176;<br/><br/><b>3-band (40/20/15 m): -3.49 dBi, 29/75 cells, 19/25 regions reachable on at least one band</b><br/><br/><table border=1 cellpadding=3><tr><th>band</th><th>agg dBi</th><th>regions</th><th>Imax ht</th><th>peak elev</th></tr><tr><td>80m</td><td align=right>-12.79 dBi</td><td align=right>0/25</td><td align=right>24 ft</td><td align=right>zenith</td></tr><tr><td>40m</td><td align=right>-9.38 dBi</td><td align=right>2/25</td><td align=right>24 ft</td><td align=right>zenith</td></tr><tr><td>20m</td><td align=right>-3.23 dBi</td><td align=right>12/25</td><td align=right>24 ft</td><td align=right>46&#176;</td></tr><tr><td>15m</td><td align=right>-1.23 dBi</td><td align=right>15/25</td><td align=right>24 ft</td><td align=right>29&#176;</td></tr><tr><td>10m</td><td align=right>-1.15 dBi</td><td align=right>11/25</td><td align=right>24 ft</td><td align=right>21&#176;</td></tr></table>]]></description>
<Placemark><name>S2 feed</name><styleUrl>#optS</styleUrl><description><![CDATA[<b>#24 of 33</b> on the 3-band ranking<br/>Straight sloper to a 24 ft PVC mast, feed 24 ft, bearing 355T<br/><b>Deployment:</b> 1 elevated anchor, highest 24 ft (easy throw)<br/>Average height 24.0 ft<br/>20 m take-off 46.4&#176;<br/><br/><b>3-band (40/20/15 m): -3.49 dBi, 29/75 cells, 19/25 regions reachable on at least one band</b><br/><br/><table border=1 cellpadding=3><tr><th>band</th><th>agg dBi</th><th>regions</th><th>Imax ht</th><th>peak elev</th></tr><tr><td>80m</td><td align=right>-12.79 dBi</td><td align=right>0/25</td><td align=right>24 ft</td><td align=right>zenith</td></tr><tr><td>40m</td><td align=right>-9.38 dBi</td><td align=right>2/25</td><td align=right>24 ft</td><td align=right>zenith</td></tr><tr><td>20m</td><td align=right>-3.23 dBi</td><td align=right>12/25</td><td align=right>24 ft</td><td align=right>46&#176;</td></tr><tr><td>15m</td><td align=right>-1.23 dBi</td><td align=right>15/25</td><td align=right>24 ft</td><td align=right>29&#176;</td></tr><tr><td>10m</td><td align=right>-1.15 dBi</td><td align=right>11/25</td><td align=right>24 ft</td><td align=right>21&#176;</td></tr></table><br/><br/><br/>Height: 24 ft AGL<br/>0.0 m (0 ft) from feed at 0.0&#176;T / 345&#176;M<br/>47°38'02.61"N 121°59'47.73"W]]></description><Point><coordinates>-121.99659167,47.63405833,0</coordinates></Point></Placemark>
<Placemark><name>S2 high support</name><styleUrl>#optS</styleUrl><description><![CDATA[<b>#24 of 33</b> on the 3-band ranking<br/>Straight sloper to a 24 ft PVC mast, feed 24 ft, bearing 355T<br/><b>Deployment:</b> 1 elevated anchor, highest 24 ft (easy throw)<br/>Average height 24.0 ft<br/>20 m take-off 46.4&#176;<br/><br/><b>3-band (40/20/15 m): -3.49 dBi, 29/75 cells, 19/25 regions reachable on at least one band</b><br/><br/><table border=1 cellpadding=3><tr><th>band</th><th>agg dBi</th><th>regions</th><th>Imax ht</th><th>peak elev</th></tr><tr><td>80m</td><td align=right>-12.79 dBi</td><td align=right>0/25</td><td align=right>24 ft</td><td align=right>zenith</td></tr><tr><td>40m</td><td align=right>-9.38 dBi</td><td align=right>2/25</td><td align=right>24 ft</td><td align=right>zenith</td></tr><tr><td>20m</td><td align=right>-3.23 dBi</td><td align=right>12/25</td><td align=right>24 ft</td><td align=right>46&#176;</td></tr><tr><td>15m</td><td align=right>-1.23 dBi</td><td align=right>15/25</td><td align=right>24 ft</td><td align=right>29&#176;</td></tr><tr><td>10m</td><td align=right>-1.15 dBi</td><td align=right>11/25</td><td align=right>24 ft</td><td align=right>21&#176;</td></tr></table><br/><br/><br/>Height: 24 ft AGL<br/>39.6 m (130 ft) from feed at 355.0&#176;T / 340&#176;M<br/>47°38'03.89"N 121°59'47.90"W]]></description><Point><coordinates>-121.99663759,47.63441315,0</coordinates></Point></Placemark>
<Placemark><name>S2 wire</name><styleUrl>#optS</styleUrl><description><![CDATA[<b>#24 of 33</b> on the 3-band ranking<br/>Straight sloper to a 24 ft PVC mast, feed 24 ft, bearing 355T<br/><b>Deployment:</b> 1 elevated anchor, highest 24 ft (easy throw)<br/>Average height 24.0 ft<br/>20 m take-off 46.4&#176;<br/><br/><b>3-band (40/20/15 m): -3.49 dBi, 29/75 cells, 19/25 regions reachable on at least one band</b><br/><br/><table border=1 cellpadding=3><tr><th>band</th><th>agg dBi</th><th>regions</th><th>Imax ht</th><th>peak elev</th></tr><tr><td>80m</td><td align=right>-12.79 dBi</td><td align=right>0/25</td><td align=right>24 ft</td><td align=right>zenith</td></tr><tr><td>40m</td><td align=right>-9.38 dBi</td><td align=right>2/25</td><td align=right>24 ft</td><td align=right>zenith</td></tr><tr><td>20m</td><td align=right>-3.23 dBi</td><td align=right>12/25</td><td align=right>24 ft</td><td align=right>46&#176;</td></tr><tr><td>15m</td><td align=right>-1.23 dBi</td><td align=right>15/25</td><td align=right>24 ft</td><td align=right>29&#176;</td></tr><tr><td>10m</td><td align=right>-1.15 dBi</td><td align=right>11/25</td><td align=right>24 ft</td><td align=right>21&#176;</td></tr></table>]]></description><LineString><tessellate>1</tessellate><coordinates>-121.99659167,47.63405833,0 -121.99663759,47.63441315,0</coordinates></LineString></Placemark>
</Folder>
<Folder><name>#25 F10-BACK - Sloper to the BACKYARD-corner tree, feed 10 ft</name><description><![CDATA[<b>#25 of 33</b> on the 3-band ranking<br/>Sloper to the BACKYARD-corner tree, feed 10 ft<br/><b>Deployment:</b> 1 elevated anchor, highest 134 ft (climb throw)<br/>Average height 71.8 ft<br/>20 m take-off no lobe (peaks at zenith)<br/><br/><b>3-band (40/20/15 m): -5.67 dBi, 27/75 cells, 22/25 regions reachable on at least one band</b><br/><br/><table border=1 cellpadding=3><tr><th>band</th><th>agg dBi</th><th>regions</th><th>Imax ht</th><th>peak elev</th></tr><tr><td>80m</td><td align=right>-4.31 dBi</td><td align=right>16/25</td><td align=right>72 ft</td><td align=right>15&#176;</td></tr><tr><td>40m</td><td align=right>-4.83 dBi</td><td align=right>14/25</td><td align=right>72 ft</td><td align=right>10&#176;</td></tr><tr><td>20m</td><td align=right>-5.95 dBi</td><td align=right>7/25</td><td align=right>72 ft</td><td align=right>29&#176;</td></tr><tr><td>15m</td><td align=right>-6.38 dBi</td><td align=right>6/25</td><td align=right>72 ft</td><td align=right>40&#176;</td></tr><tr><td>10m</td><td align=right>-7.56 dBi</td><td align=right>4/25</td><td align=right>72 ft</td><td align=right>46&#176;</td></tr></table>]]></description>
<Placemark><name>F10-BACK feed</name><styleUrl>#optF</styleUrl><description><![CDATA[<b>#25 of 33</b> on the 3-band ranking<br/>Sloper to the BACKYARD-corner tree, feed 10 ft<br/><b>Deployment:</b> 1 elevated anchor, highest 134 ft (climb throw)<br/>Average height 71.8 ft<br/>20 m take-off no lobe (peaks at zenith)<br/><br/><b>3-band (40/20/15 m): -5.67 dBi, 27/75 cells, 22/25 regions reachable on at least one band</b><br/><br/><table border=1 cellpadding=3><tr><th>band</th><th>agg dBi</th><th>regions</th><th>Imax ht</th><th>peak elev</th></tr><tr><td>80m</td><td align=right>-4.31 dBi</td><td align=right>16/25</td><td align=right>72 ft</td><td align=right>15&#176;</td></tr><tr><td>40m</td><td align=right>-4.83 dBi</td><td align=right>14/25</td><td align=right>72 ft</td><td align=right>10&#176;</td></tr><tr><td>20m</td><td align=right>-5.95 dBi</td><td align=right>7/25</td><td align=right>72 ft</td><td align=right>29&#176;</td></tr><tr><td>15m</td><td align=right>-6.38 dBi</td><td align=right>6/25</td><td align=right>72 ft</td><td align=right>40&#176;</td></tr><tr><td>10m</td><td align=right>-7.56 dBi</td><td align=right>4/25</td><td align=right>72 ft</td><td align=right>46&#176;</td></tr></table><br/><br/><br/>Height: 10 ft AGL<br/>0.0 m (0 ft) from feed at 0.0&#176;T / 345&#176;M<br/>47°38'02.61"N 121°59'47.73"W]]></description><Point><coordinates>-121.99659167,47.63405833,0</coordinates></Point></Placemark>
<Placemark><name>F10-BACK tree top</name><styleUrl>#optF</styleUrl><description><![CDATA[<b>#25 of 33</b> on the 3-band ranking<br/>Sloper to the BACKYARD-corner tree, feed 10 ft<br/><b>Deployment:</b> 1 elevated anchor, highest 134 ft (climb throw)<br/>Average height 71.8 ft<br/>20 m take-off no lobe (peaks at zenith)<br/><br/><b>3-band (40/20/15 m): -5.67 dBi, 27/75 cells, 22/25 regions reachable on at least one band</b><br/><br/><table border=1 cellpadding=3><tr><th>band</th><th>agg dBi</th><th>regions</th><th>Imax ht</th><th>peak elev</th></tr><tr><td>80m</td><td align=right>-4.31 dBi</td><td align=right>16/25</td><td align=right>72 ft</td><td align=right>15&#176;</td></tr><tr><td>40m</td><td align=right>-4.83 dBi</td><td align=right>14/25</td><td align=right>72 ft</td><td align=right>10&#176;</td></tr><tr><td>20m</td><td align=right>-5.95 dBi</td><td align=right>7/25</td><td align=right>72 ft</td><td align=right>29&#176;</td></tr><tr><td>15m</td><td align=right>-6.38 dBi</td><td align=right>6/25</td><td align=right>72 ft</td><td align=right>40&#176;</td></tr><tr><td>10m</td><td align=right>-7.56 dBi</td><td align=right>4/25</td><td align=right>72 ft</td><td align=right>46&#176;</td></tr></table><br/><br/><br/>Height: 134 ft AGL<br/>12.3 m (40 ft) from feed at 154.9&#176;T / 140&#176;M<br/>47°38'02.25"N 121°59'47.48"W]]></description><Point><coordinates>-121.99652222,47.63395833,0</coordinates></Point></Placemark>
<Placemark><name>F10-BACK wire</name><styleUrl>#optF</styleUrl><description><![CDATA[<b>#25 of 33</b> on the 3-band ranking<br/>Sloper to the BACKYARD-corner tree, feed 10 ft<br/><b>Deployment:</b> 1 elevated anchor, highest 134 ft (climb throw)<br/>Average height 71.8 ft<br/>20 m take-off no lobe (peaks at zenith)<br/><br/><b>3-band (40/20/15 m): -5.67 dBi, 27/75 cells, 22/25 regions reachable on at least one band</b><br/><br/><table border=1 cellpadding=3><tr><th>band</th><th>agg dBi</th><th>regions</th><th>Imax ht</th><th>peak elev</th></tr><tr><td>80m</td><td align=right>-4.31 dBi</td><td align=right>16/25</td><td align=right>72 ft</td><td align=right>15&#176;</td></tr><tr><td>40m</td><td align=right>-4.83 dBi</td><td align=right>14/25</td><td align=right>72 ft</td><td align=right>10&#176;</td></tr><tr><td>20m</td><td align=right>-5.95 dBi</td><td align=right>7/25</td><td align=right>72 ft</td><td align=right>29&#176;</td></tr><tr><td>15m</td><td align=right>-6.38 dBi</td><td align=right>6/25</td><td align=right>72 ft</td><td align=right>40&#176;</td></tr><tr><td>10m</td><td align=right>-7.56 dBi</td><td align=right>4/25</td><td align=right>72 ft</td><td align=right>46&#176;</td></tr></table>]]></description><LineString><tessellate>1</tessellate><coordinates>-121.99659167,47.63405833,0 -121.99652222,47.63395833,0</coordinates></LineString></Placemark>
</Folder>
<Folder><name>#26 K-BACK - Sloper to the BACKYARD-corner tree</name><description><![CDATA[<b>#26 of 33</b> on the 3-band ranking<br/>Sloper to the BACKYARD-corner tree<br/><b>Deployment:</b> 1 elevated anchor, highest 148 ft (climb throw)<br/>Average height 85.8 ft<br/>20 m take-off no lobe (peaks at zenith)<br/><br/><b>3-band (40/20/15 m): -5.61 dBi, 26/75 cells, 23/25 regions reachable on at least one band</b><br/><br/><table border=1 cellpadding=3><tr><th>band</th><th>agg dBi</th><th>regions</th><th>Imax ht</th><th>peak elev</th></tr><tr><td>80m</td><td align=right>-4.80 dBi</td><td align=right>16/25</td><td align=right>86 ft</td><td align=right>15&#176;</td></tr><tr><td>40m</td><td align=right>-5.55 dBi</td><td align=right>12/25</td><td align=right>86 ft</td><td align=right>10&#176;</td></tr><tr><td>20m</td><td align=right>-5.38 dBi</td><td align=right>8/25</td><td align=right>86 ft</td><td align=right>53&#176;</td></tr><tr><td>15m</td><td align=right>-5.94 dBi</td><td align=right>6/25</td><td align=right>86 ft</td><td align=right>54&#176;</td></tr><tr><td>10m</td><td align=right>-8.04 dBi</td><td align=right>4/25</td><td align=right>86 ft</td><td align=right>37&#176;</td></tr></table>]]></description>
<Placemark><name>K-BACK feed</name><styleUrl>#optG</styleUrl><description><![CDATA[<b>#26 of 33</b> on the 3-band ranking<br/>Sloper to the BACKYARD-corner tree<br/><b>Deployment:</b> 1 elevated anchor, highest 148 ft (climb throw)<br/>Average height 85.8 ft<br/>20 m take-off no lobe (peaks at zenith)<br/><br/><b>3-band (40/20/15 m): -5.61 dBi, 26/75 cells, 23/25 regions reachable on at least one band</b><br/><br/><table border=1 cellpadding=3><tr><th>band</th><th>agg dBi</th><th>regions</th><th>Imax ht</th><th>peak elev</th></tr><tr><td>80m</td><td align=right>-4.80 dBi</td><td align=right>16/25</td><td align=right>86 ft</td><td align=right>15&#176;</td></tr><tr><td>40m</td><td align=right>-5.55 dBi</td><td align=right>12/25</td><td align=right>86 ft</td><td align=right>10&#176;</td></tr><tr><td>20m</td><td align=right>-5.38 dBi</td><td align=right>8/25</td><td align=right>86 ft</td><td align=right>53&#176;</td></tr><tr><td>15m</td><td align=right>-5.94 dBi</td><td align=right>6/25</td><td align=right>86 ft</td><td align=right>54&#176;</td></tr><tr><td>10m</td><td align=right>-8.04 dBi</td><td align=right>4/25</td><td align=right>86 ft</td><td align=right>37&#176;</td></tr></table><br/><br/><br/>Height: 24 ft AGL<br/>0.0 m (0 ft) from feed at 0.0&#176;T / 345&#176;M<br/>47°38'02.61"N 121°59'47.73"W]]></description><Point><coordinates>-121.99659167,47.63405833,0</coordinates></Point></Placemark>
<Placemark><name>K-BACK tree top</name><styleUrl>#optG</styleUrl><description><![CDATA[<b>#26 of 33</b> on the 3-band ranking<br/>Sloper to the BACKYARD-corner tree<br/><b>Deployment:</b> 1 elevated anchor, highest 148 ft (climb throw)<br/>Average height 85.8 ft<br/>20 m take-off no lobe (peaks at zenith)<br/><br/><b>3-band (40/20/15 m): -5.61 dBi, 26/75 cells, 23/25 regions reachable on at least one band</b><br/><br/><table border=1 cellpadding=3><tr><th>band</th><th>agg dBi</th><th>regions</th><th>Imax ht</th><th>peak elev</th></tr><tr><td>80m</td><td align=right>-4.80 dBi</td><td align=right>16/25</td><td align=right>86 ft</td><td align=right>15&#176;</td></tr><tr><td>40m</td><td align=right>-5.55 dBi</td><td align=right>12/25</td><td align=right>86 ft</td><td align=right>10&#176;</td></tr><tr><td>20m</td><td align=right>-5.38 dBi</td><td align=right>8/25</td><td align=right>86 ft</td><td align=right>53&#176;</td></tr><tr><td>15m</td><td align=right>-5.94 dBi</td><td align=right>6/25</td><td align=right>86 ft</td><td align=right>54&#176;</td></tr><tr><td>10m</td><td align=right>-8.04 dBi</td><td align=right>4/25</td><td align=right>86 ft</td><td align=right>37&#176;</td></tr></table><br/><br/><br/>Height: 148 ft AGL<br/>12.3 m (40 ft) from feed at 154.9&#176;T / 140&#176;M<br/>47°38'02.25"N 121°59'47.48"W]]></description><Point><coordinates>-121.99652222,47.63395833,0</coordinates></Point></Placemark>
<Placemark><name>K-BACK wire</name><styleUrl>#optG</styleUrl><description><![CDATA[<b>#26 of 33</b> on the 3-band ranking<br/>Sloper to the BACKYARD-corner tree<br/><b>Deployment:</b> 1 elevated anchor, highest 148 ft (climb throw)<br/>Average height 85.8 ft<br/>20 m take-off no lobe (peaks at zenith)<br/><br/><b>3-band (40/20/15 m): -5.61 dBi, 26/75 cells, 23/25 regions reachable on at least one band</b><br/><br/><table border=1 cellpadding=3><tr><th>band</th><th>agg dBi</th><th>regions</th><th>Imax ht</th><th>peak elev</th></tr><tr><td>80m</td><td align=right>-4.80 dBi</td><td align=right>16/25</td><td align=right>86 ft</td><td align=right>15&#176;</td></tr><tr><td>40m</td><td align=right>-5.55 dBi</td><td align=right>12/25</td><td align=right>86 ft</td><td align=right>10&#176;</td></tr><tr><td>20m</td><td align=right>-5.38 dBi</td><td align=right>8/25</td><td align=right>86 ft</td><td align=right>53&#176;</td></tr><tr><td>15m</td><td align=right>-5.94 dBi</td><td align=right>6/25</td><td align=right>86 ft</td><td align=right>54&#176;</td></tr><tr><td>10m</td><td align=right>-8.04 dBi</td><td align=right>4/25</td><td align=right>86 ft</td><td align=right>37&#176;</td></tr></table>]]></description><LineString><tessellate>1</tessellate><coordinates>-121.99659167,47.63405833,0 -121.99652222,47.63395833,0</coordinates></LineString></Placemark>
</Folder>
<Folder><name>#27 T75 - Tall sloper, 75 deg slope, top 149 ft, bearing 105T</name><description><![CDATA[<b>#27 of 33</b> on the 3-band ranking<br/>Tall sloper, 75 deg slope, top 149 ft, bearing 105T<br/><b>Deployment:</b> 1 elevated anchor, highest 149 ft (climb throw)<br/>Average height 86.7 ft<br/>20 m take-off no lobe (peaks at zenith)<br/><br/><b>3-band (40/20/15 m): -5.79 dBi, 26/75 cells, 20/25 regions reachable on at least one band</b><br/><br/><table border=1 cellpadding=3><tr><th>band</th><th>agg dBi</th><th>regions</th><th>Imax ht</th><th>peak elev</th></tr><tr><td>80m</td><td align=right>-5.14 dBi</td><td align=right>16/25</td><td align=right>87 ft</td><td align=right>15&#176;</td></tr><tr><td>40m</td><td align=right>-6.43 dBi</td><td align=right>9/25</td><td align=right>87 ft</td><td align=right>10&#176;</td></tr><tr><td>20m</td><td align=right>-5.66 dBi</td><td align=right>7/25</td><td align=right>87 ft</td><td align=right>24&#176;</td></tr><tr><td>15m</td><td align=right>-5.35 dBi</td><td align=right>10/25</td><td align=right>87 ft</td><td align=right>32&#176;</td></tr><tr><td>10m</td><td align=right>-10.09 dBi</td><td align=right>2/25</td><td align=right>87 ft</td><td align=right>37&#176;</td></tr></table>]]></description>
<Placemark><name>T75 feed</name><styleUrl>#optT</styleUrl><description><![CDATA[<b>#27 of 33</b> on the 3-band ranking<br/>Tall sloper, 75 deg slope, top 149 ft, bearing 105T<br/><b>Deployment:</b> 1 elevated anchor, highest 149 ft (climb throw)<br/>Average height 86.7 ft<br/>20 m take-off no lobe (peaks at zenith)<br/><br/><b>3-band (40/20/15 m): -5.79 dBi, 26/75 cells, 20/25 regions reachable on at least one band</b><br/><br/><table border=1 cellpadding=3><tr><th>band</th><th>agg dBi</th><th>regions</th><th>Imax ht</th><th>peak elev</th></tr><tr><td>80m</td><td align=right>-5.14 dBi</td><td align=right>16/25</td><td align=right>87 ft</td><td align=right>15&#176;</td></tr><tr><td>40m</td><td align=right>-6.43 dBi</td><td align=right>9/25</td><td align=right>87 ft</td><td align=right>10&#176;</td></tr><tr><td>20m</td><td align=right>-5.66 dBi</td><td align=right>7/25</td><td align=right>87 ft</td><td align=right>24&#176;</td></tr><tr><td>15m</td><td align=right>-5.35 dBi</td><td align=right>10/25</td><td align=right>87 ft</td><td align=right>32&#176;</td></tr><tr><td>10m</td><td align=right>-10.09 dBi</td><td align=right>2/25</td><td align=right>87 ft</td><td align=right>37&#176;</td></tr></table><br/><br/><br/>Height: 24 ft AGL<br/>0.0 m (0 ft) from feed at 0.0&#176;T / 345&#176;M<br/>47°38'02.61"N 121°59'47.73"W]]></description><Point><coordinates>-121.99659167,47.63405833,0</coordinates></Point></Placemark>
<Placemark><name>T75 tree top</name><styleUrl>#optT</styleUrl><description><![CDATA[<b>#27 of 33</b> on the 3-band ranking<br/>Tall sloper, 75 deg slope, top 149 ft, bearing 105T<br/><b>Deployment:</b> 1 elevated anchor, highest 149 ft (climb throw)<br/>Average height 86.7 ft<br/>20 m take-off no lobe (peaks at zenith)<br/><br/><b>3-band (40/20/15 m): -5.79 dBi, 26/75 cells, 20/25 regions reachable on at least one band</b><br/><br/><table border=1 cellpadding=3><tr><th>band</th><th>agg dBi</th><th>regions</th><th>Imax ht</th><th>peak elev</th></tr><tr><td>80m</td><td align=right>-5.14 dBi</td><td align=right>16/25</td><td align=right>87 ft</td><td align=right>15&#176;</td></tr><tr><td>40m</td><td align=right>-6.43 dBi</td><td align=right>9/25</td><td align=right>87 ft</td><td align=right>10&#176;</td></tr><tr><td>20m</td><td align=right>-5.66 dBi</td><td align=right>7/25</td><td align=right>87 ft</td><td align=right>24&#176;</td></tr><tr><td>15m</td><td align=right>-5.35 dBi</td><td align=right>10/25</td><td align=right>87 ft</td><td align=right>32&#176;</td></tr><tr><td>10m</td><td align=right>-10.09 dBi</td><td align=right>2/25</td><td align=right>87 ft</td><td align=right>37&#176;</td></tr></table><br/><br/><br/>Height: 149 ft AGL<br/>10.2 m (34 ft) from feed at 105.0&#176;T / 90&#176;M<br/>47°38'02.52"N 121°59'47.26"W]]></description><Point><coordinates>-121.99645993,47.63403447,0</coordinates></Point></Placemark>
<Placemark><name>T75 wire</name><styleUrl>#optT</styleUrl><description><![CDATA[<b>#27 of 33</b> on the 3-band ranking<br/>Tall sloper, 75 deg slope, top 149 ft, bearing 105T<br/><b>Deployment:</b> 1 elevated anchor, highest 149 ft (climb throw)<br/>Average height 86.7 ft<br/>20 m take-off no lobe (peaks at zenith)<br/><br/><b>3-band (40/20/15 m): -5.79 dBi, 26/75 cells, 20/25 regions reachable on at least one band</b><br/><br/><table border=1 cellpadding=3><tr><th>band</th><th>agg dBi</th><th>regions</th><th>Imax ht</th><th>peak elev</th></tr><tr><td>80m</td><td align=right>-5.14 dBi</td><td align=right>16/25</td><td align=right>87 ft</td><td align=right>15&#176;</td></tr><tr><td>40m</td><td align=right>-6.43 dBi</td><td align=right>9/25</td><td align=right>87 ft</td><td align=right>10&#176;</td></tr><tr><td>20m</td><td align=right>-5.66 dBi</td><td align=right>7/25</td><td align=right>87 ft</td><td align=right>24&#176;</td></tr><tr><td>15m</td><td align=right>-5.35 dBi</td><td align=right>10/25</td><td align=right>87 ft</td><td align=right>32&#176;</td></tr><tr><td>10m</td><td align=right>-10.09 dBi</td><td align=right>2/25</td><td align=right>87 ft</td><td align=right>37&#176;</td></tr></table>]]></description><LineString><tessellate>1</tessellate><coordinates>-121.99659167,47.63405833,0 -121.99645993,47.63403447,0</coordinates></LineString></Placemark>
</Folder>
<Folder><name>#28 S5 - Straight sloper to a 24 ft PVC mast, feed 24 ft, over the LAWN, bearing 70T</name><description><![CDATA[<b>#28 of 33</b> on the 3-band ranking<br/>Straight sloper to a 24 ft PVC mast, feed 24 ft, over the LAWN, bearing 70T<br/><b>Deployment:</b> 1 elevated anchor, highest 24 ft (easy throw)<br/>Average height 24.0 ft<br/>20 m take-off 46.4&#176;<br/><br/><b>3-band (40/20/15 m): -4.06 dBi, 23/75 cells, 15/25 regions reachable on at least one band</b><br/><br/><table border=1 cellpadding=3><tr><th>band</th><th>agg dBi</th><th>regions</th><th>Imax ht</th><th>peak elev</th></tr><tr><td>80m</td><td align=right>-13.07 dBi</td><td align=right>1/25</td><td align=right>24 ft</td><td align=right>zenith</td></tr><tr><td>40m</td><td align=right>-9.74 dBi</td><td align=right>2/25</td><td align=right>24 ft</td><td align=right>zenith</td></tr><tr><td>20m</td><td align=right>-4.39 dBi</td><td align=right>10/25</td><td align=right>24 ft</td><td align=right>46&#176;</td></tr><tr><td>15m</td><td align=right>-1.50 dBi</td><td align=right>11/25</td><td align=right>24 ft</td><td align=right>29&#176;</td></tr><tr><td>10m</td><td align=right>-1.10 dBi</td><td align=right>12/25</td><td align=right>24 ft</td><td align=right>21&#176;</td></tr></table>]]></description>
<Placemark><name>S5 feed</name><styleUrl>#optS</styleUrl><description><![CDATA[<b>#28 of 33</b> on the 3-band ranking<br/>Straight sloper to a 24 ft PVC mast, feed 24 ft, over the LAWN, bearing 70T<br/><b>Deployment:</b> 1 elevated anchor, highest 24 ft (easy throw)<br/>Average height 24.0 ft<br/>20 m take-off 46.4&#176;<br/><br/><b>3-band (40/20/15 m): -4.06 dBi, 23/75 cells, 15/25 regions reachable on at least one band</b><br/><br/><table border=1 cellpadding=3><tr><th>band</th><th>agg dBi</th><th>regions</th><th>Imax ht</th><th>peak elev</th></tr><tr><td>80m</td><td align=right>-13.07 dBi</td><td align=right>1/25</td><td align=right>24 ft</td><td align=right>zenith</td></tr><tr><td>40m</td><td align=right>-9.74 dBi</td><td align=right>2/25</td><td align=right>24 ft</td><td align=right>zenith</td></tr><tr><td>20m</td><td align=right>-4.39 dBi</td><td align=right>10/25</td><td align=right>24 ft</td><td align=right>46&#176;</td></tr><tr><td>15m</td><td align=right>-1.50 dBi</td><td align=right>11/25</td><td align=right>24 ft</td><td align=right>29&#176;</td></tr><tr><td>10m</td><td align=right>-1.10 dBi</td><td align=right>12/25</td><td align=right>24 ft</td><td align=right>21&#176;</td></tr></table><br/><br/><br/>Height: 24 ft AGL<br/>0.0 m (0 ft) from feed at 0.0&#176;T / 345&#176;M<br/>47°38'02.61"N 121°59'47.73"W]]></description><Point><coordinates>-121.99659167,47.63405833,0</coordinates></Point></Placemark>
<Placemark><name>S5 high support</name><styleUrl>#optS</styleUrl><description><![CDATA[<b>#28 of 33</b> on the 3-band ranking<br/>Straight sloper to a 24 ft PVC mast, feed 24 ft, over the LAWN, bearing 70T<br/><b>Deployment:</b> 1 elevated anchor, highest 24 ft (easy throw)<br/>Average height 24.0 ft<br/>20 m take-off 46.4&#176;<br/><br/><b>3-band (40/20/15 m): -4.06 dBi, 23/75 cells, 15/25 regions reachable on at least one band</b><br/><br/><table border=1 cellpadding=3><tr><th>band</th><th>agg dBi</th><th>regions</th><th>Imax ht</th><th>peak elev</th></tr><tr><td>80m</td><td align=right>-13.07 dBi</td><td align=right>1/25</td><td align=right>24 ft</td><td align=right>zenith</td></tr><tr><td>40m</td><td align=right>-9.74 dBi</td><td align=right>2/25</td><td align=right>24 ft</td><td align=right>zenith</td></tr><tr><td>20m</td><td align=right>-4.39 dBi</td><td align=right>10/25</td><td align=right>24 ft</td><td align=right>46&#176;</td></tr><tr><td>15m</td><td align=right>-1.50 dBi</td><td align=right>11/25</td><td align=right>24 ft</td><td align=right>29&#176;</td></tr><tr><td>10m</td><td align=right>-1.10 dBi</td><td align=right>12/25</td><td align=right>24 ft</td><td align=right>21&#176;</td></tr></table><br/><br/><br/>Height: 24 ft AGL<br/>39.6 m (130 ft) from feed at 70.0&#176;T / 55&#176;M<br/>47°38'03.05"N 121°59'45.95"W]]></description><Point><coordinates>-121.99609651,47.63418015,0</coordinates></Point></Placemark>
<Placemark><name>S5 wire</name><styleUrl>#optS</styleUrl><description><![CDATA[<b>#28 of 33</b> on the 3-band ranking<br/>Straight sloper to a 24 ft PVC mast, feed 24 ft, over the LAWN, bearing 70T<br/><b>Deployment:</b> 1 elevated anchor, highest 24 ft (easy throw)<br/>Average height 24.0 ft<br/>20 m take-off 46.4&#176;<br/><br/><b>3-band (40/20/15 m): -4.06 dBi, 23/75 cells, 15/25 regions reachable on at least one band</b><br/><br/><table border=1 cellpadding=3><tr><th>band</th><th>agg dBi</th><th>regions</th><th>Imax ht</th><th>peak elev</th></tr><tr><td>80m</td><td align=right>-13.07 dBi</td><td align=right>1/25</td><td align=right>24 ft</td><td align=right>zenith</td></tr><tr><td>40m</td><td align=right>-9.74 dBi</td><td align=right>2/25</td><td align=right>24 ft</td><td align=right>zenith</td></tr><tr><td>20m</td><td align=right>-4.39 dBi</td><td align=right>10/25</td><td align=right>24 ft</td><td align=right>46&#176;</td></tr><tr><td>15m</td><td align=right>-1.50 dBi</td><td align=right>11/25</td><td align=right>24 ft</td><td align=right>29&#176;</td></tr><tr><td>10m</td><td align=right>-1.10 dBi</td><td align=right>12/25</td><td align=right>24 ft</td><td align=right>21&#176;</td></tr></table>]]></description><LineString><tessellate>1</tessellate><coordinates>-121.99659167,47.63405833,0 -121.99609651,47.63418015,0</coordinates></LineString></Placemark>
</Folder>
<Folder><name>#29 S1 - Straight sloper to a 24 ft PVC mast, feed 10 ft, bearing 358T</name><description><![CDATA[<b>#29 of 33</b> on the 3-band ranking<br/>Straight sloper to a 24 ft PVC mast, feed 10 ft, bearing 358T<br/><b>Deployment:</b> 1 elevated anchor, highest 24 ft (easy throw)<br/>Average height 17.0 ft<br/>20 m take-off no lobe (peaks at zenith)<br/><br/><b>3-band (40/20/15 m): -5.93 dBi, 22/75 cells, 16/25 regions reachable on at least one band</b><br/><br/><table border=1 cellpadding=3><tr><th>band</th><th>agg dBi</th><th>regions</th><th>Imax ht</th><th>peak elev</th></tr><tr><td>80m</td><td align=right>-15.56 dBi</td><td align=right>0/25</td><td align=right>17 ft</td><td align=right>zenith</td></tr><tr><td>40m</td><td align=right>-11.94 dBi</td><td align=right>1/25</td><td align=right>17 ft</td><td align=right>zenith</td></tr><tr><td>20m</td><td align=right>-5.68 dBi</td><td align=right>9/25</td><td align=right>17 ft</td><td align=right>zenith</td></tr><tr><td>15m</td><td align=right>-3.65 dBi</td><td align=right>12/25</td><td align=right>17 ft</td><td align=right>43&#176;</td></tr><tr><td>10m</td><td align=right>-3.18 dBi</td><td align=right>10/25</td><td align=right>17 ft</td><td align=right>31&#176;</td></tr></table>]]></description>
<Placemark><name>S1 feed</name><styleUrl>#optS</styleUrl><description><![CDATA[<b>#29 of 33</b> on the 3-band ranking<br/>Straight sloper to a 24 ft PVC mast, feed 10 ft, bearing 358T<br/><b>Deployment:</b> 1 elevated anchor, highest 24 ft (easy throw)<br/>Average height 17.0 ft<br/>20 m take-off no lobe (peaks at zenith)<br/><br/><b>3-band (40/20/15 m): -5.93 dBi, 22/75 cells, 16/25 regions reachable on at least one band</b><br/><br/><table border=1 cellpadding=3><tr><th>band</th><th>agg dBi</th><th>regions</th><th>Imax ht</th><th>peak elev</th></tr><tr><td>80m</td><td align=right>-15.56 dBi</td><td align=right>0/25</td><td align=right>17 ft</td><td align=right>zenith</td></tr><tr><td>40m</td><td align=right>-11.94 dBi</td><td align=right>1/25</td><td align=right>17 ft</td><td align=right>zenith</td></tr><tr><td>20m</td><td align=right>-5.68 dBi</td><td align=right>9/25</td><td align=right>17 ft</td><td align=right>zenith</td></tr><tr><td>15m</td><td align=right>-3.65 dBi</td><td align=right>12/25</td><td align=right>17 ft</td><td align=right>43&#176;</td></tr><tr><td>10m</td><td align=right>-3.18 dBi</td><td align=right>10/25</td><td align=right>17 ft</td><td align=right>31&#176;</td></tr></table><br/><br/><br/>Height: 10 ft AGL<br/>0.0 m (0 ft) from feed at 0.0&#176;T / 345&#176;M<br/>47°38'02.61"N 121°59'47.73"W]]></description><Point><coordinates>-121.99659167,47.63405833,0</coordinates></Point></Placemark>
<Placemark><name>S1 high support</name><styleUrl>#optS</styleUrl><description><![CDATA[<b>#29 of 33</b> on the 3-band ranking<br/>Straight sloper to a 24 ft PVC mast, feed 10 ft, bearing 358T<br/><b>Deployment:</b> 1 elevated anchor, highest 24 ft (easy throw)<br/>Average height 17.0 ft<br/>20 m take-off no lobe (peaks at zenith)<br/><br/><b>3-band (40/20/15 m): -5.93 dBi, 22/75 cells, 16/25 regions reachable on at least one band</b><br/><br/><table border=1 cellpadding=3><tr><th>band</th><th>agg dBi</th><th>regions</th><th>Imax ht</th><th>peak elev</th></tr><tr><td>80m</td><td align=right>-15.56 dBi</td><td align=right>0/25</td><td align=right>17 ft</td><td align=right>zenith</td></tr><tr><td>40m</td><td align=right>-11.94 dBi</td><td align=right>1/25</td><td align=right>17 ft</td><td align=right>zenith</td></tr><tr><td>20m</td><td align=right>-5.68 dBi</td><td align=right>9/25</td><td align=right>17 ft</td><td align=right>zenith</td></tr><tr><td>15m</td><td align=right>-3.65 dBi</td><td align=right>12/25</td><td align=right>17 ft</td><td align=right>43&#176;</td></tr><tr><td>10m</td><td align=right>-3.18 dBi</td><td align=right>10/25</td><td align=right>17 ft</td><td align=right>31&#176;</td></tr></table><br/><br/><br/>Height: 24 ft AGL<br/>39.4 m (129 ft) from feed at 358.0&#176;T / 343&#176;M<br/>47°38'03.88"N 121°59'47.80"W]]></description><Point><coordinates>-121.99660995,47.63441221,0</coordinates></Point></Placemark>
<Placemark><name>S1 wire</name><styleUrl>#optS</styleUrl><description><![CDATA[<b>#29 of 33</b> on the 3-band ranking<br/>Straight sloper to a 24 ft PVC mast, feed 10 ft, bearing 358T<br/><b>Deployment:</b> 1 elevated anchor, highest 24 ft (easy throw)<br/>Average height 17.0 ft<br/>20 m take-off no lobe (peaks at zenith)<br/><br/><b>3-band (40/20/15 m): -5.93 dBi, 22/75 cells, 16/25 regions reachable on at least one band</b><br/><br/><table border=1 cellpadding=3><tr><th>band</th><th>agg dBi</th><th>regions</th><th>Imax ht</th><th>peak elev</th></tr><tr><td>80m</td><td align=right>-15.56 dBi</td><td align=right>0/25</td><td align=right>17 ft</td><td align=right>zenith</td></tr><tr><td>40m</td><td align=right>-11.94 dBi</td><td align=right>1/25</td><td align=right>17 ft</td><td align=right>zenith</td></tr><tr><td>20m</td><td align=right>-5.68 dBi</td><td align=right>9/25</td><td align=right>17 ft</td><td align=right>zenith</td></tr><tr><td>15m</td><td align=right>-3.65 dBi</td><td align=right>12/25</td><td align=right>17 ft</td><td align=right>43&#176;</td></tr><tr><td>10m</td><td align=right>-3.18 dBi</td><td align=right>10/25</td><td align=right>17 ft</td><td align=right>31&#176;</td></tr></table>]]></description><LineString><tessellate>1</tessellate><coordinates>-121.99659167,47.63405833,0 -121.99660995,47.63441221,0</coordinates></LineString></Placemark>
</Folder>
<Folder><name>#30 F10-FRONT - Sloper to the FRONT-YARD-corner tree, feed 10 ft</name><description><![CDATA[<b>#30 of 33</b> on the 3-band ranking<br/>Sloper to the FRONT-YARD-corner tree, feed 10 ft<br/><b>Deployment:</b> 1 elevated anchor, highest 138 ft (climb throw)<br/>Average height 73.9 ft<br/>20 m take-off no lobe (peaks at zenith)<br/><br/><b>3-band (40/20/15 m): -7.63 dBi, 14/75 cells, 13/25 regions reachable on at least one band</b><br/><br/><table border=1 cellpadding=3><tr><th>band</th><th>agg dBi</th><th>regions</th><th>Imax ht</th><th>peak elev</th></tr><tr><td>80m</td><td align=right>-4.91 dBi</td><td align=right>15/25</td><td align=right>74 ft</td><td align=right>15&#176;</td></tr><tr><td>40m</td><td align=right>-6.57 dBi</td><td align=right>6/25</td><td align=right>74 ft</td><td align=right>10&#176;</td></tr><tr><td>20m</td><td align=right>-6.39 dBi</td><td align=right>6/25</td><td align=right>74 ft</td><td align=right>28&#176;</td></tr><tr><td>15m</td><td align=right>-11.73 dBi</td><td align=right>2/25</td><td align=right>74 ft</td><td align=right>39&#176;</td></tr><tr><td>10m</td><td align=right>-6.39 dBi</td><td align=right>5/25</td><td align=right>74 ft</td><td align=right>44&#176;</td></tr></table>]]></description>
<Placemark><name>F10-FRONT feed</name><styleUrl>#optF</styleUrl><description><![CDATA[<b>#30 of 33</b> on the 3-band ranking<br/>Sloper to the FRONT-YARD-corner tree, feed 10 ft<br/><b>Deployment:</b> 1 elevated anchor, highest 138 ft (climb throw)<br/>Average height 73.9 ft<br/>20 m take-off no lobe (peaks at zenith)<br/><br/><b>3-band (40/20/15 m): -7.63 dBi, 14/75 cells, 13/25 regions reachable on at least one band</b><br/><br/><table border=1 cellpadding=3><tr><th>band</th><th>agg dBi</th><th>regions</th><th>Imax ht</th><th>peak elev</th></tr><tr><td>80m</td><td align=right>-4.91 dBi</td><td align=right>15/25</td><td align=right>74 ft</td><td align=right>15&#176;</td></tr><tr><td>40m</td><td align=right>-6.57 dBi</td><td align=right>6/25</td><td align=right>74 ft</td><td align=right>10&#176;</td></tr><tr><td>20m</td><td align=right>-6.39 dBi</td><td align=right>6/25</td><td align=right>74 ft</td><td align=right>28&#176;</td></tr><tr><td>15m</td><td align=right>-11.73 dBi</td><td align=right>2/25</td><td align=right>74 ft</td><td align=right>39&#176;</td></tr><tr><td>10m</td><td align=right>-6.39 dBi</td><td align=right>5/25</td><td align=right>74 ft</td><td align=right>44&#176;</td></tr></table><br/><br/><br/>Height: 10 ft AGL<br/>0.0 m (0 ft) from feed at 0.0&#176;T / 345&#176;M<br/>47°38'02.61"N 121°59'47.73"W]]></description><Point><coordinates>-121.99659167,47.63405833,0</coordinates></Point></Placemark>
<Placemark><name>F10-FRONT tree top</name><styleUrl>#optF</styleUrl><description><![CDATA[<b>#30 of 33</b> on the 3-band ranking<br/>Sloper to the FRONT-YARD-corner tree, feed 10 ft<br/><b>Deployment:</b> 1 elevated anchor, highest 138 ft (climb throw)<br/>Average height 73.9 ft<br/>20 m take-off no lobe (peaks at zenith)<br/><br/><b>3-band (40/20/15 m): -7.63 dBi, 14/75 cells, 13/25 regions reachable on at least one band</b><br/><br/><table border=1 cellpadding=3><tr><th>band</th><th>agg dBi</th><th>regions</th><th>Imax ht</th><th>peak elev</th></tr><tr><td>80m</td><td align=right>-4.91 dBi</td><td align=right>15/25</td><td align=right>74 ft</td><td align=right>15&#176;</td></tr><tr><td>40m</td><td align=right>-6.57 dBi</td><td align=right>6/25</td><td align=right>74 ft</td><td align=right>10&#176;</td></tr><tr><td>20m</td><td align=right>-6.39 dBi</td><td align=right>6/25</td><td align=right>74 ft</td><td align=right>28&#176;</td></tr><tr><td>15m</td><td align=right>-11.73 dBi</td><td align=right>2/25</td><td align=right>74 ft</td><td align=right>39&#176;</td></tr><tr><td>10m</td><td align=right>-6.39 dBi</td><td align=right>5/25</td><td align=right>74 ft</td><td align=right>44&#176;</td></tr></table><br/><br/><br/>Height: 138 ft AGL<br/>7.1 m (23 ft) from feed at 325.9&#176;T / 311&#176;M<br/>47°38'02.80"N 121°59'47.92"W]]></description><Point><coordinates>-121.99664444,47.63411111,0</coordinates></Point></Placemark>
<Placemark><name>F10-FRONT wire</name><styleUrl>#optF</styleUrl><description><![CDATA[<b>#30 of 33</b> on the 3-band ranking<br/>Sloper to the FRONT-YARD-corner tree, feed 10 ft<br/><b>Deployment:</b> 1 elevated anchor, highest 138 ft (climb throw)<br/>Average height 73.9 ft<br/>20 m take-off no lobe (peaks at zenith)<br/><br/><b>3-band (40/20/15 m): -7.63 dBi, 14/75 cells, 13/25 regions reachable on at least one band</b><br/><br/><table border=1 cellpadding=3><tr><th>band</th><th>agg dBi</th><th>regions</th><th>Imax ht</th><th>peak elev</th></tr><tr><td>80m</td><td align=right>-4.91 dBi</td><td align=right>15/25</td><td align=right>74 ft</td><td align=right>15&#176;</td></tr><tr><td>40m</td><td align=right>-6.57 dBi</td><td align=right>6/25</td><td align=right>74 ft</td><td align=right>10&#176;</td></tr><tr><td>20m</td><td align=right>-6.39 dBi</td><td align=right>6/25</td><td align=right>74 ft</td><td align=right>28&#176;</td></tr><tr><td>15m</td><td align=right>-11.73 dBi</td><td align=right>2/25</td><td align=right>74 ft</td><td align=right>39&#176;</td></tr><tr><td>10m</td><td align=right>-6.39 dBi</td><td align=right>5/25</td><td align=right>74 ft</td><td align=right>44&#176;</td></tr></table>]]></description><LineString><tessellate>1</tessellate><coordinates>-121.99659167,47.63405833,0 -121.99664444,47.63411111,0</coordinates></LineString></Placemark>
</Folder>
<Folder><name>#31 K-FRONT - Sloper to the FRONT-YARD-corner tree</name><description><![CDATA[<b>#31 of 33</b> on the 3-band ranking<br/>Sloper to the FRONT-YARD-corner tree<br/><b>Deployment:</b> 1 elevated anchor, highest 152 ft (climb throw)<br/>Average height 87.9 ft<br/>20 m take-off no lobe (peaks at zenith)<br/><br/><b>3-band (40/20/15 m): -8.07 dBi, 11/75 cells, 11/25 regions reachable on at least one band</b><br/><br/><table border=1 cellpadding=3><tr><th>band</th><th>agg dBi</th><th>regions</th><th>Imax ht</th><th>peak elev</th></tr><tr><td>80m</td><td align=right>-5.60 dBi</td><td align=right>13/25</td><td align=right>88 ft</td><td align=right>15&#176;</td></tr><tr><td>40m</td><td align=right>-7.28 dBi</td><td align=right>3/25</td><td align=right>88 ft</td><td align=right>10&#176;</td></tr><tr><td>20m</td><td align=right>-6.71 dBi</td><td align=right>6/25</td><td align=right>88 ft</td><td align=right>24&#176;</td></tr><tr><td>15m</td><td align=right>-11.74 dBi</td><td align=right>2/25</td><td align=right>88 ft</td><td align=right>52&#176;</td></tr><tr><td>10m</td><td align=right>-5.19 dBi</td><td align=right>9/25</td><td align=right>88 ft</td><td align=right>52&#176;</td></tr></table>]]></description>
<Placemark><name>K-FRONT feed</name><styleUrl>#optG</styleUrl><description><![CDATA[<b>#31 of 33</b> on the 3-band ranking<br/>Sloper to the FRONT-YARD-corner tree<br/><b>Deployment:</b> 1 elevated anchor, highest 152 ft (climb throw)<br/>Average height 87.9 ft<br/>20 m take-off no lobe (peaks at zenith)<br/><br/><b>3-band (40/20/15 m): -8.07 dBi, 11/75 cells, 11/25 regions reachable on at least one band</b><br/><br/><table border=1 cellpadding=3><tr><th>band</th><th>agg dBi</th><th>regions</th><th>Imax ht</th><th>peak elev</th></tr><tr><td>80m</td><td align=right>-5.60 dBi</td><td align=right>13/25</td><td align=right>88 ft</td><td align=right>15&#176;</td></tr><tr><td>40m</td><td align=right>-7.28 dBi</td><td align=right>3/25</td><td align=right>88 ft</td><td align=right>10&#176;</td></tr><tr><td>20m</td><td align=right>-6.71 dBi</td><td align=right>6/25</td><td align=right>88 ft</td><td align=right>24&#176;</td></tr><tr><td>15m</td><td align=right>-11.74 dBi</td><td align=right>2/25</td><td align=right>88 ft</td><td align=right>52&#176;</td></tr><tr><td>10m</td><td align=right>-5.19 dBi</td><td align=right>9/25</td><td align=right>88 ft</td><td align=right>52&#176;</td></tr></table><br/><br/><br/>Height: 24 ft AGL<br/>0.0 m (0 ft) from feed at 0.0&#176;T / 345&#176;M<br/>47°38'02.61"N 121°59'47.73"W]]></description><Point><coordinates>-121.99659167,47.63405833,0</coordinates></Point></Placemark>
<Placemark><name>K-FRONT tree top</name><styleUrl>#optG</styleUrl><description><![CDATA[<b>#31 of 33</b> on the 3-band ranking<br/>Sloper to the FRONT-YARD-corner tree<br/><b>Deployment:</b> 1 elevated anchor, highest 152 ft (climb throw)<br/>Average height 87.9 ft<br/>20 m take-off no lobe (peaks at zenith)<br/><br/><b>3-band (40/20/15 m): -8.07 dBi, 11/75 cells, 11/25 regions reachable on at least one band</b><br/><br/><table border=1 cellpadding=3><tr><th>band</th><th>agg dBi</th><th>regions</th><th>Imax ht</th><th>peak elev</th></tr><tr><td>80m</td><td align=right>-5.60 dBi</td><td align=right>13/25</td><td align=right>88 ft</td><td align=right>15&#176;</td></tr><tr><td>40m</td><td align=right>-7.28 dBi</td><td align=right>3/25</td><td align=right>88 ft</td><td align=right>10&#176;</td></tr><tr><td>20m</td><td align=right>-6.71 dBi</td><td align=right>6/25</td><td align=right>88 ft</td><td align=right>24&#176;</td></tr><tr><td>15m</td><td align=right>-11.74 dBi</td><td align=right>2/25</td><td align=right>88 ft</td><td align=right>52&#176;</td></tr><tr><td>10m</td><td align=right>-5.19 dBi</td><td align=right>9/25</td><td align=right>88 ft</td><td align=right>52&#176;</td></tr></table><br/><br/><br/>Height: 152 ft AGL<br/>7.1 m (23 ft) from feed at 325.9&#176;T / 311&#176;M<br/>47°38'02.80"N 121°59'47.92"W]]></description><Point><coordinates>-121.99664444,47.63411111,0</coordinates></Point></Placemark>
<Placemark><name>K-FRONT wire</name><styleUrl>#optG</styleUrl><description><![CDATA[<b>#31 of 33</b> on the 3-band ranking<br/>Sloper to the FRONT-YARD-corner tree<br/><b>Deployment:</b> 1 elevated anchor, highest 152 ft (climb throw)<br/>Average height 87.9 ft<br/>20 m take-off no lobe (peaks at zenith)<br/><br/><b>3-band (40/20/15 m): -8.07 dBi, 11/75 cells, 11/25 regions reachable on at least one band</b><br/><br/><table border=1 cellpadding=3><tr><th>band</th><th>agg dBi</th><th>regions</th><th>Imax ht</th><th>peak elev</th></tr><tr><td>80m</td><td align=right>-5.60 dBi</td><td align=right>13/25</td><td align=right>88 ft</td><td align=right>15&#176;</td></tr><tr><td>40m</td><td align=right>-7.28 dBi</td><td align=right>3/25</td><td align=right>88 ft</td><td align=right>10&#176;</td></tr><tr><td>20m</td><td align=right>-6.71 dBi</td><td align=right>6/25</td><td align=right>88 ft</td><td align=right>24&#176;</td></tr><tr><td>15m</td><td align=right>-11.74 dBi</td><td align=right>2/25</td><td align=right>88 ft</td><td align=right>52&#176;</td></tr><tr><td>10m</td><td align=right>-5.19 dBi</td><td align=right>9/25</td><td align=right>88 ft</td><td align=right>52&#176;</td></tr></table>]]></description><LineString><tessellate>1</tessellate><coordinates>-121.99659167,47.63405833,0 -121.99664444,47.63411111,0</coordinates></LineString></Placemark>
</Folder>
<Folder><name>#32 RB-NOTREE - NO trees at all - single span, feed 10 ft to a 30 ft post</name><description><![CDATA[<b>#32 of 33</b> on the 3-band ranking<br/>NO trees at all - single span, feed 10 ft to a 30 ft post<br/><b>Deployment:</b> 1 elevated anchor, highest 30 ft (easy throw)<br/>Average height 20.0 ft<br/>20 m take-off no lobe (peaks at zenith)<br/><br/><b>3-band (40/20/15 m): -6.05 dBi, 11/75 cells, 8/25 regions reachable on at least one band</b><br/><br/><table border=1 cellpadding=3><tr><th>band</th><th>agg dBi</th><th>regions</th><th>Imax ht</th><th>peak elev</th></tr><tr><td>80m</td><td align=right>-13.43 dBi</td><td align=right>0/25</td><td align=right>20 ft</td><td align=right>84&#176;</td></tr><tr><td>40m</td><td align=right>-12.16 dBi</td><td align=right>0/25</td><td align=right>20 ft</td><td align=right>82&#176;</td></tr><tr><td>20m</td><td align=right>-6.19 dBi</td><td align=right>4/25</td><td align=right>20 ft</td><td align=right>61&#176;</td></tr><tr><td>15m</td><td align=right>-3.53 dBi</td><td align=right>7/25</td><td align=right>20 ft</td><td align=right>35&#176;</td></tr><tr><td>10m</td><td align=right>-1.64 dBi</td><td align=right>12/25</td><td align=right>20 ft</td><td align=right>26&#176;</td></tr></table>]]></description>
<Placemark><name>RB-NOTREE feed</name><styleUrl>#optR</styleUrl><description><![CDATA[<b>#32 of 33</b> on the 3-band ranking<br/>NO trees at all - single span, feed 10 ft to a 30 ft post<br/><b>Deployment:</b> 1 elevated anchor, highest 30 ft (easy throw)<br/>Average height 20.0 ft<br/>20 m take-off no lobe (peaks at zenith)<br/><br/><b>3-band (40/20/15 m): -6.05 dBi, 11/75 cells, 8/25 regions reachable on at least one band</b><br/><br/><table border=1 cellpadding=3><tr><th>band</th><th>agg dBi</th><th>regions</th><th>Imax ht</th><th>peak elev</th></tr><tr><td>80m</td><td align=right>-13.43 dBi</td><td align=right>0/25</td><td align=right>20 ft</td><td align=right>84&#176;</td></tr><tr><td>40m</td><td align=right>-12.16 dBi</td><td align=right>0/25</td><td align=right>20 ft</td><td align=right>82&#176;</td></tr><tr><td>20m</td><td align=right>-6.19 dBi</td><td align=right>4/25</td><td align=right>20 ft</td><td align=right>61&#176;</td></tr><tr><td>15m</td><td align=right>-3.53 dBi</td><td align=right>7/25</td><td align=right>20 ft</td><td align=right>35&#176;</td></tr><tr><td>10m</td><td align=right>-1.64 dBi</td><td align=right>12/25</td><td align=right>20 ft</td><td align=right>26&#176;</td></tr></table><br/><br/><br/>Height: 10 ft AGL<br/>0.0 m (0 ft) from feed at 0.0&#176;T / 345&#176;M<br/>47°38'02.61"N 121°59'47.73"W]]></description><Point><coordinates>-121.99659167,47.63405833,0</coordinates></Point></Placemark>
<Placemark><name>RB-NOTREE post</name><styleUrl>#optR</styleUrl><description><![CDATA[<b>#32 of 33</b> on the 3-band ranking<br/>NO trees at all - single span, feed 10 ft to a 30 ft post<br/><b>Deployment:</b> 1 elevated anchor, highest 30 ft (easy throw)<br/>Average height 20.0 ft<br/>20 m take-off no lobe (peaks at zenith)<br/><br/><b>3-band (40/20/15 m): -6.05 dBi, 11/75 cells, 8/25 regions reachable on at least one band</b><br/><br/><table border=1 cellpadding=3><tr><th>band</th><th>agg dBi</th><th>regions</th><th>Imax ht</th><th>peak elev</th></tr><tr><td>80m</td><td align=right>-13.43 dBi</td><td align=right>0/25</td><td align=right>20 ft</td><td align=right>84&#176;</td></tr><tr><td>40m</td><td align=right>-12.16 dBi</td><td align=right>0/25</td><td align=right>20 ft</td><td align=right>82&#176;</td></tr><tr><td>20m</td><td align=right>-6.19 dBi</td><td align=right>4/25</td><td align=right>20 ft</td><td align=right>61&#176;</td></tr><tr><td>15m</td><td align=right>-3.53 dBi</td><td align=right>7/25</td><td align=right>20 ft</td><td align=right>35&#176;</td></tr><tr><td>10m</td><td align=right>-1.64 dBi</td><td align=right>12/25</td><td align=right>20 ft</td><td align=right>26&#176;</td></tr></table><br/><br/><br/>Height: 30 ft AGL<br/>38.9 m (128 ft) from feed at 117.4&#176;T / 102&#176;M<br/>47°38'02.03"N 121°59'46.07"W]]></description><Point><coordinates>-121.99613193,47.63389752,0</coordinates></Point></Placemark>
<Placemark><name>RB-NOTREE wire</name><styleUrl>#optR</styleUrl><description><![CDATA[<b>#32 of 33</b> on the 3-band ranking<br/>NO trees at all - single span, feed 10 ft to a 30 ft post<br/><b>Deployment:</b> 1 elevated anchor, highest 30 ft (easy throw)<br/>Average height 20.0 ft<br/>20 m take-off no lobe (peaks at zenith)<br/><br/><b>3-band (40/20/15 m): -6.05 dBi, 11/75 cells, 8/25 regions reachable on at least one band</b><br/><br/><table border=1 cellpadding=3><tr><th>band</th><th>agg dBi</th><th>regions</th><th>Imax ht</th><th>peak elev</th></tr><tr><td>80m</td><td align=right>-13.43 dBi</td><td align=right>0/25</td><td align=right>20 ft</td><td align=right>84&#176;</td></tr><tr><td>40m</td><td align=right>-12.16 dBi</td><td align=right>0/25</td><td align=right>20 ft</td><td align=right>82&#176;</td></tr><tr><td>20m</td><td align=right>-6.19 dBi</td><td align=right>4/25</td><td align=right>20 ft</td><td align=right>61&#176;</td></tr><tr><td>15m</td><td align=right>-3.53 dBi</td><td align=right>7/25</td><td align=right>20 ft</td><td align=right>35&#176;</td></tr><tr><td>10m</td><td align=right>-1.64 dBi</td><td align=right>12/25</td><td align=right>20 ft</td><td align=right>26&#176;</td></tr></table>]]></description><LineString><tessellate>1</tessellate><coordinates>-121.99659167,47.63405833,0 -121.99613193,47.63389752,0</coordinates></LineString></Placemark>
</Folder>
<Folder><name>#33 V3 - Inverted-V on a 24 ft PVC mast (symmetric)</name><description><![CDATA[<b>#33 of 33</b> on the 3-band ranking<br/>Inverted-V on a 24 ft PVC mast (symmetric)<br/><b>Deployment:</b> 1 elevated anchor, highest 24 ft (easy throw)<br/>Average height 17.0 ft<br/>20 m take-off no lobe (peaks at zenith)<br/><br/><b>3-band (40/20/15 m): -7.99 dBi, 7/75 cells, 5/25 regions reachable on at least one band</b><br/><br/><table border=1 cellpadding=3><tr><th>band</th><th>agg dBi</th><th>regions</th><th>Imax ht</th><th>peak elev</th></tr><tr><td>80m</td><td align=right>-18.10 dBi</td><td align=right>0/25</td><td align=right>17 ft</td><td align=right>zenith</td></tr><tr><td>40m</td><td align=right>-15.54 dBi</td><td align=right>0/25</td><td align=right>17 ft</td><td align=right>zenith</td></tr><tr><td>20m</td><td align=right>-7.66 dBi</td><td align=right>3/25</td><td align=right>17 ft</td><td align=right>zenith</td></tr><tr><td>15m</td><td align=right>-5.57 dBi</td><td align=right>4/25</td><td align=right>17 ft</td><td align=right>43&#176;</td></tr><tr><td>10m</td><td align=right>-5.06 dBi</td><td align=right>6/25</td><td align=right>17 ft</td><td align=right>31&#176;</td></tr></table>]]></description>
<Placemark><name>V3 feed</name><styleUrl>#optV</styleUrl><description><![CDATA[<b>#33 of 33</b> on the 3-band ranking<br/>Inverted-V on a 24 ft PVC mast (symmetric)<br/><b>Deployment:</b> 1 elevated anchor, highest 24 ft (easy throw)<br/>Average height 17.0 ft<br/>20 m take-off no lobe (peaks at zenith)<br/><br/><b>3-band (40/20/15 m): -7.99 dBi, 7/75 cells, 5/25 regions reachable on at least one band</b><br/><br/><table border=1 cellpadding=3><tr><th>band</th><th>agg dBi</th><th>regions</th><th>Imax ht</th><th>peak elev</th></tr><tr><td>80m</td><td align=right>-18.10 dBi</td><td align=right>0/25</td><td align=right>17 ft</td><td align=right>zenith</td></tr><tr><td>40m</td><td align=right>-15.54 dBi</td><td align=right>0/25</td><td align=right>17 ft</td><td align=right>zenith</td></tr><tr><td>20m</td><td align=right>-7.66 dBi</td><td align=right>3/25</td><td align=right>17 ft</td><td align=right>zenith</td></tr><tr><td>15m</td><td align=right>-5.57 dBi</td><td align=right>4/25</td><td align=right>17 ft</td><td align=right>43&#176;</td></tr><tr><td>10m</td><td align=right>-5.06 dBi</td><td align=right>6/25</td><td align=right>17 ft</td><td align=right>31&#176;</td></tr></table><br/><br/><br/>Height: 10 ft AGL<br/>0.0 m (0 ft) from feed at 0.0&#176;T / 345&#176;M<br/>47°38'02.61"N 121°59'47.73"W]]></description><Point><coordinates>-121.99659167,47.63405833,0</coordinates></Point></Placemark>
<Placemark><name>V3 PVC mast apex</name><styleUrl>#optV</styleUrl><description><![CDATA[<b>#33 of 33</b> on the 3-band ranking<br/>Inverted-V on a 24 ft PVC mast (symmetric)<br/><b>Deployment:</b> 1 elevated anchor, highest 24 ft (easy throw)<br/>Average height 17.0 ft<br/>20 m take-off no lobe (peaks at zenith)<br/><br/><b>3-band (40/20/15 m): -7.99 dBi, 7/75 cells, 5/25 regions reachable on at least one band</b><br/><br/><table border=1 cellpadding=3><tr><th>band</th><th>agg dBi</th><th>regions</th><th>Imax ht</th><th>peak elev</th></tr><tr><td>80m</td><td align=right>-18.10 dBi</td><td align=right>0/25</td><td align=right>17 ft</td><td align=right>zenith</td></tr><tr><td>40m</td><td align=right>-15.54 dBi</td><td align=right>0/25</td><td align=right>17 ft</td><td align=right>zenith</td></tr><tr><td>20m</td><td align=right>-7.66 dBi</td><td align=right>3/25</td><td align=right>17 ft</td><td align=right>zenith</td></tr><tr><td>15m</td><td align=right>-5.57 dBi</td><td align=right>4/25</td><td align=right>17 ft</td><td align=right>43&#176;</td></tr><tr><td>10m</td><td align=right>-5.06 dBi</td><td align=right>6/25</td><td align=right>17 ft</td><td align=right>31&#176;</td></tr></table><br/><br/><br/>Height: 24 ft AGL<br/>19.3 m (63 ft) from feed at 110.0&#176;T / 95&#176;M<br/>47°38'02.40"N 121°59'46.86"W]]></description><Point><coordinates>-121.99634991,47.63399886,0</coordinates></Point></Placemark>
<Placemark><name>V3 end</name><styleUrl>#optV</styleUrl><description><![CDATA[<b>#33 of 33</b> on the 3-band ranking<br/>Inverted-V on a 24 ft PVC mast (symmetric)<br/><b>Deployment:</b> 1 elevated anchor, highest 24 ft (easy throw)<br/>Average height 17.0 ft<br/>20 m take-off no lobe (peaks at zenith)<br/><br/><b>3-band (40/20/15 m): -7.99 dBi, 7/75 cells, 5/25 regions reachable on at least one band</b><br/><br/><table border=1 cellpadding=3><tr><th>band</th><th>agg dBi</th><th>regions</th><th>Imax ht</th><th>peak elev</th></tr><tr><td>80m</td><td align=right>-18.10 dBi</td><td align=right>0/25</td><td align=right>17 ft</td><td align=right>zenith</td></tr><tr><td>40m</td><td align=right>-15.54 dBi</td><td align=right>0/25</td><td align=right>17 ft</td><td align=right>zenith</td></tr><tr><td>20m</td><td align=right>-7.66 dBi</td><td align=right>3/25</td><td align=right>17 ft</td><td align=right>zenith</td></tr><tr><td>15m</td><td align=right>-5.57 dBi</td><td align=right>4/25</td><td align=right>17 ft</td><td align=right>43&#176;</td></tr><tr><td>10m</td><td align=right>-5.06 dBi</td><td align=right>6/25</td><td align=right>17 ft</td><td align=right>31&#176;</td></tr></table><br/><br/><br/>Height: 10 ft AGL<br/>38.7 m (127 ft) from feed at 110.0&#176;T / 95&#176;M<br/>47°38'02.18"N 121°59'45.99"W]]></description><Point><coordinates>-121.99610815,47.63393938,0</coordinates></Point></Placemark>
<Placemark><name>V3 wire</name><styleUrl>#optV</styleUrl><description><![CDATA[<b>#33 of 33</b> on the 3-band ranking<br/>Inverted-V on a 24 ft PVC mast (symmetric)<br/><b>Deployment:</b> 1 elevated anchor, highest 24 ft (easy throw)<br/>Average height 17.0 ft<br/>20 m take-off no lobe (peaks at zenith)<br/><br/><b>3-band (40/20/15 m): -7.99 dBi, 7/75 cells, 5/25 regions reachable on at least one band</b><br/><br/><table border=1 cellpadding=3><tr><th>band</th><th>agg dBi</th><th>regions</th><th>Imax ht</th><th>peak elev</th></tr><tr><td>80m</td><td align=right>-18.10 dBi</td><td align=right>0/25</td><td align=right>17 ft</td><td align=right>zenith</td></tr><tr><td>40m</td><td align=right>-15.54 dBi</td><td align=right>0/25</td><td align=right>17 ft</td><td align=right>zenith</td></tr><tr><td>20m</td><td align=right>-7.66 dBi</td><td align=right>3/25</td><td align=right>17 ft</td><td align=right>zenith</td></tr><tr><td>15m</td><td align=right>-5.57 dBi</td><td align=right>4/25</td><td align=right>17 ft</td><td align=right>43&#176;</td></tr><tr><td>10m</td><td align=right>-5.06 dBi</td><td align=right>6/25</td><td align=right>17 ft</td><td align=right>31&#176;</td></tr></table>]]></description><LineString><tessellate>1</tessellate><coordinates>-121.99659167,47.63405833,0 -121.99634991,47.63399886,0 -121.99610815,47.63393938,0</coordinates></LineString></Placemark>
</Folder>
<Folder><name>Target bearings from the feed</name><description>2 km rays on the great-circle bearing to each region.</description>
<Placemark><name>-&gt; Moscow (12T)</name><styleUrl>#ray</styleUrl><description><![CDATA[Moscow<br/>11.7&#176;T / 356&#176;M<br/>8363 km<br/>Terrain horizon +3.8&#176;, foreground downslope 0.0&#176;]]></description><LineString><tessellate>1</tessellate><coordinates>-121.99659167,47.63405833,0 -121.99119618,47.65167309,0</coordinates></LineString></Placemark>
<Placemark><name>-&gt; Kyiv (17T)</name><styleUrl>#ray</styleUrl><description><![CDATA[Kyiv<br/>17.4&#176;T / 2&#176;M<br/>8796 km<br/>Terrain horizon +4.4&#176;, foreground downslope 0.0&#176;]]></description><LineString><tessellate>1</tessellate><coordinates>-121.99659167,47.63405833,0 -121.98862771,47.65122233,0</coordinates></LineString></Placemark>
<Placemark><name>-&gt; Central Europe (30T)</name><styleUrl>#ray</styleUrl><description><![CDATA[Central Europe<br/>30.5&#176;T / 15&#176;M<br/>8165 km<br/>Terrain horizon +5.7&#176;, foreground downslope 0.0&#176;]]></description><LineString><tessellate>1</tessellate><coordinates>-121.99659167,47.63405833,0 -121.98308683,47.64955849,0</coordinates></LineString></Placemark>
<Placemark><name>-&gt; United Kingdom (34T)</name><styleUrl>#ray</styleUrl><description><![CDATA[United Kingdom<br/>34.5&#176;T / 19&#176;M<br/>7683 km<br/>Terrain horizon +5.4&#176;, foreground downslope 0.0&#176;]]></description><LineString><tessellate>1</tessellate><coordinates>-121.99659167,47.63405833,0 -121.98153060,47.64888886,0</coordinates></LineString></Placemark>
<Placemark><name>-&gt; Iberia (44T)</name><styleUrl>#ray</styleUrl><description><![CDATA[Iberia<br/>43.6&#176;T / 28&#176;M<br/>8492 km<br/>Terrain horizon +4.7&#176;, foreground downslope 0.0&#176;]]></description><LineString><tessellate>1</tessellate><coordinates>-121.99659167,47.63405833,0 -121.97822978,47.64707911,0</coordinates></LineString></Placemark>
<Placemark><name>-&gt; South Africa (58T)</name><styleUrl>#ray</styleUrl><description><![CDATA[South Africa<br/>58.3&#176;T / 43&#176;M<br/>16481 km<br/>Terrain horizon +3.5&#176;, foreground downslope 0.0&#176;]]></description><LineString><tessellate>1</tessellate><coordinates>-121.99659167,47.63405833,0 -121.97395348,47.64351546,0</coordinates></LineString></Placemark>
<Placemark><name>-&gt; US Northeast (83T)</name><styleUrl>#ray</styleUrl><description><![CDATA[US Northeast<br/>83.5&#176;T / 68&#176;M<br/>3840 km<br/>Terrain horizon +1.4&#176;, foreground downslope 2.0&#176;]]></description><LineString><tessellate>1</tessellate><coordinates>-121.99659167,47.63405833,0 -121.97015244,47.63611001,0</coordinates></LineString></Placemark>
<Placemark><name>-&gt; US Midwest (91T)</name><styleUrl>#ray</styleUrl><description><![CDATA[US Midwest<br/>90.6&#176;T / 75&#176;M<br/>2764 km<br/>Terrain horizon +0.8&#176;, foreground downslope 2.6&#176;]]></description><LineString><tessellate>1</tessellate><coordinates>-121.99659167,47.63405833,0 -121.96998012,47.63387718,0</coordinates></LineString></Placemark>
<Placemark><name>-&gt; Caribbean (104T)</name><styleUrl>#ray</styleUrl><description><![CDATA[Caribbean<br/>103.5&#176;T / 88&#176;M<br/>5952 km<br/>Terrain horizon +0.0&#176;, foreground downslope 3.0&#176;]]></description><LineString><tessellate>1</tessellate><coordinates>-121.99659167,47.63405833,0 -121.97071434,47.62985832,0</coordinates></LineString></Placemark>
<Placemark><name>-&gt; US Southeast (109T)</name><styleUrl>#ray</styleUrl><description><![CDATA[US Southeast<br/>108.7&#176;T / 93&#176;M<br/>4373 km<br/>Terrain horizon +0.0&#176;, foreground downslope 2.4&#176;]]></description><LineString><tessellate>1</tessellate><coordinates>-121.99659167,47.63405833,0 -121.97138282,47.62829272,0</coordinates></LineString></Placemark>
<Placemark><name>-&gt; Denver (117T)</name><styleUrl>#ray</styleUrl><description><![CDATA[Denver<br/>116.6&#176;T / 101&#176;M<br/>1620 km<br/>Terrain horizon +0.1&#176;, foreground downslope 1.5&#176;]]></description><LineString><tessellate>1</tessellate><coordinates>-121.99659167,47.63405833,0 -121.97279028,47.62601113,0</coordinates></LineString></Placemark>
<Placemark><name>-&gt; Dallas (119T)</name><styleUrl>#ray</styleUrl><description><![CDATA[Dallas<br/>118.9&#176;T / 104&#176;M<br/>2682 km<br/>Terrain horizon +0.1&#176;, foreground downslope 1.3&#176;]]></description><LineString><tessellate>1</tessellate><coordinates>-121.99659167,47.63405833,0 -121.97328376,47.62537623,0</coordinates></LineString></Placemark>
<Placemark><name>-&gt; South America (132T)</name><styleUrl>#ray</styleUrl><description><![CDATA[South America<br/>131.5&#176;T / 116&#176;M<br/>11116 km<br/>Terrain horizon +0.1&#176;, foreground downslope 0.1&#176;]]></description><LineString><tessellate>1</tessellate><coordinates>-121.99659167,47.63405833,0 -121.97666668,47.62213364,0</coordinates></LineString></Placemark>
<Placemark><name>-&gt; SoCal (167T)</name><styleUrl>#ray</styleUrl><description><![CDATA[SoCal<br/>166.9&#176;T / 152&#176;M<br/>1543 km<br/>Terrain horizon +0.0&#176;, foreground downslope 3.1&#176;]]></description><LineString><tessellate>1</tessellate><coordinates>-121.99659167,47.63405833,0 -121.99056671,47.61653705,0</coordinates></LineString></Placemark>
<Placemark><name>-&gt; New Zealand (227T)</name><styleUrl>#ray</styleUrl><description><![CDATA[New Zealand<br/>226.8&#176;T / 212&#176;M<br/>11293 km<br/>Terrain horizon +0.1&#176;, foreground downslope 8.0&#176;]]></description><LineString><tessellate>1</tessellate><coordinates>-121.99659167,47.63405833,0 -122.01600083,47.62175110,0</coordinates></LineString></Placemark>
<Placemark><name>-&gt; Hawaii (240T)</name><styleUrl>#ray</styleUrl><description><![CDATA[Hawaii<br/>240.2&#176;T / 225&#176;M<br/>4335 km<br/>Terrain horizon +0.2&#176;, foreground downslope 7.9&#176;]]></description><LineString><tessellate>1</tessellate><coordinates>-121.99659167,47.63405833,0 -122.01967871,47.62511069,0</coordinates></LineString></Placemark>
<Placemark><name>-&gt; Australia VK2 (244T)</name><styleUrl>#ray</styleUrl><description><![CDATA[Australia VK2<br/>243.7&#176;T / 228&#176;M<br/>12494 km<br/>Terrain horizon +0.2&#176;, foreground downslope 7.9&#176;]]></description><LineString><tessellate>1</tessellate><coordinates>-121.99659167,47.63405833,0 -122.02044808,47.62608592,0</coordinates></LineString></Placemark>
<Placemark><name>-&gt; Australia VK6 (268T)</name><styleUrl>#ray</styleUrl><description><![CDATA[Australia VK6<br/>268.2&#176;T / 253&#176;M<br/>14905 km<br/>Terrain horizon +0.2&#176;, foreground downslope 7.0&#176;]]></description><LineString><tessellate>1</tessellate><coordinates>-121.99659167,47.63405833,0 -122.02319088,47.63348166,0</coordinates></LineString></Placemark>
<Placemark><name>-&gt; Japan (301T)</name><styleUrl>#ray</styleUrl><description><![CDATA[Japan<br/>300.8&#176;T / 285&#176;M<br/>7712 km<br/>Terrain horizon +0.0&#176;, foreground downslope 5.3&#176;]]></description><LineString><tessellate>1</tessellate><coordinates>-121.99659167,47.63405833,0 -122.01945416,47.64326563,0</coordinates></LineString></Placemark>
<Placemark><name>-&gt; Shanghai (310T)</name><styleUrl>#ray</styleUrl><description><![CDATA[Shanghai<br/>309.5&#176;T / 294&#176;M<br/>9205 km<br/>Terrain horizon +0.0&#176;, foreground downslope 4.8&#176;]]></description><LineString><tessellate>1</tessellate><coordinates>-121.99659167,47.63405833,0 -122.01711402,47.64551082,0</coordinates></LineString></Placemark>
<Placemark><name>-&gt; Vladivostok (311T)</name><styleUrl>#ray</styleUrl><description><![CDATA[Vladivostok<br/>311.0&#176;T / 296&#176;M<br/>7603 km<br/>Terrain horizon +0.0&#176;, foreground downslope 4.5&#176;]]></description><LineString><tessellate>1</tessellate><coordinates>-121.99659167,47.63405833,0 -122.01666677,47.64586744,0</coordinates></LineString></Placemark>
<Placemark><name>-&gt; Beijing (318T)</name><styleUrl>#ray</styleUrl><description><![CDATA[Beijing<br/>318.1&#176;T / 303&#176;M<br/>8704 km<br/>Terrain horizon +0.0&#176;, foreground downslope 2.7&#176;]]></description><LineString><tessellate>1</tessellate><coordinates>-121.99659167,47.63405833,0 -122.01435236,47.64745469,0</coordinates></LineString></Placemark>
<Placemark><name>-&gt; Alaska (321T)</name><styleUrl>#ray</styleUrl><description><![CDATA[Alaska<br/>320.8&#176;T / 306&#176;M<br/>2322 km<br/>Terrain horizon +0.0&#176;, foreground downslope 2.0&#176;]]></description><LineString><tessellate>1</tessellate><coordinates>-121.99659167,47.63405833,0 -122.01341164,47.64799838,0</coordinates></LineString></Placemark>
<Placemark><name>-&gt; India (343T)</name><styleUrl>#ray</styleUrl><description><![CDATA[India<br/>342.8&#176;T / 328&#176;M<br/>11322 km<br/>Terrain horizon +0.9&#176;, foreground downslope 0.1&#176;]]></description><LineString><tessellate>1</tessellate><coordinates>-121.99659167,47.63405833,0 -122.00444420,47.65124577,0</coordinates></LineString></Placemark>
<Placemark><name>-&gt; Novosibirsk (346T)</name><styleUrl>#ray</styleUrl><description><![CDATA[Novosibirsk<br/>345.5&#176;T / 330&#176;M<br/>8364 km<br/>Terrain horizon +1.1&#176;, foreground downslope 0.0&#176;]]></description><LineString><tessellate>1</tessellate><coordinates>-121.99659167,47.63405833,0 -122.00323782,47.65147669,0</coordinates></LineString></Placemark>
</Folder>
</Document></kml>