<?xml version="1.0" encoding="UTF-8"?>
<kml xmlns="http://www.opengis.net/kml/2.2"><Document>
<name>JYR8010 EFHW deployment options - CN97ap</name>
<description>Every candidate deployment for the 39.6 m EFHW, plus reference points, parcel line and target bearing rays. Folders are numbered by three-band rank. PINK = the antenna actually up now (operator GPX, CURRENT), RED = garden-post options, GREEN (spring) = 10 ft feed family, WHITE = ONE-SUPPORT sloper (K = known tree, C = rotation locked to a yard corner, G = best found by search, RF = roof feed), ORANGE = tall sloper (T class), GREEN = recommended flat-top, CYAN = inverted-V, MAGENTA = short sloper, RED = baseline, YELLOW = operator reference points.</description>
<Style id="optC"><LineStyle><color>ffb469ff</color><width>9</width></LineStyle><PolyStyle><fill>0</fill></PolyStyle><IconStyle><color>ffb469ff</color><scale>1.1</scale><Icon><href>http://maps.google.com/mapfiles/kml/paddle/wht-blank.png</href></Icon></IconStyle></Style>
<Style id="optX"><LineStyle><color>ff00d7ff</color><width>6</width></LineStyle><PolyStyle><fill>0</fill></PolyStyle><IconStyle><color>ff00d7ff</color><scale>1.1</scale><Icon><href>http://maps.google.com/mapfiles/kml/paddle/wht-blank.png</href></Icon></IconStyle></Style>
<Style id="optW"><LineStyle><color>ffff9933</color><width>6</width></LineStyle><PolyStyle><fill>0</fill></PolyStyle><IconStyle><color>ffff9933</color><scale>1.1</scale><Icon><href>http://maps.google.com/mapfiles/kml/paddle/wht-blank.png</href></Icon></IconStyle></Style>
<Style id="optR"><LineStyle><color>ff2020ff</color><width>7</width></LineStyle><PolyStyle><fill>0</fill></PolyStyle><IconStyle><color>ff2020ff</color><scale>1.1</scale><Icon><href>http://maps.google.com/mapfiles/kml/paddle/wht-blank.png</href></Icon></IconStyle></Style>
<Style id="optF"><LineStyle><color>ff40ff80</color><width>6</width></LineStyle><PolyStyle><fill>0</fill></PolyStyle><IconStyle><color>ff40ff80</color><scale>1.1</scale><Icon><href>http://maps.google.com/mapfiles/kml/paddle/wht-blank.png</href></Icon></IconStyle></Style>
<Style id="optG"><LineStyle><color>ffffffff</color><width>6</width></LineStyle><PolyStyle><fill>0</fill></PolyStyle><IconStyle><color>ffffffff</color><scale>1.1</scale><Icon><href>http://maps.google.com/mapfiles/kml/paddle/wht-blank.png</href></Icon></IconStyle></Style>
<Style id="optT"><LineStyle><color>ff0080ff</color><width>6</width></LineStyle><PolyStyle><fill>0</fill></PolyStyle><IconStyle><color>ff0080ff</color><scale>1.1</scale><Icon><href>http://maps.google.com/mapfiles/kml/paddle/wht-blank.png</href></Icon></IconStyle></Style>
<Style id="optA"><LineStyle><color>ff00ff00</color><width>5</width></LineStyle><PolyStyle><fill>0</fill></PolyStyle><IconStyle><color>ff00ff00</color><scale>1.1</scale><Icon><href>http://maps.google.com/mapfiles/kml/paddle/wht-blank.png</href></Icon></IconStyle></Style>
<Style id="optV"><LineStyle><color>ffffff00</color><width>4</width></LineStyle><PolyStyle><fill>0</fill></PolyStyle><IconStyle><color>ffffff00</color><scale>1.1</scale><Icon><href>http://maps.google.com/mapfiles/kml/paddle/wht-blank.png</href></Icon></IconStyle></Style>
<Style id="optS"><LineStyle><color>ffff00ff</color><width>4</width></LineStyle><PolyStyle><fill>0</fill></PolyStyle><IconStyle><color>ffff00ff</color><scale>1.1</scale><Icon><href>http://maps.google.com/mapfiles/kml/paddle/wht-blank.png</href></Icon></IconStyle></Style>
<Style id="base"><LineStyle><color>ff0000ff</color><width>4</width></LineStyle><PolyStyle><fill>0</fill></PolyStyle><IconStyle><color>ff0000ff</color><scale>1.1</scale><Icon><href>http://maps.google.com/mapfiles/kml/paddle/wht-blank.png</href></Icon></IconStyle></Style>
<Style id="ref"><LineStyle><color>ff00ffff</color><width>3</width></LineStyle><PolyStyle><fill>0</fill></PolyStyle><IconStyle><color>ff00ffff</color><scale>1.1</scale><Icon><href>http://maps.google.com/mapfiles/kml/paddle/wht-blank.png</href></Icon></IconStyle></Style>
<Style id="parcel"><LineStyle><color>ff909090</color><width>3</width></LineStyle><PolyStyle><fill>0</fill></PolyStyle><IconStyle><color>ff909090</color><scale>1.1</scale><Icon><href>http://maps.google.com/mapfiles/kml/paddle/wht-blank.png</href></Icon></IconStyle></Style>
<Style id="ray"><LineStyle><color>ff606060</color><width>2</width></LineStyle><PolyStyle><fill>0</fill></PolyStyle><IconStyle><color>ff606060</color><scale>1.1</scale><Icon><href>http://maps.google.com/mapfiles/kml/paddle/wht-blank.png</href></Icon></IconStyle></Style>
<Folder><name>Reference points (operator supplied)</name>
<Placemark><name>feed / start (FIXED)</name><styleUrl>#ref</styleUrl><description><![CDATA[Transformer location. NE corner of the house.<br/>0.0 m (0 ft) from feed at 0.0&#176;T / 345&#176;M<br/>47°38'02.61"N 121°59'47.73"W]]></description><Point><coordinates>-121.99659167,47.63405833,0</coordinates></Point></Placemark>
<Placemark><name>apex tree</name><styleUrl>#ref</styleUrl><description><![CDATA[Primary high support. 50 ft+ by throw line.<br/>16.0 m (53 ft) from feed at 82.2&#176;T / 67&#176;M<br/>47°38'02.68"N 121°59'46.97"W]]></description><Point><coordinates>-121.99638056,47.63407778,0</coordinates></Point></Placemark>
<Placemark><name>end (original mark)</name><styleUrl>#ref</styleUrl><description><![CDATA[Superseded - the 39.6 m wire does not fit the path this implied.<br/>23.0 m (75 ft) from feed at 105.6&#176;T / 90&#176;M<br/>47°38'02.41"N 121°59'46.67"W]]></description><Point><coordinates>-121.99629722,47.63400278,0</coordinates></Point></Placemark>
<Placemark><name>front yard corner</name><styleUrl>#ref</styleUrl><description><![CDATA[Candidate anchor. Rejected - nulls Asia.<br/>7.1 m (23 ft) from feed at 325.9&#176;T / 311&#176;M<br/>47°38'02.80"N 121°59'47.92"W]]></description><Point><coordinates>-121.99664444,47.63411111,0</coordinates></Point></Placemark>
<Placemark><name>backyard corner</name><styleUrl>#ref</styleUrl><description><![CDATA[SE corner of the house.<br/>12.3 m (40 ft) from feed at 154.9&#176;T / 140&#176;M<br/>47°38'02.25"N 121°59'47.48"W]]></description><Point><coordinates>-121.99652222,47.63395833,0</coordinates></Point></Placemark>
<Placemark><name>front yard driveway corner</name><styleUrl>#ref</styleUrl><description><![CDATA[Candidate anchor. Rejected.<br/>18.9 m (62 ft) from feed at 255.8&#176;T / 241&#176;M<br/>47°38'02.46"N 121°59'48.61"W]]></description><Point><coordinates>-121.99683611,47.63401667,0</coordinates></Point></Placemark>
</Folder>
<Folder><name>#1 R-L2 - Inverted-L from the roof, rising to 67 ft 74 ft out at 272°M, then 44 ft hanging down</name><description><![CDATA[<b>#1 of 33</b> on the 3-band ranking<br/>Inverted-L from the roof, rising to 67 ft 74 ft out at 272°M, then 44 ft hanging down<br/><b>Deployment:</b> 2 elevated anchors, highest 67 ft (hard throw)<br/>Average height 45.8 ft<br/>20 m take-off 22.3&#176;<br/><br/><b>3-band (40/20/15 m): -0.75 dBi, 59/75 cells, 25/25 regions reachable on at least one band</b><br/><br/><table border=1 cellpadding=3><tr><th>band</th><th>agg dBi</th><th>regions</th><th>Imax ht</th><th>peak elev</th></tr><tr><td>80m</td><td align=right>-2.66 dBi</td><td align=right>23/25</td><td align=right>57 ft</td><td align=right>zenith</td></tr><tr><td>40m</td><td align=right>-2.34 dBi</td><td align=right>22/25</td><td align=right>48 ft</td><td align=right>49&#176;</td></tr><tr><td>20m</td><td align=right>-0.74 dBi</td><td align=right>15/25</td><td align=right>47 ft</td><td align=right>22&#176;</td></tr><tr><td>15m</td><td align=right>+0.41 dBi</td><td align=right>22/25</td><td align=right>46 ft</td><td align=right>15&#176;</td></tr><tr><td>10m</td><td align=right>+0.10 dBi</td><td align=right>19/25</td><td align=right>46 ft</td><td align=right>11&#176;</td></tr></table>]]></description>
<Placemark><name>R-L2 feed</name><styleUrl>#optX</styleUrl><description><![CDATA[<b>#1 of 33</b> on the 3-band ranking<br/>Inverted-L from the roof, rising to 67 ft 74 ft out at 272°M, then 44 ft hanging down<br/><b>Deployment:</b> 2 elevated anchors, highest 67 ft (hard throw)<br/>Average height 45.8 ft<br/>20 m take-off 22.3&#176;<br/><br/><b>3-band (40/20/15 m): -0.75 dBi, 59/75 cells, 25/25 regions reachable on at least one band</b><br/><br/><table border=1 cellpadding=3><tr><th>band</th><th>agg dBi</th><th>regions</th><th>Imax ht</th><th>peak elev</th></tr><tr><td>80m</td><td align=right>-2.66 dBi</td><td align=right>23/25</td><td align=right>57 ft</td><td align=right>zenith</td></tr><tr><td>40m</td><td align=right>-2.34 dBi</td><td align=right>22/25</td><td align=right>48 ft</td><td align=right>49&#176;</td></tr><tr><td>20m</td><td align=right>-0.74 dBi</td><td align=right>15/25</td><td align=right>47 ft</td><td align=right>22&#176;</td></tr><tr><td>15m</td><td align=right>+0.41 dBi</td><td align=right>22/25</td><td align=right>46 ft</td><td align=right>15&#176;</td></tr><tr><td>10m</td><td align=right>+0.10 dBi</td><td align=right>19/25</td><td align=right>46 ft</td><td align=right>11&#176;</td></tr></table><br/><br/><br/>Height: 25 ft AGL<br/>15.0 m (49 ft) from feed at 225.5&#176;T / 210&#176;M<br/>47°38'02.27"N 121°59'48.24"W]]></description><Point><coordinates>-121.99673405,47.63396389,0</coordinates></Point></Placemark>
<Placemark><name>R-L2 support top</name><styleUrl>#optX</styleUrl><description><![CDATA[<b>#1 of 33</b> on the 3-band ranking<br/>Inverted-L from the roof, rising to 67 ft 74 ft out at 272°M, then 44 ft hanging down<br/><b>Deployment:</b> 2 elevated anchors, highest 67 ft (hard throw)<br/>Average height 45.8 ft<br/>20 m take-off 22.3&#176;<br/><br/><b>3-band (40/20/15 m): -0.75 dBi, 59/75 cells, 25/25 regions reachable on at least one band</b><br/><br/><table border=1 cellpadding=3><tr><th>band</th><th>agg dBi</th><th>regions</th><th>Imax ht</th><th>peak elev</th></tr><tr><td>80m</td><td align=right>-2.66 dBi</td><td align=right>23/25</td><td align=right>57 ft</td><td align=right>zenith</td></tr><tr><td>40m</td><td align=right>-2.34 dBi</td><td align=right>22/25</td><td align=right>48 ft</td><td align=right>49&#176;</td></tr><tr><td>20m</td><td align=right>-0.74 dBi</td><td align=right>15/25</td><td align=right>47 ft</td><td align=right>22&#176;</td></tr><tr><td>15m</td><td align=right>+0.41 dBi</td><td align=right>22/25</td><td align=right>46 ft</td><td align=right>15&#176;</td></tr><tr><td>10m</td><td align=right>+0.10 dBi</td><td align=right>19/25</td><td align=right>46 ft</td><td align=right>11&#176;</td></tr></table><br/><br/><br/>Height: 67 ft AGL<br/>32.5 m (107 ft) from feed at 263.6&#176;T / 248&#176;M<br/>47°38'02.49"N 121°59'49.28"W]]></description><Point><coordinates>-121.99702164,47.63402565,0</coordinates></Point></Placemark>
<Placemark><name>R-L2 hanging end</name><styleUrl>#optX</styleUrl><description><![CDATA[<b>#1 of 33</b> on the 3-band ranking<br/>Inverted-L from the roof, rising to 67 ft 74 ft out at 272°M, then 44 ft hanging down<br/><b>Deployment:</b> 2 elevated anchors, highest 67 ft (hard throw)<br/>Average height 45.8 ft<br/>20 m take-off 22.3&#176;<br/><br/><b>3-band (40/20/15 m): -0.75 dBi, 59/75 cells, 25/25 regions reachable on at least one band</b><br/><br/><table border=1 cellpadding=3><tr><th>band</th><th>agg dBi</th><th>regions</th><th>Imax ht</th><th>peak elev</th></tr><tr><td>80m</td><td align=right>-2.66 dBi</td><td align=right>23/25</td><td align=right>57 ft</td><td align=right>zenith</td></tr><tr><td>40m</td><td align=right>-2.34 dBi</td><td align=right>22/25</td><td align=right>48 ft</td><td align=right>49&#176;</td></tr><tr><td>20m</td><td align=right>-0.74 dBi</td><td align=right>15/25</td><td align=right>47 ft</td><td align=right>22&#176;</td></tr><tr><td>15m</td><td align=right>+0.41 dBi</td><td align=right>22/25</td><td align=right>46 ft</td><td align=right>15&#176;</td></tr><tr><td>10m</td><td align=right>+0.10 dBi</td><td align=right>19/25</td><td align=right>46 ft</td><td align=right>11&#176;</td></tr></table><br/><br/><br/>Height: 23 ft AGL<br/>32.5 m (107 ft) from feed at 263.6&#176;T / 248&#176;M<br/>47°38'02.49"N 121°59'49.28"W]]></description><Point><coordinates>-121.99702164,47.63402565,0</coordinates></Point></Placemark>
<Placemark><name>R-L2 wire</name><styleUrl>#optX</styleUrl><description><![CDATA[<b>#1 of 33</b> on the 3-band ranking<br/>Inverted-L from the roof, rising to 67 ft 74 ft out at 272°M, then 44 ft hanging down<br/><b>Deployment:</b> 2 elevated anchors, highest 67 ft (hard throw)<br/>Average height 45.8 ft<br/>20 m take-off 22.3&#176;<br/><br/><b>3-band (40/20/15 m): -0.75 dBi, 59/75 cells, 25/25 regions reachable on at least one band</b><br/><br/><table border=1 cellpadding=3><tr><th>band</th><th>agg dBi</th><th>regions</th><th>Imax ht</th><th>peak elev</th></tr><tr><td>80m</td><td align=right>-2.66 dBi</td><td align=right>23/25</td><td align=right>57 ft</td><td align=right>zenith</td></tr><tr><td>40m</td><td align=right>-2.34 dBi</td><td align=right>22/25</td><td align=right>48 ft</td><td align=right>49&#176;</td></tr><tr><td>20m</td><td align=right>-0.74 dBi</td><td align=right>15/25</td><td align=right>47 ft</td><td align=right>22&#176;</td></tr><tr><td>15m</td><td align=right>+0.41 dBi</td><td align=right>22/25</td><td align=right>46 ft</td><td align=right>15&#176;</td></tr><tr><td>10m</td><td align=right>+0.10 dBi</td><td align=right>19/25</td><td align=right>46 ft</td><td align=right>11&#176;</td></tr></table>]]></description><LineString><tessellate>1</tessellate><coordinates>-121.99673405,47.63396389,0 -121.99702164,47.63402565,0 -121.99702164,47.63402565,0</coordinates></LineString></Placemark>
</Folder>
<Folder><name>#2 R-L1 - Inverted-L from the roof, rising to 62 ft 77 ft out at 257°M, then 44 ft hanging down</name><description><![CDATA[<b>#2 of 33</b> on the 3-band ranking<br/>Inverted-L from the roof, rising to 62 ft 77 ft out at 257°M, then 44 ft hanging down<br/><b>Deployment:</b> 2 elevated anchors, highest 62 ft (hard throw)<br/>Average height 42.3 ft<br/>20 m take-off 24.3&#176;<br/><br/><b>3-band (40/20/15 m): -0.33 dBi, 58/75 cells, 25/25 regions reachable on at least one band</b><br/><br/><table border=1 cellpadding=3><tr><th>band</th><th>agg dBi</th><th>regions</th><th>Imax ht</th><th>peak elev</th></tr><tr><td>80m</td><td align=right>-2.64 dBi</td><td align=right>24/25</td><td align=right>53 ft</td><td align=right>zenith</td></tr><tr><td>40m</td><td align=right>-2.35 dBi</td><td align=right>21/25</td><td align=right>45 ft</td><td align=right>55&#176;</td></tr><tr><td>20m</td><td align=right>-0.81 dBi</td><td align=right>17/25</td><td align=right>43 ft</td><td align=right>24&#176;</td></tr><tr><td>15m</td><td align=right>+1.37 dBi</td><td align=right>20/25</td><td align=right>42 ft</td><td align=right>16&#176;</td></tr><tr><td>10m</td><td align=right>+1.69 dBi</td><td align=right>20/25</td><td align=right>42 ft</td><td align=right>12&#176;</td></tr></table>]]></description>
<Placemark><name>R-L1 feed</name><styleUrl>#optX</styleUrl><description><![CDATA[<b>#2 of 33</b> on the 3-band ranking<br/>Inverted-L from the roof, rising to 62 ft 77 ft out at 257°M, then 44 ft hanging down<br/><b>Deployment:</b> 2 elevated anchors, highest 62 ft (hard throw)<br/>Average height 42.3 ft<br/>20 m take-off 24.3&#176;<br/><br/><b>3-band (40/20/15 m): -0.33 dBi, 58/75 cells, 25/25 regions reachable on at least one band</b><br/><br/><table border=1 cellpadding=3><tr><th>band</th><th>agg dBi</th><th>regions</th><th>Imax ht</th><th>peak elev</th></tr><tr><td>80m</td><td align=right>-2.64 dBi</td><td align=right>24/25</td><td align=right>53 ft</td><td align=right>zenith</td></tr><tr><td>40m</td><td align=right>-2.35 dBi</td><td align=right>21/25</td><td align=right>45 ft</td><td align=right>55&#176;</td></tr><tr><td>20m</td><td align=right>-0.81 dBi</td><td align=right>17/25</td><td align=right>43 ft</td><td align=right>24&#176;</td></tr><tr><td>15m</td><td align=right>+1.37 dBi</td><td align=right>20/25</td><td align=right>42 ft</td><td align=right>16&#176;</td></tr><tr><td>10m</td><td align=right>+1.69 dBi</td><td align=right>20/25</td><td align=right>42 ft</td><td align=right>12&#176;</td></tr></table><br/><br/><br/>Height: 25 ft AGL<br/>15.0 m (49 ft) from feed at 225.5&#176;T / 210&#176;M<br/>47°38'02.27"N 121°59'48.24"W]]></description><Point><coordinates>-121.99673405,47.63396389,0</coordinates></Point></Placemark>
<Placemark><name>R-L1 support top</name><styleUrl>#optX</styleUrl><description><![CDATA[<b>#2 of 33</b> on the 3-band ranking<br/>Inverted-L from the roof, rising to 62 ft 77 ft out at 257°M, then 44 ft hanging down<br/><b>Deployment:</b> 2 elevated anchors, highest 62 ft (hard throw)<br/>Average height 42.3 ft<br/>20 m take-off 24.3&#176;<br/><br/><b>3-band (40/20/15 m): -0.33 dBi, 58/75 cells, 25/25 regions reachable on at least one band</b><br/><br/><table border=1 cellpadding=3><tr><th>band</th><th>agg dBi</th><th>regions</th><th>Imax ht</th><th>peak elev</th></tr><tr><td>80m</td><td align=right>-2.64 dBi</td><td align=right>24/25</td><td align=right>53 ft</td><td align=right>zenith</td></tr><tr><td>40m</td><td align=right>-2.35 dBi</td><td align=right>21/25</td><td align=right>45 ft</td><td align=right>55&#176;</td></tr><tr><td>20m</td><td align=right>-0.81 dBi</td><td align=right>17/25</td><td align=right>43 ft</td><td align=right>24&#176;</td></tr><tr><td>15m</td><td align=right>+1.37 dBi</td><td align=right>20/25</td><td align=right>42 ft</td><td align=right>16&#176;</td></tr><tr><td>10m</td><td align=right>+1.69 dBi</td><td align=right>20/25</td><td align=right>42 ft</td><td align=right>12&#176;</td></tr></table><br/><br/><br/>Height: 62 ft AGL<br/>35.5 m (116 ft) from feed at 254.5&#176;T / 239&#176;M<br/>47°38'02.30"N 121°59'49.37"W]]></description><Point><coordinates>-121.99704675,47.63397289,0</coordinates></Point></Placemark>
<Placemark><name>R-L1 hanging end</name><styleUrl>#optX</styleUrl><description><![CDATA[<b>#2 of 33</b> on the 3-band ranking<br/>Inverted-L from the roof, rising to 62 ft 77 ft out at 257°M, then 44 ft hanging down<br/><b>Deployment:</b> 2 elevated anchors, highest 62 ft (hard throw)<br/>Average height 42.3 ft<br/>20 m take-off 24.3&#176;<br/><br/><b>3-band (40/20/15 m): -0.33 dBi, 58/75 cells, 25/25 regions reachable on at least one band</b><br/><br/><table border=1 cellpadding=3><tr><th>band</th><th>agg dBi</th><th>regions</th><th>Imax ht</th><th>peak elev</th></tr><tr><td>80m</td><td align=right>-2.64 dBi</td><td align=right>24/25</td><td align=right>53 ft</td><td align=right>zenith</td></tr><tr><td>40m</td><td align=right>-2.35 dBi</td><td align=right>21/25</td><td align=right>45 ft</td><td align=right>55&#176;</td></tr><tr><td>20m</td><td align=right>-0.81 dBi</td><td align=right>17/25</td><td align=right>43 ft</td><td align=right>24&#176;</td></tr><tr><td>15m</td><td align=right>+1.37 dBi</td><td align=right>20/25</td><td align=right>42 ft</td><td align=right>16&#176;</td></tr><tr><td>10m</td><td align=right>+1.69 dBi</td><td align=right>20/25</td><td align=right>42 ft</td><td align=right>12&#176;</td></tr></table><br/><br/><br/>Height: 18 ft AGL<br/>35.5 m (116 ft) from feed at 254.5&#176;T / 239&#176;M<br/>47°38'02.30"N 121°59'49.37"W]]></description><Point><coordinates>-121.99704675,47.63397289,0</coordinates></Point></Placemark>
<Placemark><name>R-L1 wire</name><styleUrl>#optX</styleUrl><description><![CDATA[<b>#2 of 33</b> on the 3-band ranking<br/>Inverted-L from the roof, rising to 62 ft 77 ft out at 257°M, then 44 ft hanging down<br/><b>Deployment:</b> 2 elevated anchors, highest 62 ft (hard throw)<br/>Average height 42.3 ft<br/>20 m take-off 24.3&#176;<br/><br/><b>3-band (40/20/15 m): -0.33 dBi, 58/75 cells, 25/25 regions reachable on at least one band</b><br/><br/><table border=1 cellpadding=3><tr><th>band</th><th>agg dBi</th><th>regions</th><th>Imax ht</th><th>peak elev</th></tr><tr><td>80m</td><td align=right>-2.64 dBi</td><td align=right>24/25</td><td align=right>53 ft</td><td align=right>zenith</td></tr><tr><td>40m</td><td align=right>-2.35 dBi</td><td align=right>21/25</td><td align=right>45 ft</td><td align=right>55&#176;</td></tr><tr><td>20m</td><td align=right>-0.81 dBi</td><td align=right>17/25</td><td align=right>43 ft</td><td align=right>24&#176;</td></tr><tr><td>15m</td><td align=right>+1.37 dBi</td><td align=right>20/25</td><td align=right>42 ft</td><td align=right>16&#176;</td></tr><tr><td>10m</td><td align=right>+1.69 dBi</td><td align=right>20/25</td><td align=right>42 ft</td><td align=right>12&#176;</td></tr></table>]]></description><LineString><tessellate>1</tessellate><coordinates>-121.99673405,47.63396389,0 -121.99704675,47.63397289,0 -121.99704675,47.63397289,0</coordinates></LineString></Placemark>
</Folder>
<Folder><name>#3 SRCH-L1 - Inverted-L from the transformer, rising to 53 ft 87 ft out at 256°M, then 33 ft hanging down</name><description><![CDATA[<b>#3 of 33</b> on the 3-band ranking<br/>Inverted-L from the transformer, rising to 53 ft 87 ft out at 256°M, then 33 ft hanging down<br/><b>Deployment:</b> 2 elevated anchors, highest 53 ft (easy throw)<br/>Average height 32.5 ft<br/>20 m take-off 32.3&#176;<br/><br/><b>3-band (40/20/15 m): -0.59 dBi, 58/75 cells, 25/25 regions reachable on at least one band</b><br/><br/><table border=1 cellpadding=3><tr><th>band</th><th>agg dBi</th><th>regions</th><th>Imax ht</th><th>peak elev</th></tr><tr><td>80m</td><td align=right>-2.70 dBi</td><td align=right>24/25</td><td align=right>39 ft</td><td align=right>zenith</td></tr><tr><td>40m</td><td align=right>-2.18 dBi</td><td align=right>23/25</td><td align=right>38 ft</td><td align=right>zenith</td></tr><tr><td>20m</td><td align=right>-1.67 dBi</td><td align=right>16/25</td><td align=right>33 ft</td><td align=right>32&#176;</td></tr><tr><td>15m</td><td align=right>+1.24 dBi</td><td align=right>19/25</td><td align=right>33 ft</td><td align=right>21&#176;</td></tr><tr><td>10m</td><td align=right>+1.74 dBi</td><td align=right>17/25</td><td align=right>33 ft</td><td align=right>15&#176;</td></tr></table>]]></description>
<Placemark><name>SRCH-L1 feed</name><styleUrl>#optX</styleUrl><description><![CDATA[<b>#3 of 33</b> on the 3-band ranking<br/>Inverted-L from the transformer, rising to 53 ft 87 ft out at 256°M, then 33 ft hanging down<br/><b>Deployment:</b> 2 elevated anchors, highest 53 ft (easy throw)<br/>Average height 32.5 ft<br/>20 m take-off 32.3&#176;<br/><br/><b>3-band (40/20/15 m): -0.59 dBi, 58/75 cells, 25/25 regions reachable on at least one band</b><br/><br/><table border=1 cellpadding=3><tr><th>band</th><th>agg dBi</th><th>regions</th><th>Imax ht</th><th>peak elev</th></tr><tr><td>80m</td><td align=right>-2.70 dBi</td><td align=right>24/25</td><td align=right>39 ft</td><td align=right>zenith</td></tr><tr><td>40m</td><td align=right>-2.18 dBi</td><td align=right>23/25</td><td align=right>38 ft</td><td align=right>zenith</td></tr><tr><td>20m</td><td align=right>-1.67 dBi</td><td align=right>16/25</td><td align=right>33 ft</td><td align=right>32&#176;</td></tr><tr><td>15m</td><td align=right>+1.24 dBi</td><td align=right>19/25</td><td align=right>33 ft</td><td align=right>21&#176;</td></tr><tr><td>10m</td><td align=right>+1.74 dBi</td><td align=right>17/25</td><td align=right>33 ft</td><td align=right>15&#176;</td></tr></table><br/><br/><br/>Height: 10 ft AGL<br/>0.0 m (0 ft) from feed at 0.0&#176;T / 345&#176;M<br/>47°38'02.61"N 121°59'47.73"W]]></description><Point><coordinates>-121.99659167,47.63405833,0</coordinates></Point></Placemark>
<Placemark><name>SRCH-L1 support top</name><styleUrl>#optX</styleUrl><description><![CDATA[<b>#3 of 33</b> on the 3-band ranking<br/>Inverted-L from the transformer, rising to 53 ft 87 ft out at 256°M, then 33 ft hanging down<br/><b>Deployment:</b> 2 elevated anchors, highest 53 ft (easy throw)<br/>Average height 32.5 ft<br/>20 m take-off 32.3&#176;<br/><br/><b>3-band (40/20/15 m): -0.59 dBi, 58/75 cells, 25/25 regions reachable on at least one band</b><br/><br/><table border=1 cellpadding=3><tr><th>band</th><th>agg dBi</th><th>regions</th><th>Imax ht</th><th>peak elev</th></tr><tr><td>80m</td><td align=right>-2.70 dBi</td><td align=right>24/25</td><td align=right>39 ft</td><td align=right>zenith</td></tr><tr><td>40m</td><td align=right>-2.18 dBi</td><td align=right>23/25</td><td align=right>38 ft</td><td align=right>zenith</td></tr><tr><td>20m</td><td align=right>-1.67 dBi</td><td align=right>16/25</td><td align=right>33 ft</td><td align=right>32&#176;</td></tr><tr><td>15m</td><td align=right>+1.24 dBi</td><td align=right>19/25</td><td align=right>33 ft</td><td align=right>21&#176;</td></tr><tr><td>10m</td><td align=right>+1.74 dBi</td><td align=right>17/25</td><td align=right>33 ft</td><td align=right>15&#176;</td></tr></table><br/><br/><br/>Height: 53 ft AGL<br/>26.5 m (87 ft) from feed at 271.1&#176;T / 256&#176;M<br/>47°38'02.63"N 121°59'49.00"W]]></description><Point><coordinates>-121.99694429,47.63406283,0</coordinates></Point></Placemark>
<Placemark><name>SRCH-L1 hanging end</name><styleUrl>#optX</styleUrl><description><![CDATA[<b>#3 of 33</b> on the 3-band ranking<br/>Inverted-L from the transformer, rising to 53 ft 87 ft out at 256°M, then 33 ft hanging down<br/><b>Deployment:</b> 2 elevated anchors, highest 53 ft (easy throw)<br/>Average height 32.5 ft<br/>20 m take-off 32.3&#176;<br/><br/><b>3-band (40/20/15 m): -0.59 dBi, 58/75 cells, 25/25 regions reachable on at least one band</b><br/><br/><table border=1 cellpadding=3><tr><th>band</th><th>agg dBi</th><th>regions</th><th>Imax ht</th><th>peak elev</th></tr><tr><td>80m</td><td align=right>-2.70 dBi</td><td align=right>24/25</td><td align=right>39 ft</td><td align=right>zenith</td></tr><tr><td>40m</td><td align=right>-2.18 dBi</td><td align=right>23/25</td><td align=right>38 ft</td><td align=right>zenith</td></tr><tr><td>20m</td><td align=right>-1.67 dBi</td><td align=right>16/25</td><td align=right>33 ft</td><td align=right>32&#176;</td></tr><tr><td>15m</td><td align=right>+1.24 dBi</td><td align=right>19/25</td><td align=right>33 ft</td><td align=right>21&#176;</td></tr><tr><td>10m</td><td align=right>+1.74 dBi</td><td align=right>17/25</td><td align=right>33 ft</td><td align=right>15&#176;</td></tr></table><br/><br/><br/>Height: 20 ft AGL<br/>26.5 m (87 ft) from feed at 271.1&#176;T / 256&#176;M<br/>47°38'02.63"N 121°59'49.00"W]]></description><Point><coordinates>-121.99694429,47.63406283,0</coordinates></Point></Placemark>
<Placemark><name>SRCH-L1 wire</name><styleUrl>#optX</styleUrl><description><![CDATA[<b>#3 of 33</b> on the 3-band ranking<br/>Inverted-L from the transformer, rising to 53 ft 87 ft out at 256°M, then 33 ft hanging down<br/><b>Deployment:</b> 2 elevated anchors, highest 53 ft (easy throw)<br/>Average height 32.5 ft<br/>20 m take-off 32.3&#176;<br/><br/><b>3-band (40/20/15 m): -0.59 dBi, 58/75 cells, 25/25 regions reachable on at least one band</b><br/><br/><table border=1 cellpadding=3><tr><th>band</th><th>agg dBi</th><th>regions</th><th>Imax ht</th><th>peak elev</th></tr><tr><td>80m</td><td align=right>-2.70 dBi</td><td align=right>24/25</td><td align=right>39 ft</td><td align=right>zenith</td></tr><tr><td>40m</td><td align=right>-2.18 dBi</td><td align=right>23/25</td><td align=right>38 ft</td><td align=right>zenith</td></tr><tr><td>20m</td><td align=right>-1.67 dBi</td><td align=right>16/25</td><td align=right>33 ft</td><td align=right>32&#176;</td></tr><tr><td>15m</td><td align=right>+1.24 dBi</td><td align=right>19/25</td><td align=right>33 ft</td><td align=right>21&#176;</td></tr><tr><td>10m</td><td align=right>+1.74 dBi</td><td align=right>17/25</td><td align=right>33 ft</td><td align=right>15&#176;</td></tr></table>]]></description><LineString><tessellate>1</tessellate><coordinates>-121.99659167,47.63405833,0 -121.99694429,47.63406283,0 -121.99694429,47.63406283,0</coordinates></LineString></Placemark>
</Folder>
<Folder><name>#4 SRCH-L3 - Inverted-L from the transformer, rising to 56 ft 84 ft out at 237°M, then 34 ft hanging down</name><description><![CDATA[<b>#4 of 33</b> on the 3-band ranking<br/>Inverted-L from the transformer, rising to 56 ft 84 ft out at 237°M, then 34 ft hanging down<br/><b>Deployment:</b> 2 elevated anchors, highest 56 ft (hard throw)<br/>Average height 34.4 ft<br/>20 m take-off 30.3&#176;<br/><br/><b>3-band (40/20/15 m): -1.06 dBi, 57/75 cells, 24/25 regions reachable on at least one band</b><br/><br/><table border=1 cellpadding=3><tr><th>band</th><th>agg dBi</th><th>regions</th><th>Imax ht</th><th>peak elev</th></tr><tr><td>80m</td><td align=right>-2.66 dBi</td><td align=right>25/25</td><td align=right>41 ft</td><td align=right>zenith</td></tr><tr><td>40m</td><td align=right>-2.03 dBi</td><td align=right>24/25</td><td align=right>40 ft</td><td align=right>zenith</td></tr><tr><td>20m</td><td align=right>-0.57 dBi</td><td align=right>18/25</td><td align=right>34 ft</td><td align=right>30&#176;</td></tr><tr><td>15m</td><td align=right>-0.71 dBi</td><td align=right>15/25</td><td align=right>35 ft</td><td align=right>20&#176;</td></tr><tr><td>10m</td><td align=right>-2.69 dBi</td><td align=right>11/25</td><td align=right>34 ft</td><td align=right>15&#176;</td></tr></table>]]></description>
<Placemark><name>SRCH-L3 feed</name><styleUrl>#optX</styleUrl><description><![CDATA[<b>#4 of 33</b> on the 3-band ranking<br/>Inverted-L from the transformer, rising to 56 ft 84 ft out at 237°M, then 34 ft hanging down<br/><b>Deployment:</b> 2 elevated anchors, highest 56 ft (hard throw)<br/>Average height 34.4 ft<br/>20 m take-off 30.3&#176;<br/><br/><b>3-band (40/20/15 m): -1.06 dBi, 57/75 cells, 24/25 regions reachable on at least one band</b><br/><br/><table border=1 cellpadding=3><tr><th>band</th><th>agg dBi</th><th>regions</th><th>Imax ht</th><th>peak elev</th></tr><tr><td>80m</td><td align=right>-2.66 dBi</td><td align=right>25/25</td><td align=right>41 ft</td><td align=right>zenith</td></tr><tr><td>40m</td><td align=right>-2.03 dBi</td><td align=right>24/25</td><td align=right>40 ft</td><td align=right>zenith</td></tr><tr><td>20m</td><td align=right>-0.57 dBi</td><td align=right>18/25</td><td align=right>34 ft</td><td align=right>30&#176;</td></tr><tr><td>15m</td><td align=right>-0.71 dBi</td><td align=right>15/25</td><td align=right>35 ft</td><td align=right>20&#176;</td></tr><tr><td>10m</td><td align=right>-2.69 dBi</td><td align=right>11/25</td><td align=right>34 ft</td><td align=right>15&#176;</td></tr></table><br/><br/><br/>Height: 10 ft AGL<br/>0.0 m (0 ft) from feed at 0.0&#176;T / 345&#176;M<br/>47°38'02.61"N 121°59'47.73"W]]></description><Point><coordinates>-121.99659167,47.63405833,0</coordinates></Point></Placemark>
<Placemark><name>SRCH-L3 support top</name><styleUrl>#optX</styleUrl><description><![CDATA[<b>#4 of 33</b> on the 3-band ranking<br/>Inverted-L from the transformer, rising to 56 ft 84 ft out at 237°M, then 34 ft hanging down<br/><b>Deployment:</b> 2 elevated anchors, highest 56 ft (hard throw)<br/>Average height 34.4 ft<br/>20 m take-off 30.3&#176;<br/><br/><b>3-band (40/20/15 m): -1.06 dBi, 57/75 cells, 24/25 regions reachable on at least one band</b><br/><br/><table border=1 cellpadding=3><tr><th>band</th><th>agg dBi</th><th>regions</th><th>Imax ht</th><th>peak elev</th></tr><tr><td>80m</td><td align=right>-2.66 dBi</td><td align=right>25/25</td><td align=right>41 ft</td><td align=right>zenith</td></tr><tr><td>40m</td><td align=right>-2.03 dBi</td><td align=right>24/25</td><td align=right>40 ft</td><td align=right>zenith</td></tr><tr><td>20m</td><td align=right>-0.57 dBi</td><td align=right>18/25</td><td align=right>34 ft</td><td align=right>30&#176;</td></tr><tr><td>15m</td><td align=right>-0.71 dBi</td><td align=right>15/25</td><td align=right>35 ft</td><td align=right>20&#176;</td></tr><tr><td>10m</td><td align=right>-2.69 dBi</td><td align=right>11/25</td><td align=right>34 ft</td><td align=right>15&#176;</td></tr></table><br/><br/><br/>Height: 56 ft AGL<br/>25.7 m (84 ft) from feed at 252.1&#176;T / 237&#176;M<br/>47°38'02.35"N 121°59'48.90"W]]></description><Point><coordinates>-121.99691677,47.63398735,0</coordinates></Point></Placemark>
<Placemark><name>SRCH-L3 hanging end</name><styleUrl>#optX</styleUrl><description><![CDATA[<b>#4 of 33</b> on the 3-band ranking<br/>Inverted-L from the transformer, rising to 56 ft 84 ft out at 237°M, then 34 ft hanging down<br/><b>Deployment:</b> 2 elevated anchors, highest 56 ft (hard throw)<br/>Average height 34.4 ft<br/>20 m take-off 30.3&#176;<br/><br/><b>3-band (40/20/15 m): -1.06 dBi, 57/75 cells, 24/25 regions reachable on at least one band</b><br/><br/><table border=1 cellpadding=3><tr><th>band</th><th>agg dBi</th><th>regions</th><th>Imax ht</th><th>peak elev</th></tr><tr><td>80m</td><td align=right>-2.66 dBi</td><td align=right>25/25</td><td align=right>41 ft</td><td align=right>zenith</td></tr><tr><td>40m</td><td align=right>-2.03 dBi</td><td align=right>24/25</td><td align=right>40 ft</td><td align=right>zenith</td></tr><tr><td>20m</td><td align=right>-0.57 dBi</td><td align=right>18/25</td><td align=right>34 ft</td><td align=right>30&#176;</td></tr><tr><td>15m</td><td align=right>-0.71 dBi</td><td align=right>15/25</td><td align=right>35 ft</td><td align=right>20&#176;</td></tr><tr><td>10m</td><td align=right>-2.69 dBi</td><td align=right>11/25</td><td align=right>34 ft</td><td align=right>15&#176;</td></tr></table><br/><br/><br/>Height: 22 ft AGL<br/>25.7 m (84 ft) from feed at 252.1&#176;T / 237&#176;M<br/>47°38'02.35"N 121°59'48.90"W]]></description><Point><coordinates>-121.99691677,47.63398735,0</coordinates></Point></Placemark>
<Placemark><name>SRCH-L3 wire</name><styleUrl>#optX</styleUrl><description><![CDATA[<b>#4 of 33</b> on the 3-band ranking<br/>Inverted-L from the transformer, rising to 56 ft 84 ft out at 237°M, then 34 ft hanging down<br/><b>Deployment:</b> 2 elevated anchors, highest 56 ft (hard throw)<br/>Average height 34.4 ft<br/>20 m take-off 30.3&#176;<br/><br/><b>3-band (40/20/15 m): -1.06 dBi, 57/75 cells, 24/25 regions reachable on at least one band</b><br/><br/><table border=1 cellpadding=3><tr><th>band</th><th>agg dBi</th><th>regions</th><th>Imax ht</th><th>peak elev</th></tr><tr><td>80m</td><td align=right>-2.66 dBi</td><td align=right>25/25</td><td align=right>41 ft</td><td align=right>zenith</td></tr><tr><td>40m</td><td align=right>-2.03 dBi</td><td align=right>24/25</td><td align=right>40 ft</td><td align=right>zenith</td></tr><tr><td>20m</td><td align=right>-0.57 dBi</td><td align=right>18/25</td><td align=right>34 ft</td><td align=right>30&#176;</td></tr><tr><td>15m</td><td align=right>-0.71 dBi</td><td align=right>15/25</td><td align=right>35 ft</td><td align=right>20&#176;</td></tr><tr><td>10m</td><td align=right>-2.69 dBi</td><td align=right>11/25</td><td align=right>34 ft</td><td align=right>15&#176;</td></tr></table>]]></description><LineString><tessellate>1</tessellate><coordinates>-121.99659167,47.63405833,0 -121.99691677,47.63398735,0 -121.99691677,47.63398735,0</coordinates></LineString></Placemark>
</Folder>
<Folder><name>#5 SRCH-L2 - Inverted-L from the transformer, rising to 52 ft 76 ft out at 153°M, then 43 ft hanging down</name><description><![CDATA[<b>#5 of 33</b> on the 3-band ranking<br/>Inverted-L from the transformer, rising to 52 ft 76 ft out at 153°M, then 43 ft hanging down<br/><b>Deployment:</b> 1 elevated anchor, highest 52 ft (easy throw)<br/>Average height 31.2 ft<br/>20 m take-off 33.9&#176;<br/><br/><b>3-band (40/20/15 m): -1.19 dBi, 56/75 cells, 24/25 regions reachable on at least one band</b><br/><br/><table border=1 cellpadding=3><tr><th>band</th><th>agg dBi</th><th>regions</th><th>Imax ht</th><th>peak elev</th></tr><tr><td>80m</td><td align=right>-3.01 dBi</td><td align=right>22/25</td><td align=right>42 ft</td><td align=right>zenith</td></tr><tr><td>40m</td><td align=right>-2.55 dBi</td><td align=right>22/25</td><td align=right>34 ft</td><td align=right>zenith</td></tr><tr><td>20m</td><td align=right>-0.63 dBi</td><td align=right>18/25</td><td align=right>32 ft</td><td align=right>34&#176;</td></tr><tr><td>15m</td><td align=right>-0.66 dBi</td><td align=right>16/25</td><td align=right>31 ft</td><td align=right>22&#176;</td></tr><tr><td>10m</td><td align=right>-1.79 dBi</td><td align=right>12/25</td><td align=right>31 ft</td><td align=right>16&#176;</td></tr></table>]]></description>
<Placemark><name>SRCH-L2 feed</name><styleUrl>#optX</styleUrl><description><![CDATA[<b>#5 of 33</b> on the 3-band ranking<br/>Inverted-L from the transformer, rising to 52 ft 76 ft out at 153°M, then 43 ft hanging down<br/><b>Deployment:</b> 1 elevated anchor, highest 52 ft (easy throw)<br/>Average height 31.2 ft<br/>20 m take-off 33.9&#176;<br/><br/><b>3-band (40/20/15 m): -1.19 dBi, 56/75 cells, 24/25 regions reachable on at least one band</b><br/><br/><table border=1 cellpadding=3><tr><th>band</th><th>agg dBi</th><th>regions</th><th>Imax ht</th><th>peak elev</th></tr><tr><td>80m</td><td align=right>-3.01 dBi</td><td align=right>22/25</td><td align=right>42 ft</td><td align=right>zenith</td></tr><tr><td>40m</td><td align=right>-2.55 dBi</td><td align=right>22/25</td><td align=right>34 ft</td><td align=right>zenith</td></tr><tr><td>20m</td><td align=right>-0.63 dBi</td><td align=right>18/25</td><td align=right>32 ft</td><td align=right>34&#176;</td></tr><tr><td>15m</td><td align=right>-0.66 dBi</td><td align=right>16/25</td><td align=right>31 ft</td><td align=right>22&#176;</td></tr><tr><td>10m</td><td align=right>-1.79 dBi</td><td align=right>12/25</td><td align=right>31 ft</td><td align=right>16&#176;</td></tr></table><br/><br/><br/>Height: 10 ft AGL<br/>0.0 m (0 ft) from feed at 0.0&#176;T / 345&#176;M<br/>47°38'02.61"N 121°59'47.73"W]]></description><Point><coordinates>-121.99659167,47.63405833,0</coordinates></Point></Placemark>
<Placemark><name>SRCH-L2 support top</name><styleUrl>#optX</styleUrl><description><![CDATA[<b>#5 of 33</b> on the 3-band ranking<br/>Inverted-L from the transformer, rising to 52 ft 76 ft out at 153°M, then 43 ft hanging down<br/><b>Deployment:</b> 1 elevated anchor, highest 52 ft (easy throw)<br/>Average height 31.2 ft<br/>20 m take-off 33.9&#176;<br/><br/><b>3-band (40/20/15 m): -1.19 dBi, 56/75 cells, 24/25 regions reachable on at least one band</b><br/><br/><table border=1 cellpadding=3><tr><th>band</th><th>agg dBi</th><th>regions</th><th>Imax ht</th><th>peak elev</th></tr><tr><td>80m</td><td align=right>-3.01 dBi</td><td align=right>22/25</td><td align=right>42 ft</td><td align=right>zenith</td></tr><tr><td>40m</td><td align=right>-2.55 dBi</td><td align=right>22/25</td><td align=right>34 ft</td><td align=right>zenith</td></tr><tr><td>20m</td><td align=right>-0.63 dBi</td><td align=right>18/25</td><td align=right>32 ft</td><td align=right>34&#176;</td></tr><tr><td>15m</td><td align=right>-0.66 dBi</td><td align=right>16/25</td><td align=right>31 ft</td><td align=right>22&#176;</td></tr><tr><td>10m</td><td align=right>-1.79 dBi</td><td align=right>12/25</td><td align=right>31 ft</td><td align=right>16&#176;</td></tr></table><br/><br/><br/>Height: 52 ft AGL<br/>23.1 m (76 ft) from feed at 168.8&#176;T / 153&#176;M<br/>47°38'01.88"N 121°59'47.51"W]]></description><Point><coordinates>-121.99653187,47.63385461,0</coordinates></Point></Placemark>
<Placemark><name>SRCH-L2 hanging end</name><styleUrl>#optX</styleUrl><description><![CDATA[<b>#5 of 33</b> on the 3-band ranking<br/>Inverted-L from the transformer, rising to 52 ft 76 ft out at 153°M, then 43 ft hanging down<br/><b>Deployment:</b> 1 elevated anchor, highest 52 ft (easy throw)<br/>Average height 31.2 ft<br/>20 m take-off 33.9&#176;<br/><br/><b>3-band (40/20/15 m): -1.19 dBi, 56/75 cells, 24/25 regions reachable on at least one band</b><br/><br/><table border=1 cellpadding=3><tr><th>band</th><th>agg dBi</th><th>regions</th><th>Imax ht</th><th>peak elev</th></tr><tr><td>80m</td><td align=right>-3.01 dBi</td><td align=right>22/25</td><td align=right>42 ft</td><td align=right>zenith</td></tr><tr><td>40m</td><td align=right>-2.55 dBi</td><td align=right>22/25</td><td align=right>34 ft</td><td align=right>zenith</td></tr><tr><td>20m</td><td align=right>-0.63 dBi</td><td align=right>18/25</td><td align=right>32 ft</td><td align=right>34&#176;</td></tr><tr><td>15m</td><td align=right>-0.66 dBi</td><td align=right>16/25</td><td align=right>31 ft</td><td align=right>22&#176;</td></tr><tr><td>10m</td><td align=right>-1.79 dBi</td><td align=right>12/25</td><td align=right>31 ft</td><td align=right>16&#176;</td></tr></table><br/><br/><br/>Height: 9 ft AGL<br/>23.1 m (76 ft) from feed at 168.8&#176;T / 153&#176;M<br/>47°38'01.88"N 121°59'47.51"W]]></description><Point><coordinates>-121.99653187,47.63385461,0</coordinates></Point></Placemark>
<Placemark><name>SRCH-L2 wire</name><styleUrl>#optX</styleUrl><description><![CDATA[<b>#5 of 33</b> on the 3-band ranking<br/>Inverted-L from the transformer, rising to 52 ft 76 ft out at 153°M, then 43 ft hanging down<br/><b>Deployment:</b> 1 elevated anchor, highest 52 ft (easy throw)<br/>Average height 31.2 ft<br/>20 m take-off 33.9&#176;<br/><br/><b>3-band (40/20/15 m): -1.19 dBi, 56/75 cells, 24/25 regions reachable on at least one band</b><br/><br/><table border=1 cellpadding=3><tr><th>band</th><th>agg dBi</th><th>regions</th><th>Imax ht</th><th>peak elev</th></tr><tr><td>80m</td><td align=right>-3.01 dBi</td><td align=right>22/25</td><td align=right>42 ft</td><td align=right>zenith</td></tr><tr><td>40m</td><td align=right>-2.55 dBi</td><td align=right>22/25</td><td align=right>34 ft</td><td align=right>zenith</td></tr><tr><td>20m</td><td align=right>-0.63 dBi</td><td align=right>18/25</td><td align=right>32 ft</td><td align=right>34&#176;</td></tr><tr><td>15m</td><td align=right>-0.66 dBi</td><td align=right>16/25</td><td align=right>31 ft</td><td align=right>22&#176;</td></tr><tr><td>10m</td><td align=right>-1.79 dBi</td><td align=right>12/25</td><td align=right>31 ft</td><td align=right>16&#176;</td></tr></table>]]></description><LineString><tessellate>1</tessellate><coordinates>-121.99659167,47.63405833,0 -121.99653187,47.63385461,0 -121.99653187,47.63385461,0</coordinates></LineString></Placemark>
</Folder>
<Folder><name>#6 W-L3 - Inverted-L from the transformer, rising to 52 ft 75 ft out at 155°M, then 43 ft hanging down</name><description><![CDATA[<b>#6 of 33</b> on the 3-band ranking<br/>Inverted-L from the transformer, rising to 52 ft 75 ft out at 155°M, then 43 ft hanging down<br/><b>Deployment:</b> 1 elevated anchor, highest 52 ft (easy throw)<br/>Average height 31.1 ft<br/>20 m take-off 34.0&#176;<br/><br/><b>3-band (40/20/15 m): -1.20 dBi, 56/75 cells, 24/25 regions reachable on at least one band</b><br/><br/><table border=1 cellpadding=3><tr><th>band</th><th>agg dBi</th><th>regions</th><th>Imax ht</th><th>peak elev</th></tr><tr><td>80m</td><td align=right>-3.01 dBi</td><td align=right>22/25</td><td align=right>42 ft</td><td align=right>zenith</td></tr><tr><td>40m</td><td align=right>-2.53 dBi</td><td align=right>22/25</td><td align=right>34 ft</td><td align=right>zenith</td></tr><tr><td>20m</td><td align=right>-0.60 dBi</td><td align=right>18/25</td><td align=right>32 ft</td><td align=right>34&#176;</td></tr><tr><td>15m</td><td align=right>-0.71 dBi</td><td align=right>16/25</td><td align=right>31 ft</td><td align=right>22&#176;</td></tr><tr><td>10m</td><td align=right>-2.03 dBi</td><td align=right>11/25</td><td align=right>31 ft</td><td align=right>16&#176;</td></tr></table>]]></description>
<Placemark><name>W-L3 feed</name><styleUrl>#optW</styleUrl><description><![CDATA[<b>#6 of 33</b> on the 3-band ranking<br/>Inverted-L from the transformer, rising to 52 ft 75 ft out at 155°M, then 43 ft hanging down<br/><b>Deployment:</b> 1 elevated anchor, highest 52 ft (easy throw)<br/>Average height 31.1 ft<br/>20 m take-off 34.0&#176;<br/><br/><b>3-band (40/20/15 m): -1.20 dBi, 56/75 cells, 24/25 regions reachable on at least one band</b><br/><br/><table border=1 cellpadding=3><tr><th>band</th><th>agg dBi</th><th>regions</th><th>Imax ht</th><th>peak elev</th></tr><tr><td>80m</td><td align=right>-3.01 dBi</td><td align=right>22/25</td><td align=right>42 ft</td><td align=right>zenith</td></tr><tr><td>40m</td><td align=right>-2.53 dBi</td><td align=right>22/25</td><td align=right>34 ft</td><td align=right>zenith</td></tr><tr><td>20m</td><td align=right>-0.60 dBi</td><td align=right>18/25</td><td align=right>32 ft</td><td align=right>34&#176;</td></tr><tr><td>15m</td><td align=right>-0.71 dBi</td><td align=right>16/25</td><td align=right>31 ft</td><td align=right>22&#176;</td></tr><tr><td>10m</td><td align=right>-2.03 dBi</td><td align=right>11/25</td><td align=right>31 ft</td><td align=right>16&#176;</td></tr></table><br/><br/><br/>Height: 10 ft AGL<br/>0.0 m (0 ft) from feed at 0.0&#176;T / 345&#176;M<br/>47°38'02.61"N 121°59'47.73"W]]></description><Point><coordinates>-121.99659167,47.63405833,0</coordinates></Point></Placemark>
<Placemark><name>W-L3 support top</name><styleUrl>#optW</styleUrl><description><![CDATA[<b>#6 of 33</b> on the 3-band ranking<br/>Inverted-L from the transformer, rising to 52 ft 75 ft out at 155°M, then 43 ft hanging down<br/><b>Deployment:</b> 1 elevated anchor, highest 52 ft (easy throw)<br/>Average height 31.1 ft<br/>20 m take-off 34.0&#176;<br/><br/><b>3-band (40/20/15 m): -1.20 dBi, 56/75 cells, 24/25 regions reachable on at least one band</b><br/><br/><table border=1 cellpadding=3><tr><th>band</th><th>agg dBi</th><th>regions</th><th>Imax ht</th><th>peak elev</th></tr><tr><td>80m</td><td align=right>-3.01 dBi</td><td align=right>22/25</td><td align=right>42 ft</td><td align=right>zenith</td></tr><tr><td>40m</td><td align=right>-2.53 dBi</td><td align=right>22/25</td><td align=right>34 ft</td><td align=right>zenith</td></tr><tr><td>20m</td><td align=right>-0.60 dBi</td><td align=right>18/25</td><td align=right>32 ft</td><td align=right>34&#176;</td></tr><tr><td>15m</td><td align=right>-0.71 dBi</td><td align=right>16/25</td><td align=right>31 ft</td><td align=right>22&#176;</td></tr><tr><td>10m</td><td align=right>-2.03 dBi</td><td align=right>11/25</td><td align=right>31 ft</td><td align=right>16&#176;</td></tr></table><br/><br/><br/>Height: 52 ft AGL<br/>23.0 m (75 ft) from feed at 170.0&#176;T / 155&#176;M<br/>47°38'01.88"N 121°59'47.54"W]]></description><Point><coordinates>-121.99653852,47.63385461,0</coordinates></Point></Placemark>
<Placemark><name>W-L3 hanging end</name><styleUrl>#optW</styleUrl><description><![CDATA[<b>#6 of 33</b> on the 3-band ranking<br/>Inverted-L from the transformer, rising to 52 ft 75 ft out at 155°M, then 43 ft hanging down<br/><b>Deployment:</b> 1 elevated anchor, highest 52 ft (easy throw)<br/>Average height 31.1 ft<br/>20 m take-off 34.0&#176;<br/><br/><b>3-band (40/20/15 m): -1.20 dBi, 56/75 cells, 24/25 regions reachable on at least one band</b><br/><br/><table border=1 cellpadding=3><tr><th>band</th><th>agg dBi</th><th>regions</th><th>Imax ht</th><th>peak elev</th></tr><tr><td>80m</td><td align=right>-3.01 dBi</td><td align=right>22/25</td><td align=right>42 ft</td><td align=right>zenith</td></tr><tr><td>40m</td><td align=right>-2.53 dBi</td><td align=right>22/25</td><td align=right>34 ft</td><td align=right>zenith</td></tr><tr><td>20m</td><td align=right>-0.60 dBi</td><td align=right>18/25</td><td align=right>32 ft</td><td align=right>34&#176;</td></tr><tr><td>15m</td><td align=right>-0.71 dBi</td><td align=right>16/25</td><td align=right>31 ft</td><td align=right>22&#176;</td></tr><tr><td>10m</td><td align=right>-2.03 dBi</td><td align=right>11/25</td><td align=right>31 ft</td><td align=right>16&#176;</td></tr></table><br/><br/><br/>Height: 9 ft AGL<br/>23.0 m (75 ft) from feed at 170.0&#176;T / 155&#176;M<br/>47°38'01.88"N 121°59'47.54"W]]></description><Point><coordinates>-121.99653852,47.63385461,0</coordinates></Point></Placemark>
<Placemark><name>W-L3 wire</name><styleUrl>#optW</styleUrl><description><![CDATA[<b>#6 of 33</b> on the 3-band ranking<br/>Inverted-L from the transformer, rising to 52 ft 75 ft out at 155°M, then 43 ft hanging down<br/><b>Deployment:</b> 1 elevated anchor, highest 52 ft (easy throw)<br/>Average height 31.1 ft<br/>20 m take-off 34.0&#176;<br/><br/><b>3-band (40/20/15 m): -1.20 dBi, 56/75 cells, 24/25 regions reachable on at least one band</b><br/><br/><table border=1 cellpadding=3><tr><th>band</th><th>agg dBi</th><th>regions</th><th>Imax ht</th><th>peak elev</th></tr><tr><td>80m</td><td align=right>-3.01 dBi</td><td align=right>22/25</td><td align=right>42 ft</td><td align=right>zenith</td></tr><tr><td>40m</td><td align=right>-2.53 dBi</td><td align=right>22/25</td><td align=right>34 ft</td><td align=right>zenith</td></tr><tr><td>20m</td><td align=right>-0.60 dBi</td><td align=right>18/25</td><td align=right>32 ft</td><td align=right>34&#176;</td></tr><tr><td>15m</td><td align=right>-0.71 dBi</td><td align=right>16/25</td><td align=right>31 ft</td><td align=right>22&#176;</td></tr><tr><td>10m</td><td align=right>-2.03 dBi</td><td align=right>11/25</td><td align=right>31 ft</td><td align=right>16&#176;</td></tr></table>]]></description><LineString><tessellate>1</tessellate><coordinates>-121.99659167,47.63405833,0 -121.99653852,47.63385461,0 -121.99653852,47.63385461,0</coordinates></LineString></Placemark>
</Folder>
<Folder><name>#7 R-L3 - Inverted-L from the roof, rising to 68 ft 86 ft out at 352°M, then 34 ft hanging down</name><description><![CDATA[<b>#7 of 33</b> on the 3-band ranking<br/>Inverted-L from the roof, rising to 68 ft 86 ft out at 352°M, then 34 ft hanging down<br/><b>Deployment:</b> 2 elevated anchors, highest 68 ft (hard throw)<br/>Average height 47.4 ft<br/>20 m take-off 21.5&#176;<br/><br/><b>3-band (40/20/15 m): -1.07 dBi, 55/75 cells, 25/25 regions reachable on at least one band</b><br/><br/><table border=1 cellpadding=3><tr><th>band</th><th>agg dBi</th><th>regions</th><th>Imax ht</th><th>peak elev</th></tr><tr><td>80m</td><td align=right>-2.40 dBi</td><td align=right>25/25</td><td align=right>54 ft</td><td align=right>zenith</td></tr><tr><td>40m</td><td align=right>-1.09 dBi</td><td align=right>24/25</td><td align=right>53 ft</td><td align=right>47&#176;</td></tr><tr><td>20m</td><td align=right>-1.23 dBi</td><td align=right>14/25</td><td align=right>47 ft</td><td align=right>21&#176;</td></tr><tr><td>15m</td><td align=right>-0.90 dBi</td><td align=right>17/25</td><td align=right>48 ft</td><td align=right>14&#176;</td></tr><tr><td>10m</td><td align=right>-1.86 dBi</td><td align=right>12/25</td><td align=right>47 ft</td><td align=right>10&#176;</td></tr></table>]]></description>
<Placemark><name>R-L3 feed</name><styleUrl>#optX</styleUrl><description><![CDATA[<b>#7 of 33</b> on the 3-band ranking<br/>Inverted-L from the roof, rising to 68 ft 86 ft out at 352°M, then 34 ft hanging down<br/><b>Deployment:</b> 2 elevated anchors, highest 68 ft (hard throw)<br/>Average height 47.4 ft<br/>20 m take-off 21.5&#176;<br/><br/><b>3-band (40/20/15 m): -1.07 dBi, 55/75 cells, 25/25 regions reachable on at least one band</b><br/><br/><table border=1 cellpadding=3><tr><th>band</th><th>agg dBi</th><th>regions</th><th>Imax ht</th><th>peak elev</th></tr><tr><td>80m</td><td align=right>-2.40 dBi</td><td align=right>25/25</td><td align=right>54 ft</td><td align=right>zenith</td></tr><tr><td>40m</td><td align=right>-1.09 dBi</td><td align=right>24/25</td><td align=right>53 ft</td><td align=right>47&#176;</td></tr><tr><td>20m</td><td align=right>-1.23 dBi</td><td align=right>14/25</td><td align=right>47 ft</td><td align=right>21&#176;</td></tr><tr><td>15m</td><td align=right>-0.90 dBi</td><td align=right>17/25</td><td align=right>48 ft</td><td align=right>14&#176;</td></tr><tr><td>10m</td><td align=right>-1.86 dBi</td><td align=right>12/25</td><td align=right>47 ft</td><td align=right>10&#176;</td></tr></table><br/><br/><br/>Height: 25 ft AGL<br/>15.0 m (49 ft) from feed at 225.5&#176;T / 210&#176;M<br/>47°38'02.27"N 121°59'48.24"W]]></description><Point><coordinates>-121.99673405,47.63396389,0</coordinates></Point></Placemark>
<Placemark><name>R-L3 support top</name><styleUrl>#optX</styleUrl><description><![CDATA[<b>#7 of 33</b> on the 3-band ranking<br/>Inverted-L from the roof, rising to 68 ft 86 ft out at 352°M, then 34 ft hanging down<br/><b>Deployment:</b> 2 elevated anchors, highest 68 ft (hard throw)<br/>Average height 47.4 ft<br/>20 m take-off 21.5&#176;<br/><br/><b>3-band (40/20/15 m): -1.07 dBi, 55/75 cells, 25/25 regions reachable on at least one band</b><br/><br/><table border=1 cellpadding=3><tr><th>band</th><th>agg dBi</th><th>regions</th><th>Imax ht</th><th>peak elev</th></tr><tr><td>80m</td><td align=right>-2.40 dBi</td><td align=right>25/25</td><td align=right>54 ft</td><td align=right>zenith</td></tr><tr><td>40m</td><td align=right>-1.09 dBi</td><td align=right>24/25</td><td align=right>53 ft</td><td align=right>47&#176;</td></tr><tr><td>20m</td><td align=right>-1.23 dBi</td><td align=right>14/25</td><td align=right>47 ft</td><td align=right>21&#176;</td></tr><tr><td>15m</td><td align=right>-0.90 dBi</td><td align=right>17/25</td><td align=right>48 ft</td><td align=right>14&#176;</td></tr><tr><td>10m</td><td align=right>-1.86 dBi</td><td align=right>12/25</td><td align=right>47 ft</td><td align=right>10&#176;</td></tr></table><br/><br/><br/>Height: 68 ft AGL<br/>17.2 m (56 ft) from feed at 335.3&#176;T / 320&#176;M<br/>47°38'03.12"N 121°59'48.07"W]]></description><Point><coordinates>-121.99668728,47.63419869,0</coordinates></Point></Placemark>
<Placemark><name>R-L3 hanging end</name><styleUrl>#optX</styleUrl><description><![CDATA[<b>#7 of 33</b> on the 3-band ranking<br/>Inverted-L from the roof, rising to 68 ft 86 ft out at 352°M, then 34 ft hanging down<br/><b>Deployment:</b> 2 elevated anchors, highest 68 ft (hard throw)<br/>Average height 47.4 ft<br/>20 m take-off 21.5&#176;<br/><br/><b>3-band (40/20/15 m): -1.07 dBi, 55/75 cells, 25/25 regions reachable on at least one band</b><br/><br/><table border=1 cellpadding=3><tr><th>band</th><th>agg dBi</th><th>regions</th><th>Imax ht</th><th>peak elev</th></tr><tr><td>80m</td><td align=right>-2.40 dBi</td><td align=right>25/25</td><td align=right>54 ft</td><td align=right>zenith</td></tr><tr><td>40m</td><td align=right>-1.09 dBi</td><td align=right>24/25</td><td align=right>53 ft</td><td align=right>47&#176;</td></tr><tr><td>20m</td><td align=right>-1.23 dBi</td><td align=right>14/25</td><td align=right>47 ft</td><td align=right>21&#176;</td></tr><tr><td>15m</td><td align=right>-0.90 dBi</td><td align=right>17/25</td><td align=right>48 ft</td><td align=right>14&#176;</td></tr><tr><td>10m</td><td align=right>-1.86 dBi</td><td align=right>12/25</td><td align=right>47 ft</td><td align=right>10&#176;</td></tr></table><br/><br/><br/>Height: 34 ft AGL<br/>17.2 m (56 ft) from feed at 335.3&#176;T / 320&#176;M<br/>47°38'03.12"N 121°59'48.07"W]]></description><Point><coordinates>-121.99668728,47.63419869,0</coordinates></Point></Placemark>
<Placemark><name>R-L3 wire</name><styleUrl>#optX</styleUrl><description><![CDATA[<b>#7 of 33</b> on the 3-band ranking<br/>Inverted-L from the roof, rising to 68 ft 86 ft out at 352°M, then 34 ft hanging down<br/><b>Deployment:</b> 2 elevated anchors, highest 68 ft (hard throw)<br/>Average height 47.4 ft<br/>20 m take-off 21.5&#176;<br/><br/><b>3-band (40/20/15 m): -1.07 dBi, 55/75 cells, 25/25 regions reachable on at least one band</b><br/><br/><table border=1 cellpadding=3><tr><th>band</th><th>agg dBi</th><th>regions</th><th>Imax ht</th><th>peak elev</th></tr><tr><td>80m</td><td align=right>-2.40 dBi</td><td align=right>25/25</td><td align=right>54 ft</td><td align=right>zenith</td></tr><tr><td>40m</td><td align=right>-1.09 dBi</td><td align=right>24/25</td><td align=right>53 ft</td><td align=right>47&#176;</td></tr><tr><td>20m</td><td align=right>-1.23 dBi</td><td align=right>14/25</td><td align=right>47 ft</td><td align=right>21&#176;</td></tr><tr><td>15m</td><td align=right>-0.90 dBi</td><td align=right>17/25</td><td align=right>48 ft</td><td align=right>14&#176;</td></tr><tr><td>10m</td><td align=right>-1.86 dBi</td><td align=right>12/25</td><td align=right>47 ft</td><td align=right>10&#176;</td></tr></table>]]></description><LineString><tessellate>1</tessellate><coordinates>-121.99673405,47.63396389,0 -121.99668728,47.63419869,0 -121.99668728,47.63419869,0</coordinates></LineString></Placemark>
</Folder>
<Folder><name>#8 W-F10A - F10-A with leg 2 re-aimed to 20°M for 40+20 m</name><description><![CDATA[<b>#8 of 33</b> on the 3-band ranking<br/>F10-A with leg 2 re-aimed to 20°M for 40+20 m<br/><b>Deployment:</b> 3 elevated anchors, highest 50 ft (easy throw)<br/>Average height 37.3 ft<br/>20 m take-off 27.7&#176;<br/><br/><b>3-band (40/20/15 m): +0.06 dBi, 54/75 cells, 24/25 regions reachable on at least one band</b><br/><br/><table border=1 cellpadding=3><tr><th>band</th><th>agg dBi</th><th>regions</th><th>Imax ht</th><th>peak elev</th></tr><tr><td>80m</td><td align=right>-7.38 dBi</td><td align=right>4/25</td><td align=right>30 ft</td><td align=right>zenith</td></tr><tr><td>40m</td><td align=right>-3.24 dBi</td><td align=right>12/25</td><td align=right>35 ft</td><td align=right>68&#176;</td></tr><tr><td>20m</td><td align=right>+0.04 dBi</td><td align=right>21/25</td><td align=right>38 ft</td><td align=right>28&#176;</td></tr><tr><td>15m</td><td align=right>+1.93 dBi</td><td align=right>21/25</td><td align=right>37 ft</td><td align=right>18&#176;</td></tr><tr><td>10m</td><td align=right>+1.70 dBi</td><td align=right>21/25</td><td align=right>38 ft</td><td align=right>13&#176;</td></tr></table>]]></description>
<Placemark><name>W-F10A feed</name><styleUrl>#optW</styleUrl><description><![CDATA[<b>#8 of 33</b> on the 3-band ranking<br/>F10-A with leg 2 re-aimed to 20°M for 40+20 m<br/><b>Deployment:</b> 3 elevated anchors, highest 50 ft (easy throw)<br/>Average height 37.3 ft<br/>20 m take-off 27.7&#176;<br/><br/><b>3-band (40/20/15 m): +0.06 dBi, 54/75 cells, 24/25 regions reachable on at least one band</b><br/><br/><table border=1 cellpadding=3><tr><th>band</th><th>agg dBi</th><th>regions</th><th>Imax ht</th><th>peak elev</th></tr><tr><td>80m</td><td align=right>-7.38 dBi</td><td align=right>4/25</td><td align=right>30 ft</td><td align=right>zenith</td></tr><tr><td>40m</td><td align=right>-3.24 dBi</td><td align=right>12/25</td><td align=right>35 ft</td><td align=right>68&#176;</td></tr><tr><td>20m</td><td align=right>+0.04 dBi</td><td align=right>21/25</td><td align=right>38 ft</td><td align=right>28&#176;</td></tr><tr><td>15m</td><td align=right>+1.93 dBi</td><td align=right>21/25</td><td align=right>37 ft</td><td align=right>18&#176;</td></tr><tr><td>10m</td><td align=right>+1.70 dBi</td><td align=right>21/25</td><td align=right>38 ft</td><td align=right>13&#176;</td></tr></table><br/><br/><br/>Height: 10 ft AGL<br/>0.0 m (0 ft) from feed at 0.0&#176;T / 345&#176;M<br/>47°38'02.61"N 121°59'47.73"W]]></description><Point><coordinates>-121.99659167,47.63405833,0</coordinates></Point></Placemark>
<Placemark><name>W-F10A apex tree</name><styleUrl>#optW</styleUrl><description><![CDATA[<b>#8 of 33</b> on the 3-band ranking<br/>F10-A with leg 2 re-aimed to 20°M for 40+20 m<br/><b>Deployment:</b> 3 elevated anchors, highest 50 ft (easy throw)<br/>Average height 37.3 ft<br/>20 m take-off 27.7&#176;<br/><br/><b>3-band (40/20/15 m): +0.06 dBi, 54/75 cells, 24/25 regions reachable on at least one band</b><br/><br/><table border=1 cellpadding=3><tr><th>band</th><th>agg dBi</th><th>regions</th><th>Imax ht</th><th>peak elev</th></tr><tr><td>80m</td><td align=right>-7.38 dBi</td><td align=right>4/25</td><td align=right>30 ft</td><td align=right>zenith</td></tr><tr><td>40m</td><td align=right>-3.24 dBi</td><td align=right>12/25</td><td align=right>35 ft</td><td align=right>68&#176;</td></tr><tr><td>20m</td><td align=right>+0.04 dBi</td><td align=right>21/25</td><td align=right>38 ft</td><td align=right>28&#176;</td></tr><tr><td>15m</td><td align=right>+1.93 dBi</td><td align=right>21/25</td><td align=right>37 ft</td><td align=right>18&#176;</td></tr><tr><td>10m</td><td align=right>+1.70 dBi</td><td align=right>21/25</td><td align=right>38 ft</td><td align=right>13&#176;</td></tr></table><br/><br/><br/>Height: 50 ft AGL<br/>16.0 m (53 ft) from feed at 82.2&#176;T / 67&#176;M<br/>47°38'02.68"N 121°59'46.97"W]]></description><Point><coordinates>-121.99638056,47.63407778,0</coordinates></Point></Placemark>
<Placemark><name>W-F10A far support</name><styleUrl>#optW</styleUrl><description><![CDATA[<b>#8 of 33</b> on the 3-band ranking<br/>F10-A with leg 2 re-aimed to 20°M for 40+20 m<br/><b>Deployment:</b> 3 elevated anchors, highest 50 ft (easy throw)<br/>Average height 37.3 ft<br/>20 m take-off 27.7&#176;<br/><br/><b>3-band (40/20/15 m): +0.06 dBi, 54/75 cells, 24/25 regions reachable on at least one band</b><br/><br/><table border=1 cellpadding=3><tr><th>band</th><th>agg dBi</th><th>regions</th><th>Imax ht</th><th>peak elev</th></tr><tr><td>80m</td><td align=right>-7.38 dBi</td><td align=right>4/25</td><td align=right>30 ft</td><td align=right>zenith</td></tr><tr><td>40m</td><td align=right>-3.24 dBi</td><td align=right>12/25</td><td align=right>35 ft</td><td align=right>68&#176;</td></tr><tr><td>20m</td><td align=right>+0.04 dBi</td><td align=right>21/25</td><td align=right>38 ft</td><td align=right>28&#176;</td></tr><tr><td>15m</td><td align=right>+1.93 dBi</td><td align=right>21/25</td><td align=right>37 ft</td><td align=right>18&#176;</td></tr><tr><td>10m</td><td align=right>+1.70 dBi</td><td align=right>21/25</td><td align=right>38 ft</td><td align=right>13&#176;</td></tr></table><br/><br/><br/>Height: 50 ft AGL<br/>23.6 m (77 ft) from feed at 64.9&#176;T / 50&#176;M<br/>47°38'02.93"N 121°59'46.71"W]]></description><Point><coordinates>-121.99630748,47.63414832,0</coordinates></Point></Placemark>
<Placemark><name>W-F10A end</name><styleUrl>#optW</styleUrl><description><![CDATA[<b>#8 of 33</b> on the 3-band ranking<br/>F10-A with leg 2 re-aimed to 20°M for 40+20 m<br/><b>Deployment:</b> 3 elevated anchors, highest 50 ft (easy throw)<br/>Average height 37.3 ft<br/>20 m take-off 27.7&#176;<br/><br/><b>3-band (40/20/15 m): +0.06 dBi, 54/75 cells, 24/25 regions reachable on at least one band</b><br/><br/><table border=1 cellpadding=3><tr><th>band</th><th>agg dBi</th><th>regions</th><th>Imax ht</th><th>peak elev</th></tr><tr><td>80m</td><td align=right>-7.38 dBi</td><td align=right>4/25</td><td align=right>30 ft</td><td align=right>zenith</td></tr><tr><td>40m</td><td align=right>-3.24 dBi</td><td align=right>12/25</td><td align=right>35 ft</td><td align=right>68&#176;</td></tr><tr><td>20m</td><td align=right>+0.04 dBi</td><td align=right>21/25</td><td align=right>38 ft</td><td align=right>28&#176;</td></tr><tr><td>15m</td><td align=right>+1.93 dBi</td><td align=right>21/25</td><td align=right>37 ft</td><td align=right>18&#176;</td></tr><tr><td>10m</td><td align=right>+1.70 dBi</td><td align=right>21/25</td><td align=right>38 ft</td><td align=right>13&#176;</td></tr></table><br/><br/><br/>Height: 30 ft AGL<br/>30.6 m (100 ft) from feed at 57.6&#176;T / 42&#176;M<br/>47°38'03.14"N 121°59'46.49"W]]></description><Point><coordinates>-121.99624794,47.63420579,0</coordinates></Point></Placemark>
<Placemark><name>W-F10A wire</name><styleUrl>#optW</styleUrl><description><![CDATA[<b>#8 of 33</b> on the 3-band ranking<br/>F10-A with leg 2 re-aimed to 20°M for 40+20 m<br/><b>Deployment:</b> 3 elevated anchors, highest 50 ft (easy throw)<br/>Average height 37.3 ft<br/>20 m take-off 27.7&#176;<br/><br/><b>3-band (40/20/15 m): +0.06 dBi, 54/75 cells, 24/25 regions reachable on at least one band</b><br/><br/><table border=1 cellpadding=3><tr><th>band</th><th>agg dBi</th><th>regions</th><th>Imax ht</th><th>peak elev</th></tr><tr><td>80m</td><td align=right>-7.38 dBi</td><td align=right>4/25</td><td align=right>30 ft</td><td align=right>zenith</td></tr><tr><td>40m</td><td align=right>-3.24 dBi</td><td align=right>12/25</td><td align=right>35 ft</td><td align=right>68&#176;</td></tr><tr><td>20m</td><td align=right>+0.04 dBi</td><td align=right>21/25</td><td align=right>38 ft</td><td align=right>28&#176;</td></tr><tr><td>15m</td><td align=right>+1.93 dBi</td><td align=right>21/25</td><td align=right>37 ft</td><td align=right>18&#176;</td></tr><tr><td>10m</td><td align=right>+1.70 dBi</td><td align=right>21/25</td><td align=right>38 ft</td><td align=right>13&#176;</td></tr></table>]]></description><LineString><tessellate>1</tessellate><coordinates>-121.99659167,47.63405833,0 -121.99638056,47.63407778,0 -121.99630748,47.63414832,0 -121.99624794,47.63420579,0</coordinates></LineString></Placemark>
</Folder>
<Folder><name>#9 R-V2 - Inverted-V from the roof, apex 50 ft 56 ft out at 334°M, second leg to 3°M</name><description><![CDATA[<b>#9 of 33</b> on the 3-band ranking<br/>Inverted-V from the roof, apex 50 ft 56 ft out at 334°M, second leg to 3°M<br/><b>Deployment:</b> 1 elevated anchor, highest 50 ft (easy throw)<br/>Average height 33.5 ft<br/>20 m take-off 31.2&#176;<br/><br/><b>3-band (40/20/15 m): -0.02 dBi, 54/75 cells, 24/25 regions reachable on at least one band</b><br/><br/><table border=1 cellpadding=3><tr><th>band</th><th>agg dBi</th><th>regions</th><th>Imax ht</th><th>peak elev</th></tr><tr><td>80m</td><td align=right>-8.53 dBi</td><td align=right>3/25</td><td align=right>30 ft</td><td align=right>zenith</td></tr><tr><td>40m</td><td align=right>-4.31 dBi</td><td align=right>10/25</td><td align=right>34 ft</td><td align=right>zenith</td></tr><tr><td>20m</td><td align=right>+0.21 dBi</td><td align=right>20/25</td><td align=right>34 ft</td><td align=right>31&#176;</td></tr><tr><td>15m</td><td align=right>+1.94 dBi</td><td align=right>24/25</td><td align=right>34 ft</td><td align=right>20&#176;</td></tr><tr><td>10m</td><td align=right>+2.24 dBi</td><td align=right>22/25</td><td align=right>34 ft</td><td align=right>15&#176;</td></tr></table>]]></description>
<Placemark><name>R-V2 feed</name><styleUrl>#optX</styleUrl><description><![CDATA[<b>#9 of 33</b> on the 3-band ranking<br/>Inverted-V from the roof, apex 50 ft 56 ft out at 334°M, second leg to 3°M<br/><b>Deployment:</b> 1 elevated anchor, highest 50 ft (easy throw)<br/>Average height 33.5 ft<br/>20 m take-off 31.2&#176;<br/><br/><b>3-band (40/20/15 m): -0.02 dBi, 54/75 cells, 24/25 regions reachable on at least one band</b><br/><br/><table border=1 cellpadding=3><tr><th>band</th><th>agg dBi</th><th>regions</th><th>Imax ht</th><th>peak elev</th></tr><tr><td>80m</td><td align=right>-8.53 dBi</td><td align=right>3/25</td><td align=right>30 ft</td><td align=right>zenith</td></tr><tr><td>40m</td><td align=right>-4.31 dBi</td><td align=right>10/25</td><td align=right>34 ft</td><td align=right>zenith</td></tr><tr><td>20m</td><td align=right>+0.21 dBi</td><td align=right>20/25</td><td align=right>34 ft</td><td align=right>31&#176;</td></tr><tr><td>15m</td><td align=right>+1.94 dBi</td><td align=right>24/25</td><td align=right>34 ft</td><td align=right>20&#176;</td></tr><tr><td>10m</td><td align=right>+2.24 dBi</td><td align=right>22/25</td><td align=right>34 ft</td><td align=right>15&#176;</td></tr></table><br/><br/><br/>Height: 25 ft AGL<br/>15.0 m (49 ft) from feed at 225.5&#176;T / 210&#176;M<br/>47°38'02.27"N 121°59'48.24"W]]></description><Point><coordinates>-121.99673405,47.63396389,0</coordinates></Point></Placemark>
<Placemark><name>R-V2 apex</name><styleUrl>#optX</styleUrl><description><![CDATA[<b>#9 of 33</b> on the 3-band ranking<br/>Inverted-V from the roof, apex 50 ft 56 ft out at 334°M, second leg to 3°M<br/><b>Deployment:</b> 1 elevated anchor, highest 50 ft (easy throw)<br/>Average height 33.5 ft<br/>20 m take-off 31.2&#176;<br/><br/><b>3-band (40/20/15 m): -0.02 dBi, 54/75 cells, 24/25 regions reachable on at least one band</b><br/><br/><table border=1 cellpadding=3><tr><th>band</th><th>agg dBi</th><th>regions</th><th>Imax ht</th><th>peak elev</th></tr><tr><td>80m</td><td align=right>-8.53 dBi</td><td align=right>3/25</td><td align=right>30 ft</td><td align=right>zenith</td></tr><tr><td>40m</td><td align=right>-4.31 dBi</td><td align=right>10/25</td><td align=right>34 ft</td><td align=right>zenith</td></tr><tr><td>20m</td><td align=right>+0.21 dBi</td><td align=right>20/25</td><td align=right>34 ft</td><td align=right>31&#176;</td></tr><tr><td>15m</td><td align=right>+1.94 dBi</td><td align=right>24/25</td><td align=right>34 ft</td><td align=right>20&#176;</td></tr><tr><td>10m</td><td align=right>+2.24 dBi</td><td align=right>22/25</td><td align=right>34 ft</td><td align=right>15&#176;</td></tr></table><br/><br/><br/>Height: 50 ft AGL<br/>15.2 m (50 ft) from feed at 294.2&#176;T / 279&#176;M<br/>47°38'02.81"N 121°59'48.39"W]]></description><Point><coordinates>-121.99677564,47.63411434,0</coordinates></Point></Placemark>
<Placemark><name>R-V2 end</name><styleUrl>#optX</styleUrl><description><![CDATA[<b>#9 of 33</b> on the 3-band ranking<br/>Inverted-V from the roof, apex 50 ft 56 ft out at 334°M, second leg to 3°M<br/><b>Deployment:</b> 1 elevated anchor, highest 50 ft (easy throw)<br/>Average height 33.5 ft<br/>20 m take-off 31.2&#176;<br/><br/><b>3-band (40/20/15 m): -0.02 dBi, 54/75 cells, 24/25 regions reachable on at least one band</b><br/><br/><table border=1 cellpadding=3><tr><th>band</th><th>agg dBi</th><th>regions</th><th>Imax ht</th><th>peak elev</th></tr><tr><td>80m</td><td align=right>-8.53 dBi</td><td align=right>3/25</td><td align=right>30 ft</td><td align=right>zenith</td></tr><tr><td>40m</td><td align=right>-4.31 dBi</td><td align=right>10/25</td><td align=right>34 ft</td><td align=right>zenith</td></tr><tr><td>20m</td><td align=right>+0.21 dBi</td><td align=right>20/25</td><td align=right>34 ft</td><td align=right>31&#176;</td></tr><tr><td>15m</td><td align=right>+1.94 dBi</td><td align=right>24/25</td><td align=right>34 ft</td><td align=right>20&#176;</td></tr><tr><td>10m</td><td align=right>+2.24 dBi</td><td align=right>22/25</td><td align=right>34 ft</td><td align=right>15&#176;</td></tr></table><br/><br/><br/>Height: 10 ft AGL<br/>24.0 m (79 ft) from feed at 339.1&#176;T / 324&#176;M<br/>47°38'03.34"N 121°59'48.14"W]]></description><Point><coordinates>-121.99670555,47.63426013,0</coordinates></Point></Placemark>
<Placemark><name>R-V2 wire</name><styleUrl>#optX</styleUrl><description><![CDATA[<b>#9 of 33</b> on the 3-band ranking<br/>Inverted-V from the roof, apex 50 ft 56 ft out at 334°M, second leg to 3°M<br/><b>Deployment:</b> 1 elevated anchor, highest 50 ft (easy throw)<br/>Average height 33.5 ft<br/>20 m take-off 31.2&#176;<br/><br/><b>3-band (40/20/15 m): -0.02 dBi, 54/75 cells, 24/25 regions reachable on at least one band</b><br/><br/><table border=1 cellpadding=3><tr><th>band</th><th>agg dBi</th><th>regions</th><th>Imax ht</th><th>peak elev</th></tr><tr><td>80m</td><td align=right>-8.53 dBi</td><td align=right>3/25</td><td align=right>30 ft</td><td align=right>zenith</td></tr><tr><td>40m</td><td align=right>-4.31 dBi</td><td align=right>10/25</td><td align=right>34 ft</td><td align=right>zenith</td></tr><tr><td>20m</td><td align=right>+0.21 dBi</td><td align=right>20/25</td><td align=right>34 ft</td><td align=right>31&#176;</td></tr><tr><td>15m</td><td align=right>+1.94 dBi</td><td align=right>24/25</td><td align=right>34 ft</td><td align=right>20&#176;</td></tr><tr><td>10m</td><td align=right>+2.24 dBi</td><td align=right>22/25</td><td align=right>34 ft</td><td align=right>15&#176;</td></tr></table>]]></description><LineString><tessellate>1</tessellate><coordinates>-121.99673405,47.63396389,0 -121.99677564,47.63411434,0 -121.99670555,47.63426013,0</coordinates></LineString></Placemark>
</Folder>
<Folder><name>#10 W-L1 - Inverted-L from the transformer, rising to 46 ft 89 ft out at 237°M, then 34 ft hanging down</name><description><![CDATA[<b>#10 of 33</b> on the 3-band ranking<br/>Inverted-L from the transformer, rising to 46 ft 89 ft out at 237°M, then 34 ft hanging down<br/><b>Deployment:</b> 1 elevated anchor, highest 46 ft (easy throw)<br/>Average height 28.2 ft<br/>20 m take-off 38.0&#176;<br/><br/><b>3-band (40/20/15 m): -1.27 dBi, 53/75 cells, 25/25 regions reachable on at least one band</b><br/><br/><table border=1 cellpadding=3><tr><th>band</th><th>agg dBi</th><th>regions</th><th>Imax ht</th><th>peak elev</th></tr><tr><td>80m</td><td align=right>-2.69 dBi</td><td align=right>25/25</td><td align=right>34 ft</td><td align=right>zenith</td></tr><tr><td>40m</td><td align=right>-1.98 dBi</td><td align=right>24/25</td><td align=right>33 ft</td><td align=right>zenith</td></tr><tr><td>20m</td><td align=right>-1.28 dBi</td><td align=right>18/25</td><td align=right>28 ft</td><td align=right>38&#176;</td></tr><tr><td>15m</td><td align=right>-0.64 dBi</td><td align=right>11/25</td><td align=right>29 ft</td><td align=right>24&#176;</td></tr><tr><td>10m</td><td align=right>-1.10 dBi</td><td align=right>10/25</td><td align=right>28 ft</td><td align=right>18&#176;</td></tr></table>]]></description>
<Placemark><name>W-L1 feed</name><styleUrl>#optW</styleUrl><description><![CDATA[<b>#10 of 33</b> on the 3-band ranking<br/>Inverted-L from the transformer, rising to 46 ft 89 ft out at 237°M, then 34 ft hanging down<br/><b>Deployment:</b> 1 elevated anchor, highest 46 ft (easy throw)<br/>Average height 28.2 ft<br/>20 m take-off 38.0&#176;<br/><br/><b>3-band (40/20/15 m): -1.27 dBi, 53/75 cells, 25/25 regions reachable on at least one band</b><br/><br/><table border=1 cellpadding=3><tr><th>band</th><th>agg dBi</th><th>regions</th><th>Imax ht</th><th>peak elev</th></tr><tr><td>80m</td><td align=right>-2.69 dBi</td><td align=right>25/25</td><td align=right>34 ft</td><td align=right>zenith</td></tr><tr><td>40m</td><td align=right>-1.98 dBi</td><td align=right>24/25</td><td align=right>33 ft</td><td align=right>zenith</td></tr><tr><td>20m</td><td align=right>-1.28 dBi</td><td align=right>18/25</td><td align=right>28 ft</td><td align=right>38&#176;</td></tr><tr><td>15m</td><td align=right>-0.64 dBi</td><td align=right>11/25</td><td align=right>29 ft</td><td align=right>24&#176;</td></tr><tr><td>10m</td><td align=right>-1.10 dBi</td><td align=right>10/25</td><td align=right>28 ft</td><td align=right>18&#176;</td></tr></table><br/><br/><br/>Height: 10 ft AGL<br/>0.0 m (0 ft) from feed at 0.0&#176;T / 345&#176;M<br/>47°38'02.61"N 121°59'47.73"W]]></description><Point><coordinates>-121.99659167,47.63405833,0</coordinates></Point></Placemark>
<Placemark><name>W-L1 support top</name><styleUrl>#optW</styleUrl><description><![CDATA[<b>#10 of 33</b> on the 3-band ranking<br/>Inverted-L from the transformer, rising to 46 ft 89 ft out at 237°M, then 34 ft hanging down<br/><b>Deployment:</b> 1 elevated anchor, highest 46 ft (easy throw)<br/>Average height 28.2 ft<br/>20 m take-off 38.0&#176;<br/><br/><b>3-band (40/20/15 m): -1.27 dBi, 53/75 cells, 25/25 regions reachable on at least one band</b><br/><br/><table border=1 cellpadding=3><tr><th>band</th><th>agg dBi</th><th>regions</th><th>Imax ht</th><th>peak elev</th></tr><tr><td>80m</td><td align=right>-2.69 dBi</td><td align=right>25/25</td><td align=right>34 ft</td><td align=right>zenith</td></tr><tr><td>40m</td><td align=right>-1.98 dBi</td><td align=right>24/25</td><td align=right>33 ft</td><td align=right>zenith</td></tr><tr><td>20m</td><td align=right>-1.28 dBi</td><td align=right>18/25</td><td align=right>28 ft</td><td align=right>38&#176;</td></tr><tr><td>15m</td><td align=right>-0.64 dBi</td><td align=right>11/25</td><td align=right>29 ft</td><td align=right>24&#176;</td></tr><tr><td>10m</td><td align=right>-1.10 dBi</td><td align=right>10/25</td><td align=right>28 ft</td><td align=right>18&#176;</td></tr></table><br/><br/><br/>Height: 46 ft AGL<br/>27.2 m (89 ft) from feed at 252.3&#176;T / 237&#176;M<br/>47°38'02.34"N 121°59'48.97"W]]></description><Point><coordinates>-121.99693593,47.63398427,0</coordinates></Point></Placemark>
<Placemark><name>W-L1 hanging end</name><styleUrl>#optW</styleUrl><description><![CDATA[<b>#10 of 33</b> on the 3-band ranking<br/>Inverted-L from the transformer, rising to 46 ft 89 ft out at 237°M, then 34 ft hanging down<br/><b>Deployment:</b> 1 elevated anchor, highest 46 ft (easy throw)<br/>Average height 28.2 ft<br/>20 m take-off 38.0&#176;<br/><br/><b>3-band (40/20/15 m): -1.27 dBi, 53/75 cells, 25/25 regions reachable on at least one band</b><br/><br/><table border=1 cellpadding=3><tr><th>band</th><th>agg dBi</th><th>regions</th><th>Imax ht</th><th>peak elev</th></tr><tr><td>80m</td><td align=right>-2.69 dBi</td><td align=right>25/25</td><td align=right>34 ft</td><td align=right>zenith</td></tr><tr><td>40m</td><td align=right>-1.98 dBi</td><td align=right>24/25</td><td align=right>33 ft</td><td align=right>zenith</td></tr><tr><td>20m</td><td align=right>-1.28 dBi</td><td align=right>18/25</td><td align=right>28 ft</td><td align=right>38&#176;</td></tr><tr><td>15m</td><td align=right>-0.64 dBi</td><td align=right>11/25</td><td align=right>29 ft</td><td align=right>24&#176;</td></tr><tr><td>10m</td><td align=right>-1.10 dBi</td><td align=right>10/25</td><td align=right>28 ft</td><td align=right>18&#176;</td></tr></table><br/><br/><br/>Height: 12 ft AGL<br/>27.2 m (89 ft) from feed at 252.3&#176;T / 237&#176;M<br/>47°38'02.34"N 121°59'48.97"W]]></description><Point><coordinates>-121.99693593,47.63398427,0</coordinates></Point></Placemark>
<Placemark><name>W-L1 wire</name><styleUrl>#optW</styleUrl><description><![CDATA[<b>#10 of 33</b> on the 3-band ranking<br/>Inverted-L from the transformer, rising to 46 ft 89 ft out at 237°M, then 34 ft hanging down<br/><b>Deployment:</b> 1 elevated anchor, highest 46 ft (easy throw)<br/>Average height 28.2 ft<br/>20 m take-off 38.0&#176;<br/><br/><b>3-band (40/20/15 m): -1.27 dBi, 53/75 cells, 25/25 regions reachable on at least one band</b><br/><br/><table border=1 cellpadding=3><tr><th>band</th><th>agg dBi</th><th>regions</th><th>Imax ht</th><th>peak elev</th></tr><tr><td>80m</td><td align=right>-2.69 dBi</td><td align=right>25/25</td><td align=right>34 ft</td><td align=right>zenith</td></tr><tr><td>40m</td><td align=right>-1.98 dBi</td><td align=right>24/25</td><td align=right>33 ft</td><td align=right>zenith</td></tr><tr><td>20m</td><td align=right>-1.28 dBi</td><td align=right>18/25</td><td align=right>28 ft</td><td align=right>38&#176;</td></tr><tr><td>15m</td><td align=right>-0.64 dBi</td><td align=right>11/25</td><td align=right>29 ft</td><td align=right>24&#176;</td></tr><tr><td>10m</td><td align=right>-1.10 dBi</td><td align=right>10/25</td><td align=right>28 ft</td><td align=right>18&#176;</td></tr></table>]]></description><LineString><tessellate>1</tessellate><coordinates>-121.99659167,47.63405833,0 -121.99693593,47.63398427,0 -121.99693593,47.63398427,0</coordinates></LineString></Placemark>
</Folder>
<Folder><name>#11 R-V3 - Inverted-V from the roof, apex 50 ft 61 ft out at 27°M, second leg to 343°M</name><description><![CDATA[<b>#11 of 33</b> on the 3-band ranking<br/>Inverted-V from the roof, apex 50 ft 61 ft out at 27°M, second leg to 343°M<br/><b>Deployment:</b> 1 elevated anchor, highest 50 ft (easy throw)<br/>Average height 33.8 ft<br/>20 m take-off 30.9&#176;<br/><br/><b>3-band (40/20/15 m): +0.02 dBi, 53/75 cells, 23/25 regions reachable on at least one band</b><br/><br/><table border=1 cellpadding=3><tr><th>band</th><th>agg dBi</th><th>regions</th><th>Imax ht</th><th>peak elev</th></tr><tr><td>80m</td><td align=right>-8.03 dBi</td><td align=right>5/25</td><td align=right>38 ft</td><td align=right>zenith</td></tr><tr><td>40m</td><td align=right>-3.74 dBi</td><td align=right>14/25</td><td align=right>34 ft</td><td align=right>zenith</td></tr><tr><td>20m</td><td align=right>+0.69 dBi</td><td align=right>19/25</td><td align=right>34 ft</td><td align=right>31&#176;</td></tr><tr><td>15m</td><td align=right>+1.52 dBi</td><td align=right>20/25</td><td align=right>34 ft</td><td align=right>20&#176;</td></tr><tr><td>10m</td><td align=right>+2.15 dBi</td><td align=right>20/25</td><td align=right>34 ft</td><td align=right>15&#176;</td></tr></table>]]></description>
<Placemark><name>R-V3 feed</name><styleUrl>#optX</styleUrl><description><![CDATA[<b>#11 of 33</b> on the 3-band ranking<br/>Inverted-V from the roof, apex 50 ft 61 ft out at 27°M, second leg to 343°M<br/><b>Deployment:</b> 1 elevated anchor, highest 50 ft (easy throw)<br/>Average height 33.8 ft<br/>20 m take-off 30.9&#176;<br/><br/><b>3-band (40/20/15 m): +0.02 dBi, 53/75 cells, 23/25 regions reachable on at least one band</b><br/><br/><table border=1 cellpadding=3><tr><th>band</th><th>agg dBi</th><th>regions</th><th>Imax ht</th><th>peak elev</th></tr><tr><td>80m</td><td align=right>-8.03 dBi</td><td align=right>5/25</td><td align=right>38 ft</td><td align=right>zenith</td></tr><tr><td>40m</td><td align=right>-3.74 dBi</td><td align=right>14/25</td><td align=right>34 ft</td><td align=right>zenith</td></tr><tr><td>20m</td><td align=right>+0.69 dBi</td><td align=right>19/25</td><td align=right>34 ft</td><td align=right>31&#176;</td></tr><tr><td>15m</td><td align=right>+1.52 dBi</td><td align=right>20/25</td><td align=right>34 ft</td><td align=right>20&#176;</td></tr><tr><td>10m</td><td align=right>+2.15 dBi</td><td align=right>20/25</td><td align=right>34 ft</td><td align=right>15&#176;</td></tr></table><br/><br/><br/>Height: 25 ft AGL<br/>15.0 m (49 ft) from feed at 225.5&#176;T / 210&#176;M<br/>47°38'02.27"N 121°59'48.24"W]]></description><Point><coordinates>-121.99673405,47.63396389,0</coordinates></Point></Placemark>
<Placemark><name>R-V3 apex</name><styleUrl>#optX</styleUrl><description><![CDATA[<b>#11 of 33</b> on the 3-band ranking<br/>Inverted-V from the roof, apex 50 ft 61 ft out at 27°M, second leg to 343°M<br/><b>Deployment:</b> 1 elevated anchor, highest 50 ft (easy throw)<br/>Average height 33.8 ft<br/>20 m take-off 30.9&#176;<br/><br/><b>3-band (40/20/15 m): +0.02 dBi, 53/75 cells, 23/25 regions reachable on at least one band</b><br/><br/><table border=1 cellpadding=3><tr><th>band</th><th>agg dBi</th><th>regions</th><th>Imax ht</th><th>peak elev</th></tr><tr><td>80m</td><td align=right>-8.03 dBi</td><td align=right>5/25</td><td align=right>38 ft</td><td align=right>zenith</td></tr><tr><td>40m</td><td align=right>-3.74 dBi</td><td align=right>14/25</td><td align=right>34 ft</td><td align=right>zenith</td></tr><tr><td>20m</td><td align=right>+0.69 dBi</td><td align=right>19/25</td><td align=right>34 ft</td><td align=right>31&#176;</td></tr><tr><td>15m</td><td align=right>+1.52 dBi</td><td align=right>20/25</td><td align=right>34 ft</td><td align=right>20&#176;</td></tr><tr><td>10m</td><td align=right>+2.15 dBi</td><td align=right>20/25</td><td align=right>34 ft</td><td align=right>15&#176;</td></tr></table><br/><br/><br/>Height: 50 ft AGL<br/>3.8 m (12 ft) from feed at 29.6&#176;T / 14&#176;M<br/>47°38'02.72"N 121°59'47.64"W]]></description><Point><coordinates>-121.99656678,47.63408791,0</coordinates></Point></Placemark>
<Placemark><name>R-V3 end</name><styleUrl>#optX</styleUrl><description><![CDATA[<b>#11 of 33</b> on the 3-band ranking<br/>Inverted-V from the roof, apex 50 ft 61 ft out at 27°M, second leg to 343°M<br/><b>Deployment:</b> 1 elevated anchor, highest 50 ft (easy throw)<br/>Average height 33.8 ft<br/>20 m take-off 30.9&#176;<br/><br/><b>3-band (40/20/15 m): +0.02 dBi, 53/75 cells, 23/25 regions reachable on at least one band</b><br/><br/><table border=1 cellpadding=3><tr><th>band</th><th>agg dBi</th><th>regions</th><th>Imax ht</th><th>peak elev</th></tr><tr><td>80m</td><td align=right>-8.03 dBi</td><td align=right>5/25</td><td align=right>38 ft</td><td align=right>zenith</td></tr><tr><td>40m</td><td align=right>-3.74 dBi</td><td align=right>14/25</td><td align=right>34 ft</td><td align=right>zenith</td></tr><tr><td>20m</td><td align=right>+0.69 dBi</td><td align=right>19/25</td><td align=right>34 ft</td><td align=right>31&#176;</td></tr><tr><td>15m</td><td align=right>+1.52 dBi</td><td align=right>20/25</td><td align=right>34 ft</td><td align=right>20&#176;</td></tr><tr><td>10m</td><td align=right>+2.15 dBi</td><td align=right>20/25</td><td align=right>34 ft</td><td align=right>15&#176;</td></tr></table><br/><br/><br/>Height: 10 ft AGL<br/>18.5 m (61 ft) from feed at 4.2&#176;T / 349&#176;M<br/>47°38'03.21"N 121°59'47.67"W]]></description><Point><coordinates>-121.99657382,47.63422408,0</coordinates></Point></Placemark>
<Placemark><name>R-V3 wire</name><styleUrl>#optX</styleUrl><description><![CDATA[<b>#11 of 33</b> on the 3-band ranking<br/>Inverted-V from the roof, apex 50 ft 61 ft out at 27°M, second leg to 343°M<br/><b>Deployment:</b> 1 elevated anchor, highest 50 ft (easy throw)<br/>Average height 33.8 ft<br/>20 m take-off 30.9&#176;<br/><br/><b>3-band (40/20/15 m): +0.02 dBi, 53/75 cells, 23/25 regions reachable on at least one band</b><br/><br/><table border=1 cellpadding=3><tr><th>band</th><th>agg dBi</th><th>regions</th><th>Imax ht</th><th>peak elev</th></tr><tr><td>80m</td><td align=right>-8.03 dBi</td><td align=right>5/25</td><td align=right>38 ft</td><td align=right>zenith</td></tr><tr><td>40m</td><td align=right>-3.74 dBi</td><td align=right>14/25</td><td align=right>34 ft</td><td align=right>zenith</td></tr><tr><td>20m</td><td align=right>+0.69 dBi</td><td align=right>19/25</td><td align=right>34 ft</td><td align=right>31&#176;</td></tr><tr><td>15m</td><td align=right>+1.52 dBi</td><td align=right>20/25</td><td align=right>34 ft</td><td align=right>20&#176;</td></tr><tr><td>10m</td><td align=right>+2.15 dBi</td><td align=right>20/25</td><td align=right>34 ft</td><td align=right>15&#176;</td></tr></table>]]></description><LineString><tessellate>1</tessellate><coordinates>-121.99673405,47.63396389,0 -121.99656678,47.63408791,0 -121.99657382,47.63422408,0</coordinates></LineString></Placemark>
</Folder>
<Folder><name>#12 R-V1 - Inverted-V from the roof, apex 50 ft 60 ft out at 3°M, second leg to 328°M</name><description><![CDATA[<b>#12 of 33</b> on the 3-band ranking<br/>Inverted-V from the roof, apex 50 ft 60 ft out at 3°M, second leg to 328°M<br/><b>Deployment:</b> 1 elevated anchor, highest 50 ft (easy throw)<br/>Average height 33.8 ft<br/>20 m take-off 31.0&#176;<br/><br/><b>3-band (40/20/15 m): -0.32 dBi, 52/75 cells, 25/25 regions reachable on at least one band</b><br/><br/><table border=1 cellpadding=3><tr><th>band</th><th>agg dBi</th><th>regions</th><th>Imax ht</th><th>peak elev</th></tr><tr><td>80m</td><td align=right>-8.41 dBi</td><td align=right>3/25</td><td align=right>38 ft</td><td align=right>zenith</td></tr><tr><td>40m</td><td align=right>-4.20 dBi</td><td align=right>10/25</td><td align=right>34 ft</td><td align=right>zenith</td></tr><tr><td>20m</td><td align=right>-0.02 dBi</td><td align=right>20/25</td><td align=right>34 ft</td><td align=right>31&#176;</td></tr><tr><td>15m</td><td align=right>+1.50 dBi</td><td align=right>22/25</td><td align=right>34 ft</td><td align=right>20&#176;</td></tr><tr><td>10m</td><td align=right>+2.35 dBi</td><td align=right>23/25</td><td align=right>34 ft</td><td align=right>15&#176;</td></tr></table>]]></description>
<Placemark><name>R-V1 feed</name><styleUrl>#optX</styleUrl><description><![CDATA[<b>#12 of 33</b> on the 3-band ranking<br/>Inverted-V from the roof, apex 50 ft 60 ft out at 3°M, second leg to 328°M<br/><b>Deployment:</b> 1 elevated anchor, highest 50 ft (easy throw)<br/>Average height 33.8 ft<br/>20 m take-off 31.0&#176;<br/><br/><b>3-band (40/20/15 m): -0.32 dBi, 52/75 cells, 25/25 regions reachable on at least one band</b><br/><br/><table border=1 cellpadding=3><tr><th>band</th><th>agg dBi</th><th>regions</th><th>Imax ht</th><th>peak elev</th></tr><tr><td>80m</td><td align=right>-8.41 dBi</td><td align=right>3/25</td><td align=right>38 ft</td><td align=right>zenith</td></tr><tr><td>40m</td><td align=right>-4.20 dBi</td><td align=right>10/25</td><td align=right>34 ft</td><td align=right>zenith</td></tr><tr><td>20m</td><td align=right>-0.02 dBi</td><td align=right>20/25</td><td align=right>34 ft</td><td align=right>31&#176;</td></tr><tr><td>15m</td><td align=right>+1.50 dBi</td><td align=right>22/25</td><td align=right>34 ft</td><td align=right>20&#176;</td></tr><tr><td>10m</td><td align=right>+2.35 dBi</td><td align=right>23/25</td><td align=right>34 ft</td><td align=right>15&#176;</td></tr></table><br/><br/><br/>Height: 25 ft AGL<br/>15.0 m (49 ft) from feed at 225.5&#176;T / 210&#176;M<br/>47°38'02.27"N 121°59'48.24"W]]></description><Point><coordinates>-121.99673405,47.63396389,0</coordinates></Point></Placemark>
<Placemark><name>R-V1 apex</name><styleUrl>#optX</styleUrl><description><![CDATA[<b>#12 of 33</b> on the 3-band ranking<br/>Inverted-V from the roof, apex 50 ft 60 ft out at 3°M, second leg to 328°M<br/><b>Deployment:</b> 1 elevated anchor, highest 50 ft (easy throw)<br/>Average height 33.8 ft<br/>20 m take-off 31.0&#176;<br/><br/><b>3-band (40/20/15 m): -0.32 dBi, 52/75 cells, 25/25 regions reachable on at least one band</b><br/><br/><table border=1 cellpadding=3><tr><th>band</th><th>agg dBi</th><th>regions</th><th>Imax ht</th><th>peak elev</th></tr><tr><td>80m</td><td align=right>-8.41 dBi</td><td align=right>3/25</td><td align=right>38 ft</td><td align=right>zenith</td></tr><tr><td>40m</td><td align=right>-4.20 dBi</td><td align=right>10/25</td><td align=right>34 ft</td><td align=right>zenith</td></tr><tr><td>20m</td><td align=right>-0.02 dBi</td><td align=right>20/25</td><td align=right>34 ft</td><td align=right>31&#176;</td></tr><tr><td>15m</td><td align=right>+1.50 dBi</td><td align=right>22/25</td><td align=right>34 ft</td><td align=right>20&#176;</td></tr><tr><td>10m</td><td align=right>+2.35 dBi</td><td align=right>23/25</td><td align=right>34 ft</td><td align=right>15&#176;</td></tr></table><br/><br/><br/>Height: 50 ft AGL<br/>8.6 m (28 ft) from feed at 323.9&#176;T / 309&#176;M<br/>47°38'02.83"N 121°59'47.97"W]]></description><Point><coordinates>-121.99665878,47.63412052,0</coordinates></Point></Placemark>
<Placemark><name>R-V1 end</name><styleUrl>#optX</styleUrl><description><![CDATA[<b>#12 of 33</b> on the 3-band ranking<br/>Inverted-V from the roof, apex 50 ft 60 ft out at 3°M, second leg to 328°M<br/><b>Deployment:</b> 1 elevated anchor, highest 50 ft (easy throw)<br/>Average height 33.8 ft<br/>20 m take-off 31.0&#176;<br/><br/><b>3-band (40/20/15 m): -0.32 dBi, 52/75 cells, 25/25 regions reachable on at least one band</b><br/><br/><table border=1 cellpadding=3><tr><th>band</th><th>agg dBi</th><th>regions</th><th>Imax ht</th><th>peak elev</th></tr><tr><td>80m</td><td align=right>-8.41 dBi</td><td align=right>3/25</td><td align=right>38 ft</td><td align=right>zenith</td></tr><tr><td>40m</td><td align=right>-4.20 dBi</td><td align=right>10/25</td><td align=right>34 ft</td><td align=right>zenith</td></tr><tr><td>20m</td><td align=right>-0.02 dBi</td><td align=right>20/25</td><td align=right>34 ft</td><td align=right>31&#176;</td></tr><tr><td>15m</td><td align=right>+1.50 dBi</td><td align=right>22/25</td><td align=right>34 ft</td><td align=right>20&#176;</td></tr><tr><td>10m</td><td align=right>+2.35 dBi</td><td align=right>23/25</td><td align=right>34 ft</td><td align=right>15&#176;</td></tr></table><br/><br/><br/>Height: 10 ft AGL<br/>23.8 m (78 ft) from feed at 336.2&#176;T / 321&#176;M<br/>47°38'03.32"N 121°59'48.19"W]]></description><Point><coordinates>-121.99671931,47.63425436,0</coordinates></Point></Placemark>
<Placemark><name>R-V1 wire</name><styleUrl>#optX</styleUrl><description><![CDATA[<b>#12 of 33</b> on the 3-band ranking<br/>Inverted-V from the roof, apex 50 ft 60 ft out at 3°M, second leg to 328°M<br/><b>Deployment:</b> 1 elevated anchor, highest 50 ft (easy throw)<br/>Average height 33.8 ft<br/>20 m take-off 31.0&#176;<br/><br/><b>3-band (40/20/15 m): -0.32 dBi, 52/75 cells, 25/25 regions reachable on at least one band</b><br/><br/><table border=1 cellpadding=3><tr><th>band</th><th>agg dBi</th><th>regions</th><th>Imax ht</th><th>peak elev</th></tr><tr><td>80m</td><td align=right>-8.41 dBi</td><td align=right>3/25</td><td align=right>38 ft</td><td align=right>zenith</td></tr><tr><td>40m</td><td align=right>-4.20 dBi</td><td align=right>10/25</td><td align=right>34 ft</td><td align=right>zenith</td></tr><tr><td>20m</td><td align=right>-0.02 dBi</td><td align=right>20/25</td><td align=right>34 ft</td><td align=right>31&#176;</td></tr><tr><td>15m</td><td align=right>+1.50 dBi</td><td align=right>22/25</td><td align=right>34 ft</td><td align=right>20&#176;</td></tr><tr><td>10m</td><td align=right>+2.35 dBi</td><td align=right>23/25</td><td align=right>34 ft</td><td align=right>15&#176;</td></tr></table>]]></description><LineString><tessellate>1</tessellate><coordinates>-121.99673405,47.63396389,0 -121.99665878,47.63412052,0 -121.99671931,47.63425436,0</coordinates></LineString></Placemark>
</Folder>
<Folder><name>#13 W-L2 - Inverted-L from the transformer, rising to 56 ft 85 ft out at 15°M, then 33 ft hanging down</name><description><![CDATA[<b>#13 of 33</b> on the 3-band ranking<br/>Inverted-L from the transformer, rising to 56 ft 85 ft out at 15°M, then 33 ft hanging down<br/><b>Deployment:</b> 2 elevated anchors, highest 56 ft (hard throw)<br/>Average height 34.5 ft<br/>20 m take-off 30.2&#176;<br/><br/><b>3-band (40/20/15 m): -1.81 dBi, 50/75 cells, 25/25 regions reachable on at least one band</b><br/><br/><table border=1 cellpadding=3><tr><th>band</th><th>agg dBi</th><th>regions</th><th>Imax ht</th><th>peak elev</th></tr><tr><td>80m</td><td align=right>-2.72 dBi</td><td align=right>24/25</td><td align=right>41 ft</td><td align=right>zenith</td></tr><tr><td>40m</td><td align=right>-1.85 dBi</td><td align=right>24/25</td><td align=right>40 ft</td><td align=right>zenith</td></tr><tr><td>20m</td><td align=right>-1.60 dBi</td><td align=right>16/25</td><td align=right>35 ft</td><td align=right>30&#176;</td></tr><tr><td>15m</td><td align=right>-2.00 dBi</td><td align=right>10/25</td><td align=right>35 ft</td><td align=right>20&#176;</td></tr><tr><td>10m</td><td align=right>-1.33 dBi</td><td align=right>17/25</td><td align=right>35 ft</td><td align=right>14&#176;</td></tr></table>]]></description>
<Placemark><name>W-L2 feed</name><styleUrl>#optW</styleUrl><description><![CDATA[<b>#13 of 33</b> on the 3-band ranking<br/>Inverted-L from the transformer, rising to 56 ft 85 ft out at 15°M, then 33 ft hanging down<br/><b>Deployment:</b> 2 elevated anchors, highest 56 ft (hard throw)<br/>Average height 34.5 ft<br/>20 m take-off 30.2&#176;<br/><br/><b>3-band (40/20/15 m): -1.81 dBi, 50/75 cells, 25/25 regions reachable on at least one band</b><br/><br/><table border=1 cellpadding=3><tr><th>band</th><th>agg dBi</th><th>regions</th><th>Imax ht</th><th>peak elev</th></tr><tr><td>80m</td><td align=right>-2.72 dBi</td><td align=right>24/25</td><td align=right>41 ft</td><td align=right>zenith</td></tr><tr><td>40m</td><td align=right>-1.85 dBi</td><td align=right>24/25</td><td align=right>40 ft</td><td align=right>zenith</td></tr><tr><td>20m</td><td align=right>-1.60 dBi</td><td align=right>16/25</td><td align=right>35 ft</td><td align=right>30&#176;</td></tr><tr><td>15m</td><td align=right>-2.00 dBi</td><td align=right>10/25</td><td align=right>35 ft</td><td align=right>20&#176;</td></tr><tr><td>10m</td><td align=right>-1.33 dBi</td><td align=right>17/25</td><td align=right>35 ft</td><td align=right>14&#176;</td></tr></table><br/><br/><br/>Height: 10 ft AGL<br/>0.0 m (0 ft) from feed at 0.0&#176;T / 345&#176;M<br/>47°38'02.61"N 121°59'47.73"W]]></description><Point><coordinates>-121.99659167,47.63405833,0</coordinates></Point></Placemark>
<Placemark><name>W-L2 support top</name><styleUrl>#optW</styleUrl><description><![CDATA[<b>#13 of 33</b> on the 3-band ranking<br/>Inverted-L from the transformer, rising to 56 ft 85 ft out at 15°M, then 33 ft hanging down<br/><b>Deployment:</b> 2 elevated anchors, highest 56 ft (hard throw)<br/>Average height 34.5 ft<br/>20 m take-off 30.2&#176;<br/><br/><b>3-band (40/20/15 m): -1.81 dBi, 50/75 cells, 25/25 regions reachable on at least one band</b><br/><br/><table border=1 cellpadding=3><tr><th>band</th><th>agg dBi</th><th>regions</th><th>Imax ht</th><th>peak elev</th></tr><tr><td>80m</td><td align=right>-2.72 dBi</td><td align=right>24/25</td><td align=right>41 ft</td><td align=right>zenith</td></tr><tr><td>40m</td><td align=right>-1.85 dBi</td><td align=right>24/25</td><td align=right>40 ft</td><td align=right>zenith</td></tr><tr><td>20m</td><td align=right>-1.60 dBi</td><td align=right>16/25</td><td align=right>35 ft</td><td align=right>30&#176;</td></tr><tr><td>15m</td><td align=right>-2.00 dBi</td><td align=right>10/25</td><td align=right>35 ft</td><td align=right>20&#176;</td></tr><tr><td>10m</td><td align=right>-1.33 dBi</td><td align=right>17/25</td><td align=right>35 ft</td><td align=right>14&#176;</td></tr></table><br/><br/><br/>Height: 56 ft AGL<br/>26.0 m (85 ft) from feed at 30.0&#176;T / 15&#176;M<br/>47°38'03.34"N 121°59'47.11"W]]></description><Point><coordinates>-121.99641868,47.63426085,0</coordinates></Point></Placemark>
<Placemark><name>W-L2 hanging end</name><styleUrl>#optW</styleUrl><description><![CDATA[<b>#13 of 33</b> on the 3-band ranking<br/>Inverted-L from the transformer, rising to 56 ft 85 ft out at 15°M, then 33 ft hanging down<br/><b>Deployment:</b> 2 elevated anchors, highest 56 ft (hard throw)<br/>Average height 34.5 ft<br/>20 m take-off 30.2&#176;<br/><br/><b>3-band (40/20/15 m): -1.81 dBi, 50/75 cells, 25/25 regions reachable on at least one band</b><br/><br/><table border=1 cellpadding=3><tr><th>band</th><th>agg dBi</th><th>regions</th><th>Imax ht</th><th>peak elev</th></tr><tr><td>80m</td><td align=right>-2.72 dBi</td><td align=right>24/25</td><td align=right>41 ft</td><td align=right>zenith</td></tr><tr><td>40m</td><td align=right>-1.85 dBi</td><td align=right>24/25</td><td align=right>40 ft</td><td align=right>zenith</td></tr><tr><td>20m</td><td align=right>-1.60 dBi</td><td align=right>16/25</td><td align=right>35 ft</td><td align=right>30&#176;</td></tr><tr><td>15m</td><td align=right>-2.00 dBi</td><td align=right>10/25</td><td align=right>35 ft</td><td align=right>20&#176;</td></tr><tr><td>10m</td><td align=right>-1.33 dBi</td><td align=right>17/25</td><td align=right>35 ft</td><td align=right>14&#176;</td></tr></table><br/><br/><br/>Height: 23 ft AGL<br/>26.0 m (85 ft) from feed at 30.0&#176;T / 15&#176;M<br/>47°38'03.34"N 121°59'47.11"W]]></description><Point><coordinates>-121.99641868,47.63426085,0</coordinates></Point></Placemark>
<Placemark><name>W-L2 wire</name><styleUrl>#optW</styleUrl><description><![CDATA[<b>#13 of 33</b> on the 3-band ranking<br/>Inverted-L from the transformer, rising to 56 ft 85 ft out at 15°M, then 33 ft hanging down<br/><b>Deployment:</b> 2 elevated anchors, highest 56 ft (hard throw)<br/>Average height 34.5 ft<br/>20 m take-off 30.2&#176;<br/><br/><b>3-band (40/20/15 m): -1.81 dBi, 50/75 cells, 25/25 regions reachable on at least one band</b><br/><br/><table border=1 cellpadding=3><tr><th>band</th><th>agg dBi</th><th>regions</th><th>Imax ht</th><th>peak elev</th></tr><tr><td>80m</td><td align=right>-2.72 dBi</td><td align=right>24/25</td><td align=right>41 ft</td><td align=right>zenith</td></tr><tr><td>40m</td><td align=right>-1.85 dBi</td><td align=right>24/25</td><td align=right>40 ft</td><td align=right>zenith</td></tr><tr><td>20m</td><td align=right>-1.60 dBi</td><td align=right>16/25</td><td align=right>35 ft</td><td align=right>30&#176;</td></tr><tr><td>15m</td><td align=right>-2.00 dBi</td><td align=right>10/25</td><td align=right>35 ft</td><td align=right>20&#176;</td></tr><tr><td>10m</td><td align=right>-1.33 dBi</td><td align=right>17/25</td><td align=right>35 ft</td><td align=right>14&#176;</td></tr></table>]]></description><LineString><tessellate>1</tessellate><coordinates>-121.99659167,47.63405833,0 -121.99641868,47.63426085,0 -121.99641868,47.63426085,0</coordinates></LineString></Placemark>
</Folder>
<Folder><name>#14 R-SL1 - Sloper up from the roof (25 ft) to a 113 ft support 95 ft out at 185°M</name><description><![CDATA[<b>#14 of 33</b> on the 3-band ranking<br/>Sloper up from the roof (25 ft) to a 113 ft support 95 ft out at 185°M<br/><b>Deployment:</b> 1 elevated anchor, highest 113 ft (very hard throw)<br/>Average height 69.1 ft<br/>20 m take-off no lobe (peaks at zenith)<br/><br/><b>3-band (40/20/15 m): -1.97 dBi, 50/75 cells, 25/25 regions reachable on at least one band</b><br/><br/><table border=1 cellpadding=3><tr><th>band</th><th>agg dBi</th><th>regions</th><th>Imax ht</th><th>peak elev</th></tr><tr><td>80m</td><td align=right>-4.06 dBi</td><td align=right>18/25</td><td align=right>69 ft</td><td align=right>54&#176;</td></tr><tr><td>40m</td><td align=right>-2.75 dBi</td><td align=right>16/25</td><td align=right>69 ft</td><td align=right>30&#176;</td></tr><tr><td>20m</td><td align=right>-1.92 dBi</td><td align=right>15/25</td><td align=right>69 ft</td><td align=right>15&#176;</td></tr><tr><td>15m</td><td align=right>-1.35 dBi</td><td align=right>19/25</td><td align=right>69 ft</td><td align=right>57&#176;</td></tr><tr><td>10m</td><td align=right>-3.81 dBi</td><td align=right>11/25</td><td align=right>69 ft</td><td align=right>22&#176;</td></tr></table>]]></description>
<Placemark><name>R-SL1 feed</name><styleUrl>#optX</styleUrl><description><![CDATA[<b>#14 of 33</b> on the 3-band ranking<br/>Sloper up from the roof (25 ft) to a 113 ft support 95 ft out at 185°M<br/><b>Deployment:</b> 1 elevated anchor, highest 113 ft (very hard throw)<br/>Average height 69.1 ft<br/>20 m take-off no lobe (peaks at zenith)<br/><br/><b>3-band (40/20/15 m): -1.97 dBi, 50/75 cells, 25/25 regions reachable on at least one band</b><br/><br/><table border=1 cellpadding=3><tr><th>band</th><th>agg dBi</th><th>regions</th><th>Imax ht</th><th>peak elev</th></tr><tr><td>80m</td><td align=right>-4.06 dBi</td><td align=right>18/25</td><td align=right>69 ft</td><td align=right>54&#176;</td></tr><tr><td>40m</td><td align=right>-2.75 dBi</td><td align=right>16/25</td><td align=right>69 ft</td><td align=right>30&#176;</td></tr><tr><td>20m</td><td align=right>-1.92 dBi</td><td align=right>15/25</td><td align=right>69 ft</td><td align=right>15&#176;</td></tr><tr><td>15m</td><td align=right>-1.35 dBi</td><td align=right>19/25</td><td align=right>69 ft</td><td align=right>57&#176;</td></tr><tr><td>10m</td><td align=right>-3.81 dBi</td><td align=right>11/25</td><td align=right>69 ft</td><td align=right>22&#176;</td></tr></table><br/><br/><br/>Height: 25 ft AGL<br/>15.0 m (49 ft) from feed at 225.5&#176;T / 210&#176;M<br/>47°38'02.27"N 121°59'48.24"W]]></description><Point><coordinates>-121.99673405,47.63396389,0</coordinates></Point></Placemark>
<Placemark><name>R-SL1 tree top</name><styleUrl>#optX</styleUrl><description><![CDATA[<b>#14 of 33</b> on the 3-band ranking<br/>Sloper up from the roof (25 ft) to a 113 ft support 95 ft out at 185°M<br/><b>Deployment:</b> 1 elevated anchor, highest 113 ft (very hard throw)<br/>Average height 69.1 ft<br/>20 m take-off no lobe (peaks at zenith)<br/><br/><b>3-band (40/20/15 m): -1.97 dBi, 50/75 cells, 25/25 regions reachable on at least one band</b><br/><br/><table border=1 cellpadding=3><tr><th>band</th><th>agg dBi</th><th>regions</th><th>Imax ht</th><th>peak elev</th></tr><tr><td>80m</td><td align=right>-4.06 dBi</td><td align=right>18/25</td><td align=right>69 ft</td><td align=right>54&#176;</td></tr><tr><td>40m</td><td align=right>-2.75 dBi</td><td align=right>16/25</td><td align=right>69 ft</td><td align=right>30&#176;</td></tr><tr><td>20m</td><td align=right>-1.92 dBi</td><td align=right>15/25</td><td align=right>69 ft</td><td align=right>15&#176;</td></tr><tr><td>15m</td><td align=right>-1.35 dBi</td><td align=right>19/25</td><td align=right>69 ft</td><td align=right>57&#176;</td></tr><tr><td>10m</td><td align=right>-3.81 dBi</td><td align=right>11/25</td><td align=right>69 ft</td><td align=right>22&#176;</td></tr></table><br/><br/><br/>Height: 113 ft AGL<br/>43.1 m (141 ft) from feed at 208.6&#176;T / 193&#176;M<br/>47°38'01.38"N 121°59'48.72"W]]></description><Point><coordinates>-121.99686648,47.63371795,0</coordinates></Point></Placemark>
<Placemark><name>R-SL1 wire</name><styleUrl>#optX</styleUrl><description><![CDATA[<b>#14 of 33</b> on the 3-band ranking<br/>Sloper up from the roof (25 ft) to a 113 ft support 95 ft out at 185°M<br/><b>Deployment:</b> 1 elevated anchor, highest 113 ft (very hard throw)<br/>Average height 69.1 ft<br/>20 m take-off no lobe (peaks at zenith)<br/><br/><b>3-band (40/20/15 m): -1.97 dBi, 50/75 cells, 25/25 regions reachable on at least one band</b><br/><br/><table border=1 cellpadding=3><tr><th>band</th><th>agg dBi</th><th>regions</th><th>Imax ht</th><th>peak elev</th></tr><tr><td>80m</td><td align=right>-4.06 dBi</td><td align=right>18/25</td><td align=right>69 ft</td><td align=right>54&#176;</td></tr><tr><td>40m</td><td align=right>-2.75 dBi</td><td align=right>16/25</td><td align=right>69 ft</td><td align=right>30&#176;</td></tr><tr><td>20m</td><td align=right>-1.92 dBi</td><td align=right>15/25</td><td align=right>69 ft</td><td align=right>15&#176;</td></tr><tr><td>15m</td><td align=right>-1.35 dBi</td><td align=right>19/25</td><td align=right>69 ft</td><td align=right>57&#176;</td></tr><tr><td>10m</td><td align=right>-3.81 dBi</td><td align=right>11/25</td><td align=right>69 ft</td><td align=right>22&#176;</td></tr></table>]]></description><LineString><tessellate>1</tessellate><coordinates>-121.99673405,47.63396389,0 -121.99686648,47.63371795,0</coordinates></LineString></Placemark>
</Folder>
<Folder><name>#15 SRCH-SL1 - Sloper up from the transformer (10 ft) to a 107 ft support 86 ft out at 189°M</name><description><![CDATA[<b>#15 of 33</b> on the 3-band ranking<br/>Sloper up from the transformer (10 ft) to a 107 ft support 86 ft out at 189°M<br/><b>Deployment:</b> 1 elevated anchor, highest 107 ft (very hard throw)<br/>Average height 58.6 ft<br/>20 m take-off no lobe (peaks at zenith)<br/><br/><b>3-band (40/20/15 m): -2.93 dBi, 50/75 cells, 25/25 regions reachable on at least one band</b><br/><br/><table border=1 cellpadding=3><tr><th>band</th><th>agg dBi</th><th>regions</th><th>Imax ht</th><th>peak elev</th></tr><tr><td>80m</td><td align=right>-4.30 dBi</td><td align=right>18/25</td><td align=right>59 ft</td><td align=right>48&#176;</td></tr><tr><td>40m</td><td align=right>-3.28 dBi</td><td align=right>18/25</td><td align=right>59 ft</td><td align=right>36&#176;</td></tr><tr><td>20m</td><td align=right>-2.93 dBi</td><td align=right>14/25</td><td align=right>59 ft</td><td align=right>63&#176;</td></tr><tr><td>15m</td><td align=right>-2.62 dBi</td><td align=right>18/25</td><td align=right>59 ft</td><td align=right>83&#176;</td></tr><tr><td>10m</td><td align=right>-4.52 dBi</td><td align=right>8/25</td><td align=right>59 ft</td><td align=right>9&#176;</td></tr></table>]]></description>
<Placemark><name>SRCH-SL1 feed</name><styleUrl>#optX</styleUrl><description><![CDATA[<b>#15 of 33</b> on the 3-band ranking<br/>Sloper up from the transformer (10 ft) to a 107 ft support 86 ft out at 189°M<br/><b>Deployment:</b> 1 elevated anchor, highest 107 ft (very hard throw)<br/>Average height 58.6 ft<br/>20 m take-off no lobe (peaks at zenith)<br/><br/><b>3-band (40/20/15 m): -2.93 dBi, 50/75 cells, 25/25 regions reachable on at least one band</b><br/><br/><table border=1 cellpadding=3><tr><th>band</th><th>agg dBi</th><th>regions</th><th>Imax ht</th><th>peak elev</th></tr><tr><td>80m</td><td align=right>-4.30 dBi</td><td align=right>18/25</td><td align=right>59 ft</td><td align=right>48&#176;</td></tr><tr><td>40m</td><td align=right>-3.28 dBi</td><td align=right>18/25</td><td align=right>59 ft</td><td align=right>36&#176;</td></tr><tr><td>20m</td><td align=right>-2.93 dBi</td><td align=right>14/25</td><td align=right>59 ft</td><td align=right>63&#176;</td></tr><tr><td>15m</td><td align=right>-2.62 dBi</td><td align=right>18/25</td><td align=right>59 ft</td><td align=right>83&#176;</td></tr><tr><td>10m</td><td align=right>-4.52 dBi</td><td align=right>8/25</td><td align=right>59 ft</td><td align=right>9&#176;</td></tr></table><br/><br/><br/>Height: 10 ft AGL<br/>0.0 m (0 ft) from feed at 0.0&#176;T / 345&#176;M<br/>47°38'02.61"N 121°59'47.73"W]]></description><Point><coordinates>-121.99659167,47.63405833,0</coordinates></Point></Placemark>
<Placemark><name>SRCH-SL1 tree top</name><styleUrl>#optX</styleUrl><description><![CDATA[<b>#15 of 33</b> on the 3-band ranking<br/>Sloper up from the transformer (10 ft) to a 107 ft support 86 ft out at 189°M<br/><b>Deployment:</b> 1 elevated anchor, highest 107 ft (very hard throw)<br/>Average height 58.6 ft<br/>20 m take-off no lobe (peaks at zenith)<br/><br/><b>3-band (40/20/15 m): -2.93 dBi, 50/75 cells, 25/25 regions reachable on at least one band</b><br/><br/><table border=1 cellpadding=3><tr><th>band</th><th>agg dBi</th><th>regions</th><th>Imax ht</th><th>peak elev</th></tr><tr><td>80m</td><td align=right>-4.30 dBi</td><td align=right>18/25</td><td align=right>59 ft</td><td align=right>48&#176;</td></tr><tr><td>40m</td><td align=right>-3.28 dBi</td><td align=right>18/25</td><td align=right>59 ft</td><td align=right>36&#176;</td></tr><tr><td>20m</td><td align=right>-2.93 dBi</td><td align=right>14/25</td><td align=right>59 ft</td><td align=right>63&#176;</td></tr><tr><td>15m</td><td align=right>-2.62 dBi</td><td align=right>18/25</td><td align=right>59 ft</td><td align=right>83&#176;</td></tr><tr><td>10m</td><td align=right>-4.52 dBi</td><td align=right>8/25</td><td align=right>59 ft</td><td align=right>9&#176;</td></tr></table><br/><br/><br/>Height: 107 ft AGL<br/>26.3 m (86 ft) from feed at 204.0&#176;T / 189&#176;M<br/>47°38'01.83"N 121°59'48.24"W]]></description><Point><coordinates>-121.99673401,47.63384224,0</coordinates></Point></Placemark>
<Placemark><name>SRCH-SL1 wire</name><styleUrl>#optX</styleUrl><description><![CDATA[<b>#15 of 33</b> on the 3-band ranking<br/>Sloper up from the transformer (10 ft) to a 107 ft support 86 ft out at 189°M<br/><b>Deployment:</b> 1 elevated anchor, highest 107 ft (very hard throw)<br/>Average height 58.6 ft<br/>20 m take-off no lobe (peaks at zenith)<br/><br/><b>3-band (40/20/15 m): -2.93 dBi, 50/75 cells, 25/25 regions reachable on at least one band</b><br/><br/><table border=1 cellpadding=3><tr><th>band</th><th>agg dBi</th><th>regions</th><th>Imax ht</th><th>peak elev</th></tr><tr><td>80m</td><td align=right>-4.30 dBi</td><td align=right>18/25</td><td align=right>59 ft</td><td align=right>48&#176;</td></tr><tr><td>40m</td><td align=right>-3.28 dBi</td><td align=right>18/25</td><td align=right>59 ft</td><td align=right>36&#176;</td></tr><tr><td>20m</td><td align=right>-2.93 dBi</td><td align=right>14/25</td><td align=right>59 ft</td><td align=right>63&#176;</td></tr><tr><td>15m</td><td align=right>-2.62 dBi</td><td align=right>18/25</td><td align=right>59 ft</td><td align=right>83&#176;</td></tr><tr><td>10m</td><td align=right>-4.52 dBi</td><td align=right>8/25</td><td align=right>59 ft</td><td align=right>9&#176;</td></tr></table>]]></description><LineString><tessellate>1</tessellate><coordinates>-121.99659167,47.63405833,0 -121.99673401,47.63384224,0</coordinates></LineString></Placemark>
</Folder>
<Folder><name>#16 SRCH-V2 - Inverted-V from the transformer, apex 50 ft 52 ft out at 3°M, second leg to 333°M</name><description><![CDATA[<b>#16 of 33</b> on the 3-band ranking<br/>Inverted-V from the transformer, apex 50 ft 52 ft out at 3°M, second leg to 333°M<br/><b>Deployment:</b> 1 elevated anchor, highest 50 ft (easy throw)<br/>Average height 30.0 ft<br/>20 m take-off 35.4&#176;<br/><br/><b>3-band (40/20/15 m): -0.57 dBi, 50/75 cells, 24/25 regions reachable on at least one band</b><br/><br/><table border=1 cellpadding=3><tr><th>band</th><th>agg dBi</th><th>regions</th><th>Imax ht</th><th>peak elev</th></tr><tr><td>80m</td><td align=right>-9.41 dBi</td><td align=right>2/25</td><td align=right>30 ft</td><td align=right>zenith</td></tr><tr><td>40m</td><td align=right>-5.07 dBi</td><td align=right>9/25</td><td align=right>30 ft</td><td align=right>zenith</td></tr><tr><td>20m</td><td align=right>-0.43 dBi</td><td align=right>19/25</td><td align=right>30 ft</td><td align=right>35&#176;</td></tr><tr><td>15m</td><td align=right>+1.50 dBi</td><td align=right>22/25</td><td align=right>30 ft</td><td align=right>23&#176;</td></tr><tr><td>10m</td><td align=right>+2.09 dBi</td><td align=right>22/25</td><td align=right>30 ft</td><td align=right>17&#176;</td></tr></table>]]></description>
<Placemark><name>SRCH-V2 feed</name><styleUrl>#optX</styleUrl><description><![CDATA[<b>#16 of 33</b> on the 3-band ranking<br/>Inverted-V from the transformer, apex 50 ft 52 ft out at 3°M, second leg to 333°M<br/><b>Deployment:</b> 1 elevated anchor, highest 50 ft (easy throw)<br/>Average height 30.0 ft<br/>20 m take-off 35.4&#176;<br/><br/><b>3-band (40/20/15 m): -0.57 dBi, 50/75 cells, 24/25 regions reachable on at least one band</b><br/><br/><table border=1 cellpadding=3><tr><th>band</th><th>agg dBi</th><th>regions</th><th>Imax ht</th><th>peak elev</th></tr><tr><td>80m</td><td align=right>-9.41 dBi</td><td align=right>2/25</td><td align=right>30 ft</td><td align=right>zenith</td></tr><tr><td>40m</td><td align=right>-5.07 dBi</td><td align=right>9/25</td><td align=right>30 ft</td><td align=right>zenith</td></tr><tr><td>20m</td><td align=right>-0.43 dBi</td><td align=right>19/25</td><td align=right>30 ft</td><td align=right>35&#176;</td></tr><tr><td>15m</td><td align=right>+1.50 dBi</td><td align=right>22/25</td><td align=right>30 ft</td><td align=right>23&#176;</td></tr><tr><td>10m</td><td align=right>+2.09 dBi</td><td align=right>22/25</td><td align=right>30 ft</td><td align=right>17&#176;</td></tr></table><br/><br/><br/>Height: 10 ft AGL<br/>0.0 m (0 ft) from feed at 0.0&#176;T / 345&#176;M<br/>47°38'02.61"N 121°59'47.73"W]]></description><Point><coordinates>-121.99659167,47.63405833,0</coordinates></Point></Placemark>
<Placemark><name>SRCH-V2 apex</name><styleUrl>#optX</styleUrl><description><![CDATA[<b>#16 of 33</b> on the 3-band ranking<br/>Inverted-V from the transformer, apex 50 ft 52 ft out at 3°M, second leg to 333°M<br/><b>Deployment:</b> 1 elevated anchor, highest 50 ft (easy throw)<br/>Average height 30.0 ft<br/>20 m take-off 35.4&#176;<br/><br/><b>3-band (40/20/15 m): -0.57 dBi, 50/75 cells, 24/25 regions reachable on at least one band</b><br/><br/><table border=1 cellpadding=3><tr><th>band</th><th>agg dBi</th><th>regions</th><th>Imax ht</th><th>peak elev</th></tr><tr><td>80m</td><td align=right>-9.41 dBi</td><td align=right>2/25</td><td align=right>30 ft</td><td align=right>zenith</td></tr><tr><td>40m</td><td align=right>-5.07 dBi</td><td align=right>9/25</td><td align=right>30 ft</td><td align=right>zenith</td></tr><tr><td>20m</td><td align=right>-0.43 dBi</td><td align=right>19/25</td><td align=right>30 ft</td><td align=right>35&#176;</td></tr><tr><td>15m</td><td align=right>+1.50 dBi</td><td align=right>22/25</td><td align=right>30 ft</td><td align=right>23&#176;</td></tr><tr><td>10m</td><td align=right>+2.09 dBi</td><td align=right>22/25</td><td align=right>30 ft</td><td align=right>17&#176;</td></tr></table><br/><br/><br/>Height: 50 ft AGL<br/>15.8 m (52 ft) from feed at 18.3&#176;T / 3&#176;M<br/>47°38'03.10"N 121°59'47.49"W]]></description><Point><coordinates>-121.99652550,47.63419356,0</coordinates></Point></Placemark>
<Placemark><name>SRCH-V2 end</name><styleUrl>#optX</styleUrl><description><![CDATA[<b>#16 of 33</b> on the 3-band ranking<br/>Inverted-V from the transformer, apex 50 ft 52 ft out at 3°M, second leg to 333°M<br/><b>Deployment:</b> 1 elevated anchor, highest 50 ft (easy throw)<br/>Average height 30.0 ft<br/>20 m take-off 35.4&#176;<br/><br/><b>3-band (40/20/15 m): -0.57 dBi, 50/75 cells, 24/25 regions reachable on at least one band</b><br/><br/><table border=1 cellpadding=3><tr><th>band</th><th>agg dBi</th><th>regions</th><th>Imax ht</th><th>peak elev</th></tr><tr><td>80m</td><td align=right>-9.41 dBi</td><td align=right>2/25</td><td align=right>30 ft</td><td align=right>zenith</td></tr><tr><td>40m</td><td align=right>-5.07 dBi</td><td align=right>9/25</td><td align=right>30 ft</td><td align=right>zenith</td></tr><tr><td>20m</td><td align=right>-0.43 dBi</td><td align=right>19/25</td><td align=right>30 ft</td><td align=right>35&#176;</td></tr><tr><td>15m</td><td align=right>+1.50 dBi</td><td align=right>22/25</td><td align=right>30 ft</td><td align=right>23&#176;</td></tr><tr><td>10m</td><td align=right>+2.09 dBi</td><td align=right>22/25</td><td align=right>30 ft</td><td align=right>17&#176;</td></tr></table><br/><br/><br/>Height: 10 ft AGL<br/>30.1 m (99 ft) from feed at 3.4&#176;T / 348&#176;M<br/>47°38'03.58"N 121°59'47.64"W]]></description><Point><coordinates>-121.99656801,47.63432874,0</coordinates></Point></Placemark>
<Placemark><name>SRCH-V2 wire</name><styleUrl>#optX</styleUrl><description><![CDATA[<b>#16 of 33</b> on the 3-band ranking<br/>Inverted-V from the transformer, apex 50 ft 52 ft out at 3°M, second leg to 333°M<br/><b>Deployment:</b> 1 elevated anchor, highest 50 ft (easy throw)<br/>Average height 30.0 ft<br/>20 m take-off 35.4&#176;<br/><br/><b>3-band (40/20/15 m): -0.57 dBi, 50/75 cells, 24/25 regions reachable on at least one band</b><br/><br/><table border=1 cellpadding=3><tr><th>band</th><th>agg dBi</th><th>regions</th><th>Imax ht</th><th>peak elev</th></tr><tr><td>80m</td><td align=right>-9.41 dBi</td><td align=right>2/25</td><td align=right>30 ft</td><td align=right>zenith</td></tr><tr><td>40m</td><td align=right>-5.07 dBi</td><td align=right>9/25</td><td align=right>30 ft</td><td align=right>zenith</td></tr><tr><td>20m</td><td align=right>-0.43 dBi</td><td align=right>19/25</td><td align=right>30 ft</td><td align=right>35&#176;</td></tr><tr><td>15m</td><td align=right>+1.50 dBi</td><td align=right>22/25</td><td align=right>30 ft</td><td align=right>23&#176;</td></tr><tr><td>10m</td><td align=right>+2.09 dBi</td><td align=right>22/25</td><td align=right>30 ft</td><td align=right>17&#176;</td></tr></table>]]></description><LineString><tessellate>1</tessellate><coordinates>-121.99659167,47.63405833,0 -121.99652550,47.63419356,0 -121.99656801,47.63432874,0</coordinates></LineString></Placemark>
</Folder>
<Folder><name>#17 R-SL2 - Sloper up from the roof (25 ft) to a 97 ft support 108 ft out at 163°M</name><description><![CDATA[<b>#17 of 33</b> on the 3-band ranking<br/>Sloper up from the roof (25 ft) to a 97 ft support 108 ft out at 163°M<br/><b>Deployment:</b> 1 elevated anchor, highest 97 ft (very hard throw)<br/>Average height 60.9 ft<br/>20 m take-off no lobe (peaks at zenith)<br/><br/><b>3-band (40/20/15 m): -0.89 dBi, 50/75 cells, 24/25 regions reachable on at least one band</b><br/><br/><table border=1 cellpadding=3><tr><th>band</th><th>agg dBi</th><th>regions</th><th>Imax ht</th><th>peak elev</th></tr><tr><td>80m</td><td align=right>-4.65 dBi</td><td align=right>15/25</td><td align=right>61 ft</td><td align=right>63&#176;</td></tr><tr><td>40m</td><td align=right>-3.57 dBi</td><td align=right>13/25</td><td align=right>61 ft</td><td align=right>35&#176;</td></tr><tr><td>20m</td><td align=right>+0.47 dBi</td><td align=right>22/25</td><td align=right>61 ft</td><td align=right>59&#176;</td></tr><tr><td>15m</td><td align=right>-0.51 dBi</td><td align=right>15/25</td><td align=right>61 ft</td><td align=right>72&#176;</td></tr><tr><td>10m</td><td align=right>-2.15 dBi</td><td align=right>10/25</td><td align=right>61 ft</td><td align=right>8&#176;</td></tr></table>]]></description>
<Placemark><name>R-SL2 feed</name><styleUrl>#optX</styleUrl><description><![CDATA[<b>#17 of 33</b> on the 3-band ranking<br/>Sloper up from the roof (25 ft) to a 97 ft support 108 ft out at 163°M<br/><b>Deployment:</b> 1 elevated anchor, highest 97 ft (very hard throw)<br/>Average height 60.9 ft<br/>20 m take-off no lobe (peaks at zenith)<br/><br/><b>3-band (40/20/15 m): -0.89 dBi, 50/75 cells, 24/25 regions reachable on at least one band</b><br/><br/><table border=1 cellpadding=3><tr><th>band</th><th>agg dBi</th><th>regions</th><th>Imax ht</th><th>peak elev</th></tr><tr><td>80m</td><td align=right>-4.65 dBi</td><td align=right>15/25</td><td align=right>61 ft</td><td align=right>63&#176;</td></tr><tr><td>40m</td><td align=right>-3.57 dBi</td><td align=right>13/25</td><td align=right>61 ft</td><td align=right>35&#176;</td></tr><tr><td>20m</td><td align=right>+0.47 dBi</td><td align=right>22/25</td><td align=right>61 ft</td><td align=right>59&#176;</td></tr><tr><td>15m</td><td align=right>-0.51 dBi</td><td align=right>15/25</td><td align=right>61 ft</td><td align=right>72&#176;</td></tr><tr><td>10m</td><td align=right>-2.15 dBi</td><td align=right>10/25</td><td align=right>61 ft</td><td align=right>8&#176;</td></tr></table><br/><br/><br/>Height: 25 ft AGL<br/>15.0 m (49 ft) from feed at 225.5&#176;T / 210&#176;M<br/>47°38'02.27"N 121°59'48.24"W]]></description><Point><coordinates>-121.99673405,47.63396389,0</coordinates></Point></Placemark>
<Placemark><name>R-SL2 tree top</name><styleUrl>#optX</styleUrl><description><![CDATA[<b>#17 of 33</b> on the 3-band ranking<br/>Sloper up from the roof (25 ft) to a 97 ft support 108 ft out at 163°M<br/><b>Deployment:</b> 1 elevated anchor, highest 97 ft (very hard throw)<br/>Average height 60.9 ft<br/>20 m take-off no lobe (peaks at zenith)<br/><br/><b>3-band (40/20/15 m): -0.89 dBi, 50/75 cells, 24/25 regions reachable on at least one band</b><br/><br/><table border=1 cellpadding=3><tr><th>band</th><th>agg dBi</th><th>regions</th><th>Imax ht</th><th>peak elev</th></tr><tr><td>80m</td><td align=right>-4.65 dBi</td><td align=right>15/25</td><td align=right>61 ft</td><td align=right>63&#176;</td></tr><tr><td>40m</td><td align=right>-3.57 dBi</td><td align=right>13/25</td><td align=right>61 ft</td><td align=right>35&#176;</td></tr><tr><td>20m</td><td align=right>+0.47 dBi</td><td align=right>22/25</td><td align=right>61 ft</td><td align=right>59&#176;</td></tr><tr><td>15m</td><td align=right>-0.51 dBi</td><td align=right>15/25</td><td align=right>61 ft</td><td align=right>72&#176;</td></tr><tr><td>10m</td><td align=right>-2.15 dBi</td><td align=right>10/25</td><td align=right>61 ft</td><td align=right>8&#176;</td></tr></table><br/><br/><br/>Height: 97 ft AGL<br/>44.5 m (146 ft) from feed at 192.4&#176;T / 177&#176;M<br/>47°38'01.20"N 121°59'48.19"W]]></description><Point><coordinates>-121.99671872,47.63366727,0</coordinates></Point></Placemark>
<Placemark><name>R-SL2 wire</name><styleUrl>#optX</styleUrl><description><![CDATA[<b>#17 of 33</b> on the 3-band ranking<br/>Sloper up from the roof (25 ft) to a 97 ft support 108 ft out at 163°M<br/><b>Deployment:</b> 1 elevated anchor, highest 97 ft (very hard throw)<br/>Average height 60.9 ft<br/>20 m take-off no lobe (peaks at zenith)<br/><br/><b>3-band (40/20/15 m): -0.89 dBi, 50/75 cells, 24/25 regions reachable on at least one band</b><br/><br/><table border=1 cellpadding=3><tr><th>band</th><th>agg dBi</th><th>regions</th><th>Imax ht</th><th>peak elev</th></tr><tr><td>80m</td><td align=right>-4.65 dBi</td><td align=right>15/25</td><td align=right>61 ft</td><td align=right>63&#176;</td></tr><tr><td>40m</td><td align=right>-3.57 dBi</td><td align=right>13/25</td><td align=right>61 ft</td><td align=right>35&#176;</td></tr><tr><td>20m</td><td align=right>+0.47 dBi</td><td align=right>22/25</td><td align=right>61 ft</td><td align=right>59&#176;</td></tr><tr><td>15m</td><td align=right>-0.51 dBi</td><td align=right>15/25</td><td align=right>61 ft</td><td align=right>72&#176;</td></tr><tr><td>10m</td><td align=right>-2.15 dBi</td><td align=right>10/25</td><td align=right>61 ft</td><td align=right>8&#176;</td></tr></table>]]></description><LineString><tessellate>1</tessellate><coordinates>-121.99673405,47.63396389,0 -121.99671872,47.63366727,0</coordinates></LineString></Placemark>
</Folder>
<Folder><name>#18 SRCH-V1 - Inverted-V from the transformer, apex 50 ft 53 ft out at 333°M, second leg to 21°M</name><description><![CDATA[<b>#18 of 33</b> on the 3-band ranking<br/>Inverted-V from the transformer, apex 50 ft 53 ft out at 333°M, second leg to 21°M<br/><b>Deployment:</b> 1 elevated anchor, highest 50 ft (easy throw)<br/>Average height 30.0 ft<br/>20 m take-off 35.4&#176;<br/><br/><b>3-band (40/20/15 m): -0.51 dBi, 50/75 cells, 23/25 regions reachable on at least one band</b><br/><br/><table border=1 cellpadding=3><tr><th>band</th><th>agg dBi</th><th>regions</th><th>Imax ht</th><th>peak elev</th></tr><tr><td>80m</td><td align=right>-8.95 dBi</td><td align=right>3/25</td><td align=right>30 ft</td><td align=right>zenith</td></tr><tr><td>40m</td><td align=right>-4.46 dBi</td><td align=right>10/25</td><td align=right>30 ft</td><td align=right>zenith</td></tr><tr><td>20m</td><td align=right>-0.42 dBi</td><td align=right>18/25</td><td align=right>30 ft</td><td align=right>35&#176;</td></tr><tr><td>15m</td><td align=right>+1.48 dBi</td><td align=right>22/25</td><td align=right>30 ft</td><td align=right>23&#176;</td></tr><tr><td>10m</td><td align=right>+1.58 dBi</td><td align=right>21/25</td><td align=right>30 ft</td><td align=right>17&#176;</td></tr></table>]]></description>
<Placemark><name>SRCH-V1 feed</name><styleUrl>#optX</styleUrl><description><![CDATA[<b>#18 of 33</b> on the 3-band ranking<br/>Inverted-V from the transformer, apex 50 ft 53 ft out at 333°M, second leg to 21°M<br/><b>Deployment:</b> 1 elevated anchor, highest 50 ft (easy throw)<br/>Average height 30.0 ft<br/>20 m take-off 35.4&#176;<br/><br/><b>3-band (40/20/15 m): -0.51 dBi, 50/75 cells, 23/25 regions reachable on at least one band</b><br/><br/><table border=1 cellpadding=3><tr><th>band</th><th>agg dBi</th><th>regions</th><th>Imax ht</th><th>peak elev</th></tr><tr><td>80m</td><td align=right>-8.95 dBi</td><td align=right>3/25</td><td align=right>30 ft</td><td align=right>zenith</td></tr><tr><td>40m</td><td align=right>-4.46 dBi</td><td align=right>10/25</td><td align=right>30 ft</td><td align=right>zenith</td></tr><tr><td>20m</td><td align=right>-0.42 dBi</td><td align=right>18/25</td><td align=right>30 ft</td><td align=right>35&#176;</td></tr><tr><td>15m</td><td align=right>+1.48 dBi</td><td align=right>22/25</td><td align=right>30 ft</td><td align=right>23&#176;</td></tr><tr><td>10m</td><td align=right>+1.58 dBi</td><td align=right>21/25</td><td align=right>30 ft</td><td align=right>17&#176;</td></tr></table><br/><br/><br/>Height: 10 ft AGL<br/>0.0 m (0 ft) from feed at 0.0&#176;T / 345&#176;M<br/>47°38'02.61"N 121°59'47.73"W]]></description><Point><coordinates>-121.99659167,47.63405833,0</coordinates></Point></Placemark>
<Placemark><name>SRCH-V1 apex</name><styleUrl>#optX</styleUrl><description><![CDATA[<b>#18 of 33</b> on the 3-band ranking<br/>Inverted-V from the transformer, apex 50 ft 53 ft out at 333°M, second leg to 21°M<br/><b>Deployment:</b> 1 elevated anchor, highest 50 ft (easy throw)<br/>Average height 30.0 ft<br/>20 m take-off 35.4&#176;<br/><br/><b>3-band (40/20/15 m): -0.51 dBi, 50/75 cells, 23/25 regions reachable on at least one band</b><br/><br/><table border=1 cellpadding=3><tr><th>band</th><th>agg dBi</th><th>regions</th><th>Imax ht</th><th>peak elev</th></tr><tr><td>80m</td><td align=right>-8.95 dBi</td><td align=right>3/25</td><td align=right>30 ft</td><td align=right>zenith</td></tr><tr><td>40m</td><td align=right>-4.46 dBi</td><td align=right>10/25</td><td align=right>30 ft</td><td align=right>zenith</td></tr><tr><td>20m</td><td align=right>-0.42 dBi</td><td align=right>18/25</td><td align=right>30 ft</td><td align=right>35&#176;</td></tr><tr><td>15m</td><td align=right>+1.48 dBi</td><td align=right>22/25</td><td align=right>30 ft</td><td align=right>23&#176;</td></tr><tr><td>10m</td><td align=right>+1.58 dBi</td><td align=right>21/25</td><td align=right>30 ft</td><td align=right>17&#176;</td></tr></table><br/><br/><br/>Height: 50 ft AGL<br/>16.1 m (53 ft) from feed at 348.2&#176;T / 333&#176;M<br/>47°38'03.12"N 121°59'47.89"W]]></description><Point><coordinates>-121.99663529,47.63420005,0</coordinates></Point></Placemark>
<Placemark><name>SRCH-V1 end</name><styleUrl>#optX</styleUrl><description><![CDATA[<b>#18 of 33</b> on the 3-band ranking<br/>Inverted-V from the transformer, apex 50 ft 53 ft out at 333°M, second leg to 21°M<br/><b>Deployment:</b> 1 elevated anchor, highest 50 ft (easy throw)<br/>Average height 30.0 ft<br/>20 m take-off 35.4&#176;<br/><br/><b>3-band (40/20/15 m): -0.51 dBi, 50/75 cells, 23/25 regions reachable on at least one band</b><br/><br/><table border=1 cellpadding=3><tr><th>band</th><th>agg dBi</th><th>regions</th><th>Imax ht</th><th>peak elev</th></tr><tr><td>80m</td><td align=right>-8.95 dBi</td><td align=right>3/25</td><td align=right>30 ft</td><td align=right>zenith</td></tr><tr><td>40m</td><td align=right>-4.46 dBi</td><td align=right>10/25</td><td align=right>30 ft</td><td align=right>zenith</td></tr><tr><td>20m</td><td align=right>-0.42 dBi</td><td align=right>18/25</td><td align=right>30 ft</td><td align=right>35&#176;</td></tr><tr><td>15m</td><td align=right>+1.48 dBi</td><td align=right>22/25</td><td align=right>30 ft</td><td align=right>23&#176;</td></tr><tr><td>10m</td><td align=right>+1.58 dBi</td><td align=right>21/25</td><td align=right>30 ft</td><td align=right>17&#176;</td></tr></table><br/><br/><br/>Height: 10 ft AGL<br/>28.5 m (94 ft) from feed at 11.3&#176;T / 356&#176;M<br/>47°38'03.52"N 121°59'47.46"W]]></description><Point><coordinates>-121.99651717,47.63430994,0</coordinates></Point></Placemark>
<Placemark><name>SRCH-V1 wire</name><styleUrl>#optX</styleUrl><description><![CDATA[<b>#18 of 33</b> on the 3-band ranking<br/>Inverted-V from the transformer, apex 50 ft 53 ft out at 333°M, second leg to 21°M<br/><b>Deployment:</b> 1 elevated anchor, highest 50 ft (easy throw)<br/>Average height 30.0 ft<br/>20 m take-off 35.4&#176;<br/><br/><b>3-band (40/20/15 m): -0.51 dBi, 50/75 cells, 23/25 regions reachable on at least one band</b><br/><br/><table border=1 cellpadding=3><tr><th>band</th><th>agg dBi</th><th>regions</th><th>Imax ht</th><th>peak elev</th></tr><tr><td>80m</td><td align=right>-8.95 dBi</td><td align=right>3/25</td><td align=right>30 ft</td><td align=right>zenith</td></tr><tr><td>40m</td><td align=right>-4.46 dBi</td><td align=right>10/25</td><td align=right>30 ft</td><td align=right>zenith</td></tr><tr><td>20m</td><td align=right>-0.42 dBi</td><td align=right>18/25</td><td align=right>30 ft</td><td align=right>35&#176;</td></tr><tr><td>15m</td><td align=right>+1.48 dBi</td><td align=right>22/25</td><td align=right>30 ft</td><td align=right>23&#176;</td></tr><tr><td>10m</td><td align=right>+1.58 dBi</td><td align=right>21/25</td><td align=right>30 ft</td><td align=right>17&#176;</td></tr></table>]]></description><LineString><tessellate>1</tessellate><coordinates>-121.99659167,47.63405833,0 -121.99663529,47.63420005,0 -121.99651717,47.63430994,0</coordinates></LineString></Placemark>
</Folder>
<Folder><name>#19 SRCH-SL3 - Sloper up from the transformer (10 ft) to a 87 ft support 105 ft out at 261°M</name><description><![CDATA[<b>#19 of 33</b> on the 3-band ranking<br/>Sloper up from the transformer (10 ft) to a 87 ft support 105 ft out at 261°M<br/><b>Deployment:</b> 1 elevated anchor, highest 87 ft (hard throw)<br/>Average height 48.5 ft<br/>20 m take-off no lobe (peaks at zenith)<br/><br/><b>3-band (40/20/15 m): -1.41 dBi, 49/75 cells, 25/25 regions reachable on at least one band</b><br/><br/><table border=1 cellpadding=3><tr><th>band</th><th>agg dBi</th><th>regions</th><th>Imax ht</th><th>peak elev</th></tr><tr><td>80m</td><td align=right>-5.41 dBi</td><td align=right>11/25</td><td align=right>48 ft</td><td align=right>62&#176;</td></tr><tr><td>40m</td><td align=right>-4.18 dBi</td><td align=right>12/25</td><td align=right>48 ft</td><td align=right>45&#176;</td></tr><tr><td>20m</td><td align=right>-1.12 dBi</td><td align=right>19/25</td><td align=right>48 ft</td><td align=right>21&#176;</td></tr><tr><td>15m</td><td align=right>+0.06 dBi</td><td align=right>18/25</td><td align=right>48 ft</td><td align=right>14&#176;</td></tr><tr><td>10m</td><td align=right>-0.50 dBi</td><td align=right>14/25</td><td align=right>48 ft</td><td align=right>63&#176;</td></tr></table>]]></description>
<Placemark><name>SRCH-SL3 feed</name><styleUrl>#optX</styleUrl><description><![CDATA[<b>#19 of 33</b> on the 3-band ranking<br/>Sloper up from the transformer (10 ft) to a 87 ft support 105 ft out at 261°M<br/><b>Deployment:</b> 1 elevated anchor, highest 87 ft (hard throw)<br/>Average height 48.5 ft<br/>20 m take-off no lobe (peaks at zenith)<br/><br/><b>3-band (40/20/15 m): -1.41 dBi, 49/75 cells, 25/25 regions reachable on at least one band</b><br/><br/><table border=1 cellpadding=3><tr><th>band</th><th>agg dBi</th><th>regions</th><th>Imax ht</th><th>peak elev</th></tr><tr><td>80m</td><td align=right>-5.41 dBi</td><td align=right>11/25</td><td align=right>48 ft</td><td align=right>62&#176;</td></tr><tr><td>40m</td><td align=right>-4.18 dBi</td><td align=right>12/25</td><td align=right>48 ft</td><td align=right>45&#176;</td></tr><tr><td>20m</td><td align=right>-1.12 dBi</td><td align=right>19/25</td><td align=right>48 ft</td><td align=right>21&#176;</td></tr><tr><td>15m</td><td align=right>+0.06 dBi</td><td align=right>18/25</td><td align=right>48 ft</td><td align=right>14&#176;</td></tr><tr><td>10m</td><td align=right>-0.50 dBi</td><td align=right>14/25</td><td align=right>48 ft</td><td align=right>63&#176;</td></tr></table><br/><br/><br/>Height: 10 ft AGL<br/>0.0 m (0 ft) from feed at 0.0&#176;T / 345&#176;M<br/>47°38'02.61"N 121°59'47.73"W]]></description><Point><coordinates>-121.99659167,47.63405833,0</coordinates></Point></Placemark>
<Placemark><name>SRCH-SL3 tree top</name><styleUrl>#optX</styleUrl><description><![CDATA[<b>#19 of 33</b> on the 3-band ranking<br/>Sloper up from the transformer (10 ft) to a 87 ft support 105 ft out at 261°M<br/><b>Deployment:</b> 1 elevated anchor, highest 87 ft (hard throw)<br/>Average height 48.5 ft<br/>20 m take-off no lobe (peaks at zenith)<br/><br/><b>3-band (40/20/15 m): -1.41 dBi, 49/75 cells, 25/25 regions reachable on at least one band</b><br/><br/><table border=1 cellpadding=3><tr><th>band</th><th>agg dBi</th><th>regions</th><th>Imax ht</th><th>peak elev</th></tr><tr><td>80m</td><td align=right>-5.41 dBi</td><td align=right>11/25</td><td align=right>48 ft</td><td align=right>62&#176;</td></tr><tr><td>40m</td><td align=right>-4.18 dBi</td><td align=right>12/25</td><td align=right>48 ft</td><td align=right>45&#176;</td></tr><tr><td>20m</td><td align=right>-1.12 dBi</td><td align=right>19/25</td><td align=right>48 ft</td><td align=right>21&#176;</td></tr><tr><td>15m</td><td align=right>+0.06 dBi</td><td align=right>18/25</td><td align=right>48 ft</td><td align=right>14&#176;</td></tr><tr><td>10m</td><td align=right>-0.50 dBi</td><td align=right>14/25</td><td align=right>48 ft</td><td align=right>63&#176;</td></tr></table><br/><br/><br/>Height: 87 ft AGL<br/>31.9 m (105 ft) from feed at 276.0&#176;T / 261&#176;M<br/>47°38'02.72"N 121°59'49.25"W]]></description><Point><coordinates>-121.99701382,47.63408832,0</coordinates></Point></Placemark>
<Placemark><name>SRCH-SL3 wire</name><styleUrl>#optX</styleUrl><description><![CDATA[<b>#19 of 33</b> on the 3-band ranking<br/>Sloper up from the transformer (10 ft) to a 87 ft support 105 ft out at 261°M<br/><b>Deployment:</b> 1 elevated anchor, highest 87 ft (hard throw)<br/>Average height 48.5 ft<br/>20 m take-off no lobe (peaks at zenith)<br/><br/><b>3-band (40/20/15 m): -1.41 dBi, 49/75 cells, 25/25 regions reachable on at least one band</b><br/><br/><table border=1 cellpadding=3><tr><th>band</th><th>agg dBi</th><th>regions</th><th>Imax ht</th><th>peak elev</th></tr><tr><td>80m</td><td align=right>-5.41 dBi</td><td align=right>11/25</td><td align=right>48 ft</td><td align=right>62&#176;</td></tr><tr><td>40m</td><td align=right>-4.18 dBi</td><td align=right>12/25</td><td align=right>48 ft</td><td align=right>45&#176;</td></tr><tr><td>20m</td><td align=right>-1.12 dBi</td><td align=right>19/25</td><td align=right>48 ft</td><td align=right>21&#176;</td></tr><tr><td>15m</td><td align=right>+0.06 dBi</td><td align=right>18/25</td><td align=right>48 ft</td><td align=right>14&#176;</td></tr><tr><td>10m</td><td align=right>-0.50 dBi</td><td align=right>14/25</td><td align=right>48 ft</td><td align=right>63&#176;</td></tr></table>]]></description><LineString><tessellate>1</tessellate><coordinates>-121.99659167,47.63405833,0 -121.99701382,47.63408832,0</coordinates></LineString></Placemark>
</Folder>
<Folder><name>#20 R-SL3 - Sloper up from the roof (25 ft) to a 120 ft support 89 ft out at 37°M</name><description><![CDATA[<b>#20 of 33</b> on the 3-band ranking<br/>Sloper up from the roof (25 ft) to a 120 ft support 89 ft out at 37°M<br/><b>Deployment:</b> 1 elevated anchor, highest 120 ft (very hard throw)<br/>Average height 72.5 ft<br/>20 m take-off no lobe (peaks at zenith)<br/><br/><b>3-band (40/20/15 m): -2.34 dBi, 49/75 cells, 25/25 regions reachable on at least one band</b><br/><br/><table border=1 cellpadding=3><tr><th>band</th><th>agg dBi</th><th>regions</th><th>Imax ht</th><th>peak elev</th></tr><tr><td>80m</td><td align=right>-5.05 dBi</td><td align=right>12/25</td><td align=right>73 ft</td><td align=right>49&#176;</td></tr><tr><td>40m</td><td align=right>-4.46 dBi</td><td align=right>13/25</td><td align=right>73 ft</td><td align=right>29&#176;</td></tr><tr><td>20m</td><td align=right>-2.00 dBi</td><td align=right>19/25</td><td align=right>73 ft</td><td align=right>46&#176;</td></tr><tr><td>15m</td><td align=right>-1.18 dBi</td><td align=right>17/25</td><td align=right>73 ft</td><td align=right>9&#176;</td></tr><tr><td>10m</td><td align=right>-2.11 dBi</td><td align=right>10/25</td><td align=right>73 ft</td><td align=right>37&#176;</td></tr></table>]]></description>
<Placemark><name>R-SL3 feed</name><styleUrl>#optX</styleUrl><description><![CDATA[<b>#20 of 33</b> on the 3-band ranking<br/>Sloper up from the roof (25 ft) to a 120 ft support 89 ft out at 37°M<br/><b>Deployment:</b> 1 elevated anchor, highest 120 ft (very hard throw)<br/>Average height 72.5 ft<br/>20 m take-off no lobe (peaks at zenith)<br/><br/><b>3-band (40/20/15 m): -2.34 dBi, 49/75 cells, 25/25 regions reachable on at least one band</b><br/><br/><table border=1 cellpadding=3><tr><th>band</th><th>agg dBi</th><th>regions</th><th>Imax ht</th><th>peak elev</th></tr><tr><td>80m</td><td align=right>-5.05 dBi</td><td align=right>12/25</td><td align=right>73 ft</td><td align=right>49&#176;</td></tr><tr><td>40m</td><td align=right>-4.46 dBi</td><td align=right>13/25</td><td align=right>73 ft</td><td align=right>29&#176;</td></tr><tr><td>20m</td><td align=right>-2.00 dBi</td><td align=right>19/25</td><td align=right>73 ft</td><td align=right>46&#176;</td></tr><tr><td>15m</td><td align=right>-1.18 dBi</td><td align=right>17/25</td><td align=right>73 ft</td><td align=right>9&#176;</td></tr><tr><td>10m</td><td align=right>-2.11 dBi</td><td align=right>10/25</td><td align=right>73 ft</td><td align=right>37&#176;</td></tr></table><br/><br/><br/>Height: 25 ft AGL<br/>15.0 m (49 ft) from feed at 225.5&#176;T / 210&#176;M<br/>47°38'02.27"N 121°59'48.24"W]]></description><Point><coordinates>-121.99673405,47.63396389,0</coordinates></Point></Placemark>
<Placemark><name>R-SL3 tree top</name><styleUrl>#optX</styleUrl><description><![CDATA[<b>#20 of 33</b> on the 3-band ranking<br/>Sloper up from the roof (25 ft) to a 120 ft support 89 ft out at 37°M<br/><b>Deployment:</b> 1 elevated anchor, highest 120 ft (very hard throw)<br/>Average height 72.5 ft<br/>20 m take-off no lobe (peaks at zenith)<br/><br/><b>3-band (40/20/15 m): -2.34 dBi, 49/75 cells, 25/25 regions reachable on at least one band</b><br/><br/><table border=1 cellpadding=3><tr><th>band</th><th>agg dBi</th><th>regions</th><th>Imax ht</th><th>peak elev</th></tr><tr><td>80m</td><td align=right>-5.05 dBi</td><td align=right>12/25</td><td align=right>73 ft</td><td align=right>49&#176;</td></tr><tr><td>40m</td><td align=right>-4.46 dBi</td><td align=right>13/25</td><td align=right>73 ft</td><td align=right>29&#176;</td></tr><tr><td>20m</td><td align=right>-2.00 dBi</td><td align=right>19/25</td><td align=right>73 ft</td><td align=right>46&#176;</td></tr><tr><td>15m</td><td align=right>-1.18 dBi</td><td align=right>17/25</td><td align=right>73 ft</td><td align=right>9&#176;</td></tr><tr><td>10m</td><td align=right>-2.11 dBi</td><td align=right>10/25</td><td align=right>73 ft</td><td align=right>37&#176;</td></tr></table><br/><br/><br/>Height: 120 ft AGL<br/>12.2 m (40 ft) from feed at 59.9&#176;T / 45&#176;M<br/>47°38'02.81"N 121°59'47.22"W]]></description><Point><coordinates>-121.99645093,47.63411340,0</coordinates></Point></Placemark>
<Placemark><name>R-SL3 wire</name><styleUrl>#optX</styleUrl><description><![CDATA[<b>#20 of 33</b> on the 3-band ranking<br/>Sloper up from the roof (25 ft) to a 120 ft support 89 ft out at 37°M<br/><b>Deployment:</b> 1 elevated anchor, highest 120 ft (very hard throw)<br/>Average height 72.5 ft<br/>20 m take-off no lobe (peaks at zenith)<br/><br/><b>3-band (40/20/15 m): -2.34 dBi, 49/75 cells, 25/25 regions reachable on at least one band</b><br/><br/><table border=1 cellpadding=3><tr><th>band</th><th>agg dBi</th><th>regions</th><th>Imax ht</th><th>peak elev</th></tr><tr><td>80m</td><td align=right>-5.05 dBi</td><td align=right>12/25</td><td align=right>73 ft</td><td align=right>49&#176;</td></tr><tr><td>40m</td><td align=right>-4.46 dBi</td><td align=right>13/25</td><td align=right>73 ft</td><td align=right>29&#176;</td></tr><tr><td>20m</td><td align=right>-2.00 dBi</td><td align=right>19/25</td><td align=right>73 ft</td><td align=right>46&#176;</td></tr><tr><td>15m</td><td align=right>-1.18 dBi</td><td align=right>17/25</td><td align=right>73 ft</td><td align=right>9&#176;</td></tr><tr><td>10m</td><td align=right>-2.11 dBi</td><td align=right>10/25</td><td align=right>73 ft</td><td align=right>37&#176;</td></tr></table>]]></description><LineString><tessellate>1</tessellate><coordinates>-121.99673405,47.63396389,0 -121.99645093,47.63411340,0</coordinates></LineString></Placemark>
</Folder>
<Folder><name>#21 SRCH-SL2 - Sloper up from the transformer (10 ft) to a 105 ft support 88 ft out at 10°M</name><description><![CDATA[<b>#21 of 33</b> on the 3-band ranking<br/>Sloper up from the transformer (10 ft) to a 105 ft support 88 ft out at 10°M<br/><b>Deployment:</b> 1 elevated anchor, highest 105 ft (very hard throw)<br/>Average height 57.7 ft<br/>20 m take-off no lobe (peaks at zenith)<br/><br/><b>3-band (40/20/15 m): -3.05 dBi, 49/75 cells, 25/25 regions reachable on at least one band</b><br/><br/><table border=1 cellpadding=3><tr><th>band</th><th>agg dBi</th><th>regions</th><th>Imax ht</th><th>peak elev</th></tr><tr><td>80m</td><td align=right>-5.21 dBi</td><td align=right>14/25</td><td align=right>58 ft</td><td align=right>50&#176;</td></tr><tr><td>40m</td><td align=right>-4.46 dBi</td><td align=right>14/25</td><td align=right>58 ft</td><td align=right>37&#176;</td></tr><tr><td>20m</td><td align=right>-2.21 dBi</td><td align=right>21/25</td><td align=right>58 ft</td><td align=right>65&#176;</td></tr><tr><td>15m</td><td align=right>-2.79 dBi</td><td align=right>14/25</td><td align=right>58 ft</td><td align=right>87&#176;</td></tr><tr><td>10m</td><td align=right>-1.15 dBi</td><td align=right>17/25</td><td align=right>58 ft</td><td align=right>8&#176;</td></tr></table>]]></description>
<Placemark><name>SRCH-SL2 feed</name><styleUrl>#optX</styleUrl><description><![CDATA[<b>#21 of 33</b> on the 3-band ranking<br/>Sloper up from the transformer (10 ft) to a 105 ft support 88 ft out at 10°M<br/><b>Deployment:</b> 1 elevated anchor, highest 105 ft (very hard throw)<br/>Average height 57.7 ft<br/>20 m take-off no lobe (peaks at zenith)<br/><br/><b>3-band (40/20/15 m): -3.05 dBi, 49/75 cells, 25/25 regions reachable on at least one band</b><br/><br/><table border=1 cellpadding=3><tr><th>band</th><th>agg dBi</th><th>regions</th><th>Imax ht</th><th>peak elev</th></tr><tr><td>80m</td><td align=right>-5.21 dBi</td><td align=right>14/25</td><td align=right>58 ft</td><td align=right>50&#176;</td></tr><tr><td>40m</td><td align=right>-4.46 dBi</td><td align=right>14/25</td><td align=right>58 ft</td><td align=right>37&#176;</td></tr><tr><td>20m</td><td align=right>-2.21 dBi</td><td align=right>21/25</td><td align=right>58 ft</td><td align=right>65&#176;</td></tr><tr><td>15m</td><td align=right>-2.79 dBi</td><td align=right>14/25</td><td align=right>58 ft</td><td align=right>87&#176;</td></tr><tr><td>10m</td><td align=right>-1.15 dBi</td><td align=right>17/25</td><td align=right>58 ft</td><td align=right>8&#176;</td></tr></table><br/><br/><br/>Height: 10 ft AGL<br/>0.0 m (0 ft) from feed at 0.0&#176;T / 345&#176;M<br/>47°38'02.61"N 121°59'47.73"W]]></description><Point><coordinates>-121.99659167,47.63405833,0</coordinates></Point></Placemark>
<Placemark><name>SRCH-SL2 tree top</name><styleUrl>#optX</styleUrl><description><![CDATA[<b>#21 of 33</b> on the 3-band ranking<br/>Sloper up from the transformer (10 ft) to a 105 ft support 88 ft out at 10°M<br/><b>Deployment:</b> 1 elevated anchor, highest 105 ft (very hard throw)<br/>Average height 57.7 ft<br/>20 m take-off no lobe (peaks at zenith)<br/><br/><b>3-band (40/20/15 m): -3.05 dBi, 49/75 cells, 25/25 regions reachable on at least one band</b><br/><br/><table border=1 cellpadding=3><tr><th>band</th><th>agg dBi</th><th>regions</th><th>Imax ht</th><th>peak elev</th></tr><tr><td>80m</td><td align=right>-5.21 dBi</td><td align=right>14/25</td><td align=right>58 ft</td><td align=right>50&#176;</td></tr><tr><td>40m</td><td align=right>-4.46 dBi</td><td align=right>14/25</td><td align=right>58 ft</td><td align=right>37&#176;</td></tr><tr><td>20m</td><td align=right>-2.21 dBi</td><td align=right>21/25</td><td align=right>58 ft</td><td align=right>65&#176;</td></tr><tr><td>15m</td><td align=right>-2.79 dBi</td><td align=right>14/25</td><td align=right>58 ft</td><td align=right>87&#176;</td></tr><tr><td>10m</td><td align=right>-1.15 dBi</td><td align=right>17/25</td><td align=right>58 ft</td><td align=right>8&#176;</td></tr></table><br/><br/><br/>Height: 105 ft AGL<br/>26.9 m (88 ft) from feed at 25.0&#176;T / 10&#176;M<br/>47°38'03.40"N 121°59'47.19"W]]></description><Point><coordinates>-121.99644039,47.63427761,0</coordinates></Point></Placemark>
<Placemark><name>SRCH-SL2 wire</name><styleUrl>#optX</styleUrl><description><![CDATA[<b>#21 of 33</b> on the 3-band ranking<br/>Sloper up from the transformer (10 ft) to a 105 ft support 88 ft out at 10°M<br/><b>Deployment:</b> 1 elevated anchor, highest 105 ft (very hard throw)<br/>Average height 57.7 ft<br/>20 m take-off no lobe (peaks at zenith)<br/><br/><b>3-band (40/20/15 m): -3.05 dBi, 49/75 cells, 25/25 regions reachable on at least one band</b><br/><br/><table border=1 cellpadding=3><tr><th>band</th><th>agg dBi</th><th>regions</th><th>Imax ht</th><th>peak elev</th></tr><tr><td>80m</td><td align=right>-5.21 dBi</td><td align=right>14/25</td><td align=right>58 ft</td><td align=right>50&#176;</td></tr><tr><td>40m</td><td align=right>-4.46 dBi</td><td align=right>14/25</td><td align=right>58 ft</td><td align=right>37&#176;</td></tr><tr><td>20m</td><td align=right>-2.21 dBi</td><td align=right>21/25</td><td align=right>58 ft</td><td align=right>65&#176;</td></tr><tr><td>15m</td><td align=right>-2.79 dBi</td><td align=right>14/25</td><td align=right>58 ft</td><td align=right>87&#176;</td></tr><tr><td>10m</td><td align=right>-1.15 dBi</td><td align=right>17/25</td><td align=right>58 ft</td><td align=right>8&#176;</td></tr></table>]]></description><LineString><tessellate>1</tessellate><coordinates>-121.99659167,47.63405833,0 -121.99644039,47.63427761,0</coordinates></LineString></Placemark>
</Folder>
<Folder><name>#22 F10-G - BEST single-support sloper with a 10 ft feed</name><description><![CDATA[<b>#22 of 33</b> on the 3-band ranking<br/>BEST single-support sloper with a 10 ft feed<br/><b>Deployment:</b> 1 elevated anchor, highest 105 ft (very hard throw)<br/>Average height 57.7 ft<br/>20 m take-off no lobe (peaks at zenith)<br/><br/><b>3-band (40/20/15 m): -3.05 dBi, 49/75 cells, 25/25 regions reachable on at least one band</b><br/><br/><table border=1 cellpadding=3><tr><th>band</th><th>agg dBi</th><th>regions</th><th>Imax ht</th><th>peak elev</th></tr><tr><td>80m</td><td align=right>-5.21 dBi</td><td align=right>14/25</td><td align=right>58 ft</td><td align=right>50&#176;</td></tr><tr><td>40m</td><td align=right>-4.46 dBi</td><td align=right>14/25</td><td align=right>58 ft</td><td align=right>37&#176;</td></tr><tr><td>20m</td><td align=right>-2.21 dBi</td><td align=right>21/25</td><td align=right>58 ft</td><td align=right>65&#176;</td></tr><tr><td>15m</td><td align=right>-2.79 dBi</td><td align=right>14/25</td><td align=right>58 ft</td><td align=right>87&#176;</td></tr><tr><td>10m</td><td align=right>-1.15 dBi</td><td align=right>17/25</td><td align=right>58 ft</td><td align=right>8&#176;</td></tr></table>]]></description>
<Placemark><name>F10-G feed</name><styleUrl>#optF</styleUrl><description><![CDATA[<b>#22 of 33</b> on the 3-band ranking<br/>BEST single-support sloper with a 10 ft feed<br/><b>Deployment:</b> 1 elevated anchor, highest 105 ft (very hard throw)<br/>Average height 57.7 ft<br/>20 m take-off no lobe (peaks at zenith)<br/><br/><b>3-band (40/20/15 m): -3.05 dBi, 49/75 cells, 25/25 regions reachable on at least one band</b><br/><br/><table border=1 cellpadding=3><tr><th>band</th><th>agg dBi</th><th>regions</th><th>Imax ht</th><th>peak elev</th></tr><tr><td>80m</td><td align=right>-5.21 dBi</td><td align=right>14/25</td><td align=right>58 ft</td><td align=right>50&#176;</td></tr><tr><td>40m</td><td align=right>-4.46 dBi</td><td align=right>14/25</td><td align=right>58 ft</td><td align=right>37&#176;</td></tr><tr><td>20m</td><td align=right>-2.21 dBi</td><td align=right>21/25</td><td align=right>58 ft</td><td align=right>65&#176;</td></tr><tr><td>15m</td><td align=right>-2.79 dBi</td><td align=right>14/25</td><td align=right>58 ft</td><td align=right>87&#176;</td></tr><tr><td>10m</td><td align=right>-1.15 dBi</td><td align=right>17/25</td><td align=right>58 ft</td><td align=right>8&#176;</td></tr></table><br/><br/><br/>Height: 10 ft AGL<br/>0.0 m (0 ft) from feed at 0.0&#176;T / 345&#176;M<br/>47°38'02.61"N 121°59'47.73"W]]></description><Point><coordinates>-121.99659167,47.63405833,0</coordinates></Point></Placemark>
<Placemark><name>F10-G tree top</name><styleUrl>#optF</styleUrl><description><![CDATA[<b>#22 of 33</b> on the 3-band ranking<br/>BEST single-support sloper with a 10 ft feed<br/><b>Deployment:</b> 1 elevated anchor, highest 105 ft (very hard throw)<br/>Average height 57.7 ft<br/>20 m take-off no lobe (peaks at zenith)<br/><br/><b>3-band (40/20/15 m): -3.05 dBi, 49/75 cells, 25/25 regions reachable on at least one band</b><br/><br/><table border=1 cellpadding=3><tr><th>band</th><th>agg dBi</th><th>regions</th><th>Imax ht</th><th>peak elev</th></tr><tr><td>80m</td><td align=right>-5.21 dBi</td><td align=right>14/25</td><td align=right>58 ft</td><td align=right>50&#176;</td></tr><tr><td>40m</td><td align=right>-4.46 dBi</td><td align=right>14/25</td><td align=right>58 ft</td><td align=right>37&#176;</td></tr><tr><td>20m</td><td align=right>-2.21 dBi</td><td align=right>21/25</td><td align=right>58 ft</td><td align=right>65&#176;</td></tr><tr><td>15m</td><td align=right>-2.79 dBi</td><td align=right>14/25</td><td align=right>58 ft</td><td align=right>87&#176;</td></tr><tr><td>10m</td><td align=right>-1.15 dBi</td><td align=right>17/25</td><td align=right>58 ft</td><td align=right>8&#176;</td></tr></table><br/><br/><br/>Height: 105 ft AGL<br/>26.9 m (88 ft) from feed at 25.0&#176;T / 10&#176;M<br/>47°38'03.40"N 121°59'47.19"W]]></description><Point><coordinates>-121.99644039,47.63427761,0</coordinates></Point></Placemark>
<Placemark><name>F10-G wire</name><styleUrl>#optF</styleUrl><description><![CDATA[<b>#22 of 33</b> on the 3-band ranking<br/>BEST single-support sloper with a 10 ft feed<br/><b>Deployment:</b> 1 elevated anchor, highest 105 ft (very hard throw)<br/>Average height 57.7 ft<br/>20 m take-off no lobe (peaks at zenith)<br/><br/><b>3-band (40/20/15 m): -3.05 dBi, 49/75 cells, 25/25 regions reachable on at least one band</b><br/><br/><table border=1 cellpadding=3><tr><th>band</th><th>agg dBi</th><th>regions</th><th>Imax ht</th><th>peak elev</th></tr><tr><td>80m</td><td align=right>-5.21 dBi</td><td align=right>14/25</td><td align=right>58 ft</td><td align=right>50&#176;</td></tr><tr><td>40m</td><td align=right>-4.46 dBi</td><td align=right>14/25</td><td align=right>58 ft</td><td align=right>37&#176;</td></tr><tr><td>20m</td><td align=right>-2.21 dBi</td><td align=right>21/25</td><td align=right>58 ft</td><td align=right>65&#176;</td></tr><tr><td>15m</td><td align=right>-2.79 dBi</td><td align=right>14/25</td><td align=right>58 ft</td><td align=right>87&#176;</td></tr><tr><td>10m</td><td align=right>-1.15 dBi</td><td align=right>17/25</td><td align=right>58 ft</td><td align=right>8&#176;</td></tr></table>]]></description><LineString><tessellate>1</tessellate><coordinates>-121.99659167,47.63405833,0 -121.99644039,47.63427761,0</coordinates></LineString></Placemark>
</Folder>
<Folder><name>#23 W-SL2 - Sloper up from the transformer (10 ft) to a 105 ft support 88 ft out at 10°M</name><description><![CDATA[<b>#23 of 33</b> on the 3-band ranking<br/>Sloper up from the transformer (10 ft) to a 105 ft support 88 ft out at 10°M<br/><b>Deployment:</b> 1 elevated anchor, highest 105 ft (very hard throw)<br/>Average height 57.7 ft<br/>20 m take-off no lobe (peaks at zenith)<br/><br/><b>3-band (40/20/15 m): -3.05 dBi, 49/75 cells, 25/25 regions reachable on at least one band</b><br/><br/><table border=1 cellpadding=3><tr><th>band</th><th>agg dBi</th><th>regions</th><th>Imax ht</th><th>peak elev</th></tr><tr><td>80m</td><td align=right>-5.21 dBi</td><td align=right>14/25</td><td align=right>58 ft</td><td align=right>50&#176;</td></tr><tr><td>40m</td><td align=right>-4.46 dBi</td><td align=right>14/25</td><td align=right>58 ft</td><td align=right>37&#176;</td></tr><tr><td>20m</td><td align=right>-2.21 dBi</td><td align=right>21/25</td><td align=right>58 ft</td><td align=right>65&#176;</td></tr><tr><td>15m</td><td align=right>-2.79 dBi</td><td align=right>14/25</td><td align=right>58 ft</td><td align=right>87&#176;</td></tr><tr><td>10m</td><td align=right>-1.15 dBi</td><td align=right>17/25</td><td align=right>58 ft</td><td align=right>8&#176;</td></tr></table>]]></description>
<Placemark><name>W-SL2 feed</name><styleUrl>#optW</styleUrl><description><![CDATA[<b>#23 of 33</b> on the 3-band ranking<br/>Sloper up from the transformer (10 ft) to a 105 ft support 88 ft out at 10°M<br/><b>Deployment:</b> 1 elevated anchor, highest 105 ft (very hard throw)<br/>Average height 57.7 ft<br/>20 m take-off no lobe (peaks at zenith)<br/><br/><b>3-band (40/20/15 m): -3.05 dBi, 49/75 cells, 25/25 regions reachable on at least one band</b><br/><br/><table border=1 cellpadding=3><tr><th>band</th><th>agg dBi</th><th>regions</th><th>Imax ht</th><th>peak elev</th></tr><tr><td>80m</td><td align=right>-5.21 dBi</td><td align=right>14/25</td><td align=right>58 ft</td><td align=right>50&#176;</td></tr><tr><td>40m</td><td align=right>-4.46 dBi</td><td align=right>14/25</td><td align=right>58 ft</td><td align=right>37&#176;</td></tr><tr><td>20m</td><td align=right>-2.21 dBi</td><td align=right>21/25</td><td align=right>58 ft</td><td align=right>65&#176;</td></tr><tr><td>15m</td><td align=right>-2.79 dBi</td><td align=right>14/25</td><td align=right>58 ft</td><td align=right>87&#176;</td></tr><tr><td>10m</td><td align=right>-1.15 dBi</td><td align=right>17/25</td><td align=right>58 ft</td><td align=right>8&#176;</td></tr></table><br/><br/><br/>Height: 10 ft AGL<br/>0.0 m (0 ft) from feed at 0.0&#176;T / 345&#176;M<br/>47°38'02.61"N 121°59'47.73"W]]></description><Point><coordinates>-121.99659167,47.63405833,0</coordinates></Point></Placemark>
<Placemark><name>W-SL2 tree top</name><styleUrl>#optW</styleUrl><description><![CDATA[<b>#23 of 33</b> on the 3-band ranking<br/>Sloper up from the transformer (10 ft) to a 105 ft support 88 ft out at 10°M<br/><b>Deployment:</b> 1 elevated anchor, highest 105 ft (very hard throw)<br/>Average height 57.7 ft<br/>20 m take-off no lobe (peaks at zenith)<br/><br/><b>3-band (40/20/15 m): -3.05 dBi, 49/75 cells, 25/25 regions reachable on at least one band</b><br/><br/><table border=1 cellpadding=3><tr><th>band</th><th>agg dBi</th><th>regions</th><th>Imax ht</th><th>peak elev</th></tr><tr><td>80m</td><td align=right>-5.21 dBi</td><td align=right>14/25</td><td align=right>58 ft</td><td align=right>50&#176;</td></tr><tr><td>40m</td><td align=right>-4.46 dBi</td><td align=right>14/25</td><td align=right>58 ft</td><td align=right>37&#176;</td></tr><tr><td>20m</td><td align=right>-2.21 dBi</td><td align=right>21/25</td><td align=right>58 ft</td><td align=right>65&#176;</td></tr><tr><td>15m</td><td align=right>-2.79 dBi</td><td align=right>14/25</td><td align=right>58 ft</td><td align=right>87&#176;</td></tr><tr><td>10m</td><td align=right>-1.15 dBi</td><td align=right>17/25</td><td align=right>58 ft</td><td align=right>8&#176;</td></tr></table><br/><br/><br/>Height: 105 ft AGL<br/>26.9 m (88 ft) from feed at 25.0&#176;T / 10&#176;M<br/>47°38'03.40"N 121°59'47.19"W]]></description><Point><coordinates>-121.99644039,47.63427761,0</coordinates></Point></Placemark>
<Placemark><name>W-SL2 wire</name><styleUrl>#optW</styleUrl><description><![CDATA[<b>#23 of 33</b> on the 3-band ranking<br/>Sloper up from the transformer (10 ft) to a 105 ft support 88 ft out at 10°M<br/><b>Deployment:</b> 1 elevated anchor, highest 105 ft (very hard throw)<br/>Average height 57.7 ft<br/>20 m take-off no lobe (peaks at zenith)<br/><br/><b>3-band (40/20/15 m): -3.05 dBi, 49/75 cells, 25/25 regions reachable on at least one band</b><br/><br/><table border=1 cellpadding=3><tr><th>band</th><th>agg dBi</th><th>regions</th><th>Imax ht</th><th>peak elev</th></tr><tr><td>80m</td><td align=right>-5.21 dBi</td><td align=right>14/25</td><td align=right>58 ft</td><td align=right>50&#176;</td></tr><tr><td>40m</td><td align=right>-4.46 dBi</td><td align=right>14/25</td><td align=right>58 ft</td><td align=right>37&#176;</td></tr><tr><td>20m</td><td align=right>-2.21 dBi</td><td align=right>21/25</td><td align=right>58 ft</td><td align=right>65&#176;</td></tr><tr><td>15m</td><td align=right>-2.79 dBi</td><td align=right>14/25</td><td align=right>58 ft</td><td align=right>87&#176;</td></tr><tr><td>10m</td><td align=right>-1.15 dBi</td><td align=right>17/25</td><td align=right>58 ft</td><td align=right>8&#176;</td></tr></table>]]></description><LineString><tessellate>1</tessellate><coordinates>-121.99659167,47.63405833,0 -121.99644039,47.63427761,0</coordinates></LineString></Placemark>
</Folder>
<Folder><name>#24 T30 - Tall sloper, 30 deg slope, top 89 ft, bearing 176T</name><description><![CDATA[<b>#24 of 33</b> on the 3-band ranking<br/>Tall sloper, 30 deg slope, top 89 ft, bearing 176T<br/><b>Deployment:</b> 1 elevated anchor, highest 89 ft (hard throw)<br/>Average height 56.5 ft<br/>20 m take-off no lobe (peaks at zenith)<br/><br/><b>3-band (40/20/15 m): -0.63 dBi, 49/75 cells, 24/25 regions reachable on at least one band</b><br/><br/><table border=1 cellpadding=3><tr><th>band</th><th>agg dBi</th><th>regions</th><th>Imax ht</th><th>peak elev</th></tr><tr><td>80m</td><td align=right>-5.01 dBi</td><td align=right>10/25</td><td align=right>56 ft</td><td align=right>67&#176;</td></tr><tr><td>40m</td><td align=right>-3.89 dBi</td><td align=right>12/25</td><td align=right>56 ft</td><td align=right>38&#176;</td></tr><tr><td>20m</td><td align=right>+0.81 dBi</td><td align=right>21/25</td><td align=right>56 ft</td><td align=right>67&#176;</td></tr><tr><td>15m</td><td align=right>-0.09 dBi</td><td align=right>16/25</td><td align=right>56 ft</td><td align=right>12&#176;</td></tr><tr><td>10m</td><td align=right>-1.41 dBi</td><td align=right>10/25</td><td align=right>56 ft</td><td align=right>9&#176;</td></tr></table>]]></description>
<Placemark><name>T30 feed</name><styleUrl>#optT</styleUrl><description><![CDATA[<b>#24 of 33</b> on the 3-band ranking<br/>Tall sloper, 30 deg slope, top 89 ft, bearing 176T<br/><b>Deployment:</b> 1 elevated anchor, highest 89 ft (hard throw)<br/>Average height 56.5 ft<br/>20 m take-off no lobe (peaks at zenith)<br/><br/><b>3-band (40/20/15 m): -0.63 dBi, 49/75 cells, 24/25 regions reachable on at least one band</b><br/><br/><table border=1 cellpadding=3><tr><th>band</th><th>agg dBi</th><th>regions</th><th>Imax ht</th><th>peak elev</th></tr><tr><td>80m</td><td align=right>-5.01 dBi</td><td align=right>10/25</td><td align=right>56 ft</td><td align=right>67&#176;</td></tr><tr><td>40m</td><td align=right>-3.89 dBi</td><td align=right>12/25</td><td align=right>56 ft</td><td align=right>38&#176;</td></tr><tr><td>20m</td><td align=right>+0.81 dBi</td><td align=right>21/25</td><td align=right>56 ft</td><td align=right>67&#176;</td></tr><tr><td>15m</td><td align=right>-0.09 dBi</td><td align=right>16/25</td><td align=right>56 ft</td><td align=right>12&#176;</td></tr><tr><td>10m</td><td align=right>-1.41 dBi</td><td align=right>10/25</td><td align=right>56 ft</td><td align=right>9&#176;</td></tr></table><br/><br/><br/>Height: 24 ft AGL<br/>0.0 m (0 ft) from feed at 0.0&#176;T / 345&#176;M<br/>47°38'02.61"N 121°59'47.73"W]]></description><Point><coordinates>-121.99659167,47.63405833,0</coordinates></Point></Placemark>
<Placemark><name>T30 tree top</name><styleUrl>#optT</styleUrl><description><![CDATA[<b>#24 of 33</b> on the 3-band ranking<br/>Tall sloper, 30 deg slope, top 89 ft, bearing 176T<br/><b>Deployment:</b> 1 elevated anchor, highest 89 ft (hard throw)<br/>Average height 56.5 ft<br/>20 m take-off no lobe (peaks at zenith)<br/><br/><b>3-band (40/20/15 m): -0.63 dBi, 49/75 cells, 24/25 regions reachable on at least one band</b><br/><br/><table border=1 cellpadding=3><tr><th>band</th><th>agg dBi</th><th>regions</th><th>Imax ht</th><th>peak elev</th></tr><tr><td>80m</td><td align=right>-5.01 dBi</td><td align=right>10/25</td><td align=right>56 ft</td><td align=right>67&#176;</td></tr><tr><td>40m</td><td align=right>-3.89 dBi</td><td align=right>12/25</td><td align=right>56 ft</td><td align=right>38&#176;</td></tr><tr><td>20m</td><td align=right>+0.81 dBi</td><td align=right>21/25</td><td align=right>56 ft</td><td align=right>67&#176;</td></tr><tr><td>15m</td><td align=right>-0.09 dBi</td><td align=right>16/25</td><td align=right>56 ft</td><td align=right>12&#176;</td></tr><tr><td>10m</td><td align=right>-1.41 dBi</td><td align=right>10/25</td><td align=right>56 ft</td><td align=right>9&#176;</td></tr></table><br/><br/><br/>Height: 89 ft AGL<br/>34.3 m (113 ft) from feed at 176.0&#176;T / 161&#176;M<br/>47°38'01.50"N 121°59'47.62"W]]></description><Point><coordinates>-121.99655983,47.63375063,0</coordinates></Point></Placemark>
<Placemark><name>T30 wire</name><styleUrl>#optT</styleUrl><description><![CDATA[<b>#24 of 33</b> on the 3-band ranking<br/>Tall sloper, 30 deg slope, top 89 ft, bearing 176T<br/><b>Deployment:</b> 1 elevated anchor, highest 89 ft (hard throw)<br/>Average height 56.5 ft<br/>20 m take-off no lobe (peaks at zenith)<br/><br/><b>3-band (40/20/15 m): -0.63 dBi, 49/75 cells, 24/25 regions reachable on at least one band</b><br/><br/><table border=1 cellpadding=3><tr><th>band</th><th>agg dBi</th><th>regions</th><th>Imax ht</th><th>peak elev</th></tr><tr><td>80m</td><td align=right>-5.01 dBi</td><td align=right>10/25</td><td align=right>56 ft</td><td align=right>67&#176;</td></tr><tr><td>40m</td><td align=right>-3.89 dBi</td><td align=right>12/25</td><td align=right>56 ft</td><td align=right>38&#176;</td></tr><tr><td>20m</td><td align=right>+0.81 dBi</td><td align=right>21/25</td><td align=right>56 ft</td><td align=right>67&#176;</td></tr><tr><td>15m</td><td align=right>-0.09 dBi</td><td align=right>16/25</td><td align=right>56 ft</td><td align=right>12&#176;</td></tr><tr><td>10m</td><td align=right>-1.41 dBi</td><td align=right>10/25</td><td align=right>56 ft</td><td align=right>9&#176;</td></tr></table>]]></description><LineString><tessellate>1</tessellate><coordinates>-121.99659167,47.63405833,0 -121.99655983,47.63375063,0</coordinates></LineString></Placemark>
</Folder>
<Folder><name>#25 SRCH-V3 - Inverted-V from the transformer, apex 50 ft 52 ft out at 241°M, second leg to 201°M</name><description><![CDATA[<b>#25 of 33</b> on the 3-band ranking<br/>Inverted-V from the transformer, apex 50 ft 52 ft out at 241°M, second leg to 201°M<br/><b>Deployment:</b> 1 elevated anchor, highest 50 ft (easy throw)<br/>Average height 30.0 ft<br/>20 m take-off 35.4&#176;<br/><br/><b>3-band (40/20/15 m): -0.68 dBi, 48/75 cells, 24/25 regions reachable on at least one band</b><br/><br/><table border=1 cellpadding=3><tr><th>band</th><th>agg dBi</th><th>regions</th><th>Imax ht</th><th>peak elev</th></tr><tr><td>80m</td><td align=right>-9.20 dBi</td><td align=right>4/25</td><td align=right>30 ft</td><td align=right>zenith</td></tr><tr><td>40m</td><td align=right>-4.74 dBi</td><td align=right>8/25</td><td align=right>30 ft</td><td align=right>zenith</td></tr><tr><td>20m</td><td align=right>-0.71 dBi</td><td align=right>19/25</td><td align=right>30 ft</td><td align=right>35&#176;</td></tr><tr><td>15m</td><td align=right>+1.41 dBi</td><td align=right>21/25</td><td align=right>30 ft</td><td align=right>23&#176;</td></tr><tr><td>10m</td><td align=right>+1.55 dBi</td><td align=right>18/25</td><td align=right>30 ft</td><td align=right>17&#176;</td></tr></table>]]></description>
<Placemark><name>SRCH-V3 feed</name><styleUrl>#optX</styleUrl><description><![CDATA[<b>#25 of 33</b> on the 3-band ranking<br/>Inverted-V from the transformer, apex 50 ft 52 ft out at 241°M, second leg to 201°M<br/><b>Deployment:</b> 1 elevated anchor, highest 50 ft (easy throw)<br/>Average height 30.0 ft<br/>20 m take-off 35.4&#176;<br/><br/><b>3-band (40/20/15 m): -0.68 dBi, 48/75 cells, 24/25 regions reachable on at least one band</b><br/><br/><table border=1 cellpadding=3><tr><th>band</th><th>agg dBi</th><th>regions</th><th>Imax ht</th><th>peak elev</th></tr><tr><td>80m</td><td align=right>-9.20 dBi</td><td align=right>4/25</td><td align=right>30 ft</td><td align=right>zenith</td></tr><tr><td>40m</td><td align=right>-4.74 dBi</td><td align=right>8/25</td><td align=right>30 ft</td><td align=right>zenith</td></tr><tr><td>20m</td><td align=right>-0.71 dBi</td><td align=right>19/25</td><td align=right>30 ft</td><td align=right>35&#176;</td></tr><tr><td>15m</td><td align=right>+1.41 dBi</td><td align=right>21/25</td><td align=right>30 ft</td><td align=right>23&#176;</td></tr><tr><td>10m</td><td align=right>+1.55 dBi</td><td align=right>18/25</td><td align=right>30 ft</td><td align=right>17&#176;</td></tr></table><br/><br/><br/>Height: 10 ft AGL<br/>0.0 m (0 ft) from feed at 0.0&#176;T / 345&#176;M<br/>47°38'02.61"N 121°59'47.73"W]]></description><Point><coordinates>-121.99659167,47.63405833,0</coordinates></Point></Placemark>
<Placemark><name>SRCH-V3 apex</name><styleUrl>#optX</styleUrl><description><![CDATA[<b>#25 of 33</b> on the 3-band ranking<br/>Inverted-V from the transformer, apex 50 ft 52 ft out at 241°M, second leg to 201°M<br/><b>Deployment:</b> 1 elevated anchor, highest 50 ft (easy throw)<br/>Average height 30.0 ft<br/>20 m take-off 35.4&#176;<br/><br/><b>3-band (40/20/15 m): -0.68 dBi, 48/75 cells, 24/25 regions reachable on at least one band</b><br/><br/><table border=1 cellpadding=3><tr><th>band</th><th>agg dBi</th><th>regions</th><th>Imax ht</th><th>peak elev</th></tr><tr><td>80m</td><td align=right>-9.20 dBi</td><td align=right>4/25</td><td align=right>30 ft</td><td align=right>zenith</td></tr><tr><td>40m</td><td align=right>-4.74 dBi</td><td align=right>8/25</td><td align=right>30 ft</td><td align=right>zenith</td></tr><tr><td>20m</td><td align=right>-0.71 dBi</td><td align=right>19/25</td><td align=right>30 ft</td><td align=right>35&#176;</td></tr><tr><td>15m</td><td align=right>+1.41 dBi</td><td align=right>21/25</td><td align=right>30 ft</td><td align=right>23&#176;</td></tr><tr><td>10m</td><td align=right>+1.55 dBi</td><td align=right>18/25</td><td align=right>30 ft</td><td align=right>17&#176;</td></tr></table><br/><br/><br/>Height: 50 ft AGL<br/>15.7 m (52 ft) from feed at 256.1&#176;T / 241&#176;M<br/>47°38'02.49"N 121°59'48.46"W]]></description><Point><coordinates>-121.99679468,47.63402435,0</coordinates></Point></Placemark>
<Placemark><name>SRCH-V3 end</name><styleUrl>#optX</styleUrl><description><![CDATA[<b>#25 of 33</b> on the 3-band ranking<br/>Inverted-V from the transformer, apex 50 ft 52 ft out at 241°M, second leg to 201°M<br/><b>Deployment:</b> 1 elevated anchor, highest 50 ft (easy throw)<br/>Average height 30.0 ft<br/>20 m take-off 35.4&#176;<br/><br/><b>3-band (40/20/15 m): -0.68 dBi, 48/75 cells, 24/25 regions reachable on at least one band</b><br/><br/><table border=1 cellpadding=3><tr><th>band</th><th>agg dBi</th><th>regions</th><th>Imax ht</th><th>peak elev</th></tr><tr><td>80m</td><td align=right>-9.20 dBi</td><td align=right>4/25</td><td align=right>30 ft</td><td align=right>zenith</td></tr><tr><td>40m</td><td align=right>-4.74 dBi</td><td align=right>8/25</td><td align=right>30 ft</td><td align=right>zenith</td></tr><tr><td>20m</td><td align=right>-0.71 dBi</td><td align=right>19/25</td><td align=right>30 ft</td><td align=right>35&#176;</td></tr><tr><td>15m</td><td align=right>+1.41 dBi</td><td align=right>21/25</td><td align=right>30 ft</td><td align=right>23&#176;</td></tr><tr><td>10m</td><td align=right>+1.55 dBi</td><td align=right>18/25</td><td align=right>30 ft</td><td align=right>17&#176;</td></tr></table><br/><br/><br/>Height: 10 ft AGL<br/>29.3 m (96 ft) from feed at 236.2&#176;T / 221&#176;M<br/>47°38'02.08"N 121°59'48.90"W]]></description><Point><coordinates>-121.99691579,47.63391168,0</coordinates></Point></Placemark>
<Placemark><name>SRCH-V3 wire</name><styleUrl>#optX</styleUrl><description><![CDATA[<b>#25 of 33</b> on the 3-band ranking<br/>Inverted-V from the transformer, apex 50 ft 52 ft out at 241°M, second leg to 201°M<br/><b>Deployment:</b> 1 elevated anchor, highest 50 ft (easy throw)<br/>Average height 30.0 ft<br/>20 m take-off 35.4&#176;<br/><br/><b>3-band (40/20/15 m): -0.68 dBi, 48/75 cells, 24/25 regions reachable on at least one band</b><br/><br/><table border=1 cellpadding=3><tr><th>band</th><th>agg dBi</th><th>regions</th><th>Imax ht</th><th>peak elev</th></tr><tr><td>80m</td><td align=right>-9.20 dBi</td><td align=right>4/25</td><td align=right>30 ft</td><td align=right>zenith</td></tr><tr><td>40m</td><td align=right>-4.74 dBi</td><td align=right>8/25</td><td align=right>30 ft</td><td align=right>zenith</td></tr><tr><td>20m</td><td align=right>-0.71 dBi</td><td align=right>19/25</td><td align=right>30 ft</td><td align=right>35&#176;</td></tr><tr><td>15m</td><td align=right>+1.41 dBi</td><td align=right>21/25</td><td align=right>30 ft</td><td align=right>23&#176;</td></tr><tr><td>10m</td><td align=right>+1.55 dBi</td><td align=right>18/25</td><td align=right>30 ft</td><td align=right>17&#176;</td></tr></table>]]></description><LineString><tessellate>1</tessellate><coordinates>-121.99659167,47.63405833,0 -121.99679468,47.63402435,0 -121.99691579,47.63391168,0</coordinates></LineString></Placemark>
</Folder>
<Folder><name>#26 C-BACK-X - Sloper, rotation locked to the BACKYARD-corner bearing (155T), parcel IGNORED</name><description><![CDATA[<b>#26 of 33</b> on the 3-band ranking<br/>Sloper, rotation locked to the BACKYARD-corner bearing (155T), parcel IGNORED<br/><b>Deployment:</b> 1 elevated anchor, highest 110 ft (very hard throw)<br/>Average height 66.8 ft<br/>20 m take-off no lobe (peaks at zenith)<br/><br/><b>3-band (40/20/15 m): -2.02 dBi, 48/75 cells, 24/25 regions reachable on at least one band</b><br/><br/><table border=1 cellpadding=3><tr><th>band</th><th>agg dBi</th><th>regions</th><th>Imax ht</th><th>peak elev</th></tr><tr><td>80m</td><td align=right>-4.62 dBi</td><td align=right>17/25</td><td align=right>67 ft</td><td align=right>55&#176;</td></tr><tr><td>40m</td><td align=right>-3.68 dBi</td><td align=right>15/25</td><td align=right>67 ft</td><td align=right>32&#176;</td></tr><tr><td>20m</td><td align=right>-0.65 dBi</td><td align=right>18/25</td><td align=right>67 ft</td><td align=right>15&#176;</td></tr><tr><td>15m</td><td align=right>-2.27 dBi</td><td align=right>15/25</td><td align=right>67 ft</td><td align=right>31&#176;</td></tr><tr><td>10m</td><td align=right>-2.11 dBi</td><td align=right>11/25</td><td align=right>67 ft</td><td align=right>65&#176;</td></tr></table>]]></description>
<Placemark><name>C-BACK-X feed</name><styleUrl>#optG</styleUrl><description><![CDATA[<b>#26 of 33</b> on the 3-band ranking<br/>Sloper, rotation locked to the BACKYARD-corner bearing (155T), parcel IGNORED<br/><b>Deployment:</b> 1 elevated anchor, highest 110 ft (very hard throw)<br/>Average height 66.8 ft<br/>20 m take-off no lobe (peaks at zenith)<br/><br/><b>3-band (40/20/15 m): -2.02 dBi, 48/75 cells, 24/25 regions reachable on at least one band</b><br/><br/><table border=1 cellpadding=3><tr><th>band</th><th>agg dBi</th><th>regions</th><th>Imax ht</th><th>peak elev</th></tr><tr><td>80m</td><td align=right>-4.62 dBi</td><td align=right>17/25</td><td align=right>67 ft</td><td align=right>55&#176;</td></tr><tr><td>40m</td><td align=right>-3.68 dBi</td><td align=right>15/25</td><td align=right>67 ft</td><td align=right>32&#176;</td></tr><tr><td>20m</td><td align=right>-0.65 dBi</td><td align=right>18/25</td><td align=right>67 ft</td><td align=right>15&#176;</td></tr><tr><td>15m</td><td align=right>-2.27 dBi</td><td align=right>15/25</td><td align=right>67 ft</td><td align=right>31&#176;</td></tr><tr><td>10m</td><td align=right>-2.11 dBi</td><td align=right>11/25</td><td align=right>67 ft</td><td align=right>65&#176;</td></tr></table><br/><br/><br/>Height: 24 ft AGL<br/>0.0 m (0 ft) from feed at 0.0&#176;T / 345&#176;M<br/>47°38'02.61"N 121°59'47.73"W]]></description><Point><coordinates>-121.99659167,47.63405833,0</coordinates></Point></Placemark>
<Placemark><name>C-BACK-X tree top</name><styleUrl>#optG</styleUrl><description><![CDATA[<b>#26 of 33</b> on the 3-band ranking<br/>Sloper, rotation locked to the BACKYARD-corner bearing (155T), parcel IGNORED<br/><b>Deployment:</b> 1 elevated anchor, highest 110 ft (very hard throw)<br/>Average height 66.8 ft<br/>20 m take-off no lobe (peaks at zenith)<br/><br/><b>3-band (40/20/15 m): -2.02 dBi, 48/75 cells, 24/25 regions reachable on at least one band</b><br/><br/><table border=1 cellpadding=3><tr><th>band</th><th>agg dBi</th><th>regions</th><th>Imax ht</th><th>peak elev</th></tr><tr><td>80m</td><td align=right>-4.62 dBi</td><td align=right>17/25</td><td align=right>67 ft</td><td align=right>55&#176;</td></tr><tr><td>40m</td><td align=right>-3.68 dBi</td><td align=right>15/25</td><td align=right>67 ft</td><td align=right>32&#176;</td></tr><tr><td>20m</td><td align=right>-0.65 dBi</td><td align=right>18/25</td><td align=right>67 ft</td><td align=right>15&#176;</td></tr><tr><td>15m</td><td align=right>-2.27 dBi</td><td align=right>15/25</td><td align=right>67 ft</td><td align=right>31&#176;</td></tr><tr><td>10m</td><td align=right>-2.11 dBi</td><td align=right>11/25</td><td align=right>67 ft</td><td align=right>65&#176;</td></tr></table><br/><br/><br/>Height: 110 ft AGL<br/>29.8 m (98 ft) from feed at 154.9&#176;T / 140&#176;M<br/>47°38'01.74"N 121°59'47.12"W]]></description><Point><coordinates>-121.99642318,47.63381571,0</coordinates></Point></Placemark>
<Placemark><name>C-BACK-X wire</name><styleUrl>#optG</styleUrl><description><![CDATA[<b>#26 of 33</b> on the 3-band ranking<br/>Sloper, rotation locked to the BACKYARD-corner bearing (155T), parcel IGNORED<br/><b>Deployment:</b> 1 elevated anchor, highest 110 ft (very hard throw)<br/>Average height 66.8 ft<br/>20 m take-off no lobe (peaks at zenith)<br/><br/><b>3-band (40/20/15 m): -2.02 dBi, 48/75 cells, 24/25 regions reachable on at least one band</b><br/><br/><table border=1 cellpadding=3><tr><th>band</th><th>agg dBi</th><th>regions</th><th>Imax ht</th><th>peak elev</th></tr><tr><td>80m</td><td align=right>-4.62 dBi</td><td align=right>17/25</td><td align=right>67 ft</td><td align=right>55&#176;</td></tr><tr><td>40m</td><td align=right>-3.68 dBi</td><td align=right>15/25</td><td align=right>67 ft</td><td align=right>32&#176;</td></tr><tr><td>20m</td><td align=right>-0.65 dBi</td><td align=right>18/25</td><td align=right>67 ft</td><td align=right>15&#176;</td></tr><tr><td>15m</td><td align=right>-2.27 dBi</td><td align=right>15/25</td><td align=right>67 ft</td><td align=right>31&#176;</td></tr><tr><td>10m</td><td align=right>-2.11 dBi</td><td align=right>11/25</td><td align=right>67 ft</td><td align=right>65&#176;</td></tr></table>]]></description><LineString><tessellate>1</tessellate><coordinates>-121.99659167,47.63405833,0 -121.99642318,47.63381571,0</coordinates></LineString></Placemark>
</Folder>
<Folder><name>#27 W-SL1 - Sloper up from the transformer (10 ft) to a 98 ft support 95 ft out at 153°M</name><description><![CDATA[<b>#27 of 33</b> on the 3-band ranking<br/>Sloper up from the transformer (10 ft) to a 98 ft support 95 ft out at 153°M<br/><b>Deployment:</b> 1 elevated anchor, highest 98 ft (very hard throw)<br/>Average height 54.2 ft<br/>20 m take-off no lobe (peaks at zenith)<br/><br/><b>3-band (40/20/15 m): -2.38 dBi, 48/75 cells, 24/25 regions reachable on at least one band</b><br/><br/><table border=1 cellpadding=3><tr><th>band</th><th>agg dBi</th><th>regions</th><th>Imax ht</th><th>peak elev</th></tr><tr><td>80m</td><td align=right>-4.87 dBi</td><td align=right>15/25</td><td align=right>54 ft</td><td align=right>55&#176;</td></tr><tr><td>40m</td><td align=right>-4.13 dBi</td><td align=right>15/25</td><td align=right>54 ft</td><td align=right>40&#176;</td></tr><tr><td>20m</td><td align=right>-0.47 dBi</td><td align=right>22/25</td><td align=right>54 ft</td><td align=right>73&#176;</td></tr><tr><td>15m</td><td align=right>-3.47 dBi</td><td align=right>11/25</td><td align=right>54 ft</td><td align=right>40&#176;</td></tr><tr><td>10m</td><td align=right>-5.04 dBi</td><td align=right>11/25</td><td align=right>54 ft</td><td align=right>9&#176;</td></tr></table>]]></description>
<Placemark><name>W-SL1 feed</name><styleUrl>#optW</styleUrl><description><![CDATA[<b>#27 of 33</b> on the 3-band ranking<br/>Sloper up from the transformer (10 ft) to a 98 ft support 95 ft out at 153°M<br/><b>Deployment:</b> 1 elevated anchor, highest 98 ft (very hard throw)<br/>Average height 54.2 ft<br/>20 m take-off no lobe (peaks at zenith)<br/><br/><b>3-band (40/20/15 m): -2.38 dBi, 48/75 cells, 24/25 regions reachable on at least one band</b><br/><br/><table border=1 cellpadding=3><tr><th>band</th><th>agg dBi</th><th>regions</th><th>Imax ht</th><th>peak elev</th></tr><tr><td>80m</td><td align=right>-4.87 dBi</td><td align=right>15/25</td><td align=right>54 ft</td><td align=right>55&#176;</td></tr><tr><td>40m</td><td align=right>-4.13 dBi</td><td align=right>15/25</td><td align=right>54 ft</td><td align=right>40&#176;</td></tr><tr><td>20m</td><td align=right>-0.47 dBi</td><td align=right>22/25</td><td align=right>54 ft</td><td align=right>73&#176;</td></tr><tr><td>15m</td><td align=right>-3.47 dBi</td><td align=right>11/25</td><td align=right>54 ft</td><td align=right>40&#176;</td></tr><tr><td>10m</td><td align=right>-5.04 dBi</td><td align=right>11/25</td><td align=right>54 ft</td><td align=right>9&#176;</td></tr></table><br/><br/><br/>Height: 10 ft AGL<br/>0.0 m (0 ft) from feed at 0.0&#176;T / 345&#176;M<br/>47°38'02.61"N 121°59'47.73"W]]></description><Point><coordinates>-121.99659167,47.63405833,0</coordinates></Point></Placemark>
<Placemark><name>W-SL1 tree top</name><styleUrl>#optW</styleUrl><description><![CDATA[<b>#27 of 33</b> on the 3-band ranking<br/>Sloper up from the transformer (10 ft) to a 98 ft support 95 ft out at 153°M<br/><b>Deployment:</b> 1 elevated anchor, highest 98 ft (very hard throw)<br/>Average height 54.2 ft<br/>20 m take-off no lobe (peaks at zenith)<br/><br/><b>3-band (40/20/15 m): -2.38 dBi, 48/75 cells, 24/25 regions reachable on at least one band</b><br/><br/><table border=1 cellpadding=3><tr><th>band</th><th>agg dBi</th><th>regions</th><th>Imax ht</th><th>peak elev</th></tr><tr><td>80m</td><td align=right>-4.87 dBi</td><td align=right>15/25</td><td align=right>54 ft</td><td align=right>55&#176;</td></tr><tr><td>40m</td><td align=right>-4.13 dBi</td><td align=right>15/25</td><td align=right>54 ft</td><td align=right>40&#176;</td></tr><tr><td>20m</td><td align=right>-0.47 dBi</td><td align=right>22/25</td><td align=right>54 ft</td><td align=right>73&#176;</td></tr><tr><td>15m</td><td align=right>-3.47 dBi</td><td align=right>11/25</td><td align=right>54 ft</td><td align=right>40&#176;</td></tr><tr><td>10m</td><td align=right>-5.04 dBi</td><td align=right>11/25</td><td align=right>54 ft</td><td align=right>9&#176;</td></tr></table><br/><br/><br/>Height: 98 ft AGL<br/>29.0 m (95 ft) from feed at 168.0&#176;T / 153&#176;M<br/>47°38'01.69"N 121°59'47.44"W]]></description><Point><coordinates>-121.99651144,47.63380320,0</coordinates></Point></Placemark>
<Placemark><name>W-SL1 wire</name><styleUrl>#optW</styleUrl><description><![CDATA[<b>#27 of 33</b> on the 3-band ranking<br/>Sloper up from the transformer (10 ft) to a 98 ft support 95 ft out at 153°M<br/><b>Deployment:</b> 1 elevated anchor, highest 98 ft (very hard throw)<br/>Average height 54.2 ft<br/>20 m take-off no lobe (peaks at zenith)<br/><br/><b>3-band (40/20/15 m): -2.38 dBi, 48/75 cells, 24/25 regions reachable on at least one band</b><br/><br/><table border=1 cellpadding=3><tr><th>band</th><th>agg dBi</th><th>regions</th><th>Imax ht</th><th>peak elev</th></tr><tr><td>80m</td><td align=right>-4.87 dBi</td><td align=right>15/25</td><td align=right>54 ft</td><td align=right>55&#176;</td></tr><tr><td>40m</td><td align=right>-4.13 dBi</td><td align=right>15/25</td><td align=right>54 ft</td><td align=right>40&#176;</td></tr><tr><td>20m</td><td align=right>-0.47 dBi</td><td align=right>22/25</td><td align=right>54 ft</td><td align=right>73&#176;</td></tr><tr><td>15m</td><td align=right>-3.47 dBi</td><td align=right>11/25</td><td align=right>54 ft</td><td align=right>40&#176;</td></tr><tr><td>10m</td><td align=right>-5.04 dBi</td><td align=right>11/25</td><td align=right>54 ft</td><td align=right>9&#176;</td></tr></table>]]></description><LineString><tessellate>1</tessellate><coordinates>-121.99659167,47.63405833,0 -121.99651144,47.63380320,0</coordinates></LineString></Placemark>
</Folder>
<Folder><name>#28 F10-A - Bent flat-top (option A geometry) with the feed at 10 ft</name><description><![CDATA[<b>#28 of 33</b> on the 3-band ranking<br/>Bent flat-top (option A geometry) with the feed at 10 ft<br/><b>Deployment:</b> 3 elevated anchors, highest 50 ft (easy throw)<br/>Average height 37.3 ft<br/>20 m take-off 27.7&#176;<br/><br/><b>3-band (40/20/15 m): -0.46 dBi, 47/75 cells, 24/25 regions reachable on at least one band</b><br/><br/><table border=1 cellpadding=3><tr><th>band</th><th>agg dBi</th><th>regions</th><th>Imax ht</th><th>peak elev</th></tr><tr><td>80m</td><td align=right>-8.68 dBi</td><td align=right>3/25</td><td align=right>30 ft</td><td align=right>zenith</td></tr><tr><td>40m</td><td align=right>-5.47 dBi</td><td align=right>8/25</td><td align=right>35 ft</td><td align=right>68&#176;</td></tr><tr><td>20m</td><td align=right>-0.67 dBi</td><td align=right>19/25</td><td align=right>38 ft</td><td align=right>28&#176;</td></tr><tr><td>15m</td><td align=right>+1.93 dBi</td><td align=right>20/25</td><td align=right>37 ft</td><td align=right>18&#176;</td></tr><tr><td>10m</td><td align=right>+2.47 dBi</td><td align=right>21/25</td><td align=right>38 ft</td><td align=right>13&#176;</td></tr></table>]]></description>
<Placemark><name>F10-A feed</name><styleUrl>#optF</styleUrl><description><![CDATA[<b>#28 of 33</b> on the 3-band ranking<br/>Bent flat-top (option A geometry) with the feed at 10 ft<br/><b>Deployment:</b> 3 elevated anchors, highest 50 ft (easy throw)<br/>Average height 37.3 ft<br/>20 m take-off 27.7&#176;<br/><br/><b>3-band (40/20/15 m): -0.46 dBi, 47/75 cells, 24/25 regions reachable on at least one band</b><br/><br/><table border=1 cellpadding=3><tr><th>band</th><th>agg dBi</th><th>regions</th><th>Imax ht</th><th>peak elev</th></tr><tr><td>80m</td><td align=right>-8.68 dBi</td><td align=right>3/25</td><td align=right>30 ft</td><td align=right>zenith</td></tr><tr><td>40m</td><td align=right>-5.47 dBi</td><td align=right>8/25</td><td align=right>35 ft</td><td align=right>68&#176;</td></tr><tr><td>20m</td><td align=right>-0.67 dBi</td><td align=right>19/25</td><td align=right>38 ft</td><td align=right>28&#176;</td></tr><tr><td>15m</td><td align=right>+1.93 dBi</td><td align=right>20/25</td><td align=right>37 ft</td><td align=right>18&#176;</td></tr><tr><td>10m</td><td align=right>+2.47 dBi</td><td align=right>21/25</td><td align=right>38 ft</td><td align=right>13&#176;</td></tr></table><br/><br/><br/>Height: 10 ft AGL<br/>0.0 m (0 ft) from feed at 0.0&#176;T / 345&#176;M<br/>47°38'02.61"N 121°59'47.73"W]]></description><Point><coordinates>-121.99659167,47.63405833,0</coordinates></Point></Placemark>
<Placemark><name>F10-A apex tree</name><styleUrl>#optF</styleUrl><description><![CDATA[<b>#28 of 33</b> on the 3-band ranking<br/>Bent flat-top (option A geometry) with the feed at 10 ft<br/><b>Deployment:</b> 3 elevated anchors, highest 50 ft (easy throw)<br/>Average height 37.3 ft<br/>20 m take-off 27.7&#176;<br/><br/><b>3-band (40/20/15 m): -0.46 dBi, 47/75 cells, 24/25 regions reachable on at least one band</b><br/><br/><table border=1 cellpadding=3><tr><th>band</th><th>agg dBi</th><th>regions</th><th>Imax ht</th><th>peak elev</th></tr><tr><td>80m</td><td align=right>-8.68 dBi</td><td align=right>3/25</td><td align=right>30 ft</td><td align=right>zenith</td></tr><tr><td>40m</td><td align=right>-5.47 dBi</td><td align=right>8/25</td><td align=right>35 ft</td><td align=right>68&#176;</td></tr><tr><td>20m</td><td align=right>-0.67 dBi</td><td align=right>19/25</td><td align=right>38 ft</td><td align=right>28&#176;</td></tr><tr><td>15m</td><td align=right>+1.93 dBi</td><td align=right>20/25</td><td align=right>37 ft</td><td align=right>18&#176;</td></tr><tr><td>10m</td><td align=right>+2.47 dBi</td><td align=right>21/25</td><td align=right>38 ft</td><td align=right>13&#176;</td></tr></table><br/><br/><br/>Height: 50 ft AGL<br/>16.0 m (53 ft) from feed at 82.2&#176;T / 67&#176;M<br/>47°38'02.68"N 121°59'46.97"W]]></description><Point><coordinates>-121.99638056,47.63407778,0</coordinates></Point></Placemark>
<Placemark><name>F10-A far support</name><styleUrl>#optF</styleUrl><description><![CDATA[<b>#28 of 33</b> on the 3-band ranking<br/>Bent flat-top (option A geometry) with the feed at 10 ft<br/><b>Deployment:</b> 3 elevated anchors, highest 50 ft (easy throw)<br/>Average height 37.3 ft<br/>20 m take-off 27.7&#176;<br/><br/><b>3-band (40/20/15 m): -0.46 dBi, 47/75 cells, 24/25 regions reachable on at least one band</b><br/><br/><table border=1 cellpadding=3><tr><th>band</th><th>agg dBi</th><th>regions</th><th>Imax ht</th><th>peak elev</th></tr><tr><td>80m</td><td align=right>-8.68 dBi</td><td align=right>3/25</td><td align=right>30 ft</td><td align=right>zenith</td></tr><tr><td>40m</td><td align=right>-5.47 dBi</td><td align=right>8/25</td><td align=right>35 ft</td><td align=right>68&#176;</td></tr><tr><td>20m</td><td align=right>-0.67 dBi</td><td align=right>19/25</td><td align=right>38 ft</td><td align=right>28&#176;</td></tr><tr><td>15m</td><td align=right>+1.93 dBi</td><td align=right>20/25</td><td align=right>37 ft</td><td align=right>18&#176;</td></tr><tr><td>10m</td><td align=right>+2.47 dBi</td><td align=right>21/25</td><td align=right>38 ft</td><td align=right>13&#176;</td></tr></table><br/><br/><br/>Height: 50 ft AGL<br/>23.5 m (77 ft) from feed at 99.8&#176;T / 84&#176;M<br/>47°38'02.48"N 121°59'46.62"W]]></description><Point><coordinates>-121.99628296,47.63402242,0</coordinates></Point></Placemark>
<Placemark><name>F10-A end</name><styleUrl>#optF</styleUrl><description><![CDATA[<b>#28 of 33</b> on the 3-band ranking<br/>Bent flat-top (option A geometry) with the feed at 10 ft<br/><b>Deployment:</b> 3 elevated anchors, highest 50 ft (easy throw)<br/>Average height 37.3 ft<br/>20 m take-off 27.7&#176;<br/><br/><b>3-band (40/20/15 m): -0.46 dBi, 47/75 cells, 24/25 regions reachable on at least one band</b><br/><br/><table border=1 cellpadding=3><tr><th>band</th><th>agg dBi</th><th>regions</th><th>Imax ht</th><th>peak elev</th></tr><tr><td>80m</td><td align=right>-8.68 dBi</td><td align=right>3/25</td><td align=right>30 ft</td><td align=right>zenith</td></tr><tr><td>40m</td><td align=right>-5.47 dBi</td><td align=right>8/25</td><td align=right>35 ft</td><td align=right>68&#176;</td></tr><tr><td>20m</td><td align=right>-0.67 dBi</td><td align=right>19/25</td><td align=right>38 ft</td><td align=right>28&#176;</td></tr><tr><td>15m</td><td align=right>+1.93 dBi</td><td align=right>20/25</td><td align=right>37 ft</td><td align=right>18&#176;</td></tr><tr><td>10m</td><td align=right>+2.47 dBi</td><td align=right>21/25</td><td align=right>38 ft</td><td align=right>13&#176;</td></tr></table><br/><br/><br/>Height: 30 ft AGL<br/>30.5 m (100 ft) from feed at 107.2&#176;T / 92&#176;M<br/>47°38'02.32"N 121°59'46.33"W]]></description><Point><coordinates>-121.99620344,47.63397733,0</coordinates></Point></Placemark>
<Placemark><name>F10-A wire</name><styleUrl>#optF</styleUrl><description><![CDATA[<b>#28 of 33</b> on the 3-band ranking<br/>Bent flat-top (option A geometry) with the feed at 10 ft<br/><b>Deployment:</b> 3 elevated anchors, highest 50 ft (easy throw)<br/>Average height 37.3 ft<br/>20 m take-off 27.7&#176;<br/><br/><b>3-band (40/20/15 m): -0.46 dBi, 47/75 cells, 24/25 regions reachable on at least one band</b><br/><br/><table border=1 cellpadding=3><tr><th>band</th><th>agg dBi</th><th>regions</th><th>Imax ht</th><th>peak elev</th></tr><tr><td>80m</td><td align=right>-8.68 dBi</td><td align=right>3/25</td><td align=right>30 ft</td><td align=right>zenith</td></tr><tr><td>40m</td><td align=right>-5.47 dBi</td><td align=right>8/25</td><td align=right>35 ft</td><td align=right>68&#176;</td></tr><tr><td>20m</td><td align=right>-0.67 dBi</td><td align=right>19/25</td><td align=right>38 ft</td><td align=right>28&#176;</td></tr><tr><td>15m</td><td align=right>+1.93 dBi</td><td align=right>20/25</td><td align=right>37 ft</td><td align=right>18&#176;</td></tr><tr><td>10m</td><td align=right>+2.47 dBi</td><td align=right>21/25</td><td align=right>38 ft</td><td align=right>13&#176;</td></tr></table>]]></description><LineString><tessellate>1</tessellate><coordinates>-121.99659167,47.63405833,0 -121.99638056,47.63407778,0 -121.99628296,47.63402242,0 -121.99620344,47.63397733,0</coordinates></LineString></Placemark>
</Folder>
<Folder><name>#29 RB-POST20 - Apex tree at 50 ft, then ONE post at 20 ft in the staked strip (recommended)</name><description><![CDATA[<b>#29 of 33</b> on the 3-band ranking<br/>Apex tree at 50 ft, then ONE post at 20 ft in the staked strip (recommended)<br/><b>Deployment:</b> 2 elevated anchors, highest 50 ft (easy throw)<br/>Average height 32.5 ft<br/>20 m take-off 32.4&#176;<br/><br/><b>3-band (40/20/15 m): -0.71 dBi, 47/75 cells, 23/25 regions reachable on at least one band</b><br/><br/><table border=1 cellpadding=3><tr><th>band</th><th>agg dBi</th><th>regions</th><th>Imax ht</th><th>peak elev</th></tr><tr><td>80m</td><td align=right>-9.32 dBi</td><td align=right>1/25</td><td align=right>30 ft</td><td align=right>zenith</td></tr><tr><td>40m</td><td align=right>-5.78 dBi</td><td align=right>7/25</td><td align=right>32 ft</td><td align=right>zenith</td></tr><tr><td>20m</td><td align=right>-1.30 dBi</td><td align=right>18/25</td><td align=right>32 ft</td><td align=right>32&#176;</td></tr><tr><td>15m</td><td align=right>+1.88 dBi</td><td align=right>22/25</td><td align=right>32 ft</td><td align=right>21&#176;</td></tr><tr><td>10m</td><td align=right>+1.80 dBi</td><td align=right>15/25</td><td align=right>32 ft</td><td align=right>15&#176;</td></tr></table>]]></description>
<Placemark><name>RB-POST20 feed</name><styleUrl>#optR</styleUrl><description><![CDATA[<b>#29 of 33</b> on the 3-band ranking<br/>Apex tree at 50 ft, then ONE post at 20 ft in the staked strip (recommended)<br/><b>Deployment:</b> 2 elevated anchors, highest 50 ft (easy throw)<br/>Average height 32.5 ft<br/>20 m take-off 32.4&#176;<br/><br/><b>3-band (40/20/15 m): -0.71 dBi, 47/75 cells, 23/25 regions reachable on at least one band</b><br/><br/><table border=1 cellpadding=3><tr><th>band</th><th>agg dBi</th><th>regions</th><th>Imax ht</th><th>peak elev</th></tr><tr><td>80m</td><td align=right>-9.32 dBi</td><td align=right>1/25</td><td align=right>30 ft</td><td align=right>zenith</td></tr><tr><td>40m</td><td align=right>-5.78 dBi</td><td align=right>7/25</td><td align=right>32 ft</td><td align=right>zenith</td></tr><tr><td>20m</td><td align=right>-1.30 dBi</td><td align=right>18/25</td><td align=right>32 ft</td><td align=right>32&#176;</td></tr><tr><td>15m</td><td align=right>+1.88 dBi</td><td align=right>22/25</td><td align=right>32 ft</td><td align=right>21&#176;</td></tr><tr><td>10m</td><td align=right>+1.80 dBi</td><td align=right>15/25</td><td align=right>32 ft</td><td align=right>15&#176;</td></tr></table><br/><br/><br/>Height: 10 ft AGL<br/>0.0 m (0 ft) from feed at 0.0&#176;T / 345&#176;M<br/>47°38'02.61"N 121°59'47.73"W]]></description><Point><coordinates>-121.99659167,47.63405833,0</coordinates></Point></Placemark>
<Placemark><name>RB-POST20 apex tree</name><styleUrl>#optR</styleUrl><description><![CDATA[<b>#29 of 33</b> on the 3-band ranking<br/>Apex tree at 50 ft, then ONE post at 20 ft in the staked strip (recommended)<br/><b>Deployment:</b> 2 elevated anchors, highest 50 ft (easy throw)<br/>Average height 32.5 ft<br/>20 m take-off 32.4&#176;<br/><br/><b>3-band (40/20/15 m): -0.71 dBi, 47/75 cells, 23/25 regions reachable on at least one band</b><br/><br/><table border=1 cellpadding=3><tr><th>band</th><th>agg dBi</th><th>regions</th><th>Imax ht</th><th>peak elev</th></tr><tr><td>80m</td><td align=right>-9.32 dBi</td><td align=right>1/25</td><td align=right>30 ft</td><td align=right>zenith</td></tr><tr><td>40m</td><td align=right>-5.78 dBi</td><td align=right>7/25</td><td align=right>32 ft</td><td align=right>zenith</td></tr><tr><td>20m</td><td align=right>-1.30 dBi</td><td align=right>18/25</td><td align=right>32 ft</td><td align=right>32&#176;</td></tr><tr><td>15m</td><td align=right>+1.88 dBi</td><td align=right>22/25</td><td align=right>32 ft</td><td align=right>21&#176;</td></tr><tr><td>10m</td><td align=right>+1.80 dBi</td><td align=right>15/25</td><td align=right>32 ft</td><td align=right>15&#176;</td></tr></table><br/><br/><br/>Height: 50 ft AGL<br/>16.0 m (53 ft) from feed at 82.2&#176;T / 67&#176;M<br/>47°38'02.68"N 121°59'46.97"W]]></description><Point><coordinates>-121.99638056,47.63407778,0</coordinates></Point></Placemark>
<Placemark><name>RB-POST20 post</name><styleUrl>#optR</styleUrl><description><![CDATA[<b>#29 of 33</b> on the 3-band ranking<br/>Apex tree at 50 ft, then ONE post at 20 ft in the staked strip (recommended)<br/><b>Deployment:</b> 2 elevated anchors, highest 50 ft (easy throw)<br/>Average height 32.5 ft<br/>20 m take-off 32.4&#176;<br/><br/><b>3-band (40/20/15 m): -0.71 dBi, 47/75 cells, 23/25 regions reachable on at least one band</b><br/><br/><table border=1 cellpadding=3><tr><th>band</th><th>agg dBi</th><th>regions</th><th>Imax ht</th><th>peak elev</th></tr><tr><td>80m</td><td align=right>-9.32 dBi</td><td align=right>1/25</td><td align=right>30 ft</td><td align=right>zenith</td></tr><tr><td>40m</td><td align=right>-5.78 dBi</td><td align=right>7/25</td><td align=right>32 ft</td><td align=right>zenith</td></tr><tr><td>20m</td><td align=right>-1.30 dBi</td><td align=right>18/25</td><td align=right>32 ft</td><td align=right>32&#176;</td></tr><tr><td>15m</td><td align=right>+1.88 dBi</td><td align=right>22/25</td><td align=right>32 ft</td><td align=right>21&#176;</td></tr><tr><td>10m</td><td align=right>+1.80 dBi</td><td align=right>15/25</td><td align=right>32 ft</td><td align=right>15&#176;</td></tr></table><br/><br/><br/>Height: 20 ft AGL<br/>27.7 m (91 ft) from feed at 116.5&#176;T / 101&#176;M<br/>47°38'02.21"N 121°59'46.54"W]]></description><Point><coordinates>-121.99626167,47.63394699,0</coordinates></Point></Placemark>
<Placemark><name>RB-POST20 wire</name><styleUrl>#optR</styleUrl><description><![CDATA[<b>#29 of 33</b> on the 3-band ranking<br/>Apex tree at 50 ft, then ONE post at 20 ft in the staked strip (recommended)<br/><b>Deployment:</b> 2 elevated anchors, highest 50 ft (easy throw)<br/>Average height 32.5 ft<br/>20 m take-off 32.4&#176;<br/><br/><b>3-band (40/20/15 m): -0.71 dBi, 47/75 cells, 23/25 regions reachable on at least one band</b><br/><br/><table border=1 cellpadding=3><tr><th>band</th><th>agg dBi</th><th>regions</th><th>Imax ht</th><th>peak elev</th></tr><tr><td>80m</td><td align=right>-9.32 dBi</td><td align=right>1/25</td><td align=right>30 ft</td><td align=right>zenith</td></tr><tr><td>40m</td><td align=right>-5.78 dBi</td><td align=right>7/25</td><td align=right>32 ft</td><td align=right>zenith</td></tr><tr><td>20m</td><td align=right>-1.30 dBi</td><td align=right>18/25</td><td align=right>32 ft</td><td align=right>32&#176;</td></tr><tr><td>15m</td><td align=right>+1.88 dBi</td><td align=right>22/25</td><td align=right>32 ft</td><td align=right>21&#176;</td></tr><tr><td>10m</td><td align=right>+1.80 dBi</td><td align=right>15/25</td><td align=right>32 ft</td><td align=right>15&#176;</td></tr></table>]]></description><LineString><tessellate>1</tessellate><coordinates>-121.99659167,47.63405833,0 -121.99638056,47.63407778,0 -121.99626167,47.63394699,0</coordinates></LineString></Placemark>
</Folder>
<Folder><name>#30 W-SL3 - Sloper up from the transformer (10 ft) to a 116 ft support 75 ft out at 180°M</name><description><![CDATA[<b>#30 of 33</b> on the 3-band ranking<br/>Sloper up from the transformer (10 ft) to a 116 ft support 75 ft out at 180°M<br/><b>Deployment:</b> 1 elevated anchor, highest 116 ft (very hard throw)<br/>Average height 62.9 ft<br/>20 m take-off no lobe (peaks at zenith)<br/><br/><b>3-band (40/20/15 m): -3.90 dBi, 43/75 cells, 25/25 regions reachable on at least one band</b><br/><br/><table border=1 cellpadding=3><tr><th>band</th><th>agg dBi</th><th>regions</th><th>Imax ht</th><th>peak elev</th></tr><tr><td>80m</td><td align=right>-4.18 dBi</td><td align=right>19/25</td><td align=right>63 ft</td><td align=right>36&#176;</td></tr><tr><td>40m</td><td align=right>-3.63 dBi</td><td align=right>18/25</td><td align=right>63 ft</td><td align=right>33&#176;</td></tr><tr><td>20m</td><td align=right>-3.42 dBi</td><td align=right>16/25</td><td align=right>63 ft</td><td align=right>56&#176;</td></tr><tr><td>15m</td><td align=right>-4.76 dBi</td><td align=right>9/25</td><td align=right>63 ft</td><td align=right>68&#176;</td></tr><tr><td>10m</td><td align=right>-6.22 dBi</td><td align=right>7/25</td><td align=right>63 ft</td><td align=right>75&#176;</td></tr></table>]]></description>
<Placemark><name>W-SL3 feed</name><styleUrl>#optW</styleUrl><description><![CDATA[<b>#30 of 33</b> on the 3-band ranking<br/>Sloper up from the transformer (10 ft) to a 116 ft support 75 ft out at 180°M<br/><b>Deployment:</b> 1 elevated anchor, highest 116 ft (very hard throw)<br/>Average height 62.9 ft<br/>20 m take-off no lobe (peaks at zenith)<br/><br/><b>3-band (40/20/15 m): -3.90 dBi, 43/75 cells, 25/25 regions reachable on at least one band</b><br/><br/><table border=1 cellpadding=3><tr><th>band</th><th>agg dBi</th><th>regions</th><th>Imax ht</th><th>peak elev</th></tr><tr><td>80m</td><td align=right>-4.18 dBi</td><td align=right>19/25</td><td align=right>63 ft</td><td align=right>36&#176;</td></tr><tr><td>40m</td><td align=right>-3.63 dBi</td><td align=right>18/25</td><td align=right>63 ft</td><td align=right>33&#176;</td></tr><tr><td>20m</td><td align=right>-3.42 dBi</td><td align=right>16/25</td><td align=right>63 ft</td><td align=right>56&#176;</td></tr><tr><td>15m</td><td align=right>-4.76 dBi</td><td align=right>9/25</td><td align=right>63 ft</td><td align=right>68&#176;</td></tr><tr><td>10m</td><td align=right>-6.22 dBi</td><td align=right>7/25</td><td align=right>63 ft</td><td align=right>75&#176;</td></tr></table><br/><br/><br/>Height: 10 ft AGL<br/>0.0 m (0 ft) from feed at 0.0&#176;T / 345&#176;M<br/>47°38'02.61"N 121°59'47.73"W]]></description><Point><coordinates>-121.99659167,47.63405833,0</coordinates></Point></Placemark>
<Placemark><name>W-SL3 tree top</name><styleUrl>#optW</styleUrl><description><![CDATA[<b>#30 of 33</b> on the 3-band ranking<br/>Sloper up from the transformer (10 ft) to a 116 ft support 75 ft out at 180°M<br/><b>Deployment:</b> 1 elevated anchor, highest 116 ft (very hard throw)<br/>Average height 62.9 ft<br/>20 m take-off no lobe (peaks at zenith)<br/><br/><b>3-band (40/20/15 m): -3.90 dBi, 43/75 cells, 25/25 regions reachable on at least one band</b><br/><br/><table border=1 cellpadding=3><tr><th>band</th><th>agg dBi</th><th>regions</th><th>Imax ht</th><th>peak elev</th></tr><tr><td>80m</td><td align=right>-4.18 dBi</td><td align=right>19/25</td><td align=right>63 ft</td><td align=right>36&#176;</td></tr><tr><td>40m</td><td align=right>-3.63 dBi</td><td align=right>18/25</td><td align=right>63 ft</td><td align=right>33&#176;</td></tr><tr><td>20m</td><td align=right>-3.42 dBi</td><td align=right>16/25</td><td align=right>63 ft</td><td align=right>56&#176;</td></tr><tr><td>15m</td><td align=right>-4.76 dBi</td><td align=right>9/25</td><td align=right>63 ft</td><td align=right>68&#176;</td></tr><tr><td>10m</td><td align=right>-6.22 dBi</td><td align=right>7/25</td><td align=right>63 ft</td><td align=right>75&#176;</td></tr></table><br/><br/><br/>Height: 116 ft AGL<br/>23.0 m (75 ft) from feed at 195.0&#176;T / 180&#176;M<br/>47°38'01.89"N 121°59'48.02"W]]></description><Point><coordinates>-121.99667088,47.63385852,0</coordinates></Point></Placemark>
<Placemark><name>W-SL3 wire</name><styleUrl>#optW</styleUrl><description><![CDATA[<b>#30 of 33</b> on the 3-band ranking<br/>Sloper up from the transformer (10 ft) to a 116 ft support 75 ft out at 180°M<br/><b>Deployment:</b> 1 elevated anchor, highest 116 ft (very hard throw)<br/>Average height 62.9 ft<br/>20 m take-off no lobe (peaks at zenith)<br/><br/><b>3-band (40/20/15 m): -3.90 dBi, 43/75 cells, 25/25 regions reachable on at least one band</b><br/><br/><table border=1 cellpadding=3><tr><th>band</th><th>agg dBi</th><th>regions</th><th>Imax ht</th><th>peak elev</th></tr><tr><td>80m</td><td align=right>-4.18 dBi</td><td align=right>19/25</td><td align=right>63 ft</td><td align=right>36&#176;</td></tr><tr><td>40m</td><td align=right>-3.63 dBi</td><td align=right>18/25</td><td align=right>63 ft</td><td align=right>33&#176;</td></tr><tr><td>20m</td><td align=right>-3.42 dBi</td><td align=right>16/25</td><td align=right>63 ft</td><td align=right>56&#176;</td></tr><tr><td>15m</td><td align=right>-4.76 dBi</td><td align=right>9/25</td><td align=right>63 ft</td><td align=right>68&#176;</td></tr><tr><td>10m</td><td align=right>-6.22 dBi</td><td align=right>7/25</td><td align=right>63 ft</td><td align=right>75&#176;</td></tr></table>]]></description><LineString><tessellate>1</tessellate><coordinates>-121.99659167,47.63405833,0 -121.99667088,47.63385852,0</coordinates></LineString></Placemark>
</Folder>
<Folder><name>#31 BASE - Baseline as first described (feed 10 ft, apex 35 ft)</name><description><![CDATA[<b>#31 of 33</b> on the 3-band ranking<br/>Baseline as first described (feed 10 ft, apex 35 ft)<br/><b>Deployment:</b> 1 elevated anchor, highest 35 ft (easy throw)<br/>Average height 22.5 ft<br/>20 m take-off 50.6&#176;<br/><br/><b>3-band (40/20/15 m): -2.84 dBi, 35/75 cells, 21/25 regions reachable on at least one band</b><br/><br/><table border=1 cellpadding=3><tr><th>band</th><th>agg dBi</th><th>regions</th><th>Imax ht</th><th>peak elev</th></tr><tr><td>80m</td><td align=right>-12.46 dBi</td><td align=right>0/25</td><td align=right>22 ft</td><td align=right>zenith</td></tr><tr><td>40m</td><td align=right>-8.65 dBi</td><td align=right>2/25</td><td align=right>22 ft</td><td align=right>zenith</td></tr><tr><td>20m</td><td align=right>-3.74 dBi</td><td align=right>12/25</td><td align=right>22 ft</td><td align=right>51&#176;</td></tr><tr><td>15m</td><td align=right>+0.01 dBi</td><td align=right>21/25</td><td align=right>22 ft</td><td align=right>31&#176;</td></tr><tr><td>10m</td><td align=right>+0.87 dBi</td><td align=right>15/25</td><td align=right>22 ft</td><td align=right>23&#176;</td></tr></table>]]></description>
<Placemark><name>BASE feed</name><styleUrl>#base</styleUrl><description><![CDATA[<b>#31 of 33</b> on the 3-band ranking<br/>Baseline as first described (feed 10 ft, apex 35 ft)<br/><b>Deployment:</b> 1 elevated anchor, highest 35 ft (easy throw)<br/>Average height 22.5 ft<br/>20 m take-off 50.6&#176;<br/><br/><b>3-band (40/20/15 m): -2.84 dBi, 35/75 cells, 21/25 regions reachable on at least one band</b><br/><br/><table border=1 cellpadding=3><tr><th>band</th><th>agg dBi</th><th>regions</th><th>Imax ht</th><th>peak elev</th></tr><tr><td>80m</td><td align=right>-12.46 dBi</td><td align=right>0/25</td><td align=right>22 ft</td><td align=right>zenith</td></tr><tr><td>40m</td><td align=right>-8.65 dBi</td><td align=right>2/25</td><td align=right>22 ft</td><td align=right>zenith</td></tr><tr><td>20m</td><td align=right>-3.74 dBi</td><td align=right>12/25</td><td align=right>22 ft</td><td align=right>51&#176;</td></tr><tr><td>15m</td><td align=right>+0.01 dBi</td><td align=right>21/25</td><td align=right>22 ft</td><td align=right>31&#176;</td></tr><tr><td>10m</td><td align=right>+0.87 dBi</td><td align=right>15/25</td><td align=right>22 ft</td><td align=right>23&#176;</td></tr></table><br/><br/><br/>Height: 10 ft AGL<br/>0.0 m (0 ft) from feed at 0.0&#176;T / 345&#176;M<br/>47°38'02.61"N 121°59'47.73"W]]></description><Point><coordinates>-121.99659167,47.63405833,0</coordinates></Point></Placemark>
<Placemark><name>BASE apex tree</name><styleUrl>#base</styleUrl><description><![CDATA[<b>#31 of 33</b> on the 3-band ranking<br/>Baseline as first described (feed 10 ft, apex 35 ft)<br/><b>Deployment:</b> 1 elevated anchor, highest 35 ft (easy throw)<br/>Average height 22.5 ft<br/>20 m take-off 50.6&#176;<br/><br/><b>3-band (40/20/15 m): -2.84 dBi, 35/75 cells, 21/25 regions reachable on at least one band</b><br/><br/><table border=1 cellpadding=3><tr><th>band</th><th>agg dBi</th><th>regions</th><th>Imax ht</th><th>peak elev</th></tr><tr><td>80m</td><td align=right>-12.46 dBi</td><td align=right>0/25</td><td align=right>22 ft</td><td align=right>zenith</td></tr><tr><td>40m</td><td align=right>-8.65 dBi</td><td align=right>2/25</td><td align=right>22 ft</td><td align=right>zenith</td></tr><tr><td>20m</td><td align=right>-3.74 dBi</td><td align=right>12/25</td><td align=right>22 ft</td><td align=right>51&#176;</td></tr><tr><td>15m</td><td align=right>+0.01 dBi</td><td align=right>21/25</td><td align=right>22 ft</td><td align=right>31&#176;</td></tr><tr><td>10m</td><td align=right>+0.87 dBi</td><td align=right>15/25</td><td align=right>22 ft</td><td align=right>23&#176;</td></tr></table><br/><br/><br/>Height: 35 ft AGL<br/>16.0 m (53 ft) from feed at 82.2&#176;T / 67&#176;M<br/>47°38'02.68"N 121°59'46.97"W]]></description><Point><coordinates>-121.99638056,47.63407778,0</coordinates></Point></Placemark>
<Placemark><name>BASE end</name><styleUrl>#base</styleUrl><description><![CDATA[<b>#31 of 33</b> on the 3-band ranking<br/>Baseline as first described (feed 10 ft, apex 35 ft)<br/><b>Deployment:</b> 1 elevated anchor, highest 35 ft (easy throw)<br/>Average height 22.5 ft<br/>20 m take-off 50.6&#176;<br/><br/><b>3-band (40/20/15 m): -2.84 dBi, 35/75 cells, 21/25 regions reachable on at least one band</b><br/><br/><table border=1 cellpadding=3><tr><th>band</th><th>agg dBi</th><th>regions</th><th>Imax ht</th><th>peak elev</th></tr><tr><td>80m</td><td align=right>-12.46 dBi</td><td align=right>0/25</td><td align=right>22 ft</td><td align=right>zenith</td></tr><tr><td>40m</td><td align=right>-8.65 dBi</td><td align=right>2/25</td><td align=right>22 ft</td><td align=right>zenith</td></tr><tr><td>20m</td><td align=right>-3.74 dBi</td><td align=right>12/25</td><td align=right>22 ft</td><td align=right>51&#176;</td></tr><tr><td>15m</td><td align=right>+0.01 dBi</td><td align=right>21/25</td><td align=right>22 ft</td><td align=right>31&#176;</td></tr><tr><td>10m</td><td align=right>+0.87 dBi</td><td align=right>15/25</td><td align=right>22 ft</td><td align=right>23&#176;</td></tr></table><br/><br/><br/>Height: 10 ft AGL<br/>31.6 m (104 ft) from feed at 116.8&#176;T / 101&#176;M<br/>47°38'02.15"N 121°59'46.38"W]]></description><Point><coordinates>-121.99621680,47.63393035,0</coordinates></Point></Placemark>
<Placemark><name>BASE wire</name><styleUrl>#base</styleUrl><description><![CDATA[<b>#31 of 33</b> on the 3-band ranking<br/>Baseline as first described (feed 10 ft, apex 35 ft)<br/><b>Deployment:</b> 1 elevated anchor, highest 35 ft (easy throw)<br/>Average height 22.5 ft<br/>20 m take-off 50.6&#176;<br/><br/><b>3-band (40/20/15 m): -2.84 dBi, 35/75 cells, 21/25 regions reachable on at least one band</b><br/><br/><table border=1 cellpadding=3><tr><th>band</th><th>agg dBi</th><th>regions</th><th>Imax ht</th><th>peak elev</th></tr><tr><td>80m</td><td align=right>-12.46 dBi</td><td align=right>0/25</td><td align=right>22 ft</td><td align=right>zenith</td></tr><tr><td>40m</td><td align=right>-8.65 dBi</td><td align=right>2/25</td><td align=right>22 ft</td><td align=right>zenith</td></tr><tr><td>20m</td><td align=right>-3.74 dBi</td><td align=right>12/25</td><td align=right>22 ft</td><td align=right>51&#176;</td></tr><tr><td>15m</td><td align=right>+0.01 dBi</td><td align=right>21/25</td><td align=right>22 ft</td><td align=right>31&#176;</td></tr><tr><td>10m</td><td align=right>+0.87 dBi</td><td align=right>15/25</td><td align=right>22 ft</td><td align=right>23&#176;</td></tr></table>]]></description><LineString><tessellate>1</tessellate><coordinates>-121.99659167,47.63405833,0 -121.99638056,47.63407778,0 -121.99621680,47.63393035,0</coordinates></LineString></Placemark>
</Folder>
<Folder><name>#32 R-DN1 - Sloper DOWN from the roof (25 ft) to a 21 ft end 130 ft out at 339°M</name><description><![CDATA[<b>#32 of 33</b> on the 3-band ranking<br/>Sloper DOWN from the roof (25 ft) to a 21 ft end 130 ft out at 339°M<br/><b>Deployment:</b> 1 elevated anchor, highest 21 ft (easy throw)<br/>Average height 22.9 ft<br/>20 m take-off no lobe (peaks at zenith)<br/><br/><b>3-band (40/20/15 m): -3.37 dBi, 34/75 cells, 20/25 regions reachable on at least one band</b><br/><br/><table border=1 cellpadding=3><tr><th>band</th><th>agg dBi</th><th>regions</th><th>Imax ht</th><th>peak elev</th></tr><tr><td>80m</td><td align=right>-11.79 dBi</td><td align=right>0/25</td><td align=right>23 ft</td><td align=right>89&#176;</td></tr><tr><td>40m</td><td align=right>-8.93 dBi</td><td align=right>5/25</td><td align=right>23 ft</td><td align=right>88&#176;</td></tr><tr><td>20m</td><td align=right>-3.12 dBi</td><td align=right>13/25</td><td align=right>23 ft</td><td align=right>50&#176;</td></tr><tr><td>15m</td><td align=right>-1.16 dBi</td><td align=right>16/25</td><td align=right>23 ft</td><td align=right>30&#176;</td></tr><tr><td>10m</td><td align=right>-0.92 dBi</td><td align=right>14/25</td><td align=right>23 ft</td><td align=right>22&#176;</td></tr></table>]]></description>
<Placemark><name>R-DN1 feed</name><styleUrl>#optX</styleUrl><description><![CDATA[<b>#32 of 33</b> on the 3-band ranking<br/>Sloper DOWN from the roof (25 ft) to a 21 ft end 130 ft out at 339°M<br/><b>Deployment:</b> 1 elevated anchor, highest 21 ft (easy throw)<br/>Average height 22.9 ft<br/>20 m take-off no lobe (peaks at zenith)<br/><br/><b>3-band (40/20/15 m): -3.37 dBi, 34/75 cells, 20/25 regions reachable on at least one band</b><br/><br/><table border=1 cellpadding=3><tr><th>band</th><th>agg dBi</th><th>regions</th><th>Imax ht</th><th>peak elev</th></tr><tr><td>80m</td><td align=right>-11.79 dBi</td><td align=right>0/25</td><td align=right>23 ft</td><td align=right>89&#176;</td></tr><tr><td>40m</td><td align=right>-8.93 dBi</td><td align=right>5/25</td><td align=right>23 ft</td><td align=right>88&#176;</td></tr><tr><td>20m</td><td align=right>-3.12 dBi</td><td align=right>13/25</td><td align=right>23 ft</td><td align=right>50&#176;</td></tr><tr><td>15m</td><td align=right>-1.16 dBi</td><td align=right>16/25</td><td align=right>23 ft</td><td align=right>30&#176;</td></tr><tr><td>10m</td><td align=right>-0.92 dBi</td><td align=right>14/25</td><td align=right>23 ft</td><td align=right>22&#176;</td></tr></table><br/><br/><br/>Height: 25 ft AGL<br/>15.0 m (49 ft) from feed at 225.5&#176;T / 210&#176;M<br/>47°38'02.27"N 121°59'48.24"W]]></description><Point><coordinates>-121.99673405,47.63396389,0</coordinates></Point></Placemark>
<Placemark><name>R-DN1 low end</name><styleUrl>#optX</styleUrl><description><![CDATA[<b>#32 of 33</b> on the 3-band ranking<br/>Sloper DOWN from the roof (25 ft) to a 21 ft end 130 ft out at 339°M<br/><b>Deployment:</b> 1 elevated anchor, highest 21 ft (easy throw)<br/>Average height 22.9 ft<br/>20 m take-off no lobe (peaks at zenith)<br/><br/><b>3-band (40/20/15 m): -3.37 dBi, 34/75 cells, 20/25 regions reachable on at least one band</b><br/><br/><table border=1 cellpadding=3><tr><th>band</th><th>agg dBi</th><th>regions</th><th>Imax ht</th><th>peak elev</th></tr><tr><td>80m</td><td align=right>-11.79 dBi</td><td align=right>0/25</td><td align=right>23 ft</td><td align=right>89&#176;</td></tr><tr><td>40m</td><td align=right>-8.93 dBi</td><td align=right>5/25</td><td align=right>23 ft</td><td align=right>88&#176;</td></tr><tr><td>20m</td><td align=right>-3.12 dBi</td><td align=right>13/25</td><td align=right>23 ft</td><td align=right>50&#176;</td></tr><tr><td>15m</td><td align=right>-1.16 dBi</td><td align=right>16/25</td><td align=right>23 ft</td><td align=right>30&#176;</td></tr><tr><td>10m</td><td align=right>-0.92 dBi</td><td align=right>14/25</td><td align=right>23 ft</td><td align=right>22&#176;</td></tr></table><br/><br/><br/>Height: 21 ft AGL<br/>32.5 m (106 ft) from feed at 332.8&#176;T / 317&#176;M<br/>47°38'03.54"N 121°59'48.44"W]]></description><Point><coordinates>-121.99678910,47.63431793,0</coordinates></Point></Placemark>
<Placemark><name>R-DN1 wire</name><styleUrl>#optX</styleUrl><description><![CDATA[<b>#32 of 33</b> on the 3-band ranking<br/>Sloper DOWN from the roof (25 ft) to a 21 ft end 130 ft out at 339°M<br/><b>Deployment:</b> 1 elevated anchor, highest 21 ft (easy throw)<br/>Average height 22.9 ft<br/>20 m take-off no lobe (peaks at zenith)<br/><br/><b>3-band (40/20/15 m): -3.37 dBi, 34/75 cells, 20/25 regions reachable on at least one band</b><br/><br/><table border=1 cellpadding=3><tr><th>band</th><th>agg dBi</th><th>regions</th><th>Imax ht</th><th>peak elev</th></tr><tr><td>80m</td><td align=right>-11.79 dBi</td><td align=right>0/25</td><td align=right>23 ft</td><td align=right>89&#176;</td></tr><tr><td>40m</td><td align=right>-8.93 dBi</td><td align=right>5/25</td><td align=right>23 ft</td><td align=right>88&#176;</td></tr><tr><td>20m</td><td align=right>-3.12 dBi</td><td align=right>13/25</td><td align=right>23 ft</td><td align=right>50&#176;</td></tr><tr><td>15m</td><td align=right>-1.16 dBi</td><td align=right>16/25</td><td align=right>23 ft</td><td align=right>30&#176;</td></tr><tr><td>10m</td><td align=right>-0.92 dBi</td><td align=right>14/25</td><td align=right>23 ft</td><td align=right>22&#176;</td></tr></table>]]></description><LineString><tessellate>1</tessellate><coordinates>-121.99673405,47.63396389,0 -121.99678910,47.63431793,0</coordinates></LineString></Placemark>
</Folder>
<Folder><name>#33 CURRENT - AS BUILT - straight sloper, feed 10 ft to a 45 ft end (operator's GPX)</name><description><![CDATA[<b>#33 of 33</b> on the 3-band ranking<br/>AS BUILT - straight sloper, feed 10 ft to a 45 ft end (operator's GPX)<br/><b>Deployment:</b> 1 elevated anchor, highest 45 ft (easy throw)<br/>Average height 27.5 ft<br/>20 m take-off no lobe (peaks at zenith)<br/><br/><b>3-band (40/20/15 m): -3.70 dBi, 24/75 cells, 17/25 regions reachable on at least one band</b><br/><br/><table border=1 cellpadding=3><tr><th>band</th><th>agg dBi</th><th>regions</th><th>Imax ht</th><th>peak elev</th></tr><tr><td>80m</td><td align=right>-10.05 dBi</td><td align=right>0/25</td><td align=right>28 ft</td><td align=right>79&#176;</td></tr><tr><td>40m</td><td align=right>-8.71 dBi</td><td align=right>3/25</td><td align=right>28 ft</td><td align=right>75&#176;</td></tr><tr><td>20m</td><td align=right>-5.02 dBi</td><td align=right>6/25</td><td align=right>28 ft</td><td align=right>38&#176;</td></tr><tr><td>15m</td><td align=right>-0.81 dBi</td><td align=right>15/25</td><td align=right>28 ft</td><td align=right>24&#176;</td></tr><tr><td>10m</td><td align=right>+0.44 dBi</td><td align=right>15/25</td><td align=right>28 ft</td><td align=right>18&#176;</td></tr></table>]]></description>
<Placemark><name>CURRENT feed</name><styleUrl>#optC</styleUrl><description><![CDATA[<b>#33 of 33</b> on the 3-band ranking<br/>AS BUILT - straight sloper, feed 10 ft to a 45 ft end (operator's GPX)<br/><b>Deployment:</b> 1 elevated anchor, highest 45 ft (easy throw)<br/>Average height 27.5 ft<br/>20 m take-off no lobe (peaks at zenith)<br/><br/><b>3-band (40/20/15 m): -3.70 dBi, 24/75 cells, 17/25 regions reachable on at least one band</b><br/><br/><table border=1 cellpadding=3><tr><th>band</th><th>agg dBi</th><th>regions</th><th>Imax ht</th><th>peak elev</th></tr><tr><td>80m</td><td align=right>-10.05 dBi</td><td align=right>0/25</td><td align=right>28 ft</td><td align=right>79&#176;</td></tr><tr><td>40m</td><td align=right>-8.71 dBi</td><td align=right>3/25</td><td align=right>28 ft</td><td align=right>75&#176;</td></tr><tr><td>20m</td><td align=right>-5.02 dBi</td><td align=right>6/25</td><td align=right>28 ft</td><td align=right>38&#176;</td></tr><tr><td>15m</td><td align=right>-0.81 dBi</td><td align=right>15/25</td><td align=right>28 ft</td><td align=right>24&#176;</td></tr><tr><td>10m</td><td align=right>+0.44 dBi</td><td align=right>15/25</td><td align=right>28 ft</td><td align=right>18&#176;</td></tr></table><br/><br/><br/>Height: 10 ft AGL<br/>0.0 m (0 ft) from feed at 0.0&#176;T / 345&#176;M<br/>47°38'02.61"N 121°59'47.73"W]]></description><Point><coordinates>-121.99659167,47.63405833,0</coordinates></Point></Placemark>
<Placemark><name>CURRENT far end</name><styleUrl>#optC</styleUrl><description><![CDATA[<b>#33 of 33</b> on the 3-band ranking<br/>AS BUILT - straight sloper, feed 10 ft to a 45 ft end (operator's GPX)<br/><b>Deployment:</b> 1 elevated anchor, highest 45 ft (easy throw)<br/>Average height 27.5 ft<br/>20 m take-off no lobe (peaks at zenith)<br/><br/><b>3-band (40/20/15 m): -3.70 dBi, 24/75 cells, 17/25 regions reachable on at least one band</b><br/><br/><table border=1 cellpadding=3><tr><th>band</th><th>agg dBi</th><th>regions</th><th>Imax ht</th><th>peak elev</th></tr><tr><td>80m</td><td align=right>-10.05 dBi</td><td align=right>0/25</td><td align=right>28 ft</td><td align=right>79&#176;</td></tr><tr><td>40m</td><td align=right>-8.71 dBi</td><td align=right>3/25</td><td align=right>28 ft</td><td align=right>75&#176;</td></tr><tr><td>20m</td><td align=right>-5.02 dBi</td><td align=right>6/25</td><td align=right>28 ft</td><td align=right>38&#176;</td></tr><tr><td>15m</td><td align=right>-0.81 dBi</td><td align=right>15/25</td><td align=right>28 ft</td><td align=right>24&#176;</td></tr><tr><td>10m</td><td align=right>+0.44 dBi</td><td align=right>15/25</td><td align=right>28 ft</td><td align=right>18&#176;</td></tr></table><br/><br/><br/>Height: 45 ft AGL<br/>36.6 m (120 ft) from feed at 138.9&#176;T / 124&#176;M<br/>47°38'01.72"N 121°59'46.58"W]]></description><Point><coordinates>-121.99627173,47.63381043,0</coordinates></Point></Placemark>
<Placemark><name>CURRENT wire</name><styleUrl>#optC</styleUrl><description><![CDATA[<b>#33 of 33</b> on the 3-band ranking<br/>AS BUILT - straight sloper, feed 10 ft to a 45 ft end (operator's GPX)<br/><b>Deployment:</b> 1 elevated anchor, highest 45 ft (easy throw)<br/>Average height 27.5 ft<br/>20 m take-off no lobe (peaks at zenith)<br/><br/><b>3-band (40/20/15 m): -3.70 dBi, 24/75 cells, 17/25 regions reachable on at least one band</b><br/><br/><table border=1 cellpadding=3><tr><th>band</th><th>agg dBi</th><th>regions</th><th>Imax ht</th><th>peak elev</th></tr><tr><td>80m</td><td align=right>-10.05 dBi</td><td align=right>0/25</td><td align=right>28 ft</td><td align=right>79&#176;</td></tr><tr><td>40m</td><td align=right>-8.71 dBi</td><td align=right>3/25</td><td align=right>28 ft</td><td align=right>75&#176;</td></tr><tr><td>20m</td><td align=right>-5.02 dBi</td><td align=right>6/25</td><td align=right>28 ft</td><td align=right>38&#176;</td></tr><tr><td>15m</td><td align=right>-0.81 dBi</td><td align=right>15/25</td><td align=right>28 ft</td><td align=right>24&#176;</td></tr><tr><td>10m</td><td align=right>+0.44 dBi</td><td align=right>15/25</td><td align=right>28 ft</td><td align=right>18&#176;</td></tr></table>]]></description><LineString><tessellate>1</tessellate><coordinates>-121.99659167,47.63405833,0 -121.99627173,47.63381043,0</coordinates></LineString></Placemark>
</Folder>
<Folder><name>Target bearings from the feed</name><description>2 km rays on the great-circle bearing to each region.</description>
<Placemark><name>-&gt; Moscow (12T)</name><styleUrl>#ray</styleUrl><description><![CDATA[Moscow<br/>11.7&#176;T / 356&#176;M<br/>8363 km<br/>Terrain horizon +3.8&#176;, foreground downslope 0.0&#176;]]></description><LineString><tessellate>1</tessellate><coordinates>-121.99659167,47.63405833,0 -121.99119618,47.65167309,0</coordinates></LineString></Placemark>
<Placemark><name>-&gt; Kyiv (17T)</name><styleUrl>#ray</styleUrl><description><![CDATA[Kyiv<br/>17.4&#176;T / 2&#176;M<br/>8796 km<br/>Terrain horizon +4.4&#176;, foreground downslope 0.0&#176;]]></description><LineString><tessellate>1</tessellate><coordinates>-121.99659167,47.63405833,0 -121.98862771,47.65122233,0</coordinates></LineString></Placemark>
<Placemark><name>-&gt; Central Europe (30T)</name><styleUrl>#ray</styleUrl><description><![CDATA[Central Europe<br/>30.5&#176;T / 15&#176;M<br/>8165 km<br/>Terrain horizon +5.7&#176;, foreground downslope 0.0&#176;]]></description><LineString><tessellate>1</tessellate><coordinates>-121.99659167,47.63405833,0 -121.98308683,47.64955849,0</coordinates></LineString></Placemark>
<Placemark><name>-&gt; United Kingdom (34T)</name><styleUrl>#ray</styleUrl><description><![CDATA[United Kingdom<br/>34.5&#176;T / 19&#176;M<br/>7683 km<br/>Terrain horizon +5.4&#176;, foreground downslope 0.0&#176;]]></description><LineString><tessellate>1</tessellate><coordinates>-121.99659167,47.63405833,0 -121.98153060,47.64888886,0</coordinates></LineString></Placemark>
<Placemark><name>-&gt; Iberia (44T)</name><styleUrl>#ray</styleUrl><description><![CDATA[Iberia<br/>43.6&#176;T / 28&#176;M<br/>8492 km<br/>Terrain horizon +4.7&#176;, foreground downslope 0.0&#176;]]></description><LineString><tessellate>1</tessellate><coordinates>-121.99659167,47.63405833,0 -121.97822978,47.64707911,0</coordinates></LineString></Placemark>
<Placemark><name>-&gt; South Africa (58T)</name><styleUrl>#ray</styleUrl><description><![CDATA[South Africa<br/>58.3&#176;T / 43&#176;M<br/>16481 km<br/>Terrain horizon +3.5&#176;, foreground downslope 0.0&#176;]]></description><LineString><tessellate>1</tessellate><coordinates>-121.99659167,47.63405833,0 -121.97395348,47.64351546,0</coordinates></LineString></Placemark>
<Placemark><name>-&gt; US Northeast (83T)</name><styleUrl>#ray</styleUrl><description><![CDATA[US Northeast<br/>83.5&#176;T / 68&#176;M<br/>3840 km<br/>Terrain horizon +1.4&#176;, foreground downslope 2.0&#176;]]></description><LineString><tessellate>1</tessellate><coordinates>-121.99659167,47.63405833,0 -121.97015244,47.63611001,0</coordinates></LineString></Placemark>
<Placemark><name>-&gt; US Midwest (91T)</name><styleUrl>#ray</styleUrl><description><![CDATA[US Midwest<br/>90.6&#176;T / 75&#176;M<br/>2764 km<br/>Terrain horizon +0.8&#176;, foreground downslope 2.6&#176;]]></description><LineString><tessellate>1</tessellate><coordinates>-121.99659167,47.63405833,0 -121.96998012,47.63387718,0</coordinates></LineString></Placemark>
<Placemark><name>-&gt; Caribbean (104T)</name><styleUrl>#ray</styleUrl><description><![CDATA[Caribbean<br/>103.5&#176;T / 88&#176;M<br/>5952 km<br/>Terrain horizon +0.0&#176;, foreground downslope 3.0&#176;]]></description><LineString><tessellate>1</tessellate><coordinates>-121.99659167,47.63405833,0 -121.97071434,47.62985832,0</coordinates></LineString></Placemark>
<Placemark><name>-&gt; US Southeast (109T)</name><styleUrl>#ray</styleUrl><description><![CDATA[US Southeast<br/>108.7&#176;T / 93&#176;M<br/>4373 km<br/>Terrain horizon +0.0&#176;, foreground downslope 2.4&#176;]]></description><LineString><tessellate>1</tessellate><coordinates>-121.99659167,47.63405833,0 -121.97138282,47.62829272,0</coordinates></LineString></Placemark>
<Placemark><name>-&gt; Denver (117T)</name><styleUrl>#ray</styleUrl><description><![CDATA[Denver<br/>116.6&#176;T / 101&#176;M<br/>1620 km<br/>Terrain horizon +0.1&#176;, foreground downslope 1.5&#176;]]></description><LineString><tessellate>1</tessellate><coordinates>-121.99659167,47.63405833,0 -121.97279028,47.62601113,0</coordinates></LineString></Placemark>
<Placemark><name>-&gt; Dallas (119T)</name><styleUrl>#ray</styleUrl><description><![CDATA[Dallas<br/>118.9&#176;T / 104&#176;M<br/>2682 km<br/>Terrain horizon +0.1&#176;, foreground downslope 1.3&#176;]]></description><LineString><tessellate>1</tessellate><coordinates>-121.99659167,47.63405833,0 -121.97328376,47.62537623,0</coordinates></LineString></Placemark>
<Placemark><name>-&gt; South America (132T)</name><styleUrl>#ray</styleUrl><description><![CDATA[South America<br/>131.5&#176;T / 116&#176;M<br/>11116 km<br/>Terrain horizon +0.1&#176;, foreground downslope 0.1&#176;]]></description><LineString><tessellate>1</tessellate><coordinates>-121.99659167,47.63405833,0 -121.97666668,47.62213364,0</coordinates></LineString></Placemark>
<Placemark><name>-&gt; SoCal (167T)</name><styleUrl>#ray</styleUrl><description><![CDATA[SoCal<br/>166.9&#176;T / 152&#176;M<br/>1543 km<br/>Terrain horizon +0.0&#176;, foreground downslope 3.1&#176;]]></description><LineString><tessellate>1</tessellate><coordinates>-121.99659167,47.63405833,0 -121.99056671,47.61653705,0</coordinates></LineString></Placemark>
<Placemark><name>-&gt; New Zealand (227T)</name><styleUrl>#ray</styleUrl><description><![CDATA[New Zealand<br/>226.8&#176;T / 212&#176;M<br/>11293 km<br/>Terrain horizon +0.1&#176;, foreground downslope 8.0&#176;]]></description><LineString><tessellate>1</tessellate><coordinates>-121.99659167,47.63405833,0 -122.01600083,47.62175110,0</coordinates></LineString></Placemark>
<Placemark><name>-&gt; Hawaii (240T)</name><styleUrl>#ray</styleUrl><description><![CDATA[Hawaii<br/>240.2&#176;T / 225&#176;M<br/>4335 km<br/>Terrain horizon +0.2&#176;, foreground downslope 7.9&#176;]]></description><LineString><tessellate>1</tessellate><coordinates>-121.99659167,47.63405833,0 -122.01967871,47.62511069,0</coordinates></LineString></Placemark>
<Placemark><name>-&gt; Australia VK2 (244T)</name><styleUrl>#ray</styleUrl><description><![CDATA[Australia VK2<br/>243.7&#176;T / 228&#176;M<br/>12494 km<br/>Terrain horizon +0.2&#176;, foreground downslope 7.9&#176;]]></description><LineString><tessellate>1</tessellate><coordinates>-121.99659167,47.63405833,0 -122.02044808,47.62608592,0</coordinates></LineString></Placemark>
<Placemark><name>-&gt; Australia VK6 (268T)</name><styleUrl>#ray</styleUrl><description><![CDATA[Australia VK6<br/>268.2&#176;T / 253&#176;M<br/>14905 km<br/>Terrain horizon +0.2&#176;, foreground downslope 7.0&#176;]]></description><LineString><tessellate>1</tessellate><coordinates>-121.99659167,47.63405833,0 -122.02319088,47.63348166,0</coordinates></LineString></Placemark>
<Placemark><name>-&gt; Japan (301T)</name><styleUrl>#ray</styleUrl><description><![CDATA[Japan<br/>300.8&#176;T / 285&#176;M<br/>7712 km<br/>Terrain horizon +0.0&#176;, foreground downslope 5.3&#176;]]></description><LineString><tessellate>1</tessellate><coordinates>-121.99659167,47.63405833,0 -122.01945416,47.64326563,0</coordinates></LineString></Placemark>
<Placemark><name>-&gt; Shanghai (310T)</name><styleUrl>#ray</styleUrl><description><![CDATA[Shanghai<br/>309.5&#176;T / 294&#176;M<br/>9205 km<br/>Terrain horizon +0.0&#176;, foreground downslope 4.8&#176;]]></description><LineString><tessellate>1</tessellate><coordinates>-121.99659167,47.63405833,0 -122.01711402,47.64551082,0</coordinates></LineString></Placemark>
<Placemark><name>-&gt; Vladivostok (311T)</name><styleUrl>#ray</styleUrl><description><![CDATA[Vladivostok<br/>311.0&#176;T / 296&#176;M<br/>7603 km<br/>Terrain horizon +0.0&#176;, foreground downslope 4.5&#176;]]></description><LineString><tessellate>1</tessellate><coordinates>-121.99659167,47.63405833,0 -122.01666677,47.64586744,0</coordinates></LineString></Placemark>
<Placemark><name>-&gt; Beijing (318T)</name><styleUrl>#ray</styleUrl><description><![CDATA[Beijing<br/>318.1&#176;T / 303&#176;M<br/>8704 km<br/>Terrain horizon +0.0&#176;, foreground downslope 2.7&#176;]]></description><LineString><tessellate>1</tessellate><coordinates>-121.99659167,47.63405833,0 -122.01435236,47.64745469,0</coordinates></LineString></Placemark>
<Placemark><name>-&gt; Alaska (321T)</name><styleUrl>#ray</styleUrl><description><![CDATA[Alaska<br/>320.8&#176;T / 306&#176;M<br/>2322 km<br/>Terrain horizon +0.0&#176;, foreground downslope 2.0&#176;]]></description><LineString><tessellate>1</tessellate><coordinates>-121.99659167,47.63405833,0 -122.01341164,47.64799838,0</coordinates></LineString></Placemark>
<Placemark><name>-&gt; India (343T)</name><styleUrl>#ray</styleUrl><description><![CDATA[India<br/>342.8&#176;T / 328&#176;M<br/>11322 km<br/>Terrain horizon +0.9&#176;, foreground downslope 0.1&#176;]]></description><LineString><tessellate>1</tessellate><coordinates>-121.99659167,47.63405833,0 -122.00444420,47.65124577,0</coordinates></LineString></Placemark>
<Placemark><name>-&gt; Novosibirsk (346T)</name><styleUrl>#ray</styleUrl><description><![CDATA[Novosibirsk<br/>345.5&#176;T / 330&#176;M<br/>8364 km<br/>Terrain horizon +1.1&#176;, foreground downslope 0.0&#176;]]></description><LineString><tessellate>1</tessellate><coordinates>-121.99659167,47.63405833,0 -122.00323782,47.65147669,0</coordinates></LineString></Placemark>
</Folder>
</Document></kml>