frequency_hz,s11_real,s11_imag,swr,return_loss_db,resistance_ohm,reactance_ohm
450000000,0.019955314690593588,-0.743158155805161,6.7950229498934025,2.575244758708278,14.784708150293714,-49.125601061902685
450010000,0.01993132758905064,-0.743513665480825,6.805815248427286,2.5711011262185974,14.761654803258935,-49.13040963438205
450020000,0.01999428508250095,-0.7432180901196535,6.796875418777507,2.5745325592086776,14.78158816136734,-49.129150468538434
450030000,0.019646442336307683,-0.7433551337736171,6.800759565980019,2.5730405489025463,14.766665663481625,-49.10945958423747
450040000,0.019521703025168157,-0.7434038357684204,6.802141148502728,2.572510264066385,14.761343845537336,-49.102393773358415
450050000,0.019199082715910882,-0.7435122641359051,6.8051857967829426,2.571342431179432,14.748697338164154,-49.08381477767797
450060000,0.01896029258607774,-0.743266576647973,6.797525408845455,2.574282758300762,14.760049958697541,-49.06425323317116
450070000,0.019294446297523856,-0.7432105327905252,6.79608381117201,2.5748368518161717,14.76958104552272,-49.08449295074131
450080000,0.018894707198252446,-0.7431110488049075,6.792750948591683,2.5761187936042846,14.768761099959473,-49.057305412489605
450090000,0.019122323416781283,-0.7427690632426657,6.782560585275917,2.580046371338041,14.794573147977655,-49.0656536990202
450100000,0.018681869221194407,-0.7427293435092239,6.781019056532011,2.5806415593000205,14.789205075557392,-49.03694555613986
450110000,0.01787860832580699,-0.7421909125261953,6.764162623943219,2.58716796543726,14.808964910350491,-48.976252034074435
450120000,0.018068064301611043,-0.7423904058521916,6.770316914451824,2.584781321282864,14.799710077136215,-48.99187134498698
450130000,0.018709989026434667,-0.7423387006123205,6.769236506502268,2.5851999842355906,14.81453528778224,-49.0317208656675
450140000,0.01891657816316584,-0.7420897470723651,6.761890315259185,2.588050293236161,14.834076161540171,-49.040379349504
450150000,0.01928446211403591,-0.7433396375257278,6.800000008673819,2.573332179220189,14.761194251988485,-49.08616290996703
450160000,0.0196703370656108,-0.7426420969164039,6.779151598518643,2.581362959980669,14.812461896821283,-49.09824157038821
450170000,0.01987743000972181,-0.7431718452518793,6.795375327494626,2.575109253178222,14.782447528408595,-49.12088808453622
450180000,0.019418239241834855,-0.7431567952399365,6.794549560291425,2.5754268215787017,14.775209003149861,-49.09140538832635
450190000,0.018721355476432507,-0.7430094712562758,6.7895358285053025,2.577356666379564,14.772113790571167,-49.04447303349804
450200000,0.018004402905507165,-0.7431408372565054,6.792984224175117,2.576029025368797,14.750933312660637,-49.00130197883209
450210000,0.017848591609539343,-0.7427135021469263,6.7799196497615375,2.581066211925388,14.775255968985212,-48.983748129048514
450220000,0.018221862126106554,-0.7423538874560509,6.769328368180047,2.585164382106905,14.804795386921544,-49.00098089926556
450230000,0.018719191040091208,-0.7422519111811038,6.766625865754708,2.586212183440648,14.820217137169735,-49.03074595358165
450240000,0.018415193432141375,-0.7424210956958827,6.771500720773774,2.5843227478024167,14.804002244964362,-49.0144692850427
450250000,0.0183063628669234,-0.7422037738284162,6.7648644243708045,2.5868955817973243,14.81585046764946,-49.003647371574544
450260000,0.017612474129822555,-0.7421730964092308,6.763434107343399,2.5874507793228467,14.805299587283182,-48.95903967817461
450270000,0.0180526149048569,-0.7420870528152893,6.761161181647496,2.588333541210806,14.818694339077659,-48.985428933914406
450280000,0.018089784838078254,-0.7417210793903948,6.7501849365540645,2.5926050646196286,14.842608603547825,-48.9811888106096
450290000,0.018107923998119724,-0.7416625187306749,6.748440408509639,2.5932852748402677,14.846656108494097,-48.981283662579976
450300000,0.018399776440026668,-0.7414347486630851,6.74182626112802,2.595867471229462,14.86640194220766,-48.99571461615602
450310000,0.017391330667916285,-0.7416827025383516,6.748531472895026,2.593249758963489,14.832424305560727,-48.93615248046473
450320000,0.015467986383701074,-0.7421443810029779,6.761129737383389,2.5883457578310605,14.76836732212974,-48.82266824244557
450330000,0.012493761755789748,-0.7444954160831974,6.830860947322853,2.5615365529691743,14.566439353833553,-48.677584272490705
450340000,0.00940003372010119,-0.7467899927009138,6.9004277693106655,2.5353421713075903,14.367156026809013,-48.52488352079878
450350000,0.009846078335711815,-0.746253607649632,6.8839035118700025,2.541515164130609,14.408665456151596,-48.54315870381199
450360000,0.011696128166801038,-0.7447441937896412,6.838097246185628,2.5587864515423435,14.536458215115276,-48.63195815908606
450370000,0.0149093164626515,-0.7421229427182658,6.7601400423135996,2.5887303302283886,14.759596872944657,-48.78696286926783
450380000,0.015401044587469203,-0.7421962209035399,6.762649069754881,2.587755604678722,14.763876598522081,-48.81937381534881
450390000,0.0158872607249391,-0.7418946524646546,6.753883710007908,2.591164061526175,14.791763505176052,-48.84467088969307
450400000,0.016673096116085556,-0.743560057417216,6.804785674644157,2.571495844692115,14.700504054211136,-48.92443227115392
450410000,0.01616689960705667,-0.7413675101503382,6.738253988469937,2.5972642601899185,14.830214862146137,-48.85281350633999
450420000,0.015315280708341523,-0.7410621234781,6.728583417153004,2.6010531457446033,14.834052377935636,-48.79334429343607
450430000,0.015661009724430117,-0.7405803576308435,6.714440134812768,2.6066145169766597,14.870853675195317,-48.806438116552386
450440000,0.016216064468117027,-0.7403935540915897,6.709241769411794,2.6086646262243454,14.89282384930467,-48.838191750762796
450450000,0.01674697994264954,-0.7404445784637118,6.711109196732624,2.6079277843440822,14.899275653983437,-48.87278841148245
450460000,0.016236959985312365,-0.7403699245229667,6.708553423778516,2.608936336670742,14.894703193658014,-48.839084770567894
450470000,0.016178082329737,-0.7406401944251263,6.716551474257895,2.605782782650014,14.876499113801232,-48.840285070139835
450480000,0.015808104533054868,-0.7403508521575592,6.707711306447576,2.6092688229367074,14.888076644070804,-48.811561098570635
450490000,0.015718054984486526,-0.7403442854870672,6.707459360883571,2.6093683131275567,14.886846391694853,-48.8057371900805
450500000,0.015450034602603439,-0.7406778903284845,6.717210876113561,2.605523129563077,14.860826328278067,-48.79486232108119
450510000,0.015791104288667927,-0.7405520064537714,6.713678959793535,2.606914503042186,14.875024732515465,-48.814159213303284
450520000,0.015169919975720461,-0.7406272832498599,6.715532219500657,2.606184237841564,14.858911908917849,-48.77621093829664
450530000,0.01565513897685785,-0.7404413761666684,6.710304011581421,2.608245439592255,14.879547378643988,-48.80352734932835
450540000,0.0155354099443468,-0.7402202903456734,6.703664597311007,2.6108677435453065,14.891357960345253,-48.79190203033749
450550000,0.01641058907123595,-0.7401358178095996,6.701719387306815,2.611637030484446,14.91271786382522,-48.84581613889056
450560000,0.015716591387697893,-0.7405655978986956,6.714036089148481,2.6067737464213456,14.872803332452825,-48.809688314258516
450570000,0.016215861102780393,-0.7408155551106577,6.721799322392056,2.6037177767069775,14.866075029883945,-48.84587531059335
450580000,0.016153223310004038,-0.7406994494872357,6.718299476621369,2.6050945847087537,14.872290894650547,-48.839790189996215
450590000,0.01579942740824058,-0.7404385450471711,6.710310954613064,2.60824270014934,14.882363283402091,-48.81261402060932
450600000,0.014928830844885175,-0.7402320051400616,6.703641837411964,2.6108767419349905,14.879508017253317,-48.75372441699153
450610000,0.014747446570293041,-0.7403688230444395,6.707594997606863,2.609314750911242,14.867531075411382,-48.744758355530976
450620000,0.014868441595652199,-0.7403267219664935,6.706416747985229,2.609780109362834,14.872410092887366,-48.75163961646304
450630000,0.014698187928841276,-0.7404778850236942,6.710806130164132,2.608047338609458,14.859732523507192,-48.743640754352505
450640000,0.014744205988863347,-0.7403845313304964,6.7080596076039365,2.609131295699748,14.866478348809613,-48.744841150155516
450650000,0.014931518129969923,-0.740149246427748,6.701189022814678,2.6118468569987394,14.884792922512325,-48.75237759617439
450660000,0.01434826698735783,-0.7399485814448382,6.694902687450156,2.614336491053428,14.886778365191761,-48.71180965623427
450670000,0.01425552491428285,-0.7401919612296758,6.7020603876706675,2.6115021394721483,14.869692218685215,-48.7104172747595
450680000,0.01442052617032044,-0.7395237899395071,6.68239075636163,2.6193059622364236,14.914965683529935,-48.70856457626791
450690000,0.014249144062836927,-0.739528077254171,6.682419235970668,2.6192946291306023,14.911538202477542,-48.69780710750802
450700000,0.014312775027401445,-0.7397645646061884,6.689439283051434,2.616504099627763,14.897758812434764,-48.706182930526325
450710000,0.014034970117322524,-0.7394284030206334,6.679358780192014,2.620513064904573,14.913891743699168,-48.682431781185294
450720000,0.01431574359964715,-0.7397047231167897,6.687672579981725,2.61720581511808,14.90159658799648,-48.70526968674867
450730000,0.014022650222164456,-0.7398084230156373,6.690571598516969,2.616054555409679,14.889649240532364,-48.68865302584586
450740000,0.01477510939129302,-0.7397931165204705,6.690552047711549,2.6160623160175938,14.904452768895682,-48.735946328245035
450750000,0.013600390673552731,-0.7388478231392619,6.662042259595516,2.627428730238051,14.942550940291351,-48.644243101545186
450760000,0.013341284950604675,-0.7393056931048758,6.675364610839168,2.622104951969148,14.90883975270331,-48.63634611447509
450770000,0.013630185040086182,-0.7393499015233775,6.676822053099053,2.6215238586375262,14.911383594159155,-48.65540727241147
450780000,0.01278114938489588,-0.7394683578750365,6.679866481713636,2.6203108585788497,14.888223641710224,-48.60400320746211
450790000,0.012751748924596445,-0.7394343639968504,6.6788493136801375,2.6207160057980694,14.889824404441752,-48.60152042416833
450800000,0.012395877394378547,-0.7396924121400633,6.686284921755145,2.6177572440342383,14.866977516625404,-48.5838505219245
450810000,0.012550821944972862,-0.7392503296492592,6.673326964183427,2.622917812484356,14.897714237501612,-48.585443899050944
450820000,0.012831805117537428,-0.7392231489427767,6.672668935469131,2.6231804225935287,14.904629074247953,-48.60266420044166
450830000,0.013385382717146337,-0.7393820298431016,6.677636935160611,2.6211990720483107,14.904834474288444,-48.64054051053224
450840000,0.013276590242852077,-0.7387747852789925,6.659726546566659,2.628356341173492,14.94116693534591,-48.622436828812496
450850000,0.013095844182060059,-0.7375261003124207,6.6231818227342565,2.6430830389917976,15.016680071334074,-48.58779672330937
450860000,0.012739008062226739,-0.736237743988537,6.585755437240767,2.658338402267218,15.091401136734936,-48.54111194234561
450870000,0.012540475022009666,-0.7375497781390508,6.62358931997324,2.642917910039468,15.00481432690865,-48.55316615215221
450880000,0.012464532761617316,-0.7382252980267846,6.643229894560559,2.634983592114249,14.960767666542353,-48.56097189581329
450890000,0.012405939336391811,-0.7387566655076543,6.658751304218628,2.628747193957345,14.926160511129787,-48.56715502236559
450900000,0.012251640941617289,-0.7389668343073822,6.664843669342624,2.6263074439853984,14.910044949985908,-48.56132636572249
450910000,0.012363323675686686,-0.7390139992288689,6.666283843512631,2.6257313781835223,14.909142684991906,-48.56924238645983
450920000,0.011743677326956069,-0.7389429384721212,6.663899708579882,2.6266851639549276,14.902122119660024,-48.528872248910304
450930000,0.011818992195127036,-0.7385990622248648,6.653850606968544,2.630713045570616,14.925187198992294,-48.52722527674655
450940000,0.01212748552257563,-0.7382605116484801,6.644094468349043,2.6346354281050477,14.952270182398882,-48.5403688379306
450950000,0.012011655985537995,-0.7384953998746517,6.650906823905738,2.6318953312246935,14.935305054010952,-48.537439092644156
450960000,0.011584712201079312,-0.7386627007441686,6.655606091242922,2.630008515191461,14.916819189802785,-48.513649655544064
450970000,0.01157372175716652,-0.7389004870767886,6.6625746525936265,2.627215561515126,14.901638546833109,-48.51737897902692
450980000,0.011427073776566063,-0.7392054315816248,6.671469312294097,2.6236593118913083,14.879714654793858,-48.51380833936568
450990000,0.011357233152835136,-0.73868017361629,6.656014572624323,2.6298446334513184,14.911485553079975,-48.499649242316124
451000000,0.011355238991785147,-0.7390011648720369,6.665431512525589,2.6260722775303362,14.89123960965242,-48.505493128411096
451010000,0.011704212334400459,-0.7386816723559372,6.656217214425028,2.629763341688702,14.917847183002246,-48.52153021531736
451020000,0.011424458503232496,-0.7378908912454667,6.632985480237236,2.6391160892994012,14.962449637503784,-48.48916228286349
451030000,0.011589290695403888,-0.7374521906720198,6.620303146152389,2.644250149501717,14.99317840975518,-48.49134205631225
451040000,0.011837562904506318,-0.7376655629861244,6.6266172185946655,2.641691574181934,14.98437290075909,-48.510985867909696
451050000,0.011550073295814017,-0.7376218119926757,6.625212713477956,2.6422602732434046,14.981753558138799,-48.492045485638926
451060000,0.01214546568416975,-0.7374693205583398,6.621060342591404,2.6439430564099995,15.002507537571923,-48.52673486134479
451070000,0.011351049627268501,-0.7370728843557615,6.609200103474531,2.6487614353160325,15.012617900922624,-48.469214252122605
451080000,0.011097933689256179,-0.7375203256536143,6.622062173173468,2.6435368584873364,14.979681057960585,-48.461659821909926
451090000,0.010482296354253531,-0.7373440686034954,6.616684981870358,2.645718546740014,14.979228608997595,-48.4195973662213
451100000,0.010832725245598463,-0.7377584184843103,6.62886907606657,2.6407802877867854,14.959722377890643,-48.44942131611821
451110000,0.010579343351812102,-0.7372524361849485,6.614068378658026,2.646781494465382,14.986817872441982,-48.423983746886286
451120000,0.010802361105011031,-0.7374523271394499,6.619960288721281,2.6443892244468414,14.978421591841014,-48.44177374935925
451130000,0.010409381662400019,-0.7371256923947915,6.6103265386660945,2.6483030456398544,14.991599969440331,-48.41090572159759
451140000,0.010678488437796056,-0.7370434941182082,6.608058582556516,2.6492261271200217,15.00183338977684,-48.42629806971343
451150000,0.010951848477174522,-0.7371406386035638,6.610986961500546,2.64803436860345,15.000853244197824,-48.44533645447971
451160000,0.011069190746287363,-0.7369793175536448,6.606368619601239,2.649914381182648,15.013219200760464,-48.44969685462561
451170000,0.010900197707270482,-0.7373503095542999,6.617041756865131,2.6455736800002754,14.98667997240212,-48.44601978838062
451180000,0.010472697693489531,-0.7375501964276048,6.622664251685377,2.643292802822007,14.966078665710407,-48.422862077012006
451190000,0.010221474283779675,-0.7366923046027531,6.5977222383840575,2.6534413513955895,15.015332775276788,-48.390921900508
451200000,0.009903158508406845,-0.7364028851684533,6.589253541881636,2.656905025749243,15.027533140821223,-48.3654335753121
451210000,0.009646076778095144,-0.7360949539966877,6.580298699237982,2.660577459238167,15.04203791891688,-48.343440448055155
451220000,0.009490359683018356,-0.7366164260712391,6.595250876383775,2.654451191106304,15.006308336478218,-48.34351183455174
451230000,0.010109437717648771,-0.7367395576180307,6.599041571710458,2.6529025667623425,15.01024757500207,-48.38476379511554
451240000,0.00995072565153875,-0.7367978536815236,6.600662549277473,2.652240899538558,15.003588578280375,-48.375879652649154
451250000,0.010115377889336086,-0.7364285200630161,6.5900748662016575,2.656568707288194,15.029928911171242,-48.37926889473705
451260000,0.010336244670626538,-0.736471509268178,6.591401595720624,2.656025615137249,15.031392852007775,-48.3939800620366
451270000,0.009694024622882007,-0.7367560896592676,6.599357683072419,2.6527735070764313,15.00137353648154,-48.358950647533476
451280000,0.009263517503501555,-0.736285238089122,6.585627796632475,2.658390733507728,15.022833500114993,-48.3229933394834
451290000,0.00962384456075443,-0.7362734194638036,6.585420755594118,2.6584756224639357,15.03039476445385,-48.345419928925864
451300000,0.009045387413757797,-0.7359530411527337,6.576005121229955,2.66234191211917,15.039574399526641,-48.30299184913008
451310000,0.009220744682249975,-0.7359703852127218,6.576565308542995,2.6621115684514414,15.041810252357408,-48.314340343155806
451320000,0.007998916003048378,-0.7359034175180513,6.574233789621769,2.663070531166563,15.022816306241777,-48.23635125842145
451330000,0.008638062808862378,-0.736324697872619,6.5865443797862,2.6580149906063943,15.008510245346063,-48.28445582768478
451340000,0.008875510277261169,-0.7363778529276644,6.58815555656632,2.6573547662943002,15.009670010532748,-48.30037166701824
451350000,0.00870934874282613,-0.7372920896573446,6.614508732559965,2.6466025484258857,14.949139867263554,-48.30721140510236
451360000,0.008346101741065903,-0.736637264957096,6.595452356858752,2.6543688338249707,14.983365406595123,-48.272052018215845
451370000,0.008912892894852517,-0.7348295356848693,6.543855832975405,2.675629044349972,15.107660728017974,-48.273286736663835
451380000,0.012101536898382297,-0.7330841248556447,6.4958024168701725,2.6957403931363277,15.278669000066587,-48.440966073992826
451390000,0.008736309555891527,-0.7347655041901613,6.5419740857247515,2.6764109028739473,15.108313637341823,-48.260965631939484
451400000,0.008249771671916145,-0.7352394309422113,6.555315663742799,2.6708774520527223,15.069260432966486,-48.23945046447546
451410000,0.0074434011327532,-0.7359651179951201,6.575836707474109,2.6624111701000692,15.0083822895403,-48.20269372748633
451420000,0.008335695637520044,-0.7354558800791232,6.5615257865811225,2.6683096465943947,15.057309549389972,-48.248969575431296
451430000,0.00826212714319893,-0.7353904117397159,6.559631017617095,2.669092581372256,15.06001797678737,-48.24310406732983
451440000,0.008481062390407674,-0.734982666528622,6.548069796203159,2.673879828203139,15.089796416255878,-48.24907555387681
451450000,0.00811712576887043,-0.7355277868968906,6.5635119907522546,2.667489426827017,15.048633481721346,-48.23662013780125
451460000,0.007843674169854705,-0.7356829437643604,6.567867393395895,2.665692604441017,15.033691991212182,-48.22241890956859
451470000,0.007732534327066399,-0.7354632008927915,6.5615467096623545,2.6683010035820502,15.045356745011004,-48.21126150947249
451480000,0.007902945934205641,-0.7354268765944322,6.560560224210702,2.6687085673890447,15.050884091466795,-48.2212585059457
451490000,0.007293623280901743,-0.735492326394738,6.5622512139596,2.6680100163153937,15.035159742471269,-48.184299061855086
451500000,0.007820212285673776,-0.7354439287200638,6.5610223164667145,2.668517639596586,15.04823714680345,-48.216393516508205
451510000,0.0074197654116166,-0.7353600983829269,6.558508431245985,2.669556662169825,15.045855222383683,-48.1896826361542
451520000,0.007963136900505496,-0.7354827538461881,6.562176061574805,2.6680410540818733,15.048525628334252,-48.22609979762756
451530000,0.007638965899459325,-0.7350198607421478,6.548866313918435,2.673549452704023,15.071377566888714,-48.196929579027085
451540000,0.007597910646385633,-0.7352053767856259,6.554143445439807,2.671362708107872,15.058957746852373,-48.19789887253174
451550000,0.006973777662845615,-0.7349200425754108,6.545835180722865,2.674807129905509,15.064910306038811,-48.15331718002128
451560000,0.006917557664590263,-0.7346189038542478,6.537256834212567,2.678372928067982,15.08270362005932,-48.144023451671174
451570000,0.006734261008302729,-0.734457878865096,6.532637548852913,2.680297018399535,15.089275995581358,-48.12944784857731
451580000,0.006198530234637842,-0.7343982098976114,6.530811414390147,2.6810584345744255,15.082719369557507,-48.09474935829636
451590000,0.006257485802894954,-0.7343674674406162,6.529953970206118,2.6814161007996997,15.08577758077639,-48.09784925727518
451600000,0.005994896984237837,-0.7340969264141544,6.522230190320583,2.684642266779871,15.09766010797135,-48.07620409294547
451610000,0.0054449638465569015,-0.7341651137666473,6.524038500223007,2.6838862477149794,15.082796763493246,-48.04311189747947
451620000,0.005779246805988376,-0.7344703321777396,6.53276004190845,2.680245959889031,15.070142964565738,-48.0698973185802
451630000,0.005855904052611656,-0.7347514415895687,6.5407609253797325,2.676915210404749,15.054030801455486,-48.08009533771973
451640000,0.006178570786640404,-0.7350734990048347,6.5500036313477965,2.6730778646607196,15.040070039513967,-48.10646103425998
451650000,0.005280446978902113,-0.7346442675601219,6.53759122836897,2.678233749535381,15.0496727348821,-48.04205269334793
451660000,0.004801832528895858,-0.7344522442366468,6.5320472001995675,2.68054311962669,15.052456348143075,-48.008451100154815
451670000,0.005058220735634449,-0.734383687261306,6.530151862179493,2.681333545460362,15.061679826151751,-48.02314801321474
451680000,0.005331482822475836,-0.7342131449648895,6.525374678321688,2.683327893411052,15.077605969174932,-48.03694187586926
451690000,0.0055960617539681165,-0.734798416728539,6.542039107324027,2.6763838789752907,15.046102458492722,-48.06474638984919
451700000,0.006030582742824139,-0.7348479701387276,6.543546487320956,2.675757544618648,15.051344706830944,-48.09287668479749
451710000,0.005951725149579182,-0.7346096871230805,6.536754779324306,2.678581916224179,15.064740036229917,-48.08336730723837
451720000,0.005871931860548569,-0.7340176731732131,6.519960598583628,2.685591746536959,15.100250893344253,-48.06698071925068
451730000,0.006042496809655655,-0.7336565172042754,6.509802175008975,2.6898498145394836,15.126149043176408,-48.07069068102137
451740000,0.005231772262966587,-0.7335654771746621,6.507060391547047,2.6910014110200797,15.116178565785194,-48.01820089295002
451750000,0.0050313830858410005,-0.7335546623647361,6.506716176080602,2.6911460576981856,15.112977691736845,-48.00546223695158
451760000,0.004831315237328645,-0.7333197874000584,6.500066626466869,2.693943419570333,15.123784934932642,-47.988407246316186
451770000,0.004975292179453942,-0.7334710952561787,6.50435166003837,2.692140101560688,15.117116077942896,-48.00033815665444
451780000,0.004952855812513117,-0.7340978406267947,6.522036234391215,2.6847233814608096,15.07751024725063,-48.011051561666875
451790000,0.005017173266017112,-0.7338441765856568,6.514879287696522,2.6877199604949604,15.09460542732761,-48.010172473817974
451800000,0.0043622214314755926,-0.7339842191889803,6.518717335650826,2.6861121504609042,15.073198392945686,-47.97196504661217
451810000,0.0039856698495517985,-0.7341807816471948,6.52421669515494,2.683811771122639,15.053652309263704,-47.95226319103836
451820000,0.003990286156936134,-0.7338224444506535,6.5140877866939775,2.6880517722684267,15.076100354482788,-47.94561978033781
451830000,0.004639355528414959,-0.733341670696069,6.500647275228907,2.6936989161148936,15.118696333971513,-47.976835158533255
451840000,0.0046996477292656985,-0.7334516305254571,6.503752449737859,2.692392127477506,15.11299397779319,-47.98273354616086
451850000,0.004396680698923728,-0.7333408911148427,6.500583290893078,2.693725856872675,15.114039345774835,-47.96165974159165
451860000,0.004169878825734768,-0.7334443623121734,6.503457662722438,2.692516131400464,15.103179359389886,-47.94950348904622
451870000,0.004160041812577388,-0.7333245184226018,6.500083944110922,2.6939361266939112,15.110470972189825,-47.946564482968476
451880000,0.0044267115325102155,-0.7333701574031466,6.501411691592489,2.693377098779675,15.1127937512279,-47.964103050416405
451890000,0.004097633808353995,-0.7315676350466038,6.450984926727274,2.714774074464338,15.218995766646799,-47.90841764496703
451900000,0.004108261110892822,-0.7328738697812108,6.4874225668084105,2.699278781943346,15.137604209461626,-47.934575818969236
451910000,0.0037870604501328373,-0.7326770488718098,6.481861239823966,2.7016322240189177,15.143639682191742,-47.910690355701405
451920000,0.003907042053986713,-0.7327903704028612,6.485051957711325,2.7002814705771865,15.138902144996782,-47.920387198495774
451930000,0.0032839698354852082,-0.7329612009338375,6.489754699094142,2.6982930999052055,15.116112286615955,-47.88483621946251
451940000,0.0033213187921565684,-0.7329924922910536,6.490637180890466,2.6979203057993093,15.11488802759305,-47.887774626379475
451950000,0.0031628338014330674,-0.733518851933009,6.505413394520419,2.6916936562418945,15.078989476699446,-47.88812783531383
451960000,0.003108410525538569,-0.7334568330972602,6.50366046846767,2.6924308187137362,15.081797901789226,-47.8835310532481
451970000,0.0031533599322144793,-0.7327019295982018,6.482473666972579,2.701372854451579,15.129735140613578,-47.8716391204392
451980000,0.0030112334265547146,-0.7320016975477991,6.4629063100190765,2.7096847429185864,15.17062612232187,-47.84909374229971
451990000,0.0025940392511929933,-0.7321943133073275,6.468229453949973,2.7074184583152734,15.150451626280017,-47.826854929113594
452000000,0.002965305251328579,-0.7325974323717923,6.479527606064001,2.702621003654184,15.132581507085629,-47.85787518443925
452010000,0.0026680733266766744,-0.7324173290145186,6.474461316722712,2.704770145109199,15.138001630309635,-47.83583067529892
452020000,0.0029018927148822863,-0.7331228029972232,6.494244781653082,2.696397396359899,15.098599030463467,-47.8641640613994
452030000,0.0021779168743666236,-0.732912255360843,6.488266577857612,2.698921974576099,15.097601755239031,-47.81496714480617
452040000,0.0025490175363845416,-0.7327241769098352,6.483030657105655,2.701137006651626,15.116557136106087,-47.834406471694486
452050000,0.0024319198807740364,-0.7321718117724585,6.467586490659667,2.7076919916924562,15.148680134526051,-47.81631260994173
452060000,0.0024039167011781714,-0.7324402101919348,6.475074972301152,2.7045096464258855,15.131411678773837,-47.819819723378906
452070000,0.0018268845488706499,-0.7320534924843358,6.464239909808357,2.709116614811808,15.14419239419192,-47.77631536959038
452080000,0.002035545192781874,-0.7322039717441391,6.468449567617615,2.70732482901243,15.138914254327688,-47.79225502709225
452090000,0.0018230047214278437,-0.732011548139064,6.463071364932734,2.7096144146937817,15.146727225986485,-47.77525116132216
452100000,0.0022274403490621254,-0.7322136432150724,6.468734882849015,2.7072034747679465,15.14207045735353,-47.804394172594264
452110000,0.0021770813657514456,-0.7320814956477187,6.465046768960784,2.708773000574563,15.14931425688941,-47.79866901322325
452120000,0.001624031640816899,-0.732278791402597,6.470508085184372,2.7064495174893235,15.126194609641372,-47.76810799620632
452130000,0.0014232395883716832,-0.7322831876020061,6.470619101324915,2.7064023280312615,15.121985707540237,-47.75570308408964
452140000,0.0015653205526191263,-0.7320665394874847,6.46458649902967,2.7089690033263425,15.138249675514704,-47.760293196765836
452150000,0.0015540110845817317,-0.7323630720861098,6.472856366876054,2.705451690492856,15.119579224018645,-47.765403059270724
452160000,0.001415498336431585,-0.7318290617357394,6.457967751168371,2.7117907165585047,15.15008323781878,-47.74630910905286
452170000,0.0011587207069469374,-0.7313730926084188,6.445295980757161,2.7172095291206144,15.173396162413356,-47.72136403977454
452180000,0.0005029984385157007,-0.7310898903670129,6.437434351804832,2.720582375236354,15.178068517802807,-47.67500742130325
452190000,0.0007716258295115287,-0.7313303544159954,6.444097474898062,2.7177231749462756,15.16842376480963,-47.69645026164789
452200000,0.00035238039266237187,-0.7314365681533518,6.447032599965988,2.7164656102779854,15.15355515639817,-47.672491637908564
452210000,0.0006073171950230557,-0.7320721375994601,6.4647028589030215,2.7089194495822104,15.119090872143461,-47.70084159462104
452220000,0.0006809835018759662,-0.7316104128567943,6.451862730616883,2.7143986759139986,15.14922991012754,-47.696335409364345
452230000,0.0005655007755571819,-0.7311282179340589,6.438495819119218,2.720126484905677,15.17692087562403,-47.67964888864897
452240000,0.0005868845615867844,-0.7307504553362861,6.428059917711377,2.724615305916853,15.200825124527713,-47.673511495943785
452250000,0.0005795579658849462,-0.7312882998218636,6.4429275240950705,2.7182247717492425,15.167249212005698,-47.683682338257185
452260000,0.0002402396341391741,-0.7311479442569493,6.439036640736671,2.719894266283991,15.169270841360834,-47.659828184071394
452270000,0.00031513897867203584,-0.7315750583008257,6.450874322908158,2.714821382333767,15.144218352079864,-47.67290893071529
452280000,0.00039459751862297817,-0.7322764965279513,6.470396764924156,2.706496837884819,15.102219196645375,-47.69164399389325
452290000,0.00029464112789254757,-0.7318381108244689,6.45818299724807,2.7116988593472975,15.127477223872436,-47.67681744554892
452300000,-0.0004976271679197421,-0.7320026434841036,6.462764888089722,2.7097450042961198,15.101666552755493,-47.63088958714692
452310000,-9.573093257766775e-05,-0.731669542121493,6.453496194548081,2.7137003929477204,15.130252431902655,-47.64926046696633
452320000,-5.6017944770241995e-05,-0.7316605518430523,6.453246362843001,2.7138071690424566,15.131593393206325,-47.65154822269409
452330000,-0.00032199953404255487,-0.731704577581415,6.454471306762933,2.713283718737807,15.123616918599051,-47.635909867216476
452340000,-0.0006724036799746005,-0.731354102284083,6.44475280730276,2.71744229369624,15.138440097050315,-47.60725408852115
452350000,-0.0005043042908292209,-0.7308977772673951,6.43212476184684,2.7228651093808196,15.17007517833971,-47.608653843783515
452360000,-0.0005320783617824808,-0.7302942165946563,6.415493327952889,2.7300404675372874,15.206982332185236,-47.59495783159268
452370000,-0.0006642622063913887,-0.7307839985070668,6.4289872507728045,2.7242158252067865,15.173965433942737,-47.59647451919746
452380000,-7.864153985097066e-05,-0.7304154929701976,6.418824076514221,2.7286004192596396,15.208454283785123,-47.62551993729142
452390000,-0.0002051252208073174,-0.7301894634469859,6.412609748762428,2.731288420516818,15.219981720056623,-47.61317679478701
452400000,-0.00010160658806674613,-0.7305448611227277,6.422386007478196,2.7270621131884316,15.199963954894672,-47.62665943026965
452410000,-0.0006838891996846997,-0.730638320087391,6.424969940513001,2.7259472731565433,15.182614482010687,-47.59236803755203
452420000,-0.000885673417304749,-0.7307709742976339,6.428634344936649,2.724367837650203,15.170383510136169,-47.58248211351535
452430000,-0.0008695181085686236,-0.7303700696454435,6.417588383545941,2.7291344920448224,15.195571044676894,-47.57552598310813
452440000,-0.0016187679429809853,-0.7302514034750132,6.414360365428162,2.7305306529537754,15.18802666474317,-47.526713241864115
452450000,-0.0011978675300542358,-0.7301367140942217,6.411187022443498,2.7319045707022953,15.20351414982825,-47.55052034439395
452460000,-0.0011557354123290584,-0.7303403993187371,6.416783148994629,2.729482631961491,15.191722204499115,-47.557184904405354
452470000,-0.0008135871754904258,-0.7303009130236392,6.415684580562333,2.729957738050643,15.200972904201453,-47.57762149927573
452480000,-0.0009684777209262407,-0.7300086414560248,6.407662117922079,2.7334323342540845,15.216024049568333,-47.56219818828519
452490000,-0.001128631675279592,-0.7300255847490064,6.408133327377865,2.7332280029752347,15.21178418903309,-47.55260151281558
452500000,-0.0018758980065448456,-0.729853933526887,6.403468331063032,2.7352522504215324,15.207527931596827,-47.502860235619124
452510000,-0.0015977256503495662,-0.7294623785773745,6.392734972577714,2.7399211970356148,15.237348151168218,-47.51227956666122
452520000,-0.0016953582171355085,-0.7301447188782261,6.4114339335776,2.7317976190453814,15.193111811629773,-47.51984313995487
452530000,-0.001560607017258469,-0.7298107502839734,6.402264721315968,2.735775014629225,15.216494559305227,-47.52153638206846
452540000,-0.0020573668885201313,-0.7297642752722875,6.40102540322424,2.7363134986219833,15.209459096678172,-47.489829655510505
452550000,-0.001574914403658181,-0.7295743222133617,6.395793876544557,2.7385889555208283,15.230864420775868,-47.515930174344454
452560000,-0.0015344194144017418,-0.7295322650344375,6.39464148181513,2.7390907035045444,15.234280529111007,-47.51760050355581
452570000,-0.001731945082723453,-0.7293846551445718,6.390620063356156,2.740843065855155,15.239482736700863,-47.50240605912717
452580000,-0.0018687161455022815,-0.7288722916378332,6.376662766108164,2.746942639199509,15.268501324955,-47.48366863426238
452590000,-0.00242091162892327,-0.729554468331024,6.395314288930846,2.7387977435014776,15.215184639504642,-47.463125324739664
452600000,-0.00272660738793419,-0.7294742983971817,6.393152153096601,2.739739425842942,15.214029054406799,-47.44260074442426
452610000,-0.003079728122657663,-0.7291543818156813,6.384457762784372,2.7435327240065295,15.226743651419513,-47.41434266049186
452620000,-0.0034208910841652946,-0.729333085458207,6.38937481913655,2.7413861485875426,15.208849761482384,-47.39683219504889
452630000,-0.002779943226417879,-0.7292964544161542,6.388300515554284,2.741854854145424,15.223965469361962,-47.4357381009435
452640000,-0.002870570764595218,-0.7292251488771436,6.386364443229881,2.7426999470698976,15.22656089427915,-47.42870113599108
452650000,-0.002504357826261341,-0.7289521836205695,6.378888972854429,2.745967915208708,15.250801516520466,-47.445892755613485
452660000,-0.0019140020055861764,-0.7283068554051315,6.361313870310478,2.753682047703066,15.302643706411958,-47.46950635708694
452670000,-0.0016090024936017547,-0.7283339316781663,6.3620275680138,2.7533679374761415,15.307096496540867,-47.488964495519156
452680000,-0.002378965078913338,-0.7285173819981544,6.367059556455014,2.7511553247921516,15.280247752108878,-47.44492536793529
452690000,-0.0027655380421497257,-0.7287897576592026,6.3744954393959885,2.74789225365594,15.255612911206033,-47.42646263284485
452700000,-0.0032665388109074356,-0.7291764696846408,6.38508220298155,2.7432599323854427,15.221629103619415,-47.40323275729405
452710000,-0.0033008464622903536,-0.7286409941216955,6.370513095706581,2.749638844922233,15.25405418406826,-47.390350639894095
452720000,-0.0029797781057130297,-0.7287792775973864,6.374233443732735,2.7480070919403037,15.251956488598186,-47.41299351158454
452730000,-0.0031938298329298575,-0.7284983890141624,6.366628753461159,2.7513446125597008,15.26502916540739,-47.39409991574584
452740000,-0.0032254663890523287,-0.7282235689232037,6.359183280293483,2.7546201858405284,15.281393901714061,-47.38660574725863
452750000,-0.0034658995921090932,-0.7286090470298843,6.369666265650436,2.750010539527235,15.252707830134517,-47.379500676165925
452760000,-0.0038377095080077274,-0.7287610723257772,6.373847581958595,2.7481762410064645,15.235826555692293,-47.3595786096592
452770000,-0.0036386908854257665,-0.7291369878977163,6.384053754399587,2.7437092474009637,15.21659842192149,-47.379435015945646
452780000,-0.0036267965152429887,-0.7290142424522466,6.3807073957947855,2.7451722529757587,15.224423180526577,-47.377704161981455
452790000,-0.0033119633385643036,-0.7284532774627558,6.365419238090562,2.751876194182774,15.265440791701552,-47.385883939393686
452800000,-0.0034109239316415132,-0.7288723597206289,6.376816589801966,2.746875266481103,15.237532807893285,-47.38819694500407
452810000,-0.0028972855699556433,-0.7283189188936978,6.361728743169547,2.75349944646502,15.282106631041904,-47.40883638707089
452820000,-0.0030749932973653357,-0.7283569011519095,6.362777852022514,2.7530378029093097,15.27617644429076,-47.39860320684337
452830000,-0.0035259860630499503,-0.7284527416496845,6.3654319512341075,2.7518706056830986,15.2611624308978,-47.37263743666131
452840000,-0.003950316385620309,-0.728100149453111,6.355939414633331,2.756049758218583,15.274398405071912,-47.33929404524414
452850000,-0.004882120220515753,-0.7280277920013869,6.354135181203619,2.7568455320579135,15.26002959193102,-47.28028720357037
452860000,-0.005157745853091431,-0.7281897318964571,6.3585682559318,2.7548911123253497,15.244462757270188,-47.26655894455875
452870000,-0.005429448147830109,-0.7278042306678139,6.348199489626157,2.759466796818928,15.262734559573564,-47.24199634783763
452880000,-0.005641234591882433,-0.727444099698157,6.338533177714835,2.763746318498596,15.280641206582587,-47.22162898333506
452890000,-0.005164250096906748,-0.7275827483765553,6.342172897360533,2.762133351962448,15.281773975836263,-47.25386176802131
452900000,-0.005465117519229307,-0.7271942306153417,6.331775162484153,2.766746222655887,15.299629447117848,-47.22741044704183
452910000,-0.005229958973391812,-0.7275157480538013,6.3403801224340075,2.762927595039403,15.284574122532083,-47.24844833279086
452920000,-0.005007428062166854,-0.7277895084828516,6.347720368415296,2.7596786011210304,15.272196272236345,-47.26772988550353
452930000,-0.004801023704543828,-0.7274299403813096,6.3379895786782114,2.7639873811732323,15.29857454863284,-47.27317854013615
452940000,-0.004752556707092568,-0.7282099603860356,6.359041298375896,2.7546827260099627,15.251407490929335,-47.29196710862899
452950000,-0.004601497016248686,-0.7282951659064187,6.361322862451637,2.7536780896626873,15.249200543029648,-47.30301266311806
452960000,-0.004545070513533888,-0.7278147372868414,6.348319535117707,2.759413733647962,15.28000334228365,-47.29678127668259
452970000,-0.004754490768404661,-0.7274972198061543,6.339793121916551,2.76318775071245,15.29536483872223,-47.27741634682394
452980000,-0.004779584866840747,-0.7274021134295541,6.337236684904479,2.7643213270660816,15.300727603766722,-47.27393747133357
452990000,-0.005091918063055913,-0.7268928558284145,6.323611463398728,2.770378884574625,15.325817726887989,-47.24430607136276
453000000,-0.0054388239274780524,-0.7277227206417738,6.346001489519999,2.7604387328885567,15.26757064084724,-47.23976531053712
453010000,-0.005179118684996603,-0.728306688091077,6.361740152302437,2.753494425219087,15.236817326015583,-47.26760582777531
453020000,-0.0059665967349050615,-0.7296588269668977,6.398726829548218,2.737312795431133,15.137633938183548,-47.24634965514562
453030000,-0.005717131792596449,-0.7275578035357642,6.341612036181509,2.7623817776631654,15.272089990809583,-47.219259695076566
453040000,-0.0059379213524509665,-0.7274441720451774,6.338598706280378,2.7637172622761796,15.274607628758844,-47.20334316280283
453050000,-0.006146326478196832,-0.7265731943848249,6.315267303475738,2.7741018023093544,15.324037519718699,-47.17275545491412
453060000,-0.005245218969284346,-0.7261295678994831,6.303228533514064,2.779490963081016,15.369808843892763,-47.21927560934566
453070000,-0.004919403068165461,-0.7261101761118931,6.3026506251085435,2.779750195270774,15.377663159848293,-47.23899883497563
453080000,-0.004774546591667895,-0.7262529872978284,6.306434687837679,2.778053664677622,15.371798995794505,-47.250862859509695
453090000,-0.005385678230727007,-0.7260706398161025,6.301684795002166,2.7801835462481748,15.370575285588465,-47.20940078068372
453100000,-0.00546569641413814,-0.7263651460056307,6.309559735962204,2.7766541676463707,15.35076532509405,-47.210480045447504
453110000,-0.005642683711433786,-0.7261058320266817,6.302675059608857,2.7797392337073696,15.363148336037352,-47.19426091906067
453120000,-0.006407315050690815,-0.7260254745060044,6.300702152401749,2.780624580563804,15.352453749345017,-47.14547036167963
453130000,-0.007198401342558267,-0.7255640577452009,6.288623493800758,2.7860573328372835,15.364640609470468,-47.087280728848185
453140000,-0.007171173911661241,-0.725615269652122,6.289976808922474,2.7854475724652157,15.362047667150472,-47.09000919755683
453150000,-0.006887341048169241,-0.7264753691523619,6.312828593550934,2.7751917889967843,15.314919584012422,-47.125113586746615
453160000,-0.006978255883197235,-0.7262499849855075,6.3068305064080095,2.7778763257089727,15.326933287051963,-47.114904459638986
453170000,-0.006768871714804957,-0.7259604807666882,6.2990579377621225,2.7813628604854275,15.349048854689643,-47.12186506461159
453180000,-0.00679683895641568,-0.7260175689608885,6.300585873657563,2.780676778679392,15.344959804075069,-47.12131288570256
453190000,-0.006254012387030169,-0.7257571194031287,6.293522165797448,2.7838514240142906,15.372135065614055,-47.14941938159852
453200000,-0.00608814834129231,-0.7253344101413207,6.282259362402377,2.7889284203028204,15.401603379861964,-47.150971302105546
453210000,-0.006514088406050088,-0.7257767278240036,6.294104576986417,2.7835893941812446,15.365593033811942,-47.13379253288388
453220000,-0.0056678020432790535,-0.7251904051393353,6.278352869222492,2.7906937371930054,15.419123069044531,-47.17394776476975
453230000,-0.006827163497357463,-0.725581495369546,6.2889913671028,2.785891554284911,15.37119455881597,-47.110498029589266
453240000,-0.007540013936577084,-0.7254061877308905,6.284524835206929,2.7879057005648313,15.367330536752343,-47.06301029330178
453250000,-0.007522349099407349,-0.7253255059841456,6.282380056042151,2.788873915564026,15.372658470191249,-47.06243650555671
453260000,-0.007454390726309301,-0.7252542522976881,6.280472651719252,2.789735542736093,15.378442404582753,-47.06515133488005
453270000,-0.007551923650966732,-0.7250979795590149,6.276360300733806,2.791595033261528,15.38604987262896,-47.0559298643276
453280000,-0.007081853851541907,-0.7256191081446719,6.2900554920188085,2.7854121286669384,15.363646503690326,-47.09558681819234
453290000,-0.0068917595971489,-0.7254770477967326,6.286234139137345,2.787134556981913,15.376300469994908,-47.10437344309988
453300000,-0.006926311646167386,-0.7256177157968814,6.2899786029068165,2.7854467643320895,15.366927348692215,-47.10513566169088
453310000,-0.007050810111169201,-0.7254575575956933,6.285757402800966,2.7873495908324815,15.374231309998454,-47.09417806894168
453320000,-0.007268849461102582,-0.7260837289483821,6.3024712308995054,2.779830675993143,15.331211121453286,-47.09361300427135
453330000,-0.007401520982781369,-0.7249484921713544,6.272364313374147,2.793404304037395,15.398350885935496,-47.06210470974904
453340000,-0.007632211832662069,-0.7257076633451471,6.292557617804484,2.7842854886365416,15.346888100110842,-47.06353857401669
453350000,-0.00844655054082264,-0.7265514156649356,6.315302649371097,2.774086010732919,15.278322249818924,-47.030809334815494
453360000,-0.008740821744396388,-0.7272269196729314,6.333514035489793,2.7659737041349493,15.230839861336142,-47.02657185817538
453370000,-0.008675795465842755,-0.7266583246333183,6.318236438482021,2.772775906024922,15.26706158207619,-47.018927029043724
453380000,-0.009047812261490627,-0.7254188496376316,6.285318210623421,2.7875477198562426,15.335488350455439,-46.97061350688295
453390000,-0.008624374189950573,-0.7246628575075285,6.2651761389963605,2.796664869009005,15.390660125501517,-46.98100088936128
453400000,-0.008465644560983771,-0.7248049614259763,6.268878696237606,2.7949844261618577,15.385210273738391,-46.9936929095064
453410000,-0.007987485249378692,-0.7248145847038765,6.268989546900944,2.7949341468763462,15.394497596921212,-47.02328779995169
453420000,-0.008558111227785136,-0.7244515457254057,6.259583293523223,2.799207106272512,15.405016435683665,-46.980699205665395
453430000,-0.00840277416081883,-0.724467018168263,6.259943082390466,2.7990434233470234,15.407281419152088,-46.99056701391876
453440000,-0.00804289935039853,-0.7236854301967413,6.2392981007332065,2.808467023869115,15.46281092461687,-46.996494411496066
453450000,-0.007983082561556408,-0.7239001246288987,6.244910544667404,2.8058988408185614,15.450842266421729,-47.00463102349303
453460000,-0.008051066522034486,-0.7238137957226987,6.2426654918978945,2.806925579706807,15.454743283730666,-46.99865687133452
453470000,-0.00797540981095999,-0.7231475831095735,6.225213249677188,2.814933004837563,15.497314454322927,-46.989464412325546
453480000,-0.008311810698943907,-0.723191878956082,6.226468471049077,2.8143555472933275,15.487584184835793,-46.969685916995076
453490000,-0.008509738096706429,-0.7236453814079753,6.238388751014446,2.808883577227288,15.45557507998795,-46.96694816594249
453500000,-0.008657291236476823,-0.7234835961323722,6.234199017035386,2.8108044145878806,15.462453174486704,-46.95451214779452
453510000,-0.008789879451828067,-0.7241649998633226,6.252113955335995,2.8026095858584963,15.41782098653232,-46.960519024549974
453520000,-0.009056961536331126,-0.7234731802083374,6.234054511623371,2.8108707122271164,15.45477508079758,-46.92973349633944
453530000,-0.009256532768479448,-0.7238381116311959,6.243681323973164,2.8064609113237178,15.42820910400235,-46.92506789660404
453540000,-0.009174660682126943,-0.7239975769399042,6.247839674893784,2.8045603886431714,15.42011823307219,-46.933408981802785
453550000,-0.009402719849531135,-0.7236047471189601,6.237613931080056,2.8092386037718415,15.439496756023406,-46.91123727979749
453560000,-0.009442867302244733,-0.7240621776197905,6.249627314561249,2.8037441678761974,15.410581168887418,-46.91828470401176
453570000,-0.009031594717934082,-0.7240440158029202,6.2490122702511925,2.8040249376934434,15.420237130335654,-46.943159614212675
453580000,-0.009378840084245669,-0.7229087692724467,6.219424452977999,2.8175992044312723,15.482733769905755,-46.89819183672098
453590000,-0.009081498339455941,-0.723132967952824,6.225172263729283,2.8149518642228215,15.475166268242653,-46.921137082261
453600000,-0.009233257018953915,-0.723648605026872,6.238705557312494,2.8087384409951506,15.440330510658418,-46.922555868217934
453610000,-0.009044872068872488,-0.72329370852674,6.229357957522715,2.813027163114668,15.466053412104518,-46.926738211319865
453620000,-0.009174780380974627,-0.7235969197678557,6.23733231794531,2.809367662814215,15.44472165448203,-46.92507177633851
453630000,-0.009422328335312345,-0.7228214182943027,6.217163720171226,2.8186418349466535,15.48719033888035,-46.89369600028742
453640000,-0.009169866916274102,-0.7227274147715692,6.214632050008995,2.8198103437424504,15.498240776112995,-46.907241070182764
453650000,-0.009438151182404271,-0.7226097721256012,6.211661708750187,2.821182570677701,15.499859088560324,-46.888299391897014
453660000,-0.010374408276199823,-0.7227314830570015,6.215161790498881,2.8195657577319606,15.47279771529963,-46.83338355075812
453670000,-0.010556576736332748,-0.7231438252813288,6.2259784642307086,2.8145809437388607,15.443706497873025,-46.830838912850105
453680000,-0.010827899512611216,-0.7228489064258914,6.218392464520135,2.8180750520845854,15.456105990867034,-46.80804186074521
453690000,-0.01033496134869619,-0.7230906149751091,6.224506157546611,2.815258403869427,15.451599750954552,-46.84331367870812
453700000,-0.010715881452015253,-0.7231688846673985,6.226693863914436,2.8142518818800926,15.438841420161149,-46.82159925671598
453710000,-0.010993683649031877,-0.7228329234293923,6.2180413170539,2.818237002396331,15.453614009974089,-46.79754970682196
453720000,-0.01088369056319176,-0.7235258776974078,6.236092447562552,2.809936018958275,15.413465525295647,-46.818774008561476
453730000,-0.010840346805903936,-0.7234401823827632,6.233832823733861,2.8109724265483065,15.41961950103572,-46.81964032479182
453740000,-0.011154881328816724,-0.7229700648881731,6.221679595167113,2.816559927186985,15.441838888777317,-46.79054750311312
453750000,-0.01083093456470546,-0.7228594689918731,6.218668810941893,2.817947613450849,15.455395209475899,-46.808077004638015
453760000,-0.011075660484888101,-0.7221064145567619,6.199199848350412,2.8269543673583386,15.496406051593553,-46.777285606487915
453770000,-0.011262368496344998,-0.7224209587832066,6.207434267462142,2.8231378727519454,15.473215236301275,-46.77245430971356
453780000,-0.011389642507892173,-0.7222068781121874,6.201930549407519,2.8256875869126583,15.483653143338039,-46.76016316200554
453790000,-0.011488287436321555,-0.7220517226884944,6.197949989043974,2.8275345631836375,15.491080510044835,-46.7508601833274
453800000,-0.011524465485780656,-0.721996652406752,6.196538771521851,2.8281899517810682,15.493691598069413,-46.74748629521018
453810000,-0.010811956466835197,-0.7222329870809486,6.20237735795213,2.8254804201059898,15.494188376061816,-46.796105848039055
453820000,-0.011652377647164423,-0.7222357679480146,6.202788462782137,2.8252898347155697,15.476362027543235,-46.74468390158629
453830000,-0.010843900645022119,-0.7221914947607636,6.201313865338547,2.825973568381179,15.496060923696543,-46.79327649822466
453840000,-0.01100811558017182,-0.7220216930548295,6.196978533536944,2.8279856874525153,15.503017529924016,-46.77964389041099
453850000,-0.01057602218143406,-0.7220854710882652,6.198463156705901,2.827296317114221,15.508187411764496,-46.80747348948068
453860000,-0.010733339593052447,-0.7221714620200216,6.200751707035978,2.826234314920453,15.499610803921737,-46.799633338557484
453870000,-0.011051316428367201,-0.7221948441730627,6.201482225330079,2.8258954872149595,15.491499060341225,-46.78063535452054
453880000,-0.011560816769359113,-0.7219106647322675,6.194328125136591,2.8292172223575567,15.49819181985718,-46.74345072641896
453890000,-0.011951043834327768,-0.7213608523263503,6.1802932466981595,2.8357567273172224,15.523624320164203,-46.707968508053085
453900000,-0.012218117092553469,-0.7216564380998901,6.188035513546413,2.8321454769843446,15.499899968684463,-46.69786453049415
453910000,-0.012047080850773113,-0.7215980941640103,6.186454543704018,2.832882139686233,15.507077810822267,-46.707098312862804
453920000,-0.012055951964690979,-0.7220181911286087,6.197321243931598,2.827826523106065,15.481186685726835,-46.71540923404667
453930000,-0.011936819945012734,-0.7219323490451742,6.195047634264148,2.828882789303029,15.488947663179998,-46.72089095991691
453940000,-0.011951107537027258,-0.7215568519274412,6.185348675296977,2.8333976557683833,15.511626504061567,-46.71210163499659
453950000,-0.011808713031688936,-0.7210390709481984,6.171948672391883,2.839659331741507,15.54633182204535,-46.70988260164324
453960000,-0.012051787910995088,-0.7204431749236292,6.156760961188432,2.846790228934303,15.577670485462924,-46.68237899778053
453970000,-0.011670903718974671,-0.7202674330827451,6.152103331707096,2.848984313234468,15.596514821783115,-46.701979048894735
453980000,-0.012250445220974952,-0.7205975015546441,6.160800709543112,2.8448899711489477,15.56401056341169,-46.673491157203784
453990000,-0.011681818673842182,-0.7212662113222107,6.177741119388393,2.8369491612123277,15.535104116179848,-46.722453030187886
454000000,-0.011789670415023674,-0.7211216120469278,6.174063826085583,2.8386690881648264,15.541680159663017,-46.71279361214808
454010000,-0.01167990378092473,-0.7208527714463551,6.167107290479415,2.8419285290648366,15.560465892533676,-46.713830490578744
454020000,-0.011331505630153981,-0.7211214676977621,6.173871127555011,2.8387592742650396,15.551369799110313,-46.74085572927865
454030000,-0.011520903706174214,-0.7209168493150753,6.168687477195611,2.841187479842306,15.55990411794219,-46.7249261433299
454040000,-0.011364577853893758,-0.7203884923217686,6.155075159361593,2.847583971125357,15.595592380493482,-46.72331910042786
454050000,-0.011971689488931039,-0.7205106368138356,6.158454600581926,2.845993245950076,15.575238503043112,-46.68871406561571
454060000,-0.012192140121499804,-0.7204570139185014,6.1571758149888955,2.846594967799951,15.573845949526762,-46.67408031668471
454070000,-0.012270785644901397,-0.7203846818094717,6.155358126121113,2.847450707993428,15.57660452484674,-46.667731653127966
454080000,-0.01203203858228914,-0.7200194844533652,6.1459199199828065,2.8519024302894174,15.604033925951208,-46.674592191365356
454090000,-0.012590729050589977,-0.7200318449470735,6.1464793737653025,2.8516381609724206,15.591398839614648,-46.64065605600416
454100000,-0.012816338835384019,-0.7205248103503955,6.159189982930451,2.8456473341670394,15.556452469739614,-46.63733065100277
454110000,-0.012828034250905215,-0.7207368338818538,6.164632115999726,2.8430900787321347,15.543240403067486,-46.64111376557885
454120000,-0.013331939613386117,-0.7206657069619548,6.163041913890273,2.8438368342023965,15.53689647435071,-46.60880801586103
454130000,-0.013486087696078976,-0.7200089407263969,6.146308551120404,2.851718847265175,15.573743298516442,-46.58542630729014
454140000,-0.013502062118931802,-0.7199679774916979,6.14527053862932,2.85220924069616,15.575905718270283,-46.5835778503123
454150000,-0.013339473769562894,-0.7201739388497684,6.15045370668601,2.8497622258624498,15.566782758543084,-46.59789677517777
454160000,-0.013044832913604539,-0.7205153419131678,6.159052446070524,2.8457120227979917,15.552180431383594,-46.62316035987327
454170000,-0.013028942605488536,-0.7204436226050318,6.157207975008627,2.8465798320251907,15.55690186895789,-46.62260857795427
454180000,-0.012634070050960051,-0.7198624330618819,6.142175900199878,2.8536722666658596,15.600842068651813,-46.63439951222603
454190000,-0.012840983334443737,-0.7199366257663595,6.144161826950296,2.852733222886616,15.591899003033125,-46.623321155892285
454200000,-0.012272699881436342,-0.71922982171395,6.125920934496219,2.861381925485987,15.647267797819454,-46.64303672297374
454210000,-0.013314589363936745,-0.7195744518824642,6.135151792287503,2.8569986208375795,15.60395084689906,-46.586644924962116
454220000,-0.013910381802624786,-0.719494680861501,6.133408860913403,2.8578252197937273,15.596105477601139,-46.5485409987167
454230000,-0.014251090513110092,-0.7195268090834903,6.134395881996511,2.8573570580007353,15.586865087915694,-46.52842693087286
454240000,-0.01406334471269276,-0.7193833420972767,6.130653342891981,2.8591330310577883,15.599635444572035,-46.53682162217348
454250000,-0.013671641694096692,-0.7190530248615087,6.12207556994654,2.863211917056618,15.628188776508795,-46.553682390743745
454260000,-0.014271173187875725,-0.7190112172095718,6.121310923689761,2.8635760903084972,15.617906908373204,-46.51617078758732
454270000,-0.014350222241897668,-0.7188296244423443,6.116750086765585,2.865750194430254,15.627298149111963,-46.50745378398692
454280000,-0.014190410171837196,-0.7184265866587323,6.1064800349788255,2.8706580399084345,15.655335629496637,-46.50856308554606
454290000,-0.014184677368632822,-0.7185420571117304,6.1093935505358665,2.869264008372202,15.648407007687958,-46.51139232333976
454300000,-0.014082600289327655,-0.7189947617872554,6.120799527390793,2.8638197019684046,15.622950395901388,-46.52733177180669
454310000,-0.01468022901666094,-0.7191267296766082,6.124449471752588,2.862081909076151,15.602096073614089,-46.493682896598685
454320000,-0.014550319887905835,-0.7191299349147583,6.124463808334449,2.8620750874117333,15.604682883471977,-46.501677055611324
454330000,-0.014341451009113436,-0.7191091109884348,6.123829017044015,2.862377166663293,15.610426332050752,-46.51397742276561
454340000,-0.014790212689939564,-0.7192001643577418,6.126370468488059,2.8611681483786326,15.595261327382165,-46.48854722661435
454350000,-0.01468929654286175,-0.7193356747499522,6.129759813623533,2.8595573731586263,15.589156666308165,-46.49760318512055
454360000,-0.014023569209680856,-0.718560511160524,6.109779945669086,2.869079232263714,15.650737423261395,-46.52162816855528
454370000,-0.014754358389264534,-0.7185763079387156,6.110548988725767,2.8687115434347206,15.634085055285185,-46.47735496186997
454380000,-0.014307981541561762,-0.7187847114763115,6.115591802439369,2.8663028671998076,15.63094561234189,-46.50906939940279
454390000,-0.01435424468198001,-0.7182723704607843,6.102670906884634,2.8724826587862218,15.661232675331535,-46.495245116141746
454400000,-0.014956590432921725,-0.718413016554882,6.106529826191018,2.8706342047970996,15.639700636968449,-46.4615095708179
454410000,-0.0149808853814051,-0.7184464141953734,6.107385862238827,2.870224481795336,15.637141340139795,-46.46074572738184
454420000,-0.015747210475886297,-0.7185499280596959,6.11041484599152,2.8687756718584017,15.614354486744253,-46.41626303265417
454430000,-0.015514406776250673,-0.7181780469224586,6.100901012495317,2.8733312564887297,15.642023234991349,-46.42244337290994
454440000,-0.015551875499941664,-0.7178669638905921,6.093089043574124,2.8770828544265985,15.660175441625512,-46.413454526485225
454450000,-0.015019931355973074,-0.7175832777715349,6.085677087652574,2.8806515024710104,15.688952744200952,-46.439771838363896
454460000,-0.014563491862779485,-0.7173505562730101,6.07960525506121,2.8835815827348545,15.713011645902881,-46.46260765012707
454470000,-0.015349707026902143,-0.717806333952927,6.091455128506579,2.877868771638002,15.668232431091372,-46.42447114753684
454480000,-0.015380760535718525,-0.7177128137159031,6.089121639359531,2.878991937300924,15.673264539851072,-46.420559962094416
454490000,-0.015648960507329862,-0.7175777833985699,6.085876563607064,2.8805553434382003,15.675705148284402,-46.401294892187174
454500000,-0.015933781358621214,-0.7176859573566804,6.088750064006767,2.879170867307954,15.662961434271232,-46.38627655122203
454510000,-0.01612547918358269,-0.7170779434624217,6.073617380846665,2.886477044452846,15.69585240294485,-46.361446199503604
454520000,-0.01601525987733844,-0.7173321078142687,6.079918313608661,2.8834303632071823,15.682755856928834,-46.3736634345325
454530000,-0.01597466090988856,-0.7169981648099725,6.071538150148297,2.887483838292826,15.703980672869074,-46.36890601283942
454540000,-0.01608126208414854,-0.7172432341525042,6.077729141834993,2.8844881543340417,15.686741319244916,-46.367719337838125
454550000,-0.01598208286029193,-0.717150540421376,6.075353292969052,2.885637033023169,15.69453566494734,-46.371754531548035
454560000,-0.016004667081408522,-0.7174575687965445,6.083057379925729,2.8819149557538366,15.675342182904046,-46.377022526661285
454570000,-0.015840176494643372,-0.7167857093152902,6.06615686677502,2.8900928283062646,15.719843538345328,-46.37249614331545
454580000,-0.016478311116401433,-0.716862316833814,6.0684286830606515,2.8889908109187252,15.701334290738407,-46.33528350152681
454590000,-0.017054079518068376,-0.7167629716926285,6.0662845737239275,2.8900308574458373,15.69488030558429,-46.298086386059865
454600000,-0.017048835865047664,-0.7172596054361663,6.078698779771991,2.884019536056947,15.664786682825671,-46.309181355203975
454610000,-0.016780485661170855,-0.7167972171907171,6.066978214029444,2.8896943095522003,15.698738449463098,-46.31547670084706
454620000,-0.017094904312610938,-0.7171969732804052,6.0771578394253245,2.8847643321878857,15.667597107580262,-46.30502196841033
454630000,-0.017363426863932833,-0.7169657435577279,6.071534801427644,2.887485460363916,15.67583105051614,-46.28367778862834
454640000,-0.017038075413487803,-0.7169739842905444,6.071545681231746,2.887480190353357,15.68239214525617,-46.30364145902039
454650000,-0.017128103851037826,-0.716233179540869,6.053130049782841,2.8964283220679454,15.72549992306827,-46.28205985910561
454660000,-0.01690404192406116,-0.7164998015115647,6.059633601183329,2.893261868829759,15.714153070222585,-46.30149521505309
454670000,-0.017355836126762742,-0.715876545614638,6.044409102145976,2.9006853780208273,15.742230226848289,-46.26043219546075
454680000,-0.016819735538003453,-0.7165545221212093,6.060947637681366,2.8926229382145157,15.712655883593943,-46.30781552353561
454690000,-0.017394915682459013,-0.7157575442857773,6.041482074751966,2.902117013660434,15.748615503241219,-46.2554577847701
454700000,-0.0170443163087647,-0.7156759965898685,6.039252640118935,2.903208407632537,15.761231556602382,-46.275009039980134
454710000,-0.017056729261881023,-0.7158314610353014,6.043112702680941,2.901319282841806,15.751499204697012,-46.277646454508115
454720000,-0.01712914293408672,-0.7162603174495357,6.053805549371181,2.896099108896914,15.723826284453375,-46.28258761980173
454730000,-0.017574088295268762,-0.7160083260635949,6.047811551018728,2.8990230000823574,15.729454815850206,-46.250034721907554
454740000,-0.018169675867497716,-0.7161701649153066,6.0522014892058165,2.8968809909836137,15.70662864420562,-46.21737239626204
454750000,-0.018449334702332267,-0.7162129093697276,6.0534420038665715,2.896276277957714,15.697932432093562,-46.20132364318168
454760000,-0.018082334100024144,-0.7153504432356231,6.0318282326305965,2.906848921810637,15.758336534184652,-46.20476518507653
454770000,-0.017730541266159264,-0.7160365266721818,6.048607578221406,2.8986343524467335,15.72432763841294,-46.24113885933404
454780000,-0.018085492668791496,-0.7157727345039604,6.0422828288134465,2.9017252158835873,15.732608598605324,-46.213809489974416
454790000,-0.01793330703796893,-0.7159183334501593,6.045798929852694,2.900006099722611,15.727085824858513,-46.226236454716116
454800000,-0.018391079892840497,-0.7155645509757476,6.0373187524579155,2.9041557912593867,15.73857249195562,-46.19069533871273
454810000,-0.018353534569138,-0.7153686408994593,6.032448746901525,2.9065443034489653,15.75129287682616,-46.1886873526475
454820000,-0.018445690595524162,-0.715367996690827,6.032491415182033,2.9065233594142335,15.749313816342754,-46.18307617472512
454830000,-0.018353821161205618,-0.7151267017007705,6.026473386766638,2.909480364090186,15.765982614938949,-46.18336893743191
454840000,-0.01861638038194169,-0.7152391072447787,6.029415965599264,2.9080337469306095,15.753400644286753,-46.169887389297344
454850000,-0.018455093517034626,-0.7147303228028861,6.016769506861992,2.9142612528003333,15.787838830363773,-46.16851894898366
454860000,-0.01853387591228616,-0.714405215988864,6.008828038136304,2.9181856565885167,15.80585626809461,-46.156586513563184
454870000,-0.01869877920424557,-0.7151049773418212,6.026157835681779,2.9096355801203333,15.759737534898491,-46.16194362835231
454880000,-0.01791141252632852,-0.714696282923109,6.015591599498851,2.914842661501415,15.80184647696113,-46.20081326118819
454890000,-0.01798012762229708,-0.7146805531864211,6.015247089367691,2.915012754099282,15.80129415745998,-46.19629011685815
454900000,-0.018793295213214163,-0.7147819856681596,6.018258069474571,2.9135268411336406,15.777272096848264,-46.14911521515303
454910000,-0.018990333538029387,-0.7144140464668631,6.009339231028994,2.9179327212063693,15.795275443713841,-46.12906268201726
454920000,-0.018865267833721982,-0.7140442482053935,6.00018874141594,2.9224670373323463,15.820481875750914,-46.128509805240945
454930000,-0.01884885971555744,-0.7140750909865095,6.00093363323104,2.922097391422456,15.81897065309197,-46.130186052194674
454940000,-0.018991904478377966,-0.7138658912131214,5.9959051498665294,2.9245945650766263,15.828518675952703,-46.11688664583078
454950000,-0.018039052128237962,-0.7113084534535705,5.933301937034429,2.9560483370191086,16.005142880902156,-46.118089482369264
454960000,-0.013982434274905496,-0.7067208896714946,5.822659893979912,3.013341739937443,16.376840482100153,-46.263029982997445
454970000,-0.02520723198021254,-0.6922290202558615,5.508040207626344,3.189248930083985,16.996898444357058,-45.23690032964366
454980000,-0.018156734537645065,-0.7050562132023731,5.786331456337356,3.0326459411672073,16.3835997134096,-45.96951318495472
454990000,-0.00221150097024204,-0.713539703054311,5.981853851102415,2.9315954161972577,16.215214328915838,-47.14292773949622
455000000,-0.013484278191305958,-0.7155160164287088,6.033413815953293,2.9060706667782914,15.848570882609643,-46.48883869173817
455010000,-0.008245609719200672,-0.7217819775455935,6.189824020522619,2.831312576878035,15.575737548871631,-46.94430114128373
455020000,-0.01818888165736625,-0.713744474336275,5.992425035605096,2.9263253339288777,15.853611632665517,-46.162998108359865
455030000,-0.020866478824340392,-0.716111662957408,6.052574324511537,2.8966992183685196,15.65124104650832,-46.052662494291084
455040000,-0.01966203725630371,-0.7156238713287837,6.03962435371272,2.9030263819875133,15.707147237970196,-46.114890387536526
455050000,-0.019995819721673035,-0.7146675981085139,6.016245898278209,2.9145196742576855,15.75776519470644,-46.073663440609025
455060000,-0.019496685593200783,-0.714694533628938,6.016569331792574,2.9143600416187976,15.767115820981815,-46.1045129758786
455070000,-0.018715858899136174,-0.7141014224471951,6.0014930470235495,2.9218198493794088,15.820302626855504,-46.13884364432586
455080000,-0.018913867085195036,-0.713654201700405,5.990679862978333,2.9271940411788258,15.843095815819217,-46.11695207990805
455090000,-0.018913664642970035,-0.7131600139741148,5.978629402265931,2.9332067256551015,15.873115433623413,-46.1060377864523
455100000,-0.019693601954840975,-0.713386078229894,5.9846511863441005,2.93019898930733,15.842129931669396,-46.063698707346546
455110000,-0.019739359912633914,-0.7133260871953767,5.983219534387977,2.930913500683892,15.84475588032147,-46.0595951483804
455120000,-0.019807119247955824,-0.713284990644202,5.982263787110394,2.9313906925467497,15.845748078038863,-46.05457533620622
455130000,-0.01993516300753206,-0.7131250552515042,5.978455719949699,2.9332935682814556,15.852610515598466,-46.043266489524036
455140000,-0.019994697369301775,-0.7135171110964076,5.988052051707764,2.92850308852944,15.82752041881877,-46.048339585504365
455150000,-0.020222300511420373,-0.7130790345129231,5.977532492264272,2.933755277077614,15.84903423873837,-46.02483766040983
455160000,-0.020262265237776175,-0.7131238290027618,5.978650268356386,2.933196292782755,15.845432916832017,-46.023408729178534
455170000,-0.019658792755094766,-0.7130004609773545,5.9752378145457925,2.9349034877611087,15.866294706251889,-46.05726819805647
455180000,-0.019817626162234498,-0.7123976696710866,5.9607166127540605,2.942190696888542,15.899340923585399,-46.03424740116658
455190000,-0.020607432762893764,-0.7126066873923422,5.96632528355884,2.939371758330671,15.869106257901805,-45.99100898654964
455200000,-0.020562312509716515,-0.7133651651248213,5.984738908617196,2.9301552201550174,15.824159250271396,-46.01057834214834
455210000,-0.020745964473932857,-0.7130415990957268,5.976987669506904,2.9340278133406983,15.839683886173402,-45.99227928993015
455220000,-0.020438936022387215,-0.7125497562900904,5.96482704745538,2.9401242433788255,15.876302850431987,-45.99995343605518
455230000,-0.020639555308405225,-0.7122810485249993,5.958458463202828,2.9433271930105316,15.888122050590948,-45.981816416430185
455240000,-0.02032872609460001,-0.7121881224900184,5.955994182015599,2.944568444279516,15.900676374784938,-45.99858631621916
455250000,-0.02034567049629646,-0.7121247383511834,5.954473393411804,2.9453349886132933,15.904141734367965,-45.99614723314146
455260000,-0.020321924324302007,-0.7123424683674208,5.959724046277421,2.9426901330146076,15.891470570713407,-46.0024347921221
455270000,-0.020711075420046618,-0.7123169963121584,5.959378754894095,2.942863915658989,15.884351376196605,-45.97828357741114
455280000,-0.020133208786854918,-0.7126805253732936,5.967787743186331,2.938637616854345,15.87517085018632,-46.02139305551762
455290000,-0.020405215964390204,-0.7122227964727219,5.956885716220473,2.944119259092281,15.896870956701026,-45.99472148643109
455300000,-0.020785748420685424,-0.7119973616600997,5.951702750973632,2.946732550437667,15.902052538182579,-45.96663659124068
455310000,-0.020894747712569384,-0.7123366114095484,5.959983455269883,2.9425595879837645,15.87907300359824,-45.96759433950769
455320000,-0.021028928025299928,-0.7127350990960976,5.969740151585622,2.9376581023678385,15.85195715408424,-45.96833637090173
455330000,-0.02065115787892726,-0.7128450449917815,5.972142121782332,2.9364539487361285,15.853694225203725,-45.993657343608234
455340000,-0.020979705444166816,-0.7116863026875151,5.94433508330732,2.950455457245402,15.916567521634967,-45.94794389660839
455350000,-0.021992804474160632,-0.7119514622425868,5.9514700090297215,2.946850010621658,15.87788961566937,-45.892553877092745
455360000,-0.021190442179392435,-0.711414196824244,5.937933385862473,2.9536979759236273,15.928337465122924,-45.929097363671566
455370000,-0.021472757948185775,-0.7116386590312169,5.943541335716775,2.950857107311578,15.908434297518152,-45.917024646399874
455380000,-0.020899219256196987,-0.7115530369696531,5.9410676428471465,2.9521095473528685,15.926439150554542,-45.949842167917176
455390000,-0.021181493466841707,-0.7115418498176208,5.940999251775074,2.95214418925922,15.92080701137732,-45.932494137849204
455400000,-0.02039719649027968,-0.7114793247323319,5.938942570503959,2.953186336944063,15.942125320245523,-45.97862377085629
455410000,-0.021067517198946863,-0.7114453818222827,5.93859583553324,2.9533621053341994,15.92919822394492,-45.93724000969505
455420000,-0.02162310127918962,-0.7110548613162359,5.929612269244564,2.9579234688792226,15.940403805611247,-45.89485557288913
455430000,-0.021935137450178704,-0.71103059572449,5.929259317742974,2.9581029687943756,15.934875276273127,-45.87542978870712
455440000,-0.022379018418200423,-0.710827276987607,5.924715490885443,2.960415780598147,15.93720854127506,-45.84402218276602
455450000,-0.022383935884037427,-0.7102050399747338,5.909839966673788,2.968013047164608,15.9747210708822,-45.82972968462441
455460000,-0.022669628175602478,-0.7097862886572073,5.900078264656398,2.9730200018776554,15.993598370376368,-45.80301396650125
455470000,-0.02239678047005122,-0.7103206316138939,5.912608880079222,2.966595919663412,15.96744202509105,-45.83155579155133
455480000,-0.02232774940426445,-0.7104526630113128,5.915711322396569,2.965009714654374,15.96101163145266,-45.838701332125105
455490000,-0.022344889636733742,-0.7107670683285157,5.923247232561852,2.9611639061546198,15.941615332666805,-45.84473310909797
455500000,-0.022455021196098855,-0.7105179459922215,5.9173679618064,2.964163415543408,15.954201368921815,-45.832474499840124
455510000,-0.022146546995525353,-0.7113717970452084,5.937613991947327,2.9538599403476056,15.909500586153591,-45.87029131208281
455520000,-0.022627000646995417,-0.7111429299251414,5.93247652292182,2.956467613566312,15.912563817360022,-45.83611983870903
455530000,-0.022724297816940717,-0.7108367762713788,5.925205669363311,2.960166103632277,15.928877923055557,-45.823367202724356
455540000,-0.022619579145716367,-0.710616395128477,5.9198478711512745,2.9628974578154543,15.94454937340301,-45.824741584985915
455550000,-0.022647738088860322,-0.7102232327814634,5.910473678659067,2.9676885932948993,15.96767889006026,-45.81419037599927
455560000,-0.022992554671450144,-0.7100258382149577,5.906030159675521,2.9699651391204007,15.971834561119291,-45.78890327103228
455570000,-0.023125229391630683,-0.7100885419498387,5.907627704586143,2.96914626382288,15.96505425046969,-45.78230293491109
455580000,-0.023376855961583762,-0.7098334604592755,5.901746827723019,2.97216295720116,15.974779810268261,-45.76134977349873
455590000,-0.023159407781597856,-0.7102701602371181,5.91198770101142,2.9669137196793316,15.953314569828219,-45.7843332636202
455600000,-0.02291556877181684,-0.7103307157847667,5.9132448892143685,2.9662706036863353,15.955150509733672,-45.80042644919605
455610000,-0.022970092958858015,-0.7100906808653642,5.907558640094951,2.9691816557176614,15.968423616974556,-45.79172271429853
455620000,-0.023335893615269884,-0.7101414793354782,5.909054616365152,2.968415237669644,15.957106130408805,-45.77077498441098
455630000,-0.02343871111636881,-0.709698549124721,5.898585391259839,2.9737872280348574,15.98152831618089,-45.75456684059401
455640000,-0.023719016609187526,-0.709766837971678,5.900431406207717,2.9728385717828316,15.971070943780868,-45.73918981837965
455650000,-0.024146470515422916,-0.7099233634610685,5.904501164786987,2.970749304057072,15.951968524145094,-45.716940564151976
455660000,-0.02319765110988576,-0.7099542109579506,5.904482350696907,2.9707589557122405,15.971533738809528,-45.77489806628996
455670000,-0.022841187175233563,-0.7093283610137028,5.88933032687312,2.978552582206095,16.017403892303335,-45.782294933421156
455680000,-0.02287035859158662,-0.7090853609845614,5.883593659031083,2.9815140938023577,16.03143298482256,-45.775031118157486
455690000,-0.023060778809253397,-0.7090750780529412,5.883496204191315,2.9815644555015886,16.02774131953823,-45.76328875035505
455700000,-0.023206235856604144,-0.7090809406714504,5.883747399473509,2.981434648907164,16.024091681188548,-45.75463224877793
455710000,-0.024189018933201443,-0.7089481454951932,5.88138148495055,2.9826577014112443,16.009822953487486,-45.692289901804905
455720000,-0.023855826776781094,-0.7089380091299208,5.8808745037097605,2.9829199157045,16.017995183732456,-45.71216459220075
455730000,-0.023408419650558485,-0.7088281628932394,5.877923903352013,2.9844469115655303,16.03477833729375,-45.736687051947946
455740000,-0.02300057728591846,-0.7089272908575387,5.879952305704557,2.9833970024371164,16.038037454631233,-45.763578267439954
455750000,-0.02273322143987487,-0.7086323484333441,5.8727790250606295,2.987113270818023,16.061932913931503,-45.77305369716831
455760000,-0.02297681648078593,-0.7093043055681157,5.88886368615932,2.9787932599748155,16.015789141199882,-45.77355294757985
455770000,-0.023681628365989957,-0.709234189772219,5.887750827027796,2.9793673942755245,16.004066464857477,-45.72939408475775
455780000,-0.022970529879713042,-0.7090120962934894,5.881935859362445,2.9823710283117126,16.033592495207035,-45.76731633346464
455790000,-0.023601487111569855,-0.708703830592647,5.875137187148725,2.9858905443834534,16.037905633636704,-45.722204662812146
455800000,-0.024105462724237765,-0.7091182874388944,5.8853424939075785,2.980610641034737,16.001454682436552,-45.70119017662917
455810000,-0.024179734270241324,-0.7088079221949378,5.878057500545488,2.9843777381715153,16.018492708906667,-45.689666645068144
455820000,-0.024259750652139665,-0.7089840711841306,5.882288899038614,2.982188496616553,16.006050759308952,-45.68883875435477
455830000,-0.024523445176573195,-0.7090386496532023,5.883795761161208,2.9814096590394827,15.996775381829812,-45.67417633876936
455840000,-0.024456518979439346,-0.7089818735323906,5.882396893047345,2.982132665105604,16.001717459911074,-45.676922772378205
455850000,-0.024196159226397708,-0.7086586113594812,5.874542829863279,2.9861986282327377,16.027127259150625,-45.68528391169489
455860000,-0.024505413817224635,-0.7086899509912031,5.875534029179196,2.985684877888448,16.01820873078231,-45.66734394855232
455870000,-0.024765549619544757,-0.7085147875720207,5.871612158431009,2.987718674838918,16.022852994506493,-45.64767783388934
455880000,-0.024499066155306153,-0.7084001912719926,5.868690852083736,2.989235420102257,16.035826036129862,-45.66113658878334
455890000,-0.0253331174003646,-0.7082261462307797,5.86528112246142,2.9910077233260166,16.027317757366802,-45.606907655354334
455900000,-0.024112997168484678,-0.7082265538506956,5.8642877420284885,2.9915244601391984,16.055088682779843,-45.680474665834936
455910000,-0.02420352830565445,-0.7078796004322552,5.856200810009414,2.995737840230684,16.073964062990058,-45.667106182753
455920000,-0.02443927692327738,-0.7081170290414831,5.861973070459218,2.992729206246233,16.05426558891121,-45.6582945987924
455930000,-0.024424258620138733,-0.7082001051319925,5.863916154506552,2.9917177989445753,16.049596711533116,-45.66109299094443
455940000,-0.02491539988757414,-0.7081054381745,5.862090759879807,2.992667927314106,16.044112956179568,-45.62932272147693
455950000,-0.02484361996384382,-0.7078796424465457,5.856722723111317,2.9954655560123307,16.05936051143281,-45.628499400455134
455960000,-0.02482220430211938,-0.7079683372708695,5.858789393603794,2.994387856165118,16.05450223210039,-45.631813907038264
455970000,-0.02494833327243285,-0.7080393858643778,5.860564202761846,2.9934629771328423,16.047343002919362,-45.625831722125405
455980000,-0.024675081101777237,-0.7081362851285512,5.862618620662923,2.992393110118127,16.047731091815866,-45.64451287937821
455990000,-0.024584905788573065,-0.7079975696673104,5.85928196033718,2.994131114572309,16.0581512311277,-45.64678853272608
456000000,-0.024339554041779312,-0.7069581620181812,5.834733349208458,3.0069809853630507,16.126467117828398,-45.637840958027624
456010000,-0.02398744886094383,-0.7069198143254953,5.8335574576798255,3.007599297320309,16.136844370244013,-45.65822148923248
456020000,-0.024466897079033125,-0.7067398371681983,5.8297432880662114,3.0096066478725514,16.136726199237806,-45.625153177868995
456030000,-0.02533464354653897,-0.7064815156019824,5.824439139363533,3.0124026588967965,16.132392529485607,-45.56689193979777
456040000,-0.02561206569090693,-0.7062776500319897,5.8199307061147,3.014783347913341,16.1383003599939,-45.5454892917028
456050000,-0.025928692337811966,-0.7066270090257062,5.828328658807706,3.01035183802071,16.1099822211234,-45.53445025229196
456060000,-0.02573591221643617,-0.7067654208681983,5.831390504871365,3.0087394060241524,16.10607458191154,-45.54923647244858
456070000,-0.025540931975297908,-0.7067836342569953,5.831650294144607,3.008602675861387,16.109452265617776,-45.56139835494947
456080000,-0.025382683653381373,-0.7068855659739328,5.833895201766288,3.00742167709536,16.106941212714272,-45.57327064219428
456090000,-0.025424204457130395,-0.7071376068152054,5.839816768555325,3.004310953195439,16.09080435158213,-45.576545802731346
456100000,-0.025796575433007167,-0.7069243067843487,5.835149111369317,3.0067624290880812,16.095115056378443,-45.54922926442698
456110000,-0.02557583200138112,-0.7069855743512519,5.836392351474714,3.0061090787370306,16.09648760843822,-45.56392788942902
456120000,-0.025549839218066854,-0.7070483332440883,5.837836309882937,3.0053506063072826,16.09330330120184,-45.56693214767705
456130000,-0.0257526997419643,-0.7065659220400153,5.826755903112128,3.0111807627446114,16.11770355210483,-45.54364437472426
456140000,-0.025819954787474012,-0.7061743908250844,5.817707581049352,3.015958674110015,16.13973755229534,-45.53059107238712
456150000,-0.02620682858497849,-0.7058354979798697,5.810176251824034,3.0199472407973316,16.151231016889902,-45.49948975799609
456160000,-0.025759803679436293,-0.7058337505916789,5.8097544416001785,3.020170945212529,16.161641273916736,-45.52636907603369
456170000,-0.026070491970993072,-0.7051471931721944,5.794146686422643,3.0284720220466443,16.19582345324906,-45.49180536136134
456180000,-0.024952311003172772,-0.7051261683051965,5.792728940078674,3.0292283430199745,16.22293356352034,-45.55872785131965
456190000,-0.02555680542215607,-0.7047063520749618,5.7835614495990315,3.0341281235545123,16.23427453581413,-45.51255839139179
456200000,-0.02611559911029442,-0.703974300115103,5.767240118481818,3.0428911877357985,16.265431871885653,-45.46189636360995
456210000,-0.026860468680572222,-0.7039501124101339,5.767327974641201,3.042843880117709,16.24956757790177,-45.41648253682458
456220000,-0.026083164019693836,-0.7046800110038316,5.7833992321484855,3.034214968652635,16.22366960855313,-45.48022798235255
456230000,-0.026557248906912235,-0.7047424188368158,5.785241660181782,3.033228897544422,16.208925519059676,-45.45312827762208
456240000,-0.026103637856714847,-0.7051766439650425,5.794854307992976,3.028094671950843,16.193283345881117,-45.49049012278592
456250000,-0.026537390849761575,-0.7048772000348821,5.7883262871389505,3.031579447634884,16.201273481949723,-45.45744627194944
456260000,-0.026049797748843896,-0.7050756487795125,5.792479321872471,3.029361545618801,16.20061111797933,-45.4913971388306
456270000,-0.026287806355493604,-0.7046517402671523,5.782924120938643,3.0344693541517747,16.22062966944441,-45.467247734206545
456280000,-0.026633527836455683,-0.7051706076228957,5.795172162755102,3.0279252019201253,16.18139122595659,-45.458452893592685
456290000,-0.026238830532863182,-0.7050867884647758,5.792897737236588,3.029138275285916,16.19556751393801,-45.48027098601505
456300000,-0.02664680630787404,-0.7047566707643139,5.785647289771218,3.033011890741564,16.205992144351733,-45.44806872394767
456310000,-0.026984029784967466,-0.7056928816089715,5.807551114640897,3.0213400102217305,16.141877305743705,-45.449442870781944
456320000,-0.02640329827004453,-0.7052655467014469,5.7971633410817045,3.0268640049092923,16.181002377714844,-45.47450393216553
456330000,-0.026815872620862626,-0.7053480745566998,5.7994285105614996,3.0256576976873935,16.166497706859186,-45.451587769646615
456340000,-0.02711516818177163,-0.704943349854898,5.790356182342044,3.030494985192027,16.18390938019325,-45.42422138264986
456350000,-0.026480494215736946,-0.7046228765159169,5.782426495958132,3.034735840245932,16.217900458062623,-45.454977235834775
456360000,-0.02698629862716975,-0.704706695350868,5.784794868878117,3.0334679616611444,16.20112810241751,-45.42648550999851
456370000,-0.026872582914067453,-0.7048679257834352,5.7884051440591255,3.0315373040408327,16.194066191154178,-45.437062895304486
456380000,-0.02724997765632396,-0.7047190771316537,5.785313055853117,3.0331906994705164,16.194268111144634,-45.41091705946742
456390000,-0.027454511374984843,-0.7043972109201544,5.778099525463998,3.037054996277359,16.20886822655276,-45.391150265671286
456400000,-0.027086484158069208,-0.7046157400574004,5.782791916164644,3.0345401472999094,16.204274406420414,-45.41835037784792
456410000,-0.027133529857820842,-0.7036130348484214,5.759863041219925,3.0468688064206724,16.26349053416779,-45.39220492670439
456420000,-0.027794044372742355,-0.7040892424454868,5.771342967192313,3.0406835247594737,16.219479962044232,-45.363585960516495
456430000,-0.02690714821056284,-0.7041416488312118,5.771754330003026,3.040462356922287,16.236956981305347,-45.418127806054585
456440000,-0.027489512060895147,-0.7041571178093753,5.772624226815451,3.039994766834501,16.222485915841045,-45.38346549459178
456450000,-0.027468405416553435,-0.7046259939271962,5.783367506875423,3.034231953753092,16.19479515681184,-45.39562782104817
456460000,-0.027651004638791558,-0.7039181764835788,5.76729761047411,3.0428602300431677,16.23308878284104,-45.36819880332799
456470000,-0.028153055760573427,-0.7039138537661307,5.7676540507225935,3.042668311990904,16.221654863746515,-45.3379387599326
456480000,-0.027548462382078687,-0.7041153437502838,5.771719820630379,3.0404809095219605,16.223625565118923,-45.3789505665529
456490000,-0.027108234615824442,-0.7042034182969643,5.773346637528155,3.03960656442051,16.22856699259285,-45.40746699644349
456500000,-0.027616558190066618,-0.7037868805680361,5.764263907289524,3.0444946567201243,16.24178208958833,-45.36721095873601
456510000,-0.02827373192176835,-0.7037166209600421,5.763254485424108,3.0450388824575283,16.230684518529042,-45.32609563617225
456520000,-0.028422660573449787,-0.7034914819882714,5.758250376412315,3.0477397328106877,16.240725635865306,-45.311901450682996
456530000,-0.028138808223200914,-0.7032489806481174,5.752461386162079,3.050870249196569,16.26191663819851,-45.32328218612233
456540000,-0.028022597634702395,-0.7033817401921516,5.75538117873023,3.0492904992452052,16.256656235162087,-45.33336355565372
456550000,-0.02738091646781282,-0.7030099359946903,5.746339851064566,3.0541876715541063,16.29399453780709,-45.36324951127922
456560000,-0.028198346250720097,-0.7027818209500266,5.741890597155087,3.0566034180214556,16.288584831363696,-45.30877969786801
456570000,-0.0280511907617211,-0.7029624835607295,5.745861775258589,3.0544470603919756,16.281175376907427,-45.32184785638204
456580000,-0.027958759936932618,-0.702715467275319,5.740166868451657,3.0575403638048564,16.298181032854522,-45.32162094407792
456590000,-0.028506541446449464,-0.7028918800752585,5.7446732964117375,3.0550920844029767,16.274760384099586,-45.2928484658962
456600000,-0.02880504331279251,-0.7025071465467421,5.736216940328039,3.0596895672539044,16.290859512488314,-45.26591589043201
456610000,-0.028455457856008087,-0.7025546664656888,5.736971312654523,3.0592788683928007,16.29620400577604,-45.28801625528478
456620000,-0.02861776600312194,-0.7029405591783923,5.745882533586505,3.0544357966542472,16.26923468332402,-45.287311209515416
456630000,-0.028544077570469544,-0.7024102931915144,5.733780720884509,3.061016666272271,16.302794853479607,-45.27930945113884
456640000,-0.028736659570029105,-0.7038402331442589,5.76650932126569,3.043284755314054,16.212470617418774,-45.30119571698711
456650000,-0.028535133992372726,-0.7026158413145398,5.738432026838311,3.05848393622951,16.29066325694067,-45.28466612003905
456660000,-0.02860829149943017,-0.7024857230232129,5.735549085883474,3.0600532566369005,16.29675997564587,-45.2772233613808
456670000,-0.028844017264909958,-0.7029995056034213,5.747433233564541,3.0535946039975164,16.260401525020093,-45.27511336169774
456680000,-0.029034720949651902,-0.7025068004798114,5.736423439559157,3.0595771329163233,16.285492629615277,-45.25212648071329
456690000,-0.029554496964357472,-0.7021617190552928,5.729099904794363,3.063569747270445,16.29398064922169,-45.21285230934921
456700000,-0.029677178711173206,-0.7016560241446782,5.71779705876707,3.0697524918424692,16.321408090081533,-45.193597059624096
456710000,-0.029499180440573872,-0.7020034816762526,5.725469847762521,3.0655526718872714,16.304767928538855,-45.21244778228069
456720000,-0.029523133900795542,-0.701808152254474,5.721081803773099,3.067953113281085,16.315915640561027,-45.206415172454385
456730000,-0.029254538840435218,-0.7016676175593681,5.717658298082092,3.0698285516942407,16.330668250127644,-45.21921468971368
456740000,-0.029198818798122275,-0.7024613128694155,5.735546532241792,3.0600546474254693,16.28437069074298,-45.24121599023668
456750000,-0.02976367258376355,-0.7020060649397545,5.72578049640106,3.065382878087855,16.29839104054436,-45.1966541890453
456760000,-0.02912271090964624,-0.7019127572811701,5.723065463509867,3.066867499182873,16.31906446062211,-45.23289293141436
456770000,-0.02932845033594479,-0.7017144731218455,5.718784346893812,3.069211432708302,16.32611716990315,-45.215884539970055
456780000,-0.029152647493106296,-0.7014448270873822,5.7125440007058605,3.072634546097465,16.346435360306028,-45.22007886054219
456790000,-0.0289839487151643,-0.7019096163716753,5.722864852884723,3.0669772537577162,16.32251669413408,-45.24114521680452
456800000,-0.029675682116769585,-0.701345267917724,5.710797171595018,3.0735941437616034,16.340073115539198,-45.186360288950524
456810000,-0.02970276074117486,-0.700851984576473,5.6997436932347725,3.079680296100271,16.369009679486222,-45.173086760262656
456820000,-0.030006807434018543,-0.7011750869860861,5.707287438365581,3.0755240016604986,16.342457521277932,-45.16249609965094
456830000,-0.03005460317950617,-0.7007832149093834,5.698538247988777,3.0803454991105523,16.364811047642018,-45.150369212723746
456840000,-0.030818739123933302,-0.7008533453302823,5.700854803664876,3.079067407105158,16.34252970814476,-45.10626564971353
456850000,-0.030389876284739017,-0.7008593690010836,5.7005698847065585,3.079224545025305,16.352316993372483,-45.132084553676314
456860000,-0.030421429551341948,-0.7007332865722663,5.697774014334778,3.0807673779584444,16.35912167270331,-45.1272111489461
456870000,-0.0307958298406631,-0.7007339734755026,5.69815590355464,3.0805565495851077,16.350216664553518,-45.10481088335402
456880000,-0.030360052504231686,-0.7007027361291155,5.697029839207667,3.0811782961523453,16.362404394504782,-45.13016418126843
456890000,-0.03030723206063284,-0.7009423349459492,5.7023508453105745,3.078242579153478,16.349302410725326,-45.13899689978281
456900000,-0.030161401660446934,-0.7010664494191534,5.704995864673474,3.0767853656598336,16.345314661489187,-45.15066678906474
456910000,-0.02981953170956049,-0.7011545070098022,5.706645444522473,3.0758772726150925,16.348113581516998,-45.173234180218486
456920000,-0.030025865130270436,-0.7010395015033783,5.704260093003332,3.0771905824148487,16.350132185945405,-45.158151039668944
456930000,-0.02998594541846971,-0.7009154146076042,5.701436793008022,3.0787464798891055,16.358512083472604,-45.15761036994909
456940000,-0.03045342453625493,-0.700641491345611,5.695748736672783,3.0818859541467676,16.363861920826878,-45.1231216089053
456950000,-0.030711583943603567,-0.7003742358879215,5.690020811161881,3.0850539787321924,16.373747798219814,-45.10132962640629
456960000,-0.03118400117801218,-0.7008933139481052,5.702113857884789,3.078373210090323,16.33149273679598,-45.085357909264005
456970000,-0.03113107437225612,-0.7000300852116226,5.682748905062132,3.089085448752465,16.384389632666167,-45.06805302087132
456980000,-0.03117729368835419,-0.6999981687889021,5.682082882691069,3.0894552170166545,16.385201173143837,-45.064529194266505
456990000,-0.03063030891709642,-0.7002484369522883,5.687130024799979,3.0866553270036015,16.383207937994793,-45.10321227337281
457000000,-0.03117168589952703,-0.7000487746689221,5.683206165144266,3.088831634785021,16.382306555096296,-45.06606707597269
457010000,-0.030959304080937677,-0.6993429187674771,5.667285704516134,3.097693581184596,16.429604839584897,-45.06198601359944
457020000,-0.03138631225160384,-0.6994520344626749,5.670132353310785,3.0961052551852095,16.412902340596688,-45.0390305794259
457030000,-0.03104121174937386,-0.6990998270537925,5.661972836273645,3.1006623769495167,16.442205774876786,-45.0512879960223
457040000,-0.03097565104161164,-0.6988209405667336,5.655731537331487,3.1041573282078323,16.460467885748272,-45.048558257899394
457050000,-0.030822909388041282,-0.6990456754420871,5.660558496935362,3.1014536699428157,16.45065471783164,-45.063067950606836
457060000,-0.03127461966261442,-0.6990655426523632,5.661443451476892,3.1009585087767744,16.43869019087437,-45.0364996150012
457070000,-0.031173320756258414,-0.6993299097364624,5.667207948480538,3.0977369893179034,16.42528434715575,-45.04886537662428
457080000,-0.031467501607560476,-0.6992133536993111,5.6649133409333094,3.0990185320740125,16.425245592699625,-45.02848482262978
457090000,-0.031590192531987,-0.6996022638358178,5.673676705060395,3.094129935546825,16.399061226487905,-45.030414099427986
457100000,-0.031750727467708476,-0.6997084628795833,5.676201842799346,3.0927241919775077,16.388889637395938,-45.023343995576184
457110000,-0.031825256451038675,-0.6992218595027888,5.665461373693007,3.09871235732403,16.41620410555176,-45.007293091012144
457120000,-0.031762762207340166,-0.6989317844506163,5.658967506040913,3.1023442837071933,16.43503952015836,-45.004106004496734
457130000,-0.03200188158868085,-0.6987663141214897,5.655546055968926,3.1042613143717137,16.439219068650193,-44.985856179101845
457140000,-0.03152779731152604,-0.6984003803015356,5.646983745568024,3.1090692674386124,16.472442544135216,-45.00545624983836
457150000,-0.03115082460771302,-0.6980790067348388,5.639526333174084,3.1132690731771744,16.500704249100114,-45.020325311808755
457160000,-0.031878633961798956,-0.6980694416950928,5.640039246541146,3.1129798475316894,16.48383567410071,-44.97654329034777
457170000,-0.031514313756753454,-0.6986106525989835,5.65161398481561,3.106467404019524,16.460184310158535,-45.011292731045344
457180000,-0.03188016910018706,-0.6987217686889743,5.654437573316129,3.104882908295985,16.44479171201189,-44.992067660018975
457190000,-0.03246687193477571,-0.6986733029568621,5.653963205262688,3.1051489923099957,16.433656977412948,-44.95584682628394
457200000,-0.032536529078298945,-0.6981520858570014,5.642528544397968,3.111576933654229,16.463122899217844,-44.93920222471905
457210000,-0.0318348658765819,-0.6976218114092297,5.630152219017663,3.118564607397967,16.51165924032087,-44.968420561799476
457220000,-0.03179293155422279,-0.6975510123736273,5.628556103772251,3.119468084041447,16.516901779616298,-44.969228570345294
457230000,-0.03194092510014087,-0.6974522780280809,5.626538281651439,3.120611024249054,16.51925167934154,-44.9580033973145
457240000,-0.032143021559920305,-0.6970079525266762,5.617010593195133,3.1260191783420805,16.5409624828651,-44.935226078688984
457250000,-0.03267459384395347,-0.6975793366805874,5.630072113504038,3.1186099382961507,16.49402148217152,-44.91720400140599
457260000,-0.03254989769594363,-0.6978301132169282,5.635454301220705,3.1155671715991726,16.48203639359735,-44.930678010775836
457270000,-0.032859130102572395,-0.6972805823979942,5.6237095074704335,3.122214732030719,16.507426383887573,-44.89899508187864
457280000,-0.03262296666828357,-0.6974469828355723,5.627114564495206,3.12028451822975,16.503169491347254,-44.91710566964618
457290000,-0.032930229821892205,-0.6978814972186025,5.636976990782043,3.1147074228289933,16.469834921114753,-44.90919771282091
457300000,-0.032568054723753376,-0.6975036272378493,5.628301002259769,3.119612532593499,16.501105796332283,-44.921748543420904
457310000,-0.03269746144993938,-0.6975432025783425,5.629302409536093,3.119045573866071,16.495630145779685,-44.91496933112255
457320000,-0.03317061853331613,-0.6980198506133022,5.640272844770815,3.1128481423145855,16.455805163088268,-44.89817108637585
457330000,-0.033221362755127444,-0.6979560843050142,5.638922022429505,3.113609906405176,16.458391970393855,-44.89361205731972
457340000,-0.033041075260524355,-0.6976647873921611,5.632327878270544,3.1173339330267336,16.480109066842775,-44.89737365596008
457350000,-0.03276682829842113,-0.6974243417202195,5.626765876998862,3.1204820667294575,16.50106153025917,-44.90796740427002
457360000,-0.032610204157881406,-0.6972313268993299,5.622374376477375,3.1229722323982214,16.516361071869458,-44.91267905731793
457370000,-0.033298323904951486,-0.6968809418490248,5.615419603501132,3.1269241105074848,16.520702963170493,-44.86314267717484
457380000,-0.033360138382435955,-0.696530965005623,5.6078435163935785,3.131240555677887,16.540099808838217,-44.85100422391938
457390000,-0.033886854947328036,-0.6957196611323518,5.590751022144398,3.141023321637448,16.575760275833716,-44.79993643123689
457400000,-0.033817154836938444,-0.6961274405989671,5.599535266797872,3.135988017084693,16.553124768254794,-44.8139752682827
457410000,-0.034093016367083236,-0.696236966767958,5.602211317140619,3.134457292915878,16.539915204198692,-44.80017561043371
457420000,-0.033950384613774226,-0.6965794371516546,5.6095228342968495,3.1302827322716533,16.522945623716083,-44.81696289280625
457430000,-0.03354664085472938,-0.6970191079557932,5.618701368728678,3.1250580695016983,16.506469158086382,-44.85165736451218
457440000,-0.03336476634933484,-0.6969966427215316,5.6180189411772155,3.125445918489343,16.512195256984096,-44.86196772310413
457450000,-0.033348610772822536,-0.6968736471116868,5.6153127225976665,3.126984921818954,16.519925225993294,-44.85996537331757
457460000,-0.03386218308361684,-0.6968957705598725,5.616337679280263,3.126401857531402,16.506213340865816,-44.82986180514297
457470000,-0.033979110131284566,-0.6968715699019614,5.615933053080933,3.12663200986609,16.504834112982625,-44.82230607976137
457480000,-0.03391075043432683,-0.6962692675840898,5.602720737826326,3.134166070960922,16.542400248607606,-44.811825648318674
457490000,-0.03378685605264198,-0.6962950002714606,5.603149890893493,3.133920778268833,16.543863116775388,-44.81983777959715
457500000,-0.033726208970435885,-0.6965306977865203,5.608222139061374,3.131024550999158,16.531270152951585,-44.829154588634594
457510000,-0.0335388793506004,-0.6964729006453386,5.606764691707456,3.131856191678231,16.539245856163898,-44.838933971515594
457520000,-0.034048967143600485,-0.6964146936557876,5.606035470275167,3.1322724636814323,16.530384864706654,-44.807102048893604
457530000,-0.033796348537939176,-0.6960615360425898,5.5980800988630435,3.1368210203566176,16.557559894410037,-44.81362063318366
457540000,-0.033667531892833856,-0.6958334166805152,5.592988556070434,3.139739171608478,16.574290893460955,-44.81577960628271
457550000,-0.033594968665046694,-0.6955586069671482,5.586952259400295,3.1432059147529996,16.59245068657491,-44.81344592254199
457560000,-0.03385952008670667,-0.6950382077346915,5.575972392299251,3.1495317127614495,16.617079927307397,-44.78501666581478
457570000,-0.0344991593152021,-0.6957878293689927,5.592883250072858,3.1397995842980735,16.556844025379775,-44.76508426041123
457580000,-0.03518022245403743,-0.6959876916780092,5.597965464958825,3.136886660943763,16.52842191301073,-44.72937348865638
457590000,-0.0353319779239754,-0.6963222679370771,5.6054141953687395,3.132627203263648,16.504834949039502,-44.72845279381164
457600000,-0.035422384364107835,-0.6961246787997678,5.601211958133231,3.135028758244704,16.514398798056003,-44.71828617776349
457610000,-0.03551319015388424,-0.6957085642630905,5.592270238682752,3.1401513076729017,16.536949085043652,-44.702786752067354
457620000,-0.035263420308904954,-0.6957656144039478,5.593232723999607,3.139599104664872,16.539619722118527,-44.71903333003972
457630000,-0.03537185341259388,-0.6954719844571903,5.586984215184988,3.1431875416509643,16.554459256623723,-44.70544732418385
457640000,-0.03520847191310771,-0.6950490202239524,5.577653708383926,3.1485613926990603,16.583608798281006,-44.70488149376801
457650000,-0.03507526455918656,-0.6949353850634554,5.575054107467739,3.1500619280445594,16.59361863418743,-44.71004533957898
457660000,-0.034807746605965126,-0.6942709286914411,5.560451559178636,3.1585177214499653,16.639723548327034,-44.709776195031836
457670000,-0.03484869562367239,-0.694619369840162,5.567993316911259,3.154144847042945,16.61796306638034,-44.71583886697201
457680000,-0.034462669477696196,-0.6947640008719487,5.570695285344596,3.152581164118353,16.618752360285754,-44.74236943349421
457690000,-0.035010630016460806,-0.6945443084481892,5.566552084531547,3.154979558410039,16.618484913409425,-44.70436166758422
457700000,-0.03503385779211871,-0.6938087086026162,5.550776068290074,3.1641457644068764,16.661736469210062,-44.68500517612993
457710000,-0.03484917709096197,-0.6942396114164594,5.559823196622949,3.1588826129451335,16.64057788630357,-44.7065426735988
457720000,-0.034749378615455434,-0.6946179914490911,5.567856440752436,3.1542241017347896,16.62046689122413,-44.721722822681954
457730000,-0.03488216390809394,-0.6942670638955807,5.560448768674979,3.158519341713074,16.638136573380272,-44.705247646322476
457740000,-0.0354578644411722,-0.6942536645966295,5.560787603594501,3.158322614705391,16.624871636443704,-44.67063593345179
457750000,-0.035451548998039234,-0.6944574556050491,5.565163866316017,3.1557839882384764,16.61289589069361,-44.67598917158288
457760000,-0.035617968328250905,-0.6942903646639119,5.561752718520797,3.157762406297922,16.618775472760028,-44.66200407000421
457770000,-0.03560177207527231,-0.6934364260140903,5.54342648955017,3.1684344407166813,16.669995047566342,-44.642066414696316
457780000,-0.03554712318308707,-0.6934401450805235,5.54344606297059,3.168423003490534,16.67111359315478,-44.64541076663617
457790000,-0.0353860726997134,-0.692801994325243,5.529655097555881,3.1765021468801953,16.71306644835356,-44.63933473864332
457800000,-0.03547153793954819,-0.6933010876963375,5.54039163597839,3.170208790108804,16.68124626562891,-44.646500527575895
457810000,-0.03543755423291383,-0.6925258190247904,5.523836441773388,3.1799233928439374,16.728249508199237,-44.629476160917214
457820000,-0.03553930276479845,-0.6925453051955693,5.5243614207877485,3.179614410534116,16.72458509522552,-44.62389599838907
457830000,-0.035728255365096995,-0.6926524606833521,5.526846649527142,3.1781525248178384,16.71355587669933,-44.61528243491165
457840000,-0.035423275858478015,-0.6932239623159819,5.538691933177091,3.171203411892827,16.687022761717245,-44.647482079833324
457850000,-0.0356006378321372,-0.6935601137944514,5.54607076517149,3.1668900818974106,16.662660396160092,-44.645165946388616
457860000,-0.035572077807410674,-0.6932920977707376,5.540309642004755,3.1702567563636848,16.679315024907268,-44.640294173836416
457870000,-0.03595502889769715,-0.6927424597415932,5.529011367218993,3.1768802803962553,16.702620936604248,-44.60399960411548
457880000,-0.03633094244263115,-0.6934579941659584,5.544696405859193,3.167692570655174,16.650828289278557,-44.59921807028494
457890000,-0.03614970580369718,-0.6932544137402904,5.5401429347822875,3.1703542841674777,16.66738144440511,-44.604998852933576
457900000,-0.036171348432286546,-0.6933628393008892,5.542483601955858,3.1689854917891624,16.660401985908656,-44.60637293225514
457910000,-0.035850165073763936,-0.6919710512739827,5.51251765973454,3.1865999888007455,16.751116350545203,-44.59123694932218
457920000,-0.035958706232569936,-0.6935606618066741,5.546477766724149,3.1666525124757934,16.65385123340942,-44.62387245291307
457930000,-0.035800080975108575,-0.6925474138879695,5.5246917498434165,3.179420022767792,16.718041453940995,-44.60842195059409
457940000,-0.035964488393359806,-0.6922599690657596,5.5187679521269954,3.1829096355619857,16.73110031226394,-44.59155690706592
457950000,-0.03628368264404024,-0.6921017254929969,5.5157651398125225,3.184681503399396,16.732644979717332,-44.56866349505051
457960000,-0.03658584920513511,-0.6928912209034859,5.53288294728945,3.1746074478555393,16.678258311166438,-44.57014326827764
457970000,-0.03658809354570275,-0.6926715780857674,5.52820832344121,3.177352123817827,16.69125850038797,-44.5646053216536
457980000,-0.03663151441952229,-0.6923408620777209,5.521227323732113,3.1814599198886997,16.70984744768818,-44.55387729251914
457990000,-0.03653778558761675,-0.6922020496787669,5.5181760923830705,3.183258716152933,16.72041094774266,-44.5560266645323
458000000,-0.036525736894722736,-0.6918249624141274,5.510172994850555,3.187986579562117,16.743130071302424,-44.54743554300171
458010000,-0.03591456312993537,-0.6913730674927182,5.49994863736521,3.1940473622723604,16.785125233186854,-44.57263034882363
458020000,-0.036163177970717726,-0.6912846238822945,5.498356628947833,3.1949931685859996,16.784238446957342,-44.55564349090879
458030000,-0.03617247386835822,-0.6916249176654868,5.505550098233392,3.1907240516082997,16.763758194241248,-44.5635064901338
458040000,-0.036301773934281516,-0.6918964231648759,5.51143603762841,3.187239488215634,16.744410873946585,-44.56252060112663
458050000,-0.036088385756339915,-0.6921435175450483,5.516434691574109,3.184286248570474,16.734975580643212,-44.581313116400466
458060000,-0.03624341048894529,-0.6919911060893713,5.513376314159227,3.186092501776336,16.740219054803887,-44.56832973498882
458070000,-0.036657042869248584,-0.6922970882597592,5.5203266686320225,3.181990670356869,16.711820106544245,-44.551280609101674
458080000,-0.03597145498776391,-0.6927711379990047,5.529640004647216,3.176511011560855,16.700510480503873,-44.603727572048776
458090000,-0.03646822040734057,-0.6922509463900616,5.5191357003626464,3.1826927755798695,16.719219116501648,-44.56136875827461
458100000,-0.03720895674199213,-0.6918578374447267,5.511639431865419,3.1871192133749346,16.7242960925116,-44.5076441921529
458110000,-0.03714863740767465,-0.6915775837046017,5.505643304696478,3.190668811963313,16.74243478304271,-44.50429775734773
458120000,-0.03751289958190201,-0.6916652342775961,5.507911696217808,3.189325025493095,16.7282182080007,-44.48483358458712
458130000,-0.03740270125549462,-0.6914143373222984,5.502484677213469,3.192541879313151,16.745842765596556,-44.48516722478395
458140000,-0.037633824253325066,-0.6914977080157252,5.504510006735295,3.1913406023910644,16.735170588261806,-44.47350927387966
458150000,-0.03752913985817878,-0.6912270345431835,5.498677566370141,3.194802455268084,16.753832625577836,-44.47301959776995
458160000,-0.036943874176434424,-0.6919272385855749,5.512808163864483,3.186428275032049,16.7267222329981,-44.52510671439609
458170000,-0.03697692172722939,-0.6915717422664169,5.505325419792608,3.190857217249197,16.747029720293522,-44.51435578516559
458180000,-0.037478761631441815,-0.6915058113076424,5.504503282263515,3.1913445893419383,16.738528090985138,-44.482915428999505
458190000,-0.03769342359956557,-0.6911199924381509,5.4966097159522995,3.196031655144311,16.756114983939593,-44.460612964917686
458200000,-0.03743663232528973,-0.6911007999498442,5.495911252973063,3.1964470611799465,16.763621591216246,-44.47538370205811
458210000,-0.03791391844813962,-0.6909118953379957,5.492481609636551,3.1984884034819148,16.76299553892984,-44.442363635717015
458220000,-0.038028894636499735,-0.6910484896338471,5.495490513953724,3.1966973455142806,16.752037480753636,-44.438931246909384
458230000,-0.03820895521613447,-0.6915375071776788,5.5060172021944815,3.190447237703191,16.718568762715904,-44.44037252118097
458240000,-0.037606940368219585,-0.691776492183885,5.51037318474758,3.1878681433759626,16.719287818441718,-44.48200285906866
458250000,-0.03815024571913016,-0.692041976392693,5.5166264325194,3.184173076886758,16.690107129499726,-44.45633349705518
458260000,-0.03791090712267905,-0.6916953458830746,5.5090074446096775,3.1886763182331688,16.716584470800377,-44.461957818324656
458270000,-0.038168342309448516,-0.690984500502683,5.494304826806615,3.1974028865821618,16.75237304129738,-44.4290711472698
458280000,-0.03803179231859528,-0.6911595143087256,5.497833322338875,3.195304186817399,16.745378894231933,-44.44151325639778
458290000,-0.03829315482112308,-0.6908208266914669,5.4910056432890455,3.1993677184099596,16.758981613587952,-44.41760465552194
458300000,-0.03782766028378352,-0.6909399932020293,5.492973456644409,3.198195491539994,16.76346891938534,-44.44818010409391
458310000,-0.037990219308570376,-0.690624545078744,5.486528174682262,3.2020381884045275,16.778152118723323,-44.4306989317425
458320000,-0.03867286527148632,-0.6903655648272278,5.481887578600441,3.2048107135209776,16.776532855753384,-44.38377121762638
458330000,-0.03791045731170229,-0.6905601446105671,5.485083638676212,3.2029007065805577,16.78395641415087,-44.43383171846366
458340000,-0.03781578159035014,-0.6907498694248646,5.488960556879333,3.200586898072183,16.77504819924426,-44.44416498830384
458350000,-0.03799967331522957,-0.6901277707124158,5.476120718073207,3.20826289929149,16.807397685380828,-44.417779327862945
458360000,-0.03795024412252553,-0.6900811562341901,5.475087898535789,3.208881965024009,16.811395356178338,-44.419552110600605
458370000,-0.0383676830102262,-0.6900760136066353,5.475463436023003,3.2086568421911825,16.80130167694325,-44.39465588077749
458380000,-0.03848580184050614,-0.6900192865743051,5.47441381098551,3.2092861393189005,16.80172254693017,-44.3862370116898
458390000,-0.038327076638261716,-0.689476904889389,5.462899169357378,3.2162061089591347,16.83785390396492,-44.382119734714
458400000,-0.038184436434698855,-0.6896936512723923,5.467256793550547,3.213583754857418,16.828554346308632,-44.39599365855087
458410000,-0.03825149184147888,-0.6917156305714284,5.509833205958597,3.1881876255656594,16.706953727066136,-44.44225982182521
458420000,-0.03843458442815777,-0.6902464694589303,5.479111640287352,3.2064715206912804,16.78952605464934,-44.394933727523956
458430000,-0.03851499813273104,-0.6900292530728621,5.474656473505507,3.209140630106358,16.800403871844452,-44.384754068581216
458440000,-0.03897300655670875,-0.6900952145333747,5.476575616928108,3.207990312316322,16.785078653024037,-44.359249845603536
458450000,-0.039446599341122414,-0.6906993758156628,5.48981652912001,3.2000764953117455,16.737507654856447,-44.346246271738366
458460000,-0.039818669843488155,-0.6898706472223606,5.472886553780139,3.2102022443020233,16.777280632028898,-44.303576330574074
458470000,-0.039256109085351695,-0.6887392535965742,5.448640033763267,3.224817385883454,16.858341942374928,-44.308581997773985
458480000,-0.03933334283721787,-0.6879811122178033,5.433031410052543,3.234297268315224,16.901323634528524,-44.28497109241203
458490000,-0.039092046716078244,-0.6886058325509712,5.445677986704447,3.226612058563356,16.87036169718496,-44.314958655493015
458500000,-0.041460301421776834,-0.6885103854631713,5.4465715081945465,3.226070470656576,16.816551101651655,-44.172484819166364
458510000,-0.039798280885933235,-0.6892602361405543,5.460120837117068,3.2178803293212024,16.81391211263324,-44.28952585013919
458520000,-0.03962968544303557,-0.6888554686092276,5.451497816385472,3.223087798801863,16.8420948811094,-44.28936883668083
458530000,-0.03918840179084478,-0.6887918168770616,5.449651306795523,3.2242051286557127,16.856924574541814,-44.313911191803136
458540000,-0.039094635514361736,-0.688610580372089,5.445779506206753,3.2265505155444094,16.870015386121537,-44.31492429150477
458550000,-0.039288675443878734,-0.6884299209175391,5.442263543904913,3.228683341539607,16.875852780390073,-44.29889320330906
458560000,-0.038954021813647,-0.6883489394043008,5.440192415687098,3.229941048798228,16.889052495375765,-44.31669484524028
458570000,-0.039324639533233736,-0.6885595137028115,5.444992094073645,3.2270279217190136,16.867272265222624,-44.30001437688703
458580000,-0.039444810970382944,-0.6899085890358684,5.473230930344853,3.209995628400365,16.784365885730463,-44.3266512580554
458590000,-0.03986741827228647,-0.6896039347712914,5.467372054984461,3.213514450933528,16.791844245684192,-44.294029982189905
458600000,-0.03936812570246081,-0.6900152365122096,5.4753707981738575,3.2087123726802287,16.779964409139133,-44.33385226712267
458610000,-0.03963518124112391,-0.6889481590896445,5.453430753506433,3.221919010139686,16.83646926448633,-44.29136613561729
458620000,-0.03941056686742583,-0.6884073110706356,5.441939483620454,3.2288800640549393,16.874132550545678,-44.29110424386736
458630000,-0.03975634097114353,-0.6882053983832431,5.4381709729316965,3.231169540325036,16.877405267373774,-44.26555484324563
458640000,-0.039555488738321105,-0.6879050711631568,5.43172394209723,3.2350939174120708,16.900241137158762,-44.269897700356466
458650000,-0.03991954917009598,-0.6873058715334788,5.419807584509064,3.2423729737739344,16.926554600998074,-44.23324282679491
458660000,-0.04035761432486509,-0.6884405693410945,5.443765487717699,3.2277718950936314,16.848381999990018,-44.23588344039688
458670000,-0.040620444869826154,-0.6878083461984028,5.4310083486473335,3.2355301014721505,16.87915713878934,-44.20443850930495
458680000,-0.04064775654572979,-0.6871949182280132,5.418403486973433,3.243232843578354,16.914741222944468,-44.18735334190797
458690000,-0.04064555356091119,-0.6871680762124297,5.417848929664578,3.2435725817667294,16.916384183798552,-44.18680580465406
458700000,-0.03998091996954926,-0.6875840125417487,5.425608179797228,3.238825570377342,16.908540836431737,-44.236622132427414
458710000,-0.0400135596508677,-0.6873806907189336,5.4214596614527,3.241361831721861,16.91975392966912,-44.22956436679441
458720000,-0.04031274884613065,-0.6870892717854219,5.4158263777876074,3.244812267206811,16.929450504457673,-44.20450240479364
458730000,-0.040415015144506634,-0.6869127550397458,5.412325030844765,3.246960620190919,16.93731090296751,-44.193991799438905
458740000,-0.0401844412022725,-0.686939002699955,5.4125861154478265,3.2468003248686883,16.941584617056208,-44.2082995616093
458750000,-0.039895455994433136,-0.6867939897605044,5.409265554056577,3.248840208309865,16.957473330236365,-44.221743625930195
458760000,-0.04001325407790762,-0.6871181539685056,5.41606012014374,3.2446689502020836,16.93530357640426,-44.22295778289677
458770000,-0.04002416301680221,-0.6868496894550007,5.41056146425508,3.2480437978125254,16.950922045165896,-44.21553041811899
458780000,-0.0399085510169925,-0.6870438053356135,5.414407686360062,3.245682399829893,16.94234927192775,-44.22727973234969
458790000,-0.03985999402891455,-0.6871460373694043,5.416450063355719,3.244429888561907,16.937521493632083,-44.232736050810736
458800000,-0.0392732307072831,-0.6874849323158224,5.422726771531303,3.2405867381124587,16.932241416598764,-44.276044162824235
458810000,-0.038945066335430954,-0.6864770545366425,5.40165682224708,3.2535241882753425,17.000288662426424,-44.27006037606781
458820000,-0.039210193705956735,-0.6867643066670525,5.407847951431774,3.249711858338441,16.97655052057124,-44.26159843292083
458830000,-0.03881090240654354,-0.6872654004334894,5.417669289810401,3.2436826498880023,16.95691044081183,-44.29792540614364
458840000,-0.03979438958797376,-0.6876134094233114,5.4259910509535905,3.2385916984857843,16.911500111482635,-44.24840639841917
458850000,-0.03976888118152388,-0.6864611185464758,5.402297095624637,3.2531295057695493,16.980390449903958,-44.220821166212254
458860000,-0.04016596373043787,-0.6860082670801227,5.393516971705152,3.258550279625853,16.997149130019793,-44.185831662056046
458870000,-0.04040531556609761,-0.6862929012021157,5.399617015889317,3.254782228508274,16.974233574820925,-44.178879498364005
458880000,-0.040318664620873225,-0.6862047351176783,5.397711091076728,3.255958587775095,16.981647291924016,-44.18177343232707
458890000,-0.040623530741964974,-0.6860251952381707,5.394412207188559,3.2579967322275154,16.984540793532496,-44.15918083560707
458900000,-0.04110504299384999,-0.6861185308800467,5.396903286060112,3.2564574341723618,16.966806159532023,-44.1330747258501
458910000,-0.04050330440313372,-0.6867760980776847,5.409628239806112,3.2486172774841893,16.94316351798361,-44.18531343370402
458920000,-0.04088636270066365,-0.6859881112769901,5.39397408417596,3.258267611313757,16.980065287263347,-44.14269427106788
458930000,-0.04077781716745156,-0.6862058659678757,5.398288536448221,3.2556020908577326,16.969941205232626,-44.154636792341066
458940000,-0.0410796570432013,-0.6854298479675842,5.382837861810909,3.265168156362548,17.008163605638376,-44.11708084206068
458950000,-0.041100896710392534,-0.6859470047721243,5.393396961376301,3.2586244996011127,16.97705042344615,-44.12896701136403
458960000,-0.0412915462966581,-0.6858332039285795,5.391309601712202,3.2599159673784692,16.97893531318705,-44.11480911848403
458970000,-0.04141889013894457,-0.6854947298051209,5.384572700993362,3.2640912216887834,16.995699428146796,-44.09868047570686
458980000,-0.04117221233242571,-0.6854302659774855,5.3829592839056595,3.2650927578705664,17.00578441739804,-44.11161966410928
458990000,-0.041105247911724756,-0.686073240849802,5.39597868660931,3.2570285948389968,16.96947802819932,-44.131913580289705
459000000,-0.040436392927349595,-0.6859991273713885,5.3936546442358155,3.258465140735142,16.990830632356115,-44.169592363432166
459010000,-0.04025111139175831,-0.6856132581886026,5.385569160150067,3.2634729754823333,17.018374620541188,-44.17076384625879
459020000,-0.040853511790866,-0.6850480109819737,5.374808785186121,3.270161738198587,17.036501640107307,-44.12073513854126
459030000,-0.04078146626125205,-0.6848551065280051,5.370811508857741,3.272653559745553,17.04974959492403,-44.120081775150766
459040000,-0.04118725177574105,-0.685517613604614,5.384754324277052,3.26397851711477,17.00023849691474,-44.1129523311122
459050000,-0.041058074907404166,-0.6856655696762516,5.387608265609535,3.2622085648445633,16.994775756435015,-44.124350208276795
459060000,-0.041054938691172035,-0.6855569539120638,5.385393326526112,3.263582053023228,17.00127718307717,-44.12177473707205
459070000,-0.0408563661198253,-0.6851805488066156,5.377501647547286,3.268485225334353,17.028588988351153,-44.12394148097505
459080000,-0.041574469934661365,-0.6853648976003903,5.382123937484074,3.265611547419862,16.999411361742645,-44.08618493702875
459090000,-0.041444720751422325,-0.6850783128242043,5.3761439293414455,3.2693302913571864,17.019648258198167,-44.086552689681305
459100000,-0.04190418396351171,-0.684948968603702,5.374087346716056,3.270611184436632,17.01557668855744,-44.05611460220151
459110000,-0.04184777197512628,-0.6845278874548261,5.365490903776,3.2759762848535035,17.04188362972811,-44.04869905806713
459120000,-0.04182876216144189,-0.6849376490849856,5.3737643641150115,3.27081243866174,17.01816849730147,-44.06027981152043
459130000,-0.04162659657083092,-0.6851137925069318,5.377087699264116,3.268742826676002,17.01291780455099,-44.07671080517502
459140000,-0.04212722253992088,-0.6853455084093064,5.382415947700757,3.265430176333452,16.986483575823605,-44.05305288056213
459150000,-0.042356667506025104,-0.6848836981472808,5.373328350279879,3.271084163719882,17.0078870595536,-44.027741103423324
459160000,-0.041753520429575586,-0.6845254989187184,5.365326219305983,3.2760792394567857,17.04443213774524,-44.05420520190573
459170000,-0.042263899843653675,-0.6838997259932167,5.353328993008788,3.2835971133746265,17.068330312375924,-44.00806046370496
459180000,-0.042307782646827524,-0.6840829924530709,5.357077560450011,3.2812443848796216,17.05638898047744,-44.01016283345293
459190000,-0.0424809963683752,-0.6840771211176407,5.357175640924767,3.28118287203337,17.052301467668926,-43.999790415466414
459200000,-0.0422349829726302,-0.6845581390635954,5.366583712197717,3.27529326753013,17.03020613975032,-44.02661005026125
459210000,-0.042452510796067246,-0.6845329047695897,5.3663454604986445,3.2754421529052413,17.02613735693593,-44.01312867997358
459220000,-0.0417172654190113,-0.6846890498046911,5.368590386357802,3.274039824161395,17.035696537934065,-44.060522839747556
459230000,-0.0421319812362871,-0.6847993793864754,5.371338782829051,3.272324647807678,17.01859688086709,-44.0388495677155
459240000,-0.042167904279920655,-0.6841346215245714,5.357944749200006,3.2807005935203386,17.05692119877145,-44.01974117272613
459250000,-0.04222776084546016,-0.6843330957319943,5.362025736423998,3.2781439599990496,17.043673821931076,-44.02128457851661
459260000,-0.042184326836192554,-0.6844245292572164,5.363819030044523,3.277021782369654,17.039387030499448,-44.02618589490048
459270000,-0.04227133373596441,-0.6836952236302863,5.349221421822885,3.2861790881017368,17.080212076667298,-44.00238125376888
459280000,-0.04220714902555383,-0.6836517416737674,5.348267019723642,3.2867796032915364,17.084424649551604,-44.00505580270594
459290000,-0.04210781028358045,-0.6841748048878898,5.358680806295683,3.280239174464543,17.056086388855025,-44.02431722410366
459300000,-0.04204638590115956,-0.6844839612645099,5.364848825856692,3.2763777250836874,17.039403537028445,-44.03584822584641
459310000,-0.042283366918608734,-0.684299980971712,5.36142625672006,3.2785192659481988,17.044206444598306,-44.01715565118939
459320000,-0.0462458684347379,-0.6843064265522572,5.366736281481394,3.27519793296831,16.942354018489254,-43.784242734379745
459330000,-0.04260308730593355,-0.6846697952239487,5.369304801243033,3.2735938083151495,17.014215043552017,-44.007743166694624
459340000,-0.04274307442692959,-0.6844245669277029,5.364520483422959,3.276583049952194,17.025100604646486,-43.9932199787873
459350000,-0.04240910864392504,-0.684241359398253,5.360399696147417,3.279162149053516,17.04444980449293,-44.00823543648103
459360000,-0.04238343308769593,-0.684367735499643,5.362919940279096,3.277584302707375,17.03764897666868,-44.0129827154716
459370000,-0.04197220053236763,-0.6842392982223222,5.3598142452181525,3.2795289016855134,17.055746970355866,-44.03397444320265
459380000,-0.042384109196723176,-0.6839286541759543,5.354061655921297,3.2831370008090106,17.063543784112593,-44.00170612720091
459390000,-0.0426787281713108,-0.6833657624928017,5.343108667481372,3.290029115520766,17.089203512036168,-43.96988590478354
459400000,-0.04255373472906608,-0.6827831836337163,5.331276907301518,3.2975071694806006,17.126794126960952,-43.962286714211736
459410000,-0.04250450791473843,-0.6837554544569554,5.350724298488446,3.2852339196070095,17.070679881154938,-43.99016297263507
459420000,-0.04251644673910107,-0.6838121063573083,5.3518796798138695,3.2845076670680418,17.067030971826924,-43.990910512180136
459430000,-0.04244591153168948,-0.6837803775267282,5.351152693506421,3.2849646000671715,17.070711047963833,-43.99425966760929
459440000,-0.04218856268823426,-0.6838654396870337,5.352544721745338,3.2840897806332454,17.07228421326232,-44.0116297342611
459450000,-0.04228106075246649,-0.6840743874118349,5.356870703540601,3.2813741263778806,17.05758088667992,-44.01151982293331
459460000,-0.04205535138478635,-0.6842239625506152,5.359607753787254,3.2796582769511584,17.054525855476797,-44.02867211114718
459470000,-0.04222692814684951,-0.6840687775040655,5.356690146356178,3.2814873810673193,17.059297658267756,-44.01457161631593
459480000,-0.04142473314345732,-0.6843545221368423,5.361467181946024,3.278493641830342,17.062934887036825,-44.0692652066966
459490000,-0.041526043636083504,-0.6837059321823843,5.348518064740379,3.2866216228246827,17.098680059363875,-44.04668119295176
459500000,-0.041763804394860646,-0.6834971820488874,5.344612899689842,3.2890808506685065,17.104922277909655,-44.02727862598711
459510000,-0.04188022775950425,-0.6829985269766469,5.334753699222742,3.2953061580789846,17.13139755384068,-44.00759743925239
459520000,-0.041811389086050414,-0.6835756870358577,5.346248893032649,3.288050151610797,17.099063526205736,-44.026480157436886
459530000,-0.04171546829483991,-0.6837110100323441,5.348852167343339,3.2864113987677195,17.093526399081412,-44.03561634352562
459540000,-0.04141616178741324,-0.6843434196902036,5.361232474610292,3.2786406023787324,17.063810170792436,-44.0694881390782
459550000,-0.0415733582037798,-0.6838130344057594,5.350731001692739,3.285229705152487,17.09113764294377,-44.04662816306409
459560000,-0.04146641239154635,-0.6836419287586504,5.347158135480731,3.28747759849867,17.10399148804998,-44.04856615870152
459570000,-0.04134064078278511,-0.683392212848329,5.341988292570982,3.2907357571381093,17.121980590255237,-44.0496001499142
459580000,-0.04156695649322354,-0.6837667640173248,5.349791942644405,3.2858202192080217,17.09403635491538,-44.04582138216067
459590000,-0.04164540167524382,-0.6838242324118459,5.351044656928672,3.2850325153210695,17.08863073078229,-44.04265726057714
459600000,-0.04169796947685407,-0.6832967454850306,5.3405080963836555,3.2916698159577953,17.11845597049153,-44.0260266127323
459610000,-0.04175165802281508,-0.6826466573104222,5.3275572935713935,3.2998651980249067,17.155497802176757,-44.00614651449815
459620000,-0.04094473949248444,-0.6823023401252006,5.319709880938647,3.3048512347037082,17.19663700953112,-44.04501117177486
459630000,-0.040193578929001314,-0.6814212930258109,5.301309817543599,3.316602156848349,17.268204460048622,-44.06678505926408
459640000,-0.040953160613734614,-0.6814480015960669,5.302735756921918,3.31568847983677,17.246997087791915,-44.02247239615875
459650000,-0.041429877492568476,-0.6814379705449992,5.3031082169908625,3.315449908305288,17.23526931764956,-43.99399946463752
459660000,-0.041631965530959276,-0.6817018605782665,5.308589502140495,3.3119429993939957,17.21443936161829,-43.98886544076435
459670000,-0.04137434759039075,-0.6822256285325233,5.318697555069393,3.3054955502307584,17.1901086729382,-44.01761405649088
459680000,-0.04111250497037099,-0.6824746254161427,5.323347265532171,3.302538242938218,17.182121128430595,-44.03951804718016
459690000,-0.04073757268819834,-0.6827914406387521,5.329226679160335,3.2988064782667426,17.173012215007965,-44.06985870978143
459700000,-0.04152872118019103,-0.6829568933284754,5.333490280012019,3.2961056318706023,17.14289150195066,-44.027302998713736
459710000,-0.041158702248349464,-0.6818873964853244,5.311705523857983,3.3099527240023443,17.215680566690907,-44.02165138286221
459720000,-0.04157539738764999,-0.681965683206116,5.313765288453503,3.308638433079254,17.200298612910768,-43.99902078154835
459730000,-0.04164868705697991,-0.6816790518118278,5.308156788643424,3.312219575119762,17.21535621536532,-43.98728751969145
459740000,-0.04161587179544798,-0.6817502298395866,5.309530843579201,3.311341487450212,17.21199470745889,-43.9910662659196
459750000,-0.0415630014514042,-0.6813297176034743,5.301123169070355,3.3167217904123625,17.23823052387574,-43.98332558966858
459760000,-0.04165738016943185,-0.6814250033533125,5.3031261128328175,3.3154384463717177,17.230154502726712,-43.98020801236259
459770000,-0.041920522896745034,-0.6815615645552331,5.306155161643176,3.3134995554616458,17.215278157099323,-43.96818100425087
459780000,-0.04139213922809152,-0.6810726634919272,5.295827847039794,3.3201195050068315,17.25785863203113,-43.98678191793796
459790000,-0.039720179460533925,-0.6802160442708092,5.276966575087596,3.3322791963607594,17.351956477550974,-44.06366473797814
459800000,-0.037487776196183306,-0.6791956325032453,5.254483739797395,3.3468919925196445,17.47064754510144,-44.16993644283024
459810000,-0.03878121845662118,-0.6797595857233891,5.2669393000881275,3.338780469395429,17.403451075299753,-44.10759567577398
459820000,-0.039649640196000285,-0.6809276655169059,5.290911869895014,3.323280128040928,17.311547328494004,-44.086289277300395
459830000,-0.04151095912143024,-0.6815526749644953,5.305481289576137,3.313930701718552,17.226388481930808,-43.99216781810196
459840000,-0.041547932412917564,-0.6812004366584666,5.298544277392141,3.3183756425652104,17.24626722640099,-43.980872288953684
459850000,-0.04156986111913874,-0.6806313123185016,5.287322718718465,3.325591546040116,17.279365538459675,-43.964830942012135
459860000,-0.04199606780870571,-0.6802506537858873,5.280337150080809,3.3300996054353247,17.29081368063301,-43.92974351265829
459870000,-0.04191413651718036,-0.6807624730343319,5.29032821062379,3.3236557839126837,17.262680871463306,-43.94787187170616
459880000,-0.04217026293620063,-0.6812568452998548,5.300418735274492,3.3171733805847454,17.2268265706926,-43.94554077952442
459890000,-0.042279609002971084,-0.6813406740621591,5.302214112332668,3.316022666823772,17.219044192684237,-43.941250010511325
459900000,-0.042352659159524686,-0.680938482728167,5.294342180079929,3.321074041228459,17.24091126778796,-43.92651920019661
459910000,-0.042725420251595904,-0.6809310725516285,5.294656092843942,3.320872307005462,17.231686320220902,-43.90431400860691
459920000,-0.04261250141504889,-0.6809154442002431,5.294207204016991,3.3211607904417835,17.235536450572038,-43.91057569916654
459930000,-0.042947744576408924,-0.6806571899601471,5.289521604028277,3.3241750750653374,17.242085254372313,-43.88408626828242
459940000,-0.04300578069773831,-0.6807336559867749,5.291103751502917,3.3231566476139935,17.236066486782,-43.88264590738738
459950000,-0.043113519097544954,-0.680740482155113,5.291373168284558,3.322983287113734,17.232867838886346,-43.87646601389177
459960000,-0.04353187497989738,-0.6810376914129956,5.297775519333136,3.3188689728039815,17.2044879916125,-43.859502955079215
459970000,-0.043501847014688545,-0.680963587108509,5.296271333534459,3.3198346739924887,17.20963534939611,-43.859351573467215
459980000,-0.04336413892014242,-0.6809035423627583,5.294910111762959,3.320709081372879,17.216747475574557,-43.865913878917326
459990000,-0.04337550727739291,-0.6806480437893393,5.289876521939718,3.3239465596366613,17.23151972111858,-43.85861280046099
460000000,-0.04284889560689262,-0.6810232777967915,5.296633226634151,3.3196022833178147,17.223042956708156,-43.89941558235978
460010000,-0.04537370902758442,-0.6795304699468715,5.270450195603941,3.336501229500934,17.245293171321652,-43.71185660765225
460020000,-0.04528490579730226,-0.6789413577875097,5.2587998205128175,3.344076686905653,17.282253012823173,-43.701677850868315
460030000,-0.04521136525163446,-0.6788304961412904,5.256538286781634,3.345551248445293,17.290697939004914,-43.7031010054423
460040000,-0.045619487172849096,-0.6788695150153023,5.25783373167313,3.3447064335533745,17.277718340717175,-43.680127026696006
460050000,-0.045842269957557844,-0.6786594558035782,5.254025572557737,3.34719112894027,17.284226336188635,-43.66153266241157
460060000,-0.04615404942494635,-0.6783351665026139,5.248116162594346,3.3510542276478166,17.29509836229516,-43.63471304965991
460070000,-0.046251320487405774,-0.6780869581327992,5.243415055323922,3.3541338882831266,17.3071200908122,-43.62248288661276
460080000,-0.04628452709677346,-0.6783639949542202,5.248850792049854,3.3505734944840655,17.28998100630611,-43.62780787984394
460090000,-0.046420532766926294,-0.6785908113221157,5.253453248950132,3.347564873864169,17.273097505630233,-43.62577413861339
460100000,-0.04605239652524836,-0.6785519599678153,5.2522062710020405,3.348379481505503,17.285032576223948,-43.64637075805702
460110000,-0.0459758631783849,-0.6783884459994064,5.248918221963808,3.3505293761115023,17.296644914407505,-43.64657729838349
460120000,-0.04572099384624286,-0.6781801924577285,5.244528921930967,3.3534036845693866,17.315571385068232,-43.656087451601806
460130000,-0.045540562177741856,-0.678510415683889,5.250722820627104,3.3493490913148993,17.300894440782763,-43.6753575277839
460140000,-0.045903387630123416,-0.6785060471149952,5.251114251262218,3.3490931900135608,17.29163721754072,-43.65391996274556
460150000,-0.04570611158111521,-0.6781635925305887,5.244186508965074,3.3536281217224633,17.316937804934184,-43.65652631686963
460160000,-0.046386802384839984,-0.677589586742167,5.233938208435127,3.3603595539306093,17.332762157099438,-43.60144678837229
460170000,-0.04643763227931203,-0.6769470064453204,5.221573549493089,3.3685175900553443,17.3691537107307,-43.58152413909074
460180000,-0.04665923104582958,-0.6761951497800313,5.207383258811519,3.377929720896974,17.40744193567831,-43.548639274351316
460190000,-0.04686556382238397,-0.6767268753532637,5.217894901323131,3.370952459553183,17.37077516333115,-43.55059115703574
460200000,-0.046699261033511755,-0.6769847974245355,5.222650918561736,3.3678051617006535,17.360030026394863,-43.56716201070246
460210000,-0.04670820137710795,-0.6776041568063161,5.234648732989737,3.359891974714219,17.3234451291547,-43.58296439257734
460220000,-0.04642215695431561,-0.6768918874881944,5.220488972279143,3.369235093237521,17.37279889349792,-43.58097800711354
460230000,-0.04595771802976268,-0.6769182899073641,5.220386874622939,3.3693026519863274,17.383505741452716,-43.608959222928455
460240000,-0.04655497750333878,-0.6767832519834173,5.218568793799912,3.3705061485893624,17.375670639073967,-43.5703106476608
460250000,-0.04669846309029004,-0.6768498157605227,5.220043806324689,3.3695296828282033,17.36797381343607,-43.56364537801997
460260000,-0.04631815159281045,-0.6776578389546657,5.23517053272385,3.359548674680216,17.33056148456176,-43.60727444303078
460270000,-0.046750822652927966,-0.6773504770603921,5.229790836408204,3.363091471630063,17.337209026345292,-43.5737805701573
460280000,-0.0460809516550094,-0.6767481738666556,5.217266583897755,3.3713686945275962,17.390249626195445,-43.59722667618794
460290000,-0.046144104720064694,-0.6768302722773367,5.2189330631679605,3.370264947143496,17.383758328714677,-43.59568370257957
460300000,-0.046571047147555646,-0.6767260565767051,5.2174870276347525,3.371222647583706,17.378604184416186,-43.567856412268945
460310000,-0.04709073394457601,-0.6765860288218366,5.21548113222954,3.372552052599465,17.37308729452298,-43.53365769014726
460320000,-0.04724306922009852,-0.6758640291915219,5.201803623862127,3.381645183434878,17.411404679472163,-43.50560525939633
460330000,-0.04695343825160604,-0.6763147106093945,5.210073740564089,3.3761410896839354,17.3926370639788,-43.53453569935668
460340000,-0.04700737532995887,-0.6765953594659561,5.215549231959115,3.37250690216844,17.37474379015451,-43.53879453739309
460350000,-0.04653409483051554,-0.6764201454817019,5.211544806481331,3.3751639364310537,17.39754252527558,-43.56194006984472
460360000,-0.04696512838049479,-0.6762237653932266,5.208340400183634,3.377293193820072,17.397664133871814,-43.53144243668766
460370000,-0.047161505371473796,-0.6758939920899013,5.202269200562894,3.381334840817238,17.41180961185744,-43.51118416676274
460380000,-0.04768378889552362,-0.676311795652295,5.211000729292403,3.3755252721112634,17.373474973769962,-43.491630129049526
460390000,-0.04869298449241771,-0.678260076758876,5.25011113523898,3.3497490654259465,17.232800048143233,-43.48396031603041
460400000,-0.05259051873446095,-0.6781118227212692,5.252893469675554,3.347930508698877,17.138812696808902,-43.25292869625433
460410000,-0.04960374162521336,-0.6834378052719141,5.353957784099325,3.283202224411585,16.906787587849,-43.56561076662156
460420000,-0.048709475690894816,-0.6784613943706056,5.2540587223825215,3.347169483673249,17.220595842811054,-43.488287502971865
460430000,-0.047761433420184636,-0.6764232658852578,5.213251686636237,3.3740308614957346,17.3648875778994,-43.490031039501055
460440000,-0.0473941668062521,-0.6754437764090403,5.193954365556386,3.3868860147979603,17.432043050369646,-43.48559048003931
460450000,-0.047454721691056634,-0.6757397444442358,5.199704519790535,3.383045114106623,17.413079658030846,-43.48989629525255
460460000,-0.04706922077553162,-0.6760077911254633,5.204329983247738,3.379961863330248,17.407579323514277,-43.51961446240632
460470000,-0.04705207665403117,-0.6760254363411042,5.204645878989854,3.379751500492384,17.40699831883998,-43.521087887584414
460480000,-0.04748621480365484,-0.6755595682931856,5.196294674563008,3.385321705471554,17.42280852266686,-43.48326763156942
460490000,-0.04727683445288542,-0.6750511801894585,5.18629390466419,3.392016674529489,17.45818964153542,-43.4820374450013
460500000,-0.04781477480145228,-0.6754477582969676,5.194597863449836,3.386455742034032,17.42063665585816,-43.46103814081343
460510000,-0.04803776175237492,-0.6751630335689107,5.189455835321861,3.3898970376442072,17.43139220037535,-43.44040355917762
460520000,-0.04826326735729508,-0.6753109515533471,5.19259080640029,3.3877981201513703,17.416731344704672,-43.43112881345593
460530000,-0.04841289539881798,-0.6748191061933343,5.183402765100795,3.3939571341902433,17.44154955163879,-43.40927738342818
460540000,-0.047947029331825576,-0.6747801316216702,5.182025608652271,3.3948822374923386,17.456242487648616,-43.43552766549789
460550000,-0.04807248434881929,-0.6743447496087825,5.17390786888716,3.4003457151943217,17.47840982196729,-43.41656903975049
460560000,-0.04566528753957234,-0.6769057703827775,5.219763267245433,3.369715357000849,17.391957866481018,-43.62581956273235
460570000,-0.043020078867086566,-0.6774380186783544,5.226700844600151,3.3651298072558387,17.430256597066297,-43.795723930555965
460580000,-0.04201571330970962,-0.6787250584669726,5.250474308830441,3.349511578686264,17.38051509127659,-43.88882380631495
460590000,-0.043641587266561435,-0.6772984182976608,5.224769847924429,3.3664048739324226,17.422151897839072,-43.75536333142265
460600000,-0.04633832488716475,-0.6756892618106756,5.197252163228511,3.3846821226229458,17.445655704880846,-43.55408210865482
460610000,-0.04827133664700062,-0.6743411778581082,5.174110016421316,3.4002094477466613,17.47331268742937,-43.404824267317956
460620000,-0.048468351336472176,-0.674364758770588,5.1748270480379475,3.3997261866474004,17.4666739954251,-43.3939157781768
460630000,-0.04859400003563494,-0.6742935256656896,5.173644723487658,3.4005231178134894,17.467490691838186,-43.384658089661635
460640000,-0.04830943677195516,-0.6744855165802993,5.176907191692732,3.398325009529196,17.463842225143658,-43.406443629693705
460650000,-0.0485579219549775,-0.6741730511113693,5.171306261689174,3.4021004437248576,17.475507096631986,-43.383553299382235
460660000,-0.04876751217418087,-0.6740637545215118,5.169518260408122,3.4033074762484494,17.476305698709652,-43.36836470670495
460670000,-0.048820187026651245,-0.6745033695707088,5.177946817596983,3.397625159624992,17.449172633613486,-43.37701998767181
460680000,-0.04886616688133033,-0.6743887000203592,5.175828341501311,3.399051573014317,17.454655390009464,-43.37126965783486
460690000,-0.04871446150606553,-0.6736936646683074,5.162428576228464,3.4081020860929954,17.49938648205871,-43.36157334633793
460700000,-0.04887157001141726,-0.6738818761672448,5.166210740464659,3.4055425837035025,17.484168004016087,-43.35741290579254
460710000,-0.04923767358063145,-0.6742748443935821,5.174177229825168,3.4001641417095483,17.451396309318714,-43.34649898281661
460720000,-0.04924539102630846,-0.6735264912879887,5.1599947449807875,3.4097511931728937,17.49495412216208,-43.32603223072319
460730000,-0.04891823708807012,-0.6734873486251134,5.158803155221624,3.410559176052443,17.50600652143336,-43.34412325083108
460740000,-0.04863766624545775,-0.6731554242975979,5.152147246752633,3.415079500011411,17.53295507366344,-43.35165185268248
460750000,-0.04864979156135834,-0.6729401090203595,5.148102324897676,3.41783252040593,17.545237442831812,-43.345166150186294
460760000,-0.048457980073164965,-0.6730864715806003,5.150601505313012,3.4161310189614573,17.541811537661495,-43.36032580807292
460770000,-0.04875143073697874,-0.6730187096613757,5.149723044155926,3.416728900599699,17.53790821102373,-43.34132426925033
460780000,-0.04895808872465819,-0.6726654301601116,5.143349840455834,3.4210728657943177,17.55303917976042,-43.31974236809012
460790000,-0.04920515662912577,-0.6723025233271741,5.136866045863041,3.4255037058071247,17.567632325069695,-43.295526542521834
460800000,-0.04822688431222552,-0.6720301006542729,5.130424743002403,3.42991703504015,17.609916231683297,-43.34548129837082
460810000,-0.04836306696948555,-0.6718186153158073,5.126646723469217,3.432510950368706,17.618642572776402,-43.33180388936707
460820000,-0.048349687176755536,-0.6721067458257614,5.132027076945212,3.4288181023715825,17.602118643382816,-43.34034771803239
460830000,-0.048835160943237726,-0.672878300979304,5.147190474095316,3.418453757653543,17.54388073979978,-43.33265455447948
460840000,-0.04892920244875796,-0.672860097161607,5.146976184986371,3.4185997844438365,17.54242159833173,-43.326661373415114
460850000,-0.049077457209133396,-0.6732366031084239,5.154282670133301,3.413627917190381,17.516411814923394,-43.32808738953499
460860000,-0.04900138500790842,-0.6725896384568649,5.14198304059072,3.422005931740177,17.556311488446944,-43.31517171366873
460870000,-0.049150374734971275,-0.6725997825187672,5.142378401400272,3.421735979903176,17.551713486446644,-43.306725988857046
460880000,-0.04972195497951507,-0.6723683620815462,5.1388171270042475,3.424169170354843,17.54987543350224,-43.267075522796596
460890000,-0.05014840500913404,-0.6724302239333141,5.140575167064318,3.4229675763857226,17.534785271347516,-43.243822079514096
460900000,-0.05004487771851135,-0.6716829292183542,5.126412800030379,3.4326716883513324,17.581231804123675,-43.229733034845644
460910000,-0.04946444097183085,-0.6719557765394848,5.130717708997373,3.429716056142807,17.580933759239535,-43.27102191418813
460920000,-0.049589747811377774,-0.6717351287643762,5.126758015648806,3.4324344824939694,17.59045918049004,-43.257745129013166
460930000,-0.048888725328119366,-0.6719263290650526,5.129376366390495,3.4306364320164136,17.598169800042392,-43.30391679160221
460940000,-0.0492685286400708,-0.6716450309095715,5.124629846187311,3.4338973272198166,17.604394098347754,-43.274103934726185
460950000,-0.04912059840365252,-0.671148485897225,5.115153707079723,3.440426325994202,17.637446981595108,-43.26935359073524
460960000,-0.049168147916014454,-0.6720012257185317,5.1311620181303,3.4294112991953574,17.586258143291364,-43.28957984879331
460970000,-0.049090794025000994,-0.6719501365236458,5.130098492786136,3.430140875474972,17.59133188741244,-43.292730189070255
460980000,-0.04935491833139752,-0.6725760952062274,5.142214556660291,3.421847847639792,17.547600968445938,-43.29412375761905
460990000,-0.049226510352893875,-0.6719910450218565,5.131051273403593,3.4294872551945934,17.58528155444925,-43.285890636327345
461000000,-0.04917324545496257,-0.6718292839742753,5.1279475721614505,3.431617364246582,17.596182217235295,-43.2846480742148
461010000,-0.05012424990349334,-0.6715229180992965,5.1235304027569555,3.4346535490986305,17.58843835999978,-43.22077636189486
461020000,-0.050588205581532715,-0.671746349084935,5.12836191145814,3.4313328429778824,17.56286641023558,-43.1997128881405
461030000,-0.05044364794984689,-0.671466312138386,5.122919308517838,3.435074019342605,17.583118731292036,-43.20059204116201
461040000,-0.050312785561855956,-0.671136539339114,5.1165780296757,3.439443371277782,17.6059149172897,-43.19932157368969
461050000,-0.05108044738456631,-0.6708943350153863,5.113143948444137,3.4418142708782504,17.599279040295013,-43.14795644054543
461060000,-0.051539116390824896,-0.6708930337275351,5.113773318882793,3.441379503918201,17.586933075608165,-43.121175298800594
461070000,-0.05141063701417449,-0.6710145695367206,5.115855093552309,3.4399422134489925,17.58332725950872,-43.13195591941418
461080000,-0.05117993504253267,-0.6706491439357164,5.108720234630113,3.444873300303149,17.610886171257107,-43.13551031551423
461090000,-0.05128086329802694,-0.6705291086672516,5.106631257427166,3.446319758533212,17.61515072999023,-43.12636930263364
461100000,-0.05121677511766782,-0.6709668598301131,5.114689197308029,3.4407470169601275,17.59135755335942,-43.141968433823315
461110000,-0.050682613176338105,-0.6708000188241195,5.110825350673641,3.443416910964745,17.615556842786027,-43.168618414485856
461120000,-0.050413381555585654,-0.6707804866293758,5.110084052542661,3.443929623357457,17.62398881394593,-43.183810222659204
461130000,-0.05057756771769319,-0.6703005522713398,5.101393145932455,3.4499521707675163,17.647566394818906,-43.161211991958254
461140000,-0.05103398769288284,-0.6711763863837411,5.118337510193355,3.4382299023913276,17.584082738847933,-43.15830026514269
461150000,-0.05113569858443797,-0.671023124012906,5.1156228699334365,3.4401024840722267,17.59027074475754,-43.14822024321342
461160000,-0.050820170324918784,-0.6702735984017735,5.101233455653417,3.450063031184956,17.642556755279195,-43.14631675507155
461170000,-0.05118058908775206,-0.6697141706272007,5.0913762473891175,3.4569201193600776,17.665410014218963,-43.11008443101981
461180000,-0.049851421294516966,-0.6707891886578252,5.109464300562068,3.4443583881436455,17.638696679778384,-43.2168834059931
461190000,-0.05114772376351622,-0.6700627754199782,5.0977852342133065,3.45245862246239,17.64596560131682,-43.12147801119175
461200000,-0.051441137959483234,-0.6699916484784356,5.09688326350964,3.4530858069972776,17.642141814020693,-43.10243195214815
461210000,-0.05094582165188672,-0.6702270171881198,5.100546062145651,3.450540316924584,17.64186496892482,-43.13771886347617
461220000,-0.05083363809573412,-0.670163793789694,5.099215189531977,3.4514647771942935,17.64860053649809,-43.14255000654335
461230000,-0.05074120210081628,-0.6697929274229816,5.092214814553144,3.45633570225742,17.6727623281383,-43.13787019671322
461240000,-0.05074870211430923,-0.669742384549209,5.091290198985248,3.4569800998365032,17.67550935597731,-43.136058051227266
461250000,-0.0511375786330511,-0.6696083504996438,5.089358616601624,3.458327074341149,17.672754159427125,-43.109714853302734
461260000,-0.05142864532209122,-0.6693817596983047,5.08558435873107,3.460962096435999,17.678047714190683,-43.086566904397955
461270000,-0.05204149181109163,-0.6696869323192107,5.0920997346264265,3.45641589230223,17.643574095051584,-43.05915496625351
461280000,-0.05181182137346844,-0.6697413032805974,5.09277627936565,3.455944516159826,17.646655810479825,-43.07401619229184
461290000,-0.05146958439997939,-0.669409387813435,5.086152595492588,3.460565118211089,17.67532141851835,-43.084931939994874
461300000,-0.05114711136896516,-0.6695972411336047,5.089166711107825,3.4584609562806574,17.67314294723743,-43.108856340094704
461310000,-0.051676612329976605,-0.6699209349431342,5.095908830912743,3.453763637329831,17.639863789415525,-43.08678186618632
461320000,-0.05198356923643138,-0.6700444372172322,5.098637787957976,3.4518660121290505,17.624323296643915,-43.07225223905784
461330000,-0.051842635935986994,-0.6695737271388177,5.089720844823215,3.4580743961921856,17.655582803583364,-43.06765973527347
461340000,-0.05147670580998176,-0.6693618384288973,5.085284779192998,3.461171424083756,17.677900314401736,-43.08322145906121
461350000,-0.05188888978479151,-0.6691941977939887,5.082778686878153,3.462923531862571,17.676439919548027,-43.0546242681399
461360000,-0.05119258679326916,-0.6693505282563321,5.084673777233727,3.461598433985458,17.686299447246427,-43.09948610743073
461370000,-0.0514987397503257,-0.668309555164932,5.0659517957868205,3.474734585331991,17.73866964050533,-43.05321391603348
461380000,-0.051796185763748843,-0.6680814408329753,5.062191511454472,3.47738515590922,17.743832751989814,-43.02962684698617
461390000,-0.05138655158728596,-0.667964255109152,5.05946624423258,3.479308720256066,17.7618830412108,-43.050308815613725
461400000,-0.05253833974817943,-0.6680988017259113,5.06357147841627,3.4764119611406503,17.722500558643294,-42.98686305710909
461410000,-0.052245147136834875,-0.6681309119454515,5.063738605979125,3.4762941351602534,17.7286584538416,-43.00481732867774
461420000,-0.05219120573181242,-0.6684487501348894,5.069492336522597,3.4722426486370255,17.71161903916741,-43.016655974482426
461430000,-0.05173805134070977,-0.668299110680595,5.06609926866733,3.4746307172455886,17.73273315931028,-43.038972752417145
461440000,-0.052401051740807274,-0.6683618566969248,5.068198461439281,3.4731528959323805,17.71094077778899,-43.00205707898169
461450000,-0.05192868784006133,-0.6679964937630857,5.060824044128231,3.478350080364869,17.745156450215536,-43.01957680334331
461460000,-0.052343064483474325,-0.6679804996137839,5.061123400795745,3.4781387992605395,17.73473828611645,-42.99499454940294
461470000,-0.05259718089861651,-0.668727543426561,5.075201412327871,3.4682320525315258,17.68428796977194,-43.0006354225274
461480000,-0.0528251248642463,-0.6675764631975165,5.054427239823868,3.482871066246682,17.745045340432668,-42.95584964630555
461490000,-0.04840557163078403,-0.667964801343139,5.055402341665391,3.482181137063585,17.84342146893754,-43.22470117499238
461500000,-0.05236739801062937,-0.6671452271082157,5.045900851769033,3.4889156997273347,17.78272463260789,-42.97065958572966
461510000,-0.05258915436340003,-0.6671887299010963,5.047011498997856,3.488127121657845,17.77409722597905,-42.9589395453557
461520000,-0.052910693789674314,-0.6677321273183067,5.057396610227246,3.4807709629666093,17.733638847502686,-42.955140474323485
461530000,-0.05274413601876987,-0.6680454852498626,5.062891625020146,3.476891345488389,17.71996779186414,-42.9734226929138
461540000,-0.051966712647758775,-0.667570094496042,5.053080118329635,3.483824672246629,17.768968254398736,-43.005673086004386
461550000,-0.052299754413896955,-0.6673963554384937,5.0503831935159775,3.4857353737210883,17.769953053988196,-42.981497892357794
461560000,-0.052152780009727284,-0.6676857365311559,5.055458188893217,3.4821416309800393,17.757125567420967,-42.9980010025723
461570000,-0.05256186482478798,-0.6669515162232055,5.042651830963688,3.4912246347418137,17.78866109041261,-42.954007558042925
461580000,-0.0517681772024247,-0.6673464708129244,5.04871702900919,3.4869168699458717,17.78745379584166,-43.01111122830881
461590000,-0.05215359249654019,-0.6671490277467454,5.045664946239289,3.4890832431185945,17.788378274936505,-42.983221253223256
461600000,-0.05282555422247706,-0.6673060011391526,5.049490302162606,3.486368432228027,17.76077515494115,-42.94839892647399
461610000,-0.05329912692917822,-0.666585453336637,5.037059983210858,3.4952057736867417,17.7896722216125,-42.90102235357109
461620000,-0.05294628605227818,-0.6668342593990421,5.041071623466059,3.492348737978708,17.784911603981786,-42.928401882056214
461630000,-0.053083148309420264,-0.6658756773486979,5.023882324169746,3.5046241562218445,17.836924956487316,-42.894009297527475
461640000,-0.052813235728604815,-0.6660470762801977,5.026595420668557,3.502680839217213,17.834400068530726,-42.914452728739164
461650000,-0.052908827715472236,-0.6661967983998763,5.029444515105389,3.500642460441803,17.823046370431083,-42.91301882969633
461660000,-0.05300338676766453,-0.6659940123967906,5.02590834228039,3.5031727681566043,17.832240390028996,-42.901918944337346
461670000,-0.05330080497680149,-0.6658346184863145,5.023454236112808,3.5049309836631553,17.833301641287196,-42.88021076751034
461680000,-0.05281483471935879,-0.6665478173120782,5.035676365228132,3.4961922667041567,17.805203690013727,-42.92816650330248
461690000,-0.05241044342171581,-0.666160636957481,5.028075682798787,3.5016214885225865,17.83889924379244,-42.941045115256635
461700000,-0.05200663293115882,-0.6660859707053148,5.026150571946316,3.5029993224976543,17.85438934481746,-42.962520747069
461710000,-0.05207347208081618,-0.6661877819387356,5.028088713438781,3.501612166019,17.846610370798977,-42.961431947893665
461720000,-0.05215043846861055,-0.6663538302145955,5.031207100577211,3.499382625727776,17.83480958158532,-42.96152292856328
461730000,-0.05240737663607429,-0.6662124474570419,5.029009895168743,3.5009532529489755,17.835965276311867,-42.942652679610184
461740000,-0.05107944375347839,-0.6663416160007046,5.0294817855798115,3.5006158112900527,17.865030741633056,-43.02366916512881
461750000,-0.04991219240028724,-0.665635276831171,5.015109396501287,3.5109229517409606,17.938510997941066,-43.07243015458832
461760000,-0.04907392712403236,-0.6669598912073929,5.037970039419597,3.494557228635386,17.88401893802811,-43.15798602463489
461770000,-0.050870118136131195,-0.6660903495330287,5.02464134803642,3.5040802679829226,17.885475391091482,-43.02897118405868
461780000,-0.05193154911960534,-0.6662015032207349,5.028136587076014,3.50157791624106,17.84972364594787,-42.97008481575873
461790000,-0.05267797202054044,-0.6658787383889753,5.023355759993752,3.5050015730502917,17.847936441162005,-42.91768187475171
461800000,-0.05285137681544963,-0.6658472292548776,5.023034463853331,3.505231903727814,17.84498228590564,-42.906714536058374
461810000,-0.0531741167345877,-0.6657718766685945,5.022136763269708,3.5058756096956634,17.840452277771416,-42.88584813217598
461820000,-0.05324349106549634,-0.66569683512778,5.020880841102603,3.5067765845842698,17.842901354995867,-42.87973778239894
461830000,-0.05298310892456822,-0.6654645582235709,5.0163120894521,3.5100580839832562,17.863618677605086,-42.88846861833231
461840000,-0.05329999911811339,-0.66521565105788,5.0122809834175825,3.5129585936269354,17.869334214055538,-42.863138121967374
461850000,-0.05349250918844409,-0.6650817122206006,5.010147144407749,3.5144959265980513,17.87179365835489,-42.84822943122368
461860000,-0.05334198993180048,-0.6649376647497899,5.007337513958141,3.5165222176122866,17.88434451201302,-42.85299356176878
461870000,-0.053571869912630105,-0.6648678542931759,5.006414459895995,3.5171884364023738,17.88203215375348,-42.837686115204626
461880000,-0.05362473149229055,-0.6648936457784628,5.00695486392355,3.516798366102136,17.879066494584517,-42.83532708054436
461890000,-0.05367627297361111,-0.6651701011535823,5.012005470016558,3.513157011725945,17.861562760850173,-42.8399914887382
461900000,-0.05354497061635964,-0.6647776181113635,5.004753486134301,3.5183878970476195,17.888026312074565,-42.836748016194946
461910000,-0.05332833917520221,-0.6655184099650251,5.017781432228264,3.5090020517819394,17.85093584460428,-42.869868072949544
461920000,-0.053432756394695365,-0.665071885046194,5.009883766125202,3.5146857731129617,17.874020799108116,-42.85143278914155
461930000,-0.05366544173813668,-0.6652344569698152,5.013149223304815,3.512333456796037,17.858120841077554,-42.84240365161867
461940000,-0.0535454842172764,-0.6652940310845414,5.014048732531871,3.51168604368794,17.857978085133382,-42.85102870052675
461950000,-0.05370421931695174,-0.6652549275330961,5.013574532814311,3.512027314217663,17.85585682416335,-42.840715911261334
461960000,-0.053588780500995574,-0.6647428078889247,5.004191428467801,3.5187939708874105,17.888835587517082,-42.83323439653221
461970000,-0.05388571612130634,-0.6645797941725845,5.001694997588619,3.5205987340341345,17.890073176542256,-42.81144546116502
461980000,-0.05484203063948927,-0.6644333186026092,5.000470350770464,3.521484763230757,17.872018368650348,-42.75183306603765
461990000,-0.054323373661201824,-0.6636665160098962,4.985982291202349,3.5320012560017617,17.93097389101191,-42.76061206425868
462000000,-0.054441346531100956,-0.6639134260878315,4.990567250710267,3.5286662768972112,17.913345924382963,-42.76063558971534
462010000,-0.054202934037158076,-0.6635898802080921,4.984438399666236,3.533125680847591,17.93878260138585,-42.76547441893969
462020000,-0.05425061558918953,-0.663359810785386,4.9804045683619576,3.5360669710973958,17.950822018814527,-42.75628941598548
462030000,-0.054628023172940535,-0.6643338652690643,4.998370355725776,3.523005157587937,17.883738954993408,-42.76149096930618
462040000,-0.05424148202742721,-0.6640722065612521,4.993115386917367,3.5268155880831467,17.909684280480608,-42.77666422335246
462050000,-0.054244982871325134,-0.6642909498311264,4.997038383379885,3.523970194197734,17.89687849106931,-42.78254356075607
462060000,-0.0548010638224246,-0.6637516296996514,4.988204079872763,3.530384387612464,17.91272289736159,-42.73524368387755
462070000,-0.055354956170612216,-0.6636069832167533,4.986441405274569,3.531667020598182,17.905678514325444,-42.699076930182365
462080000,-0.055368968003548805,-0.663401991486736,4.98280401994646,3.534316799844736,17.917175328084593,-42.692547094727175
462090000,-0.05503143959463855,-0.6631239320708882,4.977348713310796,3.5382984718129675,17.942727074809127,-42.70436561660886
462100000,-0.05483575387004235,-0.6647520988687616,5.00618600355837,3.5173533653865,17.853693397954363,-42.76105065343161
462110000,-0.0549556147124764,-0.6641134517802385,4.994904998440362,3.5255169849707113,17.887421647176726,-42.73634766601506
462120000,-0.054684029567899355,-0.6649543313448018,5.009598683731987,3.5148912876662273,17.84616611350849,-42.775467113880254
462130000,-0.055493014364364955,-0.6634696292941681,4.984195496817572,3.5333026544311696,17.909792728125904,-42.687241311499335
462140000,-0.05473947702915324,-0.6650014472185172,5.010528865429026,3.514220813982258,17.841893869437207,-42.77355554406143
462150000,-0.05492631181904969,-0.6638281642516902,4.989757003492569,3.529255164938429,17.904792144774046,-42.73010636698384
462160000,-0.05496014232267316,-0.6636537159453882,4.986689948555042,3.53148610764857,17.913972975305175,-42.72328282511578
462170000,-0.05431773972749295,-0.6633349966202213,4.980060226582223,3.536318279801807,17.95039145313418,-42.75169712743106
462180000,-0.05333505822670924,-0.6613449735217747,4.943397346062469,3.563284523681247,18.093642830663903,-42.75314683882292
462190000,-0.0528810794744484,-0.6641834033851165,4.9931419092899345,3.5267963354661402,17.94104207355044,-42.85888827679065
462200000,-0.05158131827038323,-0.6633679625189491,4.976756469690648,3.538731280814067,18.024756048391556,-42.91198696349167
462210000,-0.04948584740959481,-0.6630883309412985,4.968943262513432,3.5444512038624905,18.099493826178747,-43.0267638297409
462220000,-0.05028420433746903,-0.6645945591946746,4.996896000546769,3.5240733846881716,17.989116561051492,-43.021876140116476
462230000,-0.051526842557606825,-0.6636859313875773,4.982348442531646,3.5346489650601227,18.007708998105834,-42.92402044455701
462240000,-0.053747000369561204,-0.663607952412273,4.984099097223738,3.5333728940013875,17.950436296126572,-42.79248233226638
462250000,-0.058541852307513374,-0.6639006564456057,4.996583066340461,3.524300202057298,17.799836452276434,-42.52298180695328
462260000,-0.05374361806155292,-0.6623352921485918,4.9614679985698515,3.5499413002848184,18.0245525621891,-42.75713856985175
462270000,-0.05386177571119019,-0.6626884417401251,4.967899598045673,3.545216673446144,18.00070711872059,-42.76014528311457
462280000,-0.055686498076786634,-0.6625030147723513,4.967285878094333,3.54566695927873,17.96042343295483,-42.64901132254819
462290000,-0.05582887685686074,-0.6599382002360202,4.92233692902493,3.578964288827856,18.105115999428048,-42.56860999419433
462300000,-0.054395117380473375,-0.662027163853859,4.956956430620332,3.5532631063385978,18.02421744966061,-42.710630018335664
462310000,-0.053682852073606374,-0.6622960690803461,4.960686122613097,3.5505165337401627,18.02853537022157,-42.75957558986986
462320000,-0.057178929302018455,-0.6625989284031713,4.971245080031149,3.542764133371758,17.913082237468654,-42.56529738519568
462330000,-0.05547840703155459,-0.6611571725149965,4.94319581281704,3.5634339077061963,18.044305090849228,-42.6233071751213
462340000,-0.0546813040155066,-0.6625520094686151,4.966669717661916,3.546119152365816,17.98571466200824,-42.70870422465666
462350000,-0.05537226621783274,-0.6605391796571884,4.932183532808196,3.5716159771467266,18.083146909987992,-42.6120596948878
462360000,-0.05535846556835368,-0.6632663256281435,4.980369782116557,3.536092357270626,17.925336026125052,-42.689370022575474
462370000,-0.056056088454654616,-0.6623500420819807,4.965125771809785,3.5472527503413573,17.9589372925223,-42.6233089962263
462380000,-0.05446537397314627,-0.6605820802741409,4.931613735913195,3.57204037028003,18.106219182070852,-42.665932004368216
462390000,-0.05666174587977934,-0.6631928605910004,4.9810219868045476,3.5356164553015548,17.89319630705136,-42.611822798648525
462400000,-0.054343442319181055,-0.6619041894170918,4.954707656696096,3.5549212029734996,18.03281237078322,-42.71018504842759
462410000,-0.0575423048381512,-0.6616287949258197,4.954619742000999,3.5549860573040175,17.958962811730203,-42.51707611490303
462420000,-0.05601556194015313,-0.663017908254775,4.976928321612957,3.5386056811397664,17.921381169759446,-42.64434511382825
462430000,-0.05591792183537609,-0.661656181692889,4.952643981079822,3.556444201615922,18.00301791652924,-42.61185102345368
462440000,-0.05371389706890311,-0.6610833766494915,4.939334734754411,3.5662983385882567,18.098222217497007,-42.72374390486618
462450000,-0.05494765527767448,-0.6618944986889025,4.955417905560212,3.554397343108323,18.016428877595715,-42.67481885885219
462460000,-0.054871680404624236,-0.6610220692634877,4.939928641216205,3.565857431361439,18.06921722752558,-42.65471873093196
462470000,-0.05513203830570457,-0.6590415479314069,4.90569013364013,3.591457430995204,18.176866770947623,-42.58366363511047
462480000,-0.05735661084068177,-0.6601232709013147,4.927864617310934,3.5748353215074453,18.05122463678605,-42.48537961129184
462490000,-0.05413015854981768,-0.6601987358716704,4.92441811848169,3.577408586762502,18.13795782761081,-42.674610206155
462500000,-0.0544619049392404,-0.6615720055895052,4.9490156130040335,3.5591251586539445,18.048791307386004,-42.693979870010686
462510000,-0.053424364415498776,-0.6585849598644132,4.895327813215322,3.5992789499020423,18.251851970497793,-42.6700242647253
462520000,-0.055721199538751855,-0.6605204997579984,4.932370505058501,3.5714767397388525,18.074391167064345,-42.59129294176907
462530000,-0.05530266116915686,-0.6596217286724959,4.916038788864618,3.5836805583474227,18.13835412887247,-42.5901881926375
462540000,-0.05609428593752595,-0.6619047871636509,4.957299965280503,3.553009944758567,17.983661306204905,-42.608611244916084
462550000,-0.05626099084830553,-0.6593838383359766,4.91330527445776,3.585731435541782,18.12502293155399,-42.52787852295658
462560000,-0.05558024668975809,-0.6621492284559716,4.960857672523369,3.5503903066812774,17.983911243619826,-42.64526029029838
462570000,-0.05585181025648505,-0.6584407932665531,4.896319313717237,3.5985290669379015,18.1913002334282,-42.524844285363464
462580000,-0.057178872637467376,-0.6610274880384406,4.943463376600973,3.5632355821235935,18.003950041029398,-42.52116783242658
462590000,-0.05389559666811916,-0.661862137996278,4.953317859422948,3.555946731959802,18.04781589127494,-42.73504230795195
462600000,-0.05571977158458183,-0.6607330187594295,4.936097094142892,3.568703859833946,18.062108203050464,-42.597366674902226
462610000,-0.054934016635497185,-0.6611381587514954,4.942061375269739,3.5642750325207047,18.060722635158328,-42.65436523680934
462620000,-0.05575481799956644,-0.6607232116576097,4.935976824238631,3.568793282065558,18.061689251314142,-42.5950581955942
462630000,-0.05561275682965975,-0.658682878222367,4.9001646452095295,3.595623795052551,18.18404734732725,-42.54558716254211
462640000,-0.054789800363516473,-0.6604816964858277,4.930324473914606,3.5730010092496607,18.102906644114743,-42.644253196626444
462650000,-0.05829713230754958,-0.6597820586160483,4.923338350393876,3.578215548887323,18.044338978046042,-42.42138873627483
462660000,-0.055344879030200266,-0.6578055408258259,4.884597274666407,3.607414903191815,18.24258211278069,-42.53618843093275
462670000,-0.056546879383643216,-0.6584242558894994,4.897060526065535,3.597968686698568,18.172503896551433,-42.48408757441622
462680000,-0.05406693311618489,-0.65887856385564,4.901327129560021,3.594746437027632,18.216535003280214,-42.640947364976334
462690000,-0.055816961705099186,-0.6598964798789311,4.921590362539177,3.579522686365782,18.107871870993744,-42.568121681935445
462700000,-0.05677051694718999,-0.6599290298438774,4.92358064392537,3.5780344392645516,18.07902921556251,-42.513797444619954
462710000,-0.05675369263008517,-0.6576230915243735,4.883521092477877,3.608232929436191,18.213018452347985,-42.44930146891367
462720000,-0.055548744133598754,-0.6600170258689331,4.923301494247816,3.578243099756819,18.108459967114754,-42.587084143523725
462730000,-0.05632504150906045,-0.658057659025626,4.890387621772126,3.6030200016709384,18.200053776928225,-42.48651311887151
462740000,-0.056685118567174925,-0.6587597133697388,4.90308393121944,3.5934213555533963,18.149148238482233,-42.48561143820105
462750000,-0.056205903584163025,-0.6598268844395573,4.920951375101114,3.5800007600667922,18.10090976834088,-42.54360912721709
462760000,-0.05603107687893534,-0.6585613293911721,4.898671829389862,3.596751100323252,18.179217495845936,-42.5178738523635
462770000,-0.05730384300941545,-0.6595823306629837,4.918331189457856,3.581962469525073,18.08399944469403,-42.473129490165555
462780000,-0.05733120792477736,-0.6593355255279061,4.914069615091007,3.585157733035448,18.09749816824752,-42.46455548211852
462790000,-0.05654270484687796,-0.6590211432306831,4.907412908115123,3.5901604154146973,18.138049516106125,-42.501278068188476
462800000,-0.05694866285141731,-0.6590582441123461,4.908665815178111,3.589217742869764,18.124386620043918,-42.478826271383795
462810000,-0.05549335858798445,-0.6579245775397877,4.886867709433036,3.605690336719485,18.23144486741497,-42.530958791988695
462820000,-0.05582397103970421,-0.657704839587624,4.883558584394038,3.6082044248016865,18.234779029266356,-42.50551761156496
462830000,-0.05622413730675531,-0.6595260896629312,4.915729581630058,3.583912428286368,18.117823684495974,-42.53404206946001
462840000,-0.05564260853944531,-0.6577596535550825,4.884238963715603,3.607687220276679,18.23676574665527,-42.517601159864675
462850000,-0.05653018013911456,-0.6588384141410906,4.904219228315811,3.592565575676969,18.14898868421039,-42.49681880749718
462860000,-0.05677415201350299,-0.6587427877970163,4.902923221470167,3.5935425309725715,18.147600246864144,-42.47997557733822
462870000,-0.05711470548248253,-0.6583051197990591,4.895846058722813,3.5988869554671536,18.163255282947915,-42.447824916459325
462880000,-0.05646583322973735,-0.6582264167153256,4.893514787210952,3.600650981921989,18.18626935339901,-42.483156893455224
462890000,-0.05660866075011318,-0.6575955600366769,4.88283085943149,3.6087577866153957,18.21874812541076,-42.45691668539135
462900000,-0.05571273524564391,-0.6581248676713467,4.890648426647904,3.6028223051218995,18.213579853753348,-42.52392882633411
462910000,-0.057002872663290446,-0.6581082823011026,4.892272007796299,3.6015920851550187,18.177829193941403,-42.44869642481627
462920000,-0.056297400297597854,-0.6584199067202405,4.8966148474787365,3.5983056127415933,18.17984728200448,-42.49841822480128
462930000,-0.055871634801642436,-0.6574986946214239,4.880075272261993,3.6108546953078613,18.24537802544089,-42.49687697510936
462940000,-0.056259343086466324,-0.6580607233928666,4.890343447056296,3.6030534893779764,18.201746019966848,-42.49040788733828
462950000,-0.05686191697237186,-0.6579503281033539,4.889330768981711,3.6038213475594465,18.19098615067077,-42.452359188090576
462960000,-0.05631137093129121,-0.6578259330692544,4.886364732449418,3.6060722414468325,18.213872368121862,-42.48070736876087
462970000,-0.056450579625726825,-0.6579963918579977,4.88951469472383,3.6036818620980244,18.200030458917155,-42.47749476598443
462980000,-0.05671908625606407,-0.6574170186710558,4.879918321759988,3.6109742037417822,18.225940123453945,-42.4454282461236
462990000,-0.057357638419697994,-0.6579824336308936,4.890629136802747,3.6028369265482274,18.175010512502592,-42.42458530575507
463000000,-0.05713935006504557,-0.6572644843804333,4.877918857778814,3.6124973787202697,18.222776323355927,-42.41674278836858
463010000,-0.0568880611661541,-0.6575302697780278,4.882121050847103,3.609297690705014,18.21456165572102,-42.438873875428094
463020000,-0.056535691940832244,-0.6570996394220571,4.874185586605607,3.615344845350976,18.249560858961615,-42.44699178004572
463030000,-0.056731263140305195,-0.6569429758294154,4.8717834058220895,3.617179462325338,18.25304866292884,-42.431186113305195
463040000,-0.05685430359892974,-0.6565806273635592,4.8657490786080375,3.6217964003202434,18.2705156990359,-42.413696831685115
463050000,-0.05706416067901419,-0.6564275239810763,4.86343799293951,3.6235678084507987,18.27337282642109,-42.397162580458904
463060000,-0.057068929127633006,-0.6565573257563359,4.865668843728143,3.621857869560396,18.265721941435547,-42.400602840236196
463070000,-0.05715958707028843,-0.656867716631295,4.871128633616234,3.617679858981173,18.245161722967556,-42.40423499003715
463080000,-0.057455062469113076,-0.6565540493316526,4.86618989281514,3.6214587231767243,18.254858066949833,-42.37816342358477
463090000,-0.05742440060690344,-0.6570304558740889,4.874321111015714,3.6152413975797897,18.2281752141699,-42.393564058758685
463100000,-0.057622447031222525,-0.6578454100471077,4.8886614354491265,3.6043290486697455,18.175391054528482,-42.405367065799624
463110000,-0.05696403521143453,-0.6567515534336298,4.868843247063255,3.619427521404365,18.25747858130631,-42.41223314922747
463120000,-0.057236282844029485,-0.6569547274423176,4.872737721541027,3.6164503969160156,18.237933487556944,-42.40228388203971
463130000,-0.057251410818871445,-0.6557326748575528,4.851840990397214,3.6324833239792875,18.3082254237134,-42.36639924383893
463140000,-0.05754530613949547,-0.6548125247926806,4.8366250278789975,3.644248750917765,18.35302092275769,-42.322928339614826
463150000,-0.057543287852010815,-0.6558143840986227,4.853671009914312,3.6310734895348222,18.295118129430175,-42.351855803431235
463160000,-0.05785423019643273,-0.6562074788518784,4.860855458697539,3.6255493581611535,18.26346536097511,-42.345150422001
463170000,-0.05721633596136129,-0.656692738529538,4.868210534437899,3.6199116671124902,18.25366555006165,-42.39594586286009
463180000,-0.057339155005037265,-0.6564741482118918,4.864647042318113,3.6226408733221387,18.262799511134844,-42.38258173974262
463190000,-0.05709857744830486,-0.6566307569790201,4.86697180179159,3.620859914135184,18.260622591218613,-42.4009881766424
463200000,-0.05734601559531885,-0.656307948544092,4.861811383574029,3.624815631432685,18.272219899234308,-42.37742415796547
463210000,-0.05720558035449725,-0.6554425302103724,4.8468280054546735,3.6363509878337705,18.326336459216648,-42.360717424341836
463220000,-0.05694879337824911,-0.6543251007802549,4.827483369236007,3.6513546091546036,18.39843680794985,-42.34340806097815
463230000,-0.05705945403586093,-0.6547999075347636,4.83568964389777,3.6449745406716474,18.367747371192998,-42.350687547512834
463240000,-0.0573042759642251,-0.6548789691468768,4.83739391292151,3.643652371771373,18.356118520847048,-42.338790686332864
463250000,-0.05751685460921767,-0.6552843599805421,4.844599504678983,3.638073025380419,18.326540822479316,-42.33815600895339
463260000,-0.05761088342557098,-0.6554518800708743,4.847591769983351,3.635761181778742,18.31414617022139,-42.33753287189888
463270000,-0.05732728558825786,-0.6556232449012199,4.850088044509972,3.6338348233463504,18.31237990172676,-42.358865403891514
463280000,-0.057569310717419345,-0.6553531027450828,4.8458477443289265,3.6371082647969457,18.321055360446447,-42.337098060186435
463290000,-0.057551496250076994,-0.6554973878484921,4.848278066603106,3.6352313647458647,18.31322048295644,-42.342276230402334
463300000,-0.05703875818912191,-0.6551835061968379,4.8421734046562595,3.6399496368656257,18.34612982446367,-42.36292815798966
463310000,-0.05688009471445604,-0.6547820501192234,4.835122056452085,3.645415090151021,18.373948211234215,-42.360561248523986
463320000,-0.05666554241550355,-0.6554425664273023,4.84602990643917,3.6369675156688612,18.341853935255152,-42.39199476054216
463330000,-0.058018757747660875,-0.654858124969003,4.838107946293344,3.643098715188551,18.336744066465982,-42.296860767496625
463340000,-0.05719070688998059,-0.6545342137560604,4.831380094723963,3.6483222290349864,18.379349095617023,-42.33543031144766
463350000,-0.05720855954882026,-0.6547251019077861,4.834641595736671,3.6457880981432274,18.367782925588802,-42.33989900939549
463360000,-0.05725922483318503,-0.6552750662630823,4.844057532762213,3.6384920755047117,18.334487873500347,-42.35279770335114
463370000,-0.05750828383743358,-0.655241515356715,4.843857830039828,3.638646509400764,18.3292661995821,-42.337419585366746
463380000,-0.05696040459718361,-0.6553849046607069,4.845483441034721,3.6373897800414516,18.336719909897408,-42.373256810922996
463390000,-0.05692194615095719,-0.6556714157665958,4.850307191478911,3.63366580797131,18.321231906016596,-42.3837152912498
463400000,-0.056917414263103434,-0.655748687241285,4.851618174416009,3.6326550557319037,18.31688691627378,-42.386196222334064
463410000,-0.05720987849163912,-0.6555091497048671,4.847969010419744,3.6354699349465482,18.322356573300695,-42.36238307486763
463420000,-0.05708359669233009,-0.654766231685645,4.835154134603644,3.6453901888813043,18.36900195925675,-42.34831939218932
463430000,-0.05767826884253863,-0.6544701766428678,4.831020161114575,3.648602110358863,18.368993737607155,-42.30536707283748
463440000,-0.057494977257293946,-0.6546263912096016,4.833393526875445,3.646757404428047,18.36524129037017,-42.320476364021424
463450000,-0.05686141128840358,-0.6542933302275111,4.826817462713236,3.65187332057975,18.402798663140764,-42.3475532895345
463460000,-0.057263279632078584,-0.654813263749048,4.8362180791772325,3.6445644773892156,18.361102681003942,-42.33927123205254
463470000,-0.058102987872522154,-0.6545392084765452,4.832825881552803,3.6471984362988907,18.35275127905225,-42.282798774947935
463480000,-0.05802172096910253,-0.654682911924874,4.835139630487341,3.6454014479321883,18.34678761168988,-42.29164018801722
463490000,-0.057982303133462164,-0.6545315235373801,4.832514341255322,3.6474405334503386,18.356676384162945,-42.28955380932659
463500000,-0.05817986181288714,-0.6542166480483194,4.827480995033206,3.6513564582869,18.369176862293198,-42.26904643605971
463510000,-0.05811582086884213,-0.6540404612634602,4.824406474465269,3.6537526242191163,18.381210691721297,-42.267658889972296
463520000,-0.057461501313196287,-0.6545179093430458,4.8315056543172075,3.6482246052093736,18.372484058488414,-42.319285635438305
463530000,-0.05741808606031946,-0.6546151830596166,4.833089189057911,3.6469938461499414,18.368106518157983,-42.324602873560416
463540000,-0.05747023899069519,-0.6548268111864581,4.836755577963836,3.6441474768937403,18.354356816944577,-42.327683422904364
463550000,-0.05737605949309813,-0.6544382758490075,4.830030213772949,3.6493721097880734,18.379557143443503,-42.32193369474141
463560000,-0.05819652731396155,-0.6541190137510964,4.825855232505918,3.6526231191334824,18.37433855924241,-42.26526335120503
463570000,-0.05799164888651972,-0.6539997466515332,4.8235324925924985,3.6544343555020093,18.387152579292252,-42.273661146709195
463580000,-0.05843618123345115,-0.6539638241968067,4.823594097867864,3.6543862931387223,18.376381198958654,-42.24693044931637
463590000,-0.05827264967625159,-0.6541989825521376,4.827321897472579,3.6514803747102045,18.36751827498221,-42.263173775482784
463600000,-0.05845088887880917,-0.6540589468835457,4.825223357022315,3.6531156653719115,18.370460653015332,-42.24882983472488
463610000,-0.05878681668280838,-0.6533924389374746,4.814489012649578,3.6615037182173076,18.399237328186782,-42.210144473980364
463620000,-0.058725498627385034,-0.6540221657547054,4.82501750290734,3.6532761575363852,18.36464916031007,-42.23190615778569
463630000,-0.05858152265439467,-0.6531286772883912,4.809741612331198,3.665225920945112,18.42042027511604,-42.21435726721244
463640000,-0.0600483914366582,-0.6512564976105024,4.780664034295107,3.6881928711511907,18.485762278941337,-42.075246788989546
463650000,-0.060595836598611216,-0.6493680320633693,4.75025201232801,3.712528517347999,18.57851795038083,-41.988376445149974
463660000,-0.06074142962661508,-0.6495303920581248,4.753149965801819,3.7101955361545884,18.564889687828632,-41.98476502990355
463670000,-0.05952485899540521,-0.6508409137366747,4.772959917765736,3.6943270136737243,18.525021946980203,-42.09329070399064
463680000,-0.05829682849547265,-0.6524698548990434,4.798261576275874,3.674258671739054,18.466753297511108,-42.211685215899514
463690000,-0.05783093030338266,-0.6527800878045958,4.802765499617577,3.6707095028169,18.462344093968014,-42.24763495632681
463700000,-0.05834510524428366,-0.6529073066061606,4.805667595922433,3.6684262850808795,18.4400679233205,-42.22159689720853
463710000,-0.05912746075482795,-0.6530523714907107,4.809286012592004,3.6655835381704964,18.40899416269135,-42.180622752808866
463720000,-0.058954106823666155,-0.6533151665481813,4.81344202785747,3.6623239478730705,18.398851824713578,-42.19824729289058
463730000,-0.058894413278225415,-0.6528223002260122,4.805068674980976,3.66889724870091,18.42903701395693,-42.18739922085573
463740000,-0.05890167818184693,-0.6525397351778353,4.800341741734896,3.6726186004390415,18.44514069603231,-42.17877344446753
463750000,-0.05874735368886809,-0.6520890266233782,4.792567844351589,3.678755411273951,18.475656188055464,-42.17457907733109
463760000,-0.05872815284759952,-0.6523558462140033,4.7970007087101685,3.675253505288345,18.460803621874312,-42.18344941439117
463770000,-0.057857568253504715,-0.6524301745306642,4.796942794963368,3.675299212782823,18.481812175146604,-42.235932331960264
463780000,-0.05762071778932653,-0.6509339448528466,4.7716603616965605,3.6953637833472937,18.575295071557587,-42.20604474700603
463790000,-0.058010226856071184,-0.652248006022136,4.794122227031472,3.6775266980796495,18.487911310067776,-42.22180698702219
463800000,-0.05785750087791641,-0.6521528628793568,4.79230516375187,3.678963138155831,18.497856369394714,-42.22787388218849
463810000,-0.057983162279618465,-0.6519531038507872,4.789155498655118,3.6814557376439976,18.505754814400284,-42.214792328694195
463820000,-0.058302948604095316,-0.6518406228474086,4.787754484893095,3.6825655816004144,18.50294766402041,-42.193026232324065
463830000,-0.058445345842897005,-0.6518158584782253,4.787554103235491,3.682724373868628,18.500231582556587,-42.18407443549627
463840000,-0.0583565476751389,-0.6516461913590046,4.784592660197945,3.6850727884474646,18.512625204756006,-42.18426330215347
463850000,-0.058568582573777415,-0.6519902310025878,4.790648932802674,3.680273428202338,18.486566854634546,-42.18203079063635
463860000,-0.05855370311000116,-0.6517793346765965,4.787107114184989,3.683078640035171,18.49918570840947,-42.17674885624226
463870000,-0.058834420006987846,-0.6519613870828763,4.7905669639346335,3.680338300638791,18.48049353922449,-42.16583510352648
463880000,-0.058537936721162684,-0.6519979113225877,4.790731226786657,3.6802083007949884,18.48701519957451,-42.184025072502784
463890000,-0.0588287125472534,-0.6519646719991845,4.79061321449264,3.6803016963785806,18.48047001038324,-42.166260358827394
463900000,-0.05850503190448079,-0.651242566246023,4.778095944971975,3.6902353268878514,18.531622857959256,-42.16390909235607
463910000,-0.05903115924484524,-0.6510214803001062,4.775211175978244,3.692532384656535,18.529030078873767,-42.12706133905574
463920000,-0.05844483981638784,-0.6514358512016412,4.781221407881624,3.6877498831899946,18.522208503273436,-42.173027392046
463930000,-0.05918782488947597,-0.6515033375966734,4.7834619168293715,3.685970266353279,18.496640023560065,-42.13208322533718
463940000,-0.05910911290284987,-0.651957151002053,4.7909111255849846,3.6800659371452697,18.47273970889211,-42.14985194448923
463950000,-0.05761890488849821,-0.6519569675282322,4.788680981900556,3.681831560514617,18.516133951234497,-42.23598000294291
463960000,-0.05544057715081992,-0.6520907419734125,4.787761675876361,3.6825598833703803,18.57174164473077,-42.36619176441989
463970000,-0.05330622688513249,-0.6518553865472494,4.780870505753178,3.6880287596955466,18.647497193317577,-42.483600377814184
463980000,-0.054925168858002624,-0.6519911476799573,4.785372505711924,3.6844540787216937,18.59251637267149,-42.3932566899388
463990000,-0.05660404621516801,-0.6518622483931346,4.785617775759821,3.684259531249335,18.551159677588704,-42.29201396441545
464000000,-0.058830561776381435,-0.6515402666987078,4.7835380577189115,3.685909818932723,18.504926840083215,-42.15378731482975
464010000,-0.058944087028128006,-0.6511327810665043,4.7769292061453275,3.6911640176853178,18.525146599608302,-42.13534012321057
464020000,-0.05899543529040816,-0.6505784391663061,4.767808675436581,3.6984400833700324,18.555656791925074,-42.11617038696744
464030000,-0.059216254703197864,-0.650187666522221,4.761674278938163,3.7033503078941594,18.571752433349722,-42.0919783906376
464040000,-0.059079794475724375,-0.6502488601372942,4.762480739877549,3.7027040277569876,18.572217778674247,-42.10164963985749
464050000,-0.05906111134149072,-0.650021999791447,4.758704016527591,3.705732587497751,18.585864707611822,-42.096079685331816
464060000,-0.059476036222862315,-0.6504142134250424,4.765813895627682,3.700035336791588,18.551068225076413,-42.08362208740003
464070000,-0.05925881627266991,-0.650761375317936,4.771237626825782,3.6957011633028536,18.537390995351277,-42.106316359756214
464080000,-0.05907054611774206,-0.650658456278925,4.769247475402673,3.6972903213283232,18.548838925539677,-42.11417443200778
464090000,-0.05857528990330169,-0.6507222863043948,4.7695633777801705,3.697037977151388,18.55963714834078,-42.144648811369244
464100000,-0.05832719360273234,-0.6508286459418292,4.77095746184329,3.695924794286652,18.560742794800657,-42.16209851511741
464110000,-0.05842323694722618,-0.6506282932362272,4.767779185060519,3.698463657069118,18.56951669649402,-42.15068798465669
464120000,-0.05824968628617441,-0.6502220377287327,4.76079927227214,3.7040517781657085,18.598084752014564,-42.148830308919464
464130000,-0.05740025250264409,-0.6498056205846459,4.752679184634222,3.710574333372999,18.647080594198282,-42.18578414489803
464140000,-0.05744631080086646,-0.6501208886540856,4.757947467524001,3.7063398699356824,18.6274718469875,-42.192357689967544
464150000,-0.05815483196971546,-0.6500095016827561,4.7571485907375015,3.7069813482773535,18.613155684351778,-42.14808815100067
464160000,-0.05802090511895821,-0.6502531535964553,4.7609754838092275,3.703910492231104,18.602985863875112,-42.16297399067196
464170000,-0.058682439451430736,-0.6503776132461797,4.764015233319782,3.7014749504313804,18.576418565764268,-42.12837180418625
464180000,-0.058962271989047826,-0.6503805059456961,4.764481850603196,3.7011013699860413,18.56805788753058,-42.112291778669835
464190000,-0.05872116746718285,-0.6500833526782942,4.759208651458274,3.7053276289721664,18.592286267050063,-42.11751384080587
464200000,-0.05852556379633001,-0.6497320800796768,4.753121629805772,3.7102183334791388,18.618323032809787,-42.118515868233644
464210000,-0.0587783602887644,-0.6491647919539939,4.744161780493544,3.7174411446986957,18.643681274052952,-42.08724199942427
464220000,-0.05884224604924247,-0.6492284368309396,4.74530280790487,3.7165197412868367,18.63812562968602,-42.08542223908803
464230000,-0.05881435664679723,-0.648985699353204,4.741274240433231,3.71977496690127,18.652970267944966,-42.07989402705061
464240000,-0.05910462520026994,-0.6493240788363995,4.747267220766767,3.7149345228522375,18.624888468370997,-42.07307892886378
464250000,-0.05929945341920814,-0.64947642771918,4.750066443589881,3.7126780098940717,18.6103676236136,-42.06630743068052
464260000,-0.05926940803570746,-0.6492310467871487,4.745984437791682,3.715969532160197,18.625415604351254,-42.060829918269675
464270000,-0.05916314052645078,-0.6492610639135035,4.746318593948766,3.715699862952712,18.626806996145728,-42.06784773605092
464280000,-0.05887362358524505,-0.6489611970037082,4.740960287050225,3.720028895567543,18.6526418690463,-42.07574884522226
464290000,-0.05834288914377247,-0.6486451173221768,4.734991985436786,3.72486282153098,18.686537760570506,-42.09711975313038
464300000,-0.05770831851758861,-0.6484910992477476,4.731541376034899,3.72766340815704,18.714145648963935,-42.12930073975348
464310000,-0.057909982473602614,-0.6491735918927954,4.7430241986030754,3.718360227622726,18.668704564577723,-42.13771524168829
464320000,-0.058287907201700455,-0.6487825669717522,4.737163143820999,3.7231028528696686,18.680207898263404,-42.10434729260917
464330000,-0.05868518485696389,-0.6488000668739358,4.738037137513747,3.722394859013005,18.66749924344997,-42.081894352035825
464340000,-0.058895837298760974,-0.6484088723243219,4.731942906539486,3.7273372978112325,18.683897153520427,-42.05819565195677
464350000,-0.05905911665275868,-0.6480624965305622,4.726524355840917,3.731742962878078,18.69908886520739,-42.03854377843835
464360000,-0.05905567723848587,-0.6476489842638273,4.719775026437212,3.7372454567942115,18.723075785905817,-42.02652531383881
464370000,-0.058622848289510754,-0.6479861066248728,4.7246307219042345,3.7332851158071954,18.716383957529377,-42.06149732544038
464380000,-0.05902807269577557,-0.6487456388164579,4.737654805543701,3.722704540063279,18.660546618535008,-42.06048104479711
464390000,-0.05926597319157533,-0.6484183789414585,4.732650260425246,3.726762948308488,18.672433953093634,-42.03709873514089
464400000,-0.059373979459593676,-0.6481704430536355,4.728757575038615,3.7299259173058754,18.683561268381546,-42.02354900253277
464410000,-0.059337986428846023,-0.648626952453809,4.736173142531356,3.723905151057718,18.658269996509986,-42.03908950599905
464420000,-0.05945758334748493,-0.6484592829299763,4.733606769301347,3.7259865784002892,18.66442283108975,-42.027244027234765
464430000,-0.05941551428789394,-0.6484381065962912,4.733197056101772,3.7263190902498073,18.66688553378033,-42.029047754051355
464440000,-0.05962444662494319,-0.6480649555251679,4.727409891391176,3.7310222370995527,18.68225532248416,-42.005979460653705
464450000,-0.059899071975725526,-0.6485585418870962,4.735897340590273,3.7241287237961407,18.64568051212894,-42.00469991619489
464460000,-0.060169157195670835,-0.6482520541814244,4.731290325028008,3.7278673332636716,18.655385111870725,-41.98008792022678
464470000,-0.059881473019045076,-0.6485215103188116,4.735264190920532,3.7246420756789416,18.64833493924502,-42.004623147961034
464480000,-0.05957099344987957,-0.6486478531899729,4.736865550644419,3.723343985826225,18.65019780212986,-42.026257514310586
464490000,-0.05926042272331287,-0.6484473652901613,4.733116313808753,3.7263846255589383,18.670924061040747,-42.03827389768726
464500000,-0.05953490313074982,-0.6478883693493184,4.724392877744687,3.7334789047461903,18.695090308612027,-42.005931008823545
464510000,-0.05954156930740686,-0.6474278265932236,4.716898695480435,3.739595439874814,18.72147272387943,-41.99192841012371
464520000,-0.05971471695576691,-0.6469969810686368,4.710155287102244,3.745116635597711,18.741207789509684,-41.969176423810154
464530000,-0.05889214018959655,-0.6460732750228873,4.693980142550969,3.7584278345678572,18.8189664768059,-41.989257798626454
464540000,-0.05779237936614673,-0.6455133342459258,4.683355713893933,3.767223533708897,18.884083585502545,-42.036221227456366
464550000,-0.05763628105845854,-0.645461640150628,4.6822998394112805,3.768099950518296,18.891726649802155,-42.04372303840456
464560000,-0.058244159222900375,-0.6464050762323277,4.698392230998539,3.7547874220135973,18.81903114233584,-42.03658549314663
464570000,-0.05920598694715173,-0.6472691436783541,4.713817211726022,3.7421163661175987,18.74056725919231,-42.006605565043586
464580000,-0.05926502369209299,-0.6474901650093844,4.717500307754497,3.7391036701648783,18.72605665209238,-42.009737664143515
464590000,-0.05935841044408856,-0.6474584773646679,4.717123802776404,3.7394114173640265,18.72512325872439,-42.00340812241212
464600000,-0.05957848790854251,-0.647673996958607,4.720962715184465,3.736275981121842,18.706173654183555,-41.99707960678997
464610000,-0.05978347657398839,-0.6474336324601937,4.71735596190619,3.7392216493260277,18.7139787500801,-41.978141616978704
464620000,-0.06021817461835202,-0.6482533149957079,4.73138537866738,3.727790119900666,18.653865812591757,-41.977299734843406
464630000,-0.059142631816083216,-0.6474446981893902,4.716578230646568,3.739857447756818,18.732303490290118,-42.0154605738312
464640000,-0.05943981283639916,-0.6471347351877549,4.71198129889387,3.743619946488603,18.74140317768241,-41.989124066166895
464650000,-0.05981699830325866,-0.6467864667679946,4.706893109351027,3.7477935039829156,18.750320840893046,-41.95703331522091
464660000,-0.06020407740135688,-0.646992968781479,4.710826430005051,3.7445663926304857,18.72693381865803,-41.94083374549082
464670000,-0.060033469001702665,-0.6464732838373388,4.702144141410174,3.751697351792593,18.761960881860656,-41.93525200317962
464680000,-0.059938484041688514,-0.6468297394080467,4.707777272268901,3.7470675963376547,18.74422136254594,-41.95130892897722
464690000,-0.06009422257915942,-0.64627063982903,4.69895701345805,3.7543219372002383,18.771842258658154,-41.92572844194075
464700000,-0.060164273581118324,-0.6463303282247536,4.70002770907945,3.7534398083527094,18.766318911578306,-41.92346278826734
464710000,-0.05959750717593512,-0.6461342583359834,4.69600942952729,3.756752580687135,18.79447445544546,-41.95033154461967
464720000,-0.05947064780085815,-0.6467120974465249,4.705169758054789,3.749209215860107,18.764887040681018,-41.97481489559031
464730000,-0.05976799883250892,-0.646414600231479,4.700796292027225,3.752806844769427,18.773230108932477,-41.948822852235566
464740000,-0.05960661244224936,-0.6468125972879096,4.707001882992531,3.7477041842000283,18.75505309548547,-41.9699480421871
464750000,-0.06011415288881454,-0.6469790834760674,4.710465237357974,3.744862499493031,18.730400081104374,-41.94560664079737
464760000,-0.059863099073443955,-0.6462971149302355,4.699038276126322,3.75425497143304,18.777183232395444,-41.939845943296795
464770000,-0.05966342059318146,-0.6460285078306411,4.694399903261112,3.7580811816162347,18.79861806264929,-41.94338287429369
464780000,-0.05958225752841397,-0.6457150755146221,4.689223458745502,3.7623606118538957,18.81912395114023,-41.93874095496452
464790000,-0.059651889661036746,-0.6459358448203,4.692887124834022,3.7593307913169536,18.80430899035822,-41.941292124888825
464800000,-0.059696716337268224,-0.6457322676508528,4.6896709060469055,3.7619903109011683,18.814724030972002,-41.9326464933054
464810000,-0.05984408648455423,-0.6461361511749297,4.696408181740232,3.7564235737830165,18.78703459149753,-41.936158675104046
464820000,-0.060249450163948275,-0.6465513293295116,4.703733161036162,3.750390192962411,18.751047656782397,-41.92511606435232
464830000,-0.06038092994063953,-0.6465601071934549,4.7040739964737455,3.750109935491455,18.746638063848717,-41.91779804851822
464840000,-0.06004587522579917,-0.6464057343635033,4.701069535390303,3.7525818684633094,18.765488036596565,-41.93253031024962
464850000,-0.060008961566655694,-0.6461791978061021,4.69735079388285,3.7556460655230466,18.779649975118115,-41.92792764753582
464860000,-0.059712539609187425,-0.6458324866521322,4.691310230515819,3.760634261750279,18.808469349286103,-41.934716445806224
464870000,-0.05998143072043864,-0.6462366092368446,4.6982374174907,3.7549150373400813,18.777156978165323,-41.931222029343346
464880000,-0.06032245747646101,-0.6455655358231333,4.687921611404769,3.763438423182148,18.80570511123352,-41.891588332041025
464890000,-0.06051233351401287,-0.6454301647490719,4.68602821173706,3.7650071059441457,18.807849169909936,-41.876610033010465
464900000,-0.060635289202270334,-0.6452096311453648,4.682666531587201,3.7677955348407,18.81689039928467,-41.86294848296889
464910000,-0.060102233318938464,-0.6457731179547599,4.6909358182034815,3.7609438881130264,18.80029489284331,-41.91046821027827
464920000,-0.05961469385890237,-0.6454921406640232,4.685681299637273,3.7652946668029563,18.831026312798897,-41.9302287673509
464930000,-0.059967210362546874,-0.645879137993107,4.6924432915909025,3.7596975737724856,18.798198923024113,-41.92141132430186
464940000,-0.06008021616333838,-0.6455840595030058,4.687856125675721,3.763492655983927,18.81185372768525,-41.90610785306949
464950000,-0.06029004699822941,-0.6455270288655987,4.68725272791711,3.7639924418758004,18.80889068869299,-41.892309459624606
464960000,-0.06000854581418082,-0.6452495535406391,4.682366383614887,3.768044704018007,18.833283518898025,-41.90027112016421
464970000,-0.059623087932941146,-0.6451071199276922,4.679503615499911,3.770422926885761,18.853000585761045,-41.91826453395568
464980000,-0.05983983751256216,-0.6450765770923611,4.679335424492604,3.7705627451211092,18.848295850486252,-41.90484397162271
464990000,-0.06031211498979004,-0.6455171721246994,4.687127208739706,3.7640964245873776,18.80880135871389,-41.890743529602
465000000,-0.06023793651025616,-0.645250112490263,4.682718981449023,3.7677519967893196,18.8264097782609,-41.887058670904466
465010000,-0.05987230028164167,-0.6433785917717345,4.652246986275176,3.793219831500112,18.94530805183238,-41.85215067123562
465020000,-0.05960408498968137,-0.6435715707865218,4.654921636740438,3.7909704228009082,18.942217084950947,-41.873423830089656
465030000,-0.0592218733983876,-0.6437757846408396,4.657612590023869,3.7887100364582875,18.941882854155264,-41.9016221659516
465040000,-0.059443919914314414,-0.6436029845266631,4.655185946317275,3.790748282840975,18.945207123326096,-41.883614827833874
465050000,-0.05941760080246032,-0.6432239942359662,4.6491191724977625,3.7958537974865063,18.967886044500002,-41.87376073604234
465060000,-0.05944065220559174,-0.6429758766356621,4.645213484954775,3.799148041274595,18.98152438489607,-41.864974711613925
465070000,-0.059339941297517226,-0.6427445212055144,4.64139760479374,3.802372152026958,18.997916792695698,-41.86383545472671
465080000,-0.05967851331151817,-0.6426125337428406,4.63980346935331,3.8037207147809706,18.99535204263952,-41.84031046741233
465090000,-0.06022337351417868,-0.6424798013326046,4.638506954732835,3.804818221287209,18.986608009785606,-41.80487179963553
465100000,-0.06031980570612905,-0.6423542409413254,4.636663518782223,3.806379807891411,18.990944966667282,-41.79552795995853
465110000,-0.06035647011673338,-0.6421835351098985,4.63401929592865,3.8086220213817876,18.99968439627707,-41.78826884716459
465120000,-0.06000453925933284,-0.6422605817815839,4.634715744625688,3.808031195623398,19.00584772113084,-41.810892559642085
465130000,-0.05956931029741924,-0.6424018263888327,4.6363084710408895,3.806680720721998,19.010806644990854,-41.84027207891158
465140000,-0.0602016105682741,-0.6420314770045968,4.63138804287018,3.810855902632728,19.0131242252981,-41.79261532655114
465150000,-0.059562614752014055,-0.6419763442423616,4.629577230533541,3.8123947933438025,19.035580220626414,-41.82783423616805
465160000,-0.0598101473656688,-0.6421700827574249,4.632999182468904,3.8094877614272256,19.016929919298207,-41.819384073746825
465170000,-0.05991611407826033,-0.6422199198239327,4.633942648260967,3.8086870560938877,19.010859263019015,-41.8147699749042
465180000,-0.06062133356042909,-0.6422979483770256,4.6362221937468995,3.8067538504272243,18.985104619831354,-41.776447223770305
465190000,-0.060310636583246625,-0.6418030960293847,4.6279462931353015,3.8137819013714576,19.023007422976743,-41.77943550964998
465200000,-0.060362200902547375,-0.6413776648732776,4.62132264729552,3.8194258510676327,19.045985829044582,-41.763609757319145
465210000,-0.059634356358763574,-0.6408189953706667,4.61148000688061,3.8278440991559712,19.100251334049847,-41.7887107699197
465220000,-0.0611423978603674,-0.6412739284661809,4.620853500500734,3.8198262506163267,19.028371625210763,-41.71550881104951
465230000,-0.06027107829879167,-0.6411422488259928,4.617487300782628,3.8227016820282596,19.06231996226962,-41.76174568563656
465240000,-0.06019648503831259,-0.6415209324799498,4.623332044634384,3.8177118687937077,19.042730596919753,-41.777498358615404
465250000,-0.06054325308759108,-0.6418183638173712,4.628532400617521,3.813283300442393,19.01510516438866,-41.766483117340016
465260000,-0.06038471014423999,-0.6415194808237822,4.623587666146737,3.8174939399825454,19.03712690224048,-41.76659789998901
465270000,-0.060251581037394454,-0.6411806732073803,4.6180621759476335,3.822210308213842,19.060693345003106,-41.76403284189565
465280000,-0.060409214725426166,-0.6412093177993348,4.618745357073138,3.821626526897661,19.05427272943189,-41.75580756286928
465290000,-0.06045632726189177,-0.6409852265411922,4.615295567553452,3.8245762414938906,19.065769616696535,-41.746309438603596
465300000,-0.06048708077124235,-0.6412815656355425,4.619996399346931,3.820557975264295,19.04775149903566,-41.75350269492524
465310000,-0.06017162236418122,-0.6409389676672577,4.6141491873948075,3.8255574690496386,19.07705720431132,-41.761330712938765
465320000,-0.05986332028431797,-0.6412238026831116,4.618168449566655,3.8221194850304876,19.06994863325099,-41.78774212306865
465330000,-0.059821255892466806,-0.6409609747923085,4.613979903466058,3.825702408538814,19.086394107794142,-41.7822177711732
465340000,-0.0604728014419612,-0.641057933113983,4.616461409912052,3.823578879968006,19.061078419668664,-41.747560267587374
465350000,-0.060115785324931316,-0.6405942267140544,4.60866320721664,3.830260205731025,19.098639960289308,-41.754108791793136
465360000,-0.0603679574121913,-0.6411163703174172,4.617223975307088,3.8229268020135656,19.060881291804698,-41.75537485381846
465370000,-0.060445241993595376,-0.6406661081899294,4.610274737117002,3.828877538652705,19.084507798155805,-41.73728260032933
465380000,-0.060532080139895854,-0.6405475730875982,4.608546544142397,3.8303603401869593,19.088710643015112,-41.7286820067687
465390000,-0.06093065540089674,-0.6401787166412196,4.603367775618346,3.8348107562913274,19.097878591471233,-41.69451699235107
465400000,-0.06040060331969554,-0.6399046104644417,4.598303204366347,3.8391732120773066,19.129780058340106,-41.71674821877482
465410000,-0.06031051152958261,-0.6396541051573077,4.594265331680335,3.842658536728611,19.14696865477107,-41.71432979137638
465420000,-0.060359320983243266,-0.6401991254318731,4.602840918485763,3.8352641042014888,19.11404660737771,-41.72807398163112
465430000,-0.05993987960904776,-0.6400373349361069,4.599698454142532,3.8379703833363292,19.13611756319404,-41.747364434761444
465440000,-0.06003845930673778,-0.6405914171412054,4.6085056504022,3.8303954414335726,19.101146004185644,-41.75848588913671
465450000,-0.0602091205272753,-0.6402021298089637,4.602666854243023,3.835413906241278,19.118432561784235,-41.73682991248434
465460000,-0.06041582083934594,-0.6396738075919148,4.594727124653221,3.8422596104862605,19.142629553105376,-41.708854436124895
465470000,-0.060725733098836346,-0.6402889561533517,4.604786732211669,3.8335903197023775,19.09774573613561,-41.70967301857429
465480000,-0.060159078904832054,-0.6398959208876885,4.59781271279812,3.839596241237082,19.137620348824957,-41.73041774711448
465490000,-0.059880708564086275,-0.6396157280598109,4.593038601105378,3.8437186738573876,19.162254989793016,-41.73796703922168
465500000,-0.06021036975745802,-0.639650508912449,4.594062339258724,3.84283392117494,19.15022165335675,-41.71999796804209
465510000,-0.06086836410590085,-0.6394448193867238,4.59182940797024,3.844764237125678,19.142063421735354,-41.675796689440595
465520000,-0.06105971236460801,-0.6395250721407492,4.593362769478304,3.8434384706718054,19.131615729636188,-41.66721346735097
465530000,-0.06081971966975541,-0.6394857616221847,4.592394652527642,3.844275410382613,19.14118428442414,-41.67984632237921
465540000,-0.060239571967973964,-0.6393198839540619,4.588959418785845,3.8472481708358415,19.168409580580985,-41.7082523191087
465550000,-0.0601491772389144,-0.6402023724339417,4.602582598939051,3.8354864217659053,19.12023806612384,-41.74029593493612
465560000,-0.060548885837695035,-0.6396739799012984,4.59492584939075,3.842087965279672,19.138572957627957,-41.70118579076087
465570000,-0.05992219938509626,-0.6398499899937938,4.596749705298852,3.8405133674825636,19.147469450085904,-41.74269362543909
465580000,-0.06079864262964886,-0.6392554634987304,4.588780688757676,3.8474029669594785,19.155099821823992,-41.67404973323962
465590000,-0.06084284293924028,-0.6392637729983123,4.588975263873656,3.84723444818938,19.15327469032021,-41.67175523495968
465600000,-0.0603425708014594,-0.6391442342603767,4.586380447950697,3.849483016551853,19.17540635504441,-41.69696034275682
465610000,-0.059897654369055836,-0.6394811044315197,4.5909675985386995,3.84550977808191,19.16951176013294,-41.732893351566034
465620000,-0.05995470244256922,-0.6389668290177983,4.58305926807591,3.852364924796874,19.197464209996625,-41.713937567751664
465630000,-0.06088338780245641,-0.6391032806107119,4.586541015564598,3.849343797258216,19.1612891681926,-41.664529114945985
465640000,-0.06128335164973963,-0.6390348476858198,4.586071873619046,3.8497505930166422,19.153041424575054,-41.63940122595001
465650000,-0.06061972869736797,-0.6390445448100994,4.585239516383408,3.850472549995545,19.172710249648063,-41.67793784965537
465660000,-0.06034340823058716,-0.6389751646897937,4.5837564604880345,3.851759582025281,19.185134211520378,-41.691759654225265
465670000,-0.06067255963443918,-0.6391808661589083,4.587434979145924,3.848568877967809,19.16324064199973,-41.67904567564813
465680000,-0.0609744389087609,-0.6388054645885737,4.582053148430618,3.853238837032796,19.175675475527136,-41.650201823733696
465690000,-0.06032080605643986,-0.6382975557572429,4.57322668024084,3.860922788528442,19.224916753060935,-41.672383403769054
465700000,-0.06057481614350225,-0.6390625234632984,4.585452564168,3.8502877337419896,19.1730423700469,-41.68107552598581
465710000,-0.06036054210713929,-0.6381091939460589,4.570373877982055,3.8634129832720294,19.234569526409313,-41.66433359157901
465720000,-0.06056853732891286,-0.6384091702434204,4.575315844195945,3.859101237911605,19.210910454704756,-41.661503580392115
465730000,-0.06052986174376789,-0.6387880132929096,4.581126872369169,3.85404375374611,19.190243305312308,-41.67529803223215
465740000,-0.060245287927927535,-0.6386372832653919,4.578373935230337,3.856438023737159,19.207621131035026,-41.687114900329775
465750000,-0.060162646287431086,-0.6382305198420127,4.571959670471818,3.8620283512145717,19.233618045258066,-41.679461345206114
465760000,-0.060984108199132164,-0.6385663778066311,4.578361880639804,3.8564485144408738,19.1891574774138,-41.64234820523097
465770000,-0.0604207283128364,-0.638492505521488,4.5763887785836275,3.858166420831957,19.210618065893804,-41.67257368487294
465780000,-0.06029530253209872,-0.6384720792539513,4.575889110027678,3.8586017104943626,19.21562643774382,-41.679185810816335
465790000,-0.0788842988145082,-0.6224816583310111,4.368552129995591,4.048278038288599,19.539275593201534,-40.12193303578291
465800000,-0.10112429484879899,-0.6002993350628287,4.111916082916262,4.311116774246662,20.008932397202127,-38.16673173328704
465810000,-0.12077175540184698,-0.5795666885036258,3.9021572783310092,4.553325922115526,20.399047504433796,-36.40432821339717
465820000,-0.103974766784513,-0.5942773102497731,4.0416498480982606,4.389269256311804,20.2307171080036,-37.805684437354294
465830000,-0.0851407734724833,-0.6119021698521271,4.232822227761094,4.183083148058546,19.92090226070037,-39.42783540833007
465840000,-0.0602091151956728,-0.6379649068735067,4.567925343374697,3.865552900357583,19.247525959156878,-41.66865839632102
465850000,-0.0602831008373014,-0.6376144423897496,4.562629798423565,3.8701892368506408,19.265485346936018,-41.653661914884154
465860000,-0.0601613491730256,-0.6375904314718639,4.562082888607436,3.870668709518004,19.270599986097952,-41.65995276841851
465870000,-0.05989181140204125,-0.6376313999514993,4.562323041751629,3.870458153777236,19.276489651289165,-41.67676795393344
465880000,-0.060096145096276164,-0.6370894757703877,4.554284386272145,3.877518773310501,19.3015144972718,-41.64835967510387
465890000,-0.06017991961419321,-0.6374371642990443,4.559750553502531,3.872714810554261,19.27887696231912,-41.65418535068421
465900000,-0.05999761088222776,-0.6379251550737427,4.567004504378818,3.8663582988435814,19.256290555538587,-41.67965044346014
465910000,-0.05977569114966735,-0.6377547662260713,4.564055865854655,3.8689395795109096,19.272920358620947,-41.6872508947465
465920000,-0.05981674305741014,-0.6371826186024383,4.55531120804119,3.87661542295634,19.30470717654225,-41.66734965219573
465930000,-0.0604833514433517,-0.637378243252782,4.559285904204974,3.8731226988174896,19.272976819597872,-41.63487169324461
465940000,-0.06046091858789787,-0.6372720085136336,4.557619372198308,3.874586367829967,19.279792715462044,-41.63290874686888
465950000,-0.060889296429072946,-0.6377174116696142,4.565103936325241,3.8680216822853137,19.240983433222898,-41.62185525400449
465960000,-0.06102715913920822,-0.6373609638316207,4.5598175540177905,3.8726560019505096,19.257302503829084,-41.60298885471521
465970000,-0.06060273691064573,-0.637549243959061,4.562092356210525,3.870660408298061,19.25945560417609,-41.63322610884298
465980000,-0.06053781948612884,-0.6366022032493647,4.547452473775406,3.883540088456978,19.316069061023143,-41.60791013206258
465990000,-0.05980794586270115,-0.6371551313041834,4.554876262147808,3.876998016019009,19.306564537015035,-41.667014670169785
466000000,-0.06013595420452442,-0.636911687774129,4.551613110919552,3.8798708441280483,19.310555414431985,-41.64060529641433
466010000,-0.06074128310455595,-0.636810225501381,4.550937930421526,3.880465803136133,19.29782095323223,-41.60256764856425
466020000,-0.06074848598301524,-0.6363568580831177,4.544003943842556,3.886586680818155,19.32374079941026,-41.58821668720017
466030000,-0.06071464126558256,-0.6361819314811036,4.541279754629485,3.888996794622308,19.3348690793605,-41.58478559065427
466040000,-0.06094837674137779,-0.6368545308288193,4.55192105362345,3.879599551178971,19.28890649041234,-41.591989772514715
466050000,-0.060911607372525656,-0.6363569111605981,4.544243311088877,3.8863750556783643,19.318719727027172,-41.57881397899444
466060000,-0.06076932606046911,-0.636267759646414,4.542671642873792,3.887764999481244,19.328237046920385,-41.58427377411269
466070000,-0.060371358492766695,-0.636037251214813,4.538570450171577,3.8913967556589757,19.35378347534539,-41.60013324549534
466080000,-0.060827540359897334,-0.6364022352548935,4.544813782214055,3.885870795271959,19.318692801298138,-41.585054464863425
466090000,-0.061540236058944264,-0.6362819204322628,4.544021415967327,3.8865712328792537,19.303698060246482,-41.5402907934455
466100000,-0.06209747498207399,-0.6372442916348092,4.559613235715943,3.8728353446638604,19.231196295334012,-41.53779260514216
466110000,-0.06116318491880673,-0.6368378854636737,4.551981634229632,3.879546185104502,19.28326849790229,-41.57910002465077
466120000,-0.05742168989139771,-0.6405041778283508,4.6033863079907125,3.8347948116128263,19.185502179013923,-41.907219810634025
466130000,-0.060534215121146366,-0.6366905876438492,4.548801426036247,3.88234968178156,19.31108164564588,-41.610834119251955
466140000,-0.06065478639477302,-0.6366964740721454,4.5490675063151444,3.8821149621501325,19.307037511153695,-41.604060979849585
466150000,-0.06191935989582506,-0.6366362608796211,4.55001044021981,3.8812833961869746,19.271642796067194,-41.529367784577616
466160000,-0.062081517541271405,-0.635793159357436,4.537357939872951,3.892471799487466,19.315154458815815,-41.494085262628296
466170000,-0.057945052722389305,-0.6380938276031183,4.566679787247674,3.8666423893418007,19.309296694487067,-41.80352684901728
466180000,-0.06050439265151411,-0.6349961683324944,4.522911739702165,3.9053268017010643,19.409748112979543,-41.56034091142967
466190000,-0.06311899482410269,-0.6339720009376307,4.511256585694849,3.9157612805091824,19.387736336809773,-41.378135712134785
466200000,-0.06468378447065694,-0.6412239094392781,4.625533383425761,3.8158359568457048,18.92407794152532,-41.510697689582805
466210000,-0.06065856123851222,-0.6373704146614503,4.559421620104288,3.8730035527901046,19.268057494205866,-41.62452663025006
466220000,-0.06321378326217868,-0.6323086434398207,4.486375750800334,3.9382271205270545,19.48029936670218,-41.32094083990879
466230000,-0.06067873075140786,-0.6361187376579643,4.540261754097624,3.8898982086709117,19.339618766595592,-41.584911133500384
466240000,-0.06606619894869296,-0.6360908986129057,4.548044221137262,3.8830177992203523,19.175272922267435,-41.274886642415524
466250000,-0.06275064242783367,-0.6381581508930385,4.574693658517657,3.8596435414646226,19.158663804345874,-41.52824119756918
466260000,-0.06081865544805815,-0.6351799371614455,4.526159387910048,3.9024293535434733,19.389439585201217,-41.547892892947054
466270000,-0.061738653398676686,-0.637571528210681,4.564114345094364,3.8688883518896056,19.22337024068234,-41.56846867255687
466280000,-0.055422705387661295,-0.6444566323567573,4.663081655029811,3.7841244781853884,19.016093805491273,-42.1422423122573
466290000,-0.061376391205826414,-0.6343426667849882,4.514275285685454,3.9130532999345546,19.420441359427553,-41.48985059984291
466300000,-0.061209861573587016,-0.6347074556397441,4.519557318552581,3.9083241058177047,19.40458031564798,-41.5107380519141
466310000,-0.061573646678492376,-0.6352057059361353,4.527656980205602,3.9010947216178,19.364635228486485,-41.50518640432821
466320000,-0.059798672913027366,-0.6260049173437762,4.388722855154067,4.028995928483228,19.951150588439052,-41.31894609931395
466330000,-0.06208448127500675,-0.6290083410619804,4.435740525854571,3.9847671998284855,19.705450581673265,-41.282318503252135
466340000,-0.06982697732331483,-0.6394529822267494,4.6062322652779395,3.8323478362648884,18.86870096629135,-41.16394253317498
466350000,-0.06293626114988872,-0.6342494828148256,4.515178334561883,3.912243943196179,19.37746665931253,-41.3972351456611
466360000,-0.05300379894325748,-0.6370918346572668,4.54466486747161,3.8860024136579163,19.518829401592942,-42.06051166304767
466370000,-0.0654020932793935,-0.6317476775637155,4.481314986776561,3.9428288011650956,19.4440943608079,-41.17801683486183
466380000,-0.060954857606438095,-0.6356386252987818,4.533338952413163,3.8960394627824297,19.358792021179916,-41.55419704867506
466390000,-0.06380985703142449,-0.6430623520304548,4.65323821565136,3.7923858811553317,18.845176971888222,-41.616216598176884
466400000,-0.0572353951424799,-0.636770859441491,4.54535753215251,3.8853902785200667,19.407751472091636,-41.804156160349656
466410000,-0.058060030165154285,-0.6246744083587156,4.367208080839003,4.049569555021968,20.083700191277778,-41.37713617793731
466420000,-0.08537673229484838,-0.630761370008386,4.50226353905682,3.9238512974031456,18.873340394130338,-40.02540431487169
466430000,-0.06471802395499504,-0.6339074922287454,4.512718405154207,3.914449452589794,19.34181414126294,-41.28444763769469
466440000,-0.05935304033370349,-0.6324453822278352,4.482821758557179,3.9414575719674754,19.592818794566615,-41.54767599380991
466450000,-0.06256504716292693,-0.6355863862073411,4.534927372892304,3.894628624352099,19.312131342932332,-41.459906100062035
466460000,-0.06012931070864526,-0.6349646272532654,4.52189208819002,3.9062374048695716,19.423160461503517,-41.58101352345028
466470000,-0.06293564086934084,-0.6450173028393517,4.68311639415611,3.7674221420908687,18.759281853775956,-41.72494064666054
466480000,-0.060041888699432534,-0.6340756875068159,4.5083078379858055,3.918410191529454,19.477194311953454,-41.55854614712086
466490000,-0.059134028708105475,-0.6303384389490022,4.451167770345067,3.970469529861655,19.72154552030898,-41.49443693919437
466500000,-0.05846669547367196,-0.6361710742620768,4.537897168893722,3.8919936301639657,19.40467658325851,-41.71434760261839
466510000,-0.058260032851556516,-0.6384263306930539,4.572258384287094,3.861767642648728,19.280413543530916,-41.79543669273019
466520000,-0.060972212164424604,-0.6340520328774801,4.50929151929877,3.91752612861037,19.449716137779014,-41.50413478793205
466530000,-0.05371487271902708,-0.6292897941955179,4.428559365509122,3.991458357221852,19.952891708993736,-41.77661525583507
466540000,-0.06331079339184723,-0.6378326939561774,4.5705198818552235,3.863285458056469,19.160207386277236,-41.48612208763773
466550000,-0.09192272958274653,-0.6393589066754173,4.648650386521232,3.7962488874969216,18.199346651252448,-39.933100144901985
466560000,-0.06632343092623597,-0.6378577961106983,4.575637582857164,3.8588208678781912,19.066503565495708,-41.31448908619761
466570000,-0.06024621801236225,-0.6346221990037485,4.51686766945675,3.910730792100996,19.43931300753814,-41.563675276075955
466580000,-0.05840420678244718,-0.6319644355993975,4.474314688902735,3.949212131472226,19.650252870684774,-41.58759239873762
466590000,-0.0556602255206991,-0.6379236508266661,4.560920061970665,3.8716885543436206,19.389013082733438,-41.931003444941936
466600000,-0.05855690553292452,-0.6341177830780342,4.506846428432166,3.919724352120075,19.520785263140926,-41.64572164092867
466610000,-0.05511038232272377,-0.6344837490049214,4.507709738268517,3.9189479194719254,19.60622827206817,-41.85725153318209
466620000,-0.062473123444913105,-0.6310341014239211,4.466258415925332,3.9565844392737635,19.57669455773153,-41.32364947541294
466630000,-0.06189325071314839,-0.6336846654909641,4.505093873417208,3.9213015054385014,19.442298670171464,-41.43968310767451
466640000,-0.06446330407516908,-0.6345668713718088,4.522310656891045,3.90586354846291,19.31195089786897,-41.319477770208984
466650000,-0.06696974299743513,-0.6420878089486106,4.642876456604987,3.801121982060728,18.80563141564187,-41.40628861216112
466660000,-0.05726093127781389,-0.6326007585991663,4.48226088189559,3.9419678812663768,19.648998609943778,-41.67373261685877
466670000,-0.061916528038855174,-0.6340909521660895,4.511262385139775,3.9157560743559516,19.418194136528353,-41.45094991503054
466680000,-0.06152569118231379,-0.6339618451307111,4.508736915348975,3.9180245173731625,19.437747826031323,-41.46944638191652
466690000,-0.05824405561468615,-0.6357838861013466,4.531679844243158,3.8975141962443782,19.43395598046688,-41.715320890708185
466700000,-0.0609048316020064,-0.6338184895087856,4.5056680318762155,3.920784668585078,19.465270714650803,-41.50077523088884
466710000,-0.06156767516430865,-0.6339587568553225,4.508751830966302,3.9180111119296757,19.436623369583018,-41.46693278391198
466720000,-0.06146612863224774,-0.633768462000408,4.505730779599544,3.9207281937327436,19.450733793575083,-41.4668763833946
466730000,-0.06363669063025744,-0.629057598902652,4.438746559137433,3.9819730541012435,19.653653325261,-41.19466759803402
466740000,-0.06165006185499351,-0.633385900330752,4.500234728750692,3.925681088213831,19.46705232933866,-41.444401563037204
466750000,-0.062134106959335716,-0.6332307424646195,4.498611527362918,3.927146309199671,19.460933686038675,-41.41171846577369
466760000,-0.06188770922486702,-0.6327812934231094,4.491495472252491,3.9335829334705954,19.494465179856125,-41.41190935749349
466770000,-0.058549405252216344,-0.6296089518235264,4.439593136131022,3.9811868695167396,19.782153537942378,-41.50535471185111
466780000,-0.06342850527624175,-0.6323659635230198,4.487556384510471,3.9371551582693227,19.47030974502434,-41.310402288627095
466790000,-0.06214364052495655,-0.6327860151662167,4.4919427610233615,3.933177719246141,19.486222322094466,-41.39732900007779
466800000,-0.06199004068174626,-0.6325594614307066,4.4883187254907915,3.9364633022714917,19.504043913345157,-41.39910818453449
466810000,-0.06221105126617609,-0.6329349714143048,4.494278758121133,3.931062838311532,19.475554265688565,-41.39808929753585
466820000,-0.06254181015723771,-0.6329289387534871,4.494677801290119,3.930701798263731,19.46560414161359,-41.37888098983607
466830000,-0.0624862446214779,-0.6326088346246209,4.4897908853635276,3.935127955892017,19.485738336887778,-41.37210450944725
466840000,-0.06260765059043974,-0.632851201410265,4.4936079933200075,3.931669874424968,19.46802280017605,-41.3726756665633
466850000,-0.0626914285973797,-0.632953802743521,4.495273739935534,3.930162739757947,19.459517093420107,-41.37105494398947
466860000,-0.061781104541624936,-0.6325841502314343,4.488382403962202,3.936405522613711,19.509134865256442,-41.41190385097557
466870000,-0.062131262265454644,-0.6321258389492563,4.482034192368754,3.9421741711218754,19.524590175065978,-41.37745630260242
466880000,-0.06195642004877914,-0.6321068173137058,4.481493149847533,3.942666614276444,19.531142703986987,-41.38692369012985
466890000,-0.06188451295851062,-0.6327729497012953,4.491365572862166,3.9337006296913852,19.495044979313313,-41.411833456980105
466900000,-0.06196063469999443,-0.6323729903454531,4.485481980924615,3.939039018258059,19.515692187576022,-41.39498650720724
466910000,-0.0618999160654524,-0.6324654792285257,4.486778149491153,3.937861693947075,19.512262426690118,-41.40136532908982
466920000,-0.061967438974204835,-0.6324753930101352,4.487025729788533,3.9376368954256176,19.50958658563494,-41.39778818095132
466930000,-0.06165223552618125,-0.6325809672180661,4.488146233742271,3.9366198240255486,19.51333441721267,-41.41922453391647
466940000,-0.06169206852702343,-0.6322812515910058,4.483715664680283,3.940644536088007,19.529350684200082,-41.407585284034745
466950000,-0.061402610300687006,-0.6323522520009518,4.484356618516732,3.940061778285849,19.534290424406226,-41.426471646517896
466960000,-0.06150282299266498,-0.6325920061900686,4.4880936945179375,3.9366675014679937,19.51735504689008,-41.42817347405524
466970000,-0.061452662159203475,-0.6320681824685853,4.4801804751323875,3.94386189770432,19.54909362574916,-41.41472414883008
466980000,-0.06173987118903442,-0.6318425161580752,4.477227783359156,3.9465532288018617,19.553120308037187,-41.391135187246995
466990000,-0.06132343067291999,-0.6314197767961565,4.470319628742924,3.952864520904188,19.590490632464828,-41.401905199083174
467000000,-0.06189057497026788,-0.631264501658492,4.468831890162132,3.954226407434799,19.581683836311594,-41.364381610334796
467010000,-0.06135651335239764,-0.6314639074615397,4.471024777133669,3.9522193562975447,19.58691275835845,-41.40137954190756
467020000,-0.06168732190915311,-0.6312275409875384,4.467985838370057,3.9550013151602514,19.590175195787822,-41.374926740895866
467030000,-0.06114817771983212,-0.6314890754981394,4.471098659554262,3.952151771118528,19.59197922215384,-41.41417338671298
467040000,-0.06068006037461364,-0.6309030225758997,4.46171121937283,3.9607579611355606,19.640432100916744,-41.422819893910834
467050000,-0.06070234495355286,-0.6311738869809035,4.465767475369513,3.957034604949331,19.624107241440413,-41.43001908521238
467060000,-0.06069266043472872,-0.6311567890546904,4.465499416645329,3.9572804441418707,19.625396877472067,-41.430042432680644
467070000,-0.06057158833138138,-0.6317308800603111,4.473874663891632,3.9496140774732917,19.596060962707238,-41.45498646618911
467080000,-0.06113237602844355,-0.631617493871427,4.472989549315984,3.9504228478770105,19.585071026483778,-41.41910016647614
467090000,-0.06024218724612523,-0.6316619509621797,4.472377320434279,3.950982467063306,19.610334600932305,-41.47184510301678
467100000,-0.060263877934889944,-0.6319473784640066,4.476666045715128,3.9470656667003534,19.59317761815501,-41.47951002578037
467110000,-0.060273470485175895,-0.6315571053869454,4.4708594237766865,3.952370624564507,19.61540996751281,-41.46676120198426
467120000,-0.060918825397079136,-0.6318389665444335,4.475985244438127,3.9476869003186694,19.578976407116162,-41.43833391761853
467130000,-0.06115586929400357,-0.6321754921207464,4.4813543838212055,3.942792935750987,19.552173851072922,-41.4351755521296
467140000,-0.061879433106612196,-0.6322545426197757,4.483589974317241,3.9407588348340012,19.52504271333726,-41.395965220590256
467150000,-0.061712997571366,-0.6321981867157889,4.482503476150048,3.9417471422641457,19.5334805278209,-41.40378841201024
467160000,-0.06148284815443203,-0.6319624353084736,4.4786443209930855,3.945261611418437,19.554242724167036,-41.409683344790416
467170000,-0.0615781481924953,-0.6318881250984543,4.477673118842738,3.9461470734353115,19.555546310247028,-41.401873072665246
467180000,-0.06129368053074954,-0.6315378560132178,4.472035609449821,3.9512948844726345,19.584616938290335,-41.4073131677671
467190000,-0.06061871616504633,-0.631041486539413,4.4636801214003174,3.95894975848176,19.634365172060722,-41.430697613267036
467200000,-0.06152608878353737,-0.6311467149307123,4.466549478925122,3.9563175995931004,19.5998790296726,-41.381681970239754
467210000,-0.061613846140853856,-0.6309539890098977,4.463812158435435,3.958828558236412,19.608230628135136,-41.37058963802889
467220000,-0.061540370374178525,-0.6315170393072451,4.472082910480443,3.9512516353815124,19.57810074587007,-41.39244951010664
467230000,-0.06129807971992083,-0.6312315705151545,4.467481644393028,3.955463258654924,19.602129490343376,-41.39747574120098
467240000,-0.06121772172795339,-0.6316649559216116,4.473820413764564,3.949663638650254,19.579667222072565,-41.41566478677583
467250000,-0.06025668381272683,-0.6314478338551736,4.469208187748021,3.9538818517557965,19.622243814216105,-41.46431304401819
467260000,-0.06081708078106531,-0.6312951685475178,4.467735677072269,3.955230499704616,19.613519462782264,-41.42719729784677
467270000,-0.060727468103864125,-0.6309281176884409,4.462151552014548,3.9603534220500087,19.63749865539588,-41.42087130610454
467280000,-0.06068359384950434,-0.6310886036908393,4.464472917841716,3.9582221433049165,19.62961457700991,-41.428430206464846
467290000,-0.06124365317254605,-0.6306912840856623,4.4593773692617455,3.962903502786601,19.63497225158259,-41.38368218771292
467300000,-0.061049688768049906,-0.6303840996787949,4.454546235718243,3.9673523551553496,19.658766818010296,-41.38522396278262
467310000,-0.06164248587824597,-0.6308281547582826,4.461984948978931,3.9605064724487344,19.61458015178996,-41.364995961985805
467320000,-0.061235312647699706,-0.630263406929117,4.453026221533251,3.9687541949789464,19.659895303177187,-41.37073316055491
467330000,-0.06096440487826811,-0.6309337222990078,4.462574094452014,3.9599653060762865,19.629750486355114,-41.40738129866645
467340000,-0.060907111636083276,-0.6307875902403339,4.4603226688961595,3.9620341905113543,19.639973346225727,-41.40610472836116
467350000,-0.06065257550084496,-0.630566879683046,4.456686010399246,3.9653806449721465,19.66068812293179,-41.41386516268911
467360000,-0.060490264294247045,-0.6303888969034127,4.453818817007449,3.9680230945632937,19.676053042441428,-41.41764587272185
467370000,-0.061122810443829834,-0.6297065464748256,4.444636978902343,3.9765093791889217,19.695532307139842,-41.359711168113506
467380000,-0.061491116257398816,-0.6306758709813828,4.459505906301567,3.962785275326203,19.628098576732743,-41.36893944952262
467390000,-0.06185896976671856,-0.630874105040547,4.462981881680639,3.9595908165077915,19.605147698491656,-41.353971205939075
467400000,-0.06131035140030449,-0.6309704851640571,4.463618033539743,3.9590067531612467,19.61679067832783,-41.388591124087775
467410000,-0.061600709344995216,-0.6314339912056808,4.470933303938963,3.952303036188889,19.580996536608364,-41.38637622264546
467420000,-0.061502658216223756,-0.6307554234620779,4.4607028441879395,3.9616846847727505,19.623153728025343,-41.370769514870716
467430000,-0.06123859523223269,-0.631283886712533,4.46817413834567,3.954828822507128,19.60097661437108,-41.40254155239545
467440000,-0.06061415511967826,-0.6311833931879869,4.46578280346752,3.9570205483447483,19.626320003017646,-41.43540485723422
467450000,-0.06084714838085359,-0.6309286645125596,4.462330894447711,3.960188682011982,19.633716674978587,-41.413984977803345
467460000,-0.060799886034676454,-0.6304269445294588,4.4548231854827245,3.9670970455039765,19.664138083001184,-41.40097514443842
467470000,-0.06071269847316159,-0.6303058785505745,4.452906557804732,3.968864598178936,19.67385956330953,-41.40220375156783
467480000,-0.0609226686349163,-0.6300216668243468,4.449003372685048,3.9724691532108256,19.683656619940606,-41.381162635160926
467490000,-0.0606605206556781,-0.6304438353871961,4.454874509661351,3.9670497353307574,19.667538225044506,-41.409545415558426
467500000,-0.06095343801347899,-0.6304894859171628,4.455969147573654,3.966040981060626,19.655711397748778,-41.39408205565656
467510000,-0.06064530151091202,-0.6306530271500516,4.45795258499342,3.964214490102014,19.65594572483669,-41.41698734514783
467520000,-0.060939202673976,-0.6306428924609351,4.458222375610519,3.9639661798350048,19.647311534561712,-41.3997162962609
467530000,-0.06077388150551157,-0.630344521229568,4.453565746256819,3.968256500547476,19.669709063871597,-41.39988754412149
467540000,-0.060967408338694996,-0.6302249179110736,4.452072456266885,3.969634323942355,19.670529452689,-41.38496937798967
467550000,-0.06081710721945795,-0.6305050193129605,4.456004234339534,3.966008655781919,19.65909404742594,-41.40243227488745
467560000,-0.06125270157450992,-0.6299475961085979,4.448381818927016,3.973043767220646,19.677551317485914,-41.35980609525167
467570000,-0.06080331220855595,-0.6300279525115778,4.448925873676664,3.972540790265264,19.6870458687157,-41.38824447468882
467580000,-0.06096985820087139,-0.6303288668104982,4.453614165393258,3.9682118416406147,19.66445820078511,-41.38809284283599
467590000,-0.06144476406968419,-0.6300283104245088,4.449850865454997,3.9716859355229395,19.666861701910406,-41.3512757859824
467600000,-0.061119231962335194,-0.6305559348622692,4.4571915959087445,3.9649150608645556,19.646677275146892,-41.3866080045186
467610000,-0.06122070964672526,-0.6301626855663888,4.4515151636670405,3.970148774109841,19.666159493438784,-41.36841069950111
467620000,-0.061727859445739434,-0.6298453822472494,4.4475572243002395,3.973806349518993,19.668496522680282,-41.32921674093198
467630000,-0.061661314667909625,-0.6296378186950865,4.444397644943574,3.9767310767281043,19.682544231325355,-41.326517736647226
467640000,-0.0614183236714175,-0.6298619749219304,4.447355405935956,3.973993035822695,19.67727701817158,-41.34756893779995
467650000,-0.061392809025316235,-0.6291015852442827,4.436113418708646,3.984420374484268,19.721896121222596,-41.32509190106275
467660000,-0.06105910645927374,-0.6295032310742299,4.441548080691964,3.979372591466328,19.7092599067828,-41.3569838663812
467670000,-0.061384758966727654,-0.6294136088916783,4.440694299184679,3.9801647328160508,19.70416943322996,-41.335389892424125
467680000,-0.0612727343093354,-0.629918118866432,4.447975170595242,3.97341979699325,19.678620340602695,-41.3577245803126
467690000,-0.061012528082266565,-0.6298164557782358,4.4461010793003455,3.975153715036606,19.692664965730895,-41.36952776777516
467700000,-0.061184759062696874,-0.6297067160544122,4.444728235819438,3.9764248535785724,19.693573099508104,-41.35614526291596
467710000,-0.061732649351927155,-0.6294642685854844,4.441941993193094,3.9790072262638314,19.69029307911798,-41.31694488940453
467720000,-0.06121510952012966,-0.6299484861619626,4.448340986158039,3.9730815222186107,19.67868202853578,-41.36200084965362
467730000,-0.06116678791034099,-0.6294430278917573,4.440815083716532,3.9800526490365247,19.709339606582386,-41.34887964285716
467740000,-0.061135688279662745,-0.6295241673491438,4.441966156643166,3.9789848161892403,19.70564134947749,-41.35322778673985
467750000,-0.06125321354062194,-0.629263811624746,4.438299911997459,3.9823879660190187,19.716947359442056,-41.338251296202124
467760000,-0.06155318834187046,-0.6293274810326335,4.439668104780619,3.9811172641422568,19.703825346585727,-41.322972136915965
467770000,-0.0614249411664794,-0.6293123660094428,4.439261055912021,3.98149522241971,19.70873737350945,-41.32988471124831
467780000,-0.06123676737915564,-0.6292378810478997,4.437894736656245,3.9827644289056865,19.71896034944395,-41.33838199696767
467790000,-0.0613845442588826,-0.6289784749188173,4.434291732163971,3.986115297143865,19.729251142872073,-41.32168522549864
467800000,-0.0609749259329619,-0.6292011026919037,4.436979448834945,3.9836151221560625,19.729334111110347,-41.352319305852276
467810000,-0.06100610577189146,-0.6298617300320183,4.446760266027552,3.974543656887376,19.690256309097272,-41.37132215020442
467820000,-0.06051243643423997,-0.6294826347145795,4.440466852074629,3.980375813137181,19.727662642290007,-41.38787182933686
467830000,-0.06106180993431229,-0.6296282252646266,4.4433944947607,3.9776605788880026,19.70196776363134,-41.360763199256326
467840000,-0.06162063112669838,-0.6292457634618748,4.438562257085468,3.982144250442883,19.70640715398725,-41.31651185154884
467850000,-0.06147990568053578,-0.6293716204004602,4.440212628071001,3.9806117704835375,19.70359140519856,-41.32858477645494
467860000,-0.061607081608689315,-0.6287915410221843,4.4318654882696,3.9883749881552473,19.732998698284167,-41.30296460075269
467870000,-0.06151743596398861,-0.6293387118123576,4.4397820027244155,3.981011519223554,19.7043048959387,-41.32538568351322
467880000,-0.06124362316088725,-0.6289928967767869,4.4343017952523835,3.986105930275456,19.732865427379522,-41.33026203264525
467890000,-0.061047903006767296,-0.6290076607583622,4.434239156739715,3.9861642358384053,19.738187988086445,-41.34201139044464
467900000,-0.06069781702894706,-0.6282080093018434,4.422016209845838,3.9975749839255057,19.795371133578563,-41.33694861475533
467910000,-0.06134779152944986,-0.6280218498306988,4.420217097194344,3.9992601629498594,19.785543002066277,-41.29357610895953
467920000,-0.06143252834901192,-0.6281853932953181,4.42273030205537,3.996906514084823,19.773437062065838,-41.293867327182475
467930000,-0.06066031296797072,-0.6283431635196456,4.423941345436865,3.9957733625016405,19.788758001772962,-41.34338623289773
467940000,-0.06044617194021442,-0.6289287697918923,4.432226293111327,3.9880387862705384,19.761721544628102,-41.37423932546486
467950000,-0.060841003871274384,-0.6282223412175946,4.422428580169013,3.9971889316191063,19.790015828929086,-41.32914072671246
467960000,-0.06151935636340205,-0.6280607712238037,4.421031582131277,3.998497078381199,19.777870683268052,-41.28492147879887
467970000,-0.06140211682704786,-0.6277314569028295,4.416052477985457,4.0031665990117205,19.800558612810914,-41.281250202924575
467980000,-0.06176218182376429,-0.6275520732568245,4.413950559970805,4.005141160302279,19.799482507906184,-41.25482213432287
467990000,-0.056746439276680945,-0.6258364953438125,4.382187992295081,4.035222393008421,20.05816754818306,-41.49051884061742
468000000,-0.06881108029014907,-0.6176473327896752,4.28357721352722,4.131616506483508,20.13907796802779,-40.532153184189546
468010000,-0.06231610061675246,-0.6279743364754492,4.420916329045718,3.9986050400963076,19.757629249819058,-41.23631461184002
468020000,-0.06197541396888173,-0.6276773457975674,4.4160850384287365,4.003136027012582,19.78551122111152,-41.24651463887577
468030000,-0.06183932252886088,-0.6273959448752044,4.411785127029692,4.007177462247061,19.806027525664046,-41.245429198406946
468040000,-0.061504664976442636,-0.6273307186460426,4.410355495071708,4.008522996366067,19.820399959067668,-41.26263701671823
468050000,-0.06137902842966001,-0.6275405293754015,4.4132339823250595,4.005814773165379,19.812293556784073,-41.27653032710982
468060000,-0.06133221046288922,-0.62797295688802,4.419480142542682,3.999950865455644,19.788854096890567,-41.292926600180095
468070000,-0.061473743271299064,-0.6278916075685097,4.418493627093727,4.000875846141939,19.789061424664425,-41.282194916648244
468080000,-0.061730159289681855,-0.6279300093534587,4.419422358931138,4.000005032763848,19.778730735933898,-41.26863936219096
468090000,-0.06218874815124214,-0.627659531860552,4.416133011368008,4.003090984613916,19.77977624783002,-41.233671293617185
468100000,-0.062306061779029046,-0.6277915078536714,4.418229894337516,4.001123202089539,19.76846560279813,-41.23110259586237
468110000,-0.06192208203197495,-0.628024531000753,4.4210803884457475,3.9984513615371142,19.767212574031127,-41.260579940286455
468120000,-0.061751875485893226,-0.6276935289669096,4.415999674729945,4.003216178618491,19.791662477947227,-41.259898781155655
468130000,-0.062467603688540305,-0.6276218734480565,4.415987549312695,4.0032275639531685,19.77310514450639,-41.21643503769418
468140000,-0.0620151054773604,-0.6277217175090047,4.416789997030794,4.002474236251444,19.781699288781276,-41.24563568101195
468150000,-0.061972000466210785,-0.6280614620702784,4.421692503933543,3.997878083667526,19.763506613847415,-41.25887494567391
468160000,-0.06204518763178451,-0.6280230981168798,4.421237110454277,3.99830456732249,19.763398697644487,-41.25344787160596
468170000,-0.062283329649161494,-0.6277422353596496,4.4174773325512735,4.001829203784226,19.772020571411016,-41.23084956395049
468180000,-0.06244946646284882,-0.6272122766573052,4.409990059069924,4.008867083248334,19.79723941492497,-41.20448719653142
468190000,-0.06243837178688498,-0.6269897101819331,4.406734922537668,4.011934706418394,19.810393724905378,-41.19805881601289
468200000,-0.06194620430501857,-0.6268657385038063,4.404222779950621,4.014305404609912,19.83316313650421,-41.22244347609899
468210000,-0.06273750073322477,-0.6267781604598202,4.404093775082215,4.014427222927733,19.813054516351087,-41.17413552796413
468220000,-0.06270957441122776,-0.6265786008631211,4.401155257108491,4.0172040823674,19.82541547011871,-41.169395838173855
468230000,-0.06288124512687171,-0.626823285016479,4.40495882610796,4.0136105057225775,19.805891983535112,-41.16730700371143
468240000,-0.06246145224030398,-0.6270525676485401,4.407682748933337,4.011040986965589,19.806045172952604,-41.19872751222385
468250000,-0.06300999302152095,-0.6268550670308815,4.405608713911243,4.012997152170808,19.799973986722673,-41.16091820344252
468260000,-0.06290533530366244,-0.62635675715887,4.3982219725476135,4.019979898508106,19.831938904447735,-41.151084057556425
468270000,-0.06286702844418952,-0.6269809737113702,4.4072308858387474,4.011467004775583,19.79728053915168,-41.173134309096575
468280000,-0.06254692472272257,-0.6272554233294748,4.4107598736716636,4.008142312004017,19.791664915114502,-41.20025130431101
468290000,-0.062456901244969186,-0.6270074608289692,4.40701995225519,4.01166590509019,19.80878418926559,-41.19755678256617
468300000,-0.06274453208086019,-0.6269418953195156,4.406484046099496,4.012171329346926,19.803418092104877,-41.17893427572589
468310000,-0.06280805676157183,-0.6270189557150092,4.407697450503674,4.011027127830092,19.796970461031837,-41.17773030804701
468320000,-0.06249950790946581,-0.627027702644073,4.4073761653777765,4.011330024768291,19.806266789986026,-41.19574905178573
468330000,-0.06327066523427102,-0.6262578106929616,4.397321179215132,4.020833118041975,19.825992879123373,-41.12694430472911
468340000,-0.06326004039751157,-0.6260106147099103,4.393725715924386,4.024242368643626,19.840529164377738,-41.11967997735716
468350000,-0.06299832336131699,-0.6263699868272359,4.3985492749234965,4.019669973301816,19.828218780323837,-41.14616130277186
468360000,-0.06294472886534735,-0.62616234446518,4.395462288082591,4.022595000926651,19.841857728145005,-41.142629705254215
468370000,-0.0628924321108384,-0.625860434353891,4.391017404113403,4.026814302467117,19.860875911953194,-41.13601416445014
468380000,-0.06286272662387186,-0.6259128591038174,4.39173234681863,4.026135035936344,19.85880970672192,-41.139392907318985
468390000,-0.062479122160855445,-0.6259389887376574,4.391554763219252,4.026303736207389,19.869535087826975,-41.16228283855494
468400000,-0.062219419776468214,-0.6265350083156088,4.399813621985655,4.018473209772699,19.843513878508524,-41.19620271852244
468410000,-0.06235100000778266,-0.6262653761780375,4.396094318392321,4.021995777499125,19.854840809256654,-41.18005080895632
468420000,-0.0626519950473186,-0.6258697803249734,4.390803866624667,4.027017229524054,19.868004448466582,-41.15013456871069
468430000,-0.06314203477146568,-0.6257568054522621,4.389882735619198,4.027892829230108,19.8588709999004,-41.118366614858104
468440000,-0.06283352001048109,-0.6261115552619915,4.394565107395281,4.02344592368967,19.848319338896527,-41.14740364349957
468450000,-0.06338069967595851,-0.6258881245203581,4.39213012114602,4.025757211824729,19.843717731901858,-41.10884607372534
468460000,-0.06340177702694359,-0.625543998264718,4.387188269411632,4.030456335012957,19.86280619574932,-41.09665797236565
468470000,-0.06361765477721641,-0.6255451725945897,4.387521658605872,4.030138969653077,19.855848178436023,-41.084301684212015
468480000,-0.06366402017083905,-0.6256591054315139,4.389235285902869,4.028508507633262,19.847829111994642,-41.085276412306264
468490000,-0.06338665974033544,-0.6256141918653919,4.388179717539312,4.029512688588167,19.859257917957443,-41.09976628569995
468500000,-0.06311255045366146,-0.6254304389682704,4.385127280397443,4.03241939579085,19.878562221304183,-41.1096452825169
468510000,-0.0632020885616256,-0.6255660804022933,4.387215339489918,4.0304305641181735,19.86791147099648,-41.10883151474579
468520000,-0.06270973873502779,-0.625469271625936,4.385102980629462,4.032442552561422,19.889191084782937,-41.13403674493325
468530000,-0.06247864917937792,-0.62578729186895,4.389361050439611,4.028388899555942,19.87827577583448,-41.15747360382804
468540000,-0.06308626286169197,-0.625774707072137,4.390060162872361,4.027724142031234,19.859621316333325,-41.12214181727831
468550000,-0.06345439086493034,-0.6256129185231427,4.388260491020262,4.029435829335215,19.857169638231984,-41.09583650465306
468560000,-0.06323402373791201,-0.6256967288023279,4.389148861862876,4.028590705211507,19.8593877610867,-41.11116595439206
468570000,-0.06307226709707758,-0.6254992511833696,4.386061545420111,4.031529281394866,19.875894668366083,-41.11415671691088
468580000,-0.06275637210809187,-0.6256204767838601,4.387352873778955,4.030299635740739,19.87900933256746,-41.13618161527069
468590000,-0.06327275691612265,-0.6250987833731876,4.380580138639342,4.036757371683765,19.892496086681415,-41.0898464072529
468600000,-0.06318599225252099,-0.6256873831088741,4.3889437375769695,4.028785811814829,19.861456926109913,-41.11362685625845
468610000,-0.06312239277934492,-0.6252554556708104,4.3826183847323845,4.034811709434087,19.88830124152361,-41.10349093916358
468620000,-0.06303587969079903,-0.6249275047572149,4.377770140292489,4.039442864726594,19.909910165396923,-41.097978489841836
468630000,-0.06312166067859552,-0.624291961567022,4.368766297625071,4.048072318903686,19.943681555702785,-41.07270105827501
468640000,-0.06323055240838184,-0.6244749859811607,4.371550037465789,4.045400323929847,19.92967779970494,-41.072309730678846
468650000,-0.06313081301836299,-0.6250302542358794,4.379386754340302,4.037897435386119,19.9009706000832,-41.0958095565518
468660000,-0.0628440387809998,-0.624623696607025,4.373125099642454,4.043890077955127,19.933509962414664,-41.09928259985133
468670000,-0.0631883226508119,-0.6248684300564367,4.3771418090353995,4.040043853569704,19.908428135067883,-41.08733025543236
468680000,-0.06333420248545679,-0.6248900762879608,4.377665624634466,4.03954281966907,19.902518210045525,-41.0796434788745
468690000,-0.0638830002461314,-0.6249442546388753,4.379249035805625,4.0380290428250225,19.881854394424785,-41.04987427865897
468700000,-0.06324725167248575,-0.6247257344401672,4.3751758427956755,4.041925445421058,19.91473954544268,-41.07937917734093
468710000,-0.06361968242501857,-0.6250029480807213,4.379707266813592,4.037591179080207,19.886907168942926,-41.06686227660353
468720000,-0.063522250155345,-0.6245639038820229,4.373251693165109,4.043768743785656,19.915228985135176,-41.058406017724
468730000,-0.06334600379820325,-0.6243405031377628,4.369788310781688,4.047090914041843,19.93370314231426,-41.06136972368355
468740000,-0.06343360248577734,-0.6251111729703572,4.380993364958146,4.036362761108739,19.886643073771523,-41.08100526886472
468750000,-0.06381148796682234,-0.6242949179747204,4.369814392815561,4.0470658746810955,19.921401345056132,-41.03318681096129
468760000,-0.06406420565413279,-0.6242471760425767,4.369500906030949,4.047366850194195,19.916039206558874,-41.01715836587679
468770000,-0.06397677377388376,-0.6242790178409475,4.369828971094512,4.047051879330762,19.91701554248313,-41.023194179713975
468780000,-0.06349079942963085,-0.6242947576733604,4.369343167389228,4.04751831071535,19.931689396956752,-41.051588889322204
468790000,-0.06376477538700825,-0.6243519907465475,4.37056462632365,4.046345768018158,19.91962338374519,-41.03769654904039
468800000,-0.0635893349696461,-0.6244115743883835,4.371162843562685,4.045771760080237,19.921825194610985,-41.04967539480113
468810000,-0.06350780514916492,-0.6243039850329649,4.369500306447909,4.047367425891515,19.930614545364776,-41.050908253891095
468820000,-0.0635448568676215,-0.6243596832453061,4.370353318826266,4.046548563727082,19.92622934350021,-41.05056605889885
468830000,-0.0631329582694647,-0.623912394589381,4.363345678837609,4.053285668192776,19.965127378507752,-41.05987856075067
468840000,-0.06316147807469512,-0.6234938498101054,4.357404385014602,4.059015510067728,19.98825861142392,-41.044798652943776
468850000,-0.0635126800431565,-0.6237091426751463,4.360989895312814,4.05555563724654,19.96461085174434,-41.03154411865679
468860000,-0.06301315398836431,-0.623428024599994,4.356250487994627,4.060130252905044,19.996808158844402,-41.05120588117461
468870000,-0.0634676309472744,-0.6233698039649365,4.356077574163505,4.060297353112369,19.985542511200922,-41.02322689100259
468880000,-0.06321709056921232,-0.6230103763171911,4.350590676652896,4.065607055353557,20.014245819251112,-41.026053872086855
468890000,-0.06367774257535838,-0.6231067753769011,4.352632274317541,4.063629738605241,19.993884673788774,-41.002704136302185
468900000,-0.06358280605869211,-0.6236983701786608,4.360938036480957,4.055605636127936,19.962977201758964,-41.027172125210065
468910000,-0.0631968763112721,-0.6235451175467885,4.358187700473456,4.058259129236625,19.984175731028998,-41.04441242718964
468920000,-0.06350000294063875,-0.6240687624203226,4.366117554507294,4.050618074576641,19.944370016894926,-41.04381411755308
468930000,-0.0636683570838446,-0.6242348631931635,4.368743637441296,4.048094084207033,19.92943604834648,-41.03947593636435
468940000,-0.06369439211389163,-0.6239489358113083,4.364685380561801,4.05199592153245,19.94501216581051,-41.02881074651152
468950000,-0.06388228908195552,-0.6243756598118366,4.371076587847182,4.0458545148770755,19.914499457126368,-41.031712038957345
468960000,-0.0640228382284285,-0.6238873591793577,4.364285161144033,4.052381129951941,19.938004456524276,-41.007989057174434
468970000,-0.06424677977263643,-0.6242893398784609,4.370374753471988,4.046527991558499,19.907768634644913,-41.00804020532003
468980000,-0.06435208779610053,-0.6241920329075954,4.369134811517767,4.047718391551319,19.909971114657175,-40.99888325575285
468990000,-0.06379743236594454,-0.6241678822911274,4.367972381309481,4.04883502451398,19.92914163099992,-41.02992065433268
469000000,-0.06418787926387252,-0.6240940526446945,4.367488034804782,4.049300473943514,19.920854828912592,-41.005155673021235
469010000,-0.06375443116651933,-0.6239087148041976,4.36419742585589,4.0524655845243185,19.945393781413884,-41.02407422433022
469020000,-0.06340353914793695,-0.6235951890468528,4.359202612190917,4.057279542409907,19.974659856596407,-41.03415085182728
469030000,-0.06355312117685563,-0.6235183500477187,4.358322532613457,4.058128962307902,19.97426569722914,-41.02309308730977
469040000,-0.06370263511186428,-0.6234972436720809,4.358239004312692,4.058209599515544,19.970672444129605,-41.01383221844595
469050000,-0.06349328210227191,-0.6239926451234948,4.365017707113567,4.051676116180102,19.948955982840282,-41.04175813981493
469060000,-0.0637867829094842,-0.6239767680868048,4.36521897530841,4.051482456233926,19.94045022551128,-41.02440149791175
469070000,-0.06389656051745506,-0.6234751644885191,4.358207082083591,4.058240417709758,19.965706891840053,-41.00199420865577
469080000,-0.06382801501967417,-0.6232369014870173,4.354706585453187,4.061622742980441,19.981582025921483,-40.99826638066891
469090000,-0.06357126344848567,-0.6234002093988583,4.356662204366115,4.059732435420162,19.98046507873576,-41.0182543316021
469100000,-0.06434703465345505,-0.6238523271940178,4.3642611448992215,4.052404247792827,19.92960694925745,-40.988274138670846
469110000,-0.06461264822194196,-0.6243704409017817,4.37208022734298,4.044891823970744,19.891393994127807,-40.98966939406152
469120000,-0.06438915113726795,-0.6249325245508188,4.379827896205705,4.037475927445897,19.866337810668508,-41.02047340720274
469130000,-0.06399218955670981,-0.6240140461080685,4.366053971716273,4.050679225230328,19.931720975016077,-41.01381249339931
469140000,-0.06374183276356968,-0.6229328992228037,4.350248822765742,4.065938337286409,20.0018014156651,-40.99342882228391
469150000,-0.06360656628091142,-0.6226411437140316,4.3459013264933954,4.0701561856395605,20.02290550599918,-40.99179466603615
469160000,-0.06380390103586768,-0.6226570418141691,4.346414371824749,4.069657976325294,20.01563327454836,-40.98098066102702
469170000,-0.06394070564150374,-0.6219554846452918,4.3366575348100005,4.079153997645683,20.05147428485936,-40.950495086741704
469180000,-0.063872109091558,-0.6227839153034915,4.348318294959884,4.067810195074294,20.00615524986277,-40.98115467946859
469190000,-0.063997939376422,-0.6230510338764762,4.352305445298026,4.063946145553951,19.986778479242087,-40.98253678454632
469200000,-0.06376925502751576,-0.6231874217682454,4.353915237727666,4.062388171719208,19.986311656371083,-41.00004668688666
469210000,-0.06365541588088881,-0.6230183735589424,4.351340247876999,4.064880857246552,19.999677503196665,-41.00114057293135
469220000,-0.06386059069500669,-0.6231468422522966,4.353470060470477,4.062818897214688,19.98570172402259,-40.99349991303374
469230000,-0.06381374104489229,-0.622969587722843,4.350876093818307,4.065330506917091,19.997380760562226,-40.99048334462731
469240000,-0.06362225767206972,-0.6224086463338998,4.342621113576002,4.073344480924382,20.035746497804496,-40.98339787293391
469250000,-0.06398795813201558,-0.6225598959875467,4.345301995841478,4.070738342433607,20.01527447435136,-40.9672888317439
469260000,-0.06413981504661699,-0.6223937598256603,4.3431639813012275,4.072816474179845,20.019906878706525,-40.95322107929178
469270000,-0.06391802945900478,-0.6220977072685502,4.338639889436236,4.077220983359507,20.044046741133055,-40.95638919440744
469280000,-0.0640710574432068,-0.621946016555991,4.336713439688749,4.079099458650625,20.047806639777292,-40.94271148843746
469290000,-0.06403638101711825,-0.6219001072327418,4.33601262086443,4.079783262273723,20.051560304499525,-40.94321739595505
469300000,-0.0638386121838779,-0.6218327620509857,4.33477121378753,4.080995102406576,20.06181446298931,-40.952387987111436
469310000,-0.06396911843543117,-0.6216973603594419,4.333044985747423,4.082681435395729,20.065365074956663,-40.940523333774436
469320000,-0.06334590798145295,-0.6221565840982054,4.338644985995367,4.077216016056807,20.059137121241765,-40.991132903273304
469330000,-0.0634785855074312,-0.6223328079139553,4.341336380695944,4.074594599800819,20.04473518727799,-40.98920027420105
469340000,-0.06352089850481055,-0.6221091470240104,4.338225451162651,4.077624952107396,20.056212095338207,-40.9795523638851
469350000,-0.06384179454371093,-0.6215540854440262,4.330833953496563,4.084843442409692,20.07770316490597,-40.94319561806934
469360000,-0.06408793937192887,-0.6219424960913974,4.336688209995458,4.079124071741091,20.047463211255064,-40.94162944858915
469370000,-0.0637987957481146,-0.6218300876594701,4.334675513291191,4.08108855401423,20.063254632139,-40.95458647231505
469380000,-0.06390669608616802,-0.6216802913865429,4.3327127318335945,4.083006173433344,20.068362569739218,-40.94355286941948
469390000,-0.06384923887184119,-0.6216783595031454,4.3326019032288565,4.08311450669846,20.070331131599925,-40.94678730411999
469400000,-0.06417340335747596,-0.6215751358679685,4.331614257202557,4.084080174178276,20.065769844291065,-40.92485329294533
469410000,-0.06420325978347134,-0.6229632906242092,4.351356415351172,4.064865196816373,19.985201487319433,-40.96793635306994
469420000,-0.06369692541455414,-0.6251930764535644,4.3825591411452365,4.03486823504272,19.873525271023258,-41.068506623558946
469430000,-0.06307357191948798,-0.6277777200275001,4.419148104928162,4.000262143337912,19.744944863503598,-41.18654026061143
469440000,-0.06384037404223086,-0.6282278550162819,4.4268671410375715,3.9930384439026607,19.694827677693098,-41.15676859613944
469450000,-0.06413123868137345,-0.6244934400408688,4.373133571355937,4.043881957969251,19.899767544740232,-41.02120556686556
469460000,-0.06456234950690594,-0.6227119722407376,4.348307396274849,4.067820767522654,19.98804205208183,-40.93925707564847
469470000,-0.0646585317413418,-0.6219799283159206,4.338055270757845,4.077790857030075,20.02688562511062,-40.91012846161573
469480000,-0.06458441056918375,-0.6217706751241193,4.334982541118237,4.080788756544159,20.04127092644877,-40.90761416204231
469490000,-0.0646935776937532,-0.6215417316724918,4.331904361405982,4.083796477553485,20.05085910422854,-40.893955955946964
469500000,-0.06430196777047895,-0.6212722433040762,4.327523078079372,4.088085269613281,20.07897796931268,-40.90767955889093
469510000,-0.06462313335027553,-0.6210118774194355,4.324320304467461,4.0912262398110935,20.08349904597596,-40.88083750510162
469520000,-0.06389611439673823,-0.6208508691578102,4.320991568707505,4.094495955051126,20.11629591175289,-40.91730637029523
469530000,-0.06430745402625426,-0.6210697667616861,4.324674497666083,4.090878639702298,20.0904093242463,-40.90080738095342
469540000,-0.06488226858971961,-0.6213726623654433,4.32979301209477,4.085862110554047,20.05443841824987,-40.87767652297648
469550000,-0.064697110884885,-0.6214519660387681,4.33064073567349,4.085032486809564,20.05588773918412,-40.89084935331842
469560000,-0.06471090837656598,-0.6209661488565767,4.323804537416896,4.0917325137699665,20.083274616582173,-40.874326350496105
469570000,-0.06467725288350451,-0.6206057645747952,4.318680379874272,4.096769297701094,20.105013944628304,-40.86456779441804
469580000,-0.06445439661862984,-0.6205609727838126,4.317724222398923,4.097710549934394,20.11481262019745,-40.87588577243042
469590000,-0.06377044150945826,-0.620457564515464,4.315277104842836,4.100121527748935,20.1429432894171,-40.911758837314046
469600000,-0.06467839994165284,-0.6200854514153332,4.311372390686279,4.103974565692635,20.13478881444348,-40.847604482542884
469610000,-0.06475126913552487,-0.620479612680652,4.3170147994877395,4.098409198587576,20.109839301297455,-40.8562329961729
469620000,-0.06485846809230188,-0.620972711603276,4.324114043832012,4.091428688749337,20.078116367276337,-40.866086196973825
469630000,-0.06503567124555466,-0.6212891026702962,4.328839346816747,4.086795824296928,20.054257682480085,-40.866186991540566
469640000,-0.06525908333812001,-0.6212326583203203,4.328373164798063,4.087252411533249,20.050255052053156,-40.85157014163727
469650000,-0.06492251558043552,-0.6210763215797457,4.325669357528959,4.089902620235666,20.07010695880666,-40.865775346063586
469660000,-0.0643065925321139,-0.6208050995249244,4.320943871979056,4.094542844768557,20.105612029495795,-40.8922783703547
469670000,-0.06472704756530451,-0.6207185719888987,4.3203408926506,4.095135716239592,20.096935375155642,-40.86537458248991
469680000,-0.06505929249161008,-0.6203594781837204,4.315779186796107,4.099626625104223,20.10671869509578,-40.834691301663
469690000,-0.06475206767747695,-0.6207086749179334,4.3202383108759435,4.095236595821198,20.09669080623294,-40.86362016781581
469700000,-0.06480002514378978,-0.6205885308166272,4.318618108408633,4.096830585028987,20.102017423599992,-40.856974993326766
469710000,-0.06446199177584576,-0.6205663318977115,4.3178106861575225,4.097625415916804,20.11425895782032,-40.875624335437294
469720000,-0.06436547056601882,-0.6211933758513262,4.326502827822029,4.089085299036096,20.08144334791445,-40.9014850459903
469730000,-0.06430157056194279,-0.6206013489045665,4.318069116024312,4.0973709819631114,20.11745716825428,-40.88595723616306
469740000,-0.06450283569543731,-0.6206967539581502,4.319705278711922,4.095760864601246,20.10545837493897,-40.877514825636965
469750000,-0.06525589014876461,-0.6203902971134726,4.316502478389417,4.098913889786404,20.098570289382327,-40.82443781933589
469760000,-0.06530938058486145,-0.6202783577583509,4.315008710907976,4.100386133817467,20.103239542760964,-40.81774092071858
469770000,-0.06509847182958897,-0.6198705181659673,4.30897502006672,4.106343865434274,20.13344020866213,-40.8165564712789
469780000,-0.06500592302384743,-0.6205318584339345,4.318123863932315,4.09731708471301,20.098581135947676,-40.843343577252156
469790000,-0.06494887494604075,-0.6202891620651897,4.314628777446779,4.10076076472442,20.114331307965784,-40.8387302329258
469800000,-0.06428715754421854,-0.6206603409113763,4.318877998550859,4.09657481455537,20.114542364126688,-40.88869762083544
469810000,-0.06421156258117372,-0.6203049485629928,4.313772397523014,4.101605448304535,20.137375176475796,-40.88149615257413
469820000,-0.06454837825389098,-0.6201296808632957,4.311802869129019,4.103549422617675,20.136480161463794,-40.856492713598705
469830000,-0.06422786508970994,-0.6196386717612119,4.3044559825221835,4.110817574643243,20.17505338626032,-40.85889713794427
469840000,-0.0647543200197522,-0.6194550545546579,4.302654064251237,4.112604188876592,20.168435946121225,-40.82274333126274
469850000,-0.06503789882545521,-0.6201343933916539,4.3125867562753974,4.102775481386752,20.120301387665958,-40.828603952437
469860000,-0.06523375472670968,-0.6201919807432884,4.313683900124338,4.1016927572210475,20.110640133944543,-40.819262986091225
469870000,-0.06536010337816207,-0.6203686082248376,4.316351838310775,4.099062310496712,20.09642741302296,-40.81776948269545
469880000,-0.0654781786569501,-0.6204466390943952,4.317623757139374,4.097809474646887,20.088128785819315,-40.81354720975268
469890000,-0.06566649072276315,-0.620537198413155,4.319177304642791,4.096280293233587,20.07683586862705,-40.80571527972458
469900000,-0.06564124201592249,-0.6198936931537786,4.310102238750903,4.105229498414571,20.114459845009954,-40.78625126649904
469910000,-0.0654930004213961,-0.619690267547375,4.307032043344142,4.108266137069963,20.130919409118516,-40.788112352490444
469920000,-0.06510658039019768,-0.6194768142888385,4.30347471816498,4.111790308810676,20.1557165813653,-40.803277918021564
469930000,-0.0648913019539042,-0.6195743493768123,4.304523206260676,4.11075095244272,20.157141711252866,-40.818781550877844
469940000,-0.06470987190796523,-0.6193844659230023,4.301602286544177,4.113647764971911,20.173927986267945,-40.82299042611951
469950000,-0.06446855728194194,-0.6196829145203231,4.305425022733166,4.109857418323636,20.164682626053533,-40.846537672403954
469960000,-0.06479275500041073,-0.6191026171877574,4.297786690416738,4.117438140446788,20.187373601069023,-40.80905555179137
469970000,-0.06545469075984771,-0.619372731211112,4.302532287093885,4.112724988824526,20.15033391671677,-40.779963981745496
469980000,-0.06535451304885312,-0.6193693154627301,4.302336643541328,4.112919077557735,20.153793232851942,-40.78558485418733
469990000,-0.06555187021637844,-0.6195555981985035,4.3052338938598655,4.110046758810606,20.136707003399373,-40.78036056033601
470000000,-0.06539230636213499,-0.6194086695351148,4.302942636087649,4.1123179615627015,20.150310003990164,-40.784704308046535
