frequency_hz,s11_real,s11_imag,swr,return_loss_db,resistance_ohm,reactance_ohm
420000000,0.7053337420575919,-0.03196076869248071,5.80405156884357,3.0231987172617387,285.42092579026706,-36.38119511429003
420010000,0.7044803711474206,-0.03175069447383156,5.7841570677595735,3.0338092951459155,284.52543645966745,-35.94148709510788
420020000,0.7040717561753457,-0.03132356702022368,5.774337798812703,3.039074106246433,284.1756820935003,-35.37200180455585
420030000,0.7049588796687181,-0.03110037367077236,5.794506835506288,3.0282799551332307,285.2111637913345,-35.334710093356584
420040000,0.7043107914144774,-0.032334782239791,5.780871063335359,3.0355691041078137,284.1965131647262,-36.5457080093384
420050000,0.7046938534870419,-0.031101602692540253,5.788402013477233,3.0315389770987333,284.91663719311464,-35.273374117341056
420060000,0.7045253806170966,-0.030985436356013894,5.7844084977094115,3.03367472753929,284.7572135532868,-35.104870790374534
420070000,0.7044995565071074,-0.03175664285930697,5.784604314164232,3.0335699331360018,284.54522897542626,-35.952681597627496
420080000,0.7053483263270106,-0.03139633103348433,5.803802622927742,3.0233310274383305,285.5737578602413,-35.756745097003204
420090000,0.7046748084024018,-0.03207027395804198,5.788963090952752,3.031239153654402,284.66328341588803,-36.342118749793315
420100000,0.704509109515961,-0.03216292977226884,5.785247781415854,3.0332256225269525,284.4574571833748,-36.404275236977384
420110000,0.7041521428788206,-0.032553179085712945,5.777460368712749,3.037397873058602,283.9680978347053,-36.74768309467592
420120000,0.7058351669268199,-0.031264475400504636,5.814942707059507,3.0174217052686942,286.14836386716763,-35.726575958284144
420130000,0.7049920251325934,-0.03145466832416464,5.795633834126162,3.027679087579754,285.1635840319966,-35.7361843346883
420140000,0.7053023057997407,-0.031757740184183,5.803112701396236,3.0236977691853575,285.43536294313276,-36.14778572952189
420150000,0.7051557566334139,-0.03245203112439931,5.800456593348937,3.0251105165584216,285.1025899875034,-36.883065973991094
420160000,0.70559492690896,-0.03228130647630208,5.810434566555533,3.0198102617195377,285.63275857239887,-36.80189281117403
420170000,0.7054291005406313,-0.03231901960737235,5.806635030456915,3.0218263451609415,285.4389960405371,-36.802886877176974
420180000,0.7051965794962647,-0.03155907439024441,5.80046339812842,3.025106895485977,285.3658079344653,-35.90132862930642
420190000,0.7047944123619894,-0.03196385668291176,5.791606253427084,3.0298275301467656,284.8215870596631,-36.25334231899248
420200000,0.7049301230020721,-0.031752577132283,5.794514182571496,3.028276037211575,285.02320892663147,-36.05196975976824
420210000,0.7054953010752671,-0.03155498279451386,5.80736665151575,3.0214379261305995,285.6992440092034,-35.968811049595494
420220000,0.704991061334824,-0.031426490781623656,5.79558261488006,3.027706390270807,285.1692606245701,-35.7046594145964
420230000,0.7056818129334718,-0.03132611335353193,5.811450257161457,3.0192717832101645,285.9623281962092,-35.75855804389007
420240000,0.7061819466683799,-0.03166205669620871,5.8234090890848105,3.0129462446607387,286.43981603443046,-36.25501023288475
420250000,0.7061088086159663,-0.032112502043191285,5.822181467171187,3.0135943532434655,286.24745951253635,-36.74062900546264
420260000,0.7056554872064428,-0.031791968791931226,5.811322991723007,3.0193392436226008,285.8202573220941,-36.271738308131354
420270000,0.7050510790100006,-0.031894946036311295,5.797452798480074,3.026709801351058,285.1229449645217,-36.23925189926548
420280000,0.7054473315513937,-0.03121675818022821,5.80590829834076,3.022212268517539,285.7270363101162,-35.58042696491886
420290000,0.706203138193193,-0.03145971356900733,5.823691628858338,3.012797120958389,286.512748279114,-36.033722784084254
420300000,0.706494956164334,-0.031978862307463066,5.83102880520156,3.008929793736919,286.71246403414574,-36.68652975716287
420310000,0.7064188266870748,-0.03235778521271264,5.829656854400117,3.009652168206898,286.5331264751104,-37.09184243853848
420320000,0.7116156513099211,-0.03724683706305848,5.958694236109334,2.9432084902555156,291.0698947356879,-44.0515404322
420330000,0.7069091220368425,-0.032528951903777366,5.8412823789779775,3.0035420402231487,287.03949530393095,-37.40662830793772
420340000,0.7053532925913996,-0.03232633624567517,5.804888975766364,3.0227537367200883,285.35293981749703,-36.792306246554205
420350000,0.7064091712928351,-0.03310626467473356,5.830239931846879,3.009345117123167,286.3334278644651,-37.92606032985951
420360000,0.7046393281862618,-0.03216026976360114,5.788240797733799,3.0316251371726084,284.60210614738907,-36.43306311259756
420370000,0.705069838519736,-0.032204752939080844,5.7982108470232845,3.0263060389397274,285.0681559366959,-36.58760136818628
420380000,0.7057130923335858,-0.03213887899851618,5.813022461933623,3.018438645555865,285.79947440873906,-36.672439020023276
420390000,0.7054437240942809,-0.03163558440001045,5.80625654105404,3.0220273255070715,285.6223183945273,-36.0461108745675
420400000,0.7058882886827959,-0.03227261415806029,5.817228378894857,3.016212140933296,285.96172280695447,-36.864778364205925
420410000,0.706681352414701,-0.032637475049982025,5.836078779262865,3.0062738408703407,286.75679241935666,-37.470823969016514
420420000,0.7061943142327524,-0.03227818910467982,5.824345506611237,3.0124520632808007,286.3019331189441,-36.94692757607879
420430000,0.7073514513182989,-0.03310582761495965,5.852265896959524,2.9977923109660622,287.3891547525439,-38.1671026448288
420440000,0.7062113925740654,-0.03253273317307039,5.8250145361254555,3.0120990924871265,286.25751231890814,-37.23553483424075
420450000,0.706498804944079,-0.03252960482084242,5.8317046000043105,3.0085740956320945,286.5795904249058,-37.30411068751219
420460000,0.7060845630078282,-0.03191579731554754,5.8214105813407455,3.0140014773360164,286.26882420211217,-36.51488246620386
420470000,0.706735246769096,-0.03213134272330138,5.836795466121554,3.0058972945778613,286.9440246117897,-36.91703081974403
420480000,0.7072220146938751,-0.031972750711550424,5.848010492306947,3.000017320017861,287.53045478969534,-36.859933567967644
420490000,0.7072628999443015,-0.032332511538150775,5.849351528023954,2.9993157773308687,287.4864498058778,-37.27503118068028
420500000,0.7072726075257754,-0.03318577409740748,5.85050523815854,2.9987124963161262,287.27998030387505,-38.23658981599409
420510000,0.7071174131754928,-0.03295744329890811,5.846619550985909,3.000745320328329,287.16440143375775,-37.940380010784416
420520000,0.7067944344937607,-0.03220426769486213,5.838255107251089,3.005130695648088,286.99225479135373,-37.01358385083247
420530000,0.7071459207152466,-0.0327124872198963,5.847020712957862,3.000535320839041,287.25886827547873,-37.67260625224512
420540000,0.7066031937047453,-0.03285470763254682,5.834489816043877,3.007109019856805,286.6143228110968,-37.69422476179555
420550000,0.7062069798019268,-0.03349041218577814,5.825953494096781,3.011603852020998,286.0094242800604,-38.30279599514813
420560000,0.7074425132034985,-0.0332730824884619,5.854586197485575,2.996580506881525,287.4482976085775,-38.37859411791852
420570000,0.7077218998639603,-0.03323146434769977,5.861102794884618,2.9931824229966186,287.7734161657469,-38.40419529102001
420580000,0.706139397916523,-0.03336938645757288,5.824247913388174,3.012503559109586,285.96520866833913,-38.15058161885964
420590000,0.7065354430420099,-0.03377371129656263,5.833920156567536,3.0074085541609357,286.3023857059099,-38.70375285149883
420600000,0.7079332652946045,-0.03294371817740519,5.865759261332285,2.990759069224631,288.08611739595904,-38.134482457990956
420610000,0.7068344435161262,-0.033848793808556966,5.840985294137455,3.003697869702041,286.6167758178472,-38.86565657240267
420620000,0.7068128889575308,-0.03288089322120019,5.83941394437679,3.0045223591951657,286.8424472540527,-37.77683303043943
420630000,0.7071715682678885,-0.0337108824979675,5.848719594041117,2.9996463228120285,287.03023707056457,-38.799465792795225
420640000,0.7076073916878092,-0.033895333332211036,5.859151426737407,2.9941991485444537,287.47084696253336,-39.12098501301864
420650000,0.7071787684076828,-0.033066957672680385,5.848176087809611,2.999930673282478,287.2052006113351,-38.07903557740268
420660000,0.7077221115584525,-0.03328143014753596,5.861162975931903,2.9931510778201065,287.76068224947556,-38.460516506427844
420670000,0.7069158958425541,-0.03364462789982266,5.842661667123568,3.0028187780649205,286.7611764074478,-38.658543096040745
420680000,0.707480030904531,-0.03356190484574903,5.855786965129596,2.995953780349731,287.41532618455614,-38.71291627002587
420690000,0.7076689023653344,-0.03273948186165057,5.859318036925218,2.99411231204404,287.84041696212574,-37.836276375518814
420700000,0.7078931417214045,-0.03209171004309113,5.863893626328614,2.991729521277166,288.2577494166553,-37.161981331347995
420710000,0.7084736215931973,-0.03241761044108238,5.877931496332249,2.984442980017308,288.8323531158307,-37.67801489584845
420720000,0.707397251974505,-0.03297292127840904,5.85319452628227,2.997307204663546,287.4748105247458,-38.02948002357411
420730000,0.708067476116071,-0.033041223106972974,5.869027621417504,2.989060489816571,288.21242698168874,-38.27923010694037
420740000,0.7084865673364152,-0.03108793013124129,5.876829414376424,2.9850137334272153,289.1799482231869,-36.17124067297794
420750000,0.7074659503902466,-0.032901288107559816,5.854728143054167,2.996506406262385,287.57045508554586,-37.966530098584876
420760000,0.7081235195089962,-0.03425656209078719,5.871710305722033,2.987667743651876,287.9553708212679,-39.664686668066786
420770000,0.7078126245071328,-0.03431286472772209,5.864450581277614,2.991439742033622,287.59047525293255,-39.64475293014179
420780000,0.7082054817792083,-0.03444973121100686,5.873864837052307,2.9865501427781362,287.99574919774005,-39.90432301923674
420790000,0.707680318052479,-0.034932470892121655,5.862051240193843,2.9926885042774427,287.274789079784,-40.30464754778699
420800000,0.7079162503416885,-0.0344915601621313,5.8670945518906485,2.9900648780616685,287.65898582347285,-39.873444645376026
420810000,0.7083664692427396,-0.034556742318058595,5.877788910599876,2.984516810835202,288.14823992842355,-40.06844330337921
420820000,0.708714824892499,-0.034003925425159724,5.8853951295620375,2.9805834578856953,288.6906162366843,-39.53792173756609
420830000,0.7077957360432338,-0.03425001541858845,5.8639815472343635,2.9916837729585852,287.5883000936099,-39.56959534667142
420840000,0.707966573740227,-0.034395138307733435,5.8681693875400525,2.9895063286220322,287.74151321153727,-39.77854935291075
420850000,0.7071510027398298,-0.03434013648750776,5.8489470953436244,2.999527315311437,286.84119822552805,-39.49876157985915
420860000,0.7077213967124325,-0.03412843174481601,5.8620946891041505,2.9926658814757836,287.53716701300476,-39.41312855668727
420870000,0.7077770072795457,-0.0348104493356373,5.864184202535103,2.991578329707885,287.4163930490641,-40.194018088384965
420880000,0.707577846642935,-0.03413886240753949,5.858732326762552,2.9944176041088677,287.3731527105635,-39.386672685910135
420890000,0.7082167707754297,-0.03474722354733281,5.874474220914421,2.986234195670408,287.92788161586907,-40.24239390518902
420900000,0.7078722492936366,-0.033812301104085146,5.865286974808759,2.9910046795850826,287.79064693522264,-39.0975490575626
420910000,0.7078744772326421,-0.03345284086190036,5.864937412199107,2.991186494194335,287.88762517048855,-38.69330158815149
420920000,0.7075111361212327,-0.03336826368815156,5.85630217503428,2.9956849537674306,287.5007421165894,-38.50339328666224
420930000,0.7078434898066539,-0.03340811895943642,5.864158422044577,2.991591743096375,287.8643977300086,-38.63481934409942
420940000,0.7088840485750612,-0.03327841786180125,5.8885881118358885,2.97893541049726,289.0748696058487,-38.760758872701736
420950000,0.7073703829868584,-0.03392372766981221,5.853618875725521,2.997085581704242,287.1972777738511,-39.09033111193402
420960000,0.7077526662575739,-0.034078184335757336,5.8627731784108486,2.9923126532324114,287.5856748141951,-39.36496770769024
420970000,0.7075776116469934,-0.03362448640564099,5.858148184411001,2.9947221416045435,287.5086139230146,-38.80877201146919
420980000,0.7085507383022216,-0.034742889899633034,5.882360149761919,2.982151660673775,288.30544336128935,-40.32849046409991
420990000,0.7076128089343867,-0.03516662661233964,5.8607367317306025,2.993373100531009,287.1352890354732,-40.54866693764692
421000000,0.7089239208746431,-0.03447242040126949,5.890886011946151,2.9777504951839404,288.80080923104725,-40.12450615384674
421010000,0.7081475315401786,-0.03473165472557392,5.872822490801188,2.9870907243261096,287.8541832646876,-40.20604966154442
421020000,0.7088298782470259,-0.0350568291283684,5.889335911072938,2.9785497022992455,288.5343980550593,-40.759479287369714
421030000,0.7081575600072163,-0.03528520178986999,5.873704687103898,2.9866331868873646,287.7139375566739,-40.83129387978474
421040000,0.708058140227415,-0.03525855128909758,5.871328411579867,2.9878659283378664,287.60958236696774,-40.77395679005797
421050000,0.7075986360044098,-0.03514273348040762,5.860375701404604,2.9935611805624536,287.1259433640326,-40.518029789874255
421060000,0.7077606436576178,-0.03461124437470746,5.863569338354165,2.9918982718561904,287.45190639529926,-39.96597358801657
421070000,0.7076656982083529,-0.034950132038352885,5.861727972160848,2.992856833006062,287.2535946004047,-40.320474160757804
421080000,0.7073589168153638,-0.03485330309121308,5.854410102151317,2.9966724400331115,286.93621267604965,-40.12881518551022
421090000,0.7088634299349271,-0.03526881737603148,5.8903805721129086,2.9780110442559855,288.51360797398615,-41.00815852940602
421100000,0.708168549800872,-0.03444632824480838,5.8729895546020785,2.987004068409738,287.95506838838173,-39.890529995172
421110000,0.7085951623786036,-0.03453116832769839,5.883166283898695,2.9817349610351855,288.41320323930074,-40.10161046315407
421120000,0.7097830403373027,-0.03598206791081059,5.913107445205308,2.966340899612394,289.35330645587754,-42.074156289298976
421130000,0.7097390164572724,-0.0365014305627887,5.912689741785447,2.966554555245675,289.15414749336554,-42.64993322117836
421140000,0.7091384556091959,-0.03654461867779997,5.898442213280805,2.97386083190613,288.4631856680955,-42.525415598064946
421150000,0.7093350690060697,-0.0363224959383481,5.902845984990843,2.9715986560049923,288.7488940392158,-42.331234407209124
421160000,0.7083208021739272,-0.03477942159228553,5.876967645324099,2.98494213338931,288.03626552420724,-40.30697382525942
421170000,0.7084138186522276,-0.03491239486110052,5.879319781317767,2.983724319529423,288.1047396156283,-40.48218649906391
421180000,0.7086891670933513,-0.034529982631394035,5.885389872559235,2.9805861727888834,288.5197039345522,-40.12579752223129
421190000,0.7092286626391262,-0.034772077588552025,5.89846793023239,2.973847611255745,289.06399100004614,-40.54718566674023
421200000,0.7089938396060608,-0.034510354027325045,5.892588257013065,2.976873343743383,288.86963245905514,-40.18647223632821
421210000,0.7084777364363002,-0.03523521185491779,5.881208618552354,2.982747103907836,288.08796286904715,-40.863434756795044
421220000,0.7081217784962219,-0.03535993524936997,5.87294847582388,2.987025375482288,287.65310619084914,-40.9053882476892
421230000,0.709146813232296,-0.034990407349056216,5.896778343652011,2.9747164515168296,288.9111037168763,-40.77190181740347
421240000,0.7093204867017192,-0.03530568166516578,5.901277785072912,2.972403826958005,289.02015828946435,-41.177094494305166
421250000,0.709158905097653,-0.035490688731859135,5.8976562119190215,2.974264959188538,288.78558556834105,-41.34124776377876
421260000,0.7094180717432814,-0.034964012872126526,5.903196843722504,2.9714185726465403,289.2257500775402,-40.817037602522205
421270000,0.7095637119035281,-0.03604035398068518,5.907947648469654,2.9689823206375503,289.0881683047058,-42.077585058188205
421280000,0.709522731006936,-0.03485330773308947,5.905558729274051,2.9702068737641136,289.3751266406263,-40.720383273929755
421290000,0.7088475184960478,-0.035604704376756266,5.890401437622417,2.9780002873878333,288.40198580989664,-41.382792284753656
421300000,0.7093459884294061,-0.0354341912103274,5.902036816936737,2.972014057345583,289.01308835844054,-41.329739544224296
421310000,0.70890008946315,-0.03551363145582955,5.891539716788992,2.977413585280168,288.4867884311606,-41.29473978484743
421320000,0.7091009339465681,-0.03601810948818784,5.896910780647114,2.9746483295992965,288.5713676210533,-41.920727879891814
421330000,0.7093136148399428,-0.03606675623767157,5.902025110754068,2.9720200677908393,288.79774747474494,-42.036147531696905
421340000,0.7093489188882175,-0.03623769975685987,5.9030723376428424,2.9714824746840254,288.78883514491736,-42.23940279869864
421350000,0.7095218719552974,-0.03614431637471039,5.90707676579405,2.9694286144922084,289.01111335544294,-42.18329627136757
421360000,0.709066527276616,-0.03513670986295365,5.895043528977469,2.975609083096455,288.7797662005534,-40.91521763034095
421370000,0.7094480265839118,-0.03562568417673933,5.904693408364234,2.970650686455711,289.07480305046744,-41.575253142290904
421380000,0.7091785699183927,-0.036219582404578315,5.898999237038898,2.9735745019561417,288.60163418425344,-42.1702409902188
421390000,0.7095198143029007,-0.03616840528491831,5.907056990201307,2.969438750295517,289.00189342323335,-42.2099629420907
421400000,0.7096373618087989,-0.03558089665860753,5.909150367645702,2.9683661960100065,289.3019901329246,-41.577901076342066
421410000,0.7092084511990218,-0.036023525634909084,5.899472130681624,2.9733314615592437,288.6912294012406,-41.957382306887105
421420000,0.7095542516283314,-0.03622642300909956,5.907948007176356,2.9689821368420795,289.0242383225337,-42.2854716815951
421430000,0.7094312828319801,-0.0357659176409202,5.904462775032178,2.9707689981235164,289.01623869166633,-41.72929209364726
421440000,0.7094172952543804,-0.03694426701835756,5.905567435804542,2.9702024089696986,288.6619009784166,-43.05698685558056
421450000,0.709805008279001,-0.03704784875497411,5.9149405986747965,2.965403607462664,289.069578237667,-43.287440549763815
421460000,0.7099422098387221,-0.036602877610722076,5.917666371227793,2.9640110240576516,289.3548819930338,-42.82376006962449
421470000,0.7096389987043931,-0.036377157676422356,5.910151874860727,2.9678533445027355,289.0768162247113,-42.48039768835247
421480000,0.7091188614331317,-0.036516611037928186,5.897942353066101,2.9741178251754024,288.44915281267026,-42.48820026718744
421490000,0.7102290649527944,-0.03607210791809399,5.923877530777879,2.960842701871724,289.83393968112586,-42.30419639710111
421500000,0.7100860088456536,-0.036528066086428536,5.921012058154788,2.9623035337523262,289.53967805157265,-42.78071489219528
421510000,0.7093348077921742,-0.037021170478824854,5.903699290364747,2.9711607229589077,288.5464180228026,-43.11966135820039
421520000,0.7095450746000875,-0.03799354995267273,5.909932080774052,2.967965881264974,288.4956752194664,-44.27761838607939
421530000,0.710144666375541,-0.037080842875867506,5.923100913287852,2.961238481521245,289.4444178499204,-43.42471454981392
421540000,0.7103853266518876,-0.03678962599336012,5.928502255994592,2.9584880605354047,289.8031357239908,-43.16504454051029
421550000,0.7109114869547666,-0.03654549389183655,5.940834384825775,2.9522277021510317,290.4736811311045,-43.041415596340116
421560000,0.7096008917411096,-0.03725353925108034,5.910327364986239,2.967763497996501,288.77847604412455,-43.459834743981524
421570000,0.7110414351482665,-0.035162084996054215,5.942282542368382,2.9514943050372606,291.0207563559741,-41.4973019628614
421580000,0.7108531593635323,-0.036134689100671864,5.938926585429209,2.9531944397028,290.52685672568333,-42.55565120866029
421590000,0.7106027637514438,-0.03647713592153099,5.9333314255864895,2.956033360264323,290.141833859992,-42.87324947240799
421600000,0.7098322944793933,-0.036852354973305156,5.915349130325372,2.9651948065430878,289.15770123777236,-43.074262780276726
421610000,0.7102641287584899,-0.03777085696204937,5.926832024182098,2.959338009182023,289.3744289200017,-44.24189161110021
421620000,0.7100981379463422,-0.03805617409488514,5.92322226644473,2.961176630507485,289.1007643829747,-44.51464241605512
421630000,0.7099880211625332,-0.03820756383353348,5.920782483088712,2.9624206352148463,288.9306305021348,-44.65234074799219
421640000,0.7104674066790214,-0.03971656172764127,5.934251545290267,2.9555661234352644,289.0052265788476,-46.502957932910036
421650000,0.7109960930037055,-0.037523160823412845,5.944096177243363,2.950576336249935,290.27983939134145,-44.180631573988066
421660000,0.7103183384913976,-0.03708557995052626,5.927265668602502,2.9591172885413375,289.63996546134666,-43.48133405447451
421670000,0.7109794615077801,-0.037624496328775826,5.943824695309863,2.9507137097653358,290.23040502246124,-44.29096178246203
421680000,0.7116033124599563,-0.03779354354765771,5.959092876350464,2.9430078119338177,290.8903949684407,-44.672690581541936
421690000,0.710486276168216,-0.03868038442984029,5.933332294852561,2.9560329187805836,289.3493138039361,-45.33865179242917
421700000,0.7111555222897948,-0.037722084243446814,5.948190502539286,2.948506117379229,290.4013698232659,-44.455235048463784
421710000,0.7098226485663233,-0.037907810440886425,5.916446142411493,2.9646342694829872,288.83430541097647,-44.264194145160424
421720000,0.7100132077973705,-0.03687201851481113,5.91969624541542,2.9629748292152067,289.3568097891545,-43.149449940911765
421730000,0.7104072344451469,-0.03744054472170659,5.929842773575476,2.957806253575088,289.63545404127507,-43.91040771251884
421740000,0.7106047334788665,-0.03745996762749017,5.934606240227932,2.955386049150282,289.85380452599617,-43.9914331311065
421750000,0.7110041830386249,-0.03675757327076576,5.943328149553352,2.9509650020218254,290.5170657451456,-43.3105957230731
421760000,0.7114332746459908,-0.036875467307343736,5.95382027299903,2.9456643137122063,290.97227072780066,-43.572285773797304
421770000,0.7116939545322734,-0.03665917541213067,5.959849915508883,2.9426267890981577,291.33491246769705,-43.40199113805368
421780000,0.7121008239087341,-0.0376649637643325,5.970978451662244,2.937037194364805,291.4988351890612,-44.67724231652624
421790000,0.7115570786427241,-0.03814573724020842,5.958429416258626,2.9433418177188435,290.72991637404044,-45.06054022308036
421800000,0.7112989685244496,-0.03792087613328143,5.95190502119522,2.946630476397518,290.50442695388836,-44.72525134862877
421810000,0.7109960775982503,-0.038145833370118884,5.944893649859268,2.9501728790361534,290.0911507151852,-44.88887298837196
421820000,0.7112265982715019,-0.03787231156007156,5.9500967398904425,2.9475432644743647,290.43675802773316,-44.64790347501947
421830000,0.7109339183433017,-0.038287179411674144,5.943580002878889,2.9508375384978636,289.9773191384646,-45.03043919629913
421840000,0.710177146409541,-0.03824231520719797,5.925352975326028,2.960091080279386,289.1337042589851,-44.748914224629374
421850000,0.711174546095362,-0.03766497647337595,5.94857612788784,2.9483112842641046,290.44031362534645,-44.39593612660292
421860000,0.7117147491168211,-0.03786184153628948,5.961876349372614,2.9416073614440212,290.9968714941488,-44.78470359940033
421870000,0.7113682575452484,-0.037535726283336825,5.953084268147212,2.946035521023126,290.70023142872446,-44.3070832155023
421880000,0.7117351573902649,-0.03848287411893077,5.963176481330704,2.9409536861747987,290.8290248544962,-45.500104490059506
421890000,0.7123427700110122,-0.037823210916615495,5.977057618999101,2.9339928197007117,291.7278859449837,-44.93280390234257
421900000,0.712630891629223,-0.03821563786473692,5.9845774972422,2.9302357576091556,291.9373946269715,-45.47237425609392
421910000,0.711738973177283,-0.03836930773089986,5.963120427312255,2.9409818627454682,290.868554717413,-45.37169181660871
421920000,0.7129102802538669,-0.03810269594124336,5.991241720473477,2.926914304472057,292.2937517067839,-45.42940358646091
421930000,0.711900563001751,-0.03771937427753009,5.966192638107253,2.939438363461994,291.25285633900035,-44.67847749249573
421940000,0.7126764335035285,-0.03801608131698042,5.985426909840396,2.9298119867382875,292.05164375277747,-45.25721040592783
421950000,0.7126206312279593,-0.03789881620452871,5.983915524043621,2.9305661010115314,292.0237434265375,-45.105168979577556
421960000,0.71249823194193,-0.03838642977958755,5.9815712025271175,2.9317365888183833,291.73194667113006,-45.62709114082221
421970000,0.7126342509477324,-0.03834896679157766,5.984833783859059,2.9301078835045855,291.8997224138241,-45.626526975254
421980000,0.7129726425593035,-0.03827506894070497,5.992989355743831,2.9260445395482475,292.31179049829313,-45.64724246971951
421990000,0.7121514526400818,-0.03830793395172422,5.973039607119658,2.936004277863662,291.3590173960974,-45.42930236116268
422000000,0.7120615097744234,-0.03868848953351704,5.971355996243992,2.936847938794055,291.1376298801325,-45.836524365904225
422010000,0.7122382142822966,-0.038625059466103624,5.975562579232065,2.9347409269138125,291.3595314479212,-45.81926042963832
422020000,0.7120498118669948,-0.03811489556215475,5.970321693386012,2.9373664728735784,291.30238553691277,-45.17692752416241
422030000,0.7126407550645621,-0.0380232188968639,5.984567043073773,2.9302409739514608,292.0084265897216,-45.25436887097442
422040000,0.7116743318296644,-0.037854034292169804,5.960888355405521,2.9421042973904137,290.9530748580136,-44.76344222003565
422050000,0.7123412591887285,-0.037251714162472624,5.976288996090794,2.9343773850137063,291.90041665822963,-44.27599369121484
422060000,0.7127283545235621,-0.0375972466729931,5.986150667161422,2.929451002743591,292.24041419722244,-44.791393361151194
422070000,0.7123526694956014,-0.03873994915615993,5.978495896928799,2.9332734789907517,291.45451729578156,-45.98662749966814
422080000,0.7124373762758551,-0.03898458471042693,5.980880704848599,2.9320815248718715,291.47439491491815,-46.2933510015984
422090000,0.7126822831882976,-0.039293596000179405,5.987257982966287,2.928898887392693,291.65664446846137,-46.72499248390887
422100000,0.7122668210712457,-0.03989477446253927,5.977958493496032,2.933542214417289,290.9889113806495,-47.27878711938956
422110000,0.7116127062487017,-0.03874599222501576,5.9605588471682776,2.9422700693838104,290.607606462313,-45.76200116205915
422120000,0.7114764614449237,-0.038097276011802586,5.956418291494659,2.944354746276775,290.6528435565147,-44.98054290534283
422130000,0.7125983141538363,-0.039855396257137674,5.985972014060432,2.9295401001064842,291.38008477467275,-47.340844619375595
422140000,0.7127496677637972,-0.03877899436048748,5.9882135696489645,2.9284225940836657,291.8972632716508,-46.156368005086186
422150000,0.712074428343273,-0.038733962948386255,5.971729457521739,2.9366607543248646,291.13816246616915,-45.89253003550108
422160000,0.7130056766065413,-0.038824425986131374,5.994521422664661,2.9252824880135124,292.1769311658596,-46.289497231614185
422170000,0.712804882106426,-0.03932383451156027,5.990288151804953,2.9273890976433696,291.78746326800785,-46.798823539395045
422180000,0.7125795144528336,-0.03956076656897301,5.985114075285348,2.9299680451080317,291.453485926315,-46.997908396046945
422190000,0.7130908321382661,-0.03897892562449844,5.99680800444733,2.924145885036389,292.225762402237,-46.49413136178566
422200000,0.7131837936332142,-0.03906283125016021,5.999193109525446,2.9229612582047713,292.3059073739635,-46.62023134976714
422210000,0.7130772977340027,-0.03893581071101345,5.996419658347071,2.9243388593751063,292.22391589957226,-46.44026249932133
422220000,0.7129366998741807,-0.03927981897422515,5.993446076303473,2.925817324383483,291.9527219646223,-46.79051975862732
422230000,0.7131770927951291,-0.03890219362064205,5.998814490650255,2.9231492447938203,292.3493706462431,-46.433325819657284
422240000,0.7130184688272776,-0.03873351246424541,5.994713111416132,2.9251871700485617,292.22040786234413,-46.18902958419778
422250000,0.7129486265988811,-0.03931517566782617,5.9937848941179945,2.9256487879920305,291.9550871623941,-46.83490680781369
422260000,0.7131202012135089,-0.03953333337149096,5.998272036224501,2.92341861927646,292.0818826421578,-47.14043011757887
422270000,0.7126126919847218,-0.0398683978817733,5.986340051755511,2.9293565593745896,291.39231560491646,-47.36035410301819
422280000,0.7118005931297792,-0.0383697145268786,5.964612935327303,2.9402318123835873,290.93877161708656,-45.39122227959028
422290000,0.7137070434020072,-0.03952784120562744,6.012642569743233,2.9162993141504607,292.7586488814948,-47.323935614202696
422300000,0.7129726160078538,-0.039271814932032294,5.994312385898594,2.925386439492779,291.9964998483258,-46.79282883271431
422310000,0.7134159949759371,-0.03856820398459914,6.004217615448684,2.920468869295274,292.7304570794735,-46.12434032829623
422320000,0.7133394954079907,-0.03990214211252523,6.004140854368649,2.9205069140923374,292.21408126688794,-47.635006165405514
422330000,0.713443364327504,-0.03951030166320729,6.0061511627518485,2.919510882631164,292.46071207598504,-47.21833089003437
422340000,0.7132685726049148,-0.03999582917683069,6.00253278269092,2.921304146528464,292.1020959544873,-47.71941853439799
422350000,0.7135645147776037,-0.03950107134487486,6.009108744241065,2.918046759299895,292.6031395329247,-47.24690813765842
422360000,0.7139650782347765,-0.03993621152155015,6.019542286498345,2.91289354752267,292.9228063241841,-47.87890109504543
422370000,0.7141407662838737,-0.04022451818495088,6.024265154354151,2.9105669197086455,293.0303393876559,-48.26931754246227
422380000,0.7133298739310713,-0.03983252831300345,6.003809948187452,2.920670931296423,292.2257076642545,-47.5519210072708
422390000,0.7129774451936335,-0.03994403078965303,5.995342504955308,2.9248742457922954,291.7851788645126,-47.56517381437626
422400000,0.7131016861899957,-0.04033905770813326,5.998922646033868,2.9230955424935674,291.79837139598493,-48.05822678142143
422410000,0.7129836773046089,-0.03995555400359736,5.995510526914083,2.924790719429073,291.78857077278235,-47.58040089523995
422420000,0.7129384123226069,-0.039393839198696656,5.993641505564767,2.925720110625532,291.9181503846665,-46.921877442225586
422430000,0.7131252566528341,-0.040418846261667536,5.999609566401665,2.9227545130015438,291.79912285809655,-48.15734573906225
422440000,0.7130545504271316,-0.03998186629659847,5.997278453763292,2.923912146951616,291.8612119221308,-47.633615683432424
422450000,0.7126886883693391,-0.03992564655562486,5.988270431398749,2.9283942573967527,291.4606663923701,-47.450404238017576
422460000,0.7130552557817444,-0.0391629253687774,5.996184946808722,2.9244555031237924,292.1262087201972,-46.69422754305815
422470000,0.714960514666354,-0.03745363040624678,6.0407872986530595,2.902457044432279,294.87418102379985,-45.31579229313795
422480000,0.7194410356689199,-0.03693814968909055,6.152785884589115,2.8486625675176453,300.3581600458147,-46.12785120383691
422490000,0.6952030307726106,-0.03034070888539731,5.576022655905732,3.1495026958938963,274.8681310727155,-32.3386725793421
422500000,0.7174123311201523,-0.03607032840708162,6.100218746505874,2.873658512461704,298.1993656299008,-44.44520003011244
422510000,0.7134938553373744,-0.038628967056867955,6.006205788130755,2.9194838274005486,292.80104126941893,-46.21907898641947
422520000,0.7141230176154789,-0.04029087904350306,6.023920146702544,2.9107367539121576,292.98788071192024,-48.339964623537604
422530000,0.7134634318155703,-0.04055016976278365,6.008073141624003,2.918559256112156,292.1433424718353,-48.41954626715968
422540000,0.7136836720938602,-0.040939422246917066,6.014022643639983,2.9156174533940544,292.26634796003555,-48.93953007332369
422550000,0.7141455139347677,-0.04122313549388164,6.025785003161883,2.9098189937881753,292.7013217409275,-49.421029610270764
422560000,0.7140549468601473,-0.04124934836773491,6.023591432225581,2.910898586214045,292.5883254058851,-49.42049189595418
422570000,0.7139055823067779,-0.04083330255711425,6.019327046091319,2.9129996709250987,292.55676694305646,-48.8919854513613
422580000,0.7142075088108322,-0.0411335015581807,6.027185487213218,2.9091301513017993,292.802982303731,-49.338899521353
422590000,0.7142054425343599,-0.04093349485335184,6.026851315026487,2.9092944874251385,292.86810819407833,-49.107967858443686
422600000,0.7146537040877398,-0.04047870613136248,6.037276963643889,2.9041762698839313,293.5380964371581,-48.733689029148174
422610000,0.7141435253110406,-0.041132790926589335,6.025607651090737,2.909906249717795,292.72960606572303,-49.31644541545938
422620000,0.7140861897651786,-0.04094580863615418,6.023930604046344,2.91073160586377,292.72670383895553,-49.0820013848378
422630000,0.7136758284884572,-0.0409986000762807,6.01391344937093,2.915671391886403,292.2375109782152,-49.0048002920072
422640000,0.7144145959215683,-0.04106788407242393,6.032200672715907,2.9066660784958454,293.0636865299982,-49.33340257124291
422650000,0.7150776699297542,-0.040591622502363846,6.0479326116201175,2.8989638873851655,293.9910488984289,-49.00688127053672
422660000,0.7147359239419545,-0.040272001740024294,6.039021362117368,2.903321674540523,293.7023117892421,-48.521988081002696
422670000,0.7151138384507808,-0.04071014534493926,6.048996701045913,2.8984444076778546,293.99295388866716,-49.15648789077172
422680000,0.7144062787733817,-0.04134587574124985,6.032391178340927,2.9065725618769847,292.95971866682044,-49.6508461437798
422690000,0.7147823022584302,-0.04149630449510252,6.041901722257909,2.9019116726813863,293.34175415000936,-49.952769722588265
422700000,0.7140445378912942,-0.04104591337947875,6.023046482216048,2.911166915343377,292.6450866687553,-49.18311559288638
422710000,0.7148036710485735,-0.04147437898204197,6.042399191087722,2.901668290333088,293.37393361501404,-49.93479652302649
422720000,0.71463239665137,-0.04104413448186454,6.037547504776569,2.904043696261656,293.3229558296833,-49.379794357979314
422730000,0.7136950667915261,-0.041896027091528974,6.015666123281398,2.9148058700268926,291.95547970234685,-50.03957103063384
422740000,0.7129744887079439,-0.042213197377405996,5.998465240459971,2.923322671293897,291.0247387874272,-50.15493063389733
422750000,0.7126744348080457,-0.04141861215134166,5.990000467323043,2.9275323696990174,290.9523113869066,-49.1490255592237
422760000,0.7144523282232699,-0.04092356469951128,6.032927753794116,2.906309196930152,293.1559723370029,-49.179758842290255
422770000,0.715230936756398,-0.04152337092153174,6.053063110601388,2.8964609498287803,293.850860015562,-50.13833539179103
422780000,0.7152492238161495,-0.04122116935077841,6.053083138244407,2.896451187797953,293.97589439740653,-49.79473203046224
422790000,0.7149407311409774,-0.04142119135695866,6.045717487270812,2.9000458959281388,293.5504431881746,-49.920385697414325
422800000,0.7147570316354426,-0.041388382419040436,6.041121409513155,2.9022935170059716,293.3495626732086,-49.81957341422332
422810000,0.7144441060041596,-0.041738872351776764,6.03388939737407,2.905837318190478,292.86880832215206,-50.116133915879125
422820000,0.7140363360102864,-0.04221854200183285,6.024528126830725,2.9104374817496814,292.2352811602304,-50.52626054159102
422830000,0.713237734109904,-0.04256194996514871,6.005414229989609,2.9198759252016604,291.20444960395287,-50.64239071641088
422840000,0.7147677388003975,-0.04242169882016701,6.042885967573103,2.9014301790039054,293.00433213501776,-51.01395757495237
422850000,0.714235806417743,-0.041543293561437,6.028467883553169,2.9084996801256513,292.69625541642404,-49.81985658420731
422860000,0.7152171374995557,-0.041832615313811945,6.053167928374759,2.896409859463391,293.7279155193755,-50.49123228936591
422870000,0.7145631759138686,-0.041775328704185336,6.036883798083897,2.904368955092797,292.99329960697935,-50.199051507422084
422880000,0.7149484285561526,-0.04177258778095423,6.046414900237219,2.8997051468734414,293.4383282810859,-50.32881468710628
422890000,0.7156798026141541,-0.042422307272731226,6.065540016944796,2.890392197593215,294.0565858554652,-51.3353407129211
422900000,0.715241062003235,-0.041612713026828355,6.053443482303377,2.8962755574169203,293.83173837005694,-50.24520585363066
422910000,0.7155370178280069,-0.04172426643551084,6.06096244722266,2.8926157389192793,294.1357717948349,-50.47691099461289
422920000,0.7163765655822263,-0.04209126502858129,6.082455252599399,2.8822055125594384,294.9822241500433,-51.19724417926639
422930000,0.71571511614912,-0.04234396314717426,6.066304413284833,2.890021230374394,294.125123710099,-51.25710997718989
422940000,0.7158956430350834,-0.042107124605081224,6.070457921796514,2.8880071804485157,294.41778065172196,-51.04618092111294
422950000,0.7160134025504712,-0.04226035679713018,6.073623001931523,2.88647432360188,294.5004207395517,-51.26548516009581
422960000,0.715603032990051,-0.04250122853857545,6.06374427601632,2.891264062226917,293.93987508307316,-51.39951873651104
422970000,0.7154904557662277,-0.04340560273900145,6.062292986449683,2.891969077466821,293.48724082904465,-52.403411497122804
422980000,0.7154537851495723,-0.04316956890437884,6.06102491366482,2.8925853727886612,293.52971746861846,-52.11817636287572
422990000,0.7159319206102442,-0.042928354895039426,6.072580702758424,2.886978930526088,294.1684320045831,-52.01071737627554
423000000,0.7159622989132858,-0.042541015372125277,6.072761915374843,2.886891187514662,294.34174122352266,-51.572897719595886
423010000,0.7161569783942372,-0.04269694388813143,6.077858019986938,2.8844258596958596,294.5119563105958,-51.82303790372717
423020000,0.7157363947128594,-0.04324029231137858,6.068170770093197,2.889115877199192,293.83044062205033,-52.301203817596544
423030000,0.7154672032191943,-0.043031438208257805,6.061151745621016,2.892523719331784,293.5945856734181,-51.963672903014334
423040000,0.715596790289047,-0.04318190290099123,6.064603754220691,2.8908467038224774,293.6902507777759,-52.183655213268416
423050000,0.7156611844018835,-0.0431247861674887,6.066122285682982,2.8901096095306267,293.7850661181233,-52.14081458675895
423060000,0.7161018155097212,-0.043182489829829196,6.077206769799951,2.884740676275512,294.2738029108937,-52.36595654730348
423070000,0.7158536545584984,-0.04300137000130246,6.07073661238853,2.8878721438804345,294.05172547838754,-52.06716814849384
423080000,0.7157026592895915,-0.04236408338016357,6.06602364026076,2.8901574804403527,294.1036013107114,-51.27601130884526
423090000,0.71587193509164,-0.04285017536531935,6.070966543925809,2.887760742589017,294.1269629247808,-51.898782733826785
423100000,0.716023965207586,-0.04260094859759245,6.074390939722456,2.8861026567734753,294.39192014181805,-51.664298003571105
423110000,0.7156116829637615,-0.042564834349958294,6.064053861522707,2.8911137150086446,293.92737304014497,-51.47613592018502
423120000,0.7163658504258151,-0.043027681181268575,6.08357999640231,2.88166281486373,294.6356520039682,-52.28169097546153
423130000,0.7157780547031921,-0.043196936485936435,6.069144383885911,2.888643812933114,293.8941504657188,-52.26610408298954
423140000,0.715723676743585,-0.043419002711706796,6.0681234209011565,2.8891388387959136,293.75136756738686,-52.502935839291645
423150000,0.7157968036783601,-0.043644140965909205,6.070288765533062,2.888089149536029,293.75426436924033,-52.789200705485484
423160000,0.7164581384179756,-0.0429715414597031,6.0858075242185095,2.880588623713058,294.76301359237397,-52.2497738065782
423170000,0.7162770813966505,-0.04298182027170895,6.081288702232493,2.882768600219344,294.54917763482933,-52.196526458862245
423180000,0.7165667950446796,-0.04218307272753484,6.08735666532378,2.879842050493675,295.17124782395393,-51.37148222526382
423190000,0.7165296268140561,-0.04244291559764495,6.086809538869155,2.8801056809978984,295.0355763487565,-51.66083383094512
423200000,0.7165375215122792,-0.04344723377465456,6.08851667421115,2.8792832663190238,294.68284313787865,-52.83068201413726
423210000,0.7176882141880881,-0.041407606308928785,6.114443694828661,2.8668508964889705,296.75846069536647,-50.860213942077834
423220000,0.7164876612613721,-0.04359948586353307,6.0874983819068325,2.879773772915354,294.56949763792517,-52.98906216254408
423230000,0.7156664450868684,-0.04358337160060659,6.066945748516084,2.8897100597559584,293.6259320868188,-52.671858213569436
423240000,0.71648240219672,-0.042872652174634415,6.086267132199363,2.880367085378985,294.8267926882244,-52.14363855352184
423250000,0.7166801587432313,-0.0429729569273443,6.091377703662006,2.877906023933387,295.02052620186856,-52.33149978396844
423260000,0.7169276360975572,-0.04309002857264709,6.0977712017149885,2.874833121983149,295.26614239529897,-52.557331050898405
423270000,0.7160695173291303,-0.04362976237329795,6.0770771252911455,2.8848033551540264,294.07443538969187,-52.8716949077306
423280000,0.7175675891200206,-0.043285270996385565,6.114195459331737,2.866969415209699,295.9414431872908,-53.018593264800366
423290000,0.7171083210218874,-0.043284826899969805,6.10261258534026,2.8725106137111895,295.40569443725036,-52.850001626018106
423300000,0.717638680221033,-0.043667183452022994,6.1165764500874875,2.8658330310783757,295.8837834558116,-53.49093366282601
423310000,0.7162889407323916,-0.043721861174970074,6.082706715913431,2.8820841616371773,294.29463677667553,-53.05821476010116
423320000,0.7168247207829354,-0.043934570288409525,6.096472705669315,2.875456681119164,294.8374363426489,-53.50143779131858
423330000,0.7174539378246709,-0.043556490691371186,6.111740102378705,2.8681422451961742,295.70901799043827,-53.29351082826169
423340000,0.7170156276884111,-0.043557169757355525,6.100694535776977,2.87343028725547,295.1981087631823,-53.13315537707611
423350000,0.7166443120150159,-0.043656325296433866,6.091514632337221,2.877840142545099,294.7303793380557,-53.11226214291746
423360000,0.7166114224320836,-0.04402885147255957,6.091261183145566,2.877962088608169,294.5553294710714,-53.532063838123214
423370000,0.7175912373279292,-0.043611624322462045,6.115292109723662,2.866445899936637,295.84892780599347,-53.40851809657017
423380000,0.717701860302649,-0.043510696109626566,6.117933425572531,2.8651857890145886,296.01542589049,-53.331460353599354
423390000,0.7182046511444129,-0.04497046998205927,6.132952262406692,2.858041845021142,296.05430490100457,-55.225271793567664
423400000,0.7172045039457776,-0.043957867152084065,6.1060665593344,2.870855986612442,295.27009394714685,-53.66894852669862
423410000,0.7175592203095276,-0.04417875455062763,6.115359703630773,2.8664136384966996,295.6008722239145,-54.058114848697194
423420000,0.7169319989953294,-0.0433355250745206,6.098252988310394,2.874601829552896,295.181891312326,-52.84468203097578
423430000,0.7174027930031729,-0.04367336658942161,6.110628638017548,2.8686734675751917,295.6062587851176,-53.41096253541677
423440000,0.7179636867495834,-0.043604325109885995,6.124704056022341,2.8619607771018893,296.28703616541543,-53.53783111215492
423450000,0.717320050951102,-0.04439083845920473,6.109652173968471,2.8691403306800547,295.243193986636,-54.21550026793591
423460000,0.7178609472364851,-0.044781842056731774,6.123937716779957,2.862325434962656,295.7253480794671,-54.87442373204639
423470000,0.7179527231789967,-0.044865802754005625,6.126395639967296,2.8611561789664233,295.800398624881,-55.00713444862127
423480000,0.7181300723058384,-0.04482963918817096,6.130835786158815,2.8590464033406917,296.0210008831683,-55.03246390282989
423490000,0.7179388837695975,-0.04488323506782451,6.126072532116206,2.861309829225061,295.77763724185826,-55.0221851949491
423500000,0.718115954106535,-0.04513222176537195,6.13095846485978,2.8589881560146435,295.88895404417195,-55.37999474441353
423510000,0.7180957956498997,-0.04442742243585023,6.129332019023219,2.859760580226668,296.1335134197869,-54.54980657474693
423520000,0.7187678642412361,-0.0448647817980052,6.1471125024293265,2.8513391494332962,296.7534001234369,-55.317346974881026
423530000,0.7178531183568159,-0.04462852971328236,6.123497662514449,2.86253487448821,295.77430325124726,-54.69278510847781
423540000,0.7178119844581125,-0.04517937176035212,6.123328612169914,2.8626153405696586,295.51694690825315,-55.31857390858137
423550000,0.7182053557711743,-0.044996881943922123,6.133012154787539,2.8580134282335905,296.04502933568295,-55.25636363640296
423560000,0.7183874006953354,-0.04441223551957373,6.136712455071609,2.856258873521014,296.4802816171593,-54.64231326320002
423570000,0.718656773342981,-0.045288756798909445,6.14495921002635,2.8523563564002554,296.4601197095252,-55.77084008201156
423580000,0.7186882609196404,-0.04472842125863684,6.144867378332665,2.8523997536166745,296.7123444421351,-55.12708374159752
423590000,0.718743913783291,-0.045279978498006454,6.147165677717543,2.8513140388953406,296.5654322327283,-55.79426042200962
423600000,0.7185888090316556,-0.04523607730999921,6.143143772656768,2.853214531087281,296.40100364100977,-55.68301149306004
423610000,0.7184868832390797,-0.0451205502110804,6.1403646718597455,2.8545292484894524,296.3263686185279,-55.508732539608225
423620000,0.7187434616633146,-0.04560787377371911,6.147682645890249,2.8510699384357086,296.43768541896304,-56.177489492291684
423630000,0.7180471465354225,-0.046086934693582396,6.1307512112010345,2.8590865605659443,295.4397918972632,-56.46426675278875
423640000,0.7180925797958218,-0.04630538481402371,6.13226079623048,2.858369962228226,295.4071279977601,-56.73568282757095
423650000,0.7182269433040693,-0.0459824877042216,6.135145800229391,2.857001461791912,295.6895099612571,-56.41300068808693
423660000,0.7181313230098634,-0.04564976147169788,6.132178722894749,2.858408913032256,295.70754453508806,-55.98872182433162
423670000,0.7206762951922117,-0.04729253069593493,6.200107088290872,2.8265333689325227,298.0308588251057,-58.92539655896751
423680000,0.7195109921828744,-0.046031608222073465,6.167995127465728,2.841512118303211,297.169970155434,-56.97475340311054
423690000,0.7200271805277018,-0.04636977919902427,6.181811891535375,2.835047648644979,297.6414499690421,-57.577222338499595
423700000,0.7192580362368522,-0.04576468551975178,6.1610799147573685,2.844758730328309,296.97859258011323,-56.56213969106461
423710000,0.7185895732140304,-0.04521283214919851,6.143125981132421,2.853222943889862,296.41086227392,-55.656133106119654
423720000,0.71893854260777,-0.045940469064697544,6.153200024983585,2.848467383366622,296.53566499187264,-56.64245515939472
423730000,0.7185327782536926,-0.045293089785946275,6.141808822354649,2.853845907421955,296.31352594834374,-55.728015246492006
423740000,0.7185709526200323,-0.04597932168059376,6.143890284257309,2.852861584815342,296.0913469892448,-56.543720423441926
423750000,0.7184547378360413,-0.04568035632837046,6.140446823048733,2.8544903674501994,296.07244318949927,-56.149808378305515
423760000,0.7183658116669953,-0.046411227252967126,6.139376391452344,2.8549970719259448,295.6829552390602,-56.96598942067128
423770000,0.7183869789981158,-0.04532760057554263,6.138155183218013,2.855575370436223,296.1299684972233,-55.71205799877526
423780000,0.7191667321538842,-0.04643222762894415,6.1598386637868074,2.845342275758282,296.6081370595612,-57.30727004470318
423790000,0.718517636813358,-0.045594348585006404,6.141908389413983,2.8537988065870437,296.1792261544092,-56.073908615390415
423800000,0.7191782211233204,-0.045887509125170235,6.1592382821230345,2.8456246179888147,296.8368492341893,-56.67466087510362
423810000,0.7192795618301532,-0.04602587634706174,6.162057316777476,2.84429939729891,296.90101447539956,-56.87659687697804
423820000,0.7184618999492346,-0.04588956359002762,6.140968261817258,2.854243602498006,295.9993164648026,-56.39647931187521
423830000,0.7183681449905782,-0.046343888354166564,6.139325169546997,2.855021323115716,295.7121721958453,-56.88861549551868
423840000,0.7188413283685923,-0.04582450266527458,6.1505299549000485,2.8497262600926017,296.46750673336805,-56.46882983765209
423850000,0.7186860559584792,-0.046620396820953106,6.1478753659599485,2.8509789512492443,295.972815620597,-57.33590636059634
423860000,0.7184907432236634,-0.04587901171662495,6.141685100628027,2.8539044369626647,296.0370509379494,-56.39543827499114
423870000,0.71916350693388,-0.046202077962491546,6.159377055362342,2.8455593519019136,296.6955927296749,-57.036949257080245
423880000,0.7192154405546879,-0.04612890615157452,6.160585369714107,2.8449912002969886,296.78527027529043,-56.97188342150612
423890000,0.7185071981143295,-0.0466399302227583,6.143351020159928,2.8531165368576032,295.75699232500943,-57.28772419061321
423900000,0.719232568624602,-0.04721202181603995,6.162822331686666,2.843939980629914,296.3727702600593,-58.24378812703356
423910000,0.7186749297995284,-0.04647740500745328,6.147355666553446,2.851224325643274,296.01650956078873,-57.165006455564544
423920000,0.7197758855235482,-0.04624929811821357,6.175151281056949,2.838160249598078,297.3943731655937,-57.33534374492822
423930000,0.7202665486327223,-0.046274640661255806,6.187819801918,2.8322459663838604,297.9611686611413,-57.56114603084783
423940000,0.7200685313877122,-0.04608160023967772,6.182400020903582,2.8347731380736825,297.8051540122213,-57.25479221019309
423950000,0.7196842413663979,-0.04599313585193438,6.172376449275967,2.8394590048162964,297.38851496313146,-56.998176770308
423960000,0.7191598312992544,-0.046628716146893005,6.1599873301867305,2.8452723709573187,296.5218737486985,-57.53404210113146
423970000,0.7197698520956592,-0.04681836770880307,6.175941455224765,2.8377906291805792,297.1593652317002,-58.00030773462915
423980000,0.7196145905843515,-0.04695494419980408,6.172182957996516,2.839549612802668,296.92257638842665,-58.097638710660036
423990000,0.7191506606134792,-0.04753501745596257,6.161270634806607,2.844669089111865,296.1466969638639,-58.58688974822906
424000000,0.7190764962694487,-0.0473663730855319,6.159088987886947,2.845694835551684,296.1286426206815,-58.36057931872131
424010000,0.7186519447466017,-0.04758968938859021,6.148625423637002,2.850624889063159,295.545134878199,-58.44854916015408
424020000,0.7187580523623478,-0.047244382670933324,6.150750528618378,2.8496222221100846,295.80742851532176,-58.09040443809688
424030000,0.7192265270244578,-0.04752460320641606,6.163194666142148,2.8437650848928935,296.2392428311865,-58.60554580053022
424040000,0.7188982886193156,-0.04708154457299432,6.154057164726128,2.848063499568725,296.03588510376534,-57.95732750379815
424050000,0.7190164543598971,-0.047003865601106185,6.156945981627328,2.84670314117983,296.2046339959212,-57.91426700717776
424060000,0.7196541072526373,-0.04738303820294832,6.173917728411612,2.838737463763201,296.7954702962134,-58.61410294483259
424070000,0.7197409004177447,-0.047936519144233275,6.177088760717306,2.8372541260135504,296.67051856421676,-59.295765863321996
424080000,0.7205038501602415,-0.04710464559713917,6.19533159654645,2.828750823527493,297.90487540459657,-58.63385190402787
424090000,0.7198012020918896,-0.04792489494197299,6.178618850063251,2.8365389437950372,296.7456644290155,-59.30699797218575
424100000,0.7200138031166461,-0.047338109465984636,6.18308945953936,2.8344514094737066,297.23452782061497,-58.70798729120856
424110000,0.7200895304760682,-0.047755847963158106,6.18574992977864,2.8332105834803927,297.15212906011004,-59.228025031281724
424120000,0.7204005086718503,-0.0474216397962084,6.193199992417476,2.8297417472401665,297.6538114316777,-58.964033665365115
424130000,0.7208320245770907,-0.046077722608858396,6.202100479685023,2.825608793597458,298.70752672523787,-57.55548666972219
424140000,0.7200592006795327,-0.04713108984970604,6.183908620166134,2.8340692414787587,297.3719867628086,-58.48386644294268
424150000,0.7193834954751305,-0.04700196286849443,6.166335361722251,2.8422906769632537,296.6335286188995,-58.05950818433348
424160000,0.7204871306592516,-0.047607063304908756,6.1957527333519264,2.8285551315123305,297.67930239126787,-59.21727538981189
424170000,0.7207387284027533,-0.047304837644225,6.201743193869716,2.8257744651154795,298.0992769375964,-58.965497383230655
424180000,0.7207375313712046,-0.047973694115907524,6.202856373125011,2.825258354440727,297.82157291144557,-59.751264921844765
424190000,0.7198961594213191,-0.04779036456749041,6.180830894449932,2.835505650383982,296.91184449196726,-59.18891896233968
424200000,0.7201258150022684,-0.04790860930709766,6.186946238490077,2.8326529900327433,297.1316578458375,-59.421682546377475
424210000,0.72028058857734,-0.04784710106376938,6.190831362421047,2.8308436795668,297.33818796246544,-59.4135576727454
424220000,0.7202616626738404,-0.047473639245367516,6.189705785363691,2.83136762323318,297.46960044598495,-58.96812935250866
424230000,0.720689446683565,-0.047972157640269776,6.201609351824403,2.8258365320007917,297.76576404126723,-59.72947980800439
424240000,0.7205888649414565,-0.04789445736558888,6.198874172361045,2.8271055259123425,297.6799695391579,-59.59656358889723
424250000,0.7205962236410395,-0.04798254535294151,6.199215959483677,2.826946889994854,297.65206657506957,-59.7029548736346
424260000,0.7208918389425587,-0.04797064066296906,6.2068473142062786,2.823409570158741,298.0041074074674,-59.811866204246314
424270000,0.7207370646985614,-0.04750847203116842,6.202046749482503,2.82563370675248,298.01356513695,-59.20439355093616
424280000,0.7205324318479605,-0.0470352189722684,6.195952795461973,2.828462177092792,297.9668050543341,-58.56384330759702
424290000,0.7209667279854461,-0.04744358312570719,6.207884261868471,2.822929608557815,298.3106580266437,-59.22270680607195
424300000,0.7203092766589455,-0.04775283377275306,6.191410102690486,2.830574358518685,297.41067348064496,-59.31496026549223
424310000,0.721061646115241,-0.04758594087011383,6.210588779012061,2.8216785699498015,298.36365188352045,-59.42966217788343
424320000,0.7215181194090804,-0.04797169981461904,6.22311399366248,2.815899290148072,298.7412368354168,-60.074680230355646
424330000,0.7214674489011287,-0.04764252299170128,6.221227802601261,2.8167680728284816,298.8188870400978,-59.66488218408759
424340000,0.7212676173797694,-0.04828699634582542,6.217146190631317,2.8186499224608186,298.31370476709054,-60.34111440939078
424350000,0.7220227065916713,-0.048977787898843064,6.23803688889781,2.80904479106872,298.91000103933146,-61.475668811506885
424360000,0.7209433127501294,-0.049110308330001275,6.210170833953664,2.821871827279328,297.5849465618094,-61.170381060364235
424370000,0.7211606603435571,-0.048740623189020144,6.215160375738618,2.819566410882661,297.9966181935632,-60.829193109279615
424380000,0.7216267422332722,-0.04841433367789308,6.226712583174324,2.8142432726381026,298.683035889193,-60.642523577125964
424390000,0.7212602349584701,-0.04892218534469023,6.218066730175405,2.818225281154774,298.036485374683,-61.08459423318368
424400000,0.721991090673057,-0.050424409538276864,6.239813456842815,2.8082310057496063,298.2443008595033,-63.163491013374816
424410000,0.7205586041535815,-0.049074460720984495,6.200144751571357,2.826515894282147,297.15029643443694,-60.965246523507325
424420000,0.7210213174875464,-0.04878392975146142,6.211619439558887,2.821202107760251,297.8147865796539,-60.82103464756288
424430000,0.7209045939266124,-0.048220352994932145,6.207609583161224,2.823056730317894,297.9148916686624,-60.1105518879272
424440000,0.722247251546279,-0.04823719046289836,6.242605495738932,2.8069530283863964,299.4913935649465,-60.69600754768066
424450000,0.7216364388801334,-0.048634376341012496,6.227350773350923,2.813949792085377,298.60121680884123,-60.90597024628337
424460000,0.7220578362235001,-0.0492155343809729,6.239377711650195,2.808430561769621,298.84919879718774,-61.77112354562977
424470000,0.7215758749023718,-0.04946435803084516,6.227242688376506,2.8139994921080724,298.1750139259896,-61.85618268600376
424480000,0.7214969298470693,-0.04869326634573834,6.223820651122029,2.8155739417615617,298.4119473445662,-60.9160816100533
424490000,0.7216579248015266,-0.0491229368148843,6.228773202085204,2.813295890743135,298.4181068207122,-61.490238708291855
424500000,0.7212542701482184,-0.049712901822448856,6.2193171004352035,2.817648696902774,297.69090912108413,-62.00892849151557
424510000,0.7218164697550571,-0.0494043515354774,6.233409661340752,2.8111666015479853,298.4835903192531,-61.88937851683133
424520000,0.7216319537728401,-0.04900264722306629,6.227883130409363,2.8137050275822117,298.4390369136807,-61.33762634053413
424530000,0.7212169446414185,-0.049123740494911854,6.217297746652584,2.818580001381852,297.8998536755736,-61.30265739499369
424540000,0.721847637499818,-0.04935500232983487,6.234135103688257,2.8108337370038825,298.5415348307169,-61.84476777040855
424550000,0.7219133633006066,-0.049661624536362005,6.236400547132346,2.809794764566455,298.486243966699,-62.23381752309498
424560000,0.7218759347360185,-0.04957112970409689,6.235260583011519,2.8103174754179965,298.4814505451403,-62.11119907243111
424570000,0.722106093806782,-0.049955463710458954,6.241968563353048,2.8072444629833093,298.58494002903996,-62.66320323528634
424580000,0.7216816847348556,-0.05008943440242609,6.2311249987301265,2.8122154240504607,298.0282478407342,-62.63525299728248
424590000,0.7218660349879382,-0.04948177682586995,6.234842011156157,2.8105094535537622,298.5084562610408,-62.00184020635318
424600000,0.7219490953933398,-0.050173208452891256,6.238258318627257,2.808943335692681,298.30527544398444,-62.850337476205226
424610000,0.7222337732451984,-0.050222706032633894,6.24579560263583,2.805494281936152,298.6179564694043,-63.0333548826875
424620000,0.7222265408923544,-0.050169191883596836,6.2455088163309505,2.8056253587070445,298.6329605160652,-62.96726098046237
424630000,0.7228475104424915,-0.05078621733344664,6.262939396401123,2.7976810250181905,299.0904601508968,-63.968337454091724
424640000,0.7227719883936883,-0.050333978663549654,6.260121128147262,2.798962430065623,299.20257372243134,-63.4017998150996
424650000,0.7224296401942204,-0.050577915672683674,6.251578439201139,2.8028538480673975,298.69145603473396,-63.53735705588417
424660000,0.7229021008808858,-0.049661404655738726,6.262319567452436,2.7979627461839924,299.6525483338019,-62.66462772513094
424670000,0.7225168453866021,-0.05021160245020411,6.253195912625387,2.802116209271017,298.9559399374099,-63.1448671296334
424680000,0.7230178338692436,-0.0498966790463859,6.26579215883812,2.796385140883382,299.68610792892633,-62.993858911741796
424690000,0.7223501907129375,-0.05054986542115079,6.249443728616986,2.8038279695454364,298.61050408128574,-63.46921004901143
424700000,0.7224853817157598,-0.049918912583246,6.251838289170805,2.802735318679363,299.0475015594086,-62.78614015171697
424710000,0.7224418112079032,-0.04996959101153042,6.250787402838459,2.8032147379811443,298.97393013964245,-62.826770266274536
424720000,0.721917516112667,-0.05032866845947176,6.23771588289017,2.809191883747364,298.2000820878612,-63.01887930510921
424730000,0.7222772105878165,-0.05029746087588514,6.247069567255534,2.8049121608626884,298.6361389535543,-63.14034435579085
424740000,0.7220019163706314,-0.05036216156240827,6.239982898215086,2.8081534152663714,298.2843710124105,-63.09523264906326
424750000,0.721605034340841,-0.05085784483257006,6.230527646510825,2.812489781372019,297.601450631992,-63.50064771451987
424760000,0.7218048785154639,-0.050869504216574574,6.2357639166461,2.8100866562917566,297.8298502767313,-63.602596411045376
424770000,0.7219688614601815,-0.05088141945103979,6.240070553951128,2.8081132777059743,298.016432854633,-63.689161541145864
424780000,0.721856472774308,-0.05032007292694664,6.236105592106206,2.809929992287553,298.1322791837432,-62.982021733461245
424790000,0.7225429634095494,-0.0519391449665103,6.257087589573169,2.8003430375685108,298.2137942859261,-65.18460285961905
424800000,0.7240605593940629,-0.053566185215492196,6.3003165149256395,2.7807977027671527,299.2377754601426,-67.79507606257707
424810000,0.7253160514775057,-0.056303572131170314,6.339398020639898,2.7633628854282426,299.37571063264477,-71.61357855198118
424820000,0.724865449858711,-0.055260191608407436,6.325169665517765,2.769684777132909,299.3651863341373,-70.16925765309101
424830000,0.7245308192166783,-0.053132036750284925,6.311982609860031,2.775570105073064,299.9964306102218,-67.50672855951204
424840000,0.7235087907787451,-0.05151715850883408,6.281746081768762,2.789160239674373,299.5401938013416,-65.1279931104877
424850000,0.7226634406508372,-0.05050796789602326,6.2575873389695,2.8001154998451105,298.99754445926663,-63.558720179935776
424860000,0.722483754230058,-0.05100433384606676,6.253784688942694,2.80184779866846,298.56533279407444,-64.06234904075629
424870000,0.721440127619728,-0.05098989631561512,6.226472934812732,2.8143534941903736,297.35068949594205,-63.58193479632658
424880000,0.7225452179011443,-0.05109260874284374,6.255561810647944,2.8010379611165055,298.5980235704538,-64.19345989310767
424890000,0.7220437343848783,-0.050642323434912415,6.241588913007715,2.8074182047230485,298.2099553016237,-63.442215057165704
424900000,0.722249011285181,-0.05039598298431205,6.246510797508408,2.8051674532141413,298.55959099349155,-63.24371084332188
424910000,0.7228489746229256,-0.05035227733770964,6.262179262959217,2.798026524536024,299.2852702399153,-63.457491355728806
424920000,0.7228441851222888,-0.05067917862398786,6.262654260579827,2.797810616239848,299.13430346547744,-63.84076674305217
424930000,0.7227833072405861,-0.05120403142532327,6.2620258755998535,2.7980962533351676,298.82771780842484,-64.43113236397933
424940000,0.7233962284261951,-0.051606135767430006,6.278938173713725,2.7904290986527407,299.36699584092355,-65.18161526664193
424950000,0.7234502422005854,-0.0512353872636296,6.279669184941006,2.7900986516103607,299.5990646194971,-64.76897179484898
424960000,0.7233997976349715,-0.05157939125191613,6.2789820856828245,2.7904092464138635,299.3833791302651,-65.15173110862101
424970000,0.7230367043467272,-0.051021188330320356,6.268356418445984,2.7952213437860705,299.20805616462377,-64.32985987553118
424980000,0.7228667140432691,-0.05139795484956161,6.264582577550355,2.7969344524156585,298.83838326510585,-64.69659323295197
424990000,0.7225031690716363,-0.05075345922458543,6.253830561540825,2.8018268885043724,298.6999489771783,-63.77632704063902
425000000,0.722827377836769,-0.05116805023170627,6.2631181928035,2.797599770116978,298.8956973698198,-64.408643354868
425010000,0.7230162859201641,-0.05181599933642857,6.269307840625461,2.794789786378194,298.82456751311827,-65.25543791928501
425020000,0.7230162326685555,-0.05222643793652816,6.270084763840953,2.7944374799657394,298.63701206417574,-65.7369543651204
425030000,0.7236791057647733,-0.05213776198166331,6.287429815834764,2.786595389354543,299.456637133826,-65.93742040471851
425040000,0.7237153058164996,-0.05142347287303935,6.287035005319872,2.7867733983674596,299.8266266449971,-65.1114608382826
425050000,0.7239285606457031,-0.0516460802021138,6.293107515832567,2.784038007519742,299.97691391347036,-65.47195105418659
425060000,0.7234607421437854,-0.050607564184731856,6.278778812058963,2.7905011471350143,299.8942930834798,-64.03176906007471
425070000,0.7226684101644542,-0.05023878590575369,6.257224958990534,2.8002804890544675,299.12254422337094,-63.24376088750169
425080000,0.7229280184781094,-0.05071914766327839,6.264934249658302,2.7967747238456075,299.2152631027534,-63.92526735576762
425090000,0.723735695811385,-0.051336541598092617,6.28741158220091,2.7866036098846347,299.8902981142269,-65.01801923583533
425100000,0.7240809123592996,-0.052011474427078624,6.297845867061015,2.7819073537521746,299.9888506679207,-65.97381975973175
425110000,0.7241620214235178,-0.05247786209655029,6.300895153121885,2.7805379459282547,299.86830508974623,-66.56204762377446
425120000,0.7231954636677252,-0.05219997824106985,6.274761660669511,2.7923185688046392,298.85938790404504,-65.78812868848495
425130000,0.7232474168533807,-0.05227798275852287,6.276281846693261,2.791630532296616,298.8845304281753,-65.90355637900863
425140000,0.7227341633709058,-0.052367830933247796,6.262926609691364,2.797686836183508,298.2419565387182,-65.77325257809782
425150000,0.7233908101432808,-0.0521720359077848,6.27986770974058,2.7900089238914556,299.1016692084732,-65.84504596845247
425160000,0.723128950678257,-0.05301841137157129,6.274577639960542,2.79240187982637,298.40338644868353,-66.71623526994094
425170000,0.723895023628989,-0.05183074194196619,6.292568018717537,2.7842808073031855,299.85255154850466,-65.67472109840908
425180000,0.7235862535306682,-0.052255814292383074,6.2851968781995415,2.7876024605266876,299.2929112467816,-66.03356648104617
425190000,0.7239485633479639,-0.05185689633518165,6.294038019422864,2.783619336258607,299.9037561662996,-65.73022415992067
425200000,0.7243328210386925,-0.053139529242815106,6.306722234487876,2.7779248326110615,299.7595266361535,-67.42208725632794
425210000,0.7242143889132346,-0.051905195416542184,6.301190124576425,2.78040554893865,300.19571223232725,-65.90980873086751
425220000,0.7245964557920175,-0.05300088103495913,6.313476760827425,2.774902004952622,300.135812263548,-67.38296191949009
425230000,0.723898111679876,-0.05251383411382668,6.293955899642894,2.783656280164919,299.54050365897837,-66.48166058150478
425240000,0.7236603419735177,-0.05271153385075661,6.2880337477868125,2.786323137709293,299.1689186067903,-66.60364785936765
425250000,0.7235652857803857,-0.052399412101929006,6.284916778080913,2.7877288395487025,299.20193952826975,-66.19275870539843
425260000,0.7241349859487662,-0.052570427737214105,6.300355013579904,2.7807804187919585,299.7932782584744,-66.65862404079691
425270000,0.7246034450416025,-0.05324063700895048,6.314132037848249,2.7746091043016454,300.0307040328703,-67.66917494017537
425280000,0.7255042278580406,-0.05290508445692457,6.337581827994509,2.76416822881195,301.25622812180274,-67.69955059706403
425290000,0.724868800110615,-0.05329189298899812,6.321318280085479,2.77140103070773,300.3195802008861,-67.85560339039053
425300000,0.7245539249379244,-0.05271642562053282,6.311789249351375,2.7756565887080114,300.21946564933603,-67.0269794463589
425310000,0.7250514354739509,-0.05276232173471186,6.325166666997743,2.7696861124989547,300.7866100320211,-67.31555776856908
425320000,0.7241151578664334,-0.05311036868431816,6.300875218158,2.780546894131489,299.5170487130533,-67.2852454489616
425330000,0.7241571483303317,-0.05323001136311766,6.302225067038415,2.7799411188986696,299.51009847432346,-67.44574456325618
425340000,0.7255080023827466,-0.05364224880794215,6.339136757289029,2.7634787067226467,300.9080165872915,-68.57575192674328
425350000,0.7237093396421569,-0.05259086433700629,6.289099197827241,2.785842965180744,299.28259041065354,-66.48459743001722
425360000,0.7234887923914736,-0.05302231470670725,6.284093462308083,2.788100380222403,298.822829761042,-66.88840577724133
425370000,0.7237048524944043,-0.05287956263978618,6.289537714240746,2.785645384936929,299.14292200056315,-66.82174906380811
425380000,0.7240088873091155,-0.05256531745800395,6.296995295600934,2.7822895806796684,299.647033379493,-66.59383749225121
425390000,0.724126624187074,-0.052669530059211205,6.300324174420136,2.780794264018964,299.7371707135716,-66.77154825630276
425400000,0.7246671212857907,-0.053209251789354275,6.315769561220946,2.773877424342417,300.12069480713285,-67.66231586164345
425410000,0.7252270193428539,-0.05330226632298886,6.330925999620928,2.7671236332333766,300.7382463154874,-68.0385071707376
425420000,0.7247789745715112,-0.05335137895139361,6.319035046018081,2.77241949811951,300.18524143654025,-67.88313316534942
425430000,0.724559138569507,-0.05416084748717986,6.31476943874802,2.7743242538772206,299.53951386526586,-68.73111056536885
425440000,0.7242272714890282,-0.0531496644378686,6.303933102799581,2.7791749806176576,299.6304711644104,-67.38426355636895
425450000,0.7244642197087902,-0.053994877415449796,6.311907747747812,2.7756035877265397,299.50762579751387,-68.4906380970069
425460000,0.7247143065148758,-0.05376525486375653,6.31812476101808,2.7728257535546947,299.9116451286798,-68.34023425614895
425470000,0.7250322033971015,-0.05390523263071231,6.3269019839028156,2.768913520513494,300.21916753472505,-68.65766075493495
425480000,0.7256913731906955,-0.05354810322239654,6.343878076045549,2.761378343316763,301.17068078395306,-68.55243337414622
425490000,0.7252078102719737,-0.053607820335136114,6.331014784433726,2.7670841679477802,300.569345582814,-68.39080292496753
425500000,0.7255040261165191,-0.05363288507744178,6.339011371061759,2.7635342954743702,300.90781341803284,-68.56274852983675
425510000,0.7248879055010377,-0.05409410256139528,6.323417707312386,2.7704652185337286,299.9582343636714,-68.8107756816364
425520000,0.7247013640772785,-0.0535033693314967,6.317261665499092,2.77321105948194,300.0213761709235,-68.02548403635593
425530000,0.7251290826772793,-0.05339578599503217,6.328486599140767,2.768208403004928,300.57771511194716,-68.10241270001958
425540000,0.7250707087600481,-0.05361955698818644,6.327365708579814,2.7687071361563524,300.40171332524386,-68.3389701827115
425550000,0.7244056476703724,-0.05354112927436618,6.309449325576495,2.7767035887334868,299.6551637592578,-67.9293032169713
425560000,0.7248198816376366,-0.05432862059186039,6.3220679253590575,2.7710668058363126,299.7650868102741,-69.05387936701113
425570000,0.7247504249036942,-0.054362294223540525,6.3202791874682465,2.771864438429538,299.6671879875835,-69.05990880112421
425580000,0.7241061575428841,-0.05428836405754879,6.3029584611812055,2.7796121032719596,298.9471990537863,-68.66326703916366
425590000,0.7241788449735599,-0.05493170798654884,6.3061828354386,2.7781665142341314,298.72222661258144,-69.45046517140848
425600000,0.7249326420001863,-0.054545238695039126,6.325518606902876,2.769529387846128,299.792766421966,-69.36311919023531
425610000,0.7247860777889978,-0.0546343968534083,6.321778722521876,2.771195735563107,299.5773416854409,-69.39673350521501
425620000,0.7253587830731009,-0.05398598203101337,6.335815417568957,2.7649519517784076,300.565750555549,-68.91040071096828
425630000,0.7252653382920036,-0.05427764108305491,6.3338926359748795,2.7658055632708356,300.31427830564405,-69.20944210655355
425640000,0.7254608290530755,-0.05443810993236844,6.339461986427226,2.763334530090672,300.4668986060827,-69.49374651409059
425650000,0.7246993492126809,-0.05480166315491104,6.3197987026095035,2.7720787747676616,299.39437224002126,-69.55084428954503
425660000,0.7255126736303881,-0.05491610803267563,6.341822714681766,2.7622884552516758,300.29425688618693,-70.0826428265919
425670000,0.7252865839079581,-0.05469626316689863,6.33530605069124,2.7651780315050427,300.13563549159574,-69.71305273471278
425680000,0.7259188300588211,-0.05473922131373614,6.352394057267747,2.757613910356458,300.8604091643065,-70.07349535028176
425690000,0.7262630701272259,-0.055010973739382935,6.362238714572476,2.7532750222154294,301.1333404563114,-70.56478269059868
425700000,0.7261070576074237,-0.05554420619901236,6.359120959389034,2.754647636588672,300.6839509647919,-71.11706315949488
425710000,0.7262336996418556,-0.05537215730210493,6.36218677113911,2.753297879390339,300.9191673579863,-70.9771484286051
425720000,0.7259995159010436,-0.055674026201327775,6.356486811258881,2.7558084154622158,300.49243514173594,-71.21638883820681
425730000,0.725514773384093,-0.05535034972582095,6.342766066126153,2.761870665085093,300.08280466133795,-70.59471254573658
425740000,0.7258404119873397,-0.054571856803463804,6.34994165723222,2.7586969159998254,300.8498711327694,-69.83716697913574
425750000,0.7259550028097138,-0.054792091882650974,6.353476656543602,2.757136095893202,300.8771497705584,-70.15378214111979
425760000,0.726120356633869,-0.054668207907399936,6.357685283412617,2.755280167540928,301.1337261543129,-70.08863933360095
425770000,0.7262289057152589,-0.05478747421633779,6.3608591336575095,2.753882222560628,301.2034496014136,-70.28335109664198
425780000,0.7259980103063163,-0.05512872031697694,6.355323644647966,2.7563212971874367,300.76175957113486,-70.57265154499555
425790000,0.7260284725775847,-0.05501057599483022,6.355903628781739,2.7560655373962835,300.85618168877477,-70.44819886078129
425800000,0.7257640762867946,-0.055378033939969325,6.349530326031671,2.758878648192632,300.3624332102494,-70.75069689957303
425810000,0.7258507211362877,-0.05480916261049804,6.3507010050650745,2.7583614883410323,300.7455411785402,-70.12263348290111
425820000,0.7255081579914591,-0.0561168447120116,6.344171202788588,2.7612485963635525,299.69398184817334,-71.49109690293945
425830000,0.7257359262038663,-0.05499928387170588,6.347996936539693,2.759556335118323,300.5164652789673,-70.29048430861826
425840000,0.7257942649608397,-0.05531414309938038,6.350212153305806,2.7585774200019726,300.42965278020137,-70.69041045907366
425850000,0.7271098748396266,-0.056384525704806204,6.38805611105508,2.7419615074143544,301.4440793621658,-72.61533452319837
425860000,0.7259696700110102,-0.0556032336426986,6.35553531922561,2.7562279479738954,300.4925989954834,-71.11811992769398
425870000,0.7261522413859762,-0.05618451409493101,6.361671734094888,2.7535245368679186,300.4161621534584,-71.89382122842905
425880000,0.7255619041149195,-0.05587264069269073,6.345109707237485,2.7608332679858147,299.87891625402517,-71.23157924107984
425890000,0.725690063187505,-0.056244801957140676,6.349332272568413,2.7589661597464055,299.84309242021544,-71.73220072847315
425900000,0.7266547669354495,-0.056129012152725144,6.375156948686114,2.747602343094476,301.0362968805447,-72.08218103076553
425910000,0.7263625560802044,-0.05568875538204466,6.36632515636833,2.751478023918703,300.9131151958984,-71.41535293036677
425920000,0.725823942425361,-0.05574222029716126,6.35189396932515,2.757834684846766,300.2517737196997,-71.20903153565845
425930000,0.7260083775203867,-0.055784356986944776,6.356954418187973,2.755602285092528,300.4477421726421,-71.35072882048448
425940000,0.7261807140028135,-0.05508140153618889,6.36015799125403,2.7541909226255075,301.00103671096,-70.6072582589877
425950000,0.7265522484241941,-0.055663433544821894,6.371407726455668,2.7492462794525476,301.1498782201886,-71.48059473132335
425960000,0.7264021891078549,-0.055942574258389,6.367925245805136,2.750775034495132,300.83239087699445,-71.73473725863019
425970000,0.7263378865137428,-0.05641908190426979,6.3671825331454,2.7511012956704146,300.51602977637657,-72.26353820331056
425980000,0.7264609932275791,-0.056089635095250875,6.369824034260569,2.749941283311407,300.82760795291705,-71.93779323689067
425990000,0.7262231757575998,-0.05674370758825541,6.364763990689494,2.7521642617169495,300.2164820299501,-72.5867929248092
426000000,0.7266203072717772,-0.05674474386031164,6.375519310336686,2.7474435619937805,300.6827076978923,-72.7903386896414
426010000,0.7261872131271638,-0.0560475012134098,6.362330560383243,2.7532346073452834,300.5262905278085,-71.75020172747965
426020000,0.726894766988108,-0.05689129691491241,6.383280515279861,2.744047162666676,300.9308614703687,-73.10336611399677
426030000,0.7272701474538642,-0.05683817146460361,6.39338179005355,2.7396393802924477,301.40097500815483,-73.23359978337429
426040000,0.7265703322911865,-0.056627998337925506,6.373917518378454,2.748145581630385,300.6834261553847,-72.62745348691745
426050000,0.7263313102076194,-0.056346441787132905,6.3668520526722485,2.7512464952713582,300.545070067607,-72.1747431148069
426060000,0.7261358609908916,-0.05627941011531053,6.361427738970671,2.753631927367059,300.34905651837624,-71.99715270006206
426070000,0.7264562285820729,-0.057143187827985054,6.371918715928659,2.7490221071286234,300.2860561245981,-73.1746213591183
426080000,0.7270081758463813,-0.05684141134572455,6.3862573796891215,2.7427466954861024,301.0901312499298,-73.10277013487308
426090000,0.7261887118255467,-0.056355527911321,6.363015276841634,2.752933349577268,300.3727559988748,-72.1133221413452
426100000,0.7262994021163605,-0.0552176946655992,6.363644726608802,2.752656466382888,301.07368936192717,-70.82731983126253
426110000,0.7265606900312053,-0.05470351984718376,6.3696617094827435,2.7500125396157027,301.6382783718183,-70.34779140620823
426120000,0.7266152636129755,-0.05582493832369796,6.3734509818564495,2.7483501192840407,301.14314648622036,-71.70314171319211
426130000,0.726903464405819,-0.05652439473822337,6.38273909279449,2.744283821094824,301.12887017995115,-72.67520556002559
426140000,0.7266605340952108,-0.05733778686764066,6.377873182458462,2.746412583084477,300.425843641235,-73.50801783820367
426150000,0.7267542065417885,-0.05751411031667946,6.380793893416903,2.7451344169884004,300.4447999929342,-73.76333458462825
426160000,0.7266852582436866,-0.05743598764115016,6.3787545163257855,2.7460267659620334,300.40423053638364,-73.63603194312356
426170000,0.7272910197818607,-0.05798177616963609,6.396411347274054,2.7383201875258587,300.83198643081323,-74.59182933436517
426180000,0.7269082799722976,-0.057833484774330694,6.385668733098192,2.7430037518947046,300.4599644127346,-74.21799904376574
426190000,0.7272363704350987,-0.05783531946201046,6.39460367741802,2.7391071665258684,300.8443037594767,-74.39112179920562
426200000,0.7273216746273381,-0.05814399656734922,6.397600512408556,2.7378027265394893,300.7829865063382,-74.79848182078457
426210000,0.7268190693121338,-0.05771161339903273,6.382980863243635,2.744178136957796,300.41862227720196,-74.02868130568899
426220000,0.7268948707177437,-0.05770911087841703,6.385035462522999,2.7432803494291997,300.5088679277469,-74.06508686332816
426230000,0.7265870639725536,-0.0577126760630841,6.376685254408388,2.7469327894171185,300.1461003821275,-73.90970141982342
426240000,0.7271002790921195,-0.05762744252752517,6.390447138484278,2.7409184698251545,300.79258328847243,-74.07585235077012
426250000,0.7267997062804248,-0.05705857187132438,6.381054391575299,2.7450204756415673,300.7330593259717,-73.25148593632906
426260000,0.726804640468348,-0.05715845974792313,6.3814015434288605,2.7448686469735057,300.68749853230645,-73.37151444783723
426270000,0.7272509579170289,-0.057691533200607416,6.394689988351043,2.7390695802186964,300.93644289365324,-74.22963355575543
426280000,0.7269820797145684,-0.057951853563143405,6.387932184314028,2.742015589779201,300.48488626774684,-74.39529531192923
426290000,0.7270144095071266,-0.058415796377261714,6.38982225654066,2.7411909847591946,300.27999229579046,-74.95591495520301
426300000,0.7272138305585786,-0.05792099401482282,6.394175237164956,2.73929375720766,300.7730697339976,-74.48004022427845
426310000,0.7272548206654914,-0.0577860937101784,6.3949998954981275,2.738934631782502,300.89168610331535,-74.34287163118053
426320000,0.7264744513938739,-0.058056436134393756,6.374374541227877,2.747945244697715,299.8360775179578,-74.25352401422167
426330000,0.7268913676495182,-0.05760315024513276,6.384711777435916,2.7434217491042023,300.5597282676535,-73.93887378623877
426340000,0.7269181937993502,-0.057522159825251946,6.385266672797818,2.7431793557582655,300.6332041971418,-73.85764541577944
426350000,0.7275296248121403,-0.057496593517146304,6.4018714472381415,2.735945869158231,301.3662897004225,-74.1451789780969
426360000,0.7277315659495431,-0.05843289084239552,6.409430422072901,2.732665700863935,301.1124887314384,-75.35400788930178
426370000,0.7280663927448082,-0.058185251330923726,6.418059255064219,2.7289309541244755,301.63793560383095,-75.23947432284669
426380000,0.7276262710351312,-0.057975218979267246,6.405549665131569,2.7343487391010695,301.22983447912026,-74.75987733238838
426390000,0.7272501548187263,-0.058150067186298685,6.395663539781059,2.7386456943222877,300.69581937188775,-74.76809178342835
426400000,0.7272050622137172,-0.0580146702248526,6.394139780086976,2.7393092003233157,300.71379248087294,-74.5854933350172
426410000,0.7277584842127047,-0.05815723515431203,6.40956278147346,2.732608334999957,301.28976922115544,-75.04381415456457
426420000,0.7276968161287974,-0.05911909314369328,6.409996102909482,2.732420546221628,300.70689854364747,-76.14113616440294
426430000,0.7282738830707959,-0.05860766371067551,6.424684815712467,2.726070245376459,301.6582436587389,-75.84794688987469
426440000,0.7276402338518894,-0.05897963574140782,6.408138573810268,2.7332257281300807,300.71496077061914,-75.9474900711459
426450000,0.7277036257525087,-0.05899612162346088,6.40990935124868,2.7324581397590237,300.7805027633983,-76.00060508098692
426460000,0.7274399583411787,-0.05798214341745941,6.400475478250234,2.7365525096154024,301.00690807269444,-74.67027360476364
426470000,0.728200079661606,-0.05905334582176676,6.4236464898536045,2.7265181622031736,301.33293287220977,-76.33330119319919
426480000,0.7280354065223689,-0.058045330690468966,6.416903265080814,2.729430694572539,301.67531958445926,-75.0579697155882
426490000,0.7281276569761987,-0.05863579733512202,6.4207317162215585,2.7277763413515643,301.47091945214754,-75.80314118373163
426500000,0.7279324409754834,-0.05924318677689911,6.4167258918017,2.7295073902885596,300.9167584759649,-76.41273785112396
426510000,0.7282767931438189,-0.0582121239164392,6.4238932586966335,2.7264116967094965,301.87209629148117,-75.38267455712158
426520000,0.7282997674503939,-0.05846575035056547,6.42508261000172,2.725898682721728,301.76441538057145,-75.69434261745876
426530000,0.7281754388242782,-0.05828787606662554,6.4212764892019605,2.727541097947521,301.71223774078055,-75.41834790748545
426540000,0.7277966046973294,-0.05955459608492223,6.4137001230225925,2.7308163940374324,300.59035633618333,-76.70465329667955
426550000,0.728752916296432,-0.058848612214036616,6.43840465155203,2.7201656344803093,302.0945406939912,-76.38893220553165
426560000,0.7289418209307522,-0.058617469661090923,6.443103135918842,2.7181494692162733,302.44221812376753,-76.21710991749734
426570000,0.7285727022756813,-0.05925436356818762,6.434344270579192,2.721910413852336,301.66329635982237,-76.77040957485562
426580000,0.7278581013257925,-0.05917508850548599,6.414536786690887,2.7304543111990314,300.86605096103915,-76.29302845441507
426590000,0.7278616700303318,-0.05983455909085879,6.416111927320477,2.7297729003925375,300.51555252382343,-77.06721630168491
426600000,0.7284734039596648,-0.05953943378047909,6.432250013603274,2.7228112158380386,301.3923196480477,-77.05211957780357
426610000,0.7284104039253445,-0.059910058365564726,6.431352400626901,2.7231974898370135,301.1172093457137,-77.45308660230718
426620000,0.728039755805016,-0.05921647521964144,6.419609291986264,2.728261154632338,301.0570238431097,-76.43896487378578
426630000,0.728967473115637,-0.059922631979635495,6.4467429970165275,2.7165896395069273,301.76483417012975,-77.77175287284796
426640000,0.7292699854545156,-0.06003293815350277,6.455363228756736,2.712902705397547,302.0606123680641,-78.06756485445187
426650000,0.729402044941631,-0.0603628745025948,6.459777750888933,2.7110184865918843,302.0342953861285,-78.52905609881122
426660000,0.7293775961408847,-0.060509499756414044,6.45943670821398,2.711163957338429,301.9243783481331,-78.68811961709746
426670000,0.7284972975745103,-0.06028263831710837,6.4345908981979205,2.7218043715526026,301.01580733540834,-77.93719461409539
426680000,0.7281810516075958,-0.05900723213128417,6.42302126416846,2.726787945948143,301.3352768080804,-76.2688633634001
426690000,0.7283297550290473,-0.059385752180270604,6.427952836620614,2.7246614423984603,301.30656063541943,-76.79385113164999
426700000,0.7295268083676977,-0.059764460414931025,6.4618717086691,2.710125659910597,302.511234242516,-77.89179983998548
426710000,0.7295504839401966,-0.05971950713572562,6.462426530697797,2.709889192920443,302.5639049909787,-77.85165581606088
426720000,0.7295124490593105,-0.06012525625935196,6.462295900817507,2.7099448640647807,302.29567357503026,-78.30995392983651
426730000,0.7286691858870579,-0.06070450685519152,6.440294099208924,2.7193544917733043,300.9853725645411,-78.52552252339201
426740000,0.7282902838005016,-0.05990822905943102,6.428044079966284,2.7246221295978668,300.97737431670083,-77.38564976382467
426750000,0.7281343477873083,-0.0603781054901298,6.424825099172276,2.726009740758834,300.53906871224257,-77.8505291009012
426760000,0.728303719414577,-0.06105902733644879,6.431042251646145,2.7233309833880237,300.3630344907779,-78.73801604703058
426770000,0.7284584578571353,-0.06061924229498397,6.434290497938686,2.7219335355420338,300.7858032539047,-78.30982115399975
426780000,0.7282342273206214,-0.06099560406549264,6.428984604472114,2.724216965024078,300.31700911628303,-78.62578637035902
426790000,0.728161777450439,-0.061204874396450205,6.427475508107616,2.72486712119773,300.1172392175275,-78.82953857393548
426800000,0.7285433768971405,-0.06123101331036853,6.438039839921301,2.7203223048529117,300.54734135238874,-79.07108207166199
426810000,0.7284760004942374,-0.06109210346162979,6.435861762652282,2.7212580709074716,300.5456584717813,-78.87174494469944
426820000,0.7286215242424765,-0.06133387601414124,6.440433222858381,2.719294785059314,300.58139981852446,-79.23441993441641
426830000,0.7287113096613002,-0.06085100655165721,6.4417933515681005,2.7187112074361957,300.953805657978,-78.72017186105379
426840000,0.7284980642906197,-0.060260764050317356,6.434562170558726,2.7218167231263117,301.0286721524651,-77.91198958566052
426850000,0.7294597856064609,-0.06107810797908623,6.46303111717218,2.709631563517092,301.70472045000815,-79.40209162824164
426860000,0.7287720459359436,-0.060317761413499496,6.442246063545985,2.718517022577891,301.3186434561581,-78.12894577635674
426870000,0.7286417085880732,-0.060670682923059986,6.439458568068298,2.7197131263858365,300.97185530468107,-78.47079975818453
426880000,0.7292358236766205,-0.061138391335533296,6.456961016538075,2.7122204282949047,301.4083880277965,-79.34780677992241
426890000,0.7287493928143558,-0.060705866545439614,6.442510266656114,2.7184037090452664,301.0785078172718,-78.57134501432127
426900000,0.7288058549872579,-0.06092908176146832,6.444583287582898,2.717514945731396,301.0212252214369,-78.8638004353775
426910000,0.72919905420309,-0.0607854350689427,6.455125185490809,2.713004382727269,301.56160188471733,-78.91340579040478
426920000,0.7289848925185652,-0.060932993686088774,6.449539664255224,2.7153923784813476,301.22864045548295,-78.9675997405921
426930000,0.7288886508319594,-0.06011297198151198,6.444998344847338,2.717337069211574,301.5678980084273,-77.95244008571723
426940000,0.728289035994348,-0.06055849111655265,6.429488685286043,2.7239998641823693,300.621128177472,-78.145858242104
426950000,0.7292990800211437,-0.06376811283557673,6.464960455969775,2.708809754183795,299.9898622966534,-82.44594452055861
426960000,0.7288943169077737,-0.060896977572059266,6.446952793208915,2.7164997882465096,301.14253843754784,-78.87521590815543
426970000,0.7292947350924838,-0.060988536924594605,6.458245798115612,2.711672059983052,301.56097779844373,-79.20492304806906
426980000,0.7294415254177817,-0.060523246354897565,6.4612412912683945,2.710394396395983,301.99199276186914,-78.7397183761253
426990000,0.7289320412472604,-0.06113908116413606,6.448555541764436,2.7158135627200104,301.0523354111582,-79.17946970316865
427000000,0.7283177706661869,-0.06091399585731619,6.431094714412565,2.7233084015676976,300.45936675227875,-78.57665356638412
427010000,0.7289879302163925,-0.06045240290196685,6.448517380113388,2.7158298977768185,301.4979466317246,-78.4057164168425
427020000,0.7291145090712267,-0.06014801812448412,6.451321803802334,2.714629994412091,301.8142645657479,-78.11762338765023
427030000,0.7292672655039557,-0.061130836769251094,6.457814693322187,2.7118560384843033,301.4494530151191,-79.3564885491294
427040000,0.7285177106496078,-0.060455390147551094,6.435547518063135,2.721393133204148,300.94507031177204,-78.15066388612388
427050000,0.7285907826078063,-0.06171525946667637,6.440473573717213,2.719277468460723,300.33320476091853,-79.6616446536138
427060000,0.7292666616158184,-0.0612933642565747,6.458176023227811,2.7117018354427773,301.3579914737838,-79.54658810914805
427070000,0.7288934222161381,-0.060973049446720516,6.447103802266395,2.7164351179780133,301.09933166352494,-78.96376799569101
427080000,0.7297730155006512,-0.0612266359607411,6.472080021649385,2.705781491418361,301.98948000157526,-79.75196035286753
427090000,0.7293273816655161,-0.061458080882369606,6.460243583258933,2.7108198125957372,301.33689131726254,-79.77345923056644
427100000,0.7291276128513402,-0.06087358285764192,6.453350810392273,2.7137625279555992,301.42886928965333,-78.977169354403
427110000,0.7285958969911351,-0.0609313705749191,6.43879518149483,2.719997939397516,300.7744791266167,-78.75035616241216
427120000,0.7287777513078256,-0.06065577664147968,6.443177907257651,2.718117408464993,301.13934685185626,-78.52832831886992
427130000,0.7304544010101521,-0.06251008078965452,6.494123682818283,2.696448488804604,302.06029297710387,-81.6459902862561
427140000,0.7287981299876367,-0.060501700176839354,6.443386924740416,2.7180277891642812,301.2481201599155,-78.3590041345396
427150000,0.7296302504126152,-0.061825180418924125,6.469513426890469,2.7068723893689977,301.4848896337986,-80.3736984233578
427160000,0.7290258778858293,-0.06187270001851102,6.452862872970612,2.713971086062706,300.7519255003454,-80.08871289286515
427170000,0.7288859012708396,-0.06190820403605216,6.449074641022744,2.715591382471561,300.5688434716767,-80.0514897309288
427180000,0.7292696950090247,-0.06174546908122743,6.4593172269356,2.7112149254479028,301.1080668081032,-80.07722771926825
427190000,0.7286081953966872,-0.06147182758458861,6.4403862451227685,2.719314945866716,300.48915561533596,-79.38783920076777
427200000,0.7296177398481767,-0.06126117622362186,6.467843583405369,2.707582611038422,301.78769842638013,-79.70540735364692
427210000,0.7298776211295347,-0.061841596506673036,6.47643471474077,2.7039326117480513,301.7654397213735,-80.53289208841672
427220000,0.7301505670948217,-0.06151851186231979,6.483282107966311,2.701030547751321,302.2689376151647,-80.30797242779548
427230000,0.7301524829258157,-0.06162558145410597,6.483587487488298,2.700901267987197,302.21056801595705,-80.43498522277407
427240000,0.7302171189554179,-0.06186059223033262,6.485946215322811,2.699903141220981,302.1531338267081,-80.74790116385415
427250000,0.7304419986592551,-0.06227995711429987,6.493226794083383,2.6968269531958367,302.17783198415276,-81.36883403009848
427260000,0.730789903799581,-0.06262353870327654,6.5037948655485645,2.692374285960264,302.38868414073767,-81.97250664572152
427270000,0.730166377818014,-0.06230832675732783,6.485592427163575,2.7000528039345584,301.8382926939186,-81.24434282740235
427280000,0.7294575752478756,-0.06269240206925741,6.466771906093437,2.7080386172642763,300.7909799100972,-81.28828288185112
427290000,0.7298241676130618,-0.0627884032263632,6.477197396060251,2.7036090608852588,301.1633598951806,-81.60976666427055
427300000,0.7303324616085671,-0.06273249803567751,6.4912466555309685,2.6976629009858746,301.7894526560085,-81.83643934065825
427310000,0.7307083644453557,-0.06273198589925914,6.501769112659959,2.693226652016134,302.23029120109993,-82.05269954044165
427320000,0.7304212383841145,-0.0634498739669056,6.495463143998222,2.695883469347462,301.4780953157292,-82.72625304840375
427330000,0.7307799385008051,-0.06329697942614504,6.505143015539749,2.691807332864864,301.98629892594346,-82.75634957265996
427340000,0.7301216805675982,-0.0640319072458959,6.488508277867434,2.698819812924689,300.79021339463884,-83.22923625022679
427350000,0.730035207710435,-0.06375269959853308,6.485411676865352,2.700129273039985,300.8524318391345,-82.85446965418878
427360000,0.7303944412706299,-0.06346357583935015,6.494746594058247,2.696185698998223,301.4388609905276,-82.7266578348093
427370000,0.7302212087203644,-0.0629742755879728,6.4887190641524946,2.6987307242366954,301.52000265667687,-82.05506969983043
427380000,0.7299185118741698,-0.06284363116332065,6.479958405584828,2.7024384154793655,301.2417531887953,-81.72832332836846
427390000,0.7299007638423678,-0.0632149917129279,6.480357535670227,2.702269272132102,301.0073748228037,-82.15102199567298
427400000,0.7301398822439723,-0.06356567110186727,6.48787878899712,2.6990859012876474,301.0828660273409,-82.69772568457424
427410000,0.729662396918612,-0.06384064754494732,6.475235207398874,2.704441634461436,300.36863991954357,-82.74010199451274
427420000,0.7293659160552847,-0.06329735291162288,6.465677444089609,2.7085044783793277,300.33827589414403,-81.93899735205233
427430000,0.7285769459985563,-0.06299421883045721,6.443111692449361,2.718145800274538,299.5974220494009,-81.13760486618992
427440000,0.7297435544305131,-0.06376413269066698,6.477308460257299,2.703561950840579,300.5071137963538,-82.6984239581696
427450000,0.7298619788327522,-0.06330226291667913,6.4794873954031855,2.7026380476329748,300.91187454220886,-82.23024529043542
427460000,0.730836598657011,-0.06332686558612759,6.506805829082804,2.691108382085586,302.03520428696584,-82.82435855778849
427470000,0.7307225732165695,-0.06348436733038877,6.503989722565959,2.692292325604477,301.80993574998695,-82.94208489148768
427480000,0.7306376616589856,-0.06341616160041298,6.501442740561009,2.6933640288813754,301.7504608659821,-82.81285426419372
427490000,0.7308941670322973,-0.0628633106376553,6.507298519134405,2.6909013539023032,302.3723071202918,-82.3144171879348
427500000,0.7304740140667251,-0.06378958273347118,6.497768792136242,2.694911446016594,301.34161503465765,-83.1531510490906
427510000,0.7308159468959123,-0.06390786782296506,6.5076458771628225,2.6907554134802227,301.671069631413,-83.49138062229363
427520000,0.7309026426488727,-0.06424914296381655,6.5109212966916905,2.6893800495450515,301.5712646031151,-83.94044692152639
427530000,0.7307578752246756,-0.06350095073836168,6.505020475201474,2.6918588562250294,301.8415225214495,-82.98207870699574
427540000,0.7305466220385545,-0.06366210401348417,6.499490953272111,2.694185872053041,301.50072507489085,-83.04692963891748
427550000,0.7306698422727256,-0.06421633328464396,6.504304725467731,2.6921598403727565,301.319430593747,-83.76501849905817
427560000,0.7308397531643124,-0.06428407867509635,6.509240886732984,2.690085484442438,301.4773663850695,-83.9440405440203
427570000,0.7314285872855304,-0.06382491190784187,6.524681154315509,2.683617669942995,302.4363896940944,-83.75508509261194
427580000,0.7307141032943779,-0.06429052688852137,6.505729474032631,2.6915607778129496,301.32725375701676,-83.87744969439495
427590000,0.7307220118853927,-0.06335944109101949,6.503669856863011,2.6924268695037945,301.88212910843157,-82.79568332462135
427600000,0.7303636118269857,-0.06309902647319283,6.493000590491757,2.696922422309174,301.61432149704154,-82.28311293896805
427610000,0.7308573590953898,-0.0639519022720569,6.508916889625232,2.690221541093842,301.6935281338454,-83.56710057289669
427620000,0.7312453925737653,-0.06433648693050849,6.520780821409551,2.6852485296377946,301.9194219862279,-84.24510191671196
427630000,0.7311714357725598,-0.06437427308578635,6.518791514954947,2.6860810948491953,301.81070383680236,-84.24535684434278
427640000,0.7311470845069884,-0.063804354970061,6.516699747399781,2.686957103579639,302.1188654318501,-83.56508628694002
427650000,0.7310061455453035,-0.06478771817716895,6.515167598650867,2.6875991157571044,301.3726796940577,-84.62882616156293
427660000,0.731045348577574,-0.06353324858517387,6.513173689510848,2.688435081387129,302.1589777051495,-83.18801609755833
427670000,0.7298560976230271,-0.06225343993391846,6.4768103533678145,2.7037732455238555,301.506295614803,-81.00303530047614
427680000,0.731051317172065,-0.06432546049422261,6.515289963632911,2.6875478301247235,301.69949929869165,-84.11728218966405
427690000,0.7306925537850081,-0.06421756831307751,6.504944863813246,2.691890648811755,301.3451435683672,-83.7798251614538
427700000,0.7308755399167911,-0.06473436974626218,6.511362807031073,2.689194765680336,301.25252017072944,-84.4892006769216
427710000,0.7312214900275962,-0.0646715329881332,6.520940071961435,2.68518190253189,301.6924969632587,-84.62169435113528
427720000,0.7317005118249308,-0.06396746042406504,6.532709951798281,2.6802668386023543,302.67087702000214,-84.08312860357351
427730000,0.7320149978162728,-0.06544319205260866,6.545305791088665,2.675026906493443,302.1541706768006,-85.9976970201074
427740000,0.7309602585936492,-0.06505345177713533,6.514540774592057,2.68786186130665,301.16110420203086,-84.9102881187692
427750000,0.7314438184957223,-0.06447210635900086,6.526712019001502,2.682769287714834,302.0705790846358,-84.52135301252822
427760000,0.7309089836473255,-0.06454643860376694,6.511835573919434,2.6889963932468692,301.402855899357,-84.29045001550371
427770000,0.7305967636347279,-0.06503107947886831,6.504276250347868,2.6921718160168546,300.7528318450841,-84.66800767838193
427780000,0.7306920198298522,-0.06474181577469679,6.506227896816727,2.6913512699449527,301.0349058027121,-84.38902251470091
427790000,0.7310632732613742,-0.06542714377497967,6.51837765308599,2.686254369855938,301.05716207648175,-85.40546951304684
427800000,0.7307414829415617,-0.06497386598779159,6.50819438586695,2.690524993280334,300.9545977406524,-84.68767209488661
427810000,0.7309843705555791,-0.06498551508005138,6.515048966831933,2.687648838629113,301.22960855102986,-84.8457655422922
427820000,0.731130797175743,-0.06544956530898487,6.520335486954559,2.6854348659677334,301.1220141755418,-85.47198026702054
427830000,0.7308882287448062,-0.06537799230771055,6.513329647288347,2.688369675688906,300.8837237198707,-85.24366393659119
427840000,0.7311201387012441,-0.06576186656243466,6.520824599102586,2.685230213632916,300.92187664167795,-85.82746775485622
427850000,0.7315377233555029,-0.06548327355724583,6.531899345035881,2.6806047637890567,301.5742403999547,-85.75592983694177
427860000,0.7314292948442394,-0.06567449590826599,6.5293212927049025,2.681680071634802,301.33292719258003,-85.91261982935333
427870000,0.7318884518352015,-0.06533578739971845,6.541447770333024,2.6766296672611194,302.0715813117752,-85.79590899206546
427880000,0.7309685372017934,-0.0659134769364258,6.516940982643572,2.6868560475932752,300.65516927052585,-85.91151819922145
427890000,0.7311870355336879,-0.06493728202787291,6.520632956021979,2.685310396412569,301.49397721784874,-84.91057555579555
427900000,0.7257980603641747,-0.0710277033369119,6.387303506806434,2.74228998151181,291.7628572772826,-88.5282973216964
427910000,0.7347454650159478,-0.05188654503891635,6.592301281580606,2.6556574591447824,313.102823402519,-71.02668763557693
427920000,0.7323542309382928,-0.06518616172409628,6.55428472309475,2.6713042148411676,302.7061777877984,-85.90295309716795
427930000,0.7316557429672554,-0.06553992121312585,6.535378516373844,2.679154975683705,301.67727714294733,-85.89302894446838
427940000,0.7318644182187062,-0.0657962246598118,6.541935392717795,2.6764269844973514,301.7647099847672,-86.31748808492509
427950000,0.7317814171795991,-0.0661376258955009,6.5404563260083375,2.677041861640407,301.4606552013398,-86.66354540490039
427960000,0.7312110589627084,-0.0667200019139013,6.525833709964284,2.683136129984457,300.44622957400014,-86.98934196348806
427970000,0.7312091716898874,-0.06604968227442391,6.5240645508300155,2.6838753596007585,300.85116108964314,-86.2142799338656
427980000,0.7313463801626856,-0.06617646025585178,6.5282580174655145,2.6821238179657527,300.9330659170188,-86.44405425538285
427990000,0.7316096529681579,-0.0659398152410487,6.535091287388305,2.6792746055770995,301.3816385448775,-86.32963361382465
428000000,0.7314235686639726,-0.06521688930101834,6.528003872087228,2.6822299046883966,301.6017663380765,-85.37745981375292
428010000,0.7318507731279873,-0.06562409544323965,6.541111189138962,2.676769587023501,301.85325133466563,-86.10896110702245
428020000,0.730953589458586,-0.06601743104631408,6.516784358719436,2.686921658133575,300.57523217498044,-86.0226165815908
428030000,0.7316678566759398,-0.0663147192565643,6.537695854399845,2.67819020602275,301.2210890553441,-86.79961941630532
428040000,0.7313727127909733,-0.0658343107048,6.528129706716409,2.6821773770674633,301.17076172993353,-86.06379969202496
428050000,0.7317415087765945,-0.06625134529241258,6.539617728445291,2.6773906096635915,301.3450690079564,-86.77109670406483
428060000,0.7319660345590361,-0.06608094499509404,6.5455420385171355,2.674928823661318,301.70954147273324,-86.7102750432145
428070000,0.7316015018496494,-0.06559036939142579,6.533972808895841,2.679740550680635,301.58373623030946,-85.91891269989765
428080000,0.7319749950896355,-0.06591286911418395,6.5453664336816475,2.6750017288197743,301.82237675051397,-86.52036879153509
428090000,0.7321034959477932,-0.06614104071822208,6.549595426215276,2.673247107400955,301.8325930595603,-86.86404455287382
428100000,0.731819707460347,-0.06624248050796708,6.5418092310248985,2.6764794212900496,301.4411432390404,-86.80851549622191
428110000,0.7316908533634039,-0.06616021810633108,6.53795078074227,2.6780841161402194,301.3418659935663,-86.63459585857144
428120000,0.7318247386787997,-0.06653106914151163,6.542693309840447,2.67611201373686,301.27058840731763,-87.14602416930397
428130000,0.7316074674226881,-0.06665755920148446,6.53686885135675,2.6785344290805297,300.9418375690763,-87.15937842756483
428140000,0.7310726966761831,-0.06668146093611993,6.521834587909834,2.6848077176607603,300.3103003686549,-86.86065832975672
428150000,0.7309440603690199,-0.06632207813863214,6.517292228859029,2.6867089205502817,300.38016963188653,-86.36843706340338
428160000,0.7317768573966481,-0.06619220308137994,6.540466940721457,2.6770374478807843,301.4221091427815,-86.72407380620693
428170000,0.7321429126561484,-0.06669217769694921,6.552134014367373,2.672194953582261,301.5403280104162,-87.52798089384827
428180000,0.7322657237777164,-0.06686282258024748,6.55606581410695,2.6705670101100107,301.577493477619,-87.80147204643055
428190000,0.732053386082774,-0.06663225981508938,6.549437487286918,2.6733125950213483,301.47340387101826,-87.40348244170113
428200000,0.732889756221454,-0.06652550540283839,6.5729714229187755,2.6635900380705295,302.5113066491617,-87.79518337938781
428210000,0.7322563246200333,-0.06713185651363683,6.556498397935271,2.670388022845132,301.4002648348371,-88.10722465906413
428220000,0.7324797248580999,-0.06684685100599184,6.562113008676884,2.668067095348877,301.83555900583525,-87.91520261033577
428230000,0.7323833219744427,-0.06692192554093648,6.559564074203532,2.6691202514339056,301.6772901631058,-87.94265589264248
428240000,0.7320849646386887,-0.0670878337316404,6.551515002754094,2.672451434749601,301.2292763940312,-87.95031329477158
428250000,0.7324444078319349,-0.06789216000147921,6.563845311327387,2.6673518290814697,301.1442972096448,-89.10277156453192
428260000,0.7328205959681506,-0.06732717331194582,6.5730870841747135,2.663542431022898,301.9325726750279,-88.68432580149789
428270000,0.7327477694190505,-0.06730293807947672,6.570944512039615,2.6644246084008523,301.8632333052778,-88.61078297498655
428280000,0.733241403530288,-0.06731404790767831,6.58508808500562,2.6586120322714866,302.42952798816435,-88.9323097550835
428290000,0.7328692206376516,-0.06744131681101066,6.574775654765201,2.6628475978433057,301.91764934535354,-88.84707983684856
428300000,0.7325068365461419,-0.0671993552058683,6.5638037584661895,2.6673689816974697,301.6484557654966,-88.34076049445235
428310000,0.7318743246927425,-0.06761697337615434,6.546919548373722,2.6743570673049053,300.65869438784716,-88.43047043282661
428320000,0.7311127942384322,-0.0669079821016114,6.523547623131661,2.6840914314001636,300.21839812196475,-87.14585823015251
428330000,0.7320152039071957,-0.06723809753262411,6.549926026640993,2.6731100380790354,301.05578373769197,-88.08082910111231
428340000,0.7322709850789867,-0.06822408887379912,6.559786461203411,2.6690283333140377,300.7366162259605,-89.37651409861222
428350000,0.7334465901528655,-0.06819447777148983,6.59330457202335,2.6552470289192067,302.1124960348608,-90.08373893128515
428360000,0.7325566100317127,-0.06802125107517455,6.5673840105262515,2.6658919037919473,301.1928494536023,-89.3219944277632
428370000,0.7328205204247876,-0.06792136233691136,6.574650934041047,2.6628989069189246,301.56033907387484,-89.37234705108467
428380000,0.7327335183093033,-0.06758602076363615,6.57128142923125,2.6642858479241016,301.66992869538234,-88.92986113484613
428390000,0.7330203765165442,-0.06830894741377708,6.581394656889476,2.6601274511968813,301.5469413217925,-89.94619594896756
428400000,0.7328398466542815,-0.06814181540057647,6.575787750580011,2.662431303671433,301.44395347126743,-89.63922464177489
428410000,0.7329056413139069,-0.0682681455265889,6.578004266141797,2.6615200669194112,301.4402409623456,-89.82658275502577
428420000,0.7331822202572188,-0.0678317901257724,6.584759592033852,2.6587467429134164,302.03541819676906,-89.49625705971273
428430000,0.7326843578125757,-0.06810031004977699,6.571237440758049,2.664303963897758,301.2905861088881,-89.49344541091206
428440000,0.733253181358756,-0.06846792952873111,6.588487249491006,2.6572188869577746,301.7151369906088,-90.27739238400652
428450000,0.7323889245437214,-0.06796515515394687,6.562458034371394,2.667924603706257,301.034630939182,-89.15222628776381
428460000,0.7330601630631347,-0.06859389476148281,6.583294977987417,2.659347529302028,301.4123386078541,-90.30027608076641
428470000,0.7329830779134394,-0.06811118510252837,6.5798010844662596,2.660781834073937,301.6287495632936,-89.69413122480718
428480000,0.7331077651053206,-0.06861693683007479,6.584719734379203,2.6587630889486524,301.45261628286227,-90.35707606765754
428490000,0.7335121224096686,-0.06863208445684084,6.596358494436912,2.6539985041353193,301.9099687960544,-90.63194513014241
428500000,0.7329216772866991,-0.06845684411321137,6.57896603069206,2.661124869240354,301.33947083428,-90.05444972611653
428510000,0.7332204096653385,-0.06919092238816323,6.5894934675212165,2.656806771372469,301.2164800953925,-91.09014743309193
428520000,0.7325884246720645,-0.0684465944692821,6.56942104147984,2.6650522367667717,300.96198154377913,-89.83213383864772
428530000,0.732925477255886,-0.06835697618000093,6.57880815118151,2.6611897352324787,301.40701689981347,-89.94164189416352
428540000,0.7329213471575408,-0.06880978784866681,6.579901804468674,2.6607404649142414,301.1153171792198,-90.46088194765137
428550000,0.732518132220981,-0.06900415032758574,6.568908102658966,2.665263620650444,300.52869803519275,-90.42831640960536
428560000,0.7332766384261701,-0.06887491947688158,6.59025276185017,2.6564958733247295,301.4831501639502,-90.7621046847139
428570000,0.7333089873279544,-0.06894982733488748,6.591382576225339,2.6560333991209966,301.47262426863995,-90.86911671096854
428580000,0.7327833548695577,-0.0685174821404907,6.575174539478557,2.662683513344512,301.14168123792507,-90.03684580074265
428590000,0.732513126926426,-0.06948300653406457,6.570056380653821,2.6647904581148723,300.21861122882336,-90.97359348049226
428600000,0.7326235697638577,-0.06899832099064626,6.5719004906307354,2.664030923375056,300.6533653665336,-90.48850505873789
428610000,0.7325781850135846,-0.06921309988232767,6.571183492749588,2.66432618189125,300.4648901145986,-90.70599362278244
428620000,0.7335829858434819,-0.06902171136932303,6.599445545216252,2.6527376375962,301.74267449814084,-91.12736824391155
428630000,0.7336719086364112,-0.06949041422388462,6.603275824431325,2.6511748861989193,301.54382693898845,-91.72493230723362
428640000,0.7337636739955133,-0.0695877529557243,6.606183040868994,2.649989981910119,301.586675280501,-91.89627527211165
428650000,0.733365068822543,-0.06860087776987413,6.59205267537879,2.6557591797723212,301.75988408647277,-90.50215853563827
428660000,0.7333227597674092,-0.06857470163149826,6.5907686101584515,2.6562846976764916,301.7276612942488,-90.4449866353841
428670000,0.7332939707004943,-0.06860002303990483,6.590010815690759,2.6565949318075646,301.6782956399793,-90.45591975142405
428680000,0.7319144408251882,-0.07278870383981347,6.562149847371708,2.668051880660211,297.40480800168774,-94.32490791371946
428690000,0.7327857343055445,-0.06886451501084964,6.576171929260919,2.662273318051434,300.92456519867,-90.43772391790056
428700000,0.7332252876911712,-0.06959787287647028,6.590737839996931,2.656297293277147,300.9611216764047,-91.56095538298686
428710000,0.7334866054431111,-0.06888125031546223,6.596296426100588,2.6540238675434917,301.72135277001365,-90.90352318585963
428720000,0.7335536549385311,-0.06917682985833491,6.599022409181042,2.652910390709624,301.6093292143013,-91.28749256458987
428730000,0.7336707517473418,-0.06962137160942798,6.603599813067571,2.651042784158664,301.4579810180361,-91.87495125711094
428740000,0.7335444458785482,-0.06945478946782979,6.599512718615783,2.652710214898688,301.4200248426607,-91.60178297165955
428750000,0.7330275314696548,-0.06933073830512611,6.584345387992365,2.6589166221484155,300.905340729878,-91.12747273881915
428760000,0.7331177737230435,-0.0693073629213006,6.586866879928256,2.6578828107756935,301.0239558469855,-91.15835490937012
428770000,0.7335279534124632,-0.07006573111586477,6.600709020669836,2.652221935274213,301.0064900095917,-92.29308163419867
428780000,0.7337613585336272,-0.07043130316580784,6.608434682564403,2.64907300569619,301.03647807027806,-92.86389260797054
428790000,0.7334539857649705,-0.07047113092899855,6.599699025902318,2.652634160276479,300.65865248733246,-92.70936532943828
428800000,0.7331181367815847,-0.07048412533095644,6.59009302062193,2.6565612743284763,300.26651762734684,-92.50620791521828
428810000,0.7327595368013589,-0.0707239712905769,6.580485855682875,2.6605006006008636,299.70263380223906,-92.54720912111654
428820000,0.7334692555437342,-0.0707580363675006,6.600932142832501,2.652130886338865,300.48926520711444,-93.04717256741431
428830000,0.7335561161696031,-0.07152755494613036,6.6055783290804095,2.6502363584662625,300.0841083273432,-93.98099117219957
428840000,0.7344108427751316,-0.07157485003232622,6.63039588827989,2.640162774549741,301.02721768788535,-94.599948001652
428850000,0.7338105604267902,-0.07108960327264006,6.611682523550744,2.6477514554215444,300.6619851375009,-93.6491749867684
428860000,0.7348372712918573,-0.07079420270235766,6.640573686261592,2.63605382791871,302.0337817502474,-93.98738286003783
428870000,0.7338049639431502,-0.07039458254897797,6.609589684747753,2.648602881668248,301.1104045900851,-92.8502301389395
428880000,0.7338406097135168,-0.07031281250540328,6.610391166609927,2.6482767509008074,301.2045912880807,-92.77967819093585
428890000,0.7332379610331701,-0.07060835042413782,6.5938732612831945,2.6550144439199967,300.3226669894,-92.72573312195223
428900000,0.7344838369443474,-0.07090803626931624,6.630636774418858,2.640065375669336,301.5523294357529,-93.88462472233019
428910000,0.7343155446354924,-0.07092251568841892,6.625803492408323,2.642021030507494,301.3497269568548,-93.79023130288894
428920000,0.7342158166305913,-0.07027873401975579,6.621128354831628,2.6439154764793593,301.65786426162236,-92.98547865073031
428930000,0.7345084721152547,-0.07077384680612094,6.6309756337418895,2.639928374984775,301.66914680910133,-93.74678928930399
428940000,0.7343549023093279,-0.07105914524111101,6.6273251397507345,2.6414050228712664,301.30470816088337,-93.97279489854819
428950000,0.7344261651111571,-0.0707394450361349,6.6284949915821905,2.6409316291944123,301.5972732368359,-93.65303624659508
428960000,0.7337322088221946,-0.07084179579269273,6.608733397857004,2.6489514025851775,300.7349502654659,-93.31467998498745
428970000,0.7325480007761617,-0.06923828810845876,6.570390208431507,2.6646529319034267,300.41429117882615,-90.71566382143692
428980000,0.7307984108720047,-0.06808898872816649,6.517765580857653,2.68651067255937,299.1336145066558,-88.30614566493121
428990000,0.7393754063346452,-0.07112239296278615,6.775694578996268,2.582699482457025,307.1003457292025,-97.44986364836413
429000000,0.7258267490576231,-0.07404782150162938,6.396288297423545,2.738373743491478,289.9373573655992,-91.80917785898019
429010000,0.732045427218717,-0.06913989254764592,6.55581550900539,2.670670588192457,299.90160669078836,-90.28455546678256
429020000,0.7322221461606437,-0.06987175574329213,6.56281833027249,2.6677758220158028,299.63859347845806,-91.23182537944626
429030000,0.7334708191668099,-0.07065518476439392,6.600692019319217,2.652228873233626,300.5580997842835,-92.93071487889034
429040000,0.7336322243224969,-0.07092719625410211,6.6060912652757295,2.650027370891413,300.5648262443534,-93.34680280891978
429050000,0.7343362367728563,-0.07126435305036188,6.627360465458236,2.641390725423008,301.14771353347675,-94.19543834693454
429060000,0.7341156096740554,-0.07190815504516616,6.622793076758746,2.643240588804097,300.46908023958525,-94.78399589201364
429070000,0.7346390539335468,-0.07144464254392188,6.636646013138594,2.637637966989405,301.3747950739686,-94.60264219406588
429080000,0.7348635908059277,-0.07148310228448496,6.6432768895525305,2.6349646648400684,301.6064608328765,-94.79618691375182
429090000,0.734660065075472,-0.07137294400551711,6.637053566289761,2.6374735003387864,301.4465168380902,-94.53447923077897
429100000,0.7349154654437194,-0.0711473384202933,6.643837794981281,2.6347387808364453,301.88950168847043,-94.44534931124977
429110000,0.7345595204541024,-0.07131936638819474,6.63398538326046,2.638712163000646,301.3669037841254,-94.40634296071104
429120000,0.7337085632325949,-0.07183475030418476,6.610834195735159,2.6480965127711995,300.054783433415,-94.43074199448986
429130000,0.7348880261569266,-0.07260555666199132,6.647188180595243,2.633390348726662,300.88177660757094,-96.09511914471676
429140000,0.7342671900675027,-0.07208137851194367,6.627670267148854,2.641265345411457,300.5263578123678,-95.08206036847533
429150000,0.7350208067239286,-0.07147185136353293,6.647818461063385,2.6331368347058497,301.7942902380337,-94.88816428026632
429160000,0.7351438665982276,-0.07176793815359243,6.652242563314642,2.6313587372983034,301.73733660694126,-95.31009569494589
429170000,0.734753183298368,-0.07187894083038429,6.64119029857761,2.6358053052595793,301.2158251771094,-95.1755871400236
429180000,0.7342148552538831,-0.07206104064504311,6.626097621742256,2.6419019357221405,300.48034332216105,-95.02404014924124
429190000,0.7342215528308191,-0.07232951757034412,6.627055533286702,2.6415141464031437,300.3088844670496,-95.33381236883538
429200000,0.733684188349378,-0.07145043268638573,6.609050270080557,2.648822420320177,300.2806104839047,-93.97752625202747
429210000,0.7332714055005901,-0.07172196534613813,6.597937005376893,2.6533536305897676,299.6329083790234,-94.01451458810608
429220000,0.7339284553683331,-0.07175818260001267,6.616961527201174,2.645606255469173,300.3555045727138,-94.48915067882155
429230000,0.7341547784614394,-0.07271831780375738,6.626234499449183,2.641846516781566,299.97300885095524,-95.73032132409249
429240000,0.7343082730340552,-0.07238985845671686,6.62973878405337,2.6404285021127327,300.3670966107366,-95.4603473023945
429250000,0.7341554631341702,-0.07201035510662068,6.624235365688735,2.6426561573714236,300.44649433101523,-94.92682001354459
429260000,0.7361273474326836,-0.07198439842541415,6.681629561037893,2.6196089070576556,302.72126957686754,-96.22228054065513
429270000,0.7349887362116044,-0.07183293301590092,6.647909558612521,2.6331001971403785,301.516061590417,-95.28059051255846
429280000,0.7349036208886915,-0.07195599530978454,6.645783145987937,2.6339556646530635,301.33622896380643,-95.36436570060499
429290000,0.7353667732864508,-0.07220895784424095,6.660003946706285,2.6282451875161033,301.6959994947293,-95.96527963207139
429300000,0.7350080446423842,-0.07215943700128176,6.649402719920493,2.63249982468177,301.31905447176126,-95.66699918981655
429310000,0.7348848662220332,-0.07208652821649783,6.645609713043998,2.6340254623874864,301.22727490151993,-95.50097914740863
429320000,0.7351456689095764,-0.07233240131917262,6.6539074584621485,2.630690223340752,301.35985471316684,-95.9572830616924
429330000,0.7346884310736377,-0.07196751788976577,6.639561204691261,2.6364620062464605,301.08262662845556,-95.2334845966785
429340000,0.7350019816029459,-0.07256468756131264,6.650387964281969,2.6321038272525605,301.03918399857326,-96.12543090970445
429350000,0.7342137876105147,-0.0724314444920541,6.627121614421072,2.6414873991461163,300.2319523161733,-95.44440242204307
429360000,0.7340453223215869,-0.07231838183763521,6.621926086418078,2.6435920282562138,300.11616546203487,-95.20356912852772
429370000,0.7343081861586778,-0.07209031650791171,6.628882761787537,2.6407747513575015,300.5670679150175,-95.11956924023843
429380000,0.7339278433411677,-0.0734444435040032,6.6217623054275565,2.643658428385332,299.22886077053,-96.39835921545371
429390000,0.7344102791339701,-0.07291890193878414,6.634212084311921,2.6386206009287925,300.1278616673108,-96.12924448922199
429400000,0.7343191606170865,-0.07313890190673902,6.632204802763348,2.639431542682656,299.8764921016909,-96.3170038710185
429410000,0.7354002443133021,-0.07291514656013302,6.663016771779726,2.627038564671009,301.25579120530307,-96.79475111139617
429420000,0.7351609129646975,-0.07293581438243203,6.656090251316145,2.629814273603113,300.96909680245597,-96.6557360732087
429430000,0.7349429390541475,-0.072806014490788,6.649363687778194,2.6325155152704856,300.80893204693336,-96.36038405830121
429440000,0.7349597863823177,-0.07346350830798988,6.651759656897109,2.6315527052668273,300.38206607399536,-97.11845410420518
429450000,0.7351641492625747,-0.07309213942323962,6.656637472380318,2.6295947671935656,300.86663502630455,-96.83580578270053
429460000,0.7350029121519205,-0.07329726740001725,6.652532501727075,2.6312422922101053,300.5440462789568,-96.95925681388172
429470000,0.7351435724346973,-0.07331853109036106,6.656694841725617,2.6295717568058548,300.6892565270248,-97.07909071375187
429480000,0.7351689207030419,-0.0736999111972929,6.6585468995451516,2.6288291290951316,300.4578153587963,-97.52899825393428
429490000,0.7357002878452232,-0.07372532106832264,6.674158515005109,2.6225860278829405,301.04336805598746,-97.92210823020858
429500000,0.7351775343718732,-0.07380713966687553,6.659112189917984,2.62860254632791,300.3942302512792,-97.65635188571684
429510000,0.7355210037785525,-0.07370370350836776,6.668845771178835,2.624707243125929,300.8545645159579,-97.77442128519628
429520000,0.7352813051937,-0.07387096071966859,6.662329065278968,2.6273138896839794,300.4680384515978,-97.79970666938009
429530000,0.7351140349616313,-0.07385933572167147,6.6574123792065425,2.629283992506608,300.286630341352,-97.67198434030811
429540000,0.7351734878673423,-0.074377550687623,6.660672072582891,2.627977509751414,299.9982245730864,-98.29835570134593
429550000,0.7356677740746923,-0.07413975635087854,6.674426165371999,2.622479254721978,300.7210252398982,-98.37003894396084
429560000,0.7349142901450916,-0.07361382912359667,6.650872629586945,2.631909070678999,300.2281783994735,-97.2577408758799
429570000,0.73532637976263,-0.07374377944750994,6.663272877110963,2.6269360471205765,300.6062693074995,-97.68646899354263
429580000,0.7347899506525063,-0.07382220035290148,6.647861566348857,2.633119498516252,299.94556119295834,-97.4086441843168
429590000,0.7352778046317022,-0.074117373604967,6.662951160093259,2.6270648299643007,300.2949602821475,-98.07618287181309
429600000,0.7356734851717838,-0.07417092118129068,6.674685551820688,2.622375786625553,300.7059891852917,-98.40929616377673
429610000,0.7352361923897149,-0.07358225958062867,6.660166394306936,2.628180099499286,300.6144908666352,-97.44159034626499
429620000,0.735626459569066,-0.07398168740629463,6.672749734792093,2.6231481738538163,300.78315014756225,-98.16235512567094
429630000,0.7352890195401355,-0.07384933032084508,6.66249092991346,2.627249081541318,300.491603709573,-97.78049317057118
429640000,0.7356696043876088,-0.07435171702352601,6.67510661964236,2.6222078420662402,300.5766941130457,-98.6113575601008
429650000,0.7355524864236326,-0.07460721081874447,6.6724335891605016,2.6232743588969027,300.26753018774303,-98.81916874265231
429660000,0.7350451290430855,-0.07403632598726506,6.655922015451286,2.6298817653615396,300.08754567788674,-97.82494491337133
429670000,0.7346732662563277,-0.07417824599824119,6.645510486069409,2.634065397757357,299.5709213838474,-97.7306637532196
429680000,0.7353679653672266,-0.07375953329866859,6.664534224839704,2.6264312541990087,300.6426290145794,-97.7328262869749
429690000,0.7357165292820165,-0.07396592905082822,6.675342151038867,2.6221139088934677,300.89618925363703,-98.20653016259335
429700000,0.7358334473944461,-0.0738179821386456,6.67833449870107,2.6209211093739286,301.1309330952001,-98.11907182000489
429710000,0.738190040631331,-0.07312678026824869,6.746030892825832,2.594225362396027,304.3144418025231,-98.9644335686832
429720000,0.7355336603179831,-0.07400816434379931,6.670110768543231,2.624201855026655,300.6597132320447,-98.12848666045704
429730000,0.7361132411278447,-0.07468957013889285,6.6891350077763745,2.6166249274738074,300.84441144714293,-99.30175499754866
429740000,0.7352185768914788,-0.07412448617451772,6.661242305972386,2.6277490950563056,300.22310823420355,-98.04353960913281
429750000,0.7352935157914144,-0.07528148177273776,6.6668665962587,2.625498351007021,299.50829629463993,-99.3987832054481
429760000,0.7362752102816378,-0.0749663114259799,6.69472982100267,2.614405020470896,300.83449489056653,-99.72808407973235
429770000,0.73617946722851,-0.07524591802732018,6.692750623706255,2.615189891384256,300.5304806808582,-99.97700913686936
429780000,0.7363065260500729,-0.07509163675407614,6.696028474342776,2.6138902840709575,300.78215121617654,-99.89176252401455
429790000,0.735760451705668,-0.07619679924242495,6.683308592617827,2.6189407704424514,299.3915381088129,-100.75144715515826
429800000,0.7360278333073536,-0.07520315056886939,6.688161231900684,2.617011689885988,300.3893201814143,-99.8225727108855
429810000,0.7366583731364693,-0.07532802958920438,6.707121489030437,2.6095017465481813,301.01394228188053,-100.40641483594679
429820000,0.7358110595443142,-0.07548682642003027,6.682645874562078,2.619204444646903,299.94667153544873,-99.99042202485674
429830000,0.735589028315914,-0.07517103534198309,6.675185460683256,2.622176398415597,299.9173003051246,-99.48015992103011
429840000,0.7364717877768294,-0.07481560058961075,6.70007178903188,2.612288976020554,301.1626271822288,-99.6949914228349
429850000,0.7353060685825741,-0.07522417131438057,6.667062127314091,2.6254201727252506,299.5622051513248,-99.34314347338588
429860000,0.7362319795734177,-0.0756869277661625,6.695628055767301,2.614048972866989,300.27986173432595,-100.51107238152323
429870000,0.7365995163804065,-0.07611335906558557,6.707767675489507,2.6092465645447813,300.3921350669588,-101.25084822784562
429880000,0.7365696865460903,-0.07590706368415971,6.706257539340267,2.6098430028270374,300.5047674866157,-100.99744163218004
429890000,0.7360341932129061,-0.07562194590427683,6.689610013271449,2.616436307506093,300.1029439889729,-100.29884632980665
429900000,0.7348919567952337,-0.07497399612537982,6.654227811606806,2.630561629549799,299.27043015978586,-98.77557678355167
429910000,0.7358635557163605,-0.07563334673176128,6.684629219531452,2.6184154949258587,299.90305685076237,-100.19192653656876
429920000,0.735691417495595,-0.07535702175087093,6.678744802124918,2.620757640846544,299.90283820851386,-99.7608005753313
429930000,0.7363114622730581,-0.07526765624210274,6.696703444082166,2.613622832585725,300.66426999353985,-100.09414120834171
429940000,0.7358269442788918,-0.07542162795705307,6.68291594401915,2.619096986236276,300.01015829446703,-99.9281924040872
429950000,0.736202639355159,-0.07531425058732155,6.693638494076501,2.614837738600089,300.50871741602634,-100.07037717125675
429960000,0.736145000603519,-0.07487638243117876,6.6906274927177956,2.616032368703559,300.7500507306398,-99.53533189188835
429970000,0.7367723627648336,-0.07672817266060665,6.7147654019688,2.6064863474149105,300.1484942509678,-102.06471632664278
429980000,0.7380528307703582,-0.07797866925576237,6.756772454440532,2.5900397590052804,300.6796740694676,-104.39331869629213
429990000,0.7389781108700707,-0.07856858309632267,6.786436799737019,2.5785509769030863,301.2822991491098,-105.73731039554976
430000000,0.7376010308760677,-0.07753848991099381,6.741896162083989,2.5958401544594896,300.49414214251397,-103.57047741122801
430010000,0.7370875835475577,-0.07610486029598286,6.722189904660689,2.6035642160761103,300.94815165240766,-101.58843166492746
430020000,0.7365134095104042,-0.07555869766239644,6.703538191992552,2.6109177201422193,300.68748884005197,-100.56485187354082
430030000,0.7365501838248406,-0.07576234809423882,6.705241529123176,2.6102444374144285,300.5851689938169,-100.8205509330378
430040000,0.7363372734294126,-0.07586077143923352,6.6992582695919145,2.612611002122522,300.27581175579127,-100.78100018883097
430050000,0.7361650896576634,-0.07598407741920023,6.6945595399947,2.6144725284820867,299.99518530343164,-100.79811357009727
430060000,0.7359186015466385,-0.07551272660614916,6.685882405233543,2.617917240231681,300.04950791435135,-100.09486826623925
430070000,0.7359778312601639,-0.07532505810358096,6.687057818462111,2.6174500807405927,300.2476385999179,-99.92503225809696
430080000,0.7356061884408309,-0.07538714478922552,6.676336472709388,2.621717434408512,299.785981789187,-99.73518782031555
430090000,0.7357309398874229,-0.07558954795506206,6.680603926988381,2.620017206376911,299.7847235104164,-100.0498095406077
430100000,0.7365213228887662,-0.0760129820856636,6.705151841472665,2.6102798797717353,300.3753023026406,-101.08245520735552
430110000,0.7363586516764362,-0.07581976400103795,6.699764079767596,2.6124107712212408,300.32882461094664,-100.74993537115414
430120000,0.7367680565534592,-0.07658789838838186,6.71420598563935,2.6067067899084813,300.24385781855216,-101.90420145270042
430130000,0.7368697319894194,-0.07742633165005496,6.7198121442031615,2.604499334861952,299.7566955631413,-102.9162403559372
430140000,0.7369265520235068,-0.07699639879684819,6.720161033668932,2.604362082254646,300.1293018853194,-102.47592665008514
430150000,0.7367543963550279,-0.07662070154651159,6.713902663866731,2.606826331994554,300.2051039430077,-101.93127777917505
430160000,0.736913085746631,-0.07654575872690339,6.7183707994481,2.605066512304262,300.43689245886856,-101.96044107814774
430170000,0.7351750939371788,-0.0758798132250287,6.665202983639707,2.626163695387373,298.9590019511903,-99.98660732071579
430180000,0.7368262196955145,-0.07624948873138927,6.714888646853729,2.6064377868284017,300.5505193201546,-101.56520091689856
430190000,0.7363560341760388,-0.0767822437519474,6.70262858717945,2.6112774054789356,299.6434893916347,-101.82828021436933
430200000,0.7366849533156239,-0.076229573020556,6.710648250275562,2.6081096237376027,300.4057195393467,-101.44227882450905
430210000,0.7363477873099342,-0.07634025301975203,6.701029616609407,2.611909929037415,299.94834171883167,-101.32721693507284
430220000,0.736767887346407,-0.07595145157626533,6.712251533794087,2.6074772523298684,300.6966770834439,-101.18796456461436
430230000,0.7366166816352946,-0.07757384183653493,6.712779436365452,2.607269103180028,299.3681550115743,-102.89880987095061
430240000,0.7369594425510138,-0.07674547733303419,6.720360121334741,2.6042837679879765,300.34609177725895,-102.21799370396812
430250000,0.7367086400954748,-0.07711693584894108,6.714080798519406,2.6067561260418,299.798846337573,-102.45461606803221
430260000,0.7361958887358239,-0.07692368231960281,6.698341486832049,2.6129740001837094,299.3637840168498,-101.87236509280265
430270000,0.7369040953994971,-0.0774639796702113,6.720947910559545,2.6040525795288105,299.7679790117064,-102.98305348612381
430280000,0.7369804769840645,-0.07736217197872011,6.722895590466462,2.603286816163809,299.9267071357535,-102.92426123722854
430290000,0.7372730073790701,-0.07758021484245248,6.732262514474513,2.5996103804810926,300.0965088627673,-103.3794133682872
430300000,0.7375328957365306,-0.07725150271239097,6.738968958233652,2.5969845797368696,300.6257149592474,-103.1990787806251
430310000,0.7373351141313631,-0.07743955549845263,6.733669593046208,2.5990590180344455,300.267825063472,-103.26688544082933
430320000,0.7370786946223591,-0.0775437844020406,6.726376157048156,2.601919501741067,299.90554480941216,-103.19817973217407
430330000,0.7368015731281322,-0.07815283848400364,6.72006522730905,2.604399770885397,299.15622765668934,-103.67672250192275
430340000,0.7367323892058297,-0.07799872234493697,6.717531904755959,2.6053967367790056,299.19076227903474,-103.4553138924237
430350000,0.7372827405804838,-0.07755482523621861,6.732472472797868,2.599528093545793,300.1257768799864,-103.35804924510973
430360000,0.7376094011243101,-0.07719295029208788,6.741065508709699,2.5961648050337747,300.7540359615084,-103.18867740971663
430370000,0.7378248316628623,-0.07809320916351106,6.750319157244897,2.592552745423235,300.3405916399319,-104.3547383794315
430380000,0.7379962334155326,-0.07846432315056757,6.756619165890541,2.5900993943833646,300.26012936856336,-104.89514840113695
430390000,0.7369341747327545,-0.0783095207618099,6.724490100843273,2.6026602450854615,299.19001833748763,-103.94699867623206
430400000,0.7370564100353741,-0.0785727767221475,6.728950175171981,2.600909248468076,299.1343399763107,-104.32828784563077
430410000,0.7369936304403747,-0.07789314313871656,6.7249449101326215,2.602481581122534,299.5580084791385,-103.52666376613143
430420000,0.7370086740972461,-0.07784413654575409,6.7252376618858785,2.602366591732147,299.6102462575933,-103.48291014561492
430430000,0.7364849916244376,-0.07811052948578225,6.710562545291334,2.60814343642991,298.83515257715976,-103.40093582913532
430440000,0.7371551967509612,-0.07828387187660793,6.730971750443091,2.600116372480225,299.45444951195947,-104.07908778924975
430450000,0.7371444413969972,-0.0789528419199644,6.732772672930745,2.5994104481268385,298.95451644629816,-104.81403140442268
430460000,0.7369413857253893,-0.07905536977805203,6.727067236599137,2.6016481884945413,298.65481455815905,-104.77906365392757
430470000,0.737299726570786,-0.07876427789882376,6.736791499462028,2.5978365428140404,299.26466431867044,-104.71850189393791
430480000,0.7373014423516531,-0.07904951614771452,6.737751119930724,2.5974610076629685,299.0576639946737,-105.03612845627704
430490000,0.7374893951122788,-0.07874819170784933,6.742388899588985,2.5956476127635946,299.4871347991204,-104.83949744567222
430500000,0.7377313108127938,-0.07830455736002673,6.748195652635211,2.593380736548389,300.0814875265182,-104.52248800899164
430510000,0.7382276957203738,-0.07800650938944158,6.762095583349726,2.5879705636006456,300.8553338620585,-104.55269502464502
430520000,0.7374733327441263,-0.07805589923620088,6.739717553841087,2.5966918106151144,299.9750133421074,-104.05653133132665
430530000,0.7376032505837082,-0.07918435753039765,6.747176685812932,2.593778238514397,299.2931403731762,-105.4073763175501
430540000,0.7373423581528533,-0.07869942963575874,6.737854278870497,2.5974206442472987,299.35944277599276,-104.6776659189587
430550000,0.7374792036348986,-0.07904652669460238,6.7430364048869675,2.5953946378816912,299.2569328410191,-105.16327790921869
430560000,0.7373064284581949,-0.07863592879111543,6.736583240376482,2.597918056780992,299.3659460023903,-104.58084486286192
430570000,0.7373083776137647,-0.07838534351822529,6.7358472514686865,2.5982061689413376,299.5510321031244,-104.30358410238097
430580000,0.737483893557926,-0.07870877050808801,6.742099527798598,2.5957606839552527,299.509901358357,-104.79164493623009
430590000,0.7371955156196253,-0.07897058287149775,6.734347811853561,2.598793342765766,298.9981208960701,-104.87106067919979
430600000,0.7368824730995446,-0.07893106055970157,6.724923540124057,2.602489975407478,298.6804013820323,-104.59855792076698
430610000,0.7371984368829341,-0.0781015385961912,6.731682056680076,2.5998379010055928,299.63516218824174,-103.90746459170225
430620000,0.7372589982027302,-0.07934517293653626,6.737433085789368,2.59758545412254,298.793663692263,-105.33222213328052
430630000,0.7369939955931999,-0.07929613877779329,6.729397362663229,2.600733816440049,298.5368128894816,-105.08362174616394
430640000,0.738188366463991,-0.07908787506743087,6.764364834586567,2.5870894772692505,300.0145073160851,-105.73213746285111
430650000,0.7375331999123215,-0.0789531307556756,6.744347885411244,2.594882405630164,299.3854525187764,-105.09929373021993
430660000,0.7377333092991333,-0.07933344111675059,6.751537732774766,2.592077842254237,299.32742791988164,-105.66857292967047
430670000,0.7376670074256119,-0.07954896571962251,6.750250752296539,2.5925794093915666,299.0947875465286,-105.85831776215912
430680000,0.7378661194808637,-0.07924232953382583,6.7552141932025895,2.590646113872814,299.54204995254736,-105.66557155226914
430690000,0.7370178906142368,-0.07917905395221901,6.729733199302078,2.600602083120366,298.6489475621666,-104.97175604031274
430700000,0.7375544080353795,-0.07961102396594635,6.747089758150471,2.5938121549352227,298.92439657644894,-105.8437609494914
430710000,0.7365085663818595,-0.07925546099812328,6.71487727524121,2.606442267361326,298.0310979307773,-104.68410577689355
430720000,0.7374922117221,-0.0794679806122976,6.744774512010359,2.5947158196088487,298.9611797780211,-105.63968578214909
430730000,0.7376033498857949,-0.0796908488000329,6.748807518257211,2.593142104936566,298.919497021534,-105.96816258296168
430740000,0.7374753495950362,-0.07986772887427154,6.745559421756376,2.5944093900989684,298.6473603275677,-106.06879317587364
430750000,0.7371876680217235,-0.07973998455160453,6.736578079732392,2.597920076756245,298.42444445166,-105.7155865131674
430760000,0.7372111458540529,-0.07875536001756203,6.734127935024088,2.598879468024353,299.1728637765492,-104.64383919347209
430770000,0.7372026991544953,-0.07947974733735005,6.73618915251618,2.598072319448316,298.632545577385,-105.43954046300367
430780000,0.7372935906344337,-0.07924096562122476,6.738129142138162,2.5973131035541415,298.9084767883994,-105.24236801421311
430790000,0.7373313648350306,-0.07928479849153812,6.739394074005134,2.5968183125584003,298.91807346883263,-105.31862370114244
430800000,0.7375398759314417,-0.07984098120010856,6.747397827261169,2.593691960152926,298.7383421160922,-106.08701613421015
430810000,0.7372479091007682,-0.07967950683253654,6.738176256625545,2.5972946708362588,298.5354241714491,-105.69328151341153
430820000,0.7376987181595502,-0.07998435943990419,6.752604081670859,2.5916624086135496,298.80739982363446,-106.36294358546895
430830000,0.7376433846402399,-0.08080047171924809,6.753608221386888,2.591271333362806,298.13909962132107,-107.21972241768584
430840000,0.7377821430420016,-0.0807228244112905,6.757502372857096,2.589755829487315,298.3494129471658,-107.23811422047571
430850000,0.7372907547777379,-0.07961211430366856,6.739235058687589,2.596880502584036,298.63235065367064,-105.6504826341935
430860000,0.7379364207724892,-0.07948056834236548,6.758083307561029,2.5895298976619814,299.44382329703546,-105.98189096419802
430870000,0.7378629606194164,-0.07947376609604428,6.755864028972001,2.590393213240744,299.36742269599915,-105.91996040898387
430880000,0.7374057724191022,-0.07987183252263536,6.743498263800244,2.5952142238353346,298.56759544329327,-106.0218758901983
430890000,0.7376660976687753,-0.0801804213886469,6.752265419775991,2.5917943317038366,298.6258571696291,-106.55492060475459
430900000,0.7379884109902702,-0.08014904458130917,6.761803769230424,2.5880839106764517,299.0047033649841,-106.76013849161434
430910000,0.7381504162994479,-0.08047200945481853,6.767712054263871,2.5857909487966655,298.94226142297094,-107.23746268211411
430920000,0.7383793456890907,-0.08070796387716245,6.7753577521850685,2.5828297780161242,299.0176736940207,-107.66927357162295
430930000,0.7384155275698999,-0.08093595458243184,6.777195263670626,2.5821191297445982,298.88598609081447,-107.94761654760924
430940000,0.7377677557265314,-0.0803713062985444,6.755924417683967,2.5903697139157504,298.5958253191338,-106.84079651890704
430950000,0.7380068534504987,-0.08022782057587424,6.762612470059588,2.587769817884675,298.96633259692953,-106.86084230572635
430960000,0.7371946699919331,-0.08037226826648605,6.73882996633404,2.5970389455605054,297.96512000254,-106.41620537667826
430970000,0.7374305967161353,-0.07994201232541183,6.744464976462921,2.5948366826306977,298.54306916393665,-106.1175977953427
430980000,0.737744814166705,-0.08016395463973544,6.754564132782689,2.590899151711264,298.7248536655018,-106.59527384430687
430990000,0.7381118221969153,-0.0800043684321497,6.765030832406287,2.5868310037812043,299.248887038683,-106.69224119834215
431000000,0.7380086444884456,-0.08011686776374158,6.7623051015099,2.587889188268744,299.05102351007343,-106.73968474552166
431010000,0.7378836054404246,-0.08095295933390563,6.7612931671899545,2.588282263896769,298.2886210605681,-107.56669617920414
431020000,0.7380609476355494,-0.08081393561034186,6.766149550398326,2.5863969468553574,298.58761839658297,-107.54691632795685
431030000,0.737520875288878,-0.08118324891925094,6.751204325524684,2.5922077602857208,297.7188976871191,-107.54740917369723
431040000,0.7378888438699784,-0.08079598042711977,6.760934899789508,2.58842145807115,298.41192330829114,-107.39826320947498
431050000,0.7375392558898362,-0.08079988443779083,6.750496132942787,2.592483763585846,298.0253361177011,-107.14138236204366
431060000,0.7379797532462201,-0.08067364477352741,6.763256494024013,2.587519739169945,298.6034102783801,-107.33181132397576
431070000,0.7387710235758537,-0.07960389057337022,6.783536037552033,2.5796698897126715,300.27920687724946,-106.74002568960837
431080000,0.7374536491798181,-0.08028819306706783,6.746273889849782,2.594130524462738,298.31197334568117,-106.51581664032692
431090000,0.7381195986383697,-0.07985949903055836,6.764793704162875,2.586923027193083,299.365394305131,-106.53773716076593
431100000,0.7381162976454818,-0.08055095662081863,6.766947138211603,2.586087576407145,298.8455633666468,-107.29894067280435
431110000,0.7375195509947012,-0.08051329114911422,6.748972321552653,2.5930778381314896,298.2171709858579,-106.81218573402887
431120000,0.7382916773452719,-0.08145410401739268,6.775185576967239,2.5828963861020586,298.3591069789383,-108.42329600921397
431130000,0.738799995679526,-0.08131289236307833,6.790018670167263,2.5771706881346934,299.02415386415197,-108.65299764869
431140000,0.7385234987536724,-0.08201693473129947,6.784032015595344,2.5794785064696883,298.18622913813107,-109.21504262693453
431150000,0.7383414794345534,-0.08142103003863241,6.776572499223856,2.5823599366086625,298.43869028849684,-108.42466359319421
431160000,0.7378448524087918,-0.08069345935707499,6.759282401143641,2.5890636826822124,298.4402601268816,-107.25270980664162
431170000,0.7382842120790877,-0.08104245207647588,6.773600484790013,2.583509760999752,298.6613564056126,-107.96586439011352
431180000,0.7383197226967162,-0.08078819710961754,6.773830110790504,2.583420885640711,298.89168367357036,-107.71285631839639
431190000,0.7387891564250223,-0.08149804787965238,6.790307081228523,2.5770596124760834,298.87171057033584,-108.84832720872959
431200000,0.7382785074811621,-0.08130802660387047,6.774306207057105,2.5832366350754175,298.4549423829051,-108.2531795644568
431210000,0.737992348011515,-0.08107702080300797,6.764958309174555,2.5868591474941294,298.3148785396958,-107.78438125387747
431220000,0.7380778626489528,-0.08103883050319777,6.767396004735107,2.58591350166931,298.437410989114,-107.80669620252309
431230000,0.7380731969902873,-0.08132703008446851,6.768206719898747,2.585599158379632,298.2155310390596,-108.11927089280223
431240000,0.7381954112094108,-0.08150431805363652,6.772460789478934,2.583950964374443,298.21572599076563,-108.40560669137321
431250000,0.7381938778691285,-0.0819277904311444,6.773822349595669,2.583423889463798,297.8938068941384,-108.86747288998971
431260000,0.7382378183612479,-0.08225053981266854,6.7762204692510775,2.5824960774890533,297.6968899444975,-109.25282143540613
431270000,0.7373176397073106,-0.08265823038003942,6.750028792245359,2.5926659323145245,296.3894240411077,-108.99832322846646
431280000,0.737670981801177,-0.08314847442528912,6.762237619315049,2.5879153973003497,296.39955858097443,-109.79568724559357
431290000,0.7379722029458785,-0.0843699779707425,6.775427585703099,2.5828027630532002,295.7886726850464,-111.34002966465333
431300000,0.7369549166978359,-0.08330114835926283,6.741373574972752,2.5960443916101217,295.5127727035341,-109.41702607661156
431310000,0.7377131019575102,-0.08300604452052983,6.7630184531891295,2.5876121663092095,296.5533553171157,-109.67388556149484
431320000,0.7374572532638707,-0.08261834906639375,6.754064219516206,2.591093778224505,296.57056294474216,-109.06066955368301
431330000,0.7379377549159997,-0.08269431416714194,6.76870146279455,2.5854073666720687,297.03350269716697,-109.5071802096658
431340000,0.7381298756966828,-0.08224944060229289,6.772974591335717,2.583752040568763,297.5801475722311,-109.16966102313138
431350000,0.7399389494282772,-0.08516680974065394,6.83773270436607,2.55892485066798,297.2799358843936,-113.72992672755362
431360000,0.7383054494088314,-0.08280170653408059,6.780105829919896,2.58099428879287,297.35066816010834,-109.90380970653923
431370000,0.7390425332398475,-0.08262154297807611,6.801728310635171,2.5726686981724134,298.2910282468422,-110.27215475548469
431380000,0.7386146326672066,-0.08251016873933893,6.788432623838544,2.5777816940507132,297.9096747080312,-109.82284991362906
431390000,0.7379722837086402,-0.08185511306153474,6.7669314087798,2.58609367685964,297.70693426521996,-108.62053380991023
431400000,0.7382295648819339,-0.08220782166673257,6.7758295007623355,2.5826472940469336,297.72034387522336,-109.20000192648368
431410000,0.7377008650571821,-0.08339359231267829,6.763960896307616,2.5872462709060984,296.2451339587139,-110.0828088811518
431420000,0.7391035315430234,-0.08350230115242611,6.806569714176406,2.570811956276553,297.6783765694813,-111.27764463886939
431430000,0.7390852072662145,-0.08425271187392065,6.808593871663867,2.5700364653258125,297.07632100236606,-112.07536746108848
431440000,0.7385527837884683,-0.08358600626244708,6.790214927110829,2.57709510271304,297.0172795791716,-110.94319122760899
431450000,0.7384627979985114,-0.08330828401533782,6.786557211502566,2.57850455153312,297.13344166577843,-110.57352884485545
431460000,0.7381694871550792,-0.08315855862560155,6.777224119151283,2.5821079731750847,296.9306459293306,-110.18674693434119
431470000,0.7382772100681005,-0.0832491690490175,6.7807699703177775,2.5807377580486177,296.9778825959874,-110.36723401893879
431480000,0.7388091992626331,-0.08338461647241757,6.7972664000488185,2.5743822934041614,297.4500372188621,-110.92269718164385
431490000,0.7379394954714334,-0.08281353038911694,6.769154604811028,2.5852317270813745,296.9447362841753,-109.63772855929057
431500000,0.7384853924377782,-0.08274308671637166,6.785323771490669,2.5789801903566794,297.59096137979833,-109.97760059132698
431510000,0.7385160467856992,-0.08349298553884657,6.788790258742191,2.577643893877493,297.0491391048307,-110.81432874315303
431520000,0.7386973802777757,-0.0828003672697269,6.791907122792466,2.576443564121565,297.7776791149091,-110.20218469121812
431530000,0.7382754361540468,-0.08355941459273471,6.781770974108247,2.5803512075589423,296.73807070705243,-110.70122643264286
431540000,0.7384923434342909,-0.08381759429896624,6.78918412374735,2.5774921510681574,296.77358062033414,-111.14675446120896
431550000,0.7380242387204405,-0.08335465345302535,6.773525599022893,2.5835387464164636,296.6237039475449,-110.28767921135918
431560000,0.739161510381374,-0.08338427815321646,6.807922047827854,2.570293800802715,297.8326281750004,-111.19437419268604
431570000,0.7397169365521896,-0.08264283993183609,6.822251599099522,2.5648162377230914,299.0119905215411,-110.8152858080473
431580000,0.7395805945061114,-0.08320263901757016,6.8200150873972625,2.565669609453386,298.42936808934763,-111.3213620977197
431590000,0.7387734903291087,-0.08300518067512697,6.794897714402779,2.5752929210225513,297.70327076560073,-110.48332287405401
431600000,0.738495884007437,-0.08313437402764627,6.786963540629757,2.578347901695497,297.3027315305672,-110.41048082282009
431610000,0.7386638586340042,-0.08373927283364144,6.794089299821542,2.575603859925732,297.0191884609627,-111.19447294641378
431620000,0.7382314562846846,-0.08319547150533171,6.7792119439463905,2.5813396421363324,296.96947689686624,-110.27409488814062
431630000,0.7372731542254762,-0.08205040432116845,6.746676214263443,2.593973518900683,296.79903091489484,-108.30640706270663
431640000,0.7357719462930875,-0.08171496527745861,6.701065554516339,2.611895709266188,295.424144174996,-106.82560595388142
431650000,0.733200446081638,-0.08003283091494462,6.620659485357201,2.6441056214998637,293.87033088853406,-103.15203171999767
431660000,0.7335778885036498,-0.07957438803889906,6.6301267641680095,2.640271599617774,294.6027388609485,-102.92521107717508
431670000,0.7353983615707445,-0.08173241496115516,6.690128005173148,2.6162306492906193,295.00860255642516,-106.56920507636683
431680000,0.737726117243315,-0.08371336213789936,6.765802220982272,2.586531693205293,296.02822779271753,-110.44632442499258
431690000,0.739363350736202,-0.0841208703230258,6.81657251549596,2.5669842884271086,297.4794697121856,-112.14952115958073
431700000,0.7389771293387304,-0.08472443078354591,6.806954043054449,2.570664676752743,296.59251339447786,-112.49915893114411
431710000,0.7386861580666867,-0.0842176789723855,6.796404407113915,2.5747136065556404,296.67334188682287,-111.72781357200071
431720000,0.7381156919964643,-0.08408518255119957,6.778762377201662,2.581513367687045,296.16189013427623,-111.14482553806138
431730000,0.7392012058623226,-0.08404873873470114,6.811405211116945,2.5689601723574635,297.36027461898624,-111.9452759158575
431740000,0.7395208483767688,-0.08373420060176574,6.820022618539849,2.5656667348827744,297.95131095107433,-111.853193198999
431750000,0.738859007704796,-0.08318204163207257,6.79808128898973,2.5740691639778044,297.66014934194607,-110.74125422516224
431760000,0.7384667116767554,-0.08395178952497234,6.788871011374096,2.577612781164368,296.64245593016267,-111.27170345023359
431770000,0.7386775490385692,-0.08307237438678955,6.792230181775308,2.57631921587858,297.54742938007814,-110.48262429962199
431780000,0.7392770180765443,-0.08376916948129481,6.812741669552764,2.568448841086842,297.65962783480126,-111.70153881734701
431790000,0.7389395958390976,-0.08434347852251746,6.804498974666269,2.571605781593827,296.84873109485414,-112.05999851141938
431800000,0.7390150724318709,-0.08556548288494051,6.811038523469642,2.5691005035295937,295.97516518762825,-113.43004498889535
431810000,0.7388078373312712,-0.08499503310956737,6.802771817824029,2.572268271089647,296.19978328785203,-112.65752288439154
431820000,0.7390392424357942,-0.08435566560302296,6.807557433681869,2.5704334843779337,296.94664174779734,-112.15063585247403
431830000,0.7391263597827563,-0.08425215420534558,6.809838691263246,2.569559786646903,297.1211639103994,-112.10678781253452
431840000,0.7392677745157796,-0.08416098639547202,6.813811003751274,2.5680398596377647,297.34487576849153,-112.11842843668022
431850000,0.7385879071449744,-0.08451336807043204,6.7944579403634595,2.5754620610618457,296.3384707932051,-111.9696886988677
431860000,0.7386112306887207,-0.08392506586597888,6.793137496543555,2.5759700471011393,296.8189213835982,-111.35444302897304
431870000,0.7393026362331813,-0.08523077839596359,6.818588440585111,2.566214264993671,296.5457533958884,-113.29751818344458
431880000,0.7396681257207277,-0.0842185930495995,6.8261728658540965,2.5633214039089887,297.73296999597625,-112.49326103880566
431890000,0.7391817225620825,-0.08489558808391022,6.813748757617369,2.568063662924488,296.67867870501095,-112.84289810487087
431900000,0.7390670743311619,-0.08468130110480936,6.809528407452486,2.5696785869382603,296.722859366232,-112.52295117089088
431910000,0.7388732139539513,-0.0845085447828017,6.803061315816415,2.5721572036988456,296.6489115513847,-112.18609744840059
431920000,0.7391801352066468,-0.08463169416822708,6.812782951182641,2.568433049929461,296.88324332372474,-112.55782447520201
431930000,0.73873014943007,-0.08491369358252365,6.800140368495792,2.5732782833669736,296.1799280256063,-112.50979119352546
431940000,0.7386814109815861,-0.08490164991077177,6.798625846964827,2.5738599547625456,296.13707256910305,-112.45892864640636
431950000,0.7385901991820802,-0.08402519634329159,6.792846431546728,2.5760820494496324,296.7188801559276,-111.44617336409718
431960000,0.7383334732482524,-0.08524029230984577,6.7893044243447065,2.5774458069216926,295.50150391916674,-112.55031185361351
431970000,0.7380111367999843,-0.08502386883302468,6.778852047842465,2.581478714485728,295.32549608934477,-112.069304494764
431980000,0.7394080928795466,-0.08559343134484089,6.823065059900115,2.5645059923842006,296.3734473790485,-113.76904300489493
431990000,0.7393437115539506,-0.0856126883583357,6.821176280149685,2.565226469042934,296.28938262490556,-113.73892098752412
432000000,0.7396678069708446,-0.08554256406332138,6.830788397987137,2.5615641549506214,296.69179938015554,-113.91947001876846
432010000,0.7388272019725197,-0.08475131020667385,6.8025107252367985,2.5723684488876772,296.41051811407857,-112.41119098648167
432020000,0.739314396924886,-0.08564620683547143,6.820403658596533,2.565521303726431,296.2316253403851,-113.75168036548509
432030000,0.7381643303981977,-0.08496062635741314,6.78324012082373,2.5797840888436827,295.5380186440115,-112.12042476466561
432040000,0.7392738083831356,-0.08506320209622553,6.817127324277417,2.566772321552021,296.6463083953098,-113.09506269424404
432050000,0.7390622476158522,-0.08580998022749615,6.813327791321265,2.5682246545737013,295.83341070976434,-113.7281127926787
432060000,0.739307700422953,-0.08599343072916125,6.821424694347895,2.565131687946502,295.9506408323703,-114.11722753757441
432070000,0.7387410477978564,-0.08553419330647992,6.802633827574487,2.5723212151575554,295.7071171466105,-113.1818800320576
432080000,0.7392117154199754,-0.08589397053231423,6.818158462346685,2.5663784648509163,295.9267184782674,-113.9354070723021
432090000,0.7391013502174791,-0.08579815391575653,6.814471935931881,2.567787142707626,295.8844304802591,-113.74625981447777
432100000,0.7387742220154748,-0.0859056701099526,6.804940967293867,2.571436300706319,295.4513344500508,-113.60375153353726
432110000,0.7391975255958085,-0.08651537578869414,6.819927933116167,2.5657028759447504,295.4207434903429,-114.58559009667454
432120000,0.7389219856742544,-0.08578618874832565,6.808993650163032,2.5698833587561736,295.70253996891296,-113.59249617835114
432130000,0.7389343160108635,-0.08549785041749955,6.808354995541025,2.5701279585157044,295.9419370592966,-113.29444581106473
432140000,0.7390167939868731,-0.08498284540236836,6.809053794252402,2.5698603264532283,296.4333566936722,-112.8076125811753
432150000,0.739117283684701,-0.08487921288388493,6.811737938796055,2.568832851009986,296.62225225420724,-112.77490649790194
432160000,0.7391072202007264,-0.08542957641068917,6.813355215290347,2.5682141661078086,296.1803494718499,-113.35706814055276
432170000,0.7399960978625476,-0.08609866159411779,6.842769922170611,2.5570137939585758,296.6025090168687,-114.77524716432681
432180000,0.7393326854569231,-0.08619884812297865,6.822910856093685,2.564564798276356,295.8149401291913,-114.35591591183952
432190000,0.7394277571269509,-0.08547950299941436,6.823262190070872,2.5644308204035138,296.48426703900185,-113.66253986630419
432200000,0.7390121108469246,-0.08633217661655129,6.813651619164646,2.56810081012665,295.36861511928095,-114.24447461929346
432210000,0.7390575806533742,-0.08649527236719902,6.8156089699384665,2.567352498607423,295.28808676128284,-114.4535533331346
432220000,0.738016098317287,-0.0865297464687862,6.7842648778395285,2.5793886616913535,294.15883934206744,-113.67101918089283
432230000,0.7393186696543078,-0.0863827130983364,6.823137108403107,2.564478517492251,295.65451646013577,-114.54051921142316
432240000,0.7390667535729459,-0.08606581664429254,6.8143665155931465,2.5678274483328107,295.63677949003596,-114.00429840368906
432250000,0.7389456308040984,-0.08584802569186306,6.80992739703674,2.569525825349755,295.67916096704334,-113.67698454252225
432260000,0.739637490245594,-0.08510153324106479,6.828316196280771,2.5625050822898396,297.0070116680934,-113.42196987657925
432270000,0.7387431658524749,-0.08615318027959343,6.804873402081085,2.5714622069489375,295.2239051477245,-113.84252371450901
432280000,0.7388995198168751,-0.08562194022074308,6.807736434636728,2.5703649072522996,295.8074850260718,-113.3996681661463
432290000,0.7395435509781306,-0.08705113008943707,6.832365099733497,2.560964420974321,295.362138304302,-115.42875802230414
432300000,0.7393556369434121,-0.08643734482403992,6.82445497606671,2.5639760679771193,295.6505545084383,-114.62790070844518
432310000,0.7393508326367797,-0.08678830443830841,6.825559053772002,2.5635552805473716,295.367010370932,-114.99678875724818
432320000,0.7389706158331659,-0.08599144266107926,6.811189634049563,2.5690426717184947,295.5929905592325,-113.84940406843693
432330000,0.7398117932824726,-0.08582997959359481,6.836191491321955,2.559510142367159,296.61864662163873,-114.34135213742799
432340000,0.7397156280712203,-0.08606409790474279,6.834088776466304,2.5603091053122755,296.3301577381652,-114.51549081516997
432350000,0.739993880244204,-0.08534338594421273,6.840030257017231,2.558052831502785,297.19944083118776,-113.96337865547633
432360000,0.7393860733930869,-0.0863443988968274,6.825050223125727,2.5637491894140636,295.75657264859115,-114.5531392687206
432370000,0.7404580773699184,-0.08585131129127063,6.856027734580167,2.5519976618012747,297.2947794980162,-114.87821282349422
432380000,0.7401760556233545,-0.08590640898755593,6.847587908343047,2.555188599057065,296.9482163464508,-114.7125814076445
432390000,0.7399574273824766,-0.08700878528088676,6.844841047990072,2.556228868837078,295.8350109561229,-115.71445362968507
432400000,0.7402224498253737,-0.08678034335015108,6.852127428859538,2.553471294769584,296.2998669911522,-115.68367374086954
432410000,0.7403275613176471,-0.08732979971929834,6.857327385160185,2.5515070017869523,295.9703513103951,-116.35243864178864
432420000,0.7398875755812281,-0.08739941198241834,6.844113370783643,2.55650459209428,295.4479905307152,-116.07269937357754
432430000,0.7400664138448055,-0.08698932327991339,6.848103139459855,2.5549935696728716,295.9663928912917,-115.7810456138497
432440000,0.7400377498774591,-0.08633200913767827,6.844873344489366,2.556216632799387,296.4611776003626,-115.05781911160557
432450000,0.7401844430000745,-0.08695851522822029,6.851603997656666,2.5536691906240305,296.1165891148324,-115.84288882782506
432460000,0.7401406274801757,-0.08689611655089205,6.8500386208528985,2.5542612036677355,296.1199897636823,-115.74138226938116
432470000,0.7399723036941269,-0.08656928038983351,6.843720454089776,2.5566534965751315,296.202095243502,-115.25874620458902
432480000,0.740192054623501,-0.08663410824346035,6.850672547851282,2.5540214242175607,296.3845586856301,-115.50346278881959
432490000,0.7406023220264875,-0.08738769462161743,6.865969386841111,2.5482491940480854,296.2154894008383,-116.63548300584117
432500000,0.7402379191530538,-0.08706215604565365,6.853614533531132,2.552909227322975,296.09029950522665,-115.99602052450713
432510000,0.739990245858334,-0.0869626436100642,6.84567831984698,2.5559116933144037,295.9068073861338,-115.69169976840904
432520000,0.7398772072698508,-0.08795820687765812,6.845820060573309,2.555858006905145,294.98809200531423,-116.65465239876669
432530000,0.7402018270845615,-0.08705741242483925,6.8524921593471575,2.553333417829245,296.055735991202,-115.96200462877498
432540000,0.740059038653414,-0.08749690189548158,6.849707973300722,2.5543862873069108,295.55124300594247,-116.31357771597995
432550000,0.7400096924597577,-0.08790998097595178,6.84969600789112,2.5543908140407683,295.166651455196,-116.71048067152489
432560000,0.7405574587180065,-0.08758601465039735,6.865310886502731,2.5484971364580273,296.0076195980512,-116.80978874749931
432570000,0.7403497403734581,-0.08729786706531645,6.857891900463812,2.5512939382427424,296.01960896997383,-116.33638983954926
432580000,0.7409575988001689,-0.08738888308337013,6.87690428916462,2.5441390116843094,296.59239365496825,-116.92418703042489
432590000,0.7405759918493441,-0.08721850073079516,6.864547881270926,2.548784488445228,296.3240425372475,-116.43434226636933
432600000,0.740848075091876,-0.08719421102272298,6.872825362083778,2.545670625580991,296.6333381631116,-116.62819192263602
432610000,0.7407118406848743,-0.08795485839052439,6.8714003307197125,2.546206154621386,295.8724658331319,-117.32569598969717
432620000,0.740820041815909,-0.08755993082475473,6.8732901660759955,2.5454960005715757,296.3074854160905,-116.99461516846911
432630000,0.7403204397468749,-0.08816617828485504,6.860148936497942,2.550442428975056,295.2875754944417,-117.2317371105912
432640000,0.7403827022390914,-0.0878423993077348,6.860878316638212,2.5501673789853703,295.6152629908391,-116.94010453205023
432650000,0.7402490773106826,-0.08687133520186985,6.853269659266064,2.5530395541189104,296.2552908943614,-115.80193490470353
432660000,0.7399427268917596,-0.08792454117783884,6.847700715762231,2.555145895730565,295.084278606309,-116.67190269858978
432670000,0.7402293927845787,-0.08767261355646766,6.855560566634827,2.552174079211664,295.59011812544907,-116.63670959594158
432680000,0.7398666162815914,-0.08744715660360448,6.843645400357098,2.556681941836313,295.3875173034337,-116.1064215704744
432690000,0.7395209305510485,-0.08778641441987788,6.834324109189625,2.5602196615993256,294.75059338444345,-116.18752526400884
432700000,0.7403958857846749,-0.08832011601582301,6.863027009187198,2.5493574520170497,295.24239013426995,-117.45517994737054
432710000,0.7414937534831412,-0.08842173984350897,6.897247540580203,2.536527866480612,296.31939573602114,-118.45811822784957
432720000,0.7418467480966346,-0.08873270279781047,6.909345812031919,2.5320231746800714,296.43726718717556,-119.07777585893959
432730000,0.7422321231303934,-0.08791511340274706,6.918302932711604,2.5286984316148216,297.52089864030415,-118.52655802119979
432740000,0.7414145163937788,-0.08804147149952621,6.893394667592898,2.537965842912362,296.54686463504817,-117.9899794857731
432750000,0.7410005699754117,-0.08813219697638934,6.880942392211,2.542624554265105,296.03392000443415,-117.74824985308933
432760000,0.7406383303149041,-0.0882500113930903,6.870219154150075,2.546650214676749,295.5550561616969,-117.57804335635066
432770000,0.7406915150909962,-0.08862710370834627,6.873240478204904,2.5455146669551025,295.30425076389685,-118.01895203746983
432780000,0.7402230929407345,-0.0882028255072532,6.857297856155715,2.5515181478288493,295.1552759007216,-117.19159688907132
432790000,0.7400588511770861,-0.08882602612969644,6.85454911911143,2.5525561180110135,294.4778637937104,-117.71356658613358
432800000,0.7401468214732368,-0.08913211906366042,6.858372250604526,2.5511126691577246,294.3213796045565,-118.10551780461009
432810000,0.7391812314300116,-0.08911720748170844,6.828828236832993,2.562310140963504,293.32576290467966,-117.30840312736903
432820000,0.7398121622348062,-0.0894965304103531,6.849471827172601,2.5544756287049974,293.6758419856186,-118.21380933003854
432830000,0.7398228313413466,-0.08908035444056474,6.8482620924803275,2.5549334075624786,294.02469544807457,-117.7883592354273
432840000,0.7406124987210327,-0.08954631259194966,6.874211379921842,2.545149975487941,294.47020142637047,-118.91874582793871
432850000,0.7400759424087582,-0.08870891085312473,6.854642344834678,2.552520900446819,294.5907371320602,-117.60461599569331
432860000,0.7396362750812119,-0.08905419624921736,6.842465785621838,2.5571290979605523,293.8510340921399,-117.60999916593255
432870000,0.7402252454977735,-0.08843213450691334,6.858202532366435,2.55117671253653,294.97189170120305,-117.43481689158388
432880000,0.7397821783850331,-0.08850826460417642,6.844920784549571,2.556198659598951,294.44481790821084,-117.15651486033278
432890000,0.7402374384799741,-0.08815762703171927,6.8575725446709,2.551414467467124,295.2069610662288,-117.15555291859752
432900000,0.7401239802283844,-0.08895933410912726,6.857034989885036,2.5516173738667867,294.4379066984841,-117.90609556344126
432910000,0.7400612765421849,-0.08872534385305537,6.854253507874941,2.552667796534611,294.56203358483765,-117.60996784876532
432920000,0.7399802573333978,-0.08920500204836362,6.853538352949499,2.552938014548965,294.0880192641995,-118.04631505476368
432930000,0.7402780207240809,-0.0886176698050732,6.860501361180139,2.5503095218096368,294.87692832824854,-117.67271234873994
432940000,0.7400517448063676,-0.08864047910560215,6.853650191170552,2.5528957531883902,294.62079127827894,-117.51320287148685
432950000,0.7407680345921529,-0.08935724496356325,6.878297813558712,2.543616176512443,294.7878724827649,-118.84836167266744
432960000,0.7400447126321672,-0.08866666253775189,6.853530907498758,2.5529408280815042,294.59220324038085,-117.53498421681282
432970000,0.7400228282428468,-0.08849072840048418,6.852216198358189,2.553437736372558,294.7116402757156,-117.33254858475645
432980000,0.7399539005545765,-0.0885014199472069,6.850145970309244,2.554220596128628,294.63059513639314,-117.28803889720693
432990000,0.7404928643983001,-0.08847886829966478,6.8665872116540365,2.548016611202086,295.2156857696862,-117.70116889223006
433000000,0.7398139356572249,-0.08866017664028553,6.8464471306860775,2.555620522021351,294.3554340001392,-117.34146362763222
433010000,0.7402134080148585,-0.08854527692809157,6.858254282490791,2.5511571842224186,294.86774198623715,-117.54420997787108
433020000,0.7409638601910746,-0.08902428491191564,6.883099337828548,2.541816353293091,295.26622370069487,-118.65942216350453
433030000,0.7402180227596739,-0.08809770611876523,6.856758771363358,2.5517216484514096,295.23493816022193,-117.0766596168938
433040000,0.7397638242880304,-0.08919982530371517,6.846898264699161,2.5554496953985657,293.86624950869935,-117.86527872269576
433050000,0.7400458775923099,-0.08883180538555369,6.854173039080623,2.5526981984234616,294.45958039046474,-117.70910237940527
433060000,0.740506877205739,-0.08917761499916614,6.869593905368927,2.54688533837131,294.66122941446406,-118.44655492558636
433070000,0.740374687075972,-0.08983825256167562,6.867985559147546,2.547490355070355,293.98295388582306,-119.02856135275465
433080000,0.740816053113321,-0.08948864724950512,6.88026646952617,2.5428779269716237,294.73039218725717,-119.02533638056325
433090000,0.7405624889600209,-0.08931442341162935,6.8718110647951205,2.5460517768302204,294.607685124944,-118.63526047861198
433100000,0.7400966062511304,-0.08933599337970935,6.8575864954181345,2.5514092020255914,294.1030138729847,-118.27773437617415
433110000,0.7398646972884363,-0.08940848844471243,6.850753217100329,2.5539909147635225,293.8021134156291,-118.16476642799994
433120000,0.7398435998843782,-0.08949132881053437,6.850414190093702,2.5541191411644104,293.7128110725864,-118.23393996234377
433130000,0.7403357633444267,-0.09007222994395796,6.867663101946894,2.547611689659565,293.7507491388127,-119.24012686008984
433140000,0.7398073157219105,-0.09001032062613054,6.851230316800633,2.5538104886318385,293.2526486161767,-118.7438495568506
433150000,0.7400210023865089,-0.08984400543826279,6.857154243108775,2.551572357524132,293.610199948812,-118.74542542370979
433160000,0.7409573918037048,-0.08972166942460809,6.885495370796442,2.5409191734669054,294.68674970740653,-119.38526571989965
433170000,0.7408503917704348,-0.09025060276413195,6.8841759000059835,2.541413162270186,294.1393186261193,-119.84884388994253
433180000,0.7399903876676915,-0.08999094176309833,6.856763251250781,2.5517199571914873,293.45844688578177,-118.87310170764015
433190000,0.7405150380424543,-0.0897531262016405,6.871983003970711,2.5459871576704822,294.19897591247997,-119.05481493221417
433200000,0.7410309064985254,-0.09031768134812027,6.89000159791954,2.5392335711267133,294.27181797282844,-120.0677344635758
433210000,0.7410041038287422,-0.0898815781319466,6.8875358017041215,2.5401556493807984,294.6038611584393,-119.59084807583929
433220000,0.7412453303660281,-0.08978461723958928,6.894628456591299,2.537505187203157,294.9360590544099,-119.68847587617222
433230000,0.7413101269217419,-0.0900790486297581,6.897739249592875,2.5363444679983265,294.7603885823721,-120.04987840915953
433240000,0.7418259649344878,-0.09004666473541013,6.9136195177890025,2.530435744390052,295.3268054208888,-120.44405264841767
433250000,0.7418787499439758,-0.09039071852301611,6.916561945189959,2.529343970330595,295.09544105220976,-120.84795369988325
433260000,0.7413917902606089,-0.09067371674940082,6.9025145491823565,2.5345647566873986,294.3521358778587,-120.73741998409635
433270000,0.7407529052459858,-0.09167147178978521,6.886551270150251,2.540524000894603,292.86177287852144,-121.23816997853724
433280000,0.7399085466318074,-0.09621708401234443,6.878305847866964,2.543613162755002,288.19708466277444,-125.11113643424159
433290000,0.74192693205418,-0.09893410486463168,6.952102095031649,2.516231505353908,287.83767246785357,-129.51242057607772
433300000,0.7708404595972894,-0.07138119182347007,7.85498088504823,2.2236275984550176,347.78171914884575,-123.9055251574313
433310000,0.7396926924993914,-0.10414618279103101,6.9047766811098406,2.533722558106141,281.15314618182725,-132.49084870195952
433320000,0.7220613314941962,-0.10189237082137897,6.385935461748656,2.742887267992036,267.16587496712754,-116.27307246513215
433330000,0.7342515998299072,-0.09904889301344216,6.719093449372595,2.6047821143012593,280.39765489977657,-123.14475628494513
433340000,0.7484182527494422,-0.05002885880556224,7.002833214840919,2.497749781008341,332.36480097428944,-76.03601950147923
433350000,0.7418097828413808,-0.08256653791090465,6.886144257467176,2.540676311591394,301.37758595882195,-112.36688628790176
433360000,0.738879048757952,-0.08844748075385579,6.817203148280454,2.566743355432437,293.5480680853435,-116.3673806926211
433370000,0.7401308376007545,-0.08832574635421665,6.854920108874524,2.552415976273123,294.95867269493476,-117.24643257336527
433380000,0.7395107943534073,-0.08925984167384513,6.839392822221838,2.5582947051713734,293.5538399941736,-117.72296394471564
433390000,0.7401687446451801,-0.09031037388851021,6.8634255202934105,2.549207294421442,293.38216213236024,-119.35042767072261
433400000,0.7409628979793837,-0.09115300522524422,6.891060744225711,2.53883771300203,293.5091180806759,-120.87800624342543
433410000,0.7413046700338984,-0.09170385902715757,6.903741727749719,2.534107804422803,293.4029856978784,-121.73153258727073
433420000,0.7417554516636627,-0.0913879391028643,6.916527225761122,2.529356847282424,294.13333987209325,-121.78238382998198
433430000,0.7417689526172309,-0.09165070251106441,6.917955619540325,2.528827184959801,293.9268770818042,-122.06564708797734
433440000,0.7420088759572807,-0.09175369318893159,6.925823548516769,2.5259136798073847,294.08836255137925,-122.37389237543451
433450000,0.7416353079767037,-0.0910537139820568,6.911515309883846,2.531217083264125,294.2884374696956,-121.3352361237822
433460000,0.7422334093236683,-0.0916365867949907,6.932377136774402,2.5234920327739547,294.4195111796649,-122.44188956874628
433470000,0.7418399599380769,-0.09166278205112235,6.920211764056743,2.527991039538175,293.9901513678511,-122.13778036678634
433480000,0.7412469740249746,-0.09189738151812794,6.902696313866693,2.5344970643114872,293.1817069106159,-121.88263356986289
433490000,0.7415089400301694,-0.09182353415320565,6.910538685249322,2.531579890692202,293.5134141078097,-122.0259444024648
433500000,0.7412841904104202,-0.09123408282569354,6.9013107000460705,2.5350131832939997,293.77399372909133,-121.22917832873944
433510000,0.7409560654525892,-0.09142018269167065,6.891866838961821,2.5385365167188496,293.2800091249235,-121.14825696818289
433520000,0.7417912684367851,-0.09060004849239413,6.914635570706305,2.5300586353869807,294.82949413485375,-120.99346409041516
433530000,0.7408404525430866,-0.09109754865691587,6.887068237445198,2.540330569925939,293.4285542009094,-120.719069521037
433540000,0.7413074775786439,-0.08984386922594728,6.896773740149251,2.536704610659858,294.952146062159,-119.80182190786034
433550000,0.7409967527530941,-0.09117647927983014,6.8921963138585935,2.538413429558188,293.52462039613533,-120.93039669036008
433560000,0.7416511990437021,-0.09109717936537218,6.91217478588858,2.53097215297999,294.26860971060046,-121.39363206868158
433570000,0.7420842194138841,-0.09141803254743022,6.926880918283188,2.525522649548304,294.4488994389041,-122.08962409463118
433580000,0.7419890001774523,-0.09107129276760655,6.922584499737825,2.5271122850153556,294.64119473203283,-121.64953884448977
433590000,0.741946277294679,-0.09099050829836589,6.920945277837889,2.5277193133273688,294.6644696941803,-121.52971466981099
433600000,0.7424871553903905,-0.09049840915471881,6.935942465596315,2.5221765543110375,295.6417082315843,-121.46976505152001
433610000,0.7416762297685016,-0.09058957838983155,6.9110209480651,2.531400721225008,294.7183063249999,-120.8866145196529
433620000,0.7420607117515731,-0.09087496988401123,6.9240688515652815,2.52656286065363,294.880409399411,-121.50532410390986
433630000,0.7409561361987552,-0.0917780268367052,6.893236452460396,2.5380249273573527,292.9821193991064,-121.516957386311
433640000,0.7410153304084511,-0.0916524491776399,6.894586179639092,2.5375209692221548,293.14771978683285,-121.43702944960721
433650000,0.7412801090111933,-0.09132727527591164,6.901539789548161,2.534927836513056,293.6920744769934,-121.32217811295965
433660000,0.7410195925521081,-0.09200841094901771,6.896082481563787,2.5369625188585196,292.85511414390436,-121.80672101410549
433670000,0.7408830156653431,-0.09081096269002367,6.887296057073611,2.54024533725495,293.7100742623216,-120.45772611226805
433680000,0.7407780276249665,-0.09132644911188993,6.886011347513266,2.5407260526191324,293.174222305383,-120.90365204282158
433690000,0.7412950608268081,-0.09233329352163103,6.905866294802805,2.5333170927287485,292.86588818975065,-122.37082443789498
433700000,0.7409390906171002,-0.0914471736715412,6.891445171473161,2.538694063267057,293.2400499107988,-121.1619789723983
433710000,0.7412626719482758,-0.09197756811137779,6.903491054323616,2.534201131704502,293.13075631338353,-121.97827328422274
433720000,0.7409342400028431,-0.09193297109003964,6.893153364895668,2.538055956994758,292.83040769112364,-121.65798351507534
433730000,0.741000873371834,-0.09179731798238686,6.894693661789702,2.537480846439709,293.0120573128133,-121.57410454183658
433740000,0.741461031228348,-0.09188129729105633,6.909273457411553,2.5320500674321087,293.41560929350834,-122.04532199459223
433750000,0.7409858855791012,-0.09150946348872423,6.893129277387919,2.538064952787388,293.23647324907705,-121.26515030661427
433760000,0.741354824163194,-0.09222443690360685,6.907299714738998,2.5327838897070896,293.01857346414954,-122.3092396092855
433770000,0.7416035900140292,-0.092315796577013,6.915378225618343,2.529783069909532,293.19734823752606,-122.61213918330327
433780000,0.7414627998720057,-0.09216939896958382,6.9104384388525695,2.5316171372708354,293.17571920341845,-122.34332144184472
433790000,0.741388174465299,-0.09196782209265046,6.907345400826606,2.532766899129981,293.2680558992685,-122.07336392974752
433800000,0.7412475174066318,-0.09192401577092377,6.90281549581057,2.5344526808290597,293.15998315721043,-121.91049680967126
433810000,0.7412655950186775,-0.09269159039381857,6.90633923641098,2.5331411430928483,292.5347723171915,-122.71306869125884
433820000,0.7418180968677308,-0.09278233691887151,6.923864988552345,2.526638305132434,293.02385539514177,-123.27182709694894
433830000,0.7414792634761834,-0.09235829585872524,6.911679584877159,2.5311560668436384,293.03391218934627,-122.55120412223049
433840000,0.741428748853497,-0.09212946487401988,6.909227287443896,2.5320672281779033,293.17423470379066,-122.27368070357545
433850000,0.7410549167799069,-0.09207783984965957,6.897442302208939,2.5364552207552316,292.83337762604486,-121.90753517160941
433860000,0.7416993602799659,-0.09275521539255922,6.9200623703844,2.5280463888271436,292.92512970476366,-123.14369141231201
433870000,0.7417971606257429,-0.09254424531598404,6.9222866095033755,2.5272225763800145,293.20357625901227,-123.00994067923367
433880000,0.7416758962449133,-0.09340442185474473,6.921868018180083,2.5273775726959085,292.35187776743544,-123.7870518040029
433890000,0.7414849806483339,-0.09246052574321564,6.9122528740225855,2.530943154101715,292.9537969988584,-122.6609133027231
433900000,0.7411630070431153,-0.09251435404214309,6.902472726289273,2.534580332786147,292.57864929003136,-122.44556732652359
433910000,0.7417125365635037,-0.0924727280472628,6.919374732425268,2.52830118525754,293.1770438076321,-122.86510937023911
433920000,0.7422940190006985,-0.09266205948057714,6.938248594646722,2.5213264107350546,293.61425176509715,-123.5516696662067
433930000,0.7426176077016529,-0.09227311172133565,6.946860800249355,2.5181566574159886,294.27810737454854,-123.42574012661281
433940000,0.741990596613722,-0.09262186155237485,6.928616835153722,2.5248809473131786,293.3365700653157,-123.25315217619003
433950000,0.741377139844772,-0.09225069847634126,6.908093469801754,2.532488726220263,293.01945109382973,-122.35493774751417
433960000,0.7411944501222331,-0.09308398928060425,6.905657914376313,2.5333946248265384,292.1319972418633,-123.05381850912615
433970000,0.7413257479381931,-0.09346871156113237,6.911233766962188,2.531321663229571,291.94112665214186,-123.55615714818443
433980000,0.742617862695311,-0.09310149443867165,6.950109710936337,2.516962968014595,293.5726527657134,-124.27873882669789
433990000,0.7425823806795468,-0.09333508994000177,6.94991659795195,2.5170338882233203,293.33670312401665,-124.48783478916125
434000000,0.7426157766519164,-0.09361209789424706,6.9520574662908325,2.516247885186691,293.13383870121623,-124.79971803044933
434010000,0.7420632149643583,-0.09335664946984035,6.93375676625879,2.522982835106396,292.78748971851627,-124.06718768661113
434020000,0.7427283944755741,-0.0928936909804944,6.952760613837418,2.5159898379031382,293.8636310849848,-124.15968649290602
434030000,0.7424479166510458,-0.09301031801951162,6.9444265084429375,2.519051793353416,293.4760760719198,-124.04022771681046
434040000,0.7421769698499742,-0.09222741774788622,6.932899927059227,2.523299055459484,293.8621029771098,-123.0049689528614
434050000,0.7429346937142729,-0.09332269218539904,6.960929426996678,2.51299587632814,293.70835007936995,-124.77680873962939
434060000,0.7424195543813858,-0.0935149697669837,6.9455235052765225,2.518648327197069,293.0164632855698,-124.53264500218594
434070000,0.7426148665051563,-0.09364379893505156,6.95215429431513,2.516212347220402,293.10575596139415,-124.8313217956364
434080000,0.742583852279829,-0.0941781486280917,6.9533013240208525,2.5157914395619034,292.61580024047277,-125.34925273008196
434090000,0.7420453472460916,-0.09325756800261548,6.932809896827036,2.5233322861551994,292.8534829203533,-123.95078614411219
434100000,0.7424259455489574,-0.09334543901855519,6.945055524713918,2.518820430570592,293.167767020496,-124.36480039814735
434110000,0.7426692183132583,-0.0937894502387189,6.954436523908273,2.515375012498838,293.03639311502127,-125.02660782065519
434120000,0.7427072969640925,-0.09397081797228428,6.956351721890854,2.514672772150876,292.9195424787648,-125.24424332746744
434130000,0.7424162362826257,-0.09374041679359364,6.94631007621479,2.5183591131649092,292.82034900705406,-124.75989145226882
434140000,0.7435535223393677,-0.09306731738309025,6.979422675666947,2.506244329848841,294.56422485688137,-125.04624109538561
434150000,0.7422535951951558,-0.09346914988533893,6.940148860726734,2.5206263202144665,292.88607654587634,-124.34419834693252
434160000,0.7411717506382363,-0.09267029291377803,6.903347327815077,2.534254645103689,292.45670446791985,-122.61243968378626
434170000,0.7418823663567043,-0.09266453798558025,6.925408713946474,2.526067124791445,293.18937388950087,-123.20539408392008
434180000,0.7420096016670807,-0.0928251095621392,6.930001982486627,2.5243691467035436,293.1839341524965,-123.47779798596736
434190000,0.742247264107647,-0.09313844492241674,6.938650920151441,2.5211781544611545,293.1613249144685,-124.00067083438475
434200000,0.7426461310568441,-0.09303217474925247,6.9507237630975105,2.516737485800075,293.66085918593416,-124.23173289586684
434210000,0.7421329743314444,-0.09366899358290877,6.937165482788074,2.5217256229158242,292.5926412621741,-124.44517802437062
434220000,0.7433138077192121,-0.0928072014838269,6.970832205775874,2.509376004169661,294.5407017828432,-124.57178956771152
434230000,0.7444364533945155,-0.09262009754147704,7.005637775393193,2.4967360293753824,295.8646172923603,-125.34657237017925
434240000,0.7450066109899527,-0.09301078713649016,7.025365131628013,2.4896286162985843,296.1168304073397,-126.24875869274118
434250000,0.7449334778087586,-0.09126422984424536,7.016134722142384,2.4929490889097567,297.5584673610027,-124.35836571984831
434260000,0.7435939679288488,-0.09366374613322799,6.9830674944859865,2.504917980180774,294.0908812428309,-125.69455050317966
434270000,0.7429007430507033,-0.09375731243304639,6.961582549146807,2.512756809479822,293.30040381484355,-125.19259526762052
434280000,0.7431089204362875,-0.09370599253518094,6.967929999400182,2.5104357914729953,293.55742631801513,-125.31921964996651
434290000,0.7421735862230732,-0.0940688214207945,6.940015999620041,2.520675255788321,292.2925733266123,-124.88657962633779
434300000,0.7430184912324245,-0.09409419836624601,6.966627261168062,2.5109118004499456,293.1305654973237,-125.63781592794932
434310000,0.7422755888151514,-0.09396304385876578,6.942787795081115,2.519654740784479,292.4866985735992,-124.86629625485355
434320000,0.7428236236843261,-0.09417827301573321,6.960832070675519,2.5130315162633083,292.85961470049375,-125.55556953527324
434330000,0.742803215138674,-0.09423593621110299,6.960420429110425,2.5131822201310423,292.7891984681348,-125.59667516106495
434340000,0.7428720646087273,-0.09409049506745346,6.962005361221871,2.512602069053767,292.98451824383585,-125.50788413140224
434350000,0.7423879233190138,-0.09446892953160513,6.948316120734154,2.5176218139809863,292.1672012647573,-125.47614087337809
434360000,0.7418772074024287,-0.09421810345659598,6.931349610105009,2.523871409813785,291.86444767433176,-124.78487302486782
434370000,0.7425365166675014,-0.09423958823167389,6.9520608872425225,2.516246629606659,292.5149209835297,-125.37104174500145
434380000,0.7423778815417057,-0.09401338533001105,6.946189875524573,2.5184033053909562,292.547654723348,-125.00504556875273
434390000,0.7423398654849693,-0.0944739690488693,6.946830594511098,2.518167760721939,292.11418245838416,-125.43998995260621
434400000,0.7427626923596824,-0.09467333309450265,6.9608950030434595,2.5130084780382362,292.3710432326416,-126.00585861829317
434410000,0.7436092614170252,-0.09417429067653678,6.985590314985291,2.5040007532553736,293.6642471499908,-126.23052176185548
434420000,0.7424039508171623,-0.09455613230490562,6.949166299672018,2.5173094713874473,292.1085343101842,-125.57824522343773
434430000,0.7426491909028095,-0.09444367827519425,6.956410607700714,2.5146511869103354,292.4538544561626,-125.67515046025589
434440000,0.7426062663007273,-0.09425072288895758,6.954293608438817,2.5154274307546336,292.5762276924493,-125.44228113303411
434450000,0.7421810357975129,-0.09542056750771323,6.945648588769045,2.518602330812376,291.14001451264346,-126.25825988044969
434460000,0.7424532607015913,-0.09406051581102287,6.948738597762041,2.517466592699188,292.58394059633304,-125.11756991699956
434470000,0.7432544385358787,-0.09476356283893145,6.976745384796987,2.5072194974294613,292.79170986677735,-126.52278603524985
434480000,0.7428503451503332,-0.09466136739520863,6.963603237778329,2.5120174527330486,292.470222000606,-126.06938759326913
434490000,0.7429839689956456,-0.09387323279450713,6.964660939462294,2.5116306212672583,293.2857062002227,-125.38260312880763
434500000,0.7429789856743426,-0.09409179477229727,6.965374156317091,2.51136984537552,293.09236344686593,-125.60131059354524
434510000,0.7427643066971414,-0.09384007600517845,6.957623062462639,2.514206831220787,293.08997315627926,-125.15988253501872
434520000,0.7430689579376408,-0.0943492900532881,6.969235210445829,2.5099590611691465,292.9618173107737,-125.9412008721134
434530000,0.7434127755208677,-0.09380657612550337,6.977911809521943,2.5067945488226484,293.7816809470091,-125.68428724295997
434540000,0.7458478875338166,-0.09517778106478343,7.061141843589673,2.4768423101925525,295.0710716974188,-129.22614962792056
434550000,0.7477647127567669,-0.0968873572011557,7.130590337040564,2.4523956635563833,295.4814104984906,-132.7045917768366
434560000,0.7560694526893127,-0.09991208971376543,7.426105041781646,2.3535809708820454,301.0573082851666,-143.79039307195387
434570000,0.7467835129155418,-0.09713632426502129,7.099606336649959,2.463242091032897,294.25904553244254,-132.06114129074234
434580000,0.7445855791273598,-0.09619282461363542,7.02482658697998,2.4898221033150563,292.88607970825245,-129.13593686348534
434590000,0.7418800315428395,-0.09535093365860217,6.935956016828167,2.5221715570271868,290.897709288,-125.92948564568069
434600000,0.7425190840889712,-0.09523397296806757,6.955494710514116,2.514986961326189,291.6409911221617,-126.36209871396585
434610000,0.7422378302886556,-0.09466090499373658,6.9443812861924465,2.519068428508265,291.8504692865649,-125.54159841003076
434620000,0.7428775916763433,-0.09481326649290715,6.96506987058722,2.5114810957268894,292.36659475148065,-126.24685416597623
434630000,0.7425530209350936,-0.09531621572987922,6.9568913738393405,2.5144749707591307,291.60413695533816,-126.47425007867439
434640000,0.7428876214973132,-0.09426526142005556,6.963191417695364,2.512168099457571,292.8498082325237,-125.69922533121851
434650000,0.7426340736962617,-0.0951018536552495,6.958573747086703,2.5138585229414794,291.8710359777081,-126.32818065492405
434660000,0.7432702510390139,-0.09500559735602389,6.978219753987002,2.5066823835534793,292.59764258393795,-126.78193243354455
434670000,0.7443283155436353,-0.09534340304686913,7.013138080785951,2.4940289947486622,293.3753225991948,-128.0492669672664
434680000,0.7425017009281156,-0.09521324838880642,6.954865715833099,2.515217607548395,291.6413678371295,-126.32621082552204
434690000,0.7431417541482173,-0.0952345873082385,6.975089724484184,2.507822932148964,292.26871711944926,-126.90198017703524
434700000,0.7430543906584115,-0.09453152761510815,6.9695059528282615,2.5098601949364268,292.78950896543165,-126.11391187407297
434710000,0.7426631382825031,-0.09548167324557554,6.961018361286252,2.512963320396852,291.5718637787901,-126.73603334376556
434720000,0.7437674508012381,-0.09558039444129938,6.996281604481627,2.5001211945221034,292.59933755347254,-127.79711211977047
434730000,0.7432195975298754,-0.09569929037591449,6.979430284186968,2.506241559635079,291.94288846644025,-127.43843167367918
434740000,0.7434070633436275,-0.09607951361590004,6.986905027414826,2.5035230286394743,291.7993971639394,-127.98450441252065
434750000,0.7430068131811236,-0.09584305815557746,6.973301462885724,2.5084750244000684,291.6036673920477,-127.39769705680679
434760000,0.7433285968900584,-0.09469027958867851,6.978791529719488,2.5064741475488796,292.93059311527884,-126.51270592730617
434770000,0.7428960263455203,-0.09510386919110994,6.966819106699068,2.5108416903845123,292.1338072179898,-126.55677150771719
434780000,0.7432950875249309,-0.0944744730039784,6.976866821408064,2.507175249216145,293.08363443910696,-126.26422006268417
434790000,0.744070450126343,-0.09478872925831297,7.0026831592371,2.4978040442804375,293.5995268308418,-127.25909352058564
434800000,0.7434898472095287,-0.09526698349829957,6.986216107568018,2.503773337273261,292.5924880761184,-127.23766507148319
434810000,0.7436054889773607,-0.09538448138999572,6.990352585008228,2.5022711673120672,292.6069411687877,-127.45742985547784
434820000,0.7430151328170936,-0.09626588530469357,6.975287416452677,2.5077508644339823,291.2435570785419,-127.82897875191942
434830000,0.7429454721544575,-0.09644343543534123,6.973816897183393,2.508287035492378,291.01896830320686,-127.94577526967038
434840000,0.7435514601894554,-0.09629999619475813,6.992378603835248,2.501536076544359,291.75120224804573,-128.33233326403058
434850000,0.7440117420855882,-0.09619946618266585,7.0065711008715805,2.49639884821928,292.30202152397936,-128.635867957912
434860000,0.7438817373233703,-0.09635689238067087,7.0030877092396375,2.497657755891665,292.0327274888446,-128.67965903283167
434870000,0.7433694411986256,-0.09667231637533863,6.988146128647456,2.503072220374568,291.2423481828409,-128.5454405674558
434880000,0.7438301768526312,-0.0966217867644033,7.002541508384591,2.4978552703954113,291.747734705564,-128.89994748110144
434890000,0.7432310516384741,-0.09632219690244014,6.982333618416966,2.5051849240340496,291.4105759438631,-128.07396272207424
434900000,0.7443471241305323,-0.09592130996656846,7.0161024625607995,2.4929607093480946,292.8853381708957,-128.65104956799019
434910000,0.7447377509260127,-0.09622587418076042,7.029825432206368,2.4880272933710295,293.0103525378516,-129.3041612919375
434920000,0.7442548005718466,-0.09639726738093939,7.015120126874992,2.493314615255043,292.37203383230764,-129.0492590394086
434930000,0.7443711101923127,-0.09594208911185145,7.016952213070747,2.492654651467947,292.89123231114775,-128.69320518043966
434940000,0.7439006321798103,-0.09649839922440481,7.004270519933752,2.4972301414068414,291.9270731205543,-128.83833134170783
434950000,0.7435576634032764,-0.09609100786120374,6.991718735682054,2.5017754456076142,291.9406511319033,-128.1279145715
434960000,0.7439426113415805,-0.096413401015524,7.005254135230642,2.496874653104098,292.04409167248286,-128.79001206796613
434970000,0.7431825399676382,-0.0965857127266264,6.9818814605177275,2.5053494227964683,291.1314938528142,-128.2951262858879
434980000,0.7434005491477487,-0.0956701395427439,6.985029291948964,2.5042046670436697,292.15060383376,-127.56689815465641
434990000,0.7435457426824491,-0.09622550583748864,6.991892067933937,2.501712564369911,291.81078937450496,-128.25256422842813
435000000,0.7434261095416587,-0.09616428336512713,6.987854312971992,2.5031782026023084,291.74433377598467,-128.0862947237271
435010000,0.7436989591075266,-0.096925193135263,6.999629557589504,2.498908806988057,291.34914854395475,-129.0877790974745
435020000,0.7430646812853451,-0.09692584646859417,6.979558076970459,2.506195032016727,290.71612753361046,-128.53117754267336
435030000,0.744037949546802,-0.09784883682158982,7.014247573360928,2.4936290548123305,290.86929974710506,-130.3070686822096
435040000,0.7439780968233136,-0.09725165511519811,7.009851015455876,2.4952146451818824,291.33932954900126,-129.6600577632737
435050000,0.7440519389043647,-0.09800564717955074,7.0153502601031725,2.4932316961227023,290.74380266669596,-130.4749751172862
435060000,0.7444335441688154,-0.09745454996886128,7.025211451460888,2.4896838270493706,291.6133951937936,-130.26662510801856
435070000,0.7444593888509465,-0.09818746448921933,7.02911331014218,2.488282818023728,290.98550086294705,-131.01832075446725
435080000,0.7445727595937202,-0.09780270843448788,7.0311184586238,2.4875634628382257,291.44171915872573,-130.73752373918742
435090000,0.7439711033364044,-0.0970694099181187,7.0088716139765275,2.4955681365862805,291.4935875225734,-129.47203016381619
435100000,0.7441974228019641,-0.09658774953090456,7.014079231957391,2.4936897287009225,292.14602965734304,-129.18992207788685
435110000,0.7439283484251067,-0.09653660727203417,7.005308622206328,2.49685496395069,291.92120209065604,-128.90108140124858
435120000,0.7441638045601826,-0.09610289789255942,7.011010694814588,2.4947962171693545,292.54023314191653,-128.6726023780124
435130000,0.7435742023558226,-0.09661139424412168,6.994378885877666,2.500810750230489,291.50059172264815,-128.66430992758094
435140000,0.7433670212632083,-0.0968947681999347,6.988985970935948,2.5027672551151032,291.0446643675985,-128.76538261910252
435150000,0.7435056258162531,-0.09737185981895363,6.995349341070804,2.5004590040718107,290.762830917555,-129.36233283558897
435160000,0.7434359502751018,-0.09682245529744335,6.9908694921525205,2.5020835790220164,291.1769615618396,-128.75377959133075
435170000,0.7434153259940346,-0.09696299262037501,6.990796433992554,2.5021100904895963,291.0328844853863,-128.87585429554116
435180000,0.7433595841230388,-0.09758120559276225,6.991592712793411,2.5018211660174883,290.4333324868178,-129.4414010923037
435190000,0.74355774066371,-0.09741596263905052,6.997184473508149,2.499794123742803,290.77572440552757,-129.4521243218763
435200000,0.7432296687838146,-0.09737855536901227,6.9866409850572335,2.503618958490803,290.4828555489626,-129.12601095396374
435210000,0.7437413208024576,-0.09710771569019064,7.001729606829929,2.4981489244308395,291.2304576212439,-129.3072701665403
435220000,0.7437309683215542,-0.09716397650354905,7.001634231657801,2.498183424930055,291.17048387717153,-129.35422068765743
435230000,0.7434847953514601,-0.09718259207512926,6.993904611130805,2.5009826896477536,290.9088807393308,-129.15573069858513
435240000,0.7443401972013143,-0.09699504387620887,7.0203174236288435,2.491443333545719,291.9284393222328,-129.72459343050895
435250000,0.7441021235398078,-0.09798779480523928,7.016873944067012,2.4926828387496576,290.8094133504996,-130.50191476785358
435260000,0.7437056386937883,-0.0971208180383291,7.000651357714141,2.4985390203386753,291.1833202496012,-129.28884972262313
435270000,0.743733367893983,-0.09732330574973366,7.00237175085391,2.49791666369739,291.0321850037835,-129.5150263569709
435280000,0.7430973448854031,-0.09708264284729604,6.981235754088382,2.50558437382204,290.6112222770972,-128.7158267296146
435290000,0.7429226992706068,-0.0962045396944312,6.972122789944492,2.508905015981871,291.20450636456246,-127.68697346414618
435300000,0.7436643244298922,-0.09739636516590044,7.00048385110115,2.4985996329685327,290.89897004577534,-129.52672505461246
435310000,0.7437429690583144,-0.09729577789734674,7.002562228647587,2.4978477770604446,291.0660591441373,-129.4961055970511
435320000,0.7439255351267845,-0.09721485140815458,7.0080265273934,2.4958732313181593,291.3194888291675,-129.57685337998512
435330000,0.7443249011719225,-0.09720833700614624,7.020717026871138,2.4912995738558577,291.72383683004387,-129.92429081232171
435340000,0.7442221922619212,-0.09710255662999147,7.0170023913160255,2.492636580943977,291.7150695919109,-129.72746615432865
435350000,0.7442142567456503,-0.09693470054464005,7.016052315395346,2.4929787734084985,291.8558841936295,-129.55255966233025
435360000,0.7439565611094241,-0.0967106051576817,7.006923517095069,2.4962715551638928,291.79601239369543,-129.10035633915797
435370000,0.744209616495134,-0.09648809437828251,7.014055871393741,2.493698148589011,292.246355781079,-129.1006261640786
435380000,0.7442813268004497,-0.09743525016268295,7.020273584255185,2.4914591060431155,291.4787912315331,-130.11201345836452
435390000,0.7445481172493559,-0.09743756758193094,7.028800361482483,2.4883951274221707,291.7428196527245,-130.35170744095058
435400000,0.7439141214595724,-0.09764588128159692,7.009458659675385,2.4953562444562736,290.926469118448,-129.99570971672523
435410000,0.7440127465447065,-0.09829785123669132,7.01532971271754,2.493239099310175,290.4450641716715,-130.72923679013277
435420000,0.7440902303417193,-0.09794585036059796,7.016319119652728,2.492882667950326,290.834927530874,-130.4497552171667
435430000,0.7440053658760778,-0.09822102652838743,7.014771591730402,2.493440206268226,290.5061367562349,-130.64673174056784
435440000,0.7442089897171115,-0.09843430865171462,7.0221594850822235,2.4907807797117965,290.51732559823307,-131.03895829694505
435450000,0.7449283344314487,-0.09775308193327938,7.042295177470398,2.4835614294591575,291.8402172104435,-131.00606328256347
435460000,0.7451256314338403,-0.09791391197697363,7.049304583633565,2.4810581885516862,291.89260905116595,-131.34330853486384
435470000,0.7449317277844697,-0.09814954565801526,7.044075871785276,2.4829250155415616,291.48814045337565,-131.4036651519631
435480000,0.7449364281683031,-0.09822492551612858,7.044545364012987,2.482757275361961,291.42514444181825,-131.48274816860163
435490000,0.7558019824497055,-0.10670284426600936,7.449402934379485,2.3461302067094816,293.8528785642136,-150.24724819602477
435500000,0.743801950896015,-0.09875511920677288,7.010548447210485,2.4949629854259485,289.8302185319731,-130.99230793739352
435510000,0.7443549658122008,-0.09847154309714824,7.026976077514817,2.489050020265987,290.62828979439786,-131.20612111697247
435520000,0.7447798779320723,-0.09945643344002025,7.0447656551478,2.482678577611852,290.1624525378929,-132.55751170992963
435530000,0.744151082694757,-0.09968384454612299,7.02561918606579,2.489537350745954,289.342255919415,-132.21451567310757
435540000,0.7443269258961039,-0.09967499040053159,7.031198167640031,2.4875348755581688,289.5220305066631,-132.36378234247914
435550000,0.7447017958400524,-0.0985807274475979,7.038531114061034,2.4849077741345265,290.8733152950109,-131.624660266719
435560000,0.7452932443257841,-0.09860399076284253,7.057618874647711,2.478095518537194,291.43784709780834,-132.17998176844307
435570000,0.7451601736701936,-0.09892107954425002,7.054689906383802,2.4791383983708575,291.0199403240852,-132.37358198210578
435580000,0.744724700416643,-0.09826433793576161,7.0379254640630755,2.485124542627796,291.17971667707417,-131.33193470383517
435590000,0.7442624930181138,-0.09922015350140592,7.0271978561334025,2.4889703862623853,289.8671674849491,-131.86048822448706
435600000,0.7445073994924847,-0.09865106954013195,7.032607491982221,2.4870295369521616,290.61818622121916,-131.51984953299927
435610000,0.7444846607098142,-0.09920376882917507,7.034229316065094,2.4864482585012118,290.09998693103273,-132.04373786731617
435620000,0.7436828100344823,-0.09984792510513979,7.011399763412622,2.494655867604657,288.7387234847734,-131.9550932080226
435630000,0.7442329333655056,-0.09936881990695523,7.026887294366738,2.489081901051033,289.7049054596135,-131.9797580521378
435640000,0.7441844693152929,-0.09900859451447025,7.023807726932023,2.490188239729753,289.9800025910719,-131.58287196040152
435650000,0.744650221037545,-0.09860684183463143,7.036990237080024,2.485459344989548,290.79890592450965,-131.60420169721252
435660000,0.744666762494084,-0.09896596594768209,7.0390456484883615,2.484723646770903,290.49278200305906,-131.97340619771657
435670000,0.7446603803651883,-0.09881097113430548,7.0381820054054645,2.485032719139565,290.625730653915,-131.81487184551682
435680000,0.745585142959778,-0.0985994388808384,7.067004386068165,2.4747596831764174,291.7314497433192,-132.43931421544193
435690000,0.7448041895899541,-0.0989289683793666,7.043292452295293,2.483204966465959,290.66150572916047,-132.06051962293836
435700000,0.7449014742457924,-0.0992516257388222,7.04779073293423,2.48159839370985,290.4666453618745,-132.46594805713696
435710000,0.7450121574165294,-0.09958742328315964,7.052785129571272,2.4798170819612384,290.2720924854226,-132.89582970881963
435720000,0.744993992440194,-0.10041922536344308,7.055790579881773,2.4787463921681137,289.5006389852539,-133.6925020062421
435730000,0.7442792518773025,-0.10039094260235706,7.032750212732962,2.4869783733853024,288.8311393934014,-133.0184496817332
435740000,0.7443097313896824,-0.09952503615230669,7.030007308350278,2.4879620407847725,289.63993243376166,-132.2016545172229
435750000,0.7449238343388658,-0.09915934465622682,7.048114004490534,2.4814830170299835,290.5718797984485,-132.39529581927948
435760000,0.7450328284692808,-0.09967289584733481,7.053816913792876,2.479449404521181,290.2150428788414,-132.99837124511419
435770000,0.745400789113244,-0.0998157230413896,7.0662788983280835,2.475017216406967,290.4463872186799,-133.47214305458456
435780000,0.7454024933220754,-0.10005659644071305,7.067375281494688,2.4746280437683583,290.2290258548201,-133.70970824328327
435790000,0.7449008876529253,-0.0994702188064747,7.048707946335092,2.481271065386035,290.26879471331654,-132.68024005155715
435800000,0.7450784749159188,-0.09961446436152242,7.055033230669175,2.4790161096145273,290.3127014955576,-132.98236570537276
435810000,0.7447773701067955,-0.09965170663678224,7.045522483787013,2.4824082431698447,289.98381247663383,-132.74672060370605
435820000,0.7444695498963437,-0.10004993667837468,7.037369469794788,2.4853235723388307,289.32372742393187,-132.8582070295844
435830000,0.745204518152183,-0.10028324666361496,7.061976386264322,2.4765456293759787,289.82940688178826,-133.75117952142892
435840000,0.7455149089537357,-0.0998002557465305,7.069893502373335,2.473734641344503,290.5724256011173,-133.56073251862384
435850000,0.7458724797966985,-0.0997935211237909,7.081421044598235,2.4696532317647706,290.92980540229956,-133.8799737624886
435860000,0.7452364997272302,-0.10015060597299767,7.0624319627994,2.476383701619546,289.9811988677677,-133.65071154061428
435870000,0.7452821754953531,-0.10111541204891861,7.068103278348014,2.4743697017552964,289.1467146666746,-134.63117418361986
435880000,0.7450278819307364,-0.10012768480765111,7.055618541783776,2.4788076555159364,289.79820655113076,-133.43893434855607
435890000,0.7447942097827225,-0.09989567209382481,7.0471113966969625,2.481840886247189,289.77993618730125,-133.0006856840094
435900000,0.7452265008440154,-0.09964059875581231,7.05990840702019,2.4772809292875246,290.434313845661,-133.14210065403103
435910000,0.7452782400686511,-0.10037558671684611,7.064752097840827,2.4755593755061542,289.8173473046443,-133.90833049150916
435920000,0.7455288915688613,-0.0999566164408062,7.0710209788070735,2.473334851062274,290.44383097550383,-133.7268251875662
435930000,0.7453296502692489,-0.10059141873898464,7.067347623694081,2.4746378596781886,289.670879470559,-134.16550339050502
435940000,0.7454595486779227,-0.1001291306241231,7.069530114053121,2.4738635224257854,290.2188351221841,-133.83262269631055
435950000,0.7453514216890236,-0.09964813266522332,7.06396465162865,2.475839087136686,290.55014228228276,-133.2628125489238
435960000,0.7455490943408593,-0.0991667274027562,7.068268681068877,2.474311013368929,291.1816612542027,-132.96816023810288
435970000,0.7456487505700643,-0.09916464809583653,7.071476377828556,2.4731734086471,291.28195616229044,-133.05657102193538
435980000,0.745457151317387,-0.0992830613755457,7.065802558321847,2.475186336663476,290.9854215298455,-132.99951937021922
435990000,0.7454939203048303,-0.0999656908412724,7.069931469079423,2.4737211766666176,290.40129515115376,-133.7038811560256
436000000,0.7454286673923077,-0.10047935731012766,7.070054305272742,2.473677614515446,289.869527821778,-134.14657249508744
436010000,0.7453638102116903,-0.09987798982063668,7.065355587465037,2.475345050828433,290.35354176620723,-133.49959252926087
436020000,0.7449397378866748,-0.09978605397954148,7.0513122169507705,2.4803421462569957,290.0214401890458,-133.02502515985992
436030000,0.7458104383143189,-0.09899777891917601,7.075983971580161,2.471576576043108,291.5934386191356,-133.03847527175333
436040000,0.745122587838217,-0.09999217566776693,7.0580796130778145,2.4779315497659153,290.0136720775978,-133.3923886760316
436050000,0.7454011905067467,-0.1005137489624191,7.069317297669588,2.4739390072043017,289.81138098552367,-134.155049314388
436060000,0.7458518351781953,-0.10037165851801963,7.083264048010474,2.469001959892783,290.38114186398496,-134.42796158335406
436070000,0.7459796062723315,-0.10030250754987141,7.087101661405961,2.467646951210171,290.5694722425623,-134.47728176300572
436080000,0.7459122840629084,-0.10032063747712716,7.084999384373362,2.4683890509075,290.4869745565917,-134.43337948943838
436090000,0.7453928099718313,-0.10031367482049343,7.0681774263863995,2.4743433921152116,289.98553097970375,-133.95221868870846
436100000,0.7455638526377426,-0.1006864531790378,7.0753219227739566,2.4718109793344403,289.81221708036816,-134.47180064401036
436110000,0.7448515872031363,-0.10072928848737815,7.052558813756419,2.4798977445321793,289.08071624781394,-133.86467473197897
436120000,0.7450612119894776,-0.10068950689545286,7.0591265298977675,2.4775590515330923,289.32044514788777,-134.01651654543915
436130000,0.745134625333429,-0.10046568365293229,7.060517082949208,2.4770644601158045,289.59540306314517,-133.86551381789943
436140000,0.7461184006721099,-0.10043879542435963,7.092197239096361,2.465850084788771,290.580353658709,-134.73792727492585
436150000,0.7458251425438079,-0.1002377518353739,7.081816968177285,2.4695132929833923,290.477514394085,-134.2725277193927
436160000,0.7460947269132612,-0.10038620685209905,7.091199506718085,2.4662017102331766,290.60544024289374,-134.66474234071038
436170000,0.7458734718923532,-0.10017871702472435,7.083124736219584,2.469051177155915,290.57882728203623,-134.25890723398635
436180000,0.7459005691081133,-0.1000592110342462,7.083482729212534,2.4689247063079542,290.7146641082049,-134.1665361421859
436190000,0.7455930095161558,-0.10085417189097673,7.07699682874836,2.471218053049819,289.68723433796623,-134.6616877780617
436200000,0.7453651316286583,-0.10111840051818957,7.070792725999671,2.47341577640104,289.224377862146,-134.70985621723557
436210000,0.7458235416883573,-0.102092141812647,7.089913245140185,2.466655169464379,288.77331273187355,-136.07118973763124
436220000,0.7458573831755771,-0.10097904632229847,7.086099011551822,2.468000828615789,289.82992550341726,-135.02537361854652
436230000,0.7463017069513929,-0.10055248952552917,7.098647308506895,2.4635793548826874,290.6552132789362,-135.01758073904077
436240000,0.7463495590335572,-0.10168538467232399,7.105195793662734,2.4612782808411273,289.65674779627284,-136.16426971157452
436250000,0.7463460538052822,-0.10074816370172453,7.1009468612820665,2.4627708211038306,290.51844008969846,-135.24965040077595
436260000,0.7463757858704076,-0.10118352600096277,7.103829719161566,2.461757948873825,290.1459580093431,-135.70142545133677
436270000,0.7467721817982506,-0.1017297915360719,7.119171623151044,2.456381753778451,290.0250716118616,-136.59905099586578
436280000,0.7472015266034414,-0.10110882863180884,7.130456439929752,2.45244232943549,291.0201770695123,-136.39382461468537
436290000,0.7471080589426592,-0.10137993221474105,7.128598752712471,2.4530899559020702,290.6767650232524,-136.571324498488
436300000,0.7468459074228465,-0.10145964903884386,7.1203794217270175,2.4559595138454977,290.3475423596115,-136.4052299036607
436310000,0.7464097181087287,-0.10174421580819669,7.107415290202964,2.460499352894883,289.66054840542694,-136.27689468522064
436320000,0.7468789978820465,-0.10171306198774818,7.122587139580656,2.4551880850231322,290.14421746598384,-136.68209902143792
436330000,0.7463105083270831,-0.10236661391266098,7.106956040266876,2.460660485031304,288.98811591244817,-136.78558521978593
436340000,0.7472487292884663,-0.10218588928371546,7.1368057787601025,2.4502314209231884,290.0615187912634,-137.48492188004045
436350000,0.7471395041282071,-0.10240237004360217,7.134196299084243,2.4511395841188457,289.75357403873846,-137.59195991607777
436360000,0.7469205785393944,-0.10192344230988773,7.124884298724084,2.4543859210154535,289.98877424513745,-136.9247093176945
436370000,0.7468138894774012,-0.10191155709907977,7.121343665575876,2.455622524228482,289.89652940980704,-136.81392116347857
436380000,0.7463448657671382,-0.1020129066453583,7.10649787088542,2.460821259216766,289.3490481852635,-136.47657035372401
436390000,0.7464092984223698,-0.10194946518887986,7.10831369502489,2.4601842005784564,289.47004652806396,-136.47499484749721
436400000,0.746880177982951,-0.10200620924366051,7.123932690396643,2.4547181569751904,289.87260749003605,-136.96721196920709
436410000,0.7470793769443118,-0.10155829473113853,7.128452846228845,2.4531408363688016,290.4828365770587,-136.71821558170612
436420000,0.7474209244608374,-0.10257720683827243,7.144218322310698,2.4476553644970656,289.86133712333555,-138.0242072705933
436430000,0.7469193025019643,-0.10253620650811533,7.127586122397289,2.453443123854929,289.4162734642071,-137.5152568022735
436440000,0.7459897597908559,-0.10238275472322385,7.0965989822394455,2.464300006399788,288.6648293168746,-136.50409575922222
436450000,0.74658497667385,-0.10256630424589647,7.116796001776168,2.4572126849186064,289.0665552825846,-137.2326037038587
436460000,0.7458798826369534,-0.10256485759035226,7.093844288482918,2.4652698448513206,288.39104739592636,-136.57726096682626
436470000,0.746108727167029,-0.10272133341941578,7.101976960433606,2.4624088065458625,288.4655084055061,-136.93904462311656
436480000,0.7465780864505898,-0.10246081096970909,7.1160984706523704,2.457456770817765,289.158077110481,-137.12473061605087
436490000,0.746900700577281,-0.10279457621453121,7.128139536995649,2.4532501006538694,289.1570851274927,-137.74636640778797
436500000,0.7465176706046527,-0.10267665748224307,7.115094908678673,2.4578080312315693,288.89920611907297,-137.27598997017444
436510000,0.7469458413940726,-0.10203987936871704,7.126230610992463,2.4539160362908583,289.90477776213544,-137.0609466004107
436520000,0.7463286967760838,-0.10216663578611311,7.106656065447621,2.460765745474119,289.19102142018596,-136.60987706113005
436530000,0.7464792933597362,-0.10213581152686446,7.1114242740250635,2.459093665036803,289.3648298499657,-136.71980786005608
436540000,0.746578551511357,-0.10258940900092646,7.116689919657552,2.457249802909716,289.0388771707132,-137.24883290152886
436550000,0.7467444237279066,-0.10242230402297955,7.121357048369665,2.4556178477859136,289.35406142433715,-137.24248588032492
436560000,0.7468837262419517,-0.10284686006613418,7.127819610354689,2.453361682822178,289.0919322656916,-137.78071235601746
436570000,0.7467879712109242,-0.10284605566671641,7.1246839078705815,2.454455876147985,289.00077660030496,-137.69050746928505
436580000,0.7470235209749083,-0.10222247452376106,7.129589866710494,2.4527443911411546,289.80961640938455,-137.309919049399
436590000,0.7473266236963448,-0.10297080953775521,7.14289858613339,2.4481136089490185,289.40115522384156,-138.3145791721576
436600000,0.7470632281859098,-0.10318274831251506,7.135215532888131,2.450784785011519,288.94969750998615,-138.27076655537414
436610000,0.7474125250872201,-0.10270957065352096,7.144539607356367,2.447543832662151,289.7290296621489,-138.14391543834677
436620000,0.7468001972097834,-0.10302811548209567,7.1259043383381115,2.454029894088467,288.8424634163053,-137.87649147585267
436630000,0.7461748440703786,-0.10383714773884979,7.10915412172345,2.459889460029766,287.4914315089354,-138.0641233365616
436640000,0.746683115295569,-0.10306414522738283,7.122239407676845,2.4553095584032696,288.6966910018463,-137.80165104342802
436650000,0.7462064227113852,-0.10203822978899571,7.102105966327637,2.4623634767002684,289.1920190447928,-136.37284895719304
436660000,0.7470319263214588,-0.10249681965529449,7.131096044811767,2.452219430190082,289.56155181409446,-137.5824966054344
436670000,0.745137132926457,-0.10081117420814516,7.0621003474989665,2.476501567127579,289.2834683676957,-134.20379841246051
436680000,0.747142671932346,-0.10296428807121182,7.136832058279573,2.4502222784485825,289.23062543913625,-138.1357625947354
436690000,0.7476290825311374,-0.10349232571205486,7.155215858960855,2.4438434572946295,289.2002828137334,-139.09933245343612
436700000,0.7472532773093598,-0.10319744208970799,7.141516687782067,2.4485936227661504,289.11797575807316,-138.46315114324025
436710000,0.7468847020510013,-0.10337136525129051,7.130221505399594,2.452524213240224,288.6022245809763,-138.28391454677015
436720000,0.7468935842778316,-0.10336677682759286,7.130491512546302,2.4524301057391558,288.61500706143426,-138.28784926500555
436730000,0.7466535543557408,-0.10323719409075016,7.122054647446184,2.4553741057204825,288.5068484524712,-137.93955990133227
436740000,0.7477084887244467,-0.10367834001795813,7.158681786584917,2.442644591587742,289.10055998129394,-139.3522238630599
436750000,0.7472576677600106,-0.1025322900894065,7.138655606631875,2.449588045470476,289.7459905052608,-137.82785869887803
436760000,0.7468836194422813,-0.10335544837501177,7.1301139489735865,2.4525617026672264,288.61609532611465,-138.267694419112
436770000,0.7470160392995079,-0.10335033963336318,7.134428187776161,2.4510588537092413,288.74743695498415,-138.38688651363495
436780000,0.7464524346599511,-0.10360720797068348,7.1171613727037775,2.4570848507598693,287.96959363517027,-138.10460348362705
436790000,0.7473696729176584,-0.10330286393998359,7.145818443497572,2.4470999951205687,289.1304080408197,-138.6735425012268
436800000,0.74731980759349,-0.1040731785790717,7.147692345849329,2.4464499243205586,288.35732058248436,-139.36162353345537
436810000,0.747240551718714,-0.1038099449896338,7.143884794720677,2.44777115706952,288.52991871108236,-139.03643356442862
436820000,0.7473404831059604,-0.10298898522038494,7.143436063849005,2.4479269627876072,289.3974015029977,-138.3450518584201
436830000,0.7471165454956219,-0.10268999791837018,7.134737763161076,2.4509510855695864,289.46239800973376,-137.8476619330625
436840000,0.7468687265266204,-0.10253025458037028,7.125904790192836,2.4540297363995442,289.3731307768517,-137.4623254520434
436850000,0.7465750431245598,-0.10353990363998801,7.120859250471693,2.4557918088336677,288.14917912637077,-138.15503356243653
436860000,0.746395605274306,-0.10360170956161728,7.1152824860675405,2.457742368899451,287.920656307722,-138.04633680552206
436870000,0.7475812575125889,-0.10341685051630613,7.1532969244076705,2.444507727121211,289.22569325413116,-138.981964908182
436880000,0.7475389371616343,-0.10369126845766127,7.153155116700621,2.4445568305464573,288.92637563565245,-139.20445952459136
436890000,0.7478659015523895,-0.1031883107900889,7.1616378718212585,2.441623015711279,289.71440465942817,-139.03139552998974
436900000,0.7477714539505341,-0.10369628713628325,7.160840150354467,2.4418986107719816,289.14377107903334,-139.42890452770712
436910000,0.7472174371088112,-0.1032527508765729,7.140590986586324,2.4489152787223216,289.03170403217337,-138.4824794689752
436920000,0.7473121251172846,-0.10325355241645814,7.1437037335080555,2.447834021685888,289.12164621738657,-138.57219975242137
436930000,0.7471596882736533,-0.10084787234430127,7.127931680684785,2.4533225944162345,291.22182651038446,-136.09971830066678
436940000,0.7477880920391217,-0.1032498122241927,7.159351387078295,2.442413112970773,289.5816007439438,-139.01697503133576
436950000,0.7480784556363147,-0.10293017590006132,7.16748164078035,2.4396060311373784,290.1629148352295,-138.98386002318787
436960000,0.7479356728525804,-0.10373727037563875,7.1664480658039285,2.439962526702322,289.2619567727548,-139.62352283716965
436970000,0.7469504371958234,-0.10405528268735705,7.135485632318087,2.450690779717221,288.02325886985557,-138.9969038746111
436980000,0.7471869465041548,-0.10446309312695663,7.145114058908552,2.447344441361275,287.86350963478964,-139.60619035741158
436990000,0.7473670952578658,-0.1041448824635242,7.149575742536474,2.445796910078422,288.3346154461362,-139.47438396809468
437000000,0.7476543938730957,-0.10439895080028526,7.160204268023468,2.4421183388629246,288.36718758302214,-139.98729722738202
437010000,0.7480423801762858,-0.10447299504840113,7.173360055788648,2.4375804697498147,288.665237775989,-140.42588485314147
437020000,0.7468311639053714,-0.10417256354817432,7.132113553122197,2.4518649174467453,287.7999410080523,-138.99611960169483
437030000,0.7471497789676335,-0.10395186657334912,7.141552061536251,2.4485813330370956,288.3099323989322,-139.08609140061156
437040000,0.7471971710313857,-0.10417459996633006,7.1441268434933285,2.4476871225939916,288.14521012415827,-139.34235680403785
437050000,0.7479738382936739,-0.10478068662654169,7.172516478714355,2.437870938168436,288.3075036434152,-140.65243180576726
437060000,0.7484553934792193,-0.10424126635801416,7.185973515954674,2.4332455783369706,289.2789977252753,-140.59881013047584
437070000,0.7483262441662892,-0.10428222209676846,7.181879139432572,2.434650998240225,289.11686710848585,-140.51469266399602
437080000,0.7483683878048005,-0.10428331006136757,7.1832815198540025,2.4341694385775425,289.15597748580484,-140.55590094889172
437090000,0.7476209513087594,-0.10416391382336503,7.158021039870585,2.4428730527807065,288.557938887173,-139.73235953354927
437100000,0.7486367883929663,-0.10494112221373693,7.195248059047967,2.430068066142528,288.7822277612872,-141.43751163921107
437110000,0.7481357848229283,-0.10485730710258084,7.178231422516368,2.4359044766576914,288.38782365179316,-140.87922700525093
437120000,0.7479800821123885,-0.10555912055179006,7.1763443093283685,2.4365534623665193,287.5714328448078,-141.3925687825852
437130000,0.748446265481427,-0.10594526165684466,7.193616507016072,2.430626439716847,287.63934228997306,-142.20138108072902
437140000,0.7484522693214626,-0.10489331615111591,7.188893794356606,2.432244172245608,288.6531532833883,-141.21555450771402
437150000,0.7479435966837256,-0.10554563215290885,7.1750738969906545,2.436990558281145,287.5500238484638,-141.34507269633508
437160000,0.7478792890916881,-0.10536454874838219,7.172102287641075,2.4380135818540007,287.6622346842369,-141.11347242636234
437170000,0.7476374719591483,-0.10516096426975047,7.1631686119104785,2.441094354307731,287.62827285223693,-140.69170654418295
437180000,0.7474977523235121,-0.10544497123769096,7.159880072117101,2.442230379544262,287.22709077264284,-140.82607665596097
437190000,0.7481761932319793,-0.1044275694733923,7.177579097443474,2.436128774479477,288.8356179699053,-140.51006729561323
437200000,0.748236514095721,-0.1049499234992773,7.181999149096015,2.434609780939208,288.394787306272,-141.06297786903914
437210000,0.7479114968619871,-0.10521938370807983,7.172491514329629,2.437879535202511,287.8308873113349,-141.00745300943603
437220000,0.7479753981831854,-0.10457007582402082,7.171593388984189,2.4381888649865786,288.5093336437783,-140.45433037524583
437230000,0.7480028055564535,-0.10467340787039343,7.172977765551574,2.437712094898697,288.43702955947293,-140.5783795004085
437240000,0.7490630568999797,-0.1020894773021019,7.196315291235749,2.42970296202269,291.9150232636248,-139.10237996645395
437250000,0.7502942852746289,-0.09928462740647735,7.22486195591351,2.41997785475745,295.8030695252478,-137.49356498144272
437260000,0.7519589937364644,-0.09648821823789004,7.2687065441438925,2.405192787132978,300.17067518153726,-136.21676930115134
437270000,0.7509133973220711,-0.09764347512432603,7.238427339270567,2.415383891902202,297.9913756327912,-136.41475239844868
437280000,0.7490691815178968,-0.10104037628506803,7.191786955719215,2.4312528827646234,292.9167510903404,-138.07964192765021
437290000,0.7476537611027638,-0.10384037805277492,7.157619070547574,2.443012059597488,288.8951522170106,-139.45522184223253
437300000,0.7476001499067773,-0.104649300759957,7.159569800186321,2.4423376178522527,288.0785560043289,-140.1731596699509
437310000,0.7478841055381219,-0.10559054868546307,7.173315612857905,2.4375957710205123,287.45129181816344,-141.33050648691244
437320000,0.7474322893171238,-0.10558266559602857,7.158363114888306,2.442754770822952,287.0348991172618,-140.89308150862414
437330000,0.748221636389018,-0.10579461083300225,7.185450341683902,2.4334250701040205,287.5730911164346,-141.8446497552781
437340000,0.748436824692611,-0.106584227776338,7.196318703109717,2.4297017949849287,287.01624280164765,-142.78964297220557
437350000,0.7485230111534628,-0.10487643809561732,7.191164843834508,2.431465969520202,288.73633993221887,-141.26724257588674
437360000,0.7487348024820385,-0.10512440674943649,7.199364714808747,2.4286603510829208,288.699258151452,-141.70509458278795
437370000,0.7489840633870717,-0.10610099512691991,7.212266115169154,2.4242592542701447,287.9938486371609,-142.8653661240619
437380000,0.7488589975336757,-0.10545815769879494,7.205064970094087,2.4267138227339795,288.49586480503916,-142.1398733796424
437390000,0.7483705491222646,-0.10556514401785261,7.189316851968391,2.432099168411317,287.93283211730613,-141.77167245879295
437400000,0.7473448760784994,-0.1100407501905304,7.176707160398642,2.4364286494165017,282.68793678572405,-144.89803165288367
437410000,0.7477211007396781,-0.10666339807466117,7.172960200276574,2.437718143087092,286.27446489885006,-142.17668309563223
437420000,0.7466062756718975,-0.10661672448884318,7.1360473204255115,2.4504953132627874,285.28551711776737,-141.07312127966466
437430000,0.7463995731686778,-0.10650670992023278,7.128766573076846,2.4530314362603667,285.1982108259531,-140.77601939513536
437440000,0.7460337211373399,-0.10604739425449763,7.114684929260382,2.4579515587188667,285.29149777787694,-140.00594808990346
437450000,0.7474650962615653,-0.10616207306240659,7.1621501343677085,2.441446073384643,286.5146014114227,-141.46594063927367
437460000,0.7479610314223244,-0.10615309615986213,7.178496524277355,2.435813334985728,286.9859866287885,-141.9308531732355
437470000,0.7482967146553544,-0.1062097765916023,7.189893923182356,2.431901404165937,287.2453692256496,-142.30547397489752
437480000,0.7485156688908962,-0.1059598189016587,7.195992399505993,2.4298134128390885,287.69044854454336,-142.2817024615193
437490000,0.7483768530163463,-0.10565543120590591,7.189949267334391,2.4318824392401246,287.8522321513149,-141.86263743909035
437500000,0.7482230684561808,-0.10608197102886288,7.18684764741313,2.432945738873685,287.2990891774009,-142.115292242139
437510000,0.7481010933094374,-0.10615164512650344,7.183130080633955,2.434221431651147,287.1182506915438,-142.06356582974834
437520000,0.7487493552283226,-0.10706560879270649,7.20901516462298,2.4253667479165437,286.84257529021744,-143.5389565806822
437530000,0.747947310072718,-0.10616145070482767,7.178081466242685,2.4359560344873223,286.96517831738635,-141.92553222703245
437540000,0.7482827917351126,-0.10651525931846173,7.190873496706229,2.4315657751302147,286.9390128432476,-142.57724600909327
437550000,0.748384698528277,-0.10620112891356483,7.192775641628112,2.430914313822907,287.3359407247724,-142.38187232073543
437560000,0.7485327130893638,-0.10664004306468572,7.1997732248559405,2.428520748155221,287.051844626044,-142.93399220044958
437570000,0.7482512569241048,-0.1061866570551805,7.188275893317524,2.4324559903252703,287.2250578374616,-142.2402397306293
437580000,0.7488097817994197,-0.10594257023600566,7.205703665693367,2.4264959160175605,287.98307595786906,-142.54852764471644
437590000,0.7486389718822672,-0.10636385087640815,7.202002615877684,2.427759167677015,287.4171216109674,-142.77863467906445
437600000,0.749180041965721,-0.10705151923434669,7.2233384608474145,2.4204948902896515,287.25651158026704,-143.94317828332225
437610000,0.7487470983023679,-0.1070759711234321,7.208989310991805,2.425375559493959,286.8304591766757,-143.5463959882856
437620000,0.7491461100614805,-0.10666273804416547,7.220347549234948,2.4215105767728953,287.60203729274093,-143.54793412116354
437630000,0.7483562423268398,-0.10617413333205042,7.1917029625001225,2.4312816500609538,287.3352530077376,-142.3292930515025
437640000,0.7490669552116271,-0.10688519293411065,7.218760794100402,2.4220497728247774,287.3126050375187,-143.67865698576665
437650000,0.7489192235454913,-0.10676407568820682,7.213247413313723,2.4239251577355576,287.2922590862685,-143.42275337298523
437660000,0.7492547396605521,-0.10676761479898884,7.224482912283862,2.420106471762566,287.6017091658952,-143.7511887200122
437670000,0.750010041138072,-0.10623430849664128,7.24730011374618,2.4123885807670034,288.8283552740028,-143.9865672423607
437680000,0.749228026583098,-0.10682392174656194,7.223857264309918,2.420318796604892,287.5221403871115,-143.7777843399734
437690000,0.7490120297126817,-0.10707107469001673,7.217812099627374,2.422372264624954,287.0813147283179,-143.79836047348746
437700000,0.7487266113617437,-0.10689121465851914,7.207425728927517,2.425908587999121,286.99000617044993,-143.35489835415473
437710000,0.7488020916197511,-0.10715002884537465,7.211177508296599,2.4246299940184377,286.8098633560402,-143.66834026092553
437720000,0.749396315067696,-0.10666021740005974,7.228713367736635,2.4186717742439616,287.8382106709925,-143.7883764795763
437730000,0.7490866819161249,-0.10735373907893107,7.22166152965385,2.4210642552877872,286.87635291689315,-144.13318658841723
437740000,0.7490327152843018,-0.10717950870476532,7.21902209555669,2.4219609632250534,286.99538106210133,-143.919154318969
437750000,0.7494192077977293,-0.10724811776276998,7.232294354318515,2.417458671928399,287.2877065822098,-144.35851749668004
437760000,0.7492067519548375,-0.10706325070683997,7.224288709249468,2.4201723740266283,287.2699656724946,-143.98002805952382
437770000,0.7489369498789207,-0.1073936189732039,7.2168462048379585,2.422700692177951,286.6988978642362,-144.02483013128
437780000,0.7490955285027208,-0.10682377127743659,7.2194232609762485,2.4218246302414643,287.39876367501984,-143.6491272755218
437790000,0.7494749250916937,-0.10769917365087264,7.2363348328645705,2.4160913808683966,286.8996625080904,-144.83107237333152
437800000,0.7490488081406989,-0.10740726904756685,7.22065128252405,2.421407392563842,286.7892728425546,-144.1460220711597
437810000,0.74907332114911,-0.10749405440555354,7.221887747246661,2.4209874323634937,286.72768928535766,-144.25020375535956
437820000,0.7492057889476222,-0.10784393086243654,7.228006481008324,2.418911385463572,286.5098268241426,-144.7024727814556
437830000,0.7490229092728291,-0.10847571900695988,7.22493678086807,2.419952466795641,285.72619400178377,-145.10543642966434
437840000,0.7490525772444567,-0.10853228931647133,7.226204442577893,2.4195224331059477,285.69825008104596,-145.18618761158177
437850000,0.7491272244743512,-0.10879169204684405,7.229965691310291,2.4182473952507726,285.5134978612814,-145.49638182303363
437860000,0.7489804692684415,-0.10812315439052694,7.221810649582368,2.421013613984756,286.030461378577,-144.74042457839755
437870000,0.7492523838899664,-0.10789299144756109,7.229804673626211,2.4183019514440947,286.5050335594929,-144.79314009495315
437880000,0.7483909823656882,-0.10817963534457196,7.202410033775486,2.4276200419306035,285.4342730541384,-144.22041659018748
437890000,0.7489487922772966,-0.10772822634828363,7.218848199897942,2.422020065127572,286.38511601994577,-144.3457382559854
437900000,0.749310551161917,-0.10798960262587862,7.232221588932813,2.4174833098883695,286.4644979629158,-144.9389577468779
437910000,0.7491802874802967,-0.10831426315519445,7.229425553151161,2.4184304152555343,286.0279818316512,-145.11069678689316
437920000,0.7498571239635157,-0.10879719906942753,7.25452809171799,2.409954047917866,286.1760894414782,-146.21650436293686
437930000,0.749184209421901,-0.10852499594023149,7.230579172707818,2.4180395574907996,285.82599088124744,-145.30789394483196
437940000,0.7495585421796815,-0.1082934471271092,7.2420206211802585,2.4141699541243327,286.3960493035988,-145.46109137076004
437950000,0.7497240344683126,-0.10836281245859096,7.247925043400404,2.412177896020549,286.4803546840411,-145.6870119077034
437960000,0.7492332421039692,-0.10791594540604477,7.229273900672131,2.4184818060798543,286.4650071060169,-144.7956644753994
437970000,0.7495713614921631,-0.10814198340936178,7.241716462765753,2.414272662021446,286.55605343311043,-145.33417329402096
437980000,0.7496601077029773,-0.10833583550832238,7.245642368937085,2.412947641631388,286.44798393614667,-145.59954112933272
437990000,0.7491467509174151,-0.108420518758559,7.228816783478717,2.4186367237340636,285.89356866589344,-145.17553627711044
438000000,0.7494747047546009,-0.10783591176347816,7.2369875945533435,2.4158706334645514,286.765988379121,-144.95728813419424
438010000,0.7500726319560884,-0.10797383111243643,7.257783670836619,2.4088591159534243,287.18361834783326,-145.67034953519996
438020000,0.7499136347470569,-0.10786358343444094,7.251886689753301,2.410843153267387,287.1447500201179,-145.41232920274427
438030000,0.7494785977382187,-0.10790215528184781,7.237438475416831,2.4157181807259356,286.70489986749186,-145.02227778406333
438040000,0.749866358934469,-0.10819036370643462,7.25187992313517,2.4108454317831103,286.7805687133731,-145.66778008406303
438050000,0.7498877617156794,-0.10819473904724324,7.252622489788576,2.4105954140072963,286.7960094651617,-145.69281617804145
438060000,0.7495273323957228,-0.1085437468293026,7.242188539165894,2.4141132555215035,286.122348784981,-145.6605204837308
438070000,0.7495613132308802,-0.10875504819957131,7.244361003192243,2.4133799504623052,285.94648634198484,-145.8875095774708
438080000,0.749909718845506,-0.10911544197803125,7.257861613786526,2.408832914080275,285.91110663695855,-146.55942924618793
438090000,0.7499460523433724,-0.1086980954008206,7.257042609511161,2.4091082652175606,286.3550856130128,-146.2130773264975
438100000,0.7501811103737125,-0.10888611945240607,7.265902155376333,2.406133025193692,286.385449309218,-146.61704033000638
438110000,0.7495378796971147,-0.10962988136673413,7.247860317336513,2.412199715628235,285.06645072847226,-146.6620788760923
438120000,0.74916775452909,-0.10898846423439514,7.232283208837005,2.4174624456944476,285.35829538685135,-145.7156575457777
438130000,0.7496346900847208,-0.10920729491822893,7.249042672690006,2.411801198033896,285.5697532328434,-146.37277432459496
438140000,0.7492925810257892,-0.1083553273477575,7.233389766436813,2.417087832468096,286.09106097382977,-145.2579946755407
438150000,0.7498045579626135,-0.10907580574017857,7.254120514163795,2.4100911969153023,285.85403852341653,-146.41973316828253
438160000,0.7500435854748456,-0.1087285336158767,7.260483347478093,2.4079519069213,286.41462637591457,-146.33698871970822
438170000,0.7501136832666992,-0.10882493853451979,7.263323198676893,2.4069983350235447,286.38395807968146,-146.49447012774925
438180000,0.7497624881390951,-0.1092618015502261,7.253615277042045,2.4102612299628143,285.6326938130765,-146.54810348960106
438190000,0.7501725916366945,-0.10928056795900273,7.267553555815667,2.4055792643692393,285.98833626148837,-146.96944764707735
438200000,0.749593272086515,-0.11001360486063785,7.251618292866233,2.410933533573607,284.7391632179738,-147.0641876937348
438210000,0.7488108793771324,-0.1100105972812167,7.225333762015315,2.4198177808303285,284.0356113596122,-146.2939837033767
438220000,0.7495029650093388,-0.10911460899863928,7.244156169587585,2.413449071941835,285.54059622824207,-146.15893941411272
438230000,0.7496575432047062,-0.10895207959210652,7.248561815687014,2.4119632568178146,285.84125485977404,-146.16219557082698
438240000,0.7501523953834515,-0.10896319822618637,7.265309775999984,2.4063317291234987,286.2831115578474,-146.6593342010751
438250000,0.7498448003911117,-0.10943689126078998,7.257251808107099,2.409037926140051,285.53532761729366,-146.7886464883323
438260000,0.750656048028269,-0.10945940786558325,7.284821015252836,2.3998043282883437,286.25257016943436,-147.61138954033905
438270000,0.7503442549488042,-0.10947436576299868,7.274320006586181,2.403312960169983,285.9533264462198,-147.31596635650266
438280000,0.7500790883856948,-0.10961087072111962,7.266021503813909,2.4060929957181467,285.57689787618034,-147.17806418242492
438290000,0.7498795614862953,-0.10973392672577409,7.259889545094804,2.4081513914052604,285.2741412894389,-147.09292959793947
438300000,0.7501538218888626,-0.10961858871574091,7.2685867564889755,2.4052329336748226,285.6372480433384,-147.2589323923132
438310000,0.7502183986351331,-0.10924357541730617,7.268920736184866,2.4051210045521723,286.0667034442087,-146.98091477652272
438320000,0.7500013536241283,-0.11078453948332177,7.269223785297943,2.405019450499974,284.3455433524251,-148.16207041741134
438330000,0.7499682868859521,-0.10987823917722801,7.263599179644432,2.406905706006968,285.2122004032216,-147.31141850885734
438340000,0.7493899368182535,-0.10970782080567183,7.243267663121376,2.413748946232688,284.85570869285465,-146.587449915729
438350000,0.7497589608735615,-0.110391283754817,7.2590758791566135,2.4084247918062047,284.5163741754086,-147.56848881038945
438360000,0.7493385871981149,-0.10890706352158024,7.237618223416691,2.4156574093716805,285.59387090923195,-145.80841386006045
438370000,0.7499889212578016,-0.10982356291464035,7.264025740845199,2.406762551029085,285.28491421629525,-147.282208676571
438380000,0.750099249542759,-0.11049191024467048,7.271075417420174,2.404399141977943,284.72355851444564,-147.9957355729629
438390000,0.7497390544759733,-0.11075795856936774,7.260229030684657,2.408037339108224,284.1362819584818,-147.87865680035588
438400000,0.7502896719679071,-0.10995922063274133,7.274872699124516,2.403128035311712,285.4235219154478,-147.7027776238861
438410000,0.7501950738786288,-0.11014407167964277,7.2725874063860285,2.403892854858054,285.1546900588252,-147.77651817671477
438420000,0.7495042649954005,-0.11066044306409076,7.251827476759964,2.410863092139119,284.02171686129896,-147.5593633569087
438430000,0.7499545386013099,-0.11034231629852075,7.265436892922491,2.4062890870569515,284.7411274448888,-147.71758365873248
438440000,0.750179774302184,-0.11020922417071198,7.272393392323889,2.4039578081601114,285.07631090750516,-147.8202982162435
438450000,0.7488094756766873,-0.10972182555569328,7.2238689664713105,2.420314824922781,284.31643990446264,-146.0318226510166
438460000,0.7497128522436084,-0.10986582143512456,7.25491754365876,2.4098230128276192,284.9929442197215,-147.04820172185882
438470000,0.7497775992019742,-0.10999799025651254,7.257754531786871,2.40886891169722,284.9212897422388,-147.23169727518678
438480000,0.7495608386839506,-0.11064556771750891,7.253659391946781,2.410246382522962,284.0871940981654,-147.60178505585895
438490000,0.7510224800622667,-0.11010958628125658,7.300522300018242,2.3945773526343563,285.93891451484694,-148.56801088811176
438500000,0.7514679956473311,-0.11014135478610744,7.315894874990892,2.389481956096478,286.3118293205884,-149.04253723154736
438510000,0.7510309588926214,-0.11094988759502133,7.305028614796256,2.3930814244565632,285.10666438965825,-149.3360241940267
438520000,0.7506568219286324,-0.11076066710579212,7.291333721474024,2.397633456332273,284.95883869393197,-148.7919770401835
438530000,0.7507257854199666,-0.11068698887942559,7.293309767611009,2.3969755647561906,285.0944338791736,-148.7943465746353
438540000,0.7501985796693277,-0.10995324897986775,7.2717584836963605,2.4041703917377237,285.34683277618507,-147.60714230543743
438550000,0.7504285877880702,-0.11086837227571902,7.284119769426334,2.4000383095931754,284.64622782736916,-148.66158843515308
438560000,0.7502642157613767,-0.11063511604465497,7.277376859882071,2.402290529321172,284.730163250876,-148.28836230983188
438570000,0.7505372352404664,-0.11042827991657318,7.285605593304202,2.399542596336758,285.18193910522666,-148.37310502098583
438580000,0.7500107838480312,-0.11094457532023388,7.270343003147873,2.4046444669109164,284.1954068972108,-148.3150675973341
438590000,0.7500794185891931,-0.11092279024152267,7.272556588212118,2.403903172132751,284.27858129141873,-148.36358312512505
438600000,0.750032494795606,-0.11091036298015162,7.270906365239624,2.404455762173778,284.2488006287805,-148.30589989329025
438610000,0.7509190962898074,-0.11055851256067818,7.299246866441373,2.3950010907254713,285.39708266248044,-148.87131861179802
438620000,0.7515654392792792,-0.11044108126925808,7.32073612952187,2.387881788131104,286.09952211077416,-149.4123624680488
438630000,0.7512147647185405,-0.11033704006508664,7.30822098167991,2.3920228155762557,285.88599735414704,-148.9665040026916
438640000,0.7514635546420021,-0.11061922387487232,7.31814484327001,2.38873801126997,285.8283964804315,-149.4713442139152
438650000,0.7518481993376446,-0.10997815830813167,7.328102869969226,2.385451010903418,286.8217795925772,-149.27572114643337
438660000,0.7517003549336805,-0.10987564283146786,7.322519151477632,2.3872929935421214,286.7899583987541,-149.03369341652737
438670000,0.7522433975587511,-0.10943213174375578,7.338945080906992,2.3818824895917454,287.73297002464454,-149.1739816649728
438680000,0.7517003601888116,-0.11021280619591092,7.324211042741108,2.3867345624975718,286.4513195585276,-149.34070828721198
438690000,0.7515229315245431,-0.11022155728232608,7.318177219353991,2.3887273096233415,286.28131200498024,-149.17050543758245
438700000,0.7513194891507695,-0.1115963659521788,7.3181593505974,2.388733215981026,284.71702802211405,-150.20559440714655
438710000,0.7516817134665674,-0.11132827384547937,7.329209114375335,2.38508641735515,285.31170212160885,-150.3299395244593
438720000,0.7530684099468908,-0.1112873812084634,7.376856162212867,2.3694887448776667,286.6020753245262,-151.7001670954445
438730000,0.7515281798088954,-0.1124238544799876,7.329536547344526,2.3849785242409247,284.06911974908945,-151.15331016629204
438740000,0.7497086308036466,-0.11213535709806492,7.266115867956475,2.4060613469260157,282.7452944402731,-149.07630468667554
438750000,0.7525921387636626,-0.11121406394616194,7.359983301221726,2.3749886917146883,286.2469302654924,-151.14874449573384
438760000,0.7515569481907757,-0.11201257968753926,7.328416743566067,2.385347553750817,284.509873127236,-150.81650924456235
438770000,0.7513025189754652,-0.11196973527948403,7.3194797784784775,2.388296839502204,284.32626515726975,-150.52192427692924
438780000,0.7511779784581065,-0.11143208187260675,7.312486080790208,2.390609951839595,284.75537598071463,-149.9163467623292
438790000,0.7519805254179996,-0.11175350459217213,7.341645234167831,2.380995452383949,285.1501043150755,-151.01313630619208
438800000,0.7506691212496591,-0.1119586650986939,7.297799644374767,2.395482085026058,283.7734627596494,-149.87646746056274
438810000,0.7513009948717967,-0.11196843871579498,7.319420996522336,2.388316262416426,284.326211851779,-150.51923486188755
438820000,0.75064735507457,-0.11192159318183492,7.296870366765459,2.3957910394049087,283.7911849701236,-149.8217162407922
438830000,0.7501412600779596,-0.11209141813885444,7.280537066993801,2.4012344495140643,283.17219146788176,-149.4674288268532
438840000,0.7509561258166709,-0.11194433365591551,7.307510825606107,2.392258226265696,284.043227409827,-150.15123992625269
438850000,0.7508887888804353,-0.1123998079584019,7.30753476267914,2.3922502905705234,283.52635755021913,-150.4882031171084
438860000,0.7516343392760783,-0.11201500422485346,7.331084693055707,2.3844685245355572,284.5764288625571,-150.8967865498727
438870000,0.7510510886217002,-0.1126636374300743,7.314428381964216,2.3899670983975643,283.4048391877834,-150.88478078381704
438880000,0.7511572309578057,-0.11220679645741788,7.315719244019901,2.3895400475370354,283.9584666217409,-150.58669309013825
438890000,0.75087267962208,-0.11203030167974963,7.305101086568216,2.3930573819027456,283.8827559859903,-150.14405414080753
438900000,0.7509698906026815,-0.111726643999438,7.306874189916785,2.392469305214762,284.27381535063154,-149.9709880720794
438910000,0.7508758921649106,-0.11240770110918623,7.307134975504083,2.392382836243532,283.50700962314886,-150.48224991679055
438920000,0.7515105743212037,-0.11180064317800492,7.325744291294885,2.3862287206002115,284.6822171467439,-150.58060130741228
438930000,0.7513734346052652,-0.1120632592068113,7.322385395459426,2.3873371526978353,284.295266401846,-150.6766464433227
438940000,0.751379566681182,-0.11176235445892124,7.321060494437138,2.3877746536778766,284.60374624728274,-150.4144369478148
438950000,0.7519578037622288,-0.1118840765764391,7.341531485448757,2.381032806977465,284.99759723774054,-151.10693821764738
438960000,0.7515863372245971,-0.11174917314678466,7.32807981896965,2.3854586091930834,284.80182166608563,-150.61098621233694
438970000,0.7509284175389411,-0.11188768452978376,7.306277162727151,2.39266728587854,284.07536481025505,-150.07299772107183
438980000,0.7509107465483301,-0.11229169811315988,7.307732122132996,2.392184863350998,283.6543410766292,-150.41440778010792
438990000,0.7509802648156582,-0.11301221956832014,7.313797774589362,2.390175775629209,282.9915883387421,-151.1210284915116
439000000,0.7508062538785647,-0.11234286672934575,7.304428384941846,2.39328056975962,283.51035801396927,-150.35493581352293
439010000,0.7513449269231793,-0.11266803200254366,7.324507253941804,2.3866368211223183,283.6602601360593,-151.1847090100288
439020000,0.750382334785786,-0.11209456094898401,7.288735288877033,2.39849911445153,283.38288394611584,-149.71059028124407
439030000,0.7506067648427418,-0.11281341637787698,7.300034342877135,2.3947394491168748,282.8622679065952,-150.5707626838903
439040000,0.7504449920491192,-0.11275375358447436,7.294222579103017,2.396671782073903,282.77945188469624,-150.35615844330744
439050000,0.7508004645312757,-0.11279173542260379,7.306526415244136,2.3925846270427735,283.05479183517537,-150.74597908557564
439060000,0.7510926729667283,-0.1131498514728915,7.318349937207665,2.3886702207965356,282.95188689068726,-151.35535381111697
439070000,0.7509616871838679,-0.11291582179343485,7.312667477565673,2.3905498992800838,283.07222073661046,-151.01742015416704
439080000,0.751212429612925,-0.11344679894535536,7.3239829520629245,2.3868098315042308,282.75748675306954,-151.7369683642299
439090000,0.7513210177885516,-0.11293465663996478,7.32505965604666,2.386454565463442,283.37007282529015,-151.39612674042445
439100000,0.7519677529828531,-0.1137857762222716,7.351704007630488,2.3776968510880834,283.07584042841285,-152.79986171077337
439110000,0.7516712138555399,-0.1134260775224564,7.339621335932956,2.3816602681648047,283.18116180532763,-152.1830508444108
439120000,0.7523302734375293,-0.11299219396143964,7.360088510403834,2.374954317701688,284.2031892426418,-152.47059907384914
439130000,0.7520677176890034,-0.11250271269256903,7.3484952435823185,2.3787481105343917,284.46835284964095,-151.76965522464764
439140000,0.7514348643934485,-0.11276057854368321,7.328066207214546,2.3854630960521055,283.64638196314485,-151.35734529850657
439150000,0.7512109996677291,-0.11297243160733092,7.321485699453597,2.3876342274100066,283.23494391140696,-151.31843393367657
439160000,0.7511652951272803,-0.11207928969032567,7.315344066605974,2.389664150185829,284.0938634340961,-150.48143273561246
439170000,0.7515115800599699,-0.11296087477974218,7.331730298899636,2.384255909920899,283.5117151937928,-151.61179384808034
439180000,0.7514588680834455,-0.11262129054948125,7.328173048285047,2.385427878359532,283.80828892365116,-151.25834506667306
439190000,0.7523192991057527,-0.11326937904719094,7.3611497995566015,2.374607628594264,283.9109190501511,-152.7041966585694
439200000,0.7518969821143703,-0.11344503649817139,7.347490254558674,2.3790775587336297,283.36030269874686,-152.4289064639034
439210000,0.7522633275260431,-0.11332885051386406,7.359525064944166,2.3751384186497186,283.800947011686,-152.69954685150776
439220000,0.7516571800287325,-0.11350311381026192,7.339538636871245,2.381687441329477,283.0907135827932,-152.23646561355497
439230000,0.7509695426346509,-0.11384371614792044,7.317724895499287,2.3888768302736816,282.1444142412651,-151.83907548917045
439240000,0.7522591042048024,-0.11365846707418892,7.361097583123826,2.3746246836448974,283.46107011190384,-152.9851336663017
439250000,0.7518411371931935,-0.1137986362115697,7.347407259707832,2.3791047696073075,282.95188257796957,-152.6823170161964
439260000,0.7522846593901795,-0.11368926068227662,7.362141762352427,2.3742836782550416,283.4520791418748,-153.03824243295503
439270000,0.7522315118957253,-0.11325814467548966,7.358058127373829,2.37561786260746,283.8449679758876,-152.60480447491156
439280000,0.75290456372227,-0.11354228717540675,7.382856592972816,2.3675389930823556,284.14753278574483,-153.54340694446933
439290000,0.7523445584050031,-0.11351830852356057,7.363320247927946,2.3738989297986834,283.6791913538017,-152.94918273565725
439300000,0.7524152841508618,-0.11423843193363394,7.369539420433388,2.3718705893254053,283.0051671570232,-153.65240940396444
439310000,0.751750943984748,-0.11409070497522111,7.3458255721349435,2.3796234648973518,282.5761153954506,-152.84587209490226
439320000,0.7521661696020402,-0.11340510226883123,7.356566298654992,2.3761056416122646,283.6376875177402,-152.66768065090258
439330000,0.7523177316284767,-0.11359498283385162,7.362792799386786,2.3740711141130038,283.5773471694076,-152.98920376743143
439340000,0.7518516296187867,-0.11365519340754585,7.347021282544874,2.379231325155992,283.10689523811084,-152.5673069926428
439350000,0.7519676393998612,-0.11403294991265055,7.352991378406689,2.3772753437628835,282.8240653823397,-153.01596084332812
439360000,0.752419814956563,-0.11356510311271592,7.3661678673513755,2.372969765178479,283.6975854101623,-153.06717978630084
439370000,0.752311146124559,-0.11347660216108751,7.361947453171575,2.374347127788601,283.69236219276496,-152.878398992408
439380000,0.7527441598853398,-0.11392053876369428,7.379270668419861,2.3687037981836823,283.618538001858,-153.71124731817503
439390000,0.7526497071636454,-0.11367711223537304,7.374717039727528,2.3701846028199163,283.7851027078985,-153.40077486030967
439400000,0.7523373851868295,-0.11439645854720916,7.367673843715814,2.3724786680995256,282.7755509095568,-153.71050064971436
439410000,0.7525542817388856,-0.11434118817735152,7.374896411007933,2.370126237429399,283.0212102295681,-153.88442012048458
439420000,0.7526140164656334,-0.11381375056979279,7.374195554511087,2.3703543046539224,283.6138347298436,-153.48420807882906
439430000,0.7520419079014529,-0.1143058617865198,7.3569839633826595,2.375969058646636,282.61068671720443,-153.3297456148598
439440000,0.7529306222521326,-0.11387563916259978,7.38551183375393,2.3666772416674395,283.82819130526167,-153.86325493633305
439450000,0.7528532902769006,-0.11331100875136775,7.379865599780523,2.3685104686295904,284.3395085989882,-153.2868757477418
439460000,0.7524880911231793,-0.11369165420267617,7.369192894294272,2.3719835146943584,283.62823928108327,-153.24816726887119
439470000,0.7524552812793975,-0.11428199966071223,7.371153831043978,2.3713446304303125,282.99547641330946,-153.731370716241
439480000,0.752476213136075,-0.11482663818418581,7.374752528432924,2.370173054966139,282.45561915126234,-154.22663646289428
439490000,0.7521783209191234,-0.11482448367121158,7.364426910701454,2.373537744052567,282.199543746483,-153.9197104465323
439500000,0.7524637881585372,-0.1135734469340746,7.367733407917257,2.3724592484899167,283.72772396089835,-153.1194473153597
439510000,0.7518815413720951,-0.11448452095605953,7.352388547585817,2.377472702214738,282.28900894287193,-153.32171664357602
439520000,0.7525065758497852,-0.11392609195044387,7.371061190376439,2.371374805489112,283.40463137373035,-153.4727107235527
439530000,0.752116193505937,-0.11437066652648269,7.359889656113391,2.375019288348124,282.6092607672702,-153.46199247486737
439540000,0.7521010336790608,-0.11423651982228752,7.358661783979799,2.375420543982468,282.7329616127332,-153.32962508440613
439550000,0.7519893026379816,-0.11465453408679369,7.357000310232197,2.3759637132898286,282.20923317789465,-153.57924176046325
439560000,0.7518810535446218,-0.11403486527993686,7.350015952410643,2.3782497773504914,282.7464865169595,-152.9294771899162
439570000,0.7517262139213613,-0.11416593189011487,7.34536733770292,2.3797737798524694,282.4780703680979,-152.88633301213002
439580000,0.7520965216160306,-0.11526712163452134,7.363939571271242,2.3736967852511457,281.6760892663369,-154.21868371491723
439590000,0.7530661441212982,-0.11547384835349091,7.398702722925894,2.3624055130617383,282.2999129836454,-155.3936361751896
439600000,0.7518232220333227,-0.11514350760292338,7.353847827492503,2.3769950108959645,281.5666513000666,-153.83287488715482
439610000,0.7506778646136208,-0.11514723451728254,7.314549199766242,2.389927122199845,280.5764660987526,-152.67383222423305
439620000,0.7499740036153979,-0.11199905726594657,7.274402558398541,2.4032853374199523,283.11577014908033,-149.2190922408195
439630000,0.7507355957480671,-0.11545079900665492,7.318116036433295,2.388747533212573,280.31940011194234,-152.9927178522401
439640000,0.7503977624240542,-0.11534083156775077,7.306003795841021,2.392757948296102,280.1407965896255,-152.5575827480351
439650000,0.7524268473239185,-0.11597980605599506,7.379174215906112,2.3687351444910276,281.22909791519356,-155.16984019090603
439660000,0.752442664503267,-0.11487903825288108,7.373866870930992,2.370461277499964,282.37279863870725,-154.23767335521794
439670000,0.7520226996475965,-0.11513165123145763,7.360671033151368,2.374764013604292,281.75091277199215,-154.02631745205431
439680000,0.7521756062589621,-0.1155448802929191,7.368149352514467,2.3723236477358967,281.45983172492663,-154.5388087122184
439690000,0.7517643803927512,-0.11510341405457547,7.351607139415954,2.3777285734913836,281.55676779521826,-153.73827489588572
439700000,0.7514184028986873,-0.11501109223576965,7.339211447197154,2.3817949550623303,281.35217064682536,-153.30650178923995
439710000,0.7519952731999453,-0.11482062885413212,7.358081381488198,2.375610260870687,282.0448841136878,-153.72933771729484
439720000,0.7525391071734195,-0.11530056141583285,7.379447464035853,2.3686463431681988,282.02361142971733,-154.701247392601
439730000,0.7529994966274998,-0.11529941236067517,7.395448684042695,2.363457856515649,282.42241636695684,-155.17421519106534
439740000,0.7529905055662454,-0.11543741936635288,7.395872071455739,2.36332088130098,282.2722561669116,-155.28411920712972
439750000,0.7532332677706293,-0.1157554944104046,7.406042391690748,2.3600353512386247,282.15271782041907,-155.80909842954102
439760000,0.7535293637296739,-0.11538475355639767,7.41440493281107,2.357340703592153,282.7922282958612,-155.79604056885154
439770000,0.75322788495432,-0.11614443773636654,7.407945580598039,2.359421545202734,281.7453435086353,-156.13748087516237
439780000,0.753238766889833,-0.11566382353890006,7.405742672100854,2.3601320444425298,282.252327911904,-155.7358671847546
439790000,0.7529834159646875,-0.1164218648686286,7.40090787203157,2.3616929122837624,281.2491152707968,-156.121662383593
439800000,0.7527207845768118,-0.11644407370909259,7.3918786123675515,2.364613489467117,281.00212197135016,-155.8692889846642
439810000,0.7529407917576418,-0.11603507095523732,7.39734065895841,2.362845884466349,281.61245969932617,-155.74677650996756
439820000,0.752188047336113,-0.11629850343775469,7.372601325856129,2.370873250562113,280.6976657888419,-155.19688702733708
439830000,0.7530641651035389,-0.11610651737237487,7.40202611539418,2.361331713733803,281.64433053198644,-155.93552163260188
439840000,0.7531783793401273,-0.11558532191067006,7.403213945160814,2.360948160140364,282.2815019991524,-155.60575394834942
439850000,0.7528464469943132,-0.11559627631211945,7.391704561704931,2.3646698587731794,281.98422846886115,-155.27246174959606
439860000,0.75375681492081,-0.1157832819539871,7.424514777573637,2.354091280352307,282.5746637039839,-156.37625076205612
439870000,0.7530692507980206,-0.11583314462222592,7.4007350923747595,2.3617487309479084,281.9313588305716,-155.70621810499634
439880000,0.7522975785778706,-0.11488640737032822,7.368880293420551,2.3720853938364956,282.2395166172498,-154.09540298987267
439890000,0.7535348902164675,-0.115632922479074,7.415929766035488,2.3568500263603944,282.53957709721124,-156.01609158179951
439900000,0.7530271867376769,-0.11554478145059778,7.397724034043814,2.362721918059649,282.1930681715011,-155.41457763819045
439910000,0.7533716612998356,-0.11591135576803589,7.411715884192945,2.3582065156579706,282.1102673458614,-156.08648850099883
439920000,0.7531641166578896,-0.11552666824959427,7.402402222709436,2.3612102540523274,282.32984946484703,-155.54043337917363
439930000,0.7535498896247772,-0.11672912012816734,7.422375149372851,2.3547782299528803,281.41343009425304,-156.97131575498523
439940000,0.7531262457229777,-0.11652391623514131,7.406442850315381,2.3599061708307487,281.265344567898,-156.35657737322987
439950000,0.7528918585457878,-0.11630591967227738,7.397091770634603,2.36292637085854,281.29078451928643,-155.92800441828211
439960000,0.7524380559228958,-0.11667384879458012,7.383287657118216,2.3673990494153765,280.5245997953674,-155.77344621030693
439970000,0.7524686911884543,-0.11663203127091736,7.384126427795944,2.367126792762277,280.5937062720501,-155.76944861244053
439980000,0.7533058759194622,-0.11673262466968815,7.413850132486855,2.3575192842129447,281.20197572989457,-156.72070044973992
439990000,0.7537121088610365,-0.11686059084835763,7.428779900302096,2.352723121310448,281.41465060268916,-157.2521966310554
440000000,0.7531242538787785,-0.11659210747674763,7.406741826424619,2.3598097360469867,281.19300142526646,-156.4126514022188
440010000,0.7530544951258592,-0.11616113820478531,7.401982629507038,2.3613457578290893,281.5795530777017,-155.97229968032988
440020000,0.753475718172636,-0.11659709378087404,7.419060229984328,2.3558433158015952,281.4874984397913,-156.78163082465787
440030000,0.7536008049338652,-0.11668966004099225,7.423945835939411,2.354273905544489,281.49788396124836,-156.99067269015964
440040000,0.7540588540790126,-0.11631138508626042,7.437980818525288,2.349777107828908,282.2838137883501,-157.14487496079434
440050000,0.7540702996348763,-0.11644989462511313,7.439135787747601,2.3494078260930693,282.148936250582,-157.27546761858648
440060000,0.7539755304228861,-0.115994910444751,7.433336343886135,2.351263279409676,282.54252850227977,-156.78619642589092
440070000,0.754045759463596,-0.1166043893499084,7.439112364932908,2.3494153139789926,281.96652900916007,-157.3819354173421
440080000,0.7530763019239146,-0.11686899145584417,7.4065660118039895,2.359866444115726,280.8653051605698,-156.59855584185783
440090000,0.7530487534377949,-0.11722442998380171,7.4075331717280255,2.359554525781945,280.47352089606665,-156.87132845479763
440100000,0.7523436138479273,-0.11730088474478223,7.383393707124438,2.367364623153976,279.79875897898575,-156.2071013675027
440110000,0.7525677819327496,-0.11714891208545443,7.390360948916166,2.3651051019539246,280.1448186400616,-156.30990433032846
440120000,0.7525725586858236,-0.11668549135927021,7.388023600157209,2.365862635250862,280.62691978603556,-155.9219316456035
440130000,0.7530569605269495,-0.1161830263517942,7.402186427932136,2.361279941042315,281.5590229175001,-155.99358774800777
440140000,0.7537956889884235,-0.11687505193694167,7.431793574817909,2.3517573640513887,281.47070691449426,-157.35165613889154
440150000,0.7538830929284931,-0.11719531318120752,7.436613091120475,2.350214566447276,281.21063898126874,-157.7150266766514
440160000,0.7538614394095827,-0.1169899477584869,7.434730300155903,2.3508170328942684,281.406732820179,-157.51801045087046
440170000,0.7537093660038144,-0.1172823466241057,7.430983680730432,2.352016823010451,280.97251668634385,-157.60742824536953
440180000,0.753351631544947,-0.11713888949446033,7.417658051063411,2.3562941286412524,280.81880515775714,-157.11333386389572
440190000,0.7536311115136414,-0.1174342036222981,7.429066419181717,2.3526312696064973,280.74789863227886,-157.65430576182865
440200000,0.7536121242898594,-0.11745386519280371,7.428507538380296,2.352810441292692,280.71134591589396,-157.65112519835486
440210000,0.7533688714673038,-0.11735732162168813,7.419452029572859,2.355717379814009,280.6062610977076,-157.31617312306878
440220000,0.7538090840997722,-0.11821659115600262,7.439618912740857,2.3492533897438275,280.08042965496713,-158.49887498258758
440230000,0.7539723322670101,-0.11795754881597331,7.443937303573208,2.3478738742190144,280.48869066955257,-158.4522432862681
440240000,0.7537901536604513,-0.11791870884200643,7.437311864289694,2.349991047970346,280.3760960727021,-158.22893868927272
440250000,0.7539734689985819,-0.11786932869015052,7.443491418735099,2.3480162372395457,280.58203496207767,-158.37918934758852
440260000,0.754182112249484,-0.11796799804832202,7.451390253490641,2.3454968499491855,280.6542327640394,-158.68095785187924
440270000,0.7539055005657872,-0.11679589015083763,7.435221465149888,2.3506598370933403,281.64683899551653,-157.39883607820218
440280000,0.7542503571354694,-0.11750171677986976,7.451229965291497,2.3455479208944032,281.20103102053423,-158.35908972461246
440290000,0.7544197869266535,-0.11763008935216158,7.457919671405986,2.3434183503949195,281.20954153328233,-158.64554997031613
440300000,0.7547125999122003,-0.11773614226044761,7.468866661299245,2.339941914926257,281.3453938497299,-159.04334431231234
440310000,0.7547547555371413,-0.11864409093063741,7.4754026584160735,2.3378712213008805,280.42278587890456,-159.8510549684007
440320000,0.7557720985267585,-0.11792403350791004,7.507622254087719,2.3277172592227977,282.04186660830624,-160.32450005814326
440330000,0.7540231007815774,-0.11827474244116709,7.447476964249411,2.346744340051256,280.1989237707532,-158.77179030806894
440340000,0.7530589672007691,-0.11798457993811268,7.412037700384105,2.3581028645087274,279.69326933921815,-157.52230988292789
440350000,0.7533687618034369,-0.11868804278176322,7.426754426615388,2.3533726498694003,279.2199503144209,-158.43277531772318
440360000,0.7533298951360236,-0.11790399378038904,7.421076641416925,2.3551953259813416,280.00452189105465,-157.73638689617064
440370000,0.7535295995439384,-0.11847958351387118,7.431247218641581,2.3519323892640314,279.5716650678461,-158.42678692029173
440380000,0.7528045347124819,-0.11831344785491632,7.4049541637301335,2.360386464961071,279.13899584512274,-157.5335104818679
440390000,0.7528973322566067,-0.11804192370710248,7.406705366799933,2.3598214956792223,279.498234705326,-157.40261259785999
440400000,0.7531104488701202,-0.11781683162269391,7.412919350227548,2.3578189480649066,279.9107445249243,-157.43492772508213
440410000,0.7532570977510441,-0.11835739636099285,7.421017258009636,2.3552144041850367,279.47141926943897,-158.0405312763434
440420000,0.7539750247101281,-0.1182346329230908,7.445561024212708,2.347355596133131,280.20066318355003,-158.68776800594762
440430000,0.7541125974420708,-0.11861427597177732,7.452514353856734,2.345138752515445,279.9175238999716,-159.1497889713047
440440000,0.7542633032963685,-0.11888981914891646,7.459368976341167,2.3429574978973116,279.753578054493,-159.53800870811256
440450000,0.7542094539652783,-0.11822843503934703,7.453794527802031,2.344731069679655,280.4038035349201,-158.92850743520137
440460000,0.7541415286217088,-0.1184526648842316,7.452638898349643,2.3450990839455135,280.1114157101451,-159.0450663764509
440470000,0.7541305319857778,-0.11844383523604389,7.4522018973567254,2.3452382787360806,280.11148462535124,-159.02613126502246
440480000,0.7550407496470252,-0.11836896352749017,7.484026505938013,2.335144703037334,280.95335693747387,-159.92294955256233
440490000,0.7548866009684725,-0.1182060682876125,7.477643003753693,2.337162297359114,280.99612673061523,-159.6230598320813
440500000,0.7541959327231507,-0.11880268677143169,7.456503509176321,2.3438688403378958,279.78908645418613,-159.39455344538706
440510000,0.7546272916036908,-0.11804356148048316,7.467545810369572,2.340360826951445,280.9494592922077,-159.2127058474446
440520000,0.7500681604005429,-0.11894732526911761,7.31397051108355,2.390118610942581,276.22048877556375,-155.25454719984307
440530000,0.7456697513201183,-0.11897411767094047,7.166647382346811,2.4398937712652464,272.59562479024794,-150.90823849362096
440540000,0.7359671163336289,-0.11345458658164495,6.832714753521967,2.5608314606079166,269.7092723412786,-137.37865835541828
440550000,0.737605787871989,-0.10875409680849821,6.861021680408337,2.550113323388649,275.23567674886334,-134.79989511913263
440560000,0.7503847947843472,-0.1191773154759841,7.326041852223846,2.3861305757462716,276.2475461420989,-155.76497712249315
440570000,0.7539961973794581,-0.11892419582549212,7.450130110789263,2.3458984163428074,279.49511182853155,-159.28591666154463
440580000,0.7537113223116927,-0.11918814949545566,7.441562686570867,2.3486322468978384,278.9817741750549,-159.20638029199273
440590000,0.7541565086248214,-0.1189745471233586,7.456067965737294,2.344007424431856,279.5755775913032,-159.49620983459377
440600000,0.75483298075271,-0.11900472950104683,7.480195040628307,2.3363552700676475,280.10683118539276,-160.2347423086339
440610000,0.7544691860779512,-0.11965867592957141,7.470957314690999,2.339279165930358,279.11398647555626,-160.3926742330221
440620000,0.7548500863892554,-0.11937388090308423,7.482873661420743,2.335508816187009,279.7303537513664,-160.55968121345612
440630000,0.7544982136712323,-0.11937446799894941,7.470390601505115,2.339458779910966,279.43800970508806,-160.18819143952342
440640000,0.754718853982019,-0.1187378874620667,7.474652284508422,2.338108762693339,280.29370327062827,-159.89152531724594
440650000,0.7536929951623708,-0.119968476553877,7.445275980325622,2.347446563104941,278.1486759820722,-159.83100751313543
440660000,0.7545419212130143,-0.1193986436619667,7.472075164322772,2.338924956189495,279.44870499396626,-160.25436492806352
440670000,0.7544988198453955,-0.11959699032642221,7.471660887475098,2.3390562142949864,279.2036001532189,-160.37299600007418
440680000,0.7548354104393955,-0.1191662927421202,7.481186754342356,2.33604181298932,279.9379073617394,-160.37176219395388
440690000,0.755225174431361,-0.1192757242035546,7.4956717169543525,2.331473086074736,280.1458842354238,-160.87597792592726
440700000,0.7549757600994969,-0.11930703924571678,7.486966337515555,2.3342167066364885,279.90545753084643,-160.63734504386898
440710000,0.7544971513238746,-0.11946439470956366,7.470857309624569,2.3393108595029157,279.3422094843078,-160.26155264804194
440720000,0.7552848911592666,-0.11995297022190471,7.501627585630743,2.3295997468066663,279.4752555940828,-161.50018570718095
440730000,0.7540962552746752,-0.11971961291850967,7.458104600058193,2.343359536309711,278.7420045849144,-160.04988286340497
440740000,0.7561372325866096,-0.11956752857834733,7.529964459766143,2.320728082051649,280.59215367726256,-162.09152057877046
440750000,0.7551516314174364,-0.11831357333679597,7.487661848473957,2.3339972680077743,281.10514982518436,-159.99385110390511
440760000,0.7548906396247547,-0.1197477006634792,7.486420309941067,2.3343890112887906,279.36789068806604,-160.9120415552249
440770000,0.755075764389704,-0.12069994725306167,7.498412991087445,2.3306104784256862,278.50884979079245,-161.89088328932107
440780000,0.7556996156319543,-0.1200580861252702,7.5170535491330455,2.3247617655689816,279.7051583192938,-162.02909543445298
440790000,0.7551228362741831,-0.12033565507714636,7.498018213805661,2.3307346649846874,278.9348308813106,-161.6426282857169
440800000,0.7560784906457612,-0.11951778709191493,7.527571716544637,2.321474570104053,280.5966691306857,-161.98728197059225
440810000,0.7553428437699603,-0.12041151131412652,7.506302445731118,2.328131451860871,279.03460577774547,-161.93907738833414
440820000,0.7549808566728539,-0.11990115253516785,7.490497000570681,2.333103186742968,279.2795956338812,-161.13436071442752
440830000,0.7549798547046501,-0.12061974109551823,7.49453764776284,2.331830136017419,278.5157225534147,-161.72336096052433
440840000,0.7545681555255936,-0.12030510347578562,7.4781124911836265,2.337013789863362,278.51223264572604,-161.02921862540435
440850000,0.7541013626166099,-0.12076578359105777,7.4641818384436736,2.3414284030845347,277.6441733971247,-160.91266613102798
440860000,0.753671665101538,-0.12087017047512585,7.449600365758974,2.3460672701164462,277.18467701523963,-160.5453457231482
440870000,0.75458707100742,-0.12116856862918753,7.483690400934082,2.3352508462777006,277.6133111795964,-161.75364575311556
440880000,0.7553007895085492,-0.12057584639549815,7.505736623803097,2.3283090679645304,278.8250198074023,-162.02894565807844
440890000,0.7555557859298392,-0.12045470203633205,7.514163581374188,2.325666594839838,279.1632286235829,-162.20166542289488
440900000,0.7557151251804771,-0.12076030233215893,7.521619095500639,2.3233337664071274,278.9670865302748,-162.622286197928
440910000,0.7555592842066502,-0.12152055335595106,7.520401730952232,2.323714357803201,278.0268499170565,-163.0743233104814
440920000,0.7553908701642463,-0.1211634297830725,7.512317827409538,2.326244858736264,278.27181880427264,-162.60447635033154
440930000,0.755364916213923,-0.12117408422774506,7.511450616048918,2.326516650870896,278.2393413219448,-162.58543532122994
440940000,0.7547197624126685,-0.1213008409599863,7.489163592080333,2.3335235988096197,277.58065465894947,-162.00167320127278
440950000,0.7551731682763051,-0.12068691820085517,7.501813408634366,2.3295413473697426,278.6023174973803,-161.98388360134786
440960000,0.7551686978894985,-0.12054722175510059,7.500857685554102,2.329841738177757,278.74735458316206,-161.86484290498447
440970000,0.7554743147922471,-0.12021020484766076,7.509855670273961,2.3270166886072348,279.3572238622034,-161.9138673096622
440980000,0.7550642652554432,-0.12030950441769317,7.4957816707648695,2.3314384741053598,278.91455824626223,-161.55889845816665
440990000,0.7555701203908061,-0.12038563503052309,7.514282657868811,2.3256292988027902,279.24874453606475,-162.16028603929212
441000000,0.7557903793545214,-0.12088019732884456,7.52500580211208,2.3222756210969413,278.9002472348841,-162.80082120505372
441010000,0.7560062430539572,-0.12104961073989916,7.533732977234898,2.3195533587056096,278.8947819658251,-163.17050825259994
441020000,0.7556114950989381,-0.12062467879183048,7.517129190893156,2.324738092159383,279.0273112555245,-162.40049322289065
441030000,0.7552423725775843,-0.12079428560525268,7.504896826735567,2.328572737358598,278.5445077995998,-162.14530074966493
441040000,0.7555063090440782,-0.12143092945672222,7.5179874465184495,2.3244695200432877,278.0797695420915,-162.94502813418498
441050000,0.7554717997055915,-0.1215991400353145,7.5177204745704005,2.324553056320692,277.8719715192791,-163.04438396236435
441060000,0.7552257362965642,-0.12108133668219144,7.505944380173486,2.3282438483833685,278.2250568465915,-162.36154902185385
441070000,0.7555520682802382,-0.12120090546004464,7.518303530775157,2.3243706241939175,278.3628652932899,-162.80717252550204
441080000,0.7557458427414819,-0.1213208644733981,7.525941433508742,2.3219834625887734,278.3919717147464,-163.11205648135325
441090000,0.7555353527564023,-0.1220026994050636,7.522329070446,2.323111860916148,277.4915386957532,-163.43815845645184
441100000,0.7559984071652972,-0.12130413592323164,7.534918202142706,2.3191841473097967,278.61516484605664,-163.36933771545387
441110000,0.7556927300812398,-0.12135547409116322,7.524235179178727,2.3225163099202555,278.3117674756031,-163.08327707545675
441120000,0.7557798039713617,-0.12205705339195053,7.531417151715387,2.3202751067607115,277.63015301582175,-163.74391524432207
441130000,0.7557722191322379,-0.12161713327402855,7.528597558770043,2.321154468686241,278.09585248657345,-163.3805821628487
441140000,0.7557543094313974,-0.12127363468947365,7.52597324165909,2.3219735315350194,278.44944855285837,-163.08274813377113
441150000,0.7554066377090868,-0.12210301385504979,7.518297531187833,2.3243725012547314,277.2806176801152,-163.38117036698085
441160000,0.7556452050203837,-0.121361029787192,7.522562710891524,2.323038844991227,278.26723603326167,-163.0369062891324
441170000,0.7550532151824401,-0.12201475322377413,7.505148798684641,2.3284936199249766,277.0905907012232,-162.93284982676437
441180000,0.7553840669269284,-0.12138920849216848,7.51337126204966,2.3259147884079088,278.0252193070195,-162.78057294515827
441190000,0.7558659587556338,-0.12133366178564074,7.530327942764541,2.320614724873733,278.47583739173814,-163.25120395214037
441200000,0.7559490305599318,-0.11977681636190307,7.524395842935079,2.322466125634394,280.2119907178842,-162.0634454493622
441210000,0.7558846996379389,-0.12091630737183724,7.528598941716058,2.3211540372149257,278.93858348185773,-162.93136402248425
441220000,0.75618151112395,-0.12147829439282189,7.542515262930291,2.3168203790910167,278.57672225322534,-163.7076006028294
441230000,0.7553339580273075,-0.12198102597873535,7.514989798101501,2.325407839676398,277.35253287011477,-163.2053124098481
441240000,0.7558649337922227,-0.12163711925129995,7.532043495376208,2.320079856499061,278.1494711110193,-163.4962030231711
441250000,0.7557791824307094,-0.12176035410546798,7.5296757210827545,2.3208181371256957,277.94791582594246,-163.50389273341813
441260000,0.7552753063755553,-0.12223373077999075,7.514352901293222,2.3256072983721174,277.0353748281337,-163.34581267724798
441270000,0.7561549409789595,-0.12205679707344108,7.544914631769726,2.316074840367637,277.9326485081688,-164.14689267607395
441280000,0.7561742892985361,-0.12207196241172699,7.545700272590352,2.315830828695982,277.93191294634755,-164.17994655127208
441290000,0.7564332408585489,-0.12247212671626498,7.557382523978911,2.3122085385968267,277.7086043691074,-164.78098186212353
441300000,0.7558224659507712,-0.12237796061781485,7.534815459225317,2.319216148247545,277.3199704982511,-164.04764924435437
441310000,0.7554690878900359,-0.12482820114830302,7.536520060683474,2.318685337515572,274.40858978162123,-165.6041780160989
441320000,0.7554136136156223,-0.12217393565223274,7.518958125266465,2.3241658428136556,277.21037260033717,-163.4456422443391
441330000,0.7550694620902394,-0.12192034959655898,7.505184418299566,2.32848243605078,277.204289432114,-162.87418342156536
441340000,0.7559517821501146,-0.1219135022101097,7.536766944859721,2.318608478359286,277.92291595294773,-163.81283785225594
441350000,0.7560705154757252,-0.12177549099460094,7.540239500018441,2.317527956914175,278.167160477918,-163.8289736619583
441360000,0.7561401626798003,-0.12190422509063346,7.543495145264797,2.3165158489412385,278.08495202601915,-164.00790831380013
441370000,0.7562279162458232,-0.12200167014161911,7.547224769035289,2.315357483858442,278.0508531329234,-164.1810307285192
441380000,0.7558864701319751,-0.12276700014840321,7.539387119647791,2.3177930900549337,276.95315428742356,-164.42782979962396
441390000,0.7560335109784861,-0.12224764941943898,7.541650738569742,2.3170891249014494,277.6295188364728,-164.16983627062274
441400000,0.7559413426047977,-0.12266834659965692,7.540785778287751,2.317358068994208,277.10309576338483,-164.4080007370902
441410000,0.7565351139272912,-0.12236627932494754,7.560446629312117,2.3112603442855906,277.9047671603589,-164.80605058728474
441420000,0.7566705581401799,-0.12239227801792063,7.565500805405527,2.3096980262503304,277.9854918267871,-164.97342530639804
441430000,0.7569674561488295,-0.1225166976685985,7.576996777360369,2.30615235678213,278.0891307090242,-165.3951203343635
441440000,0.7558114891535243,-0.12302162433795664,7.538178765535412,2.318169053512623,276.61963473727053,-164.55023975846086
441450000,0.7558996854057001,-0.1229287338821315,7.5408089071953555,2.3173508766524837,276.7897690278249,-164.57108061901192
441460000,0.7554781262400924,-0.12314058117483374,7.526897652425541,2.3216849518572347,276.22686075644356,-164.28700062978447
441470000,0.7557588836468794,-0.12322118234569732,7.537455836680077,2.318394041963852,276.363323088966,-164.65235315724266
441480000,0.7563768545851652,-0.12273595807659053,7.556890201155649,2.3123609619826073,277.37850969709825,-164.93143528272097
441490000,0.7563633830135768,-0.12216119982544152,7.553042369394981,2.313552949321447,277.98806252004607,-164.45563783256574
441500000,0.7556607256205415,-0.1225803965803293,7.53018253360436,2.320660071385653,276.9731145499607,-164.03623262953087
441510000,0.7557882847790844,-0.12307937139136671,7.537682221668493,2.3183235821628183,276.53910111493695,-164.57125025133223
441520000,0.7556013055680727,-0.12337888965898987,7.532716179890771,2.319870197203022,276.0689483218127,-164.60818209249936
441530000,0.7560897460728799,-0.12285038027213821,7.547197378987348,2.3153659865480174,277.02570869312694,-164.71317636248463
441540000,0.7557202674648992,-0.12278709493787925,7.533527186083641,2.319617477100859,276.7988709572532,-164.26530182177171
441550000,0.7550217237810606,-0.12305630315804052,7.510062129035477,2.326951948724076,275.9544595031791,-163.73186799833258
441560000,0.7557131265820421,-0.12347081133981781,7.537275483598236,2.3184501779311137,276.05876776198824,-164.80108012661827
441570000,0.755653386525161,-0.12361948234415837,7.536001283053943,2.318846858335652,275.8517747379479,-164.85445466662188
441580000,0.7558258093680914,-0.12307267799796785,7.538993056495291,2.3179156841315556,276.5761471759915,-164.606262845355
441590000,0.7562590383685772,-0.12334738114377737,7.556227289169619,2.312566231793363,276.6244119994497,-165.29132226318578
441600000,0.7556181775809565,-0.12360733136649192,7.534664131422641,2.3192632833488114,275.8370101521018,-164.80703387290617
441610000,0.7561433175371293,-0.12328788902852504,7.551698511950249,2.3139695428905567,276.5967520964478,-165.11921561007176
441620000,0.7571097692688974,-0.12361206604269612,7.58864411273964,2.3025711523438486,277.01211118763706,-166.4235015266568
441630000,0.7566134821497382,-0.12303562686460157,7.567212606133533,2.309169365717621,277.2434217038649,-165.4265810706198
441640000,0.7571195357008669,-0.12315220284491372,7.586272271504661,2.303299514580916,277.5202655635151,-166.06869678419824
441650000,0.7573039741390512,-0.12387178819392929,7.597266659333805,2.2999271775869854,276.88278950403895,-166.84062098686556
441660000,0.7568407300935343,-0.12413103960532183,7.5819478948365,2.304628669163665,276.23525537087556,-166.5407262518583
441670000,0.7572801892909471,-0.12359268939969824,7.594736691290344,2.3007023210734094,277.1682973317107,-166.59377590738242
441680000,0.7569069339648661,-0.12364435374879006,7.581458822125004,2.304779089283987,276.8163357959212,-166.22849550218754
441690000,0.7569213534813573,-0.1236974275390676,7.582298010433426,2.304520999083049,276.7700773173987,-166.28617338382463
441700000,0.7571918897986945,-0.12402036852230014,7.594066966501166,2.3009076024802133,276.63231615801254,-166.8356966644327
441710000,0.7573952787556468,-0.1241403112982915,7.602202966597457,2.2984162801287806,276.6617568143092,-167.15211465044405
441720000,0.7570778312317581,-0.12423028363996527,7.5911654857566795,2.3017973787143946,276.313803712686,-166.8767267986067
441730000,0.7574845478810124,-0.12456345718867215,7.6080024516286056,2.2966437314674994,276.269482941143,-167.58212483041729
441740000,0.7576583526941953,-0.12402571233756873,7.611132292592326,2.295688272085022,276.9944589494852,-167.34936463674183
441750000,0.7576411688289614,-0.12382381095019693,7.609295601780431,2.2962488692582363,277.20180328115356,-167.1710250304697
441760000,0.757014134492706,-0.12411543028804703,7.588160812471905,2.302719530110597,276.3887239989849,-166.717009796953
441770000,0.7571541736537767,-0.12404325513222388,7.592829271804795,2.3012870727734973,276.57764074256244,-166.81264084545143
441780000,0.7568853170536167,-0.12525500862740882,7.59030439769199,2.3020615756087297,275.04758782667585,-167.4676244319138
441790000,0.7564282656123986,-0.12426369209982571,7.567774193776423,2.3089959819552517,275.7671740859132,-166.1975759158648
441800000,0.7549917439148853,-0.1241891736381055,7.515622982053388,2.3252095778604076,274.7207069116877,-164.5936218595614
441810000,0.7563353448507905,-0.12400333127448893,7.562863926149419,2.3105128581361902,275.97587756810674,-165.8923191335135
441820000,0.7572981479998401,-0.12500796885680163,7.603867636819152,2.297907210491807,275.63800540351207,-167.72573139675262
441830000,0.7575423790253459,-0.12513511785484852,7.613564304066145,2.294946393855131,275.68911741544883,-168.09183364908225
441840000,0.7570128724737494,-0.12497461031199911,7.59326164140175,2.3011544963583033,275.4521561320215,-167.38852301303584
441850000,0.7572321486337609,-0.1258583259043911,7.606601834708965,2.2970715626742093,274.6577413981852,-168.31256525244632
441860000,0.7560824789715007,-0.12503052176136345,7.559836157368555,2.311449193800793,274.6675805302483,-166.42247273394318
441870000,0.7569224796091819,-0.12489736407574792,7.5895058931514905,2.3023066253014686,275.4658365747122,-167.22988213609077
441880000,0.7568598925918968,-0.1248440107792,7.586908270949698,2.3031041617758023,275.47508863145674,-167.1201674895388
441890000,0.7576302179999599,-0.12418238690589854,7.61104188397341,2.2957158602794463,276.8008087167879,-167.4420966769776
441900000,0.7573709162144631,-0.12420803056292147,7.601718856683504,2.2985643674462692,276.5686276201226,-167.178828883454
441910000,0.7574280687676416,-0.12481292701475537,7.60743904515699,2.2968158098378706,275.9525114317026,-167.7155588979963
441920000,0.756376714564057,-0.12424515389924572,7.56579728233825,2.309606446960601,275.7467714831087,-166.12721432879155
441930000,0.7566072417523421,-0.1243051607948814,7.574508359709214,2.306918923364548,275.862722461905,-166.42408921414443
441940000,0.7573057079040643,-0.12457010367196522,7.601509334053147,2.2986284655456855,276.12209619032666,-167.39191919721267
441950000,0.7568315580658528,-0.125228842166006,7.588190385907435,2.3027104502328752,275.03434052471346,-167.3888017883678
441960000,0.756969343611424,-0.1249203609298201,7.591350148915081,2.3017407287670584,275.477330239884,-167.29883452658848
441970000,0.7573727340418364,-0.12488963613481546,7.605878982332016,2.297292427251995,275.82545559863325,-167.71496159953583
441980000,0.7573043728884817,-0.12507895976906608,7.6045230790031795,2.2977068331927204,275.56529983241836,-167.78781523422995
441990000,0.7428697644340704,-0.1370116751799545,7.176582268299634,2.4364716081549114,252.90472088743942,-161.40257927023683
442000000,0.7559303148349705,-0.12736264638300795,7.568413396103074,2.308798667413857,272.02882173422694,-168.0439867816474
442010000,0.7562750704178673,-0.12507054125917919,7.5670425473660865,2.309221874583997,274.7739532821332,-166.6618765405834
442020000,0.756412606552214,-0.12537909879021908,7.573876940305781,2.3071135160731626,274.54633016808594,-167.05021477587206
442030000,0.7569390331694281,-0.12579939741283938,7.5955490605876355,2.300453366277817,274.49611634971507,-167.94722917421686
442040000,0.7571728060175333,-0.12550644036666223,7.602301781695193,2.298386055337816,274.9962895576288,-167.9759452217539
442050000,0.7549733812458355,-0.12595406807938456,7.525435810228769,2.322141338383703,272.8177093539472,-165.9419860092526
442060000,0.7562145767328267,-0.12617514262915872,7.571497447123005,2.3078471321457723,273.5309526774529,-167.448748788755
442070000,0.7570224443568063,-0.12503099007565713,7.593949530367845,2.300943602338711,275.3981772614031,-167.4428576915642
442080000,0.7567358541640334,-0.12493069161879962,7.5829184818596715,2.3043302120779696,275.28414498350986,-167.05286784359106
442090000,0.7569895427719103,-0.12478813966842695,7.591291556969129,2.3017587029779634,275.63708264125233,-167.2176836065744
442100000,0.7575951837788343,-0.12529477224768448,7.616463766840582,2.2940625509155144,275.5553036658562,-168.273792009243
442110000,0.757404902410255,-0.12553226230214745,7.610938605536363,2.295747376515603,275.1477324591697,-168.2496095079308
442120000,0.7563460468229823,-0.12386978345884729,7.562459407261196,2.310637911191974,276.1287414093192,-165.7986503043909
442130000,0.7583725841346468,-0.12777013073154297,7.660279995558494,2.280788925955707,273.4247135904232,-171.02371346920341
442140000,0.7583847070948809,-0.12632879690364499,7.651806184392014,2.2833439070349533,275.0273352126184,-169.94086642657987
442150000,0.7579392963884142,-0.1260894877261178,7.63392841754657,2.28875325312015,274.9488379310449,-169.26593990930485
442160000,0.7586752115843104,-0.1264727957317133,7.663432449301745,2.2798398809272378,275.0908872238132,-170.37269003330323
442170000,0.7562263227498008,-0.12476626496605238,7.563459300461343,2.31032882875882,275.0652611917474,-166.37226367751913
442180000,0.7588042810610088,-0.12651997770304038,7.6685043094382825,2.2783146652113304,275.1375122387179,-170.5519110364881
442190000,0.7568507108149657,-0.12610672355327537,7.594194376983796,2.3008685462824006,274.0932571601883,-168.0874286047306
442200000,0.7589769844880192,-0.12573846986051831,7.670091461663911,2.277837796477922,276.137557793062,-170.1415833414778
442210000,0.757158980611487,-0.1270702528148967,7.611325810496118,2.2956292223288615,273.2767750622517,-169.1594840105006
442220000,0.7589262037416626,-0.12309720041427298,7.6521852842696525,2.283229479724966,279.02341280452646,-168.00606957541177
442230000,0.7578350584748963,-0.12721302979127283,7.6369998564473205,2.2878220826171995,273.6330424762885,-170.00949689370495
442240000,0.7574506730999566,-0.1257442585639167,7.613899791275221,2.2948440922810533,274.9510926018005,-168.46360586103413
442250000,0.7573863449984685,-0.12650395577078913,7.616175748442644,2.2941503169022095,274.0697699300015,-168.97691863887846
442260000,0.7581796982009543,-0.1258107424458726,7.641070640170236,2.286589113656455,275.44108186387905,-169.3157432485026
442270000,0.7556505221674776,-0.12643567797052646,7.552678751256461,2.3136656554478585,272.8179808086555,-167.03825449790378
442280000,0.7571069254460598,-0.12793319680313786,7.614737184537377,2.29458878233209,272.29345642629414,-169.75384030635288
442290000,0.7602246643220231,-0.12583827470405104,7.717223430460605,2.263767666260766,276.9924534890213,-171.611338055078
442300000,0.7576477449326454,-0.1254190259836756,7.6191425415813345,2.2932465886089335,275.4599172758238,-168.42783579677058
442310000,0.7578511351501007,-0.12261126739876142,7.609763622307267,2.2961059932765386,278.6957974211999,-166.43401708879261
442320000,0.7620053068460169,-0.12474208165259801,7.777631092475758,2.2459879574918156,279.6231301054308,-172.76803472081295
442330000,0.7566034290503598,-0.12437026712567142,7.574758176336493,2.306841943249479,275.7891129599719,-166.47103468787446
442340000,0.7586805147463889,-0.12490173230242607,7.65400303524975,2.282680970928275,276.83379312288656,-169.16208358856676
442350000,0.7609794149356567,-0.12896291053909975,7.765383108140767,2.249570155992579,274.04178634237616,-174.83586985511067
442360000,0.7550815502145769,-0.12709137777351665,7.536157080210229,2.318798348691456,271.68012426059505,-166.92401176984873
442370000,0.7584071393284085,-0.13107548114617726,7.6824654336280105,2.274126840512091,269.7876922881988,-173.49985225051896
442380000,0.754436183254754,-0.12536652370567178,7.502732025138497,2.3292526928670974,273.0322756145394,-164.91612638738346
442390000,0.759697947670924,-0.1263393627144362,7.700628603350558,2.2687016754536344,276.024658154556,-171.40822203229533
442400000,0.7595533235184271,-0.12644118434171467,7.695863907501497,2.270122324225192,275.79977554048736,-171.32492775694922
442410000,0.7557824698347548,-0.12694256633739526,7.560510503418913,2.311240586622408,272.3712188178925,-167.56630780095006
442420000,0.7594530921864184,-0.12679030855823525,7.694296734772391,2.2705899859028307,275.3333399783855,-171.48054379525794
442430000,0.759021758960902,-0.12700515052163555,7.679580919469725,2.2749908193388806,274.7649258767652,-171.16407737590794
442440000,0.7604955460726838,-0.129700382138316,7.751827075516446,2.2535483433799133,272.849408717678,-174.8347097399694
442450000,0.7548829461305413,-0.12514514710132355,7.517378661072259,2.3246600195483285,273.613878456638,-165.22190432761192
442460000,0.7603260679376486,-0.12867784326976484,7.738888256183961,2.2573586217726946,273.876772135388,-173.8852622183075
442470000,0.7532228497298236,-0.12910352951282766,7.482017037340949,2.3357794453834586,268.14838536328347,-166.44198789976474
442480000,0.7595214797020362,-0.12557518389272543,7.689322286374794,2.2720757009106634,276.7413572443646,-170.62066903306373
442490000,0.7545567019523076,-0.12591436576535528,7.5102890310238335,2.326880802577583,272.54072290743915,-165.46595845732946
442500000,0.7531793030488617,-0.12196371190294593,7.438473465532229,2.349619578056535,275.6398599246537,-160.9113277393773
442510000,0.7590415820720376,-0.12254323053699995,7.6531362423194,2.282942493793014,279.7286037841776,-167.6887184752661
442520000,0.7573451524386717,-0.12313761732797994,7.594402512098053,2.300804747758727,277.7160003911155,-166.30274587124512
442530000,0.7603478574464799,-0.12814660094342648,7.736331332439512,2.258113129322385,274.4913865670079,-173.51177327653195
442540000,0.7648308200258337,-0.12564919163357946,7.892175378372648,2.2130339924959666,280.794338905134,-176.74102229280336
442550000,0.7583123820474027,-0.1321545427215253,7.685902610651167,2.273098187719475,268.522476691477,-174.16776502777176
442560000,0.7578851297955859,-0.12890301162082443,7.649361269527401,2.284082156049438,271.8089316358474,-171.3324770978253
442570000,0.7563108275660464,-0.12675722177757687,7.578517346401452,2.305684191850208,272.9732795569206,-167.99759798980628
442580000,0.7576666612299793,-0.12753745101442632,7.6328136765935435,2.2890913985826216,273.1488255594639,-170.0697795827096
442590000,0.7605173032193436,-0.13365254140481125,7.7785515609254405,2.2457192092076133,268.3976757053191,-177.69408440550882
442600000,0.7603108783653171,-0.13812301572542096,7.801081479565339,2.2391612755050874,263.20102825938176,-180.48491419407353
442610000,0.7622551283154549,-0.13912991290164234,7.8829030302259335,2.215665402822551,263.31791520984234,-183.35577101957432
442620000,0.758296661501783,-0.13551327838741686,7.707392632431779,2.2666879709088934,264.78202361944756,-176.4855391040091
442630000,0.7595673109374186,-0.13228045792334578,7.733615040653322,2.2589152196693476,269.27429021073283,-175.65726805656638
442640000,0.7595201754913582,-0.12801916603598126,7.704493040959393,2.267550761646518,274.0118529781003,-172.4873481123934
442650000,0.7606714980686681,-0.12953960230072462,7.7574389290629195,2.251899759732046,273.16080964448986,-174.9149074293644
442660000,0.759344773872482,-0.1294582780061607,7.707054448472043,2.2667885655470115,272.27279892214636,-173.36370486539843
442670000,0.7576226963130074,-0.12671456349127974,7.626129137184767,2.291121196401594,274.0193691229528,-169.39693732280026
442680000,0.7583426290680354,-0.12845371235911282,7.663443538296519,2.2798365439914536,272.6458681212403,-171.50339498301648
442690000,0.7581618049776878,-0.12796223377691177,7.653688670367085,2.2827758119966948,273.0537629159414,-170.93528641721286
442700000,0.7585792397969752,-0.13103268079890062,7.688587275886948,2.272295391797811,269.9594586866173,-173.66006793871105
442710000,0.7620871884525787,-0.13263814518837638,7.831723626718618,2.2303036240213845,270.65716283275765,-178.7687306239358
442720000,0.7571484910422652,-0.1297330361783771,7.627479864327388,2.2907107487091145,270.3528113285065,-171.13479360409906
442730000,0.7585992975600221,-0.1286679040285674,7.674297121356307,2.2765751528794693,272.5999970128046,-171.94757527924062
442740000,0.7579246099102699,-0.12706123902468577,7.639357969004218,2.2871076887854658,273.8681097102354,-169.99284101168607
442750000,0.7591074702066376,-0.1289139505287771,7.694742868421927,2.2704568349579572,272.7045241063446,-172.69574565779726
442760000,0.7600361651013753,-0.12887070268374082,7.729214754052059,2.2602157914251215,273.44367750767304,-173.70289992505022
442770000,0.7596894652288636,-0.12844633739187092,7.713520123359826,2.264866869697624,273.66094952046603,-172.99725774515815
442780000,0.7579803342760754,-0.12814833171016515,7.648152920482645,2.2844471978028977,272.71219220114773,-170.87466396338854
442790000,0.7584560613290341,-0.12762479926456885,7.66246261100027,2.2801317657804763,273.6485030044952,-171.00646555446735
442800000,0.7580503501485514,-0.12889170475800787,7.655387275634533,2.282263452277118,271.9440352534708,-171.50640873408807
442810000,0.7585488682828605,-0.12823424450263865,7.669705063602978,2.277953873439201,273.0432230969762,-171.56765164417536
442820000,0.7591685148110413,-0.1286975011579108,7.695649244708886,2.2701863705254803,272.99125067888514,-172.60270942408584
442830000,0.7585226809172217,-0.12807275785649314,7.667724081089995,2.278549162797443,273.20255270268376,-171.4175162624761
442840000,0.7590779811141046,-0.12864976919622476,7.691974527743957,2.2712833145849327,272.9769553910556,-172.4662235477857
442850000,0.7589511723066382,-0.12974881583244796,7.694219559933429,2.270613020734756,271.6587980963496,-173.13856513826622
442860000,0.7576032823878794,-0.12963995760564634,7.643608336768064,2.285821165995858,270.78890550149737,-171.5661025415483
442870000,0.7593514363299351,-0.13019384841784865,7.712005154515894,2.26531684723517,271.4555037877453,-173.9114021499183
442880000,0.7588828994535732,-0.1301560570435441,7.694273975347337,2.2705967789945496,271.1552288973581,-173.36098600003038
442890000,0.7595277866175304,-0.1296015067193969,7.714812791407003,2.264483062279832,272.2475758606451,-173.67400075362443
442900000,0.7588768196445239,-0.12970156811296227,7.691149804194926,2.271529650276701,271.6567515448381,-173.02104678605411
442910000,0.7583993029848318,-0.12973304794998072,7.6736087879175985,2.2767817113304294,271.2708557068599,-172.51377104153252
442920000,0.758677891403257,-0.12925867746750866,7.680942038368472,2.2745830504380744,272.00252818405517,-172.4733020786596
442930000,0.7591932725552841,-0.12903112282587936,7.698683926196763,2.2692812872388313,272.6375869241312,-172.87843470324282
442940000,0.7586645844578388,-0.1294548189065115,7.681690021872942,2.2743590294321243,271.7748353321519,-172.60335762580652
442950000,0.7595728419307161,-0.1299308906018422,7.718607361783458,2.263357167675223,271.9118966576598,-173.96661743181622
442960000,0.7590557448513288,-0.12904076965612563,7.69361845454975,2.27079245231323,272.52479057104296,-172.73226615337973
442970000,0.7604446069979868,-0.12965080347186642,7.749585417887971,2.2542075495740024,272.8678294503,-174.7406851454066
442980000,0.760578082970446,-0.12978246643453223,7.755473151248528,2.252476966496469,272.81747692160315,-174.98835897252778
442990000,0.7600794775699724,-0.13001255843653117,7.738154489354,2.2575750928189584,272.19180548810084,-174.59523893380168
443000000,0.7603060166876068,-0.12950135118408823,7.743399265088313,2.256028730385174,272.93410637195524,-174.4741463288619
443010000,0.7585970092262514,-0.13010483841909723,7.6833108046080945,2.2738737573548433,271.0032055426822,-173.005603846415
443020000,0.7593965710588916,-0.12999435274547771,7.712415038867824,2.26519508523884,271.71161954268064,-173.81586761752442
443030000,0.7592099689694084,-0.12970089178438624,7.7035658476265665,2.2678267929522375,271.90250900331944,-173.39190624572666
443040000,0.7593754879963925,-0.13006728458274366,7.712093529737173,2.2652905930012768,271.61461658846514,-173.8457130300788
443050000,0.7595068399915265,-0.13001259004632593,7.716658936252273,2.263935148258531,271.77202088417613,-173.95261402909844
443060000,0.7586628776200792,-0.1292435440831993,7.680288647447896,2.2747787772940766,272.0082342050051,-172.44543650069772
443070000,0.7594726992008579,-0.12947656884833098,7.711953943997681,2.2653320609755703,272.34675980361965,-173.5202295127515
443080000,0.7590335330518486,-0.12947683303489088,7.695557769509475,2.2702136639613184,272.02245386502005,-173.0300818227062
443090000,0.7597736594739006,-0.13018187579015902,7.727749666946694,2.2606491545089877,271.7776076368699,-174.37560118386114
443100000,0.7603633318245986,-0.13068418159946232,7.753194557630535,2.2531463970975727,271.6423077348643,-175.40538380097487
443110000,0.7594635369358668,-0.13002863515547747,7.715140561201917,2.26438576459768,271.72233494663914,-173.91590272528066
443120000,0.759491549617754,-0.13059479012318945,7.719827576554792,2.262995354500803,271.1090166499122,-174.36046246778622
443130000,0.7599733046742694,-0.13094754382291635,7.740199773255059,2.2569718106391417,271.06267883269953,-175.15705554873313
443140000,0.7598027207578059,-0.13118285618987274,7.735309441304539,2.258414815034262,270.67489366973575,-175.13540783100592
443150000,0.7601915762148223,-0.13030851941548127,7.744284083324043,2.2557680617861418,271.9406710985403,-174.93802564691302
443160000,0.7604537024327084,-0.131563494144969,7.762340023200426,2.250461957445472,270.7147762056314,-176.14280416787366
443170000,0.7599108294778315,-0.13008241361440867,7.732261929996503,2.259314991853492,271.9896792508662,-174.45682595673142
443180000,0.7598613741610342,-0.13080260517242986,7.735049994703653,2.258491422528052,271.1444949612272,-174.92619702871912
443190000,0.7599408738153058,-0.13119239824255136,7.740568630489577,2.2568630460726187,270.7638606892932,-175.29756448830688
443200000,0.7600025304377962,-0.1307464920342754,7.739996915575744,2.257031631574978,271.3100104158679,-175.0441652322622
443210000,0.7597603619496077,-0.1300324477897542,7.726290098791932,2.2610810513317285,271.935542959751,-174.25128934301458
443220000,0.7595394795026373,-0.1307188137995827,7.7224235343623455,2.2622259984077973,271.0049248751292,-174.50425091282818
443230000,0.7602081205863526,-0.13080984389834574,7.748153358671611,2.254628879519199,271.38789211859836,-175.32161681893695
443240000,0.7597034433902051,-0.1303264029694563,7.726044318465925,2.2611537958427057,271.56415977926014,-174.40241699334544
443250000,0.7596609036751502,-0.13109333526745165,7.729400609828048,2.2601608284569363,270.6729918545558,-174.9115839879254
443260000,0.7593048953535533,-0.13073205229306384,7.713723336053579,2.264806524937539,270.81985384955186,-174.25131255461068
443270000,0.758987569458619,-0.1308581839708703,7.7026782087966845,2.268091111961518,270.44899287020286,-173.98842527787914
443280000,0.7597183250101315,-0.13106155049271512,7.7313511007569895,2.2595841735582787,270.75014571489584,-174.9530480005647
443290000,0.7589822366880628,-0.13179312043034913,7.7085194099514025,2.266352869660941,269.4023231241346,-174.65529618557977
443300000,0.7592256346463362,-0.13265596133941138,7.723251310984536,2.2619807833845753,268.6114686560858,-175.54074166596757
443310000,0.75909998663326,-0.13168453267633082,7.712216075172654,2.2652541885998647,269.60780594060543,-174.70901714282292
443320000,0.7592080657115614,-0.13069040511068564,7.709834025833524,2.265962031603071,270.79612053802515,-174.11287082743388
443330000,0.7590443008711724,-0.13179766709047033,7.7108682635652155,2.265654645823268,269.44163314414203,-174.7278116773574
443340000,0.7594213188480547,-0.1309092308079189,7.719224594904189,2.263174133653265,270.7060288191597,-174.50997464593513
443350000,0.7589120789406841,-0.1313786549596192,7.703216615148349,2.267930779187573,269.8142354598826,-174.27983910202107
443360000,0.7586887123295956,-0.13110149226970266,7.693103610812077,2.2709461572337,269.9619768322666,-173.83145661038554
443370000,0.7597170284509366,-0.13161859141461077,7.734921039431365,2.2585295014417133,270.1239278849566,-175.35266937435483
443380000,0.7595050953303842,-0.13114433685711577,7.723884676757919,2.2617931954323467,270.503312316306,-174.7737417221937
443390000,0.7589950743612704,-0.13136121337407244,7.706202203355995,2.2670421102727936,269.89337473921046,-174.3598465662092
443400000,0.7597194047618789,-0.13171813398530804,7.7356589090990076,2.2583116350017094,270.013871289376,-175.4266920051466
443410000,0.7594752230281671,-0.1324991259133516,7.731587679811902,2.259514250021974,268.9637458228383,-175.70920572778968
443420000,0.7598270961665735,-0.1321891010766304,7.742788115140815,2.256208811328069,269.56166528970346,-175.88399273589394
443430000,0.7599304228128716,-0.13110924459334164,7.739635133888636,2.2571383257107556,270.84982154459254,-175.2257750586626
443440000,0.7602098913749511,-0.1313858925247033,7.751967736021282,2.2535069921509048,270.73988834670183,-175.73992830788106
443450000,0.7600469871872656,-0.13158042481891644,7.747092620624224,2.2549410641978227,270.40361648357884,-175.6962476788251
443460000,0.759486985786949,-0.13129947102053216,7.724210683292311,2.2616966522093866,270.3164618066281,-174.86530669447902
443470000,0.7603519248325081,-0.13193283249066887,7.76091098540257,2.2508809943014727,270.2247056947799,-176.29247564903486
443480000,0.7597588352846608,-0.13221615273718057,7.74039580829696,2.2569140046684395,269.4826839971896,-175.8265341175304
443490000,0.7600512808972462,-0.13179956512600624,7.748685983481949,2.2544721560615284,270.1599500297317,-175.85816812221626
443500000,0.760054054429314,-0.13224100606288614,7.751682735351902,2.253590777937963,269.6647773355967,-176.1763119488701
443510000,0.7597558204174427,-0.13246698672157156,7.741926804753857,2.256462653429703,269.1987229983522,-176.00132113267338
443520000,0.7600728129494904,-0.13284508986570343,7.756367161903151,2.252214423342731,268.99750338045556,-176.6254692703514
443530000,0.759618386563399,-0.13238153714310394,7.73619644226209,2.2581529473545228,269.197166726575,-175.78637142367094
443540000,0.7598445679032827,-0.13208663723700326,7.7427750476275525,2.25621266210651,269.68929795728667,-175.8306441756042
443550000,0.7604134078682674,-0.13171609506938511,7.761815111276406,2.2506158591748013,270.5134718879963,-176.20678418851514
443560000,0.7605625590417098,-0.13058894600460527,7.760104368104698,2.2511175880418706,271.8947763547731,-175.56109604379117
443570000,0.7604594995568994,-0.1318190939674026,7.764234030774435,2.24990681917839,270.4301208304886,-176.3326374020562
443580000,0.7601649727630393,-0.1324981022078415,7.757560594793386,2.2518640450821383,269.45382123995745,-176.48391706986843
443590000,0.7606977667467679,-0.13291708161524954,7.780509829762539,2.245147670445792,269.3570255276623,-177.38239735332812
443600000,0.7599067155109793,-0.132927105787773,7.750639962034107,2.2538973905649047,268.7880169345266,-176.49626702852655
443610000,0.7599124751301843,-0.13269532397032513,7.749329577158162,2.2542828095361154,269.05289833101807,-176.33914019756855
443620000,0.7596894147031552,-0.13298083768298904,7.742806338490306,2.256203441232663,268.57453440359023,-176.28981427150592
443630000,0.7603719083933683,-0.13292276458516267,7.7681910034482105,2.2487479090621916,269.1208213071116,-177.01773410799484
443640000,0.7601024320621264,-0.1328262320904114,7.757361369987923,2.251922527585749,269.03965911949473,-176.64554156391483
443650000,0.7600789432545482,-0.1321903678331336,7.752289472220639,2.25341241421448,269.7395330086819,-176.1683074114472
443660000,0.7597439767075628,-0.1316175497825635,7.735927343682824,2.258232386385241,270.144428018571,-175.38218028796848
443670000,0.7605906227224246,-0.1322654807423553,7.772135471092474,2.2475938556415,270.0189194610054,-176.79949177631323
443680000,0.759982672872946,-0.1325642870690457,7.7511144852550435,2.2537578533750855,269.2500599827854,-176.32542243904402
443690000,0.7600954539100581,-0.13230501276776518,7.7536653991118785,2.253008035248571,269.62211183350485,-176.26847125747256
443700000,0.7599325804804327,-0.13357583329176884,7.755908368389607,2.2523491490553798,268.0759664896399,-176.9805430448064
443710000,0.7600459542729768,-0.13290461674594234,7.7557459054101425,2.2523968605485996,268.91148731611116,-176.63719263080924
443720000,0.7597379512779405,-0.13291915622566214,7.744227424795863,2.255784751646717,268.6780206791858,-176.30089246988254
443730000,0.7599979135326725,-0.1327240885279599,7.752741740145614,2.2532794785223342,269.0809138682813,-176.45564704539086
443740000,0.7601293895457739,-0.1332273382452141,7.7610325905039765,2.2508453299204203,268.6064387799444,-176.95826806818766
443750000,0.7603380908379769,-0.13269681613183096,7.76541683267444,2.249560276718353,269.3521688845699,-176.81998855783243
443760000,0.7611491875504799,-0.13313104017757066,7.799111195339242,2.2397332421438065,269.4320750483018,-178.0455506143524
443770000,0.7612488965498407,-0.13321907765556823,7.803502931129669,2.238458738775925,269.4019817710914,-178.22090368595127
443780000,0.7614175475318445,-0.13390319018244787,7.81453449877828,2.2352637473292827,268.7404010288511,-178.89143185621612
443790000,0.7615647218504292,-0.1333938229667622,7.816745738572475,2.2346244253285983,269.4243947362445,-178.70359408804822
443800000,0.7616631562442531,-0.1330393785793244,7.8181410050883935,2.234221209790196,269.8983627461403,-178.56693374653116
443810000,0.7616408014484027,-0.13419196849052384,7.825033460477448,2.2322315162777038,268.5658133012683,-179.34685902809028
443820000,0.7617783760256004,-0.13393476396896345,7.828574910967922,2.231210566069396,268.95541803619955,-179.32552855021785
443830000,0.7616721189344299,-0.1338830561237896,7.82414972842285,2.2324864302437244,268.94058794340606,-179.1680454878605
443840000,0.7613497789944227,-0.1342249203394256,7.814109133581488,2.235386772708805,268.32653352879163,-179.0375614352731
443850000,0.760632992091016,-0.13399107033395433,7.785207179870495,2.2437778973532114,268.09496701631144,-178.06081744801628
443860000,0.7612862078741089,-0.13387514211981755,7.809323688707594,2.2367717721305045,268.6809504161486,-178.72221436347044
443870000,0.7609657716653581,-0.13347294354172393,7.7944032991727115,2.241101118532664,268.9147558992623,-178.07697042104314
443880000,0.7609848324879462,-0.13384729384345911,7.797634815523194,2.2401620226639225,268.5028023183216,-178.35997027140823
443890000,0.7597163188642301,-0.1340151158550298,7.750667375114673,2.2538893290655877,267.43121562002386,-177.04315555779797
443900000,0.760903893136725,-0.13443783239660387,7.798517694551879,2.2399055909403263,267.7758963444063,-178.67753370346404
443910000,0.7606860827268561,-0.13428261536003971,7.7891804434268535,2.2426205832391353,267.8014248164555,-178.32312878315722
443920000,0.7608575208291065,-0.13402207810431546,7.79395664056988,2.241230982184229,268.21578301154193,-178.33695072769635
443930000,0.7608681956015767,-0.13417930443879655,7.795418604937534,2.240805979981921,268.04472588311523,-178.4581528449567
443940000,0.7613308338951862,-0.13442028061801328,7.814702949249937,2.2352150313496573,268.0907577379709,-179.1511220949128
443950000,0.7610206873036311,-0.13493488552950822,7.8063293392543045,2.2376392723041825,267.291503303378,-179.15229646728088
443960000,0.7618792075997196,-0.13524461374508542,7.841343843699897,2.2275372465499252,267.52564573515923,-180.3439039436015
443970000,0.7611579456791252,-0.1345585299126875,7.8090268279414845,2.2368577461722445,267.8139827342368,-179.04963354972082
443980000,0.7606371643976089,-0.13444820339126617,7.78843240024225,2.242838378111051,267.579966000093,-178.38214422182992
443990000,0.7607155200358916,-0.1345595923313529,7.7921627235755535,2.2417527066482794,267.5077698936772,-178.54779417929058
444000000,0.7611635451822157,-0.1345795721752785,7.80938291827098,2.2367546194128938,267.79389423593375,-179.0705123253363
444010000,0.7607684994023434,-0.13516538341997056,7.798270366861196,2.239977421178276,266.8570738131883,-179.02369781694637
444020000,0.7620433988436776,-0.13472147264064677,7.8440970147461915,2.2267468176348078,268.23773755468267,-180.17342845231408
444030000,0.7608558091780366,-0.13512395333885946,7.801318193106372,2.2390925781546605,266.96378713312333,-179.09446110932177
444040000,0.7607323770512625,-0.13506907372132393,7.796242403379379,2.2405665680012326,266.9416131701286,-178.91685296594918
444050000,0.760229421570671,-0.13565328801636514,7.781072575018054,2.244983482177028,265.9376279547498,-178.74577573655492
444060000,0.7610663891291273,-0.13489374722901643,7.807796055821521,2.237214261798541,267.36963200607465,-179.17604292654292
444070000,0.7603613606848534,-0.13494092140544248,7.78126886021488,2.2449262190906496,266.83258718353346,-178.40896346265433
444080000,0.7611536096184498,-0.13515637685032447,7.8129096246771,2.235733771572347,267.13056340917996,-179.4551630879399
444090000,0.7608751891339799,-0.13530331024440367,7.803273135564533,2.238525390418829,266.7733744890389,-179.23897570658826
444100000,0.7605873630886617,-0.13575496387424452,7.795369800251187,2.2408201651950184,266.0653784808902,-179.21962930245235
444110000,0.7609361101891378,-0.13544779730990744,7.8065791842874726,2.2375668632276633,266.6507729975495,-179.40664210278754
444120000,0.7612204651636099,-0.1347179366084059,7.812494092740891,2.2358540036215713,267.6755689932177,-179.23059107637292
444130000,0.7606450775420645,-0.13449201376470063,7.789027898753182,2.242664993596356,267.5357876453278,-178.4213463597586
444140000,0.7622096064918589,-0.13219591771205078,7.833475520453333,2.2297993372728198,271.251406396278,-178.59478618251663
444150000,0.7729241165671592,-0.13191181653910686,8.263537194798749,2.1125736967523405,279.2663954988076,-191.27583122836398
444160000,0.7657480763565887,-0.13402441001353896,7.984256082470444,2.187239352784103,271.61334450563953,-184.00719225454162
444170000,0.7635543108652816,-0.12740804752356988,7.853910068744977,2.2239340950013835,277.7623223453865,-176.61374032504992
444180000,0.7622910684282956,-0.13191228783447562,7.83471835776395,2.2294417226303573,271.6351638186881,-178.48563798933782
444190000,0.7615096866438565,-0.13440293647677976,7.8214334925427105,2.2332702995687788,268.2341236919536,-179.343136035221
444200000,0.7617635562367958,-0.13521181299752624,7.836671628112622,2.2288799206380756,267.4841877424194,-180.18910937642923
444210000,0.7618500261812442,-0.13608127276002582,7.845956076586393,2.2262134043004305,266.54768363031945,-180.87850687917793
444220000,0.761405014915386,-0.136488690497726,7.831647976955377,2.230325405150092,265.78257361465126,-180.64398939223514
444230000,0.7612943207279876,-0.1363514219490349,7.826457557930122,2.231820856163541,265.8647737478377,-180.42558172673336
444240000,0.7616499979878129,-0.1362889645955553,7.8396865695337254,2.228013318156041,266.1752609402797,-180.7895891776705
444250000,0.7616306091758599,-0.136831309567304,7.842681529634956,2.227153129612264,265.5422801685194,-181.1309047274669
444260000,0.7611668477155078,-0.13625655782511695,7.8209219841865485,2.233417975968927,265.8871004196983,-180.21655935468686
444270000,0.7613099206836624,-0.13612814376844942,7.825523708531445,2.2320901286604604,266.1297825211783,-180.29304195545615
444280000,0.7608552803957759,-0.13574240322970296,7.805497790287808,2.2378803024061527,266.261236683216,-179.51498317347475
444290000,0.7604018749970513,-0.13552238409474468,7.78673563815441,2.2433325528606995,266.2027332277935,-178.85176799183103
444300000,0.7604806762093522,-0.1362176330997279,7.794457611710622,2.2410853284783876,265.4693610130424,-179.41136853843315
444310000,0.7599014618875316,-0.13664049953537508,7.775341178523328,2.2466568221521364,264.6030364819833,-179.04114035091524
444320000,0.7614561322129839,-0.13677009477774607,7.835550165191622,2.2292024423578263,265.49567407747156,-180.89072523998598
444330000,0.7614371498111392,-0.1357443078042913,7.827774714661315,2.2314411692487783,266.6535790889256,-180.178602297671
444340000,0.761677032332091,-0.1364736393677973,7.841998587291617,2.2273492200772917,265.9822754093212,-180.9445876023069
444350000,0.7623377006262334,-0.13639558880250413,7.8669526607212354,2.220206727351405,266.51537967051934,-181.6497681330349
444360000,0.7616041109820174,-0.13673633325821652,7.8410057910792625,2.2276343395551166,265.6331321983505,-181.0371702691268
444370000,0.7608801199913502,-0.13636550116593263,7.810700900227626,2.2363730039079623,265.5703802866316,-179.96376152143355
444380000,0.7610573273423333,-0.13657745673332605,7.818930970334764,2.233992984030909,265.4483540696799,-180.3074078411932
444390000,0.7610183701157096,-0.136743019039993,7.818577822810484,2.234095004701366,265.2339782425707,-180.37388861121912
444400000,0.761024918347369,-0.13736969492455448,7.823149757960012,2.2327749439764677,264.5256419779699,-180.79831246701733
444410000,0.7617027401655976,-0.13702348377496942,7.846788399000648,2.225974672553291,265.37062696314456,-181.34149766059457
444420000,0.7615321298548744,-0.13741361874194385,7.842926457053758,2.2270828130533413,264.81144790499405,-181.40548767299174
444430000,0.7615242842634878,-0.13683426649679786,7.838612427497081,2.228321987459101,265.46792263432076,-181.0113942361752
444440000,0.761975138204365,-0.13609949352657946,7.85090299355257,2.2247952555717756,266.61122964634313,-181.03414775508574
444450000,0.7611725658060144,-0.13671825092515377,7.824312480013574,2.232439479881721,265.365243297534,-180.53279604052383
444460000,0.761332416889082,-0.13724188977404148,7.834059085202434,2.2296314076889843,264.8750563468783,-181.06375073011128
444470000,0.7613544032509837,-0.1376386909093262,7.837655453627441,2.228597059342859,264.43710830613185,-181.35139533324912
444480000,0.7617881963575966,-0.13751917315418252,7.853524835950608,2.2240443798113296,264.8601394299574,-181.7680961713301
444490000,0.7624496658077707,-0.13723589935632205,7.877131523540739,2.217306484613191,265.6234017106251,-182.33971987009846
444500000,0.7617937875590781,-0.1374664893974944,7.853373743581683,2.2240876376807464,264.92414132707466,-181.7396603184318
444510000,0.7616656820943,-0.136802503904481,7.84383219058563,2.2268228235086944,265.5986315207107,-181.15176782029144
444520000,0.7618510650208085,-0.13772678569317967,7.8573977691510875,2.222936133069415,264.66392894165915,-181.9770955956972
444530000,0.7615536047382646,-0.13716084925377026,7.841999487338261,2.227348961627702,265.1144208669233,-181.26238197383694
444540000,0.7616085646480664,-0.13725452687788103,7.844764001530773,2.2265554121669346,265.04387291475547,-181.38737936979035
444550000,0.7615953000359282,-0.13712094659349996,7.843327337271779,2.226967733417686,265.18772316623017,-181.28350222003465
444560000,0.7614051123016401,-0.13713222860693597,7.836092400953597,2.229046488961457,265.0484159496469,-181.0738352989321
444570000,0.7608860730414904,-0.13723370337863108,7.816895747486402,2.2345810675039663,264.58815799061705,-180.55032807689773
444580000,0.7613362507321398,-0.13701445588346434,7.832633415047111,2.230041710680195,265.1369387669126,-180.91694413745552
444590000,0.7620389212339242,-0.13759983845776477,7.8637685598041385,2.2211155337690665,264.9333350852797,-182.10867196185143
444600000,0.761198862725842,-0.13747747809025687,7.830564299930239,2.2306374650990675,264.51809789707323,-181.06762558250722
444610000,0.7620530071756836,-0.13703299793206977,7.860365590527359,2.222087636941047,265.59290169501924,-181.74905651058089
444620000,0.7619672116209943,-0.13757987109310396,7.860857984239671,2.2219469252289454,264.9088823781328,-182.01325850400445
444630000,0.762035708261141,-0.13773851786011093,7.864612947559165,2.2208744556505318,264.7721473390704,-182.19644939715147
444640000,0.7624996033169267,-0.1382853911976682,7.886429751969966,2.214663809328465,264.44808161806606,-183.08843515716805
444650000,0.7624729188339423,-0.13864665868996182,7.887942048369371,2.2142345940681274,264.0147655662575,-183.293196764524
444660000,0.7623989660745903,-0.13868879910408152,7.88536680627753,2.2149655914037427,263.9182100795649,-183.23548030731735
444670000,0.762200008849406,-0.13797991399815845,7.872660908013237,2.2185793492816104,264.6031342268522,-182.54379739098542
444680000,0.7619185386479532,-0.13774102889847373,7.860102541096565,2.222162816113414,264.6920714620947,-182.0637754120888
444690000,0.7618975433195946,-0.1377651779028444,7.859460293849582,2.2223463910005594,264.6505719251107,-182.0556269046758
444700000,0.7625017695572702,-0.13912475684260692,7.89244939830423,2.212956323660794,263.483050207982,-183.63611826986272
444710000,0.7628881864419989,-0.13846771353484144,7.9028416101483225,2.210014771731851,264.491422177191,-183.6555821565758
444720000,0.7628245540302419,-0.1388290534217318,7.902921182891487,2.2099922787188957,264.0327749114014,-183.81697441778434
444730000,0.7629445262386331,-0.13783370477582177,7.900562169758876,2.2106593019871514,265.2608953439714,-183.30552122135327
444740000,0.7629728491207601,-0.1377591546880123,7.901141383964814,2.2104954886567105,265.36571283467566,-183.2891879961101
444750000,0.7623730955028096,-0.13804061464078723,7.879796358255732,2.216548456534882,264.6469492210477,-182.7825782489859
444760000,0.7622036961188502,-0.13871720929379983,7.8779899561975375,2.2170622414320307,263.7587114710243,-183.02947580140744
444770000,0.7618030607152769,-0.13862153536398134,7.861810770718116,2.2216746976127704,263.60802937125777,-182.50791410023993
444780000,0.7618981183190358,-0.13911832451119663,7.868986653529113,2.2196265762021694,263.10073453365663,-182.9387037348628
444790000,0.7619940243861094,-0.13870448545998704,7.869778299214175,2.219400859305118,263.6371262774896,-182.7806050216213
444800000,0.7626106227649851,-0.13867003628390626,7.893461914186325,2.212669381385758,264.0773423204093,-183.46699824064382
444810000,0.7626462314442474,-0.1390708545471069,7.897689051596191,2.211472238099298,263.63843222325767,-183.7677364615249
444820000,0.7626679117707345,-0.139151133379842,7.8991037806874855,2.2110718716342337,263.55988121044953,-183.84455797116422
444830000,0.7626820832238329,-0.13872323285566326,7.896619883870326,2.211774907880038,264.062437001533,-183.58393319486646
444840000,0.7621459471044152,-0.13898525690169705,7.877644257318068,2.217160593944319,263.4134955482409,-183.13690544660773
444850000,0.7625484883780105,-0.13925993039398077,7.895227127507322,2.2121693070408694,263.3575176704384,-183.77708274473113
444860000,0.7628014254157772,-0.13994744677544266,7.909992310469337,2.207995302899194,262.726983140414,-184.50929945511942
444870000,0.762158198729091,-0.13982471775597013,7.884075738050485,2.2153322512302513,262.45772396905573,-183.69064155750564
444880000,0.7628376119379001,-0.14068087878833266,7.916676709742244,2.2061108773250537,261.90348291782095,-185.01608299934676
444890000,0.7624620476983505,-0.14012299175292042,7.89801713745422,2.211379377252098,262.308590085825,-184.22998754064096
444900000,0.7637170208160851,-0.1393298536379635,7.9414414182290685,2.199157454111198,264.0288035156971,-185.1745199043326
444910000,0.7650592208060679,-0.13861714856202362,7.989389556961473,2.1858190862690594,265.73018692163976,-186.2836174128207
444920000,0.7642132648395854,-0.13878031796917473,7.957051319385196,2.1947971104740223,264.98977707254005,-185.39796731748302
444930000,0.7635923839805623,-0.13914673251669335,7.935231167735142,2.2008970222852047,264.1613831203253,-184.9116821199367
444940000,0.7627717772831787,-0.1391081969546817,7.902846260768812,2.2100134571174417,263.6764407317579,-183.93664799927228
444950000,0.7628312162769676,-0.1395278623386889,7.908154822938572,2.2085138835963174,263.23032772623293,-184.27533911177176
444960000,0.7623346577549862,-0.1393582514370928,7.887610897874162,2.214328565867631,263.10672603696827,-183.59431561006323
444970000,0.7624887279411925,-0.1397005737416459,7.896038315228827,2.211939578630896,262.8117778729762,-183.99120371507678
444980000,0.762664668923871,-0.13949676113308818,7.901437503319599,2.2104117496255995,263.15932871346945,-184.06324872097753
444990000,0.7628938445072725,-0.13916458372205565,7.908009272759745,2.2085549716292836,263.6901137545402,-184.1139636702255
445000000,0.7628515052991931,-0.1395121750743966,7.908834776692463,2.2083219566677026,263.2614569274653,-184.288697586139
445010000,0.7623533359382503,-0.1391732142788493,7.887023318787264,2.2144953250961805,263.331513558535,-183.49659587675634
445020000,0.7618922617591246,-0.13970990171157996,7.87294968232497,2.2184970856518658,262.4193251477113,-183.31228347156642
445030000,0.7619068389820663,-0.13972963355918097,7.873654257373942,2.218296397895749,262.4060512339342,-183.3416082761838
445040000,0.762345094433312,-0.13980841750715284,7.891219934313653,2.21330484862362,262.59586341997795,-183.89493320080288
445050000,0.7622920401802487,-0.13875311845856209,7.881670197460348,2.2160157437988537,263.77481227246193,-183.15429457880714
445060000,0.7626170712217989,-0.13916212195032843,7.89720185544058,2.2116101477145547,263.514414514232,-183.79304447195722
445070000,0.7627794420333502,-0.14007557406271504,7.91005222449082,2.207978397924027,262.56513533678714,-184.56554161906143
445080000,0.7631972902414929,-0.13984643650654385,7.924749422330493,2.2038393733764226,263.09629572431436,-184.90245016662618
445090000,0.7627083163431272,-0.13949203041686267,7.903105093732749,2.2099402939737214,263.19280121136967,-184.11053889310392
445100000,0.7624683467160157,-0.14001893337818622,7.897518112203539,2.2115206235928793,262.4323470012992,-184.17100784316779
445110000,0.7627860309922659,-0.14021636469899298,7.91131953636004,2.207620881892657,262.40688128565836,-184.66263763495598
445120000,0.7627658297530323,-0.14019684626644455,7.910390637426179,2.20788291827878,262.41657049833736,-184.6269357388455
445130000,0.7628585435587665,-0.1402397210268513,7.9143199372558755,2.2067749152274456,262.4259597924376,-184.7611552208522
445140000,0.7651062974732104,-0.13904810151898614,7.994372777580402,2.1844421626047463,265.25367334728963,-186.61813537052058
445150000,0.7633600204172255,-0.14072954223065678,7.93749933246094,2.200261360594081,262.1764218070307,-185.65098346258387
445160000,0.7633057376323918,-0.14117343623700682,7.938586745419497,2.199956739917967,261.62797275354444,-185.8667434568569
445170000,0.7632241857027936,-0.14139312989693176,7.936980963842695,2.200406602803972,261.3226300716246,-185.90953305018792
445180000,0.7627044434762459,-0.14092463625477739,7.913231111326531,2.207081835652888,261.53850170279617,-185.01589610435883
445190000,0.7623020976313228,-0.14118972450547462,7.899452252497445,2.21097327694247,260.9811311925165,-184.7190900800233
445200000,0.762994707527178,-0.1416076767268012,7.9295386762614575,2.202493991891493,260.9316457152657,-185.77774154823442
445210000,0.7630382524712538,-0.1412643752311109,7.928751171247668,2.20271510175408,261.35549232031957,-185.6140898524948
445220000,0.7638007454998088,-0.14081580111065345,7.955470606869191,2.195237862780462,262.3536406788934,-186.21704897037247
445230000,0.7635615325949131,-0.14041591958714936,7.943149919483491,2.1986793665126,262.66749184046637,-185.68676186082413
445240000,0.7626760624352018,-0.14104585368378808,7.912997778673742,2.2071476190946475,261.38096794795297,-185.05926918186148
445250000,0.7626391948898936,-0.1407468254475469,7.909401386357254,2.208162048388032,261.7023822285443,-184.82883373585895
445260000,0.7627847238646246,-0.14105819951560689,7.917333213456355,2.2059259741386574,261.43486763958356,-185.19229626067806
445270000,0.7618649019251018,-0.14080656662647428,7.879711631574516,2.21657254952234,261.1461114133385,-183.97714583639862
445280000,0.7626449261853909,-0.14031280290946388,7.906504436696491,2.2089798688741897,262.2061410792842,-184.56112202007458
445290000,0.7623933892790946,-0.14069221551856786,7.899425516747527,2.2109808410949676,261.6103191967811,-184.51147488374983
445300000,0.7628337785486033,-0.1407033181112774,7.916688639867298,2.2061075169470294,261.8751685675881,-185.02580504688981
445310000,0.7628050725463041,-0.1413181497144608,7.920010630360676,2.205172206668569,261.1477333653549,-185.37842456864573
445320000,0.7627431298283948,-0.14059983787502578,7.91240086745389,2.2073159241352225,261.9373687170449,-184.85594721474828
445330000,0.7632361716837066,-0.14106314726012104,7.935054330761146,2.2009465970288793,261.7121382380454,-185.71711553970778
445340000,0.762830050551614,-0.1413887602304078,7.921499781388773,2.2047531932393802,261.08185928305676,-185.45131251450323
445350000,0.7624625381025978,-0.14105498178986817,7.904731514527846,2.209480672389135,261.2365547749645,-184.81912796174424
445360000,0.7628245714832544,-0.14136726685149503,7.921129526025848,2.204857359772474,261.10323971515777,-185.43158109682588
445370000,0.7634102589093359,-0.14160982347176815,7.945873431986241,2.197917681620602,261.1874476191277,-186.2599761123525
445380000,0.7630769884367546,-0.14159927628561053,7.932704021776014,2.2016056994833857,260.9925057626492,-185.86760929503225
445390000,0.7630506172270078,-0.14244095937602064,7.937816978372672,2.200172368600405,260.0034387237782,-186.35704682963828
445400000,0.762757546203932,-0.14152994135391453,7.91968757946067,2.205263127024301,260.873835021683,-185.45565911616154
445410000,0.7630596065227654,-0.14195051419777197,7.934582392073681,2.20107891202395,260.57572942040923,-186.0652961767409
445420000,0.7628880421575106,-0.14165969649132154,7.925737703507549,2.2035616133790334,260.80529029108044,-185.6868944575929
445430000,0.7623633249400167,-0.14125369482913805,7.9022986388812,2.210168266974866,260.94592081036575,-184.82946790694677
445440000,0.762943533370962,-0.14236444999974404,7.933054275051898,2.2015074520032334,260.02604009915666,-186.1863855137228
445450000,0.7637254765755651,-0.14272388911481446,7.9664806630782135,2.192171605134327,260.0888116353429,-187.31211696525347
445460000,0.7633891798031645,-0.14346468864327286,7.958685302710366,2.1943416915748153,259.02535967471323,-187.37193409720942
445470000,0.7640192617389631,-0.14258912919943664,7.977107876960861,2.1892201237070226,260.4251272013729,-187.5714471250829
445480000,0.7632984664856184,-0.14226995006285378,7.946304345976754,2.1977972164911,260.3535333531872,-186.53863807479487
445490000,0.7641126121197349,-0.14211569927192874,7.977311731630695,2.1891635855288936,261.03404833672676,-187.3895068064846
445500000,0.7639641959374598,-0.1414873809133265,7.96682369554418,2.192076210252064,261.6742114972402,-186.82745212368917
445510000,0.7623970409603663,-0.14241618087690308,7.912048069829746,2.2074154110596678,259.63069103893724,-185.58868407310626
445520000,0.7633454602858686,-0.1420394559997493,7.946464411295457,2.1977524724524535,260.64944007882565,-186.4510079913261
445530000,0.7638907879244328,-0.1424245806930777,7.970807487756086,2.1909689570571595,260.53795058490573,-187.32110031855746
445540000,0.7642515496393467,-0.14288870696521233,7.988539678561977,2.1860540920699076,260.2177205057768,-188.02502791833516
445550000,0.7635678009736973,-0.14296473469177098,7.962032692756298,2.1934093101928505,259.71310732075676,-187.27589728059885
445560000,0.7640624552808293,-0.14258483368968575,7.97878734989366,2.1887544169439033,260.4565568413971,-187.61912851891387
445570000,0.7635383317690247,-0.1424057900569285,7.956749256366843,2.1948813213805076,260.3435022908511,-186.9001092794184
445580000,0.7639094438468681,-0.14199846213894785,7.968408045701929,2.1916357220489506,261.0452683887755,-187.0805443744832
445590000,0.764203711549563,-0.14204486727694327,7.980400138412628,2.1883073887683597,261.17281951844984,-187.45206779614395
445600000,0.7643846164141036,-0.1420123491394245,7.987337912566487,2.186386487479545,261.3224036729264,-187.64320568740197
445610000,0.7640833907998654,-0.1425374704782083,7.979266783013301,2.1886215098469792,260.5245515043695,-187.6145314349817
445620000,0.7644974369112896,-0.1427878422001161,7.997564333541345,2.183561213118132,260.48530800633245,-188.25072043212896
445630000,0.7635461020713852,-0.14316615957669793,7.962665929370337,2.1932330181761235,259.4662964287859,-187.3731055662653
445640000,0.7638191030976512,-0.1430472278274501,7.972574458453705,2.1904782060254813,259.77011677476514,-187.61786854733117
445650000,0.7646847468466264,-0.1432438042634154,8.008423523848892,2.180569146580804,260.0657250494867,-188.7467702692178
445660000,0.7639005915944292,-0.14344381980653706,7.978745158615491,2.1887661138678727,259.3583806282229,-187.95281236049834
445670000,0.7636173137989395,-0.14346353623645328,7.96768312652085,2.191837245273809,259.1644473215045,-187.63567503250042
445680000,0.7634123370203285,-0.14251467085889394,7.952584185822612,2.1960431469910895,260.13998524397203,-186.82080612557
445690000,0.7636889193802917,-0.14308610245669565,7.967714439789248,2.1918285396013513,259.6458777025352,-187.4902423790249
445700000,0.763469834671161,-0.14351655275325237,7.962252075813667,2.193348231090329,259.0139638895896,-187.49667209844333
445710000,0.7641757424365004,-0.1439396653491306,7.993363033379356,2.1847210261484644,258.9466548296078,-188.57126305139712
445720000,0.7637101922981865,-0.14519028672362802,7.984277322550798,2.1872334725176295,257.2166256322368,-188.7718746552927
445730000,0.7645041130545591,-0.1435741347740129,8.003693148468424,2.1818715077613087,259.570363539612,-188.7349187851151
445740000,0.764541576885937,-0.1444830053794255,8.012013330527825,2.179581847990199,258.5308439477196,-189.32201700944216
445750000,0.7647078830376722,-0.14423661729571202,8.016795817774609,2.1782679238062035,258.9177833071213,-189.36994856416266
445760000,0.7641340976872486,-0.14301810090353617,7.984838541020677,2.1870781120136606,259.99541186094643,-187.96678391595245
445770000,0.7636251063784235,-0.14418755241052392,7.973383160146306,2.1902536743235137,258.32925935065776,-188.0793707029421
445780000,0.7639926565076356,-0.14388104136861055,7.985654722991362,2.1868522102851937,258.9052016805433,-188.32296251584728
445790000,0.7641716485587188,-0.1445038235548178,7.997433294684118,2.1835973690673756,258.2869979922592,-188.9028596004499
445800000,0.7639916669953349,-0.14451033416251388,7.990329676910201,2.185559186311309,258.17258312549774,-188.6972481022968
445810000,0.764403746578634,-0.14419959252250283,8.00438464753359,2.1816810274952787,258.7797897873459,-188.9924785301418
445820000,0.7638446491618248,-0.1445534880344394,7.984819395688182,2.1870834115957654,258.03517128935334,-188.5519777092598
445830000,0.7646006457444303,-0.1443075015645923,8.013047873304041,2.1792974862029166,258.77103828983996,-189.286743083993
445840000,0.7640146121274101,-0.1446489080489891,7.992282508226127,2.1850195167284965,258.02501606993104,-188.80610629308816
445850000,0.7646151613207081,-0.14368766578882955,8.00896963350636,2.180418892961771,259.5044443433385,-188.93303157709053
445860000,0.764292394125195,-0.14365165932547036,7.995846118461551,2.1840353947922306,259.3524339336005,-188.53439321995498
445870000,0.7643462722603639,-0.14422648864549703,8.002297694698186,2.182256001159891,258.7141418000441,-188.94144851475446
445880000,0.7646710473355537,-0.14444361865445954,8.01688518377473,2.1782433868532354,258.6537379971497,-189.44996917189528
445890000,0.7636545595919305,-0.14493554916941895,7.980154835755311,2.188375369230353,257.4792982726657,-188.55739664971685
445900000,0.7643168326651105,-0.14477254782059332,8.005236822573877,2.181446333423842,258.0598357866252,-189.23119462601153
445910000,0.7641568698025248,-0.14395484156023036,7.992726665790477,2.184896810124197,258.9176720250567,-188.55836290116505
445920000,0.7641629953640636,-0.14411206972037294,7.994147844797787,2.1845042766499954,258.7381715799661,-188.6595234567052
445930000,0.7647505363044029,-0.14430657285884316,8.019027424859432,2.1776553644559753,258.8613167317189,-189.46150782259238
445940000,0.7643251110899597,-0.1448672319448009,8.00628145393263,2.181158704978484,257.9543324389157,-189.29675500075786
445950000,0.7645541176822335,-0.14523619883041622,8.018211771381369,2.177879215035228,257.65851347314,-189.7809916860181
445960000,0.7643159187252326,-0.14424239541849682,8.001208733857172,2.182556140321899,258.67749723926227,-188.91552358035506
445970000,0.7639146536069434,-0.14485275010321816,7.989846671788887,2.18569270726734,257.728915332976,-188.81044653253815
445980000,0.7638432390129171,-0.1451044361570026,7.988908006869676,2.185952236804975,257.3944658302423,-188.87581475814721
445990000,0.7645344257257727,-0.1448362323457562,8.014395347799592,2.1789272216005777,258.11402016282585,-189.52271027660186
446000000,0.7635284410344431,-0.14531425023210223,7.9780105573967015,2.1889697916174216,256.96627292626493,-188.6339904551489
446010000,0.7642277243185079,-0.14552302358171848,8.00736528761317,2.180860363160704,257.1330550787209,-189.56822080864552
446020000,0.7634907244172556,-0.14504699484323338,7.974506567455203,2.1899418430678264,257.2535910140661,-188.43324398831197
446030000,0.7638762111972427,-0.14418044162560073,7.983275151153073,2.1875109559551187,258.4873938662179,-188.36665678237054
446040000,0.7641208379822817,-0.14468519929420215,7.996777516055779,2.1837783281299035,258.0456836365622,-188.95120174001147
446050000,0.7637672579255682,-0.14474326728066386,7.983175802577555,2.187538467664912,257.7689509338902,-188.57455209014864
446060000,0.763613768573187,-0.14488672561929916,7.978172322991143,2.1889249367290438,257.51183078247504,-188.48129175012122
446070000,0.7645196631901064,-0.14481897949686467,8.013675620339868,2.17912497554473,258.12545508893976,-189.49528681459097
446080000,0.7643803888671954,-0.14477669434864343,8.007800845327298,2.1807404923389555,258.09255424713194,-189.30776323278505
446090000,0.7649188145576418,-0.14443990184980027,8.026765248654609,2.175534069704674,258.80518369825467,-189.737814790041
446100000,0.7644907313649061,-0.14508711082770206,8.014550054590668,2.1788847187240408,257.7953624113569,-189.61945793998683
446110000,0.7635954742608769,-0.14524198590663862,7.980120675876399,2.1883848362577227,257.08931862283623,-188.6692412002158
446120000,0.7641659742958242,-0.14560019906179003,8.00549074622615,2.181376411156188,257.007174663573,-189.54137602045984
446130000,0.7641774451961065,-0.14582536797735396,8.007658365724161,2.1807797030142835,256.751808233342,-189.68582267520782
446140000,0.7646880212562651,-0.14572037696391132,8.02724991414751,2.175401338763546,257.1711103267337,-190.22019290391344
446150000,0.764476117722725,-0.1451361766732743,8.01433848744597,2.178942843367277,257.72950622228063,-189.63123208913638
446160000,0.7643226367221334,-0.14565855942796058,8.01217896826599,2.179536314607538,257.0305370407866,-189.75783292783493
446170000,0.7644113157191845,-0.14568982709601835,8.01595582134943,2.1784985862520903,257.0457382858046,-189.87941062613643
446180000,0.764544798926366,-0.14608909417167718,8.02433461057941,2.1761999721534857,256.6574594855655,-190.2668120005722
446190000,0.7636396728996032,-0.14593408781945025,7.987103093557181,2.1864514477325785,256.3131848706605,-189.12452766315124
446200000,0.7634802617456865,-0.14568944638558323,7.978933976582056,2.1887137677845003,256.50373093291233,-188.79759974500726
446210000,0.7636173086155921,-0.14614553385182685,7.987820043895538,2.1862531229901134,256.0552755072272,-189.22117928860342
446220000,0.7642626719578688,-0.1462531530935178,8.014316875965008,2.178948780946804,256.3032478338056,-190.03276303561475
446230000,0.7645315529869309,-0.14674938509479865,8.028864376500966,2.17495931802472,255.87956216564507,-190.63122142383378
446240000,0.764226119774404,-0.1465639495339485,8.01523426713632,2.178696763759431,255.92048779335235,-190.16913532340567
446250000,0.7646130509734146,-0.14636324140540116,8.029163837342711,2.1748773490321858,256.3768794942789,-190.50467054309797
446260000,0.7648489647678803,-0.14615733115436735,8.037039292675994,2.172723891551816,256.753518836755,-190.66161282741007
446270000,0.7650216560025358,-0.14617849044014167,8.044133385672538,2.1707877556380644,256.8284425799521,-190.875966684492
446280000,0.7650288673067936,-0.1465590948347152,8.047349323761022,2.169911196669212,256.3868356979529,-191.1033785064733
446290000,0.7649027529258982,-0.14711210019222656,8.04654694361704,2.1701298324818756,255.66771297277833,-191.27156857862545
446300000,0.7650560725318752,-0.14738194050149353,8.054802299077826,2.167882493557504,255.4389840102052,-191.60397399220338
446310000,0.7648300802603151,-0.14927442376475764,8.060479379282956,2.1663397464556113,253.1018887399269,-192.39433271799987
446320000,0.7699567858297477,-0.14359234875256546,8.226449981911157,2.1221926132381723,262.81949838440545,-195.26108027412832
446330000,0.7652432531642362,-0.14863436216849676,8.072119930203193,2.1631833179800055,254.0776127247638,-192.52431560011317
446340000,0.7653211807474866,-0.14764871430041293,8.067562012164942,2.164418131945603,255.27607614544328,-192.0651394664238
446350000,0.7647483820764844,-0.14711139803814938,8.040342626159276,2.1718219065713713,255.580764504439,-191.09077283553472
446360000,0.763734405589933,-0.14744081458614183,8.00236365010249,2.182237825210177,254.62211099958526,-190.0984876739008
446370000,0.7646877205349788,-0.1477077035165223,8.042521318282818,2.171227420111737,254.85037343729212,-191.3574110069768
446380000,0.7641692144075491,-0.14744125089581195,8.019700083623876,2.177470792609353,254.86786362756445,-190.60318634082861
446390000,0.7644885365741746,-0.14674917379416413,8.027141160127947,2.1754311208233994,255.85519275587242,-190.58094321474658
446400000,0.7644543115911929,-0.14679647070250998,8.026135151244647,2.1757066531103058,255.78048374009924,-190.56810645095408
446410000,0.7645448703382292,-0.14744462271127207,8.03475529188131,2.1733479852329802,255.07654069246612,-191.04232515586642
446420000,0.764327972444508,-0.14716588052343035,8.0239232587483,2.176312707465502,255.27820222986742,-190.63159892910815
446430000,0.7640601817261422,-0.1473191395037308,8.014407561878661,2.178923865943938,254.94792823950164,-190.40731111161705
446440000,0.7649590906610104,-0.14699042662445327,8.047871088739976,2.1697690477797247,255.84208376361758,-191.2682285758518
446450000,0.7643361512357343,-0.14730396094016904,8.02531389797495,2.1759316353438205,255.12213732344352,-190.7195339206759
446460000,0.7643402431293242,-0.14705162251389045,8.023534645983156,2.1764192216826013,255.41818430634606,-190.58086176394278
446470000,0.7646635211504101,-0.14701172806787627,8.036170033161671,2.172961370612268,255.64883374501375,-190.93496873259517
446480000,0.7643137808900476,-0.1478637308039708,8.028742933384667,2.1749925614361905,254.4582276954948,-191.00959568628295
446490000,0.7647817676353694,-0.14826018584085446,8.050594769945329,2.169027315873382,254.25842596913802,-191.7768462263697
446500000,0.763761980984633,-0.14820511217292417,8.009351165734984,2.180313932625251,253.75264220217295,-190.56075138975322
446510000,0.7645703005772887,-0.14807408808627964,8.040652977138446,2.1717372030022135,254.35724430191416,-191.42623684678344
446520000,0.7642165935331156,-0.14793345593942583,8.025395004819545,2.175909414052096,254.32256218912187,-190.93577881317356
446530000,0.763988661805902,-0.1474603374870465,8.012641348688652,2.1794092175541517,254.74347821281754,-190.40431060681234
446540000,0.7648787539181993,-0.14758539753925967,8.049247008122514,2.1693942840716973,255.10085690160702,-191.5115371569895
446550000,0.7646253449207594,-0.1485988948469623,8.046950374174504,2.170019898543442,253.7764167151736,-191.7829249255749
446560000,0.7645980298761129,-0.1480648074216554,8.041693521816994,2.171453257355123,254.3835859621958,-191.45335535674073
446570000,0.7645688419945762,-0.14875392277669025,8.045891678793637,2.1703084145668328,253.56451415267776,-191.80304203817667
446580000,0.764487388847655,-0.14890581714863163,8.043808485619854,2.1708763523024484,253.34266225662208,-191.7922219891023
446590000,0.7647211169812145,-0.14839861864892018,8.049235944324048,2.1693972970360513,254.06312166347263,-191.7832431792663
446600000,0.7643735958611678,-0.14886285068311556,8.03890746664884,2.1722136886218792,253.3297552261456,-191.6361293421532
446610000,0.7652161045071142,-0.147849692014221,8.064887665274435,2.1651433157841633,254.9814478643843,-192.0549663005601
446620000,0.7647567514010475,-0.14835789605293845,8.050350811819657,2.1690937314706837,254.13046834331584,-191.80213110358332
446630000,0.7648829703775976,-0.14834359753078785,8.055316671579792,2.1677426217912794,254.2174710902095,-191.941494691885
446640000,0.7654265317430075,-0.14849362794619972,8.078424709681315,2.1614775834296367,254.34415385453838,-192.66103658647506
446650000,0.7648067259445622,-0.14849740887577104,8.053449649033306,2.168250402219644,253.9954890278441,-191.9380671571293
446660000,0.7645216772741503,-0.14858780558502144,8.042701254724571,2.1711783365748203,253.73178638784776,-191.65602635250357
446670000,0.7649955677305652,-0.14865874424687234,8.062316296697716,2.1658410364732674,253.9118746808857,-192.2481087504553
446680000,0.7647775672617999,-0.14843776480287296,8.051811027841813,2.168696260633724,254.04887271264178,-191.87087953694262
446690000,0.7638515467243348,-0.14873899666242857,8.017060317004038,2.178195302662497,253.18440062346053,-190.9618417012952
446700000,0.7637145679507955,-0.14898023312221842,8.013471988533514,2.1791809324291638,252.82942694406526,-190.93686069058927
446710000,0.7643579503412685,-0.1491134897938513,8.04023919797427,2.1718501365269756,253.0297885682521,-191.7562224159285
446720000,0.7648690485692082,-0.14924411871532514,8.061811208159464,2.1659781414026686,253.15862020049212,-192.4231617635149
446730000,0.764850160722622,-0.14875944959105186,8.057247210326787,2.1672178179901227,253.71376644455606,-192.13405745186873
446740000,0.7646239662968186,-0.14912596116291413,8.05101873020269,2.1689119058985358,253.16168407887906,-192.07256072230902
446750000,0.7639279152630717,-0.1495725672166913,8.026611758035779,2.175576108182509,252.26132362194403,-191.50931036522164
446760000,0.7646175510222502,-0.1489952695139641,8.04973668779036,2.1692609397983205,253.31035766550173,-191.99311028928992
446770000,0.7647509464852623,-0.14888536496209717,8.054240162251322,2.168035374483491,253.51204035950485,-192.08791799234473
446780000,0.7652048934013889,-0.14962963777907076,8.078409497470624,2.161481695782303,252.89197538584875,-193.02623985537463
446790000,0.7649286172222483,-0.14946932951723857,8.065985664051686,2.164845520082144,252.9284626943586,-192.6160201874601
446800000,0.7658984110909262,-0.1500773777086655,8.110110942879416,2.1529457705654553,252.74325325044444,-194.08203839429837
446810000,0.7656094460223956,-0.15000400143164064,8.097774748901438,2.1562593453128516,252.67323569761996,-193.70318347062394
446820000,0.7653780281717698,-0.1494093106123803,8.08367384409869,2.1600595110594667,253.24430230594962,-193.10860701415638
446830000,0.7652524164374233,-0.14861959369437874,8.072374232439275,2.1631144650879337,254.0999819043049,-192.5268625439887
446840000,0.765029068152961,-0.14899865450078797,8.066333793210388,2.164751118801307,253.53319960002784,-192.47503502332975
446850000,0.7650237366919734,-0.14799319981375442,8.058251765281396,2.166944837593729,254.70560805615838,-191.91026915903046
446860000,0.7647071873382116,-0.1480744115370507,8.046150909997067,2.170237761662093,254.43349908049785,-191.58601029308363
446870000,0.765049178044298,-0.1483883880543307,8.062361549586445,2.1658287535495586,254.25766891188667,-192.16066012110156
446880000,0.7651260596391624,-0.1494649409024869,8.073921558663006,2.1626956180354506,253.04150027327668,-192.84421191964003
446890000,0.7650228854735637,-0.15046091383857293,8.07764172880885,2.1616892689205898,251.82257150943875,-193.26350150286234
446900000,0.765292817379256,-0.15061021848072598,8.089757866367528,2.1584182291081975,251.79306678493884,-193.6588357327532
446910000,0.7652240588050789,-0.1503020043470263,8.084517336879662,2.1598318128762046,252.11636438434118,-193.41289776920877
446920000,0.7657082568095607,-0.15066872743618767,8.107097196296577,2.1537543354915503,251.946916299573,-194.17652970876946
446930000,0.7659185963529325,-0.1504775155823645,8.114131662404294,2.151867992200653,252.2839618917949,-194.32103053540143
446940000,0.7655876579967128,-0.15033396423856674,8.099518623592557,2.1557903081863157,252.27467946277932,-193.8556240863139
446950000,0.7660383840765284,-0.15016268097653937,8.116496252715747,2.151234655699281,252.71845724111063,-194.292619073361
446960000,0.7655020792813049,-0.14968842041717634,8.09091058992897,2.158107542226655,252.9849471256289,-193.406141966705
446970000,0.7656189418224726,-0.1503060306638296,8.100566840040631,2.155508475811326,252.3242517477845,-193.87726383248642
446980000,0.7654825767369936,-0.14957955763710948,8.089256968867096,2.158553261126151,253.1019117787025,-193.32401512861173
446990000,0.7656749611178008,-0.15011945103735388,8.101355811043549,2.1552963952181665,252.5732357730101,-193.8424005796278
447000000,0.7658224519111265,-0.15088215094809432,8.113457863025635,2.152048532573033,251.75750728768702,-194.4243679032043
447010000,0.7661875788428189,-0.15125416126820448,8.131358389209469,2.1472625149633275,251.51421264600717,-195.05071252633138
447020000,0.7657154432637321,-0.15097260810918978,8.10982577566502,2.153022252587164,251.59446364830353,-194.34700862307434
447030000,0.7651560174345057,-0.15142014386457428,8.090691649524784,2.158166545045009,250.77448272127089,-193.93009327691172
447040000,0.7652445562888729,-0.15086972768509002,8.089873635473625,2.1583870224723336,251.46402749267162,-193.74117599009307
447050000,0.7654325578748703,-0.1513461265481039,8.101320113898563,2.1553059899394293,251.00713739649322,-194.2139279669948
447060000,0.7651365431967576,-0.15142637048018848,8.08995228538232,2.1583658221776747,250.7569263360727,-193.91066780560203
447070000,0.7658826262782977,-0.15165535109983627,8.1221395398683,2.1497246598088617,250.88227808081862,-194.90397827675295
447080000,0.7649375719548926,-0.1533231742408603,8.097203485679913,2.1564130383836173,248.44520305626935,-194.66558841451462
447090000,0.7657228046866994,-0.15390494207031466,8.1339458994353,2.1465724683502834,248.16677546259854,-195.87625779579443
447100000,0.7650439411770594,-0.15402791741018465,8.107273391286874,2.1537070469360806,247.68046076869214,-195.147559316436
447110000,0.7645521014692694,-0.1525306852446083,8.07518565784737,2.162353558939121,249.16637988209382,-193.8095570626157
447120000,0.7654539899093806,-0.15183208962685268,8.106103424548964,2.1540210906238273,250.45035298445367,-194.49490914439383
447130000,0.7649853968884044,-0.15155980706052075,8.084900440383237,2.159728411242243,250.52157935901513,-193.80494651027078
447140000,0.7645727570983435,-0.15157668938710445,8.068362226999323,2.1642012382187166,250.28418405581576,-193.33396565962258
447150000,0.7646674162921824,-0.1513350653193464,8.070250180842587,2.163689692065905,250.61494626936042,-193.31612228474503
447160000,0.764601879716406,-0.15200525674373427,8.072970499611179,2.1629530417087075,249.8019571308045,-193.59319187018187
447170000,0.7654890414212803,-0.15195222594105642,8.108498977315074,2.1533781725528307,250.3282999603598,-194.59881094107246
447180000,0.7660454299287666,-0.15192147642762327,8.130944911467285,2.1473728240303025,250.6553277816388,-195.23449051886593
447190000,0.7654814085395304,-0.1522265882054219,8.110406722885793,2.1528664479564332,250.0036838922027,-194.7331210014784
447200000,0.7657843482933003,-0.15211255566981988,8.121829263268591,2.149807626349612,250.29495201380385,-195.02809599918382
447210000,0.7652033524353533,-0.15250035743705204,8.101316900358821,2.155306853682691,249.53967874333006,-194.5509382213837
447220000,0.7649450052348232,-0.15211617747717307,8.087736501331433,2.158963253009584,249.85259470659935,-194.0500373495461
447230000,0.7657331451167357,-0.15343722297360707,8.130531112811882,2.1474832301167606,248.71854540828917,-195.6509984351081
447240000,0.765045700867442,-0.15308928205610434,8.099690812741814,2.1557440068648286,248.77256411397354,-194.6713786771969
447250000,0.7645127503954788,-0.1530273324223452,8.07760495158812,2.1616992129775654,248.57036265546492,-194.0208067072383
447260000,0.7647766876004085,-0.15209639015689372,8.08076555308628,2.1608449651036885,249.78761619012036,-193.84394246944055
447270000,0.7650118495309084,-0.15206326261641115,8.09001823986467,2.1583480442920773,249.949134197387,-194.10018706888687
447280000,0.7662383060506482,-0.1516864264280178,8.136931475730153,2.145776817730029,251.0325245313888,-195.33802614668124
447290000,0.7656810266163602,-0.1518418727673245,8.115425089020837,2.1515215118506004,250.55792597839124,-194.7656124325108
447300000,0.7662801318360347,-0.1525031153893095,8.145288633720133,2.1435527993619985,250.0941643296731,-195.81259963025516
447310000,0.7656188954147864,-0.15317672366344964,8.123734735444582,2.1492982134116443,248.96460111162224,-195.38442815461264
447320000,0.7652125262919713,-0.1517299508768634,8.095472097541025,2.1568789868495433,250.44283938827758,-194.15932435295792
447330000,0.7647805773509029,-0.1524894977763232,8.084089437008593,2.159947317049762,249.33285777898112,-194.05335085258793
447340000,0.7651550551918836,-0.15296881137580667,8.103153473515539,2.1548133283631405,248.96899464348328,-194.73670930494305
447350000,0.7672609167025649,-0.152714012018572,8.187429081086451,2.132408544598043,250.35092985828516,-197.07818241059869
447360000,0.763941393306305,-0.15332642892210216,8.056992013731108,2.1672871767944386,247.9309389397039,-193.514176724376
447370000,0.7635482080131563,-0.15217192963128953,8.031961868385435,2.174111766651486,249.05718170710918,-192.46252281732794
447380000,0.7640784106784021,-0.15176278592760586,8.049951455515883,2.1692024617711483,249.80781881500835,-192.8592883639039
447390000,0.7656021577014223,-0.15244893246562866,8.117127224176224,2.15106571839687,249.80656395310626,-194.9898095163336
447400000,0.7659455589158248,-0.1518381910423229,8.12618830247975,2.14864262891287,250.70081441408198,-195.07370804028926
447410000,0.7657989565644567,-0.15194514469030124,8.121069205036068,2.1500108896359387,250.49870272013013,-194.95779435596037
447420000,0.7641770759735628,-0.1531822528254882,8.065314375186546,2.1650275751093724,248.2184027237448,-193.71215479509837
447430000,0.7646668280148939,-0.15185471294020333,8.074385122676992,2.1625701672356836,250.0108424021723,-193.5896243085262
447440000,0.7651493782692672,-0.15308207696303805,8.103843223870625,2.1546280368044903,248.8342014152501,-194.78832920735223
447450000,0.7647868691482538,-0.1526527219220047,8.085661872025153,2.159522926413021,249.14651287972413,-194.14532377169328
447460000,0.7654720615769062,-0.15230514121165514,8.11066228026427,2.1527979170269735,249.90704449715977,-194.76308481468422
447470000,0.7659543141705041,-0.15327221671802924,8.138226736653868,2.1454318174204676,249.02442445991824,-195.82559801249064
447480000,0.7646520532875848,-0.1522801276194479,8.077205725362475,2.161807164200786,249.5091072818675,-193.7951263955671
447490000,0.7657099784348406,-0.1530724897561895,8.126602240722448,2.148532065694294,249.13309960185697,-195.43746685689672
447500000,0.7664039111661144,-0.1530927783539446,8.155197336652448,2.1409218781069193,249.46476741039572,-196.26139072292915
447510000,0.7650810941039199,-0.15249742089027038,8.096329961402017,2.156648094575587,249.47966723215893,-194.4069877550997
447520000,0.767430254847888,-0.15320019787585237,8.198462479446379,2.1295099176873062,249.8617622276852,-197.5273321929165
447530000,0.7656811994210794,-0.15376523359303243,8.131097323767216,2.1473321616077006,248.30890180644698,-195.75696809569504
447540000,0.766531305360881,-0.15355999149233762,8.164282375571528,2.1385153504796555,248.98036911080945,-196.64916107060435
447550000,0.7664753829093077,-0.1530958621498567,8.158160882895459,2.14013626904178,249.49770194100762,-196.34700384821622
447560000,0.7722908210585009,-0.15122578930082647,8.387805063991284,2.0809727086607084,254.74707800888473,-202.38805314411152
447570000,0.766076295857197,-0.1530190933789835,8.141150044061975,2.144653587081371,249.38347491503345,-195.8390154260796
447580000,0.7657935791962674,-0.1530865471364967,8.130132576232654,2.147589574899171,249.1595220057323,-195.54245400146812
447590000,0.7641419604072324,-0.15201532445294716,8.054522492392987,2.167958588166761,249.54915922995264,-193.06555209468937
447600000,0.7657350366551983,-0.1523651922703413,8.121866577706005,2.149797648299566,249.9734794863684,-195.10180363878126
447610000,0.765016019948036,-0.153263506176564,8.099902027560827,2.1556872143479517,248.55471932038955,-194.72622371314043
447620000,0.7652518106241304,-0.15365561300033717,8.112684602216572,2.152255760546681,248.21881630725045,-195.20063242982263
447630000,0.7649487454870858,-0.1529723173474113,8.094807355490955,2.1570579349643575,248.8587207019498,-194.4984771938251
447640000,0.7645566447152884,-0.1555542148033801,8.100028425495966,2.1556532292655324,245.66912366943345,-195.3445588574175
447650000,0.7658511520646488,-0.15349758781158673,8.135851659268237,2.146064518399836,248.7080422282831,-195.8197289726685
447660000,0.7656619461979743,-0.15359084207727627,8.128880265493416,2.1479238081456193,248.50281533813478,-195.645982487141
447670000,0.7663543845569183,-0.15374041088658558,8.158490886900864,2.140048823845906,248.67877418953458,-196.53267355315322
447680000,0.7665508448088777,-0.15380098948722923,8.167077047889233,2.137776165489621,248.70689695233847,-196.7940996844376
447690000,0.7664478958112584,-0.15363659921125958,8.161481048563907,2.1392568113981643,248.8480400825577,-196.58995031845078
447700000,0.7652601397339994,-0.15463994656558747,8.12110185680496,2.150002156739978,247.07771117086722,-195.70635055005968
447710000,0.7649292534119154,-0.15289373866132716,8.093379948604504,2.157442292813135,248.9400270632238,-194.43533079556477
447720000,0.7648397321502742,-0.15466666876405424,8.104212354883554,2.1545288881988505,246.8365882672013,-195.23164646126978
447730000,0.7649291600917666,-0.15445867196481042,8.106138150014914,2.1540117682526088,247.12256717886555,-195.23117863167732
447740000,0.7653626024003762,-0.15481089833243636,8.126692090171892,2.1485080683488054,246.92997251219143,-195.91078087592845
447750000,0.7670000805137711,-0.1559028453849668,8.203203590426153,2.1282667933448325,246.45769882550485,-198.36315345125007
447760000,0.7691086643591534,-0.15883463827372782,8.316994992433113,2.0988620851445727,243.98209448620028,-202.23599775654742
447770000,0.7664658476453551,-0.15439679389346941,8.168510119398812,2.137397320235114,247.96424048488214,-196.9935573102205
447780000,0.7653295917473198,-0.15534352995611556,8.129750974128175,2.147691410838293,246.29423864258365,-196.13633128740668
447790000,0.7653621584736444,-0.1554150668711899,8.131674676499518,2.147178142400725,246.22713757211372,-196.20944386185042
447800000,0.7657845929612299,-0.1551485937347721,8.146752383089037,2.143163741139788,246.745864697343,-196.569919060793
447810000,0.7657599374610403,-0.15529612663027786,8.146967605119432,2.1431065480287415,246.56161436804695,-196.6139759330018
447820000,0.7653750132069507,-0.1553597654101535,8.131741167298006,2.147160406212439,246.29776273205295,-196.19713798943417
447830000,0.7656794927448756,-0.15510230199039973,8.142061333055139,2.1444111036458713,246.7478805629684,-196.42446120166474
447840000,0.765762611842701,-0.155110711311316,8.145536714675867,2.1434868505303593,246.77919001673226,-196.52554883756767
447850000,0.7655331038646271,-0.15470469912582838,8.13277989873276,2.1468833664620774,247.1385612317501,-196.05638353099843
447860000,0.7654114215276902,-0.1550470435594509,8.130637836722824,2.147454753897627,246.67947884777902,-196.0848920252799
447870000,0.7656989108219665,-0.15531515369772614,8.144624407576176,2.143729394618355,246.50935210078094,-196.5522044985165
447880000,0.7658777941333739,-0.15589006569587502,8.156756770458212,2.140508414188079,245.9267433670778,-197.04256285258322
447890000,0.7654488926979041,-0.15603895547683666,8.140412823208496,2.144849793337108,245.54445633395457,-196.6157772340977
447900000,0.7648436647703073,-0.15630414925986538,8.117911981653835,2.1508556433889456,244.942734437858,-196.04308402602945
447910000,0.7654439905017312,-0.1556450162748025,8.13693040867134,2.1457771019933487,246.00000903156078,-196.41759050048557
447920000,0.7652456543891496,-0.15508438842799355,8.124179261211118,2.1491794078632194,246.5538923762282,-195.91066105905844
447930000,0.7654777606348099,-0.15529584253497186,8.135411005045558,2.146181946293273,246.42278918582767,-196.28512382357934
447940000,0.7657192457939792,-0.15547452406231543,8.146783490276956,2.1431554745247383,246.33360559178843,-196.65433658514826
447950000,0.7654094819605326,-0.15617219963638854,8.139912009144265,2.144983102136131,245.3704746591483,-196.634787802475
447960000,0.7655216036722345,-0.15616593077258745,8.144450605232167,2.1437756076080943,245.43221911604616,-196.76203949286887
447970000,0.7652620598585214,-0.15626088604522706,8.13462263502622,2.1463920675798667,245.1959437746331,-196.506707451636
447980000,0.7654401687963154,-0.15611300100364847,8.140673733616934,2.1447803497026445,245.45416523508348,-196.64166774499347
447990000,0.7653888457834238,-0.1555730382761744,8.13407703855162,2.1465375075633415,246.05663045415625,-196.31815740116872
448000000,0.765194208743244,-0.15574905657916588,8.127588702992512,2.148268626970658,245.75673435534435,-196.1784337014493
448010000,0.765226198982507,-0.15651274544213573,8.135260735459909,2.146221993889308,244.88647674172398,-196.58706324376809
448020000,0.7656303119782921,-0.15676590301263038,8.15393651674244,2.141256285760801,244.78721501730902,-197.1781604901337
448030000,0.7655599093707726,-0.15614487055929702,8.14584409458058,2.1434051435646575,245.47531298903797,-196.79635158095803
448040000,0.7656229897542842,-0.15635131570588448,8.150157616611212,2.142259193846176,245.2657848298693,-196.96980472906478
448050000,0.7648379467961969,-0.15587571421521507,8.114119536009758,2.1518712411239562,245.43554381138958,-195.8276251153945
448060000,0.7652746220610994,-0.1561433805601596,8.134155738771426,2.1465165271752955,245.33838928214422,-196.46420389920624
448070000,0.7655181644405584,-0.1567903991812693,8.149541383626156,2.1424228296722925,244.70489790576553,-197.05960793541578
448080000,0.7656625483846503,-0.156393265079623,8.152131987441093,2.1417350843414376,245.23611658662665,-197.03611148849052
448090000,0.765488012644816,-0.15646649426614662,8.145588925851714,2.14347297144337,245.0666363976517,-196.8685809741562
448100000,0.7661513760736491,-0.15567059733323202,8.166172199907153,2.138015439661354,246.31655831669755,-197.25485170019832
448110000,0.7652469857623512,-0.15695538364338693,8.139818723924543,2.1450079350293128,244.38340453963465,-196.8241402472034
448120000,0.7653823767649043,-0.15651004612078961,8.141627206518793,2.144526612810049,244.96504110994613,-196.76694167973568
448130000,0.7654705600128696,-0.15665681941397322,8.14646886312407,2.1432390884299055,244.83714835933702,-196.9400937877737
448140000,0.7656409829188668,-0.15691788433660406,8.155652704710581,2.140801126499378,244.61566512637526,-197.26344409461154
448150000,0.7650153117935324,-0.15639477945357166,8.125663518849281,2.1487828154608324,244.92112234485558,-196.28565689691612
448160000,0.765057193649278,-0.1565770566312096,8.128894181121597,2.147920093584296,244.73033818268829,-196.42231047362532
448170000,0.7654235224990728,-0.15677513257178338,8.145534052523459,2.1434875582044723,244.67716403534703,-196.9423871894234
448180000,0.7660137045749457,-0.15629699048630527,8.165755213061445,2.138125724019589,245.51807752734615,-197.3986812685661
448190000,0.7659628415056344,-0.15665028649621715,8.166632204293922,2.1378937913209297,245.08155344054106,-197.5097039443949
448200000,0.7654746389147111,-0.15648374138688295,8.145185428245695,2.143580236286659,245.0401405804566,-196.86137500733525
448210000,0.7652437586037129,-0.15657493988232626,8.136498856873343,2.1458920731342457,244.8228442613767,-196.63745185899703
448220000,0.7648918491074008,-0.15646723092195222,8.121233477342477,2.149966954823164,244.7774912519168,-196.17787651852652
448230000,0.7648907330890697,-0.15742135821955303,8.129172542137201,2.1478457921369127,243.67421529174308,-196.63450298112582
448240000,0.7648154351709692,-0.1574719317557847,8.1265249309965,2.1485527143122067,243.58001033267288,-196.57162189013943
448250000,0.7645671927376839,-0.1573130318178718,8.115078973246055,2.15161421761243,243.6450021304715,-196.20963662825864
448260000,0.7652381161907524,-0.15659809468148714,8.136461876055726,2.1459019258921304,244.7932759703993,-196.64208087284015
448270000,0.7645956526315291,-0.15739494826754233,8.11692334162128,2.1511203033198925,243.564176808249,-196.2815000591895
448280000,0.7648145178788686,-0.15734152052638042,8.125392804140036,2.1488551392357587,243.73010728988578,-196.5084804068141
448290000,0.7646474921428432,-0.15689906114723595,8.114885269122587,2.1516661040118237,244.16078359274152,-196.10392594604733
448300000,0.765079484768224,-0.1571446038485991,8.134557461720437,2.1464094398257543,244.0841424625246,-196.720733478016
448310000,0.7657910202872261,-0.15787456249949047,8.169907956566727,2.1370279194854254,243.57507470156,-197.8917996060771
448320000,0.7659780000018858,-0.15812362469864688,8.179733324925367,2.1344350260119542,243.3732320569275,-198.22597380918225
448330000,0.7671543509695558,-0.15844448539607187,8.231295239652693,2.1209309542010395,243.54577456371462,-199.74910153832369
448340000,0.7667129109949256,-0.15858012919237544,8.214077487029188,2.125421147763964,243.18280113624738,-199.29506891895466
448350000,0.7667812737287011,-0.15804169082806846,8.212298140237413,2.125886270685947,243.84422507139365,-199.12482549246158
448360000,0.7663657514986252,-0.15766670316377815,8.191864687639177,2.1312422964490825,244.08763370779013,-198.46331582533892
448370000,0.7658911687111176,-0.15757625667355168,8.171502375720427,2.1366067254501937,243.96910981894902,-197.8675970825114
448380000,0.7662243005340345,-0.15809577814253845,8.18967029852666,2.1318191039834273,243.52082885037632,-198.49968984864026
448390000,0.766150388903932,-0.1583969512348202,8.1891861673716,2.1319464028366504,243.1355974940011,-198.55403959757913
448400000,0.7660864669705826,-0.15745470783090829,8.178523601510392,2.1347539279945913,244.20300811447228,-198.03748883487137
448410000,0.7654672972902968,-0.15766034492613015,8.154784823764768,2.141031277472129,243.67109176962623,-197.41505166783264
448420000,0.7652248039377799,-0.15843762322735386,8.15142166144905,2.14192361528261,242.65733505441636,-197.49928171196012
448430000,0.7652746695969811,-0.15783324779158978,8.148346048356936,2.142740313205781,243.37983766705074,-197.2735219332956
448440000,0.7657342979866724,-0.15834647548964895,8.171584736740604,2.136584972861569,243.000509636303,-198.04690835596588
448450000,0.7657432119881561,-0.1582958331123202,8.171520623420536,2.1366019059630794,243.06344552360596,-198.03363077607287
448460000,0.7656743432739272,-0.15827201368112465,8.168482291775026,2.1374046754312235,243.05893509257186,-197.94259165810948
448470000,0.7658935046302598,-0.1582182262258963,8.17705367617446,2.1351415521779478,243.2237514418063,-198.1719548923816
448480000,0.7670300687558617,-0.15859938197503182,8.227446619843702,2.121932974983115,243.30679754252378,-199.6750248879617
448490000,0.7717309548932262,-0.1487967302683306,8.343381686151371,2.0921597697371346,257.4445523205855,-200.4071296776818
448500000,0.7626944051227235,-0.1516600234854668,7.99389158638616,2.1845750454359343,249.1949420363986,-191.212988296544
448510000,0.7654603018406416,-0.15852568945030865,8.16183770723803,2.1391623815500322,242.6651503699531,-197.8127587976682
448520000,0.766212826843239,-0.1594478693515721,8.200793578499873,2.128898518702958,241.9417860945707,-199.11056341940085
448530000,0.7660676457000973,-0.15863508017840816,8.187802489403238,2.1323103153972855,242.82013841891,-198.56828387400066
448540000,0.7661027485816978,-0.159133084274957,8.193525387481252,2.13080598063745,242.257354731304,-198.83865235020636
448550000,0.7658130306481296,-0.15895046540243055,8.179988440344328,2.1343677858297743,242.33618174661484,-198.41826499226104
448560000,0.7649542674411257,-0.15835993407053683,8.139683940915036,2.1450438158184344,242.62071630236008,-197.15055805026327
448570000,0.7657848669041168,-0.1583481730376374,8.173682487335808,2.136031080380952,243.02211503788192,-198.10639885885575
448580000,0.7659672384284114,-0.15940233633879505,8.190235982300768,2.131670380801677,241.882616855023,-198.8045210035258
448590000,0.7671775550743914,-0.15902897611953662,8.237313464432855,2.1193659633353312,242.87129249796348,-200.04523960582114
448600000,0.7664855461870628,-0.15936142297983502,8.211362128200827,2.126131027238676,242.1667425063412,-199.38854778767467
448610000,0.7658098770051806,-0.15933695582111357,8.18317288800646,2.13352882644175,241.88651558779483,-198.59210219561675
448620000,0.7652630325382852,-0.15923141251768233,8.159751824749135,2.13971476386776,241.7578735271484,-197.91095887979478
448630000,0.7656036955975591,-0.1593568307365861,8.17483983826879,2.1357256156386555,241.76912222214435,-198.36235363287744
448640000,0.765412629952448,-0.15945762789398701,8.167837217677132,2.1375751910082523,241.5651142435704,-198.187487606408
448650000,0.7655621083098523,-0.16013936035695284,8.179856669592754,2.1344025158109954,240.84515852651936,-198.66992197196382
448660000,0.7660774783703859,-0.15952841089139266,8.195882280450054,2.1301870620771615,241.78653411793223,-198.98999798336624
448670000,0.7654798093810936,-0.15911022028507496,8.167626831200433,2.137630809403343,241.9976432504812,-198.10579727782863
448680000,0.7661355578204719,-0.1591147305026506,8.194725369423855,2.1304908210004267,242.29374278910316,-198.86836869282067
448690000,0.7655834346196319,-0.1591327342526061,8.17208502019404,2.1364528512286185,242.0192513950764,-198.23608392817704
448700000,0.7653648418317369,-0.1588067986836455,8.160309708393465,2.139566997325294,242.29555103157722,-197.83275912772186
448710000,0.7651933127198566,-0.15892174377554652,8.154247559887395,2.141173777935672,242.083353655558,-197.687708252406
448720000,0.7653247897734997,-0.1586325230280402,8.157180616054884,2.140396064691254,242.47852620596169,-197.70561406462193
448730000,0.7652082119447199,-0.15922086078511247,8.157410721036692,2.140335075323834,241.7448592194287,-197.84281213281668
448740000,0.7657117848714818,-0.15994462057286224,8.18435316683517,2.133218044156831,241.13800782282917,-198.75501706314068
448750000,0.7658366593682001,-0.15930811768348094,8.184030914295262,2.1333028882794003,241.93221048434873,-198.60995669927496
448760000,0.7657561440444257,-0.15931634781608223,8.180778346047424,2.134159619204989,241.88580750292186,-198.5203865476537
448770000,0.7652733179577219,-0.15963428093524018,8.163622847387256,2.138689869241717,241.29746940142746,-198.10726953391858
448780000,0.7659719890451893,-0.15954510894948246,8.191661553692757,2.131295678174934,241.71910561670435,-198.8751530142676
448790000,0.7652649421716559,-0.15984453358200928,8.16508261058474,2.138303637501989,241.05104097400658,-198.1933091863483
448800000,0.7663573280334726,-0.15843935081394772,8.198113410123463,2.1296015017216314,243.18236306639878,-198.81480931271915
448810000,0.7654131519290979,-0.16094554227859323,8.180686476813472,2.1341838277297724,239.84793022809356,-198.85911206236435
448820000,0.7657615517743273,-0.16072410691405395,8.19315361758929,2.1309036401745542,240.2586987831006,-199.16273561974612
448830000,0.7660207654471421,-0.16067681497355155,8.20347498295027,2.128195678072244,240.4289836112753,-199.44164768230087
448840000,0.7654306237213806,-0.16083289507865509,8.180430528775826,2.1342512756836802,239.98558566170883,-198.82911406838682
448850000,0.7649825023279379,-0.16082569207988281,8.161925335154033,2.139139182244615,239.79398794555013,-198.309994505029
448860000,0.7653718229152373,-0.16039849479598808,8.174250158345437,2.135881241492087,240.46028229425104,-198.56690980974798
448870000,0.7658851693098824,-0.1613065440653915,8.203340837643989,2.1282308287015383,239.6401327201353,-199.56381530381412
448880000,0.7655457524747415,-0.16033551964714937,8.180875526180362,2.1341340118023187,240.61115329390665,-198.73937354713976
448890000,0.7648310074822672,-0.16020232650238636,8.150344026222701,2.1422096991880744,240.44238427557718,-197.85578522788902
448900000,0.765016598155112,-0.15910310483745868,8.1485479344692,2.142686685197161,241.79249018796355,-197.5675336754372
448910000,0.7649424189655541,-0.15946117812864558,8.14856341865684,2.142682572167053,241.3457785121952,-197.6466399420403
448920000,0.7658722131224165,-0.16011345172936872,8.19244001391069,2.1310911205998435,241.01499681720995,-199.01702513327774
448930000,0.766414043867409,-0.16067809002110844,8.219816574598557,2.1239223377036844,240.60263654816677,-199.89847578487573
448940000,0.7658795286198531,-0.16129216159599566,8.202981564091926,2.1283249763305774,239.6542732262741,-199.550955833863
448950000,0.7663917930862664,-0.1611618522074036,8.223117265452174,2.1230612969019704,240.03102549427868,-200.08688001073273
448960000,0.7655718643441513,-0.16003517728200017,8.179360560567565,2.134533282309804,240.9699783066319,-198.63414402783874
448970000,0.7667018102279647,-0.15944432967236666,8.221071179093933,2.1235949703112014,242.1685825733838,-199.67846233722736
448980000,0.7657725488327912,-0.16078628025583594,8.194148282913362,2.130642373564791,240.19171650185712,-199.20315242674593
448990000,0.766048946501882,-0.16149693897879316,8.211798220444123,2.126016987006601,239.49194543835873,-199.83694173741708
449000000,0.7653064757561149,-0.16076980166224872,8.17476752315216,2.135744699514883,240.0029456353082,-198.657871798826
449010000,0.7655978439530537,-0.16143413569844015,8.19256082673294,2.1310593779061664,239.36626205697067,-199.28823694821116
449020000,0.7655317112694698,-0.1610051299231919,8.186095887868696,2.132759330088182,239.83188825953258,-199.02231162159669
449030000,0.7654398851613564,-0.16108577070270017,8.183006056476236,2.1335727626267476,239.69815279135742,-198.95219716125482
449040000,0.7658462362527475,-0.1615808369071337,8.20412360639084,2.128025733147634,239.30605118229767,-199.6393870601716
449050000,0.7657061493672985,-0.16101977831842962,8.193431310749371,2.1308306926278338,239.89237449647143,-199.2301793306644
449060000,0.7659592405866438,-0.16096561125328246,8.203438033017566,2.1282053600939435,240.06723021437443,-199.4987930010059
449070000,0.766937589548344,-0.1613598613611045,8.247633023911268,2.1166878402332476,240.04062416108516,-200.80850795726585
449080000,0.7666251450031649,-0.1610013795962661,8.231434052529526,2.1208948308618054,240.3204320809858,-200.28717357170584
449090000,0.7660054940385188,-0.16165999724990146,8.211422170686857,2.1261153251081213,239.28430584210355,-199.85811160272462
449100000,0.7662275488054197,-0.1613429371503448,8.217870162408124,2.1244304211784577,239.74870758267954,-199.97611899100326
449110000,0.7660300029707434,-0.16211080205946238,8.216396692698227,2.1248152121822357,238.77387334094516,-200.08276623290502
449120000,0.7658525351947991,-0.16142537171691845,8.203025999887961,2.1283133314772176,239.48842973328738,-199.57840421770376
449130000,0.766403768323179,-0.161405942632779,8.225754421474361,2.1223738543902337,239.7530437410519,-200.20812330758994
449140000,0.7665221554317818,-0.16148164218900918,8.231351872916923,2.120916216351116,239.71707160601557,-200.37870650917668
449150000,0.7661679301880858,-0.1620805854199621,8.221865306700638,2.123387808825549,238.86860815774352,-200.2291351965407
449160000,0.7660546855244219,-0.1620697368701942,8.217061282012974,2.1246416398720074,238.83203852538907,-200.09348162593045
449170000,0.7659616663294333,-0.16193417968113552,8.212006959467283,2.1259624050926544,238.94827112681648,-199.9270825482205
449180000,0.7661196881595289,-0.16213196978618938,8.220310972605391,2.123793320966152,238.78827346883867,-200.195609712512
449190000,0.7660666427043236,-0.1624873292859074,8.221236035079977,2.123551961525194,238.35468798120635,-200.28773869096827
449200000,0.7659911274003637,-0.16197707698977334,8.213606771174353,2.1255441734311904,238.91152071364525,-199.97978330476064
449210000,0.7667190084605114,-0.16307811711506973,8.253699011818542,2.1151167721679434,237.9497014055996,-201.29499115714654
449220000,0.7651716507115855,-0.1625337426544689,8.184570280347874,2.133160885342337,237.9154312903657,-199.27735623659413
449230000,0.7657049043948398,-0.16244207238762748,8.205817829363587,2.12758196079459,238.251020752907,-199.85093182599238
449240000,0.765858897074414,-0.1623370484819152,8.211281165019932,2.126152200855564,238.43859060983272,-199.98312505927356
449250000,0.7662221634621058,-0.16289903113936935,8.231350855619896,2.1209164810836603,237.94568602223026,-200.64379912327203
449260000,0.7662264427562072,-0.1624060799282475,8.227169586836922,2.122005139586157,238.5173931007661,-200.43746331732214
449270000,0.7657715940487053,-0.16271857612467294,8.211018397735646,2.126220923084143,237.96114616354424,-200.046734266313
449280000,0.7659479874923467,-0.16287070121277045,8.219687659142833,2.123955981714149,237.86132604341034,-200.3152014050514
449290000,0.7663346391187283,-0.16226691229754836,8.23044886605855,2.1211512331527027,238.72508538688066,-200.5026672840074
449300000,0.7655204045163135,-0.16221447608129583,8.196179724535545,2.1301089791316214,238.43330348106386,-199.53999456568224
449310000,0.7654757468034007,-0.1617966353292583,8.190677394794916,2.131554344104893,238.89492332774526,-199.30657883365993
449320000,0.7659969238378609,-0.1626520374869941,8.219790450847222,2.123929155323822,238.13455497544535,-200.2780185876343
449330000,0.7659570917658863,-0.16282734789684813,8.21968295872108,2.123957208437873,237.91521990566895,-200.30716602394654
449340000,0.7658852434376381,-0.16312025720675968,8.219287112597064,2.124060522114114,237.5469013378154,-200.34928679404723
449350000,0.7653276530033739,-0.16328565106241652,8.197627955921023,2.129728881717023,237.11957791207053,-199.77857558484595
449360000,0.765069674260081,-0.163309774001215,8.187181058909077,2.1324737946109273,236.9821764940278,-199.49316563541842
449370000,0.7665220768463434,-0.16326070504547469,8.247084216343433,2.116830095037498,237.65484035354189,-201.14420846100973
449380000,0.7656198530372909,-0.1636038584838548,8.212549745706355,2.1258204883611516,236.87803641374003,-200.24884479241805
449390000,0.765603383144989,-0.16342743201818746,8.210303081698385,2.1264080242169006,237.0737991247351,-200.15533679686502
449400000,0.7657003726563992,-0.16361670738389977,8.216006438783204,2.1249171489717305,236.89723713788658,-200.34680306682512
449410000,0.7654874723001007,-0.16348246783728693,8.205984567274019,2.1275382967416783,236.96150695562588,-200.04549774605772
449420000,0.7653435783724316,-0.16288994736442217,8.194799312477585,2.130471403884492,237.58052344687587,-199.62793262756873
449430000,0.7650492704837353,-0.16315521152174386,8.18497837911698,2.1330534547510798,237.15046828547943,-199.40391540023694
449440000,0.7654436861928657,-0.16365255457938108,8.205676211606223,2.1276190479879427,236.74778596916514,-200.0671264488816
449450000,0.7655419750110509,-0.16422128946785666,8.214804118224736,2.125231264501916,236.13658961688844,-200.41847453519733
449460000,0.7656718950138914,-0.16329434049953412,8.211967385330048,2.1259727528798305,237.25585018216415,-200.17767229803795
449470000,0.7654778380282877,-0.16395800782128298,8.209801481164646,2.126539244745712,236.41174154772844,-200.23480154704495
449480000,0.7662357287599536,-0.1638827302980635,8.240666838409043,2.1184949519718406,236.81577029269812,-201.07500294534853
449490000,0.7653148001469869,-0.1640674576825529,8.204016713773797,2.128053738056156,236.2179602087019,-200.09379843270472
449500000,0.7658925255237794,-0.1637594859852538,8.22526311850233,2.1225018912269205,236.81388953028855,-200.62791770316684
449510000,0.7650082287069887,-0.1633259635076108,8.184788329568523,2.133103483285183,236.93749169077992,-199.42971636406168
449520000,0.7655167180795323,-0.1645550678414029,8.216731331328745,2.1247278102839706,235.74342376710288,-200.52827689088218
449530000,0.7659698382063304,-0.16442660998184025,8.234435986180058,2.120113938698886,236.07866569122277,-200.9952256889322
449540000,0.7658256349654422,-0.1644420597386808,8.228566529208784,2.121641298948587,236.00113298928392,-200.83588307974608
449550000,0.767717955805995,-0.16515492727754127,8.314520426863432,2.0994928475204064,235.9521165469236,-203.31490183426348
449560000,0.7690393378124876,-0.16613107030170124,8.379934672963323,2.0829459249907782,235.339669110369,-205.246140965567
449570000,0.7697821306825008,-0.16426185191302886,8.39464444622134,2.079261028528355,237.8362962214051,-205.37295043726343
449580000,0.7687680432565644,-0.16612425345376017,8.368220484658169,2.0858898075300187,235.24094513010473,-204.92599609300694
449590000,0.767541514232188,-0.16494477439392902,8.305130503324516,2.1018897918930586,236.12484511150683,-203.02462983672385
449600000,0.7662740308079825,-0.16433406977728807,8.246304833653692,2.117032149568775,236.31128859460057,-201.3071095205337
449610000,0.7664964081329069,-0.16394372278771488,8.252109178591835,2.1155283063185903,236.8542633392769,-201.401423649775
449620000,0.7664237383027284,-0.16376310333387134,8.24745378802436,2.116734297330262,237.03256319276,-201.24195397580067
449630000,0.7658348320155717,-0.16412786362854576,8.226143788099312,2.1222723938728185,236.3660244059309,-200.71577769700963
449640000,0.7660111371474085,-0.16433293173188057,8.235319687704427,2.119884171753304,236.20355145922454,-201.00387732129028
449650000,0.7651570788404792,-0.16482513927223008,8.204227983397569,2.1279983880213,235.28563111477166,-200.22849166025188
449660000,0.765900888279775,-0.16471763254362698,8.23416838708497,2.120183525715084,235.71566843587382,-201.0362540017749
449670000,0.7667178886786232,-0.16676345276787127,8.286952609538766,2.1065456855048623,233.69260615458626,-202.7997700255701
449680000,0.7672535943148786,-0.16452534196994242,8.289159584764556,2.1059793089961034,236.49421786029896,-202.51895631696996
449690000,0.7661405716699353,-0.16435883137842114,8.240951810182183,2.1184209660605853,236.22743471555668,-201.16360932814405
449700000,0.7655641251548029,-0.16408234876428404,8.214486894246333,2.1253141572773844,236.30523062967018,-200.38586132022937
449710000,0.7653072543310929,-0.16443777886180536,8.206996714429552,2.1272732820075,235.79080395299522,-200.2397001544229
449720000,0.7657247087896677,-0.1643639098121412,8.22366857627863,2.1229175465638677,236.04899538285687,-200.6875374524683
449730000,0.7654546002667184,-0.16468413470437024,8.21530469408637,2.125100473853561,235.56985394211756,-200.51053803481489
449740000,0.765650956408447,-0.16466655921114615,8.223305714540698,2.123012157954956,235.67115163174958,-200.72830204109
449750000,0.7656815401030911,-0.16455596916253892,8.22358882394216,2.1229383402024466,235.81065780543014,-200.71764645793385
449760000,0.766101602029094,-0.16519695811292534,8.24685366526236,2.116889861240664,235.24718218507758,-201.46340127186178
449770000,0.7663994281325127,-0.16561891054560418,8.263134729092817,2.1126776096929465,234.882739029872,-201.97711201725826
449780000,0.7669061931063437,-0.16519651882928757,8.280598327390317,2.1081780971550717,235.57503777297816,-202.39062862000986
449790000,0.7666952206180492,-0.16450753120979517,8.265503996608688,2.1120660343532953,236.28514344741254,-201.86496948471603
449800000,0.766692676574195,-0.16510633146152986,8.27080201313006,2.110699752182768,235.59241863234524,-202.1073142549996
449810000,0.7660189226036633,-0.16582053987592757,8.24902909793793,2.1163260545603686,234.49762499103173,-201.62121781122576
449820000,0.765572887648356,-0.16515699125974795,8.22445223058797,2.122713247995697,235.07702447819472,-200.84052210426833
449830000,0.7654669175000253,-0.1664888572130153,8.23204831265221,2.120734996507699,233.51169421805238,-201.25748348058514
449840000,0.7652672668366525,-0.16527794594107206,8.212842644128541,2.125743915134914,234.81363528417265,-200.54046992679076
449850000,0.7660547200048192,-0.16510973303067056,8.24410931865064,2.1176015440771017,235.3282881560427,-201.3739173729554
449860000,0.7660190337249675,-0.16596441478299356,8.250336440372514,2.115987375908751,234.33263833696805,-201.67922492392447
449870000,0.7662611834658424,-0.16471671594528975,8.249202549505503,2.116281114125042,235.86508266009216,-201.45031243588122
449880000,0.7661308214371363,-0.1653549262132994,8.249499700954821,2.116204128125356,235.07752874945822,-201.56129174911996
449890000,0.7650051394690806,-0.16537946760252886,8.202890071181626,2.1283489533837696,234.590598516878,-200.28285538276143
449900000,0.7661267002515171,-0.1652184741032978,8.248096628224248,2.116567685685706,235.23268309993873,-201.50102092390333
449910000,0.7661733855623025,-0.16539352692056997,8.251628341716884,2.115652804403072,235.05045354270175,-201.62589265174228
449920000,0.7660672201914381,-0.16619563221902253,8.254449109161913,2.114922662585737,234.08678585771747,-201.82713606588538
449930000,0.7666326619816698,-0.16581599656251492,8.274716395475439,2.109691429862143,234.7496797427945,-202.32502250893302
449940000,0.765453653041899,-0.1661164884268056,8.228128595116386,2.1217553475828894,233.93146488349848,-201.09329568348065
449950000,0.7658678060562412,-0.16557702280862982,8.240517148637304,2.118533817319607,234.71585225701483,-201.34951272212635
449960000,0.7656453602799017,-0.16565088504177028,8.231909377485831,2.1207711461946253,234.5411105442848,-201.12461544915044
449970000,0.7646906316172731,-0.16541865898345162,8.19024083069014,2.131669106208102,234.41734640422527,-199.94076885751556
449980000,0.7649657345114268,-0.1657874658799269,8.204914707937892,2.1278184946520056,234.10969927122073,-200.40408566032588
449990000,0.7656542201303039,-0.16554009648577234,8.23128042262278,2.1209348101166414,234.67152653461704,-201.0898254514991
450000000,0.7655249236234493,-0.16629266293567874,8.23268802108072,2.120568566077693,233.7588490502805,-201.24533220902063
