frequency_hz,s11_real,s11_imag,swr,return_loss_db,resistance_ohm,reactance_ohm
420000000,0.6298734269184803,-0.4454178975196769,7.75088329481096,2.2538258345265816,60.35681099635674,-132.80564624617563
420010000,0.6296761811519351,-0.44457623664567697,7.7261883023562765,2.261111179827769,60.61450327397596,-132.79345556800692
420020000,0.6302799780855898,-0.44338883537015356,7.7189420547252485,2.263257914291351,60.931574511160925,-133.035320547686
420030000,0.6305438208007844,-0.44352634605443797,7.730166222825056,2.2599344427288357,60.87671793379073,-133.10576013174767
420040000,0.6300934714745251,-0.443682242704474,7.71956370572901,2.263073586557873,60.85508215875349,-132.96448609178094
420050000,0.6305795459617614,-0.4439801489542539,7.741246268505326,2.25666325909392,60.74091735668854,-133.09162621045357
420060000,0.6300048107643345,-0.4441866480902132,7.727860974852568,2.2606162245000756,60.711299123012076,-132.91113585761008
420070000,0.6298633589253301,-0.4441758437426371,7.723223239177762,2.261989098313559,60.72211929630506,-132.8700952616248
420080000,0.6291857400934066,-0.44344576384365614,7.686303232995315,2.2729783533370274,60.97327209035833,-132.70964126550794
420090000,0.6295634085087908,-0.4445890635171646,7.722963821494801,2.2620659412932005,60.61681818204775,-132.75963750457987
420100000,0.6297973057608264,-0.4446914974761806,7.732491177212505,2.2592472514905397,60.574095574655686,-132.8228046644097
420110000,0.6298688440292918,-0.4437737604276012,7.714588599555879,2.2645496179392537,60.840203612059,-132.89336271755812
420120000,0.6295781010827868,-0.4461214906668237,7.757223583501985,2.251962976638473,60.166981893658345,-132.68075761268113
420130000,0.6305016363363385,-0.44412997758970235,7.742108670737473,2.256409049799263,60.70101108402994,-133.060501498353
420140000,0.6303436334721179,-0.4450062166661299,7.756494612554731,2.252177000058345,60.451889734098664,-132.96613294089826
420150000,0.6298097557646797,-0.445491012035053,7.750509400211308,2.253935786317585,60.338858201620084,-132.782995696087
420160000,0.6292875407545723,-0.44421185420144615,7.706145353097835,2.26705902537433,60.74245150386804,-132.69883030496953
420170000,0.6298834305828654,-0.4451202897617864,7.744622789523777,2.2556682945321507,60.44354103045895,-132.82480452905588
420180000,0.6288327671973286,-0.4445761584591728,7.700038946800316,2.2688773913608555,60.65973870750486,-132.54586392014141
420190000,0.6292280324240664,-0.4439298434197561,7.698147631527063,2.2694411824730802,60.82854305204513,-132.69637962437918
420200000,0.6292385590767049,-0.4451814856865987,7.725881972686826,2.2612018485041685,60.46053232629992,-132.63241120299864
420210000,0.6296199840399607,-0.44395827708298585,7.710902745054095,2.265644399025195,60.79923258464198,-132.81017949332846
420220000,0.62863623089557,-0.4443013468239457,7.6879786018327225,2.272477353713471,60.75080497913505,-132.50278004429822
420230000,0.6290953435106849,-0.444464173808216,7.705711729339983,2.267188053192167,60.67860257129342,-132.62889206006756
420240000,0.6291306707974794,-0.4457110240108021,7.734186363063066,2.2587464670181494,60.31133489283032,-132.57224085045146
420250000,0.6300955197774393,-0.4444139867354852,7.735681545183032,2.258304952046465,60.63949767920035,-132.9255061318557
420260000,0.6291765942678231,-0.4451550940030165,7.723376605483538,2.2619436716365104,60.47160299371075,-132.61567650572408
420270000,0.6288344236461498,-0.4455939290980818,7.722400158745869,2.2622329238206884,60.36155030666103,-132.4919118458831
420280000,0.6297475731129788,-0.44568412665725965,7.752836929322804,2.2532515014543435,60.28568540771143,-132.7542395791819
420290000,0.6292521528614923,-0.4453100820051474,7.729133471865015,2.2602398297810655,60.42212570681879,-132.62945754966438
420300000,0.6294950595126837,-0.4447008742212264,7.723293990352912,2.2619681417825017,60.58766912057927,-132.73354215284175
420310000,0.6299740002726621,-0.44506644753087254,7.746263268268786,2.2551852105675203,60.45440681872221,-132.8543142729506
420320000,0.6201977718029731,-0.43757975572569574,7.299669871988533,2.394860538604178,63.12870690701633,-130.3384452717214
420330000,0.6285325024989253,-0.44641401178232964,7.731091854499194,2.2596608016329376,60.138335394025916,-132.35961823048225
420340000,0.628556847566606,-0.44547781829938343,7.7112455424291095,2.265542535654427,60.41037931093735,-132.41696494018294
420350000,0.6276422941265977,-0.4457929950638231,7.689916651783228,2.271898079360254,60.36690932199663,-132.13314586087282
420360000,0.6265709216075662,-0.4447739369142642,7.635006379159324,2.288426359848287,60.72007920682342,-131.87351594651767
420370000,0.629029976502726,-0.44676935025002884,7.7544562391732486,2.2527756768159275,60.00778472506013,-132.48538531691176
420380000,0.6283102982999293,-0.44574974334365625,7.709582817404835,2.2660367059177817,60.34408204967526,-132.33039825468148
420390000,0.6289214485267075,-0.4448026481359694,7.707734889975256,2.2665861737027564,60.58858689704227,-132.559793903797
420400000,0.6288787494178478,-0.4443939860859968,7.697481395169211,2.269639851138697,60.71074955820596,-132.56904912225934
420410000,0.6285473552173665,-0.44550066426932905,7.711452948792717,2.2654809086418646,60.404206608825966,-132.4129685794601
420420000,0.6289357371681984,-0.4460911883228543,7.736506886314465,2.258061309948248,60.210767231740874,-132.49471060668046
420430000,0.6280515313698115,-0.4453167683981801,7.692112052324475,2.271242242759139,60.4843307076805,-132.27779990754027
420440000,0.6275627200382402,-0.44541915845387176,7.679308186630459,2.2750725433086187,60.480187802299014,-132.12960926408442
420450000,0.6277519238823119,-0.445400478109139,7.684716099784624,2.2734531720841504,60.47568998645585,-132.1858413684528
420460000,0.6279242644204714,-0.445535894207847,7.692979729980334,2.270983144575863,60.42704336022524,-132.22902437213799
420470000,0.6280546055273248,-0.44514585260246137,7.688474285045031,2.272329167973368,60.534138733335354,-132.2877340580811
420480000,0.627961198471625,-0.4456375841750712,7.6963426488329745,2.2699795011453427,60.39539465511326,-132.23442494722178
420490000,0.6271378271101375,-0.4448043921308638,7.652937452890571,2.2830024796830037,60.68194324090619,-132.0375679344559
420500000,0.6266950399823379,-0.4448832097291766,7.641142189368766,2.286567454612474,60.68179142786694,-131.90414246484968
420510000,0.6276393199958836,-0.4460306049217283,7.695024135308566,2.270372897441138,60.29778980662971,-132.11972302885695
420520000,0.6279460865460808,-0.4454662070995954,7.692128710429099,2.2712372679043242,60.446242551365884,-132.2390841182553
420530000,0.6278803382388205,-0.44647069997790906,7.712122464086242,2.265281997408481,60.15678092967506,-132.16655861777411
420540000,0.6272752095108266,-0.44584663076987324,7.6798028405022425,2.274924325404763,60.37059314238382,-132.0233006879473
420550000,0.6278988940015776,-0.44649271420881564,7.713180644305623,2.2649676864709347,60.149380996523135,-132.17078717784588
420560000,0.6280093151149188,-0.4468261924033831,7.7239468650993865,2.261774778404326,60.046415143016766,-132.18508598188882
420570000,0.6270822100982797,-0.44664296944473664,7.691285110369344,2.2714892321521956,60.14898725478329,-131.9252448690432
420580000,0.6271538823230632,-0.44708613132791303,7.703219231089665,2.2679300002384313,60.01648206438904,-131.92263782962004
420590000,0.6269479171330342,-0.44640892798894366,7.682035733491075,2.274255503822524,60.22408607250235,-131.89851594994
420600000,0.6272061633362774,-0.44630251906177576,7.687643081591293,2.2725776693633346,60.24146330550888,-131.9792280329102
420610000,0.6261221307236448,-0.4466874804038948,7.66282705894754,2.28002207183955,60.186277513283315,-131.64414029842538
420620000,0.6266674109720392,-0.44662145008221826,7.6780742128534945,2.2754423754369086,60.17702723844048,-131.80586189676288
420630000,0.6262266689470924,-0.446758736526873,7.667575652266858,2.278593778568325,60.16017460124924,-131.67076495745883
420640000,0.6274201261568934,-0.44647117735293373,7.697924225543676,2.269507797227803,60.18109349818368,-132.0325814401955
420650000,0.6261238349735478,-0.4464441583590671,7.65758082384013,2.2816021423135515,60.256804848775495,-131.65724656608924
420660000,0.6259851724293477,-0.4471459622398922,7.668643649752381,2.27827279159645,60.06049099741052,-131.58062334396527
420670000,0.6265691213959584,-0.44718789238729245,7.68745594180175,2.272633625295671,60.01781917152657,-131.7476392532815
420680000,0.6262893589571604,-0.44719159572045974,7.678953117941788,2.275178947935725,60.03140910685743,-131.66636433086148
420690000,0.6282645924181736,-0.44749292029052845,7.7466334060052295,2.2550762421275543,59.83883799060061,-132.2233539534776
420700000,0.6272130237417652,-0.44717409450912143,7.706978582213582,2.266811133606863,59.98781350976661,-131.93513734556475
420710000,0.6267647216517805,-0.4468031535565566,7.685034835975507,2.2733578005509782,60.11916180922655,-131.82459327294154
420720000,0.6268859627843842,-0.4470314934284486,7.693766249181552,2.2707483325729587,60.04650395691786,-131.84776798416783
420730000,0.6267201956295724,-0.44574619614079874,7.660613832401141,2.2806883868791417,60.42883266684608,-131.86685036050946
420740000,0.6270232997856289,-0.44691363564271913,7.695407076248475,2.2702586277168595,60.07346813110209,-131.8938523559235
420750000,0.6259205248984954,-0.4465325935692365,7.653304087596917,2.282891847952813,60.24164999118929,-131.5936670317461
420760000,0.6267403900697411,-0.44630486067110153,7.6733980501953925,2.2768449580701238,60.26521116979985,-131.8436241124563
420770000,0.6262242553082024,-0.4471230576510451,7.675459075907033,2.276226553405865,60.05467024254947,-131.65108053814828
420780000,0.6258554974518901,-0.44681362973612365,7.657436573282975,2.281645619068638,60.16350936869325,-131.56028526482476
420790000,0.6267554138812612,-0.44693725304163695,7.687685907033587,2.2725648646859296,60.080726242406975,-131.8148453570825
420800000,0.6261717564423591,-0.44869127061370123,7.708309294291323,2.266415350055057,59.60409767521195,-131.5534679304567
420810000,0.6261583867973941,-0.4471646870129407,7.6743523460521885,2.2765585824171297,60.04604558831262,-131.62982341893718
420820000,0.626250673482314,-0.44782206646614636,7.691590970402361,2.271397872185114,59.85093986900554,-131.6221098074904
420830000,0.6260518667561153,-0.44783432134552914,7.685756262182831,2.273141966725233,59.857831575416114,-131.56398728692537
420840000,0.6247478560968849,-0.4471224008480262,7.6304803157187715,2.2897995255815227,60.13097360155939,-131.22383475888532
420850000,0.6243977198945619,-0.44769021409981924,7.632194616410134,2.2892792276705434,59.98486675463203,-131.09384887466342
420860000,0.6239779776228174,-0.4474322043387212,7.613922822166086,2.2948370697078078,60.08052671469167,-130.985872612845
420870000,0.624535521985993,-0.44775094007327587,7.637688950699225,2.2876132740368664,59.960331921235884,-131.13049268715662
420880000,0.6244456193641972,-0.44718796520661747,7.622756217760106,2.2921467772560624,60.127381685442494,-131.1331787584815
420890000,0.6246822965100809,-0.4476149512786347,7.639184206135028,2.2871603151995235,59.99206617808709,-131.17977885277992
420900000,0.6255438196582399,-0.44737646168401857,7.660196763690907,2.2808139936461074,60.01666982269527,-131.44092968799472
420910000,0.6248241869098128,-0.44577502332263286,7.603702686618025,2.2979576434750513,60.517369141822925,-131.31412284008107
420920000,0.6247845844025002,-0.44724811356455246,7.63431932178763,2.2886347000421727,60.0927722623207,-131.22804305096605
420930000,0.6242594077029282,-0.44690003657666466,7.610912425691629,2.295755365641637,60.219974176649195,-131.09392889890177
420940000,0.6247131292709599,-0.4455339367433872,7.595183045268963,2.300565526867419,60.59293625584357,-131.29397831146582
420950000,0.6246068906124926,-0.4465207124773034,7.613208251755105,2.2950549764704427,60.31216589098298,-131.21356166852277
420960000,0.6245199230003357,-0.4463328716553616,7.6065372159247735,2.297091304939975,60.37093786926176,-131.1978468741156
420970000,0.6239360118267879,-0.4469188401556214,7.601580444318341,2.298606710772485,60.23078809813319,-130.99955729759228
420980000,0.6244581096908746,-0.44770871882294533,7.634425461405654,2.288602512248965,59.97645542082135,-131.11032145206266
420990000,0.6240637872744691,-0.44857529499974247,7.641328306084415,2.286511116150061,59.7470713138373,-130.95260106241687
421000000,0.6240343303363098,-0.4481396083747098,7.630956109003218,2.2896550963496103,59.87388102068712,-130.9663141724228
421010000,0.6241422039516216,-0.4480387112083715,7.632028218466961,2.2893297197672675,59.897443703456304,-131.0024949852402
421020000,0.6239622486689651,-0.4481179470352011,7.628305579015541,2.2904599102598726,59.88377391352488,-130.94666959451374
421030000,0.6243959687635634,-0.44798438662634776,7.638534044056863,2.2873572471096217,59.90016408747229,-131.07835247878242
421040000,0.6240527882545271,-0.44766107989221837,7.621132983257166,2.292640672452158,60.01076513697427,-130.9958855455726
421050000,0.6246855402175121,-0.4478779144520619,7.645003355147664,2.2853992320216934,59.916045536801,-131.16725976497352
421060000,0.6246899657486277,-0.4483791940663425,7.656070540612301,2.282057420507182,59.77138400257689,-131.14278915776805
421070000,0.6230864773181153,-0.4465978146154129,7.569239062013061,2.3085438438713384,60.36565765201778,-130.77021266117842
421080000,0.6235953906320049,-0.44796614909440285,7.613941857636018,2.294831265449904,59.945991186210634,-130.84877563734142
421090000,0.6235693036978425,-0.44732377379785104,7.599282703070108,2.2993098686646145,60.132301820391646,-130.8734844190207
421100000,0.6245178542552374,-0.44812585301994134,7.645311584017815,2.285306026974207,59.853179330822556,-131.106233019241
421110000,0.6232872175802178,-0.44773229501134204,7.599618245878618,2.2992071584197946,60.028734763077104,-130.7718246676617
421120000,0.6236331523711148,-0.4493555015914254,7.645295664543606,2.285310840662266,59.54514379241273,-130.78918439777738
421130000,0.6226384346710387,-0.44996678308123345,7.62855135148184,2.2903852593245047,59.42080596555493,-130.47361625065292
421140000,0.6237191427905648,-0.4496939297070062,7.655309201459668,2.2822869971513553,59.44380982086036,-130.79649410136096
421150000,0.6232955712508362,-0.449349937948487,7.634952064565458,2.2884428285731904,59.56392385160505,-130.69276235372845
421160000,0.6219938944379906,-0.4488873406581674,7.58578676269218,2.303448665306463,59.76154807080958,-130.34331640430818
421170000,0.6235374686081229,-0.4486930417964991,7.627962483615131,2.290564130251483,59.740008284525224,-130.7954285434608
421180000,0.6230052707124906,-0.44674537577405177,7.56997265778431,2.3083174832069955,60.32707223143543,-130.73951838858395
421190000,0.6236136751949293,-0.44868670792702486,7.630127728498988,2.2899065668708314,59.737964761595805,-130.817627789725
421200000,0.6228791610851422,-0.4472593501749833,7.577219945780674,2.3060836339343207,60.185145256631664,-130.6778395174906
421210000,0.6227429632804976,-0.44778238049772684,7.584384090137368,2.3038796824771044,60.04139389123075,-130.6127984738954
421220000,0.6238277073552146,-0.4471154912508697,7.602560815278651,2.298306827961778,60.17944308898303,-130.9584378905765
421230000,0.623085090322159,-0.44860203753102434,7.612346042335527,2.295317960860009,59.78893882078704,-130.67018679486736
421240000,0.6231177438245287,-0.44935643712085793,7.629719420349885,2.290030536950092,59.57107672435018,-130.6415142702455
421250000,0.6234572522015603,-0.44858246108373195,7.623137692431446,2.2920307385120924,59.77581337199738,-130.77799218759273
421260000,0.6233803996471576,-0.44917278404242905,7.633656207030016,2.2888358161713467,59.6103695973189,-130.7260557491476
421270000,0.6228352176885735,-0.4493730801913724,7.621557565418109,2.29251146583008,59.580579888089794,-130.55981105045987
421280000,0.6222621769507328,-0.4479187655202493,7.5729539203934095,2.307398034518074,60.025932655161256,-130.46795137506294
421290000,0.6222203506200715,-0.44792968540477734,7.571941046739318,2.307710331380964,60.024853376442515,-130.45540711498973
421300000,0.6219529800555287,-0.44903692909673415,7.587791458374904,2.302832938289697,59.72077957689767,-130.32421714776783
421310000,0.6222466876531975,-0.4479996258031179,7.574228224419911,2.307005252215639,60.00348270949019,-130.45952869275612
421320000,0.622280530603987,-0.4480308793059302,7.575909389420382,2.306487267753294,59.99284701472696,-130.4677040984188
421330000,0.621511413050502,-0.4486743778759046,7.566815429497816,2.3092920052751333,59.84619570011628,-130.21574551298343
421340000,0.6223322536764619,-0.44958901898679293,7.611112088029836,2.2956944374503725,59.54409650268477,-130.4051599901401
421350000,0.620699940252777,-0.4495443309064764,7.561394240923886,2.3109672620832145,59.63740026790273,-129.94163981573354
421360000,0.6212362129177972,-0.4483365380635984,7.551399346582376,2.314062304194762,59.95626978066722,-130.15344922916935
421370000,0.6214942264921243,-0.4492798384871355,7.5793327629043645,2.3054332136574245,59.673990783764886,-130.18113940220837
421380000,0.6214671959208214,-0.44856255589482347,7.563099802342092,2.3104399456036115,59.88034928563461,-130.20855732194474
421390000,0.621439456959455,-0.4491212445364993,7.574283020371538,2.3069883653221988,59.721976311795615,-130.17328789302817
421400000,0.6215549661890601,-0.44793088569194134,7.552176628703334,2.3138213101997853,60.05701101869709,-130.26445062783029
421410000,0.6213381495290458,-0.4480334485475433,7.547940063486687,2.3151354573194203,60.03812801326379,-130.19733016194164
421420000,0.6209406395061007,-0.44843039980992594,7.544651171551461,2.316156679887346,59.943718796248326,-130.06434061449642
421430000,0.6210026391936605,-0.44880143509966686,7.55442895317166,2.3131232687910495,59.834655785266726,-130.064101331022
421440000,0.6210971483496881,-0.4486568168512064,7.554132911077094,2.313214994105627,59.87140019833466,-130.09813059275578
421450000,0.6209311467035415,-0.44960187593968887,7.569501757237409,2.308462780658049,59.609729158445234,-130.00471925435986
421460000,0.6212077464293286,-0.44870093171536496,7.5583602493382696,2.311905894272421,59.853413553156415,-130.12760569618743
421470000,0.621133418405868,-0.44853373361143517,7.552572330055716,2.313698643574213,59.904835041546626,-130.1144740602725
421480000,0.621189353557846,-0.44884768624776883,7.560962378693005,2.3111008213861806,59.81236180704677,-130.11520394536336
421490000,0.6211934087348666,-0.44917282264949315,7.568068413416608,2.3089051554605726,59.719295901695155,-130.10049712885115
421500000,0.6203857967279053,-0.4483403276385889,7.52634638027034,2.3218570375986047,59.996120518182025,-129.91004100220033
421510000,0.620491628731469,-0.44861755236285616,7.535376901377574,2.319041288874933,59.91184884838834,-129.92700119163052
421520000,0.6202658847920106,-0.44968649627964885,7.551581401584053,2.3140058540578963,59.61796726565334,-129.8111432574067
421530000,0.6210206489564112,-0.45003463412790184,7.581501681908128,2.3047659064591417,59.48207780993608,-130.00900100515008
421540000,0.6215688134877528,-0.450460657643354,7.607126540670713,2.2969112676754837,59.33368655310137,-130.14393660626195
421550000,0.6212062951239559,-0.449596018457425,7.5775669055056065,2.3059767987712667,59.59792088755718,-130.08344179949393
421560000,0.6229393075399092,-0.44739596401504694,7.581950866297851,2.304627755315799,60.14283740787107,-130.68840615536374
421570000,0.6213717063459813,-0.4492386481140253,7.574792894695409,2.3068312453182807,59.69177095394048,-130.1481788828237
421580000,0.6211610528866688,-0.44932718639011243,7.5704271616846,2.3081772624261947,59.67682015799147,-130.0837133808793
421590000,0.6202171698421202,-0.4497084819271521,7.550611295665707,2.3143066885800008,59.61406533408512,-129.79621774571243
421600000,0.6199726404948455,-0.44929685310877066,7.534572197494724,2.319291919576523,59.743005496301514,-129.7464137434505
421610000,0.6201562535191486,-0.4495364477133836,7.545120546775515,2.3160108803580624,59.665966707964685,-129.78718108615192
421620000,0.6191226871450656,-0.4499041447070833,7.52252630853812,2.323050220934946,59.61089105128903,-129.47579843852228
421630000,0.6195261919197467,-0.4495411124318048,7.526639109843322,2.321765655607713,59.6948297829347,-129.60770166401701
421640000,0.6194233167695447,-0.45050378690099074,7.5442176172401565,2.3162913689635722,59.42643407184332,-129.53243093609487
421650000,0.6206965591469452,-0.44886187419611157,7.546655715670668,2.3155341479377443,59.83221284224411,-129.97375608457756
421660000,0.6203286932009796,-0.4496081589801979,7.551759699447361,2.31395057158916,59.63722818345898,-129.8328091602419
421670000,0.6189826046984572,-0.45039869279974176,7.528979387382857,2.321035346451792,59.477300930561036,-129.41255133862123
421680000,0.619218558393888,-0.45116781517755705,7.552447903753977,2.313737214068007,59.248264017844804,-129.44249693727932
421690000,0.6196315844760302,-0.44980572463833823,7.535398803999427,2.319034467910566,59.61457707315327,-129.62502210756665
421700000,0.6194233539684837,-0.45017128647415683,7.537087682351836,2.3185086350902058,59.520737740038236,-129.548389051568
421710000,0.618868928473149,-0.45003440782452575,7.5178562470515455,2.324510571972681,59.585965995483846,-129.3976245890562
421720000,0.6197182200713862,-0.44998793013698873,7.541856804312342,2.317025061667303,59.55865411791295,-129.64089945189724
421730000,0.6184704730119788,-0.4489453886872026,7.483083443568375,2.3354425503212966,59.91389375338253,-129.33556189685285
421740000,0.6204288794769243,-0.44904431202942363,7.542642344549029,2.3167808798196194,59.793063047106564,-129.8885710631766
421750000,0.6205109794893601,-0.4496958194775226,7.559044074853387,2.3116942708264947,59.60343754038515,-129.88045766371533
421760000,0.6207266669533947,-0.4493954388676155,7.5589879087859275,2.311711651067417,59.67853492864535,-129.9564958672141
421770000,0.6207124924073194,-0.4495097493595154,7.561023453444653,2.311081932240949,59.64664362324027,-129.94689861002416
421780000,0.6193785866209611,-0.4499197661077976,7.530385554500798,2.320596758883255,59.59427392667014,-129.54770372506002
421790000,0.6194233078800915,-0.44951472332655223,7.523050203720403,2.322886511492839,59.7072305285129,-129.57970469302688
421800000,0.6193024369113986,-0.4498542398129023,7.526744332689971,2.3217328097438887,59.61651087853453,-129.52920363382896
421810000,0.618969809884179,-0.4497779872508139,7.515347648010854,2.325295785953644,59.65394752109066,-129.43838333427294
421820000,0.6183705100389407,-0.4504015486516029,7.511079594925743,2.3266329518692404,59.50548580519212,-129.23907006645982
421830000,0.6185605061499467,-0.4505530115412497,7.519880928804067,2.3238772173649327,59.453643497816344,-129.2856914325957
421840000,0.618449390620356,-0.44894661183202816,7.4824954551082055,2.3356282933410344,59.914525441226395,-129.32951114452203
421850000,0.6195575568355317,-0.45099768916408706,7.5588116920915756,2.311766181935882,59.28003240231741,-129.54664488871288
421860000,0.6189094128928971,-0.44933155823710197,7.504079069905421,2.3288295445615743,59.78360020841541,-129.44228437912767
421870000,0.6188274281237011,-0.45033065053403715,7.522963826585917,2.3229135014629505,59.5039576523037,-129.37181771204936
421880000,0.6191124778450381,-0.45127409774141186,7.55160189418543,2.3139995000519074,59.22332324787799,-129.40738087752715
421890000,0.6193682667629381,-0.4508119553790856,7.549213658397423,2.314740240998691,59.34176466381346,-129.5020105483259
421900000,0.6183976563003127,-0.45002835761341803,7.503924787000015,2.328878001737516,59.60990064147175,-129.26430976710978
421910000,0.6190118919546281,-0.4504935456553823,7.531871636294858,2.3201334268815437,59.4490311974979,-129.4163284667025
421920000,0.6195022705191492,-0.4509864343229257,7.556932378127183,2.3123479031799925,59.28589350284855,-129.53153623253112
421930000,0.6190499978893894,-0.4501101350462814,7.524790122015977,2.322342979449573,59.55589830985336,-129.44538629782377
421940000,0.6191168686565504,-0.4505214853080506,7.535560923974961,2.3189839813937008,59.43610357292103,-129.44473480381126
421950000,0.6189865388417716,-0.4506844007418735,7.535215027730811,2.3190917011860894,59.39619049315759,-129.4000385340134
421960000,0.6183061635753538,-0.45100579149386993,7.52210150105782,2.3231829839892866,59.33765770265894,-129.19233203811154
421970000,0.6179857806889437,-0.451063277204808,7.513941505041278,2.3257361547474984,59.336558190850276,-129.09913757870365
421980000,0.6182174226411065,-0.4508042358403784,7.515190743687878,2.325344916146113,59.3988070350619,-129.17678420125856
421990000,0.6179636814585657,-0.45079620355321764,7.507593539259082,2.3277262691584295,59.413022328977114,-129.10546116006748
422000000,0.6178143048081273,-0.450370020314073,7.4941593823204915,2.3319492534441575,59.5404769241534,-129.0831850542618
422010000,0.6179816172819099,-0.4509533393783855,7.511471408074638,2.3265101337084286,59.367795178576905,-129.103139239836
422020000,0.6175289448383627,-0.45081701369963767,7.495346405434253,2.3315754957868937,59.42748884169113,-128.9817178855884
422030000,0.6178608359534119,-0.4510649623967607,7.510321432024281,2.3268706434541904,59.34196359212284,-129.0637896775637
422040000,0.6190798419127755,-0.45115565649766065,7.54808815014896,2.3150894967489317,59.25838037895089,-129.40385348797827
422050000,0.6191296288625927,-0.4512418601285293,7.5514143815725925,2.3140576421621093,59.231610871816635,-129.4137822467997
422060000,0.6187417303014376,-0.450935259682969,7.533387940822488,2.3196608638008724,59.33689376438408,-129.31879647241036
422070000,0.6188447050946487,-0.45093661561807313,7.5364481554501,2.3187077237762694,59.331595168086665,-129.34785417965895
422080000,0.6171620199401562,-0.4519722642144432,7.509286588224448,2.3271951561074604,59.119194700115514,-128.82433840591924
422090000,0.6175334884719744,-0.4517624675289092,7.515657390757758,2.325198804821545,59.16076026176723,-128.9386990148916
422100000,0.6172460938965418,-0.4512360099235559,7.49602371157955,2.3313622865797874,59.32249815782758,-128.88241524641546
422110000,0.6170193040475035,-0.45160051471249146,7.497184316537795,2.330997030921485,59.230423964021725,-128.80157200020963
422120000,0.6186528910435546,-0.45101966468261784,7.532584332497428,2.319911287804493,59.31726513837449,-129.28965530026258
422130000,0.6179348963928812,-0.4514781983177148,7.521327292542052,2.323424982947829,59.22190252594638,-129.06519675231746
422140000,0.6174394942551812,-0.45208035301950195,7.519716326391,2.323928694810515,59.07575441696064,-128.89727199278698
422150000,0.6180264841330658,-0.4517320469693007,7.529457631139171,2.3208861621355585,59.14601490929293,-129.07898240435262
422160000,0.617868317918205,-0.45198035715778756,7.530144886374442,2.320671812137089,59.083593884653766,-129.0226485682688
422170000,0.6175212280108905,-0.4510615483582333,7.500328353755345,2.330008144601125,59.35884636959491,-128.9681262926251
422180000,0.6178473655895167,-0.4519306262687707,7.528461773097245,2.321196833831984,59.098587455467026,-129.01911046576032
422190000,0.6175144608757359,-0.45176976571381183,7.515256841448737,2.3253242192296955,59.1596017881556,-128.93299924007405
422200000,0.6171772184770281,-0.451732798945554,7.504611694645304,2.3286622733685833,59.1858317529554,-128.83982814904968
422210000,0.6172733676630507,-0.4514407108513247,7.501182077794634,2.3297397705691663,59.2635579875222,-128.88054846574082
422220000,0.6172862799601538,-0.4512802313480488,7.498136998847337,2.3306972969316746,59.30816366681853,-128.8916775250608
422230000,0.6171716337699235,-0.4514489038250906,7.498390584062409,2.3306175267305824,59.26599935570607,-128.85151672601202
422240000,0.6166122174423078,-0.45208609764334684,7.495688328966493,2.331467856772154,59.112881136165974,-128.66455030566522
422250000,0.6176783631501862,-0.45114134362241765,7.506617673416382,2.3280325111513607,59.32898062019423,-129.00871533263236
422260000,0.616652081399226,-0.45187262592869676,7.492295645959495,2.332536330908309,59.17098862113519,-128.6856636225509
422270000,0.6155662458677998,-0.451512849677869,7.45322803655867,2.3449114562884694,59.32185251794683,-128.39720922494166
422280000,0.6153325575545674,-0.4517299598354688,7.45108630439046,2.3455936959597343,59.271521593548876,-128.3218037555039
422290000,0.6159282490468903,-0.4518759243123313,7.471368474288979,2.3391488704442356,59.20344543624667,-128.48226333266507
422300000,0.6169351133905829,-0.4509589973232992,7.481089079969583,2.3360726817749535,59.41499727695082,-128.80762290921044
422310000,0.6158549034634262,-0.4512225718852027,7.455414500854061,2.3442153791408797,59.39029559007489,-128.4914761647536
422320000,0.6164642510519907,-0.45203723865340034,7.490342763190643,2.3331518086491045,59.133467000547164,-128.62527470493146
422330000,0.615727536247612,-0.4515741352216573,7.459174015833122,2.3430194811621083,59.29731980096156,-128.43970704850543
422340000,0.6159168081302177,-0.45129655951464365,7.458764047346657,2.343149832093984,59.36668215622928,-128.50551241870414
422350000,0.6160512163582649,-0.45241103249790976,7.486313221312925,2.3344228072154243,59.04773061846065,-128.49212838420118
422360000,0.6162799954659297,-0.4528822389999454,7.503030645606248,2.3291588736235536,58.90513159424673,-128.53434601324506
422370000,0.6163509575458392,-0.4521488995341447,7.4894303189322775,2.333439489964804,59.10737511152578,-128.5883037063227
422380000,0.6153501306164534,-0.4511285937556622,7.438907031506944,2.34948095773021,59.439525544544985,-128.35386981756065
422390000,0.6157761554005103,-0.45134642950486537,7.455761030983391,2.3441050968670485,59.35906421356313,-128.46371681652414
422400000,0.6155116188703686,-0.45104442577214193,7.441774082639857,2.3485647141286354,59.455907410579705,-128.40303980142536
422410000,0.6139635117878149,-0.45220229217468094,7.421793375459471,2.3549650841964054,59.20067473733542,-127.91742990911959
422420000,0.6148355802707745,-0.452364668817742,7.45020855718497,2.3458734139963515,59.11623929426165,-128.15392316270277
422430000,0.6160921017278522,-0.4523263552743417,7.485695294160271,2.3346178370748962,59.06957572369909,-128.50749849237695
422440000,0.6155566023991728,-0.45192979649949655,7.461772298027358,2.3421936872910183,59.20531254010001,-128.3755553636932
422450000,0.6147799856391103,-0.45246753394101785,7.450786607579267,2.345689194959893,59.089987778710395,-128.13373113486966
422460000,0.6170235716798427,-0.4511240076515499,7.487164008875901,2.334154335701373,59.36440006469069,-128.8249166351994
422470000,0.6197606318717817,-0.45144132434046974,7.574417719197109,2.306946855197264,59.14461443056736,-129.58255618221628
422480000,0.6207597203532447,-0.4521284985581836,7.619209583848886,2.2932261748344605,58.90093351333622,-129.83118672634527
422490000,0.6228508308902019,-0.4591219418413655,7.840967110711869,2.2276454495903906,56.83069758434595,-130.0501799830648
422500000,0.6188032508317943,-0.4502181371338487,7.519850534149806,2.323886722758593,59.53698772419695,-129.37030199772343
422510000,0.6152820764718968,-0.4512884719816967,7.4403195644027615,2.3490294548333566,59.3976842814174,-128.32756354303444
422520000,0.6147598046248872,-0.4525103245900589,7.4511119932306356,2.345585510522442,59.07893784307036,-128.12615651709154
422530000,0.6147508179643798,-0.452791094891183,7.4568023191644786,2.343773772533066,59.00089703621906,-128.11094173481567
422540000,0.6150494242608124,-0.4532851528174512,7.475921262536006,2.337707078262286,58.84937452446568,-128.17179262730915
422550000,0.6153294583143514,-0.45325311059362533,7.483343257874035,2.3353604855696215,58.84546299593773,-128.2514238307027
422560000,0.6147787842210901,-0.4525764485383426,7.453058122097881,2.3449655672348855,59.05959855363672,-128.12847208485582
422570000,0.615108044207254,-0.45336868484907045,7.479397909208505,2.3366072856749995,58.82338107130927,-128.1843187798277
422580000,0.6143097187195821,-0.4528901459843217,7.446218756485209,2.3471457189834934,58.99316717142135,-127.98334256099591
422590000,0.6152884830422102,-0.45257218935935745,7.467660154178404,2.340324556486944,59.03763079789599,-128.27117753840326
422600000,0.6153127993163896,-0.4527696708930042,7.472560681288378,2.3387711454616675,58.981293202013354,-128.26895246029397
422610000,0.6142011744068624,-0.45364488596351366,7.459107636142875,2.343040585829675,58.787756563644166,-127.91902449331529
422620000,0.6143029009891058,-0.4526574197926508,7.441100953806355,2.348779766031031,59.05842257636292,-127.99189907487127
422630000,0.6137987264415299,-0.4525435945417905,7.424269951185451,2.354169863945957,59.112701386131796,-127.8562694536773
422640000,0.6137325673633911,-0.4529043729058114,7.429983833339052,2.352337215170927,59.015040172872055,-127.82177381556718
422650000,0.6141397561291739,-0.45332124524455375,7.450470660588184,2.3457898805847366,58.88064491089319,-127.91654573918649
422660000,0.6133467396172267,-0.4522457640832614,7.4051329594249236,2.3603287698115087,59.21576258320063,-127.7433066269218
422670000,0.6140555027296339,-0.45263058178417054,7.4334455253684695,2.3512283210445997,59.07699084621394,-127.92404652786678
422680000,0.6134377199874137,-0.4530603862706207,7.424850887482785,2.3539834054620674,58.98469108553965,-127.7327064585587
422690000,0.6137202208311519,-0.4526632081733084,7.424547003682052,2.354080936911874,59.08282229444185,-127.8290580020686
422700000,0.6137455385646682,-0.45293929782595316,7.4310916952538495,2.3519822159771326,59.0047293980178,-127.82383253199615
422710000,0.6139667132156832,-0.4528208723074695,7.434920307050456,2.350756219280781,59.02787206903077,-127.89077477587989
422720000,0.61331298758159,-0.4525903937110554,7.411404519892277,2.3583068091696684,59.12113514879569,-127.71873875544581
422730000,0.612777621818377,-0.45233241868545726,7.390797629253727,2.3649636282359583,59.21646574481795,-127.58081891501448
422740000,0.6117290943469716,-0.45174832404000986,7.349098385040744,2.3785504371648694,59.42422614226801,-127.31371331056893
422750000,0.6113386665860558,-0.4516614744260309,7.33637366645276,2.382727852824347,59.46488452084971,-127.20861812076613
422760000,0.6129622877443093,-0.4522643417008701,7.394606880065927,2.3637302462297956,59.22740127936067,-127.63525922939436
422770000,0.6133511368354903,-0.45244881862276237,7.4095174589061,2.358914833815629,59.158927109742336,-127.73560798475023
422780000,0.6128100896638643,-0.4529728322793799,7.405136172754748,2.360327732935852,59.036738812867824,-127.5618994299041
422790000,0.6131758989998308,-0.45255977522718993,7.4068617339486496,2.3597710620870602,59.13569861402115,-127.68187686940983
422800000,0.6123203943732252,-0.4527762686724703,7.38713802768718,2.3661497763020725,59.11275348371103,-127.43426445417776
422810000,0.6117976359774524,-0.45360943739587356,7.389800274159033,2.365286771795091,58.9040946093757,-127.25302487595526
422820000,0.6111964688515814,-0.45322433613469126,7.364806995904435,2.3734137197092156,59.036682553583766,-127.10295587776601
422830000,0.6125099322085162,-0.45162832597201064,7.3685588484281554,2.3721901645317276,59.42439895486032,-127.53658023325242
422840000,0.6121943694029762,-0.4525181248153555,7.378185758226366,2.369056433572318,59.19000777559558,-127.41036660844658
422850000,0.6126693799648442,-0.45330909913563877,7.408203718947597,2.359338316579505,58.949424822222845,-127.5080333515207
422860000,0.6114632356656884,-0.4530942097969044,7.369596312566348,2.3718520504445055,59.0613655431367,-127.18249024594306
422870000,0.6125210828802241,-0.45303642991767396,7.398268901361148,2.362545754783603,59.03169166610727,-127.47875086331202
422880000,0.6122936146551062,-0.4540371730781043,7.412851362588263,2.357840839579879,58.76391856202296,-127.37180501391104
422890000,0.6117951715249449,-0.4528437116386961,7.373719526356595,2.3705092351894756,59.11666934413869,-127.28537597421254
422900000,0.6123270999801455,-0.45267480994773096,7.385206606696153,2.366776270196167,59.14068239403055,-127.44052436410482
422910000,0.6132150218793787,-0.45309557554514385,7.419239736588254,2.355785615382992,58.98476139249053,-127.66915982290566
422920000,0.6136625736434189,-0.4520629945476701,7.41028660321809,2.3586669718964517,59.252896969936984,-127.83952161459146
422930000,0.6132311477454422,-0.4537209374976508,7.432898407939141,2.351403510812077,58.81017537169326,-127.6458910564887
422940000,0.6132252723135563,-0.4531503135196979,7.420685083181537,2.3553211282667177,58.96907655906877,-127.6695907772071
422950000,0.6129544632292482,-0.45264639321360084,7.402386786090579,2.361215238889585,59.121277134691475,-127.6163857358616
422960000,0.6123290814184739,-0.454707682971995,7.428026407562302,2.3529647090940156,58.57675049791883,-127.35204080869056
422970000,0.6121370090936875,-0.4538925601278909,7.40535823688787,2.360256079613032,58.810855005941804,-127.33475146197009
422980000,0.6124436724016269,-0.45375009396190924,7.411068384962364,2.358415091180407,58.83691097476781,-127.42601543201371
422990000,0.6119160774851979,-0.4541664709582877,7.404855200497627,2.360418400386915,58.74465662496517,-127.26158974814908
423000000,0.6110450407789435,-0.45383161587834453,7.373222516484746,2.3706710162883375,58.87500170438192,-127.03506352306268
423010000,0.6109510873652544,-0.4545852793366281,7.386361999778558,2.3664014559098487,58.670806586689984,-126.97670489141287
423020000,0.6109585252300286,-0.45414992551637273,7.377445299080781,2.3692971704693195,58.79070862127777,-126.99749363853756
423030000,0.6104472968625815,-0.45452256948954717,7.37086248581203,2.371439530447562,58.70973035102135,-126.84041355562566
423040000,0.6111290522693709,-0.4539158842503164,7.377350207487833,2.369328090063481,58.848088837497336,-127.05468686196232
423050000,0.6101067065150249,-0.4548276092119648,7.367679745177067,2.372476744042437,58.64019525652764,-126.73354761038394
423060000,0.6106240882141242,-0.45443846351546624,7.37407271438997,2.3703942828715023,58.72537225702306,-126.89277795078262
423070000,0.6107964173235876,-0.45409997234533284,7.371838047554984,2.3711217903162503,58.811457590834856,-126.95484338317222
423080000,0.6107176691924194,-0.45441207105581105,7.376153120987136,2.3697173992879383,58.72864692537398,-126.91973337181093
423090000,0.6109749653645183,-0.4541298331737248,7.377487690546143,2.3692833868951775,58.79555504629416,-127.00289920804518
423100000,0.6100223113931321,-0.4544603459668467,7.357639660388972,2.375754667234327,58.74495690628235,-126.72589274100481
423110000,0.6105752270496819,-0.4544095328162563,7.372093206155926,2.371038699379711,58.73544531126288,-126.88053338291918
423120000,0.6100769874209601,-0.4545566351802497,7.361181619135437,2.3745972357315677,58.71610297313846,-126.73687975100489
423130000,0.6105536082269793,-0.45406612353131537,7.3643088615423515,2.373576266937092,58.831168827995995,-126.88921503196644
423140000,0.6097902883587928,-0.4548343610429449,7.358949821077203,2.3753264042561857,58.65177284133386,-126.646155136987
423150000,0.6099850899343643,-0.45454033158037516,7.358266317219754,2.375549807386852,58.72449098613313,-126.71224845077748
423160000,0.6102816048367921,-0.4542012795070013,7.359499739772814,2.375146694105646,58.80541435733384,-126.80838018357935
423170000,0.6104842472011575,-0.4539475544049605,7.35988920449008,2.375019435908772,58.86686850634372,-126.87509647319197
423180000,0.6114890229458336,-0.4538866170396366,7.386890282986777,2.3662301184468317,58.84067715809737,-127.15554944205478
423190000,0.6100479617918619,-0.4545219967616775,7.359644917315464,2.3750992555155563,58.72687938869674,-126.7303500925391
423200000,0.6103842019276225,-0.45516926234460253,7.382644288058377,2.3676079233474394,58.53426678551979,-126.79532605271878
423210000,0.6100221351528496,-0.454341536694086,7.355156699721007,2.3765667194116404,58.77771567919512,-126.73087104348515
423220000,0.6100922234411366,-0.4547105230995389,7.364824433637237,2.373408029973291,58.67305821994019,-126.73454114233502
423230000,0.6102014314852764,-0.4540688066702581,7.35449206289773,2.376784183637957,58.84536999103047,-126.79186445381492
423240000,0.6096728346696352,-0.4538891899587263,7.335992172886474,2.382853321865462,58.91715567708987,-126.65354593252798
423250000,0.6096006528603131,-0.4547613669244097,7.35212023224646,2.377560555540944,58.679871669198754,-126.59705340073305
423260000,0.6095033614550667,-0.4545329148525517,7.3446428064076485,2.3800114873468163,58.74684228985346,-126.5798839938802
423270000,0.6101593740576761,-0.45498006188348683,7.372350771435822,2.3709548306645174,58.595976001265306,-126.74154665620534
423280000,0.609515263241959,-0.45399145694830756,7.333723953351577,2.3835995889776336,58.89552665111352,-126.60581617080136
423290000,0.6096589932650515,-0.4555405194862469,7.3700473881855935,2.3717050731812233,58.46322770275163,-126.58007803524676
423300000,0.60961159520053,-0.45451841850146735,7.34736292216362,2.379119306468396,58.74628729220895,-126.61029351870783
423310000,0.6094978497014509,-0.45428104253279955,7.339250941494411,2.381781976813755,58.81643917446993,-126.58891992039523
423320000,0.6091968920076315,-0.4549704399071818,7.345202322674309,2.3798279145252494,58.63935585921836,-126.47723243661271
423330000,0.6089723220473741,-0.4541636472770868,7.322196108089126,2.387399648175467,58.87063431534492,-126.44906524498612
423340000,0.609540424833091,-0.45445840553115935,7.344126614082094,2.380180871203933,58.76580255713243,-126.59321566208679
423350000,0.6088339581045041,-0.45472472461561875,7.3299847710227874,2.384830845056046,58.722029921951496,-126.38774796590984
423360000,0.6091865010990102,-0.45463477467130364,7.337926369283836,2.382217323082064,58.73207772384171,-126.4884242599949
423370000,0.6090077863009313,-0.45500357287865484,7.340619741448424,2.3813322624322355,58.63817116165019,-126.4238885012646
423380000,0.6087108645702677,-0.45528973698753616,7.338307992343414,2.3820918788626324,58.57201776313194,-126.33043173379752
423390000,0.6098331844275809,-0.45510564199359205,7.365824042748903,2.373081914653203,58.57532090116634,-126.64644749679888
423400000,0.6090621800754397,-0.4546347006384193,7.334463081786664,2.3833563566064027,58.73728446777399,-126.4542345424158
423410000,0.6091988367788811,-0.456024586123595,7.367295583512605,2.3726019990605973,58.350021960464154,-126.43328262829736
423420000,0.6094778673097649,-0.454608482725343,7.345504336255501,2.3797288381208457,58.727111036628,-126.56969437037824
423430000,0.6092543077757994,-0.4553073520736521,7.353834336619982,2.376999426211888,58.54439549674489,-126.47883848634096
423440000,0.6087023551320483,-0.45480693992917104,7.328034403012182,2.3854735797753572,58.70490245271479,-126.34817686291548
423450000,0.6088971228759293,-0.4549131547145967,7.335656717221446,2.3829636605338598,58.66762809866327,-126.39726375122846
423460000,0.6083574841719349,-0.45562077957842984,7.335369647092841,2.3830580923114884,58.49599906711047,-126.21977869685388
423470000,0.6080580779680262,-0.455826197365224,7.331326895991073,2.3843887564053405,58.452204844411696,-126.12928944628099
423480000,0.6079709886237493,-0.45593324896492615,7.331137423599507,2.3844511575798344,58.426535084617974,-126.10103074155865
423490000,0.608189802509852,-0.455895838286171,7.336437633870634,2.3827068159452476,58.42768087848618,-126.16243473031565
423500000,0.6082622197375638,-0.45606705138645076,7.3420234170109975,2.380871267232028,58.377829183966696,-126.17510866192994
423510000,0.6074650167721579,-0.456311650379587,7.324981216010896,2.3864804437098806,58.344082579841135,-125.94716201937473
423520000,0.6073266783232238,-0.4559833318291889,7.3143296245985905,2.3899997762371084,58.43940253385456,-125.92289147072452
423530000,0.6080909814009418,-0.4559979982755023,7.335819705619422,2.382910048818558,58.40384746858611,-126.13115571501913
423540000,0.6087385158822076,-0.45632297133673144,7.360666369962307,2.374765536897606,58.28783230180914,-126.29463262143813
423550000,0.6081400795992655,-0.45602550657043756,7.337758261057691,2.3822725865533507,58.39428234656922,-126.14343785371886
423560000,0.6084508885519601,-0.4560361944797279,7.346634596465174,2.3793581267330977,58.37838180306832,-126.22800909586813
423570000,0.6079679417539422,-0.4559770456341838,7.331964835332562,2.3841786804869933,58.41468581881258,-126.09838176038377
423580000,0.6076980773230604,-0.4561595424219677,7.328275642803314,2.3853940614296993,58.37598793192298,-126.01707564218543
423590000,0.6078557591139806,-0.4557410474981974,7.32394272468897,2.3868231068714567,58.4838681768214,-126.07746478146373
423600000,0.6077378765710105,-0.45587522821285575,7.3234644913235565,2.3869809392357144,58.452037478484264,-126.03969229418436
423610000,0.6076108945985574,-0.45523315848883794,7.306638078501525,2.3925475983686284,58.63292107821693,-126.03129673468132
423620000,0.6073537299812414,-0.4560916938152559,7.317327338530007,2.3890082626786953,58.40870327738293,-125.9258342113752
423630000,0.6064991927500769,-0.4568182945184434,7.308819665081881,2.391824393345352,58.24562231311872,-125.66322524151855
423640000,0.6072564695197962,-0.4557529437650671,7.307613741150281,2.3922241077504207,58.50520909404892,-125.91313317877689
423650000,0.6070282606680388,-0.4562018376860152,7.310620274207258,2.3912278152788207,58.391971996568316,-125.83250108342791
423660000,0.6074830292335429,-0.455826263873093,7.315392907952056,2.389647993520377,58.475903472378015,-125.97204575262104
423670000,0.6075974711591663,-0.4559331092254219,7.32077817104202,2.3878679016962163,58.442001813490094,-125.99893074977648
423680000,0.6080246310591332,-0.45634635619093455,7.341242353865677,2.3811277618637035,58.31140029298805,-126.09851734102054
423690000,0.6069765214853813,-0.4562834224509401,7.310884808574861,2.3911401949450357,58.371834072904115,-125.81505699087856
423700000,0.6077432691922693,-0.4566219867464387,7.3391737673057555,2.3818073372103936,58.24787735083809,-126.0102298697136
423710000,0.6069547216500256,-0.4561651799846909,7.307830543267058,2.3921522368139225,58.40497283100676,-125.81393713794998
423720000,0.6069943929752788,-0.4558328164470476,7.302039815186342,2.3940733841494817,58.494065047165705,-125.83829429977533
423730000,0.6067617191581285,-0.45567205119794146,7.292312584467261,2.3973075148198193,58.547389948262726,-125.7812736949618
423740000,0.6064206293173166,-0.45619843816387634,7.2938123797826755,2.3968082863790046,58.417577142458725,-125.66697608187768
423750000,0.6061634299997729,-0.45599911954814903,7.282637213169881,2.4005331381581483,58.48223943894993,-125.60490680371336
423760000,0.6065579642917791,-0.45594496974347776,7.292348320022788,2.39729561729231,58.48113404317424,-125.714648893628
423770000,0.6067188662728417,-0.45605048483626587,7.2989554338481835,2.3950979347398293,58.445846389895706,-125.75426732496697
423780000,0.6064519579187518,-0.45572576089912104,7.2849133517586235,2.399773522233539,58.54520525798065,-125.69455560379095
423790000,0.6070378625993137,-0.45584634598923157,7.303517948332333,2.3935826996716076,58.48860305731549,-125.84961394061031
423800000,0.6059438737946609,-0.45595347314897927,7.2756837746717045,2.402856710181036,58.50345644571429,-125.54690696348354
423810000,0.6059351024474275,-0.455786574464561,7.272009449166504,2.404086357584965,58.5492871123934,-125.5511669291157
423820000,0.6062837853529167,-0.45606227898966156,7.28724120868261,2.3989971465888984,58.46019549534365,-125.63517096091508
423830000,0.6058361654757096,-0.455723001443409,7.2679988431911005,2.4054299909460446,58.57054772649855,-125.52672656533565
423840000,0.605315197627137,-0.4563609244494744,7.266891392653838,2.4058012754152998,58.41756374777731,-125.35962702651396
423850000,0.6054382101936617,-0.4565490939133167,7.2741250745215265,2.4033781891322636,58.361539150851975,-125.3855892600656
423860000,0.6054348240188174,-0.45622813457880473,7.267424558562394,2.4056225115252077,58.44893024148595,-125.3974150610284
423870000,0.605551771638801,-0.45652584170750654,7.276750587336264,2.402499928435715,58.363335265208086,-125.4173787209439
423880000,0.6049751318499282,-0.4560923189475673,7.25211366478568,2.4107667267307966,58.503984469258825,-125.277768266565
423890000,0.6057304551382287,-0.4564228207255687,7.279515164798424,2.401575847127366,58.38421456831209,-125.47007391285531
423900000,0.6051017453239381,-0.456520730058754,7.264356916206667,2.4066514195883544,58.38258796547859,-125.2953073298471
423910000,0.6051855528490125,-0.45677098427520757,7.271795923814296,2.404157854782924,58.3113186334021,-125.30814912506165
423920000,0.605976687504234,-0.4566776667940951,7.2915295913881515,2.397568228487794,58.30503418182752,-125.52681210389851
423930000,0.6056550339593575,-0.45637153384005363,7.276393894213583,2.402619207987078,58.401174011018036,-125.45160789087437
423940000,0.6053943737606208,-0.4564265058143009,7.270402281811395,2.404624609424382,58.39659797493868,-125.37854801351911
423950000,0.6045537711733351,-0.4564113956003263,7.247206598792637,2.412420110980375,58.43379975541666,-125.1508252423089
423960000,0.6054153147099496,-0.45623645407919144,7.2670632131657635,2.4057436632173443,58.447440648423765,-125.39177930595682
423970000,0.6047808454870344,-0.45596596497057895,7.244249042904876,2.4134177311750094,58.54593374171514,-125.22989044689632
423980000,0.6049943744973941,-0.4567358951397694,7.265856766773884,2.4061482488864168,58.32841791885893,-125.25765136709089
423990000,0.604149489409529,-0.45646141350716624,7.2372723358465985,2.4157743539162717,58.43595936656146,-125.03920031234583
424000000,0.6038174774090794,-0.45647752475635545,7.22862475631169,2.4187018079668885,58.444421403375415,-124.94857353150289
424010000,0.6041171879583872,-0.45676011400610694,7.242511727550326,2.4140041363995874,58.3562497655954,-125.01884772659737
424020000,0.6033577248068851,-0.4563540848327467,7.21371611166155,2.423765615600146,58.49548055784483,-124.82874074468751
424030000,0.6035622175543254,-0.45566140890810736,7.205141726218165,2.4266876334114578,58.67554679312455,-124.91052810386432
424040000,0.6037619811995214,-0.45662098284102676,7.230055642868963,2.4182169188407787,58.40769258740012,-124.92800990334132
424050000,0.6034338464899628,-0.45653392475460963,7.219427783412641,2.421823093414281,58.44387022167052,-124.842489076985
424060000,0.603763264160515,-0.4567033992980619,7.2317744181061245,2.417634730572365,58.38532208093117,-124.92517869021844
424070000,0.6046073422640706,-0.45651485798359753,7.250782262841503,2.41121510309135,58.403627273329356,-125.16131885949744
424080000,0.6045070942514429,-0.4570495216963675,7.25903891599068,2.4084372133062715,58.26259684773339,-125.11316230365465
424090000,0.6038271639151744,-0.45684608324106174,7.236420222342034,2.416062502010371,58.34421898434144,-124.93696583026308
424100000,0.6037606996528248,-0.4569816918957524,7.23739827505791,2.4157317725653167,58.31008887972113,-124.91372668553402
424110000,0.6041046061912656,-0.4569517009963584,7.2460979795447304,2.412793964698464,58.30484717733587,-125.00798169868075
424120000,0.6037609587972701,-0.45672929167148896,7.232241392063897,2.4174766046068834,58.37839964162133,-124.92355511097031
424130000,0.6040442142843836,-0.4559280953181307,7.223541254140793,2.420426054567412,58.58473937409551,-125.03121608381758
424140000,0.6038265731428447,-0.45655810312504985,7.230516030042165,2.41806094756374,58.42223641917623,-124.94793249715596
424150000,0.6032565728997704,-0.456273151333763,7.209350167370255,2.4252525762565207,58.52125219158927,-124.80442104875343
424160000,0.6031767578062519,-0.4563728587478678,7.209232243921994,2.425292764292577,58.49728126014542,-124.77901783507008
424170000,0.6033836004245506,-0.4565792391049229,7.218997883552697,2.421969191982797,58.43352368439021,-124.82715235749191
424180000,0.6035302218983162,-0.45700753399680244,7.23169701085856,2.4176609441007924,58.312004240979164,-124.8503787537769
424190000,0.6036649383492506,-0.45681512455922896,7.231401664510284,2.4177609667342894,58.35886753007428,-124.89424821936967
424200000,0.6028876168437534,-0.45604997666863817,7.1949233386385885,2.430179176122852,58.5956497568061,-124.71291664158719
424210000,0.6034383915506812,-0.4565917213713359,7.220728399269016,2.421381195888284,58.428048000328936,-124.84150766634572
424220000,0.6031675299282206,-0.4566323651371248,7.214264403920659,2.4235790069951464,58.4273935126249,-124.76664809300505
424230000,0.6036509673585246,-0.45606271868691767,7.215680672603189,2.423097120640354,58.563268441564176,-124.9193394645776
424240000,0.6040300435282855,-0.45699432701191345,7.244950751994873,2.4131809608861645,58.29621080835854,-124.98613384028646
424250000,0.6027400482166796,-0.45635226264124285,7.197097989784783,2.429435268104724,58.51936828586921,-124.66159509747503
424260000,0.6025702863709409,-0.45611500758369117,7.187750284177826,2.4326361997332118,58.589941386711466,-124.6245568476564
424270000,0.6031331492043344,-0.4570216160832269,7.221274565437092,2.4211956787371633,58.3234503194316,-124.74248787835127
424280000,0.6027280461350089,-0.4561741549811115,7.193166827698642,2.4307803809477444,58.568020450191945,-124.66504243506004
424290000,0.6026279774453603,-0.45654736496808485,7.198054012693822,2.4291083753530236,58.47081946468134,-124.6239392601418
424300000,0.6030063313439612,-0.4567551892453528,7.2124308330181375,2.424203167324955,58.40030954069199,-124.71837162071186
424310000,0.603384791484412,-0.4569189008707129,7.225960080927046,2.419605316867102,58.34157221737942,-124.81445752281175
424320000,0.6035598157517388,-0.45635854636398215,7.2192479347110705,2.4218842116243353,58.48655456055936,-124.88331987125207
424330000,0.6029205473063597,-0.4569769150672543,7.214641273463668,2.423450758048466,58.34364547081675,-124.68674603667576
424340000,0.6027199765358636,-0.4569158521056225,7.208009046512907,2.4257097061992985,58.36776229128117,-124.63488099992558
424350000,0.6020534070240825,-0.45704705221487474,7.192819510146432,2.430899293538373,58.35746814579205,-124.45001986610427
424360000,0.6026570097206322,-0.45712848065300976,7.2106475941240165,2.4248105047377715,58.312734120057335,-124.60981266805098
424370000,0.6020829079646058,-0.45748772855579034,7.2025647145427625,2.4275672254862366,58.237578054402114,-124.44140932776013
424380000,0.6024440792259668,-0.45716787468473125,7.205735200153786,2.4264851582809612,58.3101705692783,-124.55085661783423
424390000,0.6024203050993133,-0.4576886333400246,7.215712239847205,2.4230863820620723,58.17067573550889,-124.52469122503598
424400000,0.6014664740782613,-0.456965976151041,7.1755233505696445,2.43683590200218,58.40117335647688,-124.29480778108525
424410000,0.6014089741425078,-0.4574357353652401,7.183502061735972,2.4340937247380885,58.27680677322369,-124.2619063556586
424420000,0.6014342347466439,-0.45706292517152464,7.176625862582292,2.436456612994812,58.37624511797739,-124.28253485655291
424430000,0.6016770694125368,-0.4561632456381245,7.164924997296961,2.4404880471282526,58.61000839811365,-124.3812247178391
424440000,0.6019077678977527,-0.456706773868204,7.18203616065175,2.434597069609318,58.454709352538266,-124.42342860508144
424450000,0.6021895633149078,-0.45657036507685633,7.1867949581072805,2.432963809944862,58.481040948437126,-124.50459792474679
424460000,0.6018760059853917,-0.45780584989898343,7.203500684977734,2.427247683506302,58.15973595523078,-124.3737141902007
424470000,0.6010729815881051,-0.4576141753075967,7.178170671470484,2.4359253637623226,58.241278130535086,-124.16492476025304
424480000,0.6009974224662105,-0.4577750904709236,7.179420764285943,2.4354956360440245,58.20083463038538,-124.13866388559738
424490000,0.6009419855847737,-0.4580734420363476,7.183997136113212,2.4339237789032,58.12277902369986,-124.11271484548291
424500000,0.600893715393305,-0.4575590630915683,7.172288737508431,2.4379493681149604,58.26271052564146,-124.11877814623419
424510000,0.6005392677885902,-0.4571941386361361,7.155523972904151,2.4437368325920814,58.37378296948907,-124.03686860828289
424520000,0.6008945760247416,-0.45719876796002173,7.165031003469615,2.4404514633204135,58.359556305994886,-124.13225344405916
424530000,0.6008834595214329,-0.4576236960263517,7.173324010843263,2.4375928796606576,58.24572024741865,-124.11363988889438
424540000,0.6004079092382061,-0.4578201964726966,7.164677500222082,2.440573465182861,58.210431144393326,-123.97873229291179
424550000,0.6007796310123625,-0.4582715934719383,7.18369732421511,2.4340266934820396,58.075646948251254,-124.0618034297229
424560000,0.6002418829129884,-0.45837802540732125,7.17156322063224,2.4381992568564117,58.06698622880839,-123.91376095184935
424570000,0.6003571087046531,-0.4579095969362265,7.165138107415022,2.4404145017812438,58.18830774632192,-123.96183060521138
424580000,0.600707385022942,-0.45786909958468924,7.173613583917064,2.437493186167724,58.186305484482915,-124.05730640027099
424590000,0.6001845018027442,-0.4582576913074244,7.16760423480727,2.4395637535685255,58.10132427711262,-123.90280895530545
424600000,0.6001195139266646,-0.4581909617061408,7.164531794836357,2.4406237549376932,58.12158030868216,-123.88784296350349
424610000,0.6000312421107188,-0.4580998911462561,7.160353522022238,2.4420667608149595,58.14920318981936,-123.86752022898008
424620000,0.5997167404159972,-0.4586400862466184,7.162954131095388,2.441168414221167,58.01609640431084,-123.76363633688176
424630000,0.6001060041690254,-0.45874364555943536,7.175371285480755,2.4368882251516384,57.97412804082068,-123.86393804342958
424640000,0.6004710111211758,-0.45896156211085787,7.18950924153392,2.432033232262935,57.90232244085633,-123.95350485535123
424650000,0.6004606148260143,-0.45870660663339513,7.184044837425372,2.4339074055760594,57.970932117266884,-123.96019447491729
424660000,0.6006820129529813,-0.459141743231147,7.1988106871598925,2.42884970854742,57.84624898597843,-124.00321640039718
424670000,0.600450070568676,-0.45853779116531446,7.180334262545158,2.4351817114359937,58.01652168699882,-123.96362410628348
424680000,0.6002002013195049,-0.4582802618701882,7.168477402903532,2.439262676953347,58.09470242756286,-123.9061867934361
424690000,0.6002220972464307,-0.4577470086083844,7.158278545643363,2.442784011920189,58.23685408926792,-123.93155259280329
424700000,0.5997571840625007,-0.4570767985919847,7.132533858034304,2.4517185080202157,58.43353154117168,-123.83095831656668
424710000,0.5998677799890993,-0.4579198514073395,7.152397729483012,2.444819122886905,58.20338909079932,-123.8302675372644
424720000,0.599339694971749,-0.45857554148458807,7.151685617843443,2.4450657874312687,58.047052768365184,-123.66519744343843
424730000,0.5990843949426364,-0.4589904672940599,7.153331712364122,2.444495681479664,57.945501058908,-123.5820091518526
424740000,0.5989327812254736,-0.45812813190080065,7.131963397272678,2.4519172271507,58.181265126814665,-123.57250500464154
424750000,0.5982240144460133,-0.4577586311081439,7.106010320839799,2.46099236646987,58.30507467303427,-123.39608266042501
424760000,0.5981319830211476,-0.457526791107073,7.098986841320773,2.4634599398894914,58.37026692790462,-123.3795633991703
424770000,0.5976724393269718,-0.45794512876335464,7.095361480237076,2.4647355957242647,58.2744641159749,-123.242273853742
424780000,0.5986519371940724,-0.45733307213998586,7.108687809016962,2.4600529887277016,58.403947958764746,-123.52547613032311
424790000,0.5984632301231934,-0.45850406426355017,7.1271939727441005,2.453579918629668,58.09756022114778,-123.43370375165479
424800000,0.5982356882847717,-0.4610597416503085,7.172918172570852,2.437732614459485,57.42629912254607,-123.2810886273961
424810000,0.5977269825546719,-0.4626064667566731,7.1910876872877845,2.4314923999242573,57.03637595454808,-123.08983587620807
424820000,0.5982307719559055,-0.46230421880880485,7.198260066233237,2.429037931099259,57.097420128892544,-123.23390069010487
424830000,0.598229728230128,-0.4606703773187577,7.1648323286021,2.440520028941339,57.52970342896024,-123.29371417496655
424840000,0.5987367803910671,-0.4592955903312699,7.150333613413514,2.445534238905348,57.87671946652022,-123.47830334079586
424850000,0.5986049532115122,-0.45860487212614093,7.132938187619464,2.4515776800642093,58.06561593594531,-123.46793607458694
424860000,0.5986696350781571,-0.4574253765891088,7.11099306557303,2.4592447839704725,58.37860916151527,-123.52697538738309
424870000,0.5984250519596424,-0.45726291425326326,7.101367127703662,2.4626231111554837,58.43066927543023,-123.46717361047172
424880000,0.5980763450640624,-0.4578742582305361,7.104466930994568,2.4615341820608023,58.27933760298416,-123.35258394921402
424890000,0.598543883395181,-0.4579705619451138,7.118606926756812,2.4565792187672733,58.23718897262728,-123.47413380164846
424900000,0.597714874550283,-0.45804189378069965,7.098394880732215,2.4636681422530065,58.24716972764684,-123.25024089077232
424910000,0.5981220157221424,-0.4582094633790902,7.112358733435067,2.4587662437004036,58.18823241696765,-123.353042114983
424920000,0.5984372499453566,-0.45845160145233776,7.125459539773465,2.4541851304367186,58.11248292366612,-123.42863207954098
424930000,0.5982220367295776,-0.45815235115959396,7.113829043313261,2.458251245614769,58.19996437632378,-123.38174963824949
424940000,0.5984455501303726,-0.4588648330873442,7.133984142878704,2.4512134494922395,58.00196494289876,-123.41614850170014
424950000,0.5980818591486246,-0.45881411045875536,7.123429972706405,2.4548937078547413,58.02840342994981,-123.32102183544013
424960000,0.5978221034347327,-0.4590872695867052,7.122118973539776,2.4553516325487594,57.964849216735416,-123.24219769797244
424970000,0.5982992821399881,-0.45849937227489784,7.1228042347929,2.455112253166166,58.104623523070074,-123.39012558751496
424980000,0.5976338047347163,-0.458392110421823,7.10327547713361,2.461952612859664,58.156593669651045,-123.21643769198755
424990000,0.5974002927318328,-0.4585880909256463,7.101110736181091,2.462713222296777,58.112511457306894,-123.1474075597361
425000000,0.5972855101504563,-0.4578893346887372,7.084201663952128,2.468670762279036,58.30269836161384,-123.14096400236724
425010000,0.5964753677103888,-0.45778492837038215,7.061185565372546,2.4768267652754257,58.35809135214492,-122.92855780955522
425020000,0.596455003696576,-0.4587003344185848,7.07881952963847,2.4705731318269737,58.11522179346641,-122.89209096056813
425030000,0.5968886594633646,-0.4583039318237522,7.082160157810736,2.469392005877527,58.20582794665867,-123.0209904990038
425040000,0.5970726486406263,-0.45917090212953593,7.104238342050608,2.4616144499015267,57.968893482906225,-123.03998240679492
425050000,0.5969705591634246,-0.45827321250488073,7.083671166322038,2.4688581409680124,58.211199933151136,-123.04385039325574
425060000,0.5964232129847332,-0.4574847089572698,7.053909814651991,2.479416304584671,58.43985328921483,-122.92474769989387
425070000,0.5962231413922783,-0.457948455463746,7.057922339024531,2.477987518402526,58.323033626593364,-122.8558915225985
425080000,0.5959951225744988,-0.4582696632105328,7.058407055820567,2.4778150318839494,58.24525565796667,-122.78445045174414
425090000,0.5969155526085478,-0.4588354180257434,7.093447719177173,2.46540952734292,58.06350385237923,-123.00986377497335
425100000,0.5970126745604906,-0.46037145560631965,7.1267952692570615,2.4537190153421333,57.652565370522915,-122.98195275826696
425110000,0.5962966781054937,-0.4597276456437537,7.095212447229263,2.4647880644315245,57.84809257508338,-122.81481721289593
425120000,0.595762251957069,-0.4594366341213741,7.075570293083412,2.4717230367376994,57.943484795461025,-122.68322681357166
425130000,0.5954940803426697,-0.45853720689102734,7.050818474598734,2.4805182057675768,58.19096905257288,-122.64241967639482
425140000,0.5954183011097733,-0.4589665788841579,7.057370739585289,2.4781838345297165,58.0796324737976,-122.60796595501743
425150000,0.5952884237955121,-0.458458834712766,7.043994022009474,2.482954261164833,58.21860659560177,-122.59045500836025
425160000,0.595338283556199,-0.45825193363911826,7.041189474308979,2.483956769228322,58.27186966926056,-122.61054510095187
425170000,0.5951561991980425,-0.4580581352239846,7.032711777142124,2.4869921518453317,58.32933635218363,-122.56858991353764
425180000,0.595526163358935,-0.45915277231617413,7.063838992802316,2.4758837287528364,58.02666937288827,-122.63029208156348
425190000,0.5954761857220374,-0.45951527572665607,7.0697551018708875,2.4737837255504975,57.93236412705848,-122.60482154851722
425200000,0.593935416432116,-0.45910863243104266,7.022238393221009,2.490752405906993,58.09100202810594,-122.21088498580824
425210000,0.5954149339733708,-0.45886133584792577,7.05519925670575,2.478956977119217,58.107641547787274,-122.61059782350287
425220000,0.5951694691970073,-0.4596767416460834,7.065065421268388,2.475448096447935,57.900004944004344,-122.51823645285586
425230000,0.5948345151338713,-0.45873654006343284,7.037851369193225,2.485151064573794,58.159995096441506,-122.46092961302824
425240000,0.5945431553255542,-0.4589557453425641,7.034726564191062,2.486270094445021,58.11155347375007,-122.37657165345834
425250000,0.5949092061775776,-0.45920784632613193,7.049077612126775,2.4811391663754163,58.03273982872953,-122.46509312480028
425260000,0.5952389475452013,-0.45937143344557996,7.060788321023471,2.476968009423926,57.978428680871936,-122.54688355884427
425270000,0.5955883175272005,-0.4601197021200154,7.084700154756454,2.4684947149117553,57.768697678095734,-122.6139184958945
425280000,0.5953486055762508,-0.45982954658271463,7.07272127464057,2.4727321915231797,57.8535538149965,-122.56043456543577
425290000,0.5952133685567105,-0.4600156335788908,7.072941392747066,2.4726541936118744,57.80895858666862,-122.51839002908089
425300000,0.5955688536961614,-0.4593927737320171,7.06970756320882,2.4738005857501606,57.961658899728995,-122.63349742454213
425310000,0.5951995056516634,-0.46019481741879287,7.076156301169315,2.4715155688147123,57.76210567982156,-122.50865115129008
425320000,0.5949788095832744,-0.45952890512846106,7.057226626976775,2.4782351298598893,57.945495103664115,-122.47278994834537
425330000,0.5938049895997936,-0.4597695029625153,7.0319429944003256,2.4872677787605477,57.92083515900871,-122.15489474247802
425340000,0.5922569098313701,-0.45873198460812586,6.972416136601368,2.508797986337583,58.24382736382033,-121.77988283663848
425350000,0.5936376971696711,-0.4588094457233026,7.00879360490034,2.4955962964218763,58.17968435450988,-122.14189326006073
425360000,0.5930816292322267,-0.45902558450109215,6.9989399817902935,2.499158424862237,58.140413883643426,-121.98814370919209
425370000,0.5940551603271282,-0.45882483172493094,7.01970457259504,2.491663842879942,58.16212814743623,-122.25175786505832
425380000,0.5933876473691267,-0.4594080073578739,7.014199474692092,2.4936463903111847,58.02972568154951,-122.05659933758271
425390000,0.5935171161254236,-0.4596604993842598,7.022459720295912,2.4906728245447556,57.95896205637762,-122.08255840645168
425400000,0.5940524608935929,-0.4594093364986414,7.031146386110847,2.4875534466953564,58.00776072199729,-122.23198544132681
425410000,0.5941373882784906,-0.4595035325778603,7.035173381921033,2.4861100215315917,57.98010450057784,-122.25131863140888
425420000,0.5936509150879122,-0.4599285093176933,7.031154500650319,2.487550536445633,57.883969691830764,-122.10908108818262
425430000,0.5941981146231392,-0.4600340899252038,7.047223489605396,2.4818008708245554,57.83811829925565,-122.24982780691955
425440000,0.5934614867468831,-0.4603964667555153,7.035575481628069,2.4859659866359824,57.76698196869607,-122.04388050290733
425450000,0.5931045135957345,-0.4600883968395218,7.020401603547926,2.4914130479204735,57.859665585841576,-121.96001745207997
425460000,0.5937105153463306,-0.46014285571647257,7.03691204383018,2.4854873415434393,57.82555433371516,-122.11775190938174
425470000,0.5933556372183438,-0.46023293791466263,7.029643678643015,2.4880925054212475,57.81346759178347,-122.02138644468654
425480000,0.5926575861755328,-0.4606811652780536,7.0207412635934645,2.491290855085296,57.71837933366992,-121.82337716170764
425490000,0.5935438959443484,-0.4600378510650185,7.030586344190888,2.4877543202360144,57.858668391654206,-122.07731543585636
425500000,0.5935101126057853,-0.46060530136739347,7.040952598287672,2.48404147978997,57.710463207842466,-122.04980223322508
425510000,0.5933349075638451,-0.45990752823232417,7.022693460890081,2.490588785280277,57.899797655984756,-122.02652787200483
425520000,0.5933350333813341,-0.46041422704933777,7.032702447068928,2.486995496530009,57.766454620348306,-122.01004015278698
425530000,0.5934244601985439,-0.46019199460738636,7.030588084023646,2.4877536961493525,57.82199311193184,-122.04083427388241
425540000,0.5928018784752602,-0.459760250773842,7.006266601489398,2.496508844195496,57.95576213617687,-121.89095589723726
425550000,0.5925583975934305,-0.45907366999111204,6.986665778515073,2.5036099504062825,58.144317059455275,-121.84864831654237
425560000,0.5919626408249804,-0.45965881223632626,6.983090991585457,2.5049094341714397,58.00905080993922,-121.67344702565444
425570000,0.5921117942506707,-0.45918313346454814,6.9775571596913375,2.5069237385140317,58.12950260204722,-121.72757908887564
425580000,0.5918574768082564,-0.459727757850492,6.981792126444602,2.5053819258404357,57.994231250795124,-121.64364890347676
425590000,0.5918427813402681,-0.4595370603600789,6.977698593627141,2.506872216209562,58.044806412485904,-121.64575427333004
425600000,0.5917299865620644,-0.46063758811764005,6.99640379209171,2.500076926142099,57.759525432955115,-121.58151776602087
425610000,0.5920906732738389,-0.4602473554215476,6.997845679293633,2.499554651857794,57.85042156513371,-121.6884931385128
425620000,0.5927111073497153,-0.4605155416816679,7.018831985265445,2.491977875500913,57.76012781339796,-121.84278659983742
425630000,0.5917118094538396,-0.4604304122922947,6.991879514799867,2.5017171182718445,57.81440138311912,-121.58330911671116
425640000,0.591514173244521,-0.4604543749182016,6.987371269325486,2.503353655266047,57.81435032527183,-121.53075097009885
425650000,0.5914113132970428,-0.4600173713783777,6.976236530537643,2.507404927248031,57.93214670186134,-121.5174673916304
425660000,0.5917331874591882,-0.46058364360908655,6.995425282885971,2.500431482798393,57.773560224715276,-121.58406593007267
425670000,0.5917881897053517,-0.46044929792383893,6.994175640965161,2.500884429948018,57.80703501267165,-121.6027374293883
425680000,0.5919778206132932,-0.46116055984129206,7.012962590760438,2.4940922656511995,57.61464596318357,-121.62973702581283
425690000,0.591867642294871,-0.4609945857893113,7.00690232724973,2.4962792085856687,57.66163157615457,-121.60621013467635
425700000,0.5918015804533392,-0.46134308960334486,7.012101785407414,2.494402665900805,57.57254159452315,-121.57775806877842
425710000,0.5912203410889756,-0.4611429105916518,6.993482309650313,2.501135807168758,57.64339452669422,-121.43213874741687
425720000,0.5913666448667683,-0.4611609360858767,6.997524214810697,2.49967107233062,57.634052232331584,-121.4698204604334
425730000,0.5913393027798165,-0.46058661898577585,6.985562110030625,2.5040110040488757,57.785202823835235,-121.48078462896153
425740000,0.5910287781044864,-0.460098984525893,6.9682354029400235,2.510324226027559,57.922628840273944,-121.41463574535098
425750000,0.5914060831492701,-0.460445091669633,6.984469699136218,2.5044080943080207,57.820178758975885,-121.5027195587192
425760000,0.5912953512780265,-0.46036566776077226,6.980131665627416,2.505986217594291,57.84445658987137,-121.47619418458669
425770000,0.5909417615415966,-0.4609488563828547,6.982666311587406,2.5050639014118534,57.702884664309806,-121.36541168867447
425780000,0.5906298871797788,-0.4613210276471492,6.982129415147587,2.5052592121693524,57.615420184794736,-121.27230268060987
425790000,0.5908115720840647,-0.4606412912333104,6.97337988780093,2.5084464194788807,57.78737303851138,-121.34095518778179
425800000,0.5904276789027133,-0.4605104635716509,6.961218208887707,2.512890165832756,57.83344661260806,-121.24459571648035
425810000,0.5900875595671236,-0.4608907638630183,6.9601368395722325,2.5132860541528075,57.744526527768926,-121.14405964601185
425820000,0.5899818206235381,-0.46068659505738024,6.953520751251365,2.5157109359198815,57.801068361523996,-121.12269559009063
425830000,0.5902756379712998,-0.4610492701364868,6.967931643971848,2.510435190675974,57.69736162563245,-121.18827820554394
425840000,0.5906625276699295,-0.4608467273957456,6.973660251708598,2.5083441641409223,57.73828550491283,-121.29560484052504
425850000,0.5908946989898558,-0.4614152184110836,6.990634192840259,2.5021689668540215,57.58252363638286,-121.338475737977
425860000,0.5902035587860286,-0.4611575302746113,6.968244227963769,2.5103210023505396,57.6713339397797,-121.16612407357547
425870000,0.5900126100613887,-0.4616003794599923,6.9721299969783255,2.5089023863333932,57.56177828784464,-121.10264581672863
425880000,0.5896320111943995,-0.4614834583259614,6.960332896575792,2.5132142685407106,57.603955816164884,-121.00711316233155
425890000,0.5894344356218905,-0.46143087246336906,6.954381057625846,2.5153953560519833,57.62368632075305,-120.957274027429
425900000,0.5898080026238037,-0.4612816849539927,6.960785304293937,2.5130486367340192,57.651129104556155,-121.05914922325378
425910000,0.5901207117020193,-0.4612344308387293,6.967675160336933,2.5105288931041603,57.653830045354574,-121.14213732234353
425920000,0.5901897332770595,-0.4614773818391927,6.974156052080118,2.5081633545843607,57.58834228499173,-121.15261755426778
425930000,0.5902923982214329,-0.46109320660976255,6.969209685178085,2.509968382563801,57.68537543120505,-121.1912955654316
425940000,0.5901551357833523,-0.4610285917962421,6.964514499733475,2.51168417126894,57.70647417696363,-121.15746335397624
425950000,0.5899219966704934,-0.4610391910376572,6.95889878285568,2.5137394598426295,57.710867219105815,-121.09630530160143
425960000,0.5905649361360606,-0.46096997966955183,6.973624994454638,2.508357022832588,57.709109998439594,-121.26627792363624
425970000,0.5898330934742211,-0.4608634266289143,6.953256426847101,2.5158079121131713,57.75944170477327,-121.07847992012313
425980000,0.589259813845328,-0.46091252258528276,6.9399508259238285,2.5206992613475245,57.76400335091492,-120.92748725992679
425990000,0.5885180434228757,-0.4607660027501687,6.918747663040755,2.5285335837849754,57.824284542104955,-120.73862242013185
426000000,0.5894199822558394,-0.4613429061544383,6.952306190579774,2.5161566000627933,57.64703150569867,-120.95618931139205
426010000,0.589301730367467,-0.4609714882026628,6.942137292164928,2.5198941671224846,57.74737253303087,-120.93663484610776
426020000,0.5891046980799001,-0.46080326488877665,6.933982220604895,2.522899643430811,57.79713653487132,-120.89033928791203
426030000,0.5888920505593083,-0.4607418309369091,6.927524629119859,2.5252846558972,57.819494642505305,-120.83675696338432
426040000,0.589088981575324,-0.46105359059518086,6.938450219856688,2.5212521099885175,57.732387676849164,-120.8787351388787
426050000,0.5888964877202351,-0.460421378413084,6.921435646935522,2.5275376915547114,57.90289958258221,-120.84742717248356
426060000,0.5894398668886869,-0.4607707569422332,6.941669505694572,2.5200663705425908,57.7955400230048,-120.9787033996557
426070000,0.5887027296672876,-0.4608532862326253,6.9249990259645715,2.5262186845087333,57.79608991633921,-120.78412832836483
426080000,0.5887392938637264,-0.46045637344424484,6.918228193682857,2.5287261371944543,57.898422191962396,-120.80540504252414
426090000,0.5889420795902127,-0.4615312678873218,6.944090310109743,2.5191754703173954,57.612497031773536,-120.82611653871574
426100000,0.5894225840026276,-0.46176749662955957,6.960656881790582,2.5130956514941043,57.53644624414666,-120.94390398452066
426110000,0.5910097311143877,-0.4607289989486985,6.9800673410756815,2.5060096331438,57.75825699644543,-121.39006145477369
426120000,0.5895413129132004,-0.4604862159281433,6.938666583584667,2.5211723828673542,57.86673296944897,-121.01374694289053
426130000,0.5892001391827614,-0.46069866062085524,6.93432027135522,2.522774914522574,57.821547600646554,-120.91835295870477
426140000,0.5882968804225195,-0.46070001893652074,6.912018325785166,2.5310302581556936,57.847970398642744,-120.68298645856986
426150000,0.5882957751678456,-0.4606025458852645,6.910110626646891,2.531738943700112,57.87337909462659,-120.68555542389154
426160000,0.5878505802653589,-0.4612503755032902,6.911651535006015,2.5311664851565157,57.717955080037235,-120.550812035846
426170000,0.5877138928714247,-0.4610934285698613,6.905259010233177,2.533543058409173,57.76271132290023,-120.51989425965401
426180000,0.5870371078061241,-0.46133911529023225,6.893385475904514,2.537969275414709,57.71854818889564,-120.33715537444192
426190000,0.587390791582601,-0.46127446594455984,6.900812664354482,2.5351987453450446,57.72510015712812,-120.4307539194225
426200000,0.5876702907935173,-0.46048461351056913,6.892469801540232,2.53831126755937,57.922235464375234,-120.5261900304227
426210000,0.587041983242229,-0.46110596295620226,6.889020011553888,2.539600552079735,57.77887202696875,-120.34511634503463
426220000,0.5872241679512591,-0.4615878314353837,6.9027662218880765,2.534471030300287,57.6486716689381,-120.37845497383044
426230000,0.5869600589513253,-0.4610593909497239,6.886121045601136,2.540684998399639,57.79329848447464,-120.32519765892782
426240000,0.5881611080834266,-0.46114065113269337,6.917183107168926,2.5291136123284113,57.73734270782508,-120.63471746533527
426250000,0.5875028599063427,-0.46146942757358683,6.907327352981374,2.5327736110650334,57.671263146921255,-120.45415917126934
426260000,0.5874881279478027,-0.4609812992658728,6.897553814019679,2.5364136289437167,57.79838622555208,-120.46450904261839
426270000,0.5869813990184847,-0.4622400805680571,6.909407870560111,2.532000109236003,57.486877010255434,-120.29662240673018
426280000,0.586771395947727,-0.461546871715248,6.890879319645393,2.538905511991736,57.672351257431444,-120.26233519595937
426290000,0.5865182137694381,-0.4611987327672521,6.878004343241577,2.5437262653878423,57.769753758821864,-120.20668266266115
426300000,0.5868454176509411,-0.46157028681485957,6.8931419893062635,2.53806020534837,57.66416051682398,-120.28083330671238
426310000,0.5861564820237768,-0.4611469086840143,6.868199381917726,2.547409903995612,57.793384290206575,-120.11444853625251
426320000,0.5865052875878384,-0.46108322000391955,6.875474307718092,2.5446757502320816,57.80005256828633,-120.20660449276244
426330000,0.5863413871876227,-0.4608269902954952,6.866577771721549,2.548020164584167,57.87108750005678,-120.17133707089052
426340000,0.5866627464276364,-0.46092254807204097,6.876234752729216,2.544390291457061,57.83725181151092,-120.25197451346124
426350000,0.5865547888657807,-0.4615492076147517,6.885627774259735,2.5408696144008855,57.67794646324591,-120.20618338123843
426360000,0.5863523238569435,-0.4616881278898834,6.883353518149395,2.5417211467794507,57.64777069958974,-120.14982941334067
426370000,0.5863915132989458,-0.46206511954030377,6.891567376788346,2.5386484019801387,57.54917624485046,-120.14918594732829
426380000,0.5865526809741959,-0.4619190193723456,6.892694620058387,2.5382272922487297,57.58232019980277,-120.19504677304016
426390000,0.5864623001982098,-0.46191536661390437,6.890413303918718,2.5390796803875153,57.58585846214083,-120.17177944799383
426400000,0.5861183351314281,-0.46160887265608047,6.876124180968259,2.544431794302608,57.6749104743182,-120.09155818288741
426410000,0.5861650883868622,-0.46157844900842204,6.876679663449194,2.544223309065324,57.68145658427268,-120.10451105584882
426420000,0.5857483179425059,-0.46206494457233116,6.875867489835652,2.5445281479616924,57.567533644808385,-119.98306494377115
426430000,0.5858711330819715,-0.46178204397365946,6.873426548969436,2.5454447666399838,57.63712686630615,-120.02276687853634
426440000,0.5860123989222836,-0.46168357355837536,6.87497688436467,2.5448625098270665,57.65858947759284,-120.0620554453233
426450000,0.5857698958737557,-0.4618259691888761,6.871805466719473,2.5460538807864093,57.62863149161768,-119.99537589363617
426460000,0.5853865354578748,-0.46154425959068457,6.857101866413404,2.5515921287613104,57.71211241400174,-119.90422749046546
426470000,0.5852312319116375,-0.46118859757062647,6.846555189061404,2.555579602489844,57.80829843405948,-119.87391960690516
426480000,0.5853427242000239,-0.4612080813037992,6.849623439057737,2.5544182685073076,57.80019451705307,-119.90220304579842
426490000,0.5851163264992374,-0.4620267877324025,6.859781011644972,2.550581196485546,57.5950907404383,-119.8210904061755
426500000,0.5849860084383092,-0.4619870215124793,6.855862687463827,2.552059986012798,57.60895979288058,-119.78859468254622
426510000,0.5845611222598057,-0.4619040127724778,6.844004789601158,2.556545739590671,57.6420517277023,-119.68137384383708
426520000,0.5846513986614692,-0.46176370109125275,6.84350829045237,2.556733907947282,57.67574312449161,-119.70847982317207
426530000,0.5845130091508645,-0.46184748716993396,6.841765947537021,2.557394459792026,57.657931566174156,-119.67052221330385
426540000,0.5847769895436662,-0.461780461193522,6.8468610225262765,2.5554637966666425,57.667979966761784,-119.74040020129075
426550000,0.584771928341611,-0.4619865250541867,6.850672776710012,2.5540213376611742,57.615001421757924,-119.73342831079482
426560000,0.5852357118143244,-0.46226203079020045,6.867185351397535,2.547791479621214,57.531115757680936,-119.84530336669049
426570000,0.5852210930019689,-0.4621587167832081,6.8648494063803,2.5486709246234565,57.55815624507929,-119.84442465882094
426580000,0.584968862504966,-0.4620255136852702,6.85618366982889,2.5519387811812226,57.59951186129449,-119.7831084194105
426590000,0.5847713679588147,-0.46226846274535954,6.85604993290336,2.551989279622809,57.542387837717285,-119.72549691798682
426600000,0.5843131908369107,-0.46160170366337144,6.832271900858744,2.560999863396893,57.72670201394034,-119.62570878731331
426610000,0.583973056858754,-0.46163439943169443,6.824715645260442,2.563876708872118,57.727443419958824,-119.53719456242136
426620000,0.5831377806476831,-0.4619995397596342,6.811623233455542,2.568876742641753,57.65578016323875,-119.31261356607806
426630000,0.5836080660778317,-0.4626434633123771,6.835141909148066,2.559908886510564,57.477834430895925,-119.41614017844616
426640000,0.5838642647179024,-0.4627325648560621,6.843011464849175,2.5569222279556163,57.44799258029367,-119.47948945458758
426650000,0.5841081063604471,-0.4631268186732981,6.856444174073509,2.5518404217679187,57.340093300486934,-119.53124522651599
426660000,0.5844955076398272,-0.463546621568408,6.873900825183617,2.545266615046611,57.2215829594188,-119.61892940731883
426670000,0.5846127811358228,-0.46190332392307715,6.845238813657391,2.556078177267336,57.64081451869796,-119.69470353932887
426680000,0.5833833291560158,-0.46150618449900294,6.808155442232882,2.5702043954997835,57.7761443467791,-119.38878263496646
426690000,0.5832126279066093,-0.4620046249077904,6.813510034560932,2.568154956142785,57.65249150676746,-119.33170793818752
426700000,0.5839338927967158,-0.462649759015148,6.843108162897259,2.5568855727085515,57.46735596983644,-119.49963114190308
426710000,0.583632596819677,-0.4629975581141265,6.842492154969051,2.557119100420315,57.386314391715885,-119.41280935651793
426720000,0.5840701166903768,-0.46244584972051506,6.842498723452448,2.557116610091164,57.51603038908252,-119.5402014306425
426730000,0.5840920180311672,-0.46214248415174397,6.837240489462976,2.5591117450963874,57.593446558530516,-119.5540956815139
426740000,0.5832656438245345,-0.46178030472724535,6.810528687197835,2.569295643270673,57.70874174704169,-119.35127221619102
426750000,0.5830153623843872,-0.46241800115498344,6.816630716253157,2.566962050943559,57.551597556816525,-119.27008881582393
426760000,0.5824947400988708,-0.46262429484553524,6.808099982767073,2.570225639530428,57.51248639634734,-119.13116548035583
426770000,0.5826576479142124,-0.4627801024373188,6.814948561020643,2.567604929336125,57.468271461825935,-119.16877697004541
426780000,0.5827964636289961,-0.46239916048729124,6.8110379595409,2.569100719356724,57.56223162618106,-119.21443916011454
426790000,0.5829247502640019,-0.4633507757630106,6.832213576906729,2.5610220438041873,57.31502857298091,-119.22189526181467
426800000,0.5823811267946725,-0.4629229967429456,6.811053872224515,2.5690946292594017,57.43900416474762,-119.09420039685195
426810000,0.5817468087933007,-0.4631978253184413,6.801142911934461,2.5728933893667696,57.385397502210154,-118.92481310297627
426820000,0.5825664576329582,-0.4632563071753125,6.821822060253382,2.564980089797623,57.34880986032855,-119.13276770613197
426830000,0.58212426848116,-0.4627770211236236,6.80215906099967,2.572503390261974,57.483109041542555,-119.03230858264881
426840000,0.5824253852380249,-0.4622269316640633,6.798923359468035,2.5737456703690147,57.616139555540265,-119.12380740060895
426850000,0.5824679121812572,-0.46301594934432455,6.814892751333694,2.5676262639861394,57.41292197745504,-119.1139495435126
426860000,0.5826469730192068,-0.4624618252648455,6.808654773450746,2.5700131400644057,57.55010929062905,-119.1744557594089
426870000,0.5827006142124932,-0.462291634474947,6.806710979176763,2.570757819825944,57.59233621197243,-119.19269152660195
426880000,0.581289435869264,-0.4629407791602067,6.785415125261506,2.578944956477813,57.462890689835014,-118.81466246270058
426890000,0.5822873154260446,-0.46222882996454845,6.795671746228296,2.5749952775513893,57.619249202183894,-119.08836259335907
426900000,0.5822497941322885,-0.46173442650968044,6.785454483792322,2.5789297767387884,57.74702417661594,-119.0915281848332
426910000,0.5814327172198772,-0.4620391504642608,6.771825596912999,2.5841969285292405,57.68977883467913,-118.87430282647541
426920000,0.5814825943230185,-0.46215031269405105,6.775094973952556,2.582931438374654,57.660054522917314,-118.88424994401937
426930000,0.5817878177535165,-0.46218437355835607,6.7829664646298,2.5798897063335384,57.643538777520675,-118.96153113055648
426940000,0.5815436176081397,-0.4623797084879346,6.780857791438191,2.5807038401246674,57.599791067062895,-118.8940164864336
426950000,0.5800751662169268,-0.4627728658661811,6.753596974545033,2.5912757129329984,57.536382745600186,-118.50911407104765
426960000,0.5817759910401692,-0.4628245695975251,6.794770133242622,2.5753419872863335,57.48002206401301,-118.94198775395299
426970000,0.5810881687070678,-0.46300441907178974,6.781847516301186,2.580321654607292,57.451803425154935,-118.76164888809475
426980000,0.5813424944854085,-0.46271278209323263,6.782370451978364,2.5801197673100296,57.51977207464923,-118.83406414878486
426990000,0.5817022799278759,-0.46151176429227847,6.768298576712096,2.585563547060464,57.81811337706789,-118.95672708599956
427000000,0.5812809018698751,-0.4619270225044647,6.766133433536244,2.5864031990745944,57.7223222430114,-118.83826601937537
427010000,0.5811523606407514,-0.46196553695072956,6.76382217808279,2.587300120516527,57.71569604192769,-118.80439253795194
427020000,0.5808573722816407,-0.46237821837597115,6.764607378767132,2.586995339945454,57.61757046479624,-118.71858696009083
427030000,0.5812696280964711,-0.4617966289394787,6.763421985676772,2.587455485542906,57.755995788101906,-118.83865833937315
427040000,0.5809539058833927,-0.4618681287065226,6.757318805863548,2.5898272289456266,57.7455923056441,-118.7560409064114
427050000,0.5809276994383469,-0.46203864910958153,6.7598957577515035,2.5888252712211535,57.702619781025234,-118.74507783619735
427060000,0.5809253270014908,-0.46288203415956375,6.775686985108881,2.5827024198735895,57.487191546121075,-118.72320871355588
427070000,0.580660569995271,-0.46278274190016044,6.767565430526453,2.585847802861248,57.51922997031377,-118.65815731207196
427080000,0.5810742770556231,-0.4629242189960481,6.780005795944157,2.5810329323492405,57.472629263062025,-118.76015302994563
427090000,0.5805701612423934,-0.4623537681622882,6.7573818457701424,2.589802708757247,57.63100395207566,-118.64582738256557
427100000,0.5805356028453035,-0.46179338226125966,6.746084519930299,2.594204431976193,57.77508119080315,-118.65087860657691
427110000,0.5802126971472346,-0.46222343538963784,6.746540823128136,2.594026352635403,57.67314090382706,-118.5577761631711
427120000,0.5798571662706175,-0.46252590008936745,6.743857188180289,2.5950740361298235,57.604714777521785,-118.45963696334321
427130000,0.5807653281269056,-0.46211904125272846,6.757577571569374,2.589726581652416,57.686116823825586,-118.70154927910991
427140000,0.5810032847000857,-0.46230741392264285,6.7667203913444025,2.5861755199901397,57.63199625776545,-118.75766092734641
427150000,0.5795913551692372,-0.46302945413538776,6.747049193964672,2.5938279821016037,57.48298893788993,-118.37955833849546
427160000,0.5800654761049454,-0.46213726159834256,6.741478108795776,2.5960035351798245,57.698756219818456,-118.52230632367045
427170000,0.5800546843745954,-0.46239919045617656,6.746119586841525,2.5941907457010345,57.63217548162046,-118.51312291844422
427180000,0.5793374095070989,-0.46242527284272134,6.72981931282542,2.6005683068980185,57.643011708748084,-118.32963088233086
427190000,0.5798486054660202,-0.4626432700366046,6.745851704755282,2.59429530116914,57.575007983238415,-118.45457164977755
427200000,0.5794852187140566,-0.4618640239038502,6.722822472316437,2.6033155556064598,57.782555709609504,-118.3808206086124
427210000,0.580104878176325,-0.46256595030904996,6.7504182632881475,2.59251411527416,57.58840139400129,-118.52181305870486
427220000,0.5794246409622492,-0.46254171360533197,6.73402851950681,2.598918410746431,57.6112391772702,-118.34903282524458
427230000,0.5798305543152322,-0.46324048856773614,6.756621829443877,2.590098358130946,57.42336997958063,-118.43520490128215
427240000,0.5801360040991886,-0.4634691977390671,6.768112257902306,2.585635780714475,57.35752957613635,-118.50720373664676
427250000,0.5797017886870007,-0.4628728913741994,6.746706643263352,2.593961644878766,57.52012494971999,-118.41152252567969
427260000,0.5793428724643432,-0.4636130969074317,6.7521661210005535,2.591833015329756,57.340743579032825,-118.30198824053836
427270000,0.5797455582111037,-0.4631981565316084,6.753830319008523,2.5911848506171307,57.43625195853706,-118.41462909952428
427280000,0.5786949563238891,-0.4631823603460562,6.728948535032641,2.6009098919400024,57.46595132879061,-118.14796366779429
427290000,0.5785760115118009,-0.4631119898762314,6.724863648105278,2.602513501691171,57.48668053503651,-118.11945182889245
427300000,0.5781690555496798,-0.46329079003654045,6.718725895087869,2.6049267570268695,57.451032869388015,-118.01190634122354
427310000,0.5786789696297915,-0.4634303444918657,6.733207339669789,2.5992401256051147,57.40338598845654,-118.13791522461526
427320000,0.5787128476148736,-0.46357391788287367,6.736683308886406,2.5978788886691113,57.36613537810757,-118.14302843888373
427330000,0.5786270153394046,-0.46346097717542845,6.732567436416058,2.5994908770969083,57.39687044379977,-118.12399070044361
427340000,0.578189400410312,-0.4639026558125285,6.730619189625416,2.600254614240525,57.295488540519564,-118.00239761416034
427350000,0.578311419893337,-0.46436436818610416,6.7421157116905235,2.5957543598842054,57.17566618769012,-118.02207330723289
427360000,0.5780483002453246,-0.46432266650134413,6.735190930644835,2.5984631483323444,57.19261565686409,-117.95653663674422
427370000,0.5779646987798942,-0.46351954394162714,6.71823835822749,2.605118641170667,57.39791076610594,-117.95466036767974
427380000,0.5774757207246614,-0.4637899353132426,6.711925698384472,2.607605744195265,57.34104740875692,-117.82446566040161
427390000,0.5771530076095522,-0.4638797364524366,6.706121573304896,2.6098967169952285,57.32593311946006,-117.74075839705951
427400000,0.5776397237494011,-0.4635025824863019,6.710379857840979,2.6082155140025205,57.4099024388917,-117.87274979309194
427410000,0.5771239566303895,-0.4628552379027019,6.686454828007629,2.617689713951918,57.58586243007331,-117.75715539060383
427420000,0.5770808786674894,-0.4632027968156531,6.691891340772243,2.615530796651603,57.49883103891243,-117.73825462123844
427430000,0.5765956614212089,-0.4627554462707074,6.672462723387587,2.6232627298718603,57.62314356516367,-117.62561526111021
427440000,0.5769539251549197,-0.4631421445853227,6.687841532442156,2.617138692616319,57.517104348982535,-117.70751520629734
427450000,0.5775876990361103,-0.46327790836087374,6.704998254299794,2.6103405759035287,57.4680291044804,-117.86485295428297
427460000,0.5778881811779881,-0.4640035184208701,6.725489713706822,2.602267596989951,57.27720263898907,-117.92372838493917
427470000,0.5779289615794352,-0.46370438432969696,6.720853916220816,2.6040895464766542,57.351943369553155,-117.94120485749421
427480000,0.5777870996817382,-0.4629303952590017,6.703164773085225,2.6110653692258805,57.55145473358873,-117.92353434243795
427490000,0.5781249804528839,-0.4630124076099173,6.712521358478641,2.607370857722046,57.52270145317884,-118.00733052647277
427500000,0.5772963396603732,-0.46346636947105596,6.701755506448766,2.6116227420119627,57.427122177446364,-117.78667414022654
427510000,0.5770871814786306,-0.4637205710537959,6.701640202552894,2.6116683559541642,57.36770407959209,-117.72784098292267
427520000,0.5769266111314979,-0.46372207205852817,6.697957895924116,2.613125912295811,57.37106095614729,-117.68721970169287
427530000,0.5767060615934994,-0.4638478541503014,6.695201466399942,2.6142180546975724,57.34439634021956,-117.62858708752452
427540000,0.5763460445236672,-0.46315569404614687,6.674111191907389,2.6226049072916453,57.52751151658299,-117.55343855936265
427550000,0.5768000522476379,-0.4633307667500005,6.6877860495202155,2.617160734839821,57.47291157068657,-117.66425489267625
427560000,0.5767536597714079,-0.4635143386514219,6.690115783546859,2.6162355012651073,57.427562377595386,-117.64830736986886
427570000,0.5770992725003263,-0.4632675726988481,6.69351555362573,2.614886494322701,57.48201047358094,-117.74141509587837
427580000,0.576905579518431,-0.4640072551180654,6.702770003079935,2.6112214787871446,57.29950563751252,-117.67526744909283
427590000,0.5766335022523668,-0.4639592835678966,6.69559552729444,2.6140618649901386,57.31794149261265,-117.6076886427945
427600000,0.5765555044379014,-0.46391477890792987,6.692970856873401,2.615102532194722,57.33097791963264,-117.589028582038
427610000,0.5766070968044565,-0.4646760730399266,6.708319387382715,2.609028730771511,57.137788902510835,-117.5843209596891
427620000,0.5763925523025909,-0.46366776690210265,6.684641127092568,2.618410759693774,57.39707955836387,-117.55356125420313
427630000,0.5771807673416167,-0.4639926246201621,6.708864964819564,2.6088133551138086,57.29675422503941,-117.74512311819127
427640000,0.5762528594976015,-0.4637539419786195,6.683022935905147,2.619054417503746,57.37851407740894,-117.51633091415097
427650000,0.5762668792951574,-0.4635503373753321,6.679579821856153,2.6204250250170027,57.429593702983304,-117.52450297554387
427660000,0.5765926400172109,-0.46354595920524516,6.686991851569471,2.6174762943558463,57.42326817306529,-117.60688781666421
427670000,0.5745912700229947,-0.4646503270172247,6.661525458097856,2.627635689508443,57.19027270394712,-117.077981139801
427680000,0.5756234038246089,-0.4631707374247134,6.657840754242626,2.629112225401953,57.53985370387173,-117.3705472720798
427690000,0.5758248606913876,-0.4636320344479004,6.670945649866914,2.6238684130562233,57.41895907195538,-117.41110196600158
427700000,0.5758328785048171,-0.4643682155314071,6.684744331820613,2.618369719406286,57.233252648801255,-117.39644978286672
427710000,0.575718298761493,-0.4639282228799316,6.673971717637796,2.622660551728699,57.346681277317835,-117.37756997690816
427720000,0.5759479448452411,-0.4638384023251005,6.677580024611375,2.6212217521855012,57.364135347027144,-117.43749004637279
427730000,0.5762554243294714,-0.4636448657269495,6.681064170085129,2.6198339702506805,57.405987628520656,-117.51946236360831
427740000,0.5757075018750711,-0.46372402300908755,6.669954062435915,2.624264451156699,57.39839563413067,-117.3794406176765
427750000,0.5755253249410042,-0.4635449447976497,6.662483970970965,2.6272518677299868,57.44761699035216,-117.33750589363045
427760000,0.5753695374367147,-0.4634733511708115,6.657606945937246,2.6292059735700395,57.46912124620299,-117.2998128082641
427770000,0.5745788633125332,-0.4633265057227055,6.636911587523078,2.6375307930282617,57.523365748729034,-117.10378502538268
427780000,0.574864183390397,-0.4639047224322459,6.654012341444904,2.6306481205943872,57.37161409208036,-117.16302622940108
427790000,0.5750042248173416,-0.4636709180489956,6.6529053091699835,2.6310925805155367,57.427387546732646,-117.2034131068493
427800000,0.5742666500174227,-0.46426223370233766,6.646982866294928,2.6334729417169003,57.294832672081725,-117.00501894694828
427810000,0.5740324983907777,-0.46389165052017123,6.634866556229235,2.6383563028113075,57.39296253846044,-116.95422410867494
427820000,0.5742644756394054,-0.46419812314591713,6.645755205370394,2.6339669090457085,57.310978185931376,-117.00586823633283
427830000,0.5736047388271749,-0.46395659051470817,6.626370919559511,2.6417912854434986,57.385782163218465,-116.84543872547444
427840000,0.5745522874307705,-0.46438219420492627,6.655692610959247,2.629973801973068,57.25845371292735,-117.074118888656
427850000,0.574877518541753,-0.4640902264236931,6.657730915355992,2.629156265746144,57.324657865941944,-117.1622930855099
427860000,0.5748562983822485,-0.46493240898678695,6.672796130126261,2.623129656843706,57.11356191857268,-117.13819630505373
427870000,0.5741671026636271,-0.4644790556223128,6.648706451971708,2.6327797467744403,57.24258329946513,-116.97530680464423
427880000,0.5741994642556707,-0.4641908999525962,6.644145065081754,2.6346150556638896,57.31420434353649,-116.98970036485309
427890000,0.5737346137111918,-0.46358887391967074,6.6225870811275795,2.6433240817729127,57.47536689237694,-116.88583195911409
427900000,0.5707079907601139,-0.4622016803441522,6.530017100051628,2.6813897641278874,57.88345076550961,-116.15383271036025
427910000,0.5765203712324097,-0.46219380564717627,6.660409498251661,2.6280827009049763,57.76711767342332,-117.61910339361901
427920000,0.5744276788837183,-0.464308628876314,6.651499791810468,2.631657096635524,57.27966535520207,-117.04444075857451
427930000,0.5738184735361472,-0.464356060487204,6.63852912633569,2.6368782160685074,57.280995491104676,-116.89052044263146
427940000,0.5741214878608816,-0.4642750497793815,6.64391929437289,2.6347059632050818,57.294770703556736,-116.96829868041965
427950000,0.5733504498950112,-0.46477535451721896,6.6356188275500525,2.6380525758543385,57.18599950198725,-116.76424106285741
427960000,0.5733185535583861,-0.463950165728702,6.619788948508725,2.6444587315441574,57.393438134458705,-116.77377546219412
427970000,0.5731733784207365,-0.4639947437000105,6.61732796747461,2.645457477139796,57.38530716097484,-116.736434782221
427980000,0.5736464723844107,-0.46349534221657585,6.618889362715889,2.644823724381973,57.5007236770757,-116.86565603876078
427990000,0.5736986806340709,-0.4638872576352397,6.627227349831788,2.641444602405349,57.401190574271055,-116.87048925009786
428000000,0.5737062569847018,-0.46417965598645095,6.632751338281051,2.6392106925729033,57.32765174990861,-116.86615927017804
428010000,0.5740437696367613,-0.4631386473038954,6.621358503527581,2.6438221522108085,57.5820599022973,-116.97307409925071
428020000,0.5738949179082838,-0.46353811785563176,6.6252840781096305,2.642231370994872,57.48473130263328,-116.92719035798036
428030000,0.5728873135552629,-0.4632329459420603,6.597029011346167,2.653724537373821,57.582347201431986,-116.68041996202565
428040000,0.5726449683513288,-0.4634514650321806,6.595558131123896,2.6543255995336636,57.53245420568496,-116.61515543146999
428050000,0.5736053619668242,-0.4627008483109641,6.603507222901979,2.651080535208381,57.70139732182782,-116.87184467176299
428060000,0.5734572179309639,-0.4627763220264385,6.601544844673182,2.651880894941065,57.68544849212522,-116.83300687265528
428070000,0.5731787094015782,-0.4628032563815209,6.59577676379818,2.654236239868819,57.68437057988325,-116.76239790168681
428080000,0.5731933262329787,-0.46344714803067205,6.607797609839454,2.649332387306578,57.52227961146713,-116.75284595688362
428090000,0.5734854534470117,-0.46371563940819105,6.619274108616859,2.6446676073368716,57.448779024778716,-116.82058600764411
428100000,0.5729451393804397,-0.4638254837399439,6.609100528234958,2.6488019639924287,57.43250037188493,-116.68274043781923
428110000,0.572934631514236,-0.4635234260424812,6.60336743406003,2.6511375322507376,57.508474342726736,-116.68634366825748
428120000,0.5728534582843555,-0.46303784924310126,6.592732163462601,2.6554811765284363,57.6320263549576,-116.67588784144668
428130000,0.5719876543102695,-0.4631319011711236,6.5750759889251915,2.6627240510274235,57.625775270773566,-116.45675742330677
428140000,0.5723912387798712,-0.4631807795341242,6.584971426609955,2.6586598707680054,57.60547623918565,-116.55698593357198
428150000,0.5722284358908601,-0.4623318770473207,6.5660234233378,2.666453036841947,57.821834243197095,-116.53292363216553
428160000,0.5721466911327384,-0.4633219237289244,6.582059433637204,2.659854563859278,57.57498272371923,-116.49284207387649
428170000,0.5722822609783126,-0.46334834798773245,6.585567492900094,2.6584154580946184,57.565643625377476,-116.52629462611243
428180000,0.5723301771209681,-0.46257463287771156,6.5726613636670015,2.663717669265562,57.758845301309655,-116.55371886895725
428190000,0.5726364303317731,-0.4635875843465023,6.5978377963704045,2.6533941514252635,57.49849591161071,-116.61023909743668
428200000,0.5719552781596586,-0.4650894922732584,6.609902990337674,2.6484753849393714,57.13692714690943,-116.40900239638717
428210000,0.571429348191872,-0.4639842276945016,6.578036345817916,2.661506883185714,57.423530597486064,-116.3001331757219
428220000,0.5710716682341073,-0.4634559025572048,6.560542280259757,2.6687159820460553,57.56259930493855,-116.22109767623714
428230000,0.5708582927466898,-0.4635342136831644,6.557219593493514,2.6700896724263505,57.54715028906477,-116.16625208064579
428240000,0.5710774653306215,-0.4638785419608019,6.568292761531939,2.665517249476364,57.45687271196537,-116.2143123949338
428250000,0.5720022483564469,-0.4644746026331866,6.599744078729824,2.652615769407833,57.28945958532141,-116.43338993314107
428260000,0.5713684510595918,-0.463753238802757,6.572502606400051,2.663783024061944,57.48246513527558,-116.28948322681296
428270000,0.5708072332599079,-0.4637718919236074,6.560368214487028,2.668787910278536,57.48876960663864,-116.14890535002789
428280000,0.571431667784482,-0.4637161758851883,6.573240392870813,2.663479330647473,57.49048466440785,-116.30601877405782
428290000,0.5713801519139041,-0.46336252029944075,6.565711318698441,2.6665817885354333,57.579956804509955,-116.30007369287702
428300000,0.5711890851572693,-0.46330063455642195,6.560352354136553,2.6687944643573247,57.59915664162968,-116.25347169179679
428310000,0.5706126062124619,-0.46290890569974213,6.540556408030844,2.677000246591767,57.70815844797157,-116.11674325668568
428320000,0.5706233733013277,-0.46274522789383055,6.537863787058852,2.6781203183891766,57.74890641937363,-116.12251146435833
428330000,0.5705203364818021,-0.4633420454190149,6.546284605811797,2.674620579235577,57.6016272603807,-116.08549205060723
428340000,0.5707022641017828,-0.46327236818589984,6.549056484174815,2.6734705870359883,57.61557899900105,-116.132278294578
428350000,0.5702874049178961,-0.4636172976322324,6.546079623281199,2.6747056616381664,57.53732253258312,-116.02211207617987
428360000,0.5694482270272343,-0.4636924972823862,6.528936534835564,2.6818406290489873,57.53429060551611,-115.81149326149833
428370000,0.5691849515258603,-0.46380408570516407,6.525150467465627,2.6834215689844454,57.51136088677766,-115.74388734938314
428380000,0.5697601812020452,-0.46392082833968024,6.539894769463819,2.6772753863352516,57.47160319547053,-115.8849390480292
428390000,0.5698383306311846,-0.4641534217099942,6.545796819481023,2.6748230543867315,57.412204581802264,-115.90001118233464
428400000,0.5702978570753469,-0.4639791574556357,6.552817024374485,2.6719120129028777,57.44686657004229,-116.01782174765165
428410000,0.5700574908070893,-0.463610884942045,6.540889061757743,2.6768619354056113,57.54326676610885,-115.96487439352798
428420000,0.5701186719459861,-0.4640829974322945,6.550723003753039,2.672779663852489,57.4244121821903,-115.97117611176895
428430000,0.5698003022358479,-0.46340667341027825,6.531563936813965,2.680744613658925,57.599009786494356,-115.90454257997914
428440000,0.5698976543312955,-0.46359530834262946,6.537085935791605,2.6784440635037328,57.55015149905953,-115.92530510147124
428450000,0.5693560593312781,-0.4634759428440307,6.523040259803966,2.6843035394689134,57.589934595373975,-115.79251829175989
428460000,0.5691332923151359,-0.46372361465834444,6.5225781883455065,2.684496742242523,57.532336767876274,-115.73250615392045
428470000,0.569790000581735,-0.4640822610829387,6.543451294558603,2.675797089605587,57.43083747911758,-115.88932389939677
428480000,0.568971106806853,-0.4638825118876998,6.521861565699558,2.684796434217308,57.495768970932716,-115.68924523394098
428490000,0.5688888993836867,-0.463538964327489,6.513927155561585,2.688119121873112,57.58274041459181,-115.67503597100821
428500000,0.5688694206638997,-0.4639196015738383,6.5202955451656806,2.6854515796388387,57.48840254369769,-115.66327992477221
428510000,0.5689249689940232,-0.46350763558092833,6.514157922813538,2.688022366582989,57.58988671406951,-115.68458021537988
428520000,0.5685278532184911,-0.46376662076816483,6.510090468945283,2.6897287838214003,57.5326177316738,-115.58113106435732
428530000,0.5681541384164155,-0.46344976087028955,6.496301037196909,2.695530145609424,57.61802157749599,-115.49386205191337
428540000,0.5677655174232399,-0.4644287382890324,6.5052564675161175,2.6917596325733983,57.381926354313705,-115.38008785063354
428550000,0.5677920706237826,-0.4641821299850914,6.501440497668673,2.6933649730107008,57.44258305140988,-115.39105060817012
428560000,0.567956049967001,-0.4638819731407829,6.499669835667684,2.6941105286235043,57.51414856375135,-115.43704146880182
428570000,0.5680741036410067,-0.4642988004913304,6.509670853671958,2.6899049491191747,57.40862199693294,-115.45891268847126
428580000,0.5673865055413722,-0.4636597727826665,6.483348094535796,2.701002611854539,57.57921781986484,-115.29958341432575
428590000,0.5677964903732506,-0.4643132826407458,6.503873319764741,2.692341286105158,57.409989344087386,-115.38981898557479
428600000,0.5674499571848386,-0.4641312215079295,6.493091578534171,2.696884020032008,57.46122222206082,-115.30713997865296
428610000,0.5673173501338076,-0.46402052432437635,6.488245640964156,2.698930824539743,57.490964183728444,-115.27620434073624
428620000,0.5671840118305609,-0.46392336084778035,6.483630047898973,2.7008832513980363,57.51734708622892,-115.24483931530189
428630000,0.5672741338312417,-0.4641224755722585,6.4891177712571295,2.69856222714774,57.46645258265085,-115.26372679135602
428640000,0.5672271340522846,-0.4642391210433221,6.4901694623580655,2.698117875085117,57.43837727677581,-115.25005784285247
428650000,0.5678943725401612,-0.4639052900120783,6.498741426038881,2.694501611426488,57.50944999052747,-115.42132156455224
428660000,0.5673141501554299,-0.4643266157658998,6.4936144504669215,2.696663358854236,57.415192168528975,-115.27008031201682
428670000,0.5675173249765999,-0.4641255883640961,6.494455663528215,2.6963084284815335,57.46143957790218,-115.3239349249031
428680000,0.5684745683587791,-0.46280906103363406,6.491910674304106,2.6973825164168854,57.77185493546934,-115.58482381637938
428690000,0.5672235774632602,-0.4634923502989967,6.476854838674495,2.703754373704621,57.62354193173683,-115.26202861295806
428700000,0.5665877828111521,-0.463761541235722,6.4678722366847134,2.707570420991704,57.567564441070694,-115.09989218976588
428710000,0.5666127267096641,-0.4631600354548498,6.45780475194967,2.7118602813663757,57.71620803014084,-115.11607701705555
428720000,0.567054230612898,-0.46481675120470056,6.496690145604814,2.6953660976833427,57.29847889740887,-115.19717686791078
428730000,0.5669697823757992,-0.4641088429133918,6.482276737274052,2.7014562508474804,57.47508541973852,-115.18858385873794
428740000,0.566914207660855,-0.4641548880856859,6.481889493336631,2.7016202572439116,57.46464019555805,-115.17403462655513
428750000,0.5669589297569587,-0.4637470952278102,6.475634885471738,2.7042720056879013,57.56487760896586,-115.19207522671326
428760000,0.5661013322575186,-0.46408328620124506,6.463067274444613,2.7096161575648137,57.496089613327904,-114.97416846447825
428770000,0.5661468148464063,-0.46395723603578637,6.461821845907256,2.7101469136226806,57.52649771516506,-114.98750818868582
428780000,0.5661583382118792,-0.46458486782024405,6.473166700681694,2.70531987957804,57.371218477542904,-114.97983651106716
428790000,0.565598345773393,-0.4641272524501699,6.453026736847345,2.7139010424526937,57.49352487360925,-114.8491813287309
428800000,0.565622348619531,-0.46413144999443845,6.45361608918,2.7136491539381966,57.492095675488514,-114.85503931947596
428810000,0.5656072681789436,-0.4636901210415304,6.445526526376458,2.717110746213894,57.60137090031706,-114.85848874091157
428820000,0.5655296965760436,-0.4642368659792351,6.453484376492503,2.713705443700332,57.46758875328547,-114.83044112335436
428830000,0.5655741892859857,-0.46459221684853835,6.460710615677977,2.710620656254231,57.3791856390621,-114.83556609458438
428840000,0.5647704200652416,-0.4648854862578387,6.448635839342218,2.715779192068582,57.32012516598815,-114.63276135900813
428850000,0.5652919156208249,-0.46542814865978416,6.469430682963354,2.7069075733613186,57.17800798869048,-114.7520914097117
428860000,0.5652154874456724,-0.46480918158985157,6.456834370378785,2.712274495302049,57.33163510918255,-114.74357534197122
428870000,0.5660531433753215,-0.46453345263139395,6.46998651925149,2.7066712409151634,57.385687895978826,-114.95473143768228
428880000,0.5652761923494453,-0.46485112105050574,6.458879101383177,2.7114018367916177,57.32030386771396,-114.75783632372244
428890000,0.5646960313816035,-0.46483847145601165,6.44621446944905,2.7168160232218224,57.3328977273944,-114.61521996893167
428900000,0.5643717901382229,-0.4644803624557888,6.432988449366673,2.722493524133603,57.42619728571003,-114.5411567087124
428910000,0.5646872093721234,-0.46477388374772166,6.444887938019563,2.7173843827577837,57.34893240157386,-114.61409198771213
428920000,0.5654343146747318,-0.4645460101974937,6.456888267423067,2.7122514856384807,57.392890261371036,-114.8018363602635
428930000,0.5645414974254547,-0.4647910299162462,6.4420733104252035,2.718591119460862,57.34705788309198,-114.57796620567757
428940000,0.5645372819976717,-0.46476478551859784,6.441521300454841,2.7188279136427216,57.35358159104183,-114.57735016145993
428950000,0.5646774135958883,-0.46537000085517644,6.4551952428529,2.712974457766335,57.202510633719704,-114.60198488065399
428960000,0.5648857490919753,-0.46406127158831,6.436603899982211,2.7209391539933,57.52129601711148,-114.6744084993692
428970000,0.5634635224142,-0.46284018357496665,6.385141710528514,2.7432339388992304,57.84400001311689,-114.34218977432226
428980000,0.5621349961699167,-0.4618619644870099,6.340485881697204,2.7628807283184473,58.1035420774831,-114.02809970007503
428990000,0.560887999456897,-0.46802705076202916,6.421422038363624,2.7274782539571962,56.614567533307834,-113.63502147326363
429000000,0.5778831116076952,-0.4675390433794505,6.792150681516105,2.5763498151057456,56.38685318549187,-117.83467786834392
429010000,0.5653902295822587,-0.46325988038283933,6.433334349698197,2.7223447357205344,57.711216402727906,-114.81169688996238
429020000,0.5656024100525135,-0.4644824463093895,6.459378773286103,2.7111886708748116,57.40579445451992,-114.84434377748218
429030000,0.564482402225754,-0.46516028835908324,6.447315020982977,2.716344667875279,57.25722195601087,-114.55748412608119
429040000,0.564616723040834,-0.46673398179945585,6.478093416339406,2.7032290435904867,56.86895526882043,-114.56428315698173
429050000,0.565406398712209,-0.46640685498853757,6.4893116613058135,2.6984802951920575,56.93557244596177,-114.76350292118553
429060000,0.5649856894664643,-0.466867545832772,6.4884390552338544,2.698849071119613,56.82990338889462,-114.65235420773685
429070000,0.5648549176608672,-0.46685764150924486,6.485436989957799,2.700118563696342,56.83458956209718,-114.62049449451736
429080000,0.5651638668564256,-0.4670585226602875,6.495708132325188,2.6957801527382683,56.780018541329085,-114.6926713495641
429090000,0.5651878128077,-0.46680475393039345,6.491688249769386,2.6974764295175326,56.84177849864721,-114.70297197417155
429100000,0.5644891579519276,-0.46620352070007604,6.465916079729345,2.7084028886119715,57.00106793391891,-114.54198098690433
429110000,0.5645009037271105,-0.4664899485752392,6.471256482730126,2.706131429409018,56.93068467277651,-114.54005305871368
429120000,0.5641302192653319,-0.46667972190543233,6.4666610290781925,2.7080858050522267,56.8904492233648,-114.44611974206312
429130000,0.5642931723132268,-0.4667684245389316,6.471740610036319,2.705925703079525,56.866009175334575,-114.48450097594878
429140000,0.5641464383856607,-0.46725685472653894,6.4772827459727065,2.7035728579085276,56.74906898964249,-114.44035018628989
429150000,0.5642475807754225,-0.4668177969189512,6.471638487624446,2.7059690966213163,56.8546982792871,-114.4725138415539
429160000,0.5644656011431102,-0.4668047749177967,6.47609872848011,2.7040751713395412,56.854195325164554,-114.52608273583363
429170000,0.5639823370850177,-0.4665536372740987,6.461248338843172,2.7103913918347478,56.92375986794631,-114.41203721863833
429180000,0.5637133032530514,-0.4661824953074073,6.448913914637328,2.715660171232719,57.01899614669692,-114.35228954023775
429190000,0.563176506230644,-0.4669782942634647,6.451525827194064,2.714542742479897,56.833242792243965,-114.20815547090994
429200000,0.5623357372373817,-0.46653622544712964,6.425813387010356,2.725583566389282,56.95449291446684,-114.01009784066159
429210000,0.5627900896624749,-0.46600485928585794,6.426109288363274,2.725455992476744,57.077137714253254,-114.12931251888025
429220000,0.5628340720700636,-0.4662856276671856,6.43198616441899,2.722924747829169,57.00784492284546,-114.13565638893664
429230000,0.5637008009949406,-0.4666586843711706,6.4570774918278975,2.7121707052916677,56.90271857805362,-114.34144761461616
429240000,0.5640983921389502,-0.4670305443516519,6.472216685590679,2.705723429030143,56.80518964317481,-114.43244291618615
429250000,0.5639220876305675,-0.4666297162957801,6.4613061439343635,2.7103667483005274,56.90614727395357,-114.39603739998239
429260000,0.5642661080841983,-0.46772276460712275,6.488184482946183,2.69895667619017,56.633231794503196,-114.4615805638425
429270000,0.564308451622396,-0.467210286759929,6.479941693518883,2.70244549818424,56.75768710010194,-114.48073709393374
429280000,0.564260543323425,-0.46627989358334665,6.462361328461606,2.7099169801728085,56.98616118827963,-114.48468824522591
429290000,0.563749005477832,-0.46678265001043007,6.46030932438381,2.7107917768649763,56.87162055814475,-114.35118516963065
429300000,0.5645086643812067,-0.46687429827998295,6.478264968271499,2.7031562978088193,56.836447405697655,-114.53543924677085
429310000,0.5639914063359229,-0.4662218601284504,6.455561942183912,2.7128178332210364,57.00481877641877,-114.41973020166184
429320000,0.5636812435404196,-0.46596653063112564,6.444413253310957,2.717587822225439,57.07238572537533,-114.34793339550761
429330000,0.5641011103778346,-0.4659947414025328,6.453891680046078,2.7135313828905367,57.05865590565931,-114.45032749889256
429340000,0.5634060460192893,-0.46606669523458666,6.440307679243959,2.7193486636091704,57.05228563095847,-114.27896453081485
429350000,0.5628009324688621,-0.4660318964545326,6.426815101157236,2.725151739333164,57.07036037614063,-114.13154054041811
429360000,0.5622828852824377,-0.4662915845764684,6.420389546337328,2.727924117778404,57.014989910487614,-114.00100096838624
429370000,0.5624606579597361,-0.4653766316738126,6.408110264635572,2.7332380029906878,57.23580711014477,-114.05840323988379
429380000,0.5635046078755319,-0.4649321157426303,6.422452199087129,2.727033543290694,57.328747997394466,-114.32098204648833
429390000,0.5632930012187635,-0.46542236308202606,6.426557763280518,2.725262661463221,57.2118305421853,-114.26146972810446
429400000,0.5622781439626091,-0.4662217749501219,6.41906250058105,2.7284973954187426,57.03209767756359,-114.0009206019768
429410000,0.5627769464833322,-0.46698060449977163,6.443038562576292,2.718177157843856,56.83914571786172,-114.11065461959747
429420000,0.5633031831241684,-0.46652460604667634,6.446200667987225,2.7168219352985727,56.94197289320285,-114.24645164757771
429430000,0.5625329278624923,-0.4663782187812394,6.427217451871612,2.724978329556043,56.989964008686854,-114.06067340802298
429440000,0.5623296316995737,-0.4666611072490392,6.427883072814117,2.7246915013687305,56.92413715321513,-114.00665854837335
429450000,0.5624745770157309,-0.46672585371816033,6.432103170199873,2.722874400089441,56.90607433997091,-114.04098183289797
429460000,0.5620210862230094,-0.4659564173267862,6.408968909988484,2.73286574373059,57.100781844163905,-113.94223564473818
429470000,0.5624827071262878,-0.46616551680545176,6.4224101476221325,2.7270516936491167,57.042669878717426,-114.05172398214442
429480000,0.5621314578087045,-0.46660969094118676,6.422773926153486,2.7268946867107453,56.93975769510659,-113.95915093082714
429490000,0.5618478432879235,-0.4670476463040833,6.424473483448181,2.7261613986389586,56.837503241695174,-113.88327927101423
429500000,0.5624733303578887,-0.467089827238754,6.438502691236511,2.720123533897121,56.817384351138614,-114.0349081885242
429510000,0.5623415132762382,-0.4664912258380085,6.425143845470719,2.7258722747246327,56.965377984777795,-114.01220771902784
429520000,0.5617326704362875,-0.46662665889416444,6.414629479664071,2.7304142024284332,56.94176211042851,-113.86173183276121
429530000,0.5609583603252561,-0.46630816277030623,6.392728795268692,2.739923888755395,57.030891002172964,-113.67800598564328
429540000,0.5617340663812956,-0.46633247594646277,6.409496307597053,2.7326371451272276,57.01340920398145,-113.86654596106818
429550000,0.5618204621098019,-0.4662952553395326,6.41066875358629,2.732129090727738,57.021172040948514,-113.8881678132475
429560000,0.5621294891885016,-0.4667073396850235,6.424450860964029,2.7261711566860907,56.91599067495964,-113.95715478812023
429570000,0.5616432409285577,-0.4663212175564802,6.407381250880323,2.7335541417125815,57.01752488957029,-113.84458314751802
429580000,0.5616248998372093,-0.4664036541804625,6.408439088674188,2.7330954317118628,56.99771696564307,-113.83887032637321
429590000,0.5619069813550815,-0.46648817355349137,6.415883874011827,2.7298715357436123,56.97283270660234,-113.90631492713226
429600000,0.5618783196517313,-0.46632302174250073,6.4123785883511815,2.731388511730411,57.013524226102476,-113.9018501544182
429610000,0.5618679543824431,-0.46586442475204337,6.404125063814613,2.7349670964053145,57.12553856320518,-113.90624789532761
429620000,0.5617374603451752,-0.4661179264453122,6.405808495056513,2.734236422580352,57.065658475000454,-113.87060997997796
429630000,0.5616588341660483,-0.46623167318833214,6.406141429748229,2.7340919627553557,57.039111766882506,-113.84973181955509
429640000,0.5608019600198952,-0.4669850947463808,6.401284115513753,2.7362010704225526,56.86863837893904,-113.62997253144901
429650000,0.5612640761670895,-0.46708265213674804,6.412739039891698,2.7312324413790194,56.8379736472607,-113.74077518913954
429660000,0.5605791229746953,-0.4667123614195737,6.391826021288476,2.7403173236315737,56.93817691879886,-113.57987679953278
429670000,0.560780255573336,-0.46624361336492254,6.3878618422969655,2.7420462884097057,57.04919780580765,-113.6356127567705
429680000,0.5606375055300565,-0.46603052622278046,6.381154721760282,2.744976593973533,57.10310757024935,-113.60395620767514
429690000,0.5608068806915576,-0.46606093902693657,6.385234827005089,2.7431932656961773,57.09326592591007,-113.64474051752669
429700000,0.5610543696396775,-0.4660845826471316,6.390842277434908,2.740746175445186,57.083911111083694,-113.70465170700443
429710000,0.5616416753563188,-0.46576868117367703,6.397681011461973,2.7377677047880242,57.15227275566878,-113.85245804727842
429720000,0.5608726018220653,-0.46642817345683035,6.393023466558833,2.7397954937136677,57.00295268186939,-113.65538106021056
429730000,0.5613470385092949,-0.4666835680791934,6.407483518278068,2.733509788741808,56.93376319435765,-113.76699700393064
429740000,0.5606374573936693,-0.466389953415059,6.387419277051346,2.7422394484282773,57.01568053185901,-113.59875596553735
429750000,0.5605538959149108,-0.46624010164155605,6.383053993975045,2.744146171234183,57.05332702648587,-113.58060433329278
429760000,0.5608769603646095,-0.46650926167036005,6.394532346426213,2.739138230218814,56.98316742197244,-113.6552490769345
429770000,0.5606820913525644,-0.4666194012130227,6.392363352258435,2.7400831375150188,56.959254852232476,-113.6062574981284
429780000,0.5603557248178189,-0.46691209927424004,6.3906288998042236,2.740839212830248,56.89294719338138,-113.52271185833251
429790000,0.5605418375485083,-0.4667995450549855,6.392567384170926,2.739994224417578,56.91754770554025,-113.56954288646297
429800000,0.5601639954812411,-0.4664021065796608,6.377713998475127,2.746482279916909,57.01953934903638,-113.48352132333596
429810000,0.5607288530012241,-0.4661505454999246,6.385160428959918,2.743225762605589,57.072587045869724,-113.62445542014945
429820000,0.5608649678317156,-0.46612285345270854,6.38753301402611,2.7421898046847364,57.07735357352488,-113.65798201389937
429830000,0.5600200079074366,-0.4661256158567695,6.369896289511662,2.7499095663558615,57.088747767493636,-113.45245102407218
429840000,0.559464567272669,-0.46596714095348113,6.355577993355594,2.7562091293087194,57.13492557720969,-113.3197269931637
429850000,0.5593539278852984,-0.46642344202850156,6.361185616459135,2.7537385020161538,57.02572108600396,-113.28662246993133
429860000,0.5601935133525268,-0.4664400608142988,6.37899251584625,2.745922596844083,57.00989919323575,-113.49014942436078
429870000,0.5593696198649084,-0.4665679446041923,6.3640207350343525,2.7524910940935374,56.99046883766387,-113.28842809822466
429880000,0.5596432711205276,-0.46684626367334287,6.374567556135929,2.7478606450500607,56.919167218416625,-113.3508595587853
429890000,0.5598067363419678,-0.4667547237066811,6.376387377109756,2.747063264217515,56.93904150140123,-113.39179149324775
429900000,0.5594953588653685,-0.46605305789511414,6.357706175847087,2.7552709606397565,57.11364482005432,-113.32602894283743
429910000,0.5594344174674025,-0.46639537814991855,6.3623738231582125,2.7532155708606805,57.03141556030705,-113.30653031771263
429920000,0.5599245333001668,-0.4662686783552495,6.370389513071484,2.7496930820758636,57.05533498290387,-113.42724903000374
429930000,0.559864390997411,-0.46644516115253554,6.372202657435268,2.7488975572314134,57.01333251030803,-113.41016292991392
429940000,0.5591939853567212,-0.46613456376981593,6.352854746372744,2.7574105608634554,57.097972016917716,-113.25178152829245
429950000,0.5591990100838441,-0.46585051928977594,6.348046703630909,2.7595343351045516,57.16683162699015,-113.2568331427052
429960000,0.5591439025197948,-0.4661396754732189,6.351903440784713,2.7578305031377193,57.09741054194699,-113.23956383814522
429970000,0.5588181174086986,-0.46650448988962584,6.351458462964366,2.7580269774611077,57.013398446817526,-113.15566849791618
429980000,0.5585515133350356,-0.468184785151545,6.375141458573208,2.7476091310275423,56.61107510814355,-113.06796784233448
429990000,0.558983969466231,-0.4678945171282612,6.379090638668426,2.7458796521538105,56.67495144475243,-113.17644130875033
430000000,0.5590211907622231,-0.46710448136582094,6.366092167410288,2.7515804164003796,56.86537685388044,-113.19658764913419
430010000,0.5587867135145298,-0.4632156017555432,6.294415996830584,2.7834493051795905,57.81340924077064,-113.18982172225415
430020000,0.5589262116141828,-0.4617813979238498,6.2730112508959746,2.793111228449314,58.162483981154274,-113.24051524014682
430030000,0.558034970302307,-0.46185046827789306,6.2560494337778545,2.800815832932452,58.15538699460302,-113.02164826117892
430040000,0.5576251164258145,-0.46239978657477154,6.256966259022603,2.800398285438032,58.02565396303075,-112.91563149680681
430050000,0.5572261207407384,-0.46243005333077813,6.249396861026036,2.8038493640536624,58.02254161655365,-112.81801393577626
430060000,0.5571809676631513,-0.4621988802437463,6.2446081337570964,2.8060370994424693,58.079374888351005,-112.80943772272234
430070000,0.5577544215616739,-0.4615859562027055,6.245934229039592,2.8054309266402964,58.22303395939903,-112.95586671484041
430080000,0.5575420464937908,-0.461943747929728,6.2476309867953335,2.8046557050661103,58.137843340881,-112.90022080080729
430090000,0.5565453717339502,-0.4615758147954042,6.2214061930084155,2.8166858827625956,58.23774440809747,-112.66073659470509
430100000,0.5574011196313827,-0.46121640957647747,6.232628313073686,2.8115252071271875,58.317019553484386,-112.8732788769735
430110000,0.5572613402291935,-0.4621442088958357,6.245315697867123,2.805713631196089,58.09186782987477,-112.82961097675664
430120000,0.5570887020887184,-0.46192385726045776,6.2381429336425835,2.808996202228658,58.14740898895061,-112.78978104303607
430130000,0.5571438686489866,-0.46200274209592773,6.240575176269728,2.8078822336607834,58.127597253348796,-112.80242699789129
430140000,0.5566446462767473,-0.4615733358788143,6.223357979876487,2.8157869491858616,58.237376342682396,-112.68497480792308
430150000,0.5566247659574464,-0.4621113992313885,6.231932264033253,2.8118447417286307,58.10640739609064,-112.67477150717727
430160000,0.5567599461665421,-0.4623035877931491,6.2378673560242195,2.8091224731755537,58.058215738904586,-112.70574577944615
430170000,0.5570843762899751,-0.46274345276642703,6.2517925550171976,2.8027561793733806,57.94770014373087,-112.78015226531812
430180000,0.5565280452458854,-0.4620092931175947,6.228282497378702,2.8135214368019135,58.13225307179222,-112.65223261437383
430190000,0.556234647327389,-0.46195870776804926,6.221547683283667,2.816620697187518,58.1474736600942,-112.58127043833035
430200000,0.5559277243498038,-0.4618550088043786,6.2136722263481765,2.820253612131399,58.17568908565063,-112.50755017732396
430210000,0.5556695890464965,-0.46189709232412435,6.209209311078806,2.8223165357917352,58.167900224177245,-112.44433728750955
430220000,0.5556887336972423,-0.4624982851550363,6.219597137451824,2.8175195958243817,58.0215716640531,-112.4432249267642
430230000,0.5560254478739268,-0.46192652266514367,6.216818373208601,2.8188011745331365,58.15734278290002,-112.53065071671018
430240000,0.5550190585283715,-0.46147322855946177,6.189223980248996,2.8315919579899655,58.27693711197429,-112.28999512281004
430250000,0.5554331790785927,-0.46154611325102146,6.1986703732729165,2.827200125078862,58.25548598322839,-112.39007600725233
430260000,0.5554606590561803,-0.46245950435154165,6.214386027097747,2.819923949318897,58.03319706739229,-112.38820542457377
430270000,0.5554687556430726,-0.4618685752724167,6.20472518610966,2.82439233181667,58.176717836623716,-112.39575885633475
430280000,0.5555755132857175,-0.461913733360795,6.2076062045770595,2.8230582940041393,58.16473807118284,-112.42129872239312
430290000,0.5551699346177091,-0.461914143216943,6.1995225863894206,2.826804588504049,58.168400004226,-112.32269960925346
430300000,0.5547842135076689,-0.46261796571976277,6.203517949092014,2.8249517136846967,58.001142424239525,-112.2225903024503
430310000,0.5548650447262612,-0.46276899332072696,6.207640555565468,2.8230423956602415,57.96377982510312,-112.24076903607563
430320000,0.554289296568201,-0.4621674776569597,6.186212318581415,2.8329950401404647,58.114819253414545,-112.10669370728831
430330000,0.5539702211181254,-0.4620256899483099,6.177550637342713,2.8370382009716835,58.15194889937299,-112.03058893231616
430340000,0.5537273801643688,-0.462061407577021,6.173339213207586,2.8390082489872803,58.145355645826754,-111.97145653038913
430350000,0.5541346781181319,-0.46233405334686944,6.18590135658136,2.8331399919708393,58.07581330357485,-112.06776212714755
430360000,0.5547378710405056,-0.46230151630730576,6.197342464156873,2.827816668430811,58.07830191519567,-112.21426572269536
430370000,0.5545875818037062,-0.462576646515919,6.1989163042862545,2.8270859699727313,58.012971844945035,-112.17531495548408
430380000,0.5537128175756677,-0.4622873101893609,6.17677756495964,2.8373996271920783,58.090784227235766,-111.96601619886233
430390000,0.5545030898506665,-0.46212281693536944,6.189715908655245,2.831362910081008,58.123758432131254,-112.15892789816841
430400000,0.5538021543444702,-0.4623492735574535,6.179567439138204,2.836095744445824,58.07502021135668,-111.98710968901469
430410000,0.5535444040626029,-0.4620089062253666,6.168862137958372,2.841105594323354,58.159598170815016,-111.92758720775535
430420000,0.5534250335717252,-0.4620821702896465,6.167714053793408,2.841643933353289,58.14285126721437,-111.89808469232854
430430000,0.5538467009512065,-0.4622368882780113,6.178592829210216,2.8365511032152635,58.10184621847411,-111.9988603013126
430440000,0.5530140907036409,-0.4619160917292218,6.156893293861857,2.8467279403745387,58.18636719684769,-111.7999983324249
430450000,0.5529259070297898,-0.46230704229768793,6.161583902364232,2.8445218611410077,58.09255331500099,-111.7755410193116
430460000,0.5524914458808607,-0.46221351280172085,6.151512998175516,2.8492626472057663,58.11860147065976,-111.67133706154478
430470000,0.552393861797121,-0.4628461296388856,6.1599947665314305,2.8452688743860257,57.9667420561909,-111.64276900013799
430480000,0.5524391791200619,-0.4625920553743475,6.156704848393243,2.8468166418751606,58.02765010163018,-111.655735637279
430490000,0.5522854315800735,-0.4625164798010649,6.152446087993658,2.8488227336323235,58.047096394158615,-111.6192462830039
430500000,0.5520552761601735,-0.46242373069176546,6.146414668044226,2.851668723502163,58.071250645676656,-111.56445928352609
430510000,0.5521018857421442,-0.4624152191947968,6.147187615348041,2.851303679594851,58.07294510614042,-111.57576468721793
430520000,0.5516631600112737,-0.46153177234589854,6.124185847728358,2.862207353097706,58.28934552230298,-111.47639254080177
430530000,0.5518816567965213,-0.46258191514973923,6.145610820406209,2.8520484609268797,58.03445081355069,-111.52139589338425
430540000,0.5516453763594319,-0.4627694188212654,6.144064723941856,2.8527791234623217,57.99109484811841,-111.4630552818817
430550000,0.5524543966704686,-0.4623073140095626,6.1523257362532595,2.848879466842002,58.09624394573805,-111.66165821157799
430560000,0.5517018356912052,-0.46270084187800414,6.1440439616177684,2.8527889380028135,58.007176268009914,-111.47717159432892
430570000,0.5516788159265824,-0.46227868528538113,6.136680517311185,2.856274008005379,58.1090539867699,-111.47479333982592
430580000,0.5515879833542429,-0.4618331093795488,6.127632551578459,2.8605681335834037,58.21715406653684,-111.45612270742718
430590000,0.5511118721538217,-0.4620670183182552,6.122182401183857,2.863161044657917,58.16412482212195,-111.33971148973656
430600000,0.5511455997996795,-0.4623633187504868,6.127671151945314,2.860549786344091,58.092541867293356,-111.34574233344456
430610000,0.5514570433294712,-0.46249323358372313,6.1358626245303105,2.856661641532252,58.059003858577775,-111.41978124761695
430620000,0.5514998896142754,-0.4625555730925884,6.137718867130856,2.855782043577358,58.0436757944525,-111.42963673554426
430630000,0.550749819135079,-0.46306640627270673,6.13146059616147,2.858749771164215,57.92635822008753,-111.24552192023194
430640000,0.5506844249619824,-0.46312779853865416,6.131192618432346,2.8588769875403015,57.912093908711505,-111.22937477386444
430650000,0.5505485885965878,-0.4623708611969781,6.116197194646569,2.8660139788356065,58.094892358042465,-111.20207257670056
430660000,0.5501506328977599,-0.462955017401285,6.1180025875078945,2.8651528084685296,57.95733580212172,-111.10250214825466
430670000,0.550726731341342,-0.46211218081906513,6.1154407483789965,2.8663749581615443,58.155900143997485,-111.24667851530887
430680000,0.5503359226995007,-0.4627385901491396,6.118065365498964,2.8651228728321305,58.008000785862514,-111.14846066539835
430690000,0.5492169352261147,-0.4622447227009587,6.088442194371949,2.8793191371903184,58.133724609905066,-110.8831441394093
430700000,0.548802769708313,-0.4623538414625904,6.082254232244568,2.882302528184689,58.1100308397408,-110.78323337020319
430710000,0.5497146848563141,-0.4625186108855594,6.1024682825332555,2.8725797838922014,58.06493185264432,-111.0008265536673
430720000,0.5495816706365904,-0.46230797688471176,6.096485878198385,2.8754503540837617,58.1163128383841,-110.97024831824791
430730000,0.5496623922178053,-0.4624816373772313,6.100859009774822,2.873351401357435,58.07413699032134,-110.98851832421002
430740000,0.5498027299619836,-0.46214360053758463,6.098082708688652,2.874683571802369,58.154385775558296,-111.02434550975109
430750000,0.5496180044890366,-0.46233604959435093,6.09764122212302,2.874895528026732,58.109348841760685,-110.97879081736197
430760000,0.5489422936989855,-0.46222322997023146,6.082820457933391,2.882029275510516,58.14050907000124,-110.81742911095157
430770000,0.5489507493639105,-0.46227422565557386,6.08380674492655,2.88155343190399,58.12823748230035,-110.81915596388087
430780000,0.5488339353654259,-0.462086513006958,6.078535176304507,2.884098593530813,58.17390651437506,-110.79224963441033
430790000,0.5482019501796468,-0.4623112936264002,6.07006632093326,2.8881969480273275,58.12362785999405,-110.63964151108974
430800000,0.5482046960988513,-0.46261105687680304,6.074952977699139,2.8858307026271026,58.05191673616017,-110.63862542895345
430810000,0.5487032637524848,-0.46245267206163504,6.08194304100041,2.8824527270358575,58.0869445789087,-110.75882522686736
430820000,0.5480955545580086,-0.4627565434398578,6.075214257784519,2.8857042942565885,58.017759635118566,-110.61171356695867
430830000,0.5480321974195709,-0.46317462386018343,6.080759859092506,2.883023943141892,57.91827370605848,-110.59417406740819
430840000,0.5482561573624788,-0.4627009669815511,6.0773893680451545,2.884652400659768,58.03012777003352,-110.65041703832021
430850000,0.5487614147140153,-0.46248665714207815,6.08360770688633,2.8816494469413185,58.078465846875126,-110.77254917570112
430860000,0.5479217522090851,-0.46289667646035404,6.074154069873489,2.886217286832057,57.98526843122346,-110.5694027698739
430870000,0.5483473574732196,-0.4629332512334891,6.082891472602158,2.881995008504956,57.97407431532972,-110.67086642531523
430880000,0.5479379745236088,-0.46221134149746423,6.06341876628886,2.891422159910354,58.14896539662797,-110.57703492094993
430890000,0.5481040686951488,-0.46302217238899984,6.0796696332139835,2.883550484260742,57.954254423803484,-110.61222272484683
430900000,0.5476948434241953,-0.4632611275877626,6.075705546721009,2.885466636927255,57.89958354144502,-110.5131834358877
430910000,0.5478738434040253,-0.463552160795991,6.083841166258718,2.8815368278661695,57.829142304185524,-110.55416985430084
430920000,0.5478213871178635,-0.463426566218582,6.08080235733043,2.8830034219031813,57.859398847734596,-110.54240386073953
430930000,0.5468746236749543,-0.4631031643497256,6.057525039797735,2.8942877208117688,57.941698316184684,-110.31856670867622
430940000,0.5476464653491342,-0.46343011237984916,6.077513668967393,2.8845923115229817,57.8595702806082,-110.50067910923711
430950000,0.5473963308317724,-0.4631793282688844,6.068685055002765,2.8888665027363865,57.92076113965366,-110.4424666790583
430960000,0.5474105430781722,-0.4626387024294574,6.060244880616404,2.8929646079064995,58.049640149187596,-110.44876223270921
430970000,0.54694366763016,-0.4619652223399427,6.040578372280785,2.90255931093708,58.212737670449485,-110.34063061529997
430980000,0.5468511431624012,-0.46275093939442746,6.051416445642872,2.8972638074438555,58.02573481649486,-110.3147663528622
430990000,0.5466217827259483,-0.4621652954976103,6.037686759164055,2.903975462015697,58.16647165349429,-110.26288301904313
431000000,0.546539839657324,-0.46293904795783064,6.048532644793798,2.8986709330181637,57.98247050475297,-110.23967806527561
431010000,0.5455781405345952,-0.4654684016449332,6.071098581170041,2.8876967747738256,57.38770105760479,-109.99818896567102
431020000,0.5453758181784935,-0.46566302966827766,6.070410146173028,2.8880303308994275,57.34288718561771,-109.94930771152889
431030000,0.546260473824798,-0.46525094364017133,6.080566388243196,2.8831173686586498,57.435165232436454,-110.16080619176299
431040000,0.5457809791186481,-0.46657463507680497,6.092982690641991,2.8771339972711734,57.125407236544405,-110.03942039208611
431050000,0.5454108341086624,-0.4666765393723715,6.087576873284412,2.879735957990465,57.103709441987725,-109.95156116034325
431060000,0.5445547820612294,-0.46577744511340097,6.056693557793456,2.894692453214482,57.32040106958413,-109.75507097201896
431070000,0.5454398586882762,-0.4652590982835249,6.065077612822675,2.8906166524066452,57.43792573719582,-109.9666862688271
431080000,0.5457955607510389,-0.464956713196795,6.066938232438282,2.889713706103929,57.50746536075165,-110.05246408623188
431090000,0.5459137170046763,-0.46557331494507953,6.079192817964195,2.883780830427062,57.36096658807486,-110.076879619446
431100000,0.5454731298250322,-0.46538082747385806,6.067682041124131,2.889352899968106,57.40898084546269,-109.9738731942147
431110000,0.5452111360078843,-0.4653500748900413,6.062210123107531,2.892009341738073,57.41768475617216,-109.91216277157162
431120000,0.5451969674759373,-0.46605161955277097,6.073321561878077,2.8866202410792585,57.25224113556499,-109.90489752121381
431130000,0.5448293142819105,-0.4660622105500014,6.066510340781546,2.889921308662771,57.251828259166395,-109.81819728820388
431140000,0.5450978523763564,-0.46646377594652777,6.078142160019598,2.8842885271532186,57.15570839735782,-109.87913909478901
431150000,0.5439790220733478,-0.4659470046141691,6.04855742684627,2.8986588349546243,57.283467634513386,-109.61866407155279
431160000,0.5446266560240667,-0.46576030248318906,6.057776291513255,2.8941654439310662,57.324058978286374,-109.77209543493203
431170000,0.5444836302240513,-0.465872605999756,6.0568876118952675,2.894597985168687,57.298363589344184,-109.73780874102069
431180000,0.5444659746049987,-0.4661436341051348,6.06094413263304,2.892624642113077,57.23465332075914,-109.73220048183792
431190000,0.544313612028921,-0.4667028676668031,6.067135631143462,2.8896179432298696,57.103986232058595,-109.69328650699126
431200000,0.5441800566823435,-0.4660166229070518,6.053478762924559,2.896258362926089,57.266058502668365,-109.66559727977452
431210000,0.5439030158156801,-0.46630861932683454,6.052971732382698,2.8965054909595436,57.198845330374006,-109.59893902573212
431220000,0.5441241947732149,-0.4661122309661151,6.053970511121826,2.8960187241993456,57.24385999491313,-109.65195842051597
431230000,0.5438528098043488,-0.4660231388910886,6.047407127891916,2.8992204935467143,57.266201792498315,-109.58860019465172
431240000,0.5438309278292865,-0.46653184170496387,6.05522574766082,2.8954072037715743,57.14678783234007,-109.58083594383994
431250000,0.5439570152344203,-0.4660017764821491,6.049027436406286,2.898429405719715,57.270697718697086,-109.61321053340623
431260000,0.5432779015356257,-0.4669205825044883,6.05108856921895,2.8974237224232513,57.05848422121224,-109.44907194700848
431270000,0.542829134438386,-0.46718953920584005,6.046992633743108,2.8994229332134216,56.99780258791613,-109.34260656719155
431280000,0.5417417002009857,-0.4672818656188929,6.028084330204761,2.9086882195383623,56.98145868972104,-109.0880309753004
431290000,0.5418277235910255,-0.4672854406974752,6.029751188685943,2.907869038209301,56.98023062100533,-109.108094892742
431300000,0.54187350903219,-0.4672291671536,6.029699894156216,2.907894240075319,56.993158592256265,-109.11904324630177
431310000,0.5416308938772455,-0.4665974097935177,6.0149991016306075,2.915135203768199,57.14180164102748,-109.06513213594735
431320000,0.5420466925916712,-0.46646446576158446,6.0206222039804835,2.9123612164151353,57.17112966907666,-109.16292761169419
431330000,0.5417188859754943,-0.46734534116636844,6.0286817094762055,2.908394582604445,56.966748455093544,-109.08241692789825
431340000,0.5428521079966763,-0.46610127449204664,6.029852099101043,2.9078194605103604,57.25264895129606,-109.35322516697443
431350000,0.5419319855604764,-0.4670553050441153,6.027989801226511,2.9087346899749313,57.03349864864675,-109.13349499516869
431360000,0.5430200809526124,-0.46722161036226306,6.051108225195081,2.8974141351233085,56.9893174252513,-109.38712861429183
431370000,0.543083848335594,-0.4667125826822253,6.044066911987453,2.9008526727378263,57.10821482298764,-109.40464981249933
431380000,0.5431559498692993,-0.46670203416984646,6.045253254912665,2.900272760062866,57.11032754865979,-109.42160182070135
431390000,0.5425639538497077,-0.4660377150133793,6.023433147008507,2.9109765194739867,57.2688394235182,-109.28593240037031
431400000,0.5421754003025772,-0.46645081509302594,6.022807854500782,2.911284429487088,57.17376569444606,-109.19310670025746
431410000,0.5420138500360695,-0.46662149341528397,6.022533825907344,2.9114193888916984,57.13453816435263,-109.15456329529638
431420000,0.5419340644310232,-0.46764920908298413,6.037620667628253,2.90400784627304,56.89483309811131,-109.13119765453905
431430000,0.5415286606175946,-0.4678819721995147,6.033791162945121,2.905885514756212,56.84250286371661,-109.03556375399128
431440000,0.5416437477111342,-0.46762445859896457,6.031782562348132,2.906871344480378,56.901984990000884,-109.06359977522257
431450000,0.5420289718686985,-0.4668067175659095,6.025798044035517,2.9098125779816204,57.09115852609038,-109.15728096573436
431460000,0.541621572555527,-0.4661463167448949,6.007590907506138,2.918797965115854,57.247315452647534,-109.06477723602195
431470000,0.541154151970395,-0.46713274162470575,6.014717685023617,2.9152741722915145,57.01881312346188,-108.95160497684022
431480000,0.54193793849054,-0.4671426249235193,6.029509391211231,2.90798784123901,57.01307377732763,-109.13448719315657
431490000,0.5418099938655219,-0.4670015991688741,6.0248432049055465,2.9102824121405613,57.04659280333592,-109.10523877743614
431500000,0.5416612557921144,-0.466193988273982,6.009093265803021,2.9180544178988526,57.23600650392351,-109.07387208785453
431510000,0.5415997286752575,-0.46615316918214206,6.007294167368969,2.918944872990794,57.245798245613734,-109.05964036449085
431520000,0.5412223787457281,-0.46698931559292794,6.013683098948467,2.9157851842683957,57.05198382143977,-108.96811514250346
431530000,0.541009906008503,-0.4669584191920641,6.0092330377723595,2.9179852613932695,57.06005693601735,-108.91867950941261
431540000,0.5404756079705719,-0.4675106492481443,6.008171166962418,2.918510737756186,56.93356202005659,-108.79200293509517
431550000,0.5409148749225202,-0.4670557018343439,6.009027613596264,2.9180869025011598,57.03775511262516,-108.89613081770517
431560000,0.5411549504750487,-0.4678111249396831,6.025660227787764,2.9098803818142867,56.86073125505356,-108.94884657044848
431570000,0.5417319921514158,-0.4674525245311377,6.030656909487627,2.9074241149452607,56.941678076824964,-109.08498201586272
431580000,0.5412265512821146,-0.4671932708562999,6.017039929729567,2.914127806577909,57.00439309365148,-108.96823376576408
431590000,0.540831714192801,-0.4674042803108633,6.013081358670816,2.916082484371683,56.95687200760486,-108.87533248759027
431600000,0.5409359948465094,-0.46701563127813306,6.008777054915586,2.9182108852281456,57.04701232158372,-108.90121524358506
431610000,0.5408161958524983,-0.46650724817310285,5.998406860666393,2.9233516628628546,57.1660551449416,-108.87522824558162
431620000,0.5404205386933958,-0.4667042219483634,5.994226111049254,2.9254293451158766,57.121559366649926,-108.78224165190593
431630000,0.5407544862488822,-0.46559489256815867,5.98271163723003,2.931167067429425,57.37937137821761,-108.86396357476873
431640000,0.5398360011849865,-0.462819784869543,5.922167943469592,2.9617140826944706,58.03162203305313,-108.65511469215383
431650000,0.5392667379324314,-0.4598791010664654,5.8664677892844415,2.9903906790181907,58.72404029546727,-108.52247500216501
431660000,0.5389262350880403,-0.46006018139545485,5.863133753195928,2.9921249686975218,58.681170294248815,-108.44225528509459
431670000,0.5392363528732304,-0.4622702345867215,5.902746198255684,2.971649877027093,58.16126552824406,-108.51492712310625
431680000,0.5397622549425185,-0.4661375130315883,5.973044441198583,2.9360018562011008,57.25578350862428,-108.6306908111596
431690000,0.5404395881531455,-0.4673328392593186,6.004647535545927,2.9202558081539998,56.97508220831532,-108.78432434487166
431700000,0.539831017616799,-0.46716508371824017,5.990691655110012,2.927188169576725,57.016364013042455,-108.64336921288273
431710000,0.5394890198689575,-0.4668509081450052,5.979367426408918,2.9328377652300692,57.09056263087696,-108.56489546407306
431720000,0.5399181695766926,-0.4669010950202431,5.988082950802037,2.9284876892415337,57.07747133647433,-108.66455772226442
431730000,0.5399623848080752,-0.46731257847390273,5.99548059000365,2.9248056011863977,56.981597428779594,-108.6733877681783
431740000,0.5403807802054076,-0.46692400193406874,5.9970054272198485,2.9240477928931563,57.07049664964465,-108.77218060433377
431750000,0.5402544275183446,-0.4673188265454214,6.000988817195032,2.9220700106285284,56.97905634199491,-108.74129098148609
431760000,0.5398698903041887,-0.4670411491488671,5.989428694952784,2.9278171646743143,57.04505232808148,-108.65284230814356
431770000,0.5402314056149287,-0.46710949579372746,5.99720837426294,2.9239469628665917,57.02785569036708,-108.73671737904698
431780000,0.540017675940372,-0.4675166377210782,5.999773887233398,2.9226729459457896,56.9339520118874,-108.68548439340469
431790000,0.5394005328694867,-0.46741298905902634,5.986707629604149,2.929173271139422,56.960249026494054,-108.54248273327933
431800000,0.5394588661472586,-0.46763664078414074,5.991361753399065,2.926854549668503,56.90812493668905,-108.55524673700523
431810000,0.5390914259730539,-0.46738041586993384,5.9804915067325135,2.9322759837385117,56.968837255781416,-108.47083881500441
431820000,0.5387216123822766,-0.46780250579245714,5.980425626536713,2.9323089026827898,56.87217064075258,-108.38372351113854
431830000,0.5391532645510729,-0.4676798454974929,5.986414296227404,2.929319536403234,56.899164364298294,-108.48418970572644
431840000,0.5391442943476231,-0.46734234984929224,5.980857297107557,2.9320932195749223,56.97750042055359,-108.4832319842351
431850000,0.5382992459268038,-0.46724854448684494,5.963846818462818,2.94061677126622,57.00179616063934,-108.2875283881615
431860000,0.5387962924222587,-0.46697280453377743,5.968573770726337,2.938243191094325,57.06434378745482,-108.40358839823259
431870000,0.5382859485815699,-0.4673658696358264,5.965468689417083,2.939801932819212,56.97464834623878,-108.28411957516377
431880000,0.5382814958772929,-0.46731650598470487,5.964602153325185,2.9402372294248487,56.986097633987335,-108.28322644389046
431890000,0.538388981713072,-0.46784719464151486,5.975025810112395,2.935009616312187,56.86287973980952,-108.30655360680166
431900000,0.5381521581498336,-0.4675295206705213,5.96562147751943,2.9397251945847866,56.937124893046104,-108.25267157868284
431910000,0.5376730791495878,-0.4671491901456877,5.950827899698562,2.9471741193284133,57.02642630740085,-108.14275811956506
431920000,0.538608733327943,-0.46723420166360025,5.969291042642195,2.9378833599169507,57.0042411715772,-108.35931412190534
431930000,0.5374782677587687,-0.46710572090482605,5.946589421188967,2.949315324860936,57.036943351366595,-108.09777163403116
431940000,0.5379247106285131,-0.4670224032697286,5.953409885593772,2.945871282770627,57.055174543242295,-108.20133871614568
431950000,0.5376410256955627,-0.46650365283107503,5.940036138431006,2.9526321191015654,57.176028959264045,-108.13677636654866
431960000,0.5374213377906257,-0.46753182596450477,5.95230343010144,2.946429443426783,56.93852561196322,-108.08359362387363
431970000,0.5366558555731933,-0.4671501943855986,5.93235094802676,2.9565314109919,57.0283765915864,-107.90754028279892
431980000,0.5370309454758537,-0.4674679037783747,5.944181608559202,2.950533109524578,56.954213827619164,-107.99352926439178
431990000,0.5370499934463562,-0.46713754457122264,5.93930290265813,2.95300369819099,57.030517129105235,-107.99864403951563
432000000,0.5375141752327813,-0.4675161485112293,5.953747870199462,2.9457008261969553,56.94191972389781,-108.10509586727035
432010000,0.5383233551437085,-0.4668978705983309,5.958719620486769,2.9431957107564126,57.08302953522621,-108.29406040840138
432020000,0.5381438166456531,-0.46709392490828594,5.958547118210468,2.9432825574280583,57.038045971191515,-108.25192518606741
432030000,0.5377145545018956,-0.4667990096308416,5.9460408037762384,2.9495927064490086,57.107425107222056,-108.15317776290625
432040000,0.5384979775813041,-0.4668330624629031,5.960886614398337,2.9421051732225467,57.097603842686155,-108.33474168171824
432050000,0.5385122453375939,-0.46674758932597177,5.959791637593575,2.9426561172212873,57.117402076773985,-108.33827916142529
432060000,0.538005545076023,-0.4670910481328984,5.955974400264146,2.944578412566434,57.03906895148561,-108.21989392912997
432070000,0.5377436229016789,-0.4665991856002683,5.943411718602949,2.950922706308932,57.1536676805238,-108.16035548857286
432080000,0.5381324999309685,-0.46640047176730137,5.947357691751913,2.9489269749025016,57.19889550466712,-108.25099282551307
432090000,0.5370656098804929,-0.46652920006514703,5.929990117742144,2.957731331518087,57.17122136970676,-108.00343470422862
432100000,0.5379907540044498,-0.4661703767025481,5.94114157879394,2.9520720977425663,57.25261130307304,-108.2185922616083
432110000,0.5374743806275237,-0.466087044731583,5.9304437792204405,2.957500676266923,57.272943332305864,-108.09893991439364
432120000,0.5368169254075313,-0.4663844463785867,5.923209212746304,2.9611832835629674,57.20514873992664,-107.94611609674243
432130000,0.5376668129038197,-0.4658816484024965,5.930704881182604,2.9573679405797924,57.320257721198864,-108.14395325622938
432140000,0.5373527817699387,-0.4662598389338646,5.930957027501193,2.9572397690657546,57.23309908139997,-108.07043798372061
432150000,0.5374111621757057,-0.4658904948756504,5.926207070333952,2.9596561628803615,57.31864260843804,-108.08461299971822
432160000,0.5373025108513924,-0.4665410418024855,5.934474385721395,2.9554529874847018,57.16804032672554,-108.05826777655807
432170000,0.5378145068895162,-0.46701043278945964,5.951209168038358,2.9469816630657815,57.05821595469944,-108.1758395967654
432180000,0.537543816968593,-0.46699678245162407,5.9460593093727345,2.9495833491399255,57.06200851952202,-108.11319068909417
432190000,0.5373156617744074,-0.4660325716227418,5.9267090486132625,2.959400608558332,57.28584930895521,-108.0622275738331
432200000,0.5369450276332215,-0.4669788082600847,5.934890650538534,2.955241673514824,57.0674281787359,-107.97469630619905
432210000,0.5365023684170513,-0.4666391615012946,5.921525076318036,2.96204188764549,57.14672790574529,-107.87295524420912
432220000,0.5367928204653325,-0.46659341947724065,5.926059372883286,2.9597313633076894,57.156834167787345,-107.94019584267151
432230000,0.5360481062576865,-0.46660079261486154,5.912724134322037,2.966536962261681,57.15624682247167,-107.76804745357799
432240000,0.5365784275539046,-0.46635478094611,5.91843180178762,2.96362020691629,57.21237737941871,-107.89097387844697
432250000,0.5372622786938885,-0.4667122850707113,5.936444389122638,2.954453198204541,57.128466505945084,-108.04861824963665
432260000,0.5372597684036133,-0.46601450611304596,5.925412398149365,2.960060817150411,57.29013042029398,-108.04929790982108
432270000,0.5369787452915038,-0.4663368078730832,5.925389008223816,2.9600727292047893,57.215914364972896,-107.98365463726486
432280000,0.5361676331928601,-0.4668267878165552,5.918428268397762,2.963622010772058,57.10388963867615,-107.79533370397895
432290000,0.5360102252851843,-0.46584608400296246,5.900229920256812,2.9729420845177454,57.33073253960052,-107.7601364760112
432300000,0.5359732841617724,-0.4661312687127896,5.9040227976451565,2.9709947267518917,57.26482309543994,-107.75131338593344
432310000,0.5359546874521048,-0.4660385714436528,5.902239115102822,2.971910192858083,57.28627152308559,-107.74710866403609
432320000,0.5362224145774592,-0.46661275309463074,5.916054905852201,2.964834153934202,57.15324662768638,-107.80829644110396
432330000,0.5364317605991006,-0.4660381895567501,5.910820930864713,2.9675108341943144,57.285830149913345,-107.85746260955253
432340000,0.5368798271617272,-0.4660886673439173,5.919701189473322,2.9629723063028846,57.273535995222915,-107.96113485374659
432350000,0.5362850867057428,-0.46632982407213125,5.912746443661831,2.966525550367645,57.21855415980527,-107.82316476175637
432360000,0.5366098468549418,-0.4660681344113375,5.914502343973594,2.9656276328749254,57.278670580105334,-107.89864549354493
432370000,0.5367318755403345,-0.46622920323944794,5.91923283674729,2.9632113221298324,57.24121270985311,-107.92666819989714
432380000,0.53673386432741,-0.46685940523220487,5.929179792156883,2.958143416016129,57.09542749569832,-107.92610064437457
432390000,0.5352143637581498,-0.4664609131451549,5.895550326994305,2.9753482593083325,57.189423520160524,-107.57577789839358
432400000,0.5355741587151213,-0.4665523742188483,5.903436950562159,2.9712953470123598,57.16798587330288,-107.65869123714799
432410000,0.5354184020970675,-0.46695256263977514,5.9069065832422405,2.9695158423246157,57.075870628327124,-107.62232600790402
432420000,0.5358226460793154,-0.46686361208004845,5.912785800972418,2.9665054181432082,57.09587610529618,-107.71565466319461
432430000,0.5357217855530176,-0.4661626721382887,5.899994138896942,2.973063225647556,57.257815330334935,-107.69316381054033
432440000,0.5356174107272568,-0.46627369270710184,5.899855007258729,2.9731347141934545,57.232271254049216,-107.66895282034174
432450000,0.5361359486588597,-0.46697656524391423,5.920210929151238,2.962712213591017,57.069359912692036,-107.78779211351863
432460000,0.5360340464132742,-0.46707218522370253,5.9198751267560334,2.962883550290549,57.047451117552725,-107.76412909090085
432470000,0.5358877786278576,-0.46639173975500375,5.906560863150588,2.9696930586467305,57.2047285695396,-107.73127180251339
432480000,0.5354057772866377,-0.46694008980470925,5.906484111732245,2.969732404365976,57.07876003957929,-107.61943085957367
432490000,0.5358853753957792,-0.466674109450931,5.9109424500195855,2.967448633373837,57.1395281031706,-107.73037782892014
432500000,0.5349828102241545,-0.4666863515720868,5.894923485595922,2.9756708702315855,57.1376501147819,-107.52221669950721
432510000,0.5351728928406815,-0.46713622210915734,5.9053744039676905,2.970301400773945,57.033845253788854,-107.56555575089105
432520000,0.5355383368286522,-0.4667309810747876,5.905589944763833,2.970190866216943,57.12682065960218,-107.65023266825213
432530000,0.5347372738749883,-0.4680500343020964,5.911899094946496,2.9669590568303414,56.82428040781257,-107.46424611658907
432540000,0.5345186291112238,-0.4667194109951543,5.887136120660569,2.9796846227921288,57.13037092934959,-107.41530541677807
432550000,0.5347450543570005,-0.46731216159739675,5.900454429379388,2.972826744168575,56.99382014940509,-107.46691430110522
432560000,0.5345341419705668,-0.466956589571377,5.891115693841229,2.977632111725459,57.07578715001761,-107.41871510172336
432570000,0.5348694236566963,-0.4667784591031234,5.894332102932708,2.975975296689594,57.116526784694166,-107.49602339652296
432580000,0.5351833901425558,-0.4672411783739544,5.9072090821416126,2.969360798728494,57.00966789513925,-107.56784990980593
432590000,0.5341829409978893,-0.46714536590482986,5.887788463552504,2.9793479735936983,57.032630403289254,-107.3378407407669
432600000,0.5345542341035927,-0.46698167971653215,5.891866987257891,2.977244943788807,57.07000047083838,-107.42331831255775
432610000,0.5352109107510528,-0.4673007096882931,5.908637895820369,2.968628691649538,56.995929762642454,-107.57411279304215
432620000,0.5349537909755937,-0.46724477415701193,5.903142411298895,2.971446509437045,57.00910237913878,-107.51500152807658
432630000,0.5348362660066905,-0.46713387629176056,5.8992973110095654,2.9734213042391344,57.034740945142424,-107.48807308419266
432640000,0.5339483903469738,-0.46674569375469704,5.8773754426774945,2.9847309251688934,57.124597617567645,-107.28413677281183
432650000,0.5343522739764286,-0.4667645268994242,5.884869083111453,2.9808551517357165,57.120086590084675,-107.3770014204154
432660000,0.5339526738347113,-0.46663757185646876,5.875769352966712,2.985562933002503,57.14945166485361,-107.28515569877197
432670000,0.5336256497504565,-0.4665873163693699,5.869173811651424,2.9889845597078706,57.16106725402237,-107.21000149896386
432680000,0.5340076868204826,-0.46575068346965937,5.862985043067465,2.9922023716487334,57.35355856543428,-107.29789282058238
432690000,0.5329620219536648,-0.465445661985319,5.8397869498457755,3.0043266013109897,57.423298769703834,-107.05705051581694
432700000,0.5336883134574242,-0.46660108695121394,5.870500899687951,2.9882954583102928,57.15789520246467,-107.2243990872168
432710000,0.5339450873122329,-0.46727344553340333,5.885543118341583,2.980507033266531,57.00336178928022,-107.28312948914585
432720000,0.5356480822482966,-0.46715796609455945,5.914263546100447,2.965749715071104,57.02823499204713,-107.67499963316752
432730000,0.5339598532549692,-0.46724272518303195,5.885326962700579,2.9806186620644812,57.01040651936219,-107.28653811107316
432740000,0.533685809809946,-0.4680293726192895,5.892735636690217,2.9767974248769393,56.83018191517156,-107.22312138557079
432750000,0.5333553073477327,-0.4673851128531181,5.876780269532619,2.9850391900147355,56.97802686735529,-107.1477677717028
432760000,0.5331491794678934,-0.46725744276358727,5.871129781489627,2.9879690182949274,57.00735071273201,-107.10055300737949
432770000,0.5327365282791177,-0.46649695333059654,5.852026279568653,2.9979175103396782,57.18169166242133,-107.00586636741463
432780000,0.5320864431444238,-0.46654407843482953,5.841294293285866,3.0035357911691456,57.17054943560625,-106.85688518578641
432790000,0.5321526788929443,-0.46671741645763265,5.845136333913425,3.001522009773272,57.13089348047379,-106.87216015192975
432800000,0.5325196402561944,-0.46633908444163535,5.845760097611693,3.0011953252546055,57.21779988260664,-106.9560455128057
432810000,0.5318458600473764,-0.46661181988273986,5.83810841608705,3.0052077195361115,57.15486757012676,-106.80184900479728
432820000,0.5314329415871445,-0.46652347510140485,5.829500849767428,3.0097343316467704,57.174719079366916,-106.70729299085383
432830000,0.5316118756413193,-0.46617550278107206,5.8272862589534276,3.0109011858860457,57.25454078530121,-106.7478803921433
432840000,0.5317242273522187,-0.466270128628424,5.830710724062548,3.0090972420921687,57.23298867066916,-106.77370545559045
432850000,0.5311665569654334,-0.4666200171909372,5.826320024906959,3.0114105750189974,57.15236872223164,-106.6464879544247
432860000,0.5314292555989889,-0.46711956498675117,5.838622827770019,3.004937632259292,57.03846127099448,-106.70695954284223
432870000,0.5310594601094284,-0.4661257353123758,5.816859320586715,3.016407378147559,57.26525065274268,-106.62139350469334
432880000,0.5315456848556096,-0.46623655383788826,5.827064654164748,3.011017998379591,57.240491142889674,-106.73279209079816
432890000,0.5314976294438521,-0.46614243854750054,5.8247772338277075,3.0122242803626698,57.26198331627815,-106.72168511578323
432900000,0.5315952273338285,-0.4662640778396483,5.828355843107492,3.010337514521585,57.234243040666875,-106.74416308696219
432910000,0.5312046500824685,-0.4661070415158445,5.819109093216615,3.015217612059552,57.26972284373628,-106.6545842822762
432920000,0.5310467594661513,-0.4670991197853731,5.831597561199928,3.0086304288176917,57.042821387952216,-106.61960154649249
432930000,0.531274690982973,-0.4660796729252154,5.819913627338986,3.014792373627894,57.27607732612885,-106.67057671307859
432940000,0.5307765123170483,-0.46620242396668543,5.813096872478912,3.0183992256709784,57.247312327182165,-106.55680775432145
432950000,0.5318142337758194,-0.4663509450695363,5.833533717466604,3.007611783138387,57.2145667472327,-106.79439259982033
432960000,0.5310909016573117,-0.4666397795136812,5.825299843084162,3.0119485938582633,57.147769689381875,-106.6292204607539
432970000,0.5313184613885911,-0.4658353694009173,5.816934086906015,3.016367823614921,57.33206562229356,-106.68026862303962
432980000,0.5314809537818929,-0.46515446330937865,5.8093577035726005,3.0203813832971664,57.48838368683968,-106.71647573227762
432990000,0.5314423251931975,-0.4659690252771291,5.8211480656394885,3.0141401438059656,57.30162306364608,-106.70881173856975
433000000,0.5306904670318926,-0.46571172137841116,5.804094201803217,3.0231760598007504,57.359375209964035,-106.53633886133056
433010000,0.5290747807521919,-0.4660501582294781,5.781256577511307,3.0353625364702097,57.278781250950715,-106.16822147798759
433020000,0.5290205090625272,-0.4657349765553481,5.775535508824541,3.0384309401631966,57.350463061990915,-106.15507969967993
433030000,0.528606723327566,-0.46591915041488835,5.771205547773861,3.040757415092448,57.30743571189272,-106.06131176289006
433040000,0.5279639034921811,-0.4661008363123433,5.762919798449914,3.0452193709854463,57.26433771478203,-105.91562358308204
433050000,0.5287723057386576,-0.4656971689278125,5.770689615915829,3.041034863701975,57.35842752643228,-106.0984241131491
433060000,0.5289548433269983,-0.4662621277269145,5.782409914662858,3.0347447206073213,57.230231855266766,-106.14140778905217
433070000,0.5281741206723688,-0.4659162804413254,5.763731805716498,3.044781512647157,57.30689354775802,-105.96287931202674
433080000,0.5278519520369904,-0.4660246046863251,5.759848183118374,3.0468768283055745,57.281331327192056,-105.88996446702298
433090000,0.5279263196747666,-0.4666300442488905,5.770295899719568,3.0412466237686835,57.144059355078255,-105.9085461477558
433100000,0.5278656102151669,-0.4664786120726681,5.766956663607048,3.0430438288847856,57.17826704362614,-105.8943604545508
433110000,0.5276558801222548,-0.4659851746203594,5.755896146607752,3.049012047988986,57.289695731328074,-105.84530535336873
433120000,0.5275296821546699,-0.4654726444703058,5.746010966900615,3.054366108939642,57.405740722304856,-105.81497350627144
433130000,0.5273995209283882,-0.46610638349067324,5.753344063569644,3.0503925033759365,57.261380552532565,-105.78748095171132
433140000,0.5271741258412359,-0.4665452495694701,5.756124992511632,3.048888323885732,57.16115961238928,-105.73772013738956
433150000,0.5277839583443891,-0.46631731603160154,5.763112567178746,3.045115412868904,57.21465460639914,-105.87537390729634
433160000,0.5265091619587707,-0.46661301420159557,5.745804854508146,3.054477946759385,57.14370654442769,-105.5873606134557
433170000,0.5262552393363716,-0.4657799975836485,5.728955503364597,3.0636485772876694,57.331388380667875,-105.52689543324234
433180000,0.5275792221402882,-0.46594144637416307,5.753924876606196,3.0500782229562624,57.299388800203616,-105.82775939519944
433190000,0.5271428772665913,-0.46628189180076096,5.751611089476925,3.051330612060241,57.22075903898185,-105.72981977305786
433200000,0.5274513486663965,-0.4658920260314567,5.750994018403384,3.051664791121807,57.31020492588997,-105.79856411753657
433210000,0.5278308868511288,-0.46610321553526896,5.760676290456613,3.046429798462356,57.26341061653191,-105.88541097960835
433220000,0.5276072112868124,-0.46610756920864643,5.756912972571225,3.0484623849937984,57.26175330565484,-105.83462808258693
433230000,0.5272300913455988,-0.466064494129723,5.749818378042864,3.0523016718992584,57.27034493962989,-105.74890265690787
433240000,0.5270221673136496,-0.4660873332847528,5.746616130532148,3.054037791329927,57.264481694796025,-105.70181681738984
433250000,0.526916957970559,-0.4658283509257611,5.740922939267234,3.0571293243524815,57.322858431551005,-105.67707086972077
433260000,0.5273016723394596,-0.4659793682161292,5.7497559547423664,3.052335496042227,57.28989333398598,-105.76486902160055
433270000,0.5246185034250993,-0.46647931060560693,5.711786717866702,3.0730504751440852,57.166740727362885,-105.15989304281536
433280000,0.5220228432417615,-0.4691608791402404,5.708455344969643,3.0748815460828114,56.554784220801984,-104.58938368662619
433290000,0.5185318554719205,-0.471822668684373,5.690414163192958,3.0848362115244954,55.95032160371278,-103.82776940731935
433300000,0.540111641522643,-0.47815508621215824,6.1775886266151625,2.837020442650107,54.48930729712063,-108.63961398005976
433310000,0.5165052722936345,-0.4686785336919371,5.610489538811054,3.129731626856325,56.631282793657284,-103.36367782643687
433320000,0.5236034778863274,-0.46190512000896,5.6274352206203,3.1201028731838294,58.195711447489344,-104.90452965288988
433330000,0.5249747255194476,-0.4660955280623163,5.7120431206086675,3.0729096360946064,57.254832529692145,-105.23860621906509
433340000,0.5119670871955643,-0.4633045842798868,5.461599936011476,3.216988806353455,57.774631516161264,-102.31375700376584
433350000,0.5252998102674791,-0.4622601760757799,5.660708330551325,3.101369821869623,58.12606806002543,-105.29251165450906
433360000,0.5258171783287757,-0.46330482896641434,5.684721989208332,3.087990539021584,57.89125199132751,-105.41617234179895
433370000,0.5259603498433315,-0.4636866393364294,5.692771980562394,3.0835315296580177,57.80515951502285,-105.45069827413771
433380000,0.5252138622610836,-0.46402434089649247,5.685249984344375,3.087697675400422,57.72465313895034,-105.28289938951909
433390000,0.5248194317157086,-0.4648409443367434,5.690743370468749,3.0846539799587065,57.537650257517704,-105.19770006157356
433400000,0.5245707419641972,-0.46504517829516817,5.689609200664861,3.085281887443126,57.490224053712645,-105.14247822392532
433410000,0.5242528657749229,-0.46542386297760757,5.689911767234916,3.0851143530359493,57.40311044989066,-105.0725626394406
433420000,0.5245559222006927,-0.4655824715492096,5.697347927789587,3.0810026406287916,57.36877353568832,-105.1417428130303
433430000,0.5249625697154994,-0.4661170842729563,5.7121607542883375,3.0728450256448196,57.249914403577804,-105.23595448127138
433440000,0.5250047928102628,-0.4667718544964749,5.722685000464302,3.0670756582146748,57.10237905086524,-105.24816952645014
433450000,0.5249470678391356,-0.46660860247808095,5.719260846415873,3.068950367730717,57.13895717702182,-105.23450271516403
433460000,0.524328516497718,-0.4662674095517228,5.7037437540449885,3.07747501383976,57.213226704026916,-105.09361023053297
433470000,0.5247719463249279,-0.46607076451166624,5.708259365469693,3.0749893338165704,57.25954213986864,-105.192730984017
433480000,0.5242062888628571,-0.466123173242485,5.6995403375474005,3.0797924938768437,57.245172776868195,-105.06540771675604
433490000,0.5243492762319505,-0.46591338572275237,5.698810977617858,3.0801949728158218,57.29313146534274,-105.0966678864793
433500000,0.5244647497956111,-0.46542911712885726,5.69353781680802,3.083107999385944,57.40296283474778,-105.12042198283865
433510000,0.5245632142946639,-0.46582720834876495,5.701116391865522,3.0789231507854353,57.31356468586344,-105.14453184645386
433520000,0.5239540613755803,-0.46494655002605606,5.677842524836362,3.0918115162794564,57.509322893220386,-105.0026577671888
433530000,0.5240271311386786,-0.46471269769793033,5.675601869679932,3.0930580799435976,57.56253011944344,-105.01790503858567
433540000,0.5242634141028641,-0.4643988894850721,5.674904115824618,3.0934464750077604,57.634750539389195,-105.06961226501718
433550000,0.5229987418047487,-0.46505156542886156,5.663503440593237,3.0998064957728797,57.48036572232993,-104.78779976629774
433560000,0.5236538423604066,-0.46564292679845004,5.683153914356844,3.0888606357953083,57.350693930707195,-104.93858408229181
433570000,0.5235883479843528,-0.46564323010479003,5.682065612792754,3.0894648062633094,57.35028923997005,-104.92383052113381
433580000,0.5243305705156768,-0.46499241404335595,5.684808431905319,3.087942587916226,57.500932670805184,-105.08793522573309
433590000,0.5237250699380528,-0.465477717540377,5.681891629602414,3.0895614151516764,57.38829202048326,-104.95378594408156
433600000,0.5244763066327035,-0.465104005250616,5.688901489840053,3.085673826448671,57.47645711921168,-105.12143006443361
433610000,0.5232870930089272,-0.46415008869611435,5.655011056202605,3.104561290009693,57.6853708001338,-104.84753753288257
433620000,0.5231381260558697,-0.46444567753694577,5.656888840438069,3.103508669921639,57.61776210582791,-104.81568598228324
433630000,0.5226015945838884,-0.46491571006579624,5.654921740797491,3.1046113750765287,57.50863885339341,-104.69757461206176
433640000,0.5229691436032553,-0.4641195417341517,5.649300281675867,3.107766989391055,57.69032308716336,-104.77557736610613
433650000,0.5227400108309804,-0.4639419716622706,5.642912263365814,3.111360791703128,57.72895056183478,-104.72275670078159
433660000,0.5228472360331069,-0.46473246854312816,5.656290474076488,3.1038440148322524,57.55137132845044,-104.75180710917438
433670000,0.5229160757726977,-0.4642128306978005,5.649791947598544,3.1074907333076873,57.668946092262594,-104.76418027433884
433680000,0.5229959711422778,-0.46484308900954296,5.660383754504229,3.101551462973357,57.52731944952804,-104.78597307768914
433690000,0.5228880185840612,-0.46437629145612175,5.651728248968413,3.1064032513789352,57.631904950074976,-104.75885496470134
433700000,0.5218095821382386,-0.46479362637298344,5.640057581735346,3.1129695095428516,57.53120934307513,-104.51865799052636
433710000,0.5224172872767229,-0.46470945611251946,5.648842289297028,3.1080243697250722,57.553953946894076,-104.65483383267372
433720000,0.5223464986421853,-0.46438859819921563,5.642965342919041,3.111330895340659,57.62576136288733,-104.63688909922578
433730000,0.5224809504701707,-0.4648077295881422,5.6513383581988625,3.106622163269781,57.53222038296609,-104.66976608156443
433740000,0.5225319351091325,-0.46485663242798103,5.652900335915564,3.105745347675206,57.52152039335959,-104.68153905752374
433750000,0.5220993378587052,-0.4654208859155722,5.6540555893971,3.105097168298026,57.39204517270611,-104.58763664526654
433760000,0.5216209404820744,-0.46527396780635427,5.644001498641309,3.110747410494246,57.422122420458194,-104.47931642140297
433770000,0.522105160599745,-0.4644034819635997,5.639206484253461,3.113449459614803,57.62086646207961,-104.58264244839361
433780000,0.5215304513687841,-0.4638087406123254,5.621080421760566,3.123706725570177,57.75087566179171,-104.44927599580659
433790000,0.5223149553380072,-0.4639232273187456,5.635632521414503,3.1154665192148974,57.73041989852454,-104.62677163169661
433800000,0.5218013065719399,-0.4642142947901127,5.6314406984398175,3.1178356529230298,57.661452974296324,-104.51301133900004
433810000,0.5205850761540947,-0.46427227076301203,5.61237427944015,3.128657725035762,57.63998093121163,-104.24009743151795
433820000,0.5216363897285421,-0.4639645913146094,5.625088247809636,3.121432879169172,57.71653215449705,-104.47420277334194
433830000,0.5220084796441313,-0.463769979044703,5.628355397831376,3.11958173053825,57.762907118266725,-104.55666899451772
433840000,0.5215730623314039,-0.4640606510623896,5.625451066405974,3.121227198619127,57.69448033402847,-104.46061190278046
433850000,0.5213226028625052,-0.4638712590548748,5.618588172311754,3.125122396509285,57.73534475306689,-104.40294510283985
433860000,0.5216730681800714,-0.46344699100756886,5.618150375447444,3.1253712119339214,57.833352017548286,-104.4788390497869
433870000,0.5216816040938616,-0.4640732440104109,5.627415246428515,3.120114187525011,57.69238831985084,-104.48512210813902
433880000,0.520695597904136,-0.4636520377850364,5.605164954098922,3.1327695394917985,57.780080806826255,-104.26036956932866
433890000,0.5207031007759506,-0.4637879980772682,5.607260329342578,3.1315733235225003,57.749584226970875,-104.26306542601841
433900000,0.5214165749673132,-0.4643845818831093,5.627613605389812,3.120001831163913,57.620566943212836,-104.42762822079278
433910000,0.5207305344295455,-0.46427059973641893,5.614724224045661,3.127319798724109,57.64139909213179,-104.2727327798536
433920000,0.5211042666624855,-0.4639172184516515,5.615686469471679,3.1267722840007233,57.72345701107021,-104.35416951888087
433930000,0.5197334373220642,-0.46249865839913856,5.572917241059941,3.1512964480676975,58.031650103564246,-104.03491960578057
433940000,0.5198271769163356,-0.4637799408172868,5.592902465408507,3.139788560533106,57.74474307436617,-104.0663864429009
433950000,0.5195648586068582,-0.46305934955942246,5.578257197618029,3.148213254770787,57.904300151490624,-104.00174911836123
433960000,0.5202179936058811,-0.4639047468521248,5.601056625941058,3.1351176010568835,57.71974473270215,-104.15501257908831
433970000,0.5202729257417951,-0.46457403873573955,5.6116752968422805,3.1290559097298765,57.57005859156221,-104.1722663749939
433980000,0.5201725972086184,-0.4643916954039594,5.607387913422149,3.1315005176500716,57.610199024420425,-104.14845520908148
433990000,0.5209500522069774,-0.46473994381723227,5.625159092055896,3.121392715669585,57.537594914672134,-104.32527140255111
434000000,0.5199839409506887,-0.4641540055209532,5.600866970709401,3.135226081957806,57.66207634092528,-104.10440033050978
434010000,0.5219132350902677,-0.46348158034007475,5.622588819689645,3.122850540782925,57.82725158675228,-104.5332116202605
434020000,0.5217726185950854,-0.46406958846935614,5.628855677871106,3.1192984706149174,57.693828625392776,-104.50558180933508
434030000,0.5217995665575913,-0.4627719057676883,5.610416862725512,3.129773051709436,57.98651024005224,-104.50246308070189
434040000,0.5211945368533345,-0.4627301838783807,5.599940779737475,3.135755962995317,57.99135198668429,-104.36568086268161
434050000,0.5207678016496236,-0.463797890770154,5.608458799921702,3.130889550997517,57.747838491744076,-104.27767666599411
434060000,0.5208811476358788,-0.4638905217286026,5.61165385332367,3.1290681269339204,57.72785077607041,-104.30382493743559
434070000,0.520879182856555,-0.4635868016973846,5.607210549766477,3.1316017311724598,57.79611167120783,-104.30115506775792
434080000,0.5208437789979408,-0.46363603850943236,5.60734785467141,3.1315233768131145,57.78477872536705,-104.29355944776549
434090000,0.5206374874247653,-0.46416953602404637,5.611734785170986,3.129022017427128,57.66341743532498,-104.25111936527313
434100000,0.5203412521550476,-0.46407107304064443,5.605475680687627,3.1325920923556017,57.68334615567756,-104.18391455090465
434110000,0.5200389985961792,-0.46387325448080896,5.597691254803518,3.1370436878483146,57.72544961586826,-104.11461505739622
434120000,0.5206153566172808,-0.4635613997146326,5.602543893591998,3.134267161802544,57.79984906009917,-104.2416556498461
434130000,0.5204043822907068,-0.4634692078030874,5.597776698390185,3.136994756730975,57.81895906244237,-104.1935449316667
434140000,0.51859313243584,-0.46394218695201095,5.575298382706679,3.1499208665364717,57.69850856686649,-103.79137682185782
434150000,0.5195104169328093,-0.46325973105959045,5.580263645462128,3.1470563442424155,57.85888918112645,-103.99118265056657
434160000,0.5199296033473132,-0.46256701770752867,5.5770672100655325,3.1488998035798548,58.017932512381805,-104.07959592920655
434170000,0.5204255806236063,-0.4629015537921677,5.589916506828675,3.14150253281867,57.946741642250814,-104.19386942692971
434180000,0.5204726472624603,-0.4623732731210997,5.583066515172923,3.1454416580750704,58.066026933330825,-104.20019275460498
434190000,0.5204942962427626,-0.4631383317606243,5.594451671503289,3.1389000442856445,57.894029462324916,-104.21119169295928
434200000,0.5200114038198933,-0.46247696777299846,5.577094677254154,3.148883953307357,58.038867487784486,-104.09723946572836
434210000,0.5197159025260623,-0.46235119517369594,5.570517696169288,3.1526838903844903,58.06465197092678,-104.02972169508226
434220000,0.5198452396283453,-0.4627708622105679,5.578635572668677,3.1479950193084925,57.97140992351766,-104.06232862446616
434230000,0.520241826047725,-0.46367793508888167,5.598157093509731,3.136776933965711,57.770833434273754,-104.15863704405133
434240000,0.5196969442265007,-0.46308173518085516,5.5807139795439165,3.146796801351549,57.90036284245989,-104.0315830830221
434250000,0.5203366493350211,-0.46362507262985836,5.598932620560074,3.136332944511368,57.78342834361012,-104.17952450364238
434260000,0.5195680038414733,-0.4628278344600012,5.574977243495883,3.1501063172883006,57.956300899209985,-104.00052736081042
434270000,0.5195368111662159,-0.46319769622887913,5.579796375761691,3.1473256934647353,57.87302309290044,-103.99659525042625
434280000,0.5184566564565687,-0.4630000182580299,5.5595634856934995,3.159033452539849,57.90814498591391,-103.75280599047915
434290000,0.518789998800587,-0.4627343081078328,5.561107922742535,3.158136660705111,57.97060882854643,-103.82515917734388
434300000,0.5189028170699235,-0.4618497692068328,5.5502733896674625,3.1644387168678563,58.17013625028844,-103.8425379213422
434310000,0.5181784510472798,-0.4623004022566523,5.545107263925096,3.167452627438756,58.062346950382704,-103.68416807539259
434320000,0.5174452202859627,-0.46228363953292445,5.5331743728102145,3.1744364979536632,58.05918028506407,-103.51983494335435
434330000,0.5183480700220185,-0.4627687722991539,5.554511284937303,3.16197066084622,57.95896617508807,-103.72643630394111
434340000,0.5174286405228319,-0.462076879565234,5.52997260887526,3.176315671131669,58.105286167570334,-103.51412763272575
434350000,0.5180085205621632,-0.4624204312429583,5.544103608081142,3.1680388323758524,58.03388169130633,-103.64721430098983
434360000,0.5182805021817435,-0.46236177987045596,5.547614510734865,3.1659891785345406,58.04953446709412,-103.70760431463373
434370000,0.518615295089393,-0.4615776069252611,5.541794997041082,3.169388055095313,58.2285988937513,-103.77541531471897
434380000,0.5180301638773155,-0.4625434394048083,5.546204156141582,3.1668122167608304,58.00653712441335,-103.65319863505445
434390000,0.517673146921718,-0.46234079769727215,5.537617706559153,3.1718323468127334,58.04856429666557,-103.57138336408896
434400000,0.5179108381361571,-0.4623411995425249,5.541414533719919,3.1696105209998637,58.050713815954865,-103.62460015478189
434410000,0.5180178325059933,-0.462976141445339,5.552189143780526,3.1633225419782547,57.90958382152742,-103.65438000003263
434420000,0.5178026121004395,-0.4634520654973838,5.555557898462371,3.1613617355974806,57.80127055765536,-103.61051875626144
434430000,0.5177684600472247,-0.4625348944576618,5.54190279608142,3.1693250281865355,58.00602265516507,-103.59453944984772
434440000,0.5176450665570433,-0.46230292487385827,5.536631162479985,3.1724101678620658,58.05677435188702,-103.56473909936605
434450000,0.517049585743663,-0.46159690805465037,5.517154028274721,3.1838617148537818,58.20895242772232,-103.42452639031767
434460000,0.5173909358384614,-0.4622333284759979,5.5315954817287745,3.175362896636936,58.06991331377875,-103.50720582906439
434470000,0.518058506168548,-0.46254474578377014,5.5466758185914955,3.166536921362415,58.006505577027845,-103.65955682286885
434480000,0.5178520005263331,-0.4625434555139537,5.543358344984259,3.1684742598970885,58.004884826535175,-103.61331519489302
434490000,0.517159634852359,-0.46193543446357793,5.523692259561261,3.1800082635368887,58.1342984267954,-103.45254400783601
434500000,0.5169071798888022,-0.4613946850949856,5.5120420472383005,3.186881158475168,58.25276389289152,-103.39058629669906
434510000,0.5173448522763867,-0.4614688923540414,5.520023696554072,3.1821692501755203,58.24059926902988,-103.48935402015016
434520000,0.5178364070672103,-0.461712803552627,5.531291530868053,3.1755412995476417,58.19079865985856,-103.60192619272318
434530000,0.5180707575775145,-0.4623563560275521,5.5441842046235,3.1679917502790382,58.04881119694075,-103.66055889659297
434540000,0.5179701392034112,-0.46365435506055297,5.561143890355946,3.1581157819071537,57.757551880300575,-103.64971609310393
434550000,0.5174578073832032,-0.4661648614923848,5.589162563423319,3.141935603584904,57.194283851460916,-103.55614337765218
434560000,0.5158601852333615,-0.46875450813802955,5.601183917130454,3.1350447960217336,56.61004218388193,-103.22211964857347
434570000,0.5162954576858843,-0.4656276329091969,5.562718099245531,3.1572022445706036,57.30410081607824,-103.29395342331534
434580000,0.5158039789233522,-0.4635981716862588,5.525819053584509,3.1787568225724323,57.75019315059737,-103.16646640834477
434590000,0.5151411268388031,-0.4613502389159657,5.48362304271976,3.203773291911446,58.24381587599918,-102.99555825384567
434600000,0.5155843679751118,-0.461727612135236,5.495877891025802,3.196466905700368,58.1644896305054,-103.09851336992736
434610000,0.5156765895912152,-0.4614298144901159,5.4931381508499655,3.19809742255635,58.23192640427701,-103.11588630514724
434620000,0.515275257289272,-0.4622491631325824,5.498366891843893,3.1949870696234046,58.04497858663132,-103.03517962183602
434630000,0.5153309775151157,-0.46157651051393594,5.489774362799845,3.200101634568941,58.195449849274105,-103.04037575760482
434640000,0.5156616416393053,-0.46205472352298443,5.501702340624561,3.1930061488893613,58.09236968158265,-103.11921227385699
434650000,0.5157154823013916,-0.4618723665932363,5.49997865374913,3.194029535088594,58.13359926364642,-103.12929605407562
434660000,0.5148979283086207,-0.462492450916689,5.495870505159495,3.196471299032015,57.98684876905428,-102.95380141304247
434670000,0.5155164384187344,-0.4621048386628419,5.500124183717644,3.193943105495218,58.07967202269208,-103.08737666923201
434680000,0.5151225230393429,-0.46217675638776545,5.494947317971148,3.1970205342482187,58.05947523177481,-103.00040759294352
434690000,0.5148630427950001,-0.46184928858370033,5.486272678802819,3.202190708270302,58.12956594608932,-102.93910279435411
434700000,0.5150062287849579,-0.46168347207532984,5.486186393966951,3.202242219862759,58.168061378780855,-102.9691701398578
434710000,0.5145834590757186,-0.46260534515987034,5.492529269028299,3.1984600182880802,57.95840684141192,-102.88511381315162
434720000,0.5151723168035721,-0.46179611644724744,5.490372198256014,3.1997452466751968,58.144779209374626,-103.00739991511726
434730000,0.5139728164037013,-0.4620201540733113,5.474761164957754,3.2090778574503216,58.08168694021751,-102.7430549936075
434740000,0.5141260379017343,-0.4615577942917652,5.470676232557373,3.2115290132904213,58.18617507683254,-102.77186315085271
434750000,0.5148461810104719,-0.4615097983776703,5.481244756676187,3.2051951505505425,58.20497899576393,-102.93159836153521
434760000,0.514956918715853,-0.4608442982004019,5.473660584705476,3.209737886018152,58.35458575418103,-102.9487790991255
434770000,0.515091568697074,-0.4618564878551992,5.489954690043314,3.199994127560159,58.130454708140775,-102.9900674391228
434780000,0.5146454098602423,-0.46097210292329527,5.470585291129027,3.2115836256138426,58.32251698751395,-102.88077925728547
434790000,0.5148805617710567,-0.4610611765536342,5.475500107604715,3.2086348604511636,58.305345460123945,-102.93421798803793
434800000,0.5139071208155312,-0.46110538521861677,5.460954014417689,3.217378072434367,58.284260625396506,-102.71793282089678
434810000,0.51356382735972,-0.4607706726979031,5.450970771343216,3.223406635840773,58.3546275767021,-102.63758627870091
434820000,0.5143934169991209,-0.4621115354597555,5.48260852584949,3.2043796648994203,58.066069927132844,-102.83752167552113
434830000,0.5139289802958782,-0.4612130938873759,5.462795549368347,3.2162685186329467,58.26055827566981,-102.72405678225793
434840000,0.5136493512884429,-0.46178247360888336,5.46639895701872,3.214099646299168,58.130784328758715,-102.66851949901867
434850000,0.5138990184205692,-0.46139290678172895,5.464838974495283,3.215038228414564,58.22022393984799,-102.71948748989931
434860000,0.5136198909597776,-0.4614503093488937,5.46130280719173,3.2171678598626334,58.20421504191947,-102.65812185962317
434870000,0.5136262865738616,-0.4621074716126803,5.470586806352362,3.2115827156735905,58.05838503896543,-102.66711731839709
434880000,0.5136114106027326,-0.46193569427087494,5.467951413029666,3.213166142680538,58.09633516632422,-102.66185663415918
434890000,0.5136559483866341,-0.46180205243440886,5.466775218334484,3.213873347142133,58.126513162080975,-102.67020956703492
434900000,0.5132571684239,-0.46144838529440313,5.455649504912774,3.2205784546766534,58.200371919394215,-102.57754952196392
434910000,0.513104943244255,-0.4619374971972212,5.460111132539399,3.2178861803801673,58.09007938542849,-102.5495331085319
434920000,0.5129123521617601,-0.4613536449867853,5.448993672493793,3.224603254878304,58.21727550117069,-102.49989858002856
434930000,0.5129904793759079,-0.4612587540518444,5.448882196402616,3.2246707514151636,58.239272201671916,-102.516089975494
434940000,0.5130914669483215,-0.46096029129664373,5.446296415058896,3.2262371925646436,58.3067589072797,-102.53489463902282
434950000,0.5126180100548428,-0.46149868516914544,5.446462353086066,3.226136622704017,58.18156044096137,-102.43638241262876
434960000,0.5126766816923229,-0.4608845808852294,5.438843567021163,3.2307606797595017,58.318475257203566,-102.44187625662586
434970000,0.5122151225850766,-0.4604692167710637,5.425997602863355,3.2385876966338185,58.40483333050732,-102.33422766699582
434980000,0.5127108492523013,-0.4607855938599507,5.437998728737936,3.231274262003992,58.3408698889411,-102.4482322138282
434990000,0.5122927318160038,-0.45973444633362537,5.417064835414943,3.2440530639578347,58.56899285242236,-102.34193557102617
435000000,0.5126836978899977,-0.46097571500980017,5.440215061042076,3.2299272918871305,58.29833848041865,-102.4445597227634
435010000,0.5116094441158833,-0.46066559591200623,5.4194197332754515,3.242610447890559,58.353504474231144,-102.20249164609048
435020000,0.5113080477840122,-0.4617391105064498,5.429636759875799,3.23636647470698,58.112227839708375,-102.14951093672714
435030000,0.5108108374173662,-0.4613429192001083,5.416547337713063,3.2443702583359135,58.19338350860255,-102.03466307895577
435040000,0.5108916158401469,-0.4616399636366636,5.421884887417724,3.2411016783911393,58.12885025733523,-102.05631331920995
435050000,0.5103761451936508,-0.4616115213220574,5.413617444268147,3.246167287445543,58.1284850378362,-101.94224400342196
435060000,0.510500361055638,-0.46172468118919113,5.4170752394213855,3.244046687582837,58.10514474883953,-101.97109358796229
435070000,0.5104078133080736,-0.4618037718554124,5.416754590269335,3.2442432176871665,58.08651807832521,-101.95171224555801
435080000,0.5106267973095525,-0.46197229130435213,5.422430327506276,3.2407680398743883,58.052176755811736,-102.00213538843936
435090000,0.5105967787022982,-0.4605603326405132,5.402512584468967,3.252996694176693,58.36343395989456,-101.9770549492942
435100000,0.5109190192848743,-0.460673282231676,5.40897425313885,3.2490192836768603,58.34276183894973,-102.04979884806664
435110000,0.5108737127217875,-0.46042627956634957,5.404889178229496,3.2515326626527354,58.39678776597753,-102.03649038319709
435120000,0.5097951757197743,-0.46008335881527146,5.383819968834225,3.2645584063190265,58.45780161210018,-101.79342834637279
435130000,0.5101603943768366,-0.46032562453692627,5.392664364245898,3.2590776459613027,58.40936479241746,-101.87744719056505
435140000,0.5092522862495156,-0.4599826730462433,5.374248691393516,3.270510658071858,58.472339382994875,-101.67219372179912
435150000,0.5093377947758837,-0.4601694827609839,5.378084090783052,3.268122838601293,58.432353896680155,-101.6937104099959
435160000,0.5092668230428734,-0.46005510955155404,5.375454503756124,3.2697595703959474,58.45657013779409,-101.67643354728364
435170000,0.50929625531664,-0.46018747901959534,5.377702592411759,3.2683601915123366,58.427796944158956,-101.68480487871267
435180000,0.5095238217605633,-0.4590838956871228,5.366124373917482,3.275580323913921,58.674742548467265,-101.71915861648672
435190000,0.5086070988350043,-0.46011179875893937,5.366294268933347,3.275474144707661,58.43459696970834,-101.53186450424691
435200000,0.5083760315930302,-0.4592934809688185,5.351733140269334,3.284599761276456,58.61146648506153,-101.46889029168999
435210000,0.5087314173233118,-0.46015699049350706,5.368777908888734,3.273922740201783,58.42644230504983,-101.55989440473772
435220000,0.5091637322720285,-0.45973050651467046,5.369483597934815,3.2734822031162443,58.526695210051386,-101.64903418858938
435230000,0.5085757679755101,-0.46038920161045166,5.369597205542839,3.273411293054633,58.37308136812099,-101.52897060364597
435240000,0.5083578344815212,-0.46016176872110587,5.363229774504298,3.277390431196061,58.41997524855674,-101.47772317791402
435250000,0.5088031883859504,-0.4600536936553595,5.368452332166265,3.274126026853006,58.4502317025773,-101.57421321324223
435260000,0.5091696745452392,-0.460549928243572,5.380737747848698,3.266472804746821,58.34612751059127,-101.66201773339863
435270000,0.5090639573317186,-0.45978720173284854,5.368752374532613,3.273938682659783,58.51274559738821,-101.6278441880126
435280000,0.5083265989163829,-0.4598947155438637,5.359135746332923,3.2799540475782694,58.478293974751345,-101.46693728041944
435290000,0.5077216757478062,-0.4596236755855245,5.346415191104395,3.287945418060922,58.52891221815554,-101.32978659335132
435300000,0.5071923608035604,-0.45970651928257766,5.339642148004568,3.2922165104000283,58.50266024668283,-101.21470591696752
435310000,0.5074485094883446,-0.4597164991595911,5.343593642565343,3.2897233278056888,58.50436847386653,-101.2711348543729
435320000,0.5085016609506341,-0.4602635912531731,5.36677391196467,3.2751744200184336,58.39965601071384,-101.51085161874494
435330000,0.5080407545758444,-0.45977139785925236,5.353182814910088,3.2836889288876376,58.50120172683194,-101.4021987621026
435340000,0.5084247429881962,-0.45931385951699005,5.352738005788997,3.283968348651512,58.607704784196606,-101.47993282036438
435350000,0.5084426588138666,-0.45959790300400427,5.356851750038981,3.281386014610694,58.54537542665705,-101.48811287508293
435360000,0.5081274004961766,-0.45926252325484224,5.347595938372138,3.287201984466062,58.614542710985766,-101.41363637238022
435370000,0.5083417353480864,-0.4592952551225966,5.351243825625865,3.284907313706713,58.61056060474008,-101.46135787482316
435380000,0.5069970869249989,-0.4597436910538607,5.337237534154734,3.293735566168794,58.491507330757265,-101.17239615712226
435390000,0.5071135415537389,-0.45989252415232545,5.340979617358033,3.291372210459494,58.460614491596196,-101.20023570314999
435400000,0.5075529007553754,-0.45991829753128083,5.3478793053315306,3.2870236188170305,58.46159925340491,-101.29712237652203
435410000,0.5072050069881636,-0.45977742689672535,5.340787618151425,3.2914933862363105,58.48727983840242,-101.21856569660315
435420000,0.5063957657271392,-0.4603806201595035,5.336895437080431,3.293951792868551,58.34265976593673,-101.05031000443032
435430000,0.5070046384455263,-0.45933975288046014,5.331907079333321,3.297108013201751,58.58033357011617,-101.16781511394426
435440000,0.5067321685005329,-0.4594846356020069,5.329811199795669,3.2984359393699165,58.54427619368024,-101.11023668809963
435450000,0.506821915649998,-0.4598727316247185,5.336373214423668,3.2942819255846483,58.4604999391055,-101.13593438791429
435460000,0.5074553491852379,-0.4594103149217244,5.339562799170826,3.2922666144551327,58.57178188607042,-101.26796915849779
435470000,0.5067810559278282,-0.45973762734053447,5.333944244698119,3.295818324261925,58.489513127446216,-101.12488977966655
435480000,0.5063568844828361,-0.4591247002651379,5.31941525500269,3.305038729185808,58.6173614747283,-101.02219997220003
435490000,0.508631665698406,-0.4667261576165558,5.458245907990723,3.219011156469265,56.98755822879768,-101.6221202692635
435500000,0.5063793559755947,-0.4589415003495744,5.317291553838468,3.3063908504157653,58.65793232072712,-101.02420773490076
435510000,0.5056454235542475,-0.4596002245983007,5.315281886314417,3.30767140003641,58.501791755965165,-100.87384690335074
435520000,0.5056702758719858,-0.45965422204640544,5.3163730741317075,3.306975976345456,58.49036842683292,-100.88014833971364
435530000,0.5057500699098804,-0.4592571413791303,5.312227414386044,3.3096196170780767,58.57860388774489,-100.89126209351281
435540000,0.5052599744543628,-0.4594761684167694,5.307939000344081,3.312358795668579,58.52274027443167,-100.78750517989863
435550000,0.5053229688650088,-0.459413193491248,5.3080233964583785,3.3123048442877012,58.53753826953874,-100.80026751126876
435560000,0.5058736117148301,-0.45924971670069925,5.313950636186049,3.308520218529881,58.5822173021415,-100.91821387600818
435570000,0.5051073006164091,-0.45923364062282873,5.302450371530246,3.315871301014201,58.57331089351132,-100.75015634339474
435580000,0.50538391279287,-0.45971326958574604,5.312940987421792,3.3091642748126784,58.47287330221662,-100.81843380528758
435590000,0.5045177404532546,-0.45896499771045707,5.290222047553781,3.323724122026292,58.62229271753248,-100.61678166643526
435600000,0.5042940264037933,-0.45902749319551517,5.287781699876261,3.325295780117054,58.60488262033296,-100.56894545034004
435610000,0.5042164016199031,-0.45896612162601946,5.285830870731988,3.326553255860466,58.61698129014567,-100.55095571605612
435620000,0.5035777790748371,-0.4592137322214984,5.279804900383294,3.3304435941507333,58.55213164405321,-100.41579005058261
435630000,0.5038789738991867,-0.45928428712338737,5.285135476356598,3.3270017295979666,58.54184321918575,-100.48266544512914
435640000,0.5040551308245853,-0.4591956374821804,5.28652818279081,3.326103668241387,58.56415124320775,-100.51960961048681
435650000,0.503744222605471,-0.4584305610718895,5.2718416200380185,3.335598801373478,58.72588199450326,-100.4386636009886
435660000,0.504277298436376,-0.4585632986795091,5.28136843332737,3.3294332999918765,58.70604206273076,-100.55743075200164
435670000,0.5047900760881261,-0.45889551924820654,5.293284761114148,3.321753767977997,58.6420370619484,-100.67517148262525
435680000,0.5043926042297264,-0.45897039780758253,5.288463292367419,3.3248566624348634,58.619013417389645,-100.58952352832632
435690000,0.5040442648904389,-0.45893022579276455,5.282840189516068,3.328482875111815,58.62190899015469,-100.5127548487377
435700000,0.5044695761177863,-0.45888463265643986,5.288447839561582,3.324866616643502,58.639051355240994,-100.60490490719849
435710000,0.5036617231070344,-0.45948141127007824,5.284588295840539,3.3273547033102195,58.4952045508634,-100.43861620976072
435720000,0.5037119266469777,-0.4591533671144125,5.280957847222146,3.3296985446831324,58.567573712897875,-100.44401569622299
435730000,0.503846131343196,-0.4583785271247442,5.272635461483372,3.335084165549771,58.73901414401219,-100.46002317641207
435740000,0.5034618887045249,-0.4583610479044216,5.266818835019599,3.3388587301059216,58.73614509962322,-100.37580656783058
435750000,0.502913830007339,-0.45918156493659507,5.269722782880012,3.3369732001540156,58.5477567885134,-100.27060063498122
435760000,0.5031277649862544,-0.4596683250760316,5.279294066151043,3.3307738098805375,58.44548048143242,-100.3254938839287
435770000,0.5033161222242974,-0.45967374154532986,5.282109089802334,3.3289549331256567,58.44748733282899,-100.36658022144064
435780000,0.5030687189863218,-0.45940151824425196,5.27489020275885,3.333623325978261,58.50254142685857,-100.30809926712307
435790000,0.5023485544074587,-0.4589019908815522,5.257835909028221,3.344705013970803,58.598716673739965,-100.14271581070601
435800000,0.5030590819374212,-0.4580274750067129,5.256577091823968,3.345525935744416,58.80183980014594,-100.28200566384072
435810000,0.5026337473548516,-0.45856678733076345,5.257534836190849,3.344901317717767,58.67671466365715,-100.19886077098006
435820000,0.5026417822342273,-0.4584610110978028,5.2562556456087695,3.3457356282318313,58.69989613925455,-100.19873505678771
435830000,0.5023262423405289,-0.45865979802830104,5.254317308062227,3.3470006491870814,58.65101038584647,-100.13357086278509
435840000,0.5025873524525575,-0.4589110051722138,5.261409483768957,3.3423767729431346,58.60095865414506,-100.19482886969867
435850000,0.5032402208757176,-0.4588829902660217,5.270506277693071,3.336464847103965,58.61843881663105,-100.33653306245736
435860000,0.5025232314976587,-0.4586570231580672,5.257127406144305,3.345167005014542,58.655109824900535,-100.17639491635315
435870000,0.5023984850978104,-0.45784568378975743,5.244645456217909,3.3533273082311075,58.82960055038495,-100.13466878281383
435880000,0.5025623020995192,-0.4578922862713937,5.247619795472068,3.351379123716608,58.82241107527783,-100.17122308006775
435890000,0.5021466336008745,-0.45777139208192785,5.240043866144572,3.3563458599992257,58.841195591097595,-100.07843470451556
435900000,0.5019233403406933,-0.4580396084185038,5.240350938176637,3.356144255526944,58.778710915952175,-100.0347179213206
435910000,0.5019821866086289,-0.45861627053199894,5.248779468671235,3.350620161571745,58.65433253168193,-100.05795660900151
435920000,0.5015286411242924,-0.45871348857002175,5.243528829997874,3.3540592876689663,58.6250401710523,-99.9611517004863
435930000,0.5019212395522323,-0.4587796159920501,5.25005265951125,3.3497873071031252,58.61773169040129,-100.04763341053078
435940000,0.5014714437174481,-0.4579616662767644,5.232838502567249,3.36108350389988,58.7873655598795,-99.93498381148919
435950000,0.5018111930021362,-0.4584783849729449,5.244501961785503,3.3534213546964278,58.681231695606314,-100.01829604510901
435960000,0.5019227199493365,-0.45804854815894186,5.2404593518378775,3.3560730836900348,58.77675402490629,-100.03474611305809
435970000,0.5017193591732977,-0.4583068859737846,5.240926860661523,3.3557662066155913,58.716851784502204,-99.99521898254447
435980000,0.501802760472785,-0.4579699830870237,5.237704010872594,3.357882869706325,58.79165586007912,-100.00720365598903
435990000,0.5017379214023536,-0.4578132128074289,5.234717840798048,3.35984650354821,58.824578485386304,-99.99021006983023
436000000,0.5009354057718677,-0.45784253028748834,5.223604328776237,3.3671749576454566,58.803279007063445,-99.81627456705169
436010000,0.5007505703126547,-0.457796409366463,5.22036125474474,3.3693196052733927,58.809820729877984,-99.7752671748506
436020000,0.5007858782438265,-0.4575959241177102,5.2182494339573875,3.370717641892771,58.85402882794436,-99.7791483546771
436030000,0.5012519107075362,-0.4575804733784647,5.224707505681218,3.3664460557730203,58.86616971992068,-99.88014900670679
436040000,0.5004261644542706,-0.45738899970515245,5.210426871386609,3.3759064708304547,58.8921129225765,-99.69708391759576
436050000,0.500400856628554,-0.4579087589147857,5.21683784266261,3.371652778063707,58.77883448851584,-99.70149420332265
436060000,0.5003159800015917,-0.4577611352628003,5.213703558291409,3.3737310253592923,58.80924549765246,-99.68028144316642
436070000,0.5004568241313846,-0.45839736377772855,5.224019747868163,3.3669004403551077,58.67394341237259,-99.72280991516072
436080000,0.5004066293136306,-0.45818361789848727,5.220508624743943,3.3692220893759344,58.719338523171096,-99.70792805284913
436090000,0.5002640546615309,-0.4583567325112755,5.220736702707986,3.369071179644772,58.67914322311522,-99.68027604284765
436100000,0.5003617514691708,-0.45783016790586295,5.21525547858871,3.372701670740099,58.795140824871524,-99.69152229169165
436110000,0.49935890782969383,-0.4577263221217842,5.19965560907972,3.383077747541777,58.79838593348642,-99.47222835871504
436120000,0.49927380129898435,-0.45811869526162924,5.203549305203736,3.380481850028705,58.711849825103045,-99.46140411776574
436130000,0.4996471242299711,-0.45727836678829636,5.197926098688295,3.384232094240823,58.901032045240285,-99.52593157093295
436140000,0.5000482829254046,-0.45800184154319185,5.213029424078221,3.3741783619931116,58.751965939006595,-99.6268218918344
436150000,0.5000655632047037,-0.4578716887403529,5.21157917293592,3.3751411154131334,58.7805020193915,-99.62808819676567
436160000,0.4999175766452883,-0.4574527400539567,5.204025343050816,3.380164755938042,58.868485526947595,-99.58795727259883
436170000,0.49945923846614365,-0.45804790147012653,5.205258366886038,3.379343705090288,58.730731097108276,-99.50015469614127
436180000,0.4993987281153449,-0.4576379370395745,5.199072169363273,3.383467070177588,58.818293197503735,-99.47913041369095
436190000,0.498400372829632,-0.45734792874704056,5.181219455256052,3.3954240071571125,58.86133516955057,-99.2574624532586
436200000,0.49846489384741066,-0.45737259332828245,5.182446455743883,3.3945994797455676,58.85729312002903,-99.27189910781011
436210000,0.49846993424686653,-0.45896575883592916,5.203191169442533,3.380720447944365,58.513549483567445,-99.30412348842222
436220000,0.4987668450223769,-0.4572811346938722,5.18551928859041,3.3925363568212146,58.883082059453095,-99.33536682212399
436230000,0.499114523730926,-0.45814492065869966,5.20163307044667,3.3817588848180344,58.703108645906646,-99.4274728364844
436240000,0.4991452819233448,-0.4581966189961516,5.202741295357632,3.38102021228032,58.69252678224816,-99.4351185769454
436250000,0.49900532242160245,-0.4581270232762713,5.199853869980558,3.3829454709672424,58.70486594884783,-99.40352439173121
436260000,0.4987356875963209,-0.4581725674257733,5.196630831980162,3.3850971313109763,58.68979654552753,-99.34615711510162
436270000,0.49866603156278483,-0.45889957006371046,5.205105181118313,3.37944568707004,58.53156732797294,-99.34513262766235
436280000,0.4991529932557489,-0.45819906397340143,5.202882386193011,3.3809261935129293,58.692146839114955,-99.43683255028981
436290000,0.49923887332550904,-0.4579740818028195,5.201173791869933,3.3820651066290317,58.74245151838676,-99.45105906651779
436300000,0.497944497731397,-0.45873640745490474,5.192783251575506,3.3876693605114627,58.552818249642776,-99.18650355972905
436310000,0.4983010004313327,-0.4582405160371784,5.191373668156046,3.388612702663829,58.66665235996117,-99.25366184958037
436320000,0.4979773186163108,-0.45814589516661924,5.185585292859743,3.3924920689224414,58.68069419169698,-99.18200068281287
436330000,0.4989410634635367,-0.4587459284660737,5.2070002259777,3.378184517034568,58.56996230717882,-99.40153648673397
436340000,0.49795261065853613,-0.458200123567649,5.185939903756212,3.3922541502443044,58.66851673869078,-99.17774468042424
436350000,0.4979558515974031,-0.4584656902159276,5.1894285381820895,3.389915325118716,58.61135091557166,-99.18366367027316
436360000,0.4976513197062191,-0.45820756685344133,5.181797754236068,3.395035347684096,58.66095270996477,-99.11297213738537
436370000,0.4973131917479691,-0.45791976661334516,5.17333166514336,3.400734194260772,58.716179918046926,-99.03440257021182
436380000,0.49822778239611315,-0.45787556029243703,5.185611879210923,3.3924742302007065,58.74395550441075,-99.23068238565669
436390000,0.4981520549001669,-0.4579526516159272,5.18554330648814,3.3925202410278055,58.725822786356595,-99.21586673873969
436400000,0.49759879575720556,-0.4573029576605566,5.169382265436548,3.403399318365989,58.85489059776638,-99.08348747133569
436410000,0.49724708893097525,-0.4574997188664443,5.166990880115129,3.4050151244362525,58.80531920660745,-99.01166527778173
436420000,0.49748137639257883,-0.4577858173016392,5.173960999098412,3.400309899101276,58.7484159293088,-99.0679352519862
436430000,0.4973271104666064,-0.45740138953637405,5.166844902379562,3.4051138086797765,58.8281385358467,-99.02690760418744
436440000,0.4967879415826738,-0.45733805324603105,5.15849634321676,3.4107672792729,58.83073363230471,-98.90946574149477
436450000,0.4963115937901228,-0.4574672401813113,5.153516194466371,3.4141487955380825,58.79309484209574,-98.80965341786981
436460000,0.4959826731522489,-0.4579132824043231,5.154665154250108,3.4133680504271253,58.69047209932439,-98.74821398771364
436470000,0.49632267767965627,-0.4577027781767525,5.156694874682421,3.411989691228978,58.742693986265124,-98.81690308122035
436480000,0.4965338749925772,-0.45814989171364656,5.165394822786295,3.4060944099000268,58.65093642705076,-98.87142805865182
436490000,0.49648414094511306,-0.45780446901004757,5.160253095089558,3.409576064508519,58.72415449671984,-98.85369630931808
436500000,0.4967594529930858,-0.45758064086363126,5.161216385341824,3.408923236267793,58.77793489196672,-98.90832019742761
436510000,0.49586405331377525,-0.45746936731184135,5.147320709916232,3.418365014944457,58.78332433142793,-98.71352932297653
436520000,0.4963686895964264,-0.4568844258584114,5.146842850805916,3.4186906510732347,58.91966186529903,-98.8097764139057
436530000,0.4962960402261262,-0.4570645579281452,5.1481384200475375,3.417807933751365,58.87937516795729,-98.7979199150546
436540000,0.49623572229247803,-0.45733273899341725,5.150735377779764,3.41603992382117,58.82043672462318,-98.79054666640305
436550000,0.49589226160312905,-0.4572508167463494,5.144913743983356,3.4200058761814023,58.83086336176171,-98.71501143312895
436560000,0.49614117550062314,-0.45726490141722786,5.148551431522613,3.417526631415745,58.8330495368915,-98.7688043706864
436570000,0.4959616506134133,-0.4570665038610739,5.143518732234252,3.420957605124537,58.87193456943081,-98.7260484500856
436580000,0.4959913174498969,-0.4573299320739734,5.147302118620528,3.4183776827707577,58.81593928154092,-98.73795401380936
436590000,0.49589272665117884,-0.45714938793570076,5.143622420197526,3.420886846879276,58.8526685773173,-98.71297925284071
436600000,0.49578919799715004,-0.45738431213759456,5.145192159735354,3.4198159947952984,58.80002444268355,-98.69567280708321
436610000,0.4956359980791422,-0.45701474863344854,5.138342543995863,3.424493687198162,58.87617313732395,-98.65497281531546
436620000,0.49545503156206844,-0.45703393616355736,5.136082239312391,3.426040124584231,58.86820816863949,-98.61651352194158
436630000,0.4954998072790335,-0.45728109446515225,5.139859312680217,3.4234567489912866,58.816095254245674,-98.63136595630039
436640000,0.4952123400146679,-0.4568535273999762,5.130426397497916,3.4299158999653767,58.901756773215354,-98.56055459704257
436650000,0.49513235110481996,-0.4570334358140891,5.131614673448932,3.429100873911404,58.86143226245244,-98.54724208102526
436660000,0.4948685278854211,-0.45655492750384624,5.1218851379651085,3.43578582961825,58.958422717027894,-98.48031162315367
436670000,0.49448448261480943,-0.45701840064190125,5.122489956922941,3.4353695019030486,58.85071489622782,-98.4080170039484
436680000,0.4949708564828649,-0.4570667624750893,5.12980961623506,3.430339098524783,58.85082496475193,-98.51331313851942
436690000,0.4951374242793213,-0.4569389331232163,5.130480090471538,3.42987906405018,58.88181919600824,-98.54630684185435
436700000,0.4950275700056946,-0.4568948445348551,5.1284019129122225,3.4313053770425945,58.88892100828125,-98.5217878849501
436710000,0.49446937785336237,-0.4569637060968847,5.121586418893088,3.4359914908939526,58.86210559664322,-98.4035962365952
436720000,0.49458973013252877,-0.4574423200492482,5.129339814735338,3.430661519309879,58.762183057014724,-98.43968023100905
436730000,0.49443462050113673,-0.45717817748200007,5.123836819192755,3.434442755082245,58.81541418228868,-98.4007899969732
436740000,0.49430901200565774,-0.45647851735568795,5.11322192011725,3.4417604022720463,58.9625798886031,-98.35863817165104
436750000,0.4945743390375818,-0.45702170457657204,5.12376909321203,3.4344893437714585,58.85195021297336,-98.4273409032873
436760000,0.4945880344348372,-0.4562683606338114,5.114389941299365,3.440953651148719,59.01378434083797,-98.41385653001338
436770000,0.49426327520129243,-0.455925587494036,5.10559601349521,3.4470370425517256,59.08013773319386,-98.33659182993125
436780000,0.49356050185884653,-0.45628677666848955,5.100544127632545,3.4505416603258245,58.9870528563177,-98.19406114439177
436790000,0.49377502005405494,-0.45633586466562404,5.104097596871303,3.4480757785232448,58.9813295457427,-98.24108098335296
436800000,0.4929684819323152,-0.45670000935521127,5.097683012825012,3.452529690417143,58.88545873984933,-98.07672354304681
436810000,0.4939480256796973,-0.45636387006059037,5.106820097070719,3.446188950815039,58.97917533025515,-98.27875541149042
436820000,0.49371348070781024,-0.45589807818981193,5.09772777466397,3.452498570025508,59.07372382645255,-98.21810215884437
436830000,0.49407502814852566,-0.4554712798478246,5.0972873920039286,3.4528047680601444,59.17339418021754,-98.28600748964952
436840000,0.4937595390170389,-0.45540942225060216,5.092200849410149,3.456345433253482,59.179515341637355,-98.2169222641596
436850000,0.4927079686450506,-0.4555026314063842,5.079065764116518,3.465522688866529,59.135463559461144,-97.99383344996258
436860000,0.4930248927807017,-0.45564492768576303,5.085156853103092,3.461260818738224,59.11230346654421,-98.0649087394642
436870000,0.4932341508394238,-0.4567133143710329,5.101477025129547,3.4498939429208093,58.88854519151934,-98.13378003635137
436880000,0.4927005079658367,-0.45615881648686984,5.087209401335367,3.459827064048657,58.995020539222544,-98.00727253396416
436890000,0.4929593307364995,-0.45663485071011317,5.096735136374489,3.4531888291413635,58.89917124608245,-98.07331012843773
436900000,0.4933297906782648,-0.4562124520019736,5.096455730198711,3.453383172565911,58.997784577892865,-98.14302410167426
436910000,0.4934979248040574,-0.45642505778917225,5.101436265743295,3.449922237307436,58.95606344635806,-98.18375874520616
436920000,0.4929121470206875,-0.4555445145356735,5.082363314526195,3.463214108675187,59.13120528629529,-98.03847921174024
436930000,0.4935907474396927,-0.4558382590266478,5.095297935866838,3.4541887228512773,59.083772962390775,-98.19045940380549
436940000,0.49273905782966415,-0.45533740123896,5.077415776926088,3.466678998453757,59.17152992941611,-97.99666521663586
436950000,0.49331659025338076,-0.4555275389233626,5.087650091835741,3.459519387972016,59.144105489653114,-98.12467668234186
436960000,0.4926754784754083,-0.45557316596430303,5.079509785417764,3.4652116525766625,59.119628880044814,-97.98851166968895
436970000,0.4919506371017243,-0.4556865298779391,5.071113351935416,3.4711029385887553,59.0786236755237,-97.83627957528478
436980000,0.49199404813049763,-0.45596900860014533,5.07524115768164,3.4682041645313673,59.019350144898375,-97.85209173409625
436990000,0.49201100474081555,-0.4559544282132271,5.075287778099757,3.4681714531050902,59.02285279142241,-97.85537279469065
437000000,0.49198827043029486,-0.4559967777046992,5.07551131593885,3.4680146154595914,59.01329219733899,-97.8515004192372
437010000,0.49377356148196166,-0.4560471482744001,5.100429791668989,3.4506210615540795,59.04313489434051,-98.23432148870813
437020000,0.49334331877127924,-0.45533350054219784,5.08557582376856,3.4609680597847587,59.186287438855956,-98.12596243707172
437030000,0.493217428307334,-0.4549800229680255,5.079430143253242,3.4652674376361308,59.259141446832984,-98.090837099847
437040000,0.49352126609892427,-0.45545323578437313,5.08950349133625,3.4582260101398954,59.16469663674768,-98.16683502912343
437050000,0.49386894684947413,-0.45567796575065633,5.097076127999878,3.4529516794397446,59.12440563582362,-98.2464657411426
437060000,0.49353654800445124,-0.4561777274648528,5.098839847681564,3.4517255905741533,59.00985862494825,-98.18649180480416
437070000,0.49306506066887223,-0.45628716908547784,5.093788485113806,3.4552395145719346,58.9758448309078,-98.088089572602
437080000,0.4934508377916761,-0.455400356354109,5.0878793785851,3.4593593291903275,59.17442190970699,-98.15053375211646
437090000,0.4935942934368363,-0.4550797770553431,5.085806180770176,3.460807117447429,59.246442993950225,-98.17394685218673
437100000,0.49278467607501536,-0.45602066436415495,5.086615188507998,3.4602420123250988,59.02645874630645,-98.02211369724897
437110000,0.4926233072255415,-0.4563170634810874,5.088152208082095,3.459168893962446,58.95946551928476,-97.99437785040438
437120000,0.49229449386516666,-0.4560206622449544,5.079959769138628,3.4648964973300944,59.01524640146376,-97.91740341218568
437130000,0.49227046042105077,-0.45589015564561025,5.077995406354711,3.4662727055792137,59.042557725360204,-97.90927007050779
437140000,0.4925175243017923,-0.45593488719132486,5.0819078284188,3.463532804165845,59.03868237200521,-97.96306616966888
437150000,0.4923836396800602,-0.45586140780829937,5.079168784437752,3.4654505182376907,59.051303291843794,-97.93277862560844
437160000,0.4918981056916912,-0.4560254158901851,5.074650347765506,3.468618763143853,59.005100550057115,-97.83292853131636
437170000,0.4915521254127193,-0.4557196951802215,5.066146004061464,3.474597801889851,59.06225261275229,-97.75203909878852
437180000,0.491610627643157,-0.455141067030871,5.059707076790397,3.4791386475258994,59.187074722661514,-97.75090589496014
437190000,0.49097186895754336,-0.4554035225786357,5.054385043165651,3.4829009285676342,59.115957460839994,-97.62091398650507
437200000,0.4917960119656077,-0.45509245556290745,5.061599296168068,3.4778029735218463,59.2018374872392,-97.7893396040923
437210000,0.49188295430122725,-0.45441217232733877,5.054296350294182,3.4829636976704377,59.349296831891145,-97.79174293889793
437220000,0.49150280077596814,-0.4550085185195114,5.056602669741901,3.481332230262063,59.2128108415144,-97.72474526935525
437230000,0.49184791917857407,-0.454992553545795,5.061052878773308,3.4781885702238307,59.2244043014965,-97.79806577259771
437240000,0.4925188591911085,-0.45438802697787806,5.0625706280417,3.4771177363319534,59.369618525675705,-97.92727488156983
437250000,0.4951089141823856,-0.4547177763073637,5.101949372659784,3.4495660825906875,59.35875837397429,-98.49128420839514
437260000,0.49718463040683286,-0.45485669655614214,5.132334014141838,3.4286076762728173,59.374761854255794,-98.94256594402559
437270000,0.49571076086362587,-0.4547416153206575,5.1105159309222925,3.4436308996341847,59.367142273916635,-98.62155898035252
437280000,0.49340704793080586,-0.4543775196403293,5.074464940724388,3.468748892536249,59.392796252661874,-98.11748707671572
437290000,0.49210565402708223,-0.4532411090196181,5.042766487067528,3.4911431010152922,59.605458994638695,-97.81109040340304
437300000,0.4908934696524091,-0.45411852493701493,5.037374330969769,3.4949817284249205,59.38809779604055,-97.57321632250192
437310000,0.49096479261693654,-0.4545979579506375,5.044271159259633,3.4900734629253307,59.287521924722974,-97.60009440580315
437320000,0.4899904242546325,-0.45535608763271984,5.040642610937348,3.492654048816494,59.10254115683962,-97.41092845043025
437330000,0.4907542939495769,-0.45448249816555947,5.040019907151292,3.4930972981391832,59.307044963540605,-97.55239616533198
437340000,0.4909812668259358,-0.4549698969001581,5.049112723569643,3.4866362049417203,59.2085966976913,-97.61256461099381
437350000,0.49144070593673406,-0.4548670544080726,5.054005458480508,3.483169581695662,59.24152944537095,-97.70812036652511
437360000,0.49142103068441984,-0.4544198524299131,5.04818105727306,3.487297106170144,59.33655848110224,-97.693191751598
437370000,0.4912797060519973,-0.4539364254944917,5.040291396759432,3.4929040339957877,59.436429495508975,-97.65126773013876
437380000,0.49079779134526635,-0.45445746618549876,5.040291841196687,3.4929037176339133,59.31344136077452,-97.56106461533287
437390000,0.4904628523693291,-0.4540033264170779,5.030196803755696,3.500104638271901,59.40210256740448,-97.47850321332336
437400000,0.4916019128034939,-0.45507329155720644,5.058744470672684,3.4798185280208034,59.201336538612004,-97.74744026891752
437410000,0.4900873543827935,-0.45382477509443925,5.0229902093773315,3.5052636312669416,59.43086837506461,-97.39401376992852
437420000,0.4894548327096725,-0.4540136467429521,5.016910411521665,3.5096279858328616,59.37485792942379,-97.26402538306971
437430000,0.48922244280765137,-0.4531488552299637,5.003214819250827,3.519499774781692,59.5530603843868,-97.19268828686825
437440000,0.4895112315324128,-0.45294049634719374,5.004483087881572,3.518583241756831,59.60483526032201,-97.24889468947202
437450000,0.48949086886676085,-0.45364544408253615,5.01285988773336,3.5125417547227906,59.4541312515455,-97.26244830930632
437460000,0.48997696208036495,-0.45392466103982926,5.022752332443402,3.5054341833069262,59.40683390340991,-97.37297396921042
437470000,0.4894607504039298,-0.4538996334308055,5.015585808258522,3.5105803079246325,59.399266715762465,-97.26242810747792
437480000,0.4901687069551355,-0.4535198482309754,5.020317271892528,3.507181031091701,59.49791969459148,-97.4037502188566
437490000,0.48970467864695905,-0.4532432900343444,5.010756500892337,3.514056774140366,59.54520973678533,-97.29783752858033
437500000,0.4897882554472779,-0.4530514487895345,5.009511326955585,3.5149542676307743,59.58823545780729,-97.31079179287256
437510000,0.4890366137849758,-0.4536259024565705,5.006604580085129,3.517051195301934,59.446802225330124,-97.16528770920247
437520000,0.4885879874154169,-0.45349782019878804,4.999109773090742,3.5224696683669525,59.462597309441534,-97.06664695311446
437530000,0.48885385842422585,-0.4536174818471636,5.004085434303734,3.518870559901055,59.44394900692171,-97.12621208267413
437540000,0.4891299893464249,-0.4538374745924872,5.010437700021848,3.5142865144217588,59.40416893921938,-97.19049994291868
437550000,0.4892156831947212,-0.4536226444446341,5.0089340584727795,3.5153705074963844,59.45203363398521,-97.20329952068391
437560000,0.4888873764566696,-0.45295370933095114,4.9964036676942385,3.5244302450663687,59.58600820723975,-97.11634309504235
437570000,0.4886991302519959,-0.45310820264889873,4.9958096193599735,3.524860929989421,59.54828491045941,-97.08026998567703
437580000,0.48845260853803324,-0.45277667476630495,4.988517519966013,3.5301564077679752,59.61241628614086,-97.01925215042132
437590000,0.4883189029576347,-0.45297673905214597,4.98919884160408,3.529660953171187,59.566403094906654,-96.99602402840866
437600000,0.48866921896959614,-0.4538297219157491,5.0042490535854425,3.5187523336835556,59.39415130582544,-97.09236976950183
437610000,0.48815453307755424,-0.45412125682936516,5.001033148333157,3.5210775243381063,59.31919269962318,-96.9905418579129
437620000,0.48862211825106283,-0.4533657918070478,4.997944089404085,3.52331393648491,59.49153279730756,-97.07051719375983
437630000,0.4879676378695944,-0.4526629768722863,4.980764862044972,3.53580405908257,59.62391110837518,-96.91318285476257
437640000,0.48800184937954855,-0.45250804725073895,4.9793295917281055,3.536851634205485,59.65773547847255,-96.91638082514514
437650000,0.4885072400448458,-0.4528138095540255,4.989688846163221,3.5293047108015196,59.605938335213644,-97.03183773639955
437660000,0.48863458427086803,-0.4529381563956279,4.992882199170085,3.526984868476948,59.58278955149071,-97.06214997228774
437670000,0.4885603544171161,-0.45231914996559724,4.984362370119244,3.5331810723429893,59.71259173104792,-97.03022958995064
437680000,0.4880451682113515,-0.45260433333587907,4.981068274049864,3.5355826852706738,59.63840893872525,-96.92811924901245
437690000,0.48728217171532595,-0.45260940160695445,4.971143423763878,3.542838605905618,59.61719812051111,-96.76623614423774
437700000,0.4875088920561418,-0.4530038164538334,4.978900376955105,3.537165031736247,59.53951038432838,-96.82473605380288
437710000,0.4870824554881865,-0.4522951430080643,4.964729016745238,3.5475441750573484,59.6785474861134,-96.7154952115425
437720000,0.4877077225677125,-0.45250630377815093,4.975456004489037,3.539682031740754,59.65034896276706,-96.85383969834356
437730000,0.4870423712136228,-0.4527920062774287,4.9702279404999015,3.543509424353091,59.57211777422767,-96.72022844545882
437740000,0.4873630285966462,-0.45279637664510963,4.9744699889544,3.5404032384437545,59.5796740363354,-96.78833585056611
437750000,0.48797538598515416,-0.45272284956605763,4.981594834420307,3.53519856586181,59.61139314694124,-96.91639989977098
437760000,0.4873559619489044,-0.452705173204758,4.973269978763523,3.541281370484332,59.59883475836684,-96.78442698943638
437770000,0.48715838634797437,-0.45249533047927515,4.968144086266523,3.5450373249311435,59.638106958080094,-96.73694591168757
437780000,0.48701205945793863,-0.4524341026808203,4.965493811805688,3.5469824608284917,59.647191009389594,-96.70427812276839
437790000,0.4872399891426217,-0.4524148186696876,4.96823325201169,3.5449719204522863,59.657361232776246,-96.7521143370165
437800000,0.4871030385376561,-0.4523450894971656,4.965602046260249,3.546902981114984,59.66850175496623,-96.72119737252996
437810000,0.4863438942265915,-0.4526093807355481,4.958918004825842,3.551818051795088,59.59216253676385,-96.5674120519762
437820000,0.4862412343369136,-0.45215177118681393,4.952057634506601,3.5568771685113,59.686274389980056,-96.53332761398711
437830000,0.48697407208997856,-0.4527938272997861,4.969358720127216,3.544146582160081,59.56992026216927,-96.70580150705649
437840000,0.48613026508263896,-0.4522468538117466,4.951765381265021,3.5570930125025986,59.66313392508224,-96.51241146694566
437850000,0.4860481420759933,-0.4522341217791062,4.950547099117897,3.5579930624986886,59.66360066737825,-96.49468403377062
437860000,0.4862561545268623,-0.45171683380277344,4.9470105288419965,3.5606084498969253,59.7788210930348,-96.5246433990413
437870000,0.4857048079505739,-0.45181016475379,4.940999403845346,3.5650627925424234,59.743940976592995,-96.41044446824128
437880000,0.48566868197483043,-0.45139010497027887,4.935489734968862,3.569155485721306,59.83185907249288,-96.39120282655492
437890000,0.48606681955834347,-0.45124817784657434,4.93892865301817,3.5665998712107303,59.87295095921936,-96.47162472048689
437900000,0.48614151227757446,-0.45176019235655723,4.946047409628999,3.56132137764726,59.76649808646226,-96.5015378253949
437910000,0.4856296215454969,-0.4522461794563967,4.945273597322147,3.561894384896249,59.64965856350142,-96.40648303473037
437920000,0.4854683370601838,-0.4525401594658412,4.946730197708123,3.560815928971999,59.58313945024415,-96.38040760842648
437930000,0.4851062161460787,-0.4523716305615176,4.9400224711880005,3.5657877835132474,59.60884199805995,-96.29933810327259
437940000,0.4856320819857522,-0.45192076720878355,4.941389346130053,3.5647734961487525,59.718542781907274,-96.39809617686115
437950000,0.4855056483968194,-0.4521836603656948,4.942918151598656,3.5636397414534198,59.65948725226367,-96.37856700475251
437960000,0.48522840828874025,-0.45177457982556557,4.934424327997287,3.5699479911924445,59.73832804038246,-96.3087082494095
437970000,0.48568173712533064,-0.4516363053455744,4.9386126582251455,3.5668345462946376,59.78010015824871,-96.40077441313906
437980000,0.4854040773203702,-0.4514868625953605,4.933237630285305,3.570831139308603,59.8040404564517,-96.33788287289094
437990000,0.48590970575766895,-0.451370975331438,4.938372012222924,3.5670132842350593,59.84258250892112,-96.44172269979647
438000000,0.48502983491529333,-0.45115915400603274,4.924498632848351,3.577348429328395,59.862914414105695,-96.24957499344087
438010000,0.4856625975479711,-0.4509039526883263,4.929588792346915,3.5735494060409727,59.9346660947186,-96.37637714710671
438020000,0.4850385987944967,-0.45120340660215397,4.92514027232946,3.576869092740986,59.85380167373031,-96.25266947649204
438030000,0.4855002304858466,-0.4509191111087474,4.927679075429377,3.5749737573430878,59.92690896972192,-96.34240288652965
438040000,0.48524240360121873,-0.4507259852356555,4.9220564238119,3.579174073158397,59.96056002026206,-96.28237076816531
438050000,0.4850622452404666,-0.45111638286453487,4.924403914730237,3.5774191995067794,59.87287012475864,-96.25522946704909
438060000,0.48489860793924744,-0.45097723062253386,4.920640385200794,3.580233481437438,59.897696797179606,-96.21670552103954
438070000,0.4851943703123866,-0.45131678291217814,4.928499752258328,3.5743615192224465,59.83418106697624,-96.28878628040782
438080000,0.4856177554814816,-0.45127036837407003,4.93339753462261,3.5707121116368965,59.85579898967665,-96.37709583950155
438090000,0.48434666283789546,-0.4511557209991308,4.91569465867178,3.583938618409539,59.84438977044255,-96.10511809606398
438100000,0.48467442066941363,-0.4506326859338628,4.913658860728912,3.585466015896104,59.96421100837137,-96.15953438148935
438110000,0.4846343222711921,-0.4505985125484803,4.912738632684378,3.5861568684850247,59.97029629264835,-96.15008153503415
438120000,0.4842002781173417,-0.4508242176249221,4.909872799476567,3.5883100967450963,59.91022872924051,-96.06479176642226
438130000,0.4843188733577747,-0.45059690235081773,4.908684553029501,3.5892036485410834,59.961633474679005,-96.08335240762561
438140000,0.48400460123075706,-0.45038388961702763,4.9021425098483835,3.594131306793825,59.997614402030926,-96.01084339346183
438150000,0.4839336080126341,-0.45075732231683435,4.905671636744734,3.5914713618065464,59.916729400730524,-96.00658247032352
438160000,0.4838677365514388,-0.4511376143760937,4.9093547949270135,3.5886995765281577,59.83461718040435,-96.00354536956289
438170000,0.4835899543653655,-0.45048055965572703,4.898006896346171,3.5972534577430255,59.965241265726675,-95.9261033878293
438180000,0.48420705760437016,-0.4502900263942582,4.903611250448853,3.5930238141827586,60.02327806392897,-96.05091638766314
438190000,0.4836372650165007,-0.4503482838472608,4.897041194862042,3.5979832994584466,59.99452097760143,-95.93225924106872
438200000,0.48287598904643614,-0.4503216641910559,4.887058760200687,3.605545295536449,59.97798471316967,-95.7709718585477
438210000,0.4824947613980992,-0.450047022800786,4.8789926900265135,3.611679180271784,60.02462919837304,-95.68261944412778
438220000,0.4828105432258704,-0.4495915983491029,4.87761929643935,3.6127256943296238,60.12992771094348,-95.73569139337289
438230000,0.48275408193238273,-0.45054078032043543,4.888104444426851,3.6047516466572755,59.92828307848762,-95.75169703126215
438240000,0.4827174319165852,-0.44969763134620366,4.877690680190473,3.612671285371061,60.10481525230289,-95.71920198708024
438250000,0.48281554626961454,-0.45001444443631294,4.882665576991106,3.6088834913192605,60.04094071805402,-95.74922920691601
438260000,0.48293446188580164,-0.44980468902506954,4.881697033775193,3.609620290425479,60.08865724115282,-95.76811948470572
438270000,0.48306894542460876,-0.4500069619230612,4.885786742564695,3.6065112039622083,60.049960301131584,-95.80242443655133
438280000,0.4832576582120886,-0.4497092160917527,4.884664919749535,3.60736349746398,60.11831629698981,-95.83348933226794
438290000,0.483494439587608,-0.4503588050499018,4.895349041362513,3.599262891495205,59.988161965753534,-95.90242775505152
438300000,0.4831422953181669,-0.44981781171126045,4.8844839175804875,3.6075010503088007,60.092008367467116,-95.81234030599612
438310000,0.48288828867139777,-0.4495259781492589,4.877829787600261,3.612565261966052,60.14607104409336,-95.75014303617294
438320000,0.4820164015942325,-0.44886258133287743,4.859057715641628,3.626930044793688,60.25980219199103,-95.5464605085428
438330000,0.48234368074445083,-0.44965731034357515,4.872497371511363,3.616633988240809,60.10221663423927,-95.63925862204559
438340000,0.48163198158367704,-0.449412325605236,4.860665619987533,3.6256951060370044,60.132467405885414,-95.4821411489364
438350000,0.481792522671412,-0.44952873785779607,4.864047321314357,3.6231005979316624,60.11280854880523,-95.51940875900372
438360000,0.4814200996884793,-0.44977152865042874,4.86221628552501,3.62450493697326,60.050593237327085,-95.44840345625619
438370000,0.4811965273840519,-0.44992401992101916,4.861199025942985,3.625285616066975,60.011861825695206,-95.40602891887997
438380000,0.4816138138923723,-0.45006025244491177,4.868041208779178,3.620041255789994,59.995728735876,-95.49773271244574
438390000,0.4815624119647567,-0.44975341794943147,4.863791261971592,3.623296919899576,60.058666404749005,-95.47776344319999
438400000,0.48148250240804324,-0.4495008876451532,4.859826814158057,3.6263392380397863,60.109343267443094,-95.45337961900306
438410000,0.4817483012393535,-0.4498680013653049,4.867473783544871,3.6204755875186656,60.04014146053813,-95.52026289000324
438420000,0.48120562270470146,-0.44900700230280705,4.850580562828461,3.6334549948276273,60.20477617425476,-95.38020910602181
438430000,0.48137368727499624,-0.44899680165735883,4.85256536719766,3.6319251362860254,60.21203893880862,-95.4152378572049
438440000,0.4809137809708094,-0.4486950260221517,4.843295125535244,3.639081730996459,60.26142208384292,-95.3093144019052
438450000,0.4806090097202262,-0.4485472902761978,4.837775532802776,3.6433564450911105,60.283069880245236,-95.24072054364807
438460000,0.4812363300559553,-0.4481970229842808,4.8415264263249576,3.64045041256964,60.376113928768824,-95.36181605929343
438470000,0.4807994828158158,-0.4482626722919031,4.83684089833061,3.644081292838595,60.348783577319416,-95.27194017216758
438480000,0.4809872877415418,-0.44919726889894945,4.850071149590232,3.6338478540825307,60.158142509250546,-95.34012480506482
438490000,0.48057061159552983,-0.44948662152271834,4.848243442551848,3.635258090561292,60.084723711477366,-95.26147662596907
438500000,0.4813884244940863,-0.44977993783792897,4.861917247263148,3.6247343935577794,60.04787610288016,-95.44200170322873
438510000,0.48089211341373744,-0.4490746523180583,4.8474499903911425,3.6358706543349237,60.180994885577704,-95.31639423874623
438520000,0.4803605010609204,-0.44897007096819586,4.839598686927643,3.64194335520743,60.18664829346766,-95.20159149769626
438530000,0.4801760633036068,-0.44834635969792636,4.830056612240349,3.6493515722902092,60.31182450691811,-95.14356969328917
438540000,0.4801096620789419,-0.4487443533224116,4.833851797164833,3.6464014304040946,60.22625191016547,-95.14200308160204
438550000,0.48081879487996815,-0.44883103741086217,4.843693864705641,3.638773316841803,60.2299240894611,-95.29353276830417
438560000,0.48029652775978027,-0.4488258573841243,4.837123870609728,3.643861805229482,60.21493316369844,-95.18372401958072
438570000,0.47986885215876396,-0.44916321663897146,4.835728636120964,3.644944279691189,60.13101038431892,-95.10447332606162
438580000,0.4797990771723108,-0.4488933222347349,4.831723706833649,3.6480550798175813,60.18539718920861,-95.08150953896184
438590000,0.47962327172104846,-0.4486450364635307,4.826660690709093,3.651995460713489,60.23195276141484,-95.03695261249355
438600000,0.4801174505725719,-0.44850429700183486,4.831160874242875,3.6484926878357733,60.27685379510468,-95.13618574314496
438610000,0.47974474320809757,-0.4483818592691356,4.825116106236359,3.6531992806216804,60.29090864101225,-95.05419124812417
438620000,0.4805767862537246,-0.44825468912376487,4.833975204522398,3.646305582403021,60.34354914677534,-95.22488023371544
438630000,0.4801406258959663,-0.44844282711133,4.830735476057286,3.6488235099085378,60.290473853125555,-95.13913639315497
438640000,0.4800379611876464,-0.4482007584603258,4.826654391113451,3.652000368864151,60.338073579668595,-95.11003606804796
438650000,0.48033676598163094,-0.44817712989930664,4.830090740266952,3.649325021692161,60.352370216745555,-95.17203704962995
438660000,0.48023193910631135,-0.4480512565886479,4.827330084528657,3.651473997844086,60.3755331820568,-95.1460854555618
438670000,0.4803751363348301,-0.44736953875614055,4.821222681486339,3.656237318621502,60.523325067491356,-95.15474030338022
438680000,0.48011816514744826,-0.44750846453648674,4.819642087285457,3.657472119510759,60.48599213659602,-95.10510538969208
438690000,0.47954361403313095,-0.44760706682875295,4.813672210114722,3.662143586327562,60.44707894232115,-94.9875808581646
438700000,0.47943117847647493,-0.4479430755319607,4.816160177363345,3.6601952652357603,60.373042301501584,-94.97464692498785
438710000,0.4789748545072568,-0.4483051797582963,4.814706447611069,3.661333421899253,60.28277072691916,-94.89050150970702
438720000,0.4782950133210289,-0.4482710709162595,4.80593717645806,3.668214339507116,60.268352160941205,-94.74724906506012
438730000,0.47898409293612293,-0.44948411075356837,4.828481712850366,3.6505772241451,60.03653940168931,-94.9293013760221
438740000,0.4800115431750925,-0.4487365564053374,4.832541726150394,3.647419251412613,60.22484572482745,-95.12118404105968
438750000,0.4785542052015777,-0.4485934353233944,4.8128483462103935,3.6627892161223436,60.20920345324119,-94.8116288874403
438760000,0.478192035340224,-0.4482436917586376,4.8043556924266975,3.6694580651052764,60.27079319960733,-94.72486198859178
438770000,0.4786185159082377,-0.448094617809132,4.807883976834217,3.666684492750156,60.31553432171576,-94.80926864215127
438780000,0.47859379356962145,-0.4478790823820342,4.805096746884696,3.668875171518045,60.35983809439212,-94.79722797305467
438790000,0.47818766240449423,-0.4471196439483937,4.791390157330908,3.679686907921764,60.50567896362077,-94.68779534835431
438800000,0.47825858431326745,-0.44770217079651053,4.798942627437439,3.6737215448053506,60.386107707987485,-94.72144353653643
438810000,0.47779099375928386,-0.44830344521018517,4.800119647954184,3.672793635669746,60.24551657095855,-94.64303431594816
438820000,0.47744616649335214,-0.44778079828087775,4.789892756748775,3.6808719749873036,60.34348998882385,-94.55426955865018
438830000,0.4773592816098121,-0.44765455892245626,4.787384128551321,3.6828590810531088,60.367016977992,-94.53204958283598
438840000,0.4776915820221383,-0.44776044589496816,4.792661556114709,3.6786813101073204,60.35566945766163,-94.60483894688959
438850000,0.47719458608312704,-0.44726301944679014,4.780894556212239,3.688009644429624,60.44336034842611,-94.4849259635655
438860000,0.47748395043260133,-0.44745636958039803,4.786637441750906,3.6834509587101594,60.412433740506415,-94.55163491909275
438870000,0.4768426220557332,-0.4475904828880661,4.780348437543074,3.688443748236483,60.363564335481,-94.42222003687108
438880000,0.476694640477051,-0.44735831930860137,4.775894944858191,3.6919876569317047,60.4071070785394,-94.38377987836023
438890000,0.47669734339951136,-0.4466386458100431,4.767728088183428,3.6985045030623698,60.55726902512696,-94.36059285962591
438900000,0.47629741513701584,-0.44649454152020907,4.761242570816351,3.7036963634487305,60.574009625085985,-94.27238504946614
438910000,0.476779408111196,-0.44644206972118217,4.766489375675333,3.699494989511927,60.60102092640441,-94.37118771914363
438920000,0.4765123740001956,-0.44696199036451056,4.769162235665369,3.697358417187375,60.483708275419104,-94.33273242957554
438930000,0.47631221195809237,-0.4469772706888877,4.766907849564786,3.699160313532767,60.47389706955349,-94.29152659668779
438940000,0.4769386927726431,-0.44664559185234787,4.770738480300957,3.696099607057473,60.56381991804701,-94.41119444778101
438950000,0.4765160526452193,-0.44688870285373944,4.768372653852917,3.6979893150710414,60.499107349084404,-94.33107356826281
438960000,0.4765844766500435,-0.44682132550467657,4.76843631070309,3.6979384433734075,60.51542189255675,-94.3431080964039
438970000,0.47598011756995506,-0.44656381399173756,4.758189578940112,3.7061455049425156,60.54896820841333,-94.20857973378665
438980000,0.47565470304280705,-0.4466161734725154,4.754851931476036,3.7088267651152935,60.527166811538834,-94.14258236430382
438990000,0.4756274712792841,-0.4467229130302317,4.755733320728237,3.7081183287233124,60.504043656296766,-94.14049283663509
439000000,0.4756787738631755,-0.44663038069829625,4.755303581282007,3.708463707123047,60.52501715787199,-94.14806807196535
439010000,0.4759521147463831,-0.4473202854512266,4.766447728108799,3.6995283006645097,60.39056553654889,-94.22791442624292
439020000,0.47604212605287116,-0.447016625832114,4.76408265948168,3.701420963353741,60.45674262621699,-94.23658435975744
439030000,0.4754133320143427,-0.4471342722488965,4.75781596703799,3.706445446084402,60.4113517486883,-94.10971041588968
439040000,0.4752480137756634,-0.44671621790638594,4.751080490820785,3.711861251402468,60.49270552275273,-94.06135624661883
439050000,0.47497666558085316,-0.4472617226951939,4.7539952008430735,3.7095156450088225,60.3703083258246,-94.02327668125785
439060000,0.47556284134580085,-0.4467378545139843,4.755122532258398,3.708609234433076,60.49877056655543,-94.12754774282757
439070000,0.4751743545594658,-0.44700085099852854,4.753418581343963,3.7099794394480456,60.43108831867506,-94.05559900508807
439080000,0.47517116330988424,-0.4466800592049216,4.749745222149994,3.712936811956838,60.497636337503465,-94.04416695644098
439090000,0.47454171766663034,-0.446543116080788,4.74062973608712,3.7202962865642553,60.504809483268296,-93.90880994291015
439100000,0.47498088485244755,-0.44732917536963185,4.754811695061481,3.7088591125952237,60.35645023234733,-94.02640485819629
439110000,0.47513083760034586,-0.4470257395702823,4.753176262618666,3.7101743796772357,60.42446130256907,-94.04739317270943
439120000,0.4751598533242511,-0.4465573541154904,4.748220268920593,3.71416593791933,60.522759532595046,-94.03768248108135
439130000,0.4747975277431794,-0.44624726330643416,4.740360637431279,3.720513996061104,60.57493425313694,-93.95188409665838
439140000,0.47529003899334016,-0.446239838038552,4.746197140174883,3.7157978734375128,60.593185366275996,-94.05402754568284
439150000,0.4745631647415734,-0.4460340953573972,4.735146406133264,3.7247375903444224,60.61122945074942,-93.89592878498763
439160000,0.47491563629279987,-0.4462261111087988,4.741540282588134,3.719559816866376,60.58334384345534,-93.97570921420215
439170000,0.4743666616424295,-0.44631730711458223,4.735983053546342,3.7240592395667145,60.54571942948086,-93.86479929712291
439180000,0.47449430073515986,-0.44624743546681367,4.736725019399688,3.723457866108994,60.564574737130954,-93.88891119344072
439190000,0.47477291779857017,-0.4454144677067914,4.7306889343924,3.7283559263320387,60.74722960008757,-93.91826886681156
439200000,0.4744431295623077,-0.4459545521065144,4.732812985058369,3.7266308463589084,60.62364253414261,-93.86827522132724
439210000,0.4741333213131919,-0.4465055031800446,4.735310032440316,3.7246049029746535,60.49872728472023,-93.82281066034818
439220000,0.47399313479968214,-0.4463948488023138,4.732385331996978,3.726978040957023,60.51688526399529,-93.78997034332629
439230000,0.4736973659021176,-0.4460676841714043,4.725171472962538,3.732844602585442,60.57455377239006,-93.71743923357062
439240000,0.4739934710063399,-0.4458838188512799,4.726640409906517,3.7316484918976505,60.62287808346639,-93.77250777959459
439250000,0.47342602277198637,-0.44589723135901954,4.720023547941735,3.737042553679829,60.60050543344439,-93.65532915107647
439260000,0.4737392784378326,-0.4460073484803733,4.724993720918366,3.732989393477255,60.58850365239495,-93.72404830062958
439270000,0.4739589561526787,-0.446568717378488,4.733935758392368,3.725719623604102,60.47968063006139,-93.78882095304918
439280000,0.4733913659699406,-0.44602699491939596,4.721066668009611,3.736191151769423,60.572428029364474,-93.6526380463095
439290000,0.4736612880701215,-0.4460764232364996,4.72483923379146,3.7331152428064556,60.57150008972071,-93.71026328477242
439300000,0.4733887047832833,-0.44608491976612685,4.721685130628433,3.735686544227929,60.560339976939446,-93.654087627635
439310000,0.4722811750245218,-0.4457117807474147,4.70435798427396,3.749876454395707,60.598990534348495,-93.41200405769408
439320000,0.4729168805317724,-0.44634152835899404,4.71894954103381,3.7379195774191465,60.49094837203371,-93.56531625593261
439330000,0.4731990982443827,-0.44554863437831593,4.713418898931999,3.7424424731167303,60.66483836022535,-93.59620957514758
439340000,0.47303414373205405,-0.4456247840090193,4.712311321356173,3.74334957344155,60.64331568011698,-93.56470265679525
439350000,0.4726828392066618,-0.44497278246485644,4.700868814775308,3.7527471301272266,60.76598478483743,-93.46907727792599
439360000,0.4723522214082032,-0.44545561694944447,4.702339502302807,3.7515365941901946,60.65443047874249,-93.417691871363
439370000,0.47287758432378835,-0.44521679147959364,4.705895368102643,3.7486130037802177,60.72231737479048,-93.51800155102781
439380000,0.4725164171299568,-0.44525637126431544,4.70205996460437,3.751766623098058,60.7014175934687,-93.44463617861503
439390000,0.4727715093269785,-0.4456891237138588,4.70991384300081,3.745314626032717,60.6208335702015,-93.51259131588986
439400000,0.4726364579745826,-0.44552046458884936,4.706428069496903,3.748175421531373,60.65100043560398,-93.47875079107246
439410000,0.47269186098058624,-0.44486734558063673,4.699801448256419,3.753626185912287,60.78813786547199,-93.46721805904006
439420000,0.4723898424142996,-0.44481890717324934,4.6956929450038984,3.7570137509162533,60.78746304281122,-93.40297477346304
439430000,0.47226280817952376,-0.444645209651171,4.692263396930458,3.7598462588798185,60.81889224291516,-93.3705077799856
439440000,0.4725075197828947,-0.4454120246045348,4.7036907041402065,3.750425106813731,60.66890562574297,-93.44827303555542
439450000,0.47220362469112953,-0.4447263869957053,4.692466961127088,3.7596780115042967,60.79998747495062,-93.36115292581857
439460000,0.4723575088117775,-0.4452180138124733,4.699753217648863,3.753665917283906,60.70374828240291,-93.41041283634127
439470000,0.4718559774811584,-0.444940293764279,4.6907451940267615,3.76110154777517,60.74338275398854,-93.29688712561693
439480000,0.47161710339297086,-0.4446091034240046,4.684259443432855,3.7664737319048354,60.803283184709514,-93.23569841025474
439490000,0.4719203361122698,-0.4449231905448699,4.691313488149717,3.760631568024041,60.7492079847313,-93.30957871795624
439500000,0.47065703881773024,-0.443667488324408,4.662621340190998,3.7845099963046436,60.96294294676878,-93.003315061227
439510000,0.47102037928465224,-0.44366130470737236,4.6667960679163585,3.781016538403359,60.97751016456676,-93.07811685864976
439520000,0.47130056342549714,-0.44410497467110327,4.674967162614267,3.7741978011368027,60.89603790743087,-93.152136543019
439530000,0.4708633344281368,-0.44388733407589204,4.667449896877612,3.7804700004245224,60.925101078425506,-93.05393219460046
439540000,0.47092763679989236,-0.44364565468712214,4.665540126280673,3.7820668349583455,60.97735390135871,-93.05838719152871
439550000,0.4706534179997614,-0.4433671782478555,4.659279035205954,3.7873116037858736,61.02480690646317,-92.99154283310251
439560000,0.47085019636916575,-0.4434429269364755,4.6624062968823194,3.784690124496524,61.016392551226,-93.03496611554962
439570000,0.4706279608267463,-0.4433088172613657,4.6583416313078585,3.7880981170077455,61.03592075658934,-92.98413792501137
439580000,0.4708408372238416,-0.44393630671158013,4.667726546251141,3.780238796535081,60.91417191685105,-93.05107292183244
439590000,0.47067667992242435,-0.44422569633960285,4.668998374384697,3.7791762624137393,60.84849052694908,-93.02773186964659
439600000,0.47051419136905637,-0.44367764237587104,4.661067063514545,3.7858123077842016,60.95561213097961,-92.97420931059807
439610000,0.4698171890539764,-0.44346887648026867,4.650666754195676,3.794550097826427,60.9729828329586,-92.82282073382143
439620000,0.46841110480564513,-0.4447241834840019,4.648143638442202,3.7966760657240877,60.663224436705484,-92.58021108835857
439630000,0.4697755586813668,-0.4423219249165592,4.6376523755377494,3.8055419790076424,61.20790580462942,-92.77145889222224
439640000,0.4686699937489452,-0.4434147106714378,4.636795483970628,3.8062679760461062,60.941478728414374,-92.5848025013996
439650000,0.4694141907235542,-0.44374082446109164,4.648971505742722,3.795978241128937,60.90209477314099,-92.74991171777718
439660000,0.4696476005819967,-0.4429175482612529,4.642668345173328,3.801297861741502,61.08028467091929,-92.7673890051142
439670000,0.4690411872194001,-0.44280070063520643,4.634382242996648,3.808314095381313,61.08163817379094,-92.63812187892988
439680000,0.4685097573260739,-0.4429808248457486,4.6302171913795425,3.811850788312995,61.0246129518527,-92.53561152159315
439690000,0.4692346131045572,-0.44254431398776106,4.633822401821869,3.8087890884361597,61.14170253464258,-92.66830452399932
439700000,0.46945137830624944,-0.44249491724967055,4.635788267688675,3.8071216948266526,61.160037939489925,-92.71111030780806
439710000,0.4691519537588554,-0.44255167765109815,4.632948436674042,3.8095308383194015,61.13707285553655,-92.6515570504852
439720000,0.46925910618413,-0.4426470456456953,4.635224177307487,3.807599989090792,61.121463560603935,-92.67721429807851
439730000,0.4694859517337031,-0.44339029586626366,4.645964277194412,3.798514336264457,60.97689028722115,-92.7516931541639
439740000,0.46914970782644283,-0.44305868727438563,4.638449050969611,3.8048672521401605,61.03261336051295,-92.67012686143481
439750000,0.4693729090081903,-0.4429660776504162,4.640018852663347,3.8035384539681405,61.060024863580274,-92.7126119882507
439760000,0.4689145736842836,-0.4435687329536906,4.641303311061477,3.802451893007052,60.918950465833035,-92.64079916483061
439770000,0.46815667458583343,-0.4430369660580117,4.626765251722631,3.814787014418233,60.99978105808183,-92.46521274809669
439780000,0.4687651837782502,-0.44281839261859574,4.6313914236876945,3.810853030678023,61.06761800542762,-92.58200437037925
439790000,0.46850257761556885,-0.44308744896133256,4.631295850344916,3.810934220520838,61.00243626758897,-92.53814645732064
439800000,0.46855100718099246,-0.442768612924976,4.628382437448234,3.8134108613196016,61.069780636294766,-92.53609165642341
439810000,0.4682988739008634,-0.44237997921643096,4.621261052076739,3.8194784154594332,61.14011482291735,-92.4695459010685
439820000,0.46760019781390555,-0.44241961189479684,4.613680095560671,3.825959128954661,61.10535123712293,-92.32758196364122
439830000,0.4674684642974499,-0.44256783272573613,4.613777928733628,3.825875352222732,61.06992070101938,-92.30622186687927
439840000,0.46776085792155,-0.44270568393757453,4.618621346384675,3.8217324811231834,61.05278148800841,-92.37144301305867
439850000,0.4679004194210233,-0.4424984590120962,4.617973714256433,3.82228591237547,61.100618531278315,-92.39220305697
439860000,0.4684289342826243,-0.4422939424415513,4.621821696524362,3.8190000244961677,61.16274770222092,-92.49301383155333
439870000,0.46756256673321644,-0.44234710145661604,4.612464425623134,3.8270004453528506,61.11878922126176,-92.3170897805097
439880000,0.4677513202101677,-0.4418631850965642,4.609390545435259,3.82963603546372,61.22536809456838,-92.33728006466839
439890000,0.46732372954448637,-0.4419951372463853,4.605929906418534,3.832607656001681,61.181829493387816,-92.25458446686751
439900000,0.46784494765668816,-0.4413468965307116,4.604889499282999,3.8335019609768626,61.33507961586448,-92.33660687254215
439910000,0.4672682965816483,-0.4415494540224395,4.600491209743373,3.8372872990373974,61.271138393814844,-92.22599310494076
439920000,0.46773363155754305,-0.44171258777337197,4.6075619563736385,3.831205645267899,61.255623297298726,-92.32784970952396
439930000,0.4672131002925098,-0.44159412047131896,4.600343224923284,3.8374147926007973,61.259832913567564,-92.21639662354117
439940000,0.46685667007448334,-0.442188486991813,4.602690081041433,3.8353939162571207,61.1242026549681,-92.16629053023473
439950000,0.46589487796423346,-0.44139936416513037,4.583281006703427,3.8521723775268075,61.24833430235969,-91.93872516767046
439960000,0.46665344102176676,-0.4413985734227314,4.591872000905703,3.844727398108922,61.278175032860375,-92.09401820588884
439970000,0.46644543768528746,-0.44183284683437524,4.594178614463653,3.8427334579835297,61.181119360862276,-92.06831681530483
439980000,0.46607468475268254,-0.44203689081044495,4.592165187067982,3.8444738381989274,61.1249698251853,-92.00038797594027
439990000,0.46640130797133605,-0.4418156577925813,4.593492422079206,3.843326413768456,61.18292345866258,-92.05861482987382
440000000,0.46701564591553696,-0.44153849167292203,4.597495196341528,3.8398701368699695,61.26358574680659,-92.17372977702932
440010000,0.4661654440723908,-0.44129906156087095,4.585268689399993,3.850447241707786,61.279473012418975,-91.99016149495576
440020000,0.4662789560339226,-0.4414788402172785,4.5884840938685265,3.847659872487787,61.24710927997511,-92.02043902464118
440030000,0.4664894593963979,-0.44105607537898234,4.586335474678297,3.8495220122227023,61.34195948347835,-92.04700551788325
440040000,0.46645402274078235,-0.44042211130965087,4.579149178782812,3.855763477217212,61.470561039371105,-92.01475024518697
440050000,0.4665490861423008,-0.44077476918096836,4.583997645360068,3.851550216381458,61.40197971417194,-92.04817279198733
440060000,0.4664390994367087,-0.44091032161970006,4.584202885195727,3.8513720718058497,61.36985771039168,-92.03095603517573
440070000,0.4657682961007977,-0.44105643622135626,4.578177608983533,3.856608887072019,61.31350921666816,-91.89933753474875
440080000,0.4658571589493631,-0.4407465407044041,4.575868338946399,3.8586198075243976,61.38044466692077,-91.90527685909738
440090000,0.4660683593096497,-0.44086667720954703,4.579539195012351,3.8554242111944728,61.364192943862854,-91.95327259460356
440100000,0.4652930159862237,-0.440655567818082,4.568536915589323,3.8650181860323665,61.37666318754482,-91.78624597378806
440110000,0.46548699215294875,-0.44026137098601714,4.566520825465672,3.866781478264629,61.46503711901006,-91.8102073075552
440120000,0.4659404100810193,-0.4399779672273251,4.5686113993829345,3.864953073084603,61.54120781153347,-91.89175665293106
440130000,0.46609836665561083,-0.44086891828258107,4.579902519271099,3.8551082184834606,61.36491805737776,-91.9595069433222
440140000,0.46550796788870213,-0.4406464398407912,4.5708606114171335,3.8629878854628092,61.38707907299111,-91.829843831157
440150000,0.46538150857750415,-0.44031787572430264,4.5659352698553555,3.867293917464425,61.449259740611176,-91.79087907988334
440160000,0.4646942832266124,-0.4401698222965156,4.556643784125176,3.8754437218343596,61.45197609423436,-91.6444472285776
440170000,0.46525425047559293,-0.4399961332729429,4.561082688344688,3.871545891742587,61.50999479335488,-91.75195235118508
440180000,0.46500664829509336,-0.44037717088330225,4.562352079880875,3.870432695997464,61.422143011219,-91.7165941533051
440190000,0.46460680283553907,-0.43962783901850944,4.549918731342799,3.8813642576222422,61.55918834549825,-91.60468447253147
440200000,0.4650673711223318,-0.4403788029368843,4.563051603972305,3.8698195248365015,61.42423957544799,-91.72907127639392
440210000,0.46499105643704247,-0.43941915826509925,4.552011165100248,3.8795201716001753,61.61744547846545,-91.6748112904701
440220000,0.46443033506890047,-0.4404923000960358,4.557111165841881,3.8750329352070834,61.375532303286214,-91.60351605240076
440230000,0.46507734265828826,-0.4402139750009085,4.561410663621587,3.8712582107327136,61.458336894128415,-91.72450794098883
440240000,0.46439092556660144,-0.43963676183982764,4.547599512345149,3.8834102956453718,61.54860731824223,-91.56093660476733
440250000,0.4648001225838192,-0.43988181627757705,4.554773977638691,3.8770880000691625,61.51509379940477,-91.6544716707805
440260000,0.46443773132156757,-0.44004648495360144,4.552462118026188,3.879122974878491,61.46682672603136,-91.58708176130624
440270000,0.4644708083738692,-0.43954005159290194,4.547469269372039,3.8835252623244787,61.571609819381166,-91.57332952738527
440280000,0.4643114223684543,-0.43977819029750587,4.548207627459666,3.8828735983689966,61.516498058298616,-91.55043760915517
440290000,0.4641937351893612,-0.43980212712308414,4.547146199473678,3.8838104689916437,61.50683850013134,-91.52738215642124
440300000,0.4641794170501418,-0.43993443092733436,4.548386702449859,3.8827155829231277,61.479255470694746,-91.52982243739692
440310000,0.46450779394915614,-0.4406603060511317,4.5597654570212995,3.872701729078005,61.34435600959437,-91.62605438854025
440320000,0.4634332579234924,-0.43970882275066525,4.537684068880708,3.8921825854830883,61.49491676670375,-91.3685004114182
440330000,0.4637404045176978,-0.43917943095067563,4.535518579532474,3.8941037786121817,61.61542913123594,-91.40946113436848
440340000,0.4632676540121349,-0.43899490682052505,4.528325472050584,3.900499271236861,61.63361543132202,-91.30545041796219
440350000,0.4633526190017329,-0.4387958418158504,4.527176284251428,3.901523009524355,61.67771450057366,-91.31455492281188
440360000,0.4636958762726863,-0.43859161000699726,4.528840507553364,3.9000406361229882,61.733584143069926,-91.3761621308703
440370000,0.46309634962403384,-0.4386901113052456,4.523226492300541,3.9050457980349975,61.68866379986508,-91.25792368814606
440380000,0.4628775014844832,-0.4384104949185561,4.517875220301486,3.909828887040364,61.73656097935508,-91.20169260242099
440390000,0.463118162536374,-0.4380702967051778,4.5169759917698515,3.9106338075226406,61.815977901226525,-91.23657236568103
440400000,0.463482482574755,-0.43803039832802915,4.520589933017466,3.9074009268624317,61.8393318167766,-91.30927783969162
440410000,0.46347952952493315,-0.4379891606789202,4.52012564875156,3.9078159518434092,61.84763117859069,-91.30695434688533
440420000,0.4627697294753019,-0.43897921703604204,4.522644680736526,3.9055652578696094,61.6162338132249,-91.20336216346678
440430000,0.46330214654224927,-0.4388528349085612,4.527215172983652,3.9014883570952206,61.66400573059414,-91.30661722680937
440440000,0.46237968725392226,-0.43895796543146653,4.518110754058847,3.909618110947584,61.60438676403457,-91.12310935004663
440450000,0.46267391229173876,-0.4379036449742368,4.510329968584939,3.9165932841848883,61.831353618704654,-91.13899081449837
440460000,0.4630262220129656,-0.4379873906925095,4.515093116542313,3.912320305221156,61.82904735848009,-91.21434726250713
440470000,0.4629020418693589,-0.43825888492678544,4.516559830352628,3.911006437419064,61.76848857413515,-91.20037123756504
440480000,0.4631598955680212,-0.437884468939331,4.515494724803584,3.9119604592567074,61.85564570908932,-91.23731557092826
440490000,0.4625515492300879,-0.43834566104909306,4.513597521205676,3.9136609694641837,61.73616597877897,-91.13257926205755
440500000,0.46297576629299314,-0.437584185232715,4.510326726800505,3.916596195593858,61.90920412477415,-91.18712868681843
440510000,0.4629446072425333,-0.43744545486151487,4.5085368599348685,3.918204326627957,61.936206983023744,-91.17492467164267
440520000,0.4599809500631243,-0.43485783788923665,4.449530449343349,3.9719820138686757,62.33501839777118,-90.45933328724713
440530000,0.4564989866824913,-0.4326137322561163,4.389738047033974,4.028030401112204,62.63149394703057,-89.6519597426064
440540000,0.45650013228226133,-0.42934658151374117,4.357368945245784,4.059049738013034,63.292726239693295,-89.49743617351918
440550000,0.4504644799021917,-0.4324892237349939,4.325833394533902,4.089741735268479,62.37112949123036,-88.43705417847572
440560000,0.4590534424782958,-0.43512130962821227,4.442227994788165,3.9787419943077937,62.24035034791327,-90.28279699248087
440570000,0.4614962163702965,-0.43716843265383015,4.489749731768249,3.9351652724061155,61.93118151782282,-90.86803227159137
440580000,0.461186607642642,-0.4370195591262846,4.484824524189383,3.939636467257202,61.948205398748144,-90.79869962826022
440590000,0.46182806425260653,-0.43750964316251184,4.496925324062425,3.9286695787438397,61.87588841760776,-90.95007890387495
440600000,0.4612196248995275,-0.4364662415879887,4.4794676868785865,3.944511250828344,62.062159272036894,-90.78160924584431
440610000,0.46101242266629716,-0.4371745950312953,4.484527402563677,3.939906530321881,61.90923185251139,-90.76994567742109
440620000,0.4607017027219123,-0.43720325466592697,4.481435414900386,3.9427191705473668,61.89008827857741,-90.70807567379936
440630000,0.46120270396647495,-0.4369490928915458,4.484271316657012,3.9401393249661725,61.96322229134386,-90.79894939631095
440640000,0.46067599826469474,-0.43640207500018663,4.472887125631914,3.9505164589165584,62.0516902075125,-90.66829949436585
440650000,0.4610509613798361,-0.435836671790717,4.471146327493557,3.952108167322241,62.18296657728374,-90.71998886913559
440660000,0.45975108287004873,-0.43625258753551505,4.461319245772155,3.9611181429036098,62.041784572025584,-90.47407015882216
440670000,0.4612081329212771,-0.43628511648291785,4.477474319298307,3.9463283723112372,62.098518924392174,-90.77144325072973
440680000,0.4613131653099216,-0.4373979605747895,4.490126845676026,3.934823346786543,61.876696923514665,-90.84060704461548
440690000,0.4619648889577555,-0.4367173106727996,4.490206924693856,3.934750747675821,62.04307880785192,-90.94416154678005
440700000,0.4605831330373011,-0.43586695863123914,4.466375037918126,3.9564775185902876,62.15640641533915,-90.62614602788001
440710000,0.4609451779035692,-0.43685806693820595,4.480521115382957,3.9435516497772323,61.970658278691644,-90.74269132625858
440720000,0.460891145868942,-0.43652211804324836,4.476465053927616,3.9472490517397767,62.03660676262458,-90.71722066451198
440730000,0.460589285907906,-0.43665737119841547,4.474575004877403,3.9489743819700673,61.99607718316969,-90.66173765133688
440740000,0.46129454011317766,-0.43641743790496623,4.479781070584694,3.944225730153514,62.075324371998626,-90.79474695703212
440750000,0.46068172293635307,-0.43647785255128396,4.47372999691912,3.9497462433932844,62.03654161044012,-90.67274588883706
440760000,0.4595235414446131,-0.43637676351777127,4.460133361071342,3.9622082498669604,62.006681054478285,-90.43338002465777
440770000,0.46023140506245663,-0.43654063470559146,4.469484501859597,3.9536288845143464,62.004272447560574,-90.58403294036339
440780000,0.4595990614926051,-0.4368274840979796,4.465582530895499,3.9572042159529874,61.91867939090186,-90.468301696384
440790000,0.45992481987161266,-0.4359121183947423,4.459705860249489,3.9626013733627197,62.11844203333383,-90.49441517799491
440800000,0.4600466180116242,-0.4354083318991942,4.455863326790582,3.966138476515943,62.226072620036234,-90.49701086257808
440810000,0.460385583824518,-0.4352909813128252,4.458329116618635,3.96386794613277,62.264848260742404,-90.56073096175807
440820000,0.4597792834103042,-0.43540663111024247,4.452958111849539,3.968817033028908,62.214632206633155,-90.44265328957027
440830000,0.45980974293924953,-0.43524856268674234,4.451671540610895,3.970004405110287,62.24806665453839,-90.44185643329568
440840000,0.45858819253719935,-0.435289936088456,4.438949696209701,3.9817843794466334,62.185502971300586,-90.1960757879924
440850000,0.4582915468306735,-0.434838930351805,4.431186094968313,3.9890082108220244,62.263517003651906,-90.11590527301715
440860000,0.4585852969438524,-0.4341818285849305,4.427665961940995,3.99229239947092,62.40978694718234,-90.14584674570357
440870000,0.4588029041338316,-0.435334586684909,4.441709311390366,3.9792230370924297,62.186011095835816,-90.24152410513206
440880000,0.45915088499880163,-0.43509491087107965,4.4430065566839,3.978020154362463,62.25003390677335,-90.3013745300018
440890000,0.45954620045651534,-0.4358410482926748,4.454886271212798,3.9670388937984957,62.11624227934243,-90.414500937804
440900000,0.459074964503626,-0.4360381720466228,4.451821751307631,3.9698657389190988,62.05559063282647,-90.32770106916205
440910000,0.45824811925126435,-0.4356039798623846,4.438501828013841,3.982200385666561,62.1068693690987,-90.1412624532099
440920000,0.459371753499059,-0.43539689078466104,4.4484638169105475,3.9729679520421235,62.19860370552775,-90.35954654596854
440930000,0.4588037055997299,-0.43519682813080834,4.440314471483051,3.9805172413688843,62.213942180460215,-90.23556187336273
440940000,0.4584285351316033,-0.43528938335000417,4.437231972081254,3.983380383290932,62.178506243686115,-90.16374749324093
440950000,0.45863884521949977,-0.43505226540790193,4.437074082456852,3.9835271499708993,62.23586905817606,-90.19573839497608
440960000,0.459078860969449,-0.4344550740238651,4.435724585007837,3.9847820276810095,62.37657296091712,-90.2582073456849
440970000,0.45885968342257605,-0.4336807927812191,4.425531255675471,3.994286704215846,62.52380067940904,-90.17884934917797
440980000,0.45834019794998876,-0.4341009578304801,4.424227664048311,3.9955055548624885,62.415105760615376,-90.09253575880497
440990000,0.458209205802018,-0.4345716271038955,4.427594129454367,3.9923594745238935,62.31390773581065,-90.08724059883598
441000000,0.4583160950216496,-0.43476810490223516,4.43072983615066,3.9894335777648067,62.27894925770161,-90.11769694566827
441010000,0.4588879868550162,-0.43398987616173956,4.428961412097825,3.991083139903513,62.46236342609945,-90.19856515932149
441020000,0.45818128364303384,-0.4341135367596801,4.422658178525827,3.9969740194130314,62.40537189585513,-90.06092272447104
441030000,0.4582147818384647,-0.43374254115745425,4.41926722843592,4.000150462026823,62.48202619910147,-90.05088777374363
441040000,0.45760590758346303,-0.43352080876766347,4.410550587049183,4.008339326458428,62.49916908653185,-89.91751836896749
441050000,0.45728680411148453,-0.43324314494320754,4.4043718146287585,4.0141646816618834,62.540707309230285,-89.84025142222588
441060000,0.45711107714444854,-0.43357340853070536,4.405827906417931,4.012790324866819,62.46589169050575,-89.81988386724196
441070000,0.45743897177375364,-0.43407264465543943,4.41433756595782,4.0047774544099575,62.37998065435652,-89.908918759683
441080000,0.45789385818730416,-0.43343318139233084,4.412729860094774,4.006288807270496,62.53006291874363,-89.97179594766942
441090000,0.4580524459628271,-0.4333142245174236,4.413219567259107,4.005828326294358,62.5614037179814,-89.9984823241849
441100000,0.45737925402967716,-0.43400187632262704,4.412988953749818,4.0060451631498335,62.39156483179143,-89.89363267452633
441110000,0.4580383185354171,-0.4335412287448708,4.415356047164767,4.003820613073398,62.514773822709,-90.00598190489642
441120000,0.4573953410063699,-0.4333038751795949,4.40613299228745,4.012502485775566,62.533408563547,-89.86498956384
441130000,0.4574223906253743,-0.4330949363919807,4.404321085097591,4.0142125808573415,62.57691741830514,-89.86086422674686
441140000,0.4567613369311712,-0.43333596760377935,4.399739605398596,4.0185432499412554,62.49778809365591,-89.73834369861986
441150000,0.4571621747505521,-0.4331490468852036,4.402106433162992,4.016304806093382,62.55400240564834,-89.81072540904532
441160000,0.4566913899946637,-0.4331541861360552,4.397177158461279,4.020969566776876,62.531268407931094,-89.71584304842256
441170000,0.4571095511791872,-0.43274139857484045,4.397462768817137,4.020698981826689,62.634004806224745,-89.78127515928844
441180000,0.4564917835421333,-0.4328001569544111,4.39152548849885,4.026331547889527,62.5935153395776,-89.65916178526754
441190000,0.45773966871485494,-0.433018036805235,4.406915605341042,4.0117643066777315,62.607067254847145,-89.9215531357913
441200000,0.45752158706385215,-0.43216361431527317,4.396041385813588,4.022045955527657,62.77007014945606,-89.83789942644626
441210000,0.4580724075743603,-0.4319588491946648,4.3998298902249635,4.018457815850692,62.837179270044125,-89.94009307719153
441220000,0.4572930125451914,-0.4321480547261691,4.393468162270889,4.024486809203506,62.7625940608938,-89.790875731722
441230000,0.45559260875854773,-0.43178724982487665,4.371983822816211,4.044984274935216,62.7558512131792,-89.43034146905708
441240000,0.4565495499190684,-0.4320544134376004,4.384689959773502,4.032836187408655,62.746855396270924,-89.63609555924627
441250000,0.45633502204021825,-0.432026916650159,4.382158395131539,4.035250637963143,62.74237020845684,-89.59145898964557
441260000,0.45609627390427415,-0.431683356871479,4.376232836115387,4.0409135939309815,62.80055454208557,-89.52709772964823
441270000,0.4563135825512264,-0.43211702381455064,4.382830308980639,4.034609521048241,62.723164956062135,-89.59134713046176
441280000,0.4558554554635886,-0.43230688103665776,4.379906360232556,4.0374009650051566,62.663402227421436,-89.50776868563439
441290000,0.4552833898707589,-0.43235360944881757,4.374372429975264,4.042694891398748,62.627170032086255,-89.39467345015369
441300000,0.4549238912692547,-0.4306893535314448,4.3541438669031525,4.062167000656726,62.945432866698916,-89.24330875363486
441310000,0.4586853702995143,-0.4317506969259498,4.404256937516259,4.014273151139886,62.907914025603674,-90.0549659926656
441320000,0.45568804791586776,-0.43180261439161677,4.373136128087324,4.043879507394459,62.75725163343316,-89.4503158721824
441330000,0.45593438905958056,-0.4313613855935357,4.37133974722711,4.045602047305467,62.857943200499385,-89.4792057708922
441340000,0.4560758697251201,-0.43096815449579073,4.368926523378327,4.047918427474388,62.94410341983444,-89.4891568561759
441350000,0.4557738470531802,-0.43163382036401243,4.372359687366453,4.0446238489494215,62.79535542115768,-89.45966656716037
441360000,0.45604384860353314,-0.43148601831312766,4.373723458919549,4.043316642905958,62.83794222120944,-89.50720435587056
441370000,0.4557624855687162,-0.4306445999799417,4.362448646411477,4.054149719226682,62.99457471508607,-89.41041758014607
441380000,0.4553618156704479,-0.43051055086806433,4.356943722734676,4.0594604663490275,63.0024870589217,-89.323085220483
441390000,0.4552624870293728,-0.4308872259773844,4.35962378779493,4.056873167538349,62.92172405504796,-89.32105330019176
441400000,0.4554124380640595,-0.4306101277345274,4.3584535388087575,4.058002497088395,62.9848085071841,-89.33807200881796
441410000,0.4554249534391803,-0.43043482309285086,4.35685565720946,4.059545540643106,63.02080228412251,-89.33220378753656
441420000,0.45506030075012105,-0.4310470671512223,4.359093592355254,4.057384744632368,62.87984502931282,-89.28790874907172
441430000,0.45470448355794224,-0.43075660478120453,4.35252376994792,4.063734777376001,62.9213633350764,-89.20231619518715
441440000,0.4549411309038887,-0.43038847286121323,4.351360417910549,4.064861319804155,63.006928475295936,-89.23234191175546
441450000,0.4542366152548173,-0.430958357722093,4.349649914400936,4.0665188567278605,62.858316988694696,-89.11780508587253
441460000,0.4544797728429559,-0.43072971680640043,4.349923524048297,4.066253627070167,62.91599755514178,-89.1557695363641
441470000,0.4545608318075904,-0.43034065035232383,4.346938393824378,4.069149235948786,62.99826011906439,-89.15337875252345
441480000,0.4548395170702058,-0.42998941542094427,4.346381881234501,4.069689523683672,63.08252033200767,-89.19261086308205
441490000,0.45516657032765906,-0.4296498040988445,4.3464466977435805,4.069626589351997,63.166893226531705,-89.24219928005375
441500000,0.45463926035952756,-0.43016937776542463,4.346069838175101,4.069992533206243,63.03655937710667,-89.16092207893486
441510000,0.45424612821524607,-0.4300640392157682,4.340959780651186,4.074961201377116,63.03877316513968,-89.07662206117772
441520000,0.45446527767635797,-0.4303160721646059,4.345705232247458,4.070346642130097,62.99860390268809,-89.13294315048506
441530000,0.45437097314392577,-0.429905037723053,4.340694155075735,4.075219815180074,63.07685159363463,-89.09406530306991
441540000,0.45353793862939534,-0.42987892293860624,4.3318266465213,4.083872472000941,63.04162475149533,-88.92513374765981
441550000,0.45349837791355097,-0.4297357512099077,4.330019229950742,4.085640689132033,63.06848106814312,-88.91020023778725
441560000,0.453016638209746,-0.42912248202798314,4.31908295381221,4.096373131096694,63.168135679920645,-88.78330615121901
441570000,0.4538601021863393,-0.42963127989008915,4.33273068892592,4.082988621201489,63.10714176474777,-88.97787229175924
441580000,0.4532226793745969,-0.42958108235435793,4.325669052762281,4.089902919158125,63.08609649432904,-88.84722518428141
441590000,0.4533382903293015,-0.4292003650803194,4.323147457621291,4.092377684374922,63.168299548606846,-88.85179741423637
441600000,0.4529446034350843,-0.4287581657164566,4.314802885986704,4.100589077481978,63.23779862104993,-88.75084887453359
441610000,0.45404704486529396,-0.4289703387046543,4.328208481610789,4.087413730108595,63.24940891204089,-88.98319322607843
441620000,0.4538918750968804,-0.42867804761505246,4.323761899267099,4.091774372842354,63.30068705877419,-88.93754754228509
441630000,0.4538131036313211,-0.42917668771295403,4.327807314773102,4.087806755057992,63.196364378417535,-88.94618499284772
441640000,0.4539562178783423,-0.4291399803070583,4.3289255216695945,4.086711434438812,63.21077200180914,-88.97321068034606
441650000,0.4531425333817451,-0.42916531220522697,4.320793170423868,4.094691003696811,63.16572413450641,-88.81071630867771
441660000,0.4542924639857482,-0.42903303269753024,4.331353954820815,4.084334761387544,63.24880160053831,-89.03574459483173
441670000,0.45349412055293936,-0.42888499881023007,4.321680531194732,4.093818771537751,63.23941197495883,-88.86763509166596
441680000,0.4537130731477119,-0.4286576759347099,4.321722458642517,4.09377756827412,63.29597690931568,-88.90051686671879
441690000,0.4530521437742018,-0.42909536601121745,4.31918382817679,4.096273874466449,63.17533355907446,-88.78910598915348
441700000,0.4539363172370997,-0.4285308149328854,4.3227875421975,4.092731164380776,63.3325551351229,-88.93924599554052
441710000,0.4534951752107348,-0.42848469721389454,4.31780036337902,4.097635579750128,63.320051115043974,-88.84808621591961
441720000,0.45361976262831255,-0.4292264002396903,4.326299169194946,4.0892849809143375,63.176877224353234,-88.9097011177802
441730000,0.4533559714775009,-0.42788799179481635,4.310586354238822,4.10475109151312,63.43331595684632,-88.79042161786673
441740000,0.45384096792468775,-0.4288797205948799,4.325200526976427,4.090362513099347,63.257545165987445,-88.93721695213607
441750000,0.45384063604915326,-0.42784114408030893,4.315108482777797,4.100287765974573,63.466889317778545,-88.88578489212021
441760000,0.45234128486879455,-0.42757758737713986,4.297212758201918,4.118008894752603,63.44499136368054,-88.5707364223758
441770000,0.4519922808505144,-0.42813917692657116,4.299072197807397,4.116160335581457,63.31472807672065,-88.5288157760267
441780000,0.45282135849903243,-0.42809773183252814,4.307139275545591,4.108159999782744,63.364456590745874,-88.69327684976822
441790000,0.4517770769900787,-0.4278631951479261,4.2942184042294445,4.120989284931437,63.359303905558576,-88.47180942833232
441800000,0.45206727101806826,-0.4277913524736259,4.29648057006845,4.118737262728014,63.388292710953095,-88.52643495784594
441810000,0.45164746646079024,-0.42740977501515504,4.288536859641067,4.126656431803474,63.44373217946499,-88.4229707753098
441820000,0.45168331151433916,-0.42849331577934785,4.2993446175774634,4.11588965183738,63.22828202575704,-88.48456197678645
441830000,0.4520425480074956,-0.4287337077063912,4.305334078143731,4.1099475097316445,63.19798702253617,-88.56854214610766
441840000,0.45151241262126174,-0.4283958276101046,4.296662950029449,4.118555809780707,63.23927542790052,-88.44545297140216
441850000,0.45105250795945895,-0.42785562803952903,4.286785958075073,4.128406098529843,63.32436001706765,-88.32623507768815
441860000,0.45104363939704084,-0.42775992570105054,4.285775840718373,4.129416191209678,63.3430722668585,-88.31963276342596
441870000,0.4511942128711612,-0.42725023390603484,4.282407096392981,4.132788496305146,63.45278527138387,-88.32401221219327
441880000,0.4513738026738895,-0.4275075012111456,4.2866979539055725,4.12849408052975,63.410310632485164,-88.37302838685659
441890000,0.4524552408674382,-0.4267817690573214,4.29071751632158,4.124479424508242,63.610768261466646,-88.55349969818872
441900000,0.45198379517073983,-0.4264416355071632,4.282663511864126,4.132531612506606,63.65522493440889,-88.44139931968675
441910000,0.4515290968809432,-0.42649186414064555,4.278534316551679,4.136672310200441,63.62194544489318,-88.3526091256663
441920000,0.4514894231418431,-0.4265420482285663,4.278612627492779,4.136593702470563,63.609846036149484,-88.34720508903278
441930000,0.45125618507265564,-0.4260407526948481,4.271464579173739,4.143781404459917,63.69853706069923,-88.27472673392599
441940000,0.45104556103764687,-0.42646520263579923,4.273388220121142,4.1418445904082555,63.60258507911788,-88.25422662997927
441950000,0.4512344031115908,-0.426114107214612,4.271944295032788,4.1432982307851045,63.6826952724695,-88.27412009144173
441960000,0.45088824172186304,-0.42642967879682375,4.271460212989714,4.1437858026428955,63.601652795394926,-88.22086867021899
441970000,0.4509966906611561,-0.4260455480594451,4.268890307442589,4.146376194240176,63.68424230032491,-88.22290228977633
441980000,0.45114928950097527,-0.42677879152736514,4.277435210153532,4.1377759033197705,63.54500499015175,-88.29103996167956
441990000,0.4561496537199382,-0.4234136543982978,4.296270656820299,4.118946129176408,64.48219937710267,-89.12989893887406
442000000,0.4500839912973683,-0.42521940423700405,4.25186140927366,4.163624577150482,63.80260885369449,-87.99721552305701
442010000,0.4496067979460103,-0.4251199483365292,4.2461427147198165,4.169449828879505,63.797627128908836,-87.89650959590855
442020000,0.44958814413409104,-0.4256967903025992,4.2514172643027335,4.164076403746563,63.68130099574745,-87.92282440061214
442030000,0.44917726080920134,-0.426017560867681,4.250347516552273,4.16516506343862,63.59590475980227,-87.85739372601553
442040000,0.4493847025112101,-0.4255829394542135,4.248302840342852,4.167247502121863,63.69347948069598,-87.87624574698091
442050000,0.44986777605114847,-0.4262325907198534,4.259308955456565,4.156063080843929,63.58865657101469,-88.00645601002402
442060000,0.44914543225226816,-0.4252851769938184,4.243095563911846,4.172560546820368,63.74049131159985,-87.81291435341242
442070000,0.44946470956634454,-0.42477833527933095,4.2414965989493405,4.174194761285016,63.858528044302524,-87.8502011413603
442080000,0.45013240934048127,-0.4251606935667631,4.251790808364684,4.163696392444631,63.816890860609426,-88.00385598261774
442090000,0.44968668817782526,-0.4244623690491045,4.240733255702167,4.174975392764636,63.933426594499856,-87.8780344347014
442100000,0.4500512021529743,-0.4247421825772091,4.2470186359471835,4.168556509399083,63.89650020777256,-87.96573112904842
442110000,0.44942915182876836,-0.42499832656833325,4.243218217698256,4.172435242960111,63.81266316647614,-87.85461770942557
442120000,0.44974232526003977,-0.42591633820008096,4.255044940742082,4.160388908114579,63.64540360647307,-87.9650323463706
442130000,0.4493097072260574,-0.4250727398985028,4.242728328226688,4.172935762915241,63.791533093843036,-87.83463116047096
442140000,0.45022439178053647,-0.42488751908591316,4.250127476475352,4.165389065515742,63.87642838052243,-88.00803894095333
442150000,0.45078835951445356,-0.42399381125297797,4.247339980945101,4.168228879392058,64.08534980688978,-88.07439374370902
442160000,0.4489721124454145,-0.42358751497351055,4.225395753556477,4.190723563337564,64.07072350936119,-87.6887275469777
442170000,0.4513918366306783,-0.42226384964611113,4.237125435731449,4.178668953415966,64.46562009054156,-88.10421830894727
442180000,0.44843823384284354,-0.4251375381096115,4.234657178342775,4.181199709227391,63.732914256481806,-87.66403716833274
442190000,0.4484193493623526,-0.4241071490584639,4.224781435415224,4.191356852911054,63.93749955106623,-87.60587966526936
442200000,0.44892264069057985,-0.4243479402582443,4.2320410649112175,4.183885477953492,63.91605063648764,-87.71915708989472
442210000,0.4486124342707857,-0.42317054291135975,4.217928189464488,4.198434993415886,64.13491818612077,-87.59453113544403
442220000,0.4499047291405998,-0.4231422930672637,4.23050096983619,4.185468224030259,64.20958493284782,-87.85188351691464
442230000,0.44871397374622823,-0.4243184735206889,4.22968969225553,4.186302459856654,63.91090911702146,-87.67590828003102
442240000,0.4496384371008012,-0.4237799121853042,4.233829831063233,4.182048704971402,64.0675835593108,-87.83235204382939
442250000,0.449623118517125,-0.4246013631307068,4.241408939864352,4.174284390555382,63.90225768864953,-87.87261148753474
442260000,0.44659176283502783,-0.42529968949632596,4.2179017439047115,4.198462354008884,63.60341296399552,-87.30534353233203
442270000,0.44990329103460036,-0.42654607019890856,4.2626499456031155,4.152680058189445,63.52781932261806,-88.02969441753251
442280000,0.4470552504435544,-0.42205843475020827,4.192246990022629,4.225177141965625,64.2728274054822,-87.223562042911
442290000,0.44874356527428927,-0.4264620691152936,4.250230743062091,4.165283936472727,63.4847971920782,-87.79391654220609
442300000,0.4477859608623125,-0.4234242039028832,4.212125965851284,4.204446700301345,64.03999382513132,-87.44307492417106
442310000,0.4484867254345555,-0.42465673014247535,4.2306118859492345,4.1853541954488325,63.831375069159996,-87.64840621937753
442320000,0.4497470746636082,-0.4221534456091451,4.219689450694808,4.1966136093655235,64.39964463308013,-87.76728288866857
442330000,0.4519476019196336,-0.421357788865804,4.234216481037629,4.181651894134211,64.67838888589951,-88.16790609968221
442340000,0.4499377441366157,-0.4228806375664937,4.228379162830393,4.187650792082342,64.26386236826184,-87.84455660070157
442350000,0.448169394925591,-0.4223486073417777,4.205891753688336,4.210925583358643,64.27539950921634,-87.46172356575774
442360000,0.4480612646748324,-0.4231264119589182,4.212065731784465,4.204509201104651,64.1141850208551,-87.4820384422634
442370000,0.447692711209419,-0.4211315537200089,4.1899327467966225,4.227604063633778,64.49271730126932,-87.30012604449186
442380000,0.44742476111590135,-0.42338675916262375,4.208215147753565,4.208508626034268,64.02808371296706,-87.36906292481137
442390000,0.44864046625896226,-0.4218631407222607,4.206030655789322,4.210781008116788,64.39805113191323,-87.52967562846491
442400000,0.44910586978668043,-0.4225583431510343,4.217102820934538,4.199289091635258,64.28392850978425,-87.6604502233233
442410000,0.4476943147721453,-0.42154901743768775,4.193804580801046,4.22354531245674,64.40937149742386,-87.32330560838858
442420000,0.44924445150099457,-0.42260138398414915,4.21887841506422,4.1974521305436605,64.28275020924443,-87.69053445864417
442430000,0.4472732161412638,-0.42333984372502587,4.20628565565384,4.2105156197059905,64.0292888728267,-87.33635268131994
442440000,0.44699999750877073,-0.42146686484018264,4.186239894648916,4.231482610593878,64.3877634809977,-87.18020223007335
442450000,0.44694158745101104,-0.41934411895593937,4.166186605773343,4.252671635449503,64.8083650299311,-87.05086404952532
442460000,0.4487403844722862,-0.4201366965566303,4.1910528928669315,4.2264290237579525,64.74964861000379,-87.455233323939
442470000,0.446674575811407,-0.4205882013188504,4.174975551646141,4.243358338947384,64.54507944480223,-87.06686305669193
442480000,0.4462730248438612,-0.421345083183751,4.178017874570601,4.240144194979556,64.37207824455228,-87.02865307990605
442490000,0.44917066220768154,-0.42191200144136287,4.211725924298997,4.204861831762171,64.4169857358225,-87.63857721189434
442500000,0.4466234440826216,-0.42299008049689524,4.19664978685222,4.220567812269721,64.06387026200247,-87.18816355334624
442510000,0.44616136065392276,-0.42016908778637974,4.166140328918562,4.252720783541159,64.60011601378055,-86.94125469934046
442520000,0.4459479203863744,-0.42018257040005846,4.16419116643855,4.2547919340180504,64.58552794871174,-86.89948731482637
442530000,0.445427097485301,-0.4205515978666078,4.162515864344042,4.256573729548521,64.48307503965894,-86.81643101978864
442540000,0.44544392938282634,-0.424093083565325,4.195356339049174,4.221920870965326,63.78137689379019,-87.0135546897781
442550000,0.4462498051234801,-0.42184251752026164,4.182374777082711,4.235549865582523,64.27180742496124,-87.05135884689899
442560000,0.4438852479838808,-0.42075077205318984,4.149447272678024,4.27052547389666,64.35752925467159,-86.5217449268522
442570000,0.4465744487381071,-0.42264847049147364,4.193000721388296,4.2243873253310475,64.12917015102416,-87.15990631947702
442580000,0.4431463774274514,-0.42151826951386023,4.149350133023351,4.270629527397002,64.16465124940754,-86.41855648166153
442590000,0.44232095030766017,-0.42428208416100066,4.166805452345241,4.252014504007971,63.575348479805406,-86.40809725398167
442600000,0.44256200284322966,-0.4255725217556581,4.181096814447668,4.236896417463351,63.335168506549486,-86.52501930429071
442610000,0.4444632901403164,-0.43017227477663805,4.243058911764164,4.172597992367693,62.532174402585916,-87.13775451589616
442620000,0.44388578630108966,-0.4252280126067046,4.190731560572773,4.226766035109833,63.47373466023859,-86.76672792031593
442630000,0.4450442345076643,-0.4225814785616004,4.177452028358005,4.240741622510928,64.05911337898725,-86.85245162262092
442640000,0.4457012823975896,-0.4203895507428562,4.163691388503741,4.2553233219328295,64.53057613936254,-86.8619318799913
442650000,0.4447847141715553,-0.4212813778846429,4.162978099284701,4.256081959829025,64.30250441663948,-86.72945033286827
442660000,0.4482047295934137,-0.42258240587699164,4.208414465456512,4.20830141352289,64.23057732381885,-87.48141707457614
442670000,0.4455316240586139,-0.4196444812421984,4.155246158797925,4.264323212472832,64.66935388865048,-86.78648524414255
442680000,0.4451162084971396,-0.4201565761118623,4.155898300211979,4.263626856852087,64.54422193687583,-86.73258948877934
442690000,0.44665116333729804,-0.4200160796549075,4.169503154219525,4.249152326851257,64.65792727017036,-87.03040455243544
442700000,0.44554453472413047,-0.419813880624506,4.156915126033932,4.26254155447801,64.63636457589804,-86.79856198973226
442710000,0.4473759982331857,-0.4201950406792627,4.178212979667099,4.239938240366773,64.66247379622182,-87.18514340156845
442720000,0.44609264286658235,-0.419829285311904,4.162367175832241,4.25673194324199,64.66399686193103,-86.90858359903635
442730000,0.44539938121288286,-0.41849294978072415,4.14350821555512,4.276896762790686,64.89117752356876,-86.69508499786768
442740000,0.4460050795942142,-0.42090868279054655,4.171398364140673,4.247143917519477,64.4441466364695,-86.95122146347653
442750000,0.4445096525556594,-0.42027923593274213,4.151161754550823,4.268689815866208,64.48589906090442,-86.61905000466477
442760000,0.4464156456241851,-0.41946408930880064,4.162168975015024,4.256942859717965,64.75492224660726,-86.95254584669365
442770000,0.4439870861925721,-0.4193120943815582,4.137347009787928,4.283526896046758,64.64822207516445,-86.46091650329755
442780000,0.44474116375362166,-0.41983333822826335,4.149332479716548,4.2706484377207365,64.58738221379126,-86.6399596967561
442790000,0.4434214297640195,-0.41845355037388865,4.124175619289115,4.297771337611282,64.78614014882136,-86.29988728927162
442800000,0.4432995557059738,-0.4193671775666098,4.1312600699062765,4.290097737555911,64.59829856745148,-86.32787258704815
442810000,0.4456058041515058,-0.41910220912212875,4.151028670049294,4.268832248885901,64.78150537273818,-86.77071807083698
442820000,0.44541060008105743,-0.42072631618605993,4.163955000204771,4.255043020435849,64.44743058665397,-86.82287449908051
442830000,0.44607335879303245,-0.41937766360807044,4.158060416790157,4.261319810566555,64.75294610660244,-86.87941480025067
442840000,0.44511482116095025,-0.4186384618008649,4.142084407289722,4.278427075794278,64.84603244289472,-86.64669412583369
442850000,0.44471590818630774,-0.41881637220774354,4.139856885369602,4.280823464826638,64.78798428666848,-86.57746162861804
442860000,0.4450832624591728,-0.4191560952796318,4.146474420536781,4.273712261499197,64.74125728601378,-86.66975442949702
442870000,0.4445689738489056,-0.41870859166750174,4.137469013705766,4.283395402929856,64.80105022224825,-86.54213358155413
442880000,0.44455560722667703,-0.41899390588633606,4.139923792115906,4.280751446026866,64.74360781309191,-86.55568953185467
442890000,0.4449917130057538,-0.418053634144529,4.135611173345254,4.285398634682731,64.9554251755118,-86.58885711331801
442900000,0.4443395253062853,-0.4179933892062643,4.128809688061237,4.292748730780546,64.93006547958834,-86.45568612378109
442910000,0.44316445243911035,-0.4185347377128779,4.1224546603550305,4.299639643379653,64.7553404175968,-86.25364618550853
442920000,0.4440678591460988,-0.41788547374614043,4.12523729150942,4.29661959205288,64.93591009349977,-86.39552152191223
442930000,0.4441914375674489,-0.41778400806731225,4.125506302824394,4.296327857555671,64.96316842879513,-86.41423780175762
442940000,0.4440733883473561,-0.4171026948670805,4.118257526437748,4.30420308958681,65.09175383906651,-86.35147099820436
442950000,0.4438691810038208,-0.41787836286251806,4.1232738972118295,4.298750057603903,64.92590116519449,-86.35566630904691
442960000,0.44409673688189216,-0.41812833003588545,4.127700878602392,4.29394941668128,64.88934066795902,-86.41519368489719
442970000,0.44411001050755394,-0.4176432622996703,4.123461410137497,4.298546495522678,64.98644676242829,-86.38996142016423
442980000,0.4443207671018724,-0.4178984895624571,4.1277750178778625,4.29386911281442,64.94784888400632,-86.44651371358039
442990000,0.4438171492313211,-0.41786891536094833,4.122691787504206,4.299382115188904,64.92478368035852,-86.34479584947938
443000000,0.4440639605813829,-0.41761044484483084,4.122726144769486,4.299344804634928,64.990313912478,-86.37892264738927
443010000,0.44346287350946,-0.41801249743335167,4.120600990243269,4.301653877869976,64.87592620525453,-86.28278424268626
443020000,0.4427565052496029,-0.41732897072367503,4.1077478667674185,4.315673481403656,64.97052617834743,-86.10334944342547
443030000,0.4435833180435078,-0.41779592542799376,4.119803246311801,4.3025213149526405,64.92580419268408,-86.29420050708208
443040000,0.443360411684561,-0.4170918673538289,4.111365226367319,4.311718409213276,65.0525704195001,-86.20926798496664
443050000,0.44376147962284646,-0.4169574422603467,4.113980810179533,4.308863242480589,65.10253392995514,-86.28107616958576
443060000,0.44265756741319107,-0.4168797462660279,4.102794895485149,4.321100882287919,65.053719179135,-86.05762356141808
443070000,0.4428487059645825,-0.41685689382940394,4.1044032368468075,4.319336956169534,65.06938937591852,-86.09415206176003
443080000,0.44315370224915596,-0.41742754429122625,4.112404871822171,4.310583071813264,64.97402781514492,-86.18774387474022
443090000,0.44293454872198906,-0.417230541367505,4.10855778803999,4.314787303603244,65.00035577218694,-86.13289620852713
443100000,0.4428687719261521,-0.41662463557904267,4.102520748627128,4.321401695736198,65.11658583400576,-86.08457613838705
443110000,0.44349075753188993,-0.41671423387708967,4.109227604394905,4.314054702548259,65.13508946016046,-86.21317839031268
443120000,0.44310756032063925,-0.41718776468021374,4.109818927438347,4.3134081632655725,65.01887670506105,-86.16469653680578
443130000,0.44306179067559,-0.41689021740240134,4.106723320617043,4.316795023969675,65.07519843492553,-86.13832502416162
443140000,0.44280330252624844,-0.41716876209852605,4.10675908350982,4.31675586529211,65.00496831122132,-86.10331052407662
443150000,0.4429841720287823,-0.416384599688167,4.1014747690876705,4.322549811703472,65.17092065439515,-86.09342012248159
443160000,0.44285324945392407,-0.41778968559752694,4.112794105603507,4.310158168795985,64.88492244453897,-86.14917987219026
443170000,0.4414895829861255,-0.4163170709306524,4.086754767589139,4.338773464065134,65.0965596031535,-85.79367744718319
443180000,0.441903906586546,-0.41668104389414956,4.0938952567280955,4.330888077695496,65.0489802282319,-85.89690869766154
443190000,0.44220565815501894,-0.41660609498648166,4.096078173481634,4.32848327379812,65.0814740422961,-85.95218687136368
443200000,0.44268425491044533,-0.4164484731568131,4.099202047953949,4.325046603900062,65.14070383082786,-86.03770973820953
443210000,0.4427240169924363,-0.41548761556558184,4.0910378482693535,4.33404005798783,65.33352156160917,-85.98908140594355
443220000,0.44264733001826745,-0.4156819752372184,4.092037427767132,4.332936898884485,65.29045178052671,-85.98534698630108
443230000,0.4423797193540366,-0.4154956968379873,4.087858617801096,4.337552545317552,65.31156802023666,-85.92130159352739
443240000,0.44281681560747715,-0.41547294850094413,4.091784862482785,4.333215581666571,65.34191291523481,-86.00662400980174
443250000,0.44274516174836176,-0.4155299837627754,4.091613463623474,4.333404725534417,65.32636670021019,-85.99577786118456
443260000,0.4417499950292295,-0.4158102249702328,4.084711209142955,4.3410356041665334,65.21207939001336,-85.8152444673209
443270000,0.441154501659627,-0.4153976300832762,4.075467029932925,4.351298707193352,65.2583188832341,-85.6731111795002
443280000,0.44072160199333865,-0.4153319325926683,4.070832400253253,4.356462848365176,65.24552514418527,-85.5837573047499
443290000,0.4414764947761145,-0.4151482187531188,4.07628605457671,4.350387407284677,65.32675710597017,-85.72190308790175
443300000,0.44050897016944945,-0.41510828195469857,4.06687394796747,4.360883476808468,65.27695075031077,-85.52847932062586
443310000,0.442506780496235,-0.4150342387185514,4.08497191573717,4.340746878075991,65.41057558798157,-85.91914431150185
443320000,0.4405025159129632,-0.4144941440553871,4.061415048580953,4.366994786439659,65.39770195366091,-85.49041426931696
443330000,0.44137818725002465,-0.41373151413386466,4.062904168494613,4.365325963222981,65.60114031942777,-85.61755686644605
443340000,0.4422603742610489,-0.41462171598355957,4.079007019777992,4.347362680584263,65.47771075042098,-85.84573227293451
443350000,0.44184802598710665,-0.41504096084626085,4.078829061093322,4.34756037488852,65.37008727572031,-85.78902181706846
443360000,0.4406353744914365,-0.4139309047110018,4.057715826696093,4.371146064508752,65.5168872560225,-85.4827199839654
443370000,0.4413521582795955,-0.4139867210552957,4.064898905338847,4.363092545874662,65.54906193647231,-85.6277849830781
443380000,0.4416294492165484,-0.41453783875291556,4.072340521214343,4.354781050032265,65.45663300037705,-85.71573670300256
443390000,0.4420496352237958,-0.4149969283158567,4.080336219221465,4.345886653189143,65.39080130666854,-85.82632277224222
443400000,0.44053396091357866,-0.4142429471533703,4.059504609956905,4.369137680766556,65.4491648977113,-85.4815108915591
443410000,0.44075385159875063,-0.41456863720711773,4.064415440160728,4.363633645896009,65.39808797668287,-85.54449271678456
443420000,0.4411335768474496,-0.41431725640395334,4.065756286312135,4.362133291658856,65.47054337637697,-85.6044248593464
443430000,0.4412990991953921,-0.4145777127943209,4.069595210678932,4.357843504961492,65.42897233963082,-85.65276926141729
443440000,0.44098801425857775,-0.4139515027089147,4.06118648552104,4.367251047251893,65.53409126922206,-85.55364091446448
443450000,0.4412482000845018,-0.4133729581759221,4.058549994282663,4.370209255572438,65.66425888649589,-85.5701527196285
443460000,0.44102279448715914,-0.4136470068230701,4.05884387545845,4.369879311019922,65.59639804730247,-85.5421358513633
443470000,0.4415260095339212,-0.41280693618164277,4.056197721444214,4.372852019872861,65.79323849502683,-85.5908293487226
443480000,0.44087754393830547,-0.4129779318654458,4.051643150721394,4.377978340816569,65.71992640854849,-85.47282507742945
443490000,0.44072437740864084,-0.41346927314074094,4.054506644673418,4.374753951737632,65.61347299552422,-85.47238018929997
443500000,0.43979019815646336,-0.4132509625645263,4.043920408832661,4.386698649126888,65.59980322362424,-85.27471279014665
443510000,0.440558862761917,-0.4139244722326658,4.056946384621032,4.372010547345263,65.51353787766882,-85.46722258894921
443520000,0.4397338944839939,-0.41309367079554726,4.042029107218618,4.388839665453773,65.62738144011847,-85.25402299606162
443530000,0.43966198078158636,-0.41315575572002267,4.041903302155216,4.388982156674951,65.61075574743398,-85.24363423852499
443540000,0.43979969388889567,-0.41218514675618106,4.034747571797544,4.397102570442124,65.81062872784915,-85.21134400923863
443550000,0.44042395761429787,-0.41204889593180605,4.039346809438814,4.391879778131581,65.87593127334235,-85.32629335360289
443560000,0.4407768281812425,-0.4113885685870786,4.036897169443469,4.394659956923034,66.02835935818243,-85.35544140030714
443570000,0.44057499501079705,-0.4125847836812114,4.045404143929874,4.385020504193113,65.77922601827073,-85.38900924253157
443580000,0.43946052507994837,-0.41262424245832463,4.035420002829727,4.3963381810227045,65.70319392058356,-85.17141945854702
443590000,0.4394846927701851,-0.41325987525483626,4.041167956475061,4.389815224004844,65.57942848968017,-85.21505047869603
443600000,0.43942413419883325,-0.41309984645689707,4.039215207579506,4.3920290461937475,65.60725576346759,-85.193356544056
443610000,0.43955624607099525,-0.4130002404680812,4.039571419388227,4.391625040526677,65.6349509668751,-85.21330146161986
443620000,0.4399899703706113,-0.41224465882527733,4.037024102446411,4.394515808087732,65.81057759207027,-85.25256606457012
443630000,0.439231516152769,-0.4120930001845917,4.028702923916967,4.403986062773961,65.79380631693923,-85.09361424979916
443640000,0.4394086249914988,-0.4116008990506232,4.026082551437779,4.406976920864508,65.90177489817586,-85.0981247239644
443650000,0.4395871337046713,-0.4112595941011393,4.024782749375128,4.40846203759633,65.98019572568508,-85.11219332494744
443660000,0.43953349357118565,-0.41196695226748564,4.030398477504341,4.4020529889966555,65.83728402995885,-85.14537856121892
443670000,0.44001717682277386,-0.41165660447676933,4.032182188755693,4.400021277840712,65.92841063440322,-85.221713790038
443680000,0.4392772935643124,-0.41095814118612845,4.019332386322365,4.414700614685373,66.02042463273526,-85.03229403670102
443690000,0.4389515496883185,-0.41150184118822547,4.021019496608327,4.412767593488949,65.89297057634782,-85.0018759457342
443700000,0.43840865798338935,-0.4114862607482075,4.015899215454469,4.418639546507922,65.86231632880065,-84.89402834553317
443710000,0.4387536923062327,-0.4117829609556,4.0216248145765,4.412074466595019,65.82533999334106,-84.98033893912192
443720000,0.43854174132355817,-0.41102568824342073,4.013158213927159,4.421789499634645,65.96124710886254,-84.89153141115867
443730000,0.43864818777114206,-0.41073916036048297,4.0116732567032924,4.423497926023905,66.02432604675546,-84.89459412737489
443740000,0.4383295651386829,-0.4113235117941539,4.013773583261914,4.4210819192097315,65.88940979095338,-84.86834281518937
443750000,0.4390964971063622,-0.411291491353903,4.020539725080328,4.4133171199075845,65.94342880890511,-85.01737910619235
443760000,0.43932515841348396,-0.41158772045335257,4.025199522550412,4.40798573312736,65.89920538434544,-85.08084580987358
443770000,0.4386191789997478,-0.411048768231904,4.014066700531903,4.4207449606005085,65.96153398895142,-84.90821902948326
443780000,0.4391259215767766,-0.41105765866715455,4.018796747036236,4.41531468986472,65.99136527151664,-85.00863361016069
443790000,0.43864122612161904,-0.41034916786159054,4.00826498398967,4.427424209408205,66.10073073525969,-84.86878706140622
443800000,0.43893265476992693,-0.4111399643345804,4.017728767936062,4.416539578550359,65.96310445013447,-84.97565761594073
443810000,0.4388865259019009,-0.41112315314454057,4.017160338645951,4.417191805700239,65.96354475050374,-84.965520110305
443820000,0.4388335323362585,-0.4110261957572016,4.015839677870959,4.418707918265591,65.97934806656988,-84.94903556990047
443830000,0.43899193223812794,-0.41096887929186326,4.016801495426197,4.417603650926213,66.00052115267877,-84.97668200312548
443840000,0.43832241726177823,-0.4115725127355727,4.015850891937424,4.418695040093088,65.8399913259836,-84.88242680591792
443850000,0.4378388404644147,-0.4107668089070663,4.004505012287756,4.431763913823409,65.96820915824134,-84.73707299513748
443860000,0.43807406154276707,-0.41077132499329677,4.00669310269917,4.42923739523888,65.98206004644135,-84.78360086300725
443870000,0.43865033045138463,-0.4096487811252419,4.0023573687264005,4.434246594849217,66.23937479542528,-84.82648300478293
443880000,0.43832079740954116,-0.4098356085048434,4.000941237282057,4.435885201438824,66.1817461613285,-84.77333042701508
443890000,0.43845922768455964,-0.4100725180445856,4.004231181847133,4.432080304472921,66.14380140746596,-84.81553512498218
443900000,0.4381390580299985,-0.4098861673373635,3.9997135978738823,4.43730670529599,66.16031849388825,-84.74073242608384
443910000,0.4378240149210942,-0.4090284171304812,3.989536634354745,4.449126718991067,66.3092044050508,-84.6243365746514
443920000,0.43831149114803425,-0.4100710089737553,4.002867717788417,4.43365637275412,66.13479548247682,-84.78633977717936
443930000,0.4381620435456788,-0.40957926547336765,3.9973046263270406,4.440098800082779,66.2222019603457,-84.72586012348908
443940000,0.4381906738412671,-0.4092645369136304,3.9948839896830965,4.442908033624272,66.28601106707394,-84.71155292899643
443950000,0.4379561390371742,-0.4096440604902884,3.9959796144926445,4.441636072905658,66.19641320886856,-84.68942341928108
443960000,0.43746496310174093,-0.41020211732419415,3.996266140826114,4.441303554175178,66.05565392328106,-84.62810641852329
443970000,0.4379638850362455,-0.40943486009020724,3.9942676052782384,4.443623949559272,66.23808163983708,-84.67769494924711
443980000,0.4377303154923316,-0.408630764793834,3.9853093492705467,4.4540554266546595,66.38151026900142,-84.58052578581604
443990000,0.4372793716096211,-0.40906310121829553,3.984883323056129,4.454552761307161,66.26768517223492,-84.51941775099144
444000000,0.4373349199604707,-0.40897687636277474,3.9846555834897037,4.454818666564614,66.2881757077617,-84.52483821378195
444010000,0.43732484553653805,-0.40849439104616564,3.980474764305564,4.459705897896122,66.38240101138177,-84.4920157794567
444020000,0.43764058308722886,-0.4090526393124114,3.9880746271876166,4.450830052008233,66.29275739641197,-84.58977997926713
444030000,0.4371112966073044,-0.40931869640775936,3.9855288046665844,4.45379928300573,66.20676460390187,-84.50267542187402
444040000,0.43697854297383387,-0.4087175725026172,3.97922745569647,4.461166080976765,66.31636172367844,-84.43824016431539
444050000,0.43650963427783745,-0.40861316782599294,3.9741040380900894,4.4671741612417115,66.30681466197457,-84.3395004950497
444060000,0.43666000964923246,-0.40887402654289795,3.977670106757108,4.462990590244822,66.26526530425355,-84.38571375419073
444070000,0.43683087977520263,-0.4084877838860646,3.9759469826147398,4.465011091181176,66.35203300997311,-84.39451384676505
444080000,0.43707357429912813,-0.4083163985307941,3.976693331610473,4.464135707793149,66.40128185133392,-84.43119743531155
444090000,0.436606880877018,-0.4081652878822382,3.971199153080441,4.470587986382096,66.40096153969672,-84.32980518217619
444100000,0.4367988000538231,-0.40837311631580614,3.974687664167036,4.466488925694087,66.37249350656779,-84.38085329232189
444110000,0.4367691266163694,-0.4083770621829636,3.9744528151543066,4.466764636156076,66.369812801132,-84.3752793468386
444120000,0.4367068186125354,-0.4081950937922977,3.972353029280293,4.469231311192065,66.40154115100319,-84.35134593794876
444130000,0.4365226449262347,-0.40726827416104117,3.9628871082620196,4.480385839922382,66.57167099447977,-84.25528166216256
444140000,0.4370442433957585,-0.4074985298464178,3.9695275461596013,4.4725548795406995,66.56020445149046,-84.37272626731743
444150000,0.43625119512339244,-0.4055793194861215,3.94632052731536,4.500045283545845,66.88581234084589,-84.0914744593721
444160000,0.4385255991346418,-0.4031370243970996,3.946469134839404,4.499868148139615,67.5190820816175,-84.37836700523526
444170000,0.438072773318285,-0.4048269209018425,3.956427068514051,4.488031003522998,67.15431873135122,-84.4010040275723
444180000,0.43793600473603345,-0.4063461453062663,3.9678996450647537,4.474472047109239,66.84517480117582,-84.47363072206122
444190000,0.4362278843850136,-0.40732038090965145,3.96067224045294,4.483004034561033,66.54230656570878,-84.20078855913535
444200000,0.4362605482135618,-0.40771023980291243,3.964243017439466,4.478784561939099,66.46792018601863,-84.23246504730515
444210000,0.43655723597841606,-0.4076097270970839,3.966069750608467,4.476629107193819,66.50684613048173,-84.28420203186496
444220000,0.4357987800202147,-0.40747565797260293,3.9581201327068922,4.4860247613513025,66.48399655718902,-84.12671128594798
444230000,0.4366307719559828,-0.407348990893457,3.9645394153368483,4.478434682915796,66.56282738581302,-84.2817600743882
444240000,0.4353000688052711,-0.4074399089568607,3.9533480956863207,4.4916842204991365,66.45859838821022,-84.02671596602966
444250000,0.434832497171242,-0.4070809296693874,3.9461613100429065,4.500235081252192,66.49835033594306,-83.91186068261065
444260000,0.43548709783476036,-0.40703632346977964,3.9516422724016596,4.493710806809733,66.54980005456383,-84.0370555453865
444270000,0.436082895574576,-0.40698896839538923,3.956588945492529,4.4878391037236325,66.59791682305729,-84.1507830006655
444280000,0.4357211591269723,-0.4059689137499061,3.9448216046093036,4.50183274879525,66.77439717140435,-84.01302997668569
444290000,0.4353619535926222,-0.4066189165901413,3.9470320406321853,4.499197311723213,66.62338889955724,-83.98526515373167
444300000,0.43504898926496804,-0.40565373813695016,3.9361980779086467,4.512144570987974,66.79187103042456,-83.86047315122099
444310000,0.4349661877089581,-0.4052441446111304,3.932061281976278,4.51710842129892,66.86662740392143,-83.81713700258265
444320000,0.43506772787319903,-0.4063352682638037,3.9420367905890017,4.505157496161318,66.65964134775344,-83.90904361710597
444330000,0.4356920994327588,-0.4063722215568391,3.9479258198928786,4.498132580672575,66.69337292923291,-84.03381407658061
444340000,0.4353736119139366,-0.4063104230311579,3.9445614563883877,4.50214312338063,66.68459434326327,-83.96732403800411
444350000,0.43532315268897087,-0.4059455554095245,3.9410703514266663,4.506312487056066,66.75278003984658,-83.9334432863259
444360000,0.4358435700741174,-0.40592745738494485,3.945571295777861,4.500938560697403,66.79058538081689,-84.03432604031957
444370000,0.4354815315459854,-0.4054412561785788,3.938289808082861,4.50963889219586,66.86211419961103,-83.931217539315
444380000,0.43556404774056956,-0.40514552397786113,3.936570419491556,4.5116983356077185,66.9256044404757,-83.9278311167734
444390000,0.4349670578524286,-0.4049568625135874,3.929688808738273,4.51996025614152,66.9229734183707,-83.79823004885395
444400000,0.4349540857269917,-0.40503251161443415,3.930199892312828,4.5193455962999165,66.90728785774562,-83.80071642138456
444410000,0.4344167872754666,-0.40530909688650557,3.927716369019168,4.52233403463273,66.81745828172951,-83.713903545092
444420000,0.43464650423558304,-0.40589248938063344,3.9345979753908784,4.514063252766421,66.71855357093871,-83.7974552571908
444430000,0.4347846133478431,-0.40530162534670156,3.9309225727376607,4.518476749029088,66.84332689324394,-83.78538769308467
444440000,0.43462149957630986,-0.4048737830830981,3.9259309562682936,4.524484930498269,66.91625188570306,-83.72501814162996
444450000,0.4350492018932789,-0.40488987405857,3.9298648142615007,4.519748562017018,66.94156495751409,-83.80987453515499
444460000,0.43492016913081916,-0.4050574118643896,3.930104482492742,4.5194603289107755,66.90015570607271,-83.79572571898791
444470000,0.4347206771253605,-0.40402514551624563,3.919805868343238,4.5318797818457615,67.08910873643009,-83.68773150065282
444480000,0.43489981535740846,-0.4048391910785422,3.9281170315027243,4.5218516417319545,66.94155762052074,-83.77722548524565
444490000,0.4341940665888791,-0.4042849815371023,3.9172826829717344,4.534933230644931,67.00293098427063,-83.6020356088987
444500000,0.4347295687423946,-0.4047652197456729,3.925992773610749,4.524410423867213,66.94470960482006,-83.73894770327603
444510000,0.4344352615964231,-0.40473790407215504,3.9231555529292508,4.527832629995313,66.93043539915355,-83.67950851972462
444520000,0.4345069404722932,-0.4039537278574345,3.917324069513861,4.534883112516218,67.08875921756305,-83.64106327960815
444530000,0.43482165250608235,-0.40424222752138544,3.922491058530685,4.528634896796698,67.05332762039117,-83.72206420481575
444540000,0.4347160898498265,-0.40387862591922535,3.918558472245922,4.533388800445227,67.11751723385571,-83.67700032168752
444550000,0.4342313561003822,-0.40404766646262086,3.91565841622775,4.536901074520979,67.05186606183456,-83.59341551945532
444560000,0.4338488045267686,-0.40356840744306804,3.9083413209584434,4.545787636188426,67.11987551224252,-83.4863231206246
444570000,0.43358015888228396,-0.4036464629490508,3.906613465539049,4.547891303568311,67.08649173547893,-83.43907613631286
444580000,0.433026089811706,-0.4035709983127252,3.901120111204189,4.554592723195617,67.06380385227767,-83.32580271861008
444590000,0.43396219595573493,-0.40283620060749753,3.903343044971883,4.551878503606359,67.27080659423355,-83.45895951307058
444600000,0.4339252772167312,-0.4032050198054202,3.9060365478200354,4.548594145544099,67.19612510742934,-83.47672850100315
444610000,0.43384234551106354,-0.40340436388098644,3.9069390128676607,4.547494796818854,67.15152142987212,-83.4739839784871
444620000,0.4341819558546404,-0.40303746262503265,3.906927891803663,4.547508340770193,67.24629959355792,-83.51563118093524
444630000,0.4343051620487586,-0.4033833369081502,3.9108512994958455,4.542735275569783,67.18689201556671,-83.56314459989609
444640000,0.4338732256747691,-0.40328487139006075,3.906231893973074,4.548356136164572,67.17698168905487,-83.47194680320548
444650000,0.4340266951716537,-0.40345164663738836,3.9089528713882014,4.545043549149586,67.15472183829804,-83.51324176206846
444660000,0.4335520097762554,-0.40286903987254097,3.9000008918580473,4.555960552291548,67.23653264624977,-83.38094610685162
444670000,0.43332250205518813,-0.40297625664258,3.8988595229813754,4.557356316651328,67.19999355423492,-83.34337405721314
444680000,0.4332989353680962,-0.4024231149897474,3.894138478766905,4.563138921337624,67.30647138365119,-83.30112394146887
444690000,0.43366719115448704,-0.402214945912736,3.8956756031451323,4.561254516277737,67.3723126148487,-83.35893247341772
444700000,0.43377288624782445,-0.40327758820088416,3.9052878955753907,4.549506537966662,67.17161933218966,-83.45182860769707
444710000,0.4335587319183286,-0.40279091273543555,3.8994216667403334,4.5566687694500505,67.2522643341569,-83.37695226796595
444720000,0.4333603035580668,-0.4024593877097927,3.8949727798230263,4.562115930056115,67.30356731295505,-83.31559220680936
444730000,0.43382391925538566,-0.402233757704362,3.897206557605444,4.559379256825352,67.37932849799064,-83.3908919579708
444740000,0.4333174129223662,-0.4020375533471653,3.8911609595877517,4.566793682268623,67.38310053738311,-83.27839185552497
444750000,0.4333201588701952,-0.4021418844453808,3.892034067246391,4.565721364386012,67.36289146718353,-83.28606545183412
444760000,0.4330302578908863,-0.40198205359099337,3.888193465641966,4.570442101149185,67.37428413993834,-83.21847229770665
444770000,0.43273597762852195,-0.4020543592696755,3.886205912959236,4.572889056686928,67.34000208259808,-83.16596416038357
444780000,0.4334035114436903,-0.4019815491601838,3.8914604194786744,4.566425838880541,67.39994445313064,-83.29139430926578
444790000,0.4332243652070368,-0.4014750075804284,3.8857754545942886,4.573419364342327,67.4867111910028,-83.22160546516328
444800000,0.43301637996575626,-0.40177578862682045,3.8863962469181197,4.5726546128996475,67.4136298652733,-83.20161653313485
444810000,0.4328488228023084,-0.40175703344012614,3.884778206515801,4.574648418024613,67.40578997905942,-83.16759937578314
444820000,0.432425560321669,-0.4016661205900744,3.8803436968318543,4.5801219026635644,67.39444153099754,-83.07874106402316
444830000,0.4331067424654149,-0.40151271936503435,3.885051920515203,4.574311013217739,67.47124897201643,-83.20120233408103
444840000,0.43248316849440654,-0.40154393767419716,3.8798563027698467,4.580724307222552,67.42224254396547,-83.08157049113674
444850000,0.43289985273603304,-0.4014084365587988,3.882397142502021,4.5775856839851405,67.47739074605988,-83.153594612687
444860000,0.43250274784028764,-0.4013371943250075,3.8783529947455757,4.58258337281702,67.46393463438203,-83.0711440119387
444870000,0.4329315427784768,-0.4016157037637235,3.8843547676770473,4.575170487636649,67.43907822521265,-83.17404618461572
444880000,0.43204216940862916,-0.4014057704130188,3.8748944908860077,4.586866198114052,67.41878689291812,-82.98605296917616
444890000,0.43320003113813743,-0.4018838384428267,3.888882142740967,4.56959486805008,67.40511071222103,-83.24491732167272
444900000,0.4331354873875819,-0.4020205417111984,3.8894280287537146,4.568923529473511,67.37397191995886,-83.24166837785418
444910000,0.43382117567233563,-0.4024671884211185,3.899086604442731,4.5570785521433965,67.33344807042583,-83.40626834416952
444920000,0.4330165127506883,-0.40127494574914446,3.8823352329576153,4.577662106690363,67.51151426532044,-83.16719546892504
444930000,0.4331148194437527,-0.40059846536494714,3.8777218835877907,4.583364296503874,67.65059066413583,-83.13966864169244
444940000,0.4326704859801662,-0.40077409973359157,3.8752632253622146,4.5864091871249695,67.5854730491058,-83.06497535990412
444950000,0.4319407577807068,-0.39995607817617534,3.8623293840378925,4.602495330584598,67.69439217660525,-82.86563094085159
444960000,0.43158663199147973,-0.40045168861730546,3.86324210413951,4.601356371968039,67.57309395084772,-82.83116945953377
444970000,0.43165324003939104,-0.39997846773223295,3.860016894534997,4.605383607902281,67.66993827817012,-82.81113736605259
444980000,0.4315908047880911,-0.4004764989993045,3.8634778508128287,4.601062283828924,67.56855204135364,-82.83370943073088
444990000,0.4313817048524648,-0.40035010166118984,3.8606499575272126,4.604592549573646,67.57859812544153,-82.78418776604283
445000000,0.4321866345948796,-0.3999282291045364,3.864239495544788,4.600112413721964,67.71699863744068,-82.91166370658354
445010000,0.43167980141794504,-0.39925050925741185,3.854413217622632,4.6123979573287075,67.81371753427918,-82.7652911869514
445020000,0.43097924443823327,-0.3988548907194851,3.845206028558404,4.623970573642807,67.84143543058735,-82.60091111174273
445030000,0.4307748550374987,-0.3992931659853155,3.8469422360817185,4.621783770441796,67.7417394118315,-82.59205046443492
445040000,0.43168036987614805,-0.39923529701414345,3.8542964357990273,4.612544370476625,67.81672417710061,-82.76433256375054
445050000,0.4312648622476679,-0.398773573250519,3.847019590601262,4.621686389464081,67.87744872420812,-82.65079527032361
445060000,0.43172218893566533,-0.3983346980898095,3.84746795043198,4.621122035619091,67.99538473416891,-82.7089410125764
445070000,0.431439146072308,-0.3989236258820232,3.8497209238097563,4.618288335257537,67.86050609797881,-82.69535286521071
445080000,0.4309781381122632,-0.39877342042429476,3.844547080156461,4.624801092644937,67.85721807319037,-82.594939000798
445090000,0.4312772469256401,-0.3980910309872288,3.8416915981392017,4.628403588937628,68.01136019230175,-82.60486114403113
445100000,0.4311827910637735,-0.3986904422325247,3.845649163498275,4.623412231188859,67.88784570157348,-82.62892999404579
445110000,0.4311508144165876,-0.39843824037433134,3.8433647194167753,4.6262920707880415,67.9347188532625,-82.6048503712679
445120000,0.43085906748935265,-0.3985348905871651,3.8416223256794715,4.628491054933629,67.89522758210158,-82.55488041936395
445130000,0.4314457945007878,-0.3984026526912467,3.845623966612038,4.623443975134535,67.96255160169191,-82.65982912759803
445140000,0.4314934298853285,-0.3983453506826478,3.8455784984234582,4.623501258726664,67.97710180760683,-82.66506046287955
445150000,0.43152434737003037,-0.39892333487381004,3.850454416177098,4.617366545033461,67.86657115917978,-82.71194275327595
445160000,0.4312965956300735,-0.3981052746359522,3.841971496539094,4.6280502132129095,68.00995735057025,-82.60964523832229
445170000,0.4304338232878492,-0.39769928298900087,3.8313360253726683,4.641516587801751,68.02759483376178,-82.41270594624123
445180000,0.4308663041092378,-0.3980055389689825,3.8374767345334475,4.633731600870776,67.99880576144231,-82.51870979326672
445190000,0.4309435699364782,-0.39795521295753594,3.8377413602883252,4.633396717883441,68.01410532402917,-82.53017791394544
445200000,0.43055753882493814,-0.3980428381053993,3.8351207896574766,4.636715226840009,67.96957474955398,-82.46126262959461
445210000,0.43015328142136505,-0.3984003459214947,3.834490750610001,4.63751379029682,67.87132827744016,-82.40808699765824
445220000,0.4310575069294431,-0.3977465738636698,3.837065137300186,4.634252574245711,68.06287101293528,-82.53752007952023
445230000,0.4307152704159339,-0.3978590747420233,3.8350170515295643,4.636846693738978,68.01657054464134,-82.47887413987632
445240000,0.42995820619903846,-0.39784716080713667,3.828433810311609,4.645205245966566,67.96489910700652,-82.33080573213176
445250000,0.4298593395616983,-0.39683888164988995,3.8196260004704965,4.656436639077498,68.15371218597208,-82.23933190560116
445260000,0.4302975413023895,-0.39639262002519865,3.819853652438829,4.656145645717595,68.27208855547617,-82.292400783269
445270000,0.4301055732690197,-0.396229744379922,3.8169336087127506,4.659880982870963,68.28992181298847,-82.24327749884532
445280000,0.4304479047525865,-0.3959967487511261,3.8180249686406564,4.6584841909058055,68.36004314479203,-82.29307320346217
445290000,0.43032397393702315,-0.3966933386924078,3.8224479069362767,4.652832199484911,68.21546086232077,-82.31921953716109
445300000,0.4305930585312232,-0.3963093226892545,3.8217241366400914,4.653756131171316,68.3096365346619,-82.343941578441
445310000,0.4304508990520492,-0.39593471862543,3.817563166291523,4.65907513032277,68.37234396615658,-82.28916633046518
445320000,0.43061143224861786,-0.3955022763624652,3.815539647146294,4.661666311464657,68.46826605325471,-82.28909316850726
445330000,0.4294802934001162,-0.39640887423104565,3.813012670634621,4.6649063326771225,68.20990781035884,-82.1346851580772
445340000,0.4312171285160166,-0.39660283498516724,3.8293851111495254,4.6439955002890825,68.29735593520272,-82.48677850080436
445350000,0.4301087824822149,-0.396278043000563,3.8173406903138996,4.659359873628353,68.28075636409964,-82.24739251246494
445360000,0.43066362154715826,-0.3959379566204175,3.819406343492512,4.656717448240847,68.38711155998594,-82.33085538751817
445370000,0.4304257280664927,-0.3969028345255981,3.8249703612806765,4.649615084365569,68.18200198805164,-82.3540912754632
445380000,0.4293934300122608,-0.3955372513263849,3.8054413093358987,4.67464179704446,68.37289555493358,-82.05459278246609
445390000,0.4302492916217837,-0.39548043768652197,3.8122786180374906,4.665848379698912,68.4462065760235,-82.21693616201384
445400000,0.43003028876126087,-0.3961122626307553,3.8153682886501117,4.661885877054241,68.3073338614175,-82.22013341693012
445410000,0.43037788476723826,-0.3952828487714735,3.811827139328749,4.6664279788018,68.49405511384414,-82.2276144400483
445420000,0.4297044267217788,-0.3958241248213224,3.8103314722134782,4.668349139322941,68.33975256464603,-82.13588038429486
445430000,0.42927760100590445,-0.3960751130266322,3.808669570824373,4.6704857258458246,68.26003500822094,-82.07117298176897
445440000,0.42885299362306295,-0.3956359601708578,3.801628875238765,4.6795596983862975,68.31439117765864,-81.95688191125852
445450000,0.42888473831095436,-0.39603909643727336,3.805052207171512,4.675143239598684,68.2385253479335,-81.99234354967581
445460000,0.4284926566604275,-0.3959448302443718,3.8009923754649257,4.680381792403011,68.22831525999916,-81.90951658145924
445470000,0.42996782083608975,-0.3953291421330091,3.8086963299901884,4.670451307657103,68.45518227295483,-82.1511263765182
445480000,0.4292094169863159,-0.39563260862703886,3.804625084583686,4.675693806568005,68.34098506923277,-82.02579724289454
445490000,0.42923003868360604,-0.39551740917020006,3.803899112696568,4.676629899175894,68.36485274611735,-82.02141504956582
445500000,0.4288708248053172,-0.3957435010953387,3.8026208170212388,4.67827910997417,68.29483344585134,-81.96816689218055
445510000,0.42938199603369787,-0.39375492129815953,3.791459226164869,4.692730162759495,68.71851928587104,-81.9217075050488
445520000,0.42950346439991216,-0.3945001005379518,3.7982800732855226,4.683888281672957,68.58252671661143,-82.00018018083186
445530000,0.42930423904061554,-0.39456719732317097,3.797114122237044,4.685397288186347,68.55486451072501,-81.9663712595092
445540000,0.4302611312148528,-0.39529852191758036,3.8109546381727575,4.6675484957916344,68.48250193847437,-82.2060077965963
445550000,0.4302480600667732,-0.3941896758936304,3.8021840011978787,4.678842947037534,68.6976349353268,-82.12237460741336
445560000,0.42846806731445186,-0.39350341802686384,3.7817972340979913,4.705313710026335,68.69977623026388,-81.72556071566255
445570000,0.4293506110997038,-0.3943115843199078,3.795517741911499,4.687464984115367,68.6079566270404,-81.9566132904886
445580000,0.42874698540271755,-0.39532259044055146,3.7982837522179,4.683883521871013,68.367432349018,-81.91347578795451
445590000,0.4292273184228739,-0.39427876437851567,3.7942187115432073,4.68914892022106,68.60527071904686,-81.93023439501489
445600000,0.4299994070012711,-0.3936094171907612,3.795560057354733,4.687410151338659,68.7924311390349,-82.03117709285164
445610000,0.4295112928618214,-0.3935989319693916,3.7913433064945963,4.692880725192946,68.7584193428479,-81.93534145522773
445620000,0.42866146141469974,-0.3938455513937599,3.7860755023717356,4.699733278521348,68.6476956008258,-81.78840379158082
445630000,0.4290243847580098,-0.39352615106452177,3.7866637089716133,4.698967101288324,68.73656271522194,-81.83526803705821
445640000,0.4291220950035471,-0.3938817817461243,3.790245630795514,4.694306933527495,68.67467058059061,-81.88053923142783
445650000,0.42889274679871825,-0.39308932814684133,3.782174418725849,4.704821177301576,68.81168927025382,-81.77729638249765
445660000,0.4289021280927439,-0.3932367292444912,3.783392729901364,4.703231011593516,68.78374362865536,-81.79006284151262
445670000,0.4286853858472668,-0.3933804931191659,3.782677256300591,4.704164729517852,68.73974346143754,-81.75862769583607
445680000,0.4283511870593528,-0.3931262525721436,3.777899869811197,4.710409132147298,68.76427432172898,-81.67489032886179
445690000,0.42836550336416207,-0.3924052539588285,3.7724647624618246,4.717533908203469,68.90525556832932,-81.62391752584173
445700000,0.42638840967429675,-0.39295807840196617,3.7601764039023764,4.733724166930522,68.65052662684516,-81.28267233615757
445710000,0.4290836060853867,-0.39404910655082936,3.7912188796916237,4.693042348139728,68.63931764047761,-81.88539971234768
445720000,0.4299350330447989,-0.3903831363525971,3.770154604901256,4.720568940293305,69.41707965583383,-81.77737063743447
445730000,0.4283891437485825,-0.39379722100562664,3.7834059916418874,4.703213708145018,68.63694417430227,-81.73200073703822
445740000,0.4282517204075179,-0.3933568872183397,3.778844159249762,4.709173528763655,68.71215280423048,-81.67273006110854
445750000,0.4285215332664047,-0.39323771034952176,3.780193703977727,4.7074088007518595,68.75530297859027,-81.71622581351637
445760000,0.42789592897802226,-0.3923080956302647,3.767779348412716,4.723693672296574,68.88896837494144,-81.52556001096572
445770000,0.4283593635569668,-0.3922147382173378,3.770948327503789,4.719525714662929,68.9417794525791,-81.60847203126822
445780000,0.4281623086643546,-0.3921051589840272,3.768453414112526,4.72280648494306,68.94828404274035,-81.56201756571521
445790000,0.42806777150217223,-0.39274206582249205,3.772557482549197,4.717412178128743,68.81767872441887,-81.59131147588172
445800000,0.4279283836045488,-0.3925863617396271,3.770190135181308,4.720522231132195,68.83745681842193,-81.55266486510006
445810000,0.4282791439087201,-0.3923379434206605,3.771222103258481,4.7191659883276,68.91186140859831,-81.6021221830736
445820000,0.42823618569786853,-0.3921935541541436,3.7697519163185356,4.721098392857505,68.93666685881811,-81.58297697020473
445830000,0.42832489643048943,-0.3923721615910164,3.771869280048223,4.718315856824258,68.90864254079831,-81.61356129428421
445840000,0.42742067900832287,-0.3911521134880068,3.7549561627980057,4.740636494408223,69.07722328317537,-81.34647174268869
445850000,0.428146009628278,-0.3917821976526439,3.7658388851640723,4.726249566065989,69.00973154978968,-81.53461364905328
445860000,0.42840400830142794,-0.39141638657423755,3.765197929930989,4.727094427136398,69.10017338022348,-81.55718406338282
445870000,0.42809574315792925,-0.3910712743019469,3.7599769122275544,4.733987942147125,69.14393504242359,-81.47127765697971
445880000,0.42737317424981786,-0.39200019609049713,3.761044588566316,4.732576571963917,68.90940378024138,-81.40119795783754
445890000,0.4278536544285843,-0.39196345320511367,3.764780392988907,4.727644960774738,68.95261121123082,-81.49152156438892
445900000,0.42710236771209625,-0.3912834014576751,3.753305059026733,4.742827094268739,69.02773643530442,-81.29476359366151
445910000,0.4276005720582622,-0.39079579083947763,3.753738701587508,4.7422515586908665,69.15990138087408,-81.3543578545168
445920000,0.42788879383656203,-0.3905303564736799,3.7541208290645587,4.741744513171061,69.23325749550456,-81.39013193867632
445930000,0.42753217640855157,-0.3908172328678284,3.7533317647538884,4.742791645972711,69.15055993178547,-81.34272391949393
445940000,0.42752967948923337,-0.39096510738825496,3.7544384493016083,4.7413231469524515,69.12170826030005,-81.35344277884654
445950000,0.4274811020492211,-0.3908809492044748,3.753391617518408,4.742712201371372,69.13433957214855,-81.33765348443254
445960000,0.4277280277420011,-0.39106006947482125,3.756818344099194,4.738168334467588,69.11830784817177,-81.39908295531256
445970000,0.4276596017432494,-0.3906573197896841,3.753175792132214,4.742998686530453,69.19122925726391,-81.35530237932372
445980000,0.42724703775711936,-0.3901337166867113,3.7457573613873176,4.75286746892989,69.26135076986934,-81.2355013420187
445990000,0.4272387846574394,-0.3905207495389381,3.7486302005930416,4.749040724641677,69.18573992596124,-81.26336637930645
446000000,0.4266782736852657,-0.39045807742944144,3.7434955067669295,4.755884805602008,69.1552315652806,-81.15011257588141
446010000,0.4274880079983472,-0.3907070143686598,3.7521237048476372,4.744395728072169,69.1685745298928,-81.32580384623475
446020000,0.42742109138778267,-0.38991681750009843,3.7455585042120565,4.753132589062428,69.31667147064914,-81.25269044104571
446030000,0.42693016163748304,-0.3893429640664907,3.737134793328141,4.764391146399023,69.39029999980104,-81.1136272945934
446040000,0.42673675102990893,-0.3893245711308612,3.7353930454513784,4.76672587144343,69.3790143620855,-81.07476565442401
446050000,0.4265742044261716,-0.38983143008690324,3.7378804423871754,4.763392357919884,69.26848306478367,-81.08216211465158
446060000,0.42643359699141625,-0.38948746387288224,3.7341143684314475,4.76844136687376,69.3242306289777,-81.02861625520958
446070000,0.4269283465650623,-0.38941268226439635,3.737646935839111,4.763705091137035,69.37665782027311,-81.11862494491596
446080000,0.4267813943055597,-0.3891565818387602,3.7344937805704705,4.767932208878623,69.41496639730754,-81.07050204217984
446090000,0.4272333428920255,-0.38902443355301763,3.7372419144225804,4.764247632498734,69.47531950520484,-81.1479123606111
446100000,0.4276548114447163,-0.3890394632501347,3.7408556774181783,4.759411333532787,69.5047980959497,-81.23084361802624
446110000,0.4265591668103172,-0.3889311196952753,3.7309534160940725,4.772687592356729,69.44150744149984,-81.01013485369964
446120000,0.4260460471511768,-0.3886648930825345,3.724711255411565,4.781095731083841,69.45340602451398,-80.8903659438531
446130000,0.42627780330594106,-0.38857707836726846,3.725962501746332,4.779407879844914,69.48829060969231,-80.92838508211437
446140000,0.4269147229095552,-0.38876989835515935,3.732679958317523,4.770367303422264,69.50012480211663,-81.0665589048376
446150000,0.42675623717651645,-0.3882862548799814,3.7277265837610885,4.777030320286776,69.58158194535153,-80.9984994472268
446160000,0.42740088580070973,-0.3884652673686664,3.7344120613816227,4.768041863792206,69.59670049551328,-81.13733165544157
446170000,0.4265556419503606,-0.3882856310875913,3.7260644910696104,4.7792703566182055,69.5661760643139,-80.95960397581135
446180000,0.426627914020519,-0.38795557121537877,3.7241816540484303,4.7818104975868545,69.63569156705518,-80.94801647059032
446190000,0.42617248696653287,-0.3881386855593759,3.7217995301694105,4.785028197040439,69.56492130050663,-80.87407860118105
446200000,0.42582479142699703,-0.38781801609899935,3.7165327480259887,4.792158186792905,69.5999058504859,-80.78195909544434
446210000,0.42530452449648326,-0.38784961760770115,3.7124958401196437,4.797637980478131,69.55332366719178,-80.68396715221105
446220000,0.425827511853181,-0.3888143794105309,3.724034481646348,4.782009164948736,69.40765119373737,-80.85969417589092
446230000,0.42569706754387626,-0.38813453615214866,3.7178543449635817,4.79036700744831,69.52883874611454,-80.78187966952885
446240000,0.42604172263167533,-0.38806103277651144,3.7201395082096393,4.78727312954584,69.56979123833682,-80.84276942493585
446250000,0.42620115069594305,-0.38776610420969926,3.7192413066466847,4.788488713994873,69.63921429026445,-80.85068851621558
446260000,0.4264804610150541,-0.38751552075168766,3.7196654369416597,4.7879146368164065,69.7094531347135,-80.88524961590873
446270000,0.42662303318985223,-0.38770431427219365,3.7222561533342895,4.784411060675623,69.68398092804361,-80.92755454273022
446280000,0.42630883748457293,-0.3873968867095089,3.7173633088293676,4.791032355493243,69.71904826222416,-80.84277675336146
446290000,0.4261100217424331,-0.38735668792563877,3.7154262250103267,4.793658929954107,69.71132052063703,-80.80116813482115
446300000,0.42583249693889713,-0.3880323976852338,3.718202538201661,4.789895324599213,69.55908212691152,-80.80010982059034
446310000,0.425729864077717,-0.3878762052785705,3.7161880590594127,4.792625574526163,69.58128098942467,-80.7681448000729
446320000,0.423386523443,-0.3804080575408954,3.6423153718374817,4.894999784970552,70.83433817822082,-79.71779665138077
446330000,0.4254625611950886,-0.3874824134129097,3.7110468614363628,4.799607993257068,69.63650606183981,-80.68585086040108
446340000,0.4258035414082076,-0.3873489602470405,3.7128489628633634,4.797158130594287,69.68889668844037,-80.7413020259361
446350000,0.42592492404146937,-0.3870237838611686,3.7114174938318607,4.799103928350218,69.7612501252446,-80.73935644397184
446360000,0.42520992422237375,-0.3870702816547876,3.705900479394229,4.8066183773035265,69.69630490559848,-80.60487542372206
446370000,0.42521890611708624,-0.38662167106816225,3.702633551922157,4.811079481435338,69.78358782037354,-80.57142342104696
446380000,0.4249756329691273,-0.3866884329804208,3.7011408046889356,4.813120707870823,69.75159506362604,-80.52972934201462
446390000,0.4251322531613473,-0.3868204610897388,3.7034038793732647,4.810026807371057,69.73842118444963,-80.57030777502631
446400000,0.42521836553758974,-0.38631876682096816,3.700377503971317,4.81416515418477,69.84201827109351,-80.54749479796146
446410000,0.42542556327132064,-0.3863641742775118,3.7024098967728034,4.811385200977466,69.84955906661502,-80.59108266273707
446420000,0.4247360501935101,-0.3858712448898598,3.69312085159669,4.824117906527189,69.89030887564047,-80.41912369380195
446430000,0.42496022446195747,-0.3858075894683808,3.694477509128606,4.822253996995849,69.9203133726433,-80.45733355975746
446440000,0.4245144642113209,-0.38613822155424454,3.6932928700197305,4.823881488899083,69.82134451520213,-80.39750436460709
446450000,0.4255087270348003,-0.38550117268287815,3.6966873069140846,4.819221119960547,70.02290200067127,-80.53902930717578
446460000,0.42543215640033627,-0.3852173891215804,3.693961770921395,4.822962394802046,70.07169409880747,-80.50172842665286
446470000,0.42556582802864157,-0.38592079799764306,3.7002649071237648,4.814319263031337,69.94629374737505,-80.58324462311883
446480000,0.4249119787518216,-0.3859726195567755,3.695306614189189,4.821115617963442,69.88465879396146,-80.46106698405187
446490000,0.425163882050533,-0.38570089393160434,3.6953493726778004,4.821056924587363,69.95701757170953,-80.48820779706963
446500000,0.4249689221932539,-0.38597549412096654,3.6957926004515484,4.820448604598434,69.8886015291543,-80.47228054383277
446510000,0.42459345124241055,-0.385088331982144,3.6861733602997035,4.83368626213886,70.02997273664361,-80.32953759184454
446520000,0.4248115129229133,-0.38476401957063305,3.685556128875027,4.834538220653794,70.1099034652473,-80.34578279265118
446530000,0.4247618566432252,-0.3850949746604059,3.6875925857769998,4.83172848677244,70.04208499501689,-80.36254934274582
446540000,0.42411894404650036,-0.38537067967582417,3.6844001569498293,4.8361346263848946,69.93785151364517,-80.26055186021549
446550000,0.4250990754042395,-0.3846191981285249,3.6868297699335524,4.832780564180386,70.1607973761922,-80.38976379419101
446560000,0.4244602163654898,-0.38490127747766284,3.6837112337712283,4.837086548749,70.0554324668775,-80.28895766826646
446570000,0.4242790631722151,-0.384885190171136,3.6821214252071504,4.8392847407941,70.04409771632656,-80.25276209868241
446580000,0.42461550348485055,-0.38482383633587297,3.684402754710502,4.836131037645951,70.08273950907281,-80.31273135699793
446590000,0.4244224885881062,-0.38382931678978166,3.675526390348037,4.848425472212262,70.25912552688513,-80.19593725177478
446600000,0.4243209990095409,-0.3840270003106923,3.676153465302169,4.847554821426142,70.21285823615362,-80.19223085743523
446610000,0.42438920960017107,-0.38363931250865746,3.673864320193725,4.8507346961083435,70.29310035770348,-80.17424810384169
446620000,0.4245897058788827,-0.38439963215245593,3.681070724090573,4.840738646381108,70.16250959561762,-80.27389318368505
446630000,0.42470332817432643,-0.38379501247940884,3.6775529209601374,4.845612928979975,70.28829739427866,-80.24737645892947
446640000,0.4245350981008266,-0.3850637626230072,3.6855176190929377,4.834591385539418,70.03006803626107,-80.31633114965587
446650000,0.42475350896684044,-0.38399144039446953,3.679401825108918,4.843049825046983,70.25440131978752,-80.27282477399413
446660000,0.4241554268414966,-0.3843078368342676,3.676872729195682,4.846556567471602,70.14546325613875,-80.18282231290286
446670000,0.4242701738145638,-0.38356465162334,3.6723534588264655,4.852835794498819,70.2979223157208,-80.14528441189225
446680000,0.4240339887305328,-0.3842104312177995,3.6751738610956606,4.848915075919355,70.15450138758082,-80.1516268106381
446690000,0.42400232503421426,-0.3833262765159289,3.668443006542216,4.8582825953381805,70.32229123537671,-80.0744480155442
446700000,0.4241338141511887,-0.38366653950693463,3.6719954820113196,4.8533338931219445,70.26730875494725,-80.12719499723676
446710000,0.4238620863777013,-0.3833045047449505,3.6671507032602575,4.860085380864799,70.31517263493083,-80.04567408207184
446720000,0.4237390502791604,-0.383457035733377,3.6672714316979627,4.85991690447129,70.27587750418006,-80.0342821777635
446730000,0.424058051819515,-0.384012219533405,3.673914845875076,4.850664464184704,70.19461245254477,-80.14036839941204
446740000,0.4242134306894049,-0.38289262747814756,3.6669828756508243,4.860319604007455,70.42294247964777,-80.08011876673295
446750000,0.4238794863583739,-0.3831026681666782,3.6658174673096173,4.861946707322621,70.35545751628018,-80.03272893627576
446760000,0.4236758359921066,-0.3825025848615333,3.659801826629201,4.870363346952105,70.45455227453688,-79.94489990310039
446770000,0.4234611521594712,-0.38269561757142906,3.659476985626231,4.870818691434078,70.39997105421031,-79.91923085626664
446780000,0.42366391593636105,-0.38249176432430015,3.6596270510123317,4.8706083270664235,70.45566848947101,-79.94172573500252
446790000,0.4234728355563248,-0.3829362620680294,3.6613236079143214,4.868231359195703,70.35460911037065,-79.94097585992724
446800000,0.4235643569321415,-0.38296447590650134,3.66226687454776,4.866910821068183,70.3565864514292,-79.96087266040395
446810000,0.42394229804636535,-0.38340964998612487,3.668567175299257,4.858109450015487,70.30138725922595,-80.06960522440431
446820000,0.42428511458760937,-0.38249105027216784,3.6646344661339816,4.863599516715517,70.50621895224482,-80.06141828060493
446830000,0.4248425771433632,-0.38170806135755675,3.6634443075580996,4.865263489795572,70.702800989401,-80.10542911410084
446840000,0.4246344215969045,-0.38126341342582565,3.6585347118764697,4.8721400140105695,70.77177050529131,-80.02887068101342
446850000,0.424377329685173,-0.3810586836582362,3.654977499840461,4.8771348243115265,70.7902796858203,-79.9624256470207
446860000,0.4246386760137356,-0.3810349708881961,3.6569138438409388,4.874414631039597,70.81628104706985,-80.01098824760314
446870000,0.4247850073623284,-0.3809124323620933,3.6572077750866607,4.874001985974007,70.85197369794086,-80.02924097293001
446880000,0.42373746049092187,-0.38098179502760443,3.6492709580607414,4.885169575911727,70.75263525005526,-79.83263283272102
446890000,0.42340637623189153,-0.382328117320514,3.6563636131598996,4.875187283271417,70.46624845004288,-79.87884720191326
446900000,0.4236469113278016,-0.38202633224361493,3.656107796098483,4.8755465957021595,70.5439322701851,-79.90059778371916
446910000,0.42393933105025833,-0.3817763207611875,3.6566483539928694,4.87478740934162,70.6159570131143,-79.93657400271812
446920000,0.4239944243873561,-0.3814375092010051,3.6546356541190135,4.877615375801593,70.68580295330291,-79.91952512867425
446930000,0.42371042630882577,-0.38171010400831734,3.654324954615311,4.87805222763112,70.61003920146902,-79.88704413505691
446940000,0.4236563514210937,-0.3814140691571562,3.651745381953013,4.881682279170982,70.66266620900853,-79.85242593998808
446950000,0.42395240450005506,-0.38163545260419235,3.6557319222108164,4.876074634698915,70.64418974693186,-79.92759681285885
446960000,0.4235071567228767,-0.38146063000551095,3.6508831245291953,4.8828969101767825,70.64148806616564,-79.82749236038619
446970000,0.42420033663330925,-0.38055524862854806,3.64991265943931,4.884264711560059,70.87298218779523,-79.88689593876452
446980000,0.42372986195592166,-0.3805899992877752,3.6463813180038525,4.889248529786424,70.82755640403805,-79.7989633157758
446990000,0.42380584160254997,-0.38073219292967125,3.6480177406293897,4.886937732717876,70.80638456787803,-79.82531416902498
447000000,0.42385772201152555,-0.38094705918323707,3.649986715729028,4.884160306783045,70.76920509257458,-79.85297256875472
447010000,0.4235543843128276,-0.3812032920223601,3.6494009102517806,4.884986302294264,70.6949288630098,-79.81551591495216
447020000,0.4241085452547218,-0.3817612699049794,3.6579029548333115,4.8730263201982496,70.6326643326881,-79.96798484887695
447030000,0.4234539411064926,-0.3810682081174255,3.6476179335200802,4.8875020945241845,70.71271429754096,-79.78508746141854
447040000,0.423332248350861,-0.38098162578995237,3.6460160131764177,4.889764684019548,70.7193992512942,-79.7545429922483
447050000,0.42270942656829325,-0.3803305282485842,3.636338989018598,4.903478593551382,70.7933853247653,-79.58108821421386
447060000,0.42348413342816466,-0.3811359215631161,3.6483496406917517,4.886469329091577,70.70214776666732,-79.79645833036923
447070000,0.4227430064936957,-0.38099075945499494,3.6413610514915313,4.896351677841077,70.66923404071566,-79.64193355333116
447080000,0.4222186363211564,-0.3809588230438002,3.6369404018472786,4.902623993609944,70.63225382523889,-79.53860115143539
447090000,0.4213591714526683,-0.38194258500505257,3.637181327046666,4.9022817277510295,70.37328740295911,-79.45461551972322
447100000,0.42161484903571056,-0.3811204462575143,3.633290541815437,4.9078151060419275,70.5516124181092,-79.43614085744292
447110000,0.4220973145462694,-0.3797207070230642,3.6270829930781976,4.916669925767085,70.85985782700558,-79.4130081412331
447120000,0.42252937244471794,-0.38051046079813233,3.636194503050705,4.903683951826531,70.74394258462046,-79.56133357979121
447130000,0.4229466262559274,-0.3799221521999781,3.635300693120083,4.904954718698876,70.89154996891529,-79.59294570791559
447140000,0.42267475868281124,-0.37878861024825866,3.625017139963157,4.919624061554037,71.08706105044699,-79.44637838750822
447150000,0.42244548214578376,-0.37883137583360926,3.623497040316214,4.921800107361504,71.05969086661145,-79.40585318140636
447160000,0.4228117739068073,-0.3788425752510154,3.626494159227971,4.9175115772653335,71.08811426270779,-79.47725016859012
447170000,0.4217217419242094,-0.3792071376594457,3.6204268549265204,4.926201156797074,70.92715735119992,-79.29822808318666
447180000,0.42218306353299273,-0.3792758892236382,3.624583525965056,4.920244585203771,70.95239406577755,-79.39249253149065
447190000,0.42279783596961096,-0.38006155536561453,3.63511273371806,4.905222034457992,70.85241570807906,-79.57585737895143
447200000,0.4225321915266039,-0.3803637937233261,3.6351625463982056,4.905151187978762,70.77235581283465,-79.54977015136856
447210000,0.4225817599366944,-0.37923489390201837,3.627464727403287,4.916124450619309,70.99346570502003,-79.46569911690032
447220000,0.4219184361716535,-0.3776582256550501,3.610968277265164,4.939810781739185,71.24091401209759,-79.20617319012321
447230000,0.4227668079011784,-0.3791910852599912,3.62862651380257,4.914465092698493,71.01729766174132,-79.49764681538099
447240000,0.4220015661454819,-0.3789996174518556,3.6211680173472724,4.925137975536015,70.99031350150736,-79.33461380968573
447250000,0.42305160364193367,-0.3785188111496355,3.6260950603575695,4.918082198691099,71.1704952024175,-79.49638491059555
447260000,0.4234921254987865,-0.3778598216003697,3.6249122004706402,4.9197742205584944,71.3344769716343,-79.52610163762715
447270000,0.42280464367211273,-0.3782638566249712,3.62230972856211,4.923501137362476,71.19892291641588,-79.42747892641188
447280000,0.4235332513240477,-0.3793418534418296,3.635829505174561,4.904202802883574,71.05199807917407,-79.6578283477086
447290000,0.42172261093697544,-0.3786555495461102,3.616501947769154,4.931839215194392,71.03303260203619,-79.25232827694295
447300000,0.42261641767692276,-0.3770567032172248,3.6122403196224147,4.937975991243759,71.41549851931325,-79.28962477071511
447310000,0.4210297197466958,-0.3790270304731854,3.6136596039653974,4.9359304704538145,70.903921180377,-79.15061580969781
447320000,0.4222451520753901,-0.37856168197018786,3.619981148222782,4.926840740241229,71.09478287011976,-79.3448031562152
447330000,0.42170498038791787,-0.3770613422994508,3.605054095776519,4.948359801613187,71.3375056184156,-79.1147791147103
447340000,0.42067432137954014,-0.379533180184877,3.614456303043983,4.934783003024029,70.77747527626163,-79.12485321806525
447350000,0.4201262234227214,-0.376915371415968,3.591591224920608,4.967934329234614,71.23165217122302,-78.80003381977114
447360000,0.4214545871694553,-0.37783154933107543,3.608526143662357,4.943337235791268,71.16858155457334,-79.13175333121603
447370000,0.42023182087442607,-0.37599893673279755,3.5859807779086488,4.976138753894422,71.41580711934027,-78.742187003572
447380000,0.42244765284439834,-0.37760369990484954,3.6147781510466634,4.934319608048365,71.2959801028898,-79.30330661109143
447390000,0.4226601752304707,-0.37706544194596414,3.612649530161242,4.937386044542128,71.41751529239221,-79.29878920440449
447400000,0.420298833726615,-0.3770499895687041,3.593894393024125,4.964574335794204,71.22056802904864,-78.8444401529982
447410000,0.4212718567570417,-0.37727455547225974,3.6031401059155668,4.951133008844123,71.25996077562544,-79.04972020516023
447420000,0.4229353421711714,-0.3783690325857191,3.624100157617152,4.920936499299118,71.18961790940948,-79.46145698878986
447430000,0.4229189151738565,-0.37778749652456683,3.6198295264921034,4.92705835436351,71.30025686185247,-79.40949993436713
447440000,0.422675900741261,-0.3754808298187102,3.601592074616038,4.953378309543712,71.72412533606773,-79.16710154456898
447450000,0.4212541527710974,-0.37514043697057464,3.587989982463772,4.973197400766134,71.66779595116215,-78.86451428879693
447460000,0.4209630700048496,-0.3755146416903305,3.5883234582741403,4.972709558049089,71.57106727838016,-78.84076714991969
447470000,0.422854940181267,-0.37652951679207813,3.6104039445904044,4.94062522209811,71.53725641155759,-79.29092288037867
447480000,0.4213946948021708,-0.37765353007519514,3.60679140473984,4.945845350443331,71.19767161936868,-79.1052693654434
447490000,0.42229899599608633,-0.3780239575464322,3.616582500207232,4.931723369890579,71.20265236477921,-79.31006869385307
447500000,0.42151656558911793,-0.3769433366258871,3.6027319718202073,4.951724773121448,71.34420059094882,-79.06862172731694
447510000,0.42150535142888546,-0.3771046465896478,3.6037828214514627,4.950201413221722,71.31229898687643,-79.08012934850855
447520000,0.4227606760504494,-0.37651764071449245,3.609571986395944,4.9418264005059696,71.53154664159602,-79.27174971516017
447530000,0.4217357775804833,-0.37626115443188646,3.5996520680069346,4.956195094855222,71.49378777941793,-79.05277738767391
447540000,0.42071276524045775,-0.3757307284291773,3.5878724590917788,4.973369349474549,71.50824100775941,-78.81129975692329
447550000,0.4206165977069289,-0.3765604705596044,3.5929442895113,4.965959835364578,71.34117981714347,-78.86365330687963
447560000,0.41642471873807524,-0.37439356971106524,3.545270918548722,5.036515176143973,71.3933990848924,-77.88011158470246
447570000,0.4210066533280854,-0.37610866587084124,3.5928342513777705,4.966120351084982,71.46092908836475,-78.89988418250964
447580000,0.42462922354054417,-0.37808815307412535,3.6356402591979657,4.904471863816168,71.38568100148306,-79.76506596651888
447590000,0.42283633038737645,-0.37453625553400127,3.596232652286279,4.961167921169031,71.92002319804071,-79.11701891052984
447600000,0.42132182286273745,-0.3751377774371721,3.58850332758465,4.9724464675312126,71.67411464626908,-78.87727366157468
447610000,0.4236254575895895,-0.3744082407566511,3.6015854120899418,4.953387977546766,72.01265627525903,-79.25843461964912
447620000,0.42083498166777067,-0.3734170300505897,3.5726929735154003,4.995681638821271,71.96224127687712,-78.63523602836102
447630000,0.4206325618739278,-0.3733848015972094,3.570887234319522,4.998349588028329,71.95082441776674,-78.59362018535717
447640000,0.42143191538137204,-0.37770339277737,3.6074387470613227,4.944909106445172,71.19124766915655,-79.11660984503807
447650000,0.4207342099711136,-0.3746094691091039,3.580200014928987,4.984621408395488,71.7248968379484,-78.71912991711521
447660000,0.42179554835122746,-0.37446271499332656,3.587508634237844,4.973901739870723,71.84455392954548,-78.91022343654288
447670000,0.421436197603971,-0.3750971617444454,3.5891184339713833,4.971546982256174,71.69172969138803,-78.89574533694541
447680000,0.42051462389844124,-0.37555522642019895,3.5850884963761422,4.977446146055905,71.52488557239222,-78.75833938012947
447690000,0.4216017338253043,-0.3755724092492884,3.593752856164915,4.9647806832405275,71.61464520336001,-78.96826109300252
447700000,0.4215439028300056,-0.3749053445124947,3.5886232158139086,4.972271125780238,71.73782170432858,-78.89995491369056
447710000,0.42105275361860584,-0.3739767583176952,3.578287409940077,4.987434497483075,71.87374496945111,-78.7255632574291
447720000,0.4201987170323527,-0.37372317826585083,3.569847401714197,4.999887252036,71.84832293981069,-78.53991333436012
447730000,0.42034646630866035,-0.37377565918304706,3.5713649041170337,4.997643554189642,71.85109502663141,-78.5727520295038
447740000,0.4222198503939884,-0.3747974529773628,3.5931929946664205,4.9655970814218415,71.8166679484482,-79.0206740546569
447750000,0.4209294112085734,-0.374878689779533,3.583609618266234,4.979614588283705,71.69009973671311,-78.77973088505631
447760000,0.42062758722663096,-0.3737493494282091,3.5733785651463306,4.994669454996112,71.88051832219237,-78.62432422841476
447770000,0.42102352177431246,-0.3748477070505889,3.584131554096581,4.978849065164624,71.70413718872679,-78.79511254683729
447780000,0.420934681822213,-0.3739319842003664,3.577050957818277,4.989254827114992,71.87211331052023,-78.69903397478737
447790000,0.4203599111055039,-0.3737635477673117,3.5713857959120516,4.997612679137462,71.85458046306965,-78.57427596569178
447800000,0.4202455224746816,-0.37382089485391606,3.570890934275586,4.9983441184122155,71.83367964944222,-78.55734955994521
447810000,0.4203428061636684,-0.37388150616735777,3.572071404679509,4.996599665960149,71.83051032717047,-78.5812290136463
447820000,0.4206476986175066,-0.3731175713360937,3.5691533215758064,5.0009141718307575,72.00337185172206,-78.57326481918145
447830000,0.4209056534524615,-0.3734131382785868,3.5732187097826915,4.994905422263795,71.9691299912507,-78.64845491010678
447840000,0.4207513404771578,-0.37329738265646367,3.571209162402586,4.997873730276589,71.97791569513187,-78.60879075385743
447850000,0.42034455284003674,-0.37344083603529665,3.5690270164780693,5.001101091974377,71.91504678497094,-78.54330916707111
447860000,0.41992482028022887,-0.37273612887851465,3.5608814076419923,5.013186254524152,72.01334987993651,-78.40153362141385
447870000,0.4200038815525024,-0.3722168180852986,3.5579145721680314,5.017602899890664,72.11965127905569,-78.37119349427346
447880000,0.42004495040695694,-0.3725872322988107,3.5607881382308215,5.013324980452626,72.0523479370251,-78.41150196957118
447890000,0.41911375267725764,-0.37287449914687715,3.5555379374215237,5.021146703394476,71.91602590984466,-78.25865616311216
447900000,0.41969234124707006,-0.37287634075725495,3.560041919934634,5.014435165734698,71.96622290652967,-78.36932393948153
447910000,0.419705837324294,-0.37234711030223877,3.5564965000024062,5.019716770516554,72.06859007295061,-78.32559707779146
447920000,0.41987975406978995,-0.37253058613885787,3.559112529149406,5.015818572391169,72.04873160808225,-78.37493320123293
447930000,0.4196525716903628,-0.37203117644953293,3.5539081998094217,5.023579782407341,72.1243283313638,-78.2876865235035
447940000,0.4197017171471323,-0.3723773570029849,3.5566728922114255,5.019453729139187,72.06244518674444,-78.32746032696103
447950000,0.41966477810833797,-0.37211103519025934,3.554552337846767,5.022617841885082,72.11013006906272,-78.29703452963724
447960000,0.4197393445954592,-0.37228302365441196,3.556315246793356,5.019987090279354,72.08378346315958,-78.32638595003365
447970000,0.4197931446893542,-0.37185588782817813,3.5537936469220197,5.0237508926437915,72.17021168285218,-78.29916540224288
447980000,0.41949145564842616,-0.3718183610560848,3.5511958761817426,5.027634460336796,72.15084758647687,-78.2381730521247
447990000,0.41930030680789654,-0.3716830873911319,3.5487863918589233,5.031242067555598,72.1598666478406,-78.18973717958869
448000000,0.4191032169560538,-0.3717547958302423,3.547753202373865,5.032790644061156,72.12881267791332,-78.15841496686822
448010000,0.41930716777667704,-0.3712513787132193,3.5458796650165225,5.035601260822551,72.2429511874106,-78.15296082188526
448020000,0.41915245631219267,-0.37168361331948346,3.5476457308867193,5.032951781927344,72.14674057478123,-78.16154580561283
448030000,0.41923954132083235,-0.37055585578241657,3.540600802021369,5.043537813411632,72.36986290992056,-78.07843766721159
448040000,0.4189671533497589,-0.37072298312476887,3.539638944420988,5.044986697227473,72.31376944608338,-78.04124284488664
448050000,0.41948881110884567,-0.3708386554163532,3.544460091856503,5.037733005604268,72.33791153192415,-78.15116657027939
448060000,0.4190131151069296,-0.37056850855679074,3.538939134583089,5.04604138612863,72.34734233295768,-78.03630917168746
448070000,0.4191949143583308,-0.3705430458242408,3.540168700263498,5.044188599385333,72.36834828613173,-78.06877316910963
448080000,0.4190546250253233,-0.36970964215584,3.533409287211615,5.0543914339345575,72.51508035051886,-77.9677547429631
448090000,0.41899339986974654,-0.37006414703758855,3.535349228953362,5.051458896378733,72.44190414525657,-77.98768346007496
448100000,0.4199638790808561,-0.3701180378423627,3.543214049356375,5.039605692330397,72.51801179804178,-78.17810734817986
448110000,0.4200965487988322,-0.3707214705926958,3.5483659403580368,5.031872135119954,72.41418706707461,-78.25710875994156
448120000,0.4194782148291861,-0.36994413546680577,3.538272795594638,5.047046052248091,72.50804709464505,-78.06965169587875
448130000,0.419544318517487,-0.36995816557063,3.538879002455188,5.046132032880376,72.51125469378219,-78.08354796787933
448140000,0.4187142025970437,-0.3697458273383551,3.5310339349704796,5.057986935931172,72.47776728947377,-77.90598634841288
448150000,0.4191467244472528,-0.37023065031535646,3.5376659353617463,5.04796139774747,72.42375129143568,-78.03179729259827
448160000,0.41845331026594096,-0.3700174485506292,3.5308733715960963,5.058230165840144,72.40267414105458,-77.88046253372828
448170000,0.418990446475391,-0.36970372994871703,3.5328746322736557,5.05520026726521,72.51047768374188,-77.9549669755302
448180000,0.41971150579658995,-0.3701777988318606,3.5416687431472016,5.04193013368334,72.48411212973356,-78.13509913254647
448190000,0.4192652394660179,-0.3691848287625157,3.531467816870171,5.057329788917112,72.63422928463497,-77.96105901641093
448200000,0.41911506143162114,-0.36933009900258057,3.5312966963032935,5.057588943015752,72.5930070210387,-77.94536303814746
448210000,0.41892007442989637,-0.36878214901959483,3.5260823577681544,5.065498929776155,72.68021329009964,-77.85894970458243
448220000,0.41883339229804345,-0.36831470849193304,3.5222563291219267,5.071319095286173,72.76170286766484,-77.80030753051307
448230000,0.4185742181473204,-0.3686224084522949,3.522345441406692,5.071183381009923,72.67960510105958,-77.77854527921053
448240000,0.41869310163220447,-0.3691303383503185,3.5266955376484,5.064567435650389,72.59334642046376,-77.84687154194386
448250000,0.4183169107747208,-0.368530355791416,3.5197502941421535,5.075138742534122,72.67399586696949,-77.72117185565972
448260000,0.4191597949980101,-0.36888365294312603,3.5286138166240733,5.061655611985061,72.68235293849807,-77.91388081246198
448270000,0.4184233013229866,-0.36830481264902537,3.519043462884542,5.076217150249686,72.72660417805402,-77.72113129991847
448280000,0.41859740077003466,-0.3682799931423568,3.520210885553801,5.074436274809423,72.74704642216521,-77.75211441171983
448290000,0.41829132682741094,-0.3685202754474252,3.519486170451215,5.075541659139891,72.67361319722208,-77.71538539903864
448300000,0.41827561410409214,-0.36881142721072036,3.5213326452920355,5.0727262671456606,72.61668894133578,-77.7385943321946
448310000,0.4183671458188929,-0.36831250408397825,3.518664992280048,5.0767947740662045,72.72007111157926,-77.711113406939
448320000,0.41899418716210585,-0.368347346432208,3.52371194198318,5.0691031928998145,72.76996404916397,-77.83397253497783
448330000,0.4180505147065411,-0.3690416634571202,3.52116424221078,5.072982904766787,72.55258807128105,-77.71638622550584
448340000,0.41883933778068017,-0.36899507395816156,3.5269032832315337,5.0642519249559035,72.63229217159066,-77.8626542731107
448350000,0.41873797532648716,-0.36831931348159686,3.521554895543417,5.0723876100791205,72.7522188844239,-77.7824992321642
448360000,0.4188258751130913,-0.3678114621679617,3.518804342816087,5.076582080826862,72.85716133916449,-77.75341367573188
448370000,0.418683406377488,-0.3683447501461144,3.5213078236722746,5.072764092337881,72.74244124683736,-77.77437346429737
448380000,0.4184808969334443,-0.3680561776493184,3.5178082839407683,5.078102786263045,72.77924278110939,-77.70967205443769
448390000,0.4184838026087986,-0.36714773933332356,3.5117203921265854,5.0874177087631045,72.95288815277931,-77.62788918401831
448400000,0.4179842877122037,-0.3676178926156026,3.5110588609938684,5.08843201749046,72.81786959812774,-77.57530500289263
448410000,0.41808789697744725,-0.3675849026312397,3.5116289344522778,5.087557913696806,72.8335511848553,-77.59206024004028
448420000,0.4184742757301836,-0.3669930245523433,3.510609409227381,5.089121387703277,72.98155573109324,-77.61199757513305
448430000,0.4178260702696137,-0.36676538920054924,3.504134801274438,5.099073517387933,72.96591513268835,-77.4676422610138
448440000,0.4178542860205688,-0.3673050994333707,3.5079660844183267,5.093179616183244,72.86566501412061,-77.52214646821795
448450000,0.4178638034990514,-0.3675681456009457,3.5098044132002757,5.090356572846937,72.81642147639712,-77.54783942789905
448460000,0.4181679034061853,-0.36710484433932655,3.5090175101422827,5.091564592320693,72.93234519593196,-77.56371590982579
448470000,0.4184377820191903,-0.36671824807720516,3.508488560139282,5.0923769449135206,73.03068502300053,-77.58000068852817
448480000,0.4180007048006565,-0.36542251161063805,3.4965044880553586,5.11085360179147,73.23788784956692,-77.37792618486606
448490000,0.4084506623073593,-0.36162587449691747,3.4007503636723606,5.263594604236291,73.058986519585,-75.22840578002888
448500000,0.41396009396798417,-0.35764691263944426,3.4155925871945603,5.2393061476409475,74.3311395737107,-75.87648512634259
448510000,0.4172089109984387,-0.36690921632007717,3.500397992502337,5.104835614782354,72.88227379366563,-77.3632947176758
448520000,0.4185515326691719,-0.36663204639874897,3.508780759880714,5.091928156467883,73.05751790068479,-77.59385766341443
448530000,0.4188938966589905,-0.36676016969580677,3.5122594153136295,5.086591545756402,73.06425133384981,-77.67095448351134
448540000,0.4176947086174478,-0.3663258318617151,3.500196009416602,5.1051474509823,73.03765015186936,-77.40247291104167
448550000,0.4178002643981688,-0.36648077109810206,3.5020348374924835,5.102309979005967,73.01778491170549,-77.43674535787697
448560000,0.41819494198523116,-0.3661760631725434,3.503007815533335,5.100809901199256,73.111971087798,-77.48412682448269
448570000,0.4182353406917368,-0.3660082370217498,3.502195428840805,5.1020623265947895,73.14769238970983,-77.47646589335243
448580000,0.41787908369859356,-0.36623846073226646,3.5010167593455384,5.103880561309021,73.07116551328227,-77.42960776000137
448590000,0.4180363937804528,-0.3663069775071925,3.5026732204675914,5.101325656967161,73.07249552651322,-77.46586447809092
448600000,0.4179382532654756,-0.36601904020511283,3.5000031531689633,5.10544523307932,73.11840841864708,-77.42079243961658
448610000,0.4176749761820219,-0.36594105727122617,3.4974791254464614,5.109345786414688,73.10913308545175,-77.36347310933378
448620000,0.4176131176325857,-0.36584554767376576,3.4963722961996466,5.1110581800615575,73.12164971927892,-77.34292913491524
448630000,0.41838839105605696,-0.36518101681853826,3.497850480833307,5.108771520826576,73.3196674878384,-77.42968137913033
448640000,0.41814282129457425,-0.3649187993502966,3.494237800297532,5.114363830025529,73.34708163797045,-77.35862095031236
448650000,0.41742033154695923,-0.36596958941841434,3.495733206057635,5.112047464706238,73.0803476035639,-77.31760429875484
448660000,0.4169300770261873,-0.36515514676493255,3.4866012029261477,5.126226580794194,73.1901673730862,-77.1494496195034
448670000,0.4175310065098835,-0.3649494349799147,3.489792013659448,5.121263070913663,73.28476269857897,-77.24480614647983
448680000,0.4178571877299856,-0.36426332014072244,3.487722074050426,5.124481866687121,73.44570510884905,-77.24348983150384
448690000,0.4170399726647457,-0.36487739870933916,3.4855924092754202,5.127797883929958,73.25311934293995,-77.14470196907784
448700000,0.4180229692612792,-0.36531696986047696,3.4959718510630173,5.111678006196032,73.26006672988181,-77.3724592281657
448710000,0.41754890727935445,-0.36456091801780727,3.487352944771736,5.12505630720929,73.36042239674825,-77.21230056579638
448720000,0.4170391814829981,-0.3643312015302666,3.481972645356233,5.133444218189953,73.35692411379704,-77.0939914860622
448730000,0.4173435471233777,-0.3638108629831769,3.4808399129685945,5.135213754341571,73.48422126685907,-77.1035845944959
448740000,0.417625101002182,-0.3635775652941595,3.4814327964128426,5.13428740491214,73.55487976630343,-77.13550574200404
448750000,0.41704590146456794,-0.3643449624793067,3.4821144146049887,5.133222836918765,73.3549298818944,-77.09654570123008
448760000,0.41727152901462805,-0.3644051574143246,3.4842200664616034,5.129937045369127,73.36439212444694,-77.14505635088497
448770000,0.41712656709630297,-0.36371059040255554,3.4785377096630814,5.138814090111444,73.4831142955451,-77.05294815281002
448780000,0.41705606709194953,-0.3641472387111725,3.4808851911414327,5.135142997429796,73.39348298775376,-77.08013338571284
448790000,0.416926547129375,-0.36380940769225917,3.47767764107186,5.140160454741796,73.44569734315394,-77.02409672651606
448800000,0.4166098855843166,-0.36453955972762087,3.480104789534687,5.1363628240700185,73.27753372267453,-77.03170958352905
448810000,0.41681990671087793,-0.36303168018883103,3.471756319874601,5.149449523919511,73.58363818431484,-76.93125387882174
448820000,0.4172091353952955,-0.3636658778710218,3.4788672266207623,5.138298451462534,73.4993128390141,-77.06449903007878
448830000,0.4163447647337272,-0.36351192557799994,3.4713316993410834,5.150116974997216,73.44801301234186,-76.88584322973095
448840000,0.41691673503909704,-0.3631351962124442,3.473166563912037,5.1472340713121305,73.5730064193008,-76.95934805407818
448850000,0.41646430117876315,-0.3639113652011996,3.4748612046649487,5.144574433368002,73.38331376407518,-76.94574684228125
448860000,0.41630103582932004,-0.36362197188112705,3.4717260710091424,5.149497065513248,73.42304736915935,-76.88780452731497
448870000,0.4167926354106781,-0.3631121803981764,3.4720794009051543,5.148941799665744,73.56578158982104,-76.93359703590113
448880000,0.4171697925576633,-0.36305129309475526,3.474525234682773,5.145101493475033,73.61263090515435,-76.99965602314984
448890000,0.41703357573659977,-0.3624881188674047,3.4698015167127103,5.152523711021218,73.70706241135129,-76.92096573274064
448900000,0.41727309337991686,-0.362430770585169,3.471232359569925,5.150273150561096,73.74046593732301,-76.96118355398112
448910000,0.41730878351423195,-0.3620994056308821,3.4693311392054285,5.153264005942227,73.80694052279571,-76.9368377417051
448920000,0.4176040868798535,-0.3622539988885841,3.4725730759367117,5.148166184640177,73.80524421560688,-77.00765714547371
448930000,0.41687942044490106,-0.36259741771654147,3.4693558877649755,5.153225050424195,73.67180144483034,-76.9018920279954
448940000,0.4168096022654087,-0.3629994289419136,3.4714668678445864,5.1499044874716855,73.58880661843867,-76.92627725074914
448950000,0.416861561596191,-0.36276211059531954,3.470301168422619,5.151737583154708,73.63880221289466,-76.91393653451532
448960000,0.41674993879841343,-0.3625047365640609,3.4677732102837218,5.155717487654608,73.67727644840588,-76.86857061879373
448970000,0.41675571737938133,-0.36206291507277594,3.4649255677657016,5.16020827579996,73.76183332085392,-76.8281344234737
448980000,0.41684021825250533,-0.36159562296551667,3.4625094362853357,5.1640248817331695,73.85868304518723,-76.80014818786904
448990000,0.4165896010512312,-0.3618411887070918,3.46222777715103,5.1644701785969405,73.78833760528643,-76.7756613661337
449000000,0.4164382628634798,-0.361387039754942,3.458129651372146,5.170958178805941,73.8603548764407,-76.70401286320431
449010000,0.4165764046952795,-0.3641101797859123,3.4770172763868796,5.141194692588707,73.35597953501122,-76.98551832258548
449020000,0.41604534827885525,-0.3644739808712386,3.4754135651572406,5.143708147496179,73.23766045929688,-76.91850825825273
449030000,0.4166713848033956,-0.36432940397143,3.479180979913276,5.137807579251522,73.32315382948731,-77.0239106398558
449040000,0.4167706956590417,-0.3636618812403162,3.4755291017603644,5.143526985450384,73.45923393036244,-76.98072942054479
449050000,0.41631017027909895,-0.36332873947660316,3.4698674257916466,5.152419998723273,73.47955703155162,-76.86217837452324
449060000,0.4168873809190911,-0.3632364915453257,3.473610848181249,5.146536519886102,73.55099807407316,-76.96323077021701
449070000,0.4174718919964995,-0.3638126331049138,3.481823097321827,5.133677767801597,73.49582395578935,-77.12819394209664
449080000,0.4169507330362857,-0.36439675942652333,3.48173694296277,5.1338123252485826,73.33625611594302,-77.08324938387474
449090000,0.4173572921863097,-0.36376749239647377,3.4806578479702077,5.135498290429171,73.49375913673799,-77.10216653419471
449100000,0.41686558062949913,-0.3638522439448875,3.477499528272554,5.140439366006005,73.43187927000461,-77.01649011767722
449110000,0.4164676170323531,-0.36334260045435723,3.471143951851821,5.150412147656166,73.49162846885662,-76.89336655838248
449120000,0.4169900922814483,-0.36318227059970515,3.4740294758257297,5.145879428821683,73.57090766298305,-76.97770180395275
449130000,0.41732119086527286,-0.3629801252556235,3.475201125865869,5.144041287779214,73.6403421314472,-77.02182775475522
449140000,0.4166959396895453,-0.3630545939403164,3.470972352474614,5.150681963051198,73.5676859563493,-76.90982988383438
449150000,0.41727090450526316,-0.3627022611678307,3.472996503515036,5.147501127252305,73.68855379366414,-76.98623337736883
449160000,0.41756332452054995,-0.36316645168434125,3.478257161696173,5.1392531844582665,73.62747645045334,-77.08537913798442
449170000,0.41690773793173275,-0.36263323924555546,3.4698041249731157,5.152519606669182,73.66764356496209,-76.91063849270648
449180000,0.41650661809949713,-0.36306799279452745,3.4696342062994785,5.1527870043296895,73.54743082442356,-76.87510966832706
449190000,0.41634619204524653,-0.36266890727676765,3.4658104397683016,5.158811953242495,73.60819711985413,-76.80726000400577
449200000,0.416415915511193,-0.3623163869356471,3.464027383729042,5.161626400520779,73.68169217801928,-76.78739881893802
449210000,0.4175716336036526,-0.3626317816364654,3.4748058303616554,5.144661295344277,73.73017104726232,-77.03692841519322
449220000,0.41621688434192955,-0.3618073560024654,3.4592079180201374,5.1692494810517955,73.75961306731263,-76.70166742197992
449230000,0.41621271990242936,-0.36246016332542563,3.463440940882286,5.162552756335467,73.63529792938353,-76.76232732029081
449240000,0.41698157160918964,-0.3624640912356923,3.4692520378303824,5.153388519679494,73.70675293631241,-76.90881385437446
449250000,0.4163378779098825,-0.36240237422212224,3.464003289946215,5.161664452759215,73.6580273734347,-76.78065958996332
449260000,0.41595972735592696,-0.3619817933202161,3.458417074425141,5.17050259420913,73.7022640509619,-76.6693145597971
449270000,0.4161939933417532,-0.36269968322314694,3.4648679519708967,5.160299220146073,73.58807991122224,-76.78125425694279
449280000,0.4157305832368492,-0.3619165603574201,3.456274614528708,5.173900524303148,73.69303240358097,-76.61971608181958
449290000,0.41573833006563166,-0.36172591278376887,3.455090209005309,5.175780959253629,73.7299014036583,-76.60319652478934
449300000,0.4164775191495989,-0.3615391056389422,3.4594151665403894,5.168921193527546,73.83517033172916,-76.72584724264897
449310000,0.4160287159735026,-0.36133367082923323,3.4547113261638644,5.176382794010984,73.83174298899519,-76.621196081562
449320000,0.41570720012705004,-0.3614499527658682,3.453060770212365,5.179006294146538,73.77927083336499,-76.57121841282618
449330000,0.41647641035019495,-0.3618082419492566,3.4611621821474263,5.166155576207992,73.78392463494384,-76.75104305659029
449340000,0.4160426353849,-0.3617934519638655,3.457810273692198,5.1714645105503285,73.74581298985291,-76.6672835390698
449350000,0.4157356776256498,-0.3611656597014542,3.4514254428546933,5.181608290251647,73.8358616846386,-76.54970356272095
449360000,0.4151958833204205,-0.36075253836807925,3.4447139532281197,5.192315304189746,73.86289781345126,-76.40824255741572
449370000,0.41532706270303754,-0.3598421450994814,3.439804779042745,5.20017593356104,74.04778175535998,-76.34630754084154
449380000,0.41598592864135475,-0.36082329036629124,3.451074211077806,5.1821674920494765,73.92453881130807,-76.56469603034921
449390000,0.4153917576380945,-0.3607254481853173,3.4459995249173825,5.190260872159423,73.8866432671218,-76.44275547015292
449400000,0.4159916992104497,-0.3609380587878558,3.4518625411524853,5.180912552468992,73.90330767338442,-76.57668442137665
449410000,0.4153111224161371,-0.36031590365297606,3.44274677001481,5.195462242086254,73.95653306952352,-76.3885066724725
449420000,0.4154806389009332,-0.3599164962879464,3.4414292278831216,5.197572134772598,74.0483717505128,-76.3825089501223
449430000,0.41596146758818286,-0.3606423112948068,3.449716998593214,5.184329500296742,73.95655783433304,-76.54285982281833
449440000,0.4149013379675999,-0.36093150956004766,3.443678415535701,5.193971382777721,73.80105951341206,-76.36951884336173
449450000,0.41504791012743125,-0.36108097581392806,3.4457397408583543,5.190675890006288,73.7866992928654,-76.41142402481256
449460000,0.4152896290869949,-0.3611181212309472,3.4477839606064538,5.187411993666357,73.80259096394322,-76.46069109842131
449470000,0.41543128030933046,-0.3603290818671733,3.44372797755586,5.193892096176407,73.96548713362061,-76.41252201402621
449480000,0.4157346289073971,-0.35992208371225637,3.4433598692375402,5.1944810351677955,74.07157581966665,-76.43119429612726
449490000,0.4153585999930683,-0.35975465911964793,3.4394751706534605,5.2007045845716116,74.06736918412146,-76.34391630181497
449500000,0.41466107234141775,-0.35958958249028683,3.433224138521827,5.21075146168277,74.0318441344077,-76.19612662051874
449510000,0.41537912390433646,-0.3592033364124543,3.436075342148695,5.206163953890744,74.17378719749915,-76.29498103829798
449520000,0.41535385503172645,-0.3584985665528309,3.4313587879299057,5.213757267248749,74.30490079405821,-76.22239389362602
449530000,0.4155327123843739,-0.3592332039125138,3.437411113085506,5.204017595453121,74.18286633067738,-76.32695599611858
449540000,0.41505737137217485,-0.3591835774126935,3.4335552947097057,5.21021821323441,74.14664207077317,-76.23215139467155
449550000,0.4160816221261122,-0.3604590525034423,3.449427720752207,5.184790553373347,74.00276946896636,-76.54823428119619
449560000,0.41630686751195967,-0.3619722696448391,3.4609595159199054,5.166476251270358,73.73678379727136,-76.73430091379186
449570000,0.41574808545224456,-0.3624081775031397,3.459614471849582,5.168605528756855,73.60150011539419,-76.66931554370241
449580000,0.4161701436649146,-0.36129474120543403,3.4555177806540303,5.175101957974451,73.85251724471914,-76.644355680039
449590000,0.41581454675010066,-0.3596953114144573,3.442491679610822,5.195870602431585,74.12223131783779,-76.42467712770741
449600000,0.4158306360868186,-0.35887828269527045,3.4373466761584353,5.20412109288276,74.27880251946367,-76.34937054014752
449610000,0.4156318922474099,-0.3588262461011605,3.435531508930003,5.207038324415389,74.2695590934577,-76.30666150766527
449620000,0.4155409102578385,-0.3579885997612242,3.429480626541986,5.216787326369062,74.41963773222956,-76.20860497560085
449630000,0.41572608018068563,-0.35736130841767433,3.426845078288331,5.22104540775951,74.55658650481206,-76.18293956910493
449640000,0.41497242150735775,-0.3577214576053593,3.4235530773774454,5.226374143272454,74.41521067158604,-76.07502987190774
449650000,0.4148857064034181,-0.35761724913584464,3.4222451610568863,5.22849436809814,74.42652739895702,-76.04851382868483
449660000,0.4147745060114876,-0.35778217460811085,3.422474822083389,5.22812194309719,74.38454223103784,-76.04346096366177
449670000,0.41595715285794715,-0.3587632809898415,3.437550159086245,5.2037942767177565,74.31280141892475,-76.36232294313945
449680000,0.4159467468914025,-0.3581828170894867,3.433744765023671,5.209913166806426,74.42200955678061,-76.30438774851964
449690000,0.4151856780647508,-0.35672158226388506,3.4187584424633513,5.234155253418039,74.62530723763683,-76.0182080370714
449700000,0.41559299828433455,-0.3575010309048685,3.4267489986563024,5.2212007725368,74.51715838861047,-76.17125112907382
449710000,0.4149235875524696,-0.3568009813984813,3.417323777547603,5.236488181609368,74.58471362737525,-75.97631205732925
449720000,0.41467329337391634,-0.35652842988281636,3.4137414135415782,5.242322876690033,74.6118672048463,-75.90235138150119
449730000,0.41522869611223734,-0.3568021758113971,3.4195899067505557,5.232804177807372,74.61423008074311,-76.03421736714542
449740000,0.4149301477843779,-0.35669646837284114,3.4167076265067,5.237490770939831,74.60513918308267,-75.9673617080028
449750000,0.4153281607925342,-0.3566496872904565,3.4193563803641127,5.233183570496282,74.65283152848589,-76.03819852990924
449760000,0.41462402338891347,-0.35707105919449367,3.416827273156628,5.237296053231674,74.5044306494537,-75.94594022081677
449770000,0.41509923602171495,-0.3565667355818851,3.417133810127518,5.236797250842362,74.64620857546043,-75.98672190494995
449780000,0.4157689056926757,-0.3567566598984712,3.4233061591846994,5.226774279487719,74.67552092576041,-76.13224090599147
449790000,0.415864961587451,-0.3567341089540943,3.423875774455658,5.225851300864615,74.68916646662421,-76.14828039862425
449800000,0.41560912429049846,-0.3565199106186445,3.4206133718914167,5.231142099398026,74.70486648628463,-76.07881933375867
449810000,0.4148633797570699,-0.35657121648149753,3.415417799457368,5.239590834150385,74.6223332554302,-75.94249861032901
449820000,0.41446197748682867,-0.35640751907024487,3.4114140734282405,5.246120663069213,74.61408389752047,-75.85057635113282
449830000,0.4156282832102411,-0.3564869211270533,3.4205455999059033,5.231252125558955,74.71299713107014,-76.07923363576683
449840000,0.4145144800767758,-0.35605452201285637,3.409563513080587,5.249144481811624,74.68596123089678,-75.8259578026833
449850000,0.41449770831914967,-0.3556995835883741,3.407193216703272,5.253022800032026,74.75143188484994,-75.78797385422062
449860000,0.41529199667572253,-0.355427100406529,3.4113323325060683,5.246254152107602,74.88107141732706,-75.91159494511793
449870000,0.4146944540999998,-0.35517251861859134,3.4053130742999502,5.256103322131372,74.87048428212579,-75.77335412978157
449880000,0.4151055657871691,-0.3549840750718492,3.407155702898935,5.253084228205507,74.94668904134052,-75.83263277641431
449890000,0.41507895021512586,-0.3554411804246852,3.40984722030264,5.248680670670167,74.85745453865484,-75.87260031479993
449900000,0.4152793771512221,-0.35519001386326027,3.409739924060254,5.248856071124469,74.9247811270408,-75.88587268257511
449910000,0.41533034469368557,-0.3553625472392034,3.411207458001068,5.246458095025393,74.89708284523871,-75.91251760684713
449920000,0.4156482984495321,-0.3552790400456842,3.4130311832724423,5.243481239753274,74.94420820618383,-75.96462581178488
449930000,0.4152023442191778,-0.3552239355827775,3.4093851926145393,5.2494360474664745,74.91076523467412,-75.87460925107973
449940000,0.4153675116078105,-0.3544223699972823,3.405547470721409,5.255719071865929,75.079060045284,-75.8268104808836
449950000,0.4148983724706958,-0.35396605406490156,3.399218923659446,5.266113932135724,75.11906166552373,-75.69266339774524
449960000,0.414377867162477,-0.3540152600975699,3.3957003048971433,5.271911735749827,75.05809007926277,-75.59904211987602
449970000,0.41459109676633216,-0.3540124007503224,3.397249349279586,5.269357677903471,75.07979182987198,-75.63909114885655
449980000,0.4141755234984857,-0.3541357709591038,3.394970820046443,5.273115391200451,75.01523670510379,-75.57275089731137
449990000,0.41408372128835225,-0.35313236070059434,3.3880146038825143,5.284621718078915,75.19569246483984,-75.45557622476007
450000000,0.4148211720016392,-0.3540017480414164,3.398874862360661,5.266680279390757,75.10463997607518,-75.68158504830038
