solid OpenSCAD_Model
  facet normal -0.451237 -0.885513 -0.110688
    outer loop
      vertex -5.26491 -3.36464 22.557
      vertex -5.32704 -3.76335 26
      vertex -5.32704 -3.33388 22.5642
    endloop
  endfacet
  facet normal -0.451199 -0.885532 -0.110689
    outer loop
      vertex -3.60663 -4.17871 22.3101
      vertex -5.32704 -3.76335 26
      vertex -5.26491 -3.36464 22.557
    endloop
  endfacet
  facet normal -0.451202 -0.88553 -0.110691
    outer loop
      vertex -5.32704 -3.76335 26
      vertex -3.60663 -4.17871 22.3101
      vertex -2.89999 -5 26
    endloop
  endfacet
  facet normal -0.451195 -0.885534 -0.110693
    outer loop
      vertex -2.89999 -5 26
      vertex -3.60663 -4.17871 22.3101
      vertex -2.89999 -4.52258 22.1807
    endloop
  endfacet
  facet normal 0.306856 -0.944406 -0.118051
    outer loop
      vertex 4.00811 -4.17871 22.3101
      vertex 4.66335 -4.42705 26
      vertex 2.89999 -5 26
    endloop
  endfacet
  facet normal 0.306849 -0.944409 -0.11805
    outer loop
      vertex 4.66335 -4.42705 26
      vertex 4.00811 -4.17871 22.3101
      vertex 4.66335 -3.97359 22.3723
    endloop
  endfacet
  facet normal 0.306852 -0.944407 -0.118053
    outer loop
      vertex 4.00811 -4.17871 22.3101
      vertex 2.89999 -5 26
      vertex 2.89999 -4.52258 22.1807
    endloop
  endfacet
  facet normal 0 -0.992278 -0.124037
    outer loop
      vertex -2.89999 -4.52258 22.1807
      vertex 2.89999 -5 26
      vertex -2.89999 -5 26
    endloop
  endfacet
  facet normal 0 -0.992278 -0.124037
    outer loop
      vertex 2.89999 -5 26
      vertex -2.89999 -4.52258 22.1807
      vertex 2.89999 -4.52258 22.1807
    endloop
  endfacet
  facet normal 0.889598 -0.453217 -0.0566517
    outer loop
      vertex 5.89999 -2 26
      vertex 5.85631 -1.69684 22.8888
      vertex 5.89999 -1.61214 22.8971
    endloop
  endfacet
  facet normal 0.889572 -0.453268 -0.0566563
    outer loop
      vertex 5.89999 -2 26
      vertex 5.41982 -2.53616 22.7502
      vertex 5.85631 -1.69684 22.8888
    endloop
  endfacet
  facet normal 0.889576 -0.45326 -0.0566582
    outer loop
      vertex 4.66335 -4.42705 26
      vertex 5.41982 -2.53616 22.7502
      vertex 5.89999 -2 26
    endloop
  endfacet
  facet normal 0.889578 -0.453256 -0.0566553
    outer loop
      vertex 5.41982 -2.53616 22.7502
      vertex 4.66335 -4.42705 26
      vertex 4.98539 -3.36464 22.557
    endloop
  endfacet
  facet normal 0.889575 -0.453262 -0.0566575
    outer loop
      vertex 4.98539 -3.36464 22.557
      vertex 4.66335 -4.42705 26
      vertex 4.66335 -3.97359 22.3723
    endloop
  endfacet
  facet normal -1 0 0
    outer loop
      vertex -5.89999 0.850235 22.9722
      vertex -5.89999 2 26
      vertex -5.89999 1.61214 22.8971
    endloop
  endfacet
  facet normal -1 0 0
    outer loop
      vertex -5.89999 0 23
      vertex -5.89999 2 26
      vertex -5.89999 0.850235 22.9722
    endloop
  endfacet
  facet normal -1 0 0
    outer loop
      vertex -5.89999 -2 26
      vertex -5.89999 0 23
      vertex -5.89999 -0.850235 22.9722
    endloop
  endfacet
  facet normal -1 0 0
    outer loop
      vertex -5.89999 -2 26
      vertex -5.89999 -0.850235 22.9722
      vertex -5.89999 -1.61214 22.8971
    endloop
  endfacet
  facet normal -1 0 0
    outer loop
      vertex -5.89999 0 23
      vertex -5.89999 -2 26
      vertex -5.89999 2 26
    endloop
  endfacet
  facet normal 0.451202 0.88553 -0.110691
    outer loop
      vertex 5.32704 3.76335 26
      vertex 3.39062 4.40001 23.2
      vertex 4.07753 4.40001 26
    endloop
  endfacet
  facet normal 0.451237 0.885513 -0.110688
    outer loop
      vertex 5.26491 3.36464 22.557
      vertex 5.32704 3.76335 26
      vertex 5.32704 3.33388 22.5642
    endloop
  endfacet
  facet normal 0.4512 0.885532 -0.110689
    outer loop
      vertex 5.32704 3.76335 26
      vertex 5.26491 3.36464 22.557
      vertex 3.39062 4.40001 23.2
    endloop
  endfacet
  facet normal 0.451199 0.885532 -0.110692
    outer loop
      vertex 3.60663 4.17871 22.3101
      vertex 3.39062 4.40001 23.2
      vertex 5.26491 3.36464 22.557
    endloop
  endfacet
  facet normal 0.451195 0.885534 -0.110693
    outer loop
      vertex 2.89999 4.52258 22.1807
      vertex 3.39062 4.40001 23.2
      vertex 3.60663 4.17871 22.3101
    endloop
  endfacet
  facet normal 0.451203 0.885529 -0.110698
    outer loop
      vertex 3.39062 4.40001 23.2
      vertex 2.89999 4.52258 22.1807
      vertex 2.89999 4.65 23.2
    endloop
  endfacet
  facet normal 1 0 0
    outer loop
      vertex 5.89999 2 26
      vertex 5.89999 0.850235 22.9722
      vertex 5.89999 1.61214 22.8971
    endloop
  endfacet
  facet normal 1 0 0
    outer loop
      vertex 5.89999 2 26
      vertex 5.89999 0 23
      vertex 5.89999 0.850235 22.9722
    endloop
  endfacet
  facet normal 1 -0 0
    outer loop
      vertex 5.89999 -2 26
      vertex 5.89999 0 23
      vertex 5.89999 2 26
    endloop
  endfacet
  facet normal 1 0 0
    outer loop
      vertex 5.89999 0 23
      vertex 5.89999 -2 26
      vertex 5.89999 -0.850235 22.9722
    endloop
  endfacet
  facet normal 1 0 0
    outer loop
      vertex 5.89999 -0.850235 22.9722
      vertex 5.89999 -2 26
      vertex 5.89999 -1.61214 22.8971
    endloop
  endfacet
  facet normal 0 0.992277 -0.124042
    outer loop
      vertex 2.89999 4.52258 22.1807
      vertex -2.89999 4.65 23.2
      vertex 2.89999 4.65 23.2
    endloop
  endfacet
  facet normal 0 0.992277 -0.124042
    outer loop
      vertex -2.89999 4.65 23.2
      vertex 2.89999 4.52258 22.1807
      vertex -2.89999 4.52258 22.1807
    endloop
  endfacet
  facet normal -0.30686 0.944404 -0.118057
    outer loop
      vertex -2.89999 4.52258 22.1807
      vertex -3.66937 4.40001 23.2
      vertex -2.89999 4.65 23.2
    endloop
  endfacet
  facet normal -0.306849 0.944408 -0.118053
    outer loop
      vertex -3.66937 4.40001 23.2
      vertex -4.00811 4.17871 22.3101
      vertex -4.66335 3.97359 22.3723
    endloop
  endfacet
  facet normal -0.306852 0.944407 -0.118052
    outer loop
      vertex -3.66937 4.40001 23.2
      vertex -2.89999 4.52258 22.1807
      vertex -4.00811 4.17871 22.3101
    endloop
  endfacet
  facet normal -0.306852 0.944408 -0.11805
    outer loop
      vertex -4.66335 4.40001 25.7837
      vertex -3.66937 4.40001 23.2
      vertex -4.66335 3.97359 22.3723
    endloop
  endfacet
  facet normal -0.950341 -0.308809 -0.0386008
    outer loop
      vertex -5.87213 -1.69684 22.8888
      vertex -5.89999 -2 26
      vertex -5.89999 -1.61214 22.8971
    endloop
  endfacet
  facet normal -0.950348 -0.308786 -0.0385987
    outer loop
      vertex -5.59379 -2.53616 22.7502
      vertex -5.89999 -2 26
      vertex -5.87213 -1.69684 22.8888
    endloop
  endfacet
  facet normal -0.950348 -0.308788 -0.038598
    outer loop
      vertex -5.32704 -3.76335 26
      vertex -5.59379 -2.53616 22.7502
      vertex -5.32704 -3.33388 22.5642
    endloop
  endfacet
  facet normal -0.950347 -0.308788 -0.0385982
    outer loop
      vertex -5.59379 -2.53616 22.7502
      vertex -5.32704 -3.76335 26
      vertex -5.89999 -2 26
    endloop
  endfacet
  facet normal 0.950348 0.308788 -0.038598
    outer loop
      vertex 5.32704 3.76335 26
      vertex 5.59379 2.53616 22.7502
      vertex 5.32704 3.33388 22.5642
    endloop
  endfacet
  facet normal 0.950347 0.308788 -0.0385982
    outer loop
      vertex 5.89999 2 26
      vertex 5.59379 2.53616 22.7502
      vertex 5.32704 3.76335 26
    endloop
  endfacet
  facet normal 0.950348 0.308786 -0.0385987
    outer loop
      vertex 5.89999 2 26
      vertex 5.87213 1.69684 22.8888
      vertex 5.59379 2.53616 22.7502
    endloop
  endfacet
  facet normal 0.950341 0.308809 -0.0386008
    outer loop
      vertex 5.87213 1.69684 22.8888
      vertex 5.89999 2 26
      vertex 5.89999 1.61214 22.8971
    endloop
  endfacet
  facet normal -0.889575 0.453262 -0.0566571
    outer loop
      vertex -4.98539 3.36464 22.557
      vertex -4.66335 4.40001 25.7837
      vertex -4.66335 3.97359 22.3723
    endloop
  endfacet
  facet normal -0.889578 0.453256 -0.0566548
    outer loop
      vertex -5.41982 2.53616 22.7502
      vertex -4.66335 4.40001 25.7837
      vertex -4.98539 3.36464 22.557
    endloop
  endfacet
  facet normal -0.889576 0.45326 -0.0566581
    outer loop
      vertex -5.89999 2 26
      vertex -4.66335 4.40001 25.7837
      vertex -5.41982 2.53616 22.7502
    endloop
  endfacet
  facet normal -0.889576 0.453263 -0.0566318
    outer loop
      vertex -4.66335 4.40001 25.7837
      vertex -5.89999 2 26
      vertex -4.67712 4.40001 26
    endloop
  endfacet
  facet normal -0.889572 0.453268 -0.0566563
    outer loop
      vertex -5.85631 1.69684 22.8888
      vertex -5.89999 2 26
      vertex -5.41982 2.53616 22.7502
    endloop
  endfacet
  facet normal -0.889598 0.453217 -0.0566517
    outer loop
      vertex -5.89999 2 26
      vertex -5.85631 1.69684 22.8888
      vertex -5.89999 1.61214 22.8971
    endloop
  endfacet
  facet normal 0.455865 -0.232274 -0.859206
    outer loop
      vertex 18.2919 -7.27226 34
      vertex 4.66335 -4.42705 26
      vertex 5.89999 -2 26
    endloop
  endfacet
  facet normal 0.182576 -0.740734 -0.646513
    outer loop
      vertex 15 -9 34
      vertex 2.89999 -5 26
      vertex 16.8589 -8.54182 34
    endloop
  endfacet
  facet normal 0.386187 -0.435904 -0.812925
    outer loop
      vertex 16.8589 -8.54182 34
      vertex 4.66335 -4.42705 26
      vertex 18.2919 -7.27226 34
    endloop
  endfacet
  facet normal 0.222893 -0.685994 -0.692626
    outer loop
      vertex 16.8589 -8.54182 34
      vertex 2.89999 -5 26
      vertex 4.66335 -4.42705 26
    endloop
  endfacet
  facet normal -0.218141 -0.700047 -0.679962
    outer loop
      vertex -15 -9 34
      vertex -17.2723 -8.29193 34
      vertex -2.89999 -5 26
    endloop
  endfacet
  facet normal 0.218148 0.700162 -0.679841
    outer loop
      vertex 17.2723 8.29193 34
      vertex 17 8.22957 33.8484
      vertex 17 8.37677 34
    endloop
  endfacet
  facet normal 0.293951 0.57415 -0.764162
    outer loop
      vertex 17.2723 8.29193 34
      vertex 17 8.18871 33.8177
      vertex 17 8.22957 33.8484
    endloop
  endfacet
  facet normal 0.29319 0.575415 -0.763503
    outer loop
      vertex 5.32704 3.76335 26
      vertex 4.07753 4.40001 26
      vertex 7.00639 4.40001 27.1247
    endloop
  endfacet
  facet normal 0.496708 0.122434 -0.859239
    outer loop
      vertex 19 5 34
      vertex 16.2817 5.99019 32.5697
      vertex 18.5418 6.85889 34
    endloop
  endfacet
  facet normal 0.496698 0.122389 -0.859251
    outer loop
      vertex 19 5 34
      vertex 15.7634 4.97296 32.1252
      vertex 16.2817 5.99019 32.5697
    endloop
  endfacet
  facet normal 0.496694 0.12245 -0.859244
    outer loop
      vertex 19 5 34
      vertex 14 4.40001 31.0242
      vertex 15.7634 4.97296 32.1252
    endloop
  endfacet
  facet normal 0.496695 0.122419 -0.859249
    outer loop
      vertex 14 4.40001 31.0242
      vertex 5.89999 2 26
      vertex 12.1443 4.40001 29.9515
    endloop
  endfacet
  facet normal 0.496704 0.122385 -0.859248
    outer loop
      vertex 5.89999 2 26
      vertex 14 4.40001 31.0242
      vertex 19 5 34
    endloop
  endfacet
  facet normal 0 -0.894427 -0.447214
    outer loop
      vertex -2.89999 -5 26
      vertex 15 -9 34
      vertex -15 -9 34
    endloop
  endfacet
  facet normal 0 -0.894427 -0.447214
    outer loop
      vertex 15 -9 34
      vertex -2.89999 -5 26
      vertex 2.89999 -5 26
    endloop
  endfacet
  facet normal 0 -1 0
    outer loop
      vertex -16 -9 61
      vertex 16 -9 62
      vertex -16 -9 62
    endloop
  endfacet
  facet normal 0 -1 0
    outer loop
      vertex -16 -9 61
      vertex 16 -9 61
      vertex 16 -9 62
    endloop
  endfacet
  facet normal 0 -1 0
    outer loop
      vertex -15 -9 34
      vertex 16 -9 61
      vertex -16 -9 61
    endloop
  endfacet
  facet normal 0 -1 0
    outer loop
      vertex 16 -9 61
      vertex -15 -9 34
      vertex 15 -9 34
    endloop
  endfacet
  facet normal -0.489432 0.152461 -0.85861
    outer loop
      vertex -5.89999 2 26
      vertex -14 4.40001 31.0434
      vertex -11.541 4.40001 29.6417
    endloop
  endfacet
  facet normal -0.489403 0.152499 -0.858621
    outer loop
      vertex -19 5 34
      vertex -16.7446 6.61393 33.0011
      vertex -16.427 5.63666 32.6465
    endloop
  endfacet
  facet normal -0.48941 0.152514 -0.858613
    outer loop
      vertex -16.7446 6.61393 33.0011
      vertex -19 5 34
      vertex -18.2919 7.27226 34
    endloop
  endfacet
  facet normal -0.489408 0.152544 -0.858609
    outer loop
      vertex -14 4.40001 31.0434
      vertex -19 5 34
      vertex -16.427 5.63666 32.6465
    endloop
  endfacet
  facet normal -0.489409 0.15254 -0.85861
    outer loop
      vertex -19 5 34
      vertex -14 4.40001 31.0434
      vertex -5.89999 2 26
    endloop
  endfacet
  facet normal -0.521186 0 -0.853443
    outer loop
      vertex -19 -5 34
      vertex -5.89999 2 26
      vertex -5.89999 -2 26
    endloop
  endfacet
  facet normal -0.521186 0 -0.853443
    outer loop
      vertex -5.89999 2 26
      vertex -19 -5 34
      vertex -19 5 34
    endloop
  endfacet
  facet normal -0.455935 0.232105 -0.859215
    outer loop
      vertex -16.7446 6.61393 33.0011
      vertex -18.2919 7.27226 34
      vertex -16.8615 6.97363 33.1603
    endloop
  endfacet
  facet normal -0.455862 0.232274 -0.859208
    outer loop
      vertex -5.89999 2 26
      vertex -11.541 4.40001 29.6417
      vertex -4.67712 4.40001 26
    endloop
  endfacet
  facet normal 0.521186 0 -0.853443
    outer loop
      vertex 5.89999 -2 26
      vertex 19 5 34
      vertex 19 -5 34
    endloop
  endfacet
  facet normal 0.521186 0 -0.853443
    outer loop
      vertex 19 5 34
      vertex 5.89999 -2 26
      vertex 5.89999 2 26
    endloop
  endfacet
  facet normal -0.386175 0.435891 -0.812938
    outer loop
      vertex -17 7.40001 33.4548
      vertex -18.2919 7.27226 34
      vertex -17 8.41681 34
    endloop
  endfacet
  facet normal -0.386161 0.436017 -0.812877
    outer loop
      vertex -18.2919 7.27226 34
      vertex -17 7.40001 33.4548
      vertex -16.8615 6.97363 33.1603
    endloop
  endfacet
  facet normal -0.416546 -0.36901 -0.830856
    outer loop
      vertex -17.2723 -8.29193 34
      vertex -18.5418 -6.85889 34
      vertex -5.32704 -3.76335 26
    endloop
  endfacet
  facet normal 0.484187 0.157351 -0.8607
    outer loop
      vertex 5.89999 2 26
      vertex 8.04493 4.40001 27.6454
      vertex 12.1443 4.40001 29.9515
    endloop
  endfacet
  facet normal 0.484206 0.157329 -0.860693
    outer loop
      vertex 8.04493 4.40001 27.6454
      vertex 5.89999 2 26
      vertex 5.32704 3.76335 26
    endloop
  endfacet
  facet normal 0.48411 0.157609 -0.860695
    outer loop
      vertex 18.5418 6.85889 34
      vertex 16.2817 5.99019 32.5697
      vertex 16.4779 6.37543 32.7506
    endloop
  endfacet
  facet normal 0.416521 0.368987 -0.830878
    outer loop
      vertex 18.5418 6.85889 34
      vertex 17 7.40001 33.4674
      vertex 17.2723 8.29193 34
    endloop
  endfacet
  facet normal 0.416527 0.369021 -0.83086
    outer loop
      vertex 17 7.40001 33.4674
      vertex 18.5418 6.85889 34
      vertex 16.4779 6.37543 32.7506
    endloop
  endfacet
  facet normal 0.416389 0.36905 -0.830916
    outer loop
      vertex 17.2723 8.29193 34
      vertex 17 7.40001 33.4674
      vertex 17 8.18871 33.8177
    endloop
  endfacet
  facet normal 0.416577 0.368951 -0.830866
    outer loop
      vertex 8.04493 4.40001 27.6454
      vertex 5.32704 3.76335 26
      vertex 7.00639 4.40001 27.1247
    endloop
  endfacet
  facet normal 0.489415 -0.152515 -0.858611
    outer loop
      vertex 18.2919 -7.27226 34
      vertex 5.89999 -2 26
      vertex 19 -5 34
    endloop
  endfacet
  facet normal -0.484199 -0.157326 -0.860697
    outer loop
      vertex -5.32704 -3.76335 26
      vertex -18.5418 -6.85889 34
      vertex -5.89999 -2 26
    endloop
  endfacet
  facet normal -0.496693 -0.122431 -0.859248
    outer loop
      vertex -18.5418 -6.85889 34
      vertex -19 -5 34
      vertex -5.89999 -2 26
    endloop
  endfacet
  facet normal -0.29319 -0.575414 -0.763504
    outer loop
      vertex -2.89999 -5 26
      vertex -17.2723 -8.29193 34
      vertex -5.32704 -3.76335 26
    endloop
  endfacet
  facet normal 0.662943 -0.748267 -0.0245516
    outer loop
      vertex 16.9582 -8.54182 36.6813
      vertex 16.8589 -8.54182 34
      vertex 17.1 -8.40001 36.1882
    endloop
  endfacet
  facet normal 0.663086 -0.74814 -0.0245531
    outer loop
      vertex 17.8893 -8.40001 57.5
      vertex 17.8589 -8.54182 61
      vertex 17.7293 -8.54182 57.5
    endloop
  endfacet
  facet normal 0.662932 -0.748276 -0.02456
    outer loop
      vertex 17.8589 -8.54182 61
      vertex 17.8893 -8.40001 57.5
      vertex 19.2919 -7.27226 61
    endloop
  endfacet
  facet normal 0.66293 -0.748279 -0.0245522
    outer loop
      vertex 18.2919 -7.27226 34
      vertex 17.8893 -8.40001 57.5
      vertex 17.1 -8.40001 36.1882
    endloop
  endfacet
  facet normal 0.662922 -0.748286 -0.0245527
    outer loop
      vertex 17.8893 -8.40001 57.5
      vertex 18.2919 -7.27226 34
      vertex 19.2919 -7.27226 61
    endloop
  endfacet
  facet normal 0.662932 -0.748277 -0.0245498
    outer loop
      vertex 18.2919 -7.27226 34
      vertex 17.1 -8.40001 36.1882
      vertex 16.8589 -8.54182 34
    endloop
  endfacet
  facet normal 1 -0 0
    outer loop
      vertex 20 -5 62
      vertex 20 5 61
      vertex 20 5 62
    endloop
  endfacet
  facet normal 1 0 0
    outer loop
      vertex 20 5 61
      vertex 20 -5 62
      vertex 20 -5 61
    endloop
  endfacet
  facet normal 0.663132 -0.748502 0
    outer loop
      vertex 17.8589 -8.54182 61
      vertex 19.2919 -7.27226 62
      vertex 17.8589 -8.54182 62
    endloop
  endfacet
  facet normal 0.663132 -0.748502 0
    outer loop
      vertex 19.2919 -7.27226 62
      vertex 17.8589 -8.54182 61
      vertex 19.2919 -7.27226 61
    endloop
  endfacet
  facet normal 0.95412 -0.297331 -0.0353378
    outer loop
      vertex 19.2919 -7.27226 61
      vertex 19 -5 34
      vertex 20 -5 61
    endloop
  endfacet
  facet normal 0.95412 -0.297331 -0.0353378
    outer loop
      vertex 19 -5 34
      vertex 19.2919 -7.27226 61
      vertex 18.2919 -7.27226 34
    endloop
  endfacet
  facet normal -0.970939 -0.239328 0
    outer loop
      vertex -19.5418 -6.85889 61
      vertex -20 -5 62
      vertex -20 -5 61
    endloop
  endfacet
  facet normal -0.970939 -0.239328 0
    outer loop
      vertex -20 -5 62
      vertex -19.5418 -6.85889 61
      vertex -19.5418 -6.85889 62
    endloop
  endfacet
  facet normal 0.954717 -0.297517 0
    outer loop
      vertex 19.2919 -7.27226 62
      vertex 20 -5 61
      vertex 20 -5 62
    endloop
  endfacet
  facet normal 0.954717 -0.297517 0
    outer loop
      vertex 20 -5 61
      vertex 19.2919 -7.27226 62
      vertex 19.2919 -7.27226 61
    endloop
  endfacet
  facet normal 0.239307 -0.970903 -0.00886178
    outer loop
      vertex 16 -9 61
      vertex 16.706 -8.79404 57.5
      vertex 17.8589 -8.54182 61
    endloop
  endfacet
  facet normal 0.239302 -0.970905 -0.00886302
    outer loop
      vertex 15 -9 34
      vertex 16.706 -8.79404 57.5
      vertex 16 -9 61
    endloop
  endfacet
  facet normal 0.239309 -0.970903 -0.00886355
    outer loop
      vertex 16.706 -8.79404 57.5
      vertex 15 -9 34
      vertex 16.9582 -8.54182 36.6813
    endloop
  endfacet
  facet normal 0.239307 -0.970903 -0.00886258
    outer loop
      vertex 16.9582 -8.54182 36.6813
      vertex 15 -9 34
      vertex 16.8589 -8.54182 34
    endloop
  endfacet
  facet normal 0.239306 -0.970904 -0.00886114
    outer loop
      vertex 17.8589 -8.54182 61
      vertex 16.706 -8.79404 57.5
      vertex 17.7293 -8.54182 57.5
    endloop
  endfacet
  facet normal -0.2975 -0.954722 0
    outer loop
      vertex -18.2723 -8.29193 61
      vertex -16 -9 62
      vertex -18.2723 -8.29193 62
    endloop
  endfacet
  facet normal -0.2975 -0.954722 -0
    outer loop
      vertex -16 -9 62
      vertex -18.2723 -8.29193 61
      vertex -16 -9 61
    endloop
  endfacet
  facet normal -0.748527 -0.663104 0
    outer loop
      vertex -18.2723 -8.29193 61
      vertex -19.5418 -6.85889 62
      vertex -19.5418 -6.85889 61
    endloop
  endfacet
  facet normal -0.748527 -0.663104 0
    outer loop
      vertex -19.5418 -6.85889 62
      vertex -18.2723 -8.29193 61
      vertex -18.2723 -8.29193 62
    endloop
  endfacet
  facet normal -1 0 0
    outer loop
      vertex -20 -5 61
      vertex -20 5 62
      vertex -20 5 61
    endloop
  endfacet
  facet normal -1 -0 0
    outer loop
      vertex -20 5 62
      vertex -20 -5 61
      vertex -20 -5 62
    endloop
  endfacet
  facet normal -0.999315 0 -0.0370117
    outer loop
      vertex -19 -5 34
      vertex -20 5 61
      vertex -19 5 34
    endloop
  endfacet
  facet normal -0.999315 -0 -0.0370117
    outer loop
      vertex -20 5 61
      vertex -19 -5 34
      vertex -20 -5 61
    endloop
  endfacet
  facet normal -0.74824 -0.66285 -0.0277126
    outer loop
      vertex -17.2723 -8.29193 34
      vertex -19.5418 -6.85889 61
      vertex -18.5418 -6.85889 34
    endloop
  endfacet
  facet normal -0.74824 -0.66285 -0.0277126
    outer loop
      vertex -19.5418 -6.85889 61
      vertex -17.2723 -8.29193 34
      vertex -18.2723 -8.29193 61
    endloop
  endfacet
  facet normal 0.970939 0.239328 0
    outer loop
      vertex 20 5 62
      vertex 19.5418 6.85889 61
      vertex 19.5418 6.85889 62
    endloop
  endfacet
  facet normal 0.970939 0.239328 0
    outer loop
      vertex 19.5418 6.85889 61
      vertex 20 5 62
      vertex 20 5 61
    endloop
  endfacet
  facet normal 0.999315 0 -0.0370117
    outer loop
      vertex 20 -5 61
      vertex 19 5 34
      vertex 20 5 61
    endloop
  endfacet
  facet normal 0.999315 0 -0.0370117
    outer loop
      vertex 19 5 34
      vertex 20 -5 61
      vertex 19 -5 34
    endloop
  endfacet
  facet normal 0.239317 -0.970942 0
    outer loop
      vertex 16 -9 61
      vertex 17.8589 -8.54182 62
      vertex 16 -9 62
    endloop
  endfacet
  facet normal 0.239317 -0.970942 0
    outer loop
      vertex 17.8589 -8.54182 62
      vertex 16 -9 61
      vertex 17.8589 -8.54182 61
    endloop
  endfacet
  facet normal -0.954717 0.297517 0
    outer loop
      vertex -20 5 61
      vertex -19.2919 7.27226 62
      vertex -19.2919 7.27226 61
    endloop
  endfacet
  facet normal -0.954717 0.297517 0
    outer loop
      vertex -19.2919 7.27226 62
      vertex -20 5 61
      vertex -20 5 62
    endloop
  endfacet
  facet normal -0.95412 0.297331 -0.0353378
    outer loop
      vertex -19 5 34
      vertex -19.2919 7.27226 61
      vertex -18.2919 7.27226 34
    endloop
  endfacet
  facet normal -0.95412 0.297331 -0.0353378
    outer loop
      vertex -19.2919 7.27226 61
      vertex -19 5 34
      vertex -20 5 61
    endloop
  endfacet
  facet normal 0 0 1
    outer loop
      vertex 14 14 62
      vertex 17 11 62
      vertex 16.427 12.7633 62
    endloop
  endfacet
  facet normal 0 0 1
    outer loop
      vertex 17 8.68839 62
      vertex 20 5 62
      vertex 19.5418 6.85889 62
    endloop
  endfacet
  facet normal 0 0 1
    outer loop
      vertex 16 -9 62
      vertex 20 5 62
      vertex 17 8.68839 62
    endloop
  endfacet
  facet normal 0 0 1
    outer loop
      vertex 17 8.68839 62
      vertex 19.5418 6.85889 62
      vertex 18.2723 8.29193 62
    endloop
  endfacet
  facet normal 0 0 1
    outer loop
      vertex 20 5 62
      vertex 16 -9 62
      vertex 20 -5 62
    endloop
  endfacet
  facet normal 0 0 1
    outer loop
      vertex 20 -5 62
      vertex 16 -9 62
      vertex 19.2919 -7.27226 62
    endloop
  endfacet
  facet normal 0 0 1
    outer loop
      vertex 17 11 62
      vertex 14 14 62
      vertex 17 8.68839 62
    endloop
  endfacet
  facet normal 0 0 1
    outer loop
      vertex 19.2919 -7.27226 62
      vertex 16 -9 62
      vertex 17.8589 -8.54182 62
    endloop
  endfacet
  facet normal -0 0 1
    outer loop
      vertex -17 8.75352 62
      vertex 17 8.68839 62
      vertex 14 14 62
    endloop
  endfacet
  facet normal 0 0 1
    outer loop
      vertex -17 8.75352 62
      vertex 14 14 62
      vertex -14 14 62
    endloop
  endfacet
  facet normal 0 0 1
    outer loop
      vertex -17 11 62
      vertex -14 14 62
      vertex -15.7634 13.427 62
    endloop
  endfacet
  facet normal 0 0 1
    outer loop
      vertex 17 8.68839 62
      vertex -17 8.75352 62
      vertex 16 -9 62
    endloop
  endfacet
  facet normal 0 0 1
    outer loop
      vertex -14 14 62
      vertex -17 11 62
      vertex -17 8.75352 62
    endloop
  endfacet
  facet normal 0 0 1
    outer loop
      vertex 16 -9 62
      vertex -17 8.75352 62
      vertex -16 -9 62
    endloop
  endfacet
  facet normal 0 0 1
    outer loop
      vertex -19.2919 7.27226 62
      vertex -17 8.75352 62
      vertex -17.8589 8.54182 62
    endloop
  endfacet
  facet normal 0 0 1
    outer loop
      vertex -17 8.75352 62
      vertex -20 5 62
      vertex -16 -9 62
    endloop
  endfacet
  facet normal 0 0 1
    outer loop
      vertex -17 8.75352 62
      vertex -19.2919 7.27226 62
      vertex -20 5 62
    endloop
  endfacet
  facet normal 0 0 1
    outer loop
      vertex -16 -9 62
      vertex -20 5 62
      vertex -20 -5 62
    endloop
  endfacet
  facet normal 0 0 1
    outer loop
      vertex -16 -9 62
      vertex -20 -5 62
      vertex -18.2723 -8.29193 62
    endloop
  endfacet
  facet normal 0 0 1
    outer loop
      vertex -18.2723 -8.29193 62
      vertex -20 -5 62
      vertex -19.5418 -6.85889 62
    endloop
  endfacet
  facet normal 0.74824 0.66285 -0.0277126
    outer loop
      vertex 19.5418 6.85889 61
      vertex 17.2723 8.29193 34
      vertex 18.2723 8.29193 61
    endloop
  endfacet
  facet normal 0.74824 0.66285 -0.0277126
    outer loop
      vertex 17.2723 8.29193 34
      vertex 19.5418 6.85889 61
      vertex 18.5418 6.85889 34
    endloop
  endfacet
  facet normal 0.748527 0.663104 0
    outer loop
      vertex 19.5418 6.85889 62
      vertex 18.2723 8.29193 61
      vertex 18.2723 8.29193 62
    endloop
  endfacet
  facet normal 0.748527 0.663104 0
    outer loop
      vertex 18.2723 8.29193 61
      vertex 19.5418 6.85889 62
      vertex 19.5418 6.85889 61
    endloop
  endfacet
  facet normal -0.297478 -0.954665 -0.0110195
    outer loop
      vertex -16.785 -8.71498 57.5
      vertex -18.2723 -8.29193 61
      vertex -17.7958 -8.40001 57.5
    endloop
  endfacet
  facet normal -0.297462 -0.95467 -0.0110171
    outer loop
      vertex -18.2723 -8.29193 61
      vertex -17.1 -8.40001 38.7134
      vertex -17.7958 -8.40001 57.5
    endloop
  endfacet
  facet normal -0.297462 -0.95467 -0.0110171
    outer loop
      vertex -17.1 -8.40001 38.7134
      vertex -18.2723 -8.29193 61
      vertex -17.2723 -8.29193 34
    endloop
  endfacet
  facet normal -0.297482 -0.954664 -0.0110214
    outer loop
      vertex -18.2723 -8.29193 61
      vertex -16.785 -8.71498 57.5
      vertex -16 -9 61
    endloop
  endfacet
  facet normal -0.297485 -0.954663 -0.0110176
    outer loop
      vertex -15 -9 34
      vertex -16.785 -8.71498 57.5
      vertex -17.1 -8.40001 38.7134
    endloop
  endfacet
  facet normal -0.297482 -0.954664 -0.0110162
    outer loop
      vertex -15 -9 34
      vertex -17.1 -8.40001 38.7134
      vertex -17.2723 -8.29193 34
    endloop
  endfacet
  facet normal -0.297494 -0.95466 -0.0110183
    outer loop
      vertex -16.785 -8.71498 57.5
      vertex -15 -9 34
      vertex -16 -9 61
    endloop
  endfacet
  facet normal -0.970312 -0.239173 -0.0359375
    outer loop
      vertex -18.5418 -6.85889 34
      vertex -20 -5 61
      vertex -19 -5 34
    endloop
  endfacet
  facet normal -0.970312 -0.239173 -0.0359375
    outer loop
      vertex -20 -5 61
      vertex -18.5418 -6.85889 34
      vertex -19.5418 -6.85889 61
    endloop
  endfacet
  facet normal -0.663132 0.748502 0
    outer loop
      vertex -17.8589 8.54182 61
      vertex -19.2919 7.27226 62
      vertex -17.8589 8.54182 62
    endloop
  endfacet
  facet normal -0.663132 0.748502 0
    outer loop
      vertex -19.2919 7.27226 62
      vertex -17.8589 8.54182 61
      vertex -19.2919 7.27226 61
    endloop
  endfacet
  facet normal 0.970312 0.239173 -0.0359375
    outer loop
      vertex 20 5 61
      vertex 18.5418 6.85889 34
      vertex 19.5418 6.85889 61
    endloop
  endfacet
  facet normal 0.970312 0.239173 -0.0359375
    outer loop
      vertex 18.5418 6.85889 34
      vertex 20 5 61
      vertex 19 5 34
    endloop
  endfacet
  facet normal 0.2975 0.954722 -0
    outer loop
      vertex 18.2723 8.29193 61
      vertex 17 8.68839 62
      vertex 18.2723 8.29193 62
    endloop
  endfacet
  facet normal 0.2975 0.954722 0
    outer loop
      vertex 17 8.68839 62
      vertex 18.2723 8.29193 61
      vertex 17 8.68839 61
    endloop
  endfacet
  facet normal -0.239316 0.970942 0
    outer loop
      vertex -17 8.75352 61
      vertex -17.8589 8.54182 62
      vertex -17 8.75352 62
    endloop
  endfacet
  facet normal -0.239316 0.970942 0
    outer loop
      vertex -17.8589 8.54182 62
      vertex -17 8.75352 61
      vertex -17.8589 8.54182 61
    endloop
  endfacet
  facet normal 0.297482 0.954664 -0.0110178
    outer loop
      vertex 17.2723 8.29193 34
      vertex 17 8.68839 61
      vertex 18.2723 8.29193 61
    endloop
  endfacet
  facet normal 0.297446 0.954675 -0.0110184
    outer loop
      vertex 17 8.68839 61
      vertex 17.2723 8.29193 34
      vertex 17 8.37677 34
    endloop
  endfacet
  facet normal -0.239306 0.970904 -0.00886335
    outer loop
      vertex -17 8.54182 37.8101
      vertex -17.8589 8.54182 61
      vertex -17 8.75352 61
    endloop
  endfacet
  facet normal -0.662932 0.748277 -0.0245535
    outer loop
      vertex -17 8.54182 37.8101
      vertex -19.2919 7.27226 61
      vertex -17.8589 8.54182 61
    endloop
  endfacet
  facet normal -0.662931 0.748278 -0.0245511
    outer loop
      vertex -18.2919 7.27226 34
      vertex -17 8.54182 37.8101
      vertex -17 8.41681 34
    endloop
  endfacet
  facet normal -0.662928 0.74828 -0.0245529
    outer loop
      vertex -17 8.54182 37.8101
      vertex -18.2919 7.27226 34
      vertex -19.2919 7.27226 61
    endloop
  endfacet
  facet normal 0 0.0489209 -0.998803
    outer loop
      vertex -17.5 -17.5 34
      vertex 17.5 -17.353 34.0072
      vertex 17.5 -17.5 34
    endloop
  endfacet
  facet normal 0 0.0489209 -0.998803
    outer loop
      vertex 17.5 -17.353 34.0072
      vertex -17.5 -17.5 34
      vertex -17.5 -17.353 34.0072
    endloop
  endfacet
  facet normal 0 0.941527 -0.336939
    outer loop
      vertex 17.5 -16.1142 34.926
      vertex -17.5 -16.0646 35.0646
      vertex 17.5 -16.0646 35.0646
    endloop
  endfacet
  facet normal 0 0.941527 -0.336939
    outer loop
      vertex -17.5 -16.0646 35.0646
      vertex 17.5 -16.1142 34.926
      vertex -17.5 -16.1142 34.926
    endloop
  endfacet
  facet normal 0 -0.336939 -0.941527
    outer loop
      vertex -17.5 -18.074 34.1142
      vertex 17.5 -17.9354 34.0646
      vertex 17.5 -18.074 34.1142
    endloop
  endfacet
  facet normal -0 -0.336939 -0.941527
    outer loop
      vertex 17.5 -17.9354 34.0646
      vertex -17.5 -18.074 34.1142
      vertex -17.5 -17.9354 34.0646
    endloop
  endfacet
  facet normal -1 0 0
    outer loop
      vertex -17.5 -16.2 35.5
      vertex -17.5 -16.0072 35.353
      vertex -17.5 -16.0288 35.2074
    endloop
  endfacet
  facet normal -1 0 0
    outer loop
      vertex -17.5 -16.2 35.5
      vertex -17.5 -16.0288 35.2074
      vertex -17.5 -16.0646 35.0646
    endloop
  endfacet
  facet normal -1 0 0
    outer loop
      vertex -17.5 -16.2 35.5
      vertex -17.5 -16.0646 35.0646
      vertex -17.5 -16.1142 34.926
    endloop
  endfacet
  facet normal -1 0 0
    outer loop
      vertex -17.5 -16.2 35.5
      vertex -17.5 -16.1142 34.926
      vertex -17.5 -16.1771 34.7929
    endloop
  endfacet
  facet normal -1 0 0
    outer loop
      vertex -17.5 -16.0072 35.353
      vertex -17.5 -16.2 35.5
      vertex -17.5 -16 35.5
    endloop
  endfacet
  facet normal -1 0 0
    outer loop
      vertex -17.5 -16.3405 34.5484
      vertex -17.5 -16.2 35.5
      vertex -17.5 -16.2528 34.6666
    endloop
  endfacet
  facet normal -1 0 0
    outer loop
      vertex -17.5 -16.2528 34.6666
      vertex -17.5 -16.2 35.5
      vertex -17.5 -16.1771 34.7929
    endloop
  endfacet
  facet normal -1 0 0
    outer loop
      vertex -17.5 -16.2 57.5
      vertex -17.5 -16.0072 57.647
      vertex -17.5 -16 57.5
    endloop
  endfacet
  facet normal -1 -0 0
    outer loop
      vertex -17.5 -16.0072 57.647
      vertex -17.5 -16.2 57.5
      vertex -17.5 -16.0288 57.7926
    endloop
  endfacet
  facet normal -1 -0 0
    outer loop
      vertex -17.5 -16.0288 57.7926
      vertex -17.5 -16.2 57.5
      vertex -17.5 -16.0646 57.9354
    endloop
  endfacet
  facet normal -1 -0 0
    outer loop
      vertex -17.5 -16.0646 57.9354
      vertex -17.5 -16.2 57.5
      vertex -17.5 -16.1142 58.074
    endloop
  endfacet
  facet normal -1 -0 0
    outer loop
      vertex -17.5 -16.1142 58.074
      vertex -17.5 -16.2 57.5
      vertex -17.5 -16.1771 58.2071
    endloop
  endfacet
  facet normal -1 0 0
    outer loop
      vertex -17.5 -16.2 57.5
      vertex -17.5 -16.2528 58.3334
      vertex -17.5 -16.1771 58.2071
    endloop
  endfacet
  facet normal -1 0 0
    outer loop
      vertex -17.5 -16.2 35.5
      vertex -17.5 -19 35.5
      vertex -17.5 -16.2 57.5
    endloop
  endfacet
  facet normal -1 0 0
    outer loop
      vertex -17.5 -16.4393 34.4393
      vertex -17.5 -16.2 35.5
      vertex -17.5 -16.3405 34.5484
    endloop
  endfacet
  facet normal -1 0 0
    outer loop
      vertex -17.5 -19 57.5
      vertex -17.5 -16.2 57.5
      vertex -17.5 -19 35.5
    endloop
  endfacet
  facet normal -1 0 0
    outer loop
      vertex -17.5 -16.5484 34.3405
      vertex -17.5 -16.2 35.5
      vertex -17.5 -16.4393 34.4393
    endloop
  endfacet
  facet normal -1 0 -0
    outer loop
      vertex -17.5 -18.9712 57.7926
      vertex -17.5 -16.2 57.5
      vertex -17.5 -19 57.5
    endloop
  endfacet
  facet normal -1 0 0
    outer loop
      vertex -17.5 -16.6666 34.2528
      vertex -17.5 -16.2 35.5
      vertex -17.5 -16.5484 34.3405
    endloop
  endfacet
  facet normal -1 0 0
    outer loop
      vertex -17.5 -16.2 57.5
      vertex -17.5 -16.3405 58.4516
      vertex -17.5 -16.2528 58.3334
    endloop
  endfacet
  facet normal -1 0 0
    outer loop
      vertex -17.5 -16.7929 34.1771
      vertex -17.5 -16.2 35.5
      vertex -17.5 -16.6666 34.2528
    endloop
  endfacet
  facet normal -1 0 0
    outer loop
      vertex -17.5 -16.2 57.5
      vertex -17.5 -16.4393 58.5607
      vertex -17.5 -16.3405 58.4516
    endloop
  endfacet
  facet normal -1 0 0
    outer loop
      vertex -17.5 -16.926 34.1142
      vertex -17.5 -16.2 35.5
      vertex -17.5 -16.7929 34.1771
    endloop
  endfacet
  facet normal -1 0 0
    outer loop
      vertex -17.5 -16.2 57.5
      vertex -17.5 -16.5484 58.6595
      vertex -17.5 -16.4393 58.5607
    endloop
  endfacet
  facet normal -1 0 0
    outer loop
      vertex -17.5 -17.0646 34.0646
      vertex -17.5 -16.2 35.5
      vertex -17.5 -16.926 34.1142
    endloop
  endfacet
  facet normal -1 0 0
    outer loop
      vertex -17.5 -16.2 57.5
      vertex -17.5 -16.6666 58.7472
      vertex -17.5 -16.5484 58.6595
    endloop
  endfacet
  facet normal -1 0 0
    outer loop
      vertex -17.5 -17.2074 34.0288
      vertex -17.5 -16.2 35.5
      vertex -17.5 -17.0646 34.0646
    endloop
  endfacet
  facet normal -1 0 0
    outer loop
      vertex -17.5 -16.2 57.5
      vertex -17.5 -16.7929 58.8229
      vertex -17.5 -16.6666 58.7472
    endloop
  endfacet
  facet normal -1 0 0
    outer loop
      vertex -17.5 -17.353 34.0072
      vertex -17.5 -16.2 35.5
      vertex -17.5 -17.2074 34.0288
    endloop
  endfacet
  facet normal -1 0 0
    outer loop
      vertex -17.5 -16.2 57.5
      vertex -17.5 -16.926 58.8858
      vertex -17.5 -16.7929 58.8229
    endloop
  endfacet
  facet normal -1 0 0
    outer loop
      vertex -17.5 -17.5 34
      vertex -17.5 -16.2 35.5
      vertex -17.5 -17.353 34.0072
    endloop
  endfacet
  facet normal -1 0 0
    outer loop
      vertex -17.5 -16.2 57.5
      vertex -17.5 -17.0646 58.9354
      vertex -17.5 -16.926 58.8858
    endloop
  endfacet
  facet normal -1 0 0
    outer loop
      vertex -17.5 -17.647 34.0072
      vertex -17.5 -16.2 35.5
      vertex -17.5 -17.5 34
    endloop
  endfacet
  facet normal -1 0 0
    outer loop
      vertex -17.5 -16.2 57.5
      vertex -17.5 -17.2074 58.9712
      vertex -17.5 -17.0646 58.9354
    endloop
  endfacet
  facet normal -1 0 0
    outer loop
      vertex -17.5 -17.7926 34.0288
      vertex -17.5 -16.2 35.5
      vertex -17.5 -17.647 34.0072
    endloop
  endfacet
  facet normal -1 0 0
    outer loop
      vertex -17.5 -16.2 57.5
      vertex -17.5 -17.353 58.9928
      vertex -17.5 -17.2074 58.9712
    endloop
  endfacet
  facet normal -1 0 0
    outer loop
      vertex -17.5 -17.9354 34.0646
      vertex -17.5 -16.2 35.5
      vertex -17.5 -17.7926 34.0288
    endloop
  endfacet
  facet normal -1 0 0
    outer loop
      vertex -17.5 -16.2 57.5
      vertex -17.5 -17.5 59
      vertex -17.5 -17.353 58.9928
    endloop
  endfacet
  facet normal -1 0 0
    outer loop
      vertex -17.5 -18.074 34.1142
      vertex -17.5 -16.2 35.5
      vertex -17.5 -17.9354 34.0646
    endloop
  endfacet
  facet normal -1 0 0
    outer loop
      vertex -17.5 -16.2 57.5
      vertex -17.5 -17.647 58.9928
      vertex -17.5 -17.5 59
    endloop
  endfacet
  facet normal -1 0 0
    outer loop
      vertex -17.5 -18.2071 34.1771
      vertex -17.5 -16.2 35.5
      vertex -17.5 -18.074 34.1142
    endloop
  endfacet
  facet normal -1 0 0
    outer loop
      vertex -17.5 -16.2 57.5
      vertex -17.5 -17.7926 58.9712
      vertex -17.5 -17.647 58.9928
    endloop
  endfacet
  facet normal -1 0 0
    outer loop
      vertex -17.5 -18.3334 34.2528
      vertex -17.5 -16.2 35.5
      vertex -17.5 -18.2071 34.1771
    endloop
  endfacet
  facet normal -1 0 0
    outer loop
      vertex -17.5 -16.2 57.5
      vertex -17.5 -17.9354 58.9354
      vertex -17.5 -17.7926 58.9712
    endloop
  endfacet
  facet normal -1 0 0
    outer loop
      vertex -17.5 -18.4516 34.3405
      vertex -17.5 -16.2 35.5
      vertex -17.5 -18.3334 34.2528
    endloop
  endfacet
  facet normal -1 0 0
    outer loop
      vertex -17.5 -16.2 57.5
      vertex -17.5 -18.074 58.8858
      vertex -17.5 -17.9354 58.9354
    endloop
  endfacet
  facet normal -1 0 0
    outer loop
      vertex -17.5 -18.5607 34.4393
      vertex -17.5 -16.2 35.5
      vertex -17.5 -18.4516 34.3405
    endloop
  endfacet
  facet normal -1 0 0
    outer loop
      vertex -17.5 -16.2 57.5
      vertex -17.5 -18.2071 58.8229
      vertex -17.5 -18.074 58.8858
    endloop
  endfacet
  facet normal -1 0 0
    outer loop
      vertex -17.5 -18.6595 34.5484
      vertex -17.5 -16.2 35.5
      vertex -17.5 -18.5607 34.4393
    endloop
  endfacet
  facet normal -1 0 0
    outer loop
      vertex -17.5 -16.2 57.5
      vertex -17.5 -18.3334 58.7472
      vertex -17.5 -18.2071 58.8229
    endloop
  endfacet
  facet normal -1 0 0
    outer loop
      vertex -17.5 -18.7472 34.6666
      vertex -17.5 -16.2 35.5
      vertex -17.5 -18.6595 34.5484
    endloop
  endfacet
  facet normal -1 0 0
    outer loop
      vertex -17.5 -16.2 57.5
      vertex -17.5 -18.4516 58.6595
      vertex -17.5 -18.3334 58.7472
    endloop
  endfacet
  facet normal -1 0 0
    outer loop
      vertex -17.5 -18.8229 34.7929
      vertex -17.5 -16.2 35.5
      vertex -17.5 -18.7472 34.6666
    endloop
  endfacet
  facet normal -1 0 0
    outer loop
      vertex -17.5 -16.2 57.5
      vertex -17.5 -18.5607 58.5607
      vertex -17.5 -18.4516 58.6595
    endloop
  endfacet
  facet normal -1 0 0
    outer loop
      vertex -17.5 -18.8858 34.926
      vertex -17.5 -16.2 35.5
      vertex -17.5 -18.8229 34.7929
    endloop
  endfacet
  facet normal -1 0 0
    outer loop
      vertex -17.5 -16.2 57.5
      vertex -17.5 -18.6595 58.4516
      vertex -17.5 -18.5607 58.5607
    endloop
  endfacet
  facet normal -1 0 0
    outer loop
      vertex -17.5 -18.9354 35.0646
      vertex -17.5 -16.2 35.5
      vertex -17.5 -18.8858 34.926
    endloop
  endfacet
  facet normal -1 0 0
    outer loop
      vertex -17.5 -16.2 57.5
      vertex -17.5 -18.7472 58.3334
      vertex -17.5 -18.6595 58.4516
    endloop
  endfacet
  facet normal -1 0 0
    outer loop
      vertex -17.5 -18.9712 35.2074
      vertex -17.5 -16.2 35.5
      vertex -17.5 -18.9354 35.0646
    endloop
  endfacet
  facet normal -1 0 0
    outer loop
      vertex -17.5 -16.2 57.5
      vertex -17.5 -18.8229 58.2071
      vertex -17.5 -18.7472 58.3334
    endloop
  endfacet
  facet normal -1 -0 0
    outer loop
      vertex -17.5 -16.2 35.5
      vertex -17.5 -18.9712 35.2074
      vertex -17.5 -19 35.5
    endloop
  endfacet
  facet normal -1 0 0
    outer loop
      vertex -17.5 -16.2 57.5
      vertex -17.5 -18.8858 58.074
      vertex -17.5 -18.8229 58.2071
    endloop
  endfacet
  facet normal -1 0 0
    outer loop
      vertex -17.5 -19 35.5
      vertex -17.5 -18.9712 35.2074
      vertex -17.5 -18.9928 35.353
    endloop
  endfacet
  facet normal -1 0 0
    outer loop
      vertex -17.5 -16.2 57.5
      vertex -17.5 -18.9354 57.9354
      vertex -17.5 -18.8858 58.074
    endloop
  endfacet
  facet normal -1 0 0
    outer loop
      vertex -17.5 -16.2 57.5
      vertex -17.5 -18.9712 57.7926
      vertex -17.5 -18.9354 57.9354
    endloop
  endfacet
  facet normal -1 0 0
    outer loop
      vertex -17.5 -18.9712 57.7926
      vertex -17.5 -19 57.5
      vertex -17.5 -18.9928 57.647
    endloop
  endfacet
  facet normal 0 0.146746 -0.989174
    outer loop
      vertex -17.5 -17.353 34.0072
      vertex 17.5 -17.2074 34.0288
      vertex 17.5 -17.353 34.0072
    endloop
  endfacet
  facet normal 0 0.146746 -0.989174
    outer loop
      vertex 17.5 -17.2074 34.0288
      vertex -17.5 -17.353 34.0072
      vertex -17.5 -17.2074 34.0288
    endloop
  endfacet
  facet normal 0 0.336939 -0.941527
    outer loop
      vertex -17.5 -17.0646 34.0646
      vertex 17.5 -16.926 34.1142
      vertex 17.5 -17.0646 34.0646
    endloop
  endfacet
  facet normal 0 0.336939 -0.941527
    outer loop
      vertex 17.5 -16.926 34.1142
      vertex -17.5 -17.0646 34.0646
      vertex -17.5 -16.926 34.1142
    endloop
  endfacet
  facet normal 0 0.671251 -0.74123
    outer loop
      vertex -17.5 -16.5484 34.3405
      vertex 17.5 -16.4393 34.4393
      vertex 17.5 -16.5484 34.3405
    endloop
  endfacet
  facet normal 0 0.671251 -0.74123
    outer loop
      vertex 17.5 -16.4393 34.4393
      vertex -17.5 -16.5484 34.3405
      vertex -17.5 -16.4393 34.4393
    endloop
  endfacet
  facet normal 0 0.514096 -0.857733
    outer loop
      vertex -17.5 -16.7929 34.1771
      vertex 17.5 -16.6666 34.2528
      vertex 17.5 -16.7929 34.1771
    endloop
  endfacet
  facet normal 0 0.514096 -0.857733
    outer loop
      vertex 17.5 -16.6666 34.2528
      vertex -17.5 -16.7929 34.1771
      vertex -17.5 -16.6666 34.2528
    endloop
  endfacet
  facet normal 0 0.969982 -0.243175
    outer loop
      vertex 17.5 -16.0646 35.0646
      vertex -17.5 -16.0288 35.2074
      vertex 17.5 -16.0288 35.2074
    endloop
  endfacet
  facet normal 0 0.969982 -0.243175
    outer loop
      vertex -17.5 -16.0288 35.2074
      vertex 17.5 -16.0646 35.0646
      vertex -17.5 -16.0646 35.0646
    endloop
  endfacet
  facet normal 0 0.998803 -0.0489209
    outer loop
      vertex 17.5 -16.0072 35.353
      vertex 16.9 -16 35.5
      vertex 17.5 -16 35.5
    endloop
  endfacet
  facet normal 0 0.998803 -0.0489209
    outer loop
      vertex 16.9 -16 35.5
      vertex 17.5 -16.0072 35.353
      vertex -16.9 -16 35.5
    endloop
  endfacet
  facet normal 0 0.998803 -0.0489209
    outer loop
      vertex -17.5 -16.0072 35.353
      vertex -16.9 -16 35.5
      vertex 17.5 -16.0072 35.353
    endloop
  endfacet
  facet normal 0 0.998803 -0.0489209
    outer loop
      vertex -16.9 -16 35.5
      vertex -17.5 -16.0072 35.353
      vertex -17.5 -16 35.5
    endloop
  endfacet
  facet normal 0 0.904125 -0.427269
    outer loop
      vertex 17.5 -16.1771 34.7929
      vertex -17.5 -16.1142 34.926
      vertex 17.5 -16.1142 34.926
    endloop
  endfacet
  facet normal 0 0.904125 -0.427269
    outer loop
      vertex -17.5 -16.1142 34.926
      vertex 17.5 -16.1771 34.7929
      vertex -17.5 -16.1771 34.7929
    endloop
  endfacet
  facet normal 0 0.803088 -0.595861
    outer loop
      vertex 17.5 -16.3405 34.5484
      vertex -17.5 -16.2528 34.6666
      vertex 17.5 -16.2528 34.6666
    endloop
  endfacet
  facet normal 0 0.803088 -0.595861
    outer loop
      vertex -17.5 -16.2528 34.6666
      vertex 17.5 -16.3405 34.5484
      vertex -17.5 -16.3405 34.5484
    endloop
  endfacet
  facet normal 0 -0.989174 -0.146746
    outer loop
      vertex -17.5 -18.9712 35.2074
      vertex 17.5 -18.9928 35.353
      vertex -17.5 -18.9928 35.353
    endloop
  endfacet
  facet normal 0 -0.989174 -0.146746
    outer loop
      vertex 17.5 -18.9928 35.353
      vertex -17.5 -18.9712 35.2074
      vertex 17.5 -18.9712 35.2074
    endloop
  endfacet
  facet normal 0 -0.998803 -0.0489209
    outer loop
      vertex -17.5 -18.9928 35.353
      vertex -12.35 -19 35.5
      vertex -17.5 -19 35.5
    endloop
  endfacet
  facet normal 0 -0.998803 -0.0489209
    outer loop
      vertex -12.35 -19 35.5
      vertex -17.5 -18.9928 35.353
      vertex -11.35 -19 35.5
    endloop
  endfacet
  facet normal 0 -0.998803 -0.0489209
    outer loop
      vertex -11.35 -19 35.5
      vertex -17.5 -18.9928 35.353
      vertex 11.35 -19 35.5
    endloop
  endfacet
  facet normal -0 -0.998803 -0.0489209
    outer loop
      vertex 17.5 -18.9928 35.353
      vertex 11.35 -19 35.5
      vertex -17.5 -18.9928 35.353
    endloop
  endfacet
  facet normal 0 -0.998803 -0.0489209
    outer loop
      vertex 11.35 -19 35.5
      vertex 17.5 -18.9928 35.353
      vertex 12.35 -19 35.5
    endloop
  endfacet
  facet normal 0 -0.998803 -0.0489209
    outer loop
      vertex 12.35 -19 35.5
      vertex 17.5 -18.9928 35.353
      vertex 17.5 -19 35.5
    endloop
  endfacet
  facet normal 0 -0.941527 -0.336939
    outer loop
      vertex -17.5 -18.8858 34.926
      vertex 17.5 -18.9354 35.0646
      vertex -17.5 -18.9354 35.0646
    endloop
  endfacet
  facet normal 0 -0.941527 -0.336939
    outer loop
      vertex 17.5 -18.9354 35.0646
      vertex -17.5 -18.8858 34.926
      vertex 17.5 -18.8858 34.926
    endloop
  endfacet
  facet normal 0 -0.74123 -0.671251
    outer loop
      vertex -17.5 -18.5607 34.4393
      vertex 17.5 -18.6595 34.5484
      vertex -17.5 -18.6595 34.5484
    endloop
  endfacet
  facet normal 0 -0.74123 -0.671251
    outer loop
      vertex 17.5 -18.6595 34.5484
      vertex -17.5 -18.5607 34.4393
      vertex 17.5 -18.5607 34.4393
    endloop
  endfacet
  facet normal 0 -0.857733 -0.514096
    outer loop
      vertex -17.5 -18.7472 34.6666
      vertex 17.5 -18.8229 34.7929
      vertex -17.5 -18.8229 34.7929
    endloop
  endfacet
  facet normal 0 -0.857733 -0.514096
    outer loop
      vertex 17.5 -18.8229 34.7929
      vertex -17.5 -18.7472 34.6666
      vertex 17.5 -18.7472 34.6666
    endloop
  endfacet
  facet normal 0 -0.595861 -0.803088
    outer loop
      vertex -17.5 -18.4516 34.3405
      vertex 17.5 -18.3334 34.2528
      vertex 17.5 -18.4516 34.3405
    endloop
  endfacet
  facet normal -0 -0.595861 -0.803088
    outer loop
      vertex 17.5 -18.3334 34.2528
      vertex -17.5 -18.4516 34.3405
      vertex -17.5 -18.3334 34.2528
    endloop
  endfacet
  facet normal 0 -0.427269 -0.904125
    outer loop
      vertex -17.5 -18.2071 34.1771
      vertex 17.5 -18.074 34.1142
      vertex 17.5 -18.2071 34.1771
    endloop
  endfacet
  facet normal -0 -0.427269 -0.904125
    outer loop
      vertex 17.5 -18.074 34.1142
      vertex -17.5 -18.2071 34.1771
      vertex -17.5 -18.074 34.1142
    endloop
  endfacet
  facet normal 1 0 0
    outer loop
      vertex 17.5 -16.2 57.5
      vertex 17.5 -16.0072 57.647
      vertex 17.5 -16.0288 57.7926
    endloop
  endfacet
  facet normal 1 0 0
    outer loop
      vertex 17.5 -16.2 57.5
      vertex 17.5 -16.0288 57.7926
      vertex 17.5 -16.0646 57.9354
    endloop
  endfacet
  facet normal 1 0 0
    outer loop
      vertex 17.5 -16.2 57.5
      vertex 17.5 -16.0646 57.9354
      vertex 17.5 -16.1142 58.074
    endloop
  endfacet
  facet normal 1 0 0
    outer loop
      vertex 17.5 -16.2 57.5
      vertex 17.5 -16.1142 58.074
      vertex 17.5 -16.1771 58.2071
    endloop
  endfacet
  facet normal 1 0 0
    outer loop
      vertex 17.5 -16.0072 57.647
      vertex 17.5 -16.2 57.5
      vertex 17.5 -16 57.5
    endloop
  endfacet
  facet normal 1 0 0
    outer loop
      vertex 17.5 -16.3405 58.4516
      vertex 17.5 -16.2 57.5
      vertex 17.5 -16.2528 58.3334
    endloop
  endfacet
  facet normal 1 0 0
    outer loop
      vertex 17.5 -16.2528 58.3334
      vertex 17.5 -16.2 57.5
      vertex 17.5 -16.1771 58.2071
    endloop
  endfacet
  facet normal 1 -0 0
    outer loop
      vertex 17.5 -16.2 35.5
      vertex 17.5 -16.0072 35.353
      vertex 17.5 -16 35.5
    endloop
  endfacet
  facet normal 1 0 0
    outer loop
      vertex 17.5 -16.0072 35.353
      vertex 17.5 -16.2 35.5
      vertex 17.5 -16.0288 35.2074
    endloop
  endfacet
  facet normal 1 0 0
    outer loop
      vertex 17.5 -16.0288 35.2074
      vertex 17.5 -16.2 35.5
      vertex 17.5 -16.0646 35.0646
    endloop
  endfacet
  facet normal 1 0 0
    outer loop
      vertex 17.5 -16.0646 35.0646
      vertex 17.5 -16.2 35.5
      vertex 17.5 -16.1142 34.926
    endloop
  endfacet
  facet normal 1 0 0
    outer loop
      vertex 17.5 -16.1142 34.926
      vertex 17.5 -16.2 35.5
      vertex 17.5 -16.1771 34.7929
    endloop
  endfacet
  facet normal 1 0 0
    outer loop
      vertex 17.5 -16.2 35.5
      vertex 17.5 -16.2528 34.6666
      vertex 17.5 -16.1771 34.7929
    endloop
  endfacet
  facet normal 1 0 0
    outer loop
      vertex 17.5 -16.2 57.5
      vertex 17.5 -19 57.5
      vertex 17.5 -16.2 35.5
    endloop
  endfacet
  facet normal 1 0 0
    outer loop
      vertex 17.5 -16.4393 58.5607
      vertex 17.5 -16.2 57.5
      vertex 17.5 -16.3405 58.4516
    endloop
  endfacet
  facet normal 1 0 0
    outer loop
      vertex 17.5 -19 35.5
      vertex 17.5 -16.2 35.5
      vertex 17.5 -19 57.5
    endloop
  endfacet
  facet normal 1 0 0
    outer loop
      vertex 17.5 -16.5484 58.6595
      vertex 17.5 -16.2 57.5
      vertex 17.5 -16.4393 58.5607
    endloop
  endfacet
  facet normal 1 0 -0
    outer loop
      vertex 17.5 -18.9712 35.2074
      vertex 17.5 -16.2 35.5
      vertex 17.5 -19 35.5
    endloop
  endfacet
  facet normal 1 0 0
    outer loop
      vertex 17.5 -16.6666 58.7472
      vertex 17.5 -16.2 57.5
      vertex 17.5 -16.5484 58.6595
    endloop
  endfacet
  facet normal 1 0 0
    outer loop
      vertex 17.5 -16.2 35.5
      vertex 17.5 -16.3405 34.5484
      vertex 17.5 -16.2528 34.6666
    endloop
  endfacet
  facet normal 1 0 0
    outer loop
      vertex 17.5 -16.7929 58.8229
      vertex 17.5 -16.2 57.5
      vertex 17.5 -16.6666 58.7472
    endloop
  endfacet
  facet normal 1 0 0
    outer loop
      vertex 17.5 -16.2 35.5
      vertex 17.5 -16.4393 34.4393
      vertex 17.5 -16.3405 34.5484
    endloop
  endfacet
  facet normal 1 0 0
    outer loop
      vertex 17.5 -16.926 58.8858
      vertex 17.5 -16.2 57.5
      vertex 17.5 -16.7929 58.8229
    endloop
  endfacet
  facet normal 1 0 0
    outer loop
      vertex 17.5 -16.2 35.5
      vertex 17.5 -16.5484 34.3405
      vertex 17.5 -16.4393 34.4393
    endloop
  endfacet
  facet normal 1 0 0
    outer loop
      vertex 17.5 -17.0646 58.9354
      vertex 17.5 -16.2 57.5
      vertex 17.5 -16.926 58.8858
    endloop
  endfacet
  facet normal 1 0 0
    outer loop
      vertex 17.5 -16.2 35.5
      vertex 17.5 -16.6666 34.2528
      vertex 17.5 -16.5484 34.3405
    endloop
  endfacet
  facet normal 1 0 0
    outer loop
      vertex 17.5 -17.2074 58.9712
      vertex 17.5 -16.2 57.5
      vertex 17.5 -17.0646 58.9354
    endloop
  endfacet
  facet normal 1 0 0
    outer loop
      vertex 17.5 -16.2 35.5
      vertex 17.5 -16.7929 34.1771
      vertex 17.5 -16.6666 34.2528
    endloop
  endfacet
  facet normal 1 0 0
    outer loop
      vertex 17.5 -17.353 58.9928
      vertex 17.5 -16.2 57.5
      vertex 17.5 -17.2074 58.9712
    endloop
  endfacet
  facet normal 1 0 0
    outer loop
      vertex 17.5 -16.2 35.5
      vertex 17.5 -16.926 34.1142
      vertex 17.5 -16.7929 34.1771
    endloop
  endfacet
  facet normal 1 0 0
    outer loop
      vertex 17.5 -17.5 59
      vertex 17.5 -16.2 57.5
      vertex 17.5 -17.353 58.9928
    endloop
  endfacet
  facet normal 1 0 0
    outer loop
      vertex 17.5 -16.2 35.5
      vertex 17.5 -17.0646 34.0646
      vertex 17.5 -16.926 34.1142
    endloop
  endfacet
  facet normal 1 -0 0
    outer loop
      vertex 17.5 -17.647 58.9928
      vertex 17.5 -16.2 57.5
      vertex 17.5 -17.5 59
    endloop
  endfacet
  facet normal 1 0 0
    outer loop
      vertex 17.5 -16.2 35.5
      vertex 17.5 -17.2074 34.0288
      vertex 17.5 -17.0646 34.0646
    endloop
  endfacet
  facet normal 1 -0 0
    outer loop
      vertex 17.5 -17.7926 58.9712
      vertex 17.5 -16.2 57.5
      vertex 17.5 -17.647 58.9928
    endloop
  endfacet
  facet normal 1 0 0
    outer loop
      vertex 17.5 -16.2 35.5
      vertex 17.5 -17.353 34.0072
      vertex 17.5 -17.2074 34.0288
    endloop
  endfacet
  facet normal 1 -0 0
    outer loop
      vertex 17.5 -17.9354 58.9354
      vertex 17.5 -16.2 57.5
      vertex 17.5 -17.7926 58.9712
    endloop
  endfacet
  facet normal 1 0 0
    outer loop
      vertex 17.5 -16.2 35.5
      vertex 17.5 -17.5 34
      vertex 17.5 -17.353 34.0072
    endloop
  endfacet
  facet normal 1 -0 0
    outer loop
      vertex 17.5 -18.074 58.8858
      vertex 17.5 -16.2 57.5
      vertex 17.5 -17.9354 58.9354
    endloop
  endfacet
  facet normal 1 0 0
    outer loop
      vertex 17.5 -16.2 35.5
      vertex 17.5 -17.647 34.0072
      vertex 17.5 -17.5 34
    endloop
  endfacet
  facet normal 1 -0 0
    outer loop
      vertex 17.5 -18.2071 58.8229
      vertex 17.5 -16.2 57.5
      vertex 17.5 -18.074 58.8858
    endloop
  endfacet
  facet normal 1 0 0
    outer loop
      vertex 17.5 -16.2 35.5
      vertex 17.5 -17.7926 34.0288
      vertex 17.5 -17.647 34.0072
    endloop
  endfacet
  facet normal 1 -0 0
    outer loop
      vertex 17.5 -18.3334 58.7472
      vertex 17.5 -16.2 57.5
      vertex 17.5 -18.2071 58.8229
    endloop
  endfacet
  facet normal 1 0 0
    outer loop
      vertex 17.5 -16.2 35.5
      vertex 17.5 -17.9354 34.0646
      vertex 17.5 -17.7926 34.0288
    endloop
  endfacet
  facet normal 1 -0 0
    outer loop
      vertex 17.5 -18.4516 58.6595
      vertex 17.5 -16.2 57.5
      vertex 17.5 -18.3334 58.7472
    endloop
  endfacet
  facet normal 1 0 0
    outer loop
      vertex 17.5 -16.2 35.5
      vertex 17.5 -18.074 34.1142
      vertex 17.5 -17.9354 34.0646
    endloop
  endfacet
  facet normal 1 -0 0
    outer loop
      vertex 17.5 -18.5607 58.5607
      vertex 17.5 -16.2 57.5
      vertex 17.5 -18.4516 58.6595
    endloop
  endfacet
  facet normal 1 0 0
    outer loop
      vertex 17.5 -16.2 35.5
      vertex 17.5 -18.2071 34.1771
      vertex 17.5 -18.074 34.1142
    endloop
  endfacet
  facet normal 1 -0 0
    outer loop
      vertex 17.5 -18.6595 58.4516
      vertex 17.5 -16.2 57.5
      vertex 17.5 -18.5607 58.5607
    endloop
  endfacet
  facet normal 1 0 0
    outer loop
      vertex 17.5 -16.2 35.5
      vertex 17.5 -18.3334 34.2528
      vertex 17.5 -18.2071 34.1771
    endloop
  endfacet
  facet normal 1 -0 0
    outer loop
      vertex 17.5 -18.7472 58.3334
      vertex 17.5 -16.2 57.5
      vertex 17.5 -18.6595 58.4516
    endloop
  endfacet
  facet normal 1 0 0
    outer loop
      vertex 17.5 -16.2 35.5
      vertex 17.5 -18.4516 34.3405
      vertex 17.5 -18.3334 34.2528
    endloop
  endfacet
  facet normal 1 -0 0
    outer loop
      vertex 17.5 -18.8229 58.2071
      vertex 17.5 -16.2 57.5
      vertex 17.5 -18.7472 58.3334
    endloop
  endfacet
  facet normal 1 0 0
    outer loop
      vertex 17.5 -16.2 35.5
      vertex 17.5 -18.5607 34.4393
      vertex 17.5 -18.4516 34.3405
    endloop
  endfacet
  facet normal 1 -0 0
    outer loop
      vertex 17.5 -18.8858 58.074
      vertex 17.5 -16.2 57.5
      vertex 17.5 -18.8229 58.2071
    endloop
  endfacet
  facet normal 1 0 0
    outer loop
      vertex 17.5 -16.2 35.5
      vertex 17.5 -18.6595 34.5484
      vertex 17.5 -18.5607 34.4393
    endloop
  endfacet
  facet normal 1 -0 0
    outer loop
      vertex 17.5 -18.9354 57.9354
      vertex 17.5 -16.2 57.5
      vertex 17.5 -18.8858 58.074
    endloop
  endfacet
  facet normal 1 0 0
    outer loop
      vertex 17.5 -16.2 35.5
      vertex 17.5 -18.7472 34.6666
      vertex 17.5 -18.6595 34.5484
    endloop
  endfacet
  facet normal 1 -0 0
    outer loop
      vertex 17.5 -18.9712 57.7926
      vertex 17.5 -16.2 57.5
      vertex 17.5 -18.9354 57.9354
    endloop
  endfacet
  facet normal 1 0 0
    outer loop
      vertex 17.5 -16.2 35.5
      vertex 17.5 -18.8229 34.7929
      vertex 17.5 -18.7472 34.6666
    endloop
  endfacet
  facet normal 1 0 0
    outer loop
      vertex 17.5 -16.2 57.5
      vertex 17.5 -18.9712 57.7926
      vertex 17.5 -19 57.5
    endloop
  endfacet
  facet normal 1 0 0
    outer loop
      vertex 17.5 -16.2 35.5
      vertex 17.5 -18.8858 34.926
      vertex 17.5 -18.8229 34.7929
    endloop
  endfacet
  facet normal 1 0 0
    outer loop
      vertex 17.5 -19 57.5
      vertex 17.5 -18.9712 57.7926
      vertex 17.5 -18.9928 57.647
    endloop
  endfacet
  facet normal 1 0 0
    outer loop
      vertex 17.5 -16.2 35.5
      vertex 17.5 -18.9354 35.0646
      vertex 17.5 -18.8858 34.926
    endloop
  endfacet
  facet normal 1 0 0
    outer loop
      vertex 17.5 -16.2 35.5
      vertex 17.5 -18.9712 35.2074
      vertex 17.5 -18.9354 35.0646
    endloop
  endfacet
  facet normal 1 0 0
    outer loop
      vertex 17.5 -18.9712 35.2074
      vertex 17.5 -19 35.5
      vertex 17.5 -18.9928 35.353
    endloop
  endfacet
  facet normal 0 0.243175 -0.969982
    outer loop
      vertex -17.5 -17.2074 34.0288
      vertex 17.5 -17.0646 34.0646
      vertex 17.5 -17.2074 34.0288
    endloop
  endfacet
  facet normal 0 0.243175 -0.969982
    outer loop
      vertex 17.5 -17.0646 34.0646
      vertex -17.5 -17.2074 34.0288
      vertex -17.5 -17.0646 34.0646
    endloop
  endfacet
  facet normal 0 0.427269 -0.904125
    outer loop
      vertex -17.5 -16.926 34.1142
      vertex 17.5 -16.7929 34.1771
      vertex 17.5 -16.926 34.1142
    endloop
  endfacet
  facet normal 0 0.427269 -0.904125
    outer loop
      vertex 17.5 -16.7929 34.1771
      vertex -17.5 -16.926 34.1142
      vertex -17.5 -16.7929 34.1771
    endloop
  endfacet
  facet normal 0 0.74123 -0.671251
    outer loop
      vertex 17.5 -16.4393 34.4393
      vertex -17.5 -16.3405 34.5484
      vertex 17.5 -16.3405 34.5484
    endloop
  endfacet
  facet normal 0 0.74123 -0.671251
    outer loop
      vertex -17.5 -16.3405 34.5484
      vertex 17.5 -16.4393 34.4393
      vertex -17.5 -16.4393 34.4393
    endloop
  endfacet
  facet normal 0 0.595861 -0.803088
    outer loop
      vertex -17.5 -16.6666 34.2528
      vertex 17.5 -16.5484 34.3405
      vertex 17.5 -16.6666 34.2528
    endloop
  endfacet
  facet normal 0 0.595861 -0.803088
    outer loop
      vertex 17.5 -16.5484 34.3405
      vertex -17.5 -16.6666 34.2528
      vertex -17.5 -16.5484 34.3405
    endloop
  endfacet
  facet normal 0 0.989174 -0.146746
    outer loop
      vertex 17.5 -16.0288 35.2074
      vertex -17.5 -16.0072 35.353
      vertex 17.5 -16.0072 35.353
    endloop
  endfacet
  facet normal 0 0.989174 -0.146746
    outer loop
      vertex -17.5 -16.0072 35.353
      vertex 17.5 -16.0288 35.2074
      vertex -17.5 -16.0288 35.2074
    endloop
  endfacet
  facet normal 0 0.857733 -0.514096
    outer loop
      vertex 17.5 -16.2528 34.6666
      vertex -17.5 -16.1771 34.7929
      vertex 17.5 -16.1771 34.7929
    endloop
  endfacet
  facet normal 0 0.857733 -0.514096
    outer loop
      vertex -17.5 -16.1771 34.7929
      vertex 17.5 -16.2528 34.6666
      vertex -17.5 -16.2528 34.6666
    endloop
  endfacet
  facet normal 0 -0.904125 -0.427269
    outer loop
      vertex -17.5 -18.8229 34.7929
      vertex 17.5 -18.8858 34.926
      vertex -17.5 -18.8858 34.926
    endloop
  endfacet
  facet normal 0 -0.904125 -0.427269
    outer loop
      vertex 17.5 -18.8858 34.926
      vertex -17.5 -18.8229 34.7929
      vertex 17.5 -18.8229 34.7929
    endloop
  endfacet
  facet normal 0 -0.671251 -0.74123
    outer loop
      vertex -17.5 -18.5607 34.4393
      vertex 17.5 -18.4516 34.3405
      vertex 17.5 -18.5607 34.4393
    endloop
  endfacet
  facet normal -0 -0.671251 -0.74123
    outer loop
      vertex 17.5 -18.4516 34.3405
      vertex -17.5 -18.5607 34.4393
      vertex -17.5 -18.4516 34.3405
    endloop
  endfacet
  facet normal 0 -0.803088 -0.595861
    outer loop
      vertex -17.5 -18.6595 34.5484
      vertex 17.5 -18.7472 34.6666
      vertex -17.5 -18.7472 34.6666
    endloop
  endfacet
  facet normal 0 -0.803088 -0.595861
    outer loop
      vertex 17.5 -18.7472 34.6666
      vertex -17.5 -18.6595 34.5484
      vertex 17.5 -18.6595 34.5484
    endloop
  endfacet
  facet normal 0 -0.514096 -0.857733
    outer loop
      vertex -17.5 -18.3334 34.2528
      vertex 17.5 -18.2071 34.1771
      vertex 17.5 -18.3334 34.2528
    endloop
  endfacet
  facet normal -0 -0.514096 -0.857733
    outer loop
      vertex 17.5 -18.2071 34.1771
      vertex -17.5 -18.3334 34.2528
      vertex -17.5 -18.2071 34.1771
    endloop
  endfacet
  facet normal 0 -0.146746 -0.989174
    outer loop
      vertex -17.5 -17.7926 34.0288
      vertex 17.5 -17.647 34.0072
      vertex 17.5 -17.7926 34.0288
    endloop
  endfacet
  facet normal -0 -0.146746 -0.989174
    outer loop
      vertex 17.5 -17.647 34.0072
      vertex -17.5 -17.7926 34.0288
      vertex -17.5 -17.647 34.0072
    endloop
  endfacet
  facet normal 0 -0.243175 -0.969982
    outer loop
      vertex -17.5 -17.9354 34.0646
      vertex 17.5 -17.7926 34.0288
      vertex 17.5 -17.9354 34.0646
    endloop
  endfacet
  facet normal -0 -0.243175 -0.969982
    outer loop
      vertex 17.5 -17.7926 34.0288
      vertex -17.5 -17.9354 34.0646
      vertex -17.5 -17.7926 34.0288
    endloop
  endfacet
  facet normal 0 -0.0489209 -0.998803
    outer loop
      vertex -17.5 -17.647 34.0072
      vertex 17.5 -17.5 34
      vertex 17.5 -17.647 34.0072
    endloop
  endfacet
  facet normal -0 -0.0489209 -0.998803
    outer loop
      vertex 17.5 -17.5 34
      vertex -17.5 -17.647 34.0072
      vertex -17.5 -17.5 34
    endloop
  endfacet
  facet normal 0 -0.969982 -0.243175
    outer loop
      vertex -17.5 -18.9354 35.0646
      vertex 17.5 -18.9712 35.2074
      vertex -17.5 -18.9712 35.2074
    endloop
  endfacet
  facet normal 0 -0.969982 -0.243175
    outer loop
      vertex 17.5 -18.9712 35.2074
      vertex -17.5 -18.9354 35.0646
      vertex 17.5 -18.9354 35.0646
    endloop
  endfacet
  facet normal -0 0.0489209 0.998803
    outer loop
      vertex -17.5 -17.353 58.9928
      vertex 17.5 -17.5 59
      vertex 17.5 -17.353 58.9928
    endloop
  endfacet
  facet normal 0 0.0489209 0.998803
    outer loop
      vertex 17.5 -17.5 59
      vertex -17.5 -17.353 58.9928
      vertex -17.5 -17.5 59
    endloop
  endfacet
  facet normal -0 0.998803 0.0489209
    outer loop
      vertex 16.9 -16 57.5
      vertex 17.5 -16.0072 57.647
      vertex 17.5 -16 57.5
    endloop
  endfacet
  facet normal 0 0.998803 0.0489209
    outer loop
      vertex 17.5 -16.0072 57.647
      vertex 16.9 -16 57.5
      vertex -17.5 -16.0072 57.647
    endloop
  endfacet
  facet normal -0 0.998803 0.0489209
    outer loop
      vertex -16.9 -16 57.5
      vertex -17.5 -16.0072 57.647
      vertex 16.9 -16 57.5
    endloop
  endfacet
  facet normal 0 0.998803 0.0489209
    outer loop
      vertex -17.5 -16.0072 57.647
      vertex -16.9 -16 57.5
      vertex -17.5 -16 57.5
    endloop
  endfacet
  facet normal 0 -0.998803 0.0489209
    outer loop
      vertex -12.35 -19 57.5
      vertex -17.5 -18.9928 57.647
      vertex -17.5 -19 57.5
    endloop
  endfacet
  facet normal 0 -0.998803 0.0489209
    outer loop
      vertex -11.35 -19 57.5
      vertex -17.5 -18.9928 57.647
      vertex -12.35 -19 57.5
    endloop
  endfacet
  facet normal 0 -0.998803 0.0489209
    outer loop
      vertex -17.5 -18.9928 57.647
      vertex -11.35 -19 57.5
      vertex 17.5 -18.9928 57.647
    endloop
  endfacet
  facet normal 0 -0.998803 0.0489209
    outer loop
      vertex 11.35 -19 57.5
      vertex 17.5 -18.9928 57.647
      vertex -11.35 -19 57.5
    endloop
  endfacet
  facet normal 0 -0.998803 0.0489209
    outer loop
      vertex 12.35 -19 57.5
      vertex 17.5 -18.9928 57.647
      vertex 11.35 -19 57.5
    endloop
  endfacet
  facet normal 0 -0.998803 0.0489209
    outer loop
      vertex 17.5 -18.9928 57.647
      vertex 12.35 -19 57.5
      vertex 17.5 -19 57.5
    endloop
  endfacet
  facet normal 0 -0.671251 0.74123
    outer loop
      vertex -17.5 -18.4516 58.6595
      vertex 17.5 -18.5607 58.5607
      vertex 17.5 -18.4516 58.6595
    endloop
  endfacet
  facet normal 0 -0.671251 0.74123
    outer loop
      vertex 17.5 -18.5607 58.5607
      vertex -17.5 -18.4516 58.6595
      vertex -17.5 -18.5607 58.5607
    endloop
  endfacet
  facet normal -0 0.671251 0.74123
    outer loop
      vertex -17.5 -16.4393 58.5607
      vertex 17.5 -16.5484 58.6595
      vertex 17.5 -16.4393 58.5607
    endloop
  endfacet
  facet normal 0 0.671251 0.74123
    outer loop
      vertex 17.5 -16.5484 58.6595
      vertex -17.5 -16.4393 58.5607
      vertex -17.5 -16.5484 58.6595
    endloop
  endfacet
  facet normal 0 0.904125 0.427269
    outer loop
      vertex 17.5 -16.1142 58.074
      vertex -17.5 -16.1771 58.2071
      vertex 17.5 -16.1771 58.2071
    endloop
  endfacet
  facet normal 0 0.904125 0.427269
    outer loop
      vertex -17.5 -16.1771 58.2071
      vertex 17.5 -16.1142 58.074
      vertex -17.5 -16.1142 58.074
    endloop
  endfacet
  facet normal 0 -0.336939 0.941527
    outer loop
      vertex -17.5 -17.9354 58.9354
      vertex 17.5 -18.074 58.8858
      vertex 17.5 -17.9354 58.9354
    endloop
  endfacet
  facet normal 0 -0.336939 0.941527
    outer loop
      vertex 17.5 -18.074 58.8858
      vertex -17.5 -17.9354 58.9354
      vertex -17.5 -18.074 58.8858
    endloop
  endfacet
  facet normal -0 0.336939 0.941527
    outer loop
      vertex -17.5 -16.926 58.8858
      vertex 17.5 -17.0646 58.9354
      vertex 17.5 -16.926 58.8858
    endloop
  endfacet
  facet normal 0 0.336939 0.941527
    outer loop
      vertex 17.5 -17.0646 58.9354
      vertex -17.5 -16.926 58.8858
      vertex -17.5 -17.0646 58.9354
    endloop
  endfacet
  facet normal 0 0.969982 0.243175
    outer loop
      vertex 17.5 -16.0288 57.7926
      vertex -17.5 -16.0646 57.9354
      vertex 17.5 -16.0646 57.9354
    endloop
  endfacet
  facet normal 0 0.969982 0.243175
    outer loop
      vertex -17.5 -16.0646 57.9354
      vertex 17.5 -16.0288 57.7926
      vertex -17.5 -16.0288 57.7926
    endloop
  endfacet
  facet normal 0 -0.904125 0.427269
    outer loop
      vertex -17.5 -18.8858 58.074
      vertex 17.5 -18.8229 58.2071
      vertex -17.5 -18.8229 58.2071
    endloop
  endfacet
  facet normal 0 -0.904125 0.427269
    outer loop
      vertex 17.5 -18.8229 58.2071
      vertex -17.5 -18.8858 58.074
      vertex 17.5 -18.8858 58.074
    endloop
  endfacet
  facet normal 0 -0.514096 0.857733
    outer loop
      vertex -17.5 -18.2071 58.8229
      vertex 17.5 -18.3334 58.7472
      vertex 17.5 -18.2071 58.8229
    endloop
  endfacet
  facet normal 0 -0.514096 0.857733
    outer loop
      vertex 17.5 -18.3334 58.7472
      vertex -17.5 -18.2071 58.8229
      vertex -17.5 -18.3334 58.7472
    endloop
  endfacet
  facet normal -0 0.514096 0.857733
    outer loop
      vertex -17.5 -16.6666 58.7472
      vertex 17.5 -16.7929 58.8229
      vertex 17.5 -16.6666 58.7472
    endloop
  endfacet
  facet normal 0 0.514096 0.857733
    outer loop
      vertex 17.5 -16.7929 58.8229
      vertex -17.5 -16.6666 58.7472
      vertex -17.5 -16.7929 58.8229
    endloop
  endfacet
  facet normal -0 0.595861 0.803088
    outer loop
      vertex -17.5 -16.5484 58.6595
      vertex 17.5 -16.6666 58.7472
      vertex 17.5 -16.5484 58.6595
    endloop
  endfacet
  facet normal 0 0.595861 0.803088
    outer loop
      vertex 17.5 -16.6666 58.7472
      vertex -17.5 -16.5484 58.6595
      vertex -17.5 -16.6666 58.7472
    endloop
  endfacet
  facet normal -0 0.427269 0.904125
    outer loop
      vertex -17.5 -16.7929 58.8229
      vertex 17.5 -16.926 58.8858
      vertex 17.5 -16.7929 58.8229
    endloop
  endfacet
  facet normal 0 0.427269 0.904125
    outer loop
      vertex 17.5 -16.926 58.8858
      vertex -17.5 -16.7929 58.8229
      vertex -17.5 -16.926 58.8858
    endloop
  endfacet
  facet normal -0 0.243175 0.969982
    outer loop
      vertex -17.5 -17.0646 58.9354
      vertex 17.5 -17.2074 58.9712
      vertex 17.5 -17.0646 58.9354
    endloop
  endfacet
  facet normal 0 0.243175 0.969982
    outer loop
      vertex 17.5 -17.2074 58.9712
      vertex -17.5 -17.0646 58.9354
      vertex -17.5 -17.2074 58.9712
    endloop
  endfacet
  facet normal -0 0.146746 0.989174
    outer loop
      vertex -17.5 -17.2074 58.9712
      vertex 17.5 -17.353 58.9928
      vertex 17.5 -17.2074 58.9712
    endloop
  endfacet
  facet normal 0 0.146746 0.989174
    outer loop
      vertex 17.5 -17.353 58.9928
      vertex -17.5 -17.2074 58.9712
      vertex -17.5 -17.353 58.9928
    endloop
  endfacet
  facet normal 0 0.803088 0.595861
    outer loop
      vertex 17.5 -16.2528 58.3334
      vertex -17.5 -16.3405 58.4516
      vertex 17.5 -16.3405 58.4516
    endloop
  endfacet
  facet normal 0 0.803088 0.595861
    outer loop
      vertex -17.5 -16.3405 58.4516
      vertex 17.5 -16.2528 58.3334
      vertex -17.5 -16.2528 58.3334
    endloop
  endfacet
  facet normal 0 0.857733 0.514096
    outer loop
      vertex 17.5 -16.1771 58.2071
      vertex -17.5 -16.2528 58.3334
      vertex 17.5 -16.2528 58.3334
    endloop
  endfacet
  facet normal 0 0.857733 0.514096
    outer loop
      vertex -17.5 -16.2528 58.3334
      vertex 17.5 -16.1771 58.2071
      vertex -17.5 -16.1771 58.2071
    endloop
  endfacet
  facet normal 0 0.74123 0.671251
    outer loop
      vertex 17.5 -16.3405 58.4516
      vertex -17.5 -16.4393 58.5607
      vertex 17.5 -16.4393 58.5607
    endloop
  endfacet
  facet normal 0 0.74123 0.671251
    outer loop
      vertex -17.5 -16.4393 58.5607
      vertex 17.5 -16.3405 58.4516
      vertex -17.5 -16.3405 58.4516
    endloop
  endfacet
  facet normal 0 0.941527 0.336939
    outer loop
      vertex 17.5 -16.0646 57.9354
      vertex -17.5 -16.1142 58.074
      vertex 17.5 -16.1142 58.074
    endloop
  endfacet
  facet normal 0 0.941527 0.336939
    outer loop
      vertex -17.5 -16.1142 58.074
      vertex 17.5 -16.0646 57.9354
      vertex -17.5 -16.0646 57.9354
    endloop
  endfacet
  facet normal 0 0.989174 0.146746
    outer loop
      vertex 17.5 -16.0072 57.647
      vertex -17.5 -16.0288 57.7926
      vertex 17.5 -16.0288 57.7926
    endloop
  endfacet
  facet normal 0 0.989174 0.146746
    outer loop
      vertex -17.5 -16.0288 57.7926
      vertex 17.5 -16.0072 57.647
      vertex -17.5 -16.0072 57.647
    endloop
  endfacet
  facet normal 0 -0.969982 0.243175
    outer loop
      vertex -17.5 -18.9712 57.7926
      vertex 17.5 -18.9354 57.9354
      vertex -17.5 -18.9354 57.9354
    endloop
  endfacet
  facet normal 0 -0.969982 0.243175
    outer loop
      vertex 17.5 -18.9354 57.9354
      vertex -17.5 -18.9712 57.7926
      vertex 17.5 -18.9712 57.7926
    endloop
  endfacet
  facet normal 0 -0.803088 0.595861
    outer loop
      vertex -17.5 -18.7472 58.3334
      vertex 17.5 -18.6595 58.4516
      vertex -17.5 -18.6595 58.4516
    endloop
  endfacet
  facet normal 0 -0.803088 0.595861
    outer loop
      vertex 17.5 -18.6595 58.4516
      vertex -17.5 -18.7472 58.3334
      vertex 17.5 -18.7472 58.3334
    endloop
  endfacet
  facet normal 0 -0.74123 0.671251
    outer loop
      vertex -17.5 -18.6595 58.4516
      vertex 17.5 -18.5607 58.5607
      vertex -17.5 -18.5607 58.5607
    endloop
  endfacet
  facet normal 0 -0.74123 0.671251
    outer loop
      vertex 17.5 -18.5607 58.5607
      vertex -17.5 -18.6595 58.4516
      vertex 17.5 -18.6595 58.4516
    endloop
  endfacet
  facet normal 0 -0.857733 0.514096
    outer loop
      vertex -17.5 -18.8229 58.2071
      vertex 17.5 -18.7472 58.3334
      vertex -17.5 -18.7472 58.3334
    endloop
  endfacet
  facet normal 0 -0.857733 0.514096
    outer loop
      vertex 17.5 -18.7472 58.3334
      vertex -17.5 -18.8229 58.2071
      vertex 17.5 -18.8229 58.2071
    endloop
  endfacet
  facet normal 0 -0.941527 0.336939
    outer loop
      vertex -17.5 -18.9354 57.9354
      vertex 17.5 -18.8858 58.074
      vertex -17.5 -18.8858 58.074
    endloop
  endfacet
  facet normal 0 -0.941527 0.336939
    outer loop
      vertex 17.5 -18.8858 58.074
      vertex -17.5 -18.9354 57.9354
      vertex 17.5 -18.9354 57.9354
    endloop
  endfacet
  facet normal 0 -0.989174 0.146746
    outer loop
      vertex -17.5 -18.9928 57.647
      vertex 17.5 -18.9712 57.7926
      vertex -17.5 -18.9712 57.7926
    endloop
  endfacet
  facet normal 0 -0.989174 0.146746
    outer loop
      vertex 17.5 -18.9712 57.7926
      vertex -17.5 -18.9928 57.647
      vertex 17.5 -18.9928 57.647
    endloop
  endfacet
  facet normal 0 -0.595861 0.803088
    outer loop
      vertex -17.5 -18.3334 58.7472
      vertex 17.5 -18.4516 58.6595
      vertex 17.5 -18.3334 58.7472
    endloop
  endfacet
  facet normal 0 -0.595861 0.803088
    outer loop
      vertex 17.5 -18.4516 58.6595
      vertex -17.5 -18.3334 58.7472
      vertex -17.5 -18.4516 58.6595
    endloop
  endfacet
  facet normal 0 -0.0489209 0.998803
    outer loop
      vertex -17.5 -17.5 59
      vertex 17.5 -17.647 58.9928
      vertex 17.5 -17.5 59
    endloop
  endfacet
  facet normal 0 -0.0489209 0.998803
    outer loop
      vertex 17.5 -17.647 58.9928
      vertex -17.5 -17.5 59
      vertex -17.5 -17.647 58.9928
    endloop
  endfacet
  facet normal 0 -0.243175 0.969982
    outer loop
      vertex -17.5 -17.7926 58.9712
      vertex 17.5 -17.9354 58.9354
      vertex 17.5 -17.7926 58.9712
    endloop
  endfacet
  facet normal 0 -0.243175 0.969982
    outer loop
      vertex 17.5 -17.9354 58.9354
      vertex -17.5 -17.7926 58.9712
      vertex -17.5 -17.9354 58.9354
    endloop
  endfacet
  facet normal 0 -0.146746 0.989174
    outer loop
      vertex -17.5 -17.647 58.9928
      vertex 17.5 -17.7926 58.9712
      vertex 17.5 -17.647 58.9928
    endloop
  endfacet
  facet normal 0 -0.146746 0.989174
    outer loop
      vertex 17.5 -17.7926 58.9712
      vertex -17.5 -17.647 58.9928
      vertex -17.5 -17.7926 58.9712
    endloop
  endfacet
  facet normal 0 -0.427269 0.904125
    outer loop
      vertex -17.5 -18.074 58.8858
      vertex 17.5 -18.2071 58.8229
      vertex 17.5 -18.074 58.8858
    endloop
  endfacet
  facet normal 0 -0.427269 0.904125
    outer loop
      vertex 17.5 -18.2071 58.8229
      vertex -17.5 -18.074 58.8858
      vertex -17.5 -18.2071 58.8229
    endloop
  endfacet
  facet normal 0.707144 0.70707 -2.37707e-06
    outer loop
      vertex -16.5 -9.00001 57.5
      vertex -17.1 -8.40001 38.7134
      vertex -16.785 -8.71498 57.5
    endloop
  endfacet
  facet normal 0.707107 0.707107 0
    outer loop
      vertex -17.1 -8.40001 38.7134
      vertex -16.5 -9.00001 57.5
      vertex -16.5 -9.00001 35.5
    endloop
  endfacet
  facet normal 0.707107 0.707107 0
    outer loop
      vertex -17.1 -8.40001 38.7134
      vertex -16.5 -9.00001 35.5
      vertex -17.1 -8.40001 35.5
    endloop
  endfacet
  facet normal 0 1 0
    outer loop
      vertex -17.1 -8.40001 38.7134
      vertex -18.7 -8.40001 57.5
      vertex -17.7958 -8.40001 57.5
    endloop
  endfacet
  facet normal 0 1 0
    outer loop
      vertex -18.7 -8.40001 35.5
      vertex -17.1 -8.40001 38.7134
      vertex -17.1 -8.40001 35.5
    endloop
  endfacet
  facet normal 0 1 0
    outer loop
      vertex -17.1 -8.40001 38.7134
      vertex -18.7 -8.40001 35.5
      vertex -18.7 -8.40001 57.5
    endloop
  endfacet
  facet normal 0 0 -1
    outer loop
      vertex -17.5 -16.2 35.5
      vertex -18.7 -16.2 35.5
      vertex -17.5 -16 35.5
    endloop
  endfacet
  facet normal 0 0 -1
    outer loop
      vertex -17.5 -16 35.5
      vertex -16.5 -15.6 35.5
      vertex -16.9 -16 35.5
    endloop
  endfacet
  facet normal 0 0 -1
    outer loop
      vertex -19.3 -15.6 35.5
      vertex -16.5 -15.6 35.5
      vertex -17.5 -16 35.5
    endloop
  endfacet
  facet normal 0 0 -1
    outer loop
      vertex -16.5 -15.6 35.5
      vertex -19.3 -15.6 35.5
      vertex -16.5 -9.00001 35.5
    endloop
  endfacet
  facet normal 0 0 -1
    outer loop
      vertex -19.3 -15.6 35.5
      vertex -17.5 -16 35.5
      vertex -18.7 -16.2 35.5
    endloop
  endfacet
  facet normal -0 0 -1
    outer loop
      vertex -16.5 -9.00001 35.5
      vertex -19.3 -15.6 35.5
      vertex -19.3 -9.00001 35.5
    endloop
  endfacet
  facet normal 0 0 -1
    outer loop
      vertex -16.5 -9.00001 35.5
      vertex -19.3 -9.00001 35.5
      vertex -17.1 -8.40001 35.5
    endloop
  endfacet
  facet normal -0 0 -1
    outer loop
      vertex -17.1 -8.40001 35.5
      vertex -19.3 -9.00001 35.5
      vertex -18.7 -8.40001 35.5
    endloop
  endfacet
  facet normal 0 0 -1
    outer loop
      vertex 17.5 -16 35.5
      vertex 19.3 -15.6 35.5
      vertex 18.7 -16.2 35.5
    endloop
  endfacet
  facet normal 0 0 -1
    outer loop
      vertex 16.5 -15.6 35.5
      vertex 19.3 -15.6 35.5
      vertex 17.5 -16 35.5
    endloop
  endfacet
  facet normal 0 0 -1
    outer loop
      vertex 17.5 -16 35.5
      vertex 18.7 -16.2 35.5
      vertex 17.5 -16.2 35.5
    endloop
  endfacet
  facet normal 0 0 -1
    outer loop
      vertex 19.3 -15.6 35.5
      vertex 16.5 -15.6 35.5
      vertex 19.3 -9.00001 35.5
    endloop
  endfacet
  facet normal 0 0 -1
    outer loop
      vertex 19.3 -9.00001 35.5
      vertex 16.5 -9.00001 35.5
      vertex 18.7 -8.40001 35.5
    endloop
  endfacet
  facet normal 0 0 -1
    outer loop
      vertex 16.5 -15.6 35.5
      vertex 17.5 -16 35.5
      vertex 16.9 -16 35.5
    endloop
  endfacet
  facet normal -0 0 -1
    outer loop
      vertex 19.3 -9.00001 35.5
      vertex 16.5 -15.6 35.5
      vertex 16.5 -9.00001 35.5
    endloop
  endfacet
  facet normal -0 0 -1
    outer loop
      vertex 18.7 -8.40001 35.5
      vertex 16.5 -9.00001 35.5
      vertex 17.1 -8.40001 35.5
    endloop
  endfacet
  facet normal 0.707107 -0.707107 0
    outer loop
      vertex -16.9 -16 57.5
      vertex -16.5 -15.6 35.5
      vertex -16.5 -15.6 57.5
    endloop
  endfacet
  facet normal 0.707107 -0.707107 0
    outer loop
      vertex -16.5 -15.6 35.5
      vertex -16.9 -16 57.5
      vertex -16.9 -16 35.5
    endloop
  endfacet
  facet normal 1 -0 0
    outer loop
      vertex -16.5 -15.6 57.5
      vertex -16.5 -9.00001 35.5
      vertex -16.5 -9.00001 57.5
    endloop
  endfacet
  facet normal 1 0 0
    outer loop
      vertex -16.5 -9.00001 35.5
      vertex -16.5 -15.6 57.5
      vertex -16.5 -15.6 35.5
    endloop
  endfacet
  facet normal -1 0 0
    outer loop
      vertex -19.3 -15.6 35.5
      vertex -19.3 -9.00001 57.5
      vertex -19.3 -9.00001 35.5
    endloop
  endfacet
  facet normal -1 -0 0
    outer loop
      vertex -19.3 -9.00001 57.5
      vertex -19.3 -15.6 35.5
      vertex -19.3 -15.6 57.5
    endloop
  endfacet
  facet normal -0.707107 -0.707107 0
    outer loop
      vertex -18.7 -16.2 35.5
      vertex -19.3 -15.6 57.5
      vertex -19.3 -15.6 35.5
    endloop
  endfacet
  facet normal -0.707107 -0.707107 0
    outer loop
      vertex -19.3 -15.6 57.5
      vertex -18.7 -16.2 35.5
      vertex -18.7 -16.2 57.5
    endloop
  endfacet
  facet normal 0 -1 0
    outer loop
      vertex -18.7 -16.2 35.5
      vertex -17.5 -16.2 57.5
      vertex -18.7 -16.2 57.5
    endloop
  endfacet
  facet normal 0 -1 -0
    outer loop
      vertex -17.5 -16.2 57.5
      vertex -18.7 -16.2 35.5
      vertex -17.5 -16.2 35.5
    endloop
  endfacet
  facet normal 0 0 1
    outer loop
      vertex -17.7958 -8.40001 57.5
      vertex -16.5 -9.00001 57.5
      vertex -16.785 -8.71498 57.5
    endloop
  endfacet
  facet normal 0 0 1
    outer loop
      vertex -16.5 -9.00001 57.5
      vertex -19.3 -9.00001 57.5
      vertex -16.5 -15.6 57.5
    endloop
  endfacet
  facet normal 0 0 1
    outer loop
      vertex -16.5 -15.6 57.5
      vertex -17.5 -16 57.5
      vertex -16.9 -16 57.5
    endloop
  endfacet
  facet normal 0 0 1
    outer loop
      vertex -16.5 -9.00001 57.5
      vertex -17.7958 -8.40001 57.5
      vertex -19.3 -9.00001 57.5
    endloop
  endfacet
  facet normal 0 0 1
    outer loop
      vertex -19.3 -15.6 57.5
      vertex -16.5 -15.6 57.5
      vertex -19.3 -9.00001 57.5
    endloop
  endfacet
  facet normal 0 0 1
    outer loop
      vertex -19.3 -9.00001 57.5
      vertex -17.7958 -8.40001 57.5
      vertex -18.7 -8.40001 57.5
    endloop
  endfacet
  facet normal 0 0 1
    outer loop
      vertex -16.5 -15.6 57.5
      vertex -19.3 -15.6 57.5
      vertex -17.5 -16 57.5
    endloop
  endfacet
  facet normal 0 -0 1
    outer loop
      vertex -18.7 -16.2 57.5
      vertex -17.5 -16 57.5
      vertex -19.3 -15.6 57.5
    endloop
  endfacet
  facet normal 0 0 1
    outer loop
      vertex -17.5 -16 57.5
      vertex -18.7 -16.2 57.5
      vertex -17.5 -16.2 57.5
    endloop
  endfacet
  facet normal 0 0 1
    outer loop
      vertex 19.3 -15.6 57.5
      vertex 16.5 -15.6 57.5
      vertex 17.5 -16 57.5
    endloop
  endfacet
  facet normal 0 0 1
    outer loop
      vertex 16.5 -9.00001 57.5
      vertex 17.7293 -8.54182 57.5
      vertex 16.706 -8.79404 57.5
    endloop
  endfacet
  facet normal 0 0 1
    outer loop
      vertex 17.7293 -8.54182 57.5
      vertex 16.5 -9.00001 57.5
      vertex 16.5 -15.6 57.5
    endloop
  endfacet
  facet normal 0 0 1
    outer loop
      vertex 17.5 -16 57.5
      vertex 16.5 -15.6 57.5
      vertex 16.9 -16 57.5
    endloop
  endfacet
  facet normal -0 0 1
    outer loop
      vertex 17.7293 -8.54182 57.5
      vertex 19.3 -9.00001 57.5
      vertex 18.7 -8.40001 57.5
    endloop
  endfacet
  facet normal 0 0 1
    outer loop
      vertex 16.5 -15.6 57.5
      vertex 19.3 -9.00001 57.5
      vertex 17.7293 -8.54182 57.5
    endloop
  endfacet
  facet normal 0 0 1
    outer loop
      vertex 17.7293 -8.54182 57.5
      vertex 18.7 -8.40001 57.5
      vertex 17.8893 -8.40001 57.5
    endloop
  endfacet
  facet normal 0 0 1
    outer loop
      vertex 16.5 -15.6 57.5
      vertex 19.3 -15.6 57.5
      vertex 19.3 -9.00001 57.5
    endloop
  endfacet
  facet normal 0 0 1
    outer loop
      vertex 19.3 -15.6 57.5
      vertex 17.5 -16 57.5
      vertex 18.7 -16.2 57.5
    endloop
  endfacet
  facet normal 0 0 1
    outer loop
      vertex 18.7 -16.2 57.5
      vertex 17.5 -16 57.5
      vertex 17.5 -16.2 57.5
    endloop
  endfacet
  facet normal -0.707107 0.707107 0
    outer loop
      vertex -19.3 -9.00001 35.5
      vertex -18.7 -8.40001 57.5
      vertex -18.7 -8.40001 35.5
    endloop
  endfacet
  facet normal -0.707107 0.707107 0
    outer loop
      vertex -18.7 -8.40001 57.5
      vertex -19.3 -9.00001 35.5
      vertex -19.3 -9.00001 57.5
    endloop
  endfacet
  facet normal 0.707107 0.707107 0
    outer loop
      vertex 19.3 -9.00001 57.5
      vertex 18.7 -8.40001 35.5
      vertex 18.7 -8.40001 57.5
    endloop
  endfacet
  facet normal 0.707107 0.707107 0
    outer loop
      vertex 18.7 -8.40001 35.5
      vertex 19.3 -9.00001 57.5
      vertex 19.3 -9.00001 35.5
    endloop
  endfacet
  facet normal 0 1 0
    outer loop
      vertex 18.7 -8.40001 57.5
      vertex 17.1 -8.40001 36.1882
      vertex 17.8893 -8.40001 57.5
    endloop
  endfacet
  facet normal 0 1 -0
    outer loop
      vertex 18.7 -8.40001 35.5
      vertex 17.1 -8.40001 36.1882
      vertex 18.7 -8.40001 57.5
    endloop
  endfacet
  facet normal 0 1 0
    outer loop
      vertex 17.1 -8.40001 36.1882
      vertex 18.7 -8.40001 35.5
      vertex 17.1 -8.40001 35.5
    endloop
  endfacet
  facet normal -0.707107 0.707107 0
    outer loop
      vertex 16.5 -9.00001 35.5
      vertex 17.1 -8.40001 36.1882
      vertex 17.1 -8.40001 35.5
    endloop
  endfacet
  facet normal -0.707113 0.707101 1.07832e-05
    outer loop
      vertex 17.1 -8.40001 36.1882
      vertex 16.5 -9.00001 35.5
      vertex 16.9582 -8.54182 36.6813
    endloop
  endfacet
  facet normal -0.707099 0.707114 0
    outer loop
      vertex 16.5 -9.00001 57.5
      vertex 16.9582 -8.54182 36.6813
      vertex 16.5 -9.00001 35.5
    endloop
  endfacet
  facet normal -0.707055 0.707158 1.92691e-06
    outer loop
      vertex 16.9582 -8.54182 36.6813
      vertex 16.5 -9.00001 57.5
      vertex 16.706 -8.79404 57.5
    endloop
  endfacet
  facet normal 0.707107 -0.707107 0
    outer loop
      vertex 18.7 -16.2 57.5
      vertex 19.3 -15.6 35.5
      vertex 19.3 -15.6 57.5
    endloop
  endfacet
  facet normal 0.707107 -0.707107 0
    outer loop
      vertex 19.3 -15.6 35.5
      vertex 18.7 -16.2 57.5
      vertex 18.7 -16.2 35.5
    endloop
  endfacet
  facet normal 1 -0 0
    outer loop
      vertex 19.3 -15.6 57.5
      vertex 19.3 -9.00001 35.5
      vertex 19.3 -9.00001 57.5
    endloop
  endfacet
  facet normal 1 0 0
    outer loop
      vertex 19.3 -9.00001 35.5
      vertex 19.3 -15.6 57.5
      vertex 19.3 -15.6 35.5
    endloop
  endfacet
  facet normal -1 0 0
    outer loop
      vertex 16.5 -15.6 35.5
      vertex 16.5 -9.00001 57.5
      vertex 16.5 -9.00001 35.5
    endloop
  endfacet
  facet normal -1 -0 0
    outer loop
      vertex 16.5 -9.00001 57.5
      vertex 16.5 -15.6 35.5
      vertex 16.5 -15.6 57.5
    endloop
  endfacet
  facet normal -0.707107 -0.707107 0
    outer loop
      vertex 16.9 -16 35.5
      vertex 16.5 -15.6 57.5
      vertex 16.5 -15.6 35.5
    endloop
  endfacet
  facet normal -0.707107 -0.707107 0
    outer loop
      vertex 16.5 -15.6 57.5
      vertex 16.9 -16 35.5
      vertex 16.9 -16 57.5
    endloop
  endfacet
  facet normal 0 -1 0
    outer loop
      vertex 17.5 -16.2 35.5
      vertex 18.7 -16.2 57.5
      vertex 17.5 -16.2 57.5
    endloop
  endfacet
  facet normal 0 -1 -0
    outer loop
      vertex 18.7 -16.2 57.5
      vertex 17.5 -16.2 35.5
      vertex 18.7 -16.2 35.5
    endloop
  endfacet
  facet normal 0 1 -0
    outer loop
      vertex 16.9 -16 35.5
      vertex -16.9 -16 57.5
      vertex 16.9 -16 57.5
    endloop
  endfacet
  facet normal 0 1 0
    outer loop
      vertex -16.9 -16 57.5
      vertex 16.9 -16 35.5
      vertex -16.9 -16 35.5
    endloop
  endfacet
  facet normal 0 -1 0
    outer loop
      vertex 12.35 -19 35.5
      vertex 17.5 -19 57.5
      vertex 12.35 -19 57.5
    endloop
  endfacet
  facet normal 0 -1 -0
    outer loop
      vertex 17.5 -19 57.5
      vertex 12.35 -19 35.5
      vertex 17.5 -19 35.5
    endloop
  endfacet
  facet normal 0 -1 0
    outer loop
      vertex -17.5 -19 35.5
      vertex -12.35 -19 57.5
      vertex -17.5 -19 57.5
    endloop
  endfacet
  facet normal 0 -1 -0
    outer loop
      vertex -12.35 -19 57.5
      vertex -17.5 -19 35.5
      vertex -12.35 -19 35.5
    endloop
  endfacet
  facet normal 0 -1 0
    outer loop
      vertex -11.35 -19 35.5
      vertex 11.35 -19 57.5
      vertex -11.35 -19 57.5
    endloop
  endfacet
  facet normal 0 -1 -0
    outer loop
      vertex 11.35 -19 57.5
      vertex -11.35 -19 35.5
      vertex 11.35 -19 35.5
    endloop
  endfacet
  facet normal 0.707107 -0.707107 0
    outer loop
      vertex -11.45 -19.65 57.5
      vertex -11.15 -19.35 35.5
      vertex -11.15 -19.35 57.5
    endloop
  endfacet
  facet normal 0.707107 -0.707107 0
    outer loop
      vertex -11.15 -19.35 35.5
      vertex -11.45 -19.65 57.5
      vertex -11.45 -19.65 35.5
    endloop
  endfacet
  facet normal 0.707107 0.707107 0
    outer loop
      vertex -11.15 -19.2 57.5
      vertex -11.35 -19 35.5
      vertex -11.35 -19 57.5
    endloop
  endfacet
  facet normal 0.707107 0.707107 0
    outer loop
      vertex -11.35 -19 35.5
      vertex -11.15 -19.2 57.5
      vertex -11.15 -19.2 35.5
    endloop
  endfacet
  facet normal -1 0 0
    outer loop
      vertex -12.55 -19.35 35.5
      vertex -12.55 -19.2 57.5
      vertex -12.55 -19.2 35.5
    endloop
  endfacet
  facet normal -1 -0 0
    outer loop
      vertex -12.55 -19.2 57.5
      vertex -12.55 -19.35 35.5
      vertex -12.55 -19.35 57.5
    endloop
  endfacet
  facet normal 1 -0 0
    outer loop
      vertex -11.15 -19.35 57.5
      vertex -11.15 -19.2 35.5
      vertex -11.15 -19.2 57.5
    endloop
  endfacet
  facet normal 1 0 0
    outer loop
      vertex -11.15 -19.2 35.5
      vertex -11.15 -19.35 57.5
      vertex -11.15 -19.35 35.5
    endloop
  endfacet
  facet normal 0 0 -1
    outer loop
      vertex -11.15 -19.35 35.5
      vertex -11.35 -19 35.5
      vertex -11.15 -19.2 35.5
    endloop
  endfacet
  facet normal 0 0 -1
    outer loop
      vertex -11.45 -19.65 35.5
      vertex -11.35 -19 35.5
      vertex -11.15 -19.35 35.5
    endloop
  endfacet
  facet normal 0 0 -1
    outer loop
      vertex -12.25 -19.65 35.5
      vertex -11.35 -19 35.5
      vertex -11.45 -19.65 35.5
    endloop
  endfacet
  facet normal 0 0 -1
    outer loop
      vertex -12.25 -19.65 35.5
      vertex -12.35 -19 35.5
      vertex -11.35 -19 35.5
    endloop
  endfacet
  facet normal 0 0 -1
    outer loop
      vertex -12.55 -19.35 35.5
      vertex -12.35 -19 35.5
      vertex -12.25 -19.65 35.5
    endloop
  endfacet
  facet normal 0 0 -1
    outer loop
      vertex -12.35 -19 35.5
      vertex -12.55 -19.35 35.5
      vertex -12.55 -19.2 35.5
    endloop
  endfacet
  facet normal -0.707107 -0.707107 0
    outer loop
      vertex -12.25 -19.65 35.5
      vertex -12.55 -19.35 57.5
      vertex -12.55 -19.35 35.5
    endloop
  endfacet
  facet normal -0.707107 -0.707107 0
    outer loop
      vertex -12.55 -19.35 57.5
      vertex -12.25 -19.65 35.5
      vertex -12.25 -19.65 57.5
    endloop
  endfacet
  facet normal -0.707107 0.707107 0
    outer loop
      vertex -12.55 -19.2 35.5
      vertex -12.35 -19 57.5
      vertex -12.35 -19 35.5
    endloop
  endfacet
  facet normal -0.707107 0.707107 0
    outer loop
      vertex -12.35 -19 57.5
      vertex -12.55 -19.2 35.5
      vertex -12.55 -19.2 57.5
    endloop
  endfacet
  facet normal 0 0 1
    outer loop
      vertex -11.35 -19 57.5
      vertex -11.15 -19.35 57.5
      vertex -11.15 -19.2 57.5
    endloop
  endfacet
  facet normal 0 0 1
    outer loop
      vertex -11.35 -19 57.5
      vertex -11.45 -19.65 57.5
      vertex -11.15 -19.35 57.5
    endloop
  endfacet
  facet normal 0 0 1
    outer loop
      vertex -11.35 -19 57.5
      vertex -12.25 -19.65 57.5
      vertex -11.45 -19.65 57.5
    endloop
  endfacet
  facet normal -0 0 1
    outer loop
      vertex -12.35 -19 57.5
      vertex -12.25 -19.65 57.5
      vertex -11.35 -19 57.5
    endloop
  endfacet
  facet normal 0 0 1
    outer loop
      vertex -12.55 -19.35 57.5
      vertex -12.35 -19 57.5
      vertex -12.55 -19.2 57.5
    endloop
  endfacet
  facet normal 0 0 1
    outer loop
      vertex -12.35 -19 57.5
      vertex -12.55 -19.35 57.5
      vertex -12.25 -19.65 57.5
    endloop
  endfacet
  facet normal 0 -1 0
    outer loop
      vertex -12.25 -19.65 35.5
      vertex -11.45 -19.65 57.5
      vertex -12.25 -19.65 57.5
    endloop
  endfacet
  facet normal 0 -1 -0
    outer loop
      vertex -11.45 -19.65 57.5
      vertex -12.25 -19.65 35.5
      vertex -11.45 -19.65 35.5
    endloop
  endfacet
  facet normal 0.707107 -0.707107 0
    outer loop
      vertex 12.25 -19.65 57.5
      vertex 12.55 -19.35 35.5
      vertex 12.55 -19.35 57.5
    endloop
  endfacet
  facet normal 0.707107 -0.707107 0
    outer loop
      vertex 12.55 -19.35 35.5
      vertex 12.25 -19.65 57.5
      vertex 12.25 -19.65 35.5
    endloop
  endfacet
  facet normal 0.707107 0.707107 0
    outer loop
      vertex 12.55 -19.2 57.5
      vertex 12.35 -19 35.5
      vertex 12.35 -19 57.5
    endloop
  endfacet
  facet normal 0.707107 0.707107 0
    outer loop
      vertex 12.35 -19 35.5
      vertex 12.55 -19.2 57.5
      vertex 12.55 -19.2 35.5
    endloop
  endfacet
  facet normal -1 0 0
    outer loop
      vertex 11.15 -19.35 35.5
      vertex 11.15 -19.2 57.5
      vertex 11.15 -19.2 35.5
    endloop
  endfacet
  facet normal -1 -0 0
    outer loop
      vertex 11.15 -19.2 57.5
      vertex 11.15 -19.35 35.5
      vertex 11.15 -19.35 57.5
    endloop
  endfacet
  facet normal 1 -0 0
    outer loop
      vertex 12.55 -19.35 57.5
      vertex 12.55 -19.2 35.5
      vertex 12.55 -19.2 57.5
    endloop
  endfacet
  facet normal 1 0 0
    outer loop
      vertex 12.55 -19.2 35.5
      vertex 12.55 -19.35 57.5
      vertex 12.55 -19.35 35.5
    endloop
  endfacet
  facet normal 0 0 -1
    outer loop
      vertex 12.55 -19.35 35.5
      vertex 12.35 -19 35.5
      vertex 12.55 -19.2 35.5
    endloop
  endfacet
  facet normal 0 0 -1
    outer loop
      vertex 12.25 -19.65 35.5
      vertex 12.35 -19 35.5
      vertex 12.55 -19.35 35.5
    endloop
  endfacet
  facet normal 0 0 -1
    outer loop
      vertex 11.45 -19.65 35.5
      vertex 12.35 -19 35.5
      vertex 12.25 -19.65 35.5
    endloop
  endfacet
  facet normal 0 0 -1
    outer loop
      vertex 11.45 -19.65 35.5
      vertex 11.35 -19 35.5
      vertex 12.35 -19 35.5
    endloop
  endfacet
  facet normal 0 0 -1
    outer loop
      vertex 11.15 -19.35 35.5
      vertex 11.35 -19 35.5
      vertex 11.45 -19.65 35.5
    endloop
  endfacet
  facet normal 0 0 -1
    outer loop
      vertex 11.35 -19 35.5
      vertex 11.15 -19.35 35.5
      vertex 11.15 -19.2 35.5
    endloop
  endfacet
  facet normal -0.707107 -0.707107 0
    outer loop
      vertex 11.45 -19.65 35.5
      vertex 11.15 -19.35 57.5
      vertex 11.15 -19.35 35.5
    endloop
  endfacet
  facet normal -0.707107 -0.707107 0
    outer loop
      vertex 11.15 -19.35 57.5
      vertex 11.45 -19.65 35.5
      vertex 11.45 -19.65 57.5
    endloop
  endfacet
  facet normal -0.707107 0.707107 0
    outer loop
      vertex 11.15 -19.2 35.5
      vertex 11.35 -19 57.5
      vertex 11.35 -19 35.5
    endloop
  endfacet
  facet normal -0.707107 0.707107 0
    outer loop
      vertex 11.35 -19 57.5
      vertex 11.15 -19.2 35.5
      vertex 11.15 -19.2 57.5
    endloop
  endfacet
  facet normal 0 0 1
    outer loop
      vertex 12.35 -19 57.5
      vertex 12.55 -19.35 57.5
      vertex 12.55 -19.2 57.5
    endloop
  endfacet
  facet normal 0 0 1
    outer loop
      vertex 12.35 -19 57.5
      vertex 12.25 -19.65 57.5
      vertex 12.55 -19.35 57.5
    endloop
  endfacet
  facet normal 0 0 1
    outer loop
      vertex 12.35 -19 57.5
      vertex 11.45 -19.65 57.5
      vertex 12.25 -19.65 57.5
    endloop
  endfacet
  facet normal -0 0 1
    outer loop
      vertex 11.35 -19 57.5
      vertex 11.45 -19.65 57.5
      vertex 12.35 -19 57.5
    endloop
  endfacet
  facet normal 0 0 1
    outer loop
      vertex 11.15 -19.35 57.5
      vertex 11.35 -19 57.5
      vertex 11.15 -19.2 57.5
    endloop
  endfacet
  facet normal 0 0 1
    outer loop
      vertex 11.35 -19 57.5
      vertex 11.15 -19.35 57.5
      vertex 11.45 -19.65 57.5
    endloop
  endfacet
  facet normal 0 -1 0
    outer loop
      vertex 11.45 -19.65 35.5
      vertex 12.25 -19.65 57.5
      vertex 11.45 -19.65 57.5
    endloop
  endfacet
  facet normal 0 -1 -0
    outer loop
      vertex 12.25 -19.65 57.5
      vertex 11.45 -19.65 35.5
      vertex 12.25 -19.65 35.5
    endloop
  endfacet
  facet normal 0 -0.986638 -0.162927
    outer loop
      vertex -5.9 -12.7502 7.46384
      vertex 5.9 -12.8888 8.30316
      vertex -5.9 -12.8888 8.30316
    endloop
  endfacet
  facet normal 0 -0.986638 -0.162927
    outer loop
      vertex 5.9 -12.8888 8.30316
      vertex -5.9 -12.7502 7.46384
      vertex 5.9 -12.7502 7.46384
    endloop
  endfacet
  facet normal 0 0 -1
    outer loop
      vertex -5.9 -8.29599 0
      vertex 5.9 8.29599 0
      vertex 5.9 -8.29599 0
    endloop
  endfacet
  facet normal -0 0 -1
    outer loop
      vertex 5.9 8.29599 0
      vertex -5.9 -8.29599 0
      vertex -5.9 8.29599 0
    endloop
  endfacet
  facet normal 0 0.63438 -0.773021
    outer loop
      vertex -5.9 8.29599 0
      vertex 5.9 8.57149 0.226089
      vertex 5.9 8.29599 0
    endloop
  endfacet
  facet normal 0 0.63438 -0.773021
    outer loop
      vertex 5.9 8.57149 0.226089
      vertex -5.9 8.29599 0
      vertex -5.9 8.57149 0.226089
    endloop
  endfacet
  facet normal 0 -0.881932 -0.471376
    outer loop
      vertex -5.9 -11.2583 3.5
      vertex 5.9 -11.6593 4.25026
      vertex -5.9 -11.6593 4.25026
    endloop
  endfacet
  facet normal 0 -0.881932 -0.471376
    outer loop
      vertex 5.9 -11.6593 4.25026
      vertex -5.9 -11.2583 3.5
      vertex 5.9 -11.2583 3.5
    endloop
  endfacet
  facet normal 0 -0.986641 0.162912
    outer loop
      vertex -5.9 -12.8888 11.6968
      vertex 5.9 -12.7502 12.5362
      vertex -5.9 -12.7502 12.5362
    endloop
  endfacet
  facet normal 0 -0.986641 0.162912
    outer loop
      vertex 5.9 -12.7502 12.5362
      vertex -5.9 -12.8888 11.6968
      vertex 5.9 -12.8888 11.6968
    endloop
  endfacet
  facet normal 0 -0.97387 -0.227105
    outer loop
      vertex -5.9 -12.557 6.63536
      vertex 5.9 -12.7502 7.46384
      vertex -5.9 -12.7502 7.46384
    endloop
  endfacet
  facet normal 0 -0.97387 -0.227105
    outer loop
      vertex 5.9 -12.7502 7.46384
      vertex -5.9 -12.557 6.63536
      vertex 5.9 -12.557 6.63536
    endloop
  endfacet
  facet normal 0 0.995183 0.0980371
    outer loop
      vertex 5.9 12.9722 10.8502
      vertex -5.9 12.8888 11.6968
      vertex 5.9 12.8888 11.6968
    endloop
  endfacet
  facet normal 0 0.995183 0.0980371
    outer loop
      vertex -5.9 12.8888 11.6968
      vertex 5.9 12.9722 10.8502
      vertex -5.9 12.9722 10.8502
    endloop
  endfacet
  facet normal 0 -0.729864 -0.683592
    outer loop
      vertex -5.9 -9.19238 0.807617
      vertex 5.9 -9.77391 1.42851
      vertex -5.9 -9.77391 1.42851
    endloop
  endfacet
  facet normal 0 -0.729864 -0.683592
    outer loop
      vertex 5.9 -9.77391 1.42851
      vertex -5.9 -9.19238 0.807617
      vertex 5.9 -9.19238 0.807617
    endloop
  endfacet
  facet normal 0 -0.63438 -0.773021
    outer loop
      vertex -5.9 -8.57149 0.226089
      vertex 5.9 -8.29599 0
      vertex 5.9 -8.57149 0.226089
    endloop
  endfacet
  facet normal -0 -0.63438 -0.773021
    outer loop
      vertex 5.9 -8.29599 0
      vertex -5.9 -8.57149 0.226089
      vertex -5.9 -8.29599 0
    endloop
  endfacet
  facet normal 0 -0.935889 -0.352294
    outer loop
      vertex -5.9 -12.0104 5.02512
      vertex 5.9 -12.3101 5.82129
      vertex -5.9 -12.3101 5.82129
    endloop
  endfacet
  facet normal 0 -0.935889 -0.352294
    outer loop
      vertex 5.9 -12.3101 5.82129
      vertex -5.9 -12.0104 5.02512
      vertex 5.9 -12.0104 5.02512
    endloop
  endfacet
  facet normal 0 -0.849215 -0.528048
    outer loop
      vertex -5.9 -10.8091 2.77759
      vertex 5.9 -11.2583 3.5
      vertex -5.9 -11.2583 3.5
    endloop
  endfacet
  facet normal 0 -0.849215 -0.528048
    outer loop
      vertex 5.9 -11.2583 3.5
      vertex -5.9 -10.8091 2.77759
      vertex 5.9 -10.8091 2.77759
    endloop
  endfacet
  facet normal 0 -0.849211 0.528053
    outer loop
      vertex -5.9 -11.2583 16.5
      vertex 5.9 -10.8091 17.2224
      vertex -5.9 -10.8091 17.2224
    endloop
  endfacet
  facet normal 0 -0.849211 0.528053
    outer loop
      vertex 5.9 -10.8091 17.2224
      vertex -5.9 -11.2583 16.5
      vertex 5.9 -11.2583 16.5
    endloop
  endfacet
  facet normal 0 0.352294 0.935889
    outer loop
      vertex 5.9 4.97488 22.0104
      vertex 3.60663 4.17871 22.3101
      vertex 5.9 4.17871 22.3101
    endloop
  endfacet
  facet normal 2.31625e-05 0.352236 0.935911
    outer loop
      vertex 5.9 4.97488 22.0104
      vertex 2.89999 4.52258 22.1807
      vertex 3.60663 4.17871 22.3101
    endloop
  endfacet
  facet normal 0 0.35237 0.935861
    outer loop
      vertex 5.9 4.97488 22.0104
      vertex -2.89999 4.52258 22.1807
      vertex 2.89999 4.52258 22.1807
    endloop
  endfacet
  facet normal -0 0.35237 0.935861
    outer loop
      vertex -5.9 4.97488 22.0104
      vertex -2.89999 4.52258 22.1807
      vertex 5.9 4.97488 22.0104
    endloop
  endfacet
  facet normal -2.04184e-05 0.352252 0.935905
    outer loop
      vertex -5.9 4.97488 22.0104
      vertex -4.00811 4.17871 22.3101
      vertex -2.89999 4.52258 22.1807
    endloop
  endfacet
  facet normal 0 0.352294 0.935889
    outer loop
      vertex -4.00811 4.17871 22.3101
      vertex -5.9 4.97488 22.0104
      vertex -5.9 4.17871 22.3101
    endloop
  endfacet
  facet normal 0 0.956958 0.290226
    outer loop
      vertex 5.9 12.557 13.3646
      vertex -5.9 12.3101 14.1787
      vertex 5.9 12.3101 14.1787
    endloop
  endfacet
  facet normal 0 0.956958 0.290226
    outer loop
      vertex -5.9 12.3101 14.1787
      vertex 5.9 12.557 13.3646
      vertex -5.9 12.557 13.3646
    endloop
  endfacet
  facet normal 0 -0.683593 -0.729863
    outer loop
      vertex -5.9 -9.19238 0.807617
      vertex 5.9 -8.57149 0.226089
      vertex 5.9 -9.19238 0.807617
    endloop
  endfacet
  facet normal -0 -0.683593 -0.729863
    outer loop
      vertex 5.9 -8.57149 0.226089
      vertex -5.9 -9.19238 0.807617
      vertex -5.9 -8.57149 0.226089
    endloop
  endfacet
  facet normal 0 -0.956955 -0.290236
    outer loop
      vertex -5.9 -12.3101 5.82129
      vertex 5.9 -12.557 6.63536
      vertex -5.9 -12.557 6.63536
    endloop
  endfacet
  facet normal 0 -0.956955 -0.290236
    outer loop
      vertex 5.9 -12.557 6.63536
      vertex -5.9 -12.3101 5.82129
      vertex 5.9 -12.3101 5.82129
    endloop
  endfacet
  facet normal 0 -0.910857 -0.412722
    outer loop
      vertex -5.9 -11.6593 4.25026
      vertex 5.9 -12.0104 5.02512
      vertex -5.9 -12.0104 5.02512
    endloop
  endfacet
  facet normal 0 -0.910857 -0.412722
    outer loop
      vertex 5.9 -12.0104 5.02512
      vertex -5.9 -11.6593 4.25026
      vertex 5.9 -11.6593 4.25026
    endloop
  endfacet
  facet normal 0 -0.812851 -0.582472
    outer loop
      vertex -5.9 -10.3136 2.08611
      vertex 5.9 -10.8091 2.77759
      vertex -5.9 -10.8091 2.77759
    endloop
  endfacet
  facet normal 0 -0.812851 -0.582472
    outer loop
      vertex 5.9 -10.8091 2.77759
      vertex -5.9 -10.3136 2.08611
      vertex 5.9 -10.3136 2.08611
    endloop
  endfacet
  facet normal 0 -0.773004 -0.634401
    outer loop
      vertex -5.9 -9.77391 1.42851
      vertex 5.9 -10.3136 2.08611
      vertex -5.9 -10.3136 2.08611
    endloop
  endfacet
  facet normal 0 -0.773004 -0.634401
    outer loop
      vertex 5.9 -10.3136 2.08611
      vertex -5.9 -9.77391 1.42851
      vertex 5.9 -9.77391 1.42851
    endloop
  endfacet
  facet normal -1 0 0
    outer loop
      vertex -5.9 3.3 10
      vertex -5.9 13 10
      vertex -5.9 12.9722 9.14977
    endloop
  endfacet
  facet normal -1 0 0
    outer loop
      vertex -5.9 3.27177 9.56926
      vertex -5.9 12.9722 9.14977
      vertex -5.9 12.8888 8.30316
    endloop
  endfacet
  facet normal -1 0 0
    outer loop
      vertex -5.9 13 10
      vertex -5.9 3.3 10
      vertex -5.9 12.9722 10.8502
    endloop
  endfacet
  facet normal -1 0 0
    outer loop
      vertex -5.9 3.27177 9.56926
      vertex -5.9 12.8888 8.30316
      vertex -5.9 12.7502 7.46384
    endloop
  endfacet
  facet normal -1 0 0
    outer loop
      vertex -5.9 3.27177 10.4307
      vertex -5.9 12.9722 10.8502
      vertex -5.9 3.3 10
    endloop
  endfacet
  facet normal -1 0 0
    outer loop
      vertex -5.9 3.18755 9.1459
      vertex -5.9 12.7502 7.46384
      vertex -5.9 12.557 6.63536
    endloop
  endfacet
  facet normal -1 -0 0
    outer loop
      vertex -5.9 12.9722 10.8502
      vertex -5.9 3.27177 10.4307
      vertex -5.9 12.8888 11.6968
    endloop
  endfacet
  facet normal -1 0 0
    outer loop
      vertex -5.9 3.18755 9.1459
      vertex -5.9 12.557 6.63536
      vertex -5.9 12.3101 5.82129
    endloop
  endfacet
  facet normal -1 -0 0
    outer loop
      vertex -5.9 12.8888 11.6968
      vertex -5.9 3.27177 10.4307
      vertex -5.9 12.7502 12.5362
    endloop
  endfacet
  facet normal -1 0 0
    outer loop
      vertex -5.9 3.0488 8.73714
      vertex -5.9 12.3101 5.82129
      vertex -5.9 12.0104 5.02512
    endloop
  endfacet
  facet normal -1 0 0
    outer loop
      vertex -5.9 3.18755 10.8541
      vertex -5.9 12.7502 12.5362
      vertex -5.9 3.27177 10.4307
    endloop
  endfacet
  facet normal -1 0 0
    outer loop
      vertex -5.9 3.0488 8.73714
      vertex -5.9 12.0104 5.02512
      vertex -5.9 11.6593 4.25026
    endloop
  endfacet
  facet normal -1 -0 0
    outer loop
      vertex -5.9 12.7502 12.5362
      vertex -5.9 3.18755 10.8541
      vertex -5.9 12.557 13.3646
    endloop
  endfacet
  facet normal -1 0 0
    outer loop
      vertex -5.9 2.85788 8.35
      vertex -5.9 11.6593 4.25026
      vertex -5.9 11.2583 3.5
    endloop
  endfacet
  facet normal -1 -0 0
    outer loop
      vertex -5.9 12.557 13.3646
      vertex -5.9 3.18755 10.8541
      vertex -5.9 12.3101 14.1787
    endloop
  endfacet
  facet normal -1 0 0
    outer loop
      vertex -5.9 2.85788 8.35
      vertex -5.9 11.2583 3.5
      vertex -5.9 10.8091 2.77759
    endloop
  endfacet
  facet normal -1 0 0
    outer loop
      vertex -5.9 3.0488 11.2629
      vertex -5.9 12.3101 14.1787
      vertex -5.9 3.18755 10.8541
    endloop
  endfacet
  facet normal -1 0 0
    outer loop
      vertex -5.9 2.61807 7.99109
      vertex -5.9 10.8091 2.77759
      vertex -5.9 10.3136 2.08611
    endloop
  endfacet
  facet normal -1 -0 0
    outer loop
      vertex -5.9 12.3101 14.1787
      vertex -5.9 3.0488 11.2629
      vertex -5.9 12.0104 14.9749
    endloop
  endfacet
  facet normal -1 0 0
    outer loop
      vertex -5.9 2.61807 7.99109
      vertex -5.9 10.3136 2.08611
      vertex -5.9 9.77391 1.42851
    endloop
  endfacet
  facet normal -1 -0 0
    outer loop
      vertex -5.9 12.0104 14.9749
      vertex -5.9 3.0488 11.2629
      vertex -5.9 11.6593 15.7497
    endloop
  endfacet
  facet normal -1 0 0
    outer loop
      vertex -5.9 2.33345 7.66655
      vertex -5.9 9.77391 1.42851
      vertex -5.9 9.19238 0.807617
    endloop
  endfacet
  facet normal -1 0 0
    outer loop
      vertex -5.9 2.85788 11.65
      vertex -5.9 11.6593 15.7497
      vertex -5.9 3.0488 11.2629
    endloop
  endfacet
  facet normal -1 0 0
    outer loop
      vertex -5.9 2.33345 7.66655
      vertex -5.9 9.19238 0.807617
      vertex -5.9 8.57149 0.226089
    endloop
  endfacet
  facet normal -1 -0 0
    outer loop
      vertex -5.9 11.6593 15.7497
      vertex -5.9 2.85788 11.65
      vertex -5.9 11.2583 16.5
    endloop
  endfacet
  facet normal -1 0 0
    outer loop
      vertex -5.9 2.33345 7.66655
      vertex -5.9 8.57149 0.226089
      vertex -5.9 8.29599 0
    endloop
  endfacet
  facet normal -1 -0 0
    outer loop
      vertex -5.9 11.2583 16.5
      vertex -5.9 2.85788 11.65
      vertex -5.9 10.8091 17.2224
    endloop
  endfacet
  facet normal -1 0 0
    outer loop
      vertex -5.9 2.61807 12.0089
      vertex -5.9 10.8091 17.2224
      vertex -5.9 2.85788 11.65
    endloop
  endfacet
  facet normal -1 -0 0
    outer loop
      vertex -5.9 10.8091 17.2224
      vertex -5.9 2.61807 12.0089
      vertex -5.9 10.3136 17.9139
    endloop
  endfacet
  facet normal -1 0 0
    outer loop
      vertex -5.9 2.33345 12.3335
      vertex -5.9 9.77391 18.5715
      vertex -5.9 2.61807 12.0089
    endloop
  endfacet
  facet normal -1 -0 0
    outer loop
      vertex -5.9 9.77391 18.5715
      vertex -5.9 2.33345 12.3335
      vertex -5.9 9.19238 19.1924
    endloop
  endfacet
  facet normal -1 -0 0
    outer loop
      vertex -5.9 9.19238 19.1924
      vertex -5.9 2.33345 12.3335
      vertex -5.9 8.57149 19.7739
    endloop
  endfacet
  facet normal -1 0 0
    outer loop
      vertex -5.9 2.00891 12.6181
      vertex -5.9 8.57149 19.7739
      vertex -5.9 2.33345 12.3335
    endloop
  endfacet
  facet normal -1 -0 0
    outer loop
      vertex -5.9 10.3136 17.9139
      vertex -5.9 2.61807 12.0089
      vertex -5.9 9.77391 18.5715
    endloop
  endfacet
  facet normal -1 0 0
    outer loop
      vertex -5.9 12.9722 9.14977
      vertex -5.9 3.27177 9.56926
      vertex -5.9 3.3 10
    endloop
  endfacet
  facet normal -1 0 0
    outer loop
      vertex -5.9 12.7502 7.46384
      vertex -5.9 3.18755 9.1459
      vertex -5.9 3.27177 9.56926
    endloop
  endfacet
  facet normal -1 0 0
    outer loop
      vertex -5.9 12.3101 5.82129
      vertex -5.9 3.0488 8.73714
      vertex -5.9 3.18755 9.1459
    endloop
  endfacet
  facet normal -1 0 0
    outer loop
      vertex -5.9 11.6593 4.25026
      vertex -5.9 2.85788 8.35
      vertex -5.9 3.0488 8.73714
    endloop
  endfacet
  facet normal -1 0 0
    outer loop
      vertex -5.9 10.8091 2.77759
      vertex -5.9 2.61807 7.99109
      vertex -5.9 2.85788 8.35
    endloop
  endfacet
  facet normal -1 0 0
    outer loop
      vertex -5.9 9.77391 1.42851
      vertex -5.9 2.33345 7.66655
      vertex -5.9 2.61807 7.99109
    endloop
  endfacet
  facet normal -1 0 0
    outer loop
      vertex -5.9 8.29599 0
      vertex -5.9 2.00891 7.38193
      vertex -5.9 2.33345 7.66655
    endloop
  endfacet
  facet normal -1 0 0
    outer loop
      vertex -5.9 8.29599 0
      vertex -5.9 1.65 7.14212
      vertex -5.9 2.00891 7.38193
    endloop
  endfacet
  facet normal -1 0 0
    outer loop
      vertex -5.9 8.29599 0
      vertex -5.9 1.26285 6.9512
      vertex -5.9 1.65 7.14212
    endloop
  endfacet
  facet normal -1 0 0
    outer loop
      vertex -5.9 8.29599 0
      vertex -5.9 0.854102 6.81244
      vertex -5.9 1.26285 6.9512
    endloop
  endfacet
  facet normal -1 0 0
    outer loop
      vertex -5.9 8.29599 0
      vertex -5.9 0.430736 6.72823
      vertex -5.9 0.854102 6.81244
    endloop
  endfacet
  facet normal -1 0 0
    outer loop
      vertex -5.9 8.29599 0
      vertex -5.9 0 6.7
      vertex -5.9 0.430736 6.72823
    endloop
  endfacet
  facet normal -1 0 0
    outer loop
      vertex -5.9 -8.29599 0
      vertex -5.9 0 6.7
      vertex -5.9 8.29599 0
    endloop
  endfacet
  facet normal -1 -0 0
    outer loop
      vertex -5.9 0 6.7
      vertex -5.9 -8.29599 0
      vertex -5.9 -0.430736 6.72823
    endloop
  endfacet
  facet normal -1 -0 0
    outer loop
      vertex -5.9 -0.430736 6.72823
      vertex -5.9 -8.29599 0
      vertex -5.9 -0.854102 6.81244
    endloop
  endfacet
  facet normal -1 -0 0
    outer loop
      vertex -5.9 -0.854102 6.81244
      vertex -5.9 -8.29599 0
      vertex -5.9 -1.26285 6.9512
    endloop
  endfacet
  facet normal -1 -0 0
    outer loop
      vertex -5.9 -1.26285 6.9512
      vertex -5.9 -8.29599 0
      vertex -5.9 -1.65 7.14212
    endloop
  endfacet
  facet normal -1 0 0
    outer loop
      vertex -5.9 -0.854102 13.1876
      vertex -5.9 -4.17871 22.3101
      vertex -5.9 -3.36464 22.557
    endloop
  endfacet
  facet normal -1 0 0
    outer loop
      vertex -5.9 -12.9722 9.14977
      vertex -5.9 -3.3 10
      vertex -5.9 -3.27177 9.56926
    endloop
  endfacet
  facet normal -1 0 0
    outer loop
      vertex -5.9 -3.27177 10.4307
      vertex -5.9 -4.97488 22.0104
      vertex -5.9 -4.17871 22.3101
    endloop
  endfacet
  facet normal -1 0 0
    outer loop
      vertex -5.9 -3.27177 10.4307
      vertex -5.9 -5.74974 21.6593
      vertex -5.9 -4.97488 22.0104
    endloop
  endfacet
  facet normal -1 0 0
    outer loop
      vertex -5.9 -12.7502 7.46384
      vertex -5.9 -3.27177 9.56926
      vertex -5.9 -3.18755 9.1459
    endloop
  endfacet
  facet normal -1 0 0
    outer loop
      vertex -5.9 -3.27177 10.4307
      vertex -5.9 -6.5 21.2583
      vertex -5.9 -5.74974 21.6593
    endloop
  endfacet
  facet normal -1 0 0
    outer loop
      vertex -5.9 -3.27177 10.4307
      vertex -5.9 -7.22241 20.8091
      vertex -5.9 -6.5 21.2583
    endloop
  endfacet
  facet normal -1 0 0
    outer loop
      vertex -5.9 -12.3101 5.82129
      vertex -5.9 -3.18755 9.1459
      vertex -5.9 -3.0488 8.73714
    endloop
  endfacet
  facet normal -1 0 0
    outer loop
      vertex -5.9 -3.27177 10.4307
      vertex -5.9 -7.91389 20.3136
      vertex -5.9 -7.22241 20.8091
    endloop
  endfacet
  facet normal -1 -0 0
    outer loop
      vertex -5.9 -1.65 7.14212
      vertex -5.9 -8.29599 0
      vertex -5.9 -2.00891 7.38193
    endloop
  endfacet
  facet normal -1 0 0
    outer loop
      vertex -5.9 -8.29599 0
      vertex -5.9 -2.33345 7.66655
      vertex -5.9 -2.00891 7.38193
    endloop
  endfacet
  facet normal -1 0 0
    outer loop
      vertex -5.9 -8.57149 0.226089
      vertex -5.9 -2.33345 7.66655
      vertex -5.9 -8.29599 0
    endloop
  endfacet
  facet normal -1 0 0
    outer loop
      vertex -5.9 -9.19238 0.807617
      vertex -5.9 -2.33345 7.66655
      vertex -5.9 -8.57149 0.226089
    endloop
  endfacet
  facet normal -1 0 0
    outer loop
      vertex -5.9 -9.77391 1.42851
      vertex -5.9 -2.33345 7.66655
      vertex -5.9 -9.19238 0.807617
    endloop
  endfacet
  facet normal -1 -0 0
    outer loop
      vertex -5.9 -2.33345 7.66655
      vertex -5.9 -9.77391 1.42851
      vertex -5.9 -2.61807 7.99109
    endloop
  endfacet
  facet normal -1 0 0
    outer loop
      vertex -5.9 -10.3136 2.08611
      vertex -5.9 -2.61807 7.99109
      vertex -5.9 -9.77391 1.42851
    endloop
  endfacet
  facet normal -1 0 0
    outer loop
      vertex -5.9 -3.27177 10.4307
      vertex -5.9 -8.57149 19.7739
      vertex -5.9 -7.91389 20.3136
    endloop
  endfacet
  facet normal -1 0 0
    outer loop
      vertex -5.9 -10.8091 2.77759
      vertex -5.9 -2.61807 7.99109
      vertex -5.9 -10.3136 2.08611
    endloop
  endfacet
  facet normal -1 0 0
    outer loop
      vertex -5.9 -3.27177 10.4307
      vertex -5.9 -9.19238 19.1924
      vertex -5.9 -8.57149 19.7739
    endloop
  endfacet
  facet normal -1 -0 0
    outer loop
      vertex -5.9 -2.61807 7.99109
      vertex -5.9 -10.8091 2.77759
      vertex -5.9 -2.85788 8.35
    endloop
  endfacet
  facet normal -1 0 0
    outer loop
      vertex -5.9 -3.27177 10.4307
      vertex -5.9 -9.77391 18.5715
      vertex -5.9 -9.19238 19.1924
    endloop
  endfacet
  facet normal -1 0 0
    outer loop
      vertex -5.9 -11.2583 3.5
      vertex -5.9 -2.85788 8.35
      vertex -5.9 -10.8091 2.77759
    endloop
  endfacet
  facet normal -1 0 0
    outer loop
      vertex -5.9 -3.27177 10.4307
      vertex -5.9 -10.3136 17.9139
      vertex -5.9 -9.77391 18.5715
    endloop
  endfacet
  facet normal -1 0 0
    outer loop
      vertex -5.9 -11.6593 4.25026
      vertex -5.9 -2.85788 8.35
      vertex -5.9 -11.2583 3.5
    endloop
  endfacet
  facet normal -1 0 0
    outer loop
      vertex -5.9 -3.27177 10.4307
      vertex -5.9 -10.8091 17.2224
      vertex -5.9 -10.3136 17.9139
    endloop
  endfacet
  facet normal -1 -0 0
    outer loop
      vertex -5.9 -2.85788 8.35
      vertex -5.9 -11.6593 4.25026
      vertex -5.9 -3.0488 8.73714
    endloop
  endfacet
  facet normal -1 0 0
    outer loop
      vertex -5.9 -3.27177 10.4307
      vertex -5.9 -11.2583 16.5
      vertex -5.9 -10.8091 17.2224
    endloop
  endfacet
  facet normal -1 0 0
    outer loop
      vertex -5.9 -12.0104 5.02512
      vertex -5.9 -3.0488 8.73714
      vertex -5.9 -11.6593 4.25026
    endloop
  endfacet
  facet normal -1 0 0
    outer loop
      vertex -5.9 -3.27177 10.4307
      vertex -5.9 -11.6593 15.7497
      vertex -5.9 -11.2583 16.5
    endloop
  endfacet
  facet normal -1 0 0
    outer loop
      vertex -5.9 -12.3101 5.82129
      vertex -5.9 -3.0488 8.73714
      vertex -5.9 -12.0104 5.02512
    endloop
  endfacet
  facet normal -1 0 0
    outer loop
      vertex -5.9 -3.27177 10.4307
      vertex -5.9 -12.0104 14.9749
      vertex -5.9 -11.6593 15.7497
    endloop
  endfacet
  facet normal -1 0 0
    outer loop
      vertex -5.9 -3.18755 9.1459
      vertex -5.9 -12.3101 5.82129
      vertex -5.9 -12.557 6.63536
    endloop
  endfacet
  facet normal -1 0 0
    outer loop
      vertex -5.9 -3.27177 10.4307
      vertex -5.9 -12.3101 14.1787
      vertex -5.9 -12.0104 14.9749
    endloop
  endfacet
  facet normal -1 0 0
    outer loop
      vertex -5.9 -3.18755 9.1459
      vertex -5.9 -12.557 6.63536
      vertex -5.9 -12.7502 7.46384
    endloop
  endfacet
  facet normal -1 0 0
    outer loop
      vertex -5.9 -3.27177 10.4307
      vertex -5.9 -12.557 13.3646
      vertex -5.9 -12.3101 14.1787
    endloop
  endfacet
  facet normal -1 0 0
    outer loop
      vertex -5.9 -3.27177 9.56926
      vertex -5.9 -12.7502 7.46384
      vertex -5.9 -12.8888 8.30316
    endloop
  endfacet
  facet normal -1 0 0
    outer loop
      vertex -5.9 -3.27177 10.4307
      vertex -5.9 -12.7502 12.5362
      vertex -5.9 -12.557 13.3646
    endloop
  endfacet
  facet normal -1 0 0
    outer loop
      vertex -5.9 -3.27177 9.56926
      vertex -5.9 -12.8888 8.30316
      vertex -5.9 -12.9722 9.14977
    endloop
  endfacet
  facet normal -1 0 0
    outer loop
      vertex -5.9 -3.27177 10.4307
      vertex -5.9 -12.8888 11.6968
      vertex -5.9 -12.7502 12.5362
    endloop
  endfacet
  facet normal -1 -0 0
    outer loop
      vertex -5.9 -3.3 10
      vertex -5.9 -12.9722 9.14977
      vertex -5.9 -13 10
    endloop
  endfacet
  facet normal -1 0 0
    outer loop
      vertex -5.9 -3.27177 10.4307
      vertex -5.9 -12.9722 10.8502
      vertex -5.9 -12.8888 11.6968
    endloop
  endfacet
  facet normal -1 0 0
    outer loop
      vertex -5.9 -3.3 10
      vertex -5.9 -13 10
      vertex -5.9 -12.9722 10.8502
    endloop
  endfacet
  facet normal -1 -0 0
    outer loop
      vertex -5.9 8.57149 19.7739
      vertex -5.9 2.00891 12.6181
      vertex -5.9 7.91389 20.3136
    endloop
  endfacet
  facet normal -1 -0 0
    outer loop
      vertex -5.9 7.91389 20.3136
      vertex -5.9 2.00891 12.6181
      vertex -5.9 7.22241 20.8091
    endloop
  endfacet
  facet normal -1 0 0
    outer loop
      vertex -5.9 1.65 12.8579
      vertex -5.9 7.22241 20.8091
      vertex -5.9 2.00891 12.6181
    endloop
  endfacet
  facet normal -1 -0 0
    outer loop
      vertex -5.9 7.22241 20.8091
      vertex -5.9 1.65 12.8579
      vertex -5.9 6.5 21.2583
    endloop
  endfacet
  facet normal -1 -0 0
    outer loop
      vertex -5.9 6.5 21.2583
      vertex -5.9 1.65 12.8579
      vertex -5.9 5.74974 21.6593
    endloop
  endfacet
  facet normal -1 0 0
    outer loop
      vertex -5.9 1.26285 13.0488
      vertex -5.9 5.74974 21.6593
      vertex -5.9 1.65 12.8579
    endloop
  endfacet
  facet normal -1 -0 0
    outer loop
      vertex -5.9 5.74974 21.6593
      vertex -5.9 1.26285 13.0488
      vertex -5.9 4.97488 22.0104
    endloop
  endfacet
  facet normal -1 -0 0
    outer loop
      vertex -5.9 4.97488 22.0104
      vertex -5.9 1.26285 13.0488
      vertex -5.9 4.17871 22.3101
    endloop
  endfacet
  facet normal -1 0 0
    outer loop
      vertex -5.9 0.854102 13.1876
      vertex -5.9 4.17871 22.3101
      vertex -5.9 1.26285 13.0488
    endloop
  endfacet
  facet normal -1 -0 0
    outer loop
      vertex -5.9 4.17871 22.3101
      vertex -5.9 0.854102 13.1876
      vertex -5.9 3.36464 22.557
    endloop
  endfacet
  facet normal -1 -0 0
    outer loop
      vertex -5.9 3.36464 22.557
      vertex -5.9 0.854102 13.1876
      vertex -5.9 2.53616 22.7502
    endloop
  endfacet
  facet normal -1 0 0
    outer loop
      vertex -5.9 0.430736 13.2718
      vertex -5.9 2.53616 22.7502
      vertex -5.9 0.854102 13.1876
    endloop
  endfacet
  facet normal -1 -0 0
    outer loop
      vertex -5.9 2.53616 22.7502
      vertex -5.9 0.430736 13.2718
      vertex -5.9 1.69684 22.8888
    endloop
  endfacet
  facet normal -1 -0 0
    outer loop
      vertex -5.9 1.69684 22.8888
      vertex -5.9 0.430736 13.2718
      vertex -5.9 0.850235 22.9722
    endloop
  endfacet
  facet normal -1 0 0
    outer loop
      vertex -5.9 0 13.3
      vertex -5.9 0.850235 22.9722
      vertex -5.9 0.430736 13.2718
    endloop
  endfacet
  facet normal -1 0 0
    outer loop
      vertex -5.9 0 13.3
      vertex -5.9 0 23
      vertex -5.9 0.850235 22.9722
    endloop
  endfacet
  facet normal -1 0 0
    outer loop
      vertex -5.9 -0.850235 22.9722
      vertex -5.9 0 13.3
      vertex -5.9 -0.430736 13.2718
    endloop
  endfacet
  facet normal -1 0 0
    outer loop
      vertex -5.9 0 13.3
      vertex -5.9 -0.850235 22.9722
      vertex -5.9 0 23
    endloop
  endfacet
  facet normal -1 0 0
    outer loop
      vertex -5.9 -2.53616 22.7502
      vertex -5.9 -0.430736 13.2718
      vertex -5.9 -0.854102 13.1876
    endloop
  endfacet
  facet normal -1 0 0
    outer loop
      vertex -5.9 -4.17871 22.3101
      vertex -5.9 -0.854102 13.1876
      vertex -5.9 -1.26285 13.0488
    endloop
  endfacet
  facet normal -1 0 0
    outer loop
      vertex -5.9 -4.17871 22.3101
      vertex -5.9 -1.26285 13.0488
      vertex -5.9 -1.65 12.8579
    endloop
  endfacet
  facet normal -1 0 0
    outer loop
      vertex -5.9 -0.430736 13.2718
      vertex -5.9 -1.69684 22.8888
      vertex -5.9 -0.850235 22.9722
    endloop
  endfacet
  facet normal -1 0 0
    outer loop
      vertex -5.9 -4.17871 22.3101
      vertex -5.9 -1.65 12.8579
      vertex -5.9 -2.00891 12.6181
    endloop
  endfacet
  facet normal -1 0 0
    outer loop
      vertex -5.9 -4.17871 22.3101
      vertex -5.9 -2.00891 12.6181
      vertex -5.9 -2.33345 12.3335
    endloop
  endfacet
  facet normal -1 0 0
    outer loop
      vertex -5.9 -0.430736 13.2718
      vertex -5.9 -2.53616 22.7502
      vertex -5.9 -1.69684 22.8888
    endloop
  endfacet
  facet normal -1 0 0
    outer loop
      vertex -5.9 -4.17871 22.3101
      vertex -5.9 -2.33345 12.3335
      vertex -5.9 -2.61807 12.0089
    endloop
  endfacet
  facet normal -1 0 0
    outer loop
      vertex -5.9 -4.17871 22.3101
      vertex -5.9 -2.61807 12.0089
      vertex -5.9 -2.85788 11.65
    endloop
  endfacet
  facet normal -1 0 0
    outer loop
      vertex -5.9 -4.17871 22.3101
      vertex -5.9 -2.85788 11.65
      vertex -5.9 -3.0488 11.2629
    endloop
  endfacet
  facet normal -1 0 0
    outer loop
      vertex -5.9 -4.17871 22.3101
      vertex -5.9 -3.0488 11.2629
      vertex -5.9 -3.18755 10.8541
    endloop
  endfacet
  facet normal -1 0 0
    outer loop
      vertex -5.9 -4.17871 22.3101
      vertex -5.9 -3.18755 10.8541
      vertex -5.9 -3.27177 10.4307
    endloop
  endfacet
  facet normal -1 0 0
    outer loop
      vertex -5.9 -12.9722 10.8502
      vertex -5.9 -3.27177 10.4307
      vertex -5.9 -3.3 10
    endloop
  endfacet
  facet normal -1 0 0
    outer loop
      vertex -5.9 -0.854102 13.1876
      vertex -5.9 -3.36464 22.557
      vertex -5.9 -2.53616 22.7502
    endloop
  endfacet
  facet normal -0 0.683575 0.72988
    outer loop
      vertex -5.9 9.19238 19.1924
      vertex 5.9 8.57149 19.7739
      vertex 5.9 9.19238 19.1924
    endloop
  endfacet
  facet normal 0 0.683575 0.72988
    outer loop
      vertex 5.9 8.57149 19.7739
      vertex -5.9 9.19238 19.1924
      vertex -5.9 8.57149 19.7739
    endloop
  endfacet
  facet normal -0 0.0326794 0.999466
    outer loop
      vertex 5.89999 0.850235 22.9722
      vertex 5.9 0 23
      vertex 5.9 0.850235 22.9722
    endloop
  endfacet
  facet normal 0 0.0326794 0.999466
    outer loop
      vertex 5.9 0 23
      vertex 5.89999 0.850235 22.9722
      vertex 5.89999 0 23
    endloop
  endfacet
  facet normal -0 0.0326794 0.999466
    outer loop
      vertex -5.9 0.850235 22.9722
      vertex -5.89999 0 23
      vertex -5.89999 0.850235 22.9722
    endloop
  endfacet
  facet normal 0 0.0326794 0.999466
    outer loop
      vertex -5.89999 0 23
      vertex -5.9 0.850235 22.9722
      vertex -5.9 0 23
    endloop
  endfacet
  facet normal 0 0.290236 0.956955
    outer loop
      vertex 5.9 4.17871 22.3101
      vertex 5.26491 3.36464 22.557
      vertex 5.9 3.36464 22.557
    endloop
  endfacet
  facet normal 0 0.290236 0.956955
    outer loop
      vertex 5.26491 3.36464 22.557
      vertex 5.9 4.17871 22.3101
      vertex 3.60663 4.17871 22.3101
    endloop
  endfacet
  facet normal -0 0.290189 0.956969
    outer loop
      vertex -5.9 4.17871 22.3101
      vertex -4.66335 3.97359 22.3723
      vertex -4.00811 4.17871 22.3101
    endloop
  endfacet
  facet normal 1.04841e-05 0.290247 0.956952
    outer loop
      vertex -5.9 4.17871 22.3101
      vertex -4.98539 3.36464 22.557
      vertex -4.66335 3.97359 22.3723
    endloop
  endfacet
  facet normal 0 0.290236 0.956955
    outer loop
      vertex -4.98539 3.36464 22.557
      vertex -5.9 4.17871 22.3101
      vertex -5.9 3.36464 22.557
    endloop
  endfacet
  facet normal 0 0.956955 -0.290236
    outer loop
      vertex 5.9 12.3101 5.82129
      vertex -5.9 12.557 6.63536
      vertex 5.9 12.557 6.63536
    endloop
  endfacet
  facet normal 0 0.956955 -0.290236
    outer loop
      vertex -5.9 12.557 6.63536
      vertex 5.9 12.3101 5.82129
      vertex -5.9 12.3101 5.82129
    endloop
  endfacet
  facet normal 0 0.995183 -0.098036
    outer loop
      vertex 5.9 12.8888 8.30316
      vertex -5.9 12.9722 9.14977
      vertex 5.9 12.9722 9.14977
    endloop
  endfacet
  facet normal 0 0.995183 -0.098036
    outer loop
      vertex -5.9 12.9722 9.14977
      vertex 5.9 12.8888 8.30316
      vertex -5.9 12.8888 8.30316
    endloop
  endfacet
  facet normal 0 0.986638 -0.162927
    outer loop
      vertex 5.9 12.7502 7.46384
      vertex -5.9 12.8888 8.30316
      vertex 5.9 12.8888 8.30316
    endloop
  endfacet
  facet normal 0 0.986638 -0.162927
    outer loop
      vertex -5.9 12.8888 8.30316
      vertex 5.9 12.7502 7.46384
      vertex -5.9 12.7502 7.46384
    endloop
  endfacet
  facet normal 0 0.999466 0.0326807
    outer loop
      vertex 5.9 13 10
      vertex -5.9 12.9722 10.8502
      vertex 5.9 12.9722 10.8502
    endloop
  endfacet
  facet normal 0 0.999466 0.0326807
    outer loop
      vertex -5.9 12.9722 10.8502
      vertex 5.9 13 10
      vertex -5.9 13 10
    endloop
  endfacet
  facet normal 0 -0.999466 -0.0326796
    outer loop
      vertex -5.9 -12.9722 9.14977
      vertex 5.9 -13 10
      vertex -5.9 -13 10
    endloop
  endfacet
  facet normal 0 -0.999466 -0.0326796
    outer loop
      vertex 5.9 -13 10
      vertex -5.9 -12.9722 9.14977
      vertex 5.9 -12.9722 9.14977
    endloop
  endfacet
  facet normal 0 -0.995183 -0.098036
    outer loop
      vertex -5.9 -12.8888 8.30316
      vertex 5.9 -12.9722 9.14977
      vertex -5.9 -12.9722 9.14977
    endloop
  endfacet
  facet normal 0 -0.995183 -0.098036
    outer loop
      vertex 5.9 -12.9722 9.14977
      vertex -5.9 -12.8888 8.30316
      vertex 5.9 -12.8888 8.30316
    endloop
  endfacet
  facet normal 0 -0.999466 0.0326807
    outer loop
      vertex -5.9 -13 10
      vertex 5.9 -12.9722 10.8502
      vertex -5.9 -12.9722 10.8502
    endloop
  endfacet
  facet normal 0 -0.999466 0.0326807
    outer loop
      vertex 5.9 -12.9722 10.8502
      vertex -5.9 -13 10
      vertex 5.9 -13 10
    endloop
  endfacet
  facet normal -0 0.528048 0.849215
    outer loop
      vertex -5.9 7.22241 20.8091
      vertex 5.9 6.5 21.2583
      vertex 5.9 7.22241 20.8091
    endloop
  endfacet
  facet normal 0 0.528048 0.849215
    outer loop
      vertex 5.9 6.5 21.2583
      vertex -5.9 7.22241 20.8091
      vertex -5.9 6.5 21.2583
    endloop
  endfacet
  facet normal 0 0.729868 0.683588
    outer loop
      vertex 5.9 9.77391 18.5715
      vertex -5.9 9.19238 19.1924
      vertex 5.9 9.19238 19.1924
    endloop
  endfacet
  facet normal 0 0.729868 0.683588
    outer loop
      vertex -5.9 9.19238 19.1924
      vertex 5.9 9.77391 18.5715
      vertex -5.9 9.77391 18.5715
    endloop
  endfacet
  facet normal 0 0.812859 0.582461
    outer loop
      vertex 5.9 10.8091 17.2224
      vertex -5.9 10.3136 17.9139
      vertex 5.9 10.3136 17.9139
    endloop
  endfacet
  facet normal 0 0.812859 0.582461
    outer loop
      vertex -5.9 10.3136 17.9139
      vertex 5.9 10.8091 17.2224
      vertex -5.9 10.8091 17.2224
    endloop
  endfacet
  facet normal 0 0.849211 0.528053
    outer loop
      vertex 5.9 11.2583 16.5
      vertex -5.9 10.8091 17.2224
      vertex 5.9 10.8091 17.2224
    endloop
  endfacet
  facet normal 0 0.849211 0.528053
    outer loop
      vertex -5.9 10.8091 17.2224
      vertex 5.9 11.2583 16.5
      vertex -5.9 11.2583 16.5
    endloop
  endfacet
  facet normal -0.974781 0.0218784 0.22209
    outer loop
      vertex 5.9 1.69684 22.8888
      vertex 5.89999 1.61214 22.8971
      vertex 5.9 0.850235 22.9722
    endloop
  endfacet
  facet normal 0 0.0975258 0.995233
    outer loop
      vertex 5.89999 1.61214 22.8971
      vertex 5.9 1.69684 22.8888
      vertex 5.87213 1.69684 22.8888
    endloop
  endfacet
  facet normal 0 0.0980933 0.995177
    outer loop
      vertex 5.9 0.850235 22.9722
      vertex 5.89999 1.61214 22.8971
      vertex 5.89999 0.850235 22.9722
    endloop
  endfacet
  facet normal -0 0.0975258 0.995233
    outer loop
      vertex -5.9 1.69684 22.8888
      vertex -5.89999 1.61214 22.8971
      vertex -5.85631 1.69684 22.8888
    endloop
  endfacet
  facet normal 0.974781 0.0218784 0.22209
    outer loop
      vertex -5.9 0.850235 22.9722
      vertex -5.89999 1.61214 22.8971
      vertex -5.9 1.69684 22.8888
    endloop
  endfacet
  facet normal 0 0.0980933 0.995177
    outer loop
      vertex -5.89999 1.61214 22.8971
      vertex -5.9 0.850235 22.9722
      vertex -5.89999 0.850235 22.9722
    endloop
  endfacet
  facet normal 0 0.162927 0.986638
    outer loop
      vertex 5.9 2.53616 22.7502
      vertex 5.87213 1.69684 22.8888
      vertex 5.9 1.69684 22.8888
    endloop
  endfacet
  facet normal 0 0.162927 0.986638
    outer loop
      vertex 5.87213 1.69684 22.8888
      vertex 5.9 2.53616 22.7502
      vertex 5.59379 2.53616 22.7502
    endloop
  endfacet
  facet normal -0 0.162927 0.986638
    outer loop
      vertex -5.9 2.53616 22.7502
      vertex -5.85631 1.69684 22.8888
      vertex -5.41982 2.53616 22.7502
    endloop
  endfacet
  facet normal 0 0.162927 0.986638
    outer loop
      vertex -5.85631 1.69684 22.8888
      vertex -5.9 2.53616 22.7502
      vertex -5.9 1.69684 22.8888
    endloop
  endfacet
  facet normal 0 -0.0980933 0.995177
    outer loop
      vertex 5.89999 -1.61214 22.8971
      vertex 5.9 -0.850235 22.9722
      vertex 5.89999 -0.850235 22.9722
    endloop
  endfacet
  facet normal -0.974781 -0.0218784 0.22209
    outer loop
      vertex 5.9 -0.850235 22.9722
      vertex 5.89999 -1.61214 22.8971
      vertex 5.9 -1.69684 22.8888
    endloop
  endfacet
  facet normal 0 -0.0975258 0.995233
    outer loop
      vertex 5.9 -1.69684 22.8888
      vertex 5.89999 -1.61214 22.8971
      vertex 5.85631 -1.69684 22.8888
    endloop
  endfacet
  facet normal 0 -0.0980933 0.995177
    outer loop
      vertex -5.89999 -0.850235 22.9722
      vertex -5.9 -0.850235 22.9722
      vertex -5.89999 -1.61214 22.8971
    endloop
  endfacet
  facet normal 0 -0.0975258 0.995233
    outer loop
      vertex -5.89999 -1.61214 22.8971
      vertex -5.9 -1.69684 22.8888
      vertex -5.87213 -1.69684 22.8888
    endloop
  endfacet
  facet normal 0.974781 -0.0218784 0.22209
    outer loop
      vertex -5.9 -1.69684 22.8888
      vertex -5.89999 -1.61214 22.8971
      vertex -5.9 -0.850235 22.9722
    endloop
  endfacet
  facet normal 0 -0.0326794 0.999466
    outer loop
      vertex 5.89999 0 23
      vertex 5.9 -0.850235 22.9722
      vertex 5.9 0 23
    endloop
  endfacet
  facet normal 0 -0.0326794 0.999466
    outer loop
      vertex 5.9 -0.850235 22.9722
      vertex 5.89999 0 23
      vertex 5.89999 -0.850235 22.9722
    endloop
  endfacet
  facet normal 0 -0.0326794 0.999466
    outer loop
      vertex -5.9 0 23
      vertex -5.89999 -0.850235 22.9722
      vertex -5.89999 0 23
    endloop
  endfacet
  facet normal 0 -0.0326794 0.999466
    outer loop
      vertex -5.89999 -0.850235 22.9722
      vertex -5.9 0 23
      vertex -5.9 -0.850235 22.9722
    endloop
  endfacet
  facet normal 0 -0.162927 0.986638
    outer loop
      vertex 5.85631 -1.69684 22.8888
      vertex 5.9 -2.53616 22.7502
      vertex 5.9 -1.69684 22.8888
    endloop
  endfacet
  facet normal 0 -0.162927 0.986638
    outer loop
      vertex 5.9 -2.53616 22.7502
      vertex 5.85631 -1.69684 22.8888
      vertex 5.41982 -2.53616 22.7502
    endloop
  endfacet
  facet normal 0 -0.162927 0.986638
    outer loop
      vertex -5.9 -2.53616 22.7502
      vertex -5.87213 -1.69684 22.8888
      vertex -5.9 -1.69684 22.8888
    endloop
  endfacet
  facet normal 0 -0.162927 0.986638
    outer loop
      vertex -5.87213 -1.69684 22.8888
      vertex -5.9 -2.53616 22.7502
      vertex -5.59379 -2.53616 22.7502
    endloop
  endfacet
  facet normal 0 -0.290236 0.956955
    outer loop
      vertex 4.98539 -3.36464 22.557
      vertex 5.9 -4.17871 22.3101
      vertex 5.9 -3.36464 22.557
    endloop
  endfacet
  facet normal -1.04841e-05 -0.290247 0.956952
    outer loop
      vertex 4.66335 -3.97359 22.3723
      vertex 5.9 -4.17871 22.3101
      vertex 4.98539 -3.36464 22.557
    endloop
  endfacet
  facet normal 0 -0.290189 0.956969
    outer loop
      vertex 5.9 -4.17871 22.3101
      vertex 4.66335 -3.97359 22.3723
      vertex 4.00811 -4.17871 22.3101
    endloop
  endfacet
  facet normal 0 -0.290236 0.956955
    outer loop
      vertex -5.9 -4.17871 22.3101
      vertex -5.26491 -3.36464 22.557
      vertex -5.9 -3.36464 22.557
    endloop
  endfacet
  facet normal 0 -0.290236 0.956955
    outer loop
      vertex -5.26491 -3.36464 22.557
      vertex -5.9 -4.17871 22.3101
      vertex -3.60663 -4.17871 22.3101
    endloop
  endfacet
  facet normal 0 0.881943 0.471357
    outer loop
      vertex 5.9 11.6593 15.7497
      vertex -5.9 11.2583 16.5
      vertex 5.9 11.2583 16.5
    endloop
  endfacet
  facet normal 0 0.881943 0.471357
    outer loop
      vertex -5.9 11.2583 16.5
      vertex 5.9 11.6593 15.7497
      vertex -5.9 11.6593 15.7497
    endloop
  endfacet
  facet normal 0 0.773004 -0.634401
    outer loop
      vertex 5.9 9.77391 1.42851
      vertex -5.9 10.3136 2.08611
      vertex 5.9 10.3136 2.08611
    endloop
  endfacet
  facet normal 0 0.773004 -0.634401
    outer loop
      vertex -5.9 10.3136 2.08611
      vertex 5.9 9.77391 1.42851
      vertex -5.9 9.77391 1.42851
    endloop
  endfacet
  facet normal 0 0.986641 0.162912
    outer loop
      vertex 5.9 12.8888 11.6968
      vertex -5.9 12.7502 12.5362
      vertex 5.9 12.7502 12.5362
    endloop
  endfacet
  facet normal 0 0.986641 0.162912
    outer loop
      vertex -5.9 12.7502 12.5362
      vertex 5.9 12.8888 11.6968
      vertex -5.9 12.8888 11.6968
    endloop
  endfacet
  facet normal 0 0.935894 0.352283
    outer loop
      vertex 5.9 12.3101 14.1787
      vertex -5.9 12.0104 14.9749
      vertex 5.9 12.0104 14.9749
    endloop
  endfacet
  facet normal 0 0.935894 0.352283
    outer loop
      vertex -5.9 12.0104 14.9749
      vertex 5.9 12.3101 14.1787
      vertex -5.9 12.3101 14.1787
    endloop
  endfacet
  facet normal 0 -0.995183 0.0980371
    outer loop
      vertex -5.9 -12.9722 10.8502
      vertex 5.9 -12.8888 11.6968
      vertex -5.9 -12.8888 11.6968
    endloop
  endfacet
  facet normal 0 -0.995183 0.0980371
    outer loop
      vertex 5.9 -12.8888 11.6968
      vertex -5.9 -12.9722 10.8502
      vertex 5.9 -12.9722 10.8502
    endloop
  endfacet
  facet normal 1 0 0
    outer loop
      vertex 5.9 12.9722 10.8502
      vertex 5.9 3.27177 10.4307
      vertex 5.9 3.3 10
    endloop
  endfacet
  facet normal 1 0 0
    outer loop
      vertex 5.9 4.17871 22.3101
      vertex 5.9 3.18755 10.8541
      vertex 5.9 3.27177 10.4307
    endloop
  endfacet
  facet normal 1 0 0
    outer loop
      vertex 5.9 4.17871 22.3101
      vertex 5.9 3.0488 11.2629
      vertex 5.9 3.18755 10.8541
    endloop
  endfacet
  facet normal 1 0 0
    outer loop
      vertex 5.9 4.17871 22.3101
      vertex 5.9 2.85788 11.65
      vertex 5.9 3.0488 11.2629
    endloop
  endfacet
  facet normal 1 0 0
    outer loop
      vertex 5.9 4.17871 22.3101
      vertex 5.9 2.61807 12.0089
      vertex 5.9 2.85788 11.65
    endloop
  endfacet
  facet normal 1 0 0
    outer loop
      vertex 5.9 0.854102 13.1876
      vertex 5.9 3.36464 22.557
      vertex 5.9 2.53616 22.7502
    endloop
  endfacet
  facet normal 1 0 0
    outer loop
      vertex 5.9 4.17871 22.3101
      vertex 5.9 2.33345 12.3335
      vertex 5.9 2.61807 12.0089
    endloop
  endfacet
  facet normal 1 0 0
    outer loop
      vertex 5.9 4.17871 22.3101
      vertex 5.9 2.00891 12.6181
      vertex 5.9 2.33345 12.3335
    endloop
  endfacet
  facet normal 1 0 0
    outer loop
      vertex 5.9 0.430736 13.2718
      vertex 5.9 2.53616 22.7502
      vertex 5.9 1.69684 22.8888
    endloop
  endfacet
  facet normal 1 0 0
    outer loop
      vertex 5.9 4.17871 22.3101
      vertex 5.9 1.65 12.8579
      vertex 5.9 2.00891 12.6181
    endloop
  endfacet
  facet normal 1 0 0
    outer loop
      vertex 5.9 4.17871 22.3101
      vertex 5.9 1.26285 13.0488
      vertex 5.9 1.65 12.8579
    endloop
  endfacet
  facet normal 1 0 0
    outer loop
      vertex 5.9 4.17871 22.3101
      vertex 5.9 0.854102 13.1876
      vertex 5.9 1.26285 13.0488
    endloop
  endfacet
  facet normal 1 0 0
    outer loop
      vertex 5.9 0.430736 13.2718
      vertex 5.9 1.69684 22.8888
      vertex 5.9 0.850235 22.9722
    endloop
  endfacet
  facet normal 1 0 0
    outer loop
      vertex 5.9 2.53616 22.7502
      vertex 5.9 0.430736 13.2718
      vertex 5.9 0.854102 13.1876
    endloop
  endfacet
  facet normal 1 0 0
    outer loop
      vertex 5.9 0 13.3
      vertex 5.9 0.850235 22.9722
      vertex 5.9 0 23
    endloop
  endfacet
  facet normal 1 0 0
    outer loop
      vertex 5.9 0.850235 22.9722
      vertex 5.9 0 13.3
      vertex 5.9 0.430736 13.2718
    endloop
  endfacet
  facet normal 1 -0 0
    outer loop
      vertex 5.9 -0.850235 22.9722
      vertex 5.9 0 13.3
      vertex 5.9 0 23
    endloop
  endfacet
  facet normal 1 0 0
    outer loop
      vertex 5.9 0 13.3
      vertex 5.9 -0.850235 22.9722
      vertex 5.9 -0.430736 13.2718
    endloop
  endfacet
  facet normal 1 -0 0
    outer loop
      vertex 5.9 -1.69684 22.8888
      vertex 5.9 -0.430736 13.2718
      vertex 5.9 -0.850235 22.9722
    endloop
  endfacet
  facet normal 1 -0 0
    outer loop
      vertex 5.9 -2.53616 22.7502
      vertex 5.9 -0.430736 13.2718
      vertex 5.9 -1.69684 22.8888
    endloop
  endfacet
  facet normal 1 0 0
    outer loop
      vertex 5.9 -0.430736 13.2718
      vertex 5.9 -2.53616 22.7502
      vertex 5.9 -0.854102 13.1876
    endloop
  endfacet
  facet normal 1 -0 0
    outer loop
      vertex 5.9 -3.36464 22.557
      vertex 5.9 -0.854102 13.1876
      vertex 5.9 -2.53616 22.7502
    endloop
  endfacet
  facet normal 1 -0 0
    outer loop
      vertex 5.9 -4.17871 22.3101
      vertex 5.9 -0.854102 13.1876
      vertex 5.9 -3.36464 22.557
    endloop
  endfacet
  facet normal 1 0 0
    outer loop
      vertex 5.9 -0.854102 13.1876
      vertex 5.9 -4.17871 22.3101
      vertex 5.9 -1.26285 13.0488
    endloop
  endfacet
  facet normal 1 -0 0
    outer loop
      vertex 5.9 -4.97488 22.0104
      vertex 5.9 -1.26285 13.0488
      vertex 5.9 -4.17871 22.3101
    endloop
  endfacet
  facet normal 1 -0 0
    outer loop
      vertex 5.9 -5.74974 21.6593
      vertex 5.9 -1.26285 13.0488
      vertex 5.9 -4.97488 22.0104
    endloop
  endfacet
  facet normal 1 0 0
    outer loop
      vertex 5.9 -1.26285 13.0488
      vertex 5.9 -5.74974 21.6593
      vertex 5.9 -1.65 12.8579
    endloop
  endfacet
  facet normal 1 -0 0
    outer loop
      vertex 5.9 -6.5 21.2583
      vertex 5.9 -1.65 12.8579
      vertex 5.9 -5.74974 21.6593
    endloop
  endfacet
  facet normal 1 -0 0
    outer loop
      vertex 5.9 -7.22241 20.8091
      vertex 5.9 -1.65 12.8579
      vertex 5.9 -6.5 21.2583
    endloop
  endfacet
  facet normal 1 0 0
    outer loop
      vertex 5.9 -1.65 12.8579
      vertex 5.9 -7.22241 20.8091
      vertex 5.9 -2.00891 12.6181
    endloop
  endfacet
  facet normal 1 -0 0
    outer loop
      vertex 5.9 -7.91389 20.3136
      vertex 5.9 -2.00891 12.6181
      vertex 5.9 -7.22241 20.8091
    endloop
  endfacet
  facet normal 1 -0 0
    outer loop
      vertex 5.9 -8.57149 19.7739
      vertex 5.9 -2.00891 12.6181
      vertex 5.9 -7.91389 20.3136
    endloop
  endfacet
  facet normal 1 0 0
    outer loop
      vertex 5.9 3.3 10
      vertex 5.9 13 10
      vertex 5.9 12.9722 10.8502
    endloop
  endfacet
  facet normal 1 0 0
    outer loop
      vertex 5.9 3.27177 10.4307
      vertex 5.9 12.9722 10.8502
      vertex 5.9 12.8888 11.6968
    endloop
  endfacet
  facet normal 1 0 0
    outer loop
      vertex 5.9 13 10
      vertex 5.9 3.3 10
      vertex 5.9 12.9722 9.14977
    endloop
  endfacet
  facet normal 1 0 0
    outer loop
      vertex 5.9 3.27177 10.4307
      vertex 5.9 12.8888 11.6968
      vertex 5.9 12.7502 12.5362
    endloop
  endfacet
  facet normal 1 -0 0
    outer loop
      vertex 5.9 3.27177 9.56926
      vertex 5.9 12.9722 9.14977
      vertex 5.9 3.3 10
    endloop
  endfacet
  facet normal 1 0 0
    outer loop
      vertex 5.9 3.27177 10.4307
      vertex 5.9 12.7502 12.5362
      vertex 5.9 12.557 13.3646
    endloop
  endfacet
  facet normal 1 0 0
    outer loop
      vertex 5.9 12.9722 9.14977
      vertex 5.9 3.27177 9.56926
      vertex 5.9 12.8888 8.30316
    endloop
  endfacet
  facet normal 1 0 0
    outer loop
      vertex 5.9 3.27177 10.4307
      vertex 5.9 12.557 13.3646
      vertex 5.9 12.3101 14.1787
    endloop
  endfacet
  facet normal 1 0 0
    outer loop
      vertex 5.9 12.8888 8.30316
      vertex 5.9 3.27177 9.56926
      vertex 5.9 12.7502 7.46384
    endloop
  endfacet
  facet normal 1 0 0
    outer loop
      vertex 5.9 3.27177 10.4307
      vertex 5.9 12.3101 14.1787
      vertex 5.9 12.0104 14.9749
    endloop
  endfacet
  facet normal 1 -0 0
    outer loop
      vertex 5.9 3.18755 9.1459
      vertex 5.9 12.7502 7.46384
      vertex 5.9 3.27177 9.56926
    endloop
  endfacet
  facet normal 1 0 0
    outer loop
      vertex 5.9 3.27177 10.4307
      vertex 5.9 12.0104 14.9749
      vertex 5.9 11.6593 15.7497
    endloop
  endfacet
  facet normal 1 0 0
    outer loop
      vertex 5.9 12.7502 7.46384
      vertex 5.9 3.18755 9.1459
      vertex 5.9 12.557 6.63536
    endloop
  endfacet
  facet normal 1 0 0
    outer loop
      vertex 5.9 3.27177 10.4307
      vertex 5.9 11.6593 15.7497
      vertex 5.9 11.2583 16.5
    endloop
  endfacet
  facet normal 1 0 0
    outer loop
      vertex 5.9 12.557 6.63536
      vertex 5.9 3.18755 9.1459
      vertex 5.9 12.3101 5.82129
    endloop
  endfacet
  facet normal 1 0 0
    outer loop
      vertex 5.9 3.27177 10.4307
      vertex 5.9 11.2583 16.5
      vertex 5.9 10.8091 17.2224
    endloop
  endfacet
  facet normal 1 -0 0
    outer loop
      vertex 5.9 3.0488 8.73714
      vertex 5.9 12.3101 5.82129
      vertex 5.9 3.18755 9.1459
    endloop
  endfacet
  facet normal 1 0 0
    outer loop
      vertex 5.9 3.27177 10.4307
      vertex 5.9 10.8091 17.2224
      vertex 5.9 10.3136 17.9139
    endloop
  endfacet
  facet normal 1 0 0
    outer loop
      vertex 5.9 12.3101 5.82129
      vertex 5.9 3.0488 8.73714
      vertex 5.9 12.0104 5.02512
    endloop
  endfacet
  facet normal 1 0 0
    outer loop
      vertex 5.9 3.27177 10.4307
      vertex 5.9 10.3136 17.9139
      vertex 5.9 9.77391 18.5715
    endloop
  endfacet
  facet normal 1 0 0
    outer loop
      vertex 5.9 12.0104 5.02512
      vertex 5.9 3.0488 8.73714
      vertex 5.9 11.6593 4.25026
    endloop
  endfacet
  facet normal 1 0 0
    outer loop
      vertex 5.9 3.27177 10.4307
      vertex 5.9 9.77391 18.5715
      vertex 5.9 9.19238 19.1924
    endloop
  endfacet
  facet normal 1 -0 0
    outer loop
      vertex 5.9 2.85788 8.35
      vertex 5.9 11.6593 4.25026
      vertex 5.9 3.0488 8.73714
    endloop
  endfacet
  facet normal 1 0 0
    outer loop
      vertex 5.9 3.27177 10.4307
      vertex 5.9 9.19238 19.1924
      vertex 5.9 8.57149 19.7739
    endloop
  endfacet
  facet normal 1 0 0
    outer loop
      vertex 5.9 11.6593 4.25026
      vertex 5.9 2.85788 8.35
      vertex 5.9 11.2583 3.5
    endloop
  endfacet
  facet normal 1 0 0
    outer loop
      vertex 5.9 11.2583 3.5
      vertex 5.9 2.85788 8.35
      vertex 5.9 10.8091 2.77759
    endloop
  endfacet
  facet normal 1 0 0
    outer loop
      vertex 5.9 3.27177 10.4307
      vertex 5.9 8.57149 19.7739
      vertex 5.9 7.91389 20.3136
    endloop
  endfacet
  facet normal 1 0 0
    outer loop
      vertex 5.9 3.27177 10.4307
      vertex 5.9 7.91389 20.3136
      vertex 5.9 7.22241 20.8091
    endloop
  endfacet
  facet normal 1 0 0
    outer loop
      vertex 5.9 3.27177 10.4307
      vertex 5.9 7.22241 20.8091
      vertex 5.9 6.5 21.2583
    endloop
  endfacet
  facet normal 1 0 0
    outer loop
      vertex 5.9 3.27177 10.4307
      vertex 5.9 6.5 21.2583
      vertex 5.9 5.74974 21.6593
    endloop
  endfacet
  facet normal 1 0 0
    outer loop
      vertex 5.9 3.27177 10.4307
      vertex 5.9 5.74974 21.6593
      vertex 5.9 4.97488 22.0104
    endloop
  endfacet
  facet normal 1 0 0
    outer loop
      vertex 5.9 3.27177 10.4307
      vertex 5.9 4.97488 22.0104
      vertex 5.9 4.17871 22.3101
    endloop
  endfacet
  facet normal 1 0 0
    outer loop
      vertex 5.9 0.854102 13.1876
      vertex 5.9 4.17871 22.3101
      vertex 5.9 3.36464 22.557
    endloop
  endfacet
  facet normal 1 -0 0
    outer loop
      vertex 5.9 2.61807 7.99109
      vertex 5.9 10.8091 2.77759
      vertex 5.9 2.85788 8.35
    endloop
  endfacet
  facet normal 1 0 0
    outer loop
      vertex 5.9 10.8091 2.77759
      vertex 5.9 2.61807 7.99109
      vertex 5.9 10.3136 2.08611
    endloop
  endfacet
  facet normal 1 0 0
    outer loop
      vertex 5.9 10.3136 2.08611
      vertex 5.9 2.61807 7.99109
      vertex 5.9 9.77391 1.42851
    endloop
  endfacet
  facet normal 1 -0 0
    outer loop
      vertex 5.9 2.33345 7.66655
      vertex 5.9 9.77391 1.42851
      vertex 5.9 2.61807 7.99109
    endloop
  endfacet
  facet normal 1 0 0
    outer loop
      vertex 5.9 9.77391 1.42851
      vertex 5.9 2.33345 7.66655
      vertex 5.9 9.19238 0.807617
    endloop
  endfacet
  facet normal 1 0 0
    outer loop
      vertex 5.9 9.19238 0.807617
      vertex 5.9 2.33345 7.66655
      vertex 5.9 8.57149 0.226089
    endloop
  endfacet
  facet normal 1 0 0
    outer loop
      vertex 5.9 8.57149 0.226089
      vertex 5.9 2.33345 7.66655
      vertex 5.9 8.29599 0
    endloop
  endfacet
  facet normal 1 -0 0
    outer loop
      vertex 5.9 2.00891 7.38193
      vertex 5.9 8.29599 0
      vertex 5.9 2.33345 7.66655
    endloop
  endfacet
  facet normal 1 -0 0
    outer loop
      vertex 5.9 1.65 7.14212
      vertex 5.9 8.29599 0
      vertex 5.9 2.00891 7.38193
    endloop
  endfacet
  facet normal 1 -0 0
    outer loop
      vertex 5.9 1.26285 6.9512
      vertex 5.9 8.29599 0
      vertex 5.9 1.65 7.14212
    endloop
  endfacet
  facet normal 1 -0 0
    outer loop
      vertex 5.9 0.854102 6.81244
      vertex 5.9 8.29599 0
      vertex 5.9 1.26285 6.9512
    endloop
  endfacet
  facet normal 1 -0 0
    outer loop
      vertex 5.9 0.430736 6.72823
      vertex 5.9 8.29599 0
      vertex 5.9 0.854102 6.81244
    endloop
  endfacet
  facet normal 1 -0 0
    outer loop
      vertex 5.9 0 6.7
      vertex 5.9 8.29599 0
      vertex 5.9 0.430736 6.72823
    endloop
  endfacet
  facet normal 1 0 0
    outer loop
      vertex 5.9 -8.29599 0
      vertex 5.9 0 6.7
      vertex 5.9 -0.430736 6.72823
    endloop
  endfacet
  facet normal 1 0 0
    outer loop
      vertex 5.9 -8.29599 0
      vertex 5.9 -0.430736 6.72823
      vertex 5.9 -0.854102 6.81244
    endloop
  endfacet
  facet normal 1 0 0
    outer loop
      vertex 5.9 -8.29599 0
      vertex 5.9 -0.854102 6.81244
      vertex 5.9 -1.26285 6.9512
    endloop
  endfacet
  facet normal 1 0 0
    outer loop
      vertex 5.9 -8.29599 0
      vertex 5.9 -1.26285 6.9512
      vertex 5.9 -1.65 7.14212
    endloop
  endfacet
  facet normal 1 0 0
    outer loop
      vertex 5.9 -8.29599 0
      vertex 5.9 -1.65 7.14212
      vertex 5.9 -2.00891 7.38193
    endloop
  endfacet
  facet normal 1 0 0
    outer loop
      vertex 5.9 -2.00891 12.6181
      vertex 5.9 -8.57149 19.7739
      vertex 5.9 -2.33345 12.3335
    endloop
  endfacet
  facet normal 1 -0 0
    outer loop
      vertex 5.9 -9.19238 19.1924
      vertex 5.9 -2.33345 12.3335
      vertex 5.9 -8.57149 19.7739
    endloop
  endfacet
  facet normal 1 -0 0
    outer loop
      vertex 5.9 -9.77391 18.5715
      vertex 5.9 -2.33345 12.3335
      vertex 5.9 -9.19238 19.1924
    endloop
  endfacet
  facet normal 1 0 0
    outer loop
      vertex 5.9 -2.33345 12.3335
      vertex 5.9 -9.77391 18.5715
      vertex 5.9 -2.61807 12.0089
    endloop
  endfacet
  facet normal 1 -0 0
    outer loop
      vertex 5.9 -10.3136 17.9139
      vertex 5.9 -2.61807 12.0089
      vertex 5.9 -9.77391 18.5715
    endloop
  endfacet
  facet normal 1 -0 0
    outer loop
      vertex 5.9 -10.8091 17.2224
      vertex 5.9 -2.61807 12.0089
      vertex 5.9 -10.3136 17.9139
    endloop
  endfacet
  facet normal 1 0 0
    outer loop
      vertex 5.9 -2.61807 12.0089
      vertex 5.9 -10.8091 17.2224
      vertex 5.9 -2.85788 11.65
    endloop
  endfacet
  facet normal 1 -0 0
    outer loop
      vertex 5.9 -11.2583 16.5
      vertex 5.9 -2.85788 11.65
      vertex 5.9 -10.8091 17.2224
    endloop
  endfacet
  facet normal 1 -0 0
    outer loop
      vertex 5.9 -11.6593 15.7497
      vertex 5.9 -2.85788 11.65
      vertex 5.9 -11.2583 16.5
    endloop
  endfacet
  facet normal 1 0 0
    outer loop
      vertex 5.9 0 6.7
      vertex 5.9 -8.29599 0
      vertex 5.9 8.29599 0
    endloop
  endfacet
  facet normal 1 0 0
    outer loop
      vertex 5.9 -2.33345 7.66655
      vertex 5.9 -8.29599 0
      vertex 5.9 -2.00891 7.38193
    endloop
  endfacet
  facet normal 1 0 0
    outer loop
      vertex 5.9 -9.77391 1.42851
      vertex 5.9 -2.33345 7.66655
      vertex 5.9 -2.61807 7.99109
    endloop
  endfacet
  facet normal 1 0 0
    outer loop
      vertex 5.9 -10.8091 2.77759
      vertex 5.9 -2.61807 7.99109
      vertex 5.9 -2.85788 8.35
    endloop
  endfacet
  facet normal 1 0 0
    outer loop
      vertex 5.9 -11.6593 4.25026
      vertex 5.9 -2.85788 8.35
      vertex 5.9 -3.0488 8.73714
    endloop
  endfacet
  facet normal 1 0 0
    outer loop
      vertex 5.9 -2.85788 11.65
      vertex 5.9 -11.6593 15.7497
      vertex 5.9 -3.0488 11.2629
    endloop
  endfacet
  facet normal 1 -0 0
    outer loop
      vertex 5.9 -12.0104 14.9749
      vertex 5.9 -3.0488 11.2629
      vertex 5.9 -11.6593 15.7497
    endloop
  endfacet
  facet normal 1 -0 0
    outer loop
      vertex 5.9 -12.3101 14.1787
      vertex 5.9 -3.0488 11.2629
      vertex 5.9 -12.0104 14.9749
    endloop
  endfacet
  facet normal 1 0 0
    outer loop
      vertex 5.9 -2.33345 7.66655
      vertex 5.9 -9.19238 0.807617
      vertex 5.9 -8.57149 0.226089
    endloop
  endfacet
  facet normal 1 0 0
    outer loop
      vertex 5.9 -2.33345 7.66655
      vertex 5.9 -8.57149 0.226089
      vertex 5.9 -8.29599 0
    endloop
  endfacet
  facet normal 1 0 0
    outer loop
      vertex 5.9 -3.0488 11.2629
      vertex 5.9 -12.3101 14.1787
      vertex 5.9 -3.18755 10.8541
    endloop
  endfacet
  facet normal 1 0 0
    outer loop
      vertex 5.9 -2.33345 7.66655
      vertex 5.9 -9.77391 1.42851
      vertex 5.9 -9.19238 0.807617
    endloop
  endfacet
  facet normal 1 -0 0
    outer loop
      vertex 5.9 -12.557 13.3646
      vertex 5.9 -3.18755 10.8541
      vertex 5.9 -12.3101 14.1787
    endloop
  endfacet
  facet normal 1 0 0
    outer loop
      vertex 5.9 -2.61807 7.99109
      vertex 5.9 -10.3136 2.08611
      vertex 5.9 -9.77391 1.42851
    endloop
  endfacet
  facet normal 1 -0 0
    outer loop
      vertex 5.9 -12.7502 12.5362
      vertex 5.9 -3.18755 10.8541
      vertex 5.9 -12.557 13.3646
    endloop
  endfacet
  facet normal 1 0 0
    outer loop
      vertex 5.9 -2.61807 7.99109
      vertex 5.9 -10.8091 2.77759
      vertex 5.9 -10.3136 2.08611
    endloop
  endfacet
  facet normal 1 0 0
    outer loop
      vertex 5.9 -3.18755 10.8541
      vertex 5.9 -12.7502 12.5362
      vertex 5.9 -3.27177 10.4307
    endloop
  endfacet
  facet normal 1 0 0
    outer loop
      vertex 5.9 -2.85788 8.35
      vertex 5.9 -11.2583 3.5
      vertex 5.9 -10.8091 2.77759
    endloop
  endfacet
  facet normal 1 -0 0
    outer loop
      vertex 5.9 -12.8888 11.6968
      vertex 5.9 -3.27177 10.4307
      vertex 5.9 -12.7502 12.5362
    endloop
  endfacet
  facet normal 1 0 0
    outer loop
      vertex 5.9 -2.85788 8.35
      vertex 5.9 -11.6593 4.25026
      vertex 5.9 -11.2583 3.5
    endloop
  endfacet
  facet normal 1 -0 0
    outer loop
      vertex 5.9 -12.9722 10.8502
      vertex 5.9 -3.27177 10.4307
      vertex 5.9 -12.8888 11.6968
    endloop
  endfacet
  facet normal 1 0 0
    outer loop
      vertex 5.9 -3.0488 8.73714
      vertex 5.9 -12.0104 5.02512
      vertex 5.9 -11.6593 4.25026
    endloop
  endfacet
  facet normal 1 0 0
    outer loop
      vertex 5.9 -3.27177 10.4307
      vertex 5.9 -12.9722 10.8502
      vertex 5.9 -3.3 10
    endloop
  endfacet
  facet normal 1 0 0
    outer loop
      vertex 5.9 -3.0488 8.73714
      vertex 5.9 -12.3101 5.82129
      vertex 5.9 -12.0104 5.02512
    endloop
  endfacet
  facet normal 1 0 0
    outer loop
      vertex 5.9 -13 10
      vertex 5.9 -3.3 10
      vertex 5.9 -12.9722 10.8502
    endloop
  endfacet
  facet normal 1 0 0
    outer loop
      vertex 5.9 -3.18755 9.1459
      vertex 5.9 -12.3101 5.82129
      vertex 5.9 -3.0488 8.73714
    endloop
  endfacet
  facet normal 1 0 -0
    outer loop
      vertex 5.9 -12.9722 9.14977
      vertex 5.9 -3.3 10
      vertex 5.9 -13 10
    endloop
  endfacet
  facet normal 1 0 -0
    outer loop
      vertex 5.9 -12.3101 5.82129
      vertex 5.9 -3.18755 9.1459
      vertex 5.9 -12.557 6.63536
    endloop
  endfacet
  facet normal 1 0 0
    outer loop
      vertex 5.9 -3.3 10
      vertex 5.9 -12.9722 9.14977
      vertex 5.9 -3.27177 9.56926
    endloop
  endfacet
  facet normal 1 0 -0
    outer loop
      vertex 5.9 -12.557 6.63536
      vertex 5.9 -3.18755 9.1459
      vertex 5.9 -12.7502 7.46384
    endloop
  endfacet
  facet normal 1 0 -0
    outer loop
      vertex 5.9 -12.8888 8.30316
      vertex 5.9 -3.27177 9.56926
      vertex 5.9 -12.9722 9.14977
    endloop
  endfacet
  facet normal 1 0 0
    outer loop
      vertex 5.9 -3.27177 9.56926
      vertex 5.9 -12.7502 7.46384
      vertex 5.9 -3.18755 9.1459
    endloop
  endfacet
  facet normal 1 0 -0
    outer loop
      vertex 5.9 -12.7502 7.46384
      vertex 5.9 -3.27177 9.56926
      vertex 5.9 -12.8888 8.30316
    endloop
  endfacet
  facet normal 0 -0.881943 0.471357
    outer loop
      vertex -5.9 -11.6593 15.7497
      vertex 5.9 -11.2583 16.5
      vertex -5.9 -11.2583 16.5
    endloop
  endfacet
  facet normal 0 -0.881943 0.471357
    outer loop
      vertex 5.9 -11.2583 16.5
      vertex -5.9 -11.6593 15.7497
      vertex 5.9 -11.6593 15.7497
    endloop
  endfacet
  facet normal 0 -0.935894 0.352283
    outer loop
      vertex -5.9 -12.3101 14.1787
      vertex 5.9 -12.0104 14.9749
      vertex -5.9 -12.0104 14.9749
    endloop
  endfacet
  facet normal 0 -0.935894 0.352283
    outer loop
      vertex 5.9 -12.0104 14.9749
      vertex -5.9 -12.3101 14.1787
      vertex 5.9 -12.3101 14.1787
    endloop
  endfacet
  facet normal 0 -0.352294 0.935889
    outer loop
      vertex 4.00811 -4.17871 22.3101
      vertex 5.9 -4.97488 22.0104
      vertex 5.9 -4.17871 22.3101
    endloop
  endfacet
  facet normal 2.04184e-05 -0.352252 0.935905
    outer loop
      vertex 2.89999 -4.52258 22.1807
      vertex 5.9 -4.97488 22.0104
      vertex 4.00811 -4.17871 22.3101
    endloop
  endfacet
  facet normal 0 -0.35237 0.935861
    outer loop
      vertex -2.89999 -4.52258 22.1807
      vertex 5.9 -4.97488 22.0104
      vertex 2.89999 -4.52258 22.1807
    endloop
  endfacet
  facet normal 0 -0.352294 0.935889
    outer loop
      vertex -5.9 -4.97488 22.0104
      vertex -3.60663 -4.17871 22.3101
      vertex -5.9 -4.17871 22.3101
    endloop
  endfacet
  facet normal 0 -0.35237 0.935861
    outer loop
      vertex -2.89999 -4.52258 22.1807
      vertex -5.9 -4.97488 22.0104
      vertex 5.9 -4.97488 22.0104
    endloop
  endfacet
  facet normal -2.31625e-05 -0.352236 0.935911
    outer loop
      vertex -3.60663 -4.17871 22.3101
      vertex -5.9 -4.97488 22.0104
      vertex -2.89999 -4.52258 22.1807
    endloop
  endfacet
  facet normal 0 -0.528048 0.849215
    outer loop
      vertex -5.9 -6.5 21.2583
      vertex 5.9 -7.22241 20.8091
      vertex 5.9 -6.5 21.2583
    endloop
  endfacet
  facet normal 0 -0.528048 0.849215
    outer loop
      vertex 5.9 -7.22241 20.8091
      vertex -5.9 -6.5 21.2583
      vertex -5.9 -7.22241 20.8091
    endloop
  endfacet
  facet normal 0 -0.729868 0.683588
    outer loop
      vertex -5.9 -9.77391 18.5715
      vertex 5.9 -9.19238 19.1924
      vertex -5.9 -9.19238 19.1924
    endloop
  endfacet
  facet normal 0 -0.729868 0.683588
    outer loop
      vertex 5.9 -9.19238 19.1924
      vertex -5.9 -9.77391 18.5715
      vertex 5.9 -9.77391 18.5715
    endloop
  endfacet
  facet normal -0 0.412722 0.910857
    outer loop
      vertex -5.9 5.74974 21.6593
      vertex 5.9 4.97488 22.0104
      vertex 5.9 5.74974 21.6593
    endloop
  endfacet
  facet normal 0 0.412722 0.910857
    outer loop
      vertex 5.9 4.97488 22.0104
      vertex -5.9 5.74974 21.6593
      vertex -5.9 4.97488 22.0104
    endloop
  endfacet
  facet normal -0 0.471376 0.881932
    outer loop
      vertex -5.9 6.5 21.2583
      vertex 5.9 5.74974 21.6593
      vertex 5.9 6.5 21.2583
    endloop
  endfacet
  facet normal 0 0.471376 0.881932
    outer loop
      vertex 5.9 5.74974 21.6593
      vertex -5.9 6.5 21.2583
      vertex -5.9 5.74974 21.6593
    endloop
  endfacet
  facet normal -0 0.582472 0.812851
    outer loop
      vertex -5.9 7.91389 20.3136
      vertex 5.9 7.22241 20.8091
      vertex 5.9 7.91389 20.3136
    endloop
  endfacet
  facet normal 0 0.582472 0.812851
    outer loop
      vertex 5.9 7.22241 20.8091
      vertex -5.9 7.91389 20.3136
      vertex -5.9 7.22241 20.8091
    endloop
  endfacet
  facet normal -0 0.634408 0.772998
    outer loop
      vertex -5.9 8.57149 19.7739
      vertex 5.9 7.91389 20.3136
      vertex 5.9 8.57149 19.7739
    endloop
  endfacet
  facet normal 0 0.634408 0.772998
    outer loop
      vertex 5.9 7.91389 20.3136
      vertex -5.9 8.57149 19.7739
      vertex -5.9 7.91389 20.3136
    endloop
  endfacet
  facet normal 0 0.773004 0.634401
    outer loop
      vertex 5.9 10.3136 17.9139
      vertex -5.9 9.77391 18.5715
      vertex 5.9 9.77391 18.5715
    endloop
  endfacet
  facet normal 0 0.773004 0.634401
    outer loop
      vertex -5.9 9.77391 18.5715
      vertex 5.9 10.3136 17.9139
      vertex -5.9 10.3136 17.9139
    endloop
  endfacet
  facet normal 0 0.227105 0.97387
    outer loop
      vertex 5.9 3.36464 22.557
      vertex 5.59379 2.53616 22.7502
      vertex 5.9 2.53616 22.7502
    endloop
  endfacet
  facet normal 4.65182e-05 0.227088 0.973874
    outer loop
      vertex 5.9 3.36464 22.557
      vertex 5.32704 3.33388 22.5642
      vertex 5.59379 2.53616 22.7502
    endloop
  endfacet
  facet normal 0 0.22791 0.973682
    outer loop
      vertex 5.32704 3.33388 22.5642
      vertex 5.9 3.36464 22.557
      vertex 5.26491 3.36464 22.557
    endloop
  endfacet
  facet normal -0 0.227105 0.97387
    outer loop
      vertex -5.9 3.36464 22.557
      vertex -5.41982 2.53616 22.7502
      vertex -4.98539 3.36464 22.557
    endloop
  endfacet
  facet normal 0 0.227105 0.97387
    outer loop
      vertex -5.41982 2.53616 22.7502
      vertex -5.9 3.36464 22.557
      vertex -5.9 2.53616 22.7502
    endloop
  endfacet
  facet normal 0 -0.227105 0.97387
    outer loop
      vertex 5.41982 -2.53616 22.7502
      vertex 5.9 -3.36464 22.557
      vertex 5.9 -2.53616 22.7502
    endloop
  endfacet
  facet normal 0 -0.227105 0.97387
    outer loop
      vertex 5.9 -3.36464 22.557
      vertex 5.41982 -2.53616 22.7502
      vertex 4.98539 -3.36464 22.557
    endloop
  endfacet
  facet normal 0 -0.227105 0.97387
    outer loop
      vertex -5.9 -3.36464 22.557
      vertex -5.59379 -2.53616 22.7502
      vertex -5.9 -2.53616 22.7502
    endloop
  endfacet
  facet normal 0 -0.22791 0.973682
    outer loop
      vertex -5.32704 -3.33388 22.5642
      vertex -5.9 -3.36464 22.557
      vertex -5.26491 -3.36464 22.557
    endloop
  endfacet
  facet normal -4.65182e-05 -0.227088 0.973874
    outer loop
      vertex -5.59379 -2.53616 22.7502
      vertex -5.9 -3.36464 22.557
      vertex -5.32704 -3.33388 22.5642
    endloop
  endfacet
  facet normal 0 0.729864 -0.683592
    outer loop
      vertex 5.9 9.19238 0.807617
      vertex -5.9 9.77391 1.42851
      vertex 5.9 9.77391 1.42851
    endloop
  endfacet
  facet normal 0 0.729864 -0.683592
    outer loop
      vertex -5.9 9.77391 1.42851
      vertex 5.9 9.19238 0.807617
      vertex -5.9 9.19238 0.807617
    endloop
  endfacet
  facet normal 0 0.849215 -0.528048
    outer loop
      vertex 5.9 10.8091 2.77759
      vertex -5.9 11.2583 3.5
      vertex 5.9 11.2583 3.5
    endloop
  endfacet
  facet normal 0 0.849215 -0.528048
    outer loop
      vertex -5.9 11.2583 3.5
      vertex 5.9 10.8091 2.77759
      vertex -5.9 10.8091 2.77759
    endloop
  endfacet
  facet normal 0 0.881932 -0.471376
    outer loop
      vertex 5.9 11.2583 3.5
      vertex -5.9 11.6593 4.25026
      vertex 5.9 11.6593 4.25026
    endloop
  endfacet
  facet normal 0 0.881932 -0.471376
    outer loop
      vertex -5.9 11.6593 4.25026
      vertex 5.9 11.2583 3.5
      vertex -5.9 11.2583 3.5
    endloop
  endfacet
  facet normal 0 0.935889 -0.352294
    outer loop
      vertex 5.9 12.0104 5.02512
      vertex -5.9 12.3101 5.82129
      vertex 5.9 12.3101 5.82129
    endloop
  endfacet
  facet normal 0 0.935889 -0.352294
    outer loop
      vertex -5.9 12.3101 5.82129
      vertex 5.9 12.0104 5.02512
      vertex -5.9 12.0104 5.02512
    endloop
  endfacet
  facet normal 0 0.97387 -0.227105
    outer loop
      vertex 5.9 12.557 6.63536
      vertex -5.9 12.7502 7.46384
      vertex 5.9 12.7502 7.46384
    endloop
  endfacet
  facet normal 0 0.97387 -0.227105
    outer loop
      vertex -5.9 12.7502 7.46384
      vertex 5.9 12.557 6.63536
      vertex -5.9 12.557 6.63536
    endloop
  endfacet
  facet normal 0 0.999466 -0.0326796
    outer loop
      vertex 5.9 12.9722 9.14977
      vertex -5.9 13 10
      vertex 5.9 13 10
    endloop
  endfacet
  facet normal 0 0.999466 -0.0326796
    outer loop
      vertex -5.9 13 10
      vertex 5.9 12.9722 9.14977
      vertex -5.9 12.9722 9.14977
    endloop
  endfacet
  facet normal 0 0.973865 0.227126
    outer loop
      vertex 5.9 12.7502 12.5362
      vertex -5.9 12.557 13.3646
      vertex 5.9 12.557 13.3646
    endloop
  endfacet
  facet normal 0 0.973865 0.227126
    outer loop
      vertex -5.9 12.557 13.3646
      vertex 5.9 12.7502 12.5362
      vertex -5.9 12.7502 12.5362
    endloop
  endfacet
  facet normal 0 0.910845 0.412749
    outer loop
      vertex 5.9 12.0104 14.9749
      vertex -5.9 11.6593 15.7497
      vertex 5.9 11.6593 15.7497
    endloop
  endfacet
  facet normal 0 0.910845 0.412749
    outer loop
      vertex -5.9 11.6593 15.7497
      vertex 5.9 12.0104 14.9749
      vertex -5.9 12.0104 14.9749
    endloop
  endfacet
  facet normal 0 -0.910845 0.412749
    outer loop
      vertex -5.9 -12.0104 14.9749
      vertex 5.9 -11.6593 15.7497
      vertex -5.9 -11.6593 15.7497
    endloop
  endfacet
  facet normal 0 -0.910845 0.412749
    outer loop
      vertex 5.9 -11.6593 15.7497
      vertex -5.9 -12.0104 14.9749
      vertex 5.9 -12.0104 14.9749
    endloop
  endfacet
  facet normal 0 -0.973865 0.227126
    outer loop
      vertex -5.9 -12.7502 12.5362
      vertex 5.9 -12.557 13.3646
      vertex -5.9 -12.557 13.3646
    endloop
  endfacet
  facet normal 0 -0.973865 0.227126
    outer loop
      vertex 5.9 -12.557 13.3646
      vertex -5.9 -12.7502 12.5362
      vertex 5.9 -12.7502 12.5362
    endloop
  endfacet
  facet normal 0 -0.956958 0.290226
    outer loop
      vertex -5.9 -12.557 13.3646
      vertex 5.9 -12.3101 14.1787
      vertex -5.9 -12.3101 14.1787
    endloop
  endfacet
  facet normal 0 -0.956958 0.290226
    outer loop
      vertex 5.9 -12.3101 14.1787
      vertex -5.9 -12.557 13.3646
      vertex 5.9 -12.557 13.3646
    endloop
  endfacet
  facet normal 0 -0.471376 0.881932
    outer loop
      vertex -5.9 -5.74974 21.6593
      vertex 5.9 -6.5 21.2583
      vertex 5.9 -5.74974 21.6593
    endloop
  endfacet
  facet normal 0 -0.471376 0.881932
    outer loop
      vertex 5.9 -6.5 21.2583
      vertex -5.9 -5.74974 21.6593
      vertex -5.9 -6.5 21.2583
    endloop
  endfacet
  facet normal 0 -0.812859 0.582461
    outer loop
      vertex -5.9 -10.8091 17.2224
      vertex 5.9 -10.3136 17.9139
      vertex -5.9 -10.3136 17.9139
    endloop
  endfacet
  facet normal 0 -0.812859 0.582461
    outer loop
      vertex 5.9 -10.3136 17.9139
      vertex -5.9 -10.8091 17.2224
      vertex 5.9 -10.8091 17.2224
    endloop
  endfacet
  facet normal 0 -0.773004 0.634401
    outer loop
      vertex -5.9 -10.3136 17.9139
      vertex 5.9 -9.77391 18.5715
      vertex -5.9 -9.77391 18.5715
    endloop
  endfacet
  facet normal 0 -0.773004 0.634401
    outer loop
      vertex 5.9 -9.77391 18.5715
      vertex -5.9 -10.3136 17.9139
      vertex 5.9 -10.3136 17.9139
    endloop
  endfacet
  facet normal 0 0.683593 -0.729863
    outer loop
      vertex -5.9 8.57149 0.226089
      vertex 5.9 9.19238 0.807617
      vertex 5.9 8.57149 0.226089
    endloop
  endfacet
  facet normal 0 0.683593 -0.729863
    outer loop
      vertex 5.9 9.19238 0.807617
      vertex -5.9 8.57149 0.226089
      vertex -5.9 9.19238 0.807617
    endloop
  endfacet
  facet normal 0 0.812851 -0.582472
    outer loop
      vertex 5.9 10.3136 2.08611
      vertex -5.9 10.8091 2.77759
      vertex 5.9 10.8091 2.77759
    endloop
  endfacet
  facet normal 0 0.812851 -0.582472
    outer loop
      vertex -5.9 10.8091 2.77759
      vertex 5.9 10.3136 2.08611
      vertex -5.9 10.3136 2.08611
    endloop
  endfacet
  facet normal 0 0.910857 -0.412722
    outer loop
      vertex 5.9 11.6593 4.25026
      vertex -5.9 12.0104 5.02512
      vertex 5.9 12.0104 5.02512
    endloop
  endfacet
  facet normal 0 0.910857 -0.412722
    outer loop
      vertex -5.9 12.0104 5.02512
      vertex 5.9 11.6593 4.25026
      vertex -5.9 11.6593 4.25026
    endloop
  endfacet
  facet normal 0 -0.412722 0.910857
    outer loop
      vertex -5.9 -4.97488 22.0104
      vertex 5.9 -5.74974 21.6593
      vertex 5.9 -4.97488 22.0104
    endloop
  endfacet
  facet normal 0 -0.412722 0.910857
    outer loop
      vertex 5.9 -5.74974 21.6593
      vertex -5.9 -4.97488 22.0104
      vertex -5.9 -5.74974 21.6593
    endloop
  endfacet
  facet normal 0 -0.582472 0.812851
    outer loop
      vertex -5.9 -7.22241 20.8091
      vertex 5.9 -7.91389 20.3136
      vertex 5.9 -7.22241 20.8091
    endloop
  endfacet
  facet normal 0 -0.582472 0.812851
    outer loop
      vertex 5.9 -7.91389 20.3136
      vertex -5.9 -7.22241 20.8091
      vertex -5.9 -7.91389 20.3136
    endloop
  endfacet
  facet normal 0 -0.683575 0.72988
    outer loop
      vertex -5.9 -8.57149 19.7739
      vertex 5.9 -9.19238 19.1924
      vertex 5.9 -8.57149 19.7739
    endloop
  endfacet
  facet normal 0 -0.683575 0.72988
    outer loop
      vertex 5.9 -9.19238 19.1924
      vertex -5.9 -8.57149 19.7739
      vertex -5.9 -9.19238 19.1924
    endloop
  endfacet
  facet normal 0 -0.634408 0.772998
    outer loop
      vertex -5.9 -7.91389 20.3136
      vertex 5.9 -8.57149 19.7739
      vertex 5.9 -7.91389 20.3136
    endloop
  endfacet
  facet normal 0 -0.634408 0.772998
    outer loop
      vertex 5.9 -8.57149 19.7739
      vertex -5.9 -7.91389 20.3136
      vertex -5.9 -8.57149 19.7739
    endloop
  endfacet
  facet normal 0 -1 0
    outer loop
      vertex 3.39062 4.40001 23.2
      vertex 7.00639 4.40001 27.1247
      vertex 4.07753 4.40001 26
    endloop
  endfacet
  facet normal 0 -1 0
    outer loop
      vertex 14 4.40001 23.2
      vertex 7.00639 4.40001 27.1247
      vertex 3.39062 4.40001 23.2
    endloop
  endfacet
  facet normal 0 -1 0
    outer loop
      vertex 7.00639 4.40001 27.1247
      vertex 14 4.40001 23.2
      vertex 8.04493 4.40001 27.6454
    endloop
  endfacet
  facet normal 0 -1 0
    outer loop
      vertex 8.04493 4.40001 27.6454
      vertex 14 4.40001 23.2
      vertex 12.1443 4.40001 29.9515
    endloop
  endfacet
  facet normal 0 -1 0
    outer loop
      vertex 12.1443 4.40001 29.9515
      vertex 14 4.40001 23.2
      vertex 14 4.40001 31.0242
    endloop
  endfacet
  facet normal 0 -1 0
    outer loop
      vertex -11.541 4.40001 29.6417
      vertex -4.66335 4.40001 25.7837
      vertex -4.67712 4.40001 26
    endloop
  endfacet
  facet normal 0 -1 0
    outer loop
      vertex -14 4.40001 23.2
      vertex -11.541 4.40001 29.6417
      vertex -14 4.40001 31.0434
    endloop
  endfacet
  facet normal 0 -1 0
    outer loop
      vertex -14 4.40001 23.2
      vertex -4.66335 4.40001 25.7837
      vertex -11.541 4.40001 29.6417
    endloop
  endfacet
  facet normal 0 -1 -0
    outer loop
      vertex -4.66335 4.40001 25.7837
      vertex -14 4.40001 23.2
      vertex -3.66937 4.40001 23.2
    endloop
  endfacet
  facet normal 0.30901 -0.951059 0
    outer loop
      vertex 15.7634 4.97296 23.2
      vertex 14 4.40001 31.0242
      vertex 14 4.40001 23.2
    endloop
  endfacet
  facet normal 0.30901 -0.951059 0
    outer loop
      vertex 14 4.40001 31.0242
      vertex 15.7634 4.97296 23.2
      vertex 15.7634 4.97296 32.1252
    endloop
  endfacet
  facet normal 0.890989 -0.454025 0
    outer loop
      vertex 16.4779 6.37543 32.7506
      vertex 17 7.40001 23.2
      vertex 17 7.40001 33.4674
    endloop
  endfacet
  facet normal 0.891085 -0.453836 2.56418e-05
    outer loop
      vertex 16.2817 5.99019 32.5697
      vertex 17 7.40001 23.2
      vertex 16.4779 6.37543 32.7506
    endloop
  endfacet
  facet normal 0.891009 -0.453986 -2.92947e-06
    outer loop
      vertex 15.7634 4.97296 32.1252
      vertex 17 7.40001 23.2
      vertex 16.2817 5.99019 32.5697
    endloop
  endfacet
  facet normal 0.891013 -0.453978 0
    outer loop
      vertex 17 7.40001 23.2
      vertex 15.7634 4.97296 32.1252
      vertex 15.7634 4.97296 23.2
    endloop
  endfacet
  facet normal -0.309035 0.951051 0
    outer loop
      vertex -14 14 23.2
      vertex -15.7634 13.427 62
      vertex -14 14 62
    endloop
  endfacet
  facet normal -0.309035 0.951051 0
    outer loop
      vertex -15.7634 13.427 62
      vertex -14 14 23.2
      vertex -15.7634 13.427 23.2
    endloop
  endfacet
  facet normal 0 1 0
    outer loop
      vertex 14 14 62
      vertex 0 14 57.225
      vertex -14 14 62
    endloop
  endfacet
  facet normal 0 1 0
    outer loop
      vertex 14 14 62
      vertex 1.96837 14 56.986
      vertex 0 14 57.225
    endloop
  endfacet
  facet normal 0 1 0
    outer loop
      vertex 14 14 62
      vertex 3.82235 14 56.2829
      vertex 1.96837 14 56.986
    endloop
  endfacet
  facet normal 0 1 0
    outer loop
      vertex 14 14 62
      vertex 5.45418 14 55.1565
      vertex 3.82235 14 56.2829
    endloop
  endfacet
  facet normal 0 1 0
    outer loop
      vertex 14 14 62
      vertex 6.76904 14 53.6723
      vertex 5.45418 14 55.1565
    endloop
  endfacet
  facet normal 0 1 0
    outer loop
      vertex 14 14 62
      vertex 7.69051 14 51.9166
      vertex 6.76904 14 53.6723
    endloop
  endfacet
  facet normal 0 1 0
    outer loop
      vertex 14 14 62
      vertex 8.16503 14 49.9914
      vertex 7.69051 14 51.9166
    endloop
  endfacet
  facet normal 0 1 0
    outer loop
      vertex 14 14 62
      vertex 8.16503 14 48.0086
      vertex 8.16503 14 49.9914
    endloop
  endfacet
  facet normal 0 1 -0
    outer loop
      vertex 14 14 23.2
      vertex 8.16503 14 48.0086
      vertex 14 14 62
    endloop
  endfacet
  facet normal 0 1 0
    outer loop
      vertex 5.45418 14 42.8435
      vertex 4.47535 14 29.5296
      vertex 4.47535 14 42.1679
    endloop
  endfacet
  facet normal 0 1 0
    outer loop
      vertex 6.76904 14 44.3277
      vertex 4.47535 14 29.5296
      vertex 5.45418 14 42.8435
    endloop
  endfacet
  facet normal 0 1 0
    outer loop
      vertex 14 14 23.2
      vertex 6.76904 14 44.3277
      vertex 7.69051 14 46.0834
    endloop
  endfacet
  facet normal 0 1 0
    outer loop
      vertex 8.16503 14 48.0086
      vertex 14 14 23.2
      vertex 7.69051 14 46.0834
    endloop
  endfacet
  facet normal 0 1 0
    outer loop
      vertex 0.935602 14 25.5983
      vertex 14 14 23.2
      vertex -0.935602 14 25.5983
    endloop
  endfacet
  facet normal 0 1 0
    outer loop
      vertex 2.64503 14 26.3594
      vertex 14 14 23.2
      vertex 0.935602 14 25.5983
    endloop
  endfacet
  facet normal 0 1 0
    outer loop
      vertex 3.89711 14 27.75
      vertex 14 14 23.2
      vertex 2.64503 14 26.3594
    endloop
  endfacet
  facet normal 0 1 0
    outer loop
      vertex 4.47535 14 29.5296
      vertex 14 14 23.2
      vertex 3.89711 14 27.75
    endloop
  endfacet
  facet normal 0 1 0
    outer loop
      vertex 6.76904 14 44.3277
      vertex 14 14 23.2
      vertex 4.47535 14 29.5296
    endloop
  endfacet
  facet normal 0 1 -0
    outer loop
      vertex -1.96837 14 56.986
      vertex -14 14 62
      vertex 0 14 57.225
    endloop
  endfacet
  facet normal 0 1 -0
    outer loop
      vertex -3.82235 14 56.2829
      vertex -14 14 62
      vertex -1.96837 14 56.986
    endloop
  endfacet
  facet normal 0 1 -0
    outer loop
      vertex -5.45418 14 55.1565
      vertex -14 14 62
      vertex -3.82235 14 56.2829
    endloop
  endfacet
  facet normal 0 1 -0
    outer loop
      vertex -6.76904 14 53.6723
      vertex -14 14 62
      vertex -5.45418 14 55.1565
    endloop
  endfacet
  facet normal 0 1 -0
    outer loop
      vertex -7.69051 14 51.9166
      vertex -14 14 62
      vertex -6.76904 14 53.6723
    endloop
  endfacet
  facet normal 0 1 -0
    outer loop
      vertex -8.16503 14 49.9914
      vertex -14 14 62
      vertex -7.69051 14 51.9166
    endloop
  endfacet
  facet normal 0 1 -0
    outer loop
      vertex -8.16503 14 48.0086
      vertex -14 14 62
      vertex -8.16503 14 49.9914
    endloop
  endfacet
  facet normal 0 1 0
    outer loop
      vertex -14 14 23.2
      vertex -8.16503 14 48.0086
      vertex -7.69051 14 46.0834
    endloop
  endfacet
  facet normal 0 1 -0
    outer loop
      vertex -4.47535 14 29.5296
      vertex -5.45418 14 42.8435
      vertex -4.47535 14 42.1679
    endloop
  endfacet
  facet normal 0 1 0
    outer loop
      vertex -4.47535 14 29.5296
      vertex -6.76904 14 44.3277
      vertex -5.45418 14 42.8435
    endloop
  endfacet
  facet normal 0 1 0
    outer loop
      vertex -14 14 23.2
      vertex -6.76904 14 44.3277
      vertex -4.47535 14 29.5296
    endloop
  endfacet
  facet normal 0 1 0
    outer loop
      vertex -6.76904 14 44.3277
      vertex -14 14 23.2
      vertex -7.69051 14 46.0834
    endloop
  endfacet
  facet normal 0 1 0
    outer loop
      vertex -8.16503 14 48.0086
      vertex -14 14 23.2
      vertex -14 14 62
    endloop
  endfacet
  facet normal 0 1 0
    outer loop
      vertex -3.89711 14 27.75
      vertex -14 14 23.2
      vertex -4.47535 14 29.5296
    endloop
  endfacet
  facet normal 0 1 0
    outer loop
      vertex -2.64503 14 26.3594
      vertex -14 14 23.2
      vertex -3.89711 14 27.75
    endloop
  endfacet
  facet normal 0 1 0
    outer loop
      vertex -0.935602 14 25.5983
      vertex -14 14 23.2
      vertex -2.64503 14 26.3594
    endloop
  endfacet
  facet normal 0 1 0
    outer loop
      vertex -14 14 23.2
      vertex -0.935602 14 25.5983
      vertex 14 14 23.2
    endloop
  endfacet
  facet normal -0.951082 -0.308938 0
    outer loop
      vertex -17 7.40001 23.2
      vertex -16.8615 6.97363 33.1603
      vertex -17 7.40001 33.4548
    endloop
  endfacet
  facet normal -0.951037 -0.309077 -6.60979e-06
    outer loop
      vertex -17 7.40001 23.2
      vertex -16.7446 6.61393 33.0011
      vertex -16.8615 6.97363 33.1603
    endloop
  endfacet
  facet normal -0.951048 -0.309043 -0
    outer loop
      vertex -16.427 5.63666 32.6465
      vertex -17 7.40001 23.2
      vertex -16.427 5.63666 23.2
    endloop
  endfacet
  facet normal -0.951038 -0.309073 -6.19903e-06
    outer loop
      vertex -17 7.40001 23.2
      vertex -16.427 5.63666 32.6465
      vertex -16.7446 6.61393 33.0011
    endloop
  endfacet
  facet normal 0 0 -1
    outer loop
      vertex 14 14 23.2
      vertex 17 11 23.2
      vertex 17 7.40001 23.2
    endloop
  endfacet
  facet normal 0 0 -1
    outer loop
      vertex 14 4.40001 23.2
      vertex 17 7.40001 23.2
      vertex 15.7634 4.97296 23.2
    endloop
  endfacet
  facet normal 0 0 -1
    outer loop
      vertex 14 14 23.2
      vertex 17 7.40001 23.2
      vertex 14 4.40001 23.2
    endloop
  endfacet
  facet normal 0 0 -1
    outer loop
      vertex 17 11 23.2
      vertex 14 14 23.2
      vertex 16.427 12.7633 23.2
    endloop
  endfacet
  facet normal 0 0 -1
    outer loop
      vertex 4.30347 9.55 23.2
      vertex 14 4.40001 23.2
      vertex 4.30347 6.15 23.2
    endloop
  endfacet
  facet normal 0 0 -1
    outer loop
      vertex 3.39062 4.40001 23.2
      vertex 4.30347 6.15 23.2
      vertex 14 4.40001 23.2
    endloop
  endfacet
  facet normal 0 0 -1
    outer loop
      vertex 2.89999 4.65 23.2
      vertex 4.30347 6.15 23.2
      vertex 3.39062 4.40001 23.2
    endloop
  endfacet
  facet normal 0 0 -1
    outer loop
      vertex -2.89999 4.65 23.2
      vertex 4.30347 6.15 23.2
      vertex 2.89999 4.65 23.2
    endloop
  endfacet
  facet normal 0 0 -1
    outer loop
      vertex -2.89999 4.65 23.2
      vertex -4.30347 6.15 23.2
      vertex 4.30347 6.15 23.2
    endloop
  endfacet
  facet normal 0 0 -1
    outer loop
      vertex -3.66937 4.40001 23.2
      vertex -4.30347 6.15 23.2
      vertex -2.89999 4.65 23.2
    endloop
  endfacet
  facet normal -0 0 -1
    outer loop
      vertex -4.30347 6.15 23.2
      vertex -14 4.40001 23.2
      vertex -4.30347 9.55 23.2
    endloop
  endfacet
  facet normal 0 0 -1
    outer loop
      vertex -14 4.40001 23.2
      vertex -4.30347 6.15 23.2
      vertex -3.66937 4.40001 23.2
    endloop
  endfacet
  facet normal 0 0 -1
    outer loop
      vertex 14 4.40001 23.2
      vertex 4.30347 9.55 23.2
      vertex 14 14 23.2
    endloop
  endfacet
  facet normal 0 0 -1
    outer loop
      vertex -4.30347 9.55 23.2
      vertex 14 14 23.2
      vertex 4.30347 9.55 23.2
    endloop
  endfacet
  facet normal 0 0 -1
    outer loop
      vertex -4.30347 9.55 23.2
      vertex -14 14 23.2
      vertex 14 14 23.2
    endloop
  endfacet
  facet normal 0 0 -1
    outer loop
      vertex -14 4.40001 23.2
      vertex -14 14 23.2
      vertex -4.30347 9.55 23.2
    endloop
  endfacet
  facet normal 0 0 -1
    outer loop
      vertex -17 11 23.2
      vertex -14 14 23.2
      vertex -14 4.40001 23.2
    endloop
  endfacet
  facet normal 0 0 -1
    outer loop
      vertex -17 7.40001 23.2
      vertex -14 4.40001 23.2
      vertex -16.427 5.63666 23.2
    endloop
  endfacet
  facet normal 0 0 -1
    outer loop
      vertex -17 11 23.2
      vertex -14 4.40001 23.2
      vertex -17 7.40001 23.2
    endloop
  endfacet
  facet normal 0 0 -1
    outer loop
      vertex -14 14 23.2
      vertex -17 11 23.2
      vertex -15.7634 13.427 23.2
    endloop
  endfacet
  facet normal -0.454 -0.891002 0
    outer loop
      vertex -16.427 5.63666 23.2
      vertex -14 4.40001 31.0434
      vertex -16.427 5.63666 32.6465
    endloop
  endfacet
  facet normal -0.454 -0.891002 -0
    outer loop
      vertex -14 4.40001 31.0434
      vertex -16.427 5.63666 23.2
      vertex -14 4.40001 23.2
    endloop
  endfacet
  facet normal -1 0 0
    outer loop
      vertex -17 8.54182 37.8101
      vertex -17 11 62
      vertex -17 11 23.2
    endloop
  endfacet
  facet normal -1 0 0
    outer loop
      vertex -17 11 62
      vertex -17 8.54182 37.8101
      vertex -17 8.75352 61
    endloop
  endfacet
  facet normal -1 0 0
    outer loop
      vertex -17 11 23.2
      vertex -17 8.41681 34
      vertex -17 8.54182 37.8101
    endloop
  endfacet
  facet normal -1 0 0
    outer loop
      vertex -17 7.40001 33.4548
      vertex -17 11 23.2
      vertex -17 7.40001 23.2
    endloop
  endfacet
  facet normal -1 0 0
    outer loop
      vertex -17 11 23.2
      vertex -17 7.40001 33.4548
      vertex -17 8.41681 34
    endloop
  endfacet
  facet normal -1 -0 0
    outer loop
      vertex -17 11 62
      vertex -17 8.75352 61
      vertex -17 8.75352 62
    endloop
  endfacet
  facet normal -0.891009 0.453985 0
    outer loop
      vertex -17 11 23.2
      vertex -15.7634 13.427 62
      vertex -15.7634 13.427 23.2
    endloop
  endfacet
  facet normal -0.891009 0.453985 0
    outer loop
      vertex -15.7634 13.427 62
      vertex -17 11 23.2
      vertex -17 11 62
    endloop
  endfacet
  facet normal 0.454014 0.890994 -0
    outer loop
      vertex 16.427 12.7633 23.2
      vertex 14 14 62
      vertex 16.427 12.7633 62
    endloop
  endfacet
  facet normal 0.454014 0.890994 0
    outer loop
      vertex 14 14 62
      vertex 16.427 12.7633 23.2
      vertex 14 14 23.2
    endloop
  endfacet
  facet normal 1 0 0
    outer loop
      vertex 17 8.68839 61
      vertex 17 11 62
      vertex 17 8.68839 62
    endloop
  endfacet
  facet normal 1 0 0
    outer loop
      vertex 17 8.37677 34
      vertex 17 11 62
      vertex 17 8.68839 61
    endloop
  endfacet
  facet normal 1 0 0
    outer loop
      vertex 17 11 62
      vertex 17 8.37677 34
      vertex 17 11 23.2
    endloop
  endfacet
  facet normal 1 -0 0
    outer loop
      vertex 17 8.22957 33.8484
      vertex 17 11 23.2
      vertex 17 8.37677 34
    endloop
  endfacet
  facet normal 1 -0 0
    outer loop
      vertex 17 8.18871 33.8177
      vertex 17 11 23.2
      vertex 17 8.22957 33.8484
    endloop
  endfacet
  facet normal 1 -0 0
    outer loop
      vertex 17 7.40001 33.4674
      vertex 17 11 23.2
      vertex 17 8.18871 33.8177
    endloop
  endfacet
  facet normal 1 0 0
    outer loop
      vertex 17 11 23.2
      vertex 17 7.40001 33.4674
      vertex 17 7.40001 23.2
    endloop
  endfacet
  facet normal 0.951046 0.309051 0
    outer loop
      vertex 17 11 62
      vertex 16.427 12.7633 23.2
      vertex 16.427 12.7633 62
    endloop
  endfacet
  facet normal 0.951046 0.309051 0
    outer loop
      vertex 16.427 12.7633 23.2
      vertex 17 11 62
      vertex 17 11 23.2
    endloop
  endfacet
  facet normal 0 1 0
    outer loop
      vertex 1.96837 9.54 56.986
      vertex 0 9.54 57.1
      vertex 0 9.54 57.225
    endloop
  endfacet
  facet normal 0 1 0
    outer loop
      vertex 1.96837 9.54 56.986
      vertex 1.93846 9.54 56.8646
      vertex 0 9.54 57.1
    endloop
  endfacet
  facet normal 0 1 0
    outer loop
      vertex 3.82235 9.54 56.2829
      vertex 1.93846 9.54 56.8646
      vertex 1.96837 9.54 56.986
    endloop
  endfacet
  facet normal 0 1 0
    outer loop
      vertex 3.82235 9.54 56.2829
      vertex 3.76426 9.54 56.1722
      vertex 1.93846 9.54 56.8646
    endloop
  endfacet
  facet normal 0 1 0
    outer loop
      vertex 5.45418 9.54 55.1565
      vertex 3.76426 9.54 56.1722
      vertex 3.82235 9.54 56.2829
    endloop
  endfacet
  facet normal 0 1 0
    outer loop
      vertex 5.45418 9.54 55.1565
      vertex 5.37129 9.54 55.0629
      vertex 3.76426 9.54 56.1722
    endloop
  endfacet
  facet normal 0 1 0
    outer loop
      vertex 6.76904 9.54 53.6723
      vertex 5.37129 9.54 55.0629
      vertex 5.45418 9.54 55.1565
    endloop
  endfacet
  facet normal 0 1 0
    outer loop
      vertex 6.76904 9.54 53.6723
      vertex 6.66617 9.54 53.6013
      vertex 5.37129 9.54 55.0629
    endloop
  endfacet
  facet normal 0 1 0
    outer loop
      vertex 7.69051 9.54 51.9166
      vertex 6.66617 9.54 53.6013
      vertex 6.76904 9.54 53.6723
    endloop
  endfacet
  facet normal 0 1 0
    outer loop
      vertex 7.69051 9.54 51.9166
      vertex 7.57363 9.54 51.8723
      vertex 6.66617 9.54 53.6013
    endloop
  endfacet
  facet normal 0 1 0
    outer loop
      vertex 8.16503 9.54 49.9914
      vertex 7.57363 9.54 51.8723
      vertex 7.69051 9.54 51.9166
    endloop
  endfacet
  facet normal 0 1 0
    outer loop
      vertex 8.16503 9.54 49.9914
      vertex 8.04094 9.54 49.9763
      vertex 7.57363 9.54 51.8723
    endloop
  endfacet
  facet normal 0 1 -0
    outer loop
      vertex 8.16503 9.54 48.0086
      vertex 8.04094 9.54 49.9763
      vertex 8.16503 9.54 49.9914
    endloop
  endfacet
  facet normal 0 1 0
    outer loop
      vertex 8.04094 9.54 49.9763
      vertex 8.16503 9.54 48.0086
      vertex 8.04094 9.54 47.5051
    endloop
  endfacet
  facet normal 0 1 -0
    outer loop
      vertex 0 9.54 57.1
      vertex -1.96837 9.54 56.986
      vertex 0 9.54 57.225
    endloop
  endfacet
  facet normal 0 1 -0
    outer loop
      vertex -1.93846 9.54 56.8646
      vertex -1.96837 9.54 56.986
      vertex 0 9.54 57.1
    endloop
  endfacet
  facet normal 0 1 0
    outer loop
      vertex -1.93846 9.54 56.8646
      vertex -3.82235 9.54 56.2829
      vertex -1.96837 9.54 56.986
    endloop
  endfacet
  facet normal 0 1 -0
    outer loop
      vertex -3.76426 9.54 56.1722
      vertex -3.82235 9.54 56.2829
      vertex -1.93846 9.54 56.8646
    endloop
  endfacet
  facet normal 0 1 0
    outer loop
      vertex -3.76426 9.54 56.1722
      vertex -5.45418 9.54 55.1565
      vertex -3.82235 9.54 56.2829
    endloop
  endfacet
  facet normal 0 1 -0
    outer loop
      vertex -5.37129 9.54 55.0629
      vertex -5.45418 9.54 55.1565
      vertex -3.76426 9.54 56.1722
    endloop
  endfacet
  facet normal 0 1 0
    outer loop
      vertex -5.37129 9.54 55.0629
      vertex -6.76904 9.54 53.6723
      vertex -5.45418 9.54 55.1565
    endloop
  endfacet
  facet normal 0 1 -0
    outer loop
      vertex -6.66617 9.54 53.6013
      vertex -6.76904 9.54 53.6723
      vertex -5.37129 9.54 55.0629
    endloop
  endfacet
  facet normal 0 1 0
    outer loop
      vertex -6.66617 9.54 53.6013
      vertex -7.69051 9.54 51.9166
      vertex -6.76904 9.54 53.6723
    endloop
  endfacet
  facet normal 0 1 -0
    outer loop
      vertex -7.57363 9.54 51.8723
      vertex -7.69051 9.54 51.9166
      vertex -6.66617 9.54 53.6013
    endloop
  endfacet
  facet normal 0 1 0
    outer loop
      vertex -7.57363 9.54 51.8723
      vertex -8.16503 9.54 49.9914
      vertex -7.69051 9.54 51.9166
    endloop
  endfacet
  facet normal 0 1 -0
    outer loop
      vertex -8.04094 9.54 49.9763
      vertex -8.16503 9.54 49.9914
      vertex -7.57363 9.54 51.8723
    endloop
  endfacet
  facet normal 0 1 0
    outer loop
      vertex -8.04094 9.54 49.9763
      vertex -8.16503 9.54 48.0086
      vertex -8.16503 9.54 49.9914
    endloop
  endfacet
  facet normal -0 1 0
    outer loop
      vertex -8.16503 9.54 48.0086
      vertex -8.04094 9.54 49.9763
      vertex -8.04094 9.54 47.5051
    endloop
  endfacet
  facet normal 0.743151 -0 0.669124
    outer loop
      vertex -3.89711 9.55 27.75
      vertex -2.64503 14 26.3594
      vertex -3.89711 14 27.75
    endloop
  endfacet
  facet normal 0.743151 0 0.669124
    outer loop
      vertex -2.64503 14 26.3594
      vertex -3.89711 9.55 27.75
      vertex -2.64503 9.55 26.3594
    endloop
  endfacet
  facet normal -0 0 1
    outer loop
      vertex -0.935602 14 25.5983
      vertex 0.935602 9.55 25.5983
      vertex 0.935602 14 25.5983
    endloop
  endfacet
  facet normal 0 0 1
    outer loop
      vertex 0.935602 9.55 25.5983
      vertex -0.935602 14 25.5983
      vertex -0.935602 9.55 25.5983
    endloop
  endfacet
  facet normal 0.406743 0 0.913543
    outer loop
      vertex -2.64503 14 26.3594
      vertex -0.935602 9.55 25.5983
      vertex -0.935602 14 25.5983
    endloop
  endfacet
  facet normal 0.406743 0 0.913543
    outer loop
      vertex -0.935602 9.55 25.5983
      vertex -2.64503 14 26.3594
      vertex -2.64503 9.55 26.3594
    endloop
  endfacet
  facet normal -1 0 0
    outer loop
      vertex 4.47535 9.55 29.5296
      vertex 4.47535 14 42.1679
      vertex 4.47535 14 29.5296
    endloop
  endfacet
  facet normal -1 -0 0
    outer loop
      vertex 4.47535 14 42.1679
      vertex 4.47535 9.55 29.5296
      vertex 4.47535 9.55 42.1679
    endloop
  endfacet
  facet normal 0.951054 -0 0.309023
    outer loop
      vertex -4.47535 9.55 29.5296
      vertex -3.89711 14 27.75
      vertex -4.47535 14 29.5296
    endloop
  endfacet
  facet normal 0.951054 0 0.309023
    outer loop
      vertex -3.89711 14 27.75
      vertex -4.47535 9.55 29.5296
      vertex -3.89711 9.55 27.75
    endloop
  endfacet
  facet normal -0.743151 0 0.669124
    outer loop
      vertex 2.64503 9.55 26.3594
      vertex 3.89711 14 27.75
      vertex 2.64503 14 26.3594
    endloop
  endfacet
  facet normal -0.743151 0 0.669124
    outer loop
      vertex 3.89711 14 27.75
      vertex 2.64503 9.55 26.3594
      vertex 3.89711 9.55 27.75
    endloop
  endfacet
  facet normal -0.951054 0 0.309023
    outer loop
      vertex 3.89711 9.55 27.75
      vertex 4.47535 14 29.5296
      vertex 3.89711 14 27.75
    endloop
  endfacet
  facet normal -0.951054 0 0.309023
    outer loop
      vertex 4.47535 14 29.5296
      vertex 3.89711 9.55 27.75
      vertex 4.47535 9.55 29.5296
    endloop
  endfacet
  facet normal -0.406743 0 0.913543
    outer loop
      vertex 0.935602 14 25.5983
      vertex 2.64503 9.55 26.3594
      vertex 2.64503 14 26.3594
    endloop
  endfacet
  facet normal -0.406743 0 0.913543
    outer loop
      vertex 2.64503 9.55 26.3594
      vertex 0.935602 14 25.5983
      vertex 0.935602 9.55 25.5983
    endloop
  endfacet
  facet normal 1 -0 0
    outer loop
      vertex -4.47535 9.55 42.1679
      vertex -4.47535 14 29.5296
      vertex -4.47535 14 42.1679
    endloop
  endfacet
  facet normal 1 0 0
    outer loop
      vertex -4.47535 14 29.5296
      vertex -4.47535 9.55 42.1679
      vertex -4.47535 9.55 29.5296
    endloop
  endfacet
  facet normal -0.120535 0 -0.992709
    outer loop
      vertex 0 9.54 57.225
      vertex 1.96837 14 56.986
      vertex 1.96837 9.54 56.986
    endloop
  endfacet
  facet normal -0.120535 0 -0.992709
    outer loop
      vertex 1.96837 14 56.986
      vertex 0 9.54 57.225
      vertex 0 14 57.225
    endloop
  endfacet
  facet normal -1 0 0
    outer loop
      vertex 8.16503 9.54 48.0086
      vertex 8.16503 14 49.9914
      vertex 8.16503 14 48.0086
    endloop
  endfacet
  facet normal -1 -0 0
    outer loop
      vertex 8.16503 14 49.9914
      vertex 8.16503 9.54 48.0086
      vertex 8.16503 9.54 49.9914
    endloop
  endfacet
  facet normal 1 -0 0
    outer loop
      vertex -8.16503 9.54 49.9914
      vertex -8.16503 14 48.0086
      vertex -8.16503 14 49.9914
    endloop
  endfacet
  facet normal 1 0 0
    outer loop
      vertex -8.16503 14 48.0086
      vertex -8.16503 9.54 49.9914
      vertex -8.16503 9.54 48.0086
    endloop
  endfacet
  facet normal -0.748517 0 -0.663115
    outer loop
      vertex 6.76904 9.54 53.6723
      vertex 5.45418 14 55.1565
      vertex 6.76904 14 53.6723
    endloop
  endfacet
  facet normal -0.748517 -0 -0.663115
    outer loop
      vertex 5.45418 14 55.1565
      vertex 6.76904 9.54 53.6723
      vertex 5.45418 9.54 55.1565
    endloop
  endfacet
  facet normal -0.748517 0 0.663115
    outer loop
      vertex 5.45418 9.55 42.8435
      vertex 6.76904 14 44.3277
      vertex 5.45418 14 42.8435
    endloop
  endfacet
  facet normal -0.748517 0 0.663115
    outer loop
      vertex 6.76904 14 44.3277
      vertex 5.45418 9.55 42.8435
      vertex 6.76904 9.55 44.3277
    endloop
  endfacet
  facet normal -0.885454 0 0.464726
    outer loop
      vertex 6.76904 9.55 44.3277
      vertex 7.69051 14 46.0834
      vertex 6.76904 14 44.3277
    endloop
  endfacet
  facet normal -0.885454 0 0.464726
    outer loop
      vertex 7.69051 14 46.0834
      vertex 6.76904 9.55 44.3277
      vertex 7.69051 9.55 46.0834
    endloop
  endfacet
  facet normal -0.568075 0 -0.822977
    outer loop
      vertex 3.82235 9.54 56.2829
      vertex 5.45418 14 55.1565
      vertex 5.45418 9.54 55.1565
    endloop
  endfacet
  facet normal -0.568075 0 -0.822977
    outer loop
      vertex 5.45418 14 55.1565
      vertex 3.82235 9.54 56.2829
      vertex 3.82235 14 56.2829
    endloop
  endfacet
  facet normal -0.354595 0 -0.93502
    outer loop
      vertex 1.96837 9.54 56.986
      vertex 3.82235 14 56.2829
      vertex 3.82235 9.54 56.2829
    endloop
  endfacet
  facet normal -0.354595 0 -0.93502
    outer loop
      vertex 3.82235 14 56.2829
      vertex 1.96837 9.54 56.986
      vertex 1.96837 14 56.986
    endloop
  endfacet
  facet normal -0.970942 0 -0.239316
    outer loop
      vertex 8.16503 9.54 49.9914
      vertex 7.69051 14 51.9166
      vertex 8.16503 14 49.9914
    endloop
  endfacet
  facet normal -0.970942 -0 -0.239316
    outer loop
      vertex 7.69051 14 51.9166
      vertex 8.16503 9.54 49.9914
      vertex 7.69051 9.54 51.9166
    endloop
  endfacet
  facet normal -0.885454 0 -0.464726
    outer loop
      vertex 7.69051 9.54 51.9166
      vertex 6.76904 14 53.6723
      vertex 7.69051 14 51.9166
    endloop
  endfacet
  facet normal -0.885454 -0 -0.464726
    outer loop
      vertex 6.76904 14 53.6723
      vertex 7.69051 9.54 51.9166
      vertex 6.76904 9.54 53.6723
    endloop
  endfacet
  facet normal -0.568043 0 0.822999
    outer loop
      vertex 4.47535 14 42.1679
      vertex 5.45418 9.55 42.8435
      vertex 5.45418 14 42.8435
    endloop
  endfacet
  facet normal -0.568043 0 0.822999
    outer loop
      vertex 5.45418 9.55 42.8435
      vertex 4.47535 14 42.1679
      vertex 4.47535 9.55 42.1679
    endloop
  endfacet
  facet normal -0.97094 0 0.239324
    outer loop
      vertex 8.04094 9.55 47.5051
      vertex 7.69051 14 46.0834
      vertex 7.69051 9.55 46.0834
    endloop
  endfacet
  facet normal -0.970942 -2.57856e-06 0.239316
    outer loop
      vertex 7.69051 14 46.0834
      vertex 8.04094 9.55 47.5051
      vertex 8.16503 14 48.0086
    endloop
  endfacet
  facet normal -0.970947 0 0.239295
    outer loop
      vertex 8.16503 9.54 48.0086
      vertex 8.04094 9.55 47.5051
      vertex 8.04094 9.54 47.5051
    endloop
  endfacet
  facet normal -0.970947 0 0.239295
    outer loop
      vertex 8.04094 9.55 47.5051
      vertex 8.16503 9.54 48.0086
      vertex 8.16503 14 48.0086
    endloop
  endfacet
  facet normal 0.120535 0 -0.992709
    outer loop
      vertex -1.96837 9.54 56.986
      vertex 0 14 57.225
      vertex 0 9.54 57.225
    endloop
  endfacet
  facet normal 0.120535 0 -0.992709
    outer loop
      vertex 0 14 57.225
      vertex -1.96837 9.54 56.986
      vertex -1.96837 14 56.986
    endloop
  endfacet
  facet normal 0.748517 0 -0.663115
    outer loop
      vertex -5.45418 9.54 55.1565
      vertex -6.76904 14 53.6723
      vertex -5.45418 14 55.1565
    endloop
  endfacet
  facet normal 0.748517 0 -0.663115
    outer loop
      vertex -6.76904 14 53.6723
      vertex -5.45418 9.54 55.1565
      vertex -6.76904 9.54 53.6723
    endloop
  endfacet
  facet normal 0.568075 0 -0.822977
    outer loop
      vertex -5.45418 9.54 55.1565
      vertex -3.82235 14 56.2829
      vertex -3.82235 9.54 56.2829
    endloop
  endfacet
  facet normal 0.568075 0 -0.822977
    outer loop
      vertex -3.82235 14 56.2829
      vertex -5.45418 9.54 55.1565
      vertex -5.45418 14 55.1565
    endloop
  endfacet
  facet normal 0.568043 0 0.822999
    outer loop
      vertex -5.45418 14 42.8435
      vertex -4.47535 9.55 42.1679
      vertex -4.47535 14 42.1679
    endloop
  endfacet
  facet normal 0.568043 0 0.822999
    outer loop
      vertex -4.47535 9.55 42.1679
      vertex -5.45418 14 42.8435
      vertex -5.45418 9.55 42.8435
    endloop
  endfacet
  facet normal 0.354595 0 -0.93502
    outer loop
      vertex -3.82235 9.54 56.2829
      vertex -1.96837 14 56.986
      vertex -1.96837 9.54 56.986
    endloop
  endfacet
  facet normal 0.354595 0 -0.93502
    outer loop
      vertex -1.96837 14 56.986
      vertex -3.82235 9.54 56.2829
      vertex -3.82235 14 56.2829
    endloop
  endfacet
  facet normal 0.885454 0 -0.464726
    outer loop
      vertex -6.76904 9.54 53.6723
      vertex -7.69051 14 51.9166
      vertex -6.76904 14 53.6723
    endloop
  endfacet
  facet normal 0.885454 0 -0.464726
    outer loop
      vertex -7.69051 14 51.9166
      vertex -6.76904 9.54 53.6723
      vertex -7.69051 9.54 51.9166
    endloop
  endfacet
  facet normal 0.970942 0 -0.239316
    outer loop
      vertex -7.69051 9.54 51.9166
      vertex -8.16503 14 49.9914
      vertex -7.69051 14 51.9166
    endloop
  endfacet
  facet normal 0.970942 0 -0.239316
    outer loop
      vertex -8.16503 14 49.9914
      vertex -7.69051 9.54 51.9166
      vertex -8.16503 9.54 49.9914
    endloop
  endfacet
  facet normal 0.885454 -0 0.464726
    outer loop
      vertex -7.69051 9.55 46.0834
      vertex -6.76904 14 44.3277
      vertex -7.69051 14 46.0834
    endloop
  endfacet
  facet normal 0.885454 0 0.464726
    outer loop
      vertex -6.76904 14 44.3277
      vertex -7.69051 9.55 46.0834
      vertex -6.76904 9.55 44.3277
    endloop
  endfacet
  facet normal 0.748517 -0 0.663115
    outer loop
      vertex -6.76904 9.55 44.3277
      vertex -5.45418 14 42.8435
      vertex -6.76904 14 44.3277
    endloop
  endfacet
  facet normal 0.748517 0 0.663115
    outer loop
      vertex -5.45418 14 42.8435
      vertex -6.76904 9.55 44.3277
      vertex -5.45418 9.55 42.8435
    endloop
  endfacet
  facet normal 0.970942 -2.57856e-06 0.239316
    outer loop
      vertex -8.16503 14 48.0086
      vertex -8.04094 9.55 47.5051
      vertex -7.69051 14 46.0834
    endloop
  endfacet
  facet normal 0.970947 -0 0.239295
    outer loop
      vertex -8.16503 9.54 48.0086
      vertex -8.04094 9.55 47.5051
      vertex -8.16503 14 48.0086
    endloop
  endfacet
  facet normal 0.970947 0 0.239295
    outer loop
      vertex -8.04094 9.55 47.5051
      vertex -8.16503 9.54 48.0086
      vertex -8.04094 9.54 47.5051
    endloop
  endfacet
  facet normal 0.97094 0 0.239324
    outer loop
      vertex -7.69051 14 46.0834
      vertex -8.04094 9.55 47.5051
      vertex -7.69051 9.55 46.0834
    endloop
  endfacet
  facet normal 0 1 0
    outer loop
      vertex 1.93846 6.15 56.8646
      vertex -1.93846 6.15 56.8646
      vertex 0 6.15 57.1
    endloop
  endfacet
  facet normal 0 1 0
    outer loop
      vertex 3.76426 6.15 56.1722
      vertex -1.93846 6.15 56.8646
      vertex 1.93846 6.15 56.8646
    endloop
  endfacet
  facet normal 0 1 0
    outer loop
      vertex 3.76426 6.15 56.1722
      vertex -3.76426 6.15 56.1722
      vertex -1.93846 6.15 56.8646
    endloop
  endfacet
  facet normal 0 1 0
    outer loop
      vertex 5.37129 6.15 55.0629
      vertex -3.76426 6.15 56.1722
      vertex 3.76426 6.15 56.1722
    endloop
  endfacet
  facet normal 0 1 0
    outer loop
      vertex 5.37129 6.15 55.0629
      vertex -5.37129 6.15 55.0629
      vertex -3.76426 6.15 56.1722
    endloop
  endfacet
  facet normal 0 1 0
    outer loop
      vertex 6.66617 6.15 53.6013
      vertex -5.37129 6.15 55.0629
      vertex 5.37129 6.15 55.0629
    endloop
  endfacet
  facet normal 0 1 0
    outer loop
      vertex 6.66617 6.15 53.6013
      vertex -6.66617 6.15 53.6013
      vertex -5.37129 6.15 55.0629
    endloop
  endfacet
  facet normal 0 1 0
    outer loop
      vertex 7.57363 6.15 51.8723
      vertex -6.66617 6.15 53.6013
      vertex 6.66617 6.15 53.6013
    endloop
  endfacet
  facet normal 0 1 0
    outer loop
      vertex 7.57363 6.15 51.8723
      vertex -7.57363 6.15 51.8723
      vertex -6.66617 6.15 53.6013
    endloop
  endfacet
  facet normal 0 1 0
    outer loop
      vertex 8.04094 6.15 49.9763
      vertex -7.57363 6.15 51.8723
      vertex 7.57363 6.15 51.8723
    endloop
  endfacet
  facet normal 0 1 0
    outer loop
      vertex 8.04094 6.15 49.9763
      vertex -8.04094 6.15 49.9763
      vertex -7.57363 6.15 51.8723
    endloop
  endfacet
  facet normal 0 1 -0
    outer loop
      vertex 8.04094 6.15 29.0237
      vertex -8.04094 6.15 49.9763
      vertex 8.04094 6.15 49.9763
    endloop
  endfacet
  facet normal 0 1 0
    outer loop
      vertex 8.04094 6.15 29.0237
      vertex -8.04094 6.15 29.0237
      vertex -8.04094 6.15 49.9763
    endloop
  endfacet
  facet normal 0 1 0
    outer loop
      vertex 4.30347 6.15 23.2
      vertex 8.04094 6.15 29.0237
      vertex 7.57363 6.15 27.1277
    endloop
  endfacet
  facet normal 0 1 0
    outer loop
      vertex 8.04094 6.15 29.0237
      vertex 4.30347 6.15 23.2
      vertex -8.04094 6.15 29.0237
    endloop
  endfacet
  facet normal 0 1 0
    outer loop
      vertex 4.30347 6.15 23.2
      vertex 7.57363 6.15 27.1277
      vertex 6.66617 6.15 25.3987
    endloop
  endfacet
  facet normal 0 1 -0
    outer loop
      vertex -4.30347 6.15 23.2
      vertex -8.04094 6.15 29.0237
      vertex 4.30347 6.15 23.2
    endloop
  endfacet
  facet normal 0 1 0
    outer loop
      vertex 4.30347 6.15 23.2
      vertex 6.66617 6.15 25.3987
      vertex 5.37129 6.15 23.9371
    endloop
  endfacet
  facet normal 0 1 0
    outer loop
      vertex -8.04094 6.15 29.0237
      vertex -4.30347 6.15 23.2
      vertex -7.57363 6.15 27.1277
    endloop
  endfacet
  facet normal 0 1 0
    outer loop
      vertex -7.57363 6.15 27.1277
      vertex -4.30347 6.15 23.2
      vertex -6.66617 6.15 25.3987
    endloop
  endfacet
  facet normal 0 1 0
    outer loop
      vertex -6.66617 6.15 25.3987
      vertex -4.30347 6.15 23.2
      vertex -5.37129 6.15 23.9371
    endloop
  endfacet
  facet normal 0 -1 0
    outer loop
      vertex -8.04094 9.55 29.0237
      vertex -4.47535 9.55 42.1679
      vertex -5.45418 9.55 42.8435
    endloop
  endfacet
  facet normal 0 -1 0
    outer loop
      vertex -8.04094 9.55 29.0237
      vertex -5.45418 9.55 42.8435
      vertex -6.76904 9.55 44.3277
    endloop
  endfacet
  facet normal 0 -1 0
    outer loop
      vertex -8.04094 9.55 29.0237
      vertex -6.76904 9.55 44.3277
      vertex -7.69051 9.55 46.0834
    endloop
  endfacet
  facet normal 0 -1 0
    outer loop
      vertex -8.04094 9.55 29.0237
      vertex -7.69051 9.55 46.0834
      vertex -8.04094 9.55 47.5051
    endloop
  endfacet
  facet normal 0 -1 -0
    outer loop
      vertex -4.47535 9.55 42.1679
      vertex -8.04094 9.55 29.0237
      vertex -4.47535 9.55 29.5296
    endloop
  endfacet
  facet normal 0 -1 0
    outer loop
      vertex -7.57363 9.55 27.1277
      vertex -4.47535 9.55 29.5296
      vertex -8.04094 9.55 29.0237
    endloop
  endfacet
  facet normal 0 -1 -0
    outer loop
      vertex -4.47535 9.55 29.5296
      vertex -7.57363 9.55 27.1277
      vertex -3.89711 9.55 27.75
    endloop
  endfacet
  facet normal 0 -1 0
    outer loop
      vertex -6.66617 9.55 25.3987
      vertex -3.89711 9.55 27.75
      vertex -7.57363 9.55 27.1277
    endloop
  endfacet
  facet normal 0 -1 0
    outer loop
      vertex -5.37129 9.55 23.9371
      vertex -3.89711 9.55 27.75
      vertex -6.66617 9.55 25.3987
    endloop
  endfacet
  facet normal 0 -1 0
    outer loop
      vertex -4.30347 9.55 23.2
      vertex -2.64503 9.55 26.3594
      vertex -5.37129 9.55 23.9371
    endloop
  endfacet
  facet normal 0 -1 -0
    outer loop
      vertex -3.89711 9.55 27.75
      vertex -5.37129 9.55 23.9371
      vertex -2.64503 9.55 26.3594
    endloop
  endfacet
  facet normal 0 -1 0
    outer loop
      vertex 8.04094 9.55 29.0237
      vertex 4.47535 9.55 42.1679
      vertex 4.47535 9.55 29.5296
    endloop
  endfacet
  facet normal 0 -1 0
    outer loop
      vertex 4.47535 9.55 42.1679
      vertex 8.04094 9.55 29.0237
      vertex 5.45418 9.55 42.8435
    endloop
  endfacet
  facet normal 0 -1 0
    outer loop
      vertex 5.45418 9.55 42.8435
      vertex 8.04094 9.55 29.0237
      vertex 6.76904 9.55 44.3277
    endloop
  endfacet
  facet normal 0 -1 0
    outer loop
      vertex 6.76904 9.55 44.3277
      vertex 8.04094 9.55 29.0237
      vertex 7.69051 9.55 46.0834
    endloop
  endfacet
  facet normal 0 -1 0
    outer loop
      vertex 7.69051 9.55 46.0834
      vertex 8.04094 9.55 29.0237
      vertex 8.04094 9.55 47.5051
    endloop
  endfacet
  facet normal 0 -1 0
    outer loop
      vertex 7.57363 9.55 27.1277
      vertex 4.47535 9.55 29.5296
      vertex 3.89711 9.55 27.75
    endloop
  endfacet
  facet normal 0 -1 0
    outer loop
      vertex 4.47535 9.55 29.5296
      vertex 7.57363 9.55 27.1277
      vertex 8.04094 9.55 29.0237
    endloop
  endfacet
  facet normal 0 -1 0
    outer loop
      vertex 5.37129 9.55 23.9371
      vertex 3.89711 9.55 27.75
      vertex 2.64503 9.55 26.3594
    endloop
  endfacet
  facet normal 0 -1 0
    outer loop
      vertex 4.30347 9.55 23.2
      vertex 2.64503 9.55 26.3594
      vertex 0.935602 9.55 25.5983
    endloop
  endfacet
  facet normal 0 -1 0
    outer loop
      vertex 3.89711 9.55 27.75
      vertex 6.66617 9.55 25.3987
      vertex 7.57363 9.55 27.1277
    endloop
  endfacet
  facet normal 0 -1 -0
    outer loop
      vertex -2.64503 9.55 26.3594
      vertex -4.30347 9.55 23.2
      vertex -0.935602 9.55 25.5983
    endloop
  endfacet
  facet normal 0 -1 -0
    outer loop
      vertex -0.935602 9.55 25.5983
      vertex -4.30347 9.55 23.2
      vertex 0.935602 9.55 25.5983
    endloop
  endfacet
  facet normal 0 -1 0
    outer loop
      vertex 4.30347 9.55 23.2
      vertex 0.935602 9.55 25.5983
      vertex -4.30347 9.55 23.2
    endloop
  endfacet
  facet normal 0 -1 0
    outer loop
      vertex 2.64503 9.55 26.3594
      vertex 4.30347 9.55 23.2
      vertex 5.37129 9.55 23.9371
    endloop
  endfacet
  facet normal 0 -1 0
    outer loop
      vertex 3.89711 9.55 27.75
      vertex 5.37129 9.55 23.9371
      vertex 6.66617 9.55 25.3987
    endloop
  endfacet
  facet normal -0.970943 0 -0.23931
    outer loop
      vertex 8.04094 6.15 49.9763
      vertex 7.57363 9.54 51.8723
      vertex 8.04094 9.54 49.9763
    endloop
  endfacet
  facet normal -0.970943 -0 -0.23931
    outer loop
      vertex 7.57363 9.54 51.8723
      vertex 8.04094 6.15 49.9763
      vertex 7.57363 6.15 51.8723
    endloop
  endfacet
  facet normal -1 0 0
    outer loop
      vertex 8.04094 9.55 29.0237
      vertex 8.04094 9.54 47.5051
      vertex 8.04094 9.55 47.5051
    endloop
  endfacet
  facet normal -1 0 0
    outer loop
      vertex 8.04094 6.15 29.0237
      vertex 8.04094 9.54 47.5051
      vertex 8.04094 9.55 29.0237
    endloop
  endfacet
  facet normal -1 0 0
    outer loop
      vertex 8.04094 6.15 49.9763
      vertex 8.04094 9.54 47.5051
      vertex 8.04094 6.15 29.0237
    endloop
  endfacet
  facet normal -1 0 0
    outer loop
      vertex 8.04094 9.54 47.5051
      vertex 8.04094 6.15 49.9763
      vertex 8.04094 9.54 49.9763
    endloop
  endfacet
  facet normal 1 0 0
    outer loop
      vertex -8.04094 9.54 49.9763
      vertex -8.04094 6.15 49.9763
      vertex -8.04094 9.54 47.5051
    endloop
  endfacet
  facet normal 1 -0 0
    outer loop
      vertex -8.04094 9.54 47.5051
      vertex -8.04094 9.55 29.0237
      vertex -8.04094 9.55 47.5051
    endloop
  endfacet
  facet normal 1 0 0
    outer loop
      vertex -8.04094 6.15 29.0237
      vertex -8.04094 9.54 47.5051
      vertex -8.04094 6.15 49.9763
    endloop
  endfacet
  facet normal 1 0 0
    outer loop
      vertex -8.04094 9.54 47.5051
      vertex -8.04094 6.15 29.0237
      vertex -8.04094 9.55 29.0237
    endloop
  endfacet
  facet normal 0.970943 0 -0.23931
    outer loop
      vertex -7.57363 6.15 51.8723
      vertex -8.04094 9.54 49.9763
      vertex -7.57363 9.54 51.8723
    endloop
  endfacet
  facet normal 0.970943 0 -0.23931
    outer loop
      vertex -8.04094 9.54 49.9763
      vertex -7.57363 6.15 51.8723
      vertex -8.04094 6.15 49.9763
    endloop
  endfacet
  facet normal 0.120551 0 -0.992707
    outer loop
      vertex -1.93846 6.15 56.8646
      vertex 0 9.54 57.1
      vertex 0 6.15 57.1
    endloop
  endfacet
  facet normal 0.120551 0 -0.992707
    outer loop
      vertex 0 9.54 57.1
      vertex -1.93846 6.15 56.8646
      vertex -1.93846 9.54 56.8646
    endloop
  endfacet
  facet normal -0.568081 0 -0.822973
    outer loop
      vertex 3.76426 6.15 56.1722
      vertex 5.37129 9.54 55.0629
      vertex 5.37129 6.15 55.0629
    endloop
  endfacet
  facet normal -0.568081 0 -0.822973
    outer loop
      vertex 5.37129 9.54 55.0629
      vertex 3.76426 6.15 56.1722
      vertex 3.76426 9.54 56.1722
    endloop
  endfacet
  facet normal -0.748507 0 -0.663127
    outer loop
      vertex 6.66617 6.15 53.6013
      vertex 5.37129 9.54 55.0629
      vertex 6.66617 9.54 53.6013
    endloop
  endfacet
  facet normal -0.748507 -0 -0.663127
    outer loop
      vertex 5.37129 9.54 55.0629
      vertex 6.66617 6.15 53.6013
      vertex 5.37129 6.15 55.0629
    endloop
  endfacet
  facet normal -0.885454 0 0.464728
    outer loop
      vertex 6.66617 6.15 25.3987
      vertex 7.57363 9.55 27.1277
      vertex 6.66617 9.55 25.3987
    endloop
  endfacet
  facet normal -0.885454 0 0.464728
    outer loop
      vertex 7.57363 9.55 27.1277
      vertex 6.66617 6.15 25.3987
      vertex 7.57363 6.15 27.1277
    endloop
  endfacet
  facet normal 0.568081 0 -0.822973
    outer loop
      vertex -5.37129 6.15 55.0629
      vertex -3.76426 9.54 56.1722
      vertex -3.76426 6.15 56.1722
    endloop
  endfacet
  facet normal 0.568081 0 -0.822973
    outer loop
      vertex -3.76426 9.54 56.1722
      vertex -5.37129 6.15 55.0629
      vertex -5.37129 9.54 55.0629
    endloop
  endfacet
  facet normal 0.885454 -0 0.464728
    outer loop
      vertex -7.57363 6.15 27.1277
      vertex -6.66617 9.55 25.3987
      vertex -7.57363 9.55 27.1277
    endloop
  endfacet
  facet normal 0.885454 0 0.464728
    outer loop
      vertex -6.66617 9.55 25.3987
      vertex -7.57363 6.15 27.1277
      vertex -6.66617 6.15 25.3987
    endloop
  endfacet
  facet normal -0.354589 0 -0.935022
    outer loop
      vertex 1.93846 6.15 56.8646
      vertex 3.76426 9.54 56.1722
      vertex 3.76426 6.15 56.1722
    endloop
  endfacet
  facet normal -0.354589 0 -0.935022
    outer loop
      vertex 3.76426 9.54 56.1722
      vertex 1.93846 6.15 56.8646
      vertex 1.93846 9.54 56.8646
    endloop
  endfacet
  facet normal -0.120551 0 -0.992707
    outer loop
      vertex 0 6.15 57.1
      vertex 1.93846 9.54 56.8646
      vertex 1.93846 6.15 56.8646
    endloop
  endfacet
  facet normal -0.120551 0 -0.992707
    outer loop
      vertex 1.93846 9.54 56.8646
      vertex 0 6.15 57.1
      vertex 0 9.54 57.1
    endloop
  endfacet
  facet normal -0.885454 0 -0.464728
    outer loop
      vertex 7.57363 6.15 51.8723
      vertex 6.66617 9.54 53.6013
      vertex 7.57363 9.54 51.8723
    endloop
  endfacet
  facet normal -0.885454 -0 -0.464728
    outer loop
      vertex 6.66617 9.54 53.6013
      vertex 7.57363 6.15 51.8723
      vertex 6.66617 6.15 53.6013
    endloop
  endfacet
  facet normal -0.970943 0 0.23931
    outer loop
      vertex 7.57363 6.15 27.1277
      vertex 8.04094 9.55 29.0237
      vertex 7.57363 9.55 27.1277
    endloop
  endfacet
  facet normal -0.970943 0 0.23931
    outer loop
      vertex 8.04094 9.55 29.0237
      vertex 7.57363 6.15 27.1277
      vertex 8.04094 6.15 29.0237
    endloop
  endfacet
  facet normal 0.354589 0 -0.935022
    outer loop
      vertex -3.76426 6.15 56.1722
      vertex -1.93846 9.54 56.8646
      vertex -1.93846 6.15 56.8646
    endloop
  endfacet
  facet normal 0.354589 0 -0.935022
    outer loop
      vertex -1.93846 9.54 56.8646
      vertex -3.76426 6.15 56.1722
      vertex -3.76426 9.54 56.1722
    endloop
  endfacet
  facet normal 0.748507 0 -0.663127
    outer loop
      vertex -5.37129 6.15 55.0629
      vertex -6.66617 9.54 53.6013
      vertex -5.37129 9.54 55.0629
    endloop
  endfacet
  facet normal 0.748507 0 -0.663127
    outer loop
      vertex -6.66617 9.54 53.6013
      vertex -5.37129 6.15 55.0629
      vertex -6.66617 6.15 53.6013
    endloop
  endfacet
  facet normal -0.748507 0 0.663127
    outer loop
      vertex 5.37129 6.15 23.9371
      vertex 6.66617 9.55 25.3987
      vertex 5.37129 9.55 23.9371
    endloop
  endfacet
  facet normal -0.748507 0 0.663127
    outer loop
      vertex 6.66617 9.55 25.3987
      vertex 5.37129 6.15 23.9371
      vertex 6.66617 6.15 25.3987
    endloop
  endfacet
  facet normal -0.568084 0 0.822971
    outer loop
      vertex 4.30347 9.55 23.2
      vertex 5.37129 6.15 23.9371
      vertex 5.37129 9.55 23.9371
    endloop
  endfacet
  facet normal -0.568084 0 0.822971
    outer loop
      vertex 5.37129 6.15 23.9371
      vertex 4.30347 9.55 23.2
      vertex 4.30347 6.15 23.2
    endloop
  endfacet
  facet normal 0.885454 0 -0.464728
    outer loop
      vertex -6.66617 6.15 53.6013
      vertex -7.57363 9.54 51.8723
      vertex -6.66617 9.54 53.6013
    endloop
  endfacet
  facet normal 0.885454 0 -0.464728
    outer loop
      vertex -7.57363 9.54 51.8723
      vertex -6.66617 6.15 53.6013
      vertex -7.57363 6.15 51.8723
    endloop
  endfacet
  facet normal 0.970943 -0 0.23931
    outer loop
      vertex -8.04094 6.15 29.0237
      vertex -7.57363 9.55 27.1277
      vertex -8.04094 9.55 29.0237
    endloop
  endfacet
  facet normal 0.970943 0 0.23931
    outer loop
      vertex -7.57363 9.55 27.1277
      vertex -8.04094 6.15 29.0237
      vertex -7.57363 6.15 27.1277
    endloop
  endfacet
  facet normal 0.568084 0 0.822971
    outer loop
      vertex -5.37129 9.55 23.9371
      vertex -4.30347 6.15 23.2
      vertex -4.30347 9.55 23.2
    endloop
  endfacet
  facet normal 0.568084 0 0.822971
    outer loop
      vertex -4.30347 6.15 23.2
      vertex -5.37129 9.55 23.9371
      vertex -5.37129 6.15 23.9371
    endloop
  endfacet
  facet normal 0.748507 -0 0.663127
    outer loop
      vertex -6.66617 6.15 25.3987
      vertex -5.37129 9.55 23.9371
      vertex -6.66617 9.55 25.3987
    endloop
  endfacet
  facet normal 0.748507 0 0.663127
    outer loop
      vertex -5.37129 9.55 23.9371
      vertex -6.66617 6.15 25.3987
      vertex -5.37129 6.15 23.9371
    endloop
  endfacet
  facet normal 0 -0.555561 0.831476
    outer loop
      vertex -5.9 2.00891 7.38193
      vertex 5.9 1.65 7.14212
      vertex 5.9 2.00891 7.38193
    endloop
  endfacet
  facet normal 0 -0.555561 0.831476
    outer loop
      vertex 5.9 1.65 7.14212
      vertex -5.9 2.00891 7.38193
      vertex -5.9 1.65 7.14212
    endloop
  endfacet
  facet normal 0 -0.980782 0.195109
    outer loop
      vertex -5.9 3.18755 9.1459
      vertex 5.9 3.27177 9.56926
      vertex -5.9 3.27177 9.56926
    endloop
  endfacet
  facet normal 0 -0.980782 0.195109
    outer loop
      vertex 5.9 3.27177 9.56926
      vertex -5.9 3.18755 9.1459
      vertex 5.9 3.18755 9.1459
    endloop
  endfacet
  facet normal 0 -0.946934 0.321428
    outer loop
      vertex -5.9 3.0488 8.73714
      vertex 5.9 3.18755 9.1459
      vertex -5.9 3.18755 9.1459
    endloop
  endfacet
  facet normal 0 -0.946934 0.321428
    outer loop
      vertex 5.9 3.18755 9.1459
      vertex -5.9 3.0488 8.73714
      vertex 5.9 3.0488 8.73714
    endloop
  endfacet
  facet normal 0 -0.946943 -0.3214
    outer loop
      vertex -5.9 3.18755 10.8541
      vertex 5.9 3.0488 11.2629
      vertex -5.9 3.0488 11.2629
    endloop
  endfacet
  facet normal 0 -0.946943 -0.3214
    outer loop
      vertex 5.9 3.0488 11.2629
      vertex -5.9 3.18755 10.8541
      vertex 5.9 3.18755 10.8541
    endloop
  endfacet
  facet normal 0 -0.442249 -0.896892
    outer loop
      vertex -5.9 1.26285 13.0488
      vertex 5.9 1.65 12.8579
      vertex 5.9 1.26285 13.0488
    endloop
  endfacet
  facet normal -0 -0.442249 -0.896892
    outer loop
      vertex 5.9 1.65 12.8579
      vertex -5.9 1.26285 13.0488
      vertex -5.9 1.65 12.8579
    endloop
  endfacet
  facet normal -0 0.195084 0.980786
    outer loop
      vertex -5.9 -0.430736 6.72823
      vertex 5.9 -0.854102 6.81244
      vertex 5.9 -0.430736 6.72823
    endloop
  endfacet
  facet normal 0 0.195084 0.980786
    outer loop
      vertex 5.9 -0.854102 6.81244
      vertex -5.9 -0.430736 6.72823
      vertex -5.9 -0.854102 6.81244
    endloop
  endfacet
  facet normal 0 0.896869 0.442296
    outer loop
      vertex 5.9 -2.85788 8.35
      vertex -5.9 -3.0488 8.73714
      vertex 5.9 -3.0488 8.73714
    endloop
  endfacet
  facet normal 0 0.896869 0.442296
    outer loop
      vertex -5.9 -3.0488 8.73714
      vertex 5.9 -2.85788 8.35
      vertex -5.9 -2.85788 8.35
    endloop
  endfacet
  facet normal 0 -0.442286 0.896874
    outer loop
      vertex -5.9 1.65 7.14212
      vertex 5.9 1.26285 6.9512
      vertex 5.9 1.65 7.14212
    endloop
  endfacet
  facet normal 0 -0.442286 0.896874
    outer loop
      vertex 5.9 1.26285 6.9512
      vertex -5.9 1.65 7.14212
      vertex -5.9 1.26285 6.9512
    endloop
  endfacet
  facet normal 0 -0.997859 0.0653981
    outer loop
      vertex -5.9 3.27177 9.56926
      vertex 5.9 3.3 10
      vertex -5.9 3.3 10
    endloop
  endfacet
  facet normal 0 -0.997859 0.0653981
    outer loop
      vertex 5.9 3.3 10
      vertex -5.9 3.27177 9.56926
      vertex 5.9 3.27177 9.56926
    endloop
  endfacet
  facet normal 0 -0.0653295 -0.997864
    outer loop
      vertex -5.9 0 13.3
      vertex 5.9 0.430736 13.2718
      vertex 5.9 0 13.3
    endloop
  endfacet
  facet normal -0 -0.0653295 -0.997864
    outer loop
      vertex 5.9 0.430736 13.2718
      vertex -5.9 0 13.3
      vertex -5.9 0.430736 13.2718
    endloop
  endfacet
  facet normal 0 -0.195062 -0.980791
    outer loop
      vertex -5.9 0.430736 13.2718
      vertex 5.9 0.854102 13.1876
      vertex 5.9 0.430736 13.2718
    endloop
  endfacet
  facet normal -0 -0.195062 -0.980791
    outer loop
      vertex 5.9 0.854102 13.1876
      vertex -5.9 0.430736 13.2718
      vertex -5.9 0.854102 13.1876
    endloop
  endfacet
  facet normal 0 -0.659328 -0.751856
    outer loop
      vertex -5.9 2.00891 12.6181
      vertex 5.9 2.33345 12.3335
      vertex 5.9 2.00891 12.6181
    endloop
  endfacet
  facet normal -0 -0.659328 -0.751856
    outer loop
      vertex 5.9 2.33345 12.3335
      vertex -5.9 2.00891 12.6181
      vertex -5.9 2.33345 12.3335
    endloop
  endfacet
  facet normal 0 -0.896851 -0.442332
    outer loop
      vertex -5.9 3.0488 11.2629
      vertex 5.9 2.85788 11.65
      vertex -5.9 2.85788 11.65
    endloop
  endfacet
  facet normal 0 -0.896851 -0.442332
    outer loop
      vertex 5.9 2.85788 11.65
      vertex -5.9 3.0488 11.2629
      vertex 5.9 3.0488 11.2629
    endloop
  endfacet
  facet normal 0 -0.980785 -0.195091
    outer loop
      vertex -5.9 3.27177 10.4307
      vertex 5.9 3.18755 10.8541
      vertex -5.9 3.18755 10.8541
    endloop
  endfacet
  facet normal 0 -0.980785 -0.195091
    outer loop
      vertex 5.9 3.18755 10.8541
      vertex -5.9 3.27177 10.4307
      vertex 5.9 3.27177 10.4307
    endloop
  endfacet
  facet normal 0 -0.831469 -0.555571
    outer loop
      vertex -5.9 2.85788 11.65
      vertex 5.9 2.61807 12.0089
      vertex -5.9 2.61807 12.0089
    endloop
  endfacet
  facet normal 0 -0.831469 -0.555571
    outer loop
      vertex 5.9 2.61807 12.0089
      vertex -5.9 2.85788 11.65
      vertex 5.9 2.85788 11.65
    endloop
  endfacet
  facet normal -0 0.321458 0.946924
    outer loop
      vertex -5.9 -0.854102 6.81244
      vertex 5.9 -1.26285 6.9512
      vertex 5.9 -0.854102 6.81244
    endloop
  endfacet
  facet normal 0 0.321458 0.946924
    outer loop
      vertex 5.9 -1.26285 6.9512
      vertex -5.9 -0.854102 6.81244
      vertex -5.9 -1.26285 6.9512
    endloop
  endfacet
  facet normal 0 0.0653295 -0.997864
    outer loop
      vertex -5.9 -0.430736 13.2718
      vertex 5.9 0 13.3
      vertex 5.9 -0.430736 13.2718
    endloop
  endfacet
  facet normal 0 0.0653295 -0.997864
    outer loop
      vertex 5.9 0 13.3
      vertex -5.9 -0.430736 13.2718
      vertex -5.9 0 13.3
    endloop
  endfacet
  facet normal 0 0.946934 0.321428
    outer loop
      vertex 5.9 -3.0488 8.73714
      vertex -5.9 -3.18755 9.1459
      vertex 5.9 -3.18755 9.1459
    endloop
  endfacet
  facet normal 0 0.946934 0.321428
    outer loop
      vertex -5.9 -3.18755 9.1459
      vertex 5.9 -3.0488 8.73714
      vertex -5.9 -3.0488 8.73714
    endloop
  endfacet
  facet normal 0 -0.195084 0.980786
    outer loop
      vertex -5.9 0.854102 6.81244
      vertex 5.9 0.430736 6.72823
      vertex 5.9 0.854102 6.81244
    endloop
  endfacet
  facet normal 0 -0.195084 0.980786
    outer loop
      vertex 5.9 0.430736 6.72823
      vertex -5.9 0.854102 6.81244
      vertex -5.9 0.430736 6.72823
    endloop
  endfacet
  facet normal 0 -0.321458 0.946924
    outer loop
      vertex -5.9 1.26285 6.9512
      vertex 5.9 0.854102 6.81244
      vertex 5.9 1.26285 6.9512
    endloop
  endfacet
  facet normal 0 -0.321458 0.946924
    outer loop
      vertex 5.9 0.854102 6.81244
      vertex -5.9 1.26285 6.9512
      vertex -5.9 0.854102 6.81244
    endloop
  endfacet
  facet normal 0 -0.751833 0.659354
    outer loop
      vertex -5.9 2.33345 7.66655
      vertex 5.9 2.61807 7.99109
      vertex -5.9 2.61807 7.99109
    endloop
  endfacet
  facet normal 0 -0.751833 0.659354
    outer loop
      vertex 5.9 2.61807 7.99109
      vertex -5.9 2.33345 7.66655
      vertex 5.9 2.33345 7.66655
    endloop
  endfacet
  facet normal 0 -0.997859 -0.0654041
    outer loop
      vertex -5.9 3.3 10
      vertex 5.9 3.27177 10.4307
      vertex -5.9 3.27177 10.4307
    endloop
  endfacet
  facet normal 0 -0.997859 -0.0654041
    outer loop
      vertex 5.9 3.27177 10.4307
      vertex -5.9 3.3 10
      vertex 5.9 3.3 10
    endloop
  endfacet
  facet normal 0 -0.831476 0.555561
    outer loop
      vertex -5.9 2.61807 7.99109
      vertex 5.9 2.85788 8.35
      vertex -5.9 2.85788 8.35
    endloop
  endfacet
  facet normal 0 -0.831476 0.555561
    outer loop
      vertex 5.9 2.85788 8.35
      vertex -5.9 2.61807 7.99109
      vertex 5.9 2.61807 7.99109
    endloop
  endfacet
  facet normal 0 -0.321541 -0.946896
    outer loop
      vertex -5.9 0.854102 13.1876
      vertex 5.9 1.26285 13.0488
      vertex 5.9 0.854102 13.1876
    endloop
  endfacet
  facet normal -0 -0.321541 -0.946896
    outer loop
      vertex 5.9 1.26285 13.0488
      vertex -5.9 0.854102 13.1876
      vertex -5.9 1.26285 13.0488
    endloop
  endfacet
  facet normal 0 -0.555545 -0.831487
    outer loop
      vertex -5.9 1.65 12.8579
      vertex 5.9 2.00891 12.6181
      vertex 5.9 1.65 12.8579
    endloop
  endfacet
  facet normal -0 -0.555545 -0.831487
    outer loop
      vertex 5.9 2.00891 12.6181
      vertex -5.9 1.65 12.8579
      vertex -5.9 2.00891 12.6181
    endloop
  endfacet
  facet normal 0 -0.751893 -0.659285
    outer loop
      vertex -5.9 2.61807 12.0089
      vertex 5.9 2.33345 12.3335
      vertex -5.9 2.33345 12.3335
    endloop
  endfacet
  facet normal 0 -0.751893 -0.659285
    outer loop
      vertex 5.9 2.33345 12.3335
      vertex -5.9 2.61807 12.0089
      vertex 5.9 2.61807 12.0089
    endloop
  endfacet
  facet normal 0 -0.0653987 0.997859
    outer loop
      vertex -5.9 0.430736 6.72823
      vertex 5.9 0 6.7
      vertex 5.9 0.430736 6.72823
    endloop
  endfacet
  facet normal 0 -0.0653987 0.997859
    outer loop
      vertex 5.9 0 6.7
      vertex -5.9 0.430736 6.72823
      vertex -5.9 0 6.7
    endloop
  endfacet
  facet normal -0 0.442286 0.896874
    outer loop
      vertex -5.9 -1.26285 6.9512
      vertex 5.9 -1.65 7.14212
      vertex 5.9 -1.26285 6.9512
    endloop
  endfacet
  facet normal 0 0.442286 0.896874
    outer loop
      vertex 5.9 -1.65 7.14212
      vertex -5.9 -1.26285 6.9512
      vertex -5.9 -1.65 7.14212
    endloop
  endfacet
  facet normal 0 0.980782 0.195109
    outer loop
      vertex 5.9 -3.18755 9.1459
      vertex -5.9 -3.27177 9.56926
      vertex 5.9 -3.27177 9.56926
    endloop
  endfacet
  facet normal 0 0.980782 0.195109
    outer loop
      vertex -5.9 -3.27177 9.56926
      vertex 5.9 -3.18755 9.1459
      vertex -5.9 -3.18755 9.1459
    endloop
  endfacet
  facet normal 0 -0.659354 0.751833
    outer loop
      vertex -5.9 2.33345 7.66655
      vertex 5.9 2.00891 7.38193
      vertex 5.9 2.33345 7.66655
    endloop
  endfacet
  facet normal 0 -0.659354 0.751833
    outer loop
      vertex 5.9 2.00891 7.38193
      vertex -5.9 2.33345 7.66655
      vertex -5.9 2.00891 7.38193
    endloop
  endfacet
  facet normal 0 -0.896869 0.442296
    outer loop
      vertex -5.9 2.85788 8.35
      vertex 5.9 3.0488 8.73714
      vertex -5.9 3.0488 8.73714
    endloop
  endfacet
  facet normal 0 -0.896869 0.442296
    outer loop
      vertex 5.9 3.0488 8.73714
      vertex -5.9 2.85788 8.35
      vertex 5.9 2.85788 8.35
    endloop
  endfacet
  facet normal -0 0.0653987 0.997859
    outer loop
      vertex -5.9 0 6.7
      vertex 5.9 -0.430736 6.72823
      vertex 5.9 0 6.7
    endloop
  endfacet
  facet normal 0 0.0653987 0.997859
    outer loop
      vertex 5.9 -0.430736 6.72823
      vertex -5.9 0 6.7
      vertex -5.9 -0.430736 6.72823
    endloop
  endfacet
  facet normal 0 0.831476 0.555561
    outer loop
      vertex 5.9 -2.61807 7.99109
      vertex -5.9 -2.85788 8.35
      vertex 5.9 -2.85788 8.35
    endloop
  endfacet
  facet normal 0 0.831476 0.555561
    outer loop
      vertex -5.9 -2.85788 8.35
      vertex 5.9 -2.61807 7.99109
      vertex -5.9 -2.61807 7.99109
    endloop
  endfacet
  facet normal -0 0.659354 0.751833
    outer loop
      vertex -5.9 -2.00891 7.38193
      vertex 5.9 -2.33345 7.66655
      vertex 5.9 -2.00891 7.38193
    endloop
  endfacet
  facet normal 0 0.659354 0.751833
    outer loop
      vertex 5.9 -2.33345 7.66655
      vertex -5.9 -2.00891 7.38193
      vertex -5.9 -2.33345 7.66655
    endloop
  endfacet
  facet normal 0 0.896851 -0.442332
    outer loop
      vertex 5.9 -3.0488 11.2629
      vertex -5.9 -2.85788 11.65
      vertex 5.9 -2.85788 11.65
    endloop
  endfacet
  facet normal 0 0.896851 -0.442332
    outer loop
      vertex -5.9 -2.85788 11.65
      vertex 5.9 -3.0488 11.2629
      vertex -5.9 -3.0488 11.2629
    endloop
  endfacet
  facet normal 0 0.321541 -0.946896
    outer loop
      vertex -5.9 -1.26285 13.0488
      vertex 5.9 -0.854102 13.1876
      vertex 5.9 -1.26285 13.0488
    endloop
  endfacet
  facet normal 0 0.321541 -0.946896
    outer loop
      vertex 5.9 -0.854102 13.1876
      vertex -5.9 -1.26285 13.0488
      vertex -5.9 -0.854102 13.1876
    endloop
  endfacet
  facet normal 0 0.442249 -0.896892
    outer loop
      vertex -5.9 -1.65 12.8579
      vertex 5.9 -1.26285 13.0488
      vertex 5.9 -1.65 12.8579
    endloop
  endfacet
  facet normal 0 0.442249 -0.896892
    outer loop
      vertex 5.9 -1.26285 13.0488
      vertex -5.9 -1.65 12.8579
      vertex -5.9 -1.26285 13.0488
    endloop
  endfacet
  facet normal 0 0.751833 0.659354
    outer loop
      vertex 5.9 -2.33345 7.66655
      vertex -5.9 -2.61807 7.99109
      vertex 5.9 -2.61807 7.99109
    endloop
  endfacet
  facet normal 0 0.751833 0.659354
    outer loop
      vertex -5.9 -2.61807 7.99109
      vertex 5.9 -2.33345 7.66655
      vertex -5.9 -2.33345 7.66655
    endloop
  endfacet
  facet normal -0 0.555561 0.831476
    outer loop
      vertex -5.9 -1.65 7.14212
      vertex 5.9 -2.00891 7.38193
      vertex 5.9 -1.65 7.14212
    endloop
  endfacet
  facet normal 0 0.555561 0.831476
    outer loop
      vertex 5.9 -2.00891 7.38193
      vertex -5.9 -1.65 7.14212
      vertex -5.9 -2.00891 7.38193
    endloop
  endfacet
  facet normal 0 0.751893 -0.659285
    outer loop
      vertex 5.9 -2.61807 12.0089
      vertex -5.9 -2.33345 12.3335
      vertex 5.9 -2.33345 12.3335
    endloop
  endfacet
  facet normal 0 0.751893 -0.659285
    outer loop
      vertex -5.9 -2.33345 12.3335
      vertex 5.9 -2.61807 12.0089
      vertex -5.9 -2.61807 12.0089
    endloop
  endfacet
  facet normal 0 0.997859 0.0653981
    outer loop
      vertex 5.9 -3.27177 9.56926
      vertex -5.9 -3.3 10
      vertex 5.9 -3.3 10
    endloop
  endfacet
  facet normal 0 0.997859 0.0653981
    outer loop
      vertex -5.9 -3.3 10
      vertex 5.9 -3.27177 9.56926
      vertex -5.9 -3.27177 9.56926
    endloop
  endfacet
  facet normal 0 0.997859 -0.0654041
    outer loop
      vertex 5.9 -3.3 10
      vertex -5.9 -3.27177 10.4307
      vertex 5.9 -3.27177 10.4307
    endloop
  endfacet
  facet normal 0 0.997859 -0.0654041
    outer loop
      vertex -5.9 -3.27177 10.4307
      vertex 5.9 -3.3 10
      vertex -5.9 -3.3 10
    endloop
  endfacet
  facet normal 0 0.831469 -0.555571
    outer loop
      vertex 5.9 -2.85788 11.65
      vertex -5.9 -2.61807 12.0089
      vertex 5.9 -2.61807 12.0089
    endloop
  endfacet
  facet normal 0 0.831469 -0.555571
    outer loop
      vertex -5.9 -2.61807 12.0089
      vertex 5.9 -2.85788 11.65
      vertex -5.9 -2.85788 11.65
    endloop
  endfacet
  facet normal 0 0.195062 -0.980791
    outer loop
      vertex -5.9 -0.854102 13.1876
      vertex 5.9 -0.430736 13.2718
      vertex 5.9 -0.854102 13.1876
    endloop
  endfacet
  facet normal 0 0.195062 -0.980791
    outer loop
      vertex 5.9 -0.430736 13.2718
      vertex -5.9 -0.854102 13.1876
      vertex -5.9 -0.430736 13.2718
    endloop
  endfacet
  facet normal 0 0.659328 -0.751856
    outer loop
      vertex -5.9 -2.33345 12.3335
      vertex 5.9 -2.00891 12.6181
      vertex 5.9 -2.33345 12.3335
    endloop
  endfacet
  facet normal 0 0.659328 -0.751856
    outer loop
      vertex 5.9 -2.00891 12.6181
      vertex -5.9 -2.33345 12.3335
      vertex -5.9 -2.00891 12.6181
    endloop
  endfacet
  facet normal 0 0.555545 -0.831487
    outer loop
      vertex -5.9 -2.00891 12.6181
      vertex 5.9 -1.65 12.8579
      vertex 5.9 -2.00891 12.6181
    endloop
  endfacet
  facet normal 0 0.555545 -0.831487
    outer loop
      vertex 5.9 -1.65 12.8579
      vertex -5.9 -2.00891 12.6181
      vertex -5.9 -1.65 12.8579
    endloop
  endfacet
  facet normal 0 0.946943 -0.3214
    outer loop
      vertex 5.9 -3.18755 10.8541
      vertex -5.9 -3.0488 11.2629
      vertex 5.9 -3.0488 11.2629
    endloop
  endfacet
  facet normal 0 0.946943 -0.3214
    outer loop
      vertex -5.9 -3.0488 11.2629
      vertex 5.9 -3.18755 10.8541
      vertex -5.9 -3.18755 10.8541
    endloop
  endfacet
  facet normal 0 0.980785 -0.195091
    outer loop
      vertex 5.9 -3.27177 10.4307
      vertex -5.9 -3.18755 10.8541
      vertex 5.9 -3.18755 10.8541
    endloop
  endfacet
  facet normal 0 0.980785 -0.195091
    outer loop
      vertex -5.9 -3.18755 10.8541
      vertex 5.9 -3.27177 10.4307
      vertex -5.9 -3.27177 10.4307
    endloop
  endfacet
endsolid OpenSCAD_Model
