solid OpenSCAD_Model
  facet normal 0 -0.986638 -0.162927
    outer loop
      vertex -12.7 -12.7502 7.46384
      vertex -6.1 -12.8888 8.30316
      vertex -12.7 -12.8888 8.30316
    endloop
  endfacet
  facet normal 0 -0.986638 -0.162927
    outer loop
      vertex -6.1 -12.8888 8.30316
      vertex -12.7 -12.7502 7.46384
      vertex -6.1 -12.7502 7.46384
    endloop
  endfacet
  facet normal 0.867603 0.417825 -0.269606
    outer loop
      vertex -6.1 9.01683 0
      vertex -6.31392 9.46103 0
      vertex -6.1 10.8091 2.77759
    endloop
  endfacet
  facet normal 0 -0.986641 0.162912
    outer loop
      vertex -12.7 -12.8888 11.6968
      vertex -6.1 -12.7502 12.5362
      vertex -12.7 -12.7502 12.5362
    endloop
  endfacet
  facet normal 0 -0.986641 0.162912
    outer loop
      vertex -6.1 -12.7502 12.5362
      vertex -12.7 -12.8888 11.6968
      vertex -6.1 -12.8888 11.6968
    endloop
  endfacet
  facet normal -0.832828 -0.470074 -0.29228
    outer loop
      vertex -12.449 -9.52676 0
      vertex -12.7 -10.8091 2.77759
      vertex -12.4861 -9.46103 0
    endloop
  endfacet
  facet normal -0.832877 -0.470005 -0.292253
    outer loop
      vertex -12.7 -10.8091 2.77759
      vertex -12.449 -9.52676 0
      vertex -12.7 -11.2583 3.5
    endloop
  endfacet
  facet normal 0 -0.935889 -0.352294
    outer loop
      vertex -12.7 -12.0104 5.02512
      vertex -6.1 -12.3101 5.82129
      vertex -12.7 -12.3101 5.82129
    endloop
  endfacet
  facet normal 0 -0.935889 -0.352294
    outer loop
      vertex -6.1 -12.3101 5.82129
      vertex -12.7 -12.0104 5.02512
      vertex -6.1 -12.0104 5.02512
    endloop
  endfacet
  facet normal 0 -0.97387 -0.227105
    outer loop
      vertex -12.7 -12.557 6.63536
      vertex -6.1 -12.7502 7.46384
      vertex -12.7 -12.7502 7.46384
    endloop
  endfacet
  facet normal 0 -0.97387 -0.227105
    outer loop
      vertex -6.1 -12.7502 7.46384
      vertex -12.7 -12.557 6.63536
      vertex -6.1 -12.557 6.63536
    endloop
  endfacet
  facet normal 0 -0.290236 0.956955
    outer loop
      vertex -12.7 -3.36464 22.557
      vertex -6.1 -4.17871 22.3101
      vertex -6.1 -3.36464 22.557
    endloop
  endfacet
  facet normal 0 -0.290236 0.956955
    outer loop
      vertex -6.1 -4.17871 22.3101
      vertex -12.7 -3.36464 22.557
      vertex -12.7 -4.17871 22.3101
    endloop
  endfacet
  facet normal 0 0.881943 0.471357
    outer loop
      vertex -6.1 11.6593 15.7497
      vertex -12.7 11.2583 16.5
      vertex -6.1 11.2583 16.5
    endloop
  endfacet
  facet normal 0 0.881943 0.471357
    outer loop
      vertex -12.7 11.2583 16.5
      vertex -6.1 11.6593 15.7497
      vertex -12.7 11.6593 15.7497
    endloop
  endfacet
  facet normal 0.296411 0.847069 -0.441151
    outer loop
      vertex -6.38449 9.54533 0
      vertex -6.85559 9.71018 0
      vertex -6.1 11.6593 4.25026
    endloop
  endfacet
  facet normal -1 0 0
    outer loop
      vertex -12.7 -8.4441 0
      vertex -12.7 -8.57149 0.226089
      vertex -12.7 -8.29599 0
    endloop
  endfacet
  facet normal -0.296411 -0.847069 -0.441151
    outer loop
      vertex -11.9444 -9.71018 0
      vertex -12.7 -11.6593 4.25026
      vertex -12.4155 -9.54533 0
    endloop
  endfacet
  facet normal -0.439204 -0.792317 -0.423477
    outer loop
      vertex -12.4155 -9.54533 0
      vertex -12.7 -11.2583 3.5
      vertex -12.449 -9.52676 0
    endloop
  endfacet
  facet normal -0.439223 -0.792309 -0.423474
    outer loop
      vertex -12.7 -11.2583 3.5
      vertex -12.4155 -9.54533 0
      vertex -12.7 -11.6593 4.25026
    endloop
  endfacet
  facet normal 0.389484 -0.80876 -0.440692
    outer loop
      vertex -6.1 -11.2583 3.5
      vertex -6.76667 -9.67221 0
      vertex -6.24545 -9.4212 0
    endloop
  endfacet
  facet normal 0 -0.908977 -0.416846
    outer loop
      vertex -11.9444 -9.71018 0
      vertex -6.1 -11.6593 4.25026
      vertex -12.7 -11.6593 4.25026
    endloop
  endfacet
  facet normal 0 -0.908977 -0.416846
    outer loop
      vertex -6.1 -11.6593 4.25026
      vertex -11.9444 -9.71018 0
      vertex -6.85559 -9.71018 0
    endloop
  endfacet
  facet normal 0 -0.910857 -0.412722
    outer loop
      vertex -12.7 -11.6593 4.25026
      vertex -6.1 -12.0104 5.02512
      vertex -12.7 -12.0104 5.02512
    endloop
  endfacet
  facet normal 0 -0.910857 -0.412722
    outer loop
      vertex -6.1 -12.0104 5.02512
      vertex -12.7 -11.6593 4.25026
      vertex -6.1 -11.6593 4.25026
    endloop
  endfacet
  facet normal 0 -0.956955 -0.290236
    outer loop
      vertex -12.7 -12.3101 5.82129
      vertex -6.1 -12.557 6.63536
      vertex -12.7 -12.557 6.63536
    endloop
  endfacet
  facet normal 0 -0.956955 -0.290236
    outer loop
      vertex -6.1 -12.557 6.63536
      vertex -12.7 -12.3101 5.82129
      vertex -6.1 -12.3101 5.82129
    endloop
  endfacet
  facet normal 0 -0.849211 0.528053
    outer loop
      vertex -12.7 -11.2583 16.5
      vertex -6.1 -10.8091 17.2224
      vertex -12.7 -10.8091 17.2224
    endloop
  endfacet
  facet normal 0 -0.849211 0.528053
    outer loop
      vertex -6.1 -10.8091 17.2224
      vertex -12.7 -11.2583 16.5
      vertex -6.1 -11.2583 16.5
    endloop
  endfacet
  facet normal -0 0.352294 0.935889
    outer loop
      vertex -12.7 4.97488 22.0104
      vertex -6.1 4.17871 22.3101
      vertex -6.1 4.97488 22.0104
    endloop
  endfacet
  facet normal 0 0.352294 0.935889
    outer loop
      vertex -6.1 4.17871 22.3101
      vertex -12.7 4.97488 22.0104
      vertex -12.7 4.17871 22.3101
    endloop
  endfacet
  facet normal -1 0 0
    outer loop
      vertex -12.7 8.4441 0
      vertex -12.7 8.29599 0
      vertex -12.7 8.57149 0.226089
    endloop
  endfacet
  facet normal -1 0 0
    outer loop
      vertex -12.7 8.707 0
      vertex -12.7 8.57149 0.226089
      vertex -12.7 9.19238 0.807617
    endloop
  endfacet
  facet normal -1 0 -0
    outer loop
      vertex -12.7 8.57149 0.226089
      vertex -12.7 8.707 0
      vertex -12.7 8.4441 0
    endloop
  endfacet
  facet normal 0.439412 0.792219 -0.423445
    outer loop
      vertex -6.38449 9.54533 0
      vertex -6.1 11.2583 3.5
      vertex -6.35101 9.52676 0
    endloop
  endfacet
  facet normal 0.439235 0.792303 -0.423471
    outer loop
      vertex -6.1 11.2583 3.5
      vertex -6.38449 9.54533 0
      vertex -6.1 11.6593 4.25026
    endloop
  endfacet
  facet normal -1 0 0
    outer loop
      vertex -12.7 -9.01683 0
      vertex -12.7 -10.3136 2.08611
      vertex -12.7 -8.97883 0
    endloop
  endfacet
  facet normal -1 -0 -0
    outer loop
      vertex -12.7 -10.3136 2.08611
      vertex -12.7 -9.01683 0
      vertex -12.7 -10.8091 2.77759
    endloop
  endfacet
  facet normal -0.867623 -0.417795 -0.269587
    outer loop
      vertex -12.4861 -9.46103 0
      vertex -12.7 -10.8091 2.77759
      vertex -12.7 -9.01683 0
    endloop
  endfacet
  facet normal 0.923145 -0.323038 -0.208444
    outer loop
      vertex -6.1 -10.8091 2.77759
      vertex -6.22396 -9.37107 0
      vertex -6.1 -9.01683 0
    endloop
  endfacet
  facet normal 0.892704 -0.382689 -0.237968
    outer loop
      vertex -6.1 -10.8091 2.77759
      vertex -6.24545 -9.4212 0
      vertex -6.22396 -9.37107 0
    endloop
  endfacet
  facet normal 0.89267 -0.38275 -0.237997
    outer loop
      vertex -6.24545 -9.4212 0
      vertex -6.1 -10.8091 2.77759
      vertex -6.1 -11.2583 3.5
    endloop
  endfacet
  facet normal 1 -0 0
    outer loop
      vertex -6.1 10.3136 2.08611
      vertex -6.1 9.01683 0
      vertex -6.1 10.8091 2.77759
    endloop
  endfacet
  facet normal 1 -0 0
    outer loop
      vertex -6.1 9 0.0330933
      vertex -6.1 9.01683 0
      vertex -6.1 10.3136 2.08611
    endloop
  endfacet
  facet normal 1 0 0
    outer loop
      vertex -6.1 9.01683 0
      vertex -6.1 9 0.0330933
      vertex -6.1 9 0
    endloop
  endfacet
  facet normal -1 0 0
    outer loop
      vertex -12.7 3.3 10
      vertex -12.7 13 10
      vertex -12.7 12.9722 9.14977
    endloop
  endfacet
  facet normal -1 0 0
    outer loop
      vertex -12.7 3.27177 9.56926
      vertex -12.7 12.9722 9.14977
      vertex -12.7 12.8888 8.30316
    endloop
  endfacet
  facet normal -1 0 0
    outer loop
      vertex -12.7 13 10
      vertex -12.7 3.3 10
      vertex -12.7 12.9722 10.8502
    endloop
  endfacet
  facet normal -1 0 0
    outer loop
      vertex -12.7 3.27177 9.56926
      vertex -12.7 12.8888 8.30316
      vertex -12.7 12.7502 7.46384
    endloop
  endfacet
  facet normal -1 0 0
    outer loop
      vertex -12.7 3.27177 10.4307
      vertex -12.7 12.9722 10.8502
      vertex -12.7 3.3 10
    endloop
  endfacet
  facet normal -1 0 0
    outer loop
      vertex -12.7 3.18755 9.1459
      vertex -12.7 12.7502 7.46384
      vertex -12.7 12.557 6.63536
    endloop
  endfacet
  facet normal -1 -0 0
    outer loop
      vertex -12.7 12.9722 10.8502
      vertex -12.7 3.27177 10.4307
      vertex -12.7 12.8888 11.6968
    endloop
  endfacet
  facet normal -1 0 0
    outer loop
      vertex -12.7 3.18755 9.1459
      vertex -12.7 12.557 6.63536
      vertex -12.7 12.3101 5.82129
    endloop
  endfacet
  facet normal -1 -0 0
    outer loop
      vertex -12.7 12.8888 11.6968
      vertex -12.7 3.27177 10.4307
      vertex -12.7 12.7502 12.5362
    endloop
  endfacet
  facet normal -1 0 0
    outer loop
      vertex -12.7 3.0488 8.73714
      vertex -12.7 12.3101 5.82129
      vertex -12.7 12.0104 5.02512
    endloop
  endfacet
  facet normal -1 0 0
    outer loop
      vertex -12.7 3.18755 10.8541
      vertex -12.7 12.7502 12.5362
      vertex -12.7 3.27177 10.4307
    endloop
  endfacet
  facet normal -1 0 0
    outer loop
      vertex -12.7 3.0488 8.73714
      vertex -12.7 12.0104 5.02512
      vertex -12.7 11.6593 4.25026
    endloop
  endfacet
  facet normal -1 -0 0
    outer loop
      vertex -12.7 12.7502 12.5362
      vertex -12.7 3.18755 10.8541
      vertex -12.7 12.557 13.3646
    endloop
  endfacet
  facet normal -1 0 0
    outer loop
      vertex -12.7 2.85788 8.35
      vertex -12.7 11.6593 4.25026
      vertex -12.7 11.2583 3.5
    endloop
  endfacet
  facet normal -1 -0 0
    outer loop
      vertex -12.7 12.557 13.3646
      vertex -12.7 3.18755 10.8541
      vertex -12.7 12.3101 14.1787
    endloop
  endfacet
  facet normal -1 0 0
    outer loop
      vertex -12.7 2.85788 8.35
      vertex -12.7 11.2583 3.5
      vertex -12.7 10.8091 2.77759
    endloop
  endfacet
  facet normal -1 0 0
    outer loop
      vertex -12.7 3.0488 11.2629
      vertex -12.7 12.3101 14.1787
      vertex -12.7 3.18755 10.8541
    endloop
  endfacet
  facet normal -1 0 0
    outer loop
      vertex -12.7 2.61807 7.99109
      vertex -12.7 10.8091 2.77759
      vertex -12.7 10.3136 2.08611
    endloop
  endfacet
  facet normal -1 -0 0
    outer loop
      vertex -12.7 12.3101 14.1787
      vertex -12.7 3.0488 11.2629
      vertex -12.7 12.0104 14.9749
    endloop
  endfacet
  facet normal -1 0 0
    outer loop
      vertex -12.7 2.61807 7.99109
      vertex -12.7 10.3136 2.08611
      vertex -12.7 9.77391 1.42851
    endloop
  endfacet
  facet normal -1 -0 0
    outer loop
      vertex -12.7 12.0104 14.9749
      vertex -12.7 3.0488 11.2629
      vertex -12.7 11.6593 15.7497
    endloop
  endfacet
  facet normal -1 0 0
    outer loop
      vertex -12.7 2.33345 7.66655
      vertex -12.7 9.77391 1.42851
      vertex -12.7 9.19238 0.807617
    endloop
  endfacet
  facet normal -1 0 0
    outer loop
      vertex -12.7 2.85788 11.65
      vertex -12.7 11.6593 15.7497
      vertex -12.7 3.0488 11.2629
    endloop
  endfacet
  facet normal -1 0 0
    outer loop
      vertex -12.7 2.33345 7.66655
      vertex -12.7 9.19238 0.807617
      vertex -12.7 8.57149 0.226089
    endloop
  endfacet
  facet normal -1 -0 0
    outer loop
      vertex -12.7 11.6593 15.7497
      vertex -12.7 2.85788 11.65
      vertex -12.7 11.2583 16.5
    endloop
  endfacet
  facet normal -1 0 0
    outer loop
      vertex -12.7 2.33345 7.66655
      vertex -12.7 8.57149 0.226089
      vertex -12.7 8.29599 0
    endloop
  endfacet
  facet normal -1 -0 0
    outer loop
      vertex -12.7 11.2583 16.5
      vertex -12.7 2.85788 11.65
      vertex -12.7 10.8091 17.2224
    endloop
  endfacet
  facet normal -1 0 0
    outer loop
      vertex -12.7 2.61807 12.0089
      vertex -12.7 10.8091 17.2224
      vertex -12.7 2.85788 11.65
    endloop
  endfacet
  facet normal -1 -0 0
    outer loop
      vertex -12.7 10.8091 17.2224
      vertex -12.7 2.61807 12.0089
      vertex -12.7 10.3136 17.9139
    endloop
  endfacet
  facet normal -1 0 0
    outer loop
      vertex -12.7 2.33345 12.3335
      vertex -12.7 9.77391 18.5715
      vertex -12.7 2.61807 12.0089
    endloop
  endfacet
  facet normal -1 -0 0
    outer loop
      vertex -12.7 9.77391 18.5715
      vertex -12.7 2.33345 12.3335
      vertex -12.7 9.19238 19.1924
    endloop
  endfacet
  facet normal -1 -0 0
    outer loop
      vertex -12.7 9.19238 19.1924
      vertex -12.7 2.33345 12.3335
      vertex -12.7 8.57149 19.7739
    endloop
  endfacet
  facet normal -1 0 0
    outer loop
      vertex -12.7 2.00891 12.6181
      vertex -12.7 8.57149 19.7739
      vertex -12.7 2.33345 12.3335
    endloop
  endfacet
  facet normal -1 -0 0
    outer loop
      vertex -12.7 10.3136 17.9139
      vertex -12.7 2.61807 12.0089
      vertex -12.7 9.77391 18.5715
    endloop
  endfacet
  facet normal -1 0 0
    outer loop
      vertex -12.7 12.9722 9.14977
      vertex -12.7 3.27177 9.56926
      vertex -12.7 3.3 10
    endloop
  endfacet
  facet normal -1 0 0
    outer loop
      vertex -12.7 12.7502 7.46384
      vertex -12.7 3.18755 9.1459
      vertex -12.7 3.27177 9.56926
    endloop
  endfacet
  facet normal -1 0 0
    outer loop
      vertex -12.7 12.3101 5.82129
      vertex -12.7 3.0488 8.73714
      vertex -12.7 3.18755 9.1459
    endloop
  endfacet
  facet normal -1 0 0
    outer loop
      vertex -12.7 11.6593 4.25026
      vertex -12.7 2.85788 8.35
      vertex -12.7 3.0488 8.73714
    endloop
  endfacet
  facet normal -1 0 0
    outer loop
      vertex -12.7 10.8091 2.77759
      vertex -12.7 2.61807 7.99109
      vertex -12.7 2.85788 8.35
    endloop
  endfacet
  facet normal -1 0 0
    outer loop
      vertex -12.7 9.77391 1.42851
      vertex -12.7 2.33345 7.66655
      vertex -12.7 2.61807 7.99109
    endloop
  endfacet
  facet normal -1 0 0
    outer loop
      vertex -12.7 8.29599 0
      vertex -12.7 2.00891 7.38193
      vertex -12.7 2.33345 7.66655
    endloop
  endfacet
  facet normal -1 0 0
    outer loop
      vertex -12.7 8.29599 0
      vertex -12.7 1.65 7.14212
      vertex -12.7 2.00891 7.38193
    endloop
  endfacet
  facet normal -1 0 0
    outer loop
      vertex -12.7 8.29599 0
      vertex -12.7 1.26285 6.9512
      vertex -12.7 1.65 7.14212
    endloop
  endfacet
  facet normal -1 0 0
    outer loop
      vertex -12.7 8.29599 0
      vertex -12.7 0.854102 6.81244
      vertex -12.7 1.26285 6.9512
    endloop
  endfacet
  facet normal -1 0 0
    outer loop
      vertex -12.7 8.29599 0
      vertex -12.7 0.430736 6.72823
      vertex -12.7 0.854102 6.81244
    endloop
  endfacet
  facet normal -1 0 0
    outer loop
      vertex -12.7 8.29599 0
      vertex -12.7 0 6.7
      vertex -12.7 0.430736 6.72823
    endloop
  endfacet
  facet normal -1 0 0
    outer loop
      vertex -12.7 -8.29599 0
      vertex -12.7 0 6.7
      vertex -12.7 8.29599 0
    endloop
  endfacet
  facet normal -1 -0 0
    outer loop
      vertex -12.7 0 6.7
      vertex -12.7 -8.29599 0
      vertex -12.7 -0.430736 6.72823
    endloop
  endfacet
  facet normal -1 -0 0
    outer loop
      vertex -12.7 -0.430736 6.72823
      vertex -12.7 -8.29599 0
      vertex -12.7 -0.854102 6.81244
    endloop
  endfacet
  facet normal -1 -0 0
    outer loop
      vertex -12.7 -0.854102 6.81244
      vertex -12.7 -8.29599 0
      vertex -12.7 -1.26285 6.9512
    endloop
  endfacet
  facet normal -1 -0 0
    outer loop
      vertex -12.7 -1.26285 6.9512
      vertex -12.7 -8.29599 0
      vertex -12.7 -1.65 7.14212
    endloop
  endfacet
  facet normal -1 0 0
    outer loop
      vertex -12.7 -0.854102 13.1876
      vertex -12.7 -4.17871 22.3101
      vertex -12.7 -3.36464 22.557
    endloop
  endfacet
  facet normal -1 0 0
    outer loop
      vertex -12.7 -12.9722 9.14977
      vertex -12.7 -3.3 10
      vertex -12.7 -3.27177 9.56926
    endloop
  endfacet
  facet normal -1 0 0
    outer loop
      vertex -12.7 -3.27177 10.4307
      vertex -12.7 -4.97488 22.0104
      vertex -12.7 -4.17871 22.3101
    endloop
  endfacet
  facet normal -1 0 0
    outer loop
      vertex -12.7 -3.27177 10.4307
      vertex -12.7 -5.74974 21.6593
      vertex -12.7 -4.97488 22.0104
    endloop
  endfacet
  facet normal -1 0 0
    outer loop
      vertex -12.7 -12.7502 7.46384
      vertex -12.7 -3.27177 9.56926
      vertex -12.7 -3.18755 9.1459
    endloop
  endfacet
  facet normal -1 0 0
    outer loop
      vertex -12.7 -3.27177 10.4307
      vertex -12.7 -6.5 21.2583
      vertex -12.7 -5.74974 21.6593
    endloop
  endfacet
  facet normal -1 0 0
    outer loop
      vertex -12.7 -3.27177 10.4307
      vertex -12.7 -7.22241 20.8091
      vertex -12.7 -6.5 21.2583
    endloop
  endfacet
  facet normal -1 0 0
    outer loop
      vertex -12.7 -12.3101 5.82129
      vertex -12.7 -3.18755 9.1459
      vertex -12.7 -3.0488 8.73714
    endloop
  endfacet
  facet normal -1 0 0
    outer loop
      vertex -12.7 -3.27177 10.4307
      vertex -12.7 -7.91389 20.3136
      vertex -12.7 -7.22241 20.8091
    endloop
  endfacet
  facet normal -1 -0 0
    outer loop
      vertex -12.7 -1.65 7.14212
      vertex -12.7 -8.29599 0
      vertex -12.7 -2.00891 7.38193
    endloop
  endfacet
  facet normal -1 0 0
    outer loop
      vertex -12.7 -8.29599 0
      vertex -12.7 -2.33345 7.66655
      vertex -12.7 -2.00891 7.38193
    endloop
  endfacet
  facet normal -1 0 0
    outer loop
      vertex -12.7 -8.57149 0.226089
      vertex -12.7 -2.33345 7.66655
      vertex -12.7 -8.29599 0
    endloop
  endfacet
  facet normal -1 0 0
    outer loop
      vertex -12.7 -9.19238 0.807617
      vertex -12.7 -2.33345 7.66655
      vertex -12.7 -8.57149 0.226089
    endloop
  endfacet
  facet normal -1 0 0
    outer loop
      vertex -12.7 -9.77391 1.42851
      vertex -12.7 -2.33345 7.66655
      vertex -12.7 -9.19238 0.807617
    endloop
  endfacet
  facet normal -1 -0 0
    outer loop
      vertex -12.7 -2.33345 7.66655
      vertex -12.7 -9.77391 1.42851
      vertex -12.7 -2.61807 7.99109
    endloop
  endfacet
  facet normal -1 0 0
    outer loop
      vertex -12.7 -10.3136 2.08611
      vertex -12.7 -2.61807 7.99109
      vertex -12.7 -9.77391 1.42851
    endloop
  endfacet
  facet normal -1 0 0
    outer loop
      vertex -12.7 -3.27177 10.4307
      vertex -12.7 -8.57149 19.7739
      vertex -12.7 -7.91389 20.3136
    endloop
  endfacet
  facet normal -1 0 0
    outer loop
      vertex -12.7 -10.8091 2.77759
      vertex -12.7 -2.61807 7.99109
      vertex -12.7 -10.3136 2.08611
    endloop
  endfacet
  facet normal -1 0 0
    outer loop
      vertex -12.7 -3.27177 10.4307
      vertex -12.7 -9.19238 19.1924
      vertex -12.7 -8.57149 19.7739
    endloop
  endfacet
  facet normal -1 -0 0
    outer loop
      vertex -12.7 -2.61807 7.99109
      vertex -12.7 -10.8091 2.77759
      vertex -12.7 -2.85788 8.35
    endloop
  endfacet
  facet normal -1 0 0
    outer loop
      vertex -12.7 -3.27177 10.4307
      vertex -12.7 -9.77391 18.5715
      vertex -12.7 -9.19238 19.1924
    endloop
  endfacet
  facet normal -1 0 0
    outer loop
      vertex -12.7 -11.2583 3.5
      vertex -12.7 -2.85788 8.35
      vertex -12.7 -10.8091 2.77759
    endloop
  endfacet
  facet normal -1 0 0
    outer loop
      vertex -12.7 -3.27177 10.4307
      vertex -12.7 -10.3136 17.9139
      vertex -12.7 -9.77391 18.5715
    endloop
  endfacet
  facet normal -1 0 0
    outer loop
      vertex -12.7 -11.6593 4.25026
      vertex -12.7 -2.85788 8.35
      vertex -12.7 -11.2583 3.5
    endloop
  endfacet
  facet normal -1 0 0
    outer loop
      vertex -12.7 -3.27177 10.4307
      vertex -12.7 -10.8091 17.2224
      vertex -12.7 -10.3136 17.9139
    endloop
  endfacet
  facet normal -1 -0 0
    outer loop
      vertex -12.7 -2.85788 8.35
      vertex -12.7 -11.6593 4.25026
      vertex -12.7 -3.0488 8.73714
    endloop
  endfacet
  facet normal -1 0 0
    outer loop
      vertex -12.7 -3.27177 10.4307
      vertex -12.7 -11.2583 16.5
      vertex -12.7 -10.8091 17.2224
    endloop
  endfacet
  facet normal -1 0 0
    outer loop
      vertex -12.7 -12.0104 5.02512
      vertex -12.7 -3.0488 8.73714
      vertex -12.7 -11.6593 4.25026
    endloop
  endfacet
  facet normal -1 0 0
    outer loop
      vertex -12.7 -3.27177 10.4307
      vertex -12.7 -11.6593 15.7497
      vertex -12.7 -11.2583 16.5
    endloop
  endfacet
  facet normal -1 0 0
    outer loop
      vertex -12.7 -12.3101 5.82129
      vertex -12.7 -3.0488 8.73714
      vertex -12.7 -12.0104 5.02512
    endloop
  endfacet
  facet normal -1 0 0
    outer loop
      vertex -12.7 -3.27177 10.4307
      vertex -12.7 -12.0104 14.9749
      vertex -12.7 -11.6593 15.7497
    endloop
  endfacet
  facet normal -1 0 0
    outer loop
      vertex -12.7 -3.18755 9.1459
      vertex -12.7 -12.3101 5.82129
      vertex -12.7 -12.557 6.63536
    endloop
  endfacet
  facet normal -1 0 0
    outer loop
      vertex -12.7 -3.27177 10.4307
      vertex -12.7 -12.3101 14.1787
      vertex -12.7 -12.0104 14.9749
    endloop
  endfacet
  facet normal -1 0 0
    outer loop
      vertex -12.7 -3.18755 9.1459
      vertex -12.7 -12.557 6.63536
      vertex -12.7 -12.7502 7.46384
    endloop
  endfacet
  facet normal -1 0 0
    outer loop
      vertex -12.7 -3.27177 10.4307
      vertex -12.7 -12.557 13.3646
      vertex -12.7 -12.3101 14.1787
    endloop
  endfacet
  facet normal -1 0 0
    outer loop
      vertex -12.7 -3.27177 9.56926
      vertex -12.7 -12.7502 7.46384
      vertex -12.7 -12.8888 8.30316
    endloop
  endfacet
  facet normal -1 0 0
    outer loop
      vertex -12.7 -3.27177 10.4307
      vertex -12.7 -12.7502 12.5362
      vertex -12.7 -12.557 13.3646
    endloop
  endfacet
  facet normal -1 0 0
    outer loop
      vertex -12.7 -3.27177 9.56926
      vertex -12.7 -12.8888 8.30316
      vertex -12.7 -12.9722 9.14977
    endloop
  endfacet
  facet normal -1 0 0
    outer loop
      vertex -12.7 -3.27177 10.4307
      vertex -12.7 -12.8888 11.6968
      vertex -12.7 -12.7502 12.5362
    endloop
  endfacet
  facet normal -1 -0 0
    outer loop
      vertex -12.7 -3.3 10
      vertex -12.7 -12.9722 9.14977
      vertex -12.7 -13 10
    endloop
  endfacet
  facet normal -1 0 0
    outer loop
      vertex -12.7 -3.27177 10.4307
      vertex -12.7 -12.9722 10.8502
      vertex -12.7 -12.8888 11.6968
    endloop
  endfacet
  facet normal -1 0 0
    outer loop
      vertex -12.7 -3.3 10
      vertex -12.7 -13 10
      vertex -12.7 -12.9722 10.8502
    endloop
  endfacet
  facet normal -1 -0 0
    outer loop
      vertex -12.7 8.57149 19.7739
      vertex -12.7 2.00891 12.6181
      vertex -12.7 7.91389 20.3136
    endloop
  endfacet
  facet normal -1 -0 0
    outer loop
      vertex -12.7 7.91389 20.3136
      vertex -12.7 2.00891 12.6181
      vertex -12.7 7.22241 20.8091
    endloop
  endfacet
  facet normal -1 0 0
    outer loop
      vertex -12.7 1.65 12.8579
      vertex -12.7 7.22241 20.8091
      vertex -12.7 2.00891 12.6181
    endloop
  endfacet
  facet normal -1 -0 0
    outer loop
      vertex -12.7 7.22241 20.8091
      vertex -12.7 1.65 12.8579
      vertex -12.7 6.5 21.2583
    endloop
  endfacet
  facet normal -1 -0 0
    outer loop
      vertex -12.7 6.5 21.2583
      vertex -12.7 1.65 12.8579
      vertex -12.7 5.74974 21.6593
    endloop
  endfacet
  facet normal -1 0 0
    outer loop
      vertex -12.7 1.26285 13.0488
      vertex -12.7 5.74974 21.6593
      vertex -12.7 1.65 12.8579
    endloop
  endfacet
  facet normal -1 -0 0
    outer loop
      vertex -12.7 5.74974 21.6593
      vertex -12.7 1.26285 13.0488
      vertex -12.7 4.97488 22.0104
    endloop
  endfacet
  facet normal -1 -0 0
    outer loop
      vertex -12.7 4.97488 22.0104
      vertex -12.7 1.26285 13.0488
      vertex -12.7 4.17871 22.3101
    endloop
  endfacet
  facet normal -1 0 0
    outer loop
      vertex -12.7 0.854102 13.1876
      vertex -12.7 4.17871 22.3101
      vertex -12.7 1.26285 13.0488
    endloop
  endfacet
  facet normal -1 -0 0
    outer loop
      vertex -12.7 4.17871 22.3101
      vertex -12.7 0.854102 13.1876
      vertex -12.7 3.36464 22.557
    endloop
  endfacet
  facet normal -1 -0 0
    outer loop
      vertex -12.7 3.36464 22.557
      vertex -12.7 0.854102 13.1876
      vertex -12.7 2.53616 22.7502
    endloop
  endfacet
  facet normal -1 0 0
    outer loop
      vertex -12.7 0.430736 13.2718
      vertex -12.7 2.53616 22.7502
      vertex -12.7 0.854102 13.1876
    endloop
  endfacet
  facet normal -1 -0 0
    outer loop
      vertex -12.7 2.53616 22.7502
      vertex -12.7 0.430736 13.2718
      vertex -12.7 1.69684 22.8888
    endloop
  endfacet
  facet normal -1 -0 0
    outer loop
      vertex -12.7 1.69684 22.8888
      vertex -12.7 0.430736 13.2718
      vertex -12.7 0.850235 22.9722
    endloop
  endfacet
  facet normal -1 0 0
    outer loop
      vertex -12.7 0 13.3
      vertex -12.7 0.850235 22.9722
      vertex -12.7 0.430736 13.2718
    endloop
  endfacet
  facet normal -1 0 0
    outer loop
      vertex -12.7 0 13.3
      vertex -12.7 0 23
      vertex -12.7 0.850235 22.9722
    endloop
  endfacet
  facet normal -1 0 0
    outer loop
      vertex -12.7 -0.850235 22.9722
      vertex -12.7 0 13.3
      vertex -12.7 -0.430736 13.2718
    endloop
  endfacet
  facet normal -1 0 0
    outer loop
      vertex -12.7 0 13.3
      vertex -12.7 -0.850235 22.9722
      vertex -12.7 0 23
    endloop
  endfacet
  facet normal -1 0 0
    outer loop
      vertex -12.7 -2.53616 22.7502
      vertex -12.7 -0.430736 13.2718
      vertex -12.7 -0.854102 13.1876
    endloop
  endfacet
  facet normal -1 0 0
    outer loop
      vertex -12.7 -4.17871 22.3101
      vertex -12.7 -0.854102 13.1876
      vertex -12.7 -1.26285 13.0488
    endloop
  endfacet
  facet normal -1 0 0
    outer loop
      vertex -12.7 -4.17871 22.3101
      vertex -12.7 -1.26285 13.0488
      vertex -12.7 -1.65 12.8579
    endloop
  endfacet
  facet normal -1 0 0
    outer loop
      vertex -12.7 -0.430736 13.2718
      vertex -12.7 -1.69684 22.8888
      vertex -12.7 -0.850235 22.9722
    endloop
  endfacet
  facet normal -1 0 0
    outer loop
      vertex -12.7 -4.17871 22.3101
      vertex -12.7 -1.65 12.8579
      vertex -12.7 -2.00891 12.6181
    endloop
  endfacet
  facet normal -1 0 0
    outer loop
      vertex -12.7 -4.17871 22.3101
      vertex -12.7 -2.00891 12.6181
      vertex -12.7 -2.33345 12.3335
    endloop
  endfacet
  facet normal -1 0 0
    outer loop
      vertex -12.7 -0.430736 13.2718
      vertex -12.7 -2.53616 22.7502
      vertex -12.7 -1.69684 22.8888
    endloop
  endfacet
  facet normal -1 0 0
    outer loop
      vertex -12.7 -4.17871 22.3101
      vertex -12.7 -2.33345 12.3335
      vertex -12.7 -2.61807 12.0089
    endloop
  endfacet
  facet normal -1 0 0
    outer loop
      vertex -12.7 -4.17871 22.3101
      vertex -12.7 -2.61807 12.0089
      vertex -12.7 -2.85788 11.65
    endloop
  endfacet
  facet normal -1 0 0
    outer loop
      vertex -12.7 -4.17871 22.3101
      vertex -12.7 -2.85788 11.65
      vertex -12.7 -3.0488 11.2629
    endloop
  endfacet
  facet normal -1 0 0
    outer loop
      vertex -12.7 -4.17871 22.3101
      vertex -12.7 -3.0488 11.2629
      vertex -12.7 -3.18755 10.8541
    endloop
  endfacet
  facet normal -1 0 0
    outer loop
      vertex -12.7 -4.17871 22.3101
      vertex -12.7 -3.18755 10.8541
      vertex -12.7 -3.27177 10.4307
    endloop
  endfacet
  facet normal -1 0 0
    outer loop
      vertex -12.7 -12.9722 10.8502
      vertex -12.7 -3.27177 10.4307
      vertex -12.7 -3.3 10
    endloop
  endfacet
  facet normal -1 0 0
    outer loop
      vertex -12.7 -0.854102 13.1876
      vertex -12.7 -3.36464 22.557
      vertex -12.7 -2.53616 22.7502
    endloop
  endfacet
  facet normal 0 -0.812859 0.582461
    outer loop
      vertex -12.7 -10.8091 17.2224
      vertex -6.1 -10.3136 17.9139
      vertex -12.7 -10.3136 17.9139
    endloop
  endfacet
  facet normal 0 -0.812859 0.582461
    outer loop
      vertex -6.1 -10.3136 17.9139
      vertex -12.7 -10.8091 17.2224
      vertex -6.1 -10.8091 17.2224
    endloop
  endfacet
  facet normal -0 0.0326794 0.999466
    outer loop
      vertex -12.7 0.850235 22.9722
      vertex -6.1 0 23
      vertex -6.1 0.850235 22.9722
    endloop
  endfacet
  facet normal 0 0.0326794 0.999466
    outer loop
      vertex -6.1 0 23
      vertex -12.7 0.850235 22.9722
      vertex -12.7 0 23
    endloop
  endfacet
  facet normal -0 0.683575 0.72988
    outer loop
      vertex -12.7 9.19238 19.1924
      vertex -6.1 8.57149 19.7739
      vertex -6.1 9.19238 19.1924
    endloop
  endfacet
  facet normal 0 0.683575 0.72988
    outer loop
      vertex -6.1 8.57149 19.7739
      vertex -12.7 9.19238 19.1924
      vertex -12.7 8.57149 19.7739
    endloop
  endfacet
  facet normal -1 0 0
    outer loop
      vertex -12.7 -8.707 0
      vertex -12.7 -8.57149 0.226089
      vertex -12.7 -8.4441 0
    endloop
  endfacet
  facet normal -1 -0 0
    outer loop
      vertex -12.7 -8.57149 0.226089
      vertex -12.7 -8.707 0
      vertex -12.7 -9.19238 0.807617
    endloop
  endfacet
  facet normal -1 0 0
    outer loop
      vertex -12.7 -8.88006 0
      vertex -12.7 -9.19238 0.807617
      vertex -12.7 -8.707 0
    endloop
  endfacet
  facet normal -1 -0 -0
    outer loop
      vertex -12.7 -9.19238 0.807617
      vertex -12.7 -8.88006 0
      vertex -12.7 -9.77391 1.42851
    endloop
  endfacet
  facet normal -1 0 0
    outer loop
      vertex -12.7 -8.97883 0
      vertex -12.7 -9.77391 1.42851
      vertex -12.7 -8.88006 0
    endloop
  endfacet
  facet normal -1 -0 -0
    outer loop
      vertex -12.7 -9.77391 1.42851
      vertex -12.7 -8.97883 0
      vertex -12.7 -10.3136 2.08611
    endloop
  endfacet
  facet normal -1 0 0
    outer loop
      vertex -12.7 8.88006 0
      vertex -12.7 9.19238 0.807617
      vertex -12.7 9.77391 1.42851
    endloop
  endfacet
  facet normal -1 0 0
    outer loop
      vertex -12.7 9.19238 0.807617
      vertex -12.7 8.88006 0
      vertex -12.7 8.707 0
    endloop
  endfacet
  facet normal 1 0 0
    outer loop
      vertex -6.1 9 0.191686
      vertex -6.1 9.19238 0.807617
      vertex -6.1 9 0.487513
    endloop
  endfacet
  facet normal 1 -0 0
    outer loop
      vertex -6.1 9.19238 0.807617
      vertex -6.1 9 0.191686
      vertex -6.1 9.77391 1.42851
    endloop
  endfacet
  facet normal 0 -0.999466 -0.0326796
    outer loop
      vertex -12.7 -12.9722 9.14977
      vertex -6.1 -13 10
      vertex -12.7 -13 10
    endloop
  endfacet
  facet normal 0 -0.999466 -0.0326796
    outer loop
      vertex -6.1 -13 10
      vertex -12.7 -12.9722 9.14977
      vertex -6.1 -12.9722 9.14977
    endloop
  endfacet
  facet normal 0 -0.995183 -0.098036
    outer loop
      vertex -12.7 -12.8888 8.30316
      vertex -6.1 -12.9722 9.14977
      vertex -12.7 -12.9722 9.14977
    endloop
  endfacet
  facet normal 0 -0.995183 -0.098036
    outer loop
      vertex -6.1 -12.9722 9.14977
      vertex -12.7 -12.8888 8.30316
      vertex -6.1 -12.8888 8.30316
    endloop
  endfacet
  facet normal 0 -0.999466 0.0326807
    outer loop
      vertex -12.7 -13 10
      vertex -6.1 -12.9722 10.8502
      vertex -12.7 -12.9722 10.8502
    endloop
  endfacet
  facet normal 0 -0.999466 0.0326807
    outer loop
      vertex -6.1 -12.9722 10.8502
      vertex -12.7 -13 10
      vertex -6.1 -13 10
    endloop
  endfacet
  facet normal 0 -0.162927 0.986638
    outer loop
      vertex -12.7 -1.69684 22.8888
      vertex -6.1 -2.53616 22.7502
      vertex -6.1 -1.69684 22.8888
    endloop
  endfacet
  facet normal 0 -0.162927 0.986638
    outer loop
      vertex -6.1 -2.53616 22.7502
      vertex -12.7 -1.69684 22.8888
      vertex -12.7 -2.53616 22.7502
    endloop
  endfacet
  facet normal 0 -0.0980366 0.995183
    outer loop
      vertex -12.7 -0.850235 22.9722
      vertex -6.1 -1.69684 22.8888
      vertex -6.1 -0.850235 22.9722
    endloop
  endfacet
  facet normal 0 -0.0980366 0.995183
    outer loop
      vertex -6.1 -1.69684 22.8888
      vertex -12.7 -0.850235 22.9722
      vertex -12.7 -1.69684 22.8888
    endloop
  endfacet
  facet normal 0 -0.0326794 0.999466
    outer loop
      vertex -12.7 0 23
      vertex -6.1 -0.850235 22.9722
      vertex -6.1 0 23
    endloop
  endfacet
  facet normal 0 -0.0326794 0.999466
    outer loop
      vertex -6.1 -0.850235 22.9722
      vertex -12.7 0 23
      vertex -12.7 -0.850235 22.9722
    endloop
  endfacet
  facet normal -0 0.162927 0.986638
    outer loop
      vertex -12.7 2.53616 22.7502
      vertex -6.1 1.69684 22.8888
      vertex -6.1 2.53616 22.7502
    endloop
  endfacet
  facet normal 0 0.162927 0.986638
    outer loop
      vertex -6.1 1.69684 22.8888
      vertex -12.7 2.53616 22.7502
      vertex -12.7 1.69684 22.8888
    endloop
  endfacet
  facet normal -0 0.0980366 0.995183
    outer loop
      vertex -12.7 1.69684 22.8888
      vertex -6.1 0.850235 22.9722
      vertex -6.1 1.69684 22.8888
    endloop
  endfacet
  facet normal 0 0.0980366 0.995183
    outer loop
      vertex -6.1 0.850235 22.9722
      vertex -12.7 1.69684 22.8888
      vertex -12.7 0.850235 22.9722
    endloop
  endfacet
  facet normal -0 0.528048 0.849215
    outer loop
      vertex -12.7 7.22241 20.8091
      vertex -6.1 6.5 21.2583
      vertex -6.1 7.22241 20.8091
    endloop
  endfacet
  facet normal 0 0.528048 0.849215
    outer loop
      vertex -6.1 6.5 21.2583
      vertex -12.7 7.22241 20.8091
      vertex -12.7 6.5 21.2583
    endloop
  endfacet
  facet normal 0 0.812859 0.582461
    outer loop
      vertex -6.1 10.8091 17.2224
      vertex -12.7 10.3136 17.9139
      vertex -6.1 10.3136 17.9139
    endloop
  endfacet
  facet normal 0 0.812859 0.582461
    outer loop
      vertex -12.7 10.3136 17.9139
      vertex -6.1 10.8091 17.2224
      vertex -12.7 10.8091 17.2224
    endloop
  endfacet
  facet normal 0 0.849211 0.528053
    outer loop
      vertex -6.1 11.2583 16.5
      vertex -12.7 10.8091 17.2224
      vertex -6.1 10.8091 17.2224
    endloop
  endfacet
  facet normal 0 0.849211 0.528053
    outer loop
      vertex -12.7 10.8091 17.2224
      vertex -6.1 11.2583 16.5
      vertex -12.7 11.2583 16.5
    endloop
  endfacet
  facet normal 0 0.935889 -0.352294
    outer loop
      vertex -6.1 12.0104 5.02512
      vertex -12.7 12.3101 5.82129
      vertex -6.1 12.3101 5.82129
    endloop
  endfacet
  facet normal 0 0.935889 -0.352294
    outer loop
      vertex -12.7 12.3101 5.82129
      vertex -6.1 12.0104 5.02512
      vertex -12.7 12.0104 5.02512
    endloop
  endfacet
  facet normal 0 0.908977 -0.416846
    outer loop
      vertex -6.85559 9.71018 0
      vertex -12.7 11.6593 4.25026
      vertex -6.1 11.6593 4.25026
    endloop
  endfacet
  facet normal 0 0.908977 -0.416846
    outer loop
      vertex -12.7 11.6593 4.25026
      vertex -6.85559 9.71018 0
      vertex -11.9444 9.71018 0
    endloop
  endfacet
  facet normal 0.832866 0.470018 -0.292261
    outer loop
      vertex -6.1 10.8091 2.77759
      vertex -6.35101 9.52676 0
      vertex -6.1 11.2583 3.5
    endloop
  endfacet
  facet normal 0.832892 0.469982 -0.292247
    outer loop
      vertex -6.35101 9.52676 0
      vertex -6.1 10.8091 2.77759
      vertex -6.31392 9.46103 0
    endloop
  endfacet
  facet normal 1 0 0
    outer loop
      vertex -6.1 9 0.0330933
      vertex -6.1 9.77391 1.42851
      vertex -6.1 9 0.191686
    endloop
  endfacet
  facet normal 1 -0 0
    outer loop
      vertex -6.1 9.77391 1.42851
      vertex -6.1 9 0.0330933
      vertex -6.1 10.3136 2.08611
    endloop
  endfacet
  facet normal 1 -0 0
    outer loop
      vertex -6.1 9 0.627432
      vertex -6.1 9 0.487513
      vertex -6.1 9.19238 0.807617
    endloop
  endfacet
  facet normal 1 0 0
    outer loop
      vertex -6.1 -9 0.0330933
      vertex -6.1 -9.01683 0
      vertex -6.1 -9 0
    endloop
  endfacet
  facet normal 1 0 0
    outer loop
      vertex -6.1 -10.3136 2.08611
      vertex -6.1 -9.01683 0
      vertex -6.1 -9 0.0330933
    endloop
  endfacet
  facet normal 1 0 0
    outer loop
      vertex -6.1 -9.01683 0
      vertex -6.1 -10.3136 2.08611
      vertex -6.1 -10.8091 2.77759
    endloop
  endfacet
  facet normal 1 0 0
    outer loop
      vertex -6.1 -9.19238 0.807617
      vertex -6.1 -9 0.191686
      vertex -6.1 -9 0.487513
    endloop
  endfacet
  facet normal 1 0 0
    outer loop
      vertex -6.1 -9 0.191686
      vertex -6.1 -9.19238 0.807617
      vertex -6.1 -9.77391 1.42851
    endloop
  endfacet
  facet normal 0 -0.995183 0.0980371
    outer loop
      vertex -12.7 -12.9722 10.8502
      vertex -6.1 -12.8888 11.6968
      vertex -12.7 -12.8888 11.6968
    endloop
  endfacet
  facet normal 0 -0.995183 0.0980371
    outer loop
      vertex -6.1 -12.8888 11.6968
      vertex -12.7 -12.9722 10.8502
      vertex -6.1 -12.9722 10.8502
    endloop
  endfacet
  facet normal 1 0 0
    outer loop
      vertex -6.1 12.9722 10.8502
      vertex -6.1 3.27177 10.4307
      vertex -6.1 3.3 10
    endloop
  endfacet
  facet normal 1 0 0
    outer loop
      vertex -6.1 4.17871 22.3101
      vertex -6.1 3.18755 10.8541
      vertex -6.1 3.27177 10.4307
    endloop
  endfacet
  facet normal 1 0 0
    outer loop
      vertex -6.1 4.17871 22.3101
      vertex -6.1 3.0488 11.2629
      vertex -6.1 3.18755 10.8541
    endloop
  endfacet
  facet normal 1 0 0
    outer loop
      vertex -6.1 4.17871 22.3101
      vertex -6.1 2.85788 11.65
      vertex -6.1 3.0488 11.2629
    endloop
  endfacet
  facet normal 1 0 0
    outer loop
      vertex -6.1 4.17871 22.3101
      vertex -6.1 2.61807 12.0089
      vertex -6.1 2.85788 11.65
    endloop
  endfacet
  facet normal 1 0 0
    outer loop
      vertex -6.1 0.854102 13.1876
      vertex -6.1 3.36464 22.557
      vertex -6.1 2.53616 22.7502
    endloop
  endfacet
  facet normal 1 0 0
    outer loop
      vertex -6.1 4.17871 22.3101
      vertex -6.1 2.33345 12.3335
      vertex -6.1 2.61807 12.0089
    endloop
  endfacet
  facet normal 1 0 0
    outer loop
      vertex -6.1 4.17871 22.3101
      vertex -6.1 2.00891 12.6181
      vertex -6.1 2.33345 12.3335
    endloop
  endfacet
  facet normal 1 0 0
    outer loop
      vertex -6.1 0.430736 13.2718
      vertex -6.1 2.53616 22.7502
      vertex -6.1 1.69684 22.8888
    endloop
  endfacet
  facet normal 1 0 0
    outer loop
      vertex -6.1 4.17871 22.3101
      vertex -6.1 1.65 12.8579
      vertex -6.1 2.00891 12.6181
    endloop
  endfacet
  facet normal 1 0 0
    outer loop
      vertex -6.1 4.17871 22.3101
      vertex -6.1 1.26285 13.0488
      vertex -6.1 1.65 12.8579
    endloop
  endfacet
  facet normal 1 0 0
    outer loop
      vertex -6.1 4.17871 22.3101
      vertex -6.1 0.854102 13.1876
      vertex -6.1 1.26285 13.0488
    endloop
  endfacet
  facet normal 1 0 0
    outer loop
      vertex -6.1 0.430736 13.2718
      vertex -6.1 1.69684 22.8888
      vertex -6.1 0.850235 22.9722
    endloop
  endfacet
  facet normal 1 0 0
    outer loop
      vertex -6.1 2.53616 22.7502
      vertex -6.1 0.430736 13.2718
      vertex -6.1 0.854102 13.1876
    endloop
  endfacet
  facet normal 1 0 0
    outer loop
      vertex -6.1 0 13.3
      vertex -6.1 0.850235 22.9722
      vertex -6.1 0 23
    endloop
  endfacet
  facet normal 1 0 0
    outer loop
      vertex -6.1 0.850235 22.9722
      vertex -6.1 0 13.3
      vertex -6.1 0.430736 13.2718
    endloop
  endfacet
  facet normal 1 -0 0
    outer loop
      vertex -6.1 -0.850235 22.9722
      vertex -6.1 0 13.3
      vertex -6.1 0 23
    endloop
  endfacet
  facet normal 1 0 0
    outer loop
      vertex -6.1 0 13.3
      vertex -6.1 -0.850235 22.9722
      vertex -6.1 -0.430736 13.2718
    endloop
  endfacet
  facet normal 1 -0 0
    outer loop
      vertex -6.1 -1.69684 22.8888
      vertex -6.1 -0.430736 13.2718
      vertex -6.1 -0.850235 22.9722
    endloop
  endfacet
  facet normal 1 -0 0
    outer loop
      vertex -6.1 -2.53616 22.7502
      vertex -6.1 -0.430736 13.2718
      vertex -6.1 -1.69684 22.8888
    endloop
  endfacet
  facet normal 1 0 0
    outer loop
      vertex -6.1 -0.430736 13.2718
      vertex -6.1 -2.53616 22.7502
      vertex -6.1 -0.854102 13.1876
    endloop
  endfacet
  facet normal 1 -0 0
    outer loop
      vertex -6.1 -3.36464 22.557
      vertex -6.1 -0.854102 13.1876
      vertex -6.1 -2.53616 22.7502
    endloop
  endfacet
  facet normal 1 -0 0
    outer loop
      vertex -6.1 -4.17871 22.3101
      vertex -6.1 -0.854102 13.1876
      vertex -6.1 -3.36464 22.557
    endloop
  endfacet
  facet normal 1 0 0
    outer loop
      vertex -6.1 -0.854102 13.1876
      vertex -6.1 -4.17871 22.3101
      vertex -6.1 -1.26285 13.0488
    endloop
  endfacet
  facet normal 1 -0 0
    outer loop
      vertex -6.1 -4.97488 22.0104
      vertex -6.1 -1.26285 13.0488
      vertex -6.1 -4.17871 22.3101
    endloop
  endfacet
  facet normal 1 -0 0
    outer loop
      vertex -6.1 -5.74974 21.6593
      vertex -6.1 -1.26285 13.0488
      vertex -6.1 -4.97488 22.0104
    endloop
  endfacet
  facet normal 1 0 0
    outer loop
      vertex -6.1 -1.26285 13.0488
      vertex -6.1 -5.74974 21.6593
      vertex -6.1 -1.65 12.8579
    endloop
  endfacet
  facet normal 1 -0 0
    outer loop
      vertex -6.1 -6.5 21.2583
      vertex -6.1 -1.65 12.8579
      vertex -6.1 -5.74974 21.6593
    endloop
  endfacet
  facet normal 1 -0 0
    outer loop
      vertex -6.1 -7.22241 20.8091
      vertex -6.1 -1.65 12.8579
      vertex -6.1 -6.5 21.2583
    endloop
  endfacet
  facet normal 1 0 0
    outer loop
      vertex -6.1 -1.65 12.8579
      vertex -6.1 -7.22241 20.8091
      vertex -6.1 -2.00891 12.6181
    endloop
  endfacet
  facet normal 1 -0 0
    outer loop
      vertex -6.1 -7.91389 20.3136
      vertex -6.1 -2.00891 12.6181
      vertex -6.1 -7.22241 20.8091
    endloop
  endfacet
  facet normal 1 -0 0
    outer loop
      vertex -6.1 -8.57149 19.7739
      vertex -6.1 -2.00891 12.6181
      vertex -6.1 -7.91389 20.3136
    endloop
  endfacet
  facet normal 1 0 0
    outer loop
      vertex -6.1 3.3 10
      vertex -6.1 13 10
      vertex -6.1 12.9722 10.8502
    endloop
  endfacet
  facet normal 1 0 0
    outer loop
      vertex -6.1 3.27177 10.4307
      vertex -6.1 12.9722 10.8502
      vertex -6.1 12.8888 11.6968
    endloop
  endfacet
  facet normal 1 0 0
    outer loop
      vertex -6.1 13 10
      vertex -6.1 3.3 10
      vertex -6.1 12.9722 9.14977
    endloop
  endfacet
  facet normal 1 0 0
    outer loop
      vertex -6.1 3.27177 10.4307
      vertex -6.1 12.8888 11.6968
      vertex -6.1 12.7502 12.5362
    endloop
  endfacet
  facet normal 1 -0 0
    outer loop
      vertex -6.1 3.27177 9.56926
      vertex -6.1 12.9722 9.14977
      vertex -6.1 3.3 10
    endloop
  endfacet
  facet normal 1 0 0
    outer loop
      vertex -6.1 3.27177 10.4307
      vertex -6.1 12.7502 12.5362
      vertex -6.1 12.557 13.3646
    endloop
  endfacet
  facet normal 1 0 0
    outer loop
      vertex -6.1 12.9722 9.14977
      vertex -6.1 3.27177 9.56926
      vertex -6.1 12.8888 8.30316
    endloop
  endfacet
  facet normal 1 0 0
    outer loop
      vertex -6.1 3.27177 10.4307
      vertex -6.1 12.557 13.3646
      vertex -6.1 12.3101 14.1787
    endloop
  endfacet
  facet normal 1 0 0
    outer loop
      vertex -6.1 12.8888 8.30316
      vertex -6.1 3.27177 9.56926
      vertex -6.1 12.7502 7.46384
    endloop
  endfacet
  facet normal 1 0 0
    outer loop
      vertex -6.1 3.27177 10.4307
      vertex -6.1 12.3101 14.1787
      vertex -6.1 12.0104 14.9749
    endloop
  endfacet
  facet normal 1 -0 0
    outer loop
      vertex -6.1 3.18755 9.1459
      vertex -6.1 12.7502 7.46384
      vertex -6.1 3.27177 9.56926
    endloop
  endfacet
  facet normal 1 0 0
    outer loop
      vertex -6.1 3.27177 10.4307
      vertex -6.1 12.0104 14.9749
      vertex -6.1 11.6593 15.7497
    endloop
  endfacet
  facet normal 1 0 0
    outer loop
      vertex -6.1 12.7502 7.46384
      vertex -6.1 3.18755 9.1459
      vertex -6.1 12.557 6.63536
    endloop
  endfacet
  facet normal 1 0 0
    outer loop
      vertex -6.1 3.27177 10.4307
      vertex -6.1 11.6593 15.7497
      vertex -6.1 11.2583 16.5
    endloop
  endfacet
  facet normal 1 0 -0
    outer loop
      vertex -6.1 9 3
      vertex -6.1 12.557 6.63536
      vertex -6.1 3.18755 9.1459
    endloop
  endfacet
  facet normal 1 0 0
    outer loop
      vertex -6.1 3.27177 10.4307
      vertex -6.1 11.2583 16.5
      vertex -6.1 10.8091 17.2224
    endloop
  endfacet
  facet normal 1 0 0
    outer loop
      vertex -6.1 12.557 6.63536
      vertex -6.1 9 3
      vertex -6.1 12.3101 5.82129
    endloop
  endfacet
  facet normal 1 0 0
    outer loop
      vertex -6.1 3.27177 10.4307
      vertex -6.1 10.8091 17.2224
      vertex -6.1 10.3136 17.9139
    endloop
  endfacet
  facet normal 1 0 0
    outer loop
      vertex -6.1 11.2583 3.5
      vertex -6.1 9 3
      vertex -6.1 10.8091 2.77759
    endloop
  endfacet
  facet normal 1 0 0
    outer loop
      vertex -6.1 3.27177 10.4307
      vertex -6.1 10.3136 17.9139
      vertex -6.1 9.77391 18.5715
    endloop
  endfacet
  facet normal 1 0 0
    outer loop
      vertex -6.1 10.8091 2.77759
      vertex -6.1 9 3
      vertex -6.1 10.3136 2.08611
    endloop
  endfacet
  facet normal 1 0 0
    outer loop
      vertex -6.1 3.27177 10.4307
      vertex -6.1 9.77391 18.5715
      vertex -6.1 9.19238 19.1924
    endloop
  endfacet
  facet normal 1 0 0
    outer loop
      vertex -6.1 10.3136 2.08611
      vertex -6.1 9 3
      vertex -6.1 9.77391 1.42851
    endloop
  endfacet
  facet normal 1 0 0
    outer loop
      vertex -6.1 9.77391 1.42851
      vertex -6.1 9 3
      vertex -6.1 9.19238 0.807617
    endloop
  endfacet
  facet normal 1 0 0
    outer loop
      vertex -6.1 3.27177 10.4307
      vertex -6.1 9.19238 19.1924
      vertex -6.1 8.57149 19.7739
    endloop
  endfacet
  facet normal 1 0 0
    outer loop
      vertex -6.1 3.27177 10.4307
      vertex -6.1 8.57149 19.7739
      vertex -6.1 7.91389 20.3136
    endloop
  endfacet
  facet normal 1 0 0
    outer loop
      vertex -6.1 3.27177 10.4307
      vertex -6.1 7.91389 20.3136
      vertex -6.1 7.22241 20.8091
    endloop
  endfacet
  facet normal 1 0 0
    outer loop
      vertex -6.1 3.27177 10.4307
      vertex -6.1 7.22241 20.8091
      vertex -6.1 6.5 21.2583
    endloop
  endfacet
  facet normal 1 0 0
    outer loop
      vertex -6.1 3.27177 10.4307
      vertex -6.1 6.5 21.2583
      vertex -6.1 5.74974 21.6593
    endloop
  endfacet
  facet normal 1 0 0
    outer loop
      vertex -6.1 3.27177 10.4307
      vertex -6.1 5.74974 21.6593
      vertex -6.1 4.97488 22.0104
    endloop
  endfacet
  facet normal 1 0 0
    outer loop
      vertex -6.1 3.27177 10.4307
      vertex -6.1 4.97488 22.0104
      vertex -6.1 4.17871 22.3101
    endloop
  endfacet
  facet normal 1 0 0
    outer loop
      vertex -6.1 0.854102 13.1876
      vertex -6.1 4.17871 22.3101
      vertex -6.1 3.36464 22.557
    endloop
  endfacet
  facet normal 1 0 0
    outer loop
      vertex -6.1 12.3101 5.82129
      vertex -6.1 9 3
      vertex -6.1 12.0104 5.02512
    endloop
  endfacet
  facet normal 1 0 0
    outer loop
      vertex -6.1 11.6593 4.25026
      vertex -6.1 9 3
      vertex -6.1 11.2583 3.5
    endloop
  endfacet
  facet normal 1 0 0
    outer loop
      vertex -6.1 12.0104 5.02512
      vertex -6.1 9 3
      vertex -6.1 11.6593 4.25026
    endloop
  endfacet
  facet normal 1 -0 0
    outer loop
      vertex -6.1 3.0488 8.73714
      vertex -6.1 9 3
      vertex -6.1 3.18755 9.1459
    endloop
  endfacet
  facet normal 1 -0 0
    outer loop
      vertex -6.1 2.85788 8.35
      vertex -6.1 9 3
      vertex -6.1 3.0488 8.73714
    endloop
  endfacet
  facet normal 1 -0 0
    outer loop
      vertex -6.1 2.61807 7.99109
      vertex -6.1 9 3
      vertex -6.1 2.85788 8.35
    endloop
  endfacet
  facet normal 1 -0 0
    outer loop
      vertex -6.1 2.33345 7.66655
      vertex -6.1 9 3
      vertex -6.1 2.61807 7.99109
    endloop
  endfacet
  facet normal 1 -0 0
    outer loop
      vertex -6.1 2.00891 7.38193
      vertex -6.1 9 3
      vertex -6.1 2.33345 7.66655
    endloop
  endfacet
  facet normal 1 -0 0
    outer loop
      vertex -6.1 1.65 7.14212
      vertex -6.1 9 3
      vertex -6.1 2.00891 7.38193
    endloop
  endfacet
  facet normal 1 -0 0
    outer loop
      vertex -6.1 1.26285 6.9512
      vertex -6.1 9 3
      vertex -6.1 1.65 7.14212
    endloop
  endfacet
  facet normal 1 -0 0
    outer loop
      vertex -6.1 0.854102 6.81244
      vertex -6.1 9 3
      vertex -6.1 1.26285 6.9512
    endloop
  endfacet
  facet normal 1 -0 0
    outer loop
      vertex -6.1 0.430736 6.72823
      vertex -6.1 9 3
      vertex -6.1 0.854102 6.81244
    endloop
  endfacet
  facet normal 1 -0 0
    outer loop
      vertex -6.1 0 6.7
      vertex -6.1 9 3
      vertex -6.1 0.430736 6.72823
    endloop
  endfacet
  facet normal 1 0 0
    outer loop
      vertex -6.1 -9 3
      vertex -6.1 0 6.7
      vertex -6.1 -0.430736 6.72823
    endloop
  endfacet
  facet normal 1 0 0
    outer loop
      vertex -6.1 -9 3
      vertex -6.1 -0.430736 6.72823
      vertex -6.1 -0.854102 6.81244
    endloop
  endfacet
  facet normal 1 0 0
    outer loop
      vertex -6.1 -9 3
      vertex -6.1 -0.854102 6.81244
      vertex -6.1 -1.26285 6.9512
    endloop
  endfacet
  facet normal 1 0 0
    outer loop
      vertex -6.1 -2.00891 12.6181
      vertex -6.1 -8.57149 19.7739
      vertex -6.1 -2.33345 12.3335
    endloop
  endfacet
  facet normal 1 -0 0
    outer loop
      vertex -6.1 -9.19238 19.1924
      vertex -6.1 -2.33345 12.3335
      vertex -6.1 -8.57149 19.7739
    endloop
  endfacet
  facet normal 1 -0 0
    outer loop
      vertex -6.1 -9.77391 18.5715
      vertex -6.1 -2.33345 12.3335
      vertex -6.1 -9.19238 19.1924
    endloop
  endfacet
  facet normal 1 0 0
    outer loop
      vertex -6.1 -2.33345 12.3335
      vertex -6.1 -9.77391 18.5715
      vertex -6.1 -2.61807 12.0089
    endloop
  endfacet
  facet normal 1 -0 0
    outer loop
      vertex -6.1 -10.3136 17.9139
      vertex -6.1 -2.61807 12.0089
      vertex -6.1 -9.77391 18.5715
    endloop
  endfacet
  facet normal 1 -0 0
    outer loop
      vertex -6.1 -10.8091 17.2224
      vertex -6.1 -2.61807 12.0089
      vertex -6.1 -10.3136 17.9139
    endloop
  endfacet
  facet normal 1 0 0
    outer loop
      vertex -6.1 -2.61807 12.0089
      vertex -6.1 -10.8091 17.2224
      vertex -6.1 -2.85788 11.65
    endloop
  endfacet
  facet normal 1 -0 0
    outer loop
      vertex -6.1 -11.2583 16.5
      vertex -6.1 -2.85788 11.65
      vertex -6.1 -10.8091 17.2224
    endloop
  endfacet
  facet normal 1 -0 0
    outer loop
      vertex -6.1 -11.6593 15.7497
      vertex -6.1 -2.85788 11.65
      vertex -6.1 -11.2583 16.5
    endloop
  endfacet
  facet normal 1 0 0
    outer loop
      vertex -6.1 -2.85788 11.65
      vertex -6.1 -11.6593 15.7497
      vertex -6.1 -3.0488 11.2629
    endloop
  endfacet
  facet normal 1 -0 0
    outer loop
      vertex -6.1 -12.0104 14.9749
      vertex -6.1 -3.0488 11.2629
      vertex -6.1 -11.6593 15.7497
    endloop
  endfacet
  facet normal 1 0 0
    outer loop
      vertex -6.1 0 6.7
      vertex -6.1 -9 3
      vertex -6.1 9 3
    endloop
  endfacet
  facet normal 1 0 0
    outer loop
      vertex -6.1 -1.65 7.14212
      vertex -6.1 -9 3
      vertex -6.1 -1.26285 6.9512
    endloop
  endfacet
  facet normal 1 0 0
    outer loop
      vertex -6.1 -2.00891 7.38193
      vertex -6.1 -9 3
      vertex -6.1 -1.65 7.14212
    endloop
  endfacet
  facet normal 1 0 0
    outer loop
      vertex -6.1 -2.33345 7.66655
      vertex -6.1 -9 3
      vertex -6.1 -2.00891 7.38193
    endloop
  endfacet
  facet normal 1 0 0
    outer loop
      vertex -6.1 -2.61807 7.99109
      vertex -6.1 -9 3
      vertex -6.1 -2.33345 7.66655
    endloop
  endfacet
  facet normal 1 0 0
    outer loop
      vertex -6.1 -2.85788 8.35
      vertex -6.1 -9 3
      vertex -6.1 -2.61807 7.99109
    endloop
  endfacet
  facet normal 1 -0 0
    outer loop
      vertex -6.1 -12.3101 14.1787
      vertex -6.1 -3.0488 11.2629
      vertex -6.1 -12.0104 14.9749
    endloop
  endfacet
  facet normal 1 0 0
    outer loop
      vertex -6.1 -3.0488 11.2629
      vertex -6.1 -12.3101 14.1787
      vertex -6.1 -3.18755 10.8541
    endloop
  endfacet
  facet normal 1 -0 0
    outer loop
      vertex -6.1 -12.557 13.3646
      vertex -6.1 -3.18755 10.8541
      vertex -6.1 -12.3101 14.1787
    endloop
  endfacet
  facet normal 1 -0 0
    outer loop
      vertex -6.1 -12.7502 12.5362
      vertex -6.1 -3.18755 10.8541
      vertex -6.1 -12.557 13.3646
    endloop
  endfacet
  facet normal 1 0 -0
    outer loop
      vertex -6.1 -9.19238 0.807617
      vertex -6.1 -9 3
      vertex -6.1 -9.77391 1.42851
    endloop
  endfacet
  facet normal 1 0 0
    outer loop
      vertex -6.1 -9 3
      vertex -6.1 -9.19238 0.807617
      vertex -6.1 -9 0.627432
    endloop
  endfacet
  facet normal 1 0 0
    outer loop
      vertex -6.1 -3.18755 10.8541
      vertex -6.1 -12.7502 12.5362
      vertex -6.1 -3.27177 10.4307
    endloop
  endfacet
  facet normal 1 0 0
    outer loop
      vertex -6.1 -9 3
      vertex -6.1 -10.3136 2.08611
      vertex -6.1 -9.77391 1.42851
    endloop
  endfacet
  facet normal 1 -0 0
    outer loop
      vertex -6.1 -12.8888 11.6968
      vertex -6.1 -3.27177 10.4307
      vertex -6.1 -12.7502 12.5362
    endloop
  endfacet
  facet normal 1 0 0
    outer loop
      vertex -6.1 -9 3
      vertex -6.1 -10.8091 2.77759
      vertex -6.1 -10.3136 2.08611
    endloop
  endfacet
  facet normal 1 -0 0
    outer loop
      vertex -6.1 -12.9722 10.8502
      vertex -6.1 -3.27177 10.4307
      vertex -6.1 -12.8888 11.6968
    endloop
  endfacet
  facet normal 1 0 0
    outer loop
      vertex -6.1 -9 3
      vertex -6.1 -11.2583 3.5
      vertex -6.1 -10.8091 2.77759
    endloop
  endfacet
  facet normal 1 0 0
    outer loop
      vertex -6.1 -3.27177 10.4307
      vertex -6.1 -12.9722 10.8502
      vertex -6.1 -3.3 10
    endloop
  endfacet
  facet normal 1 0 0
    outer loop
      vertex -6.1 -9 3
      vertex -6.1 -11.6593 4.25026
      vertex -6.1 -11.2583 3.5
    endloop
  endfacet
  facet normal 1 0 0
    outer loop
      vertex -6.1 -13 10
      vertex -6.1 -3.3 10
      vertex -6.1 -12.9722 10.8502
    endloop
  endfacet
  facet normal 1 0 0
    outer loop
      vertex -6.1 -9 3
      vertex -6.1 -12.0104 5.02512
      vertex -6.1 -11.6593 4.25026
    endloop
  endfacet
  facet normal 1 0 -0
    outer loop
      vertex -6.1 -12.9722 9.14977
      vertex -6.1 -3.3 10
      vertex -6.1 -13 10
    endloop
  endfacet
  facet normal 1 0 0
    outer loop
      vertex -6.1 -9 3
      vertex -6.1 -12.3101 5.82129
      vertex -6.1 -12.0104 5.02512
    endloop
  endfacet
  facet normal 1 0 0
    outer loop
      vertex -6.1 -3.3 10
      vertex -6.1 -12.9722 9.14977
      vertex -6.1 -3.27177 9.56926
    endloop
  endfacet
  facet normal 1 0 0
    outer loop
      vertex -6.1 -9 3
      vertex -6.1 -12.557 6.63536
      vertex -6.1 -12.3101 5.82129
    endloop
  endfacet
  facet normal 1 0 -0
    outer loop
      vertex -6.1 -12.8888 8.30316
      vertex -6.1 -3.27177 9.56926
      vertex -6.1 -12.9722 9.14977
    endloop
  endfacet
  facet normal 1 0 0
    outer loop
      vertex -6.1 -3.0488 8.73714
      vertex -6.1 -9 3
      vertex -6.1 -2.85788 8.35
    endloop
  endfacet
  facet normal 1 0 -0
    outer loop
      vertex -6.1 -12.7502 7.46384
      vertex -6.1 -3.27177 9.56926
      vertex -6.1 -12.8888 8.30316
    endloop
  endfacet
  facet normal 1 0 0
    outer loop
      vertex -6.1 -3.18755 9.1459
      vertex -6.1 -9 3
      vertex -6.1 -3.0488 8.73714
    endloop
  endfacet
  facet normal 1 0 0
    outer loop
      vertex -6.1 -3.27177 9.56926
      vertex -6.1 -12.7502 7.46384
      vertex -6.1 -3.18755 9.1459
    endloop
  endfacet
  facet normal 1 0 -0
    outer loop
      vertex -6.1 -9 3
      vertex -6.1 -3.18755 9.1459
      vertex -6.1 -12.557 6.63536
    endloop
  endfacet
  facet normal 1 0 -0
    outer loop
      vertex -6.1 -12.557 6.63536
      vertex -6.1 -3.18755 9.1459
      vertex -6.1 -12.7502 7.46384
    endloop
  endfacet
  facet normal 1 0 0
    outer loop
      vertex -6.1 9.19238 0.807617
      vertex -6.1 9 3
      vertex -6.1 9 0.627432
    endloop
  endfacet
  facet normal 0 -0.881943 0.471357
    outer loop
      vertex -12.7 -11.6593 15.7497
      vertex -6.1 -11.2583 16.5
      vertex -12.7 -11.2583 16.5
    endloop
  endfacet
  facet normal 0 -0.881943 0.471357
    outer loop
      vertex -6.1 -11.2583 16.5
      vertex -12.7 -11.6593 15.7497
      vertex -6.1 -11.6593 15.7497
    endloop
  endfacet
  facet normal 0 -0.935894 0.352283
    outer loop
      vertex -12.7 -12.3101 14.1787
      vertex -6.1 -12.0104 14.9749
      vertex -12.7 -12.0104 14.9749
    endloop
  endfacet
  facet normal 0 -0.935894 0.352283
    outer loop
      vertex -6.1 -12.0104 14.9749
      vertex -12.7 -12.3101 14.1787
      vertex -6.1 -12.3101 14.1787
    endloop
  endfacet
  facet normal 0 -0.973865 0.227126
    outer loop
      vertex -12.7 -12.7502 12.5362
      vertex -6.1 -12.557 13.3646
      vertex -12.7 -12.557 13.3646
    endloop
  endfacet
  facet normal 0 -0.973865 0.227126
    outer loop
      vertex -6.1 -12.557 13.3646
      vertex -12.7 -12.7502 12.5362
      vertex -6.1 -12.7502 12.5362
    endloop
  endfacet
  facet normal 0 -0.352294 0.935889
    outer loop
      vertex -12.7 -4.17871 22.3101
      vertex -6.1 -4.97488 22.0104
      vertex -6.1 -4.17871 22.3101
    endloop
  endfacet
  facet normal 0 -0.352294 0.935889
    outer loop
      vertex -6.1 -4.97488 22.0104
      vertex -12.7 -4.17871 22.3101
      vertex -12.7 -4.97488 22.0104
    endloop
  endfacet
  facet normal 0 -0.729868 0.683588
    outer loop
      vertex -12.7 -9.77391 18.5715
      vertex -6.1 -9.19238 19.1924
      vertex -12.7 -9.19238 19.1924
    endloop
  endfacet
  facet normal 0 -0.729868 0.683588
    outer loop
      vertex -6.1 -9.19238 19.1924
      vertex -12.7 -9.77391 18.5715
      vertex -6.1 -9.77391 18.5715
    endloop
  endfacet
  facet normal 0 -0.227105 0.97387
    outer loop
      vertex -12.7 -2.53616 22.7502
      vertex -6.1 -3.36464 22.557
      vertex -6.1 -2.53616 22.7502
    endloop
  endfacet
  facet normal 0 -0.227105 0.97387
    outer loop
      vertex -6.1 -3.36464 22.557
      vertex -12.7 -2.53616 22.7502
      vertex -12.7 -3.36464 22.557
    endloop
  endfacet
  facet normal -0 0.227105 0.97387
    outer loop
      vertex -12.7 3.36464 22.557
      vertex -6.1 2.53616 22.7502
      vertex -6.1 3.36464 22.557
    endloop
  endfacet
  facet normal 0 0.227105 0.97387
    outer loop
      vertex -6.1 2.53616 22.7502
      vertex -12.7 3.36464 22.557
      vertex -12.7 2.53616 22.7502
    endloop
  endfacet
  facet normal -0 0.290236 0.956955
    outer loop
      vertex -12.7 4.17871 22.3101
      vertex -6.1 3.36464 22.557
      vertex -6.1 4.17871 22.3101
    endloop
  endfacet
  facet normal 0 0.290236 0.956955
    outer loop
      vertex -6.1 3.36464 22.557
      vertex -12.7 4.17871 22.3101
      vertex -12.7 3.36464 22.557
    endloop
  endfacet
  facet normal -0 0.412722 0.910857
    outer loop
      vertex -12.7 5.74974 21.6593
      vertex -6.1 4.97488 22.0104
      vertex -6.1 5.74974 21.6593
    endloop
  endfacet
  facet normal 0 0.412722 0.910857
    outer loop
      vertex -6.1 4.97488 22.0104
      vertex -12.7 5.74974 21.6593
      vertex -12.7 4.97488 22.0104
    endloop
  endfacet
  facet normal -0 0.471376 0.881932
    outer loop
      vertex -12.7 6.5 21.2583
      vertex -6.1 5.74974 21.6593
      vertex -6.1 6.5 21.2583
    endloop
  endfacet
  facet normal 0 0.471376 0.881932
    outer loop
      vertex -6.1 5.74974 21.6593
      vertex -12.7 6.5 21.2583
      vertex -12.7 5.74974 21.6593
    endloop
  endfacet
  facet normal -0 0.582472 0.812851
    outer loop
      vertex -12.7 7.91389 20.3136
      vertex -6.1 7.22241 20.8091
      vertex -6.1 7.91389 20.3136
    endloop
  endfacet
  facet normal 0 0.582472 0.812851
    outer loop
      vertex -6.1 7.22241 20.8091
      vertex -12.7 7.91389 20.3136
      vertex -12.7 7.22241 20.8091
    endloop
  endfacet
  facet normal -0 0.634408 0.772998
    outer loop
      vertex -12.7 8.57149 19.7739
      vertex -6.1 7.91389 20.3136
      vertex -6.1 8.57149 19.7739
    endloop
  endfacet
  facet normal 0 0.634408 0.772998
    outer loop
      vertex -6.1 7.91389 20.3136
      vertex -12.7 8.57149 19.7739
      vertex -12.7 7.91389 20.3136
    endloop
  endfacet
  facet normal 0 0.729868 0.683588
    outer loop
      vertex -6.1 9.77391 18.5715
      vertex -12.7 9.19238 19.1924
      vertex -6.1 9.19238 19.1924
    endloop
  endfacet
  facet normal 0 0.729868 0.683588
    outer loop
      vertex -12.7 9.19238 19.1924
      vertex -6.1 9.77391 18.5715
      vertex -12.7 9.77391 18.5715
    endloop
  endfacet
  facet normal 0 0.773004 0.634401
    outer loop
      vertex -6.1 10.3136 17.9139
      vertex -12.7 9.77391 18.5715
      vertex -6.1 9.77391 18.5715
    endloop
  endfacet
  facet normal 0 0.773004 0.634401
    outer loop
      vertex -12.7 9.77391 18.5715
      vertex -6.1 10.3136 17.9139
      vertex -12.7 10.3136 17.9139
    endloop
  endfacet
  facet normal 0 0.956958 0.290226
    outer loop
      vertex -6.1 12.557 13.3646
      vertex -12.7 12.3101 14.1787
      vertex -6.1 12.3101 14.1787
    endloop
  endfacet
  facet normal 0 0.956958 0.290226
    outer loop
      vertex -12.7 12.3101 14.1787
      vertex -6.1 12.557 13.3646
      vertex -12.7 12.557 13.3646
    endloop
  endfacet
  facet normal 0 0.973865 0.227126
    outer loop
      vertex -6.1 12.7502 12.5362
      vertex -12.7 12.557 13.3646
      vertex -6.1 12.557 13.3646
    endloop
  endfacet
  facet normal 0 0.973865 0.227126
    outer loop
      vertex -12.7 12.557 13.3646
      vertex -6.1 12.7502 12.5362
      vertex -12.7 12.7502 12.5362
    endloop
  endfacet
  facet normal 0 0.999466 -0.0326796
    outer loop
      vertex -6.1 12.9722 9.14977
      vertex -12.7 13 10
      vertex -6.1 13 10
    endloop
  endfacet
  facet normal 0 0.999466 -0.0326796
    outer loop
      vertex -12.7 13 10
      vertex -6.1 12.9722 9.14977
      vertex -12.7 12.9722 9.14977
    endloop
  endfacet
  facet normal 0 0.995183 -0.098036
    outer loop
      vertex -6.1 12.8888 8.30316
      vertex -12.7 12.9722 9.14977
      vertex -6.1 12.9722 9.14977
    endloop
  endfacet
  facet normal 0 0.995183 -0.098036
    outer loop
      vertex -12.7 12.9722 9.14977
      vertex -6.1 12.8888 8.30316
      vertex -12.7 12.8888 8.30316
    endloop
  endfacet
  facet normal 0.352355 -0.825371 -0.441145
    outer loop
      vertex -6.85559 -9.71018 0
      vertex -6.1 -11.2583 3.5
      vertex -6.1 -11.6593 4.25026
    endloop
  endfacet
  facet normal 0.35243 -0.825338 -0.441147
    outer loop
      vertex -6.1 -11.2583 3.5
      vertex -6.85559 -9.71018 0
      vertex -6.76667 -9.67221 0
    endloop
  endfacet
  facet normal 1 0 0
    outer loop
      vertex -6.1 -9.19238 0.807617
      vertex -6.1 -9 0.487513
      vertex -6.1 -9 0.627432
    endloop
  endfacet
  facet normal 1 0 0
    outer loop
      vertex -6.1 -9.77391 1.42851
      vertex -6.1 -9 0.0330933
      vertex -6.1 -9 0.191686
    endloop
  endfacet
  facet normal 1 0 0
    outer loop
      vertex -6.1 -9 0.0330933
      vertex -6.1 -9.77391 1.42851
      vertex -6.1 -10.3136 2.08611
    endloop
  endfacet
  facet normal 0 -0.910845 0.412749
    outer loop
      vertex -12.7 -12.0104 14.9749
      vertex -6.1 -11.6593 15.7497
      vertex -12.7 -11.6593 15.7497
    endloop
  endfacet
  facet normal 0 -0.910845 0.412749
    outer loop
      vertex -6.1 -11.6593 15.7497
      vertex -12.7 -12.0104 14.9749
      vertex -6.1 -12.0104 14.9749
    endloop
  endfacet
  facet normal 0 -0.956958 0.290226
    outer loop
      vertex -12.7 -12.557 13.3646
      vertex -6.1 -12.3101 14.1787
      vertex -12.7 -12.3101 14.1787
    endloop
  endfacet
  facet normal 0 -0.956958 0.290226
    outer loop
      vertex -6.1 -12.3101 14.1787
      vertex -12.7 -12.557 13.3646
      vertex -6.1 -12.557 13.3646
    endloop
  endfacet
  facet normal 0 -0.412722 0.910857
    outer loop
      vertex -12.7 -4.97488 22.0104
      vertex -6.1 -5.74974 21.6593
      vertex -6.1 -4.97488 22.0104
    endloop
  endfacet
  facet normal 0 -0.412722 0.910857
    outer loop
      vertex -6.1 -5.74974 21.6593
      vertex -12.7 -4.97488 22.0104
      vertex -12.7 -5.74974 21.6593
    endloop
  endfacet
  facet normal 0 -0.471376 0.881932
    outer loop
      vertex -12.7 -5.74974 21.6593
      vertex -6.1 -6.5 21.2583
      vertex -6.1 -5.74974 21.6593
    endloop
  endfacet
  facet normal 0 -0.471376 0.881932
    outer loop
      vertex -6.1 -6.5 21.2583
      vertex -12.7 -5.74974 21.6593
      vertex -12.7 -6.5 21.2583
    endloop
  endfacet
  facet normal 0 -0.634408 0.772998
    outer loop
      vertex -12.7 -7.91389 20.3136
      vertex -6.1 -8.57149 19.7739
      vertex -6.1 -7.91389 20.3136
    endloop
  endfacet
  facet normal 0 -0.634408 0.772998
    outer loop
      vertex -6.1 -8.57149 19.7739
      vertex -12.7 -7.91389 20.3136
      vertex -12.7 -8.57149 19.7739
    endloop
  endfacet
  facet normal 0 -0.773004 0.634401
    outer loop
      vertex -12.7 -10.3136 17.9139
      vertex -6.1 -9.77391 18.5715
      vertex -12.7 -9.77391 18.5715
    endloop
  endfacet
  facet normal 0 -0.773004 0.634401
    outer loop
      vertex -6.1 -9.77391 18.5715
      vertex -12.7 -10.3136 17.9139
      vertex -6.1 -10.3136 17.9139
    endloop
  endfacet
  facet normal 0 0.910845 0.412749
    outer loop
      vertex -6.1 12.0104 14.9749
      vertex -12.7 11.6593 15.7497
      vertex -6.1 11.6593 15.7497
    endloop
  endfacet
  facet normal 0 0.910845 0.412749
    outer loop
      vertex -12.7 11.6593 15.7497
      vertex -6.1 12.0104 14.9749
      vertex -12.7 12.0104 14.9749
    endloop
  endfacet
  facet normal 0 0.935894 0.352283
    outer loop
      vertex -6.1 12.3101 14.1787
      vertex -12.7 12.0104 14.9749
      vertex -6.1 12.0104 14.9749
    endloop
  endfacet
  facet normal 0 0.935894 0.352283
    outer loop
      vertex -12.7 12.0104 14.9749
      vertex -6.1 12.3101 14.1787
      vertex -12.7 12.3101 14.1787
    endloop
  endfacet
  facet normal 0 0.986641 0.162912
    outer loop
      vertex -6.1 12.8888 11.6968
      vertex -12.7 12.7502 12.5362
      vertex -6.1 12.7502 12.5362
    endloop
  endfacet
  facet normal 0 0.986641 0.162912
    outer loop
      vertex -12.7 12.7502 12.5362
      vertex -6.1 12.8888 11.6968
      vertex -12.7 12.8888 11.6968
    endloop
  endfacet
  facet normal 0 0.995183 0.0980371
    outer loop
      vertex -6.1 12.9722 10.8502
      vertex -12.7 12.8888 11.6968
      vertex -6.1 12.8888 11.6968
    endloop
  endfacet
  facet normal 0 0.995183 0.0980371
    outer loop
      vertex -12.7 12.8888 11.6968
      vertex -6.1 12.9722 10.8502
      vertex -12.7 12.9722 10.8502
    endloop
  endfacet
  facet normal 0 0.999466 0.0326807
    outer loop
      vertex -6.1 13 10
      vertex -12.7 12.9722 10.8502
      vertex -6.1 12.9722 10.8502
    endloop
  endfacet
  facet normal 0 0.999466 0.0326807
    outer loop
      vertex -12.7 12.9722 10.8502
      vertex -6.1 13 10
      vertex -12.7 13 10
    endloop
  endfacet
  facet normal 0 0.910857 -0.412722
    outer loop
      vertex -6.1 11.6593 4.25026
      vertex -12.7 12.0104 5.02512
      vertex -6.1 12.0104 5.02512
    endloop
  endfacet
  facet normal 0 0.910857 -0.412722
    outer loop
      vertex -12.7 12.0104 5.02512
      vertex -6.1 11.6593 4.25026
      vertex -12.7 11.6593 4.25026
    endloop
  endfacet
  facet normal 0 0.956955 -0.290236
    outer loop
      vertex -6.1 12.3101 5.82129
      vertex -12.7 12.557 6.63536
      vertex -6.1 12.557 6.63536
    endloop
  endfacet
  facet normal 0 0.956955 -0.290236
    outer loop
      vertex -12.7 12.557 6.63536
      vertex -6.1 12.3101 5.82129
      vertex -12.7 12.3101 5.82129
    endloop
  endfacet
  facet normal -0.892608 0.382855 -0.238062
    outer loop
      vertex -12.5545 9.4212 0
      vertex -12.7 10.8091 2.77759
      vertex -12.7 11.2583 3.5
    endloop
  endfacet
  facet normal -0.892621 0.382832 -0.238051
    outer loop
      vertex -12.7 10.8091 2.77759
      vertex -12.5545 9.4212 0
      vertex -12.576 9.37107 0
    endloop
  endfacet
  facet normal 0 -0.582472 0.812851
    outer loop
      vertex -12.7 -7.22241 20.8091
      vertex -6.1 -7.91389 20.3136
      vertex -6.1 -7.22241 20.8091
    endloop
  endfacet
  facet normal 0 -0.582472 0.812851
    outer loop
      vertex -6.1 -7.91389 20.3136
      vertex -12.7 -7.22241 20.8091
      vertex -12.7 -7.91389 20.3136
    endloop
  endfacet
  facet normal 0 -0.528048 0.849215
    outer loop
      vertex -12.7 -6.5 21.2583
      vertex -6.1 -7.22241 20.8091
      vertex -6.1 -6.5 21.2583
    endloop
  endfacet
  facet normal 0 -0.528048 0.849215
    outer loop
      vertex -6.1 -7.22241 20.8091
      vertex -12.7 -6.5 21.2583
      vertex -12.7 -7.22241 20.8091
    endloop
  endfacet
  facet normal 0 -0.683575 0.72988
    outer loop
      vertex -12.7 -8.57149 19.7739
      vertex -6.1 -9.19238 19.1924
      vertex -6.1 -8.57149 19.7739
    endloop
  endfacet
  facet normal 0 -0.683575 0.72988
    outer loop
      vertex -6.1 -9.19238 19.1924
      vertex -12.7 -8.57149 19.7739
      vertex -12.7 -9.19238 19.1924
    endloop
  endfacet
  facet normal -0.389496 0.808753 -0.440695
    outer loop
      vertex -12.5545 9.4212 0
      vertex -12.7 11.2583 3.5
      vertex -12.0333 9.67221 0
    endloop
  endfacet
  facet normal -0.923101 0.323127 -0.208501
    outer loop
      vertex -12.7 9.01683 0
      vertex -12.7 10.8091 2.77759
      vertex -12.576 9.37107 0
    endloop
  endfacet
  facet normal 0 0.97387 -0.227105
    outer loop
      vertex -6.1 12.557 6.63536
      vertex -12.7 12.7502 7.46384
      vertex -6.1 12.7502 7.46384
    endloop
  endfacet
  facet normal 0 0.97387 -0.227105
    outer loop
      vertex -12.7 12.7502 7.46384
      vertex -6.1 12.557 6.63536
      vertex -12.7 12.557 6.63536
    endloop
  endfacet
  facet normal 0 0.986638 -0.162927
    outer loop
      vertex -6.1 12.7502 7.46384
      vertex -12.7 12.8888 8.30316
      vertex -6.1 12.8888 8.30316
    endloop
  endfacet
  facet normal 0 0.986638 -0.162927
    outer loop
      vertex -12.7 12.8888 8.30316
      vertex -6.1 12.7502 7.46384
      vertex -12.7 12.7502 7.46384
    endloop
  endfacet
  facet normal -1 0 0
    outer loop
      vertex -12.7 8.97883 0
      vertex -12.7 9.77391 1.42851
      vertex -12.7 10.3136 2.08611
    endloop
  endfacet
  facet normal -1 0 0
    outer loop
      vertex -12.7 9.77391 1.42851
      vertex -12.7 8.97883 0
      vertex -12.7 8.88006 0
    endloop
  endfacet
  facet normal -0.352351 0.825372 -0.441146
    outer loop
      vertex -11.9444 9.71018 0
      vertex -12.7 11.2583 3.5
      vertex -12.7 11.6593 4.25026
    endloop
  endfacet
  facet normal -0.352497 0.825308 -0.441149
    outer loop
      vertex -12.7 11.2583 3.5
      vertex -11.9444 9.71018 0
      vertex -12.0333 9.67221 0
    endloop
  endfacet
  facet normal -1 0 0
    outer loop
      vertex -12.7 9.01683 0
      vertex -12.7 10.3136 2.08611
      vertex -12.7 10.8091 2.77759
    endloop
  endfacet
  facet normal -1 0 0
    outer loop
      vertex -12.7 10.3136 2.08611
      vertex -12.7 9.01683 0
      vertex -12.7 8.97883 0
    endloop
  endfacet
  facet normal 0 -0.986638 -0.162927
    outer loop
      vertex 6.1 -12.7502 7.46384
      vertex 12.7 -12.8888 8.30316
      vertex 6.1 -12.8888 8.30316
    endloop
  endfacet
  facet normal 0 -0.986638 -0.162927
    outer loop
      vertex 12.7 -12.8888 8.30316
      vertex 6.1 -12.7502 7.46384
      vertex 12.7 -12.7502 7.46384
    endloop
  endfacet
  facet normal 0.867623 0.417795 -0.269587
    outer loop
      vertex 12.7 9.01683 0
      vertex 12.4861 9.46103 0
      vertex 12.7 10.8091 2.77759
    endloop
  endfacet
  facet normal 0 -0.910857 -0.412722
    outer loop
      vertex 6.1 -11.6593 4.25026
      vertex 12.7 -12.0104 5.02512
      vertex 6.1 -12.0104 5.02512
    endloop
  endfacet
  facet normal 0 -0.910857 -0.412722
    outer loop
      vertex 12.7 -12.0104 5.02512
      vertex 6.1 -11.6593 4.25026
      vertex 12.7 -11.6593 4.25026
    endloop
  endfacet
  facet normal 0 -0.986641 0.162912
    outer loop
      vertex 6.1 -12.8888 11.6968
      vertex 12.7 -12.7502 12.5362
      vertex 6.1 -12.7502 12.5362
    endloop
  endfacet
  facet normal 0 -0.986641 0.162912
    outer loop
      vertex 12.7 -12.7502 12.5362
      vertex 6.1 -12.8888 11.6968
      vertex 12.7 -12.8888 11.6968
    endloop
  endfacet
  facet normal -0.832892 -0.469982 -0.292247
    outer loop
      vertex 6.35101 -9.52676 0
      vertex 6.1 -10.8091 2.77759
      vertex 6.31392 -9.46103 0
    endloop
  endfacet
  facet normal -0.832866 -0.470018 -0.292261
    outer loop
      vertex 6.1 -10.8091 2.77759
      vertex 6.35101 -9.52676 0
      vertex 6.1 -11.2583 3.5
    endloop
  endfacet
  facet normal 0 -0.935889 -0.352294
    outer loop
      vertex 6.1 -12.0104 5.02512
      vertex 12.7 -12.3101 5.82129
      vertex 6.1 -12.3101 5.82129
    endloop
  endfacet
  facet normal 0 -0.935889 -0.352294
    outer loop
      vertex 12.7 -12.3101 5.82129
      vertex 6.1 -12.0104 5.02512
      vertex 12.7 -12.0104 5.02512
    endloop
  endfacet
  facet normal 0 -0.97387 -0.227105
    outer loop
      vertex 6.1 -12.557 6.63536
      vertex 12.7 -12.7502 7.46384
      vertex 6.1 -12.7502 7.46384
    endloop
  endfacet
  facet normal 0 -0.97387 -0.227105
    outer loop
      vertex 12.7 -12.7502 7.46384
      vertex 6.1 -12.557 6.63536
      vertex 12.7 -12.557 6.63536
    endloop
  endfacet
  facet normal 0 -0.290236 0.956955
    outer loop
      vertex 6.1 -3.36464 22.557
      vertex 12.7 -4.17871 22.3101
      vertex 12.7 -3.36464 22.557
    endloop
  endfacet
  facet normal 0 -0.290236 0.956955
    outer loop
      vertex 12.7 -4.17871 22.3101
      vertex 6.1 -3.36464 22.557
      vertex 6.1 -4.17871 22.3101
    endloop
  endfacet
  facet normal 0 0.881943 0.471357
    outer loop
      vertex 12.7 11.6593 15.7497
      vertex 6.1 11.2583 16.5
      vertex 12.7 11.2583 16.5
    endloop
  endfacet
  facet normal 0 0.881943 0.471357
    outer loop
      vertex 6.1 11.2583 16.5
      vertex 12.7 11.6593 15.7497
      vertex 6.1 11.6593 15.7497
    endloop
  endfacet
  facet normal 0.296411 0.847069 -0.441151
    outer loop
      vertex 12.4155 9.54533 0
      vertex 11.9444 9.71018 0
      vertex 12.7 11.6593 4.25026
    endloop
  endfacet
  facet normal -0.296411 -0.847069 -0.441151
    outer loop
      vertex 6.85559 -9.71018 0
      vertex 6.1 -11.6593 4.25026
      vertex 6.38449 -9.54533 0
    endloop
  endfacet
  facet normal -0.439412 -0.792219 -0.423445
    outer loop
      vertex 6.38449 -9.54533 0
      vertex 6.1 -11.2583 3.5
      vertex 6.35101 -9.52676 0
    endloop
  endfacet
  facet normal -0.439235 -0.792303 -0.423471
    outer loop
      vertex 6.1 -11.2583 3.5
      vertex 6.38449 -9.54533 0
      vertex 6.1 -11.6593 4.25026
    endloop
  endfacet
  facet normal 0.389496 -0.808753 -0.440695
    outer loop
      vertex 12.7 -11.2583 3.5
      vertex 12.0333 -9.67221 0
      vertex 12.5545 -9.4212 0
    endloop
  endfacet
  facet normal 0 -0.908977 -0.416846
    outer loop
      vertex 6.85559 -9.71018 0
      vertex 12.7 -11.6593 4.25026
      vertex 6.1 -11.6593 4.25026
    endloop
  endfacet
  facet normal 0 -0.908977 -0.416846
    outer loop
      vertex 12.7 -11.6593 4.25026
      vertex 6.85559 -9.71018 0
      vertex 11.9444 -9.71018 0
    endloop
  endfacet
  facet normal 0 -0.956955 -0.290236
    outer loop
      vertex 6.1 -12.3101 5.82129
      vertex 12.7 -12.557 6.63536
      vertex 6.1 -12.557 6.63536
    endloop
  endfacet
  facet normal 0 -0.956955 -0.290236
    outer loop
      vertex 12.7 -12.557 6.63536
      vertex 6.1 -12.3101 5.82129
      vertex 12.7 -12.3101 5.82129
    endloop
  endfacet
  facet normal 1 0 0
    outer loop
      vertex 12.7 0 15.7735
      vertex 12.7 5.74974 21.6593
      vertex 12.7 4.97488 22.0104
    endloop
  endfacet
  facet normal 1 0 0
    outer loop
      vertex 12.7 0 15.7735
      vertex 12.7 4.97488 22.0104
      vertex 12.7 4.17871 22.3101
    endloop
  endfacet
  facet normal 1 0 0
    outer loop
      vertex 12.7 0 15.7735
      vertex 12.7 4.17871 22.3101
      vertex 12.7 3.36464 22.557
    endloop
  endfacet
  facet normal 1 0 0
    outer loop
      vertex 12.7 0 15.7735
      vertex 12.7 3.36464 22.557
      vertex 12.7 2.53616 22.7502
    endloop
  endfacet
  facet normal 1 0 0
    outer loop
      vertex 12.7 0 15.7735
      vertex 12.7 2.53616 22.7502
      vertex 12.7 1.69684 22.8888
    endloop
  endfacet
  facet normal 1 0 0
    outer loop
      vertex 12.7 0 15.7735
      vertex 12.7 1.69684 22.8888
      vertex 12.7 0.850235 22.9722
    endloop
  endfacet
  facet normal 1 0 0
    outer loop
      vertex 12.7 0 15.7735
      vertex 12.7 0.850235 22.9722
      vertex 12.7 0 23
    endloop
  endfacet
  facet normal 1 0 0
    outer loop
      vertex 12.7 5.74974 21.6593
      vertex 12.7 0 15.7735
      vertex 12.7 5 12.8868
    endloop
  endfacet
  facet normal 1 -0 0
    outer loop
      vertex 12.7 -0.850235 22.9722
      vertex 12.7 0 15.7735
      vertex 12.7 0 23
    endloop
  endfacet
  facet normal 1 -0 0
    outer loop
      vertex 12.7 -1.69684 22.8888
      vertex 12.7 0 15.7735
      vertex 12.7 -0.850235 22.9722
    endloop
  endfacet
  facet normal 1 -0 0
    outer loop
      vertex 12.7 -2.53616 22.7502
      vertex 12.7 0 15.7735
      vertex 12.7 -1.69684 22.8888
    endloop
  endfacet
  facet normal 1 -0 0
    outer loop
      vertex 12.7 -3.36464 22.557
      vertex 12.7 0 15.7735
      vertex 12.7 -2.53616 22.7502
    endloop
  endfacet
  facet normal 1 -0 0
    outer loop
      vertex 12.7 -4.17871 22.3101
      vertex 12.7 0 15.7735
      vertex 12.7 -3.36464 22.557
    endloop
  endfacet
  facet normal 1 -0 0
    outer loop
      vertex 12.7 -4.97488 22.0104
      vertex 12.7 0 15.7735
      vertex 12.7 -4.17871 22.3101
    endloop
  endfacet
  facet normal 1 -0 0
    outer loop
      vertex 12.7 -5.74974 21.6593
      vertex 12.7 0 15.7735
      vertex 12.7 -4.97488 22.0104
    endloop
  endfacet
  facet normal 1 0 0
    outer loop
      vertex 12.7 0 15.7735
      vertex 12.7 -6.5 21.2583
      vertex 12.7 -5 12.8868
    endloop
  endfacet
  facet normal 1 -0 0
    outer loop
      vertex 12.7 -6.5 21.2583
      vertex 12.7 0 15.7735
      vertex 12.7 -5.74974 21.6593
    endloop
  endfacet
  facet normal 1 0 0
    outer loop
      vertex 12.7 5 12.8868
      vertex 12.7 13 10
      vertex 12.7 12.9722 10.8502
    endloop
  endfacet
  facet normal 1 0 0
    outer loop
      vertex 12.7 5 12.8868
      vertex 12.7 12.9722 10.8502
      vertex 12.7 12.8888 11.6968
    endloop
  endfacet
  facet normal 1 0 0
    outer loop
      vertex 12.7 5 7.11325
      vertex 12.7 13 10
      vertex 12.7 5 12.8868
    endloop
  endfacet
  facet normal 1 0 0
    outer loop
      vertex 12.7 5 12.8868
      vertex 12.7 12.8888 11.6968
      vertex 12.7 12.7502 12.5362
    endloop
  endfacet
  facet normal 1 0 0
    outer loop
      vertex 12.7 13 10
      vertex 12.7 5 7.11325
      vertex 12.7 12.9722 9.14977
    endloop
  endfacet
  facet normal 1 -0 0
    outer loop
      vertex 12.7 5 12.8868
      vertex 12.7 12.7502 12.5362
      vertex 12.7 12.557 13.3646
    endloop
  endfacet
  facet normal 1 0 0
    outer loop
      vertex 12.7 12.9722 9.14977
      vertex 12.7 5 7.11325
      vertex 12.7 12.8888 8.30316
    endloop
  endfacet
  facet normal 1 0 0
    outer loop
      vertex 12.7 5 12.8868
      vertex 12.7 12.557 13.3646
      vertex 12.7 12.3101 14.1787
    endloop
  endfacet
  facet normal 1 0 0
    outer loop
      vertex 12.7 12.8888 8.30316
      vertex 12.7 5 7.11325
      vertex 12.7 12.7502 7.46384
    endloop
  endfacet
  facet normal 1 0 0
    outer loop
      vertex 12.7 5 12.8868
      vertex 12.7 12.3101 14.1787
      vertex 12.7 12.0104 14.9749
    endloop
  endfacet
  facet normal 1 0 0
    outer loop
      vertex 12.7 12.7502 7.46384
      vertex 12.7 5 7.11325
      vertex 12.7 12.557 6.63536
    endloop
  endfacet
  facet normal 1 0 0
    outer loop
      vertex 12.7 5 12.8868
      vertex 12.7 12.0104 14.9749
      vertex 12.7 11.6593 15.7497
    endloop
  endfacet
  facet normal 1 0 0
    outer loop
      vertex 12.7 12.557 6.63536
      vertex 12.7 5 7.11325
      vertex 12.7 12.3101 5.82129
    endloop
  endfacet
  facet normal 1 0 0
    outer loop
      vertex 12.7 5 12.8868
      vertex 12.7 11.6593 15.7497
      vertex 12.7 11.2583 16.5
    endloop
  endfacet
  facet normal 1 0 0
    outer loop
      vertex 12.7 12.3101 5.82129
      vertex 12.7 5 7.11325
      vertex 12.7 12.0104 5.02512
    endloop
  endfacet
  facet normal 1 0 0
    outer loop
      vertex 12.7 5 12.8868
      vertex 12.7 11.2583 16.5
      vertex 12.7 10.8091 17.2224
    endloop
  endfacet
  facet normal 1 0 0
    outer loop
      vertex 12.7 12.0104 5.02512
      vertex 12.7 5 7.11325
      vertex 12.7 11.6593 4.25026
    endloop
  endfacet
  facet normal 1 0 0
    outer loop
      vertex 12.7 5 12.8868
      vertex 12.7 10.8091 17.2224
      vertex 12.7 10.3136 17.9139
    endloop
  endfacet
  facet normal 1 0 0
    outer loop
      vertex 12.7 11.6593 4.25026
      vertex 12.7 5 7.11325
      vertex 12.7 11.2583 3.5
    endloop
  endfacet
  facet normal 1 0 0
    outer loop
      vertex 12.7 5 12.8868
      vertex 12.7 10.3136 17.9139
      vertex 12.7 9.77391 18.5715
    endloop
  endfacet
  facet normal 1 0 0
    outer loop
      vertex 12.7 11.2583 3.5
      vertex 12.7 5 7.11325
      vertex 12.7 10.8091 2.77759
    endloop
  endfacet
  facet normal 1 0 0
    outer loop
      vertex 12.7 5 12.8868
      vertex 12.7 9.77391 18.5715
      vertex 12.7 9.19238 19.1924
    endloop
  endfacet
  facet normal 1 0 0
    outer loop
      vertex 12.7 10.8091 2.77759
      vertex 12.7 5 7.11325
      vertex 12.7 10.3136 2.08611
    endloop
  endfacet
  facet normal 1 0 0
    outer loop
      vertex 12.7 5 12.8868
      vertex 12.7 9.19238 19.1924
      vertex 12.7 8.57149 19.7739
    endloop
  endfacet
  facet normal 1 0 0
    outer loop
      vertex 12.7 10.3136 2.08611
      vertex 12.7 5 7.11325
      vertex 12.7 9.77391 1.42851
    endloop
  endfacet
  facet normal 1 0 0
    outer loop
      vertex 12.7 9.19238 0.807617
      vertex 12.7 5 7.11325
      vertex 12.7 8.57149 0.226089
    endloop
  endfacet
  facet normal 1 0 0
    outer loop
      vertex 12.7 5 12.8868
      vertex 12.7 8.57149 19.7739
      vertex 12.7 7.91389 20.3136
    endloop
  endfacet
  facet normal 1 0 0
    outer loop
      vertex 12.7 5 12.8868
      vertex 12.7 7.91389 20.3136
      vertex 12.7 7.22241 20.8091
    endloop
  endfacet
  facet normal 1 0 0
    outer loop
      vertex 12.7 5 12.8868
      vertex 12.7 7.22241 20.8091
      vertex 12.7 6.5 21.2583
    endloop
  endfacet
  facet normal 1 0 0
    outer loop
      vertex 12.7 5 12.8868
      vertex 12.7 6.5 21.2583
      vertex 12.7 5.74974 21.6593
    endloop
  endfacet
  facet normal 1 0 0
    outer loop
      vertex 12.7 9.77391 1.42851
      vertex 12.7 5 7.11325
      vertex 12.7 9.19238 0.807617
    endloop
  endfacet
  facet normal 1 0 0
    outer loop
      vertex 12.7 8.57149 0.226089
      vertex 12.7 5 7.11325
      vertex 12.7 8.29599 0
    endloop
  endfacet
  facet normal 1 -0 0
    outer loop
      vertex 12.7 0 4.2265
      vertex 12.7 8.29599 0
      vertex 12.7 5 7.11325
    endloop
  endfacet
  facet normal 1 -0 0
    outer loop
      vertex 12.7 -7.22241 20.8091
      vertex 12.7 -5 12.8868
      vertex 12.7 -6.5 21.2583
    endloop
  endfacet
  facet normal 1 -0 0
    outer loop
      vertex 12.7 -7.91389 20.3136
      vertex 12.7 -5 12.8868
      vertex 12.7 -7.22241 20.8091
    endloop
  endfacet
  facet normal 1 -0 0
    outer loop
      vertex 12.7 -8.57149 19.7739
      vertex 12.7 -5 12.8868
      vertex 12.7 -7.91389 20.3136
    endloop
  endfacet
  facet normal 1 0 0
    outer loop
      vertex 12.7 0 4.2265
      vertex 12.7 -8.29599 0
      vertex 12.7 8.29599 0
    endloop
  endfacet
  facet normal 1 0 0
    outer loop
      vertex 12.7 -5 7.11325
      vertex 12.7 -8.29599 0
      vertex 12.7 0 4.2265
    endloop
  endfacet
  facet normal 1 -0 0
    outer loop
      vertex 12.7 -9.19238 19.1924
      vertex 12.7 -5 12.8868
      vertex 12.7 -8.57149 19.7739
    endloop
  endfacet
  facet normal 1 -0 0
    outer loop
      vertex 12.7 -9.77391 18.5715
      vertex 12.7 -5 12.8868
      vertex 12.7 -9.19238 19.1924
    endloop
  endfacet
  facet normal 1 -0 0
    outer loop
      vertex 12.7 -10.3136 17.9139
      vertex 12.7 -5 12.8868
      vertex 12.7 -9.77391 18.5715
    endloop
  endfacet
  facet normal 1 0 -0
    outer loop
      vertex 12.7 -8.57149 0.226089
      vertex 12.7 -5 7.11325
      vertex 12.7 -9.19238 0.807617
    endloop
  endfacet
  facet normal 1 0 0
    outer loop
      vertex 12.7 -5 7.11325
      vertex 12.7 -8.57149 0.226089
      vertex 12.7 -8.29599 0
    endloop
  endfacet
  facet normal 1 -0 0
    outer loop
      vertex 12.7 -10.8091 17.2224
      vertex 12.7 -5 12.8868
      vertex 12.7 -10.3136 17.9139
    endloop
  endfacet
  facet normal 1 0 0
    outer loop
      vertex 12.7 -5 7.11325
      vertex 12.7 -9.77391 1.42851
      vertex 12.7 -9.19238 0.807617
    endloop
  endfacet
  facet normal 1 -0 0
    outer loop
      vertex 12.7 -11.2583 16.5
      vertex 12.7 -5 12.8868
      vertex 12.7 -10.8091 17.2224
    endloop
  endfacet
  facet normal 1 0 0
    outer loop
      vertex 12.7 -5 7.11325
      vertex 12.7 -10.3136 2.08611
      vertex 12.7 -9.77391 1.42851
    endloop
  endfacet
  facet normal 1 -0 0
    outer loop
      vertex 12.7 -11.6593 15.7497
      vertex 12.7 -5 12.8868
      vertex 12.7 -11.2583 16.5
    endloop
  endfacet
  facet normal 1 0 0
    outer loop
      vertex 12.7 -5 7.11325
      vertex 12.7 -10.8091 2.77759
      vertex 12.7 -10.3136 2.08611
    endloop
  endfacet
  facet normal 1 -0 0
    outer loop
      vertex 12.7 -12.0104 14.9749
      vertex 12.7 -5 12.8868
      vertex 12.7 -11.6593 15.7497
    endloop
  endfacet
  facet normal 1 0 0
    outer loop
      vertex 12.7 -5 7.11325
      vertex 12.7 -11.2583 3.5
      vertex 12.7 -10.8091 2.77759
    endloop
  endfacet
  facet normal 1 -0 0
    outer loop
      vertex 12.7 -12.3101 14.1787
      vertex 12.7 -5 12.8868
      vertex 12.7 -12.0104 14.9749
    endloop
  endfacet
  facet normal 1 0 0
    outer loop
      vertex 12.7 -5 7.11325
      vertex 12.7 -11.6593 4.25026
      vertex 12.7 -11.2583 3.5
    endloop
  endfacet
  facet normal 1 -0 0
    outer loop
      vertex 12.7 -12.557 13.3646
      vertex 12.7 -5 12.8868
      vertex 12.7 -12.3101 14.1787
    endloop
  endfacet
  facet normal 1 0 0
    outer loop
      vertex 12.7 -5 7.11325
      vertex 12.7 -12.0104 5.02512
      vertex 12.7 -11.6593 4.25026
    endloop
  endfacet
  facet normal 1 0 0
    outer loop
      vertex 12.7 -12.7502 12.5362
      vertex 12.7 -5 12.8868
      vertex 12.7 -12.557 13.3646
    endloop
  endfacet
  facet normal 1 0 0
    outer loop
      vertex 12.7 -5 7.11325
      vertex 12.7 -12.3101 5.82129
      vertex 12.7 -12.0104 5.02512
    endloop
  endfacet
  facet normal 1 0 0
    outer loop
      vertex 12.7 -12.8888 11.6968
      vertex 12.7 -5 12.8868
      vertex 12.7 -12.7502 12.5362
    endloop
  endfacet
  facet normal 1 0 0
    outer loop
      vertex 12.7 -5 7.11325
      vertex 12.7 -12.557 6.63536
      vertex 12.7 -12.3101 5.82129
    endloop
  endfacet
  facet normal 1 0 0
    outer loop
      vertex 12.7 -12.9722 10.8502
      vertex 12.7 -5 12.8868
      vertex 12.7 -12.8888 11.6968
    endloop
  endfacet
  facet normal 1 0 0
    outer loop
      vertex 12.7 -5 7.11325
      vertex 12.7 -12.7502 7.46384
      vertex 12.7 -12.557 6.63536
    endloop
  endfacet
  facet normal 1 0 0
    outer loop
      vertex 12.7 -13 10
      vertex 12.7 -5 12.8868
      vertex 12.7 -12.9722 10.8502
    endloop
  endfacet
  facet normal 1 0 0
    outer loop
      vertex 12.7 -5 7.11325
      vertex 12.7 -12.8888 8.30316
      vertex 12.7 -12.7502 7.46384
    endloop
  endfacet
  facet normal 1 0 0
    outer loop
      vertex 12.7 -5 12.8868
      vertex 12.7 -13 10
      vertex 12.7 -5 7.11325
    endloop
  endfacet
  facet normal 1 0 0
    outer loop
      vertex 12.7 -5 7.11325
      vertex 12.7 -12.9722 9.14977
      vertex 12.7 -12.8888 8.30316
    endloop
  endfacet
  facet normal 1 0 0
    outer loop
      vertex 12.7 -5 7.11325
      vertex 12.7 -13 10
      vertex 12.7 -12.9722 9.14977
    endloop
  endfacet
  facet normal 0 -0.849211 0.528053
    outer loop
      vertex 6.1 -11.2583 16.5
      vertex 12.7 -10.8091 17.2224
      vertex 6.1 -10.8091 17.2224
    endloop
  endfacet
  facet normal 0 -0.849211 0.528053
    outer loop
      vertex 12.7 -10.8091 17.2224
      vertex 6.1 -11.2583 16.5
      vertex 12.7 -11.2583 16.5
    endloop
  endfacet
  facet normal -0 0.352294 0.935889
    outer loop
      vertex 6.1 4.97488 22.0104
      vertex 12.7 4.17871 22.3101
      vertex 12.7 4.97488 22.0104
    endloop
  endfacet
  facet normal 0 0.352294 0.935889
    outer loop
      vertex 12.7 4.17871 22.3101
      vertex 6.1 4.97488 22.0104
      vertex 6.1 4.17871 22.3101
    endloop
  endfacet
  facet normal -1 0 0
    outer loop
      vertex 6.1 9 0.487513
      vertex 6.1 9 0.627432
      vertex 6.1 9.19238 0.807617
    endloop
  endfacet
  facet normal 0.439204 0.792317 -0.423477
    outer loop
      vertex 12.4155 9.54533 0
      vertex 12.7 11.2583 3.5
      vertex 12.449 9.52676 0
    endloop
  endfacet
  facet normal 0.439223 0.792309 -0.423474
    outer loop
      vertex 12.7 11.2583 3.5
      vertex 12.4155 9.54533 0
      vertex 12.7 11.6593 4.25026
    endloop
  endfacet
  facet normal -1 0 0
    outer loop
      vertex 6.1 -9.01683 0
      vertex 6.1 -9 0.0330933
      vertex 6.1 -9 0
    endloop
  endfacet
  facet normal -1 0 0
    outer loop
      vertex 6.1 -9.01683 0
      vertex 6.1 -10.3136 2.08611
      vertex 6.1 -9 0.0330933
    endloop
  endfacet
  facet normal -1 -0 -0
    outer loop
      vertex 6.1 -10.3136 2.08611
      vertex 6.1 -9.01683 0
      vertex 6.1 -10.8091 2.77759
    endloop
  endfacet
  facet normal -0.867603 -0.417825 -0.269606
    outer loop
      vertex 6.31392 -9.46103 0
      vertex 6.1 -10.8091 2.77759
      vertex 6.1 -9.01683 0
    endloop
  endfacet
  facet normal 0.923101 -0.323127 -0.208501
    outer loop
      vertex 12.7 -10.8091 2.77759
      vertex 12.576 -9.37107 0
      vertex 12.7 -9.01683 0
    endloop
  endfacet
  facet normal 0.892621 -0.382832 -0.238051
    outer loop
      vertex 12.7 -10.8091 2.77759
      vertex 12.5545 -9.4212 0
      vertex 12.576 -9.37107 0
    endloop
  endfacet
  facet normal 0.892608 -0.382855 -0.238062
    outer loop
      vertex 12.5545 -9.4212 0
      vertex 12.7 -10.8091 2.77759
      vertex 12.7 -11.2583 3.5
    endloop
  endfacet
  facet normal 1 -0 0
    outer loop
      vertex 12.7 10.3136 2.08611
      vertex 12.7 9.01683 0
      vertex 12.7 10.8091 2.77759
    endloop
  endfacet
  facet normal 1 0 -0
    outer loop
      vertex 12.7 9.01683 0
      vertex 12.7 10.3136 2.08611
      vertex 12.7 8.97883 0
    endloop
  endfacet
  facet normal -1 0 0
    outer loop
      vertex 6.1 -9 0.627432
      vertex 6.1 -9.19238 0.807617
      vertex 6.1 -9 3
    endloop
  endfacet
  facet normal -1 0 0
    outer loop
      vertex 6.1 3.3 10
      vertex 6.1 13 10
      vertex 6.1 12.9722 9.14977
    endloop
  endfacet
  facet normal -1 0 0
    outer loop
      vertex 6.1 3.27177 9.56926
      vertex 6.1 12.9722 9.14977
      vertex 6.1 12.8888 8.30316
    endloop
  endfacet
  facet normal -1 0 0
    outer loop
      vertex 6.1 13 10
      vertex 6.1 3.3 10
      vertex 6.1 12.9722 10.8502
    endloop
  endfacet
  facet normal -1 0 0
    outer loop
      vertex 6.1 3.27177 9.56926
      vertex 6.1 12.8888 8.30316
      vertex 6.1 12.7502 7.46384
    endloop
  endfacet
  facet normal -1 0 0
    outer loop
      vertex 6.1 3.27177 10.4307
      vertex 6.1 12.9722 10.8502
      vertex 6.1 3.3 10
    endloop
  endfacet
  facet normal -1 0 0
    outer loop
      vertex 6.1 3.18755 9.1459
      vertex 6.1 12.7502 7.46384
      vertex 6.1 12.557 6.63536
    endloop
  endfacet
  facet normal -1 -0 0
    outer loop
      vertex 6.1 12.9722 10.8502
      vertex 6.1 3.27177 10.4307
      vertex 6.1 12.8888 11.6968
    endloop
  endfacet
  facet normal -1 0 0
    outer loop
      vertex 6.1 9 3
      vertex 6.1 12.557 6.63536
      vertex 6.1 12.3101 5.82129
    endloop
  endfacet
  facet normal -1 -0 0
    outer loop
      vertex 6.1 12.8888 11.6968
      vertex 6.1 3.27177 10.4307
      vertex 6.1 12.7502 12.5362
    endloop
  endfacet
  facet normal -1 0 0
    outer loop
      vertex 6.1 9 3
      vertex 6.1 12.3101 5.82129
      vertex 6.1 12.0104 5.02512
    endloop
  endfacet
  facet normal -1 0 0
    outer loop
      vertex 6.1 3.18755 10.8541
      vertex 6.1 12.7502 12.5362
      vertex 6.1 3.27177 10.4307
    endloop
  endfacet
  facet normal -1 0 0
    outer loop
      vertex 6.1 9 3
      vertex 6.1 12.0104 5.02512
      vertex 6.1 11.6593 4.25026
    endloop
  endfacet
  facet normal -1 -0 0
    outer loop
      vertex 6.1 12.7502 12.5362
      vertex 6.1 3.18755 10.8541
      vertex 6.1 12.557 13.3646
    endloop
  endfacet
  facet normal -1 0 0
    outer loop
      vertex 6.1 9 3
      vertex 6.1 11.6593 4.25026
      vertex 6.1 11.2583 3.5
    endloop
  endfacet
  facet normal -1 -0 0
    outer loop
      vertex 6.1 12.557 13.3646
      vertex 6.1 3.18755 10.8541
      vertex 6.1 12.3101 14.1787
    endloop
  endfacet
  facet normal -1 0 0
    outer loop
      vertex 6.1 9 3
      vertex 6.1 11.2583 3.5
      vertex 6.1 10.8091 2.77759
    endloop
  endfacet
  facet normal -1 -0 0
    outer loop
      vertex 6.1 12.557 6.63536
      vertex 6.1 9 3
      vertex 6.1 3.18755 9.1459
    endloop
  endfacet
  facet normal -1 0 0
    outer loop
      vertex 6.1 9 3
      vertex 6.1 10.8091 2.77759
      vertex 6.1 10.3136 2.08611
    endloop
  endfacet
  facet normal -1 0 0
    outer loop
      vertex 6.1 3.0488 11.2629
      vertex 6.1 12.3101 14.1787
      vertex 6.1 3.18755 10.8541
    endloop
  endfacet
  facet normal -1 0 0
    outer loop
      vertex 6.1 9 3
      vertex 6.1 10.3136 2.08611
      vertex 6.1 9.77391 1.42851
    endloop
  endfacet
  facet normal -1 -0 0
    outer loop
      vertex 6.1 12.3101 14.1787
      vertex 6.1 3.0488 11.2629
      vertex 6.1 12.0104 14.9749
    endloop
  endfacet
  facet normal -1 0 0
    outer loop
      vertex 6.1 9 3
      vertex 6.1 9.77391 1.42851
      vertex 6.1 9.19238 0.807617
    endloop
  endfacet
  facet normal -1 -0 0
    outer loop
      vertex 6.1 12.0104 14.9749
      vertex 6.1 3.0488 11.2629
      vertex 6.1 11.6593 15.7497
    endloop
  endfacet
  facet normal -1 0 0
    outer loop
      vertex 6.1 9 3
      vertex 6.1 9.19238 0.807617
      vertex 6.1 9 0.627432
    endloop
  endfacet
  facet normal -1 -0 0
    outer loop
      vertex 6.1 11.6593 15.7497
      vertex 6.1 2.85788 11.65
      vertex 6.1 11.2583 16.5
    endloop
  endfacet
  facet normal -1 -0 0
    outer loop
      vertex 6.1 11.2583 16.5
      vertex 6.1 2.85788 11.65
      vertex 6.1 10.8091 17.2224
    endloop
  endfacet
  facet normal -1 0 0
    outer loop
      vertex 6.1 2.61807 12.0089
      vertex 6.1 10.8091 17.2224
      vertex 6.1 2.85788 11.65
    endloop
  endfacet
  facet normal -1 -0 0
    outer loop
      vertex 6.1 10.8091 17.2224
      vertex 6.1 2.61807 12.0089
      vertex 6.1 10.3136 17.9139
    endloop
  endfacet
  facet normal -1 -0 0
    outer loop
      vertex 6.1 10.3136 17.9139
      vertex 6.1 2.61807 12.0089
      vertex 6.1 9.77391 18.5715
    endloop
  endfacet
  facet normal -1 -0 0
    outer loop
      vertex 6.1 9.77391 18.5715
      vertex 6.1 2.33345 12.3335
      vertex 6.1 9.19238 19.1924
    endloop
  endfacet
  facet normal -1 -0 0
    outer loop
      vertex 6.1 9.19238 19.1924
      vertex 6.1 2.33345 12.3335
      vertex 6.1 8.57149 19.7739
    endloop
  endfacet
  facet normal -1 0 0
    outer loop
      vertex 6.1 2.00891 12.6181
      vertex 6.1 8.57149 19.7739
      vertex 6.1 2.33345 12.3335
    endloop
  endfacet
  facet normal -1 -0 0
    outer loop
      vertex 6.1 8.57149 19.7739
      vertex 6.1 2.00891 12.6181
      vertex 6.1 7.91389 20.3136
    endloop
  endfacet
  facet normal -1 0 0
    outer loop
      vertex 6.1 2.85788 11.65
      vertex 6.1 11.6593 15.7497
      vertex 6.1 3.0488 11.2629
    endloop
  endfacet
  facet normal -1 0 0
    outer loop
      vertex 6.1 12.9722 9.14977
      vertex 6.1 3.27177 9.56926
      vertex 6.1 3.3 10
    endloop
  endfacet
  facet normal -1 0 0
    outer loop
      vertex 6.1 12.7502 7.46384
      vertex 6.1 3.18755 9.1459
      vertex 6.1 3.27177 9.56926
    endloop
  endfacet
  facet normal -1 0 0
    outer loop
      vertex 6.1 9 3
      vertex 6.1 3.0488 8.73714
      vertex 6.1 3.18755 9.1459
    endloop
  endfacet
  facet normal -1 0 0
    outer loop
      vertex 6.1 9 3
      vertex 6.1 2.85788 8.35
      vertex 6.1 3.0488 8.73714
    endloop
  endfacet
  facet normal -1 0 0
    outer loop
      vertex 6.1 9 3
      vertex 6.1 2.61807 7.99109
      vertex 6.1 2.85788 8.35
    endloop
  endfacet
  facet normal -1 0 0
    outer loop
      vertex 6.1 9 3
      vertex 6.1 2.33345 7.66655
      vertex 6.1 2.61807 7.99109
    endloop
  endfacet
  facet normal -1 0 0
    outer loop
      vertex 6.1 9 3
      vertex 6.1 2.00891 7.38193
      vertex 6.1 2.33345 7.66655
    endloop
  endfacet
  facet normal -1 0 0
    outer loop
      vertex 6.1 9 3
      vertex 6.1 1.65 7.14212
      vertex 6.1 2.00891 7.38193
    endloop
  endfacet
  facet normal -1 0 0
    outer loop
      vertex 6.1 9 3
      vertex 6.1 1.26285 6.9512
      vertex 6.1 1.65 7.14212
    endloop
  endfacet
  facet normal -1 0 0
    outer loop
      vertex 6.1 9 3
      vertex 6.1 0.854102 6.81244
      vertex 6.1 1.26285 6.9512
    endloop
  endfacet
  facet normal -1 0 0
    outer loop
      vertex 6.1 9 3
      vertex 6.1 0.430736 6.72823
      vertex 6.1 0.854102 6.81244
    endloop
  endfacet
  facet normal -1 0 0
    outer loop
      vertex 6.1 9 3
      vertex 6.1 0 6.7
      vertex 6.1 0.430736 6.72823
    endloop
  endfacet
  facet normal -1 0 0
    outer loop
      vertex 6.1 -9 3
      vertex 6.1 0 6.7
      vertex 6.1 9 3
    endloop
  endfacet
  facet normal -1 -0 0
    outer loop
      vertex 6.1 0 6.7
      vertex 6.1 -9 3
      vertex 6.1 -0.430736 6.72823
    endloop
  endfacet
  facet normal -1 -0 0
    outer loop
      vertex 6.1 -0.430736 6.72823
      vertex 6.1 -9 3
      vertex 6.1 -0.854102 6.81244
    endloop
  endfacet
  facet normal -1 0 0
    outer loop
      vertex 6.1 -0.854102 13.1876
      vertex 6.1 -4.17871 22.3101
      vertex 6.1 -3.36464 22.557
    endloop
  endfacet
  facet normal -1 0 0
    outer loop
      vertex 6.1 -12.9722 9.14977
      vertex 6.1 -3.3 10
      vertex 6.1 -3.27177 9.56926
    endloop
  endfacet
  facet normal -1 0 0
    outer loop
      vertex 6.1 -3.27177 10.4307
      vertex 6.1 -4.97488 22.0104
      vertex 6.1 -4.17871 22.3101
    endloop
  endfacet
  facet normal -1 0 0
    outer loop
      vertex 6.1 -3.27177 10.4307
      vertex 6.1 -5.74974 21.6593
      vertex 6.1 -4.97488 22.0104
    endloop
  endfacet
  facet normal -1 0 0
    outer loop
      vertex 6.1 -12.7502 7.46384
      vertex 6.1 -3.27177 9.56926
      vertex 6.1 -3.18755 9.1459
    endloop
  endfacet
  facet normal -1 0 0
    outer loop
      vertex 6.1 -3.27177 10.4307
      vertex 6.1 -6.5 21.2583
      vertex 6.1 -5.74974 21.6593
    endloop
  endfacet
  facet normal -1 0 0
    outer loop
      vertex 6.1 -3.27177 10.4307
      vertex 6.1 -7.22241 20.8091
      vertex 6.1 -6.5 21.2583
    endloop
  endfacet
  facet normal -1 0 0
    outer loop
      vertex 6.1 -9 3
      vertex 6.1 -3.18755 9.1459
      vertex 6.1 -3.0488 8.73714
    endloop
  endfacet
  facet normal -1 0 0
    outer loop
      vertex 6.1 -3.27177 10.4307
      vertex 6.1 -7.91389 20.3136
      vertex 6.1 -7.22241 20.8091
    endloop
  endfacet
  facet normal -1 0 0
    outer loop
      vertex 6.1 -3.27177 10.4307
      vertex 6.1 -8.57149 19.7739
      vertex 6.1 -7.91389 20.3136
    endloop
  endfacet
  facet normal -1 0 0
    outer loop
      vertex 6.1 -9 3
      vertex 6.1 -3.0488 8.73714
      vertex 6.1 -2.85788 8.35
    endloop
  endfacet
  facet normal -1 -0 0
    outer loop
      vertex 6.1 -0.854102 6.81244
      vertex 6.1 -9 3
      vertex 6.1 -1.26285 6.9512
    endloop
  endfacet
  facet normal -1 0 0
    outer loop
      vertex 6.1 -9 3
      vertex 6.1 -1.65 7.14212
      vertex 6.1 -1.26285 6.9512
    endloop
  endfacet
  facet normal -1 0 0
    outer loop
      vertex 6.1 -9 3
      vertex 6.1 -2.00891 7.38193
      vertex 6.1 -1.65 7.14212
    endloop
  endfacet
  facet normal -1 0 0
    outer loop
      vertex 6.1 -9 3
      vertex 6.1 -2.33345 7.66655
      vertex 6.1 -2.00891 7.38193
    endloop
  endfacet
  facet normal -1 0 0
    outer loop
      vertex 6.1 -9 3
      vertex 6.1 -2.61807 7.99109
      vertex 6.1 -2.33345 7.66655
    endloop
  endfacet
  facet normal -1 0 0
    outer loop
      vertex 6.1 -9 3
      vertex 6.1 -2.85788 8.35
      vertex 6.1 -2.61807 7.99109
    endloop
  endfacet
  facet normal -1 0 0
    outer loop
      vertex 6.1 -3.18755 9.1459
      vertex 6.1 -9 3
      vertex 6.1 -12.557 6.63536
    endloop
  endfacet
  facet normal -1 0 0
    outer loop
      vertex 6.1 -9.77391 1.42851
      vertex 6.1 -9 3
      vertex 6.1 -9.19238 0.807617
    endloop
  endfacet
  facet normal -1 0 0
    outer loop
      vertex 6.1 -3.27177 10.4307
      vertex 6.1 -9.19238 19.1924
      vertex 6.1 -8.57149 19.7739
    endloop
  endfacet
  facet normal -1 0 0
    outer loop
      vertex 6.1 -10.3136 2.08611
      vertex 6.1 -9 3
      vertex 6.1 -9.77391 1.42851
    endloop
  endfacet
  facet normal -1 0 0
    outer loop
      vertex 6.1 -3.27177 10.4307
      vertex 6.1 -9.77391 18.5715
      vertex 6.1 -9.19238 19.1924
    endloop
  endfacet
  facet normal -1 0 0
    outer loop
      vertex 6.1 -10.8091 2.77759
      vertex 6.1 -9 3
      vertex 6.1 -10.3136 2.08611
    endloop
  endfacet
  facet normal -1 0 0
    outer loop
      vertex 6.1 -3.27177 10.4307
      vertex 6.1 -10.3136 17.9139
      vertex 6.1 -9.77391 18.5715
    endloop
  endfacet
  facet normal -1 0 0
    outer loop
      vertex 6.1 -11.2583 3.5
      vertex 6.1 -9 3
      vertex 6.1 -10.8091 2.77759
    endloop
  endfacet
  facet normal -1 0 0
    outer loop
      vertex 6.1 -3.27177 10.4307
      vertex 6.1 -10.8091 17.2224
      vertex 6.1 -10.3136 17.9139
    endloop
  endfacet
  facet normal -1 0 0
    outer loop
      vertex 6.1 -11.6593 4.25026
      vertex 6.1 -9 3
      vertex 6.1 -11.2583 3.5
    endloop
  endfacet
  facet normal -1 0 0
    outer loop
      vertex 6.1 -3.27177 10.4307
      vertex 6.1 -11.2583 16.5
      vertex 6.1 -10.8091 17.2224
    endloop
  endfacet
  facet normal -1 0 0
    outer loop
      vertex 6.1 -12.0104 5.02512
      vertex 6.1 -9 3
      vertex 6.1 -11.6593 4.25026
    endloop
  endfacet
  facet normal -1 0 0
    outer loop
      vertex 6.1 -3.27177 10.4307
      vertex 6.1 -11.6593 15.7497
      vertex 6.1 -11.2583 16.5
    endloop
  endfacet
  facet normal -1 0 0
    outer loop
      vertex 6.1 -12.3101 5.82129
      vertex 6.1 -9 3
      vertex 6.1 -12.0104 5.02512
    endloop
  endfacet
  facet normal -1 0 0
    outer loop
      vertex 6.1 -3.27177 10.4307
      vertex 6.1 -12.0104 14.9749
      vertex 6.1 -11.6593 15.7497
    endloop
  endfacet
  facet normal -1 0 0
    outer loop
      vertex 6.1 -12.557 6.63536
      vertex 6.1 -9 3
      vertex 6.1 -12.3101 5.82129
    endloop
  endfacet
  facet normal -1 0 0
    outer loop
      vertex 6.1 -3.27177 10.4307
      vertex 6.1 -12.3101 14.1787
      vertex 6.1 -12.0104 14.9749
    endloop
  endfacet
  facet normal -1 0 0
    outer loop
      vertex 6.1 -3.18755 9.1459
      vertex 6.1 -12.557 6.63536
      vertex 6.1 -12.7502 7.46384
    endloop
  endfacet
  facet normal -1 0 0
    outer loop
      vertex 6.1 -3.27177 10.4307
      vertex 6.1 -12.557 13.3646
      vertex 6.1 -12.3101 14.1787
    endloop
  endfacet
  facet normal -1 0 0
    outer loop
      vertex 6.1 -3.27177 9.56926
      vertex 6.1 -12.7502 7.46384
      vertex 6.1 -12.8888 8.30316
    endloop
  endfacet
  facet normal -1 0 0
    outer loop
      vertex 6.1 -3.27177 10.4307
      vertex 6.1 -12.7502 12.5362
      vertex 6.1 -12.557 13.3646
    endloop
  endfacet
  facet normal -1 0 0
    outer loop
      vertex 6.1 -3.27177 9.56926
      vertex 6.1 -12.8888 8.30316
      vertex 6.1 -12.9722 9.14977
    endloop
  endfacet
  facet normal -1 0 0
    outer loop
      vertex 6.1 -3.27177 10.4307
      vertex 6.1 -12.8888 11.6968
      vertex 6.1 -12.7502 12.5362
    endloop
  endfacet
  facet normal -1 -0 0
    outer loop
      vertex 6.1 -3.3 10
      vertex 6.1 -12.9722 9.14977
      vertex 6.1 -13 10
    endloop
  endfacet
  facet normal -1 0 0
    outer loop
      vertex 6.1 -3.27177 10.4307
      vertex 6.1 -12.9722 10.8502
      vertex 6.1 -12.8888 11.6968
    endloop
  endfacet
  facet normal -1 0 0
    outer loop
      vertex 6.1 -3.3 10
      vertex 6.1 -13 10
      vertex 6.1 -12.9722 10.8502
    endloop
  endfacet
  facet normal -1 0 0
    outer loop
      vertex 6.1 2.33345 12.3335
      vertex 6.1 9.77391 18.5715
      vertex 6.1 2.61807 12.0089
    endloop
  endfacet
  facet normal -1 -0 0
    outer loop
      vertex 6.1 7.91389 20.3136
      vertex 6.1 2.00891 12.6181
      vertex 6.1 7.22241 20.8091
    endloop
  endfacet
  facet normal -1 0 0
    outer loop
      vertex 6.1 1.65 12.8579
      vertex 6.1 7.22241 20.8091
      vertex 6.1 2.00891 12.6181
    endloop
  endfacet
  facet normal -1 -0 0
    outer loop
      vertex 6.1 7.22241 20.8091
      vertex 6.1 1.65 12.8579
      vertex 6.1 6.5 21.2583
    endloop
  endfacet
  facet normal -1 -0 0
    outer loop
      vertex 6.1 6.5 21.2583
      vertex 6.1 1.65 12.8579
      vertex 6.1 5.74974 21.6593
    endloop
  endfacet
  facet normal -1 0 0
    outer loop
      vertex 6.1 1.26285 13.0488
      vertex 6.1 5.74974 21.6593
      vertex 6.1 1.65 12.8579
    endloop
  endfacet
  facet normal -1 -0 0
    outer loop
      vertex 6.1 5.74974 21.6593
      vertex 6.1 1.26285 13.0488
      vertex 6.1 4.97488 22.0104
    endloop
  endfacet
  facet normal -1 -0 0
    outer loop
      vertex 6.1 4.97488 22.0104
      vertex 6.1 1.26285 13.0488
      vertex 6.1 4.17871 22.3101
    endloop
  endfacet
  facet normal -1 0 0
    outer loop
      vertex 6.1 0.854102 13.1876
      vertex 6.1 4.17871 22.3101
      vertex 6.1 1.26285 13.0488
    endloop
  endfacet
  facet normal -1 -0 0
    outer loop
      vertex 6.1 4.17871 22.3101
      vertex 6.1 0.854102 13.1876
      vertex 6.1 3.36464 22.557
    endloop
  endfacet
  facet normal -1 -0 0
    outer loop
      vertex 6.1 3.36464 22.557
      vertex 6.1 0.854102 13.1876
      vertex 6.1 2.53616 22.7502
    endloop
  endfacet
  facet normal -1 0 0
    outer loop
      vertex 6.1 0.430736 13.2718
      vertex 6.1 2.53616 22.7502
      vertex 6.1 0.854102 13.1876
    endloop
  endfacet
  facet normal -1 -0 0
    outer loop
      vertex 6.1 2.53616 22.7502
      vertex 6.1 0.430736 13.2718
      vertex 6.1 1.69684 22.8888
    endloop
  endfacet
  facet normal -1 -0 0
    outer loop
      vertex 6.1 1.69684 22.8888
      vertex 6.1 0.430736 13.2718
      vertex 6.1 0.850235 22.9722
    endloop
  endfacet
  facet normal -1 0 0
    outer loop
      vertex 6.1 0 13.3
      vertex 6.1 0.850235 22.9722
      vertex 6.1 0.430736 13.2718
    endloop
  endfacet
  facet normal -1 0 0
    outer loop
      vertex 6.1 0 13.3
      vertex 6.1 0 23
      vertex 6.1 0.850235 22.9722
    endloop
  endfacet
  facet normal -1 0 0
    outer loop
      vertex 6.1 -0.850235 22.9722
      vertex 6.1 0 13.3
      vertex 6.1 -0.430736 13.2718
    endloop
  endfacet
  facet normal -1 0 0
    outer loop
      vertex 6.1 0 13.3
      vertex 6.1 -0.850235 22.9722
      vertex 6.1 0 23
    endloop
  endfacet
  facet normal -1 0 0
    outer loop
      vertex 6.1 -2.53616 22.7502
      vertex 6.1 -0.430736 13.2718
      vertex 6.1 -0.854102 13.1876
    endloop
  endfacet
  facet normal -1 0 0
    outer loop
      vertex 6.1 -4.17871 22.3101
      vertex 6.1 -0.854102 13.1876
      vertex 6.1 -1.26285 13.0488
    endloop
  endfacet
  facet normal -1 0 0
    outer loop
      vertex 6.1 -4.17871 22.3101
      vertex 6.1 -1.26285 13.0488
      vertex 6.1 -1.65 12.8579
    endloop
  endfacet
  facet normal -1 0 0
    outer loop
      vertex 6.1 -0.430736 13.2718
      vertex 6.1 -1.69684 22.8888
      vertex 6.1 -0.850235 22.9722
    endloop
  endfacet
  facet normal -1 0 0
    outer loop
      vertex 6.1 -4.17871 22.3101
      vertex 6.1 -1.65 12.8579
      vertex 6.1 -2.00891 12.6181
    endloop
  endfacet
  facet normal -1 0 0
    outer loop
      vertex 6.1 -4.17871 22.3101
      vertex 6.1 -2.00891 12.6181
      vertex 6.1 -2.33345 12.3335
    endloop
  endfacet
  facet normal -1 0 0
    outer loop
      vertex 6.1 -0.430736 13.2718
      vertex 6.1 -2.53616 22.7502
      vertex 6.1 -1.69684 22.8888
    endloop
  endfacet
  facet normal -1 0 0
    outer loop
      vertex 6.1 -4.17871 22.3101
      vertex 6.1 -2.33345 12.3335
      vertex 6.1 -2.61807 12.0089
    endloop
  endfacet
  facet normal -1 0 0
    outer loop
      vertex 6.1 -4.17871 22.3101
      vertex 6.1 -2.61807 12.0089
      vertex 6.1 -2.85788 11.65
    endloop
  endfacet
  facet normal -1 0 0
    outer loop
      vertex 6.1 -4.17871 22.3101
      vertex 6.1 -2.85788 11.65
      vertex 6.1 -3.0488 11.2629
    endloop
  endfacet
  facet normal -1 0 0
    outer loop
      vertex 6.1 -4.17871 22.3101
      vertex 6.1 -3.0488 11.2629
      vertex 6.1 -3.18755 10.8541
    endloop
  endfacet
  facet normal -1 0 0
    outer loop
      vertex 6.1 -4.17871 22.3101
      vertex 6.1 -3.18755 10.8541
      vertex 6.1 -3.27177 10.4307
    endloop
  endfacet
  facet normal -1 0 0
    outer loop
      vertex 6.1 -12.9722 10.8502
      vertex 6.1 -3.27177 10.4307
      vertex 6.1 -3.3 10
    endloop
  endfacet
  facet normal -1 0 0
    outer loop
      vertex 6.1 -0.854102 13.1876
      vertex 6.1 -3.36464 22.557
      vertex 6.1 -2.53616 22.7502
    endloop
  endfacet
  facet normal 0 -0.812859 0.582461
    outer loop
      vertex 6.1 -10.8091 17.2224
      vertex 12.7 -10.3136 17.9139
      vertex 6.1 -10.3136 17.9139
    endloop
  endfacet
  facet normal 0 -0.812859 0.582461
    outer loop
      vertex 12.7 -10.3136 17.9139
      vertex 6.1 -10.8091 17.2224
      vertex 12.7 -10.8091 17.2224
    endloop
  endfacet
  facet normal 0 -0.683575 0.72988
    outer loop
      vertex 6.1 -8.57149 19.7739
      vertex 12.7 -9.19238 19.1924
      vertex 12.7 -8.57149 19.7739
    endloop
  endfacet
  facet normal 0 -0.683575 0.72988
    outer loop
      vertex 12.7 -9.19238 19.1924
      vertex 6.1 -8.57149 19.7739
      vertex 6.1 -9.19238 19.1924
    endloop
  endfacet
  facet normal -0 0.0326794 0.999466
    outer loop
      vertex 6.1 0.850235 22.9722
      vertex 12.7 0 23
      vertex 12.7 0.850235 22.9722
    endloop
  endfacet
  facet normal 0 0.0326794 0.999466
    outer loop
      vertex 12.7 0 23
      vertex 6.1 0.850235 22.9722
      vertex 6.1 0 23
    endloop
  endfacet
  facet normal -0 0.634408 0.772998
    outer loop
      vertex 6.1 8.57149 19.7739
      vertex 12.7 7.91389 20.3136
      vertex 12.7 8.57149 19.7739
    endloop
  endfacet
  facet normal 0 0.634408 0.772998
    outer loop
      vertex 12.7 7.91389 20.3136
      vertex 6.1 8.57149 19.7739
      vertex 6.1 7.91389 20.3136
    endloop
  endfacet
  facet normal -0 0.683575 0.72988
    outer loop
      vertex 6.1 9.19238 19.1924
      vertex 12.7 8.57149 19.7739
      vertex 12.7 9.19238 19.1924
    endloop
  endfacet
  facet normal 0 0.683575 0.72988
    outer loop
      vertex 12.7 8.57149 19.7739
      vertex 6.1 9.19238 19.1924
      vertex 6.1 8.57149 19.7739
    endloop
  endfacet
  facet normal -1 0 0
    outer loop
      vertex 6.1 -9 0.487513
      vertex 6.1 -9.19238 0.807617
      vertex 6.1 -9 0.627432
    endloop
  endfacet
  facet normal -1 0 0
    outer loop
      vertex 6.1 -9 0.191686
      vertex 6.1 -9.19238 0.807617
      vertex 6.1 -9 0.487513
    endloop
  endfacet
  facet normal -1 -0 -0
    outer loop
      vertex 6.1 -9.19238 0.807617
      vertex 6.1 -9 0.191686
      vertex 6.1 -9.77391 1.42851
    endloop
  endfacet
  facet normal -1 0 0
    outer loop
      vertex 6.1 -9 0.0330933
      vertex 6.1 -9.77391 1.42851
      vertex 6.1 -9 0.191686
    endloop
  endfacet
  facet normal -1 -0 -0
    outer loop
      vertex 6.1 -9.77391 1.42851
      vertex 6.1 -9 0.0330933
      vertex 6.1 -10.3136 2.08611
    endloop
  endfacet
  facet normal -1 0 0
    outer loop
      vertex 6.1 9.01683 0
      vertex 6.1 10.3136 2.08611
      vertex 6.1 10.8091 2.77759
    endloop
  endfacet
  facet normal -1 0 0
    outer loop
      vertex 6.1 9 0.0330933
      vertex 6.1 9.01683 0
      vertex 6.1 9 0
    endloop
  endfacet
  facet normal -1 0 0
    outer loop
      vertex 6.1 9.01683 0
      vertex 6.1 9 0.0330933
      vertex 6.1 10.3136 2.08611
    endloop
  endfacet
  facet normal 1 -0 0
    outer loop
      vertex 12.7 9.19238 0.807617
      vertex 12.7 8.88006 0
      vertex 12.7 9.77391 1.42851
    endloop
  endfacet
  facet normal 1 0 -0
    outer loop
      vertex 12.7 8.88006 0
      vertex 12.7 9.19238 0.807617
      vertex 12.7 8.707 0
    endloop
  endfacet
  facet normal 1 0 0
    outer loop
      vertex 12.7 -8.57149 0.226089
      vertex 12.7 -8.4441 0
      vertex 12.7 -8.29599 0
    endloop
  endfacet
  facet normal 0 -0.999466 -0.0326796
    outer loop
      vertex 6.1 -12.9722 9.14977
      vertex 12.7 -13 10
      vertex 6.1 -13 10
    endloop
  endfacet
  facet normal 0 -0.999466 -0.0326796
    outer loop
      vertex 12.7 -13 10
      vertex 6.1 -12.9722 9.14977
      vertex 12.7 -12.9722 9.14977
    endloop
  endfacet
  facet normal 0 -0.995183 -0.098036
    outer loop
      vertex 6.1 -12.8888 8.30316
      vertex 12.7 -12.9722 9.14977
      vertex 6.1 -12.9722 9.14977
    endloop
  endfacet
  facet normal 0 -0.995183 -0.098036
    outer loop
      vertex 12.7 -12.9722 9.14977
      vertex 6.1 -12.8888 8.30316
      vertex 12.7 -12.8888 8.30316
    endloop
  endfacet
  facet normal 0 -0.999466 0.0326807
    outer loop
      vertex 6.1 -13 10
      vertex 12.7 -12.9722 10.8502
      vertex 6.1 -12.9722 10.8502
    endloop
  endfacet
  facet normal 0 -0.999466 0.0326807
    outer loop
      vertex 12.7 -12.9722 10.8502
      vertex 6.1 -13 10
      vertex 12.7 -13 10
    endloop
  endfacet
  facet normal 0 -0.162927 0.986638
    outer loop
      vertex 6.1 -1.69684 22.8888
      vertex 12.7 -2.53616 22.7502
      vertex 12.7 -1.69684 22.8888
    endloop
  endfacet
  facet normal 0 -0.162927 0.986638
    outer loop
      vertex 12.7 -2.53616 22.7502
      vertex 6.1 -1.69684 22.8888
      vertex 6.1 -2.53616 22.7502
    endloop
  endfacet
  facet normal 0 -0.0980366 0.995183
    outer loop
      vertex 6.1 -0.850235 22.9722
      vertex 12.7 -1.69684 22.8888
      vertex 12.7 -0.850235 22.9722
    endloop
  endfacet
  facet normal 0 -0.0980366 0.995183
    outer loop
      vertex 12.7 -1.69684 22.8888
      vertex 6.1 -0.850235 22.9722
      vertex 6.1 -1.69684 22.8888
    endloop
  endfacet
  facet normal 0 -0.0326794 0.999466
    outer loop
      vertex 6.1 0 23
      vertex 12.7 -0.850235 22.9722
      vertex 12.7 0 23
    endloop
  endfacet
  facet normal 0 -0.0326794 0.999466
    outer loop
      vertex 12.7 -0.850235 22.9722
      vertex 6.1 0 23
      vertex 6.1 -0.850235 22.9722
    endloop
  endfacet
  facet normal -0 0.162927 0.986638
    outer loop
      vertex 6.1 2.53616 22.7502
      vertex 12.7 1.69684 22.8888
      vertex 12.7 2.53616 22.7502
    endloop
  endfacet
  facet normal 0 0.162927 0.986638
    outer loop
      vertex 12.7 1.69684 22.8888
      vertex 6.1 2.53616 22.7502
      vertex 6.1 1.69684 22.8888
    endloop
  endfacet
  facet normal -0 0.0980366 0.995183
    outer loop
      vertex 6.1 1.69684 22.8888
      vertex 12.7 0.850235 22.9722
      vertex 12.7 1.69684 22.8888
    endloop
  endfacet
  facet normal 0 0.0980366 0.995183
    outer loop
      vertex 12.7 0.850235 22.9722
      vertex 6.1 1.69684 22.8888
      vertex 6.1 0.850235 22.9722
    endloop
  endfacet
  facet normal -0 0.412722 0.910857
    outer loop
      vertex 6.1 5.74974 21.6593
      vertex 12.7 4.97488 22.0104
      vertex 12.7 5.74974 21.6593
    endloop
  endfacet
  facet normal 0 0.412722 0.910857
    outer loop
      vertex 12.7 4.97488 22.0104
      vertex 6.1 5.74974 21.6593
      vertex 6.1 4.97488 22.0104
    endloop
  endfacet
  facet normal -0 0.528048 0.849215
    outer loop
      vertex 6.1 7.22241 20.8091
      vertex 12.7 6.5 21.2583
      vertex 12.7 7.22241 20.8091
    endloop
  endfacet
  facet normal 0 0.528048 0.849215
    outer loop
      vertex 12.7 6.5 21.2583
      vertex 6.1 7.22241 20.8091
      vertex 6.1 6.5 21.2583
    endloop
  endfacet
  facet normal 0 0.729868 0.683588
    outer loop
      vertex 12.7 9.77391 18.5715
      vertex 6.1 9.19238 19.1924
      vertex 12.7 9.19238 19.1924
    endloop
  endfacet
  facet normal 0 0.729868 0.683588
    outer loop
      vertex 6.1 9.19238 19.1924
      vertex 12.7 9.77391 18.5715
      vertex 6.1 9.77391 18.5715
    endloop
  endfacet
  facet normal 0 0.812859 0.582461
    outer loop
      vertex 12.7 10.8091 17.2224
      vertex 6.1 10.3136 17.9139
      vertex 12.7 10.3136 17.9139
    endloop
  endfacet
  facet normal 0 0.812859 0.582461
    outer loop
      vertex 6.1 10.3136 17.9139
      vertex 12.7 10.8091 17.2224
      vertex 6.1 10.8091 17.2224
    endloop
  endfacet
  facet normal 0 0.849211 0.528053
    outer loop
      vertex 12.7 11.2583 16.5
      vertex 6.1 10.8091 17.2224
      vertex 12.7 10.8091 17.2224
    endloop
  endfacet
  facet normal 0 0.849211 0.528053
    outer loop
      vertex 6.1 10.8091 17.2224
      vertex 12.7 11.2583 16.5
      vertex 6.1 11.2583 16.5
    endloop
  endfacet
  facet normal 0 0.908977 -0.416846
    outer loop
      vertex 11.9444 9.71018 0
      vertex 6.1 11.6593 4.25026
      vertex 12.7 11.6593 4.25026
    endloop
  endfacet
  facet normal 0 0.908977 -0.416846
    outer loop
      vertex 6.1 11.6593 4.25026
      vertex 11.9444 9.71018 0
      vertex 6.85559 9.71018 0
    endloop
  endfacet
  facet normal 0.832877 0.470005 -0.292253
    outer loop
      vertex 12.7 10.8091 2.77759
      vertex 12.449 9.52676 0
      vertex 12.7 11.2583 3.5
    endloop
  endfacet
  facet normal 0.832828 0.470074 -0.29228
    outer loop
      vertex 12.449 9.52676 0
      vertex 12.7 10.8091 2.77759
      vertex 12.4861 9.46103 0
    endloop
  endfacet
  facet normal 1 -0 0
    outer loop
      vertex 12.7 9.77391 1.42851
      vertex 12.7 8.97883 0
      vertex 12.7 10.3136 2.08611
    endloop
  endfacet
  facet normal 1 0 -0
    outer loop
      vertex 12.7 8.97883 0
      vertex 12.7 9.77391 1.42851
      vertex 12.7 8.88006 0
    endloop
  endfacet
  facet normal 1 -0 0
    outer loop
      vertex 12.7 8.57149 0.226089
      vertex 12.7 8.707 0
      vertex 12.7 9.19238 0.807617
    endloop
  endfacet
  facet normal 1 0 0
    outer loop
      vertex 12.7 8.707 0
      vertex 12.7 8.57149 0.226089
      vertex 12.7 8.4441 0
    endloop
  endfacet
  facet normal 1 0 0
    outer loop
      vertex 12.7 -10.3136 2.08611
      vertex 12.7 -9.01683 0
      vertex 12.7 -8.97883 0
    endloop
  endfacet
  facet normal 1 0 0
    outer loop
      vertex 12.7 -9.01683 0
      vertex 12.7 -10.3136 2.08611
      vertex 12.7 -10.8091 2.77759
    endloop
  endfacet
  facet normal 1 0 0
    outer loop
      vertex 12.7 -9.19238 0.807617
      vertex 12.7 -8.88006 0
      vertex 12.7 -8.707 0
    endloop
  endfacet
  facet normal 1 0 0
    outer loop
      vertex 12.7 -8.88006 0
      vertex 12.7 -9.19238 0.807617
      vertex 12.7 -9.77391 1.42851
    endloop
  endfacet
  facet normal 0 -0.995183 0.0980371
    outer loop
      vertex 6.1 -12.9722 10.8502
      vertex 12.7 -12.8888 11.6968
      vertex 6.1 -12.8888 11.6968
    endloop
  endfacet
  facet normal 0 -0.995183 0.0980371
    outer loop
      vertex 12.7 -12.8888 11.6968
      vertex 6.1 -12.9722 10.8502
      vertex 12.7 -12.9722 10.8502
    endloop
  endfacet
  facet normal 0 -0.881943 0.471357
    outer loop
      vertex 6.1 -11.6593 15.7497
      vertex 12.7 -11.2583 16.5
      vertex 6.1 -11.2583 16.5
    endloop
  endfacet
  facet normal 0 -0.881943 0.471357
    outer loop
      vertex 12.7 -11.2583 16.5
      vertex 6.1 -11.6593 15.7497
      vertex 12.7 -11.6593 15.7497
    endloop
  endfacet
  facet normal 0 -0.935894 0.352283
    outer loop
      vertex 6.1 -12.3101 14.1787
      vertex 12.7 -12.0104 14.9749
      vertex 6.1 -12.0104 14.9749
    endloop
  endfacet
  facet normal 0 -0.935894 0.352283
    outer loop
      vertex 12.7 -12.0104 14.9749
      vertex 6.1 -12.3101 14.1787
      vertex 12.7 -12.3101 14.1787
    endloop
  endfacet
  facet normal 0 -0.973865 0.227126
    outer loop
      vertex 6.1 -12.7502 12.5362
      vertex 12.7 -12.557 13.3646
      vertex 6.1 -12.557 13.3646
    endloop
  endfacet
  facet normal 0 -0.973865 0.227126
    outer loop
      vertex 12.7 -12.557 13.3646
      vertex 6.1 -12.7502 12.5362
      vertex 12.7 -12.7502 12.5362
    endloop
  endfacet
  facet normal 0 -0.352294 0.935889
    outer loop
      vertex 6.1 -4.17871 22.3101
      vertex 12.7 -4.97488 22.0104
      vertex 12.7 -4.17871 22.3101
    endloop
  endfacet
  facet normal 0 -0.352294 0.935889
    outer loop
      vertex 12.7 -4.97488 22.0104
      vertex 6.1 -4.17871 22.3101
      vertex 6.1 -4.97488 22.0104
    endloop
  endfacet
  facet normal 0 -0.528048 0.849215
    outer loop
      vertex 6.1 -6.5 21.2583
      vertex 12.7 -7.22241 20.8091
      vertex 12.7 -6.5 21.2583
    endloop
  endfacet
  facet normal 0 -0.528048 0.849215
    outer loop
      vertex 12.7 -7.22241 20.8091
      vertex 6.1 -6.5 21.2583
      vertex 6.1 -7.22241 20.8091
    endloop
  endfacet
  facet normal 0 -0.729868 0.683588
    outer loop
      vertex 6.1 -9.77391 18.5715
      vertex 12.7 -9.19238 19.1924
      vertex 6.1 -9.19238 19.1924
    endloop
  endfacet
  facet normal 0 -0.729868 0.683588
    outer loop
      vertex 12.7 -9.19238 19.1924
      vertex 6.1 -9.77391 18.5715
      vertex 12.7 -9.77391 18.5715
    endloop
  endfacet
  facet normal 0 -0.227105 0.97387
    outer loop
      vertex 6.1 -2.53616 22.7502
      vertex 12.7 -3.36464 22.557
      vertex 12.7 -2.53616 22.7502
    endloop
  endfacet
  facet normal 0 -0.227105 0.97387
    outer loop
      vertex 12.7 -3.36464 22.557
      vertex 6.1 -2.53616 22.7502
      vertex 6.1 -3.36464 22.557
    endloop
  endfacet
  facet normal -0 0.227105 0.97387
    outer loop
      vertex 6.1 3.36464 22.557
      vertex 12.7 2.53616 22.7502
      vertex 12.7 3.36464 22.557
    endloop
  endfacet
  facet normal 0 0.227105 0.97387
    outer loop
      vertex 12.7 2.53616 22.7502
      vertex 6.1 3.36464 22.557
      vertex 6.1 2.53616 22.7502
    endloop
  endfacet
  facet normal -0 0.290236 0.956955
    outer loop
      vertex 6.1 4.17871 22.3101
      vertex 12.7 3.36464 22.557
      vertex 12.7 4.17871 22.3101
    endloop
  endfacet
  facet normal 0 0.290236 0.956955
    outer loop
      vertex 12.7 3.36464 22.557
      vertex 6.1 4.17871 22.3101
      vertex 6.1 3.36464 22.557
    endloop
  endfacet
  facet normal -0 0.471376 0.881932
    outer loop
      vertex 6.1 6.5 21.2583
      vertex 12.7 5.74974 21.6593
      vertex 12.7 6.5 21.2583
    endloop
  endfacet
  facet normal 0 0.471376 0.881932
    outer loop
      vertex 12.7 5.74974 21.6593
      vertex 6.1 6.5 21.2583
      vertex 6.1 5.74974 21.6593
    endloop
  endfacet
  facet normal -0 0.582472 0.812851
    outer loop
      vertex 6.1 7.91389 20.3136
      vertex 12.7 7.22241 20.8091
      vertex 12.7 7.91389 20.3136
    endloop
  endfacet
  facet normal 0 0.582472 0.812851
    outer loop
      vertex 12.7 7.22241 20.8091
      vertex 6.1 7.91389 20.3136
      vertex 6.1 7.22241 20.8091
    endloop
  endfacet
  facet normal 0 0.773004 0.634401
    outer loop
      vertex 12.7 10.3136 17.9139
      vertex 6.1 9.77391 18.5715
      vertex 12.7 9.77391 18.5715
    endloop
  endfacet
  facet normal 0 0.773004 0.634401
    outer loop
      vertex 6.1 9.77391 18.5715
      vertex 12.7 10.3136 17.9139
      vertex 6.1 10.3136 17.9139
    endloop
  endfacet
  facet normal 0 0.973865 0.227126
    outer loop
      vertex 12.7 12.7502 12.5362
      vertex 6.1 12.557 13.3646
      vertex 12.7 12.557 13.3646
    endloop
  endfacet
  facet normal 0 0.973865 0.227126
    outer loop
      vertex 6.1 12.557 13.3646
      vertex 12.7 12.7502 12.5362
      vertex 6.1 12.7502 12.5362
    endloop
  endfacet
  facet normal 0 0.995183 0.0980371
    outer loop
      vertex 12.7 12.9722 10.8502
      vertex 6.1 12.8888 11.6968
      vertex 12.7 12.8888 11.6968
    endloop
  endfacet
  facet normal 0 0.995183 0.0980371
    outer loop
      vertex 6.1 12.8888 11.6968
      vertex 12.7 12.9722 10.8502
      vertex 6.1 12.9722 10.8502
    endloop
  endfacet
  facet normal 0 0.97387 -0.227105
    outer loop
      vertex 12.7 12.557 6.63536
      vertex 6.1 12.7502 7.46384
      vertex 12.7 12.7502 7.46384
    endloop
  endfacet
  facet normal 0 0.97387 -0.227105
    outer loop
      vertex 6.1 12.7502 7.46384
      vertex 12.7 12.557 6.63536
      vertex 6.1 12.557 6.63536
    endloop
  endfacet
  facet normal 0 0.999466 -0.0326796
    outer loop
      vertex 12.7 12.9722 9.14977
      vertex 6.1 13 10
      vertex 12.7 13 10
    endloop
  endfacet
  facet normal 0 0.999466 -0.0326796
    outer loop
      vertex 6.1 13 10
      vertex 12.7 12.9722 9.14977
      vertex 6.1 12.9722 9.14977
    endloop
  endfacet
  facet normal 0 0.995183 -0.098036
    outer loop
      vertex 12.7 12.8888 8.30316
      vertex 6.1 12.9722 9.14977
      vertex 12.7 12.9722 9.14977
    endloop
  endfacet
  facet normal 0 0.995183 -0.098036
    outer loop
      vertex 6.1 12.9722 9.14977
      vertex 12.7 12.8888 8.30316
      vertex 6.1 12.8888 8.30316
    endloop
  endfacet
  facet normal 1 0 0
    outer loop
      vertex 12.7 8.29599 0
      vertex 12.7 8.4441 0
      vertex 12.7 8.57149 0.226089
    endloop
  endfacet
  facet normal 0.352351 -0.825372 -0.441146
    outer loop
      vertex 11.9444 -9.71018 0
      vertex 12.7 -11.2583 3.5
      vertex 12.7 -11.6593 4.25026
    endloop
  endfacet
  facet normal 0.352497 -0.825308 -0.441149
    outer loop
      vertex 12.7 -11.2583 3.5
      vertex 11.9444 -9.71018 0
      vertex 12.0333 -9.67221 0
    endloop
  endfacet
  facet normal 1 0 0
    outer loop
      vertex 12.7 -8.57149 0.226089
      vertex 12.7 -8.707 0
      vertex 12.7 -8.4441 0
    endloop
  endfacet
  facet normal 1 0 -0
    outer loop
      vertex 12.7 -8.707 0
      vertex 12.7 -8.57149 0.226089
      vertex 12.7 -9.19238 0.807617
    endloop
  endfacet
  facet normal 1 0 0
    outer loop
      vertex 12.7 -9.77391 1.42851
      vertex 12.7 -8.97883 0
      vertex 12.7 -8.88006 0
    endloop
  endfacet
  facet normal 1 0 0
    outer loop
      vertex 12.7 -8.97883 0
      vertex 12.7 -9.77391 1.42851
      vertex 12.7 -10.3136 2.08611
    endloop
  endfacet
  facet normal 0 -0.910845 0.412749
    outer loop
      vertex 6.1 -12.0104 14.9749
      vertex 12.7 -11.6593 15.7497
      vertex 6.1 -11.6593 15.7497
    endloop
  endfacet
  facet normal 0 -0.910845 0.412749
    outer loop
      vertex 12.7 -11.6593 15.7497
      vertex 6.1 -12.0104 14.9749
      vertex 12.7 -12.0104 14.9749
    endloop
  endfacet
  facet normal 0 -0.956958 0.290226
    outer loop
      vertex 6.1 -12.557 13.3646
      vertex 12.7 -12.3101 14.1787
      vertex 6.1 -12.3101 14.1787
    endloop
  endfacet
  facet normal 0 -0.956958 0.290226
    outer loop
      vertex 12.7 -12.3101 14.1787
      vertex 6.1 -12.557 13.3646
      vertex 12.7 -12.557 13.3646
    endloop
  endfacet
  facet normal 0 -0.412722 0.910857
    outer loop
      vertex 6.1 -4.97488 22.0104
      vertex 12.7 -5.74974 21.6593
      vertex 12.7 -4.97488 22.0104
    endloop
  endfacet
  facet normal 0 -0.412722 0.910857
    outer loop
      vertex 12.7 -5.74974 21.6593
      vertex 6.1 -4.97488 22.0104
      vertex 6.1 -5.74974 21.6593
    endloop
  endfacet
  facet normal 0 -0.471376 0.881932
    outer loop
      vertex 6.1 -5.74974 21.6593
      vertex 12.7 -6.5 21.2583
      vertex 12.7 -5.74974 21.6593
    endloop
  endfacet
  facet normal 0 -0.471376 0.881932
    outer loop
      vertex 12.7 -6.5 21.2583
      vertex 6.1 -5.74974 21.6593
      vertex 6.1 -6.5 21.2583
    endloop
  endfacet
  facet normal 0 -0.634408 0.772998
    outer loop
      vertex 6.1 -7.91389 20.3136
      vertex 12.7 -8.57149 19.7739
      vertex 12.7 -7.91389 20.3136
    endloop
  endfacet
  facet normal 0 -0.634408 0.772998
    outer loop
      vertex 12.7 -8.57149 19.7739
      vertex 6.1 -7.91389 20.3136
      vertex 6.1 -8.57149 19.7739
    endloop
  endfacet
  facet normal 0 -0.773004 0.634401
    outer loop
      vertex 6.1 -10.3136 17.9139
      vertex 12.7 -9.77391 18.5715
      vertex 6.1 -9.77391 18.5715
    endloop
  endfacet
  facet normal 0 -0.773004 0.634401
    outer loop
      vertex 12.7 -9.77391 18.5715
      vertex 6.1 -10.3136 17.9139
      vertex 12.7 -10.3136 17.9139
    endloop
  endfacet
  facet normal 0 0.910845 0.412749
    outer loop
      vertex 12.7 12.0104 14.9749
      vertex 6.1 11.6593 15.7497
      vertex 12.7 11.6593 15.7497
    endloop
  endfacet
  facet normal 0 0.910845 0.412749
    outer loop
      vertex 6.1 11.6593 15.7497
      vertex 12.7 12.0104 14.9749
      vertex 6.1 12.0104 14.9749
    endloop
  endfacet
  facet normal 0 0.935894 0.352283
    outer loop
      vertex 12.7 12.3101 14.1787
      vertex 6.1 12.0104 14.9749
      vertex 12.7 12.0104 14.9749
    endloop
  endfacet
  facet normal 0 0.935894 0.352283
    outer loop
      vertex 6.1 12.0104 14.9749
      vertex 12.7 12.3101 14.1787
      vertex 6.1 12.3101 14.1787
    endloop
  endfacet
  facet normal 0 0.956958 0.290226
    outer loop
      vertex 12.7 12.557 13.3646
      vertex 6.1 12.3101 14.1787
      vertex 12.7 12.3101 14.1787
    endloop
  endfacet
  facet normal 0 0.956958 0.290226
    outer loop
      vertex 6.1 12.3101 14.1787
      vertex 12.7 12.557 13.3646
      vertex 6.1 12.557 13.3646
    endloop
  endfacet
  facet normal 0 0.986641 0.162912
    outer loop
      vertex 12.7 12.8888 11.6968
      vertex 6.1 12.7502 12.5362
      vertex 12.7 12.7502 12.5362
    endloop
  endfacet
  facet normal 0 0.986641 0.162912
    outer loop
      vertex 6.1 12.7502 12.5362
      vertex 12.7 12.8888 11.6968
      vertex 6.1 12.8888 11.6968
    endloop
  endfacet
  facet normal 0 0.999466 0.0326807
    outer loop
      vertex 12.7 13 10
      vertex 6.1 12.9722 10.8502
      vertex 12.7 12.9722 10.8502
    endloop
  endfacet
  facet normal 0 0.999466 0.0326807
    outer loop
      vertex 6.1 12.9722 10.8502
      vertex 12.7 13 10
      vertex 6.1 13 10
    endloop
  endfacet
  facet normal 0 0.956955 -0.290236
    outer loop
      vertex 12.7 12.3101 5.82129
      vertex 6.1 12.557 6.63536
      vertex 12.7 12.557 6.63536
    endloop
  endfacet
  facet normal 0 0.956955 -0.290236
    outer loop
      vertex 6.1 12.557 6.63536
      vertex 12.7 12.3101 5.82129
      vertex 6.1 12.3101 5.82129
    endloop
  endfacet
  facet normal -0.352355 0.825371 -0.441145
    outer loop
      vertex 6.85559 9.71018 0
      vertex 6.1 11.2583 3.5
      vertex 6.1 11.6593 4.25026
    endloop
  endfacet
  facet normal -0.35243 0.825338 -0.441147
    outer loop
      vertex 6.1 11.2583 3.5
      vertex 6.85559 9.71018 0
      vertex 6.76667 9.67221 0
    endloop
  endfacet
  facet normal 0 0.986638 -0.162927
    outer loop
      vertex 12.7 12.7502 7.46384
      vertex 6.1 12.8888 8.30316
      vertex 12.7 12.8888 8.30316
    endloop
  endfacet
  facet normal 0 0.986638 -0.162927
    outer loop
      vertex 6.1 12.8888 8.30316
      vertex 12.7 12.7502 7.46384
      vertex 6.1 12.7502 7.46384
    endloop
  endfacet
  facet normal 0 -0.582472 0.812851
    outer loop
      vertex 6.1 -7.22241 20.8091
      vertex 12.7 -7.91389 20.3136
      vertex 12.7 -7.22241 20.8091
    endloop
  endfacet
  facet normal 0 -0.582472 0.812851
    outer loop
      vertex 12.7 -7.91389 20.3136
      vertex 6.1 -7.22241 20.8091
      vertex 6.1 -7.91389 20.3136
    endloop
  endfacet
  facet normal 0 0.910857 -0.412722
    outer loop
      vertex 12.7 11.6593 4.25026
      vertex 6.1 12.0104 5.02512
      vertex 12.7 12.0104 5.02512
    endloop
  endfacet
  facet normal 0 0.910857 -0.412722
    outer loop
      vertex 6.1 12.0104 5.02512
      vertex 12.7 11.6593 4.25026
      vertex 6.1 11.6593 4.25026
    endloop
  endfacet
  facet normal -0.923145 0.323038 -0.208444
    outer loop
      vertex 6.1 9.01683 0
      vertex 6.1 10.8091 2.77759
      vertex 6.22396 9.37107 0
    endloop
  endfacet
  facet normal 0 0.935889 -0.352294
    outer loop
      vertex 12.7 12.0104 5.02512
      vertex 6.1 12.3101 5.82129
      vertex 12.7 12.3101 5.82129
    endloop
  endfacet
  facet normal 0 0.935889 -0.352294
    outer loop
      vertex 6.1 12.3101 5.82129
      vertex 12.7 12.0104 5.02512
      vertex 6.1 12.0104 5.02512
    endloop
  endfacet
  facet normal -1 0 0
    outer loop
      vertex 6.1 9 0.191686
      vertex 6.1 9.19238 0.807617
      vertex 6.1 9.77391 1.42851
    endloop
  endfacet
  facet normal -1 0 0
    outer loop
      vertex 6.1 9.19238 0.807617
      vertex 6.1 9 0.191686
      vertex 6.1 9 0.487513
    endloop
  endfacet
  facet normal -0.389484 0.80876 -0.440692
    outer loop
      vertex 6.24545 9.4212 0
      vertex 6.1 11.2583 3.5
      vertex 6.76667 9.67221 0
    endloop
  endfacet
  facet normal -0.89267 0.38275 -0.237997
    outer loop
      vertex 6.24545 9.4212 0
      vertex 6.1 10.8091 2.77759
      vertex 6.1 11.2583 3.5
    endloop
  endfacet
  facet normal -0.892704 0.382689 -0.237968
    outer loop
      vertex 6.1 10.8091 2.77759
      vertex 6.24545 9.4212 0
      vertex 6.22396 9.37107 0
    endloop
  endfacet
  facet normal -1 0 0
    outer loop
      vertex 6.1 9 0.0330933
      vertex 6.1 9.77391 1.42851
      vertex 6.1 10.3136 2.08611
    endloop
  endfacet
  facet normal -1 0 0
    outer loop
      vertex 6.1 9.77391 1.42851
      vertex 6.1 9 0.0330933
      vertex 6.1 9 0.191686
    endloop
  endfacet
  facet normal 0 -0.555561 0.831476
    outer loop
      vertex 6.1 2.00891 7.38193
      vertex 7.5 1.65 7.14212
      vertex 7.5 2.00891 7.38193
    endloop
  endfacet
  facet normal 0 -0.555561 0.831476
    outer loop
      vertex 7.5 1.65 7.14212
      vertex 6.1 2.00891 7.38193
      vertex 6.1 1.65 7.14212
    endloop
  endfacet
  facet normal 0 -0.555561 0.831476
    outer loop
      vertex -12.7 2.00891 7.38193
      vertex -6.1 1.65 7.14212
      vertex -6.1 2.00891 7.38193
    endloop
  endfacet
  facet normal 0 -0.555561 0.831476
    outer loop
      vertex -6.1 1.65 7.14212
      vertex -12.7 2.00891 7.38193
      vertex -12.7 1.65 7.14212
    endloop
  endfacet
  facet normal 0 -0.980782 0.195109
    outer loop
      vertex 6.1 3.18755 9.1459
      vertex 7.5 3.27177 9.56926
      vertex 6.1 3.27177 9.56926
    endloop
  endfacet
  facet normal 0 -0.980782 0.195109
    outer loop
      vertex 7.5 3.27177 9.56926
      vertex 6.1 3.18755 9.1459
      vertex 7.5 3.18755 9.1459
    endloop
  endfacet
  facet normal 0 -0.980782 0.195109
    outer loop
      vertex -12.7 3.18755 9.1459
      vertex -6.1 3.27177 9.56926
      vertex -12.7 3.27177 9.56926
    endloop
  endfacet
  facet normal 0 -0.980782 0.195109
    outer loop
      vertex -6.1 3.27177 9.56926
      vertex -12.7 3.18755 9.1459
      vertex -6.1 3.18755 9.1459
    endloop
  endfacet
  facet normal 0 -0.946934 0.321428
    outer loop
      vertex 6.1 3.0488 8.73714
      vertex 7.5 3.18755 9.1459
      vertex 6.1 3.18755 9.1459
    endloop
  endfacet
  facet normal 0 -0.946934 0.321428
    outer loop
      vertex 7.5 3.18755 9.1459
      vertex 6.1 3.0488 8.73714
      vertex 7.5 3.0488 8.73714
    endloop
  endfacet
  facet normal 0 -0.946934 0.321428
    outer loop
      vertex -12.7 3.0488 8.73714
      vertex -6.1 3.18755 9.1459
      vertex -12.7 3.18755 9.1459
    endloop
  endfacet
  facet normal 0 -0.946934 0.321428
    outer loop
      vertex -6.1 3.18755 9.1459
      vertex -12.7 3.0488 8.73714
      vertex -6.1 3.0488 8.73714
    endloop
  endfacet
  facet normal 0 -0.946943 -0.3214
    outer loop
      vertex 6.1 3.18755 10.8541
      vertex 7.5 3.0488 11.2629
      vertex 6.1 3.0488 11.2629
    endloop
  endfacet
  facet normal 0 -0.946943 -0.3214
    outer loop
      vertex 7.5 3.0488 11.2629
      vertex 6.1 3.18755 10.8541
      vertex 7.5 3.18755 10.8541
    endloop
  endfacet
  facet normal 0 -0.946943 -0.3214
    outer loop
      vertex -12.7 3.18755 10.8541
      vertex -6.1 3.0488 11.2629
      vertex -12.7 3.0488 11.2629
    endloop
  endfacet
  facet normal 0 -0.946943 -0.3214
    outer loop
      vertex -6.1 3.0488 11.2629
      vertex -12.7 3.18755 10.8541
      vertex -6.1 3.18755 10.8541
    endloop
  endfacet
  facet normal 0 -0.442249 -0.896892
    outer loop
      vertex 6.1 1.26285 13.0488
      vertex 7.5 1.65 12.8579
      vertex 7.5 1.26285 13.0488
    endloop
  endfacet
  facet normal -0 -0.442249 -0.896892
    outer loop
      vertex 7.5 1.65 12.8579
      vertex 6.1 1.26285 13.0488
      vertex 6.1 1.65 12.8579
    endloop
  endfacet
  facet normal 0 -0.442249 -0.896892
    outer loop
      vertex -12.7 1.26285 13.0488
      vertex -6.1 1.65 12.8579
      vertex -6.1 1.26285 13.0488
    endloop
  endfacet
  facet normal -0 -0.442249 -0.896892
    outer loop
      vertex -6.1 1.65 12.8579
      vertex -12.7 1.26285 13.0488
      vertex -12.7 1.65 12.8579
    endloop
  endfacet
  facet normal -0 0.195084 0.980786
    outer loop
      vertex 6.1 -0.430736 6.72823
      vertex 7.5 -0.854102 6.81244
      vertex 7.5 -0.430736 6.72823
    endloop
  endfacet
  facet normal 0 0.195084 0.980786
    outer loop
      vertex 7.5 -0.854102 6.81244
      vertex 6.1 -0.430736 6.72823
      vertex 6.1 -0.854102 6.81244
    endloop
  endfacet
  facet normal -0 0.195084 0.980786
    outer loop
      vertex -12.7 -0.430736 6.72823
      vertex -6.1 -0.854102 6.81244
      vertex -6.1 -0.430736 6.72823
    endloop
  endfacet
  facet normal 0 0.195084 0.980786
    outer loop
      vertex -6.1 -0.854102 6.81244
      vertex -12.7 -0.430736 6.72823
      vertex -12.7 -0.854102 6.81244
    endloop
  endfacet
  facet normal 0 -0.442286 0.896874
    outer loop
      vertex 6.1 1.65 7.14212
      vertex 7.5 1.26285 6.9512
      vertex 7.5 1.65 7.14212
    endloop
  endfacet
  facet normal 0 -0.442286 0.896874
    outer loop
      vertex 7.5 1.26285 6.9512
      vertex 6.1 1.65 7.14212
      vertex 6.1 1.26285 6.9512
    endloop
  endfacet
  facet normal 0 -0.442286 0.896874
    outer loop
      vertex -12.7 1.65 7.14212
      vertex -6.1 1.26285 6.9512
      vertex -6.1 1.65 7.14212
    endloop
  endfacet
  facet normal 0 -0.442286 0.896874
    outer loop
      vertex -6.1 1.26285 6.9512
      vertex -12.7 1.65 7.14212
      vertex -12.7 1.26285 6.9512
    endloop
  endfacet
  facet normal 0 -0.997859 0.0653981
    outer loop
      vertex 6.1 3.27177 9.56926
      vertex 7.5 3.3 10
      vertex 6.1 3.3 10
    endloop
  endfacet
  facet normal 0 -0.997859 0.0653981
    outer loop
      vertex 7.5 3.3 10
      vertex 6.1 3.27177 9.56926
      vertex 7.5 3.27177 9.56926
    endloop
  endfacet
  facet normal 0 -0.997859 0.0653981
    outer loop
      vertex -12.7 3.27177 9.56926
      vertex -6.1 3.3 10
      vertex -12.7 3.3 10
    endloop
  endfacet
  facet normal 0 -0.997859 0.0653981
    outer loop
      vertex -6.1 3.3 10
      vertex -12.7 3.27177 9.56926
      vertex -6.1 3.27177 9.56926
    endloop
  endfacet
  facet normal 0 -0.896869 0.442296
    outer loop
      vertex 6.1 2.85788 8.35
      vertex 7.5 3.0488 8.73714
      vertex 6.1 3.0488 8.73714
    endloop
  endfacet
  facet normal 0 -0.896869 0.442296
    outer loop
      vertex 7.5 3.0488 8.73714
      vertex 6.1 2.85788 8.35
      vertex 7.5 2.85788 8.35
    endloop
  endfacet
  facet normal 0 -0.896869 0.442296
    outer loop
      vertex -12.7 2.85788 8.35
      vertex -6.1 3.0488 8.73714
      vertex -12.7 3.0488 8.73714
    endloop
  endfacet
  facet normal 0 -0.896869 0.442296
    outer loop
      vertex -6.1 3.0488 8.73714
      vertex -12.7 2.85788 8.35
      vertex -6.1 2.85788 8.35
    endloop
  endfacet
  facet normal 0 -0.0653295 -0.997864
    outer loop
      vertex 6.1 0 13.3
      vertex 7.5 0.430736 13.2718
      vertex 7.5 0 13.3
    endloop
  endfacet
  facet normal -0 -0.0653295 -0.997864
    outer loop
      vertex 7.5 0.430736 13.2718
      vertex 6.1 0 13.3
      vertex 6.1 0.430736 13.2718
    endloop
  endfacet
  facet normal 0 -0.0653295 -0.997864
    outer loop
      vertex -12.7 0 13.3
      vertex -6.1 0.430736 13.2718
      vertex -6.1 0 13.3
    endloop
  endfacet
  facet normal -0 -0.0653295 -0.997864
    outer loop
      vertex -6.1 0.430736 13.2718
      vertex -12.7 0 13.3
      vertex -12.7 0.430736 13.2718
    endloop
  endfacet
  facet normal 0 -0.659328 -0.751856
    outer loop
      vertex 6.1 2.00891 12.6181
      vertex 7.5 2.33345 12.3335
      vertex 7.5 2.00891 12.6181
    endloop
  endfacet
  facet normal -0 -0.659328 -0.751856
    outer loop
      vertex 7.5 2.33345 12.3335
      vertex 6.1 2.00891 12.6181
      vertex 6.1 2.33345 12.3335
    endloop
  endfacet
  facet normal 0 -0.659328 -0.751856
    outer loop
      vertex -12.7 2.00891 12.6181
      vertex -6.1 2.33345 12.3335
      vertex -6.1 2.00891 12.6181
    endloop
  endfacet
  facet normal -0 -0.659328 -0.751856
    outer loop
      vertex -6.1 2.33345 12.3335
      vertex -12.7 2.00891 12.6181
      vertex -12.7 2.33345 12.3335
    endloop
  endfacet
  facet normal 0 -0.896851 -0.442332
    outer loop
      vertex 6.1 3.0488 11.2629
      vertex 7.5 2.85788 11.65
      vertex 6.1 2.85788 11.65
    endloop
  endfacet
  facet normal 0 -0.896851 -0.442332
    outer loop
      vertex 7.5 2.85788 11.65
      vertex 6.1 3.0488 11.2629
      vertex 7.5 3.0488 11.2629
    endloop
  endfacet
  facet normal 0 -0.896851 -0.442332
    outer loop
      vertex -12.7 3.0488 11.2629
      vertex -6.1 2.85788 11.65
      vertex -12.7 2.85788 11.65
    endloop
  endfacet
  facet normal 0 -0.896851 -0.442332
    outer loop
      vertex -6.1 2.85788 11.65
      vertex -12.7 3.0488 11.2629
      vertex -6.1 3.0488 11.2629
    endloop
  endfacet
  facet normal 0 -0.980785 -0.195091
    outer loop
      vertex 6.1 3.27177 10.4307
      vertex 7.5 3.18755 10.8541
      vertex 6.1 3.18755 10.8541
    endloop
  endfacet
  facet normal 0 -0.980785 -0.195091
    outer loop
      vertex 7.5 3.18755 10.8541
      vertex 6.1 3.27177 10.4307
      vertex 7.5 3.27177 10.4307
    endloop
  endfacet
  facet normal 0 -0.980785 -0.195091
    outer loop
      vertex -12.7 3.27177 10.4307
      vertex -6.1 3.18755 10.8541
      vertex -12.7 3.18755 10.8541
    endloop
  endfacet
  facet normal 0 -0.980785 -0.195091
    outer loop
      vertex -6.1 3.18755 10.8541
      vertex -12.7 3.27177 10.4307
      vertex -6.1 3.27177 10.4307
    endloop
  endfacet
  facet normal -0 0.0653987 0.997859
    outer loop
      vertex 6.1 0 6.7
      vertex 7.5 -0.430736 6.72823
      vertex 7.5 0 6.7
    endloop
  endfacet
  facet normal 0 0.0653987 0.997859
    outer loop
      vertex 7.5 -0.430736 6.72823
      vertex 6.1 0 6.7
      vertex 6.1 -0.430736 6.72823
    endloop
  endfacet
  facet normal -0 0.0653987 0.997859
    outer loop
      vertex -12.7 0 6.7
      vertex -6.1 -0.430736 6.72823
      vertex -6.1 0 6.7
    endloop
  endfacet
  facet normal 0 0.0653987 0.997859
    outer loop
      vertex -6.1 -0.430736 6.72823
      vertex -12.7 0 6.7
      vertex -12.7 -0.430736 6.72823
    endloop
  endfacet
  facet normal -0 0.321458 0.946924
    outer loop
      vertex 6.1 -0.854102 6.81244
      vertex 7.5 -1.26285 6.9512
      vertex 7.5 -0.854102 6.81244
    endloop
  endfacet
  facet normal 0 0.321458 0.946924
    outer loop
      vertex 7.5 -1.26285 6.9512
      vertex 6.1 -0.854102 6.81244
      vertex 6.1 -1.26285 6.9512
    endloop
  endfacet
  facet normal -0 0.321458 0.946924
    outer loop
      vertex -12.7 -0.854102 6.81244
      vertex -6.1 -1.26285 6.9512
      vertex -6.1 -0.854102 6.81244
    endloop
  endfacet
  facet normal 0 0.321458 0.946924
    outer loop
      vertex -6.1 -1.26285 6.9512
      vertex -12.7 -0.854102 6.81244
      vertex -12.7 -1.26285 6.9512
    endloop
  endfacet
  facet normal 0 0.751893 -0.659285
    outer loop
      vertex 7.5 -2.61807 12.0089
      vertex 6.1 -2.33345 12.3335
      vertex 7.5 -2.33345 12.3335
    endloop
  endfacet
  facet normal 0 0.751893 -0.659285
    outer loop
      vertex 6.1 -2.33345 12.3335
      vertex 7.5 -2.61807 12.0089
      vertex 6.1 -2.61807 12.0089
    endloop
  endfacet
  facet normal 0 0.751893 -0.659285
    outer loop
      vertex -6.1 -2.61807 12.0089
      vertex -12.7 -2.33345 12.3335
      vertex -6.1 -2.33345 12.3335
    endloop
  endfacet
  facet normal 0 0.751893 -0.659285
    outer loop
      vertex -12.7 -2.33345 12.3335
      vertex -6.1 -2.61807 12.0089
      vertex -12.7 -2.61807 12.0089
    endloop
  endfacet
  facet normal 0 -0.195084 0.980786
    outer loop
      vertex 6.1 0.854102 6.81244
      vertex 7.5 0.430736 6.72823
      vertex 7.5 0.854102 6.81244
    endloop
  endfacet
  facet normal 0 -0.195084 0.980786
    outer loop
      vertex 7.5 0.430736 6.72823
      vertex 6.1 0.854102 6.81244
      vertex 6.1 0.430736 6.72823
    endloop
  endfacet
  facet normal 0 -0.195084 0.980786
    outer loop
      vertex -12.7 0.854102 6.81244
      vertex -6.1 0.430736 6.72823
      vertex -6.1 0.854102 6.81244
    endloop
  endfacet
  facet normal 0 -0.195084 0.980786
    outer loop
      vertex -6.1 0.430736 6.72823
      vertex -12.7 0.854102 6.81244
      vertex -12.7 0.430736 6.72823
    endloop
  endfacet
  facet normal 0 -0.321458 0.946924
    outer loop
      vertex 6.1 1.26285 6.9512
      vertex 7.5 0.854102 6.81244
      vertex 7.5 1.26285 6.9512
    endloop
  endfacet
  facet normal 0 -0.321458 0.946924
    outer loop
      vertex 7.5 0.854102 6.81244
      vertex 6.1 1.26285 6.9512
      vertex 6.1 0.854102 6.81244
    endloop
  endfacet
  facet normal 0 -0.321458 0.946924
    outer loop
      vertex -12.7 1.26285 6.9512
      vertex -6.1 0.854102 6.81244
      vertex -6.1 1.26285 6.9512
    endloop
  endfacet
  facet normal 0 -0.321458 0.946924
    outer loop
      vertex -6.1 0.854102 6.81244
      vertex -12.7 1.26285 6.9512
      vertex -12.7 0.854102 6.81244
    endloop
  endfacet
  facet normal 0 -0.751833 0.659354
    outer loop
      vertex 6.1 2.33345 7.66655
      vertex 7.5 2.61807 7.99109
      vertex 6.1 2.61807 7.99109
    endloop
  endfacet
  facet normal 0 -0.751833 0.659354
    outer loop
      vertex 7.5 2.61807 7.99109
      vertex 6.1 2.33345 7.66655
      vertex 7.5 2.33345 7.66655
    endloop
  endfacet
  facet normal 0 -0.751833 0.659354
    outer loop
      vertex -12.7 2.33345 7.66655
      vertex -6.1 2.61807 7.99109
      vertex -12.7 2.61807 7.99109
    endloop
  endfacet
  facet normal 0 -0.751833 0.659354
    outer loop
      vertex -6.1 2.61807 7.99109
      vertex -12.7 2.33345 7.66655
      vertex -6.1 2.33345 7.66655
    endloop
  endfacet
  facet normal 0 -0.997859 -0.0654041
    outer loop
      vertex 6.1 3.3 10
      vertex 7.5 3.27177 10.4307
      vertex 6.1 3.27177 10.4307
    endloop
  endfacet
  facet normal 0 -0.997859 -0.0654041
    outer loop
      vertex 7.5 3.27177 10.4307
      vertex 6.1 3.3 10
      vertex 7.5 3.3 10
    endloop
  endfacet
  facet normal 0 -0.997859 -0.0654041
    outer loop
      vertex -12.7 3.3 10
      vertex -6.1 3.27177 10.4307
      vertex -12.7 3.27177 10.4307
    endloop
  endfacet
  facet normal 0 -0.997859 -0.0654041
    outer loop
      vertex -6.1 3.27177 10.4307
      vertex -12.7 3.3 10
      vertex -6.1 3.3 10
    endloop
  endfacet
  facet normal 0 -0.831476 0.555561
    outer loop
      vertex 6.1 2.61807 7.99109
      vertex 7.5 2.85788 8.35
      vertex 6.1 2.85788 8.35
    endloop
  endfacet
  facet normal 0 -0.831476 0.555561
    outer loop
      vertex 7.5 2.85788 8.35
      vertex 6.1 2.61807 7.99109
      vertex 7.5 2.61807 7.99109
    endloop
  endfacet
  facet normal 0 -0.831476 0.555561
    outer loop
      vertex -12.7 2.61807 7.99109
      vertex -6.1 2.85788 8.35
      vertex -12.7 2.85788 8.35
    endloop
  endfacet
  facet normal 0 -0.831476 0.555561
    outer loop
      vertex -6.1 2.85788 8.35
      vertex -12.7 2.61807 7.99109
      vertex -6.1 2.61807 7.99109
    endloop
  endfacet
  facet normal 0 -0.321541 -0.946896
    outer loop
      vertex 6.1 0.854102 13.1876
      vertex 7.5 1.26285 13.0488
      vertex 7.5 0.854102 13.1876
    endloop
  endfacet
  facet normal -0 -0.321541 -0.946896
    outer loop
      vertex 7.5 1.26285 13.0488
      vertex 6.1 0.854102 13.1876
      vertex 6.1 1.26285 13.0488
    endloop
  endfacet
  facet normal 0 -0.321541 -0.946896
    outer loop
      vertex -12.7 0.854102 13.1876
      vertex -6.1 1.26285 13.0488
      vertex -6.1 0.854102 13.1876
    endloop
  endfacet
  facet normal -0 -0.321541 -0.946896
    outer loop
      vertex -6.1 1.26285 13.0488
      vertex -12.7 0.854102 13.1876
      vertex -12.7 1.26285 13.0488
    endloop
  endfacet
  facet normal 0 -0.195062 -0.980791
    outer loop
      vertex 6.1 0.430736 13.2718
      vertex 7.5 0.854102 13.1876
      vertex 7.5 0.430736 13.2718
    endloop
  endfacet
  facet normal -0 -0.195062 -0.980791
    outer loop
      vertex 7.5 0.854102 13.1876
      vertex 6.1 0.430736 13.2718
      vertex 6.1 0.854102 13.1876
    endloop
  endfacet
  facet normal 0 -0.195062 -0.980791
    outer loop
      vertex -12.7 0.430736 13.2718
      vertex -6.1 0.854102 13.1876
      vertex -6.1 0.430736 13.2718
    endloop
  endfacet
  facet normal -0 -0.195062 -0.980791
    outer loop
      vertex -6.1 0.854102 13.1876
      vertex -12.7 0.430736 13.2718
      vertex -12.7 0.854102 13.1876
    endloop
  endfacet
  facet normal 0 -0.555545 -0.831487
    outer loop
      vertex 6.1 1.65 12.8579
      vertex 7.5 2.00891 12.6181
      vertex 7.5 1.65 12.8579
    endloop
  endfacet
  facet normal -0 -0.555545 -0.831487
    outer loop
      vertex 7.5 2.00891 12.6181
      vertex 6.1 1.65 12.8579
      vertex 6.1 2.00891 12.6181
    endloop
  endfacet
  facet normal 0 -0.555545 -0.831487
    outer loop
      vertex -12.7 1.65 12.8579
      vertex -6.1 2.00891 12.6181
      vertex -6.1 1.65 12.8579
    endloop
  endfacet
  facet normal -0 -0.555545 -0.831487
    outer loop
      vertex -6.1 2.00891 12.6181
      vertex -12.7 1.65 12.8579
      vertex -12.7 2.00891 12.6181
    endloop
  endfacet
  facet normal 0 -0.831469 -0.555571
    outer loop
      vertex 6.1 2.85788 11.65
      vertex 7.5 2.61807 12.0089
      vertex 6.1 2.61807 12.0089
    endloop
  endfacet
  facet normal 0 -0.831469 -0.555571
    outer loop
      vertex 7.5 2.61807 12.0089
      vertex 6.1 2.85788 11.65
      vertex 7.5 2.85788 11.65
    endloop
  endfacet
  facet normal 0 -0.831469 -0.555571
    outer loop
      vertex -12.7 2.85788 11.65
      vertex -6.1 2.61807 12.0089
      vertex -12.7 2.61807 12.0089
    endloop
  endfacet
  facet normal 0 -0.831469 -0.555571
    outer loop
      vertex -6.1 2.61807 12.0089
      vertex -12.7 2.85788 11.65
      vertex -6.1 2.85788 11.65
    endloop
  endfacet
  facet normal 0 -0.751893 -0.659285
    outer loop
      vertex 6.1 2.61807 12.0089
      vertex 7.5 2.33345 12.3335
      vertex 6.1 2.33345 12.3335
    endloop
  endfacet
  facet normal 0 -0.751893 -0.659285
    outer loop
      vertex 7.5 2.33345 12.3335
      vertex 6.1 2.61807 12.0089
      vertex 7.5 2.61807 12.0089
    endloop
  endfacet
  facet normal 0 -0.751893 -0.659285
    outer loop
      vertex -12.7 2.61807 12.0089
      vertex -6.1 2.33345 12.3335
      vertex -12.7 2.33345 12.3335
    endloop
  endfacet
  facet normal 0 -0.751893 -0.659285
    outer loop
      vertex -6.1 2.33345 12.3335
      vertex -12.7 2.61807 12.0089
      vertex -6.1 2.61807 12.0089
    endloop
  endfacet
  facet normal 0 -0.0653987 0.997859
    outer loop
      vertex 6.1 0.430736 6.72823
      vertex 7.5 0 6.7
      vertex 7.5 0.430736 6.72823
    endloop
  endfacet
  facet normal 0 -0.0653987 0.997859
    outer loop
      vertex 7.5 0 6.7
      vertex 6.1 0.430736 6.72823
      vertex 6.1 0 6.7
    endloop
  endfacet
  facet normal 0 -0.0653987 0.997859
    outer loop
      vertex -12.7 0.430736 6.72823
      vertex -6.1 0 6.7
      vertex -6.1 0.430736 6.72823
    endloop
  endfacet
  facet normal 0 -0.0653987 0.997859
    outer loop
      vertex -6.1 0 6.7
      vertex -12.7 0.430736 6.72823
      vertex -12.7 0 6.7
    endloop
  endfacet
  facet normal 0 0.0653295 -0.997864
    outer loop
      vertex 6.1 -0.430736 13.2718
      vertex 7.5 0 13.3
      vertex 7.5 -0.430736 13.2718
    endloop
  endfacet
  facet normal 0 0.0653295 -0.997864
    outer loop
      vertex 7.5 0 13.3
      vertex 6.1 -0.430736 13.2718
      vertex 6.1 0 13.3
    endloop
  endfacet
  facet normal 0 0.0653295 -0.997864
    outer loop
      vertex -12.7 -0.430736 13.2718
      vertex -6.1 0 13.3
      vertex -6.1 -0.430736 13.2718
    endloop
  endfacet
  facet normal 0 0.0653295 -0.997864
    outer loop
      vertex -6.1 0 13.3
      vertex -12.7 -0.430736 13.2718
      vertex -12.7 0 13.3
    endloop
  endfacet
  facet normal 0 0.980782 0.195109
    outer loop
      vertex 7.5 -3.18755 9.1459
      vertex 6.1 -3.27177 9.56926
      vertex 7.5 -3.27177 9.56926
    endloop
  endfacet
  facet normal 0 0.980782 0.195109
    outer loop
      vertex 6.1 -3.27177 9.56926
      vertex 7.5 -3.18755 9.1459
      vertex 6.1 -3.18755 9.1459
    endloop
  endfacet
  facet normal 0 0.980782 0.195109
    outer loop
      vertex -6.1 -3.18755 9.1459
      vertex -12.7 -3.27177 9.56926
      vertex -6.1 -3.27177 9.56926
    endloop
  endfacet
  facet normal 0 0.980782 0.195109
    outer loop
      vertex -12.7 -3.27177 9.56926
      vertex -6.1 -3.18755 9.1459
      vertex -12.7 -3.18755 9.1459
    endloop
  endfacet
  facet normal 0 0.896869 0.442296
    outer loop
      vertex 7.5 -2.85788 8.35
      vertex 6.1 -3.0488 8.73714
      vertex 7.5 -3.0488 8.73714
    endloop
  endfacet
  facet normal 0 0.896869 0.442296
    outer loop
      vertex 6.1 -3.0488 8.73714
      vertex 7.5 -2.85788 8.35
      vertex 6.1 -2.85788 8.35
    endloop
  endfacet
  facet normal 0 0.896869 0.442296
    outer loop
      vertex -6.1 -2.85788 8.35
      vertex -12.7 -3.0488 8.73714
      vertex -6.1 -3.0488 8.73714
    endloop
  endfacet
  facet normal 0 0.896869 0.442296
    outer loop
      vertex -12.7 -3.0488 8.73714
      vertex -6.1 -2.85788 8.35
      vertex -12.7 -2.85788 8.35
    endloop
  endfacet
  facet normal 0 -0.659354 0.751833
    outer loop
      vertex 6.1 2.33345 7.66655
      vertex 7.5 2.00891 7.38193
      vertex 7.5 2.33345 7.66655
    endloop
  endfacet
  facet normal 0 -0.659354 0.751833
    outer loop
      vertex 7.5 2.00891 7.38193
      vertex 6.1 2.33345 7.66655
      vertex 6.1 2.00891 7.38193
    endloop
  endfacet
  facet normal 0 -0.659354 0.751833
    outer loop
      vertex -12.7 2.33345 7.66655
      vertex -6.1 2.00891 7.38193
      vertex -6.1 2.33345 7.66655
    endloop
  endfacet
  facet normal 0 -0.659354 0.751833
    outer loop
      vertex -6.1 2.00891 7.38193
      vertex -12.7 2.33345 7.66655
      vertex -12.7 2.00891 7.38193
    endloop
  endfacet
  facet normal -0 0.659354 0.751833
    outer loop
      vertex 6.1 -2.00891 7.38193
      vertex 7.5 -2.33345 7.66655
      vertex 7.5 -2.00891 7.38193
    endloop
  endfacet
  facet normal 0 0.659354 0.751833
    outer loop
      vertex 7.5 -2.33345 7.66655
      vertex 6.1 -2.00891 7.38193
      vertex 6.1 -2.33345 7.66655
    endloop
  endfacet
  facet normal -0 0.659354 0.751833
    outer loop
      vertex -12.7 -2.00891 7.38193
      vertex -6.1 -2.33345 7.66655
      vertex -6.1 -2.00891 7.38193
    endloop
  endfacet
  facet normal 0 0.659354 0.751833
    outer loop
      vertex -6.1 -2.33345 7.66655
      vertex -12.7 -2.00891 7.38193
      vertex -12.7 -2.33345 7.66655
    endloop
  endfacet
  facet normal -0 0.442286 0.896874
    outer loop
      vertex 6.1 -1.26285 6.9512
      vertex 7.5 -1.65 7.14212
      vertex 7.5 -1.26285 6.9512
    endloop
  endfacet
  facet normal 0 0.442286 0.896874
    outer loop
      vertex 7.5 -1.65 7.14212
      vertex 6.1 -1.26285 6.9512
      vertex 6.1 -1.65 7.14212
    endloop
  endfacet
  facet normal -0 0.442286 0.896874
    outer loop
      vertex -12.7 -1.26285 6.9512
      vertex -6.1 -1.65 7.14212
      vertex -6.1 -1.26285 6.9512
    endloop
  endfacet
  facet normal 0 0.442286 0.896874
    outer loop
      vertex -6.1 -1.65 7.14212
      vertex -12.7 -1.26285 6.9512
      vertex -12.7 -1.65 7.14212
    endloop
  endfacet
  facet normal 0 0.896851 -0.442332
    outer loop
      vertex 7.5 -3.0488 11.2629
      vertex 6.1 -2.85788 11.65
      vertex 7.5 -2.85788 11.65
    endloop
  endfacet
  facet normal 0 0.896851 -0.442332
    outer loop
      vertex 6.1 -2.85788 11.65
      vertex 7.5 -3.0488 11.2629
      vertex 6.1 -3.0488 11.2629
    endloop
  endfacet
  facet normal 0 0.896851 -0.442332
    outer loop
      vertex -6.1 -3.0488 11.2629
      vertex -12.7 -2.85788 11.65
      vertex -6.1 -2.85788 11.65
    endloop
  endfacet
  facet normal 0 0.896851 -0.442332
    outer loop
      vertex -12.7 -2.85788 11.65
      vertex -6.1 -3.0488 11.2629
      vertex -12.7 -3.0488 11.2629
    endloop
  endfacet
  facet normal 0 0.946943 -0.3214
    outer loop
      vertex 7.5 -3.18755 10.8541
      vertex 6.1 -3.0488 11.2629
      vertex 7.5 -3.0488 11.2629
    endloop
  endfacet
  facet normal 0 0.946943 -0.3214
    outer loop
      vertex 6.1 -3.0488 11.2629
      vertex 7.5 -3.18755 10.8541
      vertex 6.1 -3.18755 10.8541
    endloop
  endfacet
  facet normal 0 0.946943 -0.3214
    outer loop
      vertex -6.1 -3.18755 10.8541
      vertex -12.7 -3.0488 11.2629
      vertex -6.1 -3.0488 11.2629
    endloop
  endfacet
  facet normal 0 0.946943 -0.3214
    outer loop
      vertex -12.7 -3.0488 11.2629
      vertex -6.1 -3.18755 10.8541
      vertex -12.7 -3.18755 10.8541
    endloop
  endfacet
  facet normal 0 0.321541 -0.946896
    outer loop
      vertex 6.1 -1.26285 13.0488
      vertex 7.5 -0.854102 13.1876
      vertex 7.5 -1.26285 13.0488
    endloop
  endfacet
  facet normal 0 0.321541 -0.946896
    outer loop
      vertex 7.5 -0.854102 13.1876
      vertex 6.1 -1.26285 13.0488
      vertex 6.1 -0.854102 13.1876
    endloop
  endfacet
  facet normal 0 0.321541 -0.946896
    outer loop
      vertex -12.7 -1.26285 13.0488
      vertex -6.1 -0.854102 13.1876
      vertex -6.1 -1.26285 13.0488
    endloop
  endfacet
  facet normal 0 0.321541 -0.946896
    outer loop
      vertex -6.1 -0.854102 13.1876
      vertex -12.7 -1.26285 13.0488
      vertex -12.7 -0.854102 13.1876
    endloop
  endfacet
  facet normal 0 0.442249 -0.896892
    outer loop
      vertex 6.1 -1.65 12.8579
      vertex 7.5 -1.26285 13.0488
      vertex 7.5 -1.65 12.8579
    endloop
  endfacet
  facet normal 0 0.442249 -0.896892
    outer loop
      vertex 7.5 -1.26285 13.0488
      vertex 6.1 -1.65 12.8579
      vertex 6.1 -1.26285 13.0488
    endloop
  endfacet
  facet normal 0 0.442249 -0.896892
    outer loop
      vertex -12.7 -1.65 12.8579
      vertex -6.1 -1.26285 13.0488
      vertex -6.1 -1.65 12.8579
    endloop
  endfacet
  facet normal 0 0.442249 -0.896892
    outer loop
      vertex -6.1 -1.26285 13.0488
      vertex -12.7 -1.65 12.8579
      vertex -12.7 -1.26285 13.0488
    endloop
  endfacet
  facet normal 0 0.659328 -0.751856
    outer loop
      vertex 6.1 -2.33345 12.3335
      vertex 7.5 -2.00891 12.6181
      vertex 7.5 -2.33345 12.3335
    endloop
  endfacet
  facet normal 0 0.659328 -0.751856
    outer loop
      vertex 7.5 -2.00891 12.6181
      vertex 6.1 -2.33345 12.3335
      vertex 6.1 -2.00891 12.6181
    endloop
  endfacet
  facet normal 0 0.659328 -0.751856
    outer loop
      vertex -12.7 -2.33345 12.3335
      vertex -6.1 -2.00891 12.6181
      vertex -6.1 -2.33345 12.3335
    endloop
  endfacet
  facet normal 0 0.659328 -0.751856
    outer loop
      vertex -6.1 -2.00891 12.6181
      vertex -12.7 -2.33345 12.3335
      vertex -12.7 -2.00891 12.6181
    endloop
  endfacet
  facet normal 0 0.946934 0.321428
    outer loop
      vertex 7.5 -3.0488 8.73714
      vertex 6.1 -3.18755 9.1459
      vertex 7.5 -3.18755 9.1459
    endloop
  endfacet
  facet normal 0 0.946934 0.321428
    outer loop
      vertex 6.1 -3.18755 9.1459
      vertex 7.5 -3.0488 8.73714
      vertex 6.1 -3.0488 8.73714
    endloop
  endfacet
  facet normal 0 0.946934 0.321428
    outer loop
      vertex -6.1 -3.0488 8.73714
      vertex -12.7 -3.18755 9.1459
      vertex -6.1 -3.18755 9.1459
    endloop
  endfacet
  facet normal 0 0.946934 0.321428
    outer loop
      vertex -12.7 -3.18755 9.1459
      vertex -6.1 -3.0488 8.73714
      vertex -12.7 -3.0488 8.73714
    endloop
  endfacet
  facet normal 0 0.751833 0.659354
    outer loop
      vertex 7.5 -2.33345 7.66655
      vertex 6.1 -2.61807 7.99109
      vertex 7.5 -2.61807 7.99109
    endloop
  endfacet
  facet normal 0 0.751833 0.659354
    outer loop
      vertex 6.1 -2.61807 7.99109
      vertex 7.5 -2.33345 7.66655
      vertex 6.1 -2.33345 7.66655
    endloop
  endfacet
  facet normal 0 0.751833 0.659354
    outer loop
      vertex -6.1 -2.33345 7.66655
      vertex -12.7 -2.61807 7.99109
      vertex -6.1 -2.61807 7.99109
    endloop
  endfacet
  facet normal 0 0.751833 0.659354
    outer loop
      vertex -12.7 -2.61807 7.99109
      vertex -6.1 -2.33345 7.66655
      vertex -12.7 -2.33345 7.66655
    endloop
  endfacet
  facet normal 0 0.831476 0.555561
    outer loop
      vertex 7.5 -2.61807 7.99109
      vertex 6.1 -2.85788 8.35
      vertex 7.5 -2.85788 8.35
    endloop
  endfacet
  facet normal 0 0.831476 0.555561
    outer loop
      vertex 6.1 -2.85788 8.35
      vertex 7.5 -2.61807 7.99109
      vertex 6.1 -2.61807 7.99109
    endloop
  endfacet
  facet normal 0 0.831476 0.555561
    outer loop
      vertex -6.1 -2.61807 7.99109
      vertex -12.7 -2.85788 8.35
      vertex -6.1 -2.85788 8.35
    endloop
  endfacet
  facet normal 0 0.831476 0.555561
    outer loop
      vertex -12.7 -2.85788 8.35
      vertex -6.1 -2.61807 7.99109
      vertex -12.7 -2.61807 7.99109
    endloop
  endfacet
  facet normal -0 0.555561 0.831476
    outer loop
      vertex 6.1 -1.65 7.14212
      vertex 7.5 -2.00891 7.38193
      vertex 7.5 -1.65 7.14212
    endloop
  endfacet
  facet normal 0 0.555561 0.831476
    outer loop
      vertex 7.5 -2.00891 7.38193
      vertex 6.1 -1.65 7.14212
      vertex 6.1 -2.00891 7.38193
    endloop
  endfacet
  facet normal -0 0.555561 0.831476
    outer loop
      vertex -12.7 -1.65 7.14212
      vertex -6.1 -2.00891 7.38193
      vertex -6.1 -1.65 7.14212
    endloop
  endfacet
  facet normal 0 0.555561 0.831476
    outer loop
      vertex -6.1 -2.00891 7.38193
      vertex -12.7 -1.65 7.14212
      vertex -12.7 -2.00891 7.38193
    endloop
  endfacet
  facet normal 0 0.831469 -0.555571
    outer loop
      vertex 7.5 -2.85788 11.65
      vertex 6.1 -2.61807 12.0089
      vertex 7.5 -2.61807 12.0089
    endloop
  endfacet
  facet normal 0 0.831469 -0.555571
    outer loop
      vertex 6.1 -2.61807 12.0089
      vertex 7.5 -2.85788 11.65
      vertex 6.1 -2.85788 11.65
    endloop
  endfacet
  facet normal 0 0.831469 -0.555571
    outer loop
      vertex -6.1 -2.85788 11.65
      vertex -12.7 -2.61807 12.0089
      vertex -6.1 -2.61807 12.0089
    endloop
  endfacet
  facet normal 0 0.831469 -0.555571
    outer loop
      vertex -12.7 -2.61807 12.0089
      vertex -6.1 -2.85788 11.65
      vertex -12.7 -2.85788 11.65
    endloop
  endfacet
  facet normal 0 0.997859 0.0653981
    outer loop
      vertex 7.5 -3.27177 9.56926
      vertex 6.1 -3.3 10
      vertex 7.5 -3.3 10
    endloop
  endfacet
  facet normal 0 0.997859 0.0653981
    outer loop
      vertex 6.1 -3.3 10
      vertex 7.5 -3.27177 9.56926
      vertex 6.1 -3.27177 9.56926
    endloop
  endfacet
  facet normal 0 0.997859 0.0653981
    outer loop
      vertex -6.1 -3.27177 9.56926
      vertex -12.7 -3.3 10
      vertex -6.1 -3.3 10
    endloop
  endfacet
  facet normal 0 0.997859 0.0653981
    outer loop
      vertex -12.7 -3.3 10
      vertex -6.1 -3.27177 9.56926
      vertex -12.7 -3.27177 9.56926
    endloop
  endfacet
  facet normal 0 0.997859 -0.0654041
    outer loop
      vertex 7.5 -3.3 10
      vertex 6.1 -3.27177 10.4307
      vertex 7.5 -3.27177 10.4307
    endloop
  endfacet
  facet normal 0 0.997859 -0.0654041
    outer loop
      vertex 6.1 -3.27177 10.4307
      vertex 7.5 -3.3 10
      vertex 6.1 -3.3 10
    endloop
  endfacet
  facet normal 0 0.997859 -0.0654041
    outer loop
      vertex -6.1 -3.3 10
      vertex -12.7 -3.27177 10.4307
      vertex -6.1 -3.27177 10.4307
    endloop
  endfacet
  facet normal 0 0.997859 -0.0654041
    outer loop
      vertex -12.7 -3.27177 10.4307
      vertex -6.1 -3.3 10
      vertex -12.7 -3.3 10
    endloop
  endfacet
  facet normal 0 0.195062 -0.980791
    outer loop
      vertex 6.1 -0.854102 13.1876
      vertex 7.5 -0.430736 13.2718
      vertex 7.5 -0.854102 13.1876
    endloop
  endfacet
  facet normal 0 0.195062 -0.980791
    outer loop
      vertex 7.5 -0.430736 13.2718
      vertex 6.1 -0.854102 13.1876
      vertex 6.1 -0.430736 13.2718
    endloop
  endfacet
  facet normal 0 0.195062 -0.980791
    outer loop
      vertex -12.7 -0.854102 13.1876
      vertex -6.1 -0.430736 13.2718
      vertex -6.1 -0.854102 13.1876
    endloop
  endfacet
  facet normal 0 0.195062 -0.980791
    outer loop
      vertex -6.1 -0.430736 13.2718
      vertex -12.7 -0.854102 13.1876
      vertex -12.7 -0.430736 13.2718
    endloop
  endfacet
  facet normal 0 0.555545 -0.831487
    outer loop
      vertex 6.1 -2.00891 12.6181
      vertex 7.5 -1.65 12.8579
      vertex 7.5 -2.00891 12.6181
    endloop
  endfacet
  facet normal 0 0.555545 -0.831487
    outer loop
      vertex 7.5 -1.65 12.8579
      vertex 6.1 -2.00891 12.6181
      vertex 6.1 -1.65 12.8579
    endloop
  endfacet
  facet normal 0 0.555545 -0.831487
    outer loop
      vertex -12.7 -2.00891 12.6181
      vertex -6.1 -1.65 12.8579
      vertex -6.1 -2.00891 12.6181
    endloop
  endfacet
  facet normal 0 0.555545 -0.831487
    outer loop
      vertex -6.1 -1.65 12.8579
      vertex -12.7 -2.00891 12.6181
      vertex -12.7 -1.65 12.8579
    endloop
  endfacet
  facet normal 0 0.980785 -0.195091
    outer loop
      vertex 7.5 -3.27177 10.4307
      vertex 6.1 -3.18755 10.8541
      vertex 7.5 -3.18755 10.8541
    endloop
  endfacet
  facet normal 0 0.980785 -0.195091
    outer loop
      vertex 6.1 -3.18755 10.8541
      vertex 7.5 -3.27177 10.4307
      vertex 6.1 -3.27177 10.4307
    endloop
  endfacet
  facet normal 0 0.980785 -0.195091
    outer loop
      vertex -6.1 -3.27177 10.4307
      vertex -12.7 -3.18755 10.8541
      vertex -6.1 -3.18755 10.8541
    endloop
  endfacet
  facet normal 0 0.980785 -0.195091
    outer loop
      vertex -12.7 -3.18755 10.8541
      vertex -6.1 -3.27177 10.4307
      vertex -12.7 -3.27177 10.4307
    endloop
  endfacet
  facet normal 0 -0.5 0.866026
    outer loop
      vertex 7.5 5 7.11325
      vertex 12.7 0 4.2265
      vertex 12.7 5 7.11325
    endloop
  endfacet
  facet normal 0 -0.5 0.866026
    outer loop
      vertex 12.7 0 4.2265
      vertex 7.5 5 7.11325
      vertex 7.5 0 4.2265
    endloop
  endfacet
  facet normal 0 -0.499993 -0.866029
    outer loop
      vertex 7.5 0 15.7735
      vertex 12.7 5 12.8868
      vertex 12.7 0 15.7735
    endloop
  endfacet
  facet normal -0 -0.499993 -0.866029
    outer loop
      vertex 12.7 5 12.8868
      vertex 7.5 0 15.7735
      vertex 7.5 5 12.8868
    endloop
  endfacet
  facet normal 0 -1 0
    outer loop
      vertex 7.5 5 7.11325
      vertex 12.7 5 12.8868
      vertex 7.5 5 12.8868
    endloop
  endfacet
  facet normal 0 -1 -0
    outer loop
      vertex 12.7 5 12.8868
      vertex 7.5 5 7.11325
      vertex 12.7 5 7.11325
    endloop
  endfacet
  facet normal 1 0 0
    outer loop
      vertex 7.5 5 12.8868
      vertex 7.5 3.3 10
      vertex 7.5 5 7.11325
    endloop
  endfacet
  facet normal 1 0 0
    outer loop
      vertex 7.5 5 12.8868
      vertex 7.5 3.27177 10.4307
      vertex 7.5 3.3 10
    endloop
  endfacet
  facet normal 1 0 0
    outer loop
      vertex 7.5 5 12.8868
      vertex 7.5 3.18755 10.8541
      vertex 7.5 3.27177 10.4307
    endloop
  endfacet
  facet normal 1 0 0
    outer loop
      vertex 7.5 5 12.8868
      vertex 7.5 3.0488 11.2629
      vertex 7.5 3.18755 10.8541
    endloop
  endfacet
  facet normal 1 0 0
    outer loop
      vertex 7.5 5 12.8868
      vertex 7.5 2.85788 11.65
      vertex 7.5 3.0488 11.2629
    endloop
  endfacet
  facet normal 1 0 0
    outer loop
      vertex 7.5 5 12.8868
      vertex 7.5 2.61807 12.0089
      vertex 7.5 2.85788 11.65
    endloop
  endfacet
  facet normal 1 0 0
    outer loop
      vertex 7.5 5 12.8868
      vertex 7.5 2.33345 12.3335
      vertex 7.5 2.61807 12.0089
    endloop
  endfacet
  facet normal 1 0 0
    outer loop
      vertex 7.5 5 12.8868
      vertex 7.5 2.00891 12.6181
      vertex 7.5 2.33345 12.3335
    endloop
  endfacet
  facet normal 1 0 0
    outer loop
      vertex 7.5 5 12.8868
      vertex 7.5 1.65 12.8579
      vertex 7.5 2.00891 12.6181
    endloop
  endfacet
  facet normal 1 0 0
    outer loop
      vertex 7.5 0 15.7735
      vertex 7.5 1.65 12.8579
      vertex 7.5 5 12.8868
    endloop
  endfacet
  facet normal 1 0 0
    outer loop
      vertex 7.5 1.65 12.8579
      vertex 7.5 0 15.7735
      vertex 7.5 1.26285 13.0488
    endloop
  endfacet
  facet normal 1 0 0
    outer loop
      vertex 7.5 1.26285 13.0488
      vertex 7.5 0 15.7735
      vertex 7.5 0.854102 13.1876
    endloop
  endfacet
  facet normal 1 0 0
    outer loop
      vertex 7.5 0.854102 13.1876
      vertex 7.5 0 15.7735
      vertex 7.5 0.430736 13.2718
    endloop
  endfacet
  facet normal 1 0 0
    outer loop
      vertex 7.5 0 15.7735
      vertex 7.5 0 13.3
      vertex 7.5 0.430736 13.2718
    endloop
  endfacet
  facet normal 1 0 0
    outer loop
      vertex 7.5 0 15.7735
      vertex 7.5 -0.430736 13.2718
      vertex 7.5 0 13.3
    endloop
  endfacet
  facet normal 1 0 0
    outer loop
      vertex 7.5 0 15.7735
      vertex 7.5 -0.854102 13.1876
      vertex 7.5 -0.430736 13.2718
    endloop
  endfacet
  facet normal 1 0 0
    outer loop
      vertex 7.5 0 15.7735
      vertex 7.5 -1.26285 13.0488
      vertex 7.5 -0.854102 13.1876
    endloop
  endfacet
  facet normal 1 0 0
    outer loop
      vertex 7.5 0 15.7735
      vertex 7.5 -1.65 12.8579
      vertex 7.5 -1.26285 13.0488
    endloop
  endfacet
  facet normal 1 -0 0
    outer loop
      vertex 7.5 -5 12.8868
      vertex 7.5 -1.65 12.8579
      vertex 7.5 0 15.7735
    endloop
  endfacet
  facet normal 1 0 0
    outer loop
      vertex 7.5 -1.65 12.8579
      vertex 7.5 -5 12.8868
      vertex 7.5 -2.00891 12.6181
    endloop
  endfacet
  facet normal 1 0 0
    outer loop
      vertex 7.5 -2.00891 12.6181
      vertex 7.5 -5 12.8868
      vertex 7.5 -2.33345 12.3335
    endloop
  endfacet
  facet normal 1 0 0
    outer loop
      vertex 7.5 -3.27177 10.4307
      vertex 7.5 -5 12.8868
      vertex 7.5 -3.3 10
    endloop
  endfacet
  facet normal 1 0 0
    outer loop
      vertex 7.5 -3.18755 10.8541
      vertex 7.5 -5 12.8868
      vertex 7.5 -3.27177 10.4307
    endloop
  endfacet
  facet normal 1 0 0
    outer loop
      vertex 7.5 -3.0488 11.2629
      vertex 7.5 -5 12.8868
      vertex 7.5 -3.18755 10.8541
    endloop
  endfacet
  facet normal 1 0 0
    outer loop
      vertex 7.5 -2.85788 11.65
      vertex 7.5 -5 12.8868
      vertex 7.5 -3.0488 11.2629
    endloop
  endfacet
  facet normal 1 0 0
    outer loop
      vertex 7.5 -2.61807 12.0089
      vertex 7.5 -5 12.8868
      vertex 7.5 -2.85788 11.65
    endloop
  endfacet
  facet normal 1 0 0
    outer loop
      vertex 7.5 -2.33345 12.3335
      vertex 7.5 -5 12.8868
      vertex 7.5 -2.61807 12.0089
    endloop
  endfacet
  facet normal 1 -0 0
    outer loop
      vertex 7.5 3.27177 9.56926
      vertex 7.5 5 7.11325
      vertex 7.5 3.3 10
    endloop
  endfacet
  facet normal 1 -0 0
    outer loop
      vertex 7.5 3.18755 9.1459
      vertex 7.5 5 7.11325
      vertex 7.5 3.27177 9.56926
    endloop
  endfacet
  facet normal 1 -0 0
    outer loop
      vertex 7.5 3.0488 8.73714
      vertex 7.5 5 7.11325
      vertex 7.5 3.18755 9.1459
    endloop
  endfacet
  facet normal 1 -0 0
    outer loop
      vertex 7.5 2.85788 8.35
      vertex 7.5 5 7.11325
      vertex 7.5 3.0488 8.73714
    endloop
  endfacet
  facet normal 1 -0 0
    outer loop
      vertex 7.5 2.61807 7.99109
      vertex 7.5 5 7.11325
      vertex 7.5 2.85788 8.35
    endloop
  endfacet
  facet normal 1 -0 0
    outer loop
      vertex 7.5 2.33345 7.66655
      vertex 7.5 5 7.11325
      vertex 7.5 2.61807 7.99109
    endloop
  endfacet
  facet normal 1 -0 0
    outer loop
      vertex 7.5 2.00891 7.38193
      vertex 7.5 5 7.11325
      vertex 7.5 2.33345 7.66655
    endloop
  endfacet
  facet normal 1 -0 0
    outer loop
      vertex 7.5 1.65 7.14212
      vertex 7.5 5 7.11325
      vertex 7.5 2.00891 7.38193
    endloop
  endfacet
  facet normal 1 0 0
    outer loop
      vertex 7.5 0 4.2265
      vertex 7.5 1.65 7.14212
      vertex 7.5 1.26285 6.9512
    endloop
  endfacet
  facet normal 1 0 0
    outer loop
      vertex 7.5 0 4.2265
      vertex 7.5 1.26285 6.9512
      vertex 7.5 0.854102 6.81244
    endloop
  endfacet
  facet normal 1 0 0
    outer loop
      vertex 7.5 0 4.2265
      vertex 7.5 0.854102 6.81244
      vertex 7.5 0.430736 6.72823
    endloop
  endfacet
  facet normal 1 0 0
    outer loop
      vertex 7.5 1.65 7.14212
      vertex 7.5 0 4.2265
      vertex 7.5 5 7.11325
    endloop
  endfacet
  facet normal 1 -0 0
    outer loop
      vertex 7.5 0 6.7
      vertex 7.5 0 4.2265
      vertex 7.5 0.430736 6.72823
    endloop
  endfacet
  facet normal 1 0 0
    outer loop
      vertex 7.5 -0.430736 6.72823
      vertex 7.5 0 4.2265
      vertex 7.5 0 6.7
    endloop
  endfacet
  facet normal 1 0 0
    outer loop
      vertex 7.5 -0.854102 6.81244
      vertex 7.5 0 4.2265
      vertex 7.5 -0.430736 6.72823
    endloop
  endfacet
  facet normal 1 0 0
    outer loop
      vertex 7.5 -1.26285 6.9512
      vertex 7.5 0 4.2265
      vertex 7.5 -0.854102 6.81244
    endloop
  endfacet
  facet normal 1 0 0
    outer loop
      vertex 7.5 -1.65 7.14212
      vertex 7.5 0 4.2265
      vertex 7.5 -1.26285 6.9512
    endloop
  endfacet
  facet normal 1 0 0
    outer loop
      vertex 7.5 -5 7.11325
      vertex 7.5 -1.65 7.14212
      vertex 7.5 -2.00891 7.38193
    endloop
  endfacet
  facet normal 1 0 0
    outer loop
      vertex 7.5 -5 7.11325
      vertex 7.5 -2.00891 7.38193
      vertex 7.5 -2.33345 7.66655
    endloop
  endfacet
  facet normal 1 0 0
    outer loop
      vertex 7.5 -5 7.11325
      vertex 7.5 -2.33345 7.66655
      vertex 7.5 -2.61807 7.99109
    endloop
  endfacet
  facet normal 1 0 0
    outer loop
      vertex 7.5 -5 7.11325
      vertex 7.5 -3.3 10
      vertex 7.5 -5 12.8868
    endloop
  endfacet
  facet normal 1 0 0
    outer loop
      vertex 7.5 -3.3 10
      vertex 7.5 -5 7.11325
      vertex 7.5 -3.27177 9.56926
    endloop
  endfacet
  facet normal 1 0 0
    outer loop
      vertex 7.5 -3.27177 9.56926
      vertex 7.5 -5 7.11325
      vertex 7.5 -3.18755 9.1459
    endloop
  endfacet
  facet normal 1 0 0
    outer loop
      vertex 7.5 -1.65 7.14212
      vertex 7.5 -5 7.11325
      vertex 7.5 0 4.2265
    endloop
  endfacet
  facet normal 1 0 0
    outer loop
      vertex 7.5 -2.85788 8.35
      vertex 7.5 -5 7.11325
      vertex 7.5 -2.61807 7.99109
    endloop
  endfacet
  facet normal 1 0 0
    outer loop
      vertex 7.5 -3.0488 8.73714
      vertex 7.5 -5 7.11325
      vertex 7.5 -2.85788 8.35
    endloop
  endfacet
  facet normal 1 0 0
    outer loop
      vertex 7.5 -3.18755 9.1459
      vertex 7.5 -5 7.11325
      vertex 7.5 -3.0488 8.73714
    endloop
  endfacet
  facet normal -0 0.5 0.866026
    outer loop
      vertex 7.5 0 4.2265
      vertex 12.7 -5 7.11325
      vertex 12.7 0 4.2265
    endloop
  endfacet
  facet normal 0 0.5 0.866026
    outer loop
      vertex 12.7 -5 7.11325
      vertex 7.5 0 4.2265
      vertex 7.5 -5 7.11325
    endloop
  endfacet
  facet normal 0 1 -0
    outer loop
      vertex 12.7 -5 7.11325
      vertex 7.5 -5 12.8868
      vertex 12.7 -5 12.8868
    endloop
  endfacet
  facet normal 0 1 0
    outer loop
      vertex 7.5 -5 12.8868
      vertex 12.7 -5 7.11325
      vertex 7.5 -5 7.11325
    endloop
  endfacet
  facet normal 0 0.499993 -0.866029
    outer loop
      vertex 7.5 -5 12.8868
      vertex 12.7 0 15.7735
      vertex 12.7 -5 12.8868
    endloop
  endfacet
  facet normal 0 0.499993 -0.866029
    outer loop
      vertex 12.7 0 15.7735
      vertex 7.5 -5 12.8868
      vertex 7.5 0 15.7735
    endloop
  endfacet
  facet normal 0 0 -1
    outer loop
      vertex -6.22396 -9.37107 0
      vertex -6.1 -9 0
      vertex -6.1 -9.01683 0
    endloop
  endfacet
  facet normal 0 0 -1
    outer loop
      vertex -6.1 -9 0
      vertex -12.7 -8.29599 0
      vertex -6.1 9 0
    endloop
  endfacet
  facet normal 0 0 -1
    outer loop
      vertex -6.1 -9 0
      vertex -6.22396 -9.37107 0
      vertex -6.76667 -9.67221 0
    endloop
  endfacet
  facet normal 0 0 -1
    outer loop
      vertex -6.76667 -9.67221 0
      vertex -6.22396 -9.37107 0
      vertex -6.24545 -9.4212 0
    endloop
  endfacet
  facet normal 0 0 -1
    outer loop
      vertex -12.7 8.29599 0
      vertex -6.1 9 0
      vertex -12.7 -8.29599 0
    endloop
  endfacet
  facet normal -0 -0 -1
    outer loop
      vertex -6.31392 9.46103 0
      vertex -6.1 9 0
      vertex -6.85559 9.71018 0
    endloop
  endfacet
  facet normal 0 0 -1
    outer loop
      vertex -6.1 9 0
      vertex -6.31392 9.46103 0
      vertex -6.1 9.01683 0
    endloop
  endfacet
  facet normal 0 0 -1
    outer loop
      vertex -6.1 -9 0
      vertex -6.76667 -9.67221 0
      vertex -6.85559 -9.71018 0
    endloop
  endfacet
  facet normal -0 0 -1
    outer loop
      vertex -6.1 -9 0
      vertex -6.85559 -9.71018 0
      vertex -12.7 -8.29599 0
    endloop
  endfacet
  facet normal 0 -0 -1
    outer loop
      vertex -6.85559 9.71018 0
      vertex -6.1 9 0
      vertex -12.7 8.29599 0
    endloop
  endfacet
  facet normal 0 0 -1
    outer loop
      vertex -12.7 -8.29599 0
      vertex -6.85559 -9.71018 0
      vertex -11.9444 -9.71018 0
    endloop
  endfacet
  facet normal -0 -0 -1
    outer loop
      vertex -6.38449 9.54533 0
      vertex -6.31392 9.46103 0
      vertex -6.85559 9.71018 0
    endloop
  endfacet
  facet normal -0 0 -1
    outer loop
      vertex -6.85559 9.71018 0
      vertex -12.7 8.29599 0
      vertex -11.9444 9.71018 0
    endloop
  endfacet
  facet normal 0 0 -1
    outer loop
      vertex -12.4861 -9.46103 0
      vertex -11.9444 -9.71018 0
      vertex -12.4155 -9.54533 0
    endloop
  endfacet
  facet normal 0 0 -1
    outer loop
      vertex -12.4861 -9.46103 0
      vertex -12.4155 -9.54533 0
      vertex -12.449 -9.52676 0
    endloop
  endfacet
  facet normal 0 0 -1
    outer loop
      vertex -11.9444 -9.71018 0
      vertex -12.4861 -9.46103 0
      vertex -12.7 -8.88006 0
    endloop
  endfacet
  facet normal 0 0 -1
    outer loop
      vertex -6.31392 9.46103 0
      vertex -6.38449 9.54533 0
      vertex -6.35101 9.52676 0
    endloop
  endfacet
  facet normal 0 0 -1
    outer loop
      vertex -12.7 8.707 0
      vertex -11.9444 9.71018 0
      vertex -12.7 8.4441 0
    endloop
  endfacet
  facet normal 0 0 -1
    outer loop
      vertex -12.7 -8.97883 0
      vertex -12.4861 -9.46103 0
      vertex -12.7 -9.01683 0
    endloop
  endfacet
  facet normal 0 0 -1
    outer loop
      vertex -12.7 -8.88006 0
      vertex -12.4861 -9.46103 0
      vertex -12.7 -8.97883 0
    endloop
  endfacet
  facet normal 0 0 -1
    outer loop
      vertex -11.9444 -9.71018 0
      vertex -12.7 -8.88006 0
      vertex -12.7 -8.707 0
    endloop
  endfacet
  facet normal 0 0 -1
    outer loop
      vertex -12.576 9.37107 0
      vertex -12.7 8.97883 0
      vertex -12.7 9.01683 0
    endloop
  endfacet
  facet normal 0 0 -1
    outer loop
      vertex -11.9444 -9.71018 0
      vertex -12.7 -8.707 0
      vertex -12.7 -8.4441 0
    endloop
  endfacet
  facet normal 0 0 -1
    outer loop
      vertex -12.0333 9.67221 0
      vertex -12.7 8.97883 0
      vertex -12.576 9.37107 0
    endloop
  endfacet
  facet normal 0 0 -1
    outer loop
      vertex -11.9444 -9.71018 0
      vertex -12.7 -8.4441 0
      vertex -12.7 -8.29599 0
    endloop
  endfacet
  facet normal 0 0 -1
    outer loop
      vertex -12.7 8.97883 0
      vertex -12.0333 9.67221 0
      vertex -12.7 8.88006 0
    endloop
  endfacet
  facet normal 0 0 -1
    outer loop
      vertex -12.7 8.4441 0
      vertex -11.9444 9.71018 0
      vertex -12.7 8.29599 0
    endloop
  endfacet
  facet normal 0 0 -1
    outer loop
      vertex -11.9444 9.71018 0
      vertex -12.7 8.707 0
      vertex -12.0333 9.67221 0
    endloop
  endfacet
  facet normal 0 0 -1
    outer loop
      vertex -12.7 8.88006 0
      vertex -12.0333 9.67221 0
      vertex -12.7 8.707 0
    endloop
  endfacet
  facet normal 0 0 -1
    outer loop
      vertex -12.0333 9.67221 0
      vertex -12.576 9.37107 0
      vertex -12.5545 9.4212 0
    endloop
  endfacet
  facet normal 0 0 -1
    outer loop
      vertex -6.1 -9 0
      vertex 6.1 9 0
      vertex 6.1 -9 0
    endloop
  endfacet
  facet normal -0 0 -1
    outer loop
      vertex 6.1 9 0
      vertex -6.1 -9 0
      vertex -6.1 9 0
    endloop
  endfacet
  facet normal 0 0 -1
    outer loop
      vertex 11.9444 -9.71018 0
      vertex 12.7 -8.29599 0
      vertex 12.7 -8.4441 0
    endloop
  endfacet
  facet normal -0 0 -1
    outer loop
      vertex 12.7 -8.29599 0
      vertex 6.1 -9 0
      vertex 12.7 8.29599 0
    endloop
  endfacet
  facet normal 0 0 -1
    outer loop
      vertex 11.9444 -9.71018 0
      vertex 12.7 -8.4441 0
      vertex 12.7 -8.707 0
    endloop
  endfacet
  facet normal 0 0 -1
    outer loop
      vertex 6.1 9 0
      vertex 12.7 8.29599 0
      vertex 6.1 -9 0
    endloop
  endfacet
  facet normal 0 0 -1
    outer loop
      vertex 12.0333 -9.67221 0
      vertex 12.7 -8.707 0
      vertex 12.7 -8.88006 0
    endloop
  endfacet
  facet normal 0 -0 -1
    outer loop
      vertex 6.85559 9.71018 0
      vertex 12.7 8.29599 0
      vertex 6.1 9 0
    endloop
  endfacet
  facet normal 0 0 -1
    outer loop
      vertex 12.0333 -9.67221 0
      vertex 12.7 -8.88006 0
      vertex 12.7 -8.97883 0
    endloop
  endfacet
  facet normal -0 -0 -1
    outer loop
      vertex 11.9444 9.71018 0
      vertex 12.7 8.29599 0
      vertex 6.85559 9.71018 0
    endloop
  endfacet
  facet normal 0 0 -1
    outer loop
      vertex 12.576 -9.37107 0
      vertex 12.7 -8.97883 0
      vertex 12.7 -9.01683 0
    endloop
  endfacet
  facet normal 0 0 -1
    outer loop
      vertex 12.7 8.29599 0
      vertex 11.9444 9.71018 0
      vertex 12.7 8.4441 0
    endloop
  endfacet
  facet normal 0 0 -1
    outer loop
      vertex 12.7 -8.97883 0
      vertex 12.576 -9.37107 0
      vertex 12.0333 -9.67221 0
    endloop
  endfacet
  facet normal 0 0 -1
    outer loop
      vertex 12.0333 -9.67221 0
      vertex 12.576 -9.37107 0
      vertex 12.5545 -9.4212 0
    endloop
  endfacet
  facet normal 0 0 -1
    outer loop
      vertex 12.7 8.4441 0
      vertex 11.9444 9.71018 0
      vertex 12.7 8.707 0
    endloop
  endfacet
  facet normal 0 0 -1
    outer loop
      vertex 12.7 8.88006 0
      vertex 12.4861 9.46103 0
      vertex 12.7 8.97883 0
    endloop
  endfacet
  facet normal 0 0 -1
    outer loop
      vertex 12.7 8.97883 0
      vertex 12.4861 9.46103 0
      vertex 12.7 9.01683 0
    endloop
  endfacet
  facet normal 0 0 -1
    outer loop
      vertex 12.7 -8.707 0
      vertex 12.0333 -9.67221 0
      vertex 11.9444 -9.71018 0
    endloop
  endfacet
  facet normal 0 0 -1
    outer loop
      vertex 12.7 -8.29599 0
      vertex 11.9444 -9.71018 0
      vertex 6.85559 -9.71018 0
    endloop
  endfacet
  facet normal 0 0 -1
    outer loop
      vertex 12.7 8.707 0
      vertex 11.9444 9.71018 0
      vertex 12.7 8.88006 0
    endloop
  endfacet
  facet normal 0 0 -1
    outer loop
      vertex 12.7 -8.29599 0
      vertex 6.85559 -9.71018 0
      vertex 6.1 -9 0
    endloop
  endfacet
  facet normal -0 -0 -1
    outer loop
      vertex 12.4155 9.54533 0
      vertex 12.4861 9.46103 0
      vertex 11.9444 9.71018 0
    endloop
  endfacet
  facet normal -0 -0 -1
    outer loop
      vertex 12.4861 9.46103 0
      vertex 12.7 8.88006 0
      vertex 11.9444 9.71018 0
    endloop
  endfacet
  facet normal 0 0 -1
    outer loop
      vertex 6.31392 -9.46103 0
      vertex 6.85559 -9.71018 0
      vertex 6.38449 -9.54533 0
    endloop
  endfacet
  facet normal 0 0 -1
    outer loop
      vertex 6.31392 -9.46103 0
      vertex 6.38449 -9.54533 0
      vertex 6.35101 -9.52676 0
    endloop
  endfacet
  facet normal 0 0 -1
    outer loop
      vertex 6.85559 -9.71018 0
      vertex 6.31392 -9.46103 0
      vertex 6.1 -9 0
    endloop
  endfacet
  facet normal 0 0 -1
    outer loop
      vertex 12.4861 9.46103 0
      vertex 12.4155 9.54533 0
      vertex 12.449 9.52676 0
    endloop
  endfacet
  facet normal 0 -0 -1
    outer loop
      vertex 6.22396 9.37107 0
      vertex 6.76667 9.67221 0
      vertex 6.1 9 0
    endloop
  endfacet
  facet normal 0 0 -1
    outer loop
      vertex 6.1 -9 0
      vertex 6.31392 -9.46103 0
      vertex 6.1 -9.01683 0
    endloop
  endfacet
  facet normal 0 0 -1
    outer loop
      vertex 6.85559 9.71018 0
      vertex 6.1 9 0
      vertex 6.76667 9.67221 0
    endloop
  endfacet
  facet normal 0 0 -1
    outer loop
      vertex 6.76667 9.67221 0
      vertex 6.22396 9.37107 0
      vertex 6.24545 9.4212 0
    endloop
  endfacet
  facet normal 0 0 -1
    outer loop
      vertex 6.22396 9.37107 0
      vertex 6.1 9 0
      vertex 6.1 9.01683 0
    endloop
  endfacet
  facet normal -0 0 1
    outer loop
      vertex -6.1 9 3
      vertex 6.1 -9 3
      vertex 6.1 9 3
    endloop
  endfacet
  facet normal 0 0 1
    outer loop
      vertex 6.1 -9 3
      vertex -6.1 9 3
      vertex -6.1 -9 3
    endloop
  endfacet
  facet normal 0 1 -0
    outer loop
      vertex 6.1 9 0.627432
      vertex -6.1 9 3
      vertex 6.1 9 3
    endloop
  endfacet
  facet normal 0 1 0
    outer loop
      vertex 6.1 9 0.627432
      vertex -6.1 9 0.627432
      vertex -6.1 9 3
    endloop
  endfacet
  facet normal 0 1 -0
    outer loop
      vertex 6.1 9 0.487513
      vertex -6.1 9 0.627432
      vertex 6.1 9 0.627432
    endloop
  endfacet
  facet normal 0 1 0
    outer loop
      vertex 6.1 9 0.487513
      vertex -6.1 9 0.487513
      vertex -6.1 9 0.627432
    endloop
  endfacet
  facet normal 0 1 -0
    outer loop
      vertex 6.1 9 0.191686
      vertex -6.1 9 0.487513
      vertex 6.1 9 0.487513
    endloop
  endfacet
  facet normal 0 1 0
    outer loop
      vertex 6.1 9 0.191686
      vertex -6.1 9 0.191686
      vertex -6.1 9 0.487513
    endloop
  endfacet
  facet normal 0 1 -0
    outer loop
      vertex 6.1 9 0.0330933
      vertex -6.1 9 0.191686
      vertex 6.1 9 0.191686
    endloop
  endfacet
  facet normal 0 1 0
    outer loop
      vertex 6.1 9 0.0330933
      vertex -6.1 9 0.0330933
      vertex -6.1 9 0.191686
    endloop
  endfacet
  facet normal 0 1 -0
    outer loop
      vertex 6.1 9 0
      vertex -6.1 9 0.0330933
      vertex 6.1 9 0.0330933
    endloop
  endfacet
  facet normal 0 1 0
    outer loop
      vertex -6.1 9 0.0330933
      vertex 6.1 9 0
      vertex -6.1 9 0
    endloop
  endfacet
  facet normal 0 -1 0
    outer loop
      vertex -6.1 -9 0.627432
      vertex 6.1 -9 3
      vertex -6.1 -9 3
    endloop
  endfacet
  facet normal 0 -1 0
    outer loop
      vertex -6.1 -9 0.627432
      vertex 6.1 -9 0.627432
      vertex 6.1 -9 3
    endloop
  endfacet
  facet normal 0 -1 0
    outer loop
      vertex -6.1 -9 0.487513
      vertex 6.1 -9 0.627432
      vertex -6.1 -9 0.627432
    endloop
  endfacet
  facet normal 0 -1 0
    outer loop
      vertex -6.1 -9 0.487513
      vertex 6.1 -9 0.487513
      vertex 6.1 -9 0.627432
    endloop
  endfacet
  facet normal 0 -1 0
    outer loop
      vertex -6.1 -9 0.191686
      vertex 6.1 -9 0.487513
      vertex -6.1 -9 0.487513
    endloop
  endfacet
  facet normal 0 -1 0
    outer loop
      vertex -6.1 -9 0.191686
      vertex 6.1 -9 0.191686
      vertex 6.1 -9 0.487513
    endloop
  endfacet
  facet normal 0 -1 0
    outer loop
      vertex -6.1 -9 0.0330933
      vertex 6.1 -9 0.191686
      vertex -6.1 -9 0.191686
    endloop
  endfacet
  facet normal 0 -1 0
    outer loop
      vertex -6.1 -9 0.0330933
      vertex 6.1 -9 0.0330933
      vertex 6.1 -9 0.191686
    endloop
  endfacet
  facet normal 0 -1 0
    outer loop
      vertex -6.1 -9 0
      vertex 6.1 -9 0.0330933
      vertex -6.1 -9 0.0330933
    endloop
  endfacet
  facet normal 0 -1 -0
    outer loop
      vertex 6.1 -9 0.0330933
      vertex -6.1 -9 0
      vertex 6.1 -9 0
    endloop
  endfacet
endsolid OpenSCAD_Model
