solid OpenSCAD_Model
  facet normal -0.999049 0 0.0435971
    outer loop
      vertex -13.4463 5 -15.5731
      vertex -13.425 9.7 -15.085
      vertex -13.4463 9.7 -15.5731
    endloop
  endfacet
  facet normal -0.999049 0 0.0435971
    outer loop
      vertex -13.425 9.7 -15.085
      vertex -13.4463 5 -15.5731
      vertex -13.425 5 -15.085
    endloop
  endfacet
  facet normal -0.737341 0 0.675521
    outer loop
      vertex -15.0652 5 -19.0448
      vertex -14.7352 9.7 -18.6846
      vertex -15.0652 9.7 -19.0448
    endloop
  endfacet
  facet normal -0.737341 0 0.675521
    outer loop
      vertex -14.7352 9.7 -18.6846
      vertex -15.0652 5 -19.0448
      vertex -14.7352 5 -18.6846
    endloop
  endfacet
  facet normal -0.923862 0 0.382725
    outer loop
      vertex -13.9497 5 -17.4517
      vertex -13.7627 9.7 -17.0003
      vertex -13.9497 9.7 -17.4517
    endloop
  endfacet
  facet normal -0.923862 0 0.382725
    outer loop
      vertex -13.7627 9.7 -17.0003
      vertex -13.9497 5 -17.4517
      vertex -13.7627 5 -17.0003
    endloop
  endfacet
  facet normal -0.923862 0 -0.382725
    outer loop
      vertex -13.7627 5 -13.1697
      vertex -13.9497 9.7 -12.7183
      vertex -13.7627 9.7 -13.1697
    endloop
  endfacet
  facet normal -0.923862 -0 -0.382725
    outer loop
      vertex -13.9497 9.7 -12.7183
      vertex -13.7627 5 -13.1697
      vertex -13.9497 5 -12.7183
    endloop
  endfacet
  facet normal 0 1 -0
    outer loop
      vertex 14.1817 5 20.748
      vertex 13.8504 5 23.925
      vertex 15.1766 5 23.7597
    endloop
  endfacet
  facet normal 0 1 0
    outer loop
      vertex 13.8504 5 23.925
      vertex 10.9 5 21.725
      vertex -13.8337 5 23.925
    endloop
  endfacet
  facet normal 0 1 0
    outer loop
      vertex -13.8337 5 23.925
      vertex 10.9 5 21.725
      vertex -10.9 5 21.725
    endloop
  endfacet
  facet normal 0 1 0
    outer loop
      vertex 13.8504 5 23.925
      vertex 12.3729 5 21.5414
      vertex 10.9 5 21.725
    endloop
  endfacet
  facet normal 0 1 -0
    outer loop
      vertex 18.5029 5 19.0508
      vertex 15.1766 5 23.7597
      vertex 21.3929 5 21.3616
    endloop
  endfacet
  facet normal 0 1 0
    outer loop
      vertex 13.8504 5 23.925
      vertex 14.1817 5 20.748
      vertex 12.3729 5 21.5414
    endloop
  endfacet
  facet normal 0 1 0
    outer loop
      vertex 21.025 5 18.5491
      vertex 21.3929 5 21.3616
      vertex 23.0631 5 20.629
    endloop
  endfacet
  facet normal 0 1 0
    outer loop
      vertex 18.5029 5 19.0508
      vertex 21.3929 5 21.3616
      vertex 19.025 5 19.085
    endloop
  endfacet
  facet normal 0 1 0
    outer loop
      vertex 21.8534 5 17.9134
      vertex 23.0631 5 20.629
      vertex 24.3198 5 19.4721
    endloop
  endfacet
  facet normal 0 1 -0
    outer loop
      vertex 17.9897 5 18.9487
      vertex 15.1766 5 23.7597
      vertex 18.5029 5 19.0508
    endloop
  endfacet
  facet normal 0 1 0
    outer loop
      vertex 15.1766 5 23.7597
      vertex 15.5606 5 19.4786
      vertex 14.1817 5 20.748
    endloop
  endfacet
  facet normal 0 1 0
    outer loop
      vertex 21.3929 5 21.3616
      vertex 19.5471 5 19.0508
      vertex 19.025 5 19.085
    endloop
  endfacet
  facet normal 0 1 0
    outer loop
      vertex 21.3929 5 21.3616
      vertex 20.0603 5 18.9487
      vertex 19.5471 5 19.0508
    endloop
  endfacet
  facet normal 0 1 0
    outer loop
      vertex 21.3929 5 21.3616
      vertex 20.5557 5 18.7805
      vertex 20.0603 5 18.9487
    endloop
  endfacet
  facet normal 0 1 0
    outer loop
      vertex 21.3929 5 21.3616
      vertex 21.025 5 18.5491
      vertex 20.5557 5 18.7805
    endloop
  endfacet
  facet normal 0 1 0
    outer loop
      vertex 23.0631 5 20.629
      vertex 21.46 5 18.2584
      vertex 21.025 5 18.5491
    endloop
  endfacet
  facet normal 0 1 0
    outer loop
      vertex 22.4891 5 17.085
      vertex 24.3198 5 19.4721
      vertex 25.1328 5 17.9698
    endloop
  endfacet
  facet normal 0 1 0
    outer loop
      vertex 23.0631 5 20.629
      vertex 21.8534 5 17.9134
      vertex 21.46 5 18.2584
    endloop
  endfacet
  facet normal 0 1 0
    outer loop
      vertex 24.3198 5 19.4721
      vertex 22.1984 5 17.52
      vertex 21.8534 5 17.9134
    endloop
  endfacet
  facet normal 0 1 0
    outer loop
      vertex 24.3198 5 19.4721
      vertex 22.4891 5 17.085
      vertex 22.1984 5 17.52
    endloop
  endfacet
  facet normal 0 1 0
    outer loop
      vertex 25.1328 5 17.9698
      vertex 22.7205 5 16.6157
      vertex 22.4891 5 17.085
    endloop
  endfacet
  facet normal 0 1 0
    outer loop
      vertex 25.425 5 16.2187
      vertex 22.7205 5 16.6157
      vertex 25.1328 5 17.9698
    endloop
  endfacet
  facet normal 0 1 0
    outer loop
      vertex 25.425 5 16.2187
      vertex 22.8887 5 16.1203
      vertex 22.7205 5 16.6157
    endloop
  endfacet
  facet normal 0 1 0
    outer loop
      vertex 25.425 5 16.2187
      vertex 22.9908 5 15.6071
      vertex 22.8887 5 16.1203
    endloop
  endfacet
  facet normal 0 1 0
    outer loop
      vertex 25.425 5 16.2187
      vertex 23.025 5 15.085
      vertex 22.9908 5 15.6071
    endloop
  endfacet
  facet normal 0 1 0
    outer loop
      vertex 25.425 5 16.2187
      vertex 22.9908 5 14.5629
      vertex 23.025 5 15.085
    endloop
  endfacet
  facet normal 0 1 0
    outer loop
      vertex 25.425 5 16.2187
      vertex 22.8887 5 14.0497
      vertex 22.9908 5 14.5629
    endloop
  endfacet
  facet normal 0 1 0
    outer loop
      vertex 25.425 5 16.2187
      vertex 22.7205 5 13.5543
      vertex 22.8887 5 14.0497
    endloop
  endfacet
  facet normal 0 1 0
    outer loop
      vertex 25.425 5 16.2187
      vertex 22.4891 5 13.085
      vertex 22.7205 5 13.5543
    endloop
  endfacet
  facet normal 0 1 0
    outer loop
      vertex 25.425 5 16.2187
      vertex 22.1984 5 12.65
      vertex 22.4891 5 13.085
    endloop
  endfacet
  facet normal 0 1 0
    outer loop
      vertex 22.1984 5 -12.65
      vertex 22.1984 5 12.65
      vertex 25.425 5 16.2187
    endloop
  endfacet
  facet normal 0 1 0
    outer loop
      vertex 16.9 5 9.90958
      vertex 19.025 5 11.085
      vertex 19.5471 5 11.1192
    endloop
  endfacet
  facet normal 0 1 0
    outer loop
      vertex 19.025 5 11.085
      vertex 15.813 5 10.4977
      vertex 15.4254 5 10.7952
    endloop
  endfacet
  facet normal 0 1 0
    outer loop
      vertex 19.025 5 11.085
      vertex 16.225 5 10.2353
      vertex 15.813 5 10.4977
    endloop
  endfacet
  facet normal 0 1 0
    outer loop
      vertex 16.9 5 9.90958
      vertex 19.5471 5 11.1192
      vertex 20.0603 5 11.2213
    endloop
  endfacet
  facet normal 0 1 0
    outer loop
      vertex 19.025 5 11.085
      vertex 16.6583 5 10.0097
      vertex 16.225 5 10.2353
    endloop
  endfacet
  facet normal 0 1 0
    outer loop
      vertex 20.0603 5 -11.2213
      vertex 20.0603 5 11.2213
      vertex 20.5557 5 11.3895
    endloop
  endfacet
  facet normal 0 1 0
    outer loop
      vertex 19.025 5 11.085
      vertex 16.9 5 9.90958
      vertex 16.6583 5 10.0097
    endloop
  endfacet
  facet normal 0 1 0
    outer loop
      vertex 20.0603 5 11.2213
      vertex 20.0603 5 -11.2213
      vertex 16.9 5 9.90958
    endloop
  endfacet
  facet normal 0 1 0
    outer loop
      vertex 20.5557 5 -11.3895
      vertex 20.5557 5 11.3895
      vertex 21.025 5 11.6209
    endloop
  endfacet
  facet normal 0 1 0
    outer loop
      vertex 21.025 5 -11.6209
      vertex 21.025 5 11.6209
      vertex 21.46 5 11.9116
    endloop
  endfacet
  facet normal 0 1 0
    outer loop
      vertex 21.46 5 -11.9116
      vertex 21.46 5 11.9116
      vertex 21.8534 5 12.2566
    endloop
  endfacet
  facet normal 0 1 0
    outer loop
      vertex 22.1984 5 12.65
      vertex 22.1984 5 -12.65
      vertex 21.8534 5 12.2566
    endloop
  endfacet
  facet normal 0 1 0
    outer loop
      vertex 17.4943 5 -11.3895
      vertex 16.6583 5 -10.0097
      vertex 16.9 5 -9.90958
    endloop
  endfacet
  facet normal 0 1 0
    outer loop
      vertex 16.6583 5 -10.0097
      vertex 17.025 5 -11.6209
      vertex 16.225 5 -10.2353
    endloop
  endfacet
  facet normal 0 1 0
    outer loop
      vertex 16.225 5 -10.2353
      vertex 17.025 5 -11.6209
      vertex 15.813 5 -10.4977
    endloop
  endfacet
  facet normal 0 1 -0
    outer loop
      vertex 18.5029 5 -11.1192
      vertex 16.9 5 -9.90958
      vertex 19.025 5 -11.085
    endloop
  endfacet
  facet normal 0 1 0
    outer loop
      vertex 16.9 5 9.90958
      vertex 20.0603 5 -11.2213
      vertex 16.9 5 -9.90958
    endloop
  endfacet
  facet normal 0 1 0
    outer loop
      vertex 16.9 5 -9.90958
      vertex 19.5471 5 -11.1192
      vertex 19.025 5 -11.085
    endloop
  endfacet
  facet normal 0 1 0
    outer loop
      vertex 16.9 5 -9.90958
      vertex 20.0603 5 -11.2213
      vertex 19.5471 5 -11.1192
    endloop
  endfacet
  facet normal 0 1 0
    outer loop
      vertex 20.5557 5 11.3895
      vertex 20.5557 5 -11.3895
      vertex 20.0603 5 -11.2213
    endloop
  endfacet
  facet normal 0 1 0
    outer loop
      vertex 21.025 5 11.6209
      vertex 21.025 5 -11.6209
      vertex 20.5557 5 -11.3895
    endloop
  endfacet
  facet normal 0 1 0
    outer loop
      vertex 21.46 5 11.9116
      vertex 21.46 5 -11.9116
      vertex 21.025 5 -11.6209
    endloop
  endfacet
  facet normal 0 1 0
    outer loop
      vertex 21.8534 5 12.2566
      vertex 21.8534 5 -12.2566
      vertex 21.46 5 -11.9116
    endloop
  endfacet
  facet normal 0 1 0
    outer loop
      vertex 21.8534 5 12.2566
      vertex 22.1984 5 -12.65
      vertex 21.8534 5 -12.2566
    endloop
  endfacet
  facet normal 0 1 -0
    outer loop
      vertex 25.425 5 -16.2354
      vertex 22.1984 5 -12.65
      vertex 25.425 5 16.2187
    endloop
  endfacet
  facet normal 0 1 0
    outer loop
      vertex 22.1984 5 -12.65
      vertex 25.425 5 -16.2354
      vertex 22.4891 5 -13.085
    endloop
  endfacet
  facet normal 0 1 0
    outer loop
      vertex 22.4891 5 -13.085
      vertex 25.425 5 -16.2354
      vertex 22.7205 5 -13.5543
    endloop
  endfacet
  facet normal 0 1 0
    outer loop
      vertex 22.7205 5 -13.5543
      vertex 25.425 5 -16.2354
      vertex 22.8887 5 -14.0497
    endloop
  endfacet
  facet normal 0 1 0
    outer loop
      vertex 22.8887 5 -14.0497
      vertex 25.425 5 -16.2354
      vertex 22.9908 5 -14.5629
    endloop
  endfacet
  facet normal 0 1 0
    outer loop
      vertex 22.9908 5 -14.5629
      vertex 25.425 5 -16.2354
      vertex 23.025 5 -15.085
    endloop
  endfacet
  facet normal 0 1 0
    outer loop
      vertex 23.025 5 -15.085
      vertex 25.425 5 -16.2354
      vertex 22.9908 5 -15.6071
    endloop
  endfacet
  facet normal 0 1 0
    outer loop
      vertex 25.425 5 -16.2354
      vertex 22.8887 5 -16.1203
      vertex 22.9908 5 -15.6071
    endloop
  endfacet
  facet normal 0 1 -0
    outer loop
      vertex 25.262 5 -17.5433
      vertex 22.8887 5 -16.1203
      vertex 25.425 5 -16.2354
    endloop
  endfacet
  facet normal 0 1 0
    outer loop
      vertex 22.8887 5 -16.1203
      vertex 25.262 5 -17.5433
      vertex 22.7205 5 -16.6157
    endloop
  endfacet
  facet normal 0 1 0
    outer loop
      vertex 22.7205 5 -16.6157
      vertex 25.262 5 -17.5433
      vertex 22.4891 5 -17.085
    endloop
  endfacet
  facet normal 0 1 -0
    outer loop
      vertex 24.569 5 -19.1231
      vertex 22.4891 5 -17.085
      vertex 25.262 5 -17.5433
    endloop
  endfacet
  facet normal 0 1 0
    outer loop
      vertex 22.4891 5 -17.085
      vertex 24.569 5 -19.1231
      vertex 22.1984 5 -17.52
    endloop
  endfacet
  facet normal 0 1 0
    outer loop
      vertex 22.1984 5 -17.52
      vertex 24.569 5 -19.1231
      vertex 21.8534 5 -17.9134
    endloop
  endfacet
  facet normal 0 1 -0
    outer loop
      vertex 23.4121 5 -20.3798
      vertex 21.8534 5 -17.9134
      vertex 24.569 5 -19.1231
    endloop
  endfacet
  facet normal 0 1 0
    outer loop
      vertex 21.8534 5 -17.9134
      vertex 23.4121 5 -20.3798
      vertex 21.46 5 -18.2584
    endloop
  endfacet
  facet normal 0 1 0
    outer loop
      vertex 21.46 5 -18.2584
      vertex 23.4121 5 -20.3798
      vertex 21.025 5 -18.5491
    endloop
  endfacet
  facet normal 0 1 0
    outer loop
      vertex 20.5557 5 -18.7805
      vertex 21.8374 5 -21.2319
      vertex 20.0603 5 -18.9487
    endloop
  endfacet
  facet normal 0 1 0
    outer loop
      vertex 21.025 5 -18.5491
      vertex 21.8374 5 -21.2319
      vertex 20.5557 5 -18.7805
    endloop
  endfacet
  facet normal 0 1 -0
    outer loop
      vertex 21.8374 5 -21.2319
      vertex 21.025 5 -18.5491
      vertex 23.4121 5 -20.3798
    endloop
  endfacet
  facet normal 0 1 -0
    outer loop
      vertex -12.8482 5 21.3999
      vertex -13.8337 5 23.925
      vertex -10.9 5 21.725
    endloop
  endfacet
  facet normal 0 1 0
    outer loop
      vertex -14.5853 5 20.4598
      vertex -13.8337 5 23.925
      vertex -12.8482 5 21.3999
    endloop
  endfacet
  facet normal 0 1 0
    outer loop
      vertex -13.8337 5 23.925
      vertex -14.5853 5 20.4598
      vertex -15.6362 5 23.6242
    endloop
  endfacet
  facet normal 0 1 -0
    outer loop
      vertex -15.5184 5 19.4462
      vertex -15.6362 5 23.6242
      vertex -14.5853 5 20.4598
    endloop
  endfacet
  facet normal -0 1 0
    outer loop
      vertex -19.025 5 19.085
      vertex -15.6362 5 23.6242
      vertex -18.5029 5 19.0508
    endloop
  endfacet
  facet normal 0 1 0
    outer loop
      vertex -15.6362 5 23.6242
      vertex -15.5184 5 19.4462
      vertex -17.9897 5 18.9487
    endloop
  endfacet
  facet normal 0 1 0
    outer loop
      vertex -16.59 5 18.2584
      vertex -15.5184 5 19.4462
      vertex -15.4254 5 19.3748
    endloop
  endfacet
  facet normal 0 1 -0
    outer loop
      vertex -19.5471 5 19.0508
      vertex -21.8374 5 21.2319
      vertex -19.025 5 19.085
    endloop
  endfacet
  facet normal 0 1 -0
    outer loop
      vertex -20.0603 5 18.9487
      vertex -21.8374 5 21.2319
      vertex -19.5471 5 19.0508
    endloop
  endfacet
  facet normal 0 1 0
    outer loop
      vertex -15.6362 5 23.6242
      vertex -19.025 5 19.085
      vertex -21.8374 5 21.2319
    endloop
  endfacet
  facet normal 0 1 0
    outer loop
      vertex -16.1966 5 17.9134
      vertex -15.4254 5 19.3748
      vertex -15.0652 5 19.0448
    endloop
  endfacet
  facet normal 0 1 0
    outer loop
      vertex -15.6362 5 23.6242
      vertex -17.9897 5 18.9487
      vertex -18.5029 5 19.0508
    endloop
  endfacet
  facet normal 0 1 0
    outer loop
      vertex -15.5184 5 19.4462
      vertex -17.4943 5 18.7805
      vertex -17.9897 5 18.9487
    endloop
  endfacet
  facet normal 0 1 0
    outer loop
      vertex -16.1966 5 17.9134
      vertex -15.0652 5 19.0448
      vertex -14.7352 5 18.6846
    endloop
  endfacet
  facet normal 0 1 0
    outer loop
      vertex -15.5184 5 19.4462
      vertex -17.025 5 18.5491
      vertex -17.4943 5 18.7805
    endloop
  endfacet
  facet normal 0 1 0
    outer loop
      vertex -15.8516 5 17.52
      vertex -14.7352 5 18.6846
      vertex -14.4377 5 18.297
    endloop
  endfacet
  facet normal 0 1 0
    outer loop
      vertex -15.5184 5 19.4462
      vertex -16.59 5 18.2584
      vertex -17.025 5 18.5491
    endloop
  endfacet
  facet normal 0 1 0
    outer loop
      vertex -15.4254 5 19.3748
      vertex -16.1966 5 17.9134
      vertex -16.59 5 18.2584
    endloop
  endfacet
  facet normal 0 1 0
    outer loop
      vertex -15.5609 5 17.085
      vertex -14.4377 5 18.297
      vertex -14.1753 5 17.885
    endloop
  endfacet
  facet normal 0 1 0
    outer loop
      vertex -14.7352 5 18.6846
      vertex -15.8516 5 17.52
      vertex -16.1966 5 17.9134
    endloop
  endfacet
  facet normal 0 1 0
    outer loop
      vertex -15.5609 5 17.085
      vertex -14.1753 5 17.885
      vertex -13.9497 5 17.4517
    endloop
  endfacet
  facet normal 0 1 0
    outer loop
      vertex -14.4377 5 18.297
      vertex -15.5609 5 17.085
      vertex -15.8516 5 17.52
    endloop
  endfacet
  facet normal 0 1 0
    outer loop
      vertex -15.3295 5 16.6157
      vertex -13.9497 5 17.4517
      vertex -13.7627 5 17.0003
    endloop
  endfacet
  facet normal 0 1 0
    outer loop
      vertex -13.9497 5 17.4517
      vertex -15.3295 5 16.6157
      vertex -15.5609 5 17.085
    endloop
  endfacet
  facet normal 0 1 0
    outer loop
      vertex -15.1613 5 16.1203
      vertex -13.7627 5 17.0003
      vertex -13.6158 5 16.5344
    endloop
  endfacet
  facet normal 0 1 0
    outer loop
      vertex -13.7627 5 17.0003
      vertex -15.1613 5 16.1203
      vertex -15.3295 5 16.6157
    endloop
  endfacet
  facet normal 0 1 0
    outer loop
      vertex -13.5101 5 16.0574
      vertex -15.1613 5 16.1203
      vertex -13.6158 5 16.5344
    endloop
  endfacet
  facet normal 0 1 0
    outer loop
      vertex -13.5101 5 16.0574
      vertex -15.0592 5 15.6071
      vertex -15.1613 5 16.1203
    endloop
  endfacet
  facet normal 0 1 0
    outer loop
      vertex -13.4463 5 15.5731
      vertex -15.0592 5 15.6071
      vertex -13.5101 5 16.0574
    endloop
  endfacet
  facet normal 0 1 0
    outer loop
      vertex -13.4463 5 15.5731
      vertex -15.025 5 15.085
      vertex -15.0592 5 15.6071
    endloop
  endfacet
  facet normal 0 1 0
    outer loop
      vertex -13.425 5 15.085
      vertex -15.025 5 15.085
      vertex -13.4463 5 15.5731
    endloop
  endfacet
  facet normal 0 1 -0
    outer loop
      vertex -13.4463 5 14.5969
      vertex -15.025 5 15.085
      vertex -13.425 5 15.085
    endloop
  endfacet
  facet normal 0 1 0
    outer loop
      vertex -13.4463 5 14.5969
      vertex -15.0592 5 14.5629
      vertex -15.025 5 15.085
    endloop
  endfacet
  facet normal 0 1 -0
    outer loop
      vertex -13.5101 5 14.1126
      vertex -15.0592 5 14.5629
      vertex -13.4463 5 14.5969
    endloop
  endfacet
  facet normal 0 1 0
    outer loop
      vertex -13.5101 5 14.1126
      vertex -15.1613 5 14.0497
      vertex -15.0592 5 14.5629
    endloop
  endfacet
  facet normal 0 1 -0
    outer loop
      vertex -13.6158 5 13.6356
      vertex -15.1613 5 14.0497
      vertex -13.5101 5 14.1126
    endloop
  endfacet
  facet normal 0 1 -0
    outer loop
      vertex -13.7627 5 13.1697
      vertex -15.1613 5 14.0497
      vertex -13.6158 5 13.6356
    endloop
  endfacet
  facet normal 0 1 0
    outer loop
      vertex -15.1613 5 14.0497
      vertex -13.7627 5 13.1697
      vertex -15.3295 5 13.5543
    endloop
  endfacet
  facet normal 0 1 -0
    outer loop
      vertex -13.9497 5 12.7183
      vertex -15.3295 5 13.5543
      vertex -13.7627 5 13.1697
    endloop
  endfacet
  facet normal 0 1 0
    outer loop
      vertex -15.3295 5 13.5543
      vertex -13.9497 5 12.7183
      vertex -15.5609 5 13.085
    endloop
  endfacet
  facet normal 0 1 -0
    outer loop
      vertex -14.1753 5 12.285
      vertex -15.5609 5 13.085
      vertex -13.9497 5 12.7183
    endloop
  endfacet
  facet normal 0 1 -0
    outer loop
      vertex -14.4377 5 11.873
      vertex -15.5609 5 13.085
      vertex -14.1753 5 12.285
    endloop
  endfacet
  facet normal 0 1 0
    outer loop
      vertex -15.5609 5 13.085
      vertex -14.4377 5 11.873
      vertex -15.8516 5 12.65
    endloop
  endfacet
  facet normal 0 1 -0
    outer loop
      vertex -14.7352 5 11.4854
      vertex -15.8516 5 12.65
      vertex -14.4377 5 11.873
    endloop
  endfacet
  facet normal 0 1 0
    outer loop
      vertex -15.8516 5 12.65
      vertex -14.7352 5 11.4854
      vertex -16.1966 5 12.2566
    endloop
  endfacet
  facet normal 0 1 -0
    outer loop
      vertex -15.0652 5 11.1252
      vertex -16.1966 5 12.2566
      vertex -14.7352 5 11.4854
    endloop
  endfacet
  facet normal 0 1 -0
    outer loop
      vertex -15.4254 5 10.7952
      vertex -16.1966 5 12.2566
      vertex -15.0652 5 11.1252
    endloop
  endfacet
  facet normal 0 1 0
    outer loop
      vertex -16.1966 5 12.2566
      vertex -15.4254 5 10.7952
      vertex -16.59 5 11.9116
    endloop
  endfacet
  facet normal 0 1 -0
    outer loop
      vertex -15.813 5 10.4977
      vertex -16.59 5 11.9116
      vertex -15.4254 5 10.7952
    endloop
  endfacet
  facet normal 0 1 0
    outer loop
      vertex -16.59 5 11.9116
      vertex -15.813 5 10.4977
      vertex -17.025 5 11.6209
    endloop
  endfacet
  facet normal 0 1 -0
    outer loop
      vertex -16.225 5 10.2353
      vertex -17.025 5 11.6209
      vertex -15.813 5 10.4977
    endloop
  endfacet
  facet normal 0 1 -0
    outer loop
      vertex -16.6583 5 10.0097
      vertex -17.025 5 11.6209
      vertex -16.225 5 10.2353
    endloop
  endfacet
  facet normal 0 1 0
    outer loop
      vertex -17.025 5 11.6209
      vertex -16.6583 5 10.0097
      vertex -17.4943 5 11.3895
    endloop
  endfacet
  facet normal 0 1 0
    outer loop
      vertex 15.1766 5 23.7597
      vertex 17.9897 5 18.9487
      vertex 15.5606 5 19.4786
    endloop
  endfacet
  facet normal 0 1 -0
    outer loop
      vertex 17.4943 5 18.7805
      vertex 15.5606 5 19.4786
      vertex 17.9897 5 18.9487
    endloop
  endfacet
  facet normal 0 1 -0
    outer loop
      vertex 17.025 5 18.5491
      vertex 15.5606 5 19.4786
      vertex 17.4943 5 18.7805
    endloop
  endfacet
  facet normal 0 1 -0
    outer loop
      vertex 16.59 5 18.2584
      vertex 15.5606 5 19.4786
      vertex 17.025 5 18.5491
    endloop
  endfacet
  facet normal 0 1 0
    outer loop
      vertex 15.5606 5 19.4786
      vertex 16.59 5 18.2584
      vertex 15.4254 5 19.3748
    endloop
  endfacet
  facet normal 0 1 -0
    outer loop
      vertex 16.1966 5 17.9134
      vertex 15.4254 5 19.3748
      vertex 16.59 5 18.2584
    endloop
  endfacet
  facet normal 0 1 0
    outer loop
      vertex 15.4254 5 19.3748
      vertex 16.1966 5 17.9134
      vertex 15.0652 5 19.0448
    endloop
  endfacet
  facet normal 0 1 0
    outer loop
      vertex 15.0652 5 19.0448
      vertex 16.1966 5 17.9134
      vertex 14.7352 5 18.6846
    endloop
  endfacet
  facet normal 0 1 -0
    outer loop
      vertex 15.8516 5 17.52
      vertex 14.7352 5 18.6846
      vertex 16.1966 5 17.9134
    endloop
  endfacet
  facet normal 0 1 0
    outer loop
      vertex 14.7352 5 18.6846
      vertex 15.8516 5 17.52
      vertex 14.4377 5 18.297
    endloop
  endfacet
  facet normal 0 1 -0
    outer loop
      vertex 15.5609 5 17.085
      vertex 14.4377 5 18.297
      vertex 15.8516 5 17.52
    endloop
  endfacet
  facet normal 0 1 0
    outer loop
      vertex 14.4377 5 18.297
      vertex 15.5609 5 17.085
      vertex 14.1753 5 17.885
    endloop
  endfacet
  facet normal 0 1 0
    outer loop
      vertex 14.1753 5 17.885
      vertex 15.5609 5 17.085
      vertex 13.9497 5 17.4517
    endloop
  endfacet
  facet normal 0 1 -0
    outer loop
      vertex 15.3295 5 16.6157
      vertex 13.9497 5 17.4517
      vertex 15.5609 5 17.085
    endloop
  endfacet
  facet normal 0 1 0
    outer loop
      vertex 13.9497 5 17.4517
      vertex 15.3295 5 16.6157
      vertex 13.7627 5 17.0003
    endloop
  endfacet
  facet normal 0 1 -0
    outer loop
      vertex 15.1613 5 16.1203
      vertex 13.7627 5 17.0003
      vertex 15.3295 5 16.6157
    endloop
  endfacet
  facet normal 0 1 0
    outer loop
      vertex 13.7627 5 17.0003
      vertex 15.1613 5 16.1203
      vertex 13.6158 5 16.5344
    endloop
  endfacet
  facet normal 0 1 0
    outer loop
      vertex 15.1613 5 16.1203
      vertex 13.5101 5 16.0574
      vertex 13.6158 5 16.5344
    endloop
  endfacet
  facet normal 0 1 -0
    outer loop
      vertex 15.0592 5 15.6071
      vertex 13.5101 5 16.0574
      vertex 15.1613 5 16.1203
    endloop
  endfacet
  facet normal 0 1 0
    outer loop
      vertex 15.0592 5 15.6071
      vertex 13.4463 5 15.5731
      vertex 13.5101 5 16.0574
    endloop
  endfacet
  facet normal 0 1 -0
    outer loop
      vertex 15.025 5 15.085
      vertex 13.4463 5 15.5731
      vertex 15.0592 5 15.6071
    endloop
  endfacet
  facet normal 0 1 0
    outer loop
      vertex 15.025 5 15.085
      vertex 13.425 5 15.085
      vertex 13.4463 5 15.5731
    endloop
  endfacet
  facet normal 0 1 0
    outer loop
      vertex 15.025 5 15.085
      vertex 13.4463 5 14.5969
      vertex 13.425 5 15.085
    endloop
  endfacet
  facet normal 0 1 0
    outer loop
      vertex 15.0592 5 14.5629
      vertex 13.4463 5 14.5969
      vertex 15.025 5 15.085
    endloop
  endfacet
  facet normal 0 1 0
    outer loop
      vertex 15.0592 5 14.5629
      vertex 13.5101 5 14.1126
      vertex 13.4463 5 14.5969
    endloop
  endfacet
  facet normal 0 1 0
    outer loop
      vertex 15.1613 5 14.0497
      vertex 13.5101 5 14.1126
      vertex 15.0592 5 14.5629
    endloop
  endfacet
  facet normal 0 1 0
    outer loop
      vertex 15.1613 5 14.0497
      vertex 13.6158 5 13.6356
      vertex 13.5101 5 14.1126
    endloop
  endfacet
  facet normal 0 1 0
    outer loop
      vertex 13.7627 5 13.1697
      vertex 15.1613 5 14.0497
      vertex 15.3295 5 13.5543
    endloop
  endfacet
  facet normal 0 1 0
    outer loop
      vertex 15.1613 5 14.0497
      vertex 13.7627 5 13.1697
      vertex 13.6158 5 13.6356
    endloop
  endfacet
  facet normal 0 1 0
    outer loop
      vertex 13.9497 5 12.7183
      vertex 15.3295 5 13.5543
      vertex 15.5609 5 13.085
    endloop
  endfacet
  facet normal 0 1 0
    outer loop
      vertex 15.3295 5 13.5543
      vertex 13.9497 5 12.7183
      vertex 13.7627 5 13.1697
    endloop
  endfacet
  facet normal 0 1 0
    outer loop
      vertex 14.4377 5 11.873
      vertex 15.5609 5 13.085
      vertex 15.8516 5 12.65
    endloop
  endfacet
  facet normal 0 1 0
    outer loop
      vertex 15.5609 5 13.085
      vertex 14.1753 5 12.285
      vertex 13.9497 5 12.7183
    endloop
  endfacet
  facet normal 0 1 0
    outer loop
      vertex 14.7352 5 11.4854
      vertex 15.8516 5 12.65
      vertex 16.1966 5 12.2566
    endloop
  endfacet
  facet normal 0 1 0
    outer loop
      vertex 15.4254 5 10.7952
      vertex 16.1966 5 12.2566
      vertex 16.59 5 11.9116
    endloop
  endfacet
  facet normal 0 1 0
    outer loop
      vertex 15.5609 5 13.085
      vertex 14.4377 5 11.873
      vertex 14.1753 5 12.285
    endloop
  endfacet
  facet normal 0 1 0
    outer loop
      vertex 15.4254 5 10.7952
      vertex 16.59 5 11.9116
      vertex 17.025 5 11.6209
    endloop
  endfacet
  facet normal 0 1 0
    outer loop
      vertex 15.8516 5 12.65
      vertex 14.7352 5 11.4854
      vertex 14.4377 5 11.873
    endloop
  endfacet
  facet normal 0 1 0
    outer loop
      vertex 15.4254 5 10.7952
      vertex 17.025 5 11.6209
      vertex 17.4943 5 11.3895
    endloop
  endfacet
  facet normal 0 1 0
    outer loop
      vertex 15.4254 5 10.7952
      vertex 17.4943 5 11.3895
      vertex 17.9897 5 11.2213
    endloop
  endfacet
  facet normal 0 1 0
    outer loop
      vertex 16.1966 5 12.2566
      vertex 15.0652 5 11.1252
      vertex 14.7352 5 11.4854
    endloop
  endfacet
  facet normal 0 1 0
    outer loop
      vertex 15.4254 5 10.7952
      vertex 17.9897 5 11.2213
      vertex 18.5029 5 11.1192
    endloop
  endfacet
  facet normal 0 1 0
    outer loop
      vertex 15.4254 5 10.7952
      vertex 18.5029 5 11.1192
      vertex 19.025 5 11.085
    endloop
  endfacet
  facet normal 0 1 0
    outer loop
      vertex 16.1966 5 12.2566
      vertex 15.4254 5 10.7952
      vertex 15.0652 5 11.1252
    endloop
  endfacet
  facet normal 0 1 -0
    outer loop
      vertex -20.5557 5 18.7805
      vertex -21.8374 5 21.2319
      vertex -20.0603 5 18.9487
    endloop
  endfacet
  facet normal 0 1 -0
    outer loop
      vertex -21.025 5 18.5491
      vertex -21.8374 5 21.2319
      vertex -20.5557 5 18.7805
    endloop
  endfacet
  facet normal 0 1 0
    outer loop
      vertex -21.8374 5 21.2319
      vertex -21.025 5 18.5491
      vertex -23.4121 5 20.3798
    endloop
  endfacet
  facet normal 0 1 -0
    outer loop
      vertex -21.46 5 18.2584
      vertex -23.4121 5 20.3798
      vertex -21.025 5 18.5491
    endloop
  endfacet
  facet normal 0 1 -0
    outer loop
      vertex -21.8534 5 17.9134
      vertex -23.4121 5 20.3798
      vertex -21.46 5 18.2584
    endloop
  endfacet
  facet normal 0 1 0
    outer loop
      vertex -23.4121 5 20.3798
      vertex -21.8534 5 17.9134
      vertex -24.569 5 19.1231
    endloop
  endfacet
  facet normal 0 1 -0
    outer loop
      vertex -22.1984 5 17.52
      vertex -24.569 5 19.1231
      vertex -21.8534 5 17.9134
    endloop
  endfacet
  facet normal 0 1 -0
    outer loop
      vertex -22.4891 5 17.085
      vertex -24.569 5 19.1231
      vertex -22.1984 5 17.52
    endloop
  endfacet
  facet normal 0 1 0
    outer loop
      vertex -24.569 5 19.1231
      vertex -22.4891 5 17.085
      vertex -25.262 5 17.5433
    endloop
  endfacet
  facet normal 0 1 -0
    outer loop
      vertex -22.7205 5 16.6157
      vertex -25.262 5 17.5433
      vertex -22.4891 5 17.085
    endloop
  endfacet
  facet normal 0 1 -0
    outer loop
      vertex -22.8887 5 16.1203
      vertex -25.262 5 17.5433
      vertex -22.7205 5 16.6157
    endloop
  endfacet
  facet normal 0 1 0
    outer loop
      vertex -25.262 5 17.5433
      vertex -22.8887 5 16.1203
      vertex -25.425 5 16.2354
    endloop
  endfacet
  facet normal 0 1 -0
    outer loop
      vertex -22.9908 5 15.6071
      vertex -25.425 5 16.2354
      vertex -22.8887 5 16.1203
    endloop
  endfacet
  facet normal 0 1 -0
    outer loop
      vertex -23.025 5 15.085
      vertex -25.425 5 16.2354
      vertex -22.9908 5 15.6071
    endloop
  endfacet
  facet normal 0 1 0
    outer loop
      vertex -22.9908 5 14.5629
      vertex -25.425 5 16.2354
      vertex -23.025 5 15.085
    endloop
  endfacet
  facet normal 0 1 0
    outer loop
      vertex -22.8887 5 14.0497
      vertex -25.425 5 16.2354
      vertex -22.9908 5 14.5629
    endloop
  endfacet
  facet normal 0 1 0
    outer loop
      vertex -22.7205 5 13.5543
      vertex -25.425 5 16.2354
      vertex -22.8887 5 14.0497
    endloop
  endfacet
  facet normal 0 1 0
    outer loop
      vertex -22.4891 5 13.085
      vertex -25.425 5 16.2354
      vertex -22.7205 5 13.5543
    endloop
  endfacet
  facet normal 0 1 0
    outer loop
      vertex -22.1984 5 12.65
      vertex -25.425 5 16.2354
      vertex -22.4891 5 13.085
    endloop
  endfacet
  facet normal 0 1 0
    outer loop
      vertex -22.1984 5 -12.65
      vertex -22.1984 5 12.65
      vertex -21.8534 5 12.2566
    endloop
  endfacet
  facet normal 0 1 -0
    outer loop
      vertex -16.9 5 9.90958
      vertex -17.4943 5 11.3895
      vertex -16.6583 5 10.0097
    endloop
  endfacet
  facet normal 0 1 0
    outer loop
      vertex -17.4943 5 11.3895
      vertex -16.9 5 9.90958
      vertex -17.9897 5 11.2213
    endloop
  endfacet
  facet normal 0 1 0
    outer loop
      vertex -17.9897 5 11.2213
      vertex -16.9 5 9.90958
      vertex -18.5029 5 11.1192
    endloop
  endfacet
  facet normal 0 1 0
    outer loop
      vertex -18.5029 5 11.1192
      vertex -16.9 5 9.90958
      vertex -19.025 5 11.085
    endloop
  endfacet
  facet normal 0 1 0
    outer loop
      vertex -19.025 5 11.085
      vertex -16.9 5 9.90958
      vertex -19.5471 5 11.1192
    endloop
  endfacet
  facet normal 0 1 0
    outer loop
      vertex -19.5471 5 11.1192
      vertex -16.9 5 9.90958
      vertex -20.0603 5 11.2213
    endloop
  endfacet
  facet normal 0 1 0
    outer loop
      vertex -20.0603 5 -11.2213
      vertex -20.0603 5 11.2213
      vertex -16.9 5 9.90958
    endloop
  endfacet
  facet normal 0 1 0
    outer loop
      vertex -20.0603 5 -11.2213
      vertex -16.9 5 9.90958
      vertex -16.9 5 -9.90958
    endloop
  endfacet
  facet normal 0 1 0
    outer loop
      vertex -20.0603 5 11.2213
      vertex -20.0603 5 -11.2213
      vertex -20.5557 5 11.3895
    endloop
  endfacet
  facet normal 0 1 0
    outer loop
      vertex -20.5557 5 -11.3895
      vertex -20.5557 5 11.3895
      vertex -20.0603 5 -11.2213
    endloop
  endfacet
  facet normal 0 1 0
    outer loop
      vertex -20.5557 5 11.3895
      vertex -20.5557 5 -11.3895
      vertex -21.025 5 11.6209
    endloop
  endfacet
  facet normal 0 1 0
    outer loop
      vertex -21.025 5 -11.6209
      vertex -21.025 5 11.6209
      vertex -20.5557 5 -11.3895
    endloop
  endfacet
  facet normal 0 1 0
    outer loop
      vertex -17.025 5 -11.6209
      vertex -16.6583 5 -10.0097
      vertex -16.225 5 -10.2353
    endloop
  endfacet
  facet normal 0 1 0
    outer loop
      vertex -17.025 5 -11.6209
      vertex -16.225 5 -10.2353
      vertex -15.813 5 -10.4977
    endloop
  endfacet
  facet normal 0 1 0
    outer loop
      vertex -16.59 5 -11.9116
      vertex -15.813 5 -10.4977
      vertex -15.4254 5 -10.7952
    endloop
  endfacet
  facet normal -0 1 0
    outer loop
      vertex -17.4943 5 -11.3895
      vertex -16.6583 5 -10.0097
      vertex -17.025 5 -11.6209
    endloop
  endfacet
  facet normal 0 1 0
    outer loop
      vertex -19.5471 5 -11.1192
      vertex -16.9 5 -9.90958
      vertex -19.025 5 -11.085
    endloop
  endfacet
  facet normal 0 1 0
    outer loop
      vertex -20.0603 5 -11.2213
      vertex -16.9 5 -9.90958
      vertex -19.5471 5 -11.1192
    endloop
  endfacet
  facet normal 0 1 0
    outer loop
      vertex -21.025 5 11.6209
      vertex -21.025 5 -11.6209
      vertex -21.46 5 11.9116
    endloop
  endfacet
  facet normal 0 1 0
    outer loop
      vertex -21.46 5 -11.9116
      vertex -21.46 5 11.9116
      vertex -21.025 5 -11.6209
    endloop
  endfacet
  facet normal 0 1 0
    outer loop
      vertex -21.46 5 11.9116
      vertex -21.46 5 -11.9116
      vertex -21.8534 5 12.2566
    endloop
  endfacet
  facet normal 0 1 0
    outer loop
      vertex -21.8534 5 -12.2566
      vertex -21.8534 5 12.2566
      vertex -21.46 5 -11.9116
    endloop
  endfacet
  facet normal 0 1 0
    outer loop
      vertex -22.1984 5 -12.65
      vertex -21.8534 5 12.2566
      vertex -21.8534 5 -12.2566
    endloop
  endfacet
  facet normal 0 1 0
    outer loop
      vertex -22.1984 5 12.65
      vertex -22.1984 5 -12.65
      vertex -25.425 5 16.2354
    endloop
  endfacet
  facet normal 0 1 0
    outer loop
      vertex -25.425 5 -16.2187
      vertex -22.1984 5 -12.65
      vertex -22.4891 5 -13.085
    endloop
  endfacet
  facet normal 0 1 0
    outer loop
      vertex -25.425 5 -16.2187
      vertex -22.4891 5 -13.085
      vertex -22.7205 5 -13.5543
    endloop
  endfacet
  facet normal 0 1 0
    outer loop
      vertex -25.425 5 -16.2187
      vertex -22.7205 5 -13.5543
      vertex -22.8887 5 -14.0497
    endloop
  endfacet
  facet normal 0 1 0
    outer loop
      vertex -25.425 5 -16.2187
      vertex -22.8887 5 -14.0497
      vertex -22.9908 5 -14.5629
    endloop
  endfacet
  facet normal 0 1 0
    outer loop
      vertex -25.425 5 -16.2187
      vertex -22.9908 5 -14.5629
      vertex -23.025 5 -15.085
    endloop
  endfacet
  facet normal 0 1 0
    outer loop
      vertex -25.425 5 -16.2187
      vertex -23.025 5 -15.085
      vertex -22.9908 5 -15.6071
    endloop
  endfacet
  facet normal 0 1 0
    outer loop
      vertex -22.1984 5 -12.65
      vertex -25.425 5 -16.2187
      vertex -25.425 5 16.2354
    endloop
  endfacet
  facet normal 0 1 0
    outer loop
      vertex -22.8887 5 -16.1203
      vertex -25.425 5 -16.2187
      vertex -22.9908 5 -15.6071
    endloop
  endfacet
  facet normal 0 1 0
    outer loop
      vertex -22.7205 5 -16.6157
      vertex -25.425 5 -16.2187
      vertex -22.8887 5 -16.1203
    endloop
  endfacet
  facet normal 0 1 0
    outer loop
      vertex -25.1328 5 -17.9698
      vertex -22.7205 5 -16.6157
      vertex -22.4891 5 -17.085
    endloop
  endfacet
  facet normal 0 1 0
    outer loop
      vertex -24.3198 5 -19.4721
      vertex -22.4891 5 -17.085
      vertex -22.1984 5 -17.52
    endloop
  endfacet
  facet normal 0 1 0
    outer loop
      vertex -24.3198 5 -19.4721
      vertex -22.1984 5 -17.52
      vertex -21.8534 5 -17.9134
    endloop
  endfacet
  facet normal 0 1 0
    outer loop
      vertex -22.7205 5 -16.6157
      vertex -25.1328 5 -17.9698
      vertex -25.425 5 -16.2187
    endloop
  endfacet
  facet normal 0 1 0
    outer loop
      vertex -23.0631 5 -20.629
      vertex -21.8534 5 -17.9134
      vertex -21.46 5 -18.2584
    endloop
  endfacet
  facet normal 0 1 0
    outer loop
      vertex -23.0631 5 -20.629
      vertex -21.46 5 -18.2584
      vertex -21.025 5 -18.5491
    endloop
  endfacet
  facet normal 0 1 0
    outer loop
      vertex -21.3929 5 -21.3616
      vertex -21.025 5 -18.5491
      vertex -20.5557 5 -18.7805
    endloop
  endfacet
  facet normal 0 1 0
    outer loop
      vertex -21.3929 5 -21.3616
      vertex -20.5557 5 -18.7805
      vertex -20.0603 5 -18.9487
    endloop
  endfacet
  facet normal 0 1 0
    outer loop
      vertex -21.3929 5 -21.3616
      vertex -20.0603 5 -18.9487
      vertex -19.5471 5 -19.0508
    endloop
  endfacet
  facet normal 0 1 0
    outer loop
      vertex -17.9897 5 -18.9487
      vertex -15.1766 5 -23.7597
      vertex -18.5029 5 -19.0508
    endloop
  endfacet
  facet normal 0 1 0
    outer loop
      vertex -22.4891 5 -17.085
      vertex -24.3198 5 -19.4721
      vertex -25.1328 5 -17.9698
    endloop
  endfacet
  facet normal -0 1 0
    outer loop
      vertex -21.3929 5 -21.3616
      vertex -18.5029 5 -19.0508
      vertex -15.1766 5 -23.7597
    endloop
  endfacet
  facet normal 0 1 0
    outer loop
      vertex -18.5029 5 -19.0508
      vertex -21.3929 5 -21.3616
      vertex -19.025 5 -19.085
    endloop
  endfacet
  facet normal 0 1 0
    outer loop
      vertex -21.025 5 -18.5491
      vertex -21.3929 5 -21.3616
      vertex -23.0631 5 -20.629
    endloop
  endfacet
  facet normal 0 1 -0
    outer loop
      vertex -15.1766 5 -23.7597
      vertex -15.5606 5 -19.4786
      vertex -14.1817 5 -20.748
    endloop
  endfacet
  facet normal 0 1 0
    outer loop
      vertex -21.8534 5 -17.9134
      vertex -23.0631 5 -20.629
      vertex -24.3198 5 -19.4721
    endloop
  endfacet
  facet normal 0 1 -0
    outer loop
      vertex -13.8504 5 -23.925
      vertex -14.1817 5 -20.748
      vertex -12.3729 5 -21.5414
    endloop
  endfacet
  facet normal 0 1 0
    outer loop
      vertex -13.8504 5 -23.925
      vertex -12.3729 5 -21.5414
      vertex -10.9 5 -21.725
    endloop
  endfacet
  facet normal 0 1 0
    outer loop
      vertex 10.9 5 -21.725
      vertex 13.8337 5 -23.925
      vertex -10.9 5 -21.725
    endloop
  endfacet
  facet normal 0 1 0
    outer loop
      vertex -13.8504 5 -23.925
      vertex -10.9 5 -21.725
      vertex 13.8337 5 -23.925
    endloop
  endfacet
  facet normal 0 1 0
    outer loop
      vertex -14.1817 5 -20.748
      vertex -13.8504 5 -23.925
      vertex -15.1766 5 -23.7597
    endloop
  endfacet
  facet normal 0 1 0
    outer loop
      vertex -19.025 5 -19.085
      vertex -21.3929 5 -21.3616
      vertex -19.5471 5 -19.0508
    endloop
  endfacet
  facet normal 0 1 0
    outer loop
      vertex -16.9 5 -9.90958
      vertex -18.5029 5 -11.1192
      vertex -19.025 5 -11.085
    endloop
  endfacet
  facet normal 0 1 0
    outer loop
      vertex -16.1966 5 -12.2566
      vertex -15.4254 5 -10.7952
      vertex -15.0652 5 -11.1252
    endloop
  endfacet
  facet normal 0 1 0
    outer loop
      vertex -16.9 5 -9.90958
      vertex -17.9897 5 -11.2213
      vertex -18.5029 5 -11.1192
    endloop
  endfacet
  facet normal 0 1 0
    outer loop
      vertex -16.9 5 -9.90958
      vertex -17.4943 5 -11.3895
      vertex -17.9897 5 -11.2213
    endloop
  endfacet
  facet normal 0 1 0
    outer loop
      vertex -16.1966 5 -12.2566
      vertex -15.0652 5 -11.1252
      vertex -14.7352 5 -11.4854
    endloop
  endfacet
  facet normal 0 1 0
    outer loop
      vertex -16.6583 5 -10.0097
      vertex -17.4943 5 -11.3895
      vertex -16.9 5 -9.90958
    endloop
  endfacet
  facet normal 0 1 0
    outer loop
      vertex -15.8516 5 -12.65
      vertex -14.7352 5 -11.4854
      vertex -14.4377 5 -11.873
    endloop
  endfacet
  facet normal 0 1 0
    outer loop
      vertex -15.813 5 -10.4977
      vertex -16.59 5 -11.9116
      vertex -17.025 5 -11.6209
    endloop
  endfacet
  facet normal 0 1 0
    outer loop
      vertex -15.4254 5 -10.7952
      vertex -16.1966 5 -12.2566
      vertex -16.59 5 -11.9116
    endloop
  endfacet
  facet normal 0 1 0
    outer loop
      vertex -15.5609 5 -13.085
      vertex -14.4377 5 -11.873
      vertex -14.1753 5 -12.285
    endloop
  endfacet
  facet normal 0 1 0
    outer loop
      vertex -14.7352 5 -11.4854
      vertex -15.8516 5 -12.65
      vertex -16.1966 5 -12.2566
    endloop
  endfacet
  facet normal 0 1 0
    outer loop
      vertex -15.5609 5 -13.085
      vertex -14.1753 5 -12.285
      vertex -13.9497 5 -12.7183
    endloop
  endfacet
  facet normal 0 1 0
    outer loop
      vertex -14.4377 5 -11.873
      vertex -15.5609 5 -13.085
      vertex -15.8516 5 -12.65
    endloop
  endfacet
  facet normal 0 1 0
    outer loop
      vertex -15.3295 5 -13.5543
      vertex -13.9497 5 -12.7183
      vertex -13.7627 5 -13.1697
    endloop
  endfacet
  facet normal 0 1 0
    outer loop
      vertex -13.9497 5 -12.7183
      vertex -15.3295 5 -13.5543
      vertex -15.5609 5 -13.085
    endloop
  endfacet
  facet normal 0 1 0
    outer loop
      vertex -15.1613 5 -14.0497
      vertex -13.7627 5 -13.1697
      vertex -13.6158 5 -13.6356
    endloop
  endfacet
  facet normal 0 1 0
    outer loop
      vertex -13.7627 5 -13.1697
      vertex -15.1613 5 -14.0497
      vertex -15.3295 5 -13.5543
    endloop
  endfacet
  facet normal 0 1 0
    outer loop
      vertex -13.5101 5 -14.1126
      vertex -15.1613 5 -14.0497
      vertex -13.6158 5 -13.6356
    endloop
  endfacet
  facet normal 0 1 0
    outer loop
      vertex -13.5101 5 -14.1126
      vertex -15.0592 5 -14.5629
      vertex -15.1613 5 -14.0497
    endloop
  endfacet
  facet normal 0 1 0
    outer loop
      vertex -13.4463 5 -14.5969
      vertex -15.0592 5 -14.5629
      vertex -13.5101 5 -14.1126
    endloop
  endfacet
  facet normal 0 1 0
    outer loop
      vertex -15.025 5 -15.085
      vertex -13.4463 5 -14.5969
      vertex -13.425 5 -15.085
    endloop
  endfacet
  facet normal 0 1 0
    outer loop
      vertex -13.4463 5 -14.5969
      vertex -15.025 5 -15.085
      vertex -15.0592 5 -14.5629
    endloop
  endfacet
  facet normal 0 1 -0
    outer loop
      vertex -13.4463 5 -15.5731
      vertex -15.025 5 -15.085
      vertex -13.425 5 -15.085
    endloop
  endfacet
  facet normal 0 1 0
    outer loop
      vertex -13.4463 5 -15.5731
      vertex -15.0592 5 -15.6071
      vertex -15.025 5 -15.085
    endloop
  endfacet
  facet normal 0 1 -0
    outer loop
      vertex -13.5101 5 -16.0574
      vertex -15.0592 5 -15.6071
      vertex -13.4463 5 -15.5731
    endloop
  endfacet
  facet normal 0 1 0
    outer loop
      vertex -13.5101 5 -16.0574
      vertex -15.1613 5 -16.1203
      vertex -15.0592 5 -15.6071
    endloop
  endfacet
  facet normal 0 1 -0
    outer loop
      vertex -13.6158 5 -16.5344
      vertex -15.1613 5 -16.1203
      vertex -13.5101 5 -16.0574
    endloop
  endfacet
  facet normal 0 1 -0
    outer loop
      vertex -13.7627 5 -17.0003
      vertex -15.1613 5 -16.1203
      vertex -13.6158 5 -16.5344
    endloop
  endfacet
  facet normal 0 1 0
    outer loop
      vertex -15.1613 5 -16.1203
      vertex -13.7627 5 -17.0003
      vertex -15.3295 5 -16.6157
    endloop
  endfacet
  facet normal 0 1 -0
    outer loop
      vertex -13.9497 5 -17.4517
      vertex -15.3295 5 -16.6157
      vertex -13.7627 5 -17.0003
    endloop
  endfacet
  facet normal 0 1 0
    outer loop
      vertex -15.3295 5 -16.6157
      vertex -13.9497 5 -17.4517
      vertex -15.5609 5 -17.085
    endloop
  endfacet
  facet normal 0 1 -0
    outer loop
      vertex -14.1753 5 -17.885
      vertex -15.5609 5 -17.085
      vertex -13.9497 5 -17.4517
    endloop
  endfacet
  facet normal 0 1 -0
    outer loop
      vertex -14.4377 5 -18.297
      vertex -15.5609 5 -17.085
      vertex -14.1753 5 -17.885
    endloop
  endfacet
  facet normal 0 1 0
    outer loop
      vertex -15.5609 5 -17.085
      vertex -14.4377 5 -18.297
      vertex -15.8516 5 -17.52
    endloop
  endfacet
  facet normal 0 1 -0
    outer loop
      vertex -14.7352 5 -18.6846
      vertex -15.8516 5 -17.52
      vertex -14.4377 5 -18.297
    endloop
  endfacet
  facet normal 0 1 0
    outer loop
      vertex -15.8516 5 -17.52
      vertex -14.7352 5 -18.6846
      vertex -16.1966 5 -17.9134
    endloop
  endfacet
  facet normal 0 1 -0
    outer loop
      vertex -15.0652 5 -19.0448
      vertex -16.1966 5 -17.9134
      vertex -14.7352 5 -18.6846
    endloop
  endfacet
  facet normal 0 1 -0
    outer loop
      vertex -15.4254 5 -19.3748
      vertex -16.1966 5 -17.9134
      vertex -15.0652 5 -19.0448
    endloop
  endfacet
  facet normal 0 1 0
    outer loop
      vertex -16.1966 5 -17.9134
      vertex -15.4254 5 -19.3748
      vertex -16.59 5 -18.2584
    endloop
  endfacet
  facet normal 0 1 -0
    outer loop
      vertex -15.5606 5 -19.4786
      vertex -16.59 5 -18.2584
      vertex -15.4254 5 -19.3748
    endloop
  endfacet
  facet normal 0 1 0
    outer loop
      vertex -16.59 5 -18.2584
      vertex -15.5606 5 -19.4786
      vertex -17.025 5 -18.5491
    endloop
  endfacet
  facet normal 0 1 0
    outer loop
      vertex -17.025 5 -18.5491
      vertex -15.5606 5 -19.4786
      vertex -17.4943 5 -18.7805
    endloop
  endfacet
  facet normal 0 1 0
    outer loop
      vertex -17.4943 5 -18.7805
      vertex -15.5606 5 -19.4786
      vertex -17.9897 5 -18.9487
    endloop
  endfacet
  facet normal 0 1 0
    outer loop
      vertex -15.1766 5 -23.7597
      vertex -17.9897 5 -18.9487
      vertex -15.5606 5 -19.4786
    endloop
  endfacet
  facet normal 0 1 -0
    outer loop
      vertex 17.9897 5 -11.2213
      vertex 16.9 5 -9.90958
      vertex 18.5029 5 -11.1192
    endloop
  endfacet
  facet normal 0 1 -0
    outer loop
      vertex 17.4943 5 -11.3895
      vertex 16.9 5 -9.90958
      vertex 17.9897 5 -11.2213
    endloop
  endfacet
  facet normal 0 1 0
    outer loop
      vertex 16.6583 5 -10.0097
      vertex 17.4943 5 -11.3895
      vertex 17.025 5 -11.6209
    endloop
  endfacet
  facet normal 0 1 -0
    outer loop
      vertex 16.59 5 -11.9116
      vertex 15.813 5 -10.4977
      vertex 17.025 5 -11.6209
    endloop
  endfacet
  facet normal 0 1 0
    outer loop
      vertex 15.813 5 -10.4977
      vertex 16.59 5 -11.9116
      vertex 15.4254 5 -10.7952
    endloop
  endfacet
  facet normal 0 1 -0
    outer loop
      vertex 16.1966 5 -12.2566
      vertex 15.4254 5 -10.7952
      vertex 16.59 5 -11.9116
    endloop
  endfacet
  facet normal 0 1 0
    outer loop
      vertex 15.4254 5 -10.7952
      vertex 16.1966 5 -12.2566
      vertex 15.0652 5 -11.1252
    endloop
  endfacet
  facet normal 0 1 0
    outer loop
      vertex 15.0652 5 -11.1252
      vertex 16.1966 5 -12.2566
      vertex 14.7352 5 -11.4854
    endloop
  endfacet
  facet normal 0 1 -0
    outer loop
      vertex 15.8516 5 -12.65
      vertex 14.7352 5 -11.4854
      vertex 16.1966 5 -12.2566
    endloop
  endfacet
  facet normal 0 1 0
    outer loop
      vertex 14.7352 5 -11.4854
      vertex 15.8516 5 -12.65
      vertex 14.4377 5 -11.873
    endloop
  endfacet
  facet normal 0 1 -0
    outer loop
      vertex 15.5609 5 -13.085
      vertex 14.4377 5 -11.873
      vertex 15.8516 5 -12.65
    endloop
  endfacet
  facet normal 0 1 0
    outer loop
      vertex 14.4377 5 -11.873
      vertex 15.5609 5 -13.085
      vertex 14.1753 5 -12.285
    endloop
  endfacet
  facet normal 0 1 0
    outer loop
      vertex 14.1753 5 -12.285
      vertex 15.5609 5 -13.085
      vertex 13.9497 5 -12.7183
    endloop
  endfacet
  facet normal 0 1 -0
    outer loop
      vertex 15.3295 5 -13.5543
      vertex 13.9497 5 -12.7183
      vertex 15.5609 5 -13.085
    endloop
  endfacet
  facet normal 0 1 0
    outer loop
      vertex 13.9497 5 -12.7183
      vertex 15.3295 5 -13.5543
      vertex 13.7627 5 -13.1697
    endloop
  endfacet
  facet normal 0 1 -0
    outer loop
      vertex 15.1613 5 -14.0497
      vertex 13.7627 5 -13.1697
      vertex 15.3295 5 -13.5543
    endloop
  endfacet
  facet normal 0 1 0
    outer loop
      vertex 13.7627 5 -13.1697
      vertex 15.1613 5 -14.0497
      vertex 13.6158 5 -13.6356
    endloop
  endfacet
  facet normal 0 1 0
    outer loop
      vertex 15.1613 5 -14.0497
      vertex 13.5101 5 -14.1126
      vertex 13.6158 5 -13.6356
    endloop
  endfacet
  facet normal 0 1 -0
    outer loop
      vertex 15.0592 5 -14.5629
      vertex 13.5101 5 -14.1126
      vertex 15.1613 5 -14.0497
    endloop
  endfacet
  facet normal 0 1 0
    outer loop
      vertex 15.0592 5 -14.5629
      vertex 13.4463 5 -14.5969
      vertex 13.5101 5 -14.1126
    endloop
  endfacet
  facet normal 0 1 -0
    outer loop
      vertex 15.025 5 -15.085
      vertex 13.4463 5 -14.5969
      vertex 15.0592 5 -14.5629
    endloop
  endfacet
  facet normal 0 1 0
    outer loop
      vertex 13.4463 5 -14.5969
      vertex 15.025 5 -15.085
      vertex 13.425 5 -15.085
    endloop
  endfacet
  facet normal 0 1 0
    outer loop
      vertex 15.025 5 -15.085
      vertex 13.4463 5 -15.5731
      vertex 13.425 5 -15.085
    endloop
  endfacet
  facet normal 0 1 0
    outer loop
      vertex 15.0592 5 -15.6071
      vertex 13.4463 5 -15.5731
      vertex 15.025 5 -15.085
    endloop
  endfacet
  facet normal 0 1 0
    outer loop
      vertex 15.0592 5 -15.6071
      vertex 13.5101 5 -16.0574
      vertex 13.4463 5 -15.5731
    endloop
  endfacet
  facet normal 0 1 0
    outer loop
      vertex 15.1613 5 -16.1203
      vertex 13.5101 5 -16.0574
      vertex 15.0592 5 -15.6071
    endloop
  endfacet
  facet normal 0 1 0
    outer loop
      vertex 15.1613 5 -16.1203
      vertex 13.6158 5 -16.5344
      vertex 13.5101 5 -16.0574
    endloop
  endfacet
  facet normal 0 1 0
    outer loop
      vertex 13.7627 5 -17.0003
      vertex 15.1613 5 -16.1203
      vertex 15.3295 5 -16.6157
    endloop
  endfacet
  facet normal 0 1 0
    outer loop
      vertex 15.1613 5 -16.1203
      vertex 13.7627 5 -17.0003
      vertex 13.6158 5 -16.5344
    endloop
  endfacet
  facet normal 0 1 0
    outer loop
      vertex 13.9497 5 -17.4517
      vertex 15.3295 5 -16.6157
      vertex 15.5609 5 -17.085
    endloop
  endfacet
  facet normal 0 1 0
    outer loop
      vertex 15.3295 5 -16.6157
      vertex 13.9497 5 -17.4517
      vertex 13.7627 5 -17.0003
    endloop
  endfacet
  facet normal 0 1 0
    outer loop
      vertex 14.4377 5 -18.297
      vertex 15.5609 5 -17.085
      vertex 15.8516 5 -17.52
    endloop
  endfacet
  facet normal 0 1 0
    outer loop
      vertex 15.5609 5 -17.085
      vertex 14.1753 5 -17.885
      vertex 13.9497 5 -17.4517
    endloop
  endfacet
  facet normal 0 1 0
    outer loop
      vertex 14.7352 5 -18.6846
      vertex 15.8516 5 -17.52
      vertex 16.1966 5 -17.9134
    endloop
  endfacet
  facet normal 0 1 0
    outer loop
      vertex 15.4254 5 -19.3748
      vertex 16.1966 5 -17.9134
      vertex 16.59 5 -18.2584
    endloop
  endfacet
  facet normal 0 1 0
    outer loop
      vertex 15.5609 5 -17.085
      vertex 14.4377 5 -18.297
      vertex 14.1753 5 -17.885
    endloop
  endfacet
  facet normal 0 1 0
    outer loop
      vertex 15.5184 5 -19.4462
      vertex 16.59 5 -18.2584
      vertex 17.025 5 -18.5491
    endloop
  endfacet
  facet normal 0 1 0
    outer loop
      vertex 15.8516 5 -17.52
      vertex 14.7352 5 -18.6846
      vertex 14.4377 5 -18.297
    endloop
  endfacet
  facet normal 0 1 0
    outer loop
      vertex 15.5184 5 -19.4462
      vertex 17.025 5 -18.5491
      vertex 17.4943 5 -18.7805
    endloop
  endfacet
  facet normal 0 1 0
    outer loop
      vertex 15.5184 5 -19.4462
      vertex 17.4943 5 -18.7805
      vertex 17.9897 5 -18.9487
    endloop
  endfacet
  facet normal 0 1 0
    outer loop
      vertex 16.1966 5 -17.9134
      vertex 15.0652 5 -19.0448
      vertex 14.7352 5 -18.6846
    endloop
  endfacet
  facet normal 0 1 0
    outer loop
      vertex 15.6362 5 -23.6242
      vertex 17.9897 5 -18.9487
      vertex 18.5029 5 -19.0508
    endloop
  endfacet
  facet normal 0 1 0
    outer loop
      vertex 15.6362 5 -23.6242
      vertex 18.5029 5 -19.0508
      vertex 19.025 5 -19.085
    endloop
  endfacet
  facet normal 0 1 0
    outer loop
      vertex 16.1966 5 -17.9134
      vertex 15.4254 5 -19.3748
      vertex 15.0652 5 -19.0448
    endloop
  endfacet
  facet normal 0 1 0
    outer loop
      vertex 20.0603 5 -18.9487
      vertex 21.8374 5 -21.2319
      vertex 19.5471 5 -19.0508
    endloop
  endfacet
  facet normal 0 1 0
    outer loop
      vertex 16.59 5 -18.2584
      vertex 15.5184 5 -19.4462
      vertex 15.4254 5 -19.3748
    endloop
  endfacet
  facet normal 0 1 0
    outer loop
      vertex 19.5471 5 -19.0508
      vertex 21.8374 5 -21.2319
      vertex 19.025 5 -19.085
    endloop
  endfacet
  facet normal 0 1 0
    outer loop
      vertex 15.6362 5 -23.6242
      vertex 19.025 5 -19.085
      vertex 21.8374 5 -21.2319
    endloop
  endfacet
  facet normal 0 1 0
    outer loop
      vertex 17.9897 5 -18.9487
      vertex 15.6362 5 -23.6242
      vertex 15.5184 5 -19.4462
    endloop
  endfacet
  facet normal 0 1 0
    outer loop
      vertex 15.5184 5 -19.4462
      vertex 15.6362 5 -23.6242
      vertex 14.5853 5 -20.4598
    endloop
  endfacet
  facet normal 0 1 0
    outer loop
      vertex 13.8337 5 -23.925
      vertex 14.5853 5 -20.4598
      vertex 15.6362 5 -23.6242
    endloop
  endfacet
  facet normal 0 1 0
    outer loop
      vertex 12.8482 5 -21.3999
      vertex 13.8337 5 -23.925
      vertex 10.9 5 -21.725
    endloop
  endfacet
  facet normal 0 1 0
    outer loop
      vertex 14.5853 5 -20.4598
      vertex 13.8337 5 -23.925
      vertex 12.8482 5 -21.3999
    endloop
  endfacet
  facet normal -0.976317 0 0.216345
    outer loop
      vertex -13.6158 5 -16.5344
      vertex -13.5101 9.7 -16.0574
      vertex -13.6158 9.7 -16.5344
    endloop
  endfacet
  facet normal -0.976317 0 0.216345
    outer loop
      vertex -13.5101 9.7 -16.0574
      vertex -13.6158 5 -16.5344
      vertex -13.5101 5 -16.0574
    endloop
  endfacet
  facet normal -0.991434 0 0.130608
    outer loop
      vertex -13.5101 5 -16.0574
      vertex -13.4463 9.7 -15.5731
      vertex -13.5101 9.7 -16.0574
    endloop
  endfacet
  facet normal -0.991434 0 0.130608
    outer loop
      vertex -13.4463 9.7 -15.5731
      vertex -13.5101 5 -16.0574
      vertex -13.4463 5 -15.5731
    endloop
  endfacet
  facet normal -0.953716 0 0.30071
    outer loop
      vertex -13.7627 5 -17.0003
      vertex -13.6158 9.7 -16.5344
      vertex -13.7627 9.7 -17.0003
    endloop
  endfacet
  facet normal -0.953716 0 0.30071
    outer loop
      vertex -13.6158 9.7 -16.5344
      vertex -13.7627 5 -17.0003
      vertex -13.6158 5 -16.5344
    endloop
  endfacet
  facet normal -0.843459 0 0.537193
    outer loop
      vertex -14.4377 5 -18.297
      vertex -14.1753 9.7 -17.885
      vertex -14.4377 9.7 -18.297
    endloop
  endfacet
  facet normal -0.843459 0 0.537193
    outer loop
      vertex -14.1753 9.7 -17.885
      vertex -14.4377 5 -18.297
      vertex -14.1753 5 -17.885
    endloop
  endfacet
  facet normal -0.79327 0 0.60887
    outer loop
      vertex -14.7352 5 -18.6846
      vertex -14.4377 9.7 -18.297
      vertex -14.7352 9.7 -18.6846
    endloop
  endfacet
  facet normal -0.79327 0 0.60887
    outer loop
      vertex -14.4377 9.7 -18.297
      vertex -14.7352 5 -18.6846
      vertex -14.4377 5 -18.297
    endloop
  endfacet
  facet normal -0.886979 0 0.46181
    outer loop
      vertex -14.1753 5 -17.885
      vertex -13.9497 9.7 -17.4517
      vertex -14.1753 9.7 -17.885
    endloop
  endfacet
  facet normal -0.886979 0 0.46181
    outer loop
      vertex -13.9497 9.7 -17.4517
      vertex -14.1753 5 -17.885
      vertex -13.9497 5 -17.4517
    endloop
  endfacet
  facet normal -0.608973 0 0.793191
    outer loop
      vertex -15.5606 9.7 -19.4786
      vertex -15.4254 5 -19.3748
      vertex -15.4254 9.7 -19.3748
    endloop
  endfacet
  facet normal -0.608973 0 0.793191
    outer loop
      vertex -15.4254 5 -19.3748
      vertex -15.5606 9.7 -19.4786
      vertex -15.5606 5 -19.4786
    endloop
  endfacet
  facet normal -0.999049 0 -0.0435971
    outer loop
      vertex -13.425 5 -15.085
      vertex -13.4463 9.7 -14.5969
      vertex -13.425 9.7 -15.085
    endloop
  endfacet
  facet normal -0.999049 -0 -0.0435971
    outer loop
      vertex -13.4463 9.7 -14.5969
      vertex -13.425 5 -15.085
      vertex -13.4463 5 -14.5969
    endloop
  endfacet
  facet normal -0.46181 0 -0.886979
    outer loop
      vertex -16.6583 5 -10.0097
      vertex -16.225 9.7 -10.2353
      vertex -16.225 5 -10.2353
    endloop
  endfacet
  facet normal -0.46181 0 -0.886979
    outer loop
      vertex -16.225 9.7 -10.2353
      vertex -16.6583 5 -10.0097
      vertex -16.6583 9.7 -10.0097
    endloop
  endfacet
  facet normal -0.79327 0 -0.60887
    outer loop
      vertex -14.4377 5 -11.873
      vertex -14.7352 9.7 -11.4854
      vertex -14.4377 9.7 -11.873
    endloop
  endfacet
  facet normal -0.79327 -0 -0.60887
    outer loop
      vertex -14.7352 9.7 -11.4854
      vertex -14.4377 5 -11.873
      vertex -14.7352 5 -11.4854
    endloop
  endfacet
  facet normal -0.886979 0 -0.46181
    outer loop
      vertex -13.9497 5 -12.7183
      vertex -14.1753 9.7 -12.285
      vertex -13.9497 9.7 -12.7183
    endloop
  endfacet
  facet normal -0.886979 -0 -0.46181
    outer loop
      vertex -14.1753 9.7 -12.285
      vertex -13.9497 5 -12.7183
      vertex -14.1753 5 -12.285
    endloop
  endfacet
  facet normal -0.675521 0 0.737341
    outer loop
      vertex -15.4254 9.7 -19.3748
      vertex -15.0652 5 -19.0448
      vertex -15.0652 9.7 -19.0448
    endloop
  endfacet
  facet normal -0.675521 0 0.737341
    outer loop
      vertex -15.0652 5 -19.0448
      vertex -15.4254 9.7 -19.3748
      vertex -15.4254 5 -19.3748
    endloop
  endfacet
  facet normal -0.382698 0 -0.923873
    outer loop
      vertex -16.9 5 -9.90958
      vertex -16.6583 9.7 -10.0097
      vertex -16.6583 5 -10.0097
    endloop
  endfacet
  facet normal -0.382698 0 -0.923873
    outer loop
      vertex -16.6583 9.7 -10.0097
      vertex -16.9 5 -9.90958
      vertex -16.9 9.7 -9.90958
    endloop
  endfacet
  facet normal -0.60887 0 -0.79327
    outer loop
      vertex -15.813 5 -10.4977
      vertex -15.4254 9.7 -10.7952
      vertex -15.4254 5 -10.7952
    endloop
  endfacet
  facet normal -0.60887 0 -0.79327
    outer loop
      vertex -15.4254 9.7 -10.7952
      vertex -15.813 5 -10.4977
      vertex -15.813 9.7 -10.4977
    endloop
  endfacet
  facet normal -0.737341 0 -0.675521
    outer loop
      vertex -14.7352 5 -11.4854
      vertex -15.0652 9.7 -11.1252
      vertex -14.7352 9.7 -11.4854
    endloop
  endfacet
  facet normal -0.737341 -0 -0.675521
    outer loop
      vertex -15.0652 9.7 -11.1252
      vertex -14.7352 5 -11.4854
      vertex -15.0652 5 -11.1252
    endloop
  endfacet
  facet normal -0.537193 0 -0.843459
    outer loop
      vertex -16.225 5 -10.2353
      vertex -15.813 9.7 -10.4977
      vertex -15.813 5 -10.4977
    endloop
  endfacet
  facet normal -0.537193 0 -0.843459
    outer loop
      vertex -15.813 9.7 -10.4977
      vertex -16.225 5 -10.2353
      vertex -16.225 9.7 -10.2353
    endloop
  endfacet
  facet normal -0.843459 0 -0.537193
    outer loop
      vertex -14.1753 5 -12.285
      vertex -14.4377 9.7 -11.873
      vertex -14.1753 9.7 -12.285
    endloop
  endfacet
  facet normal -0.843459 -0 -0.537193
    outer loop
      vertex -14.4377 9.7 -11.873
      vertex -14.1753 5 -12.285
      vertex -14.4377 5 -11.873
    endloop
  endfacet
  facet normal -0.953716 0 -0.30071
    outer loop
      vertex -13.6158 5 -13.6356
      vertex -13.7627 9.7 -13.1697
      vertex -13.6158 9.7 -13.6356
    endloop
  endfacet
  facet normal -0.953716 -0 -0.30071
    outer loop
      vertex -13.7627 9.7 -13.1697
      vertex -13.6158 5 -13.6356
      vertex -13.7627 5 -13.1697
    endloop
  endfacet
  facet normal -0.675521 0 -0.737341
    outer loop
      vertex -15.4254 5 -10.7952
      vertex -15.0652 9.7 -11.1252
      vertex -15.0652 5 -11.1252
    endloop
  endfacet
  facet normal -0.675521 0 -0.737341
    outer loop
      vertex -15.0652 9.7 -11.1252
      vertex -15.4254 5 -10.7952
      vertex -15.4254 9.7 -10.7952
    endloop
  endfacet
  facet normal -0.976317 0 -0.216345
    outer loop
      vertex -13.5101 5 -14.1126
      vertex -13.6158 9.7 -13.6356
      vertex -13.5101 9.7 -14.1126
    endloop
  endfacet
  facet normal -0.976317 -0 -0.216345
    outer loop
      vertex -13.6158 9.7 -13.6356
      vertex -13.5101 5 -14.1126
      vertex -13.6158 5 -13.6356
    endloop
  endfacet
  facet normal -0.991434 0 -0.130608
    outer loop
      vertex -13.4463 5 -14.5969
      vertex -13.5101 9.7 -14.1126
      vertex -13.4463 9.7 -14.5969
    endloop
  endfacet
  facet normal -0.991434 -0 -0.130608
    outer loop
      vertex -13.5101 9.7 -14.1126
      vertex -13.4463 5 -14.5969
      vertex -13.5101 5 -14.1126
    endloop
  endfacet
  facet normal -0.886979 0 0.46181
    outer loop
      vertex -14.1753 5 12.285
      vertex -13.9497 9.7 12.7183
      vertex -14.1753 9.7 12.285
    endloop
  endfacet
  facet normal -0.886979 0 0.46181
    outer loop
      vertex -13.9497 9.7 12.7183
      vertex -14.1753 5 12.285
      vertex -13.9497 5 12.7183
    endloop
  endfacet
  facet normal -0.382698 0 0.923873
    outer loop
      vertex -16.9 9.7 9.90958
      vertex -16.6583 5 10.0097
      vertex -16.6583 9.7 10.0097
    endloop
  endfacet
  facet normal -0.382698 0 0.923873
    outer loop
      vertex -16.6583 5 10.0097
      vertex -16.9 9.7 9.90958
      vertex -16.9 5 9.90958
    endloop
  endfacet
  facet normal -0.999049 0 -0.0435971
    outer loop
      vertex -13.425 5 15.085
      vertex -13.4463 9.7 15.5731
      vertex -13.425 9.7 15.085
    endloop
  endfacet
  facet normal -0.999049 -0 -0.0435971
    outer loop
      vertex -13.4463 9.7 15.5731
      vertex -13.425 5 15.085
      vertex -13.4463 5 15.5731
    endloop
  endfacet
  facet normal -0.537193 0 0.843459
    outer loop
      vertex -16.225 9.7 10.2353
      vertex -15.813 5 10.4977
      vertex -15.813 9.7 10.4977
    endloop
  endfacet
  facet normal -0.537193 0 0.843459
    outer loop
      vertex -15.813 5 10.4977
      vertex -16.225 9.7 10.2353
      vertex -16.225 5 10.2353
    endloop
  endfacet
  facet normal -0.79327 0 0.60887
    outer loop
      vertex -14.7352 5 11.4854
      vertex -14.4377 9.7 11.873
      vertex -14.7352 9.7 11.4854
    endloop
  endfacet
  facet normal -0.79327 0 0.60887
    outer loop
      vertex -14.4377 9.7 11.873
      vertex -14.7352 5 11.4854
      vertex -14.4377 5 11.873
    endloop
  endfacet
  facet normal -0.675521 0 0.737341
    outer loop
      vertex -15.4254 9.7 10.7952
      vertex -15.0652 5 11.1252
      vertex -15.0652 9.7 11.1252
    endloop
  endfacet
  facet normal -0.675521 0 0.737341
    outer loop
      vertex -15.0652 5 11.1252
      vertex -15.4254 9.7 10.7952
      vertex -15.4254 5 10.7952
    endloop
  endfacet
  facet normal -0.46181 0 0.886979
    outer loop
      vertex -16.6583 9.7 10.0097
      vertex -16.225 5 10.2353
      vertex -16.225 9.7 10.2353
    endloop
  endfacet
  facet normal -0.46181 0 0.886979
    outer loop
      vertex -16.225 5 10.2353
      vertex -16.6583 9.7 10.0097
      vertex -16.6583 5 10.0097
    endloop
  endfacet
  facet normal -0.60887 0 0.79327
    outer loop
      vertex -15.813 9.7 10.4977
      vertex -15.4254 5 10.7952
      vertex -15.4254 9.7 10.7952
    endloop
  endfacet
  facet normal -0.60887 0 0.79327
    outer loop
      vertex -15.4254 5 10.7952
      vertex -15.813 9.7 10.4977
      vertex -15.813 5 10.4977
    endloop
  endfacet
  facet normal -0.999049 0 0.0435971
    outer loop
      vertex -13.4463 5 14.5969
      vertex -13.425 9.7 15.085
      vertex -13.4463 9.7 14.5969
    endloop
  endfacet
  facet normal -0.999049 0 0.0435971
    outer loop
      vertex -13.425 9.7 15.085
      vertex -13.4463 5 14.5969
      vertex -13.425 5 15.085
    endloop
  endfacet
  facet normal -0.976317 0 -0.216345
    outer loop
      vertex -13.5101 5 16.0574
      vertex -13.6158 9.7 16.5344
      vertex -13.5101 9.7 16.0574
    endloop
  endfacet
  facet normal -0.976317 -0 -0.216345
    outer loop
      vertex -13.6158 9.7 16.5344
      vertex -13.5101 5 16.0574
      vertex -13.6158 5 16.5344
    endloop
  endfacet
  facet normal -0.79327 0 -0.60887
    outer loop
      vertex -14.4377 5 18.297
      vertex -14.7352 9.7 18.6846
      vertex -14.4377 9.7 18.297
    endloop
  endfacet
  facet normal -0.79327 -0 -0.60887
    outer loop
      vertex -14.7352 9.7 18.6846
      vertex -14.4377 5 18.297
      vertex -14.7352 5 18.6846
    endloop
  endfacet
  facet normal -0.675521 0 -0.737341
    outer loop
      vertex -15.4254 5 19.3748
      vertex -15.0652 9.7 19.0448
      vertex -15.0652 5 19.0448
    endloop
  endfacet
  facet normal -0.675521 0 -0.737341
    outer loop
      vertex -15.0652 9.7 19.0448
      vertex -15.4254 5 19.3748
      vertex -15.4254 9.7 19.3748
    endloop
  endfacet
  facet normal -0.923862 0 0.382725
    outer loop
      vertex -13.9497 5 12.7183
      vertex -13.7627 9.7 13.1697
      vertex -13.9497 9.7 12.7183
    endloop
  endfacet
  facet normal -0.923862 0 0.382725
    outer loop
      vertex -13.7627 9.7 13.1697
      vertex -13.9497 5 12.7183
      vertex -13.7627 5 13.1697
    endloop
  endfacet
  facet normal -0.953716 0 0.30071
    outer loop
      vertex -13.7627 5 13.1697
      vertex -13.6158 9.7 13.6356
      vertex -13.7627 9.7 13.1697
    endloop
  endfacet
  facet normal -0.953716 0 0.30071
    outer loop
      vertex -13.6158 9.7 13.6356
      vertex -13.7627 5 13.1697
      vertex -13.6158 5 13.6356
    endloop
  endfacet
  facet normal -0.976317 0 0.216345
    outer loop
      vertex -13.6158 5 13.6356
      vertex -13.5101 9.7 14.1126
      vertex -13.6158 9.7 13.6356
    endloop
  endfacet
  facet normal -0.976317 0 0.216345
    outer loop
      vertex -13.5101 9.7 14.1126
      vertex -13.6158 5 13.6356
      vertex -13.5101 5 14.1126
    endloop
  endfacet
  facet normal -0.843459 0 0.537193
    outer loop
      vertex -14.4377 5 11.873
      vertex -14.1753 9.7 12.285
      vertex -14.4377 9.7 11.873
    endloop
  endfacet
  facet normal -0.843459 0 0.537193
    outer loop
      vertex -14.1753 9.7 12.285
      vertex -14.4377 5 11.873
      vertex -14.1753 5 12.285
    endloop
  endfacet
  facet normal -0.737341 0 0.675521
    outer loop
      vertex -15.0652 5 11.1252
      vertex -14.7352 9.7 11.4854
      vertex -15.0652 9.7 11.1252
    endloop
  endfacet
  facet normal -0.737341 0 0.675521
    outer loop
      vertex -14.7352 9.7 11.4854
      vertex -15.0652 5 11.1252
      vertex -14.7352 5 11.4854
    endloop
  endfacet
  facet normal -0.991434 0 -0.130608
    outer loop
      vertex -13.4463 5 15.5731
      vertex -13.5101 9.7 16.0574
      vertex -13.4463 9.7 15.5731
    endloop
  endfacet
  facet normal -0.991434 -0 -0.130608
    outer loop
      vertex -13.5101 9.7 16.0574
      vertex -13.4463 5 15.5731
      vertex -13.5101 5 16.0574
    endloop
  endfacet
  facet normal -0.923862 0 -0.382725
    outer loop
      vertex -13.7627 5 17.0003
      vertex -13.9497 9.7 17.4517
      vertex -13.7627 9.7 17.0003
    endloop
  endfacet
  facet normal -0.923862 -0 -0.382725
    outer loop
      vertex -13.9497 9.7 17.4517
      vertex -13.7627 5 17.0003
      vertex -13.9497 5 17.4517
    endloop
  endfacet
  facet normal -0.737341 0 -0.675521
    outer loop
      vertex -14.7352 5 18.6846
      vertex -15.0652 9.7 19.0448
      vertex -14.7352 9.7 18.6846
    endloop
  endfacet
  facet normal -0.737341 -0 -0.675521
    outer loop
      vertex -15.0652 9.7 19.0448
      vertex -14.7352 5 18.6846
      vertex -15.0652 5 19.0448
    endloop
  endfacet
  facet normal -0.991434 0 0.130608
    outer loop
      vertex -13.5101 5 14.1126
      vertex -13.4463 9.7 14.5969
      vertex -13.5101 9.7 14.1126
    endloop
  endfacet
  facet normal -0.991434 0 0.130608
    outer loop
      vertex -13.4463 9.7 14.5969
      vertex -13.5101 5 14.1126
      vertex -13.4463 5 14.5969
    endloop
  endfacet
  facet normal -0.843459 0 -0.537193
    outer loop
      vertex -14.1753 5 17.885
      vertex -14.4377 9.7 18.297
      vertex -14.1753 9.7 17.885
    endloop
  endfacet
  facet normal -0.843459 -0 -0.537193
    outer loop
      vertex -14.4377 9.7 18.297
      vertex -14.1753 5 17.885
      vertex -14.4377 5 18.297
    endloop
  endfacet
  facet normal -0.953716 0 -0.30071
    outer loop
      vertex -13.6158 5 16.5344
      vertex -13.7627 9.7 17.0003
      vertex -13.6158 9.7 16.5344
    endloop
  endfacet
  facet normal -0.953716 -0 -0.30071
    outer loop
      vertex -13.7627 9.7 17.0003
      vertex -13.6158 5 16.5344
      vertex -13.7627 5 17.0003
    endloop
  endfacet
  facet normal -0.608969 0 -0.793194
    outer loop
      vertex -15.5184 5 19.4462
      vertex -15.4254 9.7 19.3748
      vertex -15.4254 5 19.3748
    endloop
  endfacet
  facet normal -0.608969 0 -0.793194
    outer loop
      vertex -15.4254 9.7 19.3748
      vertex -15.5184 5 19.4462
      vertex -15.5184 9.7 19.4462
    endloop
  endfacet
  facet normal -0.886979 0 -0.46181
    outer loop
      vertex -13.9497 5 17.4517
      vertex -14.1753 9.7 17.885
      vertex -13.9497 9.7 17.4517
    endloop
  endfacet
  facet normal -0.886979 -0 -0.46181
    outer loop
      vertex -14.1753 9.7 17.885
      vertex -13.9497 5 17.4517
      vertex -14.1753 5 17.885
    endloop
  endfacet
  facet normal 0.999049 -0 0.0435971
    outer loop
      vertex 13.425 5 -15.085
      vertex 13.4463 9.7 -15.5731
      vertex 13.425 9.7 -15.085
    endloop
  endfacet
  facet normal 0.999049 0 0.0435971
    outer loop
      vertex 13.4463 9.7 -15.5731
      vertex 13.425 5 -15.085
      vertex 13.4463 5 -15.5731
    endloop
  endfacet
  facet normal 0.675521 0 0.737341
    outer loop
      vertex 15.0652 9.7 -19.0448
      vertex 15.4254 5 -19.3748
      vertex 15.4254 9.7 -19.3748
    endloop
  endfacet
  facet normal 0.675521 0 0.737341
    outer loop
      vertex 15.4254 5 -19.3748
      vertex 15.0652 9.7 -19.0448
      vertex 15.0652 5 -19.0448
    endloop
  endfacet
  facet normal 0.886979 -0 0.46181
    outer loop
      vertex 13.9497 5 -17.4517
      vertex 14.1753 9.7 -17.885
      vertex 13.9497 9.7 -17.4517
    endloop
  endfacet
  facet normal 0.886979 0 0.46181
    outer loop
      vertex 14.1753 9.7 -17.885
      vertex 13.9497 5 -17.4517
      vertex 14.1753 5 -17.885
    endloop
  endfacet
  facet normal 0.737341 0 -0.675521
    outer loop
      vertex 15.0652 5 -11.1252
      vertex 14.7352 9.7 -11.4854
      vertex 15.0652 9.7 -11.1252
    endloop
  endfacet
  facet normal 0.737341 0 -0.675521
    outer loop
      vertex 14.7352 9.7 -11.4854
      vertex 15.0652 5 -11.1252
      vertex 14.7352 5 -11.4854
    endloop
  endfacet
  facet normal 0.923862 0 -0.382725
    outer loop
      vertex 13.9497 5 -12.7183
      vertex 13.7627 9.7 -13.1697
      vertex 13.9497 9.7 -12.7183
    endloop
  endfacet
  facet normal 0.923862 0 -0.382725
    outer loop
      vertex 13.7627 9.7 -13.1697
      vertex 13.9497 5 -12.7183
      vertex 13.7627 5 -13.1697
    endloop
  endfacet
  facet normal 0.953716 -0 0.30071
    outer loop
      vertex 13.6158 5 -16.5344
      vertex 13.7627 9.7 -17.0003
      vertex 13.6158 9.7 -16.5344
    endloop
  endfacet
  facet normal 0.953716 0 0.30071
    outer loop
      vertex 13.7627 9.7 -17.0003
      vertex 13.6158 5 -16.5344
      vertex 13.7627 5 -17.0003
    endloop
  endfacet
  facet normal 0.79327 -0 0.60887
    outer loop
      vertex 14.4377 5 -18.297
      vertex 14.7352 9.7 -18.6846
      vertex 14.4377 9.7 -18.297
    endloop
  endfacet
  facet normal 0.79327 0 0.60887
    outer loop
      vertex 14.7352 9.7 -18.6846
      vertex 14.4377 5 -18.297
      vertex 14.7352 5 -18.6846
    endloop
  endfacet
  facet normal 0.737341 -0 0.675521
    outer loop
      vertex 14.7352 5 -18.6846
      vertex 15.0652 9.7 -19.0448
      vertex 14.7352 9.7 -18.6846
    endloop
  endfacet
  facet normal 0.737341 0 0.675521
    outer loop
      vertex 15.0652 9.7 -19.0448
      vertex 14.7352 5 -18.6846
      vertex 15.0652 5 -19.0448
    endloop
  endfacet
  facet normal 0.843459 -0 0.537193
    outer loop
      vertex 14.1753 5 -17.885
      vertex 14.4377 9.7 -18.297
      vertex 14.1753 9.7 -17.885
    endloop
  endfacet
  facet normal 0.843459 0 0.537193
    outer loop
      vertex 14.4377 9.7 -18.297
      vertex 14.1753 5 -17.885
      vertex 14.4377 5 -18.297
    endloop
  endfacet
  facet normal 0.923862 -0 0.382725
    outer loop
      vertex 13.7627 5 -17.0003
      vertex 13.9497 9.7 -17.4517
      vertex 13.7627 9.7 -17.0003
    endloop
  endfacet
  facet normal 0.923862 0 0.382725
    outer loop
      vertex 13.9497 9.7 -17.4517
      vertex 13.7627 5 -17.0003
      vertex 13.9497 5 -17.4517
    endloop
  endfacet
  facet normal 0.991434 -0 0.130608
    outer loop
      vertex 13.4463 5 -15.5731
      vertex 13.5101 9.7 -16.0574
      vertex 13.4463 9.7 -15.5731
    endloop
  endfacet
  facet normal 0.991434 0 0.130608
    outer loop
      vertex 13.5101 9.7 -16.0574
      vertex 13.4463 5 -15.5731
      vertex 13.5101 5 -16.0574
    endloop
  endfacet
  facet normal 0.46181 0 -0.886979
    outer loop
      vertex 16.225 5 -10.2353
      vertex 16.6583 9.7 -10.0097
      vertex 16.6583 5 -10.0097
    endloop
  endfacet
  facet normal 0.46181 0 -0.886979
    outer loop
      vertex 16.6583 9.7 -10.0097
      vertex 16.225 5 -10.2353
      vertex 16.225 9.7 -10.2353
    endloop
  endfacet
  facet normal 0.843459 0 -0.537193
    outer loop
      vertex 14.4377 5 -11.873
      vertex 14.1753 9.7 -12.285
      vertex 14.4377 9.7 -11.873
    endloop
  endfacet
  facet normal 0.843459 0 -0.537193
    outer loop
      vertex 14.1753 9.7 -12.285
      vertex 14.4377 5 -11.873
      vertex 14.1753 5 -12.285
    endloop
  endfacet
  facet normal 0.886979 0 -0.46181
    outer loop
      vertex 14.1753 5 -12.285
      vertex 13.9497 9.7 -12.7183
      vertex 14.1753 9.7 -12.285
    endloop
  endfacet
  facet normal 0.886979 0 -0.46181
    outer loop
      vertex 13.9497 9.7 -12.7183
      vertex 14.1753 5 -12.285
      vertex 13.9497 5 -12.7183
    endloop
  endfacet
  facet normal 0.79327 0 -0.60887
    outer loop
      vertex 14.7352 5 -11.4854
      vertex 14.4377 9.7 -11.873
      vertex 14.7352 9.7 -11.4854
    endloop
  endfacet
  facet normal 0.79327 0 -0.60887
    outer loop
      vertex 14.4377 9.7 -11.873
      vertex 14.7352 5 -11.4854
      vertex 14.4377 5 -11.873
    endloop
  endfacet
  facet normal 0.999049 0 -0.0435971
    outer loop
      vertex 13.4463 5 -14.5969
      vertex 13.425 9.7 -15.085
      vertex 13.4463 9.7 -14.5969
    endloop
  endfacet
  facet normal 0.999049 0 -0.0435971
    outer loop
      vertex 13.425 9.7 -15.085
      vertex 13.4463 5 -14.5969
      vertex 13.425 5 -15.085
    endloop
  endfacet
  facet normal 0.953716 0 -0.30071
    outer loop
      vertex 13.7627 5 -13.1697
      vertex 13.6158 9.7 -13.6356
      vertex 13.7627 9.7 -13.1697
    endloop
  endfacet
  facet normal 0.953716 0 -0.30071
    outer loop
      vertex 13.6158 9.7 -13.6356
      vertex 13.7627 5 -13.1697
      vertex 13.6158 5 -13.6356
    endloop
  endfacet
  facet normal 0.976317 -0 0.216345
    outer loop
      vertex 13.5101 5 -16.0574
      vertex 13.6158 9.7 -16.5344
      vertex 13.5101 9.7 -16.0574
    endloop
  endfacet
  facet normal 0.976317 0 0.216345
    outer loop
      vertex 13.6158 9.7 -16.5344
      vertex 13.5101 5 -16.0574
      vertex 13.6158 5 -16.5344
    endloop
  endfacet
  facet normal 0.608969 0 0.793194
    outer loop
      vertex 15.4254 9.7 -19.3748
      vertex 15.5184 5 -19.4462
      vertex 15.5184 9.7 -19.4462
    endloop
  endfacet
  facet normal 0.608969 0 0.793194
    outer loop
      vertex 15.5184 5 -19.4462
      vertex 15.4254 9.7 -19.3748
      vertex 15.4254 5 -19.3748
    endloop
  endfacet
  facet normal 0.537193 0 -0.843459
    outer loop
      vertex 15.813 5 -10.4977
      vertex 16.225 9.7 -10.2353
      vertex 16.225 5 -10.2353
    endloop
  endfacet
  facet normal 0.537193 0 -0.843459
    outer loop
      vertex 16.225 9.7 -10.2353
      vertex 15.813 5 -10.4977
      vertex 15.813 9.7 -10.4977
    endloop
  endfacet
  facet normal 0.675521 0 -0.737341
    outer loop
      vertex 15.0652 5 -11.1252
      vertex 15.4254 9.7 -10.7952
      vertex 15.4254 5 -10.7952
    endloop
  endfacet
  facet normal 0.675521 0 -0.737341
    outer loop
      vertex 15.4254 9.7 -10.7952
      vertex 15.0652 5 -11.1252
      vertex 15.0652 9.7 -11.1252
    endloop
  endfacet
  facet normal 0.60887 0 -0.79327
    outer loop
      vertex 15.4254 5 -10.7952
      vertex 15.813 9.7 -10.4977
      vertex 15.813 5 -10.4977
    endloop
  endfacet
  facet normal 0.60887 0 -0.79327
    outer loop
      vertex 15.813 9.7 -10.4977
      vertex 15.4254 5 -10.7952
      vertex 15.4254 9.7 -10.7952
    endloop
  endfacet
  facet normal 0.382698 0 -0.923873
    outer loop
      vertex 16.6583 5 -10.0097
      vertex 16.9 9.7 -9.90958
      vertex 16.9 5 -9.90958
    endloop
  endfacet
  facet normal 0.382698 0 -0.923873
    outer loop
      vertex 16.9 9.7 -9.90958
      vertex 16.6583 5 -10.0097
      vertex 16.6583 9.7 -10.0097
    endloop
  endfacet
  facet normal 0.991434 0 -0.130608
    outer loop
      vertex 13.5101 5 -14.1126
      vertex 13.4463 9.7 -14.5969
      vertex 13.5101 9.7 -14.1126
    endloop
  endfacet
  facet normal 0.991434 0 -0.130608
    outer loop
      vertex 13.4463 9.7 -14.5969
      vertex 13.5101 5 -14.1126
      vertex 13.4463 5 -14.5969
    endloop
  endfacet
  facet normal 0.976317 0 -0.216345
    outer loop
      vertex 13.6158 5 -13.6356
      vertex 13.5101 9.7 -14.1126
      vertex 13.6158 9.7 -13.6356
    endloop
  endfacet
  facet normal 0.976317 0 -0.216345
    outer loop
      vertex 13.5101 9.7 -14.1126
      vertex 13.6158 5 -13.6356
      vertex 13.5101 5 -14.1126
    endloop
  endfacet
  facet normal 0.46181 0 0.886979
    outer loop
      vertex 16.225 9.7 10.2353
      vertex 16.6583 5 10.0097
      vertex 16.6583 9.7 10.0097
    endloop
  endfacet
  facet normal 0.46181 0 0.886979
    outer loop
      vertex 16.6583 5 10.0097
      vertex 16.225 9.7 10.2353
      vertex 16.225 5 10.2353
    endloop
  endfacet
  facet normal 0.923862 -0 0.382725
    outer loop
      vertex 13.7627 5 13.1697
      vertex 13.9497 9.7 12.7183
      vertex 13.7627 9.7 13.1697
    endloop
  endfacet
  facet normal 0.923862 0 0.382725
    outer loop
      vertex 13.9497 9.7 12.7183
      vertex 13.7627 5 13.1697
      vertex 13.9497 5 12.7183
    endloop
  endfacet
  facet normal 0.999049 -0 0.0435971
    outer loop
      vertex 13.425 5 15.085
      vertex 13.4463 9.7 14.5969
      vertex 13.425 9.7 15.085
    endloop
  endfacet
  facet normal 0.999049 0 0.0435971
    outer loop
      vertex 13.4463 9.7 14.5969
      vertex 13.425 5 15.085
      vertex 13.4463 5 14.5969
    endloop
  endfacet
  facet normal 0.79327 -0 0.60887
    outer loop
      vertex 14.4377 5 11.873
      vertex 14.7352 9.7 11.4854
      vertex 14.4377 9.7 11.873
    endloop
  endfacet
  facet normal 0.79327 0 0.60887
    outer loop
      vertex 14.7352 9.7 11.4854
      vertex 14.4377 5 11.873
      vertex 14.7352 5 11.4854
    endloop
  endfacet
  facet normal 0.999049 0 -0.0435971
    outer loop
      vertex 13.4463 5 15.5731
      vertex 13.425 9.7 15.085
      vertex 13.4463 9.7 15.5731
    endloop
  endfacet
  facet normal 0.999049 0 -0.0435971
    outer loop
      vertex 13.425 9.7 15.085
      vertex 13.4463 5 15.5731
      vertex 13.425 5 15.085
    endloop
  endfacet
  facet normal 0.953716 -0 0.30071
    outer loop
      vertex 13.6158 5 13.6356
      vertex 13.7627 9.7 13.1697
      vertex 13.6158 9.7 13.6356
    endloop
  endfacet
  facet normal 0.953716 0 0.30071
    outer loop
      vertex 13.7627 9.7 13.1697
      vertex 13.6158 5 13.6356
      vertex 13.7627 5 13.1697
    endloop
  endfacet
  facet normal 0.991434 -0 0.130608
    outer loop
      vertex 13.4463 5 14.5969
      vertex 13.5101 9.7 14.1126
      vertex 13.4463 9.7 14.5969
    endloop
  endfacet
  facet normal 0.991434 0 0.130608
    outer loop
      vertex 13.5101 9.7 14.1126
      vertex 13.4463 5 14.5969
      vertex 13.5101 5 14.1126
    endloop
  endfacet
  facet normal 0.886979 -0 0.46181
    outer loop
      vertex 13.9497 5 12.7183
      vertex 14.1753 9.7 12.285
      vertex 13.9497 9.7 12.7183
    endloop
  endfacet
  facet normal 0.886979 0 0.46181
    outer loop
      vertex 14.1753 9.7 12.285
      vertex 13.9497 5 12.7183
      vertex 14.1753 5 12.285
    endloop
  endfacet
  facet normal 0.843459 -0 0.537193
    outer loop
      vertex 14.1753 5 12.285
      vertex 14.4377 9.7 11.873
      vertex 14.1753 9.7 12.285
    endloop
  endfacet
  facet normal 0.843459 0 0.537193
    outer loop
      vertex 14.4377 9.7 11.873
      vertex 14.1753 5 12.285
      vertex 14.4377 5 11.873
    endloop
  endfacet
  facet normal 0.60887 0 0.79327
    outer loop
      vertex 15.4254 9.7 10.7952
      vertex 15.813 5 10.4977
      vertex 15.813 9.7 10.4977
    endloop
  endfacet
  facet normal 0.60887 0 0.79327
    outer loop
      vertex 15.813 5 10.4977
      vertex 15.4254 9.7 10.7952
      vertex 15.4254 5 10.7952
    endloop
  endfacet
  facet normal 0.675521 0 0.737341
    outer loop
      vertex 15.0652 9.7 11.1252
      vertex 15.4254 5 10.7952
      vertex 15.4254 9.7 10.7952
    endloop
  endfacet
  facet normal 0.675521 0 0.737341
    outer loop
      vertex 15.4254 5 10.7952
      vertex 15.0652 9.7 11.1252
      vertex 15.0652 5 11.1252
    endloop
  endfacet
  facet normal 0.537193 0 0.843459
    outer loop
      vertex 15.813 9.7 10.4977
      vertex 16.225 5 10.2353
      vertex 16.225 9.7 10.2353
    endloop
  endfacet
  facet normal 0.537193 0 0.843459
    outer loop
      vertex 16.225 5 10.2353
      vertex 15.813 9.7 10.4977
      vertex 15.813 5 10.4977
    endloop
  endfacet
  facet normal 0.737341 -0 0.675521
    outer loop
      vertex 14.7352 5 11.4854
      vertex 15.0652 9.7 11.1252
      vertex 14.7352 9.7 11.4854
    endloop
  endfacet
  facet normal 0.737341 0 0.675521
    outer loop
      vertex 15.0652 9.7 11.1252
      vertex 14.7352 5 11.4854
      vertex 15.0652 5 11.1252
    endloop
  endfacet
  facet normal 0.886979 0 -0.46181
    outer loop
      vertex 14.1753 5 17.885
      vertex 13.9497 9.7 17.4517
      vertex 14.1753 9.7 17.885
    endloop
  endfacet
  facet normal 0.886979 0 -0.46181
    outer loop
      vertex 13.9497 9.7 17.4517
      vertex 14.1753 5 17.885
      vertex 13.9497 5 17.4517
    endloop
  endfacet
  facet normal 0.976317 -0 0.216345
    outer loop
      vertex 13.5101 5 14.1126
      vertex 13.6158 9.7 13.6356
      vertex 13.5101 9.7 14.1126
    endloop
  endfacet
  facet normal 0.976317 0 0.216345
    outer loop
      vertex 13.6158 9.7 13.6356
      vertex 13.5101 5 14.1126
      vertex 13.6158 5 13.6356
    endloop
  endfacet
  facet normal 0.382698 0 0.923873
    outer loop
      vertex 16.6583 9.7 10.0097
      vertex 16.9 5 9.90958
      vertex 16.9 9.7 9.90958
    endloop
  endfacet
  facet normal 0.382698 0 0.923873
    outer loop
      vertex 16.9 5 9.90958
      vertex 16.6583 9.7 10.0097
      vertex 16.6583 5 10.0097
    endloop
  endfacet
  facet normal 0.991434 0 -0.130608
    outer loop
      vertex 13.5101 5 16.0574
      vertex 13.4463 9.7 15.5731
      vertex 13.5101 9.7 16.0574
    endloop
  endfacet
  facet normal 0.991434 0 -0.130608
    outer loop
      vertex 13.4463 9.7 15.5731
      vertex 13.5101 5 16.0574
      vertex 13.4463 5 15.5731
    endloop
  endfacet
  facet normal 0.923862 0 -0.382725
    outer loop
      vertex 13.9497 5 17.4517
      vertex 13.7627 9.7 17.0003
      vertex 13.9497 9.7 17.4517
    endloop
  endfacet
  facet normal 0.923862 0 -0.382725
    outer loop
      vertex 13.7627 9.7 17.0003
      vertex 13.9497 5 17.4517
      vertex 13.7627 5 17.0003
    endloop
  endfacet
  facet normal 0.953716 0 -0.30071
    outer loop
      vertex 13.7627 5 17.0003
      vertex 13.6158 9.7 16.5344
      vertex 13.7627 9.7 17.0003
    endloop
  endfacet
  facet normal 0.953716 0 -0.30071
    outer loop
      vertex 13.6158 9.7 16.5344
      vertex 13.7627 5 17.0003
      vertex 13.6158 5 16.5344
    endloop
  endfacet
  facet normal 0.79327 0 -0.60887
    outer loop
      vertex 14.7352 5 18.6846
      vertex 14.4377 9.7 18.297
      vertex 14.7352 9.7 18.6846
    endloop
  endfacet
  facet normal 0.79327 0 -0.60887
    outer loop
      vertex 14.4377 9.7 18.297
      vertex 14.7352 5 18.6846
      vertex 14.4377 5 18.297
    endloop
  endfacet
  facet normal 0.976317 0 -0.216345
    outer loop
      vertex 13.6158 5 16.5344
      vertex 13.5101 9.7 16.0574
      vertex 13.6158 9.7 16.5344
    endloop
  endfacet
  facet normal 0.976317 0 -0.216345
    outer loop
      vertex 13.5101 9.7 16.0574
      vertex 13.6158 5 16.5344
      vertex 13.5101 5 16.0574
    endloop
  endfacet
  facet normal 0.608973 0 -0.793191
    outer loop
      vertex 15.4254 5 19.3748
      vertex 15.5606 9.7 19.4786
      vertex 15.5606 5 19.4786
    endloop
  endfacet
  facet normal 0.608973 0 -0.793191
    outer loop
      vertex 15.5606 9.7 19.4786
      vertex 15.4254 5 19.3748
      vertex 15.4254 9.7 19.3748
    endloop
  endfacet
  facet normal 0.843459 0 -0.537193
    outer loop
      vertex 14.4377 5 18.297
      vertex 14.1753 9.7 17.885
      vertex 14.4377 9.7 18.297
    endloop
  endfacet
  facet normal 0.843459 0 -0.537193
    outer loop
      vertex 14.1753 9.7 17.885
      vertex 14.4377 5 18.297
      vertex 14.1753 5 17.885
    endloop
  endfacet
  facet normal 0.737341 0 -0.675521
    outer loop
      vertex 15.0652 5 19.0448
      vertex 14.7352 9.7 18.6846
      vertex 15.0652 9.7 19.0448
    endloop
  endfacet
  facet normal 0.737341 0 -0.675521
    outer loop
      vertex 14.7352 9.7 18.6846
      vertex 15.0652 5 19.0448
      vertex 14.7352 5 18.6846
    endloop
  endfacet
  facet normal 0.675521 0 -0.737341
    outer loop
      vertex 15.0652 5 19.0448
      vertex 15.4254 9.7 19.3748
      vertex 15.4254 5 19.3748
    endloop
  endfacet
  facet normal 0.675521 0 -0.737341
    outer loop
      vertex 15.4254 9.7 19.3748
      vertex 15.0652 5 19.0448
      vertex 15.0652 9.7 19.0448
    endloop
  endfacet
  facet normal 0.735718 0 -0.677288
    outer loop
      vertex 15.5184 5 -19.4462
      vertex 14.5853 9.7 -20.4598
      vertex 15.5184 9.7 -19.4462
    endloop
  endfacet
  facet normal 0.735718 0 -0.677288
    outer loop
      vertex 14.5853 9.7 -20.4598
      vertex 15.5184 5 -19.4462
      vertex 14.5853 5 -20.4598
    endloop
  endfacet
  facet normal -0.475959 0 0.879468
    outer loop
      vertex -14.5853 9.7 20.4598
      vertex -12.8482 5 21.3999
      vertex -12.8482 9.7 21.3999
    endloop
  endfacet
  facet normal -0.475959 0 0.879468
    outer loop
      vertex -12.8482 5 21.3999
      vertex -14.5853 9.7 20.4598
      vertex -14.5853 5 20.4598
    endloop
  endfacet
  facet normal 0.475959 0 -0.879468
    outer loop
      vertex 12.8482 5 -21.3999
      vertex 14.5853 9.7 -20.4598
      vertex 14.5853 5 -20.4598
    endloop
  endfacet
  facet normal 0.475959 0 -0.879468
    outer loop
      vertex 14.5853 9.7 -20.4598
      vertex 12.8482 5 -21.3999
      vertex 12.8482 9.7 -21.3999
    endloop
  endfacet
  facet normal -0.735718 0 0.677288
    outer loop
      vertex -15.5184 5 19.4462
      vertex -14.5853 9.7 20.4598
      vertex -15.5184 9.7 19.4462
    endloop
  endfacet
  facet normal -0.735718 0 0.677288
    outer loop
      vertex -14.5853 9.7 20.4598
      vertex -15.5184 5 19.4462
      vertex -14.5853 5 20.4598
    endloop
  endfacet
  facet normal 0 -1 0
    outer loop
      vertex -17.6553 0 -13.3
      vertex -17.6553 0 13.3
      vertex -17.9 0 -13.1364
    endloop
  endfacet
  facet normal 0 -1 0
    outer loop
      vertex 17.24 0 13.7153
      vertex 18.7313 0 -12.8542
      vertex 19.025 0 -12.835
    endloop
  endfacet
  facet normal 0 -1 0
    outer loop
      vertex -17.6553 0 13.3
      vertex -17.6553 0 -13.3
      vertex -17.434 0 13.494
    endloop
  endfacet
  facet normal 0 -1 0
    outer loop
      vertex 17.24 0 13.7153
      vertex 18.4427 0 -12.9117
      vertex 18.7313 0 -12.8542
    endloop
  endfacet
  facet normal 0 -1 0
    outer loop
      vertex -17.434 0 -13.494
      vertex -17.434 0 13.494
      vertex -17.6553 0 -13.3
    endloop
  endfacet
  facet normal 0 -1 0
    outer loop
      vertex 17.24 0 13.7153
      vertex 18.164 0 -13.0063
      vertex 18.4427 0 -12.9117
    endloop
  endfacet
  facet normal 0 -1 0
    outer loop
      vertex -17.434 0 13.494
      vertex -17.434 0 -13.494
      vertex -17.24 0 13.7153
    endloop
  endfacet
  facet normal 0 -1 0
    outer loop
      vertex 17.24 0 13.7153
      vertex 17.9 0 -13.1364
      vertex 18.164 0 -13.0063
    endloop
  endfacet
  facet normal 0 -1 0
    outer loop
      vertex -17.24 0 -13.7153
      vertex -17.24 0 13.7153
      vertex -17.434 0 -13.494
    endloop
  endfacet
  facet normal 0 -1 0
    outer loop
      vertex 17.24 0 13.7153
      vertex 17.6553 0 -13.3
      vertex 17.9 0 -13.1364
    endloop
  endfacet
  facet normal 0 -1 0
    outer loop
      vertex -17.24 0 13.7153
      vertex -17.24 0 -13.7153
      vertex 17.24 0 13.7153
    endloop
  endfacet
  facet normal 0 -1 0
    outer loop
      vertex 17.24 0 13.7153
      vertex 17.434 0 -13.494
      vertex 17.6553 0 -13.3
    endloop
  endfacet
  facet normal 0 -1 0
    outer loop
      vertex 17.24 0 -13.7153
      vertex 17.24 0 13.7153
      vertex -17.24 0 -13.7153
    endloop
  endfacet
  facet normal 0 -1 0
    outer loop
      vertex 17.24 0 13.7153
      vertex 17.24 0 -13.7153
      vertex 17.434 0 -13.494
    endloop
  endfacet
  facet normal 0 -1 0
    outer loop
      vertex -17.0764 0 -13.96
      vertex 17.24 0 -13.7153
      vertex -17.24 0 -13.7153
    endloop
  endfacet
  facet normal 0 -1 0
    outer loop
      vertex -17.0764 0 -13.96
      vertex 17.0764 0 -13.96
      vertex 17.24 0 -13.7153
    endloop
  endfacet
  facet normal 0 -1 0
    outer loop
      vertex -16.9463 0 -14.224
      vertex 17.0764 0 -13.96
      vertex -17.0764 0 -13.96
    endloop
  endfacet
  facet normal 0 -1 0
    outer loop
      vertex -16.9463 0 -14.224
      vertex 16.9463 0 -14.224
      vertex 17.0764 0 -13.96
    endloop
  endfacet
  facet normal 0 -1 0
    outer loop
      vertex -16.8517 0 -14.5027
      vertex 16.9463 0 -14.224
      vertex -16.9463 0 -14.224
    endloop
  endfacet
  facet normal 0 -1 0
    outer loop
      vertex -16.8517 0 -14.5027
      vertex 16.8517 0 -14.5027
      vertex 16.9463 0 -14.224
    endloop
  endfacet
  facet normal 0 -1 0
    outer loop
      vertex -16.7943 0 -14.7913
      vertex 16.8517 0 -14.5027
      vertex -16.8517 0 -14.5027
    endloop
  endfacet
  facet normal 0 -1 0
    outer loop
      vertex -16.7943 0 -14.7913
      vertex 16.7943 0 -14.7913
      vertex 16.8517 0 -14.5027
    endloop
  endfacet
  facet normal 0 -1 0
    outer loop
      vertex -16.775 0 -15.085
      vertex 16.7943 0 -14.7913
      vertex -16.7943 0 -14.7913
    endloop
  endfacet
  facet normal 0 -1 0
    outer loop
      vertex -16.775 0 -15.085
      vertex 16.775 0 -15.085
      vertex 16.7943 0 -14.7913
    endloop
  endfacet
  facet normal 0 -1 0
    outer loop
      vertex -13.9 0 -24.725
      vertex -16.775 0 -15.085
      vertex -16.7943 0 -15.3787
    endloop
  endfacet
  facet normal 0 -1 0
    outer loop
      vertex -16.775 0 -15.085
      vertex -13.9 0 -24.725
      vertex 16.775 0 -15.085
    endloop
  endfacet
  facet normal 0 -1 0
    outer loop
      vertex -13.9 0 -24.725
      vertex -16.7943 0 -15.3787
      vertex -16.8517 0 -15.6673
    endloop
  endfacet
  facet normal 0 -1 0
    outer loop
      vertex 13.9 0 -24.725
      vertex 16.775 0 -15.085
      vertex -13.9 0 -24.725
    endloop
  endfacet
  facet normal 0 -1 0
    outer loop
      vertex -13.9 0 -24.725
      vertex -16.8517 0 -15.6673
      vertex -16.9463 0 -15.946
    endloop
  endfacet
  facet normal 0 -1 -0
    outer loop
      vertex 16.775 0 -15.085
      vertex 13.9 0 -24.725
      vertex 16.7943 0 -15.3787
    endloop
  endfacet
  facet normal 0 -1 0
    outer loop
      vertex -13.9 0 -24.725
      vertex -16.9463 0 -15.946
      vertex -17.0764 0 -16.21
    endloop
  endfacet
  facet normal 0 -1 -0
    outer loop
      vertex 16.7943 0 -15.3787
      vertex 13.9 0 -24.725
      vertex 16.8517 0 -15.6673
    endloop
  endfacet
  facet normal 0 -1 0
    outer loop
      vertex -13.9 0 -24.725
      vertex -17.0764 0 -16.21
      vertex -17.24 0 -16.4547
    endloop
  endfacet
  facet normal 0 -1 -0
    outer loop
      vertex 16.8517 0 -15.6673
      vertex 13.9 0 -24.725
      vertex 16.9463 0 -15.946
    endloop
  endfacet
  facet normal 0 -1 0
    outer loop
      vertex -13.9 0 -24.725
      vertex -17.24 0 -16.4547
      vertex -17.434 0 -16.676
    endloop
  endfacet
  facet normal 0 -1 -0
    outer loop
      vertex 16.9463 0 -15.946
      vertex 13.9 0 -24.725
      vertex 17.0764 0 -16.21
    endloop
  endfacet
  facet normal 0 -1 0
    outer loop
      vertex -15.3729 0 -24.5414
      vertex -17.434 0 -16.676
      vertex -17.6553 0 -16.87
    endloop
  endfacet
  facet normal 0 -1 -0
    outer loop
      vertex 17.0764 0 -16.21
      vertex 13.9 0 -24.725
      vertex 17.24 0 -16.4547
    endloop
  endfacet
  facet normal 0 -1 0
    outer loop
      vertex -15.3729 0 -24.5414
      vertex -17.6553 0 -16.87
      vertex -17.9 0 -17.0336
    endloop
  endfacet
  facet normal 0 -1 -0
    outer loop
      vertex 17.24 0 -16.4547
      vertex 13.9 0 -24.725
      vertex 17.434 0 -16.676
    endloop
  endfacet
  facet normal 0 -1 0
    outer loop
      vertex -15.3729 0 -24.5414
      vertex -17.9 0 -17.0336
      vertex -18.164 0 -17.1637
    endloop
  endfacet
  facet normal -0 -1 0
    outer loop
      vertex 15.8482 0 -24.3999
      vertex 17.434 0 -16.676
      vertex 13.9 0 -24.725
    endloop
  endfacet
  facet normal 0 -1 0
    outer loop
      vertex -15.3729 0 -24.5414
      vertex -18.164 0 -17.1637
      vertex -18.4427 0 -17.2583
    endloop
  endfacet
  facet normal 0 -1 -0
    outer loop
      vertex 17.434 0 -16.676
      vertex 15.8482 0 -24.3999
      vertex 17.6553 0 -16.87
    endloop
  endfacet
  facet normal 0 -1 0
    outer loop
      vertex -21.6979 0 -22.1014
      vertex -18.4427 0 -17.2583
      vertex -18.7313 0 -17.3158
    endloop
  endfacet
  facet normal 0 -1 -0
    outer loop
      vertex 17.6553 0 -16.87
      vertex 15.8482 0 -24.3999
      vertex 17.9 0 -17.0336
    endloop
  endfacet
  facet normal 0 -1 0
    outer loop
      vertex -21.6979 0 -22.1014
      vertex -18.7313 0 -17.3158
      vertex -19.025 0 -17.335
    endloop
  endfacet
  facet normal 0 -1 -0
    outer loop
      vertex 17.9 0 -17.0336
      vertex 15.8482 0 -24.3999
      vertex 18.164 0 -17.1637
    endloop
  endfacet
  facet normal 0 -1 0
    outer loop
      vertex -17.9 0 17.0336
      vertex -15.8482 0 24.3999
      vertex -18.164 0 17.1637
    endloop
  endfacet
  facet normal 0 -1 0
    outer loop
      vertex 13.9 0 24.725
      vertex 18.7313 0 17.3158
      vertex 19.025 0 17.335
    endloop
  endfacet
  facet normal 0 -1 0
    outer loop
      vertex -17.6553 0 16.87
      vertex -15.8482 0 24.3999
      vertex -17.9 0 17.0336
    endloop
  endfacet
  facet normal 0 -1 0
    outer loop
      vertex 13.9 0 24.725
      vertex 18.4427 0 17.2583
      vertex 18.7313 0 17.3158
    endloop
  endfacet
  facet normal 0 -1 0
    outer loop
      vertex -17.434 0 16.676
      vertex -15.8482 0 24.3999
      vertex -17.6553 0 16.87
    endloop
  endfacet
  facet normal 0 -1 0
    outer loop
      vertex 13.9 0 24.725
      vertex 18.164 0 17.1637
      vertex 18.4427 0 17.2583
    endloop
  endfacet
  facet normal 0 -1 -0
    outer loop
      vertex -15.8482 0 24.3999
      vertex -17.434 0 16.676
      vertex -13.9 0 24.725
    endloop
  endfacet
  facet normal 0 -1 0
    outer loop
      vertex 13.9 0 24.725
      vertex 17.9 0 17.0336
      vertex 18.164 0 17.1637
    endloop
  endfacet
  facet normal 0 -1 0
    outer loop
      vertex -17.24 0 16.4547
      vertex -13.9 0 24.725
      vertex -17.434 0 16.676
    endloop
  endfacet
  facet normal 0 -1 0
    outer loop
      vertex 13.9 0 24.725
      vertex 17.6553 0 16.87
      vertex 17.9 0 17.0336
    endloop
  endfacet
  facet normal 0 -1 0
    outer loop
      vertex -17.0764 0 16.21
      vertex -13.9 0 24.725
      vertex -17.24 0 16.4547
    endloop
  endfacet
  facet normal 0 -1 0
    outer loop
      vertex 13.9 0 24.725
      vertex 17.434 0 16.676
      vertex 17.6553 0 16.87
    endloop
  endfacet
  facet normal 0 -1 0
    outer loop
      vertex -16.9463 0 15.946
      vertex -13.9 0 24.725
      vertex -17.0764 0 16.21
    endloop
  endfacet
  facet normal 0 -1 0
    outer loop
      vertex 13.9 0 24.725
      vertex 17.24 0 16.4547
      vertex 17.434 0 16.676
    endloop
  endfacet
  facet normal 0 -1 0
    outer loop
      vertex -16.8517 0 15.6673
      vertex -13.9 0 24.725
      vertex -16.9463 0 15.946
    endloop
  endfacet
  facet normal 0 -1 0
    outer loop
      vertex 13.9 0 24.725
      vertex 17.0764 0 16.21
      vertex 17.24 0 16.4547
    endloop
  endfacet
  facet normal 0 -1 0
    outer loop
      vertex -16.7943 0 15.3787
      vertex -13.9 0 24.725
      vertex -16.8517 0 15.6673
    endloop
  endfacet
  facet normal 0 -1 0
    outer loop
      vertex 13.9 0 24.725
      vertex 16.9463 0 15.946
      vertex 17.0764 0 16.21
    endloop
  endfacet
  facet normal 0 -1 0
    outer loop
      vertex -16.775 0 15.085
      vertex -13.9 0 24.725
      vertex -16.7943 0 15.3787
    endloop
  endfacet
  facet normal 0 -1 0
    outer loop
      vertex 13.9 0 24.725
      vertex 16.8517 0 15.6673
      vertex 16.9463 0 15.946
    endloop
  endfacet
  facet normal 0 -1 -0
    outer loop
      vertex -13.9 0 24.725
      vertex -16.775 0 15.085
      vertex 13.9 0 24.725
    endloop
  endfacet
  facet normal 0 -1 0
    outer loop
      vertex 13.9 0 24.725
      vertex 16.7943 0 15.3787
      vertex 16.8517 0 15.6673
    endloop
  endfacet
  facet normal 0 -1 0
    outer loop
      vertex 16.775 0 15.085
      vertex 13.9 0 24.725
      vertex -16.775 0 15.085
    endloop
  endfacet
  facet normal 0 -1 0
    outer loop
      vertex 13.9 0 24.725
      vertex 16.775 0 15.085
      vertex 16.7943 0 15.3787
    endloop
  endfacet
  facet normal 0 -1 0
    outer loop
      vertex -16.7943 0 14.7913
      vertex 16.775 0 15.085
      vertex -16.775 0 15.085
    endloop
  endfacet
  facet normal 0 -1 0
    outer loop
      vertex -16.7943 0 14.7913
      vertex 16.7943 0 14.7913
      vertex 16.775 0 15.085
    endloop
  endfacet
  facet normal 0 -1 0
    outer loop
      vertex -16.8517 0 14.5027
      vertex 16.7943 0 14.7913
      vertex -16.7943 0 14.7913
    endloop
  endfacet
  facet normal 0 -1 0
    outer loop
      vertex -16.8517 0 14.5027
      vertex 16.8517 0 14.5027
      vertex 16.7943 0 14.7913
    endloop
  endfacet
  facet normal 0 -1 0
    outer loop
      vertex -16.9463 0 14.224
      vertex 16.8517 0 14.5027
      vertex -16.8517 0 14.5027
    endloop
  endfacet
  facet normal 0 -1 0
    outer loop
      vertex -16.9463 0 14.224
      vertex 16.9463 0 14.224
      vertex 16.8517 0 14.5027
    endloop
  endfacet
  facet normal 0 -1 0
    outer loop
      vertex -17.0764 0 13.96
      vertex 16.9463 0 14.224
      vertex -16.9463 0 14.224
    endloop
  endfacet
  facet normal 0 -1 0
    outer loop
      vertex -17.0764 0 13.96
      vertex 17.0764 0 13.96
      vertex 16.9463 0 14.224
    endloop
  endfacet
  facet normal 0 -1 0
    outer loop
      vertex -17.24 0 13.7153
      vertex 17.0764 0 13.96
      vertex -17.0764 0 13.96
    endloop
  endfacet
  facet normal 0 -1 0
    outer loop
      vertex -17.24 0 13.7153
      vertex 17.24 0 13.7153
      vertex 17.0764 0 13.96
    endloop
  endfacet
  facet normal 0 -1 0
    outer loop
      vertex -18.164 0 13.0063
      vertex -18.164 0 -13.0063
      vertex -17.9 0 13.1364
    endloop
  endfacet
  facet normal 0 -1 0
    outer loop
      vertex -17.9 0 -13.1364
      vertex -17.9 0 13.1364
      vertex -18.164 0 -13.0063
    endloop
  endfacet
  facet normal 0 -1 0
    outer loop
      vertex -18.164 0 -13.0063
      vertex -18.164 0 13.0063
      vertex -18.4427 0 -12.9117
    endloop
  endfacet
  facet normal 0 -1 0
    outer loop
      vertex -17.9 0 13.1364
      vertex -17.9 0 -13.1364
      vertex -17.6553 0 13.3
    endloop
  endfacet
  facet normal 0 -1 0
    outer loop
      vertex -18.4427 0 12.9117
      vertex -18.4427 0 -12.9117
      vertex -18.164 0 13.0063
    endloop
  endfacet
  facet normal 0 -1 0
    outer loop
      vertex 17.24 0 13.7153
      vertex 19.025 0 -12.835
      vertex 17.434 0 13.494
    endloop
  endfacet
  facet normal 0 -1 0
    outer loop
      vertex -18.4427 0 -12.9117
      vertex -18.4427 0 12.9117
      vertex -18.7313 0 -12.8542
    endloop
  endfacet
  facet normal 0 -1 0
    outer loop
      vertex 17.434 0 13.494
      vertex 19.025 0 -12.835
      vertex 17.6553 0 13.3
    endloop
  endfacet
  facet normal 0 -1 0
    outer loop
      vertex -18.7313 0 12.8542
      vertex -18.7313 0 -12.8542
      vertex -18.4427 0 12.9117
    endloop
  endfacet
  facet normal 0 -1 0
    outer loop
      vertex 17.6553 0 13.3
      vertex 19.025 0 -12.835
      vertex 17.9 0 13.1364
    endloop
  endfacet
  facet normal 0 -1 0
    outer loop
      vertex -18.7313 0 -12.8542
      vertex -18.7313 0 12.8542
      vertex -19.025 0 -12.835
    endloop
  endfacet
  facet normal 0 -1 0
    outer loop
      vertex 17.9 0 13.1364
      vertex 19.025 0 -12.835
      vertex 18.164 0 13.0063
    endloop
  endfacet
  facet normal 0 -1 0
    outer loop
      vertex -19.025 0 -12.835
      vertex -18.7313 0 12.8542
      vertex -19.025 0 12.835
    endloop
  endfacet
  facet normal 0 -1 0
    outer loop
      vertex 18.164 0 13.0063
      vertex 19.025 0 -12.835
      vertex 18.4427 0 12.9117
    endloop
  endfacet
  facet normal 0 -1 0
    outer loop
      vertex -22.1732 0 21.9599
      vertex -19.3187 0 17.3158
      vertex -19.025 0 17.335
    endloop
  endfacet
  facet normal 0 -1 0
    outer loop
      vertex -25.248 0 19.5667
      vertex -19.6073 0 17.2583
      vertex -19.3187 0 17.3158
    endloop
  endfacet
  facet normal 0 -1 0
    outer loop
      vertex -25.248 0 19.5667
      vertex -19.886 0 17.1637
      vertex -19.6073 0 17.2583
    endloop
  endfacet
  facet normal 0 -1 0
    outer loop
      vertex -25.248 0 19.5667
      vertex -20.15 0 17.0336
      vertex -19.886 0 17.1637
    endloop
  endfacet
  facet normal 0 -1 0
    outer loop
      vertex -25.248 0 19.5667
      vertex -20.3947 0 16.87
      vertex -20.15 0 17.0336
    endloop
  endfacet
  facet normal 0 -1 0
    outer loop
      vertex -25.248 0 19.5667
      vertex -20.616 0 16.676
      vertex -20.3947 0 16.87
    endloop
  endfacet
  facet normal 0 -1 0
    outer loop
      vertex -25.248 0 19.5667
      vertex -20.81 0 16.4547
      vertex -20.616 0 16.676
    endloop
  endfacet
  facet normal 0 -1 0
    outer loop
      vertex -21.1037 0 15.946
      vertex -26.0414 0 17.7579
      vertex -26.225 0 16.285
    endloop
  endfacet
  facet normal 0 -1 0
    outer loop
      vertex -25.248 0 19.5667
      vertex -20.9736 0 16.21
      vertex -20.81 0 16.4547
    endloop
  endfacet
  facet normal 0 -1 0
    outer loop
      vertex -26.0414 0 17.7579
      vertex -21.1037 0 15.946
      vertex -20.9736 0 16.21
    endloop
  endfacet
  facet normal 0 -1 0
    outer loop
      vertex -26.225 0 16.285
      vertex -21.1983 0 15.6673
      vertex -21.1037 0 15.946
    endloop
  endfacet
  facet normal 0 -1 0
    outer loop
      vertex -26.225 0 16.285
      vertex -21.2558 0 15.3787
      vertex -21.1983 0 15.6673
    endloop
  endfacet
  facet normal 0 -1 0
    outer loop
      vertex -26.225 0 16.285
      vertex -21.275 0 15.085
      vertex -21.2558 0 15.3787
    endloop
  endfacet
  facet normal 0 -1 0
    outer loop
      vertex -26.225 0 16.285
      vertex -21.2558 0 14.7913
      vertex -21.275 0 15.085
    endloop
  endfacet
  facet normal 0 -1 0
    outer loop
      vertex -26.225 0 16.285
      vertex -21.1983 0 14.5027
      vertex -21.2558 0 14.7913
    endloop
  endfacet
  facet normal 0 -1 0
    outer loop
      vertex -26.225 0 16.285
      vertex -21.1037 0 14.224
      vertex -21.1983 0 14.5027
    endloop
  endfacet
  facet normal 0 -1 0
    outer loop
      vertex -26.225 0 16.285
      vertex -20.9736 0 13.96
      vertex -21.1037 0 14.224
    endloop
  endfacet
  facet normal 0 -1 0
    outer loop
      vertex -26.225 0 16.285
      vertex -20.81 0 13.7153
      vertex -20.9736 0 13.96
    endloop
  endfacet
  facet normal 0 -1 0
    outer loop
      vertex -26.225 0 16.285
      vertex -20.616 0 13.494
      vertex -20.81 0 13.7153
    endloop
  endfacet
  facet normal 0 -1 0
    outer loop
      vertex -26.225 0 16.285
      vertex -20.3947 0 13.3
      vertex -20.616 0 13.494
    endloop
  endfacet
  facet normal 0 -1 0
    outer loop
      vertex -20.3947 0 -13.3
      vertex -20.3947 0 13.3
      vertex -26.225 0 16.285
    endloop
  endfacet
  facet normal 0 -1 0
    outer loop
      vertex 18.4427 0 12.9117
      vertex 19.025 0 -12.835
      vertex 18.7313 0 12.8542
    endloop
  endfacet
  facet normal 0 -1 0
    outer loop
      vertex -19.3187 0 12.8542
      vertex -19.025 0 -12.835
      vertex -19.025 0 12.835
    endloop
  endfacet
  facet normal 0 -1 0
    outer loop
      vertex -19.3187 0 -12.8542
      vertex -19.3187 0 12.8542
      vertex -19.6073 0 12.9117
    endloop
  endfacet
  facet normal 0 -1 0
    outer loop
      vertex -19.6073 0 -12.9117
      vertex -19.6073 0 12.9117
      vertex -19.886 0 13.0063
    endloop
  endfacet
  facet normal 0 -1 0
    outer loop
      vertex -19.886 0 -13.0063
      vertex -19.886 0 13.0063
      vertex -20.15 0 13.1364
    endloop
  endfacet
  facet normal 0 -1 0
    outer loop
      vertex -20.3947 0 13.3
      vertex -20.3947 0 -13.3
      vertex -20.15 0 13.1364
    endloop
  endfacet
  facet normal 0 -1 0
    outer loop
      vertex -19.3187 0 12.8542
      vertex -19.3187 0 -12.8542
      vertex -19.025 0 -12.835
    endloop
  endfacet
  facet normal 0 -1 0
    outer loop
      vertex -19.6073 0 12.9117
      vertex -19.6073 0 -12.9117
      vertex -19.3187 0 -12.8542
    endloop
  endfacet
  facet normal 0 -1 0
    outer loop
      vertex -19.886 0 13.0063
      vertex -19.886 0 -13.0063
      vertex -19.6073 0 -12.9117
    endloop
  endfacet
  facet normal 0 -1 0
    outer loop
      vertex -20.15 0 13.1364
      vertex -20.15 0 -13.1364
      vertex -19.886 0 -13.0063
    endloop
  endfacet
  facet normal 0 -1 -0
    outer loop
      vertex -20.15 0 13.1364
      vertex -20.3947 0 -13.3
      vertex -20.15 0 -13.1364
    endloop
  endfacet
  facet normal 0 -1 0
    outer loop
      vertex -26.225 0 -16.285
      vertex -20.3947 0 -13.3
      vertex -26.225 0 16.285
    endloop
  endfacet
  facet normal 0 -1 0
    outer loop
      vertex -20.3947 0 -13.3
      vertex -26.225 0 -16.285
      vertex -20.616 0 -13.494
    endloop
  endfacet
  facet normal 0 -1 0
    outer loop
      vertex -20.616 0 -13.494
      vertex -26.225 0 -16.285
      vertex -20.81 0 -13.7153
    endloop
  endfacet
  facet normal 0 -1 0
    outer loop
      vertex -20.81 0 -13.7153
      vertex -26.225 0 -16.285
      vertex -20.9736 0 -13.96
    endloop
  endfacet
  facet normal 0 -1 0
    outer loop
      vertex -20.9736 0 -13.96
      vertex -26.225 0 -16.285
      vertex -21.1037 0 -14.224
    endloop
  endfacet
  facet normal 0 -1 0
    outer loop
      vertex -21.1037 0 -14.224
      vertex -26.225 0 -16.285
      vertex -21.1983 0 -14.5027
    endloop
  endfacet
  facet normal 0 -1 0
    outer loop
      vertex -21.1983 0 -14.5027
      vertex -26.225 0 -16.285
      vertex -21.2558 0 -14.7913
    endloop
  endfacet
  facet normal 0 -1 0
    outer loop
      vertex -21.2558 0 -14.7913
      vertex -26.225 0 -16.285
      vertex -21.275 0 -15.085
    endloop
  endfacet
  facet normal 0 -1 -0
    outer loop
      vertex -21.275 0 -15.085
      vertex -26.225 0 -16.285
      vertex -21.2558 0 -15.3787
    endloop
  endfacet
  facet normal 0 -1 0
    outer loop
      vertex -26.225 0 -16.285
      vertex -21.1983 0 -15.6673
      vertex -21.2558 0 -15.3787
    endloop
  endfacet
  facet normal 0 -1 0
    outer loop
      vertex -26.225 0 -16.285
      vertex -21.1037 0 -15.946
      vertex -21.1983 0 -15.6673
    endloop
  endfacet
  facet normal 0 -1 0
    outer loop
      vertex -25.8999 0 -18.2332
      vertex -21.1037 0 -15.946
      vertex -26.225 0 -16.285
    endloop
  endfacet
  facet normal 0 -1 -0
    outer loop
      vertex -21.1037 0 -15.946
      vertex -25.8999 0 -18.2332
      vertex -20.9736 0 -16.21
    endloop
  endfacet
  facet normal 0 -1 -0
    outer loop
      vertex -20.9736 0 -16.21
      vertex -25.8999 0 -18.2332
      vertex -20.81 0 -16.4547
    endloop
  endfacet
  facet normal 0 -1 0
    outer loop
      vertex -24.9598 0 -19.9703
      vertex -20.81 0 -16.4547
      vertex -25.8999 0 -18.2332
    endloop
  endfacet
  facet normal 0 -1 -0
    outer loop
      vertex -20.81 0 -16.4547
      vertex -24.9598 0 -19.9703
      vertex -20.616 0 -16.676
    endloop
  endfacet
  facet normal 0 -1 0
    outer loop
      vertex -23.5067 0 -21.308
      vertex -20.616 0 -16.676
      vertex -24.9598 0 -19.9703
    endloop
  endfacet
  facet normal 0 -1 -0
    outer loop
      vertex -20.616 0 -16.676
      vertex -23.5067 0 -21.308
      vertex -20.3947 0 -16.87
    endloop
  endfacet
  facet normal 0 -1 -0
    outer loop
      vertex -20.3947 0 -16.87
      vertex -23.5067 0 -21.308
      vertex -20.15 0 -17.0336
    endloop
  endfacet
  facet normal 0 -1 -0
    outer loop
      vertex 18.4427 0 -17.2583
      vertex 15.8482 0 -24.3999
      vertex 18.7313 0 -17.3158
    endloop
  endfacet
  facet normal 0 -1 0
    outer loop
      vertex -21.6979 0 -22.1014
      vertex -20.15 0 -17.0336
      vertex -23.5067 0 -21.308
    endloop
  endfacet
  facet normal 0 -1 -0
    outer loop
      vertex -20.15 0 -17.0336
      vertex -21.6979 0 -22.1014
      vertex -19.886 0 -17.1637
    endloop
  endfacet
  facet normal 0 -1 -0
    outer loop
      vertex -19.886 0 -17.1637
      vertex -21.6979 0 -22.1014
      vertex -19.6073 0 -17.2583
    endloop
  endfacet
  facet normal 0 -1 -0
    outer loop
      vertex 18.164 0 -17.1637
      vertex 15.8482 0 -24.3999
      vertex 18.4427 0 -17.2583
    endloop
  endfacet
  facet normal 0 -1 -0
    outer loop
      vertex -19.6073 0 -17.2583
      vertex -21.6979 0 -22.1014
      vertex -19.3187 0 -17.3158
    endloop
  endfacet
  facet normal -0 -1 0
    outer loop
      vertex 22.1732 0 -21.9599
      vertex 18.7313 0 -17.3158
      vertex 15.8482 0 -24.3999
    endloop
  endfacet
  facet normal 0 -1 -0
    outer loop
      vertex -19.3187 0 -17.3158
      vertex -21.6979 0 -22.1014
      vertex -19.025 0 -17.335
    endloop
  endfacet
  facet normal 0 -1 -0
    outer loop
      vertex -18.4427 0 -17.2583
      vertex -21.6979 0 -22.1014
      vertex -15.3729 0 -24.5414
    endloop
  endfacet
  facet normal -0 -1 0
    outer loop
      vertex 23.9103 0 -21.0198
      vertex 19.025 0 -17.335
      vertex 22.1732 0 -21.9599
    endloop
  endfacet
  facet normal 0 -1 0
    outer loop
      vertex 19.025 0 -17.335
      vertex 23.9103 0 -21.0198
      vertex 25.248 0 -19.5667
    endloop
  endfacet
  facet normal 0 -1 0
    outer loop
      vertex -17.434 0 -16.676
      vertex -15.3729 0 -24.5414
      vertex -13.9 0 -24.725
    endloop
  endfacet
  facet normal 0 -1 0
    outer loop
      vertex 18.7313 0 -17.3158
      vertex 22.1732 0 -21.9599
      vertex 19.025 0 -17.335
    endloop
  endfacet
  facet normal 0 -1 0
    outer loop
      vertex 19.025 0 -17.335
      vertex 25.248 0 -19.5667
      vertex 26.0414 0 -17.7579
    endloop
  endfacet
  facet normal 0 -1 0
    outer loop
      vertex -18.164 0 17.1637
      vertex -15.8482 0 24.3999
      vertex -18.4427 0 17.2583
    endloop
  endfacet
  facet normal 0 -1 0
    outer loop
      vertex -22.1732 0 21.9599
      vertex -18.7313 0 17.3158
      vertex -15.8482 0 24.3999
    endloop
  endfacet
  facet normal 0 -1 0
    outer loop
      vertex -18.4427 0 17.2583
      vertex -15.8482 0 24.3999
      vertex -18.7313 0 17.3158
    endloop
  endfacet
  facet normal 0 -1 0
    outer loop
      vertex -18.7313 0 17.3158
      vertex -22.1732 0 21.9599
      vertex -19.025 0 17.335
    endloop
  endfacet
  facet normal 0 -1 0
    outer loop
      vertex 13.9 0 24.725
      vertex 19.025 0 17.335
      vertex 15.3729 0 24.5414
    endloop
  endfacet
  facet normal 0 -1 0
    outer loop
      vertex -19.3187 0 17.3158
      vertex -22.1732 0 21.9599
      vertex -23.9103 0 21.0198
    endloop
  endfacet
  facet normal 0 -1 0
    outer loop
      vertex 15.3729 0 24.5414
      vertex 19.025 0 17.335
      vertex 21.6979 0 22.1014
    endloop
  endfacet
  facet normal 0 -1 0
    outer loop
      vertex -19.3187 0 17.3158
      vertex -23.9103 0 21.0198
      vertex -25.248 0 19.5667
    endloop
  endfacet
  facet normal 0 -1 0
    outer loop
      vertex 19.3187 0 17.3158
      vertex 21.6979 0 22.1014
      vertex 19.025 0 17.335
    endloop
  endfacet
  facet normal 0 -1 0
    outer loop
      vertex -20.9736 0 16.21
      vertex -25.248 0 19.5667
      vertex -26.0414 0 17.7579
    endloop
  endfacet
  facet normal 0 -1 0
    outer loop
      vertex 19.6073 0 17.2583
      vertex 21.6979 0 22.1014
      vertex 19.3187 0 17.3158
    endloop
  endfacet
  facet normal 0 -1 0
    outer loop
      vertex 19.886 0 17.1637
      vertex 21.6979 0 22.1014
      vertex 19.6073 0 17.2583
    endloop
  endfacet
  facet normal 0 -1 0
    outer loop
      vertex 20.15 0 17.0336
      vertex 21.6979 0 22.1014
      vertex 19.886 0 17.1637
    endloop
  endfacet
  facet normal 0 -1 -0
    outer loop
      vertex 21.6979 0 22.1014
      vertex 20.15 0 17.0336
      vertex 23.5067 0 21.308
    endloop
  endfacet
  facet normal 0 -1 0
    outer loop
      vertex 20.3947 0 16.87
      vertex 23.5067 0 21.308
      vertex 20.15 0 17.0336
    endloop
  endfacet
  facet normal 0 -1 0
    outer loop
      vertex 20.616 0 16.676
      vertex 23.5067 0 21.308
      vertex 20.3947 0 16.87
    endloop
  endfacet
  facet normal 0 -1 -0
    outer loop
      vertex 23.5067 0 21.308
      vertex 20.616 0 16.676
      vertex 24.9598 0 19.9703
    endloop
  endfacet
  facet normal 0 -1 0
    outer loop
      vertex 20.81 0 16.4547
      vertex 24.9598 0 19.9703
      vertex 20.616 0 16.676
    endloop
  endfacet
  facet normal 0 -1 -0
    outer loop
      vertex 24.9598 0 19.9703
      vertex 20.81 0 16.4547
      vertex 25.8999 0 18.2332
    endloop
  endfacet
  facet normal 0 -1 0
    outer loop
      vertex 20.9736 0 16.21
      vertex 25.8999 0 18.2332
      vertex 20.81 0 16.4547
    endloop
  endfacet
  facet normal 0 -1 0
    outer loop
      vertex 21.1037 0 15.946
      vertex 25.8999 0 18.2332
      vertex 20.9736 0 16.21
    endloop
  endfacet
  facet normal 0 -1 -0
    outer loop
      vertex 25.8999 0 18.2332
      vertex 21.1037 0 15.946
      vertex 26.225 0 16.285
    endloop
  endfacet
  facet normal 0 -1 0
    outer loop
      vertex 21.1983 0 15.6673
      vertex 26.225 0 16.285
      vertex 21.1037 0 15.946
    endloop
  endfacet
  facet normal 0 -1 0
    outer loop
      vertex 21.2558 0 15.3787
      vertex 26.225 0 16.285
      vertex 21.1983 0 15.6673
    endloop
  endfacet
  facet normal 0 -1 0
    outer loop
      vertex 21.275 0 15.085
      vertex 26.225 0 16.285
      vertex 21.2558 0 15.3787
    endloop
  endfacet
  facet normal 0 -1 0
    outer loop
      vertex 21.2558 0 14.7913
      vertex 26.225 0 16.285
      vertex 21.275 0 15.085
    endloop
  endfacet
  facet normal 0 -1 0
    outer loop
      vertex 21.1983 0 14.5027
      vertex 26.225 0 16.285
      vertex 21.2558 0 14.7913
    endloop
  endfacet
  facet normal 0 -1 0
    outer loop
      vertex 21.1037 0 14.224
      vertex 26.225 0 16.285
      vertex 21.1983 0 14.5027
    endloop
  endfacet
  facet normal 0 -1 0
    outer loop
      vertex 20.9736 0 13.96
      vertex 26.225 0 16.285
      vertex 21.1037 0 14.224
    endloop
  endfacet
  facet normal 0 -1 0
    outer loop
      vertex 20.81 0 13.7153
      vertex 26.225 0 16.285
      vertex 20.9736 0 13.96
    endloop
  endfacet
  facet normal 0 -1 0
    outer loop
      vertex 20.616 0 13.494
      vertex 26.225 0 16.285
      vertex 20.81 0 13.7153
    endloop
  endfacet
  facet normal 0 -1 0
    outer loop
      vertex 20.3947 0 13.3
      vertex 26.225 0 16.285
      vertex 20.616 0 13.494
    endloop
  endfacet
  facet normal 0 -1 0
    outer loop
      vertex 20.3947 0 -13.3
      vertex 20.3947 0 13.3
      vertex 20.15 0 13.1364
    endloop
  endfacet
  facet normal 0 -1 0
    outer loop
      vertex 18.7313 0 12.8542
      vertex 19.025 0 -12.835
      vertex 19.025 0 12.835
    endloop
  endfacet
  facet normal 0 -1 0
    outer loop
      vertex 19.025 0 12.835
      vertex 19.025 0 -12.835
      vertex 19.3187 0 12.8542
    endloop
  endfacet
  facet normal 0 -1 0
    outer loop
      vertex 19.3187 0 -12.8542
      vertex 19.3187 0 12.8542
      vertex 19.025 0 -12.835
    endloop
  endfacet
  facet normal 0 -1 0
    outer loop
      vertex 19.3187 0 12.8542
      vertex 19.3187 0 -12.8542
      vertex 19.6073 0 12.9117
    endloop
  endfacet
  facet normal 0 -1 0
    outer loop
      vertex 19.6073 0 -12.9117
      vertex 19.6073 0 12.9117
      vertex 19.3187 0 -12.8542
    endloop
  endfacet
  facet normal 0 -1 0
    outer loop
      vertex 19.6073 0 12.9117
      vertex 19.6073 0 -12.9117
      vertex 19.886 0 13.0063
    endloop
  endfacet
  facet normal 0 -1 0
    outer loop
      vertex 19.886 0 -13.0063
      vertex 19.886 0 13.0063
      vertex 19.6073 0 -12.9117
    endloop
  endfacet
  facet normal 0 -1 0
    outer loop
      vertex 19.886 0 13.0063
      vertex 19.886 0 -13.0063
      vertex 20.15 0 13.1364
    endloop
  endfacet
  facet normal 0 -1 0
    outer loop
      vertex 20.15 0 -13.1364
      vertex 20.15 0 13.1364
      vertex 19.886 0 -13.0063
    endloop
  endfacet
  facet normal 0 -1 0
    outer loop
      vertex 20.3947 0 -13.3
      vertex 20.15 0 13.1364
      vertex 20.15 0 -13.1364
    endloop
  endfacet
  facet normal 0 -1 0
    outer loop
      vertex 20.3947 0 13.3
      vertex 20.3947 0 -13.3
      vertex 26.225 0 16.285
    endloop
  endfacet
  facet normal 0 -1 0
    outer loop
      vertex 26.225 0 -16.285
      vertex 20.3947 0 -13.3
      vertex 20.616 0 -13.494
    endloop
  endfacet
  facet normal 0 -1 0
    outer loop
      vertex 26.225 0 -16.285
      vertex 20.616 0 -13.494
      vertex 20.81 0 -13.7153
    endloop
  endfacet
  facet normal 0 -1 0
    outer loop
      vertex 26.225 0 -16.285
      vertex 20.81 0 -13.7153
      vertex 20.9736 0 -13.96
    endloop
  endfacet
  facet normal 0 -1 0
    outer loop
      vertex 26.225 0 -16.285
      vertex 20.9736 0 -13.96
      vertex 21.1037 0 -14.224
    endloop
  endfacet
  facet normal 0 -1 0
    outer loop
      vertex 26.225 0 -16.285
      vertex 21.1037 0 -14.224
      vertex 21.1983 0 -14.5027
    endloop
  endfacet
  facet normal 0 -1 0
    outer loop
      vertex 26.225 0 -16.285
      vertex 21.1983 0 -14.5027
      vertex 21.2558 0 -14.7913
    endloop
  endfacet
  facet normal 0 -1 0
    outer loop
      vertex 26.225 0 -16.285
      vertex 21.2558 0 -14.7913
      vertex 21.275 0 -15.085
    endloop
  endfacet
  facet normal 0 -1 0
    outer loop
      vertex 26.225 0 -16.285
      vertex 21.275 0 -15.085
      vertex 21.2558 0 -15.3787
    endloop
  endfacet
  facet normal 0 -1 0
    outer loop
      vertex 20.3947 0 -13.3
      vertex 26.225 0 -16.285
      vertex 26.225 0 16.285
    endloop
  endfacet
  facet normal 0 -1 0
    outer loop
      vertex 21.1983 0 -15.6673
      vertex 26.225 0 -16.285
      vertex 21.2558 0 -15.3787
    endloop
  endfacet
  facet normal 0 -1 0
    outer loop
      vertex 21.1037 0 -15.946
      vertex 26.225 0 -16.285
      vertex 21.1983 0 -15.6673
    endloop
  endfacet
  facet normal 0 -1 0
    outer loop
      vertex 26.0414 0 -17.7579
      vertex 21.1037 0 -15.946
      vertex 20.9736 0 -16.21
    endloop
  endfacet
  facet normal 0 -1 0
    outer loop
      vertex 26.0414 0 -17.7579
      vertex 20.9736 0 -16.21
      vertex 20.81 0 -16.4547
    endloop
  endfacet
  facet normal 0 -1 0
    outer loop
      vertex 26.0414 0 -17.7579
      vertex 20.81 0 -16.4547
      vertex 20.616 0 -16.676
    endloop
  endfacet
  facet normal 0 -1 0
    outer loop
      vertex 26.0414 0 -17.7579
      vertex 20.616 0 -16.676
      vertex 20.3947 0 -16.87
    endloop
  endfacet
  facet normal 0 -1 0
    outer loop
      vertex 26.0414 0 -17.7579
      vertex 20.3947 0 -16.87
      vertex 20.15 0 -17.0336
    endloop
  endfacet
  facet normal 0 -1 0
    outer loop
      vertex 26.0414 0 -17.7579
      vertex 20.15 0 -17.0336
      vertex 19.886 0 -17.1637
    endloop
  endfacet
  facet normal 0 -1 0
    outer loop
      vertex 26.0414 0 -17.7579
      vertex 19.886 0 -17.1637
      vertex 19.6073 0 -17.2583
    endloop
  endfacet
  facet normal 0 -1 0
    outer loop
      vertex 26.0414 0 -17.7579
      vertex 19.6073 0 -17.2583
      vertex 19.3187 0 -17.3158
    endloop
  endfacet
  facet normal 0 -1 0
    outer loop
      vertex 21.1037 0 -15.946
      vertex 26.0414 0 -17.7579
      vertex 26.225 0 -16.285
    endloop
  endfacet
  facet normal 0 -1 0
    outer loop
      vertex 26.0414 0 -17.7579
      vertex 19.3187 0 -17.3158
      vertex 19.025 0 -17.335
    endloop
  endfacet
  facet normal 0 1 0
    outer loop
      vertex 13.9497 9.7 17.4517
      vertex 10.9 9.7 21.725
      vertex 12.3729 9.7 21.5414
    endloop
  endfacet
  facet normal 0 1 0
    outer loop
      vertex 10.9 9.7 21.725
      vertex 0 9.7 17.725
      vertex -10.9 9.7 21.725
    endloop
  endfacet
  facet normal 0 1 0
    outer loop
      vertex 14.4377 9.7 18.297
      vertex 12.3729 9.7 21.5414
      vertex 14.1817 9.7 20.748
    endloop
  endfacet
  facet normal 0 1 -0
    outer loop
      vertex -0.80619 9.7 17.6854
      vertex -10.9 9.7 21.725
      vertex 0 9.7 17.725
    endloop
  endfacet
  facet normal 0 1 -0
    outer loop
      vertex 15.4254 9.7 19.3748
      vertex 14.1817 9.7 20.748
      vertex 15.5606 9.7 19.4786
    endloop
  endfacet
  facet normal 0 1 -0
    outer loop
      vertex -1.60462 9.7 17.567
      vertex -10.9 9.7 21.725
      vertex -0.80619 9.7 17.6854
    endloop
  endfacet
  facet normal 0 1 -0
    outer loop
      vertex 15.0652 9.7 19.0448
      vertex 14.1817 9.7 20.748
      vertex 15.4254 9.7 19.3748
    endloop
  endfacet
  facet normal 0 1 -0
    outer loop
      vertex -2.38759 9.7 17.3708
      vertex -10.9 9.7 21.725
      vertex -1.60462 9.7 17.567
    endloop
  endfacet
  facet normal 0 1 -0
    outer loop
      vertex 14.7352 9.7 18.6846
      vertex 14.1817 9.7 20.748
      vertex 15.0652 9.7 19.0448
    endloop
  endfacet
  facet normal 0 1 -0
    outer loop
      vertex -3.14757 9.7 17.0989
      vertex -10.9 9.7 21.725
      vertex -2.38759 9.7 17.3708
    endloop
  endfacet
  facet normal 0 1 -0
    outer loop
      vertex 14.4377 9.7 18.297
      vertex 14.1817 9.7 20.748
      vertex 14.7352 9.7 18.6846
    endloop
  endfacet
  facet normal 0 1 -0
    outer loop
      vertex -3.87724 9.7 16.7538
      vertex -10.9 9.7 21.725
      vertex -3.14757 9.7 17.0989
    endloop
  endfacet
  facet normal 0 1 0
    outer loop
      vertex 12.3729 9.7 21.5414
      vertex 14.4377 9.7 18.297
      vertex 14.1753 9.7 17.885
    endloop
  endfacet
  facet normal 0 1 -0
    outer loop
      vertex -4.56956 9.7 16.3388
      vertex -10.9 9.7 21.725
      vertex -3.87724 9.7 16.7538
    endloop
  endfacet
  facet normal 0 1 0
    outer loop
      vertex 12.3729 9.7 21.5414
      vertex 14.1753 9.7 17.885
      vertex 13.9497 9.7 17.4517
    endloop
  endfacet
  facet normal 0 1 0
    outer loop
      vertex -14.5853 9.7 20.4598
      vertex -15.4254 9.7 19.3748
      vertex -15.5184 9.7 19.4462
    endloop
  endfacet
  facet normal 0 1 -0
    outer loop
      vertex -5.21788 9.7 15.858
      vertex -10.9 9.7 21.725
      vertex -4.56956 9.7 16.3388
    endloop
  endfacet
  facet normal 0 1 0
    outer loop
      vertex 10.9 9.7 21.725
      vertex 0.80619 9.7 17.6854
      vertex 0 9.7 17.725
    endloop
  endfacet
  facet normal 0 1 0
    outer loop
      vertex 10.9 9.7 21.725
      vertex 1.60462 9.7 17.567
      vertex 0.80619 9.7 17.6854
    endloop
  endfacet
  facet normal 0 1 0
    outer loop
      vertex 10.9 9.7 21.725
      vertex 13.9497 9.7 17.4517
      vertex 13.7627 9.7 17.0003
    endloop
  endfacet
  facet normal 0 1 0
    outer loop
      vertex 10.9 9.7 21.725
      vertex 2.38759 9.7 17.3708
      vertex 1.60462 9.7 17.567
    endloop
  endfacet
  facet normal 0 1 0
    outer loop
      vertex 10.9 9.7 21.725
      vertex 3.14757 9.7 17.0989
      vertex 2.38759 9.7 17.3708
    endloop
  endfacet
  facet normal 0 1 -0
    outer loop
      vertex 13.6158 9.7 16.5344
      vertex 10.9 9.7 21.725
      vertex 13.7627 9.7 17.0003
    endloop
  endfacet
  facet normal 0 1 0
    outer loop
      vertex 10.9 9.7 21.725
      vertex 3.87724 9.7 16.7538
      vertex 3.14757 9.7 17.0989
    endloop
  endfacet
  facet normal 0 1 0
    outer loop
      vertex 6.35801 9.7 14.7179
      vertex 10.9 9.7 21.725
      vertex 13.6158 9.7 16.5344
    endloop
  endfacet
  facet normal 0 1 0
    outer loop
      vertex 10.9 9.7 21.725
      vertex 4.56956 9.7 16.3388
      vertex 3.87724 9.7 16.7538
    endloop
  endfacet
  facet normal 0 1 0
    outer loop
      vertex 6.35801 9.7 14.7179
      vertex 13.6158 9.7 16.5344
      vertex 13.5101 9.7 16.0574
    endloop
  endfacet
  facet normal 0 1 0
    outer loop
      vertex 10.9 9.7 21.725
      vertex 5.21788 9.7 15.858
      vertex 4.56956 9.7 16.3388
    endloop
  endfacet
  facet normal 0 1 0
    outer loop
      vertex 6.83884 9.7 14.0696
      vertex 13.5101 9.7 16.0574
      vertex 13.4463 9.7 15.5731
    endloop
  endfacet
  facet normal 0 1 0
    outer loop
      vertex 10.9 9.7 21.725
      vertex 5.81595 9.7 15.316
      vertex 5.21788 9.7 15.858
    endloop
  endfacet
  facet normal 0 1 0
    outer loop
      vertex 6.83884 9.7 14.0696
      vertex 13.4463 9.7 15.5731
      vertex 13.425 9.7 15.085
    endloop
  endfacet
  facet normal 0 1 0
    outer loop
      vertex 10.9 9.7 21.725
      vertex 6.35801 9.7 14.7179
      vertex 5.81595 9.7 15.316
    endloop
  endfacet
  facet normal 0 1 0
    outer loop
      vertex 7.2538 9.7 13.3772
      vertex 13.425 9.7 15.085
      vertex 13.4463 9.7 14.5969
    endloop
  endfacet
  facet normal 0 1 0
    outer loop
      vertex 7.59891 9.7 12.6476
      vertex 13.4463 9.7 14.5969
      vertex 13.5101 9.7 14.1126
    endloop
  endfacet
  facet normal 0 1 0
    outer loop
      vertex 13.5101 9.7 16.0574
      vertex 6.83884 9.7 14.0696
      vertex 6.35801 9.7 14.7179
    endloop
  endfacet
  facet normal 0 1 0
    outer loop
      vertex 7.87083 9.7 11.8876
      vertex 13.5101 9.7 14.1126
      vertex 13.6158 9.7 13.6356
    endloop
  endfacet
  facet normal 0 1 0
    outer loop
      vertex 13.425 9.7 15.085
      vertex 7.2538 9.7 13.3772
      vertex 6.83884 9.7 14.0696
    endloop
  endfacet
  facet normal 0 1 0
    outer loop
      vertex 7.87083 9.7 11.8876
      vertex 13.6158 9.7 13.6356
      vertex 13.7627 9.7 13.1697
    endloop
  endfacet
  facet normal 0 1 0
    outer loop
      vertex 8.06696 9.7 11.1046
      vertex 13.7627 9.7 13.1697
      vertex 13.9497 9.7 12.7183
    endloop
  endfacet
  facet normal 0 1 0
    outer loop
      vertex 13.4463 9.7 14.5969
      vertex 7.59891 9.7 12.6476
      vertex 7.2538 9.7 13.3772
    endloop
  endfacet
  facet normal 0 1 0
    outer loop
      vertex 8.18539 9.7 10.3062
      vertex 13.9497 9.7 12.7183
      vertex 14.1753 9.7 12.285
    endloop
  endfacet
  facet normal 0 1 0
    outer loop
      vertex 13.5101 9.7 14.1126
      vertex 7.87083 9.7 11.8876
      vertex 7.59891 9.7 12.6476
    endloop
  endfacet
  facet normal 0 1 0
    outer loop
      vertex 8.18539 9.7 10.3062
      vertex 14.1753 9.7 12.285
      vertex 14.4377 9.7 11.873
    endloop
  endfacet
  facet normal 0 1 0
    outer loop
      vertex 8.225 9.7 9.5
      vertex 14.4377 9.7 11.873
      vertex 14.7352 9.7 11.4854
    endloop
  endfacet
  facet normal 0 1 0
    outer loop
      vertex 8.18539 9.7 8.69381
      vertex 14.7352 9.7 11.4854
      vertex 15.0652 9.7 11.1252
    endloop
  endfacet
  facet normal 0 1 0
    outer loop
      vertex 13.7627 9.7 13.1697
      vertex 8.06696 9.7 11.1046
      vertex 7.87083 9.7 11.8876
    endloop
  endfacet
  facet normal 0 1 0
    outer loop
      vertex 8.18539 9.7 8.69381
      vertex 15.0652 9.7 11.1252
      vertex 15.4254 9.7 10.7952
    endloop
  endfacet
  facet normal 0 1 0
    outer loop
      vertex 8.06696 9.7 7.89538
      vertex 15.4254 9.7 10.7952
      vertex 15.813 9.7 10.4977
    endloop
  endfacet
  facet normal 0 1 0
    outer loop
      vertex 13.9497 9.7 12.7183
      vertex 8.18539 9.7 10.3062
      vertex 8.06696 9.7 11.1046
    endloop
  endfacet
  facet normal 0 1 0
    outer loop
      vertex 7.87083 9.7 7.11241
      vertex 15.813 9.7 10.4977
      vertex 16.225 9.7 10.2353
    endloop
  endfacet
  facet normal 0 1 0
    outer loop
      vertex 7.87083 9.7 7.11241
      vertex 16.225 9.7 10.2353
      vertex 16.6583 9.7 10.0097
    endloop
  endfacet
  facet normal 0 1 0
    outer loop
      vertex 7.59891 9.7 6.35243
      vertex 16.6583 9.7 10.0097
      vertex 16.9 9.7 9.90958
    endloop
  endfacet
  facet normal 0 1 0
    outer loop
      vertex 14.4377 9.7 11.873
      vertex 8.225 9.7 9.5
      vertex 8.18539 9.7 10.3062
    endloop
  endfacet
  facet normal 0 1 0
    outer loop
      vertex 14.7352 9.7 11.4854
      vertex 8.18539 9.7 8.69381
      vertex 8.225 9.7 9.5
    endloop
  endfacet
  facet normal 0 1 0
    outer loop
      vertex 15.4254 9.7 10.7952
      vertex 8.06696 9.7 7.89538
      vertex 8.18539 9.7 8.69381
    endloop
  endfacet
  facet normal 0 1 0
    outer loop
      vertex 15.813 9.7 10.4977
      vertex 7.87083 9.7 7.11241
      vertex 8.06696 9.7 7.89538
    endloop
  endfacet
  facet normal 0 1 0
    outer loop
      vertex 16.6583 9.7 10.0097
      vertex 7.59891 9.7 6.35243
      vertex 7.87083 9.7 7.11241
    endloop
  endfacet
  facet normal 0 1 0
    outer loop
      vertex 16.9 9.7 9.90958
      vertex 7.2538 9.7 5.62276
      vertex 7.59891 9.7 6.35243
    endloop
  endfacet
  facet normal 0 1 0
    outer loop
      vertex 16.9 9.7 9.90958
      vertex 6.83884 9.7 4.93043
      vertex 7.2538 9.7 5.62276
    endloop
  endfacet
  facet normal 0 1 -0
    outer loop
      vertex 16.9 9.7 -9.90958
      vertex 6.83884 9.7 4.93043
      vertex 16.9 9.7 9.90958
    endloop
  endfacet
  facet normal 0 1 0
    outer loop
      vertex 6.83884 9.7 4.93043
      vertex 16.9 9.7 -9.90958
      vertex 6.35801 9.7 4.28211
    endloop
  endfacet
  facet normal 0 1 -0
    outer loop
      vertex 16.6583 9.7 -10.0097
      vertex 6.35801 9.7 4.28211
      vertex 16.9 9.7 -9.90958
    endloop
  endfacet
  facet normal 0 1 0
    outer loop
      vertex 6.35801 9.7 4.28211
      vertex 16.6583 9.7 -10.0097
      vertex 5.81595 9.7 3.68405
    endloop
  endfacet
  facet normal 0 1 -0
    outer loop
      vertex 16.225 9.7 -10.2353
      vertex 5.81595 9.7 3.68405
      vertex 16.6583 9.7 -10.0097
    endloop
  endfacet
  facet normal 0 1 0
    outer loop
      vertex 5.81595 9.7 3.68405
      vertex 16.225 9.7 -10.2353
      vertex 5.21788 9.7 3.14199
    endloop
  endfacet
  facet normal 0 1 -0
    outer loop
      vertex 15.813 9.7 -10.4977
      vertex 5.21788 9.7 3.14199
      vertex 16.225 9.7 -10.2353
    endloop
  endfacet
  facet normal -0 1 0
    outer loop
      vertex 4.47535 9.7 -9.97038
      vertex 5.21788 9.7 3.14199
      vertex 15.813 9.7 -10.4977
    endloop
  endfacet
  facet normal 0 1 0
    outer loop
      vertex 5.21788 9.7 3.14199
      vertex 4.47535 9.7 -9.97038
      vertex 4.56956 9.7 2.66116
    endloop
  endfacet
  facet normal 0 1 0
    outer loop
      vertex 4.56956 9.7 2.66116
      vertex 4.47535 9.7 -9.97038
      vertex 4.47535 9.7 2.60469
    endloop
  endfacet
  facet normal 0 1 -0
    outer loop
      vertex 15.4254 9.7 -10.7952
      vertex 4.47535 9.7 -9.97038
      vertex 15.813 9.7 -10.4977
    endloop
  endfacet
  facet normal 0 1 -0
    outer loop
      vertex 15.0652 9.7 -11.1252
      vertex 4.47535 9.7 -9.97038
      vertex 15.4254 9.7 -10.7952
    endloop
  endfacet
  facet normal 0 1 -0
    outer loop
      vertex 14.7352 9.7 -11.4854
      vertex 4.47535 9.7 -9.97038
      vertex 15.0652 9.7 -11.1252
    endloop
  endfacet
  facet normal 0 1 -0
    outer loop
      vertex 14.4377 9.7 -11.873
      vertex 4.47535 9.7 -9.97038
      vertex 14.7352 9.7 -11.4854
    endloop
  endfacet
  facet normal 0 1 -0
    outer loop
      vertex 14.1753 9.7 -12.285
      vertex 4.47535 9.7 -9.97038
      vertex 14.4377 9.7 -11.873
    endloop
  endfacet
  facet normal 0 1 -0
    outer loop
      vertex 13.9497 9.7 -12.7183
      vertex 4.47535 9.7 -9.97038
      vertex 14.1753 9.7 -12.285
    endloop
  endfacet
  facet normal 0 1 -0
    outer loop
      vertex 13.7627 9.7 -13.1697
      vertex 4.47535 9.7 -9.97038
      vertex 13.9497 9.7 -12.7183
    endloop
  endfacet
  facet normal 0 1 -0
    outer loop
      vertex 13.6158 9.7 -13.6356
      vertex 4.47535 9.7 -9.97038
      vertex 13.7627 9.7 -13.1697
    endloop
  endfacet
  facet normal 0 1 0
    outer loop
      vertex 4.47535 9.7 -9.97038
      vertex 13.6158 9.7 -13.6356
      vertex 3.89711 9.7 -11.75
    endloop
  endfacet
  facet normal 0 1 -0
    outer loop
      vertex 13.5101 9.7 -14.1126
      vertex 3.89711 9.7 -11.75
      vertex 13.6158 9.7 -13.6356
    endloop
  endfacet
  facet normal 0 1 -0
    outer loop
      vertex 13.4463 9.7 -14.5969
      vertex 3.89711 9.7 -11.75
      vertex 13.5101 9.7 -14.1126
    endloop
  endfacet
  facet normal 0 1 0
    outer loop
      vertex 13.4463 9.7 -15.5731
      vertex 3.89711 9.7 -11.75
      vertex 13.425 9.7 -15.085
    endloop
  endfacet
  facet normal 0 1 -0
    outer loop
      vertex 13.425 9.7 -15.085
      vertex 3.89711 9.7 -11.75
      vertex 13.4463 9.7 -14.5969
    endloop
  endfacet
  facet normal 0 1 0
    outer loop
      vertex -14.5853 9.7 20.4598
      vertex -15.0652 9.7 19.0448
      vertex -15.4254 9.7 19.3748
    endloop
  endfacet
  facet normal 0 1 -0
    outer loop
      vertex -5.81595 9.7 15.316
      vertex -10.9 9.7 21.725
      vertex -5.21788 9.7 15.858
    endloop
  endfacet
  facet normal 0 1 0
    outer loop
      vertex -14.5853 9.7 20.4598
      vertex -14.7352 9.7 18.6846
      vertex -15.0652 9.7 19.0448
    endloop
  endfacet
  facet normal 0 1 0
    outer loop
      vertex -14.5853 9.7 20.4598
      vertex -14.4377 9.7 18.297
      vertex -14.7352 9.7 18.6846
    endloop
  endfacet
  facet normal 0 1 -0
    outer loop
      vertex -6.35801 9.7 14.7179
      vertex -10.9 9.7 21.725
      vertex -5.81595 9.7 15.316
    endloop
  endfacet
  facet normal 0 1 0
    outer loop
      vertex -12.8482 9.7 21.3999
      vertex -14.4377 9.7 18.297
      vertex -14.5853 9.7 20.4598
    endloop
  endfacet
  facet normal -0 1 0
    outer loop
      vertex -14.1753 9.7 17.885
      vertex -12.8482 9.7 21.3999
      vertex -13.9497 9.7 17.4517
    endloop
  endfacet
  facet normal -0 1 0
    outer loop
      vertex -14.4377 9.7 18.297
      vertex -12.8482 9.7 21.3999
      vertex -14.1753 9.7 17.885
    endloop
  endfacet
  facet normal -0 1 0
    outer loop
      vertex -13.9497 9.7 17.4517
      vertex -10.9 9.7 21.725
      vertex -13.7627 9.7 17.0003
    endloop
  endfacet
  facet normal 0 1 0
    outer loop
      vertex -10.9 9.7 21.725
      vertex -13.9497 9.7 17.4517
      vertex -12.8482 9.7 21.3999
    endloop
  endfacet
  facet normal 0 1 0
    outer loop
      vertex -10.9 9.7 21.725
      vertex -13.6158 9.7 16.5344
      vertex -13.7627 9.7 17.0003
    endloop
  endfacet
  facet normal 0 1 0
    outer loop
      vertex -10.9 9.7 21.725
      vertex -6.35801 9.7 14.7179
      vertex -13.6158 9.7 16.5344
    endloop
  endfacet
  facet normal 0 1 0
    outer loop
      vertex -13.6158 9.7 16.5344
      vertex -6.35801 9.7 14.7179
      vertex -13.5101 9.7 16.0574
    endloop
  endfacet
  facet normal 0 1 -0
    outer loop
      vertex -6.83884 9.7 14.0696
      vertex -13.5101 9.7 16.0574
      vertex -6.35801 9.7 14.7179
    endloop
  endfacet
  facet normal 0 1 0
    outer loop
      vertex -13.5101 9.7 16.0574
      vertex -6.83884 9.7 14.0696
      vertex -13.4463 9.7 15.5731
    endloop
  endfacet
  facet normal 0 1 0
    outer loop
      vertex -13.4463 9.7 15.5731
      vertex -6.83884 9.7 14.0696
      vertex -13.425 9.7 15.085
    endloop
  endfacet
  facet normal 0 1 -0
    outer loop
      vertex -7.2538 9.7 13.3772
      vertex -13.425 9.7 15.085
      vertex -6.83884 9.7 14.0696
    endloop
  endfacet
  facet normal 0 1 0
    outer loop
      vertex -13.425 9.7 15.085
      vertex -7.2538 9.7 13.3772
      vertex -13.4463 9.7 14.5969
    endloop
  endfacet
  facet normal 0 1 -0
    outer loop
      vertex -7.59891 9.7 12.6476
      vertex -13.4463 9.7 14.5969
      vertex -7.2538 9.7 13.3772
    endloop
  endfacet
  facet normal 0 1 0
    outer loop
      vertex -13.4463 9.7 14.5969
      vertex -7.59891 9.7 12.6476
      vertex -13.5101 9.7 14.1126
    endloop
  endfacet
  facet normal 0 1 -0
    outer loop
      vertex -7.87083 9.7 11.8876
      vertex -13.5101 9.7 14.1126
      vertex -7.59891 9.7 12.6476
    endloop
  endfacet
  facet normal 0 1 0
    outer loop
      vertex -13.5101 9.7 14.1126
      vertex -7.87083 9.7 11.8876
      vertex -13.6158 9.7 13.6356
    endloop
  endfacet
  facet normal 0 1 0
    outer loop
      vertex -13.6158 9.7 13.6356
      vertex -7.87083 9.7 11.8876
      vertex -13.7627 9.7 13.1697
    endloop
  endfacet
  facet normal 0 1 -0
    outer loop
      vertex -8.06696 9.7 11.1046
      vertex -13.7627 9.7 13.1697
      vertex -7.87083 9.7 11.8876
    endloop
  endfacet
  facet normal 0 1 0
    outer loop
      vertex -13.7627 9.7 13.1697
      vertex -8.06696 9.7 11.1046
      vertex -13.9497 9.7 12.7183
    endloop
  endfacet
  facet normal 0 1 -0
    outer loop
      vertex -8.18539 9.7 10.3062
      vertex -13.9497 9.7 12.7183
      vertex -8.06696 9.7 11.1046
    endloop
  endfacet
  facet normal 0 1 0
    outer loop
      vertex -13.9497 9.7 12.7183
      vertex -8.18539 9.7 10.3062
      vertex -14.1753 9.7 12.285
    endloop
  endfacet
  facet normal 0 1 0
    outer loop
      vertex -14.1753 9.7 12.285
      vertex -8.18539 9.7 10.3062
      vertex -14.4377 9.7 11.873
    endloop
  endfacet
  facet normal 0 1 -0
    outer loop
      vertex -8.225 9.7 9.5
      vertex -14.4377 9.7 11.873
      vertex -8.18539 9.7 10.3062
    endloop
  endfacet
  facet normal 0 1 0
    outer loop
      vertex -14.4377 9.7 11.873
      vertex -8.225 9.7 9.5
      vertex -14.7352 9.7 11.4854
    endloop
  endfacet
  facet normal 0 1 0
    outer loop
      vertex -8.18539 9.7 8.69381
      vertex -14.7352 9.7 11.4854
      vertex -8.225 9.7 9.5
    endloop
  endfacet
  facet normal 0 1 0
    outer loop
      vertex -14.7352 9.7 11.4854
      vertex -8.18539 9.7 8.69381
      vertex -15.0652 9.7 11.1252
    endloop
  endfacet
  facet normal 0 1 0
    outer loop
      vertex -15.0652 9.7 11.1252
      vertex -8.18539 9.7 8.69381
      vertex -15.4254 9.7 10.7952
    endloop
  endfacet
  facet normal 0 1 0
    outer loop
      vertex -8.06696 9.7 7.89538
      vertex -15.4254 9.7 10.7952
      vertex -8.18539 9.7 8.69381
    endloop
  endfacet
  facet normal 0 1 0
    outer loop
      vertex -15.4254 9.7 10.7952
      vertex -8.06696 9.7 7.89538
      vertex -15.813 9.7 10.4977
    endloop
  endfacet
  facet normal 0 1 0
    outer loop
      vertex -7.87083 9.7 7.11241
      vertex -15.813 9.7 10.4977
      vertex -8.06696 9.7 7.89538
    endloop
  endfacet
  facet normal 0 1 0
    outer loop
      vertex -15.813 9.7 10.4977
      vertex -7.87083 9.7 7.11241
      vertex -16.225 9.7 10.2353
    endloop
  endfacet
  facet normal 0 1 0
    outer loop
      vertex -16.225 9.7 10.2353
      vertex -7.87083 9.7 7.11241
      vertex -16.6583 9.7 10.0097
    endloop
  endfacet
  facet normal 0 1 0
    outer loop
      vertex -7.59891 9.7 6.35243
      vertex -16.6583 9.7 10.0097
      vertex -7.87083 9.7 7.11241
    endloop
  endfacet
  facet normal 0 1 0
    outer loop
      vertex -16.6583 9.7 10.0097
      vertex -7.59891 9.7 6.35243
      vertex -16.9 9.7 9.90958
    endloop
  endfacet
  facet normal 0 1 0
    outer loop
      vertex -7.2538 9.7 5.62276
      vertex -16.9 9.7 9.90958
      vertex -7.59891 9.7 6.35243
    endloop
  endfacet
  facet normal 0 1 0
    outer loop
      vertex -6.83884 9.7 4.93043
      vertex -16.9 9.7 9.90958
      vertex -7.2538 9.7 5.62276
    endloop
  endfacet
  facet normal 0 1 0
    outer loop
      vertex -16.9 9.7 -9.90958
      vertex -6.83884 9.7 4.93043
      vertex -6.35801 9.7 4.28211
    endloop
  endfacet
  facet normal 0 1 0
    outer loop
      vertex -16.6583 9.7 -10.0097
      vertex -6.35801 9.7 4.28211
      vertex -5.81595 9.7 3.68405
    endloop
  endfacet
  facet normal 0 1 0
    outer loop
      vertex -16.225 9.7 -10.2353
      vertex -5.81595 9.7 3.68405
      vertex -5.21788 9.7 3.14199
    endloop
  endfacet
  facet normal 0 1 0
    outer loop
      vertex -4.47535 9.7 -9.97038
      vertex -5.21788 9.7 3.14199
      vertex -4.56956 9.7 2.66116
    endloop
  endfacet
  facet normal 0 1 -0
    outer loop
      vertex -4.47535 9.7 -9.97038
      vertex -4.56956 9.7 2.66116
      vertex -4.47535 9.7 2.60469
    endloop
  endfacet
  facet normal 0 1 0
    outer loop
      vertex -6.83884 9.7 4.93043
      vertex -16.9 9.7 -9.90958
      vertex -16.9 9.7 9.90958
    endloop
  endfacet
  facet normal 0 1 0
    outer loop
      vertex -5.21788 9.7 3.14199
      vertex -4.47535 9.7 -9.97038
      vertex -15.813 9.7 -10.4977
    endloop
  endfacet
  facet normal 0 1 0
    outer loop
      vertex -6.35801 9.7 4.28211
      vertex -16.6583 9.7 -10.0097
      vertex -16.9 9.7 -9.90958
    endloop
  endfacet
  facet normal 0 1 0
    outer loop
      vertex -5.81595 9.7 3.68405
      vertex -16.225 9.7 -10.2353
      vertex -16.6583 9.7 -10.0097
    endloop
  endfacet
  facet normal 0 1 0
    outer loop
      vertex -5.21788 9.7 3.14199
      vertex -15.813 9.7 -10.4977
      vertex -16.225 9.7 -10.2353
    endloop
  endfacet
  facet normal 0 1 0
    outer loop
      vertex -4.47535 9.7 -9.97038
      vertex -15.4254 9.7 -10.7952
      vertex -15.813 9.7 -10.4977
    endloop
  endfacet
  facet normal 0 1 0
    outer loop
      vertex -4.47535 9.7 -9.97038
      vertex -15.0652 9.7 -11.1252
      vertex -15.4254 9.7 -10.7952
    endloop
  endfacet
  facet normal 0 1 0
    outer loop
      vertex -4.47535 9.7 -9.97038
      vertex -14.7352 9.7 -11.4854
      vertex -15.0652 9.7 -11.1252
    endloop
  endfacet
  facet normal 0 1 0
    outer loop
      vertex -13.6158 9.7 -13.6356
      vertex -4.47535 9.7 -9.97038
      vertex -3.89711 9.7 -11.75
    endloop
  endfacet
  facet normal 0 1 0
    outer loop
      vertex -4.47535 9.7 -9.97038
      vertex -14.4377 9.7 -11.873
      vertex -14.7352 9.7 -11.4854
    endloop
  endfacet
  facet normal 0 1 0
    outer loop
      vertex -4.47535 9.7 -9.97038
      vertex -14.1753 9.7 -12.285
      vertex -14.4377 9.7 -11.873
    endloop
  endfacet
  facet normal 0 1 0
    outer loop
      vertex -4.47535 9.7 -9.97038
      vertex -13.9497 9.7 -12.7183
      vertex -14.1753 9.7 -12.285
    endloop
  endfacet
  facet normal 0 1 0
    outer loop
      vertex -13.4463 9.7 -15.5731
      vertex -3.89711 9.7 -11.75
      vertex -2.64503 9.7 -13.1406
    endloop
  endfacet
  facet normal 0 1 0
    outer loop
      vertex -4.47535 9.7 -9.97038
      vertex -13.7627 9.7 -13.1697
      vertex -13.9497 9.7 -12.7183
    endloop
  endfacet
  facet normal 0 1 0
    outer loop
      vertex -4.47535 9.7 -9.97038
      vertex -13.6158 9.7 -13.6356
      vertex -13.7627 9.7 -13.1697
    endloop
  endfacet
  facet normal 0 1 0
    outer loop
      vertex -10.9 9.7 -21.725
      vertex -2.64503 9.7 -13.1406
      vertex -0.935602 9.7 -13.9017
    endloop
  endfacet
  facet normal 0 1 0
    outer loop
      vertex -3.89711 9.7 -11.75
      vertex -13.5101 9.7 -14.1126
      vertex -13.6158 9.7 -13.6356
    endloop
  endfacet
  facet normal 0 1 0
    outer loop
      vertex 3.89711 9.7 -11.75
      vertex 13.4463 9.7 -15.5731
      vertex 2.64503 9.7 -13.1406
    endloop
  endfacet
  facet normal 0 1 0
    outer loop
      vertex 13.5101 9.7 -16.0574
      vertex 2.64503 9.7 -13.1406
      vertex 13.4463 9.7 -15.5731
    endloop
  endfacet
  facet normal 0 1 0
    outer loop
      vertex -3.89711 9.7 -11.75
      vertex -13.4463 9.7 -14.5969
      vertex -13.5101 9.7 -14.1126
    endloop
  endfacet
  facet normal 0 1 0
    outer loop
      vertex 2.64503 9.7 -13.1406
      vertex 10.9 9.7 -21.725
      vertex 0.935602 9.7 -13.9017
    endloop
  endfacet
  facet normal 0 1 0
    outer loop
      vertex -10.9 9.7 -21.725
      vertex -0.935602 9.7 -13.9017
      vertex 10.9 9.7 -21.725
    endloop
  endfacet
  facet normal 0 1 0
    outer loop
      vertex 0.935602 9.7 -13.9017
      vertex 10.9 9.7 -21.725
      vertex -0.935602 9.7 -13.9017
    endloop
  endfacet
  facet normal -0 1 0
    outer loop
      vertex -13.5101 9.7 -16.0574
      vertex -2.64503 9.7 -13.1406
      vertex -10.9 9.7 -21.725
    endloop
  endfacet
  facet normal 0 1 0
    outer loop
      vertex 2.64503 9.7 -13.1406
      vertex 13.5101 9.7 -16.0574
      vertex 10.9 9.7 -21.725
    endloop
  endfacet
  facet normal 0 1 0
    outer loop
      vertex -3.89711 9.7 -11.75
      vertex -13.425 9.7 -15.085
      vertex -13.4463 9.7 -14.5969
    endloop
  endfacet
  facet normal 0 1 0
    outer loop
      vertex 10.9 9.7 -21.725
      vertex 13.5101 9.7 -16.0574
      vertex 13.6158 9.7 -16.5344
    endloop
  endfacet
  facet normal 0 1 0
    outer loop
      vertex -3.89711 9.7 -11.75
      vertex -13.4463 9.7 -15.5731
      vertex -13.425 9.7 -15.085
    endloop
  endfacet
  facet normal 0 1 0
    outer loop
      vertex 10.9 9.7 -21.725
      vertex 13.6158 9.7 -16.5344
      vertex 13.7627 9.7 -17.0003
    endloop
  endfacet
  facet normal 0 1 0
    outer loop
      vertex -2.64503 9.7 -13.1406
      vertex -13.5101 9.7 -16.0574
      vertex -13.4463 9.7 -15.5731
    endloop
  endfacet
  facet normal 0 1 0
    outer loop
      vertex 10.9 9.7 -21.725
      vertex 13.7627 9.7 -17.0003
      vertex 13.9497 9.7 -17.4517
    endloop
  endfacet
  facet normal 0 1 0
    outer loop
      vertex -13.5101 9.7 -16.0574
      vertex -10.9 9.7 -21.725
      vertex -13.6158 9.7 -16.5344
    endloop
  endfacet
  facet normal 0 1 0
    outer loop
      vertex 12.8482 9.7 -21.3999
      vertex 13.9497 9.7 -17.4517
      vertex 14.1753 9.7 -17.885
    endloop
  endfacet
  facet normal 0 1 0
    outer loop
      vertex -13.6158 9.7 -16.5344
      vertex -10.9 9.7 -21.725
      vertex -13.7627 9.7 -17.0003
    endloop
  endfacet
  facet normal 0 1 0
    outer loop
      vertex 12.8482 9.7 -21.3999
      vertex 14.1753 9.7 -17.885
      vertex 14.4377 9.7 -18.297
    endloop
  endfacet
  facet normal 0 1 0
    outer loop
      vertex -13.7627 9.7 -17.0003
      vertex -10.9 9.7 -21.725
      vertex -13.9497 9.7 -17.4517
    endloop
  endfacet
  facet normal 0 1 -0
    outer loop
      vertex 14.5853 9.7 -20.4598
      vertex 14.4377 9.7 -18.297
      vertex 14.7352 9.7 -18.6846
    endloop
  endfacet
  facet normal -0 1 -0
    outer loop
      vertex -12.3729 9.7 -21.5414
      vertex -13.9497 9.7 -17.4517
      vertex -10.9 9.7 -21.725
    endloop
  endfacet
  facet normal 0 1 0
    outer loop
      vertex 14.5853 9.7 -20.4598
      vertex 14.7352 9.7 -18.6846
      vertex 15.0652 9.7 -19.0448
    endloop
  endfacet
  facet normal 0 1 0
    outer loop
      vertex -13.9497 9.7 -17.4517
      vertex -12.3729 9.7 -21.5414
      vertex -14.1753 9.7 -17.885
    endloop
  endfacet
  facet normal 0 1 0
    outer loop
      vertex 14.5853 9.7 -20.4598
      vertex 15.0652 9.7 -19.0448
      vertex 15.4254 9.7 -19.3748
    endloop
  endfacet
  facet normal 0 1 0
    outer loop
      vertex -14.1753 9.7 -17.885
      vertex -12.3729 9.7 -21.5414
      vertex -14.4377 9.7 -18.297
    endloop
  endfacet
  facet normal 0 1 0
    outer loop
      vertex 14.5853 9.7 -20.4598
      vertex 15.4254 9.7 -19.3748
      vertex 15.5184 9.7 -19.4462
    endloop
  endfacet
  facet normal -0 1 -0
    outer loop
      vertex -14.1817 9.7 -20.748
      vertex -14.4377 9.7 -18.297
      vertex -12.3729 9.7 -21.5414
    endloop
  endfacet
  facet normal 0 1 0
    outer loop
      vertex 14.4377 9.7 -18.297
      vertex 14.5853 9.7 -20.4598
      vertex 12.8482 9.7 -21.3999
    endloop
  endfacet
  facet normal 0 1 0
    outer loop
      vertex -14.4377 9.7 -18.297
      vertex -14.1817 9.7 -20.748
      vertex -14.7352 9.7 -18.6846
    endloop
  endfacet
  facet normal 0 1 0
    outer loop
      vertex 13.9497 9.7 -17.4517
      vertex 12.8482 9.7 -21.3999
      vertex 10.9 9.7 -21.725
    endloop
  endfacet
  facet normal 0 1 0
    outer loop
      vertex -14.7352 9.7 -18.6846
      vertex -14.1817 9.7 -20.748
      vertex -15.0652 9.7 -19.0448
    endloop
  endfacet
  facet normal 0 1 0
    outer loop
      vertex -15.4254 9.7 -19.3748
      vertex -14.1817 9.7 -20.748
      vertex -15.5606 9.7 -19.4786
    endloop
  endfacet
  facet normal 0 1 0
    outer loop
      vertex -15.0652 9.7 -19.0448
      vertex -14.1817 9.7 -20.748
      vertex -15.4254 9.7 -19.3748
    endloop
  endfacet
  facet normal -0.677291 0 -0.735715
    outer loop
      vertex -15.5606 5 -19.4786
      vertex -14.1817 9.7 -20.748
      vertex -14.1817 5 -20.748
    endloop
  endfacet
  facet normal -0.677291 0 -0.735715
    outer loop
      vertex -14.1817 9.7 -20.748
      vertex -15.5606 5 -19.4786
      vertex -15.5606 9.7 -19.4786
    endloop
  endfacet
  facet normal 0.123695 0 0.99232
    outer loop
      vertex 10.9 9.7 21.725
      vertex 12.3729 5 21.5414
      vertex 12.3729 9.7 21.5414
    endloop
  endfacet
  facet normal 0.123695 0 0.99232
    outer loop
      vertex 12.3729 5 21.5414
      vertex 10.9 9.7 21.725
      vertex 10.9 5 21.725
    endloop
  endfacet
  facet normal 0.677291 0 0.735715
    outer loop
      vertex 14.1817 9.7 20.748
      vertex 15.5606 5 19.4786
      vertex 15.5606 9.7 19.4786
    endloop
  endfacet
  facet normal 0.677291 0 0.735715
    outer loop
      vertex 15.5606 5 19.4786
      vertex 14.1817 9.7 20.748
      vertex 14.1817 5 20.748
    endloop
  endfacet
  facet normal -1 0 0
    outer loop
      vertex -16.9 5 -9.90958
      vertex -16.9 9.7 9.90958
      vertex -16.9 9.7 -9.90958
    endloop
  endfacet
  facet normal -1 -0 0
    outer loop
      vertex -16.9 9.7 9.90958
      vertex -16.9 5 -9.90958
      vertex -16.9 5 9.90958
    endloop
  endfacet
  facet normal 0 0 -1
    outer loop
      vertex -10.9 5 -21.725
      vertex 10.9 9.7 -21.725
      vertex 10.9 5 -21.725
    endloop
  endfacet
  facet normal -0 0 -1
    outer loop
      vertex 10.9 9.7 -21.725
      vertex -10.9 5 -21.725
      vertex -10.9 9.7 -21.725
    endloop
  endfacet
  facet normal 0.164596 0 -0.986361
    outer loop
      vertex 10.9 5 -21.725
      vertex 12.8482 9.7 -21.3999
      vertex 12.8482 5 -21.3999
    endloop
  endfacet
  facet normal 0.164596 0 -0.986361
    outer loop
      vertex 12.8482 9.7 -21.3999
      vertex 10.9 5 -21.725
      vertex 10.9 9.7 -21.725
    endloop
  endfacet
  facet normal -0 0 1
    outer loop
      vertex -10.9 9.7 21.725
      vertex 10.9 5 21.725
      vertex 10.9 9.7 21.725
    endloop
  endfacet
  facet normal 0 0 1
    outer loop
      vertex 10.9 5 21.725
      vertex -10.9 9.7 21.725
      vertex -10.9 5 21.725
    endloop
  endfacet
  facet normal 1 -0 0
    outer loop
      vertex 16.9 5 9.90958
      vertex 16.9 9.7 -9.90958
      vertex 16.9 9.7 9.90958
    endloop
  endfacet
  facet normal 1 0 0
    outer loop
      vertex 16.9 9.7 -9.90958
      vertex 16.9 5 9.90958
      vertex 16.9 5 -9.90958
    endloop
  endfacet
  facet normal -0.40169 0 -0.915776
    outer loop
      vertex -14.1817 5 -20.748
      vertex -12.3729 9.7 -21.5414
      vertex -12.3729 5 -21.5414
    endloop
  endfacet
  facet normal -0.40169 0 -0.915776
    outer loop
      vertex -12.3729 9.7 -21.5414
      vertex -14.1817 5 -20.748
      vertex -14.1817 9.7 -20.748
    endloop
  endfacet
  facet normal -0.123695 0 -0.99232
    outer loop
      vertex -12.3729 5 -21.5414
      vertex -10.9 9.7 -21.725
      vertex -10.9 5 -21.725
    endloop
  endfacet
  facet normal -0.123695 0 -0.99232
    outer loop
      vertex -10.9 9.7 -21.725
      vertex -12.3729 5 -21.5414
      vertex -12.3729 9.7 -21.5414
    endloop
  endfacet
  facet normal 0.40169 0 0.915776
    outer loop
      vertex 12.3729 9.7 21.5414
      vertex 14.1817 5 20.748
      vertex 14.1817 9.7 20.748
    endloop
  endfacet
  facet normal 0.40169 0 0.915776
    outer loop
      vertex 14.1817 5 20.748
      vertex 12.3729 9.7 21.5414
      vertex 12.3729 5 21.5414
    endloop
  endfacet
  facet normal -0.164596 0 0.986361
    outer loop
      vertex -12.8482 9.7 21.3999
      vertex -10.9 5 21.725
      vertex -10.9 9.7 21.725
    endloop
  endfacet
  facet normal -0.164596 0 0.986361
    outer loop
      vertex -10.9 5 21.725
      vertex -12.8482 9.7 21.3999
      vertex -12.8482 5 21.3999
    endloop
  endfacet
  facet normal -0.879468 0 -0.475959
    outer loop
      vertex -24.9598 0 -19.9703
      vertex -25.8999 4.2 -18.2332
      vertex -24.9598 4.2 -19.9703
    endloop
  endfacet
  facet normal -0.879468 -0 -0.475959
    outer loop
      vertex -25.8999 4.2 -18.2332
      vertex -24.9598 0 -19.9703
      vertex -25.8999 0 -18.2332
    endloop
  endfacet
  facet normal -0.677289 0 -0.735717
    outer loop
      vertex -24.9598 0 -19.9703
      vertex -23.5067 4.2 -21.308
      vertex -23.5067 0 -21.308
    endloop
  endfacet
  facet normal -0.677289 0 -0.735717
    outer loop
      vertex -23.5067 4.2 -21.308
      vertex -24.9598 0 -19.9703
      vertex -24.9598 4.2 -19.9703
    endloop
  endfacet
  facet normal 0.254489 0.707139 -0.659689
    outer loop
      vertex 22.1732 4.2 -21.9599
      vertex 15.8482 4.2 -24.3999
      vertex 21.8374 5 -21.2319
    endloop
  endfacet
  facet normal 0.0874588 0.707103 0.701681
    outer loop
      vertex 15.1766 5 23.7597
      vertex 13.8504 5 23.925
      vertex 13.9 4.2 24.725
    endloop
  endfacet
  facet normal -0.986361 0 -0.164596
    outer loop
      vertex -25.8999 0 -18.2332
      vertex -26.225 4.2 -16.285
      vertex -25.8999 4.2 -18.2332
    endloop
  endfacet
  facet normal -0.986361 -0 -0.164596
    outer loop
      vertex -26.225 4.2 -16.285
      vertex -25.8999 0 -18.2332
      vertex -26.225 0 -16.285
    endloop
  endfacet
  facet normal -0.123695 0 -0.99232
    outer loop
      vertex -15.3729 0 -24.5414
      vertex -13.9 4.2 -24.725
      vertex -13.9 0 -24.725
    endloop
  endfacet
  facet normal -0.123695 0 -0.99232
    outer loop
      vertex -13.9 4.2 -24.725
      vertex -15.3729 0 -24.5414
      vertex -15.3729 4.2 -24.5414
    endloop
  endfacet
  facet normal -0.0874588 0.707103 -0.701681
    outer loop
      vertex -13.9 4.2 -24.725
      vertex -15.1766 5 -23.7597
      vertex -13.8504 5 -23.925
    endloop
  endfacet
  facet normal -1 0 0
    outer loop
      vertex -26.225 0 -16.285
      vertex -26.225 4.2 16.285
      vertex -26.225 4.2 -16.285
    endloop
  endfacet
  facet normal -1 -0 0
    outer loop
      vertex -26.225 4.2 16.285
      vertex -26.225 0 -16.285
      vertex -26.225 0 16.285
    endloop
  endfacet
  facet normal 0.254506 0.707092 0.659734
    outer loop
      vertex 21.6979 4.2 22.1014
      vertex 15.1766 5 23.7597
      vertex 15.3729 4.2 24.5414
    endloop
  endfacet
  facet normal 0.986361 -0 0.164596
    outer loop
      vertex 25.8999 0 18.2332
      vertex 26.225 4.2 16.285
      vertex 25.8999 4.2 18.2332
    endloop
  endfacet
  facet normal 0.986361 0 0.164596
    outer loop
      vertex 26.225 4.2 16.285
      vertex 25.8999 0 18.2332
      vertex 26.225 0 16.285
    endloop
  endfacet
  facet normal -0.697466 0.707103 -0.116388
    outer loop
      vertex -25.8999 4.2 -18.2332
      vertex -26.225 4.2 -16.285
      vertex -25.1328 5 -17.9698
    endloop
  endfacet
  facet normal -0.647551 0.707107 0.284037
    outer loop
      vertex -24.569 5 19.1231
      vertex -26.0414 4.2 17.7579
      vertex -25.248 4.2 19.5667
    endloop
  endfacet
  facet normal -0.735717 0 0.677289
    outer loop
      vertex -25.248 0 19.5667
      vertex -23.9103 4.2 21.0198
      vertex -25.248 4.2 19.5667
    endloop
  endfacet
  facet normal -0.735717 0 0.677289
    outer loop
      vertex -23.9103 4.2 21.0198
      vertex -25.248 0 19.5667
      vertex -23.9103 0 21.0198
    endloop
  endfacet
  facet normal -0 0 1
    outer loop
      vertex -13.9 4.2 24.725
      vertex 13.9 0 24.725
      vertex 13.9 4.2 24.725
    endloop
  endfacet
  facet normal 0 0 1
    outer loop
      vertex 13.9 0 24.725
      vertex -13.9 4.2 24.725
      vertex -13.9 0 24.725
    endloop
  endfacet
  facet normal -0.116386 0.707113 0.697456
    outer loop
      vertex -15.6362 5 23.6242
      vertex -15.8482 4.2 24.3999
      vertex -13.9 4.2 24.725
    endloop
  endfacet
  facet normal -0 0.707107 0.707107
    outer loop
      vertex -13.8337 5 23.925
      vertex 13.9 4.2 24.725
      vertex 13.8504 5 23.925
    endloop
  endfacet
  facet normal 0 0.707107 0.707107
    outer loop
      vertex 13.9 4.2 24.725
      vertex -13.8337 5 23.925
      vertex -13.9 4.2 24.725
    endloop
  endfacet
  facet normal 0.677289 0 0.735717
    outer loop
      vertex 23.5067 4.2 21.308
      vertex 24.9598 0 19.9703
      vertex 24.9598 4.2 19.9703
    endloop
  endfacet
  facet normal 0.677289 0 0.735717
    outer loop
      vertex 24.9598 0 19.9703
      vertex 23.5067 4.2 21.308
      vertex 23.5067 0 21.308
    endloop
  endfacet
  facet normal 0.40169 0 0.915776
    outer loop
      vertex 21.6979 4.2 22.1014
      vertex 23.5067 0 21.308
      vertex 23.5067 4.2 21.308
    endloop
  endfacet
  facet normal 0.40169 0 0.915776
    outer loop
      vertex 23.5067 0 21.308
      vertex 21.6979 4.2 22.1014
      vertex 21.6979 0 22.1014
    endloop
  endfacet
  facet normal 0.123695 0 0.99232
    outer loop
      vertex 13.9 4.2 24.725
      vertex 15.3729 0 24.5414
      vertex 15.3729 4.2 24.5414
    endloop
  endfacet
  facet normal 0.123695 0 0.99232
    outer loop
      vertex 15.3729 0 24.5414
      vertex 13.9 4.2 24.725
      vertex 13.9 0 24.725
    endloop
  endfacet
  facet normal 0.0874666 0.707097 0.701686
    outer loop
      vertex 15.1766 5 23.7597
      vertex 13.9 4.2 24.725
      vertex 15.3729 4.2 24.5414
    endloop
  endfacet
  facet normal 0.735717 0 -0.677289
    outer loop
      vertex 25.248 0 -19.5667
      vertex 23.9103 4.2 -21.0198
      vertex 25.248 4.2 -19.5667
    endloop
  endfacet
  facet normal 0.735717 0 -0.677289
    outer loop
      vertex 23.9103 4.2 -21.0198
      vertex 25.248 0 -19.5667
      vertex 23.9103 0 -21.0198
    endloop
  endfacet
  facet normal 1 -0 0
    outer loop
      vertex 26.225 0 16.285
      vertex 26.225 4.2 -16.285
      vertex 26.225 4.2 16.285
    endloop
  endfacet
  facet normal 1 0 0
    outer loop
      vertex 26.225 4.2 -16.285
      vertex 26.225 0 16.285
      vertex 26.225 0 -16.285
    endloop
  endfacet
  facet normal 0.647551 0.707107 -0.284037
    outer loop
      vertex 25.248 4.2 -19.5667
      vertex 24.569 5 -19.1231
      vertex 26.0414 4.2 -17.7579
    endloop
  endfacet
  facet normal 0 0.707107 -0.707107
    outer loop
      vertex -13.9 4.2 -24.725
      vertex 13.8337 5 -23.925
      vertex 13.9 4.2 -24.725
    endloop
  endfacet
  facet normal 0 0.707107 -0.707107
    outer loop
      vertex 13.8337 5 -23.925
      vertex -13.9 4.2 -24.725
      vertex -13.8504 5 -23.925
    endloop
  endfacet
  facet normal 0.475959 0 -0.879468
    outer loop
      vertex 22.1732 0 -21.9599
      vertex 23.9103 4.2 -21.0198
      vertex 23.9103 0 -21.0198
    endloop
  endfacet
  facet normal 0.475959 0 -0.879468
    outer loop
      vertex 23.9103 4.2 -21.0198
      vertex 22.1732 0 -21.9599
      vertex 22.1732 4.2 -21.9599
    endloop
  endfacet
  facet normal -0.40169 0 -0.915776
    outer loop
      vertex -23.5067 0 -21.308
      vertex -21.6979 4.2 -22.1014
      vertex -21.6979 0 -22.1014
    endloop
  endfacet
  facet normal -0.40169 0 -0.915776
    outer loop
      vertex -21.6979 4.2 -22.1014
      vertex -23.5067 0 -21.308
      vertex -23.5067 4.2 -21.308
    endloop
  endfacet
  facet normal -0.359918 0 -0.932984
    outer loop
      vertex -21.6979 0 -22.1014
      vertex -15.3729 4.2 -24.5414
      vertex -15.3729 0 -24.5414
    endloop
  endfacet
  facet normal -0.359918 0 -0.932984
    outer loop
      vertex -15.3729 4.2 -24.5414
      vertex -21.6979 0 -22.1014
      vertex -21.6979 4.2 -22.1014
    endloop
  endfacet
  facet normal -0.697462 0.707108 -0.116383
    outer loop
      vertex -25.1328 5 -17.9698
      vertex -26.225 4.2 -16.285
      vertex -25.425 5 -16.2187
    endloop
  endfacet
  facet normal -0.475959 0 0.879468
    outer loop
      vertex -23.9103 4.2 21.0198
      vertex -22.1732 0 21.9599
      vertex -22.1732 4.2 21.9599
    endloop
  endfacet
  facet normal -0.475959 0 0.879468
    outer loop
      vertex -22.1732 0 21.9599
      vertex -23.9103 4.2 21.0198
      vertex -23.9103 0 21.0198
    endloop
  endfacet
  facet normal -0.336537 0.707142 0.621847
    outer loop
      vertex -21.8374 5 21.2319
      vertex -23.9103 4.2 21.0198
      vertex -22.1732 4.2 21.9599
    endloop
  endfacet
  facet normal -0.70168 0.707103 0.0874659
    outer loop
      vertex -25.425 5 16.2354
      vertex -26.225 4.2 16.285
      vertex -26.0414 4.2 17.7579
    endloop
  endfacet
  facet normal -0.99232 0 0.123695
    outer loop
      vertex -26.225 0 16.285
      vertex -26.0414 4.2 17.7579
      vertex -26.225 4.2 16.285
    endloop
  endfacet
  facet normal -0.99232 0 0.123695
    outer loop
      vertex -26.0414 4.2 17.7579
      vertex -26.225 0 16.285
      vertex -26.0414 0 17.7579
    endloop
  endfacet
  facet normal 0.478916 0.707106 0.520231
    outer loop
      vertex 24.9598 4.2 19.9703
      vertex 23.0631 5 20.629
      vertex 23.5067 4.2 21.308
    endloop
  endfacet
  facet normal 0.520231 0.707106 -0.478916
    outer loop
      vertex 25.248 4.2 -19.5667
      vertex 23.9103 4.2 -21.0198
      vertex 24.569 5 -19.1231
    endloop
  endfacet
  facet normal 0.915776 0 -0.40169
    outer loop
      vertex 26.0414 0 -17.7579
      vertex 25.248 4.2 -19.5667
      vertex 26.0414 4.2 -17.7579
    endloop
  endfacet
  facet normal 0.915776 0 -0.40169
    outer loop
      vertex 25.248 4.2 -19.5667
      vertex 26.0414 0 -17.7579
      vertex 25.248 0 -19.5667
    endloop
  endfacet
  facet normal 0.254503 0.707115 -0.65971
    outer loop
      vertex 15.8482 4.2 -24.3999
      vertex 15.6362 5 -23.6242
      vertex 21.8374 5 -21.2319
    endloop
  endfacet
  facet normal 0 0 -1
    outer loop
      vertex -13.9 0 -24.725
      vertex 13.9 4.2 -24.725
      vertex 13.9 0 -24.725
    endloop
  endfacet
  facet normal -0 0 -1
    outer loop
      vertex 13.9 4.2 -24.725
      vertex -13.9 0 -24.725
      vertex -13.9 4.2 -24.725
    endloop
  endfacet
  facet normal -0.0874666 0.707097 -0.701686
    outer loop
      vertex -13.9 4.2 -24.725
      vertex -15.3729 4.2 -24.5414
      vertex -15.1766 5 -23.7597
    endloop
  endfacet
  facet normal -0.284035 0.70711 -0.647549
    outer loop
      vertex -21.6979 4.2 -22.1014
      vertex -23.0631 5 -20.629
      vertex -21.3929 5 -21.3616
    endloop
  endfacet
  facet normal -0.621875 0.70711 -0.336552
    outer loop
      vertex -24.9598 4.2 -19.9703
      vertex -25.8999 4.2 -18.2332
      vertex -25.1328 5 -17.9698
    endloop
  endfacet
  facet normal -0.164596 0 0.986361
    outer loop
      vertex -15.8482 4.2 24.3999
      vertex -13.9 0 24.725
      vertex -13.9 4.2 24.725
    endloop
  endfacet
  facet normal -0.164596 0 0.986361
    outer loop
      vertex -13.9 0 24.725
      vertex -15.8482 4.2 24.3999
      vertex -15.8482 0 24.3999
    endloop
  endfacet
  facet normal -0.359918 0 0.932984
    outer loop
      vertex -22.1732 4.2 21.9599
      vertex -15.8482 0 24.3999
      vertex -15.8482 4.2 24.3999
    endloop
  endfacet
  facet normal -0.359918 0 0.932984
    outer loop
      vertex -15.8482 0 24.3999
      vertex -22.1732 4.2 21.9599
      vertex -22.1732 0 21.9599
    endloop
  endfacet
  facet normal -0.116392 0.707107 0.697461
    outer loop
      vertex -13.8337 5 23.925
      vertex -15.6362 5 23.6242
      vertex -13.9 4.2 24.725
    endloop
  endfacet
  facet normal -0.520231 0.707106 0.478916
    outer loop
      vertex -24.569 5 19.1231
      vertex -25.248 4.2 19.5667
      vertex -23.9103 4.2 21.0198
    endloop
  endfacet
  facet normal -0.701698 0.707088 0.0874507
    outer loop
      vertex -25.425 5 16.2354
      vertex -26.0414 4.2 17.7579
      vertex -25.262 5 17.5433
    endloop
  endfacet
  facet normal -0.647562 0.707087 0.284062
    outer loop
      vertex -25.262 5 17.5433
      vertex -26.0414 4.2 17.7579
      vertex -24.569 5 19.1231
    endloop
  endfacet
  facet normal -0.915776 0 0.40169
    outer loop
      vertex -26.0414 0 17.7579
      vertex -25.248 4.2 19.5667
      vertex -26.0414 4.2 17.7579
    endloop
  endfacet
  facet normal -0.915776 0 0.40169
    outer loop
      vertex -25.248 4.2 19.5667
      vertex -26.0414 0 17.7579
      vertex -25.248 0 19.5667
    endloop
  endfacet
  facet normal 0.697466 0.707103 0.116388
    outer loop
      vertex 26.225 4.2 16.285
      vertex 25.1328 5 17.9698
      vertex 25.8999 4.2 18.2332
    endloop
  endfacet
  facet normal 0.879468 -0 0.475959
    outer loop
      vertex 24.9598 0 19.9703
      vertex 25.8999 4.2 18.2332
      vertex 24.9598 4.2 19.9703
    endloop
  endfacet
  facet normal 0.879468 0 0.475959
    outer loop
      vertex 25.8999 4.2 18.2332
      vertex 24.9598 0 19.9703
      vertex 25.8999 0 18.2332
    endloop
  endfacet
  facet normal 0.284037 0.707107 0.647551
    outer loop
      vertex 23.0631 5 20.629
      vertex 21.6979 4.2 22.1014
      vertex 23.5067 4.2 21.308
    endloop
  endfacet
  facet normal 0.254504 0.707105 0.65972
    outer loop
      vertex 21.3929 5 21.3616
      vertex 15.1766 5 23.7597
      vertex 21.6979 4.2 22.1014
    endloop
  endfacet
  facet normal 0.478916 0.707106 0.52023
    outer loop
      vertex 24.3198 5 19.4721
      vertex 23.0631 5 20.629
      vertex 24.9598 4.2 19.9703
    endloop
  endfacet
  facet normal 0.62189 0.707098 0.336549
    outer loop
      vertex 25.1328 5 17.9698
      vertex 24.3198 5 19.4721
      vertex 24.9598 4.2 19.9703
    endloop
  endfacet
  facet normal 0.359918 0 0.932984
    outer loop
      vertex 15.3729 4.2 24.5414
      vertex 21.6979 0 22.1014
      vertex 21.6979 4.2 22.1014
    endloop
  endfacet
  facet normal 0.359918 0 0.932984
    outer loop
      vertex 21.6979 0 22.1014
      vertex 15.3729 4.2 24.5414
      vertex 15.3729 0 24.5414
    endloop
  endfacet
  facet normal 0.621875 0.70711 0.336552
    outer loop
      vertex 25.1328 5 17.9698
      vertex 24.9598 4.2 19.9703
      vertex 25.8999 4.2 18.2332
    endloop
  endfacet
  facet normal 0.99232 0 -0.123695
    outer loop
      vertex 26.225 0 -16.285
      vertex 26.0414 4.2 -17.7579
      vertex 26.225 4.2 -16.285
    endloop
  endfacet
  facet normal 0.99232 0 -0.123695
    outer loop
      vertex 26.0414 4.2 -17.7579
      vertex 26.225 0 -16.285
      vertex 26.0414 0 -17.7579
    endloop
  endfacet
  facet normal 0.164596 0 -0.986361
    outer loop
      vertex 13.9 0 -24.725
      vertex 15.8482 4.2 -24.3999
      vertex 15.8482 0 -24.3999
    endloop
  endfacet
  facet normal 0.164596 0 -0.986361
    outer loop
      vertex 15.8482 4.2 -24.3999
      vertex 13.9 0 -24.725
      vertex 13.9 4.2 -24.725
    endloop
  endfacet
  facet normal 0.336537 0.707142 -0.621847
    outer loop
      vertex 22.1732 4.2 -21.9599
      vertex 21.8374 5 -21.2319
      vertex 23.9103 4.2 -21.0198
    endloop
  endfacet
  facet normal 0.116386 0.707113 -0.697456
    outer loop
      vertex 15.8482 4.2 -24.3999
      vertex 13.9 4.2 -24.725
      vertex 15.6362 5 -23.6242
    endloop
  endfacet
  facet normal -0.284037 0.707107 -0.647551
    outer loop
      vertex -21.6979 4.2 -22.1014
      vertex -23.5067 4.2 -21.308
      vertex -23.0631 5 -20.629
    endloop
  endfacet
  facet normal -0.254506 0.707092 -0.659734
    outer loop
      vertex -15.3729 4.2 -24.5414
      vertex -21.6979 4.2 -22.1014
      vertex -15.1766 5 -23.7597
    endloop
  endfacet
  facet normal -0.707107 0.707107 0
    outer loop
      vertex -25.425 5 -16.2187
      vertex -26.225 4.2 16.285
      vertex -25.425 5 16.2354
    endloop
  endfacet
  facet normal -0.707107 0.707107 0
    outer loop
      vertex -26.225 4.2 16.285
      vertex -25.425 5 -16.2187
      vertex -26.225 4.2 -16.285
    endloop
  endfacet
  facet normal -0.478916 0.707106 -0.520231
    outer loop
      vertex -23.5067 4.2 -21.308
      vertex -24.9598 4.2 -19.9703
      vertex -23.0631 5 -20.629
    endloop
  endfacet
  facet normal -0.336525 0.707096 0.621906
    outer loop
      vertex -23.4121 5 20.3798
      vertex -23.9103 4.2 21.0198
      vertex -21.8374 5 21.2319
    endloop
  endfacet
  facet normal -0.254489 0.707139 0.659689
    outer loop
      vertex -21.8374 5 21.2319
      vertex -22.1732 4.2 21.9599
      vertex -15.8482 4.2 24.3999
    endloop
  endfacet
  facet normal -0.254503 0.707115 0.65971
    outer loop
      vertex -15.6362 5 23.6242
      vertex -21.8374 5 21.2319
      vertex -15.8482 4.2 24.3999
    endloop
  endfacet
  facet normal 0.284035 0.70711 0.647549
    outer loop
      vertex 23.0631 5 20.629
      vertex 21.3929 5 21.3616
      vertex 21.6979 4.2 22.1014
    endloop
  endfacet
  facet normal 0.707107 0.707107 -0
    outer loop
      vertex 26.225 4.2 -16.285
      vertex 25.425 5 16.2187
      vertex 26.225 4.2 16.285
    endloop
  endfacet
  facet normal 0.707107 0.707107 0
    outer loop
      vertex 25.425 5 16.2187
      vertex 26.225 4.2 -16.285
      vertex 25.425 5 -16.2354
    endloop
  endfacet
  facet normal 0.701698 0.707088 -0.0874507
    outer loop
      vertex 26.0414 4.2 -17.7579
      vertex 25.262 5 -17.5433
      vertex 25.425 5 -16.2354
    endloop
  endfacet
  facet normal 0.70168 0.707103 -0.0874659
    outer loop
      vertex 26.0414 4.2 -17.7579
      vertex 25.425 5 -16.2354
      vertex 26.225 4.2 -16.285
    endloop
  endfacet
  facet normal 0.359918 0 -0.932984
    outer loop
      vertex 15.8482 0 -24.3999
      vertex 22.1732 4.2 -21.9599
      vertex 22.1732 0 -21.9599
    endloop
  endfacet
  facet normal 0.359918 0 -0.932984
    outer loop
      vertex 22.1732 4.2 -21.9599
      vertex 15.8482 0 -24.3999
      vertex 15.8482 4.2 -24.3999
    endloop
  endfacet
  facet normal 0.116392 0.707107 -0.697461
    outer loop
      vertex 13.9 4.2 -24.725
      vertex 13.8337 5 -23.925
      vertex 15.6362 5 -23.6242
    endloop
  endfacet
  facet normal 0.52023 0.707106 -0.478916
    outer loop
      vertex 23.9103 4.2 -21.0198
      vertex 23.4121 5 -20.3798
      vertex 24.569 5 -19.1231
    endloop
  endfacet
  facet normal 0.336525 0.707096 -0.621906
    outer loop
      vertex 23.9103 4.2 -21.0198
      vertex 21.8374 5 -21.2319
      vertex 23.4121 5 -20.3798
    endloop
  endfacet
  facet normal -0.254504 0.707105 -0.65972
    outer loop
      vertex -15.1766 5 -23.7597
      vertex -21.6979 4.2 -22.1014
      vertex -21.3929 5 -21.3616
    endloop
  endfacet
  facet normal -0.478916 0.707106 -0.52023
    outer loop
      vertex -23.0631 5 -20.629
      vertex -24.9598 4.2 -19.9703
      vertex -24.3198 5 -19.4721
    endloop
  endfacet
  facet normal -0.62189 0.707098 -0.336549
    outer loop
      vertex -24.9598 4.2 -19.9703
      vertex -25.1328 5 -17.9698
      vertex -24.3198 5 -19.4721
    endloop
  endfacet
  facet normal -0.52023 0.707106 0.478916
    outer loop
      vertex -23.4121 5 20.3798
      vertex -24.569 5 19.1231
      vertex -23.9103 4.2 21.0198
    endloop
  endfacet
  facet normal 0.697462 0.707108 0.116383
    outer loop
      vertex 25.425 5 16.2187
      vertex 25.1328 5 17.9698
      vertex 26.225 4.2 16.285
    endloop
  endfacet
  facet normal 0.647562 0.707087 -0.284062
    outer loop
      vertex 26.0414 4.2 -17.7579
      vertex 24.569 5 -19.1231
      vertex 25.262 5 -17.5433
    endloop
  endfacet
  facet normal -0.997848 0 0.0655719
    outer loop
      vertex -16.7943 0 -15.3787
      vertex -16.775 3.25 -15.085
      vertex -16.7943 3.25 -15.3787
    endloop
  endfacet
  facet normal -0.997848 0 0.0655719
    outer loop
      vertex -16.775 3.25 -15.085
      vertex -16.7943 0 -15.3787
      vertex -16.775 0 -15.085
    endloop
  endfacet
  facet normal 0.99787 -0 0.0652336
    outer loop
      vertex -21.275 0 -15.085
      vertex -21.2558 3.25 -15.3787
      vertex -21.275 3.25 -15.085
    endloop
  endfacet
  facet normal 0.99787 0 0.0652336
    outer loop
      vertex -21.2558 3.25 -15.3787
      vertex -21.275 0 -15.085
      vertex -21.2558 0 -15.3787
    endloop
  endfacet
  facet normal -0.0652336 0 0.99787
    outer loop
      vertex -19.025 3.25 -17.335
      vertex -18.7313 0 -17.3158
      vertex -18.7313 3.25 -17.3158
    endloop
  endfacet
  facet normal -0.0652336 0 0.99787
    outer loop
      vertex -18.7313 0 -17.3158
      vertex -19.025 3.25 -17.335
      vertex -19.025 0 -17.335
    endloop
  endfacet
  facet normal -0.751966 0 0.659202
    outer loop
      vertex -17.434 0 -16.676
      vertex -17.24 3.25 -16.4547
      vertex -17.434 3.25 -16.676
    endloop
  endfacet
  facet normal -0.751966 0 0.659202
    outer loop
      vertex -17.24 3.25 -16.4547
      vertex -17.434 0 -16.676
      vertex -17.24 0 -16.4547
    endloop
  endfacet
  facet normal 0.659202 0 0.751966
    outer loop
      vertex -20.616 3.25 -16.676
      vertex -20.3947 0 -16.87
      vertex -20.3947 3.25 -16.87
    endloop
  endfacet
  facet normal 0.659202 0 0.751966
    outer loop
      vertex -20.3947 0 -16.87
      vertex -20.616 3.25 -16.676
      vertex -20.616 0 -16.676
    endloop
  endfacet
  facet normal 0.321421 0 0.946936
    outer loop
      vertex -19.886 3.25 -17.1637
      vertex -19.6073 0 -17.2583
      vertex -19.6073 3.25 -17.2583
    endloop
  endfacet
  facet normal 0.321421 0 0.946936
    outer loop
      vertex -19.6073 0 -17.2583
      vertex -19.886 3.25 -17.1637
      vertex -19.886 0 -17.1637
    endloop
  endfacet
  facet normal -0.896995 0 0.442042
    outer loop
      vertex -17.0764 0 -16.21
      vertex -16.9463 3.25 -15.946
      vertex -17.0764 3.25 -16.21
    endloop
  endfacet
  facet normal -0.896995 0 0.442042
    outer loop
      vertex -16.9463 3.25 -15.946
      vertex -17.0764 0 -16.21
      vertex -16.9463 0 -15.946
    endloop
  endfacet
  facet normal -0.831318 0 0.555797
    outer loop
      vertex -17.24 0 -16.4547
      vertex -17.0764 3.25 -16.21
      vertex -17.24 3.25 -16.4547
    endloop
  endfacet
  facet normal -0.831318 0 0.555797
    outer loop
      vertex -17.0764 3.25 -16.21
      vertex -17.24 0 -16.4547
      vertex -17.0764 0 -16.21
    endloop
  endfacet
  facet normal -0.442042 0 0.896995
    outer loop
      vertex -18.164 3.25 -17.1637
      vertex -17.9 0 -17.0336
      vertex -17.9 3.25 -17.0336
    endloop
  endfacet
  facet normal -0.442042 0 0.896995
    outer loop
      vertex -17.9 0 -17.0336
      vertex -18.164 3.25 -17.1637
      vertex -18.164 0 -17.1637
    endloop
  endfacet
  facet normal -0.321421 0 0.946936
    outer loop
      vertex -18.4427 3.25 -17.2583
      vertex -18.164 0 -17.1637
      vertex -18.164 3.25 -17.1637
    endloop
  endfacet
  facet normal -0.321421 0 0.946936
    outer loop
      vertex -18.164 0 -17.1637
      vertex -18.4427 3.25 -17.2583
      vertex -18.4427 0 -17.2583
    endloop
  endfacet
  facet normal -0.555797 0 0.831318
    outer loop
      vertex -17.9 3.25 -17.0336
      vertex -17.6553 0 -16.87
      vertex -17.6553 3.25 -16.87
    endloop
  endfacet
  facet normal -0.555797 0 0.831318
    outer loop
      vertex -17.6553 0 -16.87
      vertex -17.9 3.25 -17.0336
      vertex -17.9 0 -17.0336
    endloop
  endfacet
  facet normal 0.896995 -0 0.442042
    outer loop
      vertex -21.1037 0 -15.946
      vertex -20.9736 3.25 -16.21
      vertex -21.1037 3.25 -15.946
    endloop
  endfacet
  facet normal 0.896995 0 0.442042
    outer loop
      vertex -20.9736 3.25 -16.21
      vertex -21.1037 0 -15.946
      vertex -20.9736 0 -16.21
    endloop
  endfacet
  facet normal 0.946936 -0 0.321421
    outer loop
      vertex -21.1983 0 -15.6673
      vertex -21.1037 3.25 -15.946
      vertex -21.1983 3.25 -15.6673
    endloop
  endfacet
  facet normal 0.946936 0 0.321421
    outer loop
      vertex -21.1037 3.25 -15.946
      vertex -21.1983 0 -15.6673
      vertex -21.1037 0 -15.946
    endloop
  endfacet
  facet normal 0.442042 0 0.896995
    outer loop
      vertex -20.15 3.25 -17.0336
      vertex -19.886 0 -17.1637
      vertex -19.886 3.25 -17.1637
    endloop
  endfacet
  facet normal 0.442042 0 0.896995
    outer loop
      vertex -19.886 0 -17.1637
      vertex -20.15 3.25 -17.0336
      vertex -20.15 0 -17.0336
    endloop
  endfacet
  facet normal 0.195397 0 0.980724
    outer loop
      vertex -19.6073 3.25 -17.2583
      vertex -19.3187 0 -17.3158
      vertex -19.3187 3.25 -17.3158
    endloop
  endfacet
  facet normal 0.195397 0 0.980724
    outer loop
      vertex -19.3187 0 -17.3158
      vertex -19.6073 3.25 -17.2583
      vertex -19.6073 0 -17.2583
    endloop
  endfacet
  facet normal -0.442042 0 -0.896995
    outer loop
      vertex -18.164 0 -13.0063
      vertex -17.9 3.25 -13.1364
      vertex -17.9 0 -13.1364
    endloop
  endfacet
  facet normal -0.442042 0 -0.896995
    outer loop
      vertex -17.9 3.25 -13.1364
      vertex -18.164 0 -13.0063
      vertex -18.164 3.25 -13.0063
    endloop
  endfacet
  facet normal 0.321421 0 -0.946936
    outer loop
      vertex -19.886 0 -13.0063
      vertex -19.6073 3.25 -12.9117
      vertex -19.6073 0 -12.9117
    endloop
  endfacet
  facet normal 0.321421 0 -0.946936
    outer loop
      vertex -19.6073 3.25 -12.9117
      vertex -19.886 0 -13.0063
      vertex -19.886 3.25 -13.0063
    endloop
  endfacet
  facet normal 0.896995 0 -0.442042
    outer loop
      vertex -20.9736 0 -13.96
      vertex -21.1037 3.25 -14.224
      vertex -20.9736 3.25 -13.96
    endloop
  endfacet
  facet normal 0.896995 0 -0.442042
    outer loop
      vertex -21.1037 3.25 -14.224
      vertex -20.9736 0 -13.96
      vertex -21.1037 0 -14.224
    endloop
  endfacet
  facet normal -0.946936 0 0.321421
    outer loop
      vertex -16.9463 0 -15.946
      vertex -16.8517 3.25 -15.6673
      vertex -16.9463 3.25 -15.946
    endloop
  endfacet
  facet normal -0.946936 0 0.321421
    outer loop
      vertex -16.8517 3.25 -15.6673
      vertex -16.9463 0 -15.946
      vertex -16.8517 0 -15.6673
    endloop
  endfacet
  facet normal -0.980789 0 0.19507
    outer loop
      vertex -16.8517 0 -15.6673
      vertex -16.7943 3.25 -15.3787
      vertex -16.8517 3.25 -15.6673
    endloop
  endfacet
  facet normal -0.980789 0 0.19507
    outer loop
      vertex -16.7943 3.25 -15.3787
      vertex -16.8517 0 -15.6673
      vertex -16.7943 0 -15.3787
    endloop
  endfacet
  facet normal -0.195397 0 0.980724
    outer loop
      vertex -18.7313 3.25 -17.3158
      vertex -18.4427 0 -17.2583
      vertex -18.4427 3.25 -17.2583
    endloop
  endfacet
  facet normal -0.195397 0 0.980724
    outer loop
      vertex -18.4427 0 -17.2583
      vertex -18.7313 3.25 -17.3158
      vertex -18.7313 0 -17.3158
    endloop
  endfacet
  facet normal -0.659202 0 0.751966
    outer loop
      vertex -17.6553 3.25 -16.87
      vertex -17.434 0 -16.676
      vertex -17.434 3.25 -16.676
    endloop
  endfacet
  facet normal -0.659202 0 0.751966
    outer loop
      vertex -17.434 0 -16.676
      vertex -17.6553 3.25 -16.87
      vertex -17.6553 0 -16.87
    endloop
  endfacet
  facet normal 0.831318 -0 0.555797
    outer loop
      vertex -20.9736 0 -16.21
      vertex -20.81 3.25 -16.4547
      vertex -20.9736 3.25 -16.21
    endloop
  endfacet
  facet normal 0.831318 0 0.555797
    outer loop
      vertex -20.81 3.25 -16.4547
      vertex -20.9736 0 -16.21
      vertex -20.81 0 -16.4547
    endloop
  endfacet
  facet normal 0.751966 -0 0.659202
    outer loop
      vertex -20.81 0 -16.4547
      vertex -20.616 3.25 -16.676
      vertex -20.81 3.25 -16.4547
    endloop
  endfacet
  facet normal 0.751966 0 0.659202
    outer loop
      vertex -20.616 3.25 -16.676
      vertex -20.81 0 -16.4547
      vertex -20.616 0 -16.676
    endloop
  endfacet
  facet normal 0.980724 -0 0.195397
    outer loop
      vertex -21.2558 0 -15.3787
      vertex -21.1983 3.25 -15.6673
      vertex -21.2558 3.25 -15.3787
    endloop
  endfacet
  facet normal 0.980724 0 0.195397
    outer loop
      vertex -21.1983 3.25 -15.6673
      vertex -21.2558 0 -15.3787
      vertex -21.1983 0 -15.6673
    endloop
  endfacet
  facet normal 0.555797 0 0.831318
    outer loop
      vertex -20.3947 3.25 -16.87
      vertex -20.15 0 -17.0336
      vertex -20.15 3.25 -17.0336
    endloop
  endfacet
  facet normal 0.555797 0 0.831318
    outer loop
      vertex -20.15 0 -17.0336
      vertex -20.3947 3.25 -16.87
      vertex -20.3947 0 -16.87
    endloop
  endfacet
  facet normal 0.0652336 0 0.99787
    outer loop
      vertex -19.3187 3.25 -17.3158
      vertex -19.025 0 -17.335
      vertex -19.025 3.25 -17.335
    endloop
  endfacet
  facet normal 0.0652336 0 0.99787
    outer loop
      vertex -19.025 0 -17.335
      vertex -19.3187 3.25 -17.3158
      vertex -19.3187 0 -17.3158
    endloop
  endfacet
  facet normal -0.0652336 0 -0.99787
    outer loop
      vertex -19.025 0 -12.835
      vertex -18.7313 3.25 -12.8542
      vertex -18.7313 0 -12.8542
    endloop
  endfacet
  facet normal -0.0652336 0 -0.99787
    outer loop
      vertex -18.7313 3.25 -12.8542
      vertex -19.025 0 -12.835
      vertex -19.025 3.25 -12.835
    endloop
  endfacet
  facet normal -0.321421 0 -0.946936
    outer loop
      vertex -18.4427 0 -12.9117
      vertex -18.164 3.25 -13.0063
      vertex -18.164 0 -13.0063
    endloop
  endfacet
  facet normal -0.321421 0 -0.946936
    outer loop
      vertex -18.164 3.25 -13.0063
      vertex -18.4427 0 -12.9117
      vertex -18.4427 3.25 -12.9117
    endloop
  endfacet
  facet normal -0.555797 0 -0.831318
    outer loop
      vertex -17.9 0 -13.1364
      vertex -17.6553 3.25 -13.3
      vertex -17.6553 0 -13.3
    endloop
  endfacet
  facet normal -0.555797 0 -0.831318
    outer loop
      vertex -17.6553 3.25 -13.3
      vertex -17.9 0 -13.1364
      vertex -17.9 3.25 -13.1364
    endloop
  endfacet
  facet normal -0.751966 0 -0.659202
    outer loop
      vertex -17.24 0 -13.7153
      vertex -17.434 3.25 -13.494
      vertex -17.24 3.25 -13.7153
    endloop
  endfacet
  facet normal -0.751966 -0 -0.659202
    outer loop
      vertex -17.434 3.25 -13.494
      vertex -17.24 0 -13.7153
      vertex -17.434 0 -13.494
    endloop
  endfacet
  facet normal -0.896995 0 -0.442042
    outer loop
      vertex -16.9463 0 -14.224
      vertex -17.0764 3.25 -13.96
      vertex -16.9463 3.25 -14.224
    endloop
  endfacet
  facet normal -0.896995 -0 -0.442042
    outer loop
      vertex -17.0764 3.25 -13.96
      vertex -16.9463 0 -14.224
      vertex -17.0764 0 -13.96
    endloop
  endfacet
  facet normal 0.659202 0 -0.751966
    outer loop
      vertex -20.616 0 -13.494
      vertex -20.3947 3.25 -13.3
      vertex -20.3947 0 -13.3
    endloop
  endfacet
  facet normal 0.659202 0 -0.751966
    outer loop
      vertex -20.3947 3.25 -13.3
      vertex -20.616 0 -13.494
      vertex -20.616 3.25 -13.494
    endloop
  endfacet
  facet normal 0.442042 0 -0.896995
    outer loop
      vertex -20.15 0 -13.1364
      vertex -19.886 3.25 -13.0063
      vertex -19.886 0 -13.0063
    endloop
  endfacet
  facet normal 0.442042 0 -0.896995
    outer loop
      vertex -19.886 3.25 -13.0063
      vertex -20.15 0 -13.1364
      vertex -20.15 3.25 -13.1364
    endloop
  endfacet
  facet normal 0.195397 0 -0.980724
    outer loop
      vertex -19.6073 0 -12.9117
      vertex -19.3187 3.25 -12.8542
      vertex -19.3187 0 -12.8542
    endloop
  endfacet
  facet normal 0.195397 0 -0.980724
    outer loop
      vertex -19.3187 3.25 -12.8542
      vertex -19.6073 0 -12.9117
      vertex -19.6073 3.25 -12.9117
    endloop
  endfacet
  facet normal 0.831318 0 -0.555797
    outer loop
      vertex -20.81 0 -13.7153
      vertex -20.9736 3.25 -13.96
      vertex -20.81 3.25 -13.7153
    endloop
  endfacet
  facet normal 0.831318 0 -0.555797
    outer loop
      vertex -20.9736 3.25 -13.96
      vertex -20.81 0 -13.7153
      vertex -20.9736 0 -13.96
    endloop
  endfacet
  facet normal 0.946936 0 -0.321421
    outer loop
      vertex -21.1037 0 -14.224
      vertex -21.1983 3.25 -14.5027
      vertex -21.1037 3.25 -14.224
    endloop
  endfacet
  facet normal 0.946936 0 -0.321421
    outer loop
      vertex -21.1983 3.25 -14.5027
      vertex -21.1037 0 -14.224
      vertex -21.1983 0 -14.5027
    endloop
  endfacet
  facet normal 0.99787 0 -0.0652336
    outer loop
      vertex -21.2558 0 -14.7913
      vertex -21.275 3.25 -15.085
      vertex -21.2558 3.25 -14.7913
    endloop
  endfacet
  facet normal 0.99787 0 -0.0652336
    outer loop
      vertex -21.275 3.25 -15.085
      vertex -21.2558 0 -14.7913
      vertex -21.275 0 -15.085
    endloop
  endfacet
  facet normal -0.195397 0 -0.980724
    outer loop
      vertex -18.7313 0 -12.8542
      vertex -18.4427 3.25 -12.9117
      vertex -18.4427 0 -12.9117
    endloop
  endfacet
  facet normal -0.195397 0 -0.980724
    outer loop
      vertex -18.4427 3.25 -12.9117
      vertex -18.7313 0 -12.8542
      vertex -18.7313 3.25 -12.8542
    endloop
  endfacet
  facet normal -0.659202 0 -0.751966
    outer loop
      vertex -17.6553 0 -13.3
      vertex -17.434 3.25 -13.494
      vertex -17.434 0 -13.494
    endloop
  endfacet
  facet normal -0.659202 0 -0.751966
    outer loop
      vertex -17.434 3.25 -13.494
      vertex -17.6553 0 -13.3
      vertex -17.6553 3.25 -13.3
    endloop
  endfacet
  facet normal -0.831318 0 -0.555797
    outer loop
      vertex -17.0764 0 -13.96
      vertex -17.24 3.25 -13.7153
      vertex -17.0764 3.25 -13.96
    endloop
  endfacet
  facet normal -0.831318 -0 -0.555797
    outer loop
      vertex -17.24 3.25 -13.7153
      vertex -17.0764 0 -13.96
      vertex -17.24 0 -13.7153
    endloop
  endfacet
  facet normal -0.980789 0 -0.19507
    outer loop
      vertex -16.7943 0 -14.7913
      vertex -16.8517 3.25 -14.5027
      vertex -16.7943 3.25 -14.7913
    endloop
  endfacet
  facet normal -0.980789 -0 -0.19507
    outer loop
      vertex -16.8517 3.25 -14.5027
      vertex -16.7943 0 -14.7913
      vertex -16.8517 0 -14.5027
    endloop
  endfacet
  facet normal -0.946936 0 -0.321421
    outer loop
      vertex -16.8517 0 -14.5027
      vertex -16.9463 3.25 -14.224
      vertex -16.8517 3.25 -14.5027
    endloop
  endfacet
  facet normal -0.946936 -0 -0.321421
    outer loop
      vertex -16.9463 3.25 -14.224
      vertex -16.8517 0 -14.5027
      vertex -16.9463 0 -14.224
    endloop
  endfacet
  facet normal -0.997848 0 -0.0655719
    outer loop
      vertex -16.775 0 -15.085
      vertex -16.7943 3.25 -14.7913
      vertex -16.775 3.25 -15.085
    endloop
  endfacet
  facet normal -0.997848 -0 -0.0655719
    outer loop
      vertex -16.7943 3.25 -14.7913
      vertex -16.775 0 -15.085
      vertex -16.7943 0 -14.7913
    endloop
  endfacet
  facet normal 0.555797 0 -0.831318
    outer loop
      vertex -20.3947 0 -13.3
      vertex -20.15 3.25 -13.1364
      vertex -20.15 0 -13.1364
    endloop
  endfacet
  facet normal 0.555797 0 -0.831318
    outer loop
      vertex -20.15 3.25 -13.1364
      vertex -20.3947 0 -13.3
      vertex -20.3947 3.25 -13.3
    endloop
  endfacet
  facet normal 0.0652336 0 -0.99787
    outer loop
      vertex -19.3187 0 -12.8542
      vertex -19.025 3.25 -12.835
      vertex -19.025 0 -12.835
    endloop
  endfacet
  facet normal 0.0652336 0 -0.99787
    outer loop
      vertex -19.025 3.25 -12.835
      vertex -19.3187 0 -12.8542
      vertex -19.3187 3.25 -12.8542
    endloop
  endfacet
  facet normal 0.751966 0 -0.659202
    outer loop
      vertex -20.616 0 -13.494
      vertex -20.81 3.25 -13.7153
      vertex -20.616 3.25 -13.494
    endloop
  endfacet
  facet normal 0.751966 0 -0.659202
    outer loop
      vertex -20.81 3.25 -13.7153
      vertex -20.616 0 -13.494
      vertex -20.81 0 -13.7153
    endloop
  endfacet
  facet normal 0.980724 0 -0.195397
    outer loop
      vertex -21.1983 0 -14.5027
      vertex -21.2558 3.25 -14.7913
      vertex -21.1983 3.25 -14.5027
    endloop
  endfacet
  facet normal 0.980724 0 -0.195397
    outer loop
      vertex -21.2558 3.25 -14.7913
      vertex -21.1983 0 -14.5027
      vertex -21.2558 0 -14.7913
    endloop
  endfacet
  facet normal -0.533746 0.704334 -0.468005
    outer loop
      vertex -16.2106 4.99 -12.2706
      vertex -15.8696 4.99 -12.6595
      vertex -17.434 3.25 -13.494
    endloop
  endfacet
  facet normal -0.708358 0.704328 0.0463822
    outer loop
      vertex -15.0449 4.99 -15.085
      vertex -15.0787 4.99 -15.6012
      vertex -16.775 3.25 -15.085
    endloop
  endfacet
  facet normal -0.708674 0.704228 0.0429499
    outer loop
      vertex -16.7943 3.25 -15.3787
      vertex -15.0787 4.99 -15.6012
      vertex -15.0789 4.99 -15.6045
    endloop
  endfacet
  facet normal -0.708328 0.704347 0.0465466
    outer loop
      vertex -15.0787 4.99 -15.6012
      vertex -16.7943 3.25 -15.3787
      vertex -16.775 3.25 -15.085
    endloop
  endfacet
  facet normal -0.708328 0.704347 -0.0465466
    outer loop
      vertex -16.7943 3.25 -14.7913
      vertex -15.0787 4.99 -14.5688
      vertex -16.775 3.25 -15.085
    endloop
  endfacet
  facet normal -0.708674 0.704228 -0.0429499
    outer loop
      vertex -15.0787 4.99 -14.5688
      vertex -16.7943 3.25 -14.7913
      vertex -15.0789 4.99 -14.5655
    endloop
  endfacet
  facet normal 0.696209 0.70431 -0.138711
    outer loop
      vertex -21.2558 3.25 -14.7913
      vertex -22.9704 4.99 -14.5622
      vertex -21.1983 3.25 -14.5027
    endloop
  endfacet
  facet normal 0.69474 0.704002 -0.147369
    outer loop
      vertex -22.9704 4.99 -14.5622
      vertex -21.2558 3.25 -14.7913
      vertex -22.9711 4.99 -14.5655
    endloop
  endfacet
  facet normal 0.138711 0.70431 0.696209
    outer loop
      vertex -19.3187 3.25 -17.3158
      vertex -19.5478 4.99 -19.0304
      vertex -19.6073 3.25 -17.2583
    endloop
  endfacet
  facet normal 0.147369 0.704002 0.69474
    outer loop
      vertex -19.5478 4.99 -19.0304
      vertex -19.3187 3.25 -17.3158
      vertex -19.5445 4.99 -19.0311
    endloop
  endfacet
  facet normal -0.0463822 0.704328 -0.708358
    outer loop
      vertex -19.025 4.99 -11.1049
      vertex -18.5088 4.99 -11.1387
      vertex -19.025 3.25 -12.835
    endloop
  endfacet
  facet normal -0.672187 0.704328 -0.228225
    outer loop
      vertex -15.3479 4.99 -13.5619
      vertex -15.1816 4.99 -14.0517
      vertex -16.9463 3.25 -14.224
    endloop
  endfacet
  facet normal -0.708358 0.704328 -0.0463822
    outer loop
      vertex -15.0787 4.99 -14.5688
      vertex -15.0449 4.99 -15.085
      vertex -16.775 3.25 -15.085
    endloop
  endfacet
  facet normal 0.458311 0.704683 -0.54164
    outer loop
      vertex -20.3947 3.25 -13.3
      vertex -21.4505 4.99 -11.9296
      vertex -21.4479 4.99 -11.9274
    endloop
  endfacet
  facet normal 0.467941 0.704343 -0.53379
    outer loop
      vertex -21.4505 4.99 -11.9296
      vertex -20.3947 3.25 -13.3
      vertex -20.616 3.25 -13.494
    endloop
  endfacet
  facet normal 0.3944 0.70433 -0.590228
    outer loop
      vertex -21.0151 4.99 -11.6381
      vertex -20.15 3.25 -13.1364
      vertex -21.4452 4.99 -11.9255
    endloop
  endfacet
  facet normal -0.408267 0.704785 0.580169
    outer loop
      vertex -16.6048 4.99 -18.2445
      vertex -17.6553 3.25 -16.87
      vertex -16.6021 4.99 -18.2426
    endloop
  endfacet
  facet normal -0.394534 0.70435 0.590113
    outer loop
      vertex -17.6553 3.25 -16.87
      vertex -16.6048 4.99 -18.2445
      vertex -17.9 3.25 -17.0336
    endloop
  endfacet
  facet normal 0.53379 0.704343 0.467941
    outer loop
      vertex -22.1804 4.99 -17.5105
      vertex -20.81 3.25 -16.4547
      vertex -20.616 3.25 -16.676
    endloop
  endfacet
  facet normal 0.54164 0.704683 0.458311
    outer loop
      vertex -20.81 3.25 -16.4547
      vertex -22.1804 4.99 -17.5105
      vertex -22.1826 4.99 -17.5079
    endloop
  endfacet
  facet normal 0.590228 0.70433 0.3944
    outer loop
      vertex -20.9736 3.25 -16.21
      vertex -22.1845 4.99 -17.5052
      vertex -22.4719 4.99 -17.0751
    endloop
  endfacet
  facet normal -0.671397 0.704245 -0.230793
    outer loop
      vertex -16.8517 3.25 -14.5027
      vertex -15.1816 4.99 -14.0517
      vertex -15.1805 4.99 -14.0549
    endloop
  endfacet
  facet normal -0.672199 0.704335 -0.228167
    outer loop
      vertex -15.1816 4.99 -14.0517
      vertex -16.8517 3.25 -14.5027
      vertex -16.9463 3.25 -14.224
    endloop
  endfacet
  facet normal -0.642901 0.704745 -0.300021
    outer loop
      vertex -16.9463 3.25 -14.224
      vertex -15.3493 4.99 -13.5589
      vertex -15.3479 4.99 -13.5619
    endloop
  endfacet
  facet normal -0.636736 0.704348 -0.313785
    outer loop
      vertex -15.3493 4.99 -13.5589
      vertex -16.9463 3.25 -14.224
      vertex -17.0764 3.25 -13.96
    endloop
  endfacet
  facet normal -0.138477 0.704337 -0.696228
    outer loop
      vertex -17.9949 4.99 -11.2405
      vertex -18.4427 3.25 -12.9117
      vertex -18.5022 4.99 -11.1396
    endloop
  endfacet
  facet normal -0.313948 0.704328 -0.636678
    outer loop
      vertex -17.4989 4.99 -11.4093
      vertex -17.0349 4.99 -11.6381
      vertex -17.9 3.25 -13.1364
    endloop
  endfacet
  facet normal 0.53379 0.704343 -0.467941
    outer loop
      vertex -20.81 3.25 -13.7153
      vertex -22.1804 4.99 -12.6595
      vertex -20.616 3.25 -13.494
    endloop
  endfacet
  facet normal 0.54164 0.704683 -0.458311
    outer loop
      vertex -22.1804 4.99 -12.6595
      vertex -20.81 3.25 -13.7153
      vertex -22.1826 4.99 -12.6621
    endloop
  endfacet
  facet normal 0.467941 0.704343 0.53379
    outer loop
      vertex -20.3947 3.25 -16.87
      vertex -21.4505 4.99 -18.2404
      vertex -20.616 3.25 -16.676
    endloop
  endfacet
  facet normal 0.458311 0.704683 0.54164
    outer loop
      vertex -21.4505 4.99 -18.2404
      vertex -20.3947 3.25 -16.87
      vertex -21.4479 4.99 -18.2426
    endloop
  endfacet
  facet normal -0.69472 0.704022 -0.147365
    outer loop
      vertex -16.7943 3.25 -14.7913
      vertex -15.0796 4.99 -14.5622
      vertex -15.0789 4.99 -14.5655
    endloop
  endfacet
  facet normal -0.696228 0.704337 -0.138474
    outer loop
      vertex -15.0796 4.99 -14.5622
      vertex -16.7943 3.25 -14.7913
      vertex -16.8517 3.25 -14.5027
    endloop
  endfacet
  facet normal -0.696228 0.704337 -0.138477
    outer loop
      vertex -15.1805 4.99 -14.0549
      vertex -15.0796 4.99 -14.5622
      vertex -16.8517 3.25 -14.5027
    endloop
  endfacet
  facet normal -0.590228 0.70433 -0.3944
    outer loop
      vertex -15.8655 4.99 -12.6648
      vertex -15.5781 4.99 -13.0949
      vertex -17.0764 3.25 -13.96
    endloop
  endfacet
  facet normal -0.636678 0.704328 -0.313948
    outer loop
      vertex -15.5781 4.99 -13.0949
      vertex -15.3493 4.99 -13.5589
      vertex -17.0764 3.25 -13.96
    endloop
  endfacet
  facet normal -0.580169 0.704785 -0.408267
    outer loop
      vertex -15.8655 4.99 -12.6648
      vertex -17.24 3.25 -13.7153
      vertex -15.8674 4.99 -12.6621
    endloop
  endfacet
  facet normal -0.590113 0.70435 -0.394534
    outer loop
      vertex -17.24 3.25 -13.7153
      vertex -15.8655 4.99 -12.6648
      vertex -17.0764 3.25 -13.96
    endloop
  endfacet
  facet normal -0.54164 0.704683 -0.458311
    outer loop
      vertex -17.24 3.25 -13.7153
      vertex -15.8696 4.99 -12.6595
      vertex -15.8674 4.99 -12.6621
    endloop
  endfacet
  facet normal -0.53379 0.704343 -0.467941
    outer loop
      vertex -15.8696 4.99 -12.6595
      vertex -17.24 3.25 -13.7153
      vertex -17.434 3.25 -13.494
    endloop
  endfacet
  facet normal -0.458311 0.704683 -0.54164
    outer loop
      vertex -16.5995 4.99 -11.9296
      vertex -17.6553 3.25 -13.3
      vertex -16.6021 4.99 -11.9274
    endloop
  endfacet
  facet normal -0.467941 0.704343 -0.53379
    outer loop
      vertex -17.6553 3.25 -13.3
      vertex -16.5995 4.99 -11.9296
      vertex -17.434 3.25 -13.494
    endloop
  endfacet
  facet normal -0.468005 0.704334 -0.533746
    outer loop
      vertex -16.5995 4.99 -11.9296
      vertex -16.2106 4.99 -12.2706
      vertex -17.434 3.25 -13.494
    endloop
  endfacet
  facet normal 0.636678 0.704328 -0.313948
    outer loop
      vertex -22.4719 4.99 -13.0949
      vertex -20.9736 3.25 -13.96
      vertex -22.7007 4.99 -13.5589
    endloop
  endfacet
  facet normal 0.313948 0.704328 -0.636678
    outer loop
      vertex -20.5511 4.99 -11.4093
      vertex -20.15 3.25 -13.1364
      vertex -21.0151 4.99 -11.6381
    endloop
  endfacet
  facet normal 0.228225 0.704328 -0.672187
    outer loop
      vertex -20.0583 4.99 -11.2416
      vertex -19.886 3.25 -13.0063
      vertex -20.5481 4.99 -11.4079
    endloop
  endfacet
  facet normal 0.394534 0.70435 -0.590113
    outer loop
      vertex -20.3947 3.25 -13.3
      vertex -21.4452 4.99 -11.9255
      vertex -20.15 3.25 -13.1364
    endloop
  endfacet
  facet normal 0.408267 0.704785 -0.580169
    outer loop
      vertex -21.4452 4.99 -11.9255
      vertex -20.3947 3.25 -13.3
      vertex -21.4479 4.99 -11.9274
    endloop
  endfacet
  facet normal 0.590228 0.70433 -0.3944
    outer loop
      vertex -22.1845 4.99 -12.6648
      vertex -20.9736 3.25 -13.96
      vertex -22.4719 4.99 -13.0949
    endloop
  endfacet
  facet normal 0.672187 0.704328 -0.228225
    outer loop
      vertex -22.7021 4.99 -13.5619
      vertex -21.1037 3.25 -14.224
      vertex -22.8684 4.99 -14.0517
    endloop
  endfacet
  facet normal -0.313785 0.704348 0.636736
    outer loop
      vertex -17.4989 4.99 -18.7607
      vertex -18.164 3.25 -17.1637
      vertex -17.9 3.25 -17.0336
    endloop
  endfacet
  facet normal -0.300021 0.704745 0.642901
    outer loop
      vertex -18.164 3.25 -17.1637
      vertex -17.4989 4.99 -18.7607
      vertex -17.5019 4.99 -18.7621
    endloop
  endfacet
  facet normal -0.590228 0.70433 0.3944
    outer loop
      vertex -15.5781 4.99 -17.0751
      vertex -15.8655 4.99 -17.5052
      vertex -17.0764 3.25 -16.21
    endloop
  endfacet
  facet normal 0.313948 0.704328 0.636678
    outer loop
      vertex -20.15 3.25 -17.0336
      vertex -20.5511 4.99 -18.7607
      vertex -21.0151 4.99 -18.5319
    endloop
  endfacet
  facet normal 0.672199 0.704335 0.228167
    outer loop
      vertex -22.8684 4.99 -16.1183
      vertex -21.1983 3.25 -15.6673
      vertex -21.1037 3.25 -15.946
    endloop
  endfacet
  facet normal 0.671397 0.704245 0.230793
    outer loop
      vertex -21.1983 3.25 -15.6673
      vertex -22.8684 4.99 -16.1183
      vertex -22.8695 4.99 -16.1151
    endloop
  endfacet
  facet normal 0.590113 0.70435 0.394534
    outer loop
      vertex -20.81 3.25 -16.4547
      vertex -22.1845 4.99 -17.5052
      vertex -20.9736 3.25 -16.21
    endloop
  endfacet
  facet normal 0.580169 0.704785 0.408267
    outer loop
      vertex -22.1845 4.99 -17.5052
      vertex -20.81 3.25 -16.4547
      vertex -22.1826 4.99 -17.5079
    endloop
  endfacet
  facet normal 0.3944 0.70433 0.590228
    outer loop
      vertex -20.15 3.25 -17.0336
      vertex -21.0151 4.99 -18.5319
      vertex -21.4452 4.99 -18.2445
    endloop
  endfacet
  facet normal 0.228225 0.704328 0.672187
    outer loop
      vertex -19.886 3.25 -17.1637
      vertex -20.0583 4.99 -18.9284
      vertex -20.5481 4.99 -18.7621
    endloop
  endfacet
  facet normal -0.3944 0.70433 -0.590228
    outer loop
      vertex -17.0349 4.99 -11.6381
      vertex -16.6048 4.99 -11.9255
      vertex -17.9 3.25 -13.1364
    endloop
  endfacet
  facet normal -0.408267 0.704785 -0.580169
    outer loop
      vertex -17.6553 3.25 -13.3
      vertex -16.6048 4.99 -11.9255
      vertex -16.6021 4.99 -11.9274
    endloop
  endfacet
  facet normal -0.394534 0.70435 -0.590113
    outer loop
      vertex -16.6048 4.99 -11.9255
      vertex -17.6553 3.25 -13.3
      vertex -17.9 3.25 -13.1364
    endloop
  endfacet
  facet normal -0.300021 0.704745 -0.642901
    outer loop
      vertex -17.4989 4.99 -11.4093
      vertex -18.164 3.25 -13.0063
      vertex -17.5019 4.99 -11.4079
    endloop
  endfacet
  facet normal -0.313785 0.704348 -0.636736
    outer loop
      vertex -18.164 3.25 -13.0063
      vertex -17.4989 4.99 -11.4093
      vertex -17.9 3.25 -13.1364
    endloop
  endfacet
  facet normal -0.230793 0.704245 -0.671397
    outer loop
      vertex -17.9917 4.99 -11.2416
      vertex -18.4427 3.25 -12.9117
      vertex -17.9949 4.99 -11.2405
    endloop
  endfacet
  facet normal -0.228167 0.704335 -0.672199
    outer loop
      vertex -18.4427 3.25 -12.9117
      vertex -17.9917 4.99 -11.2416
      vertex -18.164 3.25 -13.0063
    endloop
  endfacet
  facet normal -0.228225 0.704328 -0.672187
    outer loop
      vertex -17.9917 4.99 -11.2416
      vertex -17.5019 4.99 -11.4079
      vertex -18.164 3.25 -13.0063
    endloop
  endfacet
  facet normal -0.147369 0.704002 -0.69474
    outer loop
      vertex -18.5022 4.99 -11.1396
      vertex -18.7313 3.25 -12.8542
      vertex -18.5055 4.99 -11.1389
    endloop
  endfacet
  facet normal -0.138711 0.70431 -0.696209
    outer loop
      vertex -18.7313 3.25 -12.8542
      vertex -18.5022 4.99 -11.1396
      vertex -18.4427 3.25 -12.9117
    endloop
  endfacet
  facet normal -0.0429511 0.704207 -0.708694
    outer loop
      vertex -18.7313 3.25 -12.8542
      vertex -18.5088 4.99 -11.1387
      vertex -18.5055 4.99 -11.1389
    endloop
  endfacet
  facet normal -0.0463083 0.704319 -0.708372
    outer loop
      vertex -18.5088 4.99 -11.1387
      vertex -18.7313 3.25 -12.8542
      vertex -19.025 3.25 -12.835
    endloop
  endfacet
  facet normal 0.672199 0.704335 -0.228167
    outer loop
      vertex -21.1983 3.25 -14.5027
      vertex -22.8684 4.99 -14.0517
      vertex -21.1037 3.25 -14.224
    endloop
  endfacet
  facet normal 0.671397 0.704245 -0.230793
    outer loop
      vertex -22.8684 4.99 -14.0517
      vertex -21.1983 3.25 -14.5027
      vertex -22.8695 4.99 -14.0549
    endloop
  endfacet
  facet normal 0.696228 0.704337 -0.138477
    outer loop
      vertex -22.8695 4.99 -14.0549
      vertex -21.1983 3.25 -14.5027
      vertex -22.9704 4.99 -14.5622
    endloop
  endfacet
  facet normal 0.0463083 0.704319 -0.708372
    outer loop
      vertex -19.3187 3.25 -12.8542
      vertex -19.5412 4.99 -11.1387
      vertex -19.025 3.25 -12.835
    endloop
  endfacet
  facet normal 0.0429511 0.704207 -0.708694
    outer loop
      vertex -19.5412 4.99 -11.1387
      vertex -19.3187 3.25 -12.8542
      vertex -19.5445 4.99 -11.1389
    endloop
  endfacet
  facet normal 0.0463822 0.704328 -0.708358
    outer loop
      vertex -19.025 4.99 -11.1049
      vertex -19.025 3.25 -12.835
      vertex -19.5412 4.99 -11.1387
    endloop
  endfacet
  facet normal 0.230793 0.704245 -0.671397
    outer loop
      vertex -19.6073 3.25 -12.9117
      vertex -20.0583 4.99 -11.2416
      vertex -20.0551 4.99 -11.2405
    endloop
  endfacet
  facet normal 0.228167 0.704335 -0.672199
    outer loop
      vertex -20.0583 4.99 -11.2416
      vertex -19.6073 3.25 -12.9117
      vertex -19.886 3.25 -13.0063
    endloop
  endfacet
  facet normal 0.300021 0.704745 -0.642901
    outer loop
      vertex -19.886 3.25 -13.0063
      vertex -20.5511 4.99 -11.4093
      vertex -20.5481 4.99 -11.4079
    endloop
  endfacet
  facet normal 0.313785 0.704348 -0.636736
    outer loop
      vertex -20.5511 4.99 -11.4093
      vertex -19.886 3.25 -13.0063
      vertex -20.15 3.25 -13.1364
    endloop
  endfacet
  facet normal 0.533746 0.704334 -0.468005
    outer loop
      vertex -21.8394 4.99 -12.2706
      vertex -20.616 3.25 -13.494
      vertex -22.1804 4.99 -12.6595
    endloop
  endfacet
  facet normal 0.468005 0.704334 -0.533746
    outer loop
      vertex -21.4505 4.99 -11.9296
      vertex -20.616 3.25 -13.494
      vertex -21.8394 4.99 -12.2706
    endloop
  endfacet
  facet normal 0.580169 0.704785 -0.408267
    outer loop
      vertex -20.81 3.25 -13.7153
      vertex -22.1845 4.99 -12.6648
      vertex -22.1826 4.99 -12.6621
    endloop
  endfacet
  facet normal 0.590113 0.70435 -0.394534
    outer loop
      vertex -22.1845 4.99 -12.6648
      vertex -20.81 3.25 -13.7153
      vertex -20.9736 3.25 -13.96
    endloop
  endfacet
  facet normal -0.228225 0.704328 0.672187
    outer loop
      vertex -17.5019 4.99 -18.7621
      vertex -17.9917 4.99 -18.9284
      vertex -18.164 3.25 -17.1637
    endloop
  endfacet
  facet normal -0.138477 0.704337 0.696228
    outer loop
      vertex -18.4427 3.25 -17.2583
      vertex -17.9949 4.99 -18.9295
      vertex -18.5022 4.99 -19.0304
    endloop
  endfacet
  facet normal -0.636678 0.704328 0.313948
    outer loop
      vertex -15.3493 4.99 -16.6111
      vertex -15.5781 4.99 -17.0751
      vertex -17.0764 3.25 -16.21
    endloop
  endfacet
  facet normal 0.228167 0.704335 0.672199
    outer loop
      vertex -19.6073 3.25 -17.2583
      vertex -20.0583 4.99 -18.9284
      vertex -19.886 3.25 -17.1637
    endloop
  endfacet
  facet normal 0.230793 0.704245 0.671397
    outer loop
      vertex -20.0583 4.99 -18.9284
      vertex -19.6073 3.25 -17.2583
      vertex -20.0551 4.99 -18.9295
    endloop
  endfacet
  facet normal 0.138477 0.704337 0.696228
    outer loop
      vertex -19.6073 3.25 -17.2583
      vertex -19.5478 4.99 -19.0304
      vertex -20.0551 4.99 -18.9295
    endloop
  endfacet
  facet normal 0.636678 0.704328 0.313948
    outer loop
      vertex -20.9736 3.25 -16.21
      vertex -22.4719 4.99 -17.0751
      vertex -22.7007 4.99 -16.6111
    endloop
  endfacet
  facet normal 0.708358 0.704328 -0.0463822
    outer loop
      vertex -22.9713 4.99 -14.5688
      vertex -21.275 3.25 -15.085
      vertex -23.0051 4.99 -15.085
    endloop
  endfacet
  facet normal 0.708358 0.704328 0.0463822
    outer loop
      vertex -21.275 3.25 -15.085
      vertex -22.9713 4.99 -15.6012
      vertex -23.0051 4.99 -15.085
    endloop
  endfacet
  facet normal 0.672187 0.704328 0.228225
    outer loop
      vertex -21.1037 3.25 -15.946
      vertex -22.7021 4.99 -16.6081
      vertex -22.8684 4.99 -16.1183
    endloop
  endfacet
  facet normal 0.636736 0.704348 0.313785
    outer loop
      vertex -22.7007 4.99 -16.6111
      vertex -21.1037 3.25 -15.946
      vertex -20.9736 3.25 -16.21
    endloop
  endfacet
  facet normal 0.642901 0.704745 0.300021
    outer loop
      vertex -21.1037 3.25 -15.946
      vertex -22.7007 4.99 -16.6111
      vertex -22.7021 4.99 -16.6081
    endloop
  endfacet
  facet normal 0.468005 0.704334 0.533746
    outer loop
      vertex -20.616 3.25 -16.676
      vertex -21.4505 4.99 -18.2404
      vertex -21.8394 4.99 -17.8994
    endloop
  endfacet
  facet normal 0.533746 0.704334 0.468005
    outer loop
      vertex -20.616 3.25 -16.676
      vertex -21.8394 4.99 -17.8994
      vertex -22.1804 4.99 -17.5105
    endloop
  endfacet
  facet normal 0.394534 0.70435 0.590113
    outer loop
      vertex -21.4452 4.99 -18.2445
      vertex -20.3947 3.25 -16.87
      vertex -20.15 3.25 -17.0336
    endloop
  endfacet
  facet normal 0.408267 0.704785 0.580169
    outer loop
      vertex -20.3947 3.25 -16.87
      vertex -21.4452 4.99 -18.2445
      vertex -21.4479 4.99 -18.2426
    endloop
  endfacet
  facet normal 0.636736 0.704348 -0.313785
    outer loop
      vertex -21.1037 3.25 -14.224
      vertex -22.7007 4.99 -13.5589
      vertex -20.9736 3.25 -13.96
    endloop
  endfacet
  facet normal 0.642901 0.704745 -0.300021
    outer loop
      vertex -22.7007 4.99 -13.5589
      vertex -21.1037 3.25 -14.224
      vertex -22.7021 4.99 -13.5619
    endloop
  endfacet
  facet normal 0.138477 0.704337 -0.696228
    outer loop
      vertex -19.5478 4.99 -11.1396
      vertex -19.6073 3.25 -12.9117
      vertex -20.0551 4.99 -11.2405
    endloop
  endfacet
  facet normal 0.147369 0.704002 -0.69474
    outer loop
      vertex -19.3187 3.25 -12.8542
      vertex -19.5478 4.99 -11.1396
      vertex -19.5445 4.99 -11.1389
    endloop
  endfacet
  facet normal 0.138711 0.70431 -0.696209
    outer loop
      vertex -19.5478 4.99 -11.1396
      vertex -19.3187 3.25 -12.8542
      vertex -19.6073 3.25 -12.9117
    endloop
  endfacet
  facet normal -0.0463822 0.704328 0.708358
    outer loop
      vertex -18.5088 4.99 -19.0313
      vertex -19.025 4.99 -19.0651
      vertex -19.025 3.25 -17.335
    endloop
  endfacet
  facet normal -0.0429511 0.704207 0.708694
    outer loop
      vertex -18.5088 4.99 -19.0313
      vertex -18.7313 3.25 -17.3158
      vertex -18.5055 4.99 -19.0311
    endloop
  endfacet
  facet normal -0.0463083 0.704319 0.708372
    outer loop
      vertex -18.7313 3.25 -17.3158
      vertex -18.5088 4.99 -19.0313
      vertex -19.025 3.25 -17.335
    endloop
  endfacet
  facet normal -0.642901 0.704745 0.300021
    outer loop
      vertex -15.3493 4.99 -16.6111
      vertex -16.9463 3.25 -15.946
      vertex -15.3479 4.99 -16.6081
    endloop
  endfacet
  facet normal -0.636736 0.704348 0.313785
    outer loop
      vertex -16.9463 3.25 -15.946
      vertex -15.3493 4.99 -16.6111
      vertex -17.0764 3.25 -16.21
    endloop
  endfacet
  facet normal 0.313785 0.704348 0.636736
    outer loop
      vertex -19.886 3.25 -17.1637
      vertex -20.5511 4.99 -18.7607
      vertex -20.15 3.25 -17.0336
    endloop
  endfacet
  facet normal 0.300021 0.704745 0.642901
    outer loop
      vertex -20.5511 4.99 -18.7607
      vertex -19.886 3.25 -17.1637
      vertex -20.5481 4.99 -18.7621
    endloop
  endfacet
  facet normal 0.708372 0.704319 0.0463083
    outer loop
      vertex -21.2558 3.25 -15.3787
      vertex -22.9713 4.99 -15.6012
      vertex -21.275 3.25 -15.085
    endloop
  endfacet
  facet normal 0.708694 0.704207 0.0429511
    outer loop
      vertex -22.9713 4.99 -15.6012
      vertex -21.2558 3.25 -15.3787
      vertex -22.9711 4.99 -15.6045
    endloop
  endfacet
  facet normal 0.708694 0.704207 -0.0429511
    outer loop
      vertex -21.2558 3.25 -14.7913
      vertex -22.9713 4.99 -14.5688
      vertex -22.9711 4.99 -14.5655
    endloop
  endfacet
  facet normal 0.708372 0.704319 -0.0463083
    outer loop
      vertex -22.9713 4.99 -14.5688
      vertex -21.2558 3.25 -14.7913
      vertex -21.275 3.25 -15.085
    endloop
  endfacet
  facet normal 0.69474 0.704002 0.147369
    outer loop
      vertex -21.2558 3.25 -15.3787
      vertex -22.9704 4.99 -15.6078
      vertex -22.9711 4.99 -15.6045
    endloop
  endfacet
  facet normal 0.696209 0.70431 0.138711
    outer loop
      vertex -22.9704 4.99 -15.6078
      vertex -21.2558 3.25 -15.3787
      vertex -21.1983 3.25 -15.6673
    endloop
  endfacet
  facet normal 0.696228 0.704337 0.138477
    outer loop
      vertex -21.1983 3.25 -15.6673
      vertex -22.8695 4.99 -16.1151
      vertex -22.9704 4.99 -15.6078
    endloop
  endfacet
  facet normal -0.313948 0.704328 0.636678
    outer loop
      vertex -17.0349 4.99 -18.5319
      vertex -17.4989 4.99 -18.7607
      vertex -17.9 3.25 -17.0336
    endloop
  endfacet
  facet normal -0.3944 0.70433 0.590228
    outer loop
      vertex -16.6048 4.99 -18.2445
      vertex -17.0349 4.99 -18.5319
      vertex -17.9 3.25 -17.0336
    endloop
  endfacet
  facet normal 0.0463822 0.704328 0.708358
    outer loop
      vertex -19.025 3.25 -17.335
      vertex -19.025 4.99 -19.0651
      vertex -19.5412 4.99 -19.0313
    endloop
  endfacet
  facet normal -0.467941 0.704343 0.53379
    outer loop
      vertex -16.5995 4.99 -18.2404
      vertex -17.6553 3.25 -16.87
      vertex -17.434 3.25 -16.676
    endloop
  endfacet
  facet normal -0.458311 0.704683 0.54164
    outer loop
      vertex -17.6553 3.25 -16.87
      vertex -16.5995 4.99 -18.2404
      vertex -16.6021 4.99 -18.2426
    endloop
  endfacet
  facet normal -0.672187 0.704328 0.228225
    outer loop
      vertex -15.1816 4.99 -16.1183
      vertex -15.3479 4.99 -16.6081
      vertex -16.9463 3.25 -15.946
    endloop
  endfacet
  facet normal -0.228167 0.704335 0.672199
    outer loop
      vertex -17.9917 4.99 -18.9284
      vertex -18.4427 3.25 -17.2583
      vertex -18.164 3.25 -17.1637
    endloop
  endfacet
  facet normal -0.230793 0.704245 0.671397
    outer loop
      vertex -18.4427 3.25 -17.2583
      vertex -17.9917 4.99 -18.9284
      vertex -17.9949 4.99 -18.9295
    endloop
  endfacet
  facet normal 0.0463083 0.704319 0.708372
    outer loop
      vertex -19.5412 4.99 -19.0313
      vertex -19.3187 3.25 -17.3158
      vertex -19.025 3.25 -17.335
    endloop
  endfacet
  facet normal 0.0429511 0.704207 0.708694
    outer loop
      vertex -19.3187 3.25 -17.3158
      vertex -19.5412 4.99 -19.0313
      vertex -19.5445 4.99 -19.0311
    endloop
  endfacet
  facet normal -0.533746 0.704334 0.468005
    outer loop
      vertex -15.8696 4.99 -17.5105
      vertex -16.2106 4.99 -17.8994
      vertex -17.434 3.25 -16.676
    endloop
  endfacet
  facet normal -0.468005 0.704334 0.533746
    outer loop
      vertex -16.2106 4.99 -17.8994
      vertex -16.5995 4.99 -18.2404
      vertex -17.434 3.25 -16.676
    endloop
  endfacet
  facet normal -0.54164 0.704683 0.458311
    outer loop
      vertex -15.8696 4.99 -17.5105
      vertex -17.24 3.25 -16.4547
      vertex -15.8674 4.99 -17.5079
    endloop
  endfacet
  facet normal -0.53379 0.704343 0.467941
    outer loop
      vertex -17.24 3.25 -16.4547
      vertex -15.8696 4.99 -17.5105
      vertex -17.434 3.25 -16.676
    endloop
  endfacet
  facet normal -0.590113 0.70435 0.394534
    outer loop
      vertex -15.8655 4.99 -17.5052
      vertex -17.24 3.25 -16.4547
      vertex -17.0764 3.25 -16.21
    endloop
  endfacet
  facet normal -0.580169 0.704785 0.408267
    outer loop
      vertex -17.24 3.25 -16.4547
      vertex -15.8655 4.99 -17.5052
      vertex -15.8674 4.99 -17.5079
    endloop
  endfacet
  facet normal -0.671397 0.704245 0.230793
    outer loop
      vertex -15.1816 4.99 -16.1183
      vertex -16.8517 3.25 -15.6673
      vertex -15.1805 4.99 -16.1151
    endloop
  endfacet
  facet normal -0.672199 0.704335 0.228167
    outer loop
      vertex -16.8517 3.25 -15.6673
      vertex -15.1816 4.99 -16.1183
      vertex -16.9463 3.25 -15.946
    endloop
  endfacet
  facet normal -0.138711 0.70431 0.696209
    outer loop
      vertex -18.5022 4.99 -19.0304
      vertex -18.7313 3.25 -17.3158
      vertex -18.4427 3.25 -17.2583
    endloop
  endfacet
  facet normal -0.147369 0.704002 0.69474
    outer loop
      vertex -18.7313 3.25 -17.3158
      vertex -18.5022 4.99 -19.0304
      vertex -18.5055 4.99 -19.0311
    endloop
  endfacet
  facet normal -0.696228 0.704337 0.138477
    outer loop
      vertex -15.0796 4.99 -15.6078
      vertex -15.1805 4.99 -16.1151
      vertex -16.8517 3.25 -15.6673
    endloop
  endfacet
  facet normal -0.69472 0.704022 0.147365
    outer loop
      vertex -15.0796 4.99 -15.6078
      vertex -16.7943 3.25 -15.3787
      vertex -15.0789 4.99 -15.6045
    endloop
  endfacet
  facet normal -0.696228 0.704337 0.138474
    outer loop
      vertex -16.7943 3.25 -15.3787
      vertex -15.0796 4.99 -15.6078
      vertex -16.8517 3.25 -15.6673
    endloop
  endfacet
  facet normal -0.997861 0 0.0653646
    outer loop
      vertex -15.0592 4.99 -15.6071
      vertex -15.025 5 -15.085
      vertex -15.0592 5 -15.6071
    endloop
  endfacet
  facet normal -0.997861 0 0.0653646
    outer loop
      vertex -15.025 5 -15.085
      vertex -15.0592 4.99 -15.6071
      vertex -15.025 4.99 -15.085
    endloop
  endfacet
  facet normal 0.997861 -0 0.0653646
    outer loop
      vertex -23.025 4.99 -15.085
      vertex -22.9908 5 -15.6071
      vertex -23.025 5 -15.085
    endloop
  endfacet
  facet normal 0.997861 0 0.0653646
    outer loop
      vertex -22.9908 5 -15.6071
      vertex -23.025 4.99 -15.085
      vertex -22.9908 4.99 -15.6071
    endloop
  endfacet
  facet normal -0.0653646 0 0.997861
    outer loop
      vertex -19.025 5 -19.085
      vertex -18.5029 4.99 -19.0508
      vertex -18.5029 5 -19.0508
    endloop
  endfacet
  facet normal -0.0653646 0 0.997861
    outer loop
      vertex -18.5029 4.99 -19.0508
      vertex -19.025 5 -19.085
      vertex -19.025 4.99 -19.085
    endloop
  endfacet
  facet normal 0.751842 0 -0.659343
    outer loop
      vertex -21.8534 4.99 -12.2566
      vertex -22.1984 5 -12.65
      vertex -21.8534 5 -12.2566
    endloop
  endfacet
  facet normal 0.751842 0 -0.659343
    outer loop
      vertex -22.1984 5 -12.65
      vertex -21.8534 4.99 -12.2566
      vertex -22.1984 4.99 -12.65
    endloop
  endfacet
  facet normal -0.659343 0 0.751842
    outer loop
      vertex -16.59 5 -18.2584
      vertex -16.1966 4.99 -17.9134
      vertex -16.1966 5 -17.9134
    endloop
  endfacet
  facet normal -0.659343 0 0.751842
    outer loop
      vertex -16.1966 4.99 -17.9134
      vertex -16.59 5 -18.2584
      vertex -16.59 4.99 -18.2584
    endloop
  endfacet
  facet normal 0.659343 0 0.751842
    outer loop
      vertex -21.8534 5 -17.9134
      vertex -21.46 4.99 -18.2584
      vertex -21.46 5 -18.2584
    endloop
  endfacet
  facet normal 0.659343 0 0.751842
    outer loop
      vertex -21.46 4.99 -18.2584
      vertex -21.8534 5 -17.9134
      vertex -21.8534 4.99 -17.9134
    endloop
  endfacet
  facet normal 0.321498 0 0.94691
    outer loop
      vertex -20.5557 5 -18.7805
      vertex -20.0603 4.99 -18.9487
      vertex -20.0603 5 -18.9487
    endloop
  endfacet
  facet normal 0.321498 0 0.94691
    outer loop
      vertex -20.0603 4.99 -18.9487
      vertex -20.5557 5 -18.7805
      vertex -20.5557 4.99 -18.7805
    endloop
  endfacet
  facet normal 0.94691 0 -0.321498
    outer loop
      vertex -22.7205 4.99 -13.5543
      vertex -22.8887 5 -14.0497
      vertex -22.7205 5 -13.5543
    endloop
  endfacet
  facet normal 0.94691 0 -0.321498
    outer loop
      vertex -22.8887 5 -14.0497
      vertex -22.7205 4.99 -13.5543
      vertex -22.8887 4.99 -14.0497
    endloop
  endfacet
  facet normal 0 1 -0
    outer loop
      vertex -18.5088 4.99 -11.1387
      vertex -19.025 4.99 -11.085
      vertex -18.5029 4.99 -11.1192
    endloop
  endfacet
  facet normal 0 1 0
    outer loop
      vertex -19.025 4.99 -11.085
      vertex -18.5088 4.99 -11.1387
      vertex -19.025 4.99 -11.1049
    endloop
  endfacet
  facet normal 0 1 0
    outer loop
      vertex -18.5029 4.99 -11.1192
      vertex -18.5055 4.99 -11.1389
      vertex -18.5088 4.99 -11.1387
    endloop
  endfacet
  facet normal 0 1 0
    outer loop
      vertex -18.5029 4.99 -11.1192
      vertex -18.5022 4.99 -11.1396
      vertex -18.5055 4.99 -11.1389
    endloop
  endfacet
  facet normal 0 1 0
    outer loop
      vertex -17.9897 4.99 -11.2213
      vertex -18.5022 4.99 -11.1396
      vertex -18.5029 4.99 -11.1192
    endloop
  endfacet
  facet normal 0 1 0
    outer loop
      vertex -17.9897 4.99 -11.2213
      vertex -17.9949 4.99 -11.2405
      vertex -18.5022 4.99 -11.1396
    endloop
  endfacet
  facet normal 0 1 0
    outer loop
      vertex -17.9897 4.99 -11.2213
      vertex -17.9917 4.99 -11.2416
      vertex -17.9949 4.99 -11.2405
    endloop
  endfacet
  facet normal 0 1 0
    outer loop
      vertex -17.4943 4.99 -11.3895
      vertex -17.9917 4.99 -11.2416
      vertex -17.9897 4.99 -11.2213
    endloop
  endfacet
  facet normal 0 1 0
    outer loop
      vertex -17.4943 4.99 -11.3895
      vertex -17.5019 4.99 -11.4079
      vertex -17.9917 4.99 -11.2416
    endloop
  endfacet
  facet normal 0 1 0
    outer loop
      vertex -17.4943 4.99 -11.3895
      vertex -17.4989 4.99 -11.4093
      vertex -17.5019 4.99 -11.4079
    endloop
  endfacet
  facet normal 0 1 0
    outer loop
      vertex -17.025 4.99 -11.6209
      vertex -17.4989 4.99 -11.4093
      vertex -17.4943 4.99 -11.3895
    endloop
  endfacet
  facet normal 0 1 0
    outer loop
      vertex -17.025 4.99 -11.6209
      vertex -17.0349 4.99 -11.6381
      vertex -17.4989 4.99 -11.4093
    endloop
  endfacet
  facet normal 0 1 -0
    outer loop
      vertex -16.6048 4.99 -11.9255
      vertex -17.025 4.99 -11.6209
      vertex -16.59 4.99 -11.9116
    endloop
  endfacet
  facet normal 0 1 0
    outer loop
      vertex -17.025 4.99 -11.6209
      vertex -16.6048 4.99 -11.9255
      vertex -17.0349 4.99 -11.6381
    endloop
  endfacet
  facet normal 0 1 0
    outer loop
      vertex -16.59 4.99 -11.9116
      vertex -16.6021 4.99 -11.9274
      vertex -16.6048 4.99 -11.9255
    endloop
  endfacet
  facet normal 0 1 0
    outer loop
      vertex -16.59 4.99 -11.9116
      vertex -16.5995 4.99 -11.9296
      vertex -16.6021 4.99 -11.9274
    endloop
  endfacet
  facet normal 0 1 0
    outer loop
      vertex -16.1966 4.99 -12.2566
      vertex -16.5995 4.99 -11.9296
      vertex -16.59 4.99 -11.9116
    endloop
  endfacet
  facet normal 0 1 0
    outer loop
      vertex -16.1966 4.99 -12.2566
      vertex -16.2106 4.99 -12.2706
      vertex -16.5995 4.99 -11.9296
    endloop
  endfacet
  facet normal 0 1 -0
    outer loop
      vertex -15.8696 4.99 -12.6595
      vertex -16.1966 4.99 -12.2566
      vertex -15.8516 4.99 -12.65
    endloop
  endfacet
  facet normal 0 1 0
    outer loop
      vertex -16.1966 4.99 -12.2566
      vertex -15.8696 4.99 -12.6595
      vertex -16.2106 4.99 -12.2706
    endloop
  endfacet
  facet normal 0 1 0
    outer loop
      vertex -15.8516 4.99 -12.65
      vertex -15.8674 4.99 -12.6621
      vertex -15.8696 4.99 -12.6595
    endloop
  endfacet
  facet normal 0 1 0
    outer loop
      vertex -15.8516 4.99 -12.65
      vertex -15.8655 4.99 -12.6648
      vertex -15.8674 4.99 -12.6621
    endloop
  endfacet
  facet normal 0 1 0
    outer loop
      vertex -15.5609 4.99 -13.085
      vertex -15.8655 4.99 -12.6648
      vertex -15.8516 4.99 -12.65
    endloop
  endfacet
  facet normal 0 1 0
    outer loop
      vertex -15.5609 4.99 -13.085
      vertex -15.5781 4.99 -13.0949
      vertex -15.8655 4.99 -12.6648
    endloop
  endfacet
  facet normal 0 1 -0
    outer loop
      vertex -15.3493 4.99 -13.5589
      vertex -15.5609 4.99 -13.085
      vertex -15.3295 4.99 -13.5543
    endloop
  endfacet
  facet normal 0 1 0
    outer loop
      vertex -15.5609 4.99 -13.085
      vertex -15.3493 4.99 -13.5589
      vertex -15.5781 4.99 -13.0949
    endloop
  endfacet
  facet normal 0 1 0
    outer loop
      vertex -15.3295 4.99 -13.5543
      vertex -15.3479 4.99 -13.5619
      vertex -15.3493 4.99 -13.5589
    endloop
  endfacet
  facet normal 0 1 -0
    outer loop
      vertex -15.1816 4.99 -14.0517
      vertex -15.3295 4.99 -13.5543
      vertex -15.1613 4.99 -14.0497
    endloop
  endfacet
  facet normal 0 1 0
    outer loop
      vertex -15.3295 4.99 -13.5543
      vertex -15.1816 4.99 -14.0517
      vertex -15.3479 4.99 -13.5619
    endloop
  endfacet
  facet normal 0 1 0
    outer loop
      vertex -15.1613 4.99 -14.0497
      vertex -15.1805 4.99 -14.0549
      vertex -15.1816 4.99 -14.0517
    endloop
  endfacet
  facet normal 0 1 0
    outer loop
      vertex -15.1613 4.99 -14.0497
      vertex -15.0796 4.99 -14.5622
      vertex -15.1805 4.99 -14.0549
    endloop
  endfacet
  facet normal 0 1 0
    outer loop
      vertex -15.0592 4.99 -14.5629
      vertex -15.0796 4.99 -14.5622
      vertex -15.1613 4.99 -14.0497
    endloop
  endfacet
  facet normal 0 1 0
    outer loop
      vertex -15.0592 4.99 -14.5629
      vertex -15.0789 4.99 -14.5655
      vertex -15.0796 4.99 -14.5622
    endloop
  endfacet
  facet normal 0 1 0
    outer loop
      vertex -15.0592 4.99 -14.5629
      vertex -15.0787 4.99 -14.5688
      vertex -15.0789 4.99 -14.5655
    endloop
  endfacet
  facet normal 0 1 0
    outer loop
      vertex -15.025 4.99 -15.085
      vertex -15.0787 4.99 -14.5688
      vertex -15.0592 4.99 -14.5629
    endloop
  endfacet
  facet normal 0 1 0
    outer loop
      vertex -15.025 4.99 -15.085
      vertex -15.0449 4.99 -15.085
      vertex -15.0787 4.99 -14.5688
    endloop
  endfacet
  facet normal 0 1 0
    outer loop
      vertex -15.025 4.99 -15.085
      vertex -15.0787 4.99 -15.6012
      vertex -15.0449 4.99 -15.085
    endloop
  endfacet
  facet normal 0 1 -0
    outer loop
      vertex -15.0592 4.99 -15.6071
      vertex -15.0787 4.99 -15.6012
      vertex -15.025 4.99 -15.085
    endloop
  endfacet
  facet normal 0 1 0
    outer loop
      vertex -15.0787 4.99 -15.6012
      vertex -15.0592 4.99 -15.6071
      vertex -15.0789 4.99 -15.6045
    endloop
  endfacet
  facet normal 0 1 0
    outer loop
      vertex -15.0592 4.99 -15.6071
      vertex -15.0796 4.99 -15.6078
      vertex -15.0789 4.99 -15.6045
    endloop
  endfacet
  facet normal 0 1 0
    outer loop
      vertex -15.1613 4.99 -16.1203
      vertex -15.0796 4.99 -15.6078
      vertex -15.0592 4.99 -15.6071
    endloop
  endfacet
  facet normal 0 1 0
    outer loop
      vertex -15.0796 4.99 -15.6078
      vertex -15.1613 4.99 -16.1203
      vertex -15.1805 4.99 -16.1151
    endloop
  endfacet
  facet normal 0 1 0
    outer loop
      vertex -15.1613 4.99 -16.1203
      vertex -15.1816 4.99 -16.1183
      vertex -15.1805 4.99 -16.1151
    endloop
  endfacet
  facet normal 0 1 0
    outer loop
      vertex -15.3295 4.99 -16.6157
      vertex -15.1816 4.99 -16.1183
      vertex -15.1613 4.99 -16.1203
    endloop
  endfacet
  facet normal 0 1 0
    outer loop
      vertex -15.1816 4.99 -16.1183
      vertex -15.3295 4.99 -16.6157
      vertex -15.3479 4.99 -16.6081
    endloop
  endfacet
  facet normal 0 1 0
    outer loop
      vertex -15.3295 4.99 -16.6157
      vertex -15.3493 4.99 -16.6111
      vertex -15.3479 4.99 -16.6081
    endloop
  endfacet
  facet normal 0 1 0
    outer loop
      vertex -15.5609 4.99 -17.085
      vertex -15.3493 4.99 -16.6111
      vertex -15.3295 4.99 -16.6157
    endloop
  endfacet
  facet normal 0 1 0
    outer loop
      vertex -15.3493 4.99 -16.6111
      vertex -15.5609 4.99 -17.085
      vertex -15.5781 4.99 -17.0751
    endloop
  endfacet
  facet normal 0 1 0
    outer loop
      vertex -15.5609 4.99 -17.085
      vertex -15.8655 4.99 -17.5052
      vertex -15.5781 4.99 -17.0751
    endloop
  endfacet
  facet normal 0 1 -0
    outer loop
      vertex -15.8516 4.99 -17.52
      vertex -15.8655 4.99 -17.5052
      vertex -15.5609 4.99 -17.085
    endloop
  endfacet
  facet normal 0 1 0
    outer loop
      vertex -15.8655 4.99 -17.5052
      vertex -15.8516 4.99 -17.52
      vertex -15.8674 4.99 -17.5079
    endloop
  endfacet
  facet normal 0 1 0
    outer loop
      vertex -15.8516 4.99 -17.52
      vertex -15.8696 4.99 -17.5105
      vertex -15.8674 4.99 -17.5079
    endloop
  endfacet
  facet normal 0 1 0
    outer loop
      vertex -16.1966 4.99 -17.9134
      vertex -15.8696 4.99 -17.5105
      vertex -15.8516 4.99 -17.52
    endloop
  endfacet
  facet normal 0 1 0
    outer loop
      vertex -15.8696 4.99 -17.5105
      vertex -16.1966 4.99 -17.9134
      vertex -16.2106 4.99 -17.8994
    endloop
  endfacet
  facet normal 0 1 0
    outer loop
      vertex -16.1966 4.99 -17.9134
      vertex -16.5995 4.99 -18.2404
      vertex -16.2106 4.99 -17.8994
    endloop
  endfacet
  facet normal 0 1 -0
    outer loop
      vertex -16.59 4.99 -18.2584
      vertex -16.5995 4.99 -18.2404
      vertex -16.1966 4.99 -17.9134
    endloop
  endfacet
  facet normal 0 1 0
    outer loop
      vertex -16.5995 4.99 -18.2404
      vertex -16.59 4.99 -18.2584
      vertex -16.6021 4.99 -18.2426
    endloop
  endfacet
  facet normal 0 1 0
    outer loop
      vertex -16.59 4.99 -18.2584
      vertex -16.6048 4.99 -18.2445
      vertex -16.6021 4.99 -18.2426
    endloop
  endfacet
  facet normal 0 1 0
    outer loop
      vertex -17.025 4.99 -18.5491
      vertex -16.6048 4.99 -18.2445
      vertex -16.59 4.99 -18.2584
    endloop
  endfacet
  facet normal 0 1 0
    outer loop
      vertex -16.6048 4.99 -18.2445
      vertex -17.025 4.99 -18.5491
      vertex -17.0349 4.99 -18.5319
    endloop
  endfacet
  facet normal 0 1 0
    outer loop
      vertex -17.025 4.99 -18.5491
      vertex -17.4989 4.99 -18.7607
      vertex -17.0349 4.99 -18.5319
    endloop
  endfacet
  facet normal 0 1 -0
    outer loop
      vertex -17.4943 4.99 -18.7805
      vertex -17.4989 4.99 -18.7607
      vertex -17.025 4.99 -18.5491
    endloop
  endfacet
  facet normal 0 1 0
    outer loop
      vertex -17.4989 4.99 -18.7607
      vertex -17.4943 4.99 -18.7805
      vertex -17.5019 4.99 -18.7621
    endloop
  endfacet
  facet normal 0 1 0
    outer loop
      vertex -17.4943 4.99 -18.7805
      vertex -17.9917 4.99 -18.9284
      vertex -17.5019 4.99 -18.7621
    endloop
  endfacet
  facet normal 0 1 -0
    outer loop
      vertex -17.9897 4.99 -18.9487
      vertex -17.9917 4.99 -18.9284
      vertex -17.4943 4.99 -18.7805
    endloop
  endfacet
  facet normal 0 1 0
    outer loop
      vertex -17.9917 4.99 -18.9284
      vertex -17.9897 4.99 -18.9487
      vertex -17.9949 4.99 -18.9295
    endloop
  endfacet
  facet normal 0 1 0
    outer loop
      vertex -17.9897 4.99 -18.9487
      vertex -18.5022 4.99 -19.0304
      vertex -17.9949 4.99 -18.9295
    endloop
  endfacet
  facet normal 0 1 0
    outer loop
      vertex -18.5029 4.99 -19.0508
      vertex -18.5022 4.99 -19.0304
      vertex -17.9897 4.99 -18.9487
    endloop
  endfacet
  facet normal 0 1 0
    outer loop
      vertex -18.5022 4.99 -19.0304
      vertex -18.5029 4.99 -19.0508
      vertex -18.5055 4.99 -19.0311
    endloop
  endfacet
  facet normal 0 1 0
    outer loop
      vertex -18.5029 4.99 -19.0508
      vertex -18.5088 4.99 -19.0313
      vertex -18.5055 4.99 -19.0311
    endloop
  endfacet
  facet normal 0 1 0
    outer loop
      vertex -19.025 4.99 -19.085
      vertex -18.5088 4.99 -19.0313
      vertex -18.5029 4.99 -19.0508
    endloop
  endfacet
  facet normal 0 1 0
    outer loop
      vertex -18.5088 4.99 -19.0313
      vertex -19.025 4.99 -19.085
      vertex -19.025 4.99 -19.0651
    endloop
  endfacet
  facet normal 0 1 0
    outer loop
      vertex -19.5412 4.99 -11.1387
      vertex -19.025 4.99 -11.085
      vertex -19.025 4.99 -11.1049
    endloop
  endfacet
  facet normal 0 1 0
    outer loop
      vertex -19.025 4.99 -11.085
      vertex -19.5412 4.99 -11.1387
      vertex -19.5471 4.99 -11.1192
    endloop
  endfacet
  facet normal 0 1 -0
    outer loop
      vertex -19.5445 4.99 -11.1389
      vertex -19.5471 4.99 -11.1192
      vertex -19.5412 4.99 -11.1387
    endloop
  endfacet
  facet normal 0 1 0
    outer loop
      vertex -19.5478 4.99 -11.1396
      vertex -19.5471 4.99 -11.1192
      vertex -19.5445 4.99 -11.1389
    endloop
  endfacet
  facet normal 0 1 -0
    outer loop
      vertex -19.5478 4.99 -11.1396
      vertex -20.0603 4.99 -11.2213
      vertex -19.5471 4.99 -11.1192
    endloop
  endfacet
  facet normal 0 1 -0
    outer loop
      vertex -20.0551 4.99 -11.2405
      vertex -20.0603 4.99 -11.2213
      vertex -19.5478 4.99 -11.1396
    endloop
  endfacet
  facet normal 0 1 -0
    outer loop
      vertex -20.0583 4.99 -11.2416
      vertex -20.0603 4.99 -11.2213
      vertex -20.0551 4.99 -11.2405
    endloop
  endfacet
  facet normal 0 1 0
    outer loop
      vertex -20.0583 4.99 -11.2416
      vertex -20.5557 4.99 -11.3895
      vertex -20.0603 4.99 -11.2213
    endloop
  endfacet
  facet normal 0 1 -0
    outer loop
      vertex -20.5481 4.99 -11.4079
      vertex -20.5557 4.99 -11.3895
      vertex -20.0583 4.99 -11.2416
    endloop
  endfacet
  facet normal 0 1 -0
    outer loop
      vertex -20.5511 4.99 -11.4093
      vertex -20.5557 4.99 -11.3895
      vertex -20.5481 4.99 -11.4079
    endloop
  endfacet
  facet normal 0 1 0
    outer loop
      vertex -20.5511 4.99 -11.4093
      vertex -21.025 4.99 -11.6209
      vertex -20.5557 4.99 -11.3895
    endloop
  endfacet
  facet normal 0 1 -0
    outer loop
      vertex -21.0151 4.99 -11.6381
      vertex -21.025 4.99 -11.6209
      vertex -20.5511 4.99 -11.4093
    endloop
  endfacet
  facet normal 0 1 0
    outer loop
      vertex -21.4452 4.99 -11.9255
      vertex -21.025 4.99 -11.6209
      vertex -21.0151 4.99 -11.6381
    endloop
  endfacet
  facet normal 0 1 0
    outer loop
      vertex -21.025 4.99 -11.6209
      vertex -21.4452 4.99 -11.9255
      vertex -21.46 4.99 -11.9116
    endloop
  endfacet
  facet normal 0 1 -0
    outer loop
      vertex -21.4479 4.99 -11.9274
      vertex -21.46 4.99 -11.9116
      vertex -21.4452 4.99 -11.9255
    endloop
  endfacet
  facet normal 0 1 -0
    outer loop
      vertex -21.4505 4.99 -11.9296
      vertex -21.46 4.99 -11.9116
      vertex -21.4479 4.99 -11.9274
    endloop
  endfacet
  facet normal 0 1 0
    outer loop
      vertex -21.4505 4.99 -11.9296
      vertex -21.8534 4.99 -12.2566
      vertex -21.46 4.99 -11.9116
    endloop
  endfacet
  facet normal 0 1 -0
    outer loop
      vertex -21.8394 4.99 -12.2706
      vertex -21.8534 4.99 -12.2566
      vertex -21.4505 4.99 -11.9296
    endloop
  endfacet
  facet normal 0 1 0
    outer loop
      vertex -22.1804 4.99 -12.6595
      vertex -21.8534 4.99 -12.2566
      vertex -21.8394 4.99 -12.2706
    endloop
  endfacet
  facet normal 0 1 0
    outer loop
      vertex -21.8534 4.99 -12.2566
      vertex -22.1804 4.99 -12.6595
      vertex -22.1984 4.99 -12.65
    endloop
  endfacet
  facet normal 0 1 -0
    outer loop
      vertex -22.1826 4.99 -12.6621
      vertex -22.1984 4.99 -12.65
      vertex -22.1804 4.99 -12.6595
    endloop
  endfacet
  facet normal 0 1 -0
    outer loop
      vertex -22.1845 4.99 -12.6648
      vertex -22.1984 4.99 -12.65
      vertex -22.1826 4.99 -12.6621
    endloop
  endfacet
  facet normal 0 1 0
    outer loop
      vertex -22.1845 4.99 -12.6648
      vertex -22.4891 4.99 -13.085
      vertex -22.1984 4.99 -12.65
    endloop
  endfacet
  facet normal 0 1 -0
    outer loop
      vertex -22.4719 4.99 -13.0949
      vertex -22.4891 4.99 -13.085
      vertex -22.1845 4.99 -12.6648
    endloop
  endfacet
  facet normal 0 1 0
    outer loop
      vertex -22.7007 4.99 -13.5589
      vertex -22.4891 4.99 -13.085
      vertex -22.4719 4.99 -13.0949
    endloop
  endfacet
  facet normal 0 1 0
    outer loop
      vertex -22.4891 4.99 -13.085
      vertex -22.7007 4.99 -13.5589
      vertex -22.7205 4.99 -13.5543
    endloop
  endfacet
  facet normal 0 1 -0
    outer loop
      vertex -22.7021 4.99 -13.5619
      vertex -22.7205 4.99 -13.5543
      vertex -22.7007 4.99 -13.5589
    endloop
  endfacet
  facet normal 0 1 0
    outer loop
      vertex -22.8684 4.99 -14.0517
      vertex -22.7205 4.99 -13.5543
      vertex -22.7021 4.99 -13.5619
    endloop
  endfacet
  facet normal 0 1 0
    outer loop
      vertex -22.7205 4.99 -13.5543
      vertex -22.8684 4.99 -14.0517
      vertex -22.8887 4.99 -14.0497
    endloop
  endfacet
  facet normal 0 1 -0
    outer loop
      vertex -22.8695 4.99 -14.0549
      vertex -22.8887 4.99 -14.0497
      vertex -22.8684 4.99 -14.0517
    endloop
  endfacet
  facet normal 0 1 0
    outer loop
      vertex -22.9704 4.99 -14.5622
      vertex -22.8887 4.99 -14.0497
      vertex -22.8695 4.99 -14.0549
    endloop
  endfacet
  facet normal 0 1 -0
    outer loop
      vertex -22.9704 4.99 -14.5622
      vertex -22.9908 4.99 -14.5629
      vertex -22.8887 4.99 -14.0497
    endloop
  endfacet
  facet normal 0 1 -0
    outer loop
      vertex -22.9711 4.99 -14.5655
      vertex -22.9908 4.99 -14.5629
      vertex -22.9704 4.99 -14.5622
    endloop
  endfacet
  facet normal 0 1 -0
    outer loop
      vertex -22.9713 4.99 -14.5688
      vertex -22.9908 4.99 -14.5629
      vertex -22.9711 4.99 -14.5655
    endloop
  endfacet
  facet normal 0 1 0
    outer loop
      vertex -23.025 4.99 -15.085
      vertex -22.9713 4.99 -14.5688
      vertex -23.0051 4.99 -15.085
    endloop
  endfacet
  facet normal 0 1 0
    outer loop
      vertex -22.9713 4.99 -14.5688
      vertex -23.025 4.99 -15.085
      vertex -22.9908 4.99 -14.5629
    endloop
  endfacet
  facet normal 0 1 0
    outer loop
      vertex -22.9713 4.99 -15.6012
      vertex -23.025 4.99 -15.085
      vertex -23.0051 4.99 -15.085
    endloop
  endfacet
  facet normal 0 1 0
    outer loop
      vertex -22.9908 4.99 -15.6071
      vertex -22.9713 4.99 -15.6012
      vertex -22.9711 4.99 -15.6045
    endloop
  endfacet
  facet normal 0 1 0
    outer loop
      vertex -22.9713 4.99 -15.6012
      vertex -22.9908 4.99 -15.6071
      vertex -23.025 4.99 -15.085
    endloop
  endfacet
  facet normal 0 1 0
    outer loop
      vertex -22.9704 4.99 -15.6078
      vertex -22.9908 4.99 -15.6071
      vertex -22.9711 4.99 -15.6045
    endloop
  endfacet
  facet normal 0 1 -0
    outer loop
      vertex -22.8887 4.99 -16.1203
      vertex -22.9704 4.99 -15.6078
      vertex -22.8695 4.99 -16.1151
    endloop
  endfacet
  facet normal 0 1 0
    outer loop
      vertex -22.9704 4.99 -15.6078
      vertex -22.8887 4.99 -16.1203
      vertex -22.9908 4.99 -15.6071
    endloop
  endfacet
  facet normal 0 1 0
    outer loop
      vertex -22.8684 4.99 -16.1183
      vertex -22.8887 4.99 -16.1203
      vertex -22.8695 4.99 -16.1151
    endloop
  endfacet
  facet normal 0 1 -0
    outer loop
      vertex -22.7205 4.99 -16.6157
      vertex -22.8684 4.99 -16.1183
      vertex -22.7021 4.99 -16.6081
    endloop
  endfacet
  facet normal 0 1 0
    outer loop
      vertex -22.8684 4.99 -16.1183
      vertex -22.7205 4.99 -16.6157
      vertex -22.8887 4.99 -16.1203
    endloop
  endfacet
  facet normal 0 1 0
    outer loop
      vertex -22.7007 4.99 -16.6111
      vertex -22.7205 4.99 -16.6157
      vertex -22.7021 4.99 -16.6081
    endloop
  endfacet
  facet normal 0 1 -0
    outer loop
      vertex -22.4891 4.99 -17.085
      vertex -22.7007 4.99 -16.6111
      vertex -22.4719 4.99 -17.0751
    endloop
  endfacet
  facet normal 0 1 0
    outer loop
      vertex -22.7007 4.99 -16.6111
      vertex -22.4891 4.99 -17.085
      vertex -22.7205 4.99 -16.6157
    endloop
  endfacet
  facet normal 0 1 0
    outer loop
      vertex -22.1845 4.99 -17.5052
      vertex -22.4891 4.99 -17.085
      vertex -22.4719 4.99 -17.0751
    endloop
  endfacet
  facet normal 0 1 0
    outer loop
      vertex -22.1984 4.99 -17.52
      vertex -22.1845 4.99 -17.5052
      vertex -22.1826 4.99 -17.5079
    endloop
  endfacet
  facet normal 0 1 0
    outer loop
      vertex -22.1845 4.99 -17.5052
      vertex -22.1984 4.99 -17.52
      vertex -22.4891 4.99 -17.085
    endloop
  endfacet
  facet normal 0 1 0
    outer loop
      vertex -22.1804 4.99 -17.5105
      vertex -22.1984 4.99 -17.52
      vertex -22.1826 4.99 -17.5079
    endloop
  endfacet
  facet normal 0 1 -0
    outer loop
      vertex -21.8534 4.99 -17.9134
      vertex -22.1804 4.99 -17.5105
      vertex -21.8394 4.99 -17.8994
    endloop
  endfacet
  facet normal 0 1 0
    outer loop
      vertex -22.1804 4.99 -17.5105
      vertex -21.8534 4.99 -17.9134
      vertex -22.1984 4.99 -17.52
    endloop
  endfacet
  facet normal 0 1 0
    outer loop
      vertex -21.4505 4.99 -18.2404
      vertex -21.8534 4.99 -17.9134
      vertex -21.8394 4.99 -17.8994
    endloop
  endfacet
  facet normal 0 1 0
    outer loop
      vertex -21.46 4.99 -18.2584
      vertex -21.4505 4.99 -18.2404
      vertex -21.4479 4.99 -18.2426
    endloop
  endfacet
  facet normal 0 1 0
    outer loop
      vertex -21.4505 4.99 -18.2404
      vertex -21.46 4.99 -18.2584
      vertex -21.8534 4.99 -17.9134
    endloop
  endfacet
  facet normal 0 1 0
    outer loop
      vertex -21.4452 4.99 -18.2445
      vertex -21.46 4.99 -18.2584
      vertex -21.4479 4.99 -18.2426
    endloop
  endfacet
  facet normal 0 1 -0
    outer loop
      vertex -21.025 4.99 -18.5491
      vertex -21.4452 4.99 -18.2445
      vertex -21.0151 4.99 -18.5319
    endloop
  endfacet
  facet normal 0 1 0
    outer loop
      vertex -21.4452 4.99 -18.2445
      vertex -21.025 4.99 -18.5491
      vertex -21.46 4.99 -18.2584
    endloop
  endfacet
  facet normal 0 1 0
    outer loop
      vertex -20.5511 4.99 -18.7607
      vertex -21.025 4.99 -18.5491
      vertex -21.0151 4.99 -18.5319
    endloop
  endfacet
  facet normal 0 1 0
    outer loop
      vertex -20.5557 4.99 -18.7805
      vertex -20.5511 4.99 -18.7607
      vertex -20.5481 4.99 -18.7621
    endloop
  endfacet
  facet normal 0 1 0
    outer loop
      vertex -20.5511 4.99 -18.7607
      vertex -20.5557 4.99 -18.7805
      vertex -21.025 4.99 -18.5491
    endloop
  endfacet
  facet normal 0 1 0
    outer loop
      vertex -20.0583 4.99 -18.9284
      vertex -20.5557 4.99 -18.7805
      vertex -20.5481 4.99 -18.7621
    endloop
  endfacet
  facet normal 0 1 0
    outer loop
      vertex -20.0603 4.99 -18.9487
      vertex -20.0583 4.99 -18.9284
      vertex -20.0551 4.99 -18.9295
    endloop
  endfacet
  facet normal 0 1 0
    outer loop
      vertex -20.0583 4.99 -18.9284
      vertex -20.0603 4.99 -18.9487
      vertex -20.5557 4.99 -18.7805
    endloop
  endfacet
  facet normal 0 1 0
    outer loop
      vertex -19.5478 4.99 -19.0304
      vertex -20.0603 4.99 -18.9487
      vertex -20.0551 4.99 -18.9295
    endloop
  endfacet
  facet normal 0 1 -0
    outer loop
      vertex -19.5471 4.99 -19.0508
      vertex -19.5478 4.99 -19.0304
      vertex -19.5445 4.99 -19.0311
    endloop
  endfacet
  facet normal 0 1 0
    outer loop
      vertex -19.5478 4.99 -19.0304
      vertex -19.5471 4.99 -19.0508
      vertex -20.0603 4.99 -18.9487
    endloop
  endfacet
  facet normal 0 1 0
    outer loop
      vertex -19.5412 4.99 -19.0313
      vertex -19.5471 4.99 -19.0508
      vertex -19.5445 4.99 -19.0311
    endloop
  endfacet
  facet normal 0 1 -0
    outer loop
      vertex -19.025 4.99 -19.085
      vertex -19.5412 4.99 -19.0313
      vertex -19.025 4.99 -19.0651
    endloop
  endfacet
  facet normal 0 1 0
    outer loop
      vertex -19.5412 4.99 -19.0313
      vertex -19.025 4.99 -19.085
      vertex -19.5471 4.99 -19.0508
    endloop
  endfacet
  facet normal -0.896898 0 0.442238
    outer loop
      vertex -15.5609 4.99 -17.085
      vertex -15.3295 5 -16.6157
      vertex -15.5609 5 -17.085
    endloop
  endfacet
  facet normal -0.896898 0 0.442238
    outer loop
      vertex -15.3295 5 -16.6157
      vertex -15.5609 4.99 -17.085
      vertex -15.3295 4.99 -16.6157
    endloop
  endfacet
  facet normal -0.831432 0 0.555626
    outer loop
      vertex -15.8516 4.99 -17.52
      vertex -15.5609 5 -17.085
      vertex -15.8516 5 -17.52
    endloop
  endfacet
  facet normal -0.831432 0 0.555626
    outer loop
      vertex -15.5609 5 -17.085
      vertex -15.8516 4.99 -17.52
      vertex -15.5609 4.99 -17.085
    endloop
  endfacet
  facet normal -0.442238 0 0.896898
    outer loop
      vertex -17.4943 5 -18.7805
      vertex -17.025 4.99 -18.5491
      vertex -17.025 5 -18.5491
    endloop
  endfacet
  facet normal -0.442238 0 0.896898
    outer loop
      vertex -17.025 4.99 -18.5491
      vertex -17.4943 5 -18.7805
      vertex -17.4943 4.99 -18.7805
    endloop
  endfacet
  facet normal -0.555626 0 0.831432
    outer loop
      vertex -17.025 5 -18.5491
      vertex -16.59 4.99 -18.2584
      vertex -16.59 5 -18.2584
    endloop
  endfacet
  facet normal -0.555626 0 0.831432
    outer loop
      vertex -16.59 4.99 -18.2584
      vertex -17.025 5 -18.5491
      vertex -17.025 4.99 -18.5491
    endloop
  endfacet
  facet normal 0.896898 -0 0.442238
    outer loop
      vertex -22.7205 4.99 -16.6157
      vertex -22.4891 5 -17.085
      vertex -22.7205 5 -16.6157
    endloop
  endfacet
  facet normal 0.896898 0 0.442238
    outer loop
      vertex -22.4891 5 -17.085
      vertex -22.7205 4.99 -16.6157
      vertex -22.4891 4.99 -17.085
    endloop
  endfacet
  facet normal 0.751842 -0 0.659343
    outer loop
      vertex -22.1984 4.99 -17.52
      vertex -21.8534 5 -17.9134
      vertex -22.1984 5 -17.52
    endloop
  endfacet
  facet normal 0.751842 0 0.659343
    outer loop
      vertex -21.8534 5 -17.9134
      vertex -22.1984 4.99 -17.52
      vertex -21.8534 4.99 -17.9134
    endloop
  endfacet
  facet normal 0.0653646 0 0.997861
    outer loop
      vertex -19.5471 5 -19.0508
      vertex -19.025 4.99 -19.085
      vertex -19.025 5 -19.085
    endloop
  endfacet
  facet normal 0.0653646 0 0.997861
    outer loop
      vertex -19.025 4.99 -19.085
      vertex -19.5471 5 -19.0508
      vertex -19.5471 4.99 -19.0508
    endloop
  endfacet
  facet normal -0.94691 0 -0.321498
    outer loop
      vertex -15.1613 4.99 -14.0497
      vertex -15.3295 5 -13.5543
      vertex -15.1613 5 -14.0497
    endloop
  endfacet
  facet normal -0.94691 -0 -0.321498
    outer loop
      vertex -15.3295 5 -13.5543
      vertex -15.1613 4.99 -14.0497
      vertex -15.3295 4.99 -13.5543
    endloop
  endfacet
  facet normal -0.442238 0 -0.896898
    outer loop
      vertex -17.4943 4.99 -11.3895
      vertex -17.025 5 -11.6209
      vertex -17.025 4.99 -11.6209
    endloop
  endfacet
  facet normal -0.442238 0 -0.896898
    outer loop
      vertex -17.025 5 -11.6209
      vertex -17.4943 4.99 -11.3895
      vertex -17.4943 5 -11.3895
    endloop
  endfacet
  facet normal -0.555626 0 -0.831432
    outer loop
      vertex -17.025 4.99 -11.6209
      vertex -16.59 5 -11.9116
      vertex -16.59 4.99 -11.9116
    endloop
  endfacet
  facet normal -0.555626 0 -0.831432
    outer loop
      vertex -16.59 5 -11.9116
      vertex -17.025 4.99 -11.6209
      vertex -17.025 5 -11.6209
    endloop
  endfacet
  facet normal 0.659343 0 -0.751842
    outer loop
      vertex -21.8534 4.99 -12.2566
      vertex -21.46 5 -11.9116
      vertex -21.46 4.99 -11.9116
    endloop
  endfacet
  facet normal 0.659343 0 -0.751842
    outer loop
      vertex -21.46 5 -11.9116
      vertex -21.8534 4.99 -12.2566
      vertex -21.8534 5 -12.2566
    endloop
  endfacet
  facet normal 0.997861 0 -0.0653646
    outer loop
      vertex -22.9908 4.99 -14.5629
      vertex -23.025 5 -15.085
      vertex -22.9908 5 -14.5629
    endloop
  endfacet
  facet normal 0.997861 0 -0.0653646
    outer loop
      vertex -23.025 5 -15.085
      vertex -22.9908 4.99 -14.5629
      vertex -23.025 4.99 -15.085
    endloop
  endfacet
  facet normal -0.94691 0 0.321498
    outer loop
      vertex -15.3295 4.99 -16.6157
      vertex -15.1613 5 -16.1203
      vertex -15.3295 5 -16.6157
    endloop
  endfacet
  facet normal -0.94691 0 0.321498
    outer loop
      vertex -15.1613 5 -16.1203
      vertex -15.3295 4.99 -16.6157
      vertex -15.1613 4.99 -16.1203
    endloop
  endfacet
  facet normal -0.980779 0 0.195124
    outer loop
      vertex -15.1613 4.99 -16.1203
      vertex -15.0592 5 -15.6071
      vertex -15.1613 5 -16.1203
    endloop
  endfacet
  facet normal -0.980779 0 0.195124
    outer loop
      vertex -15.0592 5 -15.6071
      vertex -15.1613 4.99 -16.1203
      vertex -15.0592 4.99 -15.6071
    endloop
  endfacet
  facet normal -0.751842 0 0.659343
    outer loop
      vertex -16.1966 4.99 -17.9134
      vertex -15.8516 5 -17.52
      vertex -16.1966 5 -17.9134
    endloop
  endfacet
  facet normal -0.751842 0 0.659343
    outer loop
      vertex -15.8516 5 -17.52
      vertex -16.1966 4.99 -17.9134
      vertex -15.8516 4.99 -17.52
    endloop
  endfacet
  facet normal -0.321498 0 0.94691
    outer loop
      vertex -17.9897 5 -18.9487
      vertex -17.4943 4.99 -18.7805
      vertex -17.4943 5 -18.7805
    endloop
  endfacet
  facet normal -0.321498 0 0.94691
    outer loop
      vertex -17.4943 4.99 -18.7805
      vertex -17.9897 5 -18.9487
      vertex -17.9897 4.99 -18.9487
    endloop
  endfacet
  facet normal -0.195124 0 0.980779
    outer loop
      vertex -18.5029 5 -19.0508
      vertex -17.9897 4.99 -18.9487
      vertex -17.9897 5 -18.9487
    endloop
  endfacet
  facet normal -0.195124 0 0.980779
    outer loop
      vertex -17.9897 4.99 -18.9487
      vertex -18.5029 5 -19.0508
      vertex -18.5029 4.99 -19.0508
    endloop
  endfacet
  facet normal 0.831432 -0 0.555626
    outer loop
      vertex -22.4891 4.99 -17.085
      vertex -22.1984 5 -17.52
      vertex -22.4891 5 -17.085
    endloop
  endfacet
  facet normal 0.831432 0 0.555626
    outer loop
      vertex -22.1984 5 -17.52
      vertex -22.4891 4.99 -17.085
      vertex -22.1984 4.99 -17.52
    endloop
  endfacet
  facet normal 0.94691 -0 0.321498
    outer loop
      vertex -22.8887 4.99 -16.1203
      vertex -22.7205 5 -16.6157
      vertex -22.8887 5 -16.1203
    endloop
  endfacet
  facet normal 0.94691 0 0.321498
    outer loop
      vertex -22.7205 5 -16.6157
      vertex -22.8887 4.99 -16.1203
      vertex -22.7205 4.99 -16.6157
    endloop
  endfacet
  facet normal 0.980779 -0 0.195124
    outer loop
      vertex -22.9908 4.99 -15.6071
      vertex -22.8887 5 -16.1203
      vertex -22.9908 5 -15.6071
    endloop
  endfacet
  facet normal 0.980779 0 0.195124
    outer loop
      vertex -22.8887 5 -16.1203
      vertex -22.9908 4.99 -15.6071
      vertex -22.8887 4.99 -16.1203
    endloop
  endfacet
  facet normal 0.442238 0 0.896898
    outer loop
      vertex -21.025 5 -18.5491
      vertex -20.5557 4.99 -18.7805
      vertex -20.5557 5 -18.7805
    endloop
  endfacet
  facet normal 0.442238 0 0.896898
    outer loop
      vertex -20.5557 4.99 -18.7805
      vertex -21.025 5 -18.5491
      vertex -21.025 4.99 -18.5491
    endloop
  endfacet
  facet normal 0.555626 0 0.831432
    outer loop
      vertex -21.46 5 -18.2584
      vertex -21.025 4.99 -18.5491
      vertex -21.025 5 -18.5491
    endloop
  endfacet
  facet normal 0.555626 0 0.831432
    outer loop
      vertex -21.025 4.99 -18.5491
      vertex -21.46 5 -18.2584
      vertex -21.46 4.99 -18.2584
    endloop
  endfacet
  facet normal 0.195124 0 0.980779
    outer loop
      vertex -20.0603 5 -18.9487
      vertex -19.5471 4.99 -19.0508
      vertex -19.5471 5 -19.0508
    endloop
  endfacet
  facet normal 0.195124 0 0.980779
    outer loop
      vertex -19.5471 4.99 -19.0508
      vertex -20.0603 5 -18.9487
      vertex -20.0603 4.99 -18.9487
    endloop
  endfacet
  facet normal -0.997861 0 -0.0653646
    outer loop
      vertex -15.025 4.99 -15.085
      vertex -15.0592 5 -14.5629
      vertex -15.025 5 -15.085
    endloop
  endfacet
  facet normal -0.997861 -0 -0.0653646
    outer loop
      vertex -15.0592 5 -14.5629
      vertex -15.025 4.99 -15.085
      vertex -15.0592 4.99 -14.5629
    endloop
  endfacet
  facet normal -0.0653646 0 -0.997861
    outer loop
      vertex -19.025 4.99 -11.085
      vertex -18.5029 5 -11.1192
      vertex -18.5029 4.99 -11.1192
    endloop
  endfacet
  facet normal -0.0653646 0 -0.997861
    outer loop
      vertex -18.5029 5 -11.1192
      vertex -19.025 4.99 -11.085
      vertex -19.025 5 -11.085
    endloop
  endfacet
  facet normal -0.321498 0 -0.94691
    outer loop
      vertex -17.9897 4.99 -11.2213
      vertex -17.4943 5 -11.3895
      vertex -17.4943 4.99 -11.3895
    endloop
  endfacet
  facet normal -0.321498 0 -0.94691
    outer loop
      vertex -17.4943 5 -11.3895
      vertex -17.9897 4.99 -11.2213
      vertex -17.9897 5 -11.2213
    endloop
  endfacet
  facet normal -0.659343 0 -0.751842
    outer loop
      vertex -16.59 4.99 -11.9116
      vertex -16.1966 5 -12.2566
      vertex -16.1966 4.99 -12.2566
    endloop
  endfacet
  facet normal -0.659343 0 -0.751842
    outer loop
      vertex -16.1966 5 -12.2566
      vertex -16.59 4.99 -11.9116
      vertex -16.59 5 -11.9116
    endloop
  endfacet
  facet normal -0.831432 0 -0.555626
    outer loop
      vertex -15.5609 4.99 -13.085
      vertex -15.8516 5 -12.65
      vertex -15.5609 5 -13.085
    endloop
  endfacet
  facet normal -0.831432 -0 -0.555626
    outer loop
      vertex -15.8516 5 -12.65
      vertex -15.5609 4.99 -13.085
      vertex -15.8516 4.99 -12.65
    endloop
  endfacet
  facet normal 0.555626 0 -0.831432
    outer loop
      vertex -21.46 4.99 -11.9116
      vertex -21.025 5 -11.6209
      vertex -21.025 4.99 -11.6209
    endloop
  endfacet
  facet normal 0.555626 0 -0.831432
    outer loop
      vertex -21.025 5 -11.6209
      vertex -21.46 4.99 -11.9116
      vertex -21.46 5 -11.9116
    endloop
  endfacet
  facet normal 0.321498 0 -0.94691
    outer loop
      vertex -20.5557 4.99 -11.3895
      vertex -20.0603 5 -11.2213
      vertex -20.0603 4.99 -11.2213
    endloop
  endfacet
  facet normal 0.321498 0 -0.94691
    outer loop
      vertex -20.0603 5 -11.2213
      vertex -20.5557 4.99 -11.3895
      vertex -20.5557 5 -11.3895
    endloop
  endfacet
  facet normal 0.0653646 0 -0.997861
    outer loop
      vertex -19.5471 4.99 -11.1192
      vertex -19.025 5 -11.085
      vertex -19.025 4.99 -11.085
    endloop
  endfacet
  facet normal 0.0653646 0 -0.997861
    outer loop
      vertex -19.025 5 -11.085
      vertex -19.5471 4.99 -11.1192
      vertex -19.5471 5 -11.1192
    endloop
  endfacet
  facet normal 0.896898 0 -0.442238
    outer loop
      vertex -22.4891 4.99 -13.085
      vertex -22.7205 5 -13.5543
      vertex -22.4891 5 -13.085
    endloop
  endfacet
  facet normal 0.896898 0 -0.442238
    outer loop
      vertex -22.7205 5 -13.5543
      vertex -22.4891 4.99 -13.085
      vertex -22.7205 4.99 -13.5543
    endloop
  endfacet
  facet normal 0.980779 0 -0.195124
    outer loop
      vertex -22.8887 4.99 -14.0497
      vertex -22.9908 5 -14.5629
      vertex -22.8887 5 -14.0497
    endloop
  endfacet
  facet normal 0.980779 0 -0.195124
    outer loop
      vertex -22.9908 5 -14.5629
      vertex -22.8887 4.99 -14.0497
      vertex -22.9908 4.99 -14.5629
    endloop
  endfacet
  facet normal -0.195124 0 -0.980779
    outer loop
      vertex -18.5029 4.99 -11.1192
      vertex -17.9897 5 -11.2213
      vertex -17.9897 4.99 -11.2213
    endloop
  endfacet
  facet normal -0.195124 0 -0.980779
    outer loop
      vertex -17.9897 5 -11.2213
      vertex -18.5029 4.99 -11.1192
      vertex -18.5029 5 -11.1192
    endloop
  endfacet
  facet normal -0.751842 0 -0.659343
    outer loop
      vertex -15.8516 4.99 -12.65
      vertex -16.1966 5 -12.2566
      vertex -15.8516 5 -12.65
    endloop
  endfacet
  facet normal -0.751842 -0 -0.659343
    outer loop
      vertex -16.1966 5 -12.2566
      vertex -15.8516 4.99 -12.65
      vertex -16.1966 4.99 -12.2566
    endloop
  endfacet
  facet normal -0.980779 0 -0.195124
    outer loop
      vertex -15.0592 4.99 -14.5629
      vertex -15.1613 5 -14.0497
      vertex -15.0592 5 -14.5629
    endloop
  endfacet
  facet normal -0.980779 -0 -0.195124
    outer loop
      vertex -15.1613 5 -14.0497
      vertex -15.0592 4.99 -14.5629
      vertex -15.1613 4.99 -14.0497
    endloop
  endfacet
  facet normal -0.896898 0 -0.442238
    outer loop
      vertex -15.3295 4.99 -13.5543
      vertex -15.5609 5 -13.085
      vertex -15.3295 5 -13.5543
    endloop
  endfacet
  facet normal -0.896898 -0 -0.442238
    outer loop
      vertex -15.5609 5 -13.085
      vertex -15.3295 4.99 -13.5543
      vertex -15.5609 4.99 -13.085
    endloop
  endfacet
  facet normal 0.442238 0 -0.896898
    outer loop
      vertex -21.025 4.99 -11.6209
      vertex -20.5557 5 -11.3895
      vertex -20.5557 4.99 -11.3895
    endloop
  endfacet
  facet normal 0.442238 0 -0.896898
    outer loop
      vertex -20.5557 5 -11.3895
      vertex -21.025 4.99 -11.6209
      vertex -21.025 5 -11.6209
    endloop
  endfacet
  facet normal 0.195124 0 -0.980779
    outer loop
      vertex -20.0603 4.99 -11.2213
      vertex -19.5471 5 -11.1192
      vertex -19.5471 4.99 -11.1192
    endloop
  endfacet
  facet normal 0.195124 0 -0.980779
    outer loop
      vertex -19.5471 5 -11.1192
      vertex -20.0603 4.99 -11.2213
      vertex -20.0603 5 -11.2213
    endloop
  endfacet
  facet normal 0.831432 0 -0.555626
    outer loop
      vertex -22.1984 4.99 -12.65
      vertex -22.4891 5 -13.085
      vertex -22.1984 5 -12.65
    endloop
  endfacet
  facet normal 0.831432 0 -0.555626
    outer loop
      vertex -22.4891 5 -13.085
      vertex -22.1984 4.99 -12.65
      vertex -22.4891 4.99 -13.085
    endloop
  endfacet
  facet normal -0.997848 0 0.0655719
    outer loop
      vertex -16.7943 0 14.7913
      vertex -16.775 3.25 15.085
      vertex -16.7943 3.25 14.7913
    endloop
  endfacet
  facet normal -0.997848 0 0.0655719
    outer loop
      vertex -16.775 3.25 15.085
      vertex -16.7943 0 14.7913
      vertex -16.775 0 15.085
    endloop
  endfacet
  facet normal 0.99787 -0 0.0652336
    outer loop
      vertex -21.275 0 15.085
      vertex -21.2558 3.25 14.7913
      vertex -21.275 3.25 15.085
    endloop
  endfacet
  facet normal 0.99787 0 0.0652336
    outer loop
      vertex -21.2558 3.25 14.7913
      vertex -21.275 0 15.085
      vertex -21.2558 0 14.7913
    endloop
  endfacet
  facet normal -0.0652336 0 0.99787
    outer loop
      vertex -19.025 3.25 12.835
      vertex -18.7313 0 12.8542
      vertex -18.7313 3.25 12.8542
    endloop
  endfacet
  facet normal -0.0652336 0 0.99787
    outer loop
      vertex -18.7313 0 12.8542
      vertex -19.025 3.25 12.835
      vertex -19.025 0 12.835
    endloop
  endfacet
  facet normal -0.751966 0 0.659202
    outer loop
      vertex -17.434 0 13.494
      vertex -17.24 3.25 13.7153
      vertex -17.434 3.25 13.494
    endloop
  endfacet
  facet normal -0.751966 0 0.659202
    outer loop
      vertex -17.24 3.25 13.7153
      vertex -17.434 0 13.494
      vertex -17.24 0 13.7153
    endloop
  endfacet
  facet normal 0.659202 0 0.751966
    outer loop
      vertex -20.616 3.25 13.494
      vertex -20.3947 0 13.3
      vertex -20.3947 3.25 13.3
    endloop
  endfacet
  facet normal 0.659202 0 0.751966
    outer loop
      vertex -20.3947 0 13.3
      vertex -20.616 3.25 13.494
      vertex -20.616 0 13.494
    endloop
  endfacet
  facet normal 0.321421 0 0.946936
    outer loop
      vertex -19.886 3.25 13.0063
      vertex -19.6073 0 12.9117
      vertex -19.6073 3.25 12.9117
    endloop
  endfacet
  facet normal 0.321421 0 0.946936
    outer loop
      vertex -19.6073 0 12.9117
      vertex -19.886 3.25 13.0063
      vertex -19.886 0 13.0063
    endloop
  endfacet
  facet normal -0.896995 0 0.442042
    outer loop
      vertex -17.0764 0 13.96
      vertex -16.9463 3.25 14.224
      vertex -17.0764 3.25 13.96
    endloop
  endfacet
  facet normal -0.896995 0 0.442042
    outer loop
      vertex -16.9463 3.25 14.224
      vertex -17.0764 0 13.96
      vertex -16.9463 0 14.224
    endloop
  endfacet
  facet normal -0.831318 0 0.555797
    outer loop
      vertex -17.24 0 13.7153
      vertex -17.0764 3.25 13.96
      vertex -17.24 3.25 13.7153
    endloop
  endfacet
  facet normal -0.831318 0 0.555797
    outer loop
      vertex -17.0764 3.25 13.96
      vertex -17.24 0 13.7153
      vertex -17.0764 0 13.96
    endloop
  endfacet
  facet normal -0.442042 0 0.896995
    outer loop
      vertex -18.164 3.25 13.0063
      vertex -17.9 0 13.1364
      vertex -17.9 3.25 13.1364
    endloop
  endfacet
  facet normal -0.442042 0 0.896995
    outer loop
      vertex -17.9 0 13.1364
      vertex -18.164 3.25 13.0063
      vertex -18.164 0 13.0063
    endloop
  endfacet
  facet normal -0.321421 0 0.946936
    outer loop
      vertex -18.4427 3.25 12.9117
      vertex -18.164 0 13.0063
      vertex -18.164 3.25 13.0063
    endloop
  endfacet
  facet normal -0.321421 0 0.946936
    outer loop
      vertex -18.164 0 13.0063
      vertex -18.4427 3.25 12.9117
      vertex -18.4427 0 12.9117
    endloop
  endfacet
  facet normal -0.555797 0 0.831318
    outer loop
      vertex -17.9 3.25 13.1364
      vertex -17.6553 0 13.3
      vertex -17.6553 3.25 13.3
    endloop
  endfacet
  facet normal -0.555797 0 0.831318
    outer loop
      vertex -17.6553 0 13.3
      vertex -17.9 3.25 13.1364
      vertex -17.9 0 13.1364
    endloop
  endfacet
  facet normal 0.896995 -0 0.442042
    outer loop
      vertex -21.1037 0 14.224
      vertex -20.9736 3.25 13.96
      vertex -21.1037 3.25 14.224
    endloop
  endfacet
  facet normal 0.896995 0 0.442042
    outer loop
      vertex -20.9736 3.25 13.96
      vertex -21.1037 0 14.224
      vertex -20.9736 0 13.96
    endloop
  endfacet
  facet normal 0.946936 -0 0.321421
    outer loop
      vertex -21.1983 0 14.5027
      vertex -21.1037 3.25 14.224
      vertex -21.1983 3.25 14.5027
    endloop
  endfacet
  facet normal 0.946936 0 0.321421
    outer loop
      vertex -21.1037 3.25 14.224
      vertex -21.1983 0 14.5027
      vertex -21.1037 0 14.224
    endloop
  endfacet
  facet normal 0.442042 0 0.896995
    outer loop
      vertex -20.15 3.25 13.1364
      vertex -19.886 0 13.0063
      vertex -19.886 3.25 13.0063
    endloop
  endfacet
  facet normal 0.442042 0 0.896995
    outer loop
      vertex -19.886 0 13.0063
      vertex -20.15 3.25 13.1364
      vertex -20.15 0 13.1364
    endloop
  endfacet
  facet normal 0.195397 0 0.980724
    outer loop
      vertex -19.6073 3.25 12.9117
      vertex -19.3187 0 12.8542
      vertex -19.3187 3.25 12.8542
    endloop
  endfacet
  facet normal 0.195397 0 0.980724
    outer loop
      vertex -19.3187 0 12.8542
      vertex -19.6073 3.25 12.9117
      vertex -19.6073 0 12.9117
    endloop
  endfacet
  facet normal -0.442042 0 -0.896995
    outer loop
      vertex -18.164 0 17.1637
      vertex -17.9 3.25 17.0336
      vertex -17.9 0 17.0336
    endloop
  endfacet
  facet normal -0.442042 0 -0.896995
    outer loop
      vertex -17.9 3.25 17.0336
      vertex -18.164 0 17.1637
      vertex -18.164 3.25 17.1637
    endloop
  endfacet
  facet normal 0.321421 0 -0.946936
    outer loop
      vertex -19.886 0 17.1637
      vertex -19.6073 3.25 17.2583
      vertex -19.6073 0 17.2583
    endloop
  endfacet
  facet normal 0.321421 0 -0.946936
    outer loop
      vertex -19.6073 3.25 17.2583
      vertex -19.886 0 17.1637
      vertex -19.886 3.25 17.1637
    endloop
  endfacet
  facet normal 0.896995 0 -0.442042
    outer loop
      vertex -20.9736 0 16.21
      vertex -21.1037 3.25 15.946
      vertex -20.9736 3.25 16.21
    endloop
  endfacet
  facet normal 0.896995 0 -0.442042
    outer loop
      vertex -21.1037 3.25 15.946
      vertex -20.9736 0 16.21
      vertex -21.1037 0 15.946
    endloop
  endfacet
  facet normal -0.946936 0 0.321421
    outer loop
      vertex -16.9463 0 14.224
      vertex -16.8517 3.25 14.5027
      vertex -16.9463 3.25 14.224
    endloop
  endfacet
  facet normal -0.946936 0 0.321421
    outer loop
      vertex -16.8517 3.25 14.5027
      vertex -16.9463 0 14.224
      vertex -16.8517 0 14.5027
    endloop
  endfacet
  facet normal -0.980789 0 0.19507
    outer loop
      vertex -16.8517 0 14.5027
      vertex -16.7943 3.25 14.7913
      vertex -16.8517 3.25 14.5027
    endloop
  endfacet
  facet normal -0.980789 0 0.19507
    outer loop
      vertex -16.7943 3.25 14.7913
      vertex -16.8517 0 14.5027
      vertex -16.7943 0 14.7913
    endloop
  endfacet
  facet normal -0.195397 0 0.980724
    outer loop
      vertex -18.7313 3.25 12.8542
      vertex -18.4427 0 12.9117
      vertex -18.4427 3.25 12.9117
    endloop
  endfacet
  facet normal -0.195397 0 0.980724
    outer loop
      vertex -18.4427 0 12.9117
      vertex -18.7313 3.25 12.8542
      vertex -18.7313 0 12.8542
    endloop
  endfacet
  facet normal -0.659202 0 0.751966
    outer loop
      vertex -17.6553 3.25 13.3
      vertex -17.434 0 13.494
      vertex -17.434 3.25 13.494
    endloop
  endfacet
  facet normal -0.659202 0 0.751966
    outer loop
      vertex -17.434 0 13.494
      vertex -17.6553 3.25 13.3
      vertex -17.6553 0 13.3
    endloop
  endfacet
  facet normal 0.831318 -0 0.555797
    outer loop
      vertex -20.9736 0 13.96
      vertex -20.81 3.25 13.7153
      vertex -20.9736 3.25 13.96
    endloop
  endfacet
  facet normal 0.831318 0 0.555797
    outer loop
      vertex -20.81 3.25 13.7153
      vertex -20.9736 0 13.96
      vertex -20.81 0 13.7153
    endloop
  endfacet
  facet normal 0.751966 -0 0.659202
    outer loop
      vertex -20.81 0 13.7153
      vertex -20.616 3.25 13.494
      vertex -20.81 3.25 13.7153
    endloop
  endfacet
  facet normal 0.751966 0 0.659202
    outer loop
      vertex -20.616 3.25 13.494
      vertex -20.81 0 13.7153
      vertex -20.616 0 13.494
    endloop
  endfacet
  facet normal 0.980724 -0 0.195397
    outer loop
      vertex -21.2558 0 14.7913
      vertex -21.1983 3.25 14.5027
      vertex -21.2558 3.25 14.7913
    endloop
  endfacet
  facet normal 0.980724 0 0.195397
    outer loop
      vertex -21.1983 3.25 14.5027
      vertex -21.2558 0 14.7913
      vertex -21.1983 0 14.5027
    endloop
  endfacet
  facet normal 0.555797 0 0.831318
    outer loop
      vertex -20.3947 3.25 13.3
      vertex -20.15 0 13.1364
      vertex -20.15 3.25 13.1364
    endloop
  endfacet
  facet normal 0.555797 0 0.831318
    outer loop
      vertex -20.15 0 13.1364
      vertex -20.3947 3.25 13.3
      vertex -20.3947 0 13.3
    endloop
  endfacet
  facet normal 0.0652336 0 0.99787
    outer loop
      vertex -19.3187 3.25 12.8542
      vertex -19.025 0 12.835
      vertex -19.025 3.25 12.835
    endloop
  endfacet
  facet normal 0.0652336 0 0.99787
    outer loop
      vertex -19.025 0 12.835
      vertex -19.3187 3.25 12.8542
      vertex -19.3187 0 12.8542
    endloop
  endfacet
  facet normal -0.0652336 0 -0.99787
    outer loop
      vertex -19.025 0 17.335
      vertex -18.7313 3.25 17.3158
      vertex -18.7313 0 17.3158
    endloop
  endfacet
  facet normal -0.0652336 0 -0.99787
    outer loop
      vertex -18.7313 3.25 17.3158
      vertex -19.025 0 17.335
      vertex -19.025 3.25 17.335
    endloop
  endfacet
  facet normal -0.321421 0 -0.946936
    outer loop
      vertex -18.4427 0 17.2583
      vertex -18.164 3.25 17.1637
      vertex -18.164 0 17.1637
    endloop
  endfacet
  facet normal -0.321421 0 -0.946936
    outer loop
      vertex -18.164 3.25 17.1637
      vertex -18.4427 0 17.2583
      vertex -18.4427 3.25 17.2583
    endloop
  endfacet
  facet normal -0.555797 0 -0.831318
    outer loop
      vertex -17.9 0 17.0336
      vertex -17.6553 3.25 16.87
      vertex -17.6553 0 16.87
    endloop
  endfacet
  facet normal -0.555797 0 -0.831318
    outer loop
      vertex -17.6553 3.25 16.87
      vertex -17.9 0 17.0336
      vertex -17.9 3.25 17.0336
    endloop
  endfacet
  facet normal -0.751966 0 -0.659202
    outer loop
      vertex -17.24 0 16.4547
      vertex -17.434 3.25 16.676
      vertex -17.24 3.25 16.4547
    endloop
  endfacet
  facet normal -0.751966 -0 -0.659202
    outer loop
      vertex -17.434 3.25 16.676
      vertex -17.24 0 16.4547
      vertex -17.434 0 16.676
    endloop
  endfacet
  facet normal -0.896995 0 -0.442042
    outer loop
      vertex -16.9463 0 15.946
      vertex -17.0764 3.25 16.21
      vertex -16.9463 3.25 15.946
    endloop
  endfacet
  facet normal -0.896995 -0 -0.442042
    outer loop
      vertex -17.0764 3.25 16.21
      vertex -16.9463 0 15.946
      vertex -17.0764 0 16.21
    endloop
  endfacet
  facet normal 0.659202 0 -0.751966
    outer loop
      vertex -20.616 0 16.676
      vertex -20.3947 3.25 16.87
      vertex -20.3947 0 16.87
    endloop
  endfacet
  facet normal 0.659202 0 -0.751966
    outer loop
      vertex -20.3947 3.25 16.87
      vertex -20.616 0 16.676
      vertex -20.616 3.25 16.676
    endloop
  endfacet
  facet normal 0.442042 0 -0.896995
    outer loop
      vertex -20.15 0 17.0336
      vertex -19.886 3.25 17.1637
      vertex -19.886 0 17.1637
    endloop
  endfacet
  facet normal 0.442042 0 -0.896995
    outer loop
      vertex -19.886 3.25 17.1637
      vertex -20.15 0 17.0336
      vertex -20.15 3.25 17.0336
    endloop
  endfacet
  facet normal 0.195397 0 -0.980724
    outer loop
      vertex -19.6073 0 17.2583
      vertex -19.3187 3.25 17.3158
      vertex -19.3187 0 17.3158
    endloop
  endfacet
  facet normal 0.195397 0 -0.980724
    outer loop
      vertex -19.3187 3.25 17.3158
      vertex -19.6073 0 17.2583
      vertex -19.6073 3.25 17.2583
    endloop
  endfacet
  facet normal 0.831318 0 -0.555797
    outer loop
      vertex -20.81 0 16.4547
      vertex -20.9736 3.25 16.21
      vertex -20.81 3.25 16.4547
    endloop
  endfacet
  facet normal 0.831318 0 -0.555797
    outer loop
      vertex -20.9736 3.25 16.21
      vertex -20.81 0 16.4547
      vertex -20.9736 0 16.21
    endloop
  endfacet
  facet normal 0.946936 0 -0.321421
    outer loop
      vertex -21.1037 0 15.946
      vertex -21.1983 3.25 15.6673
      vertex -21.1037 3.25 15.946
    endloop
  endfacet
  facet normal 0.946936 0 -0.321421
    outer loop
      vertex -21.1983 3.25 15.6673
      vertex -21.1037 0 15.946
      vertex -21.1983 0 15.6673
    endloop
  endfacet
  facet normal 0.99787 0 -0.0652336
    outer loop
      vertex -21.2558 0 15.3787
      vertex -21.275 3.25 15.085
      vertex -21.2558 3.25 15.3787
    endloop
  endfacet
  facet normal 0.99787 0 -0.0652336
    outer loop
      vertex -21.275 3.25 15.085
      vertex -21.2558 0 15.3787
      vertex -21.275 0 15.085
    endloop
  endfacet
  facet normal -0.195397 0 -0.980724
    outer loop
      vertex -18.7313 0 17.3158
      vertex -18.4427 3.25 17.2583
      vertex -18.4427 0 17.2583
    endloop
  endfacet
  facet normal -0.195397 0 -0.980724
    outer loop
      vertex -18.4427 3.25 17.2583
      vertex -18.7313 0 17.3158
      vertex -18.7313 3.25 17.3158
    endloop
  endfacet
  facet normal -0.659202 0 -0.751966
    outer loop
      vertex -17.6553 0 16.87
      vertex -17.434 3.25 16.676
      vertex -17.434 0 16.676
    endloop
  endfacet
  facet normal -0.659202 0 -0.751966
    outer loop
      vertex -17.434 3.25 16.676
      vertex -17.6553 0 16.87
      vertex -17.6553 3.25 16.87
    endloop
  endfacet
  facet normal -0.831318 0 -0.555797
    outer loop
      vertex -17.0764 0 16.21
      vertex -17.24 3.25 16.4547
      vertex -17.0764 3.25 16.21
    endloop
  endfacet
  facet normal -0.831318 -0 -0.555797
    outer loop
      vertex -17.24 3.25 16.4547
      vertex -17.0764 0 16.21
      vertex -17.24 0 16.4547
    endloop
  endfacet
  facet normal -0.980789 0 -0.19507
    outer loop
      vertex -16.7943 0 15.3787
      vertex -16.8517 3.25 15.6673
      vertex -16.7943 3.25 15.3787
    endloop
  endfacet
  facet normal -0.980789 -0 -0.19507
    outer loop
      vertex -16.8517 3.25 15.6673
      vertex -16.7943 0 15.3787
      vertex -16.8517 0 15.6673
    endloop
  endfacet
  facet normal -0.946936 0 -0.321421
    outer loop
      vertex -16.8517 0 15.6673
      vertex -16.9463 3.25 15.946
      vertex -16.8517 3.25 15.6673
    endloop
  endfacet
  facet normal -0.946936 -0 -0.321421
    outer loop
      vertex -16.9463 3.25 15.946
      vertex -16.8517 0 15.6673
      vertex -16.9463 0 15.946
    endloop
  endfacet
  facet normal -0.997848 0 -0.0655719
    outer loop
      vertex -16.775 0 15.085
      vertex -16.7943 3.25 15.3787
      vertex -16.775 3.25 15.085
    endloop
  endfacet
  facet normal -0.997848 -0 -0.0655719
    outer loop
      vertex -16.7943 3.25 15.3787
      vertex -16.775 0 15.085
      vertex -16.7943 0 15.3787
    endloop
  endfacet
  facet normal 0.555797 0 -0.831318
    outer loop
      vertex -20.3947 0 16.87
      vertex -20.15 3.25 17.0336
      vertex -20.15 0 17.0336
    endloop
  endfacet
  facet normal 0.555797 0 -0.831318
    outer loop
      vertex -20.15 3.25 17.0336
      vertex -20.3947 0 16.87
      vertex -20.3947 3.25 16.87
    endloop
  endfacet
  facet normal 0.0652336 0 -0.99787
    outer loop
      vertex -19.3187 0 17.3158
      vertex -19.025 3.25 17.335
      vertex -19.025 0 17.335
    endloop
  endfacet
  facet normal 0.0652336 0 -0.99787
    outer loop
      vertex -19.025 3.25 17.335
      vertex -19.3187 0 17.3158
      vertex -19.3187 3.25 17.3158
    endloop
  endfacet
  facet normal 0.751966 0 -0.659202
    outer loop
      vertex -20.616 0 16.676
      vertex -20.81 3.25 16.4547
      vertex -20.616 3.25 16.676
    endloop
  endfacet
  facet normal 0.751966 0 -0.659202
    outer loop
      vertex -20.81 3.25 16.4547
      vertex -20.616 0 16.676
      vertex -20.81 0 16.4547
    endloop
  endfacet
  facet normal 0.980724 0 -0.195397
    outer loop
      vertex -21.1983 0 15.6673
      vertex -21.2558 3.25 15.3787
      vertex -21.1983 3.25 15.6673
    endloop
  endfacet
  facet normal 0.980724 0 -0.195397
    outer loop
      vertex -21.2558 3.25 15.3787
      vertex -21.1983 0 15.6673
      vertex -21.2558 0 15.3787
    endloop
  endfacet
  facet normal -0.533746 0.704334 -0.468005
    outer loop
      vertex -16.2106 4.99 17.8994
      vertex -15.8696 4.99 17.5105
      vertex -17.434 3.25 16.676
    endloop
  endfacet
  facet normal -0.708358 0.704328 0.0463822
    outer loop
      vertex -15.0449 4.99 15.085
      vertex -15.0787 4.99 14.5688
      vertex -16.775 3.25 15.085
    endloop
  endfacet
  facet normal -0.708674 0.704228 0.0429499
    outer loop
      vertex -16.7943 3.25 14.7913
      vertex -15.0787 4.99 14.5688
      vertex -15.0789 4.99 14.5655
    endloop
  endfacet
  facet normal -0.708328 0.704347 0.0465466
    outer loop
      vertex -15.0787 4.99 14.5688
      vertex -16.7943 3.25 14.7913
      vertex -16.775 3.25 15.085
    endloop
  endfacet
  facet normal -0.708328 0.704347 -0.0465466
    outer loop
      vertex -16.7943 3.25 15.3787
      vertex -15.0787 4.99 15.6012
      vertex -16.775 3.25 15.085
    endloop
  endfacet
  facet normal -0.708674 0.704228 -0.0429499
    outer loop
      vertex -15.0787 4.99 15.6012
      vertex -16.7943 3.25 15.3787
      vertex -15.0789 4.99 15.6045
    endloop
  endfacet
  facet normal 0.696209 0.70431 -0.138711
    outer loop
      vertex -21.2558 3.25 15.3787
      vertex -22.9704 4.99 15.6078
      vertex -21.1983 3.25 15.6673
    endloop
  endfacet
  facet normal 0.69474 0.704002 -0.147369
    outer loop
      vertex -22.9704 4.99 15.6078
      vertex -21.2558 3.25 15.3787
      vertex -22.9711 4.99 15.6045
    endloop
  endfacet
  facet normal 0.138711 0.70431 0.696209
    outer loop
      vertex -19.3187 3.25 12.8542
      vertex -19.5478 4.99 11.1396
      vertex -19.6073 3.25 12.9117
    endloop
  endfacet
  facet normal 0.147369 0.704002 0.69474
    outer loop
      vertex -19.5478 4.99 11.1396
      vertex -19.3187 3.25 12.8542
      vertex -19.5445 4.99 11.1389
    endloop
  endfacet
  facet normal -0.0463822 0.704328 -0.708358
    outer loop
      vertex -19.025 4.99 19.0651
      vertex -18.5088 4.99 19.0313
      vertex -19.025 3.25 17.335
    endloop
  endfacet
  facet normal -0.672187 0.704328 -0.228225
    outer loop
      vertex -15.3479 4.99 16.6081
      vertex -15.1816 4.99 16.1183
      vertex -16.9463 3.25 15.946
    endloop
  endfacet
  facet normal -0.708358 0.704328 -0.0463822
    outer loop
      vertex -15.0787 4.99 15.6012
      vertex -15.0449 4.99 15.085
      vertex -16.775 3.25 15.085
    endloop
  endfacet
  facet normal 0.458311 0.704683 -0.54164
    outer loop
      vertex -20.3947 3.25 16.87
      vertex -21.4505 4.99 18.2404
      vertex -21.4479 4.99 18.2426
    endloop
  endfacet
  facet normal 0.467941 0.704343 -0.53379
    outer loop
      vertex -21.4505 4.99 18.2404
      vertex -20.3947 3.25 16.87
      vertex -20.616 3.25 16.676
    endloop
  endfacet
  facet normal 0.3944 0.70433 -0.590228
    outer loop
      vertex -21.0151 4.99 18.5319
      vertex -20.15 3.25 17.0336
      vertex -21.4452 4.99 18.2445
    endloop
  endfacet
  facet normal -0.408267 0.704785 0.580169
    outer loop
      vertex -16.6048 4.99 11.9255
      vertex -17.6553 3.25 13.3
      vertex -16.6021 4.99 11.9274
    endloop
  endfacet
  facet normal -0.394534 0.70435 0.590113
    outer loop
      vertex -17.6553 3.25 13.3
      vertex -16.6048 4.99 11.9255
      vertex -17.9 3.25 13.1364
    endloop
  endfacet
  facet normal 0.53379 0.704343 0.467941
    outer loop
      vertex -22.1804 4.99 12.6595
      vertex -20.81 3.25 13.7153
      vertex -20.616 3.25 13.494
    endloop
  endfacet
  facet normal 0.54164 0.704683 0.458311
    outer loop
      vertex -20.81 3.25 13.7153
      vertex -22.1804 4.99 12.6595
      vertex -22.1826 4.99 12.6621
    endloop
  endfacet
  facet normal 0.590228 0.70433 0.3944
    outer loop
      vertex -20.9736 3.25 13.96
      vertex -22.1845 4.99 12.6648
      vertex -22.4719 4.99 13.0949
    endloop
  endfacet
  facet normal -0.671397 0.704245 -0.230793
    outer loop
      vertex -16.8517 3.25 15.6673
      vertex -15.1816 4.99 16.1183
      vertex -15.1805 4.99 16.1151
    endloop
  endfacet
  facet normal -0.672199 0.704335 -0.228167
    outer loop
      vertex -15.1816 4.99 16.1183
      vertex -16.8517 3.25 15.6673
      vertex -16.9463 3.25 15.946
    endloop
  endfacet
  facet normal -0.642901 0.704745 -0.300021
    outer loop
      vertex -16.9463 3.25 15.946
      vertex -15.3493 4.99 16.6111
      vertex -15.3479 4.99 16.6081
    endloop
  endfacet
  facet normal -0.636736 0.704348 -0.313785
    outer loop
      vertex -15.3493 4.99 16.6111
      vertex -16.9463 3.25 15.946
      vertex -17.0764 3.25 16.21
    endloop
  endfacet
  facet normal -0.138477 0.704337 -0.696228
    outer loop
      vertex -17.9949 4.99 18.9295
      vertex -18.4427 3.25 17.2583
      vertex -18.5022 4.99 19.0304
    endloop
  endfacet
  facet normal -0.313948 0.704328 -0.636678
    outer loop
      vertex -17.4989 4.99 18.7607
      vertex -17.0349 4.99 18.5319
      vertex -17.9 3.25 17.0336
    endloop
  endfacet
  facet normal 0.53379 0.704343 -0.467941
    outer loop
      vertex -20.81 3.25 16.4547
      vertex -22.1804 4.99 17.5105
      vertex -20.616 3.25 16.676
    endloop
  endfacet
  facet normal 0.54164 0.704683 -0.458311
    outer loop
      vertex -22.1804 4.99 17.5105
      vertex -20.81 3.25 16.4547
      vertex -22.1826 4.99 17.5079
    endloop
  endfacet
  facet normal 0.467941 0.704343 0.53379
    outer loop
      vertex -20.3947 3.25 13.3
      vertex -21.4505 4.99 11.9296
      vertex -20.616 3.25 13.494
    endloop
  endfacet
  facet normal 0.458311 0.704683 0.54164
    outer loop
      vertex -21.4505 4.99 11.9296
      vertex -20.3947 3.25 13.3
      vertex -21.4479 4.99 11.9274
    endloop
  endfacet
  facet normal -0.69472 0.704022 -0.147365
    outer loop
      vertex -16.7943 3.25 15.3787
      vertex -15.0796 4.99 15.6078
      vertex -15.0789 4.99 15.6045
    endloop
  endfacet
  facet normal -0.696228 0.704337 -0.138474
    outer loop
      vertex -15.0796 4.99 15.6078
      vertex -16.7943 3.25 15.3787
      vertex -16.8517 3.25 15.6673
    endloop
  endfacet
  facet normal -0.696228 0.704337 -0.138477
    outer loop
      vertex -15.1805 4.99 16.1151
      vertex -15.0796 4.99 15.6078
      vertex -16.8517 3.25 15.6673
    endloop
  endfacet
  facet normal -0.590228 0.70433 -0.3944
    outer loop
      vertex -15.8655 4.99 17.5052
      vertex -15.5781 4.99 17.0751
      vertex -17.0764 3.25 16.21
    endloop
  endfacet
  facet normal -0.636678 0.704328 -0.313948
    outer loop
      vertex -15.5781 4.99 17.0751
      vertex -15.3493 4.99 16.6111
      vertex -17.0764 3.25 16.21
    endloop
  endfacet
  facet normal -0.580169 0.704785 -0.408267
    outer loop
      vertex -15.8655 4.99 17.5052
      vertex -17.24 3.25 16.4547
      vertex -15.8674 4.99 17.5079
    endloop
  endfacet
  facet normal -0.590113 0.70435 -0.394534
    outer loop
      vertex -17.24 3.25 16.4547
      vertex -15.8655 4.99 17.5052
      vertex -17.0764 3.25 16.21
    endloop
  endfacet
  facet normal -0.54164 0.704683 -0.458311
    outer loop
      vertex -17.24 3.25 16.4547
      vertex -15.8696 4.99 17.5105
      vertex -15.8674 4.99 17.5079
    endloop
  endfacet
  facet normal -0.53379 0.704343 -0.467941
    outer loop
      vertex -15.8696 4.99 17.5105
      vertex -17.24 3.25 16.4547
      vertex -17.434 3.25 16.676
    endloop
  endfacet
  facet normal -0.458311 0.704683 -0.54164
    outer loop
      vertex -16.5995 4.99 18.2404
      vertex -17.6553 3.25 16.87
      vertex -16.6021 4.99 18.2426
    endloop
  endfacet
  facet normal -0.467941 0.704343 -0.53379
    outer loop
      vertex -17.6553 3.25 16.87
      vertex -16.5995 4.99 18.2404
      vertex -17.434 3.25 16.676
    endloop
  endfacet
  facet normal -0.468005 0.704334 -0.533746
    outer loop
      vertex -16.5995 4.99 18.2404
      vertex -16.2106 4.99 17.8994
      vertex -17.434 3.25 16.676
    endloop
  endfacet
  facet normal 0.636678 0.704328 -0.313948
    outer loop
      vertex -22.4719 4.99 17.0751
      vertex -20.9736 3.25 16.21
      vertex -22.7007 4.99 16.6111
    endloop
  endfacet
  facet normal 0.313948 0.704328 -0.636678
    outer loop
      vertex -20.5511 4.99 18.7607
      vertex -20.15 3.25 17.0336
      vertex -21.0151 4.99 18.5319
    endloop
  endfacet
  facet normal 0.228225 0.704328 -0.672187
    outer loop
      vertex -20.0583 4.99 18.9284
      vertex -19.886 3.25 17.1637
      vertex -20.5481 4.99 18.7621
    endloop
  endfacet
  facet normal 0.394534 0.70435 -0.590113
    outer loop
      vertex -20.3947 3.25 16.87
      vertex -21.4452 4.99 18.2445
      vertex -20.15 3.25 17.0336
    endloop
  endfacet
  facet normal 0.408267 0.704785 -0.580169
    outer loop
      vertex -21.4452 4.99 18.2445
      vertex -20.3947 3.25 16.87
      vertex -21.4479 4.99 18.2426
    endloop
  endfacet
  facet normal 0.590228 0.70433 -0.3944
    outer loop
      vertex -22.1845 4.99 17.5052
      vertex -20.9736 3.25 16.21
      vertex -22.4719 4.99 17.0751
    endloop
  endfacet
  facet normal 0.672187 0.704328 -0.228225
    outer loop
      vertex -22.7021 4.99 16.6081
      vertex -21.1037 3.25 15.946
      vertex -22.8684 4.99 16.1183
    endloop
  endfacet
  facet normal -0.313785 0.704348 0.636736
    outer loop
      vertex -17.4989 4.99 11.4093
      vertex -18.164 3.25 13.0063
      vertex -17.9 3.25 13.1364
    endloop
  endfacet
  facet normal -0.300021 0.704745 0.642901
    outer loop
      vertex -18.164 3.25 13.0063
      vertex -17.4989 4.99 11.4093
      vertex -17.5019 4.99 11.4079
    endloop
  endfacet
  facet normal -0.590228 0.70433 0.3944
    outer loop
      vertex -15.5781 4.99 13.0949
      vertex -15.8655 4.99 12.6648
      vertex -17.0764 3.25 13.96
    endloop
  endfacet
  facet normal 0.313948 0.704328 0.636678
    outer loop
      vertex -20.15 3.25 13.1364
      vertex -20.5511 4.99 11.4093
      vertex -21.0151 4.99 11.6381
    endloop
  endfacet
  facet normal 0.672199 0.704335 0.228167
    outer loop
      vertex -22.8684 4.99 14.0517
      vertex -21.1983 3.25 14.5027
      vertex -21.1037 3.25 14.224
    endloop
  endfacet
  facet normal 0.671397 0.704245 0.230793
    outer loop
      vertex -21.1983 3.25 14.5027
      vertex -22.8684 4.99 14.0517
      vertex -22.8695 4.99 14.0549
    endloop
  endfacet
  facet normal 0.590113 0.70435 0.394534
    outer loop
      vertex -20.81 3.25 13.7153
      vertex -22.1845 4.99 12.6648
      vertex -20.9736 3.25 13.96
    endloop
  endfacet
  facet normal 0.580169 0.704785 0.408267
    outer loop
      vertex -22.1845 4.99 12.6648
      vertex -20.81 3.25 13.7153
      vertex -22.1826 4.99 12.6621
    endloop
  endfacet
  facet normal 0.3944 0.70433 0.590228
    outer loop
      vertex -20.15 3.25 13.1364
      vertex -21.0151 4.99 11.6381
      vertex -21.4452 4.99 11.9255
    endloop
  endfacet
  facet normal 0.228225 0.704328 0.672187
    outer loop
      vertex -19.886 3.25 13.0063
      vertex -20.0583 4.99 11.2416
      vertex -20.5481 4.99 11.4079
    endloop
  endfacet
  facet normal -0.3944 0.70433 -0.590228
    outer loop
      vertex -17.0349 4.99 18.5319
      vertex -16.6048 4.99 18.2445
      vertex -17.9 3.25 17.0336
    endloop
  endfacet
  facet normal -0.408267 0.704785 -0.580169
    outer loop
      vertex -17.6553 3.25 16.87
      vertex -16.6048 4.99 18.2445
      vertex -16.6021 4.99 18.2426
    endloop
  endfacet
  facet normal -0.394534 0.70435 -0.590113
    outer loop
      vertex -16.6048 4.99 18.2445
      vertex -17.6553 3.25 16.87
      vertex -17.9 3.25 17.0336
    endloop
  endfacet
  facet normal -0.300021 0.704745 -0.642901
    outer loop
      vertex -17.4989 4.99 18.7607
      vertex -18.164 3.25 17.1637
      vertex -17.5019 4.99 18.7621
    endloop
  endfacet
  facet normal -0.313785 0.704348 -0.636736
    outer loop
      vertex -18.164 3.25 17.1637
      vertex -17.4989 4.99 18.7607
      vertex -17.9 3.25 17.0336
    endloop
  endfacet
  facet normal -0.230793 0.704245 -0.671397
    outer loop
      vertex -17.9917 4.99 18.9284
      vertex -18.4427 3.25 17.2583
      vertex -17.9949 4.99 18.9295
    endloop
  endfacet
  facet normal -0.228167 0.704335 -0.672199
    outer loop
      vertex -18.4427 3.25 17.2583
      vertex -17.9917 4.99 18.9284
      vertex -18.164 3.25 17.1637
    endloop
  endfacet
  facet normal -0.228225 0.704328 -0.672187
    outer loop
      vertex -17.9917 4.99 18.9284
      vertex -17.5019 4.99 18.7621
      vertex -18.164 3.25 17.1637
    endloop
  endfacet
  facet normal -0.147369 0.704002 -0.69474
    outer loop
      vertex -18.5022 4.99 19.0304
      vertex -18.7313 3.25 17.3158
      vertex -18.5055 4.99 19.0311
    endloop
  endfacet
  facet normal -0.138711 0.70431 -0.696209
    outer loop
      vertex -18.7313 3.25 17.3158
      vertex -18.5022 4.99 19.0304
      vertex -18.4427 3.25 17.2583
    endloop
  endfacet
  facet normal -0.0429511 0.704207 -0.708694
    outer loop
      vertex -18.7313 3.25 17.3158
      vertex -18.5088 4.99 19.0313
      vertex -18.5055 4.99 19.0311
    endloop
  endfacet
  facet normal -0.0463083 0.704319 -0.708372
    outer loop
      vertex -18.5088 4.99 19.0313
      vertex -18.7313 3.25 17.3158
      vertex -19.025 3.25 17.335
    endloop
  endfacet
  facet normal 0.672199 0.704335 -0.228167
    outer loop
      vertex -21.1983 3.25 15.6673
      vertex -22.8684 4.99 16.1183
      vertex -21.1037 3.25 15.946
    endloop
  endfacet
  facet normal 0.671397 0.704245 -0.230793
    outer loop
      vertex -22.8684 4.99 16.1183
      vertex -21.1983 3.25 15.6673
      vertex -22.8695 4.99 16.1151
    endloop
  endfacet
  facet normal 0.696228 0.704337 -0.138477
    outer loop
      vertex -22.8695 4.99 16.1151
      vertex -21.1983 3.25 15.6673
      vertex -22.9704 4.99 15.6078
    endloop
  endfacet
  facet normal 0.0463083 0.704319 -0.708372
    outer loop
      vertex -19.3187 3.25 17.3158
      vertex -19.5412 4.99 19.0313
      vertex -19.025 3.25 17.335
    endloop
  endfacet
  facet normal 0.0429511 0.704207 -0.708694
    outer loop
      vertex -19.5412 4.99 19.0313
      vertex -19.3187 3.25 17.3158
      vertex -19.5445 4.99 19.0311
    endloop
  endfacet
  facet normal 0.0463822 0.704328 -0.708358
    outer loop
      vertex -19.025 4.99 19.0651
      vertex -19.025 3.25 17.335
      vertex -19.5412 4.99 19.0313
    endloop
  endfacet
  facet normal 0.230793 0.704245 -0.671397
    outer loop
      vertex -19.6073 3.25 17.2583
      vertex -20.0583 4.99 18.9284
      vertex -20.0551 4.99 18.9295
    endloop
  endfacet
  facet normal 0.228167 0.704335 -0.672199
    outer loop
      vertex -20.0583 4.99 18.9284
      vertex -19.6073 3.25 17.2583
      vertex -19.886 3.25 17.1637
    endloop
  endfacet
  facet normal 0.300021 0.704745 -0.642901
    outer loop
      vertex -19.886 3.25 17.1637
      vertex -20.5511 4.99 18.7607
      vertex -20.5481 4.99 18.7621
    endloop
  endfacet
  facet normal 0.313785 0.704348 -0.636736
    outer loop
      vertex -20.5511 4.99 18.7607
      vertex -19.886 3.25 17.1637
      vertex -20.15 3.25 17.0336
    endloop
  endfacet
  facet normal 0.533746 0.704334 -0.468005
    outer loop
      vertex -21.8394 4.99 17.8994
      vertex -20.616 3.25 16.676
      vertex -22.1804 4.99 17.5105
    endloop
  endfacet
  facet normal 0.468005 0.704334 -0.533746
    outer loop
      vertex -21.4505 4.99 18.2404
      vertex -20.616 3.25 16.676
      vertex -21.8394 4.99 17.8994
    endloop
  endfacet
  facet normal 0.580169 0.704785 -0.408267
    outer loop
      vertex -20.81 3.25 16.4547
      vertex -22.1845 4.99 17.5052
      vertex -22.1826 4.99 17.5079
    endloop
  endfacet
  facet normal 0.590113 0.70435 -0.394534
    outer loop
      vertex -22.1845 4.99 17.5052
      vertex -20.81 3.25 16.4547
      vertex -20.9736 3.25 16.21
    endloop
  endfacet
  facet normal -0.228225 0.704328 0.672187
    outer loop
      vertex -17.5019 4.99 11.4079
      vertex -17.9917 4.99 11.2416
      vertex -18.164 3.25 13.0063
    endloop
  endfacet
  facet normal -0.138477 0.704337 0.696228
    outer loop
      vertex -18.4427 3.25 12.9117
      vertex -17.9949 4.99 11.2405
      vertex -18.5022 4.99 11.1396
    endloop
  endfacet
  facet normal -0.636678 0.704328 0.313948
    outer loop
      vertex -15.3493 4.99 13.5589
      vertex -15.5781 4.99 13.0949
      vertex -17.0764 3.25 13.96
    endloop
  endfacet
  facet normal 0.228167 0.704335 0.672199
    outer loop
      vertex -19.6073 3.25 12.9117
      vertex -20.0583 4.99 11.2416
      vertex -19.886 3.25 13.0063
    endloop
  endfacet
  facet normal 0.230793 0.704245 0.671397
    outer loop
      vertex -20.0583 4.99 11.2416
      vertex -19.6073 3.25 12.9117
      vertex -20.0551 4.99 11.2405
    endloop
  endfacet
  facet normal 0.138477 0.704337 0.696228
    outer loop
      vertex -19.6073 3.25 12.9117
      vertex -19.5478 4.99 11.1396
      vertex -20.0551 4.99 11.2405
    endloop
  endfacet
  facet normal 0.636678 0.704328 0.313948
    outer loop
      vertex -20.9736 3.25 13.96
      vertex -22.4719 4.99 13.0949
      vertex -22.7007 4.99 13.5589
    endloop
  endfacet
  facet normal 0.708358 0.704328 -0.0463822
    outer loop
      vertex -22.9713 4.99 15.6012
      vertex -21.275 3.25 15.085
      vertex -23.0051 4.99 15.085
    endloop
  endfacet
  facet normal 0.708358 0.704328 0.0463822
    outer loop
      vertex -21.275 3.25 15.085
      vertex -22.9713 4.99 14.5688
      vertex -23.0051 4.99 15.085
    endloop
  endfacet
  facet normal 0.672187 0.704328 0.228225
    outer loop
      vertex -21.1037 3.25 14.224
      vertex -22.7021 4.99 13.5619
      vertex -22.8684 4.99 14.0517
    endloop
  endfacet
  facet normal 0.636736 0.704348 0.313785
    outer loop
      vertex -22.7007 4.99 13.5589
      vertex -21.1037 3.25 14.224
      vertex -20.9736 3.25 13.96
    endloop
  endfacet
  facet normal 0.642901 0.704745 0.300021
    outer loop
      vertex -21.1037 3.25 14.224
      vertex -22.7007 4.99 13.5589
      vertex -22.7021 4.99 13.5619
    endloop
  endfacet
  facet normal 0.468005 0.704334 0.533746
    outer loop
      vertex -20.616 3.25 13.494
      vertex -21.4505 4.99 11.9296
      vertex -21.8394 4.99 12.2706
    endloop
  endfacet
  facet normal 0.533746 0.704334 0.468005
    outer loop
      vertex -20.616 3.25 13.494
      vertex -21.8394 4.99 12.2706
      vertex -22.1804 4.99 12.6595
    endloop
  endfacet
  facet normal 0.394534 0.70435 0.590113
    outer loop
      vertex -21.4452 4.99 11.9255
      vertex -20.3947 3.25 13.3
      vertex -20.15 3.25 13.1364
    endloop
  endfacet
  facet normal 0.408267 0.704785 0.580169
    outer loop
      vertex -20.3947 3.25 13.3
      vertex -21.4452 4.99 11.9255
      vertex -21.4479 4.99 11.9274
    endloop
  endfacet
  facet normal 0.636736 0.704348 -0.313785
    outer loop
      vertex -21.1037 3.25 15.946
      vertex -22.7007 4.99 16.6111
      vertex -20.9736 3.25 16.21
    endloop
  endfacet
  facet normal 0.642901 0.704745 -0.300021
    outer loop
      vertex -22.7007 4.99 16.6111
      vertex -21.1037 3.25 15.946
      vertex -22.7021 4.99 16.6081
    endloop
  endfacet
  facet normal 0.138477 0.704337 -0.696228
    outer loop
      vertex -19.5478 4.99 19.0304
      vertex -19.6073 3.25 17.2583
      vertex -20.0551 4.99 18.9295
    endloop
  endfacet
  facet normal 0.147369 0.704002 -0.69474
    outer loop
      vertex -19.3187 3.25 17.3158
      vertex -19.5478 4.99 19.0304
      vertex -19.5445 4.99 19.0311
    endloop
  endfacet
  facet normal 0.138711 0.70431 -0.696209
    outer loop
      vertex -19.5478 4.99 19.0304
      vertex -19.3187 3.25 17.3158
      vertex -19.6073 3.25 17.2583
    endloop
  endfacet
  facet normal -0.0463822 0.704328 0.708358
    outer loop
      vertex -18.5088 4.99 11.1387
      vertex -19.025 4.99 11.1049
      vertex -19.025 3.25 12.835
    endloop
  endfacet
  facet normal -0.0429511 0.704207 0.708694
    outer loop
      vertex -18.5088 4.99 11.1387
      vertex -18.7313 3.25 12.8542
      vertex -18.5055 4.99 11.1389
    endloop
  endfacet
  facet normal -0.0463083 0.704319 0.708372
    outer loop
      vertex -18.7313 3.25 12.8542
      vertex -18.5088 4.99 11.1387
      vertex -19.025 3.25 12.835
    endloop
  endfacet
  facet normal -0.642901 0.704745 0.300021
    outer loop
      vertex -15.3493 4.99 13.5589
      vertex -16.9463 3.25 14.224
      vertex -15.3479 4.99 13.5619
    endloop
  endfacet
  facet normal -0.636736 0.704348 0.313785
    outer loop
      vertex -16.9463 3.25 14.224
      vertex -15.3493 4.99 13.5589
      vertex -17.0764 3.25 13.96
    endloop
  endfacet
  facet normal 0.313785 0.704348 0.636736
    outer loop
      vertex -19.886 3.25 13.0063
      vertex -20.5511 4.99 11.4093
      vertex -20.15 3.25 13.1364
    endloop
  endfacet
  facet normal 0.300021 0.704745 0.642901
    outer loop
      vertex -20.5511 4.99 11.4093
      vertex -19.886 3.25 13.0063
      vertex -20.5481 4.99 11.4079
    endloop
  endfacet
  facet normal 0.708372 0.704319 0.0463083
    outer loop
      vertex -21.2558 3.25 14.7913
      vertex -22.9713 4.99 14.5688
      vertex -21.275 3.25 15.085
    endloop
  endfacet
  facet normal 0.708694 0.704207 0.0429511
    outer loop
      vertex -22.9713 4.99 14.5688
      vertex -21.2558 3.25 14.7913
      vertex -22.9711 4.99 14.5655
    endloop
  endfacet
  facet normal 0.708694 0.704207 -0.0429511
    outer loop
      vertex -21.2558 3.25 15.3787
      vertex -22.9713 4.99 15.6012
      vertex -22.9711 4.99 15.6045
    endloop
  endfacet
  facet normal 0.708372 0.704319 -0.0463083
    outer loop
      vertex -22.9713 4.99 15.6012
      vertex -21.2558 3.25 15.3787
      vertex -21.275 3.25 15.085
    endloop
  endfacet
  facet normal 0.69474 0.704002 0.147369
    outer loop
      vertex -21.2558 3.25 14.7913
      vertex -22.9704 4.99 14.5622
      vertex -22.9711 4.99 14.5655
    endloop
  endfacet
  facet normal 0.696209 0.70431 0.138711
    outer loop
      vertex -22.9704 4.99 14.5622
      vertex -21.2558 3.25 14.7913
      vertex -21.1983 3.25 14.5027
    endloop
  endfacet
  facet normal 0.696228 0.704337 0.138477
    outer loop
      vertex -21.1983 3.25 14.5027
      vertex -22.8695 4.99 14.0549
      vertex -22.9704 4.99 14.5622
    endloop
  endfacet
  facet normal -0.313948 0.704328 0.636678
    outer loop
      vertex -17.0349 4.99 11.6381
      vertex -17.4989 4.99 11.4093
      vertex -17.9 3.25 13.1364
    endloop
  endfacet
  facet normal -0.3944 0.70433 0.590228
    outer loop
      vertex -16.6048 4.99 11.9255
      vertex -17.0349 4.99 11.6381
      vertex -17.9 3.25 13.1364
    endloop
  endfacet
  facet normal 0.0463822 0.704328 0.708358
    outer loop
      vertex -19.025 3.25 12.835
      vertex -19.025 4.99 11.1049
      vertex -19.5412 4.99 11.1387
    endloop
  endfacet
  facet normal -0.467941 0.704343 0.53379
    outer loop
      vertex -16.5995 4.99 11.9296
      vertex -17.6553 3.25 13.3
      vertex -17.434 3.25 13.494
    endloop
  endfacet
  facet normal -0.458311 0.704683 0.54164
    outer loop
      vertex -17.6553 3.25 13.3
      vertex -16.5995 4.99 11.9296
      vertex -16.6021 4.99 11.9274
    endloop
  endfacet
  facet normal -0.672187 0.704328 0.228225
    outer loop
      vertex -15.1816 4.99 14.0517
      vertex -15.3479 4.99 13.5619
      vertex -16.9463 3.25 14.224
    endloop
  endfacet
  facet normal -0.228167 0.704335 0.672199
    outer loop
      vertex -17.9917 4.99 11.2416
      vertex -18.4427 3.25 12.9117
      vertex -18.164 3.25 13.0063
    endloop
  endfacet
  facet normal -0.230793 0.704245 0.671397
    outer loop
      vertex -18.4427 3.25 12.9117
      vertex -17.9917 4.99 11.2416
      vertex -17.9949 4.99 11.2405
    endloop
  endfacet
  facet normal 0.0463083 0.704319 0.708372
    outer loop
      vertex -19.5412 4.99 11.1387
      vertex -19.3187 3.25 12.8542
      vertex -19.025 3.25 12.835
    endloop
  endfacet
  facet normal 0.0429511 0.704207 0.708694
    outer loop
      vertex -19.3187 3.25 12.8542
      vertex -19.5412 4.99 11.1387
      vertex -19.5445 4.99 11.1389
    endloop
  endfacet
  facet normal -0.533746 0.704334 0.468005
    outer loop
      vertex -15.8696 4.99 12.6595
      vertex -16.2106 4.99 12.2706
      vertex -17.434 3.25 13.494
    endloop
  endfacet
  facet normal -0.468005 0.704334 0.533746
    outer loop
      vertex -16.2106 4.99 12.2706
      vertex -16.5995 4.99 11.9296
      vertex -17.434 3.25 13.494
    endloop
  endfacet
  facet normal -0.54164 0.704683 0.458311
    outer loop
      vertex -15.8696 4.99 12.6595
      vertex -17.24 3.25 13.7153
      vertex -15.8674 4.99 12.6621
    endloop
  endfacet
  facet normal -0.53379 0.704343 0.467941
    outer loop
      vertex -17.24 3.25 13.7153
      vertex -15.8696 4.99 12.6595
      vertex -17.434 3.25 13.494
    endloop
  endfacet
  facet normal -0.590113 0.70435 0.394534
    outer loop
      vertex -15.8655 4.99 12.6648
      vertex -17.24 3.25 13.7153
      vertex -17.0764 3.25 13.96
    endloop
  endfacet
  facet normal -0.580169 0.704785 0.408267
    outer loop
      vertex -17.24 3.25 13.7153
      vertex -15.8655 4.99 12.6648
      vertex -15.8674 4.99 12.6621
    endloop
  endfacet
  facet normal -0.671397 0.704245 0.230793
    outer loop
      vertex -15.1816 4.99 14.0517
      vertex -16.8517 3.25 14.5027
      vertex -15.1805 4.99 14.0549
    endloop
  endfacet
  facet normal -0.672199 0.704335 0.228167
    outer loop
      vertex -16.8517 3.25 14.5027
      vertex -15.1816 4.99 14.0517
      vertex -16.9463 3.25 14.224
    endloop
  endfacet
  facet normal -0.138711 0.70431 0.696209
    outer loop
      vertex -18.5022 4.99 11.1396
      vertex -18.7313 3.25 12.8542
      vertex -18.4427 3.25 12.9117
    endloop
  endfacet
  facet normal -0.147369 0.704002 0.69474
    outer loop
      vertex -18.7313 3.25 12.8542
      vertex -18.5022 4.99 11.1396
      vertex -18.5055 4.99 11.1389
    endloop
  endfacet
  facet normal -0.696228 0.704337 0.138477
    outer loop
      vertex -15.0796 4.99 14.5622
      vertex -15.1805 4.99 14.0549
      vertex -16.8517 3.25 14.5027
    endloop
  endfacet
  facet normal -0.69472 0.704022 0.147365
    outer loop
      vertex -15.0796 4.99 14.5622
      vertex -16.7943 3.25 14.7913
      vertex -15.0789 4.99 14.5655
    endloop
  endfacet
  facet normal -0.696228 0.704337 0.138474
    outer loop
      vertex -16.7943 3.25 14.7913
      vertex -15.0796 4.99 14.5622
      vertex -16.8517 3.25 14.5027
    endloop
  endfacet
  facet normal -0.997861 0 0.0653646
    outer loop
      vertex -15.0592 4.99 14.5629
      vertex -15.025 5 15.085
      vertex -15.0592 5 14.5629
    endloop
  endfacet
  facet normal -0.997861 0 0.0653646
    outer loop
      vertex -15.025 5 15.085
      vertex -15.0592 4.99 14.5629
      vertex -15.025 4.99 15.085
    endloop
  endfacet
  facet normal 0.997861 -0 0.0653646
    outer loop
      vertex -23.025 4.99 15.085
      vertex -22.9908 5 14.5629
      vertex -23.025 5 15.085
    endloop
  endfacet
  facet normal 0.997861 0 0.0653646
    outer loop
      vertex -22.9908 5 14.5629
      vertex -23.025 4.99 15.085
      vertex -22.9908 4.99 14.5629
    endloop
  endfacet
  facet normal -0.0653646 0 0.997861
    outer loop
      vertex -19.025 5 11.085
      vertex -18.5029 4.99 11.1192
      vertex -18.5029 5 11.1192
    endloop
  endfacet
  facet normal -0.0653646 0 0.997861
    outer loop
      vertex -18.5029 4.99 11.1192
      vertex -19.025 5 11.085
      vertex -19.025 4.99 11.085
    endloop
  endfacet
  facet normal 0.751842 0 -0.659343
    outer loop
      vertex -21.8534 4.99 17.9134
      vertex -22.1984 5 17.52
      vertex -21.8534 5 17.9134
    endloop
  endfacet
  facet normal 0.751842 0 -0.659343
    outer loop
      vertex -22.1984 5 17.52
      vertex -21.8534 4.99 17.9134
      vertex -22.1984 4.99 17.52
    endloop
  endfacet
  facet normal -0.659343 0 0.751842
    outer loop
      vertex -16.59 5 11.9116
      vertex -16.1966 4.99 12.2566
      vertex -16.1966 5 12.2566
    endloop
  endfacet
  facet normal -0.659343 0 0.751842
    outer loop
      vertex -16.1966 4.99 12.2566
      vertex -16.59 5 11.9116
      vertex -16.59 4.99 11.9116
    endloop
  endfacet
  facet normal 0.659343 0 0.751842
    outer loop
      vertex -21.8534 5 12.2566
      vertex -21.46 4.99 11.9116
      vertex -21.46 5 11.9116
    endloop
  endfacet
  facet normal 0.659343 0 0.751842
    outer loop
      vertex -21.46 4.99 11.9116
      vertex -21.8534 5 12.2566
      vertex -21.8534 4.99 12.2566
    endloop
  endfacet
  facet normal 0.321498 0 0.94691
    outer loop
      vertex -20.5557 5 11.3895
      vertex -20.0603 4.99 11.2213
      vertex -20.0603 5 11.2213
    endloop
  endfacet
  facet normal 0.321498 0 0.94691
    outer loop
      vertex -20.0603 4.99 11.2213
      vertex -20.5557 5 11.3895
      vertex -20.5557 4.99 11.3895
    endloop
  endfacet
  facet normal 0.94691 0 -0.321498
    outer loop
      vertex -22.7205 4.99 16.6157
      vertex -22.8887 5 16.1203
      vertex -22.7205 5 16.6157
    endloop
  endfacet
  facet normal 0.94691 0 -0.321498
    outer loop
      vertex -22.8887 5 16.1203
      vertex -22.7205 4.99 16.6157
      vertex -22.8887 4.99 16.1203
    endloop
  endfacet
  facet normal 0 1 -0
    outer loop
      vertex -18.5088 4.99 19.0313
      vertex -19.025 4.99 19.085
      vertex -18.5029 4.99 19.0508
    endloop
  endfacet
  facet normal 0 1 0
    outer loop
      vertex -19.025 4.99 19.085
      vertex -18.5088 4.99 19.0313
      vertex -19.025 4.99 19.0651
    endloop
  endfacet
  facet normal 0 1 0
    outer loop
      vertex -18.5029 4.99 19.0508
      vertex -18.5055 4.99 19.0311
      vertex -18.5088 4.99 19.0313
    endloop
  endfacet
  facet normal 0 1 0
    outer loop
      vertex -18.5029 4.99 19.0508
      vertex -18.5022 4.99 19.0304
      vertex -18.5055 4.99 19.0311
    endloop
  endfacet
  facet normal 0 1 0
    outer loop
      vertex -17.9897 4.99 18.9487
      vertex -18.5022 4.99 19.0304
      vertex -18.5029 4.99 19.0508
    endloop
  endfacet
  facet normal 0 1 0
    outer loop
      vertex -17.9897 4.99 18.9487
      vertex -17.9949 4.99 18.9295
      vertex -18.5022 4.99 19.0304
    endloop
  endfacet
  facet normal 0 1 0
    outer loop
      vertex -17.9897 4.99 18.9487
      vertex -17.9917 4.99 18.9284
      vertex -17.9949 4.99 18.9295
    endloop
  endfacet
  facet normal 0 1 0
    outer loop
      vertex -17.4943 4.99 18.7805
      vertex -17.9917 4.99 18.9284
      vertex -17.9897 4.99 18.9487
    endloop
  endfacet
  facet normal 0 1 0
    outer loop
      vertex -17.4943 4.99 18.7805
      vertex -17.5019 4.99 18.7621
      vertex -17.9917 4.99 18.9284
    endloop
  endfacet
  facet normal 0 1 0
    outer loop
      vertex -17.4943 4.99 18.7805
      vertex -17.4989 4.99 18.7607
      vertex -17.5019 4.99 18.7621
    endloop
  endfacet
  facet normal 0 1 0
    outer loop
      vertex -17.025 4.99 18.5491
      vertex -17.4989 4.99 18.7607
      vertex -17.4943 4.99 18.7805
    endloop
  endfacet
  facet normal 0 1 0
    outer loop
      vertex -17.025 4.99 18.5491
      vertex -17.0349 4.99 18.5319
      vertex -17.4989 4.99 18.7607
    endloop
  endfacet
  facet normal 0 1 -0
    outer loop
      vertex -16.6048 4.99 18.2445
      vertex -17.025 4.99 18.5491
      vertex -16.59 4.99 18.2584
    endloop
  endfacet
  facet normal 0 1 0
    outer loop
      vertex -17.025 4.99 18.5491
      vertex -16.6048 4.99 18.2445
      vertex -17.0349 4.99 18.5319
    endloop
  endfacet
  facet normal 0 1 0
    outer loop
      vertex -16.59 4.99 18.2584
      vertex -16.6021 4.99 18.2426
      vertex -16.6048 4.99 18.2445
    endloop
  endfacet
  facet normal 0 1 0
    outer loop
      vertex -16.59 4.99 18.2584
      vertex -16.5995 4.99 18.2404
      vertex -16.6021 4.99 18.2426
    endloop
  endfacet
  facet normal 0 1 0
    outer loop
      vertex -16.1966 4.99 17.9134
      vertex -16.5995 4.99 18.2404
      vertex -16.59 4.99 18.2584
    endloop
  endfacet
  facet normal 0 1 0
    outer loop
      vertex -16.1966 4.99 17.9134
      vertex -16.2106 4.99 17.8994
      vertex -16.5995 4.99 18.2404
    endloop
  endfacet
  facet normal 0 1 -0
    outer loop
      vertex -15.8696 4.99 17.5105
      vertex -16.1966 4.99 17.9134
      vertex -15.8516 4.99 17.52
    endloop
  endfacet
  facet normal 0 1 0
    outer loop
      vertex -16.1966 4.99 17.9134
      vertex -15.8696 4.99 17.5105
      vertex -16.2106 4.99 17.8994
    endloop
  endfacet
  facet normal 0 1 0
    outer loop
      vertex -15.8516 4.99 17.52
      vertex -15.8674 4.99 17.5079
      vertex -15.8696 4.99 17.5105
    endloop
  endfacet
  facet normal 0 1 0
    outer loop
      vertex -15.8516 4.99 17.52
      vertex -15.8655 4.99 17.5052
      vertex -15.8674 4.99 17.5079
    endloop
  endfacet
  facet normal 0 1 0
    outer loop
      vertex -15.5609 4.99 17.085
      vertex -15.8655 4.99 17.5052
      vertex -15.8516 4.99 17.52
    endloop
  endfacet
  facet normal 0 1 0
    outer loop
      vertex -15.5609 4.99 17.085
      vertex -15.5781 4.99 17.0751
      vertex -15.8655 4.99 17.5052
    endloop
  endfacet
  facet normal 0 1 -0
    outer loop
      vertex -15.3493 4.99 16.6111
      vertex -15.5609 4.99 17.085
      vertex -15.3295 4.99 16.6157
    endloop
  endfacet
  facet normal 0 1 0
    outer loop
      vertex -15.5609 4.99 17.085
      vertex -15.3493 4.99 16.6111
      vertex -15.5781 4.99 17.0751
    endloop
  endfacet
  facet normal 0 1 0
    outer loop
      vertex -15.3295 4.99 16.6157
      vertex -15.3479 4.99 16.6081
      vertex -15.3493 4.99 16.6111
    endloop
  endfacet
  facet normal 0 1 -0
    outer loop
      vertex -15.1816 4.99 16.1183
      vertex -15.3295 4.99 16.6157
      vertex -15.1613 4.99 16.1203
    endloop
  endfacet
  facet normal 0 1 0
    outer loop
      vertex -15.3295 4.99 16.6157
      vertex -15.1816 4.99 16.1183
      vertex -15.3479 4.99 16.6081
    endloop
  endfacet
  facet normal 0 1 0
    outer loop
      vertex -15.1613 4.99 16.1203
      vertex -15.1805 4.99 16.1151
      vertex -15.1816 4.99 16.1183
    endloop
  endfacet
  facet normal 0 1 0
    outer loop
      vertex -15.1613 4.99 16.1203
      vertex -15.0796 4.99 15.6078
      vertex -15.1805 4.99 16.1151
    endloop
  endfacet
  facet normal 0 1 0
    outer loop
      vertex -15.0592 4.99 15.6071
      vertex -15.0796 4.99 15.6078
      vertex -15.1613 4.99 16.1203
    endloop
  endfacet
  facet normal 0 1 0
    outer loop
      vertex -15.0592 4.99 15.6071
      vertex -15.0789 4.99 15.6045
      vertex -15.0796 4.99 15.6078
    endloop
  endfacet
  facet normal 0 1 0
    outer loop
      vertex -15.0592 4.99 15.6071
      vertex -15.0787 4.99 15.6012
      vertex -15.0789 4.99 15.6045
    endloop
  endfacet
  facet normal 0 1 0
    outer loop
      vertex -15.025 4.99 15.085
      vertex -15.0787 4.99 15.6012
      vertex -15.0592 4.99 15.6071
    endloop
  endfacet
  facet normal 0 1 0
    outer loop
      vertex -15.025 4.99 15.085
      vertex -15.0449 4.99 15.085
      vertex -15.0787 4.99 15.6012
    endloop
  endfacet
  facet normal 0 1 0
    outer loop
      vertex -15.025 4.99 15.085
      vertex -15.0787 4.99 14.5688
      vertex -15.0449 4.99 15.085
    endloop
  endfacet
  facet normal 0 1 -0
    outer loop
      vertex -15.0592 4.99 14.5629
      vertex -15.0787 4.99 14.5688
      vertex -15.025 4.99 15.085
    endloop
  endfacet
  facet normal 0 1 0
    outer loop
      vertex -15.0787 4.99 14.5688
      vertex -15.0592 4.99 14.5629
      vertex -15.0789 4.99 14.5655
    endloop
  endfacet
  facet normal 0 1 0
    outer loop
      vertex -15.0592 4.99 14.5629
      vertex -15.0796 4.99 14.5622
      vertex -15.0789 4.99 14.5655
    endloop
  endfacet
  facet normal 0 1 0
    outer loop
      vertex -15.1613 4.99 14.0497
      vertex -15.0796 4.99 14.5622
      vertex -15.0592 4.99 14.5629
    endloop
  endfacet
  facet normal 0 1 0
    outer loop
      vertex -15.0796 4.99 14.5622
      vertex -15.1613 4.99 14.0497
      vertex -15.1805 4.99 14.0549
    endloop
  endfacet
  facet normal 0 1 0
    outer loop
      vertex -15.1613 4.99 14.0497
      vertex -15.1816 4.99 14.0517
      vertex -15.1805 4.99 14.0549
    endloop
  endfacet
  facet normal 0 1 0
    outer loop
      vertex -15.3295 4.99 13.5543
      vertex -15.1816 4.99 14.0517
      vertex -15.1613 4.99 14.0497
    endloop
  endfacet
  facet normal 0 1 0
    outer loop
      vertex -15.1816 4.99 14.0517
      vertex -15.3295 4.99 13.5543
      vertex -15.3479 4.99 13.5619
    endloop
  endfacet
  facet normal 0 1 0
    outer loop
      vertex -15.3295 4.99 13.5543
      vertex -15.3493 4.99 13.5589
      vertex -15.3479 4.99 13.5619
    endloop
  endfacet
  facet normal 0 1 0
    outer loop
      vertex -15.5609 4.99 13.085
      vertex -15.3493 4.99 13.5589
      vertex -15.3295 4.99 13.5543
    endloop
  endfacet
  facet normal 0 1 0
    outer loop
      vertex -15.3493 4.99 13.5589
      vertex -15.5609 4.99 13.085
      vertex -15.5781 4.99 13.0949
    endloop
  endfacet
  facet normal 0 1 0
    outer loop
      vertex -15.5609 4.99 13.085
      vertex -15.8655 4.99 12.6648
      vertex -15.5781 4.99 13.0949
    endloop
  endfacet
  facet normal 0 1 -0
    outer loop
      vertex -15.8516 4.99 12.65
      vertex -15.8655 4.99 12.6648
      vertex -15.5609 4.99 13.085
    endloop
  endfacet
  facet normal 0 1 0
    outer loop
      vertex -15.8655 4.99 12.6648
      vertex -15.8516 4.99 12.65
      vertex -15.8674 4.99 12.6621
    endloop
  endfacet
  facet normal 0 1 0
    outer loop
      vertex -15.8516 4.99 12.65
      vertex -15.8696 4.99 12.6595
      vertex -15.8674 4.99 12.6621
    endloop
  endfacet
  facet normal 0 1 0
    outer loop
      vertex -16.1966 4.99 12.2566
      vertex -15.8696 4.99 12.6595
      vertex -15.8516 4.99 12.65
    endloop
  endfacet
  facet normal 0 1 0
    outer loop
      vertex -15.8696 4.99 12.6595
      vertex -16.1966 4.99 12.2566
      vertex -16.2106 4.99 12.2706
    endloop
  endfacet
  facet normal 0 1 0
    outer loop
      vertex -16.1966 4.99 12.2566
      vertex -16.5995 4.99 11.9296
      vertex -16.2106 4.99 12.2706
    endloop
  endfacet
  facet normal 0 1 -0
    outer loop
      vertex -16.59 4.99 11.9116
      vertex -16.5995 4.99 11.9296
      vertex -16.1966 4.99 12.2566
    endloop
  endfacet
  facet normal 0 1 0
    outer loop
      vertex -16.5995 4.99 11.9296
      vertex -16.59 4.99 11.9116
      vertex -16.6021 4.99 11.9274
    endloop
  endfacet
  facet normal 0 1 0
    outer loop
      vertex -16.59 4.99 11.9116
      vertex -16.6048 4.99 11.9255
      vertex -16.6021 4.99 11.9274
    endloop
  endfacet
  facet normal 0 1 0
    outer loop
      vertex -17.025 4.99 11.6209
      vertex -16.6048 4.99 11.9255
      vertex -16.59 4.99 11.9116
    endloop
  endfacet
  facet normal 0 1 0
    outer loop
      vertex -16.6048 4.99 11.9255
      vertex -17.025 4.99 11.6209
      vertex -17.0349 4.99 11.6381
    endloop
  endfacet
  facet normal 0 1 0
    outer loop
      vertex -17.025 4.99 11.6209
      vertex -17.4989 4.99 11.4093
      vertex -17.0349 4.99 11.6381
    endloop
  endfacet
  facet normal 0 1 -0
    outer loop
      vertex -17.4943 4.99 11.3895
      vertex -17.4989 4.99 11.4093
      vertex -17.025 4.99 11.6209
    endloop
  endfacet
  facet normal 0 1 0
    outer loop
      vertex -17.4989 4.99 11.4093
      vertex -17.4943 4.99 11.3895
      vertex -17.5019 4.99 11.4079
    endloop
  endfacet
  facet normal 0 1 0
    outer loop
      vertex -17.4943 4.99 11.3895
      vertex -17.9917 4.99 11.2416
      vertex -17.5019 4.99 11.4079
    endloop
  endfacet
  facet normal 0 1 -0
    outer loop
      vertex -17.9897 4.99 11.2213
      vertex -17.9917 4.99 11.2416
      vertex -17.4943 4.99 11.3895
    endloop
  endfacet
  facet normal 0 1 0
    outer loop
      vertex -17.9917 4.99 11.2416
      vertex -17.9897 4.99 11.2213
      vertex -17.9949 4.99 11.2405
    endloop
  endfacet
  facet normal 0 1 0
    outer loop
      vertex -17.9897 4.99 11.2213
      vertex -18.5022 4.99 11.1396
      vertex -17.9949 4.99 11.2405
    endloop
  endfacet
  facet normal 0 1 0
    outer loop
      vertex -18.5029 4.99 11.1192
      vertex -18.5022 4.99 11.1396
      vertex -17.9897 4.99 11.2213
    endloop
  endfacet
  facet normal 0 1 0
    outer loop
      vertex -18.5022 4.99 11.1396
      vertex -18.5029 4.99 11.1192
      vertex -18.5055 4.99 11.1389
    endloop
  endfacet
  facet normal 0 1 0
    outer loop
      vertex -18.5029 4.99 11.1192
      vertex -18.5088 4.99 11.1387
      vertex -18.5055 4.99 11.1389
    endloop
  endfacet
  facet normal 0 1 0
    outer loop
      vertex -19.025 4.99 11.085
      vertex -18.5088 4.99 11.1387
      vertex -18.5029 4.99 11.1192
    endloop
  endfacet
  facet normal 0 1 0
    outer loop
      vertex -18.5088 4.99 11.1387
      vertex -19.025 4.99 11.085
      vertex -19.025 4.99 11.1049
    endloop
  endfacet
  facet normal 0 1 0
    outer loop
      vertex -19.5412 4.99 19.0313
      vertex -19.025 4.99 19.085
      vertex -19.025 4.99 19.0651
    endloop
  endfacet
  facet normal 0 1 0
    outer loop
      vertex -19.025 4.99 19.085
      vertex -19.5412 4.99 19.0313
      vertex -19.5471 4.99 19.0508
    endloop
  endfacet
  facet normal 0 1 -0
    outer loop
      vertex -19.5445 4.99 19.0311
      vertex -19.5471 4.99 19.0508
      vertex -19.5412 4.99 19.0313
    endloop
  endfacet
  facet normal 0 1 0
    outer loop
      vertex -19.5478 4.99 19.0304
      vertex -19.5471 4.99 19.0508
      vertex -19.5445 4.99 19.0311
    endloop
  endfacet
  facet normal 0 1 -0
    outer loop
      vertex -19.5478 4.99 19.0304
      vertex -20.0603 4.99 18.9487
      vertex -19.5471 4.99 19.0508
    endloop
  endfacet
  facet normal 0 1 -0
    outer loop
      vertex -20.0551 4.99 18.9295
      vertex -20.0603 4.99 18.9487
      vertex -19.5478 4.99 19.0304
    endloop
  endfacet
  facet normal 0 1 -0
    outer loop
      vertex -20.0583 4.99 18.9284
      vertex -20.0603 4.99 18.9487
      vertex -20.0551 4.99 18.9295
    endloop
  endfacet
  facet normal 0 1 0
    outer loop
      vertex -20.0583 4.99 18.9284
      vertex -20.5557 4.99 18.7805
      vertex -20.0603 4.99 18.9487
    endloop
  endfacet
  facet normal 0 1 -0
    outer loop
      vertex -20.5481 4.99 18.7621
      vertex -20.5557 4.99 18.7805
      vertex -20.0583 4.99 18.9284
    endloop
  endfacet
  facet normal 0 1 -0
    outer loop
      vertex -20.5511 4.99 18.7607
      vertex -20.5557 4.99 18.7805
      vertex -20.5481 4.99 18.7621
    endloop
  endfacet
  facet normal 0 1 0
    outer loop
      vertex -20.5511 4.99 18.7607
      vertex -21.025 4.99 18.5491
      vertex -20.5557 4.99 18.7805
    endloop
  endfacet
  facet normal 0 1 -0
    outer loop
      vertex -21.0151 4.99 18.5319
      vertex -21.025 4.99 18.5491
      vertex -20.5511 4.99 18.7607
    endloop
  endfacet
  facet normal 0 1 0
    outer loop
      vertex -21.4452 4.99 18.2445
      vertex -21.025 4.99 18.5491
      vertex -21.0151 4.99 18.5319
    endloop
  endfacet
  facet normal 0 1 0
    outer loop
      vertex -21.025 4.99 18.5491
      vertex -21.4452 4.99 18.2445
      vertex -21.46 4.99 18.2584
    endloop
  endfacet
  facet normal 0 1 -0
    outer loop
      vertex -21.4479 4.99 18.2426
      vertex -21.46 4.99 18.2584
      vertex -21.4452 4.99 18.2445
    endloop
  endfacet
  facet normal 0 1 -0
    outer loop
      vertex -21.4505 4.99 18.2404
      vertex -21.46 4.99 18.2584
      vertex -21.4479 4.99 18.2426
    endloop
  endfacet
  facet normal 0 1 0
    outer loop
      vertex -21.4505 4.99 18.2404
      vertex -21.8534 4.99 17.9134
      vertex -21.46 4.99 18.2584
    endloop
  endfacet
  facet normal 0 1 -0
    outer loop
      vertex -21.8394 4.99 17.8994
      vertex -21.8534 4.99 17.9134
      vertex -21.4505 4.99 18.2404
    endloop
  endfacet
  facet normal 0 1 0
    outer loop
      vertex -22.1804 4.99 17.5105
      vertex -21.8534 4.99 17.9134
      vertex -21.8394 4.99 17.8994
    endloop
  endfacet
  facet normal 0 1 0
    outer loop
      vertex -21.8534 4.99 17.9134
      vertex -22.1804 4.99 17.5105
      vertex -22.1984 4.99 17.52
    endloop
  endfacet
  facet normal 0 1 -0
    outer loop
      vertex -22.1826 4.99 17.5079
      vertex -22.1984 4.99 17.52
      vertex -22.1804 4.99 17.5105
    endloop
  endfacet
  facet normal 0 1 -0
    outer loop
      vertex -22.1845 4.99 17.5052
      vertex -22.1984 4.99 17.52
      vertex -22.1826 4.99 17.5079
    endloop
  endfacet
  facet normal 0 1 0
    outer loop
      vertex -22.1845 4.99 17.5052
      vertex -22.4891 4.99 17.085
      vertex -22.1984 4.99 17.52
    endloop
  endfacet
  facet normal 0 1 -0
    outer loop
      vertex -22.4719 4.99 17.0751
      vertex -22.4891 4.99 17.085
      vertex -22.1845 4.99 17.5052
    endloop
  endfacet
  facet normal 0 1 0
    outer loop
      vertex -22.7007 4.99 16.6111
      vertex -22.4891 4.99 17.085
      vertex -22.4719 4.99 17.0751
    endloop
  endfacet
  facet normal 0 1 0
    outer loop
      vertex -22.4891 4.99 17.085
      vertex -22.7007 4.99 16.6111
      vertex -22.7205 4.99 16.6157
    endloop
  endfacet
  facet normal 0 1 -0
    outer loop
      vertex -22.7021 4.99 16.6081
      vertex -22.7205 4.99 16.6157
      vertex -22.7007 4.99 16.6111
    endloop
  endfacet
  facet normal 0 1 0
    outer loop
      vertex -22.8684 4.99 16.1183
      vertex -22.7205 4.99 16.6157
      vertex -22.7021 4.99 16.6081
    endloop
  endfacet
  facet normal 0 1 0
    outer loop
      vertex -22.7205 4.99 16.6157
      vertex -22.8684 4.99 16.1183
      vertex -22.8887 4.99 16.1203
    endloop
  endfacet
  facet normal 0 1 -0
    outer loop
      vertex -22.8695 4.99 16.1151
      vertex -22.8887 4.99 16.1203
      vertex -22.8684 4.99 16.1183
    endloop
  endfacet
  facet normal 0 1 0
    outer loop
      vertex -22.9704 4.99 15.6078
      vertex -22.8887 4.99 16.1203
      vertex -22.8695 4.99 16.1151
    endloop
  endfacet
  facet normal 0 1 -0
    outer loop
      vertex -22.9704 4.99 15.6078
      vertex -22.9908 4.99 15.6071
      vertex -22.8887 4.99 16.1203
    endloop
  endfacet
  facet normal 0 1 -0
    outer loop
      vertex -22.9711 4.99 15.6045
      vertex -22.9908 4.99 15.6071
      vertex -22.9704 4.99 15.6078
    endloop
  endfacet
  facet normal 0 1 -0
    outer loop
      vertex -22.9713 4.99 15.6012
      vertex -22.9908 4.99 15.6071
      vertex -22.9711 4.99 15.6045
    endloop
  endfacet
  facet normal 0 1 0
    outer loop
      vertex -23.025 4.99 15.085
      vertex -22.9713 4.99 15.6012
      vertex -23.0051 4.99 15.085
    endloop
  endfacet
  facet normal 0 1 0
    outer loop
      vertex -22.9713 4.99 15.6012
      vertex -23.025 4.99 15.085
      vertex -22.9908 4.99 15.6071
    endloop
  endfacet
  facet normal 0 1 0
    outer loop
      vertex -22.9713 4.99 14.5688
      vertex -23.025 4.99 15.085
      vertex -23.0051 4.99 15.085
    endloop
  endfacet
  facet normal 0 1 0
    outer loop
      vertex -22.9908 4.99 14.5629
      vertex -22.9713 4.99 14.5688
      vertex -22.9711 4.99 14.5655
    endloop
  endfacet
  facet normal 0 1 0
    outer loop
      vertex -22.9713 4.99 14.5688
      vertex -22.9908 4.99 14.5629
      vertex -23.025 4.99 15.085
    endloop
  endfacet
  facet normal 0 1 0
    outer loop
      vertex -22.9704 4.99 14.5622
      vertex -22.9908 4.99 14.5629
      vertex -22.9711 4.99 14.5655
    endloop
  endfacet
  facet normal 0 1 -0
    outer loop
      vertex -22.8887 4.99 14.0497
      vertex -22.9704 4.99 14.5622
      vertex -22.8695 4.99 14.0549
    endloop
  endfacet
  facet normal 0 1 0
    outer loop
      vertex -22.9704 4.99 14.5622
      vertex -22.8887 4.99 14.0497
      vertex -22.9908 4.99 14.5629
    endloop
  endfacet
  facet normal 0 1 0
    outer loop
      vertex -22.8684 4.99 14.0517
      vertex -22.8887 4.99 14.0497
      vertex -22.8695 4.99 14.0549
    endloop
  endfacet
  facet normal 0 1 -0
    outer loop
      vertex -22.7205 4.99 13.5543
      vertex -22.8684 4.99 14.0517
      vertex -22.7021 4.99 13.5619
    endloop
  endfacet
  facet normal 0 1 0
    outer loop
      vertex -22.8684 4.99 14.0517
      vertex -22.7205 4.99 13.5543
      vertex -22.8887 4.99 14.0497
    endloop
  endfacet
  facet normal 0 1 0
    outer loop
      vertex -22.7007 4.99 13.5589
      vertex -22.7205 4.99 13.5543
      vertex -22.7021 4.99 13.5619
    endloop
  endfacet
  facet normal 0 1 -0
    outer loop
      vertex -22.4891 4.99 13.085
      vertex -22.7007 4.99 13.5589
      vertex -22.4719 4.99 13.0949
    endloop
  endfacet
  facet normal 0 1 0
    outer loop
      vertex -22.7007 4.99 13.5589
      vertex -22.4891 4.99 13.085
      vertex -22.7205 4.99 13.5543
    endloop
  endfacet
  facet normal 0 1 0
    outer loop
      vertex -22.1845 4.99 12.6648
      vertex -22.4891 4.99 13.085
      vertex -22.4719 4.99 13.0949
    endloop
  endfacet
  facet normal 0 1 0
    outer loop
      vertex -22.1984 4.99 12.65
      vertex -22.1845 4.99 12.6648
      vertex -22.1826 4.99 12.6621
    endloop
  endfacet
  facet normal 0 1 0
    outer loop
      vertex -22.1845 4.99 12.6648
      vertex -22.1984 4.99 12.65
      vertex -22.4891 4.99 13.085
    endloop
  endfacet
  facet normal 0 1 0
    outer loop
      vertex -22.1804 4.99 12.6595
      vertex -22.1984 4.99 12.65
      vertex -22.1826 4.99 12.6621
    endloop
  endfacet
  facet normal 0 1 -0
    outer loop
      vertex -21.8534 4.99 12.2566
      vertex -22.1804 4.99 12.6595
      vertex -21.8394 4.99 12.2706
    endloop
  endfacet
  facet normal 0 1 0
    outer loop
      vertex -22.1804 4.99 12.6595
      vertex -21.8534 4.99 12.2566
      vertex -22.1984 4.99 12.65
    endloop
  endfacet
  facet normal 0 1 0
    outer loop
      vertex -21.4505 4.99 11.9296
      vertex -21.8534 4.99 12.2566
      vertex -21.8394 4.99 12.2706
    endloop
  endfacet
  facet normal 0 1 0
    outer loop
      vertex -21.46 4.99 11.9116
      vertex -21.4505 4.99 11.9296
      vertex -21.4479 4.99 11.9274
    endloop
  endfacet
  facet normal 0 1 0
    outer loop
      vertex -21.4505 4.99 11.9296
      vertex -21.46 4.99 11.9116
      vertex -21.8534 4.99 12.2566
    endloop
  endfacet
  facet normal 0 1 0
    outer loop
      vertex -21.4452 4.99 11.9255
      vertex -21.46 4.99 11.9116
      vertex -21.4479 4.99 11.9274
    endloop
  endfacet
  facet normal 0 1 -0
    outer loop
      vertex -21.025 4.99 11.6209
      vertex -21.4452 4.99 11.9255
      vertex -21.0151 4.99 11.6381
    endloop
  endfacet
  facet normal 0 1 0
    outer loop
      vertex -21.4452 4.99 11.9255
      vertex -21.025 4.99 11.6209
      vertex -21.46 4.99 11.9116
    endloop
  endfacet
  facet normal 0 1 0
    outer loop
      vertex -20.5511 4.99 11.4093
      vertex -21.025 4.99 11.6209
      vertex -21.0151 4.99 11.6381
    endloop
  endfacet
  facet normal 0 1 0
    outer loop
      vertex -20.5557 4.99 11.3895
      vertex -20.5511 4.99 11.4093
      vertex -20.5481 4.99 11.4079
    endloop
  endfacet
  facet normal 0 1 0
    outer loop
      vertex -20.5511 4.99 11.4093
      vertex -20.5557 4.99 11.3895
      vertex -21.025 4.99 11.6209
    endloop
  endfacet
  facet normal 0 1 0
    outer loop
      vertex -20.0583 4.99 11.2416
      vertex -20.5557 4.99 11.3895
      vertex -20.5481 4.99 11.4079
    endloop
  endfacet
  facet normal 0 1 0
    outer loop
      vertex -20.0603 4.99 11.2213
      vertex -20.0583 4.99 11.2416
      vertex -20.0551 4.99 11.2405
    endloop
  endfacet
  facet normal 0 1 0
    outer loop
      vertex -20.0583 4.99 11.2416
      vertex -20.0603 4.99 11.2213
      vertex -20.5557 4.99 11.3895
    endloop
  endfacet
  facet normal 0 1 0
    outer loop
      vertex -19.5478 4.99 11.1396
      vertex -20.0603 4.99 11.2213
      vertex -20.0551 4.99 11.2405
    endloop
  endfacet
  facet normal 0 1 -0
    outer loop
      vertex -19.5471 4.99 11.1192
      vertex -19.5478 4.99 11.1396
      vertex -19.5445 4.99 11.1389
    endloop
  endfacet
  facet normal 0 1 0
    outer loop
      vertex -19.5478 4.99 11.1396
      vertex -19.5471 4.99 11.1192
      vertex -20.0603 4.99 11.2213
    endloop
  endfacet
  facet normal 0 1 0
    outer loop
      vertex -19.5412 4.99 11.1387
      vertex -19.5471 4.99 11.1192
      vertex -19.5445 4.99 11.1389
    endloop
  endfacet
  facet normal 0 1 -0
    outer loop
      vertex -19.025 4.99 11.085
      vertex -19.5412 4.99 11.1387
      vertex -19.025 4.99 11.1049
    endloop
  endfacet
  facet normal 0 1 0
    outer loop
      vertex -19.5412 4.99 11.1387
      vertex -19.025 4.99 11.085
      vertex -19.5471 4.99 11.1192
    endloop
  endfacet
  facet normal -0.896898 0 0.442238
    outer loop
      vertex -15.5609 4.99 13.085
      vertex -15.3295 5 13.5543
      vertex -15.5609 5 13.085
    endloop
  endfacet
  facet normal -0.896898 0 0.442238
    outer loop
      vertex -15.3295 5 13.5543
      vertex -15.5609 4.99 13.085
      vertex -15.3295 4.99 13.5543
    endloop
  endfacet
  facet normal -0.831432 0 0.555626
    outer loop
      vertex -15.8516 4.99 12.65
      vertex -15.5609 5 13.085
      vertex -15.8516 5 12.65
    endloop
  endfacet
  facet normal -0.831432 0 0.555626
    outer loop
      vertex -15.5609 5 13.085
      vertex -15.8516 4.99 12.65
      vertex -15.5609 4.99 13.085
    endloop
  endfacet
  facet normal -0.442238 0 0.896898
    outer loop
      vertex -17.4943 5 11.3895
      vertex -17.025 4.99 11.6209
      vertex -17.025 5 11.6209
    endloop
  endfacet
  facet normal -0.442238 0 0.896898
    outer loop
      vertex -17.025 4.99 11.6209
      vertex -17.4943 5 11.3895
      vertex -17.4943 4.99 11.3895
    endloop
  endfacet
  facet normal -0.555626 0 0.831432
    outer loop
      vertex -17.025 5 11.6209
      vertex -16.59 4.99 11.9116
      vertex -16.59 5 11.9116
    endloop
  endfacet
  facet normal -0.555626 0 0.831432
    outer loop
      vertex -16.59 4.99 11.9116
      vertex -17.025 5 11.6209
      vertex -17.025 4.99 11.6209
    endloop
  endfacet
  facet normal 0.896898 -0 0.442238
    outer loop
      vertex -22.7205 4.99 13.5543
      vertex -22.4891 5 13.085
      vertex -22.7205 5 13.5543
    endloop
  endfacet
  facet normal 0.896898 0 0.442238
    outer loop
      vertex -22.4891 5 13.085
      vertex -22.7205 4.99 13.5543
      vertex -22.4891 4.99 13.085
    endloop
  endfacet
  facet normal 0.751842 -0 0.659343
    outer loop
      vertex -22.1984 4.99 12.65
      vertex -21.8534 5 12.2566
      vertex -22.1984 5 12.65
    endloop
  endfacet
  facet normal 0.751842 0 0.659343
    outer loop
      vertex -21.8534 5 12.2566
      vertex -22.1984 4.99 12.65
      vertex -21.8534 4.99 12.2566
    endloop
  endfacet
  facet normal 0.0653646 0 0.997861
    outer loop
      vertex -19.5471 5 11.1192
      vertex -19.025 4.99 11.085
      vertex -19.025 5 11.085
    endloop
  endfacet
  facet normal 0.0653646 0 0.997861
    outer loop
      vertex -19.025 4.99 11.085
      vertex -19.5471 5 11.1192
      vertex -19.5471 4.99 11.1192
    endloop
  endfacet
  facet normal -0.94691 0 -0.321498
    outer loop
      vertex -15.1613 4.99 16.1203
      vertex -15.3295 5 16.6157
      vertex -15.1613 5 16.1203
    endloop
  endfacet
  facet normal -0.94691 -0 -0.321498
    outer loop
      vertex -15.3295 5 16.6157
      vertex -15.1613 4.99 16.1203
      vertex -15.3295 4.99 16.6157
    endloop
  endfacet
  facet normal -0.442238 0 -0.896898
    outer loop
      vertex -17.4943 4.99 18.7805
      vertex -17.025 5 18.5491
      vertex -17.025 4.99 18.5491
    endloop
  endfacet
  facet normal -0.442238 0 -0.896898
    outer loop
      vertex -17.025 5 18.5491
      vertex -17.4943 4.99 18.7805
      vertex -17.4943 5 18.7805
    endloop
  endfacet
  facet normal -0.555626 0 -0.831432
    outer loop
      vertex -17.025 4.99 18.5491
      vertex -16.59 5 18.2584
      vertex -16.59 4.99 18.2584
    endloop
  endfacet
  facet normal -0.555626 0 -0.831432
    outer loop
      vertex -16.59 5 18.2584
      vertex -17.025 4.99 18.5491
      vertex -17.025 5 18.5491
    endloop
  endfacet
  facet normal 0.659343 0 -0.751842
    outer loop
      vertex -21.8534 4.99 17.9134
      vertex -21.46 5 18.2584
      vertex -21.46 4.99 18.2584
    endloop
  endfacet
  facet normal 0.659343 0 -0.751842
    outer loop
      vertex -21.46 5 18.2584
      vertex -21.8534 4.99 17.9134
      vertex -21.8534 5 17.9134
    endloop
  endfacet
  facet normal 0.997861 0 -0.0653646
    outer loop
      vertex -22.9908 4.99 15.6071
      vertex -23.025 5 15.085
      vertex -22.9908 5 15.6071
    endloop
  endfacet
  facet normal 0.997861 0 -0.0653646
    outer loop
      vertex -23.025 5 15.085
      vertex -22.9908 4.99 15.6071
      vertex -23.025 4.99 15.085
    endloop
  endfacet
  facet normal -0.94691 0 0.321498
    outer loop
      vertex -15.3295 4.99 13.5543
      vertex -15.1613 5 14.0497
      vertex -15.3295 5 13.5543
    endloop
  endfacet
  facet normal -0.94691 0 0.321498
    outer loop
      vertex -15.1613 5 14.0497
      vertex -15.3295 4.99 13.5543
      vertex -15.1613 4.99 14.0497
    endloop
  endfacet
  facet normal -0.980779 0 0.195124
    outer loop
      vertex -15.1613 4.99 14.0497
      vertex -15.0592 5 14.5629
      vertex -15.1613 5 14.0497
    endloop
  endfacet
  facet normal -0.980779 0 0.195124
    outer loop
      vertex -15.0592 5 14.5629
      vertex -15.1613 4.99 14.0497
      vertex -15.0592 4.99 14.5629
    endloop
  endfacet
  facet normal -0.751842 0 0.659343
    outer loop
      vertex -16.1966 4.99 12.2566
      vertex -15.8516 5 12.65
      vertex -16.1966 5 12.2566
    endloop
  endfacet
  facet normal -0.751842 0 0.659343
    outer loop
      vertex -15.8516 5 12.65
      vertex -16.1966 4.99 12.2566
      vertex -15.8516 4.99 12.65
    endloop
  endfacet
  facet normal -0.321498 0 0.94691
    outer loop
      vertex -17.9897 5 11.2213
      vertex -17.4943 4.99 11.3895
      vertex -17.4943 5 11.3895
    endloop
  endfacet
  facet normal -0.321498 0 0.94691
    outer loop
      vertex -17.4943 4.99 11.3895
      vertex -17.9897 5 11.2213
      vertex -17.9897 4.99 11.2213
    endloop
  endfacet
  facet normal -0.195124 0 0.980779
    outer loop
      vertex -18.5029 5 11.1192
      vertex -17.9897 4.99 11.2213
      vertex -17.9897 5 11.2213
    endloop
  endfacet
  facet normal -0.195124 0 0.980779
    outer loop
      vertex -17.9897 4.99 11.2213
      vertex -18.5029 5 11.1192
      vertex -18.5029 4.99 11.1192
    endloop
  endfacet
  facet normal 0.831432 -0 0.555626
    outer loop
      vertex -22.4891 4.99 13.085
      vertex -22.1984 5 12.65
      vertex -22.4891 5 13.085
    endloop
  endfacet
  facet normal 0.831432 0 0.555626
    outer loop
      vertex -22.1984 5 12.65
      vertex -22.4891 4.99 13.085
      vertex -22.1984 4.99 12.65
    endloop
  endfacet
  facet normal 0.94691 -0 0.321498
    outer loop
      vertex -22.8887 4.99 14.0497
      vertex -22.7205 5 13.5543
      vertex -22.8887 5 14.0497
    endloop
  endfacet
  facet normal 0.94691 0 0.321498
    outer loop
      vertex -22.7205 5 13.5543
      vertex -22.8887 4.99 14.0497
      vertex -22.7205 4.99 13.5543
    endloop
  endfacet
  facet normal 0.980779 -0 0.195124
    outer loop
      vertex -22.9908 4.99 14.5629
      vertex -22.8887 5 14.0497
      vertex -22.9908 5 14.5629
    endloop
  endfacet
  facet normal 0.980779 0 0.195124
    outer loop
      vertex -22.8887 5 14.0497
      vertex -22.9908 4.99 14.5629
      vertex -22.8887 4.99 14.0497
    endloop
  endfacet
  facet normal 0.442238 0 0.896898
    outer loop
      vertex -21.025 5 11.6209
      vertex -20.5557 4.99 11.3895
      vertex -20.5557 5 11.3895
    endloop
  endfacet
  facet normal 0.442238 0 0.896898
    outer loop
      vertex -20.5557 4.99 11.3895
      vertex -21.025 5 11.6209
      vertex -21.025 4.99 11.6209
    endloop
  endfacet
  facet normal 0.555626 0 0.831432
    outer loop
      vertex -21.46 5 11.9116
      vertex -21.025 4.99 11.6209
      vertex -21.025 5 11.6209
    endloop
  endfacet
  facet normal 0.555626 0 0.831432
    outer loop
      vertex -21.025 4.99 11.6209
      vertex -21.46 5 11.9116
      vertex -21.46 4.99 11.9116
    endloop
  endfacet
  facet normal 0.195124 0 0.980779
    outer loop
      vertex -20.0603 5 11.2213
      vertex -19.5471 4.99 11.1192
      vertex -19.5471 5 11.1192
    endloop
  endfacet
  facet normal 0.195124 0 0.980779
    outer loop
      vertex -19.5471 4.99 11.1192
      vertex -20.0603 5 11.2213
      vertex -20.0603 4.99 11.2213
    endloop
  endfacet
  facet normal -0.997861 0 -0.0653646
    outer loop
      vertex -15.025 4.99 15.085
      vertex -15.0592 5 15.6071
      vertex -15.025 5 15.085
    endloop
  endfacet
  facet normal -0.997861 -0 -0.0653646
    outer loop
      vertex -15.0592 5 15.6071
      vertex -15.025 4.99 15.085
      vertex -15.0592 4.99 15.6071
    endloop
  endfacet
  facet normal -0.0653646 0 -0.997861
    outer loop
      vertex -19.025 4.99 19.085
      vertex -18.5029 5 19.0508
      vertex -18.5029 4.99 19.0508
    endloop
  endfacet
  facet normal -0.0653646 0 -0.997861
    outer loop
      vertex -18.5029 5 19.0508
      vertex -19.025 4.99 19.085
      vertex -19.025 5 19.085
    endloop
  endfacet
  facet normal -0.321498 0 -0.94691
    outer loop
      vertex -17.9897 4.99 18.9487
      vertex -17.4943 5 18.7805
      vertex -17.4943 4.99 18.7805
    endloop
  endfacet
  facet normal -0.321498 0 -0.94691
    outer loop
      vertex -17.4943 5 18.7805
      vertex -17.9897 4.99 18.9487
      vertex -17.9897 5 18.9487
    endloop
  endfacet
  facet normal -0.659343 0 -0.751842
    outer loop
      vertex -16.59 4.99 18.2584
      vertex -16.1966 5 17.9134
      vertex -16.1966 4.99 17.9134
    endloop
  endfacet
  facet normal -0.659343 0 -0.751842
    outer loop
      vertex -16.1966 5 17.9134
      vertex -16.59 4.99 18.2584
      vertex -16.59 5 18.2584
    endloop
  endfacet
  facet normal -0.831432 0 -0.555626
    outer loop
      vertex -15.5609 4.99 17.085
      vertex -15.8516 5 17.52
      vertex -15.5609 5 17.085
    endloop
  endfacet
  facet normal -0.831432 -0 -0.555626
    outer loop
      vertex -15.8516 5 17.52
      vertex -15.5609 4.99 17.085
      vertex -15.8516 4.99 17.52
    endloop
  endfacet
  facet normal 0.555626 0 -0.831432
    outer loop
      vertex -21.46 4.99 18.2584
      vertex -21.025 5 18.5491
      vertex -21.025 4.99 18.5491
    endloop
  endfacet
  facet normal 0.555626 0 -0.831432
    outer loop
      vertex -21.025 5 18.5491
      vertex -21.46 4.99 18.2584
      vertex -21.46 5 18.2584
    endloop
  endfacet
  facet normal 0.321498 0 -0.94691
    outer loop
      vertex -20.5557 4.99 18.7805
      vertex -20.0603 5 18.9487
      vertex -20.0603 4.99 18.9487
    endloop
  endfacet
  facet normal 0.321498 0 -0.94691
    outer loop
      vertex -20.0603 5 18.9487
      vertex -20.5557 4.99 18.7805
      vertex -20.5557 5 18.7805
    endloop
  endfacet
  facet normal 0.0653646 0 -0.997861
    outer loop
      vertex -19.5471 4.99 19.0508
      vertex -19.025 5 19.085
      vertex -19.025 4.99 19.085
    endloop
  endfacet
  facet normal 0.0653646 0 -0.997861
    outer loop
      vertex -19.025 5 19.085
      vertex -19.5471 4.99 19.0508
      vertex -19.5471 5 19.0508
    endloop
  endfacet
  facet normal 0.896898 0 -0.442238
    outer loop
      vertex -22.4891 4.99 17.085
      vertex -22.7205 5 16.6157
      vertex -22.4891 5 17.085
    endloop
  endfacet
  facet normal 0.896898 0 -0.442238
    outer loop
      vertex -22.7205 5 16.6157
      vertex -22.4891 4.99 17.085
      vertex -22.7205 4.99 16.6157
    endloop
  endfacet
  facet normal 0.980779 0 -0.195124
    outer loop
      vertex -22.8887 4.99 16.1203
      vertex -22.9908 5 15.6071
      vertex -22.8887 5 16.1203
    endloop
  endfacet
  facet normal 0.980779 0 -0.195124
    outer loop
      vertex -22.9908 5 15.6071
      vertex -22.8887 4.99 16.1203
      vertex -22.9908 4.99 15.6071
    endloop
  endfacet
  facet normal -0.195124 0 -0.980779
    outer loop
      vertex -18.5029 4.99 19.0508
      vertex -17.9897 5 18.9487
      vertex -17.9897 4.99 18.9487
    endloop
  endfacet
  facet normal -0.195124 0 -0.980779
    outer loop
      vertex -17.9897 5 18.9487
      vertex -18.5029 4.99 19.0508
      vertex -18.5029 5 19.0508
    endloop
  endfacet
  facet normal -0.751842 0 -0.659343
    outer loop
      vertex -15.8516 4.99 17.52
      vertex -16.1966 5 17.9134
      vertex -15.8516 5 17.52
    endloop
  endfacet
  facet normal -0.751842 -0 -0.659343
    outer loop
      vertex -16.1966 5 17.9134
      vertex -15.8516 4.99 17.52
      vertex -16.1966 4.99 17.9134
    endloop
  endfacet
  facet normal -0.980779 0 -0.195124
    outer loop
      vertex -15.0592 4.99 15.6071
      vertex -15.1613 5 16.1203
      vertex -15.0592 5 15.6071
    endloop
  endfacet
  facet normal -0.980779 -0 -0.195124
    outer loop
      vertex -15.1613 5 16.1203
      vertex -15.0592 4.99 15.6071
      vertex -15.1613 4.99 16.1203
    endloop
  endfacet
  facet normal -0.896898 0 -0.442238
    outer loop
      vertex -15.3295 4.99 16.6157
      vertex -15.5609 5 17.085
      vertex -15.3295 5 16.6157
    endloop
  endfacet
  facet normal -0.896898 -0 -0.442238
    outer loop
      vertex -15.5609 5 17.085
      vertex -15.3295 4.99 16.6157
      vertex -15.5609 4.99 17.085
    endloop
  endfacet
  facet normal 0.442238 0 -0.896898
    outer loop
      vertex -21.025 4.99 18.5491
      vertex -20.5557 5 18.7805
      vertex -20.5557 4.99 18.7805
    endloop
  endfacet
  facet normal 0.442238 0 -0.896898
    outer loop
      vertex -20.5557 5 18.7805
      vertex -21.025 4.99 18.5491
      vertex -21.025 5 18.5491
    endloop
  endfacet
  facet normal 0.195124 0 -0.980779
    outer loop
      vertex -20.0603 4.99 18.9487
      vertex -19.5471 5 19.0508
      vertex -19.5471 4.99 19.0508
    endloop
  endfacet
  facet normal 0.195124 0 -0.980779
    outer loop
      vertex -19.5471 5 19.0508
      vertex -20.0603 4.99 18.9487
      vertex -20.0603 5 18.9487
    endloop
  endfacet
  facet normal 0.831432 0 -0.555626
    outer loop
      vertex -22.1984 4.99 17.52
      vertex -22.4891 5 17.085
      vertex -22.1984 5 17.52
    endloop
  endfacet
  facet normal 0.831432 0 -0.555626
    outer loop
      vertex -22.4891 5 17.085
      vertex -22.1984 4.99 17.52
      vertex -22.4891 4.99 17.085
    endloop
  endfacet
  facet normal -0.99787 0 0.0652336
    outer loop
      vertex 21.2558 0 -15.3787
      vertex 21.275 3.25 -15.085
      vertex 21.2558 3.25 -15.3787
    endloop
  endfacet
  facet normal -0.99787 0 0.0652336
    outer loop
      vertex 21.275 3.25 -15.085
      vertex 21.2558 0 -15.3787
      vertex 21.275 0 -15.085
    endloop
  endfacet
  facet normal 0.997848 -0 0.0655719
    outer loop
      vertex 16.775 0 -15.085
      vertex 16.7943 3.25 -15.3787
      vertex 16.775 3.25 -15.085
    endloop
  endfacet
  facet normal 0.997848 0 0.0655719
    outer loop
      vertex 16.7943 3.25 -15.3787
      vertex 16.775 0 -15.085
      vertex 16.7943 0 -15.3787
    endloop
  endfacet
  facet normal -0.0652336 0 0.99787
    outer loop
      vertex 19.025 3.25 -17.335
      vertex 19.3187 0 -17.3158
      vertex 19.3187 3.25 -17.3158
    endloop
  endfacet
  facet normal -0.0652336 0 0.99787
    outer loop
      vertex 19.3187 0 -17.3158
      vertex 19.025 3.25 -17.335
      vertex 19.025 0 -17.335
    endloop
  endfacet
  facet normal -0.751966 0 0.659202
    outer loop
      vertex 20.616 0 -16.676
      vertex 20.81 3.25 -16.4547
      vertex 20.616 3.25 -16.676
    endloop
  endfacet
  facet normal -0.751966 0 0.659202
    outer loop
      vertex 20.81 3.25 -16.4547
      vertex 20.616 0 -16.676
      vertex 20.81 0 -16.4547
    endloop
  endfacet
  facet normal 0.659202 0 0.751966
    outer loop
      vertex 17.434 3.25 -16.676
      vertex 17.6553 0 -16.87
      vertex 17.6553 3.25 -16.87
    endloop
  endfacet
  facet normal 0.659202 0 0.751966
    outer loop
      vertex 17.6553 0 -16.87
      vertex 17.434 3.25 -16.676
      vertex 17.434 0 -16.676
    endloop
  endfacet
  facet normal 0.321421 0 0.946936
    outer loop
      vertex 18.164 3.25 -17.1637
      vertex 18.4427 0 -17.2583
      vertex 18.4427 3.25 -17.2583
    endloop
  endfacet
  facet normal 0.321421 0 0.946936
    outer loop
      vertex 18.4427 0 -17.2583
      vertex 18.164 3.25 -17.1637
      vertex 18.164 0 -17.1637
    endloop
  endfacet
  facet normal -0.896995 0 0.442042
    outer loop
      vertex 20.9736 0 -16.21
      vertex 21.1037 3.25 -15.946
      vertex 20.9736 3.25 -16.21
    endloop
  endfacet
  facet normal -0.896995 0 0.442042
    outer loop
      vertex 21.1037 3.25 -15.946
      vertex 20.9736 0 -16.21
      vertex 21.1037 0 -15.946
    endloop
  endfacet
  facet normal -0.831318 0 0.555797
    outer loop
      vertex 20.81 0 -16.4547
      vertex 20.9736 3.25 -16.21
      vertex 20.81 3.25 -16.4547
    endloop
  endfacet
  facet normal -0.831318 0 0.555797
    outer loop
      vertex 20.9736 3.25 -16.21
      vertex 20.81 0 -16.4547
      vertex 20.9736 0 -16.21
    endloop
  endfacet
  facet normal -0.442042 0 0.896995
    outer loop
      vertex 19.886 3.25 -17.1637
      vertex 20.15 0 -17.0336
      vertex 20.15 3.25 -17.0336
    endloop
  endfacet
  facet normal -0.442042 0 0.896995
    outer loop
      vertex 20.15 0 -17.0336
      vertex 19.886 3.25 -17.1637
      vertex 19.886 0 -17.1637
    endloop
  endfacet
  facet normal -0.321421 0 0.946936
    outer loop
      vertex 19.6073 3.25 -17.2583
      vertex 19.886 0 -17.1637
      vertex 19.886 3.25 -17.1637
    endloop
  endfacet
  facet normal -0.321421 0 0.946936
    outer loop
      vertex 19.886 0 -17.1637
      vertex 19.6073 3.25 -17.2583
      vertex 19.6073 0 -17.2583
    endloop
  endfacet
  facet normal -0.555797 0 0.831318
    outer loop
      vertex 20.15 3.25 -17.0336
      vertex 20.3947 0 -16.87
      vertex 20.3947 3.25 -16.87
    endloop
  endfacet
  facet normal -0.555797 0 0.831318
    outer loop
      vertex 20.3947 0 -16.87
      vertex 20.15 3.25 -17.0336
      vertex 20.15 0 -17.0336
    endloop
  endfacet
  facet normal 0.896995 -0 0.442042
    outer loop
      vertex 16.9463 0 -15.946
      vertex 17.0764 3.25 -16.21
      vertex 16.9463 3.25 -15.946
    endloop
  endfacet
  facet normal 0.896995 0 0.442042
    outer loop
      vertex 17.0764 3.25 -16.21
      vertex 16.9463 0 -15.946
      vertex 17.0764 0 -16.21
    endloop
  endfacet
  facet normal 0.946936 -0 0.321421
    outer loop
      vertex 16.8517 0 -15.6673
      vertex 16.9463 3.25 -15.946
      vertex 16.8517 3.25 -15.6673
    endloop
  endfacet
  facet normal 0.946936 0 0.321421
    outer loop
      vertex 16.9463 3.25 -15.946
      vertex 16.8517 0 -15.6673
      vertex 16.9463 0 -15.946
    endloop
  endfacet
  facet normal 0.442042 0 0.896995
    outer loop
      vertex 17.9 3.25 -17.0336
      vertex 18.164 0 -17.1637
      vertex 18.164 3.25 -17.1637
    endloop
  endfacet
  facet normal 0.442042 0 0.896995
    outer loop
      vertex 18.164 0 -17.1637
      vertex 17.9 3.25 -17.0336
      vertex 17.9 0 -17.0336
    endloop
  endfacet
  facet normal 0.195397 0 0.980724
    outer loop
      vertex 18.4427 3.25 -17.2583
      vertex 18.7313 0 -17.3158
      vertex 18.7313 3.25 -17.3158
    endloop
  endfacet
  facet normal 0.195397 0 0.980724
    outer loop
      vertex 18.7313 0 -17.3158
      vertex 18.4427 3.25 -17.2583
      vertex 18.4427 0 -17.2583
    endloop
  endfacet
  facet normal -0.442042 0 -0.896995
    outer loop
      vertex 19.886 0 -13.0063
      vertex 20.15 3.25 -13.1364
      vertex 20.15 0 -13.1364
    endloop
  endfacet
  facet normal -0.442042 0 -0.896995
    outer loop
      vertex 20.15 3.25 -13.1364
      vertex 19.886 0 -13.0063
      vertex 19.886 3.25 -13.0063
    endloop
  endfacet
  facet normal 0.321421 0 -0.946936
    outer loop
      vertex 18.164 0 -13.0063
      vertex 18.4427 3.25 -12.9117
      vertex 18.4427 0 -12.9117
    endloop
  endfacet
  facet normal 0.321421 0 -0.946936
    outer loop
      vertex 18.4427 3.25 -12.9117
      vertex 18.164 0 -13.0063
      vertex 18.164 3.25 -13.0063
    endloop
  endfacet
  facet normal 0.896995 0 -0.442042
    outer loop
      vertex 17.0764 0 -13.96
      vertex 16.9463 3.25 -14.224
      vertex 17.0764 3.25 -13.96
    endloop
  endfacet
  facet normal 0.896995 0 -0.442042
    outer loop
      vertex 16.9463 3.25 -14.224
      vertex 17.0764 0 -13.96
      vertex 16.9463 0 -14.224
    endloop
  endfacet
  facet normal -0.946936 0 0.321421
    outer loop
      vertex 21.1037 0 -15.946
      vertex 21.1983 3.25 -15.6673
      vertex 21.1037 3.25 -15.946
    endloop
  endfacet
  facet normal -0.946936 0 0.321421
    outer loop
      vertex 21.1983 3.25 -15.6673
      vertex 21.1037 0 -15.946
      vertex 21.1983 0 -15.6673
    endloop
  endfacet
  facet normal -0.980724 0 0.195397
    outer loop
      vertex 21.1983 0 -15.6673
      vertex 21.2558 3.25 -15.3787
      vertex 21.1983 3.25 -15.6673
    endloop
  endfacet
  facet normal -0.980724 0 0.195397
    outer loop
      vertex 21.2558 3.25 -15.3787
      vertex 21.1983 0 -15.6673
      vertex 21.2558 0 -15.3787
    endloop
  endfacet
  facet normal -0.195397 0 0.980724
    outer loop
      vertex 19.3187 3.25 -17.3158
      vertex 19.6073 0 -17.2583
      vertex 19.6073 3.25 -17.2583
    endloop
  endfacet
  facet normal -0.195397 0 0.980724
    outer loop
      vertex 19.6073 0 -17.2583
      vertex 19.3187 3.25 -17.3158
      vertex 19.3187 0 -17.3158
    endloop
  endfacet
  facet normal -0.659202 0 0.751966
    outer loop
      vertex 20.3947 3.25 -16.87
      vertex 20.616 0 -16.676
      vertex 20.616 3.25 -16.676
    endloop
  endfacet
  facet normal -0.659202 0 0.751966
    outer loop
      vertex 20.616 0 -16.676
      vertex 20.3947 3.25 -16.87
      vertex 20.3947 0 -16.87
    endloop
  endfacet
  facet normal 0.831318 -0 0.555797
    outer loop
      vertex 17.0764 0 -16.21
      vertex 17.24 3.25 -16.4547
      vertex 17.0764 3.25 -16.21
    endloop
  endfacet
  facet normal 0.831318 0 0.555797
    outer loop
      vertex 17.24 3.25 -16.4547
      vertex 17.0764 0 -16.21
      vertex 17.24 0 -16.4547
    endloop
  endfacet
  facet normal 0.751966 -0 0.659202
    outer loop
      vertex 17.24 0 -16.4547
      vertex 17.434 3.25 -16.676
      vertex 17.24 3.25 -16.4547
    endloop
  endfacet
  facet normal 0.751966 0 0.659202
    outer loop
      vertex 17.434 3.25 -16.676
      vertex 17.24 0 -16.4547
      vertex 17.434 0 -16.676
    endloop
  endfacet
  facet normal 0.980789 -0 0.19507
    outer loop
      vertex 16.7943 0 -15.3787
      vertex 16.8517 3.25 -15.6673
      vertex 16.7943 3.25 -15.3787
    endloop
  endfacet
  facet normal 0.980789 0 0.19507
    outer loop
      vertex 16.8517 3.25 -15.6673
      vertex 16.7943 0 -15.3787
      vertex 16.8517 0 -15.6673
    endloop
  endfacet
  facet normal 0.555797 0 0.831318
    outer loop
      vertex 17.6553 3.25 -16.87
      vertex 17.9 0 -17.0336
      vertex 17.9 3.25 -17.0336
    endloop
  endfacet
  facet normal 0.555797 0 0.831318
    outer loop
      vertex 17.9 0 -17.0336
      vertex 17.6553 3.25 -16.87
      vertex 17.6553 0 -16.87
    endloop
  endfacet
  facet normal 0.0652336 0 0.99787
    outer loop
      vertex 18.7313 3.25 -17.3158
      vertex 19.025 0 -17.335
      vertex 19.025 3.25 -17.335
    endloop
  endfacet
  facet normal 0.0652336 0 0.99787
    outer loop
      vertex 19.025 0 -17.335
      vertex 18.7313 3.25 -17.3158
      vertex 18.7313 0 -17.3158
    endloop
  endfacet
  facet normal -0.0652336 0 -0.99787
    outer loop
      vertex 19.025 0 -12.835
      vertex 19.3187 3.25 -12.8542
      vertex 19.3187 0 -12.8542
    endloop
  endfacet
  facet normal -0.0652336 0 -0.99787
    outer loop
      vertex 19.3187 3.25 -12.8542
      vertex 19.025 0 -12.835
      vertex 19.025 3.25 -12.835
    endloop
  endfacet
  facet normal -0.321421 0 -0.946936
    outer loop
      vertex 19.6073 0 -12.9117
      vertex 19.886 3.25 -13.0063
      vertex 19.886 0 -13.0063
    endloop
  endfacet
  facet normal -0.321421 0 -0.946936
    outer loop
      vertex 19.886 3.25 -13.0063
      vertex 19.6073 0 -12.9117
      vertex 19.6073 3.25 -12.9117
    endloop
  endfacet
  facet normal -0.555797 0 -0.831318
    outer loop
      vertex 20.15 0 -13.1364
      vertex 20.3947 3.25 -13.3
      vertex 20.3947 0 -13.3
    endloop
  endfacet
  facet normal -0.555797 0 -0.831318
    outer loop
      vertex 20.3947 3.25 -13.3
      vertex 20.15 0 -13.1364
      vertex 20.15 3.25 -13.1364
    endloop
  endfacet
  facet normal -0.751966 0 -0.659202
    outer loop
      vertex 20.81 0 -13.7153
      vertex 20.616 3.25 -13.494
      vertex 20.81 3.25 -13.7153
    endloop
  endfacet
  facet normal -0.751966 -0 -0.659202
    outer loop
      vertex 20.616 3.25 -13.494
      vertex 20.81 0 -13.7153
      vertex 20.616 0 -13.494
    endloop
  endfacet
  facet normal -0.896995 0 -0.442042
    outer loop
      vertex 21.1037 0 -14.224
      vertex 20.9736 3.25 -13.96
      vertex 21.1037 3.25 -14.224
    endloop
  endfacet
  facet normal -0.896995 -0 -0.442042
    outer loop
      vertex 20.9736 3.25 -13.96
      vertex 21.1037 0 -14.224
      vertex 20.9736 0 -13.96
    endloop
  endfacet
  facet normal 0.659202 0 -0.751966
    outer loop
      vertex 17.434 0 -13.494
      vertex 17.6553 3.25 -13.3
      vertex 17.6553 0 -13.3
    endloop
  endfacet
  facet normal 0.659202 0 -0.751966
    outer loop
      vertex 17.6553 3.25 -13.3
      vertex 17.434 0 -13.494
      vertex 17.434 3.25 -13.494
    endloop
  endfacet
  facet normal 0.442042 0 -0.896995
    outer loop
      vertex 17.9 0 -13.1364
      vertex 18.164 3.25 -13.0063
      vertex 18.164 0 -13.0063
    endloop
  endfacet
  facet normal 0.442042 0 -0.896995
    outer loop
      vertex 18.164 3.25 -13.0063
      vertex 17.9 0 -13.1364
      vertex 17.9 3.25 -13.1364
    endloop
  endfacet
  facet normal 0.195397 0 -0.980724
    outer loop
      vertex 18.4427 0 -12.9117
      vertex 18.7313 3.25 -12.8542
      vertex 18.7313 0 -12.8542
    endloop
  endfacet
  facet normal 0.195397 0 -0.980724
    outer loop
      vertex 18.7313 3.25 -12.8542
      vertex 18.4427 0 -12.9117
      vertex 18.4427 3.25 -12.9117
    endloop
  endfacet
  facet normal 0.831318 0 -0.555797
    outer loop
      vertex 17.24 0 -13.7153
      vertex 17.0764 3.25 -13.96
      vertex 17.24 3.25 -13.7153
    endloop
  endfacet
  facet normal 0.831318 0 -0.555797
    outer loop
      vertex 17.0764 3.25 -13.96
      vertex 17.24 0 -13.7153
      vertex 17.0764 0 -13.96
    endloop
  endfacet
  facet normal 0.946936 0 -0.321421
    outer loop
      vertex 16.9463 0 -14.224
      vertex 16.8517 3.25 -14.5027
      vertex 16.9463 3.25 -14.224
    endloop
  endfacet
  facet normal 0.946936 0 -0.321421
    outer loop
      vertex 16.8517 3.25 -14.5027
      vertex 16.9463 0 -14.224
      vertex 16.8517 0 -14.5027
    endloop
  endfacet
  facet normal 0.997848 0 -0.0655719
    outer loop
      vertex 16.7943 0 -14.7913
      vertex 16.775 3.25 -15.085
      vertex 16.7943 3.25 -14.7913
    endloop
  endfacet
  facet normal 0.997848 0 -0.0655719
    outer loop
      vertex 16.775 3.25 -15.085
      vertex 16.7943 0 -14.7913
      vertex 16.775 0 -15.085
    endloop
  endfacet
  facet normal -0.195397 0 -0.980724
    outer loop
      vertex 19.3187 0 -12.8542
      vertex 19.6073 3.25 -12.9117
      vertex 19.6073 0 -12.9117
    endloop
  endfacet
  facet normal -0.195397 0 -0.980724
    outer loop
      vertex 19.6073 3.25 -12.9117
      vertex 19.3187 0 -12.8542
      vertex 19.3187 3.25 -12.8542
    endloop
  endfacet
  facet normal -0.659202 0 -0.751966
    outer loop
      vertex 20.3947 0 -13.3
      vertex 20.616 3.25 -13.494
      vertex 20.616 0 -13.494
    endloop
  endfacet
  facet normal -0.659202 0 -0.751966
    outer loop
      vertex 20.616 3.25 -13.494
      vertex 20.3947 0 -13.3
      vertex 20.3947 3.25 -13.3
    endloop
  endfacet
  facet normal -0.831318 0 -0.555797
    outer loop
      vertex 20.9736 0 -13.96
      vertex 20.81 3.25 -13.7153
      vertex 20.9736 3.25 -13.96
    endloop
  endfacet
  facet normal -0.831318 -0 -0.555797
    outer loop
      vertex 20.81 3.25 -13.7153
      vertex 20.9736 0 -13.96
      vertex 20.81 0 -13.7153
    endloop
  endfacet
  facet normal -0.980724 0 -0.195397
    outer loop
      vertex 21.2558 0 -14.7913
      vertex 21.1983 3.25 -14.5027
      vertex 21.2558 3.25 -14.7913
    endloop
  endfacet
  facet normal -0.980724 -0 -0.195397
    outer loop
      vertex 21.1983 3.25 -14.5027
      vertex 21.2558 0 -14.7913
      vertex 21.1983 0 -14.5027
    endloop
  endfacet
  facet normal -0.946936 0 -0.321421
    outer loop
      vertex 21.1983 0 -14.5027
      vertex 21.1037 3.25 -14.224
      vertex 21.1983 3.25 -14.5027
    endloop
  endfacet
  facet normal -0.946936 -0 -0.321421
    outer loop
      vertex 21.1037 3.25 -14.224
      vertex 21.1983 0 -14.5027
      vertex 21.1037 0 -14.224
    endloop
  endfacet
  facet normal -0.99787 0 -0.0652336
    outer loop
      vertex 21.275 0 -15.085
      vertex 21.2558 3.25 -14.7913
      vertex 21.275 3.25 -15.085
    endloop
  endfacet
  facet normal -0.99787 -0 -0.0652336
    outer loop
      vertex 21.2558 3.25 -14.7913
      vertex 21.275 0 -15.085
      vertex 21.2558 0 -14.7913
    endloop
  endfacet
  facet normal 0.555797 0 -0.831318
    outer loop
      vertex 17.6553 0 -13.3
      vertex 17.9 3.25 -13.1364
      vertex 17.9 0 -13.1364
    endloop
  endfacet
  facet normal 0.555797 0 -0.831318
    outer loop
      vertex 17.9 3.25 -13.1364
      vertex 17.6553 0 -13.3
      vertex 17.6553 3.25 -13.3
    endloop
  endfacet
  facet normal 0.0652336 0 -0.99787
    outer loop
      vertex 18.7313 0 -12.8542
      vertex 19.025 3.25 -12.835
      vertex 19.025 0 -12.835
    endloop
  endfacet
  facet normal 0.0652336 0 -0.99787
    outer loop
      vertex 19.025 3.25 -12.835
      vertex 18.7313 0 -12.8542
      vertex 18.7313 3.25 -12.8542
    endloop
  endfacet
  facet normal 0.751966 0 -0.659202
    outer loop
      vertex 17.434 0 -13.494
      vertex 17.24 3.25 -13.7153
      vertex 17.434 3.25 -13.494
    endloop
  endfacet
  facet normal 0.751966 0 -0.659202
    outer loop
      vertex 17.24 3.25 -13.7153
      vertex 17.434 0 -13.494
      vertex 17.24 0 -13.7153
    endloop
  endfacet
  facet normal 0.980789 0 -0.19507
    outer loop
      vertex 16.8517 0 -14.5027
      vertex 16.7943 3.25 -14.7913
      vertex 16.8517 3.25 -14.5027
    endloop
  endfacet
  facet normal 0.980789 0 -0.19507
    outer loop
      vertex 16.7943 3.25 -14.7913
      vertex 16.8517 0 -14.5027
      vertex 16.7943 0 -14.7913
    endloop
  endfacet
  facet normal -0.533746 0.704334 -0.468005
    outer loop
      vertex 21.8394 4.99 -12.2706
      vertex 22.1804 4.99 -12.6595
      vertex 20.616 3.25 -13.494
    endloop
  endfacet
  facet normal -0.708358 0.704328 0.0463822
    outer loop
      vertex 23.0051 4.99 -15.085
      vertex 22.9713 4.99 -15.6012
      vertex 21.275 3.25 -15.085
    endloop
  endfacet
  facet normal -0.708694 0.704207 0.0429511
    outer loop
      vertex 21.2558 3.25 -15.3787
      vertex 22.9713 4.99 -15.6012
      vertex 22.9711 4.99 -15.6045
    endloop
  endfacet
  facet normal -0.708372 0.704319 0.0463083
    outer loop
      vertex 22.9713 4.99 -15.6012
      vertex 21.2558 3.25 -15.3787
      vertex 21.275 3.25 -15.085
    endloop
  endfacet
  facet normal -0.708372 0.704319 -0.0463083
    outer loop
      vertex 21.2558 3.25 -14.7913
      vertex 22.9713 4.99 -14.5688
      vertex 21.275 3.25 -15.085
    endloop
  endfacet
  facet normal -0.708694 0.704207 -0.0429511
    outer loop
      vertex 22.9713 4.99 -14.5688
      vertex 21.2558 3.25 -14.7913
      vertex 22.9711 4.99 -14.5655
    endloop
  endfacet
  facet normal 0.696228 0.704337 -0.138474
    outer loop
      vertex 16.7943 3.25 -14.7913
      vertex 15.0796 4.99 -14.5622
      vertex 16.8517 3.25 -14.5027
    endloop
  endfacet
  facet normal 0.69472 0.704022 -0.147365
    outer loop
      vertex 15.0796 4.99 -14.5622
      vertex 16.7943 3.25 -14.7913
      vertex 15.0789 4.99 -14.5655
    endloop
  endfacet
  facet normal 0.138711 0.70431 0.696209
    outer loop
      vertex 18.7313 3.25 -17.3158
      vertex 18.5022 4.99 -19.0304
      vertex 18.4427 3.25 -17.2583
    endloop
  endfacet
  facet normal 0.147369 0.704002 0.69474
    outer loop
      vertex 18.5022 4.99 -19.0304
      vertex 18.7313 3.25 -17.3158
      vertex 18.5055 4.99 -19.0311
    endloop
  endfacet
  facet normal -0.0463822 0.704328 -0.708358
    outer loop
      vertex 19.025 4.99 -11.1049
      vertex 19.5412 4.99 -11.1387
      vertex 19.025 3.25 -12.835
    endloop
  endfacet
  facet normal -0.672187 0.704328 -0.228225
    outer loop
      vertex 22.7021 4.99 -13.5619
      vertex 22.8684 4.99 -14.0517
      vertex 21.1037 3.25 -14.224
    endloop
  endfacet
  facet normal -0.708358 0.704328 -0.0463822
    outer loop
      vertex 22.9713 4.99 -14.5688
      vertex 23.0051 4.99 -15.085
      vertex 21.275 3.25 -15.085
    endloop
  endfacet
  facet normal 0.458311 0.704683 -0.54164
    outer loop
      vertex 17.6553 3.25 -13.3
      vertex 16.5995 4.99 -11.9296
      vertex 16.6021 4.99 -11.9274
    endloop
  endfacet
  facet normal 0.467941 0.704343 -0.53379
    outer loop
      vertex 16.5995 4.99 -11.9296
      vertex 17.6553 3.25 -13.3
      vertex 17.434 3.25 -13.494
    endloop
  endfacet
  facet normal 0.3944 0.70433 -0.590228
    outer loop
      vertex 17.0349 4.99 -11.6381
      vertex 17.9 3.25 -13.1364
      vertex 16.6048 4.99 -11.9255
    endloop
  endfacet
  facet normal -0.408267 0.704785 0.580169
    outer loop
      vertex 21.4452 4.99 -18.2445
      vertex 20.3947 3.25 -16.87
      vertex 21.4479 4.99 -18.2426
    endloop
  endfacet
  facet normal -0.394534 0.70435 0.590113
    outer loop
      vertex 20.3947 3.25 -16.87
      vertex 21.4452 4.99 -18.2445
      vertex 20.15 3.25 -17.0336
    endloop
  endfacet
  facet normal 0.53379 0.704343 0.467941
    outer loop
      vertex 15.8696 4.99 -17.5105
      vertex 17.24 3.25 -16.4547
      vertex 17.434 3.25 -16.676
    endloop
  endfacet
  facet normal 0.54164 0.704683 0.458311
    outer loop
      vertex 17.24 3.25 -16.4547
      vertex 15.8696 4.99 -17.5105
      vertex 15.8674 4.99 -17.5079
    endloop
  endfacet
  facet normal 0.590228 0.70433 0.3944
    outer loop
      vertex 17.0764 3.25 -16.21
      vertex 15.8655 4.99 -17.5052
      vertex 15.5781 4.99 -17.0751
    endloop
  endfacet
  facet normal -0.671397 0.704245 -0.230793
    outer loop
      vertex 21.1983 3.25 -14.5027
      vertex 22.8684 4.99 -14.0517
      vertex 22.8695 4.99 -14.0549
    endloop
  endfacet
  facet normal -0.672199 0.704335 -0.228167
    outer loop
      vertex 22.8684 4.99 -14.0517
      vertex 21.1983 3.25 -14.5027
      vertex 21.1037 3.25 -14.224
    endloop
  endfacet
  facet normal -0.642901 0.704745 -0.300021
    outer loop
      vertex 21.1037 3.25 -14.224
      vertex 22.7007 4.99 -13.5589
      vertex 22.7021 4.99 -13.5619
    endloop
  endfacet
  facet normal -0.636736 0.704348 -0.313785
    outer loop
      vertex 22.7007 4.99 -13.5589
      vertex 21.1037 3.25 -14.224
      vertex 20.9736 3.25 -13.96
    endloop
  endfacet
  facet normal -0.138477 0.704337 -0.696228
    outer loop
      vertex 20.0551 4.99 -11.2405
      vertex 19.6073 3.25 -12.9117
      vertex 19.5478 4.99 -11.1396
    endloop
  endfacet
  facet normal -0.313948 0.704328 -0.636678
    outer loop
      vertex 20.5511 4.99 -11.4093
      vertex 21.0151 4.99 -11.6381
      vertex 20.15 3.25 -13.1364
    endloop
  endfacet
  facet normal 0.53379 0.704343 -0.467941
    outer loop
      vertex 17.24 3.25 -13.7153
      vertex 15.8696 4.99 -12.6595
      vertex 17.434 3.25 -13.494
    endloop
  endfacet
  facet normal 0.54164 0.704683 -0.458311
    outer loop
      vertex 15.8696 4.99 -12.6595
      vertex 17.24 3.25 -13.7153
      vertex 15.8674 4.99 -12.6621
    endloop
  endfacet
  facet normal 0.467941 0.704343 0.53379
    outer loop
      vertex 17.6553 3.25 -16.87
      vertex 16.5995 4.99 -18.2404
      vertex 17.434 3.25 -16.676
    endloop
  endfacet
  facet normal 0.458311 0.704683 0.54164
    outer loop
      vertex 16.5995 4.99 -18.2404
      vertex 17.6553 3.25 -16.87
      vertex 16.6021 4.99 -18.2426
    endloop
  endfacet
  facet normal -0.69474 0.704002 -0.147369
    outer loop
      vertex 21.2558 3.25 -14.7913
      vertex 22.9704 4.99 -14.5622
      vertex 22.9711 4.99 -14.5655
    endloop
  endfacet
  facet normal -0.696209 0.70431 -0.138711
    outer loop
      vertex 22.9704 4.99 -14.5622
      vertex 21.2558 3.25 -14.7913
      vertex 21.1983 3.25 -14.5027
    endloop
  endfacet
  facet normal -0.696228 0.704337 -0.138477
    outer loop
      vertex 22.8695 4.99 -14.0549
      vertex 22.9704 4.99 -14.5622
      vertex 21.1983 3.25 -14.5027
    endloop
  endfacet
  facet normal -0.590228 0.70433 -0.3944
    outer loop
      vertex 22.1845 4.99 -12.6648
      vertex 22.4719 4.99 -13.0949
      vertex 20.9736 3.25 -13.96
    endloop
  endfacet
  facet normal -0.636678 0.704328 -0.313948
    outer loop
      vertex 22.4719 4.99 -13.0949
      vertex 22.7007 4.99 -13.5589
      vertex 20.9736 3.25 -13.96
    endloop
  endfacet
  facet normal -0.580169 0.704785 -0.408267
    outer loop
      vertex 22.1845 4.99 -12.6648
      vertex 20.81 3.25 -13.7153
      vertex 22.1826 4.99 -12.6621
    endloop
  endfacet
  facet normal -0.590113 0.70435 -0.394534
    outer loop
      vertex 20.81 3.25 -13.7153
      vertex 22.1845 4.99 -12.6648
      vertex 20.9736 3.25 -13.96
    endloop
  endfacet
  facet normal -0.54164 0.704683 -0.458311
    outer loop
      vertex 20.81 3.25 -13.7153
      vertex 22.1804 4.99 -12.6595
      vertex 22.1826 4.99 -12.6621
    endloop
  endfacet
  facet normal -0.53379 0.704343 -0.467941
    outer loop
      vertex 22.1804 4.99 -12.6595
      vertex 20.81 3.25 -13.7153
      vertex 20.616 3.25 -13.494
    endloop
  endfacet
  facet normal -0.458311 0.704683 -0.54164
    outer loop
      vertex 21.4505 4.99 -11.9296
      vertex 20.3947 3.25 -13.3
      vertex 21.4479 4.99 -11.9274
    endloop
  endfacet
  facet normal -0.467941 0.704343 -0.53379
    outer loop
      vertex 20.3947 3.25 -13.3
      vertex 21.4505 4.99 -11.9296
      vertex 20.616 3.25 -13.494
    endloop
  endfacet
  facet normal -0.468005 0.704334 -0.533746
    outer loop
      vertex 21.4505 4.99 -11.9296
      vertex 21.8394 4.99 -12.2706
      vertex 20.616 3.25 -13.494
    endloop
  endfacet
  facet normal 0.636678 0.704328 -0.313948
    outer loop
      vertex 15.5781 4.99 -13.0949
      vertex 17.0764 3.25 -13.96
      vertex 15.3493 4.99 -13.5589
    endloop
  endfacet
  facet normal 0.313948 0.704328 -0.636678
    outer loop
      vertex 17.4989 4.99 -11.4093
      vertex 17.9 3.25 -13.1364
      vertex 17.0349 4.99 -11.6381
    endloop
  endfacet
  facet normal 0.228225 0.704328 -0.672187
    outer loop
      vertex 17.9917 4.99 -11.2416
      vertex 18.164 3.25 -13.0063
      vertex 17.5019 4.99 -11.4079
    endloop
  endfacet
  facet normal 0.394534 0.70435 -0.590113
    outer loop
      vertex 17.6553 3.25 -13.3
      vertex 16.6048 4.99 -11.9255
      vertex 17.9 3.25 -13.1364
    endloop
  endfacet
  facet normal 0.408267 0.704785 -0.580169
    outer loop
      vertex 16.6048 4.99 -11.9255
      vertex 17.6553 3.25 -13.3
      vertex 16.6021 4.99 -11.9274
    endloop
  endfacet
  facet normal 0.590228 0.70433 -0.3944
    outer loop
      vertex 15.8655 4.99 -12.6648
      vertex 17.0764 3.25 -13.96
      vertex 15.5781 4.99 -13.0949
    endloop
  endfacet
  facet normal 0.672187 0.704328 -0.228225
    outer loop
      vertex 15.3479 4.99 -13.5619
      vertex 16.9463 3.25 -14.224
      vertex 15.1816 4.99 -14.0517
    endloop
  endfacet
  facet normal -0.313785 0.704348 0.636736
    outer loop
      vertex 20.5511 4.99 -18.7607
      vertex 19.886 3.25 -17.1637
      vertex 20.15 3.25 -17.0336
    endloop
  endfacet
  facet normal -0.300021 0.704745 0.642901
    outer loop
      vertex 19.886 3.25 -17.1637
      vertex 20.5511 4.99 -18.7607
      vertex 20.5481 4.99 -18.7621
    endloop
  endfacet
  facet normal -0.590228 0.70433 0.3944
    outer loop
      vertex 22.4719 4.99 -17.0751
      vertex 22.1845 4.99 -17.5052
      vertex 20.9736 3.25 -16.21
    endloop
  endfacet
  facet normal 0.313948 0.704328 0.636678
    outer loop
      vertex 17.9 3.25 -17.0336
      vertex 17.4989 4.99 -18.7607
      vertex 17.0349 4.99 -18.5319
    endloop
  endfacet
  facet normal 0.672199 0.704335 0.228167
    outer loop
      vertex 15.1816 4.99 -16.1183
      vertex 16.8517 3.25 -15.6673
      vertex 16.9463 3.25 -15.946
    endloop
  endfacet
  facet normal 0.671397 0.704245 0.230793
    outer loop
      vertex 16.8517 3.25 -15.6673
      vertex 15.1816 4.99 -16.1183
      vertex 15.1805 4.99 -16.1151
    endloop
  endfacet
  facet normal 0.590113 0.70435 0.394534
    outer loop
      vertex 17.24 3.25 -16.4547
      vertex 15.8655 4.99 -17.5052
      vertex 17.0764 3.25 -16.21
    endloop
  endfacet
  facet normal 0.580169 0.704785 0.408267
    outer loop
      vertex 15.8655 4.99 -17.5052
      vertex 17.24 3.25 -16.4547
      vertex 15.8674 4.99 -17.5079
    endloop
  endfacet
  facet normal 0.3944 0.70433 0.590228
    outer loop
      vertex 17.9 3.25 -17.0336
      vertex 17.0349 4.99 -18.5319
      vertex 16.6048 4.99 -18.2445
    endloop
  endfacet
  facet normal 0.228225 0.704328 0.672187
    outer loop
      vertex 18.164 3.25 -17.1637
      vertex 17.9917 4.99 -18.9284
      vertex 17.5019 4.99 -18.7621
    endloop
  endfacet
  facet normal -0.3944 0.70433 -0.590228
    outer loop
      vertex 21.0151 4.99 -11.6381
      vertex 21.4452 4.99 -11.9255
      vertex 20.15 3.25 -13.1364
    endloop
  endfacet
  facet normal -0.408267 0.704785 -0.580169
    outer loop
      vertex 20.3947 3.25 -13.3
      vertex 21.4452 4.99 -11.9255
      vertex 21.4479 4.99 -11.9274
    endloop
  endfacet
  facet normal -0.394534 0.70435 -0.590113
    outer loop
      vertex 21.4452 4.99 -11.9255
      vertex 20.3947 3.25 -13.3
      vertex 20.15 3.25 -13.1364
    endloop
  endfacet
  facet normal -0.300021 0.704745 -0.642901
    outer loop
      vertex 20.5511 4.99 -11.4093
      vertex 19.886 3.25 -13.0063
      vertex 20.5481 4.99 -11.4079
    endloop
  endfacet
  facet normal -0.313785 0.704348 -0.636736
    outer loop
      vertex 19.886 3.25 -13.0063
      vertex 20.5511 4.99 -11.4093
      vertex 20.15 3.25 -13.1364
    endloop
  endfacet
  facet normal -0.230793 0.704245 -0.671397
    outer loop
      vertex 20.0583 4.99 -11.2416
      vertex 19.6073 3.25 -12.9117
      vertex 20.0551 4.99 -11.2405
    endloop
  endfacet
  facet normal -0.228167 0.704335 -0.672199
    outer loop
      vertex 19.6073 3.25 -12.9117
      vertex 20.0583 4.99 -11.2416
      vertex 19.886 3.25 -13.0063
    endloop
  endfacet
  facet normal -0.228225 0.704328 -0.672187
    outer loop
      vertex 20.0583 4.99 -11.2416
      vertex 20.5481 4.99 -11.4079
      vertex 19.886 3.25 -13.0063
    endloop
  endfacet
  facet normal -0.147369 0.704002 -0.69474
    outer loop
      vertex 19.5478 4.99 -11.1396
      vertex 19.3187 3.25 -12.8542
      vertex 19.5445 4.99 -11.1389
    endloop
  endfacet
  facet normal -0.138711 0.70431 -0.696209
    outer loop
      vertex 19.3187 3.25 -12.8542
      vertex 19.5478 4.99 -11.1396
      vertex 19.6073 3.25 -12.9117
    endloop
  endfacet
  facet normal -0.0429511 0.704207 -0.708694
    outer loop
      vertex 19.3187 3.25 -12.8542
      vertex 19.5412 4.99 -11.1387
      vertex 19.5445 4.99 -11.1389
    endloop
  endfacet
  facet normal -0.0463083 0.704319 -0.708372
    outer loop
      vertex 19.5412 4.99 -11.1387
      vertex 19.3187 3.25 -12.8542
      vertex 19.025 3.25 -12.835
    endloop
  endfacet
  facet normal 0.672199 0.704335 -0.228167
    outer loop
      vertex 16.8517 3.25 -14.5027
      vertex 15.1816 4.99 -14.0517
      vertex 16.9463 3.25 -14.224
    endloop
  endfacet
  facet normal 0.671397 0.704245 -0.230793
    outer loop
      vertex 15.1816 4.99 -14.0517
      vertex 16.8517 3.25 -14.5027
      vertex 15.1805 4.99 -14.0549
    endloop
  endfacet
  facet normal 0.696228 0.704337 -0.138477
    outer loop
      vertex 15.1805 4.99 -14.0549
      vertex 16.8517 3.25 -14.5027
      vertex 15.0796 4.99 -14.5622
    endloop
  endfacet
  facet normal 0.0463083 0.704319 -0.708372
    outer loop
      vertex 18.7313 3.25 -12.8542
      vertex 18.5088 4.99 -11.1387
      vertex 19.025 3.25 -12.835
    endloop
  endfacet
  facet normal 0.0429511 0.704207 -0.708694
    outer loop
      vertex 18.5088 4.99 -11.1387
      vertex 18.7313 3.25 -12.8542
      vertex 18.5055 4.99 -11.1389
    endloop
  endfacet
  facet normal 0.0463822 0.704328 -0.708358
    outer loop
      vertex 19.025 4.99 -11.1049
      vertex 19.025 3.25 -12.835
      vertex 18.5088 4.99 -11.1387
    endloop
  endfacet
  facet normal 0.230793 0.704245 -0.671397
    outer loop
      vertex 18.4427 3.25 -12.9117
      vertex 17.9917 4.99 -11.2416
      vertex 17.9949 4.99 -11.2405
    endloop
  endfacet
  facet normal 0.228167 0.704335 -0.672199
    outer loop
      vertex 17.9917 4.99 -11.2416
      vertex 18.4427 3.25 -12.9117
      vertex 18.164 3.25 -13.0063
    endloop
  endfacet
  facet normal 0.300021 0.704745 -0.642901
    outer loop
      vertex 18.164 3.25 -13.0063
      vertex 17.4989 4.99 -11.4093
      vertex 17.5019 4.99 -11.4079
    endloop
  endfacet
  facet normal 0.313785 0.704348 -0.636736
    outer loop
      vertex 17.4989 4.99 -11.4093
      vertex 18.164 3.25 -13.0063
      vertex 17.9 3.25 -13.1364
    endloop
  endfacet
  facet normal 0.533746 0.704334 -0.468005
    outer loop
      vertex 16.2106 4.99 -12.2706
      vertex 17.434 3.25 -13.494
      vertex 15.8696 4.99 -12.6595
    endloop
  endfacet
  facet normal 0.468005 0.704334 -0.533746
    outer loop
      vertex 16.5995 4.99 -11.9296
      vertex 17.434 3.25 -13.494
      vertex 16.2106 4.99 -12.2706
    endloop
  endfacet
  facet normal 0.580169 0.704785 -0.408267
    outer loop
      vertex 17.24 3.25 -13.7153
      vertex 15.8655 4.99 -12.6648
      vertex 15.8674 4.99 -12.6621
    endloop
  endfacet
  facet normal 0.590113 0.70435 -0.394534
    outer loop
      vertex 15.8655 4.99 -12.6648
      vertex 17.24 3.25 -13.7153
      vertex 17.0764 3.25 -13.96
    endloop
  endfacet
  facet normal -0.228225 0.704328 0.672187
    outer loop
      vertex 20.5481 4.99 -18.7621
      vertex 20.0583 4.99 -18.9284
      vertex 19.886 3.25 -17.1637
    endloop
  endfacet
  facet normal -0.138477 0.704337 0.696228
    outer loop
      vertex 19.6073 3.25 -17.2583
      vertex 20.0551 4.99 -18.9295
      vertex 19.5478 4.99 -19.0304
    endloop
  endfacet
  facet normal -0.636678 0.704328 0.313948
    outer loop
      vertex 22.7007 4.99 -16.6111
      vertex 22.4719 4.99 -17.0751
      vertex 20.9736 3.25 -16.21
    endloop
  endfacet
  facet normal 0.228167 0.704335 0.672199
    outer loop
      vertex 18.4427 3.25 -17.2583
      vertex 17.9917 4.99 -18.9284
      vertex 18.164 3.25 -17.1637
    endloop
  endfacet
  facet normal 0.230793 0.704245 0.671397
    outer loop
      vertex 17.9917 4.99 -18.9284
      vertex 18.4427 3.25 -17.2583
      vertex 17.9949 4.99 -18.9295
    endloop
  endfacet
  facet normal 0.138477 0.704337 0.696228
    outer loop
      vertex 18.4427 3.25 -17.2583
      vertex 18.5022 4.99 -19.0304
      vertex 17.9949 4.99 -18.9295
    endloop
  endfacet
  facet normal 0.636678 0.704328 0.313948
    outer loop
      vertex 17.0764 3.25 -16.21
      vertex 15.5781 4.99 -17.0751
      vertex 15.3493 4.99 -16.6111
    endloop
  endfacet
  facet normal 0.708358 0.704328 -0.0463822
    outer loop
      vertex 15.0787 4.99 -14.5688
      vertex 16.775 3.25 -15.085
      vertex 15.0449 4.99 -15.085
    endloop
  endfacet
  facet normal 0.708358 0.704328 0.0463822
    outer loop
      vertex 16.775 3.25 -15.085
      vertex 15.0787 4.99 -15.6012
      vertex 15.0449 4.99 -15.085
    endloop
  endfacet
  facet normal 0.672187 0.704328 0.228225
    outer loop
      vertex 16.9463 3.25 -15.946
      vertex 15.3479 4.99 -16.6081
      vertex 15.1816 4.99 -16.1183
    endloop
  endfacet
  facet normal 0.636736 0.704348 0.313785
    outer loop
      vertex 15.3493 4.99 -16.6111
      vertex 16.9463 3.25 -15.946
      vertex 17.0764 3.25 -16.21
    endloop
  endfacet
  facet normal 0.642901 0.704745 0.300021
    outer loop
      vertex 16.9463 3.25 -15.946
      vertex 15.3493 4.99 -16.6111
      vertex 15.3479 4.99 -16.6081
    endloop
  endfacet
  facet normal 0.468005 0.704334 0.533746
    outer loop
      vertex 17.434 3.25 -16.676
      vertex 16.5995 4.99 -18.2404
      vertex 16.2106 4.99 -17.8994
    endloop
  endfacet
  facet normal 0.533746 0.704334 0.468005
    outer loop
      vertex 17.434 3.25 -16.676
      vertex 16.2106 4.99 -17.8994
      vertex 15.8696 4.99 -17.5105
    endloop
  endfacet
  facet normal 0.394534 0.70435 0.590113
    outer loop
      vertex 16.6048 4.99 -18.2445
      vertex 17.6553 3.25 -16.87
      vertex 17.9 3.25 -17.0336
    endloop
  endfacet
  facet normal 0.408267 0.704785 0.580169
    outer loop
      vertex 17.6553 3.25 -16.87
      vertex 16.6048 4.99 -18.2445
      vertex 16.6021 4.99 -18.2426
    endloop
  endfacet
  facet normal 0.636736 0.704348 -0.313785
    outer loop
      vertex 16.9463 3.25 -14.224
      vertex 15.3493 4.99 -13.5589
      vertex 17.0764 3.25 -13.96
    endloop
  endfacet
  facet normal 0.642901 0.704745 -0.300021
    outer loop
      vertex 15.3493 4.99 -13.5589
      vertex 16.9463 3.25 -14.224
      vertex 15.3479 4.99 -13.5619
    endloop
  endfacet
  facet normal 0.138477 0.704337 -0.696228
    outer loop
      vertex 18.5022 4.99 -11.1396
      vertex 18.4427 3.25 -12.9117
      vertex 17.9949 4.99 -11.2405
    endloop
  endfacet
  facet normal 0.147369 0.704002 -0.69474
    outer loop
      vertex 18.7313 3.25 -12.8542
      vertex 18.5022 4.99 -11.1396
      vertex 18.5055 4.99 -11.1389
    endloop
  endfacet
  facet normal 0.138711 0.70431 -0.696209
    outer loop
      vertex 18.5022 4.99 -11.1396
      vertex 18.7313 3.25 -12.8542
      vertex 18.4427 3.25 -12.9117
    endloop
  endfacet
  facet normal -0.0463822 0.704328 0.708358
    outer loop
      vertex 19.5412 4.99 -19.0313
      vertex 19.025 4.99 -19.0651
      vertex 19.025 3.25 -17.335
    endloop
  endfacet
  facet normal -0.0429511 0.704207 0.708694
    outer loop
      vertex 19.5412 4.99 -19.0313
      vertex 19.3187 3.25 -17.3158
      vertex 19.5445 4.99 -19.0311
    endloop
  endfacet
  facet normal -0.0463083 0.704319 0.708372
    outer loop
      vertex 19.3187 3.25 -17.3158
      vertex 19.5412 4.99 -19.0313
      vertex 19.025 3.25 -17.335
    endloop
  endfacet
  facet normal -0.642901 0.704745 0.300021
    outer loop
      vertex 22.7007 4.99 -16.6111
      vertex 21.1037 3.25 -15.946
      vertex 22.7021 4.99 -16.6081
    endloop
  endfacet
  facet normal -0.636736 0.704348 0.313785
    outer loop
      vertex 21.1037 3.25 -15.946
      vertex 22.7007 4.99 -16.6111
      vertex 20.9736 3.25 -16.21
    endloop
  endfacet
  facet normal 0.313785 0.704348 0.636736
    outer loop
      vertex 18.164 3.25 -17.1637
      vertex 17.4989 4.99 -18.7607
      vertex 17.9 3.25 -17.0336
    endloop
  endfacet
  facet normal 0.300021 0.704745 0.642901
    outer loop
      vertex 17.4989 4.99 -18.7607
      vertex 18.164 3.25 -17.1637
      vertex 17.5019 4.99 -18.7621
    endloop
  endfacet
  facet normal 0.708328 0.704347 0.0465466
    outer loop
      vertex 16.7943 3.25 -15.3787
      vertex 15.0787 4.99 -15.6012
      vertex 16.775 3.25 -15.085
    endloop
  endfacet
  facet normal 0.708674 0.704228 0.0429499
    outer loop
      vertex 15.0787 4.99 -15.6012
      vertex 16.7943 3.25 -15.3787
      vertex 15.0789 4.99 -15.6045
    endloop
  endfacet
  facet normal 0.708674 0.704228 -0.0429499
    outer loop
      vertex 16.7943 3.25 -14.7913
      vertex 15.0787 4.99 -14.5688
      vertex 15.0789 4.99 -14.5655
    endloop
  endfacet
  facet normal 0.708328 0.704347 -0.0465466
    outer loop
      vertex 15.0787 4.99 -14.5688
      vertex 16.7943 3.25 -14.7913
      vertex 16.775 3.25 -15.085
    endloop
  endfacet
  facet normal 0.69472 0.704022 0.147365
    outer loop
      vertex 16.7943 3.25 -15.3787
      vertex 15.0796 4.99 -15.6078
      vertex 15.0789 4.99 -15.6045
    endloop
  endfacet
  facet normal 0.696228 0.704337 0.138474
    outer loop
      vertex 15.0796 4.99 -15.6078
      vertex 16.7943 3.25 -15.3787
      vertex 16.8517 3.25 -15.6673
    endloop
  endfacet
  facet normal 0.696228 0.704337 0.138477
    outer loop
      vertex 16.8517 3.25 -15.6673
      vertex 15.1805 4.99 -16.1151
      vertex 15.0796 4.99 -15.6078
    endloop
  endfacet
  facet normal -0.313948 0.704328 0.636678
    outer loop
      vertex 21.0151 4.99 -18.5319
      vertex 20.5511 4.99 -18.7607
      vertex 20.15 3.25 -17.0336
    endloop
  endfacet
  facet normal -0.3944 0.70433 0.590228
    outer loop
      vertex 21.4452 4.99 -18.2445
      vertex 21.0151 4.99 -18.5319
      vertex 20.15 3.25 -17.0336
    endloop
  endfacet
  facet normal 0.0463822 0.704328 0.708358
    outer loop
      vertex 19.025 3.25 -17.335
      vertex 19.025 4.99 -19.0651
      vertex 18.5088 4.99 -19.0313
    endloop
  endfacet
  facet normal -0.467941 0.704343 0.53379
    outer loop
      vertex 21.4505 4.99 -18.2404
      vertex 20.3947 3.25 -16.87
      vertex 20.616 3.25 -16.676
    endloop
  endfacet
  facet normal -0.458311 0.704683 0.54164
    outer loop
      vertex 20.3947 3.25 -16.87
      vertex 21.4505 4.99 -18.2404
      vertex 21.4479 4.99 -18.2426
    endloop
  endfacet
  facet normal -0.672187 0.704328 0.228225
    outer loop
      vertex 22.8684 4.99 -16.1183
      vertex 22.7021 4.99 -16.6081
      vertex 21.1037 3.25 -15.946
    endloop
  endfacet
  facet normal -0.228167 0.704335 0.672199
    outer loop
      vertex 20.0583 4.99 -18.9284
      vertex 19.6073 3.25 -17.2583
      vertex 19.886 3.25 -17.1637
    endloop
  endfacet
  facet normal -0.230793 0.704245 0.671397
    outer loop
      vertex 19.6073 3.25 -17.2583
      vertex 20.0583 4.99 -18.9284
      vertex 20.0551 4.99 -18.9295
    endloop
  endfacet
  facet normal 0.0463083 0.704319 0.708372
    outer loop
      vertex 18.5088 4.99 -19.0313
      vertex 18.7313 3.25 -17.3158
      vertex 19.025 3.25 -17.335
    endloop
  endfacet
  facet normal 0.0429511 0.704207 0.708694
    outer loop
      vertex 18.7313 3.25 -17.3158
      vertex 18.5088 4.99 -19.0313
      vertex 18.5055 4.99 -19.0311
    endloop
  endfacet
  facet normal -0.533746 0.704334 0.468005
    outer loop
      vertex 22.1804 4.99 -17.5105
      vertex 21.8394 4.99 -17.8994
      vertex 20.616 3.25 -16.676
    endloop
  endfacet
  facet normal -0.468005 0.704334 0.533746
    outer loop
      vertex 21.8394 4.99 -17.8994
      vertex 21.4505 4.99 -18.2404
      vertex 20.616 3.25 -16.676
    endloop
  endfacet
  facet normal -0.54164 0.704683 0.458311
    outer loop
      vertex 22.1804 4.99 -17.5105
      vertex 20.81 3.25 -16.4547
      vertex 22.1826 4.99 -17.5079
    endloop
  endfacet
  facet normal -0.53379 0.704343 0.467941
    outer loop
      vertex 20.81 3.25 -16.4547
      vertex 22.1804 4.99 -17.5105
      vertex 20.616 3.25 -16.676
    endloop
  endfacet
  facet normal -0.590113 0.70435 0.394534
    outer loop
      vertex 22.1845 4.99 -17.5052
      vertex 20.81 3.25 -16.4547
      vertex 20.9736 3.25 -16.21
    endloop
  endfacet
  facet normal -0.580169 0.704785 0.408267
    outer loop
      vertex 20.81 3.25 -16.4547
      vertex 22.1845 4.99 -17.5052
      vertex 22.1826 4.99 -17.5079
    endloop
  endfacet
  facet normal -0.671397 0.704245 0.230793
    outer loop
      vertex 22.8684 4.99 -16.1183
      vertex 21.1983 3.25 -15.6673
      vertex 22.8695 4.99 -16.1151
    endloop
  endfacet
  facet normal -0.672199 0.704335 0.228167
    outer loop
      vertex 21.1983 3.25 -15.6673
      vertex 22.8684 4.99 -16.1183
      vertex 21.1037 3.25 -15.946
    endloop
  endfacet
  facet normal -0.138711 0.70431 0.696209
    outer loop
      vertex 19.5478 4.99 -19.0304
      vertex 19.3187 3.25 -17.3158
      vertex 19.6073 3.25 -17.2583
    endloop
  endfacet
  facet normal -0.147369 0.704002 0.69474
    outer loop
      vertex 19.3187 3.25 -17.3158
      vertex 19.5478 4.99 -19.0304
      vertex 19.5445 4.99 -19.0311
    endloop
  endfacet
  facet normal -0.696228 0.704337 0.138477
    outer loop
      vertex 22.9704 4.99 -15.6078
      vertex 22.8695 4.99 -16.1151
      vertex 21.1983 3.25 -15.6673
    endloop
  endfacet
  facet normal -0.69474 0.704002 0.147369
    outer loop
      vertex 22.9704 4.99 -15.6078
      vertex 21.2558 3.25 -15.3787
      vertex 22.9711 4.99 -15.6045
    endloop
  endfacet
  facet normal -0.696209 0.70431 0.138711
    outer loop
      vertex 21.2558 3.25 -15.3787
      vertex 22.9704 4.99 -15.6078
      vertex 21.1983 3.25 -15.6673
    endloop
  endfacet
  facet normal -0.997861 0 0.0653646
    outer loop
      vertex 22.9908 4.99 -15.6071
      vertex 23.025 5 -15.085
      vertex 22.9908 5 -15.6071
    endloop
  endfacet
  facet normal -0.997861 0 0.0653646
    outer loop
      vertex 23.025 5 -15.085
      vertex 22.9908 4.99 -15.6071
      vertex 23.025 4.99 -15.085
    endloop
  endfacet
  facet normal 0.997861 -0 0.0653646
    outer loop
      vertex 15.025 4.99 -15.085
      vertex 15.0592 5 -15.6071
      vertex 15.025 5 -15.085
    endloop
  endfacet
  facet normal 0.997861 0 0.0653646
    outer loop
      vertex 15.0592 5 -15.6071
      vertex 15.025 4.99 -15.085
      vertex 15.0592 4.99 -15.6071
    endloop
  endfacet
  facet normal -0.0653646 0 0.997861
    outer loop
      vertex 19.025 5 -19.085
      vertex 19.5471 4.99 -19.0508
      vertex 19.5471 5 -19.0508
    endloop
  endfacet
  facet normal -0.0653646 0 0.997861
    outer loop
      vertex 19.5471 4.99 -19.0508
      vertex 19.025 5 -19.085
      vertex 19.025 4.99 -19.085
    endloop
  endfacet
  facet normal 0.751842 0 -0.659343
    outer loop
      vertex 16.1966 4.99 -12.2566
      vertex 15.8516 5 -12.65
      vertex 16.1966 5 -12.2566
    endloop
  endfacet
  facet normal 0.751842 0 -0.659343
    outer loop
      vertex 15.8516 5 -12.65
      vertex 16.1966 4.99 -12.2566
      vertex 15.8516 4.99 -12.65
    endloop
  endfacet
  facet normal -0.659343 0 0.751842
    outer loop
      vertex 21.46 5 -18.2584
      vertex 21.8534 4.99 -17.9134
      vertex 21.8534 5 -17.9134
    endloop
  endfacet
  facet normal -0.659343 0 0.751842
    outer loop
      vertex 21.8534 4.99 -17.9134
      vertex 21.46 5 -18.2584
      vertex 21.46 4.99 -18.2584
    endloop
  endfacet
  facet normal 0.659343 0 0.751842
    outer loop
      vertex 16.1966 5 -17.9134
      vertex 16.59 4.99 -18.2584
      vertex 16.59 5 -18.2584
    endloop
  endfacet
  facet normal 0.659343 0 0.751842
    outer loop
      vertex 16.59 4.99 -18.2584
      vertex 16.1966 5 -17.9134
      vertex 16.1966 4.99 -17.9134
    endloop
  endfacet
  facet normal 0.321498 0 0.94691
    outer loop
      vertex 17.4943 5 -18.7805
      vertex 17.9897 4.99 -18.9487
      vertex 17.9897 5 -18.9487
    endloop
  endfacet
  facet normal 0.321498 0 0.94691
    outer loop
      vertex 17.9897 4.99 -18.9487
      vertex 17.4943 5 -18.7805
      vertex 17.4943 4.99 -18.7805
    endloop
  endfacet
  facet normal 0.94691 0 -0.321498
    outer loop
      vertex 15.3295 4.99 -13.5543
      vertex 15.1613 5 -14.0497
      vertex 15.3295 5 -13.5543
    endloop
  endfacet
  facet normal 0.94691 0 -0.321498
    outer loop
      vertex 15.1613 5 -14.0497
      vertex 15.3295 4.99 -13.5543
      vertex 15.1613 4.99 -14.0497
    endloop
  endfacet
  facet normal 0 1 -0
    outer loop
      vertex 19.5412 4.99 -11.1387
      vertex 19.025 4.99 -11.085
      vertex 19.5471 4.99 -11.1192
    endloop
  endfacet
  facet normal 0 1 0
    outer loop
      vertex 19.025 4.99 -11.085
      vertex 19.5412 4.99 -11.1387
      vertex 19.025 4.99 -11.1049
    endloop
  endfacet
  facet normal 0 1 0
    outer loop
      vertex 19.5471 4.99 -11.1192
      vertex 19.5445 4.99 -11.1389
      vertex 19.5412 4.99 -11.1387
    endloop
  endfacet
  facet normal 0 1 0
    outer loop
      vertex 19.5471 4.99 -11.1192
      vertex 19.5478 4.99 -11.1396
      vertex 19.5445 4.99 -11.1389
    endloop
  endfacet
  facet normal 0 1 0
    outer loop
      vertex 20.0603 4.99 -11.2213
      vertex 19.5478 4.99 -11.1396
      vertex 19.5471 4.99 -11.1192
    endloop
  endfacet
  facet normal 0 1 0
    outer loop
      vertex 20.0603 4.99 -11.2213
      vertex 20.0551 4.99 -11.2405
      vertex 19.5478 4.99 -11.1396
    endloop
  endfacet
  facet normal 0 1 0
    outer loop
      vertex 20.0603 4.99 -11.2213
      vertex 20.0583 4.99 -11.2416
      vertex 20.0551 4.99 -11.2405
    endloop
  endfacet
  facet normal 0 1 0
    outer loop
      vertex 20.5557 4.99 -11.3895
      vertex 20.0583 4.99 -11.2416
      vertex 20.0603 4.99 -11.2213
    endloop
  endfacet
  facet normal 0 1 0
    outer loop
      vertex 20.5557 4.99 -11.3895
      vertex 20.5481 4.99 -11.4079
      vertex 20.0583 4.99 -11.2416
    endloop
  endfacet
  facet normal 0 1 0
    outer loop
      vertex 20.5557 4.99 -11.3895
      vertex 20.5511 4.99 -11.4093
      vertex 20.5481 4.99 -11.4079
    endloop
  endfacet
  facet normal 0 1 0
    outer loop
      vertex 21.025 4.99 -11.6209
      vertex 20.5511 4.99 -11.4093
      vertex 20.5557 4.99 -11.3895
    endloop
  endfacet
  facet normal 0 1 0
    outer loop
      vertex 21.025 4.99 -11.6209
      vertex 21.0151 4.99 -11.6381
      vertex 20.5511 4.99 -11.4093
    endloop
  endfacet
  facet normal 0 1 -0
    outer loop
      vertex 21.4452 4.99 -11.9255
      vertex 21.025 4.99 -11.6209
      vertex 21.46 4.99 -11.9116
    endloop
  endfacet
  facet normal 0 1 0
    outer loop
      vertex 21.025 4.99 -11.6209
      vertex 21.4452 4.99 -11.9255
      vertex 21.0151 4.99 -11.6381
    endloop
  endfacet
  facet normal 0 1 0
    outer loop
      vertex 21.46 4.99 -11.9116
      vertex 21.4479 4.99 -11.9274
      vertex 21.4452 4.99 -11.9255
    endloop
  endfacet
  facet normal 0 1 0
    outer loop
      vertex 21.46 4.99 -11.9116
      vertex 21.4505 4.99 -11.9296
      vertex 21.4479 4.99 -11.9274
    endloop
  endfacet
  facet normal 0 1 0
    outer loop
      vertex 21.8534 4.99 -12.2566
      vertex 21.4505 4.99 -11.9296
      vertex 21.46 4.99 -11.9116
    endloop
  endfacet
  facet normal 0 1 0
    outer loop
      vertex 21.8534 4.99 -12.2566
      vertex 21.8394 4.99 -12.2706
      vertex 21.4505 4.99 -11.9296
    endloop
  endfacet
  facet normal 0 1 -0
    outer loop
      vertex 22.1804 4.99 -12.6595
      vertex 21.8534 4.99 -12.2566
      vertex 22.1984 4.99 -12.65
    endloop
  endfacet
  facet normal 0 1 0
    outer loop
      vertex 21.8534 4.99 -12.2566
      vertex 22.1804 4.99 -12.6595
      vertex 21.8394 4.99 -12.2706
    endloop
  endfacet
  facet normal 0 1 0
    outer loop
      vertex 22.1984 4.99 -12.65
      vertex 22.1826 4.99 -12.6621
      vertex 22.1804 4.99 -12.6595
    endloop
  endfacet
  facet normal 0 1 0
    outer loop
      vertex 22.1984 4.99 -12.65
      vertex 22.1845 4.99 -12.6648
      vertex 22.1826 4.99 -12.6621
    endloop
  endfacet
  facet normal 0 1 0
    outer loop
      vertex 22.4891 4.99 -13.085
      vertex 22.1845 4.99 -12.6648
      vertex 22.1984 4.99 -12.65
    endloop
  endfacet
  facet normal 0 1 0
    outer loop
      vertex 22.4891 4.99 -13.085
      vertex 22.4719 4.99 -13.0949
      vertex 22.1845 4.99 -12.6648
    endloop
  endfacet
  facet normal 0 1 -0
    outer loop
      vertex 22.7007 4.99 -13.5589
      vertex 22.4891 4.99 -13.085
      vertex 22.7205 4.99 -13.5543
    endloop
  endfacet
  facet normal 0 1 0
    outer loop
      vertex 22.4891 4.99 -13.085
      vertex 22.7007 4.99 -13.5589
      vertex 22.4719 4.99 -13.0949
    endloop
  endfacet
  facet normal 0 1 0
    outer loop
      vertex 22.7205 4.99 -13.5543
      vertex 22.7021 4.99 -13.5619
      vertex 22.7007 4.99 -13.5589
    endloop
  endfacet
  facet normal 0 1 -0
    outer loop
      vertex 22.8684 4.99 -14.0517
      vertex 22.7205 4.99 -13.5543
      vertex 22.8887 4.99 -14.0497
    endloop
  endfacet
  facet normal 0 1 0
    outer loop
      vertex 22.7205 4.99 -13.5543
      vertex 22.8684 4.99 -14.0517
      vertex 22.7021 4.99 -13.5619
    endloop
  endfacet
  facet normal 0 1 0
    outer loop
      vertex 22.8887 4.99 -14.0497
      vertex 22.8695 4.99 -14.0549
      vertex 22.8684 4.99 -14.0517
    endloop
  endfacet
  facet normal 0 1 0
    outer loop
      vertex 22.8887 4.99 -14.0497
      vertex 22.9704 4.99 -14.5622
      vertex 22.8695 4.99 -14.0549
    endloop
  endfacet
  facet normal 0 1 0
    outer loop
      vertex 22.9908 4.99 -14.5629
      vertex 22.9704 4.99 -14.5622
      vertex 22.8887 4.99 -14.0497
    endloop
  endfacet
  facet normal 0 1 0
    outer loop
      vertex 22.9908 4.99 -14.5629
      vertex 22.9711 4.99 -14.5655
      vertex 22.9704 4.99 -14.5622
    endloop
  endfacet
  facet normal 0 1 0
    outer loop
      vertex 22.9908 4.99 -14.5629
      vertex 22.9713 4.99 -14.5688
      vertex 22.9711 4.99 -14.5655
    endloop
  endfacet
  facet normal 0 1 0
    outer loop
      vertex 23.025 4.99 -15.085
      vertex 22.9713 4.99 -14.5688
      vertex 22.9908 4.99 -14.5629
    endloop
  endfacet
  facet normal 0 1 0
    outer loop
      vertex 23.025 4.99 -15.085
      vertex 23.0051 4.99 -15.085
      vertex 22.9713 4.99 -14.5688
    endloop
  endfacet
  facet normal 0 1 0
    outer loop
      vertex 23.025 4.99 -15.085
      vertex 22.9713 4.99 -15.6012
      vertex 23.0051 4.99 -15.085
    endloop
  endfacet
  facet normal 0 1 -0
    outer loop
      vertex 22.9908 4.99 -15.6071
      vertex 22.9713 4.99 -15.6012
      vertex 23.025 4.99 -15.085
    endloop
  endfacet
  facet normal 0 1 0
    outer loop
      vertex 22.9713 4.99 -15.6012
      vertex 22.9908 4.99 -15.6071
      vertex 22.9711 4.99 -15.6045
    endloop
  endfacet
  facet normal 0 1 0
    outer loop
      vertex 22.9908 4.99 -15.6071
      vertex 22.9704 4.99 -15.6078
      vertex 22.9711 4.99 -15.6045
    endloop
  endfacet
  facet normal 0 1 0
    outer loop
      vertex 22.8887 4.99 -16.1203
      vertex 22.9704 4.99 -15.6078
      vertex 22.9908 4.99 -15.6071
    endloop
  endfacet
  facet normal 0 1 0
    outer loop
      vertex 22.9704 4.99 -15.6078
      vertex 22.8887 4.99 -16.1203
      vertex 22.8695 4.99 -16.1151
    endloop
  endfacet
  facet normal 0 1 0
    outer loop
      vertex 22.8887 4.99 -16.1203
      vertex 22.8684 4.99 -16.1183
      vertex 22.8695 4.99 -16.1151
    endloop
  endfacet
  facet normal 0 1 0
    outer loop
      vertex 22.7205 4.99 -16.6157
      vertex 22.8684 4.99 -16.1183
      vertex 22.8887 4.99 -16.1203
    endloop
  endfacet
  facet normal 0 1 0
    outer loop
      vertex 22.8684 4.99 -16.1183
      vertex 22.7205 4.99 -16.6157
      vertex 22.7021 4.99 -16.6081
    endloop
  endfacet
  facet normal 0 1 0
    outer loop
      vertex 22.7205 4.99 -16.6157
      vertex 22.7007 4.99 -16.6111
      vertex 22.7021 4.99 -16.6081
    endloop
  endfacet
  facet normal 0 1 0
    outer loop
      vertex 22.4891 4.99 -17.085
      vertex 22.7007 4.99 -16.6111
      vertex 22.7205 4.99 -16.6157
    endloop
  endfacet
  facet normal 0 1 0
    outer loop
      vertex 22.7007 4.99 -16.6111
      vertex 22.4891 4.99 -17.085
      vertex 22.4719 4.99 -17.0751
    endloop
  endfacet
  facet normal 0 1 0
    outer loop
      vertex 22.4891 4.99 -17.085
      vertex 22.1845 4.99 -17.5052
      vertex 22.4719 4.99 -17.0751
    endloop
  endfacet
  facet normal 0 1 -0
    outer loop
      vertex 22.1984 4.99 -17.52
      vertex 22.1845 4.99 -17.5052
      vertex 22.4891 4.99 -17.085
    endloop
  endfacet
  facet normal 0 1 0
    outer loop
      vertex 22.1845 4.99 -17.5052
      vertex 22.1984 4.99 -17.52
      vertex 22.1826 4.99 -17.5079
    endloop
  endfacet
  facet normal 0 1 0
    outer loop
      vertex 22.1984 4.99 -17.52
      vertex 22.1804 4.99 -17.5105
      vertex 22.1826 4.99 -17.5079
    endloop
  endfacet
  facet normal 0 1 0
    outer loop
      vertex 21.8534 4.99 -17.9134
      vertex 22.1804 4.99 -17.5105
      vertex 22.1984 4.99 -17.52
    endloop
  endfacet
  facet normal 0 1 0
    outer loop
      vertex 22.1804 4.99 -17.5105
      vertex 21.8534 4.99 -17.9134
      vertex 21.8394 4.99 -17.8994
    endloop
  endfacet
  facet normal 0 1 0
    outer loop
      vertex 21.8534 4.99 -17.9134
      vertex 21.4505 4.99 -18.2404
      vertex 21.8394 4.99 -17.8994
    endloop
  endfacet
  facet normal 0 1 -0
    outer loop
      vertex 21.46 4.99 -18.2584
      vertex 21.4505 4.99 -18.2404
      vertex 21.8534 4.99 -17.9134
    endloop
  endfacet
  facet normal 0 1 0
    outer loop
      vertex 21.4505 4.99 -18.2404
      vertex 21.46 4.99 -18.2584
      vertex 21.4479 4.99 -18.2426
    endloop
  endfacet
  facet normal 0 1 0
    outer loop
      vertex 21.46 4.99 -18.2584
      vertex 21.4452 4.99 -18.2445
      vertex 21.4479 4.99 -18.2426
    endloop
  endfacet
  facet normal 0 1 0
    outer loop
      vertex 21.025 4.99 -18.5491
      vertex 21.4452 4.99 -18.2445
      vertex 21.46 4.99 -18.2584
    endloop
  endfacet
  facet normal 0 1 0
    outer loop
      vertex 21.4452 4.99 -18.2445
      vertex 21.025 4.99 -18.5491
      vertex 21.0151 4.99 -18.5319
    endloop
  endfacet
  facet normal 0 1 0
    outer loop
      vertex 21.025 4.99 -18.5491
      vertex 20.5511 4.99 -18.7607
      vertex 21.0151 4.99 -18.5319
    endloop
  endfacet
  facet normal 0 1 -0
    outer loop
      vertex 20.5557 4.99 -18.7805
      vertex 20.5511 4.99 -18.7607
      vertex 21.025 4.99 -18.5491
    endloop
  endfacet
  facet normal 0 1 0
    outer loop
      vertex 20.5511 4.99 -18.7607
      vertex 20.5557 4.99 -18.7805
      vertex 20.5481 4.99 -18.7621
    endloop
  endfacet
  facet normal 0 1 0
    outer loop
      vertex 20.5557 4.99 -18.7805
      vertex 20.0583 4.99 -18.9284
      vertex 20.5481 4.99 -18.7621
    endloop
  endfacet
  facet normal 0 1 -0
    outer loop
      vertex 20.0603 4.99 -18.9487
      vertex 20.0583 4.99 -18.9284
      vertex 20.5557 4.99 -18.7805
    endloop
  endfacet
  facet normal 0 1 0
    outer loop
      vertex 20.0583 4.99 -18.9284
      vertex 20.0603 4.99 -18.9487
      vertex 20.0551 4.99 -18.9295
    endloop
  endfacet
  facet normal 0 1 0
    outer loop
      vertex 20.0603 4.99 -18.9487
      vertex 19.5478 4.99 -19.0304
      vertex 20.0551 4.99 -18.9295
    endloop
  endfacet
  facet normal 0 1 0
    outer loop
      vertex 19.5471 4.99 -19.0508
      vertex 19.5478 4.99 -19.0304
      vertex 20.0603 4.99 -18.9487
    endloop
  endfacet
  facet normal 0 1 0
    outer loop
      vertex 19.5478 4.99 -19.0304
      vertex 19.5471 4.99 -19.0508
      vertex 19.5445 4.99 -19.0311
    endloop
  endfacet
  facet normal 0 1 0
    outer loop
      vertex 19.5471 4.99 -19.0508
      vertex 19.5412 4.99 -19.0313
      vertex 19.5445 4.99 -19.0311
    endloop
  endfacet
  facet normal 0 1 0
    outer loop
      vertex 19.025 4.99 -19.085
      vertex 19.5412 4.99 -19.0313
      vertex 19.5471 4.99 -19.0508
    endloop
  endfacet
  facet normal 0 1 0
    outer loop
      vertex 19.5412 4.99 -19.0313
      vertex 19.025 4.99 -19.085
      vertex 19.025 4.99 -19.0651
    endloop
  endfacet
  facet normal 0 1 0
    outer loop
      vertex 18.5088 4.99 -11.1387
      vertex 19.025 4.99 -11.085
      vertex 19.025 4.99 -11.1049
    endloop
  endfacet
  facet normal 0 1 0
    outer loop
      vertex 19.025 4.99 -11.085
      vertex 18.5088 4.99 -11.1387
      vertex 18.5029 4.99 -11.1192
    endloop
  endfacet
  facet normal 0 1 -0
    outer loop
      vertex 18.5055 4.99 -11.1389
      vertex 18.5029 4.99 -11.1192
      vertex 18.5088 4.99 -11.1387
    endloop
  endfacet
  facet normal 0 1 0
    outer loop
      vertex 18.5022 4.99 -11.1396
      vertex 18.5029 4.99 -11.1192
      vertex 18.5055 4.99 -11.1389
    endloop
  endfacet
  facet normal 0 1 -0
    outer loop
      vertex 18.5022 4.99 -11.1396
      vertex 17.9897 4.99 -11.2213
      vertex 18.5029 4.99 -11.1192
    endloop
  endfacet
  facet normal 0 1 -0
    outer loop
      vertex 17.9949 4.99 -11.2405
      vertex 17.9897 4.99 -11.2213
      vertex 18.5022 4.99 -11.1396
    endloop
  endfacet
  facet normal 0 1 -0
    outer loop
      vertex 17.9917 4.99 -11.2416
      vertex 17.9897 4.99 -11.2213
      vertex 17.9949 4.99 -11.2405
    endloop
  endfacet
  facet normal 0 1 0
    outer loop
      vertex 17.9917 4.99 -11.2416
      vertex 17.4943 4.99 -11.3895
      vertex 17.9897 4.99 -11.2213
    endloop
  endfacet
  facet normal 0 1 -0
    outer loop
      vertex 17.5019 4.99 -11.4079
      vertex 17.4943 4.99 -11.3895
      vertex 17.9917 4.99 -11.2416
    endloop
  endfacet
  facet normal 0 1 -0
    outer loop
      vertex 17.4989 4.99 -11.4093
      vertex 17.4943 4.99 -11.3895
      vertex 17.5019 4.99 -11.4079
    endloop
  endfacet
  facet normal 0 1 0
    outer loop
      vertex 17.4989 4.99 -11.4093
      vertex 17.025 4.99 -11.6209
      vertex 17.4943 4.99 -11.3895
    endloop
  endfacet
  facet normal 0 1 -0
    outer loop
      vertex 17.0349 4.99 -11.6381
      vertex 17.025 4.99 -11.6209
      vertex 17.4989 4.99 -11.4093
    endloop
  endfacet
  facet normal 0 1 0
    outer loop
      vertex 16.6048 4.99 -11.9255
      vertex 17.025 4.99 -11.6209
      vertex 17.0349 4.99 -11.6381
    endloop
  endfacet
  facet normal 0 1 0
    outer loop
      vertex 17.025 4.99 -11.6209
      vertex 16.6048 4.99 -11.9255
      vertex 16.59 4.99 -11.9116
    endloop
  endfacet
  facet normal 0 1 -0
    outer loop
      vertex 16.6021 4.99 -11.9274
      vertex 16.59 4.99 -11.9116
      vertex 16.6048 4.99 -11.9255
    endloop
  endfacet
  facet normal 0 1 -0
    outer loop
      vertex 16.5995 4.99 -11.9296
      vertex 16.59 4.99 -11.9116
      vertex 16.6021 4.99 -11.9274
    endloop
  endfacet
  facet normal 0 1 0
    outer loop
      vertex 16.5995 4.99 -11.9296
      vertex 16.1966 4.99 -12.2566
      vertex 16.59 4.99 -11.9116
    endloop
  endfacet
  facet normal 0 1 -0
    outer loop
      vertex 16.2106 4.99 -12.2706
      vertex 16.1966 4.99 -12.2566
      vertex 16.5995 4.99 -11.9296
    endloop
  endfacet
  facet normal 0 1 0
    outer loop
      vertex 15.8696 4.99 -12.6595
      vertex 16.1966 4.99 -12.2566
      vertex 16.2106 4.99 -12.2706
    endloop
  endfacet
  facet normal 0 1 0
    outer loop
      vertex 16.1966 4.99 -12.2566
      vertex 15.8696 4.99 -12.6595
      vertex 15.8516 4.99 -12.65
    endloop
  endfacet
  facet normal 0 1 -0
    outer loop
      vertex 15.8674 4.99 -12.6621
      vertex 15.8516 4.99 -12.65
      vertex 15.8696 4.99 -12.6595
    endloop
  endfacet
  facet normal 0 1 -0
    outer loop
      vertex 15.8655 4.99 -12.6648
      vertex 15.8516 4.99 -12.65
      vertex 15.8674 4.99 -12.6621
    endloop
  endfacet
  facet normal 0 1 0
    outer loop
      vertex 15.8655 4.99 -12.6648
      vertex 15.5609 4.99 -13.085
      vertex 15.8516 4.99 -12.65
    endloop
  endfacet
  facet normal 0 1 -0
    outer loop
      vertex 15.5781 4.99 -13.0949
      vertex 15.5609 4.99 -13.085
      vertex 15.8655 4.99 -12.6648
    endloop
  endfacet
  facet normal 0 1 0
    outer loop
      vertex 15.3493 4.99 -13.5589
      vertex 15.5609 4.99 -13.085
      vertex 15.5781 4.99 -13.0949
    endloop
  endfacet
  facet normal 0 1 0
    outer loop
      vertex 15.5609 4.99 -13.085
      vertex 15.3493 4.99 -13.5589
      vertex 15.3295 4.99 -13.5543
    endloop
  endfacet
  facet normal 0 1 -0
    outer loop
      vertex 15.3479 4.99 -13.5619
      vertex 15.3295 4.99 -13.5543
      vertex 15.3493 4.99 -13.5589
    endloop
  endfacet
  facet normal 0 1 0
    outer loop
      vertex 15.1816 4.99 -14.0517
      vertex 15.3295 4.99 -13.5543
      vertex 15.3479 4.99 -13.5619
    endloop
  endfacet
  facet normal 0 1 0
    outer loop
      vertex 15.3295 4.99 -13.5543
      vertex 15.1816 4.99 -14.0517
      vertex 15.1613 4.99 -14.0497
    endloop
  endfacet
  facet normal 0 1 -0
    outer loop
      vertex 15.1805 4.99 -14.0549
      vertex 15.1613 4.99 -14.0497
      vertex 15.1816 4.99 -14.0517
    endloop
  endfacet
  facet normal 0 1 0
    outer loop
      vertex 15.0796 4.99 -14.5622
      vertex 15.1613 4.99 -14.0497
      vertex 15.1805 4.99 -14.0549
    endloop
  endfacet
  facet normal 0 1 -0
    outer loop
      vertex 15.0796 4.99 -14.5622
      vertex 15.0592 4.99 -14.5629
      vertex 15.1613 4.99 -14.0497
    endloop
  endfacet
  facet normal 0 1 -0
    outer loop
      vertex 15.0789 4.99 -14.5655
      vertex 15.0592 4.99 -14.5629
      vertex 15.0796 4.99 -14.5622
    endloop
  endfacet
  facet normal 0 1 -0
    outer loop
      vertex 15.0787 4.99 -14.5688
      vertex 15.0592 4.99 -14.5629
      vertex 15.0789 4.99 -14.5655
    endloop
  endfacet
  facet normal 0 1 0
    outer loop
      vertex 15.025 4.99 -15.085
      vertex 15.0787 4.99 -14.5688
      vertex 15.0449 4.99 -15.085
    endloop
  endfacet
  facet normal 0 1 0
    outer loop
      vertex 15.0787 4.99 -14.5688
      vertex 15.025 4.99 -15.085
      vertex 15.0592 4.99 -14.5629
    endloop
  endfacet
  facet normal 0 1 0
    outer loop
      vertex 15.0787 4.99 -15.6012
      vertex 15.025 4.99 -15.085
      vertex 15.0449 4.99 -15.085
    endloop
  endfacet
  facet normal 0 1 0
    outer loop
      vertex 15.0592 4.99 -15.6071
      vertex 15.0787 4.99 -15.6012
      vertex 15.0789 4.99 -15.6045
    endloop
  endfacet
  facet normal 0 1 0
    outer loop
      vertex 15.0787 4.99 -15.6012
      vertex 15.0592 4.99 -15.6071
      vertex 15.025 4.99 -15.085
    endloop
  endfacet
  facet normal 0 1 0
    outer loop
      vertex 15.0796 4.99 -15.6078
      vertex 15.0592 4.99 -15.6071
      vertex 15.0789 4.99 -15.6045
    endloop
  endfacet
  facet normal 0 1 -0
    outer loop
      vertex 15.1613 4.99 -16.1203
      vertex 15.0796 4.99 -15.6078
      vertex 15.1805 4.99 -16.1151
    endloop
  endfacet
  facet normal 0 1 0
    outer loop
      vertex 15.0796 4.99 -15.6078
      vertex 15.1613 4.99 -16.1203
      vertex 15.0592 4.99 -15.6071
    endloop
  endfacet
  facet normal 0 1 0
    outer loop
      vertex 15.1816 4.99 -16.1183
      vertex 15.1613 4.99 -16.1203
      vertex 15.1805 4.99 -16.1151
    endloop
  endfacet
  facet normal 0 1 -0
    outer loop
      vertex 15.3295 4.99 -16.6157
      vertex 15.1816 4.99 -16.1183
      vertex 15.3479 4.99 -16.6081
    endloop
  endfacet
  facet normal 0 1 0
    outer loop
      vertex 15.1816 4.99 -16.1183
      vertex 15.3295 4.99 -16.6157
      vertex 15.1613 4.99 -16.1203
    endloop
  endfacet
  facet normal 0 1 0
    outer loop
      vertex 15.3493 4.99 -16.6111
      vertex 15.3295 4.99 -16.6157
      vertex 15.3479 4.99 -16.6081
    endloop
  endfacet
  facet normal 0 1 -0
    outer loop
      vertex 15.5609 4.99 -17.085
      vertex 15.3493 4.99 -16.6111
      vertex 15.5781 4.99 -17.0751
    endloop
  endfacet
  facet normal 0 1 0
    outer loop
      vertex 15.3493 4.99 -16.6111
      vertex 15.5609 4.99 -17.085
      vertex 15.3295 4.99 -16.6157
    endloop
  endfacet
  facet normal 0 1 0
    outer loop
      vertex 15.8655 4.99 -17.5052
      vertex 15.5609 4.99 -17.085
      vertex 15.5781 4.99 -17.0751
    endloop
  endfacet
  facet normal 0 1 0
    outer loop
      vertex 15.8516 4.99 -17.52
      vertex 15.8655 4.99 -17.5052
      vertex 15.8674 4.99 -17.5079
    endloop
  endfacet
  facet normal 0 1 0
    outer loop
      vertex 15.8655 4.99 -17.5052
      vertex 15.8516 4.99 -17.52
      vertex 15.5609 4.99 -17.085
    endloop
  endfacet
  facet normal 0 1 0
    outer loop
      vertex 15.8696 4.99 -17.5105
      vertex 15.8516 4.99 -17.52
      vertex 15.8674 4.99 -17.5079
    endloop
  endfacet
  facet normal 0 1 -0
    outer loop
      vertex 16.1966 4.99 -17.9134
      vertex 15.8696 4.99 -17.5105
      vertex 16.2106 4.99 -17.8994
    endloop
  endfacet
  facet normal 0 1 0
    outer loop
      vertex 15.8696 4.99 -17.5105
      vertex 16.1966 4.99 -17.9134
      vertex 15.8516 4.99 -17.52
    endloop
  endfacet
  facet normal 0 1 0
    outer loop
      vertex 16.5995 4.99 -18.2404
      vertex 16.1966 4.99 -17.9134
      vertex 16.2106 4.99 -17.8994
    endloop
  endfacet
  facet normal 0 1 0
    outer loop
      vertex 16.59 4.99 -18.2584
      vertex 16.5995 4.99 -18.2404
      vertex 16.6021 4.99 -18.2426
    endloop
  endfacet
  facet normal 0 1 0
    outer loop
      vertex 16.5995 4.99 -18.2404
      vertex 16.59 4.99 -18.2584
      vertex 16.1966 4.99 -17.9134
    endloop
  endfacet
  facet normal 0 1 0
    outer loop
      vertex 16.6048 4.99 -18.2445
      vertex 16.59 4.99 -18.2584
      vertex 16.6021 4.99 -18.2426
    endloop
  endfacet
  facet normal 0 1 -0
    outer loop
      vertex 17.025 4.99 -18.5491
      vertex 16.6048 4.99 -18.2445
      vertex 17.0349 4.99 -18.5319
    endloop
  endfacet
  facet normal 0 1 0
    outer loop
      vertex 16.6048 4.99 -18.2445
      vertex 17.025 4.99 -18.5491
      vertex 16.59 4.99 -18.2584
    endloop
  endfacet
  facet normal 0 1 0
    outer loop
      vertex 17.4989 4.99 -18.7607
      vertex 17.025 4.99 -18.5491
      vertex 17.0349 4.99 -18.5319
    endloop
  endfacet
  facet normal 0 1 0
    outer loop
      vertex 17.4943 4.99 -18.7805
      vertex 17.4989 4.99 -18.7607
      vertex 17.5019 4.99 -18.7621
    endloop
  endfacet
  facet normal 0 1 0
    outer loop
      vertex 17.4989 4.99 -18.7607
      vertex 17.4943 4.99 -18.7805
      vertex 17.025 4.99 -18.5491
    endloop
  endfacet
  facet normal 0 1 0
    outer loop
      vertex 17.9917 4.99 -18.9284
      vertex 17.4943 4.99 -18.7805
      vertex 17.5019 4.99 -18.7621
    endloop
  endfacet
  facet normal 0 1 0
    outer loop
      vertex 17.9897 4.99 -18.9487
      vertex 17.9917 4.99 -18.9284
      vertex 17.9949 4.99 -18.9295
    endloop
  endfacet
  facet normal 0 1 0
    outer loop
      vertex 17.9917 4.99 -18.9284
      vertex 17.9897 4.99 -18.9487
      vertex 17.4943 4.99 -18.7805
    endloop
  endfacet
  facet normal 0 1 0
    outer loop
      vertex 18.5022 4.99 -19.0304
      vertex 17.9897 4.99 -18.9487
      vertex 17.9949 4.99 -18.9295
    endloop
  endfacet
  facet normal 0 1 -0
    outer loop
      vertex 18.5029 4.99 -19.0508
      vertex 18.5022 4.99 -19.0304
      vertex 18.5055 4.99 -19.0311
    endloop
  endfacet
  facet normal 0 1 0
    outer loop
      vertex 18.5022 4.99 -19.0304
      vertex 18.5029 4.99 -19.0508
      vertex 17.9897 4.99 -18.9487
    endloop
  endfacet
  facet normal 0 1 0
    outer loop
      vertex 18.5088 4.99 -19.0313
      vertex 18.5029 4.99 -19.0508
      vertex 18.5055 4.99 -19.0311
    endloop
  endfacet
  facet normal 0 1 -0
    outer loop
      vertex 19.025 4.99 -19.085
      vertex 18.5088 4.99 -19.0313
      vertex 19.025 4.99 -19.0651
    endloop
  endfacet
  facet normal 0 1 0
    outer loop
      vertex 18.5088 4.99 -19.0313
      vertex 19.025 4.99 -19.085
      vertex 18.5029 4.99 -19.0508
    endloop
  endfacet
  facet normal -0.896898 0 0.442238
    outer loop
      vertex 22.4891 4.99 -17.085
      vertex 22.7205 5 -16.6157
      vertex 22.4891 5 -17.085
    endloop
  endfacet
  facet normal -0.896898 0 0.442238
    outer loop
      vertex 22.7205 5 -16.6157
      vertex 22.4891 4.99 -17.085
      vertex 22.7205 4.99 -16.6157
    endloop
  endfacet
  facet normal -0.831432 0 0.555626
    outer loop
      vertex 22.1984 4.99 -17.52
      vertex 22.4891 5 -17.085
      vertex 22.1984 5 -17.52
    endloop
  endfacet
  facet normal -0.831432 0 0.555626
    outer loop
      vertex 22.4891 5 -17.085
      vertex 22.1984 4.99 -17.52
      vertex 22.4891 4.99 -17.085
    endloop
  endfacet
  facet normal -0.442238 0 0.896898
    outer loop
      vertex 20.5557 5 -18.7805
      vertex 21.025 4.99 -18.5491
      vertex 21.025 5 -18.5491
    endloop
  endfacet
  facet normal -0.442238 0 0.896898
    outer loop
      vertex 21.025 4.99 -18.5491
      vertex 20.5557 5 -18.7805
      vertex 20.5557 4.99 -18.7805
    endloop
  endfacet
  facet normal -0.555626 0 0.831432
    outer loop
      vertex 21.025 5 -18.5491
      vertex 21.46 4.99 -18.2584
      vertex 21.46 5 -18.2584
    endloop
  endfacet
  facet normal -0.555626 0 0.831432
    outer loop
      vertex 21.46 4.99 -18.2584
      vertex 21.025 5 -18.5491
      vertex 21.025 4.99 -18.5491
    endloop
  endfacet
  facet normal 0.896898 -0 0.442238
    outer loop
      vertex 15.3295 4.99 -16.6157
      vertex 15.5609 5 -17.085
      vertex 15.3295 5 -16.6157
    endloop
  endfacet
  facet normal 0.896898 0 0.442238
    outer loop
      vertex 15.5609 5 -17.085
      vertex 15.3295 4.99 -16.6157
      vertex 15.5609 4.99 -17.085
    endloop
  endfacet
  facet normal 0.751842 -0 0.659343
    outer loop
      vertex 15.8516 4.99 -17.52
      vertex 16.1966 5 -17.9134
      vertex 15.8516 5 -17.52
    endloop
  endfacet
  facet normal 0.751842 0 0.659343
    outer loop
      vertex 16.1966 5 -17.9134
      vertex 15.8516 4.99 -17.52
      vertex 16.1966 4.99 -17.9134
    endloop
  endfacet
  facet normal 0.0653646 0 0.997861
    outer loop
      vertex 18.5029 5 -19.0508
      vertex 19.025 4.99 -19.085
      vertex 19.025 5 -19.085
    endloop
  endfacet
  facet normal 0.0653646 0 0.997861
    outer loop
      vertex 19.025 4.99 -19.085
      vertex 18.5029 5 -19.0508
      vertex 18.5029 4.99 -19.0508
    endloop
  endfacet
  facet normal -0.94691 0 -0.321498
    outer loop
      vertex 22.8887 4.99 -14.0497
      vertex 22.7205 5 -13.5543
      vertex 22.8887 5 -14.0497
    endloop
  endfacet
  facet normal -0.94691 -0 -0.321498
    outer loop
      vertex 22.7205 5 -13.5543
      vertex 22.8887 4.99 -14.0497
      vertex 22.7205 4.99 -13.5543
    endloop
  endfacet
  facet normal -0.442238 0 -0.896898
    outer loop
      vertex 20.5557 4.99 -11.3895
      vertex 21.025 5 -11.6209
      vertex 21.025 4.99 -11.6209
    endloop
  endfacet
  facet normal -0.442238 0 -0.896898
    outer loop
      vertex 21.025 5 -11.6209
      vertex 20.5557 4.99 -11.3895
      vertex 20.5557 5 -11.3895
    endloop
  endfacet
  facet normal -0.555626 0 -0.831432
    outer loop
      vertex 21.025 4.99 -11.6209
      vertex 21.46 5 -11.9116
      vertex 21.46 4.99 -11.9116
    endloop
  endfacet
  facet normal -0.555626 0 -0.831432
    outer loop
      vertex 21.46 5 -11.9116
      vertex 21.025 4.99 -11.6209
      vertex 21.025 5 -11.6209
    endloop
  endfacet
  facet normal 0.659343 0 -0.751842
    outer loop
      vertex 16.1966 4.99 -12.2566
      vertex 16.59 5 -11.9116
      vertex 16.59 4.99 -11.9116
    endloop
  endfacet
  facet normal 0.659343 0 -0.751842
    outer loop
      vertex 16.59 5 -11.9116
      vertex 16.1966 4.99 -12.2566
      vertex 16.1966 5 -12.2566
    endloop
  endfacet
  facet normal 0.997861 0 -0.0653646
    outer loop
      vertex 15.0592 4.99 -14.5629
      vertex 15.025 5 -15.085
      vertex 15.0592 5 -14.5629
    endloop
  endfacet
  facet normal 0.997861 0 -0.0653646
    outer loop
      vertex 15.025 5 -15.085
      vertex 15.0592 4.99 -14.5629
      vertex 15.025 4.99 -15.085
    endloop
  endfacet
  facet normal -0.94691 0 0.321498
    outer loop
      vertex 22.7205 4.99 -16.6157
      vertex 22.8887 5 -16.1203
      vertex 22.7205 5 -16.6157
    endloop
  endfacet
  facet normal -0.94691 0 0.321498
    outer loop
      vertex 22.8887 5 -16.1203
      vertex 22.7205 4.99 -16.6157
      vertex 22.8887 4.99 -16.1203
    endloop
  endfacet
  facet normal -0.980779 0 0.195124
    outer loop
      vertex 22.8887 4.99 -16.1203
      vertex 22.9908 5 -15.6071
      vertex 22.8887 5 -16.1203
    endloop
  endfacet
  facet normal -0.980779 0 0.195124
    outer loop
      vertex 22.9908 5 -15.6071
      vertex 22.8887 4.99 -16.1203
      vertex 22.9908 4.99 -15.6071
    endloop
  endfacet
  facet normal -0.751842 0 0.659343
    outer loop
      vertex 21.8534 4.99 -17.9134
      vertex 22.1984 5 -17.52
      vertex 21.8534 5 -17.9134
    endloop
  endfacet
  facet normal -0.751842 0 0.659343
    outer loop
      vertex 22.1984 5 -17.52
      vertex 21.8534 4.99 -17.9134
      vertex 22.1984 4.99 -17.52
    endloop
  endfacet
  facet normal -0.321498 0 0.94691
    outer loop
      vertex 20.0603 5 -18.9487
      vertex 20.5557 4.99 -18.7805
      vertex 20.5557 5 -18.7805
    endloop
  endfacet
  facet normal -0.321498 0 0.94691
    outer loop
      vertex 20.5557 4.99 -18.7805
      vertex 20.0603 5 -18.9487
      vertex 20.0603 4.99 -18.9487
    endloop
  endfacet
  facet normal -0.195124 0 0.980779
    outer loop
      vertex 19.5471 5 -19.0508
      vertex 20.0603 4.99 -18.9487
      vertex 20.0603 5 -18.9487
    endloop
  endfacet
  facet normal -0.195124 0 0.980779
    outer loop
      vertex 20.0603 4.99 -18.9487
      vertex 19.5471 5 -19.0508
      vertex 19.5471 4.99 -19.0508
    endloop
  endfacet
  facet normal 0.831432 -0 0.555626
    outer loop
      vertex 15.5609 4.99 -17.085
      vertex 15.8516 5 -17.52
      vertex 15.5609 5 -17.085
    endloop
  endfacet
  facet normal 0.831432 0 0.555626
    outer loop
      vertex 15.8516 5 -17.52
      vertex 15.5609 4.99 -17.085
      vertex 15.8516 4.99 -17.52
    endloop
  endfacet
  facet normal 0.94691 -0 0.321498
    outer loop
      vertex 15.1613 4.99 -16.1203
      vertex 15.3295 5 -16.6157
      vertex 15.1613 5 -16.1203
    endloop
  endfacet
  facet normal 0.94691 0 0.321498
    outer loop
      vertex 15.3295 5 -16.6157
      vertex 15.1613 4.99 -16.1203
      vertex 15.3295 4.99 -16.6157
    endloop
  endfacet
  facet normal 0.980779 -0 0.195124
    outer loop
      vertex 15.0592 4.99 -15.6071
      vertex 15.1613 5 -16.1203
      vertex 15.0592 5 -15.6071
    endloop
  endfacet
  facet normal 0.980779 0 0.195124
    outer loop
      vertex 15.1613 5 -16.1203
      vertex 15.0592 4.99 -15.6071
      vertex 15.1613 4.99 -16.1203
    endloop
  endfacet
  facet normal 0.442238 0 0.896898
    outer loop
      vertex 17.025 5 -18.5491
      vertex 17.4943 4.99 -18.7805
      vertex 17.4943 5 -18.7805
    endloop
  endfacet
  facet normal 0.442238 0 0.896898
    outer loop
      vertex 17.4943 4.99 -18.7805
      vertex 17.025 5 -18.5491
      vertex 17.025 4.99 -18.5491
    endloop
  endfacet
  facet normal 0.555626 0 0.831432
    outer loop
      vertex 16.59 5 -18.2584
      vertex 17.025 4.99 -18.5491
      vertex 17.025 5 -18.5491
    endloop
  endfacet
  facet normal 0.555626 0 0.831432
    outer loop
      vertex 17.025 4.99 -18.5491
      vertex 16.59 5 -18.2584
      vertex 16.59 4.99 -18.2584
    endloop
  endfacet
  facet normal 0.195124 0 0.980779
    outer loop
      vertex 17.9897 5 -18.9487
      vertex 18.5029 4.99 -19.0508
      vertex 18.5029 5 -19.0508
    endloop
  endfacet
  facet normal 0.195124 0 0.980779
    outer loop
      vertex 18.5029 4.99 -19.0508
      vertex 17.9897 5 -18.9487
      vertex 17.9897 4.99 -18.9487
    endloop
  endfacet
  facet normal -0.997861 0 -0.0653646
    outer loop
      vertex 23.025 4.99 -15.085
      vertex 22.9908 5 -14.5629
      vertex 23.025 5 -15.085
    endloop
  endfacet
  facet normal -0.997861 -0 -0.0653646
    outer loop
      vertex 22.9908 5 -14.5629
      vertex 23.025 4.99 -15.085
      vertex 22.9908 4.99 -14.5629
    endloop
  endfacet
  facet normal -0.0653646 0 -0.997861
    outer loop
      vertex 19.025 4.99 -11.085
      vertex 19.5471 5 -11.1192
      vertex 19.5471 4.99 -11.1192
    endloop
  endfacet
  facet normal -0.0653646 0 -0.997861
    outer loop
      vertex 19.5471 5 -11.1192
      vertex 19.025 4.99 -11.085
      vertex 19.025 5 -11.085
    endloop
  endfacet
  facet normal -0.321498 0 -0.94691
    outer loop
      vertex 20.0603 4.99 -11.2213
      vertex 20.5557 5 -11.3895
      vertex 20.5557 4.99 -11.3895
    endloop
  endfacet
  facet normal -0.321498 0 -0.94691
    outer loop
      vertex 20.5557 5 -11.3895
      vertex 20.0603 4.99 -11.2213
      vertex 20.0603 5 -11.2213
    endloop
  endfacet
  facet normal -0.659343 0 -0.751842
    outer loop
      vertex 21.46 4.99 -11.9116
      vertex 21.8534 5 -12.2566
      vertex 21.8534 4.99 -12.2566
    endloop
  endfacet
  facet normal -0.659343 0 -0.751842
    outer loop
      vertex 21.8534 5 -12.2566
      vertex 21.46 4.99 -11.9116
      vertex 21.46 5 -11.9116
    endloop
  endfacet
  facet normal -0.831432 0 -0.555626
    outer loop
      vertex 22.4891 4.99 -13.085
      vertex 22.1984 5 -12.65
      vertex 22.4891 5 -13.085
    endloop
  endfacet
  facet normal -0.831432 -0 -0.555626
    outer loop
      vertex 22.1984 5 -12.65
      vertex 22.4891 4.99 -13.085
      vertex 22.1984 4.99 -12.65
    endloop
  endfacet
  facet normal 0.555626 0 -0.831432
    outer loop
      vertex 16.59 4.99 -11.9116
      vertex 17.025 5 -11.6209
      vertex 17.025 4.99 -11.6209
    endloop
  endfacet
  facet normal 0.555626 0 -0.831432
    outer loop
      vertex 17.025 5 -11.6209
      vertex 16.59 4.99 -11.9116
      vertex 16.59 5 -11.9116
    endloop
  endfacet
  facet normal 0.321498 0 -0.94691
    outer loop
      vertex 17.4943 4.99 -11.3895
      vertex 17.9897 5 -11.2213
      vertex 17.9897 4.99 -11.2213
    endloop
  endfacet
  facet normal 0.321498 0 -0.94691
    outer loop
      vertex 17.9897 5 -11.2213
      vertex 17.4943 4.99 -11.3895
      vertex 17.4943 5 -11.3895
    endloop
  endfacet
  facet normal 0.0653646 0 -0.997861
    outer loop
      vertex 18.5029 4.99 -11.1192
      vertex 19.025 5 -11.085
      vertex 19.025 4.99 -11.085
    endloop
  endfacet
  facet normal 0.0653646 0 -0.997861
    outer loop
      vertex 19.025 5 -11.085
      vertex 18.5029 4.99 -11.1192
      vertex 18.5029 5 -11.1192
    endloop
  endfacet
  facet normal 0.896898 0 -0.442238
    outer loop
      vertex 15.5609 4.99 -13.085
      vertex 15.3295 5 -13.5543
      vertex 15.5609 5 -13.085
    endloop
  endfacet
  facet normal 0.896898 0 -0.442238
    outer loop
      vertex 15.3295 5 -13.5543
      vertex 15.5609 4.99 -13.085
      vertex 15.3295 4.99 -13.5543
    endloop
  endfacet
  facet normal 0.980779 0 -0.195124
    outer loop
      vertex 15.1613 4.99 -14.0497
      vertex 15.0592 5 -14.5629
      vertex 15.1613 5 -14.0497
    endloop
  endfacet
  facet normal 0.980779 0 -0.195124
    outer loop
      vertex 15.0592 5 -14.5629
      vertex 15.1613 4.99 -14.0497
      vertex 15.0592 4.99 -14.5629
    endloop
  endfacet
  facet normal -0.195124 0 -0.980779
    outer loop
      vertex 19.5471 4.99 -11.1192
      vertex 20.0603 5 -11.2213
      vertex 20.0603 4.99 -11.2213
    endloop
  endfacet
  facet normal -0.195124 0 -0.980779
    outer loop
      vertex 20.0603 5 -11.2213
      vertex 19.5471 4.99 -11.1192
      vertex 19.5471 5 -11.1192
    endloop
  endfacet
  facet normal -0.751842 0 -0.659343
    outer loop
      vertex 22.1984 4.99 -12.65
      vertex 21.8534 5 -12.2566
      vertex 22.1984 5 -12.65
    endloop
  endfacet
  facet normal -0.751842 -0 -0.659343
    outer loop
      vertex 21.8534 5 -12.2566
      vertex 22.1984 4.99 -12.65
      vertex 21.8534 4.99 -12.2566
    endloop
  endfacet
  facet normal -0.980779 0 -0.195124
    outer loop
      vertex 22.9908 4.99 -14.5629
      vertex 22.8887 5 -14.0497
      vertex 22.9908 5 -14.5629
    endloop
  endfacet
  facet normal -0.980779 -0 -0.195124
    outer loop
      vertex 22.8887 5 -14.0497
      vertex 22.9908 4.99 -14.5629
      vertex 22.8887 4.99 -14.0497
    endloop
  endfacet
  facet normal -0.896898 0 -0.442238
    outer loop
      vertex 22.7205 4.99 -13.5543
      vertex 22.4891 5 -13.085
      vertex 22.7205 5 -13.5543
    endloop
  endfacet
  facet normal -0.896898 -0 -0.442238
    outer loop
      vertex 22.4891 5 -13.085
      vertex 22.7205 4.99 -13.5543
      vertex 22.4891 4.99 -13.085
    endloop
  endfacet
  facet normal 0.442238 0 -0.896898
    outer loop
      vertex 17.025 4.99 -11.6209
      vertex 17.4943 5 -11.3895
      vertex 17.4943 4.99 -11.3895
    endloop
  endfacet
  facet normal 0.442238 0 -0.896898
    outer loop
      vertex 17.4943 5 -11.3895
      vertex 17.025 4.99 -11.6209
      vertex 17.025 5 -11.6209
    endloop
  endfacet
  facet normal 0.195124 0 -0.980779
    outer loop
      vertex 17.9897 4.99 -11.2213
      vertex 18.5029 5 -11.1192
      vertex 18.5029 4.99 -11.1192
    endloop
  endfacet
  facet normal 0.195124 0 -0.980779
    outer loop
      vertex 18.5029 5 -11.1192
      vertex 17.9897 4.99 -11.2213
      vertex 17.9897 5 -11.2213
    endloop
  endfacet
  facet normal 0.831432 0 -0.555626
    outer loop
      vertex 15.8516 4.99 -12.65
      vertex 15.5609 5 -13.085
      vertex 15.8516 5 -12.65
    endloop
  endfacet
  facet normal 0.831432 0 -0.555626
    outer loop
      vertex 15.5609 5 -13.085
      vertex 15.8516 4.99 -12.65
      vertex 15.5609 4.99 -13.085
    endloop
  endfacet
  facet normal -0.99787 0 0.0652336
    outer loop
      vertex 21.2558 0 14.7913
      vertex 21.275 3.25 15.085
      vertex 21.2558 3.25 14.7913
    endloop
  endfacet
  facet normal -0.99787 0 0.0652336
    outer loop
      vertex 21.275 3.25 15.085
      vertex 21.2558 0 14.7913
      vertex 21.275 0 15.085
    endloop
  endfacet
  facet normal 0.997848 -0 0.0655719
    outer loop
      vertex 16.775 0 15.085
      vertex 16.7943 3.25 14.7913
      vertex 16.775 3.25 15.085
    endloop
  endfacet
  facet normal 0.997848 0 0.0655719
    outer loop
      vertex 16.7943 3.25 14.7913
      vertex 16.775 0 15.085
      vertex 16.7943 0 14.7913
    endloop
  endfacet
  facet normal -0.0652336 0 0.99787
    outer loop
      vertex 19.025 3.25 12.835
      vertex 19.3187 0 12.8542
      vertex 19.3187 3.25 12.8542
    endloop
  endfacet
  facet normal -0.0652336 0 0.99787
    outer loop
      vertex 19.3187 0 12.8542
      vertex 19.025 3.25 12.835
      vertex 19.025 0 12.835
    endloop
  endfacet
  facet normal -0.751966 0 0.659202
    outer loop
      vertex 20.616 0 13.494
      vertex 20.81 3.25 13.7153
      vertex 20.616 3.25 13.494
    endloop
  endfacet
  facet normal -0.751966 0 0.659202
    outer loop
      vertex 20.81 3.25 13.7153
      vertex 20.616 0 13.494
      vertex 20.81 0 13.7153
    endloop
  endfacet
  facet normal 0.659202 0 0.751966
    outer loop
      vertex 17.434 3.25 13.494
      vertex 17.6553 0 13.3
      vertex 17.6553 3.25 13.3
    endloop
  endfacet
  facet normal 0.659202 0 0.751966
    outer loop
      vertex 17.6553 0 13.3
      vertex 17.434 3.25 13.494
      vertex 17.434 0 13.494
    endloop
  endfacet
  facet normal 0.321421 0 0.946936
    outer loop
      vertex 18.164 3.25 13.0063
      vertex 18.4427 0 12.9117
      vertex 18.4427 3.25 12.9117
    endloop
  endfacet
  facet normal 0.321421 0 0.946936
    outer loop
      vertex 18.4427 0 12.9117
      vertex 18.164 3.25 13.0063
      vertex 18.164 0 13.0063
    endloop
  endfacet
  facet normal -0.896995 0 0.442042
    outer loop
      vertex 20.9736 0 13.96
      vertex 21.1037 3.25 14.224
      vertex 20.9736 3.25 13.96
    endloop
  endfacet
  facet normal -0.896995 0 0.442042
    outer loop
      vertex 21.1037 3.25 14.224
      vertex 20.9736 0 13.96
      vertex 21.1037 0 14.224
    endloop
  endfacet
  facet normal -0.831318 0 0.555797
    outer loop
      vertex 20.81 0 13.7153
      vertex 20.9736 3.25 13.96
      vertex 20.81 3.25 13.7153
    endloop
  endfacet
  facet normal -0.831318 0 0.555797
    outer loop
      vertex 20.9736 3.25 13.96
      vertex 20.81 0 13.7153
      vertex 20.9736 0 13.96
    endloop
  endfacet
  facet normal -0.442042 0 0.896995
    outer loop
      vertex 19.886 3.25 13.0063
      vertex 20.15 0 13.1364
      vertex 20.15 3.25 13.1364
    endloop
  endfacet
  facet normal -0.442042 0 0.896995
    outer loop
      vertex 20.15 0 13.1364
      vertex 19.886 3.25 13.0063
      vertex 19.886 0 13.0063
    endloop
  endfacet
  facet normal -0.321421 0 0.946936
    outer loop
      vertex 19.6073 3.25 12.9117
      vertex 19.886 0 13.0063
      vertex 19.886 3.25 13.0063
    endloop
  endfacet
  facet normal -0.321421 0 0.946936
    outer loop
      vertex 19.886 0 13.0063
      vertex 19.6073 3.25 12.9117
      vertex 19.6073 0 12.9117
    endloop
  endfacet
  facet normal -0.555797 0 0.831318
    outer loop
      vertex 20.15 3.25 13.1364
      vertex 20.3947 0 13.3
      vertex 20.3947 3.25 13.3
    endloop
  endfacet
  facet normal -0.555797 0 0.831318
    outer loop
      vertex 20.3947 0 13.3
      vertex 20.15 3.25 13.1364
      vertex 20.15 0 13.1364
    endloop
  endfacet
  facet normal 0.896995 -0 0.442042
    outer loop
      vertex 16.9463 0 14.224
      vertex 17.0764 3.25 13.96
      vertex 16.9463 3.25 14.224
    endloop
  endfacet
  facet normal 0.896995 0 0.442042
    outer loop
      vertex 17.0764 3.25 13.96
      vertex 16.9463 0 14.224
      vertex 17.0764 0 13.96
    endloop
  endfacet
  facet normal 0.946936 -0 0.321421
    outer loop
      vertex 16.8517 0 14.5027
      vertex 16.9463 3.25 14.224
      vertex 16.8517 3.25 14.5027
    endloop
  endfacet
  facet normal 0.946936 0 0.321421
    outer loop
      vertex 16.9463 3.25 14.224
      vertex 16.8517 0 14.5027
      vertex 16.9463 0 14.224
    endloop
  endfacet
  facet normal 0.442042 0 0.896995
    outer loop
      vertex 17.9 3.25 13.1364
      vertex 18.164 0 13.0063
      vertex 18.164 3.25 13.0063
    endloop
  endfacet
  facet normal 0.442042 0 0.896995
    outer loop
      vertex 18.164 0 13.0063
      vertex 17.9 3.25 13.1364
      vertex 17.9 0 13.1364
    endloop
  endfacet
  facet normal 0.195397 0 0.980724
    outer loop
      vertex 18.4427 3.25 12.9117
      vertex 18.7313 0 12.8542
      vertex 18.7313 3.25 12.8542
    endloop
  endfacet
  facet normal 0.195397 0 0.980724
    outer loop
      vertex 18.7313 0 12.8542
      vertex 18.4427 3.25 12.9117
      vertex 18.4427 0 12.9117
    endloop
  endfacet
  facet normal -0.442042 0 -0.896995
    outer loop
      vertex 19.886 0 17.1637
      vertex 20.15 3.25 17.0336
      vertex 20.15 0 17.0336
    endloop
  endfacet
  facet normal -0.442042 0 -0.896995
    outer loop
      vertex 20.15 3.25 17.0336
      vertex 19.886 0 17.1637
      vertex 19.886 3.25 17.1637
    endloop
  endfacet
  facet normal 0.321421 0 -0.946936
    outer loop
      vertex 18.164 0 17.1637
      vertex 18.4427 3.25 17.2583
      vertex 18.4427 0 17.2583
    endloop
  endfacet
  facet normal 0.321421 0 -0.946936
    outer loop
      vertex 18.4427 3.25 17.2583
      vertex 18.164 0 17.1637
      vertex 18.164 3.25 17.1637
    endloop
  endfacet
  facet normal 0.896995 0 -0.442042
    outer loop
      vertex 17.0764 0 16.21
      vertex 16.9463 3.25 15.946
      vertex 17.0764 3.25 16.21
    endloop
  endfacet
  facet normal 0.896995 0 -0.442042
    outer loop
      vertex 16.9463 3.25 15.946
      vertex 17.0764 0 16.21
      vertex 16.9463 0 15.946
    endloop
  endfacet
  facet normal -0.946936 0 0.321421
    outer loop
      vertex 21.1037 0 14.224
      vertex 21.1983 3.25 14.5027
      vertex 21.1037 3.25 14.224
    endloop
  endfacet
  facet normal -0.946936 0 0.321421
    outer loop
      vertex 21.1983 3.25 14.5027
      vertex 21.1037 0 14.224
      vertex 21.1983 0 14.5027
    endloop
  endfacet
  facet normal -0.980724 0 0.195397
    outer loop
      vertex 21.1983 0 14.5027
      vertex 21.2558 3.25 14.7913
      vertex 21.1983 3.25 14.5027
    endloop
  endfacet
  facet normal -0.980724 0 0.195397
    outer loop
      vertex 21.2558 3.25 14.7913
      vertex 21.1983 0 14.5027
      vertex 21.2558 0 14.7913
    endloop
  endfacet
  facet normal -0.195397 0 0.980724
    outer loop
      vertex 19.3187 3.25 12.8542
      vertex 19.6073 0 12.9117
      vertex 19.6073 3.25 12.9117
    endloop
  endfacet
  facet normal -0.195397 0 0.980724
    outer loop
      vertex 19.6073 0 12.9117
      vertex 19.3187 3.25 12.8542
      vertex 19.3187 0 12.8542
    endloop
  endfacet
  facet normal -0.659202 0 0.751966
    outer loop
      vertex 20.3947 3.25 13.3
      vertex 20.616 0 13.494
      vertex 20.616 3.25 13.494
    endloop
  endfacet
  facet normal -0.659202 0 0.751966
    outer loop
      vertex 20.616 0 13.494
      vertex 20.3947 3.25 13.3
      vertex 20.3947 0 13.3
    endloop
  endfacet
  facet normal 0.831318 -0 0.555797
    outer loop
      vertex 17.0764 0 13.96
      vertex 17.24 3.25 13.7153
      vertex 17.0764 3.25 13.96
    endloop
  endfacet
  facet normal 0.831318 0 0.555797
    outer loop
      vertex 17.24 3.25 13.7153
      vertex 17.0764 0 13.96
      vertex 17.24 0 13.7153
    endloop
  endfacet
  facet normal 0.751966 -0 0.659202
    outer loop
      vertex 17.24 0 13.7153
      vertex 17.434 3.25 13.494
      vertex 17.24 3.25 13.7153
    endloop
  endfacet
  facet normal 0.751966 0 0.659202
    outer loop
      vertex 17.434 3.25 13.494
      vertex 17.24 0 13.7153
      vertex 17.434 0 13.494
    endloop
  endfacet
  facet normal 0.980789 -0 0.19507
    outer loop
      vertex 16.7943 0 14.7913
      vertex 16.8517 3.25 14.5027
      vertex 16.7943 3.25 14.7913
    endloop
  endfacet
  facet normal 0.980789 0 0.19507
    outer loop
      vertex 16.8517 3.25 14.5027
      vertex 16.7943 0 14.7913
      vertex 16.8517 0 14.5027
    endloop
  endfacet
  facet normal 0.555797 0 0.831318
    outer loop
      vertex 17.6553 3.25 13.3
      vertex 17.9 0 13.1364
      vertex 17.9 3.25 13.1364
    endloop
  endfacet
  facet normal 0.555797 0 0.831318
    outer loop
      vertex 17.9 0 13.1364
      vertex 17.6553 3.25 13.3
      vertex 17.6553 0 13.3
    endloop
  endfacet
  facet normal 0.0652336 0 0.99787
    outer loop
      vertex 18.7313 3.25 12.8542
      vertex 19.025 0 12.835
      vertex 19.025 3.25 12.835
    endloop
  endfacet
  facet normal 0.0652336 0 0.99787
    outer loop
      vertex 19.025 0 12.835
      vertex 18.7313 3.25 12.8542
      vertex 18.7313 0 12.8542
    endloop
  endfacet
  facet normal -0.0652336 0 -0.99787
    outer loop
      vertex 19.025 0 17.335
      vertex 19.3187 3.25 17.3158
      vertex 19.3187 0 17.3158
    endloop
  endfacet
  facet normal -0.0652336 0 -0.99787
    outer loop
      vertex 19.3187 3.25 17.3158
      vertex 19.025 0 17.335
      vertex 19.025 3.25 17.335
    endloop
  endfacet
  facet normal -0.321421 0 -0.946936
    outer loop
      vertex 19.6073 0 17.2583
      vertex 19.886 3.25 17.1637
      vertex 19.886 0 17.1637
    endloop
  endfacet
  facet normal -0.321421 0 -0.946936
    outer loop
      vertex 19.886 3.25 17.1637
      vertex 19.6073 0 17.2583
      vertex 19.6073 3.25 17.2583
    endloop
  endfacet
  facet normal -0.555797 0 -0.831318
    outer loop
      vertex 20.15 0 17.0336
      vertex 20.3947 3.25 16.87
      vertex 20.3947 0 16.87
    endloop
  endfacet
  facet normal -0.555797 0 -0.831318
    outer loop
      vertex 20.3947 3.25 16.87
      vertex 20.15 0 17.0336
      vertex 20.15 3.25 17.0336
    endloop
  endfacet
  facet normal -0.751966 0 -0.659202
    outer loop
      vertex 20.81 0 16.4547
      vertex 20.616 3.25 16.676
      vertex 20.81 3.25 16.4547
    endloop
  endfacet
  facet normal -0.751966 -0 -0.659202
    outer loop
      vertex 20.616 3.25 16.676
      vertex 20.81 0 16.4547
      vertex 20.616 0 16.676
    endloop
  endfacet
  facet normal -0.896995 0 -0.442042
    outer loop
      vertex 21.1037 0 15.946
      vertex 20.9736 3.25 16.21
      vertex 21.1037 3.25 15.946
    endloop
  endfacet
  facet normal -0.896995 -0 -0.442042
    outer loop
      vertex 20.9736 3.25 16.21
      vertex 21.1037 0 15.946
      vertex 20.9736 0 16.21
    endloop
  endfacet
  facet normal 0.659202 0 -0.751966
    outer loop
      vertex 17.434 0 16.676
      vertex 17.6553 3.25 16.87
      vertex 17.6553 0 16.87
    endloop
  endfacet
  facet normal 0.659202 0 -0.751966
    outer loop
      vertex 17.6553 3.25 16.87
      vertex 17.434 0 16.676
      vertex 17.434 3.25 16.676
    endloop
  endfacet
  facet normal 0.442042 0 -0.896995
    outer loop
      vertex 17.9 0 17.0336
      vertex 18.164 3.25 17.1637
      vertex 18.164 0 17.1637
    endloop
  endfacet
  facet normal 0.442042 0 -0.896995
    outer loop
      vertex 18.164 3.25 17.1637
      vertex 17.9 0 17.0336
      vertex 17.9 3.25 17.0336
    endloop
  endfacet
  facet normal 0.195397 0 -0.980724
    outer loop
      vertex 18.4427 0 17.2583
      vertex 18.7313 3.25 17.3158
      vertex 18.7313 0 17.3158
    endloop
  endfacet
  facet normal 0.195397 0 -0.980724
    outer loop
      vertex 18.7313 3.25 17.3158
      vertex 18.4427 0 17.2583
      vertex 18.4427 3.25 17.2583
    endloop
  endfacet
  facet normal 0.831318 0 -0.555797
    outer loop
      vertex 17.24 0 16.4547
      vertex 17.0764 3.25 16.21
      vertex 17.24 3.25 16.4547
    endloop
  endfacet
  facet normal 0.831318 0 -0.555797
    outer loop
      vertex 17.0764 3.25 16.21
      vertex 17.24 0 16.4547
      vertex 17.0764 0 16.21
    endloop
  endfacet
  facet normal 0.946936 0 -0.321421
    outer loop
      vertex 16.9463 0 15.946
      vertex 16.8517 3.25 15.6673
      vertex 16.9463 3.25 15.946
    endloop
  endfacet
  facet normal 0.946936 0 -0.321421
    outer loop
      vertex 16.8517 3.25 15.6673
      vertex 16.9463 0 15.946
      vertex 16.8517 0 15.6673
    endloop
  endfacet
  facet normal 0.997848 0 -0.0655719
    outer loop
      vertex 16.7943 0 15.3787
      vertex 16.775 3.25 15.085
      vertex 16.7943 3.25 15.3787
    endloop
  endfacet
  facet normal 0.997848 0 -0.0655719
    outer loop
      vertex 16.775 3.25 15.085
      vertex 16.7943 0 15.3787
      vertex 16.775 0 15.085
    endloop
  endfacet
  facet normal -0.195397 0 -0.980724
    outer loop
      vertex 19.3187 0 17.3158
      vertex 19.6073 3.25 17.2583
      vertex 19.6073 0 17.2583
    endloop
  endfacet
  facet normal -0.195397 0 -0.980724
    outer loop
      vertex 19.6073 3.25 17.2583
      vertex 19.3187 0 17.3158
      vertex 19.3187 3.25 17.3158
    endloop
  endfacet
  facet normal -0.659202 0 -0.751966
    outer loop
      vertex 20.3947 0 16.87
      vertex 20.616 3.25 16.676
      vertex 20.616 0 16.676
    endloop
  endfacet
  facet normal -0.659202 0 -0.751966
    outer loop
      vertex 20.616 3.25 16.676
      vertex 20.3947 0 16.87
      vertex 20.3947 3.25 16.87
    endloop
  endfacet
  facet normal -0.831318 0 -0.555797
    outer loop
      vertex 20.9736 0 16.21
      vertex 20.81 3.25 16.4547
      vertex 20.9736 3.25 16.21
    endloop
  endfacet
  facet normal -0.831318 -0 -0.555797
    outer loop
      vertex 20.81 3.25 16.4547
      vertex 20.9736 0 16.21
      vertex 20.81 0 16.4547
    endloop
  endfacet
  facet normal -0.980724 0 -0.195397
    outer loop
      vertex 21.2558 0 15.3787
      vertex 21.1983 3.25 15.6673
      vertex 21.2558 3.25 15.3787
    endloop
  endfacet
  facet normal -0.980724 -0 -0.195397
    outer loop
      vertex 21.1983 3.25 15.6673
      vertex 21.2558 0 15.3787
      vertex 21.1983 0 15.6673
    endloop
  endfacet
  facet normal -0.946936 0 -0.321421
    outer loop
      vertex 21.1983 0 15.6673
      vertex 21.1037 3.25 15.946
      vertex 21.1983 3.25 15.6673
    endloop
  endfacet
  facet normal -0.946936 -0 -0.321421
    outer loop
      vertex 21.1037 3.25 15.946
      vertex 21.1983 0 15.6673
      vertex 21.1037 0 15.946
    endloop
  endfacet
  facet normal -0.99787 0 -0.0652336
    outer loop
      vertex 21.275 0 15.085
      vertex 21.2558 3.25 15.3787
      vertex 21.275 3.25 15.085
    endloop
  endfacet
  facet normal -0.99787 -0 -0.0652336
    outer loop
      vertex 21.2558 3.25 15.3787
      vertex 21.275 0 15.085
      vertex 21.2558 0 15.3787
    endloop
  endfacet
  facet normal 0.555797 0 -0.831318
    outer loop
      vertex 17.6553 0 16.87
      vertex 17.9 3.25 17.0336
      vertex 17.9 0 17.0336
    endloop
  endfacet
  facet normal 0.555797 0 -0.831318
    outer loop
      vertex 17.9 3.25 17.0336
      vertex 17.6553 0 16.87
      vertex 17.6553 3.25 16.87
    endloop
  endfacet
  facet normal 0.0652336 0 -0.99787
    outer loop
      vertex 18.7313 0 17.3158
      vertex 19.025 3.25 17.335
      vertex 19.025 0 17.335
    endloop
  endfacet
  facet normal 0.0652336 0 -0.99787
    outer loop
      vertex 19.025 3.25 17.335
      vertex 18.7313 0 17.3158
      vertex 18.7313 3.25 17.3158
    endloop
  endfacet
  facet normal 0.751966 0 -0.659202
    outer loop
      vertex 17.434 0 16.676
      vertex 17.24 3.25 16.4547
      vertex 17.434 3.25 16.676
    endloop
  endfacet
  facet normal 0.751966 0 -0.659202
    outer loop
      vertex 17.24 3.25 16.4547
      vertex 17.434 0 16.676
      vertex 17.24 0 16.4547
    endloop
  endfacet
  facet normal 0.980789 0 -0.19507
    outer loop
      vertex 16.8517 0 15.6673
      vertex 16.7943 3.25 15.3787
      vertex 16.8517 3.25 15.6673
    endloop
  endfacet
  facet normal 0.980789 0 -0.19507
    outer loop
      vertex 16.7943 3.25 15.3787
      vertex 16.8517 0 15.6673
      vertex 16.7943 0 15.3787
    endloop
  endfacet
  facet normal -0.533746 0.704334 -0.468005
    outer loop
      vertex 21.8394 4.99 17.8994
      vertex 22.1804 4.99 17.5105
      vertex 20.616 3.25 16.676
    endloop
  endfacet
  facet normal -0.708358 0.704328 0.0463822
    outer loop
      vertex 23.0051 4.99 15.085
      vertex 22.9713 4.99 14.5688
      vertex 21.275 3.25 15.085
    endloop
  endfacet
  facet normal -0.708694 0.704207 0.0429511
    outer loop
      vertex 21.2558 3.25 14.7913
      vertex 22.9713 4.99 14.5688
      vertex 22.9711 4.99 14.5655
    endloop
  endfacet
  facet normal -0.708372 0.704319 0.0463083
    outer loop
      vertex 22.9713 4.99 14.5688
      vertex 21.2558 3.25 14.7913
      vertex 21.275 3.25 15.085
    endloop
  endfacet
  facet normal -0.708372 0.704319 -0.0463083
    outer loop
      vertex 21.2558 3.25 15.3787
      vertex 22.9713 4.99 15.6012
      vertex 21.275 3.25 15.085
    endloop
  endfacet
  facet normal -0.708694 0.704207 -0.0429511
    outer loop
      vertex 22.9713 4.99 15.6012
      vertex 21.2558 3.25 15.3787
      vertex 22.9711 4.99 15.6045
    endloop
  endfacet
  facet normal 0.696228 0.704337 -0.138474
    outer loop
      vertex 16.7943 3.25 15.3787
      vertex 15.0796 4.99 15.6078
      vertex 16.8517 3.25 15.6673
    endloop
  endfacet
  facet normal 0.69472 0.704022 -0.147365
    outer loop
      vertex 15.0796 4.99 15.6078
      vertex 16.7943 3.25 15.3787
      vertex 15.0789 4.99 15.6045
    endloop
  endfacet
  facet normal 0.138711 0.70431 0.696209
    outer loop
      vertex 18.7313 3.25 12.8542
      vertex 18.5022 4.99 11.1396
      vertex 18.4427 3.25 12.9117
    endloop
  endfacet
  facet normal 0.147369 0.704002 0.69474
    outer loop
      vertex 18.5022 4.99 11.1396
      vertex 18.7313 3.25 12.8542
      vertex 18.5055 4.99 11.1389
    endloop
  endfacet
  facet normal -0.0463822 0.704328 -0.708358
    outer loop
      vertex 19.025 4.99 19.0651
      vertex 19.5412 4.99 19.0313
      vertex 19.025 3.25 17.335
    endloop
  endfacet
  facet normal -0.672187 0.704328 -0.228225
    outer loop
      vertex 22.7021 4.99 16.6081
      vertex 22.8684 4.99 16.1183
      vertex 21.1037 3.25 15.946
    endloop
  endfacet
  facet normal -0.708358 0.704328 -0.0463822
    outer loop
      vertex 22.9713 4.99 15.6012
      vertex 23.0051 4.99 15.085
      vertex 21.275 3.25 15.085
    endloop
  endfacet
  facet normal 0.458311 0.704683 -0.54164
    outer loop
      vertex 17.6553 3.25 16.87
      vertex 16.5995 4.99 18.2404
      vertex 16.6021 4.99 18.2426
    endloop
  endfacet
  facet normal 0.467941 0.704343 -0.53379
    outer loop
      vertex 16.5995 4.99 18.2404
      vertex 17.6553 3.25 16.87
      vertex 17.434 3.25 16.676
    endloop
  endfacet
  facet normal 0.3944 0.70433 -0.590228
    outer loop
      vertex 17.0349 4.99 18.5319
      vertex 17.9 3.25 17.0336
      vertex 16.6048 4.99 18.2445
    endloop
  endfacet
  facet normal -0.408267 0.704785 0.580169
    outer loop
      vertex 21.4452 4.99 11.9255
      vertex 20.3947 3.25 13.3
      vertex 21.4479 4.99 11.9274
    endloop
  endfacet
  facet normal -0.394534 0.70435 0.590113
    outer loop
      vertex 20.3947 3.25 13.3
      vertex 21.4452 4.99 11.9255
      vertex 20.15 3.25 13.1364
    endloop
  endfacet
  facet normal 0.53379 0.704343 0.467941
    outer loop
      vertex 15.8696 4.99 12.6595
      vertex 17.24 3.25 13.7153
      vertex 17.434 3.25 13.494
    endloop
  endfacet
  facet normal 0.54164 0.704683 0.458311
    outer loop
      vertex 17.24 3.25 13.7153
      vertex 15.8696 4.99 12.6595
      vertex 15.8674 4.99 12.6621
    endloop
  endfacet
  facet normal 0.590228 0.70433 0.3944
    outer loop
      vertex 17.0764 3.25 13.96
      vertex 15.8655 4.99 12.6648
      vertex 15.5781 4.99 13.0949
    endloop
  endfacet
  facet normal -0.671397 0.704245 -0.230793
    outer loop
      vertex 21.1983 3.25 15.6673
      vertex 22.8684 4.99 16.1183
      vertex 22.8695 4.99 16.1151
    endloop
  endfacet
  facet normal -0.672199 0.704335 -0.228167
    outer loop
      vertex 22.8684 4.99 16.1183
      vertex 21.1983 3.25 15.6673
      vertex 21.1037 3.25 15.946
    endloop
  endfacet
  facet normal -0.642901 0.704745 -0.300021
    outer loop
      vertex 21.1037 3.25 15.946
      vertex 22.7007 4.99 16.6111
      vertex 22.7021 4.99 16.6081
    endloop
  endfacet
  facet normal -0.636736 0.704348 -0.313785
    outer loop
      vertex 22.7007 4.99 16.6111
      vertex 21.1037 3.25 15.946
      vertex 20.9736 3.25 16.21
    endloop
  endfacet
  facet normal -0.138477 0.704337 -0.696228
    outer loop
      vertex 20.0551 4.99 18.9295
      vertex 19.6073 3.25 17.2583
      vertex 19.5478 4.99 19.0304
    endloop
  endfacet
  facet normal -0.313948 0.704328 -0.636678
    outer loop
      vertex 20.5511 4.99 18.7607
      vertex 21.0151 4.99 18.5319
      vertex 20.15 3.25 17.0336
    endloop
  endfacet
  facet normal 0.53379 0.704343 -0.467941
    outer loop
      vertex 17.24 3.25 16.4547
      vertex 15.8696 4.99 17.5105
      vertex 17.434 3.25 16.676
    endloop
  endfacet
  facet normal 0.54164 0.704683 -0.458311
    outer loop
      vertex 15.8696 4.99 17.5105
      vertex 17.24 3.25 16.4547
      vertex 15.8674 4.99 17.5079
    endloop
  endfacet
  facet normal 0.467941 0.704343 0.53379
    outer loop
      vertex 17.6553 3.25 13.3
      vertex 16.5995 4.99 11.9296
      vertex 17.434 3.25 13.494
    endloop
  endfacet
  facet normal 0.458311 0.704683 0.54164
    outer loop
      vertex 16.5995 4.99 11.9296
      vertex 17.6553 3.25 13.3
      vertex 16.6021 4.99 11.9274
    endloop
  endfacet
  facet normal -0.69474 0.704002 -0.147369
    outer loop
      vertex 21.2558 3.25 15.3787
      vertex 22.9704 4.99 15.6078
      vertex 22.9711 4.99 15.6045
    endloop
  endfacet
  facet normal -0.696209 0.70431 -0.138711
    outer loop
      vertex 22.9704 4.99 15.6078
      vertex 21.2558 3.25 15.3787
      vertex 21.1983 3.25 15.6673
    endloop
  endfacet
  facet normal -0.696228 0.704337 -0.138477
    outer loop
      vertex 22.8695 4.99 16.1151
      vertex 22.9704 4.99 15.6078
      vertex 21.1983 3.25 15.6673
    endloop
  endfacet
  facet normal -0.590228 0.70433 -0.3944
    outer loop
      vertex 22.1845 4.99 17.5052
      vertex 22.4719 4.99 17.0751
      vertex 20.9736 3.25 16.21
    endloop
  endfacet
  facet normal -0.636678 0.704328 -0.313948
    outer loop
      vertex 22.4719 4.99 17.0751
      vertex 22.7007 4.99 16.6111
      vertex 20.9736 3.25 16.21
    endloop
  endfacet
  facet normal -0.580169 0.704785 -0.408267
    outer loop
      vertex 22.1845 4.99 17.5052
      vertex 20.81 3.25 16.4547
      vertex 22.1826 4.99 17.5079
    endloop
  endfacet
  facet normal -0.590113 0.70435 -0.394534
    outer loop
      vertex 20.81 3.25 16.4547
      vertex 22.1845 4.99 17.5052
      vertex 20.9736 3.25 16.21
    endloop
  endfacet
  facet normal -0.54164 0.704683 -0.458311
    outer loop
      vertex 20.81 3.25 16.4547
      vertex 22.1804 4.99 17.5105
      vertex 22.1826 4.99 17.5079
    endloop
  endfacet
  facet normal -0.53379 0.704343 -0.467941
    outer loop
      vertex 22.1804 4.99 17.5105
      vertex 20.81 3.25 16.4547
      vertex 20.616 3.25 16.676
    endloop
  endfacet
  facet normal -0.458311 0.704683 -0.54164
    outer loop
      vertex 21.4505 4.99 18.2404
      vertex 20.3947 3.25 16.87
      vertex 21.4479 4.99 18.2426
    endloop
  endfacet
  facet normal -0.467941 0.704343 -0.53379
    outer loop
      vertex 20.3947 3.25 16.87
      vertex 21.4505 4.99 18.2404
      vertex 20.616 3.25 16.676
    endloop
  endfacet
  facet normal -0.468005 0.704334 -0.533746
    outer loop
      vertex 21.4505 4.99 18.2404
      vertex 21.8394 4.99 17.8994
      vertex 20.616 3.25 16.676
    endloop
  endfacet
  facet normal 0.636678 0.704328 -0.313948
    outer loop
      vertex 15.5781 4.99 17.0751
      vertex 17.0764 3.25 16.21
      vertex 15.3493 4.99 16.6111
    endloop
  endfacet
  facet normal 0.313948 0.704328 -0.636678
    outer loop
      vertex 17.4989 4.99 18.7607
      vertex 17.9 3.25 17.0336
      vertex 17.0349 4.99 18.5319
    endloop
  endfacet
  facet normal 0.228225 0.704328 -0.672187
    outer loop
      vertex 17.9917 4.99 18.9284
      vertex 18.164 3.25 17.1637
      vertex 17.5019 4.99 18.7621
    endloop
  endfacet
  facet normal 0.394534 0.70435 -0.590113
    outer loop
      vertex 17.6553 3.25 16.87
      vertex 16.6048 4.99 18.2445
      vertex 17.9 3.25 17.0336
    endloop
  endfacet
  facet normal 0.408267 0.704785 -0.580169
    outer loop
      vertex 16.6048 4.99 18.2445
      vertex 17.6553 3.25 16.87
      vertex 16.6021 4.99 18.2426
    endloop
  endfacet
  facet normal 0.590228 0.70433 -0.3944
    outer loop
      vertex 15.8655 4.99 17.5052
      vertex 17.0764 3.25 16.21
      vertex 15.5781 4.99 17.0751
    endloop
  endfacet
  facet normal 0.672187 0.704328 -0.228225
    outer loop
      vertex 15.3479 4.99 16.6081
      vertex 16.9463 3.25 15.946
      vertex 15.1816 4.99 16.1183
    endloop
  endfacet
  facet normal -0.313785 0.704348 0.636736
    outer loop
      vertex 20.5511 4.99 11.4093
      vertex 19.886 3.25 13.0063
      vertex 20.15 3.25 13.1364
    endloop
  endfacet
  facet normal -0.300021 0.704745 0.642901
    outer loop
      vertex 19.886 3.25 13.0063
      vertex 20.5511 4.99 11.4093
      vertex 20.5481 4.99 11.4079
    endloop
  endfacet
  facet normal -0.590228 0.70433 0.3944
    outer loop
      vertex 22.4719 4.99 13.0949
      vertex 22.1845 4.99 12.6648
      vertex 20.9736 3.25 13.96
    endloop
  endfacet
  facet normal 0.313948 0.704328 0.636678
    outer loop
      vertex 17.9 3.25 13.1364
      vertex 17.4989 4.99 11.4093
      vertex 17.0349 4.99 11.6381
    endloop
  endfacet
  facet normal 0.672199 0.704335 0.228167
    outer loop
      vertex 15.1816 4.99 14.0517
      vertex 16.8517 3.25 14.5027
      vertex 16.9463 3.25 14.224
    endloop
  endfacet
  facet normal 0.671397 0.704245 0.230793
    outer loop
      vertex 16.8517 3.25 14.5027
      vertex 15.1816 4.99 14.0517
      vertex 15.1805 4.99 14.0549
    endloop
  endfacet
  facet normal 0.590113 0.70435 0.394534
    outer loop
      vertex 17.24 3.25 13.7153
      vertex 15.8655 4.99 12.6648
      vertex 17.0764 3.25 13.96
    endloop
  endfacet
  facet normal 0.580169 0.704785 0.408267
    outer loop
      vertex 15.8655 4.99 12.6648
      vertex 17.24 3.25 13.7153
      vertex 15.8674 4.99 12.6621
    endloop
  endfacet
  facet normal 0.3944 0.70433 0.590228
    outer loop
      vertex 17.9 3.25 13.1364
      vertex 17.0349 4.99 11.6381
      vertex 16.6048 4.99 11.9255
    endloop
  endfacet
  facet normal 0.228225 0.704328 0.672187
    outer loop
      vertex 18.164 3.25 13.0063
      vertex 17.9917 4.99 11.2416
      vertex 17.5019 4.99 11.4079
    endloop
  endfacet
  facet normal -0.3944 0.70433 -0.590228
    outer loop
      vertex 21.0151 4.99 18.5319
      vertex 21.4452 4.99 18.2445
      vertex 20.15 3.25 17.0336
    endloop
  endfacet
  facet normal -0.408267 0.704785 -0.580169
    outer loop
      vertex 20.3947 3.25 16.87
      vertex 21.4452 4.99 18.2445
      vertex 21.4479 4.99 18.2426
    endloop
  endfacet
  facet normal -0.394534 0.70435 -0.590113
    outer loop
      vertex 21.4452 4.99 18.2445
      vertex 20.3947 3.25 16.87
      vertex 20.15 3.25 17.0336
    endloop
  endfacet
  facet normal -0.300021 0.704745 -0.642901
    outer loop
      vertex 20.5511 4.99 18.7607
      vertex 19.886 3.25 17.1637
      vertex 20.5481 4.99 18.7621
    endloop
  endfacet
  facet normal -0.313785 0.704348 -0.636736
    outer loop
      vertex 19.886 3.25 17.1637
      vertex 20.5511 4.99 18.7607
      vertex 20.15 3.25 17.0336
    endloop
  endfacet
  facet normal -0.230793 0.704245 -0.671397
    outer loop
      vertex 20.0583 4.99 18.9284
      vertex 19.6073 3.25 17.2583
      vertex 20.0551 4.99 18.9295
    endloop
  endfacet
  facet normal -0.228167 0.704335 -0.672199
    outer loop
      vertex 19.6073 3.25 17.2583
      vertex 20.0583 4.99 18.9284
      vertex 19.886 3.25 17.1637
    endloop
  endfacet
  facet normal -0.228225 0.704328 -0.672187
    outer loop
      vertex 20.0583 4.99 18.9284
      vertex 20.5481 4.99 18.7621
      vertex 19.886 3.25 17.1637
    endloop
  endfacet
  facet normal -0.147369 0.704002 -0.69474
    outer loop
      vertex 19.5478 4.99 19.0304
      vertex 19.3187 3.25 17.3158
      vertex 19.5445 4.99 19.0311
    endloop
  endfacet
  facet normal -0.138711 0.70431 -0.696209
    outer loop
      vertex 19.3187 3.25 17.3158
      vertex 19.5478 4.99 19.0304
      vertex 19.6073 3.25 17.2583
    endloop
  endfacet
  facet normal -0.0429511 0.704207 -0.708694
    outer loop
      vertex 19.3187 3.25 17.3158
      vertex 19.5412 4.99 19.0313
      vertex 19.5445 4.99 19.0311
    endloop
  endfacet
  facet normal -0.0463083 0.704319 -0.708372
    outer loop
      vertex 19.5412 4.99 19.0313
      vertex 19.3187 3.25 17.3158
      vertex 19.025 3.25 17.335
    endloop
  endfacet
  facet normal 0.672199 0.704335 -0.228167
    outer loop
      vertex 16.8517 3.25 15.6673
      vertex 15.1816 4.99 16.1183
      vertex 16.9463 3.25 15.946
    endloop
  endfacet
  facet normal 0.671397 0.704245 -0.230793
    outer loop
      vertex 15.1816 4.99 16.1183
      vertex 16.8517 3.25 15.6673
      vertex 15.1805 4.99 16.1151
    endloop
  endfacet
  facet normal 0.696228 0.704337 -0.138477
    outer loop
      vertex 15.1805 4.99 16.1151
      vertex 16.8517 3.25 15.6673
      vertex 15.0796 4.99 15.6078
    endloop
  endfacet
  facet normal 0.0463083 0.704319 -0.708372
    outer loop
      vertex 18.7313 3.25 17.3158
      vertex 18.5088 4.99 19.0313
      vertex 19.025 3.25 17.335
    endloop
  endfacet
  facet normal 0.0429511 0.704207 -0.708694
    outer loop
      vertex 18.5088 4.99 19.0313
      vertex 18.7313 3.25 17.3158
      vertex 18.5055 4.99 19.0311
    endloop
  endfacet
  facet normal 0.0463822 0.704328 -0.708358
    outer loop
      vertex 19.025 4.99 19.0651
      vertex 19.025 3.25 17.335
      vertex 18.5088 4.99 19.0313
    endloop
  endfacet
  facet normal 0.230793 0.704245 -0.671397
    outer loop
      vertex 18.4427 3.25 17.2583
      vertex 17.9917 4.99 18.9284
      vertex 17.9949 4.99 18.9295
    endloop
  endfacet
  facet normal 0.228167 0.704335 -0.672199
    outer loop
      vertex 17.9917 4.99 18.9284
      vertex 18.4427 3.25 17.2583
      vertex 18.164 3.25 17.1637
    endloop
  endfacet
  facet normal 0.300021 0.704745 -0.642901
    outer loop
      vertex 18.164 3.25 17.1637
      vertex 17.4989 4.99 18.7607
      vertex 17.5019 4.99 18.7621
    endloop
  endfacet
  facet normal 0.313785 0.704348 -0.636736
    outer loop
      vertex 17.4989 4.99 18.7607
      vertex 18.164 3.25 17.1637
      vertex 17.9 3.25 17.0336
    endloop
  endfacet
  facet normal 0.533746 0.704334 -0.468005
    outer loop
      vertex 16.2106 4.99 17.8994
      vertex 17.434 3.25 16.676
      vertex 15.8696 4.99 17.5105
    endloop
  endfacet
  facet normal 0.468005 0.704334 -0.533746
    outer loop
      vertex 16.5995 4.99 18.2404
      vertex 17.434 3.25 16.676
      vertex 16.2106 4.99 17.8994
    endloop
  endfacet
  facet normal 0.580169 0.704785 -0.408267
    outer loop
      vertex 17.24 3.25 16.4547
      vertex 15.8655 4.99 17.5052
      vertex 15.8674 4.99 17.5079
    endloop
  endfacet
  facet normal 0.590113 0.70435 -0.394534
    outer loop
      vertex 15.8655 4.99 17.5052
      vertex 17.24 3.25 16.4547
      vertex 17.0764 3.25 16.21
    endloop
  endfacet
  facet normal -0.228225 0.704328 0.672187
    outer loop
      vertex 20.5481 4.99 11.4079
      vertex 20.0583 4.99 11.2416
      vertex 19.886 3.25 13.0063
    endloop
  endfacet
  facet normal -0.138477 0.704337 0.696228
    outer loop
      vertex 19.6073 3.25 12.9117
      vertex 20.0551 4.99 11.2405
      vertex 19.5478 4.99 11.1396
    endloop
  endfacet
  facet normal -0.636678 0.704328 0.313948
    outer loop
      vertex 22.7007 4.99 13.5589
      vertex 22.4719 4.99 13.0949
      vertex 20.9736 3.25 13.96
    endloop
  endfacet
  facet normal 0.228167 0.704335 0.672199
    outer loop
      vertex 18.4427 3.25 12.9117
      vertex 17.9917 4.99 11.2416
      vertex 18.164 3.25 13.0063
    endloop
  endfacet
  facet normal 0.230793 0.704245 0.671397
    outer loop
      vertex 17.9917 4.99 11.2416
      vertex 18.4427 3.25 12.9117
      vertex 17.9949 4.99 11.2405
    endloop
  endfacet
  facet normal 0.138477 0.704337 0.696228
    outer loop
      vertex 18.4427 3.25 12.9117
      vertex 18.5022 4.99 11.1396
      vertex 17.9949 4.99 11.2405
    endloop
  endfacet
  facet normal 0.636678 0.704328 0.313948
    outer loop
      vertex 17.0764 3.25 13.96
      vertex 15.5781 4.99 13.0949
      vertex 15.3493 4.99 13.5589
    endloop
  endfacet
  facet normal 0.708358 0.704328 -0.0463822
    outer loop
      vertex 15.0787 4.99 15.6012
      vertex 16.775 3.25 15.085
      vertex 15.0449 4.99 15.085
    endloop
  endfacet
  facet normal 0.708358 0.704328 0.0463822
    outer loop
      vertex 16.775 3.25 15.085
      vertex 15.0787 4.99 14.5688
      vertex 15.0449 4.99 15.085
    endloop
  endfacet
  facet normal 0.672187 0.704328 0.228225
    outer loop
      vertex 16.9463 3.25 14.224
      vertex 15.3479 4.99 13.5619
      vertex 15.1816 4.99 14.0517
    endloop
  endfacet
  facet normal 0.636736 0.704348 0.313785
    outer loop
      vertex 15.3493 4.99 13.5589
      vertex 16.9463 3.25 14.224
      vertex 17.0764 3.25 13.96
    endloop
  endfacet
  facet normal 0.642901 0.704745 0.300021
    outer loop
      vertex 16.9463 3.25 14.224
      vertex 15.3493 4.99 13.5589
      vertex 15.3479 4.99 13.5619
    endloop
  endfacet
  facet normal 0.468005 0.704334 0.533746
    outer loop
      vertex 17.434 3.25 13.494
      vertex 16.5995 4.99 11.9296
      vertex 16.2106 4.99 12.2706
    endloop
  endfacet
  facet normal 0.533746 0.704334 0.468005
    outer loop
      vertex 17.434 3.25 13.494
      vertex 16.2106 4.99 12.2706
      vertex 15.8696 4.99 12.6595
    endloop
  endfacet
  facet normal 0.394534 0.70435 0.590113
    outer loop
      vertex 16.6048 4.99 11.9255
      vertex 17.6553 3.25 13.3
      vertex 17.9 3.25 13.1364
    endloop
  endfacet
  facet normal 0.408267 0.704785 0.580169
    outer loop
      vertex 17.6553 3.25 13.3
      vertex 16.6048 4.99 11.9255
      vertex 16.6021 4.99 11.9274
    endloop
  endfacet
  facet normal 0.636736 0.704348 -0.313785
    outer loop
      vertex 16.9463 3.25 15.946
      vertex 15.3493 4.99 16.6111
      vertex 17.0764 3.25 16.21
    endloop
  endfacet
  facet normal 0.642901 0.704745 -0.300021
    outer loop
      vertex 15.3493 4.99 16.6111
      vertex 16.9463 3.25 15.946
      vertex 15.3479 4.99 16.6081
    endloop
  endfacet
  facet normal 0.138477 0.704337 -0.696228
    outer loop
      vertex 18.5022 4.99 19.0304
      vertex 18.4427 3.25 17.2583
      vertex 17.9949 4.99 18.9295
    endloop
  endfacet
  facet normal 0.147369 0.704002 -0.69474
    outer loop
      vertex 18.7313 3.25 17.3158
      vertex 18.5022 4.99 19.0304
      vertex 18.5055 4.99 19.0311
    endloop
  endfacet
  facet normal 0.138711 0.70431 -0.696209
    outer loop
      vertex 18.5022 4.99 19.0304
      vertex 18.7313 3.25 17.3158
      vertex 18.4427 3.25 17.2583
    endloop
  endfacet
  facet normal -0.0463822 0.704328 0.708358
    outer loop
      vertex 19.5412 4.99 11.1387
      vertex 19.025 4.99 11.1049
      vertex 19.025 3.25 12.835
    endloop
  endfacet
  facet normal -0.0429511 0.704207 0.708694
    outer loop
      vertex 19.5412 4.99 11.1387
      vertex 19.3187 3.25 12.8542
      vertex 19.5445 4.99 11.1389
    endloop
  endfacet
  facet normal -0.0463083 0.704319 0.708372
    outer loop
      vertex 19.3187 3.25 12.8542
      vertex 19.5412 4.99 11.1387
      vertex 19.025 3.25 12.835
    endloop
  endfacet
  facet normal -0.642901 0.704745 0.300021
    outer loop
      vertex 22.7007 4.99 13.5589
      vertex 21.1037 3.25 14.224
      vertex 22.7021 4.99 13.5619
    endloop
  endfacet
  facet normal -0.636736 0.704348 0.313785
    outer loop
      vertex 21.1037 3.25 14.224
      vertex 22.7007 4.99 13.5589
      vertex 20.9736 3.25 13.96
    endloop
  endfacet
  facet normal 0.313785 0.704348 0.636736
    outer loop
      vertex 18.164 3.25 13.0063
      vertex 17.4989 4.99 11.4093
      vertex 17.9 3.25 13.1364
    endloop
  endfacet
  facet normal 0.300021 0.704745 0.642901
    outer loop
      vertex 17.4989 4.99 11.4093
      vertex 18.164 3.25 13.0063
      vertex 17.5019 4.99 11.4079
    endloop
  endfacet
  facet normal 0.708328 0.704347 0.0465466
    outer loop
      vertex 16.7943 3.25 14.7913
      vertex 15.0787 4.99 14.5688
      vertex 16.775 3.25 15.085
    endloop
  endfacet
  facet normal 0.708674 0.704228 0.0429499
    outer loop
      vertex 15.0787 4.99 14.5688
      vertex 16.7943 3.25 14.7913
      vertex 15.0789 4.99 14.5655
    endloop
  endfacet
  facet normal 0.708674 0.704228 -0.0429499
    outer loop
      vertex 16.7943 3.25 15.3787
      vertex 15.0787 4.99 15.6012
      vertex 15.0789 4.99 15.6045
    endloop
  endfacet
  facet normal 0.708328 0.704347 -0.0465466
    outer loop
      vertex 15.0787 4.99 15.6012
      vertex 16.7943 3.25 15.3787
      vertex 16.775 3.25 15.085
    endloop
  endfacet
  facet normal 0.69472 0.704022 0.147365
    outer loop
      vertex 16.7943 3.25 14.7913
      vertex 15.0796 4.99 14.5622
      vertex 15.0789 4.99 14.5655
    endloop
  endfacet
  facet normal 0.696228 0.704337 0.138474
    outer loop
      vertex 15.0796 4.99 14.5622
      vertex 16.7943 3.25 14.7913
      vertex 16.8517 3.25 14.5027
    endloop
  endfacet
  facet normal 0.696228 0.704337 0.138477
    outer loop
      vertex 16.8517 3.25 14.5027
      vertex 15.1805 4.99 14.0549
      vertex 15.0796 4.99 14.5622
    endloop
  endfacet
  facet normal -0.313948 0.704328 0.636678
    outer loop
      vertex 21.0151 4.99 11.6381
      vertex 20.5511 4.99 11.4093
      vertex 20.15 3.25 13.1364
    endloop
  endfacet
  facet normal -0.3944 0.70433 0.590228
    outer loop
      vertex 21.4452 4.99 11.9255
      vertex 21.0151 4.99 11.6381
      vertex 20.15 3.25 13.1364
    endloop
  endfacet
  facet normal 0.0463822 0.704328 0.708358
    outer loop
      vertex 19.025 3.25 12.835
      vertex 19.025 4.99 11.1049
      vertex 18.5088 4.99 11.1387
    endloop
  endfacet
  facet normal -0.467941 0.704343 0.53379
    outer loop
      vertex 21.4505 4.99 11.9296
      vertex 20.3947 3.25 13.3
      vertex 20.616 3.25 13.494
    endloop
  endfacet
  facet normal -0.458311 0.704683 0.54164
    outer loop
      vertex 20.3947 3.25 13.3
      vertex 21.4505 4.99 11.9296
      vertex 21.4479 4.99 11.9274
    endloop
  endfacet
  facet normal -0.672187 0.704328 0.228225
    outer loop
      vertex 22.8684 4.99 14.0517
      vertex 22.7021 4.99 13.5619
      vertex 21.1037 3.25 14.224
    endloop
  endfacet
  facet normal -0.228167 0.704335 0.672199
    outer loop
      vertex 20.0583 4.99 11.2416
      vertex 19.6073 3.25 12.9117
      vertex 19.886 3.25 13.0063
    endloop
  endfacet
  facet normal -0.230793 0.704245 0.671397
    outer loop
      vertex 19.6073 3.25 12.9117
      vertex 20.0583 4.99 11.2416
      vertex 20.0551 4.99 11.2405
    endloop
  endfacet
  facet normal 0.0463083 0.704319 0.708372
    outer loop
      vertex 18.5088 4.99 11.1387
      vertex 18.7313 3.25 12.8542
      vertex 19.025 3.25 12.835
    endloop
  endfacet
  facet normal 0.0429511 0.704207 0.708694
    outer loop
      vertex 18.7313 3.25 12.8542
      vertex 18.5088 4.99 11.1387
      vertex 18.5055 4.99 11.1389
    endloop
  endfacet
  facet normal -0.533746 0.704334 0.468005
    outer loop
      vertex 22.1804 4.99 12.6595
      vertex 21.8394 4.99 12.2706
      vertex 20.616 3.25 13.494
    endloop
  endfacet
  facet normal -0.468005 0.704334 0.533746
    outer loop
      vertex 21.8394 4.99 12.2706
      vertex 21.4505 4.99 11.9296
      vertex 20.616 3.25 13.494
    endloop
  endfacet
  facet normal -0.54164 0.704683 0.458311
    outer loop
      vertex 22.1804 4.99 12.6595
      vertex 20.81 3.25 13.7153
      vertex 22.1826 4.99 12.6621
    endloop
  endfacet
  facet normal -0.53379 0.704343 0.467941
    outer loop
      vertex 20.81 3.25 13.7153
      vertex 22.1804 4.99 12.6595
      vertex 20.616 3.25 13.494
    endloop
  endfacet
  facet normal -0.590113 0.70435 0.394534
    outer loop
      vertex 22.1845 4.99 12.6648
      vertex 20.81 3.25 13.7153
      vertex 20.9736 3.25 13.96
    endloop
  endfacet
  facet normal -0.580169 0.704785 0.408267
    outer loop
      vertex 20.81 3.25 13.7153
      vertex 22.1845 4.99 12.6648
      vertex 22.1826 4.99 12.6621
    endloop
  endfacet
  facet normal -0.671397 0.704245 0.230793
    outer loop
      vertex 22.8684 4.99 14.0517
      vertex 21.1983 3.25 14.5027
      vertex 22.8695 4.99 14.0549
    endloop
  endfacet
  facet normal -0.672199 0.704335 0.228167
    outer loop
      vertex 21.1983 3.25 14.5027
      vertex 22.8684 4.99 14.0517
      vertex 21.1037 3.25 14.224
    endloop
  endfacet
  facet normal -0.138711 0.70431 0.696209
    outer loop
      vertex 19.5478 4.99 11.1396
      vertex 19.3187 3.25 12.8542
      vertex 19.6073 3.25 12.9117
    endloop
  endfacet
  facet normal -0.147369 0.704002 0.69474
    outer loop
      vertex 19.3187 3.25 12.8542
      vertex 19.5478 4.99 11.1396
      vertex 19.5445 4.99 11.1389
    endloop
  endfacet
  facet normal -0.696228 0.704337 0.138477
    outer loop
      vertex 22.9704 4.99 14.5622
      vertex 22.8695 4.99 14.0549
      vertex 21.1983 3.25 14.5027
    endloop
  endfacet
  facet normal -0.69474 0.704002 0.147369
    outer loop
      vertex 22.9704 4.99 14.5622
      vertex 21.2558 3.25 14.7913
      vertex 22.9711 4.99 14.5655
    endloop
  endfacet
  facet normal -0.696209 0.70431 0.138711
    outer loop
      vertex 21.2558 3.25 14.7913
      vertex 22.9704 4.99 14.5622
      vertex 21.1983 3.25 14.5027
    endloop
  endfacet
  facet normal -0.997861 0 0.0653646
    outer loop
      vertex 22.9908 4.99 14.5629
      vertex 23.025 5 15.085
      vertex 22.9908 5 14.5629
    endloop
  endfacet
  facet normal -0.997861 0 0.0653646
    outer loop
      vertex 23.025 5 15.085
      vertex 22.9908 4.99 14.5629
      vertex 23.025 4.99 15.085
    endloop
  endfacet
  facet normal 0.997861 -0 0.0653646
    outer loop
      vertex 15.025 4.99 15.085
      vertex 15.0592 5 14.5629
      vertex 15.025 5 15.085
    endloop
  endfacet
  facet normal 0.997861 0 0.0653646
    outer loop
      vertex 15.0592 5 14.5629
      vertex 15.025 4.99 15.085
      vertex 15.0592 4.99 14.5629
    endloop
  endfacet
  facet normal -0.0653646 0 0.997861
    outer loop
      vertex 19.025 5 11.085
      vertex 19.5471 4.99 11.1192
      vertex 19.5471 5 11.1192
    endloop
  endfacet
  facet normal -0.0653646 0 0.997861
    outer loop
      vertex 19.5471 4.99 11.1192
      vertex 19.025 5 11.085
      vertex 19.025 4.99 11.085
    endloop
  endfacet
  facet normal 0.751842 0 -0.659343
    outer loop
      vertex 16.1966 4.99 17.9134
      vertex 15.8516 5 17.52
      vertex 16.1966 5 17.9134
    endloop
  endfacet
  facet normal 0.751842 0 -0.659343
    outer loop
      vertex 15.8516 5 17.52
      vertex 16.1966 4.99 17.9134
      vertex 15.8516 4.99 17.52
    endloop
  endfacet
  facet normal -0.659343 0 0.751842
    outer loop
      vertex 21.46 5 11.9116
      vertex 21.8534 4.99 12.2566
      vertex 21.8534 5 12.2566
    endloop
  endfacet
  facet normal -0.659343 0 0.751842
    outer loop
      vertex 21.8534 4.99 12.2566
      vertex 21.46 5 11.9116
      vertex 21.46 4.99 11.9116
    endloop
  endfacet
  facet normal 0.659343 0 0.751842
    outer loop
      vertex 16.1966 5 12.2566
      vertex 16.59 4.99 11.9116
      vertex 16.59 5 11.9116
    endloop
  endfacet
  facet normal 0.659343 0 0.751842
    outer loop
      vertex 16.59 4.99 11.9116
      vertex 16.1966 5 12.2566
      vertex 16.1966 4.99 12.2566
    endloop
  endfacet
  facet normal 0.321498 0 0.94691
    outer loop
      vertex 17.4943 5 11.3895
      vertex 17.9897 4.99 11.2213
      vertex 17.9897 5 11.2213
    endloop
  endfacet
  facet normal 0.321498 0 0.94691
    outer loop
      vertex 17.9897 4.99 11.2213
      vertex 17.4943 5 11.3895
      vertex 17.4943 4.99 11.3895
    endloop
  endfacet
  facet normal 0.94691 0 -0.321498
    outer loop
      vertex 15.3295 4.99 16.6157
      vertex 15.1613 5 16.1203
      vertex 15.3295 5 16.6157
    endloop
  endfacet
  facet normal 0.94691 0 -0.321498
    outer loop
      vertex 15.1613 5 16.1203
      vertex 15.3295 4.99 16.6157
      vertex 15.1613 4.99 16.1203
    endloop
  endfacet
  facet normal 0 1 -0
    outer loop
      vertex 19.5412 4.99 19.0313
      vertex 19.025 4.99 19.085
      vertex 19.5471 4.99 19.0508
    endloop
  endfacet
  facet normal 0 1 0
    outer loop
      vertex 19.025 4.99 19.085
      vertex 19.5412 4.99 19.0313
      vertex 19.025 4.99 19.0651
    endloop
  endfacet
  facet normal 0 1 0
    outer loop
      vertex 19.5471 4.99 19.0508
      vertex 19.5445 4.99 19.0311
      vertex 19.5412 4.99 19.0313
    endloop
  endfacet
  facet normal 0 1 0
    outer loop
      vertex 19.5471 4.99 19.0508
      vertex 19.5478 4.99 19.0304
      vertex 19.5445 4.99 19.0311
    endloop
  endfacet
  facet normal 0 1 0
    outer loop
      vertex 20.0603 4.99 18.9487
      vertex 19.5478 4.99 19.0304
      vertex 19.5471 4.99 19.0508
    endloop
  endfacet
  facet normal 0 1 0
    outer loop
      vertex 20.0603 4.99 18.9487
      vertex 20.0551 4.99 18.9295
      vertex 19.5478 4.99 19.0304
    endloop
  endfacet
  facet normal 0 1 0
    outer loop
      vertex 20.0603 4.99 18.9487
      vertex 20.0583 4.99 18.9284
      vertex 20.0551 4.99 18.9295
    endloop
  endfacet
  facet normal 0 1 0
    outer loop
      vertex 20.5557 4.99 18.7805
      vertex 20.0583 4.99 18.9284
      vertex 20.0603 4.99 18.9487
    endloop
  endfacet
  facet normal 0 1 0
    outer loop
      vertex 20.5557 4.99 18.7805
      vertex 20.5481 4.99 18.7621
      vertex 20.0583 4.99 18.9284
    endloop
  endfacet
  facet normal 0 1 0
    outer loop
      vertex 20.5557 4.99 18.7805
      vertex 20.5511 4.99 18.7607
      vertex 20.5481 4.99 18.7621
    endloop
  endfacet
  facet normal 0 1 0
    outer loop
      vertex 21.025 4.99 18.5491
      vertex 20.5511 4.99 18.7607
      vertex 20.5557 4.99 18.7805
    endloop
  endfacet
  facet normal 0 1 0
    outer loop
      vertex 21.025 4.99 18.5491
      vertex 21.0151 4.99 18.5319
      vertex 20.5511 4.99 18.7607
    endloop
  endfacet
  facet normal 0 1 -0
    outer loop
      vertex 21.4452 4.99 18.2445
      vertex 21.025 4.99 18.5491
      vertex 21.46 4.99 18.2584
    endloop
  endfacet
  facet normal 0 1 0
    outer loop
      vertex 21.025 4.99 18.5491
      vertex 21.4452 4.99 18.2445
      vertex 21.0151 4.99 18.5319
    endloop
  endfacet
  facet normal 0 1 0
    outer loop
      vertex 21.46 4.99 18.2584
      vertex 21.4479 4.99 18.2426
      vertex 21.4452 4.99 18.2445
    endloop
  endfacet
  facet normal 0 1 0
    outer loop
      vertex 21.46 4.99 18.2584
      vertex 21.4505 4.99 18.2404
      vertex 21.4479 4.99 18.2426
    endloop
  endfacet
  facet normal 0 1 0
    outer loop
      vertex 21.8534 4.99 17.9134
      vertex 21.4505 4.99 18.2404
      vertex 21.46 4.99 18.2584
    endloop
  endfacet
  facet normal 0 1 0
    outer loop
      vertex 21.8534 4.99 17.9134
      vertex 21.8394 4.99 17.8994
      vertex 21.4505 4.99 18.2404
    endloop
  endfacet
  facet normal 0 1 -0
    outer loop
      vertex 22.1804 4.99 17.5105
      vertex 21.8534 4.99 17.9134
      vertex 22.1984 4.99 17.52
    endloop
  endfacet
  facet normal 0 1 0
    outer loop
      vertex 21.8534 4.99 17.9134
      vertex 22.1804 4.99 17.5105
      vertex 21.8394 4.99 17.8994
    endloop
  endfacet
  facet normal 0 1 0
    outer loop
      vertex 22.1984 4.99 17.52
      vertex 22.1826 4.99 17.5079
      vertex 22.1804 4.99 17.5105
    endloop
  endfacet
  facet normal 0 1 0
    outer loop
      vertex 22.1984 4.99 17.52
      vertex 22.1845 4.99 17.5052
      vertex 22.1826 4.99 17.5079
    endloop
  endfacet
  facet normal 0 1 0
    outer loop
      vertex 22.4891 4.99 17.085
      vertex 22.1845 4.99 17.5052
      vertex 22.1984 4.99 17.52
    endloop
  endfacet
  facet normal 0 1 0
    outer loop
      vertex 22.4891 4.99 17.085
      vertex 22.4719 4.99 17.0751
      vertex 22.1845 4.99 17.5052
    endloop
  endfacet
  facet normal 0 1 -0
    outer loop
      vertex 22.7007 4.99 16.6111
      vertex 22.4891 4.99 17.085
      vertex 22.7205 4.99 16.6157
    endloop
  endfacet
  facet normal 0 1 0
    outer loop
      vertex 22.4891 4.99 17.085
      vertex 22.7007 4.99 16.6111
      vertex 22.4719 4.99 17.0751
    endloop
  endfacet
  facet normal 0 1 0
    outer loop
      vertex 22.7205 4.99 16.6157
      vertex 22.7021 4.99 16.6081
      vertex 22.7007 4.99 16.6111
    endloop
  endfacet
  facet normal 0 1 -0
    outer loop
      vertex 22.8684 4.99 16.1183
      vertex 22.7205 4.99 16.6157
      vertex 22.8887 4.99 16.1203
    endloop
  endfacet
  facet normal 0 1 0
    outer loop
      vertex 22.7205 4.99 16.6157
      vertex 22.8684 4.99 16.1183
      vertex 22.7021 4.99 16.6081
    endloop
  endfacet
  facet normal 0 1 0
    outer loop
      vertex 22.8887 4.99 16.1203
      vertex 22.8695 4.99 16.1151
      vertex 22.8684 4.99 16.1183
    endloop
  endfacet
  facet normal 0 1 0
    outer loop
      vertex 22.8887 4.99 16.1203
      vertex 22.9704 4.99 15.6078
      vertex 22.8695 4.99 16.1151
    endloop
  endfacet
  facet normal 0 1 0
    outer loop
      vertex 22.9908 4.99 15.6071
      vertex 22.9704 4.99 15.6078
      vertex 22.8887 4.99 16.1203
    endloop
  endfacet
  facet normal 0 1 0
    outer loop
      vertex 22.9908 4.99 15.6071
      vertex 22.9711 4.99 15.6045
      vertex 22.9704 4.99 15.6078
    endloop
  endfacet
  facet normal 0 1 0
    outer loop
      vertex 22.9908 4.99 15.6071
      vertex 22.9713 4.99 15.6012
      vertex 22.9711 4.99 15.6045
    endloop
  endfacet
  facet normal 0 1 0
    outer loop
      vertex 23.025 4.99 15.085
      vertex 22.9713 4.99 15.6012
      vertex 22.9908 4.99 15.6071
    endloop
  endfacet
  facet normal 0 1 0
    outer loop
      vertex 23.025 4.99 15.085
      vertex 23.0051 4.99 15.085
      vertex 22.9713 4.99 15.6012
    endloop
  endfacet
  facet normal 0 1 0
    outer loop
      vertex 23.025 4.99 15.085
      vertex 22.9713 4.99 14.5688
      vertex 23.0051 4.99 15.085
    endloop
  endfacet
  facet normal 0 1 -0
    outer loop
      vertex 22.9908 4.99 14.5629
      vertex 22.9713 4.99 14.5688
      vertex 23.025 4.99 15.085
    endloop
  endfacet
  facet normal 0 1 0
    outer loop
      vertex 22.9713 4.99 14.5688
      vertex 22.9908 4.99 14.5629
      vertex 22.9711 4.99 14.5655
    endloop
  endfacet
  facet normal 0 1 0
    outer loop
      vertex 22.9908 4.99 14.5629
      vertex 22.9704 4.99 14.5622
      vertex 22.9711 4.99 14.5655
    endloop
  endfacet
  facet normal 0 1 0
    outer loop
      vertex 22.8887 4.99 14.0497
      vertex 22.9704 4.99 14.5622
      vertex 22.9908 4.99 14.5629
    endloop
  endfacet
  facet normal 0 1 0
    outer loop
      vertex 22.9704 4.99 14.5622
      vertex 22.8887 4.99 14.0497
      vertex 22.8695 4.99 14.0549
    endloop
  endfacet
  facet normal 0 1 0
    outer loop
      vertex 22.8887 4.99 14.0497
      vertex 22.8684 4.99 14.0517
      vertex 22.8695 4.99 14.0549
    endloop
  endfacet
  facet normal 0 1 0
    outer loop
      vertex 22.7205 4.99 13.5543
      vertex 22.8684 4.99 14.0517
      vertex 22.8887 4.99 14.0497
    endloop
  endfacet
  facet normal 0 1 0
    outer loop
      vertex 22.8684 4.99 14.0517
      vertex 22.7205 4.99 13.5543
      vertex 22.7021 4.99 13.5619
    endloop
  endfacet
  facet normal 0 1 0
    outer loop
      vertex 22.7205 4.99 13.5543
      vertex 22.7007 4.99 13.5589
      vertex 22.7021 4.99 13.5619
    endloop
  endfacet
  facet normal 0 1 0
    outer loop
      vertex 22.4891 4.99 13.085
      vertex 22.7007 4.99 13.5589
      vertex 22.7205 4.99 13.5543
    endloop
  endfacet
  facet normal 0 1 0
    outer loop
      vertex 22.7007 4.99 13.5589
      vertex 22.4891 4.99 13.085
      vertex 22.4719 4.99 13.0949
    endloop
  endfacet
  facet normal 0 1 0
    outer loop
      vertex 22.4891 4.99 13.085
      vertex 22.1845 4.99 12.6648
      vertex 22.4719 4.99 13.0949
    endloop
  endfacet
  facet normal 0 1 -0
    outer loop
      vertex 22.1984 4.99 12.65
      vertex 22.1845 4.99 12.6648
      vertex 22.4891 4.99 13.085
    endloop
  endfacet
  facet normal 0 1 0
    outer loop
      vertex 22.1845 4.99 12.6648
      vertex 22.1984 4.99 12.65
      vertex 22.1826 4.99 12.6621
    endloop
  endfacet
  facet normal 0 1 0
    outer loop
      vertex 22.1984 4.99 12.65
      vertex 22.1804 4.99 12.6595
      vertex 22.1826 4.99 12.6621
    endloop
  endfacet
  facet normal 0 1 0
    outer loop
      vertex 21.8534 4.99 12.2566
      vertex 22.1804 4.99 12.6595
      vertex 22.1984 4.99 12.65
    endloop
  endfacet
  facet normal 0 1 0
    outer loop
      vertex 22.1804 4.99 12.6595
      vertex 21.8534 4.99 12.2566
      vertex 21.8394 4.99 12.2706
    endloop
  endfacet
  facet normal 0 1 0
    outer loop
      vertex 21.8534 4.99 12.2566
      vertex 21.4505 4.99 11.9296
      vertex 21.8394 4.99 12.2706
    endloop
  endfacet
  facet normal 0 1 -0
    outer loop
      vertex 21.46 4.99 11.9116
      vertex 21.4505 4.99 11.9296
      vertex 21.8534 4.99 12.2566
    endloop
  endfacet
  facet normal 0 1 0
    outer loop
      vertex 21.4505 4.99 11.9296
      vertex 21.46 4.99 11.9116
      vertex 21.4479 4.99 11.9274
    endloop
  endfacet
  facet normal 0 1 0
    outer loop
      vertex 21.46 4.99 11.9116
      vertex 21.4452 4.99 11.9255
      vertex 21.4479 4.99 11.9274
    endloop
  endfacet
  facet normal 0 1 0
    outer loop
      vertex 21.025 4.99 11.6209
      vertex 21.4452 4.99 11.9255
      vertex 21.46 4.99 11.9116
    endloop
  endfacet
  facet normal 0 1 0
    outer loop
      vertex 21.4452 4.99 11.9255
      vertex 21.025 4.99 11.6209
      vertex 21.0151 4.99 11.6381
    endloop
  endfacet
  facet normal 0 1 0
    outer loop
      vertex 21.025 4.99 11.6209
      vertex 20.5511 4.99 11.4093
      vertex 21.0151 4.99 11.6381
    endloop
  endfacet
  facet normal 0 1 -0
    outer loop
      vertex 20.5557 4.99 11.3895
      vertex 20.5511 4.99 11.4093
      vertex 21.025 4.99 11.6209
    endloop
  endfacet
  facet normal 0 1 0
    outer loop
      vertex 20.5511 4.99 11.4093
      vertex 20.5557 4.99 11.3895
      vertex 20.5481 4.99 11.4079
    endloop
  endfacet
  facet normal 0 1 0
    outer loop
      vertex 20.5557 4.99 11.3895
      vertex 20.0583 4.99 11.2416
      vertex 20.5481 4.99 11.4079
    endloop
  endfacet
  facet normal 0 1 -0
    outer loop
      vertex 20.0603 4.99 11.2213
      vertex 20.0583 4.99 11.2416
      vertex 20.5557 4.99 11.3895
    endloop
  endfacet
  facet normal 0 1 0
    outer loop
      vertex 20.0583 4.99 11.2416
      vertex 20.0603 4.99 11.2213
      vertex 20.0551 4.99 11.2405
    endloop
  endfacet
  facet normal 0 1 0
    outer loop
      vertex 20.0603 4.99 11.2213
      vertex 19.5478 4.99 11.1396
      vertex 20.0551 4.99 11.2405
    endloop
  endfacet
  facet normal 0 1 0
    outer loop
      vertex 19.5471 4.99 11.1192
      vertex 19.5478 4.99 11.1396
      vertex 20.0603 4.99 11.2213
    endloop
  endfacet
  facet normal 0 1 0
    outer loop
      vertex 19.5478 4.99 11.1396
      vertex 19.5471 4.99 11.1192
      vertex 19.5445 4.99 11.1389
    endloop
  endfacet
  facet normal 0 1 0
    outer loop
      vertex 19.5471 4.99 11.1192
      vertex 19.5412 4.99 11.1387
      vertex 19.5445 4.99 11.1389
    endloop
  endfacet
  facet normal 0 1 0
    outer loop
      vertex 19.025 4.99 11.085
      vertex 19.5412 4.99 11.1387
      vertex 19.5471 4.99 11.1192
    endloop
  endfacet
  facet normal 0 1 0
    outer loop
      vertex 19.5412 4.99 11.1387
      vertex 19.025 4.99 11.085
      vertex 19.025 4.99 11.1049
    endloop
  endfacet
  facet normal 0 1 0
    outer loop
      vertex 18.5088 4.99 19.0313
      vertex 19.025 4.99 19.085
      vertex 19.025 4.99 19.0651
    endloop
  endfacet
  facet normal 0 1 0
    outer loop
      vertex 19.025 4.99 19.085
      vertex 18.5088 4.99 19.0313
      vertex 18.5029 4.99 19.0508
    endloop
  endfacet
  facet normal 0 1 -0
    outer loop
      vertex 18.5055 4.99 19.0311
      vertex 18.5029 4.99 19.0508
      vertex 18.5088 4.99 19.0313
    endloop
  endfacet
  facet normal 0 1 0
    outer loop
      vertex 18.5022 4.99 19.0304
      vertex 18.5029 4.99 19.0508
      vertex 18.5055 4.99 19.0311
    endloop
  endfacet
  facet normal 0 1 -0
    outer loop
      vertex 18.5022 4.99 19.0304
      vertex 17.9897 4.99 18.9487
      vertex 18.5029 4.99 19.0508
    endloop
  endfacet
  facet normal 0 1 -0
    outer loop
      vertex 17.9949 4.99 18.9295
      vertex 17.9897 4.99 18.9487
      vertex 18.5022 4.99 19.0304
    endloop
  endfacet
  facet normal 0 1 -0
    outer loop
      vertex 17.9917 4.99 18.9284
      vertex 17.9897 4.99 18.9487
      vertex 17.9949 4.99 18.9295
    endloop
  endfacet
  facet normal 0 1 0
    outer loop
      vertex 17.9917 4.99 18.9284
      vertex 17.4943 4.99 18.7805
      vertex 17.9897 4.99 18.9487
    endloop
  endfacet
  facet normal 0 1 -0
    outer loop
      vertex 17.5019 4.99 18.7621
      vertex 17.4943 4.99 18.7805
      vertex 17.9917 4.99 18.9284
    endloop
  endfacet
  facet normal 0 1 -0
    outer loop
      vertex 17.4989 4.99 18.7607
      vertex 17.4943 4.99 18.7805
      vertex 17.5019 4.99 18.7621
    endloop
  endfacet
  facet normal 0 1 0
    outer loop
      vertex 17.4989 4.99 18.7607
      vertex 17.025 4.99 18.5491
      vertex 17.4943 4.99 18.7805
    endloop
  endfacet
  facet normal 0 1 -0
    outer loop
      vertex 17.0349 4.99 18.5319
      vertex 17.025 4.99 18.5491
      vertex 17.4989 4.99 18.7607
    endloop
  endfacet
  facet normal 0 1 0
    outer loop
      vertex 16.6048 4.99 18.2445
      vertex 17.025 4.99 18.5491
      vertex 17.0349 4.99 18.5319
    endloop
  endfacet
  facet normal 0 1 0
    outer loop
      vertex 17.025 4.99 18.5491
      vertex 16.6048 4.99 18.2445
      vertex 16.59 4.99 18.2584
    endloop
  endfacet
  facet normal 0 1 -0
    outer loop
      vertex 16.6021 4.99 18.2426
      vertex 16.59 4.99 18.2584
      vertex 16.6048 4.99 18.2445
    endloop
  endfacet
  facet normal 0 1 -0
    outer loop
      vertex 16.5995 4.99 18.2404
      vertex 16.59 4.99 18.2584
      vertex 16.6021 4.99 18.2426
    endloop
  endfacet
  facet normal 0 1 0
    outer loop
      vertex 16.5995 4.99 18.2404
      vertex 16.1966 4.99 17.9134
      vertex 16.59 4.99 18.2584
    endloop
  endfacet
  facet normal 0 1 -0
    outer loop
      vertex 16.2106 4.99 17.8994
      vertex 16.1966 4.99 17.9134
      vertex 16.5995 4.99 18.2404
    endloop
  endfacet
  facet normal 0 1 0
    outer loop
      vertex 15.8696 4.99 17.5105
      vertex 16.1966 4.99 17.9134
      vertex 16.2106 4.99 17.8994
    endloop
  endfacet
  facet normal 0 1 0
    outer loop
      vertex 16.1966 4.99 17.9134
      vertex 15.8696 4.99 17.5105
      vertex 15.8516 4.99 17.52
    endloop
  endfacet
  facet normal 0 1 -0
    outer loop
      vertex 15.8674 4.99 17.5079
      vertex 15.8516 4.99 17.52
      vertex 15.8696 4.99 17.5105
    endloop
  endfacet
  facet normal 0 1 -0
    outer loop
      vertex 15.8655 4.99 17.5052
      vertex 15.8516 4.99 17.52
      vertex 15.8674 4.99 17.5079
    endloop
  endfacet
  facet normal 0 1 0
    outer loop
      vertex 15.8655 4.99 17.5052
      vertex 15.5609 4.99 17.085
      vertex 15.8516 4.99 17.52
    endloop
  endfacet
  facet normal 0 1 -0
    outer loop
      vertex 15.5781 4.99 17.0751
      vertex 15.5609 4.99 17.085
      vertex 15.8655 4.99 17.5052
    endloop
  endfacet
  facet normal 0 1 0
    outer loop
      vertex 15.3493 4.99 16.6111
      vertex 15.5609 4.99 17.085
      vertex 15.5781 4.99 17.0751
    endloop
  endfacet
  facet normal 0 1 0
    outer loop
      vertex 15.5609 4.99 17.085
      vertex 15.3493 4.99 16.6111
      vertex 15.3295 4.99 16.6157
    endloop
  endfacet
  facet normal 0 1 -0
    outer loop
      vertex 15.3479 4.99 16.6081
      vertex 15.3295 4.99 16.6157
      vertex 15.3493 4.99 16.6111
    endloop
  endfacet
  facet normal 0 1 0
    outer loop
      vertex 15.1816 4.99 16.1183
      vertex 15.3295 4.99 16.6157
      vertex 15.3479 4.99 16.6081
    endloop
  endfacet
  facet normal 0 1 0
    outer loop
      vertex 15.3295 4.99 16.6157
      vertex 15.1816 4.99 16.1183
      vertex 15.1613 4.99 16.1203
    endloop
  endfacet
  facet normal 0 1 -0
    outer loop
      vertex 15.1805 4.99 16.1151
      vertex 15.1613 4.99 16.1203
      vertex 15.1816 4.99 16.1183
    endloop
  endfacet
  facet normal 0 1 0
    outer loop
      vertex 15.0796 4.99 15.6078
      vertex 15.1613 4.99 16.1203
      vertex 15.1805 4.99 16.1151
    endloop
  endfacet
  facet normal 0 1 -0
    outer loop
      vertex 15.0796 4.99 15.6078
      vertex 15.0592 4.99 15.6071
      vertex 15.1613 4.99 16.1203
    endloop
  endfacet
  facet normal 0 1 -0
    outer loop
      vertex 15.0789 4.99 15.6045
      vertex 15.0592 4.99 15.6071
      vertex 15.0796 4.99 15.6078
    endloop
  endfacet
  facet normal 0 1 -0
    outer loop
      vertex 15.0787 4.99 15.6012
      vertex 15.0592 4.99 15.6071
      vertex 15.0789 4.99 15.6045
    endloop
  endfacet
  facet normal 0 1 0
    outer loop
      vertex 15.025 4.99 15.085
      vertex 15.0787 4.99 15.6012
      vertex 15.0449 4.99 15.085
    endloop
  endfacet
  facet normal 0 1 0
    outer loop
      vertex 15.0787 4.99 15.6012
      vertex 15.025 4.99 15.085
      vertex 15.0592 4.99 15.6071
    endloop
  endfacet
  facet normal 0 1 0
    outer loop
      vertex 15.0787 4.99 14.5688
      vertex 15.025 4.99 15.085
      vertex 15.0449 4.99 15.085
    endloop
  endfacet
  facet normal 0 1 0
    outer loop
      vertex 15.0592 4.99 14.5629
      vertex 15.0787 4.99 14.5688
      vertex 15.0789 4.99 14.5655
    endloop
  endfacet
  facet normal 0 1 0
    outer loop
      vertex 15.0787 4.99 14.5688
      vertex 15.0592 4.99 14.5629
      vertex 15.025 4.99 15.085
    endloop
  endfacet
  facet normal 0 1 0
    outer loop
      vertex 15.0796 4.99 14.5622
      vertex 15.0592 4.99 14.5629
      vertex 15.0789 4.99 14.5655
    endloop
  endfacet
  facet normal 0 1 -0
    outer loop
      vertex 15.1613 4.99 14.0497
      vertex 15.0796 4.99 14.5622
      vertex 15.1805 4.99 14.0549
    endloop
  endfacet
  facet normal 0 1 0
    outer loop
      vertex 15.0796 4.99 14.5622
      vertex 15.1613 4.99 14.0497
      vertex 15.0592 4.99 14.5629
    endloop
  endfacet
  facet normal 0 1 0
    outer loop
      vertex 15.1816 4.99 14.0517
      vertex 15.1613 4.99 14.0497
      vertex 15.1805 4.99 14.0549
    endloop
  endfacet
  facet normal 0 1 -0
    outer loop
      vertex 15.3295 4.99 13.5543
      vertex 15.1816 4.99 14.0517
      vertex 15.3479 4.99 13.5619
    endloop
  endfacet
  facet normal 0 1 0
    outer loop
      vertex 15.1816 4.99 14.0517
      vertex 15.3295 4.99 13.5543
      vertex 15.1613 4.99 14.0497
    endloop
  endfacet
  facet normal 0 1 0
    outer loop
      vertex 15.3493 4.99 13.5589
      vertex 15.3295 4.99 13.5543
      vertex 15.3479 4.99 13.5619
    endloop
  endfacet
  facet normal 0 1 -0
    outer loop
      vertex 15.5609 4.99 13.085
      vertex 15.3493 4.99 13.5589
      vertex 15.5781 4.99 13.0949
    endloop
  endfacet
  facet normal 0 1 0
    outer loop
      vertex 15.3493 4.99 13.5589
      vertex 15.5609 4.99 13.085
      vertex 15.3295 4.99 13.5543
    endloop
  endfacet
  facet normal 0 1 0
    outer loop
      vertex 15.8655 4.99 12.6648
      vertex 15.5609 4.99 13.085
      vertex 15.5781 4.99 13.0949
    endloop
  endfacet
  facet normal 0 1 0
    outer loop
      vertex 15.8516 4.99 12.65
      vertex 15.8655 4.99 12.6648
      vertex 15.8674 4.99 12.6621
    endloop
  endfacet
  facet normal 0 1 0
    outer loop
      vertex 15.8655 4.99 12.6648
      vertex 15.8516 4.99 12.65
      vertex 15.5609 4.99 13.085
    endloop
  endfacet
  facet normal 0 1 0
    outer loop
      vertex 15.8696 4.99 12.6595
      vertex 15.8516 4.99 12.65
      vertex 15.8674 4.99 12.6621
    endloop
  endfacet
  facet normal 0 1 -0
    outer loop
      vertex 16.1966 4.99 12.2566
      vertex 15.8696 4.99 12.6595
      vertex 16.2106 4.99 12.2706
    endloop
  endfacet
  facet normal 0 1 0
    outer loop
      vertex 15.8696 4.99 12.6595
      vertex 16.1966 4.99 12.2566
      vertex 15.8516 4.99 12.65
    endloop
  endfacet
  facet normal 0 1 0
    outer loop
      vertex 16.5995 4.99 11.9296
      vertex 16.1966 4.99 12.2566
      vertex 16.2106 4.99 12.2706
    endloop
  endfacet
  facet normal 0 1 0
    outer loop
      vertex 16.59 4.99 11.9116
      vertex 16.5995 4.99 11.9296
      vertex 16.6021 4.99 11.9274
    endloop
  endfacet
  facet normal 0 1 0
    outer loop
      vertex 16.5995 4.99 11.9296
      vertex 16.59 4.99 11.9116
      vertex 16.1966 4.99 12.2566
    endloop
  endfacet
  facet normal 0 1 0
    outer loop
      vertex 16.6048 4.99 11.9255
      vertex 16.59 4.99 11.9116
      vertex 16.6021 4.99 11.9274
    endloop
  endfacet
  facet normal 0 1 -0
    outer loop
      vertex 17.025 4.99 11.6209
      vertex 16.6048 4.99 11.9255
      vertex 17.0349 4.99 11.6381
    endloop
  endfacet
  facet normal 0 1 0
    outer loop
      vertex 16.6048 4.99 11.9255
      vertex 17.025 4.99 11.6209
      vertex 16.59 4.99 11.9116
    endloop
  endfacet
  facet normal 0 1 0
    outer loop
      vertex 17.4989 4.99 11.4093
      vertex 17.025 4.99 11.6209
      vertex 17.0349 4.99 11.6381
    endloop
  endfacet
  facet normal 0 1 0
    outer loop
      vertex 17.4943 4.99 11.3895
      vertex 17.4989 4.99 11.4093
      vertex 17.5019 4.99 11.4079
    endloop
  endfacet
  facet normal 0 1 0
    outer loop
      vertex 17.4989 4.99 11.4093
      vertex 17.4943 4.99 11.3895
      vertex 17.025 4.99 11.6209
    endloop
  endfacet
  facet normal 0 1 0
    outer loop
      vertex 17.9917 4.99 11.2416
      vertex 17.4943 4.99 11.3895
      vertex 17.5019 4.99 11.4079
    endloop
  endfacet
  facet normal 0 1 0
    outer loop
      vertex 17.9897 4.99 11.2213
      vertex 17.9917 4.99 11.2416
      vertex 17.9949 4.99 11.2405
    endloop
  endfacet
  facet normal 0 1 0
    outer loop
      vertex 17.9917 4.99 11.2416
      vertex 17.9897 4.99 11.2213
      vertex 17.4943 4.99 11.3895
    endloop
  endfacet
  facet normal 0 1 0
    outer loop
      vertex 18.5022 4.99 11.1396
      vertex 17.9897 4.99 11.2213
      vertex 17.9949 4.99 11.2405
    endloop
  endfacet
  facet normal 0 1 -0
    outer loop
      vertex 18.5029 4.99 11.1192
      vertex 18.5022 4.99 11.1396
      vertex 18.5055 4.99 11.1389
    endloop
  endfacet
  facet normal 0 1 0
    outer loop
      vertex 18.5022 4.99 11.1396
      vertex 18.5029 4.99 11.1192
      vertex 17.9897 4.99 11.2213
    endloop
  endfacet
  facet normal 0 1 0
    outer loop
      vertex 18.5088 4.99 11.1387
      vertex 18.5029 4.99 11.1192
      vertex 18.5055 4.99 11.1389
    endloop
  endfacet
  facet normal 0 1 -0
    outer loop
      vertex 19.025 4.99 11.085
      vertex 18.5088 4.99 11.1387
      vertex 19.025 4.99 11.1049
    endloop
  endfacet
  facet normal 0 1 0
    outer loop
      vertex 18.5088 4.99 11.1387
      vertex 19.025 4.99 11.085
      vertex 18.5029 4.99 11.1192
    endloop
  endfacet
  facet normal -0.896898 0 0.442238
    outer loop
      vertex 22.4891 4.99 13.085
      vertex 22.7205 5 13.5543
      vertex 22.4891 5 13.085
    endloop
  endfacet
  facet normal -0.896898 0 0.442238
    outer loop
      vertex 22.7205 5 13.5543
      vertex 22.4891 4.99 13.085
      vertex 22.7205 4.99 13.5543
    endloop
  endfacet
  facet normal -0.831432 0 0.555626
    outer loop
      vertex 22.1984 4.99 12.65
      vertex 22.4891 5 13.085
      vertex 22.1984 5 12.65
    endloop
  endfacet
  facet normal -0.831432 0 0.555626
    outer loop
      vertex 22.4891 5 13.085
      vertex 22.1984 4.99 12.65
      vertex 22.4891 4.99 13.085
    endloop
  endfacet
  facet normal -0.442238 0 0.896898
    outer loop
      vertex 20.5557 5 11.3895
      vertex 21.025 4.99 11.6209
      vertex 21.025 5 11.6209
    endloop
  endfacet
  facet normal -0.442238 0 0.896898
    outer loop
      vertex 21.025 4.99 11.6209
      vertex 20.5557 5 11.3895
      vertex 20.5557 4.99 11.3895
    endloop
  endfacet
  facet normal -0.555626 0 0.831432
    outer loop
      vertex 21.025 5 11.6209
      vertex 21.46 4.99 11.9116
      vertex 21.46 5 11.9116
    endloop
  endfacet
  facet normal -0.555626 0 0.831432
    outer loop
      vertex 21.46 4.99 11.9116
      vertex 21.025 5 11.6209
      vertex 21.025 4.99 11.6209
    endloop
  endfacet
  facet normal 0.896898 -0 0.442238
    outer loop
      vertex 15.3295 4.99 13.5543
      vertex 15.5609 5 13.085
      vertex 15.3295 5 13.5543
    endloop
  endfacet
  facet normal 0.896898 0 0.442238
    outer loop
      vertex 15.5609 5 13.085
      vertex 15.3295 4.99 13.5543
      vertex 15.5609 4.99 13.085
    endloop
  endfacet
  facet normal 0.751842 -0 0.659343
    outer loop
      vertex 15.8516 4.99 12.65
      vertex 16.1966 5 12.2566
      vertex 15.8516 5 12.65
    endloop
  endfacet
  facet normal 0.751842 0 0.659343
    outer loop
      vertex 16.1966 5 12.2566
      vertex 15.8516 4.99 12.65
      vertex 16.1966 4.99 12.2566
    endloop
  endfacet
  facet normal 0.0653646 0 0.997861
    outer loop
      vertex 18.5029 5 11.1192
      vertex 19.025 4.99 11.085
      vertex 19.025 5 11.085
    endloop
  endfacet
  facet normal 0.0653646 0 0.997861
    outer loop
      vertex 19.025 4.99 11.085
      vertex 18.5029 5 11.1192
      vertex 18.5029 4.99 11.1192
    endloop
  endfacet
  facet normal -0.94691 0 -0.321498
    outer loop
      vertex 22.8887 4.99 16.1203
      vertex 22.7205 5 16.6157
      vertex 22.8887 5 16.1203
    endloop
  endfacet
  facet normal -0.94691 -0 -0.321498
    outer loop
      vertex 22.7205 5 16.6157
      vertex 22.8887 4.99 16.1203
      vertex 22.7205 4.99 16.6157
    endloop
  endfacet
  facet normal -0.442238 0 -0.896898
    outer loop
      vertex 20.5557 4.99 18.7805
      vertex 21.025 5 18.5491
      vertex 21.025 4.99 18.5491
    endloop
  endfacet
  facet normal -0.442238 0 -0.896898
    outer loop
      vertex 21.025 5 18.5491
      vertex 20.5557 4.99 18.7805
      vertex 20.5557 5 18.7805
    endloop
  endfacet
  facet normal -0.555626 0 -0.831432
    outer loop
      vertex 21.025 4.99 18.5491
      vertex 21.46 5 18.2584
      vertex 21.46 4.99 18.2584
    endloop
  endfacet
  facet normal -0.555626 0 -0.831432
    outer loop
      vertex 21.46 5 18.2584
      vertex 21.025 4.99 18.5491
      vertex 21.025 5 18.5491
    endloop
  endfacet
  facet normal 0.659343 0 -0.751842
    outer loop
      vertex 16.1966 4.99 17.9134
      vertex 16.59 5 18.2584
      vertex 16.59 4.99 18.2584
    endloop
  endfacet
  facet normal 0.659343 0 -0.751842
    outer loop
      vertex 16.59 5 18.2584
      vertex 16.1966 4.99 17.9134
      vertex 16.1966 5 17.9134
    endloop
  endfacet
  facet normal 0.997861 0 -0.0653646
    outer loop
      vertex 15.0592 4.99 15.6071
      vertex 15.025 5 15.085
      vertex 15.0592 5 15.6071
    endloop
  endfacet
  facet normal 0.997861 0 -0.0653646
    outer loop
      vertex 15.025 5 15.085
      vertex 15.0592 4.99 15.6071
      vertex 15.025 4.99 15.085
    endloop
  endfacet
  facet normal -0.94691 0 0.321498
    outer loop
      vertex 22.7205 4.99 13.5543
      vertex 22.8887 5 14.0497
      vertex 22.7205 5 13.5543
    endloop
  endfacet
  facet normal -0.94691 0 0.321498
    outer loop
      vertex 22.8887 5 14.0497
      vertex 22.7205 4.99 13.5543
      vertex 22.8887 4.99 14.0497
    endloop
  endfacet
  facet normal -0.980779 0 0.195124
    outer loop
      vertex 22.8887 4.99 14.0497
      vertex 22.9908 5 14.5629
      vertex 22.8887 5 14.0497
    endloop
  endfacet
  facet normal -0.980779 0 0.195124
    outer loop
      vertex 22.9908 5 14.5629
      vertex 22.8887 4.99 14.0497
      vertex 22.9908 4.99 14.5629
    endloop
  endfacet
  facet normal -0.751842 0 0.659343
    outer loop
      vertex 21.8534 4.99 12.2566
      vertex 22.1984 5 12.65
      vertex 21.8534 5 12.2566
    endloop
  endfacet
  facet normal -0.751842 0 0.659343
    outer loop
      vertex 22.1984 5 12.65
      vertex 21.8534 4.99 12.2566
      vertex 22.1984 4.99 12.65
    endloop
  endfacet
  facet normal -0.321498 0 0.94691
    outer loop
      vertex 20.0603 5 11.2213
      vertex 20.5557 4.99 11.3895
      vertex 20.5557 5 11.3895
    endloop
  endfacet
  facet normal -0.321498 0 0.94691
    outer loop
      vertex 20.5557 4.99 11.3895
      vertex 20.0603 5 11.2213
      vertex 20.0603 4.99 11.2213
    endloop
  endfacet
  facet normal -0.195124 0 0.980779
    outer loop
      vertex 19.5471 5 11.1192
      vertex 20.0603 4.99 11.2213
      vertex 20.0603 5 11.2213
    endloop
  endfacet
  facet normal -0.195124 0 0.980779
    outer loop
      vertex 20.0603 4.99 11.2213
      vertex 19.5471 5 11.1192
      vertex 19.5471 4.99 11.1192
    endloop
  endfacet
  facet normal 0.831432 -0 0.555626
    outer loop
      vertex 15.5609 4.99 13.085
      vertex 15.8516 5 12.65
      vertex 15.5609 5 13.085
    endloop
  endfacet
  facet normal 0.831432 0 0.555626
    outer loop
      vertex 15.8516 5 12.65
      vertex 15.5609 4.99 13.085
      vertex 15.8516 4.99 12.65
    endloop
  endfacet
  facet normal 0.94691 -0 0.321498
    outer loop
      vertex 15.1613 4.99 14.0497
      vertex 15.3295 5 13.5543
      vertex 15.1613 5 14.0497
    endloop
  endfacet
  facet normal 0.94691 0 0.321498
    outer loop
      vertex 15.3295 5 13.5543
      vertex 15.1613 4.99 14.0497
      vertex 15.3295 4.99 13.5543
    endloop
  endfacet
  facet normal 0.980779 -0 0.195124
    outer loop
      vertex 15.0592 4.99 14.5629
      vertex 15.1613 5 14.0497
      vertex 15.0592 5 14.5629
    endloop
  endfacet
  facet normal 0.980779 0 0.195124
    outer loop
      vertex 15.1613 5 14.0497
      vertex 15.0592 4.99 14.5629
      vertex 15.1613 4.99 14.0497
    endloop
  endfacet
  facet normal 0.442238 0 0.896898
    outer loop
      vertex 17.025 5 11.6209
      vertex 17.4943 4.99 11.3895
      vertex 17.4943 5 11.3895
    endloop
  endfacet
  facet normal 0.442238 0 0.896898
    outer loop
      vertex 17.4943 4.99 11.3895
      vertex 17.025 5 11.6209
      vertex 17.025 4.99 11.6209
    endloop
  endfacet
  facet normal 0.555626 0 0.831432
    outer loop
      vertex 16.59 5 11.9116
      vertex 17.025 4.99 11.6209
      vertex 17.025 5 11.6209
    endloop
  endfacet
  facet normal 0.555626 0 0.831432
    outer loop
      vertex 17.025 4.99 11.6209
      vertex 16.59 5 11.9116
      vertex 16.59 4.99 11.9116
    endloop
  endfacet
  facet normal 0.195124 0 0.980779
    outer loop
      vertex 17.9897 5 11.2213
      vertex 18.5029 4.99 11.1192
      vertex 18.5029 5 11.1192
    endloop
  endfacet
  facet normal 0.195124 0 0.980779
    outer loop
      vertex 18.5029 4.99 11.1192
      vertex 17.9897 5 11.2213
      vertex 17.9897 4.99 11.2213
    endloop
  endfacet
  facet normal -0.997861 0 -0.0653646
    outer loop
      vertex 23.025 4.99 15.085
      vertex 22.9908 5 15.6071
      vertex 23.025 5 15.085
    endloop
  endfacet
  facet normal -0.997861 -0 -0.0653646
    outer loop
      vertex 22.9908 5 15.6071
      vertex 23.025 4.99 15.085
      vertex 22.9908 4.99 15.6071
    endloop
  endfacet
  facet normal -0.0653646 0 -0.997861
    outer loop
      vertex 19.025 4.99 19.085
      vertex 19.5471 5 19.0508
      vertex 19.5471 4.99 19.0508
    endloop
  endfacet
  facet normal -0.0653646 0 -0.997861
    outer loop
      vertex 19.5471 5 19.0508
      vertex 19.025 4.99 19.085
      vertex 19.025 5 19.085
    endloop
  endfacet
  facet normal -0.321498 0 -0.94691
    outer loop
      vertex 20.0603 4.99 18.9487
      vertex 20.5557 5 18.7805
      vertex 20.5557 4.99 18.7805
    endloop
  endfacet
  facet normal -0.321498 0 -0.94691
    outer loop
      vertex 20.5557 5 18.7805
      vertex 20.0603 4.99 18.9487
      vertex 20.0603 5 18.9487
    endloop
  endfacet
  facet normal -0.659343 0 -0.751842
    outer loop
      vertex 21.46 4.99 18.2584
      vertex 21.8534 5 17.9134
      vertex 21.8534 4.99 17.9134
    endloop
  endfacet
  facet normal -0.659343 0 -0.751842
    outer loop
      vertex 21.8534 5 17.9134
      vertex 21.46 4.99 18.2584
      vertex 21.46 5 18.2584
    endloop
  endfacet
  facet normal -0.831432 0 -0.555626
    outer loop
      vertex 22.4891 4.99 17.085
      vertex 22.1984 5 17.52
      vertex 22.4891 5 17.085
    endloop
  endfacet
  facet normal -0.831432 -0 -0.555626
    outer loop
      vertex 22.1984 5 17.52
      vertex 22.4891 4.99 17.085
      vertex 22.1984 4.99 17.52
    endloop
  endfacet
  facet normal 0.555626 0 -0.831432
    outer loop
      vertex 16.59 4.99 18.2584
      vertex 17.025 5 18.5491
      vertex 17.025 4.99 18.5491
    endloop
  endfacet
  facet normal 0.555626 0 -0.831432
    outer loop
      vertex 17.025 5 18.5491
      vertex 16.59 4.99 18.2584
      vertex 16.59 5 18.2584
    endloop
  endfacet
  facet normal 0.321498 0 -0.94691
    outer loop
      vertex 17.4943 4.99 18.7805
      vertex 17.9897 5 18.9487
      vertex 17.9897 4.99 18.9487
    endloop
  endfacet
  facet normal 0.321498 0 -0.94691
    outer loop
      vertex 17.9897 5 18.9487
      vertex 17.4943 4.99 18.7805
      vertex 17.4943 5 18.7805
    endloop
  endfacet
  facet normal 0.0653646 0 -0.997861
    outer loop
      vertex 18.5029 4.99 19.0508
      vertex 19.025 5 19.085
      vertex 19.025 4.99 19.085
    endloop
  endfacet
  facet normal 0.0653646 0 -0.997861
    outer loop
      vertex 19.025 5 19.085
      vertex 18.5029 4.99 19.0508
      vertex 18.5029 5 19.0508
    endloop
  endfacet
  facet normal 0.896898 0 -0.442238
    outer loop
      vertex 15.5609 4.99 17.085
      vertex 15.3295 5 16.6157
      vertex 15.5609 5 17.085
    endloop
  endfacet
  facet normal 0.896898 0 -0.442238
    outer loop
      vertex 15.3295 5 16.6157
      vertex 15.5609 4.99 17.085
      vertex 15.3295 4.99 16.6157
    endloop
  endfacet
  facet normal 0.980779 0 -0.195124
    outer loop
      vertex 15.1613 4.99 16.1203
      vertex 15.0592 5 15.6071
      vertex 15.1613 5 16.1203
    endloop
  endfacet
  facet normal 0.980779 0 -0.195124
    outer loop
      vertex 15.0592 5 15.6071
      vertex 15.1613 4.99 16.1203
      vertex 15.0592 4.99 15.6071
    endloop
  endfacet
  facet normal -0.195124 0 -0.980779
    outer loop
      vertex 19.5471 4.99 19.0508
      vertex 20.0603 5 18.9487
      vertex 20.0603 4.99 18.9487
    endloop
  endfacet
  facet normal -0.195124 0 -0.980779
    outer loop
      vertex 20.0603 5 18.9487
      vertex 19.5471 4.99 19.0508
      vertex 19.5471 5 19.0508
    endloop
  endfacet
  facet normal -0.751842 0 -0.659343
    outer loop
      vertex 22.1984 4.99 17.52
      vertex 21.8534 5 17.9134
      vertex 22.1984 5 17.52
    endloop
  endfacet
  facet normal -0.751842 -0 -0.659343
    outer loop
      vertex 21.8534 5 17.9134
      vertex 22.1984 4.99 17.52
      vertex 21.8534 4.99 17.9134
    endloop
  endfacet
  facet normal -0.980779 0 -0.195124
    outer loop
      vertex 22.9908 4.99 15.6071
      vertex 22.8887 5 16.1203
      vertex 22.9908 5 15.6071
    endloop
  endfacet
  facet normal -0.980779 -0 -0.195124
    outer loop
      vertex 22.8887 5 16.1203
      vertex 22.9908 4.99 15.6071
      vertex 22.8887 4.99 16.1203
    endloop
  endfacet
  facet normal -0.896898 0 -0.442238
    outer loop
      vertex 22.7205 4.99 16.6157
      vertex 22.4891 5 17.085
      vertex 22.7205 5 16.6157
    endloop
  endfacet
  facet normal -0.896898 -0 -0.442238
    outer loop
      vertex 22.4891 5 17.085
      vertex 22.7205 4.99 16.6157
      vertex 22.4891 4.99 17.085
    endloop
  endfacet
  facet normal 0.442238 0 -0.896898
    outer loop
      vertex 17.025 4.99 18.5491
      vertex 17.4943 5 18.7805
      vertex 17.4943 4.99 18.7805
    endloop
  endfacet
  facet normal 0.442238 0 -0.896898
    outer loop
      vertex 17.4943 5 18.7805
      vertex 17.025 4.99 18.5491
      vertex 17.025 5 18.5491
    endloop
  endfacet
  facet normal 0.195124 0 -0.980779
    outer loop
      vertex 17.9897 4.99 18.9487
      vertex 18.5029 5 19.0508
      vertex 18.5029 4.99 19.0508
    endloop
  endfacet
  facet normal 0.195124 0 -0.980779
    outer loop
      vertex 18.5029 5 19.0508
      vertex 17.9897 4.99 18.9487
      vertex 17.9897 5 18.9487
    endloop
  endfacet
  facet normal 0.831432 0 -0.555626
    outer loop
      vertex 15.8516 4.99 17.52
      vertex 15.5609 5 17.085
      vertex 15.8516 5 17.52
    endloop
  endfacet
  facet normal 0.831432 0 -0.555626
    outer loop
      vertex 15.5609 5 17.085
      vertex 15.8516 4.99 17.52
      vertex 15.5609 4.99 17.085
    endloop
  endfacet
  facet normal 0 1 0
    outer loop
      vertex 0 6.575 17.6
      vertex 0 6.575 17.725
      vertex 0.80619 6.575 17.6854
    endloop
  endfacet
  facet normal 0 1 0
    outer loop
      vertex 0 6.575 17.725
      vertex 0 6.575 17.6
      vertex -0.80619 6.575 17.6854
    endloop
  endfacet
  facet normal 0 1 0
    outer loop
      vertex 1.93846 6.575 17.3646
      vertex 0.80619 6.575 17.6854
      vertex 1.60462 6.575 17.567
    endloop
  endfacet
  facet normal 0 1 -0
    outer loop
      vertex 1.93846 6.575 17.3646
      vertex 1.60462 6.575 17.567
      vertex 2.38759 6.575 17.3708
    endloop
  endfacet
  facet normal 0 1 0
    outer loop
      vertex 0.80619 6.575 17.6854
      vertex 1.93846 6.575 17.3646
      vertex 0 6.575 17.6
    endloop
  endfacet
  facet normal 0 1 0
    outer loop
      vertex 3.14757 6.575 17.0989
      vertex 1.93846 6.575 17.3646
      vertex 2.38759 6.575 17.3708
    endloop
  endfacet
  facet normal 0 1 -0
    outer loop
      vertex 3.76426 6.575 16.6722
      vertex 3.14757 6.575 17.0989
      vertex 3.87724 6.575 16.7538
    endloop
  endfacet
  facet normal 0 1 0
    outer loop
      vertex 3.14757 6.575 17.0989
      vertex 3.76426 6.575 16.6722
      vertex 1.93846 6.575 17.3646
    endloop
  endfacet
  facet normal 0 1 0
    outer loop
      vertex 4.56956 6.575 16.3388
      vertex 3.76426 6.575 16.6722
      vertex 3.87724 6.575 16.7538
    endloop
  endfacet
  facet normal 0 1 0
    outer loop
      vertex 5.37129 6.575 15.5629
      vertex 4.56956 6.575 16.3388
      vertex 5.21788 6.575 15.858
    endloop
  endfacet
  facet normal 0 1 0
    outer loop
      vertex 4.56956 6.575 16.3388
      vertex 5.37129 6.575 15.5629
      vertex 3.76426 6.575 16.6722
    endloop
  endfacet
  facet normal 0 1 0
    outer loop
      vertex 5.81595 6.575 15.316
      vertex 5.37129 6.575 15.5629
      vertex 5.21788 6.575 15.858
    endloop
  endfacet
  facet normal 0 1 0
    outer loop
      vertex 6.35801 6.575 14.7179
      vertex 5.37129 6.575 15.5629
      vertex 5.81595 6.575 15.316
    endloop
  endfacet
  facet normal 0 1 0
    outer loop
      vertex 6.35801 6.575 14.7179
      vertex 6.66617 6.575 14.1013
      vertex 5.37129 6.575 15.5629
    endloop
  endfacet
  facet normal 0 1 0
    outer loop
      vertex 6.83884 6.575 14.0696
      vertex 6.66617 6.575 14.1013
      vertex 6.35801 6.575 14.7179
    endloop
  endfacet
  facet normal 0 1 0
    outer loop
      vertex 7.2538 6.575 13.3772
      vertex 6.66617 6.575 14.1013
      vertex 6.83884 6.575 14.0696
    endloop
  endfacet
  facet normal 0 1 -0
    outer loop
      vertex 7.57363 6.575 12.3723
      vertex 7.2538 6.575 13.3772
      vertex 7.59891 6.575 12.6476
    endloop
  endfacet
  facet normal 0 1 0
    outer loop
      vertex 7.2538 6.575 13.3772
      vertex 7.57363 6.575 12.3723
      vertex 6.66617 6.575 14.1013
    endloop
  endfacet
  facet normal 0 1 0
    outer loop
      vertex 7.87083 6.575 11.8876
      vertex 7.57363 6.575 12.3723
      vertex 7.59891 6.575 12.6476
    endloop
  endfacet
  facet normal 0 1 0
    outer loop
      vertex 8.06696 6.575 11.1046
      vertex 7.57363 6.575 12.3723
      vertex 7.87083 6.575 11.8876
    endloop
  endfacet
  facet normal 0 1 0
    outer loop
      vertex 8.06696 6.575 11.1046
      vertex 8.04094 6.575 10.4763
      vertex 7.57363 6.575 12.3723
    endloop
  endfacet
  facet normal 0 1 0
    outer loop
      vertex 8.18539 6.575 10.3062
      vertex 8.04094 6.575 10.4763
      vertex 8.06696 6.575 11.1046
    endloop
  endfacet
  facet normal 0 1 0
    outer loop
      vertex 8.225 6.575 9.5
      vertex 8.04094 6.575 10.4763
      vertex 8.18539 6.575 10.3062
    endloop
  endfacet
  facet normal 0 1 -0
    outer loop
      vertex 8.18539 6.575 8.69381
      vertex 8.04094 6.575 10.4763
      vertex 8.225 6.575 9.5
    endloop
  endfacet
  facet normal 0 1 0
    outer loop
      vertex 8.04094 6.575 7.79152
      vertex 8.18539 6.575 8.69381
      vertex 8.06696 6.575 7.89538
    endloop
  endfacet
  facet normal 0 1 0
    outer loop
      vertex 8.18539 6.575 8.69381
      vertex 8.04094 6.575 7.79152
      vertex 8.04094 6.575 10.4763
    endloop
  endfacet
  facet normal 0 1 0
    outer loop
      vertex -1.93846 6.575 17.3646
      vertex -0.80619 6.575 17.6854
      vertex 0 6.575 17.6
    endloop
  endfacet
  facet normal 0 1 0
    outer loop
      vertex -0.80619 6.575 17.6854
      vertex -1.93846 6.575 17.3646
      vertex -1.60462 6.575 17.567
    endloop
  endfacet
  facet normal 0 1 0
    outer loop
      vertex -1.60462 6.575 17.567
      vertex -1.93846 6.575 17.3646
      vertex -2.38759 6.575 17.3708
    endloop
  endfacet
  facet normal 0 1 0
    outer loop
      vertex -1.93846 6.575 17.3646
      vertex -3.14757 6.575 17.0989
      vertex -2.38759 6.575 17.3708
    endloop
  endfacet
  facet normal 0 1 0
    outer loop
      vertex -3.76426 6.575 16.6722
      vertex -3.14757 6.575 17.0989
      vertex -1.93846 6.575 17.3646
    endloop
  endfacet
  facet normal 0 1 0
    outer loop
      vertex -3.14757 6.575 17.0989
      vertex -3.76426 6.575 16.6722
      vertex -3.87724 6.575 16.7538
    endloop
  endfacet
  facet normal 0 1 0
    outer loop
      vertex -3.76426 6.575 16.6722
      vertex -4.56956 6.575 16.3388
      vertex -3.87724 6.575 16.7538
    endloop
  endfacet
  facet normal 0 1 0
    outer loop
      vertex -5.37129 6.575 15.5629
      vertex -4.56956 6.575 16.3388
      vertex -3.76426 6.575 16.6722
    endloop
  endfacet
  facet normal 0 1 0
    outer loop
      vertex -4.56956 6.575 16.3388
      vertex -5.37129 6.575 15.5629
      vertex -5.21788 6.575 15.858
    endloop
  endfacet
  facet normal 0 1 -0
    outer loop
      vertex -5.37129 6.575 15.5629
      vertex -5.81595 6.575 15.316
      vertex -5.21788 6.575 15.858
    endloop
  endfacet
  facet normal 0 1 0
    outer loop
      vertex -5.37129 6.575 15.5629
      vertex -6.35801 6.575 14.7179
      vertex -5.81595 6.575 15.316
    endloop
  endfacet
  facet normal 0 1 0
    outer loop
      vertex -6.66617 6.575 14.1013
      vertex -6.35801 6.575 14.7179
      vertex -5.37129 6.575 15.5629
    endloop
  endfacet
  facet normal 0 1 -0
    outer loop
      vertex -6.66617 6.575 14.1013
      vertex -6.83884 6.575 14.0696
      vertex -6.35801 6.575 14.7179
    endloop
  endfacet
  facet normal 0 1 0
    outer loop
      vertex -6.66617 6.575 14.1013
      vertex -7.2538 6.575 13.3772
      vertex -6.83884 6.575 14.0696
    endloop
  endfacet
  facet normal 0 1 0
    outer loop
      vertex -7.57363 6.575 12.3723
      vertex -7.2538 6.575 13.3772
      vertex -6.66617 6.575 14.1013
    endloop
  endfacet
  facet normal 0 1 0
    outer loop
      vertex -7.2538 6.575 13.3772
      vertex -7.57363 6.575 12.3723
      vertex -7.59891 6.575 12.6476
    endloop
  endfacet
  facet normal 0 1 0
    outer loop
      vertex -7.57363 6.575 12.3723
      vertex -7.87083 6.575 11.8876
      vertex -7.59891 6.575 12.6476
    endloop
  endfacet
  facet normal 0 1 0
    outer loop
      vertex -7.57363 6.575 12.3723
      vertex -8.06696 6.575 11.1046
      vertex -7.87083 6.575 11.8876
    endloop
  endfacet
  facet normal 0 1 -0
    outer loop
      vertex -8.04094 6.575 10.4763
      vertex -8.06696 6.575 11.1046
      vertex -7.57363 6.575 12.3723
    endloop
  endfacet
  facet normal 0 1 0
    outer loop
      vertex -8.04094 6.575 10.4763
      vertex -8.18539 6.575 10.3062
      vertex -8.06696 6.575 11.1046
    endloop
  endfacet
  facet normal 0 1 0
    outer loop
      vertex -8.04094 6.575 10.4763
      vertex -8.225 6.575 9.5
      vertex -8.18539 6.575 10.3062
    endloop
  endfacet
  facet normal 0 1 0
    outer loop
      vertex -8.04094 6.575 10.4763
      vertex -8.18539 6.575 8.69381
      vertex -8.225 6.575 9.5
    endloop
  endfacet
  facet normal 0 1 -0
    outer loop
      vertex -8.04094 6.575 7.79152
      vertex -8.18539 6.575 8.69381
      vertex -8.04094 6.575 10.4763
    endloop
  endfacet
  facet normal 0 1 0
    outer loop
      vertex -8.18539 6.575 8.69381
      vertex -8.04094 6.575 7.79152
      vertex -8.06696 6.575 7.89538
    endloop
  endfacet
  facet normal 0.743151 -0 0.669124
    outer loop
      vertex -3.89711 6.585 -11.75
      vertex -2.64503 9.7 -13.1406
      vertex -3.89711 9.7 -11.75
    endloop
  endfacet
  facet normal 0.743151 0 0.669124
    outer loop
      vertex -2.64503 9.7 -13.1406
      vertex -3.89711 6.585 -11.75
      vertex -2.64503 6.585 -13.1406
    endloop
  endfacet
  facet normal -0 0 1
    outer loop
      vertex -0.935602 9.7 -13.9017
      vertex 0.935602 6.585 -13.9017
      vertex 0.935602 9.7 -13.9017
    endloop
  endfacet
  facet normal 0 0 1
    outer loop
      vertex 0.935602 6.585 -13.9017
      vertex -0.935602 9.7 -13.9017
      vertex -0.935602 6.585 -13.9017
    endloop
  endfacet
  facet normal 0.406743 0 0.913543
    outer loop
      vertex -2.64503 9.7 -13.1406
      vertex -0.935602 6.585 -13.9017
      vertex -0.935602 9.7 -13.9017
    endloop
  endfacet
  facet normal 0.406743 0 0.913543
    outer loop
      vertex -0.935602 6.585 -13.9017
      vertex -2.64503 9.7 -13.1406
      vertex -2.64503 6.585 -13.1406
    endloop
  endfacet
  facet normal 0.951056 -0 0.30902
    outer loop
      vertex -4.47535 6.585 -9.97038
      vertex -3.89711 9.7 -11.75
      vertex -4.47535 9.7 -9.97038
    endloop
  endfacet
  facet normal 0.951056 0 0.30902
    outer loop
      vertex -3.89711 9.7 -11.75
      vertex -4.47535 6.585 -9.97038
      vertex -3.89711 6.585 -11.75
    endloop
  endfacet
  facet normal -1 0 0
    outer loop
      vertex 4.47535 6.585 -9.97038
      vertex 4.47535 9.7 2.60469
      vertex 4.47535 9.7 -9.97038
    endloop
  endfacet
  facet normal -1 -0 0
    outer loop
      vertex 4.47535 9.7 2.60469
      vertex 4.47535 6.585 -9.97038
      vertex 4.47535 6.585 2.60469
    endloop
  endfacet
  facet normal -0.743151 0 0.669124
    outer loop
      vertex 2.64503 6.585 -13.1406
      vertex 3.89711 9.7 -11.75
      vertex 2.64503 9.7 -13.1406
    endloop
  endfacet
  facet normal -0.743151 0 0.669124
    outer loop
      vertex 3.89711 9.7 -11.75
      vertex 2.64503 6.585 -13.1406
      vertex 3.89711 6.585 -11.75
    endloop
  endfacet
  facet normal 1 -0 0
    outer loop
      vertex -4.47535 6.585 2.60469
      vertex -4.47535 9.7 -9.97038
      vertex -4.47535 9.7 2.60469
    endloop
  endfacet
  facet normal 1 0 0
    outer loop
      vertex -4.47535 9.7 -9.97038
      vertex -4.47535 6.585 2.60469
      vertex -4.47535 6.585 -9.97038
    endloop
  endfacet
  facet normal -0.406743 0 0.913543
    outer loop
      vertex 0.935602 9.7 -13.9017
      vertex 2.64503 6.585 -13.1406
      vertex 2.64503 9.7 -13.1406
    endloop
  endfacet
  facet normal -0.406743 0 0.913543
    outer loop
      vertex 2.64503 6.585 -13.1406
      vertex 0.935602 9.7 -13.9017
      vertex 0.935602 6.585 -13.9017
    endloop
  endfacet
  facet normal -0.951056 0 0.30902
    outer loop
      vertex 3.89711 6.585 -11.75
      vertex 4.47535 9.7 -9.97038
      vertex 3.89711 9.7 -11.75
    endloop
  endfacet
  facet normal -0.951056 0 0.30902
    outer loop
      vertex 4.47535 9.7 -9.97038
      vertex 3.89711 6.585 -11.75
      vertex 4.47535 6.585 -9.97038
    endloop
  endfacet
  facet normal -0.0490608 0 -0.998796
    outer loop
      vertex 0 6.575 17.725
      vertex 0.80619 9.7 17.6854
      vertex 0.80619 6.575 17.6854
    endloop
  endfacet
  facet normal -0.0490608 0 -0.998796
    outer loop
      vertex 0.80619 9.7 17.6854
      vertex 0 6.575 17.725
      vertex 0 9.7 17.725
    endloop
  endfacet
  facet normal -0.998795 0 0.0490731
    outer loop
      vertex 8.18539 6.575 8.69381
      vertex 8.225 9.7 9.5
      vertex 8.18539 9.7 8.69381
    endloop
  endfacet
  facet normal -0.998795 0 0.0490731
    outer loop
      vertex 8.225 9.7 9.5
      vertex 8.18539 6.575 8.69381
      vertex 8.225 6.575 9.5
    endloop
  endfacet
  facet normal -0.740967 0 -0.671541
    outer loop
      vertex 6.35801 6.575 14.7179
      vertex 5.81595 9.7 15.316
      vertex 6.35801 9.7 14.7179
    endloop
  endfacet
  facet normal -0.740967 -0 -0.671541
    outer loop
      vertex 5.81595 9.7 15.316
      vertex 6.35801 6.575 14.7179
      vertex 5.81595 6.575 15.316
    endloop
  endfacet
  facet normal -0.740945 0 0.671566
    outer loop
      vertex 5.81595 6.585 3.68405
      vertex 6.35801 9.7 4.28211
      vertex 5.81595 9.7 3.68405
    endloop
  endfacet
  facet normal -0.740945 0 0.671566
    outer loop
      vertex 6.35801 9.7 4.28211
      vertex 5.81595 6.585 3.68405
      vertex 6.35801 6.585 4.28211
    endloop
  endfacet
  facet normal -0.903988 0 0.427557
    outer loop
      vertex 7.2538 6.585 5.62276
      vertex 7.59891 9.7 6.35243
      vertex 7.2538 9.7 5.62276
    endloop
  endfacet
  facet normal -0.903988 0 0.427557
    outer loop
      vertex 7.59891 9.7 6.35243
      vertex 7.2538 6.585 5.62276
      vertex 7.59891 6.585 6.35243
    endloop
  endfacet
  facet normal -0.427547 0 -0.903993
    outer loop
      vertex 3.14757 6.575 17.0989
      vertex 3.87724 9.7 16.7538
      vertex 3.87724 6.575 16.7538
    endloop
  endfacet
  facet normal -0.427547 0 -0.903993
    outer loop
      vertex 3.87724 9.7 16.7538
      vertex 3.14757 6.575 17.0989
      vertex 3.14757 9.7 17.0989
    endloop
  endfacet
  facet normal -0.941549 0 -0.336876
    outer loop
      vertex 7.87083 6.575 11.8876
      vertex 7.59891 9.7 12.6476
      vertex 7.87083 9.7 11.8876
    endloop
  endfacet
  facet normal -0.941549 -0 -0.336876
    outer loop
      vertex 7.59891 9.7 12.6476
      vertex 7.87083 6.575 11.8876
      vertex 7.59891 6.575 12.6476
    endloop
  endfacet
  facet normal -0.514121 0 0.857718
    outer loop
      vertex 4.47535 9.7 2.60469
      vertex 4.56956 6.585 2.66116
      vertex 4.56956 9.7 2.66116
    endloop
  endfacet
  facet normal -0.514121 0 0.857718
    outer loop
      vertex 4.56956 6.585 2.66116
      vertex 4.47535 9.7 2.60469
      vertex 4.47535 6.585 2.60469
    endloop
  endfacet
  facet normal -0.595702 0 0.803206
    outer loop
      vertex 4.56956 9.7 2.66116
      vertex 5.21788 6.585 3.14199
      vertex 5.21788 9.7 3.14199
    endloop
  endfacet
  facet normal -0.595702 0 0.803206
    outer loop
      vertex 5.21788 6.585 3.14199
      vertex 4.56956 9.7 2.66116
      vertex 4.56956 6.585 2.66116
    endloop
  endfacet
  facet normal -0.857732 0 0.514097
    outer loop
      vertex 6.83884 6.585 4.93043
      vertex 7.2538 9.7 5.62276
      vertex 6.83884 9.7 4.93043
    endloop
  endfacet
  facet normal -0.857732 0 0.514097
    outer loop
      vertex 7.2538 9.7 5.62276
      vertex 6.83884 6.585 4.93043
      vertex 7.2538 6.585 5.62276
    endloop
  endfacet
  facet normal 0.998795 -0 0.0490731
    outer loop
      vertex -8.225 6.575 9.5
      vertex -8.18539 9.7 8.69381
      vertex -8.225 9.7 9.5
    endloop
  endfacet
  facet normal 0.998795 0 0.0490731
    outer loop
      vertex -8.18539 9.7 8.69381
      vertex -8.225 6.575 9.5
      vertex -8.18539 6.575 8.69381
    endloop
  endfacet
  facet normal 0.989177 0 -0.146729
    outer loop
      vertex -8.06696 6.575 11.1046
      vertex -8.18539 9.7 10.3062
      vertex -8.06696 9.7 11.1046
    endloop
  endfacet
  facet normal 0.989177 0 -0.146729
    outer loop
      vertex -8.18539 9.7 10.3062
      vertex -8.06696 6.575 11.1046
      vertex -8.18539 6.575 10.3062
    endloop
  endfacet
  facet normal -0.243069 0 -0.970009
    outer loop
      vertex 1.60462 6.575 17.567
      vertex 2.38759 9.7 17.3708
      vertex 2.38759 6.575 17.3708
    endloop
  endfacet
  facet normal -0.243069 0 -0.970009
    outer loop
      vertex 2.38759 9.7 17.3708
      vertex 1.60462 6.575 17.567
      vertex 1.60462 9.7 17.567
    endloop
  endfacet
  facet normal -0.146687 0 -0.989183
    outer loop
      vertex 0.80619 6.575 17.6854
      vertex 1.60462 9.7 17.567
      vertex 1.60462 6.575 17.567
    endloop
  endfacet
  facet normal -0.146687 0 -0.989183
    outer loop
      vertex 1.60462 9.7 17.567
      vertex 0.80619 6.575 17.6854
      vertex 0.80619 9.7 17.6854
    endloop
  endfacet
  facet normal -0.336862 0 -0.941554
    outer loop
      vertex 2.38759 6.575 17.3708
      vertex 3.14757 9.7 17.0989
      vertex 3.14757 6.575 17.0989
    endloop
  endfacet
  facet normal -0.336862 0 -0.941554
    outer loop
      vertex 3.14757 9.7 17.0989
      vertex 2.38759 6.575 17.3708
      vertex 2.38759 9.7 17.3708
    endloop
  endfacet
  facet normal -0.595678 0 -0.803223
    outer loop
      vertex 4.56956 6.575 16.3388
      vertex 5.21788 9.7 15.858
      vertex 5.21788 6.575 15.858
    endloop
  endfacet
  facet normal -0.595678 0 -0.803223
    outer loop
      vertex 5.21788 9.7 15.858
      vertex 4.56956 6.575 16.3388
      vertex 4.56956 9.7 16.3388
    endloop
  endfacet
  facet normal -0.671519 0 -0.740988
    outer loop
      vertex 5.21788 6.575 15.858
      vertex 5.81595 9.7 15.316
      vertex 5.81595 6.575 15.316
    endloop
  endfacet
  facet normal -0.671519 0 -0.740988
    outer loop
      vertex 5.81595 9.7 15.316
      vertex 5.21788 6.575 15.858
      vertex 5.21788 9.7 15.858
    endloop
  endfacet
  facet normal -0.989177 0 -0.146729
    outer loop
      vertex 8.18539 6.575 10.3062
      vertex 8.06696 9.7 11.1046
      vertex 8.18539 9.7 10.3062
    endloop
  endfacet
  facet normal -0.989177 -0 -0.146729
    outer loop
      vertex 8.06696 9.7 11.1046
      vertex 8.18539 6.575 10.3062
      vertex 8.06696 6.575 11.1046
    endloop
  endfacet
  facet normal -0.803197 0 -0.595714
    outer loop
      vertex 6.83884 6.575 14.0696
      vertex 6.35801 9.7 14.7179
      vertex 6.83884 9.7 14.0696
    endloop
  endfacet
  facet normal -0.803197 -0 -0.595714
    outer loop
      vertex 6.35801 9.7 14.7179
      vertex 6.83884 6.575 14.0696
      vertex 6.35801 6.575 14.7179
    endloop
  endfacet
  facet normal -0.857755 0 -0.514058
    outer loop
      vertex 7.2538 6.575 13.3772
      vertex 6.83884 9.7 14.0696
      vertex 7.2538 9.7 13.3772
    endloop
  endfacet
  facet normal -0.857755 -0 -0.514058
    outer loop
      vertex 6.83884 9.7 14.0696
      vertex 7.2538 6.575 13.3772
      vertex 6.83884 6.575 14.0696
    endloop
  endfacet
  facet normal -0.989178 0 0.146723
    outer loop
      vertex 8.06696 6.575 7.89538
      vertex 8.18539 9.7 8.69381
      vertex 8.06696 9.7 7.89538
    endloop
  endfacet
  facet normal -0.989178 0 0.146723
    outer loop
      vertex 8.18539 9.7 8.69381
      vertex 8.06696 6.575 7.89538
      vertex 8.18539 6.575 8.69381
    endloop
  endfacet
  facet normal -0.970031 0 0.242983
    outer loop
      vertex 8.04094 6.585 7.79152
      vertex 7.87083 9.7 7.11241
      vertex 7.87083 6.585 7.11241
    endloop
  endfacet
  facet normal -0.970029 1.12063e-06 0.242987
    outer loop
      vertex 7.87083 9.7 7.11241
      vertex 8.04094 6.585 7.79152
      vertex 8.06696 9.7 7.89538
    endloop
  endfacet
  facet normal -0.970022 0 0.243019
    outer loop
      vertex 8.06696 6.575 7.89538
      vertex 8.04094 6.585 7.79152
      vertex 8.04094 6.575 7.79152
    endloop
  endfacet
  facet normal -0.970022 0 0.243019
    outer loop
      vertex 8.04094 6.585 7.79152
      vertex 8.06696 6.575 7.89538
      vertex 8.06696 9.7 7.89538
    endloop
  endfacet
  facet normal 0.903973 0 -0.42759
    outer loop
      vertex -7.2538 6.575 13.3772
      vertex -7.59891 9.7 12.6476
      vertex -7.2538 9.7 13.3772
    endloop
  endfacet
  facet normal 0.903973 0 -0.42759
    outer loop
      vertex -7.59891 9.7 12.6476
      vertex -7.2538 6.575 13.3772
      vertex -7.59891 6.575 12.6476
    endloop
  endfacet
  facet normal 0.970032 0 -0.242979
    outer loop
      vertex -7.87083 6.575 11.8876
      vertex -8.06696 9.7 11.1046
      vertex -7.87083 9.7 11.8876
    endloop
  endfacet
  facet normal 0.970032 0 -0.242979
    outer loop
      vertex -8.06696 9.7 11.1046
      vertex -7.87083 6.575 11.8876
      vertex -8.06696 6.575 11.1046
    endloop
  endfacet
  facet normal -0.514139 0 -0.857707
    outer loop
      vertex 3.87724 6.575 16.7538
      vertex 4.56956 9.7 16.3388
      vertex 4.56956 6.575 16.3388
    endloop
  endfacet
  facet normal -0.514139 0 -0.857707
    outer loop
      vertex 4.56956 9.7 16.3388
      vertex 3.87724 6.575 16.7538
      vertex 3.87724 9.7 16.7538
    endloop
  endfacet
  facet normal -0.998795 0 -0.0490725
    outer loop
      vertex 8.225 6.575 9.5
      vertex 8.18539 9.7 10.3062
      vertex 8.225 9.7 9.5
    endloop
  endfacet
  facet normal -0.998795 -0 -0.0490725
    outer loop
      vertex 8.18539 9.7 10.3062
      vertex 8.225 6.575 9.5
      vertex 8.18539 6.575 10.3062
    endloop
  endfacet
  facet normal -0.970032 0 -0.242979
    outer loop
      vertex 8.06696 6.575 11.1046
      vertex 7.87083 9.7 11.8876
      vertex 8.06696 9.7 11.1046
    endloop
  endfacet
  facet normal -0.970032 -0 -0.242979
    outer loop
      vertex 7.87083 9.7 11.8876
      vertex 8.06696 6.575 11.1046
      vertex 7.87083 6.575 11.8876
    endloop
  endfacet
  facet normal -0.903973 0 -0.42759
    outer loop
      vertex 7.59891 6.575 12.6476
      vertex 7.2538 9.7 13.3772
      vertex 7.59891 9.7 12.6476
    endloop
  endfacet
  facet normal -0.903973 -0 -0.42759
    outer loop
      vertex 7.2538 9.7 13.3772
      vertex 7.59891 6.575 12.6476
      vertex 7.2538 6.575 13.3772
    endloop
  endfacet
  facet normal -0.67156 0 0.740951
    outer loop
      vertex 5.21788 9.7 3.14199
      vertex 5.81595 6.585 3.68405
      vertex 5.81595 9.7 3.68405
    endloop
  endfacet
  facet normal -0.67156 0 0.740951
    outer loop
      vertex 5.81595 6.585 3.68405
      vertex 5.21788 9.7 3.14199
      vertex 5.21788 6.585 3.14199
    endloop
  endfacet
  facet normal -0.803206 0 0.595702
    outer loop
      vertex 6.35801 6.585 4.28211
      vertex 6.83884 9.7 4.93043
      vertex 6.35801 9.7 4.28211
    endloop
  endfacet
  facet normal -0.803206 0 0.595702
    outer loop
      vertex 6.83884 9.7 4.93043
      vertex 6.35801 6.585 4.28211
      vertex 6.83884 6.585 4.93043
    endloop
  endfacet
  facet normal -0.941546 0 0.336884
    outer loop
      vertex 7.59891 6.585 6.35243
      vertex 7.87083 9.7 7.11241
      vertex 7.59891 9.7 6.35243
    endloop
  endfacet
  facet normal -0.941546 0 0.336884
    outer loop
      vertex 7.87083 9.7 7.11241
      vertex 7.59891 6.585 6.35243
      vertex 7.87083 6.585 7.11241
    endloop
  endfacet
  facet normal 0.243069 0 -0.970009
    outer loop
      vertex -2.38759 6.575 17.3708
      vertex -1.60462 9.7 17.567
      vertex -1.60462 6.575 17.567
    endloop
  endfacet
  facet normal 0.243069 0 -0.970009
    outer loop
      vertex -1.60462 9.7 17.567
      vertex -2.38759 6.575 17.3708
      vertex -2.38759 9.7 17.3708
    endloop
  endfacet
  facet normal 0.146687 0 -0.989183
    outer loop
      vertex -1.60462 6.575 17.567
      vertex -0.80619 9.7 17.6854
      vertex -0.80619 6.575 17.6854
    endloop
  endfacet
  facet normal 0.146687 0 -0.989183
    outer loop
      vertex -0.80619 9.7 17.6854
      vertex -1.60462 6.575 17.567
      vertex -1.60462 9.7 17.567
    endloop
  endfacet
  facet normal 0.0490608 0 -0.998796
    outer loop
      vertex -0.80619 6.575 17.6854
      vertex 0 9.7 17.725
      vertex 0 6.575 17.725
    endloop
  endfacet
  facet normal 0.0490608 0 -0.998796
    outer loop
      vertex 0 9.7 17.725
      vertex -0.80619 6.575 17.6854
      vertex -0.80619 9.7 17.6854
    endloop
  endfacet
  facet normal 0.857755 0 -0.514058
    outer loop
      vertex -6.83884 6.575 14.0696
      vertex -7.2538 9.7 13.3772
      vertex -6.83884 9.7 14.0696
    endloop
  endfacet
  facet normal 0.857755 0 -0.514058
    outer loop
      vertex -7.2538 9.7 13.3772
      vertex -6.83884 6.575 14.0696
      vertex -7.2538 6.575 13.3772
    endloop
  endfacet
  facet normal 0.671519 0 -0.740988
    outer loop
      vertex -5.81595 6.575 15.316
      vertex -5.21788 9.7 15.858
      vertex -5.21788 6.575 15.858
    endloop
  endfacet
  facet normal 0.671519 0 -0.740988
    outer loop
      vertex -5.21788 9.7 15.858
      vertex -5.81595 6.575 15.316
      vertex -5.81595 9.7 15.316
    endloop
  endfacet
  facet normal 0.803197 0 -0.595714
    outer loop
      vertex -6.35801 6.575 14.7179
      vertex -6.83884 9.7 14.0696
      vertex -6.35801 9.7 14.7179
    endloop
  endfacet
  facet normal 0.803197 0 -0.595714
    outer loop
      vertex -6.83884 9.7 14.0696
      vertex -6.35801 6.575 14.7179
      vertex -6.83884 6.575 14.0696
    endloop
  endfacet
  facet normal 0.336862 0 -0.941554
    outer loop
      vertex -3.14757 6.575 17.0989
      vertex -2.38759 9.7 17.3708
      vertex -2.38759 6.575 17.3708
    endloop
  endfacet
  facet normal 0.336862 0 -0.941554
    outer loop
      vertex -2.38759 9.7 17.3708
      vertex -3.14757 6.575 17.0989
      vertex -3.14757 9.7 17.0989
    endloop
  endfacet
  facet normal 0.427547 0 -0.903993
    outer loop
      vertex -3.87724 6.575 16.7538
      vertex -3.14757 9.7 17.0989
      vertex -3.14757 6.575 17.0989
    endloop
  endfacet
  facet normal 0.427547 0 -0.903993
    outer loop
      vertex -3.14757 9.7 17.0989
      vertex -3.87724 6.575 16.7538
      vertex -3.87724 9.7 16.7538
    endloop
  endfacet
  facet normal 0.595702 0 0.803206
    outer loop
      vertex -5.21788 9.7 3.14199
      vertex -4.56956 6.585 2.66116
      vertex -4.56956 9.7 2.66116
    endloop
  endfacet
  facet normal 0.595702 0 0.803206
    outer loop
      vertex -4.56956 6.585 2.66116
      vertex -5.21788 9.7 3.14199
      vertex -5.21788 6.585 3.14199
    endloop
  endfacet
  facet normal 0.514121 0 0.857718
    outer loop
      vertex -4.56956 9.7 2.66116
      vertex -4.47535 6.585 2.60469
      vertex -4.47535 9.7 2.60469
    endloop
  endfacet
  facet normal 0.514121 0 0.857718
    outer loop
      vertex -4.47535 6.585 2.60469
      vertex -4.56956 9.7 2.66116
      vertex -4.56956 6.585 2.66116
    endloop
  endfacet
  facet normal 0.941549 0 -0.336876
    outer loop
      vertex -7.59891 6.575 12.6476
      vertex -7.87083 9.7 11.8876
      vertex -7.59891 9.7 12.6476
    endloop
  endfacet
  facet normal 0.941549 0 -0.336876
    outer loop
      vertex -7.87083 9.7 11.8876
      vertex -7.59891 6.575 12.6476
      vertex -7.87083 6.575 11.8876
    endloop
  endfacet
  facet normal 0.595678 0 -0.803223
    outer loop
      vertex -5.21788 6.575 15.858
      vertex -4.56956 9.7 16.3388
      vertex -4.56956 6.575 16.3388
    endloop
  endfacet
  facet normal 0.595678 0 -0.803223
    outer loop
      vertex -4.56956 9.7 16.3388
      vertex -5.21788 6.575 15.858
      vertex -5.21788 9.7 15.858
    endloop
  endfacet
  facet normal 0.514139 0 -0.857707
    outer loop
      vertex -4.56956 6.575 16.3388
      vertex -3.87724 9.7 16.7538
      vertex -3.87724 6.575 16.7538
    endloop
  endfacet
  facet normal 0.514139 0 -0.857707
    outer loop
      vertex -3.87724 9.7 16.7538
      vertex -4.56956 6.575 16.3388
      vertex -4.56956 9.7 16.3388
    endloop
  endfacet
  facet normal 0.740967 0 -0.671541
    outer loop
      vertex -5.81595 6.575 15.316
      vertex -6.35801 9.7 14.7179
      vertex -5.81595 9.7 15.316
    endloop
  endfacet
  facet normal 0.740967 0 -0.671541
    outer loop
      vertex -6.35801 9.7 14.7179
      vertex -5.81595 6.575 15.316
      vertex -6.35801 6.575 14.7179
    endloop
  endfacet
  facet normal 0.998795 0 -0.0490725
    outer loop
      vertex -8.18539 6.575 10.3062
      vertex -8.225 9.7 9.5
      vertex -8.18539 9.7 10.3062
    endloop
  endfacet
  facet normal 0.998795 0 -0.0490725
    outer loop
      vertex -8.225 9.7 9.5
      vertex -8.18539 6.575 10.3062
      vertex -8.225 6.575 9.5
    endloop
  endfacet
  facet normal 0.989178 -0 0.146723
    outer loop
      vertex -8.18539 6.575 8.69381
      vertex -8.06696 9.7 7.89538
      vertex -8.18539 9.7 8.69381
    endloop
  endfacet
  facet normal 0.989178 0 0.146723
    outer loop
      vertex -8.06696 9.7 7.89538
      vertex -8.18539 6.575 8.69381
      vertex -8.06696 6.575 7.89538
    endloop
  endfacet
  facet normal 0.67156 0 0.740951
    outer loop
      vertex -5.81595 9.7 3.68405
      vertex -5.21788 6.585 3.14199
      vertex -5.21788 9.7 3.14199
    endloop
  endfacet
  facet normal 0.67156 0 0.740951
    outer loop
      vertex -5.21788 6.585 3.14199
      vertex -5.81595 9.7 3.68405
      vertex -5.81595 6.585 3.68405
    endloop
  endfacet
  facet normal 0.970029 1.12063e-06 0.242987
    outer loop
      vertex -8.06696 9.7 7.89538
      vertex -8.04094 6.585 7.79152
      vertex -7.87083 9.7 7.11241
    endloop
  endfacet
  facet normal 0.970022 -0 0.243019
    outer loop
      vertex -8.06696 6.575 7.89538
      vertex -8.04094 6.585 7.79152
      vertex -8.06696 9.7 7.89538
    endloop
  endfacet
  facet normal 0.970022 0 0.243019
    outer loop
      vertex -8.04094 6.585 7.79152
      vertex -8.06696 6.575 7.89538
      vertex -8.04094 6.575 7.79152
    endloop
  endfacet
  facet normal 0.970031 0 0.242983
    outer loop
      vertex -7.87083 9.7 7.11241
      vertex -8.04094 6.585 7.79152
      vertex -7.87083 6.585 7.11241
    endloop
  endfacet
  facet normal 0.740945 -0 0.671566
    outer loop
      vertex -6.35801 6.585 4.28211
      vertex -5.81595 9.7 3.68405
      vertex -6.35801 9.7 4.28211
    endloop
  endfacet
  facet normal 0.740945 0 0.671566
    outer loop
      vertex -5.81595 9.7 3.68405
      vertex -6.35801 6.585 4.28211
      vertex -5.81595 6.585 3.68405
    endloop
  endfacet
  facet normal 0.803206 -0 0.595702
    outer loop
      vertex -6.83884 6.585 4.93043
      vertex -6.35801 9.7 4.28211
      vertex -6.83884 9.7 4.93043
    endloop
  endfacet
  facet normal 0.803206 0 0.595702
    outer loop
      vertex -6.35801 9.7 4.28211
      vertex -6.83884 6.585 4.93043
      vertex -6.35801 6.585 4.28211
    endloop
  endfacet
  facet normal 0.903988 -0 0.427557
    outer loop
      vertex -7.59891 6.585 6.35243
      vertex -7.2538 9.7 5.62276
      vertex -7.59891 9.7 6.35243
    endloop
  endfacet
  facet normal 0.903988 0 0.427557
    outer loop
      vertex -7.2538 9.7 5.62276
      vertex -7.59891 6.585 6.35243
      vertex -7.2538 6.585 5.62276
    endloop
  endfacet
  facet normal 0.941546 -0 0.336884
    outer loop
      vertex -7.87083 6.585 7.11241
      vertex -7.59891 9.7 6.35243
      vertex -7.87083 9.7 7.11241
    endloop
  endfacet
  facet normal 0.941546 0 0.336884
    outer loop
      vertex -7.59891 9.7 6.35243
      vertex -7.87083 6.585 7.11241
      vertex -7.59891 6.585 6.35243
    endloop
  endfacet
  facet normal 0.857732 -0 0.514097
    outer loop
      vertex -7.2538 6.585 5.62276
      vertex -6.83884 9.7 4.93043
      vertex -7.2538 9.7 5.62276
    endloop
  endfacet
  facet normal 0.857732 0 0.514097
    outer loop
      vertex -6.83884 9.7 4.93043
      vertex -7.2538 6.585 5.62276
      vertex -6.83884 6.585 4.93043
    endloop
  endfacet
  facet normal 0 1 0
    outer loop
      vertex 1.93846 1.6 17.3646
      vertex -1.93846 1.6 17.3646
      vertex 0 1.6 17.6
    endloop
  endfacet
  facet normal 0 1 0
    outer loop
      vertex 3.76426 1.6 16.6722
      vertex -1.93846 1.6 17.3646
      vertex 1.93846 1.6 17.3646
    endloop
  endfacet
  facet normal 0 1 0
    outer loop
      vertex 3.76426 1.6 16.6722
      vertex -3.76426 1.6 16.6722
      vertex -1.93846 1.6 17.3646
    endloop
  endfacet
  facet normal 0 1 0
    outer loop
      vertex 5.37129 1.6 15.5629
      vertex -3.76426 1.6 16.6722
      vertex 3.76426 1.6 16.6722
    endloop
  endfacet
  facet normal 0 1 0
    outer loop
      vertex 5.37129 1.6 15.5629
      vertex -5.37129 1.6 15.5629
      vertex -3.76426 1.6 16.6722
    endloop
  endfacet
  facet normal 0 1 0
    outer loop
      vertex 6.66617 1.6 14.1013
      vertex -5.37129 1.6 15.5629
      vertex 5.37129 1.6 15.5629
    endloop
  endfacet
  facet normal 0 1 0
    outer loop
      vertex 6.66617 1.6 14.1013
      vertex -6.66617 1.6 14.1013
      vertex -5.37129 1.6 15.5629
    endloop
  endfacet
  facet normal 0 1 0
    outer loop
      vertex 7.57363 1.6 12.3723
      vertex -6.66617 1.6 14.1013
      vertex 6.66617 1.6 14.1013
    endloop
  endfacet
  facet normal 0 1 0
    outer loop
      vertex 7.57363 1.6 12.3723
      vertex -7.57363 1.6 12.3723
      vertex -6.66617 1.6 14.1013
    endloop
  endfacet
  facet normal 0 1 0
    outer loop
      vertex 8.04094 1.6 10.4763
      vertex -7.57363 1.6 12.3723
      vertex 7.57363 1.6 12.3723
    endloop
  endfacet
  facet normal 0 1 0
    outer loop
      vertex 8.04094 1.6 10.4763
      vertex -8.04094 1.6 10.4763
      vertex -7.57363 1.6 12.3723
    endloop
  endfacet
  facet normal 0 1 -0
    outer loop
      vertex 8.04094 1.6 -10.4763
      vertex -8.04094 1.6 10.4763
      vertex 8.04094 1.6 10.4763
    endloop
  endfacet
  facet normal 0 1 0
    outer loop
      vertex 8.04094 1.6 -10.4763
      vertex -8.04094 1.6 -10.4763
      vertex -8.04094 1.6 10.4763
    endloop
  endfacet
  facet normal 0 1 -0
    outer loop
      vertex 7.57363 1.6 -12.3723
      vertex -8.04094 1.6 -10.4763
      vertex 8.04094 1.6 -10.4763
    endloop
  endfacet
  facet normal 0 1 0
    outer loop
      vertex 7.57363 1.6 -12.3723
      vertex -7.57363 1.6 -12.3723
      vertex -8.04094 1.6 -10.4763
    endloop
  endfacet
  facet normal 0 1 -0
    outer loop
      vertex 6.66617 1.6 -14.1013
      vertex -7.57363 1.6 -12.3723
      vertex 7.57363 1.6 -12.3723
    endloop
  endfacet
  facet normal 0 1 0
    outer loop
      vertex 6.66617 1.6 -14.1013
      vertex -6.66617 1.6 -14.1013
      vertex -7.57363 1.6 -12.3723
    endloop
  endfacet
  facet normal 0 1 -0
    outer loop
      vertex 5.37129 1.6 -15.5629
      vertex -6.66617 1.6 -14.1013
      vertex 6.66617 1.6 -14.1013
    endloop
  endfacet
  facet normal 0 1 0
    outer loop
      vertex 5.37129 1.6 -15.5629
      vertex -5.37129 1.6 -15.5629
      vertex -6.66617 1.6 -14.1013
    endloop
  endfacet
  facet normal 0 1 -0
    outer loop
      vertex 3.76426 1.6 -16.6722
      vertex -5.37129 1.6 -15.5629
      vertex 5.37129 1.6 -15.5629
    endloop
  endfacet
  facet normal 0 1 0
    outer loop
      vertex 3.76426 1.6 -16.6722
      vertex -3.76426 1.6 -16.6722
      vertex -5.37129 1.6 -15.5629
    endloop
  endfacet
  facet normal 0 1 -0
    outer loop
      vertex 1.93846 1.6 -17.3646
      vertex -3.76426 1.6 -16.6722
      vertex 3.76426 1.6 -16.6722
    endloop
  endfacet
  facet normal 0 1 0
    outer loop
      vertex 1.93846 1.6 -17.3646
      vertex -1.93846 1.6 -17.3646
      vertex -3.76426 1.6 -16.6722
    endloop
  endfacet
  facet normal -0 1 0
    outer loop
      vertex -1.93846 1.6 -17.3646
      vertex 1.93846 1.6 -17.3646
      vertex 0 1.6 -17.6
    endloop
  endfacet
  facet normal -0.354589 0 0.935022
    outer loop
      vertex 1.93846 6.585 -17.3646
      vertex 3.76426 1.6 -16.6722
      vertex 3.76426 6.585 -16.6722
    endloop
  endfacet
  facet normal -0.354589 0 0.935022
    outer loop
      vertex 3.76426 1.6 -16.6722
      vertex 1.93846 6.585 -17.3646
      vertex 1.93846 1.6 -17.3646
    endloop
  endfacet
  facet normal -0.120551 0 0.992707
    outer loop
      vertex 0 6.585 -17.6
      vertex 1.93846 1.6 -17.3646
      vertex 1.93846 6.585 -17.3646
    endloop
  endfacet
  facet normal -0.120551 0 0.992707
    outer loop
      vertex 1.93846 1.6 -17.3646
      vertex 0 6.585 -17.6
      vertex 0 1.6 -17.6
    endloop
  endfacet
  facet normal 0.120551 0 0.992707
    outer loop
      vertex -1.93846 6.585 -17.3646
      vertex 0 1.6 -17.6
      vertex 0 6.585 -17.6
    endloop
  endfacet
  facet normal 0.120551 0 0.992707
    outer loop
      vertex 0 1.6 -17.6
      vertex -1.93846 6.585 -17.3646
      vertex -1.93846 1.6 -17.3646
    endloop
  endfacet
  facet normal 0 -1 0
    outer loop
      vertex -8.04094 6.585 -10.4763
      vertex -4.47535 6.585 2.60469
      vertex -4.56956 6.585 2.66116
    endloop
  endfacet
  facet normal 0 -1 0
    outer loop
      vertex -8.04094 6.585 -10.4763
      vertex -4.56956 6.585 2.66116
      vertex -5.21788 6.585 3.14199
    endloop
  endfacet
  facet normal 0 -1 0
    outer loop
      vertex -8.04094 6.585 -10.4763
      vertex -5.21788 6.585 3.14199
      vertex -5.81595 6.585 3.68405
    endloop
  endfacet
  facet normal 0 -1 0
    outer loop
      vertex -8.04094 6.585 -10.4763
      vertex -5.81595 6.585 3.68405
      vertex -6.35801 6.585 4.28211
    endloop
  endfacet
  facet normal 0 -1 0
    outer loop
      vertex -8.04094 6.585 -10.4763
      vertex -6.35801 6.585 4.28211
      vertex -6.83884 6.585 4.93043
    endloop
  endfacet
  facet normal 0 -1 0
    outer loop
      vertex -8.04094 6.585 -10.4763
      vertex -6.83884 6.585 4.93043
      vertex -7.2538 6.585 5.62276
    endloop
  endfacet
  facet normal 0 -1 0
    outer loop
      vertex -8.04094 6.585 -10.4763
      vertex -7.2538 6.585 5.62276
      vertex -7.59891 6.585 6.35243
    endloop
  endfacet
  facet normal 0 -1 0
    outer loop
      vertex -8.04094 6.585 -10.4763
      vertex -7.59891 6.585 6.35243
      vertex -7.87083 6.585 7.11241
    endloop
  endfacet
  facet normal 0 -1 0
    outer loop
      vertex -8.04094 6.585 -10.4763
      vertex -7.87083 6.585 7.11241
      vertex -8.04094 6.585 7.79152
    endloop
  endfacet
  facet normal 0 -1 -0
    outer loop
      vertex -4.47535 6.585 2.60469
      vertex -8.04094 6.585 -10.4763
      vertex -4.47535 6.585 -9.97038
    endloop
  endfacet
  facet normal 0 -1 0
    outer loop
      vertex -7.57363 6.585 -12.3723
      vertex -4.47535 6.585 -9.97038
      vertex -8.04094 6.585 -10.4763
    endloop
  endfacet
  facet normal 0 -1 -0
    outer loop
      vertex -4.47535 6.585 -9.97038
      vertex -7.57363 6.585 -12.3723
      vertex -3.89711 6.585 -11.75
    endloop
  endfacet
  facet normal 0 -1 0
    outer loop
      vertex -6.66617 6.585 -14.1013
      vertex -3.89711 6.585 -11.75
      vertex -7.57363 6.585 -12.3723
    endloop
  endfacet
  facet normal 0 -1 0
    outer loop
      vertex -5.37129 6.585 -15.5629
      vertex -3.89711 6.585 -11.75
      vertex -6.66617 6.585 -14.1013
    endloop
  endfacet
  facet normal 0 -1 0
    outer loop
      vertex -3.76426 6.585 -16.6722
      vertex -2.64503 6.585 -13.1406
      vertex -5.37129 6.585 -15.5629
    endloop
  endfacet
  facet normal 0 -1 -0
    outer loop
      vertex -3.89711 6.585 -11.75
      vertex -5.37129 6.585 -15.5629
      vertex -2.64503 6.585 -13.1406
    endloop
  endfacet
  facet normal 0 -1 0
    outer loop
      vertex 8.04094 6.585 -10.4763
      vertex 4.47535 6.585 2.60469
      vertex 4.47535 6.585 -9.97038
    endloop
  endfacet
  facet normal 0 -1 0
    outer loop
      vertex 4.47535 6.585 2.60469
      vertex 8.04094 6.585 -10.4763
      vertex 4.56956 6.585 2.66116
    endloop
  endfacet
  facet normal 0 -1 0
    outer loop
      vertex 4.56956 6.585 2.66116
      vertex 8.04094 6.585 -10.4763
      vertex 5.21788 6.585 3.14199
    endloop
  endfacet
  facet normal 0 -1 0
    outer loop
      vertex 5.21788 6.585 3.14199
      vertex 8.04094 6.585 -10.4763
      vertex 5.81595 6.585 3.68405
    endloop
  endfacet
  facet normal 0 -1 0
    outer loop
      vertex 5.81595 6.585 3.68405
      vertex 8.04094 6.585 -10.4763
      vertex 6.35801 6.585 4.28211
    endloop
  endfacet
  facet normal 0 -1 0
    outer loop
      vertex 6.35801 6.585 4.28211
      vertex 8.04094 6.585 -10.4763
      vertex 6.83884 6.585 4.93043
    endloop
  endfacet
  facet normal 0 -1 0
    outer loop
      vertex 6.83884 6.585 4.93043
      vertex 8.04094 6.585 -10.4763
      vertex 7.2538 6.585 5.62276
    endloop
  endfacet
  facet normal 0 -1 0
    outer loop
      vertex 7.2538 6.585 5.62276
      vertex 8.04094 6.585 -10.4763
      vertex 7.59891 6.585 6.35243
    endloop
  endfacet
  facet normal 0 -1 0
    outer loop
      vertex 7.59891 6.585 6.35243
      vertex 8.04094 6.585 -10.4763
      vertex 7.87083 6.585 7.11241
    endloop
  endfacet
  facet normal 0 -1 0
    outer loop
      vertex 7.87083 6.585 7.11241
      vertex 8.04094 6.585 -10.4763
      vertex 8.04094 6.585 7.79152
    endloop
  endfacet
  facet normal 0 -1 0
    outer loop
      vertex 7.57363 6.585 -12.3723
      vertex 4.47535 6.585 -9.97038
      vertex 3.89711 6.585 -11.75
    endloop
  endfacet
  facet normal 0 -1 0
    outer loop
      vertex 4.47535 6.585 -9.97038
      vertex 7.57363 6.585 -12.3723
      vertex 8.04094 6.585 -10.4763
    endloop
  endfacet
  facet normal 0 -1 0
    outer loop
      vertex 5.37129 6.585 -15.5629
      vertex 3.89711 6.585 -11.75
      vertex 2.64503 6.585 -13.1406
    endloop
  endfacet
  facet normal 0 -1 0
    outer loop
      vertex 3.76426 6.585 -16.6722
      vertex 2.64503 6.585 -13.1406
      vertex 0.935602 6.585 -13.9017
    endloop
  endfacet
  facet normal 0 -1 0
    outer loop
      vertex 3.89711 6.585 -11.75
      vertex 6.66617 6.585 -14.1013
      vertex 7.57363 6.585 -12.3723
    endloop
  endfacet
  facet normal 0 -1 -0
    outer loop
      vertex -2.64503 6.585 -13.1406
      vertex -3.76426 6.585 -16.6722
      vertex -0.935602 6.585 -13.9017
    endloop
  endfacet
  facet normal 0 -1 0
    outer loop
      vertex -1.93846 6.585 -17.3646
      vertex -0.935602 6.585 -13.9017
      vertex -3.76426 6.585 -16.6722
    endloop
  endfacet
  facet normal 0 -1 0
    outer loop
      vertex 3.89711 6.585 -11.75
      vertex 5.37129 6.585 -15.5629
      vertex 6.66617 6.585 -14.1013
    endloop
  endfacet
  facet normal 0 -1 0
    outer loop
      vertex 0 6.585 -17.6
      vertex -0.935602 6.585 -13.9017
      vertex -1.93846 6.585 -17.3646
    endloop
  endfacet
  facet normal 0 -1 0
    outer loop
      vertex 2.64503 6.585 -13.1406
      vertex 3.76426 6.585 -16.6722
      vertex 5.37129 6.585 -15.5629
    endloop
  endfacet
  facet normal 0 -1 0
    outer loop
      vertex -0.935602 6.585 -13.9017
      vertex 0 6.585 -17.6
      vertex 0.935602 6.585 -13.9017
    endloop
  endfacet
  facet normal 0 -1 0
    outer loop
      vertex 0.935602 6.585 -13.9017
      vertex 1.93846 6.585 -17.3646
      vertex 3.76426 6.585 -16.6722
    endloop
  endfacet
  facet normal 0 -1 -0
    outer loop
      vertex 0.935602 6.585 -13.9017
      vertex 0 6.585 -17.6
      vertex 1.93846 6.585 -17.3646
    endloop
  endfacet
  facet normal -0.748507 0 -0.663127
    outer loop
      vertex 6.66617 1.6 14.1013
      vertex 5.37129 6.575 15.5629
      vertex 6.66617 6.575 14.1013
    endloop
  endfacet
  facet normal -0.748507 -0 -0.663127
    outer loop
      vertex 5.37129 6.575 15.5629
      vertex 6.66617 1.6 14.1013
      vertex 5.37129 1.6 15.5629
    endloop
  endfacet
  facet normal -0.568081 0 -0.822973
    outer loop
      vertex 3.76426 1.6 16.6722
      vertex 5.37129 6.575 15.5629
      vertex 5.37129 1.6 15.5629
    endloop
  endfacet
  facet normal -0.568081 0 -0.822973
    outer loop
      vertex 5.37129 6.575 15.5629
      vertex 3.76426 1.6 16.6722
      vertex 3.76426 6.575 16.6722
    endloop
  endfacet
  facet normal -1 0 0
    outer loop
      vertex 8.04094 6.585 -10.4763
      vertex 8.04094 6.575 7.79152
      vertex 8.04094 6.585 7.79152
    endloop
  endfacet
  facet normal -1 0 0
    outer loop
      vertex 8.04094 1.6 -10.4763
      vertex 8.04094 6.575 7.79152
      vertex 8.04094 6.585 -10.4763
    endloop
  endfacet
  facet normal -1 0 0
    outer loop
      vertex 8.04094 1.6 10.4763
      vertex 8.04094 6.575 7.79152
      vertex 8.04094 1.6 -10.4763
    endloop
  endfacet
  facet normal -1 0 0
    outer loop
      vertex 8.04094 6.575 7.79152
      vertex 8.04094 1.6 10.4763
      vertex 8.04094 6.575 10.4763
    endloop
  endfacet
  facet normal -0.970943 0 0.23931
    outer loop
      vertex 7.57363 1.6 -12.3723
      vertex 8.04094 6.585 -10.4763
      vertex 7.57363 6.585 -12.3723
    endloop
  endfacet
  facet normal -0.970943 0 0.23931
    outer loop
      vertex 8.04094 6.585 -10.4763
      vertex 7.57363 1.6 -12.3723
      vertex 8.04094 1.6 -10.4763
    endloop
  endfacet
  facet normal 0.568081 0 -0.822973
    outer loop
      vertex -5.37129 1.6 15.5629
      vertex -3.76426 6.575 16.6722
      vertex -3.76426 1.6 16.6722
    endloop
  endfacet
  facet normal 0.568081 0 -0.822973
    outer loop
      vertex -3.76426 6.575 16.6722
      vertex -5.37129 1.6 15.5629
      vertex -5.37129 6.575 15.5629
    endloop
  endfacet
  facet normal -0.120551 0 -0.992707
    outer loop
      vertex 0 1.6 17.6
      vertex 1.93846 6.575 17.3646
      vertex 1.93846 1.6 17.3646
    endloop
  endfacet
  facet normal -0.120551 0 -0.992707
    outer loop
      vertex 1.93846 6.575 17.3646
      vertex 0 1.6 17.6
      vertex 0 6.575 17.6
    endloop
  endfacet
  facet normal -0.354589 0 -0.935022
    outer loop
      vertex 1.93846 1.6 17.3646
      vertex 3.76426 6.575 16.6722
      vertex 3.76426 1.6 16.6722
    endloop
  endfacet
  facet normal -0.354589 0 -0.935022
    outer loop
      vertex 3.76426 6.575 16.6722
      vertex 1.93846 1.6 17.3646
      vertex 1.93846 6.575 17.3646
    endloop
  endfacet
  facet normal -0.970943 0 -0.23931
    outer loop
      vertex 8.04094 1.6 10.4763
      vertex 7.57363 6.575 12.3723
      vertex 8.04094 6.575 10.4763
    endloop
  endfacet
  facet normal -0.970943 -0 -0.23931
    outer loop
      vertex 7.57363 6.575 12.3723
      vertex 8.04094 1.6 10.4763
      vertex 7.57363 1.6 12.3723
    endloop
  endfacet
  facet normal -0.885454 0 0.464728
    outer loop
      vertex 6.66617 1.6 -14.1013
      vertex 7.57363 6.585 -12.3723
      vertex 6.66617 6.585 -14.1013
    endloop
  endfacet
  facet normal -0.885454 0 0.464728
    outer loop
      vertex 7.57363 6.585 -12.3723
      vertex 6.66617 1.6 -14.1013
      vertex 7.57363 1.6 -12.3723
    endloop
  endfacet
  facet normal 0.970943 0 -0.23931
    outer loop
      vertex -7.57363 1.6 12.3723
      vertex -8.04094 6.575 10.4763
      vertex -7.57363 6.575 12.3723
    endloop
  endfacet
  facet normal 0.970943 0 -0.23931
    outer loop
      vertex -8.04094 6.575 10.4763
      vertex -7.57363 1.6 12.3723
      vertex -8.04094 1.6 10.4763
    endloop
  endfacet
  facet normal 0.748507 0 -0.663127
    outer loop
      vertex -5.37129 1.6 15.5629
      vertex -6.66617 6.575 14.1013
      vertex -5.37129 6.575 15.5629
    endloop
  endfacet
  facet normal 0.748507 0 -0.663127
    outer loop
      vertex -6.66617 6.575 14.1013
      vertex -5.37129 1.6 15.5629
      vertex -6.66617 1.6 14.1013
    endloop
  endfacet
  facet normal 0.354589 0 -0.935022
    outer loop
      vertex -3.76426 1.6 16.6722
      vertex -1.93846 6.575 17.3646
      vertex -1.93846 1.6 17.3646
    endloop
  endfacet
  facet normal 0.354589 0 -0.935022
    outer loop
      vertex -1.93846 6.575 17.3646
      vertex -3.76426 1.6 16.6722
      vertex -3.76426 6.575 16.6722
    endloop
  endfacet
  facet normal 1 0 0
    outer loop
      vertex -8.04094 6.575 10.4763
      vertex -8.04094 1.6 10.4763
      vertex -8.04094 6.575 7.79152
    endloop
  endfacet
  facet normal 1 -0 0
    outer loop
      vertex -8.04094 6.575 7.79152
      vertex -8.04094 6.585 -10.4763
      vertex -8.04094 6.585 7.79152
    endloop
  endfacet
  facet normal 1 0 0
    outer loop
      vertex -8.04094 1.6 -10.4763
      vertex -8.04094 6.575 7.79152
      vertex -8.04094 1.6 10.4763
    endloop
  endfacet
  facet normal 1 0 0
    outer loop
      vertex -8.04094 6.575 7.79152
      vertex -8.04094 1.6 -10.4763
      vertex -8.04094 6.585 -10.4763
    endloop
  endfacet
  facet normal 0.354589 0 0.935022
    outer loop
      vertex -3.76426 6.585 -16.6722
      vertex -1.93846 1.6 -17.3646
      vertex -1.93846 6.585 -17.3646
    endloop
  endfacet
  facet normal 0.354589 0 0.935022
    outer loop
      vertex -1.93846 1.6 -17.3646
      vertex -3.76426 6.585 -16.6722
      vertex -3.76426 1.6 -16.6722
    endloop
  endfacet
  facet normal -0.885454 0 -0.464728
    outer loop
      vertex 7.57363 1.6 12.3723
      vertex 6.66617 6.575 14.1013
      vertex 7.57363 6.575 12.3723
    endloop
  endfacet
  facet normal -0.885454 -0 -0.464728
    outer loop
      vertex 6.66617 6.575 14.1013
      vertex 7.57363 1.6 12.3723
      vertex 6.66617 1.6 14.1013
    endloop
  endfacet
  facet normal -0.748507 0 0.663127
    outer loop
      vertex 5.37129 1.6 -15.5629
      vertex 6.66617 6.585 -14.1013
      vertex 5.37129 6.585 -15.5629
    endloop
  endfacet
  facet normal -0.748507 0 0.663127
    outer loop
      vertex 6.66617 6.585 -14.1013
      vertex 5.37129 1.6 -15.5629
      vertex 6.66617 1.6 -14.1013
    endloop
  endfacet
  facet normal -0.568081 0 0.822973
    outer loop
      vertex 3.76426 6.585 -16.6722
      vertex 5.37129 1.6 -15.5629
      vertex 5.37129 6.585 -15.5629
    endloop
  endfacet
  facet normal -0.568081 0 0.822973
    outer loop
      vertex 5.37129 1.6 -15.5629
      vertex 3.76426 6.585 -16.6722
      vertex 3.76426 1.6 -16.6722
    endloop
  endfacet
  facet normal 0.885454 0 -0.464728
    outer loop
      vertex -6.66617 1.6 14.1013
      vertex -7.57363 6.575 12.3723
      vertex -6.66617 6.575 14.1013
    endloop
  endfacet
  facet normal 0.885454 0 -0.464728
    outer loop
      vertex -7.57363 6.575 12.3723
      vertex -6.66617 1.6 14.1013
      vertex -7.57363 1.6 12.3723
    endloop
  endfacet
  facet normal 0.120551 0 -0.992707
    outer loop
      vertex -1.93846 1.6 17.3646
      vertex 0 6.575 17.6
      vertex 0 1.6 17.6
    endloop
  endfacet
  facet normal 0.120551 0 -0.992707
    outer loop
      vertex 0 6.575 17.6
      vertex -1.93846 1.6 17.3646
      vertex -1.93846 6.575 17.3646
    endloop
  endfacet
  facet normal 0.568081 0 0.822973
    outer loop
      vertex -5.37129 6.585 -15.5629
      vertex -3.76426 1.6 -16.6722
      vertex -3.76426 6.585 -16.6722
    endloop
  endfacet
  facet normal 0.568081 0 0.822973
    outer loop
      vertex -3.76426 1.6 -16.6722
      vertex -5.37129 6.585 -15.5629
      vertex -5.37129 1.6 -15.5629
    endloop
  endfacet
  facet normal 0.885454 -0 0.464728
    outer loop
      vertex -7.57363 1.6 -12.3723
      vertex -6.66617 6.585 -14.1013
      vertex -7.57363 6.585 -12.3723
    endloop
  endfacet
  facet normal 0.885454 0 0.464728
    outer loop
      vertex -6.66617 6.585 -14.1013
      vertex -7.57363 1.6 -12.3723
      vertex -6.66617 1.6 -14.1013
    endloop
  endfacet
  facet normal 0.748507 -0 0.663127
    outer loop
      vertex -6.66617 1.6 -14.1013
      vertex -5.37129 6.585 -15.5629
      vertex -6.66617 6.585 -14.1013
    endloop
  endfacet
  facet normal 0.748507 0 0.663127
    outer loop
      vertex -5.37129 6.585 -15.5629
      vertex -6.66617 1.6 -14.1013
      vertex -5.37129 1.6 -15.5629
    endloop
  endfacet
  facet normal 0.970943 -0 0.23931
    outer loop
      vertex -8.04094 1.6 -10.4763
      vertex -7.57363 6.585 -12.3723
      vertex -8.04094 6.585 -10.4763
    endloop
  endfacet
  facet normal 0.970943 0 0.23931
    outer loop
      vertex -7.57363 6.585 -12.3723
      vertex -8.04094 1.6 -10.4763
      vertex -7.57363 1.6 -12.3723
    endloop
  endfacet
endsolid OpenSCAD_Model
