solid OpenSCAD_Model
  facet normal -0.999049 0 0.0435998
    outer loop
      vertex -13.4463 5 9.15193
      vertex -13.425 9.7 9.64
      vertex -13.4463 9.7 9.15193
    endloop
  endfacet
  facet normal -0.999049 0 0.0435998
    outer loop
      vertex -13.425 9.7 9.64
      vertex -13.4463 5 9.15193
      vertex -13.425 5 9.64
    endloop
  endfacet
  facet normal -0.737332 0 0.675531
    outer loop
      vertex -15.0652 5 5.6802
      vertex -14.7352 9.7 6.04039
      vertex -15.0652 9.7 5.6802
    endloop
  endfacet
  facet normal -0.737332 0 0.675531
    outer loop
      vertex -14.7352 9.7 6.04039
      vertex -15.0652 5 5.6802
      vertex -14.7352 5 6.04039
    endloop
  endfacet
  facet normal -0.923847 0 0.382762
    outer loop
      vertex -13.9497 5 7.27334
      vertex -13.7627 9.7 7.72469
      vertex -13.9497 9.7 7.27334
    endloop
  endfacet
  facet normal -0.923847 0 0.382762
    outer loop
      vertex -13.7627 9.7 7.72469
      vertex -13.9497 5 7.27334
      vertex -13.7627 5 7.72469
    endloop
  endfacet
  facet normal -0.923862 0 -0.382725
    outer loop
      vertex -13.7627 5 11.5553
      vertex -13.9497 9.7 12.0067
      vertex -13.7627 9.7 11.5553
    endloop
  endfacet
  facet normal -0.923862 -0 -0.382725
    outer loop
      vertex -13.9497 9.7 12.0067
      vertex -13.7627 5 11.5553
      vertex -13.9497 5 12.0067
    endloop
  endfacet
  facet normal 0 1 0
    outer loop
      vertex 19.9 5 2.74564
      vertex 19.025 5 5.64
      vertex 19.5471 5 5.67422
    endloop
  endfacet
  facet normal 0 1 0
    outer loop
      vertex 19.025 5 5.64
      vertex 15.5184 5 5.2788
      vertex 15.4254 5 5.35015
    endloop
  endfacet
  facet normal 0 1 0
    outer loop
      vertex 19.025 5 5.64
      vertex 19.9 5 2.74564
      vertex 15.5184 5 5.2788
    endloop
  endfacet
  facet normal 0 1 -0
    outer loop
      vertex 19.9 5 2.74564
      vertex 19.5471 5 5.67422
      vertex 19.9 5 5.74442
    endloop
  endfacet
  facet normal 0 1 -0
    outer loop
      vertex 15.6362 5 1.10081
      vertex 15.5184 5 5.2788
      vertex 19.9 5 2.74564
    endloop
  endfacet
  facet normal 0 1 0
    outer loop
      vertex -13.8504 5 0.800012
      vertex -10.9 5 3.00001
      vertex 10.9 5 3.00001
    endloop
  endfacet
  facet normal 0 1 0
    outer loop
      vertex 15.5184 5 5.2788
      vertex 15.6362 5 1.10081
      vertex 14.5853 5 4.26516
    endloop
  endfacet
  facet normal 0 1 0
    outer loop
      vertex 13.8337 5 0.800012
      vertex 14.5853 5 4.26516
      vertex 15.6362 5 1.10081
    endloop
  endfacet
  facet normal 0 1 0
    outer loop
      vertex 14.5853 5 4.26516
      vertex 13.8337 5 0.800012
      vertex 12.8482 5 3.32511
    endloop
  endfacet
  facet normal 0 1 0
    outer loop
      vertex 12.8482 5 3.32511
      vertex 13.8337 5 0.800012
      vertex 10.9 5 3.00001
    endloop
  endfacet
  facet normal 0 1 0
    outer loop
      vertex -13.8504 5 0.800012
      vertex 10.9 5 3.00001
      vertex 13.8337 5 0.800012
    endloop
  endfacet
  facet normal -0 1 0
    outer loop
      vertex -15.1766 5 0.965311
      vertex -10.9 5 3.00001
      vertex -13.8504 5 0.800012
    endloop
  endfacet
  facet normal 0 1 0
    outer loop
      vertex -10.9 5 3.00001
      vertex -15.1766 5 0.965311
      vertex -19.9 5 2.78748
    endloop
  endfacet
  facet normal 0 1 0
    outer loop
      vertex -16.9 5 14.8154
      vertex -18.5029 5 13.6058
      vertex -19.025 5 13.64
    endloop
  endfacet
  facet normal 0 1 0
    outer loop
      vertex -16.1966 5 12.4684
      vertex -15.4254 5 13.9298
      vertex -15.0652 5 13.5998
    endloop
  endfacet
  facet normal 0 1 0
    outer loop
      vertex -15.813 5 14.2273
      vertex -17.9897 5 13.5037
      vertex -18.5029 5 13.6058
    endloop
  endfacet
  facet normal 0 1 0
    outer loop
      vertex -15.813 5 14.2273
      vertex -17.4943 5 13.3355
      vertex -17.9897 5 13.5037
    endloop
  endfacet
  facet normal 0 1 0
    outer loop
      vertex -16.1966 5 12.4684
      vertex -15.0652 5 13.5998
      vertex -14.7352 5 13.2396
    endloop
  endfacet
  facet normal 0 1 0
    outer loop
      vertex -15.813 5 14.2273
      vertex -17.025 5 13.1041
      vertex -17.4943 5 13.3355
    endloop
  endfacet
  facet normal 0 1 0
    outer loop
      vertex -15.8516 5 12.075
      vertex -14.7352 5 13.2396
      vertex -14.4377 5 12.852
    endloop
  endfacet
  facet normal 0 1 0
    outer loop
      vertex -15.813 5 14.2273
      vertex -16.59 5 12.8134
      vertex -17.025 5 13.1041
    endloop
  endfacet
  facet normal 0 1 0
    outer loop
      vertex -15.4254 5 13.9298
      vertex -16.1966 5 12.4684
      vertex -16.59 5 12.8134
    endloop
  endfacet
  facet normal 0 1 0
    outer loop
      vertex -15.5609 5 11.64
      vertex -14.4377 5 12.852
      vertex -14.1753 5 12.44
    endloop
  endfacet
  facet normal 0 1 0
    outer loop
      vertex -14.7352 5 13.2396
      vertex -15.8516 5 12.075
      vertex -16.1966 5 12.4684
    endloop
  endfacet
  facet normal 0 1 0
    outer loop
      vertex -15.5609 5 11.64
      vertex -14.1753 5 12.44
      vertex -13.9497 5 12.0067
    endloop
  endfacet
  facet normal 0 1 0
    outer loop
      vertex -14.4377 5 12.852
      vertex -15.5609 5 11.64
      vertex -15.8516 5 12.075
    endloop
  endfacet
  facet normal 0 1 0
    outer loop
      vertex -15.3295 5 11.1707
      vertex -13.9497 5 12.0067
      vertex -13.7627 5 11.5553
    endloop
  endfacet
  facet normal 0 1 0
    outer loop
      vertex -13.9497 5 12.0067
      vertex -15.3295 5 11.1707
      vertex -15.5609 5 11.64
    endloop
  endfacet
  facet normal 0 1 0
    outer loop
      vertex -15.1613 5 10.6753
      vertex -13.7627 5 11.5553
      vertex -13.6158 5 11.0894
    endloop
  endfacet
  facet normal 0 1 0
    outer loop
      vertex -13.7627 5 11.5553
      vertex -15.1613 5 10.6753
      vertex -15.3295 5 11.1707
    endloop
  endfacet
  facet normal 0 1 0
    outer loop
      vertex -13.5101 5 10.6124
      vertex -15.1613 5 10.6753
      vertex -13.6158 5 11.0894
    endloop
  endfacet
  facet normal 0 1 0
    outer loop
      vertex -13.5101 5 10.6124
      vertex -15.0592 5 10.1621
      vertex -15.1613 5 10.6753
    endloop
  endfacet
  facet normal 0 1 0
    outer loop
      vertex -13.4463 5 10.1281
      vertex -15.0592 5 10.1621
      vertex -13.5101 5 10.6124
    endloop
  endfacet
  facet normal 0 1 0
    outer loop
      vertex -15.025 5 9.64
      vertex -13.4463 5 10.1281
      vertex -13.425 5 9.64
    endloop
  endfacet
  facet normal 0 1 0
    outer loop
      vertex -13.4463 5 10.1281
      vertex -15.025 5 9.64
      vertex -15.0592 5 10.1621
    endloop
  endfacet
  facet normal 0 1 -0
    outer loop
      vertex -13.4463 5 9.15193
      vertex -15.025 5 9.64
      vertex -13.425 5 9.64
    endloop
  endfacet
  facet normal 0 1 0
    outer loop
      vertex -13.4463 5 9.15193
      vertex -15.0592 5 9.1179
      vertex -15.025 5 9.64
    endloop
  endfacet
  facet normal 0 1 -0
    outer loop
      vertex -13.5101 5 8.66757
      vertex -15.0592 5 9.1179
      vertex -13.4463 5 9.15193
    endloop
  endfacet
  facet normal 0 1 0
    outer loop
      vertex -13.5101 5 8.66757
      vertex -15.1613 5 8.60472
      vertex -15.0592 5 9.1179
    endloop
  endfacet
  facet normal 0 1 -0
    outer loop
      vertex -13.6158 5 8.19061
      vertex -15.1613 5 8.60472
      vertex -13.5101 5 8.66757
    endloop
  endfacet
  facet normal 0 1 -0
    outer loop
      vertex -13.7627 5 7.72469
      vertex -15.1613 5 8.60472
      vertex -13.6158 5 8.19061
    endloop
  endfacet
  facet normal 0 1 0
    outer loop
      vertex -15.1613 5 8.60472
      vertex -13.7627 5 7.72469
      vertex -15.3295 5 8.10927
    endloop
  endfacet
  facet normal 0 1 -0
    outer loop
      vertex -13.9497 5 7.27334
      vertex -15.3295 5 8.10927
      vertex -13.7627 5 7.72469
    endloop
  endfacet
  facet normal 0 1 0
    outer loop
      vertex -15.3295 5 8.10927
      vertex -13.9497 5 7.27334
      vertex -15.5609 5 7.64
    endloop
  endfacet
  facet normal 0 1 -0
    outer loop
      vertex -14.1753 5 6.84
      vertex -15.5609 5 7.64
      vertex -13.9497 5 7.27334
    endloop
  endfacet
  facet normal 0 1 -0
    outer loop
      vertex -14.4377 5 6.42797
      vertex -15.5609 5 7.64
      vertex -14.1753 5 6.84
    endloop
  endfacet
  facet normal 0 1 0
    outer loop
      vertex -15.5609 5 7.64
      vertex -14.4377 5 6.42797
      vertex -15.8516 5 7.20495
    endloop
  endfacet
  facet normal 0 1 -0
    outer loop
      vertex -14.7352 5 6.04039
      vertex -15.8516 5 7.20495
      vertex -14.4377 5 6.42797
    endloop
  endfacet
  facet normal 0 1 0
    outer loop
      vertex -15.8516 5 7.20495
      vertex -14.7352 5 6.04039
      vertex -16.1966 5 6.81157
    endloop
  endfacet
  facet normal 0 1 -0
    outer loop
      vertex -15.0652 5 5.6802
      vertex -16.1966 5 6.81157
      vertex -14.7352 5 6.04039
    endloop
  endfacet
  facet normal 0 1 -0
    outer loop
      vertex -15.4254 5 5.35015
      vertex -16.1966 5 6.81157
      vertex -15.0652 5 5.6802
    endloop
  endfacet
  facet normal 0 1 0
    outer loop
      vertex -16.1966 5 6.81157
      vertex -15.4254 5 5.35015
      vertex -16.59 5 6.46659
    endloop
  endfacet
  facet normal 0 1 -0
    outer loop
      vertex -15.5606 5 5.2464
      vertex -16.59 5 6.46659
      vertex -15.4254 5 5.35015
    endloop
  endfacet
  facet normal 0 1 0
    outer loop
      vertex -16.59 5 6.46659
      vertex -15.5606 5 5.2464
      vertex -17.025 5 6.1759
    endloop
  endfacet
  facet normal 0 1 0
    outer loop
      vertex -17.025 5 6.1759
      vertex -15.5606 5 5.2464
      vertex -17.4943 5 5.94448
    endloop
  endfacet
  facet normal 0 1 0
    outer loop
      vertex -17.4943 5 5.94448
      vertex -15.5606 5 5.2464
      vertex -17.9897 5 5.7763
    endloop
  endfacet
  facet normal 0 1 0
    outer loop
      vertex -19.9 5 2.78748
      vertex -17.9897 5 5.7763
      vertex -15.5606 5 5.2464
    endloop
  endfacet
  facet normal 0 1 -0
    outer loop
      vertex 17.025 5 13.1041
      vertex 16.6583 5 14.7153
      vertex 17.4943 5 13.3355
    endloop
  endfacet
  facet normal 0 1 0
    outer loop
      vertex 16.6583 5 14.7153
      vertex 17.025 5 13.1041
      vertex 16.225 5 14.4897
    endloop
  endfacet
  facet normal 0 1 0
    outer loop
      vertex 16.225 5 14.4897
      vertex 17.025 5 13.1041
      vertex 15.813 5 14.2273
    endloop
  endfacet
  facet normal 0 1 -0
    outer loop
      vertex 16.59 5 12.8134
      vertex 15.813 5 14.2273
      vertex 17.025 5 13.1041
    endloop
  endfacet
  facet normal 0 1 0
    outer loop
      vertex 15.813 5 14.2273
      vertex 16.59 5 12.8134
      vertex 15.4254 5 13.9298
    endloop
  endfacet
  facet normal 0 1 -0
    outer loop
      vertex 16.1966 5 12.4684
      vertex 15.4254 5 13.9298
      vertex 16.59 5 12.8134
    endloop
  endfacet
  facet normal 0 1 0
    outer loop
      vertex 15.4254 5 13.9298
      vertex 16.1966 5 12.4684
      vertex 15.0652 5 13.5998
    endloop
  endfacet
  facet normal 0 1 0
    outer loop
      vertex 15.0652 5 13.5998
      vertex 16.1966 5 12.4684
      vertex 14.7352 5 13.2396
    endloop
  endfacet
  facet normal 0 1 -0
    outer loop
      vertex 15.8516 5 12.075
      vertex 14.7352 5 13.2396
      vertex 16.1966 5 12.4684
    endloop
  endfacet
  facet normal 0 1 0
    outer loop
      vertex 14.7352 5 13.2396
      vertex 15.8516 5 12.075
      vertex 14.4377 5 12.852
    endloop
  endfacet
  facet normal 0 1 -0
    outer loop
      vertex 15.5609 5 11.64
      vertex 14.4377 5 12.852
      vertex 15.8516 5 12.075
    endloop
  endfacet
  facet normal 0 1 0
    outer loop
      vertex 14.4377 5 12.852
      vertex 15.5609 5 11.64
      vertex 14.1753 5 12.44
    endloop
  endfacet
  facet normal 0 1 0
    outer loop
      vertex 14.1753 5 12.44
      vertex 15.5609 5 11.64
      vertex 13.9497 5 12.0067
    endloop
  endfacet
  facet normal 0 1 -0
    outer loop
      vertex 15.3295 5 11.1707
      vertex 13.9497 5 12.0067
      vertex 15.5609 5 11.64
    endloop
  endfacet
  facet normal 0 1 0
    outer loop
      vertex 13.9497 5 12.0067
      vertex 15.3295 5 11.1707
      vertex 13.7627 5 11.5553
    endloop
  endfacet
  facet normal 0 1 -0
    outer loop
      vertex 15.1613 5 10.6753
      vertex 13.7627 5 11.5553
      vertex 15.3295 5 11.1707
    endloop
  endfacet
  facet normal 0 1 0
    outer loop
      vertex 13.7627 5 11.5553
      vertex 15.1613 5 10.6753
      vertex 13.6158 5 11.0894
    endloop
  endfacet
  facet normal 0 1 0
    outer loop
      vertex 15.1613 5 10.6753
      vertex 13.5101 5 10.6124
      vertex 13.6158 5 11.0894
    endloop
  endfacet
  facet normal 0 1 -0
    outer loop
      vertex 15.0592 5 10.1621
      vertex 13.5101 5 10.6124
      vertex 15.1613 5 10.6753
    endloop
  endfacet
  facet normal 0 1 0
    outer loop
      vertex 15.0592 5 10.1621
      vertex 13.4463 5 10.1281
      vertex 13.5101 5 10.6124
    endloop
  endfacet
  facet normal 0 1 -0
    outer loop
      vertex 15.025 5 9.64
      vertex 13.4463 5 10.1281
      vertex 15.0592 5 10.1621
    endloop
  endfacet
  facet normal 0 1 0
    outer loop
      vertex 13.4463 5 10.1281
      vertex 15.025 5 9.64
      vertex 13.425 5 9.64
    endloop
  endfacet
  facet normal 0 1 0
    outer loop
      vertex 15.025 5 9.64
      vertex 13.4463 5 9.15193
      vertex 13.425 5 9.64
    endloop
  endfacet
  facet normal 0 1 0
    outer loop
      vertex 15.0592 5 9.1179
      vertex 13.4463 5 9.15193
      vertex 15.025 5 9.64
    endloop
  endfacet
  facet normal 0 1 0
    outer loop
      vertex 15.0592 5 9.1179
      vertex 13.5101 5 8.66757
      vertex 13.4463 5 9.15193
    endloop
  endfacet
  facet normal 0 1 0
    outer loop
      vertex 15.1613 5 8.60472
      vertex 13.5101 5 8.66757
      vertex 15.0592 5 9.1179
    endloop
  endfacet
  facet normal 0 1 0
    outer loop
      vertex 15.1613 5 8.60472
      vertex 13.6158 5 8.19061
      vertex 13.5101 5 8.66757
    endloop
  endfacet
  facet normal 0 1 0
    outer loop
      vertex 13.7627 5 7.72469
      vertex 15.1613 5 8.60472
      vertex 15.3295 5 8.10927
    endloop
  endfacet
  facet normal 0 1 0
    outer loop
      vertex 15.1613 5 8.60472
      vertex 13.7627 5 7.72469
      vertex 13.6158 5 8.19061
    endloop
  endfacet
  facet normal 0 1 0
    outer loop
      vertex 13.9497 5 7.27334
      vertex 15.3295 5 8.10927
      vertex 15.5609 5 7.64
    endloop
  endfacet
  facet normal 0 1 0
    outer loop
      vertex 15.3295 5 8.10927
      vertex 13.9497 5 7.27334
      vertex 13.7627 5 7.72469
    endloop
  endfacet
  facet normal 0 1 0
    outer loop
      vertex 14.4377 5 6.42797
      vertex 15.5609 5 7.64
      vertex 15.8516 5 7.20495
    endloop
  endfacet
  facet normal 0 1 0
    outer loop
      vertex 15.5609 5 7.64
      vertex 14.1753 5 6.84
      vertex 13.9497 5 7.27334
    endloop
  endfacet
  facet normal 0 1 0
    outer loop
      vertex 14.7352 5 6.04039
      vertex 15.8516 5 7.20495
      vertex 16.1966 5 6.81157
    endloop
  endfacet
  facet normal 0 1 0
    outer loop
      vertex 15.4254 5 5.35015
      vertex 16.1966 5 6.81157
      vertex 16.59 5 6.46659
    endloop
  endfacet
  facet normal 0 1 0
    outer loop
      vertex 15.5609 5 7.64
      vertex 14.4377 5 6.42797
      vertex 14.1753 5 6.84
    endloop
  endfacet
  facet normal 0 1 0
    outer loop
      vertex 15.4254 5 5.35015
      vertex 16.59 5 6.46659
      vertex 17.025 5 6.1759
    endloop
  endfacet
  facet normal 0 1 0
    outer loop
      vertex 15.8516 5 7.20495
      vertex 14.7352 5 6.04039
      vertex 14.4377 5 6.42797
    endloop
  endfacet
  facet normal 0 1 0
    outer loop
      vertex 15.4254 5 5.35015
      vertex 17.025 5 6.1759
      vertex 17.4943 5 5.94448
    endloop
  endfacet
  facet normal 0 1 0
    outer loop
      vertex 15.4254 5 5.35015
      vertex 17.4943 5 5.94448
      vertex 17.9897 5 5.7763
    endloop
  endfacet
  facet normal 0 1 0
    outer loop
      vertex 16.1966 5 6.81157
      vertex 15.0652 5 5.6802
      vertex 14.7352 5 6.04039
    endloop
  endfacet
  facet normal 0 1 0
    outer loop
      vertex 15.4254 5 5.35015
      vertex 17.9897 5 5.7763
      vertex 18.5029 5 5.67422
    endloop
  endfacet
  facet normal 0 1 0
    outer loop
      vertex 15.4254 5 5.35015
      vertex 18.5029 5 5.67422
      vertex 19.025 5 5.64
    endloop
  endfacet
  facet normal 0 1 0
    outer loop
      vertex 16.1966 5 6.81157
      vertex 15.4254 5 5.35015
      vertex 15.0652 5 5.6802
    endloop
  endfacet
  facet normal 0 1 0
    outer loop
      vertex 16.9 5 34.6346
      vertex 19.025 5 35.81
      vertex 19.5471 5 35.8442
    endloop
  endfacet
  facet normal 0 1 0
    outer loop
      vertex 19.025 5 35.81
      vertex 15.813 5 35.2227
      vertex 15.4254 5 35.5201
    endloop
  endfacet
  facet normal 0 1 0
    outer loop
      vertex 19.025 5 35.81
      vertex 16.225 5 34.9603
      vertex 15.813 5 35.2227
    endloop
  endfacet
  facet normal 0 1 0
    outer loop
      vertex 16.9 5 34.6346
      vertex 19.5471 5 35.8442
      vertex 19.9 5 35.9144
    endloop
  endfacet
  facet normal 0 1 0
    outer loop
      vertex 19.025 5 35.81
      vertex 16.6583 5 34.7347
      vertex 16.225 5 34.9603
    endloop
  endfacet
  facet normal 0 1 0
    outer loop
      vertex 19.025 5 35.81
      vertex 16.9 5 34.6346
      vertex 16.6583 5 34.7347
    endloop
  endfacet
  facet normal 0 1 0
    outer loop
      vertex 19.9 5 35.9144
      vertex 16.9 5 14.8154
      vertex 16.9 5 34.6346
    endloop
  endfacet
  facet normal 0 1 -0
    outer loop
      vertex 18.5029 5 13.6058
      vertex 16.9 5 14.8154
      vertex 19.025 5 13.64
    endloop
  endfacet
  facet normal 0 1 -0
    outer loop
      vertex 17.9897 5 13.5037
      vertex 16.9 5 14.8154
      vertex 18.5029 5 13.6058
    endloop
  endfacet
  facet normal 0 1 -0
    outer loop
      vertex 17.4943 5 13.3355
      vertex 16.9 5 14.8154
      vertex 17.9897 5 13.5037
    endloop
  endfacet
  facet normal 0 1 0
    outer loop
      vertex 16.9 5 14.8154
      vertex 17.4943 5 13.3355
      vertex 16.6583 5 14.7153
    endloop
  endfacet
  facet normal 0 1 -0
    outer loop
      vertex 19.9 5 13.5356
      vertex 16.9 5 14.8154
      vertex 19.9 5 35.9144
    endloop
  endfacet
  facet normal 0 1 0
    outer loop
      vertex 16.9 5 14.8154
      vertex 19.5471 5 13.6058
      vertex 19.025 5 13.64
    endloop
  endfacet
  facet normal 0 1 0
    outer loop
      vertex 16.9 5 14.8154
      vertex 19.9 5 13.5356
      vertex 19.5471 5 13.6058
    endloop
  endfacet
  facet normal 0 1 0
    outer loop
      vertex -19.9 5 46.7044
      vertex -18.5029 5 43.7758
      vertex -19.025 5 43.81
    endloop
  endfacet
  facet normal 0 1 0
    outer loop
      vertex -16.1966 5 42.6384
      vertex -15.4254 5 44.0998
      vertex -15.0652 5 43.7698
    endloop
  endfacet
  facet normal 0 1 0
    outer loop
      vertex -15.5184 5 44.1712
      vertex -17.9897 5 43.6737
      vertex -18.5029 5 43.7758
    endloop
  endfacet
  facet normal 0 1 0
    outer loop
      vertex -15.5184 5 44.1712
      vertex -17.4943 5 43.5055
      vertex -17.9897 5 43.6737
    endloop
  endfacet
  facet normal 0 1 0
    outer loop
      vertex -16.1966 5 42.6384
      vertex -15.0652 5 43.7698
      vertex -14.7352 5 43.4096
    endloop
  endfacet
  facet normal 0 1 0
    outer loop
      vertex -15.5184 5 44.1712
      vertex -17.025 5 43.2741
      vertex -17.4943 5 43.5055
    endloop
  endfacet
  facet normal 0 1 0
    outer loop
      vertex -15.8516 5 42.245
      vertex -14.7352 5 43.4096
      vertex -14.4377 5 43.022
    endloop
  endfacet
  facet normal 0 1 0
    outer loop
      vertex -15.5184 5 44.1712
      vertex -16.59 5 42.9834
      vertex -17.025 5 43.2741
    endloop
  endfacet
  facet normal 0 1 0
    outer loop
      vertex -15.4254 5 44.0998
      vertex -16.1966 5 42.6384
      vertex -16.59 5 42.9834
    endloop
  endfacet
  facet normal 0 1 0
    outer loop
      vertex -15.5609 5 41.81
      vertex -14.4377 5 43.022
      vertex -14.1753 5 42.61
    endloop
  endfacet
  facet normal 0 1 0
    outer loop
      vertex -14.7352 5 43.4096
      vertex -15.8516 5 42.245
      vertex -16.1966 5 42.6384
    endloop
  endfacet
  facet normal 0 1 0
    outer loop
      vertex -15.5609 5 41.81
      vertex -14.1753 5 42.61
      vertex -13.9497 5 42.1767
    endloop
  endfacet
  facet normal 0 1 0
    outer loop
      vertex -14.4377 5 43.022
      vertex -15.5609 5 41.81
      vertex -15.8516 5 42.245
    endloop
  endfacet
  facet normal 0 1 0
    outer loop
      vertex -15.3295 5 41.3407
      vertex -13.9497 5 42.1767
      vertex -13.7627 5 41.7253
    endloop
  endfacet
  facet normal 0 1 0
    outer loop
      vertex -13.9497 5 42.1767
      vertex -15.3295 5 41.3407
      vertex -15.5609 5 41.81
    endloop
  endfacet
  facet normal 0 1 0
    outer loop
      vertex -15.1613 5 40.8453
      vertex -13.7627 5 41.7253
      vertex -13.6158 5 41.2594
    endloop
  endfacet
  facet normal 0 1 0
    outer loop
      vertex -13.7627 5 41.7253
      vertex -15.1613 5 40.8453
      vertex -15.3295 5 41.3407
    endloop
  endfacet
  facet normal 0 1 0
    outer loop
      vertex -13.5101 5 40.7824
      vertex -15.1613 5 40.8453
      vertex -13.6158 5 41.2594
    endloop
  endfacet
  facet normal 0 1 0
    outer loop
      vertex -13.5101 5 40.7824
      vertex -15.0592 5 40.3321
      vertex -15.1613 5 40.8453
    endloop
  endfacet
  facet normal 0 1 0
    outer loop
      vertex -13.4463 5 40.2981
      vertex -15.0592 5 40.3321
      vertex -13.5101 5 40.7824
    endloop
  endfacet
  facet normal 0 1 0
    outer loop
      vertex -13.4463 5 40.2981
      vertex -15.025 5 39.81
      vertex -15.0592 5 40.3321
    endloop
  endfacet
  facet normal 0 1 0
    outer loop
      vertex -13.425 5 39.81
      vertex -15.025 5 39.81
      vertex -13.4463 5 40.2981
    endloop
  endfacet
  facet normal 0 1 -0
    outer loop
      vertex -13.4463 5 39.3219
      vertex -15.025 5 39.81
      vertex -13.425 5 39.81
    endloop
  endfacet
  facet normal 0 1 0
    outer loop
      vertex -13.4463 5 39.3219
      vertex -15.0592 5 39.2879
      vertex -15.025 5 39.81
    endloop
  endfacet
  facet normal 0 1 -0
    outer loop
      vertex -13.5101 5 38.8376
      vertex -15.0592 5 39.2879
      vertex -13.4463 5 39.3219
    endloop
  endfacet
  facet normal 0 1 0
    outer loop
      vertex -13.5101 5 38.8376
      vertex -15.1613 5 38.7747
      vertex -15.0592 5 39.2879
    endloop
  endfacet
  facet normal 0 1 -0
    outer loop
      vertex -13.6158 5 38.3606
      vertex -15.1613 5 38.7747
      vertex -13.5101 5 38.8376
    endloop
  endfacet
  facet normal 0 1 -0
    outer loop
      vertex -13.7627 5 37.8947
      vertex -15.1613 5 38.7747
      vertex -13.6158 5 38.3606
    endloop
  endfacet
  facet normal 0 1 0
    outer loop
      vertex -15.1613 5 38.7747
      vertex -13.7627 5 37.8947
      vertex -15.3295 5 38.2793
    endloop
  endfacet
  facet normal 0 1 -0
    outer loop
      vertex -13.9497 5 37.4433
      vertex -15.3295 5 38.2793
      vertex -13.7627 5 37.8947
    endloop
  endfacet
  facet normal 0 1 0
    outer loop
      vertex -15.3295 5 38.2793
      vertex -13.9497 5 37.4433
      vertex -15.5609 5 37.81
    endloop
  endfacet
  facet normal 0 1 -0
    outer loop
      vertex -14.1753 5 37.01
      vertex -15.5609 5 37.81
      vertex -13.9497 5 37.4433
    endloop
  endfacet
  facet normal 0 1 -0
    outer loop
      vertex -14.4377 5 36.598
      vertex -15.5609 5 37.81
      vertex -14.1753 5 37.01
    endloop
  endfacet
  facet normal 0 1 0
    outer loop
      vertex -15.5609 5 37.81
      vertex -14.4377 5 36.598
      vertex -15.8516 5 37.375
    endloop
  endfacet
  facet normal 0 1 -0
    outer loop
      vertex -14.7352 5 36.2104
      vertex -15.8516 5 37.375
      vertex -14.4377 5 36.598
    endloop
  endfacet
  facet normal 0 1 0
    outer loop
      vertex -15.8516 5 37.375
      vertex -14.7352 5 36.2104
      vertex -16.1966 5 36.9816
    endloop
  endfacet
  facet normal 0 1 -0
    outer loop
      vertex -15.0652 5 35.8502
      vertex -16.1966 5 36.9816
      vertex -14.7352 5 36.2104
    endloop
  endfacet
  facet normal 0 1 -0
    outer loop
      vertex -15.4254 5 35.5201
      vertex -16.1966 5 36.9816
      vertex -15.0652 5 35.8502
    endloop
  endfacet
  facet normal 0 1 0
    outer loop
      vertex -16.1966 5 36.9816
      vertex -15.4254 5 35.5201
      vertex -16.59 5 36.6366
    endloop
  endfacet
  facet normal 0 1 -0
    outer loop
      vertex -15.813 5 35.2227
      vertex -16.59 5 36.6366
      vertex -15.4254 5 35.5201
    endloop
  endfacet
  facet normal 0 1 0
    outer loop
      vertex -16.59 5 36.6366
      vertex -15.813 5 35.2227
      vertex -17.025 5 36.3459
    endloop
  endfacet
  facet normal 0 1 -0
    outer loop
      vertex -16.225 5 34.9603
      vertex -17.025 5 36.3459
      vertex -15.813 5 35.2227
    endloop
  endfacet
  facet normal 0 1 -0
    outer loop
      vertex -16.6583 5 34.7347
      vertex -17.025 5 36.3459
      vertex -16.225 5 34.9603
    endloop
  endfacet
  facet normal 0 1 0
    outer loop
      vertex -17.025 5 36.3459
      vertex -16.6583 5 34.7347
      vertex -17.4943 5 36.1145
    endloop
  endfacet
  facet normal 0 1 0
    outer loop
      vertex 13.8504 5 48.65
      vertex 12.3729 5 46.2664
      vertex 10.9 5 46.45
    endloop
  endfacet
  facet normal 0 1 0
    outer loop
      vertex 15.1766 5 48.4847
      vertex 14.1817 5 45.473
      vertex 12.3729 5 46.2664
    endloop
  endfacet
  facet normal 0 1 0
    outer loop
      vertex 15.1766 5 48.4847
      vertex 15.5606 5 44.2036
      vertex 14.1817 5 45.473
    endloop
  endfacet
  facet normal 0 1 -0
    outer loop
      vertex 17.9897 5 43.6737
      vertex 15.5606 5 44.2036
      vertex 19.9 5 46.6625
    endloop
  endfacet
  facet normal 0 1 0
    outer loop
      vertex 18.5029 5 43.7758
      vertex 19.9 5 46.6625
      vertex 19.025 5 43.81
    endloop
  endfacet
  facet normal 0 1 0
    outer loop
      vertex 19.9 5 46.6625
      vertex 19.5471 5 43.7758
      vertex 19.025 5 43.81
    endloop
  endfacet
  facet normal -0 1 0
    outer loop
      vertex 19.5471 5 43.7758
      vertex 19.9 5 46.6625
      vertex 19.9 5 43.7056
    endloop
  endfacet
  facet normal 0 1 0
    outer loop
      vertex 12.3729 5 46.2664
      vertex 13.8504 5 48.65
      vertex 15.1766 5 48.4847
    endloop
  endfacet
  facet normal 0 1 0
    outer loop
      vertex 13.8504 5 48.65
      vertex 10.9 5 46.45
      vertex -13.8337 5 48.65
    endloop
  endfacet
  facet normal 0 1 -0
    outer loop
      vertex -12.8482 5 46.1249
      vertex -13.8337 5 48.65
      vertex -10.9 5 46.45
    endloop
  endfacet
  facet normal 0 1 -0
    outer loop
      vertex 15.5606 5 44.2036
      vertex 15.1766 5 48.4847
      vertex 19.9 5 46.6625
    endloop
  endfacet
  facet normal 0 1 0
    outer loop
      vertex -13.8337 5 48.65
      vertex 10.9 5 46.45
      vertex -10.9 5 46.45
    endloop
  endfacet
  facet normal 0 1 0
    outer loop
      vertex -14.5853 5 45.1848
      vertex -13.8337 5 48.65
      vertex -12.8482 5 46.1249
    endloop
  endfacet
  facet normal 0 1 0
    outer loop
      vertex -13.8337 5 48.65
      vertex -14.5853 5 45.1848
      vertex -15.6362 5 48.3492
    endloop
  endfacet
  facet normal 0 1 -0
    outer loop
      vertex -15.5184 5 44.1712
      vertex -15.6362 5 48.3492
      vertex -14.5853 5 45.1848
    endloop
  endfacet
  facet normal 0 1 0
    outer loop
      vertex -15.6362 5 48.3492
      vertex -15.5184 5 44.1712
      vertex -19.9 5 46.7044
    endloop
  endfacet
  facet normal 0 1 0
    outer loop
      vertex -16.59 5 42.9834
      vertex -15.5184 5 44.1712
      vertex -15.4254 5 44.0998
    endloop
  endfacet
  facet normal 0 1 -0
    outer loop
      vertex -18.5029 5 43.7758
      vertex -19.9 5 46.7044
      vertex -15.5184 5 44.1712
    endloop
  endfacet
  facet normal 0 1 -0
    outer loop
      vertex -19.5471 5 43.7758
      vertex -19.9 5 46.7044
      vertex -19.025 5 43.81
    endloop
  endfacet
  facet normal 0 1 0
    outer loop
      vertex -19.9 5 46.7044
      vertex -19.5471 5 43.7758
      vertex -19.9 5 43.7056
    endloop
  endfacet
  facet normal 0 1 0
    outer loop
      vertex 17.9897 5 43.6737
      vertex 19.9 5 46.6625
      vertex 18.5029 5 43.7758
    endloop
  endfacet
  facet normal 0 1 -0
    outer loop
      vertex 17.4943 5 43.5055
      vertex 15.5606 5 44.2036
      vertex 17.9897 5 43.6737
    endloop
  endfacet
  facet normal 0 1 -0
    outer loop
      vertex 17.025 5 43.2741
      vertex 15.5606 5 44.2036
      vertex 17.4943 5 43.5055
    endloop
  endfacet
  facet normal 0 1 -0
    outer loop
      vertex 16.59 5 42.9834
      vertex 15.5606 5 44.2036
      vertex 17.025 5 43.2741
    endloop
  endfacet
  facet normal 0 1 0
    outer loop
      vertex 15.5606 5 44.2036
      vertex 16.59 5 42.9834
      vertex 15.4254 5 44.0998
    endloop
  endfacet
  facet normal 0 1 -0
    outer loop
      vertex 16.1966 5 42.6384
      vertex 15.4254 5 44.0998
      vertex 16.59 5 42.9834
    endloop
  endfacet
  facet normal 0 1 0
    outer loop
      vertex 15.4254 5 44.0998
      vertex 16.1966 5 42.6384
      vertex 15.0652 5 43.7698
    endloop
  endfacet
  facet normal 0 1 0
    outer loop
      vertex 15.0652 5 43.7698
      vertex 16.1966 5 42.6384
      vertex 14.7352 5 43.4096
    endloop
  endfacet
  facet normal 0 1 -0
    outer loop
      vertex 15.8516 5 42.245
      vertex 14.7352 5 43.4096
      vertex 16.1966 5 42.6384
    endloop
  endfacet
  facet normal 0 1 0
    outer loop
      vertex 14.7352 5 43.4096
      vertex 15.8516 5 42.245
      vertex 14.4377 5 43.022
    endloop
  endfacet
  facet normal 0 1 -0
    outer loop
      vertex 15.5609 5 41.81
      vertex 14.4377 5 43.022
      vertex 15.8516 5 42.245
    endloop
  endfacet
  facet normal 0 1 0
    outer loop
      vertex 14.4377 5 43.022
      vertex 15.5609 5 41.81
      vertex 14.1753 5 42.61
    endloop
  endfacet
  facet normal 0 1 0
    outer loop
      vertex 14.1753 5 42.61
      vertex 15.5609 5 41.81
      vertex 13.9497 5 42.1767
    endloop
  endfacet
  facet normal 0 1 -0
    outer loop
      vertex 15.3295 5 41.3407
      vertex 13.9497 5 42.1767
      vertex 15.5609 5 41.81
    endloop
  endfacet
  facet normal 0 1 0
    outer loop
      vertex 13.9497 5 42.1767
      vertex 15.3295 5 41.3407
      vertex 13.7627 5 41.7253
    endloop
  endfacet
  facet normal 0 1 -0
    outer loop
      vertex 15.1613 5 40.8453
      vertex 13.7627 5 41.7253
      vertex 15.3295 5 41.3407
    endloop
  endfacet
  facet normal 0 1 0
    outer loop
      vertex 13.7627 5 41.7253
      vertex 15.1613 5 40.8453
      vertex 13.6158 5 41.2594
    endloop
  endfacet
  facet normal 0 1 0
    outer loop
      vertex 15.1613 5 40.8453
      vertex 13.5101 5 40.7824
      vertex 13.6158 5 41.2594
    endloop
  endfacet
  facet normal 0 1 -0
    outer loop
      vertex 15.0592 5 40.3321
      vertex 13.5101 5 40.7824
      vertex 15.1613 5 40.8453
    endloop
  endfacet
  facet normal 0 1 0
    outer loop
      vertex 15.0592 5 40.3321
      vertex 13.4463 5 40.2981
      vertex 13.5101 5 40.7824
    endloop
  endfacet
  facet normal 0 1 -0
    outer loop
      vertex 15.025 5 39.81
      vertex 13.4463 5 40.2981
      vertex 15.0592 5 40.3321
    endloop
  endfacet
  facet normal 0 1 0
    outer loop
      vertex 15.025 5 39.81
      vertex 13.425 5 39.81
      vertex 13.4463 5 40.2981
    endloop
  endfacet
  facet normal 0 1 0
    outer loop
      vertex 15.025 5 39.81
      vertex 13.4463 5 39.3219
      vertex 13.425 5 39.81
    endloop
  endfacet
  facet normal 0 1 0
    outer loop
      vertex 15.0592 5 39.2879
      vertex 13.4463 5 39.3219
      vertex 15.025 5 39.81
    endloop
  endfacet
  facet normal 0 1 0
    outer loop
      vertex 15.0592 5 39.2879
      vertex 13.5101 5 38.8376
      vertex 13.4463 5 39.3219
    endloop
  endfacet
  facet normal 0 1 0
    outer loop
      vertex 15.1613 5 38.7747
      vertex 13.5101 5 38.8376
      vertex 15.0592 5 39.2879
    endloop
  endfacet
  facet normal 0 1 0
    outer loop
      vertex 15.1613 5 38.7747
      vertex 13.6158 5 38.3606
      vertex 13.5101 5 38.8376
    endloop
  endfacet
  facet normal 0 1 0
    outer loop
      vertex 13.7627 5 37.8947
      vertex 15.1613 5 38.7747
      vertex 15.3295 5 38.2793
    endloop
  endfacet
  facet normal 0 1 0
    outer loop
      vertex 15.1613 5 38.7747
      vertex 13.7627 5 37.8947
      vertex 13.6158 5 38.3606
    endloop
  endfacet
  facet normal 0 1 0
    outer loop
      vertex 13.9497 5 37.4433
      vertex 15.3295 5 38.2793
      vertex 15.5609 5 37.81
    endloop
  endfacet
  facet normal 0 1 0
    outer loop
      vertex 15.3295 5 38.2793
      vertex 13.9497 5 37.4433
      vertex 13.7627 5 37.8947
    endloop
  endfacet
  facet normal 0 1 0
    outer loop
      vertex 14.4377 5 36.598
      vertex 15.5609 5 37.81
      vertex 15.8516 5 37.375
    endloop
  endfacet
  facet normal 0 1 0
    outer loop
      vertex 15.5609 5 37.81
      vertex 14.1753 5 37.01
      vertex 13.9497 5 37.4433
    endloop
  endfacet
  facet normal 0 1 0
    outer loop
      vertex 14.7352 5 36.2104
      vertex 15.8516 5 37.375
      vertex 16.1966 5 36.9816
    endloop
  endfacet
  facet normal 0 1 0
    outer loop
      vertex 15.4254 5 35.5201
      vertex 16.1966 5 36.9816
      vertex 16.59 5 36.6366
    endloop
  endfacet
  facet normal 0 1 0
    outer loop
      vertex 15.5609 5 37.81
      vertex 14.4377 5 36.598
      vertex 14.1753 5 37.01
    endloop
  endfacet
  facet normal 0 1 0
    outer loop
      vertex 15.4254 5 35.5201
      vertex 16.59 5 36.6366
      vertex 17.025 5 36.3459
    endloop
  endfacet
  facet normal 0 1 0
    outer loop
      vertex 15.8516 5 37.375
      vertex 14.7352 5 36.2104
      vertex 14.4377 5 36.598
    endloop
  endfacet
  facet normal 0 1 0
    outer loop
      vertex 15.4254 5 35.5201
      vertex 17.025 5 36.3459
      vertex 17.4943 5 36.1145
    endloop
  endfacet
  facet normal 0 1 0
    outer loop
      vertex 15.4254 5 35.5201
      vertex 17.4943 5 36.1145
      vertex 17.9897 5 35.9463
    endloop
  endfacet
  facet normal 0 1 0
    outer loop
      vertex 16.1966 5 36.9816
      vertex 15.0652 5 35.8502
      vertex 14.7352 5 36.2104
    endloop
  endfacet
  facet normal 0 1 0
    outer loop
      vertex 15.4254 5 35.5201
      vertex 17.9897 5 35.9463
      vertex 18.5029 5 35.8442
    endloop
  endfacet
  facet normal 0 1 0
    outer loop
      vertex 15.4254 5 35.5201
      vertex 18.5029 5 35.8442
      vertex 19.025 5 35.81
    endloop
  endfacet
  facet normal 0 1 0
    outer loop
      vertex 16.1966 5 36.9816
      vertex 15.4254 5 35.5201
      vertex 15.0652 5 35.8502
    endloop
  endfacet
  facet normal 0 1 -0
    outer loop
      vertex -16.9 5 34.6346
      vertex -17.4943 5 36.1145
      vertex -16.6583 5 34.7347
    endloop
  endfacet
  facet normal 0 1 0
    outer loop
      vertex -17.4943 5 36.1145
      vertex -16.9 5 34.6346
      vertex -17.9897 5 35.9463
    endloop
  endfacet
  facet normal 0 1 0
    outer loop
      vertex -17.9897 5 35.9463
      vertex -16.9 5 34.6346
      vertex -18.5029 5 35.8442
    endloop
  endfacet
  facet normal 0 1 0
    outer loop
      vertex -18.5029 5 35.8442
      vertex -16.9 5 34.6346
      vertex -19.025 5 35.81
    endloop
  endfacet
  facet normal 0 1 0
    outer loop
      vertex -19.025 5 35.81
      vertex -16.9 5 34.6346
      vertex -19.5471 5 35.8442
    endloop
  endfacet
  facet normal 0 1 0
    outer loop
      vertex -19.5471 5 35.8442
      vertex -16.9 5 34.6346
      vertex -19.9 5 35.9144
    endloop
  endfacet
  facet normal 0 1 -0
    outer loop
      vertex -16.9 5 14.8154
      vertex -19.9 5 35.9144
      vertex -16.9 5 34.6346
    endloop
  endfacet
  facet normal 0 1 0
    outer loop
      vertex -18.5029 5 13.6058
      vertex -16.6583 5 14.7153
      vertex -16.225 5 14.4897
    endloop
  endfacet
  facet normal 0 1 0
    outer loop
      vertex -18.5029 5 13.6058
      vertex -16.225 5 14.4897
      vertex -15.813 5 14.2273
    endloop
  endfacet
  facet normal 0 1 0
    outer loop
      vertex -16.59 5 12.8134
      vertex -15.813 5 14.2273
      vertex -15.4254 5 13.9298
    endloop
  endfacet
  facet normal 0 1 0
    outer loop
      vertex -18.5029 5 13.6058
      vertex -16.9 5 14.8154
      vertex -16.6583 5 14.7153
    endloop
  endfacet
  facet normal 0 1 0
    outer loop
      vertex -19.5471 5 13.6058
      vertex -16.9 5 14.8154
      vertex -19.025 5 13.64
    endloop
  endfacet
  facet normal 0 1 0
    outer loop
      vertex -19.9 5 13.5356
      vertex -16.9 5 14.8154
      vertex -19.5471 5 13.6058
    endloop
  endfacet
  facet normal 0 1 0
    outer loop
      vertex -16.9 5 14.8154
      vertex -19.9 5 13.5356
      vertex -19.9 5 35.9144
    endloop
  endfacet
  facet normal 0 1 0
    outer loop
      vertex -17.9897 5 5.7763
      vertex -19.9 5 2.78748
      vertex -18.5029 5 5.67422
    endloop
  endfacet
  facet normal 0 1 0
    outer loop
      vertex -18.5029 5 5.67422
      vertex -19.9 5 2.78748
      vertex -19.025 5 5.64
    endloop
  endfacet
  facet normal 0 1 0
    outer loop
      vertex -19.9 5 2.78748
      vertex -15.5606 5 5.2464
      vertex -14.1817 5 3.97701
    endloop
  endfacet
  facet normal 0 1 0
    outer loop
      vertex -19.025 5 5.64
      vertex -19.9 5 2.78748
      vertex -19.5471 5 5.67422
    endloop
  endfacet
  facet normal 0 1 0
    outer loop
      vertex -19.9 5 2.78748
      vertex -14.1817 5 3.97701
      vertex -12.3729 5 3.1836
    endloop
  endfacet
  facet normal 0 1 0
    outer loop
      vertex -19.5471 5 5.67422
      vertex -19.9 5 2.78748
      vertex -19.9 5 5.74442
    endloop
  endfacet
  facet normal 0 1 0
    outer loop
      vertex -19.9 5 2.78748
      vertex -12.3729 5 3.1836
      vertex -10.9 5 3.00001
    endloop
  endfacet
  facet normal -0.976313 0 0.216363
    outer loop
      vertex -13.6158 5 8.19061
      vertex -13.5101 9.7 8.66757
      vertex -13.6158 9.7 8.19061
    endloop
  endfacet
  facet normal -0.976313 0 0.216363
    outer loop
      vertex -13.5101 9.7 8.66757
      vertex -13.6158 5 8.19061
      vertex -13.5101 5 8.66757
    endloop
  endfacet
  facet normal -0.991436 0 0.130592
    outer loop
      vertex -13.5101 5 8.66757
      vertex -13.4463 9.7 9.15193
      vertex -13.5101 9.7 8.66757
    endloop
  endfacet
  facet normal -0.991436 0 0.130592
    outer loop
      vertex -13.4463 9.7 9.15193
      vertex -13.5101 5 8.66757
      vertex -13.4463 5 9.15193
    endloop
  endfacet
  facet normal -0.953719 0 0.300698
    outer loop
      vertex -13.7627 5 7.72469
      vertex -13.6158 9.7 8.19061
      vertex -13.7627 9.7 7.72469
    endloop
  endfacet
  facet normal -0.953719 0 0.300698
    outer loop
      vertex -13.6158 9.7 8.19061
      vertex -13.7627 5 7.72469
      vertex -13.6158 5 8.19061
    endloop
  endfacet
  facet normal -0.843477 0 0.537166
    outer loop
      vertex -14.4377 5 6.42797
      vertex -14.1753 9.7 6.84
      vertex -14.4377 9.7 6.42797
    endloop
  endfacet
  facet normal -0.843477 0 0.537166
    outer loop
      vertex -14.1753 9.7 6.84
      vertex -14.4377 5 6.42797
      vertex -14.1753 5 6.84
    endloop
  endfacet
  facet normal -0.793255 0 0.608889
    outer loop
      vertex -14.7352 5 6.04039
      vertex -14.4377 9.7 6.42797
      vertex -14.7352 9.7 6.04039
    endloop
  endfacet
  facet normal -0.793255 0 0.608889
    outer loop
      vertex -14.4377 9.7 6.42797
      vertex -14.7352 5 6.04039
      vertex -14.4377 5 6.42797
    endloop
  endfacet
  facet normal -0.886996 0 0.461777
    outer loop
      vertex -14.1753 5 6.84
      vertex -13.9497 9.7 7.27334
      vertex -14.1753 9.7 6.84
    endloop
  endfacet
  facet normal -0.886996 0 0.461777
    outer loop
      vertex -13.9497 9.7 7.27334
      vertex -14.1753 5 6.84
      vertex -13.9497 5 7.27334
    endloop
  endfacet
  facet normal -0.608789 0 0.793332
    outer loop
      vertex -15.5606 9.7 5.2464
      vertex -15.4254 5 5.35015
      vertex -15.4254 9.7 5.35015
    endloop
  endfacet
  facet normal -0.608789 0 0.793332
    outer loop
      vertex -15.4254 5 5.35015
      vertex -15.5606 9.7 5.2464
      vertex -15.5606 5 5.2464
    endloop
  endfacet
  facet normal -0.999049 0 -0.0435971
    outer loop
      vertex -13.425 5 9.64
      vertex -13.4463 9.7 10.1281
      vertex -13.425 9.7 9.64
    endloop
  endfacet
  facet normal -0.999049 -0 -0.0435971
    outer loop
      vertex -13.4463 9.7 10.1281
      vertex -13.425 5 9.64
      vertex -13.4463 5 10.1281
    endloop
  endfacet
  facet normal -0.46181 0 -0.886979
    outer loop
      vertex -16.6583 5 14.7153
      vertex -16.225 9.7 14.4897
      vertex -16.225 5 14.4897
    endloop
  endfacet
  facet normal -0.46181 0 -0.886979
    outer loop
      vertex -16.225 9.7 14.4897
      vertex -16.6583 5 14.7153
      vertex -16.6583 9.7 14.7153
    endloop
  endfacet
  facet normal -0.79327 0 -0.60887
    outer loop
      vertex -14.4377 5 12.852
      vertex -14.7352 9.7 13.2396
      vertex -14.4377 9.7 12.852
    endloop
  endfacet
  facet normal -0.79327 -0 -0.60887
    outer loop
      vertex -14.7352 9.7 13.2396
      vertex -14.4377 5 12.852
      vertex -14.7352 5 13.2396
    endloop
  endfacet
  facet normal -0.886979 0 -0.46181
    outer loop
      vertex -13.9497 5 12.0067
      vertex -14.1753 9.7 12.44
      vertex -13.9497 9.7 12.0067
    endloop
  endfacet
  facet normal -0.886979 -0 -0.46181
    outer loop
      vertex -14.1753 9.7 12.44
      vertex -13.9497 5 12.0067
      vertex -14.1753 5 12.44
    endloop
  endfacet
  facet normal -0.675576 0 0.73729
    outer loop
      vertex -15.4254 9.7 5.35015
      vertex -15.0652 5 5.6802
      vertex -15.0652 9.7 5.6802
    endloop
  endfacet
  facet normal -0.675576 0 0.73729
    outer loop
      vertex -15.0652 5 5.6802
      vertex -15.4254 9.7 5.35015
      vertex -15.4254 5 5.35015
    endloop
  endfacet
  facet normal -0.382633 0 -0.9239
    outer loop
      vertex -16.9 5 14.8154
      vertex -16.6583 9.7 14.7153
      vertex -16.6583 5 14.7153
    endloop
  endfacet
  facet normal -0.382633 0 -0.9239
    outer loop
      vertex -16.6583 9.7 14.7153
      vertex -16.9 5 14.8154
      vertex -16.9 9.7 14.8154
    endloop
  endfacet
  facet normal -0.675521 0 -0.737341
    outer loop
      vertex -15.4254 5 13.9298
      vertex -15.0652 9.7 13.5998
      vertex -15.0652 5 13.5998
    endloop
  endfacet
  facet normal -0.675521 0 -0.737341
    outer loop
      vertex -15.0652 9.7 13.5998
      vertex -15.4254 5 13.9298
      vertex -15.4254 9.7 13.9298
    endloop
  endfacet
  facet normal -0.60887 0 -0.79327
    outer loop
      vertex -15.813 5 14.2273
      vertex -15.4254 9.7 13.9298
      vertex -15.4254 5 13.9298
    endloop
  endfacet
  facet normal -0.60887 0 -0.79327
    outer loop
      vertex -15.4254 9.7 13.9298
      vertex -15.813 5 14.2273
      vertex -15.813 9.7 14.2273
    endloop
  endfacet
  facet normal -0.737341 0 -0.675521
    outer loop
      vertex -14.7352 5 13.2396
      vertex -15.0652 9.7 13.5998
      vertex -14.7352 9.7 13.2396
    endloop
  endfacet
  facet normal -0.737341 -0 -0.675521
    outer loop
      vertex -15.0652 9.7 13.5998
      vertex -14.7352 5 13.2396
      vertex -15.0652 5 13.5998
    endloop
  endfacet
  facet normal -0.537193 0 -0.843459
    outer loop
      vertex -16.225 5 14.4897
      vertex -15.813 9.7 14.2273
      vertex -15.813 5 14.2273
    endloop
  endfacet
  facet normal -0.537193 0 -0.843459
    outer loop
      vertex -15.813 9.7 14.2273
      vertex -16.225 5 14.4897
      vertex -16.225 9.7 14.4897
    endloop
  endfacet
  facet normal -0.843459 0 -0.537193
    outer loop
      vertex -14.1753 5 12.44
      vertex -14.4377 9.7 12.852
      vertex -14.1753 9.7 12.44
    endloop
  endfacet
  facet normal -0.843459 -0 -0.537193
    outer loop
      vertex -14.4377 9.7 12.852
      vertex -14.1753 5 12.44
      vertex -14.4377 5 12.852
    endloop
  endfacet
  facet normal -0.991434 0 -0.130608
    outer loop
      vertex -13.4463 5 10.1281
      vertex -13.5101 9.7 10.6124
      vertex -13.4463 9.7 10.1281
    endloop
  endfacet
  facet normal -0.991434 -0 -0.130608
    outer loop
      vertex -13.5101 9.7 10.6124
      vertex -13.4463 5 10.1281
      vertex -13.5101 5 10.6124
    endloop
  endfacet
  facet normal -0.953716 0 -0.30071
    outer loop
      vertex -13.6158 5 11.0894
      vertex -13.7627 9.7 11.5553
      vertex -13.6158 9.7 11.0894
    endloop
  endfacet
  facet normal -0.953716 -0 -0.30071
    outer loop
      vertex -13.7627 9.7 11.5553
      vertex -13.6158 5 11.0894
      vertex -13.7627 5 11.5553
    endloop
  endfacet
  facet normal -0.976317 0 -0.216345
    outer loop
      vertex -13.5101 5 10.6124
      vertex -13.6158 9.7 11.0894
      vertex -13.5101 9.7 10.6124
    endloop
  endfacet
  facet normal -0.976317 -0 -0.216345
    outer loop
      vertex -13.6158 9.7 11.0894
      vertex -13.5101 5 10.6124
      vertex -13.6158 5 11.0894
    endloop
  endfacet
  facet normal -0.999049 0 0.0435971
    outer loop
      vertex -13.4463 5 39.3219
      vertex -13.425 9.7 39.81
      vertex -13.4463 9.7 39.3219
    endloop
  endfacet
  facet normal -0.999049 0 0.0435971
    outer loop
      vertex -13.425 9.7 39.81
      vertex -13.4463 5 39.3219
      vertex -13.425 5 39.81
    endloop
  endfacet
  facet normal -0.675632 0 0.737239
    outer loop
      vertex -15.4254 9.7 35.5201
      vertex -15.0652 5 35.8502
      vertex -15.0652 9.7 35.8502
    endloop
  endfacet
  facet normal -0.675632 0 0.737239
    outer loop
      vertex -15.0652 5 35.8502
      vertex -15.4254 9.7 35.5201
      vertex -15.4254 5 35.5201
    endloop
  endfacet
  facet normal -0.923862 0 0.382725
    outer loop
      vertex -13.9497 5 37.4433
      vertex -13.7627 9.7 37.8947
      vertex -13.9497 9.7 37.4433
    endloop
  endfacet
  facet normal -0.923862 0 0.382725
    outer loop
      vertex -13.7627 9.7 37.8947
      vertex -13.9497 5 37.4433
      vertex -13.7627 5 37.8947
    endloop
  endfacet
  facet normal -0.382633 0 0.9239
    outer loop
      vertex -16.9 9.7 34.6346
      vertex -16.6583 5 34.7347
      vertex -16.6583 9.7 34.7347
    endloop
  endfacet
  facet normal -0.382633 0 0.9239
    outer loop
      vertex -16.6583 5 34.7347
      vertex -16.9 9.7 34.6346
      vertex -16.9 5 34.6346
    endloop
  endfacet
  facet normal -0.537193 0 0.843459
    outer loop
      vertex -16.225 9.7 34.9603
      vertex -15.813 5 35.2227
      vertex -15.813 9.7 35.2227
    endloop
  endfacet
  facet normal -0.537193 0 0.843459
    outer loop
      vertex -15.813 5 35.2227
      vertex -16.225 9.7 34.9603
      vertex -16.225 5 34.9603
    endloop
  endfacet
  facet normal -0.976317 0 0.216345
    outer loop
      vertex -13.6158 5 38.3606
      vertex -13.5101 9.7 38.8376
      vertex -13.6158 9.7 38.3606
    endloop
  endfacet
  facet normal -0.976317 0 0.216345
    outer loop
      vertex -13.5101 9.7 38.8376
      vertex -13.6158 5 38.3606
      vertex -13.5101 5 38.8376
    endloop
  endfacet
  facet normal -0.991434 0 0.130608
    outer loop
      vertex -13.5101 5 38.8376
      vertex -13.4463 9.7 39.3219
      vertex -13.5101 9.7 38.8376
    endloop
  endfacet
  facet normal -0.991434 0 0.130608
    outer loop
      vertex -13.4463 9.7 39.3219
      vertex -13.5101 5 38.8376
      vertex -13.4463 5 39.3219
    endloop
  endfacet
  facet normal -0.953716 0 0.30071
    outer loop
      vertex -13.7627 5 37.8947
      vertex -13.6158 9.7 38.3606
      vertex -13.7627 9.7 37.8947
    endloop
  endfacet
  facet normal -0.953716 0 0.30071
    outer loop
      vertex -13.6158 9.7 38.3606
      vertex -13.7627 5 37.8947
      vertex -13.6158 5 38.3606
    endloop
  endfacet
  facet normal -0.79327 0 0.60887
    outer loop
      vertex -14.7352 5 36.2104
      vertex -14.4377 9.7 36.598
      vertex -14.7352 9.7 36.2104
    endloop
  endfacet
  facet normal -0.79327 0 0.60887
    outer loop
      vertex -14.4377 9.7 36.598
      vertex -14.7352 5 36.2104
      vertex -14.4377 5 36.598
    endloop
  endfacet
  facet normal -0.737341 0 0.675521
    outer loop
      vertex -15.0652 5 35.8502
      vertex -14.7352 9.7 36.2104
      vertex -15.0652 9.7 35.8502
    endloop
  endfacet
  facet normal -0.737341 0 0.675521
    outer loop
      vertex -14.7352 9.7 36.2104
      vertex -15.0652 5 35.8502
      vertex -14.7352 5 36.2104
    endloop
  endfacet
  facet normal -0.46181 0 0.886979
    outer loop
      vertex -16.6583 9.7 34.7347
      vertex -16.225 5 34.9603
      vertex -16.225 9.7 34.9603
    endloop
  endfacet
  facet normal -0.46181 0 0.886979
    outer loop
      vertex -16.225 5 34.9603
      vertex -16.6583 9.7 34.7347
      vertex -16.6583 5 34.7347
    endloop
  endfacet
  facet normal -0.608741 0 0.793369
    outer loop
      vertex -15.813 9.7 35.2227
      vertex -15.4254 5 35.5201
      vertex -15.4254 9.7 35.5201
    endloop
  endfacet
  facet normal -0.608741 0 0.793369
    outer loop
      vertex -15.4254 5 35.5201
      vertex -15.813 9.7 35.2227
      vertex -15.813 5 35.2227
    endloop
  endfacet
  facet normal -0.976317 0 -0.216345
    outer loop
      vertex -13.5101 5 40.7824
      vertex -13.6158 9.7 41.2594
      vertex -13.5101 9.7 40.7824
    endloop
  endfacet
  facet normal -0.976317 -0 -0.216345
    outer loop
      vertex -13.6158 9.7 41.2594
      vertex -13.5101 5 40.7824
      vertex -13.6158 5 41.2594
    endloop
  endfacet
  facet normal -0.999049 0 -0.0435971
    outer loop
      vertex -13.425 5 39.81
      vertex -13.4463 9.7 40.2981
      vertex -13.425 9.7 39.81
    endloop
  endfacet
  facet normal -0.999049 -0 -0.0435971
    outer loop
      vertex -13.4463 9.7 40.2981
      vertex -13.425 5 39.81
      vertex -13.4463 5 40.2981
    endloop
  endfacet
  facet normal -0.737341 0 -0.675521
    outer loop
      vertex -14.7352 5 43.4096
      vertex -15.0652 9.7 43.7698
      vertex -14.7352 9.7 43.4096
    endloop
  endfacet
  facet normal -0.737341 -0 -0.675521
    outer loop
      vertex -15.0652 9.7 43.7698
      vertex -14.7352 5 43.4096
      vertex -15.0652 5 43.7698
    endloop
  endfacet
  facet normal -0.843459 0 -0.537193
    outer loop
      vertex -14.1753 5 42.61
      vertex -14.4377 9.7 43.022
      vertex -14.1753 9.7 42.61
    endloop
  endfacet
  facet normal -0.843459 -0 -0.537193
    outer loop
      vertex -14.4377 9.7 43.022
      vertex -14.1753 5 42.61
      vertex -14.4377 5 43.022
    endloop
  endfacet
  facet normal -0.843459 0 0.537193
    outer loop
      vertex -14.4377 5 36.598
      vertex -14.1753 9.7 37.01
      vertex -14.4377 9.7 36.598
    endloop
  endfacet
  facet normal -0.843459 0 0.537193
    outer loop
      vertex -14.1753 9.7 37.01
      vertex -14.4377 5 36.598
      vertex -14.1753 5 37.01
    endloop
  endfacet
  facet normal -0.886979 0 0.46181
    outer loop
      vertex -14.1753 5 37.01
      vertex -13.9497 9.7 37.4433
      vertex -14.1753 9.7 37.01
    endloop
  endfacet
  facet normal -0.886979 0 0.46181
    outer loop
      vertex -13.9497 9.7 37.4433
      vertex -14.1753 5 37.01
      vertex -13.9497 5 37.4433
    endloop
  endfacet
  facet normal -0.923862 0 -0.382725
    outer loop
      vertex -13.7627 5 41.7253
      vertex -13.9497 9.7 42.1767
      vertex -13.7627 9.7 41.7253
    endloop
  endfacet
  facet normal -0.923862 -0 -0.382725
    outer loop
      vertex -13.9497 9.7 42.1767
      vertex -13.7627 5 41.7253
      vertex -13.9497 5 42.1767
    endloop
  endfacet
  facet normal -0.953716 0 -0.30071
    outer loop
      vertex -13.6158 5 41.2594
      vertex -13.7627 9.7 41.7253
      vertex -13.6158 9.7 41.2594
    endloop
  endfacet
  facet normal -0.953716 -0 -0.30071
    outer loop
      vertex -13.7627 9.7 41.7253
      vertex -13.6158 5 41.2594
      vertex -13.7627 5 41.7253
    endloop
  endfacet
  facet normal -0.675521 0 -0.737341
    outer loop
      vertex -15.4254 5 44.0998
      vertex -15.0652 9.7 43.7698
      vertex -15.0652 5 43.7698
    endloop
  endfacet
  facet normal -0.675521 0 -0.737341
    outer loop
      vertex -15.0652 9.7 43.7698
      vertex -15.4254 5 44.0998
      vertex -15.4254 9.7 44.0998
    endloop
  endfacet
  facet normal -0.608969 0 -0.793194
    outer loop
      vertex -15.5184 5 44.1712
      vertex -15.4254 9.7 44.0998
      vertex -15.4254 5 44.0998
    endloop
  endfacet
  facet normal -0.608969 0 -0.793194
    outer loop
      vertex -15.4254 9.7 44.0998
      vertex -15.5184 5 44.1712
      vertex -15.5184 9.7 44.1712
    endloop
  endfacet
  facet normal -0.991434 0 -0.130608
    outer loop
      vertex -13.4463 5 40.2981
      vertex -13.5101 9.7 40.7824
      vertex -13.4463 9.7 40.2981
    endloop
  endfacet
  facet normal -0.991434 -0 -0.130608
    outer loop
      vertex -13.5101 9.7 40.7824
      vertex -13.4463 5 40.2981
      vertex -13.5101 5 40.7824
    endloop
  endfacet
  facet normal -0.79327 0 -0.60887
    outer loop
      vertex -14.4377 5 43.022
      vertex -14.7352 9.7 43.4096
      vertex -14.4377 9.7 43.022
    endloop
  endfacet
  facet normal -0.79327 -0 -0.60887
    outer loop
      vertex -14.7352 9.7 43.4096
      vertex -14.4377 5 43.022
      vertex -14.7352 5 43.4096
    endloop
  endfacet
  facet normal -0.886979 0 -0.46181
    outer loop
      vertex -13.9497 5 42.1767
      vertex -14.1753 9.7 42.61
      vertex -13.9497 9.7 42.1767
    endloop
  endfacet
  facet normal -0.886979 -0 -0.46181
    outer loop
      vertex -14.1753 9.7 42.61
      vertex -13.9497 5 42.1767
      vertex -14.1753 5 42.61
    endloop
  endfacet
  facet normal 0.886996 -0 0.461777
    outer loop
      vertex 13.9497 5 7.27334
      vertex 14.1753 9.7 6.84
      vertex 13.9497 9.7 7.27334
    endloop
  endfacet
  facet normal 0.886996 0 0.461777
    outer loop
      vertex 14.1753 9.7 6.84
      vertex 13.9497 5 7.27334
      vertex 14.1753 5 6.84
    endloop
  endfacet
  facet normal 0.382633 0 -0.9239
    outer loop
      vertex 16.6583 5 14.7153
      vertex 16.9 9.7 14.8154
      vertex 16.9 5 14.8154
    endloop
  endfacet
  facet normal 0.382633 0 -0.9239
    outer loop
      vertex 16.9 9.7 14.8154
      vertex 16.6583 5 14.7153
      vertex 16.6583 9.7 14.7153
    endloop
  endfacet
  facet normal 0.737332 -0 0.675531
    outer loop
      vertex 14.7352 5 6.04039
      vertex 15.0652 9.7 5.6802
      vertex 14.7352 9.7 6.04039
    endloop
  endfacet
  facet normal 0.737332 0 0.675531
    outer loop
      vertex 15.0652 9.7 5.6802
      vertex 14.7352 5 6.04039
      vertex 15.0652 5 5.6802
    endloop
  endfacet
  facet normal 0.675521 0 -0.737341
    outer loop
      vertex 15.0652 5 13.5998
      vertex 15.4254 9.7 13.9298
      vertex 15.4254 5 13.9298
    endloop
  endfacet
  facet normal 0.675521 0 -0.737341
    outer loop
      vertex 15.4254 9.7 13.9298
      vertex 15.0652 5 13.5998
      vertex 15.0652 9.7 13.5998
    endloop
  endfacet
  facet normal 0.999049 -0 0.0435998
    outer loop
      vertex 13.425 5 9.64
      vertex 13.4463 9.7 9.15193
      vertex 13.425 9.7 9.64
    endloop
  endfacet
  facet normal 0.999049 0 0.0435998
    outer loop
      vertex 13.4463 9.7 9.15193
      vertex 13.425 5 9.64
      vertex 13.4463 5 9.15193
    endloop
  endfacet
  facet normal 0.923847 -0 0.382762
    outer loop
      vertex 13.7627 5 7.72469
      vertex 13.9497 9.7 7.27334
      vertex 13.7627 9.7 7.72469
    endloop
  endfacet
  facet normal 0.923847 0 0.382762
    outer loop
      vertex 13.9497 9.7 7.27334
      vertex 13.7627 5 7.72469
      vertex 13.9497 5 7.27334
    endloop
  endfacet
  facet normal 0.953719 -0 0.300698
    outer loop
      vertex 13.6158 5 8.19061
      vertex 13.7627 9.7 7.72469
      vertex 13.6158 9.7 8.19061
    endloop
  endfacet
  facet normal 0.953719 0 0.300698
    outer loop
      vertex 13.7627 9.7 7.72469
      vertex 13.6158 5 8.19061
      vertex 13.7627 5 7.72469
    endloop
  endfacet
  facet normal 0.843477 -0 0.537166
    outer loop
      vertex 14.1753 5 6.84
      vertex 14.4377 9.7 6.42797
      vertex 14.1753 9.7 6.84
    endloop
  endfacet
  facet normal 0.843477 0 0.537166
    outer loop
      vertex 14.4377 9.7 6.42797
      vertex 14.1753 5 6.84
      vertex 14.4377 5 6.42797
    endloop
  endfacet
  facet normal 0.793255 -0 0.608889
    outer loop
      vertex 14.4377 5 6.42797
      vertex 14.7352 9.7 6.04039
      vertex 14.4377 9.7 6.42797
    endloop
  endfacet
  facet normal 0.793255 0 0.608889
    outer loop
      vertex 14.7352 9.7 6.04039
      vertex 14.4377 5 6.42797
      vertex 14.7352 5 6.04039
    endloop
  endfacet
  facet normal 0.46181 0 -0.886979
    outer loop
      vertex 16.225 5 14.4897
      vertex 16.6583 9.7 14.7153
      vertex 16.6583 5 14.7153
    endloop
  endfacet
  facet normal 0.46181 0 -0.886979
    outer loop
      vertex 16.6583 9.7 14.7153
      vertex 16.225 5 14.4897
      vertex 16.225 9.7 14.4897
    endloop
  endfacet
  facet normal 0.953716 0 -0.30071
    outer loop
      vertex 13.7627 5 11.5553
      vertex 13.6158 9.7 11.0894
      vertex 13.7627 9.7 11.5553
    endloop
  endfacet
  facet normal 0.953716 0 -0.30071
    outer loop
      vertex 13.6158 9.7 11.0894
      vertex 13.7627 5 11.5553
      vertex 13.6158 5 11.0894
    endloop
  endfacet
  facet normal 0.999049 0 -0.0435971
    outer loop
      vertex 13.4463 5 10.1281
      vertex 13.425 9.7 9.64
      vertex 13.4463 9.7 10.1281
    endloop
  endfacet
  facet normal 0.999049 0 -0.0435971
    outer loop
      vertex 13.425 9.7 9.64
      vertex 13.4463 5 10.1281
      vertex 13.425 5 9.64
    endloop
  endfacet
  facet normal 0.79327 0 -0.60887
    outer loop
      vertex 14.7352 5 13.2396
      vertex 14.4377 9.7 12.852
      vertex 14.7352 9.7 13.2396
    endloop
  endfacet
  facet normal 0.79327 0 -0.60887
    outer loop
      vertex 14.4377 9.7 12.852
      vertex 14.7352 5 13.2396
      vertex 14.4377 5 12.852
    endloop
  endfacet
  facet normal 0.886979 0 -0.46181
    outer loop
      vertex 14.1753 5 12.44
      vertex 13.9497 9.7 12.0067
      vertex 14.1753 9.7 12.44
    endloop
  endfacet
  facet normal 0.886979 0 -0.46181
    outer loop
      vertex 13.9497 9.7 12.0067
      vertex 14.1753 5 12.44
      vertex 13.9497 5 12.0067
    endloop
  endfacet
  facet normal 0.976313 -0 0.216363
    outer loop
      vertex 13.5101 5 8.66757
      vertex 13.6158 9.7 8.19061
      vertex 13.5101 9.7 8.66757
    endloop
  endfacet
  facet normal 0.976313 0 0.216363
    outer loop
      vertex 13.6158 9.7 8.19061
      vertex 13.5101 5 8.66757
      vertex 13.6158 5 8.19061
    endloop
  endfacet
  facet normal 0.991436 -0 0.130592
    outer loop
      vertex 13.4463 5 9.15193
      vertex 13.5101 9.7 8.66757
      vertex 13.4463 9.7 9.15193
    endloop
  endfacet
  facet normal 0.991436 0 0.130592
    outer loop
      vertex 13.5101 9.7 8.66757
      vertex 13.4463 5 9.15193
      vertex 13.5101 5 8.66757
    endloop
  endfacet
  facet normal 0.6087 0 0.7934
    outer loop
      vertex 15.4254 9.7 5.35015
      vertex 15.5184 5 5.2788
      vertex 15.5184 9.7 5.2788
    endloop
  endfacet
  facet normal 0.6087 0 0.7934
    outer loop
      vertex 15.5184 5 5.2788
      vertex 15.4254 9.7 5.35015
      vertex 15.4254 5 5.35015
    endloop
  endfacet
  facet normal 0.675576 0 0.73729
    outer loop
      vertex 15.0652 9.7 5.6802
      vertex 15.4254 5 5.35015
      vertex 15.4254 9.7 5.35015
    endloop
  endfacet
  facet normal 0.675576 0 0.73729
    outer loop
      vertex 15.4254 5 5.35015
      vertex 15.0652 9.7 5.6802
      vertex 15.0652 5 5.6802
    endloop
  endfacet
  facet normal 0.537193 0 -0.843459
    outer loop
      vertex 15.813 5 14.2273
      vertex 16.225 9.7 14.4897
      vertex 16.225 5 14.4897
    endloop
  endfacet
  facet normal 0.537193 0 -0.843459
    outer loop
      vertex 16.225 9.7 14.4897
      vertex 15.813 5 14.2273
      vertex 15.813 9.7 14.2273
    endloop
  endfacet
  facet normal 0.923862 0 -0.382725
    outer loop
      vertex 13.9497 5 12.0067
      vertex 13.7627 9.7 11.5553
      vertex 13.9497 9.7 12.0067
    endloop
  endfacet
  facet normal 0.923862 0 -0.382725
    outer loop
      vertex 13.7627 9.7 11.5553
      vertex 13.9497 5 12.0067
      vertex 13.7627 5 11.5553
    endloop
  endfacet
  facet normal 0.991434 0 -0.130608
    outer loop
      vertex 13.5101 5 10.6124
      vertex 13.4463 9.7 10.1281
      vertex 13.5101 9.7 10.6124
    endloop
  endfacet
  facet normal 0.991434 0 -0.130608
    outer loop
      vertex 13.4463 9.7 10.1281
      vertex 13.5101 5 10.6124
      vertex 13.4463 5 10.1281
    endloop
  endfacet
  facet normal 0.843459 0 -0.537193
    outer loop
      vertex 14.4377 5 12.852
      vertex 14.1753 9.7 12.44
      vertex 14.4377 9.7 12.852
    endloop
  endfacet
  facet normal 0.843459 0 -0.537193
    outer loop
      vertex 14.1753 9.7 12.44
      vertex 14.4377 5 12.852
      vertex 14.1753 5 12.44
    endloop
  endfacet
  facet normal 0.737341 0 -0.675521
    outer loop
      vertex 15.0652 5 13.5998
      vertex 14.7352 9.7 13.2396
      vertex 15.0652 9.7 13.5998
    endloop
  endfacet
  facet normal 0.737341 0 -0.675521
    outer loop
      vertex 14.7352 9.7 13.2396
      vertex 15.0652 5 13.5998
      vertex 14.7352 5 13.2396
    endloop
  endfacet
  facet normal 0.60887 0 -0.79327
    outer loop
      vertex 15.4254 5 13.9298
      vertex 15.813 9.7 14.2273
      vertex 15.813 5 14.2273
    endloop
  endfacet
  facet normal 0.60887 0 -0.79327
    outer loop
      vertex 15.813 9.7 14.2273
      vertex 15.4254 5 13.9298
      vertex 15.4254 9.7 13.9298
    endloop
  endfacet
  facet normal 0.976317 0 -0.216345
    outer loop
      vertex 13.6158 5 11.0894
      vertex 13.5101 9.7 10.6124
      vertex 13.6158 9.7 11.0894
    endloop
  endfacet
  facet normal 0.976317 0 -0.216345
    outer loop
      vertex 13.5101 9.7 10.6124
      vertex 13.6158 5 11.0894
      vertex 13.5101 5 10.6124
    endloop
  endfacet
  facet normal 0.46181 0 0.886979
    outer loop
      vertex 16.225 9.7 34.9603
      vertex 16.6583 5 34.7347
      vertex 16.6583 9.7 34.7347
    endloop
  endfacet
  facet normal 0.46181 0 0.886979
    outer loop
      vertex 16.6583 5 34.7347
      vertex 16.225 9.7 34.9603
      vertex 16.225 5 34.9603
    endloop
  endfacet
  facet normal 0.923862 -0 0.382725
    outer loop
      vertex 13.7627 5 37.8947
      vertex 13.9497 9.7 37.4433
      vertex 13.7627 9.7 37.8947
    endloop
  endfacet
  facet normal 0.923862 0 0.382725
    outer loop
      vertex 13.9497 9.7 37.4433
      vertex 13.7627 5 37.8947
      vertex 13.9497 5 37.4433
    endloop
  endfacet
  facet normal 0.999049 -0 0.0435971
    outer loop
      vertex 13.425 5 39.81
      vertex 13.4463 9.7 39.3219
      vertex 13.425 9.7 39.81
    endloop
  endfacet
  facet normal 0.999049 0 0.0435971
    outer loop
      vertex 13.4463 9.7 39.3219
      vertex 13.425 5 39.81
      vertex 13.4463 5 39.3219
    endloop
  endfacet
  facet normal 0.79327 -0 0.60887
    outer loop
      vertex 14.4377 5 36.598
      vertex 14.7352 9.7 36.2104
      vertex 14.4377 9.7 36.598
    endloop
  endfacet
  facet normal 0.79327 0 0.60887
    outer loop
      vertex 14.7352 9.7 36.2104
      vertex 14.4377 5 36.598
      vertex 14.7352 5 36.2104
    endloop
  endfacet
  facet normal 0.999049 0 -0.0435971
    outer loop
      vertex 13.4463 5 40.2981
      vertex 13.425 9.7 39.81
      vertex 13.4463 9.7 40.2981
    endloop
  endfacet
  facet normal 0.999049 0 -0.0435971
    outer loop
      vertex 13.425 9.7 39.81
      vertex 13.4463 5 40.2981
      vertex 13.425 5 39.81
    endloop
  endfacet
  facet normal 0.953716 -0 0.30071
    outer loop
      vertex 13.6158 5 38.3606
      vertex 13.7627 9.7 37.8947
      vertex 13.6158 9.7 38.3606
    endloop
  endfacet
  facet normal 0.953716 0 0.30071
    outer loop
      vertex 13.7627 9.7 37.8947
      vertex 13.6158 5 38.3606
      vertex 13.7627 5 37.8947
    endloop
  endfacet
  facet normal 0.991434 -0 0.130608
    outer loop
      vertex 13.4463 5 39.3219
      vertex 13.5101 9.7 38.8376
      vertex 13.4463 9.7 39.3219
    endloop
  endfacet
  facet normal 0.991434 0 0.130608
    outer loop
      vertex 13.5101 9.7 38.8376
      vertex 13.4463 5 39.3219
      vertex 13.5101 5 38.8376
    endloop
  endfacet
  facet normal 0.886979 -0 0.46181
    outer loop
      vertex 13.9497 5 37.4433
      vertex 14.1753 9.7 37.01
      vertex 13.9497 9.7 37.4433
    endloop
  endfacet
  facet normal 0.886979 0 0.46181
    outer loop
      vertex 14.1753 9.7 37.01
      vertex 13.9497 5 37.4433
      vertex 14.1753 5 37.01
    endloop
  endfacet
  facet normal 0.843459 -0 0.537193
    outer loop
      vertex 14.1753 5 37.01
      vertex 14.4377 9.7 36.598
      vertex 14.1753 9.7 37.01
    endloop
  endfacet
  facet normal 0.843459 0 0.537193
    outer loop
      vertex 14.4377 9.7 36.598
      vertex 14.1753 5 37.01
      vertex 14.4377 5 36.598
    endloop
  endfacet
  facet normal 0.608741 0 0.793369
    outer loop
      vertex 15.4254 9.7 35.5201
      vertex 15.813 5 35.2227
      vertex 15.813 9.7 35.2227
    endloop
  endfacet
  facet normal 0.608741 0 0.793369
    outer loop
      vertex 15.813 5 35.2227
      vertex 15.4254 9.7 35.5201
      vertex 15.4254 5 35.5201
    endloop
  endfacet
  facet normal 0.675632 0 0.737239
    outer loop
      vertex 15.0652 9.7 35.8502
      vertex 15.4254 5 35.5201
      vertex 15.4254 9.7 35.5201
    endloop
  endfacet
  facet normal 0.675632 0 0.737239
    outer loop
      vertex 15.4254 5 35.5201
      vertex 15.0652 9.7 35.8502
      vertex 15.0652 5 35.8502
    endloop
  endfacet
  facet normal 0.537193 0 0.843459
    outer loop
      vertex 15.813 9.7 35.2227
      vertex 16.225 5 34.9603
      vertex 16.225 9.7 34.9603
    endloop
  endfacet
  facet normal 0.537193 0 0.843459
    outer loop
      vertex 16.225 5 34.9603
      vertex 15.813 9.7 35.2227
      vertex 15.813 5 35.2227
    endloop
  endfacet
  facet normal 0.737341 -0 0.675521
    outer loop
      vertex 14.7352 5 36.2104
      vertex 15.0652 9.7 35.8502
      vertex 14.7352 9.7 36.2104
    endloop
  endfacet
  facet normal 0.737341 0 0.675521
    outer loop
      vertex 15.0652 9.7 35.8502
      vertex 14.7352 5 36.2104
      vertex 15.0652 5 35.8502
    endloop
  endfacet
  facet normal 0.886979 0 -0.46181
    outer loop
      vertex 14.1753 5 42.61
      vertex 13.9497 9.7 42.1767
      vertex 14.1753 9.7 42.61
    endloop
  endfacet
  facet normal 0.886979 0 -0.46181
    outer loop
      vertex 13.9497 9.7 42.1767
      vertex 14.1753 5 42.61
      vertex 13.9497 5 42.1767
    endloop
  endfacet
  facet normal 0.976317 -0 0.216345
    outer loop
      vertex 13.5101 5 38.8376
      vertex 13.6158 9.7 38.3606
      vertex 13.5101 9.7 38.8376
    endloop
  endfacet
  facet normal 0.976317 0 0.216345
    outer loop
      vertex 13.6158 9.7 38.3606
      vertex 13.5101 5 38.8376
      vertex 13.6158 5 38.3606
    endloop
  endfacet
  facet normal 0.382633 0 0.9239
    outer loop
      vertex 16.6583 9.7 34.7347
      vertex 16.9 5 34.6346
      vertex 16.9 9.7 34.6346
    endloop
  endfacet
  facet normal 0.382633 0 0.9239
    outer loop
      vertex 16.9 5 34.6346
      vertex 16.6583 9.7 34.7347
      vertex 16.6583 5 34.7347
    endloop
  endfacet
  facet normal 0.923862 0 -0.382725
    outer loop
      vertex 13.9497 5 42.1767
      vertex 13.7627 9.7 41.7253
      vertex 13.9497 9.7 42.1767
    endloop
  endfacet
  facet normal 0.923862 0 -0.382725
    outer loop
      vertex 13.7627 9.7 41.7253
      vertex 13.9497 5 42.1767
      vertex 13.7627 5 41.7253
    endloop
  endfacet
  facet normal 0.953716 0 -0.30071
    outer loop
      vertex 13.7627 5 41.7253
      vertex 13.6158 9.7 41.2594
      vertex 13.7627 9.7 41.7253
    endloop
  endfacet
  facet normal 0.953716 0 -0.30071
    outer loop
      vertex 13.6158 9.7 41.2594
      vertex 13.7627 5 41.7253
      vertex 13.6158 5 41.2594
    endloop
  endfacet
  facet normal 0.79327 0 -0.60887
    outer loop
      vertex 14.7352 5 43.4096
      vertex 14.4377 9.7 43.022
      vertex 14.7352 9.7 43.4096
    endloop
  endfacet
  facet normal 0.79327 0 -0.60887
    outer loop
      vertex 14.4377 9.7 43.022
      vertex 14.7352 5 43.4096
      vertex 14.4377 5 43.022
    endloop
  endfacet
  facet normal 0.976317 0 -0.216345
    outer loop
      vertex 13.6158 5 41.2594
      vertex 13.5101 9.7 40.7824
      vertex 13.6158 9.7 41.2594
    endloop
  endfacet
  facet normal 0.976317 0 -0.216345
    outer loop
      vertex 13.5101 9.7 40.7824
      vertex 13.6158 5 41.2594
      vertex 13.5101 5 40.7824
    endloop
  endfacet
  facet normal 0.991434 0 -0.130608
    outer loop
      vertex 13.5101 5 40.7824
      vertex 13.4463 9.7 40.2981
      vertex 13.5101 9.7 40.7824
    endloop
  endfacet
  facet normal 0.991434 0 -0.130608
    outer loop
      vertex 13.4463 9.7 40.2981
      vertex 13.5101 5 40.7824
      vertex 13.4463 5 40.2981
    endloop
  endfacet
  facet normal 0.608973 0 -0.793191
    outer loop
      vertex 15.4254 5 44.0998
      vertex 15.5606 9.7 44.2036
      vertex 15.5606 5 44.2036
    endloop
  endfacet
  facet normal 0.608973 0 -0.793191
    outer loop
      vertex 15.5606 9.7 44.2036
      vertex 15.4254 5 44.0998
      vertex 15.4254 9.7 44.0998
    endloop
  endfacet
  facet normal 0.843459 0 -0.537193
    outer loop
      vertex 14.4377 5 43.022
      vertex 14.1753 9.7 42.61
      vertex 14.4377 9.7 43.022
    endloop
  endfacet
  facet normal 0.843459 0 -0.537193
    outer loop
      vertex 14.1753 9.7 42.61
      vertex 14.4377 5 43.022
      vertex 14.1753 5 42.61
    endloop
  endfacet
  facet normal 0.737341 0 -0.675521
    outer loop
      vertex 15.0652 5 43.7698
      vertex 14.7352 9.7 43.4096
      vertex 15.0652 9.7 43.7698
    endloop
  endfacet
  facet normal 0.737341 0 -0.675521
    outer loop
      vertex 14.7352 9.7 43.4096
      vertex 15.0652 5 43.7698
      vertex 14.7352 5 43.4096
    endloop
  endfacet
  facet normal 0.675521 0 -0.737341
    outer loop
      vertex 15.0652 5 43.7698
      vertex 15.4254 9.7 44.0998
      vertex 15.4254 5 44.0998
    endloop
  endfacet
  facet normal 0.675521 0 -0.737341
    outer loop
      vertex 15.4254 9.7 44.0998
      vertex 15.0652 5 43.7698
      vertex 15.0652 9.7 43.7698
    endloop
  endfacet
  facet normal 0.735732 0 -0.677273
    outer loop
      vertex 15.5184 5 5.2788
      vertex 14.5853 9.7 4.26516
      vertex 15.5184 9.7 5.2788
    endloop
  endfacet
  facet normal 0.735732 0 -0.677273
    outer loop
      vertex 14.5853 9.7 4.26516
      vertex 15.5184 5 5.2788
      vertex 14.5853 5 4.26516
    endloop
  endfacet
  facet normal 0.475939 0 -0.879478
    outer loop
      vertex 12.8482 5 3.32511
      vertex 14.5853 9.7 4.26516
      vertex 14.5853 5 4.26516
    endloop
  endfacet
  facet normal 0.475939 0 -0.879478
    outer loop
      vertex 14.5853 9.7 4.26516
      vertex 12.8482 5 3.32511
      vertex 12.8482 9.7 3.32511
    endloop
  endfacet
  facet normal 0.164596 0 -0.986361
    outer loop
      vertex 10.9 5 3.00001
      vertex 12.8482 9.7 3.32511
      vertex 12.8482 5 3.32511
    endloop
  endfacet
  facet normal 0.164596 0 -0.986361
    outer loop
      vertex 12.8482 9.7 3.32511
      vertex 10.9 5 3.00001
      vertex 10.9 9.7 3.00001
    endloop
  endfacet
  facet normal 0.677291 0 0.735715
    outer loop
      vertex 14.1817 9.7 45.473
      vertex 15.5606 5 44.2036
      vertex 15.5606 9.7 44.2036
    endloop
  endfacet
  facet normal 0.677291 0 0.735715
    outer loop
      vertex 15.5606 5 44.2036
      vertex 14.1817 9.7 45.473
      vertex 14.1817 5 45.473
    endloop
  endfacet
  facet normal 0 1 0
    outer loop
      vertex 13.9497 9.7 42.1767
      vertex 10.9 9.7 46.45
      vertex 12.3729 9.7 46.2664
    endloop
  endfacet
  facet normal 0 1 0
    outer loop
      vertex 10.9 9.7 46.45
      vertex 0 9.7 42.4
      vertex -10.9 9.7 46.45
    endloop
  endfacet
  facet normal 0 1 0
    outer loop
      vertex 14.4377 9.7 43.022
      vertex 12.3729 9.7 46.2664
      vertex 14.1817 9.7 45.473
    endloop
  endfacet
  facet normal 0 1 -0
    outer loop
      vertex -0.80129 9.7 42.3606
      vertex -10.9 9.7 46.45
      vertex 0 9.7 42.4
    endloop
  endfacet
  facet normal 0 1 -0
    outer loop
      vertex 15.4254 9.7 44.0998
      vertex 14.1817 9.7 45.473
      vertex 15.5606 9.7 44.2036
    endloop
  endfacet
  facet normal 0 1 -0
    outer loop
      vertex -1.59486 9.7 42.2429
      vertex -10.9 9.7 46.45
      vertex -0.80129 9.7 42.3606
    endloop
  endfacet
  facet normal 0 1 -0
    outer loop
      vertex 15.0652 9.7 43.7698
      vertex 14.1817 9.7 45.473
      vertex 15.4254 9.7 44.0998
    endloop
  endfacet
  facet normal 0 1 -0
    outer loop
      vertex -2.37308 9.7 42.048
      vertex -10.9 9.7 46.45
      vertex -1.59486 9.7 42.2429
    endloop
  endfacet
  facet normal 0 1 -0
    outer loop
      vertex 14.7352 9.7 43.4096
      vertex 14.1817 9.7 45.473
      vertex 15.0652 9.7 43.7698
    endloop
  endfacet
  facet normal 0 1 -0
    outer loop
      vertex -3.12844 9.7 41.7777
      vertex -10.9 9.7 46.45
      vertex -2.37308 9.7 42.048
    endloop
  endfacet
  facet normal 0 1 -0
    outer loop
      vertex 14.4377 9.7 43.022
      vertex 14.1817 9.7 45.473
      vertex 14.7352 9.7 43.4096
    endloop
  endfacet
  facet normal 0 1 -0
    outer loop
      vertex -3.85367 9.7 41.4347
      vertex -10.9 9.7 46.45
      vertex -3.12844 9.7 41.7777
    endloop
  endfacet
  facet normal 0 1 0
    outer loop
      vertex 12.3729 9.7 46.2664
      vertex 14.4377 9.7 43.022
      vertex 14.1753 9.7 42.61
    endloop
  endfacet
  facet normal 0 1 -0
    outer loop
      vertex -4.54179 9.7 41.0223
      vertex -10.9 9.7 46.45
      vertex -3.85367 9.7 41.4347
    endloop
  endfacet
  facet normal 0 1 0
    outer loop
      vertex 12.3729 9.7 46.2664
      vertex 14.1753 9.7 42.61
      vertex 13.9497 9.7 42.1767
    endloop
  endfacet
  facet normal 0 1 0
    outer loop
      vertex -14.5853 9.7 45.1848
      vertex -15.4254 9.7 44.0998
      vertex -15.5184 9.7 44.1712
    endloop
  endfacet
  facet normal 0 1 -0
    outer loop
      vertex -5.18616 9.7 40.5444
      vertex -10.9 9.7 46.45
      vertex -4.54179 9.7 41.0223
    endloop
  endfacet
  facet normal 0 1 0
    outer loop
      vertex 10.9 9.7 46.45
      vertex 0.80129 9.7 42.3606
      vertex 0 9.7 42.4
    endloop
  endfacet
  facet normal 0 1 0
    outer loop
      vertex 10.9 9.7 46.45
      vertex 1.59486 9.7 42.2429
      vertex 0.80129 9.7 42.3606
    endloop
  endfacet
  facet normal 0 1 0
    outer loop
      vertex 10.9 9.7 46.45
      vertex 13.9497 9.7 42.1767
      vertex 13.7627 9.7 41.7253
    endloop
  endfacet
  facet normal 0 1 0
    outer loop
      vertex 10.9 9.7 46.45
      vertex 2.37308 9.7 42.048
      vertex 1.59486 9.7 42.2429
    endloop
  endfacet
  facet normal 0 1 0
    outer loop
      vertex 10.9 9.7 46.45
      vertex 3.12844 9.7 41.7777
      vertex 2.37308 9.7 42.048
    endloop
  endfacet
  facet normal 0 1 -0
    outer loop
      vertex 13.6158 9.7 41.2594
      vertex 10.9 9.7 46.45
      vertex 13.7627 9.7 41.7253
    endloop
  endfacet
  facet normal 0 1 0
    outer loop
      vertex 10.9 9.7 46.45
      vertex 3.85367 9.7 41.4347
      vertex 3.12844 9.7 41.7777
    endloop
  endfacet
  facet normal 0 1 0
    outer loop
      vertex 6.31936 9.7 39.4112
      vertex 10.9 9.7 46.45
      vertex 13.6158 9.7 41.2594
    endloop
  endfacet
  facet normal 0 1 0
    outer loop
      vertex 10.9 9.7 46.45
      vertex 4.54179 9.7 41.0223
      vertex 3.85367 9.7 41.4347
    endloop
  endfacet
  facet normal 0 1 0
    outer loop
      vertex 6.31936 9.7 39.4112
      vertex 13.6158 9.7 41.2594
      vertex 13.5101 9.7 40.7824
    endloop
  endfacet
  facet normal 0 1 0
    outer loop
      vertex 10.9 9.7 46.45
      vertex 5.18616 9.7 40.5444
      vertex 4.54179 9.7 41.0223
    endloop
  endfacet
  facet normal 0 1 0
    outer loop
      vertex 6.79726 9.7 38.7668
      vertex 13.5101 9.7 40.7824
      vertex 13.4463 9.7 40.2981
    endloop
  endfacet
  facet normal 0 1 0
    outer loop
      vertex 10.9 9.7 46.45
      vertex 5.7806 9.7 40.0056
      vertex 5.18616 9.7 40.5444
    endloop
  endfacet
  facet normal 0 1 0
    outer loop
      vertex 6.79726 9.7 38.7668
      vertex 13.4463 9.7 40.2981
      vertex 13.425 9.7 39.81
    endloop
  endfacet
  facet normal 0 1 0
    outer loop
      vertex 10.9 9.7 46.45
      vertex 6.31936 9.7 39.4112
      vertex 5.7806 9.7 40.0056
    endloop
  endfacet
  facet normal 0 1 0
    outer loop
      vertex 7.20971 9.7 38.0787
      vertex 13.425 9.7 39.81
      vertex 13.4463 9.7 39.3219
    endloop
  endfacet
  facet normal 0 1 0
    outer loop
      vertex 7.55271 9.7 37.3534
      vertex 13.4463 9.7 39.3219
      vertex 13.5101 9.7 38.8376
    endloop
  endfacet
  facet normal 0 1 0
    outer loop
      vertex 13.5101 9.7 40.7824
      vertex 6.79726 9.7 38.7668
      vertex 6.31936 9.7 39.4112
    endloop
  endfacet
  facet normal 0 1 0
    outer loop
      vertex 7.82299 9.7 36.5981
      vertex 13.5101 9.7 38.8376
      vertex 13.6158 9.7 38.3606
    endloop
  endfacet
  facet normal 0 1 0
    outer loop
      vertex 13.425 9.7 39.81
      vertex 7.20971 9.7 38.0787
      vertex 6.79726 9.7 38.7668
    endloop
  endfacet
  facet normal 0 1 0
    outer loop
      vertex 7.82299 9.7 36.5981
      vertex 13.6158 9.7 38.3606
      vertex 13.7627 9.7 37.8947
    endloop
  endfacet
  facet normal 0 1 0
    outer loop
      vertex 8.01792 9.7 35.8199
      vertex 13.7627 9.7 37.8947
      vertex 13.9497 9.7 37.4433
    endloop
  endfacet
  facet normal 0 1 0
    outer loop
      vertex 13.4463 9.7 39.3219
      vertex 7.55271 9.7 37.3534
      vertex 7.20971 9.7 38.0787
    endloop
  endfacet
  facet normal 0 1 0
    outer loop
      vertex 8.13563 9.7 35.0263
      vertex 13.9497 9.7 37.4433
      vertex 14.1753 9.7 37.01
    endloop
  endfacet
  facet normal 0 1 0
    outer loop
      vertex 13.5101 9.7 38.8376
      vertex 7.82299 9.7 36.5981
      vertex 7.55271 9.7 37.3534
    endloop
  endfacet
  facet normal 0 1 0
    outer loop
      vertex 8.13563 9.7 35.0263
      vertex 14.1753 9.7 37.01
      vertex 14.4377 9.7 36.598
    endloop
  endfacet
  facet normal 0 1 0
    outer loop
      vertex 8.175 9.7 34.225
      vertex 14.4377 9.7 36.598
      vertex 14.7352 9.7 36.2104
    endloop
  endfacet
  facet normal 0 1 0
    outer loop
      vertex 8.13563 9.7 33.4237
      vertex 14.7352 9.7 36.2104
      vertex 15.0652 9.7 35.8502
    endloop
  endfacet
  facet normal 0 1 0
    outer loop
      vertex 13.7627 9.7 37.8947
      vertex 8.01792 9.7 35.8199
      vertex 7.82299 9.7 36.5981
    endloop
  endfacet
  facet normal 0 1 0
    outer loop
      vertex 8.13563 9.7 33.4237
      vertex 15.0652 9.7 35.8502
      vertex 15.4254 9.7 35.5201
    endloop
  endfacet
  facet normal 0 1 0
    outer loop
      vertex 8.01792 9.7 32.6301
      vertex 15.4254 9.7 35.5201
      vertex 15.813 9.7 35.2227
    endloop
  endfacet
  facet normal 0 1 0
    outer loop
      vertex 13.9497 9.7 37.4433
      vertex 8.13563 9.7 35.0263
      vertex 8.01792 9.7 35.8199
    endloop
  endfacet
  facet normal 0 1 0
    outer loop
      vertex 7.82299 9.7 31.8519
      vertex 15.813 9.7 35.2227
      vertex 16.225 9.7 34.9603
    endloop
  endfacet
  facet normal 0 1 0
    outer loop
      vertex 7.55271 9.7 31.0966
      vertex 16.225 9.7 34.9603
      vertex 16.6583 9.7 34.7347
    endloop
  endfacet
  facet normal 0 1 0
    outer loop
      vertex 7.55271 9.7 31.0966
      vertex 16.6583 9.7 34.7347
      vertex 16.9 9.7 34.6346
    endloop
  endfacet
  facet normal 0 1 0
    outer loop
      vertex 14.4377 9.7 36.598
      vertex 8.175 9.7 34.225
      vertex 8.13563 9.7 35.0263
    endloop
  endfacet
  facet normal 0 1 0
    outer loop
      vertex 14.7352 9.7 36.2104
      vertex 8.13563 9.7 33.4237
      vertex 8.175 9.7 34.225
    endloop
  endfacet
  facet normal 0 1 0
    outer loop
      vertex 15.4254 9.7 35.5201
      vertex 8.01792 9.7 32.6301
      vertex 8.13563 9.7 33.4237
    endloop
  endfacet
  facet normal 0 1 0
    outer loop
      vertex 15.813 9.7 35.2227
      vertex 7.82299 9.7 31.8519
      vertex 8.01792 9.7 32.6301
    endloop
  endfacet
  facet normal 0 1 0
    outer loop
      vertex 16.225 9.7 34.9603
      vertex 7.55271 9.7 31.0966
      vertex 7.82299 9.7 31.8519
    endloop
  endfacet
  facet normal 0 1 0
    outer loop
      vertex 16.9 9.7 34.6346
      vertex 7.20971 9.7 30.3713
      vertex 7.55271 9.7 31.0966
    endloop
  endfacet
  facet normal 0 1 0
    outer loop
      vertex 16.9 9.7 34.6346
      vertex 6.79726 9.7 29.6832
      vertex 7.20971 9.7 30.3713
    endloop
  endfacet
  facet normal 0 1 -0
    outer loop
      vertex 16.9 9.7 14.8154
      vertex 6.79726 9.7 29.6832
      vertex 16.9 9.7 34.6346
    endloop
  endfacet
  facet normal 0 1 0
    outer loop
      vertex 6.79726 9.7 29.6832
      vertex 16.9 9.7 14.8154
      vertex 6.31936 9.7 29.0388
    endloop
  endfacet
  facet normal 0 1 -0
    outer loop
      vertex 16.6583 9.7 14.7153
      vertex 6.31936 9.7 29.0388
      vertex 16.9 9.7 14.8154
    endloop
  endfacet
  facet normal 0 1 0
    outer loop
      vertex 6.31936 9.7 29.0388
      vertex 16.6583 9.7 14.7153
      vertex 5.7806 9.7 28.4444
    endloop
  endfacet
  facet normal 0 1 -0
    outer loop
      vertex 16.225 9.7 14.4897
      vertex 5.7806 9.7 28.4444
      vertex 16.6583 9.7 14.7153
    endloop
  endfacet
  facet normal 0 1 0
    outer loop
      vertex 5.7806 9.7 28.4444
      vertex 16.225 9.7 14.4897
      vertex 5.18616 9.7 27.9056
    endloop
  endfacet
  facet normal 0 1 -0
    outer loop
      vertex 15.813 9.7 14.2273
      vertex 5.18616 9.7 27.9056
      vertex 16.225 9.7 14.4897
    endloop
  endfacet
  facet normal 0 1 -0
    outer loop
      vertex 15.4254 9.7 13.9298
      vertex 5.18616 9.7 27.9056
      vertex 15.813 9.7 14.2273
    endloop
  endfacet
  facet normal 0 1 0
    outer loop
      vertex 5.18616 9.7 27.9056
      vertex 15.4254 9.7 13.9298
      vertex 4.54179 9.7 27.4277
    endloop
  endfacet
  facet normal -0 1 0
    outer loop
      vertex 4.33843 9.7 14.2348
      vertex 4.54179 9.7 27.4277
      vertex 15.4254 9.7 13.9298
    endloop
  endfacet
  facet normal 0 1 0
    outer loop
      vertex 4.54179 9.7 27.4277
      vertex 4.33843 9.7 14.2348
      vertex 4.33843 9.7 27.3058
    endloop
  endfacet
  facet normal 0 1 -0
    outer loop
      vertex 15.0652 9.7 13.5998
      vertex 4.33843 9.7 14.2348
      vertex 15.4254 9.7 13.9298
    endloop
  endfacet
  facet normal 0 1 -0
    outer loop
      vertex 14.7352 9.7 13.2396
      vertex 4.33843 9.7 14.2348
      vertex 15.0652 9.7 13.5998
    endloop
  endfacet
  facet normal 0 1 -0
    outer loop
      vertex 14.4377 9.7 12.852
      vertex 4.33843 9.7 14.2348
      vertex 14.7352 9.7 13.2396
    endloop
  endfacet
  facet normal 0 1 -0
    outer loop
      vertex 14.1753 9.7 12.44
      vertex 4.33843 9.7 14.2348
      vertex 14.4377 9.7 12.852
    endloop
  endfacet
  facet normal 0 1 -0
    outer loop
      vertex 13.9497 9.7 12.0067
      vertex 4.33843 9.7 14.2348
      vertex 14.1753 9.7 12.44
    endloop
  endfacet
  facet normal 0 1 -0
    outer loop
      vertex 13.7627 9.7 11.5553
      vertex 4.33843 9.7 14.2348
      vertex 13.9497 9.7 12.0067
    endloop
  endfacet
  facet normal 0 1 -0
    outer loop
      vertex 13.6158 9.7 11.0894
      vertex 4.33843 9.7 14.2348
      vertex 13.7627 9.7 11.5553
    endloop
  endfacet
  facet normal 0 1 -0
    outer loop
      vertex 13.5101 9.7 10.6124
      vertex 4.33843 9.7 14.2348
      vertex 13.6158 9.7 11.0894
    endloop
  endfacet
  facet normal 0 1 0
    outer loop
      vertex 4.33843 9.7 14.2348
      vertex 13.5101 9.7 10.6124
      vertex 3.47915 9.7 12.4505
    endloop
  endfacet
  facet normal 0 1 -0
    outer loop
      vertex 13.4463 9.7 10.1281
      vertex 3.47915 9.7 12.4505
      vertex 13.5101 9.7 10.6124
    endloop
  endfacet
  facet normal 0 1 -0
    outer loop
      vertex 13.425 9.7 9.64
      vertex 3.47915 9.7 12.4505
      vertex 13.4463 9.7 10.1281
    endloop
  endfacet
  facet normal 0 1 0
    outer loop
      vertex -14.5853 9.7 45.1848
      vertex -15.0652 9.7 43.7698
      vertex -15.4254 9.7 44.0998
    endloop
  endfacet
  facet normal 0 1 -0
    outer loop
      vertex -5.7806 9.7 40.0056
      vertex -10.9 9.7 46.45
      vertex -5.18616 9.7 40.5444
    endloop
  endfacet
  facet normal 0 1 0
    outer loop
      vertex -14.5853 9.7 45.1848
      vertex -14.7352 9.7 43.4096
      vertex -15.0652 9.7 43.7698
    endloop
  endfacet
  facet normal 0 1 0
    outer loop
      vertex -14.5853 9.7 45.1848
      vertex -14.4377 9.7 43.022
      vertex -14.7352 9.7 43.4096
    endloop
  endfacet
  facet normal 0 1 -0
    outer loop
      vertex -6.31936 9.7 39.4112
      vertex -10.9 9.7 46.45
      vertex -5.7806 9.7 40.0056
    endloop
  endfacet
  facet normal 0 1 0
    outer loop
      vertex -12.8482 9.7 46.1249
      vertex -14.4377 9.7 43.022
      vertex -14.5853 9.7 45.1848
    endloop
  endfacet
  facet normal -0 1 0
    outer loop
      vertex -14.1753 9.7 42.61
      vertex -12.8482 9.7 46.1249
      vertex -13.9497 9.7 42.1767
    endloop
  endfacet
  facet normal -0 1 0
    outer loop
      vertex -14.4377 9.7 43.022
      vertex -12.8482 9.7 46.1249
      vertex -14.1753 9.7 42.61
    endloop
  endfacet
  facet normal -0 1 0
    outer loop
      vertex -13.9497 9.7 42.1767
      vertex -10.9 9.7 46.45
      vertex -13.7627 9.7 41.7253
    endloop
  endfacet
  facet normal 0 1 0
    outer loop
      vertex -10.9 9.7 46.45
      vertex -13.9497 9.7 42.1767
      vertex -12.8482 9.7 46.1249
    endloop
  endfacet
  facet normal 0 1 0
    outer loop
      vertex -10.9 9.7 46.45
      vertex -13.6158 9.7 41.2594
      vertex -13.7627 9.7 41.7253
    endloop
  endfacet
  facet normal 0 1 0
    outer loop
      vertex -10.9 9.7 46.45
      vertex -6.31936 9.7 39.4112
      vertex -13.6158 9.7 41.2594
    endloop
  endfacet
  facet normal 0 1 0
    outer loop
      vertex -13.6158 9.7 41.2594
      vertex -6.31936 9.7 39.4112
      vertex -13.5101 9.7 40.7824
    endloop
  endfacet
  facet normal 0 1 -0
    outer loop
      vertex -6.79726 9.7 38.7668
      vertex -13.5101 9.7 40.7824
      vertex -6.31936 9.7 39.4112
    endloop
  endfacet
  facet normal 0 1 0
    outer loop
      vertex -13.5101 9.7 40.7824
      vertex -6.79726 9.7 38.7668
      vertex -13.4463 9.7 40.2981
    endloop
  endfacet
  facet normal 0 1 0
    outer loop
      vertex -13.4463 9.7 40.2981
      vertex -6.79726 9.7 38.7668
      vertex -13.425 9.7 39.81
    endloop
  endfacet
  facet normal 0 1 -0
    outer loop
      vertex -7.20971 9.7 38.0787
      vertex -13.425 9.7 39.81
      vertex -6.79726 9.7 38.7668
    endloop
  endfacet
  facet normal 0 1 0
    outer loop
      vertex -13.425 9.7 39.81
      vertex -7.20971 9.7 38.0787
      vertex -13.4463 9.7 39.3219
    endloop
  endfacet
  facet normal 0 1 -0
    outer loop
      vertex -7.55271 9.7 37.3534
      vertex -13.4463 9.7 39.3219
      vertex -7.20971 9.7 38.0787
    endloop
  endfacet
  facet normal 0 1 0
    outer loop
      vertex -13.4463 9.7 39.3219
      vertex -7.55271 9.7 37.3534
      vertex -13.5101 9.7 38.8376
    endloop
  endfacet
  facet normal 0 1 -0
    outer loop
      vertex -7.82299 9.7 36.5981
      vertex -13.5101 9.7 38.8376
      vertex -7.55271 9.7 37.3534
    endloop
  endfacet
  facet normal 0 1 0
    outer loop
      vertex -13.5101 9.7 38.8376
      vertex -7.82299 9.7 36.5981
      vertex -13.6158 9.7 38.3606
    endloop
  endfacet
  facet normal 0 1 0
    outer loop
      vertex -13.6158 9.7 38.3606
      vertex -7.82299 9.7 36.5981
      vertex -13.7627 9.7 37.8947
    endloop
  endfacet
  facet normal 0 1 -0
    outer loop
      vertex -8.01792 9.7 35.8199
      vertex -13.7627 9.7 37.8947
      vertex -7.82299 9.7 36.5981
    endloop
  endfacet
  facet normal 0 1 0
    outer loop
      vertex -13.7627 9.7 37.8947
      vertex -8.01792 9.7 35.8199
      vertex -13.9497 9.7 37.4433
    endloop
  endfacet
  facet normal 0 1 -0
    outer loop
      vertex -8.13563 9.7 35.0263
      vertex -13.9497 9.7 37.4433
      vertex -8.01792 9.7 35.8199
    endloop
  endfacet
  facet normal 0 1 0
    outer loop
      vertex -13.9497 9.7 37.4433
      vertex -8.13563 9.7 35.0263
      vertex -14.1753 9.7 37.01
    endloop
  endfacet
  facet normal 0 1 0
    outer loop
      vertex -14.1753 9.7 37.01
      vertex -8.13563 9.7 35.0263
      vertex -14.4377 9.7 36.598
    endloop
  endfacet
  facet normal 0 1 -0
    outer loop
      vertex -8.175 9.7 34.225
      vertex -14.4377 9.7 36.598
      vertex -8.13563 9.7 35.0263
    endloop
  endfacet
  facet normal 0 1 0
    outer loop
      vertex -14.4377 9.7 36.598
      vertex -8.175 9.7 34.225
      vertex -14.7352 9.7 36.2104
    endloop
  endfacet
  facet normal 0 1 0
    outer loop
      vertex -8.13563 9.7 33.4237
      vertex -14.7352 9.7 36.2104
      vertex -8.175 9.7 34.225
    endloop
  endfacet
  facet normal 0 1 0
    outer loop
      vertex -14.7352 9.7 36.2104
      vertex -8.13563 9.7 33.4237
      vertex -15.0652 9.7 35.8502
    endloop
  endfacet
  facet normal 0 1 0
    outer loop
      vertex -15.0652 9.7 35.8502
      vertex -8.13563 9.7 33.4237
      vertex -15.4254 9.7 35.5201
    endloop
  endfacet
  facet normal 0 1 0
    outer loop
      vertex -8.01792 9.7 32.6301
      vertex -15.4254 9.7 35.5201
      vertex -8.13563 9.7 33.4237
    endloop
  endfacet
  facet normal 0 1 0
    outer loop
      vertex -15.4254 9.7 35.5201
      vertex -8.01792 9.7 32.6301
      vertex -15.813 9.7 35.2227
    endloop
  endfacet
  facet normal 0 1 0
    outer loop
      vertex -7.82299 9.7 31.8519
      vertex -15.813 9.7 35.2227
      vertex -8.01792 9.7 32.6301
    endloop
  endfacet
  facet normal 0 1 0
    outer loop
      vertex -15.813 9.7 35.2227
      vertex -7.82299 9.7 31.8519
      vertex -16.225 9.7 34.9603
    endloop
  endfacet
  facet normal 0 1 0
    outer loop
      vertex -7.55271 9.7 31.0966
      vertex -16.225 9.7 34.9603
      vertex -7.82299 9.7 31.8519
    endloop
  endfacet
  facet normal 0 1 0
    outer loop
      vertex -16.225 9.7 34.9603
      vertex -7.55271 9.7 31.0966
      vertex -16.6583 9.7 34.7347
    endloop
  endfacet
  facet normal 0 1 0
    outer loop
      vertex -16.6583 9.7 34.7347
      vertex -7.55271 9.7 31.0966
      vertex -16.9 9.7 34.6346
    endloop
  endfacet
  facet normal 0 1 0
    outer loop
      vertex -7.20971 9.7 30.3713
      vertex -16.9 9.7 34.6346
      vertex -7.55271 9.7 31.0966
    endloop
  endfacet
  facet normal 0 1 0
    outer loop
      vertex -6.79726 9.7 29.6832
      vertex -16.9 9.7 34.6346
      vertex -7.20971 9.7 30.3713
    endloop
  endfacet
  facet normal 0 1 0
    outer loop
      vertex -16.9 9.7 14.8154
      vertex -6.79726 9.7 29.6832
      vertex -6.31936 9.7 29.0388
    endloop
  endfacet
  facet normal 0 1 0
    outer loop
      vertex -16.6583 9.7 14.7153
      vertex -6.31936 9.7 29.0388
      vertex -5.7806 9.7 28.4444
    endloop
  endfacet
  facet normal 0 1 0
    outer loop
      vertex -16.225 9.7 14.4897
      vertex -5.7806 9.7 28.4444
      vertex -5.18616 9.7 27.9056
    endloop
  endfacet
  facet normal 0 1 0
    outer loop
      vertex -15.4254 9.7 13.9298
      vertex -5.18616 9.7 27.9056
      vertex -4.54179 9.7 27.4277
    endloop
  endfacet
  facet normal 0 1 -0
    outer loop
      vertex -4.33843 9.7 14.2348
      vertex -4.54179 9.7 27.4277
      vertex -4.33843 9.7 27.3058
    endloop
  endfacet
  facet normal 0 1 0
    outer loop
      vertex -6.79726 9.7 29.6832
      vertex -16.9 9.7 14.8154
      vertex -16.9 9.7 34.6346
    endloop
  endfacet
  facet normal 0 1 0
    outer loop
      vertex -6.31936 9.7 29.0388
      vertex -16.6583 9.7 14.7153
      vertex -16.9 9.7 14.8154
    endloop
  endfacet
  facet normal 0 1 0
    outer loop
      vertex -5.7806 9.7 28.4444
      vertex -16.225 9.7 14.4897
      vertex -16.6583 9.7 14.7153
    endloop
  endfacet
  facet normal 0 1 0
    outer loop
      vertex -4.54179 9.7 27.4277
      vertex -4.33843 9.7 14.2348
      vertex -15.4254 9.7 13.9298
    endloop
  endfacet
  facet normal 0 1 0
    outer loop
      vertex -5.18616 9.7 27.9056
      vertex -15.813 9.7 14.2273
      vertex -16.225 9.7 14.4897
    endloop
  endfacet
  facet normal 0 1 0
    outer loop
      vertex -5.18616 9.7 27.9056
      vertex -15.4254 9.7 13.9298
      vertex -15.813 9.7 14.2273
    endloop
  endfacet
  facet normal 0 1 0
    outer loop
      vertex -4.33843 9.7 14.2348
      vertex -15.0652 9.7 13.5998
      vertex -15.4254 9.7 13.9298
    endloop
  endfacet
  facet normal 0 1 0
    outer loop
      vertex -4.33843 9.7 14.2348
      vertex -14.7352 9.7 13.2396
      vertex -15.0652 9.7 13.5998
    endloop
  endfacet
  facet normal 0 1 0
    outer loop
      vertex -4.33843 9.7 14.2348
      vertex -14.4377 9.7 12.852
      vertex -14.7352 9.7 13.2396
    endloop
  endfacet
  facet normal 0 1 0
    outer loop
      vertex -13.5101 9.7 10.6124
      vertex -4.33843 9.7 14.2348
      vertex -3.47915 9.7 12.4505
    endloop
  endfacet
  facet normal 0 1 0
    outer loop
      vertex -4.33843 9.7 14.2348
      vertex -14.1753 9.7 12.44
      vertex -14.4377 9.7 12.852
    endloop
  endfacet
  facet normal 0 1 0
    outer loop
      vertex -4.33843 9.7 14.2348
      vertex -13.9497 9.7 12.0067
      vertex -14.1753 9.7 12.44
    endloop
  endfacet
  facet normal 0 1 0
    outer loop
      vertex -4.33843 9.7 14.2348
      vertex -13.7627 9.7 11.5553
      vertex -13.9497 9.7 12.0067
    endloop
  endfacet
  facet normal 0 1 0
    outer loop
      vertex -10.9 9.7 3.00001
      vertex -3.47915 9.7 12.4505
      vertex -1.93078 9.7 11.2157
    endloop
  endfacet
  facet normal 0 1 0
    outer loop
      vertex -4.33843 9.7 14.2348
      vertex -13.6158 9.7 11.0894
      vertex -13.7627 9.7 11.5553
    endloop
  endfacet
  facet normal 0 1 0
    outer loop
      vertex -10.9 9.7 3.00001
      vertex -1.93078 9.7 11.2157
      vertex 0 9.7 10.775
    endloop
  endfacet
  facet normal 0 1 0
    outer loop
      vertex -4.33843 9.7 14.2348
      vertex -13.5101 9.7 10.6124
      vertex -13.6158 9.7 11.0894
    endloop
  endfacet
  facet normal 0 1 0
    outer loop
      vertex 13.4463 9.7 9.15193
      vertex 3.47915 9.7 12.4505
      vertex 13.425 9.7 9.64
    endloop
  endfacet
  facet normal 0 1 0
    outer loop
      vertex 13.5101 9.7 8.66757
      vertex 3.47915 9.7 12.4505
      vertex 13.4463 9.7 9.15193
    endloop
  endfacet
  facet normal 0 1 0
    outer loop
      vertex -3.47915 9.7 12.4505
      vertex -13.4463 9.7 10.1281
      vertex -13.5101 9.7 10.6124
    endloop
  endfacet
  facet normal 0 1 0
    outer loop
      vertex 3.47915 9.7 12.4505
      vertex 10.9 9.7 3.00001
      vertex 1.93078 9.7 11.2157
    endloop
  endfacet
  facet normal 0 1 0
    outer loop
      vertex -10.9 9.7 3.00001
      vertex 0 9.7 10.775
      vertex 10.9 9.7 3.00001
    endloop
  endfacet
  facet normal 0 1 0
    outer loop
      vertex 1.93078 9.7 11.2157
      vertex 10.9 9.7 3.00001
      vertex 0 9.7 10.775
    endloop
  endfacet
  facet normal -0 1 0
    outer loop
      vertex -13.5101 9.7 8.66757
      vertex -3.47915 9.7 12.4505
      vertex -10.9 9.7 3.00001
    endloop
  endfacet
  facet normal 0 1 0
    outer loop
      vertex 3.47915 9.7 12.4505
      vertex 13.5101 9.7 8.66757
      vertex 10.9 9.7 3.00001
    endloop
  endfacet
  facet normal 0 1 0
    outer loop
      vertex -3.47915 9.7 12.4505
      vertex -13.425 9.7 9.64
      vertex -13.4463 9.7 10.1281
    endloop
  endfacet
  facet normal 0 1 0
    outer loop
      vertex 10.9 9.7 3.00001
      vertex 13.5101 9.7 8.66757
      vertex 13.6158 9.7 8.19061
    endloop
  endfacet
  facet normal 0 1 0
    outer loop
      vertex -3.47915 9.7 12.4505
      vertex -13.4463 9.7 9.15193
      vertex -13.425 9.7 9.64
    endloop
  endfacet
  facet normal 0 1 0
    outer loop
      vertex 10.9 9.7 3.00001
      vertex 13.6158 9.7 8.19061
      vertex 13.7627 9.7 7.72469
    endloop
  endfacet
  facet normal 0 1 0
    outer loop
      vertex -3.47915 9.7 12.4505
      vertex -13.5101 9.7 8.66757
      vertex -13.4463 9.7 9.15193
    endloop
  endfacet
  facet normal 0 1 0
    outer loop
      vertex 10.9 9.7 3.00001
      vertex 13.7627 9.7 7.72469
      vertex 13.9497 9.7 7.27334
    endloop
  endfacet
  facet normal 0 1 0
    outer loop
      vertex -13.5101 9.7 8.66757
      vertex -10.9 9.7 3.00001
      vertex -13.6158 9.7 8.19061
    endloop
  endfacet
  facet normal 0 1 0
    outer loop
      vertex 12.8482 9.7 3.32511
      vertex 13.9497 9.7 7.27334
      vertex 14.1753 9.7 6.84
    endloop
  endfacet
  facet normal 0 1 0
    outer loop
      vertex -13.6158 9.7 8.19061
      vertex -10.9 9.7 3.00001
      vertex -13.7627 9.7 7.72469
    endloop
  endfacet
  facet normal 0 1 0
    outer loop
      vertex 12.8482 9.7 3.32511
      vertex 14.1753 9.7 6.84
      vertex 14.4377 9.7 6.42797
    endloop
  endfacet
  facet normal 0 1 0
    outer loop
      vertex -13.7627 9.7 7.72469
      vertex -10.9 9.7 3.00001
      vertex -13.9497 9.7 7.27334
    endloop
  endfacet
  facet normal 0 1 -0
    outer loop
      vertex 14.5853 9.7 4.26516
      vertex 14.4377 9.7 6.42797
      vertex 14.7352 9.7 6.04039
    endloop
  endfacet
  facet normal -0 1 -0
    outer loop
      vertex -12.3729 9.7 3.1836
      vertex -13.9497 9.7 7.27334
      vertex -10.9 9.7 3.00001
    endloop
  endfacet
  facet normal 0 1 0
    outer loop
      vertex 14.5853 9.7 4.26516
      vertex 14.7352 9.7 6.04039
      vertex 15.0652 9.7 5.6802
    endloop
  endfacet
  facet normal 0 1 0
    outer loop
      vertex -13.9497 9.7 7.27334
      vertex -12.3729 9.7 3.1836
      vertex -14.1753 9.7 6.84
    endloop
  endfacet
  facet normal 0 1 0
    outer loop
      vertex 14.5853 9.7 4.26516
      vertex 15.0652 9.7 5.6802
      vertex 15.4254 9.7 5.35015
    endloop
  endfacet
  facet normal 0 1 0
    outer loop
      vertex -14.1753 9.7 6.84
      vertex -12.3729 9.7 3.1836
      vertex -14.4377 9.7 6.42797
    endloop
  endfacet
  facet normal 0 1 0
    outer loop
      vertex 14.5853 9.7 4.26516
      vertex 15.4254 9.7 5.35015
      vertex 15.5184 9.7 5.2788
    endloop
  endfacet
  facet normal -0 1 -0
    outer loop
      vertex -14.1817 9.7 3.97701
      vertex -14.4377 9.7 6.42797
      vertex -12.3729 9.7 3.1836
    endloop
  endfacet
  facet normal 0 1 0
    outer loop
      vertex 14.4377 9.7 6.42797
      vertex 14.5853 9.7 4.26516
      vertex 12.8482 9.7 3.32511
    endloop
  endfacet
  facet normal 0 1 0
    outer loop
      vertex -14.4377 9.7 6.42797
      vertex -14.1817 9.7 3.97701
      vertex -14.7352 9.7 6.04039
    endloop
  endfacet
  facet normal 0 1 0
    outer loop
      vertex 13.9497 9.7 7.27334
      vertex 12.8482 9.7 3.32511
      vertex 10.9 9.7 3.00001
    endloop
  endfacet
  facet normal 0 1 0
    outer loop
      vertex -14.7352 9.7 6.04039
      vertex -14.1817 9.7 3.97701
      vertex -15.0652 9.7 5.6802
    endloop
  endfacet
  facet normal 0 1 0
    outer loop
      vertex -15.4254 9.7 5.35015
      vertex -14.1817 9.7 3.97701
      vertex -15.5606 9.7 5.2464
    endloop
  endfacet
  facet normal 0 1 0
    outer loop
      vertex -15.0652 9.7 5.6802
      vertex -14.1817 9.7 3.97701
      vertex -15.4254 9.7 5.35015
    endloop
  endfacet
  facet normal -1 0 0
    outer loop
      vertex -16.9 5 14.8154
      vertex -16.9 9.7 34.6346
      vertex -16.9 9.7 14.8154
    endloop
  endfacet
  facet normal -1 -0 0
    outer loop
      vertex -16.9 9.7 34.6346
      vertex -16.9 5 14.8154
      vertex -16.9 5 34.6346
    endloop
  endfacet
  facet normal 0 0 -1
    outer loop
      vertex -10.9 5 3.00001
      vertex 10.9 9.7 3.00001
      vertex 10.9 5 3.00001
    endloop
  endfacet
  facet normal -0 0 -1
    outer loop
      vertex 10.9 9.7 3.00001
      vertex -10.9 5 3.00001
      vertex -10.9 9.7 3.00001
    endloop
  endfacet
  facet normal 0 -1 -0
    outer loop
      vertex 17.9 0 7.69144
      vertex 15.8482 0 0.325113
      vertex 18.164 0 7.56127
    endloop
  endfacet
  facet normal 0 -1 -0
    outer loop
      vertex -19.3187 0 7.40925
      vertex -19.9 0 1.93002
      vertex -19.025 0 7.39
    endloop
  endfacet
  facet normal 0 -1 -0
    outer loop
      vertex -19.6073 0 7.46667
      vertex -19.9 0 1.93002
      vertex -19.3187 0 7.40925
    endloop
  endfacet
  facet normal 0 -1 -0
    outer loop
      vertex -19.886 0 7.56127
      vertex -19.9 0 1.93002
      vertex -19.6073 0 7.46667
    endloop
  endfacet
  facet normal 0 -1 0
    outer loop
      vertex -19.9 0 1.93002
      vertex -19.886 0 7.56127
      vertex -19.9 0 7.56816
    endloop
  endfacet
  facet normal 0 -1 0
    outer loop
      vertex -17.6553 0 11.425
      vertex -17.6553 0 38.025
      vertex -17.9 0 11.5886
    endloop
  endfacet
  facet normal 0 -1 0
    outer loop
      vertex 17.24 0 38.4403
      vertex 18.7313 0 11.8708
      vertex 19.025 0 11.89
    endloop
  endfacet
  facet normal 0 -1 0
    outer loop
      vertex -17.6553 0 38.025
      vertex -17.6553 0 11.425
      vertex -17.434 0 38.219
    endloop
  endfacet
  facet normal 0 -1 0
    outer loop
      vertex 17.24 0 38.4403
      vertex 18.4427 0 11.8133
      vertex 18.7313 0 11.8708
    endloop
  endfacet
  facet normal 0 -1 0
    outer loop
      vertex -17.434 0 11.231
      vertex -17.434 0 38.219
      vertex -17.6553 0 11.425
    endloop
  endfacet
  facet normal 0 -1 0
    outer loop
      vertex 17.24 0 38.4403
      vertex 18.164 0 11.7187
      vertex 18.4427 0 11.8133
    endloop
  endfacet
  facet normal 0 -1 0
    outer loop
      vertex -17.434 0 38.219
      vertex -17.434 0 11.231
      vertex -17.24 0 38.4403
    endloop
  endfacet
  facet normal 0 -1 0
    outer loop
      vertex 17.24 0 38.4403
      vertex 17.9 0 11.5886
      vertex 18.164 0 11.7187
    endloop
  endfacet
  facet normal 0 -1 0
    outer loop
      vertex -17.24 0 11.0097
      vertex -17.24 0 38.4403
      vertex -17.434 0 11.231
    endloop
  endfacet
  facet normal 0 -1 0
    outer loop
      vertex 17.24 0 38.4403
      vertex 17.6553 0 11.425
      vertex 17.9 0 11.5886
    endloop
  endfacet
  facet normal 0 -1 0
    outer loop
      vertex -17.24 0 38.4403
      vertex -17.24 0 11.0097
      vertex 17.24 0 38.4403
    endloop
  endfacet
  facet normal 0 -1 0
    outer loop
      vertex 17.24 0 38.4403
      vertex 17.434 0 11.231
      vertex 17.6553 0 11.425
    endloop
  endfacet
  facet normal 0 -1 0
    outer loop
      vertex 17.24 0 11.0097
      vertex 17.24 0 38.4403
      vertex -17.24 0 11.0097
    endloop
  endfacet
  facet normal 0 -1 0
    outer loop
      vertex 17.24 0 38.4403
      vertex 17.24 0 11.0097
      vertex 17.434 0 11.231
    endloop
  endfacet
  facet normal 0 -1 0
    outer loop
      vertex -17.0764 0 10.765
      vertex 17.24 0 11.0097
      vertex -17.24 0 11.0097
    endloop
  endfacet
  facet normal 0 -1 0
    outer loop
      vertex -17.0764 0 10.765
      vertex 17.0764 0 10.765
      vertex 17.24 0 11.0097
    endloop
  endfacet
  facet normal 0 -1 0
    outer loop
      vertex -16.9463 0 10.501
      vertex 17.0764 0 10.765
      vertex -17.0764 0 10.765
    endloop
  endfacet
  facet normal 0 -1 0
    outer loop
      vertex -16.9463 0 10.501
      vertex 16.9463 0 10.501
      vertex 17.0764 0 10.765
    endloop
  endfacet
  facet normal 0 -1 0
    outer loop
      vertex -16.8517 0 10.2223
      vertex 16.9463 0 10.501
      vertex -16.9463 0 10.501
    endloop
  endfacet
  facet normal 0 -1 0
    outer loop
      vertex -16.8517 0 10.2223
      vertex 16.8517 0 10.2223
      vertex 16.9463 0 10.501
    endloop
  endfacet
  facet normal 0 -1 0
    outer loop
      vertex -16.7943 0 9.93368
      vertex 16.8517 0 10.2223
      vertex -16.8517 0 10.2223
    endloop
  endfacet
  facet normal 0 -1 0
    outer loop
      vertex -16.7943 0 9.93368
      vertex 16.7943 0 9.93368
      vertex 16.8517 0 10.2223
    endloop
  endfacet
  facet normal 0 -1 0
    outer loop
      vertex -16.775 0 9.64
      vertex 16.7943 0 9.93368
      vertex -16.7943 0 9.93368
    endloop
  endfacet
  facet normal 0 -1 0
    outer loop
      vertex -16.775 0 9.64
      vertex 16.775 0 9.64
      vertex 16.7943 0 9.93368
    endloop
  endfacet
  facet normal 0 -1 0
    outer loop
      vertex -13.9 0 9.15527e-06
      vertex -16.775 0 9.64
      vertex -16.7943 0 9.34632
    endloop
  endfacet
  facet normal 0 -1 0
    outer loop
      vertex -16.775 0 9.64
      vertex -13.9 0 9.15527e-06
      vertex 16.775 0 9.64
    endloop
  endfacet
  facet normal 0 -1 0
    outer loop
      vertex -13.9 0 9.15527e-06
      vertex -16.7943 0 9.34632
      vertex -16.8517 0 9.05766
    endloop
  endfacet
  facet normal 0 -1 0
    outer loop
      vertex 13.9 0 9.15527e-06
      vertex 16.775 0 9.64
      vertex -13.9 0 9.15527e-06
    endloop
  endfacet
  facet normal 0 -1 0
    outer loop
      vertex -13.9 0 9.15527e-06
      vertex -16.8517 0 9.05766
      vertex -16.9463 0 8.77896
    endloop
  endfacet
  facet normal 0 -1 -0
    outer loop
      vertex 16.775 0 9.64
      vertex 13.9 0 9.15527e-06
      vertex 16.7943 0 9.34632
    endloop
  endfacet
  facet normal 0 -1 0
    outer loop
      vertex -13.9 0 9.15527e-06
      vertex -16.9463 0 8.77896
      vertex -17.0764 0 8.515
    endloop
  endfacet
  facet normal 0 -1 -0
    outer loop
      vertex 16.7943 0 9.34632
      vertex 13.9 0 9.15527e-06
      vertex 16.8517 0 9.05766
    endloop
  endfacet
  facet normal 0 -1 0
    outer loop
      vertex -17.434 0 8.04901
      vertex -13.9 0 9.15527e-06
      vertex -17.24 0 8.27029
    endloop
  endfacet
  facet normal 0 -1 0
    outer loop
      vertex -17.24 0 8.27029
      vertex -13.9 0 9.15527e-06
      vertex -17.0764 0 8.515
    endloop
  endfacet
  facet normal 0 -1 0
    outer loop
      vertex -17.6553 0 7.85496
      vertex -13.9 0 9.15527e-06
      vertex -17.434 0 8.04901
    endloop
  endfacet
  facet normal 0 -1 -0
    outer loop
      vertex 16.8517 0 9.05766
      vertex 13.9 0 9.15527e-06
      vertex 16.9463 0 8.77896
    endloop
  endfacet
  facet normal 0 -1 0
    outer loop
      vertex -17.9 0 7.69144
      vertex -13.9 0 9.15527e-06
      vertex -17.6553 0 7.85496
    endloop
  endfacet
  facet normal 0 -1 -0
    outer loop
      vertex 16.9463 0 8.77896
      vertex 13.9 0 9.15527e-06
      vertex 17.0764 0 8.515
    endloop
  endfacet
  facet normal 0 -1 0
    outer loop
      vertex -13.9 0 9.15527e-06
      vertex -17.9 0 7.69144
      vertex -19.9 0 1.93002
    endloop
  endfacet
  facet normal 0 -1 -0
    outer loop
      vertex 17.0764 0 8.515
      vertex 13.9 0 9.15527e-06
      vertex 17.24 0 8.27029
    endloop
  endfacet
  facet normal 0 -1 0
    outer loop
      vertex -19.9 0 1.93002
      vertex -17.9 0 7.69144
      vertex -18.164 0 7.56127
    endloop
  endfacet
  facet normal 0 -1 -0
    outer loop
      vertex 17.24 0 8.27029
      vertex 13.9 0 9.15527e-06
      vertex 17.434 0 8.04901
    endloop
  endfacet
  facet normal 0 -1 0
    outer loop
      vertex -19.9 0 1.93002
      vertex -18.164 0 7.56127
      vertex -18.4427 0 7.46667
    endloop
  endfacet
  facet normal -0 -1 0
    outer loop
      vertex 15.8482 0 0.325113
      vertex 17.434 0 8.04901
      vertex 13.9 0 9.15527e-06
    endloop
  endfacet
  facet normal 0 -1 0
    outer loop
      vertex -19.9 0 1.93002
      vertex -18.4427 0 7.46667
      vertex -18.7313 0 7.40925
    endloop
  endfacet
  facet normal 0 -1 -0
    outer loop
      vertex 17.434 0 8.04901
      vertex 15.8482 0 0.325113
      vertex 17.6553 0 7.85496
    endloop
  endfacet
  facet normal 0 -1 0
    outer loop
      vertex -19.9 0 1.93002
      vertex -18.7313 0 7.40925
      vertex -19.025 0 7.39
    endloop
  endfacet
  facet normal 0 -1 -0
    outer loop
      vertex 17.6553 0 7.85496
      vertex 15.8482 0 0.325113
      vertex 17.9 0 7.69144
    endloop
  endfacet
  facet normal 0 -1 0
    outer loop
      vertex 18.4427 0 37.6367
      vertex 19.025 0 11.89
      vertex 18.7313 0 37.5793
    endloop
  endfacet
  facet normal 0 -1 0
    outer loop
      vertex -19.3187 0 37.5793
      vertex -19.025 0 11.89
      vertex -19.025 0 37.56
    endloop
  endfacet
  facet normal 0 -1 0
    outer loop
      vertex -19.3187 0 11.8708
      vertex -19.3187 0 37.5793
      vertex -19.6073 0 37.6367
    endloop
  endfacet
  facet normal 0 -1 0
    outer loop
      vertex -19.6073 0 11.8133
      vertex -19.6073 0 37.6367
      vertex -19.886 0 37.7313
    endloop
  endfacet
  facet normal 0 -1 0
    outer loop
      vertex -19.886 0 11.7187
      vertex -19.886 0 37.7313
      vertex -19.9 0 37.7382
    endloop
  endfacet
  facet normal 0 -1 0
    outer loop
      vertex -19.3187 0 37.5793
      vertex -19.3187 0 11.8708
      vertex -19.025 0 11.89
    endloop
  endfacet
  facet normal 0 -1 0
    outer loop
      vertex -19.6073 0 37.6367
      vertex -19.6073 0 11.8133
      vertex -19.3187 0 11.8708
    endloop
  endfacet
  facet normal 0 -1 0
    outer loop
      vertex -19.886 0 37.7313
      vertex -19.886 0 11.7187
      vertex -19.6073 0 11.8133
    endloop
  endfacet
  facet normal -0 -1 0
    outer loop
      vertex -19.886 0 11.7187
      vertex -19.9 0 37.7382
      vertex -19.9 0 11.7118
    endloop
  endfacet
  facet normal 0 -1 0
    outer loop
      vertex -17.9 0 41.7586
      vertex -15.8482 0 49.1249
      vertex -18.164 0 41.8887
    endloop
  endfacet
  facet normal 0 -1 0
    outer loop
      vertex 13.9 0 49.45
      vertex 18.7313 0 42.0407
      vertex 19.025 0 42.06
    endloop
  endfacet
  facet normal 0 -1 0
    outer loop
      vertex -17.6553 0 41.595
      vertex -15.8482 0 49.1249
      vertex -17.9 0 41.7586
    endloop
  endfacet
  facet normal 0 -1 0
    outer loop
      vertex 13.9 0 49.45
      vertex 18.4427 0 41.9833
      vertex 18.7313 0 42.0407
    endloop
  endfacet
  facet normal 0 -1 0
    outer loop
      vertex -17.434 0 41.401
      vertex -15.8482 0 49.1249
      vertex -17.6553 0 41.595
    endloop
  endfacet
  facet normal 0 -1 0
    outer loop
      vertex 13.9 0 49.45
      vertex 18.164 0 41.8887
      vertex 18.4427 0 41.9833
    endloop
  endfacet
  facet normal 0 -1 -0
    outer loop
      vertex -15.8482 0 49.1249
      vertex -17.434 0 41.401
      vertex -13.9 0 49.45
    endloop
  endfacet
  facet normal 0 -1 0
    outer loop
      vertex 13.9 0 49.45
      vertex 17.9 0 41.7586
      vertex 18.164 0 41.8887
    endloop
  endfacet
  facet normal 0 -1 0
    outer loop
      vertex -17.24 0 41.1797
      vertex -13.9 0 49.45
      vertex -17.434 0 41.401
    endloop
  endfacet
  facet normal 0 -1 0
    outer loop
      vertex 13.9 0 49.45
      vertex 17.6553 0 41.595
      vertex 17.9 0 41.7586
    endloop
  endfacet
  facet normal 0 -1 0
    outer loop
      vertex -17.0764 0 40.935
      vertex -13.9 0 49.45
      vertex -17.24 0 41.1797
    endloop
  endfacet
  facet normal 0 -1 0
    outer loop
      vertex 13.9 0 49.45
      vertex 17.434 0 41.401
      vertex 17.6553 0 41.595
    endloop
  endfacet
  facet normal 0 -1 0
    outer loop
      vertex -16.9463 0 40.671
      vertex -13.9 0 49.45
      vertex -17.0764 0 40.935
    endloop
  endfacet
  facet normal 0 -1 0
    outer loop
      vertex 13.9 0 49.45
      vertex 17.24 0 41.1797
      vertex 17.434 0 41.401
    endloop
  endfacet
  facet normal 0 -1 0
    outer loop
      vertex -16.8517 0 40.3923
      vertex -13.9 0 49.45
      vertex -16.9463 0 40.671
    endloop
  endfacet
  facet normal 0 -1 0
    outer loop
      vertex 13.9 0 49.45
      vertex 17.0764 0 40.935
      vertex 17.24 0 41.1797
    endloop
  endfacet
  facet normal 0 -1 0
    outer loop
      vertex -16.7943 0 40.1037
      vertex -13.9 0 49.45
      vertex -16.8517 0 40.3923
    endloop
  endfacet
  facet normal 0 -1 0
    outer loop
      vertex 13.9 0 49.45
      vertex 16.9463 0 40.671
      vertex 17.0764 0 40.935
    endloop
  endfacet
  facet normal 0 -1 0
    outer loop
      vertex -16.775 0 39.81
      vertex -13.9 0 49.45
      vertex -16.7943 0 40.1037
    endloop
  endfacet
  facet normal 0 -1 0
    outer loop
      vertex 13.9 0 49.45
      vertex 16.8517 0 40.3923
      vertex 16.9463 0 40.671
    endloop
  endfacet
  facet normal 0 -1 -0
    outer loop
      vertex -13.9 0 49.45
      vertex -16.775 0 39.81
      vertex 13.9 0 49.45
    endloop
  endfacet
  facet normal 0 -1 0
    outer loop
      vertex 13.9 0 49.45
      vertex 16.7943 0 40.1037
      vertex 16.8517 0 40.3923
    endloop
  endfacet
  facet normal 0 -1 0
    outer loop
      vertex 16.775 0 39.81
      vertex 13.9 0 49.45
      vertex -16.775 0 39.81
    endloop
  endfacet
  facet normal 0 -1 0
    outer loop
      vertex 13.9 0 49.45
      vertex 16.775 0 39.81
      vertex 16.7943 0 40.1037
    endloop
  endfacet
  facet normal 0 -1 0
    outer loop
      vertex -16.7943 0 39.5163
      vertex 16.775 0 39.81
      vertex -16.775 0 39.81
    endloop
  endfacet
  facet normal 0 -1 0
    outer loop
      vertex -16.7943 0 39.5163
      vertex 16.7943 0 39.5163
      vertex 16.775 0 39.81
    endloop
  endfacet
  facet normal 0 -1 0
    outer loop
      vertex -16.8517 0 39.2277
      vertex 16.7943 0 39.5163
      vertex -16.7943 0 39.5163
    endloop
  endfacet
  facet normal 0 -1 0
    outer loop
      vertex -16.8517 0 39.2277
      vertex 16.8517 0 39.2277
      vertex 16.7943 0 39.5163
    endloop
  endfacet
  facet normal 0 -1 0
    outer loop
      vertex -16.9463 0 38.949
      vertex 16.8517 0 39.2277
      vertex -16.8517 0 39.2277
    endloop
  endfacet
  facet normal 0 -1 0
    outer loop
      vertex -16.9463 0 38.949
      vertex 16.9463 0 38.949
      vertex 16.8517 0 39.2277
    endloop
  endfacet
  facet normal 0 -1 0
    outer loop
      vertex -17.0764 0 38.685
      vertex 16.9463 0 38.949
      vertex -16.9463 0 38.949
    endloop
  endfacet
  facet normal 0 -1 0
    outer loop
      vertex -17.0764 0 38.685
      vertex 17.0764 0 38.685
      vertex 16.9463 0 38.949
    endloop
  endfacet
  facet normal 0 -1 0
    outer loop
      vertex -17.24 0 38.4403
      vertex 17.0764 0 38.685
      vertex -17.0764 0 38.685
    endloop
  endfacet
  facet normal 0 -1 0
    outer loop
      vertex -17.24 0 38.4403
      vertex 17.24 0 38.4403
      vertex 17.0764 0 38.685
    endloop
  endfacet
  facet normal 0 -1 0
    outer loop
      vertex -18.164 0 37.7313
      vertex -18.164 0 11.7187
      vertex -17.9 0 37.8614
    endloop
  endfacet
  facet normal 0 -1 0
    outer loop
      vertex -17.9 0 11.5886
      vertex -17.9 0 37.8614
      vertex -18.164 0 11.7187
    endloop
  endfacet
  facet normal 0 -1 0
    outer loop
      vertex -18.164 0 11.7187
      vertex -18.164 0 37.7313
      vertex -18.4427 0 11.8133
    endloop
  endfacet
  facet normal 0 -1 0
    outer loop
      vertex -17.9 0 37.8614
      vertex -17.9 0 11.5886
      vertex -17.6553 0 38.025
    endloop
  endfacet
  facet normal 0 -1 0
    outer loop
      vertex -18.4427 0 37.6367
      vertex -18.4427 0 11.8133
      vertex -18.164 0 37.7313
    endloop
  endfacet
  facet normal 0 -1 0
    outer loop
      vertex 17.24 0 38.4403
      vertex 19.025 0 11.89
      vertex 17.434 0 38.219
    endloop
  endfacet
  facet normal 0 -1 0
    outer loop
      vertex -18.4427 0 11.8133
      vertex -18.4427 0 37.6367
      vertex -18.7313 0 11.8708
    endloop
  endfacet
  facet normal 0 -1 0
    outer loop
      vertex 17.434 0 38.219
      vertex 19.025 0 11.89
      vertex 17.6553 0 38.025
    endloop
  endfacet
  facet normal 0 -1 0
    outer loop
      vertex -18.7313 0 37.5793
      vertex -18.7313 0 11.8708
      vertex -18.4427 0 37.6367
    endloop
  endfacet
  facet normal 0 -1 0
    outer loop
      vertex 17.6553 0 38.025
      vertex 19.025 0 11.89
      vertex 17.9 0 37.8614
    endloop
  endfacet
  facet normal 0 -1 0
    outer loop
      vertex -18.7313 0 11.8708
      vertex -18.7313 0 37.5793
      vertex -19.025 0 11.89
    endloop
  endfacet
  facet normal 0 -1 0
    outer loop
      vertex 17.9 0 37.8614
      vertex 19.025 0 11.89
      vertex 18.164 0 37.7313
    endloop
  endfacet
  facet normal 0 -1 0
    outer loop
      vertex -19.025 0 11.89
      vertex -18.7313 0 37.5793
      vertex -19.025 0 37.56
    endloop
  endfacet
  facet normal 0 -1 0
    outer loop
      vertex 18.164 0 37.7313
      vertex 19.025 0 11.89
      vertex 18.4427 0 37.6367
    endloop
  endfacet
  facet normal 0 -1 0
    outer loop
      vertex -19.9 0 47.5618
      vertex -18.164 0 41.8887
      vertex -15.8482 0 49.1249
    endloop
  endfacet
  facet normal 0 -1 0
    outer loop
      vertex -18.4427 0 41.9833
      vertex -19.9 0 47.5618
      vertex -18.7313 0 42.0407
    endloop
  endfacet
  facet normal 0 -1 0
    outer loop
      vertex -18.7313 0 42.0407
      vertex -19.9 0 47.5618
      vertex -19.025 0 42.06
    endloop
  endfacet
  facet normal 0 -1 0
    outer loop
      vertex -18.164 0 41.8887
      vertex -19.9 0 47.5618
      vertex -18.4427 0 41.9833
    endloop
  endfacet
  facet normal 0 -1 0
    outer loop
      vertex 13.9 0 49.45
      vertex 19.025 0 42.06
      vertex 15.3729 0 49.2664
    endloop
  endfacet
  facet normal 0 -1 0
    outer loop
      vertex -19.9 0 47.5618
      vertex -19.3187 0 42.0407
      vertex -19.025 0 42.06
    endloop
  endfacet
  facet normal 0 -1 0
    outer loop
      vertex -19.9 0 47.5618
      vertex -19.6073 0 41.9833
      vertex -19.3187 0 42.0407
    endloop
  endfacet
  facet normal 0 -1 0
    outer loop
      vertex -19.9 0 47.5618
      vertex -19.886 0 41.8887
      vertex -19.6073 0 41.9833
    endloop
  endfacet
  facet normal -0 -1 0
    outer loop
      vertex -19.886 0 41.8887
      vertex -19.9 0 47.5618
      vertex -19.9 0 41.8818
    endloop
  endfacet
  facet normal 0 -1 0
    outer loop
      vertex 15.3729 0 49.2664
      vertex 19.025 0 42.06
      vertex 19.9 0 47.52
    endloop
  endfacet
  facet normal 0 -1 0
    outer loop
      vertex 19.3187 0 42.0407
      vertex 19.9 0 47.52
      vertex 19.025 0 42.06
    endloop
  endfacet
  facet normal 0 -1 0
    outer loop
      vertex 19.6073 0 41.9833
      vertex 19.9 0 47.52
      vertex 19.3187 0 42.0407
    endloop
  endfacet
  facet normal 0 -1 0
    outer loop
      vertex 19.886 0 41.8887
      vertex 19.9 0 47.52
      vertex 19.6073 0 41.9833
    endloop
  endfacet
  facet normal 0 -1 -0
    outer loop
      vertex 19.9 0 47.52
      vertex 19.886 0 41.8887
      vertex 19.9 0 41.8818
    endloop
  endfacet
  facet normal 0 -1 0
    outer loop
      vertex 18.7313 0 37.5793
      vertex 19.025 0 11.89
      vertex 19.025 0 37.56
    endloop
  endfacet
  facet normal 0 -1 0
    outer loop
      vertex 19.025 0 37.56
      vertex 19.025 0 11.89
      vertex 19.3187 0 37.5793
    endloop
  endfacet
  facet normal 0 -1 0
    outer loop
      vertex 19.3187 0 11.8708
      vertex 19.3187 0 37.5793
      vertex 19.025 0 11.89
    endloop
  endfacet
  facet normal 0 -1 0
    outer loop
      vertex 19.3187 0 37.5793
      vertex 19.3187 0 11.8708
      vertex 19.6073 0 37.6367
    endloop
  endfacet
  facet normal 0 -1 0
    outer loop
      vertex 19.6073 0 11.8133
      vertex 19.6073 0 37.6367
      vertex 19.3187 0 11.8708
    endloop
  endfacet
  facet normal 0 -1 0
    outer loop
      vertex 19.6073 0 37.6367
      vertex 19.6073 0 11.8133
      vertex 19.886 0 37.7313
    endloop
  endfacet
  facet normal 0 -1 0
    outer loop
      vertex 19.886 0 11.7187
      vertex 19.886 0 37.7313
      vertex 19.6073 0 11.8133
    endloop
  endfacet
  facet normal 0 -1 0
    outer loop
      vertex 19.886 0 37.7313
      vertex 19.886 0 11.7187
      vertex 19.9 0 37.7382
    endloop
  endfacet
  facet normal 0 -1 -0
    outer loop
      vertex 19.9 0 37.7382
      vertex 19.886 0 11.7187
      vertex 19.9 0 11.7118
    endloop
  endfacet
  facet normal -0 -1 0
    outer loop
      vertex 19.9 0 1.88818
      vertex 18.164 0 7.56127
      vertex 15.8482 0 0.325113
    endloop
  endfacet
  facet normal 0 -1 0
    outer loop
      vertex 19.886 0 7.56127
      vertex 19.9 0 1.88818
      vertex 19.9 0 7.56816
    endloop
  endfacet
  facet normal 0 -1 0
    outer loop
      vertex 19.6073 0 7.46667
      vertex 19.9 0 1.88818
      vertex 19.886 0 7.56127
    endloop
  endfacet
  facet normal 0 -1 0
    outer loop
      vertex 19.3187 0 7.40925
      vertex 19.9 0 1.88818
      vertex 19.6073 0 7.46667
    endloop
  endfacet
  facet normal 0 -1 0
    outer loop
      vertex 18.164 0 7.56127
      vertex 19.9 0 1.88818
      vertex 18.4427 0 7.46667
    endloop
  endfacet
  facet normal 0 -1 0
    outer loop
      vertex 18.7313 0 7.40925
      vertex 19.9 0 1.88818
      vertex 19.025 0 7.39
    endloop
  endfacet
  facet normal 0 -1 0
    outer loop
      vertex -13.9 0 9.15527e-06
      vertex -19.9 0 1.93002
      vertex -15.3729 0 0.183603
    endloop
  endfacet
  facet normal 0 -1 0
    outer loop
      vertex 18.4427 0 7.46667
      vertex 19.9 0 1.88818
      vertex 18.7313 0 7.40925
    endloop
  endfacet
  facet normal 0 -1 0
    outer loop
      vertex 19.025 0 7.39
      vertex 19.9 0 1.88818
      vertex 19.3187 0 7.40925
    endloop
  endfacet
  facet normal -0.677288 0 -0.735718
    outer loop
      vertex -15.5606 5 5.2464
      vertex -14.1817 9.7 3.97701
      vertex -14.1817 5 3.97701
    endloop
  endfacet
  facet normal -0.677288 0 -0.735718
    outer loop
      vertex -14.1817 9.7 3.97701
      vertex -15.5606 5 5.2464
      vertex -15.5606 9.7 5.2464
    endloop
  endfacet
  facet normal -0.475959 0 0.879468
    outer loop
      vertex -14.5853 9.7 45.1848
      vertex -12.8482 5 46.1249
      vertex -12.8482 9.7 46.1249
    endloop
  endfacet
  facet normal -0.475959 0 0.879468
    outer loop
      vertex -12.8482 5 46.1249
      vertex -14.5853 9.7 45.1848
      vertex -14.5853 5 45.1848
    endloop
  endfacet
  facet normal 0.123695 0 0.99232
    outer loop
      vertex 10.9 9.7 46.45
      vertex 12.3729 5 46.2664
      vertex 12.3729 9.7 46.2664
    endloop
  endfacet
  facet normal 0.123695 0 0.99232
    outer loop
      vertex 12.3729 5 46.2664
      vertex 10.9 9.7 46.45
      vertex 10.9 5 46.45
    endloop
  endfacet
  facet normal -0 0 1
    outer loop
      vertex -10.9 9.7 46.45
      vertex 10.9 5 46.45
      vertex 10.9 9.7 46.45
    endloop
  endfacet
  facet normal 0 0 1
    outer loop
      vertex 10.9 5 46.45
      vertex -10.9 9.7 46.45
      vertex -10.9 5 46.45
    endloop
  endfacet
  facet normal 1 -0 0
    outer loop
      vertex 16.9 5 34.6346
      vertex 16.9 9.7 14.8154
      vertex 16.9 9.7 34.6346
    endloop
  endfacet
  facet normal 1 0 0
    outer loop
      vertex 16.9 9.7 14.8154
      vertex 16.9 5 34.6346
      vertex 16.9 5 14.8154
    endloop
  endfacet
  facet normal -0.735718 0 0.677288
    outer loop
      vertex -15.5184 5 44.1712
      vertex -14.5853 9.7 45.1848
      vertex -15.5184 9.7 44.1712
    endloop
  endfacet
  facet normal -0.735718 0 0.677288
    outer loop
      vertex -14.5853 9.7 45.1848
      vertex -15.5184 5 44.1712
      vertex -14.5853 5 45.1848
    endloop
  endfacet
  facet normal -0.401694 0 -0.915774
    outer loop
      vertex -14.1817 5 3.97701
      vertex -12.3729 9.7 3.1836
      vertex -12.3729 5 3.1836
    endloop
  endfacet
  facet normal -0.401694 0 -0.915774
    outer loop
      vertex -12.3729 9.7 3.1836
      vertex -14.1817 5 3.97701
      vertex -14.1817 9.7 3.97701
    endloop
  endfacet
  facet normal -0.123688 0 -0.992321
    outer loop
      vertex -12.3729 5 3.1836
      vertex -10.9 9.7 3.00001
      vertex -10.9 5 3.00001
    endloop
  endfacet
  facet normal -0.123688 0 -0.992321
    outer loop
      vertex -10.9 9.7 3.00001
      vertex -12.3729 5 3.1836
      vertex -12.3729 9.7 3.1836
    endloop
  endfacet
  facet normal 0.40169 0 0.915776
    outer loop
      vertex 12.3729 9.7 46.2664
      vertex 14.1817 5 45.473
      vertex 14.1817 9.7 45.473
    endloop
  endfacet
  facet normal 0.40169 0 0.915776
    outer loop
      vertex 14.1817 5 45.473
      vertex 12.3729 9.7 46.2664
      vertex 12.3729 5 46.2664
    endloop
  endfacet
  facet normal -0.164596 0 0.986361
    outer loop
      vertex -12.8482 9.7 46.1249
      vertex -10.9 5 46.45
      vertex -10.9 9.7 46.45
    endloop
  endfacet
  facet normal -0.164596 0 0.986361
    outer loop
      vertex -10.9 5 46.45
      vertex -12.8482 9.7 46.1249
      vertex -12.8482 5 46.1249
    endloop
  endfacet
  facet normal 0 0.707108 -0.707106
    outer loop
      vertex -13.9 4.2 9.15527e-06
      vertex 13.8337 5 0.800012
      vertex 13.9 4.2 9.15527e-06
    endloop
  endfacet
  facet normal 0 0.707108 -0.707106
    outer loop
      vertex 13.8337 5 0.800012
      vertex -13.9 4.2 9.15527e-06
      vertex -13.8504 5 0.800012
    endloop
  endfacet
  facet normal 0 0 -1
    outer loop
      vertex -13.9 0 9.15527e-06
      vertex 13.9 4.2 9.15527e-06
      vertex 13.9 0 9.15527e-06
    endloop
  endfacet
  facet normal -0 0 -1
    outer loop
      vertex 13.9 4.2 9.15527e-06
      vertex -13.9 0 9.15527e-06
      vertex -13.9 4.2 9.15527e-06
    endloop
  endfacet
  facet normal -0.0874581 0.707105 -0.70168
    outer loop
      vertex -13.9 4.2 9.15527e-06
      vertex -15.1766 5 0.965311
      vertex -13.8504 5 0.800012
    endloop
  endfacet
  facet normal -0 0 1
    outer loop
      vertex -13.9 4.2 49.45
      vertex 13.9 0 49.45
      vertex 13.9 4.2 49.45
    endloop
  endfacet
  facet normal 0 0 1
    outer loop
      vertex 13.9 0 49.45
      vertex -13.9 4.2 49.45
      vertex -13.9 0 49.45
    endloop
  endfacet
  facet normal 0.254503 0.707092 0.659734
    outer loop
      vertex 19.9 4.2 47.52
      vertex 15.1766 5 48.4847
      vertex 15.3729 4.2 49.2664
    endloop
  endfacet
  facet normal 0.254502 0.707103 0.659723
    outer loop
      vertex 15.1766 5 48.4847
      vertex 19.9 4.2 47.52
      vertex 19.9 4.42056 47.2836
    endloop
  endfacet
  facet normal 0.164598 0 -0.986361
    outer loop
      vertex 13.9 0 9.15527e-06
      vertex 15.8482 4.2 0.325113
      vertex 15.8482 0 0.325113
    endloop
  endfacet
  facet normal 0.164598 0 -0.986361
    outer loop
      vertex 15.8482 4.2 0.325113
      vertex 13.9 0 9.15527e-06
      vertex 13.9 4.2 9.15527e-06
    endloop
  endfacet
  facet normal 0.0874666 0.707097 0.701686
    outer loop
      vertex 15.1766 5 48.4847
      vertex 13.9 4.2 49.45
      vertex 15.3729 4.2 49.2664
    endloop
  endfacet
  facet normal -0.0874633 0.7071 -0.701683
    outer loop
      vertex -13.9 4.2 9.15527e-06
      vertex -15.3729 4.2 0.183603
      vertex -15.1766 5 0.965311
    endloop
  endfacet
  facet normal 0.123695 0 0.99232
    outer loop
      vertex 13.9 4.2 49.45
      vertex 15.3729 0 49.2664
      vertex 15.3729 4.2 49.2664
    endloop
  endfacet
  facet normal 0.123695 0 0.99232
    outer loop
      vertex 15.3729 0 49.2664
      vertex 13.9 4.2 49.45
      vertex 13.9 0 49.45
    endloop
  endfacet
  facet normal 0.359914 0 0.932986
    outer loop
      vertex 15.3729 4.2 49.2664
      vertex 19.9 0 47.52
      vertex 19.9 4.2 47.52
    endloop
  endfacet
  facet normal 0.359914 0 0.932986
    outer loop
      vertex 19.9 0 47.52
      vertex 15.3729 4.2 49.2664
      vertex 15.3729 0 49.2664
    endloop
  endfacet
  facet normal -0.359917 0 -0.932984
    outer loop
      vertex -19.9 0 1.93002
      vertex -15.3729 4.2 0.183603
      vertex -15.3729 0 0.183603
    endloop
  endfacet
  facet normal -0.359917 0 -0.932984
    outer loop
      vertex -15.3729 4.2 0.183603
      vertex -19.9 0 1.93002
      vertex -19.9 4.2 1.93002
    endloop
  endfacet
  facet normal -0.123691 0 -0.992321
    outer loop
      vertex -15.3729 0 0.183603
      vertex -13.9 4.2 9.15527e-06
      vertex -13.9 0 9.15527e-06
    endloop
  endfacet
  facet normal -0.123691 0 -0.992321
    outer loop
      vertex -13.9 4.2 9.15527e-06
      vertex -15.3729 0 0.183603
      vertex -15.3729 4.2 0.183603
    endloop
  endfacet
  facet normal 0.359918 0 -0.932984
    outer loop
      vertex 15.8482 0 0.325113
      vertex 19.9 4.2 1.88818
      vertex 19.9 0 1.88818
    endloop
  endfacet
  facet normal 0.359918 0 -0.932984
    outer loop
      vertex 19.9 4.2 1.88818
      vertex 15.8482 0 0.325113
      vertex 15.8482 4.2 0.325113
    endloop
  endfacet
  facet normal 0.116387 0.707112 -0.697457
    outer loop
      vertex 15.8482 4.2 0.325113
      vertex 13.9 4.2 9.15527e-06
      vertex 15.6362 5 1.10081
    endloop
  endfacet
  facet normal -0.254503 0.707115 0.65971
    outer loop
      vertex -15.6362 5 48.3492
      vertex -19.9 4.74121 46.9817
      vertex -15.8482 4.2 49.1249
    endloop
  endfacet
  facet normal -0.254529 0.707008 0.659814
    outer loop
      vertex -19.9 4.74121 46.9817
      vertex -15.6362 5 48.3492
      vertex -19.9 5 46.7044
    endloop
  endfacet
  facet normal -0.254504 0.707102 -0.659723
    outer loop
      vertex -15.1766 5 0.965311
      vertex -19.9 4.2 1.93002
      vertex -19.9 4.42056 2.16642
    endloop
  endfacet
  facet normal -0.254504 0.707095 -0.659731
    outer loop
      vertex -19.9 4.2 1.93002
      vertex -15.1766 5 0.965311
      vertex -15.3729 4.2 0.183603
    endloop
  endfacet
  facet normal 0.116391 0.707109 -0.69746
    outer loop
      vertex 13.9 4.2 9.15527e-06
      vertex 13.8337 5 0.800012
      vertex 15.6362 5 1.10081
    endloop
  endfacet
  facet normal 0.0874588 0.707103 0.701681
    outer loop
      vertex 15.1766 5 48.4847
      vertex 13.8504 5 48.65
      vertex 13.9 4.2 49.45
    endloop
  endfacet
  facet normal -0.164596 0 0.986361
    outer loop
      vertex -15.8482 4.2 49.1249
      vertex -13.9 0 49.45
      vertex -13.9 4.2 49.45
    endloop
  endfacet
  facet normal -0.164596 0 0.986361
    outer loop
      vertex -13.9 0 49.45
      vertex -15.8482 4.2 49.1249
      vertex -15.8482 0 49.1249
    endloop
  endfacet
  facet normal -0.116386 0.707113 0.697456
    outer loop
      vertex -15.6362 5 48.3492
      vertex -15.8482 4.2 49.1249
      vertex -13.9 4.2 49.45
    endloop
  endfacet
  facet normal -0.254503 0.707106 -0.659719
    outer loop
      vertex -15.1766 5 0.965311
      vertex -19.9 4.42056 2.16642
      vertex -19.9 5 2.78748
    endloop
  endfacet
  facet normal 0.254502 0.707104 -0.659722
    outer loop
      vertex 19.9 4.2 1.88818
      vertex 15.8482 4.2 0.325113
      vertex 19.9 4.74121 2.46826
    endloop
  endfacet
  facet normal 0.254497 0.707109 -0.659718
    outer loop
      vertex 19.9 4.74121 2.46826
      vertex 15.6362 5 1.10081
      vertex 19.9 5 2.74564
    endloop
  endfacet
  facet normal 0.254496 0.707114 -0.659714
    outer loop
      vertex 15.6362 5 1.10081
      vertex 19.9 4.74121 2.46826
      vertex 15.8482 4.2 0.325113
    endloop
  endfacet
  facet normal -0.116392 0.707107 0.697461
    outer loop
      vertex -13.8337 5 48.65
      vertex -15.6362 5 48.3492
      vertex -13.9 4.2 49.45
    endloop
  endfacet
  facet normal -0 0.707107 0.707107
    outer loop
      vertex -13.8337 5 48.65
      vertex 13.9 4.2 49.45
      vertex 13.8504 5 48.65
    endloop
  endfacet
  facet normal 0 0.707107 0.707107
    outer loop
      vertex 13.9 4.2 49.45
      vertex -13.8337 5 48.65
      vertex -13.9 4.2 49.45
    endloop
  endfacet
  facet normal -0.359925 0 0.932981
    outer loop
      vertex -19.9 4.2 47.5618
      vertex -15.8482 0 49.1249
      vertex -15.8482 4.2 49.1249
    endloop
  endfacet
  facet normal -0.359925 0 0.932981
    outer loop
      vertex -15.8482 0 49.1249
      vertex -19.9 4.2 47.5618
      vertex -19.9 0 47.5618
    endloop
  endfacet
  facet normal -0.254502 0.707115 0.65971
    outer loop
      vertex -19.9 4.74121 46.9817
      vertex -19.9 4.2 47.5618
      vertex -15.8482 4.2 49.1249
    endloop
  endfacet
  facet normal 0.254499 0.707128 0.659697
    outer loop
      vertex 19.9 5 46.6625
      vertex 15.1766 5 48.4847
      vertex 19.9 4.42056 47.2836
    endloop
  endfacet
  facet normal -0.997848 0 0.0655763
    outer loop
      vertex -16.7943 0 9.34632
      vertex -16.775 3.25 9.64
      vertex -16.7943 3.25 9.34632
    endloop
  endfacet
  facet normal -0.997848 0 0.0655763
    outer loop
      vertex -16.775 3.25 9.64
      vertex -16.7943 0 9.34632
      vertex -16.775 0 9.64
    endloop
  endfacet
  facet normal -0.0654027 0 0.997859
    outer loop
      vertex -19.025 3.25 7.39
      vertex -18.7313 0 7.40925
      vertex -18.7313 3.25 7.40925
    endloop
  endfacet
  facet normal -0.0654027 0 0.997859
    outer loop
      vertex -18.7313 0 7.40925
      vertex -19.025 3.25 7.39
      vertex -19.025 0 7.39
    endloop
  endfacet
  facet normal -0.751936 0 0.659236
    outer loop
      vertex -17.434 0 8.04901
      vertex -17.24 3.25 8.27029
      vertex -17.434 3.25 8.04901
    endloop
  endfacet
  facet normal -0.751936 0 0.659236
    outer loop
      vertex -17.24 3.25 8.27029
      vertex -17.434 0 8.04901
      vertex -17.24 0 8.27029
    endloop
  endfacet
  facet normal 0.321421 0 0.946936
    outer loop
      vertex -19.886 3.25 7.56127
      vertex -19.6073 0 7.46667
      vertex -19.6073 3.25 7.46667
    endloop
  endfacet
  facet normal 0.321421 0 0.946936
    outer loop
      vertex -19.6073 0 7.46667
      vertex -19.886 3.25 7.56127
      vertex -19.886 0 7.56127
    endloop
  endfacet
  facet normal -0.896968 0 0.442096
    outer loop
      vertex -17.0764 0 8.515
      vertex -16.9463 3.25 8.77896
      vertex -17.0764 3.25 8.515
    endloop
  endfacet
  facet normal -0.896968 0 0.442096
    outer loop
      vertex -16.9463 3.25 8.77896
      vertex -17.0764 0 8.515
      vertex -16.9463 0 8.77896
    endloop
  endfacet
  facet normal -0.831328 0 0.555782
    outer loop
      vertex -17.24 0 8.27029
      vertex -17.0764 3.25 8.515
      vertex -17.24 3.25 8.27029
    endloop
  endfacet
  facet normal -0.831328 0 0.555782
    outer loop
      vertex -17.0764 3.25 8.515
      vertex -17.24 0 8.27029
      vertex -17.0764 0 8.515
    endloop
  endfacet
  facet normal -0.442233 0 0.8969
    outer loop
      vertex -18.164 3.25 7.56127
      vertex -17.9 0 7.69144
      vertex -17.9 3.25 7.69144
    endloop
  endfacet
  facet normal -0.442233 0 0.8969
    outer loop
      vertex -17.9 0 7.69144
      vertex -18.164 3.25 7.56127
      vertex -18.164 0 7.56127
    endloop
  endfacet
  facet normal -0.321421 0 0.946936
    outer loop
      vertex -18.4427 3.25 7.46667
      vertex -18.164 0 7.56127
      vertex -18.164 3.25 7.56127
    endloop
  endfacet
  facet normal -0.321421 0 0.946936
    outer loop
      vertex -18.164 0 7.56127
      vertex -18.4427 3.25 7.46667
      vertex -18.4427 0 7.46667
    endloop
  endfacet
  facet normal -0.555609 0 0.831443
    outer loop
      vertex -17.9 3.25 7.69144
      vertex -17.6553 0 7.85496
      vertex -17.6553 3.25 7.85496
    endloop
  endfacet
  facet normal -0.555609 0 0.831443
    outer loop
      vertex -17.6553 0 7.85496
      vertex -17.9 3.25 7.69144
      vertex -17.9 0 7.69144
    endloop
  endfacet
  facet normal 0.441565 0 0.897229
    outer loop
      vertex -19.9 3.25 7.56816
      vertex -19.886 0 7.56127
      vertex -19.886 3.25 7.56127
    endloop
  endfacet
  facet normal 0.441565 0 0.897229
    outer loop
      vertex -19.886 0 7.56127
      vertex -19.9 3.25 7.56816
      vertex -19.9 0 7.56816
    endloop
  endfacet
  facet normal 0.195136 0 0.980776
    outer loop
      vertex -19.6073 3.25 7.46667
      vertex -19.3187 0 7.40925
      vertex -19.3187 3.25 7.40925
    endloop
  endfacet
  facet normal 0.195136 0 0.980776
    outer loop
      vertex -19.3187 0 7.40925
      vertex -19.6073 3.25 7.46667
      vertex -19.6073 0 7.46667
    endloop
  endfacet
  facet normal -0.442042 0 -0.896995
    outer loop
      vertex -18.164 0 11.7187
      vertex -17.9 3.25 11.5886
      vertex -17.9 0 11.5886
    endloop
  endfacet
  facet normal -0.442042 0 -0.896995
    outer loop
      vertex -17.9 3.25 11.5886
      vertex -18.164 0 11.7187
      vertex -18.164 3.25 11.7187
    endloop
  endfacet
  facet normal -0.946936 0 -0.321421
    outer loop
      vertex -16.8517 0 10.2223
      vertex -16.9463 3.25 10.501
      vertex -16.8517 3.25 10.2223
    endloop
  endfacet
  facet normal -0.946936 -0 -0.321421
    outer loop
      vertex -16.9463 3.25 10.501
      vertex -16.8517 0 10.2223
      vertex -16.9463 0 10.501
    endloop
  endfacet
  facet normal 0.321421 0 -0.946936
    outer loop
      vertex -19.886 0 11.7187
      vertex -19.6073 3.25 11.8133
      vertex -19.6073 0 11.8133
    endloop
  endfacet
  facet normal 0.321421 0 -0.946936
    outer loop
      vertex -19.6073 3.25 11.8133
      vertex -19.886 0 11.7187
      vertex -19.886 3.25 11.7187
    endloop
  endfacet
  facet normal -0.946936 0 0.321421
    outer loop
      vertex -16.9463 0 8.77896
      vertex -16.8517 3.25 9.05766
      vertex -16.9463 3.25 8.77896
    endloop
  endfacet
  facet normal -0.946936 0 0.321421
    outer loop
      vertex -16.8517 3.25 9.05766
      vertex -16.9463 0 8.77896
      vertex -16.8517 0 9.05766
    endloop
  endfacet
  facet normal -0.980797 0 0.195031
    outer loop
      vertex -16.8517 0 9.05766
      vertex -16.7943 3.25 9.34632
      vertex -16.8517 3.25 9.05766
    endloop
  endfacet
  facet normal -0.980797 0 0.195031
    outer loop
      vertex -16.7943 3.25 9.34632
      vertex -16.8517 0 9.05766
      vertex -16.7943 0 9.34632
    endloop
  endfacet
  facet normal -0.195136 0 0.980776
    outer loop
      vertex -18.7313 3.25 7.40925
      vertex -18.4427 0 7.46667
      vertex -18.4427 3.25 7.46667
    endloop
  endfacet
  facet normal -0.195136 0 0.980776
    outer loop
      vertex -18.4427 0 7.46667
      vertex -18.7313 3.25 7.40925
      vertex -18.7313 0 7.40925
    endloop
  endfacet
  facet normal -0.659298 0 0.751882
    outer loop
      vertex -17.6553 3.25 7.85496
      vertex -17.434 0 8.04901
      vertex -17.434 3.25 8.04901
    endloop
  endfacet
  facet normal -0.659298 0 0.751882
    outer loop
      vertex -17.434 0 8.04901
      vertex -17.6553 3.25 7.85496
      vertex -17.6553 0 7.85496
    endloop
  endfacet
  facet normal 0.0654027 0 0.997859
    outer loop
      vertex -19.3187 3.25 7.40925
      vertex -19.025 0 7.39
      vertex -19.025 3.25 7.39
    endloop
  endfacet
  facet normal 0.0654027 0 0.997859
    outer loop
      vertex -19.025 0 7.39
      vertex -19.3187 3.25 7.40925
      vertex -19.3187 0 7.40925
    endloop
  endfacet
  facet normal -0.997848 0 -0.0655763
    outer loop
      vertex -16.775 0 9.64
      vertex -16.7943 3.25 9.93368
      vertex -16.775 3.25 9.64
    endloop
  endfacet
  facet normal -0.997848 -0 -0.0655763
    outer loop
      vertex -16.7943 3.25 9.93368
      vertex -16.775 0 9.64
      vertex -16.7943 0 9.93368
    endloop
  endfacet
  facet normal -0.0652336 0 -0.99787
    outer loop
      vertex -19.025 0 11.89
      vertex -18.7313 3.25 11.8708
      vertex -18.7313 0 11.8708
    endloop
  endfacet
  facet normal -0.0652336 0 -0.99787
    outer loop
      vertex -18.7313 3.25 11.8708
      vertex -19.025 0 11.89
      vertex -19.025 3.25 11.89
    endloop
  endfacet
  facet normal -0.321421 0 -0.946936
    outer loop
      vertex -18.4427 0 11.8133
      vertex -18.164 3.25 11.7187
      vertex -18.164 0 11.7187
    endloop
  endfacet
  facet normal -0.321421 0 -0.946936
    outer loop
      vertex -18.164 3.25 11.7187
      vertex -18.4427 0 11.8133
      vertex -18.4427 3.25 11.8133
    endloop
  endfacet
  facet normal -0.555797 0 -0.831318
    outer loop
      vertex -17.9 0 11.5886
      vertex -17.6553 3.25 11.425
      vertex -17.6553 0 11.425
    endloop
  endfacet
  facet normal -0.555797 0 -0.831318
    outer loop
      vertex -17.6553 3.25 11.425
      vertex -17.9 0 11.5886
      vertex -17.9 3.25 11.5886
    endloop
  endfacet
  facet normal -0.751966 0 -0.659202
    outer loop
      vertex -17.24 0 11.0097
      vertex -17.434 3.25 11.231
      vertex -17.24 3.25 11.0097
    endloop
  endfacet
  facet normal -0.751966 -0 -0.659202
    outer loop
      vertex -17.434 3.25 11.231
      vertex -17.24 0 11.0097
      vertex -17.434 0 11.231
    endloop
  endfacet
  facet normal -0.896995 0 -0.442042
    outer loop
      vertex -16.9463 0 10.501
      vertex -17.0764 3.25 10.765
      vertex -16.9463 3.25 10.501
    endloop
  endfacet
  facet normal -0.896995 -0 -0.442042
    outer loop
      vertex -17.0764 3.25 10.765
      vertex -16.9463 0 10.501
      vertex -17.0764 0 10.765
    endloop
  endfacet
  facet normal 0.442081 0 -0.896975
    outer loop
      vertex -19.9 0 11.7118
      vertex -19.886 3.25 11.7187
      vertex -19.886 0 11.7187
    endloop
  endfacet
  facet normal 0.442081 0 -0.896975
    outer loop
      vertex -19.886 3.25 11.7187
      vertex -19.9 0 11.7118
      vertex -19.9 3.25 11.7118
    endloop
  endfacet
  facet normal 0.195397 0 -0.980724
    outer loop
      vertex -19.6073 0 11.8133
      vertex -19.3187 3.25 11.8708
      vertex -19.3187 0 11.8708
    endloop
  endfacet
  facet normal 0.195397 0 -0.980724
    outer loop
      vertex -19.3187 3.25 11.8708
      vertex -19.6073 0 11.8133
      vertex -19.6073 3.25 11.8133
    endloop
  endfacet
  facet normal -0.195397 0 -0.980724
    outer loop
      vertex -18.7313 0 11.8708
      vertex -18.4427 3.25 11.8133
      vertex -18.4427 0 11.8133
    endloop
  endfacet
  facet normal -0.195397 0 -0.980724
    outer loop
      vertex -18.4427 3.25 11.8133
      vertex -18.7313 0 11.8708
      vertex -18.7313 3.25 11.8708
    endloop
  endfacet
  facet normal -0.659202 0 -0.751966
    outer loop
      vertex -17.6553 0 11.425
      vertex -17.434 3.25 11.231
      vertex -17.434 0 11.231
    endloop
  endfacet
  facet normal -0.659202 0 -0.751966
    outer loop
      vertex -17.434 3.25 11.231
      vertex -17.6553 0 11.425
      vertex -17.6553 3.25 11.425
    endloop
  endfacet
  facet normal -0.831318 0 -0.555797
    outer loop
      vertex -17.0764 0 10.765
      vertex -17.24 3.25 11.0097
      vertex -17.0764 3.25 10.765
    endloop
  endfacet
  facet normal -0.831318 -0 -0.555797
    outer loop
      vertex -17.24 3.25 11.0097
      vertex -17.0764 0 10.765
      vertex -17.24 0 11.0097
    endloop
  endfacet
  facet normal -0.980792 0 -0.195057
    outer loop
      vertex -16.7943 0 9.93368
      vertex -16.8517 3.25 10.2223
      vertex -16.7943 3.25 9.93368
    endloop
  endfacet
  facet normal -0.980792 -0 -0.195057
    outer loop
      vertex -16.8517 3.25 10.2223
      vertex -16.7943 0 9.93368
      vertex -16.8517 0 10.2223
    endloop
  endfacet
  facet normal 0.0652336 0 -0.99787
    outer loop
      vertex -19.3187 0 11.8708
      vertex -19.025 3.25 11.89
      vertex -19.025 0 11.89
    endloop
  endfacet
  facet normal 0.0652336 0 -0.99787
    outer loop
      vertex -19.025 3.25 11.89
      vertex -19.3187 0 11.8708
      vertex -19.3187 3.25 11.8708
    endloop
  endfacet
  facet normal -0.533746 0.704334 -0.468005
    outer loop
      vertex -16.2106 4.99 12.4544
      vertex -15.8696 4.99 12.0655
      vertex -17.434 3.25 11.231
    endloop
  endfacet
  facet normal -0.708358 0.704328 0.0463849
    outer loop
      vertex -15.0449 4.99 9.64
      vertex -15.0787 4.99 9.12383
      vertex -16.775 3.25 9.64
    endloop
  endfacet
  facet normal -0.708722 0.70421 0.0424384
    outer loop
      vertex -16.7943 3.25 9.34632
      vertex -15.0787 4.99 9.12383
      vertex -15.0789 4.99 9.12049
    endloop
  endfacet
  facet normal -0.708328 0.704347 0.0465497
    outer loop
      vertex -15.0787 4.99 9.12383
      vertex -16.7943 3.25 9.34632
      vertex -16.775 3.25 9.64
    endloop
  endfacet
  facet normal -0.708327 0.704348 -0.0465497
    outer loop
      vertex -16.7943 3.25 9.93368
      vertex -15.0787 4.99 10.1562
      vertex -16.775 3.25 9.64
    endloop
  endfacet
  facet normal -0.708673 0.704228 -0.0429499
    outer loop
      vertex -15.0787 4.99 10.1562
      vertex -16.7943 3.25 9.93368
      vertex -15.0789 4.99 10.1595
    endloop
  endfacet
  facet normal 0.138522 0.704328 0.696228
    outer loop
      vertex -19.3187 3.25 7.40925
      vertex -19.5478 4.99 5.69459
      vertex -19.6073 3.25 7.46667
    endloop
  endfacet
  facet normal 0.13718 0.70437 0.696451
    outer loop
      vertex -19.5478 4.99 5.69459
      vertex -19.3187 3.25 7.40925
      vertex -19.5445 4.99 5.69394
    endloop
  endfacet
  facet normal -0.0463822 0.704328 -0.708358
    outer loop
      vertex -19.025 4.99 13.6201
      vertex -18.5088 4.99 13.5863
      vertex -19.025 3.25 11.89
    endloop
  endfacet
  facet normal -0.672187 0.704328 -0.228225
    outer loop
      vertex -15.3479 4.99 11.1631
      vertex -15.1816 4.99 10.6733
      vertex -16.9463 3.25 10.501
    endloop
  endfacet
  facet normal -0.708358 0.704328 -0.0463822
    outer loop
      vertex -15.0787 4.99 10.1562
      vertex -15.0449 4.99 9.64
      vertex -16.775 3.25 9.64
    endloop
  endfacet
  facet normal -0.671397 0.704245 -0.230793
    outer loop
      vertex -16.8517 3.25 10.2223
      vertex -15.1816 4.99 10.6733
      vertex -15.1805 4.99 10.6701
    endloop
  endfacet
  facet normal -0.672199 0.704335 -0.228167
    outer loop
      vertex -15.1816 4.99 10.6733
      vertex -16.8517 3.25 10.2223
      vertex -16.9463 3.25 10.501
    endloop
  endfacet
  facet normal -0.642901 0.704745 -0.300021
    outer loop
      vertex -16.9463 3.25 10.501
      vertex -15.3493 4.99 11.1661
      vertex -15.3479 4.99 11.1631
    endloop
  endfacet
  facet normal -0.636736 0.704348 -0.313785
    outer loop
      vertex -15.3493 4.99 11.1661
      vertex -16.9463 3.25 10.501
      vertex -17.0764 3.25 10.765
    endloop
  endfacet
  facet normal -0.313948 0.704328 -0.636678
    outer loop
      vertex -17.4989 4.99 13.3157
      vertex -17.0349 4.99 13.0869
      vertex -17.9 3.25 11.5886
    endloop
  endfacet
  facet normal -0.590231 0.704325 0.394402
    outer loop
      vertex -15.5781 4.99 7.64994
      vertex -15.8655 4.99 7.21984
      vertex -17.0764 3.25 8.515
    endloop
  endfacet
  facet normal -0.69472 0.704023 -0.147365
    outer loop
      vertex -16.7943 3.25 9.93368
      vertex -15.0796 4.99 10.1628
      vertex -15.0789 4.99 10.1595
    endloop
  endfacet
  facet normal -0.696229 0.704338 -0.138464
    outer loop
      vertex -15.0796 4.99 10.1628
      vertex -16.7943 3.25 9.93368
      vertex -16.8517 3.25 10.2223
    endloop
  endfacet
  facet normal -0.696228 0.704337 -0.138477
    outer loop
      vertex -15.1805 4.99 10.6701
      vertex -15.0796 4.99 10.1628
      vertex -16.8517 3.25 10.2223
    endloop
  endfacet
  facet normal -0.590228 0.70433 -0.3944
    outer loop
      vertex -15.8655 4.99 12.0602
      vertex -15.5781 4.99 11.6301
      vertex -17.0764 3.25 10.765
    endloop
  endfacet
  facet normal -0.636678 0.704328 -0.313948
    outer loop
      vertex -15.5781 4.99 11.6301
      vertex -15.3493 4.99 11.1661
      vertex -17.0764 3.25 10.765
    endloop
  endfacet
  facet normal -0.580169 0.704785 -0.408267
    outer loop
      vertex -15.8655 4.99 12.0602
      vertex -17.24 3.25 11.0097
      vertex -15.8674 4.99 12.0629
    endloop
  endfacet
  facet normal -0.590113 0.70435 -0.394534
    outer loop
      vertex -17.24 3.25 11.0097
      vertex -15.8655 4.99 12.0602
      vertex -17.0764 3.25 10.765
    endloop
  endfacet
  facet normal -0.54164 0.704683 -0.458311
    outer loop
      vertex -17.24 3.25 11.0097
      vertex -15.8696 4.99 12.0655
      vertex -15.8674 4.99 12.0629
    endloop
  endfacet
  facet normal -0.53379 0.704343 -0.467941
    outer loop
      vertex -15.8696 4.99 12.0655
      vertex -17.24 3.25 11.0097
      vertex -17.434 3.25 11.231
    endloop
  endfacet
  facet normal -0.458311 0.704683 -0.54164
    outer loop
      vertex -16.5995 4.99 12.7954
      vertex -17.6553 3.25 11.425
      vertex -16.6021 4.99 12.7976
    endloop
  endfacet
  facet normal -0.467941 0.704343 -0.53379
    outer loop
      vertex -17.6553 3.25 11.425
      vertex -16.5995 4.99 12.7954
      vertex -17.434 3.25 11.231
    endloop
  endfacet
  facet normal -0.468005 0.704334 -0.533746
    outer loop
      vertex -16.5995 4.99 12.7954
      vertex -16.2106 4.99 12.4544
      vertex -17.434 3.25 11.231
    endloop
  endfacet
  facet normal -0.228225 0.704328 -0.672187
    outer loop
      vertex -17.9917 4.99 13.4834
      vertex -17.5019 4.99 13.3171
      vertex -18.164 3.25 11.7187
    endloop
  endfacet
  facet normal -0.313928 0.704332 0.636683
    outer loop
      vertex -17.4989 4.99 5.96433
      vertex -18.164 3.25 7.56127
      vertex -17.9 3.25 7.69144
    endloop
  endfacet
  facet normal -0.314066 0.704327 0.63662
    outer loop
      vertex -18.164 3.25 7.56127
      vertex -17.4989 4.99 5.96433
      vertex -17.5019 4.99 5.96285
    endloop
  endfacet
  facet normal 0.22816 0.704358 0.672178
    outer loop
      vertex -19.6073 3.25 7.46667
      vertex -19.9 3.39104 7.41823
      vertex -19.886 3.25 7.56127
    endloop
  endfacet
  facet normal 0.228146 0.704338 0.672204
    outer loop
      vertex -19.9 3.39104 7.41823
      vertex -19.6073 3.25 7.46667
      vertex -19.9 4.3872 6.37445
    endloop
  endfacet
  facet normal -0.3944 0.70433 -0.590228
    outer loop
      vertex -17.0349 4.99 13.0869
      vertex -16.6048 4.99 12.7995
      vertex -17.9 3.25 11.5886
    endloop
  endfacet
  facet normal -0.408267 0.704785 -0.580169
    outer loop
      vertex -17.6553 3.25 11.425
      vertex -16.6048 4.99 12.7995
      vertex -16.6021 4.99 12.7976
    endloop
  endfacet
  facet normal -0.394534 0.70435 -0.590113
    outer loop
      vertex -16.6048 4.99 12.7995
      vertex -17.6553 3.25 11.425
      vertex -17.9 3.25 11.5886
    endloop
  endfacet
  facet normal -0.300021 0.704745 -0.642901
    outer loop
      vertex -17.4989 4.99 13.3157
      vertex -18.164 3.25 11.7187
      vertex -17.5019 4.99 13.3171
    endloop
  endfacet
  facet normal -0.313785 0.704348 -0.636736
    outer loop
      vertex -18.164 3.25 11.7187
      vertex -17.4989 4.99 13.3157
      vertex -17.9 3.25 11.5886
    endloop
  endfacet
  facet normal -0.138477 0.704337 -0.696228
    outer loop
      vertex -17.9949 4.99 13.4845
      vertex -18.4427 3.25 11.8133
      vertex -18.5022 4.99 13.5854
    endloop
  endfacet
  facet normal -0.230793 0.704245 -0.671397
    outer loop
      vertex -17.9917 4.99 13.4834
      vertex -18.4427 3.25 11.8133
      vertex -17.9949 4.99 13.4845
    endloop
  endfacet
  facet normal -0.228167 0.704335 -0.672199
    outer loop
      vertex -18.4427 3.25 11.8133
      vertex -17.9917 4.99 13.4834
      vertex -18.164 3.25 11.7187
    endloop
  endfacet
  facet normal -0.147369 0.704002 -0.69474
    outer loop
      vertex -18.5022 4.99 13.5854
      vertex -18.7313 3.25 11.8708
      vertex -18.5055 4.99 13.5861
    endloop
  endfacet
  facet normal -0.138711 0.70431 -0.696209
    outer loop
      vertex -18.7313 3.25 11.8708
      vertex -18.5022 4.99 13.5854
      vertex -18.4427 3.25 11.8133
    endloop
  endfacet
  facet normal -0.0429511 0.704207 -0.708694
    outer loop
      vertex -18.7313 3.25 11.8708
      vertex -18.5088 4.99 13.5863
      vertex -18.5055 4.99 13.5861
    endloop
  endfacet
  facet normal -0.0463083 0.704319 -0.708372
    outer loop
      vertex -18.5088 4.99 13.5863
      vertex -18.7313 3.25 11.8708
      vertex -19.025 3.25 11.89
    endloop
  endfacet
  facet normal 0.0463083 0.704319 -0.708372
    outer loop
      vertex -19.3187 3.25 11.8708
      vertex -19.5412 4.99 13.5863
      vertex -19.025 3.25 11.89
    endloop
  endfacet
  facet normal 0.0429511 0.704207 -0.708694
    outer loop
      vertex -19.5412 4.99 13.5863
      vertex -19.3187 3.25 11.8708
      vertex -19.5445 4.99 13.5861
    endloop
  endfacet
  facet normal 0.0463822 0.704328 -0.708358
    outer loop
      vertex -19.025 4.99 13.6201
      vertex -19.025 3.25 11.89
      vertex -19.5412 4.99 13.5863
    endloop
  endfacet
  facet normal 0.228719 0.70443 -0.671913
    outer loop
      vertex -19.9 3.39104 11.8618
      vertex -19.886 3.25 11.7187
      vertex -19.9 3.28669 11.7524
    endloop
  endfacet
  facet normal 0.313763 0.704463 -0.63662
    outer loop
      vertex -19.9 3.28669 11.7524
      vertex -19.886 3.25 11.7187
      vertex -19.9 3.25 11.7118
    endloop
  endfacet
  facet normal -0.40255 0.704621 0.584347
    outer loop
      vertex -16.6048 4.99 6.4805
      vertex -17.6553 3.25 7.85496
      vertex -16.6021 4.99 6.48236
    endloop
  endfacet
  facet normal -0.394408 0.704338 0.590212
    outer loop
      vertex -17.6553 3.25 7.85496
      vertex -16.6048 4.99 6.4805
      vertex -17.9 3.25 7.69144
    endloop
  endfacet
  facet normal -0.138505 0.70433 0.69623
    outer loop
      vertex -18.4427 3.25 7.46667
      vertex -17.9949 4.99 5.79551
      vertex -18.5022 4.99 5.69459
    endloop
  endfacet
  facet normal -0.636664 0.704326 0.313982
    outer loop
      vertex -15.3493 4.99 8.11388
      vertex -15.5781 4.99 7.64994
      vertex -17.0764 3.25 8.515
    endloop
  endfacet
  facet normal 0.138467 0.704334 0.696233
    outer loop
      vertex -19.5478 4.99 5.69459
      vertex -19.9 4.3872 6.37445
      vertex -19.6073 3.25 7.46667
    endloop
  endfacet
  facet normal 0.138496 0.704323 0.696238
    outer loop
      vertex -19.9 4.3872 6.37445
      vertex -19.5478 4.99 5.69459
      vertex -19.9 4.99 5.76465
    endloop
  endfacet
  facet normal 0.227999 0.704337 -0.672255
    outer loop
      vertex -19.6073 3.25 11.8133
      vertex -19.9 3.39104 11.8618
      vertex -19.9 4.3872 12.9055
    endloop
  endfacet
  facet normal 0.228114 0.704502 -0.672043
    outer loop
      vertex -19.9 3.39104 11.8618
      vertex -19.6073 3.25 11.8133
      vertex -19.886 3.25 11.7187
    endloop
  endfacet
  facet normal 0.138369 0.704393 -0.696193
    outer loop
      vertex -19.5478 4.99 13.5854
      vertex -19.9 4.3872 12.9055
      vertex -19.9 4.99 13.5154
    endloop
  endfacet
  facet normal 0.138535 0.70433 -0.696223
    outer loop
      vertex -19.9 4.3872 12.9055
      vertex -19.5478 4.99 13.5854
      vertex -19.6073 3.25 11.8133
    endloop
  endfacet
  facet normal 0.147369 0.704002 -0.69474
    outer loop
      vertex -19.3187 3.25 11.8708
      vertex -19.5478 4.99 13.5854
      vertex -19.5445 4.99 13.5861
    endloop
  endfacet
  facet normal 0.138711 0.70431 -0.696209
    outer loop
      vertex -19.5478 4.99 13.5854
      vertex -19.3187 3.25 11.8708
      vertex -19.6073 3.25 11.8133
    endloop
  endfacet
  facet normal -0.313936 0.704331 0.63668
    outer loop
      vertex -17.0349 4.99 6.19312
      vertex -17.4989 4.99 5.96433
      vertex -17.9 3.25 7.69144
    endloop
  endfacet
  facet normal -0.394379 0.704334 0.590237
    outer loop
      vertex -16.6048 4.99 6.4805
      vertex -17.0349 4.99 6.19312
      vertex -17.9 3.25 7.69144
    endloop
  endfacet
  facet normal -0.0464232 0.704328 0.708355
    outer loop
      vertex -18.5088 4.99 5.69372
      vertex -19.025 4.99 5.65989
      vertex -19.025 3.25 7.39
    endloop
  endfacet
  facet normal -0.468012 0.704339 0.533734
    outer loop
      vertex -16.5995 4.99 6.48457
      vertex -17.6553 3.25 7.85496
      vertex -17.434 3.25 8.04901
    endloop
  endfacet
  facet normal -0.459546 0.704644 0.540643
    outer loop
      vertex -17.6553 3.25 7.85496
      vertex -16.5995 4.99 6.48457
      vertex -16.6021 4.99 6.48236
    endloop
  endfacet
  facet normal -0.642903 0.704744 0.300021
    outer loop
      vertex -15.3493 4.99 8.11388
      vertex -16.9463 3.25 8.77896
      vertex -15.3479 4.99 8.11688
    endloop
  endfacet
  facet normal -0.63672 0.704345 0.313825
    outer loop
      vertex -16.9463 3.25 8.77896
      vertex -15.3493 4.99 8.11388
      vertex -17.0764 3.25 8.515
    endloop
  endfacet
  facet normal 0.313352 0.704564 0.63671
    outer loop
      vertex -19.886 3.25 7.56127
      vertex -19.9 3.28669 7.52756
      vertex -19.9 3.25 7.56816
    endloop
  endfacet
  facet normal 0.227216 0.704469 0.672381
    outer loop
      vertex -19.886 3.25 7.56127
      vertex -19.9 3.39104 7.41823
      vertex -19.9 3.28669 7.52756
    endloop
  endfacet
  facet normal -0.228187 0.704331 0.672197
    outer loop
      vertex -17.5019 4.99 5.96285
      vertex -17.9917 4.99 5.79658
      vertex -18.164 3.25 7.56127
    endloop
  endfacet
  facet normal 0.0464232 0.704328 0.708355
    outer loop
      vertex -19.025 3.25 7.39
      vertex -19.025 4.99 5.65989
      vertex -19.5412 4.99 5.69372
    endloop
  endfacet
  facet normal -0.53376 0.704331 0.467994
    outer loop
      vertex -15.8696 4.99 7.21455
      vertex -16.2106 4.99 6.82563
      vertex -17.434 3.25 8.04901
    endloop
  endfacet
  facet normal -0.672191 0.704327 0.228217
    outer loop
      vertex -15.1816 4.99 8.6067
      vertex -15.3479 4.99 8.11688
      vertex -16.9463 3.25 8.77896
    endloop
  endfacet
  facet normal -0.228167 0.704333 0.672201
    outer loop
      vertex -17.9917 4.99 5.79658
      vertex -18.4427 3.25 7.46667
      vertex -18.164 3.25 7.56127
    endloop
  endfacet
  facet normal -0.22508 0.704432 0.673138
    outer loop
      vertex -18.4427 3.25 7.46667
      vertex -17.9917 4.99 5.79658
      vertex -17.9949 4.99 5.79551
    endloop
  endfacet
  facet normal 0.0464277 0.704329 0.708354
    outer loop
      vertex -19.5412 4.99 5.69372
      vertex -19.3187 3.25 7.40925
      vertex -19.025 3.25 7.39
    endloop
  endfacet
  facet normal 0.0472184 0.704354 0.708277
    outer loop
      vertex -19.3187 3.25 7.40925
      vertex -19.5412 4.99 5.69372
      vertex -19.5445 4.99 5.69394
    endloop
  endfacet
  facet normal -0.468052 0.704333 0.533705
    outer loop
      vertex -16.2106 4.99 6.82563
      vertex -16.5995 4.99 6.48457
      vertex -17.434 3.25 8.04901
    endloop
  endfacet
  facet normal -0.533833 0.704337 0.467901
    outer loop
      vertex -15.8696 4.99 7.21455
      vertex -17.24 3.25 8.27029
      vertex -15.8674 4.99 7.21706
    endloop
  endfacet
  facet normal -0.533776 0.704334 0.467971
    outer loop
      vertex -17.24 3.25 8.27029
      vertex -15.8696 4.99 7.21455
      vertex -17.434 3.25 8.04901
    endloop
  endfacet
  facet normal -0.590126 0.704344 0.394527
    outer loop
      vertex -15.8655 4.99 7.21984
      vertex -17.24 3.25 8.27029
      vertex -17.0764 3.25 8.515
    endloop
  endfacet
  facet normal -0.585885 0.704555 0.400425
    outer loop
      vertex -17.24 3.25 8.27029
      vertex -15.8655 4.99 7.21984
      vertex -15.8674 4.99 7.21706
    endloop
  endfacet
  facet normal -0.670792 0.704172 0.232767
    outer loop
      vertex -15.1816 4.99 8.6067
      vertex -16.8517 3.25 9.05766
      vertex -15.1805 4.99 8.60987
    endloop
  endfacet
  facet normal -0.672202 0.704333 0.228168
    outer loop
      vertex -16.8517 3.25 9.05766
      vertex -15.1816 4.99 8.6067
      vertex -16.9463 3.25 8.77896
    endloop
  endfacet
  facet normal -0.0472184 0.704354 0.708277
    outer loop
      vertex -18.5088 4.99 5.69372
      vertex -18.7313 3.25 7.40925
      vertex -18.5055 4.99 5.69394
    endloop
  endfacet
  facet normal -0.0464277 0.704329 0.708354
    outer loop
      vertex -18.7313 3.25 7.40925
      vertex -18.5088 4.99 5.69372
      vertex -19.025 3.25 7.39
    endloop
  endfacet
  facet normal -0.138522 0.704328 0.696228
    outer loop
      vertex -18.5022 4.99 5.69459
      vertex -18.7313 3.25 7.40925
      vertex -18.4427 3.25 7.46667
    endloop
  endfacet
  facet normal -0.13718 0.70437 0.696451
    outer loop
      vertex -18.7313 3.25 7.40925
      vertex -18.5022 4.99 5.69459
      vertex -18.5055 4.99 5.69394
    endloop
  endfacet
  facet normal -0.696231 0.704336 0.138467
    outer loop
      vertex -15.0796 4.99 9.11721
      vertex -15.1805 4.99 8.60987
      vertex -16.8517 3.25 9.05766
    endloop
  endfacet
  facet normal -0.69457 0.703989 0.148231
    outer loop
      vertex -15.0796 4.99 9.11721
      vertex -16.7943 3.25 9.34632
      vertex -15.0789 4.99 9.12049
    endloop
  endfacet
  facet normal -0.696233 0.704339 0.138446
    outer loop
      vertex -16.7943 3.25 9.34632
      vertex -15.0796 4.99 9.11721
      vertex -16.8517 3.25 9.05766
    endloop
  endfacet
  facet normal -0.997861 0 0.0653646
    outer loop
      vertex -15.0592 4.99 9.1179
      vertex -15.025 5 9.64
      vertex -15.0592 5 9.1179
    endloop
  endfacet
  facet normal -0.997861 0 0.0653646
    outer loop
      vertex -15.025 5 9.64
      vertex -15.0592 4.99 9.1179
      vertex -15.025 4.99 9.64
    endloop
  endfacet
  facet normal -0.0654027 0 0.997859
    outer loop
      vertex -19.025 5 5.64
      vertex -18.5029 4.99 5.67422
      vertex -18.5029 5 5.67422
    endloop
  endfacet
  facet normal -0.0654027 0 0.997859
    outer loop
      vertex -18.5029 4.99 5.67422
      vertex -19.025 5 5.64
      vertex -19.025 4.99 5.64
    endloop
  endfacet
  facet normal -0.659321 0 0.751861
    outer loop
      vertex -16.59 5 6.46659
      vertex -16.1966 4.99 6.81157
      vertex -16.1966 5 6.81157
    endloop
  endfacet
  facet normal -0.659321 0 0.751861
    outer loop
      vertex -16.1966 4.99 6.81157
      vertex -16.59 5 6.46659
      vertex -16.59 4.99 6.46659
    endloop
  endfacet
  facet normal 0 1 -0
    outer loop
      vertex -18.5088 4.99 13.5863
      vertex -19.025 4.99 13.64
      vertex -18.5029 4.99 13.6058
    endloop
  endfacet
  facet normal 0 1 0
    outer loop
      vertex -19.025 4.99 13.64
      vertex -18.5088 4.99 13.5863
      vertex -19.025 4.99 13.6201
    endloop
  endfacet
  facet normal 0 1 0
    outer loop
      vertex -18.5029 4.99 13.6058
      vertex -18.5055 4.99 13.5861
      vertex -18.5088 4.99 13.5863
    endloop
  endfacet
  facet normal 0 1 0
    outer loop
      vertex -18.5029 4.99 13.6058
      vertex -18.5022 4.99 13.5854
      vertex -18.5055 4.99 13.5861
    endloop
  endfacet
  facet normal 0 1 0
    outer loop
      vertex -17.9897 4.99 13.5037
      vertex -18.5022 4.99 13.5854
      vertex -18.5029 4.99 13.6058
    endloop
  endfacet
  facet normal 0 1 0
    outer loop
      vertex -17.9897 4.99 13.5037
      vertex -17.9949 4.99 13.4845
      vertex -18.5022 4.99 13.5854
    endloop
  endfacet
  facet normal 0 1 0
    outer loop
      vertex -17.9897 4.99 13.5037
      vertex -17.9917 4.99 13.4834
      vertex -17.9949 4.99 13.4845
    endloop
  endfacet
  facet normal 0 1 0
    outer loop
      vertex -17.4943 4.99 13.3355
      vertex -17.9917 4.99 13.4834
      vertex -17.9897 4.99 13.5037
    endloop
  endfacet
  facet normal 0 1 0
    outer loop
      vertex -17.4943 4.99 13.3355
      vertex -17.5019 4.99 13.3171
      vertex -17.9917 4.99 13.4834
    endloop
  endfacet
  facet normal 0 1 0
    outer loop
      vertex -17.4943 4.99 13.3355
      vertex -17.4989 4.99 13.3157
      vertex -17.5019 4.99 13.3171
    endloop
  endfacet
  facet normal 0 1 0
    outer loop
      vertex -17.025 4.99 13.1041
      vertex -17.4989 4.99 13.3157
      vertex -17.4943 4.99 13.3355
    endloop
  endfacet
  facet normal 0 1 0
    outer loop
      vertex -17.025 4.99 13.1041
      vertex -17.0349 4.99 13.0869
      vertex -17.4989 4.99 13.3157
    endloop
  endfacet
  facet normal 0 1 -0
    outer loop
      vertex -16.6048 4.99 12.7995
      vertex -17.025 4.99 13.1041
      vertex -16.59 4.99 12.8134
    endloop
  endfacet
  facet normal 0 1 0
    outer loop
      vertex -17.025 4.99 13.1041
      vertex -16.6048 4.99 12.7995
      vertex -17.0349 4.99 13.0869
    endloop
  endfacet
  facet normal 0 1 0
    outer loop
      vertex -16.59 4.99 12.8134
      vertex -16.6021 4.99 12.7976
      vertex -16.6048 4.99 12.7995
    endloop
  endfacet
  facet normal 0 1 0
    outer loop
      vertex -16.59 4.99 12.8134
      vertex -16.5995 4.99 12.7954
      vertex -16.6021 4.99 12.7976
    endloop
  endfacet
  facet normal 0 1 0
    outer loop
      vertex -16.1966 4.99 12.4684
      vertex -16.5995 4.99 12.7954
      vertex -16.59 4.99 12.8134
    endloop
  endfacet
  facet normal 0 1 0
    outer loop
      vertex -16.1966 4.99 12.4684
      vertex -16.2106 4.99 12.4544
      vertex -16.5995 4.99 12.7954
    endloop
  endfacet
  facet normal 0 1 -0
    outer loop
      vertex -15.8696 4.99 12.0655
      vertex -16.1966 4.99 12.4684
      vertex -15.8516 4.99 12.075
    endloop
  endfacet
  facet normal 0 1 0
    outer loop
      vertex -16.1966 4.99 12.4684
      vertex -15.8696 4.99 12.0655
      vertex -16.2106 4.99 12.4544
    endloop
  endfacet
  facet normal 0 1 0
    outer loop
      vertex -15.8516 4.99 12.075
      vertex -15.8674 4.99 12.0629
      vertex -15.8696 4.99 12.0655
    endloop
  endfacet
  facet normal 0 1 0
    outer loop
      vertex -15.8516 4.99 12.075
      vertex -15.8655 4.99 12.0602
      vertex -15.8674 4.99 12.0629
    endloop
  endfacet
  facet normal 0 1 0
    outer loop
      vertex -15.5609 4.99 11.64
      vertex -15.8655 4.99 12.0602
      vertex -15.8516 4.99 12.075
    endloop
  endfacet
  facet normal 0 1 0
    outer loop
      vertex -15.5609 4.99 11.64
      vertex -15.5781 4.99 11.6301
      vertex -15.8655 4.99 12.0602
    endloop
  endfacet
  facet normal 0 1 -0
    outer loop
      vertex -15.3493 4.99 11.1661
      vertex -15.5609 4.99 11.64
      vertex -15.3295 4.99 11.1707
    endloop
  endfacet
  facet normal 0 1 0
    outer loop
      vertex -15.5609 4.99 11.64
      vertex -15.3493 4.99 11.1661
      vertex -15.5781 4.99 11.6301
    endloop
  endfacet
  facet normal 0 1 0
    outer loop
      vertex -15.3295 4.99 11.1707
      vertex -15.3479 4.99 11.1631
      vertex -15.3493 4.99 11.1661
    endloop
  endfacet
  facet normal 0 1 -0
    outer loop
      vertex -15.1816 4.99 10.6733
      vertex -15.3295 4.99 11.1707
      vertex -15.1613 4.99 10.6753
    endloop
  endfacet
  facet normal 0 1 0
    outer loop
      vertex -15.3295 4.99 11.1707
      vertex -15.1816 4.99 10.6733
      vertex -15.3479 4.99 11.1631
    endloop
  endfacet
  facet normal 0 1 0
    outer loop
      vertex -15.1613 4.99 10.6753
      vertex -15.1805 4.99 10.6701
      vertex -15.1816 4.99 10.6733
    endloop
  endfacet
  facet normal 0 1 0
    outer loop
      vertex -15.1613 4.99 10.6753
      vertex -15.0796 4.99 10.1628
      vertex -15.1805 4.99 10.6701
    endloop
  endfacet
  facet normal 0 1 0
    outer loop
      vertex -15.0592 4.99 10.1621
      vertex -15.0796 4.99 10.1628
      vertex -15.1613 4.99 10.6753
    endloop
  endfacet
  facet normal 0 1 0
    outer loop
      vertex -15.0592 4.99 10.1621
      vertex -15.0789 4.99 10.1595
      vertex -15.0796 4.99 10.1628
    endloop
  endfacet
  facet normal 0 1 0
    outer loop
      vertex -15.0592 4.99 10.1621
      vertex -15.0787 4.99 10.1562
      vertex -15.0789 4.99 10.1595
    endloop
  endfacet
  facet normal 0 1 0
    outer loop
      vertex -15.025 4.99 9.64
      vertex -15.0787 4.99 10.1562
      vertex -15.0592 4.99 10.1621
    endloop
  endfacet
  facet normal 0 1 0
    outer loop
      vertex -15.025 4.99 9.64
      vertex -15.0449 4.99 9.64
      vertex -15.0787 4.99 10.1562
    endloop
  endfacet
  facet normal 0 1 0
    outer loop
      vertex -15.025 4.99 9.64
      vertex -15.0787 4.99 9.12383
      vertex -15.0449 4.99 9.64
    endloop
  endfacet
  facet normal 0 1 -0
    outer loop
      vertex -15.0592 4.99 9.1179
      vertex -15.0787 4.99 9.12383
      vertex -15.025 4.99 9.64
    endloop
  endfacet
  facet normal 0 1 0
    outer loop
      vertex -15.0787 4.99 9.12383
      vertex -15.0592 4.99 9.1179
      vertex -15.0789 4.99 9.12049
    endloop
  endfacet
  facet normal 0 1 0
    outer loop
      vertex -15.0592 4.99 9.1179
      vertex -15.0796 4.99 9.11721
      vertex -15.0789 4.99 9.12049
    endloop
  endfacet
  facet normal 0 1 0
    outer loop
      vertex -15.1613 4.99 8.60472
      vertex -15.0796 4.99 9.11721
      vertex -15.0592 4.99 9.1179
    endloop
  endfacet
  facet normal 0 1 0
    outer loop
      vertex -15.0796 4.99 9.11721
      vertex -15.1613 4.99 8.60472
      vertex -15.1805 4.99 8.60987
    endloop
  endfacet
  facet normal 0 1 0
    outer loop
      vertex -15.1613 4.99 8.60472
      vertex -15.1816 4.99 8.6067
      vertex -15.1805 4.99 8.60987
    endloop
  endfacet
  facet normal 0 1 0
    outer loop
      vertex -15.3295 4.99 8.10927
      vertex -15.1816 4.99 8.6067
      vertex -15.1613 4.99 8.60472
    endloop
  endfacet
  facet normal 0 1 0
    outer loop
      vertex -15.1816 4.99 8.6067
      vertex -15.3295 4.99 8.10927
      vertex -15.3479 4.99 8.11688
    endloop
  endfacet
  facet normal 0 1 0
    outer loop
      vertex -15.3295 4.99 8.10927
      vertex -15.3493 4.99 8.11388
      vertex -15.3479 4.99 8.11688
    endloop
  endfacet
  facet normal 0 1 0
    outer loop
      vertex -15.5609 4.99 7.64
      vertex -15.3493 4.99 8.11388
      vertex -15.3295 4.99 8.10927
    endloop
  endfacet
  facet normal 0 1 0
    outer loop
      vertex -15.3493 4.99 8.11388
      vertex -15.5609 4.99 7.64
      vertex -15.5781 4.99 7.64994
    endloop
  endfacet
  facet normal 0 1 0
    outer loop
      vertex -15.5609 4.99 7.64
      vertex -15.8655 4.99 7.21984
      vertex -15.5781 4.99 7.64994
    endloop
  endfacet
  facet normal 0 1 -0
    outer loop
      vertex -15.8516 4.99 7.20495
      vertex -15.8655 4.99 7.21984
      vertex -15.5609 4.99 7.64
    endloop
  endfacet
  facet normal 0 1 0
    outer loop
      vertex -15.8655 4.99 7.21984
      vertex -15.8516 4.99 7.20495
      vertex -15.8674 4.99 7.21706
    endloop
  endfacet
  facet normal 0 1 0
    outer loop
      vertex -15.8516 4.99 7.20495
      vertex -15.8696 4.99 7.21455
      vertex -15.8674 4.99 7.21706
    endloop
  endfacet
  facet normal 0 1 0
    outer loop
      vertex -16.1966 4.99 6.81157
      vertex -15.8696 4.99 7.21455
      vertex -15.8516 4.99 7.20495
    endloop
  endfacet
  facet normal 0 1 0
    outer loop
      vertex -15.8696 4.99 7.21455
      vertex -16.1966 4.99 6.81157
      vertex -16.2106 4.99 6.82563
    endloop
  endfacet
  facet normal 0 1 0
    outer loop
      vertex -16.1966 4.99 6.81157
      vertex -16.5995 4.99 6.48457
      vertex -16.2106 4.99 6.82563
    endloop
  endfacet
  facet normal 0 1 -0
    outer loop
      vertex -16.59 4.99 6.46659
      vertex -16.5995 4.99 6.48457
      vertex -16.1966 4.99 6.81157
    endloop
  endfacet
  facet normal 0 1 0
    outer loop
      vertex -16.5995 4.99 6.48457
      vertex -16.59 4.99 6.46659
      vertex -16.6021 4.99 6.48236
    endloop
  endfacet
  facet normal 0 1 0
    outer loop
      vertex -16.59 4.99 6.46659
      vertex -16.6048 4.99 6.4805
      vertex -16.6021 4.99 6.48236
    endloop
  endfacet
  facet normal 0 1 0
    outer loop
      vertex -17.025 4.99 6.1759
      vertex -16.6048 4.99 6.4805
      vertex -16.59 4.99 6.46659
    endloop
  endfacet
  facet normal 0 1 0
    outer loop
      vertex -16.6048 4.99 6.4805
      vertex -17.025 4.99 6.1759
      vertex -17.0349 4.99 6.19312
    endloop
  endfacet
  facet normal 0 1 0
    outer loop
      vertex -17.025 4.99 6.1759
      vertex -17.4989 4.99 5.96433
      vertex -17.0349 4.99 6.19312
    endloop
  endfacet
  facet normal 0 1 -0
    outer loop
      vertex -17.4943 4.99 5.94448
      vertex -17.4989 4.99 5.96433
      vertex -17.025 4.99 6.1759
    endloop
  endfacet
  facet normal 0 1 0
    outer loop
      vertex -17.4989 4.99 5.96433
      vertex -17.4943 4.99 5.94448
      vertex -17.5019 4.99 5.96285
    endloop
  endfacet
  facet normal 0 1 0
    outer loop
      vertex -17.4943 4.99 5.94448
      vertex -17.9917 4.99 5.79658
      vertex -17.5019 4.99 5.96285
    endloop
  endfacet
  facet normal 0 1 -0
    outer loop
      vertex -17.9897 4.99 5.7763
      vertex -17.9917 4.99 5.79658
      vertex -17.4943 4.99 5.94448
    endloop
  endfacet
  facet normal 0 1 0
    outer loop
      vertex -17.9917 4.99 5.79658
      vertex -17.9897 4.99 5.7763
      vertex -17.9949 4.99 5.79551
    endloop
  endfacet
  facet normal 0 1 0
    outer loop
      vertex -17.9897 4.99 5.7763
      vertex -18.5022 4.99 5.69459
      vertex -17.9949 4.99 5.79551
    endloop
  endfacet
  facet normal 0 1 0
    outer loop
      vertex -18.5029 4.99 5.67422
      vertex -18.5022 4.99 5.69459
      vertex -17.9897 4.99 5.7763
    endloop
  endfacet
  facet normal 0 1 0
    outer loop
      vertex -18.5022 4.99 5.69459
      vertex -18.5029 4.99 5.67422
      vertex -18.5055 4.99 5.69394
    endloop
  endfacet
  facet normal 0 1 0
    outer loop
      vertex -18.5029 4.99 5.67422
      vertex -18.5088 4.99 5.69372
      vertex -18.5055 4.99 5.69394
    endloop
  endfacet
  facet normal 0 1 0
    outer loop
      vertex -19.025 4.99 5.64
      vertex -18.5088 4.99 5.69372
      vertex -18.5029 4.99 5.67422
    endloop
  endfacet
  facet normal 0 1 0
    outer loop
      vertex -18.5088 4.99 5.69372
      vertex -19.025 4.99 5.64
      vertex -19.025 4.99 5.65989
    endloop
  endfacet
  facet normal 0 1 0
    outer loop
      vertex -19.5412 4.99 13.5863
      vertex -19.025 4.99 13.64
      vertex -19.025 4.99 13.6201
    endloop
  endfacet
  facet normal 0 1 0
    outer loop
      vertex -19.025 4.99 13.64
      vertex -19.5412 4.99 13.5863
      vertex -19.5471 4.99 13.6058
    endloop
  endfacet
  facet normal 0 1 -0
    outer loop
      vertex -19.5445 4.99 13.5861
      vertex -19.5471 4.99 13.6058
      vertex -19.5412 4.99 13.5863
    endloop
  endfacet
  facet normal 0 1 0
    outer loop
      vertex -19.5478 4.99 13.5854
      vertex -19.5471 4.99 13.6058
      vertex -19.5445 4.99 13.5861
    endloop
  endfacet
  facet normal 0 1 -0
    outer loop
      vertex -19.5478 4.99 13.5854
      vertex -19.9 4.99 13.5356
      vertex -19.5471 4.99 13.6058
    endloop
  endfacet
  facet normal -0 1 0
    outer loop
      vertex -19.9 4.99 13.5356
      vertex -19.5478 4.99 13.5854
      vertex -19.9 4.99 13.5154
    endloop
  endfacet
  facet normal 0 1 0
    outer loop
      vertex -19.5478 4.99 5.69459
      vertex -19.9 4.99 5.74442
      vertex -19.9 4.99 5.76465
    endloop
  endfacet
  facet normal 0 1 -0
    outer loop
      vertex -19.5471 4.99 5.67422
      vertex -19.5478 4.99 5.69459
      vertex -19.5445 4.99 5.69394
    endloop
  endfacet
  facet normal 0 1 0
    outer loop
      vertex -19.5478 4.99 5.69459
      vertex -19.5471 4.99 5.67422
      vertex -19.9 4.99 5.74442
    endloop
  endfacet
  facet normal 0 1 0
    outer loop
      vertex -19.5412 4.99 5.69372
      vertex -19.5471 4.99 5.67422
      vertex -19.5445 4.99 5.69394
    endloop
  endfacet
  facet normal 0 1 -0
    outer loop
      vertex -19.025 4.99 5.64
      vertex -19.5412 4.99 5.69372
      vertex -19.025 4.99 5.65989
    endloop
  endfacet
  facet normal 0 1 0
    outer loop
      vertex -19.5412 4.99 5.69372
      vertex -19.025 4.99 5.64
      vertex -19.5471 4.99 5.67422
    endloop
  endfacet
  facet normal -0.896887 0 0.44226
    outer loop
      vertex -15.5609 4.99 7.64
      vertex -15.3295 5 8.10927
      vertex -15.5609 5 7.64
    endloop
  endfacet
  facet normal -0.896887 0 0.44226
    outer loop
      vertex -15.3295 5 8.10927
      vertex -15.5609 4.99 7.64
      vertex -15.3295 4.99 8.10927
    endloop
  endfacet
  facet normal -0.831462 0 0.555582
    outer loop
      vertex -15.8516 4.99 7.20495
      vertex -15.5609 5 7.64
      vertex -15.8516 5 7.20495
    endloop
  endfacet
  facet normal -0.831462 0 0.555582
    outer loop
      vertex -15.5609 5 7.64
      vertex -15.8516 4.99 7.20495
      vertex -15.5609 4.99 7.64
    endloop
  endfacet
  facet normal -0.442268 0 0.896883
    outer loop
      vertex -17.4943 5 5.94448
      vertex -17.025 4.99 6.1759
      vertex -17.025 5 6.1759
    endloop
  endfacet
  facet normal -0.442268 0 0.896883
    outer loop
      vertex -17.025 4.99 6.1759
      vertex -17.4943 5 5.94448
      vertex -17.4943 4.99 5.94448
    endloop
  endfacet
  facet normal -0.555613 0 0.831441
    outer loop
      vertex -17.025 5 6.1759
      vertex -16.59 4.99 6.46659
      vertex -16.59 5 6.46659
    endloop
  endfacet
  facet normal -0.555613 0 0.831441
    outer loop
      vertex -16.59 4.99 6.46659
      vertex -17.025 5 6.1759
      vertex -17.025 4.99 6.1759
    endloop
  endfacet
  facet normal 0.0654027 0 0.997859
    outer loop
      vertex -19.5471 5 5.67422
      vertex -19.025 4.99 5.64
      vertex -19.025 5 5.64
    endloop
  endfacet
  facet normal 0.0654027 0 0.997859
    outer loop
      vertex -19.025 4.99 5.64
      vertex -19.5471 5 5.67422
      vertex -19.5471 4.99 5.67422
    endloop
  endfacet
  facet normal -0.94691 0 -0.321498
    outer loop
      vertex -15.1613 4.99 10.6753
      vertex -15.3295 5 11.1707
      vertex -15.1613 5 10.6753
    endloop
  endfacet
  facet normal -0.94691 -0 -0.321498
    outer loop
      vertex -15.3295 5 11.1707
      vertex -15.1613 4.99 10.6753
      vertex -15.3295 4.99 11.1707
    endloop
  endfacet
  facet normal -0.321498 0 -0.94691
    outer loop
      vertex -17.9897 4.99 13.5037
      vertex -17.4943 5 13.3355
      vertex -17.4943 4.99 13.3355
    endloop
  endfacet
  facet normal -0.321498 0 -0.94691
    outer loop
      vertex -17.4943 5 13.3355
      vertex -17.9897 4.99 13.5037
      vertex -17.9897 5 13.5037
    endloop
  endfacet
  facet normal -0.751842 0 -0.659343
    outer loop
      vertex -15.8516 4.99 12.075
      vertex -16.1966 5 12.4684
      vertex -15.8516 5 12.075
    endloop
  endfacet
  facet normal -0.751842 -0 -0.659343
    outer loop
      vertex -16.1966 5 12.4684
      vertex -15.8516 4.99 12.075
      vertex -16.1966 4.99 12.4684
    endloop
  endfacet
  facet normal -0.555626 0 -0.831432
    outer loop
      vertex -17.025 4.99 13.1041
      vertex -16.59 5 12.8134
      vertex -16.59 4.99 12.8134
    endloop
  endfacet
  facet normal -0.555626 0 -0.831432
    outer loop
      vertex -16.59 5 12.8134
      vertex -17.025 4.99 13.1041
      vertex -17.025 5 13.1041
    endloop
  endfacet
  facet normal -0.94692 0 0.321469
    outer loop
      vertex -15.3295 4.99 8.10927
      vertex -15.1613 5 8.60472
      vertex -15.3295 5 8.10927
    endloop
  endfacet
  facet normal -0.94692 0 0.321469
    outer loop
      vertex -15.1613 5 8.60472
      vertex -15.3295 4.99 8.10927
      vertex -15.1613 4.99 8.60472
    endloop
  endfacet
  facet normal -0.980777 0 0.195131
    outer loop
      vertex -15.1613 4.99 8.60472
      vertex -15.0592 5 9.1179
      vertex -15.1613 5 8.60472
    endloop
  endfacet
  facet normal -0.980777 0 0.195131
    outer loop
      vertex -15.0592 5 9.1179
      vertex -15.1613 4.99 8.60472
      vertex -15.0592 4.99 9.1179
    endloop
  endfacet
  facet normal -0.195087 0 0.980786
    outer loop
      vertex -18.5029 5 5.67422
      vertex -17.9897 4.99 5.7763
      vertex -17.9897 5 5.7763
    endloop
  endfacet
  facet normal -0.195087 0 0.980786
    outer loop
      vertex -17.9897 4.99 5.7763
      vertex -18.5029 5 5.67422
      vertex -18.5029 4.99 5.67422
    endloop
  endfacet
  facet normal 0.195101 0 0.980783
    outer loop
      vertex -19.9 5 5.74442
      vertex -19.5471 4.99 5.67422
      vertex -19.5471 5 5.67422
    endloop
  endfacet
  facet normal 0.195101 0 0.980783
    outer loop
      vertex -19.5471 4.99 5.67422
      vertex -19.9 5 5.74442
      vertex -19.9 4.99 5.74442
    endloop
  endfacet
  facet normal -0.0653646 0 -0.997861
    outer loop
      vertex -19.025 4.99 13.64
      vertex -18.5029 5 13.6058
      vertex -18.5029 4.99 13.6058
    endloop
  endfacet
  facet normal -0.0653646 0 -0.997861
    outer loop
      vertex -18.5029 5 13.6058
      vertex -19.025 4.99 13.64
      vertex -19.025 5 13.64
    endloop
  endfacet
  facet normal -0.659343 0 -0.751842
    outer loop
      vertex -16.59 4.99 12.8134
      vertex -16.1966 5 12.4684
      vertex -16.1966 4.99 12.4684
    endloop
  endfacet
  facet normal -0.659343 0 -0.751842
    outer loop
      vertex -16.1966 5 12.4684
      vertex -16.59 4.99 12.8134
      vertex -16.59 5 12.8134
    endloop
  endfacet
  facet normal -0.831432 0 -0.555626
    outer loop
      vertex -15.5609 4.99 11.64
      vertex -15.8516 5 12.075
      vertex -15.5609 5 11.64
    endloop
  endfacet
  facet normal -0.831432 -0 -0.555626
    outer loop
      vertex -15.8516 5 12.075
      vertex -15.5609 4.99 11.64
      vertex -15.8516 4.99 12.075
    endloop
  endfacet
  facet normal 0.0653646 0 -0.997861
    outer loop
      vertex -19.5471 4.99 13.6058
      vertex -19.025 5 13.64
      vertex -19.025 4.99 13.64
    endloop
  endfacet
  facet normal 0.0653646 0 -0.997861
    outer loop
      vertex -19.025 5 13.64
      vertex -19.5471 4.99 13.6058
      vertex -19.5471 5 13.6058
    endloop
  endfacet
  facet normal -0.751826 0 0.659362
    outer loop
      vertex -16.1966 4.99 6.81157
      vertex -15.8516 5 7.20495
      vertex -16.1966 5 6.81157
    endloop
  endfacet
  facet normal -0.751826 0 0.659362
    outer loop
      vertex -15.8516 5 7.20495
      vertex -16.1966 4.99 6.81157
      vertex -15.8516 4.99 7.20495
    endloop
  endfacet
  facet normal -0.321464 0 0.946922
    outer loop
      vertex -17.9897 5 5.7763
      vertex -17.4943 4.99 5.94448
      vertex -17.4943 5 5.94448
    endloop
  endfacet
  facet normal -0.321464 0 0.946922
    outer loop
      vertex -17.4943 4.99 5.94448
      vertex -17.9897 5 5.7763
      vertex -17.9897 4.99 5.7763
    endloop
  endfacet
  facet normal -0.195124 0 -0.980779
    outer loop
      vertex -18.5029 4.99 13.6058
      vertex -17.9897 5 13.5037
      vertex -17.9897 4.99 13.5037
    endloop
  endfacet
  facet normal -0.195124 0 -0.980779
    outer loop
      vertex -17.9897 5 13.5037
      vertex -18.5029 4.99 13.6058
      vertex -18.5029 5 13.6058
    endloop
  endfacet
  facet normal -0.442238 0 -0.896898
    outer loop
      vertex -17.4943 4.99 13.3355
      vertex -17.025 5 13.1041
      vertex -17.025 4.99 13.1041
    endloop
  endfacet
  facet normal -0.442238 0 -0.896898
    outer loop
      vertex -17.025 5 13.1041
      vertex -17.4943 4.99 13.3355
      vertex -17.4943 5 13.3355
    endloop
  endfacet
  facet normal -0.980779 0 -0.195124
    outer loop
      vertex -15.0592 4.99 10.1621
      vertex -15.1613 5 10.6753
      vertex -15.0592 5 10.1621
    endloop
  endfacet
  facet normal -0.980779 -0 -0.195124
    outer loop
      vertex -15.1613 5 10.6753
      vertex -15.0592 4.99 10.1621
      vertex -15.1613 4.99 10.6753
    endloop
  endfacet
  facet normal -0.896898 0 -0.442238
    outer loop
      vertex -15.3295 4.99 11.1707
      vertex -15.5609 5 11.64
      vertex -15.3295 5 11.1707
    endloop
  endfacet
  facet normal -0.896898 -0 -0.442238
    outer loop
      vertex -15.5609 5 11.64
      vertex -15.3295 4.99 11.1707
      vertex -15.5609 4.99 11.64
    endloop
  endfacet
  facet normal 0.195101 0 -0.980783
    outer loop
      vertex -19.9 4.99 13.5356
      vertex -19.5471 5 13.6058
      vertex -19.5471 4.99 13.6058
    endloop
  endfacet
  facet normal 0.195101 0 -0.980783
    outer loop
      vertex -19.5471 5 13.6058
      vertex -19.9 4.99 13.5356
      vertex -19.9 5 13.5356
    endloop
  endfacet
  facet normal -0.997861 0 -0.0653646
    outer loop
      vertex -15.025 4.99 9.64
      vertex -15.0592 5 10.1621
      vertex -15.025 5 9.64
    endloop
  endfacet
  facet normal -0.997861 -0 -0.0653646
    outer loop
      vertex -15.0592 5 10.1621
      vertex -15.025 4.99 9.64
      vertex -15.0592 4.99 10.1621
    endloop
  endfacet
  facet normal -0.997848 0 0.0655719
    outer loop
      vertex -16.7943 0 39.5163
      vertex -16.775 3.25 39.81
      vertex -16.7943 3.25 39.5163
    endloop
  endfacet
  facet normal -0.997848 0 0.0655719
    outer loop
      vertex -16.775 3.25 39.81
      vertex -16.7943 0 39.5163
      vertex -16.775 0 39.81
    endloop
  endfacet
  facet normal -0.0655719 0 0.997848
    outer loop
      vertex -19.025 3.25 37.56
      vertex -18.7313 0 37.5793
      vertex -18.7313 3.25 37.5793
    endloop
  endfacet
  facet normal -0.0655719 0 0.997848
    outer loop
      vertex -18.7313 0 37.5793
      vertex -19.025 3.25 37.56
      vertex -19.025 0 37.56
    endloop
  endfacet
  facet normal -0.751966 0 0.659202
    outer loop
      vertex -17.434 0 38.219
      vertex -17.24 3.25 38.4403
      vertex -17.434 3.25 38.219
    endloop
  endfacet
  facet normal -0.751966 0 0.659202
    outer loop
      vertex -17.24 3.25 38.4403
      vertex -17.434 0 38.219
      vertex -17.24 0 38.4403
    endloop
  endfacet
  facet normal 0.321421 0 0.946936
    outer loop
      vertex -19.886 3.25 37.7313
      vertex -19.6073 0 37.6367
      vertex -19.6073 3.25 37.6367
    endloop
  endfacet
  facet normal 0.321421 0 0.946936
    outer loop
      vertex -19.6073 0 37.6367
      vertex -19.886 3.25 37.7313
      vertex -19.886 0 37.7313
    endloop
  endfacet
  facet normal -0.896995 0 0.442042
    outer loop
      vertex -17.0764 0 38.685
      vertex -16.9463 3.25 38.949
      vertex -17.0764 3.25 38.685
    endloop
  endfacet
  facet normal -0.896995 0 0.442042
    outer loop
      vertex -16.9463 3.25 38.949
      vertex -17.0764 0 38.685
      vertex -16.9463 0 38.949
    endloop
  endfacet
  facet normal -0.831318 0 0.555797
    outer loop
      vertex -17.24 0 38.4403
      vertex -17.0764 3.25 38.685
      vertex -17.24 3.25 38.4403
    endloop
  endfacet
  facet normal -0.831318 0 0.555797
    outer loop
      vertex -17.0764 3.25 38.685
      vertex -17.24 0 38.4403
      vertex -17.0764 0 38.685
    endloop
  endfacet
  facet normal -0.442042 0 0.896995
    outer loop
      vertex -18.164 3.25 37.7313
      vertex -17.9 0 37.8614
      vertex -17.9 3.25 37.8614
    endloop
  endfacet
  facet normal -0.442042 0 0.896995
    outer loop
      vertex -17.9 0 37.8614
      vertex -18.164 3.25 37.7313
      vertex -18.164 0 37.7313
    endloop
  endfacet
  facet normal -0.321421 0 0.946936
    outer loop
      vertex -18.4427 3.25 37.6367
      vertex -18.164 0 37.7313
      vertex -18.164 3.25 37.7313
    endloop
  endfacet
  facet normal -0.321421 0 0.946936
    outer loop
      vertex -18.164 0 37.7313
      vertex -18.4427 3.25 37.6367
      vertex -18.4427 0 37.6367
    endloop
  endfacet
  facet normal -0.555797 0 0.831318
    outer loop
      vertex -17.9 3.25 37.8614
      vertex -17.6553 0 38.025
      vertex -17.6553 3.25 38.025
    endloop
  endfacet
  facet normal -0.555797 0 0.831318
    outer loop
      vertex -17.6553 0 38.025
      vertex -17.9 3.25 37.8614
      vertex -17.9 0 37.8614
    endloop
  endfacet
  facet normal 0.442081 0 0.896975
    outer loop
      vertex -19.9 3.25 37.7382
      vertex -19.886 0 37.7313
      vertex -19.886 3.25 37.7313
    endloop
  endfacet
  facet normal 0.442081 0 0.896975
    outer loop
      vertex -19.886 0 37.7313
      vertex -19.9 3.25 37.7382
      vertex -19.9 0 37.7382
    endloop
  endfacet
  facet normal 0.19507 0 0.980789
    outer loop
      vertex -19.6073 3.25 37.6367
      vertex -19.3187 0 37.5793
      vertex -19.3187 3.25 37.5793
    endloop
  endfacet
  facet normal 0.19507 0 0.980789
    outer loop
      vertex -19.3187 0 37.5793
      vertex -19.6073 3.25 37.6367
      vertex -19.6073 0 37.6367
    endloop
  endfacet
  facet normal -0.442042 0 -0.896995
    outer loop
      vertex -18.164 0 41.8887
      vertex -17.9 3.25 41.7586
      vertex -17.9 0 41.7586
    endloop
  endfacet
  facet normal -0.442042 0 -0.896995
    outer loop
      vertex -17.9 3.25 41.7586
      vertex -18.164 0 41.8887
      vertex -18.164 3.25 41.8887
    endloop
  endfacet
  facet normal -0.946936 0 -0.321421
    outer loop
      vertex -16.8517 0 40.3923
      vertex -16.9463 3.25 40.671
      vertex -16.8517 3.25 40.3923
    endloop
  endfacet
  facet normal -0.946936 -0 -0.321421
    outer loop
      vertex -16.9463 3.25 40.671
      vertex -16.8517 0 40.3923
      vertex -16.9463 0 40.671
    endloop
  endfacet
  facet normal 0.321421 0 -0.946936
    outer loop
      vertex -19.886 0 41.8887
      vertex -19.6073 3.25 41.9833
      vertex -19.6073 0 41.9833
    endloop
  endfacet
  facet normal 0.321421 0 -0.946936
    outer loop
      vertex -19.6073 3.25 41.9833
      vertex -19.886 0 41.8887
      vertex -19.886 3.25 41.8887
    endloop
  endfacet
  facet normal -0.946936 0 0.321421
    outer loop
      vertex -16.9463 0 38.949
      vertex -16.8517 3.25 39.2277
      vertex -16.9463 3.25 38.949
    endloop
  endfacet
  facet normal -0.946936 0 0.321421
    outer loop
      vertex -16.8517 3.25 39.2277
      vertex -16.9463 0 38.949
      vertex -16.8517 0 39.2277
    endloop
  endfacet
  facet normal -0.980789 0 0.19507
    outer loop
      vertex -16.8517 0 39.2277
      vertex -16.7943 3.25 39.5163
      vertex -16.8517 3.25 39.2277
    endloop
  endfacet
  facet normal -0.980789 0 0.19507
    outer loop
      vertex -16.7943 3.25 39.5163
      vertex -16.8517 0 39.2277
      vertex -16.7943 0 39.5163
    endloop
  endfacet
  facet normal -0.19507 0 0.980789
    outer loop
      vertex -18.7313 3.25 37.5793
      vertex -18.4427 0 37.6367
      vertex -18.4427 3.25 37.6367
    endloop
  endfacet
  facet normal -0.19507 0 0.980789
    outer loop
      vertex -18.4427 0 37.6367
      vertex -18.7313 3.25 37.5793
      vertex -18.7313 0 37.5793
    endloop
  endfacet
  facet normal -0.659202 0 0.751966
    outer loop
      vertex -17.6553 3.25 38.025
      vertex -17.434 0 38.219
      vertex -17.434 3.25 38.219
    endloop
  endfacet
  facet normal -0.659202 0 0.751966
    outer loop
      vertex -17.434 0 38.219
      vertex -17.6553 3.25 38.025
      vertex -17.6553 0 38.025
    endloop
  endfacet
  facet normal 0.0655719 0 0.997848
    outer loop
      vertex -19.3187 3.25 37.5793
      vertex -19.025 0 37.56
      vertex -19.025 3.25 37.56
    endloop
  endfacet
  facet normal 0.0655719 0 0.997848
    outer loop
      vertex -19.025 0 37.56
      vertex -19.3187 3.25 37.5793
      vertex -19.3187 0 37.5793
    endloop
  endfacet
  facet normal -0.997848 0 -0.0655719
    outer loop
      vertex -16.775 0 39.81
      vertex -16.7943 3.25 40.1037
      vertex -16.775 3.25 39.81
    endloop
  endfacet
  facet normal -0.997848 -0 -0.0655719
    outer loop
      vertex -16.7943 3.25 40.1037
      vertex -16.775 0 39.81
      vertex -16.7943 0 40.1037
    endloop
  endfacet
  facet normal -0.0655719 0 -0.997848
    outer loop
      vertex -19.025 0 42.06
      vertex -18.7313 3.25 42.0407
      vertex -18.7313 0 42.0407
    endloop
  endfacet
  facet normal -0.0655719 0 -0.997848
    outer loop
      vertex -18.7313 3.25 42.0407
      vertex -19.025 0 42.06
      vertex -19.025 3.25 42.06
    endloop
  endfacet
  facet normal -0.321421 0 -0.946936
    outer loop
      vertex -18.4427 0 41.9833
      vertex -18.164 3.25 41.8887
      vertex -18.164 0 41.8887
    endloop
  endfacet
  facet normal -0.321421 0 -0.946936
    outer loop
      vertex -18.164 3.25 41.8887
      vertex -18.4427 0 41.9833
      vertex -18.4427 3.25 41.9833
    endloop
  endfacet
  facet normal -0.555797 0 -0.831318
    outer loop
      vertex -17.9 0 41.7586
      vertex -17.6553 3.25 41.595
      vertex -17.6553 0 41.595
    endloop
  endfacet
  facet normal -0.555797 0 -0.831318
    outer loop
      vertex -17.6553 3.25 41.595
      vertex -17.9 0 41.7586
      vertex -17.9 3.25 41.7586
    endloop
  endfacet
  facet normal -0.751966 0 -0.659202
    outer loop
      vertex -17.24 0 41.1797
      vertex -17.434 3.25 41.401
      vertex -17.24 3.25 41.1797
    endloop
  endfacet
  facet normal -0.751966 -0 -0.659202
    outer loop
      vertex -17.434 3.25 41.401
      vertex -17.24 0 41.1797
      vertex -17.434 0 41.401
    endloop
  endfacet
  facet normal -0.896995 0 -0.442042
    outer loop
      vertex -16.9463 0 40.671
      vertex -17.0764 3.25 40.935
      vertex -16.9463 3.25 40.671
    endloop
  endfacet
  facet normal -0.896995 -0 -0.442042
    outer loop
      vertex -17.0764 3.25 40.935
      vertex -16.9463 0 40.671
      vertex -17.0764 0 40.935
    endloop
  endfacet
  facet normal 0.442081 0 -0.896975
    outer loop
      vertex -19.9 0 41.8818
      vertex -19.886 3.25 41.8887
      vertex -19.886 0 41.8887
    endloop
  endfacet
  facet normal 0.442081 0 -0.896975
    outer loop
      vertex -19.886 3.25 41.8887
      vertex -19.9 0 41.8818
      vertex -19.9 3.25 41.8818
    endloop
  endfacet
  facet normal 0.19507 0 -0.980789
    outer loop
      vertex -19.6073 0 41.9833
      vertex -19.3187 3.25 42.0407
      vertex -19.3187 0 42.0407
    endloop
  endfacet
  facet normal 0.19507 0 -0.980789
    outer loop
      vertex -19.3187 3.25 42.0407
      vertex -19.6073 0 41.9833
      vertex -19.6073 3.25 41.9833
    endloop
  endfacet
  facet normal -0.19507 0 -0.980789
    outer loop
      vertex -18.7313 0 42.0407
      vertex -18.4427 3.25 41.9833
      vertex -18.4427 0 41.9833
    endloop
  endfacet
  facet normal -0.19507 0 -0.980789
    outer loop
      vertex -18.4427 3.25 41.9833
      vertex -18.7313 0 42.0407
      vertex -18.7313 3.25 42.0407
    endloop
  endfacet
  facet normal -0.659202 0 -0.751966
    outer loop
      vertex -17.6553 0 41.595
      vertex -17.434 3.25 41.401
      vertex -17.434 0 41.401
    endloop
  endfacet
  facet normal -0.659202 0 -0.751966
    outer loop
      vertex -17.434 3.25 41.401
      vertex -17.6553 0 41.595
      vertex -17.6553 3.25 41.595
    endloop
  endfacet
  facet normal -0.831318 0 -0.555797
    outer loop
      vertex -17.0764 0 40.935
      vertex -17.24 3.25 41.1797
      vertex -17.0764 3.25 40.935
    endloop
  endfacet
  facet normal -0.831318 -0 -0.555797
    outer loop
      vertex -17.24 3.25 41.1797
      vertex -17.0764 0 40.935
      vertex -17.24 0 41.1797
    endloop
  endfacet
  facet normal -0.980789 0 -0.19507
    outer loop
      vertex -16.7943 0 40.1037
      vertex -16.8517 3.25 40.3923
      vertex -16.7943 3.25 40.1037
    endloop
  endfacet
  facet normal -0.980789 -0 -0.19507
    outer loop
      vertex -16.8517 3.25 40.3923
      vertex -16.7943 0 40.1037
      vertex -16.8517 0 40.3923
    endloop
  endfacet
  facet normal 0.0655719 0 -0.997848
    outer loop
      vertex -19.3187 0 42.0407
      vertex -19.025 3.25 42.06
      vertex -19.025 0 42.06
    endloop
  endfacet
  facet normal 0.0655719 0 -0.997848
    outer loop
      vertex -19.025 3.25 42.06
      vertex -19.3187 0 42.0407
      vertex -19.3187 3.25 42.0407
    endloop
  endfacet
  facet normal -0.533746 0.704334 -0.468005
    outer loop
      vertex -16.2106 4.99 42.6244
      vertex -15.8696 4.99 42.2355
      vertex -17.434 3.25 41.401
    endloop
  endfacet
  facet normal -0.708358 0.704328 0.0463822
    outer loop
      vertex -15.0449 4.99 39.81
      vertex -15.0787 4.99 39.2938
      vertex -16.775 3.25 39.81
    endloop
  endfacet
  facet normal -0.708674 0.704228 0.0429499
    outer loop
      vertex -16.7943 3.25 39.5163
      vertex -15.0787 4.99 39.2938
      vertex -15.0789 4.99 39.2905
    endloop
  endfacet
  facet normal -0.708328 0.704347 0.0465466
    outer loop
      vertex -15.0787 4.99 39.2938
      vertex -16.7943 3.25 39.5163
      vertex -16.775 3.25 39.81
    endloop
  endfacet
  facet normal -0.708328 0.704347 -0.0465466
    outer loop
      vertex -16.7943 3.25 40.1037
      vertex -15.0787 4.99 40.3262
      vertex -16.775 3.25 39.81
    endloop
  endfacet
  facet normal -0.708674 0.704228 -0.0429499
    outer loop
      vertex -15.0787 4.99 40.3262
      vertex -16.7943 3.25 40.1037
      vertex -15.0789 4.99 40.3295
    endloop
  endfacet
  facet normal 0.138474 0.704337 0.696228
    outer loop
      vertex -19.3187 3.25 37.5793
      vertex -19.5478 4.99 35.8646
      vertex -19.6073 3.25 37.6367
    endloop
  endfacet
  facet normal 0.147365 0.704022 0.69472
    outer loop
      vertex -19.5478 4.99 35.8646
      vertex -19.3187 3.25 37.5793
      vertex -19.5445 4.99 35.8639
    endloop
  endfacet
  facet normal -0.0463822 0.704328 -0.708358
    outer loop
      vertex -19.025 4.99 43.7901
      vertex -18.5088 4.99 43.7563
      vertex -19.025 3.25 42.06
    endloop
  endfacet
  facet normal -0.672187 0.704328 -0.228225
    outer loop
      vertex -15.3479 4.99 41.3331
      vertex -15.1816 4.99 40.8433
      vertex -16.9463 3.25 40.671
    endloop
  endfacet
  facet normal -0.708358 0.704328 -0.0463822
    outer loop
      vertex -15.0787 4.99 40.3262
      vertex -15.0449 4.99 39.81
      vertex -16.775 3.25 39.81
    endloop
  endfacet
  facet normal -0.671397 0.704245 -0.230793
    outer loop
      vertex -16.8517 3.25 40.3923
      vertex -15.1816 4.99 40.8433
      vertex -15.1805 4.99 40.8401
    endloop
  endfacet
  facet normal -0.672199 0.704335 -0.228167
    outer loop
      vertex -15.1816 4.99 40.8433
      vertex -16.8517 3.25 40.3923
      vertex -16.9463 3.25 40.671
    endloop
  endfacet
  facet normal -0.642901 0.704745 -0.300021
    outer loop
      vertex -16.9463 3.25 40.671
      vertex -15.3493 4.99 41.3361
      vertex -15.3479 4.99 41.3331
    endloop
  endfacet
  facet normal -0.636736 0.704348 -0.313785
    outer loop
      vertex -15.3493 4.99 41.3361
      vertex -16.9463 3.25 40.671
      vertex -17.0764 3.25 40.935
    endloop
  endfacet
  facet normal -0.313948 0.704328 -0.636678
    outer loop
      vertex -17.4989 4.99 43.4857
      vertex -17.0349 4.99 43.2569
      vertex -17.9 3.25 41.7586
    endloop
  endfacet
  facet normal -0.590228 0.70433 0.3944
    outer loop
      vertex -15.5781 4.99 37.8199
      vertex -15.8655 4.99 37.3898
      vertex -17.0764 3.25 38.685
    endloop
  endfacet
  facet normal -0.69472 0.704022 -0.147365
    outer loop
      vertex -16.7943 3.25 40.1037
      vertex -15.0796 4.99 40.3328
      vertex -15.0789 4.99 40.3295
    endloop
  endfacet
  facet normal -0.696228 0.704337 -0.138474
    outer loop
      vertex -15.0796 4.99 40.3328
      vertex -16.7943 3.25 40.1037
      vertex -16.8517 3.25 40.3923
    endloop
  endfacet
  facet normal -0.696228 0.704337 -0.138477
    outer loop
      vertex -15.1805 4.99 40.8401
      vertex -15.0796 4.99 40.3328
      vertex -16.8517 3.25 40.3923
    endloop
  endfacet
  facet normal -0.590228 0.70433 -0.3944
    outer loop
      vertex -15.8655 4.99 42.2302
      vertex -15.5781 4.99 41.8001
      vertex -17.0764 3.25 40.935
    endloop
  endfacet
  facet normal -0.636678 0.704328 -0.313948
    outer loop
      vertex -15.5781 4.99 41.8001
      vertex -15.3493 4.99 41.3361
      vertex -17.0764 3.25 40.935
    endloop
  endfacet
  facet normal -0.580169 0.704785 -0.408267
    outer loop
      vertex -15.8655 4.99 42.2302
      vertex -17.24 3.25 41.1797
      vertex -15.8674 4.99 42.2329
    endloop
  endfacet
  facet normal -0.590113 0.70435 -0.394534
    outer loop
      vertex -17.24 3.25 41.1797
      vertex -15.8655 4.99 42.2302
      vertex -17.0764 3.25 40.935
    endloop
  endfacet
  facet normal -0.54164 0.704683 -0.458311
    outer loop
      vertex -17.24 3.25 41.1797
      vertex -15.8696 4.99 42.2355
      vertex -15.8674 4.99 42.2329
    endloop
  endfacet
  facet normal -0.53379 0.704343 -0.467941
    outer loop
      vertex -15.8696 4.99 42.2355
      vertex -17.24 3.25 41.1797
      vertex -17.434 3.25 41.401
    endloop
  endfacet
  facet normal -0.458311 0.704683 -0.54164
    outer loop
      vertex -16.5995 4.99 42.9654
      vertex -17.6553 3.25 41.595
      vertex -16.6021 4.99 42.9676
    endloop
  endfacet
  facet normal -0.467941 0.704343 -0.53379
    outer loop
      vertex -17.6553 3.25 41.595
      vertex -16.5995 4.99 42.9654
      vertex -17.434 3.25 41.401
    endloop
  endfacet
  facet normal -0.468005 0.704334 -0.533746
    outer loop
      vertex -16.5995 4.99 42.9654
      vertex -16.2106 4.99 42.6244
      vertex -17.434 3.25 41.401
    endloop
  endfacet
  facet normal -0.228225 0.704328 -0.672187
    outer loop
      vertex -17.9917 4.99 43.6534
      vertex -17.5019 4.99 43.4871
      vertex -18.164 3.25 41.8887
    endloop
  endfacet
  facet normal -0.313785 0.704348 0.636736
    outer loop
      vertex -17.4989 4.99 36.1343
      vertex -18.164 3.25 37.7313
      vertex -17.9 3.25 37.8614
    endloop
  endfacet
  facet normal -0.300021 0.704745 0.642901
    outer loop
      vertex -18.164 3.25 37.7313
      vertex -17.4989 4.99 36.1343
      vertex -17.5019 4.99 36.1329
    endloop
  endfacet
  facet normal 0.228114 0.704502 0.672043
    outer loop
      vertex -19.6073 3.25 37.6367
      vertex -19.9 3.39104 37.5882
      vertex -19.886 3.25 37.7313
    endloop
  endfacet
  facet normal 0.227999 0.704337 0.672255
    outer loop
      vertex -19.9 3.39104 37.5882
      vertex -19.6073 3.25 37.6367
      vertex -19.9 4.3872 36.5445
    endloop
  endfacet
  facet normal -0.3944 0.70433 -0.590228
    outer loop
      vertex -17.0349 4.99 43.2569
      vertex -16.6048 4.99 42.9695
      vertex -17.9 3.25 41.7586
    endloop
  endfacet
  facet normal -0.408267 0.704785 -0.580169
    outer loop
      vertex -17.6553 3.25 41.595
      vertex -16.6048 4.99 42.9695
      vertex -16.6021 4.99 42.9676
    endloop
  endfacet
  facet normal -0.394534 0.70435 -0.590113
    outer loop
      vertex -16.6048 4.99 42.9695
      vertex -17.6553 3.25 41.595
      vertex -17.9 3.25 41.7586
    endloop
  endfacet
  facet normal -0.300021 0.704745 -0.642901
    outer loop
      vertex -17.4989 4.99 43.4857
      vertex -18.164 3.25 41.8887
      vertex -17.5019 4.99 43.4871
    endloop
  endfacet
  facet normal -0.313785 0.704348 -0.636736
    outer loop
      vertex -18.164 3.25 41.8887
      vertex -17.4989 4.99 43.4857
      vertex -17.9 3.25 41.7586
    endloop
  endfacet
  facet normal -0.138477 0.704337 -0.696228
    outer loop
      vertex -17.9949 4.99 43.6545
      vertex -18.4427 3.25 41.9833
      vertex -18.5022 4.99 43.7554
    endloop
  endfacet
  facet normal -0.230793 0.704245 -0.671397
    outer loop
      vertex -17.9917 4.99 43.6534
      vertex -18.4427 3.25 41.9833
      vertex -17.9949 4.99 43.6545
    endloop
  endfacet
  facet normal -0.228167 0.704335 -0.672199
    outer loop
      vertex -18.4427 3.25 41.9833
      vertex -17.9917 4.99 43.6534
      vertex -18.164 3.25 41.8887
    endloop
  endfacet
  facet normal -0.147365 0.704022 -0.69472
    outer loop
      vertex -18.5022 4.99 43.7554
      vertex -18.7313 3.25 42.0407
      vertex -18.5055 4.99 43.7561
    endloop
  endfacet
  facet normal -0.138474 0.704337 -0.696228
    outer loop
      vertex -18.7313 3.25 42.0407
      vertex -18.5022 4.99 43.7554
      vertex -18.4427 3.25 41.9833
    endloop
  endfacet
  facet normal -0.0429499 0.704228 -0.708674
    outer loop
      vertex -18.7313 3.25 42.0407
      vertex -18.5088 4.99 43.7563
      vertex -18.5055 4.99 43.7561
    endloop
  endfacet
  facet normal -0.0465466 0.704347 -0.708328
    outer loop
      vertex -18.5088 4.99 43.7563
      vertex -18.7313 3.25 42.0407
      vertex -19.025 3.25 42.06
    endloop
  endfacet
  facet normal 0.0465466 0.704347 -0.708328
    outer loop
      vertex -19.3187 3.25 42.0407
      vertex -19.5412 4.99 43.7563
      vertex -19.025 3.25 42.06
    endloop
  endfacet
  facet normal 0.0429499 0.704228 -0.708674
    outer loop
      vertex -19.5412 4.99 43.7563
      vertex -19.3187 3.25 42.0407
      vertex -19.5445 4.99 43.7561
    endloop
  endfacet
  facet normal 0.0463822 0.704328 -0.708358
    outer loop
      vertex -19.025 4.99 43.7901
      vertex -19.025 3.25 42.06
      vertex -19.5412 4.99 43.7563
    endloop
  endfacet
  facet normal 0.228719 0.70443 -0.671913
    outer loop
      vertex -19.9 3.39104 42.0318
      vertex -19.886 3.25 41.8887
      vertex -19.9 3.28669 41.9224
    endloop
  endfacet
  facet normal 0.313763 0.704463 -0.63662
    outer loop
      vertex -19.9 3.28669 41.9224
      vertex -19.886 3.25 41.8887
      vertex -19.9 3.25 41.8818
    endloop
  endfacet
  facet normal -0.408267 0.704785 0.580169
    outer loop
      vertex -16.6048 4.99 36.6505
      vertex -17.6553 3.25 38.025
      vertex -16.6021 4.99 36.6524
    endloop
  endfacet
  facet normal -0.394534 0.70435 0.590113
    outer loop
      vertex -17.6553 3.25 38.025
      vertex -16.6048 4.99 36.6505
      vertex -17.9 3.25 37.8614
    endloop
  endfacet
  facet normal -0.138477 0.704337 0.696228
    outer loop
      vertex -18.4427 3.25 37.6367
      vertex -17.9949 4.99 35.9655
      vertex -18.5022 4.99 35.8646
    endloop
  endfacet
  facet normal -0.636678 0.704328 0.313948
    outer loop
      vertex -15.3493 4.99 38.2839
      vertex -15.5781 4.99 37.8199
      vertex -17.0764 3.25 38.685
    endloop
  endfacet
  facet normal 0.138535 0.70433 0.696223
    outer loop
      vertex -19.5478 4.99 35.8646
      vertex -19.9 4.3872 36.5445
      vertex -19.6073 3.25 37.6367
    endloop
  endfacet
  facet normal 0.138369 0.704393 0.696193
    outer loop
      vertex -19.9 4.3872 36.5445
      vertex -19.5478 4.99 35.8646
      vertex -19.9 4.99 35.9346
    endloop
  endfacet
  facet normal 0.227999 0.704337 -0.672255
    outer loop
      vertex -19.6073 3.25 41.9833
      vertex -19.9 3.39104 42.0318
      vertex -19.9 4.3872 43.0755
    endloop
  endfacet
  facet normal 0.228114 0.704502 -0.672043
    outer loop
      vertex -19.9 3.39104 42.0318
      vertex -19.6073 3.25 41.9833
      vertex -19.886 3.25 41.8887
    endloop
  endfacet
  facet normal 0.138369 0.704393 -0.696193
    outer loop
      vertex -19.5478 4.99 43.7554
      vertex -19.9 4.3872 43.0755
      vertex -19.9 4.99 43.6854
    endloop
  endfacet
  facet normal 0.138535 0.70433 -0.696223
    outer loop
      vertex -19.9 4.3872 43.0755
      vertex -19.5478 4.99 43.7554
      vertex -19.6073 3.25 41.9833
    endloop
  endfacet
  facet normal 0.147365 0.704022 -0.69472
    outer loop
      vertex -19.3187 3.25 42.0407
      vertex -19.5478 4.99 43.7554
      vertex -19.5445 4.99 43.7561
    endloop
  endfacet
  facet normal 0.138474 0.704337 -0.696228
    outer loop
      vertex -19.5478 4.99 43.7554
      vertex -19.3187 3.25 42.0407
      vertex -19.6073 3.25 41.9833
    endloop
  endfacet
  facet normal -0.313948 0.704328 0.636678
    outer loop
      vertex -17.0349 4.99 36.3631
      vertex -17.4989 4.99 36.1343
      vertex -17.9 3.25 37.8614
    endloop
  endfacet
  facet normal -0.3944 0.70433 0.590228
    outer loop
      vertex -16.6048 4.99 36.6505
      vertex -17.0349 4.99 36.3631
      vertex -17.9 3.25 37.8614
    endloop
  endfacet
  facet normal -0.0463822 0.704328 0.708358
    outer loop
      vertex -18.5088 4.99 35.8637
      vertex -19.025 4.99 35.8299
      vertex -19.025 3.25 37.56
    endloop
  endfacet
  facet normal -0.467941 0.704343 0.53379
    outer loop
      vertex -16.5995 4.99 36.6546
      vertex -17.6553 3.25 38.025
      vertex -17.434 3.25 38.219
    endloop
  endfacet
  facet normal -0.458311 0.704683 0.54164
    outer loop
      vertex -17.6553 3.25 38.025
      vertex -16.5995 4.99 36.6546
      vertex -16.6021 4.99 36.6524
    endloop
  endfacet
  facet normal -0.642901 0.704745 0.300021
    outer loop
      vertex -15.3493 4.99 38.2839
      vertex -16.9463 3.25 38.949
      vertex -15.3479 4.99 38.2869
    endloop
  endfacet
  facet normal -0.636736 0.704348 0.313785
    outer loop
      vertex -16.9463 3.25 38.949
      vertex -15.3493 4.99 38.2839
      vertex -17.0764 3.25 38.685
    endloop
  endfacet
  facet normal 0.313763 0.704463 0.63662
    outer loop
      vertex -19.886 3.25 37.7313
      vertex -19.9 3.28669 37.6976
      vertex -19.9 3.25 37.7382
    endloop
  endfacet
  facet normal 0.228719 0.70443 0.671913
    outer loop
      vertex -19.886 3.25 37.7313
      vertex -19.9 3.39104 37.5882
      vertex -19.9 3.28669 37.6976
    endloop
  endfacet
  facet normal -0.228225 0.704328 0.672187
    outer loop
      vertex -17.5019 4.99 36.1329
      vertex -17.9917 4.99 35.9666
      vertex -18.164 3.25 37.7313
    endloop
  endfacet
  facet normal 0.0463822 0.704328 0.708358
    outer loop
      vertex -19.025 3.25 37.56
      vertex -19.025 4.99 35.8299
      vertex -19.5412 4.99 35.8637
    endloop
  endfacet
  facet normal -0.533746 0.704334 0.468005
    outer loop
      vertex -15.8696 4.99 37.3845
      vertex -16.2106 4.99 36.9956
      vertex -17.434 3.25 38.219
    endloop
  endfacet
  facet normal -0.672187 0.704328 0.228225
    outer loop
      vertex -15.1816 4.99 38.7767
      vertex -15.3479 4.99 38.2869
      vertex -16.9463 3.25 38.949
    endloop
  endfacet
  facet normal -0.228167 0.704335 0.672199
    outer loop
      vertex -17.9917 4.99 35.9666
      vertex -18.4427 3.25 37.6367
      vertex -18.164 3.25 37.7313
    endloop
  endfacet
  facet normal -0.230793 0.704245 0.671397
    outer loop
      vertex -18.4427 3.25 37.6367
      vertex -17.9917 4.99 35.9666
      vertex -17.9949 4.99 35.9655
    endloop
  endfacet
  facet normal 0.0465466 0.704347 0.708328
    outer loop
      vertex -19.5412 4.99 35.8637
      vertex -19.3187 3.25 37.5793
      vertex -19.025 3.25 37.56
    endloop
  endfacet
  facet normal 0.0429499 0.704228 0.708674
    outer loop
      vertex -19.3187 3.25 37.5793
      vertex -19.5412 4.99 35.8637
      vertex -19.5445 4.99 35.8639
    endloop
  endfacet
  facet normal -0.468005 0.704334 0.533746
    outer loop
      vertex -16.2106 4.99 36.9956
      vertex -16.5995 4.99 36.6546
      vertex -17.434 3.25 38.219
    endloop
  endfacet
  facet normal -0.54164 0.704683 0.458311
    outer loop
      vertex -15.8696 4.99 37.3845
      vertex -17.24 3.25 38.4403
      vertex -15.8674 4.99 37.3871
    endloop
  endfacet
  facet normal -0.53379 0.704343 0.467941
    outer loop
      vertex -17.24 3.25 38.4403
      vertex -15.8696 4.99 37.3845
      vertex -17.434 3.25 38.219
    endloop
  endfacet
  facet normal -0.590113 0.70435 0.394534
    outer loop
      vertex -15.8655 4.99 37.3898
      vertex -17.24 3.25 38.4403
      vertex -17.0764 3.25 38.685
    endloop
  endfacet
  facet normal -0.580169 0.704785 0.408267
    outer loop
      vertex -17.24 3.25 38.4403
      vertex -15.8655 4.99 37.3898
      vertex -15.8674 4.99 37.3871
    endloop
  endfacet
  facet normal -0.671397 0.704245 0.230793
    outer loop
      vertex -15.1816 4.99 38.7767
      vertex -16.8517 3.25 39.2277
      vertex -15.1805 4.99 38.7799
    endloop
  endfacet
  facet normal -0.672199 0.704335 0.228167
    outer loop
      vertex -16.8517 3.25 39.2277
      vertex -15.1816 4.99 38.7767
      vertex -16.9463 3.25 38.949
    endloop
  endfacet
  facet normal -0.0429499 0.704228 0.708674
    outer loop
      vertex -18.5088 4.99 35.8637
      vertex -18.7313 3.25 37.5793
      vertex -18.5055 4.99 35.8639
    endloop
  endfacet
  facet normal -0.0465466 0.704347 0.708328
    outer loop
      vertex -18.7313 3.25 37.5793
      vertex -18.5088 4.99 35.8637
      vertex -19.025 3.25 37.56
    endloop
  endfacet
  facet normal -0.138474 0.704337 0.696228
    outer loop
      vertex -18.5022 4.99 35.8646
      vertex -18.7313 3.25 37.5793
      vertex -18.4427 3.25 37.6367
    endloop
  endfacet
  facet normal -0.147365 0.704022 0.69472
    outer loop
      vertex -18.7313 3.25 37.5793
      vertex -18.5022 4.99 35.8646
      vertex -18.5055 4.99 35.8639
    endloop
  endfacet
  facet normal -0.696228 0.704337 0.138477
    outer loop
      vertex -15.0796 4.99 39.2872
      vertex -15.1805 4.99 38.7799
      vertex -16.8517 3.25 39.2277
    endloop
  endfacet
  facet normal -0.69472 0.704022 0.147365
    outer loop
      vertex -15.0796 4.99 39.2872
      vertex -16.7943 3.25 39.5163
      vertex -15.0789 4.99 39.2905
    endloop
  endfacet
  facet normal -0.696228 0.704337 0.138474
    outer loop
      vertex -16.7943 3.25 39.5163
      vertex -15.0796 4.99 39.2872
      vertex -16.8517 3.25 39.2277
    endloop
  endfacet
  facet normal -0.997861 0 0.0653646
    outer loop
      vertex -15.0592 4.99 39.2879
      vertex -15.025 5 39.81
      vertex -15.0592 5 39.2879
    endloop
  endfacet
  facet normal -0.997861 0 0.0653646
    outer loop
      vertex -15.025 5 39.81
      vertex -15.0592 4.99 39.2879
      vertex -15.025 4.99 39.81
    endloop
  endfacet
  facet normal -0.0653646 0 0.997861
    outer loop
      vertex -19.025 5 35.81
      vertex -18.5029 4.99 35.8442
      vertex -18.5029 5 35.8442
    endloop
  endfacet
  facet normal -0.0653646 0 0.997861
    outer loop
      vertex -18.5029 4.99 35.8442
      vertex -19.025 5 35.81
      vertex -19.025 4.99 35.81
    endloop
  endfacet
  facet normal -0.659343 0 0.751842
    outer loop
      vertex -16.59 5 36.6366
      vertex -16.1966 4.99 36.9816
      vertex -16.1966 5 36.9816
    endloop
  endfacet
  facet normal -0.659343 0 0.751842
    outer loop
      vertex -16.1966 4.99 36.9816
      vertex -16.59 5 36.6366
      vertex -16.59 4.99 36.6366
    endloop
  endfacet
  facet normal 0 1 -0
    outer loop
      vertex -18.5088 4.99 43.7563
      vertex -19.025 4.99 43.81
      vertex -18.5029 4.99 43.7758
    endloop
  endfacet
  facet normal 0 1 0
    outer loop
      vertex -19.025 4.99 43.81
      vertex -18.5088 4.99 43.7563
      vertex -19.025 4.99 43.7901
    endloop
  endfacet
  facet normal 0 1 0
    outer loop
      vertex -18.5029 4.99 43.7758
      vertex -18.5055 4.99 43.7561
      vertex -18.5088 4.99 43.7563
    endloop
  endfacet
  facet normal 0 1 0
    outer loop
      vertex -18.5029 4.99 43.7758
      vertex -18.5022 4.99 43.7554
      vertex -18.5055 4.99 43.7561
    endloop
  endfacet
  facet normal 0 1 0
    outer loop
      vertex -17.9897 4.99 43.6737
      vertex -18.5022 4.99 43.7554
      vertex -18.5029 4.99 43.7758
    endloop
  endfacet
  facet normal 0 1 0
    outer loop
      vertex -17.9897 4.99 43.6737
      vertex -17.9949 4.99 43.6545
      vertex -18.5022 4.99 43.7554
    endloop
  endfacet
  facet normal 0 1 0
    outer loop
      vertex -17.9897 4.99 43.6737
      vertex -17.9917 4.99 43.6534
      vertex -17.9949 4.99 43.6545
    endloop
  endfacet
  facet normal 0 1 0
    outer loop
      vertex -17.4943 4.99 43.5055
      vertex -17.9917 4.99 43.6534
      vertex -17.9897 4.99 43.6737
    endloop
  endfacet
  facet normal 0 1 0
    outer loop
      vertex -17.4943 4.99 43.5055
      vertex -17.5019 4.99 43.4871
      vertex -17.9917 4.99 43.6534
    endloop
  endfacet
  facet normal 0 1 0
    outer loop
      vertex -17.4943 4.99 43.5055
      vertex -17.4989 4.99 43.4857
      vertex -17.5019 4.99 43.4871
    endloop
  endfacet
  facet normal 0 1 0
    outer loop
      vertex -17.025 4.99 43.2741
      vertex -17.4989 4.99 43.4857
      vertex -17.4943 4.99 43.5055
    endloop
  endfacet
  facet normal 0 1 0
    outer loop
      vertex -17.025 4.99 43.2741
      vertex -17.0349 4.99 43.2569
      vertex -17.4989 4.99 43.4857
    endloop
  endfacet
  facet normal 0 1 -0
    outer loop
      vertex -16.6048 4.99 42.9695
      vertex -17.025 4.99 43.2741
      vertex -16.59 4.99 42.9834
    endloop
  endfacet
  facet normal 0 1 0
    outer loop
      vertex -17.025 4.99 43.2741
      vertex -16.6048 4.99 42.9695
      vertex -17.0349 4.99 43.2569
    endloop
  endfacet
  facet normal 0 1 0
    outer loop
      vertex -16.59 4.99 42.9834
      vertex -16.6021 4.99 42.9676
      vertex -16.6048 4.99 42.9695
    endloop
  endfacet
  facet normal 0 1 0
    outer loop
      vertex -16.59 4.99 42.9834
      vertex -16.5995 4.99 42.9654
      vertex -16.6021 4.99 42.9676
    endloop
  endfacet
  facet normal 0 1 0
    outer loop
      vertex -16.1966 4.99 42.6384
      vertex -16.5995 4.99 42.9654
      vertex -16.59 4.99 42.9834
    endloop
  endfacet
  facet normal 0 1 0
    outer loop
      vertex -16.1966 4.99 42.6384
      vertex -16.2106 4.99 42.6244
      vertex -16.5995 4.99 42.9654
    endloop
  endfacet
  facet normal 0 1 -0
    outer loop
      vertex -15.8696 4.99 42.2355
      vertex -16.1966 4.99 42.6384
      vertex -15.8516 4.99 42.245
    endloop
  endfacet
  facet normal 0 1 0
    outer loop
      vertex -16.1966 4.99 42.6384
      vertex -15.8696 4.99 42.2355
      vertex -16.2106 4.99 42.6244
    endloop
  endfacet
  facet normal 0 1 0
    outer loop
      vertex -15.8516 4.99 42.245
      vertex -15.8674 4.99 42.2329
      vertex -15.8696 4.99 42.2355
    endloop
  endfacet
  facet normal 0 1 0
    outer loop
      vertex -15.8516 4.99 42.245
      vertex -15.8655 4.99 42.2302
      vertex -15.8674 4.99 42.2329
    endloop
  endfacet
  facet normal 0 1 0
    outer loop
      vertex -15.5609 4.99 41.81
      vertex -15.8655 4.99 42.2302
      vertex -15.8516 4.99 42.245
    endloop
  endfacet
  facet normal 0 1 0
    outer loop
      vertex -15.5609 4.99 41.81
      vertex -15.5781 4.99 41.8001
      vertex -15.8655 4.99 42.2302
    endloop
  endfacet
  facet normal 0 1 -0
    outer loop
      vertex -15.3493 4.99 41.3361
      vertex -15.5609 4.99 41.81
      vertex -15.3295 4.99 41.3407
    endloop
  endfacet
  facet normal 0 1 0
    outer loop
      vertex -15.5609 4.99 41.81
      vertex -15.3493 4.99 41.3361
      vertex -15.5781 4.99 41.8001
    endloop
  endfacet
  facet normal 0 1 0
    outer loop
      vertex -15.3295 4.99 41.3407
      vertex -15.3479 4.99 41.3331
      vertex -15.3493 4.99 41.3361
    endloop
  endfacet
  facet normal 0 1 -0
    outer loop
      vertex -15.1816 4.99 40.8433
      vertex -15.3295 4.99 41.3407
      vertex -15.1613 4.99 40.8453
    endloop
  endfacet
  facet normal 0 1 0
    outer loop
      vertex -15.3295 4.99 41.3407
      vertex -15.1816 4.99 40.8433
      vertex -15.3479 4.99 41.3331
    endloop
  endfacet
  facet normal 0 1 0
    outer loop
      vertex -15.1613 4.99 40.8453
      vertex -15.1805 4.99 40.8401
      vertex -15.1816 4.99 40.8433
    endloop
  endfacet
  facet normal 0 1 0
    outer loop
      vertex -15.1613 4.99 40.8453
      vertex -15.0796 4.99 40.3328
      vertex -15.1805 4.99 40.8401
    endloop
  endfacet
  facet normal 0 1 0
    outer loop
      vertex -15.0592 4.99 40.3321
      vertex -15.0796 4.99 40.3328
      vertex -15.1613 4.99 40.8453
    endloop
  endfacet
  facet normal 0 1 0
    outer loop
      vertex -15.0592 4.99 40.3321
      vertex -15.0789 4.99 40.3295
      vertex -15.0796 4.99 40.3328
    endloop
  endfacet
  facet normal 0 1 0
    outer loop
      vertex -15.0592 4.99 40.3321
      vertex -15.0787 4.99 40.3262
      vertex -15.0789 4.99 40.3295
    endloop
  endfacet
  facet normal 0 1 0
    outer loop
      vertex -15.025 4.99 39.81
      vertex -15.0787 4.99 40.3262
      vertex -15.0592 4.99 40.3321
    endloop
  endfacet
  facet normal 0 1 0
    outer loop
      vertex -15.025 4.99 39.81
      vertex -15.0449 4.99 39.81
      vertex -15.0787 4.99 40.3262
    endloop
  endfacet
  facet normal 0 1 0
    outer loop
      vertex -15.025 4.99 39.81
      vertex -15.0787 4.99 39.2938
      vertex -15.0449 4.99 39.81
    endloop
  endfacet
  facet normal 0 1 -0
    outer loop
      vertex -15.0592 4.99 39.2879
      vertex -15.0787 4.99 39.2938
      vertex -15.025 4.99 39.81
    endloop
  endfacet
  facet normal 0 1 0
    outer loop
      vertex -15.0787 4.99 39.2938
      vertex -15.0592 4.99 39.2879
      vertex -15.0789 4.99 39.2905
    endloop
  endfacet
  facet normal 0 1 0
    outer loop
      vertex -15.0592 4.99 39.2879
      vertex -15.0796 4.99 39.2872
      vertex -15.0789 4.99 39.2905
    endloop
  endfacet
  facet normal 0 1 0
    outer loop
      vertex -15.1613 4.99 38.7747
      vertex -15.0796 4.99 39.2872
      vertex -15.0592 4.99 39.2879
    endloop
  endfacet
  facet normal 0 1 0
    outer loop
      vertex -15.0796 4.99 39.2872
      vertex -15.1613 4.99 38.7747
      vertex -15.1805 4.99 38.7799
    endloop
  endfacet
  facet normal 0 1 0
    outer loop
      vertex -15.1613 4.99 38.7747
      vertex -15.1816 4.99 38.7767
      vertex -15.1805 4.99 38.7799
    endloop
  endfacet
  facet normal 0 1 0
    outer loop
      vertex -15.3295 4.99 38.2793
      vertex -15.1816 4.99 38.7767
      vertex -15.1613 4.99 38.7747
    endloop
  endfacet
  facet normal 0 1 0
    outer loop
      vertex -15.1816 4.99 38.7767
      vertex -15.3295 4.99 38.2793
      vertex -15.3479 4.99 38.2869
    endloop
  endfacet
  facet normal 0 1 0
    outer loop
      vertex -15.3295 4.99 38.2793
      vertex -15.3493 4.99 38.2839
      vertex -15.3479 4.99 38.2869
    endloop
  endfacet
  facet normal 0 1 0
    outer loop
      vertex -15.5609 4.99 37.81
      vertex -15.3493 4.99 38.2839
      vertex -15.3295 4.99 38.2793
    endloop
  endfacet
  facet normal 0 1 0
    outer loop
      vertex -15.3493 4.99 38.2839
      vertex -15.5609 4.99 37.81
      vertex -15.5781 4.99 37.8199
    endloop
  endfacet
  facet normal 0 1 0
    outer loop
      vertex -15.5609 4.99 37.81
      vertex -15.8655 4.99 37.3898
      vertex -15.5781 4.99 37.8199
    endloop
  endfacet
  facet normal 0 1 -0
    outer loop
      vertex -15.8516 4.99 37.375
      vertex -15.8655 4.99 37.3898
      vertex -15.5609 4.99 37.81
    endloop
  endfacet
  facet normal 0 1 0
    outer loop
      vertex -15.8655 4.99 37.3898
      vertex -15.8516 4.99 37.375
      vertex -15.8674 4.99 37.3871
    endloop
  endfacet
  facet normal 0 1 0
    outer loop
      vertex -15.8516 4.99 37.375
      vertex -15.8696 4.99 37.3845
      vertex -15.8674 4.99 37.3871
    endloop
  endfacet
  facet normal 0 1 0
    outer loop
      vertex -16.1966 4.99 36.9816
      vertex -15.8696 4.99 37.3845
      vertex -15.8516 4.99 37.375
    endloop
  endfacet
  facet normal 0 1 0
    outer loop
      vertex -15.8696 4.99 37.3845
      vertex -16.1966 4.99 36.9816
      vertex -16.2106 4.99 36.9956
    endloop
  endfacet
  facet normal 0 1 0
    outer loop
      vertex -16.1966 4.99 36.9816
      vertex -16.5995 4.99 36.6546
      vertex -16.2106 4.99 36.9956
    endloop
  endfacet
  facet normal 0 1 -0
    outer loop
      vertex -16.59 4.99 36.6366
      vertex -16.5995 4.99 36.6546
      vertex -16.1966 4.99 36.9816
    endloop
  endfacet
  facet normal 0 1 0
    outer loop
      vertex -16.5995 4.99 36.6546
      vertex -16.59 4.99 36.6366
      vertex -16.6021 4.99 36.6524
    endloop
  endfacet
  facet normal 0 1 0
    outer loop
      vertex -16.59 4.99 36.6366
      vertex -16.6048 4.99 36.6505
      vertex -16.6021 4.99 36.6524
    endloop
  endfacet
  facet normal 0 1 0
    outer loop
      vertex -17.025 4.99 36.3459
      vertex -16.6048 4.99 36.6505
      vertex -16.59 4.99 36.6366
    endloop
  endfacet
  facet normal 0 1 0
    outer loop
      vertex -16.6048 4.99 36.6505
      vertex -17.025 4.99 36.3459
      vertex -17.0349 4.99 36.3631
    endloop
  endfacet
  facet normal 0 1 0
    outer loop
      vertex -17.025 4.99 36.3459
      vertex -17.4989 4.99 36.1343
      vertex -17.0349 4.99 36.3631
    endloop
  endfacet
  facet normal 0 1 -0
    outer loop
      vertex -17.4943 4.99 36.1145
      vertex -17.4989 4.99 36.1343
      vertex -17.025 4.99 36.3459
    endloop
  endfacet
  facet normal 0 1 0
    outer loop
      vertex -17.4989 4.99 36.1343
      vertex -17.4943 4.99 36.1145
      vertex -17.5019 4.99 36.1329
    endloop
  endfacet
  facet normal 0 1 0
    outer loop
      vertex -17.4943 4.99 36.1145
      vertex -17.9917 4.99 35.9666
      vertex -17.5019 4.99 36.1329
    endloop
  endfacet
  facet normal 0 1 -0
    outer loop
      vertex -17.9897 4.99 35.9463
      vertex -17.9917 4.99 35.9666
      vertex -17.4943 4.99 36.1145
    endloop
  endfacet
  facet normal 0 1 0
    outer loop
      vertex -17.9917 4.99 35.9666
      vertex -17.9897 4.99 35.9463
      vertex -17.9949 4.99 35.9655
    endloop
  endfacet
  facet normal 0 1 0
    outer loop
      vertex -17.9897 4.99 35.9463
      vertex -18.5022 4.99 35.8646
      vertex -17.9949 4.99 35.9655
    endloop
  endfacet
  facet normal 0 1 0
    outer loop
      vertex -18.5029 4.99 35.8442
      vertex -18.5022 4.99 35.8646
      vertex -17.9897 4.99 35.9463
    endloop
  endfacet
  facet normal 0 1 0
    outer loop
      vertex -18.5022 4.99 35.8646
      vertex -18.5029 4.99 35.8442
      vertex -18.5055 4.99 35.8639
    endloop
  endfacet
  facet normal 0 1 0
    outer loop
      vertex -18.5029 4.99 35.8442
      vertex -18.5088 4.99 35.8637
      vertex -18.5055 4.99 35.8639
    endloop
  endfacet
  facet normal 0 1 0
    outer loop
      vertex -19.025 4.99 35.81
      vertex -18.5088 4.99 35.8637
      vertex -18.5029 4.99 35.8442
    endloop
  endfacet
  facet normal 0 1 0
    outer loop
      vertex -18.5088 4.99 35.8637
      vertex -19.025 4.99 35.81
      vertex -19.025 4.99 35.8299
    endloop
  endfacet
  facet normal 0 1 0
    outer loop
      vertex -19.5412 4.99 43.7563
      vertex -19.025 4.99 43.81
      vertex -19.025 4.99 43.7901
    endloop
  endfacet
  facet normal 0 1 0
    outer loop
      vertex -19.025 4.99 43.81
      vertex -19.5412 4.99 43.7563
      vertex -19.5471 4.99 43.7758
    endloop
  endfacet
  facet normal 0 1 -0
    outer loop
      vertex -19.5445 4.99 43.7561
      vertex -19.5471 4.99 43.7758
      vertex -19.5412 4.99 43.7563
    endloop
  endfacet
  facet normal 0 1 0
    outer loop
      vertex -19.5478 4.99 43.7554
      vertex -19.5471 4.99 43.7758
      vertex -19.5445 4.99 43.7561
    endloop
  endfacet
  facet normal 0 1 -0
    outer loop
      vertex -19.5478 4.99 43.7554
      vertex -19.9 4.99 43.7056
      vertex -19.5471 4.99 43.7758
    endloop
  endfacet
  facet normal -0 1 0
    outer loop
      vertex -19.9 4.99 43.7056
      vertex -19.5478 4.99 43.7554
      vertex -19.9 4.99 43.6854
    endloop
  endfacet
  facet normal 0 1 0
    outer loop
      vertex -19.5478 4.99 35.8646
      vertex -19.9 4.99 35.9144
      vertex -19.9 4.99 35.9346
    endloop
  endfacet
  facet normal 0 1 -0
    outer loop
      vertex -19.5471 4.99 35.8442
      vertex -19.5478 4.99 35.8646
      vertex -19.5445 4.99 35.8639
    endloop
  endfacet
  facet normal 0 1 0
    outer loop
      vertex -19.5478 4.99 35.8646
      vertex -19.5471 4.99 35.8442
      vertex -19.9 4.99 35.9144
    endloop
  endfacet
  facet normal 0 1 0
    outer loop
      vertex -19.5412 4.99 35.8637
      vertex -19.5471 4.99 35.8442
      vertex -19.5445 4.99 35.8639
    endloop
  endfacet
  facet normal 0 1 -0
    outer loop
      vertex -19.025 4.99 35.81
      vertex -19.5412 4.99 35.8637
      vertex -19.025 4.99 35.8299
    endloop
  endfacet
  facet normal 0 1 0
    outer loop
      vertex -19.5412 4.99 35.8637
      vertex -19.025 4.99 35.81
      vertex -19.5471 4.99 35.8442
    endloop
  endfacet
  facet normal -0.896898 0 0.442238
    outer loop
      vertex -15.5609 4.99 37.81
      vertex -15.3295 5 38.2793
      vertex -15.5609 5 37.81
    endloop
  endfacet
  facet normal -0.896898 0 0.442238
    outer loop
      vertex -15.3295 5 38.2793
      vertex -15.5609 4.99 37.81
      vertex -15.3295 4.99 38.2793
    endloop
  endfacet
  facet normal -0.831432 0 0.555626
    outer loop
      vertex -15.8516 4.99 37.375
      vertex -15.5609 5 37.81
      vertex -15.8516 5 37.375
    endloop
  endfacet
  facet normal -0.831432 0 0.555626
    outer loop
      vertex -15.5609 5 37.81
      vertex -15.8516 4.99 37.375
      vertex -15.5609 4.99 37.81
    endloop
  endfacet
  facet normal -0.442238 0 0.896898
    outer loop
      vertex -17.4943 5 36.1145
      vertex -17.025 4.99 36.3459
      vertex -17.025 5 36.3459
    endloop
  endfacet
  facet normal -0.442238 0 0.896898
    outer loop
      vertex -17.025 4.99 36.3459
      vertex -17.4943 5 36.1145
      vertex -17.4943 4.99 36.1145
    endloop
  endfacet
  facet normal -0.555626 0 0.831432
    outer loop
      vertex -17.025 5 36.3459
      vertex -16.59 4.99 36.6366
      vertex -16.59 5 36.6366
    endloop
  endfacet
  facet normal -0.555626 0 0.831432
    outer loop
      vertex -16.59 4.99 36.6366
      vertex -17.025 5 36.3459
      vertex -17.025 4.99 36.3459
    endloop
  endfacet
  facet normal 0.0653646 0 0.997861
    outer loop
      vertex -19.5471 5 35.8442
      vertex -19.025 4.99 35.81
      vertex -19.025 5 35.81
    endloop
  endfacet
  facet normal 0.0653646 0 0.997861
    outer loop
      vertex -19.025 4.99 35.81
      vertex -19.5471 5 35.8442
      vertex -19.5471 4.99 35.8442
    endloop
  endfacet
  facet normal -0.94691 0 -0.321498
    outer loop
      vertex -15.1613 4.99 40.8453
      vertex -15.3295 5 41.3407
      vertex -15.1613 5 40.8453
    endloop
  endfacet
  facet normal -0.94691 -0 -0.321498
    outer loop
      vertex -15.3295 5 41.3407
      vertex -15.1613 4.99 40.8453
      vertex -15.3295 4.99 41.3407
    endloop
  endfacet
  facet normal -0.321498 0 -0.94691
    outer loop
      vertex -17.9897 4.99 43.6737
      vertex -17.4943 5 43.5055
      vertex -17.4943 4.99 43.5055
    endloop
  endfacet
  facet normal -0.321498 0 -0.94691
    outer loop
      vertex -17.4943 5 43.5055
      vertex -17.9897 4.99 43.6737
      vertex -17.9897 5 43.6737
    endloop
  endfacet
  facet normal -0.751842 0 -0.659343
    outer loop
      vertex -15.8516 4.99 42.245
      vertex -16.1966 5 42.6384
      vertex -15.8516 5 42.245
    endloop
  endfacet
  facet normal -0.751842 -0 -0.659343
    outer loop
      vertex -16.1966 5 42.6384
      vertex -15.8516 4.99 42.245
      vertex -16.1966 4.99 42.6384
    endloop
  endfacet
  facet normal -0.555626 0 -0.831432
    outer loop
      vertex -17.025 4.99 43.2741
      vertex -16.59 5 42.9834
      vertex -16.59 4.99 42.9834
    endloop
  endfacet
  facet normal -0.555626 0 -0.831432
    outer loop
      vertex -16.59 5 42.9834
      vertex -17.025 4.99 43.2741
      vertex -17.025 5 43.2741
    endloop
  endfacet
  facet normal -0.94691 0 0.321498
    outer loop
      vertex -15.3295 4.99 38.2793
      vertex -15.1613 5 38.7747
      vertex -15.3295 5 38.2793
    endloop
  endfacet
  facet normal -0.94691 0 0.321498
    outer loop
      vertex -15.1613 5 38.7747
      vertex -15.3295 4.99 38.2793
      vertex -15.1613 4.99 38.7747
    endloop
  endfacet
  facet normal -0.980779 0 0.195124
    outer loop
      vertex -15.1613 4.99 38.7747
      vertex -15.0592 5 39.2879
      vertex -15.1613 5 38.7747
    endloop
  endfacet
  facet normal -0.980779 0 0.195124
    outer loop
      vertex -15.0592 5 39.2879
      vertex -15.1613 4.99 38.7747
      vertex -15.0592 4.99 39.2879
    endloop
  endfacet
  facet normal -0.195124 0 0.980779
    outer loop
      vertex -18.5029 5 35.8442
      vertex -17.9897 4.99 35.9463
      vertex -17.9897 5 35.9463
    endloop
  endfacet
  facet normal -0.195124 0 0.980779
    outer loop
      vertex -17.9897 4.99 35.9463
      vertex -18.5029 5 35.8442
      vertex -18.5029 4.99 35.8442
    endloop
  endfacet
  facet normal 0.195101 0 0.980783
    outer loop
      vertex -19.9 5 35.9144
      vertex -19.5471 4.99 35.8442
      vertex -19.5471 5 35.8442
    endloop
  endfacet
  facet normal 0.195101 0 0.980783
    outer loop
      vertex -19.5471 4.99 35.8442
      vertex -19.9 5 35.9144
      vertex -19.9 4.99 35.9144
    endloop
  endfacet
  facet normal -0.0653646 0 -0.997861
    outer loop
      vertex -19.025 4.99 43.81
      vertex -18.5029 5 43.7758
      vertex -18.5029 4.99 43.7758
    endloop
  endfacet
  facet normal -0.0653646 0 -0.997861
    outer loop
      vertex -18.5029 5 43.7758
      vertex -19.025 4.99 43.81
      vertex -19.025 5 43.81
    endloop
  endfacet
  facet normal -0.659343 0 -0.751842
    outer loop
      vertex -16.59 4.99 42.9834
      vertex -16.1966 5 42.6384
      vertex -16.1966 4.99 42.6384
    endloop
  endfacet
  facet normal -0.659343 0 -0.751842
    outer loop
      vertex -16.1966 5 42.6384
      vertex -16.59 4.99 42.9834
      vertex -16.59 5 42.9834
    endloop
  endfacet
  facet normal -0.831432 0 -0.555626
    outer loop
      vertex -15.5609 4.99 41.81
      vertex -15.8516 5 42.245
      vertex -15.5609 5 41.81
    endloop
  endfacet
  facet normal -0.831432 -0 -0.555626
    outer loop
      vertex -15.8516 5 42.245
      vertex -15.5609 4.99 41.81
      vertex -15.8516 4.99 42.245
    endloop
  endfacet
  facet normal 0.0653646 0 -0.997861
    outer loop
      vertex -19.5471 4.99 43.7758
      vertex -19.025 5 43.81
      vertex -19.025 4.99 43.81
    endloop
  endfacet
  facet normal 0.0653646 0 -0.997861
    outer loop
      vertex -19.025 5 43.81
      vertex -19.5471 4.99 43.7758
      vertex -19.5471 5 43.7758
    endloop
  endfacet
  facet normal -0.751842 0 0.659343
    outer loop
      vertex -16.1966 4.99 36.9816
      vertex -15.8516 5 37.375
      vertex -16.1966 5 36.9816
    endloop
  endfacet
  facet normal -0.751842 0 0.659343
    outer loop
      vertex -15.8516 5 37.375
      vertex -16.1966 4.99 36.9816
      vertex -15.8516 4.99 37.375
    endloop
  endfacet
  facet normal -0.321498 0 0.94691
    outer loop
      vertex -17.9897 5 35.9463
      vertex -17.4943 4.99 36.1145
      vertex -17.4943 5 36.1145
    endloop
  endfacet
  facet normal -0.321498 0 0.94691
    outer loop
      vertex -17.4943 4.99 36.1145
      vertex -17.9897 5 35.9463
      vertex -17.9897 4.99 35.9463
    endloop
  endfacet
  facet normal -0.195124 0 -0.980779
    outer loop
      vertex -18.5029 4.99 43.7758
      vertex -17.9897 5 43.6737
      vertex -17.9897 4.99 43.6737
    endloop
  endfacet
  facet normal -0.195124 0 -0.980779
    outer loop
      vertex -17.9897 5 43.6737
      vertex -18.5029 4.99 43.7758
      vertex -18.5029 5 43.7758
    endloop
  endfacet
  facet normal -0.442238 0 -0.896898
    outer loop
      vertex -17.4943 4.99 43.5055
      vertex -17.025 5 43.2741
      vertex -17.025 4.99 43.2741
    endloop
  endfacet
  facet normal -0.442238 0 -0.896898
    outer loop
      vertex -17.025 5 43.2741
      vertex -17.4943 4.99 43.5055
      vertex -17.4943 5 43.5055
    endloop
  endfacet
  facet normal -0.980779 0 -0.195124
    outer loop
      vertex -15.0592 4.99 40.3321
      vertex -15.1613 5 40.8453
      vertex -15.0592 5 40.3321
    endloop
  endfacet
  facet normal -0.980779 -0 -0.195124
    outer loop
      vertex -15.1613 5 40.8453
      vertex -15.0592 4.99 40.3321
      vertex -15.1613 4.99 40.8453
    endloop
  endfacet
  facet normal -0.896898 0 -0.442238
    outer loop
      vertex -15.3295 4.99 41.3407
      vertex -15.5609 5 41.81
      vertex -15.3295 5 41.3407
    endloop
  endfacet
  facet normal -0.896898 -0 -0.442238
    outer loop
      vertex -15.5609 5 41.81
      vertex -15.3295 4.99 41.3407
      vertex -15.5609 4.99 41.81
    endloop
  endfacet
  facet normal 0.195101 0 -0.980783
    outer loop
      vertex -19.9 4.99 43.7056
      vertex -19.5471 5 43.7758
      vertex -19.5471 4.99 43.7758
    endloop
  endfacet
  facet normal 0.195101 0 -0.980783
    outer loop
      vertex -19.5471 5 43.7758
      vertex -19.9 4.99 43.7056
      vertex -19.9 5 43.7056
    endloop
  endfacet
  facet normal -0.997861 0 -0.0653646
    outer loop
      vertex -15.025 4.99 39.81
      vertex -15.0592 5 40.3321
      vertex -15.025 5 39.81
    endloop
  endfacet
  facet normal -0.997861 -0 -0.0653646
    outer loop
      vertex -15.0592 5 40.3321
      vertex -15.025 4.99 39.81
      vertex -15.0592 4.99 40.3321
    endloop
  endfacet
  facet normal 0.997848 -0 0.0655763
    outer loop
      vertex 16.775 0 9.64
      vertex 16.7943 3.25 9.34632
      vertex 16.775 3.25 9.64
    endloop
  endfacet
  facet normal 0.997848 0 0.0655763
    outer loop
      vertex 16.7943 3.25 9.34632
      vertex 16.775 0 9.64
      vertex 16.7943 0 9.34632
    endloop
  endfacet
  facet normal -0.0654027 0 0.997859
    outer loop
      vertex 19.025 3.25 7.39
      vertex 19.3187 0 7.40925
      vertex 19.3187 3.25 7.40925
    endloop
  endfacet
  facet normal -0.0654027 0 0.997859
    outer loop
      vertex 19.3187 0 7.40925
      vertex 19.025 3.25 7.39
      vertex 19.025 0 7.39
    endloop
  endfacet
  facet normal 0.659298 0 0.751882
    outer loop
      vertex 17.434 3.25 8.04901
      vertex 17.6553 0 7.85496
      vertex 17.6553 3.25 7.85496
    endloop
  endfacet
  facet normal 0.659298 0 0.751882
    outer loop
      vertex 17.6553 0 7.85496
      vertex 17.434 3.25 8.04901
      vertex 17.434 0 8.04901
    endloop
  endfacet
  facet normal 0.321421 0 0.946936
    outer loop
      vertex 18.164 3.25 7.56127
      vertex 18.4427 0 7.46667
      vertex 18.4427 3.25 7.46667
    endloop
  endfacet
  facet normal 0.321421 0 0.946936
    outer loop
      vertex 18.4427 0 7.46667
      vertex 18.164 3.25 7.56127
      vertex 18.164 0 7.56127
    endloop
  endfacet
  facet normal -0.441565 0 0.897229
    outer loop
      vertex 19.886 3.25 7.56127
      vertex 19.9 0 7.56816
      vertex 19.9 3.25 7.56816
    endloop
  endfacet
  facet normal -0.441565 0 0.897229
    outer loop
      vertex 19.9 0 7.56816
      vertex 19.886 3.25 7.56127
      vertex 19.886 0 7.56127
    endloop
  endfacet
  facet normal -0.321421 0 0.946936
    outer loop
      vertex 19.6073 3.25 7.46667
      vertex 19.886 0 7.56127
      vertex 19.886 3.25 7.56127
    endloop
  endfacet
  facet normal -0.321421 0 0.946936
    outer loop
      vertex 19.886 0 7.56127
      vertex 19.6073 3.25 7.46667
      vertex 19.6073 0 7.46667
    endloop
  endfacet
  facet normal 0.896968 -0 0.442096
    outer loop
      vertex 16.9463 0 8.77896
      vertex 17.0764 3.25 8.515
      vertex 16.9463 3.25 8.77896
    endloop
  endfacet
  facet normal 0.896968 0 0.442096
    outer loop
      vertex 17.0764 3.25 8.515
      vertex 16.9463 0 8.77896
      vertex 17.0764 0 8.515
    endloop
  endfacet
  facet normal 0.946936 -0 0.321421
    outer loop
      vertex 16.8517 0 9.05766
      vertex 16.9463 3.25 8.77896
      vertex 16.8517 3.25 9.05766
    endloop
  endfacet
  facet normal 0.946936 0 0.321421
    outer loop
      vertex 16.9463 3.25 8.77896
      vertex 16.8517 0 9.05766
      vertex 16.9463 0 8.77896
    endloop
  endfacet
  facet normal 0.442233 0 0.8969
    outer loop
      vertex 17.9 3.25 7.69144
      vertex 18.164 0 7.56127
      vertex 18.164 3.25 7.56127
    endloop
  endfacet
  facet normal 0.442233 0 0.8969
    outer loop
      vertex 18.164 0 7.56127
      vertex 17.9 3.25 7.69144
      vertex 17.9 0 7.69144
    endloop
  endfacet
  facet normal 0.195136 0 0.980776
    outer loop
      vertex 18.4427 3.25 7.46667
      vertex 18.7313 0 7.40925
      vertex 18.7313 3.25 7.40925
    endloop
  endfacet
  facet normal 0.195136 0 0.980776
    outer loop
      vertex 18.7313 0 7.40925
      vertex 18.4427 3.25 7.46667
      vertex 18.4427 0 7.46667
    endloop
  endfacet
  facet normal -0.442081 0 -0.896975
    outer loop
      vertex 19.886 0 11.7187
      vertex 19.9 3.25 11.7118
      vertex 19.9 0 11.7118
    endloop
  endfacet
  facet normal -0.442081 0 -0.896975
    outer loop
      vertex 19.9 3.25 11.7118
      vertex 19.886 0 11.7187
      vertex 19.886 3.25 11.7187
    endloop
  endfacet
  facet normal 0.321421 0 -0.946936
    outer loop
      vertex 18.164 0 11.7187
      vertex 18.4427 3.25 11.8133
      vertex 18.4427 0 11.8133
    endloop
  endfacet
  facet normal 0.321421 0 -0.946936
    outer loop
      vertex 18.4427 3.25 11.8133
      vertex 18.164 0 11.7187
      vertex 18.164 3.25 11.7187
    endloop
  endfacet
  facet normal 0.896995 0 -0.442042
    outer loop
      vertex 17.0764 0 10.765
      vertex 16.9463 3.25 10.501
      vertex 17.0764 3.25 10.765
    endloop
  endfacet
  facet normal 0.896995 0 -0.442042
    outer loop
      vertex 16.9463 3.25 10.501
      vertex 17.0764 0 10.765
      vertex 16.9463 0 10.501
    endloop
  endfacet
  facet normal -0.195136 0 0.980776
    outer loop
      vertex 19.3187 3.25 7.40925
      vertex 19.6073 0 7.46667
      vertex 19.6073 3.25 7.46667
    endloop
  endfacet
  facet normal -0.195136 0 0.980776
    outer loop
      vertex 19.6073 0 7.46667
      vertex 19.3187 3.25 7.40925
      vertex 19.3187 0 7.40925
    endloop
  endfacet
  facet normal 0.831328 -0 0.555782
    outer loop
      vertex 17.0764 0 8.515
      vertex 17.24 3.25 8.27029
      vertex 17.0764 3.25 8.515
    endloop
  endfacet
  facet normal 0.831328 0 0.555782
    outer loop
      vertex 17.24 3.25 8.27029
      vertex 17.0764 0 8.515
      vertex 17.24 0 8.27029
    endloop
  endfacet
  facet normal 0.751936 -0 0.659236
    outer loop
      vertex 17.24 0 8.27029
      vertex 17.434 3.25 8.04901
      vertex 17.24 3.25 8.27029
    endloop
  endfacet
  facet normal 0.751936 0 0.659236
    outer loop
      vertex 17.434 3.25 8.04901
      vertex 17.24 0 8.27029
      vertex 17.434 0 8.04901
    endloop
  endfacet
  facet normal 0.980797 -0 0.195031
    outer loop
      vertex 16.7943 0 9.34632
      vertex 16.8517 3.25 9.05766
      vertex 16.7943 3.25 9.34632
    endloop
  endfacet
  facet normal 0.980797 0 0.195031
    outer loop
      vertex 16.8517 3.25 9.05766
      vertex 16.7943 0 9.34632
      vertex 16.8517 0 9.05766
    endloop
  endfacet
  facet normal 0.555609 0 0.831443
    outer loop
      vertex 17.6553 3.25 7.85496
      vertex 17.9 0 7.69144
      vertex 17.9 3.25 7.69144
    endloop
  endfacet
  facet normal 0.555609 0 0.831443
    outer loop
      vertex 17.9 0 7.69144
      vertex 17.6553 3.25 7.85496
      vertex 17.6553 0 7.85496
    endloop
  endfacet
  facet normal 0.0654027 0 0.997859
    outer loop
      vertex 18.7313 3.25 7.40925
      vertex 19.025 0 7.39
      vertex 19.025 3.25 7.39
    endloop
  endfacet
  facet normal 0.0654027 0 0.997859
    outer loop
      vertex 19.025 0 7.39
      vertex 18.7313 3.25 7.40925
      vertex 18.7313 0 7.40925
    endloop
  endfacet
  facet normal -0.0652336 0 -0.99787
    outer loop
      vertex 19.025 0 11.89
      vertex 19.3187 3.25 11.8708
      vertex 19.3187 0 11.8708
    endloop
  endfacet
  facet normal -0.0652336 0 -0.99787
    outer loop
      vertex 19.3187 3.25 11.8708
      vertex 19.025 0 11.89
      vertex 19.025 3.25 11.89
    endloop
  endfacet
  facet normal -0.321421 0 -0.946936
    outer loop
      vertex 19.6073 0 11.8133
      vertex 19.886 3.25 11.7187
      vertex 19.886 0 11.7187
    endloop
  endfacet
  facet normal -0.321421 0 -0.946936
    outer loop
      vertex 19.886 3.25 11.7187
      vertex 19.6073 0 11.8133
      vertex 19.6073 3.25 11.8133
    endloop
  endfacet
  facet normal 0.659202 0 -0.751966
    outer loop
      vertex 17.434 0 11.231
      vertex 17.6553 3.25 11.425
      vertex 17.6553 0 11.425
    endloop
  endfacet
  facet normal 0.659202 0 -0.751966
    outer loop
      vertex 17.6553 3.25 11.425
      vertex 17.434 0 11.231
      vertex 17.434 3.25 11.231
    endloop
  endfacet
  facet normal 0.442042 0 -0.896995
    outer loop
      vertex 17.9 0 11.5886
      vertex 18.164 3.25 11.7187
      vertex 18.164 0 11.7187
    endloop
  endfacet
  facet normal 0.442042 0 -0.896995
    outer loop
      vertex 18.164 3.25 11.7187
      vertex 17.9 0 11.5886
      vertex 17.9 3.25 11.5886
    endloop
  endfacet
  facet normal 0.195397 0 -0.980724
    outer loop
      vertex 18.4427 0 11.8133
      vertex 18.7313 3.25 11.8708
      vertex 18.7313 0 11.8708
    endloop
  endfacet
  facet normal 0.195397 0 -0.980724
    outer loop
      vertex 18.7313 3.25 11.8708
      vertex 18.4427 0 11.8133
      vertex 18.4427 3.25 11.8133
    endloop
  endfacet
  facet normal 0.831318 0 -0.555797
    outer loop
      vertex 17.24 0 11.0097
      vertex 17.0764 3.25 10.765
      vertex 17.24 3.25 11.0097
    endloop
  endfacet
  facet normal 0.831318 0 -0.555797
    outer loop
      vertex 17.0764 3.25 10.765
      vertex 17.24 0 11.0097
      vertex 17.0764 0 10.765
    endloop
  endfacet
  facet normal 0.946936 0 -0.321421
    outer loop
      vertex 16.9463 0 10.501
      vertex 16.8517 3.25 10.2223
      vertex 16.9463 3.25 10.501
    endloop
  endfacet
  facet normal 0.946936 0 -0.321421
    outer loop
      vertex 16.8517 3.25 10.2223
      vertex 16.9463 0 10.501
      vertex 16.8517 0 10.2223
    endloop
  endfacet
  facet normal 0.997848 0 -0.0655763
    outer loop
      vertex 16.7943 0 9.93368
      vertex 16.775 3.25 9.64
      vertex 16.7943 3.25 9.93368
    endloop
  endfacet
  facet normal 0.997848 0 -0.0655763
    outer loop
      vertex 16.775 3.25 9.64
      vertex 16.7943 0 9.93368
      vertex 16.775 0 9.64
    endloop
  endfacet
  facet normal -0.195397 0 -0.980724
    outer loop
      vertex 19.3187 0 11.8708
      vertex 19.6073 3.25 11.8133
      vertex 19.6073 0 11.8133
    endloop
  endfacet
  facet normal -0.195397 0 -0.980724
    outer loop
      vertex 19.6073 3.25 11.8133
      vertex 19.3187 0 11.8708
      vertex 19.3187 3.25 11.8708
    endloop
  endfacet
  facet normal 0.555797 0 -0.831318
    outer loop
      vertex 17.6553 0 11.425
      vertex 17.9 3.25 11.5886
      vertex 17.9 0 11.5886
    endloop
  endfacet
  facet normal 0.555797 0 -0.831318
    outer loop
      vertex 17.9 3.25 11.5886
      vertex 17.6553 0 11.425
      vertex 17.6553 3.25 11.425
    endloop
  endfacet
  facet normal 0.0652336 0 -0.99787
    outer loop
      vertex 18.7313 0 11.8708
      vertex 19.025 3.25 11.89
      vertex 19.025 0 11.89
    endloop
  endfacet
  facet normal 0.0652336 0 -0.99787
    outer loop
      vertex 19.025 3.25 11.89
      vertex 18.7313 0 11.8708
      vertex 18.7313 3.25 11.8708
    endloop
  endfacet
  facet normal 0.751966 0 -0.659202
    outer loop
      vertex 17.434 0 11.231
      vertex 17.24 3.25 11.0097
      vertex 17.434 3.25 11.231
    endloop
  endfacet
  facet normal 0.751966 0 -0.659202
    outer loop
      vertex 17.24 3.25 11.0097
      vertex 17.434 0 11.231
      vertex 17.24 0 11.0097
    endloop
  endfacet
  facet normal 0.980792 0 -0.195057
    outer loop
      vertex 16.8517 0 10.2223
      vertex 16.7943 3.25 9.93368
      vertex 16.8517 3.25 10.2223
    endloop
  endfacet
  facet normal 0.980792 0 -0.195057
    outer loop
      vertex 16.7943 3.25 9.93368
      vertex 16.8517 0 10.2223
      vertex 16.7943 0 9.93368
    endloop
  endfacet
  facet normal 0.696229 0.704338 -0.138464
    outer loop
      vertex 16.7943 3.25 9.93368
      vertex 15.0796 4.99 10.1628
      vertex 16.8517 3.25 10.2223
    endloop
  endfacet
  facet normal 0.69472 0.704023 -0.147365
    outer loop
      vertex 15.0796 4.99 10.1628
      vertex 16.7943 3.25 9.93368
      vertex 15.0789 4.99 10.1595
    endloop
  endfacet
  facet normal 0.138522 0.704328 0.696228
    outer loop
      vertex 18.7313 3.25 7.40925
      vertex 18.5022 4.99 5.69459
      vertex 18.4427 3.25 7.46667
    endloop
  endfacet
  facet normal 0.13718 0.70437 0.696451
    outer loop
      vertex 18.5022 4.99 5.69459
      vertex 18.7313 3.25 7.40925
      vertex 18.5055 4.99 5.69394
    endloop
  endfacet
  facet normal -0.0463822 0.704328 -0.708358
    outer loop
      vertex 19.025 4.99 13.6201
      vertex 19.5412 4.99 13.5863
      vertex 19.025 3.25 11.89
    endloop
  endfacet
  facet normal 0.458311 0.704683 -0.54164
    outer loop
      vertex 17.6553 3.25 11.425
      vertex 16.5995 4.99 12.7954
      vertex 16.6021 4.99 12.7976
    endloop
  endfacet
  facet normal 0.467941 0.704343 -0.53379
    outer loop
      vertex 16.5995 4.99 12.7954
      vertex 17.6553 3.25 11.425
      vertex 17.434 3.25 11.231
    endloop
  endfacet
  facet normal 0.3944 0.70433 -0.590228
    outer loop
      vertex 17.0349 4.99 13.0869
      vertex 17.9 3.25 11.5886
      vertex 16.6048 4.99 12.7995
    endloop
  endfacet
  facet normal 0.533776 0.704334 0.467971
    outer loop
      vertex 15.8696 4.99 7.21455
      vertex 17.24 3.25 8.27029
      vertex 17.434 3.25 8.04901
    endloop
  endfacet
  facet normal 0.533833 0.704337 0.467901
    outer loop
      vertex 17.24 3.25 8.27029
      vertex 15.8696 4.99 7.21455
      vertex 15.8674 4.99 7.21706
    endloop
  endfacet
  facet normal 0.580169 0.704785 -0.408267
    outer loop
      vertex 17.24 3.25 11.0097
      vertex 15.8655 4.99 12.0602
      vertex 15.8674 4.99 12.0629
    endloop
  endfacet
  facet normal 0.590113 0.70435 -0.394534
    outer loop
      vertex 15.8655 4.99 12.0602
      vertex 17.24 3.25 11.0097
      vertex 17.0764 3.25 10.765
    endloop
  endfacet
  facet normal 0.63672 0.704345 0.313825
    outer loop
      vertex 15.3493 4.99 8.11388
      vertex 16.9463 3.25 8.77896
      vertex 17.0764 3.25 8.515
    endloop
  endfacet
  facet normal 0.642903 0.704744 0.300021
    outer loop
      vertex 16.9463 3.25 8.77896
      vertex 15.3493 4.99 8.11388
      vertex 15.3479 4.99 8.11688
    endloop
  endfacet
  facet normal 0.394408 0.704338 0.590212
    outer loop
      vertex 16.6048 4.99 6.4805
      vertex 17.6553 3.25 7.85496
      vertex 17.9 3.25 7.69144
    endloop
  endfacet
  facet normal 0.40255 0.704621 0.584347
    outer loop
      vertex 17.6553 3.25 7.85496
      vertex 16.6048 4.99 6.4805
      vertex 16.6021 4.99 6.48236
    endloop
  endfacet
  facet normal -0.228719 0.70443 -0.671913
    outer loop
      vertex 19.9 3.39104 11.8618
      vertex 19.9 3.28669 11.7524
      vertex 19.886 3.25 11.7187
    endloop
  endfacet
  facet normal 0.636678 0.704328 -0.313948
    outer loop
      vertex 15.5781 4.99 11.6301
      vertex 17.0764 3.25 10.765
      vertex 15.3493 4.99 11.1661
    endloop
  endfacet
  facet normal 0.313948 0.704328 -0.636678
    outer loop
      vertex 17.4989 4.99 13.3157
      vertex 17.9 3.25 11.5886
      vertex 17.0349 4.99 13.0869
    endloop
  endfacet
  facet normal 0.394534 0.70435 -0.590113
    outer loop
      vertex 17.6553 3.25 11.425
      vertex 16.6048 4.99 12.7995
      vertex 17.9 3.25 11.5886
    endloop
  endfacet
  facet normal 0.408267 0.704785 -0.580169
    outer loop
      vertex 16.6048 4.99 12.7995
      vertex 17.6553 3.25 11.425
      vertex 16.6021 4.99 12.7976
    endloop
  endfacet
  facet normal 0.590228 0.70433 -0.3944
    outer loop
      vertex 15.8655 4.99 12.0602
      vertex 17.0764 3.25 10.765
      vertex 15.5781 4.99 11.6301
    endloop
  endfacet
  facet normal 0.636736 0.704348 -0.313785
    outer loop
      vertex 16.9463 3.25 10.501
      vertex 15.3493 4.99 11.1661
      vertex 17.0764 3.25 10.765
    endloop
  endfacet
  facet normal 0.642901 0.704745 -0.300021
    outer loop
      vertex 15.3493 4.99 11.1661
      vertex 16.9463 3.25 10.501
      vertex 15.3479 4.99 11.1631
    endloop
  endfacet
  facet normal -0.313352 0.704564 0.63671
    outer loop
      vertex 19.9 3.25 7.56816
      vertex 19.9 3.28669 7.52756
      vertex 19.886 3.25 7.56127
    endloop
  endfacet
  facet normal 0.313936 0.704331 0.63668
    outer loop
      vertex 17.9 3.25 7.69144
      vertex 17.4989 4.99 5.96433
      vertex 17.0349 4.99 6.19312
    endloop
  endfacet
  facet normal 0.708328 0.704347 0.0465497
    outer loop
      vertex 16.7943 3.25 9.34632
      vertex 15.0787 4.99 9.12383
      vertex 16.775 3.25 9.64
    endloop
  endfacet
  facet normal 0.708722 0.70421 0.0424384
    outer loop
      vertex 15.0787 4.99 9.12383
      vertex 16.7943 3.25 9.34632
      vertex 15.0789 4.99 9.12049
    endloop
  endfacet
  facet normal 0.590126 0.704344 0.394527
    outer loop
      vertex 17.24 3.25 8.27029
      vertex 15.8655 4.99 7.21984
      vertex 17.0764 3.25 8.515
    endloop
  endfacet
  facet normal 0.585885 0.704555 0.400425
    outer loop
      vertex 15.8655 4.99 7.21984
      vertex 17.24 3.25 8.27029
      vertex 15.8674 4.99 7.21706
    endloop
  endfacet
  facet normal 0.394379 0.704334 0.590237
    outer loop
      vertex 17.9 3.25 7.69144
      vertex 17.0349 4.99 6.19312
      vertex 16.6048 4.99 6.4805
    endloop
  endfacet
  facet normal 0.468052 0.704333 0.533705
    outer loop
      vertex 17.434 3.25 8.04901
      vertex 16.5995 4.99 6.48457
      vertex 16.2106 4.99 6.82563
    endloop
  endfacet
  facet normal 0.228167 0.704333 0.672201
    outer loop
      vertex 18.4427 3.25 7.46667
      vertex 17.9917 4.99 5.79658
      vertex 18.164 3.25 7.56127
    endloop
  endfacet
  facet normal 0.22508 0.704432 0.673138
    outer loop
      vertex 17.9917 4.99 5.79658
      vertex 18.4427 3.25 7.46667
      vertex 17.9949 4.99 5.79551
    endloop
  endfacet
  facet normal -0.313763 0.704463 -0.63662
    outer loop
      vertex 19.9 3.28669 11.7524
      vertex 19.9 3.25 11.7118
      vertex 19.886 3.25 11.7187
    endloop
  endfacet
  facet normal -0.138369 0.704393 -0.696193
    outer loop
      vertex 19.9 4.3872 12.9055
      vertex 19.5478 4.99 13.5854
      vertex 19.9 4.99 13.5154
    endloop
  endfacet
  facet normal -0.138535 0.70433 -0.696223
    outer loop
      vertex 19.5478 4.99 13.5854
      vertex 19.9 4.3872 12.9055
      vertex 19.6073 3.25 11.8133
    endloop
  endfacet
  facet normal -0.227999 0.704337 -0.672255
    outer loop
      vertex 19.9 3.39104 11.8618
      vertex 19.6073 3.25 11.8133
      vertex 19.9 4.3872 12.9055
    endloop
  endfacet
  facet normal -0.228114 0.704502 -0.672043
    outer loop
      vertex 19.6073 3.25 11.8133
      vertex 19.9 3.39104 11.8618
      vertex 19.886 3.25 11.7187
    endloop
  endfacet
  facet normal -0.147369 0.704002 -0.69474
    outer loop
      vertex 19.5478 4.99 13.5854
      vertex 19.3187 3.25 11.8708
      vertex 19.5445 4.99 13.5861
    endloop
  endfacet
  facet normal -0.138711 0.70431 -0.696209
    outer loop
      vertex 19.3187 3.25 11.8708
      vertex 19.5478 4.99 13.5854
      vertex 19.6073 3.25 11.8133
    endloop
  endfacet
  facet normal -0.0429511 0.704207 -0.708694
    outer loop
      vertex 19.3187 3.25 11.8708
      vertex 19.5412 4.99 13.5863
      vertex 19.5445 4.99 13.5861
    endloop
  endfacet
  facet normal -0.0463083 0.704319 -0.708372
    outer loop
      vertex 19.5412 4.99 13.5863
      vertex 19.3187 3.25 11.8708
      vertex 19.025 3.25 11.89
    endloop
  endfacet
  facet normal 0.672187 0.704328 -0.228225
    outer loop
      vertex 15.3479 4.99 11.1631
      vertex 16.9463 3.25 10.501
      vertex 15.1816 4.99 10.6733
    endloop
  endfacet
  facet normal 0.696228 0.704337 -0.138477
    outer loop
      vertex 15.1805 4.99 10.6701
      vertex 16.8517 3.25 10.2223
      vertex 15.0796 4.99 10.1628
    endloop
  endfacet
  facet normal 0.0463083 0.704319 -0.708372
    outer loop
      vertex 18.7313 3.25 11.8708
      vertex 18.5088 4.99 13.5863
      vertex 19.025 3.25 11.89
    endloop
  endfacet
  facet normal 0.0429511 0.704207 -0.708694
    outer loop
      vertex 18.5088 4.99 13.5863
      vertex 18.7313 3.25 11.8708
      vertex 18.5055 4.99 13.5861
    endloop
  endfacet
  facet normal 0.0463822 0.704328 -0.708358
    outer loop
      vertex 19.025 4.99 13.6201
      vertex 19.025 3.25 11.89
      vertex 18.5088 4.99 13.5863
    endloop
  endfacet
  facet normal 0.228225 0.704328 -0.672187
    outer loop
      vertex 17.9917 4.99 13.4834
      vertex 18.164 3.25 11.7187
      vertex 17.5019 4.99 13.3171
    endloop
  endfacet
  facet normal 0.300021 0.704745 -0.642901
    outer loop
      vertex 18.164 3.25 11.7187
      vertex 17.4989 4.99 13.3157
      vertex 17.5019 4.99 13.3171
    endloop
  endfacet
  facet normal 0.313785 0.704348 -0.636736
    outer loop
      vertex 17.4989 4.99 13.3157
      vertex 18.164 3.25 11.7187
      vertex 17.9 3.25 11.5886
    endloop
  endfacet
  facet normal 0.533746 0.704334 -0.468005
    outer loop
      vertex 16.2106 4.99 12.4544
      vertex 17.434 3.25 11.231
      vertex 15.8696 4.99 12.0655
    endloop
  endfacet
  facet normal 0.468005 0.704334 -0.533746
    outer loop
      vertex 16.5995 4.99 12.7954
      vertex 17.434 3.25 11.231
      vertex 16.2106 4.99 12.4544
    endloop
  endfacet
  facet normal 0.53379 0.704343 -0.467941
    outer loop
      vertex 17.24 3.25 11.0097
      vertex 15.8696 4.99 12.0655
      vertex 17.434 3.25 11.231
    endloop
  endfacet
  facet normal 0.54164 0.704683 -0.458311
    outer loop
      vertex 15.8696 4.99 12.0655
      vertex 17.24 3.25 11.0097
      vertex 15.8674 4.99 12.0629
    endloop
  endfacet
  facet normal -0.138496 0.704323 0.696238
    outer loop
      vertex 19.5478 4.99 5.69459
      vertex 19.9 4.3872 6.37445
      vertex 19.9 4.99 5.76465
    endloop
  endfacet
  facet normal -0.138467 0.704334 0.696233
    outer loop
      vertex 19.9 4.3872 6.37445
      vertex 19.5478 4.99 5.69459
      vertex 19.6073 3.25 7.46667
    endloop
  endfacet
  facet normal 0.138505 0.70433 0.69623
    outer loop
      vertex 18.4427 3.25 7.46667
      vertex 18.5022 4.99 5.69459
      vertex 17.9949 4.99 5.79551
    endloop
  endfacet
  facet normal 0.590231 0.704325 0.394402
    outer loop
      vertex 17.0764 3.25 8.515
      vertex 15.8655 4.99 7.21984
      vertex 15.5781 4.99 7.64994
    endloop
  endfacet
  facet normal 0.636664 0.704326 0.313982
    outer loop
      vertex 17.0764 3.25 8.515
      vertex 15.5781 4.99 7.64994
      vertex 15.3493 4.99 8.11388
    endloop
  endfacet
  facet normal 0.708358 0.704328 -0.0463822
    outer loop
      vertex 15.0787 4.99 10.1562
      vertex 16.775 3.25 9.64
      vertex 15.0449 4.99 9.64
    endloop
  endfacet
  facet normal 0.708358 0.704328 0.0463849
    outer loop
      vertex 16.775 3.25 9.64
      vertex 15.0787 4.99 9.12383
      vertex 15.0449 4.99 9.64
    endloop
  endfacet
  facet normal 0.69457 0.703989 0.148231
    outer loop
      vertex 16.7943 3.25 9.34632
      vertex 15.0796 4.99 9.11721
      vertex 15.0789 4.99 9.12049
    endloop
  endfacet
  facet normal 0.696233 0.704339 0.138446
    outer loop
      vertex 15.0796 4.99 9.11721
      vertex 16.7943 3.25 9.34632
      vertex 16.8517 3.25 9.05766
    endloop
  endfacet
  facet normal 0.672191 0.704327 0.228217
    outer loop
      vertex 16.9463 3.25 8.77896
      vertex 15.3479 4.99 8.11688
      vertex 15.1816 4.99 8.6067
    endloop
  endfacet
  facet normal 0.53376 0.704331 0.467994
    outer loop
      vertex 17.434 3.25 8.04901
      vertex 16.2106 4.99 6.82563
      vertex 15.8696 4.99 7.21455
    endloop
  endfacet
  facet normal 0.468012 0.704339 0.533734
    outer loop
      vertex 17.6553 3.25 7.85496
      vertex 16.5995 4.99 6.48457
      vertex 17.434 3.25 8.04901
    endloop
  endfacet
  facet normal 0.459546 0.704644 0.540643
    outer loop
      vertex 16.5995 4.99 6.48457
      vertex 17.6553 3.25 7.85496
      vertex 16.6021 4.99 6.48236
    endloop
  endfacet
  facet normal 0.672199 0.704335 -0.228167
    outer loop
      vertex 16.8517 3.25 10.2223
      vertex 15.1816 4.99 10.6733
      vertex 16.9463 3.25 10.501
    endloop
  endfacet
  facet normal 0.671397 0.704245 -0.230793
    outer loop
      vertex 15.1816 4.99 10.6733
      vertex 16.8517 3.25 10.2223
      vertex 15.1805 4.99 10.6701
    endloop
  endfacet
  facet normal 0.230793 0.704245 -0.671397
    outer loop
      vertex 18.4427 3.25 11.8133
      vertex 17.9917 4.99 13.4834
      vertex 17.9949 4.99 13.4845
    endloop
  endfacet
  facet normal 0.228167 0.704335 -0.672199
    outer loop
      vertex 17.9917 4.99 13.4834
      vertex 18.4427 3.25 11.8133
      vertex 18.164 3.25 11.7187
    endloop
  endfacet
  facet normal 0.138477 0.704337 -0.696228
    outer loop
      vertex 18.5022 4.99 13.5854
      vertex 18.4427 3.25 11.8133
      vertex 17.9949 4.99 13.4845
    endloop
  endfacet
  facet normal 0.147369 0.704002 -0.69474
    outer loop
      vertex 18.7313 3.25 11.8708
      vertex 18.5022 4.99 13.5854
      vertex 18.5055 4.99 13.5861
    endloop
  endfacet
  facet normal 0.138711 0.70431 -0.696209
    outer loop
      vertex 18.5022 4.99 13.5854
      vertex 18.7313 3.25 11.8708
      vertex 18.4427 3.25 11.8133
    endloop
  endfacet
  facet normal -0.0464232 0.704328 0.708355
    outer loop
      vertex 19.5412 4.99 5.69372
      vertex 19.025 4.99 5.65989
      vertex 19.025 3.25 7.39
    endloop
  endfacet
  facet normal 0.313928 0.704332 0.636683
    outer loop
      vertex 18.164 3.25 7.56127
      vertex 17.4989 4.99 5.96433
      vertex 17.9 3.25 7.69144
    endloop
  endfacet
  facet normal 0.314066 0.704327 0.63662
    outer loop
      vertex 17.4989 4.99 5.96433
      vertex 18.164 3.25 7.56127
      vertex 17.5019 4.99 5.96285
    endloop
  endfacet
  facet normal 0.228187 0.704331 0.672197
    outer loop
      vertex 18.164 3.25 7.56127
      vertex 17.9917 4.99 5.79658
      vertex 17.5019 4.99 5.96285
    endloop
  endfacet
  facet normal 0.696231 0.704336 0.138467
    outer loop
      vertex 16.8517 3.25 9.05766
      vertex 15.1805 4.99 8.60987
      vertex 15.0796 4.99 9.11721
    endloop
  endfacet
  facet normal 0.708673 0.704228 -0.0429499
    outer loop
      vertex 16.7943 3.25 9.93368
      vertex 15.0787 4.99 10.1562
      vertex 15.0789 4.99 10.1595
    endloop
  endfacet
  facet normal 0.708327 0.704348 -0.0465497
    outer loop
      vertex 15.0787 4.99 10.1562
      vertex 16.7943 3.25 9.93368
      vertex 16.775 3.25 9.64
    endloop
  endfacet
  facet normal 0.672202 0.704333 0.228168
    outer loop
      vertex 15.1816 4.99 8.6067
      vertex 16.8517 3.25 9.05766
      vertex 16.9463 3.25 8.77896
    endloop
  endfacet
  facet normal 0.670792 0.704172 0.232767
    outer loop
      vertex 16.8517 3.25 9.05766
      vertex 15.1816 4.99 8.6067
      vertex 15.1805 4.99 8.60987
    endloop
  endfacet
  facet normal -0.227216 0.704469 0.672381
    outer loop
      vertex 19.9 3.28669 7.52756
      vertex 19.9 3.39104 7.41823
      vertex 19.886 3.25 7.56127
    endloop
  endfacet
  facet normal 0.0464232 0.704328 0.708355
    outer loop
      vertex 19.025 3.25 7.39
      vertex 19.025 4.99 5.65989
      vertex 18.5088 4.99 5.69372
    endloop
  endfacet
  facet normal -0.22816 0.704358 0.672178
    outer loop
      vertex 19.9 3.39104 7.41823
      vertex 19.6073 3.25 7.46667
      vertex 19.886 3.25 7.56127
    endloop
  endfacet
  facet normal -0.228146 0.704338 0.672204
    outer loop
      vertex 19.6073 3.25 7.46667
      vertex 19.9 3.39104 7.41823
      vertex 19.9 4.3872 6.37445
    endloop
  endfacet
  facet normal 0.0464277 0.704329 0.708354
    outer loop
      vertex 18.5088 4.99 5.69372
      vertex 18.7313 3.25 7.40925
      vertex 19.025 3.25 7.39
    endloop
  endfacet
  facet normal 0.0472184 0.704354 0.708277
    outer loop
      vertex 18.7313 3.25 7.40925
      vertex 18.5088 4.99 5.69372
      vertex 18.5055 4.99 5.69394
    endloop
  endfacet
  facet normal -0.0472184 0.704354 0.708277
    outer loop
      vertex 19.5412 4.99 5.69372
      vertex 19.3187 3.25 7.40925
      vertex 19.5445 4.99 5.69394
    endloop
  endfacet
  facet normal -0.0464277 0.704329 0.708354
    outer loop
      vertex 19.3187 3.25 7.40925
      vertex 19.5412 4.99 5.69372
      vertex 19.025 3.25 7.39
    endloop
  endfacet
  facet normal -0.138522 0.704328 0.696228
    outer loop
      vertex 19.5478 4.99 5.69459
      vertex 19.3187 3.25 7.40925
      vertex 19.6073 3.25 7.46667
    endloop
  endfacet
  facet normal -0.13718 0.70437 0.696451
    outer loop
      vertex 19.3187 3.25 7.40925
      vertex 19.5478 4.99 5.69459
      vertex 19.5445 4.99 5.69394
    endloop
  endfacet
  facet normal 0.997861 -0 0.0653646
    outer loop
      vertex 15.025 4.99 9.64
      vertex 15.0592 5 9.1179
      vertex 15.025 5 9.64
    endloop
  endfacet
  facet normal 0.997861 0 0.0653646
    outer loop
      vertex 15.0592 5 9.1179
      vertex 15.025 4.99 9.64
      vertex 15.0592 4.99 9.1179
    endloop
  endfacet
  facet normal -0.0654027 0 0.997859
    outer loop
      vertex 19.025 5 5.64
      vertex 19.5471 4.99 5.67422
      vertex 19.5471 5 5.67422
    endloop
  endfacet
  facet normal -0.0654027 0 0.997859
    outer loop
      vertex 19.5471 4.99 5.67422
      vertex 19.025 5 5.64
      vertex 19.025 4.99 5.64
    endloop
  endfacet
  facet normal 0.659321 0 0.751861
    outer loop
      vertex 16.1966 5 6.81157
      vertex 16.59 4.99 6.46659
      vertex 16.59 5 6.46659
    endloop
  endfacet
  facet normal 0.659321 0 0.751861
    outer loop
      vertex 16.59 4.99 6.46659
      vertex 16.1966 5 6.81157
      vertex 16.1966 4.99 6.81157
    endloop
  endfacet
  facet normal 0.321464 0 0.946922
    outer loop
      vertex 17.4943 5 5.94448
      vertex 17.9897 4.99 5.7763
      vertex 17.9897 5 5.7763
    endloop
  endfacet
  facet normal 0.321464 0 0.946922
    outer loop
      vertex 17.9897 4.99 5.7763
      vertex 17.4943 5 5.94448
      vertex 17.4943 4.99 5.94448
    endloop
  endfacet
  facet normal 0.980779 0 -0.195124
    outer loop
      vertex 15.1613 4.99 10.6753
      vertex 15.0592 5 10.1621
      vertex 15.1613 5 10.6753
    endloop
  endfacet
  facet normal 0.980779 0 -0.195124
    outer loop
      vertex 15.0592 5 10.1621
      vertex 15.1613 4.99 10.6753
      vertex 15.0592 4.99 10.1621
    endloop
  endfacet
  facet normal 0 1 -0
    outer loop
      vertex 19.9 4.99 5.74442
      vertex 19.5478 4.99 5.69459
      vertex 19.9 4.99 5.76465
    endloop
  endfacet
  facet normal 0 1 0
    outer loop
      vertex 19.5471 4.99 5.67422
      vertex 19.5478 4.99 5.69459
      vertex 19.9 4.99 5.74442
    endloop
  endfacet
  facet normal 0 1 0
    outer loop
      vertex 19.5478 4.99 5.69459
      vertex 19.5471 4.99 5.67422
      vertex 19.5445 4.99 5.69394
    endloop
  endfacet
  facet normal 0 1 0
    outer loop
      vertex 19.5471 4.99 5.67422
      vertex 19.5412 4.99 5.69372
      vertex 19.5445 4.99 5.69394
    endloop
  endfacet
  facet normal 0 1 0
    outer loop
      vertex 19.025 4.99 5.64
      vertex 19.5412 4.99 5.69372
      vertex 19.5471 4.99 5.67422
    endloop
  endfacet
  facet normal 0 1 0
    outer loop
      vertex 19.5412 4.99 5.69372
      vertex 19.025 4.99 5.64
      vertex 19.025 4.99 5.65989
    endloop
  endfacet
  facet normal 0 1 -0
    outer loop
      vertex 19.5412 4.99 13.5863
      vertex 19.025 4.99 13.64
      vertex 19.5471 4.99 13.6058
    endloop
  endfacet
  facet normal 0 1 0
    outer loop
      vertex 19.025 4.99 13.64
      vertex 19.5412 4.99 13.5863
      vertex 19.025 4.99 13.6201
    endloop
  endfacet
  facet normal 0 1 0
    outer loop
      vertex 19.5471 4.99 13.6058
      vertex 19.5445 4.99 13.5861
      vertex 19.5412 4.99 13.5863
    endloop
  endfacet
  facet normal 0 1 0
    outer loop
      vertex 19.5471 4.99 13.6058
      vertex 19.5478 4.99 13.5854
      vertex 19.5445 4.99 13.5861
    endloop
  endfacet
  facet normal 0 1 0
    outer loop
      vertex 19.9 4.99 13.5356
      vertex 19.5478 4.99 13.5854
      vertex 19.5471 4.99 13.6058
    endloop
  endfacet
  facet normal 0 1 0
    outer loop
      vertex 19.5478 4.99 13.5854
      vertex 19.9 4.99 13.5356
      vertex 19.9 4.99 13.5154
    endloop
  endfacet
  facet normal 0 1 0
    outer loop
      vertex 18.5088 4.99 13.5863
      vertex 19.025 4.99 13.64
      vertex 19.025 4.99 13.6201
    endloop
  endfacet
  facet normal 0 1 0
    outer loop
      vertex 19.025 4.99 13.64
      vertex 18.5088 4.99 13.5863
      vertex 18.5029 4.99 13.6058
    endloop
  endfacet
  facet normal 0 1 -0
    outer loop
      vertex 18.5055 4.99 13.5861
      vertex 18.5029 4.99 13.6058
      vertex 18.5088 4.99 13.5863
    endloop
  endfacet
  facet normal 0 1 0
    outer loop
      vertex 18.5022 4.99 13.5854
      vertex 18.5029 4.99 13.6058
      vertex 18.5055 4.99 13.5861
    endloop
  endfacet
  facet normal 0 1 -0
    outer loop
      vertex 18.5022 4.99 13.5854
      vertex 17.9897 4.99 13.5037
      vertex 18.5029 4.99 13.6058
    endloop
  endfacet
  facet normal 0 1 -0
    outer loop
      vertex 17.9949 4.99 13.4845
      vertex 17.9897 4.99 13.5037
      vertex 18.5022 4.99 13.5854
    endloop
  endfacet
  facet normal 0 1 -0
    outer loop
      vertex 17.9917 4.99 13.4834
      vertex 17.9897 4.99 13.5037
      vertex 17.9949 4.99 13.4845
    endloop
  endfacet
  facet normal 0 1 0
    outer loop
      vertex 17.9917 4.99 13.4834
      vertex 17.4943 4.99 13.3355
      vertex 17.9897 4.99 13.5037
    endloop
  endfacet
  facet normal 0 1 -0
    outer loop
      vertex 17.5019 4.99 13.3171
      vertex 17.4943 4.99 13.3355
      vertex 17.9917 4.99 13.4834
    endloop
  endfacet
  facet normal 0 1 -0
    outer loop
      vertex 17.4989 4.99 13.3157
      vertex 17.4943 4.99 13.3355
      vertex 17.5019 4.99 13.3171
    endloop
  endfacet
  facet normal 0 1 0
    outer loop
      vertex 17.4989 4.99 13.3157
      vertex 17.025 4.99 13.1041
      vertex 17.4943 4.99 13.3355
    endloop
  endfacet
  facet normal 0 1 -0
    outer loop
      vertex 17.0349 4.99 13.0869
      vertex 17.025 4.99 13.1041
      vertex 17.4989 4.99 13.3157
    endloop
  endfacet
  facet normal 0 1 0
    outer loop
      vertex 16.6048 4.99 12.7995
      vertex 17.025 4.99 13.1041
      vertex 17.0349 4.99 13.0869
    endloop
  endfacet
  facet normal 0 1 0
    outer loop
      vertex 17.025 4.99 13.1041
      vertex 16.6048 4.99 12.7995
      vertex 16.59 4.99 12.8134
    endloop
  endfacet
  facet normal 0 1 -0
    outer loop
      vertex 16.6021 4.99 12.7976
      vertex 16.59 4.99 12.8134
      vertex 16.6048 4.99 12.7995
    endloop
  endfacet
  facet normal 0 1 -0
    outer loop
      vertex 16.5995 4.99 12.7954
      vertex 16.59 4.99 12.8134
      vertex 16.6021 4.99 12.7976
    endloop
  endfacet
  facet normal 0 1 0
    outer loop
      vertex 16.5995 4.99 12.7954
      vertex 16.1966 4.99 12.4684
      vertex 16.59 4.99 12.8134
    endloop
  endfacet
  facet normal 0 1 -0
    outer loop
      vertex 16.2106 4.99 12.4544
      vertex 16.1966 4.99 12.4684
      vertex 16.5995 4.99 12.7954
    endloop
  endfacet
  facet normal 0 1 0
    outer loop
      vertex 15.8696 4.99 12.0655
      vertex 16.1966 4.99 12.4684
      vertex 16.2106 4.99 12.4544
    endloop
  endfacet
  facet normal 0 1 0
    outer loop
      vertex 16.1966 4.99 12.4684
      vertex 15.8696 4.99 12.0655
      vertex 15.8516 4.99 12.075
    endloop
  endfacet
  facet normal 0 1 -0
    outer loop
      vertex 15.8674 4.99 12.0629
      vertex 15.8516 4.99 12.075
      vertex 15.8696 4.99 12.0655
    endloop
  endfacet
  facet normal 0 1 -0
    outer loop
      vertex 15.8655 4.99 12.0602
      vertex 15.8516 4.99 12.075
      vertex 15.8674 4.99 12.0629
    endloop
  endfacet
  facet normal 0 1 0
    outer loop
      vertex 15.8655 4.99 12.0602
      vertex 15.5609 4.99 11.64
      vertex 15.8516 4.99 12.075
    endloop
  endfacet
  facet normal 0 1 -0
    outer loop
      vertex 15.5781 4.99 11.6301
      vertex 15.5609 4.99 11.64
      vertex 15.8655 4.99 12.0602
    endloop
  endfacet
  facet normal 0 1 0
    outer loop
      vertex 15.3493 4.99 11.1661
      vertex 15.5609 4.99 11.64
      vertex 15.5781 4.99 11.6301
    endloop
  endfacet
  facet normal 0 1 0
    outer loop
      vertex 15.5609 4.99 11.64
      vertex 15.3493 4.99 11.1661
      vertex 15.3295 4.99 11.1707
    endloop
  endfacet
  facet normal 0 1 -0
    outer loop
      vertex 15.3479 4.99 11.1631
      vertex 15.3295 4.99 11.1707
      vertex 15.3493 4.99 11.1661
    endloop
  endfacet
  facet normal 0 1 0
    outer loop
      vertex 15.1816 4.99 10.6733
      vertex 15.3295 4.99 11.1707
      vertex 15.3479 4.99 11.1631
    endloop
  endfacet
  facet normal 0 1 0
    outer loop
      vertex 15.3295 4.99 11.1707
      vertex 15.1816 4.99 10.6733
      vertex 15.1613 4.99 10.6753
    endloop
  endfacet
  facet normal 0 1 -0
    outer loop
      vertex 15.1805 4.99 10.6701
      vertex 15.1613 4.99 10.6753
      vertex 15.1816 4.99 10.6733
    endloop
  endfacet
  facet normal 0 1 0
    outer loop
      vertex 15.0796 4.99 10.1628
      vertex 15.1613 4.99 10.6753
      vertex 15.1805 4.99 10.6701
    endloop
  endfacet
  facet normal 0 1 -0
    outer loop
      vertex 15.0796 4.99 10.1628
      vertex 15.0592 4.99 10.1621
      vertex 15.1613 4.99 10.6753
    endloop
  endfacet
  facet normal 0 1 -0
    outer loop
      vertex 15.0789 4.99 10.1595
      vertex 15.0592 4.99 10.1621
      vertex 15.0796 4.99 10.1628
    endloop
  endfacet
  facet normal 0 1 -0
    outer loop
      vertex 15.0787 4.99 10.1562
      vertex 15.0592 4.99 10.1621
      vertex 15.0789 4.99 10.1595
    endloop
  endfacet
  facet normal 0 1 0
    outer loop
      vertex 15.025 4.99 9.64
      vertex 15.0787 4.99 10.1562
      vertex 15.0449 4.99 9.64
    endloop
  endfacet
  facet normal 0 1 0
    outer loop
      vertex 15.0787 4.99 10.1562
      vertex 15.025 4.99 9.64
      vertex 15.0592 4.99 10.1621
    endloop
  endfacet
  facet normal 0 1 0
    outer loop
      vertex 15.0787 4.99 9.12383
      vertex 15.025 4.99 9.64
      vertex 15.0449 4.99 9.64
    endloop
  endfacet
  facet normal 0 1 0
    outer loop
      vertex 15.0592 4.99 9.1179
      vertex 15.0787 4.99 9.12383
      vertex 15.0789 4.99 9.12049
    endloop
  endfacet
  facet normal 0 1 0
    outer loop
      vertex 15.0787 4.99 9.12383
      vertex 15.0592 4.99 9.1179
      vertex 15.025 4.99 9.64
    endloop
  endfacet
  facet normal 0 1 0
    outer loop
      vertex 15.0796 4.99 9.11721
      vertex 15.0592 4.99 9.1179
      vertex 15.0789 4.99 9.12049
    endloop
  endfacet
  facet normal 0 1 -0
    outer loop
      vertex 15.1613 4.99 8.60472
      vertex 15.0796 4.99 9.11721
      vertex 15.1805 4.99 8.60987
    endloop
  endfacet
  facet normal 0 1 0
    outer loop
      vertex 15.0796 4.99 9.11721
      vertex 15.1613 4.99 8.60472
      vertex 15.0592 4.99 9.1179
    endloop
  endfacet
  facet normal 0 1 0
    outer loop
      vertex 15.1816 4.99 8.6067
      vertex 15.1613 4.99 8.60472
      vertex 15.1805 4.99 8.60987
    endloop
  endfacet
  facet normal 0 1 -0
    outer loop
      vertex 15.3295 4.99 8.10927
      vertex 15.1816 4.99 8.6067
      vertex 15.3479 4.99 8.11688
    endloop
  endfacet
  facet normal 0 1 0
    outer loop
      vertex 15.1816 4.99 8.6067
      vertex 15.3295 4.99 8.10927
      vertex 15.1613 4.99 8.60472
    endloop
  endfacet
  facet normal 0 1 0
    outer loop
      vertex 15.3493 4.99 8.11388
      vertex 15.3295 4.99 8.10927
      vertex 15.3479 4.99 8.11688
    endloop
  endfacet
  facet normal 0 1 -0
    outer loop
      vertex 15.5609 4.99 7.64
      vertex 15.3493 4.99 8.11388
      vertex 15.5781 4.99 7.64994
    endloop
  endfacet
  facet normal 0 1 0
    outer loop
      vertex 15.3493 4.99 8.11388
      vertex 15.5609 4.99 7.64
      vertex 15.3295 4.99 8.10927
    endloop
  endfacet
  facet normal 0 1 0
    outer loop
      vertex 15.8655 4.99 7.21984
      vertex 15.5609 4.99 7.64
      vertex 15.5781 4.99 7.64994
    endloop
  endfacet
  facet normal 0 1 0
    outer loop
      vertex 15.8516 4.99 7.20495
      vertex 15.8655 4.99 7.21984
      vertex 15.8674 4.99 7.21706
    endloop
  endfacet
  facet normal 0 1 0
    outer loop
      vertex 15.8655 4.99 7.21984
      vertex 15.8516 4.99 7.20495
      vertex 15.5609 4.99 7.64
    endloop
  endfacet
  facet normal 0 1 0
    outer loop
      vertex 15.8696 4.99 7.21455
      vertex 15.8516 4.99 7.20495
      vertex 15.8674 4.99 7.21706
    endloop
  endfacet
  facet normal 0 1 -0
    outer loop
      vertex 16.1966 4.99 6.81157
      vertex 15.8696 4.99 7.21455
      vertex 16.2106 4.99 6.82563
    endloop
  endfacet
  facet normal 0 1 0
    outer loop
      vertex 15.8696 4.99 7.21455
      vertex 16.1966 4.99 6.81157
      vertex 15.8516 4.99 7.20495
    endloop
  endfacet
  facet normal 0 1 0
    outer loop
      vertex 16.5995 4.99 6.48457
      vertex 16.1966 4.99 6.81157
      vertex 16.2106 4.99 6.82563
    endloop
  endfacet
  facet normal 0 1 0
    outer loop
      vertex 16.59 4.99 6.46659
      vertex 16.5995 4.99 6.48457
      vertex 16.6021 4.99 6.48236
    endloop
  endfacet
  facet normal 0 1 0
    outer loop
      vertex 16.5995 4.99 6.48457
      vertex 16.59 4.99 6.46659
      vertex 16.1966 4.99 6.81157
    endloop
  endfacet
  facet normal 0 1 0
    outer loop
      vertex 16.6048 4.99 6.4805
      vertex 16.59 4.99 6.46659
      vertex 16.6021 4.99 6.48236
    endloop
  endfacet
  facet normal 0 1 -0
    outer loop
      vertex 17.025 4.99 6.1759
      vertex 16.6048 4.99 6.4805
      vertex 17.0349 4.99 6.19312
    endloop
  endfacet
  facet normal 0 1 0
    outer loop
      vertex 16.6048 4.99 6.4805
      vertex 17.025 4.99 6.1759
      vertex 16.59 4.99 6.46659
    endloop
  endfacet
  facet normal 0 1 0
    outer loop
      vertex 17.4989 4.99 5.96433
      vertex 17.025 4.99 6.1759
      vertex 17.0349 4.99 6.19312
    endloop
  endfacet
  facet normal 0 1 0
    outer loop
      vertex 17.4943 4.99 5.94448
      vertex 17.4989 4.99 5.96433
      vertex 17.5019 4.99 5.96285
    endloop
  endfacet
  facet normal 0 1 0
    outer loop
      vertex 17.4989 4.99 5.96433
      vertex 17.4943 4.99 5.94448
      vertex 17.025 4.99 6.1759
    endloop
  endfacet
  facet normal 0 1 0
    outer loop
      vertex 17.9917 4.99 5.79658
      vertex 17.4943 4.99 5.94448
      vertex 17.5019 4.99 5.96285
    endloop
  endfacet
  facet normal 0 1 0
    outer loop
      vertex 17.9897 4.99 5.7763
      vertex 17.9917 4.99 5.79658
      vertex 17.9949 4.99 5.79551
    endloop
  endfacet
  facet normal 0 1 0
    outer loop
      vertex 17.9917 4.99 5.79658
      vertex 17.9897 4.99 5.7763
      vertex 17.4943 4.99 5.94448
    endloop
  endfacet
  facet normal 0 1 0
    outer loop
      vertex 18.5022 4.99 5.69459
      vertex 17.9897 4.99 5.7763
      vertex 17.9949 4.99 5.79551
    endloop
  endfacet
  facet normal 0 1 -0
    outer loop
      vertex 18.5029 4.99 5.67422
      vertex 18.5022 4.99 5.69459
      vertex 18.5055 4.99 5.69394
    endloop
  endfacet
  facet normal 0 1 0
    outer loop
      vertex 18.5022 4.99 5.69459
      vertex 18.5029 4.99 5.67422
      vertex 17.9897 4.99 5.7763
    endloop
  endfacet
  facet normal 0 1 0
    outer loop
      vertex 18.5088 4.99 5.69372
      vertex 18.5029 4.99 5.67422
      vertex 18.5055 4.99 5.69394
    endloop
  endfacet
  facet normal 0 1 -0
    outer loop
      vertex 19.025 4.99 5.64
      vertex 18.5088 4.99 5.69372
      vertex 19.025 4.99 5.65989
    endloop
  endfacet
  facet normal 0 1 0
    outer loop
      vertex 18.5088 4.99 5.69372
      vertex 19.025 4.99 5.64
      vertex 18.5029 4.99 5.67422
    endloop
  endfacet
  facet normal 0.831462 -0 0.555582
    outer loop
      vertex 15.5609 4.99 7.64
      vertex 15.8516 5 7.20495
      vertex 15.5609 5 7.64
    endloop
  endfacet
  facet normal 0.831462 0 0.555582
    outer loop
      vertex 15.8516 5 7.20495
      vertex 15.5609 4.99 7.64
      vertex 15.8516 4.99 7.20495
    endloop
  endfacet
  facet normal 0.751826 -0 0.659362
    outer loop
      vertex 15.8516 4.99 7.20495
      vertex 16.1966 5 6.81157
      vertex 15.8516 5 7.20495
    endloop
  endfacet
  facet normal 0.751826 0 0.659362
    outer loop
      vertex 16.1966 5 6.81157
      vertex 15.8516 4.99 7.20495
      vertex 16.1966 4.99 6.81157
    endloop
  endfacet
  facet normal 0.555613 0 0.831441
    outer loop
      vertex 16.59 5 6.46659
      vertex 17.025 4.99 6.1759
      vertex 17.025 5 6.1759
    endloop
  endfacet
  facet normal 0.555613 0 0.831441
    outer loop
      vertex 17.025 4.99 6.1759
      vertex 16.59 5 6.46659
      vertex 16.59 4.99 6.46659
    endloop
  endfacet
  facet normal 0.0654027 0 0.997859
    outer loop
      vertex 18.5029 5 5.67422
      vertex 19.025 4.99 5.64
      vertex 19.025 5 5.64
    endloop
  endfacet
  facet normal 0.0654027 0 0.997859
    outer loop
      vertex 19.025 4.99 5.64
      vertex 18.5029 5 5.67422
      vertex 18.5029 4.99 5.67422
    endloop
  endfacet
  facet normal 0.659343 0 -0.751842
    outer loop
      vertex 16.1966 4.99 12.4684
      vertex 16.59 5 12.8134
      vertex 16.59 4.99 12.8134
    endloop
  endfacet
  facet normal 0.659343 0 -0.751842
    outer loop
      vertex 16.59 5 12.8134
      vertex 16.1966 4.99 12.4684
      vertex 16.1966 5 12.4684
    endloop
  endfacet
  facet normal 0.321498 0 -0.94691
    outer loop
      vertex 17.4943 4.99 13.3355
      vertex 17.9897 5 13.5037
      vertex 17.9897 4.99 13.5037
    endloop
  endfacet
  facet normal 0.321498 0 -0.94691
    outer loop
      vertex 17.9897 5 13.5037
      vertex 17.4943 4.99 13.3355
      vertex 17.4943 5 13.3355
    endloop
  endfacet
  facet normal 0.751842 0 -0.659343
    outer loop
      vertex 16.1966 4.99 12.4684
      vertex 15.8516 5 12.075
      vertex 16.1966 5 12.4684
    endloop
  endfacet
  facet normal 0.751842 0 -0.659343
    outer loop
      vertex 15.8516 5 12.075
      vertex 16.1966 4.99 12.4684
      vertex 15.8516 4.99 12.075
    endloop
  endfacet
  facet normal 0.997861 0 -0.0653646
    outer loop
      vertex 15.0592 4.99 10.1621
      vertex 15.025 5 9.64
      vertex 15.0592 5 10.1621
    endloop
  endfacet
  facet normal 0.997861 0 -0.0653646
    outer loop
      vertex 15.025 5 9.64
      vertex 15.0592 4.99 10.1621
      vertex 15.025 4.99 9.64
    endloop
  endfacet
  facet normal -0.195101 0 0.980783
    outer loop
      vertex 19.5471 5 5.67422
      vertex 19.9 4.99 5.74442
      vertex 19.9 5 5.74442
    endloop
  endfacet
  facet normal -0.195101 0 0.980783
    outer loop
      vertex 19.9 4.99 5.74442
      vertex 19.5471 5 5.67422
      vertex 19.5471 4.99 5.67422
    endloop
  endfacet
  facet normal 0.896887 -0 0.44226
    outer loop
      vertex 15.3295 4.99 8.10927
      vertex 15.5609 5 7.64
      vertex 15.3295 5 8.10927
    endloop
  endfacet
  facet normal 0.896887 0 0.44226
    outer loop
      vertex 15.5609 5 7.64
      vertex 15.3295 4.99 8.10927
      vertex 15.5609 4.99 7.64
    endloop
  endfacet
  facet normal 0.94692 -0 0.321469
    outer loop
      vertex 15.1613 4.99 8.60472
      vertex 15.3295 5 8.10927
      vertex 15.1613 5 8.60472
    endloop
  endfacet
  facet normal 0.94692 0 0.321469
    outer loop
      vertex 15.3295 5 8.10927
      vertex 15.1613 4.99 8.60472
      vertex 15.3295 4.99 8.10927
    endloop
  endfacet
  facet normal 0.980777 -0 0.195131
    outer loop
      vertex 15.0592 4.99 9.1179
      vertex 15.1613 5 8.60472
      vertex 15.0592 5 9.1179
    endloop
  endfacet
  facet normal 0.980777 0 0.195131
    outer loop
      vertex 15.1613 5 8.60472
      vertex 15.0592 4.99 9.1179
      vertex 15.1613 4.99 8.60472
    endloop
  endfacet
  facet normal 0.195087 0 0.980786
    outer loop
      vertex 17.9897 5 5.7763
      vertex 18.5029 4.99 5.67422
      vertex 18.5029 5 5.67422
    endloop
  endfacet
  facet normal 0.195087 0 0.980786
    outer loop
      vertex 18.5029 4.99 5.67422
      vertex 17.9897 5 5.7763
      vertex 17.9897 4.99 5.7763
    endloop
  endfacet
  facet normal -0.0653646 0 -0.997861
    outer loop
      vertex 19.025 4.99 13.64
      vertex 19.5471 5 13.6058
      vertex 19.5471 4.99 13.6058
    endloop
  endfacet
  facet normal -0.0653646 0 -0.997861
    outer loop
      vertex 19.5471 5 13.6058
      vertex 19.025 4.99 13.64
      vertex 19.025 5 13.64
    endloop
  endfacet
  facet normal 0.555626 0 -0.831432
    outer loop
      vertex 16.59 4.99 12.8134
      vertex 17.025 5 13.1041
      vertex 17.025 4.99 13.1041
    endloop
  endfacet
  facet normal 0.555626 0 -0.831432
    outer loop
      vertex 17.025 5 13.1041
      vertex 16.59 4.99 12.8134
      vertex 16.59 5 12.8134
    endloop
  endfacet
  facet normal 0.0653646 0 -0.997861
    outer loop
      vertex 18.5029 4.99 13.6058
      vertex 19.025 5 13.64
      vertex 19.025 4.99 13.64
    endloop
  endfacet
  facet normal 0.0653646 0 -0.997861
    outer loop
      vertex 19.025 5 13.64
      vertex 18.5029 4.99 13.6058
      vertex 18.5029 5 13.6058
    endloop
  endfacet
  facet normal 0.896898 0 -0.442238
    outer loop
      vertex 15.5609 4.99 11.64
      vertex 15.3295 5 11.1707
      vertex 15.5609 5 11.64
    endloop
  endfacet
  facet normal 0.896898 0 -0.442238
    outer loop
      vertex 15.3295 5 11.1707
      vertex 15.5609 4.99 11.64
      vertex 15.3295 4.99 11.1707
    endloop
  endfacet
  facet normal 0.442268 0 0.896883
    outer loop
      vertex 17.025 5 6.1759
      vertex 17.4943 4.99 5.94448
      vertex 17.4943 5 5.94448
    endloop
  endfacet
  facet normal 0.442268 0 0.896883
    outer loop
      vertex 17.4943 4.99 5.94448
      vertex 17.025 5 6.1759
      vertex 17.025 4.99 6.1759
    endloop
  endfacet
  facet normal -0.195101 0 -0.980783
    outer loop
      vertex 19.5471 4.99 13.6058
      vertex 19.9 5 13.5356
      vertex 19.9 4.99 13.5356
    endloop
  endfacet
  facet normal -0.195101 0 -0.980783
    outer loop
      vertex 19.9 5 13.5356
      vertex 19.5471 4.99 13.6058
      vertex 19.5471 5 13.6058
    endloop
  endfacet
  facet normal 0.442238 0 -0.896898
    outer loop
      vertex 17.025 4.99 13.1041
      vertex 17.4943 5 13.3355
      vertex 17.4943 4.99 13.3355
    endloop
  endfacet
  facet normal 0.442238 0 -0.896898
    outer loop
      vertex 17.4943 5 13.3355
      vertex 17.025 4.99 13.1041
      vertex 17.025 5 13.1041
    endloop
  endfacet
  facet normal 0.195124 0 -0.980779
    outer loop
      vertex 17.9897 4.99 13.5037
      vertex 18.5029 5 13.6058
      vertex 18.5029 4.99 13.6058
    endloop
  endfacet
  facet normal 0.195124 0 -0.980779
    outer loop
      vertex 18.5029 5 13.6058
      vertex 17.9897 4.99 13.5037
      vertex 17.9897 5 13.5037
    endloop
  endfacet
  facet normal 0.831432 0 -0.555626
    outer loop
      vertex 15.8516 4.99 12.075
      vertex 15.5609 5 11.64
      vertex 15.8516 5 12.075
    endloop
  endfacet
  facet normal 0.831432 0 -0.555626
    outer loop
      vertex 15.5609 5 11.64
      vertex 15.8516 4.99 12.075
      vertex 15.5609 4.99 11.64
    endloop
  endfacet
  facet normal 0.94691 0 -0.321498
    outer loop
      vertex 15.3295 4.99 11.1707
      vertex 15.1613 5 10.6753
      vertex 15.3295 5 11.1707
    endloop
  endfacet
  facet normal 0.94691 0 -0.321498
    outer loop
      vertex 15.1613 5 10.6753
      vertex 15.3295 4.99 11.1707
      vertex 15.1613 4.99 10.6753
    endloop
  endfacet
  facet normal 0.997848 -0 0.0655719
    outer loop
      vertex 16.775 0 39.81
      vertex 16.7943 3.25 39.5163
      vertex 16.775 3.25 39.81
    endloop
  endfacet
  facet normal 0.997848 0 0.0655719
    outer loop
      vertex 16.7943 3.25 39.5163
      vertex 16.775 0 39.81
      vertex 16.7943 0 39.5163
    endloop
  endfacet
  facet normal -0.0655719 0 0.997848
    outer loop
      vertex 19.025 3.25 37.56
      vertex 19.3187 0 37.5793
      vertex 19.3187 3.25 37.5793
    endloop
  endfacet
  facet normal -0.0655719 0 0.997848
    outer loop
      vertex 19.3187 0 37.5793
      vertex 19.025 3.25 37.56
      vertex 19.025 0 37.56
    endloop
  endfacet
  facet normal 0.659202 0 0.751966
    outer loop
      vertex 17.434 3.25 38.219
      vertex 17.6553 0 38.025
      vertex 17.6553 3.25 38.025
    endloop
  endfacet
  facet normal 0.659202 0 0.751966
    outer loop
      vertex 17.6553 0 38.025
      vertex 17.434 3.25 38.219
      vertex 17.434 0 38.219
    endloop
  endfacet
  facet normal 0.321421 0 0.946936
    outer loop
      vertex 18.164 3.25 37.7313
      vertex 18.4427 0 37.6367
      vertex 18.4427 3.25 37.6367
    endloop
  endfacet
  facet normal 0.321421 0 0.946936
    outer loop
      vertex 18.4427 0 37.6367
      vertex 18.164 3.25 37.7313
      vertex 18.164 0 37.7313
    endloop
  endfacet
  facet normal -0.442081 0 0.896975
    outer loop
      vertex 19.886 3.25 37.7313
      vertex 19.9 0 37.7382
      vertex 19.9 3.25 37.7382
    endloop
  endfacet
  facet normal -0.442081 0 0.896975
    outer loop
      vertex 19.9 0 37.7382
      vertex 19.886 3.25 37.7313
      vertex 19.886 0 37.7313
    endloop
  endfacet
  facet normal -0.321421 0 0.946936
    outer loop
      vertex 19.6073 3.25 37.6367
      vertex 19.886 0 37.7313
      vertex 19.886 3.25 37.7313
    endloop
  endfacet
  facet normal -0.321421 0 0.946936
    outer loop
      vertex 19.886 0 37.7313
      vertex 19.6073 3.25 37.6367
      vertex 19.6073 0 37.6367
    endloop
  endfacet
  facet normal 0.896995 -0 0.442042
    outer loop
      vertex 16.9463 0 38.949
      vertex 17.0764 3.25 38.685
      vertex 16.9463 3.25 38.949
    endloop
  endfacet
  facet normal 0.896995 0 0.442042
    outer loop
      vertex 17.0764 3.25 38.685
      vertex 16.9463 0 38.949
      vertex 17.0764 0 38.685
    endloop
  endfacet
  facet normal 0.946936 -0 0.321421
    outer loop
      vertex 16.8517 0 39.2277
      vertex 16.9463 3.25 38.949
      vertex 16.8517 3.25 39.2277
    endloop
  endfacet
  facet normal 0.946936 0 0.321421
    outer loop
      vertex 16.9463 3.25 38.949
      vertex 16.8517 0 39.2277
      vertex 16.9463 0 38.949
    endloop
  endfacet
  facet normal 0.442042 0 0.896995
    outer loop
      vertex 17.9 3.25 37.8614
      vertex 18.164 0 37.7313
      vertex 18.164 3.25 37.7313
    endloop
  endfacet
  facet normal 0.442042 0 0.896995
    outer loop
      vertex 18.164 0 37.7313
      vertex 17.9 3.25 37.8614
      vertex 17.9 0 37.8614
    endloop
  endfacet
  facet normal 0.19507 0 0.980789
    outer loop
      vertex 18.4427 3.25 37.6367
      vertex 18.7313 0 37.5793
      vertex 18.7313 3.25 37.5793
    endloop
  endfacet
  facet normal 0.19507 0 0.980789
    outer loop
      vertex 18.7313 0 37.5793
      vertex 18.4427 3.25 37.6367
      vertex 18.4427 0 37.6367
    endloop
  endfacet
  facet normal -0.442081 0 -0.896975
    outer loop
      vertex 19.886 0 41.8887
      vertex 19.9 3.25 41.8818
      vertex 19.9 0 41.8818
    endloop
  endfacet
  facet normal -0.442081 0 -0.896975
    outer loop
      vertex 19.9 3.25 41.8818
      vertex 19.886 0 41.8887
      vertex 19.886 3.25 41.8887
    endloop
  endfacet
  facet normal 0.321421 0 -0.946936
    outer loop
      vertex 18.164 0 41.8887
      vertex 18.4427 3.25 41.9833
      vertex 18.4427 0 41.9833
    endloop
  endfacet
  facet normal 0.321421 0 -0.946936
    outer loop
      vertex 18.4427 3.25 41.9833
      vertex 18.164 0 41.8887
      vertex 18.164 3.25 41.8887
    endloop
  endfacet
  facet normal 0.896995 0 -0.442042
    outer loop
      vertex 17.0764 0 40.935
      vertex 16.9463 3.25 40.671
      vertex 17.0764 3.25 40.935
    endloop
  endfacet
  facet normal 0.896995 0 -0.442042
    outer loop
      vertex 16.9463 3.25 40.671
      vertex 17.0764 0 40.935
      vertex 16.9463 0 40.671
    endloop
  endfacet
  facet normal -0.19507 0 0.980789
    outer loop
      vertex 19.3187 3.25 37.5793
      vertex 19.6073 0 37.6367
      vertex 19.6073 3.25 37.6367
    endloop
  endfacet
  facet normal -0.19507 0 0.980789
    outer loop
      vertex 19.6073 0 37.6367
      vertex 19.3187 3.25 37.5793
      vertex 19.3187 0 37.5793
    endloop
  endfacet
  facet normal 0.831318 -0 0.555797
    outer loop
      vertex 17.0764 0 38.685
      vertex 17.24 3.25 38.4403
      vertex 17.0764 3.25 38.685
    endloop
  endfacet
  facet normal 0.831318 0 0.555797
    outer loop
      vertex 17.24 3.25 38.4403
      vertex 17.0764 0 38.685
      vertex 17.24 0 38.4403
    endloop
  endfacet
  facet normal 0.751966 -0 0.659202
    outer loop
      vertex 17.24 0 38.4403
      vertex 17.434 3.25 38.219
      vertex 17.24 3.25 38.4403
    endloop
  endfacet
  facet normal 0.751966 0 0.659202
    outer loop
      vertex 17.434 3.25 38.219
      vertex 17.24 0 38.4403
      vertex 17.434 0 38.219
    endloop
  endfacet
  facet normal 0.980789 -0 0.19507
    outer loop
      vertex 16.7943 0 39.5163
      vertex 16.8517 3.25 39.2277
      vertex 16.7943 3.25 39.5163
    endloop
  endfacet
  facet normal 0.980789 0 0.19507
    outer loop
      vertex 16.8517 3.25 39.2277
      vertex 16.7943 0 39.5163
      vertex 16.8517 0 39.2277
    endloop
  endfacet
  facet normal 0.555797 0 0.831318
    outer loop
      vertex 17.6553 3.25 38.025
      vertex 17.9 0 37.8614
      vertex 17.9 3.25 37.8614
    endloop
  endfacet
  facet normal 0.555797 0 0.831318
    outer loop
      vertex 17.9 0 37.8614
      vertex 17.6553 3.25 38.025
      vertex 17.6553 0 38.025
    endloop
  endfacet
  facet normal 0.0655719 0 0.997848
    outer loop
      vertex 18.7313 3.25 37.5793
      vertex 19.025 0 37.56
      vertex 19.025 3.25 37.56
    endloop
  endfacet
  facet normal 0.0655719 0 0.997848
    outer loop
      vertex 19.025 0 37.56
      vertex 18.7313 3.25 37.5793
      vertex 18.7313 0 37.5793
    endloop
  endfacet
  facet normal -0.0655719 0 -0.997848
    outer loop
      vertex 19.025 0 42.06
      vertex 19.3187 3.25 42.0407
      vertex 19.3187 0 42.0407
    endloop
  endfacet
  facet normal -0.0655719 0 -0.997848
    outer loop
      vertex 19.3187 3.25 42.0407
      vertex 19.025 0 42.06
      vertex 19.025 3.25 42.06
    endloop
  endfacet
  facet normal -0.321421 0 -0.946936
    outer loop
      vertex 19.6073 0 41.9833
      vertex 19.886 3.25 41.8887
      vertex 19.886 0 41.8887
    endloop
  endfacet
  facet normal -0.321421 0 -0.946936
    outer loop
      vertex 19.886 3.25 41.8887
      vertex 19.6073 0 41.9833
      vertex 19.6073 3.25 41.9833
    endloop
  endfacet
  facet normal 0.659202 0 -0.751966
    outer loop
      vertex 17.434 0 41.401
      vertex 17.6553 3.25 41.595
      vertex 17.6553 0 41.595
    endloop
  endfacet
  facet normal 0.659202 0 -0.751966
    outer loop
      vertex 17.6553 3.25 41.595
      vertex 17.434 0 41.401
      vertex 17.434 3.25 41.401
    endloop
  endfacet
  facet normal 0.442042 0 -0.896995
    outer loop
      vertex 17.9 0 41.7586
      vertex 18.164 3.25 41.8887
      vertex 18.164 0 41.8887
    endloop
  endfacet
  facet normal 0.442042 0 -0.896995
    outer loop
      vertex 18.164 3.25 41.8887
      vertex 17.9 0 41.7586
      vertex 17.9 3.25 41.7586
    endloop
  endfacet
  facet normal 0.19507 0 -0.980789
    outer loop
      vertex 18.4427 0 41.9833
      vertex 18.7313 3.25 42.0407
      vertex 18.7313 0 42.0407
    endloop
  endfacet
  facet normal 0.19507 0 -0.980789
    outer loop
      vertex 18.7313 3.25 42.0407
      vertex 18.4427 0 41.9833
      vertex 18.4427 3.25 41.9833
    endloop
  endfacet
  facet normal 0.831318 0 -0.555797
    outer loop
      vertex 17.24 0 41.1797
      vertex 17.0764 3.25 40.935
      vertex 17.24 3.25 41.1797
    endloop
  endfacet
  facet normal 0.831318 0 -0.555797
    outer loop
      vertex 17.0764 3.25 40.935
      vertex 17.24 0 41.1797
      vertex 17.0764 0 40.935
    endloop
  endfacet
  facet normal 0.946936 0 -0.321421
    outer loop
      vertex 16.9463 0 40.671
      vertex 16.8517 3.25 40.3923
      vertex 16.9463 3.25 40.671
    endloop
  endfacet
  facet normal 0.946936 0 -0.321421
    outer loop
      vertex 16.8517 3.25 40.3923
      vertex 16.9463 0 40.671
      vertex 16.8517 0 40.3923
    endloop
  endfacet
  facet normal 0.997848 0 -0.0655719
    outer loop
      vertex 16.7943 0 40.1037
      vertex 16.775 3.25 39.81
      vertex 16.7943 3.25 40.1037
    endloop
  endfacet
  facet normal 0.997848 0 -0.0655719
    outer loop
      vertex 16.775 3.25 39.81
      vertex 16.7943 0 40.1037
      vertex 16.775 0 39.81
    endloop
  endfacet
  facet normal -0.19507 0 -0.980789
    outer loop
      vertex 19.3187 0 42.0407
      vertex 19.6073 3.25 41.9833
      vertex 19.6073 0 41.9833
    endloop
  endfacet
  facet normal -0.19507 0 -0.980789
    outer loop
      vertex 19.6073 3.25 41.9833
      vertex 19.3187 0 42.0407
      vertex 19.3187 3.25 42.0407
    endloop
  endfacet
  facet normal 0.555797 0 -0.831318
    outer loop
      vertex 17.6553 0 41.595
      vertex 17.9 3.25 41.7586
      vertex 17.9 0 41.7586
    endloop
  endfacet
  facet normal 0.555797 0 -0.831318
    outer loop
      vertex 17.9 3.25 41.7586
      vertex 17.6553 0 41.595
      vertex 17.6553 3.25 41.595
    endloop
  endfacet
  facet normal 0.0655719 0 -0.997848
    outer loop
      vertex 18.7313 0 42.0407
      vertex 19.025 3.25 42.06
      vertex 19.025 0 42.06
    endloop
  endfacet
  facet normal 0.0655719 0 -0.997848
    outer loop
      vertex 19.025 3.25 42.06
      vertex 18.7313 0 42.0407
      vertex 18.7313 3.25 42.0407
    endloop
  endfacet
  facet normal 0.751966 0 -0.659202
    outer loop
      vertex 17.434 0 41.401
      vertex 17.24 3.25 41.1797
      vertex 17.434 3.25 41.401
    endloop
  endfacet
  facet normal 0.751966 0 -0.659202
    outer loop
      vertex 17.24 3.25 41.1797
      vertex 17.434 0 41.401
      vertex 17.24 0 41.1797
    endloop
  endfacet
  facet normal 0.980789 0 -0.19507
    outer loop
      vertex 16.8517 0 40.3923
      vertex 16.7943 3.25 40.1037
      vertex 16.8517 3.25 40.3923
    endloop
  endfacet
  facet normal 0.980789 0 -0.19507
    outer loop
      vertex 16.7943 3.25 40.1037
      vertex 16.8517 0 40.3923
      vertex 16.7943 0 40.1037
    endloop
  endfacet
  facet normal 0.696228 0.704337 -0.138474
    outer loop
      vertex 16.7943 3.25 40.1037
      vertex 15.0796 4.99 40.3328
      vertex 16.8517 3.25 40.3923
    endloop
  endfacet
  facet normal 0.69472 0.704022 -0.147365
    outer loop
      vertex 15.0796 4.99 40.3328
      vertex 16.7943 3.25 40.1037
      vertex 15.0789 4.99 40.3295
    endloop
  endfacet
  facet normal 0.138474 0.704337 0.696228
    outer loop
      vertex 18.7313 3.25 37.5793
      vertex 18.5022 4.99 35.8646
      vertex 18.4427 3.25 37.6367
    endloop
  endfacet
  facet normal 0.147365 0.704022 0.69472
    outer loop
      vertex 18.5022 4.99 35.8646
      vertex 18.7313 3.25 37.5793
      vertex 18.5055 4.99 35.8639
    endloop
  endfacet
  facet normal -0.0463822 0.704328 -0.708358
    outer loop
      vertex 19.025 4.99 43.7901
      vertex 19.5412 4.99 43.7563
      vertex 19.025 3.25 42.06
    endloop
  endfacet
  facet normal 0.458311 0.704683 -0.54164
    outer loop
      vertex 17.6553 3.25 41.595
      vertex 16.5995 4.99 42.9654
      vertex 16.6021 4.99 42.9676
    endloop
  endfacet
  facet normal 0.467941 0.704343 -0.53379
    outer loop
      vertex 16.5995 4.99 42.9654
      vertex 17.6553 3.25 41.595
      vertex 17.434 3.25 41.401
    endloop
  endfacet
  facet normal 0.3944 0.70433 -0.590228
    outer loop
      vertex 17.0349 4.99 43.2569
      vertex 17.9 3.25 41.7586
      vertex 16.6048 4.99 42.9695
    endloop
  endfacet
  facet normal 0.53379 0.704343 0.467941
    outer loop
      vertex 15.8696 4.99 37.3845
      vertex 17.24 3.25 38.4403
      vertex 17.434 3.25 38.219
    endloop
  endfacet
  facet normal 0.54164 0.704683 0.458311
    outer loop
      vertex 17.24 3.25 38.4403
      vertex 15.8696 4.99 37.3845
      vertex 15.8674 4.99 37.3871
    endloop
  endfacet
  facet normal 0.580169 0.704785 -0.408267
    outer loop
      vertex 17.24 3.25 41.1797
      vertex 15.8655 4.99 42.2302
      vertex 15.8674 4.99 42.2329
    endloop
  endfacet
  facet normal 0.590113 0.70435 -0.394534
    outer loop
      vertex 15.8655 4.99 42.2302
      vertex 17.24 3.25 41.1797
      vertex 17.0764 3.25 40.935
    endloop
  endfacet
  facet normal 0.636736 0.704348 0.313785
    outer loop
      vertex 15.3493 4.99 38.2839
      vertex 16.9463 3.25 38.949
      vertex 17.0764 3.25 38.685
    endloop
  endfacet
  facet normal 0.642901 0.704745 0.300021
    outer loop
      vertex 16.9463 3.25 38.949
      vertex 15.3493 4.99 38.2839
      vertex 15.3479 4.99 38.2869
    endloop
  endfacet
  facet normal 0.394534 0.70435 0.590113
    outer loop
      vertex 16.6048 4.99 36.6505
      vertex 17.6553 3.25 38.025
      vertex 17.9 3.25 37.8614
    endloop
  endfacet
  facet normal 0.408267 0.704785 0.580169
    outer loop
      vertex 17.6553 3.25 38.025
      vertex 16.6048 4.99 36.6505
      vertex 16.6021 4.99 36.6524
    endloop
  endfacet
  facet normal -0.228719 0.70443 -0.671913
    outer loop
      vertex 19.9 3.39104 42.0318
      vertex 19.9 3.28669 41.9224
      vertex 19.886 3.25 41.8887
    endloop
  endfacet
  facet normal 0.636678 0.704328 -0.313948
    outer loop
      vertex 15.5781 4.99 41.8001
      vertex 17.0764 3.25 40.935
      vertex 15.3493 4.99 41.3361
    endloop
  endfacet
  facet normal 0.313948 0.704328 -0.636678
    outer loop
      vertex 17.4989 4.99 43.4857
      vertex 17.9 3.25 41.7586
      vertex 17.0349 4.99 43.2569
    endloop
  endfacet
  facet normal 0.394534 0.70435 -0.590113
    outer loop
      vertex 17.6553 3.25 41.595
      vertex 16.6048 4.99 42.9695
      vertex 17.9 3.25 41.7586
    endloop
  endfacet
  facet normal 0.408267 0.704785 -0.580169
    outer loop
      vertex 16.6048 4.99 42.9695
      vertex 17.6553 3.25 41.595
      vertex 16.6021 4.99 42.9676
    endloop
  endfacet
  facet normal 0.590228 0.70433 -0.3944
    outer loop
      vertex 15.8655 4.99 42.2302
      vertex 17.0764 3.25 40.935
      vertex 15.5781 4.99 41.8001
    endloop
  endfacet
  facet normal 0.636736 0.704348 -0.313785
    outer loop
      vertex 16.9463 3.25 40.671
      vertex 15.3493 4.99 41.3361
      vertex 17.0764 3.25 40.935
    endloop
  endfacet
  facet normal 0.642901 0.704745 -0.300021
    outer loop
      vertex 15.3493 4.99 41.3361
      vertex 16.9463 3.25 40.671
      vertex 15.3479 4.99 41.3331
    endloop
  endfacet
  facet normal -0.313763 0.704463 0.63662
    outer loop
      vertex 19.9 3.25 37.7382
      vertex 19.9 3.28669 37.6976
      vertex 19.886 3.25 37.7313
    endloop
  endfacet
  facet normal 0.313948 0.704328 0.636678
    outer loop
      vertex 17.9 3.25 37.8614
      vertex 17.4989 4.99 36.1343
      vertex 17.0349 4.99 36.3631
    endloop
  endfacet
  facet normal 0.708328 0.704347 0.0465466
    outer loop
      vertex 16.7943 3.25 39.5163
      vertex 15.0787 4.99 39.2938
      vertex 16.775 3.25 39.81
    endloop
  endfacet
  facet normal 0.708674 0.704228 0.0429499
    outer loop
      vertex 15.0787 4.99 39.2938
      vertex 16.7943 3.25 39.5163
      vertex 15.0789 4.99 39.2905
    endloop
  endfacet
  facet normal 0.590113 0.70435 0.394534
    outer loop
      vertex 17.24 3.25 38.4403
      vertex 15.8655 4.99 37.3898
      vertex 17.0764 3.25 38.685
    endloop
  endfacet
  facet normal 0.580169 0.704785 0.408267
    outer loop
      vertex 15.8655 4.99 37.3898
      vertex 17.24 3.25 38.4403
      vertex 15.8674 4.99 37.3871
    endloop
  endfacet
  facet normal 0.3944 0.70433 0.590228
    outer loop
      vertex 17.9 3.25 37.8614
      vertex 17.0349 4.99 36.3631
      vertex 16.6048 4.99 36.6505
    endloop
  endfacet
  facet normal 0.468005 0.704334 0.533746
    outer loop
      vertex 17.434 3.25 38.219
      vertex 16.5995 4.99 36.6546
      vertex 16.2106 4.99 36.9956
    endloop
  endfacet
  facet normal 0.228167 0.704335 0.672199
    outer loop
      vertex 18.4427 3.25 37.6367
      vertex 17.9917 4.99 35.9666
      vertex 18.164 3.25 37.7313
    endloop
  endfacet
  facet normal 0.230793 0.704245 0.671397
    outer loop
      vertex 17.9917 4.99 35.9666
      vertex 18.4427 3.25 37.6367
      vertex 17.9949 4.99 35.9655
    endloop
  endfacet
  facet normal -0.313763 0.704463 -0.63662
    outer loop
      vertex 19.9 3.28669 41.9224
      vertex 19.9 3.25 41.8818
      vertex 19.886 3.25 41.8887
    endloop
  endfacet
  facet normal -0.138369 0.704393 -0.696193
    outer loop
      vertex 19.9 4.3872 43.0755
      vertex 19.5478 4.99 43.7554
      vertex 19.9 4.99 43.6854
    endloop
  endfacet
  facet normal -0.138535 0.70433 -0.696223
    outer loop
      vertex 19.5478 4.99 43.7554
      vertex 19.9 4.3872 43.0755
      vertex 19.6073 3.25 41.9833
    endloop
  endfacet
  facet normal -0.227999 0.704337 -0.672255
    outer loop
      vertex 19.9 3.39104 42.0318
      vertex 19.6073 3.25 41.9833
      vertex 19.9 4.3872 43.0755
    endloop
  endfacet
  facet normal -0.228114 0.704502 -0.672043
    outer loop
      vertex 19.6073 3.25 41.9833
      vertex 19.9 3.39104 42.0318
      vertex 19.886 3.25 41.8887
    endloop
  endfacet
  facet normal -0.147365 0.704022 -0.69472
    outer loop
      vertex 19.5478 4.99 43.7554
      vertex 19.3187 3.25 42.0407
      vertex 19.5445 4.99 43.7561
    endloop
  endfacet
  facet normal -0.138474 0.704337 -0.696228
    outer loop
      vertex 19.3187 3.25 42.0407
      vertex 19.5478 4.99 43.7554
      vertex 19.6073 3.25 41.9833
    endloop
  endfacet
  facet normal -0.0429499 0.704228 -0.708674
    outer loop
      vertex 19.3187 3.25 42.0407
      vertex 19.5412 4.99 43.7563
      vertex 19.5445 4.99 43.7561
    endloop
  endfacet
  facet normal -0.0465466 0.704347 -0.708328
    outer loop
      vertex 19.5412 4.99 43.7563
      vertex 19.3187 3.25 42.0407
      vertex 19.025 3.25 42.06
    endloop
  endfacet
  facet normal 0.672187 0.704328 -0.228225
    outer loop
      vertex 15.3479 4.99 41.3331
      vertex 16.9463 3.25 40.671
      vertex 15.1816 4.99 40.8433
    endloop
  endfacet
  facet normal 0.696228 0.704337 -0.138477
    outer loop
      vertex 15.1805 4.99 40.8401
      vertex 16.8517 3.25 40.3923
      vertex 15.0796 4.99 40.3328
    endloop
  endfacet
  facet normal 0.0465466 0.704347 -0.708328
    outer loop
      vertex 18.7313 3.25 42.0407
      vertex 18.5088 4.99 43.7563
      vertex 19.025 3.25 42.06
    endloop
  endfacet
  facet normal 0.0429499 0.704228 -0.708674
    outer loop
      vertex 18.5088 4.99 43.7563
      vertex 18.7313 3.25 42.0407
      vertex 18.5055 4.99 43.7561
    endloop
  endfacet
  facet normal 0.0463822 0.704328 -0.708358
    outer loop
      vertex 19.025 4.99 43.7901
      vertex 19.025 3.25 42.06
      vertex 18.5088 4.99 43.7563
    endloop
  endfacet
  facet normal 0.228225 0.704328 -0.672187
    outer loop
      vertex 17.9917 4.99 43.6534
      vertex 18.164 3.25 41.8887
      vertex 17.5019 4.99 43.4871
    endloop
  endfacet
  facet normal 0.300021 0.704745 -0.642901
    outer loop
      vertex 18.164 3.25 41.8887
      vertex 17.4989 4.99 43.4857
      vertex 17.5019 4.99 43.4871
    endloop
  endfacet
  facet normal 0.313785 0.704348 -0.636736
    outer loop
      vertex 17.4989 4.99 43.4857
      vertex 18.164 3.25 41.8887
      vertex 17.9 3.25 41.7586
    endloop
  endfacet
  facet normal 0.533746 0.704334 -0.468005
    outer loop
      vertex 16.2106 4.99 42.6244
      vertex 17.434 3.25 41.401
      vertex 15.8696 4.99 42.2355
    endloop
  endfacet
  facet normal 0.468005 0.704334 -0.533746
    outer loop
      vertex 16.5995 4.99 42.9654
      vertex 17.434 3.25 41.401
      vertex 16.2106 4.99 42.6244
    endloop
  endfacet
  facet normal 0.53379 0.704343 -0.467941
    outer loop
      vertex 17.24 3.25 41.1797
      vertex 15.8696 4.99 42.2355
      vertex 17.434 3.25 41.401
    endloop
  endfacet
  facet normal 0.54164 0.704683 -0.458311
    outer loop
      vertex 15.8696 4.99 42.2355
      vertex 17.24 3.25 41.1797
      vertex 15.8674 4.99 42.2329
    endloop
  endfacet
  facet normal -0.138369 0.704393 0.696193
    outer loop
      vertex 19.5478 4.99 35.8646
      vertex 19.9 4.3872 36.5445
      vertex 19.9 4.99 35.9346
    endloop
  endfacet
  facet normal -0.138535 0.70433 0.696223
    outer loop
      vertex 19.9 4.3872 36.5445
      vertex 19.5478 4.99 35.8646
      vertex 19.6073 3.25 37.6367
    endloop
  endfacet
  facet normal 0.138477 0.704337 0.696228
    outer loop
      vertex 18.4427 3.25 37.6367
      vertex 18.5022 4.99 35.8646
      vertex 17.9949 4.99 35.9655
    endloop
  endfacet
  facet normal 0.590228 0.70433 0.3944
    outer loop
      vertex 17.0764 3.25 38.685
      vertex 15.8655 4.99 37.3898
      vertex 15.5781 4.99 37.8199
    endloop
  endfacet
  facet normal 0.636678 0.704328 0.313948
    outer loop
      vertex 17.0764 3.25 38.685
      vertex 15.5781 4.99 37.8199
      vertex 15.3493 4.99 38.2839
    endloop
  endfacet
  facet normal 0.708358 0.704328 -0.0463822
    outer loop
      vertex 15.0787 4.99 40.3262
      vertex 16.775 3.25 39.81
      vertex 15.0449 4.99 39.81
    endloop
  endfacet
  facet normal 0.708358 0.704328 0.0463822
    outer loop
      vertex 16.775 3.25 39.81
      vertex 15.0787 4.99 39.2938
      vertex 15.0449 4.99 39.81
    endloop
  endfacet
  facet normal 0.69472 0.704022 0.147365
    outer loop
      vertex 16.7943 3.25 39.5163
      vertex 15.0796 4.99 39.2872
      vertex 15.0789 4.99 39.2905
    endloop
  endfacet
  facet normal 0.696228 0.704337 0.138474
    outer loop
      vertex 15.0796 4.99 39.2872
      vertex 16.7943 3.25 39.5163
      vertex 16.8517 3.25 39.2277
    endloop
  endfacet
  facet normal 0.672187 0.704328 0.228225
    outer loop
      vertex 16.9463 3.25 38.949
      vertex 15.3479 4.99 38.2869
      vertex 15.1816 4.99 38.7767
    endloop
  endfacet
  facet normal 0.533746 0.704334 0.468005
    outer loop
      vertex 17.434 3.25 38.219
      vertex 16.2106 4.99 36.9956
      vertex 15.8696 4.99 37.3845
    endloop
  endfacet
  facet normal 0.467941 0.704343 0.53379
    outer loop
      vertex 17.6553 3.25 38.025
      vertex 16.5995 4.99 36.6546
      vertex 17.434 3.25 38.219
    endloop
  endfacet
  facet normal 0.458311 0.704683 0.54164
    outer loop
      vertex 16.5995 4.99 36.6546
      vertex 17.6553 3.25 38.025
      vertex 16.6021 4.99 36.6524
    endloop
  endfacet
  facet normal 0.672199 0.704335 -0.228167
    outer loop
      vertex 16.8517 3.25 40.3923
      vertex 15.1816 4.99 40.8433
      vertex 16.9463 3.25 40.671
    endloop
  endfacet
  facet normal 0.671397 0.704245 -0.230793
    outer loop
      vertex 15.1816 4.99 40.8433
      vertex 16.8517 3.25 40.3923
      vertex 15.1805 4.99 40.8401
    endloop
  endfacet
  facet normal 0.230793 0.704245 -0.671397
    outer loop
      vertex 18.4427 3.25 41.9833
      vertex 17.9917 4.99 43.6534
      vertex 17.9949 4.99 43.6545
    endloop
  endfacet
  facet normal 0.228167 0.704335 -0.672199
    outer loop
      vertex 17.9917 4.99 43.6534
      vertex 18.4427 3.25 41.9833
      vertex 18.164 3.25 41.8887
    endloop
  endfacet
  facet normal 0.138477 0.704337 -0.696228
    outer loop
      vertex 18.5022 4.99 43.7554
      vertex 18.4427 3.25 41.9833
      vertex 17.9949 4.99 43.6545
    endloop
  endfacet
  facet normal 0.147365 0.704022 -0.69472
    outer loop
      vertex 18.7313 3.25 42.0407
      vertex 18.5022 4.99 43.7554
      vertex 18.5055 4.99 43.7561
    endloop
  endfacet
  facet normal 0.138474 0.704337 -0.696228
    outer loop
      vertex 18.5022 4.99 43.7554
      vertex 18.7313 3.25 42.0407
      vertex 18.4427 3.25 41.9833
    endloop
  endfacet
  facet normal -0.0463822 0.704328 0.708358
    outer loop
      vertex 19.5412 4.99 35.8637
      vertex 19.025 4.99 35.8299
      vertex 19.025 3.25 37.56
    endloop
  endfacet
  facet normal 0.313785 0.704348 0.636736
    outer loop
      vertex 18.164 3.25 37.7313
      vertex 17.4989 4.99 36.1343
      vertex 17.9 3.25 37.8614
    endloop
  endfacet
  facet normal 0.300021 0.704745 0.642901
    outer loop
      vertex 17.4989 4.99 36.1343
      vertex 18.164 3.25 37.7313
      vertex 17.5019 4.99 36.1329
    endloop
  endfacet
  facet normal 0.228225 0.704328 0.672187
    outer loop
      vertex 18.164 3.25 37.7313
      vertex 17.9917 4.99 35.9666
      vertex 17.5019 4.99 36.1329
    endloop
  endfacet
  facet normal 0.696228 0.704337 0.138477
    outer loop
      vertex 16.8517 3.25 39.2277
      vertex 15.1805 4.99 38.7799
      vertex 15.0796 4.99 39.2872
    endloop
  endfacet
  facet normal 0.708674 0.704228 -0.0429499
    outer loop
      vertex 16.7943 3.25 40.1037
      vertex 15.0787 4.99 40.3262
      vertex 15.0789 4.99 40.3295
    endloop
  endfacet
  facet normal 0.708328 0.704347 -0.0465466
    outer loop
      vertex 15.0787 4.99 40.3262
      vertex 16.7943 3.25 40.1037
      vertex 16.775 3.25 39.81
    endloop
  endfacet
  facet normal 0.672199 0.704335 0.228167
    outer loop
      vertex 15.1816 4.99 38.7767
      vertex 16.8517 3.25 39.2277
      vertex 16.9463 3.25 38.949
    endloop
  endfacet
  facet normal 0.671397 0.704245 0.230793
    outer loop
      vertex 16.8517 3.25 39.2277
      vertex 15.1816 4.99 38.7767
      vertex 15.1805 4.99 38.7799
    endloop
  endfacet
  facet normal -0.228719 0.70443 0.671913
    outer loop
      vertex 19.9 3.28669 37.6976
      vertex 19.9 3.39104 37.5882
      vertex 19.886 3.25 37.7313
    endloop
  endfacet
  facet normal 0.0463822 0.704328 0.708358
    outer loop
      vertex 19.025 3.25 37.56
      vertex 19.025 4.99 35.8299
      vertex 18.5088 4.99 35.8637
    endloop
  endfacet
  facet normal -0.228114 0.704502 0.672043
    outer loop
      vertex 19.9 3.39104 37.5882
      vertex 19.6073 3.25 37.6367
      vertex 19.886 3.25 37.7313
    endloop
  endfacet
  facet normal -0.227999 0.704337 0.672255
    outer loop
      vertex 19.6073 3.25 37.6367
      vertex 19.9 3.39104 37.5882
      vertex 19.9 4.3872 36.5445
    endloop
  endfacet
  facet normal 0.0465466 0.704347 0.708328
    outer loop
      vertex 18.5088 4.99 35.8637
      vertex 18.7313 3.25 37.5793
      vertex 19.025 3.25 37.56
    endloop
  endfacet
  facet normal 0.0429499 0.704228 0.708674
    outer loop
      vertex 18.7313 3.25 37.5793
      vertex 18.5088 4.99 35.8637
      vertex 18.5055 4.99 35.8639
    endloop
  endfacet
  facet normal -0.0429499 0.704228 0.708674
    outer loop
      vertex 19.5412 4.99 35.8637
      vertex 19.3187 3.25 37.5793
      vertex 19.5445 4.99 35.8639
    endloop
  endfacet
  facet normal -0.0465466 0.704347 0.708328
    outer loop
      vertex 19.3187 3.25 37.5793
      vertex 19.5412 4.99 35.8637
      vertex 19.025 3.25 37.56
    endloop
  endfacet
  facet normal -0.138474 0.704337 0.696228
    outer loop
      vertex 19.5478 4.99 35.8646
      vertex 19.3187 3.25 37.5793
      vertex 19.6073 3.25 37.6367
    endloop
  endfacet
  facet normal -0.147365 0.704022 0.69472
    outer loop
      vertex 19.3187 3.25 37.5793
      vertex 19.5478 4.99 35.8646
      vertex 19.5445 4.99 35.8639
    endloop
  endfacet
  facet normal 0.997861 -0 0.0653646
    outer loop
      vertex 15.025 4.99 39.81
      vertex 15.0592 5 39.2879
      vertex 15.025 5 39.81
    endloop
  endfacet
  facet normal 0.997861 0 0.0653646
    outer loop
      vertex 15.0592 5 39.2879
      vertex 15.025 4.99 39.81
      vertex 15.0592 4.99 39.2879
    endloop
  endfacet
  facet normal -0.0653646 0 0.997861
    outer loop
      vertex 19.025 5 35.81
      vertex 19.5471 4.99 35.8442
      vertex 19.5471 5 35.8442
    endloop
  endfacet
  facet normal -0.0653646 0 0.997861
    outer loop
      vertex 19.5471 4.99 35.8442
      vertex 19.025 5 35.81
      vertex 19.025 4.99 35.81
    endloop
  endfacet
  facet normal 0.659343 0 0.751842
    outer loop
      vertex 16.1966 5 36.9816
      vertex 16.59 4.99 36.6366
      vertex 16.59 5 36.6366
    endloop
  endfacet
  facet normal 0.659343 0 0.751842
    outer loop
      vertex 16.59 4.99 36.6366
      vertex 16.1966 5 36.9816
      vertex 16.1966 4.99 36.9816
    endloop
  endfacet
  facet normal 0.321498 0 0.94691
    outer loop
      vertex 17.4943 5 36.1145
      vertex 17.9897 4.99 35.9463
      vertex 17.9897 5 35.9463
    endloop
  endfacet
  facet normal 0.321498 0 0.94691
    outer loop
      vertex 17.9897 4.99 35.9463
      vertex 17.4943 5 36.1145
      vertex 17.4943 4.99 36.1145
    endloop
  endfacet
  facet normal 0.980779 0 -0.195124
    outer loop
      vertex 15.1613 4.99 40.8453
      vertex 15.0592 5 40.3321
      vertex 15.1613 5 40.8453
    endloop
  endfacet
  facet normal 0.980779 0 -0.195124
    outer loop
      vertex 15.0592 5 40.3321
      vertex 15.1613 4.99 40.8453
      vertex 15.0592 4.99 40.3321
    endloop
  endfacet
  facet normal 0 1 -0
    outer loop
      vertex 19.9 4.99 35.9144
      vertex 19.5478 4.99 35.8646
      vertex 19.9 4.99 35.9346
    endloop
  endfacet
  facet normal 0 1 0
    outer loop
      vertex 19.5471 4.99 35.8442
      vertex 19.5478 4.99 35.8646
      vertex 19.9 4.99 35.9144
    endloop
  endfacet
  facet normal 0 1 0
    outer loop
      vertex 19.5478 4.99 35.8646
      vertex 19.5471 4.99 35.8442
      vertex 19.5445 4.99 35.8639
    endloop
  endfacet
  facet normal 0 1 0
    outer loop
      vertex 19.5471 4.99 35.8442
      vertex 19.5412 4.99 35.8637
      vertex 19.5445 4.99 35.8639
    endloop
  endfacet
  facet normal 0 1 0
    outer loop
      vertex 19.025 4.99 35.81
      vertex 19.5412 4.99 35.8637
      vertex 19.5471 4.99 35.8442
    endloop
  endfacet
  facet normal 0 1 0
    outer loop
      vertex 19.5412 4.99 35.8637
      vertex 19.025 4.99 35.81
      vertex 19.025 4.99 35.8299
    endloop
  endfacet
  facet normal 0 1 -0
    outer loop
      vertex 19.5412 4.99 43.7563
      vertex 19.025 4.99 43.81
      vertex 19.5471 4.99 43.7758
    endloop
  endfacet
  facet normal 0 1 0
    outer loop
      vertex 19.025 4.99 43.81
      vertex 19.5412 4.99 43.7563
      vertex 19.025 4.99 43.7901
    endloop
  endfacet
  facet normal 0 1 0
    outer loop
      vertex 19.5471 4.99 43.7758
      vertex 19.5445 4.99 43.7561
      vertex 19.5412 4.99 43.7563
    endloop
  endfacet
  facet normal 0 1 0
    outer loop
      vertex 19.5471 4.99 43.7758
      vertex 19.5478 4.99 43.7554
      vertex 19.5445 4.99 43.7561
    endloop
  endfacet
  facet normal 0 1 0
    outer loop
      vertex 19.9 4.99 43.7056
      vertex 19.5478 4.99 43.7554
      vertex 19.5471 4.99 43.7758
    endloop
  endfacet
  facet normal 0 1 0
    outer loop
      vertex 19.5478 4.99 43.7554
      vertex 19.9 4.99 43.7056
      vertex 19.9 4.99 43.6854
    endloop
  endfacet
  facet normal 0 1 0
    outer loop
      vertex 18.5088 4.99 43.7563
      vertex 19.025 4.99 43.81
      vertex 19.025 4.99 43.7901
    endloop
  endfacet
  facet normal 0 1 0
    outer loop
      vertex 19.025 4.99 43.81
      vertex 18.5088 4.99 43.7563
      vertex 18.5029 4.99 43.7758
    endloop
  endfacet
  facet normal 0 1 -0
    outer loop
      vertex 18.5055 4.99 43.7561
      vertex 18.5029 4.99 43.7758
      vertex 18.5088 4.99 43.7563
    endloop
  endfacet
  facet normal 0 1 0
    outer loop
      vertex 18.5022 4.99 43.7554
      vertex 18.5029 4.99 43.7758
      vertex 18.5055 4.99 43.7561
    endloop
  endfacet
  facet normal 0 1 -0
    outer loop
      vertex 18.5022 4.99 43.7554
      vertex 17.9897 4.99 43.6737
      vertex 18.5029 4.99 43.7758
    endloop
  endfacet
  facet normal 0 1 -0
    outer loop
      vertex 17.9949 4.99 43.6545
      vertex 17.9897 4.99 43.6737
      vertex 18.5022 4.99 43.7554
    endloop
  endfacet
  facet normal 0 1 -0
    outer loop
      vertex 17.9917 4.99 43.6534
      vertex 17.9897 4.99 43.6737
      vertex 17.9949 4.99 43.6545
    endloop
  endfacet
  facet normal 0 1 0
    outer loop
      vertex 17.9917 4.99 43.6534
      vertex 17.4943 4.99 43.5055
      vertex 17.9897 4.99 43.6737
    endloop
  endfacet
  facet normal 0 1 -0
    outer loop
      vertex 17.5019 4.99 43.4871
      vertex 17.4943 4.99 43.5055
      vertex 17.9917 4.99 43.6534
    endloop
  endfacet
  facet normal 0 1 -0
    outer loop
      vertex 17.4989 4.99 43.4857
      vertex 17.4943 4.99 43.5055
      vertex 17.5019 4.99 43.4871
    endloop
  endfacet
  facet normal 0 1 0
    outer loop
      vertex 17.4989 4.99 43.4857
      vertex 17.025 4.99 43.2741
      vertex 17.4943 4.99 43.5055
    endloop
  endfacet
  facet normal 0 1 -0
    outer loop
      vertex 17.0349 4.99 43.2569
      vertex 17.025 4.99 43.2741
      vertex 17.4989 4.99 43.4857
    endloop
  endfacet
  facet normal 0 1 0
    outer loop
      vertex 16.6048 4.99 42.9695
      vertex 17.025 4.99 43.2741
      vertex 17.0349 4.99 43.2569
    endloop
  endfacet
  facet normal 0 1 0
    outer loop
      vertex 17.025 4.99 43.2741
      vertex 16.6048 4.99 42.9695
      vertex 16.59 4.99 42.9834
    endloop
  endfacet
  facet normal 0 1 -0
    outer loop
      vertex 16.6021 4.99 42.9676
      vertex 16.59 4.99 42.9834
      vertex 16.6048 4.99 42.9695
    endloop
  endfacet
  facet normal 0 1 -0
    outer loop
      vertex 16.5995 4.99 42.9654
      vertex 16.59 4.99 42.9834
      vertex 16.6021 4.99 42.9676
    endloop
  endfacet
  facet normal 0 1 0
    outer loop
      vertex 16.5995 4.99 42.9654
      vertex 16.1966 4.99 42.6384
      vertex 16.59 4.99 42.9834
    endloop
  endfacet
  facet normal 0 1 -0
    outer loop
      vertex 16.2106 4.99 42.6244
      vertex 16.1966 4.99 42.6384
      vertex 16.5995 4.99 42.9654
    endloop
  endfacet
  facet normal 0 1 0
    outer loop
      vertex 15.8696 4.99 42.2355
      vertex 16.1966 4.99 42.6384
      vertex 16.2106 4.99 42.6244
    endloop
  endfacet
  facet normal 0 1 0
    outer loop
      vertex 16.1966 4.99 42.6384
      vertex 15.8696 4.99 42.2355
      vertex 15.8516 4.99 42.245
    endloop
  endfacet
  facet normal 0 1 -0
    outer loop
      vertex 15.8674 4.99 42.2329
      vertex 15.8516 4.99 42.245
      vertex 15.8696 4.99 42.2355
    endloop
  endfacet
  facet normal 0 1 -0
    outer loop
      vertex 15.8655 4.99 42.2302
      vertex 15.8516 4.99 42.245
      vertex 15.8674 4.99 42.2329
    endloop
  endfacet
  facet normal 0 1 0
    outer loop
      vertex 15.8655 4.99 42.2302
      vertex 15.5609 4.99 41.81
      vertex 15.8516 4.99 42.245
    endloop
  endfacet
  facet normal 0 1 -0
    outer loop
      vertex 15.5781 4.99 41.8001
      vertex 15.5609 4.99 41.81
      vertex 15.8655 4.99 42.2302
    endloop
  endfacet
  facet normal 0 1 0
    outer loop
      vertex 15.3493 4.99 41.3361
      vertex 15.5609 4.99 41.81
      vertex 15.5781 4.99 41.8001
    endloop
  endfacet
  facet normal 0 1 0
    outer loop
      vertex 15.5609 4.99 41.81
      vertex 15.3493 4.99 41.3361
      vertex 15.3295 4.99 41.3407
    endloop
  endfacet
  facet normal 0 1 -0
    outer loop
      vertex 15.3479 4.99 41.3331
      vertex 15.3295 4.99 41.3407
      vertex 15.3493 4.99 41.3361
    endloop
  endfacet
  facet normal 0 1 0
    outer loop
      vertex 15.1816 4.99 40.8433
      vertex 15.3295 4.99 41.3407
      vertex 15.3479 4.99 41.3331
    endloop
  endfacet
  facet normal 0 1 0
    outer loop
      vertex 15.3295 4.99 41.3407
      vertex 15.1816 4.99 40.8433
      vertex 15.1613 4.99 40.8453
    endloop
  endfacet
  facet normal 0 1 -0
    outer loop
      vertex 15.1805 4.99 40.8401
      vertex 15.1613 4.99 40.8453
      vertex 15.1816 4.99 40.8433
    endloop
  endfacet
  facet normal 0 1 0
    outer loop
      vertex 15.0796 4.99 40.3328
      vertex 15.1613 4.99 40.8453
      vertex 15.1805 4.99 40.8401
    endloop
  endfacet
  facet normal 0 1 -0
    outer loop
      vertex 15.0796 4.99 40.3328
      vertex 15.0592 4.99 40.3321
      vertex 15.1613 4.99 40.8453
    endloop
  endfacet
  facet normal 0 1 -0
    outer loop
      vertex 15.0789 4.99 40.3295
      vertex 15.0592 4.99 40.3321
      vertex 15.0796 4.99 40.3328
    endloop
  endfacet
  facet normal 0 1 -0
    outer loop
      vertex 15.0787 4.99 40.3262
      vertex 15.0592 4.99 40.3321
      vertex 15.0789 4.99 40.3295
    endloop
  endfacet
  facet normal 0 1 0
    outer loop
      vertex 15.025 4.99 39.81
      vertex 15.0787 4.99 40.3262
      vertex 15.0449 4.99 39.81
    endloop
  endfacet
  facet normal 0 1 0
    outer loop
      vertex 15.0787 4.99 40.3262
      vertex 15.025 4.99 39.81
      vertex 15.0592 4.99 40.3321
    endloop
  endfacet
  facet normal 0 1 0
    outer loop
      vertex 15.0787 4.99 39.2938
      vertex 15.025 4.99 39.81
      vertex 15.0449 4.99 39.81
    endloop
  endfacet
  facet normal 0 1 0
    outer loop
      vertex 15.0592 4.99 39.2879
      vertex 15.0787 4.99 39.2938
      vertex 15.0789 4.99 39.2905
    endloop
  endfacet
  facet normal 0 1 0
    outer loop
      vertex 15.0787 4.99 39.2938
      vertex 15.0592 4.99 39.2879
      vertex 15.025 4.99 39.81
    endloop
  endfacet
  facet normal 0 1 0
    outer loop
      vertex 15.0796 4.99 39.2872
      vertex 15.0592 4.99 39.2879
      vertex 15.0789 4.99 39.2905
    endloop
  endfacet
  facet normal 0 1 -0
    outer loop
      vertex 15.1613 4.99 38.7747
      vertex 15.0796 4.99 39.2872
      vertex 15.1805 4.99 38.7799
    endloop
  endfacet
  facet normal 0 1 0
    outer loop
      vertex 15.0796 4.99 39.2872
      vertex 15.1613 4.99 38.7747
      vertex 15.0592 4.99 39.2879
    endloop
  endfacet
  facet normal 0 1 0
    outer loop
      vertex 15.1816 4.99 38.7767
      vertex 15.1613 4.99 38.7747
      vertex 15.1805 4.99 38.7799
    endloop
  endfacet
  facet normal 0 1 -0
    outer loop
      vertex 15.3295 4.99 38.2793
      vertex 15.1816 4.99 38.7767
      vertex 15.3479 4.99 38.2869
    endloop
  endfacet
  facet normal 0 1 0
    outer loop
      vertex 15.1816 4.99 38.7767
      vertex 15.3295 4.99 38.2793
      vertex 15.1613 4.99 38.7747
    endloop
  endfacet
  facet normal 0 1 0
    outer loop
      vertex 15.3493 4.99 38.2839
      vertex 15.3295 4.99 38.2793
      vertex 15.3479 4.99 38.2869
    endloop
  endfacet
  facet normal 0 1 -0
    outer loop
      vertex 15.5609 4.99 37.81
      vertex 15.3493 4.99 38.2839
      vertex 15.5781 4.99 37.8199
    endloop
  endfacet
  facet normal 0 1 0
    outer loop
      vertex 15.3493 4.99 38.2839
      vertex 15.5609 4.99 37.81
      vertex 15.3295 4.99 38.2793
    endloop
  endfacet
  facet normal 0 1 0
    outer loop
      vertex 15.8655 4.99 37.3898
      vertex 15.5609 4.99 37.81
      vertex 15.5781 4.99 37.8199
    endloop
  endfacet
  facet normal 0 1 0
    outer loop
      vertex 15.8516 4.99 37.375
      vertex 15.8655 4.99 37.3898
      vertex 15.8674 4.99 37.3871
    endloop
  endfacet
  facet normal 0 1 0
    outer loop
      vertex 15.8655 4.99 37.3898
      vertex 15.8516 4.99 37.375
      vertex 15.5609 4.99 37.81
    endloop
  endfacet
  facet normal 0 1 0
    outer loop
      vertex 15.8696 4.99 37.3845
      vertex 15.8516 4.99 37.375
      vertex 15.8674 4.99 37.3871
    endloop
  endfacet
  facet normal 0 1 -0
    outer loop
      vertex 16.1966 4.99 36.9816
      vertex 15.8696 4.99 37.3845
      vertex 16.2106 4.99 36.9956
    endloop
  endfacet
  facet normal 0 1 0
    outer loop
      vertex 15.8696 4.99 37.3845
      vertex 16.1966 4.99 36.9816
      vertex 15.8516 4.99 37.375
    endloop
  endfacet
  facet normal 0 1 0
    outer loop
      vertex 16.5995 4.99 36.6546
      vertex 16.1966 4.99 36.9816
      vertex 16.2106 4.99 36.9956
    endloop
  endfacet
  facet normal 0 1 0
    outer loop
      vertex 16.59 4.99 36.6366
      vertex 16.5995 4.99 36.6546
      vertex 16.6021 4.99 36.6524
    endloop
  endfacet
  facet normal 0 1 0
    outer loop
      vertex 16.5995 4.99 36.6546
      vertex 16.59 4.99 36.6366
      vertex 16.1966 4.99 36.9816
    endloop
  endfacet
  facet normal 0 1 0
    outer loop
      vertex 16.6048 4.99 36.6505
      vertex 16.59 4.99 36.6366
      vertex 16.6021 4.99 36.6524
    endloop
  endfacet
  facet normal 0 1 -0
    outer loop
      vertex 17.025 4.99 36.3459
      vertex 16.6048 4.99 36.6505
      vertex 17.0349 4.99 36.3631
    endloop
  endfacet
  facet normal 0 1 0
    outer loop
      vertex 16.6048 4.99 36.6505
      vertex 17.025 4.99 36.3459
      vertex 16.59 4.99 36.6366
    endloop
  endfacet
  facet normal 0 1 0
    outer loop
      vertex 17.4989 4.99 36.1343
      vertex 17.025 4.99 36.3459
      vertex 17.0349 4.99 36.3631
    endloop
  endfacet
  facet normal 0 1 0
    outer loop
      vertex 17.4943 4.99 36.1145
      vertex 17.4989 4.99 36.1343
      vertex 17.5019 4.99 36.1329
    endloop
  endfacet
  facet normal 0 1 0
    outer loop
      vertex 17.4989 4.99 36.1343
      vertex 17.4943 4.99 36.1145
      vertex 17.025 4.99 36.3459
    endloop
  endfacet
  facet normal 0 1 0
    outer loop
      vertex 17.9917 4.99 35.9666
      vertex 17.4943 4.99 36.1145
      vertex 17.5019 4.99 36.1329
    endloop
  endfacet
  facet normal 0 1 0
    outer loop
      vertex 17.9897 4.99 35.9463
      vertex 17.9917 4.99 35.9666
      vertex 17.9949 4.99 35.9655
    endloop
  endfacet
  facet normal 0 1 0
    outer loop
      vertex 17.9917 4.99 35.9666
      vertex 17.9897 4.99 35.9463
      vertex 17.4943 4.99 36.1145
    endloop
  endfacet
  facet normal 0 1 0
    outer loop
      vertex 18.5022 4.99 35.8646
      vertex 17.9897 4.99 35.9463
      vertex 17.9949 4.99 35.9655
    endloop
  endfacet
  facet normal 0 1 -0
    outer loop
      vertex 18.5029 4.99 35.8442
      vertex 18.5022 4.99 35.8646
      vertex 18.5055 4.99 35.8639
    endloop
  endfacet
  facet normal 0 1 0
    outer loop
      vertex 18.5022 4.99 35.8646
      vertex 18.5029 4.99 35.8442
      vertex 17.9897 4.99 35.9463
    endloop
  endfacet
  facet normal 0 1 0
    outer loop
      vertex 18.5088 4.99 35.8637
      vertex 18.5029 4.99 35.8442
      vertex 18.5055 4.99 35.8639
    endloop
  endfacet
  facet normal 0 1 -0
    outer loop
      vertex 19.025 4.99 35.81
      vertex 18.5088 4.99 35.8637
      vertex 19.025 4.99 35.8299
    endloop
  endfacet
  facet normal 0 1 0
    outer loop
      vertex 18.5088 4.99 35.8637
      vertex 19.025 4.99 35.81
      vertex 18.5029 4.99 35.8442
    endloop
  endfacet
  facet normal 0.831432 -0 0.555626
    outer loop
      vertex 15.5609 4.99 37.81
      vertex 15.8516 5 37.375
      vertex 15.5609 5 37.81
    endloop
  endfacet
  facet normal 0.831432 0 0.555626
    outer loop
      vertex 15.8516 5 37.375
      vertex 15.5609 4.99 37.81
      vertex 15.8516 4.99 37.375
    endloop
  endfacet
  facet normal 0.751842 -0 0.659343
    outer loop
      vertex 15.8516 4.99 37.375
      vertex 16.1966 5 36.9816
      vertex 15.8516 5 37.375
    endloop
  endfacet
  facet normal 0.751842 0 0.659343
    outer loop
      vertex 16.1966 5 36.9816
      vertex 15.8516 4.99 37.375
      vertex 16.1966 4.99 36.9816
    endloop
  endfacet
  facet normal 0.555626 0 0.831432
    outer loop
      vertex 16.59 5 36.6366
      vertex 17.025 4.99 36.3459
      vertex 17.025 5 36.3459
    endloop
  endfacet
  facet normal 0.555626 0 0.831432
    outer loop
      vertex 17.025 4.99 36.3459
      vertex 16.59 5 36.6366
      vertex 16.59 4.99 36.6366
    endloop
  endfacet
  facet normal 0.0653646 0 0.997861
    outer loop
      vertex 18.5029 5 35.8442
      vertex 19.025 4.99 35.81
      vertex 19.025 5 35.81
    endloop
  endfacet
  facet normal 0.0653646 0 0.997861
    outer loop
      vertex 19.025 4.99 35.81
      vertex 18.5029 5 35.8442
      vertex 18.5029 4.99 35.8442
    endloop
  endfacet
  facet normal 0.659343 0 -0.751842
    outer loop
      vertex 16.1966 4.99 42.6384
      vertex 16.59 5 42.9834
      vertex 16.59 4.99 42.9834
    endloop
  endfacet
  facet normal 0.659343 0 -0.751842
    outer loop
      vertex 16.59 5 42.9834
      vertex 16.1966 4.99 42.6384
      vertex 16.1966 5 42.6384
    endloop
  endfacet
  facet normal 0.321498 0 -0.94691
    outer loop
      vertex 17.4943 4.99 43.5055
      vertex 17.9897 5 43.6737
      vertex 17.9897 4.99 43.6737
    endloop
  endfacet
  facet normal 0.321498 0 -0.94691
    outer loop
      vertex 17.9897 5 43.6737
      vertex 17.4943 4.99 43.5055
      vertex 17.4943 5 43.5055
    endloop
  endfacet
  facet normal 0.751842 0 -0.659343
    outer loop
      vertex 16.1966 4.99 42.6384
      vertex 15.8516 5 42.245
      vertex 16.1966 5 42.6384
    endloop
  endfacet
  facet normal 0.751842 0 -0.659343
    outer loop
      vertex 15.8516 5 42.245
      vertex 16.1966 4.99 42.6384
      vertex 15.8516 4.99 42.245
    endloop
  endfacet
  facet normal 0.997861 0 -0.0653646
    outer loop
      vertex 15.0592 4.99 40.3321
      vertex 15.025 5 39.81
      vertex 15.0592 5 40.3321
    endloop
  endfacet
  facet normal 0.997861 0 -0.0653646
    outer loop
      vertex 15.025 5 39.81
      vertex 15.0592 4.99 40.3321
      vertex 15.025 4.99 39.81
    endloop
  endfacet
  facet normal -0.195101 0 0.980783
    outer loop
      vertex 19.5471 5 35.8442
      vertex 19.9 4.99 35.9144
      vertex 19.9 5 35.9144
    endloop
  endfacet
  facet normal -0.195101 0 0.980783
    outer loop
      vertex 19.9 4.99 35.9144
      vertex 19.5471 5 35.8442
      vertex 19.5471 4.99 35.8442
    endloop
  endfacet
  facet normal 0.896898 -0 0.442238
    outer loop
      vertex 15.3295 4.99 38.2793
      vertex 15.5609 5 37.81
      vertex 15.3295 5 38.2793
    endloop
  endfacet
  facet normal 0.896898 0 0.442238
    outer loop
      vertex 15.5609 5 37.81
      vertex 15.3295 4.99 38.2793
      vertex 15.5609 4.99 37.81
    endloop
  endfacet
  facet normal 0.94691 -0 0.321498
    outer loop
      vertex 15.1613 4.99 38.7747
      vertex 15.3295 5 38.2793
      vertex 15.1613 5 38.7747
    endloop
  endfacet
  facet normal 0.94691 0 0.321498
    outer loop
      vertex 15.3295 5 38.2793
      vertex 15.1613 4.99 38.7747
      vertex 15.3295 4.99 38.2793
    endloop
  endfacet
  facet normal 0.980779 -0 0.195124
    outer loop
      vertex 15.0592 4.99 39.2879
      vertex 15.1613 5 38.7747
      vertex 15.0592 5 39.2879
    endloop
  endfacet
  facet normal 0.980779 0 0.195124
    outer loop
      vertex 15.1613 5 38.7747
      vertex 15.0592 4.99 39.2879
      vertex 15.1613 4.99 38.7747
    endloop
  endfacet
  facet normal 0.195124 0 0.980779
    outer loop
      vertex 17.9897 5 35.9463
      vertex 18.5029 4.99 35.8442
      vertex 18.5029 5 35.8442
    endloop
  endfacet
  facet normal 0.195124 0 0.980779
    outer loop
      vertex 18.5029 4.99 35.8442
      vertex 17.9897 5 35.9463
      vertex 17.9897 4.99 35.9463
    endloop
  endfacet
  facet normal -0.0653646 0 -0.997861
    outer loop
      vertex 19.025 4.99 43.81
      vertex 19.5471 5 43.7758
      vertex 19.5471 4.99 43.7758
    endloop
  endfacet
  facet normal -0.0653646 0 -0.997861
    outer loop
      vertex 19.5471 5 43.7758
      vertex 19.025 4.99 43.81
      vertex 19.025 5 43.81
    endloop
  endfacet
  facet normal 0.555626 0 -0.831432
    outer loop
      vertex 16.59 4.99 42.9834
      vertex 17.025 5 43.2741
      vertex 17.025 4.99 43.2741
    endloop
  endfacet
  facet normal 0.555626 0 -0.831432
    outer loop
      vertex 17.025 5 43.2741
      vertex 16.59 4.99 42.9834
      vertex 16.59 5 42.9834
    endloop
  endfacet
  facet normal 0.0653646 0 -0.997861
    outer loop
      vertex 18.5029 4.99 43.7758
      vertex 19.025 5 43.81
      vertex 19.025 4.99 43.81
    endloop
  endfacet
  facet normal 0.0653646 0 -0.997861
    outer loop
      vertex 19.025 5 43.81
      vertex 18.5029 4.99 43.7758
      vertex 18.5029 5 43.7758
    endloop
  endfacet
  facet normal 0.896898 0 -0.442238
    outer loop
      vertex 15.5609 4.99 41.81
      vertex 15.3295 5 41.3407
      vertex 15.5609 5 41.81
    endloop
  endfacet
  facet normal 0.896898 0 -0.442238
    outer loop
      vertex 15.3295 5 41.3407
      vertex 15.5609 4.99 41.81
      vertex 15.3295 4.99 41.3407
    endloop
  endfacet
  facet normal 0.442238 0 0.896898
    outer loop
      vertex 17.025 5 36.3459
      vertex 17.4943 4.99 36.1145
      vertex 17.4943 5 36.1145
    endloop
  endfacet
  facet normal 0.442238 0 0.896898
    outer loop
      vertex 17.4943 4.99 36.1145
      vertex 17.025 5 36.3459
      vertex 17.025 4.99 36.3459
    endloop
  endfacet
  facet normal -0.195101 0 -0.980783
    outer loop
      vertex 19.5471 4.99 43.7758
      vertex 19.9 5 43.7056
      vertex 19.9 4.99 43.7056
    endloop
  endfacet
  facet normal -0.195101 0 -0.980783
    outer loop
      vertex 19.9 5 43.7056
      vertex 19.5471 4.99 43.7758
      vertex 19.5471 5 43.7758
    endloop
  endfacet
  facet normal 0.442238 0 -0.896898
    outer loop
      vertex 17.025 4.99 43.2741
      vertex 17.4943 5 43.5055
      vertex 17.4943 4.99 43.5055
    endloop
  endfacet
  facet normal 0.442238 0 -0.896898
    outer loop
      vertex 17.4943 5 43.5055
      vertex 17.025 4.99 43.2741
      vertex 17.025 5 43.2741
    endloop
  endfacet
  facet normal 0.195124 0 -0.980779
    outer loop
      vertex 17.9897 4.99 43.6737
      vertex 18.5029 5 43.7758
      vertex 18.5029 4.99 43.7758
    endloop
  endfacet
  facet normal 0.195124 0 -0.980779
    outer loop
      vertex 18.5029 5 43.7758
      vertex 17.9897 4.99 43.6737
      vertex 17.9897 5 43.6737
    endloop
  endfacet
  facet normal 0.831432 0 -0.555626
    outer loop
      vertex 15.8516 4.99 42.245
      vertex 15.5609 5 41.81
      vertex 15.8516 5 42.245
    endloop
  endfacet
  facet normal 0.831432 0 -0.555626
    outer loop
      vertex 15.5609 5 41.81
      vertex 15.8516 4.99 42.245
      vertex 15.5609 4.99 41.81
    endloop
  endfacet
  facet normal 0.94691 0 -0.321498
    outer loop
      vertex 15.3295 4.99 41.3407
      vertex 15.1613 5 40.8453
      vertex 15.3295 5 41.3407
    endloop
  endfacet
  facet normal 0.94691 0 -0.321498
    outer loop
      vertex 15.1613 5 40.8453
      vertex 15.3295 4.99 41.3407
      vertex 15.1613 4.99 40.8453
    endloop
  endfacet
  facet normal 0 1 0
    outer loop
      vertex 0 6.61 42.275
      vertex 0 6.61 42.4
      vertex 0.80129 6.61 42.3606
    endloop
  endfacet
  facet normal 0 1 0
    outer loop
      vertex 0 6.61 42.4
      vertex 0 6.61 42.275
      vertex -0.80129 6.61 42.3606
    endloop
  endfacet
  facet normal 0 1 0
    outer loop
      vertex 1.92649 6.61 42.0411
      vertex 0.80129 6.61 42.3606
      vertex 1.59486 6.61 42.2429
    endloop
  endfacet
  facet normal 0 1 -0
    outer loop
      vertex 1.92649 6.61 42.0411
      vertex 1.59486 6.61 42.2429
      vertex 2.37308 6.61 42.048
    endloop
  endfacet
  facet normal 0 1 0
    outer loop
      vertex 0.80129 6.61 42.3606
      vertex 1.92649 6.61 42.0411
      vertex 0 6.61 42.275
    endloop
  endfacet
  facet normal 0 1 0
    outer loop
      vertex 3.12844 6.61 41.7777
      vertex 1.92649 6.61 42.0411
      vertex 2.37308 6.61 42.048
    endloop
  endfacet
  facet normal 0 1 -0
    outer loop
      vertex 3.74102 6.61 41.3529
      vertex 3.12844 6.61 41.7777
      vertex 3.85367 6.61 41.4347
    endloop
  endfacet
  facet normal 0 1 0
    outer loop
      vertex 3.12844 6.61 41.7777
      vertex 3.74102 6.61 41.3529
      vertex 1.92649 6.61 42.0411
    endloop
  endfacet
  facet normal 0 1 0
    outer loop
      vertex 4.54179 6.61 41.0223
      vertex 3.74102 6.61 41.3529
      vertex 3.85367 6.61 41.4347
    endloop
  endfacet
  facet normal 0 1 0
    outer loop
      vertex 5.33814 6.61 40.2505
      vertex 4.54179 6.61 41.0223
      vertex 5.18616 6.61 40.5444
    endloop
  endfacet
  facet normal 0 1 0
    outer loop
      vertex 4.54179 6.61 41.0223
      vertex 5.33814 6.61 40.2505
      vertex 3.74102 6.61 41.3529
    endloop
  endfacet
  facet normal 0 1 0
    outer loop
      vertex 5.7806 6.61 40.0056
      vertex 5.33814 6.61 40.2505
      vertex 5.18616 6.61 40.5444
    endloop
  endfacet
  facet normal 0 1 0
    outer loop
      vertex 6.31936 6.61 39.4112
      vertex 5.33814 6.61 40.2505
      vertex 5.7806 6.61 40.0056
    endloop
  endfacet
  facet normal 0 1 0
    outer loop
      vertex 6.31936 6.61 39.4112
      vertex 6.62502 6.61 38.7979
      vertex 5.33814 6.61 40.2505
    endloop
  endfacet
  facet normal 0 1 0
    outer loop
      vertex 6.79726 6.61 38.7668
      vertex 6.62502 6.61 38.7979
      vertex 6.31936 6.61 39.4112
    endloop
  endfacet
  facet normal 0 1 0
    outer loop
      vertex 7.20971 6.61 38.0787
      vertex 6.62502 6.61 38.7979
      vertex 6.79726 6.61 38.7668
    endloop
  endfacet
  facet normal 0 1 -0
    outer loop
      vertex 7.52688 6.61 37.0796
      vertex 7.20971 6.61 38.0787
      vertex 7.55271 6.61 37.3534
    endloop
  endfacet
  facet normal 0 1 0
    outer loop
      vertex 7.20971 6.61 38.0787
      vertex 7.52688 6.61 37.0796
      vertex 6.62502 6.61 38.7979
    endloop
  endfacet
  facet normal 0 1 0
    outer loop
      vertex 7.82299 6.61 36.5981
      vertex 7.52688 6.61 37.0796
      vertex 7.55271 6.61 37.3534
    endloop
  endfacet
  facet normal 0 1 0
    outer loop
      vertex 8.01792 6.61 35.8199
      vertex 7.52688 6.61 37.0796
      vertex 7.82299 6.61 36.5981
    endloop
  endfacet
  facet normal 0 1 0
    outer loop
      vertex 8.01792 6.61 35.8199
      vertex 7.99131 6.61 35.1953
      vertex 7.52688 6.61 37.0796
    endloop
  endfacet
  facet normal 0 1 0
    outer loop
      vertex 8.13563 6.61 35.0263
      vertex 7.99131 6.61 35.1953
      vertex 8.01792 6.61 35.8199
    endloop
  endfacet
  facet normal 0 1 0
    outer loop
      vertex 8.175 6.61 34.225
      vertex 7.99131 6.61 35.1953
      vertex 8.13563 6.61 35.0263
    endloop
  endfacet
  facet normal 0 1 -0
    outer loop
      vertex 8.13563 6.61 33.4237
      vertex 7.99131 6.61 35.1953
      vertex 8.175 6.61 34.225
    endloop
  endfacet
  facet normal 0 1 0
    outer loop
      vertex 7.99131 6.61 32.5239
      vertex 8.13563 6.61 33.4237
      vertex 8.01792 6.61 32.6301
    endloop
  endfacet
  facet normal 0 1 0
    outer loop
      vertex 8.13563 6.61 33.4237
      vertex 7.99131 6.61 32.5239
      vertex 7.99131 6.61 35.1953
    endloop
  endfacet
  facet normal 0 1 0
    outer loop
      vertex -1.92649 6.61 42.0411
      vertex -0.80129 6.61 42.3606
      vertex 0 6.61 42.275
    endloop
  endfacet
  facet normal 0 1 0
    outer loop
      vertex -0.80129 6.61 42.3606
      vertex -1.92649 6.61 42.0411
      vertex -1.59486 6.61 42.2429
    endloop
  endfacet
  facet normal 0 1 0
    outer loop
      vertex -1.59486 6.61 42.2429
      vertex -1.92649 6.61 42.0411
      vertex -2.37308 6.61 42.048
    endloop
  endfacet
  facet normal 0 1 0
    outer loop
      vertex -1.92649 6.61 42.0411
      vertex -3.12844 6.61 41.7777
      vertex -2.37308 6.61 42.048
    endloop
  endfacet
  facet normal 0 1 0
    outer loop
      vertex -3.74102 6.61 41.3529
      vertex -3.12844 6.61 41.7777
      vertex -1.92649 6.61 42.0411
    endloop
  endfacet
  facet normal 0 1 0
    outer loop
      vertex -3.12844 6.61 41.7777
      vertex -3.74102 6.61 41.3529
      vertex -3.85367 6.61 41.4347
    endloop
  endfacet
  facet normal 0 1 0
    outer loop
      vertex -3.74102 6.61 41.3529
      vertex -4.54179 6.61 41.0223
      vertex -3.85367 6.61 41.4347
    endloop
  endfacet
  facet normal 0 1 0
    outer loop
      vertex -5.33814 6.61 40.2505
      vertex -4.54179 6.61 41.0223
      vertex -3.74102 6.61 41.3529
    endloop
  endfacet
  facet normal 0 1 0
    outer loop
      vertex -4.54179 6.61 41.0223
      vertex -5.33814 6.61 40.2505
      vertex -5.18616 6.61 40.5444
    endloop
  endfacet
  facet normal 0 1 -0
    outer loop
      vertex -5.33814 6.61 40.2505
      vertex -5.7806 6.61 40.0056
      vertex -5.18616 6.61 40.5444
    endloop
  endfacet
  facet normal 0 1 0
    outer loop
      vertex -5.33814 6.61 40.2505
      vertex -6.31936 6.61 39.4112
      vertex -5.7806 6.61 40.0056
    endloop
  endfacet
  facet normal 0 1 0
    outer loop
      vertex -6.62502 6.61 38.7979
      vertex -6.31936 6.61 39.4112
      vertex -5.33814 6.61 40.2505
    endloop
  endfacet
  facet normal 0 1 -0
    outer loop
      vertex -6.62502 6.61 38.7979
      vertex -6.79726 6.61 38.7668
      vertex -6.31936 6.61 39.4112
    endloop
  endfacet
  facet normal 0 1 0
    outer loop
      vertex -6.62502 6.61 38.7979
      vertex -7.20971 6.61 38.0787
      vertex -6.79726 6.61 38.7668
    endloop
  endfacet
  facet normal 0 1 0
    outer loop
      vertex -7.52688 6.61 37.0796
      vertex -7.20971 6.61 38.0787
      vertex -6.62502 6.61 38.7979
    endloop
  endfacet
  facet normal 0 1 0
    outer loop
      vertex -7.20971 6.61 38.0787
      vertex -7.52688 6.61 37.0796
      vertex -7.55271 6.61 37.3534
    endloop
  endfacet
  facet normal 0 1 0
    outer loop
      vertex -7.52688 6.61 37.0796
      vertex -7.82299 6.61 36.5981
      vertex -7.55271 6.61 37.3534
    endloop
  endfacet
  facet normal 0 1 0
    outer loop
      vertex -7.52688 6.61 37.0796
      vertex -8.01792 6.61 35.8199
      vertex -7.82299 6.61 36.5981
    endloop
  endfacet
  facet normal 0 1 -0
    outer loop
      vertex -7.99131 6.61 35.1953
      vertex -8.01792 6.61 35.8199
      vertex -7.52688 6.61 37.0796
    endloop
  endfacet
  facet normal 0 1 0
    outer loop
      vertex -7.99131 6.61 35.1953
      vertex -8.13563 6.61 35.0263
      vertex -8.01792 6.61 35.8199
    endloop
  endfacet
  facet normal 0 1 0
    outer loop
      vertex -7.99131 6.61 35.1953
      vertex -8.175 6.61 34.225
      vertex -8.13563 6.61 35.0263
    endloop
  endfacet
  facet normal 0 1 0
    outer loop
      vertex -7.99131 6.61 35.1953
      vertex -8.13563 6.61 33.4237
      vertex -8.175 6.61 34.225
    endloop
  endfacet
  facet normal 0 1 -0
    outer loop
      vertex -7.99131 6.61 32.5239
      vertex -8.13563 6.61 33.4237
      vertex -7.99131 6.61 35.1953
    endloop
  endfacet
  facet normal 0 1 0
    outer loop
      vertex -8.13563 6.61 33.4237
      vertex -7.99131 6.61 32.5239
      vertex -8.01792 6.61 32.6301
    endloop
  endfacet
  facet normal -0.623495 0 0.781828
    outer loop
      vertex 1.93078 9.7 11.2157
      vertex 3.47915 6.62 12.4505
      vertex 3.47915 9.7 12.4505
    endloop
  endfacet
  facet normal -0.623495 0 0.781828
    outer loop
      vertex 3.47915 6.62 12.4505
      vertex 1.93078 9.7 11.2157
      vertex 1.93078 6.62 11.2157
    endloop
  endfacet
  facet normal -0.222527 0 0.974927
    outer loop
      vertex 0 9.7 10.775
      vertex 1.93078 6.62 11.2157
      vertex 1.93078 9.7 11.2157
    endloop
  endfacet
  facet normal -0.222527 0 0.974927
    outer loop
      vertex 1.93078 6.62 11.2157
      vertex 0 9.7 10.775
      vertex 0 6.62 10.775
    endloop
  endfacet
  facet normal 0.222527 0 0.974927
    outer loop
      vertex -1.93078 9.7 11.2157
      vertex 0 6.62 10.775
      vertex 0 9.7 10.775
    endloop
  endfacet
  facet normal 0.222527 0 0.974927
    outer loop
      vertex 0 6.62 10.775
      vertex -1.93078 9.7 11.2157
      vertex -1.93078 6.62 11.2157
    endloop
  endfacet
  facet normal -1 0 0
    outer loop
      vertex 4.33843 6.62 14.2348
      vertex 4.33843 9.7 27.3058
      vertex 4.33843 9.7 14.2348
    endloop
  endfacet
  facet normal -1 -0 0
    outer loop
      vertex 4.33843 9.7 27.3058
      vertex 4.33843 6.62 14.2348
      vertex 4.33843 6.62 27.3058
    endloop
  endfacet
  facet normal -0.900968 0 0.433886
    outer loop
      vertex 3.47915 6.62 12.4505
      vertex 4.33843 9.7 14.2348
      vertex 3.47915 9.7 12.4505
    endloop
  endfacet
  facet normal -0.900968 0 0.433886
    outer loop
      vertex 4.33843 9.7 14.2348
      vertex 3.47915 6.62 12.4505
      vertex 4.33843 6.62 14.2348
    endloop
  endfacet
  facet normal 1 -0 0
    outer loop
      vertex -4.33843 6.62 27.3058
      vertex -4.33843 9.7 14.2348
      vertex -4.33843 9.7 27.3058
    endloop
  endfacet
  facet normal 1 0 0
    outer loop
      vertex -4.33843 9.7 14.2348
      vertex -4.33843 6.62 27.3058
      vertex -4.33843 6.62 14.2348
    endloop
  endfacet
  facet normal 0.900968 -0 0.433886
    outer loop
      vertex -4.33843 6.62 14.2348
      vertex -3.47915 9.7 12.4505
      vertex -4.33843 9.7 14.2348
    endloop
  endfacet
  facet normal 0.900968 0 0.433886
    outer loop
      vertex -3.47915 9.7 12.4505
      vertex -4.33843 6.62 14.2348
      vertex -3.47915 6.62 12.4505
    endloop
  endfacet
  facet normal 0.623495 0 0.781828
    outer loop
      vertex -3.47915 9.7 12.4505
      vertex -1.93078 6.62 11.2157
      vertex -1.93078 9.7 11.2157
    endloop
  endfacet
  facet normal 0.623495 0 0.781828
    outer loop
      vertex -1.93078 6.62 11.2157
      vertex -3.47915 9.7 12.4505
      vertex -3.47915 6.62 12.4505
    endloop
  endfacet
  facet normal -0.0491114 0 -0.998793
    outer loop
      vertex 0 6.61 42.4
      vertex 0.80129 9.7 42.3606
      vertex 0.80129 6.61 42.3606
    endloop
  endfacet
  facet normal -0.0491114 0 -0.998793
    outer loop
      vertex 0.80129 9.7 42.3606
      vertex 0 6.61 42.4
      vertex 0 9.7 42.4
    endloop
  endfacet
  facet normal -0.998795 0 0.0490735
    outer loop
      vertex 8.13563 6.61 33.4237
      vertex 8.175 9.7 34.225
      vertex 8.13563 9.7 33.4237
    endloop
  endfacet
  facet normal -0.998795 0 0.0490735
    outer loop
      vertex 8.175 9.7 34.225
      vertex 8.13563 6.61 33.4237
      vertex 8.175 6.61 34.225
    endloop
  endfacet
  facet normal 0.998795 -0 0.0490735
    outer loop
      vertex -8.175 6.61 34.225
      vertex -8.13563 9.7 33.4237
      vertex -8.175 9.7 34.225
    endloop
  endfacet
  facet normal 0.998795 0 0.0490735
    outer loop
      vertex -8.13563 9.7 33.4237
      vertex -8.175 6.61 34.225
      vertex -8.13563 6.61 33.4237
    endloop
  endfacet
  facet normal 0.67158 0 0.740932
    outer loop
      vertex -5.7806 9.7 28.4444
      vertex -5.18616 6.62 27.9056
      vertex -5.18616 9.7 27.9056
    endloop
  endfacet
  facet normal 0.67158 0 0.740932
    outer loop
      vertex -5.18616 6.62 27.9056
      vertex -5.7806 9.7 28.4444
      vertex -5.7806 6.62 28.4444
    endloop
  endfacet
  facet normal -0.740934 0 -0.671578
    outer loop
      vertex 6.31936 6.61 39.4112
      vertex 5.7806 9.7 40.0056
      vertex 6.31936 9.7 39.4112
    endloop
  endfacet
  facet normal -0.740934 -0 -0.671578
    outer loop
      vertex 5.7806 9.7 40.0056
      vertex 6.31936 6.61 39.4112
      vertex 5.7806 6.61 40.0056
    endloop
  endfacet
  facet normal -0.740934 0 0.671578
    outer loop
      vertex 5.7806 6.62 28.4444
      vertex 6.31936 9.7 29.0388
      vertex 5.7806 9.7 28.4444
    endloop
  endfacet
  facet normal -0.740934 0 0.671578
    outer loop
      vertex 6.31936 9.7 29.0388
      vertex 5.7806 6.62 28.4444
      vertex 6.31936 6.62 29.0388
    endloop
  endfacet
  facet normal -0.904009 0 0.427513
    outer loop
      vertex 7.20971 6.62 30.3713
      vertex 7.55271 9.7 31.0966
      vertex 7.20971 9.7 30.3713
    endloop
  endfacet
  facet normal -0.904009 0 0.427513
    outer loop
      vertex 7.55271 9.7 31.0966
      vertex 7.20971 6.62 30.3713
      vertex 7.55271 6.62 31.0966
    endloop
  endfacet
  facet normal -0.427547 0 -0.903993
    outer loop
      vertex 3.12844 6.61 41.7777
      vertex 3.85367 9.7 41.4347
      vertex 3.85367 6.61 41.4347
    endloop
  endfacet
  facet normal -0.427547 0 -0.903993
    outer loop
      vertex 3.85367 9.7 41.4347
      vertex 3.12844 6.61 41.7777
      vertex 3.12844 9.7 41.7777
    endloop
  endfacet
  facet normal -0.941532 0 -0.336922
    outer loop
      vertex 7.82299 6.61 36.5981
      vertex 7.55271 9.7 37.3534
      vertex 7.82299 9.7 36.5981
    endloop
  endfacet
  facet normal -0.941532 -0 -0.336922
    outer loop
      vertex 7.55271 9.7 37.3534
      vertex 7.82299 6.61 36.5981
      vertex 7.55271 6.61 37.3534
    endloop
  endfacet
  facet normal -0.857718 0 -0.51412
    outer loop
      vertex 7.20971 6.61 38.0787
      vertex 6.79726 9.7 38.7668
      vertex 7.20971 9.7 38.0787
    endloop
  endfacet
  facet normal -0.857718 -0 -0.51412
    outer loop
      vertex 6.79726 9.7 38.7668
      vertex 7.20971 6.61 38.0787
      vertex 6.79726 6.61 38.7668
    endloop
  endfacet
  facet normal -0.970034 0 0.24297
    outer loop
      vertex 7.99131 6.62 32.5239
      vertex 7.82299 9.7 31.8519
      vertex 7.82299 6.62 31.8519
    endloop
  endfacet
  facet normal -0.970031 2.56424e-06 0.242981
    outer loop
      vertex 7.82299 9.7 31.8519
      vertex 7.99131 6.62 32.5239
      vertex 8.01792 9.7 32.6301
    endloop
  endfacet
  facet normal -0.970013 0 0.243051
    outer loop
      vertex 8.01792 6.61 32.6301
      vertex 7.99131 6.62 32.5239
      vertex 7.99131 6.61 32.5239
    endloop
  endfacet
  facet normal -0.970013 0 0.243051
    outer loop
      vertex 7.99131 6.62 32.5239
      vertex 8.01792 6.61 32.6301
      vertex 8.01792 9.7 32.6301
    endloop
  endfacet
  facet normal -0.24294 0 -0.970041
    outer loop
      vertex 1.59486 6.61 42.2429
      vertex 2.37308 9.7 42.048
      vertex 2.37308 6.61 42.048
    endloop
  endfacet
  facet normal -0.24294 0 -0.970041
    outer loop
      vertex 2.37308 9.7 42.048
      vertex 1.59486 6.61 42.2429
      vertex 1.59486 9.7 42.2429
    endloop
  endfacet
  facet normal -0.146712 0 -0.989179
    outer loop
      vertex 0.80129 6.61 42.3606
      vertex 1.59486 9.7 42.2429
      vertex 1.59486 6.61 42.2429
    endloop
  endfacet
  facet normal -0.146712 0 -0.989179
    outer loop
      vertex 1.59486 9.7 42.2429
      vertex 0.80129 6.61 42.3606
      vertex 0.80129 9.7 42.3606
    endloop
  endfacet
  facet normal -0.336921 0 -0.941533
    outer loop
      vertex 2.37308 6.61 42.048
      vertex 3.12844 9.7 41.7777
      vertex 3.12844 6.61 41.7777
    endloop
  endfacet
  facet normal -0.336921 0 -0.941533
    outer loop
      vertex 3.12844 9.7 41.7777
      vertex 2.37308 6.61 42.048
      vertex 2.37308 9.7 42.048
    endloop
  endfacet
  facet normal -0.595701 0 -0.803206
    outer loop
      vertex 4.54179 6.61 41.0223
      vertex 5.18616 9.7 40.5444
      vertex 5.18616 6.61 40.5444
    endloop
  endfacet
  facet normal -0.595701 0 -0.803206
    outer loop
      vertex 5.18616 9.7 40.5444
      vertex 4.54179 6.61 41.0223
      vertex 4.54179 9.7 41.0223
    endloop
  endfacet
  facet normal -0.67158 0 -0.740932
    outer loop
      vertex 5.18616 6.61 40.5444
      vertex 5.7806 9.7 40.0056
      vertex 5.7806 6.61 40.0056
    endloop
  endfacet
  facet normal -0.67158 0 -0.740932
    outer loop
      vertex 5.7806 9.7 40.0056
      vertex 5.18616 6.61 40.5444
      vertex 5.18616 9.7 40.5444
    endloop
  endfacet
  facet normal -0.514063 0 -0.857752
    outer loop
      vertex 3.85367 6.61 41.4347
      vertex 4.54179 9.7 41.0223
      vertex 4.54179 6.61 41.0223
    endloop
  endfacet
  facet normal -0.514063 0 -0.857752
    outer loop
      vertex 4.54179 9.7 41.0223
      vertex 3.85367 6.61 41.4347
      vertex 3.85367 9.7 41.4347
    endloop
  endfacet
  facet normal -0.989178 0 -0.146719
    outer loop
      vertex 8.13563 6.61 35.0263
      vertex 8.01792 9.7 35.8199
      vertex 8.13563 9.7 35.0263
    endloop
  endfacet
  facet normal -0.989178 -0 -0.146719
    outer loop
      vertex 8.01792 9.7 35.8199
      vertex 8.13563 6.61 35.0263
      vertex 8.01792 6.61 35.8199
    endloop
  endfacet
  facet normal -0.970031 0 -0.242981
    outer loop
      vertex 8.01792 6.61 35.8199
      vertex 7.82299 9.7 36.5981
      vertex 8.01792 9.7 35.8199
    endloop
  endfacet
  facet normal -0.970031 -0 -0.242981
    outer loop
      vertex 7.82299 9.7 36.5981
      vertex 8.01792 6.61 35.8199
      vertex 7.82299 6.61 36.5981
    endloop
  endfacet
  facet normal -0.998795 0 -0.0490735
    outer loop
      vertex 8.175 6.61 34.225
      vertex 8.13563 9.7 35.0263
      vertex 8.175 9.7 34.225
    endloop
  endfacet
  facet normal -0.998795 -0 -0.0490735
    outer loop
      vertex 8.13563 9.7 35.0263
      vertex 8.175 6.61 34.225
      vertex 8.13563 6.61 35.0263
    endloop
  endfacet
  facet normal -0.904009 0 -0.427513
    outer loop
      vertex 7.55271 6.61 37.3534
      vertex 7.20971 9.7 38.0787
      vertex 7.55271 9.7 37.3534
    endloop
  endfacet
  facet normal -0.904009 -0 -0.427513
    outer loop
      vertex 7.20971 9.7 38.0787
      vertex 7.55271 6.61 37.3534
      vertex 7.20971 6.61 38.0787
    endloop
  endfacet
  facet normal -0.803219 0 -0.595684
    outer loop
      vertex 6.79726 6.61 38.7668
      vertex 6.31936 9.7 39.4112
      vertex 6.79726 9.7 38.7668
    endloop
  endfacet
  facet normal -0.803219 -0 -0.595684
    outer loop
      vertex 6.31936 9.7 39.4112
      vertex 6.79726 6.61 38.7668
      vertex 6.31936 6.61 39.4112
    endloop
  endfacet
  facet normal -0.595701 0 0.803206
    outer loop
      vertex 4.54179 9.7 27.4277
      vertex 5.18616 6.62 27.9056
      vertex 5.18616 9.7 27.9056
    endloop
  endfacet
  facet normal -0.595701 0 0.803206
    outer loop
      vertex 5.18616 6.62 27.9056
      vertex 4.54179 9.7 27.4277
      vertex 4.54179 6.62 27.4277
    endloop
  endfacet
  facet normal -0.67158 0 0.740932
    outer loop
      vertex 5.18616 9.7 27.9056
      vertex 5.7806 6.62 28.4444
      vertex 5.7806 9.7 28.4444
    endloop
  endfacet
  facet normal -0.67158 0 0.740932
    outer loop
      vertex 5.7806 6.62 28.4444
      vertex 5.18616 9.7 27.9056
      vertex 5.18616 6.62 27.9056
    endloop
  endfacet
  facet normal -0.514136 0 0.857709
    outer loop
      vertex 4.33843 9.7 27.3058
      vertex 4.54179 6.62 27.4277
      vertex 4.54179 9.7 27.4277
    endloop
  endfacet
  facet normal -0.514136 0 0.857709
    outer loop
      vertex 4.54179 6.62 27.4277
      vertex 4.33843 9.7 27.3058
      vertex 4.33843 6.62 27.3058
    endloop
  endfacet
  facet normal -0.857718 0 0.51412
    outer loop
      vertex 6.79726 6.62 29.6832
      vertex 7.20971 9.7 30.3713
      vertex 6.79726 9.7 29.6832
    endloop
  endfacet
  facet normal -0.857718 0 0.51412
    outer loop
      vertex 7.20971 9.7 30.3713
      vertex 6.79726 6.62 29.6832
      vertex 7.20971 6.62 30.3713
    endloop
  endfacet
  facet normal -0.803219 0 0.595684
    outer loop
      vertex 6.31936 6.62 29.0388
      vertex 6.79726 9.7 29.6832
      vertex 6.31936 9.7 29.0388
    endloop
  endfacet
  facet normal -0.803219 0 0.595684
    outer loop
      vertex 6.79726 9.7 29.6832
      vertex 6.31936 6.62 29.0388
      vertex 6.79726 6.62 29.6832
    endloop
  endfacet
  facet normal -0.941532 0 0.336922
    outer loop
      vertex 7.55271 6.62 31.0966
      vertex 7.82299 9.7 31.8519
      vertex 7.55271 9.7 31.0966
    endloop
  endfacet
  facet normal -0.941532 0 0.336922
    outer loop
      vertex 7.82299 9.7 31.8519
      vertex 7.55271 6.62 31.0966
      vertex 7.82299 6.62 31.8519
    endloop
  endfacet
  facet normal -0.989178 0 0.146719
    outer loop
      vertex 8.01792 6.61 32.6301
      vertex 8.13563 9.7 33.4237
      vertex 8.01792 9.7 32.6301
    endloop
  endfacet
  facet normal -0.989178 0 0.146719
    outer loop
      vertex 8.13563 9.7 33.4237
      vertex 8.01792 6.61 32.6301
      vertex 8.13563 6.61 33.4237
    endloop
  endfacet
  facet normal 0.998795 0 -0.0490735
    outer loop
      vertex -8.13563 6.61 35.0263
      vertex -8.175 9.7 34.225
      vertex -8.13563 9.7 35.0263
    endloop
  endfacet
  facet normal 0.998795 0 -0.0490735
    outer loop
      vertex -8.175 9.7 34.225
      vertex -8.13563 6.61 35.0263
      vertex -8.175 6.61 34.225
    endloop
  endfacet
  facet normal 0.970031 0 -0.242981
    outer loop
      vertex -7.82299 6.61 36.5981
      vertex -8.01792 9.7 35.8199
      vertex -7.82299 9.7 36.5981
    endloop
  endfacet
  facet normal 0.970031 0 -0.242981
    outer loop
      vertex -8.01792 9.7 35.8199
      vertex -7.82299 6.61 36.5981
      vertex -8.01792 6.61 35.8199
    endloop
  endfacet
  facet normal 0.803219 0 -0.595684
    outer loop
      vertex -6.31936 6.61 39.4112
      vertex -6.79726 9.7 38.7668
      vertex -6.31936 9.7 39.4112
    endloop
  endfacet
  facet normal 0.803219 0 -0.595684
    outer loop
      vertex -6.79726 9.7 38.7668
      vertex -6.31936 6.61 39.4112
      vertex -6.79726 6.61 38.7668
    endloop
  endfacet
  facet normal 0.904009 0 -0.427513
    outer loop
      vertex -7.20971 6.61 38.0787
      vertex -7.55271 9.7 37.3534
      vertex -7.20971 9.7 38.0787
    endloop
  endfacet
  facet normal 0.904009 0 -0.427513
    outer loop
      vertex -7.55271 9.7 37.3534
      vertex -7.20971 6.61 38.0787
      vertex -7.55271 6.61 37.3534
    endloop
  endfacet
  facet normal 0.67158 0 -0.740932
    outer loop
      vertex -5.7806 6.61 40.0056
      vertex -5.18616 9.7 40.5444
      vertex -5.18616 6.61 40.5444
    endloop
  endfacet
  facet normal 0.67158 0 -0.740932
    outer loop
      vertex -5.18616 9.7 40.5444
      vertex -5.7806 6.61 40.0056
      vertex -5.7806 9.7 40.0056
    endloop
  endfacet
  facet normal 0.514063 0 -0.857752
    outer loop
      vertex -4.54179 6.61 41.0223
      vertex -3.85367 9.7 41.4347
      vertex -3.85367 6.61 41.4347
    endloop
  endfacet
  facet normal 0.514063 0 -0.857752
    outer loop
      vertex -3.85367 9.7 41.4347
      vertex -4.54179 6.61 41.0223
      vertex -4.54179 9.7 41.0223
    endloop
  endfacet
  facet normal 0.336921 0 -0.941533
    outer loop
      vertex -3.12844 6.61 41.7777
      vertex -2.37308 9.7 42.048
      vertex -2.37308 6.61 42.048
    endloop
  endfacet
  facet normal 0.336921 0 -0.941533
    outer loop
      vertex -2.37308 9.7 42.048
      vertex -3.12844 6.61 41.7777
      vertex -3.12844 9.7 41.7777
    endloop
  endfacet
  facet normal 0.146712 0 -0.989179
    outer loop
      vertex -1.59486 6.61 42.2429
      vertex -0.80129 9.7 42.3606
      vertex -0.80129 6.61 42.3606
    endloop
  endfacet
  facet normal 0.146712 0 -0.989179
    outer loop
      vertex -0.80129 9.7 42.3606
      vertex -1.59486 6.61 42.2429
      vertex -1.59486 9.7 42.2429
    endloop
  endfacet
  facet normal 0.740934 -0 0.671578
    outer loop
      vertex -6.31936 6.62 29.0388
      vertex -5.7806 9.7 28.4444
      vertex -6.31936 9.7 29.0388
    endloop
  endfacet
  facet normal 0.740934 0 0.671578
    outer loop
      vertex -5.7806 9.7 28.4444
      vertex -6.31936 6.62 29.0388
      vertex -5.7806 6.62 28.4444
    endloop
  endfacet
  facet normal 0.857718 -0 0.51412
    outer loop
      vertex -7.20971 6.62 30.3713
      vertex -6.79726 9.7 29.6832
      vertex -7.20971 9.7 30.3713
    endloop
  endfacet
  facet normal 0.857718 0 0.51412
    outer loop
      vertex -6.79726 9.7 29.6832
      vertex -7.20971 6.62 30.3713
      vertex -6.79726 6.62 29.6832
    endloop
  endfacet
  facet normal 0.941532 -0 0.336922
    outer loop
      vertex -7.82299 6.62 31.8519
      vertex -7.55271 9.7 31.0966
      vertex -7.82299 9.7 31.8519
    endloop
  endfacet
  facet normal 0.941532 0 0.336922
    outer loop
      vertex -7.55271 9.7 31.0966
      vertex -7.82299 6.62 31.8519
      vertex -7.55271 6.62 31.0966
    endloop
  endfacet
  facet normal 0.989178 -0 0.146719
    outer loop
      vertex -8.13563 6.61 33.4237
      vertex -8.01792 9.7 32.6301
      vertex -8.13563 9.7 33.4237
    endloop
  endfacet
  facet normal 0.989178 0 0.146719
    outer loop
      vertex -8.01792 9.7 32.6301
      vertex -8.13563 6.61 33.4237
      vertex -8.01792 6.61 32.6301
    endloop
  endfacet
  facet normal 0.595701 0 0.803206
    outer loop
      vertex -5.18616 9.7 27.9056
      vertex -4.54179 6.62 27.4277
      vertex -4.54179 9.7 27.4277
    endloop
  endfacet
  facet normal 0.595701 0 0.803206
    outer loop
      vertex -4.54179 6.62 27.4277
      vertex -5.18616 9.7 27.9056
      vertex -5.18616 6.62 27.9056
    endloop
  endfacet
  facet normal 0.0491114 0 -0.998793
    outer loop
      vertex -0.80129 6.61 42.3606
      vertex 0 9.7 42.4
      vertex 0 6.61 42.4
    endloop
  endfacet
  facet normal 0.0491114 0 -0.998793
    outer loop
      vertex 0 9.7 42.4
      vertex -0.80129 6.61 42.3606
      vertex -0.80129 9.7 42.3606
    endloop
  endfacet
  facet normal 0.989178 0 -0.146719
    outer loop
      vertex -8.01792 6.61 35.8199
      vertex -8.13563 9.7 35.0263
      vertex -8.01792 9.7 35.8199
    endloop
  endfacet
  facet normal 0.989178 0 -0.146719
    outer loop
      vertex -8.13563 9.7 35.0263
      vertex -8.01792 6.61 35.8199
      vertex -8.13563 6.61 35.0263
    endloop
  endfacet
  facet normal 0.941532 0 -0.336922
    outer loop
      vertex -7.55271 6.61 37.3534
      vertex -7.82299 9.7 36.5981
      vertex -7.55271 9.7 37.3534
    endloop
  endfacet
  facet normal 0.941532 0 -0.336922
    outer loop
      vertex -7.82299 9.7 36.5981
      vertex -7.55271 6.61 37.3534
      vertex -7.82299 6.61 36.5981
    endloop
  endfacet
  facet normal 0.740934 0 -0.671578
    outer loop
      vertex -5.7806 6.61 40.0056
      vertex -6.31936 9.7 39.4112
      vertex -5.7806 9.7 40.0056
    endloop
  endfacet
  facet normal 0.740934 0 -0.671578
    outer loop
      vertex -6.31936 9.7 39.4112
      vertex -5.7806 6.61 40.0056
      vertex -6.31936 6.61 39.4112
    endloop
  endfacet
  facet normal 0.857718 0 -0.51412
    outer loop
      vertex -6.79726 6.61 38.7668
      vertex -7.20971 9.7 38.0787
      vertex -6.79726 9.7 38.7668
    endloop
  endfacet
  facet normal 0.857718 0 -0.51412
    outer loop
      vertex -7.20971 9.7 38.0787
      vertex -6.79726 6.61 38.7668
      vertex -7.20971 6.61 38.0787
    endloop
  endfacet
  facet normal 0.595701 0 -0.803206
    outer loop
      vertex -5.18616 6.61 40.5444
      vertex -4.54179 9.7 41.0223
      vertex -4.54179 6.61 41.0223
    endloop
  endfacet
  facet normal 0.595701 0 -0.803206
    outer loop
      vertex -4.54179 9.7 41.0223
      vertex -5.18616 6.61 40.5444
      vertex -5.18616 9.7 40.5444
    endloop
  endfacet
  facet normal 0.427547 0 -0.903993
    outer loop
      vertex -3.85367 6.61 41.4347
      vertex -3.12844 9.7 41.7777
      vertex -3.12844 6.61 41.7777
    endloop
  endfacet
  facet normal 0.427547 0 -0.903993
    outer loop
      vertex -3.12844 9.7 41.7777
      vertex -3.85367 6.61 41.4347
      vertex -3.85367 9.7 41.4347
    endloop
  endfacet
  facet normal 0.24294 0 -0.970041
    outer loop
      vertex -2.37308 6.61 42.048
      vertex -1.59486 9.7 42.2429
      vertex -1.59486 6.61 42.2429
    endloop
  endfacet
  facet normal 0.24294 0 -0.970041
    outer loop
      vertex -1.59486 9.7 42.2429
      vertex -2.37308 6.61 42.048
      vertex -2.37308 9.7 42.048
    endloop
  endfacet
  facet normal 0.803219 -0 0.595684
    outer loop
      vertex -6.79726 6.62 29.6832
      vertex -6.31936 9.7 29.0388
      vertex -6.79726 9.7 29.6832
    endloop
  endfacet
  facet normal 0.803219 0 0.595684
    outer loop
      vertex -6.31936 9.7 29.0388
      vertex -6.79726 6.62 29.6832
      vertex -6.31936 6.62 29.0388
    endloop
  endfacet
  facet normal 0.904009 -0 0.427513
    outer loop
      vertex -7.55271 6.62 31.0966
      vertex -7.20971 9.7 30.3713
      vertex -7.55271 9.7 31.0966
    endloop
  endfacet
  facet normal 0.904009 0 0.427513
    outer loop
      vertex -7.20971 9.7 30.3713
      vertex -7.55271 6.62 31.0966
      vertex -7.20971 6.62 30.3713
    endloop
  endfacet
  facet normal 0.970031 2.56424e-06 0.242981
    outer loop
      vertex -8.01792 9.7 32.6301
      vertex -7.99131 6.62 32.5239
      vertex -7.82299 9.7 31.8519
    endloop
  endfacet
  facet normal 0.970013 -0 0.243051
    outer loop
      vertex -8.01792 6.61 32.6301
      vertex -7.99131 6.62 32.5239
      vertex -8.01792 9.7 32.6301
    endloop
  endfacet
  facet normal 0.970013 0 0.243051
    outer loop
      vertex -7.99131 6.62 32.5239
      vertex -8.01792 6.61 32.6301
      vertex -7.99131 6.61 32.5239
    endloop
  endfacet
  facet normal 0.970034 0 0.24297
    outer loop
      vertex -7.82299 9.7 31.8519
      vertex -7.99131 6.62 32.5239
      vertex -7.82299 6.62 31.8519
    endloop
  endfacet
  facet normal 0.514136 0 0.857709
    outer loop
      vertex -4.54179 9.7 27.4277
      vertex -4.33843 6.62 27.3058
      vertex -4.33843 9.7 27.3058
    endloop
  endfacet
  facet normal 0.514136 0 0.857709
    outer loop
      vertex -4.33843 6.62 27.3058
      vertex -4.54179 9.7 27.4277
      vertex -4.54179 6.62 27.4277
    endloop
  endfacet
  facet normal 0 1 0
    outer loop
      vertex 1.92649 1.65 42.0411
      vertex -1.92649 1.65 42.0411
      vertex 0 1.65 42.275
    endloop
  endfacet
  facet normal 0 1 0
    outer loop
      vertex 3.74102 1.65 41.3529
      vertex -1.92649 1.65 42.0411
      vertex 1.92649 1.65 42.0411
    endloop
  endfacet
  facet normal 0 1 0
    outer loop
      vertex 3.74102 1.65 41.3529
      vertex -3.74102 1.65 41.3529
      vertex -1.92649 1.65 42.0411
    endloop
  endfacet
  facet normal 0 1 0
    outer loop
      vertex 5.33814 1.65 40.2505
      vertex -3.74102 1.65 41.3529
      vertex 3.74102 1.65 41.3529
    endloop
  endfacet
  facet normal 0 1 0
    outer loop
      vertex 5.33814 1.65 40.2505
      vertex -5.33814 1.65 40.2505
      vertex -3.74102 1.65 41.3529
    endloop
  endfacet
  facet normal 0 1 0
    outer loop
      vertex 6.62502 1.65 38.7979
      vertex -5.33814 1.65 40.2505
      vertex 5.33814 1.65 40.2505
    endloop
  endfacet
  facet normal 0 1 0
    outer loop
      vertex 6.62502 1.65 38.7979
      vertex -6.62502 1.65 38.7979
      vertex -5.33814 1.65 40.2505
    endloop
  endfacet
  facet normal 0 1 0
    outer loop
      vertex 7.52688 1.65 37.0796
      vertex -6.62502 1.65 38.7979
      vertex 6.62502 1.65 38.7979
    endloop
  endfacet
  facet normal 0 1 0
    outer loop
      vertex 7.52688 1.65 37.0796
      vertex -7.52688 1.65 37.0796
      vertex -6.62502 1.65 38.7979
    endloop
  endfacet
  facet normal 0 1 0
    outer loop
      vertex 7.99131 1.65 35.1953
      vertex -7.52688 1.65 37.0796
      vertex 7.52688 1.65 37.0796
    endloop
  endfacet
  facet normal 0 1 0
    outer loop
      vertex 7.99131 1.65 35.1953
      vertex -7.99131 1.65 35.1953
      vertex -7.52688 1.65 37.0796
    endloop
  endfacet
  facet normal 0 1 -0
    outer loop
      vertex 7.99131 1.65 14.2547
      vertex -7.99131 1.65 35.1953
      vertex 7.99131 1.65 35.1953
    endloop
  endfacet
  facet normal 0 1 0
    outer loop
      vertex 7.99131 1.65 14.2547
      vertex -7.99131 1.65 14.2547
      vertex -7.99131 1.65 35.1953
    endloop
  endfacet
  facet normal 0 1 -0
    outer loop
      vertex 7.52688 1.65 12.3704
      vertex -7.99131 1.65 14.2547
      vertex 7.99131 1.65 14.2547
    endloop
  endfacet
  facet normal 0 1 0
    outer loop
      vertex 7.52688 1.65 12.3704
      vertex -7.52688 1.65 12.3704
      vertex -7.99131 1.65 14.2547
    endloop
  endfacet
  facet normal 0 1 -0
    outer loop
      vertex 6.62502 1.65 10.6521
      vertex -7.52688 1.65 12.3704
      vertex 7.52688 1.65 12.3704
    endloop
  endfacet
  facet normal 0 1 0
    outer loop
      vertex 6.62502 1.65 10.6521
      vertex -6.62502 1.65 10.6521
      vertex -7.52688 1.65 12.3704
    endloop
  endfacet
  facet normal 0 1 -0
    outer loop
      vertex 5.33814 1.65 9.19949
      vertex -6.62502 1.65 10.6521
      vertex 6.62502 1.65 10.6521
    endloop
  endfacet
  facet normal 0 1 0
    outer loop
      vertex 5.33814 1.65 9.19949
      vertex -5.33814 1.65 9.19949
      vertex -6.62502 1.65 10.6521
    endloop
  endfacet
  facet normal 0 1 -0
    outer loop
      vertex 3.74102 1.65 8.09708
      vertex -5.33814 1.65 9.19949
      vertex 5.33814 1.65 9.19949
    endloop
  endfacet
  facet normal 0 1 0
    outer loop
      vertex 3.74102 1.65 8.09708
      vertex -3.74102 1.65 8.09708
      vertex -5.33814 1.65 9.19949
    endloop
  endfacet
  facet normal 0 1 -0
    outer loop
      vertex 1.92649 1.65 7.40892
      vertex -3.74102 1.65 8.09708
      vertex 3.74102 1.65 8.09708
    endloop
  endfacet
  facet normal 0 1 0
    outer loop
      vertex 1.92649 1.65 7.40892
      vertex -1.92649 1.65 7.40892
      vertex -3.74102 1.65 8.09708
    endloop
  endfacet
  facet normal -0 1 0
    outer loop
      vertex -1.92649 1.65 7.40892
      vertex 1.92649 1.65 7.40892
      vertex 0 1.65 7.175
    endloop
  endfacet
  facet normal -0.354605 0 0.935016
    outer loop
      vertex 1.92649 6.62 7.40892
      vertex 3.74102 1.65 8.09708
      vertex 3.74102 6.62 8.09708
    endloop
  endfacet
  facet normal -0.354605 0 0.935016
    outer loop
      vertex 3.74102 1.65 8.09708
      vertex 1.92649 6.62 7.40892
      vertex 1.92649 1.65 7.40892
    endloop
  endfacet
  facet normal -0.120538 0 0.992709
    outer loop
      vertex 0 6.62 7.175
      vertex 1.92649 1.65 7.40892
      vertex 1.92649 6.62 7.40892
    endloop
  endfacet
  facet normal -0.120538 0 0.992709
    outer loop
      vertex 1.92649 1.65 7.40892
      vertex 0 6.62 7.175
      vertex 0 1.65 7.175
    endloop
  endfacet
  facet normal 0.120538 0 0.992709
    outer loop
      vertex -1.92649 6.62 7.40892
      vertex 0 1.65 7.175
      vertex 0 6.62 7.175
    endloop
  endfacet
  facet normal 0.120538 0 0.992709
    outer loop
      vertex 0 1.65 7.175
      vertex -1.92649 6.62 7.40892
      vertex -1.92649 1.65 7.40892
    endloop
  endfacet
  facet normal 0 -1 0
    outer loop
      vertex -7.99131 6.62 14.2547
      vertex -7.82299 6.62 31.8519
      vertex -7.99131 6.62 32.5239
    endloop
  endfacet
  facet normal 0 -1 0
    outer loop
      vertex -7.99131 6.62 14.2547
      vertex -7.55271 6.62 31.0966
      vertex -7.82299 6.62 31.8519
    endloop
  endfacet
  facet normal 0 -1 0
    outer loop
      vertex -7.99131 6.62 14.2547
      vertex -7.20971 6.62 30.3713
      vertex -7.55271 6.62 31.0966
    endloop
  endfacet
  facet normal 0 -1 0
    outer loop
      vertex -7.99131 6.62 14.2547
      vertex -6.79726 6.62 29.6832
      vertex -7.20971 6.62 30.3713
    endloop
  endfacet
  facet normal 0 -1 0
    outer loop
      vertex -7.99131 6.62 14.2547
      vertex -6.31936 6.62 29.0388
      vertex -6.79726 6.62 29.6832
    endloop
  endfacet
  facet normal 0 -1 0
    outer loop
      vertex -7.99131 6.62 14.2547
      vertex -5.7806 6.62 28.4444
      vertex -6.31936 6.62 29.0388
    endloop
  endfacet
  facet normal 0 -1 0
    outer loop
      vertex -7.99131 6.62 14.2547
      vertex -5.18616 6.62 27.9056
      vertex -5.7806 6.62 28.4444
    endloop
  endfacet
  facet normal 0 -1 0
    outer loop
      vertex -7.99131 6.62 14.2547
      vertex -4.54179 6.62 27.4277
      vertex -5.18616 6.62 27.9056
    endloop
  endfacet
  facet normal 0 -1 0
    outer loop
      vertex -7.99131 6.62 14.2547
      vertex -4.33843 6.62 27.3058
      vertex -4.54179 6.62 27.4277
    endloop
  endfacet
  facet normal 0 -1 0
    outer loop
      vertex -7.99131 6.62 14.2547
      vertex -4.33843 6.62 14.2348
      vertex -4.33843 6.62 27.3058
    endloop
  endfacet
  facet normal 0 -1 0
    outer loop
      vertex -7.52688 6.62 12.3704
      vertex -4.33843 6.62 14.2348
      vertex -7.99131 6.62 14.2547
    endloop
  endfacet
  facet normal 0 -1 -0
    outer loop
      vertex -4.33843 6.62 14.2348
      vertex -7.52688 6.62 12.3704
      vertex -3.47915 6.62 12.4505
    endloop
  endfacet
  facet normal 0 -1 0
    outer loop
      vertex -6.62502 6.62 10.6521
      vertex -3.47915 6.62 12.4505
      vertex -7.52688 6.62 12.3704
    endloop
  endfacet
  facet normal 0 -1 0
    outer loop
      vertex -5.33814 6.62 9.19949
      vertex -3.47915 6.62 12.4505
      vertex -6.62502 6.62 10.6521
    endloop
  endfacet
  facet normal 0 -1 -0
    outer loop
      vertex -3.47915 6.62 12.4505
      vertex -5.33814 6.62 9.19949
      vertex -1.93078 6.62 11.2157
    endloop
  endfacet
  facet normal 0 -1 0
    outer loop
      vertex 7.82299 6.62 31.8519
      vertex 7.99131 6.62 14.2547
      vertex 7.99131 6.62 32.5239
    endloop
  endfacet
  facet normal 0 -1 0
    outer loop
      vertex 7.55271 6.62 31.0966
      vertex 7.99131 6.62 14.2547
      vertex 7.82299 6.62 31.8519
    endloop
  endfacet
  facet normal 0 -1 0
    outer loop
      vertex 7.20971 6.62 30.3713
      vertex 7.99131 6.62 14.2547
      vertex 7.55271 6.62 31.0966
    endloop
  endfacet
  facet normal 0 -1 0
    outer loop
      vertex 6.79726 6.62 29.6832
      vertex 7.99131 6.62 14.2547
      vertex 7.20971 6.62 30.3713
    endloop
  endfacet
  facet normal 0 -1 0
    outer loop
      vertex 6.31936 6.62 29.0388
      vertex 7.99131 6.62 14.2547
      vertex 6.79726 6.62 29.6832
    endloop
  endfacet
  facet normal 0 -1 0
    outer loop
      vertex 5.7806 6.62 28.4444
      vertex 7.99131 6.62 14.2547
      vertex 6.31936 6.62 29.0388
    endloop
  endfacet
  facet normal 0 -1 0
    outer loop
      vertex 5.18616 6.62 27.9056
      vertex 7.99131 6.62 14.2547
      vertex 5.7806 6.62 28.4444
    endloop
  endfacet
  facet normal 0 -1 0
    outer loop
      vertex 4.54179 6.62 27.4277
      vertex 7.99131 6.62 14.2547
      vertex 5.18616 6.62 27.9056
    endloop
  endfacet
  facet normal 0 -1 0
    outer loop
      vertex 4.33843 6.62 27.3058
      vertex 7.99131 6.62 14.2547
      vertex 4.54179 6.62 27.4277
    endloop
  endfacet
  facet normal 0 -1 0
    outer loop
      vertex 4.33843 6.62 14.2348
      vertex 7.99131 6.62 14.2547
      vertex 4.33843 6.62 27.3058
    endloop
  endfacet
  facet normal 0 -1 0
    outer loop
      vertex 7.52688 6.62 12.3704
      vertex 4.33843 6.62 14.2348
      vertex 3.47915 6.62 12.4505
    endloop
  endfacet
  facet normal 0 -1 0
    outer loop
      vertex 4.33843 6.62 14.2348
      vertex 7.52688 6.62 12.3704
      vertex 7.99131 6.62 14.2547
    endloop
  endfacet
  facet normal 0 -1 0
    outer loop
      vertex 5.33814 6.62 9.19949
      vertex 3.47915 6.62 12.4505
      vertex 1.93078 6.62 11.2157
    endloop
  endfacet
  facet normal 0 -1 0
    outer loop
      vertex 1.92649 6.62 7.40892
      vertex 1.93078 6.62 11.2157
      vertex 0 6.62 10.775
    endloop
  endfacet
  facet normal 0 -1 0
    outer loop
      vertex 3.47915 6.62 12.4505
      vertex 6.62502 6.62 10.6521
      vertex 7.52688 6.62 12.3704
    endloop
  endfacet
  facet normal 0 -1 0
    outer loop
      vertex -3.74102 6.62 8.09708
      vertex -1.93078 6.62 11.2157
      vertex -5.33814 6.62 9.19949
    endloop
  endfacet
  facet normal 0 -1 0
    outer loop
      vertex -1.92649 6.62 7.40892
      vertex -1.93078 6.62 11.2157
      vertex -3.74102 6.62 8.09708
    endloop
  endfacet
  facet normal 0 -1 0
    outer loop
      vertex 3.47915 6.62 12.4505
      vertex 5.33814 6.62 9.19949
      vertex 6.62502 6.62 10.6521
    endloop
  endfacet
  facet normal 0 -1 0
    outer loop
      vertex -1.93078 6.62 11.2157
      vertex -1.92649 6.62 7.40892
      vertex 0 6.62 10.775
    endloop
  endfacet
  facet normal 0 -1 0
    outer loop
      vertex 1.93078 6.62 11.2157
      vertex 3.74102 6.62 8.09708
      vertex 5.33814 6.62 9.19949
    endloop
  endfacet
  facet normal 0 -1 0
    outer loop
      vertex 0 6.62 7.175
      vertex 0 6.62 10.775
      vertex -1.92649 6.62 7.40892
    endloop
  endfacet
  facet normal 0 -1 -0
    outer loop
      vertex 1.93078 6.62 11.2157
      vertex 1.92649 6.62 7.40892
      vertex 3.74102 6.62 8.09708
    endloop
  endfacet
  facet normal 0 -1 0
    outer loop
      vertex 0 6.62 10.775
      vertex 0 6.62 7.175
      vertex 1.92649 6.62 7.40892
    endloop
  endfacet
  facet normal 0.120527 0 -0.99271
    outer loop
      vertex -1.92649 1.65 42.0411
      vertex 0 6.61 42.275
      vertex 0 1.65 42.275
    endloop
  endfacet
  facet normal 0.120527 0 -0.99271
    outer loop
      vertex 0 6.61 42.275
      vertex -1.92649 1.65 42.0411
      vertex -1.92649 6.61 42.0411
    endloop
  endfacet
  facet normal -0.120527 0 -0.99271
    outer loop
      vertex 0 1.65 42.275
      vertex 1.92649 6.61 42.0411
      vertex 1.92649 1.65 42.0411
    endloop
  endfacet
  facet normal -0.120527 0 -0.99271
    outer loop
      vertex 1.92649 6.61 42.0411
      vertex 0 1.65 42.275
      vertex 0 6.61 42.275
    endloop
  endfacet
  facet normal -1 0 0
    outer loop
      vertex 7.99131 6.62 14.2547
      vertex 7.99131 6.61 32.5239
      vertex 7.99131 6.62 32.5239
    endloop
  endfacet
  facet normal -1 0 0
    outer loop
      vertex 7.99131 1.65 14.2547
      vertex 7.99131 6.61 32.5239
      vertex 7.99131 6.62 14.2547
    endloop
  endfacet
  facet normal -1 0 0
    outer loop
      vertex 7.99131 1.65 35.1953
      vertex 7.99131 6.61 32.5239
      vertex 7.99131 1.65 14.2547
    endloop
  endfacet
  facet normal -1 0 0
    outer loop
      vertex 7.99131 6.61 32.5239
      vertex 7.99131 1.65 35.1953
      vertex 7.99131 6.61 35.1953
    endloop
  endfacet
  facet normal -0.970943 0 0.239312
    outer loop
      vertex 7.52688 1.65 12.3704
      vertex 7.99131 6.62 14.2547
      vertex 7.52688 6.62 12.3704
    endloop
  endfacet
  facet normal -0.970943 0 0.239312
    outer loop
      vertex 7.99131 6.62 14.2547
      vertex 7.52688 1.65 12.3704
      vertex 7.99131 1.65 14.2547
    endloop
  endfacet
  facet normal 0.970943 0 -0.239312
    outer loop
      vertex -7.52688 1.65 37.0796
      vertex -7.99131 6.61 35.1953
      vertex -7.52688 6.61 37.0796
    endloop
  endfacet
  facet normal 0.970943 0 -0.239312
    outer loop
      vertex -7.99131 6.61 35.1953
      vertex -7.52688 1.65 37.0796
      vertex -7.99131 1.65 35.1953
    endloop
  endfacet
  facet normal 1 0 0
    outer loop
      vertex -7.99131 6.61 35.1953
      vertex -7.99131 1.65 35.1953
      vertex -7.99131 6.61 32.5239
    endloop
  endfacet
  facet normal 1 -0 0
    outer loop
      vertex -7.99131 6.61 32.5239
      vertex -7.99131 6.62 14.2547
      vertex -7.99131 6.62 32.5239
    endloop
  endfacet
  facet normal 1 0 0
    outer loop
      vertex -7.99131 1.65 14.2547
      vertex -7.99131 6.61 32.5239
      vertex -7.99131 1.65 35.1953
    endloop
  endfacet
  facet normal 1 0 0
    outer loop
      vertex -7.99131 6.61 32.5239
      vertex -7.99131 1.65 14.2547
      vertex -7.99131 6.62 14.2547
    endloop
  endfacet
  facet normal -0.56806 0 -0.822987
    outer loop
      vertex 3.74102 1.65 41.3529
      vertex 5.33814 6.61 40.2505
      vertex 5.33814 1.65 40.2505
    endloop
  endfacet
  facet normal -0.56806 0 -0.822987
    outer loop
      vertex 5.33814 6.61 40.2505
      vertex 3.74102 1.65 41.3529
      vertex 3.74102 6.61 41.3529
    endloop
  endfacet
  facet normal -0.748514 0 -0.663119
    outer loop
      vertex 6.62502 1.65 38.7979
      vertex 5.33814 6.61 40.2505
      vertex 6.62502 6.61 38.7979
    endloop
  endfacet
  facet normal -0.748514 -0 -0.663119
    outer loop
      vertex 5.33814 6.61 40.2505
      vertex 6.62502 1.65 38.7979
      vertex 5.33814 1.65 40.2505
    endloop
  endfacet
  facet normal -0.568064 0 0.822984
    outer loop
      vertex 3.74102 6.62 8.09708
      vertex 5.33814 1.65 9.19949
      vertex 5.33814 6.62 9.19949
    endloop
  endfacet
  facet normal -0.568064 0 0.822984
    outer loop
      vertex 5.33814 1.65 9.19949
      vertex 3.74102 6.62 8.09708
      vertex 3.74102 1.65 8.09708
    endloop
  endfacet
  facet normal -0.88545 0 0.464734
    outer loop
      vertex 6.62502 1.65 10.6521
      vertex 7.52688 6.62 12.3704
      vertex 6.62502 6.62 10.6521
    endloop
  endfacet
  facet normal -0.88545 0 0.464734
    outer loop
      vertex 7.52688 6.62 12.3704
      vertex 6.62502 1.65 10.6521
      vertex 7.52688 1.65 12.3704
    endloop
  endfacet
  facet normal 0.748514 0 -0.663119
    outer loop
      vertex -5.33814 1.65 40.2505
      vertex -6.62502 6.61 38.7979
      vertex -5.33814 6.61 40.2505
    endloop
  endfacet
  facet normal 0.748514 0 -0.663119
    outer loop
      vertex -6.62502 6.61 38.7979
      vertex -5.33814 1.65 40.2505
      vertex -6.62502 1.65 38.7979
    endloop
  endfacet
  facet normal 0.970943 -0 0.239312
    outer loop
      vertex -7.99131 1.65 14.2547
      vertex -7.52688 6.62 12.3704
      vertex -7.99131 6.62 14.2547
    endloop
  endfacet
  facet normal 0.970943 0 0.239312
    outer loop
      vertex -7.52688 6.62 12.3704
      vertex -7.99131 1.65 14.2547
      vertex -7.52688 1.65 12.3704
    endloop
  endfacet
  facet normal 0.88545 -0 0.464734
    outer loop
      vertex -7.52688 1.65 12.3704
      vertex -6.62502 6.62 10.6521
      vertex -7.52688 6.62 12.3704
    endloop
  endfacet
  facet normal 0.88545 0 0.464734
    outer loop
      vertex -6.62502 6.62 10.6521
      vertex -7.52688 1.65 12.3704
      vertex -6.62502 1.65 10.6521
    endloop
  endfacet
  facet normal -0.970943 0 -0.239312
    outer loop
      vertex 7.99131 1.65 35.1953
      vertex 7.52688 6.61 37.0796
      vertex 7.99131 6.61 35.1953
    endloop
  endfacet
  facet normal -0.970943 -0 -0.239312
    outer loop
      vertex 7.52688 6.61 37.0796
      vertex 7.99131 1.65 35.1953
      vertex 7.52688 1.65 37.0796
    endloop
  endfacet
  facet normal -0.88545 0 -0.464734
    outer loop
      vertex 7.52688 1.65 37.0796
      vertex 6.62502 6.61 38.7979
      vertex 7.52688 6.61 37.0796
    endloop
  endfacet
  facet normal -0.88545 -0 -0.464734
    outer loop
      vertex 6.62502 6.61 38.7979
      vertex 7.52688 1.65 37.0796
      vertex 6.62502 1.65 38.7979
    endloop
  endfacet
  facet normal -0.354623 0 -0.935009
    outer loop
      vertex 1.92649 1.65 42.0411
      vertex 3.74102 6.61 41.3529
      vertex 3.74102 1.65 41.3529
    endloop
  endfacet
  facet normal -0.354623 0 -0.935009
    outer loop
      vertex 3.74102 6.61 41.3529
      vertex 1.92649 1.65 42.0411
      vertex 1.92649 6.61 42.0411
    endloop
  endfacet
  facet normal -0.748516 0 0.663117
    outer loop
      vertex 5.33814 1.65 9.19949
      vertex 6.62502 6.62 10.6521
      vertex 5.33814 6.62 9.19949
    endloop
  endfacet
  facet normal -0.748516 0 0.663117
    outer loop
      vertex 6.62502 6.62 10.6521
      vertex 5.33814 1.65 9.19949
      vertex 6.62502 1.65 10.6521
    endloop
  endfacet
  facet normal 0.354623 0 -0.935009
    outer loop
      vertex -3.74102 1.65 41.3529
      vertex -1.92649 6.61 42.0411
      vertex -1.92649 1.65 42.0411
    endloop
  endfacet
  facet normal 0.354623 0 -0.935009
    outer loop
      vertex -1.92649 6.61 42.0411
      vertex -3.74102 1.65 41.3529
      vertex -3.74102 6.61 41.3529
    endloop
  endfacet
  facet normal 0.88545 0 -0.464734
    outer loop
      vertex -6.62502 1.65 38.7979
      vertex -7.52688 6.61 37.0796
      vertex -6.62502 6.61 38.7979
    endloop
  endfacet
  facet normal 0.88545 0 -0.464734
    outer loop
      vertex -7.52688 6.61 37.0796
      vertex -6.62502 1.65 38.7979
      vertex -7.52688 1.65 37.0796
    endloop
  endfacet
  facet normal 0.354605 0 0.935016
    outer loop
      vertex -3.74102 6.62 8.09708
      vertex -1.92649 1.65 7.40892
      vertex -1.92649 6.62 7.40892
    endloop
  endfacet
  facet normal 0.354605 0 0.935016
    outer loop
      vertex -1.92649 1.65 7.40892
      vertex -3.74102 6.62 8.09708
      vertex -3.74102 1.65 8.09708
    endloop
  endfacet
  facet normal 0.568064 0 0.822984
    outer loop
      vertex -5.33814 6.62 9.19949
      vertex -3.74102 1.65 8.09708
      vertex -3.74102 6.62 8.09708
    endloop
  endfacet
  facet normal 0.568064 0 0.822984
    outer loop
      vertex -3.74102 1.65 8.09708
      vertex -5.33814 6.62 9.19949
      vertex -5.33814 1.65 9.19949
    endloop
  endfacet
  facet normal 0.56806 0 -0.822987
    outer loop
      vertex -5.33814 1.65 40.2505
      vertex -3.74102 6.61 41.3529
      vertex -3.74102 1.65 41.3529
    endloop
  endfacet
  facet normal 0.56806 0 -0.822987
    outer loop
      vertex -3.74102 6.61 41.3529
      vertex -5.33814 1.65 40.2505
      vertex -5.33814 6.61 40.2505
    endloop
  endfacet
  facet normal 0.748516 -0 0.663117
    outer loop
      vertex -6.62502 1.65 10.6521
      vertex -5.33814 6.62 9.19949
      vertex -6.62502 6.62 10.6521
    endloop
  endfacet
  facet normal 0.748516 0 0.663117
    outer loop
      vertex -5.33814 6.62 9.19949
      vertex -6.62502 1.65 10.6521
      vertex -5.33814 1.65 9.19949
    endloop
  endfacet
  facet normal -1 0 0
    outer loop
      vertex -19.9 4.3872 43.0755
      vertex -19.9 4.99 43.7056
      vertex -19.9 4.99 43.6854
    endloop
  endfacet
  facet normal -1 -0 0
    outer loop
      vertex -19.9 4.99 43.7056
      vertex -19.9 4.3872 43.0755
      vertex -19.9 4.74121 46.9817
    endloop
  endfacet
  facet normal -1 0 0
    outer loop
      vertex -19.9 4.3872 43.0755
      vertex -19.9 4.2 47.5618
      vertex -19.9 4.74121 46.9817
    endloop
  endfacet
  facet normal -1 0 0
    outer loop
      vertex -19.9 0 47.5618
      vertex -19.9 4.3872 43.0755
      vertex -19.9 3.39104 42.0318
    endloop
  endfacet
  facet normal -1 0 0
    outer loop
      vertex -19.9 0 41.8818
      vertex -19.9 3.39104 42.0318
      vertex -19.9 3.28669 41.9224
    endloop
  endfacet
  facet normal -1 0 0
    outer loop
      vertex -19.9 0 41.8818
      vertex -19.9 3.28669 41.9224
      vertex -19.9 3.25 41.8818
    endloop
  endfacet
  facet normal -1 -0 0
    outer loop
      vertex -19.9 3.39104 42.0318
      vertex -19.9 0 41.8818
      vertex -19.9 0 47.5618
    endloop
  endfacet
  facet normal -1 0 0
    outer loop
      vertex -19.9 4.3872 43.0755
      vertex -19.9 0 47.5618
      vertex -19.9 4.2 47.5618
    endloop
  endfacet
  facet normal -1 0 0
    outer loop
      vertex -19.9 4.99 43.7056
      vertex -19.9 5 46.7044
      vertex -19.9 5 43.7056
    endloop
  endfacet
  facet normal -1 -0 0
    outer loop
      vertex -19.9 5 46.7044
      vertex -19.9 4.99 43.7056
      vertex -19.9 4.74121 46.9817
    endloop
  endfacet
  facet normal -1 0 0
    outer loop
      vertex -19.9 5 2.78748
      vertex -19.9 4.99 5.74442
      vertex -19.9 5 5.74442
    endloop
  endfacet
  facet normal -1 0 0
    outer loop
      vertex -19.9 4.42056 2.16642
      vertex -19.9 4.99 5.74442
      vertex -19.9 5 2.78748
    endloop
  endfacet
  facet normal -1 0 0
    outer loop
      vertex -19.9 4.3872 6.37445
      vertex -19.9 4.99 5.74442
      vertex -19.9 4.42056 2.16642
    endloop
  endfacet
  facet normal -1 0 0
    outer loop
      vertex -19.9 4.99 5.74442
      vertex -19.9 4.3872 6.37445
      vertex -19.9 4.99 5.76465
    endloop
  endfacet
  facet normal -1 0 0
    outer loop
      vertex -19.9 0 1.93002
      vertex -19.9 4.42056 2.16642
      vertex -19.9 4.2 1.93002
    endloop
  endfacet
  facet normal -1 -0 0
    outer loop
      vertex -19.9 4.42056 2.16642
      vertex -19.9 0 1.93002
      vertex -19.9 4.3872 6.37445
    endloop
  endfacet
  facet normal -1 -0 0
    outer loop
      vertex -19.9 4.3872 6.37445
      vertex -19.9 0 1.93002
      vertex -19.9 3.39104 7.41823
    endloop
  endfacet
  facet normal -1 0 0
    outer loop
      vertex -19.9 0 7.56816
      vertex -19.9 3.39104 7.41823
      vertex -19.9 0 1.93002
    endloop
  endfacet
  facet normal -1 0 0
    outer loop
      vertex -19.9 3.39104 7.41823
      vertex -19.9 0 7.56816
      vertex -19.9 3.28669 7.52756
    endloop
  endfacet
  facet normal -1 0 0
    outer loop
      vertex -19.9 3.28669 7.52756
      vertex -19.9 0 7.56816
      vertex -19.9 3.25 7.56816
    endloop
  endfacet
  facet normal -1 0 0
    outer loop
      vertex -19.9 4.3872 12.9055
      vertex -19.9 4.99 13.5356
      vertex -19.9 4.99 13.5154
    endloop
  endfacet
  facet normal -1 -0 0
    outer loop
      vertex -19.9 4.99 13.5356
      vertex -19.9 0 11.7118
      vertex -19.9 4.99 35.9144
    endloop
  endfacet
  facet normal -1 0 0
    outer loop
      vertex -19.9 4.99 13.5356
      vertex -19.9 4.3872 12.9055
      vertex -19.9 0 11.7118
    endloop
  endfacet
  facet normal -1 0 0
    outer loop
      vertex -19.9 0 37.7382
      vertex -19.9 4.99 35.9144
      vertex -19.9 0 11.7118
    endloop
  endfacet
  facet normal -1 0 0
    outer loop
      vertex -19.9 0 11.7118
      vertex -19.9 4.3872 12.9055
      vertex -19.9 3.39104 11.8618
    endloop
  endfacet
  facet normal -1 -0 -0
    outer loop
      vertex -19.9 4.3872 36.5445
      vertex -19.9 4.99 35.9144
      vertex -19.9 0 37.7382
    endloop
  endfacet
  facet normal -1 0 0
    outer loop
      vertex -19.9 0 11.7118
      vertex -19.9 3.39104 11.8618
      vertex -19.9 3.28669 11.7524
    endloop
  endfacet
  facet normal -1 0 0
    outer loop
      vertex -19.9 4.99 35.9144
      vertex -19.9 4.3872 36.5445
      vertex -19.9 4.99 35.9346
    endloop
  endfacet
  facet normal -1 0 0
    outer loop
      vertex -19.9 0 11.7118
      vertex -19.9 3.28669 11.7524
      vertex -19.9 3.25 11.7118
    endloop
  endfacet
  facet normal -1 0 0
    outer loop
      vertex -19.9 4.3872 36.5445
      vertex -19.9 0 37.7382
      vertex -19.9 3.39104 37.5882
    endloop
  endfacet
  facet normal -1 0 0
    outer loop
      vertex -19.9 3.39104 37.5882
      vertex -19.9 0 37.7382
      vertex -19.9 3.28669 37.6976
    endloop
  endfacet
  facet normal -1 0 0
    outer loop
      vertex -19.9 3.28669 37.6976
      vertex -19.9 0 37.7382
      vertex -19.9 3.25 37.7382
    endloop
  endfacet
  facet normal -1 0 0
    outer loop
      vertex -19.9 4.99 13.5356
      vertex -19.9 5 35.9144
      vertex -19.9 5 13.5356
    endloop
  endfacet
  facet normal -1 -0 0
    outer loop
      vertex -19.9 5 35.9144
      vertex -19.9 4.99 13.5356
      vertex -19.9 4.99 35.9144
    endloop
  endfacet
  facet normal 1 0 0
    outer loop
      vertex 19.9 5 46.6625
      vertex 19.9 4.99 43.7056
      vertex 19.9 5 43.7056
    endloop
  endfacet
  facet normal 1 0 0
    outer loop
      vertex 19.9 4.42056 47.2836
      vertex 19.9 4.99 43.7056
      vertex 19.9 5 46.6625
    endloop
  endfacet
  facet normal 1 0 0
    outer loop
      vertex 19.9 4.3872 43.0755
      vertex 19.9 4.99 43.7056
      vertex 19.9 4.42056 47.2836
    endloop
  endfacet
  facet normal 1 0 0
    outer loop
      vertex 19.9 4.99 43.7056
      vertex 19.9 4.3872 43.0755
      vertex 19.9 4.99 43.6854
    endloop
  endfacet
  facet normal 1 -0 0
    outer loop
      vertex 19.9 0 47.52
      vertex 19.9 4.42056 47.2836
      vertex 19.9 4.2 47.52
    endloop
  endfacet
  facet normal 1 0 0
    outer loop
      vertex 19.9 4.42056 47.2836
      vertex 19.9 0 47.52
      vertex 19.9 4.3872 43.0755
    endloop
  endfacet
  facet normal 1 0 0
    outer loop
      vertex 19.9 4.3872 43.0755
      vertex 19.9 0 47.52
      vertex 19.9 3.39104 42.0318
    endloop
  endfacet
  facet normal 1 0 0
    outer loop
      vertex 19.9 0 41.8818
      vertex 19.9 3.39104 42.0318
      vertex 19.9 0 47.52
    endloop
  endfacet
  facet normal 1 0 0
    outer loop
      vertex 19.9 3.39104 42.0318
      vertex 19.9 0 41.8818
      vertex 19.9 3.28669 41.9224
    endloop
  endfacet
  facet normal 1 0 0
    outer loop
      vertex 19.9 3.28669 41.9224
      vertex 19.9 0 41.8818
      vertex 19.9 3.25 41.8818
    endloop
  endfacet
  facet normal 1 0 0
    outer loop
      vertex 19.9 4.3872 6.37445
      vertex 19.9 4.99 5.74442
      vertex 19.9 4.99 5.76465
    endloop
  endfacet
  facet normal 1 0 0
    outer loop
      vertex 19.9 4.99 5.74442
      vertex 19.9 4.3872 6.37445
      vertex 19.9 4.74121 2.46826
    endloop
  endfacet
  facet normal 1 0 0
    outer loop
      vertex 19.9 4.3872 6.37445
      vertex 19.9 4.2 1.88818
      vertex 19.9 4.74121 2.46826
    endloop
  endfacet
  facet normal 1 0 0
    outer loop
      vertex 19.9 0 1.88818
      vertex 19.9 4.3872 6.37445
      vertex 19.9 3.39104 7.41823
    endloop
  endfacet
  facet normal 1 0 0
    outer loop
      vertex 19.9 0 7.56816
      vertex 19.9 3.39104 7.41823
      vertex 19.9 3.28669 7.52756
    endloop
  endfacet
  facet normal 1 -0 0
    outer loop
      vertex 19.9 0 7.56816
      vertex 19.9 3.28669 7.52756
      vertex 19.9 3.25 7.56816
    endloop
  endfacet
  facet normal 1 0 0
    outer loop
      vertex 19.9 3.39104 7.41823
      vertex 19.9 0 7.56816
      vertex 19.9 0 1.88818
    endloop
  endfacet
  facet normal 1 0 0
    outer loop
      vertex 19.9 4.3872 6.37445
      vertex 19.9 0 1.88818
      vertex 19.9 4.2 1.88818
    endloop
  endfacet
  facet normal 1 -0 0
    outer loop
      vertex 19.9 4.99 5.74442
      vertex 19.9 5 2.74564
      vertex 19.9 5 5.74442
    endloop
  endfacet
  facet normal 1 0 0
    outer loop
      vertex 19.9 5 2.74564
      vertex 19.9 4.99 5.74442
      vertex 19.9 4.74121 2.46826
    endloop
  endfacet
  facet normal 1 0 0
    outer loop
      vertex 19.9 4.3872 36.5445
      vertex 19.9 4.99 35.9144
      vertex 19.9 4.99 35.9346
    endloop
  endfacet
  facet normal 1 0 0
    outer loop
      vertex 19.9 4.99 35.9144
      vertex 19.9 0 37.7382
      vertex 19.9 4.99 13.5356
    endloop
  endfacet
  facet normal 1 0 0
    outer loop
      vertex 19.9 4.99 35.9144
      vertex 19.9 4.3872 36.5445
      vertex 19.9 0 37.7382
    endloop
  endfacet
  facet normal 1 0 0
    outer loop
      vertex 19.9 0 11.7118
      vertex 19.9 4.99 13.5356
      vertex 19.9 0 37.7382
    endloop
  endfacet
  facet normal 1 0 0
    outer loop
      vertex 19.9 0 37.7382
      vertex 19.9 4.3872 36.5445
      vertex 19.9 3.39104 37.5882
    endloop
  endfacet
  facet normal 1 0 -0
    outer loop
      vertex 19.9 4.3872 12.9055
      vertex 19.9 4.99 13.5356
      vertex 19.9 0 11.7118
    endloop
  endfacet
  facet normal 1 0 0
    outer loop
      vertex 19.9 0 37.7382
      vertex 19.9 3.39104 37.5882
      vertex 19.9 3.28669 37.6976
    endloop
  endfacet
  facet normal 1 0 0
    outer loop
      vertex 19.9 4.99 13.5356
      vertex 19.9 4.3872 12.9055
      vertex 19.9 4.99 13.5154
    endloop
  endfacet
  facet normal 1 -0 0
    outer loop
      vertex 19.9 0 37.7382
      vertex 19.9 3.28669 37.6976
      vertex 19.9 3.25 37.7382
    endloop
  endfacet
  facet normal 1 0 0
    outer loop
      vertex 19.9 4.3872 12.9055
      vertex 19.9 0 11.7118
      vertex 19.9 3.39104 11.8618
    endloop
  endfacet
  facet normal 1 0 0
    outer loop
      vertex 19.9 3.39104 11.8618
      vertex 19.9 0 11.7118
      vertex 19.9 3.28669 11.7524
    endloop
  endfacet
  facet normal 1 0 0
    outer loop
      vertex 19.9 3.28669 11.7524
      vertex 19.9 0 11.7118
      vertex 19.9 3.25 11.7118
    endloop
  endfacet
  facet normal 1 -0 0
    outer loop
      vertex 19.9 4.99 35.9144
      vertex 19.9 5 13.5356
      vertex 19.9 5 35.9144
    endloop
  endfacet
  facet normal 1 0 0
    outer loop
      vertex 19.9 5 13.5356
      vertex 19.9 4.99 35.9144
      vertex 19.9 4.99 13.5356
    endloop
  endfacet
endsolid OpenSCAD_Model
