solid OpenSCAD_Model
  facet normal 0 0.0489209 -0.998803
    outer loop
      vertex 17.975 13.5 26.625
      vertex 52.975 13.647 26.6322
      vertex 52.975 13.5 26.625
    endloop
  endfacet
  facet normal 0 0.0489209 -0.998803
    outer loop
      vertex 52.975 13.647 26.6322
      vertex 17.975 13.5 26.625
      vertex 17.975 13.647 26.6322
    endloop
  endfacet
  facet normal 0 -0.998803 -0.0489209
    outer loop
      vertex 17.975 12.0072 27.978
      vertex 18.975 12 28.125
      vertex 17.975 12 28.125
    endloop
  endfacet
  facet normal 0 -0.998803 -0.0489209
    outer loop
      vertex 18.975 12 28.125
      vertex 17.975 12.0072 27.978
      vertex 51.975 12 28.125
    endloop
  endfacet
  facet normal -0 -0.998803 -0.0489209
    outer loop
      vertex 52.975 12.0072 27.978
      vertex 51.975 12 28.125
      vertex 17.975 12.0072 27.978
    endloop
  endfacet
  facet normal 0 -0.998803 -0.0489209
    outer loop
      vertex 51.975 12 28.125
      vertex 52.975 12.0072 27.978
      vertex 52.975 12 28.125
    endloop
  endfacet
  facet normal 0 -0.514096 -0.857733
    outer loop
      vertex 17.975 12.6666 26.8778
      vertex 52.975 12.7929 26.8021
      vertex 52.975 12.6666 26.8778
    endloop
  endfacet
  facet normal -0 -0.514096 -0.857733
    outer loop
      vertex 52.975 12.7929 26.8021
      vertex 17.975 12.6666 26.8778
      vertex 17.975 12.7929 26.8021
    endloop
  endfacet
  facet normal 0 -0.243175 -0.969982
    outer loop
      vertex 17.975 13.0646 26.6896
      vertex 52.975 13.2074 26.6538
      vertex 52.975 13.0646 26.6896
    endloop
  endfacet
  facet normal -0 -0.243175 -0.969982
    outer loop
      vertex 52.975 13.2074 26.6538
      vertex 17.975 13.0646 26.6896
      vertex 17.975 13.2074 26.6538
    endloop
  endfacet
  facet normal 0 -0.941527 -0.336939
    outer loop
      vertex 17.975 12.1142 27.551
      vertex 52.975 12.0646 27.6896
      vertex 17.975 12.0646 27.6896
    endloop
  endfacet
  facet normal 0 -0.941527 -0.336939
    outer loop
      vertex 52.975 12.0646 27.6896
      vertex 17.975 12.1142 27.551
      vertex 52.975 12.1142 27.551
    endloop
  endfacet
  facet normal 0 0.146746 -0.989174
    outer loop
      vertex 17.975 13.647 26.6322
      vertex 52.975 13.7926 26.6538
      vertex 52.975 13.647 26.6322
    endloop
  endfacet
  facet normal 0 0.146746 -0.989174
    outer loop
      vertex 52.975 13.7926 26.6538
      vertex 17.975 13.647 26.6322
      vertex 17.975 13.7926 26.6538
    endloop
  endfacet
  facet normal 0 0.336939 -0.941527
    outer loop
      vertex 17.975 13.9354 26.6896
      vertex 52.975 14.074 26.7392
      vertex 52.975 13.9354 26.6896
    endloop
  endfacet
  facet normal 0 0.336939 -0.941527
    outer loop
      vertex 52.975 14.074 26.7392
      vertex 17.975 13.9354 26.6896
      vertex 17.975 14.074 26.7392
    endloop
  endfacet
  facet normal 0 0.671251 -0.74123
    outer loop
      vertex 17.975 14.4516 26.9655
      vertex 52.975 14.5607 27.0643
      vertex 52.975 14.4516 26.9655
    endloop
  endfacet
  facet normal 0 0.671251 -0.74123
    outer loop
      vertex 52.975 14.5607 27.0643
      vertex 17.975 14.4516 26.9655
      vertex 17.975 14.5607 27.0643
    endloop
  endfacet
  facet normal 0 0.514096 -0.857733
    outer loop
      vertex 17.975 14.2071 26.8021
      vertex 52.975 14.3334 26.8778
      vertex 52.975 14.2071 26.8021
    endloop
  endfacet
  facet normal 0 0.514096 -0.857733
    outer loop
      vertex 52.975 14.3334 26.8778
      vertex 17.975 14.2071 26.8021
      vertex 17.975 14.3334 26.8778
    endloop
  endfacet
  facet normal 0 0.969982 -0.243175
    outer loop
      vertex 52.975 14.9354 27.6896
      vertex 17.975 14.9712 27.8324
      vertex 52.975 14.9712 27.8324
    endloop
  endfacet
  facet normal 0 0.969982 -0.243175
    outer loop
      vertex 17.975 14.9712 27.8324
      vertex 52.975 14.9354 27.6896
      vertex 17.975 14.9354 27.6896
    endloop
  endfacet
  facet normal 0 0.998803 -0.0489209
    outer loop
      vertex 52.975 14.9928 27.978
      vertex 47.825 15 28.125
      vertex 52.975 15 28.125
    endloop
  endfacet
  facet normal 0 0.998803 -0.0489209
    outer loop
      vertex 47.825 15 28.125
      vertex 52.975 14.9928 27.978
      vertex 46.825 15 28.125
    endloop
  endfacet
  facet normal 0 0.998803 -0.0489209
    outer loop
      vertex 46.825 15 28.125
      vertex 52.975 14.9928 27.978
      vertex 24.125 15 28.125
    endloop
  endfacet
  facet normal 0 0.998803 -0.0489209
    outer loop
      vertex 17.975 14.9928 27.978
      vertex 24.125 15 28.125
      vertex 52.975 14.9928 27.978
    endloop
  endfacet
  facet normal 0 0.998803 -0.0489209
    outer loop
      vertex 24.125 15 28.125
      vertex 17.975 14.9928 27.978
      vertex 23.125 15 28.125
    endloop
  endfacet
  facet normal 0 0.998803 -0.0489209
    outer loop
      vertex 23.125 15 28.125
      vertex 17.975 14.9928 27.978
      vertex 17.975 15 28.125
    endloop
  endfacet
  facet normal 0 0.904125 -0.427269
    outer loop
      vertex 52.975 14.8229 27.4179
      vertex 17.975 14.8858 27.551
      vertex 52.975 14.8858 27.551
    endloop
  endfacet
  facet normal 0 0.904125 -0.427269
    outer loop
      vertex 17.975 14.8858 27.551
      vertex 52.975 14.8229 27.4179
      vertex 17.975 14.8229 27.4179
    endloop
  endfacet
  facet normal 0 0.803088 -0.595861
    outer loop
      vertex 52.975 14.6595 27.1734
      vertex 17.975 14.7472 27.2916
      vertex 52.975 14.7472 27.2916
    endloop
  endfacet
  facet normal 0 0.803088 -0.595861
    outer loop
      vertex 17.975 14.7472 27.2916
      vertex 52.975 14.6595 27.1734
      vertex 17.975 14.6595 27.1734
    endloop
  endfacet
  facet normal 0 -0.0489209 -0.998803
    outer loop
      vertex 17.975 13.353 26.6322
      vertex 52.975 13.5 26.625
      vertex 52.975 13.353 26.6322
    endloop
  endfacet
  facet normal -0 -0.0489209 -0.998803
    outer loop
      vertex 52.975 13.5 26.625
      vertex 17.975 13.353 26.6322
      vertex 17.975 13.5 26.625
    endloop
  endfacet
  facet normal 0 -0.671251 -0.74123
    outer loop
      vertex 17.975 12.4393 27.0643
      vertex 52.975 12.5484 26.9655
      vertex 52.975 12.4393 27.0643
    endloop
  endfacet
  facet normal -0 -0.671251 -0.74123
    outer loop
      vertex 52.975 12.5484 26.9655
      vertex 17.975 12.4393 27.0643
      vertex 17.975 12.5484 26.9655
    endloop
  endfacet
  facet normal 0 0.243175 -0.969982
    outer loop
      vertex 17.975 13.7926 26.6538
      vertex 52.975 13.9354 26.6896
      vertex 52.975 13.7926 26.6538
    endloop
  endfacet
  facet normal 0 0.243175 -0.969982
    outer loop
      vertex 52.975 13.9354 26.6896
      vertex 17.975 13.7926 26.6538
      vertex 17.975 13.9354 26.6896
    endloop
  endfacet
  facet normal 0 0.427269 -0.904125
    outer loop
      vertex 17.975 14.074 26.7392
      vertex 52.975 14.2071 26.8021
      vertex 52.975 14.074 26.7392
    endloop
  endfacet
  facet normal 0 0.427269 -0.904125
    outer loop
      vertex 52.975 14.2071 26.8021
      vertex 17.975 14.074 26.7392
      vertex 17.975 14.2071 26.8021
    endloop
  endfacet
  facet normal 0 0.74123 -0.671251
    outer loop
      vertex 52.975 14.5607 27.0643
      vertex 17.975 14.6595 27.1734
      vertex 52.975 14.6595 27.1734
    endloop
  endfacet
  facet normal 0 0.74123 -0.671251
    outer loop
      vertex 17.975 14.6595 27.1734
      vertex 52.975 14.5607 27.0643
      vertex 17.975 14.5607 27.0643
    endloop
  endfacet
  facet normal 0 0.595861 -0.803088
    outer loop
      vertex 17.975 14.3334 26.8778
      vertex 52.975 14.4516 26.9655
      vertex 52.975 14.3334 26.8778
    endloop
  endfacet
  facet normal 0 0.595861 -0.803088
    outer loop
      vertex 52.975 14.4516 26.9655
      vertex 17.975 14.3334 26.8778
      vertex 17.975 14.4516 26.9655
    endloop
  endfacet
  facet normal 0 0.989174 -0.146746
    outer loop
      vertex 52.975 14.9712 27.8324
      vertex 17.975 14.9928 27.978
      vertex 52.975 14.9928 27.978
    endloop
  endfacet
  facet normal 0 0.989174 -0.146746
    outer loop
      vertex 17.975 14.9928 27.978
      vertex 52.975 14.9712 27.8324
      vertex 17.975 14.9712 27.8324
    endloop
  endfacet
  facet normal 0 0.941527 -0.336939
    outer loop
      vertex 52.975 14.8858 27.551
      vertex 17.975 14.9354 27.6896
      vertex 52.975 14.9354 27.6896
    endloop
  endfacet
  facet normal 0 0.941527 -0.336939
    outer loop
      vertex 17.975 14.9354 27.6896
      vertex 52.975 14.8858 27.551
      vertex 17.975 14.8858 27.551
    endloop
  endfacet
  facet normal 0 0.857733 -0.514096
    outer loop
      vertex 52.975 14.7472 27.2916
      vertex 17.975 14.8229 27.4179
      vertex 52.975 14.8229 27.4179
    endloop
  endfacet
  facet normal 0 0.857733 -0.514096
    outer loop
      vertex 17.975 14.8229 27.4179
      vertex 52.975 14.7472 27.2916
      vertex 17.975 14.7472 27.2916
    endloop
  endfacet
  facet normal 0 -0.146746 -0.989174
    outer loop
      vertex 17.975 13.2074 26.6538
      vertex 52.975 13.353 26.6322
      vertex 52.975 13.2074 26.6538
    endloop
  endfacet
  facet normal -0 -0.146746 -0.989174
    outer loop
      vertex 52.975 13.353 26.6322
      vertex 17.975 13.2074 26.6538
      vertex 17.975 13.353 26.6322
    endloop
  endfacet
  facet normal 0 -0.857733 -0.514096
    outer loop
      vertex 17.975 12.2528 27.2916
      vertex 52.975 12.1771 27.4179
      vertex 17.975 12.1771 27.4179
    endloop
  endfacet
  facet normal 0 -0.857733 -0.514096
    outer loop
      vertex 52.975 12.1771 27.4179
      vertex 17.975 12.2528 27.2916
      vertex 52.975 12.2528 27.2916
    endloop
  endfacet
  facet normal 0 -0.74123 -0.671251
    outer loop
      vertex 17.975 12.4393 27.0643
      vertex 52.975 12.3405 27.1734
      vertex 17.975 12.3405 27.1734
    endloop
  endfacet
  facet normal 0 -0.74123 -0.671251
    outer loop
      vertex 52.975 12.3405 27.1734
      vertex 17.975 12.4393 27.0643
      vertex 52.975 12.4393 27.0643
    endloop
  endfacet
  facet normal 0 -0.427269 -0.904125
    outer loop
      vertex 17.975 12.7929 26.8021
      vertex 52.975 12.926 26.7392
      vertex 52.975 12.7929 26.8021
    endloop
  endfacet
  facet normal -0 -0.427269 -0.904125
    outer loop
      vertex 52.975 12.926 26.7392
      vertex 17.975 12.7929 26.8021
      vertex 17.975 12.926 26.7392
    endloop
  endfacet
  facet normal 0 -0.595861 -0.803088
    outer loop
      vertex 17.975 12.5484 26.9655
      vertex 52.975 12.6666 26.8778
      vertex 52.975 12.5484 26.9655
    endloop
  endfacet
  facet normal -0 -0.595861 -0.803088
    outer loop
      vertex 52.975 12.6666 26.8778
      vertex 17.975 12.5484 26.9655
      vertex 17.975 12.6666 26.8778
    endloop
  endfacet
  facet normal 1 0 0
    outer loop
      vertex 52.975 15 28.125
      vertex 52.975 14.9712 27.8324
      vertex 52.975 14.9928 27.978
    endloop
  endfacet
  facet normal 1 0 0
    outer loop
      vertex 52.975 15 28.125
      vertex 52.975 14.9354 27.6896
      vertex 52.975 14.9712 27.8324
    endloop
  endfacet
  facet normal 1 0 0
    outer loop
      vertex 52.975 15 28.125
      vertex 52.975 14.8858 27.551
      vertex 52.975 14.9354 27.6896
    endloop
  endfacet
  facet normal 1 0 0
    outer loop
      vertex 52.975 15 28.125
      vertex 52.975 14.8229 27.4179
      vertex 52.975 14.8858 27.551
    endloop
  endfacet
  facet normal 1 0 0
    outer loop
      vertex 52.975 15 28.125
      vertex 52.975 14.7472 27.2916
      vertex 52.975 14.8229 27.4179
    endloop
  endfacet
  facet normal 1 0 0
    outer loop
      vertex 52.975 15 28.125
      vertex 52.975 14.6595 27.1734
      vertex 52.975 14.7472 27.2916
    endloop
  endfacet
  facet normal 1 0 0
    outer loop
      vertex 52.975 15 28.125
      vertex 52.975 14.5607 27.0643
      vertex 52.975 14.6595 27.1734
    endloop
  endfacet
  facet normal 1 0 0
    outer loop
      vertex 52.975 15 28.125
      vertex 52.975 14.4516 26.9655
      vertex 52.975 14.5607 27.0643
    endloop
  endfacet
  facet normal 1 0 0
    outer loop
      vertex 52.975 15 28.125
      vertex 52.975 14.3334 26.8778
      vertex 52.975 14.4516 26.9655
    endloop
  endfacet
  facet normal 1 0 0
    outer loop
      vertex 52.975 15 28.125
      vertex 52.975 14.2071 26.8021
      vertex 52.975 14.3334 26.8778
    endloop
  endfacet
  facet normal 1 0 0
    outer loop
      vertex 52.975 15 28.125
      vertex 52.975 14.074 26.7392
      vertex 52.975 14.2071 26.8021
    endloop
  endfacet
  facet normal 1 0 0
    outer loop
      vertex 52.975 15 28.125
      vertex 52.975 13.9354 26.6896
      vertex 52.975 14.074 26.7392
    endloop
  endfacet
  facet normal 1 0 0
    outer loop
      vertex 52.975 15 28.125
      vertex 52.975 13.7926 26.6538
      vertex 52.975 13.9354 26.6896
    endloop
  endfacet
  facet normal 1 0 0
    outer loop
      vertex 52.975 15 28.125
      vertex 52.975 13.647 26.6322
      vertex 52.975 13.7926 26.6538
    endloop
  endfacet
  facet normal 1 0 0
    outer loop
      vertex 52.975 15 28.125
      vertex 52.975 13.5 26.625
      vertex 52.975 13.647 26.6322
    endloop
  endfacet
  facet normal 1 0 0
    outer loop
      vertex 52.975 15 28.125
      vertex 52.975 13.353 26.6322
      vertex 52.975 13.5 26.625
    endloop
  endfacet
  facet normal 1 0 0
    outer loop
      vertex 52.975 15 28.125
      vertex 52.975 13.2074 26.6538
      vertex 52.975 13.353 26.6322
    endloop
  endfacet
  facet normal 1 0 0
    outer loop
      vertex 52.975 15 28.125
      vertex 52.975 13.0646 26.6896
      vertex 52.975 13.2074 26.6538
    endloop
  endfacet
  facet normal 1 0 0
    outer loop
      vertex 52.975 15 28.125
      vertex 52.975 12.926 26.7392
      vertex 52.975 13.0646 26.6896
    endloop
  endfacet
  facet normal 1 0 0
    outer loop
      vertex 52.975 15 28.125
      vertex 52.975 12.7929 26.8021
      vertex 52.975 12.926 26.7392
    endloop
  endfacet
  facet normal 1 0 0
    outer loop
      vertex 52.975 15 28.125
      vertex 52.975 12.6666 26.8778
      vertex 52.975 12.7929 26.8021
    endloop
  endfacet
  facet normal 1 0 0
    outer loop
      vertex 52.975 15 28.125
      vertex 52.975 12.5484 26.9655
      vertex 52.975 12.6666 26.8778
    endloop
  endfacet
  facet normal 1 0 0
    outer loop
      vertex 52.975 15 28.125
      vertex 52.975 12.4393 27.0643
      vertex 52.975 12.5484 26.9655
    endloop
  endfacet
  facet normal 1 0 0
    outer loop
      vertex 52.975 15 28.125
      vertex 52.975 12.3405 27.1734
      vertex 52.975 12.4393 27.0643
    endloop
  endfacet
  facet normal 1 0 0
    outer loop
      vertex 52.975 15 28.125
      vertex 52.975 12.2528 27.2916
      vertex 52.975 12.3405 27.1734
    endloop
  endfacet
  facet normal 1 0 0
    outer loop
      vertex 52.975 15 28.125
      vertex 52.975 12.1771 27.4179
      vertex 52.975 12.2528 27.2916
    endloop
  endfacet
  facet normal 1 0 0
    outer loop
      vertex 52.975 15 28.125
      vertex 52.975 12.1142 27.551
      vertex 52.975 12.1771 27.4179
    endloop
  endfacet
  facet normal 1 0 0
    outer loop
      vertex 52.975 15 28.125
      vertex 52.975 12.0646 27.6896
      vertex 52.975 12.1142 27.551
    endloop
  endfacet
  facet normal 1 0 0
    outer loop
      vertex 52.975 15 28.125
      vertex 52.975 12.0288 27.8324
      vertex 52.975 12.0646 27.6896
    endloop
  endfacet
  facet normal 1 0 0
    outer loop
      vertex 52.975 15 28.125
      vertex 52.975 12.0072 27.978
      vertex 52.975 12.0288 27.8324
    endloop
  endfacet
  facet normal 1 0 -0
    outer loop
      vertex 52.975 12.0072 27.978
      vertex 52.975 15 28.125
      vertex 52.975 12 28.125
    endloop
  endfacet
  facet normal 0 -0.989174 -0.146746
    outer loop
      vertex 17.975 12.0288 27.8324
      vertex 52.975 12.0072 27.978
      vertex 17.975 12.0072 27.978
    endloop
  endfacet
  facet normal 0 -0.989174 -0.146746
    outer loop
      vertex 52.975 12.0072 27.978
      vertex 17.975 12.0288 27.8324
      vertex 52.975 12.0288 27.8324
    endloop
  endfacet
  facet normal 0 -0.904125 -0.427269
    outer loop
      vertex 17.975 12.1771 27.4179
      vertex 52.975 12.1142 27.551
      vertex 17.975 12.1142 27.551
    endloop
  endfacet
  facet normal 0 -0.904125 -0.427269
    outer loop
      vertex 52.975 12.1142 27.551
      vertex 17.975 12.1771 27.4179
      vertex 52.975 12.1771 27.4179
    endloop
  endfacet
  facet normal 0 -0.336939 -0.941527
    outer loop
      vertex 17.975 12.926 26.7392
      vertex 52.975 13.0646 26.6896
      vertex 52.975 12.926 26.7392
    endloop
  endfacet
  facet normal -0 -0.336939 -0.941527
    outer loop
      vertex 52.975 13.0646 26.6896
      vertex 17.975 12.926 26.7392
      vertex 17.975 13.0646 26.6896
    endloop
  endfacet
  facet normal -1 0 0
    outer loop
      vertex 17.975 14.9712 27.8324
      vertex 17.975 15 28.125
      vertex 17.975 14.9928 27.978
    endloop
  endfacet
  facet normal -1 0 0
    outer loop
      vertex 17.975 14.9354 27.6896
      vertex 17.975 15 28.125
      vertex 17.975 14.9712 27.8324
    endloop
  endfacet
  facet normal -1 0 0
    outer loop
      vertex 17.975 14.8858 27.551
      vertex 17.975 15 28.125
      vertex 17.975 14.9354 27.6896
    endloop
  endfacet
  facet normal -1 0 0
    outer loop
      vertex 17.975 14.8229 27.4179
      vertex 17.975 15 28.125
      vertex 17.975 14.8858 27.551
    endloop
  endfacet
  facet normal -1 0 0
    outer loop
      vertex 17.975 14.7472 27.2916
      vertex 17.975 15 28.125
      vertex 17.975 14.8229 27.4179
    endloop
  endfacet
  facet normal -1 0 0
    outer loop
      vertex 17.975 14.6595 27.1734
      vertex 17.975 15 28.125
      vertex 17.975 14.7472 27.2916
    endloop
  endfacet
  facet normal -1 0 0
    outer loop
      vertex 17.975 14.5607 27.0643
      vertex 17.975 15 28.125
      vertex 17.975 14.6595 27.1734
    endloop
  endfacet
  facet normal -1 0 0
    outer loop
      vertex 17.975 14.4516 26.9655
      vertex 17.975 15 28.125
      vertex 17.975 14.5607 27.0643
    endloop
  endfacet
  facet normal -1 0 0
    outer loop
      vertex 17.975 14.3334 26.8778
      vertex 17.975 15 28.125
      vertex 17.975 14.4516 26.9655
    endloop
  endfacet
  facet normal -1 0 0
    outer loop
      vertex 17.975 14.2071 26.8021
      vertex 17.975 15 28.125
      vertex 17.975 14.3334 26.8778
    endloop
  endfacet
  facet normal -1 0 0
    outer loop
      vertex 17.975 14.074 26.7392
      vertex 17.975 15 28.125
      vertex 17.975 14.2071 26.8021
    endloop
  endfacet
  facet normal -1 0 0
    outer loop
      vertex 17.975 13.9354 26.6896
      vertex 17.975 15 28.125
      vertex 17.975 14.074 26.7392
    endloop
  endfacet
  facet normal -1 0 0
    outer loop
      vertex 17.975 13.7926 26.6538
      vertex 17.975 15 28.125
      vertex 17.975 13.9354 26.6896
    endloop
  endfacet
  facet normal -1 0 0
    outer loop
      vertex 17.975 13.647 26.6322
      vertex 17.975 15 28.125
      vertex 17.975 13.7926 26.6538
    endloop
  endfacet
  facet normal -1 0 0
    outer loop
      vertex 17.975 13.5 26.625
      vertex 17.975 15 28.125
      vertex 17.975 13.647 26.6322
    endloop
  endfacet
  facet normal -1 0 0
    outer loop
      vertex 17.975 13.353 26.6322
      vertex 17.975 15 28.125
      vertex 17.975 13.5 26.625
    endloop
  endfacet
  facet normal -1 0 0
    outer loop
      vertex 17.975 13.2074 26.6538
      vertex 17.975 15 28.125
      vertex 17.975 13.353 26.6322
    endloop
  endfacet
  facet normal -1 0 0
    outer loop
      vertex 17.975 13.0646 26.6896
      vertex 17.975 15 28.125
      vertex 17.975 13.2074 26.6538
    endloop
  endfacet
  facet normal -1 0 0
    outer loop
      vertex 17.975 12.926 26.7392
      vertex 17.975 15 28.125
      vertex 17.975 13.0646 26.6896
    endloop
  endfacet
  facet normal -1 0 0
    outer loop
      vertex 17.975 12.7929 26.8021
      vertex 17.975 15 28.125
      vertex 17.975 12.926 26.7392
    endloop
  endfacet
  facet normal -1 0 0
    outer loop
      vertex 17.975 12.6666 26.8778
      vertex 17.975 15 28.125
      vertex 17.975 12.7929 26.8021
    endloop
  endfacet
  facet normal -1 0 0
    outer loop
      vertex 17.975 12.5484 26.9655
      vertex 17.975 15 28.125
      vertex 17.975 12.6666 26.8778
    endloop
  endfacet
  facet normal -1 0 0
    outer loop
      vertex 17.975 12.4393 27.0643
      vertex 17.975 15 28.125
      vertex 17.975 12.5484 26.9655
    endloop
  endfacet
  facet normal -1 0 0
    outer loop
      vertex 17.975 12.3405 27.1734
      vertex 17.975 15 28.125
      vertex 17.975 12.4393 27.0643
    endloop
  endfacet
  facet normal -1 0 0
    outer loop
      vertex 17.975 12.2528 27.2916
      vertex 17.975 15 28.125
      vertex 17.975 12.3405 27.1734
    endloop
  endfacet
  facet normal -1 0 0
    outer loop
      vertex 17.975 12.1771 27.4179
      vertex 17.975 15 28.125
      vertex 17.975 12.2528 27.2916
    endloop
  endfacet
  facet normal -1 0 0
    outer loop
      vertex 17.975 12.1142 27.551
      vertex 17.975 15 28.125
      vertex 17.975 12.1771 27.4179
    endloop
  endfacet
  facet normal -1 0 0
    outer loop
      vertex 17.975 12.0646 27.6896
      vertex 17.975 15 28.125
      vertex 17.975 12.1142 27.551
    endloop
  endfacet
  facet normal -1 0 0
    outer loop
      vertex 17.975 12.0288 27.8324
      vertex 17.975 15 28.125
      vertex 17.975 12.0646 27.6896
    endloop
  endfacet
  facet normal -1 0 0
    outer loop
      vertex 17.975 12.0072 27.978
      vertex 17.975 15 28.125
      vertex 17.975 12.0288 27.8324
    endloop
  endfacet
  facet normal -1 -0 0
    outer loop
      vertex 17.975 15 28.125
      vertex 17.975 12.0072 27.978
      vertex 17.975 12 28.125
    endloop
  endfacet
  facet normal 0 -0.969982 -0.243175
    outer loop
      vertex 17.975 12.0646 27.6896
      vertex 52.975 12.0288 27.8324
      vertex 17.975 12.0288 27.8324
    endloop
  endfacet
  facet normal 0 -0.969982 -0.243175
    outer loop
      vertex 52.975 12.0288 27.8324
      vertex 17.975 12.0646 27.6896
      vertex 52.975 12.0646 27.6896
    endloop
  endfacet
  facet normal 0 -0.803088 -0.595861
    outer loop
      vertex 17.975 12.3405 27.1734
      vertex 52.975 12.2528 27.2916
      vertex 17.975 12.2528 27.2916
    endloop
  endfacet
  facet normal 0 -0.803088 -0.595861
    outer loop
      vertex 52.975 12.2528 27.2916
      vertex 17.975 12.3405 27.1734
      vertex 52.975 12.3405 27.1734
    endloop
  endfacet
  facet normal 0 0.941527 0.336939
    outer loop
      vertex 52.975 14.9354 50.5604
      vertex 17.975 14.8858 50.699
      vertex 52.975 14.8858 50.699
    endloop
  endfacet
  facet normal 0 0.941527 0.336939
    outer loop
      vertex 17.975 14.8858 50.699
      vertex 52.975 14.9354 50.5604
      vertex 17.975 14.9354 50.5604
    endloop
  endfacet
  facet normal -0 0.427269 0.904125
    outer loop
      vertex 17.975 14.2071 51.4479
      vertex 52.975 14.074 51.5108
      vertex 52.975 14.2071 51.4479
    endloop
  endfacet
  facet normal 0 0.427269 0.904125
    outer loop
      vertex 52.975 14.074 51.5108
      vertex 17.975 14.2071 51.4479
      vertex 17.975 14.074 51.5108
    endloop
  endfacet
  facet normal -0 0.146746 0.989174
    outer loop
      vertex 17.975 13.7926 51.5962
      vertex 52.975 13.647 51.6178
      vertex 52.975 13.7926 51.5962
    endloop
  endfacet
  facet normal 0 0.146746 0.989174
    outer loop
      vertex 52.975 13.647 51.6178
      vertex 17.975 13.7926 51.5962
      vertex 17.975 13.647 51.6178
    endloop
  endfacet
  facet normal -0 0.671251 0.74123
    outer loop
      vertex 17.975 14.5607 51.1857
      vertex 52.975 14.4516 51.2845
      vertex 52.975 14.5607 51.1857
    endloop
  endfacet
  facet normal 0 0.671251 0.74123
    outer loop
      vertex 52.975 14.4516 51.2845
      vertex 17.975 14.5607 51.1857
      vertex 17.975 14.4516 51.2845
    endloop
  endfacet
  facet normal 0 0.989174 0.146746
    outer loop
      vertex 52.975 14.9928 50.272
      vertex 17.975 14.9712 50.4176
      vertex 52.975 14.9712 50.4176
    endloop
  endfacet
  facet normal 0 0.989174 0.146746
    outer loop
      vertex 17.975 14.9712 50.4176
      vertex 52.975 14.9928 50.272
      vertex 17.975 14.9928 50.272
    endloop
  endfacet
  facet normal 0 -0.0489209 0.998803
    outer loop
      vertex 17.975 13.5 51.625
      vertex 52.975 13.353 51.6178
      vertex 52.975 13.5 51.625
    endloop
  endfacet
  facet normal 0 -0.0489209 0.998803
    outer loop
      vertex 52.975 13.353 51.6178
      vertex 17.975 13.5 51.625
      vertex 17.975 13.353 51.6178
    endloop
  endfacet
  facet normal -0 0.0489209 0.998803
    outer loop
      vertex 17.975 13.647 51.6178
      vertex 52.975 13.5 51.625
      vertex 52.975 13.647 51.6178
    endloop
  endfacet
  facet normal 0 0.0489209 0.998803
    outer loop
      vertex 52.975 13.5 51.625
      vertex 17.975 13.647 51.6178
      vertex 17.975 13.5 51.625
    endloop
  endfacet
  facet normal -0 0.336939 0.941527
    outer loop
      vertex 17.975 14.074 51.5108
      vertex 52.975 13.9354 51.5604
      vertex 52.975 14.074 51.5108
    endloop
  endfacet
  facet normal 0 0.336939 0.941527
    outer loop
      vertex 52.975 13.9354 51.5604
      vertex 17.975 14.074 51.5108
      vertex 17.975 13.9354 51.5604
    endloop
  endfacet
  facet normal -0 0.243175 0.969982
    outer loop
      vertex 17.975 13.9354 51.5604
      vertex 52.975 13.7926 51.5962
      vertex 52.975 13.9354 51.5604
    endloop
  endfacet
  facet normal 0 0.243175 0.969982
    outer loop
      vertex 52.975 13.7926 51.5962
      vertex 17.975 13.9354 51.5604
      vertex 17.975 13.7926 51.5962
    endloop
  endfacet
  facet normal -0 0.514096 0.857733
    outer loop
      vertex 17.975 14.3334 51.3722
      vertex 52.975 14.2071 51.4479
      vertex 52.975 14.3334 51.3722
    endloop
  endfacet
  facet normal 0 0.514096 0.857733
    outer loop
      vertex 52.975 14.2071 51.4479
      vertex 17.975 14.3334 51.3722
      vertex 17.975 14.2071 51.4479
    endloop
  endfacet
  facet normal -0 0.595861 0.803088
    outer loop
      vertex 17.975 14.4516 51.2845
      vertex 52.975 14.3334 51.3722
      vertex 52.975 14.4516 51.2845
    endloop
  endfacet
  facet normal 0 0.595861 0.803088
    outer loop
      vertex 52.975 14.3334 51.3722
      vertex 17.975 14.4516 51.2845
      vertex 17.975 14.3334 51.3722
    endloop
  endfacet
  facet normal 0 0.969982 0.243175
    outer loop
      vertex 52.975 14.9712 50.4176
      vertex 17.975 14.9354 50.5604
      vertex 52.975 14.9354 50.5604
    endloop
  endfacet
  facet normal 0 0.969982 0.243175
    outer loop
      vertex 17.975 14.9354 50.5604
      vertex 52.975 14.9712 50.4176
      vertex 17.975 14.9712 50.4176
    endloop
  endfacet
  facet normal -0 0.998803 0.0489209
    outer loop
      vertex 47.825 15 50.125
      vertex 52.975 14.9928 50.272
      vertex 52.975 15 50.125
    endloop
  endfacet
  facet normal -0 0.998803 0.0489209
    outer loop
      vertex 46.825 15 50.125
      vertex 52.975 14.9928 50.272
      vertex 47.825 15 50.125
    endloop
  endfacet
  facet normal 0 0.998803 0.0489209
    outer loop
      vertex 52.975 14.9928 50.272
      vertex 46.825 15 50.125
      vertex 17.975 14.9928 50.272
    endloop
  endfacet
  facet normal -0 0.998803 0.0489209
    outer loop
      vertex 24.125 15 50.125
      vertex 17.975 14.9928 50.272
      vertex 46.825 15 50.125
    endloop
  endfacet
  facet normal -0 0.998803 0.0489209
    outer loop
      vertex 23.125 15 50.125
      vertex 17.975 14.9928 50.272
      vertex 24.125 15 50.125
    endloop
  endfacet
  facet normal 0 0.998803 0.0489209
    outer loop
      vertex 17.975 14.9928 50.272
      vertex 23.125 15 50.125
      vertex 17.975 15 50.125
    endloop
  endfacet
  facet normal 0 0.857733 0.514096
    outer loop
      vertex 52.975 14.8229 50.8321
      vertex 17.975 14.7472 50.9584
      vertex 52.975 14.7472 50.9584
    endloop
  endfacet
  facet normal 0 0.857733 0.514096
    outer loop
      vertex 17.975 14.7472 50.9584
      vertex 52.975 14.8229 50.8321
      vertex 17.975 14.8229 50.8321
    endloop
  endfacet
  facet normal 0 0.803088 0.595861
    outer loop
      vertex 52.975 14.7472 50.9584
      vertex 17.975 14.6595 51.0766
      vertex 52.975 14.6595 51.0766
    endloop
  endfacet
  facet normal 0 0.803088 0.595861
    outer loop
      vertex 17.975 14.6595 51.0766
      vertex 52.975 14.7472 50.9584
      vertex 17.975 14.7472 50.9584
    endloop
  endfacet
  facet normal 0 0.904125 0.427269
    outer loop
      vertex 52.975 14.8858 50.699
      vertex 17.975 14.8229 50.8321
      vertex 52.975 14.8229 50.8321
    endloop
  endfacet
  facet normal 0 0.904125 0.427269
    outer loop
      vertex 17.975 14.8229 50.8321
      vertex 52.975 14.8858 50.699
      vertex 17.975 14.8858 50.699
    endloop
  endfacet
  facet normal 0 0.74123 0.671251
    outer loop
      vertex 52.975 14.6595 51.0766
      vertex 17.975 14.5607 51.1857
      vertex 52.975 14.5607 51.1857
    endloop
  endfacet
  facet normal 0 0.74123 0.671251
    outer loop
      vertex 17.975 14.5607 51.1857
      vertex 52.975 14.6595 51.0766
      vertex 17.975 14.6595 51.0766
    endloop
  endfacet
  facet normal -1 0 0
    outer loop
      vertex 17.975 15 50.125
      vertex 17.975 14.9712 50.4176
      vertex 17.975 14.9928 50.272
    endloop
  endfacet
  facet normal -1 0 0
    outer loop
      vertex 17.975 15 50.125
      vertex 17.975 14.9354 50.5604
      vertex 17.975 14.9712 50.4176
    endloop
  endfacet
  facet normal -1 0 0
    outer loop
      vertex 17.975 15 50.125
      vertex 17.975 14.8858 50.699
      vertex 17.975 14.9354 50.5604
    endloop
  endfacet
  facet normal -1 0 0
    outer loop
      vertex 17.975 15 50.125
      vertex 17.975 14.8229 50.8321
      vertex 17.975 14.8858 50.699
    endloop
  endfacet
  facet normal -1 0 0
    outer loop
      vertex 17.975 15 50.125
      vertex 17.975 14.7472 50.9584
      vertex 17.975 14.8229 50.8321
    endloop
  endfacet
  facet normal -1 0 0
    outer loop
      vertex 17.975 15 50.125
      vertex 17.975 14.6595 51.0766
      vertex 17.975 14.7472 50.9584
    endloop
  endfacet
  facet normal -1 0 0
    outer loop
      vertex 17.975 15 50.125
      vertex 17.975 14.5607 51.1857
      vertex 17.975 14.6595 51.0766
    endloop
  endfacet
  facet normal -1 0 0
    outer loop
      vertex 17.975 15 50.125
      vertex 17.975 14.4516 51.2845
      vertex 17.975 14.5607 51.1857
    endloop
  endfacet
  facet normal -1 0 0
    outer loop
      vertex 17.975 15 50.125
      vertex 17.975 14.3334 51.3722
      vertex 17.975 14.4516 51.2845
    endloop
  endfacet
  facet normal -1 0 0
    outer loop
      vertex 17.975 15 50.125
      vertex 17.975 14.2071 51.4479
      vertex 17.975 14.3334 51.3722
    endloop
  endfacet
  facet normal -1 0 0
    outer loop
      vertex 17.975 15 50.125
      vertex 17.975 14.074 51.5108
      vertex 17.975 14.2071 51.4479
    endloop
  endfacet
  facet normal -1 0 0
    outer loop
      vertex 17.975 15 50.125
      vertex 17.975 13.9354 51.5604
      vertex 17.975 14.074 51.5108
    endloop
  endfacet
  facet normal -1 0 0
    outer loop
      vertex 17.975 15 50.125
      vertex 17.975 13.7926 51.5962
      vertex 17.975 13.9354 51.5604
    endloop
  endfacet
  facet normal -1 0 0
    outer loop
      vertex 17.975 15 50.125
      vertex 17.975 13.647 51.6178
      vertex 17.975 13.7926 51.5962
    endloop
  endfacet
  facet normal -1 0 0
    outer loop
      vertex 17.975 15 50.125
      vertex 17.975 13.5 51.625
      vertex 17.975 13.647 51.6178
    endloop
  endfacet
  facet normal -1 0 0
    outer loop
      vertex 17.975 15 50.125
      vertex 17.975 13.353 51.6178
      vertex 17.975 13.5 51.625
    endloop
  endfacet
  facet normal -1 0 0
    outer loop
      vertex 17.975 15 50.125
      vertex 17.975 13.2074 51.5962
      vertex 17.975 13.353 51.6178
    endloop
  endfacet
  facet normal -1 0 0
    outer loop
      vertex 17.975 15 50.125
      vertex 17.975 13.0646 51.5604
      vertex 17.975 13.2074 51.5962
    endloop
  endfacet
  facet normal -1 0 0
    outer loop
      vertex 17.975 15 50.125
      vertex 17.975 12.926 51.5108
      vertex 17.975 13.0646 51.5604
    endloop
  endfacet
  facet normal -1 0 0
    outer loop
      vertex 17.975 15 50.125
      vertex 17.975 12.7929 51.4479
      vertex 17.975 12.926 51.5108
    endloop
  endfacet
  facet normal -1 0 0
    outer loop
      vertex 17.975 15 50.125
      vertex 17.975 12.6666 51.3722
      vertex 17.975 12.7929 51.4479
    endloop
  endfacet
  facet normal -1 0 0
    outer loop
      vertex 17.975 15 50.125
      vertex 17.975 12.5484 51.2845
      vertex 17.975 12.6666 51.3722
    endloop
  endfacet
  facet normal -1 0 0
    outer loop
      vertex 17.975 15 50.125
      vertex 17.975 12.4393 51.1857
      vertex 17.975 12.5484 51.2845
    endloop
  endfacet
  facet normal -1 0 0
    outer loop
      vertex 17.975 15 50.125
      vertex 17.975 12.3405 51.0766
      vertex 17.975 12.4393 51.1857
    endloop
  endfacet
  facet normal -1 0 0
    outer loop
      vertex 17.975 15 50.125
      vertex 17.975 12.2528 50.9584
      vertex 17.975 12.3405 51.0766
    endloop
  endfacet
  facet normal -1 0 0
    outer loop
      vertex 17.975 15 50.125
      vertex 17.975 12.1771 50.8321
      vertex 17.975 12.2528 50.9584
    endloop
  endfacet
  facet normal -1 0 0
    outer loop
      vertex 17.975 15 50.125
      vertex 17.975 12.1142 50.699
      vertex 17.975 12.1771 50.8321
    endloop
  endfacet
  facet normal -1 0 0
    outer loop
      vertex 17.975 15 50.125
      vertex 17.975 12.0646 50.5604
      vertex 17.975 12.1142 50.699
    endloop
  endfacet
  facet normal -1 0 0
    outer loop
      vertex 17.975 15 50.125
      vertex 17.975 12.0288 50.4176
      vertex 17.975 12.0646 50.5604
    endloop
  endfacet
  facet normal -1 0 0
    outer loop
      vertex 17.975 15 50.125
      vertex 17.975 12.0072 50.272
      vertex 17.975 12.0288 50.4176
    endloop
  endfacet
  facet normal -1 0 -0
    outer loop
      vertex 17.975 12.0072 50.272
      vertex 17.975 15 50.125
      vertex 17.975 12 50.125
    endloop
  endfacet
  facet normal 0 -0.514096 0.857733
    outer loop
      vertex 17.975 12.7929 51.4479
      vertex 52.975 12.6666 51.3722
      vertex 52.975 12.7929 51.4479
    endloop
  endfacet
  facet normal 0 -0.514096 0.857733
    outer loop
      vertex 52.975 12.6666 51.3722
      vertex 17.975 12.7929 51.4479
      vertex 17.975 12.6666 51.3722
    endloop
  endfacet
  facet normal 0 -0.904125 0.427269
    outer loop
      vertex 17.975 12.1142 50.699
      vertex 52.975 12.1771 50.8321
      vertex 17.975 12.1771 50.8321
    endloop
  endfacet
  facet normal 0 -0.904125 0.427269
    outer loop
      vertex 52.975 12.1771 50.8321
      vertex 17.975 12.1142 50.699
      vertex 52.975 12.1142 50.699
    endloop
  endfacet
  facet normal 0 -0.998803 0.0489209
    outer loop
      vertex 18.975 12 50.125
      vertex 17.975 12.0072 50.272
      vertex 17.975 12 50.125
    endloop
  endfacet
  facet normal 0 -0.998803 0.0489209
    outer loop
      vertex 17.975 12.0072 50.272
      vertex 18.975 12 50.125
      vertex 52.975 12.0072 50.272
    endloop
  endfacet
  facet normal 0 -0.998803 0.0489209
    outer loop
      vertex 51.975 12 50.125
      vertex 52.975 12.0072 50.272
      vertex 18.975 12 50.125
    endloop
  endfacet
  facet normal 0 -0.998803 0.0489209
    outer loop
      vertex 52.975 12.0072 50.272
      vertex 51.975 12 50.125
      vertex 52.975 12 50.125
    endloop
  endfacet
  facet normal 0 -0.243175 0.969982
    outer loop
      vertex 17.975 13.2074 51.5962
      vertex 52.975 13.0646 51.5604
      vertex 52.975 13.2074 51.5962
    endloop
  endfacet
  facet normal 0 -0.243175 0.969982
    outer loop
      vertex 52.975 13.0646 51.5604
      vertex 17.975 13.2074 51.5962
      vertex 17.975 13.0646 51.5604
    endloop
  endfacet
  facet normal 0 -0.427269 0.904125
    outer loop
      vertex 17.975 12.926 51.5108
      vertex 52.975 12.7929 51.4479
      vertex 52.975 12.926 51.5108
    endloop
  endfacet
  facet normal 0 -0.427269 0.904125
    outer loop
      vertex 52.975 12.7929 51.4479
      vertex 17.975 12.926 51.5108
      vertex 17.975 12.7929 51.4479
    endloop
  endfacet
  facet normal 0 -0.336939 0.941527
    outer loop
      vertex 17.975 13.0646 51.5604
      vertex 52.975 12.926 51.5108
      vertex 52.975 13.0646 51.5604
    endloop
  endfacet
  facet normal 0 -0.336939 0.941527
    outer loop
      vertex 52.975 12.926 51.5108
      vertex 17.975 13.0646 51.5604
      vertex 17.975 12.926 51.5108
    endloop
  endfacet
  facet normal 0 -0.857733 0.514096
    outer loop
      vertex 17.975 12.1771 50.8321
      vertex 52.975 12.2528 50.9584
      vertex 17.975 12.2528 50.9584
    endloop
  endfacet
  facet normal 0 -0.857733 0.514096
    outer loop
      vertex 52.975 12.2528 50.9584
      vertex 17.975 12.1771 50.8321
      vertex 52.975 12.1771 50.8321
    endloop
  endfacet
  facet normal 0 -0.941527 0.336939
    outer loop
      vertex 17.975 12.0646 50.5604
      vertex 52.975 12.1142 50.699
      vertex 17.975 12.1142 50.699
    endloop
  endfacet
  facet normal 0 -0.941527 0.336939
    outer loop
      vertex 52.975 12.1142 50.699
      vertex 17.975 12.0646 50.5604
      vertex 52.975 12.0646 50.5604
    endloop
  endfacet
  facet normal 0 -0.989174 0.146746
    outer loop
      vertex 17.975 12.0072 50.272
      vertex 52.975 12.0288 50.4176
      vertex 17.975 12.0288 50.4176
    endloop
  endfacet
  facet normal 0 -0.989174 0.146746
    outer loop
      vertex 52.975 12.0288 50.4176
      vertex 17.975 12.0072 50.272
      vertex 52.975 12.0072 50.272
    endloop
  endfacet
  facet normal 0 -0.595861 0.803088
    outer loop
      vertex 17.975 12.6666 51.3722
      vertex 52.975 12.5484 51.2845
      vertex 52.975 12.6666 51.3722
    endloop
  endfacet
  facet normal 0 -0.595861 0.803088
    outer loop
      vertex 52.975 12.5484 51.2845
      vertex 17.975 12.6666 51.3722
      vertex 17.975 12.5484 51.2845
    endloop
  endfacet
  facet normal 0 -0.74123 0.671251
    outer loop
      vertex 17.975 12.3405 51.0766
      vertex 52.975 12.4393 51.1857
      vertex 17.975 12.4393 51.1857
    endloop
  endfacet
  facet normal 0 -0.74123 0.671251
    outer loop
      vertex 52.975 12.4393 51.1857
      vertex 17.975 12.3405 51.0766
      vertex 52.975 12.3405 51.0766
    endloop
  endfacet
  facet normal 0 -0.671251 0.74123
    outer loop
      vertex 17.975 12.5484 51.2845
      vertex 52.975 12.4393 51.1857
      vertex 52.975 12.5484 51.2845
    endloop
  endfacet
  facet normal 0 -0.671251 0.74123
    outer loop
      vertex 52.975 12.4393 51.1857
      vertex 17.975 12.5484 51.2845
      vertex 17.975 12.4393 51.1857
    endloop
  endfacet
  facet normal 0 -0.146746 0.989174
    outer loop
      vertex 17.975 13.353 51.6178
      vertex 52.975 13.2074 51.5962
      vertex 52.975 13.353 51.6178
    endloop
  endfacet
  facet normal 0 -0.146746 0.989174
    outer loop
      vertex 52.975 13.2074 51.5962
      vertex 17.975 13.353 51.6178
      vertex 17.975 13.2074 51.5962
    endloop
  endfacet
  facet normal 0 -0.803088 0.595861
    outer loop
      vertex 17.975 12.2528 50.9584
      vertex 52.975 12.3405 51.0766
      vertex 17.975 12.3405 51.0766
    endloop
  endfacet
  facet normal 0 -0.803088 0.595861
    outer loop
      vertex 52.975 12.3405 51.0766
      vertex 17.975 12.2528 50.9584
      vertex 52.975 12.2528 50.9584
    endloop
  endfacet
  facet normal 1 0 0
    outer loop
      vertex 52.975 14.9712 50.4176
      vertex 52.975 15 50.125
      vertex 52.975 14.9928 50.272
    endloop
  endfacet
  facet normal 1 0 0
    outer loop
      vertex 52.975 14.9354 50.5604
      vertex 52.975 15 50.125
      vertex 52.975 14.9712 50.4176
    endloop
  endfacet
  facet normal 1 0 0
    outer loop
      vertex 52.975 14.8858 50.699
      vertex 52.975 15 50.125
      vertex 52.975 14.9354 50.5604
    endloop
  endfacet
  facet normal 1 0 0
    outer loop
      vertex 52.975 14.8229 50.8321
      vertex 52.975 15 50.125
      vertex 52.975 14.8858 50.699
    endloop
  endfacet
  facet normal 1 0 0
    outer loop
      vertex 52.975 14.7472 50.9584
      vertex 52.975 15 50.125
      vertex 52.975 14.8229 50.8321
    endloop
  endfacet
  facet normal 1 0 0
    outer loop
      vertex 52.975 14.6595 51.0766
      vertex 52.975 15 50.125
      vertex 52.975 14.7472 50.9584
    endloop
  endfacet
  facet normal 1 0 0
    outer loop
      vertex 52.975 14.5607 51.1857
      vertex 52.975 15 50.125
      vertex 52.975 14.6595 51.0766
    endloop
  endfacet
  facet normal 1 0 0
    outer loop
      vertex 52.975 14.4516 51.2845
      vertex 52.975 15 50.125
      vertex 52.975 14.5607 51.1857
    endloop
  endfacet
  facet normal 1 0 0
    outer loop
      vertex 52.975 14.3334 51.3722
      vertex 52.975 15 50.125
      vertex 52.975 14.4516 51.2845
    endloop
  endfacet
  facet normal 1 0 0
    outer loop
      vertex 52.975 14.2071 51.4479
      vertex 52.975 15 50.125
      vertex 52.975 14.3334 51.3722
    endloop
  endfacet
  facet normal 1 0 0
    outer loop
      vertex 52.975 14.074 51.5108
      vertex 52.975 15 50.125
      vertex 52.975 14.2071 51.4479
    endloop
  endfacet
  facet normal 1 0 0
    outer loop
      vertex 52.975 13.9354 51.5604
      vertex 52.975 15 50.125
      vertex 52.975 14.074 51.5108
    endloop
  endfacet
  facet normal 1 0 0
    outer loop
      vertex 52.975 13.7926 51.5962
      vertex 52.975 15 50.125
      vertex 52.975 13.9354 51.5604
    endloop
  endfacet
  facet normal 1 0 0
    outer loop
      vertex 52.975 13.647 51.6178
      vertex 52.975 15 50.125
      vertex 52.975 13.7926 51.5962
    endloop
  endfacet
  facet normal 1 0 0
    outer loop
      vertex 52.975 13.5 51.625
      vertex 52.975 15 50.125
      vertex 52.975 13.647 51.6178
    endloop
  endfacet
  facet normal 1 -0 0
    outer loop
      vertex 52.975 13.353 51.6178
      vertex 52.975 15 50.125
      vertex 52.975 13.5 51.625
    endloop
  endfacet
  facet normal 1 -0 0
    outer loop
      vertex 52.975 13.2074 51.5962
      vertex 52.975 15 50.125
      vertex 52.975 13.353 51.6178
    endloop
  endfacet
  facet normal 1 -0 0
    outer loop
      vertex 52.975 13.0646 51.5604
      vertex 52.975 15 50.125
      vertex 52.975 13.2074 51.5962
    endloop
  endfacet
  facet normal 1 -0 0
    outer loop
      vertex 52.975 12.926 51.5108
      vertex 52.975 15 50.125
      vertex 52.975 13.0646 51.5604
    endloop
  endfacet
  facet normal 1 -0 0
    outer loop
      vertex 52.975 12.7929 51.4479
      vertex 52.975 15 50.125
      vertex 52.975 12.926 51.5108
    endloop
  endfacet
  facet normal 1 -0 0
    outer loop
      vertex 52.975 12.6666 51.3722
      vertex 52.975 15 50.125
      vertex 52.975 12.7929 51.4479
    endloop
  endfacet
  facet normal 1 -0 0
    outer loop
      vertex 52.975 12.5484 51.2845
      vertex 52.975 15 50.125
      vertex 52.975 12.6666 51.3722
    endloop
  endfacet
  facet normal 1 -0 0
    outer loop
      vertex 52.975 12.4393 51.1857
      vertex 52.975 15 50.125
      vertex 52.975 12.5484 51.2845
    endloop
  endfacet
  facet normal 1 -0 0
    outer loop
      vertex 52.975 12.3405 51.0766
      vertex 52.975 15 50.125
      vertex 52.975 12.4393 51.1857
    endloop
  endfacet
  facet normal 1 -0 0
    outer loop
      vertex 52.975 12.2528 50.9584
      vertex 52.975 15 50.125
      vertex 52.975 12.3405 51.0766
    endloop
  endfacet
  facet normal 1 -0 0
    outer loop
      vertex 52.975 12.1771 50.8321
      vertex 52.975 15 50.125
      vertex 52.975 12.2528 50.9584
    endloop
  endfacet
  facet normal 1 -0 0
    outer loop
      vertex 52.975 12.1142 50.699
      vertex 52.975 15 50.125
      vertex 52.975 12.1771 50.8321
    endloop
  endfacet
  facet normal 1 -0 0
    outer loop
      vertex 52.975 12.0646 50.5604
      vertex 52.975 15 50.125
      vertex 52.975 12.1142 50.699
    endloop
  endfacet
  facet normal 1 -0 0
    outer loop
      vertex 52.975 12.0288 50.4176
      vertex 52.975 15 50.125
      vertex 52.975 12.0646 50.5604
    endloop
  endfacet
  facet normal 1 -0 0
    outer loop
      vertex 52.975 12.0072 50.272
      vertex 52.975 15 50.125
      vertex 52.975 12.0288 50.4176
    endloop
  endfacet
  facet normal 1 0 0
    outer loop
      vertex 52.975 15 50.125
      vertex 52.975 12.0072 50.272
      vertex 52.975 12 50.125
    endloop
  endfacet
  facet normal 0 -0.969982 0.243175
    outer loop
      vertex 17.975 12.0288 50.4176
      vertex 52.975 12.0646 50.5604
      vertex 17.975 12.0646 50.5604
    endloop
  endfacet
  facet normal 0 -0.969982 0.243175
    outer loop
      vertex 52.975 12.0646 50.5604
      vertex 17.975 12.0288 50.4176
      vertex 52.975 12.0288 50.4176
    endloop
  endfacet
  facet normal 0 1 0
    outer loop
      vertex 17.975 15 28.125
      vertex 17.975 15 50.125
      vertex 23.125 15 50.125
    endloop
  endfacet
  facet normal 0 1 0
    outer loop
      vertex 17.975 15 28.125
      vertex 23.125 15 50.125
      vertex 23.125 15 28.125
    endloop
  endfacet
  facet normal 0 1 0
    outer loop
      vertex 17.975 15 50.125
      vertex 17.975 15 28.125
      vertex 16.775 15 50.125
    endloop
  endfacet
  facet normal 0 1 0
    outer loop
      vertex 16.775 15 50.125
      vertex 17.975 15 28.125
      vertex 16.775 15 28.125
    endloop
  endfacet
  facet normal 0 1 0
    outer loop
      vertex 52.975 15 28.125
      vertex 52.975 15 50.125
      vertex 54.175 15 50.125
    endloop
  endfacet
  facet normal 0 1 0
    outer loop
      vertex 52.975 15 28.125
      vertex 54.175 15 50.125
      vertex 54.175 15 28.125
    endloop
  endfacet
  facet normal 0 1 0
    outer loop
      vertex 52.975 15 50.125
      vertex 52.975 15 28.125
      vertex 47.825 15 50.125
    endloop
  endfacet
  facet normal 0 1 0
    outer loop
      vertex 47.825 15 50.125
      vertex 52.975 15 28.125
      vertex 47.825 15 28.125
    endloop
  endfacet
  facet normal 0 1 -0
    outer loop
      vertex 46.825 15 28.125
      vertex 24.125 15 50.125
      vertex 46.825 15 50.125
    endloop
  endfacet
  facet normal 0 1 0
    outer loop
      vertex 24.125 15 50.125
      vertex 46.825 15 28.125
      vertex 24.125 15 28.125
    endloop
  endfacet
  facet normal 0.707113 -0.707101 0
    outer loop
      vertex 18.375 5 50.125
      vertex 18.975 5.60001 28.125
      vertex 18.975 5.60001 50.125
    endloop
  endfacet
  facet normal 0.707113 -0.707101 0
    outer loop
      vertex 18.975 5.60001 28.125
      vertex 18.375 5 50.125
      vertex 18.375 5 28.125
    endloop
  endfacet
  facet normal 1 -0 0
    outer loop
      vertex 18.975 5.60001 50.125
      vertex 18.975 12 28.125
      vertex 18.975 12 50.125
    endloop
  endfacet
  facet normal 1 0 0
    outer loop
      vertex 18.975 12 28.125
      vertex 18.975 5.60001 50.125
      vertex 18.975 5.60001 28.125
    endloop
  endfacet
  facet normal -1 0 0
    outer loop
      vertex 16.175 5.60001 28.125
      vertex 16.175 14.4 50.125
      vertex 16.175 14.4 28.125
    endloop
  endfacet
  facet normal -1 -0 0
    outer loop
      vertex 16.175 14.4 50.125
      vertex 16.175 5.60001 28.125
      vertex 16.175 5.60001 50.125
    endloop
  endfacet
  facet normal -0.707113 -0.707101 0
    outer loop
      vertex 16.775 5 28.125
      vertex 16.175 5.60001 50.125
      vertex 16.175 5.60001 28.125
    endloop
  endfacet
  facet normal -0.707113 -0.707101 0
    outer loop
      vertex 16.175 5.60001 50.125
      vertex 16.775 5 28.125
      vertex 16.775 5 50.125
    endloop
  endfacet
  facet normal 0 1 0
    outer loop
      vertex 13.085 5 -15.5609
      vertex 13.085 5 15.5609
      vertex 13.5543 5 -15.3295
    endloop
  endfacet
  facet normal 0 1 0
    outer loop
      vertex -12.65 5 15.8516
      vertex -14.5629 5 -15.0592
      vertex -15.085 5 -15.025
    endloop
  endfacet
  facet normal 0 1 0
    outer loop
      vertex 13.085 5 15.5609
      vertex 13.085 5 -15.5609
      vertex 12.65 5 15.8516
    endloop
  endfacet
  facet normal 0 1 0
    outer loop
      vertex -12.65 5 15.8516
      vertex -14.0497 5 -15.1613
      vertex -14.5629 5 -15.0592
    endloop
  endfacet
  facet normal 0 1 0
    outer loop
      vertex 12.65 5 -15.8516
      vertex 12.65 5 15.8516
      vertex 13.085 5 -15.5609
    endloop
  endfacet
  facet normal 0 1 0
    outer loop
      vertex -12.65 5 15.8516
      vertex -13.5543 5 -15.3295
      vertex -14.0497 5 -15.1613
    endloop
  endfacet
  facet normal 0 1 0
    outer loop
      vertex 12.65 5 15.8516
      vertex 12.65 5 -15.8516
      vertex -12.65 5 15.8516
    endloop
  endfacet
  facet normal 0 1 0
    outer loop
      vertex -12.65 5 15.8516
      vertex -13.085 5 -15.5609
      vertex -13.5543 5 -15.3295
    endloop
  endfacet
  facet normal 0 1 0
    outer loop
      vertex -12.65 5 -15.8516
      vertex -12.65 5 15.8516
      vertex 12.65 5 -15.8516
    endloop
  endfacet
  facet normal 0 1 0
    outer loop
      vertex -12.65 5 15.8516
      vertex -12.65 5 -15.8516
      vertex -13.085 5 -15.5609
    endloop
  endfacet
  facet normal 0 1 -0
    outer loop
      vertex 12.2566 5 -16.1966
      vertex -12.65 5 -15.8516
      vertex 12.65 5 -15.8516
    endloop
  endfacet
  facet normal 0 1 0
    outer loop
      vertex 12.2566 5 -16.1966
      vertex -12.2566 5 -16.1966
      vertex -12.65 5 -15.8516
    endloop
  endfacet
  facet normal 0 1 -0
    outer loop
      vertex 11.9116 5 -16.59
      vertex -12.2566 5 -16.1966
      vertex 12.2566 5 -16.1966
    endloop
  endfacet
  facet normal 0 1 0
    outer loop
      vertex 11.9116 5 -16.59
      vertex -11.9116 5 -16.59
      vertex -12.2566 5 -16.1966
    endloop
  endfacet
  facet normal 0 1 -0
    outer loop
      vertex 11.6209 5 -17.025
      vertex -11.9116 5 -16.59
      vertex 11.9116 5 -16.59
    endloop
  endfacet
  facet normal 0 1 0
    outer loop
      vertex 11.6209 5 -17.025
      vertex -11.6209 5 -17.025
      vertex -11.9116 5 -16.59
    endloop
  endfacet
  facet normal 0 1 -0
    outer loop
      vertex 11.3895 5 -17.4943
      vertex -11.6209 5 -17.025
      vertex 11.6209 5 -17.025
    endloop
  endfacet
  facet normal 0 1 0
    outer loop
      vertex 11.3895 5 -17.4943
      vertex -11.3895 5 -17.4943
      vertex -11.6209 5 -17.025
    endloop
  endfacet
  facet normal 0 1 -0
    outer loop
      vertex 11.2213 5 -17.9897
      vertex -11.3895 5 -17.4943
      vertex 11.3895 5 -17.4943
    endloop
  endfacet
  facet normal 0 1 0
    outer loop
      vertex 11.2213 5 -17.9897
      vertex -11.2213 5 -17.9897
      vertex -11.3895 5 -17.4943
    endloop
  endfacet
  facet normal 0 1 -0
    outer loop
      vertex 11.1192 5 -18.5029
      vertex -11.2213 5 -17.9897
      vertex 11.2213 5 -17.9897
    endloop
  endfacet
  facet normal 0 1 0
    outer loop
      vertex 11.1192 5 -18.5029
      vertex -11.1192 5 -18.5029
      vertex -11.2213 5 -17.9897
    endloop
  endfacet
  facet normal 0 1 -0
    outer loop
      vertex 11.085 5 -19.025
      vertex -11.1192 5 -18.5029
      vertex 11.1192 5 -18.5029
    endloop
  endfacet
  facet normal 0 1 0
    outer loop
      vertex 11.085 5 -19.025
      vertex -11.085 5 -19.025
      vertex -11.1192 5 -18.5029
    endloop
  endfacet
  facet normal 0 1 0
    outer loop
      vertex 11.1192 5 -19.5471
      vertex -11.085 5 -19.025
      vertex 11.085 5 -19.025
    endloop
  endfacet
  facet normal 0 1 0
    outer loop
      vertex 11.1192 5 -19.5471
      vertex -11.1192 5 -19.5471
      vertex -11.085 5 -19.025
    endloop
  endfacet
  facet normal 0 1 0
    outer loop
      vertex 11.2213 5 -20.0603
      vertex -11.1192 5 -19.5471
      vertex 11.1192 5 -19.5471
    endloop
  endfacet
  facet normal 0 1 0
    outer loop
      vertex 11.2213 5 -20.0603
      vertex -11.2213 5 -20.0603
      vertex -11.1192 5 -19.5471
    endloop
  endfacet
  facet normal 0 1 0
    outer loop
      vertex 11.3895 5 -20.5557
      vertex -11.2213 5 -20.0603
      vertex 11.2213 5 -20.0603
    endloop
  endfacet
  facet normal 0 1 0
    outer loop
      vertex 11.3895 5 -20.5557
      vertex -11.3895 5 -20.5557
      vertex -11.2213 5 -20.0603
    endloop
  endfacet
  facet normal 0 1 0
    outer loop
      vertex 11.6209 5 -21.025
      vertex -11.3895 5 -20.5557
      vertex 11.3895 5 -20.5557
    endloop
  endfacet
  facet normal 0 1 0
    outer loop
      vertex 11.6209 5 -21.025
      vertex -11.6209 5 -21.025
      vertex -11.3895 5 -20.5557
    endloop
  endfacet
  facet normal 0 1 0
    outer loop
      vertex 11.9116 5 -21.46
      vertex -11.6209 5 -21.025
      vertex 11.6209 5 -21.025
    endloop
  endfacet
  facet normal 0 1 0
    outer loop
      vertex 11.9116 5 -21.46
      vertex -11.9116 5 -21.46
      vertex -11.6209 5 -21.025
    endloop
  endfacet
  facet normal 0 1 0
    outer loop
      vertex 12.2566 5 -21.8534
      vertex -11.9116 5 -21.46
      vertex 11.9116 5 -21.46
    endloop
  endfacet
  facet normal 0 1 0
    outer loop
      vertex 12.2566 5 -21.8534
      vertex -12.2566 5 -21.8534
      vertex -11.9116 5 -21.46
    endloop
  endfacet
  facet normal 0 1 0
    outer loop
      vertex 12.65 5 -22.1984
      vertex -12.2566 5 -21.8534
      vertex 12.2566 5 -21.8534
    endloop
  endfacet
  facet normal 0 1 0
    outer loop
      vertex 12.65 5 -22.1984
      vertex -12.65 5 -22.1984
      vertex -12.2566 5 -21.8534
    endloop
  endfacet
  facet normal 0 1 0
    outer loop
      vertex 16.2187 5 -25.425
      vertex 12.65 5 -22.1984
      vertex 13.085 5 -22.4891
    endloop
  endfacet
  facet normal 0 1 0
    outer loop
      vertex 12.65 5 -22.1984
      vertex 16.2187 5 -25.425
      vertex -12.65 5 -22.1984
    endloop
  endfacet
  facet normal 0 1 0
    outer loop
      vertex 16.2187 5 -25.425
      vertex 13.085 5 -22.4891
      vertex 13.5543 5 -22.7205
    endloop
  endfacet
  facet normal 0 1 0
    outer loop
      vertex -16.2669 5 -25.425
      vertex -12.65 5 -22.1984
      vertex 16.2187 5 -25.425
    endloop
  endfacet
  facet normal 0 1 0
    outer loop
      vertex 16.2187 5 -25.425
      vertex 13.5543 5 -22.7205
      vertex 14.0497 5 -22.8887
    endloop
  endfacet
  facet normal 0 1 0
    outer loop
      vertex -12.65 5 -22.1984
      vertex -16.2669 5 -25.425
      vertex -13.085 5 -22.4891
    endloop
  endfacet
  facet normal 0 1 0
    outer loop
      vertex 16.2187 5 -25.425
      vertex 14.0497 5 -22.8887
      vertex 14.5629 5 -22.9908
    endloop
  endfacet
  facet normal 0 1 0
    outer loop
      vertex -13.085 5 -22.4891
      vertex -16.2669 5 -25.425
      vertex -13.5543 5 -22.7205
    endloop
  endfacet
  facet normal 0 1 0
    outer loop
      vertex 16.2187 5 -25.425
      vertex 14.5629 5 -22.9908
      vertex 15.085 5 -23.025
    endloop
  endfacet
  facet normal 0 1 0
    outer loop
      vertex -13.5543 5 -22.7205
      vertex -16.2669 5 -25.425
      vertex -14.0497 5 -22.8887
    endloop
  endfacet
  facet normal 0 1 0
    outer loop
      vertex -16.6157 5 22.7205
      vertex -23.1021 5 21.5414
      vertex -24.575 5 21.725
    endloop
  endfacet
  facet normal 0 1 0
    outer loop
      vertex -21.2933 5 20.748
      vertex -17.9134 5 21.8534
      vertex -18.2584 5 21.46
    endloop
  endfacet
  facet normal 0 1 0
    outer loop
      vertex -21.2933 5 20.748
      vertex -18.2584 5 21.46
      vertex -18.5491 5 21.025
    endloop
  endfacet
  facet normal 0 1 0
    outer loop
      vertex -17.9134 5 21.8534
      vertex -21.2933 5 20.748
      vertex -23.1021 5 21.5414
    endloop
  endfacet
  facet normal 0 1 0
    outer loop
      vertex -20.5793 5 20.0907
      vertex -18.5491 5 21.025
      vertex -18.7805 5 20.5557
    endloop
  endfacet
  facet normal 0 1 0
    outer loop
      vertex -18.5491 5 21.025
      vertex -20.5793 5 20.0907
      vertex -21.2933 5 20.748
    endloop
  endfacet
  facet normal 0 1 -0
    outer loop
      vertex -18.9487 5 20.0603
      vertex -20.5793 5 20.0907
      vertex -18.7805 5 20.5557
    endloop
  endfacet
  facet normal 0 1 -0
    outer loop
      vertex -19.0508 5 19.5471
      vertex -20.5793 5 20.0907
      vertex -18.9487 5 20.0603
    endloop
  endfacet
  facet normal 0 1 0
    outer loop
      vertex -20.5793 5 20.0907
      vertex -19.0508 5 19.5471
      vertex -20.5999 5 19.9974
    endloop
  endfacet
  facet normal 0 1 0
    outer loop
      vertex -19.0508 5 19.5471
      vertex -20.6637 5 19.5131
      vertex -20.5999 5 19.9974
    endloop
  endfacet
  facet normal 0 1 -0
    outer loop
      vertex -19.085 5 19.025
      vertex -20.6637 5 19.5131
      vertex -19.0508 5 19.5471
    endloop
  endfacet
  facet normal 0 1 0
    outer loop
      vertex -19.085 5 19.025
      vertex -20.685 5 19.025
      vertex -20.6637 5 19.5131
    endloop
  endfacet
  facet normal 0 1 0
    outer loop
      vertex -19.085 5 19.025
      vertex -20.6637 5 18.5369
      vertex -20.685 5 19.025
    endloop
  endfacet
  facet normal 0 1 0
    outer loop
      vertex -19.0508 5 18.5029
      vertex -20.6637 5 18.5369
      vertex -19.085 5 19.025
    endloop
  endfacet
  facet normal 0 1 0
    outer loop
      vertex -19.0508 5 18.5029
      vertex -20.5999 5 18.0526
      vertex -20.6637 5 18.5369
    endloop
  endfacet
  facet normal 0 1 0
    outer loop
      vertex -18.9487 5 17.9897
      vertex -20.5999 5 18.0526
      vertex -19.0508 5 18.5029
    endloop
  endfacet
  facet normal 0 1 0
    outer loop
      vertex -18.9487 5 17.9897
      vertex -20.4942 5 17.5756
      vertex -20.5999 5 18.0526
    endloop
  endfacet
  facet normal 0 1 0
    outer loop
      vertex -20.3473 5 17.1097
      vertex -18.9487 5 17.9897
      vertex -18.7805 5 17.4943
    endloop
  endfacet
  facet normal 0 1 0
    outer loop
      vertex -18.9487 5 17.9897
      vertex -20.3473 5 17.1097
      vertex -20.4942 5 17.5756
    endloop
  endfacet
  facet normal 0 1 0
    outer loop
      vertex -20.1603 5 16.6583
      vertex -18.7805 5 17.4943
      vertex -18.5491 5 17.025
    endloop
  endfacet
  facet normal 0 1 0
    outer loop
      vertex -18.7805 5 17.4943
      vertex -20.1603 5 16.6583
      vertex -20.3473 5 17.1097
    endloop
  endfacet
  facet normal 0 1 0
    outer loop
      vertex -19.6723 5 15.813
      vertex -18.5491 5 17.025
      vertex -18.2584 5 16.59
    endloop
  endfacet
  facet normal 0 1 0
    outer loop
      vertex -18.5491 5 17.025
      vertex -19.9347 5 16.225
      vertex -20.1603 5 16.6583
    endloop
  endfacet
  facet normal 0 1 0
    outer loop
      vertex -19.3748 5 15.4254
      vertex -18.2584 5 16.59
      vertex -17.9134 5 16.1966
    endloop
  endfacet
  facet normal 0 1 0
    outer loop
      vertex -18.6846 5 14.7352
      vertex -17.9134 5 16.1966
      vertex -17.52 5 15.8516
    endloop
  endfacet
  facet normal 0 1 0
    outer loop
      vertex -18.5491 5 17.025
      vertex -19.6723 5 15.813
      vertex -19.9347 5 16.225
    endloop
  endfacet
  facet normal 0 1 0
    outer loop
      vertex -18.575 5 14.651
      vertex -17.52 5 15.8516
      vertex -17.085 5 15.5609
    endloop
  endfacet
  facet normal 0 1 0
    outer loop
      vertex -18.2584 5 16.59
      vertex -19.3748 5 15.4254
      vertex -19.6723 5 15.813
    endloop
  endfacet
  facet normal 0 1 0
    outer loop
      vertex -18.575 5 14.651
      vertex -17.085 5 15.5609
      vertex -16.6157 5 15.3295
    endloop
  endfacet
  facet normal 0 1 0
    outer loop
      vertex -18.575 5 14.651
      vertex -16.6157 5 15.3295
      vertex -16.1203 5 15.1613
    endloop
  endfacet
  facet normal 0 1 0
    outer loop
      vertex -17.9134 5 16.1966
      vertex -19.0448 5 15.0652
      vertex -19.3748 5 15.4254
    endloop
  endfacet
  facet normal 0 1 0
    outer loop
      vertex -18.575 5 14.651
      vertex -16.1203 5 15.1613
      vertex -15.6071 5 15.0592
    endloop
  endfacet
  facet normal 0 1 0
    outer loop
      vertex -18.575 5 14.651
      vertex -15.6071 5 15.0592
      vertex -15.085 5 15.025
    endloop
  endfacet
  facet normal 0 1 0
    outer loop
      vertex -17.9134 5 16.1966
      vertex -18.6846 5 14.7352
      vertex -19.0448 5 15.0652
    endloop
  endfacet
  facet normal 0 1 0
    outer loop
      vertex 14.0497 5 22.8887
      vertex 16.775 5 28.125
      vertex 14.5629 5 22.9908
    endloop
  endfacet
  facet normal 0 1 0
    outer loop
      vertex 16.775 5 28.125
      vertex -14.5629 5 22.9908
      vertex -15.085 5 23.025
    endloop
  endfacet
  facet normal 0 1 0
    outer loop
      vertex 13.5543 5 22.7205
      vertex 16.775 5 28.125
      vertex 14.0497 5 22.8887
    endloop
  endfacet
  facet normal 0 1 0
    outer loop
      vertex 16.775 5 28.125
      vertex -14.0497 5 22.8887
      vertex -14.5629 5 22.9908
    endloop
  endfacet
  facet normal 0 1 0
    outer loop
      vertex 13.085 5 22.4891
      vertex 16.775 5 28.125
      vertex 13.5543 5 22.7205
    endloop
  endfacet
  facet normal 0 1 0
    outer loop
      vertex 16.775 5 28.125
      vertex -13.5543 5 22.7205
      vertex -14.0497 5 22.8887
    endloop
  endfacet
  facet normal 0 1 0
    outer loop
      vertex 12.65 5 22.1984
      vertex 16.775 5 28.125
      vertex 13.085 5 22.4891
    endloop
  endfacet
  facet normal 0 1 0
    outer loop
      vertex 16.775 5 28.125
      vertex -13.085 5 22.4891
      vertex -13.5543 5 22.7205
    endloop
  endfacet
  facet normal 0 1 0
    outer loop
      vertex 12.2566 5 21.8534
      vertex 16.775 5 28.125
      vertex 12.65 5 22.1984
    endloop
  endfacet
  facet normal 0 1 0
    outer loop
      vertex 16.775 5 28.125
      vertex -12.65 5 22.1984
      vertex -13.085 5 22.4891
    endloop
  endfacet
  facet normal 0 1 0
    outer loop
      vertex -12.2566 5 21.8534
      vertex 16.775 5 28.125
      vertex 12.2566 5 21.8534
    endloop
  endfacet
  facet normal 0 1 0
    outer loop
      vertex 16.775 5 28.125
      vertex -12.2566 5 21.8534
      vertex -12.65 5 22.1984
    endloop
  endfacet
  facet normal 0 1 -0
    outer loop
      vertex 11.9116 5 21.46
      vertex -12.2566 5 21.8534
      vertex 12.2566 5 21.8534
    endloop
  endfacet
  facet normal 0 1 0
    outer loop
      vertex 11.9116 5 21.46
      vertex -11.9116 5 21.46
      vertex -12.2566 5 21.8534
    endloop
  endfacet
  facet normal 0 1 -0
    outer loop
      vertex 11.6209 5 21.025
      vertex -11.9116 5 21.46
      vertex 11.9116 5 21.46
    endloop
  endfacet
  facet normal 0 1 0
    outer loop
      vertex 11.6209 5 21.025
      vertex -11.6209 5 21.025
      vertex -11.9116 5 21.46
    endloop
  endfacet
  facet normal 0 1 -0
    outer loop
      vertex 11.3895 5 20.5557
      vertex -11.6209 5 21.025
      vertex 11.6209 5 21.025
    endloop
  endfacet
  facet normal 0 1 0
    outer loop
      vertex 11.3895 5 20.5557
      vertex -11.3895 5 20.5557
      vertex -11.6209 5 21.025
    endloop
  endfacet
  facet normal 0 1 -0
    outer loop
      vertex 11.2213 5 20.0603
      vertex -11.3895 5 20.5557
      vertex 11.3895 5 20.5557
    endloop
  endfacet
  facet normal 0 1 0
    outer loop
      vertex 11.2213 5 20.0603
      vertex -11.2213 5 20.0603
      vertex -11.3895 5 20.5557
    endloop
  endfacet
  facet normal 0 1 -0
    outer loop
      vertex 11.1192 5 19.5471
      vertex -11.2213 5 20.0603
      vertex 11.2213 5 20.0603
    endloop
  endfacet
  facet normal 0 1 0
    outer loop
      vertex 11.1192 5 19.5471
      vertex -11.1192 5 19.5471
      vertex -11.2213 5 20.0603
    endloop
  endfacet
  facet normal 0 1 -0
    outer loop
      vertex 11.085 5 19.025
      vertex -11.1192 5 19.5471
      vertex 11.1192 5 19.5471
    endloop
  endfacet
  facet normal 0 1 0
    outer loop
      vertex 11.085 5 19.025
      vertex -11.085 5 19.025
      vertex -11.1192 5 19.5471
    endloop
  endfacet
  facet normal 0 1 0
    outer loop
      vertex 11.1192 5 18.5029
      vertex -11.085 5 19.025
      vertex 11.085 5 19.025
    endloop
  endfacet
  facet normal 0 1 0
    outer loop
      vertex 11.1192 5 18.5029
      vertex -11.1192 5 18.5029
      vertex -11.085 5 19.025
    endloop
  endfacet
  facet normal 0 1 0
    outer loop
      vertex 11.2213 5 17.9897
      vertex -11.1192 5 18.5029
      vertex 11.1192 5 18.5029
    endloop
  endfacet
  facet normal 0 1 0
    outer loop
      vertex 11.2213 5 17.9897
      vertex -11.2213 5 17.9897
      vertex -11.1192 5 18.5029
    endloop
  endfacet
  facet normal 0 1 0
    outer loop
      vertex 11.3895 5 17.4943
      vertex -11.2213 5 17.9897
      vertex 11.2213 5 17.9897
    endloop
  endfacet
  facet normal 0 1 0
    outer loop
      vertex 11.3895 5 17.4943
      vertex -11.3895 5 17.4943
      vertex -11.2213 5 17.9897
    endloop
  endfacet
  facet normal 0 1 0
    outer loop
      vertex 11.6209 5 17.025
      vertex -11.3895 5 17.4943
      vertex 11.3895 5 17.4943
    endloop
  endfacet
  facet normal 0 1 0
    outer loop
      vertex 11.6209 5 17.025
      vertex -11.6209 5 17.025
      vertex -11.3895 5 17.4943
    endloop
  endfacet
  facet normal 0 1 0
    outer loop
      vertex 11.9116 5 16.59
      vertex -11.6209 5 17.025
      vertex 11.6209 5 17.025
    endloop
  endfacet
  facet normal 0 1 0
    outer loop
      vertex 11.9116 5 16.59
      vertex -11.9116 5 16.59
      vertex -11.6209 5 17.025
    endloop
  endfacet
  facet normal 0 1 0
    outer loop
      vertex 12.2566 5 16.1966
      vertex -11.9116 5 16.59
      vertex 11.9116 5 16.59
    endloop
  endfacet
  facet normal 0 1 0
    outer loop
      vertex 12.2566 5 16.1966
      vertex -12.2566 5 16.1966
      vertex -11.9116 5 16.59
    endloop
  endfacet
  facet normal 0 1 0
    outer loop
      vertex 12.65 5 15.8516
      vertex -12.2566 5 16.1966
      vertex 12.2566 5 16.1966
    endloop
  endfacet
  facet normal 0 1 0
    outer loop
      vertex 12.65 5 15.8516
      vertex -12.65 5 15.8516
      vertex -12.2566 5 16.1966
    endloop
  endfacet
  facet normal 0 1 0
    outer loop
      vertex 14.0497 5 15.1613
      vertex 14.0497 5 -15.1613
      vertex 13.5543 5 15.3295
    endloop
  endfacet
  facet normal 0 1 0
    outer loop
      vertex 13.5543 5 -15.3295
      vertex 13.5543 5 15.3295
      vertex 14.0497 5 -15.1613
    endloop
  endfacet
  facet normal 0 1 0
    outer loop
      vertex 14.0497 5 -15.1613
      vertex 14.0497 5 15.1613
      vertex 14.5629 5 -15.0592
    endloop
  endfacet
  facet normal 0 1 0
    outer loop
      vertex 13.5543 5 15.3295
      vertex 13.5543 5 -15.3295
      vertex 13.085 5 15.5609
    endloop
  endfacet
  facet normal 0 1 0
    outer loop
      vertex 14.5629 5 15.0592
      vertex 14.5629 5 -15.0592
      vertex 14.0497 5 15.1613
    endloop
  endfacet
  facet normal 0 1 0
    outer loop
      vertex -12.65 5 15.8516
      vertex -15.085 5 -15.025
      vertex -13.085 5 15.5609
    endloop
  endfacet
  facet normal 0 1 0
    outer loop
      vertex 14.5629 5 -15.0592
      vertex 14.5629 5 15.0592
      vertex 15.085 5 -15.025
    endloop
  endfacet
  facet normal 0 1 0
    outer loop
      vertex -13.085 5 15.5609
      vertex -15.085 5 -15.025
      vertex -13.5543 5 15.3295
    endloop
  endfacet
  facet normal 0 1 -0
    outer loop
      vertex 15.085 5 -15.025
      vertex 14.5629 5 15.0592
      vertex 15.085 5 15.025
    endloop
  endfacet
  facet normal 0 1 0
    outer loop
      vertex -13.5543 5 15.3295
      vertex -15.085 5 -15.025
      vertex -14.0497 5 15.1613
    endloop
  endfacet
  facet normal 0 1 -0
    outer loop
      vertex 16.775 5 50.125
      vertex -15.6071 5 22.9908
      vertex 17.456 5 53.5271
    endloop
  endfacet
  facet normal 0 1 0
    outer loop
      vertex -16.1203 5 22.8887
      vertex 17.456 5 53.5271
      vertex -15.6071 5 22.9908
    endloop
  endfacet
  facet normal 0 1 0
    outer loop
      vertex -24.575 5 21.725
      vertex 17.456 5 53.5271
      vertex -16.1203 5 22.8887
    endloop
  endfacet
  facet normal 0 1 0
    outer loop
      vertex 17.456 5 53.5271
      vertex -24.575 5 21.725
      vertex -50.9722 5 23.6802
    endloop
  endfacet
  facet normal 0 1 0
    outer loop
      vertex -24.575 5 21.725
      vertex -16.1203 5 22.8887
      vertex -16.6157 5 22.7205
    endloop
  endfacet
  facet normal 0 1 0
    outer loop
      vertex -23.1021 5 21.5414
      vertex -16.6157 5 22.7205
      vertex -17.085 5 22.4891
    endloop
  endfacet
  facet normal 0 1 0
    outer loop
      vertex -23.1021 5 21.5414
      vertex -17.085 5 22.4891
      vertex -17.52 5 22.1984
    endloop
  endfacet
  facet normal 0 1 0
    outer loop
      vertex -23.1021 5 21.5414
      vertex -17.52 5 22.1984
      vertex -17.9134 5 21.8534
    endloop
  endfacet
  facet normal 0 1 -0
    outer loop
      vertex -46.375 5 21.725
      vertex -50.9722 5 23.6802
      vertex -24.575 5 21.725
    endloop
  endfacet
  facet normal 0 1 -0
    outer loop
      vertex -48.3232 5 21.3999
      vertex -50.9722 5 23.6802
      vertex -46.375 5 21.725
    endloop
  endfacet
  facet normal 0 1 -0
    outer loop
      vertex -50.0603 5 20.4598
      vertex -50.9722 5 23.6802
      vertex -48.3232 5 21.3999
    endloop
  endfacet
  facet normal 0 1 0
    outer loop
      vertex -50.9722 5 23.6802
      vertex -50.0603 5 20.4598
      vertex -52.5621 5 22.8198
    endloop
  endfacet
  facet normal 0 1 0
    outer loop
      vertex -52.5621 5 22.8198
      vertex -50.0603 5 20.4598
      vertex -53.719 5 21.5631
    endloop
  endfacet
  facet normal 0 1 -0
    outer loop
      vertex -51.398 5 19.0067
      vertex -53.719 5 21.5631
      vertex -50.0603 5 20.4598
    endloop
  endfacet
  facet normal 0 1 0
    outer loop
      vertex -53.719 5 21.5631
      vertex -51.398 5 19.0067
      vertex -54.412 5 19.9833
    endloop
  endfacet
  facet normal 0 1 0
    outer loop
      vertex -51.398 5 19.0067
      vertex -54.575 5 18.6754
      vertex -54.412 5 19.9833
    endloop
  endfacet
  facet normal 0 1 -0
    outer loop
      vertex -52.1914 5 17.1979
      vertex -54.575 5 18.6754
      vertex -51.398 5 19.0067
    endloop
  endfacet
  facet normal 0 1 -0
    outer loop
      vertex -52.375 5 15.725
      vertex -54.575 5 18.6754
      vertex -52.1914 5 17.1979
    endloop
  endfacet
  facet normal 0 1 -0
    outer loop
      vertex -52.375 5 -15.725
      vertex -54.575 5 18.6754
      vertex -52.375 5 15.725
    endloop
  endfacet
  facet normal 0 1 0
    outer loop
      vertex -52.375 5 -15.725
      vertex -54.575 5 -18.6587
      vertex -54.575 5 18.6754
    endloop
  endfacet
  facet normal 0 1 0
    outer loop
      vertex -52.0499 5 -17.6732
      vertex -54.575 5 -18.6587
      vertex -52.375 5 -15.725
    endloop
  endfacet
  facet normal 0 1 0
    outer loop
      vertex -51.1098 5 -19.4103
      vertex -54.575 5 -18.6587
      vertex -52.0499 5 -17.6732
    endloop
  endfacet
  facet normal 0 1 0
    outer loop
      vertex -51.1098 5 -19.4103
      vertex -54.2828 5 -20.4099
      vertex -54.575 5 -18.6587
    endloop
  endfacet
  facet normal 0 1 0
    outer loop
      vertex -52.2131 5 -23.069
      vertex -51.1098 5 -19.4103
      vertex -49.6567 5 -20.748
    endloop
  endfacet
  facet normal 0 1 -0
    outer loop
      vertex -49.3073 5 -23.9272
      vertex -49.6567 5 -20.748
      vertex -47.8479 5 -21.5414
    endloop
  endfacet
  facet normal 0 1 0
    outer loop
      vertex -51.1098 5 -19.4103
      vertex -53.4698 5 -21.9121
      vertex -54.2828 5 -20.4099
    endloop
  endfacet
  facet normal 0 1 0
    outer loop
      vertex -49.3073 5 -23.9272
      vertex -47.8479 5 -21.5414
      vertex -46.375 5 -21.725
    endloop
  endfacet
  facet normal -0 1 0
    outer loop
      vertex -49.3073 5 -23.9272
      vertex -24.575 5 -21.725
      vertex -16.2669 5 -25.425
    endloop
  endfacet
  facet normal 0 1 0
    outer loop
      vertex -16.2669 5 -25.425
      vertex -17.9134 5 -21.8534
      vertex -17.52 5 -22.1984
    endloop
  endfacet
  facet normal 0 1 0
    outer loop
      vertex -16.2669 5 -25.425
      vertex -17.52 5 -22.1984
      vertex -17.085 5 -22.4891
    endloop
  endfacet
  facet normal 0 1 0
    outer loop
      vertex -16.2669 5 -25.425
      vertex -17.085 5 -22.4891
      vertex -16.6157 5 -22.7205
    endloop
  endfacet
  facet normal 0 1 -0
    outer loop
      vertex -16.2669 5 -25.425
      vertex -16.6157 5 -22.7205
      vertex -16.1203 5 -22.8887
    endloop
  endfacet
  facet normal 0 1 0
    outer loop
      vertex -16.2669 5 -25.425
      vertex -16.1203 5 -22.8887
      vertex -15.6071 5 -22.9908
    endloop
  endfacet
  facet normal 0 1 0
    outer loop
      vertex -16.2669 5 -25.425
      vertex -15.6071 5 -22.9908
      vertex -15.085 5 -23.025
    endloop
  endfacet
  facet normal 0 1 0
    outer loop
      vertex -49.6567 5 -20.748
      vertex -49.3073 5 -23.9272
      vertex -50.6333 5 -23.762
    endloop
  endfacet
  facet normal 0 1 -0
    outer loop
      vertex -15.6071 5 -15.0592
      vertex -18.575 5 -14.651
      vertex -15.085 5 -15.025
    endloop
  endfacet
  facet normal 0 1 -0
    outer loop
      vertex -16.1203 5 -15.1613
      vertex -18.575 5 -14.651
      vertex -15.6071 5 -15.0592
    endloop
  endfacet
  facet normal 0 1 -0
    outer loop
      vertex -16.6157 5 -15.3295
      vertex -18.575 5 -14.651
      vertex -16.1203 5 -15.1613
    endloop
  endfacet
  facet normal 0 1 -0
    outer loop
      vertex -17.085 5 -15.5609
      vertex -18.575 5 -14.651
      vertex -16.6157 5 -15.3295
    endloop
  endfacet
  facet normal 0 1 -0
    outer loop
      vertex -17.52 5 -15.8516
      vertex -18.575 5 -14.651
      vertex -17.085 5 -15.5609
    endloop
  endfacet
  facet normal 0 1 0
    outer loop
      vertex -18.575 5 -14.651
      vertex -17.52 5 -15.8516
      vertex -18.6846 5 -14.7352
    endloop
  endfacet
  facet normal 0 1 -0
    outer loop
      vertex -17.9134 5 -16.1966
      vertex -18.6846 5 -14.7352
      vertex -17.52 5 -15.8516
    endloop
  endfacet
  facet normal 0 1 0
    outer loop
      vertex -18.6846 5 -14.7352
      vertex -17.9134 5 -16.1966
      vertex -19.0448 5 -15.0652
    endloop
  endfacet
  facet normal 0 1 0
    outer loop
      vertex -19.0448 5 -15.0652
      vertex -17.9134 5 -16.1966
      vertex -19.3748 5 -15.4254
    endloop
  endfacet
  facet normal 0 1 -0
    outer loop
      vertex -18.2584 5 -16.59
      vertex -19.3748 5 -15.4254
      vertex -17.9134 5 -16.1966
    endloop
  endfacet
  facet normal 0 1 0
    outer loop
      vertex -19.3748 5 -15.4254
      vertex -18.2584 5 -16.59
      vertex -19.6723 5 -15.813
    endloop
  endfacet
  facet normal 0 1 -0
    outer loop
      vertex -18.5491 5 -17.025
      vertex -19.6723 5 -15.813
      vertex -18.2584 5 -16.59
    endloop
  endfacet
  facet normal 0 1 0
    outer loop
      vertex -19.6723 5 -15.813
      vertex -18.5491 5 -17.025
      vertex -19.9347 5 -16.225
    endloop
  endfacet
  facet normal 0 1 0
    outer loop
      vertex -19.9347 5 -16.225
      vertex -18.5491 5 -17.025
      vertex -20.1603 5 -16.6583
    endloop
  endfacet
  facet normal 0 1 -0
    outer loop
      vertex -18.7805 5 -17.4943
      vertex -20.1603 5 -16.6583
      vertex -18.5491 5 -17.025
    endloop
  endfacet
  facet normal 0 1 0
    outer loop
      vertex -20.1603 5 -16.6583
      vertex -18.7805 5 -17.4943
      vertex -20.3473 5 -17.1097
    endloop
  endfacet
  facet normal 0 1 -0
    outer loop
      vertex -18.9487 5 -17.9897
      vertex -20.3473 5 -17.1097
      vertex -18.7805 5 -17.4943
    endloop
  endfacet
  facet normal 0 1 0
    outer loop
      vertex -20.3473 5 -17.1097
      vertex -18.9487 5 -17.9897
      vertex -20.4942 5 -17.5756
    endloop
  endfacet
  facet normal 0 1 0
    outer loop
      vertex -18.9487 5 -17.9897
      vertex -20.5999 5 -18.0526
      vertex -20.4942 5 -17.5756
    endloop
  endfacet
  facet normal 0 1 -0
    outer loop
      vertex -19.0508 5 -18.5029
      vertex -20.5999 5 -18.0526
      vertex -18.9487 5 -17.9897
    endloop
  endfacet
  facet normal 0 1 0
    outer loop
      vertex -19.0508 5 -18.5029
      vertex -20.6637 5 -18.5369
      vertex -20.5999 5 -18.0526
    endloop
  endfacet
  facet normal 0 1 -0
    outer loop
      vertex -19.085 5 -19.025
      vertex -20.6637 5 -18.5369
      vertex -19.0508 5 -18.5029
    endloop
  endfacet
  facet normal 0 1 0
    outer loop
      vertex -19.085 5 -19.025
      vertex -20.685 5 -19.025
      vertex -20.6637 5 -18.5369
    endloop
  endfacet
  facet normal 0 1 0
    outer loop
      vertex -19.085 5 -19.025
      vertex -20.6637 5 -19.5131
      vertex -20.685 5 -19.025
    endloop
  endfacet
  facet normal 0 1 0
    outer loop
      vertex -19.0508 5 -19.5471
      vertex -20.6637 5 -19.5131
      vertex -19.085 5 -19.025
    endloop
  endfacet
  facet normal 0 1 0
    outer loop
      vertex -19.0508 5 -19.5471
      vertex -20.5999 5 -19.9974
      vertex -20.6637 5 -19.5131
    endloop
  endfacet
  facet normal 0 1 0
    outer loop
      vertex -20.5736 5 -20.1164
      vertex -19.0508 5 -19.5471
      vertex -18.9487 5 -20.0603
    endloop
  endfacet
  facet normal 0 1 0
    outer loop
      vertex -19.0508 5 -19.5471
      vertex -20.5736 5 -20.1164
      vertex -20.5999 5 -19.9974
    endloop
  endfacet
  facet normal 0 1 0
    outer loop
      vertex -18.7805 5 -20.5557
      vertex -20.5736 5 -20.1164
      vertex -18.9487 5 -20.0603
    endloop
  endfacet
  facet normal 0 1 0
    outer loop
      vertex -20.5736 5 -20.1164
      vertex -18.7805 5 -20.5557
      vertex -20.8897 5 -20.4598
    endloop
  endfacet
  facet normal 0 1 0
    outer loop
      vertex -18.5491 5 -21.025
      vertex -20.8897 5 -20.4598
      vertex -18.7805 5 -20.5557
    endloop
  endfacet
  facet normal 0 1 0
    outer loop
      vertex -18.2584 5 -21.46
      vertex -20.8897 5 -20.4598
      vertex -18.5491 5 -21.025
    endloop
  endfacet
  facet normal 0 1 0
    outer loop
      vertex -20.8897 5 -20.4598
      vertex -18.2584 5 -21.46
      vertex -22.6268 5 -21.3999
    endloop
  endfacet
  facet normal 0 1 0
    outer loop
      vertex -17.9134 5 -21.8534
      vertex -22.6268 5 -21.3999
      vertex -18.2584 5 -21.46
    endloop
  endfacet
  facet normal 0 1 0
    outer loop
      vertex -22.6268 5 -21.3999
      vertex -16.2669 5 -25.425
      vertex -24.575 5 -21.725
    endloop
  endfacet
  facet normal 0 1 0
    outer loop
      vertex -16.2669 5 -25.425
      vertex -22.6268 5 -21.3999
      vertex -17.9134 5 -21.8534
    endloop
  endfacet
  facet normal 0 1 -0
    outer loop
      vertex 52.575 5 28.125
      vertex 18.375 5 50.125
      vertex 52.575 5 50.125
    endloop
  endfacet
  facet normal 0 1 0
    outer loop
      vertex 18.375 5 50.125
      vertex 52.575 5 28.125
      vertex 18.375 5 28.125
    endloop
  endfacet
  facet normal 0 1 0
    outer loop
      vertex 56.975 5 48.5587
      vertex 54.175 5 50.125
      vertex 56.6828 5 50.3099
    endloop
  endfacet
  facet normal 0 1 -0
    outer loop
      vertex 56.975 5 29.6746
      vertex 54.175 5 50.125
      vertex 56.975 5 48.5587
    endloop
  endfacet
  facet normal 0 1 0
    outer loop
      vertex 54.175 5 28.125
      vertex 56.975 5 29.6746
      vertex 56.812 5 28.3667
    endloop
  endfacet
  facet normal 0 1 0
    outer loop
      vertex 56.975 5 29.6746
      vertex 54.175 5 28.125
      vertex 54.175 5 50.125
    endloop
  endfacet
  facet normal 0 1 0
    outer loop
      vertex 56.0984 5 26.7401
      vertex 52.575 5 28.125
      vertex 54.175 5 28.125
    endloop
  endfacet
  facet normal 0 1 0
    outer loop
      vertex 52.575 5 28.125
      vertex 18.9487 5 20.0603
      vertex 18.375 5 28.125
    endloop
  endfacet
  facet normal 0 1 0
    outer loop
      vertex 18.2584 5 -16.59
      vertex 52.575 5 28.125
      vertex 56.0984 5 26.7401
    endloop
  endfacet
  facet normal 0 1 -0
    outer loop
      vertex 56.0984 5 26.7401
      vertex 54.175 5 28.125
      vertex 56.812 5 28.3667
    endloop
  endfacet
  facet normal 0 1 -0
    outer loop
      vertex 52.575 5 50.125
      vertex 51.7254 5 53.825
      vertex 53.0332 5 53.662
    endloop
  endfacet
  facet normal 0 1 0
    outer loop
      vertex 51.7254 5 53.825
      vertex 52.575 5 50.125
      vertex 19.2413 5 53.825
    endloop
  endfacet
  facet normal 0 1 0
    outer loop
      vertex 52.575 5 50.125
      vertex 53.0332 5 53.662
      vertex 54.6131 5 52.969
    endloop
  endfacet
  facet normal 0 1 0
    outer loop
      vertex 54.175 5 50.125
      vertex 54.6131 5 52.969
      vertex 55.8698 5 51.8121
    endloop
  endfacet
  facet normal 0 1 0
    outer loop
      vertex 54.175 5 50.125
      vertex 55.8698 5 51.8121
      vertex 56.6828 5 50.3099
    endloop
  endfacet
  facet normal 0 1 0
    outer loop
      vertex 54.6131 5 52.969
      vertex 54.175 5 50.125
      vertex 52.575 5 50.125
    endloop
  endfacet
  facet normal 0 1 0
    outer loop
      vertex 19.2413 5 53.825
      vertex 52.575 5 50.125
      vertex 18.375 5 50.125
    endloop
  endfacet
  facet normal 0 1 0
    outer loop
      vertex 19.2413 5 53.825
      vertex 18.375 5 50.125
      vertex 17.456 5 53.5271
    endloop
  endfacet
  facet normal 0 1 0
    outer loop
      vertex 16.775 5 50.125
      vertex 17.456 5 53.5271
      vertex 18.375 5 50.125
    endloop
  endfacet
  facet normal 0 1 0
    outer loop
      vertex -15.6071 5 22.9908
      vertex 16.775 5 50.125
      vertex -15.085 5 23.025
    endloop
  endfacet
  facet normal 0 1 0
    outer loop
      vertex -15.085 5 23.025
      vertex 16.775 5 50.125
      vertex 16.775 5 28.125
    endloop
  endfacet
  facet normal -0 1 -0
    outer loop
      vertex 18.5491 5 21.025
      vertex 18.375 5 28.125
      vertex 18.7805 5 20.5557
    endloop
  endfacet
  facet normal 0 1 0
    outer loop
      vertex 14.5629 5 22.9908
      vertex 16.775 5 28.125
      vertex 15.085 5 23.025
    endloop
  endfacet
  facet normal 0 1 0
    outer loop
      vertex 16.775 5 28.125
      vertex 15.6071 5 22.9908
      vertex 15.085 5 23.025
    endloop
  endfacet
  facet normal 0 1 0
    outer loop
      vertex 16.775 5 28.125
      vertex 16.1203 5 22.8887
      vertex 15.6071 5 22.9908
    endloop
  endfacet
  facet normal 0 1 0
    outer loop
      vertex 16.775 5 28.125
      vertex 16.6157 5 22.7205
      vertex 16.1203 5 22.8887
    endloop
  endfacet
  facet normal 0 1 0
    outer loop
      vertex 18.375 5 28.125
      vertex 16.6157 5 22.7205
      vertex 16.775 5 28.125
    endloop
  endfacet
  facet normal -0 1 0
    outer loop
      vertex 16.6157 5 22.7205
      vertex 18.375 5 28.125
      vertex 17.085 5 22.4891
    endloop
  endfacet
  facet normal -0 1 0
    outer loop
      vertex 17.085 5 22.4891
      vertex 18.375 5 28.125
      vertex 17.52 5 22.1984
    endloop
  endfacet
  facet normal -0 1 0
    outer loop
      vertex 17.52 5 22.1984
      vertex 18.375 5 28.125
      vertex 17.9134 5 21.8534
    endloop
  endfacet
  facet normal -0 1 0
    outer loop
      vertex 17.9134 5 21.8534
      vertex 18.375 5 28.125
      vertex 18.2584 5 21.46
    endloop
  endfacet
  facet normal -0 1 0
    outer loop
      vertex 18.2584 5 21.46
      vertex 18.375 5 28.125
      vertex 18.5491 5 21.025
    endloop
  endfacet
  facet normal 0 1 0
    outer loop
      vertex 18.375 5 28.125
      vertex 18.9487 5 20.0603
      vertex 18.7805 5 20.5557
    endloop
  endfacet
  facet normal 0 1 0
    outer loop
      vertex 52.575 5 28.125
      vertex 19.0508 5 19.5471
      vertex 18.9487 5 20.0603
    endloop
  endfacet
  facet normal 0 1 0
    outer loop
      vertex 52.575 5 28.125
      vertex 19.085 5 19.025
      vertex 19.0508 5 19.5471
    endloop
  endfacet
  facet normal 0 1 0
    outer loop
      vertex 52.575 5 28.125
      vertex 19.0508 5 18.5029
      vertex 19.085 5 19.025
    endloop
  endfacet
  facet normal 0 1 0
    outer loop
      vertex 52.575 5 28.125
      vertex 18.9487 5 17.9897
      vertex 19.0508 5 18.5029
    endloop
  endfacet
  facet normal 0 1 0
    outer loop
      vertex 52.575 5 28.125
      vertex 18.7805 5 17.4943
      vertex 18.9487 5 17.9897
    endloop
  endfacet
  facet normal 0 1 0
    outer loop
      vertex 52.575 5 28.125
      vertex 18.5491 5 17.025
      vertex 18.7805 5 17.4943
    endloop
  endfacet
  facet normal 0 1 0
    outer loop
      vertex 52.575 5 28.125
      vertex 18.2584 5 16.59
      vertex 18.5491 5 17.025
    endloop
  endfacet
  facet normal 0 1 0
    outer loop
      vertex 52.575 5 28.125
      vertex 18.2584 5 -16.59
      vertex 18.2584 5 16.59
    endloop
  endfacet
  facet normal 0 1 0
    outer loop
      vertex 18.2584 5 16.59
      vertex 18.2584 5 -16.59
      vertex 17.9134 5 16.1966
    endloop
  endfacet
  facet normal -0 1 0
    outer loop
      vertex 17.9134 5 -16.1966
      vertex 17.9134 5 16.1966
      vertex 18.2584 5 -16.59
    endloop
  endfacet
  facet normal 0 1 0
    outer loop
      vertex 17.9134 5 16.1966
      vertex 17.9134 5 -16.1966
      vertex 17.52 5 15.8516
    endloop
  endfacet
  facet normal -0 1 0
    outer loop
      vertex 17.52 5 -15.8516
      vertex 17.52 5 15.8516
      vertex 17.9134 5 -16.1966
    endloop
  endfacet
  facet normal 0 1 0
    outer loop
      vertex -14.0497 5 15.1613
      vertex -15.085 5 -15.025
      vertex -14.5629 5 15.0592
    endloop
  endfacet
  facet normal 0 1 0
    outer loop
      vertex -17.52 5 15.8516
      vertex -18.575 5 14.651
      vertex -18.6846 5 14.7352
    endloop
  endfacet
  facet normal 0 1 0
    outer loop
      vertex -15.085 5 15.025
      vertex -18.575 5 -14.651
      vertex -18.575 5 14.651
    endloop
  endfacet
  facet normal 0 1 0
    outer loop
      vertex 15.085 5 -15.025
      vertex 15.085 5 15.025
      vertex 15.6071 5 15.0592
    endloop
  endfacet
  facet normal 0 1 0
    outer loop
      vertex 15.6071 5 -15.0592
      vertex 15.6071 5 15.0592
      vertex 16.1203 5 15.1613
    endloop
  endfacet
  facet normal 0 1 0
    outer loop
      vertex 17.52 5 15.8516
      vertex 17.52 5 -15.8516
      vertex 17.085 5 15.5609
    endloop
  endfacet
  facet normal 0 1 0
    outer loop
      vertex -14.5629 5 15.0592
      vertex -15.085 5 -15.025
      vertex -15.085 5 15.025
    endloop
  endfacet
  facet normal 0 1 0
    outer loop
      vertex -15.085 5 15.025
      vertex -15.085 5 -15.025
      vertex -18.575 5 -14.651
    endloop
  endfacet
  facet normal 0 1 0
    outer loop
      vertex 15.6071 5 15.0592
      vertex 15.6071 5 -15.0592
      vertex 15.085 5 -15.025
    endloop
  endfacet
  facet normal 0 1 0
    outer loop
      vertex 16.1203 5 15.1613
      vertex 16.1203 5 -15.1613
      vertex 15.6071 5 -15.0592
    endloop
  endfacet
  facet normal 0 1 0
    outer loop
      vertex 16.1203 5 15.1613
      vertex 16.6157 5 -15.3295
      vertex 16.1203 5 -15.1613
    endloop
  endfacet
  facet normal 0 1 0
    outer loop
      vertex 16.6157 5 15.3295
      vertex 16.6157 5 -15.3295
      vertex 16.1203 5 15.1613
    endloop
  endfacet
  facet normal -0 1 0
    outer loop
      vertex 16.6157 5 -15.3295
      vertex 16.6157 5 15.3295
      vertex 17.085 5 -15.5609
    endloop
  endfacet
  facet normal 0 1 0
    outer loop
      vertex 17.085 5 15.5609
      vertex 17.085 5 -15.5609
      vertex 16.6157 5 15.3295
    endloop
  endfacet
  facet normal -0 1 0
    outer loop
      vertex 17.085 5 -15.5609
      vertex 17.085 5 15.5609
      vertex 17.52 5 -15.8516
    endloop
  endfacet
  facet normal 0 1 0
    outer loop
      vertex 56.0984 5 26.7401
      vertex 18.5491 5 -17.025
      vertex 18.2584 5 -16.59
    endloop
  endfacet
  facet normal 0 1 0
    outer loop
      vertex 56.0984 5 26.7401
      vertex 18.7805 5 -17.4943
      vertex 18.5491 5 -17.025
    endloop
  endfacet
  facet normal 0 1 0
    outer loop
      vertex 56.0984 5 26.7401
      vertex 18.9487 5 -17.9897
      vertex 18.7805 5 -17.4943
    endloop
  endfacet
  facet normal 0 1 -0
    outer loop
      vertex 20.6854 5 -23.0018
      vertex 18.9487 5 -17.9897
      vertex 56.0984 5 26.7401
    endloop
  endfacet
  facet normal 0 1 0
    outer loop
      vertex 18.9487 5 -17.9897
      vertex 20.6854 5 -23.0018
      vertex 19.0508 5 -18.5029
    endloop
  endfacet
  facet normal 0 1 0
    outer loop
      vertex 19.0508 5 -18.5029
      vertex 20.6854 5 -23.0018
      vertex 19.085 5 -19.025
    endloop
  endfacet
  facet normal 0 1 0
    outer loop
      vertex 19.085 5 -19.025
      vertex 20.6854 5 -23.0018
      vertex 19.0508 5 -19.5471
    endloop
  endfacet
  facet normal 0 1 0
    outer loop
      vertex 19.0508 5 -19.5471
      vertex 20.6854 5 -23.0018
      vertex 18.9487 5 -20.0603
    endloop
  endfacet
  facet normal 0 1 0
    outer loop
      vertex 18.9487 5 -20.0603
      vertex 20.6854 5 -23.0018
      vertex 18.7805 5 -20.5557
    endloop
  endfacet
  facet normal 0 1 0
    outer loop
      vertex 18.7805 5 -20.5557
      vertex 20.6854 5 -23.0018
      vertex 18.5491 5 -21.025
    endloop
  endfacet
  facet normal 0 1 0
    outer loop
      vertex 18.5491 5 -21.025
      vertex 20.6854 5 -23.0018
      vertex 18.2584 5 -21.46
    endloop
  endfacet
  facet normal 0 1 0
    outer loop
      vertex 20.6854 5 -23.0018
      vertex 17.9134 5 -21.8534
      vertex 18.2584 5 -21.46
    endloop
  endfacet
  facet normal 0 1 -0
    outer loop
      vertex 19.4721 5 -24.3198
      vertex 17.9134 5 -21.8534
      vertex 20.6854 5 -23.0018
    endloop
  endfacet
  facet normal 0 1 0
    outer loop
      vertex 17.9134 5 -21.8534
      vertex 19.4721 5 -24.3198
      vertex 17.52 5 -22.1984
    endloop
  endfacet
  facet normal 0 1 0
    outer loop
      vertex 17.52 5 -22.1984
      vertex 19.4721 5 -24.3198
      vertex 17.085 5 -22.4891
    endloop
  endfacet
  facet normal 0 1 -0
    outer loop
      vertex 17.9698 5 -25.1328
      vertex 17.085 5 -22.4891
      vertex 19.4721 5 -24.3198
    endloop
  endfacet
  facet normal 0 1 0
    outer loop
      vertex 17.085 5 -22.4891
      vertex 17.9698 5 -25.1328
      vertex 16.6157 5 -22.7205
    endloop
  endfacet
  facet normal 0 1 0
    outer loop
      vertex 16.2187 5 -25.425
      vertex 16.6157 5 -22.7205
      vertex 17.9698 5 -25.1328
    endloop
  endfacet
  facet normal 0 1 0
    outer loop
      vertex -14.0497 5 -22.8887
      vertex -16.2669 5 -25.425
      vertex -14.5629 5 -22.9908
    endloop
  endfacet
  facet normal 0 1 0
    outer loop
      vertex -24.575 5 -21.725
      vertex -49.3073 5 -23.9272
      vertex -46.375 5 -21.725
    endloop
  endfacet
  facet normal 0 1 0
    outer loop
      vertex 16.6157 5 -22.7205
      vertex 16.2187 5 -25.425
      vertex 16.1203 5 -22.8887
    endloop
  endfacet
  facet normal 0 1 0
    outer loop
      vertex -51.1098 5 -19.4103
      vertex -52.2131 5 -23.069
      vertex -53.4698 5 -21.9121
    endloop
  endfacet
  facet normal 0 1 0
    outer loop
      vertex 16.1203 5 -22.8887
      vertex 16.2187 5 -25.425
      vertex 15.6071 5 -22.9908
    endloop
  endfacet
  facet normal 0 1 0
    outer loop
      vertex 15.6071 5 -22.9908
      vertex 16.2187 5 -25.425
      vertex 15.085 5 -23.025
    endloop
  endfacet
  facet normal 0 1 0
    outer loop
      vertex -14.5629 5 -22.9908
      vertex -16.2669 5 -25.425
      vertex -15.085 5 -23.025
    endloop
  endfacet
  facet normal 0 1 0
    outer loop
      vertex -49.6567 5 -20.748
      vertex -50.6333 5 -23.762
      vertex -52.2131 5 -23.069
    endloop
  endfacet
  facet normal 0 0 1
    outer loop
      vertex 16.175 14.4 50.125
      vertex 17.975 15 50.125
      vertex 16.775 15 50.125
    endloop
  endfacet
  facet normal -0 0 1
    outer loop
      vertex 17.975 12 50.125
      vertex 18.975 5.60001 50.125
      vertex 18.975 12 50.125
    endloop
  endfacet
  facet normal 0 0 1
    outer loop
      vertex 16.175 5.60001 50.125
      vertex 18.975 5.60001 50.125
      vertex 17.975 12 50.125
    endloop
  endfacet
  facet normal 0 0 1
    outer loop
      vertex 17.975 15 50.125
      vertex 16.175 14.4 50.125
      vertex 17.975 12 50.125
    endloop
  endfacet
  facet normal 0 0 1
    outer loop
      vertex 16.175 5.60001 50.125
      vertex 17.975 12 50.125
      vertex 16.175 14.4 50.125
    endloop
  endfacet
  facet normal 0 0 1
    outer loop
      vertex 18.975 5.60001 50.125
      vertex 16.175 5.60001 50.125
      vertex 18.375 5 50.125
    endloop
  endfacet
  facet normal 0 0 1
    outer loop
      vertex 18.375 5 50.125
      vertex 16.175 5.60001 50.125
      vertex 16.775 5 50.125
    endloop
  endfacet
  facet normal -0 0 1
    outer loop
      vertex 52.975 15 50.125
      vertex 54.775 14.4 50.125
      vertex 54.175 15 50.125
    endloop
  endfacet
  facet normal 0 0 1
    outer loop
      vertex 54.775 14.4 50.125
      vertex 52.975 12 50.125
      vertex 54.775 5.60001 50.125
    endloop
  endfacet
  facet normal 0 0 1
    outer loop
      vertex 54.775 14.4 50.125
      vertex 52.975 15 50.125
      vertex 52.975 12 50.125
    endloop
  endfacet
  facet normal 0 0 1
    outer loop
      vertex 51.975 5.60001 50.125
      vertex 54.775 5.60001 50.125
      vertex 52.975 12 50.125
    endloop
  endfacet
  facet normal 0 0 1
    outer loop
      vertex 54.775 5.60001 50.125
      vertex 51.975 5.60001 50.125
      vertex 54.175 5 50.125
    endloop
  endfacet
  facet normal 0 0 1
    outer loop
      vertex 51.975 5.60001 50.125
      vertex 52.975 12 50.125
      vertex 51.975 12 50.125
    endloop
  endfacet
  facet normal 0 0 1
    outer loop
      vertex 54.175 5 50.125
      vertex 51.975 5.60001 50.125
      vertex 52.575 5 50.125
    endloop
  endfacet
  facet normal -0.707107 0.707107 0
    outer loop
      vertex 16.175 14.4 28.125
      vertex 16.775 15 50.125
      vertex 16.775 15 28.125
    endloop
  endfacet
  facet normal -0.707107 0.707107 0
    outer loop
      vertex 16.775 15 50.125
      vertex 16.175 14.4 28.125
      vertex 16.175 14.4 50.125
    endloop
  endfacet
  facet normal 0 0 -1
    outer loop
      vertex 16.175 5.60001 28.125
      vertex 18.975 5.60001 28.125
      vertex 18.375 5 28.125
    endloop
  endfacet
  facet normal 0 0 -1
    outer loop
      vertex 18.975 5.60001 28.125
      vertex 17.975 12 28.125
      vertex 18.975 12 28.125
    endloop
  endfacet
  facet normal 0 0 -1
    outer loop
      vertex 16.175 5.60001 28.125
      vertex 18.375 5 28.125
      vertex 16.775 5 28.125
    endloop
  endfacet
  facet normal 0 0 -1
    outer loop
      vertex 18.975 5.60001 28.125
      vertex 16.175 5.60001 28.125
      vertex 17.975 12 28.125
    endloop
  endfacet
  facet normal 0 0 -1
    outer loop
      vertex 16.175 14.4 28.125
      vertex 17.975 12 28.125
      vertex 16.175 5.60001 28.125
    endloop
  endfacet
  facet normal 0 0 -1
    outer loop
      vertex 17.975 12 28.125
      vertex 16.175 14.4 28.125
      vertex 17.975 15 28.125
    endloop
  endfacet
  facet normal -0 0 -1
    outer loop
      vertex 17.975 15 28.125
      vertex 16.175 14.4 28.125
      vertex 16.775 15 28.125
    endloop
  endfacet
  facet normal 0 0 -1
    outer loop
      vertex 51.975 5.60001 28.125
      vertex 54.775 5.60001 28.125
      vertex 54.175 5 28.125
    endloop
  endfacet
  facet normal 0 0 -1
    outer loop
      vertex 54.775 5.60001 28.125
      vertex 52.975 12 28.125
      vertex 54.775 14.4 28.125
    endloop
  endfacet
  facet normal 0 0 -1
    outer loop
      vertex 52.975 15 28.125
      vertex 54.775 14.4 28.125
      vertex 52.975 12 28.125
    endloop
  endfacet
  facet normal 0 0 -1
    outer loop
      vertex 51.975 5.60001 28.125
      vertex 54.175 5 28.125
      vertex 52.575 5 28.125
    endloop
  endfacet
  facet normal 0 0 -1
    outer loop
      vertex 54.775 5.60001 28.125
      vertex 51.975 5.60001 28.125
      vertex 52.975 12 28.125
    endloop
  endfacet
  facet normal -0 0 -1
    outer loop
      vertex 52.975 12 28.125
      vertex 51.975 5.60001 28.125
      vertex 51.975 12 28.125
    endloop
  endfacet
  facet normal 0 0 -1
    outer loop
      vertex 54.775 14.4 28.125
      vertex 52.975 15 28.125
      vertex 54.175 15 28.125
    endloop
  endfacet
  facet normal 0.707107 0.707107 0
    outer loop
      vertex 54.775 14.4 50.125
      vertex 54.175 15 28.125
      vertex 54.175 15 50.125
    endloop
  endfacet
  facet normal 0.707107 0.707107 0
    outer loop
      vertex 54.175 15 28.125
      vertex 54.775 14.4 50.125
      vertex 54.775 14.4 28.125
    endloop
  endfacet
  facet normal 0.707113 -0.707101 0
    outer loop
      vertex 54.175 5 50.125
      vertex 54.775 5.60001 28.125
      vertex 54.775 5.60001 50.125
    endloop
  endfacet
  facet normal 0.707113 -0.707101 0
    outer loop
      vertex 54.775 5.60001 28.125
      vertex 54.175 5 50.125
      vertex 54.175 5 28.125
    endloop
  endfacet
  facet normal 1 -0 0
    outer loop
      vertex 54.775 5.60001 50.125
      vertex 54.775 14.4 28.125
      vertex 54.775 14.4 50.125
    endloop
  endfacet
  facet normal 1 0 0
    outer loop
      vertex 54.775 14.4 28.125
      vertex 54.775 5.60001 50.125
      vertex 54.775 5.60001 28.125
    endloop
  endfacet
  facet normal -1 0 0
    outer loop
      vertex 51.975 5.60001 28.125
      vertex 51.975 12 50.125
      vertex 51.975 12 28.125
    endloop
  endfacet
  facet normal -1 -0 0
    outer loop
      vertex 51.975 12 50.125
      vertex 51.975 5.60001 28.125
      vertex 51.975 5.60001 50.125
    endloop
  endfacet
  facet normal -0.707113 -0.707101 0
    outer loop
      vertex 52.575 5 28.125
      vertex 51.975 5.60001 50.125
      vertex 51.975 5.60001 28.125
    endloop
  endfacet
  facet normal -0.707113 -0.707101 0
    outer loop
      vertex 51.975 5.60001 50.125
      vertex 52.575 5 28.125
      vertex 52.575 5 50.125
    endloop
  endfacet
  facet normal 0 -1 0
    outer loop
      vertex 18.975 12 28.125
      vertex 51.975 12 50.125
      vertex 18.975 12 50.125
    endloop
  endfacet
  facet normal 0 -1 -0
    outer loop
      vertex 51.975 12 50.125
      vertex 18.975 12 28.125
      vertex 51.975 12 28.125
    endloop
  endfacet
  facet normal 0.707107 -0.707107 0
    outer loop
      vertex 24.125 15 50.125
      vertex 24.325 15.2 28.125
      vertex 24.325 15.2 50.125
    endloop
  endfacet
  facet normal 0.707107 -0.707107 0
    outer loop
      vertex 24.325 15.2 28.125
      vertex 24.125 15 50.125
      vertex 24.125 15 28.125
    endloop
  endfacet
  facet normal 0.707107 0.707107 0
    outer loop
      vertex 24.325 15.35 50.125
      vertex 24.025 15.65 28.125
      vertex 24.025 15.65 50.125
    endloop
  endfacet
  facet normal 0.707107 0.707107 0
    outer loop
      vertex 24.025 15.65 28.125
      vertex 24.325 15.35 50.125
      vertex 24.325 15.35 28.125
    endloop
  endfacet
  facet normal -1 0 0
    outer loop
      vertex 22.925 15.2 28.125
      vertex 22.925 15.35 50.125
      vertex 22.925 15.35 28.125
    endloop
  endfacet
  facet normal -1 -0 0
    outer loop
      vertex 22.925 15.35 50.125
      vertex 22.925 15.2 28.125
      vertex 22.925 15.2 50.125
    endloop
  endfacet
  facet normal 1 -0 0
    outer loop
      vertex 24.325 15.2 50.125
      vertex 24.325 15.35 28.125
      vertex 24.325 15.35 50.125
    endloop
  endfacet
  facet normal 1 0 0
    outer loop
      vertex 24.325 15.35 28.125
      vertex 24.325 15.2 50.125
      vertex 24.325 15.2 28.125
    endloop
  endfacet
  facet normal 0 0 -1
    outer loop
      vertex 24.125 15 28.125
      vertex 24.325 15.35 28.125
      vertex 24.325 15.2 28.125
    endloop
  endfacet
  facet normal 0 0 -1
    outer loop
      vertex 24.125 15 28.125
      vertex 24.025 15.65 28.125
      vertex 24.325 15.35 28.125
    endloop
  endfacet
  facet normal 0 0 -1
    outer loop
      vertex 24.125 15 28.125
      vertex 23.225 15.65 28.125
      vertex 24.025 15.65 28.125
    endloop
  endfacet
  facet normal 0 0 -1
    outer loop
      vertex 23.125 15 28.125
      vertex 23.225 15.65 28.125
      vertex 24.125 15 28.125
    endloop
  endfacet
  facet normal 0 0 -1
    outer loop
      vertex 22.925 15.35 28.125
      vertex 23.125 15 28.125
      vertex 22.925 15.2 28.125
    endloop
  endfacet
  facet normal 0 0 -1
    outer loop
      vertex 23.125 15 28.125
      vertex 22.925 15.35 28.125
      vertex 23.225 15.65 28.125
    endloop
  endfacet
  facet normal 0 1 -0
    outer loop
      vertex 24.025 15.65 28.125
      vertex 23.225 15.65 50.125
      vertex 24.025 15.65 50.125
    endloop
  endfacet
  facet normal 0 1 0
    outer loop
      vertex 23.225 15.65 50.125
      vertex 24.025 15.65 28.125
      vertex 23.225 15.65 28.125
    endloop
  endfacet
  facet normal -0.707107 -0.707107 0
    outer loop
      vertex 23.125 15 28.125
      vertex 22.925 15.2 50.125
      vertex 22.925 15.2 28.125
    endloop
  endfacet
  facet normal -0.707107 -0.707107 0
    outer loop
      vertex 22.925 15.2 50.125
      vertex 23.125 15 28.125
      vertex 23.125 15 50.125
    endloop
  endfacet
  facet normal -0.707107 0.707107 0
    outer loop
      vertex 22.925 15.35 28.125
      vertex 23.225 15.65 50.125
      vertex 23.225 15.65 28.125
    endloop
  endfacet
  facet normal -0.707107 0.707107 0
    outer loop
      vertex 23.225 15.65 50.125
      vertex 22.925 15.35 28.125
      vertex 22.925 15.35 50.125
    endloop
  endfacet
  facet normal 0 0 1
    outer loop
      vertex 24.325 15.35 50.125
      vertex 24.125 15 50.125
      vertex 24.325 15.2 50.125
    endloop
  endfacet
  facet normal 0 0 1
    outer loop
      vertex 24.025 15.65 50.125
      vertex 24.125 15 50.125
      vertex 24.325 15.35 50.125
    endloop
  endfacet
  facet normal -0 0 1
    outer loop
      vertex 23.225 15.65 50.125
      vertex 24.125 15 50.125
      vertex 24.025 15.65 50.125
    endloop
  endfacet
  facet normal 0 0 1
    outer loop
      vertex 23.225 15.65 50.125
      vertex 23.125 15 50.125
      vertex 24.125 15 50.125
    endloop
  endfacet
  facet normal -0 0 1
    outer loop
      vertex 22.925 15.35 50.125
      vertex 23.125 15 50.125
      vertex 23.225 15.65 50.125
    endloop
  endfacet
  facet normal 0 0 1
    outer loop
      vertex 23.125 15 50.125
      vertex 22.925 15.35 50.125
      vertex 22.925 15.2 50.125
    endloop
  endfacet
  facet normal 0.707107 0.707107 0
    outer loop
      vertex 48.025 15.35 50.125
      vertex 47.725 15.65 28.125
      vertex 47.725 15.65 50.125
    endloop
  endfacet
  facet normal 0.707107 0.707107 0
    outer loop
      vertex 47.725 15.65 28.125
      vertex 48.025 15.35 50.125
      vertex 48.025 15.35 28.125
    endloop
  endfacet
  facet normal -1 0 0
    outer loop
      vertex 46.625 15.2 28.125
      vertex 46.625 15.35 50.125
      vertex 46.625 15.35 28.125
    endloop
  endfacet
  facet normal -1 -0 0
    outer loop
      vertex 46.625 15.35 50.125
      vertex 46.625 15.2 28.125
      vertex 46.625 15.2 50.125
    endloop
  endfacet
  facet normal 1 -0 0
    outer loop
      vertex 48.025 15.2 50.125
      vertex 48.025 15.35 28.125
      vertex 48.025 15.35 50.125
    endloop
  endfacet
  facet normal 1 0 0
    outer loop
      vertex 48.025 15.35 28.125
      vertex 48.025 15.2 50.125
      vertex 48.025 15.2 28.125
    endloop
  endfacet
  facet normal 0 0 -1
    outer loop
      vertex 47.825 15 28.125
      vertex 48.025 15.35 28.125
      vertex 48.025 15.2 28.125
    endloop
  endfacet
  facet normal 0 0 -1
    outer loop
      vertex 47.825 15 28.125
      vertex 47.725 15.65 28.125
      vertex 48.025 15.35 28.125
    endloop
  endfacet
  facet normal 0 0 -1
    outer loop
      vertex 47.825 15 28.125
      vertex 46.925 15.65 28.125
      vertex 47.725 15.65 28.125
    endloop
  endfacet
  facet normal 0 0 -1
    outer loop
      vertex 46.825 15 28.125
      vertex 46.925 15.65 28.125
      vertex 47.825 15 28.125
    endloop
  endfacet
  facet normal 0 0 -1
    outer loop
      vertex 46.625 15.35 28.125
      vertex 46.825 15 28.125
      vertex 46.625 15.2 28.125
    endloop
  endfacet
  facet normal 0 0 -1
    outer loop
      vertex 46.825 15 28.125
      vertex 46.625 15.35 28.125
      vertex 46.925 15.65 28.125
    endloop
  endfacet
  facet normal 0 1 -0
    outer loop
      vertex 47.725 15.65 28.125
      vertex 46.925 15.65 50.125
      vertex 47.725 15.65 50.125
    endloop
  endfacet
  facet normal 0 1 0
    outer loop
      vertex 46.925 15.65 50.125
      vertex 47.725 15.65 28.125
      vertex 46.925 15.65 28.125
    endloop
  endfacet
  facet normal -0.707107 -0.707107 0
    outer loop
      vertex 46.825 15 28.125
      vertex 46.625 15.2 50.125
      vertex 46.625 15.2 28.125
    endloop
  endfacet
  facet normal -0.707107 -0.707107 0
    outer loop
      vertex 46.625 15.2 50.125
      vertex 46.825 15 28.125
      vertex 46.825 15 50.125
    endloop
  endfacet
  facet normal 0.707107 -0.707107 0
    outer loop
      vertex 47.825 15 28.125
      vertex 48.025 15.2 50.125
      vertex 47.825 15 50.125
    endloop
  endfacet
  facet normal 0.707107 -0.707107 0
    outer loop
      vertex 48.025 15.2 50.125
      vertex 47.825 15 28.125
      vertex 48.025 15.2 28.125
    endloop
  endfacet
  facet normal -0.707107 0.707107 0
    outer loop
      vertex 46.625 15.35 28.125
      vertex 46.925 15.65 50.125
      vertex 46.925 15.65 28.125
    endloop
  endfacet
  facet normal -0.707107 0.707107 0
    outer loop
      vertex 46.925 15.65 50.125
      vertex 46.625 15.35 28.125
      vertex 46.625 15.35 50.125
    endloop
  endfacet
  facet normal 0 0 1
    outer loop
      vertex 48.025 15.35 50.125
      vertex 47.825 15 50.125
      vertex 48.025 15.2 50.125
    endloop
  endfacet
  facet normal 0 0 1
    outer loop
      vertex 47.725 15.65 50.125
      vertex 47.825 15 50.125
      vertex 48.025 15.35 50.125
    endloop
  endfacet
  facet normal -0 0 1
    outer loop
      vertex 46.925 15.65 50.125
      vertex 47.825 15 50.125
      vertex 47.725 15.65 50.125
    endloop
  endfacet
  facet normal 0 0 1
    outer loop
      vertex 46.925 15.65 50.125
      vertex 46.825 15 50.125
      vertex 47.825 15 50.125
    endloop
  endfacet
  facet normal -0 0 1
    outer loop
      vertex 46.625 15.35 50.125
      vertex 46.825 15 50.125
      vertex 46.925 15.65 50.125
    endloop
  endfacet
  facet normal 0 0 1
    outer loop
      vertex 46.825 15 50.125
      vertex 46.625 15.35 50.125
      vertex 46.625 15.2 50.125
    endloop
  endfacet
  facet normal 0.735747 0 -0.677256
    outer loop
      vertex -20.5736 5 -20.1164
      vertex -20.8897 9.7 -20.4598
      vertex -20.5736 9.7 -20.1164
    endloop
  endfacet
  facet normal 0.735747 0 -0.677256
    outer loop
      vertex -20.8897 9.7 -20.4598
      vertex -20.5736 5 -20.1164
      vertex -20.8897 5 -20.4598
    endloop
  endfacet
  facet normal 0.475959 0 -0.879468
    outer loop
      vertex -22.6268 5 -21.3999
      vertex -20.8897 9.7 -20.4598
      vertex -20.8897 5 -20.4598
    endloop
  endfacet
  facet normal 0.475959 0 -0.879468
    outer loop
      vertex -20.8897 9.7 -20.4598
      vertex -22.6268 5 -21.3999
      vertex -22.6268 9.7 -21.3999
    endloop
  endfacet
  facet normal 0.164596 0 -0.986361
    outer loop
      vertex -24.575 5 -21.725
      vertex -22.6268 9.7 -21.3999
      vertex -22.6268 5 -21.3999
    endloop
  endfacet
  facet normal 0.164596 0 -0.986361
    outer loop
      vertex -22.6268 9.7 -21.3999
      vertex -24.575 5 -21.725
      vertex -24.575 9.7 -21.725
    endloop
  endfacet
  facet normal 0.677291 0 0.735715
    outer loop
      vertex -21.2933 9.7 20.748
      vertex -20.5793 5 20.0907
      vertex -20.5793 9.7 20.0907
    endloop
  endfacet
  facet normal 0.677291 0 0.735715
    outer loop
      vertex -20.5793 5 20.0907
      vertex -21.2933 9.7 20.748
      vertex -21.2933 5 20.748
    endloop
  endfacet
  facet normal -0.99232 0 0.123695
    outer loop
      vertex -52.375 5 15.725
      vertex -52.1914 9.7 17.1979
      vertex -52.375 9.7 15.725
    endloop
  endfacet
  facet normal -0.99232 0 0.123695
    outer loop
      vertex -52.1914 9.7 17.1979
      vertex -52.375 5 15.725
      vertex -52.1914 5 17.1979
    endloop
  endfacet
  facet normal 0 1 0
    outer loop
      vertex -24.575 9.7 21.725
      vertex -34.6688 9.7 17.6854
      vertex -35.475 9.7 17.725
    endloop
  endfacet
  facet normal 0 1 0
    outer loop
      vertex -28.6362 9.7 14.0696
      vertex -20.5999 9.7 18.0526
      vertex -20.4942 9.7 17.5756
    endloop
  endfacet
  facet normal 0 1 0
    outer loop
      vertex -24.575 9.7 21.725
      vertex -33.8704 9.7 17.567
      vertex -34.6688 9.7 17.6854
    endloop
  endfacet
  facet normal 0 1 0
    outer loop
      vertex -24.575 9.7 21.725
      vertex -33.0874 9.7 17.3708
      vertex -33.8704 9.7 17.567
    endloop
  endfacet
  facet normal 0 1 0
    outer loop
      vertex -28.6362 9.7 14.0696
      vertex -20.4942 9.7 17.5756
      vertex -20.3473 9.7 17.1097
    endloop
  endfacet
  facet normal 0 1 0
    outer loop
      vertex -24.575 9.7 21.725
      vertex -32.3274 9.7 17.0989
      vertex -33.0874 9.7 17.3708
    endloop
  endfacet
  facet normal 0 1 0
    outer loop
      vertex -24.575 9.7 21.725
      vertex -31.5978 9.7 16.7538
      vertex -32.3274 9.7 17.0989
    endloop
  endfacet
  facet normal 0 1 0
    outer loop
      vertex -28.2212 9.7 13.3772
      vertex -20.3473 9.7 17.1097
      vertex -20.1603 9.7 16.6583
    endloop
  endfacet
  facet normal 0 1 0
    outer loop
      vertex -24.575 9.7 21.725
      vertex -30.9054 9.7 16.3388
      vertex -31.5978 9.7 16.7538
    endloop
  endfacet
  facet normal 0 1 0
    outer loop
      vertex -27.8761 9.7 12.6476
      vertex -20.1603 9.7 16.6583
      vertex -19.9347 9.7 16.225
    endloop
  endfacet
  facet normal 0 1 0
    outer loop
      vertex -24.575 9.7 21.725
      vertex -30.2571 9.7 15.858
      vertex -30.9054 9.7 16.3388
    endloop
  endfacet
  facet normal 0 1 0
    outer loop
      vertex -27.6042 9.7 11.8876
      vertex -19.9347 9.7 16.225
      vertex -19.6723 9.7 15.813
    endloop
  endfacet
  facet normal 0 1 0
    outer loop
      vertex -27.6042 9.7 11.8876
      vertex -19.6723 9.7 15.813
      vertex -19.3748 9.7 15.4254
    endloop
  endfacet
  facet normal 0 1 0
    outer loop
      vertex -24.575 9.7 21.725
      vertex -29.659 9.7 15.316
      vertex -30.2571 9.7 15.858
    endloop
  endfacet
  facet normal 0 1 0
    outer loop
      vertex -27.408 9.7 11.1046
      vertex -19.3748 9.7 15.4254
      vertex -19.0448 9.7 15.0652
    endloop
  endfacet
  facet normal 0 1 0
    outer loop
      vertex -27.2896 9.7 10.3062
      vertex -19.0448 9.7 15.0652
      vertex -18.6846 9.7 14.7352
    endloop
  endfacet
  facet normal 0 1 0
    outer loop
      vertex -24.575 9.7 21.725
      vertex -29.117 9.7 14.7179
      vertex -29.659 9.7 15.316
    endloop
  endfacet
  facet normal 0 1 0
    outer loop
      vertex -27.2896 9.7 10.3062
      vertex -18.6846 9.7 14.7352
      vertex -18.575 9.7 14.651
    endloop
  endfacet
  facet normal 0 1 0
    outer loop
      vertex -20.5999 9.7 18.0526
      vertex -28.6362 9.7 14.0696
      vertex -29.117 9.7 14.7179
    endloop
  endfacet
  facet normal 0 1 0
    outer loop
      vertex -20.3473 9.7 17.1097
      vertex -28.2212 9.7 13.3772
      vertex -28.6362 9.7 14.0696
    endloop
  endfacet
  facet normal 0 1 0
    outer loop
      vertex -20.1603 9.7 16.6583
      vertex -27.8761 9.7 12.6476
      vertex -28.2212 9.7 13.3772
    endloop
  endfacet
  facet normal 0 1 0
    outer loop
      vertex -19.9347 9.7 16.225
      vertex -27.6042 9.7 11.8876
      vertex -27.8761 9.7 12.6476
    endloop
  endfacet
  facet normal 0 1 0
    outer loop
      vertex -19.3748 9.7 15.4254
      vertex -27.408 9.7 11.1046
      vertex -27.6042 9.7 11.8876
    endloop
  endfacet
  facet normal 0 1 0
    outer loop
      vertex -19.0448 9.7 15.0652
      vertex -27.2896 9.7 10.3062
      vertex -27.408 9.7 11.1046
    endloop
  endfacet
  facet normal 0 1 0
    outer loop
      vertex -18.575 9.7 14.651
      vertex -27.25 9.7 9.5
      vertex -27.2896 9.7 10.3062
    endloop
  endfacet
  facet normal 0 1 0
    outer loop
      vertex -18.575 9.7 14.651
      vertex -27.2896 9.7 8.69381
      vertex -27.25 9.7 9.5
    endloop
  endfacet
  facet normal 0 1 0
    outer loop
      vertex -18.575 9.7 14.651
      vertex -27.408 9.7 7.89538
      vertex -27.2896 9.7 8.69381
    endloop
  endfacet
  facet normal 0 1 0
    outer loop
      vertex -18.575 9.7 14.651
      vertex -27.6042 9.7 7.11241
      vertex -27.408 9.7 7.89538
    endloop
  endfacet
  facet normal 0 1 0
    outer loop
      vertex -18.575 9.7 14.651
      vertex -27.8761 9.7 6.35243
      vertex -27.6042 9.7 7.11241
    endloop
  endfacet
  facet normal 0 1 -0
    outer loop
      vertex -18.575 9.7 -14.651
      vertex -27.8761 9.7 6.35243
      vertex -18.575 9.7 14.651
    endloop
  endfacet
  facet normal 0 1 0
    outer loop
      vertex -27.8761 9.7 6.35243
      vertex -18.575 9.7 -14.651
      vertex -28.2212 9.7 5.62276
    endloop
  endfacet
  facet normal 0 1 0
    outer loop
      vertex -28.2212 9.7 5.62276
      vertex -18.575 9.7 -14.651
      vertex -28.6362 9.7 4.93043
    endloop
  endfacet
  facet normal 0 1 0
    outer loop
      vertex -28.6362 9.7 4.93043
      vertex -18.575 9.7 -14.651
      vertex -29.117 9.7 4.28211
    endloop
  endfacet
  facet normal 0 1 0
    outer loop
      vertex -30.9054 9.7 2.66116
      vertex -30.9997 9.7 -9.97038
      vertex -30.9997 9.7 2.60469
    endloop
  endfacet
  facet normal 0 1 0
    outer loop
      vertex -30.2571 9.7 3.14199
      vertex -30.9997 9.7 -9.97038
      vertex -30.9054 9.7 2.66116
    endloop
  endfacet
  facet normal 0 1 0
    outer loop
      vertex -29.659 9.7 3.68405
      vertex -30.9997 9.7 -9.97038
      vertex -30.2571 9.7 3.14199
    endloop
  endfacet
  facet normal 0 1 0
    outer loop
      vertex -29.117 9.7 4.28211
      vertex -18.575 9.7 -14.651
      vertex -29.659 9.7 3.68405
    endloop
  endfacet
  facet normal 0 1 0
    outer loop
      vertex -29.659 9.7 3.68405
      vertex -18.575 9.7 -14.651
      vertex -30.9997 9.7 -9.97038
    endloop
  endfacet
  facet normal 0 1 -0
    outer loop
      vertex -19.6723 9.7 -15.813
      vertex -30.9997 9.7 -9.97038
      vertex -19.3748 9.7 -15.4254
    endloop
  endfacet
  facet normal 0 1 -0
    outer loop
      vertex -19.3748 9.7 -15.4254
      vertex -30.9997 9.7 -9.97038
      vertex -19.0448 9.7 -15.0652
    endloop
  endfacet
  facet normal 0 1 -0
    outer loop
      vertex -19.0448 9.7 -15.0652
      vertex -30.9997 9.7 -9.97038
      vertex -18.6846 9.7 -14.7352
    endloop
  endfacet
  facet normal 0 1 -0
    outer loop
      vertex -18.6846 9.7 -14.7352
      vertex -30.9997 9.7 -9.97038
      vertex -18.575 9.7 -14.651
    endloop
  endfacet
  facet normal 0 1 0
    outer loop
      vertex -20.6637 9.7 18.5369
      vertex -24.575 9.7 21.725
      vertex -23.1021 9.7 21.5414
    endloop
  endfacet
  facet normal 0 1 0
    outer loop
      vertex -24.575 9.7 21.725
      vertex -35.475 9.7 17.725
      vertex -46.375 9.7 21.725
    endloop
  endfacet
  facet normal 0 1 0
    outer loop
      vertex -20.685 9.7 19.025
      vertex -23.1021 9.7 21.5414
      vertex -21.2933 9.7 20.748
    endloop
  endfacet
  facet normal 0 1 -0
    outer loop
      vertex -36.2812 9.7 17.6854
      vertex -46.375 9.7 21.725
      vertex -35.475 9.7 17.725
    endloop
  endfacet
  facet normal 0 1 -0
    outer loop
      vertex -20.5999 9.7 19.9974
      vertex -21.2933 9.7 20.748
      vertex -20.5793 9.7 20.0907
    endloop
  endfacet
  facet normal 0 1 -0
    outer loop
      vertex -20.6637 9.7 19.5131
      vertex -21.2933 9.7 20.748
      vertex -20.5999 9.7 19.9974
    endloop
  endfacet
  facet normal 0 1 -0
    outer loop
      vertex -20.685 9.7 19.025
      vertex -21.2933 9.7 20.748
      vertex -20.6637 9.7 19.5131
    endloop
  endfacet
  facet normal 0 1 0
    outer loop
      vertex -23.1021 9.7 21.5414
      vertex -20.685 9.7 19.025
      vertex -20.6637 9.7 18.5369
    endloop
  endfacet
  facet normal 0 1 -0
    outer loop
      vertex -37.0796 9.7 17.567
      vertex -46.375 9.7 21.725
      vertex -36.2812 9.7 17.6854
    endloop
  endfacet
  facet normal 0 1 0
    outer loop
      vertex -24.575 9.7 21.725
      vertex -20.6637 9.7 18.5369
      vertex -20.5999 9.7 18.0526
    endloop
  endfacet
  facet normal 0 1 0
    outer loop
      vertex -29.117 9.7 14.7179
      vertex -24.575 9.7 21.725
      vertex -20.5999 9.7 18.0526
    endloop
  endfacet
  facet normal 0 1 -0
    outer loop
      vertex -37.8626 9.7 17.3708
      vertex -46.375 9.7 21.725
      vertex -37.0796 9.7 17.567
    endloop
  endfacet
  facet normal 0 1 -0
    outer loop
      vertex -38.6226 9.7 17.0989
      vertex -46.375 9.7 21.725
      vertex -37.8626 9.7 17.3708
    endloop
  endfacet
  facet normal 0 1 -0
    outer loop
      vertex -39.3522 9.7 16.7538
      vertex -46.375 9.7 21.725
      vertex -38.6226 9.7 17.0989
    endloop
  endfacet
  facet normal 0 1 -0
    outer loop
      vertex -40.0446 9.7 16.3388
      vertex -46.375 9.7 21.725
      vertex -39.3522 9.7 16.7538
    endloop
  endfacet
  facet normal 0 1 -0
    outer loop
      vertex -40.6929 9.7 15.858
      vertex -46.375 9.7 21.725
      vertex -40.0446 9.7 16.3388
    endloop
  endfacet
  facet normal 0 1 -0
    outer loop
      vertex -41.291 9.7 15.316
      vertex -46.375 9.7 21.725
      vertex -40.6929 9.7 15.858
    endloop
  endfacet
  facet normal 0 1 -0
    outer loop
      vertex -41.833 9.7 14.7179
      vertex -46.375 9.7 21.725
      vertex -41.291 9.7 15.316
    endloop
  endfacet
  facet normal 0 1 -0
    outer loop
      vertex -42.3138 9.7 14.0696
      vertex -46.375 9.7 21.725
      vertex -41.833 9.7 14.7179
    endloop
  endfacet
  facet normal 0 1 0
    outer loop
      vertex -46.375 9.7 21.725
      vertex -42.3138 9.7 14.0696
      vertex -48.3232 9.7 21.3999
    endloop
  endfacet
  facet normal 0 1 0
    outer loop
      vertex -48.3232 9.7 21.3999
      vertex -42.3138 9.7 14.0696
      vertex -50.0603 9.7 20.4598
    endloop
  endfacet
  facet normal 0 1 -0
    outer loop
      vertex -42.7288 9.7 13.3772
      vertex -50.0603 9.7 20.4598
      vertex -42.3138 9.7 14.0696
    endloop
  endfacet
  facet normal 0 1 0
    outer loop
      vertex -50.0603 9.7 20.4598
      vertex -42.7288 9.7 13.3772
      vertex -51.398 9.7 19.0067
    endloop
  endfacet
  facet normal 0 1 0
    outer loop
      vertex -51.398 9.7 19.0067
      vertex -42.7288 9.7 13.3772
      vertex -52.1914 9.7 17.1979
    endloop
  endfacet
  facet normal 0 1 0
    outer loop
      vertex -52.1914 9.7 17.1979
      vertex -42.7288 9.7 13.3772
      vertex -52.375 9.7 15.725
    endloop
  endfacet
  facet normal 0 1 -0
    outer loop
      vertex -43.0739 9.7 12.6476
      vertex -52.375 9.7 15.725
      vertex -42.7288 9.7 13.3772
    endloop
  endfacet
  facet normal 0 1 -0
    outer loop
      vertex -43.3458 9.7 11.8876
      vertex -52.375 9.7 15.725
      vertex -43.0739 9.7 12.6476
    endloop
  endfacet
  facet normal 0 1 -0
    outer loop
      vertex -43.542 9.7 11.1046
      vertex -52.375 9.7 15.725
      vertex -43.3458 9.7 11.8876
    endloop
  endfacet
  facet normal 0 1 -0
    outer loop
      vertex -43.6604 9.7 10.3062
      vertex -52.375 9.7 15.725
      vertex -43.542 9.7 11.1046
    endloop
  endfacet
  facet normal 0 1 -0
    outer loop
      vertex -43.7 9.7 9.5
      vertex -52.375 9.7 15.725
      vertex -43.6604 9.7 10.3062
    endloop
  endfacet
  facet normal 0 1 0
    outer loop
      vertex -43.6604 9.7 8.69381
      vertex -52.375 9.7 15.725
      vertex -43.7 9.7 9.5
    endloop
  endfacet
  facet normal 0 1 0
    outer loop
      vertex -43.542 9.7 7.89538
      vertex -52.375 9.7 15.725
      vertex -43.6604 9.7 8.69381
    endloop
  endfacet
  facet normal 0 1 0
    outer loop
      vertex -43.3458 9.7 7.11241
      vertex -52.375 9.7 15.725
      vertex -43.542 9.7 7.89538
    endloop
  endfacet
  facet normal 0 1 0
    outer loop
      vertex -43.0739 9.7 6.35243
      vertex -52.375 9.7 15.725
      vertex -43.3458 9.7 7.11241
    endloop
  endfacet
  facet normal 0 1 0
    outer loop
      vertex -52.375 9.7 -15.725
      vertex -43.0739 9.7 6.35243
      vertex -42.7288 9.7 5.62276
    endloop
  endfacet
  facet normal 0 1 0
    outer loop
      vertex -52.375 9.7 -15.725
      vertex -42.7288 9.7 5.62276
      vertex -42.3138 9.7 4.93043
    endloop
  endfacet
  facet normal 0 1 0
    outer loop
      vertex -52.375 9.7 -15.725
      vertex -42.3138 9.7 4.93043
      vertex -41.833 9.7 4.28211
    endloop
  endfacet
  facet normal 0 1 0
    outer loop
      vertex -52.375 9.7 -15.725
      vertex -41.833 9.7 4.28211
      vertex -41.291 9.7 3.68405
    endloop
  endfacet
  facet normal 0 1 -0
    outer loop
      vertex -39.9503 9.7 -9.97038
      vertex -40.0446 9.7 2.66116
      vertex -39.9503 9.7 2.60469
    endloop
  endfacet
  facet normal 0 1 0
    outer loop
      vertex -39.9503 9.7 -9.97038
      vertex -40.6929 9.7 3.14199
      vertex -40.0446 9.7 2.66116
    endloop
  endfacet
  facet normal 0 1 0
    outer loop
      vertex -39.9503 9.7 -9.97038
      vertex -41.291 9.7 3.68405
      vertex -40.6929 9.7 3.14199
    endloop
  endfacet
  facet normal 0 1 0
    outer loop
      vertex -52.375 9.7 -15.725
      vertex -41.291 9.7 3.68405
      vertex -39.9503 9.7 -9.97038
    endloop
  endfacet
  facet normal 0 1 0
    outer loop
      vertex -52.375 9.7 -15.725
      vertex -39.9503 9.7 -9.97038
      vertex -39.3721 9.7 -11.75
    endloop
  endfacet
  facet normal 0 1 -0
    outer loop
      vertex -19.9347 9.7 -16.225
      vertex -30.9997 9.7 -9.97038
      vertex -19.6723 9.7 -15.813
    endloop
  endfacet
  facet normal 0 1 0
    outer loop
      vertex -30.9997 9.7 -9.97038
      vertex -19.9347 9.7 -16.225
      vertex -31.5779 9.7 -11.75
    endloop
  endfacet
  facet normal 0 1 -0
    outer loop
      vertex -20.1603 9.7 -16.6583
      vertex -31.5779 9.7 -11.75
      vertex -19.9347 9.7 -16.225
    endloop
  endfacet
  facet normal 0 1 0
    outer loop
      vertex -43.0739 9.7 6.35243
      vertex -52.375 9.7 -15.725
      vertex -52.375 9.7 15.725
    endloop
  endfacet
  facet normal 0 1 0
    outer loop
      vertex -46.375 9.7 -21.725
      vertex -39.3721 9.7 -11.75
      vertex -38.12 9.7 -13.1406
    endloop
  endfacet
  facet normal 0 1 0
    outer loop
      vertex -46.375 9.7 -21.725
      vertex -38.12 9.7 -13.1406
      vertex -36.4106 9.7 -13.9017
    endloop
  endfacet
  facet normal 0 1 -0
    outer loop
      vertex -20.3473 9.7 -17.1097
      vertex -31.5779 9.7 -11.75
      vertex -20.1603 9.7 -16.6583
    endloop
  endfacet
  facet normal 0 1 -0
    outer loop
      vertex -20.4942 9.7 -17.5756
      vertex -31.5779 9.7 -11.75
      vertex -20.3473 9.7 -17.1097
    endloop
  endfacet
  facet normal 0 1 -0
    outer loop
      vertex -24.575 9.7 -21.725
      vertex -31.5779 9.7 -11.75
      vertex -20.4942 9.7 -17.5756
    endloop
  endfacet
  facet normal 0 1 0
    outer loop
      vertex -32.83 9.7 -13.1406
      vertex -24.575 9.7 -21.725
      vertex -34.5394 9.7 -13.9017
    endloop
  endfacet
  facet normal 0 1 0
    outer loop
      vertex -34.5394 9.7 -13.9017
      vertex -24.575 9.7 -21.725
      vertex -36.4106 9.7 -13.9017
    endloop
  endfacet
  facet normal 0 1 0
    outer loop
      vertex -31.5779 9.7 -11.75
      vertex -24.575 9.7 -21.725
      vertex -32.83 9.7 -13.1406
    endloop
  endfacet
  facet normal 0 1 0
    outer loop
      vertex -39.3721 9.7 -11.75
      vertex -46.375 9.7 -21.725
      vertex -52.375 9.7 -15.725
    endloop
  endfacet
  facet normal 0 1 0
    outer loop
      vertex -24.575 9.7 -21.725
      vertex -20.4942 9.7 -17.5756
      vertex -20.5999 9.7 -18.0526
    endloop
  endfacet
  facet normal 0 1 0
    outer loop
      vertex -24.575 9.7 -21.725
      vertex -20.5999 9.7 -18.0526
      vertex -20.6637 9.7 -18.5369
    endloop
  endfacet
  facet normal 0 1 0
    outer loop
      vertex -22.6268 9.7 -21.3999
      vertex -20.6637 9.7 -18.5369
      vertex -20.685 9.7 -19.025
    endloop
  endfacet
  facet normal 0 1 0
    outer loop
      vertex -52.375 9.7 -15.725
      vertex -46.375 9.7 -21.725
      vertex -52.0499 9.7 -17.6732
    endloop
  endfacet
  facet normal 0 1 0
    outer loop
      vertex -22.6268 9.7 -21.3999
      vertex -20.685 9.7 -19.025
      vertex -20.6637 9.7 -19.5131
    endloop
  endfacet
  facet normal 0 1 0
    outer loop
      vertex -20.8897 9.7 -20.4598
      vertex -20.6637 9.7 -19.5131
      vertex -20.5999 9.7 -19.9974
    endloop
  endfacet
  facet normal 0 1 0
    outer loop
      vertex -20.8897 9.7 -20.4598
      vertex -20.5999 9.7 -19.9974
      vertex -20.5736 9.7 -20.1164
    endloop
  endfacet
  facet normal 0 1 0
    outer loop
      vertex -20.6637 9.7 -19.5131
      vertex -20.8897 9.7 -20.4598
      vertex -22.6268 9.7 -21.3999
    endloop
  endfacet
  facet normal 0 1 0
    outer loop
      vertex -36.4106 9.7 -13.9017
      vertex -24.575 9.7 -21.725
      vertex -46.375 9.7 -21.725
    endloop
  endfacet
  facet normal 0 1 0
    outer loop
      vertex -20.6637 9.7 -18.5369
      vertex -22.6268 9.7 -21.3999
      vertex -24.575 9.7 -21.725
    endloop
  endfacet
  facet normal 0 1 0
    outer loop
      vertex -52.0499 9.7 -17.6732
      vertex -46.375 9.7 -21.725
      vertex -51.1098 9.7 -19.4103
    endloop
  endfacet
  facet normal 0 1 0
    outer loop
      vertex -51.1098 9.7 -19.4103
      vertex -46.375 9.7 -21.725
      vertex -49.6567 9.7 -20.748
    endloop
  endfacet
  facet normal 0 1 0
    outer loop
      vertex -49.6567 9.7 -20.748
      vertex -46.375 9.7 -21.725
      vertex -47.8479 9.7 -21.5414
    endloop
  endfacet
  facet normal -1 0 0
    outer loop
      vertex -52.375 5 -15.725
      vertex -52.375 9.7 15.725
      vertex -52.375 9.7 -15.725
    endloop
  endfacet
  facet normal -1 -0 0
    outer loop
      vertex -52.375 9.7 15.725
      vertex -52.375 5 -15.725
      vertex -52.375 5 15.725
    endloop
  endfacet
  facet normal -0.879468 0 -0.475959
    outer loop
      vertex -51.1098 5 -19.4103
      vertex -52.0499 9.7 -17.6732
      vertex -51.1098 9.7 -19.4103
    endloop
  endfacet
  facet normal -0.879468 -0 -0.475959
    outer loop
      vertex -52.0499 9.7 -17.6732
      vertex -51.1098 5 -19.4103
      vertex -52.0499 5 -17.6732
    endloop
  endfacet
  facet normal 0 -1 0
    outer loop
      vertex -13.96 0 -17.0764
      vertex -13.96 0 17.0764
      vertex -14.224 0 -16.9463
    endloop
  endfacet
  facet normal 0 -1 0
    outer loop
      vertex 13.7153 0 17.24
      vertex 14.7913 0 -16.7943
      vertex 15.085 0 -16.775
    endloop
  endfacet
  facet normal 0 -1 0
    outer loop
      vertex -13.96 0 17.0764
      vertex -13.96 0 -17.0764
      vertex -13.7153 0 17.24
    endloop
  endfacet
  facet normal 0 -1 0
    outer loop
      vertex 13.7153 0 17.24
      vertex 14.5027 0 -16.8517
      vertex 14.7913 0 -16.7943
    endloop
  endfacet
  facet normal 0 -1 0
    outer loop
      vertex -13.7153 0 -17.24
      vertex -13.7153 0 17.24
      vertex -13.96 0 -17.0764
    endloop
  endfacet
  facet normal 0 -1 0
    outer loop
      vertex 13.7153 0 17.24
      vertex 14.224 0 -16.9463
      vertex 14.5027 0 -16.8517
    endloop
  endfacet
  facet normal 0 -1 0
    outer loop
      vertex -13.7153 0 17.24
      vertex -13.7153 0 -17.24
      vertex 13.7153 0 17.24
    endloop
  endfacet
  facet normal 0 -1 0
    outer loop
      vertex 13.7153 0 17.24
      vertex 13.96 0 -17.0764
      vertex 14.224 0 -16.9463
    endloop
  endfacet
  facet normal 0 -1 0
    outer loop
      vertex 13.7153 0 -17.24
      vertex 13.7153 0 17.24
      vertex -13.7153 0 -17.24
    endloop
  endfacet
  facet normal 0 -1 0
    outer loop
      vertex 13.7153 0 17.24
      vertex 13.7153 0 -17.24
      vertex 13.96 0 -17.0764
    endloop
  endfacet
  facet normal 0 -1 0
    outer loop
      vertex -13.494 0 -17.434
      vertex 13.7153 0 -17.24
      vertex -13.7153 0 -17.24
    endloop
  endfacet
  facet normal 0 -1 0
    outer loop
      vertex -13.494 0 -17.434
      vertex 13.494 0 -17.434
      vertex 13.7153 0 -17.24
    endloop
  endfacet
  facet normal 0 -1 0
    outer loop
      vertex -13.3 0 -17.6553
      vertex 13.494 0 -17.434
      vertex -13.494 0 -17.434
    endloop
  endfacet
  facet normal 0 -1 0
    outer loop
      vertex -13.3 0 -17.6553
      vertex 13.3 0 -17.6553
      vertex 13.494 0 -17.434
    endloop
  endfacet
  facet normal 0 -1 0
    outer loop
      vertex -13.1364 0 -17.9
      vertex 13.3 0 -17.6553
      vertex -13.3 0 -17.6553
    endloop
  endfacet
  facet normal 0 -1 0
    outer loop
      vertex -13.1364 0 -17.9
      vertex 13.1364 0 -17.9
      vertex 13.3 0 -17.6553
    endloop
  endfacet
  facet normal 0 -1 0
    outer loop
      vertex -13.0063 0 -18.164
      vertex 13.1364 0 -17.9
      vertex -13.1364 0 -17.9
    endloop
  endfacet
  facet normal 0 -1 0
    outer loop
      vertex -13.0063 0 -18.164
      vertex 13.0063 0 -18.164
      vertex 13.1364 0 -17.9
    endloop
  endfacet
  facet normal 0 -1 0
    outer loop
      vertex -12.9117 0 -18.4427
      vertex 13.0063 0 -18.164
      vertex -13.0063 0 -18.164
    endloop
  endfacet
  facet normal 0 -1 0
    outer loop
      vertex -12.9117 0 -18.4427
      vertex 12.9117 0 -18.4427
      vertex 13.0063 0 -18.164
    endloop
  endfacet
  facet normal 0 -1 0
    outer loop
      vertex -12.8542 0 -18.7313
      vertex 12.9117 0 -18.4427
      vertex -12.9117 0 -18.4427
    endloop
  endfacet
  facet normal 0 -1 0
    outer loop
      vertex -12.8542 0 -18.7313
      vertex 12.8542 0 -18.7313
      vertex 12.9117 0 -18.4427
    endloop
  endfacet
  facet normal 0 -1 0
    outer loop
      vertex -12.835 0 -19.025
      vertex 12.8542 0 -18.7313
      vertex -12.8542 0 -18.7313
    endloop
  endfacet
  facet normal 0 -1 0
    outer loop
      vertex -12.835 0 -19.025
      vertex 12.835 0 -19.025
      vertex 12.8542 0 -18.7313
    endloop
  endfacet
  facet normal 0 -1 0
    outer loop
      vertex -12.8542 0 -19.3187
      vertex 12.835 0 -19.025
      vertex -12.835 0 -19.025
    endloop
  endfacet
  facet normal 0 -1 0
    outer loop
      vertex -12.8542 0 -19.3187
      vertex 12.8542 0 -19.3187
      vertex 12.835 0 -19.025
    endloop
  endfacet
  facet normal 0 -1 0
    outer loop
      vertex -12.9117 0 -19.6073
      vertex 12.8542 0 -19.3187
      vertex -12.8542 0 -19.3187
    endloop
  endfacet
  facet normal 0 -1 0
    outer loop
      vertex -12.9117 0 -19.6073
      vertex 12.9117 0 -19.6073
      vertex 12.8542 0 -19.3187
    endloop
  endfacet
  facet normal 0 -1 0
    outer loop
      vertex -13.0063 0 -19.886
      vertex 12.9117 0 -19.6073
      vertex -12.9117 0 -19.6073
    endloop
  endfacet
  facet normal 0 -1 0
    outer loop
      vertex -13.0063 0 -19.886
      vertex 13.0063 0 -19.886
      vertex 12.9117 0 -19.6073
    endloop
  endfacet
  facet normal 0 -1 0
    outer loop
      vertex -13.1364 0 -20.15
      vertex 13.0063 0 -19.886
      vertex -13.0063 0 -19.886
    endloop
  endfacet
  facet normal 0 -1 0
    outer loop
      vertex -13.1364 0 -20.15
      vertex 13.1364 0 -20.15
      vertex 13.0063 0 -19.886
    endloop
  endfacet
  facet normal 0 -1 0
    outer loop
      vertex -13.3 0 -20.3947
      vertex 13.1364 0 -20.15
      vertex -13.1364 0 -20.15
    endloop
  endfacet
  facet normal 0 -1 0
    outer loop
      vertex -13.3 0 -20.3947
      vertex 13.3 0 -20.3947
      vertex 13.1364 0 -20.15
    endloop
  endfacet
  facet normal 0 -1 0
    outer loop
      vertex -16.285 0 -26.225
      vertex -13.3 0 -20.3947
      vertex -13.494 0 -20.616
    endloop
  endfacet
  facet normal 0 -1 -0
    outer loop
      vertex -13.3 0 -20.3947
      vertex -16.285 0 -26.225
      vertex 13.3 0 -20.3947
    endloop
  endfacet
  facet normal 0 -1 0
    outer loop
      vertex -16.285 0 -26.225
      vertex -13.494 0 -20.616
      vertex -13.7153 0 -20.81
    endloop
  endfacet
  facet normal 0 -1 0
    outer loop
      vertex 16.285 0 -26.225
      vertex 13.3 0 -20.3947
      vertex -16.285 0 -26.225
    endloop
  endfacet
  facet normal 0 -1 0
    outer loop
      vertex -16.285 0 -26.225
      vertex -13.7153 0 -20.81
      vertex -13.96 0 -20.9736
    endloop
  endfacet
  facet normal 0 -1 0
    outer loop
      vertex 13.3 0 -20.3947
      vertex 16.285 0 -26.225
      vertex 13.494 0 -20.616
    endloop
  endfacet
  facet normal 0 -1 0
    outer loop
      vertex -16.285 0 -26.225
      vertex -13.96 0 -20.9736
      vertex -14.224 0 -21.1037
    endloop
  endfacet
  facet normal 0 -1 0
    outer loop
      vertex 13.494 0 -20.616
      vertex 16.285 0 -26.225
      vertex 13.7153 0 -20.81
    endloop
  endfacet
  facet normal 0 -1 0
    outer loop
      vertex -16.285 0 -26.225
      vertex -14.224 0 -21.1037
      vertex -14.5027 0 -21.1983
    endloop
  endfacet
  facet normal 0 -1 0
    outer loop
      vertex 13.7153 0 -20.81
      vertex 16.285 0 -26.225
      vertex 13.96 0 -20.9736
    endloop
  endfacet
  facet normal 0 -1 0
    outer loop
      vertex -16.285 0 -26.225
      vertex -14.5027 0 -21.1983
      vertex -14.7913 0 -21.2558
    endloop
  endfacet
  facet normal 0 -1 0
    outer loop
      vertex 13.96 0 -20.9736
      vertex 16.285 0 -26.225
      vertex 14.224 0 -21.1037
    endloop
  endfacet
  facet normal 0 -1 0
    outer loop
      vertex -16.285 0 -26.225
      vertex -14.7913 0 -21.2558
      vertex -15.085 0 -21.275
    endloop
  endfacet
  facet normal 0 -1 0
    outer loop
      vertex 14.224 0 -21.1037
      vertex 16.285 0 -26.225
      vertex 14.5027 0 -21.1983
    endloop
  endfacet
  facet normal 0 -1 0
    outer loop
      vertex -14.5027 0 21.1983
      vertex 17.2268 0 54.2999
      vertex -14.7913 0 21.2558
    endloop
  endfacet
  facet normal 0 -1 0
    outer loop
      vertex 17.2268 0 54.2999
      vertex 14.7913 0 21.2558
      vertex 15.085 0 21.275
    endloop
  endfacet
  facet normal 0 -1 0
    outer loop
      vertex -14.224 0 21.1037
      vertex 17.2268 0 54.2999
      vertex -14.5027 0 21.1983
    endloop
  endfacet
  facet normal 0 -1 0
    outer loop
      vertex 17.2268 0 54.2999
      vertex 14.5027 0 21.1983
      vertex 14.7913 0 21.2558
    endloop
  endfacet
  facet normal 0 -1 0
    outer loop
      vertex -13.96 0 20.9736
      vertex 17.2268 0 54.2999
      vertex -14.224 0 21.1037
    endloop
  endfacet
  facet normal 0 -1 0
    outer loop
      vertex 17.2268 0 54.2999
      vertex 14.224 0 21.1037
      vertex 14.5027 0 21.1983
    endloop
  endfacet
  facet normal 0 -1 0
    outer loop
      vertex -13.7153 0 20.81
      vertex 17.2268 0 54.2999
      vertex -13.96 0 20.9736
    endloop
  endfacet
  facet normal 0 -1 0
    outer loop
      vertex 17.2268 0 54.2999
      vertex 13.96 0 20.9736
      vertex 14.224 0 21.1037
    endloop
  endfacet
  facet normal 0 -1 0
    outer loop
      vertex 13.7153 0 20.81
      vertex 17.2268 0 54.2999
      vertex -13.7153 0 20.81
    endloop
  endfacet
  facet normal 0 -1 0
    outer loop
      vertex 17.2268 0 54.2999
      vertex 13.7153 0 20.81
      vertex 13.96 0 20.9736
    endloop
  endfacet
  facet normal 0 -1 0
    outer loop
      vertex -13.494 0 20.616
      vertex 13.7153 0 20.81
      vertex -13.7153 0 20.81
    endloop
  endfacet
  facet normal 0 -1 0
    outer loop
      vertex -13.494 0 20.616
      vertex 13.494 0 20.616
      vertex 13.7153 0 20.81
    endloop
  endfacet
  facet normal 0 -1 0
    outer loop
      vertex -13.3 0 20.3947
      vertex 13.494 0 20.616
      vertex -13.494 0 20.616
    endloop
  endfacet
  facet normal 0 -1 0
    outer loop
      vertex -13.3 0 20.3947
      vertex 13.3 0 20.3947
      vertex 13.494 0 20.616
    endloop
  endfacet
  facet normal 0 -1 0
    outer loop
      vertex -13.1364 0 20.15
      vertex 13.3 0 20.3947
      vertex -13.3 0 20.3947
    endloop
  endfacet
  facet normal 0 -1 0
    outer loop
      vertex -13.1364 0 20.15
      vertex 13.1364 0 20.15
      vertex 13.3 0 20.3947
    endloop
  endfacet
  facet normal 0 -1 0
    outer loop
      vertex -13.0063 0 19.886
      vertex 13.1364 0 20.15
      vertex -13.1364 0 20.15
    endloop
  endfacet
  facet normal 0 -1 0
    outer loop
      vertex -13.0063 0 19.886
      vertex 13.0063 0 19.886
      vertex 13.1364 0 20.15
    endloop
  endfacet
  facet normal 0 -1 0
    outer loop
      vertex -12.9117 0 19.6073
      vertex 13.0063 0 19.886
      vertex -13.0063 0 19.886
    endloop
  endfacet
  facet normal 0 -1 0
    outer loop
      vertex -12.9117 0 19.6073
      vertex 12.9117 0 19.6073
      vertex 13.0063 0 19.886
    endloop
  endfacet
  facet normal 0 -1 0
    outer loop
      vertex -12.8542 0 19.3187
      vertex 12.9117 0 19.6073
      vertex -12.9117 0 19.6073
    endloop
  endfacet
  facet normal 0 -1 0
    outer loop
      vertex -12.8542 0 19.3187
      vertex 12.8542 0 19.3187
      vertex 12.9117 0 19.6073
    endloop
  endfacet
  facet normal 0 -1 0
    outer loop
      vertex -12.835 0 19.025
      vertex 12.8542 0 19.3187
      vertex -12.8542 0 19.3187
    endloop
  endfacet
  facet normal 0 -1 0
    outer loop
      vertex -12.835 0 19.025
      vertex 12.835 0 19.025
      vertex 12.8542 0 19.3187
    endloop
  endfacet
  facet normal 0 -1 0
    outer loop
      vertex -12.8542 0 18.7313
      vertex 12.835 0 19.025
      vertex -12.835 0 19.025
    endloop
  endfacet
  facet normal 0 -1 0
    outer loop
      vertex -12.8542 0 18.7313
      vertex 12.8542 0 18.7313
      vertex 12.835 0 19.025
    endloop
  endfacet
  facet normal 0 -1 0
    outer loop
      vertex -12.9117 0 18.4427
      vertex 12.8542 0 18.7313
      vertex -12.8542 0 18.7313
    endloop
  endfacet
  facet normal 0 -1 0
    outer loop
      vertex -12.9117 0 18.4427
      vertex 12.9117 0 18.4427
      vertex 12.8542 0 18.7313
    endloop
  endfacet
  facet normal 0 -1 0
    outer loop
      vertex -13.0063 0 18.164
      vertex 12.9117 0 18.4427
      vertex -12.9117 0 18.4427
    endloop
  endfacet
  facet normal 0 -1 0
    outer loop
      vertex -13.0063 0 18.164
      vertex 13.0063 0 18.164
      vertex 12.9117 0 18.4427
    endloop
  endfacet
  facet normal 0 -1 0
    outer loop
      vertex -13.1364 0 17.9
      vertex 13.0063 0 18.164
      vertex -13.0063 0 18.164
    endloop
  endfacet
  facet normal 0 -1 0
    outer loop
      vertex -13.1364 0 17.9
      vertex 13.1364 0 17.9
      vertex 13.0063 0 18.164
    endloop
  endfacet
  facet normal 0 -1 0
    outer loop
      vertex -13.3 0 17.6553
      vertex 13.1364 0 17.9
      vertex -13.1364 0 17.9
    endloop
  endfacet
  facet normal 0 -1 0
    outer loop
      vertex -13.3 0 17.6553
      vertex 13.3 0 17.6553
      vertex 13.1364 0 17.9
    endloop
  endfacet
  facet normal 0 -1 0
    outer loop
      vertex -13.494 0 17.434
      vertex 13.3 0 17.6553
      vertex -13.3 0 17.6553
    endloop
  endfacet
  facet normal 0 -1 0
    outer loop
      vertex -13.494 0 17.434
      vertex 13.494 0 17.434
      vertex 13.3 0 17.6553
    endloop
  endfacet
  facet normal 0 -1 0
    outer loop
      vertex -13.7153 0 17.24
      vertex 13.494 0 17.434
      vertex -13.494 0 17.434
    endloop
  endfacet
  facet normal 0 -1 0
    outer loop
      vertex -13.7153 0 17.24
      vertex 13.7153 0 17.24
      vertex 13.494 0 17.434
    endloop
  endfacet
  facet normal 0 -1 0
    outer loop
      vertex -14.5027 0 16.8517
      vertex -14.5027 0 -16.8517
      vertex -14.224 0 16.9463
    endloop
  endfacet
  facet normal 0 -1 0
    outer loop
      vertex -14.224 0 -16.9463
      vertex -14.224 0 16.9463
      vertex -14.5027 0 -16.8517
    endloop
  endfacet
  facet normal 0 -1 0
    outer loop
      vertex -14.5027 0 -16.8517
      vertex -14.5027 0 16.8517
      vertex -14.7913 0 -16.7943
    endloop
  endfacet
  facet normal 0 -1 0
    outer loop
      vertex -14.224 0 16.9463
      vertex -14.224 0 -16.9463
      vertex -13.96 0 17.0764
    endloop
  endfacet
  facet normal 0 -1 0
    outer loop
      vertex -14.7913 0 16.7943
      vertex -14.7913 0 -16.7943
      vertex -14.5027 0 16.8517
    endloop
  endfacet
  facet normal 0 -1 0
    outer loop
      vertex 13.7153 0 17.24
      vertex 15.085 0 -16.775
      vertex 13.96 0 17.0764
    endloop
  endfacet
  facet normal 0 -1 0
    outer loop
      vertex -14.7913 0 -16.7943
      vertex -14.7913 0 16.7943
      vertex -15.085 0 -16.775
    endloop
  endfacet
  facet normal 0 -1 0
    outer loop
      vertex 13.96 0 17.0764
      vertex 15.085 0 -16.775
      vertex 14.224 0 16.9463
    endloop
  endfacet
  facet normal 0 -1 0
    outer loop
      vertex -15.085 0 -16.775
      vertex -14.7913 0 16.7943
      vertex -15.085 0 16.775
    endloop
  endfacet
  facet normal 0 -1 0
    outer loop
      vertex 14.224 0 16.9463
      vertex 15.085 0 -16.775
      vertex 14.5027 0 16.8517
    endloop
  endfacet
  facet normal 0 -1 0
    outer loop
      vertex 17.2268 0 54.2999
      vertex -15.3787 0 21.2558
      vertex -15.085 0 21.275
    endloop
  endfacet
  facet normal 0 -1 0
    outer loop
      vertex -51.3232 0 24.3999
      vertex -15.6673 0 21.1983
      vertex -15.3787 0 21.2558
    endloop
  endfacet
  facet normal 0 -1 0
    outer loop
      vertex -51.3232 0 24.3999
      vertex -15.946 0 21.1037
      vertex -15.6673 0 21.1983
    endloop
  endfacet
  facet normal 0 -1 0
    outer loop
      vertex -51.3232 0 24.3999
      vertex -16.21 0 20.9736
      vertex -15.946 0 21.1037
    endloop
  endfacet
  facet normal 0 -1 0
    outer loop
      vertex -51.3232 0 24.3999
      vertex -16.4547 0 20.81
      vertex -16.21 0 20.9736
    endloop
  endfacet
  facet normal 0 -1 0
    outer loop
      vertex -51.3232 0 24.3999
      vertex -16.676 0 20.616
      vertex -16.4547 0 20.81
    endloop
  endfacet
  facet normal 0 -1 0
    outer loop
      vertex -51.3232 0 24.3999
      vertex -16.87 0 20.3947
      vertex -16.676 0 20.616
    endloop
  endfacet
  facet normal 0 -1 0
    outer loop
      vertex -55.375 0 18.725
      vertex -54.398 0 22.0067
      vertex -55.1914 0 20.1979
    endloop
  endfacet
  facet normal 0 -1 0
    outer loop
      vertex -51.3232 0 24.3999
      vertex -17.0336 0 20.15
      vertex -16.87 0 20.3947
    endloop
  endfacet
  facet normal 0 -1 0
    outer loop
      vertex -51.3232 0 24.3999
      vertex -17.1637 0 19.886
      vertex -17.0336 0 20.15
    endloop
  endfacet
  facet normal 0 -1 0
    outer loop
      vertex -51.3232 0 24.3999
      vertex -17.2583 0 19.6073
      vertex -17.1637 0 19.886
    endloop
  endfacet
  facet normal 0 -1 0
    outer loop
      vertex -51.3232 0 24.3999
      vertex -17.3158 0 19.3187
      vertex -17.2583 0 19.6073
    endloop
  endfacet
  facet normal 0 -1 0
    outer loop
      vertex -51.3232 0 24.3999
      vertex -17.335 0 19.025
      vertex -17.3158 0 19.3187
    endloop
  endfacet
  facet normal 0 -1 0
    outer loop
      vertex -51.3232 0 24.3999
      vertex -17.3158 0 18.7313
      vertex -17.335 0 19.025
    endloop
  endfacet
  facet normal 0 -1 0
    outer loop
      vertex -17.1637 0 18.164
      vertex -51.3232 0 24.3999
      vertex -55.375 0 18.725
    endloop
  endfacet
  facet normal 0 -1 0
    outer loop
      vertex -51.3232 0 24.3999
      vertex -17.2583 0 18.4427
      vertex -17.3158 0 18.7313
    endloop
  endfacet
  facet normal 0 -1 0
    outer loop
      vertex -51.3232 0 24.3999
      vertex -17.1637 0 18.164
      vertex -17.2583 0 18.4427
    endloop
  endfacet
  facet normal 0 -1 0
    outer loop
      vertex -55.375 0 18.725
      vertex -17.0336 0 17.9
      vertex -17.1637 0 18.164
    endloop
  endfacet
  facet normal 0 -1 0
    outer loop
      vertex -55.375 0 18.725
      vertex -16.87 0 17.6553
      vertex -17.0336 0 17.9
    endloop
  endfacet
  facet normal 0 -1 0
    outer loop
      vertex -55.375 0 18.725
      vertex -16.676 0 17.434
      vertex -16.87 0 17.6553
    endloop
  endfacet
  facet normal 0 -1 0
    outer loop
      vertex -16.676 0 -17.434
      vertex -16.676 0 17.434
      vertex -55.375 0 18.725
    endloop
  endfacet
  facet normal 0 -1 0
    outer loop
      vertex -16.676 0 17.434
      vertex -16.676 0 -17.434
      vertex -16.4547 0 17.24
    endloop
  endfacet
  facet normal -0 -1 0
    outer loop
      vertex -16.4547 0 -17.24
      vertex -16.4547 0 17.24
      vertex -16.676 0 -17.434
    endloop
  endfacet
  facet normal 0 -1 0
    outer loop
      vertex -16.4547 0 17.24
      vertex -16.4547 0 -17.24
      vertex -16.21 0 17.0764
    endloop
  endfacet
  facet normal -0 -1 0
    outer loop
      vertex -16.21 0 -17.0764
      vertex -16.21 0 17.0764
      vertex -16.4547 0 -17.24
    endloop
  endfacet
  facet normal 0 -1 0
    outer loop
      vertex -16.21 0 17.0764
      vertex -16.21 0 -17.0764
      vertex -15.946 0 16.9463
    endloop
  endfacet
  facet normal 0 -1 0
    outer loop
      vertex 14.5027 0 16.8517
      vertex 15.085 0 -16.775
      vertex 14.7913 0 16.7943
    endloop
  endfacet
  facet normal -0 -1 0
    outer loop
      vertex -15.946 0 -16.9463
      vertex -15.946 0 16.9463
      vertex -16.21 0 -17.0764
    endloop
  endfacet
  facet normal 0 -1 -0
    outer loop
      vertex -15.085 0 16.775
      vertex -15.3787 0 -16.7943
      vertex -15.085 0 -16.775
    endloop
  endfacet
  facet normal 0 -1 0
    outer loop
      vertex -15.3787 0 16.7943
      vertex -15.3787 0 -16.7943
      vertex -15.085 0 16.775
    endloop
  endfacet
  facet normal -0 -1 0
    outer loop
      vertex -15.3787 0 -16.7943
      vertex -15.3787 0 16.7943
      vertex -15.6673 0 -16.8517
    endloop
  endfacet
  facet normal 0 -1 0
    outer loop
      vertex -15.6673 0 16.8517
      vertex -15.6673 0 -16.8517
      vertex -15.3787 0 16.7943
    endloop
  endfacet
  facet normal -0 -1 0
    outer loop
      vertex -15.6673 0 -16.8517
      vertex -15.6673 0 16.8517
      vertex -15.946 0 -16.9463
    endloop
  endfacet
  facet normal 0 -1 0
    outer loop
      vertex -15.946 0 16.9463
      vertex -15.946 0 -16.9463
      vertex -15.6673 0 16.8517
    endloop
  endfacet
  facet normal 0 -1 0
    outer loop
      vertex -55.375 0 18.725
      vertex -16.87 0 -17.6553
      vertex -16.676 0 -17.434
    endloop
  endfacet
  facet normal 0 -1 0
    outer loop
      vertex -55.375 0 -18.725
      vertex -16.87 0 -17.6553
      vertex -55.375 0 18.725
    endloop
  endfacet
  facet normal 0 -1 0
    outer loop
      vertex -16.87 0 -17.6553
      vertex -55.375 0 -18.725
      vertex -17.0336 0 -17.9
    endloop
  endfacet
  facet normal 0 -1 0
    outer loop
      vertex -49.375 0 -24.725
      vertex -17.0336 0 -17.9
      vertex -55.375 0 -18.725
    endloop
  endfacet
  facet normal 0 -1 0
    outer loop
      vertex -17.0336 0 -17.9
      vertex -49.375 0 -24.725
      vertex -17.1637 0 -18.164
    endloop
  endfacet
  facet normal 0 -1 0
    outer loop
      vertex -17.1637 0 -18.164
      vertex -49.375 0 -24.725
      vertex -17.2583 0 -18.4427
    endloop
  endfacet
  facet normal 0 -1 0
    outer loop
      vertex -17.2583 0 -18.4427
      vertex -49.375 0 -24.725
      vertex -17.3158 0 -18.7313
    endloop
  endfacet
  facet normal 0 -1 0
    outer loop
      vertex -17.3158 0 -18.7313
      vertex -49.375 0 -24.725
      vertex -17.335 0 -19.025
    endloop
  endfacet
  facet normal 0 -1 -0
    outer loop
      vertex -17.335 0 -19.025
      vertex -49.375 0 -24.725
      vertex -17.3158 0 -19.3187
    endloop
  endfacet
  facet normal 0 -1 -0
    outer loop
      vertex -17.3158 0 -19.3187
      vertex -49.375 0 -24.725
      vertex -17.2583 0 -19.6073
    endloop
  endfacet
  facet normal 0 -1 -0
    outer loop
      vertex -17.2583 0 -19.6073
      vertex -49.375 0 -24.725
      vertex -17.1637 0 -19.886
    endloop
  endfacet
  facet normal 0 -1 0
    outer loop
      vertex -16.285 0 -26.225
      vertex -17.1637 0 -19.886
      vertex -49.375 0 -24.725
    endloop
  endfacet
  facet normal 0 -1 0
    outer loop
      vertex -17.1637 0 -19.886
      vertex -16.285 0 -26.225
      vertex -17.0336 0 -20.15
    endloop
  endfacet
  facet normal 0 -1 0
    outer loop
      vertex -49.375 0 -24.725
      vertex -55.375 0 -18.725
      vertex -55.0499 0 -20.6732
    endloop
  endfacet
  facet normal 0 -1 0
    outer loop
      vertex -17.0336 0 -20.15
      vertex -16.285 0 -26.225
      vertex -16.87 0 -20.3947
    endloop
  endfacet
  facet normal 0 -1 0
    outer loop
      vertex -16.87 0 -20.3947
      vertex -16.285 0 -26.225
      vertex -16.676 0 -20.616
    endloop
  endfacet
  facet normal 0 -1 0
    outer loop
      vertex -16.676 0 -20.616
      vertex -16.285 0 -26.225
      vertex -16.4547 0 -20.81
    endloop
  endfacet
  facet normal 0 -1 0
    outer loop
      vertex -16.4547 0 -20.81
      vertex -16.285 0 -26.225
      vertex -16.21 0 -20.9736
    endloop
  endfacet
  facet normal 0 -1 -0
    outer loop
      vertex -16.21 0 -20.9736
      vertex -16.285 0 -26.225
      vertex -15.946 0 -21.1037
    endloop
  endfacet
  facet normal 0 -1 -0
    outer loop
      vertex -15.946 0 -21.1037
      vertex -16.285 0 -26.225
      vertex -15.6673 0 -21.1983
    endloop
  endfacet
  facet normal 0 -1 -0
    outer loop
      vertex -15.6673 0 -21.1983
      vertex -16.285 0 -26.225
      vertex -15.3787 0 -21.2558
    endloop
  endfacet
  facet normal 0 -1 0
    outer loop
      vertex -49.375 0 -24.725
      vertex -55.0499 0 -20.6732
      vertex -54.1098 0 -22.4103
    endloop
  endfacet
  facet normal 0 -1 0
    outer loop
      vertex 57.775 0 29.625
      vertex 51.775 0 54.625
      vertex 19.175 0 54.625
    endloop
  endfacet
  facet normal 0 -1 0
    outer loop
      vertex 15.6673 0 21.1983
      vertex 19.175 0 54.625
      vertex 17.2268 0 54.2999
    endloop
  endfacet
  facet normal -0 -1 -0
    outer loop
      vertex 57.775 0 48.625
      vertex 51.775 0 54.625
      vertex 57.775 0 29.625
    endloop
  endfacet
  facet normal 0 -1 0
    outer loop
      vertex 53.2479 0 54.4414
      vertex 57.775 0 48.625
      vertex 55.0567 0 53.648
    endloop
  endfacet
  facet normal 0 -1 0
    outer loop
      vertex 55.0567 0 53.648
      vertex 57.775 0 48.625
      vertex 56.5098 0 52.3103
    endloop
  endfacet
  facet normal 0 -1 0
    outer loop
      vertex 56.5098 0 52.3103
      vertex 57.775 0 48.625
      vertex 57.4499 0 50.5732
    endloop
  endfacet
  facet normal 0 -1 0
    outer loop
      vertex 51.775 0 54.625
      vertex 57.775 0 48.625
      vertex 53.2479 0 54.4414
    endloop
  endfacet
  facet normal 0 -1 -0
    outer loop
      vertex 19.175 0 54.625
      vertex 16.676 0 20.616
      vertex 57.775 0 29.625
    endloop
  endfacet
  facet normal 0 -1 0
    outer loop
      vertex 57.775 0 29.625
      vertex 56.798 0 26.3433
      vertex 57.5914 0 28.1521
    endloop
  endfacet
  facet normal 0 -1 0
    outer loop
      vertex -15.3787 0 21.2558
      vertex 17.2268 0 54.2999
      vertex -51.3232 0 24.3999
    endloop
  endfacet
  facet normal 0 -1 0
    outer loop
      vertex -54.398 0 22.0067
      vertex -51.3232 0 24.3999
      vertex -53.0603 0 23.4598
    endloop
  endfacet
  facet normal 0 -1 0
    outer loop
      vertex -55.375 0 18.725
      vertex -51.3232 0 24.3999
      vertex -54.398 0 22.0067
    endloop
  endfacet
  facet normal 0 -1 0
    outer loop
      vertex -14.7913 0 21.2558
      vertex 17.2268 0 54.2999
      vertex -15.085 0 21.275
    endloop
  endfacet
  facet normal 0 -1 0
    outer loop
      vertex 15.3787 0 21.2558
      vertex 17.2268 0 54.2999
      vertex 15.085 0 21.275
    endloop
  endfacet
  facet normal 0 -1 0
    outer loop
      vertex 15.6673 0 21.1983
      vertex 17.2268 0 54.2999
      vertex 15.3787 0 21.2558
    endloop
  endfacet
  facet normal 0 -1 0
    outer loop
      vertex 19.175 0 54.625
      vertex 15.6673 0 21.1983
      vertex 15.946 0 21.1037
    endloop
  endfacet
  facet normal 0 -1 0
    outer loop
      vertex 19.175 0 54.625
      vertex 15.946 0 21.1037
      vertex 16.21 0 20.9736
    endloop
  endfacet
  facet normal 0 -1 0
    outer loop
      vertex 19.175 0 54.625
      vertex 16.21 0 20.9736
      vertex 16.4547 0 20.81
    endloop
  endfacet
  facet normal 0 -1 0
    outer loop
      vertex 19.175 0 54.625
      vertex 16.4547 0 20.81
      vertex 16.676 0 20.616
    endloop
  endfacet
  facet normal 0 -1 0
    outer loop
      vertex 16.87 0 20.3947
      vertex 57.775 0 29.625
      vertex 16.676 0 20.616
    endloop
  endfacet
  facet normal 0 -1 0
    outer loop
      vertex 57.775 0 29.625
      vertex 16.87 0 20.3947
      vertex 56.798 0 26.3433
    endloop
  endfacet
  facet normal 0 -1 0
    outer loop
      vertex 17.0336 0 20.15
      vertex 56.798 0 26.3433
      vertex 16.87 0 20.3947
    endloop
  endfacet
  facet normal 0 -1 0
    outer loop
      vertex 17.1637 0 19.886
      vertex 56.798 0 26.3433
      vertex 17.0336 0 20.15
    endloop
  endfacet
  facet normal 0 -1 0
    outer loop
      vertex 17.2583 0 19.6073
      vertex 56.798 0 26.3433
      vertex 17.1637 0 19.886
    endloop
  endfacet
  facet normal 0 -1 0
    outer loop
      vertex 17.3158 0 19.3187
      vertex 56.798 0 26.3433
      vertex 17.2583 0 19.6073
    endloop
  endfacet
  facet normal 0 -1 0
    outer loop
      vertex 17.335 0 19.025
      vertex 56.798 0 26.3433
      vertex 17.3158 0 19.3187
    endloop
  endfacet
  facet normal 0 -1 0
    outer loop
      vertex 17.3158 0 18.7313
      vertex 56.798 0 26.3433
      vertex 17.335 0 19.025
    endloop
  endfacet
  facet normal 0 -1 0
    outer loop
      vertex 17.2583 0 18.4427
      vertex 56.798 0 26.3433
      vertex 17.3158 0 18.7313
    endloop
  endfacet
  facet normal 0 -1 0
    outer loop
      vertex 17.1637 0 18.164
      vertex 56.798 0 26.3433
      vertex 17.2583 0 18.4427
    endloop
  endfacet
  facet normal 0 -1 0
    outer loop
      vertex 17.0336 0 17.9
      vertex 56.798 0 26.3433
      vertex 17.1637 0 18.164
    endloop
  endfacet
  facet normal 0 -1 0
    outer loop
      vertex 16.87 0 17.6553
      vertex 56.798 0 26.3433
      vertex 17.0336 0 17.9
    endloop
  endfacet
  facet normal 0 -1 0
    outer loop
      vertex 16.87 0 -17.6553
      vertex 16.87 0 17.6553
      vertex 16.676 0 17.434
    endloop
  endfacet
  facet normal 0 -1 0
    outer loop
      vertex 16.676 0 -17.434
      vertex 16.676 0 17.434
      vertex 16.4547 0 17.24
    endloop
  endfacet
  facet normal 0 -1 0
    outer loop
      vertex 16.4547 0 -17.24
      vertex 16.4547 0 17.24
      vertex 16.21 0 17.0764
    endloop
  endfacet
  facet normal 0 -1 0
    outer loop
      vertex 16.21 0 -17.0764
      vertex 16.21 0 17.0764
      vertex 15.946 0 16.9463
    endloop
  endfacet
  facet normal 0 -1 0
    outer loop
      vertex 15.946 0 -16.9463
      vertex 15.946 0 16.9463
      vertex 15.6673 0 16.8517
    endloop
  endfacet
  facet normal 0 -1 0
    outer loop
      vertex 14.7913 0 16.7943
      vertex 15.085 0 -16.775
      vertex 15.085 0 16.775
    endloop
  endfacet
  facet normal 0 -1 0
    outer loop
      vertex 15.085 0 16.775
      vertex 15.085 0 -16.775
      vertex 15.3787 0 16.7943
    endloop
  endfacet
  facet normal 0 -1 0
    outer loop
      vertex 15.3787 0 -16.7943
      vertex 15.3787 0 16.7943
      vertex 15.085 0 -16.775
    endloop
  endfacet
  facet normal 0 -1 0
    outer loop
      vertex 15.3787 0 16.7943
      vertex 15.3787 0 -16.7943
      vertex 15.6673 0 16.8517
    endloop
  endfacet
  facet normal 0 -1 0
    outer loop
      vertex 15.6673 0 -16.8517
      vertex 15.6673 0 16.8517
      vertex 15.3787 0 -16.7943
    endloop
  endfacet
  facet normal 0 -1 0
    outer loop
      vertex 15.946 0 -16.9463
      vertex 15.6673 0 16.8517
      vertex 15.6673 0 -16.8517
    endloop
  endfacet
  facet normal 0 -1 0
    outer loop
      vertex 15.946 0 16.9463
      vertex 15.946 0 -16.9463
      vertex 16.21 0 -17.0764
    endloop
  endfacet
  facet normal 0 -1 0
    outer loop
      vertex 16.21 0 17.0764
      vertex 16.21 0 -17.0764
      vertex 16.4547 0 -17.24
    endloop
  endfacet
  facet normal 0 -1 0
    outer loop
      vertex 16.4547 0 17.24
      vertex 16.4547 0 -17.24
      vertex 16.676 0 -17.434
    endloop
  endfacet
  facet normal 0 -1 0
    outer loop
      vertex 16.676 0 17.434
      vertex 16.676 0 -17.434
      vertex 16.87 0 -17.6553
    endloop
  endfacet
  facet normal 0 -1 0
    outer loop
      vertex 16.87 0 17.6553
      vertex 16.87 0 -17.6553
      vertex 56.798 0 26.3433
    endloop
  endfacet
  facet normal 0 -1 0
    outer loop
      vertex 17.0336 0 -17.9
      vertex 56.798 0 26.3433
      vertex 16.87 0 -17.6553
    endloop
  endfacet
  facet normal 0 -1 0
    outer loop
      vertex 21.308 0 -23.5067
      vertex 17.0336 0 -17.9
      vertex 17.1637 0 -18.164
    endloop
  endfacet
  facet normal 0 -1 0
    outer loop
      vertex 21.308 0 -23.5067
      vertex 17.1637 0 -18.164
      vertex 17.2583 0 -18.4427
    endloop
  endfacet
  facet normal 0 -1 0
    outer loop
      vertex 21.308 0 -23.5067
      vertex 17.2583 0 -18.4427
      vertex 17.3158 0 -18.7313
    endloop
  endfacet
  facet normal 0 -1 0
    outer loop
      vertex 21.308 0 -23.5067
      vertex 17.3158 0 -18.7313
      vertex 17.335 0 -19.025
    endloop
  endfacet
  facet normal 0 -1 0
    outer loop
      vertex 21.308 0 -23.5067
      vertex 17.335 0 -19.025
      vertex 17.3158 0 -19.3187
    endloop
  endfacet
  facet normal 0 -1 0
    outer loop
      vertex 21.308 0 -23.5067
      vertex 17.3158 0 -19.3187
      vertex 17.2583 0 -19.6073
    endloop
  endfacet
  facet normal 0 -1 0
    outer loop
      vertex 21.308 0 -23.5067
      vertex 17.2583 0 -19.6073
      vertex 17.1637 0 -19.886
    endloop
  endfacet
  facet normal 0 -1 0
    outer loop
      vertex 21.308 0 -23.5067
      vertex 17.1637 0 -19.886
      vertex 17.0336 0 -20.15
    endloop
  endfacet
  facet normal 0 -1 0
    outer loop
      vertex 21.308 0 -23.5067
      vertex 17.0336 0 -20.15
      vertex 16.87 0 -20.3947
    endloop
  endfacet
  facet normal 0 -1 0
    outer loop
      vertex 17.0336 0 -17.9
      vertex 21.308 0 -23.5067
      vertex 56.798 0 26.3433
    endloop
  endfacet
  facet normal 0 -1 0
    outer loop
      vertex 16.676 0 -20.616
      vertex 21.308 0 -23.5067
      vertex 16.87 0 -20.3947
    endloop
  endfacet
  facet normal 0 -1 0
    outer loop
      vertex 19.9703 0 -24.9598
      vertex 16.676 0 -20.616
      vertex 16.4547 0 -20.81
    endloop
  endfacet
  facet normal 0 -1 0
    outer loop
      vertex 19.9703 0 -24.9598
      vertex 16.4547 0 -20.81
      vertex 16.21 0 -20.9736
    endloop
  endfacet
  facet normal 0 -1 0
    outer loop
      vertex 18.2332 0 -25.8999
      vertex 16.21 0 -20.9736
      vertex 15.946 0 -21.1037
    endloop
  endfacet
  facet normal 0 -1 0
    outer loop
      vertex 16.285 0 -26.225
      vertex 15.946 0 -21.1037
      vertex 15.6673 0 -21.1983
    endloop
  endfacet
  facet normal 0 -1 0
    outer loop
      vertex 16.285 0 -26.225
      vertex 15.6673 0 -21.1983
      vertex 15.3787 0 -21.2558
    endloop
  endfacet
  facet normal 0 -1 0
    outer loop
      vertex 16.285 0 -26.225
      vertex 15.3787 0 -21.2558
      vertex 15.085 0 -21.275
    endloop
  endfacet
  facet normal 0 -1 0
    outer loop
      vertex 14.5027 0 -21.1983
      vertex 16.285 0 -26.225
      vertex 14.7913 0 -21.2558
    endloop
  endfacet
  facet normal 0 -1 0
    outer loop
      vertex -49.375 0 -24.725
      vertex -54.1098 0 -22.4103
      vertex -52.6567 0 -23.748
    endloop
  endfacet
  facet normal 0 -1 0
    outer loop
      vertex -49.375 0 -24.725
      vertex -52.6567 0 -23.748
      vertex -50.8479 0 -24.5414
    endloop
  endfacet
  facet normal 0 -1 -0
    outer loop
      vertex -15.3787 0 -21.2558
      vertex -16.285 0 -26.225
      vertex -15.085 0 -21.275
    endloop
  endfacet
  facet normal 0 -1 0
    outer loop
      vertex 14.7913 0 -21.2558
      vertex 16.285 0 -26.225
      vertex 15.085 0 -21.275
    endloop
  endfacet
  facet normal 0 -1 0
    outer loop
      vertex 15.946 0 -21.1037
      vertex 16.285 0 -26.225
      vertex 18.2332 0 -25.8999
    endloop
  endfacet
  facet normal 0 -1 0
    outer loop
      vertex 16.676 0 -20.616
      vertex 19.9703 0 -24.9598
      vertex 21.308 0 -23.5067
    endloop
  endfacet
  facet normal 0 -1 0
    outer loop
      vertex 16.21 0 -20.9736
      vertex 18.2332 0 -25.8999
      vertex 19.9703 0 -24.9598
    endloop
  endfacet
  facet normal 0 0 -1
    outer loop
      vertex -46.375 5 -21.725
      vertex -24.575 9.7 -21.725
      vertex -24.575 5 -21.725
    endloop
  endfacet
  facet normal -0 0 -1
    outer loop
      vertex -24.575 9.7 -21.725
      vertex -46.375 5 -21.725
      vertex -46.375 9.7 -21.725
    endloop
  endfacet
  facet normal -0.677289 0 -0.735717
    outer loop
      vertex -51.1098 5 -19.4103
      vertex -49.6567 9.7 -20.748
      vertex -49.6567 5 -20.748
    endloop
  endfacet
  facet normal -0.677289 0 -0.735717
    outer loop
      vertex -49.6567 9.7 -20.748
      vertex -51.1098 5 -19.4103
      vertex -51.1098 9.7 -19.4103
    endloop
  endfacet
  facet normal -0.475959 0 0.879468
    outer loop
      vertex -50.0603 9.7 20.4598
      vertex -48.3232 5 21.3999
      vertex -48.3232 9.7 21.3999
    endloop
  endfacet
  facet normal -0.475959 0 0.879468
    outer loop
      vertex -48.3232 5 21.3999
      vertex -50.0603 9.7 20.4598
      vertex -50.0603 5 20.4598
    endloop
  endfacet
  facet normal 0.123695 0 0.99232
    outer loop
      vertex -24.575 9.7 21.725
      vertex -23.1021 5 21.5414
      vertex -23.1021 9.7 21.5414
    endloop
  endfacet
  facet normal 0.123695 0 0.99232
    outer loop
      vertex -23.1021 5 21.5414
      vertex -24.575 9.7 21.725
      vertex -24.575 5 21.725
    endloop
  endfacet
  facet normal -0 0 1
    outer loop
      vertex -46.375 9.7 21.725
      vertex -24.575 5 21.725
      vertex -24.575 9.7 21.725
    endloop
  endfacet
  facet normal 0 0 1
    outer loop
      vertex -24.575 5 21.725
      vertex -46.375 9.7 21.725
      vertex -46.375 5 21.725
    endloop
  endfacet
  facet normal 1 -0 0
    outer loop
      vertex -18.575 5 14.651
      vertex -18.575 9.7 -14.651
      vertex -18.575 9.7 14.651
    endloop
  endfacet
  facet normal 1 0 0
    outer loop
      vertex -18.575 9.7 -14.651
      vertex -18.575 5 14.651
      vertex -18.575 5 -14.651
    endloop
  endfacet
  facet normal -0.915776 0 0.40169
    outer loop
      vertex -52.1914 5 17.1979
      vertex -51.398 9.7 19.0067
      vertex -52.1914 9.7 17.1979
    endloop
  endfacet
  facet normal -0.915776 0 0.40169
    outer loop
      vertex -51.398 9.7 19.0067
      vertex -52.1914 5 17.1979
      vertex -51.398 5 19.0067
    endloop
  endfacet
  facet normal -0.735717 0 0.677289
    outer loop
      vertex -51.398 5 19.0067
      vertex -50.0603 9.7 20.4598
      vertex -51.398 9.7 19.0067
    endloop
  endfacet
  facet normal -0.735717 0 0.677289
    outer loop
      vertex -50.0603 9.7 20.4598
      vertex -51.398 5 19.0067
      vertex -50.0603 5 20.4598
    endloop
  endfacet
  facet normal -0.986361 0 -0.164596
    outer loop
      vertex -52.0499 5 -17.6732
      vertex -52.375 9.7 -15.725
      vertex -52.0499 9.7 -17.6732
    endloop
  endfacet
  facet normal -0.986361 -0 -0.164596
    outer loop
      vertex -52.375 9.7 -15.725
      vertex -52.0499 5 -17.6732
      vertex -52.375 5 -15.725
    endloop
  endfacet
  facet normal -0.40169 0 -0.915776
    outer loop
      vertex -49.6567 5 -20.748
      vertex -47.8479 9.7 -21.5414
      vertex -47.8479 5 -21.5414
    endloop
  endfacet
  facet normal -0.40169 0 -0.915776
    outer loop
      vertex -47.8479 9.7 -21.5414
      vertex -49.6567 5 -20.748
      vertex -49.6567 9.7 -20.748
    endloop
  endfacet
  facet normal -0.123695 0 -0.99232
    outer loop
      vertex -47.8479 5 -21.5414
      vertex -46.375 9.7 -21.725
      vertex -46.375 5 -21.725
    endloop
  endfacet
  facet normal -0.123695 0 -0.99232
    outer loop
      vertex -46.375 9.7 -21.725
      vertex -47.8479 5 -21.5414
      vertex -47.8479 9.7 -21.5414
    endloop
  endfacet
  facet normal 0.40169 0 0.915776
    outer loop
      vertex -23.1021 9.7 21.5414
      vertex -21.2933 5 20.748
      vertex -21.2933 9.7 20.748
    endloop
  endfacet
  facet normal 0.40169 0 0.915776
    outer loop
      vertex -21.2933 5 20.748
      vertex -23.1021 9.7 21.5414
      vertex -23.1021 5 21.5414
    endloop
  endfacet
  facet normal -0.164596 0 0.986361
    outer loop
      vertex -48.3232 9.7 21.3999
      vertex -46.375 5 21.725
      vertex -46.375 9.7 21.725
    endloop
  endfacet
  facet normal -0.164596 0 0.986361
    outer loop
      vertex -46.375 5 21.725
      vertex -48.3232 9.7 21.3999
      vertex -48.3232 5 21.3999
    endloop
  endfacet
  facet normal 0.999049 -0 0.0435971
    outer loop
      vertex -20.685 5 -19.025
      vertex -20.6637 9.7 -19.5131
      vertex -20.685 9.7 -19.025
    endloop
  endfacet
  facet normal 0.999049 0 0.0435971
    outer loop
      vertex -20.6637 9.7 -19.5131
      vertex -20.685 5 -19.025
      vertex -20.6637 5 -19.5131
    endloop
  endfacet
  facet normal 0.843459 0 -0.537193
    outer loop
      vertex -19.6723 5 -15.813
      vertex -19.9347 9.7 -16.225
      vertex -19.6723 9.7 -15.813
    endloop
  endfacet
  facet normal 0.843459 0 -0.537193
    outer loop
      vertex -19.9347 9.7 -16.225
      vertex -19.6723 5 -15.813
      vertex -19.9347 5 -16.225
    endloop
  endfacet
  facet normal 0.976437 -0 0.215801
    outer loop
      vertex -20.5999 5 -19.9974
      vertex -20.5736 9.7 -20.1164
      vertex -20.5999 9.7 -19.9974
    endloop
  endfacet
  facet normal 0.976437 0 0.215801
    outer loop
      vertex -20.5736 9.7 -20.1164
      vertex -20.5999 5 -19.9974
      vertex -20.5736 5 -20.1164
    endloop
  endfacet
  facet normal 0.675521 0 -0.737341
    outer loop
      vertex -19.0448 5 -15.0652
      vertex -18.6846 9.7 -14.7352
      vertex -18.6846 5 -14.7352
    endloop
  endfacet
  facet normal 0.675521 0 -0.737341
    outer loop
      vertex -18.6846 9.7 -14.7352
      vertex -19.0448 5 -15.0652
      vertex -19.0448 9.7 -15.0652
    endloop
  endfacet
  facet normal 0.609221 0 -0.793
    outer loop
      vertex -18.6846 5 -14.7352
      vertex -18.575 9.7 -14.651
      vertex -18.575 5 -14.651
    endloop
  endfacet
  facet normal 0.609221 0 -0.793
    outer loop
      vertex -18.575 9.7 -14.651
      vertex -18.6846 5 -14.7352
      vertex -18.6846 9.7 -14.7352
    endloop
  endfacet
  facet normal 0.79327 0 -0.60887
    outer loop
      vertex -19.3748 5 -15.4254
      vertex -19.6723 9.7 -15.813
      vertex -19.3748 9.7 -15.4254
    endloop
  endfacet
  facet normal 0.79327 0 -0.60887
    outer loop
      vertex -19.6723 9.7 -15.813
      vertex -19.3748 5 -15.4254
      vertex -19.6723 5 -15.813
    endloop
  endfacet
  facet normal 0.923862 0 -0.382725
    outer loop
      vertex -20.1603 5 -16.6583
      vertex -20.3473 9.7 -17.1097
      vertex -20.1603 9.7 -16.6583
    endloop
  endfacet
  facet normal 0.923862 0 -0.382725
    outer loop
      vertex -20.3473 9.7 -17.1097
      vertex -20.1603 5 -16.6583
      vertex -20.3473 5 -17.1097
    endloop
  endfacet
  facet normal 0.976317 0 -0.216345
    outer loop
      vertex -20.4942 5 -17.5756
      vertex -20.5999 9.7 -18.0526
      vertex -20.4942 9.7 -17.5756
    endloop
  endfacet
  facet normal 0.976317 0 -0.216345
    outer loop
      vertex -20.5999 9.7 -18.0526
      vertex -20.4942 5 -17.5756
      vertex -20.5999 5 -18.0526
    endloop
  endfacet
  facet normal 0.999049 0 -0.0435971
    outer loop
      vertex -20.6637 5 -18.5369
      vertex -20.685 9.7 -19.025
      vertex -20.6637 9.7 -18.5369
    endloop
  endfacet
  facet normal 0.999049 0 -0.0435971
    outer loop
      vertex -20.685 9.7 -19.025
      vertex -20.6637 5 -18.5369
      vertex -20.685 5 -19.025
    endloop
  endfacet
  facet normal 0.991434 -0 0.130608
    outer loop
      vertex -20.6637 5 -19.5131
      vertex -20.5999 9.7 -19.9974
      vertex -20.6637 9.7 -19.5131
    endloop
  endfacet
  facet normal 0.991434 0 0.130608
    outer loop
      vertex -20.5999 9.7 -19.9974
      vertex -20.6637 5 -19.5131
      vertex -20.5999 5 -19.9974
    endloop
  endfacet
  facet normal 0.737341 0 -0.675521
    outer loop
      vertex -19.0448 5 -15.0652
      vertex -19.3748 9.7 -15.4254
      vertex -19.0448 9.7 -15.0652
    endloop
  endfacet
  facet normal 0.737341 0 -0.675521
    outer loop
      vertex -19.3748 9.7 -15.4254
      vertex -19.0448 5 -15.0652
      vertex -19.3748 5 -15.4254
    endloop
  endfacet
  facet normal 0.886979 0 -0.46181
    outer loop
      vertex -19.9347 5 -16.225
      vertex -20.1603 9.7 -16.6583
      vertex -19.9347 9.7 -16.225
    endloop
  endfacet
  facet normal 0.886979 0 -0.46181
    outer loop
      vertex -20.1603 9.7 -16.6583
      vertex -19.9347 5 -16.225
      vertex -20.1603 5 -16.6583
    endloop
  endfacet
  facet normal 0.991434 0 -0.130608
    outer loop
      vertex -20.5999 5 -18.0526
      vertex -20.6637 9.7 -18.5369
      vertex -20.5999 9.7 -18.0526
    endloop
  endfacet
  facet normal 0.991434 0 -0.130608
    outer loop
      vertex -20.6637 9.7 -18.5369
      vertex -20.5999 5 -18.0526
      vertex -20.6637 5 -18.5369
    endloop
  endfacet
  facet normal 0.953716 0 -0.30071
    outer loop
      vertex -20.3473 5 -17.1097
      vertex -20.4942 9.7 -17.5756
      vertex -20.3473 9.7 -17.1097
    endloop
  endfacet
  facet normal 0.953716 0 -0.30071
    outer loop
      vertex -20.4942 9.7 -17.5756
      vertex -20.3473 5 -17.1097
      vertex -20.4942 5 -17.5756
    endloop
  endfacet
  facet normal 0.999049 -0 0.0435971
    outer loop
      vertex -20.685 5 19.025
      vertex -20.6637 9.7 18.5369
      vertex -20.685 9.7 19.025
    endloop
  endfacet
  facet normal 0.999049 0 0.0435971
    outer loop
      vertex -20.6637 9.7 18.5369
      vertex -20.685 5 19.025
      vertex -20.6637 5 18.5369
    endloop
  endfacet
  facet normal 0.675521 0 0.737341
    outer loop
      vertex -19.0448 9.7 15.0652
      vertex -18.6846 5 14.7352
      vertex -18.6846 9.7 14.7352
    endloop
  endfacet
  facet normal 0.675521 0 0.737341
    outer loop
      vertex -18.6846 5 14.7352
      vertex -19.0448 9.7 15.0652
      vertex -19.0448 5 15.0652
    endloop
  endfacet
  facet normal 0.923862 -0 0.382725
    outer loop
      vertex -20.3473 5 17.1097
      vertex -20.1603 9.7 16.6583
      vertex -20.3473 9.7 17.1097
    endloop
  endfacet
  facet normal 0.923862 0 0.382725
    outer loop
      vertex -20.1603 9.7 16.6583
      vertex -20.3473 5 17.1097
      vertex -20.1603 5 16.6583
    endloop
  endfacet
  facet normal 0.976317 -0 0.216345
    outer loop
      vertex -20.5999 5 18.0526
      vertex -20.4942 9.7 17.5756
      vertex -20.5999 9.7 18.0526
    endloop
  endfacet
  facet normal 0.976317 0 0.216345
    outer loop
      vertex -20.4942 9.7 17.5756
      vertex -20.5999 5 18.0526
      vertex -20.4942 5 17.5756
    endloop
  endfacet
  facet normal 0.843459 -0 0.537193
    outer loop
      vertex -19.9347 5 16.225
      vertex -19.6723 9.7 15.813
      vertex -19.9347 9.7 16.225
    endloop
  endfacet
  facet normal 0.843459 0 0.537193
    outer loop
      vertex -19.6723 9.7 15.813
      vertex -19.9347 5 16.225
      vertex -19.6723 5 15.813
    endloop
  endfacet
  facet normal 0.886979 -0 0.46181
    outer loop
      vertex -20.1603 5 16.6583
      vertex -19.9347 9.7 16.225
      vertex -20.1603 9.7 16.6583
    endloop
  endfacet
  facet normal 0.886979 0 0.46181
    outer loop
      vertex -19.9347 9.7 16.225
      vertex -20.1603 5 16.6583
      vertex -19.9347 5 16.225
    endloop
  endfacet
  facet normal 0.953716 -0 0.30071
    outer loop
      vertex -20.4942 5 17.5756
      vertex -20.3473 9.7 17.1097
      vertex -20.4942 9.7 17.5756
    endloop
  endfacet
  facet normal 0.953716 0 0.30071
    outer loop
      vertex -20.3473 9.7 17.1097
      vertex -20.4942 5 17.5756
      vertex -20.3473 5 17.1097
    endloop
  endfacet
  facet normal 0.991434 -0 0.130608
    outer loop
      vertex -20.6637 5 18.5369
      vertex -20.5999 9.7 18.0526
      vertex -20.6637 9.7 18.5369
    endloop
  endfacet
  facet normal 0.991434 0 0.130608
    outer loop
      vertex -20.5999 9.7 18.0526
      vertex -20.6637 5 18.5369
      vertex -20.5999 5 18.0526
    endloop
  endfacet
  facet normal 0.609221 0 0.793
    outer loop
      vertex -18.6846 9.7 14.7352
      vertex -18.575 5 14.651
      vertex -18.575 9.7 14.651
    endloop
  endfacet
  facet normal 0.609221 0 0.793
    outer loop
      vertex -18.575 5 14.651
      vertex -18.6846 9.7 14.7352
      vertex -18.6846 5 14.7352
    endloop
  endfacet
  facet normal 0.976482 0 -0.2156
    outer loop
      vertex -20.5793 5 20.0907
      vertex -20.5999 9.7 19.9974
      vertex -20.5793 9.7 20.0907
    endloop
  endfacet
  facet normal 0.976482 0 -0.2156
    outer loop
      vertex -20.5999 9.7 19.9974
      vertex -20.5793 5 20.0907
      vertex -20.5999 5 19.9974
    endloop
  endfacet
  facet normal 0.999049 0 -0.0435971
    outer loop
      vertex -20.6637 5 19.5131
      vertex -20.685 9.7 19.025
      vertex -20.6637 9.7 19.5131
    endloop
  endfacet
  facet normal 0.999049 0 -0.0435971
    outer loop
      vertex -20.685 9.7 19.025
      vertex -20.6637 5 19.5131
      vertex -20.685 5 19.025
    endloop
  endfacet
  facet normal 0.79327 -0 0.60887
    outer loop
      vertex -19.6723 5 15.813
      vertex -19.3748 9.7 15.4254
      vertex -19.6723 9.7 15.813
    endloop
  endfacet
  facet normal 0.79327 0 0.60887
    outer loop
      vertex -19.3748 9.7 15.4254
      vertex -19.6723 5 15.813
      vertex -19.3748 5 15.4254
    endloop
  endfacet
  facet normal 0.737341 -0 0.675521
    outer loop
      vertex -19.3748 5 15.4254
      vertex -19.0448 9.7 15.0652
      vertex -19.3748 9.7 15.4254
    endloop
  endfacet
  facet normal 0.737341 0 0.675521
    outer loop
      vertex -19.0448 9.7 15.0652
      vertex -19.3748 5 15.4254
      vertex -19.0448 5 15.0652
    endloop
  endfacet
  facet normal 0.991434 0 -0.130608
    outer loop
      vertex -20.5999 5 19.9974
      vertex -20.6637 9.7 19.5131
      vertex -20.5999 9.7 19.9974
    endloop
  endfacet
  facet normal 0.991434 0 -0.130608
    outer loop
      vertex -20.6637 9.7 19.5131
      vertex -20.5999 5 19.9974
      vertex -20.6637 5 19.5131
    endloop
  endfacet
  facet normal -0.879468 0 -0.475959
    outer loop
      vertex -54.1098 0 -22.4103
      vertex -55.0499 4.2 -20.6732
      vertex -54.1098 4.2 -22.4103
    endloop
  endfacet
  facet normal -0.879468 -0 -0.475959
    outer loop
      vertex -55.0499 4.2 -20.6732
      vertex -54.1098 0 -22.4103
      vertex -55.0499 0 -20.6732
    endloop
  endfacet
  facet normal -0.0452844 0 -0.998974
    outer loop
      vertex -49.375 0 -24.725
      vertex -16.285 4.2 -26.225
      vertex -16.285 0 -26.225
    endloop
  endfacet
  facet normal -0.0452844 0 -0.998974
    outer loop
      vertex -16.285 4.2 -26.225
      vertex -49.375 0 -24.725
      vertex -49.375 4.2 -24.725
    endloop
  endfacet
  facet normal 0.915776 0 -0.40169
    outer loop
      vertex 57.5914 0 28.1521
      vertex 56.798 4.2 26.3433
      vertex 57.5914 4.2 28.1521
    endloop
  endfacet
  facet normal 0.915776 0 -0.40169
    outer loop
      vertex 56.798 4.2 26.3433
      vertex 57.5914 0 28.1521
      vertex 56.798 0 26.3433
    endloop
  endfacet
  facet normal -0.697473 0.707096 -0.116389
    outer loop
      vertex -55.0499 4.2 -20.6732
      vertex -55.375 4.2 -18.725
      vertex -54.2828 5 -20.4099
    endloop
  endfacet
  facet normal -0.475959 0 0.879468
    outer loop
      vertex -53.0603 4.2 23.4598
      vertex -51.3232 0 24.3999
      vertex -51.3232 4.2 24.3999
    endloop
  endfacet
  facet normal -0.475959 0 0.879468
    outer loop
      vertex -51.3232 0 24.3999
      vertex -53.0603 4.2 23.4598
      vertex -53.0603 0 23.4598
    endloop
  endfacet
  facet normal -0.986361 0 -0.164596
    outer loop
      vertex -55.0499 0 -20.6732
      vertex -55.375 4.2 -18.725
      vertex -55.0499 4.2 -20.6732
    endloop
  endfacet
  facet normal -0.986361 -0 -0.164596
    outer loop
      vertex -55.375 4.2 -18.725
      vertex -55.0499 0 -20.6732
      vertex -55.375 0 -18.725
    endloop
  endfacet
  facet normal -0.707107 0.707107 0
    outer loop
      vertex -54.575 5 -18.6587
      vertex -55.375 4.2 18.725
      vertex -54.575 5 18.6754
    endloop
  endfacet
  facet normal -0.707107 0.707107 0
    outer loop
      vertex -55.375 4.2 18.725
      vertex -54.575 5 -18.6587
      vertex -55.375 4.2 -18.725
    endloop
  endfacet
  facet normal -0.677289 0 -0.735717
    outer loop
      vertex -54.1098 0 -22.4103
      vertex -52.6567 4.2 -23.748
      vertex -52.6567 0 -23.748
    endloop
  endfacet
  facet normal -0.677289 0 -0.735717
    outer loop
      vertex -52.6567 4.2 -23.748
      vertex -54.1098 0 -22.4103
      vertex -54.1098 4.2 -22.4103
    endloop
  endfacet
  facet normal -0.52023 0.707106 0.478916
    outer loop
      vertex -52.5621 5 22.8198
      vertex -53.719 5 21.5631
      vertex -53.0603 4.2 23.4598
    endloop
  endfacet
  facet normal -1 0 0
    outer loop
      vertex -55.375 0 -18.725
      vertex -55.375 4.2 18.725
      vertex -55.375 4.2 -18.725
    endloop
  endfacet
  facet normal -1 -0 0
    outer loop
      vertex -55.375 4.2 18.725
      vertex -55.375 0 -18.725
      vertex -55.375 0 18.725
    endloop
  endfacet
  facet normal -0.478916 0.707106 -0.52023
    outer loop
      vertex -52.2131 5 -23.069
      vertex -54.1098 4.2 -22.4103
      vertex -53.4698 5 -21.9121
    endloop
  endfacet
  facet normal -0.282705 0.7071 0.648142
    outer loop
      vertex 17.456 5 53.5271
      vertex -51.3232 4.2 24.3999
      vertex 17.2268 4.2 54.2999
    endloop
  endfacet
  facet normal 0.336552 0.70711 -0.621875
    outer loop
      vertex 18.2332 4.2 -25.8999
      vertex 17.9698 5 -25.1328
      vertex 19.9703 4.2 -24.9598
    endloop
  endfacet
  facet normal -0.647551 0.707107 0.284037
    outer loop
      vertex -53.719 5 21.5631
      vertex -55.1914 4.2 20.1979
      vertex -54.398 4.2 22.0067
    endloop
  endfacet
  facet normal -0.735717 0 0.677289
    outer loop
      vertex -54.398 0 22.0067
      vertex -53.0603 4.2 23.4598
      vertex -54.398 4.2 22.0067
    endloop
  endfacet
  facet normal -0.735717 0 0.677289
    outer loop
      vertex -53.0603 4.2 23.4598
      vertex -54.398 0 22.0067
      vertex -53.0603 0 23.4598
    endloop
  endfacet
  facet normal -0.399801 0 0.916602
    outer loop
      vertex -51.3232 4.2 24.3999
      vertex 17.2268 0 54.2999
      vertex 17.2268 4.2 54.2999
    endloop
  endfacet
  facet normal -0.399801 0 0.916602
    outer loop
      vertex 17.2268 0 54.2999
      vertex -51.3232 4.2 24.3999
      vertex -51.3232 0 24.3999
    endloop
  endfacet
  facet normal -0.336557 0.707099 0.621885
    outer loop
      vertex -52.5621 5 22.8198
      vertex -53.0603 4.2 23.4598
      vertex -51.3232 4.2 24.3999
    endloop
  endfacet
  facet normal -0.282701 0.707111 0.648132
    outer loop
      vertex -50.9722 5 23.6802
      vertex -51.3232 4.2 24.3999
      vertex 17.456 5 53.5271
    endloop
  endfacet
  facet normal 0.621893 0.707089 0.336562
    outer loop
      vertex 56.6828 5 50.3099
      vertex 56.5098 4.2 52.3103
      vertex 57.4499 4.2 50.5732
    endloop
  endfacet
  facet normal -0.116382 0.7071 0.69747
    outer loop
      vertex 17.456 5 53.5271
      vertex 17.2268 4.2 54.2999
      vertex 19.2413 5 53.825
    endloop
  endfacet
  facet normal 0.735717 0 -0.677289
    outer loop
      vertex 21.308 0 -23.5067
      vertex 19.9703 4.2 -24.9598
      vertex 21.308 4.2 -23.5067
    endloop
  endfacet
  facet normal 0.735717 0 -0.677289
    outer loop
      vertex 19.9703 4.2 -24.9598
      vertex 21.308 0 -23.5067
      vertex 19.9703 0 -24.9598
    endloop
  endfacet
  facet normal 0.814638 0 -0.57997
    outer loop
      vertex 56.798 0 26.3433
      vertex 21.308 4.2 -23.5067
      vertex 56.798 4.2 26.3433
    endloop
  endfacet
  facet normal 0.814638 0 -0.57997
    outer loop
      vertex 21.308 4.2 -23.5067
      vertex 56.798 0 26.3433
      vertex 21.308 0 -23.5067
    endloop
  endfacet
  facet normal 0.576029 0.707116 -0.410095
    outer loop
      vertex 21.308 4.2 -23.5067
      vertex 20.6854 5 -23.0018
      vertex 56.798 4.2 26.3433
    endloop
  endfacet
  facet normal 0.707107 0.707107 -0
    outer loop
      vertex 57.775 4.2 29.625
      vertex 56.975 5 48.5587
      vertex 57.775 4.2 48.625
    endloop
  endfacet
  facet normal 0.707107 0.707107 0
    outer loop
      vertex 56.975 5 48.5587
      vertex 57.775 4.2 29.625
      vertex 56.975 5 29.6746
    endloop
  endfacet
  facet normal 0 0.707107 -0.707107
    outer loop
      vertex -16.285 4.2 -26.225
      vertex 16.2187 5 -25.425
      vertex 16.285 4.2 -26.225
    endloop
  endfacet
  facet normal 0 0.707107 -0.707107
    outer loop
      vertex 16.2187 5 -25.425
      vertex -16.285 4.2 -26.225
      vertex -16.2669 5 -25.425
    endloop
  endfacet
  facet normal 0 0 -1
    outer loop
      vertex -16.285 0 -26.225
      vertex 16.285 4.2 -26.225
      vertex 16.285 0 -26.225
    endloop
  endfacet
  facet normal -0 0 -1
    outer loop
      vertex 16.285 4.2 -26.225
      vertex -16.285 0 -26.225
      vertex -16.285 4.2 -26.225
    endloop
  endfacet
  facet normal -0.0320209 0.707106 -0.706382
    outer loop
      vertex -16.285 4.2 -26.225
      vertex -49.375 4.2 -24.725
      vertex -16.2669 5 -25.425
    endloop
  endfacet
  facet normal 0.520231 0.707106 -0.478916
    outer loop
      vertex 19.9703 4.2 -24.9598
      vertex 19.4721 5 -24.3198
      vertex 21.308 4.2 -23.5067
    endloop
  endfacet
  facet normal -0.40169 0 -0.915776
    outer loop
      vertex -52.6567 0 -23.748
      vertex -50.8479 4.2 -24.5414
      vertex -50.8479 0 -24.5414
    endloop
  endfacet
  facet normal -0.40169 0 -0.915776
    outer loop
      vertex -50.8479 4.2 -24.5414
      vertex -52.6567 0 -23.748
      vertex -52.6567 4.2 -23.748
    endloop
  endfacet
  facet normal -0.520231 0.707106 0.478916
    outer loop
      vertex -53.719 5 21.5631
      vertex -54.398 4.2 22.0067
      vertex -53.0603 4.2 23.4598
    endloop
  endfacet
  facet normal -0.70168 0.707103 0.0874659
    outer loop
      vertex -54.575 5 18.6754
      vertex -55.375 4.2 18.725
      vertex -55.1914 4.2 20.1979
    endloop
  endfacet
  facet normal 0.986361 -0 0.164596
    outer loop
      vertex 57.4499 0 50.5732
      vertex 57.775 4.2 48.625
      vertex 57.4499 4.2 50.5732
    endloop
  endfacet
  facet normal 0.986361 0 0.164596
    outer loop
      vertex 57.775 4.2 48.625
      vertex 57.4499 0 50.5732
      vertex 57.775 0 48.625
    endloop
  endfacet
  facet normal -0.116387 0.707107 0.697462
    outer loop
      vertex 19.2413 5 53.825
      vertex 17.2268 4.2 54.2999
      vertex 19.175 4.2 54.625
    endloop
  endfacet
  facet normal -0 0 1
    outer loop
      vertex 19.175 4.2 54.625
      vertex 51.775 0 54.625
      vertex 51.775 4.2 54.625
    endloop
  endfacet
  facet normal 0 0 1
    outer loop
      vertex 51.775 0 54.625
      vertex 19.175 4.2 54.625
      vertex 19.175 0 54.625
    endloop
  endfacet
  facet normal -0.164596 0 0.986361
    outer loop
      vertex 17.2268 4.2 54.2999
      vertex 19.175 0 54.625
      vertex 19.175 4.2 54.625
    endloop
  endfacet
  facet normal -0.164596 0 0.986361
    outer loop
      vertex 19.175 0 54.625
      vertex 17.2268 4.2 54.2999
      vertex 17.2268 0 54.2999
    endloop
  endfacet
  facet normal 0.70168 0.707103 -0.0874659
    outer loop
      vertex 57.5914 4.2 28.1521
      vertex 56.975 5 29.6746
      vertex 57.775 4.2 29.625
    endloop
  endfacet
  facet normal 0.99232 0 -0.123695
    outer loop
      vertex 57.775 0 29.625
      vertex 57.5914 4.2 28.1521
      vertex 57.775 4.2 29.625
    endloop
  endfacet
  facet normal 0.99232 0 -0.123695
    outer loop
      vertex 57.5914 4.2 28.1521
      vertex 57.775 0 29.625
      vertex 57.5914 0 28.1521
    endloop
  endfacet
  facet normal 0.116383 0.707108 -0.697462
    outer loop
      vertex 16.285 4.2 -26.225
      vertex 16.2187 5 -25.425
      vertex 17.9698 5 -25.1328
    endloop
  endfacet
  facet normal 0.116388 0.707103 -0.697466
    outer loop
      vertex 18.2332 4.2 -25.8999
      vertex 16.285 4.2 -26.225
      vertex 17.9698 5 -25.1328
    endloop
  endfacet
  facet normal 0.520229 0.707116 -0.478903
    outer loop
      vertex 21.308 4.2 -23.5067
      vertex 19.4721 5 -24.3198
      vertex 20.6854 5 -23.0018
    endloop
  endfacet
  facet normal 0.576017 0.70713 -0.410087
    outer loop
      vertex 56.798 4.2 26.3433
      vertex 20.6854 5 -23.0018
      vertex 56.0984 5 26.7401
    endloop
  endfacet
  facet normal -0.62188 0.7071 -0.336565
    outer loop
      vertex -54.1098 4.2 -22.4103
      vertex -54.2828 5 -20.4099
      vertex -53.4698 5 -21.9121
    endloop
  endfacet
  facet normal -0.621893 0.707089 -0.336562
    outer loop
      vertex -54.1098 4.2 -22.4103
      vertex -55.0499 4.2 -20.6732
      vertex -54.2828 5 -20.4099
    endloop
  endfacet
  facet normal -0.032021 0.707128 -0.70636
    outer loop
      vertex -16.2669 5 -25.425
      vertex -49.375 4.2 -24.725
      vertex -49.3073 5 -23.9272
    endloop
  endfacet
  facet normal -0.123695 0 -0.99232
    outer loop
      vertex -50.8479 0 -24.5414
      vertex -49.375 4.2 -24.725
      vertex -49.375 0 -24.725
    endloop
  endfacet
  facet normal -0.123695 0 -0.99232
    outer loop
      vertex -49.375 4.2 -24.725
      vertex -50.8479 0 -24.5414
      vertex -50.8479 4.2 -24.5414
    endloop
  endfacet
  facet normal -0.336539 0.707113 0.621878
    outer loop
      vertex -50.9722 5 23.6802
      vertex -52.5621 5 22.8198
      vertex -51.3232 4.2 24.3999
    endloop
  endfacet
  facet normal -0.701698 0.707088 0.0874507
    outer loop
      vertex -54.575 5 18.6754
      vertex -55.1914 4.2 20.1979
      vertex -54.412 5 19.9833
    endloop
  endfacet
  facet normal -0.647562 0.707087 0.284062
    outer loop
      vertex -54.412 5 19.9833
      vertex -55.1914 4.2 20.1979
      vertex -53.719 5 21.5631
    endloop
  endfacet
  facet normal -0.915776 0 0.40169
    outer loop
      vertex -55.1914 0 20.1979
      vertex -54.398 4.2 22.0067
      vertex -55.1914 4.2 20.1979
    endloop
  endfacet
  facet normal -0.915776 0 0.40169
    outer loop
      vertex -54.398 4.2 22.0067
      vertex -55.1914 0 20.1979
      vertex -54.398 0 22.0067
    endloop
  endfacet
  facet normal -0.99232 0 0.123695
    outer loop
      vertex -55.375 0 18.725
      vertex -55.1914 4.2 20.1979
      vertex -55.375 4.2 18.725
    endloop
  endfacet
  facet normal -0.99232 0 0.123695
    outer loop
      vertex -55.1914 4.2 20.1979
      vertex -55.375 0 18.725
      vertex -55.1914 0 20.1979
    endloop
  endfacet
  facet normal 1 -0 0
    outer loop
      vertex 57.775 0 48.625
      vertex 57.775 4.2 29.625
      vertex 57.775 4.2 48.625
    endloop
  endfacet
  facet normal 1 0 0
    outer loop
      vertex 57.775 4.2 29.625
      vertex 57.775 0 48.625
      vertex 57.775 0 29.625
    endloop
  endfacet
  facet normal 0.478916 0.707106 0.52023
    outer loop
      vertex 55.8698 5 51.8121
      vertex 54.6131 5 52.969
      vertex 56.5098 4.2 52.3103
    endloop
  endfacet
  facet normal 0.284037 0.707107 0.647551
    outer loop
      vertex 54.6131 5 52.969
      vertex 53.2479 4.2 54.4414
      vertex 55.0567 4.2 53.648
    endloop
  endfacet
  facet normal 0.879468 -0 0.475959
    outer loop
      vertex 56.5098 0 52.3103
      vertex 57.4499 4.2 50.5732
      vertex 56.5098 4.2 52.3103
    endloop
  endfacet
  facet normal 0.879468 0 0.475959
    outer loop
      vertex 57.4499 4.2 50.5732
      vertex 56.5098 0 52.3103
      vertex 57.4499 0 50.5732
    endloop
  endfacet
  facet normal 0.0874659 0.707103 0.70168
    outer loop
      vertex 53.2479 4.2 54.4414
      vertex 51.7254 5 53.825
      vertex 51.775 4.2 54.625
    endloop
  endfacet
  facet normal 0.123695 0 0.99232
    outer loop
      vertex 51.775 4.2 54.625
      vertex 53.2479 0 54.4414
      vertex 53.2479 4.2 54.4414
    endloop
  endfacet
  facet normal 0.123695 0 0.99232
    outer loop
      vertex 53.2479 0 54.4414
      vertex 51.775 4.2 54.625
      vertex 51.775 0 54.625
    endloop
  endfacet
  facet normal 0.701698 0.707088 -0.0874507
    outer loop
      vertex 57.5914 4.2 28.1521
      vertex 56.812 5 28.3667
      vertex 56.975 5 29.6746
    endloop
  endfacet
  facet normal 0.647568 0.707088 -0.284045
    outer loop
      vertex 57.5914 4.2 28.1521
      vertex 56.798 4.2 26.3433
      vertex 56.812 5 28.3667
    endloop
  endfacet
  facet normal 0.164596 0 -0.986361
    outer loop
      vertex 16.285 0 -26.225
      vertex 18.2332 4.2 -25.8999
      vertex 18.2332 0 -25.8999
    endloop
  endfacet
  facet normal 0.164596 0 -0.986361
    outer loop
      vertex 18.2332 4.2 -25.8999
      vertex 16.285 0 -26.225
      vertex 16.285 4.2 -26.225
    endloop
  endfacet
  facet normal 0.475959 0 -0.879468
    outer loop
      vertex 18.2332 0 -25.8999
      vertex 19.9703 4.2 -24.9598
      vertex 19.9703 0 -24.9598
    endloop
  endfacet
  facet normal 0.475959 0 -0.879468
    outer loop
      vertex 19.9703 4.2 -24.9598
      vertex 18.2332 0 -25.8999
      vertex 18.2332 4.2 -25.8999
    endloop
  endfacet
  facet normal 0.336549 0.707098 -0.62189
    outer loop
      vertex 19.9703 4.2 -24.9598
      vertex 17.9698 5 -25.1328
      vertex 19.4721 5 -24.3198
    endloop
  endfacet
  facet normal -0.697463 0.707108 -0.116377
    outer loop
      vertex -54.2828 5 -20.4099
      vertex -55.375 4.2 -18.725
      vertex -54.575 5 -18.6587
    endloop
  endfacet
  facet normal -0.478916 0.707106 -0.520231
    outer loop
      vertex -52.6567 4.2 -23.748
      vertex -54.1098 4.2 -22.4103
      vertex -52.2131 5 -23.069
    endloop
  endfacet
  facet normal -0.284062 0.707087 -0.647562
    outer loop
      vertex -50.8479 4.2 -24.5414
      vertex -52.2131 5 -23.069
      vertex -50.6333 5 -23.762
    endloop
  endfacet
  facet normal 0.697473 0.707096 0.116389
    outer loop
      vertex 57.775 4.2 48.625
      vertex 56.6828 5 50.3099
      vertex 57.4499 4.2 50.5732
    endloop
  endfacet
  facet normal -0 0.707107 0.707107
    outer loop
      vertex 19.2413 5 53.825
      vertex 51.775 4.2 54.625
      vertex 51.7254 5 53.825
    endloop
  endfacet
  facet normal 0 0.707107 0.707107
    outer loop
      vertex 51.775 4.2 54.625
      vertex 19.2413 5 53.825
      vertex 19.175 4.2 54.625
    endloop
  endfacet
  facet normal 0.40169 0 0.915776
    outer loop
      vertex 53.2479 4.2 54.4414
      vertex 55.0567 0 53.648
      vertex 55.0567 4.2 53.648
    endloop
  endfacet
  facet normal 0.40169 0 0.915776
    outer loop
      vertex 55.0567 0 53.648
      vertex 53.2479 4.2 54.4414
      vertex 53.2479 0 54.4414
    endloop
  endfacet
  facet normal 0.677289 0 0.735717
    outer loop
      vertex 55.0567 4.2 53.648
      vertex 56.5098 0 52.3103
      vertex 56.5098 4.2 52.3103
    endloop
  endfacet
  facet normal 0.677289 0 0.735717
    outer loop
      vertex 56.5098 0 52.3103
      vertex 55.0567 4.2 53.648
      vertex 55.0567 0 53.648
    endloop
  endfacet
  facet normal 0.478916 0.707106 0.520231
    outer loop
      vertex 56.5098 4.2 52.3103
      vertex 54.6131 5 52.969
      vertex 55.0567 4.2 53.648
    endloop
  endfacet
  facet normal 0.0874565 0.707094 0.701691
    outer loop
      vertex 53.0332 5 53.662
      vertex 51.7254 5 53.825
      vertex 53.2479 4.2 54.4414
    endloop
  endfacet
  facet normal 0.284039 0.707106 0.647552
    outer loop
      vertex 54.6131 5 52.969
      vertex 53.0332 5 53.662
      vertex 53.2479 4.2 54.4414
    endloop
  endfacet
  facet normal 0.647505 0.707139 -0.284064
    outer loop
      vertex 56.798 4.2 26.3433
      vertex 56.0984 5 26.7401
      vertex 56.812 5 28.3667
    endloop
  endfacet
  facet normal -0.0874676 0.707089 -0.701694
    outer loop
      vertex -49.375 4.2 -24.725
      vertex -50.8479 4.2 -24.5414
      vertex -50.6333 5 -23.762
    endloop
  endfacet
  facet normal -0.284037 0.707107 -0.647551
    outer loop
      vertex -50.8479 4.2 -24.5414
      vertex -52.6567 4.2 -23.748
      vertex -52.2131 5 -23.069
    endloop
  endfacet
  facet normal 0.697463 0.707108 0.116377
    outer loop
      vertex 56.975 5 48.5587
      vertex 56.6828 5 50.3099
      vertex 57.775 4.2 48.625
    endloop
  endfacet
  facet normal -0.0874165 0.707129 -0.701661
    outer loop
      vertex -49.375 4.2 -24.725
      vertex -50.6333 5 -23.762
      vertex -49.3073 5 -23.9272
    endloop
  endfacet
  facet normal 0.62188 0.7071 0.336565
    outer loop
      vertex 56.6828 5 50.3099
      vertex 55.8698 5 51.8121
      vertex 56.5098 4.2 52.3103
    endloop
  endfacet
  facet normal -0.99787 0 0.0652336
    outer loop
      vertex -12.8542 0 -19.3187
      vertex -12.835 3.25 -19.025
      vertex -12.8542 3.25 -19.3187
    endloop
  endfacet
  facet normal -0.99787 0 0.0652336
    outer loop
      vertex -12.835 3.25 -19.025
      vertex -12.8542 0 -19.3187
      vertex -12.835 0 -19.025
    endloop
  endfacet
  facet normal 0.99787 -0 0.0652336
    outer loop
      vertex -17.335 0 -19.025
      vertex -17.3158 3.25 -19.3187
      vertex -17.335 3.25 -19.025
    endloop
  endfacet
  facet normal 0.99787 0 0.0652336
    outer loop
      vertex -17.3158 3.25 -19.3187
      vertex -17.335 0 -19.025
      vertex -17.3158 0 -19.3187
    endloop
  endfacet
  facet normal -0.0652336 0 0.99787
    outer loop
      vertex -15.085 3.25 -21.275
      vertex -14.7913 0 -21.2558
      vertex -14.7913 3.25 -21.2558
    endloop
  endfacet
  facet normal -0.0652336 0 0.99787
    outer loop
      vertex -14.7913 0 -21.2558
      vertex -15.085 3.25 -21.275
      vertex -15.085 0 -21.275
    endloop
  endfacet
  facet normal 0.0655719 0 -0.997848
    outer loop
      vertex -15.3787 0 -16.7943
      vertex -15.085 3.25 -16.775
      vertex -15.085 0 -16.775
    endloop
  endfacet
  facet normal 0.0655719 0 -0.997848
    outer loop
      vertex -15.085 3.25 -16.775
      vertex -15.3787 0 -16.7943
      vertex -15.3787 3.25 -16.7943
    endloop
  endfacet
  facet normal 0.751966 0 -0.659202
    outer loop
      vertex -16.676 0 -17.434
      vertex -16.87 3.25 -17.6553
      vertex -16.676 3.25 -17.434
    endloop
  endfacet
  facet normal 0.751966 0 -0.659202
    outer loop
      vertex -16.87 3.25 -17.6553
      vertex -16.676 0 -17.434
      vertex -16.87 0 -17.6553
    endloop
  endfacet
  facet normal -0.751966 0 0.659202
    outer loop
      vertex -13.494 0 -20.616
      vertex -13.3 3.25 -20.3947
      vertex -13.494 3.25 -20.616
    endloop
  endfacet
  facet normal -0.751966 0 0.659202
    outer loop
      vertex -13.3 3.25 -20.3947
      vertex -13.494 0 -20.616
      vertex -13.3 0 -20.3947
    endloop
  endfacet
  facet normal 0.659202 0 0.751966
    outer loop
      vertex -16.676 3.25 -20.616
      vertex -16.4547 0 -20.81
      vertex -16.4547 3.25 -20.81
    endloop
  endfacet
  facet normal 0.659202 0 0.751966
    outer loop
      vertex -16.4547 0 -20.81
      vertex -16.676 3.25 -20.616
      vertex -16.676 0 -20.616
    endloop
  endfacet
  facet normal 0.321421 0 0.946936
    outer loop
      vertex -15.946 3.25 -21.1037
      vertex -15.6673 0 -21.1983
      vertex -15.6673 3.25 -21.1983
    endloop
  endfacet
  facet normal 0.321421 0 0.946936
    outer loop
      vertex -15.6673 0 -21.1983
      vertex -15.946 3.25 -21.1037
      vertex -15.946 0 -21.1037
    endloop
  endfacet
  facet normal -0.896995 0 0.442042
    outer loop
      vertex -13.1364 0 -20.15
      vertex -13.0063 3.25 -19.886
      vertex -13.1364 3.25 -20.15
    endloop
  endfacet
  facet normal -0.896995 0 0.442042
    outer loop
      vertex -13.0063 3.25 -19.886
      vertex -13.1364 0 -20.15
      vertex -13.0063 0 -19.886
    endloop
  endfacet
  facet normal -0.831318 0 0.555797
    outer loop
      vertex -13.3 0 -20.3947
      vertex -13.1364 3.25 -20.15
      vertex -13.3 3.25 -20.3947
    endloop
  endfacet
  facet normal -0.831318 0 0.555797
    outer loop
      vertex -13.1364 3.25 -20.15
      vertex -13.3 0 -20.3947
      vertex -13.1364 0 -20.15
    endloop
  endfacet
  facet normal -0.442042 0 0.896995
    outer loop
      vertex -14.224 3.25 -21.1037
      vertex -13.96 0 -20.9736
      vertex -13.96 3.25 -20.9736
    endloop
  endfacet
  facet normal -0.442042 0 0.896995
    outer loop
      vertex -13.96 0 -20.9736
      vertex -14.224 3.25 -21.1037
      vertex -14.224 0 -21.1037
    endloop
  endfacet
  facet normal -0.321421 0 0.946936
    outer loop
      vertex -14.5027 3.25 -21.1983
      vertex -14.224 0 -21.1037
      vertex -14.224 3.25 -21.1037
    endloop
  endfacet
  facet normal -0.321421 0 0.946936
    outer loop
      vertex -14.224 0 -21.1037
      vertex -14.5027 3.25 -21.1983
      vertex -14.5027 0 -21.1983
    endloop
  endfacet
  facet normal -0.555797 0 0.831318
    outer loop
      vertex -13.96 3.25 -20.9736
      vertex -13.7153 0 -20.81
      vertex -13.7153 3.25 -20.81
    endloop
  endfacet
  facet normal -0.555797 0 0.831318
    outer loop
      vertex -13.7153 0 -20.81
      vertex -13.96 3.25 -20.9736
      vertex -13.96 0 -20.9736
    endloop
  endfacet
  facet normal 0.896995 -0 0.442042
    outer loop
      vertex -17.1637 0 -19.886
      vertex -17.0336 3.25 -20.15
      vertex -17.1637 3.25 -19.886
    endloop
  endfacet
  facet normal 0.896995 0 0.442042
    outer loop
      vertex -17.0336 3.25 -20.15
      vertex -17.1637 0 -19.886
      vertex -17.0336 0 -20.15
    endloop
  endfacet
  facet normal 0.946936 -0 0.321421
    outer loop
      vertex -17.2583 0 -19.6073
      vertex -17.1637 3.25 -19.886
      vertex -17.2583 3.25 -19.6073
    endloop
  endfacet
  facet normal 0.946936 0 0.321421
    outer loop
      vertex -17.1637 3.25 -19.886
      vertex -17.2583 0 -19.6073
      vertex -17.1637 0 -19.886
    endloop
  endfacet
  facet normal 0.442042 0 0.896995
    outer loop
      vertex -16.21 3.25 -20.9736
      vertex -15.946 0 -21.1037
      vertex -15.946 3.25 -21.1037
    endloop
  endfacet
  facet normal 0.442042 0 0.896995
    outer loop
      vertex -15.946 0 -21.1037
      vertex -16.21 3.25 -20.9736
      vertex -16.21 0 -20.9736
    endloop
  endfacet
  facet normal 0.195397 0 0.980724
    outer loop
      vertex -15.6673 3.25 -21.1983
      vertex -15.3787 0 -21.2558
      vertex -15.3787 3.25 -21.2558
    endloop
  endfacet
  facet normal 0.195397 0 0.980724
    outer loop
      vertex -15.3787 0 -21.2558
      vertex -15.6673 3.25 -21.1983
      vertex -15.6673 0 -21.1983
    endloop
  endfacet
  facet normal -0.442042 0 -0.896995
    outer loop
      vertex -14.224 0 -16.9463
      vertex -13.96 3.25 -17.0764
      vertex -13.96 0 -17.0764
    endloop
  endfacet
  facet normal -0.442042 0 -0.896995
    outer loop
      vertex -13.96 3.25 -17.0764
      vertex -14.224 0 -16.9463
      vertex -14.224 3.25 -16.9463
    endloop
  endfacet
  facet normal 0.321421 0 -0.946936
    outer loop
      vertex -15.946 0 -16.9463
      vertex -15.6673 3.25 -16.8517
      vertex -15.6673 0 -16.8517
    endloop
  endfacet
  facet normal 0.321421 0 -0.946936
    outer loop
      vertex -15.6673 3.25 -16.8517
      vertex -15.946 0 -16.9463
      vertex -15.946 3.25 -16.9463
    endloop
  endfacet
  facet normal 0.896995 0 -0.442042
    outer loop
      vertex -17.0336 0 -17.9
      vertex -17.1637 3.25 -18.164
      vertex -17.0336 3.25 -17.9
    endloop
  endfacet
  facet normal 0.896995 0 -0.442042
    outer loop
      vertex -17.1637 3.25 -18.164
      vertex -17.0336 0 -17.9
      vertex -17.1637 0 -18.164
    endloop
  endfacet
  facet normal -0.946936 0 0.321421
    outer loop
      vertex -13.0063 0 -19.886
      vertex -12.9117 3.25 -19.6073
      vertex -13.0063 3.25 -19.886
    endloop
  endfacet
  facet normal -0.946936 0 0.321421
    outer loop
      vertex -12.9117 3.25 -19.6073
      vertex -13.0063 0 -19.886
      vertex -12.9117 0 -19.6073
    endloop
  endfacet
  facet normal -0.980724 0 0.195397
    outer loop
      vertex -12.9117 0 -19.6073
      vertex -12.8542 3.25 -19.3187
      vertex -12.9117 3.25 -19.6073
    endloop
  endfacet
  facet normal -0.980724 0 0.195397
    outer loop
      vertex -12.8542 3.25 -19.3187
      vertex -12.9117 0 -19.6073
      vertex -12.8542 0 -19.3187
    endloop
  endfacet
  facet normal -0.195397 0 0.980724
    outer loop
      vertex -14.7913 3.25 -21.2558
      vertex -14.5027 0 -21.1983
      vertex -14.5027 3.25 -21.1983
    endloop
  endfacet
  facet normal -0.195397 0 0.980724
    outer loop
      vertex -14.5027 0 -21.1983
      vertex -14.7913 3.25 -21.2558
      vertex -14.7913 0 -21.2558
    endloop
  endfacet
  facet normal -0.659202 0 0.751966
    outer loop
      vertex -13.7153 3.25 -20.81
      vertex -13.494 0 -20.616
      vertex -13.494 3.25 -20.616
    endloop
  endfacet
  facet normal -0.659202 0 0.751966
    outer loop
      vertex -13.494 0 -20.616
      vertex -13.7153 3.25 -20.81
      vertex -13.7153 0 -20.81
    endloop
  endfacet
  facet normal 0.831318 -0 0.555797
    outer loop
      vertex -17.0336 0 -20.15
      vertex -16.87 3.25 -20.3947
      vertex -17.0336 3.25 -20.15
    endloop
  endfacet
  facet normal 0.831318 0 0.555797
    outer loop
      vertex -16.87 3.25 -20.3947
      vertex -17.0336 0 -20.15
      vertex -16.87 0 -20.3947
    endloop
  endfacet
  facet normal 0.751966 -0 0.659202
    outer loop
      vertex -16.87 0 -20.3947
      vertex -16.676 3.25 -20.616
      vertex -16.87 3.25 -20.3947
    endloop
  endfacet
  facet normal 0.751966 0 0.659202
    outer loop
      vertex -16.676 3.25 -20.616
      vertex -16.87 0 -20.3947
      vertex -16.676 0 -20.616
    endloop
  endfacet
  facet normal 0.980724 -0 0.195397
    outer loop
      vertex -17.3158 0 -19.3187
      vertex -17.2583 3.25 -19.6073
      vertex -17.3158 3.25 -19.3187
    endloop
  endfacet
  facet normal 0.980724 0 0.195397
    outer loop
      vertex -17.2583 3.25 -19.6073
      vertex -17.3158 0 -19.3187
      vertex -17.2583 0 -19.6073
    endloop
  endfacet
  facet normal 0.555797 0 0.831318
    outer loop
      vertex -16.4547 3.25 -20.81
      vertex -16.21 0 -20.9736
      vertex -16.21 3.25 -20.9736
    endloop
  endfacet
  facet normal 0.555797 0 0.831318
    outer loop
      vertex -16.21 0 -20.9736
      vertex -16.4547 3.25 -20.81
      vertex -16.4547 0 -20.81
    endloop
  endfacet
  facet normal 0.0652336 0 0.99787
    outer loop
      vertex -15.3787 3.25 -21.2558
      vertex -15.085 0 -21.275
      vertex -15.085 3.25 -21.275
    endloop
  endfacet
  facet normal 0.0652336 0 0.99787
    outer loop
      vertex -15.085 0 -21.275
      vertex -15.3787 3.25 -21.2558
      vertex -15.3787 0 -21.2558
    endloop
  endfacet
  facet normal -0.99787 0 -0.0652336
    outer loop
      vertex -12.835 0 -19.025
      vertex -12.8542 3.25 -18.7313
      vertex -12.835 3.25 -19.025
    endloop
  endfacet
  facet normal -0.99787 -0 -0.0652336
    outer loop
      vertex -12.8542 3.25 -18.7313
      vertex -12.835 0 -19.025
      vertex -12.8542 0 -18.7313
    endloop
  endfacet
  facet normal -0.0655719 0 -0.997848
    outer loop
      vertex -15.085 0 -16.775
      vertex -14.7913 3.25 -16.7943
      vertex -14.7913 0 -16.7943
    endloop
  endfacet
  facet normal -0.0655719 0 -0.997848
    outer loop
      vertex -14.7913 3.25 -16.7943
      vertex -15.085 0 -16.775
      vertex -15.085 3.25 -16.775
    endloop
  endfacet
  facet normal -0.321421 0 -0.946936
    outer loop
      vertex -14.5027 0 -16.8517
      vertex -14.224 3.25 -16.9463
      vertex -14.224 0 -16.9463
    endloop
  endfacet
  facet normal -0.321421 0 -0.946936
    outer loop
      vertex -14.224 3.25 -16.9463
      vertex -14.5027 0 -16.8517
      vertex -14.5027 3.25 -16.8517
    endloop
  endfacet
  facet normal -0.555797 0 -0.831318
    outer loop
      vertex -13.96 0 -17.0764
      vertex -13.7153 3.25 -17.24
      vertex -13.7153 0 -17.24
    endloop
  endfacet
  facet normal -0.555797 0 -0.831318
    outer loop
      vertex -13.7153 3.25 -17.24
      vertex -13.96 0 -17.0764
      vertex -13.96 3.25 -17.0764
    endloop
  endfacet
  facet normal -0.751966 0 -0.659202
    outer loop
      vertex -13.3 0 -17.6553
      vertex -13.494 3.25 -17.434
      vertex -13.3 3.25 -17.6553
    endloop
  endfacet
  facet normal -0.751966 -0 -0.659202
    outer loop
      vertex -13.494 3.25 -17.434
      vertex -13.3 0 -17.6553
      vertex -13.494 0 -17.434
    endloop
  endfacet
  facet normal -0.896995 0 -0.442042
    outer loop
      vertex -13.0063 0 -18.164
      vertex -13.1364 3.25 -17.9
      vertex -13.0063 3.25 -18.164
    endloop
  endfacet
  facet normal -0.896995 -0 -0.442042
    outer loop
      vertex -13.1364 3.25 -17.9
      vertex -13.0063 0 -18.164
      vertex -13.1364 0 -17.9
    endloop
  endfacet
  facet normal 0.659202 0 -0.751966
    outer loop
      vertex -16.676 0 -17.434
      vertex -16.4547 3.25 -17.24
      vertex -16.4547 0 -17.24
    endloop
  endfacet
  facet normal 0.659202 0 -0.751966
    outer loop
      vertex -16.4547 3.25 -17.24
      vertex -16.676 0 -17.434
      vertex -16.676 3.25 -17.434
    endloop
  endfacet
  facet normal 0.442042 0 -0.896995
    outer loop
      vertex -16.21 0 -17.0764
      vertex -15.946 3.25 -16.9463
      vertex -15.946 0 -16.9463
    endloop
  endfacet
  facet normal 0.442042 0 -0.896995
    outer loop
      vertex -15.946 3.25 -16.9463
      vertex -16.21 0 -17.0764
      vertex -16.21 3.25 -17.0764
    endloop
  endfacet
  facet normal 0.19507 0 -0.980789
    outer loop
      vertex -15.6673 0 -16.8517
      vertex -15.3787 3.25 -16.7943
      vertex -15.3787 0 -16.7943
    endloop
  endfacet
  facet normal 0.19507 0 -0.980789
    outer loop
      vertex -15.3787 3.25 -16.7943
      vertex -15.6673 0 -16.8517
      vertex -15.6673 3.25 -16.8517
    endloop
  endfacet
  facet normal 0.831318 0 -0.555797
    outer loop
      vertex -16.87 0 -17.6553
      vertex -17.0336 3.25 -17.9
      vertex -16.87 3.25 -17.6553
    endloop
  endfacet
  facet normal 0.831318 0 -0.555797
    outer loop
      vertex -17.0336 3.25 -17.9
      vertex -16.87 0 -17.6553
      vertex -17.0336 0 -17.9
    endloop
  endfacet
  facet normal 0.946936 0 -0.321421
    outer loop
      vertex -17.1637 0 -18.164
      vertex -17.2583 3.25 -18.4427
      vertex -17.1637 3.25 -18.164
    endloop
  endfacet
  facet normal 0.946936 0 -0.321421
    outer loop
      vertex -17.2583 3.25 -18.4427
      vertex -17.1637 0 -18.164
      vertex -17.2583 0 -18.4427
    endloop
  endfacet
  facet normal 0.99787 0 -0.0652336
    outer loop
      vertex -17.3158 0 -18.7313
      vertex -17.335 3.25 -19.025
      vertex -17.3158 3.25 -18.7313
    endloop
  endfacet
  facet normal 0.99787 0 -0.0652336
    outer loop
      vertex -17.335 3.25 -19.025
      vertex -17.3158 0 -18.7313
      vertex -17.335 0 -19.025
    endloop
  endfacet
  facet normal -0.19507 0 -0.980789
    outer loop
      vertex -14.7913 0 -16.7943
      vertex -14.5027 3.25 -16.8517
      vertex -14.5027 0 -16.8517
    endloop
  endfacet
  facet normal -0.19507 0 -0.980789
    outer loop
      vertex -14.5027 3.25 -16.8517
      vertex -14.7913 0 -16.7943
      vertex -14.7913 3.25 -16.7943
    endloop
  endfacet
  facet normal -0.659202 0 -0.751966
    outer loop
      vertex -13.7153 0 -17.24
      vertex -13.494 3.25 -17.434
      vertex -13.494 0 -17.434
    endloop
  endfacet
  facet normal -0.659202 0 -0.751966
    outer loop
      vertex -13.494 3.25 -17.434
      vertex -13.7153 0 -17.24
      vertex -13.7153 3.25 -17.24
    endloop
  endfacet
  facet normal -0.831318 0 -0.555797
    outer loop
      vertex -13.1364 0 -17.9
      vertex -13.3 3.25 -17.6553
      vertex -13.1364 3.25 -17.9
    endloop
  endfacet
  facet normal -0.831318 -0 -0.555797
    outer loop
      vertex -13.3 3.25 -17.6553
      vertex -13.1364 0 -17.9
      vertex -13.3 0 -17.6553
    endloop
  endfacet
  facet normal -0.980724 0 -0.195397
    outer loop
      vertex -12.8542 0 -18.7313
      vertex -12.9117 3.25 -18.4427
      vertex -12.8542 3.25 -18.7313
    endloop
  endfacet
  facet normal -0.980724 -0 -0.195397
    outer loop
      vertex -12.9117 3.25 -18.4427
      vertex -12.8542 0 -18.7313
      vertex -12.9117 0 -18.4427
    endloop
  endfacet
  facet normal -0.946936 0 -0.321421
    outer loop
      vertex -12.9117 0 -18.4427
      vertex -13.0063 3.25 -18.164
      vertex -12.9117 3.25 -18.4427
    endloop
  endfacet
  facet normal -0.946936 -0 -0.321421
    outer loop
      vertex -13.0063 3.25 -18.164
      vertex -12.9117 0 -18.4427
      vertex -13.0063 0 -18.164
    endloop
  endfacet
  facet normal 0.555797 0 -0.831318
    outer loop
      vertex -16.4547 0 -17.24
      vertex -16.21 3.25 -17.0764
      vertex -16.21 0 -17.0764
    endloop
  endfacet
  facet normal 0.555797 0 -0.831318
    outer loop
      vertex -16.21 3.25 -17.0764
      vertex -16.4547 0 -17.24
      vertex -16.4547 3.25 -17.24
    endloop
  endfacet
  facet normal 0.980724 0 -0.195397
    outer loop
      vertex -17.2583 0 -18.4427
      vertex -17.3158 3.25 -18.7313
      vertex -17.2583 3.25 -18.4427
    endloop
  endfacet
  facet normal 0.980724 0 -0.195397
    outer loop
      vertex -17.3158 3.25 -18.7313
      vertex -17.2583 0 -18.4427
      vertex -17.3158 0 -18.7313
    endloop
  endfacet
  facet normal -0.642901 0.704745 -0.300021
    outer loop
      vertex -13.0063 3.25 -18.164
      vertex -11.4093 4.99 -17.4989
      vertex -11.4079 4.99 -17.5019
    endloop
  endfacet
  facet normal -0.636736 0.704348 -0.313785
    outer loop
      vertex -11.4093 4.99 -17.4989
      vertex -13.0063 3.25 -18.164
      vertex -13.1364 3.25 -17.9
    endloop
  endfacet
  facet normal -0.708358 0.704328 0.0463822
    outer loop
      vertex -11.1049 4.99 -19.025
      vertex -11.1387 4.99 -19.5412
      vertex -12.835 3.25 -19.025
    endloop
  endfacet
  facet normal -0.708694 0.704207 0.0429511
    outer loop
      vertex -12.8542 3.25 -19.3187
      vertex -11.1387 4.99 -19.5412
      vertex -11.1389 4.99 -19.5445
    endloop
  endfacet
  facet normal -0.708372 0.704319 0.0463083
    outer loop
      vertex -11.1387 4.99 -19.5412
      vertex -12.8542 3.25 -19.3187
      vertex -12.835 3.25 -19.025
    endloop
  endfacet
  facet normal 0.636678 0.704328 -0.313948
    outer loop
      vertex -18.5319 4.99 -17.0349
      vertex -17.0336 3.25 -17.9
      vertex -18.7607 4.99 -17.4989
    endloop
  endfacet
  facet normal 0.313948 0.704328 0.636678
    outer loop
      vertex -16.21 3.25 -20.9736
      vertex -16.6111 4.99 -22.7007
      vertex -17.0751 4.99 -22.4719
    endloop
  endfacet
  facet normal -0.708358 0.704328 -0.0463822
    outer loop
      vertex -11.1387 4.99 -18.5088
      vertex -11.1049 4.99 -19.025
      vertex -12.835 3.25 -19.025
    endloop
  endfacet
  facet normal -0.696228 0.704337 -0.138477
    outer loop
      vertex -11.2405 4.99 -17.9949
      vertex -11.1396 4.99 -18.5022
      vertex -12.9117 3.25 -18.4427
    endloop
  endfacet
  facet normal -0.533746 0.704334 -0.468005
    outer loop
      vertex -12.2706 4.99 -16.2106
      vertex -11.9296 4.99 -16.5995
      vertex -13.494 3.25 -17.434
    endloop
  endfacet
  facet normal -0.636678 0.704328 -0.313948
    outer loop
      vertex -11.6381 4.99 -17.0349
      vertex -11.4093 4.99 -17.4989
      vertex -13.1364 3.25 -17.9
    endloop
  endfacet
  facet normal -0.0429499 0.704228 -0.708674
    outer loop
      vertex -14.7913 3.25 -16.7943
      vertex -14.5688 4.99 -15.0787
      vertex -14.5655 4.99 -15.0789
    endloop
  endfacet
  facet normal -0.0465466 0.704347 -0.708328
    outer loop
      vertex -14.5688 4.99 -15.0787
      vertex -14.7913 3.25 -16.7943
      vertex -15.085 3.25 -16.775
    endloop
  endfacet
  facet normal 0.138477 0.704337 -0.696228
    outer loop
      vertex -15.6078 4.99 -15.0796
      vertex -15.6673 3.25 -16.8517
      vertex -16.1151 4.99 -15.1805
    endloop
  endfacet
  facet normal 0.696209 0.70431 -0.138711
    outer loop
      vertex -17.3158 3.25 -18.7313
      vertex -19.0304 4.99 -18.5022
      vertex -17.2583 3.25 -18.4427
    endloop
  endfacet
  facet normal 0.69474 0.704002 -0.147369
    outer loop
      vertex -19.0304 4.99 -18.5022
      vertex -17.3158 3.25 -18.7313
      vertex -19.0311 4.99 -18.5055
    endloop
  endfacet
  facet normal 0.590228 0.70433 0.3944
    outer loop
      vertex -17.0336 3.25 -20.15
      vertex -18.2445 4.99 -21.4452
      vertex -18.5319 4.99 -21.0151
    endloop
  endfacet
  facet normal -0.672187 0.704328 -0.228225
    outer loop
      vertex -11.4079 4.99 -17.5019
      vertex -11.2416 4.99 -17.9917
      vertex -13.0063 3.25 -18.164
    endloop
  endfacet
  facet normal -0.671397 0.704245 -0.230793
    outer loop
      vertex -12.9117 3.25 -18.4427
      vertex -11.2416 4.99 -17.9917
      vertex -11.2405 4.99 -17.9949
    endloop
  endfacet
  facet normal -0.672199 0.704335 -0.228167
    outer loop
      vertex -11.2416 4.99 -17.9917
      vertex -12.9117 3.25 -18.4427
      vertex -13.0063 3.25 -18.164
    endloop
  endfacet
  facet normal -0.708372 0.704319 -0.0463083
    outer loop
      vertex -12.8542 3.25 -18.7313
      vertex -11.1387 4.99 -18.5088
      vertex -12.835 3.25 -19.025
    endloop
  endfacet
  facet normal -0.708694 0.704207 -0.0429511
    outer loop
      vertex -11.1387 4.99 -18.5088
      vertex -12.8542 3.25 -18.7313
      vertex -11.1389 4.99 -18.5055
    endloop
  endfacet
  facet normal -0.590228 0.70433 -0.3944
    outer loop
      vertex -11.9255 4.99 -16.6048
      vertex -11.6381 4.99 -17.0349
      vertex -13.1364 3.25 -17.9
    endloop
  endfacet
  facet normal -0.54164 0.704683 -0.458311
    outer loop
      vertex -13.3 3.25 -17.6553
      vertex -11.9296 4.99 -16.5995
      vertex -11.9274 4.99 -16.6021
    endloop
  endfacet
  facet normal -0.53379 0.704343 -0.467941
    outer loop
      vertex -11.9296 4.99 -16.5995
      vertex -13.3 3.25 -17.6553
      vertex -13.494 3.25 -17.434
    endloop
  endfacet
  facet normal -0.0463822 0.704328 -0.708358
    outer loop
      vertex -15.085 4.99 -15.0449
      vertex -14.5688 4.99 -15.0787
      vertex -15.085 3.25 -16.775
    endloop
  endfacet
  facet normal -0.313948 0.704328 -0.636678
    outer loop
      vertex -13.5589 4.99 -15.3493
      vertex -13.0949 4.99 -15.5781
      vertex -13.96 3.25 -17.0764
    endloop
  endfacet
  facet normal 0.590228 0.70433 -0.3944
    outer loop
      vertex -18.2445 4.99 -16.6048
      vertex -17.0336 3.25 -17.9
      vertex -18.5319 4.99 -17.0349
    endloop
  endfacet
  facet normal -0.408267 0.704785 0.580169
    outer loop
      vertex -12.6648 4.99 -22.1845
      vertex -13.7153 3.25 -20.81
      vertex -12.6621 4.99 -22.1826
    endloop
  endfacet
  facet normal -0.394534 0.70435 0.590113
    outer loop
      vertex -13.7153 3.25 -20.81
      vertex -12.6648 4.99 -22.1845
      vertex -13.96 3.25 -20.9736
    endloop
  endfacet
  facet normal 0.138711 0.70431 0.696209
    outer loop
      vertex -15.3787 3.25 -21.2558
      vertex -15.6078 4.99 -22.9704
      vertex -15.6673 3.25 -21.1983
    endloop
  endfacet
  facet normal 0.147369 0.704002 0.69474
    outer loop
      vertex -15.6078 4.99 -22.9704
      vertex -15.3787 3.25 -21.2558
      vertex -15.6045 4.99 -22.9711
    endloop
  endfacet
  facet normal 0.53379 0.704343 0.467941
    outer loop
      vertex -18.2404 4.99 -21.4505
      vertex -16.87 3.25 -20.3947
      vertex -16.676 3.25 -20.616
    endloop
  endfacet
  facet normal 0.54164 0.704683 0.458311
    outer loop
      vertex -16.87 3.25 -20.3947
      vertex -18.2404 4.99 -21.4505
      vertex -18.2426 4.99 -21.4479
    endloop
  endfacet
  facet normal 0.708372 0.704319 0.0463083
    outer loop
      vertex -17.3158 3.25 -19.3187
      vertex -19.0313 4.99 -19.5412
      vertex -17.335 3.25 -19.025
    endloop
  endfacet
  facet normal 0.708694 0.704207 0.0429511
    outer loop
      vertex -19.0313 4.99 -19.5412
      vertex -17.3158 3.25 -19.3187
      vertex -19.0311 4.99 -19.5445
    endloop
  endfacet
  facet normal -0.69474 0.704002 -0.147369
    outer loop
      vertex -12.8542 3.25 -18.7313
      vertex -11.1396 4.99 -18.5022
      vertex -11.1389 4.99 -18.5055
    endloop
  endfacet
  facet normal -0.696209 0.70431 -0.138711
    outer loop
      vertex -11.1396 4.99 -18.5022
      vertex -12.8542 3.25 -18.7313
      vertex -12.9117 3.25 -18.4427
    endloop
  endfacet
  facet normal -0.580169 0.704785 -0.408267
    outer loop
      vertex -11.9255 4.99 -16.6048
      vertex -13.3 3.25 -17.6553
      vertex -11.9274 4.99 -16.6021
    endloop
  endfacet
  facet normal -0.590113 0.70435 -0.394534
    outer loop
      vertex -13.3 3.25 -17.6553
      vertex -11.9255 4.99 -16.6048
      vertex -13.1364 3.25 -17.9
    endloop
  endfacet
  facet normal -0.228225 0.704328 -0.672187
    outer loop
      vertex -14.0517 4.99 -15.1816
      vertex -13.5619 4.99 -15.3479
      vertex -14.224 3.25 -16.9463
    endloop
  endfacet
  facet normal -0.468005 0.704334 -0.533746
    outer loop
      vertex -12.6595 4.99 -15.8696
      vertex -12.2706 4.99 -16.2106
      vertex -13.494 3.25 -17.434
    endloop
  endfacet
  facet normal 0.672187 0.704328 -0.228225
    outer loop
      vertex -18.7621 4.99 -17.5019
      vertex -17.1637 3.25 -18.164
      vertex -18.9284 4.99 -17.9917
    endloop
  endfacet
  facet normal 0.696228 0.704337 -0.138477
    outer loop
      vertex -18.9295 4.99 -17.9949
      vertex -17.2583 3.25 -18.4427
      vertex -19.0304 4.99 -18.5022
    endloop
  endfacet
  facet normal 0.53379 0.704343 -0.467941
    outer loop
      vertex -16.87 3.25 -17.6553
      vertex -18.2404 4.99 -16.5995
      vertex -16.676 3.25 -17.434
    endloop
  endfacet
  facet normal 0.54164 0.704683 -0.458311
    outer loop
      vertex -18.2404 4.99 -16.5995
      vertex -16.87 3.25 -17.6553
      vertex -18.2426 4.99 -16.6021
    endloop
  endfacet
  facet normal 0.394534 0.70435 -0.590113
    outer loop
      vertex -16.4547 3.25 -17.24
      vertex -17.5052 4.99 -15.8655
      vertex -16.21 3.25 -17.0764
    endloop
  endfacet
  facet normal 0.408267 0.704785 -0.580169
    outer loop
      vertex -17.5052 4.99 -15.8655
      vertex -16.4547 3.25 -17.24
      vertex -17.5079 4.99 -15.8674
    endloop
  endfacet
  facet normal 0.580169 0.704785 -0.408267
    outer loop
      vertex -16.87 3.25 -17.6553
      vertex -18.2445 4.99 -16.6048
      vertex -18.2426 4.99 -16.6021
    endloop
  endfacet
  facet normal 0.590113 0.70435 -0.394534
    outer loop
      vertex -18.2445 4.99 -16.6048
      vertex -16.87 3.25 -17.6553
      vertex -17.0336 3.25 -17.9
    endloop
  endfacet
  facet normal 0.230793 0.704245 -0.671397
    outer loop
      vertex -15.6673 3.25 -16.8517
      vertex -16.1183 4.99 -15.1816
      vertex -16.1151 4.99 -15.1805
    endloop
  endfacet
  facet normal 0.228167 0.704335 -0.672199
    outer loop
      vertex -16.1183 4.99 -15.1816
      vertex -15.6673 3.25 -16.8517
      vertex -15.946 3.25 -16.9463
    endloop
  endfacet
  facet normal 0.0463822 0.704328 -0.708358
    outer loop
      vertex -15.085 4.99 -15.0449
      vertex -15.085 3.25 -16.775
      vertex -15.6012 4.99 -15.0787
    endloop
  endfacet
  facet normal 0.313948 0.704328 -0.636678
    outer loop
      vertex -16.6111 4.99 -15.3493
      vertex -16.21 3.25 -17.0764
      vertex -17.0751 4.99 -15.5781
    endloop
  endfacet
  facet normal -0.636678 0.704328 0.313948
    outer loop
      vertex -11.4093 4.99 -20.5511
      vertex -11.6381 4.99 -21.0151
      vertex -13.1364 3.25 -20.15
    endloop
  endfacet
  facet normal -0.138477 0.704337 0.696228
    outer loop
      vertex -14.5027 3.25 -21.1983
      vertex -14.0549 4.99 -22.8695
      vertex -14.5622 4.99 -22.9704
    endloop
  endfacet
  facet normal 0.228225 0.704328 0.672187
    outer loop
      vertex -15.946 3.25 -21.1037
      vertex -16.1183 4.99 -22.8684
      vertex -16.6081 4.99 -22.7021
    endloop
  endfacet
  facet normal 0.138477 0.704337 0.696228
    outer loop
      vertex -15.6673 3.25 -21.1983
      vertex -15.6078 4.99 -22.9704
      vertex -16.1151 4.99 -22.8695
    endloop
  endfacet
  facet normal 0.467941 0.704343 0.53379
    outer loop
      vertex -16.4547 3.25 -20.81
      vertex -17.5105 4.99 -22.1804
      vertex -16.676 3.25 -20.616
    endloop
  endfacet
  facet normal 0.458311 0.704683 0.54164
    outer loop
      vertex -17.5105 4.99 -22.1804
      vertex -16.4547 3.25 -20.81
      vertex -17.5079 4.99 -22.1826
    endloop
  endfacet
  facet normal 0.3944 0.70433 0.590228
    outer loop
      vertex -16.21 3.25 -20.9736
      vertex -17.0751 4.99 -22.4719
      vertex -17.5052 4.99 -22.1845
    endloop
  endfacet
  facet normal 0.590113 0.70435 0.394534
    outer loop
      vertex -16.87 3.25 -20.3947
      vertex -18.2445 4.99 -21.4452
      vertex -17.0336 3.25 -20.15
    endloop
  endfacet
  facet normal 0.580169 0.704785 0.408267
    outer loop
      vertex -18.2445 4.99 -21.4452
      vertex -16.87 3.25 -20.3947
      vertex -18.2426 4.99 -21.4479
    endloop
  endfacet
  facet normal 0.672199 0.704335 0.228167
    outer loop
      vertex -18.9284 4.99 -20.0583
      vertex -17.2583 3.25 -19.6073
      vertex -17.1637 3.25 -19.886
    endloop
  endfacet
  facet normal 0.671397 0.704245 0.230793
    outer loop
      vertex -17.2583 3.25 -19.6073
      vertex -18.9284 4.99 -20.0583
      vertex -18.9295 4.99 -20.0551
    endloop
  endfacet
  facet normal 0.708694 0.704207 -0.0429511
    outer loop
      vertex -17.3158 3.25 -18.7313
      vertex -19.0313 4.99 -18.5088
      vertex -19.0311 4.99 -18.5055
    endloop
  endfacet
  facet normal 0.708372 0.704319 -0.0463083
    outer loop
      vertex -19.0313 4.99 -18.5088
      vertex -17.3158 3.25 -18.7313
      vertex -17.335 3.25 -19.025
    endloop
  endfacet
  facet normal -0.138477 0.704337 -0.696228
    outer loop
      vertex -14.0549 4.99 -15.1805
      vertex -14.5027 3.25 -16.8517
      vertex -14.5622 4.99 -15.0796
    endloop
  endfacet
  facet normal -0.230793 0.704245 -0.671397
    outer loop
      vertex -14.0517 4.99 -15.1816
      vertex -14.5027 3.25 -16.8517
      vertex -14.0549 4.99 -15.1805
    endloop
  endfacet
  facet normal -0.228167 0.704335 -0.672199
    outer loop
      vertex -14.5027 3.25 -16.8517
      vertex -14.0517 4.99 -15.1816
      vertex -14.224 3.25 -16.9463
    endloop
  endfacet
  facet normal -0.147365 0.704022 -0.69472
    outer loop
      vertex -14.5622 4.99 -15.0796
      vertex -14.7913 3.25 -16.7943
      vertex -14.5655 4.99 -15.0789
    endloop
  endfacet
  facet normal -0.138474 0.704337 -0.696228
    outer loop
      vertex -14.7913 3.25 -16.7943
      vertex -14.5622 4.99 -15.0796
      vertex -14.5027 3.25 -16.8517
    endloop
  endfacet
  facet normal -0.300021 0.704745 -0.642901
    outer loop
      vertex -13.5589 4.99 -15.3493
      vertex -14.224 3.25 -16.9463
      vertex -13.5619 4.99 -15.3479
    endloop
  endfacet
  facet normal -0.313785 0.704348 -0.636736
    outer loop
      vertex -14.224 3.25 -16.9463
      vertex -13.5589 4.99 -15.3493
      vertex -13.96 3.25 -17.0764
    endloop
  endfacet
  facet normal -0.3944 0.70433 -0.590228
    outer loop
      vertex -13.0949 4.99 -15.5781
      vertex -12.6648 4.99 -15.8655
      vertex -13.96 3.25 -17.0764
    endloop
  endfacet
  facet normal -0.458311 0.704683 -0.54164
    outer loop
      vertex -12.6595 4.99 -15.8696
      vertex -13.7153 3.25 -17.24
      vertex -12.6621 4.99 -15.8674
    endloop
  endfacet
  facet normal -0.467941 0.704343 -0.53379
    outer loop
      vertex -13.7153 3.25 -17.24
      vertex -12.6595 4.99 -15.8696
      vertex -13.494 3.25 -17.434
    endloop
  endfacet
  facet normal -0.408267 0.704785 -0.580169
    outer loop
      vertex -13.7153 3.25 -17.24
      vertex -12.6648 4.99 -15.8655
      vertex -12.6621 4.99 -15.8674
    endloop
  endfacet
  facet normal -0.394534 0.70435 -0.590113
    outer loop
      vertex -12.6648 4.99 -15.8655
      vertex -13.7153 3.25 -17.24
      vertex -13.96 3.25 -17.0764
    endloop
  endfacet
  facet normal 0.672199 0.704335 -0.228167
    outer loop
      vertex -17.2583 3.25 -18.4427
      vertex -18.9284 4.99 -17.9917
      vertex -17.1637 3.25 -18.164
    endloop
  endfacet
  facet normal 0.671397 0.704245 -0.230793
    outer loop
      vertex -18.9284 4.99 -17.9917
      vertex -17.2583 3.25 -18.4427
      vertex -18.9295 4.99 -17.9949
    endloop
  endfacet
  facet normal 0.468005 0.704334 -0.533746
    outer loop
      vertex -17.5105 4.99 -15.8696
      vertex -16.676 3.25 -17.434
      vertex -17.8994 4.99 -16.2106
    endloop
  endfacet
  facet normal 0.458311 0.704683 -0.54164
    outer loop
      vertex -16.4547 3.25 -17.24
      vertex -17.5105 4.99 -15.8696
      vertex -17.5079 4.99 -15.8674
    endloop
  endfacet
  facet normal 0.467941 0.704343 -0.53379
    outer loop
      vertex -17.5105 4.99 -15.8696
      vertex -16.4547 3.25 -17.24
      vertex -16.676 3.25 -17.434
    endloop
  endfacet
  facet normal 0.0465466 0.704347 -0.708328
    outer loop
      vertex -15.3787 3.25 -16.7943
      vertex -15.6012 4.99 -15.0787
      vertex -15.085 3.25 -16.775
    endloop
  endfacet
  facet normal 0.0429499 0.704228 -0.708674
    outer loop
      vertex -15.6012 4.99 -15.0787
      vertex -15.3787 3.25 -16.7943
      vertex -15.6045 4.99 -15.0789
    endloop
  endfacet
  facet normal 0.147365 0.704022 -0.69472
    outer loop
      vertex -15.3787 3.25 -16.7943
      vertex -15.6078 4.99 -15.0796
      vertex -15.6045 4.99 -15.0789
    endloop
  endfacet
  facet normal 0.138474 0.704337 -0.696228
    outer loop
      vertex -15.6078 4.99 -15.0796
      vertex -15.3787 3.25 -16.7943
      vertex -15.6673 3.25 -16.8517
    endloop
  endfacet
  facet normal 0.228225 0.704328 -0.672187
    outer loop
      vertex -16.1183 4.99 -15.1816
      vertex -15.946 3.25 -16.9463
      vertex -16.6081 4.99 -15.3479
    endloop
  endfacet
  facet normal 0.300021 0.704745 -0.642901
    outer loop
      vertex -15.946 3.25 -16.9463
      vertex -16.6111 4.99 -15.3493
      vertex -16.6081 4.99 -15.3479
    endloop
  endfacet
  facet normal 0.313785 0.704348 -0.636736
    outer loop
      vertex -16.6111 4.99 -15.3493
      vertex -15.946 3.25 -16.9463
      vertex -16.21 3.25 -17.0764
    endloop
  endfacet
  facet normal 0.3944 0.70433 -0.590228
    outer loop
      vertex -17.0751 4.99 -15.5781
      vertex -16.21 3.25 -17.0764
      vertex -17.5052 4.99 -15.8655
    endloop
  endfacet
  facet normal -0.69474 0.704002 0.147369
    outer loop
      vertex -11.1396 4.99 -19.5478
      vertex -12.8542 3.25 -19.3187
      vertex -11.1389 4.99 -19.5445
    endloop
  endfacet
  facet normal -0.696209 0.70431 0.138711
    outer loop
      vertex -12.8542 3.25 -19.3187
      vertex -11.1396 4.99 -19.5478
      vertex -12.9117 3.25 -19.6073
    endloop
  endfacet
  facet normal -0.468005 0.704334 0.533746
    outer loop
      vertex -12.2706 4.99 -21.8394
      vertex -12.6595 4.99 -22.1804
      vertex -13.494 3.25 -20.616
    endloop
  endfacet
  facet normal 0.0463083 0.704319 0.708372
    outer loop
      vertex -15.6012 4.99 -22.9713
      vertex -15.3787 3.25 -21.2558
      vertex -15.085 3.25 -21.275
    endloop
  endfacet
  facet normal 0.0429511 0.704207 0.708694
    outer loop
      vertex -15.3787 3.25 -21.2558
      vertex -15.6012 4.99 -22.9713
      vertex -15.6045 4.99 -22.9711
    endloop
  endfacet
  facet normal -0.313785 0.704348 0.636736
    outer loop
      vertex -13.5589 4.99 -22.7007
      vertex -14.224 3.25 -21.1037
      vertex -13.96 3.25 -20.9736
    endloop
  endfacet
  facet normal -0.300021 0.704745 0.642901
    outer loop
      vertex -14.224 3.25 -21.1037
      vertex -13.5589 4.99 -22.7007
      vertex -13.5619 4.99 -22.7021
    endloop
  endfacet
  facet normal -0.228225 0.704328 0.672187
    outer loop
      vertex -13.5619 4.99 -22.7021
      vertex -14.0517 4.99 -22.8684
      vertex -14.224 3.25 -21.1037
    endloop
  endfacet
  facet normal 0.228167 0.704335 0.672199
    outer loop
      vertex -15.6673 3.25 -21.1983
      vertex -16.1183 4.99 -22.8684
      vertex -15.946 3.25 -21.1037
    endloop
  endfacet
  facet normal 0.230793 0.704245 0.671397
    outer loop
      vertex -16.1183 4.99 -22.8684
      vertex -15.6673 3.25 -21.1983
      vertex -16.1151 4.99 -22.8695
    endloop
  endfacet
  facet normal 0.468005 0.704334 0.533746
    outer loop
      vertex -16.676 3.25 -20.616
      vertex -17.5105 4.99 -22.1804
      vertex -17.8994 4.99 -21.8394
    endloop
  endfacet
  facet normal 0.533746 0.704334 0.468005
    outer loop
      vertex -16.676 3.25 -20.616
      vertex -17.8994 4.99 -21.8394
      vertex -18.2404 4.99 -21.4505
    endloop
  endfacet
  facet normal 0.394534 0.70435 0.590113
    outer loop
      vertex -17.5052 4.99 -22.1845
      vertex -16.4547 3.25 -20.81
      vertex -16.21 3.25 -20.9736
    endloop
  endfacet
  facet normal 0.408267 0.704785 0.580169
    outer loop
      vertex -16.4547 3.25 -20.81
      vertex -17.5052 4.99 -22.1845
      vertex -17.5079 4.99 -22.1826
    endloop
  endfacet
  facet normal 0.636678 0.704328 0.313948
    outer loop
      vertex -17.0336 3.25 -20.15
      vertex -18.5319 4.99 -21.0151
      vertex -18.7607 4.99 -20.5511
    endloop
  endfacet
  facet normal 0.696228 0.704337 0.138477
    outer loop
      vertex -17.2583 3.25 -19.6073
      vertex -18.9295 4.99 -20.0551
      vertex -19.0304 4.99 -19.5478
    endloop
  endfacet
  facet normal 0.708358 0.704328 -0.0463822
    outer loop
      vertex -19.0313 4.99 -18.5088
      vertex -17.335 3.25 -19.025
      vertex -19.0651 4.99 -19.025
    endloop
  endfacet
  facet normal 0.708358 0.704328 0.0463822
    outer loop
      vertex -17.335 3.25 -19.025
      vertex -19.0313 4.99 -19.5412
      vertex -19.0651 4.99 -19.025
    endloop
  endfacet
  facet normal 0.636736 0.704348 -0.313785
    outer loop
      vertex -17.1637 3.25 -18.164
      vertex -18.7607 4.99 -17.4989
      vertex -17.0336 3.25 -17.9
    endloop
  endfacet
  facet normal 0.642901 0.704745 -0.300021
    outer loop
      vertex -18.7607 4.99 -17.4989
      vertex -17.1637 3.25 -18.164
      vertex -18.7621 4.99 -17.5019
    endloop
  endfacet
  facet normal 0.533746 0.704334 -0.468005
    outer loop
      vertex -17.8994 4.99 -16.2106
      vertex -16.676 3.25 -17.434
      vertex -18.2404 4.99 -16.5995
    endloop
  endfacet
  facet normal -0.672187 0.704328 0.228225
    outer loop
      vertex -11.2416 4.99 -20.0583
      vertex -11.4079 4.99 -20.5481
      vertex -13.0063 3.25 -19.886
    endloop
  endfacet
  facet normal -0.696228 0.704337 0.138477
    outer loop
      vertex -11.1396 4.99 -19.5478
      vertex -11.2405 4.99 -20.0551
      vertex -12.9117 3.25 -19.6073
    endloop
  endfacet
  facet normal -0.590113 0.70435 0.394534
    outer loop
      vertex -11.9255 4.99 -21.4452
      vertex -13.3 3.25 -20.3947
      vertex -13.1364 3.25 -20.15
    endloop
  endfacet
  facet normal -0.580169 0.704785 0.408267
    outer loop
      vertex -13.3 3.25 -20.3947
      vertex -11.9255 4.99 -21.4452
      vertex -11.9274 4.99 -21.4479
    endloop
  endfacet
  facet normal -0.590228 0.70433 0.3944
    outer loop
      vertex -11.6381 4.99 -21.0151
      vertex -11.9255 4.99 -21.4452
      vertex -13.1364 3.25 -20.15
    endloop
  endfacet
  facet normal 0.0463822 0.704328 0.708358
    outer loop
      vertex -15.085 3.25 -21.275
      vertex -15.085 4.99 -23.0051
      vertex -15.6012 4.99 -22.9713
    endloop
  endfacet
  facet normal 0.313785 0.704348 0.636736
    outer loop
      vertex -15.946 3.25 -21.1037
      vertex -16.6111 4.99 -22.7007
      vertex -16.21 3.25 -20.9736
    endloop
  endfacet
  facet normal 0.300021 0.704745 0.642901
    outer loop
      vertex -16.6111 4.99 -22.7007
      vertex -15.946 3.25 -21.1037
      vertex -16.6081 4.99 -22.7021
    endloop
  endfacet
  facet normal 0.672187 0.704328 0.228225
    outer loop
      vertex -17.1637 3.25 -19.886
      vertex -18.7621 4.99 -20.5481
      vertex -18.9284 4.99 -20.0583
    endloop
  endfacet
  facet normal 0.636736 0.704348 0.313785
    outer loop
      vertex -18.7607 4.99 -20.5511
      vertex -17.1637 3.25 -19.886
      vertex -17.0336 3.25 -20.15
    endloop
  endfacet
  facet normal 0.642901 0.704745 0.300021
    outer loop
      vertex -17.1637 3.25 -19.886
      vertex -18.7607 4.99 -20.5511
      vertex -18.7621 4.99 -20.5481
    endloop
  endfacet
  facet normal -0.671397 0.704245 0.230793
    outer loop
      vertex -11.2416 4.99 -20.0583
      vertex -12.9117 3.25 -19.6073
      vertex -11.2405 4.99 -20.0551
    endloop
  endfacet
  facet normal -0.672199 0.704335 0.228167
    outer loop
      vertex -12.9117 3.25 -19.6073
      vertex -11.2416 4.99 -20.0583
      vertex -13.0063 3.25 -19.886
    endloop
  endfacet
  facet normal -0.533746 0.704334 0.468005
    outer loop
      vertex -11.9296 4.99 -21.4505
      vertex -12.2706 4.99 -21.8394
      vertex -13.494 3.25 -20.616
    endloop
  endfacet
  facet normal -0.54164 0.704683 0.458311
    outer loop
      vertex -11.9296 4.99 -21.4505
      vertex -13.3 3.25 -20.3947
      vertex -11.9274 4.99 -21.4479
    endloop
  endfacet
  facet normal -0.53379 0.704343 0.467941
    outer loop
      vertex -13.3 3.25 -20.3947
      vertex -11.9296 4.99 -21.4505
      vertex -13.494 3.25 -20.616
    endloop
  endfacet
  facet normal -0.313948 0.704328 0.636678
    outer loop
      vertex -13.0949 4.99 -22.4719
      vertex -13.5589 4.99 -22.7007
      vertex -13.96 3.25 -20.9736
    endloop
  endfacet
  facet normal -0.3944 0.70433 0.590228
    outer loop
      vertex -12.6648 4.99 -22.1845
      vertex -13.0949 4.99 -22.4719
      vertex -13.96 3.25 -20.9736
    endloop
  endfacet
  facet normal 0.69474 0.704002 0.147369
    outer loop
      vertex -17.3158 3.25 -19.3187
      vertex -19.0304 4.99 -19.5478
      vertex -19.0311 4.99 -19.5445
    endloop
  endfacet
  facet normal 0.696209 0.70431 0.138711
    outer loop
      vertex -19.0304 4.99 -19.5478
      vertex -17.3158 3.25 -19.3187
      vertex -17.2583 3.25 -19.6073
    endloop
  endfacet
  facet normal -0.642901 0.704745 0.300021
    outer loop
      vertex -11.4093 4.99 -20.5511
      vertex -13.0063 3.25 -19.886
      vertex -11.4079 4.99 -20.5481
    endloop
  endfacet
  facet normal -0.636736 0.704348 0.313785
    outer loop
      vertex -13.0063 3.25 -19.886
      vertex -11.4093 4.99 -20.5511
      vertex -13.1364 3.25 -20.15
    endloop
  endfacet
  facet normal -0.467941 0.704343 0.53379
    outer loop
      vertex -12.6595 4.99 -22.1804
      vertex -13.7153 3.25 -20.81
      vertex -13.494 3.25 -20.616
    endloop
  endfacet
  facet normal -0.458311 0.704683 0.54164
    outer loop
      vertex -13.7153 3.25 -20.81
      vertex -12.6595 4.99 -22.1804
      vertex -12.6621 4.99 -22.1826
    endloop
  endfacet
  facet normal -0.228167 0.704335 0.672199
    outer loop
      vertex -14.0517 4.99 -22.8684
      vertex -14.5027 3.25 -21.1983
      vertex -14.224 3.25 -21.1037
    endloop
  endfacet
  facet normal -0.230793 0.704245 0.671397
    outer loop
      vertex -14.5027 3.25 -21.1983
      vertex -14.0517 4.99 -22.8684
      vertex -14.0549 4.99 -22.8695
    endloop
  endfacet
  facet normal -0.0463822 0.704328 0.708358
    outer loop
      vertex -14.5688 4.99 -22.9713
      vertex -15.085 4.99 -23.0051
      vertex -15.085 3.25 -21.275
    endloop
  endfacet
  facet normal -0.0429511 0.704207 0.708694
    outer loop
      vertex -14.5688 4.99 -22.9713
      vertex -14.7913 3.25 -21.2558
      vertex -14.5655 4.99 -22.9711
    endloop
  endfacet
  facet normal -0.0463083 0.704319 0.708372
    outer loop
      vertex -14.7913 3.25 -21.2558
      vertex -14.5688 4.99 -22.9713
      vertex -15.085 3.25 -21.275
    endloop
  endfacet
  facet normal -0.138711 0.70431 0.696209
    outer loop
      vertex -14.5622 4.99 -22.9704
      vertex -14.7913 3.25 -21.2558
      vertex -14.5027 3.25 -21.1983
    endloop
  endfacet
  facet normal -0.147369 0.704002 0.69474
    outer loop
      vertex -14.7913 3.25 -21.2558
      vertex -14.5622 4.99 -22.9704
      vertex -14.5655 4.99 -22.9711
    endloop
  endfacet
  facet normal -0.555626 0 0.831432
    outer loop
      vertex -13.085 5 -22.4891
      vertex -12.65 4.99 -22.1984
      vertex -12.65 5 -22.1984
    endloop
  endfacet
  facet normal -0.555626 0 0.831432
    outer loop
      vertex -12.65 4.99 -22.1984
      vertex -13.085 5 -22.4891
      vertex -13.085 4.99 -22.4891
    endloop
  endfacet
  facet normal 0.321498 0 0.94691
    outer loop
      vertex -16.6157 5 -22.7205
      vertex -16.1203 4.99 -22.8887
      vertex -16.1203 5 -22.8887
    endloop
  endfacet
  facet normal 0.321498 0 0.94691
    outer loop
      vertex -16.1203 4.99 -22.8887
      vertex -16.6157 5 -22.7205
      vertex -16.6157 4.99 -22.7205
    endloop
  endfacet
  facet normal 0.896898 -0 0.442238
    outer loop
      vertex -18.7805 4.99 -20.5557
      vertex -18.5491 5 -21.025
      vertex -18.7805 5 -20.5557
    endloop
  endfacet
  facet normal 0.896898 0 0.442238
    outer loop
      vertex -18.5491 5 -21.025
      vertex -18.7805 4.99 -20.5557
      vertex -18.5491 4.99 -21.025
    endloop
  endfacet
  facet normal 0.896898 0 -0.442238
    outer loop
      vertex -18.5491 4.99 -17.025
      vertex -18.7805 5 -17.4943
      vertex -18.5491 5 -17.025
    endloop
  endfacet
  facet normal 0.896898 0 -0.442238
    outer loop
      vertex -18.7805 5 -17.4943
      vertex -18.5491 4.99 -17.025
      vertex -18.7805 4.99 -17.4943
    endloop
  endfacet
  facet normal -0.94691 0 0.321498
    outer loop
      vertex -11.3895 4.99 -20.5557
      vertex -11.2213 5 -20.0603
      vertex -11.3895 5 -20.5557
    endloop
  endfacet
  facet normal -0.94691 0 0.321498
    outer loop
      vertex -11.2213 5 -20.0603
      vertex -11.3895 4.99 -20.5557
      vertex -11.2213 4.99 -20.0603
    endloop
  endfacet
  facet normal -0.896898 0 0.442238
    outer loop
      vertex -11.6209 4.99 -21.025
      vertex -11.3895 5 -20.5557
      vertex -11.6209 5 -21.025
    endloop
  endfacet
  facet normal -0.896898 0 0.442238
    outer loop
      vertex -11.3895 5 -20.5557
      vertex -11.6209 4.99 -21.025
      vertex -11.3895 4.99 -20.5557
    endloop
  endfacet
  facet normal -0.831432 0 0.555626
    outer loop
      vertex -11.9116 4.99 -21.46
      vertex -11.6209 5 -21.025
      vertex -11.9116 5 -21.46
    endloop
  endfacet
  facet normal -0.831432 0 0.555626
    outer loop
      vertex -11.6209 5 -21.025
      vertex -11.9116 4.99 -21.46
      vertex -11.6209 4.99 -21.025
    endloop
  endfacet
  facet normal -0.751842 0 0.659343
    outer loop
      vertex -12.2566 4.99 -21.8534
      vertex -11.9116 5 -21.46
      vertex -12.2566 5 -21.8534
    endloop
  endfacet
  facet normal -0.751842 0 0.659343
    outer loop
      vertex -11.9116 5 -21.46
      vertex -12.2566 4.99 -21.8534
      vertex -11.9116 4.99 -21.46
    endloop
  endfacet
  facet normal -0.442238 0 0.896898
    outer loop
      vertex -13.5543 5 -22.7205
      vertex -13.085 4.99 -22.4891
      vertex -13.085 5 -22.4891
    endloop
  endfacet
  facet normal -0.442238 0 0.896898
    outer loop
      vertex -13.085 4.99 -22.4891
      vertex -13.5543 5 -22.7205
      vertex -13.5543 4.99 -22.7205
    endloop
  endfacet
  facet normal -0.0653646 0 0.997861
    outer loop
      vertex -15.085 5 -23.025
      vertex -14.5629 4.99 -22.9908
      vertex -14.5629 5 -22.9908
    endloop
  endfacet
  facet normal -0.0653646 0 0.997861
    outer loop
      vertex -14.5629 4.99 -22.9908
      vertex -15.085 5 -23.025
      vertex -15.085 4.99 -23.025
    endloop
  endfacet
  facet normal -0.195124 0 0.980779
    outer loop
      vertex -14.5629 5 -22.9908
      vertex -14.0497 4.99 -22.8887
      vertex -14.0497 5 -22.8887
    endloop
  endfacet
  facet normal -0.195124 0 0.980779
    outer loop
      vertex -14.0497 4.99 -22.8887
      vertex -14.5629 5 -22.9908
      vertex -14.5629 4.99 -22.9908
    endloop
  endfacet
  facet normal 0.997861 -0 0.0653646
    outer loop
      vertex -19.085 4.99 -19.025
      vertex -19.0508 5 -19.5471
      vertex -19.085 5 -19.025
    endloop
  endfacet
  facet normal 0.997861 0 0.0653646
    outer loop
      vertex -19.0508 5 -19.5471
      vertex -19.085 4.99 -19.025
      vertex -19.0508 4.99 -19.5471
    endloop
  endfacet
  facet normal 0.980779 -0 0.195124
    outer loop
      vertex -19.0508 4.99 -19.5471
      vertex -18.9487 5 -20.0603
      vertex -19.0508 5 -19.5471
    endloop
  endfacet
  facet normal 0.980779 0 0.195124
    outer loop
      vertex -18.9487 5 -20.0603
      vertex -19.0508 4.99 -19.5471
      vertex -18.9487 4.99 -20.0603
    endloop
  endfacet
  facet normal 0.751842 -0 0.659343
    outer loop
      vertex -18.2584 4.99 -21.46
      vertex -17.9134 5 -21.8534
      vertex -18.2584 5 -21.46
    endloop
  endfacet
  facet normal 0.751842 0 0.659343
    outer loop
      vertex -17.9134 5 -21.8534
      vertex -18.2584 4.99 -21.46
      vertex -17.9134 4.99 -21.8534
    endloop
  endfacet
  facet normal 0.0653646 0 0.997861
    outer loop
      vertex -15.6071 5 -22.9908
      vertex -15.085 4.99 -23.025
      vertex -15.085 5 -23.025
    endloop
  endfacet
  facet normal 0.0653646 0 0.997861
    outer loop
      vertex -15.085 4.99 -23.025
      vertex -15.6071 5 -22.9908
      vertex -15.6071 4.99 -22.9908
    endloop
  endfacet
  facet normal 0.659343 0 0.751842
    outer loop
      vertex -17.9134 5 -21.8534
      vertex -17.52 4.99 -22.1984
      vertex -17.52 5 -22.1984
    endloop
  endfacet
  facet normal 0.659343 0 0.751842
    outer loop
      vertex -17.52 4.99 -22.1984
      vertex -17.9134 5 -21.8534
      vertex -17.9134 4.99 -21.8534
    endloop
  endfacet
  facet normal -0.997861 0 0.0653646
    outer loop
      vertex -11.1192 4.99 -19.5471
      vertex -11.085 5 -19.025
      vertex -11.1192 5 -19.5471
    endloop
  endfacet
  facet normal -0.997861 0 0.0653646
    outer loop
      vertex -11.085 5 -19.025
      vertex -11.1192 4.99 -19.5471
      vertex -11.085 4.99 -19.025
    endloop
  endfacet
  facet normal -0.831432 0 -0.555626
    outer loop
      vertex -11.6209 4.99 -17.025
      vertex -11.9116 5 -16.59
      vertex -11.6209 5 -17.025
    endloop
  endfacet
  facet normal -0.831432 -0 -0.555626
    outer loop
      vertex -11.9116 5 -16.59
      vertex -11.6209 4.99 -17.025
      vertex -11.9116 4.99 -16.59
    endloop
  endfacet
  facet normal -0.321498 0 -0.94691
    outer loop
      vertex -14.0497 4.99 -15.1613
      vertex -13.5543 5 -15.3295
      vertex -13.5543 4.99 -15.3295
    endloop
  endfacet
  facet normal -0.321498 0 -0.94691
    outer loop
      vertex -13.5543 5 -15.3295
      vertex -14.0497 4.99 -15.1613
      vertex -14.0497 5 -15.1613
    endloop
  endfacet
  facet normal -0.751842 0 -0.659343
    outer loop
      vertex -11.9116 4.99 -16.59
      vertex -12.2566 5 -16.1966
      vertex -11.9116 5 -16.59
    endloop
  endfacet
  facet normal -0.751842 -0 -0.659343
    outer loop
      vertex -12.2566 5 -16.1966
      vertex -11.9116 4.99 -16.59
      vertex -12.2566 4.99 -16.1966
    endloop
  endfacet
  facet normal -0.555626 0 -0.831432
    outer loop
      vertex -13.085 4.99 -15.5609
      vertex -12.65 5 -15.8516
      vertex -12.65 4.99 -15.8516
    endloop
  endfacet
  facet normal -0.555626 0 -0.831432
    outer loop
      vertex -12.65 5 -15.8516
      vertex -13.085 4.99 -15.5609
      vertex -13.085 5 -15.5609
    endloop
  endfacet
  facet normal 0.555626 0 -0.831432
    outer loop
      vertex -17.52 4.99 -15.8516
      vertex -17.085 5 -15.5609
      vertex -17.085 4.99 -15.5609
    endloop
  endfacet
  facet normal 0.555626 0 -0.831432
    outer loop
      vertex -17.085 5 -15.5609
      vertex -17.52 4.99 -15.8516
      vertex -17.52 5 -15.8516
    endloop
  endfacet
  facet normal 0.659343 0 -0.751842
    outer loop
      vertex -17.9134 4.99 -16.1966
      vertex -17.52 5 -15.8516
      vertex -17.52 4.99 -15.8516
    endloop
  endfacet
  facet normal 0.659343 0 -0.751842
    outer loop
      vertex -17.52 5 -15.8516
      vertex -17.9134 4.99 -16.1966
      vertex -17.9134 5 -16.1966
    endloop
  endfacet
  facet normal 0.997861 0 -0.0653646
    outer loop
      vertex -19.0508 4.99 -18.5029
      vertex -19.085 5 -19.025
      vertex -19.0508 5 -18.5029
    endloop
  endfacet
  facet normal 0.997861 0 -0.0653646
    outer loop
      vertex -19.085 5 -19.025
      vertex -19.0508 4.99 -18.5029
      vertex -19.085 4.99 -19.025
    endloop
  endfacet
  facet normal 0 1 -0
    outer loop
      vertex -14.5688 4.99 -15.0787
      vertex -15.085 4.99 -15.025
      vertex -14.5629 4.99 -15.0592
    endloop
  endfacet
  facet normal 0 1 0
    outer loop
      vertex -15.085 4.99 -15.025
      vertex -14.5688 4.99 -15.0787
      vertex -15.085 4.99 -15.0449
    endloop
  endfacet
  facet normal 0 1 0
    outer loop
      vertex -14.5629 4.99 -15.0592
      vertex -14.5655 4.99 -15.0789
      vertex -14.5688 4.99 -15.0787
    endloop
  endfacet
  facet normal 0 1 0
    outer loop
      vertex -14.5629 4.99 -15.0592
      vertex -14.5622 4.99 -15.0796
      vertex -14.5655 4.99 -15.0789
    endloop
  endfacet
  facet normal 0 1 0
    outer loop
      vertex -14.0497 4.99 -15.1613
      vertex -14.5622 4.99 -15.0796
      vertex -14.5629 4.99 -15.0592
    endloop
  endfacet
  facet normal 0 1 0
    outer loop
      vertex -14.0497 4.99 -15.1613
      vertex -14.0549 4.99 -15.1805
      vertex -14.5622 4.99 -15.0796
    endloop
  endfacet
  facet normal 0 1 0
    outer loop
      vertex -14.0497 4.99 -15.1613
      vertex -14.0517 4.99 -15.1816
      vertex -14.0549 4.99 -15.1805
    endloop
  endfacet
  facet normal 0 1 0
    outer loop
      vertex -13.5543 4.99 -15.3295
      vertex -14.0517 4.99 -15.1816
      vertex -14.0497 4.99 -15.1613
    endloop
  endfacet
  facet normal 0 1 0
    outer loop
      vertex -13.5543 4.99 -15.3295
      vertex -13.5619 4.99 -15.3479
      vertex -14.0517 4.99 -15.1816
    endloop
  endfacet
  facet normal 0 1 0
    outer loop
      vertex -13.5543 4.99 -15.3295
      vertex -13.5589 4.99 -15.3493
      vertex -13.5619 4.99 -15.3479
    endloop
  endfacet
  facet normal 0 1 0
    outer loop
      vertex -13.085 4.99 -15.5609
      vertex -13.5589 4.99 -15.3493
      vertex -13.5543 4.99 -15.3295
    endloop
  endfacet
  facet normal 0 1 0
    outer loop
      vertex -13.085 4.99 -15.5609
      vertex -13.0949 4.99 -15.5781
      vertex -13.5589 4.99 -15.3493
    endloop
  endfacet
  facet normal 0 1 -0
    outer loop
      vertex -12.6648 4.99 -15.8655
      vertex -13.085 4.99 -15.5609
      vertex -12.65 4.99 -15.8516
    endloop
  endfacet
  facet normal 0 1 0
    outer loop
      vertex -13.085 4.99 -15.5609
      vertex -12.6648 4.99 -15.8655
      vertex -13.0949 4.99 -15.5781
    endloop
  endfacet
  facet normal 0 1 0
    outer loop
      vertex -12.65 4.99 -15.8516
      vertex -12.6621 4.99 -15.8674
      vertex -12.6648 4.99 -15.8655
    endloop
  endfacet
  facet normal 0 1 0
    outer loop
      vertex -12.65 4.99 -15.8516
      vertex -12.6595 4.99 -15.8696
      vertex -12.6621 4.99 -15.8674
    endloop
  endfacet
  facet normal 0 1 0
    outer loop
      vertex -12.2566 4.99 -16.1966
      vertex -12.6595 4.99 -15.8696
      vertex -12.65 4.99 -15.8516
    endloop
  endfacet
  facet normal 0 1 0
    outer loop
      vertex -12.2566 4.99 -16.1966
      vertex -12.2706 4.99 -16.2106
      vertex -12.6595 4.99 -15.8696
    endloop
  endfacet
  facet normal 0 1 -0
    outer loop
      vertex -11.9296 4.99 -16.5995
      vertex -12.2566 4.99 -16.1966
      vertex -11.9116 4.99 -16.59
    endloop
  endfacet
  facet normal 0 1 0
    outer loop
      vertex -12.2566 4.99 -16.1966
      vertex -11.9296 4.99 -16.5995
      vertex -12.2706 4.99 -16.2106
    endloop
  endfacet
  facet normal 0 1 0
    outer loop
      vertex -11.9116 4.99 -16.59
      vertex -11.9274 4.99 -16.6021
      vertex -11.9296 4.99 -16.5995
    endloop
  endfacet
  facet normal 0 1 0
    outer loop
      vertex -11.9116 4.99 -16.59
      vertex -11.9255 4.99 -16.6048
      vertex -11.9274 4.99 -16.6021
    endloop
  endfacet
  facet normal 0 1 0
    outer loop
      vertex -11.6209 4.99 -17.025
      vertex -11.9255 4.99 -16.6048
      vertex -11.9116 4.99 -16.59
    endloop
  endfacet
  facet normal 0 1 0
    outer loop
      vertex -11.6209 4.99 -17.025
      vertex -11.6381 4.99 -17.0349
      vertex -11.9255 4.99 -16.6048
    endloop
  endfacet
  facet normal 0 1 -0
    outer loop
      vertex -11.4093 4.99 -17.4989
      vertex -11.6209 4.99 -17.025
      vertex -11.3895 4.99 -17.4943
    endloop
  endfacet
  facet normal 0 1 0
    outer loop
      vertex -11.6209 4.99 -17.025
      vertex -11.4093 4.99 -17.4989
      vertex -11.6381 4.99 -17.0349
    endloop
  endfacet
  facet normal 0 1 0
    outer loop
      vertex -11.3895 4.99 -17.4943
      vertex -11.4079 4.99 -17.5019
      vertex -11.4093 4.99 -17.4989
    endloop
  endfacet
  facet normal 0 1 -0
    outer loop
      vertex -11.2416 4.99 -17.9917
      vertex -11.3895 4.99 -17.4943
      vertex -11.2213 4.99 -17.9897
    endloop
  endfacet
  facet normal 0 1 0
    outer loop
      vertex -11.3895 4.99 -17.4943
      vertex -11.2416 4.99 -17.9917
      vertex -11.4079 4.99 -17.5019
    endloop
  endfacet
  facet normal 0 1 0
    outer loop
      vertex -11.2213 4.99 -17.9897
      vertex -11.2405 4.99 -17.9949
      vertex -11.2416 4.99 -17.9917
    endloop
  endfacet
  facet normal 0 1 0
    outer loop
      vertex -11.2213 4.99 -17.9897
      vertex -11.1396 4.99 -18.5022
      vertex -11.2405 4.99 -17.9949
    endloop
  endfacet
  facet normal 0 1 0
    outer loop
      vertex -11.1192 4.99 -18.5029
      vertex -11.1396 4.99 -18.5022
      vertex -11.2213 4.99 -17.9897
    endloop
  endfacet
  facet normal 0 1 0
    outer loop
      vertex -11.1192 4.99 -18.5029
      vertex -11.1389 4.99 -18.5055
      vertex -11.1396 4.99 -18.5022
    endloop
  endfacet
  facet normal 0 1 0
    outer loop
      vertex -11.1192 4.99 -18.5029
      vertex -11.1387 4.99 -18.5088
      vertex -11.1389 4.99 -18.5055
    endloop
  endfacet
  facet normal 0 1 0
    outer loop
      vertex -11.085 4.99 -19.025
      vertex -11.1387 4.99 -18.5088
      vertex -11.1192 4.99 -18.5029
    endloop
  endfacet
  facet normal 0 1 0
    outer loop
      vertex -11.085 4.99 -19.025
      vertex -11.1049 4.99 -19.025
      vertex -11.1387 4.99 -18.5088
    endloop
  endfacet
  facet normal 0 1 0
    outer loop
      vertex -11.085 4.99 -19.025
      vertex -11.1387 4.99 -19.5412
      vertex -11.1049 4.99 -19.025
    endloop
  endfacet
  facet normal 0 1 -0
    outer loop
      vertex -11.1192 4.99 -19.5471
      vertex -11.1387 4.99 -19.5412
      vertex -11.085 4.99 -19.025
    endloop
  endfacet
  facet normal 0 1 0
    outer loop
      vertex -11.1387 4.99 -19.5412
      vertex -11.1192 4.99 -19.5471
      vertex -11.1389 4.99 -19.5445
    endloop
  endfacet
  facet normal 0 1 0
    outer loop
      vertex -11.1192 4.99 -19.5471
      vertex -11.1396 4.99 -19.5478
      vertex -11.1389 4.99 -19.5445
    endloop
  endfacet
  facet normal 0 1 0
    outer loop
      vertex -11.2213 4.99 -20.0603
      vertex -11.1396 4.99 -19.5478
      vertex -11.1192 4.99 -19.5471
    endloop
  endfacet
  facet normal 0 1 0
    outer loop
      vertex -11.1396 4.99 -19.5478
      vertex -11.2213 4.99 -20.0603
      vertex -11.2405 4.99 -20.0551
    endloop
  endfacet
  facet normal 0 1 0
    outer loop
      vertex -11.2213 4.99 -20.0603
      vertex -11.2416 4.99 -20.0583
      vertex -11.2405 4.99 -20.0551
    endloop
  endfacet
  facet normal 0 1 0
    outer loop
      vertex -11.3895 4.99 -20.5557
      vertex -11.2416 4.99 -20.0583
      vertex -11.2213 4.99 -20.0603
    endloop
  endfacet
  facet normal 0 1 0
    outer loop
      vertex -11.2416 4.99 -20.0583
      vertex -11.3895 4.99 -20.5557
      vertex -11.4079 4.99 -20.5481
    endloop
  endfacet
  facet normal 0 1 0
    outer loop
      vertex -11.3895 4.99 -20.5557
      vertex -11.4093 4.99 -20.5511
      vertex -11.4079 4.99 -20.5481
    endloop
  endfacet
  facet normal 0 1 0
    outer loop
      vertex -11.6209 4.99 -21.025
      vertex -11.4093 4.99 -20.5511
      vertex -11.3895 4.99 -20.5557
    endloop
  endfacet
  facet normal 0 1 0
    outer loop
      vertex -11.4093 4.99 -20.5511
      vertex -11.6209 4.99 -21.025
      vertex -11.6381 4.99 -21.0151
    endloop
  endfacet
  facet normal 0 1 0
    outer loop
      vertex -11.6209 4.99 -21.025
      vertex -11.9255 4.99 -21.4452
      vertex -11.6381 4.99 -21.0151
    endloop
  endfacet
  facet normal 0 1 -0
    outer loop
      vertex -11.9116 4.99 -21.46
      vertex -11.9255 4.99 -21.4452
      vertex -11.6209 4.99 -21.025
    endloop
  endfacet
  facet normal 0 1 0
    outer loop
      vertex -11.9255 4.99 -21.4452
      vertex -11.9116 4.99 -21.46
      vertex -11.9274 4.99 -21.4479
    endloop
  endfacet
  facet normal 0 1 0
    outer loop
      vertex -11.9116 4.99 -21.46
      vertex -11.9296 4.99 -21.4505
      vertex -11.9274 4.99 -21.4479
    endloop
  endfacet
  facet normal 0 1 0
    outer loop
      vertex -12.2566 4.99 -21.8534
      vertex -11.9296 4.99 -21.4505
      vertex -11.9116 4.99 -21.46
    endloop
  endfacet
  facet normal 0 1 0
    outer loop
      vertex -11.9296 4.99 -21.4505
      vertex -12.2566 4.99 -21.8534
      vertex -12.2706 4.99 -21.8394
    endloop
  endfacet
  facet normal 0 1 0
    outer loop
      vertex -12.2566 4.99 -21.8534
      vertex -12.6595 4.99 -22.1804
      vertex -12.2706 4.99 -21.8394
    endloop
  endfacet
  facet normal 0 1 -0
    outer loop
      vertex -12.65 4.99 -22.1984
      vertex -12.6595 4.99 -22.1804
      vertex -12.2566 4.99 -21.8534
    endloop
  endfacet
  facet normal 0 1 0
    outer loop
      vertex -12.6595 4.99 -22.1804
      vertex -12.65 4.99 -22.1984
      vertex -12.6621 4.99 -22.1826
    endloop
  endfacet
  facet normal 0 1 0
    outer loop
      vertex -12.65 4.99 -22.1984
      vertex -12.6648 4.99 -22.1845
      vertex -12.6621 4.99 -22.1826
    endloop
  endfacet
  facet normal 0 1 0
    outer loop
      vertex -13.085 4.99 -22.4891
      vertex -12.6648 4.99 -22.1845
      vertex -12.65 4.99 -22.1984
    endloop
  endfacet
  facet normal 0 1 0
    outer loop
      vertex -12.6648 4.99 -22.1845
      vertex -13.085 4.99 -22.4891
      vertex -13.0949 4.99 -22.4719
    endloop
  endfacet
  facet normal 0 1 0
    outer loop
      vertex -13.085 4.99 -22.4891
      vertex -13.5589 4.99 -22.7007
      vertex -13.0949 4.99 -22.4719
    endloop
  endfacet
  facet normal 0 1 -0
    outer loop
      vertex -13.5543 4.99 -22.7205
      vertex -13.5589 4.99 -22.7007
      vertex -13.085 4.99 -22.4891
    endloop
  endfacet
  facet normal 0 1 0
    outer loop
      vertex -13.5589 4.99 -22.7007
      vertex -13.5543 4.99 -22.7205
      vertex -13.5619 4.99 -22.7021
    endloop
  endfacet
  facet normal 0 1 0
    outer loop
      vertex -13.5543 4.99 -22.7205
      vertex -14.0517 4.99 -22.8684
      vertex -13.5619 4.99 -22.7021
    endloop
  endfacet
  facet normal 0 1 -0
    outer loop
      vertex -14.0497 4.99 -22.8887
      vertex -14.0517 4.99 -22.8684
      vertex -13.5543 4.99 -22.7205
    endloop
  endfacet
  facet normal 0 1 0
    outer loop
      vertex -14.0517 4.99 -22.8684
      vertex -14.0497 4.99 -22.8887
      vertex -14.0549 4.99 -22.8695
    endloop
  endfacet
  facet normal 0 1 0
    outer loop
      vertex -14.0497 4.99 -22.8887
      vertex -14.5622 4.99 -22.9704
      vertex -14.0549 4.99 -22.8695
    endloop
  endfacet
  facet normal 0 1 0
    outer loop
      vertex -14.5629 4.99 -22.9908
      vertex -14.5622 4.99 -22.9704
      vertex -14.0497 4.99 -22.8887
    endloop
  endfacet
  facet normal 0 1 0
    outer loop
      vertex -14.5622 4.99 -22.9704
      vertex -14.5629 4.99 -22.9908
      vertex -14.5655 4.99 -22.9711
    endloop
  endfacet
  facet normal 0 1 0
    outer loop
      vertex -14.5629 4.99 -22.9908
      vertex -14.5688 4.99 -22.9713
      vertex -14.5655 4.99 -22.9711
    endloop
  endfacet
  facet normal 0 1 0
    outer loop
      vertex -15.085 4.99 -23.025
      vertex -14.5688 4.99 -22.9713
      vertex -14.5629 4.99 -22.9908
    endloop
  endfacet
  facet normal 0 1 0
    outer loop
      vertex -14.5688 4.99 -22.9713
      vertex -15.085 4.99 -23.025
      vertex -15.085 4.99 -23.0051
    endloop
  endfacet
  facet normal 0 1 0
    outer loop
      vertex -15.6012 4.99 -15.0787
      vertex -15.085 4.99 -15.025
      vertex -15.085 4.99 -15.0449
    endloop
  endfacet
  facet normal 0 1 0
    outer loop
      vertex -15.085 4.99 -15.025
      vertex -15.6012 4.99 -15.0787
      vertex -15.6071 4.99 -15.0592
    endloop
  endfacet
  facet normal 0 1 -0
    outer loop
      vertex -15.6045 4.99 -15.0789
      vertex -15.6071 4.99 -15.0592
      vertex -15.6012 4.99 -15.0787
    endloop
  endfacet
  facet normal 0 1 0
    outer loop
      vertex -15.6078 4.99 -15.0796
      vertex -15.6071 4.99 -15.0592
      vertex -15.6045 4.99 -15.0789
    endloop
  endfacet
  facet normal 0 1 -0
    outer loop
      vertex -15.6078 4.99 -15.0796
      vertex -16.1203 4.99 -15.1613
      vertex -15.6071 4.99 -15.0592
    endloop
  endfacet
  facet normal 0 1 -0
    outer loop
      vertex -16.1151 4.99 -15.1805
      vertex -16.1203 4.99 -15.1613
      vertex -15.6078 4.99 -15.0796
    endloop
  endfacet
  facet normal 0 1 -0
    outer loop
      vertex -16.1183 4.99 -15.1816
      vertex -16.1203 4.99 -15.1613
      vertex -16.1151 4.99 -15.1805
    endloop
  endfacet
  facet normal 0 1 0
    outer loop
      vertex -16.1183 4.99 -15.1816
      vertex -16.6157 4.99 -15.3295
      vertex -16.1203 4.99 -15.1613
    endloop
  endfacet
  facet normal 0 1 -0
    outer loop
      vertex -16.6081 4.99 -15.3479
      vertex -16.6157 4.99 -15.3295
      vertex -16.1183 4.99 -15.1816
    endloop
  endfacet
  facet normal 0 1 -0
    outer loop
      vertex -16.6111 4.99 -15.3493
      vertex -16.6157 4.99 -15.3295
      vertex -16.6081 4.99 -15.3479
    endloop
  endfacet
  facet normal 0 1 0
    outer loop
      vertex -16.6111 4.99 -15.3493
      vertex -17.085 4.99 -15.5609
      vertex -16.6157 4.99 -15.3295
    endloop
  endfacet
  facet normal 0 1 -0
    outer loop
      vertex -17.0751 4.99 -15.5781
      vertex -17.085 4.99 -15.5609
      vertex -16.6111 4.99 -15.3493
    endloop
  endfacet
  facet normal 0 1 0
    outer loop
      vertex -17.5052 4.99 -15.8655
      vertex -17.085 4.99 -15.5609
      vertex -17.0751 4.99 -15.5781
    endloop
  endfacet
  facet normal 0 1 0
    outer loop
      vertex -17.085 4.99 -15.5609
      vertex -17.5052 4.99 -15.8655
      vertex -17.52 4.99 -15.8516
    endloop
  endfacet
  facet normal 0 1 -0
    outer loop
      vertex -17.5079 4.99 -15.8674
      vertex -17.52 4.99 -15.8516
      vertex -17.5052 4.99 -15.8655
    endloop
  endfacet
  facet normal 0 1 -0
    outer loop
      vertex -17.5105 4.99 -15.8696
      vertex -17.52 4.99 -15.8516
      vertex -17.5079 4.99 -15.8674
    endloop
  endfacet
  facet normal 0 1 0
    outer loop
      vertex -17.5105 4.99 -15.8696
      vertex -17.9134 4.99 -16.1966
      vertex -17.52 4.99 -15.8516
    endloop
  endfacet
  facet normal 0 1 -0
    outer loop
      vertex -17.8994 4.99 -16.2106
      vertex -17.9134 4.99 -16.1966
      vertex -17.5105 4.99 -15.8696
    endloop
  endfacet
  facet normal 0 1 0
    outer loop
      vertex -18.2404 4.99 -16.5995
      vertex -17.9134 4.99 -16.1966
      vertex -17.8994 4.99 -16.2106
    endloop
  endfacet
  facet normal 0 1 0
    outer loop
      vertex -17.9134 4.99 -16.1966
      vertex -18.2404 4.99 -16.5995
      vertex -18.2584 4.99 -16.59
    endloop
  endfacet
  facet normal 0 1 -0
    outer loop
      vertex -18.2426 4.99 -16.6021
      vertex -18.2584 4.99 -16.59
      vertex -18.2404 4.99 -16.5995
    endloop
  endfacet
  facet normal 0 1 -0
    outer loop
      vertex -18.2445 4.99 -16.6048
      vertex -18.2584 4.99 -16.59
      vertex -18.2426 4.99 -16.6021
    endloop
  endfacet
  facet normal 0 1 0
    outer loop
      vertex -18.2445 4.99 -16.6048
      vertex -18.5491 4.99 -17.025
      vertex -18.2584 4.99 -16.59
    endloop
  endfacet
  facet normal 0 1 -0
    outer loop
      vertex -18.5319 4.99 -17.0349
      vertex -18.5491 4.99 -17.025
      vertex -18.2445 4.99 -16.6048
    endloop
  endfacet
  facet normal 0 1 0
    outer loop
      vertex -18.7607 4.99 -17.4989
      vertex -18.5491 4.99 -17.025
      vertex -18.5319 4.99 -17.0349
    endloop
  endfacet
  facet normal 0 1 0
    outer loop
      vertex -18.5491 4.99 -17.025
      vertex -18.7607 4.99 -17.4989
      vertex -18.7805 4.99 -17.4943
    endloop
  endfacet
  facet normal 0 1 -0
    outer loop
      vertex -18.7621 4.99 -17.5019
      vertex -18.7805 4.99 -17.4943
      vertex -18.7607 4.99 -17.4989
    endloop
  endfacet
  facet normal 0 1 0
    outer loop
      vertex -18.9284 4.99 -17.9917
      vertex -18.7805 4.99 -17.4943
      vertex -18.7621 4.99 -17.5019
    endloop
  endfacet
  facet normal 0 1 0
    outer loop
      vertex -18.7805 4.99 -17.4943
      vertex -18.9284 4.99 -17.9917
      vertex -18.9487 4.99 -17.9897
    endloop
  endfacet
  facet normal 0 1 -0
    outer loop
      vertex -18.9295 4.99 -17.9949
      vertex -18.9487 4.99 -17.9897
      vertex -18.9284 4.99 -17.9917
    endloop
  endfacet
  facet normal 0 1 0
    outer loop
      vertex -19.0304 4.99 -18.5022
      vertex -18.9487 4.99 -17.9897
      vertex -18.9295 4.99 -17.9949
    endloop
  endfacet
  facet normal 0 1 -0
    outer loop
      vertex -19.0304 4.99 -18.5022
      vertex -19.0508 4.99 -18.5029
      vertex -18.9487 4.99 -17.9897
    endloop
  endfacet
  facet normal 0 1 -0
    outer loop
      vertex -19.0311 4.99 -18.5055
      vertex -19.0508 4.99 -18.5029
      vertex -19.0304 4.99 -18.5022
    endloop
  endfacet
  facet normal 0 1 -0
    outer loop
      vertex -19.0313 4.99 -18.5088
      vertex -19.0508 4.99 -18.5029
      vertex -19.0311 4.99 -18.5055
    endloop
  endfacet
  facet normal 0 1 0
    outer loop
      vertex -19.085 4.99 -19.025
      vertex -19.0313 4.99 -18.5088
      vertex -19.0651 4.99 -19.025
    endloop
  endfacet
  facet normal 0 1 0
    outer loop
      vertex -19.0313 4.99 -18.5088
      vertex -19.085 4.99 -19.025
      vertex -19.0508 4.99 -18.5029
    endloop
  endfacet
  facet normal 0 1 0
    outer loop
      vertex -19.0313 4.99 -19.5412
      vertex -19.085 4.99 -19.025
      vertex -19.0651 4.99 -19.025
    endloop
  endfacet
  facet normal 0 1 0
    outer loop
      vertex -19.0508 4.99 -19.5471
      vertex -19.0313 4.99 -19.5412
      vertex -19.0311 4.99 -19.5445
    endloop
  endfacet
  facet normal 0 1 0
    outer loop
      vertex -19.0313 4.99 -19.5412
      vertex -19.0508 4.99 -19.5471
      vertex -19.085 4.99 -19.025
    endloop
  endfacet
  facet normal 0 1 0
    outer loop
      vertex -19.0304 4.99 -19.5478
      vertex -19.0508 4.99 -19.5471
      vertex -19.0311 4.99 -19.5445
    endloop
  endfacet
  facet normal 0 1 -0
    outer loop
      vertex -18.9487 4.99 -20.0603
      vertex -19.0304 4.99 -19.5478
      vertex -18.9295 4.99 -20.0551
    endloop
  endfacet
  facet normal 0 1 0
    outer loop
      vertex -19.0304 4.99 -19.5478
      vertex -18.9487 4.99 -20.0603
      vertex -19.0508 4.99 -19.5471
    endloop
  endfacet
  facet normal 0 1 0
    outer loop
      vertex -18.9284 4.99 -20.0583
      vertex -18.9487 4.99 -20.0603
      vertex -18.9295 4.99 -20.0551
    endloop
  endfacet
  facet normal 0 1 -0
    outer loop
      vertex -18.7805 4.99 -20.5557
      vertex -18.9284 4.99 -20.0583
      vertex -18.7621 4.99 -20.5481
    endloop
  endfacet
  facet normal 0 1 0
    outer loop
      vertex -18.9284 4.99 -20.0583
      vertex -18.7805 4.99 -20.5557
      vertex -18.9487 4.99 -20.0603
    endloop
  endfacet
  facet normal 0 1 0
    outer loop
      vertex -18.7607 4.99 -20.5511
      vertex -18.7805 4.99 -20.5557
      vertex -18.7621 4.99 -20.5481
    endloop
  endfacet
  facet normal 0 1 -0
    outer loop
      vertex -18.5491 4.99 -21.025
      vertex -18.7607 4.99 -20.5511
      vertex -18.5319 4.99 -21.0151
    endloop
  endfacet
  facet normal 0 1 0
    outer loop
      vertex -18.7607 4.99 -20.5511
      vertex -18.5491 4.99 -21.025
      vertex -18.7805 4.99 -20.5557
    endloop
  endfacet
  facet normal 0 1 0
    outer loop
      vertex -18.2445 4.99 -21.4452
      vertex -18.5491 4.99 -21.025
      vertex -18.5319 4.99 -21.0151
    endloop
  endfacet
  facet normal 0 1 0
    outer loop
      vertex -18.2584 4.99 -21.46
      vertex -18.2445 4.99 -21.4452
      vertex -18.2426 4.99 -21.4479
    endloop
  endfacet
  facet normal 0 1 0
    outer loop
      vertex -18.2445 4.99 -21.4452
      vertex -18.2584 4.99 -21.46
      vertex -18.5491 4.99 -21.025
    endloop
  endfacet
  facet normal 0 1 0
    outer loop
      vertex -18.2404 4.99 -21.4505
      vertex -18.2584 4.99 -21.46
      vertex -18.2426 4.99 -21.4479
    endloop
  endfacet
  facet normal 0 1 -0
    outer loop
      vertex -17.9134 4.99 -21.8534
      vertex -18.2404 4.99 -21.4505
      vertex -17.8994 4.99 -21.8394
    endloop
  endfacet
  facet normal 0 1 0
    outer loop
      vertex -18.2404 4.99 -21.4505
      vertex -17.9134 4.99 -21.8534
      vertex -18.2584 4.99 -21.46
    endloop
  endfacet
  facet normal 0 1 0
    outer loop
      vertex -17.5105 4.99 -22.1804
      vertex -17.9134 4.99 -21.8534
      vertex -17.8994 4.99 -21.8394
    endloop
  endfacet
  facet normal 0 1 0
    outer loop
      vertex -17.52 4.99 -22.1984
      vertex -17.5105 4.99 -22.1804
      vertex -17.5079 4.99 -22.1826
    endloop
  endfacet
  facet normal 0 1 0
    outer loop
      vertex -17.5105 4.99 -22.1804
      vertex -17.52 4.99 -22.1984
      vertex -17.9134 4.99 -21.8534
    endloop
  endfacet
  facet normal 0 1 0
    outer loop
      vertex -17.5052 4.99 -22.1845
      vertex -17.52 4.99 -22.1984
      vertex -17.5079 4.99 -22.1826
    endloop
  endfacet
  facet normal 0 1 -0
    outer loop
      vertex -17.085 4.99 -22.4891
      vertex -17.5052 4.99 -22.1845
      vertex -17.0751 4.99 -22.4719
    endloop
  endfacet
  facet normal 0 1 0
    outer loop
      vertex -17.5052 4.99 -22.1845
      vertex -17.085 4.99 -22.4891
      vertex -17.52 4.99 -22.1984
    endloop
  endfacet
  facet normal 0 1 0
    outer loop
      vertex -16.6111 4.99 -22.7007
      vertex -17.085 4.99 -22.4891
      vertex -17.0751 4.99 -22.4719
    endloop
  endfacet
  facet normal 0 1 0
    outer loop
      vertex -16.6157 4.99 -22.7205
      vertex -16.6111 4.99 -22.7007
      vertex -16.6081 4.99 -22.7021
    endloop
  endfacet
  facet normal 0 1 0
    outer loop
      vertex -16.6111 4.99 -22.7007
      vertex -16.6157 4.99 -22.7205
      vertex -17.085 4.99 -22.4891
    endloop
  endfacet
  facet normal 0 1 0
    outer loop
      vertex -16.1183 4.99 -22.8684
      vertex -16.6157 4.99 -22.7205
      vertex -16.6081 4.99 -22.7021
    endloop
  endfacet
  facet normal 0 1 0
    outer loop
      vertex -16.1203 4.99 -22.8887
      vertex -16.1183 4.99 -22.8684
      vertex -16.1151 4.99 -22.8695
    endloop
  endfacet
  facet normal 0 1 0
    outer loop
      vertex -16.1183 4.99 -22.8684
      vertex -16.1203 4.99 -22.8887
      vertex -16.6157 4.99 -22.7205
    endloop
  endfacet
  facet normal 0 1 0
    outer loop
      vertex -15.6078 4.99 -22.9704
      vertex -16.1203 4.99 -22.8887
      vertex -16.1151 4.99 -22.8695
    endloop
  endfacet
  facet normal 0 1 -0
    outer loop
      vertex -15.6071 4.99 -22.9908
      vertex -15.6078 4.99 -22.9704
      vertex -15.6045 4.99 -22.9711
    endloop
  endfacet
  facet normal 0 1 0
    outer loop
      vertex -15.6078 4.99 -22.9704
      vertex -15.6071 4.99 -22.9908
      vertex -16.1203 4.99 -22.8887
    endloop
  endfacet
  facet normal 0 1 0
    outer loop
      vertex -15.6012 4.99 -22.9713
      vertex -15.6071 4.99 -22.9908
      vertex -15.6045 4.99 -22.9711
    endloop
  endfacet
  facet normal 0 1 -0
    outer loop
      vertex -15.085 4.99 -23.025
      vertex -15.6012 4.99 -22.9713
      vertex -15.085 4.99 -23.0051
    endloop
  endfacet
  facet normal 0 1 0
    outer loop
      vertex -15.6012 4.99 -22.9713
      vertex -15.085 4.99 -23.025
      vertex -15.6071 4.99 -22.9908
    endloop
  endfacet
  facet normal -0.659343 0 0.751842
    outer loop
      vertex -12.65 5 -22.1984
      vertex -12.2566 4.99 -21.8534
      vertex -12.2566 5 -21.8534
    endloop
  endfacet
  facet normal -0.659343 0 0.751842
    outer loop
      vertex -12.2566 4.99 -21.8534
      vertex -12.65 5 -22.1984
      vertex -12.65 4.99 -22.1984
    endloop
  endfacet
  facet normal 0.442238 0 0.896898
    outer loop
      vertex -17.085 5 -22.4891
      vertex -16.6157 4.99 -22.7205
      vertex -16.6157 5 -22.7205
    endloop
  endfacet
  facet normal 0.442238 0 0.896898
    outer loop
      vertex -16.6157 4.99 -22.7205
      vertex -17.085 5 -22.4891
      vertex -17.085 4.99 -22.4891
    endloop
  endfacet
  facet normal 0.555626 0 0.831432
    outer loop
      vertex -17.52 5 -22.1984
      vertex -17.085 4.99 -22.4891
      vertex -17.085 5 -22.4891
    endloop
  endfacet
  facet normal 0.555626 0 0.831432
    outer loop
      vertex -17.085 4.99 -22.4891
      vertex -17.52 5 -22.1984
      vertex -17.52 4.99 -22.1984
    endloop
  endfacet
  facet normal -0.997861 0 -0.0653646
    outer loop
      vertex -11.085 4.99 -19.025
      vertex -11.1192 5 -18.5029
      vertex -11.085 5 -19.025
    endloop
  endfacet
  facet normal -0.997861 -0 -0.0653646
    outer loop
      vertex -11.1192 5 -18.5029
      vertex -11.085 4.99 -19.025
      vertex -11.1192 4.99 -18.5029
    endloop
  endfacet
  facet normal -0.0653646 0 -0.997861
    outer loop
      vertex -15.085 4.99 -15.025
      vertex -14.5629 5 -15.0592
      vertex -14.5629 4.99 -15.0592
    endloop
  endfacet
  facet normal -0.0653646 0 -0.997861
    outer loop
      vertex -14.5629 5 -15.0592
      vertex -15.085 4.99 -15.025
      vertex -15.085 5 -15.025
    endloop
  endfacet
  facet normal -0.94691 0 -0.321498
    outer loop
      vertex -11.2213 4.99 -17.9897
      vertex -11.3895 5 -17.4943
      vertex -11.2213 5 -17.9897
    endloop
  endfacet
  facet normal -0.94691 -0 -0.321498
    outer loop
      vertex -11.3895 5 -17.4943
      vertex -11.2213 4.99 -17.9897
      vertex -11.3895 4.99 -17.4943
    endloop
  endfacet
  facet normal -0.195124 0 -0.980779
    outer loop
      vertex -14.5629 4.99 -15.0592
      vertex -14.0497 5 -15.1613
      vertex -14.0497 4.99 -15.1613
    endloop
  endfacet
  facet normal -0.195124 0 -0.980779
    outer loop
      vertex -14.0497 5 -15.1613
      vertex -14.5629 4.99 -15.0592
      vertex -14.5629 5 -15.0592
    endloop
  endfacet
  facet normal -0.659343 0 -0.751842
    outer loop
      vertex -12.65 4.99 -15.8516
      vertex -12.2566 5 -16.1966
      vertex -12.2566 4.99 -16.1966
    endloop
  endfacet
  facet normal -0.659343 0 -0.751842
    outer loop
      vertex -12.2566 5 -16.1966
      vertex -12.65 4.99 -15.8516
      vertex -12.65 5 -15.8516
    endloop
  endfacet
  facet normal 0.0653646 0 -0.997861
    outer loop
      vertex -15.6071 4.99 -15.0592
      vertex -15.085 5 -15.025
      vertex -15.085 4.99 -15.025
    endloop
  endfacet
  facet normal 0.0653646 0 -0.997861
    outer loop
      vertex -15.085 5 -15.025
      vertex -15.6071 4.99 -15.0592
      vertex -15.6071 5 -15.0592
    endloop
  endfacet
  facet normal 0.321498 0 -0.94691
    outer loop
      vertex -16.6157 4.99 -15.3295
      vertex -16.1203 5 -15.1613
      vertex -16.1203 4.99 -15.1613
    endloop
  endfacet
  facet normal 0.321498 0 -0.94691
    outer loop
      vertex -16.1203 5 -15.1613
      vertex -16.6157 4.99 -15.3295
      vertex -16.6157 5 -15.3295
    endloop
  endfacet
  facet normal 0.195124 0 -0.980779
    outer loop
      vertex -16.1203 4.99 -15.1613
      vertex -15.6071 5 -15.0592
      vertex -15.6071 4.99 -15.0592
    endloop
  endfacet
  facet normal 0.195124 0 -0.980779
    outer loop
      vertex -15.6071 5 -15.0592
      vertex -16.1203 4.99 -15.1613
      vertex -16.1203 5 -15.1613
    endloop
  endfacet
  facet normal 0.442238 0 -0.896898
    outer loop
      vertex -17.085 4.99 -15.5609
      vertex -16.6157 5 -15.3295
      vertex -16.6157 4.99 -15.3295
    endloop
  endfacet
  facet normal 0.442238 0 -0.896898
    outer loop
      vertex -16.6157 5 -15.3295
      vertex -17.085 4.99 -15.5609
      vertex -17.085 5 -15.5609
    endloop
  endfacet
  facet normal 0.980779 0 -0.195124
    outer loop
      vertex -18.9487 4.99 -17.9897
      vertex -19.0508 5 -18.5029
      vertex -18.9487 5 -17.9897
    endloop
  endfacet
  facet normal 0.980779 0 -0.195124
    outer loop
      vertex -19.0508 5 -18.5029
      vertex -18.9487 4.99 -17.9897
      vertex -19.0508 4.99 -18.5029
    endloop
  endfacet
  facet normal 0.751842 0 -0.659343
    outer loop
      vertex -17.9134 4.99 -16.1966
      vertex -18.2584 5 -16.59
      vertex -17.9134 5 -16.1966
    endloop
  endfacet
  facet normal 0.751842 0 -0.659343
    outer loop
      vertex -18.2584 5 -16.59
      vertex -17.9134 4.99 -16.1966
      vertex -18.2584 4.99 -16.59
    endloop
  endfacet
  facet normal -0.980779 0 0.195124
    outer loop
      vertex -11.2213 4.99 -20.0603
      vertex -11.1192 5 -19.5471
      vertex -11.2213 5 -20.0603
    endloop
  endfacet
  facet normal -0.980779 0 0.195124
    outer loop
      vertex -11.1192 5 -19.5471
      vertex -11.2213 4.99 -20.0603
      vertex -11.1192 4.99 -19.5471
    endloop
  endfacet
  facet normal -0.321498 0 0.94691
    outer loop
      vertex -14.0497 5 -22.8887
      vertex -13.5543 4.99 -22.7205
      vertex -13.5543 5 -22.7205
    endloop
  endfacet
  facet normal -0.321498 0 0.94691
    outer loop
      vertex -13.5543 4.99 -22.7205
      vertex -14.0497 5 -22.8887
      vertex -14.0497 4.99 -22.8887
    endloop
  endfacet
  facet normal 0.94691 -0 0.321498
    outer loop
      vertex -18.9487 4.99 -20.0603
      vertex -18.7805 5 -20.5557
      vertex -18.9487 5 -20.0603
    endloop
  endfacet
  facet normal 0.94691 0 0.321498
    outer loop
      vertex -18.7805 5 -20.5557
      vertex -18.9487 4.99 -20.0603
      vertex -18.7805 4.99 -20.5557
    endloop
  endfacet
  facet normal 0.831432 -0 0.555626
    outer loop
      vertex -18.5491 4.99 -21.025
      vertex -18.2584 5 -21.46
      vertex -18.5491 5 -21.025
    endloop
  endfacet
  facet normal 0.831432 0 0.555626
    outer loop
      vertex -18.2584 5 -21.46
      vertex -18.5491 4.99 -21.025
      vertex -18.2584 4.99 -21.46
    endloop
  endfacet
  facet normal 0.195124 0 0.980779
    outer loop
      vertex -16.1203 5 -22.8887
      vertex -15.6071 4.99 -22.9908
      vertex -15.6071 5 -22.9908
    endloop
  endfacet
  facet normal 0.195124 0 0.980779
    outer loop
      vertex -15.6071 4.99 -22.9908
      vertex -16.1203 5 -22.8887
      vertex -16.1203 4.99 -22.8887
    endloop
  endfacet
  facet normal -0.896898 0 -0.442238
    outer loop
      vertex -11.3895 4.99 -17.4943
      vertex -11.6209 5 -17.025
      vertex -11.3895 5 -17.4943
    endloop
  endfacet
  facet normal -0.896898 -0 -0.442238
    outer loop
      vertex -11.6209 5 -17.025
      vertex -11.3895 4.99 -17.4943
      vertex -11.6209 4.99 -17.025
    endloop
  endfacet
  facet normal -0.442238 0 -0.896898
    outer loop
      vertex -13.5543 4.99 -15.3295
      vertex -13.085 5 -15.5609
      vertex -13.085 4.99 -15.5609
    endloop
  endfacet
  facet normal -0.442238 0 -0.896898
    outer loop
      vertex -13.085 5 -15.5609
      vertex -13.5543 4.99 -15.3295
      vertex -13.5543 5 -15.3295
    endloop
  endfacet
  facet normal 0.94691 0 -0.321498
    outer loop
      vertex -18.7805 4.99 -17.4943
      vertex -18.9487 5 -17.9897
      vertex -18.7805 5 -17.4943
    endloop
  endfacet
  facet normal 0.94691 0 -0.321498
    outer loop
      vertex -18.9487 5 -17.9897
      vertex -18.7805 4.99 -17.4943
      vertex -18.9487 4.99 -17.9897
    endloop
  endfacet
  facet normal 0.831432 0 -0.555626
    outer loop
      vertex -18.2584 4.99 -16.59
      vertex -18.5491 5 -17.025
      vertex -18.2584 5 -16.59
    endloop
  endfacet
  facet normal 0.831432 0 -0.555626
    outer loop
      vertex -18.5491 5 -17.025
      vertex -18.2584 4.99 -16.59
      vertex -18.5491 4.99 -17.025
    endloop
  endfacet
  facet normal -0.980779 0 -0.195124
    outer loop
      vertex -11.1192 4.99 -18.5029
      vertex -11.2213 5 -17.9897
      vertex -11.1192 5 -18.5029
    endloop
  endfacet
  facet normal -0.980779 -0 -0.195124
    outer loop
      vertex -11.2213 5 -17.9897
      vertex -11.1192 4.99 -18.5029
      vertex -11.2213 4.99 -17.9897
    endloop
  endfacet
  facet normal -0.99787 0 0.0652336
    outer loop
      vertex -12.8542 0 18.7313
      vertex -12.835 3.25 19.025
      vertex -12.8542 3.25 18.7313
    endloop
  endfacet
  facet normal -0.99787 0 0.0652336
    outer loop
      vertex -12.835 3.25 19.025
      vertex -12.8542 0 18.7313
      vertex -12.835 0 19.025
    endloop
  endfacet
  facet normal 0.99787 -0 0.0652336
    outer loop
      vertex -17.335 0 19.025
      vertex -17.3158 3.25 18.7313
      vertex -17.335 3.25 19.025
    endloop
  endfacet
  facet normal 0.99787 0 0.0652336
    outer loop
      vertex -17.3158 3.25 18.7313
      vertex -17.335 0 19.025
      vertex -17.3158 0 18.7313
    endloop
  endfacet
  facet normal -0.0655719 0 0.997848
    outer loop
      vertex -15.085 3.25 16.775
      vertex -14.7913 0 16.7943
      vertex -14.7913 3.25 16.7943
    endloop
  endfacet
  facet normal -0.0655719 0 0.997848
    outer loop
      vertex -14.7913 0 16.7943
      vertex -15.085 3.25 16.775
      vertex -15.085 0 16.775
    endloop
  endfacet
  facet normal 0.0652336 0 -0.99787
    outer loop
      vertex -15.3787 0 21.2558
      vertex -15.085 3.25 21.275
      vertex -15.085 0 21.275
    endloop
  endfacet
  facet normal 0.0652336 0 -0.99787
    outer loop
      vertex -15.085 3.25 21.275
      vertex -15.3787 0 21.2558
      vertex -15.3787 3.25 21.2558
    endloop
  endfacet
  facet normal 0.751966 0 -0.659202
    outer loop
      vertex -16.676 0 20.616
      vertex -16.87 3.25 20.3947
      vertex -16.676 3.25 20.616
    endloop
  endfacet
  facet normal 0.751966 0 -0.659202
    outer loop
      vertex -16.87 3.25 20.3947
      vertex -16.676 0 20.616
      vertex -16.87 0 20.3947
    endloop
  endfacet
  facet normal -0.751966 0 0.659202
    outer loop
      vertex -13.494 0 17.434
      vertex -13.3 3.25 17.6553
      vertex -13.494 3.25 17.434
    endloop
  endfacet
  facet normal -0.751966 0 0.659202
    outer loop
      vertex -13.3 3.25 17.6553
      vertex -13.494 0 17.434
      vertex -13.3 0 17.6553
    endloop
  endfacet
  facet normal 0.659202 0 0.751966
    outer loop
      vertex -16.676 3.25 17.434
      vertex -16.4547 0 17.24
      vertex -16.4547 3.25 17.24
    endloop
  endfacet
  facet normal 0.659202 0 0.751966
    outer loop
      vertex -16.4547 0 17.24
      vertex -16.676 3.25 17.434
      vertex -16.676 0 17.434
    endloop
  endfacet
  facet normal 0.321421 0 0.946936
    outer loop
      vertex -15.946 3.25 16.9463
      vertex -15.6673 0 16.8517
      vertex -15.6673 3.25 16.8517
    endloop
  endfacet
  facet normal 0.321421 0 0.946936
    outer loop
      vertex -15.6673 0 16.8517
      vertex -15.946 3.25 16.9463
      vertex -15.946 0 16.9463
    endloop
  endfacet
  facet normal -0.896995 0 0.442042
    outer loop
      vertex -13.1364 0 17.9
      vertex -13.0063 3.25 18.164
      vertex -13.1364 3.25 17.9
    endloop
  endfacet
  facet normal -0.896995 0 0.442042
    outer loop
      vertex -13.0063 3.25 18.164
      vertex -13.1364 0 17.9
      vertex -13.0063 0 18.164
    endloop
  endfacet
  facet normal -0.831318 0 0.555797
    outer loop
      vertex -13.3 0 17.6553
      vertex -13.1364 3.25 17.9
      vertex -13.3 3.25 17.6553
    endloop
  endfacet
  facet normal -0.831318 0 0.555797
    outer loop
      vertex -13.1364 3.25 17.9
      vertex -13.3 0 17.6553
      vertex -13.1364 0 17.9
    endloop
  endfacet
  facet normal -0.442042 0 0.896995
    outer loop
      vertex -14.224 3.25 16.9463
      vertex -13.96 0 17.0764
      vertex -13.96 3.25 17.0764
    endloop
  endfacet
  facet normal -0.442042 0 0.896995
    outer loop
      vertex -13.96 0 17.0764
      vertex -14.224 3.25 16.9463
      vertex -14.224 0 16.9463
    endloop
  endfacet
  facet normal -0.321421 0 0.946936
    outer loop
      vertex -14.5027 3.25 16.8517
      vertex -14.224 0 16.9463
      vertex -14.224 3.25 16.9463
    endloop
  endfacet
  facet normal -0.321421 0 0.946936
    outer loop
      vertex -14.224 0 16.9463
      vertex -14.5027 3.25 16.8517
      vertex -14.5027 0 16.8517
    endloop
  endfacet
  facet normal -0.555797 0 0.831318
    outer loop
      vertex -13.96 3.25 17.0764
      vertex -13.7153 0 17.24
      vertex -13.7153 3.25 17.24
    endloop
  endfacet
  facet normal -0.555797 0 0.831318
    outer loop
      vertex -13.7153 0 17.24
      vertex -13.96 3.25 17.0764
      vertex -13.96 0 17.0764
    endloop
  endfacet
  facet normal 0.896995 -0 0.442042
    outer loop
      vertex -17.1637 0 18.164
      vertex -17.0336 3.25 17.9
      vertex -17.1637 3.25 18.164
    endloop
  endfacet
  facet normal 0.896995 0 0.442042
    outer loop
      vertex -17.0336 3.25 17.9
      vertex -17.1637 0 18.164
      vertex -17.0336 0 17.9
    endloop
  endfacet
  facet normal 0.946936 -0 0.321421
    outer loop
      vertex -17.2583 0 18.4427
      vertex -17.1637 3.25 18.164
      vertex -17.2583 3.25 18.4427
    endloop
  endfacet
  facet normal 0.946936 0 0.321421
    outer loop
      vertex -17.1637 3.25 18.164
      vertex -17.2583 0 18.4427
      vertex -17.1637 0 18.164
    endloop
  endfacet
  facet normal 0.442042 0 0.896995
    outer loop
      vertex -16.21 3.25 17.0764
      vertex -15.946 0 16.9463
      vertex -15.946 3.25 16.9463
    endloop
  endfacet
  facet normal 0.442042 0 0.896995
    outer loop
      vertex -15.946 0 16.9463
      vertex -16.21 3.25 17.0764
      vertex -16.21 0 17.0764
    endloop
  endfacet
  facet normal 0.19507 0 0.980789
    outer loop
      vertex -15.6673 3.25 16.8517
      vertex -15.3787 0 16.7943
      vertex -15.3787 3.25 16.7943
    endloop
  endfacet
  facet normal 0.19507 0 0.980789
    outer loop
      vertex -15.3787 0 16.7943
      vertex -15.6673 3.25 16.8517
      vertex -15.6673 0 16.8517
    endloop
  endfacet
  facet normal -0.442042 0 -0.896995
    outer loop
      vertex -14.224 0 21.1037
      vertex -13.96 3.25 20.9736
      vertex -13.96 0 20.9736
    endloop
  endfacet
  facet normal -0.442042 0 -0.896995
    outer loop
      vertex -13.96 3.25 20.9736
      vertex -14.224 0 21.1037
      vertex -14.224 3.25 21.1037
    endloop
  endfacet
  facet normal 0.321421 0 -0.946936
    outer loop
      vertex -15.946 0 21.1037
      vertex -15.6673 3.25 21.1983
      vertex -15.6673 0 21.1983
    endloop
  endfacet
  facet normal 0.321421 0 -0.946936
    outer loop
      vertex -15.6673 3.25 21.1983
      vertex -15.946 0 21.1037
      vertex -15.946 3.25 21.1037
    endloop
  endfacet
  facet normal 0.896995 0 -0.442042
    outer loop
      vertex -17.0336 0 20.15
      vertex -17.1637 3.25 19.886
      vertex -17.0336 3.25 20.15
    endloop
  endfacet
  facet normal 0.896995 0 -0.442042
    outer loop
      vertex -17.1637 3.25 19.886
      vertex -17.0336 0 20.15
      vertex -17.1637 0 19.886
    endloop
  endfacet
  facet normal -0.946936 0 0.321421
    outer loop
      vertex -13.0063 0 18.164
      vertex -12.9117 3.25 18.4427
      vertex -13.0063 3.25 18.164
    endloop
  endfacet
  facet normal -0.946936 0 0.321421
    outer loop
      vertex -12.9117 3.25 18.4427
      vertex -13.0063 0 18.164
      vertex -12.9117 0 18.4427
    endloop
  endfacet
  facet normal -0.980724 0 0.195397
    outer loop
      vertex -12.9117 0 18.4427
      vertex -12.8542 3.25 18.7313
      vertex -12.9117 3.25 18.4427
    endloop
  endfacet
  facet normal -0.980724 0 0.195397
    outer loop
      vertex -12.8542 3.25 18.7313
      vertex -12.9117 0 18.4427
      vertex -12.8542 0 18.7313
    endloop
  endfacet
  facet normal -0.19507 0 0.980789
    outer loop
      vertex -14.7913 3.25 16.7943
      vertex -14.5027 0 16.8517
      vertex -14.5027 3.25 16.8517
    endloop
  endfacet
  facet normal -0.19507 0 0.980789
    outer loop
      vertex -14.5027 0 16.8517
      vertex -14.7913 3.25 16.7943
      vertex -14.7913 0 16.7943
    endloop
  endfacet
  facet normal -0.659202 0 0.751966
    outer loop
      vertex -13.7153 3.25 17.24
      vertex -13.494 0 17.434
      vertex -13.494 3.25 17.434
    endloop
  endfacet
  facet normal -0.659202 0 0.751966
    outer loop
      vertex -13.494 0 17.434
      vertex -13.7153 3.25 17.24
      vertex -13.7153 0 17.24
    endloop
  endfacet
  facet normal 0.831318 -0 0.555797
    outer loop
      vertex -17.0336 0 17.9
      vertex -16.87 3.25 17.6553
      vertex -17.0336 3.25 17.9
    endloop
  endfacet
  facet normal 0.831318 0 0.555797
    outer loop
      vertex -16.87 3.25 17.6553
      vertex -17.0336 0 17.9
      vertex -16.87 0 17.6553
    endloop
  endfacet
  facet normal 0.751966 -0 0.659202
    outer loop
      vertex -16.87 0 17.6553
      vertex -16.676 3.25 17.434
      vertex -16.87 3.25 17.6553
    endloop
  endfacet
  facet normal 0.751966 0 0.659202
    outer loop
      vertex -16.676 3.25 17.434
      vertex -16.87 0 17.6553
      vertex -16.676 0 17.434
    endloop
  endfacet
  facet normal 0.980724 -0 0.195397
    outer loop
      vertex -17.3158 0 18.7313
      vertex -17.2583 3.25 18.4427
      vertex -17.3158 3.25 18.7313
    endloop
  endfacet
  facet normal 0.980724 0 0.195397
    outer loop
      vertex -17.2583 3.25 18.4427
      vertex -17.3158 0 18.7313
      vertex -17.2583 0 18.4427
    endloop
  endfacet
  facet normal 0.555797 0 0.831318
    outer loop
      vertex -16.4547 3.25 17.24
      vertex -16.21 0 17.0764
      vertex -16.21 3.25 17.0764
    endloop
  endfacet
  facet normal 0.555797 0 0.831318
    outer loop
      vertex -16.21 0 17.0764
      vertex -16.4547 3.25 17.24
      vertex -16.4547 0 17.24
    endloop
  endfacet
  facet normal 0.0655719 0 0.997848
    outer loop
      vertex -15.3787 3.25 16.7943
      vertex -15.085 0 16.775
      vertex -15.085 3.25 16.775
    endloop
  endfacet
  facet normal 0.0655719 0 0.997848
    outer loop
      vertex -15.085 0 16.775
      vertex -15.3787 3.25 16.7943
      vertex -15.3787 0 16.7943
    endloop
  endfacet
  facet normal -0.99787 0 -0.0652336
    outer loop
      vertex -12.835 0 19.025
      vertex -12.8542 3.25 19.3187
      vertex -12.835 3.25 19.025
    endloop
  endfacet
  facet normal -0.99787 -0 -0.0652336
    outer loop
      vertex -12.8542 3.25 19.3187
      vertex -12.835 0 19.025
      vertex -12.8542 0 19.3187
    endloop
  endfacet
  facet normal -0.0652336 0 -0.99787
    outer loop
      vertex -15.085 0 21.275
      vertex -14.7913 3.25 21.2558
      vertex -14.7913 0 21.2558
    endloop
  endfacet
  facet normal -0.0652336 0 -0.99787
    outer loop
      vertex -14.7913 3.25 21.2558
      vertex -15.085 0 21.275
      vertex -15.085 3.25 21.275
    endloop
  endfacet
  facet normal -0.321421 0 -0.946936
    outer loop
      vertex -14.5027 0 21.1983
      vertex -14.224 3.25 21.1037
      vertex -14.224 0 21.1037
    endloop
  endfacet
  facet normal -0.321421 0 -0.946936
    outer loop
      vertex -14.224 3.25 21.1037
      vertex -14.5027 0 21.1983
      vertex -14.5027 3.25 21.1983
    endloop
  endfacet
  facet normal -0.555797 0 -0.831318
    outer loop
      vertex -13.96 0 20.9736
      vertex -13.7153 3.25 20.81
      vertex -13.7153 0 20.81
    endloop
  endfacet
  facet normal -0.555797 0 -0.831318
    outer loop
      vertex -13.7153 3.25 20.81
      vertex -13.96 0 20.9736
      vertex -13.96 3.25 20.9736
    endloop
  endfacet
  facet normal -0.751966 0 -0.659202
    outer loop
      vertex -13.3 0 20.3947
      vertex -13.494 3.25 20.616
      vertex -13.3 3.25 20.3947
    endloop
  endfacet
  facet normal -0.751966 -0 -0.659202
    outer loop
      vertex -13.494 3.25 20.616
      vertex -13.3 0 20.3947
      vertex -13.494 0 20.616
    endloop
  endfacet
  facet normal -0.896995 0 -0.442042
    outer loop
      vertex -13.0063 0 19.886
      vertex -13.1364 3.25 20.15
      vertex -13.0063 3.25 19.886
    endloop
  endfacet
  facet normal -0.896995 -0 -0.442042
    outer loop
      vertex -13.1364 3.25 20.15
      vertex -13.0063 0 19.886
      vertex -13.1364 0 20.15
    endloop
  endfacet
  facet normal 0.659202 0 -0.751966
    outer loop
      vertex -16.676 0 20.616
      vertex -16.4547 3.25 20.81
      vertex -16.4547 0 20.81
    endloop
  endfacet
  facet normal 0.659202 0 -0.751966
    outer loop
      vertex -16.4547 3.25 20.81
      vertex -16.676 0 20.616
      vertex -16.676 3.25 20.616
    endloop
  endfacet
  facet normal 0.442042 0 -0.896995
    outer loop
      vertex -16.21 0 20.9736
      vertex -15.946 3.25 21.1037
      vertex -15.946 0 21.1037
    endloop
  endfacet
  facet normal 0.442042 0 -0.896995
    outer loop
      vertex -15.946 3.25 21.1037
      vertex -16.21 0 20.9736
      vertex -16.21 3.25 20.9736
    endloop
  endfacet
  facet normal 0.195397 0 -0.980724
    outer loop
      vertex -15.6673 0 21.1983
      vertex -15.3787 3.25 21.2558
      vertex -15.3787 0 21.2558
    endloop
  endfacet
  facet normal 0.195397 0 -0.980724
    outer loop
      vertex -15.3787 3.25 21.2558
      vertex -15.6673 0 21.1983
      vertex -15.6673 3.25 21.1983
    endloop
  endfacet
  facet normal 0.831318 0 -0.555797
    outer loop
      vertex -16.87 0 20.3947
      vertex -17.0336 3.25 20.15
      vertex -16.87 3.25 20.3947
    endloop
  endfacet
  facet normal 0.831318 0 -0.555797
    outer loop
      vertex -17.0336 3.25 20.15
      vertex -16.87 0 20.3947
      vertex -17.0336 0 20.15
    endloop
  endfacet
  facet normal 0.946936 0 -0.321421
    outer loop
      vertex -17.1637 0 19.886
      vertex -17.2583 3.25 19.6073
      vertex -17.1637 3.25 19.886
    endloop
  endfacet
  facet normal 0.946936 0 -0.321421
    outer loop
      vertex -17.2583 3.25 19.6073
      vertex -17.1637 0 19.886
      vertex -17.2583 0 19.6073
    endloop
  endfacet
  facet normal 0.99787 0 -0.0652336
    outer loop
      vertex -17.3158 0 19.3187
      vertex -17.335 3.25 19.025
      vertex -17.3158 3.25 19.3187
    endloop
  endfacet
  facet normal 0.99787 0 -0.0652336
    outer loop
      vertex -17.335 3.25 19.025
      vertex -17.3158 0 19.3187
      vertex -17.335 0 19.025
    endloop
  endfacet
  facet normal -0.195397 0 -0.980724
    outer loop
      vertex -14.7913 0 21.2558
      vertex -14.5027 3.25 21.1983
      vertex -14.5027 0 21.1983
    endloop
  endfacet
  facet normal -0.195397 0 -0.980724
    outer loop
      vertex -14.5027 3.25 21.1983
      vertex -14.7913 0 21.2558
      vertex -14.7913 3.25 21.2558
    endloop
  endfacet
  facet normal -0.659202 0 -0.751966
    outer loop
      vertex -13.7153 0 20.81
      vertex -13.494 3.25 20.616
      vertex -13.494 0 20.616
    endloop
  endfacet
  facet normal -0.659202 0 -0.751966
    outer loop
      vertex -13.494 3.25 20.616
      vertex -13.7153 0 20.81
      vertex -13.7153 3.25 20.81
    endloop
  endfacet
  facet normal -0.831318 0 -0.555797
    outer loop
      vertex -13.1364 0 20.15
      vertex -13.3 3.25 20.3947
      vertex -13.1364 3.25 20.15
    endloop
  endfacet
  facet normal -0.831318 -0 -0.555797
    outer loop
      vertex -13.3 3.25 20.3947
      vertex -13.1364 0 20.15
      vertex -13.3 0 20.3947
    endloop
  endfacet
  facet normal -0.980724 0 -0.195397
    outer loop
      vertex -12.8542 0 19.3187
      vertex -12.9117 3.25 19.6073
      vertex -12.8542 3.25 19.3187
    endloop
  endfacet
  facet normal -0.980724 -0 -0.195397
    outer loop
      vertex -12.9117 3.25 19.6073
      vertex -12.8542 0 19.3187
      vertex -12.9117 0 19.6073
    endloop
  endfacet
  facet normal -0.946936 0 -0.321421
    outer loop
      vertex -12.9117 0 19.6073
      vertex -13.0063 3.25 19.886
      vertex -12.9117 3.25 19.6073
    endloop
  endfacet
  facet normal -0.946936 -0 -0.321421
    outer loop
      vertex -13.0063 3.25 19.886
      vertex -12.9117 0 19.6073
      vertex -13.0063 0 19.886
    endloop
  endfacet
  facet normal 0.555797 0 -0.831318
    outer loop
      vertex -16.4547 0 20.81
      vertex -16.21 3.25 20.9736
      vertex -16.21 0 20.9736
    endloop
  endfacet
  facet normal 0.555797 0 -0.831318
    outer loop
      vertex -16.21 3.25 20.9736
      vertex -16.4547 0 20.81
      vertex -16.4547 3.25 20.81
    endloop
  endfacet
  facet normal 0.980724 0 -0.195397
    outer loop
      vertex -17.2583 0 19.6073
      vertex -17.3158 3.25 19.3187
      vertex -17.2583 3.25 19.6073
    endloop
  endfacet
  facet normal 0.980724 0 -0.195397
    outer loop
      vertex -17.3158 3.25 19.3187
      vertex -17.2583 0 19.6073
      vertex -17.3158 0 19.3187
    endloop
  endfacet
  facet normal -0.642901 0.704745 -0.300021
    outer loop
      vertex -13.0063 3.25 19.886
      vertex -11.4093 4.99 20.5511
      vertex -11.4079 4.99 20.5481
    endloop
  endfacet
  facet normal -0.636736 0.704348 -0.313785
    outer loop
      vertex -11.4093 4.99 20.5511
      vertex -13.0063 3.25 19.886
      vertex -13.1364 3.25 20.15
    endloop
  endfacet
  facet normal -0.708358 0.704328 0.0463822
    outer loop
      vertex -11.1049 4.99 19.025
      vertex -11.1387 4.99 18.5088
      vertex -12.835 3.25 19.025
    endloop
  endfacet
  facet normal -0.708694 0.704207 0.0429511
    outer loop
      vertex -12.8542 3.25 18.7313
      vertex -11.1387 4.99 18.5088
      vertex -11.1389 4.99 18.5055
    endloop
  endfacet
  facet normal -0.708372 0.704319 0.0463083
    outer loop
      vertex -11.1387 4.99 18.5088
      vertex -12.8542 3.25 18.7313
      vertex -12.835 3.25 19.025
    endloop
  endfacet
  facet normal 0.636678 0.704328 -0.313948
    outer loop
      vertex -18.5319 4.99 21.0151
      vertex -17.0336 3.25 20.15
      vertex -18.7607 4.99 20.5511
    endloop
  endfacet
  facet normal 0.313948 0.704328 0.636678
    outer loop
      vertex -16.21 3.25 17.0764
      vertex -16.6111 4.99 15.3493
      vertex -17.0751 4.99 15.5781
    endloop
  endfacet
  facet normal -0.708358 0.704328 -0.0463822
    outer loop
      vertex -11.1387 4.99 19.5412
      vertex -11.1049 4.99 19.025
      vertex -12.835 3.25 19.025
    endloop
  endfacet
  facet normal -0.696228 0.704337 -0.138477
    outer loop
      vertex -11.2405 4.99 20.0551
      vertex -11.1396 4.99 19.5478
      vertex -12.9117 3.25 19.6073
    endloop
  endfacet
  facet normal -0.533746 0.704334 -0.468005
    outer loop
      vertex -12.2706 4.99 21.8394
      vertex -11.9296 4.99 21.4505
      vertex -13.494 3.25 20.616
    endloop
  endfacet
  facet normal -0.636678 0.704328 -0.313948
    outer loop
      vertex -11.6381 4.99 21.0151
      vertex -11.4093 4.99 20.5511
      vertex -13.1364 3.25 20.15
    endloop
  endfacet
  facet normal -0.0429511 0.704207 -0.708694
    outer loop
      vertex -14.7913 3.25 21.2558
      vertex -14.5688 4.99 22.9713
      vertex -14.5655 4.99 22.9711
    endloop
  endfacet
  facet normal -0.0463083 0.704319 -0.708372
    outer loop
      vertex -14.5688 4.99 22.9713
      vertex -14.7913 3.25 21.2558
      vertex -15.085 3.25 21.275
    endloop
  endfacet
  facet normal 0.138477 0.704337 -0.696228
    outer loop
      vertex -15.6078 4.99 22.9704
      vertex -15.6673 3.25 21.1983
      vertex -16.1151 4.99 22.8695
    endloop
  endfacet
  facet normal 0.696209 0.70431 -0.138711
    outer loop
      vertex -17.3158 3.25 19.3187
      vertex -19.0304 4.99 19.5478
      vertex -17.2583 3.25 19.6073
    endloop
  endfacet
  facet normal 0.69474 0.704002 -0.147369
    outer loop
      vertex -19.0304 4.99 19.5478
      vertex -17.3158 3.25 19.3187
      vertex -19.0311 4.99 19.5445
    endloop
  endfacet
  facet normal 0.590228 0.70433 0.3944
    outer loop
      vertex -17.0336 3.25 17.9
      vertex -18.2445 4.99 16.6048
      vertex -18.5319 4.99 17.0349
    endloop
  endfacet
  facet normal -0.672187 0.704328 -0.228225
    outer loop
      vertex -11.4079 4.99 20.5481
      vertex -11.2416 4.99 20.0583
      vertex -13.0063 3.25 19.886
    endloop
  endfacet
  facet normal -0.671397 0.704245 -0.230793
    outer loop
      vertex -12.9117 3.25 19.6073
      vertex -11.2416 4.99 20.0583
      vertex -11.2405 4.99 20.0551
    endloop
  endfacet
  facet normal -0.672199 0.704335 -0.228167
    outer loop
      vertex -11.2416 4.99 20.0583
      vertex -12.9117 3.25 19.6073
      vertex -13.0063 3.25 19.886
    endloop
  endfacet
  facet normal -0.708372 0.704319 -0.0463083
    outer loop
      vertex -12.8542 3.25 19.3187
      vertex -11.1387 4.99 19.5412
      vertex -12.835 3.25 19.025
    endloop
  endfacet
  facet normal -0.708694 0.704207 -0.0429511
    outer loop
      vertex -11.1387 4.99 19.5412
      vertex -12.8542 3.25 19.3187
      vertex -11.1389 4.99 19.5445
    endloop
  endfacet
  facet normal -0.590228 0.70433 -0.3944
    outer loop
      vertex -11.9255 4.99 21.4452
      vertex -11.6381 4.99 21.0151
      vertex -13.1364 3.25 20.15
    endloop
  endfacet
  facet normal -0.54164 0.704683 -0.458311
    outer loop
      vertex -13.3 3.25 20.3947
      vertex -11.9296 4.99 21.4505
      vertex -11.9274 4.99 21.4479
    endloop
  endfacet
  facet normal -0.53379 0.704343 -0.467941
    outer loop
      vertex -11.9296 4.99 21.4505
      vertex -13.3 3.25 20.3947
      vertex -13.494 3.25 20.616
    endloop
  endfacet
  facet normal -0.0463822 0.704328 -0.708358
    outer loop
      vertex -15.085 4.99 23.0051
      vertex -14.5688 4.99 22.9713
      vertex -15.085 3.25 21.275
    endloop
  endfacet
  facet normal -0.313948 0.704328 -0.636678
    outer loop
      vertex -13.5589 4.99 22.7007
      vertex -13.0949 4.99 22.4719
      vertex -13.96 3.25 20.9736
    endloop
  endfacet
  facet normal 0.590228 0.70433 -0.3944
    outer loop
      vertex -18.2445 4.99 21.4452
      vertex -17.0336 3.25 20.15
      vertex -18.5319 4.99 21.0151
    endloop
  endfacet
  facet normal -0.408267 0.704785 0.580169
    outer loop
      vertex -12.6648 4.99 15.8655
      vertex -13.7153 3.25 17.24
      vertex -12.6621 4.99 15.8674
    endloop
  endfacet
  facet normal -0.394534 0.70435 0.590113
    outer loop
      vertex -13.7153 3.25 17.24
      vertex -12.6648 4.99 15.8655
      vertex -13.96 3.25 17.0764
    endloop
  endfacet
  facet normal 0.138474 0.704337 0.696228
    outer loop
      vertex -15.3787 3.25 16.7943
      vertex -15.6078 4.99 15.0796
      vertex -15.6673 3.25 16.8517
    endloop
  endfacet
  facet normal 0.147365 0.704022 0.69472
    outer loop
      vertex -15.6078 4.99 15.0796
      vertex -15.3787 3.25 16.7943
      vertex -15.6045 4.99 15.0789
    endloop
  endfacet
  facet normal 0.53379 0.704343 0.467941
    outer loop
      vertex -18.2404 4.99 16.5995
      vertex -16.87 3.25 17.6553
      vertex -16.676 3.25 17.434
    endloop
  endfacet
  facet normal 0.54164 0.704683 0.458311
    outer loop
      vertex -16.87 3.25 17.6553
      vertex -18.2404 4.99 16.5995
      vertex -18.2426 4.99 16.6021
    endloop
  endfacet
  facet normal 0.708372 0.704319 0.0463083
    outer loop
      vertex -17.3158 3.25 18.7313
      vertex -19.0313 4.99 18.5088
      vertex -17.335 3.25 19.025
    endloop
  endfacet
  facet normal 0.708694 0.704207 0.0429511
    outer loop
      vertex -19.0313 4.99 18.5088
      vertex -17.3158 3.25 18.7313
      vertex -19.0311 4.99 18.5055
    endloop
  endfacet
  facet normal -0.69474 0.704002 -0.147369
    outer loop
      vertex -12.8542 3.25 19.3187
      vertex -11.1396 4.99 19.5478
      vertex -11.1389 4.99 19.5445
    endloop
  endfacet
  facet normal -0.696209 0.70431 -0.138711
    outer loop
      vertex -11.1396 4.99 19.5478
      vertex -12.8542 3.25 19.3187
      vertex -12.9117 3.25 19.6073
    endloop
  endfacet
  facet normal -0.580169 0.704785 -0.408267
    outer loop
      vertex -11.9255 4.99 21.4452
      vertex -13.3 3.25 20.3947
      vertex -11.9274 4.99 21.4479
    endloop
  endfacet
  facet normal -0.590113 0.70435 -0.394534
    outer loop
      vertex -13.3 3.25 20.3947
      vertex -11.9255 4.99 21.4452
      vertex -13.1364 3.25 20.15
    endloop
  endfacet
  facet normal -0.228225 0.704328 -0.672187
    outer loop
      vertex -14.0517 4.99 22.8684
      vertex -13.5619 4.99 22.7021
      vertex -14.224 3.25 21.1037
    endloop
  endfacet
  facet normal -0.468005 0.704334 -0.533746
    outer loop
      vertex -12.6595 4.99 22.1804
      vertex -12.2706 4.99 21.8394
      vertex -13.494 3.25 20.616
    endloop
  endfacet
  facet normal 0.672187 0.704328 -0.228225
    outer loop
      vertex -18.7621 4.99 20.5481
      vertex -17.1637 3.25 19.886
      vertex -18.9284 4.99 20.0583
    endloop
  endfacet
  facet normal 0.696228 0.704337 -0.138477
    outer loop
      vertex -18.9295 4.99 20.0551
      vertex -17.2583 3.25 19.6073
      vertex -19.0304 4.99 19.5478
    endloop
  endfacet
  facet normal 0.53379 0.704343 -0.467941
    outer loop
      vertex -16.87 3.25 20.3947
      vertex -18.2404 4.99 21.4505
      vertex -16.676 3.25 20.616
    endloop
  endfacet
  facet normal 0.54164 0.704683 -0.458311
    outer loop
      vertex -18.2404 4.99 21.4505
      vertex -16.87 3.25 20.3947
      vertex -18.2426 4.99 21.4479
    endloop
  endfacet
  facet normal 0.394534 0.70435 -0.590113
    outer loop
      vertex -16.4547 3.25 20.81
      vertex -17.5052 4.99 22.1845
      vertex -16.21 3.25 20.9736
    endloop
  endfacet
  facet normal 0.408267 0.704785 -0.580169
    outer loop
      vertex -17.5052 4.99 22.1845
      vertex -16.4547 3.25 20.81
      vertex -17.5079 4.99 22.1826
    endloop
  endfacet
  facet normal 0.580169 0.704785 -0.408267
    outer loop
      vertex -16.87 3.25 20.3947
      vertex -18.2445 4.99 21.4452
      vertex -18.2426 4.99 21.4479
    endloop
  endfacet
  facet normal 0.590113 0.70435 -0.394534
    outer loop
      vertex -18.2445 4.99 21.4452
      vertex -16.87 3.25 20.3947
      vertex -17.0336 3.25 20.15
    endloop
  endfacet
  facet normal 0.230793 0.704245 -0.671397
    outer loop
      vertex -15.6673 3.25 21.1983
      vertex -16.1183 4.99 22.8684
      vertex -16.1151 4.99 22.8695
    endloop
  endfacet
  facet normal 0.228167 0.704335 -0.672199
    outer loop
      vertex -16.1183 4.99 22.8684
      vertex -15.6673 3.25 21.1983
      vertex -15.946 3.25 21.1037
    endloop
  endfacet
  facet normal 0.0463822 0.704328 -0.708358
    outer loop
      vertex -15.085 4.99 23.0051
      vertex -15.085 3.25 21.275
      vertex -15.6012 4.99 22.9713
    endloop
  endfacet
  facet normal 0.313948 0.704328 -0.636678
    outer loop
      vertex -16.6111 4.99 22.7007
      vertex -16.21 3.25 20.9736
      vertex -17.0751 4.99 22.4719
    endloop
  endfacet
  facet normal -0.636678 0.704328 0.313948
    outer loop
      vertex -11.4093 4.99 17.4989
      vertex -11.6381 4.99 17.0349
      vertex -13.1364 3.25 17.9
    endloop
  endfacet
  facet normal -0.138477 0.704337 0.696228
    outer loop
      vertex -14.5027 3.25 16.8517
      vertex -14.0549 4.99 15.1805
      vertex -14.5622 4.99 15.0796
    endloop
  endfacet
  facet normal 0.228225 0.704328 0.672187
    outer loop
      vertex -15.946 3.25 16.9463
      vertex -16.1183 4.99 15.1816
      vertex -16.6081 4.99 15.3479
    endloop
  endfacet
  facet normal 0.138477 0.704337 0.696228
    outer loop
      vertex -15.6673 3.25 16.8517
      vertex -15.6078 4.99 15.0796
      vertex -16.1151 4.99 15.1805
    endloop
  endfacet
  facet normal 0.467941 0.704343 0.53379
    outer loop
      vertex -16.4547 3.25 17.24
      vertex -17.5105 4.99 15.8696
      vertex -16.676 3.25 17.434
    endloop
  endfacet
  facet normal 0.458311 0.704683 0.54164
    outer loop
      vertex -17.5105 4.99 15.8696
      vertex -16.4547 3.25 17.24
      vertex -17.5079 4.99 15.8674
    endloop
  endfacet
  facet normal 0.3944 0.70433 0.590228
    outer loop
      vertex -16.21 3.25 17.0764
      vertex -17.0751 4.99 15.5781
      vertex -17.5052 4.99 15.8655
    endloop
  endfacet
  facet normal 0.590113 0.70435 0.394534
    outer loop
      vertex -16.87 3.25 17.6553
      vertex -18.2445 4.99 16.6048
      vertex -17.0336 3.25 17.9
    endloop
  endfacet
  facet normal 0.580169 0.704785 0.408267
    outer loop
      vertex -18.2445 4.99 16.6048
      vertex -16.87 3.25 17.6553
      vertex -18.2426 4.99 16.6021
    endloop
  endfacet
  facet normal 0.672199 0.704335 0.228167
    outer loop
      vertex -18.9284 4.99 17.9917
      vertex -17.2583 3.25 18.4427
      vertex -17.1637 3.25 18.164
    endloop
  endfacet
  facet normal 0.671397 0.704245 0.230793
    outer loop
      vertex -17.2583 3.25 18.4427
      vertex -18.9284 4.99 17.9917
      vertex -18.9295 4.99 17.9949
    endloop
  endfacet
  facet normal 0.708694 0.704207 -0.0429511
    outer loop
      vertex -17.3158 3.25 19.3187
      vertex -19.0313 4.99 19.5412
      vertex -19.0311 4.99 19.5445
    endloop
  endfacet
  facet normal 0.708372 0.704319 -0.0463083
    outer loop
      vertex -19.0313 4.99 19.5412
      vertex -17.3158 3.25 19.3187
      vertex -17.335 3.25 19.025
    endloop
  endfacet
  facet normal -0.138477 0.704337 -0.696228
    outer loop
      vertex -14.0549 4.99 22.8695
      vertex -14.5027 3.25 21.1983
      vertex -14.5622 4.99 22.9704
    endloop
  endfacet
  facet normal -0.230793 0.704245 -0.671397
    outer loop
      vertex -14.0517 4.99 22.8684
      vertex -14.5027 3.25 21.1983
      vertex -14.0549 4.99 22.8695
    endloop
  endfacet
  facet normal -0.228167 0.704335 -0.672199
    outer loop
      vertex -14.5027 3.25 21.1983
      vertex -14.0517 4.99 22.8684
      vertex -14.224 3.25 21.1037
    endloop
  endfacet
  facet normal -0.147369 0.704002 -0.69474
    outer loop
      vertex -14.5622 4.99 22.9704
      vertex -14.7913 3.25 21.2558
      vertex -14.5655 4.99 22.9711
    endloop
  endfacet
  facet normal -0.138711 0.70431 -0.696209
    outer loop
      vertex -14.7913 3.25 21.2558
      vertex -14.5622 4.99 22.9704
      vertex -14.5027 3.25 21.1983
    endloop
  endfacet
  facet normal -0.300021 0.704745 -0.642901
    outer loop
      vertex -13.5589 4.99 22.7007
      vertex -14.224 3.25 21.1037
      vertex -13.5619 4.99 22.7021
    endloop
  endfacet
  facet normal -0.313785 0.704348 -0.636736
    outer loop
      vertex -14.224 3.25 21.1037
      vertex -13.5589 4.99 22.7007
      vertex -13.96 3.25 20.9736
    endloop
  endfacet
  facet normal -0.3944 0.70433 -0.590228
    outer loop
      vertex -13.0949 4.99 22.4719
      vertex -12.6648 4.99 22.1845
      vertex -13.96 3.25 20.9736
    endloop
  endfacet
  facet normal -0.458311 0.704683 -0.54164
    outer loop
      vertex -12.6595 4.99 22.1804
      vertex -13.7153 3.25 20.81
      vertex -12.6621 4.99 22.1826
    endloop
  endfacet
  facet normal -0.467941 0.704343 -0.53379
    outer loop
      vertex -13.7153 3.25 20.81
      vertex -12.6595 4.99 22.1804
      vertex -13.494 3.25 20.616
    endloop
  endfacet
  facet normal -0.408267 0.704785 -0.580169
    outer loop
      vertex -13.7153 3.25 20.81
      vertex -12.6648 4.99 22.1845
      vertex -12.6621 4.99 22.1826
    endloop
  endfacet
  facet normal -0.394534 0.70435 -0.590113
    outer loop
      vertex -12.6648 4.99 22.1845
      vertex -13.7153 3.25 20.81
      vertex -13.96 3.25 20.9736
    endloop
  endfacet
  facet normal 0.672199 0.704335 -0.228167
    outer loop
      vertex -17.2583 3.25 19.6073
      vertex -18.9284 4.99 20.0583
      vertex -17.1637 3.25 19.886
    endloop
  endfacet
  facet normal 0.671397 0.704245 -0.230793
    outer loop
      vertex -18.9284 4.99 20.0583
      vertex -17.2583 3.25 19.6073
      vertex -18.9295 4.99 20.0551
    endloop
  endfacet
  facet normal 0.468005 0.704334 -0.533746
    outer loop
      vertex -17.5105 4.99 22.1804
      vertex -16.676 3.25 20.616
      vertex -17.8994 4.99 21.8394
    endloop
  endfacet
  facet normal 0.458311 0.704683 -0.54164
    outer loop
      vertex -16.4547 3.25 20.81
      vertex -17.5105 4.99 22.1804
      vertex -17.5079 4.99 22.1826
    endloop
  endfacet
  facet normal 0.467941 0.704343 -0.53379
    outer loop
      vertex -17.5105 4.99 22.1804
      vertex -16.4547 3.25 20.81
      vertex -16.676 3.25 20.616
    endloop
  endfacet
  facet normal 0.0463083 0.704319 -0.708372
    outer loop
      vertex -15.3787 3.25 21.2558
      vertex -15.6012 4.99 22.9713
      vertex -15.085 3.25 21.275
    endloop
  endfacet
  facet normal 0.0429511 0.704207 -0.708694
    outer loop
      vertex -15.6012 4.99 22.9713
      vertex -15.3787 3.25 21.2558
      vertex -15.6045 4.99 22.9711
    endloop
  endfacet
  facet normal 0.147369 0.704002 -0.69474
    outer loop
      vertex -15.3787 3.25 21.2558
      vertex -15.6078 4.99 22.9704
      vertex -15.6045 4.99 22.9711
    endloop
  endfacet
  facet normal 0.138711 0.70431 -0.696209
    outer loop
      vertex -15.6078 4.99 22.9704
      vertex -15.3787 3.25 21.2558
      vertex -15.6673 3.25 21.1983
    endloop
  endfacet
  facet normal 0.228225 0.704328 -0.672187
    outer loop
      vertex -16.1183 4.99 22.8684
      vertex -15.946 3.25 21.1037
      vertex -16.6081 4.99 22.7021
    endloop
  endfacet
  facet normal 0.300021 0.704745 -0.642901
    outer loop
      vertex -15.946 3.25 21.1037
      vertex -16.6111 4.99 22.7007
      vertex -16.6081 4.99 22.7021
    endloop
  endfacet
  facet normal 0.313785 0.704348 -0.636736
    outer loop
      vertex -16.6111 4.99 22.7007
      vertex -15.946 3.25 21.1037
      vertex -16.21 3.25 20.9736
    endloop
  endfacet
  facet normal 0.3944 0.70433 -0.590228
    outer loop
      vertex -17.0751 4.99 22.4719
      vertex -16.21 3.25 20.9736
      vertex -17.5052 4.99 22.1845
    endloop
  endfacet
  facet normal -0.69474 0.704002 0.147369
    outer loop
      vertex -11.1396 4.99 18.5022
      vertex -12.8542 3.25 18.7313
      vertex -11.1389 4.99 18.5055
    endloop
  endfacet
  facet normal -0.696209 0.70431 0.138711
    outer loop
      vertex -12.8542 3.25 18.7313
      vertex -11.1396 4.99 18.5022
      vertex -12.9117 3.25 18.4427
    endloop
  endfacet
  facet normal -0.468005 0.704334 0.533746
    outer loop
      vertex -12.2706 4.99 16.2106
      vertex -12.6595 4.99 15.8696
      vertex -13.494 3.25 17.434
    endloop
  endfacet
  facet normal 0.0465466 0.704347 0.708328
    outer loop
      vertex -15.6012 4.99 15.0787
      vertex -15.3787 3.25 16.7943
      vertex -15.085 3.25 16.775
    endloop
  endfacet
  facet normal 0.0429499 0.704228 0.708674
    outer loop
      vertex -15.3787 3.25 16.7943
      vertex -15.6012 4.99 15.0787
      vertex -15.6045 4.99 15.0789
    endloop
  endfacet
  facet normal -0.313785 0.704348 0.636736
    outer loop
      vertex -13.5589 4.99 15.3493
      vertex -14.224 3.25 16.9463
      vertex -13.96 3.25 17.0764
    endloop
  endfacet
  facet normal -0.300021 0.704745 0.642901
    outer loop
      vertex -14.224 3.25 16.9463
      vertex -13.5589 4.99 15.3493
      vertex -13.5619 4.99 15.3479
    endloop
  endfacet
  facet normal -0.228225 0.704328 0.672187
    outer loop
      vertex -13.5619 4.99 15.3479
      vertex -14.0517 4.99 15.1816
      vertex -14.224 3.25 16.9463
    endloop
  endfacet
  facet normal 0.228167 0.704335 0.672199
    outer loop
      vertex -15.6673 3.25 16.8517
      vertex -16.1183 4.99 15.1816
      vertex -15.946 3.25 16.9463
    endloop
  endfacet
  facet normal 0.230793 0.704245 0.671397
    outer loop
      vertex -16.1183 4.99 15.1816
      vertex -15.6673 3.25 16.8517
      vertex -16.1151 4.99 15.1805
    endloop
  endfacet
  facet normal 0.468005 0.704334 0.533746
    outer loop
      vertex -16.676 3.25 17.434
      vertex -17.5105 4.99 15.8696
      vertex -17.8994 4.99 16.2106
    endloop
  endfacet
  facet normal 0.533746 0.704334 0.468005
    outer loop
      vertex -16.676 3.25 17.434
      vertex -17.8994 4.99 16.2106
      vertex -18.2404 4.99 16.5995
    endloop
  endfacet
  facet normal 0.394534 0.70435 0.590113
    outer loop
      vertex -17.5052 4.99 15.8655
      vertex -16.4547 3.25 17.24
      vertex -16.21 3.25 17.0764
    endloop
  endfacet
  facet normal 0.408267 0.704785 0.580169
    outer loop
      vertex -16.4547 3.25 17.24
      vertex -17.5052 4.99 15.8655
      vertex -17.5079 4.99 15.8674
    endloop
  endfacet
  facet normal 0.636678 0.704328 0.313948
    outer loop
      vertex -17.0336 3.25 17.9
      vertex -18.5319 4.99 17.0349
      vertex -18.7607 4.99 17.4989
    endloop
  endfacet
  facet normal 0.696228 0.704337 0.138477
    outer loop
      vertex -17.2583 3.25 18.4427
      vertex -18.9295 4.99 17.9949
      vertex -19.0304 4.99 18.5022
    endloop
  endfacet
  facet normal 0.708358 0.704328 -0.0463822
    outer loop
      vertex -19.0313 4.99 19.5412
      vertex -17.335 3.25 19.025
      vertex -19.0651 4.99 19.025
    endloop
  endfacet
  facet normal 0.708358 0.704328 0.0463822
    outer loop
      vertex -17.335 3.25 19.025
      vertex -19.0313 4.99 18.5088
      vertex -19.0651 4.99 19.025
    endloop
  endfacet
  facet normal 0.636736 0.704348 -0.313785
    outer loop
      vertex -17.1637 3.25 19.886
      vertex -18.7607 4.99 20.5511
      vertex -17.0336 3.25 20.15
    endloop
  endfacet
  facet normal 0.642901 0.704745 -0.300021
    outer loop
      vertex -18.7607 4.99 20.5511
      vertex -17.1637 3.25 19.886
      vertex -18.7621 4.99 20.5481
    endloop
  endfacet
  facet normal 0.533746 0.704334 -0.468005
    outer loop
      vertex -17.8994 4.99 21.8394
      vertex -16.676 3.25 20.616
      vertex -18.2404 4.99 21.4505
    endloop
  endfacet
  facet normal -0.672187 0.704328 0.228225
    outer loop
      vertex -11.2416 4.99 17.9917
      vertex -11.4079 4.99 17.5019
      vertex -13.0063 3.25 18.164
    endloop
  endfacet
  facet normal -0.696228 0.704337 0.138477
    outer loop
      vertex -11.1396 4.99 18.5022
      vertex -11.2405 4.99 17.9949
      vertex -12.9117 3.25 18.4427
    endloop
  endfacet
  facet normal -0.590113 0.70435 0.394534
    outer loop
      vertex -11.9255 4.99 16.6048
      vertex -13.3 3.25 17.6553
      vertex -13.1364 3.25 17.9
    endloop
  endfacet
  facet normal -0.580169 0.704785 0.408267
    outer loop
      vertex -13.3 3.25 17.6553
      vertex -11.9255 4.99 16.6048
      vertex -11.9274 4.99 16.6021
    endloop
  endfacet
  facet normal -0.590228 0.70433 0.3944
    outer loop
      vertex -11.6381 4.99 17.0349
      vertex -11.9255 4.99 16.6048
      vertex -13.1364 3.25 17.9
    endloop
  endfacet
  facet normal 0.0463822 0.704328 0.708358
    outer loop
      vertex -15.085 3.25 16.775
      vertex -15.085 4.99 15.0449
      vertex -15.6012 4.99 15.0787
    endloop
  endfacet
  facet normal 0.313785 0.704348 0.636736
    outer loop
      vertex -15.946 3.25 16.9463
      vertex -16.6111 4.99 15.3493
      vertex -16.21 3.25 17.0764
    endloop
  endfacet
  facet normal 0.300021 0.704745 0.642901
    outer loop
      vertex -16.6111 4.99 15.3493
      vertex -15.946 3.25 16.9463
      vertex -16.6081 4.99 15.3479
    endloop
  endfacet
  facet normal 0.672187 0.704328 0.228225
    outer loop
      vertex -17.1637 3.25 18.164
      vertex -18.7621 4.99 17.5019
      vertex -18.9284 4.99 17.9917
    endloop
  endfacet
  facet normal 0.636736 0.704348 0.313785
    outer loop
      vertex -18.7607 4.99 17.4989
      vertex -17.1637 3.25 18.164
      vertex -17.0336 3.25 17.9
    endloop
  endfacet
  facet normal 0.642901 0.704745 0.300021
    outer loop
      vertex -17.1637 3.25 18.164
      vertex -18.7607 4.99 17.4989
      vertex -18.7621 4.99 17.5019
    endloop
  endfacet
  facet normal -0.671397 0.704245 0.230793
    outer loop
      vertex -11.2416 4.99 17.9917
      vertex -12.9117 3.25 18.4427
      vertex -11.2405 4.99 17.9949
    endloop
  endfacet
  facet normal -0.672199 0.704335 0.228167
    outer loop
      vertex -12.9117 3.25 18.4427
      vertex -11.2416 4.99 17.9917
      vertex -13.0063 3.25 18.164
    endloop
  endfacet
  facet normal -0.533746 0.704334 0.468005
    outer loop
      vertex -11.9296 4.99 16.5995
      vertex -12.2706 4.99 16.2106
      vertex -13.494 3.25 17.434
    endloop
  endfacet
  facet normal -0.54164 0.704683 0.458311
    outer loop
      vertex -11.9296 4.99 16.5995
      vertex -13.3 3.25 17.6553
      vertex -11.9274 4.99 16.6021
    endloop
  endfacet
  facet normal -0.53379 0.704343 0.467941
    outer loop
      vertex -13.3 3.25 17.6553
      vertex -11.9296 4.99 16.5995
      vertex -13.494 3.25 17.434
    endloop
  endfacet
  facet normal -0.313948 0.704328 0.636678
    outer loop
      vertex -13.0949 4.99 15.5781
      vertex -13.5589 4.99 15.3493
      vertex -13.96 3.25 17.0764
    endloop
  endfacet
  facet normal -0.3944 0.70433 0.590228
    outer loop
      vertex -12.6648 4.99 15.8655
      vertex -13.0949 4.99 15.5781
      vertex -13.96 3.25 17.0764
    endloop
  endfacet
  facet normal 0.69474 0.704002 0.147369
    outer loop
      vertex -17.3158 3.25 18.7313
      vertex -19.0304 4.99 18.5022
      vertex -19.0311 4.99 18.5055
    endloop
  endfacet
  facet normal 0.696209 0.70431 0.138711
    outer loop
      vertex -19.0304 4.99 18.5022
      vertex -17.3158 3.25 18.7313
      vertex -17.2583 3.25 18.4427
    endloop
  endfacet
  facet normal -0.642901 0.704745 0.300021
    outer loop
      vertex -11.4093 4.99 17.4989
      vertex -13.0063 3.25 18.164
      vertex -11.4079 4.99 17.5019
    endloop
  endfacet
  facet normal -0.636736 0.704348 0.313785
    outer loop
      vertex -13.0063 3.25 18.164
      vertex -11.4093 4.99 17.4989
      vertex -13.1364 3.25 17.9
    endloop
  endfacet
  facet normal -0.467941 0.704343 0.53379
    outer loop
      vertex -12.6595 4.99 15.8696
      vertex -13.7153 3.25 17.24
      vertex -13.494 3.25 17.434
    endloop
  endfacet
  facet normal -0.458311 0.704683 0.54164
    outer loop
      vertex -13.7153 3.25 17.24
      vertex -12.6595 4.99 15.8696
      vertex -12.6621 4.99 15.8674
    endloop
  endfacet
  facet normal -0.228167 0.704335 0.672199
    outer loop
      vertex -14.0517 4.99 15.1816
      vertex -14.5027 3.25 16.8517
      vertex -14.224 3.25 16.9463
    endloop
  endfacet
  facet normal -0.230793 0.704245 0.671397
    outer loop
      vertex -14.5027 3.25 16.8517
      vertex -14.0517 4.99 15.1816
      vertex -14.0549 4.99 15.1805
    endloop
  endfacet
  facet normal -0.0463822 0.704328 0.708358
    outer loop
      vertex -14.5688 4.99 15.0787
      vertex -15.085 4.99 15.0449
      vertex -15.085 3.25 16.775
    endloop
  endfacet
  facet normal -0.0429499 0.704228 0.708674
    outer loop
      vertex -14.5688 4.99 15.0787
      vertex -14.7913 3.25 16.7943
      vertex -14.5655 4.99 15.0789
    endloop
  endfacet
  facet normal -0.0465466 0.704347 0.708328
    outer loop
      vertex -14.7913 3.25 16.7943
      vertex -14.5688 4.99 15.0787
      vertex -15.085 3.25 16.775
    endloop
  endfacet
  facet normal -0.138474 0.704337 0.696228
    outer loop
      vertex -14.5622 4.99 15.0796
      vertex -14.7913 3.25 16.7943
      vertex -14.5027 3.25 16.8517
    endloop
  endfacet
  facet normal -0.147365 0.704022 0.69472
    outer loop
      vertex -14.7913 3.25 16.7943
      vertex -14.5622 4.99 15.0796
      vertex -14.5655 4.99 15.0789
    endloop
  endfacet
  facet normal -0.555626 0 0.831432
    outer loop
      vertex -13.085 5 15.5609
      vertex -12.65 4.99 15.8516
      vertex -12.65 5 15.8516
    endloop
  endfacet
  facet normal -0.555626 0 0.831432
    outer loop
      vertex -12.65 4.99 15.8516
      vertex -13.085 5 15.5609
      vertex -13.085 4.99 15.5609
    endloop
  endfacet
  facet normal 0.321498 0 0.94691
    outer loop
      vertex -16.6157 5 15.3295
      vertex -16.1203 4.99 15.1613
      vertex -16.1203 5 15.1613
    endloop
  endfacet
  facet normal 0.321498 0 0.94691
    outer loop
      vertex -16.1203 4.99 15.1613
      vertex -16.6157 5 15.3295
      vertex -16.6157 4.99 15.3295
    endloop
  endfacet
  facet normal 0.896898 -0 0.442238
    outer loop
      vertex -18.7805 4.99 17.4943
      vertex -18.5491 5 17.025
      vertex -18.7805 5 17.4943
    endloop
  endfacet
  facet normal 0.896898 0 0.442238
    outer loop
      vertex -18.5491 5 17.025
      vertex -18.7805 4.99 17.4943
      vertex -18.5491 4.99 17.025
    endloop
  endfacet
  facet normal 0.896898 0 -0.442238
    outer loop
      vertex -18.5491 4.99 21.025
      vertex -18.7805 5 20.5557
      vertex -18.5491 5 21.025
    endloop
  endfacet
  facet normal 0.896898 0 -0.442238
    outer loop
      vertex -18.7805 5 20.5557
      vertex -18.5491 4.99 21.025
      vertex -18.7805 4.99 20.5557
    endloop
  endfacet
  facet normal -0.94691 0 0.321498
    outer loop
      vertex -11.3895 4.99 17.4943
      vertex -11.2213 5 17.9897
      vertex -11.3895 5 17.4943
    endloop
  endfacet
  facet normal -0.94691 0 0.321498
    outer loop
      vertex -11.2213 5 17.9897
      vertex -11.3895 4.99 17.4943
      vertex -11.2213 4.99 17.9897
    endloop
  endfacet
  facet normal -0.896898 0 0.442238
    outer loop
      vertex -11.6209 4.99 17.025
      vertex -11.3895 5 17.4943
      vertex -11.6209 5 17.025
    endloop
  endfacet
  facet normal -0.896898 0 0.442238
    outer loop
      vertex -11.3895 5 17.4943
      vertex -11.6209 4.99 17.025
      vertex -11.3895 4.99 17.4943
    endloop
  endfacet
  facet normal -0.831432 0 0.555626
    outer loop
      vertex -11.9116 4.99 16.59
      vertex -11.6209 5 17.025
      vertex -11.9116 5 16.59
    endloop
  endfacet
  facet normal -0.831432 0 0.555626
    outer loop
      vertex -11.6209 5 17.025
      vertex -11.9116 4.99 16.59
      vertex -11.6209 4.99 17.025
    endloop
  endfacet
  facet normal -0.751842 0 0.659343
    outer loop
      vertex -12.2566 4.99 16.1966
      vertex -11.9116 5 16.59
      vertex -12.2566 5 16.1966
    endloop
  endfacet
  facet normal -0.751842 0 0.659343
    outer loop
      vertex -11.9116 5 16.59
      vertex -12.2566 4.99 16.1966
      vertex -11.9116 4.99 16.59
    endloop
  endfacet
  facet normal -0.442238 0 0.896898
    outer loop
      vertex -13.5543 5 15.3295
      vertex -13.085 4.99 15.5609
      vertex -13.085 5 15.5609
    endloop
  endfacet
  facet normal -0.442238 0 0.896898
    outer loop
      vertex -13.085 4.99 15.5609
      vertex -13.5543 5 15.3295
      vertex -13.5543 4.99 15.3295
    endloop
  endfacet
  facet normal -0.0653646 0 0.997861
    outer loop
      vertex -15.085 5 15.025
      vertex -14.5629 4.99 15.0592
      vertex -14.5629 5 15.0592
    endloop
  endfacet
  facet normal -0.0653646 0 0.997861
    outer loop
      vertex -14.5629 4.99 15.0592
      vertex -15.085 5 15.025
      vertex -15.085 4.99 15.025
    endloop
  endfacet
  facet normal -0.195124 0 0.980779
    outer loop
      vertex -14.5629 5 15.0592
      vertex -14.0497 4.99 15.1613
      vertex -14.0497 5 15.1613
    endloop
  endfacet
  facet normal -0.195124 0 0.980779
    outer loop
      vertex -14.0497 4.99 15.1613
      vertex -14.5629 5 15.0592
      vertex -14.5629 4.99 15.0592
    endloop
  endfacet
  facet normal 0.997861 -0 0.0653646
    outer loop
      vertex -19.085 4.99 19.025
      vertex -19.0508 5 18.5029
      vertex -19.085 5 19.025
    endloop
  endfacet
  facet normal 0.997861 0 0.0653646
    outer loop
      vertex -19.0508 5 18.5029
      vertex -19.085 4.99 19.025
      vertex -19.0508 4.99 18.5029
    endloop
  endfacet
  facet normal 0.980779 -0 0.195124
    outer loop
      vertex -19.0508 4.99 18.5029
      vertex -18.9487 5 17.9897
      vertex -19.0508 5 18.5029
    endloop
  endfacet
  facet normal 0.980779 0 0.195124
    outer loop
      vertex -18.9487 5 17.9897
      vertex -19.0508 4.99 18.5029
      vertex -18.9487 4.99 17.9897
    endloop
  endfacet
  facet normal 0.751842 -0 0.659343
    outer loop
      vertex -18.2584 4.99 16.59
      vertex -17.9134 5 16.1966
      vertex -18.2584 5 16.59
    endloop
  endfacet
  facet normal 0.751842 0 0.659343
    outer loop
      vertex -17.9134 5 16.1966
      vertex -18.2584 4.99 16.59
      vertex -17.9134 4.99 16.1966
    endloop
  endfacet
  facet normal 0.0653646 0 0.997861
    outer loop
      vertex -15.6071 5 15.0592
      vertex -15.085 4.99 15.025
      vertex -15.085 5 15.025
    endloop
  endfacet
  facet normal 0.0653646 0 0.997861
    outer loop
      vertex -15.085 4.99 15.025
      vertex -15.6071 5 15.0592
      vertex -15.6071 4.99 15.0592
    endloop
  endfacet
  facet normal 0.659343 0 0.751842
    outer loop
      vertex -17.9134 5 16.1966
      vertex -17.52 4.99 15.8516
      vertex -17.52 5 15.8516
    endloop
  endfacet
  facet normal 0.659343 0 0.751842
    outer loop
      vertex -17.52 4.99 15.8516
      vertex -17.9134 5 16.1966
      vertex -17.9134 4.99 16.1966
    endloop
  endfacet
  facet normal -0.997861 0 0.0653646
    outer loop
      vertex -11.1192 4.99 18.5029
      vertex -11.085 5 19.025
      vertex -11.1192 5 18.5029
    endloop
  endfacet
  facet normal -0.997861 0 0.0653646
    outer loop
      vertex -11.085 5 19.025
      vertex -11.1192 4.99 18.5029
      vertex -11.085 4.99 19.025
    endloop
  endfacet
  facet normal -0.831432 0 -0.555626
    outer loop
      vertex -11.6209 4.99 21.025
      vertex -11.9116 5 21.46
      vertex -11.6209 5 21.025
    endloop
  endfacet
  facet normal -0.831432 -0 -0.555626
    outer loop
      vertex -11.9116 5 21.46
      vertex -11.6209 4.99 21.025
      vertex -11.9116 4.99 21.46
    endloop
  endfacet
  facet normal -0.321498 0 -0.94691
    outer loop
      vertex -14.0497 4.99 22.8887
      vertex -13.5543 5 22.7205
      vertex -13.5543 4.99 22.7205
    endloop
  endfacet
  facet normal -0.321498 0 -0.94691
    outer loop
      vertex -13.5543 5 22.7205
      vertex -14.0497 4.99 22.8887
      vertex -14.0497 5 22.8887
    endloop
  endfacet
  facet normal -0.751842 0 -0.659343
    outer loop
      vertex -11.9116 4.99 21.46
      vertex -12.2566 5 21.8534
      vertex -11.9116 5 21.46
    endloop
  endfacet
  facet normal -0.751842 -0 -0.659343
    outer loop
      vertex -12.2566 5 21.8534
      vertex -11.9116 4.99 21.46
      vertex -12.2566 4.99 21.8534
    endloop
  endfacet
  facet normal -0.555626 0 -0.831432
    outer loop
      vertex -13.085 4.99 22.4891
      vertex -12.65 5 22.1984
      vertex -12.65 4.99 22.1984
    endloop
  endfacet
  facet normal -0.555626 0 -0.831432
    outer loop
      vertex -12.65 5 22.1984
      vertex -13.085 4.99 22.4891
      vertex -13.085 5 22.4891
    endloop
  endfacet
  facet normal 0.555626 0 -0.831432
    outer loop
      vertex -17.52 4.99 22.1984
      vertex -17.085 5 22.4891
      vertex -17.085 4.99 22.4891
    endloop
  endfacet
  facet normal 0.555626 0 -0.831432
    outer loop
      vertex -17.085 5 22.4891
      vertex -17.52 4.99 22.1984
      vertex -17.52 5 22.1984
    endloop
  endfacet
  facet normal 0.659343 0 -0.751842
    outer loop
      vertex -17.9134 4.99 21.8534
      vertex -17.52 5 22.1984
      vertex -17.52 4.99 22.1984
    endloop
  endfacet
  facet normal 0.659343 0 -0.751842
    outer loop
      vertex -17.52 5 22.1984
      vertex -17.9134 4.99 21.8534
      vertex -17.9134 5 21.8534
    endloop
  endfacet
  facet normal 0.997861 0 -0.0653646
    outer loop
      vertex -19.0508 4.99 19.5471
      vertex -19.085 5 19.025
      vertex -19.0508 5 19.5471
    endloop
  endfacet
  facet normal 0.997861 0 -0.0653646
    outer loop
      vertex -19.085 5 19.025
      vertex -19.0508 4.99 19.5471
      vertex -19.085 4.99 19.025
    endloop
  endfacet
  facet normal 0 1 -0
    outer loop
      vertex -14.5688 4.99 22.9713
      vertex -15.085 4.99 23.025
      vertex -14.5629 4.99 22.9908
    endloop
  endfacet
  facet normal 0 1 0
    outer loop
      vertex -15.085 4.99 23.025
      vertex -14.5688 4.99 22.9713
      vertex -15.085 4.99 23.0051
    endloop
  endfacet
  facet normal 0 1 0
    outer loop
      vertex -14.5629 4.99 22.9908
      vertex -14.5655 4.99 22.9711
      vertex -14.5688 4.99 22.9713
    endloop
  endfacet
  facet normal 0 1 0
    outer loop
      vertex -14.5629 4.99 22.9908
      vertex -14.5622 4.99 22.9704
      vertex -14.5655 4.99 22.9711
    endloop
  endfacet
  facet normal 0 1 0
    outer loop
      vertex -14.0497 4.99 22.8887
      vertex -14.5622 4.99 22.9704
      vertex -14.5629 4.99 22.9908
    endloop
  endfacet
  facet normal 0 1 0
    outer loop
      vertex -14.0497 4.99 22.8887
      vertex -14.0549 4.99 22.8695
      vertex -14.5622 4.99 22.9704
    endloop
  endfacet
  facet normal 0 1 0
    outer loop
      vertex -14.0497 4.99 22.8887
      vertex -14.0517 4.99 22.8684
      vertex -14.0549 4.99 22.8695
    endloop
  endfacet
  facet normal 0 1 0
    outer loop
      vertex -13.5543 4.99 22.7205
      vertex -14.0517 4.99 22.8684
      vertex -14.0497 4.99 22.8887
    endloop
  endfacet
  facet normal 0 1 0
    outer loop
      vertex -13.5543 4.99 22.7205
      vertex -13.5619 4.99 22.7021
      vertex -14.0517 4.99 22.8684
    endloop
  endfacet
  facet normal 0 1 0
    outer loop
      vertex -13.5543 4.99 22.7205
      vertex -13.5589 4.99 22.7007
      vertex -13.5619 4.99 22.7021
    endloop
  endfacet
  facet normal 0 1 0
    outer loop
      vertex -13.085 4.99 22.4891
      vertex -13.5589 4.99 22.7007
      vertex -13.5543 4.99 22.7205
    endloop
  endfacet
  facet normal 0 1 0
    outer loop
      vertex -13.085 4.99 22.4891
      vertex -13.0949 4.99 22.4719
      vertex -13.5589 4.99 22.7007
    endloop
  endfacet
  facet normal 0 1 -0
    outer loop
      vertex -12.6648 4.99 22.1845
      vertex -13.085 4.99 22.4891
      vertex -12.65 4.99 22.1984
    endloop
  endfacet
  facet normal 0 1 0
    outer loop
      vertex -13.085 4.99 22.4891
      vertex -12.6648 4.99 22.1845
      vertex -13.0949 4.99 22.4719
    endloop
  endfacet
  facet normal 0 1 0
    outer loop
      vertex -12.65 4.99 22.1984
      vertex -12.6621 4.99 22.1826
      vertex -12.6648 4.99 22.1845
    endloop
  endfacet
  facet normal 0 1 0
    outer loop
      vertex -12.65 4.99 22.1984
      vertex -12.6595 4.99 22.1804
      vertex -12.6621 4.99 22.1826
    endloop
  endfacet
  facet normal 0 1 0
    outer loop
      vertex -12.2566 4.99 21.8534
      vertex -12.6595 4.99 22.1804
      vertex -12.65 4.99 22.1984
    endloop
  endfacet
  facet normal 0 1 0
    outer loop
      vertex -12.2566 4.99 21.8534
      vertex -12.2706 4.99 21.8394
      vertex -12.6595 4.99 22.1804
    endloop
  endfacet
  facet normal 0 1 -0
    outer loop
      vertex -11.9296 4.99 21.4505
      vertex -12.2566 4.99 21.8534
      vertex -11.9116 4.99 21.46
    endloop
  endfacet
  facet normal 0 1 0
    outer loop
      vertex -12.2566 4.99 21.8534
      vertex -11.9296 4.99 21.4505
      vertex -12.2706 4.99 21.8394
    endloop
  endfacet
  facet normal 0 1 0
    outer loop
      vertex -11.9116 4.99 21.46
      vertex -11.9274 4.99 21.4479
      vertex -11.9296 4.99 21.4505
    endloop
  endfacet
  facet normal 0 1 0
    outer loop
      vertex -11.9116 4.99 21.46
      vertex -11.9255 4.99 21.4452
      vertex -11.9274 4.99 21.4479
    endloop
  endfacet
  facet normal 0 1 0
    outer loop
      vertex -11.6209 4.99 21.025
      vertex -11.9255 4.99 21.4452
      vertex -11.9116 4.99 21.46
    endloop
  endfacet
  facet normal 0 1 0
    outer loop
      vertex -11.6209 4.99 21.025
      vertex -11.6381 4.99 21.0151
      vertex -11.9255 4.99 21.4452
    endloop
  endfacet
  facet normal 0 1 -0
    outer loop
      vertex -11.4093 4.99 20.5511
      vertex -11.6209 4.99 21.025
      vertex -11.3895 4.99 20.5557
    endloop
  endfacet
  facet normal 0 1 0
    outer loop
      vertex -11.6209 4.99 21.025
      vertex -11.4093 4.99 20.5511
      vertex -11.6381 4.99 21.0151
    endloop
  endfacet
  facet normal 0 1 0
    outer loop
      vertex -11.3895 4.99 20.5557
      vertex -11.4079 4.99 20.5481
      vertex -11.4093 4.99 20.5511
    endloop
  endfacet
  facet normal 0 1 -0
    outer loop
      vertex -11.2416 4.99 20.0583
      vertex -11.3895 4.99 20.5557
      vertex -11.2213 4.99 20.0603
    endloop
  endfacet
  facet normal 0 1 0
    outer loop
      vertex -11.3895 4.99 20.5557
      vertex -11.2416 4.99 20.0583
      vertex -11.4079 4.99 20.5481
    endloop
  endfacet
  facet normal 0 1 0
    outer loop
      vertex -11.2213 4.99 20.0603
      vertex -11.2405 4.99 20.0551
      vertex -11.2416 4.99 20.0583
    endloop
  endfacet
  facet normal 0 1 0
    outer loop
      vertex -11.2213 4.99 20.0603
      vertex -11.1396 4.99 19.5478
      vertex -11.2405 4.99 20.0551
    endloop
  endfacet
  facet normal 0 1 0
    outer loop
      vertex -11.1192 4.99 19.5471
      vertex -11.1396 4.99 19.5478
      vertex -11.2213 4.99 20.0603
    endloop
  endfacet
  facet normal 0 1 0
    outer loop
      vertex -11.1192 4.99 19.5471
      vertex -11.1389 4.99 19.5445
      vertex -11.1396 4.99 19.5478
    endloop
  endfacet
  facet normal 0 1 0
    outer loop
      vertex -11.1192 4.99 19.5471
      vertex -11.1387 4.99 19.5412
      vertex -11.1389 4.99 19.5445
    endloop
  endfacet
  facet normal 0 1 0
    outer loop
      vertex -11.085 4.99 19.025
      vertex -11.1387 4.99 19.5412
      vertex -11.1192 4.99 19.5471
    endloop
  endfacet
  facet normal 0 1 0
    outer loop
      vertex -11.085 4.99 19.025
      vertex -11.1049 4.99 19.025
      vertex -11.1387 4.99 19.5412
    endloop
  endfacet
  facet normal 0 1 0
    outer loop
      vertex -11.085 4.99 19.025
      vertex -11.1387 4.99 18.5088
      vertex -11.1049 4.99 19.025
    endloop
  endfacet
  facet normal 0 1 -0
    outer loop
      vertex -11.1192 4.99 18.5029
      vertex -11.1387 4.99 18.5088
      vertex -11.085 4.99 19.025
    endloop
  endfacet
  facet normal 0 1 0
    outer loop
      vertex -11.1387 4.99 18.5088
      vertex -11.1192 4.99 18.5029
      vertex -11.1389 4.99 18.5055
    endloop
  endfacet
  facet normal 0 1 0
    outer loop
      vertex -11.1192 4.99 18.5029
      vertex -11.1396 4.99 18.5022
      vertex -11.1389 4.99 18.5055
    endloop
  endfacet
  facet normal 0 1 0
    outer loop
      vertex -11.2213 4.99 17.9897
      vertex -11.1396 4.99 18.5022
      vertex -11.1192 4.99 18.5029
    endloop
  endfacet
  facet normal 0 1 0
    outer loop
      vertex -11.1396 4.99 18.5022
      vertex -11.2213 4.99 17.9897
      vertex -11.2405 4.99 17.9949
    endloop
  endfacet
  facet normal 0 1 0
    outer loop
      vertex -11.2213 4.99 17.9897
      vertex -11.2416 4.99 17.9917
      vertex -11.2405 4.99 17.9949
    endloop
  endfacet
  facet normal 0 1 0
    outer loop
      vertex -11.3895 4.99 17.4943
      vertex -11.2416 4.99 17.9917
      vertex -11.2213 4.99 17.9897
    endloop
  endfacet
  facet normal 0 1 0
    outer loop
      vertex -11.2416 4.99 17.9917
      vertex -11.3895 4.99 17.4943
      vertex -11.4079 4.99 17.5019
    endloop
  endfacet
  facet normal 0 1 0
    outer loop
      vertex -11.3895 4.99 17.4943
      vertex -11.4093 4.99 17.4989
      vertex -11.4079 4.99 17.5019
    endloop
  endfacet
  facet normal 0 1 0
    outer loop
      vertex -11.6209 4.99 17.025
      vertex -11.4093 4.99 17.4989
      vertex -11.3895 4.99 17.4943
    endloop
  endfacet
  facet normal 0 1 0
    outer loop
      vertex -11.4093 4.99 17.4989
      vertex -11.6209 4.99 17.025
      vertex -11.6381 4.99 17.0349
    endloop
  endfacet
  facet normal 0 1 0
    outer loop
      vertex -11.6209 4.99 17.025
      vertex -11.9255 4.99 16.6048
      vertex -11.6381 4.99 17.0349
    endloop
  endfacet
  facet normal 0 1 -0
    outer loop
      vertex -11.9116 4.99 16.59
      vertex -11.9255 4.99 16.6048
      vertex -11.6209 4.99 17.025
    endloop
  endfacet
  facet normal 0 1 0
    outer loop
      vertex -11.9255 4.99 16.6048
      vertex -11.9116 4.99 16.59
      vertex -11.9274 4.99 16.6021
    endloop
  endfacet
  facet normal 0 1 0
    outer loop
      vertex -11.9116 4.99 16.59
      vertex -11.9296 4.99 16.5995
      vertex -11.9274 4.99 16.6021
    endloop
  endfacet
  facet normal 0 1 0
    outer loop
      vertex -12.2566 4.99 16.1966
      vertex -11.9296 4.99 16.5995
      vertex -11.9116 4.99 16.59
    endloop
  endfacet
  facet normal 0 1 0
    outer loop
      vertex -11.9296 4.99 16.5995
      vertex -12.2566 4.99 16.1966
      vertex -12.2706 4.99 16.2106
    endloop
  endfacet
  facet normal 0 1 0
    outer loop
      vertex -12.2566 4.99 16.1966
      vertex -12.6595 4.99 15.8696
      vertex -12.2706 4.99 16.2106
    endloop
  endfacet
  facet normal 0 1 -0
    outer loop
      vertex -12.65 4.99 15.8516
      vertex -12.6595 4.99 15.8696
      vertex -12.2566 4.99 16.1966
    endloop
  endfacet
  facet normal 0 1 0
    outer loop
      vertex -12.6595 4.99 15.8696
      vertex -12.65 4.99 15.8516
      vertex -12.6621 4.99 15.8674
    endloop
  endfacet
  facet normal 0 1 0
    outer loop
      vertex -12.65 4.99 15.8516
      vertex -12.6648 4.99 15.8655
      vertex -12.6621 4.99 15.8674
    endloop
  endfacet
  facet normal 0 1 0
    outer loop
      vertex -13.085 4.99 15.5609
      vertex -12.6648 4.99 15.8655
      vertex -12.65 4.99 15.8516
    endloop
  endfacet
  facet normal 0 1 0
    outer loop
      vertex -12.6648 4.99 15.8655
      vertex -13.085 4.99 15.5609
      vertex -13.0949 4.99 15.5781
    endloop
  endfacet
  facet normal 0 1 0
    outer loop
      vertex -13.085 4.99 15.5609
      vertex -13.5589 4.99 15.3493
      vertex -13.0949 4.99 15.5781
    endloop
  endfacet
  facet normal 0 1 -0
    outer loop
      vertex -13.5543 4.99 15.3295
      vertex -13.5589 4.99 15.3493
      vertex -13.085 4.99 15.5609
    endloop
  endfacet
  facet normal 0 1 0
    outer loop
      vertex -13.5589 4.99 15.3493
      vertex -13.5543 4.99 15.3295
      vertex -13.5619 4.99 15.3479
    endloop
  endfacet
  facet normal 0 1 0
    outer loop
      vertex -13.5543 4.99 15.3295
      vertex -14.0517 4.99 15.1816
      vertex -13.5619 4.99 15.3479
    endloop
  endfacet
  facet normal 0 1 -0
    outer loop
      vertex -14.0497 4.99 15.1613
      vertex -14.0517 4.99 15.1816
      vertex -13.5543 4.99 15.3295
    endloop
  endfacet
  facet normal 0 1 0
    outer loop
      vertex -14.0517 4.99 15.1816
      vertex -14.0497 4.99 15.1613
      vertex -14.0549 4.99 15.1805
    endloop
  endfacet
  facet normal 0 1 0
    outer loop
      vertex -14.0497 4.99 15.1613
      vertex -14.5622 4.99 15.0796
      vertex -14.0549 4.99 15.1805
    endloop
  endfacet
  facet normal 0 1 0
    outer loop
      vertex -14.5629 4.99 15.0592
      vertex -14.5622 4.99 15.0796
      vertex -14.0497 4.99 15.1613
    endloop
  endfacet
  facet normal 0 1 0
    outer loop
      vertex -14.5622 4.99 15.0796
      vertex -14.5629 4.99 15.0592
      vertex -14.5655 4.99 15.0789
    endloop
  endfacet
  facet normal 0 1 0
    outer loop
      vertex -14.5629 4.99 15.0592
      vertex -14.5688 4.99 15.0787
      vertex -14.5655 4.99 15.0789
    endloop
  endfacet
  facet normal 0 1 0
    outer loop
      vertex -15.085 4.99 15.025
      vertex -14.5688 4.99 15.0787
      vertex -14.5629 4.99 15.0592
    endloop
  endfacet
  facet normal 0 1 0
    outer loop
      vertex -14.5688 4.99 15.0787
      vertex -15.085 4.99 15.025
      vertex -15.085 4.99 15.0449
    endloop
  endfacet
  facet normal 0 1 0
    outer loop
      vertex -15.6012 4.99 22.9713
      vertex -15.085 4.99 23.025
      vertex -15.085 4.99 23.0051
    endloop
  endfacet
  facet normal 0 1 0
    outer loop
      vertex -15.085 4.99 23.025
      vertex -15.6012 4.99 22.9713
      vertex -15.6071 4.99 22.9908
    endloop
  endfacet
  facet normal 0 1 -0
    outer loop
      vertex -15.6045 4.99 22.9711
      vertex -15.6071 4.99 22.9908
      vertex -15.6012 4.99 22.9713
    endloop
  endfacet
  facet normal 0 1 0
    outer loop
      vertex -15.6078 4.99 22.9704
      vertex -15.6071 4.99 22.9908
      vertex -15.6045 4.99 22.9711
    endloop
  endfacet
  facet normal 0 1 -0
    outer loop
      vertex -15.6078 4.99 22.9704
      vertex -16.1203 4.99 22.8887
      vertex -15.6071 4.99 22.9908
    endloop
  endfacet
  facet normal 0 1 -0
    outer loop
      vertex -16.1151 4.99 22.8695
      vertex -16.1203 4.99 22.8887
      vertex -15.6078 4.99 22.9704
    endloop
  endfacet
  facet normal 0 1 -0
    outer loop
      vertex -16.1183 4.99 22.8684
      vertex -16.1203 4.99 22.8887
      vertex -16.1151 4.99 22.8695
    endloop
  endfacet
  facet normal 0 1 0
    outer loop
      vertex -16.1183 4.99 22.8684
      vertex -16.6157 4.99 22.7205
      vertex -16.1203 4.99 22.8887
    endloop
  endfacet
  facet normal 0 1 -0
    outer loop
      vertex -16.6081 4.99 22.7021
      vertex -16.6157 4.99 22.7205
      vertex -16.1183 4.99 22.8684
    endloop
  endfacet
  facet normal 0 1 -0
    outer loop
      vertex -16.6111 4.99 22.7007
      vertex -16.6157 4.99 22.7205
      vertex -16.6081 4.99 22.7021
    endloop
  endfacet
  facet normal 0 1 0
    outer loop
      vertex -16.6111 4.99 22.7007
      vertex -17.085 4.99 22.4891
      vertex -16.6157 4.99 22.7205
    endloop
  endfacet
  facet normal 0 1 -0
    outer loop
      vertex -17.0751 4.99 22.4719
      vertex -17.085 4.99 22.4891
      vertex -16.6111 4.99 22.7007
    endloop
  endfacet
  facet normal 0 1 0
    outer loop
      vertex -17.5052 4.99 22.1845
      vertex -17.085 4.99 22.4891
      vertex -17.0751 4.99 22.4719
    endloop
  endfacet
  facet normal 0 1 0
    outer loop
      vertex -17.085 4.99 22.4891
      vertex -17.5052 4.99 22.1845
      vertex -17.52 4.99 22.1984
    endloop
  endfacet
  facet normal 0 1 -0
    outer loop
      vertex -17.5079 4.99 22.1826
      vertex -17.52 4.99 22.1984
      vertex -17.5052 4.99 22.1845
    endloop
  endfacet
  facet normal 0 1 -0
    outer loop
      vertex -17.5105 4.99 22.1804
      vertex -17.52 4.99 22.1984
      vertex -17.5079 4.99 22.1826
    endloop
  endfacet
  facet normal 0 1 0
    outer loop
      vertex -17.5105 4.99 22.1804
      vertex -17.9134 4.99 21.8534
      vertex -17.52 4.99 22.1984
    endloop
  endfacet
  facet normal 0 1 -0
    outer loop
      vertex -17.8994 4.99 21.8394
      vertex -17.9134 4.99 21.8534
      vertex -17.5105 4.99 22.1804
    endloop
  endfacet
  facet normal 0 1 0
    outer loop
      vertex -18.2404 4.99 21.4505
      vertex -17.9134 4.99 21.8534
      vertex -17.8994 4.99 21.8394
    endloop
  endfacet
  facet normal 0 1 0
    outer loop
      vertex -17.9134 4.99 21.8534
      vertex -18.2404 4.99 21.4505
      vertex -18.2584 4.99 21.46
    endloop
  endfacet
  facet normal 0 1 -0
    outer loop
      vertex -18.2426 4.99 21.4479
      vertex -18.2584 4.99 21.46
      vertex -18.2404 4.99 21.4505
    endloop
  endfacet
  facet normal 0 1 -0
    outer loop
      vertex -18.2445 4.99 21.4452
      vertex -18.2584 4.99 21.46
      vertex -18.2426 4.99 21.4479
    endloop
  endfacet
  facet normal 0 1 0
    outer loop
      vertex -18.2445 4.99 21.4452
      vertex -18.5491 4.99 21.025
      vertex -18.2584 4.99 21.46
    endloop
  endfacet
  facet normal 0 1 -0
    outer loop
      vertex -18.5319 4.99 21.0151
      vertex -18.5491 4.99 21.025
      vertex -18.2445 4.99 21.4452
    endloop
  endfacet
  facet normal 0 1 0
    outer loop
      vertex -18.7607 4.99 20.5511
      vertex -18.5491 4.99 21.025
      vertex -18.5319 4.99 21.0151
    endloop
  endfacet
  facet normal 0 1 0
    outer loop
      vertex -18.5491 4.99 21.025
      vertex -18.7607 4.99 20.5511
      vertex -18.7805 4.99 20.5557
    endloop
  endfacet
  facet normal 0 1 -0
    outer loop
      vertex -18.7621 4.99 20.5481
      vertex -18.7805 4.99 20.5557
      vertex -18.7607 4.99 20.5511
    endloop
  endfacet
  facet normal 0 1 0
    outer loop
      vertex -18.9284 4.99 20.0583
      vertex -18.7805 4.99 20.5557
      vertex -18.7621 4.99 20.5481
    endloop
  endfacet
  facet normal 0 1 0
    outer loop
      vertex -18.7805 4.99 20.5557
      vertex -18.9284 4.99 20.0583
      vertex -18.9487 4.99 20.0603
    endloop
  endfacet
  facet normal 0 1 -0
    outer loop
      vertex -18.9295 4.99 20.0551
      vertex -18.9487 4.99 20.0603
      vertex -18.9284 4.99 20.0583
    endloop
  endfacet
  facet normal 0 1 0
    outer loop
      vertex -19.0304 4.99 19.5478
      vertex -18.9487 4.99 20.0603
      vertex -18.9295 4.99 20.0551
    endloop
  endfacet
  facet normal 0 1 -0
    outer loop
      vertex -19.0304 4.99 19.5478
      vertex -19.0508 4.99 19.5471
      vertex -18.9487 4.99 20.0603
    endloop
  endfacet
  facet normal 0 1 -0
    outer loop
      vertex -19.0311 4.99 19.5445
      vertex -19.0508 4.99 19.5471
      vertex -19.0304 4.99 19.5478
    endloop
  endfacet
  facet normal 0 1 -0
    outer loop
      vertex -19.0313 4.99 19.5412
      vertex -19.0508 4.99 19.5471
      vertex -19.0311 4.99 19.5445
    endloop
  endfacet
  facet normal 0 1 0
    outer loop
      vertex -19.085 4.99 19.025
      vertex -19.0313 4.99 19.5412
      vertex -19.0651 4.99 19.025
    endloop
  endfacet
  facet normal 0 1 0
    outer loop
      vertex -19.0313 4.99 19.5412
      vertex -19.085 4.99 19.025
      vertex -19.0508 4.99 19.5471
    endloop
  endfacet
  facet normal 0 1 0
    outer loop
      vertex -19.0313 4.99 18.5088
      vertex -19.085 4.99 19.025
      vertex -19.0651 4.99 19.025
    endloop
  endfacet
  facet normal 0 1 0
    outer loop
      vertex -19.0508 4.99 18.5029
      vertex -19.0313 4.99 18.5088
      vertex -19.0311 4.99 18.5055
    endloop
  endfacet
  facet normal 0 1 0
    outer loop
      vertex -19.0313 4.99 18.5088
      vertex -19.0508 4.99 18.5029
      vertex -19.085 4.99 19.025
    endloop
  endfacet
  facet normal 0 1 0
    outer loop
      vertex -19.0304 4.99 18.5022
      vertex -19.0508 4.99 18.5029
      vertex -19.0311 4.99 18.5055
    endloop
  endfacet
  facet normal 0 1 -0
    outer loop
      vertex -18.9487 4.99 17.9897
      vertex -19.0304 4.99 18.5022
      vertex -18.9295 4.99 17.9949
    endloop
  endfacet
  facet normal 0 1 0
    outer loop
      vertex -19.0304 4.99 18.5022
      vertex -18.9487 4.99 17.9897
      vertex -19.0508 4.99 18.5029
    endloop
  endfacet
  facet normal 0 1 0
    outer loop
      vertex -18.9284 4.99 17.9917
      vertex -18.9487 4.99 17.9897
      vertex -18.9295 4.99 17.9949
    endloop
  endfacet
  facet normal 0 1 -0
    outer loop
      vertex -18.7805 4.99 17.4943
      vertex -18.9284 4.99 17.9917
      vertex -18.7621 4.99 17.5019
    endloop
  endfacet
  facet normal 0 1 0
    outer loop
      vertex -18.9284 4.99 17.9917
      vertex -18.7805 4.99 17.4943
      vertex -18.9487 4.99 17.9897
    endloop
  endfacet
  facet normal 0 1 0
    outer loop
      vertex -18.7607 4.99 17.4989
      vertex -18.7805 4.99 17.4943
      vertex -18.7621 4.99 17.5019
    endloop
  endfacet
  facet normal 0 1 -0
    outer loop
      vertex -18.5491 4.99 17.025
      vertex -18.7607 4.99 17.4989
      vertex -18.5319 4.99 17.0349
    endloop
  endfacet
  facet normal 0 1 0
    outer loop
      vertex -18.7607 4.99 17.4989
      vertex -18.5491 4.99 17.025
      vertex -18.7805 4.99 17.4943
    endloop
  endfacet
  facet normal 0 1 0
    outer loop
      vertex -18.2445 4.99 16.6048
      vertex -18.5491 4.99 17.025
      vertex -18.5319 4.99 17.0349
    endloop
  endfacet
  facet normal 0 1 0
    outer loop
      vertex -18.2584 4.99 16.59
      vertex -18.2445 4.99 16.6048
      vertex -18.2426 4.99 16.6021
    endloop
  endfacet
  facet normal 0 1 0
    outer loop
      vertex -18.2445 4.99 16.6048
      vertex -18.2584 4.99 16.59
      vertex -18.5491 4.99 17.025
    endloop
  endfacet
  facet normal 0 1 0
    outer loop
      vertex -18.2404 4.99 16.5995
      vertex -18.2584 4.99 16.59
      vertex -18.2426 4.99 16.6021
    endloop
  endfacet
  facet normal 0 1 -0
    outer loop
      vertex -17.9134 4.99 16.1966
      vertex -18.2404 4.99 16.5995
      vertex -17.8994 4.99 16.2106
    endloop
  endfacet
  facet normal 0 1 0
    outer loop
      vertex -18.2404 4.99 16.5995
      vertex -17.9134 4.99 16.1966
      vertex -18.2584 4.99 16.59
    endloop
  endfacet
  facet normal 0 1 0
    outer loop
      vertex -17.5105 4.99 15.8696
      vertex -17.9134 4.99 16.1966
      vertex -17.8994 4.99 16.2106
    endloop
  endfacet
  facet normal 0 1 0
    outer loop
      vertex -17.52 4.99 15.8516
      vertex -17.5105 4.99 15.8696
      vertex -17.5079 4.99 15.8674
    endloop
  endfacet
  facet normal 0 1 0
    outer loop
      vertex -17.5105 4.99 15.8696
      vertex -17.52 4.99 15.8516
      vertex -17.9134 4.99 16.1966
    endloop
  endfacet
  facet normal 0 1 0
    outer loop
      vertex -17.5052 4.99 15.8655
      vertex -17.52 4.99 15.8516
      vertex -17.5079 4.99 15.8674
    endloop
  endfacet
  facet normal 0 1 -0
    outer loop
      vertex -17.085 4.99 15.5609
      vertex -17.5052 4.99 15.8655
      vertex -17.0751 4.99 15.5781
    endloop
  endfacet
  facet normal 0 1 0
    outer loop
      vertex -17.5052 4.99 15.8655
      vertex -17.085 4.99 15.5609
      vertex -17.52 4.99 15.8516
    endloop
  endfacet
  facet normal 0 1 0
    outer loop
      vertex -16.6111 4.99 15.3493
      vertex -17.085 4.99 15.5609
      vertex -17.0751 4.99 15.5781
    endloop
  endfacet
  facet normal 0 1 0
    outer loop
      vertex -16.6157 4.99 15.3295
      vertex -16.6111 4.99 15.3493
      vertex -16.6081 4.99 15.3479
    endloop
  endfacet
  facet normal 0 1 0
    outer loop
      vertex -16.6111 4.99 15.3493
      vertex -16.6157 4.99 15.3295
      vertex -17.085 4.99 15.5609
    endloop
  endfacet
  facet normal 0 1 0
    outer loop
      vertex -16.1183 4.99 15.1816
      vertex -16.6157 4.99 15.3295
      vertex -16.6081 4.99 15.3479
    endloop
  endfacet
  facet normal 0 1 0
    outer loop
      vertex -16.1203 4.99 15.1613
      vertex -16.1183 4.99 15.1816
      vertex -16.1151 4.99 15.1805
    endloop
  endfacet
  facet normal 0 1 0
    outer loop
      vertex -16.1183 4.99 15.1816
      vertex -16.1203 4.99 15.1613
      vertex -16.6157 4.99 15.3295
    endloop
  endfacet
  facet normal 0 1 0
    outer loop
      vertex -15.6078 4.99 15.0796
      vertex -16.1203 4.99 15.1613
      vertex -16.1151 4.99 15.1805
    endloop
  endfacet
  facet normal 0 1 -0
    outer loop
      vertex -15.6071 4.99 15.0592
      vertex -15.6078 4.99 15.0796
      vertex -15.6045 4.99 15.0789
    endloop
  endfacet
  facet normal 0 1 0
    outer loop
      vertex -15.6078 4.99 15.0796
      vertex -15.6071 4.99 15.0592
      vertex -16.1203 4.99 15.1613
    endloop
  endfacet
  facet normal 0 1 0
    outer loop
      vertex -15.6012 4.99 15.0787
      vertex -15.6071 4.99 15.0592
      vertex -15.6045 4.99 15.0789
    endloop
  endfacet
  facet normal 0 1 -0
    outer loop
      vertex -15.085 4.99 15.025
      vertex -15.6012 4.99 15.0787
      vertex -15.085 4.99 15.0449
    endloop
  endfacet
  facet normal 0 1 0
    outer loop
      vertex -15.6012 4.99 15.0787
      vertex -15.085 4.99 15.025
      vertex -15.6071 4.99 15.0592
    endloop
  endfacet
  facet normal -0.659343 0 0.751842
    outer loop
      vertex -12.65 5 15.8516
      vertex -12.2566 4.99 16.1966
      vertex -12.2566 5 16.1966
    endloop
  endfacet
  facet normal -0.659343 0 0.751842
    outer loop
      vertex -12.2566 4.99 16.1966
      vertex -12.65 5 15.8516
      vertex -12.65 4.99 15.8516
    endloop
  endfacet
  facet normal 0.442238 0 0.896898
    outer loop
      vertex -17.085 5 15.5609
      vertex -16.6157 4.99 15.3295
      vertex -16.6157 5 15.3295
    endloop
  endfacet
  facet normal 0.442238 0 0.896898
    outer loop
      vertex -16.6157 4.99 15.3295
      vertex -17.085 5 15.5609
      vertex -17.085 4.99 15.5609
    endloop
  endfacet
  facet normal 0.555626 0 0.831432
    outer loop
      vertex -17.52 5 15.8516
      vertex -17.085 4.99 15.5609
      vertex -17.085 5 15.5609
    endloop
  endfacet
  facet normal 0.555626 0 0.831432
    outer loop
      vertex -17.085 4.99 15.5609
      vertex -17.52 5 15.8516
      vertex -17.52 4.99 15.8516
    endloop
  endfacet
  facet normal -0.997861 0 -0.0653646
    outer loop
      vertex -11.085 4.99 19.025
      vertex -11.1192 5 19.5471
      vertex -11.085 5 19.025
    endloop
  endfacet
  facet normal -0.997861 -0 -0.0653646
    outer loop
      vertex -11.1192 5 19.5471
      vertex -11.085 4.99 19.025
      vertex -11.1192 4.99 19.5471
    endloop
  endfacet
  facet normal -0.0653646 0 -0.997861
    outer loop
      vertex -15.085 4.99 23.025
      vertex -14.5629 5 22.9908
      vertex -14.5629 4.99 22.9908
    endloop
  endfacet
  facet normal -0.0653646 0 -0.997861
    outer loop
      vertex -14.5629 5 22.9908
      vertex -15.085 4.99 23.025
      vertex -15.085 5 23.025
    endloop
  endfacet
  facet normal -0.94691 0 -0.321498
    outer loop
      vertex -11.2213 4.99 20.0603
      vertex -11.3895 5 20.5557
      vertex -11.2213 5 20.0603
    endloop
  endfacet
  facet normal -0.94691 -0 -0.321498
    outer loop
      vertex -11.3895 5 20.5557
      vertex -11.2213 4.99 20.0603
      vertex -11.3895 4.99 20.5557
    endloop
  endfacet
  facet normal -0.195124 0 -0.980779
    outer loop
      vertex -14.5629 4.99 22.9908
      vertex -14.0497 5 22.8887
      vertex -14.0497 4.99 22.8887
    endloop
  endfacet
  facet normal -0.195124 0 -0.980779
    outer loop
      vertex -14.0497 5 22.8887
      vertex -14.5629 4.99 22.9908
      vertex -14.5629 5 22.9908
    endloop
  endfacet
  facet normal -0.659343 0 -0.751842
    outer loop
      vertex -12.65 4.99 22.1984
      vertex -12.2566 5 21.8534
      vertex -12.2566 4.99 21.8534
    endloop
  endfacet
  facet normal -0.659343 0 -0.751842
    outer loop
      vertex -12.2566 5 21.8534
      vertex -12.65 4.99 22.1984
      vertex -12.65 5 22.1984
    endloop
  endfacet
  facet normal 0.0653646 0 -0.997861
    outer loop
      vertex -15.6071 4.99 22.9908
      vertex -15.085 5 23.025
      vertex -15.085 4.99 23.025
    endloop
  endfacet
  facet normal 0.0653646 0 -0.997861
    outer loop
      vertex -15.085 5 23.025
      vertex -15.6071 4.99 22.9908
      vertex -15.6071 5 22.9908
    endloop
  endfacet
  facet normal 0.321498 0 -0.94691
    outer loop
      vertex -16.6157 4.99 22.7205
      vertex -16.1203 5 22.8887
      vertex -16.1203 4.99 22.8887
    endloop
  endfacet
  facet normal 0.321498 0 -0.94691
    outer loop
      vertex -16.1203 5 22.8887
      vertex -16.6157 4.99 22.7205
      vertex -16.6157 5 22.7205
    endloop
  endfacet
  facet normal 0.195124 0 -0.980779
    outer loop
      vertex -16.1203 4.99 22.8887
      vertex -15.6071 5 22.9908
      vertex -15.6071 4.99 22.9908
    endloop
  endfacet
  facet normal 0.195124 0 -0.980779
    outer loop
      vertex -15.6071 5 22.9908
      vertex -16.1203 4.99 22.8887
      vertex -16.1203 5 22.8887
    endloop
  endfacet
  facet normal 0.442238 0 -0.896898
    outer loop
      vertex -17.085 4.99 22.4891
      vertex -16.6157 5 22.7205
      vertex -16.6157 4.99 22.7205
    endloop
  endfacet
  facet normal 0.442238 0 -0.896898
    outer loop
      vertex -16.6157 5 22.7205
      vertex -17.085 4.99 22.4891
      vertex -17.085 5 22.4891
    endloop
  endfacet
  facet normal 0.980779 0 -0.195124
    outer loop
      vertex -18.9487 4.99 20.0603
      vertex -19.0508 5 19.5471
      vertex -18.9487 5 20.0603
    endloop
  endfacet
  facet normal 0.980779 0 -0.195124
    outer loop
      vertex -19.0508 5 19.5471
      vertex -18.9487 4.99 20.0603
      vertex -19.0508 4.99 19.5471
    endloop
  endfacet
  facet normal 0.751842 0 -0.659343
    outer loop
      vertex -17.9134 4.99 21.8534
      vertex -18.2584 5 21.46
      vertex -17.9134 5 21.8534
    endloop
  endfacet
  facet normal 0.751842 0 -0.659343
    outer loop
      vertex -18.2584 5 21.46
      vertex -17.9134 4.99 21.8534
      vertex -18.2584 4.99 21.46
    endloop
  endfacet
  facet normal -0.980779 0 0.195124
    outer loop
      vertex -11.2213 4.99 17.9897
      vertex -11.1192 5 18.5029
      vertex -11.2213 5 17.9897
    endloop
  endfacet
  facet normal -0.980779 0 0.195124
    outer loop
      vertex -11.1192 5 18.5029
      vertex -11.2213 4.99 17.9897
      vertex -11.1192 4.99 18.5029
    endloop
  endfacet
  facet normal -0.321498 0 0.94691
    outer loop
      vertex -14.0497 5 15.1613
      vertex -13.5543 4.99 15.3295
      vertex -13.5543 5 15.3295
    endloop
  endfacet
  facet normal -0.321498 0 0.94691
    outer loop
      vertex -13.5543 4.99 15.3295
      vertex -14.0497 5 15.1613
      vertex -14.0497 4.99 15.1613
    endloop
  endfacet
  facet normal 0.94691 -0 0.321498
    outer loop
      vertex -18.9487 4.99 17.9897
      vertex -18.7805 5 17.4943
      vertex -18.9487 5 17.9897
    endloop
  endfacet
  facet normal 0.94691 0 0.321498
    outer loop
      vertex -18.7805 5 17.4943
      vertex -18.9487 4.99 17.9897
      vertex -18.7805 4.99 17.4943
    endloop
  endfacet
  facet normal 0.831432 -0 0.555626
    outer loop
      vertex -18.5491 4.99 17.025
      vertex -18.2584 5 16.59
      vertex -18.5491 5 17.025
    endloop
  endfacet
  facet normal 0.831432 0 0.555626
    outer loop
      vertex -18.2584 5 16.59
      vertex -18.5491 4.99 17.025
      vertex -18.2584 4.99 16.59
    endloop
  endfacet
  facet normal 0.195124 0 0.980779
    outer loop
      vertex -16.1203 5 15.1613
      vertex -15.6071 4.99 15.0592
      vertex -15.6071 5 15.0592
    endloop
  endfacet
  facet normal 0.195124 0 0.980779
    outer loop
      vertex -15.6071 4.99 15.0592
      vertex -16.1203 5 15.1613
      vertex -16.1203 4.99 15.1613
    endloop
  endfacet
  facet normal -0.896898 0 -0.442238
    outer loop
      vertex -11.3895 4.99 20.5557
      vertex -11.6209 5 21.025
      vertex -11.3895 5 20.5557
    endloop
  endfacet
  facet normal -0.896898 -0 -0.442238
    outer loop
      vertex -11.6209 5 21.025
      vertex -11.3895 4.99 20.5557
      vertex -11.6209 4.99 21.025
    endloop
  endfacet
  facet normal -0.442238 0 -0.896898
    outer loop
      vertex -13.5543 4.99 22.7205
      vertex -13.085 5 22.4891
      vertex -13.085 4.99 22.4891
    endloop
  endfacet
  facet normal -0.442238 0 -0.896898
    outer loop
      vertex -13.085 5 22.4891
      vertex -13.5543 4.99 22.7205
      vertex -13.5543 5 22.7205
    endloop
  endfacet
  facet normal 0.94691 0 -0.321498
    outer loop
      vertex -18.7805 4.99 20.5557
      vertex -18.9487 5 20.0603
      vertex -18.7805 5 20.5557
    endloop
  endfacet
  facet normal 0.94691 0 -0.321498
    outer loop
      vertex -18.9487 5 20.0603
      vertex -18.7805 4.99 20.5557
      vertex -18.9487 4.99 20.0603
    endloop
  endfacet
  facet normal 0.831432 0 -0.555626
    outer loop
      vertex -18.2584 4.99 21.46
      vertex -18.5491 5 21.025
      vertex -18.2584 5 21.46
    endloop
  endfacet
  facet normal 0.831432 0 -0.555626
    outer loop
      vertex -18.5491 5 21.025
      vertex -18.2584 4.99 21.46
      vertex -18.5491 4.99 21.025
    endloop
  endfacet
  facet normal -0.980779 0 -0.195124
    outer loop
      vertex -11.1192 4.99 19.5471
      vertex -11.2213 5 20.0603
      vertex -11.1192 5 19.5471
    endloop
  endfacet
  facet normal -0.980779 -0 -0.195124
    outer loop
      vertex -11.2213 5 20.0603
      vertex -11.1192 4.99 19.5471
      vertex -11.2213 4.99 20.0603
    endloop
  endfacet
  facet normal -0.99787 0 0.0652336
    outer loop
      vertex 17.3158 0 -19.3187
      vertex 17.335 3.25 -19.025
      vertex 17.3158 3.25 -19.3187
    endloop
  endfacet
  facet normal -0.99787 0 0.0652336
    outer loop
      vertex 17.335 3.25 -19.025
      vertex 17.3158 0 -19.3187
      vertex 17.335 0 -19.025
    endloop
  endfacet
  facet normal 0.99787 -0 0.0652336
    outer loop
      vertex 12.835 0 -19.025
      vertex 12.8542 3.25 -19.3187
      vertex 12.835 3.25 -19.025
    endloop
  endfacet
  facet normal 0.99787 0 0.0652336
    outer loop
      vertex 12.8542 3.25 -19.3187
      vertex 12.835 0 -19.025
      vertex 12.8542 0 -19.3187
    endloop
  endfacet
  facet normal -0.0652336 0 0.99787
    outer loop
      vertex 15.085 3.25 -21.275
      vertex 15.3787 0 -21.2558
      vertex 15.3787 3.25 -21.2558
    endloop
  endfacet
  facet normal -0.0652336 0 0.99787
    outer loop
      vertex 15.3787 0 -21.2558
      vertex 15.085 3.25 -21.275
      vertex 15.085 0 -21.275
    endloop
  endfacet
  facet normal 0.0655719 0 -0.997848
    outer loop
      vertex 14.7913 0 -16.7943
      vertex 15.085 3.25 -16.775
      vertex 15.085 0 -16.775
    endloop
  endfacet
  facet normal 0.0655719 0 -0.997848
    outer loop
      vertex 15.085 3.25 -16.775
      vertex 14.7913 0 -16.7943
      vertex 14.7913 3.25 -16.7943
    endloop
  endfacet
  facet normal 0.751966 0 -0.659202
    outer loop
      vertex 13.494 0 -17.434
      vertex 13.3 3.25 -17.6553
      vertex 13.494 3.25 -17.434
    endloop
  endfacet
  facet normal 0.751966 0 -0.659202
    outer loop
      vertex 13.3 3.25 -17.6553
      vertex 13.494 0 -17.434
      vertex 13.3 0 -17.6553
    endloop
  endfacet
  facet normal -0.751966 0 0.659202
    outer loop
      vertex 16.676 0 -20.616
      vertex 16.87 3.25 -20.3947
      vertex 16.676 3.25 -20.616
    endloop
  endfacet
  facet normal -0.751966 0 0.659202
    outer loop
      vertex 16.87 3.25 -20.3947
      vertex 16.676 0 -20.616
      vertex 16.87 0 -20.3947
    endloop
  endfacet
  facet normal 0.659202 0 0.751966
    outer loop
      vertex 13.494 3.25 -20.616
      vertex 13.7153 0 -20.81
      vertex 13.7153 3.25 -20.81
    endloop
  endfacet
  facet normal 0.659202 0 0.751966
    outer loop
      vertex 13.7153 0 -20.81
      vertex 13.494 3.25 -20.616
      vertex 13.494 0 -20.616
    endloop
  endfacet
  facet normal 0.321421 0 0.946936
    outer loop
      vertex 14.224 3.25 -21.1037
      vertex 14.5027 0 -21.1983
      vertex 14.5027 3.25 -21.1983
    endloop
  endfacet
  facet normal 0.321421 0 0.946936
    outer loop
      vertex 14.5027 0 -21.1983
      vertex 14.224 3.25 -21.1037
      vertex 14.224 0 -21.1037
    endloop
  endfacet
  facet normal -0.896995 0 0.442042
    outer loop
      vertex 17.0336 0 -20.15
      vertex 17.1637 3.25 -19.886
      vertex 17.0336 3.25 -20.15
    endloop
  endfacet
  facet normal -0.896995 0 0.442042
    outer loop
      vertex 17.1637 3.25 -19.886
      vertex 17.0336 0 -20.15
      vertex 17.1637 0 -19.886
    endloop
  endfacet
  facet normal -0.831318 0 0.555797
    outer loop
      vertex 16.87 0 -20.3947
      vertex 17.0336 3.25 -20.15
      vertex 16.87 3.25 -20.3947
    endloop
  endfacet
  facet normal -0.831318 0 0.555797
    outer loop
      vertex 17.0336 3.25 -20.15
      vertex 16.87 0 -20.3947
      vertex 17.0336 0 -20.15
    endloop
  endfacet
  facet normal -0.442042 0 0.896995
    outer loop
      vertex 15.946 3.25 -21.1037
      vertex 16.21 0 -20.9736
      vertex 16.21 3.25 -20.9736
    endloop
  endfacet
  facet normal -0.442042 0 0.896995
    outer loop
      vertex 16.21 0 -20.9736
      vertex 15.946 3.25 -21.1037
      vertex 15.946 0 -21.1037
    endloop
  endfacet
  facet normal -0.321421 0 0.946936
    outer loop
      vertex 15.6673 3.25 -21.1983
      vertex 15.946 0 -21.1037
      vertex 15.946 3.25 -21.1037
    endloop
  endfacet
  facet normal -0.321421 0 0.946936
    outer loop
      vertex 15.946 0 -21.1037
      vertex 15.6673 3.25 -21.1983
      vertex 15.6673 0 -21.1983
    endloop
  endfacet
  facet normal -0.555797 0 0.831318
    outer loop
      vertex 16.21 3.25 -20.9736
      vertex 16.4547 0 -20.81
      vertex 16.4547 3.25 -20.81
    endloop
  endfacet
  facet normal -0.555797 0 0.831318
    outer loop
      vertex 16.4547 0 -20.81
      vertex 16.21 3.25 -20.9736
      vertex 16.21 0 -20.9736
    endloop
  endfacet
  facet normal 0.896995 -0 0.442042
    outer loop
      vertex 13.0063 0 -19.886
      vertex 13.1364 3.25 -20.15
      vertex 13.0063 3.25 -19.886
    endloop
  endfacet
  facet normal 0.896995 0 0.442042
    outer loop
      vertex 13.1364 3.25 -20.15
      vertex 13.0063 0 -19.886
      vertex 13.1364 0 -20.15
    endloop
  endfacet
  facet normal 0.946936 -0 0.321421
    outer loop
      vertex 12.9117 0 -19.6073
      vertex 13.0063 3.25 -19.886
      vertex 12.9117 3.25 -19.6073
    endloop
  endfacet
  facet normal 0.946936 0 0.321421
    outer loop
      vertex 13.0063 3.25 -19.886
      vertex 12.9117 0 -19.6073
      vertex 13.0063 0 -19.886
    endloop
  endfacet
  facet normal 0.442042 0 0.896995
    outer loop
      vertex 13.96 3.25 -20.9736
      vertex 14.224 0 -21.1037
      vertex 14.224 3.25 -21.1037
    endloop
  endfacet
  facet normal 0.442042 0 0.896995
    outer loop
      vertex 14.224 0 -21.1037
      vertex 13.96 3.25 -20.9736
      vertex 13.96 0 -20.9736
    endloop
  endfacet
  facet normal 0.195397 0 0.980724
    outer loop
      vertex 14.5027 3.25 -21.1983
      vertex 14.7913 0 -21.2558
      vertex 14.7913 3.25 -21.2558
    endloop
  endfacet
  facet normal 0.195397 0 0.980724
    outer loop
      vertex 14.7913 0 -21.2558
      vertex 14.5027 3.25 -21.1983
      vertex 14.5027 0 -21.1983
    endloop
  endfacet
  facet normal -0.442042 0 -0.896995
    outer loop
      vertex 15.946 0 -16.9463
      vertex 16.21 3.25 -17.0764
      vertex 16.21 0 -17.0764
    endloop
  endfacet
  facet normal -0.442042 0 -0.896995
    outer loop
      vertex 16.21 3.25 -17.0764
      vertex 15.946 0 -16.9463
      vertex 15.946 3.25 -16.9463
    endloop
  endfacet
  facet normal 0.321421 0 -0.946936
    outer loop
      vertex 14.224 0 -16.9463
      vertex 14.5027 3.25 -16.8517
      vertex 14.5027 0 -16.8517
    endloop
  endfacet
  facet normal 0.321421 0 -0.946936
    outer loop
      vertex 14.5027 3.25 -16.8517
      vertex 14.224 0 -16.9463
      vertex 14.224 3.25 -16.9463
    endloop
  endfacet
  facet normal 0.896995 0 -0.442042
    outer loop
      vertex 13.1364 0 -17.9
      vertex 13.0063 3.25 -18.164
      vertex 13.1364 3.25 -17.9
    endloop
  endfacet
  facet normal 0.896995 0 -0.442042
    outer loop
      vertex 13.0063 3.25 -18.164
      vertex 13.1364 0 -17.9
      vertex 13.0063 0 -18.164
    endloop
  endfacet
  facet normal -0.946936 0 0.321421
    outer loop
      vertex 17.1637 0 -19.886
      vertex 17.2583 3.25 -19.6073
      vertex 17.1637 3.25 -19.886
    endloop
  endfacet
  facet normal -0.946936 0 0.321421
    outer loop
      vertex 17.2583 3.25 -19.6073
      vertex 17.1637 0 -19.886
      vertex 17.2583 0 -19.6073
    endloop
  endfacet
  facet normal -0.980724 0 0.195397
    outer loop
      vertex 17.2583 0 -19.6073
      vertex 17.3158 3.25 -19.3187
      vertex 17.2583 3.25 -19.6073
    endloop
  endfacet
  facet normal -0.980724 0 0.195397
    outer loop
      vertex 17.3158 3.25 -19.3187
      vertex 17.2583 0 -19.6073
      vertex 17.3158 0 -19.3187
    endloop
  endfacet
  facet normal -0.195397 0 0.980724
    outer loop
      vertex 15.3787 3.25 -21.2558
      vertex 15.6673 0 -21.1983
      vertex 15.6673 3.25 -21.1983
    endloop
  endfacet
  facet normal -0.195397 0 0.980724
    outer loop
      vertex 15.6673 0 -21.1983
      vertex 15.3787 3.25 -21.2558
      vertex 15.3787 0 -21.2558
    endloop
  endfacet
  facet normal -0.659202 0 0.751966
    outer loop
      vertex 16.4547 3.25 -20.81
      vertex 16.676 0 -20.616
      vertex 16.676 3.25 -20.616
    endloop
  endfacet
  facet normal -0.659202 0 0.751966
    outer loop
      vertex 16.676 0 -20.616
      vertex 16.4547 3.25 -20.81
      vertex 16.4547 0 -20.81
    endloop
  endfacet
  facet normal 0.831318 -0 0.555797
    outer loop
      vertex 13.1364 0 -20.15
      vertex 13.3 3.25 -20.3947
      vertex 13.1364 3.25 -20.15
    endloop
  endfacet
  facet normal 0.831318 0 0.555797
    outer loop
      vertex 13.3 3.25 -20.3947
      vertex 13.1364 0 -20.15
      vertex 13.3 0 -20.3947
    endloop
  endfacet
  facet normal 0.751966 -0 0.659202
    outer loop
      vertex 13.3 0 -20.3947
      vertex 13.494 3.25 -20.616
      vertex 13.3 3.25 -20.3947
    endloop
  endfacet
  facet normal 0.751966 0 0.659202
    outer loop
      vertex 13.494 3.25 -20.616
      vertex 13.3 0 -20.3947
      vertex 13.494 0 -20.616
    endloop
  endfacet
  facet normal 0.980724 -0 0.195397
    outer loop
      vertex 12.8542 0 -19.3187
      vertex 12.9117 3.25 -19.6073
      vertex 12.8542 3.25 -19.3187
    endloop
  endfacet
  facet normal 0.980724 0 0.195397
    outer loop
      vertex 12.9117 3.25 -19.6073
      vertex 12.8542 0 -19.3187
      vertex 12.9117 0 -19.6073
    endloop
  endfacet
  facet normal 0.555797 0 0.831318
    outer loop
      vertex 13.7153 3.25 -20.81
      vertex 13.96 0 -20.9736
      vertex 13.96 3.25 -20.9736
    endloop
  endfacet
  facet normal 0.555797 0 0.831318
    outer loop
      vertex 13.96 0 -20.9736
      vertex 13.7153 3.25 -20.81
      vertex 13.7153 0 -20.81
    endloop
  endfacet
  facet normal 0.0652336 0 0.99787
    outer loop
      vertex 14.7913 3.25 -21.2558
      vertex 15.085 0 -21.275
      vertex 15.085 3.25 -21.275
    endloop
  endfacet
  facet normal 0.0652336 0 0.99787
    outer loop
      vertex 15.085 0 -21.275
      vertex 14.7913 3.25 -21.2558
      vertex 14.7913 0 -21.2558
    endloop
  endfacet
  facet normal -0.99787 0 -0.0652336
    outer loop
      vertex 17.335 0 -19.025
      vertex 17.3158 3.25 -18.7313
      vertex 17.335 3.25 -19.025
    endloop
  endfacet
  facet normal -0.99787 -0 -0.0652336
    outer loop
      vertex 17.3158 3.25 -18.7313
      vertex 17.335 0 -19.025
      vertex 17.3158 0 -18.7313
    endloop
  endfacet
  facet normal -0.0655719 0 -0.997848
    outer loop
      vertex 15.085 0 -16.775
      vertex 15.3787 3.25 -16.7943
      vertex 15.3787 0 -16.7943
    endloop
  endfacet
  facet normal -0.0655719 0 -0.997848
    outer loop
      vertex 15.3787 3.25 -16.7943
      vertex 15.085 0 -16.775
      vertex 15.085 3.25 -16.775
    endloop
  endfacet
  facet normal -0.321421 0 -0.946936
    outer loop
      vertex 15.6673 0 -16.8517
      vertex 15.946 3.25 -16.9463
      vertex 15.946 0 -16.9463
    endloop
  endfacet
  facet normal -0.321421 0 -0.946936
    outer loop
      vertex 15.946 3.25 -16.9463
      vertex 15.6673 0 -16.8517
      vertex 15.6673 3.25 -16.8517
    endloop
  endfacet
  facet normal -0.555797 0 -0.831318
    outer loop
      vertex 16.21 0 -17.0764
      vertex 16.4547 3.25 -17.24
      vertex 16.4547 0 -17.24
    endloop
  endfacet
  facet normal -0.555797 0 -0.831318
    outer loop
      vertex 16.4547 3.25 -17.24
      vertex 16.21 0 -17.0764
      vertex 16.21 3.25 -17.0764
    endloop
  endfacet
  facet normal -0.751966 0 -0.659202
    outer loop
      vertex 16.87 0 -17.6553
      vertex 16.676 3.25 -17.434
      vertex 16.87 3.25 -17.6553
    endloop
  endfacet
  facet normal -0.751966 -0 -0.659202
    outer loop
      vertex 16.676 3.25 -17.434
      vertex 16.87 0 -17.6553
      vertex 16.676 0 -17.434
    endloop
  endfacet
  facet normal -0.896995 0 -0.442042
    outer loop
      vertex 17.1637 0 -18.164
      vertex 17.0336 3.25 -17.9
      vertex 17.1637 3.25 -18.164
    endloop
  endfacet
  facet normal -0.896995 -0 -0.442042
    outer loop
      vertex 17.0336 3.25 -17.9
      vertex 17.1637 0 -18.164
      vertex 17.0336 0 -17.9
    endloop
  endfacet
  facet normal 0.659202 0 -0.751966
    outer loop
      vertex 13.494 0 -17.434
      vertex 13.7153 3.25 -17.24
      vertex 13.7153 0 -17.24
    endloop
  endfacet
  facet normal 0.659202 0 -0.751966
    outer loop
      vertex 13.7153 3.25 -17.24
      vertex 13.494 0 -17.434
      vertex 13.494 3.25 -17.434
    endloop
  endfacet
  facet normal 0.442042 0 -0.896995
    outer loop
      vertex 13.96 0 -17.0764
      vertex 14.224 3.25 -16.9463
      vertex 14.224 0 -16.9463
    endloop
  endfacet
  facet normal 0.442042 0 -0.896995
    outer loop
      vertex 14.224 3.25 -16.9463
      vertex 13.96 0 -17.0764
      vertex 13.96 3.25 -17.0764
    endloop
  endfacet
  facet normal 0.19507 0 -0.980789
    outer loop
      vertex 14.5027 0 -16.8517
      vertex 14.7913 3.25 -16.7943
      vertex 14.7913 0 -16.7943
    endloop
  endfacet
  facet normal 0.19507 0 -0.980789
    outer loop
      vertex 14.7913 3.25 -16.7943
      vertex 14.5027 0 -16.8517
      vertex 14.5027 3.25 -16.8517
    endloop
  endfacet
  facet normal 0.831318 0 -0.555797
    outer loop
      vertex 13.3 0 -17.6553
      vertex 13.1364 3.25 -17.9
      vertex 13.3 3.25 -17.6553
    endloop
  endfacet
  facet normal 0.831318 0 -0.555797
    outer loop
      vertex 13.1364 3.25 -17.9
      vertex 13.3 0 -17.6553
      vertex 13.1364 0 -17.9
    endloop
  endfacet
  facet normal 0.946936 0 -0.321421
    outer loop
      vertex 13.0063 0 -18.164
      vertex 12.9117 3.25 -18.4427
      vertex 13.0063 3.25 -18.164
    endloop
  endfacet
  facet normal 0.946936 0 -0.321421
    outer loop
      vertex 12.9117 3.25 -18.4427
      vertex 13.0063 0 -18.164
      vertex 12.9117 0 -18.4427
    endloop
  endfacet
  facet normal 0.99787 0 -0.0652336
    outer loop
      vertex 12.8542 0 -18.7313
      vertex 12.835 3.25 -19.025
      vertex 12.8542 3.25 -18.7313
    endloop
  endfacet
  facet normal 0.99787 0 -0.0652336
    outer loop
      vertex 12.835 3.25 -19.025
      vertex 12.8542 0 -18.7313
      vertex 12.835 0 -19.025
    endloop
  endfacet
  facet normal -0.19507 0 -0.980789
    outer loop
      vertex 15.3787 0 -16.7943
      vertex 15.6673 3.25 -16.8517
      vertex 15.6673 0 -16.8517
    endloop
  endfacet
  facet normal -0.19507 0 -0.980789
    outer loop
      vertex 15.6673 3.25 -16.8517
      vertex 15.3787 0 -16.7943
      vertex 15.3787 3.25 -16.7943
    endloop
  endfacet
  facet normal -0.659202 0 -0.751966
    outer loop
      vertex 16.4547 0 -17.24
      vertex 16.676 3.25 -17.434
      vertex 16.676 0 -17.434
    endloop
  endfacet
  facet normal -0.659202 0 -0.751966
    outer loop
      vertex 16.676 3.25 -17.434
      vertex 16.4547 0 -17.24
      vertex 16.4547 3.25 -17.24
    endloop
  endfacet
  facet normal -0.831318 0 -0.555797
    outer loop
      vertex 17.0336 0 -17.9
      vertex 16.87 3.25 -17.6553
      vertex 17.0336 3.25 -17.9
    endloop
  endfacet
  facet normal -0.831318 -0 -0.555797
    outer loop
      vertex 16.87 3.25 -17.6553
      vertex 17.0336 0 -17.9
      vertex 16.87 0 -17.6553
    endloop
  endfacet
  facet normal -0.980724 0 -0.195397
    outer loop
      vertex 17.3158 0 -18.7313
      vertex 17.2583 3.25 -18.4427
      vertex 17.3158 3.25 -18.7313
    endloop
  endfacet
  facet normal -0.980724 -0 -0.195397
    outer loop
      vertex 17.2583 3.25 -18.4427
      vertex 17.3158 0 -18.7313
      vertex 17.2583 0 -18.4427
    endloop
  endfacet
  facet normal -0.946936 0 -0.321421
    outer loop
      vertex 17.2583 0 -18.4427
      vertex 17.1637 3.25 -18.164
      vertex 17.2583 3.25 -18.4427
    endloop
  endfacet
  facet normal -0.946936 -0 -0.321421
    outer loop
      vertex 17.1637 3.25 -18.164
      vertex 17.2583 0 -18.4427
      vertex 17.1637 0 -18.164
    endloop
  endfacet
  facet normal 0.555797 0 -0.831318
    outer loop
      vertex 13.7153 0 -17.24
      vertex 13.96 3.25 -17.0764
      vertex 13.96 0 -17.0764
    endloop
  endfacet
  facet normal 0.555797 0 -0.831318
    outer loop
      vertex 13.96 3.25 -17.0764
      vertex 13.7153 0 -17.24
      vertex 13.7153 3.25 -17.24
    endloop
  endfacet
  facet normal 0.980724 0 -0.195397
    outer loop
      vertex 12.9117 0 -18.4427
      vertex 12.8542 3.25 -18.7313
      vertex 12.9117 3.25 -18.4427
    endloop
  endfacet
  facet normal 0.980724 0 -0.195397
    outer loop
      vertex 12.8542 3.25 -18.7313
      vertex 12.9117 0 -18.4427
      vertex 12.8542 0 -18.7313
    endloop
  endfacet
  facet normal -0.642901 0.704745 -0.300021
    outer loop
      vertex 17.1637 3.25 -18.164
      vertex 18.7607 4.99 -17.4989
      vertex 18.7621 4.99 -17.5019
    endloop
  endfacet
  facet normal -0.636736 0.704348 -0.313785
    outer loop
      vertex 18.7607 4.99 -17.4989
      vertex 17.1637 3.25 -18.164
      vertex 17.0336 3.25 -17.9
    endloop
  endfacet
  facet normal -0.708358 0.704328 0.0463822
    outer loop
      vertex 19.0651 4.99 -19.025
      vertex 19.0313 4.99 -19.5412
      vertex 17.335 3.25 -19.025
    endloop
  endfacet
  facet normal -0.708694 0.704207 0.0429511
    outer loop
      vertex 17.3158 3.25 -19.3187
      vertex 19.0313 4.99 -19.5412
      vertex 19.0311 4.99 -19.5445
    endloop
  endfacet
  facet normal -0.708372 0.704319 0.0463083
    outer loop
      vertex 19.0313 4.99 -19.5412
      vertex 17.3158 3.25 -19.3187
      vertex 17.335 3.25 -19.025
    endloop
  endfacet
  facet normal 0.636678 0.704328 -0.313948
    outer loop
      vertex 11.6381 4.99 -17.0349
      vertex 13.1364 3.25 -17.9
      vertex 11.4093 4.99 -17.4989
    endloop
  endfacet
  facet normal 0.313948 0.704328 0.636678
    outer loop
      vertex 13.96 3.25 -20.9736
      vertex 13.5589 4.99 -22.7007
      vertex 13.0949 4.99 -22.4719
    endloop
  endfacet
  facet normal -0.708358 0.704328 -0.0463822
    outer loop
      vertex 19.0313 4.99 -18.5088
      vertex 19.0651 4.99 -19.025
      vertex 17.335 3.25 -19.025
    endloop
  endfacet
  facet normal -0.696228 0.704337 -0.138477
    outer loop
      vertex 18.9295 4.99 -17.9949
      vertex 19.0304 4.99 -18.5022
      vertex 17.2583 3.25 -18.4427
    endloop
  endfacet
  facet normal -0.533746 0.704334 -0.468005
    outer loop
      vertex 17.8994 4.99 -16.2106
      vertex 18.2404 4.99 -16.5995
      vertex 16.676 3.25 -17.434
    endloop
  endfacet
  facet normal -0.636678 0.704328 -0.313948
    outer loop
      vertex 18.5319 4.99 -17.0349
      vertex 18.7607 4.99 -17.4989
      vertex 17.0336 3.25 -17.9
    endloop
  endfacet
  facet normal -0.0429499 0.704228 -0.708674
    outer loop
      vertex 15.3787 3.25 -16.7943
      vertex 15.6012 4.99 -15.0787
      vertex 15.6045 4.99 -15.0789
    endloop
  endfacet
  facet normal -0.0465466 0.704347 -0.708328
    outer loop
      vertex 15.6012 4.99 -15.0787
      vertex 15.3787 3.25 -16.7943
      vertex 15.085 3.25 -16.775
    endloop
  endfacet
  facet normal 0.138477 0.704337 -0.696228
    outer loop
      vertex 14.5622 4.99 -15.0796
      vertex 14.5027 3.25 -16.8517
      vertex 14.0549 4.99 -15.1805
    endloop
  endfacet
  facet normal 0.696209 0.70431 -0.138711
    outer loop
      vertex 12.8542 3.25 -18.7313
      vertex 11.1396 4.99 -18.5022
      vertex 12.9117 3.25 -18.4427
    endloop
  endfacet
  facet normal 0.69474 0.704002 -0.147369
    outer loop
      vertex 11.1396 4.99 -18.5022
      vertex 12.8542 3.25 -18.7313
      vertex 11.1389 4.99 -18.5055
    endloop
  endfacet
  facet normal 0.590228 0.70433 0.3944
    outer loop
      vertex 13.1364 3.25 -20.15
      vertex 11.9255 4.99 -21.4452
      vertex 11.6381 4.99 -21.0151
    endloop
  endfacet
  facet normal -0.672187 0.704328 -0.228225
    outer loop
      vertex 18.7621 4.99 -17.5019
      vertex 18.9284 4.99 -17.9917
      vertex 17.1637 3.25 -18.164
    endloop
  endfacet
  facet normal -0.671397 0.704245 -0.230793
    outer loop
      vertex 17.2583 3.25 -18.4427
      vertex 18.9284 4.99 -17.9917
      vertex 18.9295 4.99 -17.9949
    endloop
  endfacet
  facet normal -0.672199 0.704335 -0.228167
    outer loop
      vertex 18.9284 4.99 -17.9917
      vertex 17.2583 3.25 -18.4427
      vertex 17.1637 3.25 -18.164
    endloop
  endfacet
  facet normal -0.708372 0.704319 -0.0463083
    outer loop
      vertex 17.3158 3.25 -18.7313
      vertex 19.0313 4.99 -18.5088
      vertex 17.335 3.25 -19.025
    endloop
  endfacet
  facet normal -0.708694 0.704207 -0.0429511
    outer loop
      vertex 19.0313 4.99 -18.5088
      vertex 17.3158 3.25 -18.7313
      vertex 19.0311 4.99 -18.5055
    endloop
  endfacet
  facet normal -0.590228 0.70433 -0.3944
    outer loop
      vertex 18.2445 4.99 -16.6048
      vertex 18.5319 4.99 -17.0349
      vertex 17.0336 3.25 -17.9
    endloop
  endfacet
  facet normal -0.54164 0.704683 -0.458311
    outer loop
      vertex 16.87 3.25 -17.6553
      vertex 18.2404 4.99 -16.5995
      vertex 18.2426 4.99 -16.6021
    endloop
  endfacet
  facet normal -0.53379 0.704343 -0.467941
    outer loop
      vertex 18.2404 4.99 -16.5995
      vertex 16.87 3.25 -17.6553
      vertex 16.676 3.25 -17.434
    endloop
  endfacet
  facet normal -0.0463822 0.704328 -0.708358
    outer loop
      vertex 15.085 4.99 -15.0449
      vertex 15.6012 4.99 -15.0787
      vertex 15.085 3.25 -16.775
    endloop
  endfacet
  facet normal -0.313948 0.704328 -0.636678
    outer loop
      vertex 16.6111 4.99 -15.3493
      vertex 17.0751 4.99 -15.5781
      vertex 16.21 3.25 -17.0764
    endloop
  endfacet
  facet normal 0.590228 0.70433 -0.3944
    outer loop
      vertex 11.9255 4.99 -16.6048
      vertex 13.1364 3.25 -17.9
      vertex 11.6381 4.99 -17.0349
    endloop
  endfacet
  facet normal -0.408267 0.704785 0.580169
    outer loop
      vertex 17.5052 4.99 -22.1845
      vertex 16.4547 3.25 -20.81
      vertex 17.5079 4.99 -22.1826
    endloop
  endfacet
  facet normal -0.394534 0.70435 0.590113
    outer loop
      vertex 16.4547 3.25 -20.81
      vertex 17.5052 4.99 -22.1845
      vertex 16.21 3.25 -20.9736
    endloop
  endfacet
  facet normal 0.138711 0.70431 0.696209
    outer loop
      vertex 14.7913 3.25 -21.2558
      vertex 14.5622 4.99 -22.9704
      vertex 14.5027 3.25 -21.1983
    endloop
  endfacet
  facet normal 0.147369 0.704002 0.69474
    outer loop
      vertex 14.5622 4.99 -22.9704
      vertex 14.7913 3.25 -21.2558
      vertex 14.5655 4.99 -22.9711
    endloop
  endfacet
  facet normal 0.53379 0.704343 0.467941
    outer loop
      vertex 11.9296 4.99 -21.4505
      vertex 13.3 3.25 -20.3947
      vertex 13.494 3.25 -20.616
    endloop
  endfacet
  facet normal 0.54164 0.704683 0.458311
    outer loop
      vertex 13.3 3.25 -20.3947
      vertex 11.9296 4.99 -21.4505
      vertex 11.9274 4.99 -21.4479
    endloop
  endfacet
  facet normal 0.708372 0.704319 0.0463083
    outer loop
      vertex 12.8542 3.25 -19.3187
      vertex 11.1387 4.99 -19.5412
      vertex 12.835 3.25 -19.025
    endloop
  endfacet
  facet normal 0.708694 0.704207 0.0429511
    outer loop
      vertex 11.1387 4.99 -19.5412
      vertex 12.8542 3.25 -19.3187
      vertex 11.1389 4.99 -19.5445
    endloop
  endfacet
  facet normal -0.69474 0.704002 -0.147369
    outer loop
      vertex 17.3158 3.25 -18.7313
      vertex 19.0304 4.99 -18.5022
      vertex 19.0311 4.99 -18.5055
    endloop
  endfacet
  facet normal -0.696209 0.70431 -0.138711
    outer loop
      vertex 19.0304 4.99 -18.5022
      vertex 17.3158 3.25 -18.7313
      vertex 17.2583 3.25 -18.4427
    endloop
  endfacet
  facet normal -0.580169 0.704785 -0.408267
    outer loop
      vertex 18.2445 4.99 -16.6048
      vertex 16.87 3.25 -17.6553
      vertex 18.2426 4.99 -16.6021
    endloop
  endfacet
  facet normal -0.590113 0.70435 -0.394534
    outer loop
      vertex 16.87 3.25 -17.6553
      vertex 18.2445 4.99 -16.6048
      vertex 17.0336 3.25 -17.9
    endloop
  endfacet
  facet normal -0.228225 0.704328 -0.672187
    outer loop
      vertex 16.1183 4.99 -15.1816
      vertex 16.6081 4.99 -15.3479
      vertex 15.946 3.25 -16.9463
    endloop
  endfacet
  facet normal -0.468005 0.704334 -0.533746
    outer loop
      vertex 17.5105 4.99 -15.8696
      vertex 17.8994 4.99 -16.2106
      vertex 16.676 3.25 -17.434
    endloop
  endfacet
  facet normal 0.672187 0.704328 -0.228225
    outer loop
      vertex 11.4079 4.99 -17.5019
      vertex 13.0063 3.25 -18.164
      vertex 11.2416 4.99 -17.9917
    endloop
  endfacet
  facet normal 0.696228 0.704337 -0.138477
    outer loop
      vertex 11.2405 4.99 -17.9949
      vertex 12.9117 3.25 -18.4427
      vertex 11.1396 4.99 -18.5022
    endloop
  endfacet
  facet normal 0.53379 0.704343 -0.467941
    outer loop
      vertex 13.3 3.25 -17.6553
      vertex 11.9296 4.99 -16.5995
      vertex 13.494 3.25 -17.434
    endloop
  endfacet
  facet normal 0.54164 0.704683 -0.458311
    outer loop
      vertex 11.9296 4.99 -16.5995
      vertex 13.3 3.25 -17.6553
      vertex 11.9274 4.99 -16.6021
    endloop
  endfacet
  facet normal 0.394534 0.70435 -0.590113
    outer loop
      vertex 13.7153 3.25 -17.24
      vertex 12.6648 4.99 -15.8655
      vertex 13.96 3.25 -17.0764
    endloop
  endfacet
  facet normal 0.408267 0.704785 -0.580169
    outer loop
      vertex 12.6648 4.99 -15.8655
      vertex 13.7153 3.25 -17.24
      vertex 12.6621 4.99 -15.8674
    endloop
  endfacet
  facet normal 0.580169 0.704785 -0.408267
    outer loop
      vertex 13.3 3.25 -17.6553
      vertex 11.9255 4.99 -16.6048
      vertex 11.9274 4.99 -16.6021
    endloop
  endfacet
  facet normal 0.590113 0.70435 -0.394534
    outer loop
      vertex 11.9255 4.99 -16.6048
      vertex 13.3 3.25 -17.6553
      vertex 13.1364 3.25 -17.9
    endloop
  endfacet
  facet normal 0.230793 0.704245 -0.671397
    outer loop
      vertex 14.5027 3.25 -16.8517
      vertex 14.0517 4.99 -15.1816
      vertex 14.0549 4.99 -15.1805
    endloop
  endfacet
  facet normal 0.228167 0.704335 -0.672199
    outer loop
      vertex 14.0517 4.99 -15.1816
      vertex 14.5027 3.25 -16.8517
      vertex 14.224 3.25 -16.9463
    endloop
  endfacet
  facet normal 0.0463822 0.704328 -0.708358
    outer loop
      vertex 15.085 4.99 -15.0449
      vertex 15.085 3.25 -16.775
      vertex 14.5688 4.99 -15.0787
    endloop
  endfacet
  facet normal 0.313948 0.704328 -0.636678
    outer loop
      vertex 13.5589 4.99 -15.3493
      vertex 13.96 3.25 -17.0764
      vertex 13.0949 4.99 -15.5781
    endloop
  endfacet
  facet normal -0.636678 0.704328 0.313948
    outer loop
      vertex 18.7607 4.99 -20.5511
      vertex 18.5319 4.99 -21.0151
      vertex 17.0336 3.25 -20.15
    endloop
  endfacet
  facet normal -0.138477 0.704337 0.696228
    outer loop
      vertex 15.6673 3.25 -21.1983
      vertex 16.1151 4.99 -22.8695
      vertex 15.6078 4.99 -22.9704
    endloop
  endfacet
  facet normal 0.228225 0.704328 0.672187
    outer loop
      vertex 14.224 3.25 -21.1037
      vertex 14.0517 4.99 -22.8684
      vertex 13.5619 4.99 -22.7021
    endloop
  endfacet
  facet normal 0.138477 0.704337 0.696228
    outer loop
      vertex 14.5027 3.25 -21.1983
      vertex 14.5622 4.99 -22.9704
      vertex 14.0549 4.99 -22.8695
    endloop
  endfacet
  facet normal 0.467941 0.704343 0.53379
    outer loop
      vertex 13.7153 3.25 -20.81
      vertex 12.6595 4.99 -22.1804
      vertex 13.494 3.25 -20.616
    endloop
  endfacet
  facet normal 0.458311 0.704683 0.54164
    outer loop
      vertex 12.6595 4.99 -22.1804
      vertex 13.7153 3.25 -20.81
      vertex 12.6621 4.99 -22.1826
    endloop
  endfacet
  facet normal 0.3944 0.70433 0.590228
    outer loop
      vertex 13.96 3.25 -20.9736
      vertex 13.0949 4.99 -22.4719
      vertex 12.6648 4.99 -22.1845
    endloop
  endfacet
  facet normal 0.590113 0.70435 0.394534
    outer loop
      vertex 13.3 3.25 -20.3947
      vertex 11.9255 4.99 -21.4452
      vertex 13.1364 3.25 -20.15
    endloop
  endfacet
  facet normal 0.580169 0.704785 0.408267
    outer loop
      vertex 11.9255 4.99 -21.4452
      vertex 13.3 3.25 -20.3947
      vertex 11.9274 4.99 -21.4479
    endloop
  endfacet
  facet normal 0.672199 0.704335 0.228167
    outer loop
      vertex 11.2416 4.99 -20.0583
      vertex 12.9117 3.25 -19.6073
      vertex 13.0063 3.25 -19.886
    endloop
  endfacet
  facet normal 0.671397 0.704245 0.230793
    outer loop
      vertex 12.9117 3.25 -19.6073
      vertex 11.2416 4.99 -20.0583
      vertex 11.2405 4.99 -20.0551
    endloop
  endfacet
  facet normal 0.708694 0.704207 -0.0429511
    outer loop
      vertex 12.8542 3.25 -18.7313
      vertex 11.1387 4.99 -18.5088
      vertex 11.1389 4.99 -18.5055
    endloop
  endfacet
  facet normal 0.708372 0.704319 -0.0463083
    outer loop
      vertex 11.1387 4.99 -18.5088
      vertex 12.8542 3.25 -18.7313
      vertex 12.835 3.25 -19.025
    endloop
  endfacet
  facet normal -0.138477 0.704337 -0.696228
    outer loop
      vertex 16.1151 4.99 -15.1805
      vertex 15.6673 3.25 -16.8517
      vertex 15.6078 4.99 -15.0796
    endloop
  endfacet
  facet normal -0.230793 0.704245 -0.671397
    outer loop
      vertex 16.1183 4.99 -15.1816
      vertex 15.6673 3.25 -16.8517
      vertex 16.1151 4.99 -15.1805
    endloop
  endfacet
  facet normal -0.228167 0.704335 -0.672199
    outer loop
      vertex 15.6673 3.25 -16.8517
      vertex 16.1183 4.99 -15.1816
      vertex 15.946 3.25 -16.9463
    endloop
  endfacet
  facet normal -0.147365 0.704022 -0.69472
    outer loop
      vertex 15.6078 4.99 -15.0796
      vertex 15.3787 3.25 -16.7943
      vertex 15.6045 4.99 -15.0789
    endloop
  endfacet
  facet normal -0.138474 0.704337 -0.696228
    outer loop
      vertex 15.3787 3.25 -16.7943
      vertex 15.6078 4.99 -15.0796
      vertex 15.6673 3.25 -16.8517
    endloop
  endfacet
  facet normal -0.300021 0.704745 -0.642901
    outer loop
      vertex 16.6111 4.99 -15.3493
      vertex 15.946 3.25 -16.9463
      vertex 16.6081 4.99 -15.3479
    endloop
  endfacet
  facet normal -0.313785 0.704348 -0.636736
    outer loop
      vertex 15.946 3.25 -16.9463
      vertex 16.6111 4.99 -15.3493
      vertex 16.21 3.25 -17.0764
    endloop
  endfacet
  facet normal -0.3944 0.70433 -0.590228
    outer loop
      vertex 17.0751 4.99 -15.5781
      vertex 17.5052 4.99 -15.8655
      vertex 16.21 3.25 -17.0764
    endloop
  endfacet
  facet normal -0.458311 0.704683 -0.54164
    outer loop
      vertex 17.5105 4.99 -15.8696
      vertex 16.4547 3.25 -17.24
      vertex 17.5079 4.99 -15.8674
    endloop
  endfacet
  facet normal -0.467941 0.704343 -0.53379
    outer loop
      vertex 16.4547 3.25 -17.24
      vertex 17.5105 4.99 -15.8696
      vertex 16.676 3.25 -17.434
    endloop
  endfacet
  facet normal -0.408267 0.704785 -0.580169
    outer loop
      vertex 16.4547 3.25 -17.24
      vertex 17.5052 4.99 -15.8655
      vertex 17.5079 4.99 -15.8674
    endloop
  endfacet
  facet normal -0.394534 0.70435 -0.590113
    outer loop
      vertex 17.5052 4.99 -15.8655
      vertex 16.4547 3.25 -17.24
      vertex 16.21 3.25 -17.0764
    endloop
  endfacet
  facet normal 0.672199 0.704335 -0.228167
    outer loop
      vertex 12.9117 3.25 -18.4427
      vertex 11.2416 4.99 -17.9917
      vertex 13.0063 3.25 -18.164
    endloop
  endfacet
  facet normal 0.671397 0.704245 -0.230793
    outer loop
      vertex 11.2416 4.99 -17.9917
      vertex 12.9117 3.25 -18.4427
      vertex 11.2405 4.99 -17.9949
    endloop
  endfacet
  facet normal 0.468005 0.704334 -0.533746
    outer loop
      vertex 12.6595 4.99 -15.8696
      vertex 13.494 3.25 -17.434
      vertex 12.2706 4.99 -16.2106
    endloop
  endfacet
  facet normal 0.458311 0.704683 -0.54164
    outer loop
      vertex 13.7153 3.25 -17.24
      vertex 12.6595 4.99 -15.8696
      vertex 12.6621 4.99 -15.8674
    endloop
  endfacet
  facet normal 0.467941 0.704343 -0.53379
    outer loop
      vertex 12.6595 4.99 -15.8696
      vertex 13.7153 3.25 -17.24
      vertex 13.494 3.25 -17.434
    endloop
  endfacet
  facet normal 0.0465466 0.704347 -0.708328
    outer loop
      vertex 14.7913 3.25 -16.7943
      vertex 14.5688 4.99 -15.0787
      vertex 15.085 3.25 -16.775
    endloop
  endfacet
  facet normal 0.0429499 0.704228 -0.708674
    outer loop
      vertex 14.5688 4.99 -15.0787
      vertex 14.7913 3.25 -16.7943
      vertex 14.5655 4.99 -15.0789
    endloop
  endfacet
  facet normal 0.147365 0.704022 -0.69472
    outer loop
      vertex 14.7913 3.25 -16.7943
      vertex 14.5622 4.99 -15.0796
      vertex 14.5655 4.99 -15.0789
    endloop
  endfacet
  facet normal 0.138474 0.704337 -0.696228
    outer loop
      vertex 14.5622 4.99 -15.0796
      vertex 14.7913 3.25 -16.7943
      vertex 14.5027 3.25 -16.8517
    endloop
  endfacet
  facet normal 0.228225 0.704328 -0.672187
    outer loop
      vertex 14.0517 4.99 -15.1816
      vertex 14.224 3.25 -16.9463
      vertex 13.5619 4.99 -15.3479
    endloop
  endfacet
  facet normal 0.300021 0.704745 -0.642901
    outer loop
      vertex 14.224 3.25 -16.9463
      vertex 13.5589 4.99 -15.3493
      vertex 13.5619 4.99 -15.3479
    endloop
  endfacet
  facet normal 0.313785 0.704348 -0.636736
    outer loop
      vertex 13.5589 4.99 -15.3493
      vertex 14.224 3.25 -16.9463
      vertex 13.96 3.25 -17.0764
    endloop
  endfacet
  facet normal 0.3944 0.70433 -0.590228
    outer loop
      vertex 13.0949 4.99 -15.5781
      vertex 13.96 3.25 -17.0764
      vertex 12.6648 4.99 -15.8655
    endloop
  endfacet
  facet normal -0.69474 0.704002 0.147369
    outer loop
      vertex 19.0304 4.99 -19.5478
      vertex 17.3158 3.25 -19.3187
      vertex 19.0311 4.99 -19.5445
    endloop
  endfacet
  facet normal -0.696209 0.70431 0.138711
    outer loop
      vertex 17.3158 3.25 -19.3187
      vertex 19.0304 4.99 -19.5478
      vertex 17.2583 3.25 -19.6073
    endloop
  endfacet
  facet normal -0.468005 0.704334 0.533746
    outer loop
      vertex 17.8994 4.99 -21.8394
      vertex 17.5105 4.99 -22.1804
      vertex 16.676 3.25 -20.616
    endloop
  endfacet
  facet normal 0.0463083 0.704319 0.708372
    outer loop
      vertex 14.5688 4.99 -22.9713
      vertex 14.7913 3.25 -21.2558
      vertex 15.085 3.25 -21.275
    endloop
  endfacet
  facet normal 0.0429511 0.704207 0.708694
    outer loop
      vertex 14.7913 3.25 -21.2558
      vertex 14.5688 4.99 -22.9713
      vertex 14.5655 4.99 -22.9711
    endloop
  endfacet
  facet normal -0.313785 0.704348 0.636736
    outer loop
      vertex 16.6111 4.99 -22.7007
      vertex 15.946 3.25 -21.1037
      vertex 16.21 3.25 -20.9736
    endloop
  endfacet
  facet normal -0.300021 0.704745 0.642901
    outer loop
      vertex 15.946 3.25 -21.1037
      vertex 16.6111 4.99 -22.7007
      vertex 16.6081 4.99 -22.7021
    endloop
  endfacet
  facet normal -0.228225 0.704328 0.672187
    outer loop
      vertex 16.6081 4.99 -22.7021
      vertex 16.1183 4.99 -22.8684
      vertex 15.946 3.25 -21.1037
    endloop
  endfacet
  facet normal 0.228167 0.704335 0.672199
    outer loop
      vertex 14.5027 3.25 -21.1983
      vertex 14.0517 4.99 -22.8684
      vertex 14.224 3.25 -21.1037
    endloop
  endfacet
  facet normal 0.230793 0.704245 0.671397
    outer loop
      vertex 14.0517 4.99 -22.8684
      vertex 14.5027 3.25 -21.1983
      vertex 14.0549 4.99 -22.8695
    endloop
  endfacet
  facet normal 0.468005 0.704334 0.533746
    outer loop
      vertex 13.494 3.25 -20.616
      vertex 12.6595 4.99 -22.1804
      vertex 12.2706 4.99 -21.8394
    endloop
  endfacet
  facet normal 0.533746 0.704334 0.468005
    outer loop
      vertex 13.494 3.25 -20.616
      vertex 12.2706 4.99 -21.8394
      vertex 11.9296 4.99 -21.4505
    endloop
  endfacet
  facet normal 0.394534 0.70435 0.590113
    outer loop
      vertex 12.6648 4.99 -22.1845
      vertex 13.7153 3.25 -20.81
      vertex 13.96 3.25 -20.9736
    endloop
  endfacet
  facet normal 0.408267 0.704785 0.580169
    outer loop
      vertex 13.7153 3.25 -20.81
      vertex 12.6648 4.99 -22.1845
      vertex 12.6621 4.99 -22.1826
    endloop
  endfacet
  facet normal 0.636678 0.704328 0.313948
    outer loop
      vertex 13.1364 3.25 -20.15
      vertex 11.6381 4.99 -21.0151
      vertex 11.4093 4.99 -20.5511
    endloop
  endfacet
  facet normal 0.696228 0.704337 0.138477
    outer loop
      vertex 12.9117 3.25 -19.6073
      vertex 11.2405 4.99 -20.0551
      vertex 11.1396 4.99 -19.5478
    endloop
  endfacet
  facet normal 0.708358 0.704328 -0.0463822
    outer loop
      vertex 11.1387 4.99 -18.5088
      vertex 12.835 3.25 -19.025
      vertex 11.1049 4.99 -19.025
    endloop
  endfacet
  facet normal 0.708358 0.704328 0.0463822
    outer loop
      vertex 12.835 3.25 -19.025
      vertex 11.1387 4.99 -19.5412
      vertex 11.1049 4.99 -19.025
    endloop
  endfacet
  facet normal 0.636736 0.704348 -0.313785
    outer loop
      vertex 13.0063 3.25 -18.164
      vertex 11.4093 4.99 -17.4989
      vertex 13.1364 3.25 -17.9
    endloop
  endfacet
  facet normal 0.642901 0.704745 -0.300021
    outer loop
      vertex 11.4093 4.99 -17.4989
      vertex 13.0063 3.25 -18.164
      vertex 11.4079 4.99 -17.5019
    endloop
  endfacet
  facet normal 0.533746 0.704334 -0.468005
    outer loop
      vertex 12.2706 4.99 -16.2106
      vertex 13.494 3.25 -17.434
      vertex 11.9296 4.99 -16.5995
    endloop
  endfacet
  facet normal -0.672187 0.704328 0.228225
    outer loop
      vertex 18.9284 4.99 -20.0583
      vertex 18.7621 4.99 -20.5481
      vertex 17.1637 3.25 -19.886
    endloop
  endfacet
  facet normal -0.696228 0.704337 0.138477
    outer loop
      vertex 19.0304 4.99 -19.5478
      vertex 18.9295 4.99 -20.0551
      vertex 17.2583 3.25 -19.6073
    endloop
  endfacet
  facet normal -0.590113 0.70435 0.394534
    outer loop
      vertex 18.2445 4.99 -21.4452
      vertex 16.87 3.25 -20.3947
      vertex 17.0336 3.25 -20.15
    endloop
  endfacet
  facet normal -0.580169 0.704785 0.408267
    outer loop
      vertex 16.87 3.25 -20.3947
      vertex 18.2445 4.99 -21.4452
      vertex 18.2426 4.99 -21.4479
    endloop
  endfacet
  facet normal -0.590228 0.70433 0.3944
    outer loop
      vertex 18.5319 4.99 -21.0151
      vertex 18.2445 4.99 -21.4452
      vertex 17.0336 3.25 -20.15
    endloop
  endfacet
  facet normal 0.0463822 0.704328 0.708358
    outer loop
      vertex 15.085 3.25 -21.275
      vertex 15.085 4.99 -23.0051
      vertex 14.5688 4.99 -22.9713
    endloop
  endfacet
  facet normal 0.313785 0.704348 0.636736
    outer loop
      vertex 14.224 3.25 -21.1037
      vertex 13.5589 4.99 -22.7007
      vertex 13.96 3.25 -20.9736
    endloop
  endfacet
  facet normal 0.300021 0.704745 0.642901
    outer loop
      vertex 13.5589 4.99 -22.7007
      vertex 14.224 3.25 -21.1037
      vertex 13.5619 4.99 -22.7021
    endloop
  endfacet
  facet normal 0.672187 0.704328 0.228225
    outer loop
      vertex 13.0063 3.25 -19.886
      vertex 11.4079 4.99 -20.5481
      vertex 11.2416 4.99 -20.0583
    endloop
  endfacet
  facet normal 0.636736 0.704348 0.313785
    outer loop
      vertex 11.4093 4.99 -20.5511
      vertex 13.0063 3.25 -19.886
      vertex 13.1364 3.25 -20.15
    endloop
  endfacet
  facet normal 0.642901 0.704745 0.300021
    outer loop
      vertex 13.0063 3.25 -19.886
      vertex 11.4093 4.99 -20.5511
      vertex 11.4079 4.99 -20.5481
    endloop
  endfacet
  facet normal -0.671397 0.704245 0.230793
    outer loop
      vertex 18.9284 4.99 -20.0583
      vertex 17.2583 3.25 -19.6073
      vertex 18.9295 4.99 -20.0551
    endloop
  endfacet
  facet normal -0.672199 0.704335 0.228167
    outer loop
      vertex 17.2583 3.25 -19.6073
      vertex 18.9284 4.99 -20.0583
      vertex 17.1637 3.25 -19.886
    endloop
  endfacet
  facet normal -0.533746 0.704334 0.468005
    outer loop
      vertex 18.2404 4.99 -21.4505
      vertex 17.8994 4.99 -21.8394
      vertex 16.676 3.25 -20.616
    endloop
  endfacet
  facet normal -0.54164 0.704683 0.458311
    outer loop
      vertex 18.2404 4.99 -21.4505
      vertex 16.87 3.25 -20.3947
      vertex 18.2426 4.99 -21.4479
    endloop
  endfacet
  facet normal -0.53379 0.704343 0.467941
    outer loop
      vertex 16.87 3.25 -20.3947
      vertex 18.2404 4.99 -21.4505
      vertex 16.676 3.25 -20.616
    endloop
  endfacet
  facet normal -0.313948 0.704328 0.636678
    outer loop
      vertex 17.0751 4.99 -22.4719
      vertex 16.6111 4.99 -22.7007
      vertex 16.21 3.25 -20.9736
    endloop
  endfacet
  facet normal -0.3944 0.70433 0.590228
    outer loop
      vertex 17.5052 4.99 -22.1845
      vertex 17.0751 4.99 -22.4719
      vertex 16.21 3.25 -20.9736
    endloop
  endfacet
  facet normal 0.69474 0.704002 0.147369
    outer loop
      vertex 12.8542 3.25 -19.3187
      vertex 11.1396 4.99 -19.5478
      vertex 11.1389 4.99 -19.5445
    endloop
  endfacet
  facet normal 0.696209 0.70431 0.138711
    outer loop
      vertex 11.1396 4.99 -19.5478
      vertex 12.8542 3.25 -19.3187
      vertex 12.9117 3.25 -19.6073
    endloop
  endfacet
  facet normal -0.642901 0.704745 0.300021
    outer loop
      vertex 18.7607 4.99 -20.5511
      vertex 17.1637 3.25 -19.886
      vertex 18.7621 4.99 -20.5481
    endloop
  endfacet
  facet normal -0.636736 0.704348 0.313785
    outer loop
      vertex 17.1637 3.25 -19.886
      vertex 18.7607 4.99 -20.5511
      vertex 17.0336 3.25 -20.15
    endloop
  endfacet
  facet normal -0.467941 0.704343 0.53379
    outer loop
      vertex 17.5105 4.99 -22.1804
      vertex 16.4547 3.25 -20.81
      vertex 16.676 3.25 -20.616
    endloop
  endfacet
  facet normal -0.458311 0.704683 0.54164
    outer loop
      vertex 16.4547 3.25 -20.81
      vertex 17.5105 4.99 -22.1804
      vertex 17.5079 4.99 -22.1826
    endloop
  endfacet
  facet normal -0.228167 0.704335 0.672199
    outer loop
      vertex 16.1183 4.99 -22.8684
      vertex 15.6673 3.25 -21.1983
      vertex 15.946 3.25 -21.1037
    endloop
  endfacet
  facet normal -0.230793 0.704245 0.671397
    outer loop
      vertex 15.6673 3.25 -21.1983
      vertex 16.1183 4.99 -22.8684
      vertex 16.1151 4.99 -22.8695
    endloop
  endfacet
  facet normal -0.0463822 0.704328 0.708358
    outer loop
      vertex 15.6012 4.99 -22.9713
      vertex 15.085 4.99 -23.0051
      vertex 15.085 3.25 -21.275
    endloop
  endfacet
  facet normal -0.0429511 0.704207 0.708694
    outer loop
      vertex 15.6012 4.99 -22.9713
      vertex 15.3787 3.25 -21.2558
      vertex 15.6045 4.99 -22.9711
    endloop
  endfacet
  facet normal -0.0463083 0.704319 0.708372
    outer loop
      vertex 15.3787 3.25 -21.2558
      vertex 15.6012 4.99 -22.9713
      vertex 15.085 3.25 -21.275
    endloop
  endfacet
  facet normal -0.138711 0.70431 0.696209
    outer loop
      vertex 15.6078 4.99 -22.9704
      vertex 15.3787 3.25 -21.2558
      vertex 15.6673 3.25 -21.1983
    endloop
  endfacet
  facet normal -0.147369 0.704002 0.69474
    outer loop
      vertex 15.3787 3.25 -21.2558
      vertex 15.6078 4.99 -22.9704
      vertex 15.6045 4.99 -22.9711
    endloop
  endfacet
  facet normal -0.555626 0 0.831432
    outer loop
      vertex 17.085 5 -22.4891
      vertex 17.52 4.99 -22.1984
      vertex 17.52 5 -22.1984
    endloop
  endfacet
  facet normal -0.555626 0 0.831432
    outer loop
      vertex 17.52 4.99 -22.1984
      vertex 17.085 5 -22.4891
      vertex 17.085 4.99 -22.4891
    endloop
  endfacet
  facet normal 0.321498 0 0.94691
    outer loop
      vertex 13.5543 5 -22.7205
      vertex 14.0497 4.99 -22.8887
      vertex 14.0497 5 -22.8887
    endloop
  endfacet
  facet normal 0.321498 0 0.94691
    outer loop
      vertex 14.0497 4.99 -22.8887
      vertex 13.5543 5 -22.7205
      vertex 13.5543 4.99 -22.7205
    endloop
  endfacet
  facet normal 0.896898 -0 0.442238
    outer loop
      vertex 11.3895 4.99 -20.5557
      vertex 11.6209 5 -21.025
      vertex 11.3895 5 -20.5557
    endloop
  endfacet
  facet normal 0.896898 0 0.442238
    outer loop
      vertex 11.6209 5 -21.025
      vertex 11.3895 4.99 -20.5557
      vertex 11.6209 4.99 -21.025
    endloop
  endfacet
  facet normal 0.896898 0 -0.442238
    outer loop
      vertex 11.6209 4.99 -17.025
      vertex 11.3895 5 -17.4943
      vertex 11.6209 5 -17.025
    endloop
  endfacet
  facet normal 0.896898 0 -0.442238
    outer loop
      vertex 11.3895 5 -17.4943
      vertex 11.6209 4.99 -17.025
      vertex 11.3895 4.99 -17.4943
    endloop
  endfacet
  facet normal -0.94691 0 0.321498
    outer loop
      vertex 18.7805 4.99 -20.5557
      vertex 18.9487 5 -20.0603
      vertex 18.7805 5 -20.5557
    endloop
  endfacet
  facet normal -0.94691 0 0.321498
    outer loop
      vertex 18.9487 5 -20.0603
      vertex 18.7805 4.99 -20.5557
      vertex 18.9487 4.99 -20.0603
    endloop
  endfacet
  facet normal -0.896898 0 0.442238
    outer loop
      vertex 18.5491 4.99 -21.025
      vertex 18.7805 5 -20.5557
      vertex 18.5491 5 -21.025
    endloop
  endfacet
  facet normal -0.896898 0 0.442238
    outer loop
      vertex 18.7805 5 -20.5557
      vertex 18.5491 4.99 -21.025
      vertex 18.7805 4.99 -20.5557
    endloop
  endfacet
  facet normal -0.831432 0 0.555626
    outer loop
      vertex 18.2584 4.99 -21.46
      vertex 18.5491 5 -21.025
      vertex 18.2584 5 -21.46
    endloop
  endfacet
  facet normal -0.831432 0 0.555626
    outer loop
      vertex 18.5491 5 -21.025
      vertex 18.2584 4.99 -21.46
      vertex 18.5491 4.99 -21.025
    endloop
  endfacet
  facet normal -0.751842 0 0.659343
    outer loop
      vertex 17.9134 4.99 -21.8534
      vertex 18.2584 5 -21.46
      vertex 17.9134 5 -21.8534
    endloop
  endfacet
  facet normal -0.751842 0 0.659343
    outer loop
      vertex 18.2584 5 -21.46
      vertex 17.9134 4.99 -21.8534
      vertex 18.2584 4.99 -21.46
    endloop
  endfacet
  facet normal -0.442238 0 0.896898
    outer loop
      vertex 16.6157 5 -22.7205
      vertex 17.085 4.99 -22.4891
      vertex 17.085 5 -22.4891
    endloop
  endfacet
  facet normal -0.442238 0 0.896898
    outer loop
      vertex 17.085 4.99 -22.4891
      vertex 16.6157 5 -22.7205
      vertex 16.6157 4.99 -22.7205
    endloop
  endfacet
  facet normal -0.0653646 0 0.997861
    outer loop
      vertex 15.085 5 -23.025
      vertex 15.6071 4.99 -22.9908
      vertex 15.6071 5 -22.9908
    endloop
  endfacet
  facet normal -0.0653646 0 0.997861
    outer loop
      vertex 15.6071 4.99 -22.9908
      vertex 15.085 5 -23.025
      vertex 15.085 4.99 -23.025
    endloop
  endfacet
  facet normal -0.195124 0 0.980779
    outer loop
      vertex 15.6071 5 -22.9908
      vertex 16.1203 4.99 -22.8887
      vertex 16.1203 5 -22.8887
    endloop
  endfacet
  facet normal -0.195124 0 0.980779
    outer loop
      vertex 16.1203 4.99 -22.8887
      vertex 15.6071 5 -22.9908
      vertex 15.6071 4.99 -22.9908
    endloop
  endfacet
  facet normal 0.997861 -0 0.0653646
    outer loop
      vertex 11.085 4.99 -19.025
      vertex 11.1192 5 -19.5471
      vertex 11.085 5 -19.025
    endloop
  endfacet
  facet normal 0.997861 0 0.0653646
    outer loop
      vertex 11.1192 5 -19.5471
      vertex 11.085 4.99 -19.025
      vertex 11.1192 4.99 -19.5471
    endloop
  endfacet
  facet normal 0.980779 -0 0.195124
    outer loop
      vertex 11.1192 4.99 -19.5471
      vertex 11.2213 5 -20.0603
      vertex 11.1192 5 -19.5471
    endloop
  endfacet
  facet normal 0.980779 0 0.195124
    outer loop
      vertex 11.2213 5 -20.0603
      vertex 11.1192 4.99 -19.5471
      vertex 11.2213 4.99 -20.0603
    endloop
  endfacet
  facet normal 0.751842 -0 0.659343
    outer loop
      vertex 11.9116 4.99 -21.46
      vertex 12.2566 5 -21.8534
      vertex 11.9116 5 -21.46
    endloop
  endfacet
  facet normal 0.751842 0 0.659343
    outer loop
      vertex 12.2566 5 -21.8534
      vertex 11.9116 4.99 -21.46
      vertex 12.2566 4.99 -21.8534
    endloop
  endfacet
  facet normal 0.0653646 0 0.997861
    outer loop
      vertex 14.5629 5 -22.9908
      vertex 15.085 4.99 -23.025
      vertex 15.085 5 -23.025
    endloop
  endfacet
  facet normal 0.0653646 0 0.997861
    outer loop
      vertex 15.085 4.99 -23.025
      vertex 14.5629 5 -22.9908
      vertex 14.5629 4.99 -22.9908
    endloop
  endfacet
  facet normal 0.659343 0 0.751842
    outer loop
      vertex 12.2566 5 -21.8534
      vertex 12.65 4.99 -22.1984
      vertex 12.65 5 -22.1984
    endloop
  endfacet
  facet normal 0.659343 0 0.751842
    outer loop
      vertex 12.65 4.99 -22.1984
      vertex 12.2566 5 -21.8534
      vertex 12.2566 4.99 -21.8534
    endloop
  endfacet
  facet normal -0.997861 0 0.0653646
    outer loop
      vertex 19.0508 4.99 -19.5471
      vertex 19.085 5 -19.025
      vertex 19.0508 5 -19.5471
    endloop
  endfacet
  facet normal -0.997861 0 0.0653646
    outer loop
      vertex 19.085 5 -19.025
      vertex 19.0508 4.99 -19.5471
      vertex 19.085 4.99 -19.025
    endloop
  endfacet
  facet normal -0.831432 0 -0.555626
    outer loop
      vertex 18.5491 4.99 -17.025
      vertex 18.2584 5 -16.59
      vertex 18.5491 5 -17.025
    endloop
  endfacet
  facet normal -0.831432 -0 -0.555626
    outer loop
      vertex 18.2584 5 -16.59
      vertex 18.5491 4.99 -17.025
      vertex 18.2584 4.99 -16.59
    endloop
  endfacet
  facet normal -0.321498 0 -0.94691
    outer loop
      vertex 16.1203 4.99 -15.1613
      vertex 16.6157 5 -15.3295
      vertex 16.6157 4.99 -15.3295
    endloop
  endfacet
  facet normal -0.321498 0 -0.94691
    outer loop
      vertex 16.6157 5 -15.3295
      vertex 16.1203 4.99 -15.1613
      vertex 16.1203 5 -15.1613
    endloop
  endfacet
  facet normal -0.751842 0 -0.659343
    outer loop
      vertex 18.2584 4.99 -16.59
      vertex 17.9134 5 -16.1966
      vertex 18.2584 5 -16.59
    endloop
  endfacet
  facet normal -0.751842 -0 -0.659343
    outer loop
      vertex 17.9134 5 -16.1966
      vertex 18.2584 4.99 -16.59
      vertex 17.9134 4.99 -16.1966
    endloop
  endfacet
  facet normal -0.555626 0 -0.831432
    outer loop
      vertex 17.085 4.99 -15.5609
      vertex 17.52 5 -15.8516
      vertex 17.52 4.99 -15.8516
    endloop
  endfacet
  facet normal -0.555626 0 -0.831432
    outer loop
      vertex 17.52 5 -15.8516
      vertex 17.085 4.99 -15.5609
      vertex 17.085 5 -15.5609
    endloop
  endfacet
  facet normal 0.555626 0 -0.831432
    outer loop
      vertex 12.65 4.99 -15.8516
      vertex 13.085 5 -15.5609
      vertex 13.085 4.99 -15.5609
    endloop
  endfacet
  facet normal 0.555626 0 -0.831432
    outer loop
      vertex 13.085 5 -15.5609
      vertex 12.65 4.99 -15.8516
      vertex 12.65 5 -15.8516
    endloop
  endfacet
  facet normal 0.659343 0 -0.751842
    outer loop
      vertex 12.2566 4.99 -16.1966
      vertex 12.65 5 -15.8516
      vertex 12.65 4.99 -15.8516
    endloop
  endfacet
  facet normal 0.659343 0 -0.751842
    outer loop
      vertex 12.65 5 -15.8516
      vertex 12.2566 4.99 -16.1966
      vertex 12.2566 5 -16.1966
    endloop
  endfacet
  facet normal 0.997861 0 -0.0653646
    outer loop
      vertex 11.1192 4.99 -18.5029
      vertex 11.085 5 -19.025
      vertex 11.1192 5 -18.5029
    endloop
  endfacet
  facet normal 0.997861 0 -0.0653646
    outer loop
      vertex 11.085 5 -19.025
      vertex 11.1192 4.99 -18.5029
      vertex 11.085 4.99 -19.025
    endloop
  endfacet
  facet normal 0 1 -0
    outer loop
      vertex 15.6012 4.99 -15.0787
      vertex 15.085 4.99 -15.025
      vertex 15.6071 4.99 -15.0592
    endloop
  endfacet
  facet normal 0 1 0
    outer loop
      vertex 15.085 4.99 -15.025
      vertex 15.6012 4.99 -15.0787
      vertex 15.085 4.99 -15.0449
    endloop
  endfacet
  facet normal 0 1 0
    outer loop
      vertex 15.6071 4.99 -15.0592
      vertex 15.6045 4.99 -15.0789
      vertex 15.6012 4.99 -15.0787
    endloop
  endfacet
  facet normal 0 1 0
    outer loop
      vertex 15.6071 4.99 -15.0592
      vertex 15.6078 4.99 -15.0796
      vertex 15.6045 4.99 -15.0789
    endloop
  endfacet
  facet normal 0 1 0
    outer loop
      vertex 16.1203 4.99 -15.1613
      vertex 15.6078 4.99 -15.0796
      vertex 15.6071 4.99 -15.0592
    endloop
  endfacet
  facet normal 0 1 0
    outer loop
      vertex 16.1203 4.99 -15.1613
      vertex 16.1151 4.99 -15.1805
      vertex 15.6078 4.99 -15.0796
    endloop
  endfacet
  facet normal 0 1 0
    outer loop
      vertex 16.1203 4.99 -15.1613
      vertex 16.1183 4.99 -15.1816
      vertex 16.1151 4.99 -15.1805
    endloop
  endfacet
  facet normal 0 1 0
    outer loop
      vertex 16.6157 4.99 -15.3295
      vertex 16.1183 4.99 -15.1816
      vertex 16.1203 4.99 -15.1613
    endloop
  endfacet
  facet normal 0 1 0
    outer loop
      vertex 16.6157 4.99 -15.3295
      vertex 16.6081 4.99 -15.3479
      vertex 16.1183 4.99 -15.1816
    endloop
  endfacet
  facet normal 0 1 0
    outer loop
      vertex 16.6157 4.99 -15.3295
      vertex 16.6111 4.99 -15.3493
      vertex 16.6081 4.99 -15.3479
    endloop
  endfacet
  facet normal 0 1 0
    outer loop
      vertex 17.085 4.99 -15.5609
      vertex 16.6111 4.99 -15.3493
      vertex 16.6157 4.99 -15.3295
    endloop
  endfacet
  facet normal 0 1 0
    outer loop
      vertex 17.085 4.99 -15.5609
      vertex 17.0751 4.99 -15.5781
      vertex 16.6111 4.99 -15.3493
    endloop
  endfacet
  facet normal 0 1 -0
    outer loop
      vertex 17.5052 4.99 -15.8655
      vertex 17.085 4.99 -15.5609
      vertex 17.52 4.99 -15.8516
    endloop
  endfacet
  facet normal 0 1 0
    outer loop
      vertex 17.085 4.99 -15.5609
      vertex 17.5052 4.99 -15.8655
      vertex 17.0751 4.99 -15.5781
    endloop
  endfacet
  facet normal 0 1 0
    outer loop
      vertex 17.52 4.99 -15.8516
      vertex 17.5079 4.99 -15.8674
      vertex 17.5052 4.99 -15.8655
    endloop
  endfacet
  facet normal 0 1 0
    outer loop
      vertex 17.52 4.99 -15.8516
      vertex 17.5105 4.99 -15.8696
      vertex 17.5079 4.99 -15.8674
    endloop
  endfacet
  facet normal 0 1 0
    outer loop
      vertex 17.9134 4.99 -16.1966
      vertex 17.5105 4.99 -15.8696
      vertex 17.52 4.99 -15.8516
    endloop
  endfacet
  facet normal 0 1 0
    outer loop
      vertex 17.9134 4.99 -16.1966
      vertex 17.8994 4.99 -16.2106
      vertex 17.5105 4.99 -15.8696
    endloop
  endfacet
  facet normal 0 1 -0
    outer loop
      vertex 18.2404 4.99 -16.5995
      vertex 17.9134 4.99 -16.1966
      vertex 18.2584 4.99 -16.59
    endloop
  endfacet
  facet normal 0 1 0
    outer loop
      vertex 17.9134 4.99 -16.1966
      vertex 18.2404 4.99 -16.5995
      vertex 17.8994 4.99 -16.2106
    endloop
  endfacet
  facet normal 0 1 0
    outer loop
      vertex 18.2584 4.99 -16.59
      vertex 18.2426 4.99 -16.6021
      vertex 18.2404 4.99 -16.5995
    endloop
  endfacet
  facet normal 0 1 0
    outer loop
      vertex 18.2584 4.99 -16.59
      vertex 18.2445 4.99 -16.6048
      vertex 18.2426 4.99 -16.6021
    endloop
  endfacet
  facet normal 0 1 0
    outer loop
      vertex 18.5491 4.99 -17.025
      vertex 18.2445 4.99 -16.6048
      vertex 18.2584 4.99 -16.59
    endloop
  endfacet
  facet normal 0 1 0
    outer loop
      vertex 18.5491 4.99 -17.025
      vertex 18.5319 4.99 -17.0349
      vertex 18.2445 4.99 -16.6048
    endloop
  endfacet
  facet normal 0 1 -0
    outer loop
      vertex 18.7607 4.99 -17.4989
      vertex 18.5491 4.99 -17.025
      vertex 18.7805 4.99 -17.4943
    endloop
  endfacet
  facet normal 0 1 0
    outer loop
      vertex 18.5491 4.99 -17.025
      vertex 18.7607 4.99 -17.4989
      vertex 18.5319 4.99 -17.0349
    endloop
  endfacet
  facet normal 0 1 0
    outer loop
      vertex 18.7805 4.99 -17.4943
      vertex 18.7621 4.99 -17.5019
      vertex 18.7607 4.99 -17.4989
    endloop
  endfacet
  facet normal 0 1 -0
    outer loop
      vertex 18.9284 4.99 -17.9917
      vertex 18.7805 4.99 -17.4943
      vertex 18.9487 4.99 -17.9897
    endloop
  endfacet
  facet normal 0 1 0
    outer loop
      vertex 18.7805 4.99 -17.4943
      vertex 18.9284 4.99 -17.9917
      vertex 18.7621 4.99 -17.5019
    endloop
  endfacet
  facet normal 0 1 0
    outer loop
      vertex 18.9487 4.99 -17.9897
      vertex 18.9295 4.99 -17.9949
      vertex 18.9284 4.99 -17.9917
    endloop
  endfacet
  facet normal 0 1 0
    outer loop
      vertex 18.9487 4.99 -17.9897
      vertex 19.0304 4.99 -18.5022
      vertex 18.9295 4.99 -17.9949
    endloop
  endfacet
  facet normal 0 1 0
    outer loop
      vertex 19.0508 4.99 -18.5029
      vertex 19.0304 4.99 -18.5022
      vertex 18.9487 4.99 -17.9897
    endloop
  endfacet
  facet normal 0 1 0
    outer loop
      vertex 19.0508 4.99 -18.5029
      vertex 19.0311 4.99 -18.5055
      vertex 19.0304 4.99 -18.5022
    endloop
  endfacet
  facet normal 0 1 0
    outer loop
      vertex 19.0508 4.99 -18.5029
      vertex 19.0313 4.99 -18.5088
      vertex 19.0311 4.99 -18.5055
    endloop
  endfacet
  facet normal 0 1 0
    outer loop
      vertex 19.085 4.99 -19.025
      vertex 19.0313 4.99 -18.5088
      vertex 19.0508 4.99 -18.5029
    endloop
  endfacet
  facet normal 0 1 0
    outer loop
      vertex 19.085 4.99 -19.025
      vertex 19.0651 4.99 -19.025
      vertex 19.0313 4.99 -18.5088
    endloop
  endfacet
  facet normal 0 1 0
    outer loop
      vertex 19.085 4.99 -19.025
      vertex 19.0313 4.99 -19.5412
      vertex 19.0651 4.99 -19.025
    endloop
  endfacet
  facet normal 0 1 -0
    outer loop
      vertex 19.0508 4.99 -19.5471
      vertex 19.0313 4.99 -19.5412
      vertex 19.085 4.99 -19.025
    endloop
  endfacet
  facet normal 0 1 0
    outer loop
      vertex 19.0313 4.99 -19.5412
      vertex 19.0508 4.99 -19.5471
      vertex 19.0311 4.99 -19.5445
    endloop
  endfacet
  facet normal 0 1 0
    outer loop
      vertex 19.0508 4.99 -19.5471
      vertex 19.0304 4.99 -19.5478
      vertex 19.0311 4.99 -19.5445
    endloop
  endfacet
  facet normal 0 1 0
    outer loop
      vertex 18.9487 4.99 -20.0603
      vertex 19.0304 4.99 -19.5478
      vertex 19.0508 4.99 -19.5471
    endloop
  endfacet
  facet normal 0 1 0
    outer loop
      vertex 19.0304 4.99 -19.5478
      vertex 18.9487 4.99 -20.0603
      vertex 18.9295 4.99 -20.0551
    endloop
  endfacet
  facet normal 0 1 0
    outer loop
      vertex 18.9487 4.99 -20.0603
      vertex 18.9284 4.99 -20.0583
      vertex 18.9295 4.99 -20.0551
    endloop
  endfacet
  facet normal 0 1 0
    outer loop
      vertex 18.7805 4.99 -20.5557
      vertex 18.9284 4.99 -20.0583
      vertex 18.9487 4.99 -20.0603
    endloop
  endfacet
  facet normal 0 1 0
    outer loop
      vertex 18.9284 4.99 -20.0583
      vertex 18.7805 4.99 -20.5557
      vertex 18.7621 4.99 -20.5481
    endloop
  endfacet
  facet normal 0 1 0
    outer loop
      vertex 18.7805 4.99 -20.5557
      vertex 18.7607 4.99 -20.5511
      vertex 18.7621 4.99 -20.5481
    endloop
  endfacet
  facet normal 0 1 0
    outer loop
      vertex 18.5491 4.99 -21.025
      vertex 18.7607 4.99 -20.5511
      vertex 18.7805 4.99 -20.5557
    endloop
  endfacet
  facet normal 0 1 0
    outer loop
      vertex 18.7607 4.99 -20.5511
      vertex 18.5491 4.99 -21.025
      vertex 18.5319 4.99 -21.0151
    endloop
  endfacet
  facet normal 0 1 0
    outer loop
      vertex 18.5491 4.99 -21.025
      vertex 18.2445 4.99 -21.4452
      vertex 18.5319 4.99 -21.0151
    endloop
  endfacet
  facet normal 0 1 -0
    outer loop
      vertex 18.2584 4.99 -21.46
      vertex 18.2445 4.99 -21.4452
      vertex 18.5491 4.99 -21.025
    endloop
  endfacet
  facet normal 0 1 0
    outer loop
      vertex 18.2445 4.99 -21.4452
      vertex 18.2584 4.99 -21.46
      vertex 18.2426 4.99 -21.4479
    endloop
  endfacet
  facet normal 0 1 0
    outer loop
      vertex 18.2584 4.99 -21.46
      vertex 18.2404 4.99 -21.4505
      vertex 18.2426 4.99 -21.4479
    endloop
  endfacet
  facet normal 0 1 0
    outer loop
      vertex 17.9134 4.99 -21.8534
      vertex 18.2404 4.99 -21.4505
      vertex 18.2584 4.99 -21.46
    endloop
  endfacet
  facet normal 0 1 0
    outer loop
      vertex 18.2404 4.99 -21.4505
      vertex 17.9134 4.99 -21.8534
      vertex 17.8994 4.99 -21.8394
    endloop
  endfacet
  facet normal 0 1 0
    outer loop
      vertex 17.9134 4.99 -21.8534
      vertex 17.5105 4.99 -22.1804
      vertex 17.8994 4.99 -21.8394
    endloop
  endfacet
  facet normal 0 1 -0
    outer loop
      vertex 17.52 4.99 -22.1984
      vertex 17.5105 4.99 -22.1804
      vertex 17.9134 4.99 -21.8534
    endloop
  endfacet
  facet normal 0 1 0
    outer loop
      vertex 17.5105 4.99 -22.1804
      vertex 17.52 4.99 -22.1984
      vertex 17.5079 4.99 -22.1826
    endloop
  endfacet
  facet normal 0 1 0
    outer loop
      vertex 17.52 4.99 -22.1984
      vertex 17.5052 4.99 -22.1845
      vertex 17.5079 4.99 -22.1826
    endloop
  endfacet
  facet normal 0 1 0
    outer loop
      vertex 17.085 4.99 -22.4891
      vertex 17.5052 4.99 -22.1845
      vertex 17.52 4.99 -22.1984
    endloop
  endfacet
  facet normal 0 1 0
    outer loop
      vertex 17.5052 4.99 -22.1845
      vertex 17.085 4.99 -22.4891
      vertex 17.0751 4.99 -22.4719
    endloop
  endfacet
  facet normal 0 1 0
    outer loop
      vertex 17.085 4.99 -22.4891
      vertex 16.6111 4.99 -22.7007
      vertex 17.0751 4.99 -22.4719
    endloop
  endfacet
  facet normal 0 1 -0
    outer loop
      vertex 16.6157 4.99 -22.7205
      vertex 16.6111 4.99 -22.7007
      vertex 17.085 4.99 -22.4891
    endloop
  endfacet
  facet normal 0 1 0
    outer loop
      vertex 16.6111 4.99 -22.7007
      vertex 16.6157 4.99 -22.7205
      vertex 16.6081 4.99 -22.7021
    endloop
  endfacet
  facet normal 0 1 0
    outer loop
      vertex 16.6157 4.99 -22.7205
      vertex 16.1183 4.99 -22.8684
      vertex 16.6081 4.99 -22.7021
    endloop
  endfacet
  facet normal 0 1 -0
    outer loop
      vertex 16.1203 4.99 -22.8887
      vertex 16.1183 4.99 -22.8684
      vertex 16.6157 4.99 -22.7205
    endloop
  endfacet
  facet normal 0 1 0
    outer loop
      vertex 16.1183 4.99 -22.8684
      vertex 16.1203 4.99 -22.8887
      vertex 16.1151 4.99 -22.8695
    endloop
  endfacet
  facet normal 0 1 0
    outer loop
      vertex 16.1203 4.99 -22.8887
      vertex 15.6078 4.99 -22.9704
      vertex 16.1151 4.99 -22.8695
    endloop
  endfacet
  facet normal 0 1 0
    outer loop
      vertex 15.6071 4.99 -22.9908
      vertex 15.6078 4.99 -22.9704
      vertex 16.1203 4.99 -22.8887
    endloop
  endfacet
  facet normal 0 1 0
    outer loop
      vertex 15.6078 4.99 -22.9704
      vertex 15.6071 4.99 -22.9908
      vertex 15.6045 4.99 -22.9711
    endloop
  endfacet
  facet normal 0 1 0
    outer loop
      vertex 15.6071 4.99 -22.9908
      vertex 15.6012 4.99 -22.9713
      vertex 15.6045 4.99 -22.9711
    endloop
  endfacet
  facet normal 0 1 0
    outer loop
      vertex 15.085 4.99 -23.025
      vertex 15.6012 4.99 -22.9713
      vertex 15.6071 4.99 -22.9908
    endloop
  endfacet
  facet normal 0 1 0
    outer loop
      vertex 15.6012 4.99 -22.9713
      vertex 15.085 4.99 -23.025
      vertex 15.085 4.99 -23.0051
    endloop
  endfacet
  facet normal 0 1 0
    outer loop
      vertex 14.5688 4.99 -15.0787
      vertex 15.085 4.99 -15.025
      vertex 15.085 4.99 -15.0449
    endloop
  endfacet
  facet normal 0 1 0
    outer loop
      vertex 15.085 4.99 -15.025
      vertex 14.5688 4.99 -15.0787
      vertex 14.5629 4.99 -15.0592
    endloop
  endfacet
  facet normal 0 1 -0
    outer loop
      vertex 14.5655 4.99 -15.0789
      vertex 14.5629 4.99 -15.0592
      vertex 14.5688 4.99 -15.0787
    endloop
  endfacet
  facet normal 0 1 0
    outer loop
      vertex 14.5622 4.99 -15.0796
      vertex 14.5629 4.99 -15.0592
      vertex 14.5655 4.99 -15.0789
    endloop
  endfacet
  facet normal 0 1 -0
    outer loop
      vertex 14.5622 4.99 -15.0796
      vertex 14.0497 4.99 -15.1613
      vertex 14.5629 4.99 -15.0592
    endloop
  endfacet
  facet normal 0 1 -0
    outer loop
      vertex 14.0549 4.99 -15.1805
      vertex 14.0497 4.99 -15.1613
      vertex 14.5622 4.99 -15.0796
    endloop
  endfacet
  facet normal 0 1 -0
    outer loop
      vertex 14.0517 4.99 -15.1816
      vertex 14.0497 4.99 -15.1613
      vertex 14.0549 4.99 -15.1805
    endloop
  endfacet
  facet normal 0 1 0
    outer loop
      vertex 14.0517 4.99 -15.1816
      vertex 13.5543 4.99 -15.3295
      vertex 14.0497 4.99 -15.1613
    endloop
  endfacet
  facet normal 0 1 -0
    outer loop
      vertex 13.5619 4.99 -15.3479
      vertex 13.5543 4.99 -15.3295
      vertex 14.0517 4.99 -15.1816
    endloop
  endfacet
  facet normal 0 1 -0
    outer loop
      vertex 13.5589 4.99 -15.3493
      vertex 13.5543 4.99 -15.3295
      vertex 13.5619 4.99 -15.3479
    endloop
  endfacet
  facet normal 0 1 0
    outer loop
      vertex 13.5589 4.99 -15.3493
      vertex 13.085 4.99 -15.5609
      vertex 13.5543 4.99 -15.3295
    endloop
  endfacet
  facet normal 0 1 -0
    outer loop
      vertex 13.0949 4.99 -15.5781
      vertex 13.085 4.99 -15.5609
      vertex 13.5589 4.99 -15.3493
    endloop
  endfacet
  facet normal 0 1 0
    outer loop
      vertex 12.6648 4.99 -15.8655
      vertex 13.085 4.99 -15.5609
      vertex 13.0949 4.99 -15.5781
    endloop
  endfacet
  facet normal 0 1 0
    outer loop
      vertex 13.085 4.99 -15.5609
      vertex 12.6648 4.99 -15.8655
      vertex 12.65 4.99 -15.8516
    endloop
  endfacet
  facet normal 0 1 -0
    outer loop
      vertex 12.6621 4.99 -15.8674
      vertex 12.65 4.99 -15.8516
      vertex 12.6648 4.99 -15.8655
    endloop
  endfacet
  facet normal 0 1 -0
    outer loop
      vertex 12.6595 4.99 -15.8696
      vertex 12.65 4.99 -15.8516
      vertex 12.6621 4.99 -15.8674
    endloop
  endfacet
  facet normal 0 1 0
    outer loop
      vertex 12.6595 4.99 -15.8696
      vertex 12.2566 4.99 -16.1966
      vertex 12.65 4.99 -15.8516
    endloop
  endfacet
  facet normal 0 1 -0
    outer loop
      vertex 12.2706 4.99 -16.2106
      vertex 12.2566 4.99 -16.1966
      vertex 12.6595 4.99 -15.8696
    endloop
  endfacet
  facet normal 0 1 0
    outer loop
      vertex 11.9296 4.99 -16.5995
      vertex 12.2566 4.99 -16.1966
      vertex 12.2706 4.99 -16.2106
    endloop
  endfacet
  facet normal 0 1 0
    outer loop
      vertex 12.2566 4.99 -16.1966
      vertex 11.9296 4.99 -16.5995
      vertex 11.9116 4.99 -16.59
    endloop
  endfacet
  facet normal 0 1 -0
    outer loop
      vertex 11.9274 4.99 -16.6021
      vertex 11.9116 4.99 -16.59
      vertex 11.9296 4.99 -16.5995
    endloop
  endfacet
  facet normal 0 1 -0
    outer loop
      vertex 11.9255 4.99 -16.6048
      vertex 11.9116 4.99 -16.59
      vertex 11.9274 4.99 -16.6021
    endloop
  endfacet
  facet normal 0 1 0
    outer loop
      vertex 11.9255 4.99 -16.6048
      vertex 11.6209 4.99 -17.025
      vertex 11.9116 4.99 -16.59
    endloop
  endfacet
  facet normal 0 1 -0
    outer loop
      vertex 11.6381 4.99 -17.0349
      vertex 11.6209 4.99 -17.025
      vertex 11.9255 4.99 -16.6048
    endloop
  endfacet
  facet normal 0 1 0
    outer loop
      vertex 11.4093 4.99 -17.4989
      vertex 11.6209 4.99 -17.025
      vertex 11.6381 4.99 -17.0349
    endloop
  endfacet
  facet normal 0 1 0
    outer loop
      vertex 11.6209 4.99 -17.025
      vertex 11.4093 4.99 -17.4989
      vertex 11.3895 4.99 -17.4943
    endloop
  endfacet
  facet normal 0 1 -0
    outer loop
      vertex 11.4079 4.99 -17.5019
      vertex 11.3895 4.99 -17.4943
      vertex 11.4093 4.99 -17.4989
    endloop
  endfacet
  facet normal 0 1 0
    outer loop
      vertex 11.2416 4.99 -17.9917
      vertex 11.3895 4.99 -17.4943
      vertex 11.4079 4.99 -17.5019
    endloop
  endfacet
  facet normal 0 1 0
    outer loop
      vertex 11.3895 4.99 -17.4943
      vertex 11.2416 4.99 -17.9917
      vertex 11.2213 4.99 -17.9897
    endloop
  endfacet
  facet normal 0 1 -0
    outer loop
      vertex 11.2405 4.99 -17.9949
      vertex 11.2213 4.99 -17.9897
      vertex 11.2416 4.99 -17.9917
    endloop
  endfacet
  facet normal 0 1 0
    outer loop
      vertex 11.1396 4.99 -18.5022
      vertex 11.2213 4.99 -17.9897
      vertex 11.2405 4.99 -17.9949
    endloop
  endfacet
  facet normal 0 1 -0
    outer loop
      vertex 11.1396 4.99 -18.5022
      vertex 11.1192 4.99 -18.5029
      vertex 11.2213 4.99 -17.9897
    endloop
  endfacet
  facet normal 0 1 -0
    outer loop
      vertex 11.1389 4.99 -18.5055
      vertex 11.1192 4.99 -18.5029
      vertex 11.1396 4.99 -18.5022
    endloop
  endfacet
  facet normal 0 1 -0
    outer loop
      vertex 11.1387 4.99 -18.5088
      vertex 11.1192 4.99 -18.5029
      vertex 11.1389 4.99 -18.5055
    endloop
  endfacet
  facet normal 0 1 0
    outer loop
      vertex 11.085 4.99 -19.025
      vertex 11.1387 4.99 -18.5088
      vertex 11.1049 4.99 -19.025
    endloop
  endfacet
  facet normal 0 1 0
    outer loop
      vertex 11.1387 4.99 -18.5088
      vertex 11.085 4.99 -19.025
      vertex 11.1192 4.99 -18.5029
    endloop
  endfacet
  facet normal 0 1 0
    outer loop
      vertex 11.1387 4.99 -19.5412
      vertex 11.085 4.99 -19.025
      vertex 11.1049 4.99 -19.025
    endloop
  endfacet
  facet normal 0 1 0
    outer loop
      vertex 11.1192 4.99 -19.5471
      vertex 11.1387 4.99 -19.5412
      vertex 11.1389 4.99 -19.5445
    endloop
  endfacet
  facet normal 0 1 0
    outer loop
      vertex 11.1387 4.99 -19.5412
      vertex 11.1192 4.99 -19.5471
      vertex 11.085 4.99 -19.025
    endloop
  endfacet
  facet normal 0 1 0
    outer loop
      vertex 11.1396 4.99 -19.5478
      vertex 11.1192 4.99 -19.5471
      vertex 11.1389 4.99 -19.5445
    endloop
  endfacet
  facet normal 0 1 -0
    outer loop
      vertex 11.2213 4.99 -20.0603
      vertex 11.1396 4.99 -19.5478
      vertex 11.2405 4.99 -20.0551
    endloop
  endfacet
  facet normal 0 1 0
    outer loop
      vertex 11.1396 4.99 -19.5478
      vertex 11.2213 4.99 -20.0603
      vertex 11.1192 4.99 -19.5471
    endloop
  endfacet
  facet normal 0 1 0
    outer loop
      vertex 11.2416 4.99 -20.0583
      vertex 11.2213 4.99 -20.0603
      vertex 11.2405 4.99 -20.0551
    endloop
  endfacet
  facet normal 0 1 -0
    outer loop
      vertex 11.3895 4.99 -20.5557
      vertex 11.2416 4.99 -20.0583
      vertex 11.4079 4.99 -20.5481
    endloop
  endfacet
  facet normal 0 1 0
    outer loop
      vertex 11.2416 4.99 -20.0583
      vertex 11.3895 4.99 -20.5557
      vertex 11.2213 4.99 -20.0603
    endloop
  endfacet
  facet normal 0 1 0
    outer loop
      vertex 11.4093 4.99 -20.5511
      vertex 11.3895 4.99 -20.5557
      vertex 11.4079 4.99 -20.5481
    endloop
  endfacet
  facet normal 0 1 -0
    outer loop
      vertex 11.6209 4.99 -21.025
      vertex 11.4093 4.99 -20.5511
      vertex 11.6381 4.99 -21.0151
    endloop
  endfacet
  facet normal 0 1 0
    outer loop
      vertex 11.4093 4.99 -20.5511
      vertex 11.6209 4.99 -21.025
      vertex 11.3895 4.99 -20.5557
    endloop
  endfacet
  facet normal 0 1 0
    outer loop
      vertex 11.9255 4.99 -21.4452
      vertex 11.6209 4.99 -21.025
      vertex 11.6381 4.99 -21.0151
    endloop
  endfacet
  facet normal 0 1 0
    outer loop
      vertex 11.9116 4.99 -21.46
      vertex 11.9255 4.99 -21.4452
      vertex 11.9274 4.99 -21.4479
    endloop
  endfacet
  facet normal 0 1 0
    outer loop
      vertex 11.9255 4.99 -21.4452
      vertex 11.9116 4.99 -21.46
      vertex 11.6209 4.99 -21.025
    endloop
  endfacet
  facet normal 0 1 0
    outer loop
      vertex 11.9296 4.99 -21.4505
      vertex 11.9116 4.99 -21.46
      vertex 11.9274 4.99 -21.4479
    endloop
  endfacet
  facet normal 0 1 -0
    outer loop
      vertex 12.2566 4.99 -21.8534
      vertex 11.9296 4.99 -21.4505
      vertex 12.2706 4.99 -21.8394
    endloop
  endfacet
  facet normal 0 1 0
    outer loop
      vertex 11.9296 4.99 -21.4505
      vertex 12.2566 4.99 -21.8534
      vertex 11.9116 4.99 -21.46
    endloop
  endfacet
  facet normal 0 1 0
    outer loop
      vertex 12.6595 4.99 -22.1804
      vertex 12.2566 4.99 -21.8534
      vertex 12.2706 4.99 -21.8394
    endloop
  endfacet
  facet normal 0 1 0
    outer loop
      vertex 12.65 4.99 -22.1984
      vertex 12.6595 4.99 -22.1804
      vertex 12.6621 4.99 -22.1826
    endloop
  endfacet
  facet normal 0 1 0
    outer loop
      vertex 12.6595 4.99 -22.1804
      vertex 12.65 4.99 -22.1984
      vertex 12.2566 4.99 -21.8534
    endloop
  endfacet
  facet normal 0 1 0
    outer loop
      vertex 12.6648 4.99 -22.1845
      vertex 12.65 4.99 -22.1984
      vertex 12.6621 4.99 -22.1826
    endloop
  endfacet
  facet normal 0 1 -0
    outer loop
      vertex 13.085 4.99 -22.4891
      vertex 12.6648 4.99 -22.1845
      vertex 13.0949 4.99 -22.4719
    endloop
  endfacet
  facet normal 0 1 0
    outer loop
      vertex 12.6648 4.99 -22.1845
      vertex 13.085 4.99 -22.4891
      vertex 12.65 4.99 -22.1984
    endloop
  endfacet
  facet normal 0 1 0
    outer loop
      vertex 13.5589 4.99 -22.7007
      vertex 13.085 4.99 -22.4891
      vertex 13.0949 4.99 -22.4719
    endloop
  endfacet
  facet normal 0 1 0
    outer loop
      vertex 13.5543 4.99 -22.7205
      vertex 13.5589 4.99 -22.7007
      vertex 13.5619 4.99 -22.7021
    endloop
  endfacet
  facet normal 0 1 0
    outer loop
      vertex 13.5589 4.99 -22.7007
      vertex 13.5543 4.99 -22.7205
      vertex 13.085 4.99 -22.4891
    endloop
  endfacet
  facet normal 0 1 0
    outer loop
      vertex 14.0517 4.99 -22.8684
      vertex 13.5543 4.99 -22.7205
      vertex 13.5619 4.99 -22.7021
    endloop
  endfacet
  facet normal 0 1 0
    outer loop
      vertex 14.0497 4.99 -22.8887
      vertex 14.0517 4.99 -22.8684
      vertex 14.0549 4.99 -22.8695
    endloop
  endfacet
  facet normal 0 1 0
    outer loop
      vertex 14.0517 4.99 -22.8684
      vertex 14.0497 4.99 -22.8887
      vertex 13.5543 4.99 -22.7205
    endloop
  endfacet
  facet normal 0 1 0
    outer loop
      vertex 14.5622 4.99 -22.9704
      vertex 14.0497 4.99 -22.8887
      vertex 14.0549 4.99 -22.8695
    endloop
  endfacet
  facet normal 0 1 -0
    outer loop
      vertex 14.5629 4.99 -22.9908
      vertex 14.5622 4.99 -22.9704
      vertex 14.5655 4.99 -22.9711
    endloop
  endfacet
  facet normal 0 1 0
    outer loop
      vertex 14.5622 4.99 -22.9704
      vertex 14.5629 4.99 -22.9908
      vertex 14.0497 4.99 -22.8887
    endloop
  endfacet
  facet normal 0 1 0
    outer loop
      vertex 14.5688 4.99 -22.9713
      vertex 14.5629 4.99 -22.9908
      vertex 14.5655 4.99 -22.9711
    endloop
  endfacet
  facet normal 0 1 -0
    outer loop
      vertex 15.085 4.99 -23.025
      vertex 14.5688 4.99 -22.9713
      vertex 15.085 4.99 -23.0051
    endloop
  endfacet
  facet normal 0 1 0
    outer loop
      vertex 14.5688 4.99 -22.9713
      vertex 15.085 4.99 -23.025
      vertex 14.5629 4.99 -22.9908
    endloop
  endfacet
  facet normal -0.659343 0 0.751842
    outer loop
      vertex 17.52 5 -22.1984
      vertex 17.9134 4.99 -21.8534
      vertex 17.9134 5 -21.8534
    endloop
  endfacet
  facet normal -0.659343 0 0.751842
    outer loop
      vertex 17.9134 4.99 -21.8534
      vertex 17.52 5 -22.1984
      vertex 17.52 4.99 -22.1984
    endloop
  endfacet
  facet normal 0.442238 0 0.896898
    outer loop
      vertex 13.085 5 -22.4891
      vertex 13.5543 4.99 -22.7205
      vertex 13.5543 5 -22.7205
    endloop
  endfacet
  facet normal 0.442238 0 0.896898
    outer loop
      vertex 13.5543 4.99 -22.7205
      vertex 13.085 5 -22.4891
      vertex 13.085 4.99 -22.4891
    endloop
  endfacet
  facet normal 0.555626 0 0.831432
    outer loop
      vertex 12.65 5 -22.1984
      vertex 13.085 4.99 -22.4891
      vertex 13.085 5 -22.4891
    endloop
  endfacet
  facet normal 0.555626 0 0.831432
    outer loop
      vertex 13.085 4.99 -22.4891
      vertex 12.65 5 -22.1984
      vertex 12.65 4.99 -22.1984
    endloop
  endfacet
  facet normal -0.997861 0 -0.0653646
    outer loop
      vertex 19.085 4.99 -19.025
      vertex 19.0508 5 -18.5029
      vertex 19.085 5 -19.025
    endloop
  endfacet
  facet normal -0.997861 -0 -0.0653646
    outer loop
      vertex 19.0508 5 -18.5029
      vertex 19.085 4.99 -19.025
      vertex 19.0508 4.99 -18.5029
    endloop
  endfacet
  facet normal -0.0653646 0 -0.997861
    outer loop
      vertex 15.085 4.99 -15.025
      vertex 15.6071 5 -15.0592
      vertex 15.6071 4.99 -15.0592
    endloop
  endfacet
  facet normal -0.0653646 0 -0.997861
    outer loop
      vertex 15.6071 5 -15.0592
      vertex 15.085 4.99 -15.025
      vertex 15.085 5 -15.025
    endloop
  endfacet
  facet normal -0.94691 0 -0.321498
    outer loop
      vertex 18.9487 4.99 -17.9897
      vertex 18.7805 5 -17.4943
      vertex 18.9487 5 -17.9897
    endloop
  endfacet
  facet normal -0.94691 -0 -0.321498
    outer loop
      vertex 18.7805 5 -17.4943
      vertex 18.9487 4.99 -17.9897
      vertex 18.7805 4.99 -17.4943
    endloop
  endfacet
  facet normal -0.195124 0 -0.980779
    outer loop
      vertex 15.6071 4.99 -15.0592
      vertex 16.1203 5 -15.1613
      vertex 16.1203 4.99 -15.1613
    endloop
  endfacet
  facet normal -0.195124 0 -0.980779
    outer loop
      vertex 16.1203 5 -15.1613
      vertex 15.6071 4.99 -15.0592
      vertex 15.6071 5 -15.0592
    endloop
  endfacet
  facet normal -0.659343 0 -0.751842
    outer loop
      vertex 17.52 4.99 -15.8516
      vertex 17.9134 5 -16.1966
      vertex 17.9134 4.99 -16.1966
    endloop
  endfacet
  facet normal -0.659343 0 -0.751842
    outer loop
      vertex 17.9134 5 -16.1966
      vertex 17.52 4.99 -15.8516
      vertex 17.52 5 -15.8516
    endloop
  endfacet
  facet normal 0.0653646 0 -0.997861
    outer loop
      vertex 14.5629 4.99 -15.0592
      vertex 15.085 5 -15.025
      vertex 15.085 4.99 -15.025
    endloop
  endfacet
  facet normal 0.0653646 0 -0.997861
    outer loop
      vertex 15.085 5 -15.025
      vertex 14.5629 4.99 -15.0592
      vertex 14.5629 5 -15.0592
    endloop
  endfacet
  facet normal 0.321498 0 -0.94691
    outer loop
      vertex 13.5543 4.99 -15.3295
      vertex 14.0497 5 -15.1613
      vertex 14.0497 4.99 -15.1613
    endloop
  endfacet
  facet normal 0.321498 0 -0.94691
    outer loop
      vertex 14.0497 5 -15.1613
      vertex 13.5543 4.99 -15.3295
      vertex 13.5543 5 -15.3295
    endloop
  endfacet
  facet normal 0.195124 0 -0.980779
    outer loop
      vertex 14.0497 4.99 -15.1613
      vertex 14.5629 5 -15.0592
      vertex 14.5629 4.99 -15.0592
    endloop
  endfacet
  facet normal 0.195124 0 -0.980779
    outer loop
      vertex 14.5629 5 -15.0592
      vertex 14.0497 4.99 -15.1613
      vertex 14.0497 5 -15.1613
    endloop
  endfacet
  facet normal 0.442238 0 -0.896898
    outer loop
      vertex 13.085 4.99 -15.5609
      vertex 13.5543 5 -15.3295
      vertex 13.5543 4.99 -15.3295
    endloop
  endfacet
  facet normal 0.442238 0 -0.896898
    outer loop
      vertex 13.5543 5 -15.3295
      vertex 13.085 4.99 -15.5609
      vertex 13.085 5 -15.5609
    endloop
  endfacet
  facet normal 0.980779 0 -0.195124
    outer loop
      vertex 11.2213 4.99 -17.9897
      vertex 11.1192 5 -18.5029
      vertex 11.2213 5 -17.9897
    endloop
  endfacet
  facet normal 0.980779 0 -0.195124
    outer loop
      vertex 11.1192 5 -18.5029
      vertex 11.2213 4.99 -17.9897
      vertex 11.1192 4.99 -18.5029
    endloop
  endfacet
  facet normal 0.751842 0 -0.659343
    outer loop
      vertex 12.2566 4.99 -16.1966
      vertex 11.9116 5 -16.59
      vertex 12.2566 5 -16.1966
    endloop
  endfacet
  facet normal 0.751842 0 -0.659343
    outer loop
      vertex 11.9116 5 -16.59
      vertex 12.2566 4.99 -16.1966
      vertex 11.9116 4.99 -16.59
    endloop
  endfacet
  facet normal -0.980779 0 0.195124
    outer loop
      vertex 18.9487 4.99 -20.0603
      vertex 19.0508 5 -19.5471
      vertex 18.9487 5 -20.0603
    endloop
  endfacet
  facet normal -0.980779 0 0.195124
    outer loop
      vertex 19.0508 5 -19.5471
      vertex 18.9487 4.99 -20.0603
      vertex 19.0508 4.99 -19.5471
    endloop
  endfacet
  facet normal -0.321498 0 0.94691
    outer loop
      vertex 16.1203 5 -22.8887
      vertex 16.6157 4.99 -22.7205
      vertex 16.6157 5 -22.7205
    endloop
  endfacet
  facet normal -0.321498 0 0.94691
    outer loop
      vertex 16.6157 4.99 -22.7205
      vertex 16.1203 5 -22.8887
      vertex 16.1203 4.99 -22.8887
    endloop
  endfacet
  facet normal 0.94691 -0 0.321498
    outer loop
      vertex 11.2213 4.99 -20.0603
      vertex 11.3895 5 -20.5557
      vertex 11.2213 5 -20.0603
    endloop
  endfacet
  facet normal 0.94691 0 0.321498
    outer loop
      vertex 11.3895 5 -20.5557
      vertex 11.2213 4.99 -20.0603
      vertex 11.3895 4.99 -20.5557
    endloop
  endfacet
  facet normal 0.831432 -0 0.555626
    outer loop
      vertex 11.6209 4.99 -21.025
      vertex 11.9116 5 -21.46
      vertex 11.6209 5 -21.025
    endloop
  endfacet
  facet normal 0.831432 0 0.555626
    outer loop
      vertex 11.9116 5 -21.46
      vertex 11.6209 4.99 -21.025
      vertex 11.9116 4.99 -21.46
    endloop
  endfacet
  facet normal 0.195124 0 0.980779
    outer loop
      vertex 14.0497 5 -22.8887
      vertex 14.5629 4.99 -22.9908
      vertex 14.5629 5 -22.9908
    endloop
  endfacet
  facet normal 0.195124 0 0.980779
    outer loop
      vertex 14.5629 4.99 -22.9908
      vertex 14.0497 5 -22.8887
      vertex 14.0497 4.99 -22.8887
    endloop
  endfacet
  facet normal -0.896898 0 -0.442238
    outer loop
      vertex 18.7805 4.99 -17.4943
      vertex 18.5491 5 -17.025
      vertex 18.7805 5 -17.4943
    endloop
  endfacet
  facet normal -0.896898 -0 -0.442238
    outer loop
      vertex 18.5491 5 -17.025
      vertex 18.7805 4.99 -17.4943
      vertex 18.5491 4.99 -17.025
    endloop
  endfacet
  facet normal -0.442238 0 -0.896898
    outer loop
      vertex 16.6157 4.99 -15.3295
      vertex 17.085 5 -15.5609
      vertex 17.085 4.99 -15.5609
    endloop
  endfacet
  facet normal -0.442238 0 -0.896898
    outer loop
      vertex 17.085 5 -15.5609
      vertex 16.6157 4.99 -15.3295
      vertex 16.6157 5 -15.3295
    endloop
  endfacet
  facet normal 0.94691 0 -0.321498
    outer loop
      vertex 11.3895 4.99 -17.4943
      vertex 11.2213 5 -17.9897
      vertex 11.3895 5 -17.4943
    endloop
  endfacet
  facet normal 0.94691 0 -0.321498
    outer loop
      vertex 11.2213 5 -17.9897
      vertex 11.3895 4.99 -17.4943
      vertex 11.2213 4.99 -17.9897
    endloop
  endfacet
  facet normal 0.831432 0 -0.555626
    outer loop
      vertex 11.9116 4.99 -16.59
      vertex 11.6209 5 -17.025
      vertex 11.9116 5 -16.59
    endloop
  endfacet
  facet normal 0.831432 0 -0.555626
    outer loop
      vertex 11.6209 5 -17.025
      vertex 11.9116 4.99 -16.59
      vertex 11.6209 4.99 -17.025
    endloop
  endfacet
  facet normal -0.980779 0 -0.195124
    outer loop
      vertex 19.0508 4.99 -18.5029
      vertex 18.9487 5 -17.9897
      vertex 19.0508 5 -18.5029
    endloop
  endfacet
  facet normal -0.980779 -0 -0.195124
    outer loop
      vertex 18.9487 5 -17.9897
      vertex 19.0508 4.99 -18.5029
      vertex 18.9487 4.99 -17.9897
    endloop
  endfacet
  facet normal -0.99787 0 0.0652336
    outer loop
      vertex 17.3158 0 18.7313
      vertex 17.335 3.25 19.025
      vertex 17.3158 3.25 18.7313
    endloop
  endfacet
  facet normal -0.99787 0 0.0652336
    outer loop
      vertex 17.335 3.25 19.025
      vertex 17.3158 0 18.7313
      vertex 17.335 0 19.025
    endloop
  endfacet
  facet normal 0.99787 -0 0.0652336
    outer loop
      vertex 12.835 0 19.025
      vertex 12.8542 3.25 18.7313
      vertex 12.835 3.25 19.025
    endloop
  endfacet
  facet normal 0.99787 0 0.0652336
    outer loop
      vertex 12.8542 3.25 18.7313
      vertex 12.835 0 19.025
      vertex 12.8542 0 18.7313
    endloop
  endfacet
  facet normal -0.0655719 0 0.997848
    outer loop
      vertex 15.085 3.25 16.775
      vertex 15.3787 0 16.7943
      vertex 15.3787 3.25 16.7943
    endloop
  endfacet
  facet normal -0.0655719 0 0.997848
    outer loop
      vertex 15.3787 0 16.7943
      vertex 15.085 3.25 16.775
      vertex 15.085 0 16.775
    endloop
  endfacet
  facet normal 0.0652336 0 -0.99787
    outer loop
      vertex 14.7913 0 21.2558
      vertex 15.085 3.25 21.275
      vertex 15.085 0 21.275
    endloop
  endfacet
  facet normal 0.0652336 0 -0.99787
    outer loop
      vertex 15.085 3.25 21.275
      vertex 14.7913 0 21.2558
      vertex 14.7913 3.25 21.2558
    endloop
  endfacet
  facet normal 0.751966 0 -0.659202
    outer loop
      vertex 13.494 0 20.616
      vertex 13.3 3.25 20.3947
      vertex 13.494 3.25 20.616
    endloop
  endfacet
  facet normal 0.751966 0 -0.659202
    outer loop
      vertex 13.3 3.25 20.3947
      vertex 13.494 0 20.616
      vertex 13.3 0 20.3947
    endloop
  endfacet
  facet normal -0.751966 0 0.659202
    outer loop
      vertex 16.676 0 17.434
      vertex 16.87 3.25 17.6553
      vertex 16.676 3.25 17.434
    endloop
  endfacet
  facet normal -0.751966 0 0.659202
    outer loop
      vertex 16.87 3.25 17.6553
      vertex 16.676 0 17.434
      vertex 16.87 0 17.6553
    endloop
  endfacet
  facet normal 0.659202 0 0.751966
    outer loop
      vertex 13.494 3.25 17.434
      vertex 13.7153 0 17.24
      vertex 13.7153 3.25 17.24
    endloop
  endfacet
  facet normal 0.659202 0 0.751966
    outer loop
      vertex 13.7153 0 17.24
      vertex 13.494 3.25 17.434
      vertex 13.494 0 17.434
    endloop
  endfacet
  facet normal 0.321421 0 0.946936
    outer loop
      vertex 14.224 3.25 16.9463
      vertex 14.5027 0 16.8517
      vertex 14.5027 3.25 16.8517
    endloop
  endfacet
  facet normal 0.321421 0 0.946936
    outer loop
      vertex 14.5027 0 16.8517
      vertex 14.224 3.25 16.9463
      vertex 14.224 0 16.9463
    endloop
  endfacet
  facet normal -0.896995 0 0.442042
    outer loop
      vertex 17.0336 0 17.9
      vertex 17.1637 3.25 18.164
      vertex 17.0336 3.25 17.9
    endloop
  endfacet
  facet normal -0.896995 0 0.442042
    outer loop
      vertex 17.1637 3.25 18.164
      vertex 17.0336 0 17.9
      vertex 17.1637 0 18.164
    endloop
  endfacet
  facet normal -0.831318 0 0.555797
    outer loop
      vertex 16.87 0 17.6553
      vertex 17.0336 3.25 17.9
      vertex 16.87 3.25 17.6553
    endloop
  endfacet
  facet normal -0.831318 0 0.555797
    outer loop
      vertex 17.0336 3.25 17.9
      vertex 16.87 0 17.6553
      vertex 17.0336 0 17.9
    endloop
  endfacet
  facet normal -0.442042 0 0.896995
    outer loop
      vertex 15.946 3.25 16.9463
      vertex 16.21 0 17.0764
      vertex 16.21 3.25 17.0764
    endloop
  endfacet
  facet normal -0.442042 0 0.896995
    outer loop
      vertex 16.21 0 17.0764
      vertex 15.946 3.25 16.9463
      vertex 15.946 0 16.9463
    endloop
  endfacet
  facet normal -0.321421 0 0.946936
    outer loop
      vertex 15.6673 3.25 16.8517
      vertex 15.946 0 16.9463
      vertex 15.946 3.25 16.9463
    endloop
  endfacet
  facet normal -0.321421 0 0.946936
    outer loop
      vertex 15.946 0 16.9463
      vertex 15.6673 3.25 16.8517
      vertex 15.6673 0 16.8517
    endloop
  endfacet
  facet normal -0.555797 0 0.831318
    outer loop
      vertex 16.21 3.25 17.0764
      vertex 16.4547 0 17.24
      vertex 16.4547 3.25 17.24
    endloop
  endfacet
  facet normal -0.555797 0 0.831318
    outer loop
      vertex 16.4547 0 17.24
      vertex 16.21 3.25 17.0764
      vertex 16.21 0 17.0764
    endloop
  endfacet
  facet normal 0.896995 -0 0.442042
    outer loop
      vertex 13.0063 0 18.164
      vertex 13.1364 3.25 17.9
      vertex 13.0063 3.25 18.164
    endloop
  endfacet
  facet normal 0.896995 0 0.442042
    outer loop
      vertex 13.1364 3.25 17.9
      vertex 13.0063 0 18.164
      vertex 13.1364 0 17.9
    endloop
  endfacet
  facet normal 0.946936 -0 0.321421
    outer loop
      vertex 12.9117 0 18.4427
      vertex 13.0063 3.25 18.164
      vertex 12.9117 3.25 18.4427
    endloop
  endfacet
  facet normal 0.946936 0 0.321421
    outer loop
      vertex 13.0063 3.25 18.164
      vertex 12.9117 0 18.4427
      vertex 13.0063 0 18.164
    endloop
  endfacet
  facet normal 0.442042 0 0.896995
    outer loop
      vertex 13.96 3.25 17.0764
      vertex 14.224 0 16.9463
      vertex 14.224 3.25 16.9463
    endloop
  endfacet
  facet normal 0.442042 0 0.896995
    outer loop
      vertex 14.224 0 16.9463
      vertex 13.96 3.25 17.0764
      vertex 13.96 0 17.0764
    endloop
  endfacet
  facet normal 0.19507 0 0.980789
    outer loop
      vertex 14.5027 3.25 16.8517
      vertex 14.7913 0 16.7943
      vertex 14.7913 3.25 16.7943
    endloop
  endfacet
  facet normal 0.19507 0 0.980789
    outer loop
      vertex 14.7913 0 16.7943
      vertex 14.5027 3.25 16.8517
      vertex 14.5027 0 16.8517
    endloop
  endfacet
  facet normal -0.442042 0 -0.896995
    outer loop
      vertex 15.946 0 21.1037
      vertex 16.21 3.25 20.9736
      vertex 16.21 0 20.9736
    endloop
  endfacet
  facet normal -0.442042 0 -0.896995
    outer loop
      vertex 16.21 3.25 20.9736
      vertex 15.946 0 21.1037
      vertex 15.946 3.25 21.1037
    endloop
  endfacet
  facet normal 0.321421 0 -0.946936
    outer loop
      vertex 14.224 0 21.1037
      vertex 14.5027 3.25 21.1983
      vertex 14.5027 0 21.1983
    endloop
  endfacet
  facet normal 0.321421 0 -0.946936
    outer loop
      vertex 14.5027 3.25 21.1983
      vertex 14.224 0 21.1037
      vertex 14.224 3.25 21.1037
    endloop
  endfacet
  facet normal 0.896995 0 -0.442042
    outer loop
      vertex 13.1364 0 20.15
      vertex 13.0063 3.25 19.886
      vertex 13.1364 3.25 20.15
    endloop
  endfacet
  facet normal 0.896995 0 -0.442042
    outer loop
      vertex 13.0063 3.25 19.886
      vertex 13.1364 0 20.15
      vertex 13.0063 0 19.886
    endloop
  endfacet
  facet normal -0.946936 0 0.321421
    outer loop
      vertex 17.1637 0 18.164
      vertex 17.2583 3.25 18.4427
      vertex 17.1637 3.25 18.164
    endloop
  endfacet
  facet normal -0.946936 0 0.321421
    outer loop
      vertex 17.2583 3.25 18.4427
      vertex 17.1637 0 18.164
      vertex 17.2583 0 18.4427
    endloop
  endfacet
  facet normal -0.980724 0 0.195397
    outer loop
      vertex 17.2583 0 18.4427
      vertex 17.3158 3.25 18.7313
      vertex 17.2583 3.25 18.4427
    endloop
  endfacet
  facet normal -0.980724 0 0.195397
    outer loop
      vertex 17.3158 3.25 18.7313
      vertex 17.2583 0 18.4427
      vertex 17.3158 0 18.7313
    endloop
  endfacet
  facet normal -0.19507 0 0.980789
    outer loop
      vertex 15.3787 3.25 16.7943
      vertex 15.6673 0 16.8517
      vertex 15.6673 3.25 16.8517
    endloop
  endfacet
  facet normal -0.19507 0 0.980789
    outer loop
      vertex 15.6673 0 16.8517
      vertex 15.3787 3.25 16.7943
      vertex 15.3787 0 16.7943
    endloop
  endfacet
  facet normal -0.659202 0 0.751966
    outer loop
      vertex 16.4547 3.25 17.24
      vertex 16.676 0 17.434
      vertex 16.676 3.25 17.434
    endloop
  endfacet
  facet normal -0.659202 0 0.751966
    outer loop
      vertex 16.676 0 17.434
      vertex 16.4547 3.25 17.24
      vertex 16.4547 0 17.24
    endloop
  endfacet
  facet normal 0.831318 -0 0.555797
    outer loop
      vertex 13.1364 0 17.9
      vertex 13.3 3.25 17.6553
      vertex 13.1364 3.25 17.9
    endloop
  endfacet
  facet normal 0.831318 0 0.555797
    outer loop
      vertex 13.3 3.25 17.6553
      vertex 13.1364 0 17.9
      vertex 13.3 0 17.6553
    endloop
  endfacet
  facet normal 0.751966 -0 0.659202
    outer loop
      vertex 13.3 0 17.6553
      vertex 13.494 3.25 17.434
      vertex 13.3 3.25 17.6553
    endloop
  endfacet
  facet normal 0.751966 0 0.659202
    outer loop
      vertex 13.494 3.25 17.434
      vertex 13.3 0 17.6553
      vertex 13.494 0 17.434
    endloop
  endfacet
  facet normal 0.980724 -0 0.195397
    outer loop
      vertex 12.8542 0 18.7313
      vertex 12.9117 3.25 18.4427
      vertex 12.8542 3.25 18.7313
    endloop
  endfacet
  facet normal 0.980724 0 0.195397
    outer loop
      vertex 12.9117 3.25 18.4427
      vertex 12.8542 0 18.7313
      vertex 12.9117 0 18.4427
    endloop
  endfacet
  facet normal 0.555797 0 0.831318
    outer loop
      vertex 13.7153 3.25 17.24
      vertex 13.96 0 17.0764
      vertex 13.96 3.25 17.0764
    endloop
  endfacet
  facet normal 0.555797 0 0.831318
    outer loop
      vertex 13.96 0 17.0764
      vertex 13.7153 3.25 17.24
      vertex 13.7153 0 17.24
    endloop
  endfacet
  facet normal 0.0655719 0 0.997848
    outer loop
      vertex 14.7913 3.25 16.7943
      vertex 15.085 0 16.775
      vertex 15.085 3.25 16.775
    endloop
  endfacet
  facet normal 0.0655719 0 0.997848
    outer loop
      vertex 15.085 0 16.775
      vertex 14.7913 3.25 16.7943
      vertex 14.7913 0 16.7943
    endloop
  endfacet
  facet normal -0.99787 0 -0.0652336
    outer loop
      vertex 17.335 0 19.025
      vertex 17.3158 3.25 19.3187
      vertex 17.335 3.25 19.025
    endloop
  endfacet
  facet normal -0.99787 -0 -0.0652336
    outer loop
      vertex 17.3158 3.25 19.3187
      vertex 17.335 0 19.025
      vertex 17.3158 0 19.3187
    endloop
  endfacet
  facet normal -0.0652336 0 -0.99787
    outer loop
      vertex 15.085 0 21.275
      vertex 15.3787 3.25 21.2558
      vertex 15.3787 0 21.2558
    endloop
  endfacet
  facet normal -0.0652336 0 -0.99787
    outer loop
      vertex 15.3787 3.25 21.2558
      vertex 15.085 0 21.275
      vertex 15.085 3.25 21.275
    endloop
  endfacet
  facet normal -0.321421 0 -0.946936
    outer loop
      vertex 15.6673 0 21.1983
      vertex 15.946 3.25 21.1037
      vertex 15.946 0 21.1037
    endloop
  endfacet
  facet normal -0.321421 0 -0.946936
    outer loop
      vertex 15.946 3.25 21.1037
      vertex 15.6673 0 21.1983
      vertex 15.6673 3.25 21.1983
    endloop
  endfacet
  facet normal -0.555797 0 -0.831318
    outer loop
      vertex 16.21 0 20.9736
      vertex 16.4547 3.25 20.81
      vertex 16.4547 0 20.81
    endloop
  endfacet
  facet normal -0.555797 0 -0.831318
    outer loop
      vertex 16.4547 3.25 20.81
      vertex 16.21 0 20.9736
      vertex 16.21 3.25 20.9736
    endloop
  endfacet
  facet normal -0.751966 0 -0.659202
    outer loop
      vertex 16.87 0 20.3947
      vertex 16.676 3.25 20.616
      vertex 16.87 3.25 20.3947
    endloop
  endfacet
  facet normal -0.751966 -0 -0.659202
    outer loop
      vertex 16.676 3.25 20.616
      vertex 16.87 0 20.3947
      vertex 16.676 0 20.616
    endloop
  endfacet
  facet normal -0.896995 0 -0.442042
    outer loop
      vertex 17.1637 0 19.886
      vertex 17.0336 3.25 20.15
      vertex 17.1637 3.25 19.886
    endloop
  endfacet
  facet normal -0.896995 -0 -0.442042
    outer loop
      vertex 17.0336 3.25 20.15
      vertex 17.1637 0 19.886
      vertex 17.0336 0 20.15
    endloop
  endfacet
  facet normal 0.659202 0 -0.751966
    outer loop
      vertex 13.494 0 20.616
      vertex 13.7153 3.25 20.81
      vertex 13.7153 0 20.81
    endloop
  endfacet
  facet normal 0.659202 0 -0.751966
    outer loop
      vertex 13.7153 3.25 20.81
      vertex 13.494 0 20.616
      vertex 13.494 3.25 20.616
    endloop
  endfacet
  facet normal 0.442042 0 -0.896995
    outer loop
      vertex 13.96 0 20.9736
      vertex 14.224 3.25 21.1037
      vertex 14.224 0 21.1037
    endloop
  endfacet
  facet normal 0.442042 0 -0.896995
    outer loop
      vertex 14.224 3.25 21.1037
      vertex 13.96 0 20.9736
      vertex 13.96 3.25 20.9736
    endloop
  endfacet
  facet normal 0.195397 0 -0.980724
    outer loop
      vertex 14.5027 0 21.1983
      vertex 14.7913 3.25 21.2558
      vertex 14.7913 0 21.2558
    endloop
  endfacet
  facet normal 0.195397 0 -0.980724
    outer loop
      vertex 14.7913 3.25 21.2558
      vertex 14.5027 0 21.1983
      vertex 14.5027 3.25 21.1983
    endloop
  endfacet
  facet normal 0.831318 0 -0.555797
    outer loop
      vertex 13.3 0 20.3947
      vertex 13.1364 3.25 20.15
      vertex 13.3 3.25 20.3947
    endloop
  endfacet
  facet normal 0.831318 0 -0.555797
    outer loop
      vertex 13.1364 3.25 20.15
      vertex 13.3 0 20.3947
      vertex 13.1364 0 20.15
    endloop
  endfacet
  facet normal 0.946936 0 -0.321421
    outer loop
      vertex 13.0063 0 19.886
      vertex 12.9117 3.25 19.6073
      vertex 13.0063 3.25 19.886
    endloop
  endfacet
  facet normal 0.946936 0 -0.321421
    outer loop
      vertex 12.9117 3.25 19.6073
      vertex 13.0063 0 19.886
      vertex 12.9117 0 19.6073
    endloop
  endfacet
  facet normal 0.99787 0 -0.0652336
    outer loop
      vertex 12.8542 0 19.3187
      vertex 12.835 3.25 19.025
      vertex 12.8542 3.25 19.3187
    endloop
  endfacet
  facet normal 0.99787 0 -0.0652336
    outer loop
      vertex 12.835 3.25 19.025
      vertex 12.8542 0 19.3187
      vertex 12.835 0 19.025
    endloop
  endfacet
  facet normal -0.195397 0 -0.980724
    outer loop
      vertex 15.3787 0 21.2558
      vertex 15.6673 3.25 21.1983
      vertex 15.6673 0 21.1983
    endloop
  endfacet
  facet normal -0.195397 0 -0.980724
    outer loop
      vertex 15.6673 3.25 21.1983
      vertex 15.3787 0 21.2558
      vertex 15.3787 3.25 21.2558
    endloop
  endfacet
  facet normal -0.659202 0 -0.751966
    outer loop
      vertex 16.4547 0 20.81
      vertex 16.676 3.25 20.616
      vertex 16.676 0 20.616
    endloop
  endfacet
  facet normal -0.659202 0 -0.751966
    outer loop
      vertex 16.676 3.25 20.616
      vertex 16.4547 0 20.81
      vertex 16.4547 3.25 20.81
    endloop
  endfacet
  facet normal -0.831318 0 -0.555797
    outer loop
      vertex 17.0336 0 20.15
      vertex 16.87 3.25 20.3947
      vertex 17.0336 3.25 20.15
    endloop
  endfacet
  facet normal -0.831318 -0 -0.555797
    outer loop
      vertex 16.87 3.25 20.3947
      vertex 17.0336 0 20.15
      vertex 16.87 0 20.3947
    endloop
  endfacet
  facet normal -0.980724 0 -0.195397
    outer loop
      vertex 17.3158 0 19.3187
      vertex 17.2583 3.25 19.6073
      vertex 17.3158 3.25 19.3187
    endloop
  endfacet
  facet normal -0.980724 -0 -0.195397
    outer loop
      vertex 17.2583 3.25 19.6073
      vertex 17.3158 0 19.3187
      vertex 17.2583 0 19.6073
    endloop
  endfacet
  facet normal -0.946936 0 -0.321421
    outer loop
      vertex 17.2583 0 19.6073
      vertex 17.1637 3.25 19.886
      vertex 17.2583 3.25 19.6073
    endloop
  endfacet
  facet normal -0.946936 -0 -0.321421
    outer loop
      vertex 17.1637 3.25 19.886
      vertex 17.2583 0 19.6073
      vertex 17.1637 0 19.886
    endloop
  endfacet
  facet normal 0.555797 0 -0.831318
    outer loop
      vertex 13.7153 0 20.81
      vertex 13.96 3.25 20.9736
      vertex 13.96 0 20.9736
    endloop
  endfacet
  facet normal 0.555797 0 -0.831318
    outer loop
      vertex 13.96 3.25 20.9736
      vertex 13.7153 0 20.81
      vertex 13.7153 3.25 20.81
    endloop
  endfacet
  facet normal 0.980724 0 -0.195397
    outer loop
      vertex 12.9117 0 19.6073
      vertex 12.8542 3.25 19.3187
      vertex 12.9117 3.25 19.6073
    endloop
  endfacet
  facet normal 0.980724 0 -0.195397
    outer loop
      vertex 12.8542 3.25 19.3187
      vertex 12.9117 0 19.6073
      vertex 12.8542 0 19.3187
    endloop
  endfacet
  facet normal -0.642901 0.704745 -0.300021
    outer loop
      vertex 17.1637 3.25 19.886
      vertex 18.7607 4.99 20.5511
      vertex 18.7621 4.99 20.5481
    endloop
  endfacet
  facet normal -0.636736 0.704348 -0.313785
    outer loop
      vertex 18.7607 4.99 20.5511
      vertex 17.1637 3.25 19.886
      vertex 17.0336 3.25 20.15
    endloop
  endfacet
  facet normal -0.708358 0.704328 0.0463822
    outer loop
      vertex 19.0651 4.99 19.025
      vertex 19.0313 4.99 18.5088
      vertex 17.335 3.25 19.025
    endloop
  endfacet
  facet normal -0.708694 0.704207 0.0429511
    outer loop
      vertex 17.3158 3.25 18.7313
      vertex 19.0313 4.99 18.5088
      vertex 19.0311 4.99 18.5055
    endloop
  endfacet
  facet normal -0.708372 0.704319 0.0463083
    outer loop
      vertex 19.0313 4.99 18.5088
      vertex 17.3158 3.25 18.7313
      vertex 17.335 3.25 19.025
    endloop
  endfacet
  facet normal 0.636678 0.704328 -0.313948
    outer loop
      vertex 11.6381 4.99 21.0151
      vertex 13.1364 3.25 20.15
      vertex 11.4093 4.99 20.5511
    endloop
  endfacet
  facet normal 0.313948 0.704328 0.636678
    outer loop
      vertex 13.96 3.25 17.0764
      vertex 13.5589 4.99 15.3493
      vertex 13.0949 4.99 15.5781
    endloop
  endfacet
  facet normal -0.708358 0.704328 -0.0463822
    outer loop
      vertex 19.0313 4.99 19.5412
      vertex 19.0651 4.99 19.025
      vertex 17.335 3.25 19.025
    endloop
  endfacet
  facet normal -0.696228 0.704337 -0.138477
    outer loop
      vertex 18.9295 4.99 20.0551
      vertex 19.0304 4.99 19.5478
      vertex 17.2583 3.25 19.6073
    endloop
  endfacet
  facet normal -0.533746 0.704334 -0.468005
    outer loop
      vertex 17.8994 4.99 21.8394
      vertex 18.2404 4.99 21.4505
      vertex 16.676 3.25 20.616
    endloop
  endfacet
  facet normal -0.636678 0.704328 -0.313948
    outer loop
      vertex 18.5319 4.99 21.0151
      vertex 18.7607 4.99 20.5511
      vertex 17.0336 3.25 20.15
    endloop
  endfacet
  facet normal -0.0429511 0.704207 -0.708694
    outer loop
      vertex 15.3787 3.25 21.2558
      vertex 15.6012 4.99 22.9713
      vertex 15.6045 4.99 22.9711
    endloop
  endfacet
  facet normal -0.0463083 0.704319 -0.708372
    outer loop
      vertex 15.6012 4.99 22.9713
      vertex 15.3787 3.25 21.2558
      vertex 15.085 3.25 21.275
    endloop
  endfacet
  facet normal 0.138477 0.704337 -0.696228
    outer loop
      vertex 14.5622 4.99 22.9704
      vertex 14.5027 3.25 21.1983
      vertex 14.0549 4.99 22.8695
    endloop
  endfacet
  facet normal 0.696209 0.70431 -0.138711
    outer loop
      vertex 12.8542 3.25 19.3187
      vertex 11.1396 4.99 19.5478
      vertex 12.9117 3.25 19.6073
    endloop
  endfacet
  facet normal 0.69474 0.704002 -0.147369
    outer loop
      vertex 11.1396 4.99 19.5478
      vertex 12.8542 3.25 19.3187
      vertex 11.1389 4.99 19.5445
    endloop
  endfacet
  facet normal 0.590228 0.70433 0.3944
    outer loop
      vertex 13.1364 3.25 17.9
      vertex 11.9255 4.99 16.6048
      vertex 11.6381 4.99 17.0349
    endloop
  endfacet
  facet normal -0.672187 0.704328 -0.228225
    outer loop
      vertex 18.7621 4.99 20.5481
      vertex 18.9284 4.99 20.0583
      vertex 17.1637 3.25 19.886
    endloop
  endfacet
  facet normal -0.671397 0.704245 -0.230793
    outer loop
      vertex 17.2583 3.25 19.6073
      vertex 18.9284 4.99 20.0583
      vertex 18.9295 4.99 20.0551
    endloop
  endfacet
  facet normal -0.672199 0.704335 -0.228167
    outer loop
      vertex 18.9284 4.99 20.0583
      vertex 17.2583 3.25 19.6073
      vertex 17.1637 3.25 19.886
    endloop
  endfacet
  facet normal -0.708372 0.704319 -0.0463083
    outer loop
      vertex 17.3158 3.25 19.3187
      vertex 19.0313 4.99 19.5412
      vertex 17.335 3.25 19.025
    endloop
  endfacet
  facet normal -0.708694 0.704207 -0.0429511
    outer loop
      vertex 19.0313 4.99 19.5412
      vertex 17.3158 3.25 19.3187
      vertex 19.0311 4.99 19.5445
    endloop
  endfacet
  facet normal -0.590228 0.70433 -0.3944
    outer loop
      vertex 18.2445 4.99 21.4452
      vertex 18.5319 4.99 21.0151
      vertex 17.0336 3.25 20.15
    endloop
  endfacet
  facet normal -0.54164 0.704683 -0.458311
    outer loop
      vertex 16.87 3.25 20.3947
      vertex 18.2404 4.99 21.4505
      vertex 18.2426 4.99 21.4479
    endloop
  endfacet
  facet normal -0.53379 0.704343 -0.467941
    outer loop
      vertex 18.2404 4.99 21.4505
      vertex 16.87 3.25 20.3947
      vertex 16.676 3.25 20.616
    endloop
  endfacet
  facet normal -0.0463822 0.704328 -0.708358
    outer loop
      vertex 15.085 4.99 23.0051
      vertex 15.6012 4.99 22.9713
      vertex 15.085 3.25 21.275
    endloop
  endfacet
  facet normal -0.313948 0.704328 -0.636678
    outer loop
      vertex 16.6111 4.99 22.7007
      vertex 17.0751 4.99 22.4719
      vertex 16.21 3.25 20.9736
    endloop
  endfacet
  facet normal 0.590228 0.70433 -0.3944
    outer loop
      vertex 11.9255 4.99 21.4452
      vertex 13.1364 3.25 20.15
      vertex 11.6381 4.99 21.0151
    endloop
  endfacet
  facet normal -0.408267 0.704785 0.580169
    outer loop
      vertex 17.5052 4.99 15.8655
      vertex 16.4547 3.25 17.24
      vertex 17.5079 4.99 15.8674
    endloop
  endfacet
  facet normal -0.394534 0.70435 0.590113
    outer loop
      vertex 16.4547 3.25 17.24
      vertex 17.5052 4.99 15.8655
      vertex 16.21 3.25 17.0764
    endloop
  endfacet
  facet normal 0.138474 0.704337 0.696228
    outer loop
      vertex 14.7913 3.25 16.7943
      vertex 14.5622 4.99 15.0796
      vertex 14.5027 3.25 16.8517
    endloop
  endfacet
  facet normal 0.147365 0.704022 0.69472
    outer loop
      vertex 14.5622 4.99 15.0796
      vertex 14.7913 3.25 16.7943
      vertex 14.5655 4.99 15.0789
    endloop
  endfacet
  facet normal 0.53379 0.704343 0.467941
    outer loop
      vertex 11.9296 4.99 16.5995
      vertex 13.3 3.25 17.6553
      vertex 13.494 3.25 17.434
    endloop
  endfacet
  facet normal 0.54164 0.704683 0.458311
    outer loop
      vertex 13.3 3.25 17.6553
      vertex 11.9296 4.99 16.5995
      vertex 11.9274 4.99 16.6021
    endloop
  endfacet
  facet normal 0.708372 0.704319 0.0463083
    outer loop
      vertex 12.8542 3.25 18.7313
      vertex 11.1387 4.99 18.5088
      vertex 12.835 3.25 19.025
    endloop
  endfacet
  facet normal 0.708694 0.704207 0.0429511
    outer loop
      vertex 11.1387 4.99 18.5088
      vertex 12.8542 3.25 18.7313
      vertex 11.1389 4.99 18.5055
    endloop
  endfacet
  facet normal -0.69474 0.704002 -0.147369
    outer loop
      vertex 17.3158 3.25 19.3187
      vertex 19.0304 4.99 19.5478
      vertex 19.0311 4.99 19.5445
    endloop
  endfacet
  facet normal -0.696209 0.70431 -0.138711
    outer loop
      vertex 19.0304 4.99 19.5478
      vertex 17.3158 3.25 19.3187
      vertex 17.2583 3.25 19.6073
    endloop
  endfacet
  facet normal -0.580169 0.704785 -0.408267
    outer loop
      vertex 18.2445 4.99 21.4452
      vertex 16.87 3.25 20.3947
      vertex 18.2426 4.99 21.4479
    endloop
  endfacet
  facet normal -0.590113 0.70435 -0.394534
    outer loop
      vertex 16.87 3.25 20.3947
      vertex 18.2445 4.99 21.4452
      vertex 17.0336 3.25 20.15
    endloop
  endfacet
  facet normal -0.228225 0.704328 -0.672187
    outer loop
      vertex 16.1183 4.99 22.8684
      vertex 16.6081 4.99 22.7021
      vertex 15.946 3.25 21.1037
    endloop
  endfacet
  facet normal -0.468005 0.704334 -0.533746
    outer loop
      vertex 17.5105 4.99 22.1804
      vertex 17.8994 4.99 21.8394
      vertex 16.676 3.25 20.616
    endloop
  endfacet
  facet normal 0.672187 0.704328 -0.228225
    outer loop
      vertex 11.4079 4.99 20.5481
      vertex 13.0063 3.25 19.886
      vertex 11.2416 4.99 20.0583
    endloop
  endfacet
  facet normal 0.696228 0.704337 -0.138477
    outer loop
      vertex 11.2405 4.99 20.0551
      vertex 12.9117 3.25 19.6073
      vertex 11.1396 4.99 19.5478
    endloop
  endfacet
  facet normal 0.53379 0.704343 -0.467941
    outer loop
      vertex 13.3 3.25 20.3947
      vertex 11.9296 4.99 21.4505
      vertex 13.494 3.25 20.616
    endloop
  endfacet
  facet normal 0.54164 0.704683 -0.458311
    outer loop
      vertex 11.9296 4.99 21.4505
      vertex 13.3 3.25 20.3947
      vertex 11.9274 4.99 21.4479
    endloop
  endfacet
  facet normal 0.394534 0.70435 -0.590113
    outer loop
      vertex 13.7153 3.25 20.81
      vertex 12.6648 4.99 22.1845
      vertex 13.96 3.25 20.9736
    endloop
  endfacet
  facet normal 0.408267 0.704785 -0.580169
    outer loop
      vertex 12.6648 4.99 22.1845
      vertex 13.7153 3.25 20.81
      vertex 12.6621 4.99 22.1826
    endloop
  endfacet
  facet normal 0.580169 0.704785 -0.408267
    outer loop
      vertex 13.3 3.25 20.3947
      vertex 11.9255 4.99 21.4452
      vertex 11.9274 4.99 21.4479
    endloop
  endfacet
  facet normal 0.590113 0.70435 -0.394534
    outer loop
      vertex 11.9255 4.99 21.4452
      vertex 13.3 3.25 20.3947
      vertex 13.1364 3.25 20.15
    endloop
  endfacet
  facet normal 0.230793 0.704245 -0.671397
    outer loop
      vertex 14.5027 3.25 21.1983
      vertex 14.0517 4.99 22.8684
      vertex 14.0549 4.99 22.8695
    endloop
  endfacet
  facet normal 0.228167 0.704335 -0.672199
    outer loop
      vertex 14.0517 4.99 22.8684
      vertex 14.5027 3.25 21.1983
      vertex 14.224 3.25 21.1037
    endloop
  endfacet
  facet normal 0.0463822 0.704328 -0.708358
    outer loop
      vertex 15.085 4.99 23.0051
      vertex 15.085 3.25 21.275
      vertex 14.5688 4.99 22.9713
    endloop
  endfacet
  facet normal 0.313948 0.704328 -0.636678
    outer loop
      vertex 13.5589 4.99 22.7007
      vertex 13.96 3.25 20.9736
      vertex 13.0949 4.99 22.4719
    endloop
  endfacet
  facet normal -0.636678 0.704328 0.313948
    outer loop
      vertex 18.7607 4.99 17.4989
      vertex 18.5319 4.99 17.0349
      vertex 17.0336 3.25 17.9
    endloop
  endfacet
  facet normal -0.138477 0.704337 0.696228
    outer loop
      vertex 15.6673 3.25 16.8517
      vertex 16.1151 4.99 15.1805
      vertex 15.6078 4.99 15.0796
    endloop
  endfacet
  facet normal 0.228225 0.704328 0.672187
    outer loop
      vertex 14.224 3.25 16.9463
      vertex 14.0517 4.99 15.1816
      vertex 13.5619 4.99 15.3479
    endloop
  endfacet
  facet normal 0.138477 0.704337 0.696228
    outer loop
      vertex 14.5027 3.25 16.8517
      vertex 14.5622 4.99 15.0796
      vertex 14.0549 4.99 15.1805
    endloop
  endfacet
  facet normal 0.467941 0.704343 0.53379
    outer loop
      vertex 13.7153 3.25 17.24
      vertex 12.6595 4.99 15.8696
      vertex 13.494 3.25 17.434
    endloop
  endfacet
  facet normal 0.458311 0.704683 0.54164
    outer loop
      vertex 12.6595 4.99 15.8696
      vertex 13.7153 3.25 17.24
      vertex 12.6621 4.99 15.8674
    endloop
  endfacet
  facet normal 0.3944 0.70433 0.590228
    outer loop
      vertex 13.96 3.25 17.0764
      vertex 13.0949 4.99 15.5781
      vertex 12.6648 4.99 15.8655
    endloop
  endfacet
  facet normal 0.590113 0.70435 0.394534
    outer loop
      vertex 13.3 3.25 17.6553
      vertex 11.9255 4.99 16.6048
      vertex 13.1364 3.25 17.9
    endloop
  endfacet
  facet normal 0.580169 0.704785 0.408267
    outer loop
      vertex 11.9255 4.99 16.6048
      vertex 13.3 3.25 17.6553
      vertex 11.9274 4.99 16.6021
    endloop
  endfacet
  facet normal 0.672199 0.704335 0.228167
    outer loop
      vertex 11.2416 4.99 17.9917
      vertex 12.9117 3.25 18.4427
      vertex 13.0063 3.25 18.164
    endloop
  endfacet
  facet normal 0.671397 0.704245 0.230793
    outer loop
      vertex 12.9117 3.25 18.4427
      vertex 11.2416 4.99 17.9917
      vertex 11.2405 4.99 17.9949
    endloop
  endfacet
  facet normal 0.708694 0.704207 -0.0429511
    outer loop
      vertex 12.8542 3.25 19.3187
      vertex 11.1387 4.99 19.5412
      vertex 11.1389 4.99 19.5445
    endloop
  endfacet
  facet normal 0.708372 0.704319 -0.0463083
    outer loop
      vertex 11.1387 4.99 19.5412
      vertex 12.8542 3.25 19.3187
      vertex 12.835 3.25 19.025
    endloop
  endfacet
  facet normal -0.138477 0.704337 -0.696228
    outer loop
      vertex 16.1151 4.99 22.8695
      vertex 15.6673 3.25 21.1983
      vertex 15.6078 4.99 22.9704
    endloop
  endfacet
  facet normal -0.230793 0.704245 -0.671397
    outer loop
      vertex 16.1183 4.99 22.8684
      vertex 15.6673 3.25 21.1983
      vertex 16.1151 4.99 22.8695
    endloop
  endfacet
  facet normal -0.228167 0.704335 -0.672199
    outer loop
      vertex 15.6673 3.25 21.1983
      vertex 16.1183 4.99 22.8684
      vertex 15.946 3.25 21.1037
    endloop
  endfacet
  facet normal -0.147369 0.704002 -0.69474
    outer loop
      vertex 15.6078 4.99 22.9704
      vertex 15.3787 3.25 21.2558
      vertex 15.6045 4.99 22.9711
    endloop
  endfacet
  facet normal -0.138711 0.70431 -0.696209
    outer loop
      vertex 15.3787 3.25 21.2558
      vertex 15.6078 4.99 22.9704
      vertex 15.6673 3.25 21.1983
    endloop
  endfacet
  facet normal -0.300021 0.704745 -0.642901
    outer loop
      vertex 16.6111 4.99 22.7007
      vertex 15.946 3.25 21.1037
      vertex 16.6081 4.99 22.7021
    endloop
  endfacet
  facet normal -0.313785 0.704348 -0.636736
    outer loop
      vertex 15.946 3.25 21.1037
      vertex 16.6111 4.99 22.7007
      vertex 16.21 3.25 20.9736
    endloop
  endfacet
  facet normal -0.3944 0.70433 -0.590228
    outer loop
      vertex 17.0751 4.99 22.4719
      vertex 17.5052 4.99 22.1845
      vertex 16.21 3.25 20.9736
    endloop
  endfacet
  facet normal -0.458311 0.704683 -0.54164
    outer loop
      vertex 17.5105 4.99 22.1804
      vertex 16.4547 3.25 20.81
      vertex 17.5079 4.99 22.1826
    endloop
  endfacet
  facet normal -0.467941 0.704343 -0.53379
    outer loop
      vertex 16.4547 3.25 20.81
      vertex 17.5105 4.99 22.1804
      vertex 16.676 3.25 20.616
    endloop
  endfacet
  facet normal -0.408267 0.704785 -0.580169
    outer loop
      vertex 16.4547 3.25 20.81
      vertex 17.5052 4.99 22.1845
      vertex 17.5079 4.99 22.1826
    endloop
  endfacet
  facet normal -0.394534 0.70435 -0.590113
    outer loop
      vertex 17.5052 4.99 22.1845
      vertex 16.4547 3.25 20.81
      vertex 16.21 3.25 20.9736
    endloop
  endfacet
  facet normal 0.672199 0.704335 -0.228167
    outer loop
      vertex 12.9117 3.25 19.6073
      vertex 11.2416 4.99 20.0583
      vertex 13.0063 3.25 19.886
    endloop
  endfacet
  facet normal 0.671397 0.704245 -0.230793
    outer loop
      vertex 11.2416 4.99 20.0583
      vertex 12.9117 3.25 19.6073
      vertex 11.2405 4.99 20.0551
    endloop
  endfacet
  facet normal 0.468005 0.704334 -0.533746
    outer loop
      vertex 12.6595 4.99 22.1804
      vertex 13.494 3.25 20.616
      vertex 12.2706 4.99 21.8394
    endloop
  endfacet
  facet normal 0.458311 0.704683 -0.54164
    outer loop
      vertex 13.7153 3.25 20.81
      vertex 12.6595 4.99 22.1804
      vertex 12.6621 4.99 22.1826
    endloop
  endfacet
  facet normal 0.467941 0.704343 -0.53379
    outer loop
      vertex 12.6595 4.99 22.1804
      vertex 13.7153 3.25 20.81
      vertex 13.494 3.25 20.616
    endloop
  endfacet
  facet normal 0.0463083 0.704319 -0.708372
    outer loop
      vertex 14.7913 3.25 21.2558
      vertex 14.5688 4.99 22.9713
      vertex 15.085 3.25 21.275
    endloop
  endfacet
  facet normal 0.0429511 0.704207 -0.708694
    outer loop
      vertex 14.5688 4.99 22.9713
      vertex 14.7913 3.25 21.2558
      vertex 14.5655 4.99 22.9711
    endloop
  endfacet
  facet normal 0.147369 0.704002 -0.69474
    outer loop
      vertex 14.7913 3.25 21.2558
      vertex 14.5622 4.99 22.9704
      vertex 14.5655 4.99 22.9711
    endloop
  endfacet
  facet normal 0.138711 0.70431 -0.696209
    outer loop
      vertex 14.5622 4.99 22.9704
      vertex 14.7913 3.25 21.2558
      vertex 14.5027 3.25 21.1983
    endloop
  endfacet
  facet normal 0.228225 0.704328 -0.672187
    outer loop
      vertex 14.0517 4.99 22.8684
      vertex 14.224 3.25 21.1037
      vertex 13.5619 4.99 22.7021
    endloop
  endfacet
  facet normal 0.300021 0.704745 -0.642901
    outer loop
      vertex 14.224 3.25 21.1037
      vertex 13.5589 4.99 22.7007
      vertex 13.5619 4.99 22.7021
    endloop
  endfacet
  facet normal 0.313785 0.704348 -0.636736
    outer loop
      vertex 13.5589 4.99 22.7007
      vertex 14.224 3.25 21.1037
      vertex 13.96 3.25 20.9736
    endloop
  endfacet
  facet normal 0.3944 0.70433 -0.590228
    outer loop
      vertex 13.0949 4.99 22.4719
      vertex 13.96 3.25 20.9736
      vertex 12.6648 4.99 22.1845
    endloop
  endfacet
  facet normal -0.69474 0.704002 0.147369
    outer loop
      vertex 19.0304 4.99 18.5022
      vertex 17.3158 3.25 18.7313
      vertex 19.0311 4.99 18.5055
    endloop
  endfacet
  facet normal -0.696209 0.70431 0.138711
    outer loop
      vertex 17.3158 3.25 18.7313
      vertex 19.0304 4.99 18.5022
      vertex 17.2583 3.25 18.4427
    endloop
  endfacet
  facet normal -0.468005 0.704334 0.533746
    outer loop
      vertex 17.8994 4.99 16.2106
      vertex 17.5105 4.99 15.8696
      vertex 16.676 3.25 17.434
    endloop
  endfacet
  facet normal 0.0465466 0.704347 0.708328
    outer loop
      vertex 14.5688 4.99 15.0787
      vertex 14.7913 3.25 16.7943
      vertex 15.085 3.25 16.775
    endloop
  endfacet
  facet normal 0.0429499 0.704228 0.708674
    outer loop
      vertex 14.7913 3.25 16.7943
      vertex 14.5688 4.99 15.0787
      vertex 14.5655 4.99 15.0789
    endloop
  endfacet
  facet normal -0.313785 0.704348 0.636736
    outer loop
      vertex 16.6111 4.99 15.3493
      vertex 15.946 3.25 16.9463
      vertex 16.21 3.25 17.0764
    endloop
  endfacet
  facet normal -0.300021 0.704745 0.642901
    outer loop
      vertex 15.946 3.25 16.9463
      vertex 16.6111 4.99 15.3493
      vertex 16.6081 4.99 15.3479
    endloop
  endfacet
  facet normal -0.228225 0.704328 0.672187
    outer loop
      vertex 16.6081 4.99 15.3479
      vertex 16.1183 4.99 15.1816
      vertex 15.946 3.25 16.9463
    endloop
  endfacet
  facet normal 0.228167 0.704335 0.672199
    outer loop
      vertex 14.5027 3.25 16.8517
      vertex 14.0517 4.99 15.1816
      vertex 14.224 3.25 16.9463
    endloop
  endfacet
  facet normal 0.230793 0.704245 0.671397
    outer loop
      vertex 14.0517 4.99 15.1816
      vertex 14.5027 3.25 16.8517
      vertex 14.0549 4.99 15.1805
    endloop
  endfacet
  facet normal 0.468005 0.704334 0.533746
    outer loop
      vertex 13.494 3.25 17.434
      vertex 12.6595 4.99 15.8696
      vertex 12.2706 4.99 16.2106
    endloop
  endfacet
  facet normal 0.533746 0.704334 0.468005
    outer loop
      vertex 13.494 3.25 17.434
      vertex 12.2706 4.99 16.2106
      vertex 11.9296 4.99 16.5995
    endloop
  endfacet
  facet normal 0.394534 0.70435 0.590113
    outer loop
      vertex 12.6648 4.99 15.8655
      vertex 13.7153 3.25 17.24
      vertex 13.96 3.25 17.0764
    endloop
  endfacet
  facet normal 0.408267 0.704785 0.580169
    outer loop
      vertex 13.7153 3.25 17.24
      vertex 12.6648 4.99 15.8655
      vertex 12.6621 4.99 15.8674
    endloop
  endfacet
  facet normal 0.636678 0.704328 0.313948
    outer loop
      vertex 13.1364 3.25 17.9
      vertex 11.6381 4.99 17.0349
      vertex 11.4093 4.99 17.4989
    endloop
  endfacet
  facet normal 0.696228 0.704337 0.138477
    outer loop
      vertex 12.9117 3.25 18.4427
      vertex 11.2405 4.99 17.9949
      vertex 11.1396 4.99 18.5022
    endloop
  endfacet
  facet normal 0.708358 0.704328 -0.0463822
    outer loop
      vertex 11.1387 4.99 19.5412
      vertex 12.835 3.25 19.025
      vertex 11.1049 4.99 19.025
    endloop
  endfacet
  facet normal 0.708358 0.704328 0.0463822
    outer loop
      vertex 12.835 3.25 19.025
      vertex 11.1387 4.99 18.5088
      vertex 11.1049 4.99 19.025
    endloop
  endfacet
  facet normal 0.636736 0.704348 -0.313785
    outer loop
      vertex 13.0063 3.25 19.886
      vertex 11.4093 4.99 20.5511
      vertex 13.1364 3.25 20.15
    endloop
  endfacet
  facet normal 0.642901 0.704745 -0.300021
    outer loop
      vertex 11.4093 4.99 20.5511
      vertex 13.0063 3.25 19.886
      vertex 11.4079 4.99 20.5481
    endloop
  endfacet
  facet normal 0.533746 0.704334 -0.468005
    outer loop
      vertex 12.2706 4.99 21.8394
      vertex 13.494 3.25 20.616
      vertex 11.9296 4.99 21.4505
    endloop
  endfacet
  facet normal -0.672187 0.704328 0.228225
    outer loop
      vertex 18.9284 4.99 17.9917
      vertex 18.7621 4.99 17.5019
      vertex 17.1637 3.25 18.164
    endloop
  endfacet
  facet normal -0.696228 0.704337 0.138477
    outer loop
      vertex 19.0304 4.99 18.5022
      vertex 18.9295 4.99 17.9949
      vertex 17.2583 3.25 18.4427
    endloop
  endfacet
  facet normal -0.590113 0.70435 0.394534
    outer loop
      vertex 18.2445 4.99 16.6048
      vertex 16.87 3.25 17.6553
      vertex 17.0336 3.25 17.9
    endloop
  endfacet
  facet normal -0.580169 0.704785 0.408267
    outer loop
      vertex 16.87 3.25 17.6553
      vertex 18.2445 4.99 16.6048
      vertex 18.2426 4.99 16.6021
    endloop
  endfacet
  facet normal -0.590228 0.70433 0.3944
    outer loop
      vertex 18.5319 4.99 17.0349
      vertex 18.2445 4.99 16.6048
      vertex 17.0336 3.25 17.9
    endloop
  endfacet
  facet normal 0.0463822 0.704328 0.708358
    outer loop
      vertex 15.085 3.25 16.775
      vertex 15.085 4.99 15.0449
      vertex 14.5688 4.99 15.0787
    endloop
  endfacet
  facet normal 0.313785 0.704348 0.636736
    outer loop
      vertex 14.224 3.25 16.9463
      vertex 13.5589 4.99 15.3493
      vertex 13.96 3.25 17.0764
    endloop
  endfacet
  facet normal 0.300021 0.704745 0.642901
    outer loop
      vertex 13.5589 4.99 15.3493
      vertex 14.224 3.25 16.9463
      vertex 13.5619 4.99 15.3479
    endloop
  endfacet
  facet normal 0.672187 0.704328 0.228225
    outer loop
      vertex 13.0063 3.25 18.164
      vertex 11.4079 4.99 17.5019
      vertex 11.2416 4.99 17.9917
    endloop
  endfacet
  facet normal 0.636736 0.704348 0.313785
    outer loop
      vertex 11.4093 4.99 17.4989
      vertex 13.0063 3.25 18.164
      vertex 13.1364 3.25 17.9
    endloop
  endfacet
  facet normal 0.642901 0.704745 0.300021
    outer loop
      vertex 13.0063 3.25 18.164
      vertex 11.4093 4.99 17.4989
      vertex 11.4079 4.99 17.5019
    endloop
  endfacet
  facet normal -0.671397 0.704245 0.230793
    outer loop
      vertex 18.9284 4.99 17.9917
      vertex 17.2583 3.25 18.4427
      vertex 18.9295 4.99 17.9949
    endloop
  endfacet
  facet normal -0.672199 0.704335 0.228167
    outer loop
      vertex 17.2583 3.25 18.4427
      vertex 18.9284 4.99 17.9917
      vertex 17.1637 3.25 18.164
    endloop
  endfacet
  facet normal -0.533746 0.704334 0.468005
    outer loop
      vertex 18.2404 4.99 16.5995
      vertex 17.8994 4.99 16.2106
      vertex 16.676 3.25 17.434
    endloop
  endfacet
  facet normal -0.54164 0.704683 0.458311
    outer loop
      vertex 18.2404 4.99 16.5995
      vertex 16.87 3.25 17.6553
      vertex 18.2426 4.99 16.6021
    endloop
  endfacet
  facet normal -0.53379 0.704343 0.467941
    outer loop
      vertex 16.87 3.25 17.6553
      vertex 18.2404 4.99 16.5995
      vertex 16.676 3.25 17.434
    endloop
  endfacet
  facet normal -0.313948 0.704328 0.636678
    outer loop
      vertex 17.0751 4.99 15.5781
      vertex 16.6111 4.99 15.3493
      vertex 16.21 3.25 17.0764
    endloop
  endfacet
  facet normal -0.3944 0.70433 0.590228
    outer loop
      vertex 17.5052 4.99 15.8655
      vertex 17.0751 4.99 15.5781
      vertex 16.21 3.25 17.0764
    endloop
  endfacet
  facet normal 0.69474 0.704002 0.147369
    outer loop
      vertex 12.8542 3.25 18.7313
      vertex 11.1396 4.99 18.5022
      vertex 11.1389 4.99 18.5055
    endloop
  endfacet
  facet normal 0.696209 0.70431 0.138711
    outer loop
      vertex 11.1396 4.99 18.5022
      vertex 12.8542 3.25 18.7313
      vertex 12.9117 3.25 18.4427
    endloop
  endfacet
  facet normal -0.642901 0.704745 0.300021
    outer loop
      vertex 18.7607 4.99 17.4989
      vertex 17.1637 3.25 18.164
      vertex 18.7621 4.99 17.5019
    endloop
  endfacet
  facet normal -0.636736 0.704348 0.313785
    outer loop
      vertex 17.1637 3.25 18.164
      vertex 18.7607 4.99 17.4989
      vertex 17.0336 3.25 17.9
    endloop
  endfacet
  facet normal -0.467941 0.704343 0.53379
    outer loop
      vertex 17.5105 4.99 15.8696
      vertex 16.4547 3.25 17.24
      vertex 16.676 3.25 17.434
    endloop
  endfacet
  facet normal -0.458311 0.704683 0.54164
    outer loop
      vertex 16.4547 3.25 17.24
      vertex 17.5105 4.99 15.8696
      vertex 17.5079 4.99 15.8674
    endloop
  endfacet
  facet normal -0.228167 0.704335 0.672199
    outer loop
      vertex 16.1183 4.99 15.1816
      vertex 15.6673 3.25 16.8517
      vertex 15.946 3.25 16.9463
    endloop
  endfacet
  facet normal -0.230793 0.704245 0.671397
    outer loop
      vertex 15.6673 3.25 16.8517
      vertex 16.1183 4.99 15.1816
      vertex 16.1151 4.99 15.1805
    endloop
  endfacet
  facet normal -0.0463822 0.704328 0.708358
    outer loop
      vertex 15.6012 4.99 15.0787
      vertex 15.085 4.99 15.0449
      vertex 15.085 3.25 16.775
    endloop
  endfacet
  facet normal -0.0429499 0.704228 0.708674
    outer loop
      vertex 15.6012 4.99 15.0787
      vertex 15.3787 3.25 16.7943
      vertex 15.6045 4.99 15.0789
    endloop
  endfacet
  facet normal -0.0465466 0.704347 0.708328
    outer loop
      vertex 15.3787 3.25 16.7943
      vertex 15.6012 4.99 15.0787
      vertex 15.085 3.25 16.775
    endloop
  endfacet
  facet normal -0.138474 0.704337 0.696228
    outer loop
      vertex 15.6078 4.99 15.0796
      vertex 15.3787 3.25 16.7943
      vertex 15.6673 3.25 16.8517
    endloop
  endfacet
  facet normal -0.147365 0.704022 0.69472
    outer loop
      vertex 15.3787 3.25 16.7943
      vertex 15.6078 4.99 15.0796
      vertex 15.6045 4.99 15.0789
    endloop
  endfacet
  facet normal -0.555626 0 0.831432
    outer loop
      vertex 17.085 5 15.5609
      vertex 17.52 4.99 15.8516
      vertex 17.52 5 15.8516
    endloop
  endfacet
  facet normal -0.555626 0 0.831432
    outer loop
      vertex 17.52 4.99 15.8516
      vertex 17.085 5 15.5609
      vertex 17.085 4.99 15.5609
    endloop
  endfacet
  facet normal 0.321498 0 0.94691
    outer loop
      vertex 13.5543 5 15.3295
      vertex 14.0497 4.99 15.1613
      vertex 14.0497 5 15.1613
    endloop
  endfacet
  facet normal 0.321498 0 0.94691
    outer loop
      vertex 14.0497 4.99 15.1613
      vertex 13.5543 5 15.3295
      vertex 13.5543 4.99 15.3295
    endloop
  endfacet
  facet normal 0.896898 -0 0.442238
    outer loop
      vertex 11.3895 4.99 17.4943
      vertex 11.6209 5 17.025
      vertex 11.3895 5 17.4943
    endloop
  endfacet
  facet normal 0.896898 0 0.442238
    outer loop
      vertex 11.6209 5 17.025
      vertex 11.3895 4.99 17.4943
      vertex 11.6209 4.99 17.025
    endloop
  endfacet
  facet normal 0.896898 0 -0.442238
    outer loop
      vertex 11.6209 4.99 21.025
      vertex 11.3895 5 20.5557
      vertex 11.6209 5 21.025
    endloop
  endfacet
  facet normal 0.896898 0 -0.442238
    outer loop
      vertex 11.3895 5 20.5557
      vertex 11.6209 4.99 21.025
      vertex 11.3895 4.99 20.5557
    endloop
  endfacet
  facet normal -0.94691 0 0.321498
    outer loop
      vertex 18.7805 4.99 17.4943
      vertex 18.9487 5 17.9897
      vertex 18.7805 5 17.4943
    endloop
  endfacet
  facet normal -0.94691 0 0.321498
    outer loop
      vertex 18.9487 5 17.9897
      vertex 18.7805 4.99 17.4943
      vertex 18.9487 4.99 17.9897
    endloop
  endfacet
  facet normal -0.896898 0 0.442238
    outer loop
      vertex 18.5491 4.99 17.025
      vertex 18.7805 5 17.4943
      vertex 18.5491 5 17.025
    endloop
  endfacet
  facet normal -0.896898 0 0.442238
    outer loop
      vertex 18.7805 5 17.4943
      vertex 18.5491 4.99 17.025
      vertex 18.7805 4.99 17.4943
    endloop
  endfacet
  facet normal -0.831432 0 0.555626
    outer loop
      vertex 18.2584 4.99 16.59
      vertex 18.5491 5 17.025
      vertex 18.2584 5 16.59
    endloop
  endfacet
  facet normal -0.831432 0 0.555626
    outer loop
      vertex 18.5491 5 17.025
      vertex 18.2584 4.99 16.59
      vertex 18.5491 4.99 17.025
    endloop
  endfacet
  facet normal -0.751842 0 0.659343
    outer loop
      vertex 17.9134 4.99 16.1966
      vertex 18.2584 5 16.59
      vertex 17.9134 5 16.1966
    endloop
  endfacet
  facet normal -0.751842 0 0.659343
    outer loop
      vertex 18.2584 5 16.59
      vertex 17.9134 4.99 16.1966
      vertex 18.2584 4.99 16.59
    endloop
  endfacet
  facet normal -0.442238 0 0.896898
    outer loop
      vertex 16.6157 5 15.3295
      vertex 17.085 4.99 15.5609
      vertex 17.085 5 15.5609
    endloop
  endfacet
  facet normal -0.442238 0 0.896898
    outer loop
      vertex 17.085 4.99 15.5609
      vertex 16.6157 5 15.3295
      vertex 16.6157 4.99 15.3295
    endloop
  endfacet
  facet normal -0.0653646 0 0.997861
    outer loop
      vertex 15.085 5 15.025
      vertex 15.6071 4.99 15.0592
      vertex 15.6071 5 15.0592
    endloop
  endfacet
  facet normal -0.0653646 0 0.997861
    outer loop
      vertex 15.6071 4.99 15.0592
      vertex 15.085 5 15.025
      vertex 15.085 4.99 15.025
    endloop
  endfacet
  facet normal -0.195124 0 0.980779
    outer loop
      vertex 15.6071 5 15.0592
      vertex 16.1203 4.99 15.1613
      vertex 16.1203 5 15.1613
    endloop
  endfacet
  facet normal -0.195124 0 0.980779
    outer loop
      vertex 16.1203 4.99 15.1613
      vertex 15.6071 5 15.0592
      vertex 15.6071 4.99 15.0592
    endloop
  endfacet
  facet normal 0.997861 -0 0.0653646
    outer loop
      vertex 11.085 4.99 19.025
      vertex 11.1192 5 18.5029
      vertex 11.085 5 19.025
    endloop
  endfacet
  facet normal 0.997861 0 0.0653646
    outer loop
      vertex 11.1192 5 18.5029
      vertex 11.085 4.99 19.025
      vertex 11.1192 4.99 18.5029
    endloop
  endfacet
  facet normal 0.980779 -0 0.195124
    outer loop
      vertex 11.1192 4.99 18.5029
      vertex 11.2213 5 17.9897
      vertex 11.1192 5 18.5029
    endloop
  endfacet
  facet normal 0.980779 0 0.195124
    outer loop
      vertex 11.2213 5 17.9897
      vertex 11.1192 4.99 18.5029
      vertex 11.2213 4.99 17.9897
    endloop
  endfacet
  facet normal 0.751842 -0 0.659343
    outer loop
      vertex 11.9116 4.99 16.59
      vertex 12.2566 5 16.1966
      vertex 11.9116 5 16.59
    endloop
  endfacet
  facet normal 0.751842 0 0.659343
    outer loop
      vertex 12.2566 5 16.1966
      vertex 11.9116 4.99 16.59
      vertex 12.2566 4.99 16.1966
    endloop
  endfacet
  facet normal 0.0653646 0 0.997861
    outer loop
      vertex 14.5629 5 15.0592
      vertex 15.085 4.99 15.025
      vertex 15.085 5 15.025
    endloop
  endfacet
  facet normal 0.0653646 0 0.997861
    outer loop
      vertex 15.085 4.99 15.025
      vertex 14.5629 5 15.0592
      vertex 14.5629 4.99 15.0592
    endloop
  endfacet
  facet normal 0.659343 0 0.751842
    outer loop
      vertex 12.2566 5 16.1966
      vertex 12.65 4.99 15.8516
      vertex 12.65 5 15.8516
    endloop
  endfacet
  facet normal 0.659343 0 0.751842
    outer loop
      vertex 12.65 4.99 15.8516
      vertex 12.2566 5 16.1966
      vertex 12.2566 4.99 16.1966
    endloop
  endfacet
  facet normal -0.997861 0 0.0653646
    outer loop
      vertex 19.0508 4.99 18.5029
      vertex 19.085 5 19.025
      vertex 19.0508 5 18.5029
    endloop
  endfacet
  facet normal -0.997861 0 0.0653646
    outer loop
      vertex 19.085 5 19.025
      vertex 19.0508 4.99 18.5029
      vertex 19.085 4.99 19.025
    endloop
  endfacet
  facet normal -0.831432 0 -0.555626
    outer loop
      vertex 18.5491 4.99 21.025
      vertex 18.2584 5 21.46
      vertex 18.5491 5 21.025
    endloop
  endfacet
  facet normal -0.831432 -0 -0.555626
    outer loop
      vertex 18.2584 5 21.46
      vertex 18.5491 4.99 21.025
      vertex 18.2584 4.99 21.46
    endloop
  endfacet
  facet normal -0.321498 0 -0.94691
    outer loop
      vertex 16.1203 4.99 22.8887
      vertex 16.6157 5 22.7205
      vertex 16.6157 4.99 22.7205
    endloop
  endfacet
  facet normal -0.321498 0 -0.94691
    outer loop
      vertex 16.6157 5 22.7205
      vertex 16.1203 4.99 22.8887
      vertex 16.1203 5 22.8887
    endloop
  endfacet
  facet normal -0.751842 0 -0.659343
    outer loop
      vertex 18.2584 4.99 21.46
      vertex 17.9134 5 21.8534
      vertex 18.2584 5 21.46
    endloop
  endfacet
  facet normal -0.751842 -0 -0.659343
    outer loop
      vertex 17.9134 5 21.8534
      vertex 18.2584 4.99 21.46
      vertex 17.9134 4.99 21.8534
    endloop
  endfacet
  facet normal -0.555626 0 -0.831432
    outer loop
      vertex 17.085 4.99 22.4891
      vertex 17.52 5 22.1984
      vertex 17.52 4.99 22.1984
    endloop
  endfacet
  facet normal -0.555626 0 -0.831432
    outer loop
      vertex 17.52 5 22.1984
      vertex 17.085 4.99 22.4891
      vertex 17.085 5 22.4891
    endloop
  endfacet
  facet normal 0.555626 0 -0.831432
    outer loop
      vertex 12.65 4.99 22.1984
      vertex 13.085 5 22.4891
      vertex 13.085 4.99 22.4891
    endloop
  endfacet
  facet normal 0.555626 0 -0.831432
    outer loop
      vertex 13.085 5 22.4891
      vertex 12.65 4.99 22.1984
      vertex 12.65 5 22.1984
    endloop
  endfacet
  facet normal 0.659343 0 -0.751842
    outer loop
      vertex 12.2566 4.99 21.8534
      vertex 12.65 5 22.1984
      vertex 12.65 4.99 22.1984
    endloop
  endfacet
  facet normal 0.659343 0 -0.751842
    outer loop
      vertex 12.65 5 22.1984
      vertex 12.2566 4.99 21.8534
      vertex 12.2566 5 21.8534
    endloop
  endfacet
  facet normal 0.997861 0 -0.0653646
    outer loop
      vertex 11.1192 4.99 19.5471
      vertex 11.085 5 19.025
      vertex 11.1192 5 19.5471
    endloop
  endfacet
  facet normal 0.997861 0 -0.0653646
    outer loop
      vertex 11.085 5 19.025
      vertex 11.1192 4.99 19.5471
      vertex 11.085 4.99 19.025
    endloop
  endfacet
  facet normal 0 1 -0
    outer loop
      vertex 15.6012 4.99 22.9713
      vertex 15.085 4.99 23.025
      vertex 15.6071 4.99 22.9908
    endloop
  endfacet
  facet normal 0 1 0
    outer loop
      vertex 15.085 4.99 23.025
      vertex 15.6012 4.99 22.9713
      vertex 15.085 4.99 23.0051
    endloop
  endfacet
  facet normal 0 1 0
    outer loop
      vertex 15.6071 4.99 22.9908
      vertex 15.6045 4.99 22.9711
      vertex 15.6012 4.99 22.9713
    endloop
  endfacet
  facet normal 0 1 0
    outer loop
      vertex 15.6071 4.99 22.9908
      vertex 15.6078 4.99 22.9704
      vertex 15.6045 4.99 22.9711
    endloop
  endfacet
  facet normal 0 1 0
    outer loop
      vertex 16.1203 4.99 22.8887
      vertex 15.6078 4.99 22.9704
      vertex 15.6071 4.99 22.9908
    endloop
  endfacet
  facet normal 0 1 0
    outer loop
      vertex 16.1203 4.99 22.8887
      vertex 16.1151 4.99 22.8695
      vertex 15.6078 4.99 22.9704
    endloop
  endfacet
  facet normal 0 1 0
    outer loop
      vertex 16.1203 4.99 22.8887
      vertex 16.1183 4.99 22.8684
      vertex 16.1151 4.99 22.8695
    endloop
  endfacet
  facet normal 0 1 0
    outer loop
      vertex 16.6157 4.99 22.7205
      vertex 16.1183 4.99 22.8684
      vertex 16.1203 4.99 22.8887
    endloop
  endfacet
  facet normal 0 1 0
    outer loop
      vertex 16.6157 4.99 22.7205
      vertex 16.6081 4.99 22.7021
      vertex 16.1183 4.99 22.8684
    endloop
  endfacet
  facet normal 0 1 0
    outer loop
      vertex 16.6157 4.99 22.7205
      vertex 16.6111 4.99 22.7007
      vertex 16.6081 4.99 22.7021
    endloop
  endfacet
  facet normal 0 1 0
    outer loop
      vertex 17.085 4.99 22.4891
      vertex 16.6111 4.99 22.7007
      vertex 16.6157 4.99 22.7205
    endloop
  endfacet
  facet normal 0 1 0
    outer loop
      vertex 17.085 4.99 22.4891
      vertex 17.0751 4.99 22.4719
      vertex 16.6111 4.99 22.7007
    endloop
  endfacet
  facet normal 0 1 -0
    outer loop
      vertex 17.5052 4.99 22.1845
      vertex 17.085 4.99 22.4891
      vertex 17.52 4.99 22.1984
    endloop
  endfacet
  facet normal 0 1 0
    outer loop
      vertex 17.085 4.99 22.4891
      vertex 17.5052 4.99 22.1845
      vertex 17.0751 4.99 22.4719
    endloop
  endfacet
  facet normal 0 1 0
    outer loop
      vertex 17.52 4.99 22.1984
      vertex 17.5079 4.99 22.1826
      vertex 17.5052 4.99 22.1845
    endloop
  endfacet
  facet normal 0 1 0
    outer loop
      vertex 17.52 4.99 22.1984
      vertex 17.5105 4.99 22.1804
      vertex 17.5079 4.99 22.1826
    endloop
  endfacet
  facet normal 0 1 0
    outer loop
      vertex 17.9134 4.99 21.8534
      vertex 17.5105 4.99 22.1804
      vertex 17.52 4.99 22.1984
    endloop
  endfacet
  facet normal 0 1 0
    outer loop
      vertex 17.9134 4.99 21.8534
      vertex 17.8994 4.99 21.8394
      vertex 17.5105 4.99 22.1804
    endloop
  endfacet
  facet normal 0 1 -0
    outer loop
      vertex 18.2404 4.99 21.4505
      vertex 17.9134 4.99 21.8534
      vertex 18.2584 4.99 21.46
    endloop
  endfacet
  facet normal 0 1 0
    outer loop
      vertex 17.9134 4.99 21.8534
      vertex 18.2404 4.99 21.4505
      vertex 17.8994 4.99 21.8394
    endloop
  endfacet
  facet normal 0 1 0
    outer loop
      vertex 18.2584 4.99 21.46
      vertex 18.2426 4.99 21.4479
      vertex 18.2404 4.99 21.4505
    endloop
  endfacet
  facet normal 0 1 0
    outer loop
      vertex 18.2584 4.99 21.46
      vertex 18.2445 4.99 21.4452
      vertex 18.2426 4.99 21.4479
    endloop
  endfacet
  facet normal 0 1 0
    outer loop
      vertex 18.5491 4.99 21.025
      vertex 18.2445 4.99 21.4452
      vertex 18.2584 4.99 21.46
    endloop
  endfacet
  facet normal 0 1 0
    outer loop
      vertex 18.5491 4.99 21.025
      vertex 18.5319 4.99 21.0151
      vertex 18.2445 4.99 21.4452
    endloop
  endfacet
  facet normal 0 1 -0
    outer loop
      vertex 18.7607 4.99 20.5511
      vertex 18.5491 4.99 21.025
      vertex 18.7805 4.99 20.5557
    endloop
  endfacet
  facet normal 0 1 0
    outer loop
      vertex 18.5491 4.99 21.025
      vertex 18.7607 4.99 20.5511
      vertex 18.5319 4.99 21.0151
    endloop
  endfacet
  facet normal 0 1 0
    outer loop
      vertex 18.7805 4.99 20.5557
      vertex 18.7621 4.99 20.5481
      vertex 18.7607 4.99 20.5511
    endloop
  endfacet
  facet normal 0 1 -0
    outer loop
      vertex 18.9284 4.99 20.0583
      vertex 18.7805 4.99 20.5557
      vertex 18.9487 4.99 20.0603
    endloop
  endfacet
  facet normal 0 1 0
    outer loop
      vertex 18.7805 4.99 20.5557
      vertex 18.9284 4.99 20.0583
      vertex 18.7621 4.99 20.5481
    endloop
  endfacet
  facet normal 0 1 0
    outer loop
      vertex 18.9487 4.99 20.0603
      vertex 18.9295 4.99 20.0551
      vertex 18.9284 4.99 20.0583
    endloop
  endfacet
  facet normal 0 1 0
    outer loop
      vertex 18.9487 4.99 20.0603
      vertex 19.0304 4.99 19.5478
      vertex 18.9295 4.99 20.0551
    endloop
  endfacet
  facet normal 0 1 0
    outer loop
      vertex 19.0508 4.99 19.5471
      vertex 19.0304 4.99 19.5478
      vertex 18.9487 4.99 20.0603
    endloop
  endfacet
  facet normal 0 1 0
    outer loop
      vertex 19.0508 4.99 19.5471
      vertex 19.0311 4.99 19.5445
      vertex 19.0304 4.99 19.5478
    endloop
  endfacet
  facet normal 0 1 0
    outer loop
      vertex 19.0508 4.99 19.5471
      vertex 19.0313 4.99 19.5412
      vertex 19.0311 4.99 19.5445
    endloop
  endfacet
  facet normal 0 1 0
    outer loop
      vertex 19.085 4.99 19.025
      vertex 19.0313 4.99 19.5412
      vertex 19.0508 4.99 19.5471
    endloop
  endfacet
  facet normal 0 1 0
    outer loop
      vertex 19.085 4.99 19.025
      vertex 19.0651 4.99 19.025
      vertex 19.0313 4.99 19.5412
    endloop
  endfacet
  facet normal 0 1 0
    outer loop
      vertex 19.085 4.99 19.025
      vertex 19.0313 4.99 18.5088
      vertex 19.0651 4.99 19.025
    endloop
  endfacet
  facet normal 0 1 -0
    outer loop
      vertex 19.0508 4.99 18.5029
      vertex 19.0313 4.99 18.5088
      vertex 19.085 4.99 19.025
    endloop
  endfacet
  facet normal 0 1 0
    outer loop
      vertex 19.0313 4.99 18.5088
      vertex 19.0508 4.99 18.5029
      vertex 19.0311 4.99 18.5055
    endloop
  endfacet
  facet normal 0 1 0
    outer loop
      vertex 19.0508 4.99 18.5029
      vertex 19.0304 4.99 18.5022
      vertex 19.0311 4.99 18.5055
    endloop
  endfacet
  facet normal 0 1 0
    outer loop
      vertex 18.9487 4.99 17.9897
      vertex 19.0304 4.99 18.5022
      vertex 19.0508 4.99 18.5029
    endloop
  endfacet
  facet normal 0 1 0
    outer loop
      vertex 19.0304 4.99 18.5022
      vertex 18.9487 4.99 17.9897
      vertex 18.9295 4.99 17.9949
    endloop
  endfacet
  facet normal 0 1 0
    outer loop
      vertex 18.9487 4.99 17.9897
      vertex 18.9284 4.99 17.9917
      vertex 18.9295 4.99 17.9949
    endloop
  endfacet
  facet normal 0 1 0
    outer loop
      vertex 18.7805 4.99 17.4943
      vertex 18.9284 4.99 17.9917
      vertex 18.9487 4.99 17.9897
    endloop
  endfacet
  facet normal 0 1 0
    outer loop
      vertex 18.9284 4.99 17.9917
      vertex 18.7805 4.99 17.4943
      vertex 18.7621 4.99 17.5019
    endloop
  endfacet
  facet normal 0 1 0
    outer loop
      vertex 18.7805 4.99 17.4943
      vertex 18.7607 4.99 17.4989
      vertex 18.7621 4.99 17.5019
    endloop
  endfacet
  facet normal 0 1 0
    outer loop
      vertex 18.5491 4.99 17.025
      vertex 18.7607 4.99 17.4989
      vertex 18.7805 4.99 17.4943
    endloop
  endfacet
  facet normal 0 1 0
    outer loop
      vertex 18.7607 4.99 17.4989
      vertex 18.5491 4.99 17.025
      vertex 18.5319 4.99 17.0349
    endloop
  endfacet
  facet normal 0 1 0
    outer loop
      vertex 18.5491 4.99 17.025
      vertex 18.2445 4.99 16.6048
      vertex 18.5319 4.99 17.0349
    endloop
  endfacet
  facet normal 0 1 -0
    outer loop
      vertex 18.2584 4.99 16.59
      vertex 18.2445 4.99 16.6048
      vertex 18.5491 4.99 17.025
    endloop
  endfacet
  facet normal 0 1 0
    outer loop
      vertex 18.2445 4.99 16.6048
      vertex 18.2584 4.99 16.59
      vertex 18.2426 4.99 16.6021
    endloop
  endfacet
  facet normal 0 1 0
    outer loop
      vertex 18.2584 4.99 16.59
      vertex 18.2404 4.99 16.5995
      vertex 18.2426 4.99 16.6021
    endloop
  endfacet
  facet normal 0 1 0
    outer loop
      vertex 17.9134 4.99 16.1966
      vertex 18.2404 4.99 16.5995
      vertex 18.2584 4.99 16.59
    endloop
  endfacet
  facet normal 0 1 0
    outer loop
      vertex 18.2404 4.99 16.5995
      vertex 17.9134 4.99 16.1966
      vertex 17.8994 4.99 16.2106
    endloop
  endfacet
  facet normal 0 1 0
    outer loop
      vertex 17.9134 4.99 16.1966
      vertex 17.5105 4.99 15.8696
      vertex 17.8994 4.99 16.2106
    endloop
  endfacet
  facet normal 0 1 -0
    outer loop
      vertex 17.52 4.99 15.8516
      vertex 17.5105 4.99 15.8696
      vertex 17.9134 4.99 16.1966
    endloop
  endfacet
  facet normal 0 1 0
    outer loop
      vertex 17.5105 4.99 15.8696
      vertex 17.52 4.99 15.8516
      vertex 17.5079 4.99 15.8674
    endloop
  endfacet
  facet normal 0 1 0
    outer loop
      vertex 17.52 4.99 15.8516
      vertex 17.5052 4.99 15.8655
      vertex 17.5079 4.99 15.8674
    endloop
  endfacet
  facet normal 0 1 0
    outer loop
      vertex 17.085 4.99 15.5609
      vertex 17.5052 4.99 15.8655
      vertex 17.52 4.99 15.8516
    endloop
  endfacet
  facet normal 0 1 0
    outer loop
      vertex 17.5052 4.99 15.8655
      vertex 17.085 4.99 15.5609
      vertex 17.0751 4.99 15.5781
    endloop
  endfacet
  facet normal 0 1 0
    outer loop
      vertex 17.085 4.99 15.5609
      vertex 16.6111 4.99 15.3493
      vertex 17.0751 4.99 15.5781
    endloop
  endfacet
  facet normal 0 1 -0
    outer loop
      vertex 16.6157 4.99 15.3295
      vertex 16.6111 4.99 15.3493
      vertex 17.085 4.99 15.5609
    endloop
  endfacet
  facet normal 0 1 0
    outer loop
      vertex 16.6111 4.99 15.3493
      vertex 16.6157 4.99 15.3295
      vertex 16.6081 4.99 15.3479
    endloop
  endfacet
  facet normal 0 1 0
    outer loop
      vertex 16.6157 4.99 15.3295
      vertex 16.1183 4.99 15.1816
      vertex 16.6081 4.99 15.3479
    endloop
  endfacet
  facet normal 0 1 -0
    outer loop
      vertex 16.1203 4.99 15.1613
      vertex 16.1183 4.99 15.1816
      vertex 16.6157 4.99 15.3295
    endloop
  endfacet
  facet normal 0 1 0
    outer loop
      vertex 16.1183 4.99 15.1816
      vertex 16.1203 4.99 15.1613
      vertex 16.1151 4.99 15.1805
    endloop
  endfacet
  facet normal 0 1 0
    outer loop
      vertex 16.1203 4.99 15.1613
      vertex 15.6078 4.99 15.0796
      vertex 16.1151 4.99 15.1805
    endloop
  endfacet
  facet normal 0 1 0
    outer loop
      vertex 15.6071 4.99 15.0592
      vertex 15.6078 4.99 15.0796
      vertex 16.1203 4.99 15.1613
    endloop
  endfacet
  facet normal 0 1 0
    outer loop
      vertex 15.6078 4.99 15.0796
      vertex 15.6071 4.99 15.0592
      vertex 15.6045 4.99 15.0789
    endloop
  endfacet
  facet normal 0 1 0
    outer loop
      vertex 15.6071 4.99 15.0592
      vertex 15.6012 4.99 15.0787
      vertex 15.6045 4.99 15.0789
    endloop
  endfacet
  facet normal 0 1 0
    outer loop
      vertex 15.085 4.99 15.025
      vertex 15.6012 4.99 15.0787
      vertex 15.6071 4.99 15.0592
    endloop
  endfacet
  facet normal 0 1 0
    outer loop
      vertex 15.6012 4.99 15.0787
      vertex 15.085 4.99 15.025
      vertex 15.085 4.99 15.0449
    endloop
  endfacet
  facet normal 0 1 0
    outer loop
      vertex 14.5688 4.99 22.9713
      vertex 15.085 4.99 23.025
      vertex 15.085 4.99 23.0051
    endloop
  endfacet
  facet normal 0 1 0
    outer loop
      vertex 15.085 4.99 23.025
      vertex 14.5688 4.99 22.9713
      vertex 14.5629 4.99 22.9908
    endloop
  endfacet
  facet normal 0 1 -0
    outer loop
      vertex 14.5655 4.99 22.9711
      vertex 14.5629 4.99 22.9908
      vertex 14.5688 4.99 22.9713
    endloop
  endfacet
  facet normal 0 1 0
    outer loop
      vertex 14.5622 4.99 22.9704
      vertex 14.5629 4.99 22.9908
      vertex 14.5655 4.99 22.9711
    endloop
  endfacet
  facet normal 0 1 -0
    outer loop
      vertex 14.5622 4.99 22.9704
      vertex 14.0497 4.99 22.8887
      vertex 14.5629 4.99 22.9908
    endloop
  endfacet
  facet normal 0 1 -0
    outer loop
      vertex 14.0549 4.99 22.8695
      vertex 14.0497 4.99 22.8887
      vertex 14.5622 4.99 22.9704
    endloop
  endfacet
  facet normal 0 1 -0
    outer loop
      vertex 14.0517 4.99 22.8684
      vertex 14.0497 4.99 22.8887
      vertex 14.0549 4.99 22.8695
    endloop
  endfacet
  facet normal 0 1 0
    outer loop
      vertex 14.0517 4.99 22.8684
      vertex 13.5543 4.99 22.7205
      vertex 14.0497 4.99 22.8887
    endloop
  endfacet
  facet normal 0 1 -0
    outer loop
      vertex 13.5619 4.99 22.7021
      vertex 13.5543 4.99 22.7205
      vertex 14.0517 4.99 22.8684
    endloop
  endfacet
  facet normal 0 1 -0
    outer loop
      vertex 13.5589 4.99 22.7007
      vertex 13.5543 4.99 22.7205
      vertex 13.5619 4.99 22.7021
    endloop
  endfacet
  facet normal 0 1 0
    outer loop
      vertex 13.5589 4.99 22.7007
      vertex 13.085 4.99 22.4891
      vertex 13.5543 4.99 22.7205
    endloop
  endfacet
  facet normal 0 1 -0
    outer loop
      vertex 13.0949 4.99 22.4719
      vertex 13.085 4.99 22.4891
      vertex 13.5589 4.99 22.7007
    endloop
  endfacet
  facet normal 0 1 0
    outer loop
      vertex 12.6648 4.99 22.1845
      vertex 13.085 4.99 22.4891
      vertex 13.0949 4.99 22.4719
    endloop
  endfacet
  facet normal 0 1 0
    outer loop
      vertex 13.085 4.99 22.4891
      vertex 12.6648 4.99 22.1845
      vertex 12.65 4.99 22.1984
    endloop
  endfacet
  facet normal 0 1 -0
    outer loop
      vertex 12.6621 4.99 22.1826
      vertex 12.65 4.99 22.1984
      vertex 12.6648 4.99 22.1845
    endloop
  endfacet
  facet normal 0 1 -0
    outer loop
      vertex 12.6595 4.99 22.1804
      vertex 12.65 4.99 22.1984
      vertex 12.6621 4.99 22.1826
    endloop
  endfacet
  facet normal 0 1 0
    outer loop
      vertex 12.6595 4.99 22.1804
      vertex 12.2566 4.99 21.8534
      vertex 12.65 4.99 22.1984
    endloop
  endfacet
  facet normal 0 1 -0
    outer loop
      vertex 12.2706 4.99 21.8394
      vertex 12.2566 4.99 21.8534
      vertex 12.6595 4.99 22.1804
    endloop
  endfacet
  facet normal 0 1 0
    outer loop
      vertex 11.9296 4.99 21.4505
      vertex 12.2566 4.99 21.8534
      vertex 12.2706 4.99 21.8394
    endloop
  endfacet
  facet normal 0 1 0
    outer loop
      vertex 12.2566 4.99 21.8534
      vertex 11.9296 4.99 21.4505
      vertex 11.9116 4.99 21.46
    endloop
  endfacet
  facet normal 0 1 -0
    outer loop
      vertex 11.9274 4.99 21.4479
      vertex 11.9116 4.99 21.46
      vertex 11.9296 4.99 21.4505
    endloop
  endfacet
  facet normal 0 1 -0
    outer loop
      vertex 11.9255 4.99 21.4452
      vertex 11.9116 4.99 21.46
      vertex 11.9274 4.99 21.4479
    endloop
  endfacet
  facet normal 0 1 0
    outer loop
      vertex 11.9255 4.99 21.4452
      vertex 11.6209 4.99 21.025
      vertex 11.9116 4.99 21.46
    endloop
  endfacet
  facet normal 0 1 -0
    outer loop
      vertex 11.6381 4.99 21.0151
      vertex 11.6209 4.99 21.025
      vertex 11.9255 4.99 21.4452
    endloop
  endfacet
  facet normal 0 1 0
    outer loop
      vertex 11.4093 4.99 20.5511
      vertex 11.6209 4.99 21.025
      vertex 11.6381 4.99 21.0151
    endloop
  endfacet
  facet normal 0 1 0
    outer loop
      vertex 11.6209 4.99 21.025
      vertex 11.4093 4.99 20.5511
      vertex 11.3895 4.99 20.5557
    endloop
  endfacet
  facet normal 0 1 -0
    outer loop
      vertex 11.4079 4.99 20.5481
      vertex 11.3895 4.99 20.5557
      vertex 11.4093 4.99 20.5511
    endloop
  endfacet
  facet normal 0 1 0
    outer loop
      vertex 11.2416 4.99 20.0583
      vertex 11.3895 4.99 20.5557
      vertex 11.4079 4.99 20.5481
    endloop
  endfacet
  facet normal 0 1 0
    outer loop
      vertex 11.3895 4.99 20.5557
      vertex 11.2416 4.99 20.0583
      vertex 11.2213 4.99 20.0603
    endloop
  endfacet
  facet normal 0 1 -0
    outer loop
      vertex 11.2405 4.99 20.0551
      vertex 11.2213 4.99 20.0603
      vertex 11.2416 4.99 20.0583
    endloop
  endfacet
  facet normal 0 1 0
    outer loop
      vertex 11.1396 4.99 19.5478
      vertex 11.2213 4.99 20.0603
      vertex 11.2405 4.99 20.0551
    endloop
  endfacet
  facet normal 0 1 -0
    outer loop
      vertex 11.1396 4.99 19.5478
      vertex 11.1192 4.99 19.5471
      vertex 11.2213 4.99 20.0603
    endloop
  endfacet
  facet normal 0 1 -0
    outer loop
      vertex 11.1389 4.99 19.5445
      vertex 11.1192 4.99 19.5471
      vertex 11.1396 4.99 19.5478
    endloop
  endfacet
  facet normal 0 1 -0
    outer loop
      vertex 11.1387 4.99 19.5412
      vertex 11.1192 4.99 19.5471
      vertex 11.1389 4.99 19.5445
    endloop
  endfacet
  facet normal 0 1 0
    outer loop
      vertex 11.085 4.99 19.025
      vertex 11.1387 4.99 19.5412
      vertex 11.1049 4.99 19.025
    endloop
  endfacet
  facet normal 0 1 0
    outer loop
      vertex 11.1387 4.99 19.5412
      vertex 11.085 4.99 19.025
      vertex 11.1192 4.99 19.5471
    endloop
  endfacet
  facet normal 0 1 0
    outer loop
      vertex 11.1387 4.99 18.5088
      vertex 11.085 4.99 19.025
      vertex 11.1049 4.99 19.025
    endloop
  endfacet
  facet normal 0 1 0
    outer loop
      vertex 11.1192 4.99 18.5029
      vertex 11.1387 4.99 18.5088
      vertex 11.1389 4.99 18.5055
    endloop
  endfacet
  facet normal 0 1 0
    outer loop
      vertex 11.1387 4.99 18.5088
      vertex 11.1192 4.99 18.5029
      vertex 11.085 4.99 19.025
    endloop
  endfacet
  facet normal 0 1 0
    outer loop
      vertex 11.1396 4.99 18.5022
      vertex 11.1192 4.99 18.5029
      vertex 11.1389 4.99 18.5055
    endloop
  endfacet
  facet normal 0 1 -0
    outer loop
      vertex 11.2213 4.99 17.9897
      vertex 11.1396 4.99 18.5022
      vertex 11.2405 4.99 17.9949
    endloop
  endfacet
  facet normal 0 1 0
    outer loop
      vertex 11.1396 4.99 18.5022
      vertex 11.2213 4.99 17.9897
      vertex 11.1192 4.99 18.5029
    endloop
  endfacet
  facet normal 0 1 0
    outer loop
      vertex 11.2416 4.99 17.9917
      vertex 11.2213 4.99 17.9897
      vertex 11.2405 4.99 17.9949
    endloop
  endfacet
  facet normal 0 1 -0
    outer loop
      vertex 11.3895 4.99 17.4943
      vertex 11.2416 4.99 17.9917
      vertex 11.4079 4.99 17.5019
    endloop
  endfacet
  facet normal 0 1 0
    outer loop
      vertex 11.2416 4.99 17.9917
      vertex 11.3895 4.99 17.4943
      vertex 11.2213 4.99 17.9897
    endloop
  endfacet
  facet normal 0 1 0
    outer loop
      vertex 11.4093 4.99 17.4989
      vertex 11.3895 4.99 17.4943
      vertex 11.4079 4.99 17.5019
    endloop
  endfacet
  facet normal 0 1 -0
    outer loop
      vertex 11.6209 4.99 17.025
      vertex 11.4093 4.99 17.4989
      vertex 11.6381 4.99 17.0349
    endloop
  endfacet
  facet normal 0 1 0
    outer loop
      vertex 11.4093 4.99 17.4989
      vertex 11.6209 4.99 17.025
      vertex 11.3895 4.99 17.4943
    endloop
  endfacet
  facet normal 0 1 0
    outer loop
      vertex 11.9255 4.99 16.6048
      vertex 11.6209 4.99 17.025
      vertex 11.6381 4.99 17.0349
    endloop
  endfacet
  facet normal 0 1 0
    outer loop
      vertex 11.9116 4.99 16.59
      vertex 11.9255 4.99 16.6048
      vertex 11.9274 4.99 16.6021
    endloop
  endfacet
  facet normal 0 1 0
    outer loop
      vertex 11.9255 4.99 16.6048
      vertex 11.9116 4.99 16.59
      vertex 11.6209 4.99 17.025
    endloop
  endfacet
  facet normal 0 1 0
    outer loop
      vertex 11.9296 4.99 16.5995
      vertex 11.9116 4.99 16.59
      vertex 11.9274 4.99 16.6021
    endloop
  endfacet
  facet normal 0 1 -0
    outer loop
      vertex 12.2566 4.99 16.1966
      vertex 11.9296 4.99 16.5995
      vertex 12.2706 4.99 16.2106
    endloop
  endfacet
  facet normal 0 1 0
    outer loop
      vertex 11.9296 4.99 16.5995
      vertex 12.2566 4.99 16.1966
      vertex 11.9116 4.99 16.59
    endloop
  endfacet
  facet normal 0 1 0
    outer loop
      vertex 12.6595 4.99 15.8696
      vertex 12.2566 4.99 16.1966
      vertex 12.2706 4.99 16.2106
    endloop
  endfacet
  facet normal 0 1 0
    outer loop
      vertex 12.65 4.99 15.8516
      vertex 12.6595 4.99 15.8696
      vertex 12.6621 4.99 15.8674
    endloop
  endfacet
  facet normal 0 1 0
    outer loop
      vertex 12.6595 4.99 15.8696
      vertex 12.65 4.99 15.8516
      vertex 12.2566 4.99 16.1966
    endloop
  endfacet
  facet normal 0 1 0
    outer loop
      vertex 12.6648 4.99 15.8655
      vertex 12.65 4.99 15.8516
      vertex 12.6621 4.99 15.8674
    endloop
  endfacet
  facet normal 0 1 -0
    outer loop
      vertex 13.085 4.99 15.5609
      vertex 12.6648 4.99 15.8655
      vertex 13.0949 4.99 15.5781
    endloop
  endfacet
  facet normal 0 1 0
    outer loop
      vertex 12.6648 4.99 15.8655
      vertex 13.085 4.99 15.5609
      vertex 12.65 4.99 15.8516
    endloop
  endfacet
  facet normal 0 1 0
    outer loop
      vertex 13.5589 4.99 15.3493
      vertex 13.085 4.99 15.5609
      vertex 13.0949 4.99 15.5781
    endloop
  endfacet
  facet normal 0 1 0
    outer loop
      vertex 13.5543 4.99 15.3295
      vertex 13.5589 4.99 15.3493
      vertex 13.5619 4.99 15.3479
    endloop
  endfacet
  facet normal 0 1 0
    outer loop
      vertex 13.5589 4.99 15.3493
      vertex 13.5543 4.99 15.3295
      vertex 13.085 4.99 15.5609
    endloop
  endfacet
  facet normal 0 1 0
    outer loop
      vertex 14.0517 4.99 15.1816
      vertex 13.5543 4.99 15.3295
      vertex 13.5619 4.99 15.3479
    endloop
  endfacet
  facet normal 0 1 0
    outer loop
      vertex 14.0497 4.99 15.1613
      vertex 14.0517 4.99 15.1816
      vertex 14.0549 4.99 15.1805
    endloop
  endfacet
  facet normal 0 1 0
    outer loop
      vertex 14.0517 4.99 15.1816
      vertex 14.0497 4.99 15.1613
      vertex 13.5543 4.99 15.3295
    endloop
  endfacet
  facet normal 0 1 0
    outer loop
      vertex 14.5622 4.99 15.0796
      vertex 14.0497 4.99 15.1613
      vertex 14.0549 4.99 15.1805
    endloop
  endfacet
  facet normal 0 1 -0
    outer loop
      vertex 14.5629 4.99 15.0592
      vertex 14.5622 4.99 15.0796
      vertex 14.5655 4.99 15.0789
    endloop
  endfacet
  facet normal 0 1 0
    outer loop
      vertex 14.5622 4.99 15.0796
      vertex 14.5629 4.99 15.0592
      vertex 14.0497 4.99 15.1613
    endloop
  endfacet
  facet normal 0 1 0
    outer loop
      vertex 14.5688 4.99 15.0787
      vertex 14.5629 4.99 15.0592
      vertex 14.5655 4.99 15.0789
    endloop
  endfacet
  facet normal 0 1 -0
    outer loop
      vertex 15.085 4.99 15.025
      vertex 14.5688 4.99 15.0787
      vertex 15.085 4.99 15.0449
    endloop
  endfacet
  facet normal 0 1 0
    outer loop
      vertex 14.5688 4.99 15.0787
      vertex 15.085 4.99 15.025
      vertex 14.5629 4.99 15.0592
    endloop
  endfacet
  facet normal -0.659343 0 0.751842
    outer loop
      vertex 17.52 5 15.8516
      vertex 17.9134 4.99 16.1966
      vertex 17.9134 5 16.1966
    endloop
  endfacet
  facet normal -0.659343 0 0.751842
    outer loop
      vertex 17.9134 4.99 16.1966
      vertex 17.52 5 15.8516
      vertex 17.52 4.99 15.8516
    endloop
  endfacet
  facet normal 0.442238 0 0.896898
    outer loop
      vertex 13.085 5 15.5609
      vertex 13.5543 4.99 15.3295
      vertex 13.5543 5 15.3295
    endloop
  endfacet
  facet normal 0.442238 0 0.896898
    outer loop
      vertex 13.5543 4.99 15.3295
      vertex 13.085 5 15.5609
      vertex 13.085 4.99 15.5609
    endloop
  endfacet
  facet normal 0.555626 0 0.831432
    outer loop
      vertex 12.65 5 15.8516
      vertex 13.085 4.99 15.5609
      vertex 13.085 5 15.5609
    endloop
  endfacet
  facet normal 0.555626 0 0.831432
    outer loop
      vertex 13.085 4.99 15.5609
      vertex 12.65 5 15.8516
      vertex 12.65 4.99 15.8516
    endloop
  endfacet
  facet normal -0.997861 0 -0.0653646
    outer loop
      vertex 19.085 4.99 19.025
      vertex 19.0508 5 19.5471
      vertex 19.085 5 19.025
    endloop
  endfacet
  facet normal -0.997861 -0 -0.0653646
    outer loop
      vertex 19.0508 5 19.5471
      vertex 19.085 4.99 19.025
      vertex 19.0508 4.99 19.5471
    endloop
  endfacet
  facet normal -0.0653646 0 -0.997861
    outer loop
      vertex 15.085 4.99 23.025
      vertex 15.6071 5 22.9908
      vertex 15.6071 4.99 22.9908
    endloop
  endfacet
  facet normal -0.0653646 0 -0.997861
    outer loop
      vertex 15.6071 5 22.9908
      vertex 15.085 4.99 23.025
      vertex 15.085 5 23.025
    endloop
  endfacet
  facet normal -0.94691 0 -0.321498
    outer loop
      vertex 18.9487 4.99 20.0603
      vertex 18.7805 5 20.5557
      vertex 18.9487 5 20.0603
    endloop
  endfacet
  facet normal -0.94691 -0 -0.321498
    outer loop
      vertex 18.7805 5 20.5557
      vertex 18.9487 4.99 20.0603
      vertex 18.7805 4.99 20.5557
    endloop
  endfacet
  facet normal -0.195124 0 -0.980779
    outer loop
      vertex 15.6071 4.99 22.9908
      vertex 16.1203 5 22.8887
      vertex 16.1203 4.99 22.8887
    endloop
  endfacet
  facet normal -0.195124 0 -0.980779
    outer loop
      vertex 16.1203 5 22.8887
      vertex 15.6071 4.99 22.9908
      vertex 15.6071 5 22.9908
    endloop
  endfacet
  facet normal -0.659343 0 -0.751842
    outer loop
      vertex 17.52 4.99 22.1984
      vertex 17.9134 5 21.8534
      vertex 17.9134 4.99 21.8534
    endloop
  endfacet
  facet normal -0.659343 0 -0.751842
    outer loop
      vertex 17.9134 5 21.8534
      vertex 17.52 4.99 22.1984
      vertex 17.52 5 22.1984
    endloop
  endfacet
  facet normal 0.0653646 0 -0.997861
    outer loop
      vertex 14.5629 4.99 22.9908
      vertex 15.085 5 23.025
      vertex 15.085 4.99 23.025
    endloop
  endfacet
  facet normal 0.0653646 0 -0.997861
    outer loop
      vertex 15.085 5 23.025
      vertex 14.5629 4.99 22.9908
      vertex 14.5629 5 22.9908
    endloop
  endfacet
  facet normal 0.321498 0 -0.94691
    outer loop
      vertex 13.5543 4.99 22.7205
      vertex 14.0497 5 22.8887
      vertex 14.0497 4.99 22.8887
    endloop
  endfacet
  facet normal 0.321498 0 -0.94691
    outer loop
      vertex 14.0497 5 22.8887
      vertex 13.5543 4.99 22.7205
      vertex 13.5543 5 22.7205
    endloop
  endfacet
  facet normal 0.195124 0 -0.980779
    outer loop
      vertex 14.0497 4.99 22.8887
      vertex 14.5629 5 22.9908
      vertex 14.5629 4.99 22.9908
    endloop
  endfacet
  facet normal 0.195124 0 -0.980779
    outer loop
      vertex 14.5629 5 22.9908
      vertex 14.0497 4.99 22.8887
      vertex 14.0497 5 22.8887
    endloop
  endfacet
  facet normal 0.442238 0 -0.896898
    outer loop
      vertex 13.085 4.99 22.4891
      vertex 13.5543 5 22.7205
      vertex 13.5543 4.99 22.7205
    endloop
  endfacet
  facet normal 0.442238 0 -0.896898
    outer loop
      vertex 13.5543 5 22.7205
      vertex 13.085 4.99 22.4891
      vertex 13.085 5 22.4891
    endloop
  endfacet
  facet normal 0.980779 0 -0.195124
    outer loop
      vertex 11.2213 4.99 20.0603
      vertex 11.1192 5 19.5471
      vertex 11.2213 5 20.0603
    endloop
  endfacet
  facet normal 0.980779 0 -0.195124
    outer loop
      vertex 11.1192 5 19.5471
      vertex 11.2213 4.99 20.0603
      vertex 11.1192 4.99 19.5471
    endloop
  endfacet
  facet normal 0.751842 0 -0.659343
    outer loop
      vertex 12.2566 4.99 21.8534
      vertex 11.9116 5 21.46
      vertex 12.2566 5 21.8534
    endloop
  endfacet
  facet normal 0.751842 0 -0.659343
    outer loop
      vertex 11.9116 5 21.46
      vertex 12.2566 4.99 21.8534
      vertex 11.9116 4.99 21.46
    endloop
  endfacet
  facet normal -0.980779 0 0.195124
    outer loop
      vertex 18.9487 4.99 17.9897
      vertex 19.0508 5 18.5029
      vertex 18.9487 5 17.9897
    endloop
  endfacet
  facet normal -0.980779 0 0.195124
    outer loop
      vertex 19.0508 5 18.5029
      vertex 18.9487 4.99 17.9897
      vertex 19.0508 4.99 18.5029
    endloop
  endfacet
  facet normal -0.321498 0 0.94691
    outer loop
      vertex 16.1203 5 15.1613
      vertex 16.6157 4.99 15.3295
      vertex 16.6157 5 15.3295
    endloop
  endfacet
  facet normal -0.321498 0 0.94691
    outer loop
      vertex 16.6157 4.99 15.3295
      vertex 16.1203 5 15.1613
      vertex 16.1203 4.99 15.1613
    endloop
  endfacet
  facet normal 0.94691 -0 0.321498
    outer loop
      vertex 11.2213 4.99 17.9897
      vertex 11.3895 5 17.4943
      vertex 11.2213 5 17.9897
    endloop
  endfacet
  facet normal 0.94691 0 0.321498
    outer loop
      vertex 11.3895 5 17.4943
      vertex 11.2213 4.99 17.9897
      vertex 11.3895 4.99 17.4943
    endloop
  endfacet
  facet normal 0.831432 -0 0.555626
    outer loop
      vertex 11.6209 4.99 17.025
      vertex 11.9116 5 16.59
      vertex 11.6209 5 17.025
    endloop
  endfacet
  facet normal 0.831432 0 0.555626
    outer loop
      vertex 11.9116 5 16.59
      vertex 11.6209 4.99 17.025
      vertex 11.9116 4.99 16.59
    endloop
  endfacet
  facet normal 0.195124 0 0.980779
    outer loop
      vertex 14.0497 5 15.1613
      vertex 14.5629 4.99 15.0592
      vertex 14.5629 5 15.0592
    endloop
  endfacet
  facet normal 0.195124 0 0.980779
    outer loop
      vertex 14.5629 4.99 15.0592
      vertex 14.0497 5 15.1613
      vertex 14.0497 4.99 15.1613
    endloop
  endfacet
  facet normal -0.896898 0 -0.442238
    outer loop
      vertex 18.7805 4.99 20.5557
      vertex 18.5491 5 21.025
      vertex 18.7805 5 20.5557
    endloop
  endfacet
  facet normal -0.896898 -0 -0.442238
    outer loop
      vertex 18.5491 5 21.025
      vertex 18.7805 4.99 20.5557
      vertex 18.5491 4.99 21.025
    endloop
  endfacet
  facet normal -0.442238 0 -0.896898
    outer loop
      vertex 16.6157 4.99 22.7205
      vertex 17.085 5 22.4891
      vertex 17.085 4.99 22.4891
    endloop
  endfacet
  facet normal -0.442238 0 -0.896898
    outer loop
      vertex 17.085 5 22.4891
      vertex 16.6157 4.99 22.7205
      vertex 16.6157 5 22.7205
    endloop
  endfacet
  facet normal 0.94691 0 -0.321498
    outer loop
      vertex 11.3895 4.99 20.5557
      vertex 11.2213 5 20.0603
      vertex 11.3895 5 20.5557
    endloop
  endfacet
  facet normal 0.94691 0 -0.321498
    outer loop
      vertex 11.2213 5 20.0603
      vertex 11.3895 4.99 20.5557
      vertex 11.2213 4.99 20.0603
    endloop
  endfacet
  facet normal 0.831432 0 -0.555626
    outer loop
      vertex 11.9116 4.99 21.46
      vertex 11.6209 5 21.025
      vertex 11.9116 5 21.46
    endloop
  endfacet
  facet normal 0.831432 0 -0.555626
    outer loop
      vertex 11.6209 5 21.025
      vertex 11.9116 4.99 21.46
      vertex 11.6209 4.99 21.025
    endloop
  endfacet
  facet normal -0.980779 0 -0.195124
    outer loop
      vertex 19.0508 4.99 19.5471
      vertex 18.9487 5 20.0603
      vertex 19.0508 5 19.5471
    endloop
  endfacet
  facet normal -0.980779 -0 -0.195124
    outer loop
      vertex 18.9487 5 20.0603
      vertex 19.0508 4.99 19.5471
      vertex 18.9487 4.99 20.0603
    endloop
  endfacet
  facet normal 0 1 0
    outer loop
      vertex -35.475 6.575 17.6
      vertex -35.475 6.575 17.725
      vertex -34.6688 6.575 17.6854
    endloop
  endfacet
  facet normal 0 1 0
    outer loop
      vertex -35.475 6.575 17.725
      vertex -35.475 6.575 17.6
      vertex -36.2812 6.575 17.6854
    endloop
  endfacet
  facet normal 0 1 0
    outer loop
      vertex -33.5365 6.575 17.3646
      vertex -34.6688 6.575 17.6854
      vertex -33.8704 6.575 17.567
    endloop
  endfacet
  facet normal 0 1 -0
    outer loop
      vertex -33.5365 6.575 17.3646
      vertex -33.8704 6.575 17.567
      vertex -33.0874 6.575 17.3708
    endloop
  endfacet
  facet normal 0 1 0
    outer loop
      vertex -34.6688 6.575 17.6854
      vertex -33.5365 6.575 17.3646
      vertex -35.475 6.575 17.6
    endloop
  endfacet
  facet normal 0 1 0
    outer loop
      vertex -32.3274 6.575 17.0989
      vertex -33.5365 6.575 17.3646
      vertex -33.0874 6.575 17.3708
    endloop
  endfacet
  facet normal 0 1 -0
    outer loop
      vertex -31.7107 6.575 16.6722
      vertex -32.3274 6.575 17.0989
      vertex -31.5978 6.575 16.7538
    endloop
  endfacet
  facet normal 0 1 0
    outer loop
      vertex -32.3274 6.575 17.0989
      vertex -31.7107 6.575 16.6722
      vertex -33.5365 6.575 17.3646
    endloop
  endfacet
  facet normal 0 1 0
    outer loop
      vertex -30.9054 6.575 16.3388
      vertex -31.7107 6.575 16.6722
      vertex -31.5978 6.575 16.7538
    endloop
  endfacet
  facet normal 0 1 0
    outer loop
      vertex -30.1037 6.575 15.5629
      vertex -30.9054 6.575 16.3388
      vertex -30.2571 6.575 15.858
    endloop
  endfacet
  facet normal 0 1 0
    outer loop
      vertex -30.9054 6.575 16.3388
      vertex -30.1037 6.575 15.5629
      vertex -31.7107 6.575 16.6722
    endloop
  endfacet
  facet normal 0 1 0
    outer loop
      vertex -29.659 6.575 15.316
      vertex -30.1037 6.575 15.5629
      vertex -30.2571 6.575 15.858
    endloop
  endfacet
  facet normal 0 1 0
    outer loop
      vertex -29.117 6.575 14.7179
      vertex -30.1037 6.575 15.5629
      vertex -29.659 6.575 15.316
    endloop
  endfacet
  facet normal 0 1 0
    outer loop
      vertex -29.117 6.575 14.7179
      vertex -28.8088 6.575 14.1013
      vertex -30.1037 6.575 15.5629
    endloop
  endfacet
  facet normal 0 1 0
    outer loop
      vertex -28.6362 6.575 14.0696
      vertex -28.8088 6.575 14.1013
      vertex -29.117 6.575 14.7179
    endloop
  endfacet
  facet normal 0 1 0
    outer loop
      vertex -28.2212 6.575 13.3772
      vertex -28.8088 6.575 14.1013
      vertex -28.6362 6.575 14.0696
    endloop
  endfacet
  facet normal 0 1 -0
    outer loop
      vertex -27.9014 6.575 12.3723
      vertex -28.2212 6.575 13.3772
      vertex -27.8761 6.575 12.6476
    endloop
  endfacet
  facet normal 0 1 0
    outer loop
      vertex -28.2212 6.575 13.3772
      vertex -27.9014 6.575 12.3723
      vertex -28.8088 6.575 14.1013
    endloop
  endfacet
  facet normal 0 1 0
    outer loop
      vertex -27.6042 6.575 11.8876
      vertex -27.9014 6.575 12.3723
      vertex -27.8761 6.575 12.6476
    endloop
  endfacet
  facet normal 0 1 0
    outer loop
      vertex -27.408 6.575 11.1046
      vertex -27.9014 6.575 12.3723
      vertex -27.6042 6.575 11.8876
    endloop
  endfacet
  facet normal 0 1 0
    outer loop
      vertex -27.408 6.575 11.1046
      vertex -27.4341 6.575 10.4763
      vertex -27.9014 6.575 12.3723
    endloop
  endfacet
  facet normal 0 1 0
    outer loop
      vertex -27.2896 6.575 10.3062
      vertex -27.4341 6.575 10.4763
      vertex -27.408 6.575 11.1046
    endloop
  endfacet
  facet normal 0 1 0
    outer loop
      vertex -27.25 6.575 9.5
      vertex -27.4341 6.575 10.4763
      vertex -27.2896 6.575 10.3062
    endloop
  endfacet
  facet normal 0 1 -0
    outer loop
      vertex -27.2896 6.575 8.69381
      vertex -27.4341 6.575 10.4763
      vertex -27.25 6.575 9.5
    endloop
  endfacet
  facet normal 0 1 0
    outer loop
      vertex -27.4341 6.575 7.79152
      vertex -27.2896 6.575 8.69381
      vertex -27.408 6.575 7.89538
    endloop
  endfacet
  facet normal 0 1 0
    outer loop
      vertex -27.2896 6.575 8.69381
      vertex -27.4341 6.575 7.79152
      vertex -27.4341 6.575 10.4763
    endloop
  endfacet
  facet normal 0 1 0
    outer loop
      vertex -37.4135 6.575 17.3646
      vertex -36.2812 6.575 17.6854
      vertex -35.475 6.575 17.6
    endloop
  endfacet
  facet normal 0 1 0
    outer loop
      vertex -36.2812 6.575 17.6854
      vertex -37.4135 6.575 17.3646
      vertex -37.0796 6.575 17.567
    endloop
  endfacet
  facet normal 0 1 0
    outer loop
      vertex -37.0796 6.575 17.567
      vertex -37.4135 6.575 17.3646
      vertex -37.8626 6.575 17.3708
    endloop
  endfacet
  facet normal 0 1 0
    outer loop
      vertex -37.4135 6.575 17.3646
      vertex -38.6226 6.575 17.0989
      vertex -37.8626 6.575 17.3708
    endloop
  endfacet
  facet normal 0 1 0
    outer loop
      vertex -39.2393 6.575 16.6722
      vertex -38.6226 6.575 17.0989
      vertex -37.4135 6.575 17.3646
    endloop
  endfacet
  facet normal 0 1 0
    outer loop
      vertex -38.6226 6.575 17.0989
      vertex -39.2393 6.575 16.6722
      vertex -39.3522 6.575 16.7538
    endloop
  endfacet
  facet normal 0 1 0
    outer loop
      vertex -39.2393 6.575 16.6722
      vertex -40.0446 6.575 16.3388
      vertex -39.3522 6.575 16.7538
    endloop
  endfacet
  facet normal 0 1 0
    outer loop
      vertex -40.8463 6.575 15.5629
      vertex -40.0446 6.575 16.3388
      vertex -39.2393 6.575 16.6722
    endloop
  endfacet
  facet normal 0 1 0
    outer loop
      vertex -40.0446 6.575 16.3388
      vertex -40.8463 6.575 15.5629
      vertex -40.6929 6.575 15.858
    endloop
  endfacet
  facet normal 0 1 -0
    outer loop
      vertex -40.8463 6.575 15.5629
      vertex -41.291 6.575 15.316
      vertex -40.6929 6.575 15.858
    endloop
  endfacet
  facet normal 0 1 0
    outer loop
      vertex -40.8463 6.575 15.5629
      vertex -41.833 6.575 14.7179
      vertex -41.291 6.575 15.316
    endloop
  endfacet
  facet normal 0 1 0
    outer loop
      vertex -42.1412 6.575 14.1013
      vertex -41.833 6.575 14.7179
      vertex -40.8463 6.575 15.5629
    endloop
  endfacet
  facet normal 0 1 -0
    outer loop
      vertex -42.1412 6.575 14.1013
      vertex -42.3138 6.575 14.0696
      vertex -41.833 6.575 14.7179
    endloop
  endfacet
  facet normal 0 1 0
    outer loop
      vertex -42.1412 6.575 14.1013
      vertex -42.7288 6.575 13.3772
      vertex -42.3138 6.575 14.0696
    endloop
  endfacet
  facet normal 0 1 0
    outer loop
      vertex -43.0486 6.575 12.3723
      vertex -42.7288 6.575 13.3772
      vertex -42.1412 6.575 14.1013
    endloop
  endfacet
  facet normal 0 1 0
    outer loop
      vertex -42.7288 6.575 13.3772
      vertex -43.0486 6.575 12.3723
      vertex -43.0739 6.575 12.6476
    endloop
  endfacet
  facet normal 0 1 0
    outer loop
      vertex -43.0486 6.575 12.3723
      vertex -43.3458 6.575 11.8876
      vertex -43.0739 6.575 12.6476
    endloop
  endfacet
  facet normal 0 1 0
    outer loop
      vertex -43.0486 6.575 12.3723
      vertex -43.542 6.575 11.1046
      vertex -43.3458 6.575 11.8876
    endloop
  endfacet
  facet normal 0 1 -0
    outer loop
      vertex -43.5159 6.575 10.4763
      vertex -43.542 6.575 11.1046
      vertex -43.0486 6.575 12.3723
    endloop
  endfacet
  facet normal 0 1 0
    outer loop
      vertex -43.5159 6.575 10.4763
      vertex -43.6604 6.575 10.3062
      vertex -43.542 6.575 11.1046
    endloop
  endfacet
  facet normal 0 1 0
    outer loop
      vertex -43.5159 6.575 10.4763
      vertex -43.7 6.575 9.5
      vertex -43.6604 6.575 10.3062
    endloop
  endfacet
  facet normal 0 1 0
    outer loop
      vertex -43.5159 6.575 10.4763
      vertex -43.6604 6.575 8.69381
      vertex -43.7 6.575 9.5
    endloop
  endfacet
  facet normal 0 1 -0
    outer loop
      vertex -43.5159 6.575 7.79152
      vertex -43.6604 6.575 8.69381
      vertex -43.5159 6.575 10.4763
    endloop
  endfacet
  facet normal 0 1 0
    outer loop
      vertex -43.6604 6.575 8.69381
      vertex -43.5159 6.575 7.79152
      vertex -43.542 6.575 7.89538
    endloop
  endfacet
  facet normal 0.743145 -0 0.66913
    outer loop
      vertex -39.3721 6.585 -11.75
      vertex -38.12 9.7 -13.1406
      vertex -39.3721 9.7 -11.75
    endloop
  endfacet
  facet normal 0.743145 0 0.66913
    outer loop
      vertex -38.12 9.7 -13.1406
      vertex -39.3721 6.585 -11.75
      vertex -38.12 6.585 -13.1406
    endloop
  endfacet
  facet normal -0 0 1
    outer loop
      vertex -36.4106 9.7 -13.9017
      vertex -34.5394 6.585 -13.9017
      vertex -34.5394 9.7 -13.9017
    endloop
  endfacet
  facet normal 0 0 1
    outer loop
      vertex -34.5394 6.585 -13.9017
      vertex -36.4106 9.7 -13.9017
      vertex -36.4106 6.585 -13.9017
    endloop
  endfacet
  facet normal 0.406748 0 0.91354
    outer loop
      vertex -38.12 9.7 -13.1406
      vertex -36.4106 6.585 -13.9017
      vertex -36.4106 9.7 -13.9017
    endloop
  endfacet
  facet normal 0.406748 0 0.91354
    outer loop
      vertex -36.4106 6.585 -13.9017
      vertex -38.12 9.7 -13.1406
      vertex -38.12 6.585 -13.1406
    endloop
  endfacet
  facet normal 0.951062 -0 0.309001
    outer loop
      vertex -39.9503 6.585 -9.97038
      vertex -39.3721 9.7 -11.75
      vertex -39.9503 9.7 -9.97038
    endloop
  endfacet
  facet normal 0.951062 0 0.309001
    outer loop
      vertex -39.3721 9.7 -11.75
      vertex -39.9503 6.585 -9.97038
      vertex -39.3721 6.585 -11.75
    endloop
  endfacet
  facet normal -1 0 0
    outer loop
      vertex -30.9997 6.585 -9.97038
      vertex -30.9997 9.7 2.60469
      vertex -30.9997 9.7 -9.97038
    endloop
  endfacet
  facet normal -1 -0 0
    outer loop
      vertex -30.9997 9.7 2.60469
      vertex -30.9997 6.585 -9.97038
      vertex -30.9997 6.585 2.60469
    endloop
  endfacet
  facet normal -0.743145 0 0.66913
    outer loop
      vertex -32.83 6.585 -13.1406
      vertex -31.5779 9.7 -11.75
      vertex -32.83 9.7 -13.1406
    endloop
  endfacet
  facet normal -0.743145 0 0.66913
    outer loop
      vertex -31.5779 9.7 -11.75
      vertex -32.83 6.585 -13.1406
      vertex -31.5779 6.585 -11.75
    endloop
  endfacet
  facet normal 1 -0 0
    outer loop
      vertex -39.9503 6.585 2.60469
      vertex -39.9503 9.7 -9.97038
      vertex -39.9503 9.7 2.60469
    endloop
  endfacet
  facet normal 1 0 0
    outer loop
      vertex -39.9503 9.7 -9.97038
      vertex -39.9503 6.585 2.60469
      vertex -39.9503 6.585 -9.97038
    endloop
  endfacet
  facet normal -0.406748 0 0.91354
    outer loop
      vertex -34.5394 9.7 -13.9017
      vertex -32.83 6.585 -13.1406
      vertex -32.83 9.7 -13.1406
    endloop
  endfacet
  facet normal -0.406748 0 0.91354
    outer loop
      vertex -32.83 6.585 -13.1406
      vertex -34.5394 9.7 -13.9017
      vertex -34.5394 6.585 -13.9017
    endloop
  endfacet
  facet normal -0.951062 0 0.309001
    outer loop
      vertex -31.5779 6.585 -11.75
      vertex -30.9997 9.7 -9.97038
      vertex -31.5779 9.7 -11.75
    endloop
  endfacet
  facet normal -0.951062 0 0.309001
    outer loop
      vertex -30.9997 9.7 -9.97038
      vertex -31.5779 6.585 -11.75
      vertex -30.9997 6.585 -9.97038
    endloop
  endfacet
  facet normal -0.514095 0 -0.857733
    outer loop
      vertex -31.5978 6.575 16.7538
      vertex -30.9054 9.7 16.3388
      vertex -30.9054 6.575 16.3388
    endloop
  endfacet
  facet normal -0.514095 0 -0.857733
    outer loop
      vertex -30.9054 9.7 16.3388
      vertex -31.5978 6.575 16.7538
      vertex -31.5978 9.7 16.7538
    endloop
  endfacet
  facet normal -0.941557 0 -0.336854
    outer loop
      vertex -27.6042 6.575 11.8876
      vertex -27.8761 9.7 12.6476
      vertex -27.6042 9.7 11.8876
    endloop
  endfacet
  facet normal -0.941557 -0 -0.336854
    outer loop
      vertex -27.8761 9.7 12.6476
      vertex -27.6042 6.575 11.8876
      vertex -27.8761 6.575 12.6476
    endloop
  endfacet
  facet normal -0.903993 0 0.427547
    outer loop
      vertex -28.2212 6.585 5.62276
      vertex -27.8761 9.7 6.35243
      vertex -28.2212 9.7 5.62276
    endloop
  endfacet
  facet normal -0.903993 0 0.427547
    outer loop
      vertex -27.8761 9.7 6.35243
      vertex -28.2212 6.585 5.62276
      vertex -27.8761 6.585 6.35243
    endloop
  endfacet
  facet normal -0.85771 0 0.514133
    outer loop
      vertex -28.6362 6.585 4.93043
      vertex -28.2212 9.7 5.62276
      vertex -28.6362 9.7 4.93043
    endloop
  endfacet
  facet normal -0.85771 0 0.514133
    outer loop
      vertex -28.2212 9.7 5.62276
      vertex -28.6362 6.585 4.93043
      vertex -28.2212 6.585 5.62276
    endloop
  endfacet
  facet normal -0.803223 0 0.595678
    outer loop
      vertex -29.117 6.585 4.28211
      vertex -28.6362 9.7 4.93043
      vertex -29.117 9.7 4.28211
    endloop
  endfacet
  facet normal -0.803223 0 0.595678
    outer loop
      vertex -28.6362 9.7 4.93043
      vertex -29.117 6.585 4.28211
      vertex -28.6362 6.585 4.93043
    endloop
  endfacet
  facet normal 0.24306 0 -0.970011
    outer loop
      vertex -37.8626 6.575 17.3708
      vertex -37.0796 9.7 17.567
      vertex -37.0796 6.575 17.567
    endloop
  endfacet
  facet normal 0.24306 0 -0.970011
    outer loop
      vertex -37.0796 9.7 17.567
      vertex -37.8626 6.575 17.3708
      vertex -37.8626 9.7 17.3708
    endloop
  endfacet
  facet normal 0.970011 0 -0.24306
    outer loop
      vertex -43.3458 6.575 11.8876
      vertex -43.542 9.7 11.1046
      vertex -43.3458 9.7 11.8876
    endloop
  endfacet
  facet normal 0.970011 0 -0.24306
    outer loop
      vertex -43.542 9.7 11.1046
      vertex -43.3458 6.575 11.8876
      vertex -43.542 6.575 11.1046
    endloop
  endfacet
  facet normal -0.146692 0 -0.989182
    outer loop
      vertex -34.6688 6.575 17.6854
      vertex -33.8704 9.7 17.567
      vertex -33.8704 6.575 17.567
    endloop
  endfacet
  facet normal -0.146692 0 -0.989182
    outer loop
      vertex -33.8704 9.7 17.567
      vertex -34.6688 6.575 17.6854
      vertex -34.6688 9.7 17.6854
    endloop
  endfacet
  facet normal -0.59569 0 -0.803215
    outer loop
      vertex -30.9054 6.575 16.3388
      vertex -30.2571 9.7 15.858
      vertex -30.2571 6.575 15.858
    endloop
  endfacet
  facet normal -0.59569 0 -0.803215
    outer loop
      vertex -30.2571 9.7 15.858
      vertex -30.9054 6.575 16.3388
      vertex -30.9054 9.7 16.3388
    endloop
  endfacet
  facet normal -0.741004 0 -0.6715
    outer loop
      vertex -29.117 6.575 14.7179
      vertex -29.659 9.7 15.316
      vertex -29.117 9.7 14.7179
    endloop
  endfacet
  facet normal -0.741004 -0 -0.6715
    outer loop
      vertex -29.659 9.7 15.316
      vertex -29.117 6.575 14.7179
      vertex -29.659 6.575 15.316
    endloop
  endfacet
  facet normal -0.998796 0 0.0490608
    outer loop
      vertex -27.2896 6.575 8.69381
      vertex -27.25 9.7 9.5
      vertex -27.2896 9.7 8.69381
    endloop
  endfacet
  facet normal -0.998796 0 0.0490608
    outer loop
      vertex -27.25 9.7 9.5
      vertex -27.2896 6.575 8.69381
      vertex -27.25 6.575 9.5
    endloop
  endfacet
  facet normal -0.989182 0 -0.146692
    outer loop
      vertex -27.2896 6.575 10.3062
      vertex -27.408 9.7 11.1046
      vertex -27.2896 9.7 10.3062
    endloop
  endfacet
  facet normal -0.989182 -0 -0.146692
    outer loop
      vertex -27.408 9.7 11.1046
      vertex -27.2896 6.575 10.3062
      vertex -27.408 6.575 11.1046
    endloop
  endfacet
  facet normal -0.803215 0 -0.59569
    outer loop
      vertex -28.6362 6.575 14.0696
      vertex -29.117 9.7 14.7179
      vertex -28.6362 9.7 14.0696
    endloop
  endfacet
  facet normal -0.803215 -0 -0.59569
    outer loop
      vertex -29.117 9.7 14.7179
      vertex -28.6362 6.575 14.0696
      vertex -29.117 6.575 14.7179
    endloop
  endfacet
  facet normal -0.857733 0 -0.514095
    outer loop
      vertex -28.2212 6.575 13.3772
      vertex -28.6362 9.7 14.0696
      vertex -28.2212 9.7 13.3772
    endloop
  endfacet
  facet normal -0.857733 -0 -0.514095
    outer loop
      vertex -28.6362 9.7 14.0696
      vertex -28.2212 6.575 13.3772
      vertex -28.6362 6.575 14.0696
    endloop
  endfacet
  facet normal -0.671541 0 0.740967
    outer loop
      vertex -30.2571 9.7 3.14199
      vertex -29.659 6.585 3.68405
      vertex -29.659 9.7 3.68405
    endloop
  endfacet
  facet normal -0.671541 0 0.740967
    outer loop
      vertex -29.659 6.585 3.68405
      vertex -30.2571 9.7 3.14199
      vertex -30.2571 6.585 3.14199
    endloop
  endfacet
  facet normal -0.595714 0 0.803197
    outer loop
      vertex -30.9054 9.7 2.66116
      vertex -30.2571 6.585 3.14199
      vertex -30.2571 9.7 3.14199
    endloop
  endfacet
  facet normal -0.595714 0 0.803197
    outer loop
      vertex -30.2571 6.585 3.14199
      vertex -30.9054 9.7 2.66116
      vertex -30.9054 6.585 2.66116
    endloop
  endfacet
  facet normal -0.989183 0 0.146687
    outer loop
      vertex -27.408 6.575 7.89538
      vertex -27.2896 9.7 8.69381
      vertex -27.408 9.7 7.89538
    endloop
  endfacet
  facet normal -0.989183 0 0.146687
    outer loop
      vertex -27.2896 9.7 8.69381
      vertex -27.408 6.575 7.89538
      vertex -27.2896 6.575 8.69381
    endloop
  endfacet
  facet normal -0.970034 0 0.242969
    outer loop
      vertex -27.4341 6.585 7.79152
      vertex -27.6042 9.7 7.11241
      vertex -27.6042 6.585 7.11241
    endloop
  endfacet
  facet normal -0.970009 2.31411e-05 0.243069
    outer loop
      vertex -27.6042 9.7 7.11241
      vertex -27.4341 6.585 7.79152
      vertex -27.408 9.7 7.89538
    endloop
  endfacet
  facet normal -0.969845 0 0.243722
    outer loop
      vertex -27.408 6.575 7.89538
      vertex -27.4341 6.585 7.79152
      vertex -27.4341 6.575 7.79152
    endloop
  endfacet
  facet normal -0.969845 0 0.243722
    outer loop
      vertex -27.4341 6.585 7.79152
      vertex -27.408 6.575 7.89538
      vertex -27.408 9.7 7.89538
    endloop
  endfacet
  facet normal -0.740982 0 0.671525
    outer loop
      vertex -29.659 6.585 3.68405
      vertex -29.117 9.7 4.28211
      vertex -29.659 9.7 3.68405
    endloop
  endfacet
  facet normal -0.740982 0 0.671525
    outer loop
      vertex -29.117 9.7 4.28211
      vertex -29.659 6.585 3.68405
      vertex -29.117 6.585 4.28211
    endloop
  endfacet
  facet normal -0.0490602 0 -0.998796
    outer loop
      vertex -35.475 6.575 17.725
      vertex -34.6688 9.7 17.6854
      vertex -34.6688 6.575 17.6854
    endloop
  endfacet
  facet normal -0.0490602 0 -0.998796
    outer loop
      vertex -34.6688 9.7 17.6854
      vertex -35.475 6.575 17.725
      vertex -35.475 9.7 17.725
    endloop
  endfacet
  facet normal 0.514095 0 -0.857733
    outer loop
      vertex -40.0446 6.575 16.3388
      vertex -39.3522 9.7 16.7538
      vertex -39.3522 6.575 16.7538
    endloop
  endfacet
  facet normal 0.514095 0 -0.857733
    outer loop
      vertex -39.3522 9.7 16.7538
      vertex -40.0446 6.575 16.3388
      vertex -40.0446 9.7 16.3388
    endloop
  endfacet
  facet normal 0.998796 -0 0.0490608
    outer loop
      vertex -43.7 6.575 9.5
      vertex -43.6604 9.7 8.69381
      vertex -43.7 9.7 9.5
    endloop
  endfacet
  facet normal 0.998796 0 0.0490608
    outer loop
      vertex -43.6604 9.7 8.69381
      vertex -43.7 6.575 9.5
      vertex -43.6604 6.575 8.69381
    endloop
  endfacet
  facet normal 0.595714 0 0.803197
    outer loop
      vertex -40.6929 9.7 3.14199
      vertex -40.0446 6.585 2.66116
      vertex -40.0446 9.7 2.66116
    endloop
  endfacet
  facet normal 0.595714 0 0.803197
    outer loop
      vertex -40.0446 6.585 2.66116
      vertex -40.6929 9.7 3.14199
      vertex -40.6929 6.585 3.14199
    endloop
  endfacet
  facet normal 0.989182 0 -0.146692
    outer loop
      vertex -43.542 6.575 11.1046
      vertex -43.6604 9.7 10.3062
      vertex -43.542 9.7 11.1046
    endloop
  endfacet
  facet normal 0.989182 0 -0.146692
    outer loop
      vertex -43.6604 9.7 10.3062
      vertex -43.542 6.575 11.1046
      vertex -43.6604 6.575 10.3062
    endloop
  endfacet
  facet normal -0.42758 0 -0.903977
    outer loop
      vertex -32.3274 6.575 17.0989
      vertex -31.5978 9.7 16.7538
      vertex -31.5978 6.575 16.7538
    endloop
  endfacet
  facet normal -0.42758 0 -0.903977
    outer loop
      vertex -31.5978 9.7 16.7538
      vertex -32.3274 6.575 17.0989
      vertex -32.3274 9.7 17.0989
    endloop
  endfacet
  facet normal -0.336854 0 -0.941557
    outer loop
      vertex -33.0874 6.575 17.3708
      vertex -32.3274 9.7 17.0989
      vertex -32.3274 6.575 17.0989
    endloop
  endfacet
  facet normal -0.336854 0 -0.941557
    outer loop
      vertex -32.3274 9.7 17.0989
      vertex -33.0874 6.575 17.3708
      vertex -33.0874 9.7 17.3708
    endloop
  endfacet
  facet normal -0.24306 0 -0.970011
    outer loop
      vertex -33.8704 6.575 17.567
      vertex -33.0874 9.7 17.3708
      vertex -33.0874 6.575 17.3708
    endloop
  endfacet
  facet normal -0.24306 0 -0.970011
    outer loop
      vertex -33.0874 9.7 17.3708
      vertex -33.8704 6.575 17.567
      vertex -33.8704 9.7 17.567
    endloop
  endfacet
  facet normal -0.6715 0 -0.741004
    outer loop
      vertex -30.2571 6.575 15.858
      vertex -29.659 9.7 15.316
      vertex -29.659 6.575 15.316
    endloop
  endfacet
  facet normal -0.6715 0 -0.741004
    outer loop
      vertex -29.659 9.7 15.316
      vertex -30.2571 6.575 15.858
      vertex -30.2571 9.7 15.858
    endloop
  endfacet
  facet normal -0.998796 0 -0.0490602
    outer loop
      vertex -27.25 6.575 9.5
      vertex -27.2896 9.7 10.3062
      vertex -27.25 9.7 9.5
    endloop
  endfacet
  facet normal -0.998796 -0 -0.0490602
    outer loop
      vertex -27.2896 9.7 10.3062
      vertex -27.25 6.575 9.5
      vertex -27.2896 6.575 10.3062
    endloop
  endfacet
  facet normal -0.970011 0 -0.24306
    outer loop
      vertex -27.408 6.575 11.1046
      vertex -27.6042 9.7 11.8876
      vertex -27.408 9.7 11.1046
    endloop
  endfacet
  facet normal -0.970011 -0 -0.24306
    outer loop
      vertex -27.6042 9.7 11.8876
      vertex -27.408 6.575 11.1046
      vertex -27.6042 6.575 11.8876
    endloop
  endfacet
  facet normal -0.903977 0 -0.42758
    outer loop
      vertex -27.8761 6.575 12.6476
      vertex -28.2212 9.7 13.3772
      vertex -27.8761 9.7 12.6476
    endloop
  endfacet
  facet normal -0.903977 -0 -0.42758
    outer loop
      vertex -28.2212 9.7 13.3772
      vertex -27.8761 6.575 12.6476
      vertex -28.2212 6.575 13.3772
    endloop
  endfacet
  facet normal -0.51376 0 0.857934
    outer loop
      vertex -30.9997 9.7 2.60469
      vertex -30.9054 6.585 2.66116
      vertex -30.9054 9.7 2.66116
    endloop
  endfacet
  facet normal -0.51376 0 0.857934
    outer loop
      vertex -30.9054 6.585 2.66116
      vertex -30.9997 9.7 2.60469
      vertex -30.9997 6.585 2.60469
    endloop
  endfacet
  facet normal -0.941554 0 0.336862
    outer loop
      vertex -27.8761 6.585 6.35243
      vertex -27.6042 9.7 7.11241
      vertex -27.8761 9.7 6.35243
    endloop
  endfacet
  facet normal -0.941554 0 0.336862
    outer loop
      vertex -27.6042 9.7 7.11241
      vertex -27.8761 6.585 6.35243
      vertex -27.6042 6.585 7.11241
    endloop
  endfacet
  facet normal 0.146692 0 -0.989182
    outer loop
      vertex -37.0796 6.575 17.567
      vertex -36.2812 9.7 17.6854
      vertex -36.2812 6.575 17.6854
    endloop
  endfacet
  facet normal 0.146692 0 -0.989182
    outer loop
      vertex -36.2812 9.7 17.6854
      vertex -37.0796 6.575 17.567
      vertex -37.0796 9.7 17.567
    endloop
  endfacet
  facet normal 0.0490602 0 -0.998796
    outer loop
      vertex -36.2812 6.575 17.6854
      vertex -35.475 9.7 17.725
      vertex -35.475 6.575 17.725
    endloop
  endfacet
  facet normal 0.0490602 0 -0.998796
    outer loop
      vertex -35.475 9.7 17.725
      vertex -36.2812 6.575 17.6854
      vertex -36.2812 9.7 17.6854
    endloop
  endfacet
  facet normal 0.336854 0 -0.941557
    outer loop
      vertex -38.6226 6.575 17.0989
      vertex -37.8626 9.7 17.3708
      vertex -37.8626 6.575 17.3708
    endloop
  endfacet
  facet normal 0.336854 0 -0.941557
    outer loop
      vertex -37.8626 9.7 17.3708
      vertex -38.6226 6.575 17.0989
      vertex -38.6226 9.7 17.0989
    endloop
  endfacet
  facet normal 0.857733 0 -0.514095
    outer loop
      vertex -42.3138 6.575 14.0696
      vertex -42.7288 9.7 13.3772
      vertex -42.3138 9.7 14.0696
    endloop
  endfacet
  facet normal 0.857733 0 -0.514095
    outer loop
      vertex -42.7288 9.7 13.3772
      vertex -42.3138 6.575 14.0696
      vertex -42.7288 6.575 13.3772
    endloop
  endfacet
  facet normal 0.6715 0 -0.741004
    outer loop
      vertex -41.291 6.575 15.316
      vertex -40.6929 9.7 15.858
      vertex -40.6929 6.575 15.858
    endloop
  endfacet
  facet normal 0.6715 0 -0.741004
    outer loop
      vertex -40.6929 9.7 15.858
      vertex -41.291 6.575 15.316
      vertex -41.291 9.7 15.316
    endloop
  endfacet
  facet normal 0.42758 0 -0.903977
    outer loop
      vertex -39.3522 6.575 16.7538
      vertex -38.6226 9.7 17.0989
      vertex -38.6226 6.575 17.0989
    endloop
  endfacet
  facet normal 0.42758 0 -0.903977
    outer loop
      vertex -38.6226 9.7 17.0989
      vertex -39.3522 6.575 16.7538
      vertex -39.3522 9.7 16.7538
    endloop
  endfacet
  facet normal 0.903993 -0 0.427547
    outer loop
      vertex -43.0739 6.585 6.35243
      vertex -42.7288 9.7 5.62276
      vertex -43.0739 9.7 6.35243
    endloop
  endfacet
  facet normal 0.903993 0 0.427547
    outer loop
      vertex -42.7288 9.7 5.62276
      vertex -43.0739 6.585 6.35243
      vertex -42.7288 6.585 5.62276
    endloop
  endfacet
  facet normal 0.941557 0 -0.336854
    outer loop
      vertex -43.0739 6.575 12.6476
      vertex -43.3458 9.7 11.8876
      vertex -43.0739 9.7 12.6476
    endloop
  endfacet
  facet normal 0.941557 0 -0.336854
    outer loop
      vertex -43.3458 9.7 11.8876
      vertex -43.0739 6.575 12.6476
      vertex -43.3458 6.575 11.8876
    endloop
  endfacet
  facet normal 0.741004 0 -0.6715
    outer loop
      vertex -41.291 6.575 15.316
      vertex -41.833 9.7 14.7179
      vertex -41.291 9.7 15.316
    endloop
  endfacet
  facet normal 0.741004 0 -0.6715
    outer loop
      vertex -41.833 9.7 14.7179
      vertex -41.291 6.575 15.316
      vertex -41.833 6.575 14.7179
    endloop
  endfacet
  facet normal 0.803215 0 -0.59569
    outer loop
      vertex -41.833 6.575 14.7179
      vertex -42.3138 9.7 14.0696
      vertex -41.833 9.7 14.7179
    endloop
  endfacet
  facet normal 0.803215 0 -0.59569
    outer loop
      vertex -42.3138 9.7 14.0696
      vertex -41.833 6.575 14.7179
      vertex -42.3138 6.575 14.0696
    endloop
  endfacet
  facet normal 0.59569 0 -0.803215
    outer loop
      vertex -40.6929 6.575 15.858
      vertex -40.0446 9.7 16.3388
      vertex -40.0446 6.575 16.3388
    endloop
  endfacet
  facet normal 0.59569 0 -0.803215
    outer loop
      vertex -40.0446 9.7 16.3388
      vertex -40.6929 6.575 15.858
      vertex -40.6929 9.7 15.858
    endloop
  endfacet
  facet normal 0.941554 -0 0.336862
    outer loop
      vertex -43.3458 6.585 7.11241
      vertex -43.0739 9.7 6.35243
      vertex -43.3458 9.7 7.11241
    endloop
  endfacet
  facet normal 0.941554 0 0.336862
    outer loop
      vertex -43.0739 9.7 6.35243
      vertex -43.3458 6.585 7.11241
      vertex -43.0739 6.585 6.35243
    endloop
  endfacet
  facet normal 0.803223 -0 0.595678
    outer loop
      vertex -42.3138 6.585 4.93043
      vertex -41.833 9.7 4.28211
      vertex -42.3138 9.7 4.93043
    endloop
  endfacet
  facet normal 0.803223 0 0.595678
    outer loop
      vertex -41.833 9.7 4.28211
      vertex -42.3138 6.585 4.93043
      vertex -41.833 6.585 4.28211
    endloop
  endfacet
  facet normal 0.998796 0 -0.0490602
    outer loop
      vertex -43.6604 6.575 10.3062
      vertex -43.7 9.7 9.5
      vertex -43.6604 9.7 10.3062
    endloop
  endfacet
  facet normal 0.998796 0 -0.0490602
    outer loop
      vertex -43.7 9.7 9.5
      vertex -43.6604 6.575 10.3062
      vertex -43.7 6.575 9.5
    endloop
  endfacet
  facet normal 0.671541 0 0.740967
    outer loop
      vertex -41.291 9.7 3.68405
      vertex -40.6929 6.585 3.14199
      vertex -40.6929 9.7 3.14199
    endloop
  endfacet
  facet normal 0.671541 0 0.740967
    outer loop
      vertex -40.6929 6.585 3.14199
      vertex -41.291 9.7 3.68405
      vertex -41.291 6.585 3.68405
    endloop
  endfacet
  facet normal 0.51376 0 0.857934
    outer loop
      vertex -40.0446 9.7 2.66116
      vertex -39.9503 6.585 2.60469
      vertex -39.9503 9.7 2.60469
    endloop
  endfacet
  facet normal 0.51376 0 0.857934
    outer loop
      vertex -39.9503 6.585 2.60469
      vertex -40.0446 9.7 2.66116
      vertex -40.0446 6.585 2.66116
    endloop
  endfacet
  facet normal 0.903977 0 -0.42758
    outer loop
      vertex -42.7288 6.575 13.3772
      vertex -43.0739 9.7 12.6476
      vertex -42.7288 9.7 13.3772
    endloop
  endfacet
  facet normal 0.903977 0 -0.42758
    outer loop
      vertex -43.0739 9.7 12.6476
      vertex -42.7288 6.575 13.3772
      vertex -43.0739 6.575 12.6476
    endloop
  endfacet
  facet normal 0.970009 2.31411e-05 0.243069
    outer loop
      vertex -43.542 9.7 7.89538
      vertex -43.5159 6.585 7.79152
      vertex -43.3458 9.7 7.11241
    endloop
  endfacet
  facet normal 0.969845 -0 0.243722
    outer loop
      vertex -43.542 6.575 7.89538
      vertex -43.5159 6.585 7.79152
      vertex -43.542 9.7 7.89538
    endloop
  endfacet
  facet normal 0.969845 0 0.243722
    outer loop
      vertex -43.5159 6.585 7.79152
      vertex -43.542 6.575 7.89538
      vertex -43.5159 6.575 7.79152
    endloop
  endfacet
  facet normal 0.970034 0 0.242969
    outer loop
      vertex -43.3458 9.7 7.11241
      vertex -43.5159 6.585 7.79152
      vertex -43.3458 6.585 7.11241
    endloop
  endfacet
  facet normal 0.85771 -0 0.514133
    outer loop
      vertex -42.7288 6.585 5.62276
      vertex -42.3138 9.7 4.93043
      vertex -42.7288 9.7 5.62276
    endloop
  endfacet
  facet normal 0.85771 0 0.514133
    outer loop
      vertex -42.3138 9.7 4.93043
      vertex -42.7288 6.585 5.62276
      vertex -42.3138 6.585 4.93043
    endloop
  endfacet
  facet normal 0.740982 -0 0.671525
    outer loop
      vertex -41.833 6.585 4.28211
      vertex -41.291 9.7 3.68405
      vertex -41.833 9.7 4.28211
    endloop
  endfacet
  facet normal 0.740982 0 0.671525
    outer loop
      vertex -41.291 9.7 3.68405
      vertex -41.833 6.585 4.28211
      vertex -41.291 6.585 3.68405
    endloop
  endfacet
  facet normal 0.989183 -0 0.146687
    outer loop
      vertex -43.6604 6.575 8.69381
      vertex -43.542 9.7 7.89538
      vertex -43.6604 9.7 8.69381
    endloop
  endfacet
  facet normal 0.989183 0 0.146687
    outer loop
      vertex -43.542 9.7 7.89538
      vertex -43.6604 6.575 8.69381
      vertex -43.542 6.575 7.89538
    endloop
  endfacet
  facet normal 0 1 0
    outer loop
      vertex -33.5365 1.6 17.3646
      vertex -37.4135 1.6 17.3646
      vertex -35.475 1.6 17.6
    endloop
  endfacet
  facet normal 0 1 0
    outer loop
      vertex -31.7107 1.6 16.6722
      vertex -37.4135 1.6 17.3646
      vertex -33.5365 1.6 17.3646
    endloop
  endfacet
  facet normal 0 1 0
    outer loop
      vertex -31.7107 1.6 16.6722
      vertex -39.2393 1.6 16.6722
      vertex -37.4135 1.6 17.3646
    endloop
  endfacet
  facet normal 0 1 0
    outer loop
      vertex -30.1037 1.6 15.5629
      vertex -39.2393 1.6 16.6722
      vertex -31.7107 1.6 16.6722
    endloop
  endfacet
  facet normal 0 1 0
    outer loop
      vertex -30.1037 1.6 15.5629
      vertex -40.8463 1.6 15.5629
      vertex -39.2393 1.6 16.6722
    endloop
  endfacet
  facet normal 0 1 0
    outer loop
      vertex -28.8088 1.6 14.1013
      vertex -40.8463 1.6 15.5629
      vertex -30.1037 1.6 15.5629
    endloop
  endfacet
  facet normal 0 1 0
    outer loop
      vertex -28.8088 1.6 14.1013
      vertex -42.1412 1.6 14.1013
      vertex -40.8463 1.6 15.5629
    endloop
  endfacet
  facet normal 0 1 0
    outer loop
      vertex -27.9014 1.6 12.3723
      vertex -42.1412 1.6 14.1013
      vertex -28.8088 1.6 14.1013
    endloop
  endfacet
  facet normal 0 1 0
    outer loop
      vertex -27.9014 1.6 12.3723
      vertex -43.0486 1.6 12.3723
      vertex -42.1412 1.6 14.1013
    endloop
  endfacet
  facet normal 0 1 0
    outer loop
      vertex -27.4341 1.6 10.4763
      vertex -43.0486 1.6 12.3723
      vertex -27.9014 1.6 12.3723
    endloop
  endfacet
  facet normal 0 1 0
    outer loop
      vertex -27.4341 1.6 10.4763
      vertex -43.5159 1.6 10.4763
      vertex -43.0486 1.6 12.3723
    endloop
  endfacet
  facet normal 0 1 -0
    outer loop
      vertex -27.4341 1.6 -10.4763
      vertex -43.5159 1.6 10.4763
      vertex -27.4341 1.6 10.4763
    endloop
  endfacet
  facet normal 0 1 0
    outer loop
      vertex -27.4341 1.6 -10.4763
      vertex -43.5159 1.6 -10.4763
      vertex -43.5159 1.6 10.4763
    endloop
  endfacet
  facet normal 0 1 -0
    outer loop
      vertex -27.9014 1.6 -12.3723
      vertex -43.5159 1.6 -10.4763
      vertex -27.4341 1.6 -10.4763
    endloop
  endfacet
  facet normal 0 1 0
    outer loop
      vertex -27.9014 1.6 -12.3723
      vertex -43.0486 1.6 -12.3723
      vertex -43.5159 1.6 -10.4763
    endloop
  endfacet
  facet normal 0 1 -0
    outer loop
      vertex -28.8088 1.6 -14.1013
      vertex -43.0486 1.6 -12.3723
      vertex -27.9014 1.6 -12.3723
    endloop
  endfacet
  facet normal 0 1 0
    outer loop
      vertex -28.8088 1.6 -14.1013
      vertex -42.1412 1.6 -14.1013
      vertex -43.0486 1.6 -12.3723
    endloop
  endfacet
  facet normal 0 1 -0
    outer loop
      vertex -30.1037 1.6 -15.5629
      vertex -42.1412 1.6 -14.1013
      vertex -28.8088 1.6 -14.1013
    endloop
  endfacet
  facet normal 0 1 0
    outer loop
      vertex -30.1037 1.6 -15.5629
      vertex -40.8463 1.6 -15.5629
      vertex -42.1412 1.6 -14.1013
    endloop
  endfacet
  facet normal 0 1 -0
    outer loop
      vertex -31.7107 1.6 -16.6722
      vertex -40.8463 1.6 -15.5629
      vertex -30.1037 1.6 -15.5629
    endloop
  endfacet
  facet normal 0 1 0
    outer loop
      vertex -31.7107 1.6 -16.6722
      vertex -39.2393 1.6 -16.6722
      vertex -40.8463 1.6 -15.5629
    endloop
  endfacet
  facet normal 0 1 -0
    outer loop
      vertex -33.5365 1.6 -17.3646
      vertex -39.2393 1.6 -16.6722
      vertex -31.7107 1.6 -16.6722
    endloop
  endfacet
  facet normal 0 1 0
    outer loop
      vertex -33.5365 1.6 -17.3646
      vertex -37.4135 1.6 -17.3646
      vertex -39.2393 1.6 -16.6722
    endloop
  endfacet
  facet normal -0 1 0
    outer loop
      vertex -37.4135 1.6 -17.3646
      vertex -33.5365 1.6 -17.3646
      vertex -35.475 1.6 -17.6
    endloop
  endfacet
  facet normal -0.354589 0 0.935022
    outer loop
      vertex -33.5365 6.585 -17.3646
      vertex -31.7107 1.6 -16.6722
      vertex -31.7107 6.585 -16.6722
    endloop
  endfacet
  facet normal -0.354589 0 0.935022
    outer loop
      vertex -31.7107 1.6 -16.6722
      vertex -33.5365 6.585 -17.3646
      vertex -33.5365 1.6 -17.3646
    endloop
  endfacet
  facet normal -0.120549 0 0.992707
    outer loop
      vertex -35.475 6.585 -17.6
      vertex -33.5365 1.6 -17.3646
      vertex -33.5365 6.585 -17.3646
    endloop
  endfacet
  facet normal -0.120549 0 0.992707
    outer loop
      vertex -33.5365 1.6 -17.3646
      vertex -35.475 6.585 -17.6
      vertex -35.475 1.6 -17.6
    endloop
  endfacet
  facet normal 0.120549 0 0.992707
    outer loop
      vertex -37.4135 6.585 -17.3646
      vertex -35.475 1.6 -17.6
      vertex -35.475 6.585 -17.6
    endloop
  endfacet
  facet normal 0.120549 0 0.992707
    outer loop
      vertex -35.475 1.6 -17.6
      vertex -37.4135 6.585 -17.3646
      vertex -37.4135 1.6 -17.3646
    endloop
  endfacet
  facet normal 0 -1 0
    outer loop
      vertex -43.5159 6.585 -10.4763
      vertex -39.9503 6.585 2.60469
      vertex -40.0446 6.585 2.66116
    endloop
  endfacet
  facet normal 0 -1 0
    outer loop
      vertex -43.5159 6.585 -10.4763
      vertex -40.0446 6.585 2.66116
      vertex -40.6929 6.585 3.14199
    endloop
  endfacet
  facet normal 0 -1 0
    outer loop
      vertex -43.5159 6.585 -10.4763
      vertex -40.6929 6.585 3.14199
      vertex -41.291 6.585 3.68405
    endloop
  endfacet
  facet normal 0 -1 0
    outer loop
      vertex -43.5159 6.585 -10.4763
      vertex -41.291 6.585 3.68405
      vertex -41.833 6.585 4.28211
    endloop
  endfacet
  facet normal 0 -1 0
    outer loop
      vertex -43.5159 6.585 -10.4763
      vertex -41.833 6.585 4.28211
      vertex -42.3138 6.585 4.93043
    endloop
  endfacet
  facet normal 0 -1 0
    outer loop
      vertex -43.5159 6.585 -10.4763
      vertex -42.3138 6.585 4.93043
      vertex -42.7288 6.585 5.62276
    endloop
  endfacet
  facet normal 0 -1 0
    outer loop
      vertex -43.5159 6.585 -10.4763
      vertex -42.7288 6.585 5.62276
      vertex -43.0739 6.585 6.35243
    endloop
  endfacet
  facet normal 0 -1 0
    outer loop
      vertex -43.5159 6.585 -10.4763
      vertex -43.0739 6.585 6.35243
      vertex -43.3458 6.585 7.11241
    endloop
  endfacet
  facet normal 0 -1 0
    outer loop
      vertex -43.5159 6.585 -10.4763
      vertex -43.3458 6.585 7.11241
      vertex -43.5159 6.585 7.79152
    endloop
  endfacet
  facet normal 0 -1 -0
    outer loop
      vertex -39.9503 6.585 2.60469
      vertex -43.5159 6.585 -10.4763
      vertex -39.9503 6.585 -9.97038
    endloop
  endfacet
  facet normal 0 -1 0
    outer loop
      vertex -43.0486 6.585 -12.3723
      vertex -39.9503 6.585 -9.97038
      vertex -43.5159 6.585 -10.4763
    endloop
  endfacet
  facet normal 0 -1 -0
    outer loop
      vertex -39.9503 6.585 -9.97038
      vertex -43.0486 6.585 -12.3723
      vertex -39.3721 6.585 -11.75
    endloop
  endfacet
  facet normal 0 -1 0
    outer loop
      vertex -42.1412 6.585 -14.1013
      vertex -39.3721 6.585 -11.75
      vertex -43.0486 6.585 -12.3723
    endloop
  endfacet
  facet normal 0 -1 0
    outer loop
      vertex -40.8463 6.585 -15.5629
      vertex -39.3721 6.585 -11.75
      vertex -42.1412 6.585 -14.1013
    endloop
  endfacet
  facet normal 0 -1 0
    outer loop
      vertex -39.2393 6.585 -16.6722
      vertex -38.12 6.585 -13.1406
      vertex -40.8463 6.585 -15.5629
    endloop
  endfacet
  facet normal 0 -1 -0
    outer loop
      vertex -39.3721 6.585 -11.75
      vertex -40.8463 6.585 -15.5629
      vertex -38.12 6.585 -13.1406
    endloop
  endfacet
  facet normal 0 -1 0
    outer loop
      vertex -27.4341 6.585 -10.4763
      vertex -30.9997 6.585 2.60469
      vertex -30.9997 6.585 -9.97038
    endloop
  endfacet
  facet normal 0 -1 0
    outer loop
      vertex -30.9997 6.585 2.60469
      vertex -27.4341 6.585 -10.4763
      vertex -30.9054 6.585 2.66116
    endloop
  endfacet
  facet normal 0 -1 0
    outer loop
      vertex -30.9054 6.585 2.66116
      vertex -27.4341 6.585 -10.4763
      vertex -30.2571 6.585 3.14199
    endloop
  endfacet
  facet normal 0 -1 0
    outer loop
      vertex -30.2571 6.585 3.14199
      vertex -27.4341 6.585 -10.4763
      vertex -29.659 6.585 3.68405
    endloop
  endfacet
  facet normal 0 -1 0
    outer loop
      vertex -29.659 6.585 3.68405
      vertex -27.4341 6.585 -10.4763
      vertex -29.117 6.585 4.28211
    endloop
  endfacet
  facet normal 0 -1 0
    outer loop
      vertex -29.117 6.585 4.28211
      vertex -27.4341 6.585 -10.4763
      vertex -28.6362 6.585 4.93043
    endloop
  endfacet
  facet normal 0 -1 0
    outer loop
      vertex -28.6362 6.585 4.93043
      vertex -27.4341 6.585 -10.4763
      vertex -28.2212 6.585 5.62276
    endloop
  endfacet
  facet normal 0 -1 0
    outer loop
      vertex -28.2212 6.585 5.62276
      vertex -27.4341 6.585 -10.4763
      vertex -27.8761 6.585 6.35243
    endloop
  endfacet
  facet normal 0 -1 0
    outer loop
      vertex -27.8761 6.585 6.35243
      vertex -27.4341 6.585 -10.4763
      vertex -27.6042 6.585 7.11241
    endloop
  endfacet
  facet normal 0 -1 0
    outer loop
      vertex -27.6042 6.585 7.11241
      vertex -27.4341 6.585 -10.4763
      vertex -27.4341 6.585 7.79152
    endloop
  endfacet
  facet normal 0 -1 0
    outer loop
      vertex -27.9014 6.585 -12.3723
      vertex -30.9997 6.585 -9.97038
      vertex -31.5779 6.585 -11.75
    endloop
  endfacet
  facet normal 0 -1 0
    outer loop
      vertex -30.9997 6.585 -9.97038
      vertex -27.9014 6.585 -12.3723
      vertex -27.4341 6.585 -10.4763
    endloop
  endfacet
  facet normal 0 -1 0
    outer loop
      vertex -30.1037 6.585 -15.5629
      vertex -31.5779 6.585 -11.75
      vertex -32.83 6.585 -13.1406
    endloop
  endfacet
  facet normal 0 -1 0
    outer loop
      vertex -31.7107 6.585 -16.6722
      vertex -32.83 6.585 -13.1406
      vertex -34.5394 6.585 -13.9017
    endloop
  endfacet
  facet normal 0 -1 0
    outer loop
      vertex -31.5779 6.585 -11.75
      vertex -28.8088 6.585 -14.1013
      vertex -27.9014 6.585 -12.3723
    endloop
  endfacet
  facet normal 0 -1 -0
    outer loop
      vertex -38.12 6.585 -13.1406
      vertex -39.2393 6.585 -16.6722
      vertex -36.4106 6.585 -13.9017
    endloop
  endfacet
  facet normal 0 -1 0
    outer loop
      vertex -37.4135 6.585 -17.3646
      vertex -36.4106 6.585 -13.9017
      vertex -39.2393 6.585 -16.6722
    endloop
  endfacet
  facet normal 0 -1 0
    outer loop
      vertex -31.5779 6.585 -11.75
      vertex -30.1037 6.585 -15.5629
      vertex -28.8088 6.585 -14.1013
    endloop
  endfacet
  facet normal 0 -1 0
    outer loop
      vertex -35.475 6.585 -17.6
      vertex -36.4106 6.585 -13.9017
      vertex -37.4135 6.585 -17.3646
    endloop
  endfacet
  facet normal 0 -1 0
    outer loop
      vertex -32.83 6.585 -13.1406
      vertex -31.7107 6.585 -16.6722
      vertex -30.1037 6.585 -15.5629
    endloop
  endfacet
  facet normal 0 -1 0
    outer loop
      vertex -36.4106 6.585 -13.9017
      vertex -35.475 6.585 -17.6
      vertex -34.5394 6.585 -13.9017
    endloop
  endfacet
  facet normal 0 -1 0
    outer loop
      vertex -34.5394 6.585 -13.9017
      vertex -33.5365 6.585 -17.3646
      vertex -31.7107 6.585 -16.6722
    endloop
  endfacet
  facet normal 0 -1 -0
    outer loop
      vertex -34.5394 6.585 -13.9017
      vertex -35.475 6.585 -17.6
      vertex -33.5365 6.585 -17.3646
    endloop
  endfacet
  facet normal -0.748502 0 -0.663133
    outer loop
      vertex -28.8088 1.6 14.1013
      vertex -30.1037 6.575 15.5629
      vertex -28.8088 6.575 14.1013
    endloop
  endfacet
  facet normal -0.748502 -0 -0.663133
    outer loop
      vertex -30.1037 6.575 15.5629
      vertex -28.8088 1.6 14.1013
      vertex -30.1037 1.6 15.5629
    endloop
  endfacet
  facet normal -0.568088 0 -0.822968
    outer loop
      vertex -31.7107 1.6 16.6722
      vertex -30.1037 6.575 15.5629
      vertex -30.1037 1.6 15.5629
    endloop
  endfacet
  facet normal -0.568088 0 -0.822968
    outer loop
      vertex -30.1037 6.575 15.5629
      vertex -31.7107 1.6 16.6722
      vertex -31.7107 6.575 16.6722
    endloop
  endfacet
  facet normal -1 0 0
    outer loop
      vertex -27.4341 6.585 -10.4763
      vertex -27.4341 6.575 7.79152
      vertex -27.4341 6.585 7.79152
    endloop
  endfacet
  facet normal -1 0 0
    outer loop
      vertex -27.4341 1.6 -10.4763
      vertex -27.4341 6.575 7.79152
      vertex -27.4341 6.585 -10.4763
    endloop
  endfacet
  facet normal -1 0 0
    outer loop
      vertex -27.4341 1.6 10.4763
      vertex -27.4341 6.575 7.79152
      vertex -27.4341 1.6 -10.4763
    endloop
  endfacet
  facet normal -1 0 0
    outer loop
      vertex -27.4341 6.575 7.79152
      vertex -27.4341 1.6 10.4763
      vertex -27.4341 6.575 10.4763
    endloop
  endfacet
  facet normal -0.970944 0 0.239305
    outer loop
      vertex -27.9014 1.6 -12.3723
      vertex -27.4341 6.585 -10.4763
      vertex -27.9014 6.585 -12.3723
    endloop
  endfacet
  facet normal -0.970944 0 0.239305
    outer loop
      vertex -27.4341 6.585 -10.4763
      vertex -27.9014 1.6 -12.3723
      vertex -27.4341 1.6 -10.4763
    endloop
  endfacet
  facet normal 0.568088 0 -0.822968
    outer loop
      vertex -40.8463 1.6 15.5629
      vertex -39.2393 6.575 16.6722
      vertex -39.2393 1.6 16.6722
    endloop
  endfacet
  facet normal 0.568088 0 -0.822968
    outer loop
      vertex -39.2393 6.575 16.6722
      vertex -40.8463 1.6 15.5629
      vertex -40.8463 6.575 15.5629
    endloop
  endfacet
  facet normal -0.120549 0 -0.992707
    outer loop
      vertex -35.475 1.6 17.6
      vertex -33.5365 6.575 17.3646
      vertex -33.5365 1.6 17.3646
    endloop
  endfacet
  facet normal -0.120549 0 -0.992707
    outer loop
      vertex -33.5365 6.575 17.3646
      vertex -35.475 1.6 17.6
      vertex -35.475 6.575 17.6
    endloop
  endfacet
  facet normal -0.354589 0 -0.935022
    outer loop
      vertex -33.5365 1.6 17.3646
      vertex -31.7107 6.575 16.6722
      vertex -31.7107 1.6 16.6722
    endloop
  endfacet
  facet normal -0.354589 0 -0.935022
    outer loop
      vertex -31.7107 6.575 16.6722
      vertex -33.5365 1.6 17.3646
      vertex -33.5365 6.575 17.3646
    endloop
  endfacet
  facet normal -0.970944 0 -0.239305
    outer loop
      vertex -27.4341 1.6 10.4763
      vertex -27.9014 6.575 12.3723
      vertex -27.4341 6.575 10.4763
    endloop
  endfacet
  facet normal -0.970944 -0 -0.239305
    outer loop
      vertex -27.9014 6.575 12.3723
      vertex -27.4341 1.6 10.4763
      vertex -27.9014 1.6 12.3723
    endloop
  endfacet
  facet normal -0.885466 0 0.464703
    outer loop
      vertex -28.8088 1.6 -14.1013
      vertex -27.9014 6.585 -12.3723
      vertex -28.8088 6.585 -14.1013
    endloop
  endfacet
  facet normal -0.885466 0 0.464703
    outer loop
      vertex -27.9014 6.585 -12.3723
      vertex -28.8088 1.6 -14.1013
      vertex -27.9014 1.6 -12.3723
    endloop
  endfacet
  facet normal 0.970944 0 -0.239305
    outer loop
      vertex -43.0486 1.6 12.3723
      vertex -43.5159 6.575 10.4763
      vertex -43.0486 6.575 12.3723
    endloop
  endfacet
  facet normal 0.970944 0 -0.239305
    outer loop
      vertex -43.5159 6.575 10.4763
      vertex -43.0486 1.6 12.3723
      vertex -43.5159 1.6 10.4763
    endloop
  endfacet
  facet normal 0.748502 0 -0.663133
    outer loop
      vertex -40.8463 1.6 15.5629
      vertex -42.1412 6.575 14.1013
      vertex -40.8463 6.575 15.5629
    endloop
  endfacet
  facet normal 0.748502 0 -0.663133
    outer loop
      vertex -42.1412 6.575 14.1013
      vertex -40.8463 1.6 15.5629
      vertex -42.1412 1.6 14.1013
    endloop
  endfacet
  facet normal 0.354589 0 -0.935022
    outer loop
      vertex -39.2393 1.6 16.6722
      vertex -37.4135 6.575 17.3646
      vertex -37.4135 1.6 17.3646
    endloop
  endfacet
  facet normal 0.354589 0 -0.935022
    outer loop
      vertex -37.4135 6.575 17.3646
      vertex -39.2393 1.6 16.6722
      vertex -39.2393 6.575 16.6722
    endloop
  endfacet
  facet normal 1 0 0
    outer loop
      vertex -43.5159 6.575 10.4763
      vertex -43.5159 1.6 10.4763
      vertex -43.5159 6.575 7.79152
    endloop
  endfacet
  facet normal 1 -0 0
    outer loop
      vertex -43.5159 6.575 7.79152
      vertex -43.5159 6.585 -10.4763
      vertex -43.5159 6.585 7.79152
    endloop
  endfacet
  facet normal 1 0 0
    outer loop
      vertex -43.5159 1.6 -10.4763
      vertex -43.5159 6.575 7.79152
      vertex -43.5159 1.6 10.4763
    endloop
  endfacet
  facet normal 1 0 0
    outer loop
      vertex -43.5159 6.575 7.79152
      vertex -43.5159 1.6 -10.4763
      vertex -43.5159 6.585 -10.4763
    endloop
  endfacet
  facet normal 0.354589 0 0.935022
    outer loop
      vertex -39.2393 6.585 -16.6722
      vertex -37.4135 1.6 -17.3646
      vertex -37.4135 6.585 -17.3646
    endloop
  endfacet
  facet normal 0.354589 0 0.935022
    outer loop
      vertex -37.4135 1.6 -17.3646
      vertex -39.2393 6.585 -16.6722
      vertex -39.2393 1.6 -16.6722
    endloop
  endfacet
  facet normal -0.885466 0 -0.464703
    outer loop
      vertex -27.9014 1.6 12.3723
      vertex -28.8088 6.575 14.1013
      vertex -27.9014 6.575 12.3723
    endloop
  endfacet
  facet normal -0.885466 -0 -0.464703
    outer loop
      vertex -28.8088 6.575 14.1013
      vertex -27.9014 1.6 12.3723
      vertex -28.8088 1.6 14.1013
    endloop
  endfacet
  facet normal -0.748502 0 0.663133
    outer loop
      vertex -30.1037 1.6 -15.5629
      vertex -28.8088 6.585 -14.1013
      vertex -30.1037 6.585 -15.5629
    endloop
  endfacet
  facet normal -0.748502 0 0.663133
    outer loop
      vertex -28.8088 6.585 -14.1013
      vertex -30.1037 1.6 -15.5629
      vertex -28.8088 1.6 -14.1013
    endloop
  endfacet
  facet normal -0.568088 0 0.822968
    outer loop
      vertex -31.7107 6.585 -16.6722
      vertex -30.1037 1.6 -15.5629
      vertex -30.1037 6.585 -15.5629
    endloop
  endfacet
  facet normal -0.568088 0 0.822968
    outer loop
      vertex -30.1037 1.6 -15.5629
      vertex -31.7107 6.585 -16.6722
      vertex -31.7107 1.6 -16.6722
    endloop
  endfacet
  facet normal 0.885466 0 -0.464703
    outer loop
      vertex -42.1412 1.6 14.1013
      vertex -43.0486 6.575 12.3723
      vertex -42.1412 6.575 14.1013
    endloop
  endfacet
  facet normal 0.885466 0 -0.464703
    outer loop
      vertex -43.0486 6.575 12.3723
      vertex -42.1412 1.6 14.1013
      vertex -43.0486 1.6 12.3723
    endloop
  endfacet
  facet normal 0.120549 0 -0.992707
    outer loop
      vertex -37.4135 1.6 17.3646
      vertex -35.475 6.575 17.6
      vertex -35.475 1.6 17.6
    endloop
  endfacet
  facet normal 0.120549 0 -0.992707
    outer loop
      vertex -35.475 6.575 17.6
      vertex -37.4135 1.6 17.3646
      vertex -37.4135 6.575 17.3646
    endloop
  endfacet
  facet normal 0.885466 -0 0.464703
    outer loop
      vertex -43.0486 1.6 -12.3723
      vertex -42.1412 6.585 -14.1013
      vertex -43.0486 6.585 -12.3723
    endloop
  endfacet
  facet normal 0.885466 0 0.464703
    outer loop
      vertex -42.1412 6.585 -14.1013
      vertex -43.0486 1.6 -12.3723
      vertex -42.1412 1.6 -14.1013
    endloop
  endfacet
  facet normal 0.970944 -0 0.239305
    outer loop
      vertex -43.5159 1.6 -10.4763
      vertex -43.0486 6.585 -12.3723
      vertex -43.5159 6.585 -10.4763
    endloop
  endfacet
  facet normal 0.970944 0 0.239305
    outer loop
      vertex -43.0486 6.585 -12.3723
      vertex -43.5159 1.6 -10.4763
      vertex -43.0486 1.6 -12.3723
    endloop
  endfacet
  facet normal 0.748502 -0 0.663133
    outer loop
      vertex -42.1412 1.6 -14.1013
      vertex -40.8463 6.585 -15.5629
      vertex -42.1412 6.585 -14.1013
    endloop
  endfacet
  facet normal 0.748502 0 0.663133
    outer loop
      vertex -40.8463 6.585 -15.5629
      vertex -42.1412 1.6 -14.1013
      vertex -40.8463 1.6 -15.5629
    endloop
  endfacet
  facet normal 0.568088 0 0.822968
    outer loop
      vertex -40.8463 6.585 -15.5629
      vertex -39.2393 1.6 -16.6722
      vertex -39.2393 6.585 -16.6722
    endloop
  endfacet
  facet normal 0.568088 0 0.822968
    outer loop
      vertex -39.2393 1.6 -16.6722
      vertex -40.8463 6.585 -15.5629
      vertex -40.8463 1.6 -15.5629
    endloop
  endfacet
endsolid OpenSCAD_Model
