solid OpenSCAD_Model
  facet normal 0 0.0489209 -0.998803
    outer loop
      vertex -17.5 13.5 26.625
      vertex 17.5 13.647 26.6322
      vertex 17.5 13.5 26.625
    endloop
  endfacet
  facet normal 0 0.0489209 -0.998803
    outer loop
      vertex 17.5 13.647 26.6322
      vertex -17.5 13.5 26.625
      vertex -17.5 13.647 26.6322
    endloop
  endfacet
  facet normal 0 -0.998803 -0.0489209
    outer loop
      vertex -17.5 12.0072 27.978
      vertex -16.5 12 28.125
      vertex -17.5 12 28.125
    endloop
  endfacet
  facet normal 0 -0.998803 -0.0489209
    outer loop
      vertex -16.5 12 28.125
      vertex -17.5 12.0072 27.978
      vertex 16.5 12 28.125
    endloop
  endfacet
  facet normal -0 -0.998803 -0.0489209
    outer loop
      vertex 17.5 12.0072 27.978
      vertex 16.5 12 28.125
      vertex -17.5 12.0072 27.978
    endloop
  endfacet
  facet normal 0 -0.998803 -0.0489209
    outer loop
      vertex 16.5 12 28.125
      vertex 17.5 12.0072 27.978
      vertex 17.5 12 28.125
    endloop
  endfacet
  facet normal 0 -0.243175 -0.969982
    outer loop
      vertex -17.5 13.0646 26.6896
      vertex 17.5 13.2074 26.6538
      vertex 17.5 13.0646 26.6896
    endloop
  endfacet
  facet normal -0 -0.243175 -0.969982
    outer loop
      vertex 17.5 13.2074 26.6538
      vertex -17.5 13.0646 26.6896
      vertex -17.5 13.2074 26.6538
    endloop
  endfacet
  facet normal 0 -0.941527 -0.336939
    outer loop
      vertex -17.5 12.1142 27.551
      vertex 17.5 12.0646 27.6896
      vertex -17.5 12.0646 27.6896
    endloop
  endfacet
  facet normal 0 -0.941527 -0.336939
    outer loop
      vertex 17.5 12.0646 27.6896
      vertex -17.5 12.1142 27.551
      vertex 17.5 12.1142 27.551
    endloop
  endfacet
  facet normal 0 0.146746 -0.989174
    outer loop
      vertex -17.5 13.647 26.6322
      vertex 17.5 13.7926 26.6538
      vertex 17.5 13.647 26.6322
    endloop
  endfacet
  facet normal 0 0.146746 -0.989174
    outer loop
      vertex 17.5 13.7926 26.6538
      vertex -17.5 13.647 26.6322
      vertex -17.5 13.7926 26.6538
    endloop
  endfacet
  facet normal 0 0.336939 -0.941527
    outer loop
      vertex -17.5 13.9354 26.6896
      vertex 17.5 14.074 26.7392
      vertex 17.5 13.9354 26.6896
    endloop
  endfacet
  facet normal 0 0.336939 -0.941527
    outer loop
      vertex 17.5 14.074 26.7392
      vertex -17.5 13.9354 26.6896
      vertex -17.5 14.074 26.7392
    endloop
  endfacet
  facet normal 0 0.671251 -0.74123
    outer loop
      vertex -17.5 14.4516 26.9655
      vertex 17.5 14.5607 27.0643
      vertex 17.5 14.4516 26.9655
    endloop
  endfacet
  facet normal 0 0.671251 -0.74123
    outer loop
      vertex 17.5 14.5607 27.0643
      vertex -17.5 14.4516 26.9655
      vertex -17.5 14.5607 27.0643
    endloop
  endfacet
  facet normal 0 0.514096 -0.857733
    outer loop
      vertex -17.5 14.2071 26.8021
      vertex 17.5 14.3334 26.8778
      vertex 17.5 14.2071 26.8021
    endloop
  endfacet
  facet normal 0 0.514096 -0.857733
    outer loop
      vertex 17.5 14.3334 26.8778
      vertex -17.5 14.2071 26.8021
      vertex -17.5 14.3334 26.8778
    endloop
  endfacet
  facet normal 0 0.969982 -0.243175
    outer loop
      vertex 17.5 14.9354 27.6896
      vertex -17.5 14.9712 27.8324
      vertex 17.5 14.9712 27.8324
    endloop
  endfacet
  facet normal 0 0.969982 -0.243175
    outer loop
      vertex -17.5 14.9712 27.8324
      vertex 17.5 14.9354 27.6896
      vertex -17.5 14.9354 27.6896
    endloop
  endfacet
  facet normal 0 0.998803 -0.0489209
    outer loop
      vertex 17.5 14.9928 27.978
      vertex 12.35 15 28.125
      vertex 17.5 15 28.125
    endloop
  endfacet
  facet normal 0 0.998803 -0.0489209
    outer loop
      vertex 12.35 15 28.125
      vertex 17.5 14.9928 27.978
      vertex 11.35 15 28.125
    endloop
  endfacet
  facet normal 0 0.998803 -0.0489209
    outer loop
      vertex 11.35 15 28.125
      vertex 17.5 14.9928 27.978
      vertex -11.35 15 28.125
    endloop
  endfacet
  facet normal 0 0.998803 -0.0489209
    outer loop
      vertex -17.5 14.9928 27.978
      vertex -11.35 15 28.125
      vertex 17.5 14.9928 27.978
    endloop
  endfacet
  facet normal 0 0.998803 -0.0489209
    outer loop
      vertex -11.35 15 28.125
      vertex -17.5 14.9928 27.978
      vertex -12.35 15 28.125
    endloop
  endfacet
  facet normal 0 0.998803 -0.0489209
    outer loop
      vertex -12.35 15 28.125
      vertex -17.5 14.9928 27.978
      vertex -17.5 15 28.125
    endloop
  endfacet
  facet normal 0 0.904125 -0.427269
    outer loop
      vertex 17.5 14.8229 27.4179
      vertex -17.5 14.8858 27.551
      vertex 17.5 14.8858 27.551
    endloop
  endfacet
  facet normal 0 0.904125 -0.427269
    outer loop
      vertex -17.5 14.8858 27.551
      vertex 17.5 14.8229 27.4179
      vertex -17.5 14.8229 27.4179
    endloop
  endfacet
  facet normal 0 0.803088 -0.595861
    outer loop
      vertex 17.5 14.6595 27.1734
      vertex -17.5 14.7472 27.2916
      vertex 17.5 14.7472 27.2916
    endloop
  endfacet
  facet normal 0 0.803088 -0.595861
    outer loop
      vertex -17.5 14.7472 27.2916
      vertex 17.5 14.6595 27.1734
      vertex -17.5 14.6595 27.1734
    endloop
  endfacet
  facet normal 0 -0.0489209 -0.998803
    outer loop
      vertex -17.5 13.353 26.6322
      vertex 17.5 13.5 26.625
      vertex 17.5 13.353 26.6322
    endloop
  endfacet
  facet normal -0 -0.0489209 -0.998803
    outer loop
      vertex 17.5 13.5 26.625
      vertex -17.5 13.353 26.6322
      vertex -17.5 13.5 26.625
    endloop
  endfacet
  facet normal 0 -0.671251 -0.74123
    outer loop
      vertex -17.5 12.4393 27.0643
      vertex 17.5 12.5484 26.9655
      vertex 17.5 12.4393 27.0643
    endloop
  endfacet
  facet normal -0 -0.671251 -0.74123
    outer loop
      vertex 17.5 12.5484 26.9655
      vertex -17.5 12.4393 27.0643
      vertex -17.5 12.5484 26.9655
    endloop
  endfacet
  facet normal 0 0.243175 -0.969982
    outer loop
      vertex -17.5 13.7926 26.6538
      vertex 17.5 13.9354 26.6896
      vertex 17.5 13.7926 26.6538
    endloop
  endfacet
  facet normal 0 0.243175 -0.969982
    outer loop
      vertex 17.5 13.9354 26.6896
      vertex -17.5 13.7926 26.6538
      vertex -17.5 13.9354 26.6896
    endloop
  endfacet
  facet normal 0 0.427269 -0.904125
    outer loop
      vertex -17.5 14.074 26.7392
      vertex 17.5 14.2071 26.8021
      vertex 17.5 14.074 26.7392
    endloop
  endfacet
  facet normal 0 0.427269 -0.904125
    outer loop
      vertex 17.5 14.2071 26.8021
      vertex -17.5 14.074 26.7392
      vertex -17.5 14.2071 26.8021
    endloop
  endfacet
  facet normal 0 0.74123 -0.671251
    outer loop
      vertex 17.5 14.5607 27.0643
      vertex -17.5 14.6595 27.1734
      vertex 17.5 14.6595 27.1734
    endloop
  endfacet
  facet normal 0 0.74123 -0.671251
    outer loop
      vertex -17.5 14.6595 27.1734
      vertex 17.5 14.5607 27.0643
      vertex -17.5 14.5607 27.0643
    endloop
  endfacet
  facet normal 0 0.595861 -0.803088
    outer loop
      vertex -17.5 14.3334 26.8778
      vertex 17.5 14.4516 26.9655
      vertex 17.5 14.3334 26.8778
    endloop
  endfacet
  facet normal 0 0.595861 -0.803088
    outer loop
      vertex 17.5 14.4516 26.9655
      vertex -17.5 14.3334 26.8778
      vertex -17.5 14.4516 26.9655
    endloop
  endfacet
  facet normal 0 0.989174 -0.146746
    outer loop
      vertex 17.5 14.9712 27.8324
      vertex -17.5 14.9928 27.978
      vertex 17.5 14.9928 27.978
    endloop
  endfacet
  facet normal 0 0.989174 -0.146746
    outer loop
      vertex -17.5 14.9928 27.978
      vertex 17.5 14.9712 27.8324
      vertex -17.5 14.9712 27.8324
    endloop
  endfacet
  facet normal 0 0.941527 -0.336939
    outer loop
      vertex 17.5 14.8858 27.551
      vertex -17.5 14.9354 27.6896
      vertex 17.5 14.9354 27.6896
    endloop
  endfacet
  facet normal 0 0.941527 -0.336939
    outer loop
      vertex -17.5 14.9354 27.6896
      vertex 17.5 14.8858 27.551
      vertex -17.5 14.8858 27.551
    endloop
  endfacet
  facet normal 0 0.857733 -0.514096
    outer loop
      vertex 17.5 14.7472 27.2916
      vertex -17.5 14.8229 27.4179
      vertex 17.5 14.8229 27.4179
    endloop
  endfacet
  facet normal 0 0.857733 -0.514096
    outer loop
      vertex -17.5 14.8229 27.4179
      vertex 17.5 14.7472 27.2916
      vertex -17.5 14.7472 27.2916
    endloop
  endfacet
  facet normal 0 -0.146746 -0.989174
    outer loop
      vertex -17.5 13.2074 26.6538
      vertex 17.5 13.353 26.6322
      vertex 17.5 13.2074 26.6538
    endloop
  endfacet
  facet normal -0 -0.146746 -0.989174
    outer loop
      vertex 17.5 13.353 26.6322
      vertex -17.5 13.2074 26.6538
      vertex -17.5 13.353 26.6322
    endloop
  endfacet
  facet normal 0 -0.857733 -0.514096
    outer loop
      vertex -17.5 12.2528 27.2916
      vertex 17.5 12.1771 27.4179
      vertex -17.5 12.1771 27.4179
    endloop
  endfacet
  facet normal 0 -0.857733 -0.514096
    outer loop
      vertex 17.5 12.1771 27.4179
      vertex -17.5 12.2528 27.2916
      vertex 17.5 12.2528 27.2916
    endloop
  endfacet
  facet normal 0 -0.74123 -0.671251
    outer loop
      vertex -17.5 12.4393 27.0643
      vertex 17.5 12.3405 27.1734
      vertex -17.5 12.3405 27.1734
    endloop
  endfacet
  facet normal 0 -0.74123 -0.671251
    outer loop
      vertex 17.5 12.3405 27.1734
      vertex -17.5 12.4393 27.0643
      vertex 17.5 12.4393 27.0643
    endloop
  endfacet
  facet normal 0 -0.427269 -0.904125
    outer loop
      vertex -17.5 12.7929 26.8021
      vertex 17.5 12.926 26.7392
      vertex 17.5 12.7929 26.8021
    endloop
  endfacet
  facet normal -0 -0.427269 -0.904125
    outer loop
      vertex 17.5 12.926 26.7392
      vertex -17.5 12.7929 26.8021
      vertex -17.5 12.926 26.7392
    endloop
  endfacet
  facet normal 0 -0.595861 -0.803088
    outer loop
      vertex -17.5 12.5484 26.9655
      vertex 17.5 12.6666 26.8778
      vertex 17.5 12.5484 26.9655
    endloop
  endfacet
  facet normal -0 -0.595861 -0.803088
    outer loop
      vertex 17.5 12.6666 26.8778
      vertex -17.5 12.5484 26.9655
      vertex -17.5 12.6666 26.8778
    endloop
  endfacet
  facet normal 1 0 0
    outer loop
      vertex 17.5 15 28.125
      vertex 17.5 14.9712 27.8324
      vertex 17.5 14.9928 27.978
    endloop
  endfacet
  facet normal 1 0 0
    outer loop
      vertex 17.5 15 28.125
      vertex 17.5 14.9354 27.6896
      vertex 17.5 14.9712 27.8324
    endloop
  endfacet
  facet normal 1 0 0
    outer loop
      vertex 17.5 15 28.125
      vertex 17.5 14.8858 27.551
      vertex 17.5 14.9354 27.6896
    endloop
  endfacet
  facet normal 1 0 0
    outer loop
      vertex 17.5 15 28.125
      vertex 17.5 14.8229 27.4179
      vertex 17.5 14.8858 27.551
    endloop
  endfacet
  facet normal 1 0 0
    outer loop
      vertex 17.5 15 28.125
      vertex 17.5 14.7472 27.2916
      vertex 17.5 14.8229 27.4179
    endloop
  endfacet
  facet normal 1 0 0
    outer loop
      vertex 17.5 15 28.125
      vertex 17.5 14.6595 27.1734
      vertex 17.5 14.7472 27.2916
    endloop
  endfacet
  facet normal 1 0 0
    outer loop
      vertex 17.5 15 28.125
      vertex 17.5 14.5607 27.0643
      vertex 17.5 14.6595 27.1734
    endloop
  endfacet
  facet normal 1 0 0
    outer loop
      vertex 17.5 15 28.125
      vertex 17.5 14.4516 26.9655
      vertex 17.5 14.5607 27.0643
    endloop
  endfacet
  facet normal 1 0 0
    outer loop
      vertex 17.5 15 28.125
      vertex 17.5 14.3334 26.8778
      vertex 17.5 14.4516 26.9655
    endloop
  endfacet
  facet normal 1 0 0
    outer loop
      vertex 17.5 15 28.125
      vertex 17.5 14.2071 26.8021
      vertex 17.5 14.3334 26.8778
    endloop
  endfacet
  facet normal 1 0 0
    outer loop
      vertex 17.5 15 28.125
      vertex 17.5 14.074 26.7392
      vertex 17.5 14.2071 26.8021
    endloop
  endfacet
  facet normal 1 0 0
    outer loop
      vertex 17.5 15 28.125
      vertex 17.5 13.9354 26.6896
      vertex 17.5 14.074 26.7392
    endloop
  endfacet
  facet normal 1 0 0
    outer loop
      vertex 17.5 15 28.125
      vertex 17.5 13.7926 26.6538
      vertex 17.5 13.9354 26.6896
    endloop
  endfacet
  facet normal 1 0 0
    outer loop
      vertex 17.5 15 28.125
      vertex 17.5 13.647 26.6322
      vertex 17.5 13.7926 26.6538
    endloop
  endfacet
  facet normal 1 0 0
    outer loop
      vertex 17.5 15 28.125
      vertex 17.5 13.5 26.625
      vertex 17.5 13.647 26.6322
    endloop
  endfacet
  facet normal 1 0 0
    outer loop
      vertex 17.5 15 28.125
      vertex 17.5 13.353 26.6322
      vertex 17.5 13.5 26.625
    endloop
  endfacet
  facet normal 1 0 0
    outer loop
      vertex 17.5 15 28.125
      vertex 17.5 13.2074 26.6538
      vertex 17.5 13.353 26.6322
    endloop
  endfacet
  facet normal 1 0 0
    outer loop
      vertex 17.5 15 28.125
      vertex 17.5 13.0646 26.6896
      vertex 17.5 13.2074 26.6538
    endloop
  endfacet
  facet normal 1 0 0
    outer loop
      vertex 17.5 15 28.125
      vertex 17.5 12.926 26.7392
      vertex 17.5 13.0646 26.6896
    endloop
  endfacet
  facet normal 1 0 0
    outer loop
      vertex 17.5 15 28.125
      vertex 17.5 12.7929 26.8021
      vertex 17.5 12.926 26.7392
    endloop
  endfacet
  facet normal 1 0 0
    outer loop
      vertex 17.5 15 28.125
      vertex 17.5 12.6666 26.8778
      vertex 17.5 12.7929 26.8021
    endloop
  endfacet
  facet normal 1 0 0
    outer loop
      vertex 17.5 15 28.125
      vertex 17.5 12.5484 26.9655
      vertex 17.5 12.6666 26.8778
    endloop
  endfacet
  facet normal 1 0 0
    outer loop
      vertex 17.5 15 28.125
      vertex 17.5 12.4393 27.0643
      vertex 17.5 12.5484 26.9655
    endloop
  endfacet
  facet normal 1 0 0
    outer loop
      vertex 17.5 15 28.125
      vertex 17.5 12.3405 27.1734
      vertex 17.5 12.4393 27.0643
    endloop
  endfacet
  facet normal 1 0 0
    outer loop
      vertex 17.5 15 28.125
      vertex 17.5 12.2528 27.2916
      vertex 17.5 12.3405 27.1734
    endloop
  endfacet
  facet normal 1 0 0
    outer loop
      vertex 17.5 15 28.125
      vertex 17.5 12.1771 27.4179
      vertex 17.5 12.2528 27.2916
    endloop
  endfacet
  facet normal 1 0 0
    outer loop
      vertex 17.5 15 28.125
      vertex 17.5 12.1142 27.551
      vertex 17.5 12.1771 27.4179
    endloop
  endfacet
  facet normal 1 0 0
    outer loop
      vertex 17.5 15 28.125
      vertex 17.5 12.0646 27.6896
      vertex 17.5 12.1142 27.551
    endloop
  endfacet
  facet normal 1 0 0
    outer loop
      vertex 17.5 15 28.125
      vertex 17.5 12.0288 27.8324
      vertex 17.5 12.0646 27.6896
    endloop
  endfacet
  facet normal 1 0 0
    outer loop
      vertex 17.5 15 28.125
      vertex 17.5 12.0072 27.978
      vertex 17.5 12.0288 27.8324
    endloop
  endfacet
  facet normal 1 0 -0
    outer loop
      vertex 17.5 12.0072 27.978
      vertex 17.5 15 28.125
      vertex 17.5 12 28.125
    endloop
  endfacet
  facet normal 0 -0.904125 -0.427269
    outer loop
      vertex -17.5 12.1771 27.4179
      vertex 17.5 12.1142 27.551
      vertex -17.5 12.1142 27.551
    endloop
  endfacet
  facet normal 0 -0.904125 -0.427269
    outer loop
      vertex 17.5 12.1142 27.551
      vertex -17.5 12.1771 27.4179
      vertex 17.5 12.1771 27.4179
    endloop
  endfacet
  facet normal 0 -0.336939 -0.941527
    outer loop
      vertex -17.5 12.926 26.7392
      vertex 17.5 13.0646 26.6896
      vertex 17.5 12.926 26.7392
    endloop
  endfacet
  facet normal -0 -0.336939 -0.941527
    outer loop
      vertex 17.5 13.0646 26.6896
      vertex -17.5 12.926 26.7392
      vertex -17.5 13.0646 26.6896
    endloop
  endfacet
  facet normal 0 -0.514096 -0.857733
    outer loop
      vertex -17.5 12.6666 26.8778
      vertex 17.5 12.7929 26.8021
      vertex 17.5 12.6666 26.8778
    endloop
  endfacet
  facet normal -0 -0.514096 -0.857733
    outer loop
      vertex 17.5 12.7929 26.8021
      vertex -17.5 12.6666 26.8778
      vertex -17.5 12.7929 26.8021
    endloop
  endfacet
  facet normal -1 0 0
    outer loop
      vertex -17.5 14.9712 27.8324
      vertex -17.5 15 28.125
      vertex -17.5 14.9928 27.978
    endloop
  endfacet
  facet normal -1 0 0
    outer loop
      vertex -17.5 14.9354 27.6896
      vertex -17.5 15 28.125
      vertex -17.5 14.9712 27.8324
    endloop
  endfacet
  facet normal -1 0 0
    outer loop
      vertex -17.5 14.8858 27.551
      vertex -17.5 15 28.125
      vertex -17.5 14.9354 27.6896
    endloop
  endfacet
  facet normal -1 0 0
    outer loop
      vertex -17.5 14.8229 27.4179
      vertex -17.5 15 28.125
      vertex -17.5 14.8858 27.551
    endloop
  endfacet
  facet normal -1 0 0
    outer loop
      vertex -17.5 14.7472 27.2916
      vertex -17.5 15 28.125
      vertex -17.5 14.8229 27.4179
    endloop
  endfacet
  facet normal -1 0 0
    outer loop
      vertex -17.5 14.6595 27.1734
      vertex -17.5 15 28.125
      vertex -17.5 14.7472 27.2916
    endloop
  endfacet
  facet normal -1 0 0
    outer loop
      vertex -17.5 14.5607 27.0643
      vertex -17.5 15 28.125
      vertex -17.5 14.6595 27.1734
    endloop
  endfacet
  facet normal -1 0 0
    outer loop
      vertex -17.5 14.4516 26.9655
      vertex -17.5 15 28.125
      vertex -17.5 14.5607 27.0643
    endloop
  endfacet
  facet normal -1 0 0
    outer loop
      vertex -17.5 14.3334 26.8778
      vertex -17.5 15 28.125
      vertex -17.5 14.4516 26.9655
    endloop
  endfacet
  facet normal -1 0 0
    outer loop
      vertex -17.5 14.2071 26.8021
      vertex -17.5 15 28.125
      vertex -17.5 14.3334 26.8778
    endloop
  endfacet
  facet normal -1 0 0
    outer loop
      vertex -17.5 14.074 26.7392
      vertex -17.5 15 28.125
      vertex -17.5 14.2071 26.8021
    endloop
  endfacet
  facet normal -1 0 0
    outer loop
      vertex -17.5 13.9354 26.6896
      vertex -17.5 15 28.125
      vertex -17.5 14.074 26.7392
    endloop
  endfacet
  facet normal -1 0 0
    outer loop
      vertex -17.5 13.7926 26.6538
      vertex -17.5 15 28.125
      vertex -17.5 13.9354 26.6896
    endloop
  endfacet
  facet normal -1 0 0
    outer loop
      vertex -17.5 13.647 26.6322
      vertex -17.5 15 28.125
      vertex -17.5 13.7926 26.6538
    endloop
  endfacet
  facet normal -1 0 0
    outer loop
      vertex -17.5 13.5 26.625
      vertex -17.5 15 28.125
      vertex -17.5 13.647 26.6322
    endloop
  endfacet
  facet normal -1 0 0
    outer loop
      vertex -17.5 13.353 26.6322
      vertex -17.5 15 28.125
      vertex -17.5 13.5 26.625
    endloop
  endfacet
  facet normal -1 0 0
    outer loop
      vertex -17.5 13.2074 26.6538
      vertex -17.5 15 28.125
      vertex -17.5 13.353 26.6322
    endloop
  endfacet
  facet normal -1 0 0
    outer loop
      vertex -17.5 13.0646 26.6896
      vertex -17.5 15 28.125
      vertex -17.5 13.2074 26.6538
    endloop
  endfacet
  facet normal -1 0 0
    outer loop
      vertex -17.5 12.926 26.7392
      vertex -17.5 15 28.125
      vertex -17.5 13.0646 26.6896
    endloop
  endfacet
  facet normal -1 0 0
    outer loop
      vertex -17.5 12.7929 26.8021
      vertex -17.5 15 28.125
      vertex -17.5 12.926 26.7392
    endloop
  endfacet
  facet normal -1 0 0
    outer loop
      vertex -17.5 12.6666 26.8778
      vertex -17.5 15 28.125
      vertex -17.5 12.7929 26.8021
    endloop
  endfacet
  facet normal -1 0 0
    outer loop
      vertex -17.5 12.5484 26.9655
      vertex -17.5 15 28.125
      vertex -17.5 12.6666 26.8778
    endloop
  endfacet
  facet normal -1 0 0
    outer loop
      vertex -17.5 12.4393 27.0643
      vertex -17.5 15 28.125
      vertex -17.5 12.5484 26.9655
    endloop
  endfacet
  facet normal -1 0 0
    outer loop
      vertex -17.5 12.3405 27.1734
      vertex -17.5 15 28.125
      vertex -17.5 12.4393 27.0643
    endloop
  endfacet
  facet normal -1 0 0
    outer loop
      vertex -17.5 12.2528 27.2916
      vertex -17.5 15 28.125
      vertex -17.5 12.3405 27.1734
    endloop
  endfacet
  facet normal -1 0 0
    outer loop
      vertex -17.5 12.1771 27.4179
      vertex -17.5 15 28.125
      vertex -17.5 12.2528 27.2916
    endloop
  endfacet
  facet normal -1 0 0
    outer loop
      vertex -17.5 12.1142 27.551
      vertex -17.5 15 28.125
      vertex -17.5 12.1771 27.4179
    endloop
  endfacet
  facet normal -1 0 0
    outer loop
      vertex -17.5 12.0646 27.6896
      vertex -17.5 15 28.125
      vertex -17.5 12.1142 27.551
    endloop
  endfacet
  facet normal -1 0 0
    outer loop
      vertex -17.5 12.0288 27.8324
      vertex -17.5 15 28.125
      vertex -17.5 12.0646 27.6896
    endloop
  endfacet
  facet normal -1 0 0
    outer loop
      vertex -17.5 12.0072 27.978
      vertex -17.5 15 28.125
      vertex -17.5 12.0288 27.8324
    endloop
  endfacet
  facet normal -1 -0 0
    outer loop
      vertex -17.5 15 28.125
      vertex -17.5 12.0072 27.978
      vertex -17.5 12 28.125
    endloop
  endfacet
  facet normal 0 -0.969982 -0.243175
    outer loop
      vertex -17.5 12.0646 27.6896
      vertex 17.5 12.0288 27.8324
      vertex -17.5 12.0288 27.8324
    endloop
  endfacet
  facet normal 0 -0.969982 -0.243175
    outer loop
      vertex 17.5 12.0288 27.8324
      vertex -17.5 12.0646 27.6896
      vertex 17.5 12.0646 27.6896
    endloop
  endfacet
  facet normal 0 -0.989174 -0.146746
    outer loop
      vertex -17.5 12.0288 27.8324
      vertex 17.5 12.0072 27.978
      vertex -17.5 12.0072 27.978
    endloop
  endfacet
  facet normal 0 -0.989174 -0.146746
    outer loop
      vertex 17.5 12.0072 27.978
      vertex -17.5 12.0288 27.8324
      vertex 17.5 12.0288 27.8324
    endloop
  endfacet
  facet normal 0 -0.803088 -0.595861
    outer loop
      vertex -17.5 12.3405 27.1734
      vertex 17.5 12.2528 27.2916
      vertex -17.5 12.2528 27.2916
    endloop
  endfacet
  facet normal 0 -0.803088 -0.595861
    outer loop
      vertex 17.5 12.2528 27.2916
      vertex -17.5 12.3405 27.1734
      vertex 17.5 12.3405 27.1734
    endloop
  endfacet
  facet normal 0 0.941527 0.336939
    outer loop
      vertex 17.5 14.9354 50.5604
      vertex -17.5 14.8858 50.699
      vertex 17.5 14.8858 50.699
    endloop
  endfacet
  facet normal 0 0.941527 0.336939
    outer loop
      vertex -17.5 14.8858 50.699
      vertex 17.5 14.9354 50.5604
      vertex -17.5 14.9354 50.5604
    endloop
  endfacet
  facet normal -0 0.427269 0.904125
    outer loop
      vertex -17.5 14.2071 51.4479
      vertex 17.5 14.074 51.5108
      vertex 17.5 14.2071 51.4479
    endloop
  endfacet
  facet normal 0 0.427269 0.904125
    outer loop
      vertex 17.5 14.074 51.5108
      vertex -17.5 14.2071 51.4479
      vertex -17.5 14.074 51.5108
    endloop
  endfacet
  facet normal -0 0.146746 0.989174
    outer loop
      vertex -17.5 13.7926 51.5962
      vertex 17.5 13.647 51.6178
      vertex 17.5 13.7926 51.5962
    endloop
  endfacet
  facet normal 0 0.146746 0.989174
    outer loop
      vertex 17.5 13.647 51.6178
      vertex -17.5 13.7926 51.5962
      vertex -17.5 13.647 51.6178
    endloop
  endfacet
  facet normal -0 0.671251 0.74123
    outer loop
      vertex -17.5 14.5607 51.1857
      vertex 17.5 14.4516 51.2845
      vertex 17.5 14.5607 51.1857
    endloop
  endfacet
  facet normal 0 0.671251 0.74123
    outer loop
      vertex 17.5 14.4516 51.2845
      vertex -17.5 14.5607 51.1857
      vertex -17.5 14.4516 51.2845
    endloop
  endfacet
  facet normal 0 0.989174 0.146746
    outer loop
      vertex 17.5 14.9928 50.272
      vertex -17.5 14.9712 50.4176
      vertex 17.5 14.9712 50.4176
    endloop
  endfacet
  facet normal 0 0.989174 0.146746
    outer loop
      vertex -17.5 14.9712 50.4176
      vertex 17.5 14.9928 50.272
      vertex -17.5 14.9928 50.272
    endloop
  endfacet
  facet normal -0 0.0489209 0.998803
    outer loop
      vertex -17.5 13.647 51.6178
      vertex 17.5 13.5 51.625
      vertex 17.5 13.647 51.6178
    endloop
  endfacet
  facet normal 0 0.0489209 0.998803
    outer loop
      vertex 17.5 13.5 51.625
      vertex -17.5 13.647 51.6178
      vertex -17.5 13.5 51.625
    endloop
  endfacet
  facet normal -0 0.336939 0.941527
    outer loop
      vertex -17.5 14.074 51.5108
      vertex 17.5 13.9354 51.5604
      vertex 17.5 14.074 51.5108
    endloop
  endfacet
  facet normal 0 0.336939 0.941527
    outer loop
      vertex 17.5 13.9354 51.5604
      vertex -17.5 14.074 51.5108
      vertex -17.5 13.9354 51.5604
    endloop
  endfacet
  facet normal -0 0.243175 0.969982
    outer loop
      vertex -17.5 13.9354 51.5604
      vertex 17.5 13.7926 51.5962
      vertex 17.5 13.9354 51.5604
    endloop
  endfacet
  facet normal 0 0.243175 0.969982
    outer loop
      vertex 17.5 13.7926 51.5962
      vertex -17.5 13.9354 51.5604
      vertex -17.5 13.7926 51.5962
    endloop
  endfacet
  facet normal -0 0.514096 0.857733
    outer loop
      vertex -17.5 14.3334 51.3722
      vertex 17.5 14.2071 51.4479
      vertex 17.5 14.3334 51.3722
    endloop
  endfacet
  facet normal 0 0.514096 0.857733
    outer loop
      vertex 17.5 14.2071 51.4479
      vertex -17.5 14.3334 51.3722
      vertex -17.5 14.2071 51.4479
    endloop
  endfacet
  facet normal -0 0.595861 0.803088
    outer loop
      vertex -17.5 14.4516 51.2845
      vertex 17.5 14.3334 51.3722
      vertex 17.5 14.4516 51.2845
    endloop
  endfacet
  facet normal 0 0.595861 0.803088
    outer loop
      vertex 17.5 14.3334 51.3722
      vertex -17.5 14.4516 51.2845
      vertex -17.5 14.3334 51.3722
    endloop
  endfacet
  facet normal 0 0.969982 0.243175
    outer loop
      vertex 17.5 14.9712 50.4176
      vertex -17.5 14.9354 50.5604
      vertex 17.5 14.9354 50.5604
    endloop
  endfacet
  facet normal 0 0.969982 0.243175
    outer loop
      vertex -17.5 14.9354 50.5604
      vertex 17.5 14.9712 50.4176
      vertex -17.5 14.9712 50.4176
    endloop
  endfacet
  facet normal -0 0.998803 0.0489209
    outer loop
      vertex 12.35 15 50.125
      vertex 17.5 14.9928 50.272
      vertex 17.5 15 50.125
    endloop
  endfacet
  facet normal -0 0.998803 0.0489209
    outer loop
      vertex 11.35 15 50.125
      vertex 17.5 14.9928 50.272
      vertex 12.35 15 50.125
    endloop
  endfacet
  facet normal 0 0.998803 0.0489209
    outer loop
      vertex 17.5 14.9928 50.272
      vertex 11.35 15 50.125
      vertex -17.5 14.9928 50.272
    endloop
  endfacet
  facet normal -0 0.998803 0.0489209
    outer loop
      vertex -11.35 15 50.125
      vertex -17.5 14.9928 50.272
      vertex 11.35 15 50.125
    endloop
  endfacet
  facet normal -0 0.998803 0.0489209
    outer loop
      vertex -12.35 15 50.125
      vertex -17.5 14.9928 50.272
      vertex -11.35 15 50.125
    endloop
  endfacet
  facet normal 0 0.998803 0.0489209
    outer loop
      vertex -17.5 14.9928 50.272
      vertex -12.35 15 50.125
      vertex -17.5 15 50.125
    endloop
  endfacet
  facet normal 0 0.857733 0.514096
    outer loop
      vertex 17.5 14.8229 50.8321
      vertex -17.5 14.7472 50.9584
      vertex 17.5 14.7472 50.9584
    endloop
  endfacet
  facet normal 0 0.857733 0.514096
    outer loop
      vertex -17.5 14.7472 50.9584
      vertex 17.5 14.8229 50.8321
      vertex -17.5 14.8229 50.8321
    endloop
  endfacet
  facet normal 0 0.803088 0.595861
    outer loop
      vertex 17.5 14.7472 50.9584
      vertex -17.5 14.6595 51.0766
      vertex 17.5 14.6595 51.0766
    endloop
  endfacet
  facet normal 0 0.803088 0.595861
    outer loop
      vertex -17.5 14.6595 51.0766
      vertex 17.5 14.7472 50.9584
      vertex -17.5 14.7472 50.9584
    endloop
  endfacet
  facet normal 0 0.904125 0.427269
    outer loop
      vertex 17.5 14.8858 50.699
      vertex -17.5 14.8229 50.8321
      vertex 17.5 14.8229 50.8321
    endloop
  endfacet
  facet normal 0 0.904125 0.427269
    outer loop
      vertex -17.5 14.8229 50.8321
      vertex 17.5 14.8858 50.699
      vertex -17.5 14.8858 50.699
    endloop
  endfacet
  facet normal 0 0.74123 0.671251
    outer loop
      vertex 17.5 14.6595 51.0766
      vertex -17.5 14.5607 51.1857
      vertex 17.5 14.5607 51.1857
    endloop
  endfacet
  facet normal 0 0.74123 0.671251
    outer loop
      vertex -17.5 14.5607 51.1857
      vertex 17.5 14.6595 51.0766
      vertex -17.5 14.6595 51.0766
    endloop
  endfacet
  facet normal 0 -0.243175 0.969982
    outer loop
      vertex -17.5 13.2074 51.5962
      vertex 17.5 13.0646 51.5604
      vertex 17.5 13.2074 51.5962
    endloop
  endfacet
  facet normal 0 -0.243175 0.969982
    outer loop
      vertex 17.5 13.0646 51.5604
      vertex -17.5 13.2074 51.5962
      vertex -17.5 13.0646 51.5604
    endloop
  endfacet
  facet normal 0 -0.427269 0.904125
    outer loop
      vertex -17.5 12.926 51.5108
      vertex 17.5 12.7929 51.4479
      vertex 17.5 12.926 51.5108
    endloop
  endfacet
  facet normal 0 -0.427269 0.904125
    outer loop
      vertex 17.5 12.7929 51.4479
      vertex -17.5 12.926 51.5108
      vertex -17.5 12.7929 51.4479
    endloop
  endfacet
  facet normal 0 -0.336939 0.941527
    outer loop
      vertex -17.5 13.0646 51.5604
      vertex 17.5 12.926 51.5108
      vertex 17.5 13.0646 51.5604
    endloop
  endfacet
  facet normal 0 -0.336939 0.941527
    outer loop
      vertex 17.5 12.926 51.5108
      vertex -17.5 13.0646 51.5604
      vertex -17.5 12.926 51.5108
    endloop
  endfacet
  facet normal 0 -0.941527 0.336939
    outer loop
      vertex -17.5 12.0646 50.5604
      vertex 17.5 12.1142 50.699
      vertex -17.5 12.1142 50.699
    endloop
  endfacet
  facet normal 0 -0.941527 0.336939
    outer loop
      vertex 17.5 12.1142 50.699
      vertex -17.5 12.0646 50.5604
      vertex 17.5 12.0646 50.5604
    endloop
  endfacet
  facet normal 0 -0.998803 0.0489209
    outer loop
      vertex -16.5 12 50.125
      vertex -17.5 12.0072 50.272
      vertex -17.5 12 50.125
    endloop
  endfacet
  facet normal 0 -0.998803 0.0489209
    outer loop
      vertex -17.5 12.0072 50.272
      vertex -16.5 12 50.125
      vertex 17.5 12.0072 50.272
    endloop
  endfacet
  facet normal 0 -0.998803 0.0489209
    outer loop
      vertex 16.5 12 50.125
      vertex 17.5 12.0072 50.272
      vertex -16.5 12 50.125
    endloop
  endfacet
  facet normal 0 -0.998803 0.0489209
    outer loop
      vertex 17.5 12.0072 50.272
      vertex 16.5 12 50.125
      vertex 17.5 12 50.125
    endloop
  endfacet
  facet normal -1 0 0
    outer loop
      vertex -17.5 15 50.125
      vertex -17.5 14.9712 50.4176
      vertex -17.5 14.9928 50.272
    endloop
  endfacet
  facet normal -1 0 0
    outer loop
      vertex -17.5 15 50.125
      vertex -17.5 14.9354 50.5604
      vertex -17.5 14.9712 50.4176
    endloop
  endfacet
  facet normal -1 0 0
    outer loop
      vertex -17.5 15 50.125
      vertex -17.5 14.8858 50.699
      vertex -17.5 14.9354 50.5604
    endloop
  endfacet
  facet normal -1 0 0
    outer loop
      vertex -17.5 15 50.125
      vertex -17.5 14.8229 50.8321
      vertex -17.5 14.8858 50.699
    endloop
  endfacet
  facet normal -1 0 0
    outer loop
      vertex -17.5 15 50.125
      vertex -17.5 14.7472 50.9584
      vertex -17.5 14.8229 50.8321
    endloop
  endfacet
  facet normal -1 0 0
    outer loop
      vertex -17.5 15 50.125
      vertex -17.5 14.6595 51.0766
      vertex -17.5 14.7472 50.9584
    endloop
  endfacet
  facet normal -1 0 0
    outer loop
      vertex -17.5 15 50.125
      vertex -17.5 14.5607 51.1857
      vertex -17.5 14.6595 51.0766
    endloop
  endfacet
  facet normal -1 0 0
    outer loop
      vertex -17.5 15 50.125
      vertex -17.5 14.4516 51.2845
      vertex -17.5 14.5607 51.1857
    endloop
  endfacet
  facet normal -1 0 0
    outer loop
      vertex -17.5 15 50.125
      vertex -17.5 14.3334 51.3722
      vertex -17.5 14.4516 51.2845
    endloop
  endfacet
  facet normal -1 0 0
    outer loop
      vertex -17.5 15 50.125
      vertex -17.5 14.2071 51.4479
      vertex -17.5 14.3334 51.3722
    endloop
  endfacet
  facet normal -1 0 0
    outer loop
      vertex -17.5 15 50.125
      vertex -17.5 14.074 51.5108
      vertex -17.5 14.2071 51.4479
    endloop
  endfacet
  facet normal -1 0 0
    outer loop
      vertex -17.5 15 50.125
      vertex -17.5 13.9354 51.5604
      vertex -17.5 14.074 51.5108
    endloop
  endfacet
  facet normal -1 0 0
    outer loop
      vertex -17.5 15 50.125
      vertex -17.5 13.7926 51.5962
      vertex -17.5 13.9354 51.5604
    endloop
  endfacet
  facet normal -1 0 0
    outer loop
      vertex -17.5 15 50.125
      vertex -17.5 13.647 51.6178
      vertex -17.5 13.7926 51.5962
    endloop
  endfacet
  facet normal -1 0 0
    outer loop
      vertex -17.5 15 50.125
      vertex -17.5 13.5 51.625
      vertex -17.5 13.647 51.6178
    endloop
  endfacet
  facet normal -1 0 0
    outer loop
      vertex -17.5 15 50.125
      vertex -17.5 13.353 51.6178
      vertex -17.5 13.5 51.625
    endloop
  endfacet
  facet normal -1 0 0
    outer loop
      vertex -17.5 15 50.125
      vertex -17.5 13.2074 51.5962
      vertex -17.5 13.353 51.6178
    endloop
  endfacet
  facet normal -1 0 0
    outer loop
      vertex -17.5 15 50.125
      vertex -17.5 13.0646 51.5604
      vertex -17.5 13.2074 51.5962
    endloop
  endfacet
  facet normal -1 0 0
    outer loop
      vertex -17.5 15 50.125
      vertex -17.5 12.926 51.5108
      vertex -17.5 13.0646 51.5604
    endloop
  endfacet
  facet normal -1 0 0
    outer loop
      vertex -17.5 15 50.125
      vertex -17.5 12.7929 51.4479
      vertex -17.5 12.926 51.5108
    endloop
  endfacet
  facet normal -1 0 0
    outer loop
      vertex -17.5 15 50.125
      vertex -17.5 12.6666 51.3722
      vertex -17.5 12.7929 51.4479
    endloop
  endfacet
  facet normal -1 0 0
    outer loop
      vertex -17.5 15 50.125
      vertex -17.5 12.5484 51.2845
      vertex -17.5 12.6666 51.3722
    endloop
  endfacet
  facet normal -1 0 0
    outer loop
      vertex -17.5 15 50.125
      vertex -17.5 12.4393 51.1857
      vertex -17.5 12.5484 51.2845
    endloop
  endfacet
  facet normal -1 0 0
    outer loop
      vertex -17.5 15 50.125
      vertex -17.5 12.3405 51.0766
      vertex -17.5 12.4393 51.1857
    endloop
  endfacet
  facet normal -1 0 0
    outer loop
      vertex -17.5 15 50.125
      vertex -17.5 12.2528 50.9584
      vertex -17.5 12.3405 51.0766
    endloop
  endfacet
  facet normal -1 0 0
    outer loop
      vertex -17.5 15 50.125
      vertex -17.5 12.1771 50.8321
      vertex -17.5 12.2528 50.9584
    endloop
  endfacet
  facet normal -1 0 0
    outer loop
      vertex -17.5 15 50.125
      vertex -17.5 12.1142 50.699
      vertex -17.5 12.1771 50.8321
    endloop
  endfacet
  facet normal -1 0 0
    outer loop
      vertex -17.5 15 50.125
      vertex -17.5 12.0646 50.5604
      vertex -17.5 12.1142 50.699
    endloop
  endfacet
  facet normal -1 0 0
    outer loop
      vertex -17.5 15 50.125
      vertex -17.5 12.0288 50.4176
      vertex -17.5 12.0646 50.5604
    endloop
  endfacet
  facet normal -1 0 0
    outer loop
      vertex -17.5 15 50.125
      vertex -17.5 12.0072 50.272
      vertex -17.5 12.0288 50.4176
    endloop
  endfacet
  facet normal -1 0 -0
    outer loop
      vertex -17.5 12.0072 50.272
      vertex -17.5 15 50.125
      vertex -17.5 12 50.125
    endloop
  endfacet
  facet normal 0 -0.671251 0.74123
    outer loop
      vertex -17.5 12.5484 51.2845
      vertex 17.5 12.4393 51.1857
      vertex 17.5 12.5484 51.2845
    endloop
  endfacet
  facet normal 0 -0.671251 0.74123
    outer loop
      vertex 17.5 12.4393 51.1857
      vertex -17.5 12.5484 51.2845
      vertex -17.5 12.4393 51.1857
    endloop
  endfacet
  facet normal 0 -0.904125 0.427269
    outer loop
      vertex -17.5 12.1142 50.699
      vertex 17.5 12.1771 50.8321
      vertex -17.5 12.1771 50.8321
    endloop
  endfacet
  facet normal 0 -0.904125 0.427269
    outer loop
      vertex 17.5 12.1771 50.8321
      vertex -17.5 12.1142 50.699
      vertex 17.5 12.1142 50.699
    endloop
  endfacet
  facet normal 1 0 0
    outer loop
      vertex 17.5 14.9712 50.4176
      vertex 17.5 15 50.125
      vertex 17.5 14.9928 50.272
    endloop
  endfacet
  facet normal 1 0 0
    outer loop
      vertex 17.5 14.9354 50.5604
      vertex 17.5 15 50.125
      vertex 17.5 14.9712 50.4176
    endloop
  endfacet
  facet normal 1 0 0
    outer loop
      vertex 17.5 14.8858 50.699
      vertex 17.5 15 50.125
      vertex 17.5 14.9354 50.5604
    endloop
  endfacet
  facet normal 1 0 0
    outer loop
      vertex 17.5 14.8229 50.8321
      vertex 17.5 15 50.125
      vertex 17.5 14.8858 50.699
    endloop
  endfacet
  facet normal 1 0 0
    outer loop
      vertex 17.5 14.7472 50.9584
      vertex 17.5 15 50.125
      vertex 17.5 14.8229 50.8321
    endloop
  endfacet
  facet normal 1 0 0
    outer loop
      vertex 17.5 14.6595 51.0766
      vertex 17.5 15 50.125
      vertex 17.5 14.7472 50.9584
    endloop
  endfacet
  facet normal 1 0 0
    outer loop
      vertex 17.5 14.5607 51.1857
      vertex 17.5 15 50.125
      vertex 17.5 14.6595 51.0766
    endloop
  endfacet
  facet normal 1 0 0
    outer loop
      vertex 17.5 14.4516 51.2845
      vertex 17.5 15 50.125
      vertex 17.5 14.5607 51.1857
    endloop
  endfacet
  facet normal 1 0 0
    outer loop
      vertex 17.5 14.3334 51.3722
      vertex 17.5 15 50.125
      vertex 17.5 14.4516 51.2845
    endloop
  endfacet
  facet normal 1 0 0
    outer loop
      vertex 17.5 14.2071 51.4479
      vertex 17.5 15 50.125
      vertex 17.5 14.3334 51.3722
    endloop
  endfacet
  facet normal 1 0 0
    outer loop
      vertex 17.5 14.074 51.5108
      vertex 17.5 15 50.125
      vertex 17.5 14.2071 51.4479
    endloop
  endfacet
  facet normal 1 0 0
    outer loop
      vertex 17.5 13.9354 51.5604
      vertex 17.5 15 50.125
      vertex 17.5 14.074 51.5108
    endloop
  endfacet
  facet normal 1 0 0
    outer loop
      vertex 17.5 13.7926 51.5962
      vertex 17.5 15 50.125
      vertex 17.5 13.9354 51.5604
    endloop
  endfacet
  facet normal 1 0 0
    outer loop
      vertex 17.5 13.647 51.6178
      vertex 17.5 15 50.125
      vertex 17.5 13.7926 51.5962
    endloop
  endfacet
  facet normal 1 0 0
    outer loop
      vertex 17.5 13.5 51.625
      vertex 17.5 15 50.125
      vertex 17.5 13.647 51.6178
    endloop
  endfacet
  facet normal 1 -0 0
    outer loop
      vertex 17.5 13.353 51.6178
      vertex 17.5 15 50.125
      vertex 17.5 13.5 51.625
    endloop
  endfacet
  facet normal 1 -0 0
    outer loop
      vertex 17.5 13.2074 51.5962
      vertex 17.5 15 50.125
      vertex 17.5 13.353 51.6178
    endloop
  endfacet
  facet normal 1 -0 0
    outer loop
      vertex 17.5 13.0646 51.5604
      vertex 17.5 15 50.125
      vertex 17.5 13.2074 51.5962
    endloop
  endfacet
  facet normal 1 -0 0
    outer loop
      vertex 17.5 12.926 51.5108
      vertex 17.5 15 50.125
      vertex 17.5 13.0646 51.5604
    endloop
  endfacet
  facet normal 1 -0 0
    outer loop
      vertex 17.5 12.7929 51.4479
      vertex 17.5 15 50.125
      vertex 17.5 12.926 51.5108
    endloop
  endfacet
  facet normal 1 -0 0
    outer loop
      vertex 17.5 12.6666 51.3722
      vertex 17.5 15 50.125
      vertex 17.5 12.7929 51.4479
    endloop
  endfacet
  facet normal 1 -0 0
    outer loop
      vertex 17.5 12.5484 51.2845
      vertex 17.5 15 50.125
      vertex 17.5 12.6666 51.3722
    endloop
  endfacet
  facet normal 1 -0 0
    outer loop
      vertex 17.5 12.4393 51.1857
      vertex 17.5 15 50.125
      vertex 17.5 12.5484 51.2845
    endloop
  endfacet
  facet normal 1 -0 0
    outer loop
      vertex 17.5 12.3405 51.0766
      vertex 17.5 15 50.125
      vertex 17.5 12.4393 51.1857
    endloop
  endfacet
  facet normal 1 -0 0
    outer loop
      vertex 17.5 12.2528 50.9584
      vertex 17.5 15 50.125
      vertex 17.5 12.3405 51.0766
    endloop
  endfacet
  facet normal 1 -0 0
    outer loop
      vertex 17.5 12.1771 50.8321
      vertex 17.5 15 50.125
      vertex 17.5 12.2528 50.9584
    endloop
  endfacet
  facet normal 1 -0 0
    outer loop
      vertex 17.5 12.1142 50.699
      vertex 17.5 15 50.125
      vertex 17.5 12.1771 50.8321
    endloop
  endfacet
  facet normal 1 -0 0
    outer loop
      vertex 17.5 12.0646 50.5604
      vertex 17.5 15 50.125
      vertex 17.5 12.1142 50.699
    endloop
  endfacet
  facet normal 1 -0 0
    outer loop
      vertex 17.5 12.0288 50.4176
      vertex 17.5 15 50.125
      vertex 17.5 12.0646 50.5604
    endloop
  endfacet
  facet normal 1 -0 0
    outer loop
      vertex 17.5 12.0072 50.272
      vertex 17.5 15 50.125
      vertex 17.5 12.0288 50.4176
    endloop
  endfacet
  facet normal 1 0 0
    outer loop
      vertex 17.5 15 50.125
      vertex 17.5 12.0072 50.272
      vertex 17.5 12 50.125
    endloop
  endfacet
  facet normal 0 -0.595861 0.803088
    outer loop
      vertex -17.5 12.6666 51.3722
      vertex 17.5 12.5484 51.2845
      vertex 17.5 12.6666 51.3722
    endloop
  endfacet
  facet normal 0 -0.595861 0.803088
    outer loop
      vertex 17.5 12.5484 51.2845
      vertex -17.5 12.6666 51.3722
      vertex -17.5 12.5484 51.2845
    endloop
  endfacet
  facet normal 0 -0.514096 0.857733
    outer loop
      vertex -17.5 12.7929 51.4479
      vertex 17.5 12.6666 51.3722
      vertex 17.5 12.7929 51.4479
    endloop
  endfacet
  facet normal 0 -0.514096 0.857733
    outer loop
      vertex 17.5 12.6666 51.3722
      vertex -17.5 12.7929 51.4479
      vertex -17.5 12.6666 51.3722
    endloop
  endfacet
  facet normal 0 -0.74123 0.671251
    outer loop
      vertex -17.5 12.3405 51.0766
      vertex 17.5 12.4393 51.1857
      vertex -17.5 12.4393 51.1857
    endloop
  endfacet
  facet normal 0 -0.74123 0.671251
    outer loop
      vertex 17.5 12.4393 51.1857
      vertex -17.5 12.3405 51.0766
      vertex 17.5 12.3405 51.0766
    endloop
  endfacet
  facet normal 0 -0.146746 0.989174
    outer loop
      vertex -17.5 13.353 51.6178
      vertex 17.5 13.2074 51.5962
      vertex 17.5 13.353 51.6178
    endloop
  endfacet
  facet normal 0 -0.146746 0.989174
    outer loop
      vertex 17.5 13.2074 51.5962
      vertex -17.5 13.353 51.6178
      vertex -17.5 13.2074 51.5962
    endloop
  endfacet
  facet normal 0 -0.0489209 0.998803
    outer loop
      vertex -17.5 13.5 51.625
      vertex 17.5 13.353 51.6178
      vertex 17.5 13.5 51.625
    endloop
  endfacet
  facet normal 0 -0.0489209 0.998803
    outer loop
      vertex 17.5 13.353 51.6178
      vertex -17.5 13.5 51.625
      vertex -17.5 13.353 51.6178
    endloop
  endfacet
  facet normal 0 -0.857733 0.514096
    outer loop
      vertex -17.5 12.1771 50.8321
      vertex 17.5 12.2528 50.9584
      vertex -17.5 12.2528 50.9584
    endloop
  endfacet
  facet normal 0 -0.857733 0.514096
    outer loop
      vertex 17.5 12.2528 50.9584
      vertex -17.5 12.1771 50.8321
      vertex 17.5 12.1771 50.8321
    endloop
  endfacet
  facet normal 0 -0.803088 0.595861
    outer loop
      vertex -17.5 12.2528 50.9584
      vertex 17.5 12.3405 51.0766
      vertex -17.5 12.3405 51.0766
    endloop
  endfacet
  facet normal 0 -0.803088 0.595861
    outer loop
      vertex 17.5 12.3405 51.0766
      vertex -17.5 12.2528 50.9584
      vertex 17.5 12.2528 50.9584
    endloop
  endfacet
  facet normal 0 -0.989174 0.146746
    outer loop
      vertex -17.5 12.0072 50.272
      vertex 17.5 12.0288 50.4176
      vertex -17.5 12.0288 50.4176
    endloop
  endfacet
  facet normal 0 -0.989174 0.146746
    outer loop
      vertex 17.5 12.0288 50.4176
      vertex -17.5 12.0072 50.272
      vertex 17.5 12.0072 50.272
    endloop
  endfacet
  facet normal 0 -0.969982 0.243175
    outer loop
      vertex -17.5 12.0288 50.4176
      vertex 17.5 12.0646 50.5604
      vertex -17.5 12.0646 50.5604
    endloop
  endfacet
  facet normal 0 -0.969982 0.243175
    outer loop
      vertex 17.5 12.0646 50.5604
      vertex -17.5 12.0288 50.4176
      vertex 17.5 12.0288 50.4176
    endloop
  endfacet
  facet normal 0 1 0
    outer loop
      vertex -17.5 15 28.125
      vertex -17.5 15 50.125
      vertex -12.35 15 50.125
    endloop
  endfacet
  facet normal 0 1 0
    outer loop
      vertex -17.5 15 28.125
      vertex -12.35 15 50.125
      vertex -12.35 15 28.125
    endloop
  endfacet
  facet normal 0 1 0
    outer loop
      vertex -17.5 15 50.125
      vertex -17.5 15 28.125
      vertex -18.7 15 50.125
    endloop
  endfacet
  facet normal 0 1 0
    outer loop
      vertex -18.7 15 50.125
      vertex -17.5 15 28.125
      vertex -18.7 15 28.125
    endloop
  endfacet
  facet normal 0 1 0
    outer loop
      vertex 17.5 15 28.125
      vertex 17.5 15 50.125
      vertex 18.7 15 50.125
    endloop
  endfacet
  facet normal 0 1 0
    outer loop
      vertex 17.5 15 28.125
      vertex 18.7 15 50.125
      vertex 18.7 15 28.125
    endloop
  endfacet
  facet normal 0 1 0
    outer loop
      vertex 17.5 15 50.125
      vertex 17.5 15 28.125
      vertex 12.35 15 50.125
    endloop
  endfacet
  facet normal 0 1 0
    outer loop
      vertex 12.35 15 50.125
      vertex 17.5 15 28.125
      vertex 12.35 15 28.125
    endloop
  endfacet
  facet normal 0 1 -0
    outer loop
      vertex 11.35 15 28.125
      vertex -11.35 15 50.125
      vertex 11.35 15 50.125
    endloop
  endfacet
  facet normal 0 1 0
    outer loop
      vertex -11.35 15 50.125
      vertex 11.35 15 28.125
      vertex -11.35 15 28.125
    endloop
  endfacet
  facet normal 0.707113 -0.707101 0
    outer loop
      vertex -17.1 5 50.125
      vertex -16.5 5.60001 28.125
      vertex -16.5 5.60001 50.125
    endloop
  endfacet
  facet normal 0.707113 -0.707101 0
    outer loop
      vertex -16.5 5.60001 28.125
      vertex -17.1 5 50.125
      vertex -17.1 5 28.125
    endloop
  endfacet
  facet normal 1 -0 0
    outer loop
      vertex -16.5 5.60001 50.125
      vertex -16.5 12 28.125
      vertex -16.5 12 50.125
    endloop
  endfacet
  facet normal 1 0 0
    outer loop
      vertex -16.5 12 28.125
      vertex -16.5 5.60001 50.125
      vertex -16.5 5.60001 28.125
    endloop
  endfacet
  facet normal -1 0 0
    outer loop
      vertex -19.3 5.60001 28.125
      vertex -19.3 14.4 50.125
      vertex -19.3 14.4 28.125
    endloop
  endfacet
  facet normal -1 -0 0
    outer loop
      vertex -19.3 14.4 50.125
      vertex -19.3 5.60001 28.125
      vertex -19.3 5.60001 50.125
    endloop
  endfacet
  facet normal -0.707113 -0.707101 0
    outer loop
      vertex -18.7 5 28.125
      vertex -19.3 5.60001 50.125
      vertex -19.3 5.60001 28.125
    endloop
  endfacet
  facet normal -0.707113 -0.707101 0
    outer loop
      vertex -19.3 5.60001 50.125
      vertex -18.7 5 28.125
      vertex -18.7 5 50.125
    endloop
  endfacet
  facet normal 0 1 0
    outer loop
      vertex 13.085 5 -15.5609
      vertex 13.085 5 15.5609
      vertex 13.5543 5 -15.3295
    endloop
  endfacet
  facet normal 0 1 0
    outer loop
      vertex -12.65 5 15.8516
      vertex -14.5629 5 -15.0592
      vertex -15.085 5 -15.025
    endloop
  endfacet
  facet normal 0 1 0
    outer loop
      vertex 13.085 5 15.5609
      vertex 13.085 5 -15.5609
      vertex 12.65 5 15.8516
    endloop
  endfacet
  facet normal 0 1 0
    outer loop
      vertex -12.65 5 15.8516
      vertex -14.0497 5 -15.1613
      vertex -14.5629 5 -15.0592
    endloop
  endfacet
  facet normal 0 1 0
    outer loop
      vertex 12.65 5 -15.8516
      vertex 12.65 5 15.8516
      vertex 13.085 5 -15.5609
    endloop
  endfacet
  facet normal 0 1 0
    outer loop
      vertex -12.65 5 15.8516
      vertex -13.5543 5 -15.3295
      vertex -14.0497 5 -15.1613
    endloop
  endfacet
  facet normal 0 1 0
    outer loop
      vertex 12.65 5 15.8516
      vertex 12.65 5 -15.8516
      vertex -12.65 5 15.8516
    endloop
  endfacet
  facet normal 0 1 0
    outer loop
      vertex -12.65 5 15.8516
      vertex -13.085 5 -15.5609
      vertex -13.5543 5 -15.3295
    endloop
  endfacet
  facet normal 0 1 0
    outer loop
      vertex -12.65 5 -15.8516
      vertex -12.65 5 15.8516
      vertex 12.65 5 -15.8516
    endloop
  endfacet
  facet normal 0 1 0
    outer loop
      vertex -12.65 5 15.8516
      vertex -12.65 5 -15.8516
      vertex -13.085 5 -15.5609
    endloop
  endfacet
  facet normal 0 1 -0
    outer loop
      vertex 12.2566 5 -16.1966
      vertex -12.65 5 -15.8516
      vertex 12.65 5 -15.8516
    endloop
  endfacet
  facet normal 0 1 0
    outer loop
      vertex 12.2566 5 -16.1966
      vertex -12.2566 5 -16.1966
      vertex -12.65 5 -15.8516
    endloop
  endfacet
  facet normal 0 1 -0
    outer loop
      vertex 11.9116 5 -16.59
      vertex -12.2566 5 -16.1966
      vertex 12.2566 5 -16.1966
    endloop
  endfacet
  facet normal 0 1 0
    outer loop
      vertex 11.9116 5 -16.59
      vertex -11.9116 5 -16.59
      vertex -12.2566 5 -16.1966
    endloop
  endfacet
  facet normal 0 1 -0
    outer loop
      vertex 11.6209 5 -17.025
      vertex -11.9116 5 -16.59
      vertex 11.9116 5 -16.59
    endloop
  endfacet
  facet normal 0 1 0
    outer loop
      vertex 11.6209 5 -17.025
      vertex -11.6209 5 -17.025
      vertex -11.9116 5 -16.59
    endloop
  endfacet
  facet normal 0 1 -0
    outer loop
      vertex 11.3895 5 -17.4943
      vertex -11.6209 5 -17.025
      vertex 11.6209 5 -17.025
    endloop
  endfacet
  facet normal 0 1 0
    outer loop
      vertex 11.3895 5 -17.4943
      vertex -11.3895 5 -17.4943
      vertex -11.6209 5 -17.025
    endloop
  endfacet
  facet normal 0 1 -0
    outer loop
      vertex 11.2213 5 -17.9897
      vertex -11.3895 5 -17.4943
      vertex 11.3895 5 -17.4943
    endloop
  endfacet
  facet normal 0 1 0
    outer loop
      vertex 11.2213 5 -17.9897
      vertex -11.2213 5 -17.9897
      vertex -11.3895 5 -17.4943
    endloop
  endfacet
  facet normal 0 1 -0
    outer loop
      vertex 11.1192 5 -18.5029
      vertex -11.2213 5 -17.9897
      vertex 11.2213 5 -17.9897
    endloop
  endfacet
  facet normal 0 1 0
    outer loop
      vertex 11.1192 5 -18.5029
      vertex -11.1192 5 -18.5029
      vertex -11.2213 5 -17.9897
    endloop
  endfacet
  facet normal 0 1 -0
    outer loop
      vertex 11.085 5 -19.025
      vertex -11.1192 5 -18.5029
      vertex 11.1192 5 -18.5029
    endloop
  endfacet
  facet normal 0 1 0
    outer loop
      vertex 11.085 5 -19.025
      vertex -11.085 5 -19.025
      vertex -11.1192 5 -18.5029
    endloop
  endfacet
  facet normal 0 1 0
    outer loop
      vertex 11.1192 5 -19.5471
      vertex -11.085 5 -19.025
      vertex 11.085 5 -19.025
    endloop
  endfacet
  facet normal 0 1 0
    outer loop
      vertex 11.1192 5 -19.5471
      vertex -11.1192 5 -19.5471
      vertex -11.085 5 -19.025
    endloop
  endfacet
  facet normal 0 1 0
    outer loop
      vertex 11.2213 5 -20.0603
      vertex -11.1192 5 -19.5471
      vertex 11.1192 5 -19.5471
    endloop
  endfacet
  facet normal 0 1 0
    outer loop
      vertex 11.2213 5 -20.0603
      vertex -11.2213 5 -20.0603
      vertex -11.1192 5 -19.5471
    endloop
  endfacet
  facet normal 0 1 0
    outer loop
      vertex 11.3895 5 -20.5557
      vertex -11.2213 5 -20.0603
      vertex 11.2213 5 -20.0603
    endloop
  endfacet
  facet normal 0 1 0
    outer loop
      vertex 11.3895 5 -20.5557
      vertex -11.3895 5 -20.5557
      vertex -11.2213 5 -20.0603
    endloop
  endfacet
  facet normal 0 1 0
    outer loop
      vertex 11.6209 5 -21.025
      vertex -11.3895 5 -20.5557
      vertex 11.3895 5 -20.5557
    endloop
  endfacet
  facet normal 0 1 0
    outer loop
      vertex 11.6209 5 -21.025
      vertex -11.6209 5 -21.025
      vertex -11.3895 5 -20.5557
    endloop
  endfacet
  facet normal 0 1 0
    outer loop
      vertex 11.9116 5 -21.46
      vertex -11.6209 5 -21.025
      vertex 11.6209 5 -21.025
    endloop
  endfacet
  facet normal 0 1 0
    outer loop
      vertex 11.9116 5 -21.46
      vertex -11.9116 5 -21.46
      vertex -11.6209 5 -21.025
    endloop
  endfacet
  facet normal 0 1 0
    outer loop
      vertex 12.2566 5 -21.8534
      vertex -11.9116 5 -21.46
      vertex 11.9116 5 -21.46
    endloop
  endfacet
  facet normal 0 1 0
    outer loop
      vertex 12.2566 5 -21.8534
      vertex -12.2566 5 -21.8534
      vertex -11.9116 5 -21.46
    endloop
  endfacet
  facet normal 0 1 0
    outer loop
      vertex 12.65 5 -22.1984
      vertex -12.2566 5 -21.8534
      vertex 12.2566 5 -21.8534
    endloop
  endfacet
  facet normal 0 1 0
    outer loop
      vertex 12.65 5 -22.1984
      vertex -12.65 5 -22.1984
      vertex -12.2566 5 -21.8534
    endloop
  endfacet
  facet normal 0 1 0
    outer loop
      vertex 16.2187 5 -25.425
      vertex 12.65 5 -22.1984
      vertex 13.085 5 -22.4891
    endloop
  endfacet
  facet normal 0 1 0
    outer loop
      vertex 12.65 5 -22.1984
      vertex 16.2187 5 -25.425
      vertex -12.65 5 -22.1984
    endloop
  endfacet
  facet normal 0 1 0
    outer loop
      vertex 16.2187 5 -25.425
      vertex 13.085 5 -22.4891
      vertex 13.5543 5 -22.7205
    endloop
  endfacet
  facet normal 0 1 0
    outer loop
      vertex -16.2354 5 -25.425
      vertex -12.65 5 -22.1984
      vertex 16.2187 5 -25.425
    endloop
  endfacet
  facet normal 0 1 0
    outer loop
      vertex 16.2187 5 -25.425
      vertex 13.5543 5 -22.7205
      vertex 14.0497 5 -22.8887
    endloop
  endfacet
  facet normal 0 1 0
    outer loop
      vertex -12.65 5 -22.1984
      vertex -16.2354 5 -25.425
      vertex -13.085 5 -22.4891
    endloop
  endfacet
  facet normal 0 1 0
    outer loop
      vertex 16.2187 5 -25.425
      vertex 14.0497 5 -22.8887
      vertex 14.5629 5 -22.9908
    endloop
  endfacet
  facet normal 0 1 0
    outer loop
      vertex -13.085 5 -22.4891
      vertex -16.2354 5 -25.425
      vertex -13.5543 5 -22.7205
    endloop
  endfacet
  facet normal 0 1 0
    outer loop
      vertex 16.2187 5 -25.425
      vertex 14.5629 5 -22.9908
      vertex 15.085 5 -23.025
    endloop
  endfacet
  facet normal 0 1 0
    outer loop
      vertex -13.5543 5 -22.7205
      vertex -16.2354 5 -25.425
      vertex -14.0497 5 -22.8887
    endloop
  endfacet
  facet normal 0 1 0
    outer loop
      vertex 13.5543 5 22.7205
      vertex 17.1 5 28.125
      vertex 14.0497 5 22.8887
    endloop
  endfacet
  facet normal 0 1 0
    outer loop
      vertex -17.1 5 28.125
      vertex -14.5629 5 22.9908
      vertex -15.085 5 23.025
    endloop
  endfacet
  facet normal 0 1 0
    outer loop
      vertex 13.085 5 22.4891
      vertex 17.1 5 28.125
      vertex 13.5543 5 22.7205
    endloop
  endfacet
  facet normal 0 1 0
    outer loop
      vertex -17.1 5 28.125
      vertex -14.0497 5 22.8887
      vertex -14.5629 5 22.9908
    endloop
  endfacet
  facet normal 0 1 0
    outer loop
      vertex 12.65 5 22.1984
      vertex 17.1 5 28.125
      vertex 13.085 5 22.4891
    endloop
  endfacet
  facet normal 0 1 0
    outer loop
      vertex -17.1 5 28.125
      vertex -13.5543 5 22.7205
      vertex -14.0497 5 22.8887
    endloop
  endfacet
  facet normal 0 1 0
    outer loop
      vertex 17.1 5 28.125
      vertex 12.65 5 22.1984
      vertex -17.1 5 28.125
    endloop
  endfacet
  facet normal 0 1 0
    outer loop
      vertex -17.1 5 28.125
      vertex -13.085 5 22.4891
      vertex -13.5543 5 22.7205
    endloop
  endfacet
  facet normal 0 1 -0
    outer loop
      vertex -12.65 5 22.1984
      vertex -17.1 5 28.125
      vertex 12.65 5 22.1984
    endloop
  endfacet
  facet normal 0 1 0
    outer loop
      vertex -17.1 5 28.125
      vertex -12.65 5 22.1984
      vertex -13.085 5 22.4891
    endloop
  endfacet
  facet normal 0 1 -0
    outer loop
      vertex 12.2566 5 21.8534
      vertex -12.65 5 22.1984
      vertex 12.65 5 22.1984
    endloop
  endfacet
  facet normal 0 1 0
    outer loop
      vertex 12.2566 5 21.8534
      vertex -12.2566 5 21.8534
      vertex -12.65 5 22.1984
    endloop
  endfacet
  facet normal 0 1 -0
    outer loop
      vertex 11.9116 5 21.46
      vertex -12.2566 5 21.8534
      vertex 12.2566 5 21.8534
    endloop
  endfacet
  facet normal 0 1 0
    outer loop
      vertex 11.9116 5 21.46
      vertex -11.9116 5 21.46
      vertex -12.2566 5 21.8534
    endloop
  endfacet
  facet normal 0 1 -0
    outer loop
      vertex 11.6209 5 21.025
      vertex -11.9116 5 21.46
      vertex 11.9116 5 21.46
    endloop
  endfacet
  facet normal 0 1 0
    outer loop
      vertex 11.6209 5 21.025
      vertex -11.6209 5 21.025
      vertex -11.9116 5 21.46
    endloop
  endfacet
  facet normal 0 1 -0
    outer loop
      vertex 11.3895 5 20.5557
      vertex -11.6209 5 21.025
      vertex 11.6209 5 21.025
    endloop
  endfacet
  facet normal 0 1 0
    outer loop
      vertex 11.3895 5 20.5557
      vertex -11.3895 5 20.5557
      vertex -11.6209 5 21.025
    endloop
  endfacet
  facet normal 0 1 -0
    outer loop
      vertex 11.2213 5 20.0603
      vertex -11.3895 5 20.5557
      vertex 11.3895 5 20.5557
    endloop
  endfacet
  facet normal 0 1 0
    outer loop
      vertex 11.2213 5 20.0603
      vertex -11.2213 5 20.0603
      vertex -11.3895 5 20.5557
    endloop
  endfacet
  facet normal 0 1 -0
    outer loop
      vertex 11.1192 5 19.5471
      vertex -11.2213 5 20.0603
      vertex 11.2213 5 20.0603
    endloop
  endfacet
  facet normal 0 1 0
    outer loop
      vertex 11.1192 5 19.5471
      vertex -11.1192 5 19.5471
      vertex -11.2213 5 20.0603
    endloop
  endfacet
  facet normal 0 1 -0
    outer loop
      vertex 11.085 5 19.025
      vertex -11.1192 5 19.5471
      vertex 11.1192 5 19.5471
    endloop
  endfacet
  facet normal 0 1 0
    outer loop
      vertex 11.085 5 19.025
      vertex -11.085 5 19.025
      vertex -11.1192 5 19.5471
    endloop
  endfacet
  facet normal 0 1 0
    outer loop
      vertex 11.1192 5 18.5029
      vertex -11.085 5 19.025
      vertex 11.085 5 19.025
    endloop
  endfacet
  facet normal 0 1 0
    outer loop
      vertex 11.1192 5 18.5029
      vertex -11.1192 5 18.5029
      vertex -11.085 5 19.025
    endloop
  endfacet
  facet normal 0 1 0
    outer loop
      vertex 11.2213 5 17.9897
      vertex -11.1192 5 18.5029
      vertex 11.1192 5 18.5029
    endloop
  endfacet
  facet normal 0 1 0
    outer loop
      vertex 11.2213 5 17.9897
      vertex -11.2213 5 17.9897
      vertex -11.1192 5 18.5029
    endloop
  endfacet
  facet normal 0 1 0
    outer loop
      vertex 11.3895 5 17.4943
      vertex -11.2213 5 17.9897
      vertex 11.2213 5 17.9897
    endloop
  endfacet
  facet normal 0 1 0
    outer loop
      vertex 11.3895 5 17.4943
      vertex -11.3895 5 17.4943
      vertex -11.2213 5 17.9897
    endloop
  endfacet
  facet normal 0 1 0
    outer loop
      vertex 11.6209 5 17.025
      vertex -11.3895 5 17.4943
      vertex 11.3895 5 17.4943
    endloop
  endfacet
  facet normal 0 1 0
    outer loop
      vertex 11.6209 5 17.025
      vertex -11.6209 5 17.025
      vertex -11.3895 5 17.4943
    endloop
  endfacet
  facet normal 0 1 0
    outer loop
      vertex 11.9116 5 16.59
      vertex -11.6209 5 17.025
      vertex 11.6209 5 17.025
    endloop
  endfacet
  facet normal 0 1 0
    outer loop
      vertex 11.9116 5 16.59
      vertex -11.9116 5 16.59
      vertex -11.6209 5 17.025
    endloop
  endfacet
  facet normal 0 1 0
    outer loop
      vertex 12.2566 5 16.1966
      vertex -11.9116 5 16.59
      vertex 11.9116 5 16.59
    endloop
  endfacet
  facet normal 0 1 0
    outer loop
      vertex 12.2566 5 16.1966
      vertex -12.2566 5 16.1966
      vertex -11.9116 5 16.59
    endloop
  endfacet
  facet normal 0 1 0
    outer loop
      vertex 12.65 5 15.8516
      vertex -12.2566 5 16.1966
      vertex 12.2566 5 16.1966
    endloop
  endfacet
  facet normal 0 1 0
    outer loop
      vertex 12.65 5 15.8516
      vertex -12.65 5 15.8516
      vertex -12.2566 5 16.1966
    endloop
  endfacet
  facet normal 0 1 0
    outer loop
      vertex 14.0497 5 15.1613
      vertex 14.0497 5 -15.1613
      vertex 13.5543 5 15.3295
    endloop
  endfacet
  facet normal 0 1 0
    outer loop
      vertex 13.5543 5 -15.3295
      vertex 13.5543 5 15.3295
      vertex 14.0497 5 -15.1613
    endloop
  endfacet
  facet normal 0 1 0
    outer loop
      vertex 14.0497 5 -15.1613
      vertex 14.0497 5 15.1613
      vertex 14.5629 5 -15.0592
    endloop
  endfacet
  facet normal 0 1 0
    outer loop
      vertex 13.5543 5 15.3295
      vertex 13.5543 5 -15.3295
      vertex 13.085 5 15.5609
    endloop
  endfacet
  facet normal 0 1 0
    outer loop
      vertex 14.5629 5 15.0592
      vertex 14.5629 5 -15.0592
      vertex 14.0497 5 15.1613
    endloop
  endfacet
  facet normal 0 1 0
    outer loop
      vertex -12.65 5 15.8516
      vertex -15.085 5 -15.025
      vertex -13.085 5 15.5609
    endloop
  endfacet
  facet normal 0 1 0
    outer loop
      vertex 14.5629 5 -15.0592
      vertex 14.5629 5 15.0592
      vertex 15.085 5 -15.025
    endloop
  endfacet
  facet normal 0 1 0
    outer loop
      vertex -13.085 5 15.5609
      vertex -15.085 5 -15.025
      vertex -13.5543 5 15.3295
    endloop
  endfacet
  facet normal 0 1 -0
    outer loop
      vertex 15.085 5 -15.025
      vertex 14.5629 5 15.0592
      vertex 15.085 5 15.025
    endloop
  endfacet
  facet normal 0 1 0
    outer loop
      vertex -13.5543 5 15.3295
      vertex -15.085 5 -15.025
      vertex -14.0497 5 15.1613
    endloop
  endfacet
  facet normal 0 1 -0
    outer loop
      vertex 17.1 5 28.125
      vertex -17.1 5 50.125
      vertex 17.1 5 50.125
    endloop
  endfacet
  facet normal 0 1 0
    outer loop
      vertex -17.1 5 50.125
      vertex 17.1 5 28.125
      vertex -17.1 5 28.125
    endloop
  endfacet
  facet normal 0 1 0
    outer loop
      vertex 21.5 5 48.5587
      vertex 18.7 5 50.125
      vertex 21.2078 5 50.3099
    endloop
  endfacet
  facet normal 0 1 0
    outer loop
      vertex 18.7 5 28.125
      vertex 21.5 5 48.5587
      vertex 21.5 5 29.625
    endloop
  endfacet
  facet normal 0 1 0
    outer loop
      vertex 21.5 5 48.5587
      vertex 18.7 5 28.125
      vertex 18.7 5 50.125
    endloop
  endfacet
  facet normal 0 1 0
    outer loop
      vertex 16.6157 5 22.7205
      vertex 17.1 5 28.125
      vertex 18.7 5 28.125
    endloop
  endfacet
  facet normal 0 1 0
    outer loop
      vertex 14.5629 5 22.9908
      vertex 17.1 5 28.125
      vertex 15.085 5 23.025
    endloop
  endfacet
  facet normal 0 1 0
    outer loop
      vertex 14.0497 5 22.8887
      vertex 17.1 5 28.125
      vertex 14.5629 5 22.9908
    endloop
  endfacet
  facet normal 0 1 0
    outer loop
      vertex 18.2584 5 21.46
      vertex 18.7 5 28.125
      vertex 21.5 5 29.625
    endloop
  endfacet
  facet normal 0 1 0
    outer loop
      vertex 17.1 5 28.125
      vertex 15.6071 5 22.9908
      vertex 15.085 5 23.025
    endloop
  endfacet
  facet normal 0 1 0
    outer loop
      vertex 17.1 5 28.125
      vertex 16.1203 5 22.8887
      vertex 15.6071 5 22.9908
    endloop
  endfacet
  facet normal 0 1 0
    outer loop
      vertex 17.1 5 28.125
      vertex 16.6157 5 22.7205
      vertex 16.1203 5 22.8887
    endloop
  endfacet
  facet normal 0 1 0
    outer loop
      vertex 18.7 5 28.125
      vertex 17.085 5 22.4891
      vertex 16.6157 5 22.7205
    endloop
  endfacet
  facet normal 0 1 0
    outer loop
      vertex 18.7 5 28.125
      vertex 17.52 5 22.1984
      vertex 17.085 5 22.4891
    endloop
  endfacet
  facet normal 0 1 0
    outer loop
      vertex 18.7 5 28.125
      vertex 17.9134 5 21.8534
      vertex 17.52 5 22.1984
    endloop
  endfacet
  facet normal 0 1 0
    outer loop
      vertex 18.7 5 28.125
      vertex 18.2584 5 21.46
      vertex 17.9134 5 21.8534
    endloop
  endfacet
  facet normal 0 1 0
    outer loop
      vertex 21.5 5 29.625
      vertex 18.5491 5 21.025
      vertex 18.2584 5 21.46
    endloop
  endfacet
  facet normal 0 1 0
    outer loop
      vertex 21.5 5 29.625
      vertex 18.7805 5 20.5557
      vertex 18.5491 5 21.025
    endloop
  endfacet
  facet normal 0 1 0
    outer loop
      vertex 21.5 5 29.625
      vertex 18.9487 5 20.0603
      vertex 18.7805 5 20.5557
    endloop
  endfacet
  facet normal 0 1 0
    outer loop
      vertex 21.5 5 29.625
      vertex 19.0508 5 19.5471
      vertex 18.9487 5 20.0603
    endloop
  endfacet
  facet normal 0 1 0
    outer loop
      vertex 21.5 5 29.625
      vertex 19.085 5 19.025
      vertex 19.0508 5 19.5471
    endloop
  endfacet
  facet normal 0 1 0
    outer loop
      vertex 21.5 5 29.625
      vertex 19.0508 5 18.5029
      vertex 19.085 5 19.025
    endloop
  endfacet
  facet normal 0 1 -0
    outer loop
      vertex 21.485 5 -20.1752
      vertex 19.0508 5 18.5029
      vertex 21.5 5 29.625
    endloop
  endfacet
  facet normal 0 1 0
    outer loop
      vertex -14.0497 5 15.1613
      vertex -15.085 5 -15.025
      vertex -14.5629 5 15.0592
    endloop
  endfacet
  facet normal 0 1 0
    outer loop
      vertex 15.6071 5 15.0592
      vertex 15.085 5 -15.025
      vertex 15.085 5 15.025
    endloop
  endfacet
  facet normal 0 1 0
    outer loop
      vertex 15.6071 5 -15.0592
      vertex 15.6071 5 15.0592
      vertex 16.1203 5 15.1613
    endloop
  endfacet
  facet normal 0 1 0
    outer loop
      vertex 16.1203 5 -15.1613
      vertex 16.1203 5 15.1613
      vertex 16.6157 5 15.3295
    endloop
  endfacet
  facet normal 0 1 0
    outer loop
      vertex 16.6157 5 -15.3295
      vertex 16.6157 5 15.3295
      vertex 17.085 5 15.5609
    endloop
  endfacet
  facet normal 0 1 0
    outer loop
      vertex 17.085 5 -15.5609
      vertex 17.085 5 15.5609
      vertex 17.52 5 15.8516
    endloop
  endfacet
  facet normal 0 1 0
    outer loop
      vertex 17.52 5 -15.8516
      vertex 17.52 5 15.8516
      vertex 17.9134 5 16.1966
    endloop
  endfacet
  facet normal 0 1 0
    outer loop
      vertex 17.9134 5 -16.1966
      vertex 17.9134 5 16.1966
      vertex 18.2584 5 16.59
    endloop
  endfacet
  facet normal 0 1 0
    outer loop
      vertex 21.485 5 -20.1752
      vertex 18.2584 5 16.59
      vertex 18.5491 5 17.025
    endloop
  endfacet
  facet normal 0 1 0
    outer loop
      vertex 21.485 5 -20.1752
      vertex 18.5491 5 17.025
      vertex 18.7805 5 17.4943
    endloop
  endfacet
  facet normal 0 1 0
    outer loop
      vertex 21.485 5 -20.1752
      vertex 18.7805 5 17.4943
      vertex 18.9487 5 17.9897
    endloop
  endfacet
  facet normal 0 1 0
    outer loop
      vertex 19.0508 5 18.5029
      vertex 21.485 5 -20.1752
      vertex 18.9487 5 17.9897
    endloop
  endfacet
  facet normal 0 1 0
    outer loop
      vertex 15.6071 5 15.0592
      vertex 15.6071 5 -15.0592
      vertex 15.085 5 -15.025
    endloop
  endfacet
  facet normal 0 1 0
    outer loop
      vertex 16.1203 5 15.1613
      vertex 16.1203 5 -15.1613
      vertex 15.6071 5 -15.0592
    endloop
  endfacet
  facet normal 0 1 0
    outer loop
      vertex 16.6157 5 15.3295
      vertex 16.6157 5 -15.3295
      vertex 16.1203 5 -15.1613
    endloop
  endfacet
  facet normal 0 1 0
    outer loop
      vertex 17.085 5 15.5609
      vertex 17.085 5 -15.5609
      vertex 16.6157 5 -15.3295
    endloop
  endfacet
  facet normal 0 1 0
    outer loop
      vertex 17.52 5 15.8516
      vertex 17.52 5 -15.8516
      vertex 17.085 5 -15.5609
    endloop
  endfacet
  facet normal 0 1 0
    outer loop
      vertex 17.9134 5 16.1966
      vertex 17.9134 5 -16.1966
      vertex 17.52 5 -15.8516
    endloop
  endfacet
  facet normal 0 1 0
    outer loop
      vertex 18.2584 5 16.59
      vertex 18.2584 5 -16.59
      vertex 17.9134 5 -16.1966
    endloop
  endfacet
  facet normal 0 1 0
    outer loop
      vertex 18.2584 5 16.59
      vertex 21.485 5 -20.1752
      vertex 18.2584 5 -16.59
    endloop
  endfacet
  facet normal 0 1 0
    outer loop
      vertex 18.2584 5 -16.59
      vertex 21.485 5 -20.1752
      vertex 18.5491 5 -17.025
    endloop
  endfacet
  facet normal 0 1 0
    outer loop
      vertex 18.5491 5 -17.025
      vertex 21.485 5 -20.1752
      vertex 18.7805 5 -17.4943
    endloop
  endfacet
  facet normal 0 1 0
    outer loop
      vertex 18.7805 5 -17.4943
      vertex 21.485 5 -20.1752
      vertex 18.9487 5 -17.9897
    endloop
  endfacet
  facet normal 0 1 0
    outer loop
      vertex 18.9487 5 -17.9897
      vertex 21.485 5 -20.1752
      vertex 19.0508 5 -18.5029
    endloop
  endfacet
  facet normal 0 1 0
    outer loop
      vertex 19.0508 5 -18.5029
      vertex 21.485 5 -20.1752
      vertex 19.085 5 -19.025
    endloop
  endfacet
  facet normal 0 1 0
    outer loop
      vertex 21.485 5 -20.1752
      vertex 19.0508 5 -19.5471
      vertex 19.085 5 -19.025
    endloop
  endfacet
  facet normal 0 1 0
    outer loop
      vertex 21.485 5 -20.1752
      vertex 18.9487 5 -20.0603
      vertex 19.0508 5 -19.5471
    endloop
  endfacet
  facet normal 0 1 -0
    outer loop
      vertex 21.322 5 -21.4833
      vertex 18.9487 5 -20.0603
      vertex 21.485 5 -20.1752
    endloop
  endfacet
  facet normal 0 1 0
    outer loop
      vertex 18.9487 5 -20.0603
      vertex 21.322 5 -21.4833
      vertex 18.7805 5 -20.5557
    endloop
  endfacet
  facet normal 0 1 0
    outer loop
      vertex 18.7805 5 -20.5557
      vertex 21.322 5 -21.4833
      vertex 18.5491 5 -21.025
    endloop
  endfacet
  facet normal 0 1 -0
    outer loop
      vertex 20.629 5 -23.0631
      vertex 18.5491 5 -21.025
      vertex 21.322 5 -21.4833
    endloop
  endfacet
  facet normal 0 1 0
    outer loop
      vertex 18.5491 5 -21.025
      vertex 20.629 5 -23.0631
      vertex 18.2584 5 -21.46
    endloop
  endfacet
  facet normal 0 1 0
    outer loop
      vertex 18.2584 5 -21.46
      vertex 20.629 5 -23.0631
      vertex 17.9134 5 -21.8534
    endloop
  endfacet
  facet normal 0 1 -0
    outer loop
      vertex 19.4721 5 -24.3198
      vertex 17.9134 5 -21.8534
      vertex 20.629 5 -23.0631
    endloop
  endfacet
  facet normal 0 1 0
    outer loop
      vertex 17.9134 5 -21.8534
      vertex 19.4721 5 -24.3198
      vertex 17.52 5 -22.1984
    endloop
  endfacet
  facet normal 0 1 0
    outer loop
      vertex 17.52 5 -22.1984
      vertex 19.4721 5 -24.3198
      vertex 17.085 5 -22.4891
    endloop
  endfacet
  facet normal 0 1 0
    outer loop
      vertex 16.6157 5 -22.7205
      vertex 16.2187 5 -25.425
      vertex 16.1203 5 -22.8887
    endloop
  endfacet
  facet normal 0 1 0
    outer loop
      vertex 16.2187 5 -25.425
      vertex 16.6157 5 -22.7205
      vertex 17.9698 5 -25.1328
    endloop
  endfacet
  facet normal 0 1 0
    outer loop
      vertex 17.085 5 -22.4891
      vertex 17.9698 5 -25.1328
      vertex 16.6157 5 -22.7205
    endloop
  endfacet
  facet normal 0 1 -0
    outer loop
      vertex 17.9698 5 -25.1328
      vertex 17.085 5 -22.4891
      vertex 19.4721 5 -24.3198
    endloop
  endfacet
  facet normal 0 1 -0
    outer loop
      vertex 17.1 5 50.125
      vertex 16.2504 5 53.825
      vertex 17.5583 5 53.662
    endloop
  endfacet
  facet normal 0 1 0
    outer loop
      vertex 16.2504 5 53.825
      vertex 17.1 5 50.125
      vertex -16.2337 5 53.825
    endloop
  endfacet
  facet normal 0 1 0
    outer loop
      vertex 17.1 5 50.125
      vertex 17.5583 5 53.662
      vertex 19.1381 5 52.969
    endloop
  endfacet
  facet normal 0 1 0
    outer loop
      vertex -16.2337 5 53.825
      vertex 17.1 5 50.125
      vertex -17.1 5 50.125
    endloop
  endfacet
  facet normal 0 1 0
    outer loop
      vertex 18.7 5 50.125
      vertex 19.1381 5 52.969
      vertex 20.3948 5 51.8121
    endloop
  endfacet
  facet normal 0 1 0
    outer loop
      vertex -16.2337 5 53.825
      vertex -17.1 5 50.125
      vertex -17.9848 5 53.5328
    endloop
  endfacet
  facet normal 0 1 0
    outer loop
      vertex 18.7 5 50.125
      vertex 20.3948 5 51.8121
      vertex 21.2078 5 50.3099
    endloop
  endfacet
  facet normal 0 1 0
    outer loop
      vertex 19.1381 5 52.969
      vertex 18.7 5 50.125
      vertex 17.1 5 50.125
    endloop
  endfacet
  facet normal 0 1 0
    outer loop
      vertex -18.7 5 50.125
      vertex -17.9848 5 53.5328
      vertex -17.1 5 50.125
    endloop
  endfacet
  facet normal 0 1 0
    outer loop
      vertex -17.9848 5 53.5328
      vertex -18.7 5 50.125
      vertex -19.4871 5 52.7198
    endloop
  endfacet
  facet normal 0 1 0
    outer loop
      vertex -19.4871 5 52.7198
      vertex -18.7 5 50.125
      vertex -20.644 5 51.4631
    endloop
  endfacet
  facet normal 0 1 0
    outer loop
      vertex -18.7 5 50.125
      vertex -21.337 5 49.8833
      vertex -20.644 5 51.4631
    endloop
  endfacet
  facet normal 0 1 0
    outer loop
      vertex -18.7 5 50.125
      vertex -21.5 5 48.5754
      vertex -21.337 5 49.8833
    endloop
  endfacet
  facet normal 0 1 -0
    outer loop
      vertex -18.7 5 28.125
      vertex -21.5 5 48.5754
      vertex -18.7 5 50.125
    endloop
  endfacet
  facet normal 0 1 0
    outer loop
      vertex -21.5 5 48.5754
      vertex -18.7 5 28.125
      vertex -21.5 5 29.6252
    endloop
  endfacet
  facet normal 0 1 -0
    outer loop
      vertex -15.6071 5 22.9908
      vertex -17.1 5 28.125
      vertex -15.085 5 23.025
    endloop
  endfacet
  facet normal 0 1 -0
    outer loop
      vertex -16.1203 5 22.8887
      vertex -17.1 5 28.125
      vertex -15.6071 5 22.9908
    endloop
  endfacet
  facet normal 0 1 -0
    outer loop
      vertex -16.6157 5 22.7205
      vertex -17.1 5 28.125
      vertex -16.1203 5 22.8887
    endloop
  endfacet
  facet normal 0 1 0
    outer loop
      vertex -17.1 5 28.125
      vertex -16.6157 5 22.7205
      vertex -18.7 5 28.125
    endloop
  endfacet
  facet normal 0 1 -0
    outer loop
      vertex -17.085 5 22.4891
      vertex -18.7 5 28.125
      vertex -16.6157 5 22.7205
    endloop
  endfacet
  facet normal 0 1 -0
    outer loop
      vertex -17.52 5 22.1984
      vertex -18.7 5 28.125
      vertex -17.085 5 22.4891
    endloop
  endfacet
  facet normal 0 1 -0
    outer loop
      vertex -17.9134 5 21.8534
      vertex -18.7 5 28.125
      vertex -17.52 5 22.1984
    endloop
  endfacet
  facet normal 0 1 -0
    outer loop
      vertex -18.2584 5 21.46
      vertex -18.7 5 28.125
      vertex -17.9134 5 21.8534
    endloop
  endfacet
  facet normal 0 1 0
    outer loop
      vertex -18.7 5 28.125
      vertex -18.2584 5 21.46
      vertex -21.5 5 29.6252
    endloop
  endfacet
  facet normal 0 1 -0
    outer loop
      vertex -18.5491 5 21.025
      vertex -21.5 5 29.6252
      vertex -18.2584 5 21.46
    endloop
  endfacet
  facet normal 0 1 -0
    outer loop
      vertex -18.7805 5 20.5557
      vertex -21.5 5 29.6252
      vertex -18.5491 5 21.025
    endloop
  endfacet
  facet normal 0 1 -0
    outer loop
      vertex -18.9487 5 20.0603
      vertex -21.5 5 29.6252
      vertex -18.7805 5 20.5557
    endloop
  endfacet
  facet normal 0 1 -0
    outer loop
      vertex -19.0508 5 19.5471
      vertex -21.5 5 29.6252
      vertex -18.9487 5 20.0603
    endloop
  endfacet
  facet normal 0 1 -0
    outer loop
      vertex -19.085 5 19.025
      vertex -21.5 5 29.6252
      vertex -19.0508 5 19.5471
    endloop
  endfacet
  facet normal 0 1 0
    outer loop
      vertex -19.0508 5 18.5029
      vertex -21.5 5 29.6252
      vertex -19.085 5 19.025
    endloop
  endfacet
  facet normal 0 1 0
    outer loop
      vertex -21.485 5 -20.1586
      vertex -19.0508 5 18.5029
      vertex -18.9487 5 17.9897
    endloop
  endfacet
  facet normal 0 1 0
    outer loop
      vertex -14.5629 5 15.0592
      vertex -15.085 5 -15.025
      vertex -15.085 5 15.025
    endloop
  endfacet
  facet normal 0 1 0
    outer loop
      vertex -15.085 5 15.025
      vertex -15.085 5 -15.025
      vertex -15.6071 5 15.0592
    endloop
  endfacet
  facet normal 0 1 0
    outer loop
      vertex -15.6071 5 -15.0592
      vertex -15.6071 5 15.0592
      vertex -15.085 5 -15.025
    endloop
  endfacet
  facet normal 0 1 0
    outer loop
      vertex -15.6071 5 15.0592
      vertex -15.6071 5 -15.0592
      vertex -16.1203 5 15.1613
    endloop
  endfacet
  facet normal 0 1 0
    outer loop
      vertex -16.1203 5 -15.1613
      vertex -16.1203 5 15.1613
      vertex -15.6071 5 -15.0592
    endloop
  endfacet
  facet normal 0 1 0
    outer loop
      vertex -16.1203 5 15.1613
      vertex -16.1203 5 -15.1613
      vertex -16.6157 5 15.3295
    endloop
  endfacet
  facet normal 0 1 0
    outer loop
      vertex -16.6157 5 -15.3295
      vertex -16.6157 5 15.3295
      vertex -16.1203 5 -15.1613
    endloop
  endfacet
  facet normal 0 1 0
    outer loop
      vertex -16.6157 5 15.3295
      vertex -16.6157 5 -15.3295
      vertex -17.085 5 15.5609
    endloop
  endfacet
  facet normal 0 1 0
    outer loop
      vertex -17.085 5 -15.5609
      vertex -17.085 5 15.5609
      vertex -16.6157 5 -15.3295
    endloop
  endfacet
  facet normal 0 1 0
    outer loop
      vertex -17.085 5 15.5609
      vertex -17.085 5 -15.5609
      vertex -17.52 5 15.8516
    endloop
  endfacet
  facet normal 0 1 0
    outer loop
      vertex -17.52 5 -15.8516
      vertex -17.52 5 15.8516
      vertex -17.085 5 -15.5609
    endloop
  endfacet
  facet normal 0 1 0
    outer loop
      vertex -17.52 5 15.8516
      vertex -17.52 5 -15.8516
      vertex -17.9134 5 16.1966
    endloop
  endfacet
  facet normal 0 1 0
    outer loop
      vertex -17.9134 5 -16.1966
      vertex -17.9134 5 16.1966
      vertex -17.52 5 -15.8516
    endloop
  endfacet
  facet normal 0 1 0
    outer loop
      vertex -17.9134 5 16.1966
      vertex -17.9134 5 -16.1966
      vertex -18.2584 5 16.59
    endloop
  endfacet
  facet normal 0 1 0
    outer loop
      vertex -18.2584 5 -16.59
      vertex -18.2584 5 16.59
      vertex -17.9134 5 -16.1966
    endloop
  endfacet
  facet normal 0 1 0
    outer loop
      vertex -21.485 5 -20.1586
      vertex -18.2584 5 16.59
      vertex -18.2584 5 -16.59
    endloop
  endfacet
  facet normal 0 1 0
    outer loop
      vertex -18.2584 5 16.59
      vertex -21.485 5 -20.1586
      vertex -18.5491 5 17.025
    endloop
  endfacet
  facet normal 0 1 0
    outer loop
      vertex -18.5491 5 17.025
      vertex -21.485 5 -20.1586
      vertex -18.7805 5 17.4943
    endloop
  endfacet
  facet normal 0 1 0
    outer loop
      vertex -18.7805 5 17.4943
      vertex -21.485 5 -20.1586
      vertex -18.9487 5 17.9897
    endloop
  endfacet
  facet normal 0 1 0
    outer loop
      vertex -21.485 5 -20.1586
      vertex -18.2584 5 -16.59
      vertex -18.5491 5 -17.025
    endloop
  endfacet
  facet normal 0 1 0
    outer loop
      vertex -21.485 5 -20.1586
      vertex -18.5491 5 -17.025
      vertex -18.7805 5 -17.4943
    endloop
  endfacet
  facet normal 0 1 0
    outer loop
      vertex -21.485 5 -20.1586
      vertex -18.7805 5 -17.4943
      vertex -18.9487 5 -17.9897
    endloop
  endfacet
  facet normal 0 1 0
    outer loop
      vertex -21.485 5 -20.1586
      vertex -18.9487 5 -17.9897
      vertex -19.0508 5 -18.5029
    endloop
  endfacet
  facet normal 0 1 0
    outer loop
      vertex -21.485 5 -20.1586
      vertex -19.0508 5 -18.5029
      vertex -19.085 5 -19.025
    endloop
  endfacet
  facet normal 0 1 0
    outer loop
      vertex -19.0508 5 18.5029
      vertex -21.485 5 -20.1586
      vertex -21.5 5 29.6252
    endloop
  endfacet
  facet normal 0 1 0
    outer loop
      vertex -19.0508 5 -19.5471
      vertex -21.485 5 -20.1586
      vertex -19.085 5 -19.025
    endloop
  endfacet
  facet normal 0 1 0
    outer loop
      vertex -18.9487 5 -20.0603
      vertex -21.485 5 -20.1586
      vertex -19.0508 5 -19.5471
    endloop
  endfacet
  facet normal 0 1 0
    outer loop
      vertex -18.7805 5 -20.5557
      vertex -21.485 5 -20.1586
      vertex -18.9487 5 -20.0603
    endloop
  endfacet
  facet normal 0 1 0
    outer loop
      vertex -21.1928 5 -21.9099
      vertex -18.7805 5 -20.5557
      vertex -18.5491 5 -21.025
    endloop
  endfacet
  facet normal 0 1 0
    outer loop
      vertex -20.3798 5 -23.4121
      vertex -18.5491 5 -21.025
      vertex -18.2584 5 -21.46
    endloop
  endfacet
  facet normal 0 1 0
    outer loop
      vertex -20.3798 5 -23.4121
      vertex -18.2584 5 -21.46
      vertex -17.9134 5 -21.8534
    endloop
  endfacet
  facet normal 0 1 0
    outer loop
      vertex -18.7805 5 -20.5557
      vertex -21.1928 5 -21.9099
      vertex -21.485 5 -20.1586
    endloop
  endfacet
  facet normal 0 1 0
    outer loop
      vertex -19.1231 5 -24.569
      vertex -17.9134 5 -21.8534
      vertex -17.52 5 -22.1984
    endloop
  endfacet
  facet normal 0 1 0
    outer loop
      vertex -19.1231 5 -24.569
      vertex -17.52 5 -22.1984
      vertex -17.085 5 -22.4891
    endloop
  endfacet
  facet normal 0 1 0
    outer loop
      vertex -17.5433 5 -25.262
      vertex -17.085 5 -22.4891
      vertex -16.6157 5 -22.7205
    endloop
  endfacet
  facet normal 0 1 0
    outer loop
      vertex -17.5433 5 -25.262
      vertex -16.6157 5 -22.7205
      vertex -16.1203 5 -22.8887
    endloop
  endfacet
  facet normal 0 1 0
    outer loop
      vertex -16.2354 5 -25.425
      vertex -16.1203 5 -22.8887
      vertex -15.6071 5 -22.9908
    endloop
  endfacet
  facet normal 0 1 0
    outer loop
      vertex -18.5491 5 -21.025
      vertex -20.3798 5 -23.4121
      vertex -21.1928 5 -21.9099
    endloop
  endfacet
  facet normal 0 1 0
    outer loop
      vertex -16.2354 5 -25.425
      vertex -15.6071 5 -22.9908
      vertex -15.085 5 -23.025
    endloop
  endfacet
  facet normal 0 1 0
    outer loop
      vertex -14.0497 5 -22.8887
      vertex -16.2354 5 -25.425
      vertex -14.5629 5 -22.9908
    endloop
  endfacet
  facet normal 0 1 0
    outer loop
      vertex 16.1203 5 -22.8887
      vertex 16.2187 5 -25.425
      vertex 15.6071 5 -22.9908
    endloop
  endfacet
  facet normal 0 1 0
    outer loop
      vertex -14.5629 5 -22.9908
      vertex -16.2354 5 -25.425
      vertex -15.085 5 -23.025
    endloop
  endfacet
  facet normal 0 1 0
    outer loop
      vertex 15.6071 5 -22.9908
      vertex 16.2187 5 -25.425
      vertex 15.085 5 -23.025
    endloop
  endfacet
  facet normal 0 1 0
    outer loop
      vertex -16.1203 5 -22.8887
      vertex -16.2354 5 -25.425
      vertex -17.5433 5 -25.262
    endloop
  endfacet
  facet normal 0 1 0
    outer loop
      vertex -17.9134 5 -21.8534
      vertex -19.1231 5 -24.569
      vertex -20.3798 5 -23.4121
    endloop
  endfacet
  facet normal 0 1 0
    outer loop
      vertex -17.085 5 -22.4891
      vertex -17.5433 5 -25.262
      vertex -19.1231 5 -24.569
    endloop
  endfacet
  facet normal 0 0 1
    outer loop
      vertex -19.3 14.4 50.125
      vertex -17.5 15 50.125
      vertex -18.7 15 50.125
    endloop
  endfacet
  facet normal -0 0 1
    outer loop
      vertex -17.5 12 50.125
      vertex -16.5 5.60001 50.125
      vertex -16.5 12 50.125
    endloop
  endfacet
  facet normal 0 0 1
    outer loop
      vertex -19.3 5.60001 50.125
      vertex -16.5 5.60001 50.125
      vertex -17.5 12 50.125
    endloop
  endfacet
  facet normal 0 0 1
    outer loop
      vertex -17.5 15 50.125
      vertex -19.3 14.4 50.125
      vertex -17.5 12 50.125
    endloop
  endfacet
  facet normal 0 0 1
    outer loop
      vertex -19.3 5.60001 50.125
      vertex -17.5 12 50.125
      vertex -19.3 14.4 50.125
    endloop
  endfacet
  facet normal 0 0 1
    outer loop
      vertex -16.5 5.60001 50.125
      vertex -19.3 5.60001 50.125
      vertex -17.1 5 50.125
    endloop
  endfacet
  facet normal 0 0 1
    outer loop
      vertex -17.1 5 50.125
      vertex -19.3 5.60001 50.125
      vertex -18.7 5 50.125
    endloop
  endfacet
  facet normal -0 0 1
    outer loop
      vertex 17.5 15 50.125
      vertex 19.3 14.4 50.125
      vertex 18.7 15 50.125
    endloop
  endfacet
  facet normal 0 0 1
    outer loop
      vertex 19.3 14.4 50.125
      vertex 17.5 12 50.125
      vertex 19.3 5.60001 50.125
    endloop
  endfacet
  facet normal 0 0 1
    outer loop
      vertex 19.3 14.4 50.125
      vertex 17.5 15 50.125
      vertex 17.5 12 50.125
    endloop
  endfacet
  facet normal 0 0 1
    outer loop
      vertex 16.5 5.60001 50.125
      vertex 19.3 5.60001 50.125
      vertex 17.5 12 50.125
    endloop
  endfacet
  facet normal 0 0 1
    outer loop
      vertex 19.3 5.60001 50.125
      vertex 16.5 5.60001 50.125
      vertex 18.7 5 50.125
    endloop
  endfacet
  facet normal 0 0 1
    outer loop
      vertex 16.5 5.60001 50.125
      vertex 17.5 12 50.125
      vertex 16.5 12 50.125
    endloop
  endfacet
  facet normal 0 0 1
    outer loop
      vertex 18.7 5 50.125
      vertex 16.5 5.60001 50.125
      vertex 17.1 5 50.125
    endloop
  endfacet
  facet normal -0.707107 0.707107 0
    outer loop
      vertex -19.3 14.4 28.125
      vertex -18.7 15 50.125
      vertex -18.7 15 28.125
    endloop
  endfacet
  facet normal -0.707107 0.707107 0
    outer loop
      vertex -18.7 15 50.125
      vertex -19.3 14.4 28.125
      vertex -19.3 14.4 50.125
    endloop
  endfacet
  facet normal 0 0 -1
    outer loop
      vertex -19.3 5.60001 28.125
      vertex -16.5 5.60001 28.125
      vertex -17.1 5 28.125
    endloop
  endfacet
  facet normal 0 0 -1
    outer loop
      vertex -16.5 5.60001 28.125
      vertex -17.5 12 28.125
      vertex -16.5 12 28.125
    endloop
  endfacet
  facet normal 0 0 -1
    outer loop
      vertex -19.3 5.60001 28.125
      vertex -17.1 5 28.125
      vertex -18.7 5 28.125
    endloop
  endfacet
  facet normal 0 0 -1
    outer loop
      vertex -16.5 5.60001 28.125
      vertex -19.3 5.60001 28.125
      vertex -17.5 12 28.125
    endloop
  endfacet
  facet normal 0 0 -1
    outer loop
      vertex -19.3 14.4 28.125
      vertex -17.5 12 28.125
      vertex -19.3 5.60001 28.125
    endloop
  endfacet
  facet normal 0 0 -1
    outer loop
      vertex -17.5 12 28.125
      vertex -19.3 14.4 28.125
      vertex -17.5 15 28.125
    endloop
  endfacet
  facet normal -0 0 -1
    outer loop
      vertex -17.5 15 28.125
      vertex -19.3 14.4 28.125
      vertex -18.7 15 28.125
    endloop
  endfacet
  facet normal 0 0 -1
    outer loop
      vertex 16.5 5.60001 28.125
      vertex 19.3 5.60001 28.125
      vertex 18.7 5 28.125
    endloop
  endfacet
  facet normal 0 0 -1
    outer loop
      vertex 19.3 5.60001 28.125
      vertex 17.5 12 28.125
      vertex 19.3 14.4 28.125
    endloop
  endfacet
  facet normal 0 0 -1
    outer loop
      vertex 17.5 15 28.125
      vertex 19.3 14.4 28.125
      vertex 17.5 12 28.125
    endloop
  endfacet
  facet normal 0 0 -1
    outer loop
      vertex 16.5 5.60001 28.125
      vertex 18.7 5 28.125
      vertex 17.1 5 28.125
    endloop
  endfacet
  facet normal 0 0 -1
    outer loop
      vertex 19.3 5.60001 28.125
      vertex 16.5 5.60001 28.125
      vertex 17.5 12 28.125
    endloop
  endfacet
  facet normal -0 0 -1
    outer loop
      vertex 17.5 12 28.125
      vertex 16.5 5.60001 28.125
      vertex 16.5 12 28.125
    endloop
  endfacet
  facet normal 0 0 -1
    outer loop
      vertex 19.3 14.4 28.125
      vertex 17.5 15 28.125
      vertex 18.7 15 28.125
    endloop
  endfacet
  facet normal 0.707107 0.707107 0
    outer loop
      vertex 19.3 14.4 50.125
      vertex 18.7 15 28.125
      vertex 18.7 15 50.125
    endloop
  endfacet
  facet normal 0.707107 0.707107 0
    outer loop
      vertex 18.7 15 28.125
      vertex 19.3 14.4 50.125
      vertex 19.3 14.4 28.125
    endloop
  endfacet
  facet normal 0.707113 -0.707101 0
    outer loop
      vertex 18.7 5 50.125
      vertex 19.3 5.60001 28.125
      vertex 19.3 5.60001 50.125
    endloop
  endfacet
  facet normal 0.707113 -0.707101 0
    outer loop
      vertex 19.3 5.60001 28.125
      vertex 18.7 5 50.125
      vertex 18.7 5 28.125
    endloop
  endfacet
  facet normal 1 -0 0
    outer loop
      vertex 19.3 5.60001 50.125
      vertex 19.3 14.4 28.125
      vertex 19.3 14.4 50.125
    endloop
  endfacet
  facet normal 1 0 0
    outer loop
      vertex 19.3 14.4 28.125
      vertex 19.3 5.60001 50.125
      vertex 19.3 5.60001 28.125
    endloop
  endfacet
  facet normal -1 0 0
    outer loop
      vertex 16.5 5.60001 28.125
      vertex 16.5 12 50.125
      vertex 16.5 12 28.125
    endloop
  endfacet
  facet normal -1 -0 0
    outer loop
      vertex 16.5 12 50.125
      vertex 16.5 5.60001 28.125
      vertex 16.5 5.60001 50.125
    endloop
  endfacet
  facet normal -0.707113 -0.707101 0
    outer loop
      vertex 17.1 5 28.125
      vertex 16.5 5.60001 50.125
      vertex 16.5 5.60001 28.125
    endloop
  endfacet
  facet normal -0.707113 -0.707101 0
    outer loop
      vertex 16.5 5.60001 50.125
      vertex 17.1 5 28.125
      vertex 17.1 5 50.125
    endloop
  endfacet
  facet normal 0 -1 0
    outer loop
      vertex -16.5 12 28.125
      vertex 16.5 12 50.125
      vertex -16.5 12 50.125
    endloop
  endfacet
  facet normal 0 -1 -0
    outer loop
      vertex 16.5 12 50.125
      vertex -16.5 12 28.125
      vertex 16.5 12 28.125
    endloop
  endfacet
  facet normal 0.707107 -0.707107 0
    outer loop
      vertex -11.35 15 50.125
      vertex -11.15 15.2 28.125
      vertex -11.15 15.2 50.125
    endloop
  endfacet
  facet normal 0.707107 -0.707107 0
    outer loop
      vertex -11.15 15.2 28.125
      vertex -11.35 15 50.125
      vertex -11.35 15 28.125
    endloop
  endfacet
  facet normal 0.707107 0.707107 0
    outer loop
      vertex -11.15 15.35 50.125
      vertex -11.45 15.65 28.125
      vertex -11.45 15.65 50.125
    endloop
  endfacet
  facet normal 0.707107 0.707107 0
    outer loop
      vertex -11.45 15.65 28.125
      vertex -11.15 15.35 50.125
      vertex -11.15 15.35 28.125
    endloop
  endfacet
  facet normal -1 0 0
    outer loop
      vertex -12.55 15.2 28.125
      vertex -12.55 15.35 50.125
      vertex -12.55 15.35 28.125
    endloop
  endfacet
  facet normal -1 -0 0
    outer loop
      vertex -12.55 15.35 50.125
      vertex -12.55 15.2 28.125
      vertex -12.55 15.2 50.125
    endloop
  endfacet
  facet normal 1 -0 0
    outer loop
      vertex -11.15 15.2 50.125
      vertex -11.15 15.35 28.125
      vertex -11.15 15.35 50.125
    endloop
  endfacet
  facet normal 1 0 0
    outer loop
      vertex -11.15 15.35 28.125
      vertex -11.15 15.2 50.125
      vertex -11.15 15.2 28.125
    endloop
  endfacet
  facet normal 0 0 -1
    outer loop
      vertex -11.35 15 28.125
      vertex -11.15 15.35 28.125
      vertex -11.15 15.2 28.125
    endloop
  endfacet
  facet normal 0 0 -1
    outer loop
      vertex -11.35 15 28.125
      vertex -11.45 15.65 28.125
      vertex -11.15 15.35 28.125
    endloop
  endfacet
  facet normal 0 0 -1
    outer loop
      vertex -11.35 15 28.125
      vertex -12.25 15.65 28.125
      vertex -11.45 15.65 28.125
    endloop
  endfacet
  facet normal 0 0 -1
    outer loop
      vertex -12.35 15 28.125
      vertex -12.25 15.65 28.125
      vertex -11.35 15 28.125
    endloop
  endfacet
  facet normal 0 0 -1
    outer loop
      vertex -12.55 15.35 28.125
      vertex -12.35 15 28.125
      vertex -12.55 15.2 28.125
    endloop
  endfacet
  facet normal 0 0 -1
    outer loop
      vertex -12.35 15 28.125
      vertex -12.55 15.35 28.125
      vertex -12.25 15.65 28.125
    endloop
  endfacet
  facet normal 0 1 -0
    outer loop
      vertex -11.45 15.65 28.125
      vertex -12.25 15.65 50.125
      vertex -11.45 15.65 50.125
    endloop
  endfacet
  facet normal 0 1 0
    outer loop
      vertex -12.25 15.65 50.125
      vertex -11.45 15.65 28.125
      vertex -12.25 15.65 28.125
    endloop
  endfacet
  facet normal -0.707107 -0.707107 0
    outer loop
      vertex -12.35 15 28.125
      vertex -12.55 15.2 50.125
      vertex -12.55 15.2 28.125
    endloop
  endfacet
  facet normal -0.707107 -0.707107 0
    outer loop
      vertex -12.55 15.2 50.125
      vertex -12.35 15 28.125
      vertex -12.35 15 50.125
    endloop
  endfacet
  facet normal -0.707107 0.707107 0
    outer loop
      vertex -12.55 15.35 28.125
      vertex -12.25 15.65 50.125
      vertex -12.25 15.65 28.125
    endloop
  endfacet
  facet normal -0.707107 0.707107 0
    outer loop
      vertex -12.25 15.65 50.125
      vertex -12.55 15.35 28.125
      vertex -12.55 15.35 50.125
    endloop
  endfacet
  facet normal 0 0 1
    outer loop
      vertex -11.15 15.35 50.125
      vertex -11.35 15 50.125
      vertex -11.15 15.2 50.125
    endloop
  endfacet
  facet normal 0 0 1
    outer loop
      vertex -11.45 15.65 50.125
      vertex -11.35 15 50.125
      vertex -11.15 15.35 50.125
    endloop
  endfacet
  facet normal -0 0 1
    outer loop
      vertex -12.25 15.65 50.125
      vertex -11.35 15 50.125
      vertex -11.45 15.65 50.125
    endloop
  endfacet
  facet normal 0 0 1
    outer loop
      vertex -12.25 15.65 50.125
      vertex -12.35 15 50.125
      vertex -11.35 15 50.125
    endloop
  endfacet
  facet normal -0 0 1
    outer loop
      vertex -12.55 15.35 50.125
      vertex -12.35 15 50.125
      vertex -12.25 15.65 50.125
    endloop
  endfacet
  facet normal 0 0 1
    outer loop
      vertex -12.35 15 50.125
      vertex -12.55 15.35 50.125
      vertex -12.55 15.2 50.125
    endloop
  endfacet
  facet normal 0.707107 -0.707107 0
    outer loop
      vertex 12.35 15 50.125
      vertex 12.55 15.2 28.125
      vertex 12.55 15.2 50.125
    endloop
  endfacet
  facet normal 0.707107 -0.707107 0
    outer loop
      vertex 12.55 15.2 28.125
      vertex 12.35 15 50.125
      vertex 12.35 15 28.125
    endloop
  endfacet
  facet normal 0.707107 0.707107 0
    outer loop
      vertex 12.55 15.35 50.125
      vertex 12.25 15.65 28.125
      vertex 12.25 15.65 50.125
    endloop
  endfacet
  facet normal 0.707107 0.707107 0
    outer loop
      vertex 12.25 15.65 28.125
      vertex 12.55 15.35 50.125
      vertex 12.55 15.35 28.125
    endloop
  endfacet
  facet normal -1 0 0
    outer loop
      vertex 11.15 15.2 28.125
      vertex 11.15 15.35 50.125
      vertex 11.15 15.35 28.125
    endloop
  endfacet
  facet normal -1 -0 0
    outer loop
      vertex 11.15 15.35 50.125
      vertex 11.15 15.2 28.125
      vertex 11.15 15.2 50.125
    endloop
  endfacet
  facet normal 1 -0 0
    outer loop
      vertex 12.55 15.2 50.125
      vertex 12.55 15.35 28.125
      vertex 12.55 15.35 50.125
    endloop
  endfacet
  facet normal 1 0 0
    outer loop
      vertex 12.55 15.35 28.125
      vertex 12.55 15.2 50.125
      vertex 12.55 15.2 28.125
    endloop
  endfacet
  facet normal 0 0 -1
    outer loop
      vertex 12.35 15 28.125
      vertex 12.55 15.35 28.125
      vertex 12.55 15.2 28.125
    endloop
  endfacet
  facet normal 0 0 -1
    outer loop
      vertex 12.35 15 28.125
      vertex 12.25 15.65 28.125
      vertex 12.55 15.35 28.125
    endloop
  endfacet
  facet normal 0 0 -1
    outer loop
      vertex 12.35 15 28.125
      vertex 11.45 15.65 28.125
      vertex 12.25 15.65 28.125
    endloop
  endfacet
  facet normal 0 0 -1
    outer loop
      vertex 11.35 15 28.125
      vertex 11.45 15.65 28.125
      vertex 12.35 15 28.125
    endloop
  endfacet
  facet normal 0 0 -1
    outer loop
      vertex 11.15 15.35 28.125
      vertex 11.35 15 28.125
      vertex 11.15 15.2 28.125
    endloop
  endfacet
  facet normal 0 0 -1
    outer loop
      vertex 11.35 15 28.125
      vertex 11.15 15.35 28.125
      vertex 11.45 15.65 28.125
    endloop
  endfacet
  facet normal 0 1 -0
    outer loop
      vertex 12.25 15.65 28.125
      vertex 11.45 15.65 50.125
      vertex 12.25 15.65 50.125
    endloop
  endfacet
  facet normal 0 1 0
    outer loop
      vertex 11.45 15.65 50.125
      vertex 12.25 15.65 28.125
      vertex 11.45 15.65 28.125
    endloop
  endfacet
  facet normal -0.707107 -0.707107 0
    outer loop
      vertex 11.35 15 28.125
      vertex 11.15 15.2 50.125
      vertex 11.15 15.2 28.125
    endloop
  endfacet
  facet normal -0.707107 -0.707107 0
    outer loop
      vertex 11.15 15.2 50.125
      vertex 11.35 15 28.125
      vertex 11.35 15 50.125
    endloop
  endfacet
  facet normal -0.707107 0.707107 0
    outer loop
      vertex 11.15 15.35 28.125
      vertex 11.45 15.65 50.125
      vertex 11.45 15.65 28.125
    endloop
  endfacet
  facet normal -0.707107 0.707107 0
    outer loop
      vertex 11.45 15.65 50.125
      vertex 11.15 15.35 28.125
      vertex 11.15 15.35 50.125
    endloop
  endfacet
  facet normal 0 0 1
    outer loop
      vertex 12.55 15.35 50.125
      vertex 12.35 15 50.125
      vertex 12.55 15.2 50.125
    endloop
  endfacet
  facet normal 0 0 1
    outer loop
      vertex 12.25 15.65 50.125
      vertex 12.35 15 50.125
      vertex 12.55 15.35 50.125
    endloop
  endfacet
  facet normal -0 0 1
    outer loop
      vertex 11.45 15.65 50.125
      vertex 12.35 15 50.125
      vertex 12.25 15.65 50.125
    endloop
  endfacet
  facet normal 0 0 1
    outer loop
      vertex 11.45 15.65 50.125
      vertex 11.35 15 50.125
      vertex 12.35 15 50.125
    endloop
  endfacet
  facet normal -0 0 1
    outer loop
      vertex 11.15 15.35 50.125
      vertex 11.35 15 50.125
      vertex 11.45 15.65 50.125
    endloop
  endfacet
  facet normal 0 0 1
    outer loop
      vertex 11.35 15 50.125
      vertex 11.15 15.35 50.125
      vertex 11.15 15.2 50.125
    endloop
  endfacet
  facet normal -0.478916 0.707106 -0.520231
    outer loop
      vertex -19.5667 4.2 -25.248
      vertex -21.0198 4.2 -23.9103
      vertex -19.1231 5 -24.569
    endloop
  endfacet
  facet normal -1 0 -0.000300903
    outer loop
      vertex -22.285 0 -20.225
      vertex -22.3 4.2 29.625
      vertex -22.285 4.2 -20.225
    endloop
  endfacet
  facet normal -1 -0 -0.000300903
    outer loop
      vertex -22.3 4.2 29.625
      vertex -22.285 0 -20.225
      vertex -22.3 0 29.625
    endloop
  endfacet
  facet normal -0.677289 0 -0.735717
    outer loop
      vertex -21.0198 0 -23.9103
      vertex -19.5667 4.2 -25.248
      vertex -19.5667 0 -25.248
    endloop
  endfacet
  facet normal -0.677289 0 -0.735717
    outer loop
      vertex -19.5667 4.2 -25.248
      vertex -21.0198 0 -23.9103
      vertex -21.0198 4.2 -23.9103
    endloop
  endfacet
  facet normal -0.62188 0.7071 -0.336565
    outer loop
      vertex -21.0198 4.2 -23.9103
      vertex -21.1928 5 -21.9099
      vertex -20.3798 5 -23.4121
    endloop
  endfacet
  facet normal -0.697457 0.707115 -0.116369
    outer loop
      vertex -21.1928 5 -21.9099
      vertex -22.285 4.2 -20.225
      vertex -21.485 5 -20.1586
    endloop
  endfacet
  facet normal 0.164596 0 -0.986361
    outer loop
      vertex 16.285 0 -26.225
      vertex 18.2332 4.2 -25.8999
      vertex 18.2332 0 -25.8999
    endloop
  endfacet
  facet normal 0.164596 0 -0.986361
    outer loop
      vertex 18.2332 4.2 -25.8999
      vertex 16.285 0 -26.225
      vertex 16.285 4.2 -26.225
    endloop
  endfacet
  facet normal -0 0.707107 0.707107
    outer loop
      vertex -16.2337 5 53.825
      vertex 16.3 4.2 54.625
      vertex 16.2504 5 53.825
    endloop
  endfacet
  facet normal 0 0.707107 0.707107
    outer loop
      vertex 16.3 4.2 54.625
      vertex -16.2337 5 53.825
      vertex -16.3 4.2 54.625
    endloop
  endfacet
  facet normal -0.336552 0.70711 0.621875
    outer loop
      vertex -17.9848 5 53.5328
      vertex -19.9853 4.2 53.3598
      vertex -18.2482 4.2 54.2999
    endloop
  endfacet
  facet normal -0.986361 0 -0.164596
    outer loop
      vertex -21.9599 0 -22.1732
      vertex -22.285 4.2 -20.225
      vertex -21.9599 4.2 -22.1732
    endloop
  endfacet
  facet normal -0.986361 -0 -0.164596
    outer loop
      vertex -22.285 4.2 -20.225
      vertex -21.9599 0 -22.1732
      vertex -22.285 0 -20.225
    endloop
  endfacet
  facet normal -0.647551 0.707107 0.284037
    outer loop
      vertex -20.644 5 51.4631
      vertex -22.1164 4.2 50.0979
      vertex -21.323 4.2 51.9067
    endloop
  endfacet
  facet normal -0.478916 0.707106 -0.52023
    outer loop
      vertex -19.1231 5 -24.569
      vertex -21.0198 4.2 -23.9103
      vertex -20.3798 5 -23.4121
    endloop
  endfacet
  facet normal -0.697473 0.707096 -0.116389
    outer loop
      vertex -21.9599 4.2 -22.1732
      vertex -22.285 4.2 -20.225
      vertex -21.1928 5 -21.9099
    endloop
  endfacet
  facet normal 0 -1 0
    outer loop
      vertex -13.96 0 -17.0764
      vertex -13.96 0 17.0764
      vertex -14.224 0 -16.9463
    endloop
  endfacet
  facet normal 0 -1 0
    outer loop
      vertex 13.7153 0 17.24
      vertex 14.7913 0 -16.7943
      vertex 15.085 0 -16.775
    endloop
  endfacet
  facet normal 0 -1 0
    outer loop
      vertex -13.96 0 17.0764
      vertex -13.96 0 -17.0764
      vertex -13.7153 0 17.24
    endloop
  endfacet
  facet normal 0 -1 0
    outer loop
      vertex 13.7153 0 17.24
      vertex 14.5027 0 -16.8517
      vertex 14.7913 0 -16.7943
    endloop
  endfacet
  facet normal 0 -1 0
    outer loop
      vertex -13.7153 0 -17.24
      vertex -13.7153 0 17.24
      vertex -13.96 0 -17.0764
    endloop
  endfacet
  facet normal 0 -1 0
    outer loop
      vertex 13.7153 0 17.24
      vertex 14.224 0 -16.9463
      vertex 14.5027 0 -16.8517
    endloop
  endfacet
  facet normal 0 -1 0
    outer loop
      vertex -13.7153 0 17.24
      vertex -13.7153 0 -17.24
      vertex 13.7153 0 17.24
    endloop
  endfacet
  facet normal 0 -1 0
    outer loop
      vertex 13.7153 0 17.24
      vertex 13.96 0 -17.0764
      vertex 14.224 0 -16.9463
    endloop
  endfacet
  facet normal 0 -1 0
    outer loop
      vertex 13.7153 0 -17.24
      vertex 13.7153 0 17.24
      vertex -13.7153 0 -17.24
    endloop
  endfacet
  facet normal 0 -1 0
    outer loop
      vertex 13.7153 0 17.24
      vertex 13.7153 0 -17.24
      vertex 13.96 0 -17.0764
    endloop
  endfacet
  facet normal 0 -1 0
    outer loop
      vertex -13.494 0 -17.434
      vertex 13.7153 0 -17.24
      vertex -13.7153 0 -17.24
    endloop
  endfacet
  facet normal 0 -1 0
    outer loop
      vertex -13.494 0 -17.434
      vertex 13.494 0 -17.434
      vertex 13.7153 0 -17.24
    endloop
  endfacet
  facet normal 0 -1 0
    outer loop
      vertex -13.3 0 -17.6553
      vertex 13.494 0 -17.434
      vertex -13.494 0 -17.434
    endloop
  endfacet
  facet normal 0 -1 0
    outer loop
      vertex -13.3 0 -17.6553
      vertex 13.3 0 -17.6553
      vertex 13.494 0 -17.434
    endloop
  endfacet
  facet normal 0 -1 0
    outer loop
      vertex -13.1364 0 -17.9
      vertex 13.3 0 -17.6553
      vertex -13.3 0 -17.6553
    endloop
  endfacet
  facet normal 0 -1 0
    outer loop
      vertex -13.1364 0 -17.9
      vertex 13.1364 0 -17.9
      vertex 13.3 0 -17.6553
    endloop
  endfacet
  facet normal 0 -1 0
    outer loop
      vertex -13.0063 0 -18.164
      vertex 13.1364 0 -17.9
      vertex -13.1364 0 -17.9
    endloop
  endfacet
  facet normal 0 -1 0
    outer loop
      vertex -13.0063 0 -18.164
      vertex 13.0063 0 -18.164
      vertex 13.1364 0 -17.9
    endloop
  endfacet
  facet normal 0 -1 0
    outer loop
      vertex -12.9117 0 -18.4427
      vertex 13.0063 0 -18.164
      vertex -13.0063 0 -18.164
    endloop
  endfacet
  facet normal 0 -1 0
    outer loop
      vertex -12.9117 0 -18.4427
      vertex 12.9117 0 -18.4427
      vertex 13.0063 0 -18.164
    endloop
  endfacet
  facet normal 0 -1 0
    outer loop
      vertex -12.8542 0 -18.7313
      vertex 12.9117 0 -18.4427
      vertex -12.9117 0 -18.4427
    endloop
  endfacet
  facet normal 0 -1 0
    outer loop
      vertex -12.8542 0 -18.7313
      vertex 12.8542 0 -18.7313
      vertex 12.9117 0 -18.4427
    endloop
  endfacet
  facet normal 0 -1 0
    outer loop
      vertex -12.835 0 -19.025
      vertex 12.8542 0 -18.7313
      vertex -12.8542 0 -18.7313
    endloop
  endfacet
  facet normal 0 -1 0
    outer loop
      vertex -12.835 0 -19.025
      vertex 12.835 0 -19.025
      vertex 12.8542 0 -18.7313
    endloop
  endfacet
  facet normal 0 -1 0
    outer loop
      vertex -12.8542 0 -19.3187
      vertex 12.835 0 -19.025
      vertex -12.835 0 -19.025
    endloop
  endfacet
  facet normal 0 -1 0
    outer loop
      vertex -12.8542 0 -19.3187
      vertex 12.8542 0 -19.3187
      vertex 12.835 0 -19.025
    endloop
  endfacet
  facet normal 0 -1 0
    outer loop
      vertex -12.9117 0 -19.6073
      vertex 12.8542 0 -19.3187
      vertex -12.8542 0 -19.3187
    endloop
  endfacet
  facet normal 0 -1 0
    outer loop
      vertex -12.9117 0 -19.6073
      vertex 12.9117 0 -19.6073
      vertex 12.8542 0 -19.3187
    endloop
  endfacet
  facet normal 0 -1 0
    outer loop
      vertex -13.0063 0 -19.886
      vertex 12.9117 0 -19.6073
      vertex -12.9117 0 -19.6073
    endloop
  endfacet
  facet normal 0 -1 0
    outer loop
      vertex -13.0063 0 -19.886
      vertex 13.0063 0 -19.886
      vertex 12.9117 0 -19.6073
    endloop
  endfacet
  facet normal 0 -1 0
    outer loop
      vertex -13.1364 0 -20.15
      vertex 13.0063 0 -19.886
      vertex -13.0063 0 -19.886
    endloop
  endfacet
  facet normal 0 -1 0
    outer loop
      vertex -13.1364 0 -20.15
      vertex 13.1364 0 -20.15
      vertex 13.0063 0 -19.886
    endloop
  endfacet
  facet normal 0 -1 0
    outer loop
      vertex -13.3 0 -20.3947
      vertex 13.1364 0 -20.15
      vertex -13.1364 0 -20.15
    endloop
  endfacet
  facet normal 0 -1 0
    outer loop
      vertex -13.3 0 -20.3947
      vertex 13.3 0 -20.3947
      vertex 13.1364 0 -20.15
    endloop
  endfacet
  facet normal 0 -1 0
    outer loop
      vertex -16.285 0 -26.225
      vertex -13.3 0 -20.3947
      vertex -13.494 0 -20.616
    endloop
  endfacet
  facet normal 0 -1 -0
    outer loop
      vertex -13.3 0 -20.3947
      vertex -16.285 0 -26.225
      vertex 13.3 0 -20.3947
    endloop
  endfacet
  facet normal 0 -1 0
    outer loop
      vertex -16.285 0 -26.225
      vertex -13.494 0 -20.616
      vertex -13.7153 0 -20.81
    endloop
  endfacet
  facet normal 0 -1 0
    outer loop
      vertex 16.285 0 -26.225
      vertex 13.3 0 -20.3947
      vertex -16.285 0 -26.225
    endloop
  endfacet
  facet normal 0 -1 0
    outer loop
      vertex -16.285 0 -26.225
      vertex -13.7153 0 -20.81
      vertex -13.96 0 -20.9736
    endloop
  endfacet
  facet normal 0 -1 0
    outer loop
      vertex 13.3 0 -20.3947
      vertex 16.285 0 -26.225
      vertex 13.494 0 -20.616
    endloop
  endfacet
  facet normal 0 -1 0
    outer loop
      vertex -16.285 0 -26.225
      vertex -13.96 0 -20.9736
      vertex -14.224 0 -21.1037
    endloop
  endfacet
  facet normal 0 -1 0
    outer loop
      vertex 13.494 0 -20.616
      vertex 16.285 0 -26.225
      vertex 13.7153 0 -20.81
    endloop
  endfacet
  facet normal 0 -1 0
    outer loop
      vertex -16.285 0 -26.225
      vertex -14.224 0 -21.1037
      vertex -14.5027 0 -21.1983
    endloop
  endfacet
  facet normal 0 -1 0
    outer loop
      vertex 13.7153 0 -20.81
      vertex 16.285 0 -26.225
      vertex 13.96 0 -20.9736
    endloop
  endfacet
  facet normal 0 -1 0
    outer loop
      vertex -16.285 0 -26.225
      vertex -14.5027 0 -21.1983
      vertex -14.7913 0 -21.2558
    endloop
  endfacet
  facet normal 0 -1 0
    outer loop
      vertex 13.96 0 -20.9736
      vertex 16.285 0 -26.225
      vertex 14.224 0 -21.1037
    endloop
  endfacet
  facet normal 0 -1 0
    outer loop
      vertex -16.285 0 -26.225
      vertex -14.7913 0 -21.2558
      vertex -15.085 0 -21.275
    endloop
  endfacet
  facet normal 0 -1 0
    outer loop
      vertex 14.224 0 -21.1037
      vertex 16.285 0 -26.225
      vertex 14.5027 0 -21.1983
    endloop
  endfacet
  facet normal 0 -1 0
    outer loop
      vertex -14.224 0 21.1037
      vertex -22.3 0 29.625
      vertex -14.5027 0 21.1983
    endloop
  endfacet
  facet normal 0 -1 0
    outer loop
      vertex -16.3 0 54.625
      vertex 14.7913 0 21.2558
      vertex 15.085 0 21.275
    endloop
  endfacet
  facet normal 0 -1 0
    outer loop
      vertex -13.96 0 20.9736
      vertex -22.3 0 29.625
      vertex -14.224 0 21.1037
    endloop
  endfacet
  facet normal 0 -1 0
    outer loop
      vertex -16.3 0 54.625
      vertex 14.5027 0 21.1983
      vertex 14.7913 0 21.2558
    endloop
  endfacet
  facet normal 0 -1 0
    outer loop
      vertex -22.3 0 29.625
      vertex -13.96 0 20.9736
      vertex -16.3 0 54.625
    endloop
  endfacet
  facet normal 0 -1 0
    outer loop
      vertex -16.3 0 54.625
      vertex 14.224 0 21.1037
      vertex 14.5027 0 21.1983
    endloop
  endfacet
  facet normal 0 -1 0
    outer loop
      vertex -13.7153 0 20.81
      vertex -16.3 0 54.625
      vertex -13.96 0 20.9736
    endloop
  endfacet
  facet normal 0 -1 0
    outer loop
      vertex -16.3 0 54.625
      vertex 13.96 0 20.9736
      vertex 14.224 0 21.1037
    endloop
  endfacet
  facet normal 0 -1 0
    outer loop
      vertex 13.7153 0 20.81
      vertex -16.3 0 54.625
      vertex -13.7153 0 20.81
    endloop
  endfacet
  facet normal 0 -1 0
    outer loop
      vertex -16.3 0 54.625
      vertex 13.7153 0 20.81
      vertex 13.96 0 20.9736
    endloop
  endfacet
  facet normal 0 -1 0
    outer loop
      vertex -13.494 0 20.616
      vertex 13.7153 0 20.81
      vertex -13.7153 0 20.81
    endloop
  endfacet
  facet normal 0 -1 0
    outer loop
      vertex -13.494 0 20.616
      vertex 13.494 0 20.616
      vertex 13.7153 0 20.81
    endloop
  endfacet
  facet normal 0 -1 0
    outer loop
      vertex -13.3 0 20.3947
      vertex 13.494 0 20.616
      vertex -13.494 0 20.616
    endloop
  endfacet
  facet normal 0 -1 0
    outer loop
      vertex -13.3 0 20.3947
      vertex 13.3 0 20.3947
      vertex 13.494 0 20.616
    endloop
  endfacet
  facet normal 0 -1 0
    outer loop
      vertex -13.1364 0 20.15
      vertex 13.3 0 20.3947
      vertex -13.3 0 20.3947
    endloop
  endfacet
  facet normal 0 -1 0
    outer loop
      vertex -13.1364 0 20.15
      vertex 13.1364 0 20.15
      vertex 13.3 0 20.3947
    endloop
  endfacet
  facet normal 0 -1 0
    outer loop
      vertex -13.0063 0 19.886
      vertex 13.1364 0 20.15
      vertex -13.1364 0 20.15
    endloop
  endfacet
  facet normal 0 -1 0
    outer loop
      vertex -13.0063 0 19.886
      vertex 13.0063 0 19.886
      vertex 13.1364 0 20.15
    endloop
  endfacet
  facet normal 0 -1 0
    outer loop
      vertex -12.9117 0 19.6073
      vertex 13.0063 0 19.886
      vertex -13.0063 0 19.886
    endloop
  endfacet
  facet normal 0 -1 0
    outer loop
      vertex -12.9117 0 19.6073
      vertex 12.9117 0 19.6073
      vertex 13.0063 0 19.886
    endloop
  endfacet
  facet normal 0 -1 0
    outer loop
      vertex -12.8542 0 19.3187
      vertex 12.9117 0 19.6073
      vertex -12.9117 0 19.6073
    endloop
  endfacet
  facet normal 0 -1 0
    outer loop
      vertex -12.8542 0 19.3187
      vertex 12.8542 0 19.3187
      vertex 12.9117 0 19.6073
    endloop
  endfacet
  facet normal 0 -1 0
    outer loop
      vertex -12.835 0 19.025
      vertex 12.8542 0 19.3187
      vertex -12.8542 0 19.3187
    endloop
  endfacet
  facet normal 0 -1 0
    outer loop
      vertex -12.835 0 19.025
      vertex 12.835 0 19.025
      vertex 12.8542 0 19.3187
    endloop
  endfacet
  facet normal 0 -1 0
    outer loop
      vertex -12.8542 0 18.7313
      vertex 12.835 0 19.025
      vertex -12.835 0 19.025
    endloop
  endfacet
  facet normal 0 -1 0
    outer loop
      vertex -12.8542 0 18.7313
      vertex 12.8542 0 18.7313
      vertex 12.835 0 19.025
    endloop
  endfacet
  facet normal 0 -1 0
    outer loop
      vertex -12.9117 0 18.4427
      vertex 12.8542 0 18.7313
      vertex -12.8542 0 18.7313
    endloop
  endfacet
  facet normal 0 -1 0
    outer loop
      vertex -12.9117 0 18.4427
      vertex 12.9117 0 18.4427
      vertex 12.8542 0 18.7313
    endloop
  endfacet
  facet normal 0 -1 0
    outer loop
      vertex -13.0063 0 18.164
      vertex 12.9117 0 18.4427
      vertex -12.9117 0 18.4427
    endloop
  endfacet
  facet normal 0 -1 0
    outer loop
      vertex -13.0063 0 18.164
      vertex 13.0063 0 18.164
      vertex 12.9117 0 18.4427
    endloop
  endfacet
  facet normal 0 -1 0
    outer loop
      vertex -13.1364 0 17.9
      vertex 13.0063 0 18.164
      vertex -13.0063 0 18.164
    endloop
  endfacet
  facet normal 0 -1 0
    outer loop
      vertex -13.1364 0 17.9
      vertex 13.1364 0 17.9
      vertex 13.0063 0 18.164
    endloop
  endfacet
  facet normal 0 -1 0
    outer loop
      vertex -13.3 0 17.6553
      vertex 13.1364 0 17.9
      vertex -13.1364 0 17.9
    endloop
  endfacet
  facet normal 0 -1 0
    outer loop
      vertex -13.3 0 17.6553
      vertex 13.3 0 17.6553
      vertex 13.1364 0 17.9
    endloop
  endfacet
  facet normal 0 -1 0
    outer loop
      vertex -13.494 0 17.434
      vertex 13.3 0 17.6553
      vertex -13.3 0 17.6553
    endloop
  endfacet
  facet normal 0 -1 0
    outer loop
      vertex -13.494 0 17.434
      vertex 13.494 0 17.434
      vertex 13.3 0 17.6553
    endloop
  endfacet
  facet normal 0 -1 0
    outer loop
      vertex -13.7153 0 17.24
      vertex 13.494 0 17.434
      vertex -13.494 0 17.434
    endloop
  endfacet
  facet normal 0 -1 0
    outer loop
      vertex -13.7153 0 17.24
      vertex 13.7153 0 17.24
      vertex 13.494 0 17.434
    endloop
  endfacet
  facet normal 0 -1 0
    outer loop
      vertex -14.5027 0 16.8517
      vertex -14.5027 0 -16.8517
      vertex -14.224 0 16.9463
    endloop
  endfacet
  facet normal 0 -1 0
    outer loop
      vertex -14.224 0 -16.9463
      vertex -14.224 0 16.9463
      vertex -14.5027 0 -16.8517
    endloop
  endfacet
  facet normal 0 -1 0
    outer loop
      vertex -14.5027 0 -16.8517
      vertex -14.5027 0 16.8517
      vertex -14.7913 0 -16.7943
    endloop
  endfacet
  facet normal 0 -1 0
    outer loop
      vertex -14.224 0 16.9463
      vertex -14.224 0 -16.9463
      vertex -13.96 0 17.0764
    endloop
  endfacet
  facet normal 0 -1 0
    outer loop
      vertex -14.7913 0 16.7943
      vertex -14.7913 0 -16.7943
      vertex -14.5027 0 16.8517
    endloop
  endfacet
  facet normal 0 -1 0
    outer loop
      vertex 13.7153 0 17.24
      vertex 15.085 0 -16.775
      vertex 13.96 0 17.0764
    endloop
  endfacet
  facet normal 0 -1 0
    outer loop
      vertex -14.7913 0 -16.7943
      vertex -14.7913 0 16.7943
      vertex -15.085 0 -16.775
    endloop
  endfacet
  facet normal 0 -1 0
    outer loop
      vertex 13.96 0 17.0764
      vertex 15.085 0 -16.775
      vertex 14.224 0 16.9463
    endloop
  endfacet
  facet normal 0 -1 0
    outer loop
      vertex -15.085 0 -16.775
      vertex -14.7913 0 16.7943
      vertex -15.085 0 16.775
    endloop
  endfacet
  facet normal 0 -1 0
    outer loop
      vertex 14.224 0 16.9463
      vertex 15.085 0 -16.775
      vertex 14.5027 0 16.8517
    endloop
  endfacet
  facet normal 0 -1 0
    outer loop
      vertex 15.085 0 21.275
      vertex 16.3 0 54.625
      vertex -16.3 0 54.625
    endloop
  endfacet
  facet normal 0 -1 0
    outer loop
      vertex -22.3 0 48.625
      vertex -16.3 0 54.625
      vertex -18.2482 0 54.2999
    endloop
  endfacet
  facet normal 0 -1 0
    outer loop
      vertex -14.5027 0 21.1983
      vertex -22.3 0 29.625
      vertex -14.7913 0 21.2558
    endloop
  endfacet
  facet normal 0 -1 0
    outer loop
      vertex -22.3 0 48.625
      vertex -18.2482 0 54.2999
      vertex -19.9853 0 53.3598
    endloop
  endfacet
  facet normal 0 -1 0
    outer loop
      vertex -22.3 0 29.625
      vertex -16.3 0 54.625
      vertex -22.3 0 48.625
    endloop
  endfacet
  facet normal 0 -1 0
    outer loop
      vertex -22.3 0 48.625
      vertex -19.9853 0 53.3598
      vertex -21.323 0 51.9067
    endloop
  endfacet
  facet normal 0 -1 0
    outer loop
      vertex 17.7729 0 54.4414
      vertex 22.3 0 48.625
      vertex 19.5817 0 53.648
    endloop
  endfacet
  facet normal 0 -1 0
    outer loop
      vertex -22.3 0 48.625
      vertex -21.323 0 51.9067
      vertex -22.1164 0 50.0979
    endloop
  endfacet
  facet normal 0 -1 0
    outer loop
      vertex 19.5817 0 53.648
      vertex 22.3 0 48.625
      vertex 21.0348 0 52.3103
    endloop
  endfacet
  facet normal 0 -1 0
    outer loop
      vertex 21.0348 0 52.3103
      vertex 22.3 0 48.625
      vertex 21.9749 0 50.5732
    endloop
  endfacet
  facet normal 0 -1 0
    outer loop
      vertex -14.7913 0 21.2558
      vertex -22.3 0 29.625
      vertex -15.085 0 21.275
    endloop
  endfacet
  facet normal -0 -1 0
    outer loop
      vertex 22.3 0 29.625
      vertex 16.3 0 54.625
      vertex 15.085 0 21.275
    endloop
  endfacet
  facet normal -0 -1 -0
    outer loop
      vertex 22.3 0 48.625
      vertex 16.3 0 54.625
      vertex 22.3 0 29.625
    endloop
  endfacet
  facet normal 0 -1 0
    outer loop
      vertex -22.3 0 29.625
      vertex -15.3787 0 21.2558
      vertex -15.085 0 21.275
    endloop
  endfacet
  facet normal 0 -1 0
    outer loop
      vertex -22.3 0 29.625
      vertex -15.6673 0 21.1983
      vertex -15.3787 0 21.2558
    endloop
  endfacet
  facet normal 0 -1 0
    outer loop
      vertex -22.3 0 29.625
      vertex -15.946 0 21.1037
      vertex -15.6673 0 21.1983
    endloop
  endfacet
  facet normal 0 -1 0
    outer loop
      vertex -22.3 0 29.625
      vertex -16.21 0 20.9736
      vertex -15.946 0 21.1037
    endloop
  endfacet
  facet normal 0 -1 0
    outer loop
      vertex -22.3 0 29.625
      vertex -16.4547 0 20.81
      vertex -16.21 0 20.9736
    endloop
  endfacet
  facet normal 0 -1 0
    outer loop
      vertex -22.3 0 29.625
      vertex -16.676 0 20.616
      vertex -16.4547 0 20.81
    endloop
  endfacet
  facet normal 0 -1 0
    outer loop
      vertex -22.3 0 29.625
      vertex -16.87 0 20.3947
      vertex -16.676 0 20.616
    endloop
  endfacet
  facet normal 0 -1 0
    outer loop
      vertex -22.3 0 29.625
      vertex -17.0336 0 20.15
      vertex -16.87 0 20.3947
    endloop
  endfacet
  facet normal 0 -1 0
    outer loop
      vertex -22.3 0 29.625
      vertex -17.1637 0 19.886
      vertex -17.0336 0 20.15
    endloop
  endfacet
  facet normal 0 -1 0
    outer loop
      vertex -22.3 0 29.625
      vertex -17.2583 0 19.6073
      vertex -17.1637 0 19.886
    endloop
  endfacet
  facet normal 0 -1 0
    outer loop
      vertex -22.3 0 29.625
      vertex -17.3158 0 19.3187
      vertex -17.2583 0 19.6073
    endloop
  endfacet
  facet normal 0 -1 0
    outer loop
      vertex -22.3 0 29.625
      vertex -17.335 0 19.025
      vertex -17.3158 0 19.3187
    endloop
  endfacet
  facet normal 0 -1 0
    outer loop
      vertex -22.3 0 29.625
      vertex -17.3158 0 18.7313
      vertex -17.335 0 19.025
    endloop
  endfacet
  facet normal 0 -1 0
    outer loop
      vertex -22.3 0 29.625
      vertex -17.2583 0 18.4427
      vertex -17.3158 0 18.7313
    endloop
  endfacet
  facet normal 0 -1 0
    outer loop
      vertex -22.285 0 -20.225
      vertex -17.2583 0 18.4427
      vertex -22.3 0 29.625
    endloop
  endfacet
  facet normal 0 -1 0
    outer loop
      vertex 14.5027 0 16.8517
      vertex 15.085 0 -16.775
      vertex 14.7913 0 16.7943
    endloop
  endfacet
  facet normal 0 -1 0
    outer loop
      vertex -15.3787 0 16.7943
      vertex -15.085 0 -16.775
      vertex -15.085 0 16.775
    endloop
  endfacet
  facet normal 0 -1 0
    outer loop
      vertex -15.3787 0 -16.7943
      vertex -15.3787 0 16.7943
      vertex -15.6673 0 16.8517
    endloop
  endfacet
  facet normal 0 -1 0
    outer loop
      vertex -15.6673 0 -16.8517
      vertex -15.6673 0 16.8517
      vertex -15.946 0 16.9463
    endloop
  endfacet
  facet normal 0 -1 0
    outer loop
      vertex -15.946 0 -16.9463
      vertex -15.946 0 16.9463
      vertex -16.21 0 17.0764
    endloop
  endfacet
  facet normal 0 -1 0
    outer loop
      vertex -16.21 0 -17.0764
      vertex -16.21 0 17.0764
      vertex -16.4547 0 17.24
    endloop
  endfacet
  facet normal 0 -1 0
    outer loop
      vertex -22.285 0 -20.225
      vertex -16.4547 0 17.24
      vertex -16.676 0 17.434
    endloop
  endfacet
  facet normal 0 -1 0
    outer loop
      vertex -22.285 0 -20.225
      vertex -16.676 0 17.434
      vertex -16.87 0 17.6553
    endloop
  endfacet
  facet normal 0 -1 0
    outer loop
      vertex -22.285 0 -20.225
      vertex -16.87 0 17.6553
      vertex -17.0336 0 17.9
    endloop
  endfacet
  facet normal 0 -1 0
    outer loop
      vertex -22.285 0 -20.225
      vertex -17.0336 0 17.9
      vertex -17.1637 0 18.164
    endloop
  endfacet
  facet normal 0 -1 -0
    outer loop
      vertex -17.2583 0 18.4427
      vertex -22.285 0 -20.225
      vertex -17.1637 0 18.164
    endloop
  endfacet
  facet normal 0 -1 0
    outer loop
      vertex -15.3787 0 16.7943
      vertex -15.3787 0 -16.7943
      vertex -15.085 0 -16.775
    endloop
  endfacet
  facet normal 0 -1 0
    outer loop
      vertex -15.6673 0 16.8517
      vertex -15.6673 0 -16.8517
      vertex -15.3787 0 -16.7943
    endloop
  endfacet
  facet normal 0 -1 0
    outer loop
      vertex -15.946 0 16.9463
      vertex -15.946 0 -16.9463
      vertex -15.6673 0 -16.8517
    endloop
  endfacet
  facet normal 0 -1 0
    outer loop
      vertex -16.21 0 17.0764
      vertex -16.21 0 -17.0764
      vertex -15.946 0 -16.9463
    endloop
  endfacet
  facet normal 0 -1 0
    outer loop
      vertex -16.4547 0 17.24
      vertex -16.4547 0 -17.24
      vertex -16.21 0 -17.0764
    endloop
  endfacet
  facet normal 0 -1 -0
    outer loop
      vertex -16.4547 0 17.24
      vertex -22.285 0 -20.225
      vertex -16.4547 0 -17.24
    endloop
  endfacet
  facet normal 0 -1 0
    outer loop
      vertex -16.4547 0 -17.24
      vertex -22.285 0 -20.225
      vertex -16.676 0 -17.434
    endloop
  endfacet
  facet normal 0 -1 0
    outer loop
      vertex -16.676 0 -17.434
      vertex -22.285 0 -20.225
      vertex -16.87 0 -17.6553
    endloop
  endfacet
  facet normal 0 -1 0
    outer loop
      vertex -16.87 0 -17.6553
      vertex -22.285 0 -20.225
      vertex -17.0336 0 -17.9
    endloop
  endfacet
  facet normal 0 -1 0
    outer loop
      vertex -17.0336 0 -17.9
      vertex -22.285 0 -20.225
      vertex -17.1637 0 -18.164
    endloop
  endfacet
  facet normal 0 -1 0
    outer loop
      vertex -17.1637 0 -18.164
      vertex -22.285 0 -20.225
      vertex -17.2583 0 -18.4427
    endloop
  endfacet
  facet normal 0 -1 0
    outer loop
      vertex -17.2583 0 -18.4427
      vertex -22.285 0 -20.225
      vertex -17.3158 0 -18.7313
    endloop
  endfacet
  facet normal 0 -1 0
    outer loop
      vertex -17.3158 0 -18.7313
      vertex -22.285 0 -20.225
      vertex -17.335 0 -19.025
    endloop
  endfacet
  facet normal 0 -1 -0
    outer loop
      vertex -17.335 0 -19.025
      vertex -22.285 0 -20.225
      vertex -17.3158 0 -19.3187
    endloop
  endfacet
  facet normal 0 -1 0
    outer loop
      vertex -22.285 0 -20.225
      vertex -17.2583 0 -19.6073
      vertex -17.3158 0 -19.3187
    endloop
  endfacet
  facet normal 0 -1 0
    outer loop
      vertex -22.285 0 -20.225
      vertex -17.1637 0 -19.886
      vertex -17.2583 0 -19.6073
    endloop
  endfacet
  facet normal 0 -1 0
    outer loop
      vertex -21.9599 0 -22.1732
      vertex -17.1637 0 -19.886
      vertex -22.285 0 -20.225
    endloop
  endfacet
  facet normal 0 -1 -0
    outer loop
      vertex -17.1637 0 -19.886
      vertex -21.9599 0 -22.1732
      vertex -17.0336 0 -20.15
    endloop
  endfacet
  facet normal 0 -1 -0
    outer loop
      vertex -17.0336 0 -20.15
      vertex -21.9599 0 -22.1732
      vertex -16.87 0 -20.3947
    endloop
  endfacet
  facet normal 0 -1 0
    outer loop
      vertex -21.0198 0 -23.9103
      vertex -16.87 0 -20.3947
      vertex -21.9599 0 -22.1732
    endloop
  endfacet
  facet normal 0 -1 -0
    outer loop
      vertex -16.87 0 -20.3947
      vertex -21.0198 0 -23.9103
      vertex -16.676 0 -20.616
    endloop
  endfacet
  facet normal 0 -1 0
    outer loop
      vertex -19.5667 0 -25.248
      vertex -16.676 0 -20.616
      vertex -21.0198 0 -23.9103
    endloop
  endfacet
  facet normal 0 -1 -0
    outer loop
      vertex -16.676 0 -20.616
      vertex -19.5667 0 -25.248
      vertex -16.4547 0 -20.81
    endloop
  endfacet
  facet normal 0 -1 -0
    outer loop
      vertex -16.4547 0 -20.81
      vertex -19.5667 0 -25.248
      vertex -16.21 0 -20.9736
    endloop
  endfacet
  facet normal 0 -1 0
    outer loop
      vertex 14.7913 0 -21.2558
      vertex 16.285 0 -26.225
      vertex 15.085 0 -21.275
    endloop
  endfacet
  facet normal 0 -1 0
    outer loop
      vertex -17.7579 0 -26.0414
      vertex -16.21 0 -20.9736
      vertex -19.5667 0 -25.248
    endloop
  endfacet
  facet normal 0 -1 -0
    outer loop
      vertex -16.21 0 -20.9736
      vertex -17.7579 0 -26.0414
      vertex -15.946 0 -21.1037
    endloop
  endfacet
  facet normal 0 -1 0
    outer loop
      vertex -16.285 0 -26.225
      vertex -15.946 0 -21.1037
      vertex -17.7579 0 -26.0414
    endloop
  endfacet
  facet normal 0 -1 0
    outer loop
      vertex 14.5027 0 -21.1983
      vertex 16.285 0 -26.225
      vertex 14.7913 0 -21.2558
    endloop
  endfacet
  facet normal 0 -1 -0
    outer loop
      vertex -15.946 0 -21.1037
      vertex -16.285 0 -26.225
      vertex -15.6673 0 -21.1983
    endloop
  endfacet
  facet normal -0 -1 0
    outer loop
      vertex 18.2332 0 -25.8999
      vertex 15.085 0 -21.275
      vertex 16.285 0 -26.225
    endloop
  endfacet
  facet normal 0 -1 -0
    outer loop
      vertex -15.6673 0 -21.1983
      vertex -16.285 0 -26.225
      vertex -15.3787 0 -21.2558
    endloop
  endfacet
  facet normal 0 -1 0
    outer loop
      vertex 15.085 0 -21.275
      vertex 21.308 0 -23.5067
      vertex 22.1014 0 -21.6979
    endloop
  endfacet
  facet normal 0 -1 -0
    outer loop
      vertex -15.3787 0 -21.2558
      vertex -16.285 0 -26.225
      vertex -15.085 0 -21.275
    endloop
  endfacet
  facet normal 0 -1 0
    outer loop
      vertex 15.085 0 -21.275
      vertex 19.9703 0 -24.9598
      vertex 21.308 0 -23.5067
    endloop
  endfacet
  facet normal 0 -1 0
    outer loop
      vertex 15.085 0 -21.275
      vertex 18.2332 0 -25.8999
      vertex 19.9703 0 -24.9598
    endloop
  endfacet
  facet normal 0 -1 0
    outer loop
      vertex 16.3 0 54.625
      vertex 22.3 0 48.625
      vertex 17.7729 0 54.4414
    endloop
  endfacet
  facet normal 0 -1 0
    outer loop
      vertex 15.3787 0 21.2558
      vertex 22.3 0 29.625
      vertex 15.085 0 21.275
    endloop
  endfacet
  facet normal 0 -1 0
    outer loop
      vertex 15.6673 0 21.1983
      vertex 22.3 0 29.625
      vertex 15.3787 0 21.2558
    endloop
  endfacet
  facet normal 0 -1 0
    outer loop
      vertex 15.946 0 21.1037
      vertex 22.3 0 29.625
      vertex 15.6673 0 21.1983
    endloop
  endfacet
  facet normal 0 -1 0
    outer loop
      vertex 16.21 0 20.9736
      vertex 22.3 0 29.625
      vertex 15.946 0 21.1037
    endloop
  endfacet
  facet normal 0 -1 0
    outer loop
      vertex 16.4547 0 20.81
      vertex 22.3 0 29.625
      vertex 16.21 0 20.9736
    endloop
  endfacet
  facet normal 0 -1 0
    outer loop
      vertex 16.676 0 20.616
      vertex 22.3 0 29.625
      vertex 16.4547 0 20.81
    endloop
  endfacet
  facet normal 0 -1 0
    outer loop
      vertex 16.87 0 20.3947
      vertex 22.3 0 29.625
      vertex 16.676 0 20.616
    endloop
  endfacet
  facet normal 0 -1 0
    outer loop
      vertex 17.0336 0 20.15
      vertex 22.3 0 29.625
      vertex 16.87 0 20.3947
    endloop
  endfacet
  facet normal 0 -1 0
    outer loop
      vertex 17.1637 0 19.886
      vertex 22.3 0 29.625
      vertex 17.0336 0 20.15
    endloop
  endfacet
  facet normal 0 -1 0
    outer loop
      vertex 17.2583 0 19.6073
      vertex 22.3 0 29.625
      vertex 17.1637 0 19.886
    endloop
  endfacet
  facet normal 0 -1 0
    outer loop
      vertex 17.3158 0 19.3187
      vertex 22.3 0 29.625
      vertex 17.2583 0 19.6073
    endloop
  endfacet
  facet normal 0 -1 0
    outer loop
      vertex 17.335 0 19.025
      vertex 22.3 0 29.625
      vertex 17.3158 0 19.3187
    endloop
  endfacet
  facet normal 0 -1 0
    outer loop
      vertex 17.3158 0 18.7313
      vertex 22.3 0 29.625
      vertex 17.335 0 19.025
    endloop
  endfacet
  facet normal 0 -1 0
    outer loop
      vertex 17.2583 0 18.4427
      vertex 22.3 0 29.625
      vertex 17.3158 0 18.7313
    endloop
  endfacet
  facet normal 0 -1 0
    outer loop
      vertex 22.285 0 -20.225
      vertex 17.2583 0 18.4427
      vertex 17.1637 0 18.164
    endloop
  endfacet
  facet normal 0 -1 0
    outer loop
      vertex 14.7913 0 16.7943
      vertex 15.085 0 -16.775
      vertex 15.085 0 16.775
    endloop
  endfacet
  facet normal 0 -1 0
    outer loop
      vertex 15.085 0 16.775
      vertex 15.085 0 -16.775
      vertex 15.3787 0 16.7943
    endloop
  endfacet
  facet normal 0 -1 0
    outer loop
      vertex 15.3787 0 -16.7943
      vertex 15.3787 0 16.7943
      vertex 15.085 0 -16.775
    endloop
  endfacet
  facet normal 0 -1 0
    outer loop
      vertex 15.3787 0 16.7943
      vertex 15.3787 0 -16.7943
      vertex 15.6673 0 16.8517
    endloop
  endfacet
  facet normal 0 -1 0
    outer loop
      vertex 15.6673 0 -16.8517
      vertex 15.6673 0 16.8517
      vertex 15.3787 0 -16.7943
    endloop
  endfacet
  facet normal 0 -1 0
    outer loop
      vertex 15.6673 0 16.8517
      vertex 15.6673 0 -16.8517
      vertex 15.946 0 16.9463
    endloop
  endfacet
  facet normal 0 -1 0
    outer loop
      vertex 15.946 0 -16.9463
      vertex 15.946 0 16.9463
      vertex 15.6673 0 -16.8517
    endloop
  endfacet
  facet normal 0 -1 0
    outer loop
      vertex 15.946 0 16.9463
      vertex 15.946 0 -16.9463
      vertex 16.21 0 17.0764
    endloop
  endfacet
  facet normal 0 -1 0
    outer loop
      vertex 16.21 0 -17.0764
      vertex 16.21 0 17.0764
      vertex 15.946 0 -16.9463
    endloop
  endfacet
  facet normal 0 -1 0
    outer loop
      vertex 16.21 0 17.0764
      vertex 16.21 0 -17.0764
      vertex 16.4547 0 17.24
    endloop
  endfacet
  facet normal 0 -1 0
    outer loop
      vertex 16.4547 0 -17.24
      vertex 16.4547 0 17.24
      vertex 16.21 0 -17.0764
    endloop
  endfacet
  facet normal 0 -1 0
    outer loop
      vertex 22.285 0 -20.225
      vertex 16.4547 0 17.24
      vertex 16.4547 0 -17.24
    endloop
  endfacet
  facet normal 0 -1 0
    outer loop
      vertex 16.4547 0 17.24
      vertex 22.285 0 -20.225
      vertex 16.676 0 17.434
    endloop
  endfacet
  facet normal 0 -1 0
    outer loop
      vertex 16.676 0 17.434
      vertex 22.285 0 -20.225
      vertex 16.87 0 17.6553
    endloop
  endfacet
  facet normal 0 -1 0
    outer loop
      vertex 16.87 0 17.6553
      vertex 22.285 0 -20.225
      vertex 17.0336 0 17.9
    endloop
  endfacet
  facet normal 0 -1 0
    outer loop
      vertex 17.0336 0 17.9
      vertex 22.285 0 -20.225
      vertex 17.1637 0 18.164
    endloop
  endfacet
  facet normal 0 -1 0
    outer loop
      vertex 22.285 0 -20.225
      vertex 16.4547 0 -17.24
      vertex 16.676 0 -17.434
    endloop
  endfacet
  facet normal 0 -1 0
    outer loop
      vertex 22.285 0 -20.225
      vertex 16.676 0 -17.434
      vertex 16.87 0 -17.6553
    endloop
  endfacet
  facet normal 0 -1 0
    outer loop
      vertex 22.285 0 -20.225
      vertex 16.87 0 -17.6553
      vertex 17.0336 0 -17.9
    endloop
  endfacet
  facet normal 0 -1 0
    outer loop
      vertex 22.285 0 -20.225
      vertex 17.0336 0 -17.9
      vertex 17.1637 0 -18.164
    endloop
  endfacet
  facet normal 0 -1 0
    outer loop
      vertex 22.285 0 -20.225
      vertex 17.1637 0 -18.164
      vertex 17.2583 0 -18.4427
    endloop
  endfacet
  facet normal 0 -1 0
    outer loop
      vertex 22.285 0 -20.225
      vertex 17.2583 0 -18.4427
      vertex 17.3158 0 -18.7313
    endloop
  endfacet
  facet normal 0 -1 0
    outer loop
      vertex 22.285 0 -20.225
      vertex 17.3158 0 -18.7313
      vertex 17.335 0 -19.025
    endloop
  endfacet
  facet normal 0 -1 0
    outer loop
      vertex 22.285 0 -20.225
      vertex 17.335 0 -19.025
      vertex 17.3158 0 -19.3187
    endloop
  endfacet
  facet normal 0 -1 0
    outer loop
      vertex 17.2583 0 18.4427
      vertex 22.285 0 -20.225
      vertex 22.3 0 29.625
    endloop
  endfacet
  facet normal 0 -1 0
    outer loop
      vertex 17.2583 0 -19.6073
      vertex 22.285 0 -20.225
      vertex 17.3158 0 -19.3187
    endloop
  endfacet
  facet normal 0 -1 0
    outer loop
      vertex 17.1637 0 -19.886
      vertex 22.285 0 -20.225
      vertex 17.2583 0 -19.6073
    endloop
  endfacet
  facet normal 0 -1 0
    outer loop
      vertex 22.1014 0 -21.6979
      vertex 17.1637 0 -19.886
      vertex 17.0336 0 -20.15
    endloop
  endfacet
  facet normal 0 -1 0
    outer loop
      vertex 22.1014 0 -21.6979
      vertex 17.0336 0 -20.15
      vertex 16.87 0 -20.3947
    endloop
  endfacet
  facet normal 0 -1 0
    outer loop
      vertex 22.1014 0 -21.6979
      vertex 16.87 0 -20.3947
      vertex 16.676 0 -20.616
    endloop
  endfacet
  facet normal 0 -1 0
    outer loop
      vertex 22.1014 0 -21.6979
      vertex 16.676 0 -20.616
      vertex 16.4547 0 -20.81
    endloop
  endfacet
  facet normal 0 -1 0
    outer loop
      vertex 22.1014 0 -21.6979
      vertex 16.4547 0 -20.81
      vertex 16.21 0 -20.9736
    endloop
  endfacet
  facet normal 0 -1 0
    outer loop
      vertex 22.1014 0 -21.6979
      vertex 16.21 0 -20.9736
      vertex 15.946 0 -21.1037
    endloop
  endfacet
  facet normal 0 -1 0
    outer loop
      vertex 22.1014 0 -21.6979
      vertex 15.946 0 -21.1037
      vertex 15.6673 0 -21.1983
    endloop
  endfacet
  facet normal 0 -1 0
    outer loop
      vertex 22.1014 0 -21.6979
      vertex 15.6673 0 -21.1983
      vertex 15.3787 0 -21.2558
    endloop
  endfacet
  facet normal 0 -1 0
    outer loop
      vertex 17.1637 0 -19.886
      vertex 22.1014 0 -21.6979
      vertex 22.285 0 -20.225
    endloop
  endfacet
  facet normal 0 -1 0
    outer loop
      vertex 22.1014 0 -21.6979
      vertex 15.3787 0 -21.2558
      vertex 15.085 0 -21.275
    endloop
  endfacet
  facet normal -0.707098 0.707116 -0.000213051
    outer loop
      vertex -21.485 5 -20.1586
      vertex -22.285 4.2 -20.225
      vertex -21.5 5 29.6252
    endloop
  endfacet
  facet normal 0.7071 0.707113 -0.000212768
    outer loop
      vertex 22.285 4.2 -20.225
      vertex 21.485 5 -20.1752
      vertex 22.3 4.2 29.625
    endloop
  endfacet
  facet normal -0.0874659 0.707103 -0.70168
    outer loop
      vertex -16.285 4.2 -26.225
      vertex -17.7579 4.2 -26.0414
      vertex -16.2354 5 -25.425
    endloop
  endfacet
  facet normal 0.735717 0 -0.677289
    outer loop
      vertex 21.308 0 -23.5067
      vertex 19.9703 4.2 -24.9598
      vertex 21.308 4.2 -23.5067
    endloop
  endfacet
  facet normal 0.735717 0 -0.677289
    outer loop
      vertex 19.9703 4.2 -24.9598
      vertex 21.308 0 -23.5067
      vertex 19.9703 0 -24.9598
    endloop
  endfacet
  facet normal 0 0 -1
    outer loop
      vertex -16.285 0 -26.225
      vertex 16.285 4.2 -26.225
      vertex 16.285 0 -26.225
    endloop
  endfacet
  facet normal -0 0 -1
    outer loop
      vertex 16.285 4.2 -26.225
      vertex -16.285 0 -26.225
      vertex -16.285 4.2 -26.225
    endloop
  endfacet
  facet normal -0.284037 0.707107 -0.647551
    outer loop
      vertex -17.7579 4.2 -26.0414
      vertex -19.5667 4.2 -25.248
      vertex -19.1231 5 -24.569
    endloop
  endfacet
  facet normal -0.284062 0.707087 -0.647562
    outer loop
      vertex -17.7579 4.2 -26.0414
      vertex -19.1231 5 -24.569
      vertex -17.5433 5 -25.262
    endloop
  endfacet
  facet normal -0 0 1
    outer loop
      vertex -16.3 4.2 54.625
      vertex 16.3 0 54.625
      vertex 16.3 4.2 54.625
    endloop
  endfacet
  facet normal 0 0 1
    outer loop
      vertex 16.3 0 54.625
      vertex -16.3 4.2 54.625
      vertex -16.3 0 54.625
    endloop
  endfacet
  facet normal -0.520231 0.707106 0.478916
    outer loop
      vertex -20.644 5 51.4631
      vertex -21.323 4.2 51.9067
      vertex -19.9853 4.2 53.3598
    endloop
  endfacet
  facet normal -0.475959 0 0.879468
    outer loop
      vertex -19.9853 4.2 53.3598
      vertex -18.2482 0 54.2999
      vertex -18.2482 4.2 54.2999
    endloop
  endfacet
  facet normal -0.475959 0 0.879468
    outer loop
      vertex -18.2482 0 54.2999
      vertex -19.9853 4.2 53.3598
      vertex -19.9853 0 53.3598
    endloop
  endfacet
  facet normal -0.164596 0 0.986361
    outer loop
      vertex -18.2482 4.2 54.2999
      vertex -16.3 0 54.625
      vertex -16.3 4.2 54.625
    endloop
  endfacet
  facet normal -0.164596 0 0.986361
    outer loop
      vertex -16.3 0 54.625
      vertex -18.2482 4.2 54.2999
      vertex -18.2482 0 54.2999
    endloop
  endfacet
  facet normal -0.70168 0.707103 0.0874659
    outer loop
      vertex -21.5 5 48.5754
      vertex -22.3 4.2 48.625
      vertex -22.1164 4.2 50.0979
    endloop
  endfacet
  facet normal -0.621893 0.707089 -0.336562
    outer loop
      vertex -21.0198 4.2 -23.9103
      vertex -21.9599 4.2 -22.1732
      vertex -21.1928 5 -21.9099
    endloop
  endfacet
  facet normal -0.879468 0 -0.475959
    outer loop
      vertex -21.0198 0 -23.9103
      vertex -21.9599 4.2 -22.1732
      vertex -21.0198 4.2 -23.9103
    endloop
  endfacet
  facet normal -0.879468 -0 -0.475959
    outer loop
      vertex -21.9599 4.2 -22.1732
      vertex -21.0198 0 -23.9103
      vertex -21.9599 0 -22.1732
    endloop
  endfacet
  facet normal -1 0 0
    outer loop
      vertex -22.3 0 29.625
      vertex -22.3 4.2 48.625
      vertex -22.3 4.2 29.625
    endloop
  endfacet
  facet normal -1 -0 0
    outer loop
      vertex -22.3 4.2 48.625
      vertex -22.3 0 29.625
      vertex -22.3 0 48.625
    endloop
  endfacet
  facet normal 0.915776 0 -0.40169
    outer loop
      vertex 22.1014 0 -21.6979
      vertex 21.308 4.2 -23.5067
      vertex 22.1014 4.2 -21.6979
    endloop
  endfacet
  facet normal 0.915776 0 -0.40169
    outer loop
      vertex 21.308 4.2 -23.5067
      vertex 22.1014 0 -21.6979
      vertex 21.308 0 -23.5067
    endloop
  endfacet
  facet normal 0.707107 0.707107 -0
    outer loop
      vertex 22.3 4.2 29.625
      vertex 21.5 5 48.5587
      vertex 22.3 4.2 48.625
    endloop
  endfacet
  facet normal 0.707107 0.707107 0
    outer loop
      vertex 21.5 5 48.5587
      vertex 22.3 4.2 29.625
      vertex 21.5 5 29.625
    endloop
  endfacet
  facet normal 0.475959 0 -0.879468
    outer loop
      vertex 18.2332 0 -25.8999
      vertex 19.9703 4.2 -24.9598
      vertex 19.9703 0 -24.9598
    endloop
  endfacet
  facet normal 0.475959 0 -0.879468
    outer loop
      vertex 19.9703 4.2 -24.9598
      vertex 18.2332 0 -25.8999
      vertex 18.2332 4.2 -25.8999
    endloop
  endfacet
  facet normal 0.520231 0.707106 -0.478916
    outer loop
      vertex 21.308 4.2 -23.5067
      vertex 19.9703 4.2 -24.9598
      vertex 20.629 5 -23.0631
    endloop
  endfacet
  facet normal -0.40169 0 -0.915776
    outer loop
      vertex -19.5667 0 -25.248
      vertex -17.7579 4.2 -26.0414
      vertex -17.7579 0 -26.0414
    endloop
  endfacet
  facet normal -0.40169 0 -0.915776
    outer loop
      vertex -17.7579 4.2 -26.0414
      vertex -19.5667 0 -25.248
      vertex -19.5667 4.2 -25.248
    endloop
  endfacet
  facet normal -0.123695 0 -0.99232
    outer loop
      vertex -17.7579 0 -26.0414
      vertex -16.285 4.2 -26.225
      vertex -16.285 0 -26.225
    endloop
  endfacet
  facet normal -0.123695 0 -0.99232
    outer loop
      vertex -16.285 4.2 -26.225
      vertex -17.7579 0 -26.0414
      vertex -17.7579 4.2 -26.0414
    endloop
  endfacet
  facet normal -0.116383 0.707108 0.697462
    outer loop
      vertex -16.2337 5 53.825
      vertex -17.9848 5 53.5328
      vertex -16.3 4.2 54.625
    endloop
  endfacet
  facet normal 0.40169 0 0.915776
    outer loop
      vertex 17.7729 4.2 54.4414
      vertex 19.5817 0 53.648
      vertex 19.5817 4.2 53.648
    endloop
  endfacet
  facet normal 0.40169 0 0.915776
    outer loop
      vertex 19.5817 0 53.648
      vertex 17.7729 4.2 54.4414
      vertex 17.7729 0 54.4414
    endloop
  endfacet
  facet normal 0.0874659 0.707103 0.70168
    outer loop
      vertex 17.7729 4.2 54.4414
      vertex 16.2504 5 53.825
      vertex 16.3 4.2 54.625
    endloop
  endfacet
  facet normal -0.735717 0 0.677289
    outer loop
      vertex -21.323 0 51.9067
      vertex -19.9853 4.2 53.3598
      vertex -21.323 4.2 51.9067
    endloop
  endfacet
  facet normal -0.735717 0 0.677289
    outer loop
      vertex -19.9853 4.2 53.3598
      vertex -21.323 0 51.9067
      vertex -19.9853 0 53.3598
    endloop
  endfacet
  facet normal -0.707107 0.707107 -0.00021277
    outer loop
      vertex -22.285 4.2 -20.225
      vertex -22.3 4.2 29.625
      vertex -21.5 5 29.6252
    endloop
  endfacet
  facet normal -0.707107 0.707107 0
    outer loop
      vertex -22.3 4.2 29.625
      vertex -21.5 5 48.5754
      vertex -21.5 5 29.6252
    endloop
  endfacet
  facet normal -0.707107 0.707107 0
    outer loop
      vertex -21.5 5 48.5754
      vertex -22.3 4.2 29.625
      vertex -22.3 4.2 48.625
    endloop
  endfacet
  facet normal 0.879468 -0 0.475959
    outer loop
      vertex 21.0348 0 52.3103
      vertex 21.9749 4.2 50.5732
      vertex 21.0348 4.2 52.3103
    endloop
  endfacet
  facet normal 0.879468 0 0.475959
    outer loop
      vertex 21.9749 4.2 50.5732
      vertex 21.0348 0 52.3103
      vertex 21.9749 0 50.5732
    endloop
  endfacet
  facet normal 0.707107 0.707107 -0.000212983
    outer loop
      vertex 22.3 4.2 29.625
      vertex 21.485 5 -20.1752
      vertex 21.5 5 29.625
    endloop
  endfacet
  facet normal 0 0.707107 -0.707107
    outer loop
      vertex -16.285 4.2 -26.225
      vertex 16.2187 5 -25.425
      vertex 16.285 4.2 -26.225
    endloop
  endfacet
  facet normal 0 0.707107 -0.707107
    outer loop
      vertex 16.2187 5 -25.425
      vertex -16.285 4.2 -26.225
      vertex -16.2354 5 -25.425
    endloop
  endfacet
  facet normal 0.336552 0.70711 -0.621875
    outer loop
      vertex 18.2332 4.2 -25.8999
      vertex 17.9698 5 -25.1328
      vertex 19.9703 4.2 -24.9598
    endloop
  endfacet
  facet normal -0.336549 0.707098 0.62189
    outer loop
      vertex -19.4871 5 52.7198
      vertex -19.9853 4.2 53.3598
      vertex -17.9848 5 53.5328
    endloop
  endfacet
  facet normal -0.116388 0.707103 0.697466
    outer loop
      vertex -17.9848 5 53.5328
      vertex -18.2482 4.2 54.2999
      vertex -16.3 4.2 54.625
    endloop
  endfacet
  facet normal 0.62188 0.7071 0.336565
    outer loop
      vertex 21.2078 5 50.3099
      vertex 20.3948 5 51.8121
      vertex 21.0348 4.2 52.3103
    endloop
  endfacet
  facet normal 0.123695 0 0.99232
    outer loop
      vertex 16.3 4.2 54.625
      vertex 17.7729 0 54.4414
      vertex 17.7729 4.2 54.4414
    endloop
  endfacet
  facet normal 0.123695 0 0.99232
    outer loop
      vertex 17.7729 0 54.4414
      vertex 16.3 4.2 54.625
      vertex 16.3 0 54.625
    endloop
  endfacet
  facet normal -0.647562 0.707087 0.284062
    outer loop
      vertex -21.337 5 49.8833
      vertex -22.1164 4.2 50.0979
      vertex -20.644 5 51.4631
    endloop
  endfacet
  facet normal -0.701698 0.707088 0.0874507
    outer loop
      vertex -21.5 5 48.5754
      vertex -22.1164 4.2 50.0979
      vertex -21.337 5 49.8833
    endloop
  endfacet
  facet normal 1 0 -0.000300903
    outer loop
      vertex 22.3 0 29.625
      vertex 22.285 4.2 -20.225
      vertex 22.3 4.2 29.625
    endloop
  endfacet
  facet normal 1 0 -0.000300903
    outer loop
      vertex 22.285 4.2 -20.225
      vertex 22.3 0 29.625
      vertex 22.285 0 -20.225
    endloop
  endfacet
  facet normal 1 -0 0
    outer loop
      vertex 22.3 0 48.625
      vertex 22.3 4.2 29.625
      vertex 22.3 4.2 48.625
    endloop
  endfacet
  facet normal 1 0 0
    outer loop
      vertex 22.3 4.2 29.625
      vertex 22.3 0 48.625
      vertex 22.3 0 29.625
    endloop
  endfacet
  facet normal -0.0874507 0.707088 -0.701698
    outer loop
      vertex -16.2354 5 -25.425
      vertex -17.7579 4.2 -26.0414
      vertex -17.5433 5 -25.262
    endloop
  endfacet
  facet normal 0.701669 0.707114 -0.0874645
    outer loop
      vertex 22.1014 4.2 -21.6979
      vertex 21.485 5 -20.1752
      vertex 22.285 4.2 -20.225
    endloop
  endfacet
  facet normal 0.99232 0 -0.123695
    outer loop
      vertex 22.285 0 -20.225
      vertex 22.1014 4.2 -21.6979
      vertex 22.285 4.2 -20.225
    endloop
  endfacet
  facet normal 0.99232 0 -0.123695
    outer loop
      vertex 22.1014 4.2 -21.6979
      vertex 22.285 0 -20.225
      vertex 22.1014 0 -21.6979
    endloop
  endfacet
  facet normal 0.336549 0.707098 -0.62189
    outer loop
      vertex 19.9703 4.2 -24.9598
      vertex 17.9698 5 -25.1328
      vertex 19.4721 5 -24.3198
    endloop
  endfacet
  facet normal -0.52023 0.707106 0.478916
    outer loop
      vertex -19.4871 5 52.7198
      vertex -20.644 5 51.4631
      vertex -19.9853 4.2 53.3598
    endloop
  endfacet
  facet normal 0.677289 0 0.735717
    outer loop
      vertex 19.5817 4.2 53.648
      vertex 21.0348 0 52.3103
      vertex 21.0348 4.2 52.3103
    endloop
  endfacet
  facet normal 0.677289 0 0.735717
    outer loop
      vertex 21.0348 0 52.3103
      vertex 19.5817 4.2 53.648
      vertex 19.5817 0 53.648
    endloop
  endfacet
  facet normal -0.915776 0 0.40169
    outer loop
      vertex -22.1164 0 50.0979
      vertex -21.323 4.2 51.9067
      vertex -22.1164 4.2 50.0979
    endloop
  endfacet
  facet normal -0.915776 0 0.40169
    outer loop
      vertex -21.323 4.2 51.9067
      vertex -22.1164 0 50.0979
      vertex -21.323 0 51.9067
    endloop
  endfacet
  facet normal -0.99232 0 0.123695
    outer loop
      vertex -22.3 0 48.625
      vertex -22.1164 4.2 50.0979
      vertex -22.3 4.2 48.625
    endloop
  endfacet
  facet normal -0.99232 0 0.123695
    outer loop
      vertex -22.1164 4.2 50.0979
      vertex -22.3 0 48.625
      vertex -22.1164 0 50.0979
    endloop
  endfacet
  facet normal 0.647551 0.707107 -0.284037
    outer loop
      vertex 21.308 4.2 -23.5067
      vertex 20.629 5 -23.0631
      vertex 22.1014 4.2 -21.6979
    endloop
  endfacet
  facet normal 0.7017 0.707087 -0.0874376
    outer loop
      vertex 22.1014 4.2 -21.6979
      vertex 21.322 5 -21.4833
      vertex 21.485 5 -20.1752
    endloop
  endfacet
  facet normal 0.116388 0.707103 -0.697466
    outer loop
      vertex 18.2332 4.2 -25.8999
      vertex 16.285 4.2 -26.225
      vertex 17.9698 5 -25.1328
    endloop
  endfacet
  facet normal 0.116383 0.707108 -0.697462
    outer loop
      vertex 16.285 4.2 -26.225
      vertex 16.2187 5 -25.425
      vertex 17.9698 5 -25.1328
    endloop
  endfacet
  facet normal 0.478916 0.707106 0.520231
    outer loop
      vertex 21.0348 4.2 52.3103
      vertex 19.1381 5 52.969
      vertex 19.5817 4.2 53.648
    endloop
  endfacet
  facet normal 0.284037 0.707107 0.647551
    outer loop
      vertex 19.1381 5 52.969
      vertex 17.7729 4.2 54.4414
      vertex 19.5817 4.2 53.648
    endloop
  endfacet
  facet normal 0.986361 -0 0.164596
    outer loop
      vertex 21.9749 0 50.5732
      vertex 22.3 4.2 48.625
      vertex 21.9749 4.2 50.5732
    endloop
  endfacet
  facet normal 0.986361 0 0.164596
    outer loop
      vertex 22.3 4.2 48.625
      vertex 21.9749 0 50.5732
      vertex 22.3 0 48.625
    endloop
  endfacet
  facet normal 0.621893 0.707089 0.336562
    outer loop
      vertex 21.2078 5 50.3099
      vertex 21.0348 4.2 52.3103
      vertex 21.9749 4.2 50.5732
    endloop
  endfacet
  facet normal 0.647562 0.707087 -0.284062
    outer loop
      vertex 22.1014 4.2 -21.6979
      vertex 20.629 5 -23.0631
      vertex 21.322 5 -21.4833
    endloop
  endfacet
  facet normal 0.52023 0.707106 -0.478916
    outer loop
      vertex 19.9703 4.2 -24.9598
      vertex 19.4721 5 -24.3198
      vertex 20.629 5 -23.0631
    endloop
  endfacet
  facet normal 0.0874507 0.707088 0.701698
    outer loop
      vertex 17.5583 5 53.662
      vertex 16.2504 5 53.825
      vertex 17.7729 4.2 54.4414
    endloop
  endfacet
  facet normal 0.697473 0.707096 0.116389
    outer loop
      vertex 22.3 4.2 48.625
      vertex 21.2078 5 50.3099
      vertex 21.9749 4.2 50.5732
    endloop
  endfacet
  facet normal 0.697463 0.707108 0.116377
    outer loop
      vertex 21.5 5 48.5587
      vertex 21.2078 5 50.3099
      vertex 22.3 4.2 48.625
    endloop
  endfacet
  facet normal 0.478916 0.707106 0.52023
    outer loop
      vertex 20.3948 5 51.8121
      vertex 19.1381 5 52.969
      vertex 21.0348 4.2 52.3103
    endloop
  endfacet
  facet normal 0.284062 0.707087 0.647562
    outer loop
      vertex 19.1381 5 52.969
      vertex 17.5583 5 53.662
      vertex 17.7729 4.2 54.4414
    endloop
  endfacet
  facet normal -0.99787 0 0.0652336
    outer loop
      vertex -12.8542 0 -19.3187
      vertex -12.835 3.25 -19.025
      vertex -12.8542 3.25 -19.3187
    endloop
  endfacet
  facet normal -0.99787 0 0.0652336
    outer loop
      vertex -12.835 3.25 -19.025
      vertex -12.8542 0 -19.3187
      vertex -12.835 0 -19.025
    endloop
  endfacet
  facet normal 0.99787 -0 0.0652336
    outer loop
      vertex -17.335 0 -19.025
      vertex -17.3158 3.25 -19.3187
      vertex -17.335 3.25 -19.025
    endloop
  endfacet
  facet normal 0.99787 0 0.0652336
    outer loop
      vertex -17.3158 3.25 -19.3187
      vertex -17.335 0 -19.025
      vertex -17.3158 0 -19.3187
    endloop
  endfacet
  facet normal -0.0652336 0 0.99787
    outer loop
      vertex -15.085 3.25 -21.275
      vertex -14.7913 0 -21.2558
      vertex -14.7913 3.25 -21.2558
    endloop
  endfacet
  facet normal -0.0652336 0 0.99787
    outer loop
      vertex -14.7913 0 -21.2558
      vertex -15.085 3.25 -21.275
      vertex -15.085 0 -21.275
    endloop
  endfacet
  facet normal -0.751966 0 0.659202
    outer loop
      vertex -13.494 0 -20.616
      vertex -13.3 3.25 -20.3947
      vertex -13.494 3.25 -20.616
    endloop
  endfacet
  facet normal -0.751966 0 0.659202
    outer loop
      vertex -13.3 3.25 -20.3947
      vertex -13.494 0 -20.616
      vertex -13.3 0 -20.3947
    endloop
  endfacet
  facet normal 0.659202 0 0.751966
    outer loop
      vertex -16.676 3.25 -20.616
      vertex -16.4547 0 -20.81
      vertex -16.4547 3.25 -20.81
    endloop
  endfacet
  facet normal 0.659202 0 0.751966
    outer loop
      vertex -16.4547 0 -20.81
      vertex -16.676 3.25 -20.616
      vertex -16.676 0 -20.616
    endloop
  endfacet
  facet normal 0.321421 0 0.946936
    outer loop
      vertex -15.946 3.25 -21.1037
      vertex -15.6673 0 -21.1983
      vertex -15.6673 3.25 -21.1983
    endloop
  endfacet
  facet normal 0.321421 0 0.946936
    outer loop
      vertex -15.6673 0 -21.1983
      vertex -15.946 3.25 -21.1037
      vertex -15.946 0 -21.1037
    endloop
  endfacet
  facet normal -0.896995 0 0.442042
    outer loop
      vertex -13.1364 0 -20.15
      vertex -13.0063 3.25 -19.886
      vertex -13.1364 3.25 -20.15
    endloop
  endfacet
  facet normal -0.896995 0 0.442042
    outer loop
      vertex -13.0063 3.25 -19.886
      vertex -13.1364 0 -20.15
      vertex -13.0063 0 -19.886
    endloop
  endfacet
  facet normal -0.831318 0 0.555797
    outer loop
      vertex -13.3 0 -20.3947
      vertex -13.1364 3.25 -20.15
      vertex -13.3 3.25 -20.3947
    endloop
  endfacet
  facet normal -0.831318 0 0.555797
    outer loop
      vertex -13.1364 3.25 -20.15
      vertex -13.3 0 -20.3947
      vertex -13.1364 0 -20.15
    endloop
  endfacet
  facet normal -0.442042 0 0.896995
    outer loop
      vertex -14.224 3.25 -21.1037
      vertex -13.96 0 -20.9736
      vertex -13.96 3.25 -20.9736
    endloop
  endfacet
  facet normal -0.442042 0 0.896995
    outer loop
      vertex -13.96 0 -20.9736
      vertex -14.224 3.25 -21.1037
      vertex -14.224 0 -21.1037
    endloop
  endfacet
  facet normal -0.321421 0 0.946936
    outer loop
      vertex -14.5027 3.25 -21.1983
      vertex -14.224 0 -21.1037
      vertex -14.224 3.25 -21.1037
    endloop
  endfacet
  facet normal -0.321421 0 0.946936
    outer loop
      vertex -14.224 0 -21.1037
      vertex -14.5027 3.25 -21.1983
      vertex -14.5027 0 -21.1983
    endloop
  endfacet
  facet normal -0.555797 0 0.831318
    outer loop
      vertex -13.96 3.25 -20.9736
      vertex -13.7153 0 -20.81
      vertex -13.7153 3.25 -20.81
    endloop
  endfacet
  facet normal -0.555797 0 0.831318
    outer loop
      vertex -13.7153 0 -20.81
      vertex -13.96 3.25 -20.9736
      vertex -13.96 0 -20.9736
    endloop
  endfacet
  facet normal 0.896995 -0 0.442042
    outer loop
      vertex -17.1637 0 -19.886
      vertex -17.0336 3.25 -20.15
      vertex -17.1637 3.25 -19.886
    endloop
  endfacet
  facet normal 0.896995 0 0.442042
    outer loop
      vertex -17.0336 3.25 -20.15
      vertex -17.1637 0 -19.886
      vertex -17.0336 0 -20.15
    endloop
  endfacet
  facet normal 0.946936 -0 0.321421
    outer loop
      vertex -17.2583 0 -19.6073
      vertex -17.1637 3.25 -19.886
      vertex -17.2583 3.25 -19.6073
    endloop
  endfacet
  facet normal 0.946936 0 0.321421
    outer loop
      vertex -17.1637 3.25 -19.886
      vertex -17.2583 0 -19.6073
      vertex -17.1637 0 -19.886
    endloop
  endfacet
  facet normal 0.442042 0 0.896995
    outer loop
      vertex -16.21 3.25 -20.9736
      vertex -15.946 0 -21.1037
      vertex -15.946 3.25 -21.1037
    endloop
  endfacet
  facet normal 0.442042 0 0.896995
    outer loop
      vertex -15.946 0 -21.1037
      vertex -16.21 3.25 -20.9736
      vertex -16.21 0 -20.9736
    endloop
  endfacet
  facet normal 0.195397 0 0.980724
    outer loop
      vertex -15.6673 3.25 -21.1983
      vertex -15.3787 0 -21.2558
      vertex -15.3787 3.25 -21.2558
    endloop
  endfacet
  facet normal 0.195397 0 0.980724
    outer loop
      vertex -15.3787 0 -21.2558
      vertex -15.6673 3.25 -21.1983
      vertex -15.6673 0 -21.1983
    endloop
  endfacet
  facet normal -0.442042 0 -0.896995
    outer loop
      vertex -14.224 0 -16.9463
      vertex -13.96 3.25 -17.0764
      vertex -13.96 0 -17.0764
    endloop
  endfacet
  facet normal -0.442042 0 -0.896995
    outer loop
      vertex -13.96 3.25 -17.0764
      vertex -14.224 0 -16.9463
      vertex -14.224 3.25 -16.9463
    endloop
  endfacet
  facet normal -0.946936 0 -0.321421
    outer loop
      vertex -12.9117 0 -18.4427
      vertex -13.0063 3.25 -18.164
      vertex -12.9117 3.25 -18.4427
    endloop
  endfacet
  facet normal -0.946936 -0 -0.321421
    outer loop
      vertex -13.0063 3.25 -18.164
      vertex -12.9117 0 -18.4427
      vertex -13.0063 0 -18.164
    endloop
  endfacet
  facet normal 0.321421 0 -0.946936
    outer loop
      vertex -15.946 0 -16.9463
      vertex -15.6673 3.25 -16.8517
      vertex -15.6673 0 -16.8517
    endloop
  endfacet
  facet normal 0.321421 0 -0.946936
    outer loop
      vertex -15.6673 3.25 -16.8517
      vertex -15.946 0 -16.9463
      vertex -15.946 3.25 -16.9463
    endloop
  endfacet
  facet normal 0.896995 0 -0.442042
    outer loop
      vertex -17.0336 0 -17.9
      vertex -17.1637 3.25 -18.164
      vertex -17.0336 3.25 -17.9
    endloop
  endfacet
  facet normal 0.896995 0 -0.442042
    outer loop
      vertex -17.1637 3.25 -18.164
      vertex -17.0336 0 -17.9
      vertex -17.1637 0 -18.164
    endloop
  endfacet
  facet normal -0.946936 0 0.321421
    outer loop
      vertex -13.0063 0 -19.886
      vertex -12.9117 3.25 -19.6073
      vertex -13.0063 3.25 -19.886
    endloop
  endfacet
  facet normal -0.946936 0 0.321421
    outer loop
      vertex -12.9117 3.25 -19.6073
      vertex -13.0063 0 -19.886
      vertex -12.9117 0 -19.6073
    endloop
  endfacet
  facet normal -0.980724 0 0.195397
    outer loop
      vertex -12.9117 0 -19.6073
      vertex -12.8542 3.25 -19.3187
      vertex -12.9117 3.25 -19.6073
    endloop
  endfacet
  facet normal -0.980724 0 0.195397
    outer loop
      vertex -12.8542 3.25 -19.3187
      vertex -12.9117 0 -19.6073
      vertex -12.8542 0 -19.3187
    endloop
  endfacet
  facet normal -0.195397 0 0.980724
    outer loop
      vertex -14.7913 3.25 -21.2558
      vertex -14.5027 0 -21.1983
      vertex -14.5027 3.25 -21.1983
    endloop
  endfacet
  facet normal -0.195397 0 0.980724
    outer loop
      vertex -14.5027 0 -21.1983
      vertex -14.7913 3.25 -21.2558
      vertex -14.7913 0 -21.2558
    endloop
  endfacet
  facet normal -0.659202 0 0.751966
    outer loop
      vertex -13.7153 3.25 -20.81
      vertex -13.494 0 -20.616
      vertex -13.494 3.25 -20.616
    endloop
  endfacet
  facet normal -0.659202 0 0.751966
    outer loop
      vertex -13.494 0 -20.616
      vertex -13.7153 3.25 -20.81
      vertex -13.7153 0 -20.81
    endloop
  endfacet
  facet normal 0.831318 -0 0.555797
    outer loop
      vertex -17.0336 0 -20.15
      vertex -16.87 3.25 -20.3947
      vertex -17.0336 3.25 -20.15
    endloop
  endfacet
  facet normal 0.831318 0 0.555797
    outer loop
      vertex -16.87 3.25 -20.3947
      vertex -17.0336 0 -20.15
      vertex -16.87 0 -20.3947
    endloop
  endfacet
  facet normal 0.751966 -0 0.659202
    outer loop
      vertex -16.87 0 -20.3947
      vertex -16.676 3.25 -20.616
      vertex -16.87 3.25 -20.3947
    endloop
  endfacet
  facet normal 0.751966 0 0.659202
    outer loop
      vertex -16.676 3.25 -20.616
      vertex -16.87 0 -20.3947
      vertex -16.676 0 -20.616
    endloop
  endfacet
  facet normal 0.980724 -0 0.195397
    outer loop
      vertex -17.3158 0 -19.3187
      vertex -17.2583 3.25 -19.6073
      vertex -17.3158 3.25 -19.3187
    endloop
  endfacet
  facet normal 0.980724 0 0.195397
    outer loop
      vertex -17.2583 3.25 -19.6073
      vertex -17.3158 0 -19.3187
      vertex -17.2583 0 -19.6073
    endloop
  endfacet
  facet normal 0.555797 0 0.831318
    outer loop
      vertex -16.4547 3.25 -20.81
      vertex -16.21 0 -20.9736
      vertex -16.21 3.25 -20.9736
    endloop
  endfacet
  facet normal 0.555797 0 0.831318
    outer loop
      vertex -16.21 0 -20.9736
      vertex -16.4547 3.25 -20.81
      vertex -16.4547 0 -20.81
    endloop
  endfacet
  facet normal 0.0652336 0 0.99787
    outer loop
      vertex -15.3787 3.25 -21.2558
      vertex -15.085 0 -21.275
      vertex -15.085 3.25 -21.275
    endloop
  endfacet
  facet normal 0.0652336 0 0.99787
    outer loop
      vertex -15.085 0 -21.275
      vertex -15.3787 3.25 -21.2558
      vertex -15.3787 0 -21.2558
    endloop
  endfacet
  facet normal -0.0655719 0 -0.997848
    outer loop
      vertex -15.085 0 -16.775
      vertex -14.7913 3.25 -16.7943
      vertex -14.7913 0 -16.7943
    endloop
  endfacet
  facet normal -0.0655719 0 -0.997848
    outer loop
      vertex -14.7913 3.25 -16.7943
      vertex -15.085 0 -16.775
      vertex -15.085 3.25 -16.775
    endloop
  endfacet
  facet normal -0.321421 0 -0.946936
    outer loop
      vertex -14.5027 0 -16.8517
      vertex -14.224 3.25 -16.9463
      vertex -14.224 0 -16.9463
    endloop
  endfacet
  facet normal -0.321421 0 -0.946936
    outer loop
      vertex -14.224 3.25 -16.9463
      vertex -14.5027 0 -16.8517
      vertex -14.5027 3.25 -16.8517
    endloop
  endfacet
  facet normal -0.555797 0 -0.831318
    outer loop
      vertex -13.96 0 -17.0764
      vertex -13.7153 3.25 -17.24
      vertex -13.7153 0 -17.24
    endloop
  endfacet
  facet normal -0.555797 0 -0.831318
    outer loop
      vertex -13.7153 3.25 -17.24
      vertex -13.96 0 -17.0764
      vertex -13.96 3.25 -17.0764
    endloop
  endfacet
  facet normal -0.751966 0 -0.659202
    outer loop
      vertex -13.3 0 -17.6553
      vertex -13.494 3.25 -17.434
      vertex -13.3 3.25 -17.6553
    endloop
  endfacet
  facet normal -0.751966 -0 -0.659202
    outer loop
      vertex -13.494 3.25 -17.434
      vertex -13.3 0 -17.6553
      vertex -13.494 0 -17.434
    endloop
  endfacet
  facet normal -0.896995 0 -0.442042
    outer loop
      vertex -13.0063 0 -18.164
      vertex -13.1364 3.25 -17.9
      vertex -13.0063 3.25 -18.164
    endloop
  endfacet
  facet normal -0.896995 -0 -0.442042
    outer loop
      vertex -13.1364 3.25 -17.9
      vertex -13.0063 0 -18.164
      vertex -13.1364 0 -17.9
    endloop
  endfacet
  facet normal 0.659202 0 -0.751966
    outer loop
      vertex -16.676 0 -17.434
      vertex -16.4547 3.25 -17.24
      vertex -16.4547 0 -17.24
    endloop
  endfacet
  facet normal 0.659202 0 -0.751966
    outer loop
      vertex -16.4547 3.25 -17.24
      vertex -16.676 0 -17.434
      vertex -16.676 3.25 -17.434
    endloop
  endfacet
  facet normal 0.442042 0 -0.896995
    outer loop
      vertex -16.21 0 -17.0764
      vertex -15.946 3.25 -16.9463
      vertex -15.946 0 -16.9463
    endloop
  endfacet
  facet normal 0.442042 0 -0.896995
    outer loop
      vertex -15.946 3.25 -16.9463
      vertex -16.21 0 -17.0764
      vertex -16.21 3.25 -17.0764
    endloop
  endfacet
  facet normal 0.19507 0 -0.980789
    outer loop
      vertex -15.6673 0 -16.8517
      vertex -15.3787 3.25 -16.7943
      vertex -15.3787 0 -16.7943
    endloop
  endfacet
  facet normal 0.19507 0 -0.980789
    outer loop
      vertex -15.3787 3.25 -16.7943
      vertex -15.6673 0 -16.8517
      vertex -15.6673 3.25 -16.8517
    endloop
  endfacet
  facet normal 0.831318 0 -0.555797
    outer loop
      vertex -16.87 0 -17.6553
      vertex -17.0336 3.25 -17.9
      vertex -16.87 3.25 -17.6553
    endloop
  endfacet
  facet normal 0.831318 0 -0.555797
    outer loop
      vertex -17.0336 3.25 -17.9
      vertex -16.87 0 -17.6553
      vertex -17.0336 0 -17.9
    endloop
  endfacet
  facet normal 0.946936 0 -0.321421
    outer loop
      vertex -17.1637 0 -18.164
      vertex -17.2583 3.25 -18.4427
      vertex -17.1637 3.25 -18.164
    endloop
  endfacet
  facet normal 0.946936 0 -0.321421
    outer loop
      vertex -17.2583 3.25 -18.4427
      vertex -17.1637 0 -18.164
      vertex -17.2583 0 -18.4427
    endloop
  endfacet
  facet normal 0.99787 0 -0.0652336
    outer loop
      vertex -17.3158 0 -18.7313
      vertex -17.335 3.25 -19.025
      vertex -17.3158 3.25 -18.7313
    endloop
  endfacet
  facet normal 0.99787 0 -0.0652336
    outer loop
      vertex -17.335 3.25 -19.025
      vertex -17.3158 0 -18.7313
      vertex -17.335 0 -19.025
    endloop
  endfacet
  facet normal -0.19507 0 -0.980789
    outer loop
      vertex -14.7913 0 -16.7943
      vertex -14.5027 3.25 -16.8517
      vertex -14.5027 0 -16.8517
    endloop
  endfacet
  facet normal -0.19507 0 -0.980789
    outer loop
      vertex -14.5027 3.25 -16.8517
      vertex -14.7913 0 -16.7943
      vertex -14.7913 3.25 -16.7943
    endloop
  endfacet
  facet normal -0.659202 0 -0.751966
    outer loop
      vertex -13.7153 0 -17.24
      vertex -13.494 3.25 -17.434
      vertex -13.494 0 -17.434
    endloop
  endfacet
  facet normal -0.659202 0 -0.751966
    outer loop
      vertex -13.494 3.25 -17.434
      vertex -13.7153 0 -17.24
      vertex -13.7153 3.25 -17.24
    endloop
  endfacet
  facet normal -0.831318 0 -0.555797
    outer loop
      vertex -13.1364 0 -17.9
      vertex -13.3 3.25 -17.6553
      vertex -13.1364 3.25 -17.9
    endloop
  endfacet
  facet normal -0.831318 -0 -0.555797
    outer loop
      vertex -13.3 3.25 -17.6553
      vertex -13.1364 0 -17.9
      vertex -13.3 0 -17.6553
    endloop
  endfacet
  facet normal -0.980724 0 -0.195397
    outer loop
      vertex -12.8542 0 -18.7313
      vertex -12.9117 3.25 -18.4427
      vertex -12.8542 3.25 -18.7313
    endloop
  endfacet
  facet normal -0.980724 -0 -0.195397
    outer loop
      vertex -12.9117 3.25 -18.4427
      vertex -12.8542 0 -18.7313
      vertex -12.9117 0 -18.4427
    endloop
  endfacet
  facet normal -0.99787 0 -0.0652336
    outer loop
      vertex -12.835 0 -19.025
      vertex -12.8542 3.25 -18.7313
      vertex -12.835 3.25 -19.025
    endloop
  endfacet
  facet normal -0.99787 -0 -0.0652336
    outer loop
      vertex -12.8542 3.25 -18.7313
      vertex -12.835 0 -19.025
      vertex -12.8542 0 -18.7313
    endloop
  endfacet
  facet normal 0.555797 0 -0.831318
    outer loop
      vertex -16.4547 0 -17.24
      vertex -16.21 3.25 -17.0764
      vertex -16.21 0 -17.0764
    endloop
  endfacet
  facet normal 0.555797 0 -0.831318
    outer loop
      vertex -16.21 3.25 -17.0764
      vertex -16.4547 0 -17.24
      vertex -16.4547 3.25 -17.24
    endloop
  endfacet
  facet normal 0.0655719 0 -0.997848
    outer loop
      vertex -15.3787 0 -16.7943
      vertex -15.085 3.25 -16.775
      vertex -15.085 0 -16.775
    endloop
  endfacet
  facet normal 0.0655719 0 -0.997848
    outer loop
      vertex -15.085 3.25 -16.775
      vertex -15.3787 0 -16.7943
      vertex -15.3787 3.25 -16.7943
    endloop
  endfacet
  facet normal 0.751966 0 -0.659202
    outer loop
      vertex -16.676 0 -17.434
      vertex -16.87 3.25 -17.6553
      vertex -16.676 3.25 -17.434
    endloop
  endfacet
  facet normal 0.751966 0 -0.659202
    outer loop
      vertex -16.87 3.25 -17.6553
      vertex -16.676 0 -17.434
      vertex -16.87 0 -17.6553
    endloop
  endfacet
  facet normal 0.980724 0 -0.195397
    outer loop
      vertex -17.2583 0 -18.4427
      vertex -17.3158 3.25 -18.7313
      vertex -17.2583 3.25 -18.4427
    endloop
  endfacet
  facet normal 0.980724 0 -0.195397
    outer loop
      vertex -17.3158 3.25 -18.7313
      vertex -17.2583 0 -18.4427
      vertex -17.3158 0 -18.7313
    endloop
  endfacet
  facet normal -0.533746 0.704334 -0.468005
    outer loop
      vertex -12.2706 4.99 -16.2106
      vertex -11.9296 4.99 -16.5995
      vertex -13.494 3.25 -17.434
    endloop
  endfacet
  facet normal -0.708358 0.704328 0.0463822
    outer loop
      vertex -11.1049 4.99 -19.025
      vertex -11.1387 4.99 -19.5412
      vertex -12.835 3.25 -19.025
    endloop
  endfacet
  facet normal -0.708694 0.704207 0.0429511
    outer loop
      vertex -12.8542 3.25 -19.3187
      vertex -11.1387 4.99 -19.5412
      vertex -11.1389 4.99 -19.5445
    endloop
  endfacet
  facet normal -0.708372 0.704319 0.0463083
    outer loop
      vertex -11.1387 4.99 -19.5412
      vertex -12.8542 3.25 -19.3187
      vertex -12.835 3.25 -19.025
    endloop
  endfacet
  facet normal -0.708372 0.704319 -0.0463083
    outer loop
      vertex -12.8542 3.25 -18.7313
      vertex -11.1387 4.99 -18.5088
      vertex -12.835 3.25 -19.025
    endloop
  endfacet
  facet normal -0.708694 0.704207 -0.0429511
    outer loop
      vertex -11.1387 4.99 -18.5088
      vertex -12.8542 3.25 -18.7313
      vertex -11.1389 4.99 -18.5055
    endloop
  endfacet
  facet normal 0.696209 0.70431 -0.138711
    outer loop
      vertex -17.3158 3.25 -18.7313
      vertex -19.0304 4.99 -18.5022
      vertex -17.2583 3.25 -18.4427
    endloop
  endfacet
  facet normal 0.69474 0.704002 -0.147369
    outer loop
      vertex -19.0304 4.99 -18.5022
      vertex -17.3158 3.25 -18.7313
      vertex -19.0311 4.99 -18.5055
    endloop
  endfacet
  facet normal 0.138711 0.70431 0.696209
    outer loop
      vertex -15.3787 3.25 -21.2558
      vertex -15.6078 4.99 -22.9704
      vertex -15.6673 3.25 -21.1983
    endloop
  endfacet
  facet normal 0.147369 0.704002 0.69474
    outer loop
      vertex -15.6078 4.99 -22.9704
      vertex -15.3787 3.25 -21.2558
      vertex -15.6045 4.99 -22.9711
    endloop
  endfacet
  facet normal -0.0463822 0.704328 -0.708358
    outer loop
      vertex -15.085 4.99 -15.0449
      vertex -14.5688 4.99 -15.0787
      vertex -15.085 3.25 -16.775
    endloop
  endfacet
  facet normal -0.672187 0.704328 -0.228225
    outer loop
      vertex -11.4079 4.99 -17.5019
      vertex -11.2416 4.99 -17.9917
      vertex -13.0063 3.25 -18.164
    endloop
  endfacet
  facet normal -0.708358 0.704328 -0.0463822
    outer loop
      vertex -11.1387 4.99 -18.5088
      vertex -11.1049 4.99 -19.025
      vertex -12.835 3.25 -19.025
    endloop
  endfacet
  facet normal 0.458311 0.704683 -0.54164
    outer loop
      vertex -16.4547 3.25 -17.24
      vertex -17.5105 4.99 -15.8696
      vertex -17.5079 4.99 -15.8674
    endloop
  endfacet
  facet normal 0.467941 0.704343 -0.53379
    outer loop
      vertex -17.5105 4.99 -15.8696
      vertex -16.4547 3.25 -17.24
      vertex -16.676 3.25 -17.434
    endloop
  endfacet
  facet normal 0.3944 0.70433 -0.590228
    outer loop
      vertex -17.0751 4.99 -15.5781
      vertex -16.21 3.25 -17.0764
      vertex -17.5052 4.99 -15.8655
    endloop
  endfacet
  facet normal 0.53379 0.704343 0.467941
    outer loop
      vertex -18.2404 4.99 -21.4505
      vertex -16.87 3.25 -20.3947
      vertex -16.676 3.25 -20.616
    endloop
  endfacet
  facet normal 0.54164 0.704683 0.458311
    outer loop
      vertex -16.87 3.25 -20.3947
      vertex -18.2404 4.99 -21.4505
      vertex -18.2426 4.99 -21.4479
    endloop
  endfacet
  facet normal -0.671397 0.704245 -0.230793
    outer loop
      vertex -12.9117 3.25 -18.4427
      vertex -11.2416 4.99 -17.9917
      vertex -11.2405 4.99 -17.9949
    endloop
  endfacet
  facet normal -0.672199 0.704335 -0.228167
    outer loop
      vertex -11.2416 4.99 -17.9917
      vertex -12.9117 3.25 -18.4427
      vertex -13.0063 3.25 -18.164
    endloop
  endfacet
  facet normal -0.642901 0.704745 -0.300021
    outer loop
      vertex -13.0063 3.25 -18.164
      vertex -11.4093 4.99 -17.4989
      vertex -11.4079 4.99 -17.5019
    endloop
  endfacet
  facet normal -0.636736 0.704348 -0.313785
    outer loop
      vertex -11.4093 4.99 -17.4989
      vertex -13.0063 3.25 -18.164
      vertex -13.1364 3.25 -17.9
    endloop
  endfacet
  facet normal -0.313948 0.704328 -0.636678
    outer loop
      vertex -13.5589 4.99 -15.3493
      vertex -13.0949 4.99 -15.5781
      vertex -13.96 3.25 -17.0764
    endloop
  endfacet
  facet normal 0.580169 0.704785 -0.408267
    outer loop
      vertex -16.87 3.25 -17.6553
      vertex -18.2445 4.99 -16.6048
      vertex -18.2426 4.99 -16.6021
    endloop
  endfacet
  facet normal 0.590113 0.70435 -0.394534
    outer loop
      vertex -18.2445 4.99 -16.6048
      vertex -16.87 3.25 -17.6553
      vertex -17.0336 3.25 -17.9
    endloop
  endfacet
  facet normal -0.590228 0.70433 0.3944
    outer loop
      vertex -11.6381 4.99 -21.0151
      vertex -11.9255 4.99 -21.4452
      vertex -13.1364 3.25 -20.15
    endloop
  endfacet
  facet normal 0.636736 0.704348 0.313785
    outer loop
      vertex -18.7607 4.99 -20.5511
      vertex -17.1637 3.25 -19.886
      vertex -17.0336 3.25 -20.15
    endloop
  endfacet
  facet normal 0.642901 0.704745 0.300021
    outer loop
      vertex -17.1637 3.25 -19.886
      vertex -18.7607 4.99 -20.5511
      vertex -18.7621 4.99 -20.5481
    endloop
  endfacet
  facet normal 0.394534 0.70435 0.590113
    outer loop
      vertex -17.5052 4.99 -22.1845
      vertex -16.4547 3.25 -20.81
      vertex -16.21 3.25 -20.9736
    endloop
  endfacet
  facet normal 0.408267 0.704785 0.580169
    outer loop
      vertex -16.4547 3.25 -20.81
      vertex -17.5052 4.99 -22.1845
      vertex -17.5079 4.99 -22.1826
    endloop
  endfacet
  facet normal -0.69474 0.704002 -0.147369
    outer loop
      vertex -12.8542 3.25 -18.7313
      vertex -11.1396 4.99 -18.5022
      vertex -11.1389 4.99 -18.5055
    endloop
  endfacet
  facet normal -0.696209 0.70431 -0.138711
    outer loop
      vertex -11.1396 4.99 -18.5022
      vertex -12.8542 3.25 -18.7313
      vertex -12.9117 3.25 -18.4427
    endloop
  endfacet
  facet normal -0.696228 0.704337 -0.138477
    outer loop
      vertex -11.2405 4.99 -17.9949
      vertex -11.1396 4.99 -18.5022
      vertex -12.9117 3.25 -18.4427
    endloop
  endfacet
  facet normal -0.590228 0.70433 -0.3944
    outer loop
      vertex -11.9255 4.99 -16.6048
      vertex -11.6381 4.99 -17.0349
      vertex -13.1364 3.25 -17.9
    endloop
  endfacet
  facet normal -0.636678 0.704328 -0.313948
    outer loop
      vertex -11.6381 4.99 -17.0349
      vertex -11.4093 4.99 -17.4989
      vertex -13.1364 3.25 -17.9
    endloop
  endfacet
  facet normal -0.580169 0.704785 -0.408267
    outer loop
      vertex -11.9255 4.99 -16.6048
      vertex -13.3 3.25 -17.6553
      vertex -11.9274 4.99 -16.6021
    endloop
  endfacet
  facet normal -0.590113 0.70435 -0.394534
    outer loop
      vertex -13.3 3.25 -17.6553
      vertex -11.9255 4.99 -16.6048
      vertex -13.1364 3.25 -17.9
    endloop
  endfacet
  facet normal -0.54164 0.704683 -0.458311
    outer loop
      vertex -13.3 3.25 -17.6553
      vertex -11.9296 4.99 -16.5995
      vertex -11.9274 4.99 -16.6021
    endloop
  endfacet
  facet normal -0.53379 0.704343 -0.467941
    outer loop
      vertex -11.9296 4.99 -16.5995
      vertex -13.3 3.25 -17.6553
      vertex -13.494 3.25 -17.434
    endloop
  endfacet
  facet normal -0.458311 0.704683 -0.54164
    outer loop
      vertex -12.6595 4.99 -15.8696
      vertex -13.7153 3.25 -17.24
      vertex -12.6621 4.99 -15.8674
    endloop
  endfacet
  facet normal -0.467941 0.704343 -0.53379
    outer loop
      vertex -13.7153 3.25 -17.24
      vertex -12.6595 4.99 -15.8696
      vertex -13.494 3.25 -17.434
    endloop
  endfacet
  facet normal -0.468005 0.704334 -0.533746
    outer loop
      vertex -12.6595 4.99 -15.8696
      vertex -12.2706 4.99 -16.2106
      vertex -13.494 3.25 -17.434
    endloop
  endfacet
  facet normal -0.228225 0.704328 -0.672187
    outer loop
      vertex -14.0517 4.99 -15.1816
      vertex -13.5619 4.99 -15.3479
      vertex -14.224 3.25 -16.9463
    endloop
  endfacet
  facet normal 0.636678 0.704328 -0.313948
    outer loop
      vertex -18.5319 4.99 -17.0349
      vertex -17.0336 3.25 -17.9
      vertex -18.7607 4.99 -17.4989
    endloop
  endfacet
  facet normal 0.313948 0.704328 -0.636678
    outer loop
      vertex -16.6111 4.99 -15.3493
      vertex -16.21 3.25 -17.0764
      vertex -17.0751 4.99 -15.5781
    endloop
  endfacet
  facet normal 0.394534 0.70435 -0.590113
    outer loop
      vertex -16.4547 3.25 -17.24
      vertex -17.5052 4.99 -15.8655
      vertex -16.21 3.25 -17.0764
    endloop
  endfacet
  facet normal 0.408267 0.704785 -0.580169
    outer loop
      vertex -17.5052 4.99 -15.8655
      vertex -16.4547 3.25 -17.24
      vertex -17.5079 4.99 -15.8674
    endloop
  endfacet
  facet normal 0.590228 0.70433 -0.3944
    outer loop
      vertex -18.2445 4.99 -16.6048
      vertex -17.0336 3.25 -17.9
      vertex -18.5319 4.99 -17.0349
    endloop
  endfacet
  facet normal 0.636736 0.704348 -0.313785
    outer loop
      vertex -17.1637 3.25 -18.164
      vertex -18.7607 4.99 -17.4989
      vertex -17.0336 3.25 -17.9
    endloop
  endfacet
  facet normal 0.642901 0.704745 -0.300021
    outer loop
      vertex -18.7607 4.99 -17.4989
      vertex -17.1637 3.25 -18.164
      vertex -18.7621 4.99 -17.5019
    endloop
  endfacet
  facet normal -0.313785 0.704348 0.636736
    outer loop
      vertex -13.5589 4.99 -22.7007
      vertex -14.224 3.25 -21.1037
      vertex -13.96 3.25 -20.9736
    endloop
  endfacet
  facet normal -0.300021 0.704745 0.642901
    outer loop
      vertex -14.224 3.25 -21.1037
      vertex -13.5589 4.99 -22.7007
      vertex -13.5619 4.99 -22.7021
    endloop
  endfacet
  facet normal 0.313948 0.704328 0.636678
    outer loop
      vertex -16.21 3.25 -20.9736
      vertex -16.6111 4.99 -22.7007
      vertex -17.0751 4.99 -22.4719
    endloop
  endfacet
  facet normal 0.708372 0.704319 0.0463083
    outer loop
      vertex -17.3158 3.25 -19.3187
      vertex -19.0313 4.99 -19.5412
      vertex -17.335 3.25 -19.025
    endloop
  endfacet
  facet normal 0.708694 0.704207 0.0429511
    outer loop
      vertex -19.0313 4.99 -19.5412
      vertex -17.3158 3.25 -19.3187
      vertex -19.0311 4.99 -19.5445
    endloop
  endfacet
  facet normal 0.590113 0.70435 0.394534
    outer loop
      vertex -16.87 3.25 -20.3947
      vertex -18.2445 4.99 -21.4452
      vertex -17.0336 3.25 -20.15
    endloop
  endfacet
  facet normal 0.580169 0.704785 0.408267
    outer loop
      vertex -18.2445 4.99 -21.4452
      vertex -16.87 3.25 -20.3947
      vertex -18.2426 4.99 -21.4479
    endloop
  endfacet
  facet normal 0.3944 0.70433 0.590228
    outer loop
      vertex -16.21 3.25 -20.9736
      vertex -17.0751 4.99 -22.4719
      vertex -17.5052 4.99 -22.1845
    endloop
  endfacet
  facet normal 0.468005 0.704334 0.533746
    outer loop
      vertex -16.676 3.25 -20.616
      vertex -17.5105 4.99 -22.1804
      vertex -17.8994 4.99 -21.8394
    endloop
  endfacet
  facet normal 0.228167 0.704335 0.672199
    outer loop
      vertex -15.6673 3.25 -21.1983
      vertex -16.1183 4.99 -22.8684
      vertex -15.946 3.25 -21.1037
    endloop
  endfacet
  facet normal 0.230793 0.704245 0.671397
    outer loop
      vertex -16.1183 4.99 -22.8684
      vertex -15.6673 3.25 -21.1983
      vertex -16.1151 4.99 -22.8695
    endloop
  endfacet
  facet normal -0.3944 0.70433 -0.590228
    outer loop
      vertex -13.0949 4.99 -15.5781
      vertex -12.6648 4.99 -15.8655
      vertex -13.96 3.25 -17.0764
    endloop
  endfacet
  facet normal -0.408267 0.704785 -0.580169
    outer loop
      vertex -13.7153 3.25 -17.24
      vertex -12.6648 4.99 -15.8655
      vertex -12.6621 4.99 -15.8674
    endloop
  endfacet
  facet normal -0.394534 0.70435 -0.590113
    outer loop
      vertex -12.6648 4.99 -15.8655
      vertex -13.7153 3.25 -17.24
      vertex -13.96 3.25 -17.0764
    endloop
  endfacet
  facet normal -0.300021 0.704745 -0.642901
    outer loop
      vertex -13.5589 4.99 -15.3493
      vertex -14.224 3.25 -16.9463
      vertex -13.5619 4.99 -15.3479
    endloop
  endfacet
  facet normal -0.313785 0.704348 -0.636736
    outer loop
      vertex -14.224 3.25 -16.9463
      vertex -13.5589 4.99 -15.3493
      vertex -13.96 3.25 -17.0764
    endloop
  endfacet
  facet normal -0.138477 0.704337 -0.696228
    outer loop
      vertex -14.0549 4.99 -15.1805
      vertex -14.5027 3.25 -16.8517
      vertex -14.5622 4.99 -15.0796
    endloop
  endfacet
  facet normal -0.230793 0.704245 -0.671397
    outer loop
      vertex -14.0517 4.99 -15.1816
      vertex -14.5027 3.25 -16.8517
      vertex -14.0549 4.99 -15.1805
    endloop
  endfacet
  facet normal -0.228167 0.704335 -0.672199
    outer loop
      vertex -14.5027 3.25 -16.8517
      vertex -14.0517 4.99 -15.1816
      vertex -14.224 3.25 -16.9463
    endloop
  endfacet
  facet normal -0.147365 0.704022 -0.69472
    outer loop
      vertex -14.5622 4.99 -15.0796
      vertex -14.7913 3.25 -16.7943
      vertex -14.5655 4.99 -15.0789
    endloop
  endfacet
  facet normal -0.138474 0.704337 -0.696228
    outer loop
      vertex -14.7913 3.25 -16.7943
      vertex -14.5622 4.99 -15.0796
      vertex -14.5027 3.25 -16.8517
    endloop
  endfacet
  facet normal -0.0429499 0.704228 -0.708674
    outer loop
      vertex -14.7913 3.25 -16.7943
      vertex -14.5688 4.99 -15.0787
      vertex -14.5655 4.99 -15.0789
    endloop
  endfacet
  facet normal -0.0465466 0.704347 -0.708328
    outer loop
      vertex -14.5688 4.99 -15.0787
      vertex -14.7913 3.25 -16.7943
      vertex -15.085 3.25 -16.775
    endloop
  endfacet
  facet normal 0.672187 0.704328 -0.228225
    outer loop
      vertex -18.7621 4.99 -17.5019
      vertex -17.1637 3.25 -18.164
      vertex -18.9284 4.99 -17.9917
    endloop
  endfacet
  facet normal 0.696228 0.704337 -0.138477
    outer loop
      vertex -18.9295 4.99 -17.9949
      vertex -17.2583 3.25 -18.4427
      vertex -19.0304 4.99 -18.5022
    endloop
  endfacet
  facet normal 0.0465466 0.704347 -0.708328
    outer loop
      vertex -15.3787 3.25 -16.7943
      vertex -15.6012 4.99 -15.0787
      vertex -15.085 3.25 -16.775
    endloop
  endfacet
  facet normal 0.0429499 0.704228 -0.708674
    outer loop
      vertex -15.6012 4.99 -15.0787
      vertex -15.3787 3.25 -16.7943
      vertex -15.6045 4.99 -15.0789
    endloop
  endfacet
  facet normal 0.0463822 0.704328 -0.708358
    outer loop
      vertex -15.085 4.99 -15.0449
      vertex -15.085 3.25 -16.775
      vertex -15.6012 4.99 -15.0787
    endloop
  endfacet
  facet normal 0.228225 0.704328 -0.672187
    outer loop
      vertex -16.1183 4.99 -15.1816
      vertex -15.946 3.25 -16.9463
      vertex -16.6081 4.99 -15.3479
    endloop
  endfacet
  facet normal 0.300021 0.704745 -0.642901
    outer loop
      vertex -15.946 3.25 -16.9463
      vertex -16.6111 4.99 -15.3493
      vertex -16.6081 4.99 -15.3479
    endloop
  endfacet
  facet normal 0.313785 0.704348 -0.636736
    outer loop
      vertex -16.6111 4.99 -15.3493
      vertex -15.946 3.25 -16.9463
      vertex -16.21 3.25 -17.0764
    endloop
  endfacet
  facet normal 0.533746 0.704334 -0.468005
    outer loop
      vertex -17.8994 4.99 -16.2106
      vertex -16.676 3.25 -17.434
      vertex -18.2404 4.99 -16.5995
    endloop
  endfacet
  facet normal 0.468005 0.704334 -0.533746
    outer loop
      vertex -17.5105 4.99 -15.8696
      vertex -16.676 3.25 -17.434
      vertex -17.8994 4.99 -16.2106
    endloop
  endfacet
  facet normal 0.53379 0.704343 -0.467941
    outer loop
      vertex -16.87 3.25 -17.6553
      vertex -18.2404 4.99 -16.5995
      vertex -16.676 3.25 -17.434
    endloop
  endfacet
  facet normal 0.54164 0.704683 -0.458311
    outer loop
      vertex -18.2404 4.99 -16.5995
      vertex -16.87 3.25 -17.6553
      vertex -18.2426 4.99 -16.6021
    endloop
  endfacet
  facet normal -0.408267 0.704785 0.580169
    outer loop
      vertex -12.6648 4.99 -22.1845
      vertex -13.7153 3.25 -20.81
      vertex -12.6621 4.99 -22.1826
    endloop
  endfacet
  facet normal -0.394534 0.70435 0.590113
    outer loop
      vertex -13.7153 3.25 -20.81
      vertex -12.6648 4.99 -22.1845
      vertex -13.96 3.25 -20.9736
    endloop
  endfacet
  facet normal -0.138477 0.704337 0.696228
    outer loop
      vertex -14.5027 3.25 -21.1983
      vertex -14.0549 4.99 -22.8695
      vertex -14.5622 4.99 -22.9704
    endloop
  endfacet
  facet normal -0.636678 0.704328 0.313948
    outer loop
      vertex -11.4093 4.99 -20.5511
      vertex -11.6381 4.99 -21.0151
      vertex -13.1364 3.25 -20.15
    endloop
  endfacet
  facet normal 0.138477 0.704337 0.696228
    outer loop
      vertex -15.6673 3.25 -21.1983
      vertex -15.6078 4.99 -22.9704
      vertex -16.1151 4.99 -22.8695
    endloop
  endfacet
  facet normal 0.590228 0.70433 0.3944
    outer loop
      vertex -17.0336 3.25 -20.15
      vertex -18.2445 4.99 -21.4452
      vertex -18.5319 4.99 -21.0151
    endloop
  endfacet
  facet normal 0.636678 0.704328 0.313948
    outer loop
      vertex -17.0336 3.25 -20.15
      vertex -18.5319 4.99 -21.0151
      vertex -18.7607 4.99 -20.5511
    endloop
  endfacet
  facet normal 0.708358 0.704328 -0.0463822
    outer loop
      vertex -19.0313 4.99 -18.5088
      vertex -17.335 3.25 -19.025
      vertex -19.0651 4.99 -19.025
    endloop
  endfacet
  facet normal 0.708358 0.704328 0.0463822
    outer loop
      vertex -17.335 3.25 -19.025
      vertex -19.0313 4.99 -19.5412
      vertex -19.0651 4.99 -19.025
    endloop
  endfacet
  facet normal 0.69474 0.704002 0.147369
    outer loop
      vertex -17.3158 3.25 -19.3187
      vertex -19.0304 4.99 -19.5478
      vertex -19.0311 4.99 -19.5445
    endloop
  endfacet
  facet normal 0.696209 0.70431 0.138711
    outer loop
      vertex -19.0304 4.99 -19.5478
      vertex -17.3158 3.25 -19.3187
      vertex -17.2583 3.25 -19.6073
    endloop
  endfacet
  facet normal 0.672187 0.704328 0.228225
    outer loop
      vertex -17.1637 3.25 -19.886
      vertex -18.7621 4.99 -20.5481
      vertex -18.9284 4.99 -20.0583
    endloop
  endfacet
  facet normal 0.533746 0.704334 0.468005
    outer loop
      vertex -16.676 3.25 -20.616
      vertex -17.8994 4.99 -21.8394
      vertex -18.2404 4.99 -21.4505
    endloop
  endfacet
  facet normal 0.467941 0.704343 0.53379
    outer loop
      vertex -16.4547 3.25 -20.81
      vertex -17.5105 4.99 -22.1804
      vertex -16.676 3.25 -20.616
    endloop
  endfacet
  facet normal 0.458311 0.704683 0.54164
    outer loop
      vertex -17.5105 4.99 -22.1804
      vertex -16.4547 3.25 -20.81
      vertex -17.5079 4.99 -22.1826
    endloop
  endfacet
  facet normal 0.672199 0.704335 -0.228167
    outer loop
      vertex -17.2583 3.25 -18.4427
      vertex -18.9284 4.99 -17.9917
      vertex -17.1637 3.25 -18.164
    endloop
  endfacet
  facet normal 0.671397 0.704245 -0.230793
    outer loop
      vertex -18.9284 4.99 -17.9917
      vertex -17.2583 3.25 -18.4427
      vertex -18.9295 4.99 -17.9949
    endloop
  endfacet
  facet normal 0.230793 0.704245 -0.671397
    outer loop
      vertex -15.6673 3.25 -16.8517
      vertex -16.1183 4.99 -15.1816
      vertex -16.1151 4.99 -15.1805
    endloop
  endfacet
  facet normal 0.228167 0.704335 -0.672199
    outer loop
      vertex -16.1183 4.99 -15.1816
      vertex -15.6673 3.25 -16.8517
      vertex -15.946 3.25 -16.9463
    endloop
  endfacet
  facet normal 0.138477 0.704337 -0.696228
    outer loop
      vertex -15.6078 4.99 -15.0796
      vertex -15.6673 3.25 -16.8517
      vertex -16.1151 4.99 -15.1805
    endloop
  endfacet
  facet normal 0.147365 0.704022 -0.69472
    outer loop
      vertex -15.3787 3.25 -16.7943
      vertex -15.6078 4.99 -15.0796
      vertex -15.6045 4.99 -15.0789
    endloop
  endfacet
  facet normal 0.138474 0.704337 -0.696228
    outer loop
      vertex -15.6078 4.99 -15.0796
      vertex -15.3787 3.25 -16.7943
      vertex -15.6673 3.25 -16.8517
    endloop
  endfacet
  facet normal -0.313948 0.704328 0.636678
    outer loop
      vertex -13.0949 4.99 -22.4719
      vertex -13.5589 4.99 -22.7007
      vertex -13.96 3.25 -20.9736
    endloop
  endfacet
  facet normal -0.3944 0.70433 0.590228
    outer loop
      vertex -12.6648 4.99 -22.1845
      vertex -13.0949 4.99 -22.4719
      vertex -13.96 3.25 -20.9736
    endloop
  endfacet
  facet normal -0.0463822 0.704328 0.708358
    outer loop
      vertex -14.5688 4.99 -22.9713
      vertex -15.085 4.99 -23.0051
      vertex -15.085 3.25 -21.275
    endloop
  endfacet
  facet normal -0.0429511 0.704207 0.708694
    outer loop
      vertex -14.5688 4.99 -22.9713
      vertex -14.7913 3.25 -21.2558
      vertex -14.5655 4.99 -22.9711
    endloop
  endfacet
  facet normal -0.0463083 0.704319 0.708372
    outer loop
      vertex -14.7913 3.25 -21.2558
      vertex -14.5688 4.99 -22.9713
      vertex -15.085 3.25 -21.275
    endloop
  endfacet
  facet normal -0.467941 0.704343 0.53379
    outer loop
      vertex -12.6595 4.99 -22.1804
      vertex -13.7153 3.25 -20.81
      vertex -13.494 3.25 -20.616
    endloop
  endfacet
  facet normal -0.458311 0.704683 0.54164
    outer loop
      vertex -13.7153 3.25 -20.81
      vertex -12.6595 4.99 -22.1804
      vertex -12.6621 4.99 -22.1826
    endloop
  endfacet
  facet normal -0.642901 0.704745 0.300021
    outer loop
      vertex -11.4093 4.99 -20.5511
      vertex -13.0063 3.25 -19.886
      vertex -11.4079 4.99 -20.5481
    endloop
  endfacet
  facet normal -0.636736 0.704348 0.313785
    outer loop
      vertex -13.0063 3.25 -19.886
      vertex -11.4093 4.99 -20.5511
      vertex -13.1364 3.25 -20.15
    endloop
  endfacet
  facet normal 0.313785 0.704348 0.636736
    outer loop
      vertex -15.946 3.25 -21.1037
      vertex -16.6111 4.99 -22.7007
      vertex -16.21 3.25 -20.9736
    endloop
  endfacet
  facet normal 0.300021 0.704745 0.642901
    outer loop
      vertex -16.6111 4.99 -22.7007
      vertex -15.946 3.25 -21.1037
      vertex -16.6081 4.99 -22.7021
    endloop
  endfacet
  facet normal 0.228225 0.704328 0.672187
    outer loop
      vertex -15.946 3.25 -21.1037
      vertex -16.1183 4.99 -22.8684
      vertex -16.6081 4.99 -22.7021
    endloop
  endfacet
  facet normal 0.696228 0.704337 0.138477
    outer loop
      vertex -17.2583 3.25 -19.6073
      vertex -18.9295 4.99 -20.0551
      vertex -19.0304 4.99 -19.5478
    endloop
  endfacet
  facet normal 0.708694 0.704207 -0.0429511
    outer loop
      vertex -17.3158 3.25 -18.7313
      vertex -19.0313 4.99 -18.5088
      vertex -19.0311 4.99 -18.5055
    endloop
  endfacet
  facet normal 0.708372 0.704319 -0.0463083
    outer loop
      vertex -19.0313 4.99 -18.5088
      vertex -17.3158 3.25 -18.7313
      vertex -17.335 3.25 -19.025
    endloop
  endfacet
  facet normal 0.672199 0.704335 0.228167
    outer loop
      vertex -18.9284 4.99 -20.0583
      vertex -17.2583 3.25 -19.6073
      vertex -17.1637 3.25 -19.886
    endloop
  endfacet
  facet normal 0.671397 0.704245 0.230793
    outer loop
      vertex -17.2583 3.25 -19.6073
      vertex -18.9284 4.99 -20.0583
      vertex -18.9295 4.99 -20.0551
    endloop
  endfacet
  facet normal -0.228225 0.704328 0.672187
    outer loop
      vertex -13.5619 4.99 -22.7021
      vertex -14.0517 4.99 -22.8684
      vertex -14.224 3.25 -21.1037
    endloop
  endfacet
  facet normal 0.0463822 0.704328 0.708358
    outer loop
      vertex -15.085 3.25 -21.275
      vertex -15.085 4.99 -23.0051
      vertex -15.6012 4.99 -22.9713
    endloop
  endfacet
  facet normal -0.533746 0.704334 0.468005
    outer loop
      vertex -11.9296 4.99 -21.4505
      vertex -12.2706 4.99 -21.8394
      vertex -13.494 3.25 -20.616
    endloop
  endfacet
  facet normal -0.696228 0.704337 0.138477
    outer loop
      vertex -11.1396 4.99 -19.5478
      vertex -11.2405 4.99 -20.0551
      vertex -12.9117 3.25 -19.6073
    endloop
  endfacet
  facet normal -0.672187 0.704328 0.228225
    outer loop
      vertex -11.2416 4.99 -20.0583
      vertex -11.4079 4.99 -20.5481
      vertex -13.0063 3.25 -19.886
    endloop
  endfacet
  facet normal -0.228167 0.704335 0.672199
    outer loop
      vertex -14.0517 4.99 -22.8684
      vertex -14.5027 3.25 -21.1983
      vertex -14.224 3.25 -21.1037
    endloop
  endfacet
  facet normal -0.230793 0.704245 0.671397
    outer loop
      vertex -14.5027 3.25 -21.1983
      vertex -14.0517 4.99 -22.8684
      vertex -14.0549 4.99 -22.8695
    endloop
  endfacet
  facet normal 0.0463083 0.704319 0.708372
    outer loop
      vertex -15.6012 4.99 -22.9713
      vertex -15.3787 3.25 -21.2558
      vertex -15.085 3.25 -21.275
    endloop
  endfacet
  facet normal 0.0429511 0.704207 0.708694
    outer loop
      vertex -15.3787 3.25 -21.2558
      vertex -15.6012 4.99 -22.9713
      vertex -15.6045 4.99 -22.9711
    endloop
  endfacet
  facet normal -0.468005 0.704334 0.533746
    outer loop
      vertex -12.2706 4.99 -21.8394
      vertex -12.6595 4.99 -22.1804
      vertex -13.494 3.25 -20.616
    endloop
  endfacet
  facet normal -0.54164 0.704683 0.458311
    outer loop
      vertex -11.9296 4.99 -21.4505
      vertex -13.3 3.25 -20.3947
      vertex -11.9274 4.99 -21.4479
    endloop
  endfacet
  facet normal -0.53379 0.704343 0.467941
    outer loop
      vertex -13.3 3.25 -20.3947
      vertex -11.9296 4.99 -21.4505
      vertex -13.494 3.25 -20.616
    endloop
  endfacet
  facet normal -0.590113 0.70435 0.394534
    outer loop
      vertex -11.9255 4.99 -21.4452
      vertex -13.3 3.25 -20.3947
      vertex -13.1364 3.25 -20.15
    endloop
  endfacet
  facet normal -0.580169 0.704785 0.408267
    outer loop
      vertex -13.3 3.25 -20.3947
      vertex -11.9255 4.99 -21.4452
      vertex -11.9274 4.99 -21.4479
    endloop
  endfacet
  facet normal -0.69474 0.704002 0.147369
    outer loop
      vertex -11.1396 4.99 -19.5478
      vertex -12.8542 3.25 -19.3187
      vertex -11.1389 4.99 -19.5445
    endloop
  endfacet
  facet normal -0.696209 0.70431 0.138711
    outer loop
      vertex -12.8542 3.25 -19.3187
      vertex -11.1396 4.99 -19.5478
      vertex -12.9117 3.25 -19.6073
    endloop
  endfacet
  facet normal -0.138711 0.70431 0.696209
    outer loop
      vertex -14.5622 4.99 -22.9704
      vertex -14.7913 3.25 -21.2558
      vertex -14.5027 3.25 -21.1983
    endloop
  endfacet
  facet normal -0.147369 0.704002 0.69474
    outer loop
      vertex -14.7913 3.25 -21.2558
      vertex -14.5622 4.99 -22.9704
      vertex -14.5655 4.99 -22.9711
    endloop
  endfacet
  facet normal -0.671397 0.704245 0.230793
    outer loop
      vertex -11.2416 4.99 -20.0583
      vertex -12.9117 3.25 -19.6073
      vertex -11.2405 4.99 -20.0551
    endloop
  endfacet
  facet normal -0.672199 0.704335 0.228167
    outer loop
      vertex -12.9117 3.25 -19.6073
      vertex -11.2416 4.99 -20.0583
      vertex -13.0063 3.25 -19.886
    endloop
  endfacet
  facet normal -0.555626 0 0.831432
    outer loop
      vertex -13.085 5 -22.4891
      vertex -12.65 4.99 -22.1984
      vertex -12.65 5 -22.1984
    endloop
  endfacet
  facet normal -0.555626 0 0.831432
    outer loop
      vertex -12.65 4.99 -22.1984
      vertex -13.085 5 -22.4891
      vertex -13.085 4.99 -22.4891
    endloop
  endfacet
  facet normal 0.321498 0 0.94691
    outer loop
      vertex -16.6157 5 -22.7205
      vertex -16.1203 4.99 -22.8887
      vertex -16.1203 5 -22.8887
    endloop
  endfacet
  facet normal 0.321498 0 0.94691
    outer loop
      vertex -16.1203 4.99 -22.8887
      vertex -16.6157 5 -22.7205
      vertex -16.6157 4.99 -22.7205
    endloop
  endfacet
  facet normal 0.896898 -0 0.442238
    outer loop
      vertex -18.7805 4.99 -20.5557
      vertex -18.5491 5 -21.025
      vertex -18.7805 5 -20.5557
    endloop
  endfacet
  facet normal 0.896898 0 0.442238
    outer loop
      vertex -18.5491 5 -21.025
      vertex -18.7805 4.99 -20.5557
      vertex -18.5491 4.99 -21.025
    endloop
  endfacet
  facet normal -0.896898 0 0.442238
    outer loop
      vertex -11.6209 4.99 -21.025
      vertex -11.3895 5 -20.5557
      vertex -11.6209 5 -21.025
    endloop
  endfacet
  facet normal -0.896898 0 0.442238
    outer loop
      vertex -11.3895 5 -20.5557
      vertex -11.6209 4.99 -21.025
      vertex -11.3895 4.99 -20.5557
    endloop
  endfacet
  facet normal -0.831432 0 0.555626
    outer loop
      vertex -11.9116 4.99 -21.46
      vertex -11.6209 5 -21.025
      vertex -11.9116 5 -21.46
    endloop
  endfacet
  facet normal -0.831432 0 0.555626
    outer loop
      vertex -11.6209 5 -21.025
      vertex -11.9116 4.99 -21.46
      vertex -11.6209 4.99 -21.025
    endloop
  endfacet
  facet normal -0.442238 0 0.896898
    outer loop
      vertex -13.5543 5 -22.7205
      vertex -13.085 4.99 -22.4891
      vertex -13.085 5 -22.4891
    endloop
  endfacet
  facet normal -0.442238 0 0.896898
    outer loop
      vertex -13.085 4.99 -22.4891
      vertex -13.5543 5 -22.7205
      vertex -13.5543 4.99 -22.7205
    endloop
  endfacet
  facet normal -0.0653646 0 0.997861
    outer loop
      vertex -15.085 5 -23.025
      vertex -14.5629 4.99 -22.9908
      vertex -14.5629 5 -22.9908
    endloop
  endfacet
  facet normal -0.0653646 0 0.997861
    outer loop
      vertex -14.5629 4.99 -22.9908
      vertex -15.085 5 -23.025
      vertex -15.085 4.99 -23.025
    endloop
  endfacet
  facet normal 0.997861 -0 0.0653646
    outer loop
      vertex -19.085 4.99 -19.025
      vertex -19.0508 5 -19.5471
      vertex -19.085 5 -19.025
    endloop
  endfacet
  facet normal 0.997861 0 0.0653646
    outer loop
      vertex -19.0508 5 -19.5471
      vertex -19.085 4.99 -19.025
      vertex -19.0508 4.99 -19.5471
    endloop
  endfacet
  facet normal 0.751842 -0 0.659343
    outer loop
      vertex -18.2584 4.99 -21.46
      vertex -17.9134 5 -21.8534
      vertex -18.2584 5 -21.46
    endloop
  endfacet
  facet normal 0.751842 0 0.659343
    outer loop
      vertex -17.9134 5 -21.8534
      vertex -18.2584 4.99 -21.46
      vertex -17.9134 4.99 -21.8534
    endloop
  endfacet
  facet normal 0.0653646 0 0.997861
    outer loop
      vertex -15.6071 5 -22.9908
      vertex -15.085 4.99 -23.025
      vertex -15.085 5 -23.025
    endloop
  endfacet
  facet normal 0.0653646 0 0.997861
    outer loop
      vertex -15.085 4.99 -23.025
      vertex -15.6071 5 -22.9908
      vertex -15.6071 4.99 -22.9908
    endloop
  endfacet
  facet normal 0.659343 0 0.751842
    outer loop
      vertex -17.9134 5 -21.8534
      vertex -17.52 4.99 -22.1984
      vertex -17.52 5 -22.1984
    endloop
  endfacet
  facet normal 0.659343 0 0.751842
    outer loop
      vertex -17.52 4.99 -22.1984
      vertex -17.9134 5 -21.8534
      vertex -17.9134 4.99 -21.8534
    endloop
  endfacet
  facet normal -0.997861 0 0.0653646
    outer loop
      vertex -11.1192 4.99 -19.5471
      vertex -11.085 5 -19.025
      vertex -11.1192 5 -19.5471
    endloop
  endfacet
  facet normal -0.997861 0 0.0653646
    outer loop
      vertex -11.085 5 -19.025
      vertex -11.1192 4.99 -19.5471
      vertex -11.085 4.99 -19.025
    endloop
  endfacet
  facet normal -0.831432 0 -0.555626
    outer loop
      vertex -11.6209 4.99 -17.025
      vertex -11.9116 5 -16.59
      vertex -11.6209 5 -17.025
    endloop
  endfacet
  facet normal -0.831432 -0 -0.555626
    outer loop
      vertex -11.9116 5 -16.59
      vertex -11.6209 4.99 -17.025
      vertex -11.9116 4.99 -16.59
    endloop
  endfacet
  facet normal -0.94691 0 -0.321498
    outer loop
      vertex -11.2213 4.99 -17.9897
      vertex -11.3895 5 -17.4943
      vertex -11.2213 5 -17.9897
    endloop
  endfacet
  facet normal -0.94691 -0 -0.321498
    outer loop
      vertex -11.3895 5 -17.4943
      vertex -11.2213 4.99 -17.9897
      vertex -11.3895 4.99 -17.4943
    endloop
  endfacet
  facet normal -0.442238 0 -0.896898
    outer loop
      vertex -13.5543 4.99 -15.3295
      vertex -13.085 5 -15.5609
      vertex -13.085 4.99 -15.5609
    endloop
  endfacet
  facet normal -0.442238 0 -0.896898
    outer loop
      vertex -13.085 5 -15.5609
      vertex -13.5543 4.99 -15.3295
      vertex -13.5543 5 -15.3295
    endloop
  endfacet
  facet normal -0.555626 0 -0.831432
    outer loop
      vertex -13.085 4.99 -15.5609
      vertex -12.65 5 -15.8516
      vertex -12.65 4.99 -15.8516
    endloop
  endfacet
  facet normal -0.555626 0 -0.831432
    outer loop
      vertex -12.65 5 -15.8516
      vertex -13.085 4.99 -15.5609
      vertex -13.085 5 -15.5609
    endloop
  endfacet
  facet normal 0.0653646 0 -0.997861
    outer loop
      vertex -15.6071 4.99 -15.0592
      vertex -15.085 5 -15.025
      vertex -15.085 4.99 -15.025
    endloop
  endfacet
  facet normal 0.0653646 0 -0.997861
    outer loop
      vertex -15.085 5 -15.025
      vertex -15.6071 4.99 -15.0592
      vertex -15.6071 5 -15.0592
    endloop
  endfacet
  facet normal 0.659343 0 -0.751842
    outer loop
      vertex -17.9134 4.99 -16.1966
      vertex -17.52 5 -15.8516
      vertex -17.52 4.99 -15.8516
    endloop
  endfacet
  facet normal 0.659343 0 -0.751842
    outer loop
      vertex -17.52 5 -15.8516
      vertex -17.9134 4.99 -16.1966
      vertex -17.9134 5 -16.1966
    endloop
  endfacet
  facet normal 0.997861 0 -0.0653646
    outer loop
      vertex -19.0508 4.99 -18.5029
      vertex -19.085 5 -19.025
      vertex -19.0508 5 -18.5029
    endloop
  endfacet
  facet normal 0.997861 0 -0.0653646
    outer loop
      vertex -19.085 5 -19.025
      vertex -19.0508 4.99 -18.5029
      vertex -19.085 4.99 -19.025
    endloop
  endfacet
  facet normal 0 1 -0
    outer loop
      vertex -14.5688 4.99 -15.0787
      vertex -15.085 4.99 -15.025
      vertex -14.5629 4.99 -15.0592
    endloop
  endfacet
  facet normal 0 1 0
    outer loop
      vertex -15.085 4.99 -15.025
      vertex -14.5688 4.99 -15.0787
      vertex -15.085 4.99 -15.0449
    endloop
  endfacet
  facet normal 0 1 0
    outer loop
      vertex -14.5629 4.99 -15.0592
      vertex -14.5655 4.99 -15.0789
      vertex -14.5688 4.99 -15.0787
    endloop
  endfacet
  facet normal 0 1 0
    outer loop
      vertex -14.5629 4.99 -15.0592
      vertex -14.5622 4.99 -15.0796
      vertex -14.5655 4.99 -15.0789
    endloop
  endfacet
  facet normal 0 1 0
    outer loop
      vertex -14.0497 4.99 -15.1613
      vertex -14.5622 4.99 -15.0796
      vertex -14.5629 4.99 -15.0592
    endloop
  endfacet
  facet normal 0 1 0
    outer loop
      vertex -14.0497 4.99 -15.1613
      vertex -14.0549 4.99 -15.1805
      vertex -14.5622 4.99 -15.0796
    endloop
  endfacet
  facet normal 0 1 0
    outer loop
      vertex -14.0497 4.99 -15.1613
      vertex -14.0517 4.99 -15.1816
      vertex -14.0549 4.99 -15.1805
    endloop
  endfacet
  facet normal 0 1 0
    outer loop
      vertex -13.5543 4.99 -15.3295
      vertex -14.0517 4.99 -15.1816
      vertex -14.0497 4.99 -15.1613
    endloop
  endfacet
  facet normal 0 1 0
    outer loop
      vertex -13.5543 4.99 -15.3295
      vertex -13.5619 4.99 -15.3479
      vertex -14.0517 4.99 -15.1816
    endloop
  endfacet
  facet normal 0 1 0
    outer loop
      vertex -13.5543 4.99 -15.3295
      vertex -13.5589 4.99 -15.3493
      vertex -13.5619 4.99 -15.3479
    endloop
  endfacet
  facet normal 0 1 0
    outer loop
      vertex -13.085 4.99 -15.5609
      vertex -13.5589 4.99 -15.3493
      vertex -13.5543 4.99 -15.3295
    endloop
  endfacet
  facet normal 0 1 0
    outer loop
      vertex -13.085 4.99 -15.5609
      vertex -13.0949 4.99 -15.5781
      vertex -13.5589 4.99 -15.3493
    endloop
  endfacet
  facet normal 0 1 -0
    outer loop
      vertex -12.6648 4.99 -15.8655
      vertex -13.085 4.99 -15.5609
      vertex -12.65 4.99 -15.8516
    endloop
  endfacet
  facet normal 0 1 0
    outer loop
      vertex -13.085 4.99 -15.5609
      vertex -12.6648 4.99 -15.8655
      vertex -13.0949 4.99 -15.5781
    endloop
  endfacet
  facet normal 0 1 0
    outer loop
      vertex -12.65 4.99 -15.8516
      vertex -12.6621 4.99 -15.8674
      vertex -12.6648 4.99 -15.8655
    endloop
  endfacet
  facet normal 0 1 0
    outer loop
      vertex -12.65 4.99 -15.8516
      vertex -12.6595 4.99 -15.8696
      vertex -12.6621 4.99 -15.8674
    endloop
  endfacet
  facet normal 0 1 0
    outer loop
      vertex -12.2566 4.99 -16.1966
      vertex -12.6595 4.99 -15.8696
      vertex -12.65 4.99 -15.8516
    endloop
  endfacet
  facet normal 0 1 0
    outer loop
      vertex -12.2566 4.99 -16.1966
      vertex -12.2706 4.99 -16.2106
      vertex -12.6595 4.99 -15.8696
    endloop
  endfacet
  facet normal 0 1 -0
    outer loop
      vertex -11.9296 4.99 -16.5995
      vertex -12.2566 4.99 -16.1966
      vertex -11.9116 4.99 -16.59
    endloop
  endfacet
  facet normal 0 1 0
    outer loop
      vertex -12.2566 4.99 -16.1966
      vertex -11.9296 4.99 -16.5995
      vertex -12.2706 4.99 -16.2106
    endloop
  endfacet
  facet normal 0 1 0
    outer loop
      vertex -11.9116 4.99 -16.59
      vertex -11.9274 4.99 -16.6021
      vertex -11.9296 4.99 -16.5995
    endloop
  endfacet
  facet normal 0 1 0
    outer loop
      vertex -11.9116 4.99 -16.59
      vertex -11.9255 4.99 -16.6048
      vertex -11.9274 4.99 -16.6021
    endloop
  endfacet
  facet normal 0 1 0
    outer loop
      vertex -11.6209 4.99 -17.025
      vertex -11.9255 4.99 -16.6048
      vertex -11.9116 4.99 -16.59
    endloop
  endfacet
  facet normal 0 1 0
    outer loop
      vertex -11.6209 4.99 -17.025
      vertex -11.6381 4.99 -17.0349
      vertex -11.9255 4.99 -16.6048
    endloop
  endfacet
  facet normal 0 1 -0
    outer loop
      vertex -11.4093 4.99 -17.4989
      vertex -11.6209 4.99 -17.025
      vertex -11.3895 4.99 -17.4943
    endloop
  endfacet
  facet normal 0 1 0
    outer loop
      vertex -11.6209 4.99 -17.025
      vertex -11.4093 4.99 -17.4989
      vertex -11.6381 4.99 -17.0349
    endloop
  endfacet
  facet normal 0 1 0
    outer loop
      vertex -11.3895 4.99 -17.4943
      vertex -11.4079 4.99 -17.5019
      vertex -11.4093 4.99 -17.4989
    endloop
  endfacet
  facet normal 0 1 -0
    outer loop
      vertex -11.2416 4.99 -17.9917
      vertex -11.3895 4.99 -17.4943
      vertex -11.2213 4.99 -17.9897
    endloop
  endfacet
  facet normal 0 1 0
    outer loop
      vertex -11.3895 4.99 -17.4943
      vertex -11.2416 4.99 -17.9917
      vertex -11.4079 4.99 -17.5019
    endloop
  endfacet
  facet normal 0 1 0
    outer loop
      vertex -11.2213 4.99 -17.9897
      vertex -11.2405 4.99 -17.9949
      vertex -11.2416 4.99 -17.9917
    endloop
  endfacet
  facet normal 0 1 0
    outer loop
      vertex -11.2213 4.99 -17.9897
      vertex -11.1396 4.99 -18.5022
      vertex -11.2405 4.99 -17.9949
    endloop
  endfacet
  facet normal 0 1 0
    outer loop
      vertex -11.1192 4.99 -18.5029
      vertex -11.1396 4.99 -18.5022
      vertex -11.2213 4.99 -17.9897
    endloop
  endfacet
  facet normal 0 1 0
    outer loop
      vertex -11.1192 4.99 -18.5029
      vertex -11.1389 4.99 -18.5055
      vertex -11.1396 4.99 -18.5022
    endloop
  endfacet
  facet normal 0 1 0
    outer loop
      vertex -11.1192 4.99 -18.5029
      vertex -11.1387 4.99 -18.5088
      vertex -11.1389 4.99 -18.5055
    endloop
  endfacet
  facet normal 0 1 0
    outer loop
      vertex -11.085 4.99 -19.025
      vertex -11.1387 4.99 -18.5088
      vertex -11.1192 4.99 -18.5029
    endloop
  endfacet
  facet normal 0 1 0
    outer loop
      vertex -11.085 4.99 -19.025
      vertex -11.1049 4.99 -19.025
      vertex -11.1387 4.99 -18.5088
    endloop
  endfacet
  facet normal 0 1 0
    outer loop
      vertex -11.085 4.99 -19.025
      vertex -11.1387 4.99 -19.5412
      vertex -11.1049 4.99 -19.025
    endloop
  endfacet
  facet normal 0 1 -0
    outer loop
      vertex -11.1192 4.99 -19.5471
      vertex -11.1387 4.99 -19.5412
      vertex -11.085 4.99 -19.025
    endloop
  endfacet
  facet normal 0 1 0
    outer loop
      vertex -11.1387 4.99 -19.5412
      vertex -11.1192 4.99 -19.5471
      vertex -11.1389 4.99 -19.5445
    endloop
  endfacet
  facet normal 0 1 0
    outer loop
      vertex -11.1192 4.99 -19.5471
      vertex -11.1396 4.99 -19.5478
      vertex -11.1389 4.99 -19.5445
    endloop
  endfacet
  facet normal 0 1 0
    outer loop
      vertex -11.2213 4.99 -20.0603
      vertex -11.1396 4.99 -19.5478
      vertex -11.1192 4.99 -19.5471
    endloop
  endfacet
  facet normal 0 1 0
    outer loop
      vertex -11.1396 4.99 -19.5478
      vertex -11.2213 4.99 -20.0603
      vertex -11.2405 4.99 -20.0551
    endloop
  endfacet
  facet normal 0 1 0
    outer loop
      vertex -11.2213 4.99 -20.0603
      vertex -11.2416 4.99 -20.0583
      vertex -11.2405 4.99 -20.0551
    endloop
  endfacet
  facet normal 0 1 0
    outer loop
      vertex -11.3895 4.99 -20.5557
      vertex -11.2416 4.99 -20.0583
      vertex -11.2213 4.99 -20.0603
    endloop
  endfacet
  facet normal 0 1 0
    outer loop
      vertex -11.2416 4.99 -20.0583
      vertex -11.3895 4.99 -20.5557
      vertex -11.4079 4.99 -20.5481
    endloop
  endfacet
  facet normal 0 1 0
    outer loop
      vertex -11.3895 4.99 -20.5557
      vertex -11.4093 4.99 -20.5511
      vertex -11.4079 4.99 -20.5481
    endloop
  endfacet
  facet normal 0 1 0
    outer loop
      vertex -11.6209 4.99 -21.025
      vertex -11.4093 4.99 -20.5511
      vertex -11.3895 4.99 -20.5557
    endloop
  endfacet
  facet normal 0 1 0
    outer loop
      vertex -11.4093 4.99 -20.5511
      vertex -11.6209 4.99 -21.025
      vertex -11.6381 4.99 -21.0151
    endloop
  endfacet
  facet normal 0 1 0
    outer loop
      vertex -11.6209 4.99 -21.025
      vertex -11.9255 4.99 -21.4452
      vertex -11.6381 4.99 -21.0151
    endloop
  endfacet
  facet normal 0 1 -0
    outer loop
      vertex -11.9116 4.99 -21.46
      vertex -11.9255 4.99 -21.4452
      vertex -11.6209 4.99 -21.025
    endloop
  endfacet
  facet normal 0 1 0
    outer loop
      vertex -11.9255 4.99 -21.4452
      vertex -11.9116 4.99 -21.46
      vertex -11.9274 4.99 -21.4479
    endloop
  endfacet
  facet normal 0 1 0
    outer loop
      vertex -11.9116 4.99 -21.46
      vertex -11.9296 4.99 -21.4505
      vertex -11.9274 4.99 -21.4479
    endloop
  endfacet
  facet normal 0 1 0
    outer loop
      vertex -12.2566 4.99 -21.8534
      vertex -11.9296 4.99 -21.4505
      vertex -11.9116 4.99 -21.46
    endloop
  endfacet
  facet normal 0 1 0
    outer loop
      vertex -11.9296 4.99 -21.4505
      vertex -12.2566 4.99 -21.8534
      vertex -12.2706 4.99 -21.8394
    endloop
  endfacet
  facet normal 0 1 0
    outer loop
      vertex -12.2566 4.99 -21.8534
      vertex -12.6595 4.99 -22.1804
      vertex -12.2706 4.99 -21.8394
    endloop
  endfacet
  facet normal 0 1 -0
    outer loop
      vertex -12.65 4.99 -22.1984
      vertex -12.6595 4.99 -22.1804
      vertex -12.2566 4.99 -21.8534
    endloop
  endfacet
  facet normal 0 1 0
    outer loop
      vertex -12.6595 4.99 -22.1804
      vertex -12.65 4.99 -22.1984
      vertex -12.6621 4.99 -22.1826
    endloop
  endfacet
  facet normal 0 1 0
    outer loop
      vertex -12.65 4.99 -22.1984
      vertex -12.6648 4.99 -22.1845
      vertex -12.6621 4.99 -22.1826
    endloop
  endfacet
  facet normal 0 1 0
    outer loop
      vertex -13.085 4.99 -22.4891
      vertex -12.6648 4.99 -22.1845
      vertex -12.65 4.99 -22.1984
    endloop
  endfacet
  facet normal 0 1 0
    outer loop
      vertex -12.6648 4.99 -22.1845
      vertex -13.085 4.99 -22.4891
      vertex -13.0949 4.99 -22.4719
    endloop
  endfacet
  facet normal 0 1 0
    outer loop
      vertex -13.085 4.99 -22.4891
      vertex -13.5589 4.99 -22.7007
      vertex -13.0949 4.99 -22.4719
    endloop
  endfacet
  facet normal 0 1 -0
    outer loop
      vertex -13.5543 4.99 -22.7205
      vertex -13.5589 4.99 -22.7007
      vertex -13.085 4.99 -22.4891
    endloop
  endfacet
  facet normal 0 1 0
    outer loop
      vertex -13.5589 4.99 -22.7007
      vertex -13.5543 4.99 -22.7205
      vertex -13.5619 4.99 -22.7021
    endloop
  endfacet
  facet normal 0 1 0
    outer loop
      vertex -13.5543 4.99 -22.7205
      vertex -14.0517 4.99 -22.8684
      vertex -13.5619 4.99 -22.7021
    endloop
  endfacet
  facet normal 0 1 -0
    outer loop
      vertex -14.0497 4.99 -22.8887
      vertex -14.0517 4.99 -22.8684
      vertex -13.5543 4.99 -22.7205
    endloop
  endfacet
  facet normal 0 1 0
    outer loop
      vertex -14.0517 4.99 -22.8684
      vertex -14.0497 4.99 -22.8887
      vertex -14.0549 4.99 -22.8695
    endloop
  endfacet
  facet normal 0 1 0
    outer loop
      vertex -14.0497 4.99 -22.8887
      vertex -14.5622 4.99 -22.9704
      vertex -14.0549 4.99 -22.8695
    endloop
  endfacet
  facet normal 0 1 0
    outer loop
      vertex -14.5629 4.99 -22.9908
      vertex -14.5622 4.99 -22.9704
      vertex -14.0497 4.99 -22.8887
    endloop
  endfacet
  facet normal 0 1 0
    outer loop
      vertex -14.5622 4.99 -22.9704
      vertex -14.5629 4.99 -22.9908
      vertex -14.5655 4.99 -22.9711
    endloop
  endfacet
  facet normal 0 1 0
    outer loop
      vertex -14.5629 4.99 -22.9908
      vertex -14.5688 4.99 -22.9713
      vertex -14.5655 4.99 -22.9711
    endloop
  endfacet
  facet normal 0 1 0
    outer loop
      vertex -15.085 4.99 -23.025
      vertex -14.5688 4.99 -22.9713
      vertex -14.5629 4.99 -22.9908
    endloop
  endfacet
  facet normal 0 1 0
    outer loop
      vertex -14.5688 4.99 -22.9713
      vertex -15.085 4.99 -23.025
      vertex -15.085 4.99 -23.0051
    endloop
  endfacet
  facet normal 0 1 0
    outer loop
      vertex -15.6012 4.99 -15.0787
      vertex -15.085 4.99 -15.025
      vertex -15.085 4.99 -15.0449
    endloop
  endfacet
  facet normal 0 1 0
    outer loop
      vertex -15.085 4.99 -15.025
      vertex -15.6012 4.99 -15.0787
      vertex -15.6071 4.99 -15.0592
    endloop
  endfacet
  facet normal 0 1 -0
    outer loop
      vertex -15.6045 4.99 -15.0789
      vertex -15.6071 4.99 -15.0592
      vertex -15.6012 4.99 -15.0787
    endloop
  endfacet
  facet normal 0 1 0
    outer loop
      vertex -15.6078 4.99 -15.0796
      vertex -15.6071 4.99 -15.0592
      vertex -15.6045 4.99 -15.0789
    endloop
  endfacet
  facet normal 0 1 -0
    outer loop
      vertex -15.6078 4.99 -15.0796
      vertex -16.1203 4.99 -15.1613
      vertex -15.6071 4.99 -15.0592
    endloop
  endfacet
  facet normal 0 1 -0
    outer loop
      vertex -16.1151 4.99 -15.1805
      vertex -16.1203 4.99 -15.1613
      vertex -15.6078 4.99 -15.0796
    endloop
  endfacet
  facet normal 0 1 -0
    outer loop
      vertex -16.1183 4.99 -15.1816
      vertex -16.1203 4.99 -15.1613
      vertex -16.1151 4.99 -15.1805
    endloop
  endfacet
  facet normal 0 1 0
    outer loop
      vertex -16.1183 4.99 -15.1816
      vertex -16.6157 4.99 -15.3295
      vertex -16.1203 4.99 -15.1613
    endloop
  endfacet
  facet normal 0 1 -0
    outer loop
      vertex -16.6081 4.99 -15.3479
      vertex -16.6157 4.99 -15.3295
      vertex -16.1183 4.99 -15.1816
    endloop
  endfacet
  facet normal 0 1 -0
    outer loop
      vertex -16.6111 4.99 -15.3493
      vertex -16.6157 4.99 -15.3295
      vertex -16.6081 4.99 -15.3479
    endloop
  endfacet
  facet normal 0 1 0
    outer loop
      vertex -16.6111 4.99 -15.3493
      vertex -17.085 4.99 -15.5609
      vertex -16.6157 4.99 -15.3295
    endloop
  endfacet
  facet normal 0 1 -0
    outer loop
      vertex -17.0751 4.99 -15.5781
      vertex -17.085 4.99 -15.5609
      vertex -16.6111 4.99 -15.3493
    endloop
  endfacet
  facet normal 0 1 0
    outer loop
      vertex -17.5052 4.99 -15.8655
      vertex -17.085 4.99 -15.5609
      vertex -17.0751 4.99 -15.5781
    endloop
  endfacet
  facet normal 0 1 0
    outer loop
      vertex -17.085 4.99 -15.5609
      vertex -17.5052 4.99 -15.8655
      vertex -17.52 4.99 -15.8516
    endloop
  endfacet
  facet normal 0 1 -0
    outer loop
      vertex -17.5079 4.99 -15.8674
      vertex -17.52 4.99 -15.8516
      vertex -17.5052 4.99 -15.8655
    endloop
  endfacet
  facet normal 0 1 -0
    outer loop
      vertex -17.5105 4.99 -15.8696
      vertex -17.52 4.99 -15.8516
      vertex -17.5079 4.99 -15.8674
    endloop
  endfacet
  facet normal 0 1 0
    outer loop
      vertex -17.5105 4.99 -15.8696
      vertex -17.9134 4.99 -16.1966
      vertex -17.52 4.99 -15.8516
    endloop
  endfacet
  facet normal 0 1 -0
    outer loop
      vertex -17.8994 4.99 -16.2106
      vertex -17.9134 4.99 -16.1966
      vertex -17.5105 4.99 -15.8696
    endloop
  endfacet
  facet normal 0 1 0
    outer loop
      vertex -18.2404 4.99 -16.5995
      vertex -17.9134 4.99 -16.1966
      vertex -17.8994 4.99 -16.2106
    endloop
  endfacet
  facet normal 0 1 0
    outer loop
      vertex -17.9134 4.99 -16.1966
      vertex -18.2404 4.99 -16.5995
      vertex -18.2584 4.99 -16.59
    endloop
  endfacet
  facet normal 0 1 -0
    outer loop
      vertex -18.2426 4.99 -16.6021
      vertex -18.2584 4.99 -16.59
      vertex -18.2404 4.99 -16.5995
    endloop
  endfacet
  facet normal 0 1 -0
    outer loop
      vertex -18.2445 4.99 -16.6048
      vertex -18.2584 4.99 -16.59
      vertex -18.2426 4.99 -16.6021
    endloop
  endfacet
  facet normal 0 1 0
    outer loop
      vertex -18.2445 4.99 -16.6048
      vertex -18.5491 4.99 -17.025
      vertex -18.2584 4.99 -16.59
    endloop
  endfacet
  facet normal 0 1 -0
    outer loop
      vertex -18.5319 4.99 -17.0349
      vertex -18.5491 4.99 -17.025
      vertex -18.2445 4.99 -16.6048
    endloop
  endfacet
  facet normal 0 1 0
    outer loop
      vertex -18.7607 4.99 -17.4989
      vertex -18.5491 4.99 -17.025
      vertex -18.5319 4.99 -17.0349
    endloop
  endfacet
  facet normal 0 1 0
    outer loop
      vertex -18.5491 4.99 -17.025
      vertex -18.7607 4.99 -17.4989
      vertex -18.7805 4.99 -17.4943
    endloop
  endfacet
  facet normal 0 1 -0
    outer loop
      vertex -18.7621 4.99 -17.5019
      vertex -18.7805 4.99 -17.4943
      vertex -18.7607 4.99 -17.4989
    endloop
  endfacet
  facet normal 0 1 0
    outer loop
      vertex -18.9284 4.99 -17.9917
      vertex -18.7805 4.99 -17.4943
      vertex -18.7621 4.99 -17.5019
    endloop
  endfacet
  facet normal 0 1 0
    outer loop
      vertex -18.7805 4.99 -17.4943
      vertex -18.9284 4.99 -17.9917
      vertex -18.9487 4.99 -17.9897
    endloop
  endfacet
  facet normal 0 1 -0
    outer loop
      vertex -18.9295 4.99 -17.9949
      vertex -18.9487 4.99 -17.9897
      vertex -18.9284 4.99 -17.9917
    endloop
  endfacet
  facet normal 0 1 0
    outer loop
      vertex -19.0304 4.99 -18.5022
      vertex -18.9487 4.99 -17.9897
      vertex -18.9295 4.99 -17.9949
    endloop
  endfacet
  facet normal 0 1 -0
    outer loop
      vertex -19.0304 4.99 -18.5022
      vertex -19.0508 4.99 -18.5029
      vertex -18.9487 4.99 -17.9897
    endloop
  endfacet
  facet normal 0 1 -0
    outer loop
      vertex -19.0311 4.99 -18.5055
      vertex -19.0508 4.99 -18.5029
      vertex -19.0304 4.99 -18.5022
    endloop
  endfacet
  facet normal 0 1 -0
    outer loop
      vertex -19.0313 4.99 -18.5088
      vertex -19.0508 4.99 -18.5029
      vertex -19.0311 4.99 -18.5055
    endloop
  endfacet
  facet normal 0 1 0
    outer loop
      vertex -19.085 4.99 -19.025
      vertex -19.0313 4.99 -18.5088
      vertex -19.0651 4.99 -19.025
    endloop
  endfacet
  facet normal 0 1 0
    outer loop
      vertex -19.0313 4.99 -18.5088
      vertex -19.085 4.99 -19.025
      vertex -19.0508 4.99 -18.5029
    endloop
  endfacet
  facet normal 0 1 0
    outer loop
      vertex -19.0313 4.99 -19.5412
      vertex -19.085 4.99 -19.025
      vertex -19.0651 4.99 -19.025
    endloop
  endfacet
  facet normal 0 1 0
    outer loop
      vertex -19.0508 4.99 -19.5471
      vertex -19.0313 4.99 -19.5412
      vertex -19.0311 4.99 -19.5445
    endloop
  endfacet
  facet normal 0 1 0
    outer loop
      vertex -19.0313 4.99 -19.5412
      vertex -19.0508 4.99 -19.5471
      vertex -19.085 4.99 -19.025
    endloop
  endfacet
  facet normal 0 1 0
    outer loop
      vertex -19.0304 4.99 -19.5478
      vertex -19.0508 4.99 -19.5471
      vertex -19.0311 4.99 -19.5445
    endloop
  endfacet
  facet normal 0 1 -0
    outer loop
      vertex -18.9487 4.99 -20.0603
      vertex -19.0304 4.99 -19.5478
      vertex -18.9295 4.99 -20.0551
    endloop
  endfacet
  facet normal 0 1 0
    outer loop
      vertex -19.0304 4.99 -19.5478
      vertex -18.9487 4.99 -20.0603
      vertex -19.0508 4.99 -19.5471
    endloop
  endfacet
  facet normal 0 1 0
    outer loop
      vertex -18.9284 4.99 -20.0583
      vertex -18.9487 4.99 -20.0603
      vertex -18.9295 4.99 -20.0551
    endloop
  endfacet
  facet normal 0 1 -0
    outer loop
      vertex -18.7805 4.99 -20.5557
      vertex -18.9284 4.99 -20.0583
      vertex -18.7621 4.99 -20.5481
    endloop
  endfacet
  facet normal 0 1 0
    outer loop
      vertex -18.9284 4.99 -20.0583
      vertex -18.7805 4.99 -20.5557
      vertex -18.9487 4.99 -20.0603
    endloop
  endfacet
  facet normal 0 1 0
    outer loop
      vertex -18.7607 4.99 -20.5511
      vertex -18.7805 4.99 -20.5557
      vertex -18.7621 4.99 -20.5481
    endloop
  endfacet
  facet normal 0 1 -0
    outer loop
      vertex -18.5491 4.99 -21.025
      vertex -18.7607 4.99 -20.5511
      vertex -18.5319 4.99 -21.0151
    endloop
  endfacet
  facet normal 0 1 0
    outer loop
      vertex -18.7607 4.99 -20.5511
      vertex -18.5491 4.99 -21.025
      vertex -18.7805 4.99 -20.5557
    endloop
  endfacet
  facet normal 0 1 0
    outer loop
      vertex -18.2445 4.99 -21.4452
      vertex -18.5491 4.99 -21.025
      vertex -18.5319 4.99 -21.0151
    endloop
  endfacet
  facet normal 0 1 0
    outer loop
      vertex -18.2584 4.99 -21.46
      vertex -18.2445 4.99 -21.4452
      vertex -18.2426 4.99 -21.4479
    endloop
  endfacet
  facet normal 0 1 0
    outer loop
      vertex -18.2445 4.99 -21.4452
      vertex -18.2584 4.99 -21.46
      vertex -18.5491 4.99 -21.025
    endloop
  endfacet
  facet normal 0 1 0
    outer loop
      vertex -18.2404 4.99 -21.4505
      vertex -18.2584 4.99 -21.46
      vertex -18.2426 4.99 -21.4479
    endloop
  endfacet
  facet normal 0 1 -0
    outer loop
      vertex -17.9134 4.99 -21.8534
      vertex -18.2404 4.99 -21.4505
      vertex -17.8994 4.99 -21.8394
    endloop
  endfacet
  facet normal 0 1 0
    outer loop
      vertex -18.2404 4.99 -21.4505
      vertex -17.9134 4.99 -21.8534
      vertex -18.2584 4.99 -21.46
    endloop
  endfacet
  facet normal 0 1 0
    outer loop
      vertex -17.5105 4.99 -22.1804
      vertex -17.9134 4.99 -21.8534
      vertex -17.8994 4.99 -21.8394
    endloop
  endfacet
  facet normal 0 1 0
    outer loop
      vertex -17.52 4.99 -22.1984
      vertex -17.5105 4.99 -22.1804
      vertex -17.5079 4.99 -22.1826
    endloop
  endfacet
  facet normal 0 1 0
    outer loop
      vertex -17.5105 4.99 -22.1804
      vertex -17.52 4.99 -22.1984
      vertex -17.9134 4.99 -21.8534
    endloop
  endfacet
  facet normal 0 1 0
    outer loop
      vertex -17.5052 4.99 -22.1845
      vertex -17.52 4.99 -22.1984
      vertex -17.5079 4.99 -22.1826
    endloop
  endfacet
  facet normal 0 1 -0
    outer loop
      vertex -17.085 4.99 -22.4891
      vertex -17.5052 4.99 -22.1845
      vertex -17.0751 4.99 -22.4719
    endloop
  endfacet
  facet normal 0 1 0
    outer loop
      vertex -17.5052 4.99 -22.1845
      vertex -17.085 4.99 -22.4891
      vertex -17.52 4.99 -22.1984
    endloop
  endfacet
  facet normal 0 1 0
    outer loop
      vertex -16.6111 4.99 -22.7007
      vertex -17.085 4.99 -22.4891
      vertex -17.0751 4.99 -22.4719
    endloop
  endfacet
  facet normal 0 1 0
    outer loop
      vertex -16.6157 4.99 -22.7205
      vertex -16.6111 4.99 -22.7007
      vertex -16.6081 4.99 -22.7021
    endloop
  endfacet
  facet normal 0 1 0
    outer loop
      vertex -16.6111 4.99 -22.7007
      vertex -16.6157 4.99 -22.7205
      vertex -17.085 4.99 -22.4891
    endloop
  endfacet
  facet normal 0 1 0
    outer loop
      vertex -16.1183 4.99 -22.8684
      vertex -16.6157 4.99 -22.7205
      vertex -16.6081 4.99 -22.7021
    endloop
  endfacet
  facet normal 0 1 0
    outer loop
      vertex -16.1203 4.99 -22.8887
      vertex -16.1183 4.99 -22.8684
      vertex -16.1151 4.99 -22.8695
    endloop
  endfacet
  facet normal 0 1 0
    outer loop
      vertex -16.1183 4.99 -22.8684
      vertex -16.1203 4.99 -22.8887
      vertex -16.6157 4.99 -22.7205
    endloop
  endfacet
  facet normal 0 1 0
    outer loop
      vertex -15.6078 4.99 -22.9704
      vertex -16.1203 4.99 -22.8887
      vertex -16.1151 4.99 -22.8695
    endloop
  endfacet
  facet normal 0 1 -0
    outer loop
      vertex -15.6071 4.99 -22.9908
      vertex -15.6078 4.99 -22.9704
      vertex -15.6045 4.99 -22.9711
    endloop
  endfacet
  facet normal 0 1 0
    outer loop
      vertex -15.6078 4.99 -22.9704
      vertex -15.6071 4.99 -22.9908
      vertex -16.1203 4.99 -22.8887
    endloop
  endfacet
  facet normal 0 1 0
    outer loop
      vertex -15.6012 4.99 -22.9713
      vertex -15.6071 4.99 -22.9908
      vertex -15.6045 4.99 -22.9711
    endloop
  endfacet
  facet normal 0 1 -0
    outer loop
      vertex -15.085 4.99 -23.025
      vertex -15.6012 4.99 -22.9713
      vertex -15.085 4.99 -23.0051
    endloop
  endfacet
  facet normal 0 1 0
    outer loop
      vertex -15.6012 4.99 -22.9713
      vertex -15.085 4.99 -23.025
      vertex -15.6071 4.99 -22.9908
    endloop
  endfacet
  facet normal 0.751842 0 -0.659343
    outer loop
      vertex -17.9134 4.99 -16.1966
      vertex -18.2584 5 -16.59
      vertex -17.9134 5 -16.1966
    endloop
  endfacet
  facet normal 0.751842 0 -0.659343
    outer loop
      vertex -18.2584 5 -16.59
      vertex -17.9134 4.99 -16.1966
      vertex -18.2584 4.99 -16.59
    endloop
  endfacet
  facet normal -0.980779 0 0.195124
    outer loop
      vertex -11.2213 4.99 -20.0603
      vertex -11.1192 5 -19.5471
      vertex -11.2213 5 -20.0603
    endloop
  endfacet
  facet normal -0.980779 0 0.195124
    outer loop
      vertex -11.1192 5 -19.5471
      vertex -11.2213 4.99 -20.0603
      vertex -11.1192 4.99 -19.5471
    endloop
  endfacet
  facet normal -0.94691 0 0.321498
    outer loop
      vertex -11.3895 4.99 -20.5557
      vertex -11.2213 5 -20.0603
      vertex -11.3895 5 -20.5557
    endloop
  endfacet
  facet normal -0.94691 0 0.321498
    outer loop
      vertex -11.2213 5 -20.0603
      vertex -11.3895 4.99 -20.5557
      vertex -11.2213 4.99 -20.0603
    endloop
  endfacet
  facet normal -0.751842 0 0.659343
    outer loop
      vertex -12.2566 4.99 -21.8534
      vertex -11.9116 5 -21.46
      vertex -12.2566 5 -21.8534
    endloop
  endfacet
  facet normal -0.751842 0 0.659343
    outer loop
      vertex -11.9116 5 -21.46
      vertex -12.2566 4.99 -21.8534
      vertex -11.9116 4.99 -21.46
    endloop
  endfacet
  facet normal -0.659343 0 0.751842
    outer loop
      vertex -12.65 5 -22.1984
      vertex -12.2566 4.99 -21.8534
      vertex -12.2566 5 -21.8534
    endloop
  endfacet
  facet normal -0.659343 0 0.751842
    outer loop
      vertex -12.2566 4.99 -21.8534
      vertex -12.65 5 -22.1984
      vertex -12.65 4.99 -22.1984
    endloop
  endfacet
  facet normal -0.321498 0 0.94691
    outer loop
      vertex -14.0497 5 -22.8887
      vertex -13.5543 4.99 -22.7205
      vertex -13.5543 5 -22.7205
    endloop
  endfacet
  facet normal -0.321498 0 0.94691
    outer loop
      vertex -13.5543 4.99 -22.7205
      vertex -14.0497 5 -22.8887
      vertex -14.0497 4.99 -22.8887
    endloop
  endfacet
  facet normal -0.195124 0 0.980779
    outer loop
      vertex -14.5629 5 -22.9908
      vertex -14.0497 4.99 -22.8887
      vertex -14.0497 5 -22.8887
    endloop
  endfacet
  facet normal -0.195124 0 0.980779
    outer loop
      vertex -14.0497 4.99 -22.8887
      vertex -14.5629 5 -22.9908
      vertex -14.5629 4.99 -22.9908
    endloop
  endfacet
  facet normal 0.94691 -0 0.321498
    outer loop
      vertex -18.9487 4.99 -20.0603
      vertex -18.7805 5 -20.5557
      vertex -18.9487 5 -20.0603
    endloop
  endfacet
  facet normal 0.94691 0 0.321498
    outer loop
      vertex -18.7805 5 -20.5557
      vertex -18.9487 4.99 -20.0603
      vertex -18.7805 4.99 -20.5557
    endloop
  endfacet
  facet normal 0.980779 -0 0.195124
    outer loop
      vertex -19.0508 4.99 -19.5471
      vertex -18.9487 5 -20.0603
      vertex -19.0508 5 -19.5471
    endloop
  endfacet
  facet normal 0.980779 0 0.195124
    outer loop
      vertex -18.9487 5 -20.0603
      vertex -19.0508 4.99 -19.5471
      vertex -18.9487 4.99 -20.0603
    endloop
  endfacet
  facet normal 0.831432 -0 0.555626
    outer loop
      vertex -18.5491 4.99 -21.025
      vertex -18.2584 5 -21.46
      vertex -18.5491 5 -21.025
    endloop
  endfacet
  facet normal 0.831432 0 0.555626
    outer loop
      vertex -18.2584 5 -21.46
      vertex -18.5491 4.99 -21.025
      vertex -18.2584 4.99 -21.46
    endloop
  endfacet
  facet normal 0.195124 0 0.980779
    outer loop
      vertex -16.1203 5 -22.8887
      vertex -15.6071 4.99 -22.9908
      vertex -15.6071 5 -22.9908
    endloop
  endfacet
  facet normal 0.195124 0 0.980779
    outer loop
      vertex -15.6071 4.99 -22.9908
      vertex -16.1203 5 -22.8887
      vertex -16.1203 4.99 -22.8887
    endloop
  endfacet
  facet normal 0.555626 0 0.831432
    outer loop
      vertex -17.52 5 -22.1984
      vertex -17.085 4.99 -22.4891
      vertex -17.085 5 -22.4891
    endloop
  endfacet
  facet normal 0.555626 0 0.831432
    outer loop
      vertex -17.085 4.99 -22.4891
      vertex -17.52 5 -22.1984
      vertex -17.52 4.99 -22.1984
    endloop
  endfacet
  facet normal 0.442238 0 0.896898
    outer loop
      vertex -17.085 5 -22.4891
      vertex -16.6157 4.99 -22.7205
      vertex -16.6157 5 -22.7205
    endloop
  endfacet
  facet normal 0.442238 0 0.896898
    outer loop
      vertex -16.6157 4.99 -22.7205
      vertex -17.085 5 -22.4891
      vertex -17.085 4.99 -22.4891
    endloop
  endfacet
  facet normal -0.997861 0 -0.0653646
    outer loop
      vertex -11.085 4.99 -19.025
      vertex -11.1192 5 -18.5029
      vertex -11.085 5 -19.025
    endloop
  endfacet
  facet normal -0.997861 -0 -0.0653646
    outer loop
      vertex -11.1192 5 -18.5029
      vertex -11.085 4.99 -19.025
      vertex -11.1192 4.99 -18.5029
    endloop
  endfacet
  facet normal -0.0653646 0 -0.997861
    outer loop
      vertex -15.085 4.99 -15.025
      vertex -14.5629 5 -15.0592
      vertex -14.5629 4.99 -15.0592
    endloop
  endfacet
  facet normal -0.0653646 0 -0.997861
    outer loop
      vertex -14.5629 5 -15.0592
      vertex -15.085 4.99 -15.025
      vertex -15.085 5 -15.025
    endloop
  endfacet
  facet normal -0.195124 0 -0.980779
    outer loop
      vertex -14.5629 4.99 -15.0592
      vertex -14.0497 5 -15.1613
      vertex -14.0497 4.99 -15.1613
    endloop
  endfacet
  facet normal -0.195124 0 -0.980779
    outer loop
      vertex -14.0497 5 -15.1613
      vertex -14.5629 4.99 -15.0592
      vertex -14.5629 5 -15.0592
    endloop
  endfacet
  facet normal -0.321498 0 -0.94691
    outer loop
      vertex -14.0497 4.99 -15.1613
      vertex -13.5543 5 -15.3295
      vertex -13.5543 4.99 -15.3295
    endloop
  endfacet
  facet normal -0.321498 0 -0.94691
    outer loop
      vertex -13.5543 5 -15.3295
      vertex -14.0497 4.99 -15.1613
      vertex -14.0497 5 -15.1613
    endloop
  endfacet
  facet normal -0.751842 0 -0.659343
    outer loop
      vertex -11.9116 4.99 -16.59
      vertex -12.2566 5 -16.1966
      vertex -11.9116 5 -16.59
    endloop
  endfacet
  facet normal -0.751842 -0 -0.659343
    outer loop
      vertex -12.2566 5 -16.1966
      vertex -11.9116 4.99 -16.59
      vertex -12.2566 4.99 -16.1966
    endloop
  endfacet
  facet normal -0.659343 0 -0.751842
    outer loop
      vertex -12.65 4.99 -15.8516
      vertex -12.2566 5 -16.1966
      vertex -12.2566 4.99 -16.1966
    endloop
  endfacet
  facet normal -0.659343 0 -0.751842
    outer loop
      vertex -12.2566 5 -16.1966
      vertex -12.65 4.99 -15.8516
      vertex -12.65 5 -15.8516
    endloop
  endfacet
  facet normal 0.321498 0 -0.94691
    outer loop
      vertex -16.6157 4.99 -15.3295
      vertex -16.1203 5 -15.1613
      vertex -16.1203 4.99 -15.1613
    endloop
  endfacet
  facet normal 0.321498 0 -0.94691
    outer loop
      vertex -16.1203 5 -15.1613
      vertex -16.6157 4.99 -15.3295
      vertex -16.6157 5 -15.3295
    endloop
  endfacet
  facet normal 0.555626 0 -0.831432
    outer loop
      vertex -17.52 4.99 -15.8516
      vertex -17.085 5 -15.5609
      vertex -17.085 4.99 -15.5609
    endloop
  endfacet
  facet normal 0.555626 0 -0.831432
    outer loop
      vertex -17.085 5 -15.5609
      vertex -17.52 4.99 -15.8516
      vertex -17.52 5 -15.8516
    endloop
  endfacet
  facet normal 0.980779 0 -0.195124
    outer loop
      vertex -18.9487 4.99 -17.9897
      vertex -19.0508 5 -18.5029
      vertex -18.9487 5 -17.9897
    endloop
  endfacet
  facet normal 0.980779 0 -0.195124
    outer loop
      vertex -19.0508 5 -18.5029
      vertex -18.9487 4.99 -17.9897
      vertex -19.0508 4.99 -18.5029
    endloop
  endfacet
  facet normal 0.896898 0 -0.442238
    outer loop
      vertex -18.5491 4.99 -17.025
      vertex -18.7805 5 -17.4943
      vertex -18.5491 5 -17.025
    endloop
  endfacet
  facet normal 0.896898 0 -0.442238
    outer loop
      vertex -18.7805 5 -17.4943
      vertex -18.5491 4.99 -17.025
      vertex -18.7805 4.99 -17.4943
    endloop
  endfacet
  facet normal -0.980779 0 -0.195124
    outer loop
      vertex -11.1192 4.99 -18.5029
      vertex -11.2213 5 -17.9897
      vertex -11.1192 5 -18.5029
    endloop
  endfacet
  facet normal -0.980779 -0 -0.195124
    outer loop
      vertex -11.2213 5 -17.9897
      vertex -11.1192 4.99 -18.5029
      vertex -11.2213 4.99 -17.9897
    endloop
  endfacet
  facet normal -0.896898 0 -0.442238
    outer loop
      vertex -11.3895 4.99 -17.4943
      vertex -11.6209 5 -17.025
      vertex -11.3895 5 -17.4943
    endloop
  endfacet
  facet normal -0.896898 -0 -0.442238
    outer loop
      vertex -11.6209 5 -17.025
      vertex -11.3895 4.99 -17.4943
      vertex -11.6209 4.99 -17.025
    endloop
  endfacet
  facet normal 0.195124 0 -0.980779
    outer loop
      vertex -16.1203 4.99 -15.1613
      vertex -15.6071 5 -15.0592
      vertex -15.6071 4.99 -15.0592
    endloop
  endfacet
  facet normal 0.195124 0 -0.980779
    outer loop
      vertex -15.6071 5 -15.0592
      vertex -16.1203 4.99 -15.1613
      vertex -16.1203 5 -15.1613
    endloop
  endfacet
  facet normal 0.442238 0 -0.896898
    outer loop
      vertex -17.085 4.99 -15.5609
      vertex -16.6157 5 -15.3295
      vertex -16.6157 4.99 -15.3295
    endloop
  endfacet
  facet normal 0.442238 0 -0.896898
    outer loop
      vertex -16.6157 5 -15.3295
      vertex -17.085 4.99 -15.5609
      vertex -17.085 5 -15.5609
    endloop
  endfacet
  facet normal 0.94691 0 -0.321498
    outer loop
      vertex -18.7805 4.99 -17.4943
      vertex -18.9487 5 -17.9897
      vertex -18.7805 5 -17.4943
    endloop
  endfacet
  facet normal 0.94691 0 -0.321498
    outer loop
      vertex -18.9487 5 -17.9897
      vertex -18.7805 4.99 -17.4943
      vertex -18.9487 4.99 -17.9897
    endloop
  endfacet
  facet normal 0.831432 0 -0.555626
    outer loop
      vertex -18.2584 4.99 -16.59
      vertex -18.5491 5 -17.025
      vertex -18.2584 5 -16.59
    endloop
  endfacet
  facet normal 0.831432 0 -0.555626
    outer loop
      vertex -18.5491 5 -17.025
      vertex -18.2584 4.99 -16.59
      vertex -18.5491 4.99 -17.025
    endloop
  endfacet
  facet normal -0.99787 0 0.0652336
    outer loop
      vertex -12.8542 0 18.7313
      vertex -12.835 3.25 19.025
      vertex -12.8542 3.25 18.7313
    endloop
  endfacet
  facet normal -0.99787 0 0.0652336
    outer loop
      vertex -12.835 3.25 19.025
      vertex -12.8542 0 18.7313
      vertex -12.835 0 19.025
    endloop
  endfacet
  facet normal 0.99787 -0 0.0652336
    outer loop
      vertex -17.335 0 19.025
      vertex -17.3158 3.25 18.7313
      vertex -17.335 3.25 19.025
    endloop
  endfacet
  facet normal 0.99787 0 0.0652336
    outer loop
      vertex -17.3158 3.25 18.7313
      vertex -17.335 0 19.025
      vertex -17.3158 0 18.7313
    endloop
  endfacet
  facet normal -0.0655719 0 0.997848
    outer loop
      vertex -15.085 3.25 16.775
      vertex -14.7913 0 16.7943
      vertex -14.7913 3.25 16.7943
    endloop
  endfacet
  facet normal -0.0655719 0 0.997848
    outer loop
      vertex -14.7913 0 16.7943
      vertex -15.085 3.25 16.775
      vertex -15.085 0 16.775
    endloop
  endfacet
  facet normal -0.751966 0 0.659202
    outer loop
      vertex -13.494 0 17.434
      vertex -13.3 3.25 17.6553
      vertex -13.494 3.25 17.434
    endloop
  endfacet
  facet normal -0.751966 0 0.659202
    outer loop
      vertex -13.3 3.25 17.6553
      vertex -13.494 0 17.434
      vertex -13.3 0 17.6553
    endloop
  endfacet
  facet normal 0.659202 0 0.751966
    outer loop
      vertex -16.676 3.25 17.434
      vertex -16.4547 0 17.24
      vertex -16.4547 3.25 17.24
    endloop
  endfacet
  facet normal 0.659202 0 0.751966
    outer loop
      vertex -16.4547 0 17.24
      vertex -16.676 3.25 17.434
      vertex -16.676 0 17.434
    endloop
  endfacet
  facet normal 0.321421 0 0.946936
    outer loop
      vertex -15.946 3.25 16.9463
      vertex -15.6673 0 16.8517
      vertex -15.6673 3.25 16.8517
    endloop
  endfacet
  facet normal 0.321421 0 0.946936
    outer loop
      vertex -15.6673 0 16.8517
      vertex -15.946 3.25 16.9463
      vertex -15.946 0 16.9463
    endloop
  endfacet
  facet normal -0.896995 0 0.442042
    outer loop
      vertex -13.1364 0 17.9
      vertex -13.0063 3.25 18.164
      vertex -13.1364 3.25 17.9
    endloop
  endfacet
  facet normal -0.896995 0 0.442042
    outer loop
      vertex -13.0063 3.25 18.164
      vertex -13.1364 0 17.9
      vertex -13.0063 0 18.164
    endloop
  endfacet
  facet normal -0.831318 0 0.555797
    outer loop
      vertex -13.3 0 17.6553
      vertex -13.1364 3.25 17.9
      vertex -13.3 3.25 17.6553
    endloop
  endfacet
  facet normal -0.831318 0 0.555797
    outer loop
      vertex -13.1364 3.25 17.9
      vertex -13.3 0 17.6553
      vertex -13.1364 0 17.9
    endloop
  endfacet
  facet normal -0.442042 0 0.896995
    outer loop
      vertex -14.224 3.25 16.9463
      vertex -13.96 0 17.0764
      vertex -13.96 3.25 17.0764
    endloop
  endfacet
  facet normal -0.442042 0 0.896995
    outer loop
      vertex -13.96 0 17.0764
      vertex -14.224 3.25 16.9463
      vertex -14.224 0 16.9463
    endloop
  endfacet
  facet normal -0.321421 0 0.946936
    outer loop
      vertex -14.5027 3.25 16.8517
      vertex -14.224 0 16.9463
      vertex -14.224 3.25 16.9463
    endloop
  endfacet
  facet normal -0.321421 0 0.946936
    outer loop
      vertex -14.224 0 16.9463
      vertex -14.5027 3.25 16.8517
      vertex -14.5027 0 16.8517
    endloop
  endfacet
  facet normal -0.555797 0 0.831318
    outer loop
      vertex -13.96 3.25 17.0764
      vertex -13.7153 0 17.24
      vertex -13.7153 3.25 17.24
    endloop
  endfacet
  facet normal -0.555797 0 0.831318
    outer loop
      vertex -13.7153 0 17.24
      vertex -13.96 3.25 17.0764
      vertex -13.96 0 17.0764
    endloop
  endfacet
  facet normal 0.896995 -0 0.442042
    outer loop
      vertex -17.1637 0 18.164
      vertex -17.0336 3.25 17.9
      vertex -17.1637 3.25 18.164
    endloop
  endfacet
  facet normal 0.896995 0 0.442042
    outer loop
      vertex -17.0336 3.25 17.9
      vertex -17.1637 0 18.164
      vertex -17.0336 0 17.9
    endloop
  endfacet
  facet normal 0.946936 -0 0.321421
    outer loop
      vertex -17.2583 0 18.4427
      vertex -17.1637 3.25 18.164
      vertex -17.2583 3.25 18.4427
    endloop
  endfacet
  facet normal 0.946936 0 0.321421
    outer loop
      vertex -17.1637 3.25 18.164
      vertex -17.2583 0 18.4427
      vertex -17.1637 0 18.164
    endloop
  endfacet
  facet normal 0.442042 0 0.896995
    outer loop
      vertex -16.21 3.25 17.0764
      vertex -15.946 0 16.9463
      vertex -15.946 3.25 16.9463
    endloop
  endfacet
  facet normal 0.442042 0 0.896995
    outer loop
      vertex -15.946 0 16.9463
      vertex -16.21 3.25 17.0764
      vertex -16.21 0 17.0764
    endloop
  endfacet
  facet normal 0.19507 0 0.980789
    outer loop
      vertex -15.6673 3.25 16.8517
      vertex -15.3787 0 16.7943
      vertex -15.3787 3.25 16.7943
    endloop
  endfacet
  facet normal 0.19507 0 0.980789
    outer loop
      vertex -15.3787 0 16.7943
      vertex -15.6673 3.25 16.8517
      vertex -15.6673 0 16.8517
    endloop
  endfacet
  facet normal -0.442042 0 -0.896995
    outer loop
      vertex -14.224 0 21.1037
      vertex -13.96 3.25 20.9736
      vertex -13.96 0 20.9736
    endloop
  endfacet
  facet normal -0.442042 0 -0.896995
    outer loop
      vertex -13.96 3.25 20.9736
      vertex -14.224 0 21.1037
      vertex -14.224 3.25 21.1037
    endloop
  endfacet
  facet normal -0.946936 0 -0.321421
    outer loop
      vertex -12.9117 0 19.6073
      vertex -13.0063 3.25 19.886
      vertex -12.9117 3.25 19.6073
    endloop
  endfacet
  facet normal -0.946936 -0 -0.321421
    outer loop
      vertex -13.0063 3.25 19.886
      vertex -12.9117 0 19.6073
      vertex -13.0063 0 19.886
    endloop
  endfacet
  facet normal 0.321421 0 -0.946936
    outer loop
      vertex -15.946 0 21.1037
      vertex -15.6673 3.25 21.1983
      vertex -15.6673 0 21.1983
    endloop
  endfacet
  facet normal 0.321421 0 -0.946936
    outer loop
      vertex -15.6673 3.25 21.1983
      vertex -15.946 0 21.1037
      vertex -15.946 3.25 21.1037
    endloop
  endfacet
  facet normal 0.896995 0 -0.442042
    outer loop
      vertex -17.0336 0 20.15
      vertex -17.1637 3.25 19.886
      vertex -17.0336 3.25 20.15
    endloop
  endfacet
  facet normal 0.896995 0 -0.442042
    outer loop
      vertex -17.1637 3.25 19.886
      vertex -17.0336 0 20.15
      vertex -17.1637 0 19.886
    endloop
  endfacet
  facet normal -0.946936 0 0.321421
    outer loop
      vertex -13.0063 0 18.164
      vertex -12.9117 3.25 18.4427
      vertex -13.0063 3.25 18.164
    endloop
  endfacet
  facet normal -0.946936 0 0.321421
    outer loop
      vertex -12.9117 3.25 18.4427
      vertex -13.0063 0 18.164
      vertex -12.9117 0 18.4427
    endloop
  endfacet
  facet normal -0.980724 0 0.195397
    outer loop
      vertex -12.9117 0 18.4427
      vertex -12.8542 3.25 18.7313
      vertex -12.9117 3.25 18.4427
    endloop
  endfacet
  facet normal -0.980724 0 0.195397
    outer loop
      vertex -12.8542 3.25 18.7313
      vertex -12.9117 0 18.4427
      vertex -12.8542 0 18.7313
    endloop
  endfacet
  facet normal -0.19507 0 0.980789
    outer loop
      vertex -14.7913 3.25 16.7943
      vertex -14.5027 0 16.8517
      vertex -14.5027 3.25 16.8517
    endloop
  endfacet
  facet normal -0.19507 0 0.980789
    outer loop
      vertex -14.5027 0 16.8517
      vertex -14.7913 3.25 16.7943
      vertex -14.7913 0 16.7943
    endloop
  endfacet
  facet normal -0.659202 0 0.751966
    outer loop
      vertex -13.7153 3.25 17.24
      vertex -13.494 0 17.434
      vertex -13.494 3.25 17.434
    endloop
  endfacet
  facet normal -0.659202 0 0.751966
    outer loop
      vertex -13.494 0 17.434
      vertex -13.7153 3.25 17.24
      vertex -13.7153 0 17.24
    endloop
  endfacet
  facet normal 0.831318 -0 0.555797
    outer loop
      vertex -17.0336 0 17.9
      vertex -16.87 3.25 17.6553
      vertex -17.0336 3.25 17.9
    endloop
  endfacet
  facet normal 0.831318 0 0.555797
    outer loop
      vertex -16.87 3.25 17.6553
      vertex -17.0336 0 17.9
      vertex -16.87 0 17.6553
    endloop
  endfacet
  facet normal 0.751966 -0 0.659202
    outer loop
      vertex -16.87 0 17.6553
      vertex -16.676 3.25 17.434
      vertex -16.87 3.25 17.6553
    endloop
  endfacet
  facet normal 0.751966 0 0.659202
    outer loop
      vertex -16.676 3.25 17.434
      vertex -16.87 0 17.6553
      vertex -16.676 0 17.434
    endloop
  endfacet
  facet normal 0.980724 -0 0.195397
    outer loop
      vertex -17.3158 0 18.7313
      vertex -17.2583 3.25 18.4427
      vertex -17.3158 3.25 18.7313
    endloop
  endfacet
  facet normal 0.980724 0 0.195397
    outer loop
      vertex -17.2583 3.25 18.4427
      vertex -17.3158 0 18.7313
      vertex -17.2583 0 18.4427
    endloop
  endfacet
  facet normal 0.555797 0 0.831318
    outer loop
      vertex -16.4547 3.25 17.24
      vertex -16.21 0 17.0764
      vertex -16.21 3.25 17.0764
    endloop
  endfacet
  facet normal 0.555797 0 0.831318
    outer loop
      vertex -16.21 0 17.0764
      vertex -16.4547 3.25 17.24
      vertex -16.4547 0 17.24
    endloop
  endfacet
  facet normal 0.0655719 0 0.997848
    outer loop
      vertex -15.3787 3.25 16.7943
      vertex -15.085 0 16.775
      vertex -15.085 3.25 16.775
    endloop
  endfacet
  facet normal 0.0655719 0 0.997848
    outer loop
      vertex -15.085 0 16.775
      vertex -15.3787 3.25 16.7943
      vertex -15.3787 0 16.7943
    endloop
  endfacet
  facet normal -0.0652336 0 -0.99787
    outer loop
      vertex -15.085 0 21.275
      vertex -14.7913 3.25 21.2558
      vertex -14.7913 0 21.2558
    endloop
  endfacet
  facet normal -0.0652336 0 -0.99787
    outer loop
      vertex -14.7913 3.25 21.2558
      vertex -15.085 0 21.275
      vertex -15.085 3.25 21.275
    endloop
  endfacet
  facet normal -0.321421 0 -0.946936
    outer loop
      vertex -14.5027 0 21.1983
      vertex -14.224 3.25 21.1037
      vertex -14.224 0 21.1037
    endloop
  endfacet
  facet normal -0.321421 0 -0.946936
    outer loop
      vertex -14.224 3.25 21.1037
      vertex -14.5027 0 21.1983
      vertex -14.5027 3.25 21.1983
    endloop
  endfacet
  facet normal -0.555797 0 -0.831318
    outer loop
      vertex -13.96 0 20.9736
      vertex -13.7153 3.25 20.81
      vertex -13.7153 0 20.81
    endloop
  endfacet
  facet normal -0.555797 0 -0.831318
    outer loop
      vertex -13.7153 3.25 20.81
      vertex -13.96 0 20.9736
      vertex -13.96 3.25 20.9736
    endloop
  endfacet
  facet normal -0.751966 0 -0.659202
    outer loop
      vertex -13.3 0 20.3947
      vertex -13.494 3.25 20.616
      vertex -13.3 3.25 20.3947
    endloop
  endfacet
  facet normal -0.751966 -0 -0.659202
    outer loop
      vertex -13.494 3.25 20.616
      vertex -13.3 0 20.3947
      vertex -13.494 0 20.616
    endloop
  endfacet
  facet normal -0.896995 0 -0.442042
    outer loop
      vertex -13.0063 0 19.886
      vertex -13.1364 3.25 20.15
      vertex -13.0063 3.25 19.886
    endloop
  endfacet
  facet normal -0.896995 -0 -0.442042
    outer loop
      vertex -13.1364 3.25 20.15
      vertex -13.0063 0 19.886
      vertex -13.1364 0 20.15
    endloop
  endfacet
  facet normal 0.659202 0 -0.751966
    outer loop
      vertex -16.676 0 20.616
      vertex -16.4547 3.25 20.81
      vertex -16.4547 0 20.81
    endloop
  endfacet
  facet normal 0.659202 0 -0.751966
    outer loop
      vertex -16.4547 3.25 20.81
      vertex -16.676 0 20.616
      vertex -16.676 3.25 20.616
    endloop
  endfacet
  facet normal 0.442042 0 -0.896995
    outer loop
      vertex -16.21 0 20.9736
      vertex -15.946 3.25 21.1037
      vertex -15.946 0 21.1037
    endloop
  endfacet
  facet normal 0.442042 0 -0.896995
    outer loop
      vertex -15.946 3.25 21.1037
      vertex -16.21 0 20.9736
      vertex -16.21 3.25 20.9736
    endloop
  endfacet
  facet normal 0.195397 0 -0.980724
    outer loop
      vertex -15.6673 0 21.1983
      vertex -15.3787 3.25 21.2558
      vertex -15.3787 0 21.2558
    endloop
  endfacet
  facet normal 0.195397 0 -0.980724
    outer loop
      vertex -15.3787 3.25 21.2558
      vertex -15.6673 0 21.1983
      vertex -15.6673 3.25 21.1983
    endloop
  endfacet
  facet normal 0.831318 0 -0.555797
    outer loop
      vertex -16.87 0 20.3947
      vertex -17.0336 3.25 20.15
      vertex -16.87 3.25 20.3947
    endloop
  endfacet
  facet normal 0.831318 0 -0.555797
    outer loop
      vertex -17.0336 3.25 20.15
      vertex -16.87 0 20.3947
      vertex -17.0336 0 20.15
    endloop
  endfacet
  facet normal 0.946936 0 -0.321421
    outer loop
      vertex -17.1637 0 19.886
      vertex -17.2583 3.25 19.6073
      vertex -17.1637 3.25 19.886
    endloop
  endfacet
  facet normal 0.946936 0 -0.321421
    outer loop
      vertex -17.2583 3.25 19.6073
      vertex -17.1637 0 19.886
      vertex -17.2583 0 19.6073
    endloop
  endfacet
  facet normal 0.99787 0 -0.0652336
    outer loop
      vertex -17.3158 0 19.3187
      vertex -17.335 3.25 19.025
      vertex -17.3158 3.25 19.3187
    endloop
  endfacet
  facet normal 0.99787 0 -0.0652336
    outer loop
      vertex -17.335 3.25 19.025
      vertex -17.3158 0 19.3187
      vertex -17.335 0 19.025
    endloop
  endfacet
  facet normal -0.195397 0 -0.980724
    outer loop
      vertex -14.7913 0 21.2558
      vertex -14.5027 3.25 21.1983
      vertex -14.5027 0 21.1983
    endloop
  endfacet
  facet normal -0.195397 0 -0.980724
    outer loop
      vertex -14.5027 3.25 21.1983
      vertex -14.7913 0 21.2558
      vertex -14.7913 3.25 21.2558
    endloop
  endfacet
  facet normal -0.659202 0 -0.751966
    outer loop
      vertex -13.7153 0 20.81
      vertex -13.494 3.25 20.616
      vertex -13.494 0 20.616
    endloop
  endfacet
  facet normal -0.659202 0 -0.751966
    outer loop
      vertex -13.494 3.25 20.616
      vertex -13.7153 0 20.81
      vertex -13.7153 3.25 20.81
    endloop
  endfacet
  facet normal -0.831318 0 -0.555797
    outer loop
      vertex -13.1364 0 20.15
      vertex -13.3 3.25 20.3947
      vertex -13.1364 3.25 20.15
    endloop
  endfacet
  facet normal -0.831318 -0 -0.555797
    outer loop
      vertex -13.3 3.25 20.3947
      vertex -13.1364 0 20.15
      vertex -13.3 0 20.3947
    endloop
  endfacet
  facet normal -0.980724 0 -0.195397
    outer loop
      vertex -12.8542 0 19.3187
      vertex -12.9117 3.25 19.6073
      vertex -12.8542 3.25 19.3187
    endloop
  endfacet
  facet normal -0.980724 -0 -0.195397
    outer loop
      vertex -12.9117 3.25 19.6073
      vertex -12.8542 0 19.3187
      vertex -12.9117 0 19.6073
    endloop
  endfacet
  facet normal -0.99787 0 -0.0652336
    outer loop
      vertex -12.835 0 19.025
      vertex -12.8542 3.25 19.3187
      vertex -12.835 3.25 19.025
    endloop
  endfacet
  facet normal -0.99787 -0 -0.0652336
    outer loop
      vertex -12.8542 3.25 19.3187
      vertex -12.835 0 19.025
      vertex -12.8542 0 19.3187
    endloop
  endfacet
  facet normal 0.555797 0 -0.831318
    outer loop
      vertex -16.4547 0 20.81
      vertex -16.21 3.25 20.9736
      vertex -16.21 0 20.9736
    endloop
  endfacet
  facet normal 0.555797 0 -0.831318
    outer loop
      vertex -16.21 3.25 20.9736
      vertex -16.4547 0 20.81
      vertex -16.4547 3.25 20.81
    endloop
  endfacet
  facet normal 0.0652336 0 -0.99787
    outer loop
      vertex -15.3787 0 21.2558
      vertex -15.085 3.25 21.275
      vertex -15.085 0 21.275
    endloop
  endfacet
  facet normal 0.0652336 0 -0.99787
    outer loop
      vertex -15.085 3.25 21.275
      vertex -15.3787 0 21.2558
      vertex -15.3787 3.25 21.2558
    endloop
  endfacet
  facet normal 0.751966 0 -0.659202
    outer loop
      vertex -16.676 0 20.616
      vertex -16.87 3.25 20.3947
      vertex -16.676 3.25 20.616
    endloop
  endfacet
  facet normal 0.751966 0 -0.659202
    outer loop
      vertex -16.87 3.25 20.3947
      vertex -16.676 0 20.616
      vertex -16.87 0 20.3947
    endloop
  endfacet
  facet normal 0.980724 0 -0.195397
    outer loop
      vertex -17.2583 0 19.6073
      vertex -17.3158 3.25 19.3187
      vertex -17.2583 3.25 19.6073
    endloop
  endfacet
  facet normal 0.980724 0 -0.195397
    outer loop
      vertex -17.3158 3.25 19.3187
      vertex -17.2583 0 19.6073
      vertex -17.3158 0 19.3187
    endloop
  endfacet
  facet normal -0.533746 0.704334 -0.468005
    outer loop
      vertex -12.2706 4.99 21.8394
      vertex -11.9296 4.99 21.4505
      vertex -13.494 3.25 20.616
    endloop
  endfacet
  facet normal -0.708358 0.704328 0.0463822
    outer loop
      vertex -11.1049 4.99 19.025
      vertex -11.1387 4.99 18.5088
      vertex -12.835 3.25 19.025
    endloop
  endfacet
  facet normal -0.708694 0.704207 0.0429511
    outer loop
      vertex -12.8542 3.25 18.7313
      vertex -11.1387 4.99 18.5088
      vertex -11.1389 4.99 18.5055
    endloop
  endfacet
  facet normal -0.708372 0.704319 0.0463083
    outer loop
      vertex -11.1387 4.99 18.5088
      vertex -12.8542 3.25 18.7313
      vertex -12.835 3.25 19.025
    endloop
  endfacet
  facet normal -0.708372 0.704319 -0.0463083
    outer loop
      vertex -12.8542 3.25 19.3187
      vertex -11.1387 4.99 19.5412
      vertex -12.835 3.25 19.025
    endloop
  endfacet
  facet normal -0.708694 0.704207 -0.0429511
    outer loop
      vertex -11.1387 4.99 19.5412
      vertex -12.8542 3.25 19.3187
      vertex -11.1389 4.99 19.5445
    endloop
  endfacet
  facet normal 0.696209 0.70431 -0.138711
    outer loop
      vertex -17.3158 3.25 19.3187
      vertex -19.0304 4.99 19.5478
      vertex -17.2583 3.25 19.6073
    endloop
  endfacet
  facet normal 0.69474 0.704002 -0.147369
    outer loop
      vertex -19.0304 4.99 19.5478
      vertex -17.3158 3.25 19.3187
      vertex -19.0311 4.99 19.5445
    endloop
  endfacet
  facet normal 0.138474 0.704337 0.696228
    outer loop
      vertex -15.3787 3.25 16.7943
      vertex -15.6078 4.99 15.0796
      vertex -15.6673 3.25 16.8517
    endloop
  endfacet
  facet normal 0.147365 0.704022 0.69472
    outer loop
      vertex -15.6078 4.99 15.0796
      vertex -15.3787 3.25 16.7943
      vertex -15.6045 4.99 15.0789
    endloop
  endfacet
  facet normal -0.0463822 0.704328 -0.708358
    outer loop
      vertex -15.085 4.99 23.0051
      vertex -14.5688 4.99 22.9713
      vertex -15.085 3.25 21.275
    endloop
  endfacet
  facet normal -0.672187 0.704328 -0.228225
    outer loop
      vertex -11.4079 4.99 20.5481
      vertex -11.2416 4.99 20.0583
      vertex -13.0063 3.25 19.886
    endloop
  endfacet
  facet normal -0.708358 0.704328 -0.0463822
    outer loop
      vertex -11.1387 4.99 19.5412
      vertex -11.1049 4.99 19.025
      vertex -12.835 3.25 19.025
    endloop
  endfacet
  facet normal 0.458311 0.704683 -0.54164
    outer loop
      vertex -16.4547 3.25 20.81
      vertex -17.5105 4.99 22.1804
      vertex -17.5079 4.99 22.1826
    endloop
  endfacet
  facet normal 0.467941 0.704343 -0.53379
    outer loop
      vertex -17.5105 4.99 22.1804
      vertex -16.4547 3.25 20.81
      vertex -16.676 3.25 20.616
    endloop
  endfacet
  facet normal 0.3944 0.70433 -0.590228
    outer loop
      vertex -17.0751 4.99 22.4719
      vertex -16.21 3.25 20.9736
      vertex -17.5052 4.99 22.1845
    endloop
  endfacet
  facet normal 0.53379 0.704343 0.467941
    outer loop
      vertex -18.2404 4.99 16.5995
      vertex -16.87 3.25 17.6553
      vertex -16.676 3.25 17.434
    endloop
  endfacet
  facet normal 0.54164 0.704683 0.458311
    outer loop
      vertex -16.87 3.25 17.6553
      vertex -18.2404 4.99 16.5995
      vertex -18.2426 4.99 16.6021
    endloop
  endfacet
  facet normal -0.671397 0.704245 -0.230793
    outer loop
      vertex -12.9117 3.25 19.6073
      vertex -11.2416 4.99 20.0583
      vertex -11.2405 4.99 20.0551
    endloop
  endfacet
  facet normal -0.672199 0.704335 -0.228167
    outer loop
      vertex -11.2416 4.99 20.0583
      vertex -12.9117 3.25 19.6073
      vertex -13.0063 3.25 19.886
    endloop
  endfacet
  facet normal -0.642901 0.704745 -0.300021
    outer loop
      vertex -13.0063 3.25 19.886
      vertex -11.4093 4.99 20.5511
      vertex -11.4079 4.99 20.5481
    endloop
  endfacet
  facet normal -0.636736 0.704348 -0.313785
    outer loop
      vertex -11.4093 4.99 20.5511
      vertex -13.0063 3.25 19.886
      vertex -13.1364 3.25 20.15
    endloop
  endfacet
  facet normal -0.313948 0.704328 -0.636678
    outer loop
      vertex -13.5589 4.99 22.7007
      vertex -13.0949 4.99 22.4719
      vertex -13.96 3.25 20.9736
    endloop
  endfacet
  facet normal 0.580169 0.704785 -0.408267
    outer loop
      vertex -16.87 3.25 20.3947
      vertex -18.2445 4.99 21.4452
      vertex -18.2426 4.99 21.4479
    endloop
  endfacet
  facet normal 0.590113 0.70435 -0.394534
    outer loop
      vertex -18.2445 4.99 21.4452
      vertex -16.87 3.25 20.3947
      vertex -17.0336 3.25 20.15
    endloop
  endfacet
  facet normal -0.590228 0.70433 0.3944
    outer loop
      vertex -11.6381 4.99 17.0349
      vertex -11.9255 4.99 16.6048
      vertex -13.1364 3.25 17.9
    endloop
  endfacet
  facet normal 0.636736 0.704348 0.313785
    outer loop
      vertex -18.7607 4.99 17.4989
      vertex -17.1637 3.25 18.164
      vertex -17.0336 3.25 17.9
    endloop
  endfacet
  facet normal 0.642901 0.704745 0.300021
    outer loop
      vertex -17.1637 3.25 18.164
      vertex -18.7607 4.99 17.4989
      vertex -18.7621 4.99 17.5019
    endloop
  endfacet
  facet normal 0.394534 0.70435 0.590113
    outer loop
      vertex -17.5052 4.99 15.8655
      vertex -16.4547 3.25 17.24
      vertex -16.21 3.25 17.0764
    endloop
  endfacet
  facet normal 0.408267 0.704785 0.580169
    outer loop
      vertex -16.4547 3.25 17.24
      vertex -17.5052 4.99 15.8655
      vertex -17.5079 4.99 15.8674
    endloop
  endfacet
  facet normal -0.69474 0.704002 -0.147369
    outer loop
      vertex -12.8542 3.25 19.3187
      vertex -11.1396 4.99 19.5478
      vertex -11.1389 4.99 19.5445
    endloop
  endfacet
  facet normal -0.696209 0.70431 -0.138711
    outer loop
      vertex -11.1396 4.99 19.5478
      vertex -12.8542 3.25 19.3187
      vertex -12.9117 3.25 19.6073
    endloop
  endfacet
  facet normal -0.696228 0.704337 -0.138477
    outer loop
      vertex -11.2405 4.99 20.0551
      vertex -11.1396 4.99 19.5478
      vertex -12.9117 3.25 19.6073
    endloop
  endfacet
  facet normal -0.590228 0.70433 -0.3944
    outer loop
      vertex -11.9255 4.99 21.4452
      vertex -11.6381 4.99 21.0151
      vertex -13.1364 3.25 20.15
    endloop
  endfacet
  facet normal -0.636678 0.704328 -0.313948
    outer loop
      vertex -11.6381 4.99 21.0151
      vertex -11.4093 4.99 20.5511
      vertex -13.1364 3.25 20.15
    endloop
  endfacet
  facet normal -0.580169 0.704785 -0.408267
    outer loop
      vertex -11.9255 4.99 21.4452
      vertex -13.3 3.25 20.3947
      vertex -11.9274 4.99 21.4479
    endloop
  endfacet
  facet normal -0.590113 0.70435 -0.394534
    outer loop
      vertex -13.3 3.25 20.3947
      vertex -11.9255 4.99 21.4452
      vertex -13.1364 3.25 20.15
    endloop
  endfacet
  facet normal -0.54164 0.704683 -0.458311
    outer loop
      vertex -13.3 3.25 20.3947
      vertex -11.9296 4.99 21.4505
      vertex -11.9274 4.99 21.4479
    endloop
  endfacet
  facet normal -0.53379 0.704343 -0.467941
    outer loop
      vertex -11.9296 4.99 21.4505
      vertex -13.3 3.25 20.3947
      vertex -13.494 3.25 20.616
    endloop
  endfacet
  facet normal -0.458311 0.704683 -0.54164
    outer loop
      vertex -12.6595 4.99 22.1804
      vertex -13.7153 3.25 20.81
      vertex -12.6621 4.99 22.1826
    endloop
  endfacet
  facet normal -0.467941 0.704343 -0.53379
    outer loop
      vertex -13.7153 3.25 20.81
      vertex -12.6595 4.99 22.1804
      vertex -13.494 3.25 20.616
    endloop
  endfacet
  facet normal -0.468005 0.704334 -0.533746
    outer loop
      vertex -12.6595 4.99 22.1804
      vertex -12.2706 4.99 21.8394
      vertex -13.494 3.25 20.616
    endloop
  endfacet
  facet normal -0.228225 0.704328 -0.672187
    outer loop
      vertex -14.0517 4.99 22.8684
      vertex -13.5619 4.99 22.7021
      vertex -14.224 3.25 21.1037
    endloop
  endfacet
  facet normal 0.636678 0.704328 -0.313948
    outer loop
      vertex -18.5319 4.99 21.0151
      vertex -17.0336 3.25 20.15
      vertex -18.7607 4.99 20.5511
    endloop
  endfacet
  facet normal 0.313948 0.704328 -0.636678
    outer loop
      vertex -16.6111 4.99 22.7007
      vertex -16.21 3.25 20.9736
      vertex -17.0751 4.99 22.4719
    endloop
  endfacet
  facet normal 0.394534 0.70435 -0.590113
    outer loop
      vertex -16.4547 3.25 20.81
      vertex -17.5052 4.99 22.1845
      vertex -16.21 3.25 20.9736
    endloop
  endfacet
  facet normal 0.408267 0.704785 -0.580169
    outer loop
      vertex -17.5052 4.99 22.1845
      vertex -16.4547 3.25 20.81
      vertex -17.5079 4.99 22.1826
    endloop
  endfacet
  facet normal 0.590228 0.70433 -0.3944
    outer loop
      vertex -18.2445 4.99 21.4452
      vertex -17.0336 3.25 20.15
      vertex -18.5319 4.99 21.0151
    endloop
  endfacet
  facet normal 0.636736 0.704348 -0.313785
    outer loop
      vertex -17.1637 3.25 19.886
      vertex -18.7607 4.99 20.5511
      vertex -17.0336 3.25 20.15
    endloop
  endfacet
  facet normal 0.642901 0.704745 -0.300021
    outer loop
      vertex -18.7607 4.99 20.5511
      vertex -17.1637 3.25 19.886
      vertex -18.7621 4.99 20.5481
    endloop
  endfacet
  facet normal -0.313785 0.704348 0.636736
    outer loop
      vertex -13.5589 4.99 15.3493
      vertex -14.224 3.25 16.9463
      vertex -13.96 3.25 17.0764
    endloop
  endfacet
  facet normal -0.300021 0.704745 0.642901
    outer loop
      vertex -14.224 3.25 16.9463
      vertex -13.5589 4.99 15.3493
      vertex -13.5619 4.99 15.3479
    endloop
  endfacet
  facet normal 0.313948 0.704328 0.636678
    outer loop
      vertex -16.21 3.25 17.0764
      vertex -16.6111 4.99 15.3493
      vertex -17.0751 4.99 15.5781
    endloop
  endfacet
  facet normal 0.708372 0.704319 0.0463083
    outer loop
      vertex -17.3158 3.25 18.7313
      vertex -19.0313 4.99 18.5088
      vertex -17.335 3.25 19.025
    endloop
  endfacet
  facet normal 0.708694 0.704207 0.0429511
    outer loop
      vertex -19.0313 4.99 18.5088
      vertex -17.3158 3.25 18.7313
      vertex -19.0311 4.99 18.5055
    endloop
  endfacet
  facet normal 0.590113 0.70435 0.394534
    outer loop
      vertex -16.87 3.25 17.6553
      vertex -18.2445 4.99 16.6048
      vertex -17.0336 3.25 17.9
    endloop
  endfacet
  facet normal 0.580169 0.704785 0.408267
    outer loop
      vertex -18.2445 4.99 16.6048
      vertex -16.87 3.25 17.6553
      vertex -18.2426 4.99 16.6021
    endloop
  endfacet
  facet normal 0.3944 0.70433 0.590228
    outer loop
      vertex -16.21 3.25 17.0764
      vertex -17.0751 4.99 15.5781
      vertex -17.5052 4.99 15.8655
    endloop
  endfacet
  facet normal 0.468005 0.704334 0.533746
    outer loop
      vertex -16.676 3.25 17.434
      vertex -17.5105 4.99 15.8696
      vertex -17.8994 4.99 16.2106
    endloop
  endfacet
  facet normal 0.228167 0.704335 0.672199
    outer loop
      vertex -15.6673 3.25 16.8517
      vertex -16.1183 4.99 15.1816
      vertex -15.946 3.25 16.9463
    endloop
  endfacet
  facet normal 0.230793 0.704245 0.671397
    outer loop
      vertex -16.1183 4.99 15.1816
      vertex -15.6673 3.25 16.8517
      vertex -16.1151 4.99 15.1805
    endloop
  endfacet
  facet normal -0.3944 0.70433 -0.590228
    outer loop
      vertex -13.0949 4.99 22.4719
      vertex -12.6648 4.99 22.1845
      vertex -13.96 3.25 20.9736
    endloop
  endfacet
  facet normal -0.408267 0.704785 -0.580169
    outer loop
      vertex -13.7153 3.25 20.81
      vertex -12.6648 4.99 22.1845
      vertex -12.6621 4.99 22.1826
    endloop
  endfacet
  facet normal -0.394534 0.70435 -0.590113
    outer loop
      vertex -12.6648 4.99 22.1845
      vertex -13.7153 3.25 20.81
      vertex -13.96 3.25 20.9736
    endloop
  endfacet
  facet normal -0.300021 0.704745 -0.642901
    outer loop
      vertex -13.5589 4.99 22.7007
      vertex -14.224 3.25 21.1037
      vertex -13.5619 4.99 22.7021
    endloop
  endfacet
  facet normal -0.313785 0.704348 -0.636736
    outer loop
      vertex -14.224 3.25 21.1037
      vertex -13.5589 4.99 22.7007
      vertex -13.96 3.25 20.9736
    endloop
  endfacet
  facet normal -0.138477 0.704337 -0.696228
    outer loop
      vertex -14.0549 4.99 22.8695
      vertex -14.5027 3.25 21.1983
      vertex -14.5622 4.99 22.9704
    endloop
  endfacet
  facet normal -0.230793 0.704245 -0.671397
    outer loop
      vertex -14.0517 4.99 22.8684
      vertex -14.5027 3.25 21.1983
      vertex -14.0549 4.99 22.8695
    endloop
  endfacet
  facet normal -0.228167 0.704335 -0.672199
    outer loop
      vertex -14.5027 3.25 21.1983
      vertex -14.0517 4.99 22.8684
      vertex -14.224 3.25 21.1037
    endloop
  endfacet
  facet normal -0.147369 0.704002 -0.69474
    outer loop
      vertex -14.5622 4.99 22.9704
      vertex -14.7913 3.25 21.2558
      vertex -14.5655 4.99 22.9711
    endloop
  endfacet
  facet normal -0.138711 0.70431 -0.696209
    outer loop
      vertex -14.7913 3.25 21.2558
      vertex -14.5622 4.99 22.9704
      vertex -14.5027 3.25 21.1983
    endloop
  endfacet
  facet normal -0.0429511 0.704207 -0.708694
    outer loop
      vertex -14.7913 3.25 21.2558
      vertex -14.5688 4.99 22.9713
      vertex -14.5655 4.99 22.9711
    endloop
  endfacet
  facet normal -0.0463083 0.704319 -0.708372
    outer loop
      vertex -14.5688 4.99 22.9713
      vertex -14.7913 3.25 21.2558
      vertex -15.085 3.25 21.275
    endloop
  endfacet
  facet normal 0.672187 0.704328 -0.228225
    outer loop
      vertex -18.7621 4.99 20.5481
      vertex -17.1637 3.25 19.886
      vertex -18.9284 4.99 20.0583
    endloop
  endfacet
  facet normal 0.696228 0.704337 -0.138477
    outer loop
      vertex -18.9295 4.99 20.0551
      vertex -17.2583 3.25 19.6073
      vertex -19.0304 4.99 19.5478
    endloop
  endfacet
  facet normal 0.0463083 0.704319 -0.708372
    outer loop
      vertex -15.3787 3.25 21.2558
      vertex -15.6012 4.99 22.9713
      vertex -15.085 3.25 21.275
    endloop
  endfacet
  facet normal 0.0429511 0.704207 -0.708694
    outer loop
      vertex -15.6012 4.99 22.9713
      vertex -15.3787 3.25 21.2558
      vertex -15.6045 4.99 22.9711
    endloop
  endfacet
  facet normal 0.0463822 0.704328 -0.708358
    outer loop
      vertex -15.085 4.99 23.0051
      vertex -15.085 3.25 21.275
      vertex -15.6012 4.99 22.9713
    endloop
  endfacet
  facet normal 0.228225 0.704328 -0.672187
    outer loop
      vertex -16.1183 4.99 22.8684
      vertex -15.946 3.25 21.1037
      vertex -16.6081 4.99 22.7021
    endloop
  endfacet
  facet normal 0.300021 0.704745 -0.642901
    outer loop
      vertex -15.946 3.25 21.1037
      vertex -16.6111 4.99 22.7007
      vertex -16.6081 4.99 22.7021
    endloop
  endfacet
  facet normal 0.313785 0.704348 -0.636736
    outer loop
      vertex -16.6111 4.99 22.7007
      vertex -15.946 3.25 21.1037
      vertex -16.21 3.25 20.9736
    endloop
  endfacet
  facet normal 0.533746 0.704334 -0.468005
    outer loop
      vertex -17.8994 4.99 21.8394
      vertex -16.676 3.25 20.616
      vertex -18.2404 4.99 21.4505
    endloop
  endfacet
  facet normal 0.468005 0.704334 -0.533746
    outer loop
      vertex -17.5105 4.99 22.1804
      vertex -16.676 3.25 20.616
      vertex -17.8994 4.99 21.8394
    endloop
  endfacet
  facet normal 0.53379 0.704343 -0.467941
    outer loop
      vertex -16.87 3.25 20.3947
      vertex -18.2404 4.99 21.4505
      vertex -16.676 3.25 20.616
    endloop
  endfacet
  facet normal 0.54164 0.704683 -0.458311
    outer loop
      vertex -18.2404 4.99 21.4505
      vertex -16.87 3.25 20.3947
      vertex -18.2426 4.99 21.4479
    endloop
  endfacet
  facet normal -0.408267 0.704785 0.580169
    outer loop
      vertex -12.6648 4.99 15.8655
      vertex -13.7153 3.25 17.24
      vertex -12.6621 4.99 15.8674
    endloop
  endfacet
  facet normal -0.394534 0.70435 0.590113
    outer loop
      vertex -13.7153 3.25 17.24
      vertex -12.6648 4.99 15.8655
      vertex -13.96 3.25 17.0764
    endloop
  endfacet
  facet normal -0.138477 0.704337 0.696228
    outer loop
      vertex -14.5027 3.25 16.8517
      vertex -14.0549 4.99 15.1805
      vertex -14.5622 4.99 15.0796
    endloop
  endfacet
  facet normal -0.636678 0.704328 0.313948
    outer loop
      vertex -11.4093 4.99 17.4989
      vertex -11.6381 4.99 17.0349
      vertex -13.1364 3.25 17.9
    endloop
  endfacet
  facet normal 0.138477 0.704337 0.696228
    outer loop
      vertex -15.6673 3.25 16.8517
      vertex -15.6078 4.99 15.0796
      vertex -16.1151 4.99 15.1805
    endloop
  endfacet
  facet normal 0.590228 0.70433 0.3944
    outer loop
      vertex -17.0336 3.25 17.9
      vertex -18.2445 4.99 16.6048
      vertex -18.5319 4.99 17.0349
    endloop
  endfacet
  facet normal 0.636678 0.704328 0.313948
    outer loop
      vertex -17.0336 3.25 17.9
      vertex -18.5319 4.99 17.0349
      vertex -18.7607 4.99 17.4989
    endloop
  endfacet
  facet normal 0.708358 0.704328 -0.0463822
    outer loop
      vertex -19.0313 4.99 19.5412
      vertex -17.335 3.25 19.025
      vertex -19.0651 4.99 19.025
    endloop
  endfacet
  facet normal 0.708358 0.704328 0.0463822
    outer loop
      vertex -17.335 3.25 19.025
      vertex -19.0313 4.99 18.5088
      vertex -19.0651 4.99 19.025
    endloop
  endfacet
  facet normal 0.69474 0.704002 0.147369
    outer loop
      vertex -17.3158 3.25 18.7313
      vertex -19.0304 4.99 18.5022
      vertex -19.0311 4.99 18.5055
    endloop
  endfacet
  facet normal 0.696209 0.70431 0.138711
    outer loop
      vertex -19.0304 4.99 18.5022
      vertex -17.3158 3.25 18.7313
      vertex -17.2583 3.25 18.4427
    endloop
  endfacet
  facet normal 0.672187 0.704328 0.228225
    outer loop
      vertex -17.1637 3.25 18.164
      vertex -18.7621 4.99 17.5019
      vertex -18.9284 4.99 17.9917
    endloop
  endfacet
  facet normal 0.533746 0.704334 0.468005
    outer loop
      vertex -16.676 3.25 17.434
      vertex -17.8994 4.99 16.2106
      vertex -18.2404 4.99 16.5995
    endloop
  endfacet
  facet normal 0.467941 0.704343 0.53379
    outer loop
      vertex -16.4547 3.25 17.24
      vertex -17.5105 4.99 15.8696
      vertex -16.676 3.25 17.434
    endloop
  endfacet
  facet normal 0.458311 0.704683 0.54164
    outer loop
      vertex -17.5105 4.99 15.8696
      vertex -16.4547 3.25 17.24
      vertex -17.5079 4.99 15.8674
    endloop
  endfacet
  facet normal 0.672199 0.704335 -0.228167
    outer loop
      vertex -17.2583 3.25 19.6073
      vertex -18.9284 4.99 20.0583
      vertex -17.1637 3.25 19.886
    endloop
  endfacet
  facet normal 0.671397 0.704245 -0.230793
    outer loop
      vertex -18.9284 4.99 20.0583
      vertex -17.2583 3.25 19.6073
      vertex -18.9295 4.99 20.0551
    endloop
  endfacet
  facet normal 0.230793 0.704245 -0.671397
    outer loop
      vertex -15.6673 3.25 21.1983
      vertex -16.1183 4.99 22.8684
      vertex -16.1151 4.99 22.8695
    endloop
  endfacet
  facet normal 0.228167 0.704335 -0.672199
    outer loop
      vertex -16.1183 4.99 22.8684
      vertex -15.6673 3.25 21.1983
      vertex -15.946 3.25 21.1037
    endloop
  endfacet
  facet normal 0.138477 0.704337 -0.696228
    outer loop
      vertex -15.6078 4.99 22.9704
      vertex -15.6673 3.25 21.1983
      vertex -16.1151 4.99 22.8695
    endloop
  endfacet
  facet normal 0.147369 0.704002 -0.69474
    outer loop
      vertex -15.3787 3.25 21.2558
      vertex -15.6078 4.99 22.9704
      vertex -15.6045 4.99 22.9711
    endloop
  endfacet
  facet normal 0.138711 0.70431 -0.696209
    outer loop
      vertex -15.6078 4.99 22.9704
      vertex -15.3787 3.25 21.2558
      vertex -15.6673 3.25 21.1983
    endloop
  endfacet
  facet normal -0.313948 0.704328 0.636678
    outer loop
      vertex -13.0949 4.99 15.5781
      vertex -13.5589 4.99 15.3493
      vertex -13.96 3.25 17.0764
    endloop
  endfacet
  facet normal -0.3944 0.70433 0.590228
    outer loop
      vertex -12.6648 4.99 15.8655
      vertex -13.0949 4.99 15.5781
      vertex -13.96 3.25 17.0764
    endloop
  endfacet
  facet normal -0.0463822 0.704328 0.708358
    outer loop
      vertex -14.5688 4.99 15.0787
      vertex -15.085 4.99 15.0449
      vertex -15.085 3.25 16.775
    endloop
  endfacet
  facet normal -0.0429499 0.704228 0.708674
    outer loop
      vertex -14.5688 4.99 15.0787
      vertex -14.7913 3.25 16.7943
      vertex -14.5655 4.99 15.0789
    endloop
  endfacet
  facet normal -0.0465466 0.704347 0.708328
    outer loop
      vertex -14.7913 3.25 16.7943
      vertex -14.5688 4.99 15.0787
      vertex -15.085 3.25 16.775
    endloop
  endfacet
  facet normal -0.467941 0.704343 0.53379
    outer loop
      vertex -12.6595 4.99 15.8696
      vertex -13.7153 3.25 17.24
      vertex -13.494 3.25 17.434
    endloop
  endfacet
  facet normal -0.458311 0.704683 0.54164
    outer loop
      vertex -13.7153 3.25 17.24
      vertex -12.6595 4.99 15.8696
      vertex -12.6621 4.99 15.8674
    endloop
  endfacet
  facet normal -0.642901 0.704745 0.300021
    outer loop
      vertex -11.4093 4.99 17.4989
      vertex -13.0063 3.25 18.164
      vertex -11.4079 4.99 17.5019
    endloop
  endfacet
  facet normal -0.636736 0.704348 0.313785
    outer loop
      vertex -13.0063 3.25 18.164
      vertex -11.4093 4.99 17.4989
      vertex -13.1364 3.25 17.9
    endloop
  endfacet
  facet normal 0.313785 0.704348 0.636736
    outer loop
      vertex -15.946 3.25 16.9463
      vertex -16.6111 4.99 15.3493
      vertex -16.21 3.25 17.0764
    endloop
  endfacet
  facet normal 0.300021 0.704745 0.642901
    outer loop
      vertex -16.6111 4.99 15.3493
      vertex -15.946 3.25 16.9463
      vertex -16.6081 4.99 15.3479
    endloop
  endfacet
  facet normal 0.228225 0.704328 0.672187
    outer loop
      vertex -15.946 3.25 16.9463
      vertex -16.1183 4.99 15.1816
      vertex -16.6081 4.99 15.3479
    endloop
  endfacet
  facet normal 0.696228 0.704337 0.138477
    outer loop
      vertex -17.2583 3.25 18.4427
      vertex -18.9295 4.99 17.9949
      vertex -19.0304 4.99 18.5022
    endloop
  endfacet
  facet normal 0.708694 0.704207 -0.0429511
    outer loop
      vertex -17.3158 3.25 19.3187
      vertex -19.0313 4.99 19.5412
      vertex -19.0311 4.99 19.5445
    endloop
  endfacet
  facet normal 0.708372 0.704319 -0.0463083
    outer loop
      vertex -19.0313 4.99 19.5412
      vertex -17.3158 3.25 19.3187
      vertex -17.335 3.25 19.025
    endloop
  endfacet
  facet normal 0.672199 0.704335 0.228167
    outer loop
      vertex -18.9284 4.99 17.9917
      vertex -17.2583 3.25 18.4427
      vertex -17.1637 3.25 18.164
    endloop
  endfacet
  facet normal 0.671397 0.704245 0.230793
    outer loop
      vertex -17.2583 3.25 18.4427
      vertex -18.9284 4.99 17.9917
      vertex -18.9295 4.99 17.9949
    endloop
  endfacet
  facet normal -0.228225 0.704328 0.672187
    outer loop
      vertex -13.5619 4.99 15.3479
      vertex -14.0517 4.99 15.1816
      vertex -14.224 3.25 16.9463
    endloop
  endfacet
  facet normal 0.0463822 0.704328 0.708358
    outer loop
      vertex -15.085 3.25 16.775
      vertex -15.085 4.99 15.0449
      vertex -15.6012 4.99 15.0787
    endloop
  endfacet
  facet normal -0.533746 0.704334 0.468005
    outer loop
      vertex -11.9296 4.99 16.5995
      vertex -12.2706 4.99 16.2106
      vertex -13.494 3.25 17.434
    endloop
  endfacet
  facet normal -0.696228 0.704337 0.138477
    outer loop
      vertex -11.1396 4.99 18.5022
      vertex -11.2405 4.99 17.9949
      vertex -12.9117 3.25 18.4427
    endloop
  endfacet
  facet normal -0.672187 0.704328 0.228225
    outer loop
      vertex -11.2416 4.99 17.9917
      vertex -11.4079 4.99 17.5019
      vertex -13.0063 3.25 18.164
    endloop
  endfacet
  facet normal -0.228167 0.704335 0.672199
    outer loop
      vertex -14.0517 4.99 15.1816
      vertex -14.5027 3.25 16.8517
      vertex -14.224 3.25 16.9463
    endloop
  endfacet
  facet normal -0.230793 0.704245 0.671397
    outer loop
      vertex -14.5027 3.25 16.8517
      vertex -14.0517 4.99 15.1816
      vertex -14.0549 4.99 15.1805
    endloop
  endfacet
  facet normal 0.0465466 0.704347 0.708328
    outer loop
      vertex -15.6012 4.99 15.0787
      vertex -15.3787 3.25 16.7943
      vertex -15.085 3.25 16.775
    endloop
  endfacet
  facet normal 0.0429499 0.704228 0.708674
    outer loop
      vertex -15.3787 3.25 16.7943
      vertex -15.6012 4.99 15.0787
      vertex -15.6045 4.99 15.0789
    endloop
  endfacet
  facet normal -0.468005 0.704334 0.533746
    outer loop
      vertex -12.2706 4.99 16.2106
      vertex -12.6595 4.99 15.8696
      vertex -13.494 3.25 17.434
    endloop
  endfacet
  facet normal -0.54164 0.704683 0.458311
    outer loop
      vertex -11.9296 4.99 16.5995
      vertex -13.3 3.25 17.6553
      vertex -11.9274 4.99 16.6021
    endloop
  endfacet
  facet normal -0.53379 0.704343 0.467941
    outer loop
      vertex -13.3 3.25 17.6553
      vertex -11.9296 4.99 16.5995
      vertex -13.494 3.25 17.434
    endloop
  endfacet
  facet normal -0.590113 0.70435 0.394534
    outer loop
      vertex -11.9255 4.99 16.6048
      vertex -13.3 3.25 17.6553
      vertex -13.1364 3.25 17.9
    endloop
  endfacet
  facet normal -0.580169 0.704785 0.408267
    outer loop
      vertex -13.3 3.25 17.6553
      vertex -11.9255 4.99 16.6048
      vertex -11.9274 4.99 16.6021
    endloop
  endfacet
  facet normal -0.69474 0.704002 0.147369
    outer loop
      vertex -11.1396 4.99 18.5022
      vertex -12.8542 3.25 18.7313
      vertex -11.1389 4.99 18.5055
    endloop
  endfacet
  facet normal -0.696209 0.70431 0.138711
    outer loop
      vertex -12.8542 3.25 18.7313
      vertex -11.1396 4.99 18.5022
      vertex -12.9117 3.25 18.4427
    endloop
  endfacet
  facet normal -0.138474 0.704337 0.696228
    outer loop
      vertex -14.5622 4.99 15.0796
      vertex -14.7913 3.25 16.7943
      vertex -14.5027 3.25 16.8517
    endloop
  endfacet
  facet normal -0.147365 0.704022 0.69472
    outer loop
      vertex -14.7913 3.25 16.7943
      vertex -14.5622 4.99 15.0796
      vertex -14.5655 4.99 15.0789
    endloop
  endfacet
  facet normal -0.671397 0.704245 0.230793
    outer loop
      vertex -11.2416 4.99 17.9917
      vertex -12.9117 3.25 18.4427
      vertex -11.2405 4.99 17.9949
    endloop
  endfacet
  facet normal -0.672199 0.704335 0.228167
    outer loop
      vertex -12.9117 3.25 18.4427
      vertex -11.2416 4.99 17.9917
      vertex -13.0063 3.25 18.164
    endloop
  endfacet
  facet normal -0.555626 0 0.831432
    outer loop
      vertex -13.085 5 15.5609
      vertex -12.65 4.99 15.8516
      vertex -12.65 5 15.8516
    endloop
  endfacet
  facet normal -0.555626 0 0.831432
    outer loop
      vertex -12.65 4.99 15.8516
      vertex -13.085 5 15.5609
      vertex -13.085 4.99 15.5609
    endloop
  endfacet
  facet normal 0.321498 0 0.94691
    outer loop
      vertex -16.6157 5 15.3295
      vertex -16.1203 4.99 15.1613
      vertex -16.1203 5 15.1613
    endloop
  endfacet
  facet normal 0.321498 0 0.94691
    outer loop
      vertex -16.1203 4.99 15.1613
      vertex -16.6157 5 15.3295
      vertex -16.6157 4.99 15.3295
    endloop
  endfacet
  facet normal 0.896898 -0 0.442238
    outer loop
      vertex -18.7805 4.99 17.4943
      vertex -18.5491 5 17.025
      vertex -18.7805 5 17.4943
    endloop
  endfacet
  facet normal 0.896898 0 0.442238
    outer loop
      vertex -18.5491 5 17.025
      vertex -18.7805 4.99 17.4943
      vertex -18.5491 4.99 17.025
    endloop
  endfacet
  facet normal -0.896898 0 0.442238
    outer loop
      vertex -11.6209 4.99 17.025
      vertex -11.3895 5 17.4943
      vertex -11.6209 5 17.025
    endloop
  endfacet
  facet normal -0.896898 0 0.442238
    outer loop
      vertex -11.3895 5 17.4943
      vertex -11.6209 4.99 17.025
      vertex -11.3895 4.99 17.4943
    endloop
  endfacet
  facet normal -0.831432 0 0.555626
    outer loop
      vertex -11.9116 4.99 16.59
      vertex -11.6209 5 17.025
      vertex -11.9116 5 16.59
    endloop
  endfacet
  facet normal -0.831432 0 0.555626
    outer loop
      vertex -11.6209 5 17.025
      vertex -11.9116 4.99 16.59
      vertex -11.6209 4.99 17.025
    endloop
  endfacet
  facet normal -0.442238 0 0.896898
    outer loop
      vertex -13.5543 5 15.3295
      vertex -13.085 4.99 15.5609
      vertex -13.085 5 15.5609
    endloop
  endfacet
  facet normal -0.442238 0 0.896898
    outer loop
      vertex -13.085 4.99 15.5609
      vertex -13.5543 5 15.3295
      vertex -13.5543 4.99 15.3295
    endloop
  endfacet
  facet normal -0.0653646 0 0.997861
    outer loop
      vertex -15.085 5 15.025
      vertex -14.5629 4.99 15.0592
      vertex -14.5629 5 15.0592
    endloop
  endfacet
  facet normal -0.0653646 0 0.997861
    outer loop
      vertex -14.5629 4.99 15.0592
      vertex -15.085 5 15.025
      vertex -15.085 4.99 15.025
    endloop
  endfacet
  facet normal 0.997861 -0 0.0653646
    outer loop
      vertex -19.085 4.99 19.025
      vertex -19.0508 5 18.5029
      vertex -19.085 5 19.025
    endloop
  endfacet
  facet normal 0.997861 0 0.0653646
    outer loop
      vertex -19.0508 5 18.5029
      vertex -19.085 4.99 19.025
      vertex -19.0508 4.99 18.5029
    endloop
  endfacet
  facet normal 0.751842 -0 0.659343
    outer loop
      vertex -18.2584 4.99 16.59
      vertex -17.9134 5 16.1966
      vertex -18.2584 5 16.59
    endloop
  endfacet
  facet normal 0.751842 0 0.659343
    outer loop
      vertex -17.9134 5 16.1966
      vertex -18.2584 4.99 16.59
      vertex -17.9134 4.99 16.1966
    endloop
  endfacet
  facet normal 0.0653646 0 0.997861
    outer loop
      vertex -15.6071 5 15.0592
      vertex -15.085 4.99 15.025
      vertex -15.085 5 15.025
    endloop
  endfacet
  facet normal 0.0653646 0 0.997861
    outer loop
      vertex -15.085 4.99 15.025
      vertex -15.6071 5 15.0592
      vertex -15.6071 4.99 15.0592
    endloop
  endfacet
  facet normal 0.659343 0 0.751842
    outer loop
      vertex -17.9134 5 16.1966
      vertex -17.52 4.99 15.8516
      vertex -17.52 5 15.8516
    endloop
  endfacet
  facet normal 0.659343 0 0.751842
    outer loop
      vertex -17.52 4.99 15.8516
      vertex -17.9134 5 16.1966
      vertex -17.9134 4.99 16.1966
    endloop
  endfacet
  facet normal -0.997861 0 0.0653646
    outer loop
      vertex -11.1192 4.99 18.5029
      vertex -11.085 5 19.025
      vertex -11.1192 5 18.5029
    endloop
  endfacet
  facet normal -0.997861 0 0.0653646
    outer loop
      vertex -11.085 5 19.025
      vertex -11.1192 4.99 18.5029
      vertex -11.085 4.99 19.025
    endloop
  endfacet
  facet normal -0.831432 0 -0.555626
    outer loop
      vertex -11.6209 4.99 21.025
      vertex -11.9116 5 21.46
      vertex -11.6209 5 21.025
    endloop
  endfacet
  facet normal -0.831432 -0 -0.555626
    outer loop
      vertex -11.9116 5 21.46
      vertex -11.6209 4.99 21.025
      vertex -11.9116 4.99 21.46
    endloop
  endfacet
  facet normal -0.94691 0 -0.321498
    outer loop
      vertex -11.2213 4.99 20.0603
      vertex -11.3895 5 20.5557
      vertex -11.2213 5 20.0603
    endloop
  endfacet
  facet normal -0.94691 -0 -0.321498
    outer loop
      vertex -11.3895 5 20.5557
      vertex -11.2213 4.99 20.0603
      vertex -11.3895 4.99 20.5557
    endloop
  endfacet
  facet normal -0.442238 0 -0.896898
    outer loop
      vertex -13.5543 4.99 22.7205
      vertex -13.085 5 22.4891
      vertex -13.085 4.99 22.4891
    endloop
  endfacet
  facet normal -0.442238 0 -0.896898
    outer loop
      vertex -13.085 5 22.4891
      vertex -13.5543 4.99 22.7205
      vertex -13.5543 5 22.7205
    endloop
  endfacet
  facet normal -0.555626 0 -0.831432
    outer loop
      vertex -13.085 4.99 22.4891
      vertex -12.65 5 22.1984
      vertex -12.65 4.99 22.1984
    endloop
  endfacet
  facet normal -0.555626 0 -0.831432
    outer loop
      vertex -12.65 5 22.1984
      vertex -13.085 4.99 22.4891
      vertex -13.085 5 22.4891
    endloop
  endfacet
  facet normal 0.0653646 0 -0.997861
    outer loop
      vertex -15.6071 4.99 22.9908
      vertex -15.085 5 23.025
      vertex -15.085 4.99 23.025
    endloop
  endfacet
  facet normal 0.0653646 0 -0.997861
    outer loop
      vertex -15.085 5 23.025
      vertex -15.6071 4.99 22.9908
      vertex -15.6071 5 22.9908
    endloop
  endfacet
  facet normal 0.659343 0 -0.751842
    outer loop
      vertex -17.9134 4.99 21.8534
      vertex -17.52 5 22.1984
      vertex -17.52 4.99 22.1984
    endloop
  endfacet
  facet normal 0.659343 0 -0.751842
    outer loop
      vertex -17.52 5 22.1984
      vertex -17.9134 4.99 21.8534
      vertex -17.9134 5 21.8534
    endloop
  endfacet
  facet normal 0.997861 0 -0.0653646
    outer loop
      vertex -19.0508 4.99 19.5471
      vertex -19.085 5 19.025
      vertex -19.0508 5 19.5471
    endloop
  endfacet
  facet normal 0.997861 0 -0.0653646
    outer loop
      vertex -19.085 5 19.025
      vertex -19.0508 4.99 19.5471
      vertex -19.085 4.99 19.025
    endloop
  endfacet
  facet normal 0 1 -0
    outer loop
      vertex -14.5688 4.99 22.9713
      vertex -15.085 4.99 23.025
      vertex -14.5629 4.99 22.9908
    endloop
  endfacet
  facet normal 0 1 0
    outer loop
      vertex -15.085 4.99 23.025
      vertex -14.5688 4.99 22.9713
      vertex -15.085 4.99 23.0051
    endloop
  endfacet
  facet normal 0 1 0
    outer loop
      vertex -14.5629 4.99 22.9908
      vertex -14.5655 4.99 22.9711
      vertex -14.5688 4.99 22.9713
    endloop
  endfacet
  facet normal 0 1 0
    outer loop
      vertex -14.5629 4.99 22.9908
      vertex -14.5622 4.99 22.9704
      vertex -14.5655 4.99 22.9711
    endloop
  endfacet
  facet normal 0 1 0
    outer loop
      vertex -14.0497 4.99 22.8887
      vertex -14.5622 4.99 22.9704
      vertex -14.5629 4.99 22.9908
    endloop
  endfacet
  facet normal 0 1 0
    outer loop
      vertex -14.0497 4.99 22.8887
      vertex -14.0549 4.99 22.8695
      vertex -14.5622 4.99 22.9704
    endloop
  endfacet
  facet normal 0 1 0
    outer loop
      vertex -14.0497 4.99 22.8887
      vertex -14.0517 4.99 22.8684
      vertex -14.0549 4.99 22.8695
    endloop
  endfacet
  facet normal 0 1 0
    outer loop
      vertex -13.5543 4.99 22.7205
      vertex -14.0517 4.99 22.8684
      vertex -14.0497 4.99 22.8887
    endloop
  endfacet
  facet normal 0 1 0
    outer loop
      vertex -13.5543 4.99 22.7205
      vertex -13.5619 4.99 22.7021
      vertex -14.0517 4.99 22.8684
    endloop
  endfacet
  facet normal 0 1 0
    outer loop
      vertex -13.5543 4.99 22.7205
      vertex -13.5589 4.99 22.7007
      vertex -13.5619 4.99 22.7021
    endloop
  endfacet
  facet normal 0 1 0
    outer loop
      vertex -13.085 4.99 22.4891
      vertex -13.5589 4.99 22.7007
      vertex -13.5543 4.99 22.7205
    endloop
  endfacet
  facet normal 0 1 0
    outer loop
      vertex -13.085 4.99 22.4891
      vertex -13.0949 4.99 22.4719
      vertex -13.5589 4.99 22.7007
    endloop
  endfacet
  facet normal 0 1 -0
    outer loop
      vertex -12.6648 4.99 22.1845
      vertex -13.085 4.99 22.4891
      vertex -12.65 4.99 22.1984
    endloop
  endfacet
  facet normal 0 1 0
    outer loop
      vertex -13.085 4.99 22.4891
      vertex -12.6648 4.99 22.1845
      vertex -13.0949 4.99 22.4719
    endloop
  endfacet
  facet normal 0 1 0
    outer loop
      vertex -12.65 4.99 22.1984
      vertex -12.6621 4.99 22.1826
      vertex -12.6648 4.99 22.1845
    endloop
  endfacet
  facet normal 0 1 0
    outer loop
      vertex -12.65 4.99 22.1984
      vertex -12.6595 4.99 22.1804
      vertex -12.6621 4.99 22.1826
    endloop
  endfacet
  facet normal 0 1 0
    outer loop
      vertex -12.2566 4.99 21.8534
      vertex -12.6595 4.99 22.1804
      vertex -12.65 4.99 22.1984
    endloop
  endfacet
  facet normal 0 1 0
    outer loop
      vertex -12.2566 4.99 21.8534
      vertex -12.2706 4.99 21.8394
      vertex -12.6595 4.99 22.1804
    endloop
  endfacet
  facet normal 0 1 -0
    outer loop
      vertex -11.9296 4.99 21.4505
      vertex -12.2566 4.99 21.8534
      vertex -11.9116 4.99 21.46
    endloop
  endfacet
  facet normal 0 1 0
    outer loop
      vertex -12.2566 4.99 21.8534
      vertex -11.9296 4.99 21.4505
      vertex -12.2706 4.99 21.8394
    endloop
  endfacet
  facet normal 0 1 0
    outer loop
      vertex -11.9116 4.99 21.46
      vertex -11.9274 4.99 21.4479
      vertex -11.9296 4.99 21.4505
    endloop
  endfacet
  facet normal 0 1 0
    outer loop
      vertex -11.9116 4.99 21.46
      vertex -11.9255 4.99 21.4452
      vertex -11.9274 4.99 21.4479
    endloop
  endfacet
  facet normal 0 1 0
    outer loop
      vertex -11.6209 4.99 21.025
      vertex -11.9255 4.99 21.4452
      vertex -11.9116 4.99 21.46
    endloop
  endfacet
  facet normal 0 1 0
    outer loop
      vertex -11.6209 4.99 21.025
      vertex -11.6381 4.99 21.0151
      vertex -11.9255 4.99 21.4452
    endloop
  endfacet
  facet normal 0 1 -0
    outer loop
      vertex -11.4093 4.99 20.5511
      vertex -11.6209 4.99 21.025
      vertex -11.3895 4.99 20.5557
    endloop
  endfacet
  facet normal 0 1 0
    outer loop
      vertex -11.6209 4.99 21.025
      vertex -11.4093 4.99 20.5511
      vertex -11.6381 4.99 21.0151
    endloop
  endfacet
  facet normal 0 1 0
    outer loop
      vertex -11.3895 4.99 20.5557
      vertex -11.4079 4.99 20.5481
      vertex -11.4093 4.99 20.5511
    endloop
  endfacet
  facet normal 0 1 -0
    outer loop
      vertex -11.2416 4.99 20.0583
      vertex -11.3895 4.99 20.5557
      vertex -11.2213 4.99 20.0603
    endloop
  endfacet
  facet normal 0 1 0
    outer loop
      vertex -11.3895 4.99 20.5557
      vertex -11.2416 4.99 20.0583
      vertex -11.4079 4.99 20.5481
    endloop
  endfacet
  facet normal 0 1 0
    outer loop
      vertex -11.2213 4.99 20.0603
      vertex -11.2405 4.99 20.0551
      vertex -11.2416 4.99 20.0583
    endloop
  endfacet
  facet normal 0 1 0
    outer loop
      vertex -11.2213 4.99 20.0603
      vertex -11.1396 4.99 19.5478
      vertex -11.2405 4.99 20.0551
    endloop
  endfacet
  facet normal 0 1 0
    outer loop
      vertex -11.1192 4.99 19.5471
      vertex -11.1396 4.99 19.5478
      vertex -11.2213 4.99 20.0603
    endloop
  endfacet
  facet normal 0 1 0
    outer loop
      vertex -11.1192 4.99 19.5471
      vertex -11.1389 4.99 19.5445
      vertex -11.1396 4.99 19.5478
    endloop
  endfacet
  facet normal 0 1 0
    outer loop
      vertex -11.1192 4.99 19.5471
      vertex -11.1387 4.99 19.5412
      vertex -11.1389 4.99 19.5445
    endloop
  endfacet
  facet normal 0 1 0
    outer loop
      vertex -11.085 4.99 19.025
      vertex -11.1387 4.99 19.5412
      vertex -11.1192 4.99 19.5471
    endloop
  endfacet
  facet normal 0 1 0
    outer loop
      vertex -11.085 4.99 19.025
      vertex -11.1049 4.99 19.025
      vertex -11.1387 4.99 19.5412
    endloop
  endfacet
  facet normal 0 1 0
    outer loop
      vertex -11.085 4.99 19.025
      vertex -11.1387 4.99 18.5088
      vertex -11.1049 4.99 19.025
    endloop
  endfacet
  facet normal 0 1 -0
    outer loop
      vertex -11.1192 4.99 18.5029
      vertex -11.1387 4.99 18.5088
      vertex -11.085 4.99 19.025
    endloop
  endfacet
  facet normal 0 1 0
    outer loop
      vertex -11.1387 4.99 18.5088
      vertex -11.1192 4.99 18.5029
      vertex -11.1389 4.99 18.5055
    endloop
  endfacet
  facet normal 0 1 0
    outer loop
      vertex -11.1192 4.99 18.5029
      vertex -11.1396 4.99 18.5022
      vertex -11.1389 4.99 18.5055
    endloop
  endfacet
  facet normal 0 1 0
    outer loop
      vertex -11.2213 4.99 17.9897
      vertex -11.1396 4.99 18.5022
      vertex -11.1192 4.99 18.5029
    endloop
  endfacet
  facet normal 0 1 0
    outer loop
      vertex -11.1396 4.99 18.5022
      vertex -11.2213 4.99 17.9897
      vertex -11.2405 4.99 17.9949
    endloop
  endfacet
  facet normal 0 1 0
    outer loop
      vertex -11.2213 4.99 17.9897
      vertex -11.2416 4.99 17.9917
      vertex -11.2405 4.99 17.9949
    endloop
  endfacet
  facet normal 0 1 0
    outer loop
      vertex -11.3895 4.99 17.4943
      vertex -11.2416 4.99 17.9917
      vertex -11.2213 4.99 17.9897
    endloop
  endfacet
  facet normal 0 1 0
    outer loop
      vertex -11.2416 4.99 17.9917
      vertex -11.3895 4.99 17.4943
      vertex -11.4079 4.99 17.5019
    endloop
  endfacet
  facet normal 0 1 0
    outer loop
      vertex -11.3895 4.99 17.4943
      vertex -11.4093 4.99 17.4989
      vertex -11.4079 4.99 17.5019
    endloop
  endfacet
  facet normal 0 1 0
    outer loop
      vertex -11.6209 4.99 17.025
      vertex -11.4093 4.99 17.4989
      vertex -11.3895 4.99 17.4943
    endloop
  endfacet
  facet normal 0 1 0
    outer loop
      vertex -11.4093 4.99 17.4989
      vertex -11.6209 4.99 17.025
      vertex -11.6381 4.99 17.0349
    endloop
  endfacet
  facet normal 0 1 0
    outer loop
      vertex -11.6209 4.99 17.025
      vertex -11.9255 4.99 16.6048
      vertex -11.6381 4.99 17.0349
    endloop
  endfacet
  facet normal 0 1 -0
    outer loop
      vertex -11.9116 4.99 16.59
      vertex -11.9255 4.99 16.6048
      vertex -11.6209 4.99 17.025
    endloop
  endfacet
  facet normal 0 1 0
    outer loop
      vertex -11.9255 4.99 16.6048
      vertex -11.9116 4.99 16.59
      vertex -11.9274 4.99 16.6021
    endloop
  endfacet
  facet normal 0 1 0
    outer loop
      vertex -11.9116 4.99 16.59
      vertex -11.9296 4.99 16.5995
      vertex -11.9274 4.99 16.6021
    endloop
  endfacet
  facet normal 0 1 0
    outer loop
      vertex -12.2566 4.99 16.1966
      vertex -11.9296 4.99 16.5995
      vertex -11.9116 4.99 16.59
    endloop
  endfacet
  facet normal 0 1 0
    outer loop
      vertex -11.9296 4.99 16.5995
      vertex -12.2566 4.99 16.1966
      vertex -12.2706 4.99 16.2106
    endloop
  endfacet
  facet normal 0 1 0
    outer loop
      vertex -12.2566 4.99 16.1966
      vertex -12.6595 4.99 15.8696
      vertex -12.2706 4.99 16.2106
    endloop
  endfacet
  facet normal 0 1 -0
    outer loop
      vertex -12.65 4.99 15.8516
      vertex -12.6595 4.99 15.8696
      vertex -12.2566 4.99 16.1966
    endloop
  endfacet
  facet normal 0 1 0
    outer loop
      vertex -12.6595 4.99 15.8696
      vertex -12.65 4.99 15.8516
      vertex -12.6621 4.99 15.8674
    endloop
  endfacet
  facet normal 0 1 0
    outer loop
      vertex -12.65 4.99 15.8516
      vertex -12.6648 4.99 15.8655
      vertex -12.6621 4.99 15.8674
    endloop
  endfacet
  facet normal 0 1 0
    outer loop
      vertex -13.085 4.99 15.5609
      vertex -12.6648 4.99 15.8655
      vertex -12.65 4.99 15.8516
    endloop
  endfacet
  facet normal 0 1 0
    outer loop
      vertex -12.6648 4.99 15.8655
      vertex -13.085 4.99 15.5609
      vertex -13.0949 4.99 15.5781
    endloop
  endfacet
  facet normal 0 1 0
    outer loop
      vertex -13.085 4.99 15.5609
      vertex -13.5589 4.99 15.3493
      vertex -13.0949 4.99 15.5781
    endloop
  endfacet
  facet normal 0 1 -0
    outer loop
      vertex -13.5543 4.99 15.3295
      vertex -13.5589 4.99 15.3493
      vertex -13.085 4.99 15.5609
    endloop
  endfacet
  facet normal 0 1 0
    outer loop
      vertex -13.5589 4.99 15.3493
      vertex -13.5543 4.99 15.3295
      vertex -13.5619 4.99 15.3479
    endloop
  endfacet
  facet normal 0 1 0
    outer loop
      vertex -13.5543 4.99 15.3295
      vertex -14.0517 4.99 15.1816
      vertex -13.5619 4.99 15.3479
    endloop
  endfacet
  facet normal 0 1 -0
    outer loop
      vertex -14.0497 4.99 15.1613
      vertex -14.0517 4.99 15.1816
      vertex -13.5543 4.99 15.3295
    endloop
  endfacet
  facet normal 0 1 0
    outer loop
      vertex -14.0517 4.99 15.1816
      vertex -14.0497 4.99 15.1613
      vertex -14.0549 4.99 15.1805
    endloop
  endfacet
  facet normal 0 1 0
    outer loop
      vertex -14.0497 4.99 15.1613
      vertex -14.5622 4.99 15.0796
      vertex -14.0549 4.99 15.1805
    endloop
  endfacet
  facet normal 0 1 0
    outer loop
      vertex -14.5629 4.99 15.0592
      vertex -14.5622 4.99 15.0796
      vertex -14.0497 4.99 15.1613
    endloop
  endfacet
  facet normal 0 1 0
    outer loop
      vertex -14.5622 4.99 15.0796
      vertex -14.5629 4.99 15.0592
      vertex -14.5655 4.99 15.0789
    endloop
  endfacet
  facet normal 0 1 0
    outer loop
      vertex -14.5629 4.99 15.0592
      vertex -14.5688 4.99 15.0787
      vertex -14.5655 4.99 15.0789
    endloop
  endfacet
  facet normal 0 1 0
    outer loop
      vertex -15.085 4.99 15.025
      vertex -14.5688 4.99 15.0787
      vertex -14.5629 4.99 15.0592
    endloop
  endfacet
  facet normal 0 1 0
    outer loop
      vertex -14.5688 4.99 15.0787
      vertex -15.085 4.99 15.025
      vertex -15.085 4.99 15.0449
    endloop
  endfacet
  facet normal 0 1 0
    outer loop
      vertex -15.6012 4.99 22.9713
      vertex -15.085 4.99 23.025
      vertex -15.085 4.99 23.0051
    endloop
  endfacet
  facet normal 0 1 0
    outer loop
      vertex -15.085 4.99 23.025
      vertex -15.6012 4.99 22.9713
      vertex -15.6071 4.99 22.9908
    endloop
  endfacet
  facet normal 0 1 -0
    outer loop
      vertex -15.6045 4.99 22.9711
      vertex -15.6071 4.99 22.9908
      vertex -15.6012 4.99 22.9713
    endloop
  endfacet
  facet normal 0 1 0
    outer loop
      vertex -15.6078 4.99 22.9704
      vertex -15.6071 4.99 22.9908
      vertex -15.6045 4.99 22.9711
    endloop
  endfacet
  facet normal 0 1 -0
    outer loop
      vertex -15.6078 4.99 22.9704
      vertex -16.1203 4.99 22.8887
      vertex -15.6071 4.99 22.9908
    endloop
  endfacet
  facet normal 0 1 -0
    outer loop
      vertex -16.1151 4.99 22.8695
      vertex -16.1203 4.99 22.8887
      vertex -15.6078 4.99 22.9704
    endloop
  endfacet
  facet normal 0 1 -0
    outer loop
      vertex -16.1183 4.99 22.8684
      vertex -16.1203 4.99 22.8887
      vertex -16.1151 4.99 22.8695
    endloop
  endfacet
  facet normal 0 1 0
    outer loop
      vertex -16.1183 4.99 22.8684
      vertex -16.6157 4.99 22.7205
      vertex -16.1203 4.99 22.8887
    endloop
  endfacet
  facet normal 0 1 -0
    outer loop
      vertex -16.6081 4.99 22.7021
      vertex -16.6157 4.99 22.7205
      vertex -16.1183 4.99 22.8684
    endloop
  endfacet
  facet normal 0 1 -0
    outer loop
      vertex -16.6111 4.99 22.7007
      vertex -16.6157 4.99 22.7205
      vertex -16.6081 4.99 22.7021
    endloop
  endfacet
  facet normal 0 1 0
    outer loop
      vertex -16.6111 4.99 22.7007
      vertex -17.085 4.99 22.4891
      vertex -16.6157 4.99 22.7205
    endloop
  endfacet
  facet normal 0 1 -0
    outer loop
      vertex -17.0751 4.99 22.4719
      vertex -17.085 4.99 22.4891
      vertex -16.6111 4.99 22.7007
    endloop
  endfacet
  facet normal 0 1 0
    outer loop
      vertex -17.5052 4.99 22.1845
      vertex -17.085 4.99 22.4891
      vertex -17.0751 4.99 22.4719
    endloop
  endfacet
  facet normal 0 1 0
    outer loop
      vertex -17.085 4.99 22.4891
      vertex -17.5052 4.99 22.1845
      vertex -17.52 4.99 22.1984
    endloop
  endfacet
  facet normal 0 1 -0
    outer loop
      vertex -17.5079 4.99 22.1826
      vertex -17.52 4.99 22.1984
      vertex -17.5052 4.99 22.1845
    endloop
  endfacet
  facet normal 0 1 -0
    outer loop
      vertex -17.5105 4.99 22.1804
      vertex -17.52 4.99 22.1984
      vertex -17.5079 4.99 22.1826
    endloop
  endfacet
  facet normal 0 1 0
    outer loop
      vertex -17.5105 4.99 22.1804
      vertex -17.9134 4.99 21.8534
      vertex -17.52 4.99 22.1984
    endloop
  endfacet
  facet normal 0 1 -0
    outer loop
      vertex -17.8994 4.99 21.8394
      vertex -17.9134 4.99 21.8534
      vertex -17.5105 4.99 22.1804
    endloop
  endfacet
  facet normal 0 1 0
    outer loop
      vertex -18.2404 4.99 21.4505
      vertex -17.9134 4.99 21.8534
      vertex -17.8994 4.99 21.8394
    endloop
  endfacet
  facet normal 0 1 0
    outer loop
      vertex -17.9134 4.99 21.8534
      vertex -18.2404 4.99 21.4505
      vertex -18.2584 4.99 21.46
    endloop
  endfacet
  facet normal 0 1 -0
    outer loop
      vertex -18.2426 4.99 21.4479
      vertex -18.2584 4.99 21.46
      vertex -18.2404 4.99 21.4505
    endloop
  endfacet
  facet normal 0 1 -0
    outer loop
      vertex -18.2445 4.99 21.4452
      vertex -18.2584 4.99 21.46
      vertex -18.2426 4.99 21.4479
    endloop
  endfacet
  facet normal 0 1 0
    outer loop
      vertex -18.2445 4.99 21.4452
      vertex -18.5491 4.99 21.025
      vertex -18.2584 4.99 21.46
    endloop
  endfacet
  facet normal 0 1 -0
    outer loop
      vertex -18.5319 4.99 21.0151
      vertex -18.5491 4.99 21.025
      vertex -18.2445 4.99 21.4452
    endloop
  endfacet
  facet normal 0 1 0
    outer loop
      vertex -18.7607 4.99 20.5511
      vertex -18.5491 4.99 21.025
      vertex -18.5319 4.99 21.0151
    endloop
  endfacet
  facet normal 0 1 0
    outer loop
      vertex -18.5491 4.99 21.025
      vertex -18.7607 4.99 20.5511
      vertex -18.7805 4.99 20.5557
    endloop
  endfacet
  facet normal 0 1 -0
    outer loop
      vertex -18.7621 4.99 20.5481
      vertex -18.7805 4.99 20.5557
      vertex -18.7607 4.99 20.5511
    endloop
  endfacet
  facet normal 0 1 0
    outer loop
      vertex -18.9284 4.99 20.0583
      vertex -18.7805 4.99 20.5557
      vertex -18.7621 4.99 20.5481
    endloop
  endfacet
  facet normal 0 1 0
    outer loop
      vertex -18.7805 4.99 20.5557
      vertex -18.9284 4.99 20.0583
      vertex -18.9487 4.99 20.0603
    endloop
  endfacet
  facet normal 0 1 -0
    outer loop
      vertex -18.9295 4.99 20.0551
      vertex -18.9487 4.99 20.0603
      vertex -18.9284 4.99 20.0583
    endloop
  endfacet
  facet normal 0 1 0
    outer loop
      vertex -19.0304 4.99 19.5478
      vertex -18.9487 4.99 20.0603
      vertex -18.9295 4.99 20.0551
    endloop
  endfacet
  facet normal 0 1 -0
    outer loop
      vertex -19.0304 4.99 19.5478
      vertex -19.0508 4.99 19.5471
      vertex -18.9487 4.99 20.0603
    endloop
  endfacet
  facet normal 0 1 -0
    outer loop
      vertex -19.0311 4.99 19.5445
      vertex -19.0508 4.99 19.5471
      vertex -19.0304 4.99 19.5478
    endloop
  endfacet
  facet normal 0 1 -0
    outer loop
      vertex -19.0313 4.99 19.5412
      vertex -19.0508 4.99 19.5471
      vertex -19.0311 4.99 19.5445
    endloop
  endfacet
  facet normal 0 1 0
    outer loop
      vertex -19.085 4.99 19.025
      vertex -19.0313 4.99 19.5412
      vertex -19.0651 4.99 19.025
    endloop
  endfacet
  facet normal 0 1 0
    outer loop
      vertex -19.0313 4.99 19.5412
      vertex -19.085 4.99 19.025
      vertex -19.0508 4.99 19.5471
    endloop
  endfacet
  facet normal 0 1 0
    outer loop
      vertex -19.0313 4.99 18.5088
      vertex -19.085 4.99 19.025
      vertex -19.0651 4.99 19.025
    endloop
  endfacet
  facet normal 0 1 0
    outer loop
      vertex -19.0508 4.99 18.5029
      vertex -19.0313 4.99 18.5088
      vertex -19.0311 4.99 18.5055
    endloop
  endfacet
  facet normal 0 1 0
    outer loop
      vertex -19.0313 4.99 18.5088
      vertex -19.0508 4.99 18.5029
      vertex -19.085 4.99 19.025
    endloop
  endfacet
  facet normal 0 1 0
    outer loop
      vertex -19.0304 4.99 18.5022
      vertex -19.0508 4.99 18.5029
      vertex -19.0311 4.99 18.5055
    endloop
  endfacet
  facet normal 0 1 -0
    outer loop
      vertex -18.9487 4.99 17.9897
      vertex -19.0304 4.99 18.5022
      vertex -18.9295 4.99 17.9949
    endloop
  endfacet
  facet normal 0 1 0
    outer loop
      vertex -19.0304 4.99 18.5022
      vertex -18.9487 4.99 17.9897
      vertex -19.0508 4.99 18.5029
    endloop
  endfacet
  facet normal 0 1 0
    outer loop
      vertex -18.9284 4.99 17.9917
      vertex -18.9487 4.99 17.9897
      vertex -18.9295 4.99 17.9949
    endloop
  endfacet
  facet normal 0 1 -0
    outer loop
      vertex -18.7805 4.99 17.4943
      vertex -18.9284 4.99 17.9917
      vertex -18.7621 4.99 17.5019
    endloop
  endfacet
  facet normal 0 1 0
    outer loop
      vertex -18.9284 4.99 17.9917
      vertex -18.7805 4.99 17.4943
      vertex -18.9487 4.99 17.9897
    endloop
  endfacet
  facet normal 0 1 0
    outer loop
      vertex -18.7607 4.99 17.4989
      vertex -18.7805 4.99 17.4943
      vertex -18.7621 4.99 17.5019
    endloop
  endfacet
  facet normal 0 1 -0
    outer loop
      vertex -18.5491 4.99 17.025
      vertex -18.7607 4.99 17.4989
      vertex -18.5319 4.99 17.0349
    endloop
  endfacet
  facet normal 0 1 0
    outer loop
      vertex -18.7607 4.99 17.4989
      vertex -18.5491 4.99 17.025
      vertex -18.7805 4.99 17.4943
    endloop
  endfacet
  facet normal 0 1 0
    outer loop
      vertex -18.2445 4.99 16.6048
      vertex -18.5491 4.99 17.025
      vertex -18.5319 4.99 17.0349
    endloop
  endfacet
  facet normal 0 1 0
    outer loop
      vertex -18.2584 4.99 16.59
      vertex -18.2445 4.99 16.6048
      vertex -18.2426 4.99 16.6021
    endloop
  endfacet
  facet normal 0 1 0
    outer loop
      vertex -18.2445 4.99 16.6048
      vertex -18.2584 4.99 16.59
      vertex -18.5491 4.99 17.025
    endloop
  endfacet
  facet normal 0 1 0
    outer loop
      vertex -18.2404 4.99 16.5995
      vertex -18.2584 4.99 16.59
      vertex -18.2426 4.99 16.6021
    endloop
  endfacet
  facet normal 0 1 -0
    outer loop
      vertex -17.9134 4.99 16.1966
      vertex -18.2404 4.99 16.5995
      vertex -17.8994 4.99 16.2106
    endloop
  endfacet
  facet normal 0 1 0
    outer loop
      vertex -18.2404 4.99 16.5995
      vertex -17.9134 4.99 16.1966
      vertex -18.2584 4.99 16.59
    endloop
  endfacet
  facet normal 0 1 0
    outer loop
      vertex -17.5105 4.99 15.8696
      vertex -17.9134 4.99 16.1966
      vertex -17.8994 4.99 16.2106
    endloop
  endfacet
  facet normal 0 1 0
    outer loop
      vertex -17.52 4.99 15.8516
      vertex -17.5105 4.99 15.8696
      vertex -17.5079 4.99 15.8674
    endloop
  endfacet
  facet normal 0 1 0
    outer loop
      vertex -17.5105 4.99 15.8696
      vertex -17.52 4.99 15.8516
      vertex -17.9134 4.99 16.1966
    endloop
  endfacet
  facet normal 0 1 0
    outer loop
      vertex -17.5052 4.99 15.8655
      vertex -17.52 4.99 15.8516
      vertex -17.5079 4.99 15.8674
    endloop
  endfacet
  facet normal 0 1 -0
    outer loop
      vertex -17.085 4.99 15.5609
      vertex -17.5052 4.99 15.8655
      vertex -17.0751 4.99 15.5781
    endloop
  endfacet
  facet normal 0 1 0
    outer loop
      vertex -17.5052 4.99 15.8655
      vertex -17.085 4.99 15.5609
      vertex -17.52 4.99 15.8516
    endloop
  endfacet
  facet normal 0 1 0
    outer loop
      vertex -16.6111 4.99 15.3493
      vertex -17.085 4.99 15.5609
      vertex -17.0751 4.99 15.5781
    endloop
  endfacet
  facet normal 0 1 0
    outer loop
      vertex -16.6157 4.99 15.3295
      vertex -16.6111 4.99 15.3493
      vertex -16.6081 4.99 15.3479
    endloop
  endfacet
  facet normal 0 1 0
    outer loop
      vertex -16.6111 4.99 15.3493
      vertex -16.6157 4.99 15.3295
      vertex -17.085 4.99 15.5609
    endloop
  endfacet
  facet normal 0 1 0
    outer loop
      vertex -16.1183 4.99 15.1816
      vertex -16.6157 4.99 15.3295
      vertex -16.6081 4.99 15.3479
    endloop
  endfacet
  facet normal 0 1 0
    outer loop
      vertex -16.1203 4.99 15.1613
      vertex -16.1183 4.99 15.1816
      vertex -16.1151 4.99 15.1805
    endloop
  endfacet
  facet normal 0 1 0
    outer loop
      vertex -16.1183 4.99 15.1816
      vertex -16.1203 4.99 15.1613
      vertex -16.6157 4.99 15.3295
    endloop
  endfacet
  facet normal 0 1 0
    outer loop
      vertex -15.6078 4.99 15.0796
      vertex -16.1203 4.99 15.1613
      vertex -16.1151 4.99 15.1805
    endloop
  endfacet
  facet normal 0 1 -0
    outer loop
      vertex -15.6071 4.99 15.0592
      vertex -15.6078 4.99 15.0796
      vertex -15.6045 4.99 15.0789
    endloop
  endfacet
  facet normal 0 1 0
    outer loop
      vertex -15.6078 4.99 15.0796
      vertex -15.6071 4.99 15.0592
      vertex -16.1203 4.99 15.1613
    endloop
  endfacet
  facet normal 0 1 0
    outer loop
      vertex -15.6012 4.99 15.0787
      vertex -15.6071 4.99 15.0592
      vertex -15.6045 4.99 15.0789
    endloop
  endfacet
  facet normal 0 1 -0
    outer loop
      vertex -15.085 4.99 15.025
      vertex -15.6012 4.99 15.0787
      vertex -15.085 4.99 15.0449
    endloop
  endfacet
  facet normal 0 1 0
    outer loop
      vertex -15.6012 4.99 15.0787
      vertex -15.085 4.99 15.025
      vertex -15.6071 4.99 15.0592
    endloop
  endfacet
  facet normal 0.751842 0 -0.659343
    outer loop
      vertex -17.9134 4.99 21.8534
      vertex -18.2584 5 21.46
      vertex -17.9134 5 21.8534
    endloop
  endfacet
  facet normal 0.751842 0 -0.659343
    outer loop
      vertex -18.2584 5 21.46
      vertex -17.9134 4.99 21.8534
      vertex -18.2584 4.99 21.46
    endloop
  endfacet
  facet normal -0.980779 0 0.195124
    outer loop
      vertex -11.2213 4.99 17.9897
      vertex -11.1192 5 18.5029
      vertex -11.2213 5 17.9897
    endloop
  endfacet
  facet normal -0.980779 0 0.195124
    outer loop
      vertex -11.1192 5 18.5029
      vertex -11.2213 4.99 17.9897
      vertex -11.1192 4.99 18.5029
    endloop
  endfacet
  facet normal -0.94691 0 0.321498
    outer loop
      vertex -11.3895 4.99 17.4943
      vertex -11.2213 5 17.9897
      vertex -11.3895 5 17.4943
    endloop
  endfacet
  facet normal -0.94691 0 0.321498
    outer loop
      vertex -11.2213 5 17.9897
      vertex -11.3895 4.99 17.4943
      vertex -11.2213 4.99 17.9897
    endloop
  endfacet
  facet normal -0.751842 0 0.659343
    outer loop
      vertex -12.2566 4.99 16.1966
      vertex -11.9116 5 16.59
      vertex -12.2566 5 16.1966
    endloop
  endfacet
  facet normal -0.751842 0 0.659343
    outer loop
      vertex -11.9116 5 16.59
      vertex -12.2566 4.99 16.1966
      vertex -11.9116 4.99 16.59
    endloop
  endfacet
  facet normal -0.659343 0 0.751842
    outer loop
      vertex -12.65 5 15.8516
      vertex -12.2566 4.99 16.1966
      vertex -12.2566 5 16.1966
    endloop
  endfacet
  facet normal -0.659343 0 0.751842
    outer loop
      vertex -12.2566 4.99 16.1966
      vertex -12.65 5 15.8516
      vertex -12.65 4.99 15.8516
    endloop
  endfacet
  facet normal -0.321498 0 0.94691
    outer loop
      vertex -14.0497 5 15.1613
      vertex -13.5543 4.99 15.3295
      vertex -13.5543 5 15.3295
    endloop
  endfacet
  facet normal -0.321498 0 0.94691
    outer loop
      vertex -13.5543 4.99 15.3295
      vertex -14.0497 5 15.1613
      vertex -14.0497 4.99 15.1613
    endloop
  endfacet
  facet normal -0.195124 0 0.980779
    outer loop
      vertex -14.5629 5 15.0592
      vertex -14.0497 4.99 15.1613
      vertex -14.0497 5 15.1613
    endloop
  endfacet
  facet normal -0.195124 0 0.980779
    outer loop
      vertex -14.0497 4.99 15.1613
      vertex -14.5629 5 15.0592
      vertex -14.5629 4.99 15.0592
    endloop
  endfacet
  facet normal 0.94691 -0 0.321498
    outer loop
      vertex -18.9487 4.99 17.9897
      vertex -18.7805 5 17.4943
      vertex -18.9487 5 17.9897
    endloop
  endfacet
  facet normal 0.94691 0 0.321498
    outer loop
      vertex -18.7805 5 17.4943
      vertex -18.9487 4.99 17.9897
      vertex -18.7805 4.99 17.4943
    endloop
  endfacet
  facet normal 0.980779 -0 0.195124
    outer loop
      vertex -19.0508 4.99 18.5029
      vertex -18.9487 5 17.9897
      vertex -19.0508 5 18.5029
    endloop
  endfacet
  facet normal 0.980779 0 0.195124
    outer loop
      vertex -18.9487 5 17.9897
      vertex -19.0508 4.99 18.5029
      vertex -18.9487 4.99 17.9897
    endloop
  endfacet
  facet normal 0.831432 -0 0.555626
    outer loop
      vertex -18.5491 4.99 17.025
      vertex -18.2584 5 16.59
      vertex -18.5491 5 17.025
    endloop
  endfacet
  facet normal 0.831432 0 0.555626
    outer loop
      vertex -18.2584 5 16.59
      vertex -18.5491 4.99 17.025
      vertex -18.2584 4.99 16.59
    endloop
  endfacet
  facet normal 0.195124 0 0.980779
    outer loop
      vertex -16.1203 5 15.1613
      vertex -15.6071 4.99 15.0592
      vertex -15.6071 5 15.0592
    endloop
  endfacet
  facet normal 0.195124 0 0.980779
    outer loop
      vertex -15.6071 4.99 15.0592
      vertex -16.1203 5 15.1613
      vertex -16.1203 4.99 15.1613
    endloop
  endfacet
  facet normal 0.555626 0 0.831432
    outer loop
      vertex -17.52 5 15.8516
      vertex -17.085 4.99 15.5609
      vertex -17.085 5 15.5609
    endloop
  endfacet
  facet normal 0.555626 0 0.831432
    outer loop
      vertex -17.085 4.99 15.5609
      vertex -17.52 5 15.8516
      vertex -17.52 4.99 15.8516
    endloop
  endfacet
  facet normal 0.442238 0 0.896898
    outer loop
      vertex -17.085 5 15.5609
      vertex -16.6157 4.99 15.3295
      vertex -16.6157 5 15.3295
    endloop
  endfacet
  facet normal 0.442238 0 0.896898
    outer loop
      vertex -16.6157 4.99 15.3295
      vertex -17.085 5 15.5609
      vertex -17.085 4.99 15.5609
    endloop
  endfacet
  facet normal -0.997861 0 -0.0653646
    outer loop
      vertex -11.085 4.99 19.025
      vertex -11.1192 5 19.5471
      vertex -11.085 5 19.025
    endloop
  endfacet
  facet normal -0.997861 -0 -0.0653646
    outer loop
      vertex -11.1192 5 19.5471
      vertex -11.085 4.99 19.025
      vertex -11.1192 4.99 19.5471
    endloop
  endfacet
  facet normal -0.0653646 0 -0.997861
    outer loop
      vertex -15.085 4.99 23.025
      vertex -14.5629 5 22.9908
      vertex -14.5629 4.99 22.9908
    endloop
  endfacet
  facet normal -0.0653646 0 -0.997861
    outer loop
      vertex -14.5629 5 22.9908
      vertex -15.085 4.99 23.025
      vertex -15.085 5 23.025
    endloop
  endfacet
  facet normal -0.195124 0 -0.980779
    outer loop
      vertex -14.5629 4.99 22.9908
      vertex -14.0497 5 22.8887
      vertex -14.0497 4.99 22.8887
    endloop
  endfacet
  facet normal -0.195124 0 -0.980779
    outer loop
      vertex -14.0497 5 22.8887
      vertex -14.5629 4.99 22.9908
      vertex -14.5629 5 22.9908
    endloop
  endfacet
  facet normal -0.321498 0 -0.94691
    outer loop
      vertex -14.0497 4.99 22.8887
      vertex -13.5543 5 22.7205
      vertex -13.5543 4.99 22.7205
    endloop
  endfacet
  facet normal -0.321498 0 -0.94691
    outer loop
      vertex -13.5543 5 22.7205
      vertex -14.0497 4.99 22.8887
      vertex -14.0497 5 22.8887
    endloop
  endfacet
  facet normal -0.751842 0 -0.659343
    outer loop
      vertex -11.9116 4.99 21.46
      vertex -12.2566 5 21.8534
      vertex -11.9116 5 21.46
    endloop
  endfacet
  facet normal -0.751842 -0 -0.659343
    outer loop
      vertex -12.2566 5 21.8534
      vertex -11.9116 4.99 21.46
      vertex -12.2566 4.99 21.8534
    endloop
  endfacet
  facet normal -0.659343 0 -0.751842
    outer loop
      vertex -12.65 4.99 22.1984
      vertex -12.2566 5 21.8534
      vertex -12.2566 4.99 21.8534
    endloop
  endfacet
  facet normal -0.659343 0 -0.751842
    outer loop
      vertex -12.2566 5 21.8534
      vertex -12.65 4.99 22.1984
      vertex -12.65 5 22.1984
    endloop
  endfacet
  facet normal 0.321498 0 -0.94691
    outer loop
      vertex -16.6157 4.99 22.7205
      vertex -16.1203 5 22.8887
      vertex -16.1203 4.99 22.8887
    endloop
  endfacet
  facet normal 0.321498 0 -0.94691
    outer loop
      vertex -16.1203 5 22.8887
      vertex -16.6157 4.99 22.7205
      vertex -16.6157 5 22.7205
    endloop
  endfacet
  facet normal 0.555626 0 -0.831432
    outer loop
      vertex -17.52 4.99 22.1984
      vertex -17.085 5 22.4891
      vertex -17.085 4.99 22.4891
    endloop
  endfacet
  facet normal 0.555626 0 -0.831432
    outer loop
      vertex -17.085 5 22.4891
      vertex -17.52 4.99 22.1984
      vertex -17.52 5 22.1984
    endloop
  endfacet
  facet normal 0.980779 0 -0.195124
    outer loop
      vertex -18.9487 4.99 20.0603
      vertex -19.0508 5 19.5471
      vertex -18.9487 5 20.0603
    endloop
  endfacet
  facet normal 0.980779 0 -0.195124
    outer loop
      vertex -19.0508 5 19.5471
      vertex -18.9487 4.99 20.0603
      vertex -19.0508 4.99 19.5471
    endloop
  endfacet
  facet normal 0.896898 0 -0.442238
    outer loop
      vertex -18.5491 4.99 21.025
      vertex -18.7805 5 20.5557
      vertex -18.5491 5 21.025
    endloop
  endfacet
  facet normal 0.896898 0 -0.442238
    outer loop
      vertex -18.7805 5 20.5557
      vertex -18.5491 4.99 21.025
      vertex -18.7805 4.99 20.5557
    endloop
  endfacet
  facet normal -0.980779 0 -0.195124
    outer loop
      vertex -11.1192 4.99 19.5471
      vertex -11.2213 5 20.0603
      vertex -11.1192 5 19.5471
    endloop
  endfacet
  facet normal -0.980779 -0 -0.195124
    outer loop
      vertex -11.2213 5 20.0603
      vertex -11.1192 4.99 19.5471
      vertex -11.2213 4.99 20.0603
    endloop
  endfacet
  facet normal -0.896898 0 -0.442238
    outer loop
      vertex -11.3895 4.99 20.5557
      vertex -11.6209 5 21.025
      vertex -11.3895 5 20.5557
    endloop
  endfacet
  facet normal -0.896898 -0 -0.442238
    outer loop
      vertex -11.6209 5 21.025
      vertex -11.3895 4.99 20.5557
      vertex -11.6209 4.99 21.025
    endloop
  endfacet
  facet normal 0.195124 0 -0.980779
    outer loop
      vertex -16.1203 4.99 22.8887
      vertex -15.6071 5 22.9908
      vertex -15.6071 4.99 22.9908
    endloop
  endfacet
  facet normal 0.195124 0 -0.980779
    outer loop
      vertex -15.6071 5 22.9908
      vertex -16.1203 4.99 22.8887
      vertex -16.1203 5 22.8887
    endloop
  endfacet
  facet normal 0.442238 0 -0.896898
    outer loop
      vertex -17.085 4.99 22.4891
      vertex -16.6157 5 22.7205
      vertex -16.6157 4.99 22.7205
    endloop
  endfacet
  facet normal 0.442238 0 -0.896898
    outer loop
      vertex -16.6157 5 22.7205
      vertex -17.085 4.99 22.4891
      vertex -17.085 5 22.4891
    endloop
  endfacet
  facet normal 0.94691 0 -0.321498
    outer loop
      vertex -18.7805 4.99 20.5557
      vertex -18.9487 5 20.0603
      vertex -18.7805 5 20.5557
    endloop
  endfacet
  facet normal 0.94691 0 -0.321498
    outer loop
      vertex -18.9487 5 20.0603
      vertex -18.7805 4.99 20.5557
      vertex -18.9487 4.99 20.0603
    endloop
  endfacet
  facet normal 0.831432 0 -0.555626
    outer loop
      vertex -18.2584 4.99 21.46
      vertex -18.5491 5 21.025
      vertex -18.2584 5 21.46
    endloop
  endfacet
  facet normal 0.831432 0 -0.555626
    outer loop
      vertex -18.5491 5 21.025
      vertex -18.2584 4.99 21.46
      vertex -18.5491 4.99 21.025
    endloop
  endfacet
  facet normal -0.99787 0 0.0652336
    outer loop
      vertex 17.3158 0 -19.3187
      vertex 17.335 3.25 -19.025
      vertex 17.3158 3.25 -19.3187
    endloop
  endfacet
  facet normal -0.99787 0 0.0652336
    outer loop
      vertex 17.335 3.25 -19.025
      vertex 17.3158 0 -19.3187
      vertex 17.335 0 -19.025
    endloop
  endfacet
  facet normal 0.99787 -0 0.0652336
    outer loop
      vertex 12.835 0 -19.025
      vertex 12.8542 3.25 -19.3187
      vertex 12.835 3.25 -19.025
    endloop
  endfacet
  facet normal 0.99787 0 0.0652336
    outer loop
      vertex 12.8542 3.25 -19.3187
      vertex 12.835 0 -19.025
      vertex 12.8542 0 -19.3187
    endloop
  endfacet
  facet normal -0.0652336 0 0.99787
    outer loop
      vertex 15.085 3.25 -21.275
      vertex 15.3787 0 -21.2558
      vertex 15.3787 3.25 -21.2558
    endloop
  endfacet
  facet normal -0.0652336 0 0.99787
    outer loop
      vertex 15.3787 0 -21.2558
      vertex 15.085 3.25 -21.275
      vertex 15.085 0 -21.275
    endloop
  endfacet
  facet normal -0.751966 0 0.659202
    outer loop
      vertex 16.676 0 -20.616
      vertex 16.87 3.25 -20.3947
      vertex 16.676 3.25 -20.616
    endloop
  endfacet
  facet normal -0.751966 0 0.659202
    outer loop
      vertex 16.87 3.25 -20.3947
      vertex 16.676 0 -20.616
      vertex 16.87 0 -20.3947
    endloop
  endfacet
  facet normal 0.659202 0 0.751966
    outer loop
      vertex 13.494 3.25 -20.616
      vertex 13.7153 0 -20.81
      vertex 13.7153 3.25 -20.81
    endloop
  endfacet
  facet normal 0.659202 0 0.751966
    outer loop
      vertex 13.7153 0 -20.81
      vertex 13.494 3.25 -20.616
      vertex 13.494 0 -20.616
    endloop
  endfacet
  facet normal 0.321421 0 0.946936
    outer loop
      vertex 14.224 3.25 -21.1037
      vertex 14.5027 0 -21.1983
      vertex 14.5027 3.25 -21.1983
    endloop
  endfacet
  facet normal 0.321421 0 0.946936
    outer loop
      vertex 14.5027 0 -21.1983
      vertex 14.224 3.25 -21.1037
      vertex 14.224 0 -21.1037
    endloop
  endfacet
  facet normal -0.896995 0 0.442042
    outer loop
      vertex 17.0336 0 -20.15
      vertex 17.1637 3.25 -19.886
      vertex 17.0336 3.25 -20.15
    endloop
  endfacet
  facet normal -0.896995 0 0.442042
    outer loop
      vertex 17.1637 3.25 -19.886
      vertex 17.0336 0 -20.15
      vertex 17.1637 0 -19.886
    endloop
  endfacet
  facet normal -0.831318 0 0.555797
    outer loop
      vertex 16.87 0 -20.3947
      vertex 17.0336 3.25 -20.15
      vertex 16.87 3.25 -20.3947
    endloop
  endfacet
  facet normal -0.831318 0 0.555797
    outer loop
      vertex 17.0336 3.25 -20.15
      vertex 16.87 0 -20.3947
      vertex 17.0336 0 -20.15
    endloop
  endfacet
  facet normal -0.442042 0 0.896995
    outer loop
      vertex 15.946 3.25 -21.1037
      vertex 16.21 0 -20.9736
      vertex 16.21 3.25 -20.9736
    endloop
  endfacet
  facet normal -0.442042 0 0.896995
    outer loop
      vertex 16.21 0 -20.9736
      vertex 15.946 3.25 -21.1037
      vertex 15.946 0 -21.1037
    endloop
  endfacet
  facet normal -0.321421 0 0.946936
    outer loop
      vertex 15.6673 3.25 -21.1983
      vertex 15.946 0 -21.1037
      vertex 15.946 3.25 -21.1037
    endloop
  endfacet
  facet normal -0.321421 0 0.946936
    outer loop
      vertex 15.946 0 -21.1037
      vertex 15.6673 3.25 -21.1983
      vertex 15.6673 0 -21.1983
    endloop
  endfacet
  facet normal -0.555797 0 0.831318
    outer loop
      vertex 16.21 3.25 -20.9736
      vertex 16.4547 0 -20.81
      vertex 16.4547 3.25 -20.81
    endloop
  endfacet
  facet normal -0.555797 0 0.831318
    outer loop
      vertex 16.4547 0 -20.81
      vertex 16.21 3.25 -20.9736
      vertex 16.21 0 -20.9736
    endloop
  endfacet
  facet normal 0.896995 -0 0.442042
    outer loop
      vertex 13.0063 0 -19.886
      vertex 13.1364 3.25 -20.15
      vertex 13.0063 3.25 -19.886
    endloop
  endfacet
  facet normal 0.896995 0 0.442042
    outer loop
      vertex 13.1364 3.25 -20.15
      vertex 13.0063 0 -19.886
      vertex 13.1364 0 -20.15
    endloop
  endfacet
  facet normal 0.946936 -0 0.321421
    outer loop
      vertex 12.9117 0 -19.6073
      vertex 13.0063 3.25 -19.886
      vertex 12.9117 3.25 -19.6073
    endloop
  endfacet
  facet normal 0.946936 0 0.321421
    outer loop
      vertex 13.0063 3.25 -19.886
      vertex 12.9117 0 -19.6073
      vertex 13.0063 0 -19.886
    endloop
  endfacet
  facet normal 0.442042 0 0.896995
    outer loop
      vertex 13.96 3.25 -20.9736
      vertex 14.224 0 -21.1037
      vertex 14.224 3.25 -21.1037
    endloop
  endfacet
  facet normal 0.442042 0 0.896995
    outer loop
      vertex 14.224 0 -21.1037
      vertex 13.96 3.25 -20.9736
      vertex 13.96 0 -20.9736
    endloop
  endfacet
  facet normal 0.195397 0 0.980724
    outer loop
      vertex 14.5027 3.25 -21.1983
      vertex 14.7913 0 -21.2558
      vertex 14.7913 3.25 -21.2558
    endloop
  endfacet
  facet normal 0.195397 0 0.980724
    outer loop
      vertex 14.7913 0 -21.2558
      vertex 14.5027 3.25 -21.1983
      vertex 14.5027 0 -21.1983
    endloop
  endfacet
  facet normal -0.442042 0 -0.896995
    outer loop
      vertex 15.946 0 -16.9463
      vertex 16.21 3.25 -17.0764
      vertex 16.21 0 -17.0764
    endloop
  endfacet
  facet normal -0.442042 0 -0.896995
    outer loop
      vertex 16.21 3.25 -17.0764
      vertex 15.946 0 -16.9463
      vertex 15.946 3.25 -16.9463
    endloop
  endfacet
  facet normal -0.946936 0 -0.321421
    outer loop
      vertex 17.2583 0 -18.4427
      vertex 17.1637 3.25 -18.164
      vertex 17.2583 3.25 -18.4427
    endloop
  endfacet
  facet normal -0.946936 -0 -0.321421
    outer loop
      vertex 17.1637 3.25 -18.164
      vertex 17.2583 0 -18.4427
      vertex 17.1637 0 -18.164
    endloop
  endfacet
  facet normal 0.321421 0 -0.946936
    outer loop
      vertex 14.224 0 -16.9463
      vertex 14.5027 3.25 -16.8517
      vertex 14.5027 0 -16.8517
    endloop
  endfacet
  facet normal 0.321421 0 -0.946936
    outer loop
      vertex 14.5027 3.25 -16.8517
      vertex 14.224 0 -16.9463
      vertex 14.224 3.25 -16.9463
    endloop
  endfacet
  facet normal 0.896995 0 -0.442042
    outer loop
      vertex 13.1364 0 -17.9
      vertex 13.0063 3.25 -18.164
      vertex 13.1364 3.25 -17.9
    endloop
  endfacet
  facet normal 0.896995 0 -0.442042
    outer loop
      vertex 13.0063 3.25 -18.164
      vertex 13.1364 0 -17.9
      vertex 13.0063 0 -18.164
    endloop
  endfacet
  facet normal -0.946936 0 0.321421
    outer loop
      vertex 17.1637 0 -19.886
      vertex 17.2583 3.25 -19.6073
      vertex 17.1637 3.25 -19.886
    endloop
  endfacet
  facet normal -0.946936 0 0.321421
    outer loop
      vertex 17.2583 3.25 -19.6073
      vertex 17.1637 0 -19.886
      vertex 17.2583 0 -19.6073
    endloop
  endfacet
  facet normal -0.980724 0 0.195397
    outer loop
      vertex 17.2583 0 -19.6073
      vertex 17.3158 3.25 -19.3187
      vertex 17.2583 3.25 -19.6073
    endloop
  endfacet
  facet normal -0.980724 0 0.195397
    outer loop
      vertex 17.3158 3.25 -19.3187
      vertex 17.2583 0 -19.6073
      vertex 17.3158 0 -19.3187
    endloop
  endfacet
  facet normal -0.195397 0 0.980724
    outer loop
      vertex 15.3787 3.25 -21.2558
      vertex 15.6673 0 -21.1983
      vertex 15.6673 3.25 -21.1983
    endloop
  endfacet
  facet normal -0.195397 0 0.980724
    outer loop
      vertex 15.6673 0 -21.1983
      vertex 15.3787 3.25 -21.2558
      vertex 15.3787 0 -21.2558
    endloop
  endfacet
  facet normal -0.659202 0 0.751966
    outer loop
      vertex 16.4547 3.25 -20.81
      vertex 16.676 0 -20.616
      vertex 16.676 3.25 -20.616
    endloop
  endfacet
  facet normal -0.659202 0 0.751966
    outer loop
      vertex 16.676 0 -20.616
      vertex 16.4547 3.25 -20.81
      vertex 16.4547 0 -20.81
    endloop
  endfacet
  facet normal 0.831318 -0 0.555797
    outer loop
      vertex 13.1364 0 -20.15
      vertex 13.3 3.25 -20.3947
      vertex 13.1364 3.25 -20.15
    endloop
  endfacet
  facet normal 0.831318 0 0.555797
    outer loop
      vertex 13.3 3.25 -20.3947
      vertex 13.1364 0 -20.15
      vertex 13.3 0 -20.3947
    endloop
  endfacet
  facet normal 0.751966 -0 0.659202
    outer loop
      vertex 13.3 0 -20.3947
      vertex 13.494 3.25 -20.616
      vertex 13.3 3.25 -20.3947
    endloop
  endfacet
  facet normal 0.751966 0 0.659202
    outer loop
      vertex 13.494 3.25 -20.616
      vertex 13.3 0 -20.3947
      vertex 13.494 0 -20.616
    endloop
  endfacet
  facet normal 0.980724 -0 0.195397
    outer loop
      vertex 12.8542 0 -19.3187
      vertex 12.9117 3.25 -19.6073
      vertex 12.8542 3.25 -19.3187
    endloop
  endfacet
  facet normal 0.980724 0 0.195397
    outer loop
      vertex 12.9117 3.25 -19.6073
      vertex 12.8542 0 -19.3187
      vertex 12.9117 0 -19.6073
    endloop
  endfacet
  facet normal 0.555797 0 0.831318
    outer loop
      vertex 13.7153 3.25 -20.81
      vertex 13.96 0 -20.9736
      vertex 13.96 3.25 -20.9736
    endloop
  endfacet
  facet normal 0.555797 0 0.831318
    outer loop
      vertex 13.96 0 -20.9736
      vertex 13.7153 3.25 -20.81
      vertex 13.7153 0 -20.81
    endloop
  endfacet
  facet normal 0.0652336 0 0.99787
    outer loop
      vertex 14.7913 3.25 -21.2558
      vertex 15.085 0 -21.275
      vertex 15.085 3.25 -21.275
    endloop
  endfacet
  facet normal 0.0652336 0 0.99787
    outer loop
      vertex 15.085 0 -21.275
      vertex 14.7913 3.25 -21.2558
      vertex 14.7913 0 -21.2558
    endloop
  endfacet
  facet normal -0.0655719 0 -0.997848
    outer loop
      vertex 15.085 0 -16.775
      vertex 15.3787 3.25 -16.7943
      vertex 15.3787 0 -16.7943
    endloop
  endfacet
  facet normal -0.0655719 0 -0.997848
    outer loop
      vertex 15.3787 3.25 -16.7943
      vertex 15.085 0 -16.775
      vertex 15.085 3.25 -16.775
    endloop
  endfacet
  facet normal -0.321421 0 -0.946936
    outer loop
      vertex 15.6673 0 -16.8517
      vertex 15.946 3.25 -16.9463
      vertex 15.946 0 -16.9463
    endloop
  endfacet
  facet normal -0.321421 0 -0.946936
    outer loop
      vertex 15.946 3.25 -16.9463
      vertex 15.6673 0 -16.8517
      vertex 15.6673 3.25 -16.8517
    endloop
  endfacet
  facet normal -0.555797 0 -0.831318
    outer loop
      vertex 16.21 0 -17.0764
      vertex 16.4547 3.25 -17.24
      vertex 16.4547 0 -17.24
    endloop
  endfacet
  facet normal -0.555797 0 -0.831318
    outer loop
      vertex 16.4547 3.25 -17.24
      vertex 16.21 0 -17.0764
      vertex 16.21 3.25 -17.0764
    endloop
  endfacet
  facet normal -0.751966 0 -0.659202
    outer loop
      vertex 16.87 0 -17.6553
      vertex 16.676 3.25 -17.434
      vertex 16.87 3.25 -17.6553
    endloop
  endfacet
  facet normal -0.751966 -0 -0.659202
    outer loop
      vertex 16.676 3.25 -17.434
      vertex 16.87 0 -17.6553
      vertex 16.676 0 -17.434
    endloop
  endfacet
  facet normal -0.896995 0 -0.442042
    outer loop
      vertex 17.1637 0 -18.164
      vertex 17.0336 3.25 -17.9
      vertex 17.1637 3.25 -18.164
    endloop
  endfacet
  facet normal -0.896995 -0 -0.442042
    outer loop
      vertex 17.0336 3.25 -17.9
      vertex 17.1637 0 -18.164
      vertex 17.0336 0 -17.9
    endloop
  endfacet
  facet normal 0.659202 0 -0.751966
    outer loop
      vertex 13.494 0 -17.434
      vertex 13.7153 3.25 -17.24
      vertex 13.7153 0 -17.24
    endloop
  endfacet
  facet normal 0.659202 0 -0.751966
    outer loop
      vertex 13.7153 3.25 -17.24
      vertex 13.494 0 -17.434
      vertex 13.494 3.25 -17.434
    endloop
  endfacet
  facet normal 0.442042 0 -0.896995
    outer loop
      vertex 13.96 0 -17.0764
      vertex 14.224 3.25 -16.9463
      vertex 14.224 0 -16.9463
    endloop
  endfacet
  facet normal 0.442042 0 -0.896995
    outer loop
      vertex 14.224 3.25 -16.9463
      vertex 13.96 0 -17.0764
      vertex 13.96 3.25 -17.0764
    endloop
  endfacet
  facet normal 0.19507 0 -0.980789
    outer loop
      vertex 14.5027 0 -16.8517
      vertex 14.7913 3.25 -16.7943
      vertex 14.7913 0 -16.7943
    endloop
  endfacet
  facet normal 0.19507 0 -0.980789
    outer loop
      vertex 14.7913 3.25 -16.7943
      vertex 14.5027 0 -16.8517
      vertex 14.5027 3.25 -16.8517
    endloop
  endfacet
  facet normal 0.831318 0 -0.555797
    outer loop
      vertex 13.3 0 -17.6553
      vertex 13.1364 3.25 -17.9
      vertex 13.3 3.25 -17.6553
    endloop
  endfacet
  facet normal 0.831318 0 -0.555797
    outer loop
      vertex 13.1364 3.25 -17.9
      vertex 13.3 0 -17.6553
      vertex 13.1364 0 -17.9
    endloop
  endfacet
  facet normal 0.946936 0 -0.321421
    outer loop
      vertex 13.0063 0 -18.164
      vertex 12.9117 3.25 -18.4427
      vertex 13.0063 3.25 -18.164
    endloop
  endfacet
  facet normal 0.946936 0 -0.321421
    outer loop
      vertex 12.9117 3.25 -18.4427
      vertex 13.0063 0 -18.164
      vertex 12.9117 0 -18.4427
    endloop
  endfacet
  facet normal 0.99787 0 -0.0652336
    outer loop
      vertex 12.8542 0 -18.7313
      vertex 12.835 3.25 -19.025
      vertex 12.8542 3.25 -18.7313
    endloop
  endfacet
  facet normal 0.99787 0 -0.0652336
    outer loop
      vertex 12.835 3.25 -19.025
      vertex 12.8542 0 -18.7313
      vertex 12.835 0 -19.025
    endloop
  endfacet
  facet normal -0.19507 0 -0.980789
    outer loop
      vertex 15.3787 0 -16.7943
      vertex 15.6673 3.25 -16.8517
      vertex 15.6673 0 -16.8517
    endloop
  endfacet
  facet normal -0.19507 0 -0.980789
    outer loop
      vertex 15.6673 3.25 -16.8517
      vertex 15.3787 0 -16.7943
      vertex 15.3787 3.25 -16.7943
    endloop
  endfacet
  facet normal -0.659202 0 -0.751966
    outer loop
      vertex 16.4547 0 -17.24
      vertex 16.676 3.25 -17.434
      vertex 16.676 0 -17.434
    endloop
  endfacet
  facet normal -0.659202 0 -0.751966
    outer loop
      vertex 16.676 3.25 -17.434
      vertex 16.4547 0 -17.24
      vertex 16.4547 3.25 -17.24
    endloop
  endfacet
  facet normal -0.831318 0 -0.555797
    outer loop
      vertex 17.0336 0 -17.9
      vertex 16.87 3.25 -17.6553
      vertex 17.0336 3.25 -17.9
    endloop
  endfacet
  facet normal -0.831318 -0 -0.555797
    outer loop
      vertex 16.87 3.25 -17.6553
      vertex 17.0336 0 -17.9
      vertex 16.87 0 -17.6553
    endloop
  endfacet
  facet normal -0.980724 0 -0.195397
    outer loop
      vertex 17.3158 0 -18.7313
      vertex 17.2583 3.25 -18.4427
      vertex 17.3158 3.25 -18.7313
    endloop
  endfacet
  facet normal -0.980724 -0 -0.195397
    outer loop
      vertex 17.2583 3.25 -18.4427
      vertex 17.3158 0 -18.7313
      vertex 17.2583 0 -18.4427
    endloop
  endfacet
  facet normal -0.99787 0 -0.0652336
    outer loop
      vertex 17.335 0 -19.025
      vertex 17.3158 3.25 -18.7313
      vertex 17.335 3.25 -19.025
    endloop
  endfacet
  facet normal -0.99787 -0 -0.0652336
    outer loop
      vertex 17.3158 3.25 -18.7313
      vertex 17.335 0 -19.025
      vertex 17.3158 0 -18.7313
    endloop
  endfacet
  facet normal 0.555797 0 -0.831318
    outer loop
      vertex 13.7153 0 -17.24
      vertex 13.96 3.25 -17.0764
      vertex 13.96 0 -17.0764
    endloop
  endfacet
  facet normal 0.555797 0 -0.831318
    outer loop
      vertex 13.96 3.25 -17.0764
      vertex 13.7153 0 -17.24
      vertex 13.7153 3.25 -17.24
    endloop
  endfacet
  facet normal 0.0655719 0 -0.997848
    outer loop
      vertex 14.7913 0 -16.7943
      vertex 15.085 3.25 -16.775
      vertex 15.085 0 -16.775
    endloop
  endfacet
  facet normal 0.0655719 0 -0.997848
    outer loop
      vertex 15.085 3.25 -16.775
      vertex 14.7913 0 -16.7943
      vertex 14.7913 3.25 -16.7943
    endloop
  endfacet
  facet normal 0.751966 0 -0.659202
    outer loop
      vertex 13.494 0 -17.434
      vertex 13.3 3.25 -17.6553
      vertex 13.494 3.25 -17.434
    endloop
  endfacet
  facet normal 0.751966 0 -0.659202
    outer loop
      vertex 13.3 3.25 -17.6553
      vertex 13.494 0 -17.434
      vertex 13.3 0 -17.6553
    endloop
  endfacet
  facet normal 0.980724 0 -0.195397
    outer loop
      vertex 12.9117 0 -18.4427
      vertex 12.8542 3.25 -18.7313
      vertex 12.9117 3.25 -18.4427
    endloop
  endfacet
  facet normal 0.980724 0 -0.195397
    outer loop
      vertex 12.8542 3.25 -18.7313
      vertex 12.9117 0 -18.4427
      vertex 12.8542 0 -18.7313
    endloop
  endfacet
  facet normal -0.533746 0.704334 -0.468005
    outer loop
      vertex 17.8994 4.99 -16.2106
      vertex 18.2404 4.99 -16.5995
      vertex 16.676 3.25 -17.434
    endloop
  endfacet
  facet normal -0.708358 0.704328 0.0463822
    outer loop
      vertex 19.0651 4.99 -19.025
      vertex 19.0313 4.99 -19.5412
      vertex 17.335 3.25 -19.025
    endloop
  endfacet
  facet normal -0.708694 0.704207 0.0429511
    outer loop
      vertex 17.3158 3.25 -19.3187
      vertex 19.0313 4.99 -19.5412
      vertex 19.0311 4.99 -19.5445
    endloop
  endfacet
  facet normal -0.708372 0.704319 0.0463083
    outer loop
      vertex 19.0313 4.99 -19.5412
      vertex 17.3158 3.25 -19.3187
      vertex 17.335 3.25 -19.025
    endloop
  endfacet
  facet normal -0.708372 0.704319 -0.0463083
    outer loop
      vertex 17.3158 3.25 -18.7313
      vertex 19.0313 4.99 -18.5088
      vertex 17.335 3.25 -19.025
    endloop
  endfacet
  facet normal -0.708694 0.704207 -0.0429511
    outer loop
      vertex 19.0313 4.99 -18.5088
      vertex 17.3158 3.25 -18.7313
      vertex 19.0311 4.99 -18.5055
    endloop
  endfacet
  facet normal 0.696209 0.70431 -0.138711
    outer loop
      vertex 12.8542 3.25 -18.7313
      vertex 11.1396 4.99 -18.5022
      vertex 12.9117 3.25 -18.4427
    endloop
  endfacet
  facet normal 0.69474 0.704002 -0.147369
    outer loop
      vertex 11.1396 4.99 -18.5022
      vertex 12.8542 3.25 -18.7313
      vertex 11.1389 4.99 -18.5055
    endloop
  endfacet
  facet normal 0.138711 0.70431 0.696209
    outer loop
      vertex 14.7913 3.25 -21.2558
      vertex 14.5622 4.99 -22.9704
      vertex 14.5027 3.25 -21.1983
    endloop
  endfacet
  facet normal 0.147369 0.704002 0.69474
    outer loop
      vertex 14.5622 4.99 -22.9704
      vertex 14.7913 3.25 -21.2558
      vertex 14.5655 4.99 -22.9711
    endloop
  endfacet
  facet normal -0.0463822 0.704328 -0.708358
    outer loop
      vertex 15.085 4.99 -15.0449
      vertex 15.6012 4.99 -15.0787
      vertex 15.085 3.25 -16.775
    endloop
  endfacet
  facet normal -0.672187 0.704328 -0.228225
    outer loop
      vertex 18.7621 4.99 -17.5019
      vertex 18.9284 4.99 -17.9917
      vertex 17.1637 3.25 -18.164
    endloop
  endfacet
  facet normal -0.708358 0.704328 -0.0463822
    outer loop
      vertex 19.0313 4.99 -18.5088
      vertex 19.0651 4.99 -19.025
      vertex 17.335 3.25 -19.025
    endloop
  endfacet
  facet normal 0.458311 0.704683 -0.54164
    outer loop
      vertex 13.7153 3.25 -17.24
      vertex 12.6595 4.99 -15.8696
      vertex 12.6621 4.99 -15.8674
    endloop
  endfacet
  facet normal 0.467941 0.704343 -0.53379
    outer loop
      vertex 12.6595 4.99 -15.8696
      vertex 13.7153 3.25 -17.24
      vertex 13.494 3.25 -17.434
    endloop
  endfacet
  facet normal 0.3944 0.70433 -0.590228
    outer loop
      vertex 13.0949 4.99 -15.5781
      vertex 13.96 3.25 -17.0764
      vertex 12.6648 4.99 -15.8655
    endloop
  endfacet
  facet normal 0.53379 0.704343 0.467941
    outer loop
      vertex 11.9296 4.99 -21.4505
      vertex 13.3 3.25 -20.3947
      vertex 13.494 3.25 -20.616
    endloop
  endfacet
  facet normal 0.54164 0.704683 0.458311
    outer loop
      vertex 13.3 3.25 -20.3947
      vertex 11.9296 4.99 -21.4505
      vertex 11.9274 4.99 -21.4479
    endloop
  endfacet
  facet normal -0.671397 0.704245 -0.230793
    outer loop
      vertex 17.2583 3.25 -18.4427
      vertex 18.9284 4.99 -17.9917
      vertex 18.9295 4.99 -17.9949
    endloop
  endfacet
  facet normal -0.672199 0.704335 -0.228167
    outer loop
      vertex 18.9284 4.99 -17.9917
      vertex 17.2583 3.25 -18.4427
      vertex 17.1637 3.25 -18.164
    endloop
  endfacet
  facet normal -0.642901 0.704745 -0.300021
    outer loop
      vertex 17.1637 3.25 -18.164
      vertex 18.7607 4.99 -17.4989
      vertex 18.7621 4.99 -17.5019
    endloop
  endfacet
  facet normal -0.636736 0.704348 -0.313785
    outer loop
      vertex 18.7607 4.99 -17.4989
      vertex 17.1637 3.25 -18.164
      vertex 17.0336 3.25 -17.9
    endloop
  endfacet
  facet normal -0.313948 0.704328 -0.636678
    outer loop
      vertex 16.6111 4.99 -15.3493
      vertex 17.0751 4.99 -15.5781
      vertex 16.21 3.25 -17.0764
    endloop
  endfacet
  facet normal 0.580169 0.704785 -0.408267
    outer loop
      vertex 13.3 3.25 -17.6553
      vertex 11.9255 4.99 -16.6048
      vertex 11.9274 4.99 -16.6021
    endloop
  endfacet
  facet normal 0.590113 0.70435 -0.394534
    outer loop
      vertex 11.9255 4.99 -16.6048
      vertex 13.3 3.25 -17.6553
      vertex 13.1364 3.25 -17.9
    endloop
  endfacet
  facet normal -0.590228 0.70433 0.3944
    outer loop
      vertex 18.5319 4.99 -21.0151
      vertex 18.2445 4.99 -21.4452
      vertex 17.0336 3.25 -20.15
    endloop
  endfacet
  facet normal 0.636736 0.704348 0.313785
    outer loop
      vertex 11.4093 4.99 -20.5511
      vertex 13.0063 3.25 -19.886
      vertex 13.1364 3.25 -20.15
    endloop
  endfacet
  facet normal 0.642901 0.704745 0.300021
    outer loop
      vertex 13.0063 3.25 -19.886
      vertex 11.4093 4.99 -20.5511
      vertex 11.4079 4.99 -20.5481
    endloop
  endfacet
  facet normal 0.394534 0.70435 0.590113
    outer loop
      vertex 12.6648 4.99 -22.1845
      vertex 13.7153 3.25 -20.81
      vertex 13.96 3.25 -20.9736
    endloop
  endfacet
  facet normal 0.408267 0.704785 0.580169
    outer loop
      vertex 13.7153 3.25 -20.81
      vertex 12.6648 4.99 -22.1845
      vertex 12.6621 4.99 -22.1826
    endloop
  endfacet
  facet normal -0.69474 0.704002 -0.147369
    outer loop
      vertex 17.3158 3.25 -18.7313
      vertex 19.0304 4.99 -18.5022
      vertex 19.0311 4.99 -18.5055
    endloop
  endfacet
  facet normal -0.696209 0.70431 -0.138711
    outer loop
      vertex 19.0304 4.99 -18.5022
      vertex 17.3158 3.25 -18.7313
      vertex 17.2583 3.25 -18.4427
    endloop
  endfacet
  facet normal -0.696228 0.704337 -0.138477
    outer loop
      vertex 18.9295 4.99 -17.9949
      vertex 19.0304 4.99 -18.5022
      vertex 17.2583 3.25 -18.4427
    endloop
  endfacet
  facet normal -0.590228 0.70433 -0.3944
    outer loop
      vertex 18.2445 4.99 -16.6048
      vertex 18.5319 4.99 -17.0349
      vertex 17.0336 3.25 -17.9
    endloop
  endfacet
  facet normal -0.636678 0.704328 -0.313948
    outer loop
      vertex 18.5319 4.99 -17.0349
      vertex 18.7607 4.99 -17.4989
      vertex 17.0336 3.25 -17.9
    endloop
  endfacet
  facet normal -0.580169 0.704785 -0.408267
    outer loop
      vertex 18.2445 4.99 -16.6048
      vertex 16.87 3.25 -17.6553
      vertex 18.2426 4.99 -16.6021
    endloop
  endfacet
  facet normal -0.590113 0.70435 -0.394534
    outer loop
      vertex 16.87 3.25 -17.6553
      vertex 18.2445 4.99 -16.6048
      vertex 17.0336 3.25 -17.9
    endloop
  endfacet
  facet normal -0.54164 0.704683 -0.458311
    outer loop
      vertex 16.87 3.25 -17.6553
      vertex 18.2404 4.99 -16.5995
      vertex 18.2426 4.99 -16.6021
    endloop
  endfacet
  facet normal -0.53379 0.704343 -0.467941
    outer loop
      vertex 18.2404 4.99 -16.5995
      vertex 16.87 3.25 -17.6553
      vertex 16.676 3.25 -17.434
    endloop
  endfacet
  facet normal -0.458311 0.704683 -0.54164
    outer loop
      vertex 17.5105 4.99 -15.8696
      vertex 16.4547 3.25 -17.24
      vertex 17.5079 4.99 -15.8674
    endloop
  endfacet
  facet normal -0.467941 0.704343 -0.53379
    outer loop
      vertex 16.4547 3.25 -17.24
      vertex 17.5105 4.99 -15.8696
      vertex 16.676 3.25 -17.434
    endloop
  endfacet
  facet normal -0.468005 0.704334 -0.533746
    outer loop
      vertex 17.5105 4.99 -15.8696
      vertex 17.8994 4.99 -16.2106
      vertex 16.676 3.25 -17.434
    endloop
  endfacet
  facet normal -0.228225 0.704328 -0.672187
    outer loop
      vertex 16.1183 4.99 -15.1816
      vertex 16.6081 4.99 -15.3479
      vertex 15.946 3.25 -16.9463
    endloop
  endfacet
  facet normal 0.636678 0.704328 -0.313948
    outer loop
      vertex 11.6381 4.99 -17.0349
      vertex 13.1364 3.25 -17.9
      vertex 11.4093 4.99 -17.4989
    endloop
  endfacet
  facet normal 0.313948 0.704328 -0.636678
    outer loop
      vertex 13.5589 4.99 -15.3493
      vertex 13.96 3.25 -17.0764
      vertex 13.0949 4.99 -15.5781
    endloop
  endfacet
  facet normal 0.394534 0.70435 -0.590113
    outer loop
      vertex 13.7153 3.25 -17.24
      vertex 12.6648 4.99 -15.8655
      vertex 13.96 3.25 -17.0764
    endloop
  endfacet
  facet normal 0.408267 0.704785 -0.580169
    outer loop
      vertex 12.6648 4.99 -15.8655
      vertex 13.7153 3.25 -17.24
      vertex 12.6621 4.99 -15.8674
    endloop
  endfacet
  facet normal 0.590228 0.70433 -0.3944
    outer loop
      vertex 11.9255 4.99 -16.6048
      vertex 13.1364 3.25 -17.9
      vertex 11.6381 4.99 -17.0349
    endloop
  endfacet
  facet normal 0.636736 0.704348 -0.313785
    outer loop
      vertex 13.0063 3.25 -18.164
      vertex 11.4093 4.99 -17.4989
      vertex 13.1364 3.25 -17.9
    endloop
  endfacet
  facet normal 0.642901 0.704745 -0.300021
    outer loop
      vertex 11.4093 4.99 -17.4989
      vertex 13.0063 3.25 -18.164
      vertex 11.4079 4.99 -17.5019
    endloop
  endfacet
  facet normal -0.313785 0.704348 0.636736
    outer loop
      vertex 16.6111 4.99 -22.7007
      vertex 15.946 3.25 -21.1037
      vertex 16.21 3.25 -20.9736
    endloop
  endfacet
  facet normal -0.300021 0.704745 0.642901
    outer loop
      vertex 15.946 3.25 -21.1037
      vertex 16.6111 4.99 -22.7007
      vertex 16.6081 4.99 -22.7021
    endloop
  endfacet
  facet normal 0.313948 0.704328 0.636678
    outer loop
      vertex 13.96 3.25 -20.9736
      vertex 13.5589 4.99 -22.7007
      vertex 13.0949 4.99 -22.4719
    endloop
  endfacet
  facet normal 0.708372 0.704319 0.0463083
    outer loop
      vertex 12.8542 3.25 -19.3187
      vertex 11.1387 4.99 -19.5412
      vertex 12.835 3.25 -19.025
    endloop
  endfacet
  facet normal 0.708694 0.704207 0.0429511
    outer loop
      vertex 11.1387 4.99 -19.5412
      vertex 12.8542 3.25 -19.3187
      vertex 11.1389 4.99 -19.5445
    endloop
  endfacet
  facet normal 0.590113 0.70435 0.394534
    outer loop
      vertex 13.3 3.25 -20.3947
      vertex 11.9255 4.99 -21.4452
      vertex 13.1364 3.25 -20.15
    endloop
  endfacet
  facet normal 0.580169 0.704785 0.408267
    outer loop
      vertex 11.9255 4.99 -21.4452
      vertex 13.3 3.25 -20.3947
      vertex 11.9274 4.99 -21.4479
    endloop
  endfacet
  facet normal 0.3944 0.70433 0.590228
    outer loop
      vertex 13.96 3.25 -20.9736
      vertex 13.0949 4.99 -22.4719
      vertex 12.6648 4.99 -22.1845
    endloop
  endfacet
  facet normal 0.468005 0.704334 0.533746
    outer loop
      vertex 13.494 3.25 -20.616
      vertex 12.6595 4.99 -22.1804
      vertex 12.2706 4.99 -21.8394
    endloop
  endfacet
  facet normal 0.228167 0.704335 0.672199
    outer loop
      vertex 14.5027 3.25 -21.1983
      vertex 14.0517 4.99 -22.8684
      vertex 14.224 3.25 -21.1037
    endloop
  endfacet
  facet normal 0.230793 0.704245 0.671397
    outer loop
      vertex 14.0517 4.99 -22.8684
      vertex 14.5027 3.25 -21.1983
      vertex 14.0549 4.99 -22.8695
    endloop
  endfacet
  facet normal -0.3944 0.70433 -0.590228
    outer loop
      vertex 17.0751 4.99 -15.5781
      vertex 17.5052 4.99 -15.8655
      vertex 16.21 3.25 -17.0764
    endloop
  endfacet
  facet normal -0.408267 0.704785 -0.580169
    outer loop
      vertex 16.4547 3.25 -17.24
      vertex 17.5052 4.99 -15.8655
      vertex 17.5079 4.99 -15.8674
    endloop
  endfacet
  facet normal -0.394534 0.70435 -0.590113
    outer loop
      vertex 17.5052 4.99 -15.8655
      vertex 16.4547 3.25 -17.24
      vertex 16.21 3.25 -17.0764
    endloop
  endfacet
  facet normal -0.300021 0.704745 -0.642901
    outer loop
      vertex 16.6111 4.99 -15.3493
      vertex 15.946 3.25 -16.9463
      vertex 16.6081 4.99 -15.3479
    endloop
  endfacet
  facet normal -0.313785 0.704348 -0.636736
    outer loop
      vertex 15.946 3.25 -16.9463
      vertex 16.6111 4.99 -15.3493
      vertex 16.21 3.25 -17.0764
    endloop
  endfacet
  facet normal -0.138477 0.704337 -0.696228
    outer loop
      vertex 16.1151 4.99 -15.1805
      vertex 15.6673 3.25 -16.8517
      vertex 15.6078 4.99 -15.0796
    endloop
  endfacet
  facet normal -0.230793 0.704245 -0.671397
    outer loop
      vertex 16.1183 4.99 -15.1816
      vertex 15.6673 3.25 -16.8517
      vertex 16.1151 4.99 -15.1805
    endloop
  endfacet
  facet normal -0.228167 0.704335 -0.672199
    outer loop
      vertex 15.6673 3.25 -16.8517
      vertex 16.1183 4.99 -15.1816
      vertex 15.946 3.25 -16.9463
    endloop
  endfacet
  facet normal -0.147365 0.704022 -0.69472
    outer loop
      vertex 15.6078 4.99 -15.0796
      vertex 15.3787 3.25 -16.7943
      vertex 15.6045 4.99 -15.0789
    endloop
  endfacet
  facet normal -0.138474 0.704337 -0.696228
    outer loop
      vertex 15.3787 3.25 -16.7943
      vertex 15.6078 4.99 -15.0796
      vertex 15.6673 3.25 -16.8517
    endloop
  endfacet
  facet normal -0.0429499 0.704228 -0.708674
    outer loop
      vertex 15.3787 3.25 -16.7943
      vertex 15.6012 4.99 -15.0787
      vertex 15.6045 4.99 -15.0789
    endloop
  endfacet
  facet normal -0.0465466 0.704347 -0.708328
    outer loop
      vertex 15.6012 4.99 -15.0787
      vertex 15.3787 3.25 -16.7943
      vertex 15.085 3.25 -16.775
    endloop
  endfacet
  facet normal 0.672187 0.704328 -0.228225
    outer loop
      vertex 11.4079 4.99 -17.5019
      vertex 13.0063 3.25 -18.164
      vertex 11.2416 4.99 -17.9917
    endloop
  endfacet
  facet normal 0.696228 0.704337 -0.138477
    outer loop
      vertex 11.2405 4.99 -17.9949
      vertex 12.9117 3.25 -18.4427
      vertex 11.1396 4.99 -18.5022
    endloop
  endfacet
  facet normal 0.0465466 0.704347 -0.708328
    outer loop
      vertex 14.7913 3.25 -16.7943
      vertex 14.5688 4.99 -15.0787
      vertex 15.085 3.25 -16.775
    endloop
  endfacet
  facet normal 0.0429499 0.704228 -0.708674
    outer loop
      vertex 14.5688 4.99 -15.0787
      vertex 14.7913 3.25 -16.7943
      vertex 14.5655 4.99 -15.0789
    endloop
  endfacet
  facet normal 0.0463822 0.704328 -0.708358
    outer loop
      vertex 15.085 4.99 -15.0449
      vertex 15.085 3.25 -16.775
      vertex 14.5688 4.99 -15.0787
    endloop
  endfacet
  facet normal 0.228225 0.704328 -0.672187
    outer loop
      vertex 14.0517 4.99 -15.1816
      vertex 14.224 3.25 -16.9463
      vertex 13.5619 4.99 -15.3479
    endloop
  endfacet
  facet normal 0.300021 0.704745 -0.642901
    outer loop
      vertex 14.224 3.25 -16.9463
      vertex 13.5589 4.99 -15.3493
      vertex 13.5619 4.99 -15.3479
    endloop
  endfacet
  facet normal 0.313785 0.704348 -0.636736
    outer loop
      vertex 13.5589 4.99 -15.3493
      vertex 14.224 3.25 -16.9463
      vertex 13.96 3.25 -17.0764
    endloop
  endfacet
  facet normal 0.533746 0.704334 -0.468005
    outer loop
      vertex 12.2706 4.99 -16.2106
      vertex 13.494 3.25 -17.434
      vertex 11.9296 4.99 -16.5995
    endloop
  endfacet
  facet normal 0.468005 0.704334 -0.533746
    outer loop
      vertex 12.6595 4.99 -15.8696
      vertex 13.494 3.25 -17.434
      vertex 12.2706 4.99 -16.2106
    endloop
  endfacet
  facet normal 0.53379 0.704343 -0.467941
    outer loop
      vertex 13.3 3.25 -17.6553
      vertex 11.9296 4.99 -16.5995
      vertex 13.494 3.25 -17.434
    endloop
  endfacet
  facet normal 0.54164 0.704683 -0.458311
    outer loop
      vertex 11.9296 4.99 -16.5995
      vertex 13.3 3.25 -17.6553
      vertex 11.9274 4.99 -16.6021
    endloop
  endfacet
  facet normal -0.408267 0.704785 0.580169
    outer loop
      vertex 17.5052 4.99 -22.1845
      vertex 16.4547 3.25 -20.81
      vertex 17.5079 4.99 -22.1826
    endloop
  endfacet
  facet normal -0.394534 0.70435 0.590113
    outer loop
      vertex 16.4547 3.25 -20.81
      vertex 17.5052 4.99 -22.1845
      vertex 16.21 3.25 -20.9736
    endloop
  endfacet
  facet normal -0.138477 0.704337 0.696228
    outer loop
      vertex 15.6673 3.25 -21.1983
      vertex 16.1151 4.99 -22.8695
      vertex 15.6078 4.99 -22.9704
    endloop
  endfacet
  facet normal -0.636678 0.704328 0.313948
    outer loop
      vertex 18.7607 4.99 -20.5511
      vertex 18.5319 4.99 -21.0151
      vertex 17.0336 3.25 -20.15
    endloop
  endfacet
  facet normal 0.138477 0.704337 0.696228
    outer loop
      vertex 14.5027 3.25 -21.1983
      vertex 14.5622 4.99 -22.9704
      vertex 14.0549 4.99 -22.8695
    endloop
  endfacet
  facet normal 0.590228 0.70433 0.3944
    outer loop
      vertex 13.1364 3.25 -20.15
      vertex 11.9255 4.99 -21.4452
      vertex 11.6381 4.99 -21.0151
    endloop
  endfacet
  facet normal 0.636678 0.704328 0.313948
    outer loop
      vertex 13.1364 3.25 -20.15
      vertex 11.6381 4.99 -21.0151
      vertex 11.4093 4.99 -20.5511
    endloop
  endfacet
  facet normal 0.708358 0.704328 -0.0463822
    outer loop
      vertex 11.1387 4.99 -18.5088
      vertex 12.835 3.25 -19.025
      vertex 11.1049 4.99 -19.025
    endloop
  endfacet
  facet normal 0.708358 0.704328 0.0463822
    outer loop
      vertex 12.835 3.25 -19.025
      vertex 11.1387 4.99 -19.5412
      vertex 11.1049 4.99 -19.025
    endloop
  endfacet
  facet normal 0.69474 0.704002 0.147369
    outer loop
      vertex 12.8542 3.25 -19.3187
      vertex 11.1396 4.99 -19.5478
      vertex 11.1389 4.99 -19.5445
    endloop
  endfacet
  facet normal 0.696209 0.70431 0.138711
    outer loop
      vertex 11.1396 4.99 -19.5478
      vertex 12.8542 3.25 -19.3187
      vertex 12.9117 3.25 -19.6073
    endloop
  endfacet
  facet normal 0.672187 0.704328 0.228225
    outer loop
      vertex 13.0063 3.25 -19.886
      vertex 11.4079 4.99 -20.5481
      vertex 11.2416 4.99 -20.0583
    endloop
  endfacet
  facet normal 0.533746 0.704334 0.468005
    outer loop
      vertex 13.494 3.25 -20.616
      vertex 12.2706 4.99 -21.8394
      vertex 11.9296 4.99 -21.4505
    endloop
  endfacet
  facet normal 0.467941 0.704343 0.53379
    outer loop
      vertex 13.7153 3.25 -20.81
      vertex 12.6595 4.99 -22.1804
      vertex 13.494 3.25 -20.616
    endloop
  endfacet
  facet normal 0.458311 0.704683 0.54164
    outer loop
      vertex 12.6595 4.99 -22.1804
      vertex 13.7153 3.25 -20.81
      vertex 12.6621 4.99 -22.1826
    endloop
  endfacet
  facet normal 0.672199 0.704335 -0.228167
    outer loop
      vertex 12.9117 3.25 -18.4427
      vertex 11.2416 4.99 -17.9917
      vertex 13.0063 3.25 -18.164
    endloop
  endfacet
  facet normal 0.671397 0.704245 -0.230793
    outer loop
      vertex 11.2416 4.99 -17.9917
      vertex 12.9117 3.25 -18.4427
      vertex 11.2405 4.99 -17.9949
    endloop
  endfacet
  facet normal 0.230793 0.704245 -0.671397
    outer loop
      vertex 14.5027 3.25 -16.8517
      vertex 14.0517 4.99 -15.1816
      vertex 14.0549 4.99 -15.1805
    endloop
  endfacet
  facet normal 0.228167 0.704335 -0.672199
    outer loop
      vertex 14.0517 4.99 -15.1816
      vertex 14.5027 3.25 -16.8517
      vertex 14.224 3.25 -16.9463
    endloop
  endfacet
  facet normal 0.138477 0.704337 -0.696228
    outer loop
      vertex 14.5622 4.99 -15.0796
      vertex 14.5027 3.25 -16.8517
      vertex 14.0549 4.99 -15.1805
    endloop
  endfacet
  facet normal 0.147365 0.704022 -0.69472
    outer loop
      vertex 14.7913 3.25 -16.7943
      vertex 14.5622 4.99 -15.0796
      vertex 14.5655 4.99 -15.0789
    endloop
  endfacet
  facet normal 0.138474 0.704337 -0.696228
    outer loop
      vertex 14.5622 4.99 -15.0796
      vertex 14.7913 3.25 -16.7943
      vertex 14.5027 3.25 -16.8517
    endloop
  endfacet
  facet normal -0.313948 0.704328 0.636678
    outer loop
      vertex 17.0751 4.99 -22.4719
      vertex 16.6111 4.99 -22.7007
      vertex 16.21 3.25 -20.9736
    endloop
  endfacet
  facet normal -0.3944 0.70433 0.590228
    outer loop
      vertex 17.5052 4.99 -22.1845
      vertex 17.0751 4.99 -22.4719
      vertex 16.21 3.25 -20.9736
    endloop
  endfacet
  facet normal -0.0463822 0.704328 0.708358
    outer loop
      vertex 15.6012 4.99 -22.9713
      vertex 15.085 4.99 -23.0051
      vertex 15.085 3.25 -21.275
    endloop
  endfacet
  facet normal -0.0429511 0.704207 0.708694
    outer loop
      vertex 15.6012 4.99 -22.9713
      vertex 15.3787 3.25 -21.2558
      vertex 15.6045 4.99 -22.9711
    endloop
  endfacet
  facet normal -0.0463083 0.704319 0.708372
    outer loop
      vertex 15.3787 3.25 -21.2558
      vertex 15.6012 4.99 -22.9713
      vertex 15.085 3.25 -21.275
    endloop
  endfacet
  facet normal -0.467941 0.704343 0.53379
    outer loop
      vertex 17.5105 4.99 -22.1804
      vertex 16.4547 3.25 -20.81
      vertex 16.676 3.25 -20.616
    endloop
  endfacet
  facet normal -0.458311 0.704683 0.54164
    outer loop
      vertex 16.4547 3.25 -20.81
      vertex 17.5105 4.99 -22.1804
      vertex 17.5079 4.99 -22.1826
    endloop
  endfacet
  facet normal -0.642901 0.704745 0.300021
    outer loop
      vertex 18.7607 4.99 -20.5511
      vertex 17.1637 3.25 -19.886
      vertex 18.7621 4.99 -20.5481
    endloop
  endfacet
  facet normal -0.636736 0.704348 0.313785
    outer loop
      vertex 17.1637 3.25 -19.886
      vertex 18.7607 4.99 -20.5511
      vertex 17.0336 3.25 -20.15
    endloop
  endfacet
  facet normal 0.313785 0.704348 0.636736
    outer loop
      vertex 14.224 3.25 -21.1037
      vertex 13.5589 4.99 -22.7007
      vertex 13.96 3.25 -20.9736
    endloop
  endfacet
  facet normal 0.300021 0.704745 0.642901
    outer loop
      vertex 13.5589 4.99 -22.7007
      vertex 14.224 3.25 -21.1037
      vertex 13.5619 4.99 -22.7021
    endloop
  endfacet
  facet normal 0.228225 0.704328 0.672187
    outer loop
      vertex 14.224 3.25 -21.1037
      vertex 14.0517 4.99 -22.8684
      vertex 13.5619 4.99 -22.7021
    endloop
  endfacet
  facet normal 0.696228 0.704337 0.138477
    outer loop
      vertex 12.9117 3.25 -19.6073
      vertex 11.2405 4.99 -20.0551
      vertex 11.1396 4.99 -19.5478
    endloop
  endfacet
  facet normal 0.708694 0.704207 -0.0429511
    outer loop
      vertex 12.8542 3.25 -18.7313
      vertex 11.1387 4.99 -18.5088
      vertex 11.1389 4.99 -18.5055
    endloop
  endfacet
  facet normal 0.708372 0.704319 -0.0463083
    outer loop
      vertex 11.1387 4.99 -18.5088
      vertex 12.8542 3.25 -18.7313
      vertex 12.835 3.25 -19.025
    endloop
  endfacet
  facet normal 0.672199 0.704335 0.228167
    outer loop
      vertex 11.2416 4.99 -20.0583
      vertex 12.9117 3.25 -19.6073
      vertex 13.0063 3.25 -19.886
    endloop
  endfacet
  facet normal 0.671397 0.704245 0.230793
    outer loop
      vertex 12.9117 3.25 -19.6073
      vertex 11.2416 4.99 -20.0583
      vertex 11.2405 4.99 -20.0551
    endloop
  endfacet
  facet normal -0.228225 0.704328 0.672187
    outer loop
      vertex 16.6081 4.99 -22.7021
      vertex 16.1183 4.99 -22.8684
      vertex 15.946 3.25 -21.1037
    endloop
  endfacet
  facet normal 0.0463822 0.704328 0.708358
    outer loop
      vertex 15.085 3.25 -21.275
      vertex 15.085 4.99 -23.0051
      vertex 14.5688 4.99 -22.9713
    endloop
  endfacet
  facet normal -0.533746 0.704334 0.468005
    outer loop
      vertex 18.2404 4.99 -21.4505
      vertex 17.8994 4.99 -21.8394
      vertex 16.676 3.25 -20.616
    endloop
  endfacet
  facet normal -0.696228 0.704337 0.138477
    outer loop
      vertex 19.0304 4.99 -19.5478
      vertex 18.9295 4.99 -20.0551
      vertex 17.2583 3.25 -19.6073
    endloop
  endfacet
  facet normal -0.672187 0.704328 0.228225
    outer loop
      vertex 18.9284 4.99 -20.0583
      vertex 18.7621 4.99 -20.5481
      vertex 17.1637 3.25 -19.886
    endloop
  endfacet
  facet normal -0.228167 0.704335 0.672199
    outer loop
      vertex 16.1183 4.99 -22.8684
      vertex 15.6673 3.25 -21.1983
      vertex 15.946 3.25 -21.1037
    endloop
  endfacet
  facet normal -0.230793 0.704245 0.671397
    outer loop
      vertex 15.6673 3.25 -21.1983
      vertex 16.1183 4.99 -22.8684
      vertex 16.1151 4.99 -22.8695
    endloop
  endfacet
  facet normal 0.0463083 0.704319 0.708372
    outer loop
      vertex 14.5688 4.99 -22.9713
      vertex 14.7913 3.25 -21.2558
      vertex 15.085 3.25 -21.275
    endloop
  endfacet
  facet normal 0.0429511 0.704207 0.708694
    outer loop
      vertex 14.7913 3.25 -21.2558
      vertex 14.5688 4.99 -22.9713
      vertex 14.5655 4.99 -22.9711
    endloop
  endfacet
  facet normal -0.468005 0.704334 0.533746
    outer loop
      vertex 17.8994 4.99 -21.8394
      vertex 17.5105 4.99 -22.1804
      vertex 16.676 3.25 -20.616
    endloop
  endfacet
  facet normal -0.54164 0.704683 0.458311
    outer loop
      vertex 18.2404 4.99 -21.4505
      vertex 16.87 3.25 -20.3947
      vertex 18.2426 4.99 -21.4479
    endloop
  endfacet
  facet normal -0.53379 0.704343 0.467941
    outer loop
      vertex 16.87 3.25 -20.3947
      vertex 18.2404 4.99 -21.4505
      vertex 16.676 3.25 -20.616
    endloop
  endfacet
  facet normal -0.590113 0.70435 0.394534
    outer loop
      vertex 18.2445 4.99 -21.4452
      vertex 16.87 3.25 -20.3947
      vertex 17.0336 3.25 -20.15
    endloop
  endfacet
  facet normal -0.580169 0.704785 0.408267
    outer loop
      vertex 16.87 3.25 -20.3947
      vertex 18.2445 4.99 -21.4452
      vertex 18.2426 4.99 -21.4479
    endloop
  endfacet
  facet normal -0.69474 0.704002 0.147369
    outer loop
      vertex 19.0304 4.99 -19.5478
      vertex 17.3158 3.25 -19.3187
      vertex 19.0311 4.99 -19.5445
    endloop
  endfacet
  facet normal -0.696209 0.70431 0.138711
    outer loop
      vertex 17.3158 3.25 -19.3187
      vertex 19.0304 4.99 -19.5478
      vertex 17.2583 3.25 -19.6073
    endloop
  endfacet
  facet normal -0.138711 0.70431 0.696209
    outer loop
      vertex 15.6078 4.99 -22.9704
      vertex 15.3787 3.25 -21.2558
      vertex 15.6673 3.25 -21.1983
    endloop
  endfacet
  facet normal -0.147369 0.704002 0.69474
    outer loop
      vertex 15.3787 3.25 -21.2558
      vertex 15.6078 4.99 -22.9704
      vertex 15.6045 4.99 -22.9711
    endloop
  endfacet
  facet normal -0.671397 0.704245 0.230793
    outer loop
      vertex 18.9284 4.99 -20.0583
      vertex 17.2583 3.25 -19.6073
      vertex 18.9295 4.99 -20.0551
    endloop
  endfacet
  facet normal -0.672199 0.704335 0.228167
    outer loop
      vertex 17.2583 3.25 -19.6073
      vertex 18.9284 4.99 -20.0583
      vertex 17.1637 3.25 -19.886
    endloop
  endfacet
  facet normal -0.555626 0 0.831432
    outer loop
      vertex 17.085 5 -22.4891
      vertex 17.52 4.99 -22.1984
      vertex 17.52 5 -22.1984
    endloop
  endfacet
  facet normal -0.555626 0 0.831432
    outer loop
      vertex 17.52 4.99 -22.1984
      vertex 17.085 5 -22.4891
      vertex 17.085 4.99 -22.4891
    endloop
  endfacet
  facet normal 0.321498 0 0.94691
    outer loop
      vertex 13.5543 5 -22.7205
      vertex 14.0497 4.99 -22.8887
      vertex 14.0497 5 -22.8887
    endloop
  endfacet
  facet normal 0.321498 0 0.94691
    outer loop
      vertex 14.0497 4.99 -22.8887
      vertex 13.5543 5 -22.7205
      vertex 13.5543 4.99 -22.7205
    endloop
  endfacet
  facet normal 0.896898 -0 0.442238
    outer loop
      vertex 11.3895 4.99 -20.5557
      vertex 11.6209 5 -21.025
      vertex 11.3895 5 -20.5557
    endloop
  endfacet
  facet normal 0.896898 0 0.442238
    outer loop
      vertex 11.6209 5 -21.025
      vertex 11.3895 4.99 -20.5557
      vertex 11.6209 4.99 -21.025
    endloop
  endfacet
  facet normal -0.896898 0 0.442238
    outer loop
      vertex 18.5491 4.99 -21.025
      vertex 18.7805 5 -20.5557
      vertex 18.5491 5 -21.025
    endloop
  endfacet
  facet normal -0.896898 0 0.442238
    outer loop
      vertex 18.7805 5 -20.5557
      vertex 18.5491 4.99 -21.025
      vertex 18.7805 4.99 -20.5557
    endloop
  endfacet
  facet normal -0.831432 0 0.555626
    outer loop
      vertex 18.2584 4.99 -21.46
      vertex 18.5491 5 -21.025
      vertex 18.2584 5 -21.46
    endloop
  endfacet
  facet normal -0.831432 0 0.555626
    outer loop
      vertex 18.5491 5 -21.025
      vertex 18.2584 4.99 -21.46
      vertex 18.5491 4.99 -21.025
    endloop
  endfacet
  facet normal -0.442238 0 0.896898
    outer loop
      vertex 16.6157 5 -22.7205
      vertex 17.085 4.99 -22.4891
      vertex 17.085 5 -22.4891
    endloop
  endfacet
  facet normal -0.442238 0 0.896898
    outer loop
      vertex 17.085 4.99 -22.4891
      vertex 16.6157 5 -22.7205
      vertex 16.6157 4.99 -22.7205
    endloop
  endfacet
  facet normal -0.0653646 0 0.997861
    outer loop
      vertex 15.085 5 -23.025
      vertex 15.6071 4.99 -22.9908
      vertex 15.6071 5 -22.9908
    endloop
  endfacet
  facet normal -0.0653646 0 0.997861
    outer loop
      vertex 15.6071 4.99 -22.9908
      vertex 15.085 5 -23.025
      vertex 15.085 4.99 -23.025
    endloop
  endfacet
  facet normal 0.997861 -0 0.0653646
    outer loop
      vertex 11.085 4.99 -19.025
      vertex 11.1192 5 -19.5471
      vertex 11.085 5 -19.025
    endloop
  endfacet
  facet normal 0.997861 0 0.0653646
    outer loop
      vertex 11.1192 5 -19.5471
      vertex 11.085 4.99 -19.025
      vertex 11.1192 4.99 -19.5471
    endloop
  endfacet
  facet normal 0.751842 -0 0.659343
    outer loop
      vertex 11.9116 4.99 -21.46
      vertex 12.2566 5 -21.8534
      vertex 11.9116 5 -21.46
    endloop
  endfacet
  facet normal 0.751842 0 0.659343
    outer loop
      vertex 12.2566 5 -21.8534
      vertex 11.9116 4.99 -21.46
      vertex 12.2566 4.99 -21.8534
    endloop
  endfacet
  facet normal 0.0653646 0 0.997861
    outer loop
      vertex 14.5629 5 -22.9908
      vertex 15.085 4.99 -23.025
      vertex 15.085 5 -23.025
    endloop
  endfacet
  facet normal 0.0653646 0 0.997861
    outer loop
      vertex 15.085 4.99 -23.025
      vertex 14.5629 5 -22.9908
      vertex 14.5629 4.99 -22.9908
    endloop
  endfacet
  facet normal 0.659343 0 0.751842
    outer loop
      vertex 12.2566 5 -21.8534
      vertex 12.65 4.99 -22.1984
      vertex 12.65 5 -22.1984
    endloop
  endfacet
  facet normal 0.659343 0 0.751842
    outer loop
      vertex 12.65 4.99 -22.1984
      vertex 12.2566 5 -21.8534
      vertex 12.2566 4.99 -21.8534
    endloop
  endfacet
  facet normal -0.997861 0 0.0653646
    outer loop
      vertex 19.0508 4.99 -19.5471
      vertex 19.085 5 -19.025
      vertex 19.0508 5 -19.5471
    endloop
  endfacet
  facet normal -0.997861 0 0.0653646
    outer loop
      vertex 19.085 5 -19.025
      vertex 19.0508 4.99 -19.5471
      vertex 19.085 4.99 -19.025
    endloop
  endfacet
  facet normal -0.831432 0 -0.555626
    outer loop
      vertex 18.5491 4.99 -17.025
      vertex 18.2584 5 -16.59
      vertex 18.5491 5 -17.025
    endloop
  endfacet
  facet normal -0.831432 -0 -0.555626
    outer loop
      vertex 18.2584 5 -16.59
      vertex 18.5491 4.99 -17.025
      vertex 18.2584 4.99 -16.59
    endloop
  endfacet
  facet normal -0.94691 0 -0.321498
    outer loop
      vertex 18.9487 4.99 -17.9897
      vertex 18.7805 5 -17.4943
      vertex 18.9487 5 -17.9897
    endloop
  endfacet
  facet normal -0.94691 -0 -0.321498
    outer loop
      vertex 18.7805 5 -17.4943
      vertex 18.9487 4.99 -17.9897
      vertex 18.7805 4.99 -17.4943
    endloop
  endfacet
  facet normal -0.442238 0 -0.896898
    outer loop
      vertex 16.6157 4.99 -15.3295
      vertex 17.085 5 -15.5609
      vertex 17.085 4.99 -15.5609
    endloop
  endfacet
  facet normal -0.442238 0 -0.896898
    outer loop
      vertex 17.085 5 -15.5609
      vertex 16.6157 4.99 -15.3295
      vertex 16.6157 5 -15.3295
    endloop
  endfacet
  facet normal -0.555626 0 -0.831432
    outer loop
      vertex 17.085 4.99 -15.5609
      vertex 17.52 5 -15.8516
      vertex 17.52 4.99 -15.8516
    endloop
  endfacet
  facet normal -0.555626 0 -0.831432
    outer loop
      vertex 17.52 5 -15.8516
      vertex 17.085 4.99 -15.5609
      vertex 17.085 5 -15.5609
    endloop
  endfacet
  facet normal 0.0653646 0 -0.997861
    outer loop
      vertex 14.5629 4.99 -15.0592
      vertex 15.085 5 -15.025
      vertex 15.085 4.99 -15.025
    endloop
  endfacet
  facet normal 0.0653646 0 -0.997861
    outer loop
      vertex 15.085 5 -15.025
      vertex 14.5629 4.99 -15.0592
      vertex 14.5629 5 -15.0592
    endloop
  endfacet
  facet normal 0.659343 0 -0.751842
    outer loop
      vertex 12.2566 4.99 -16.1966
      vertex 12.65 5 -15.8516
      vertex 12.65 4.99 -15.8516
    endloop
  endfacet
  facet normal 0.659343 0 -0.751842
    outer loop
      vertex 12.65 5 -15.8516
      vertex 12.2566 4.99 -16.1966
      vertex 12.2566 5 -16.1966
    endloop
  endfacet
  facet normal 0.997861 0 -0.0653646
    outer loop
      vertex 11.1192 4.99 -18.5029
      vertex 11.085 5 -19.025
      vertex 11.1192 5 -18.5029
    endloop
  endfacet
  facet normal 0.997861 0 -0.0653646
    outer loop
      vertex 11.085 5 -19.025
      vertex 11.1192 4.99 -18.5029
      vertex 11.085 4.99 -19.025
    endloop
  endfacet
  facet normal 0 1 -0
    outer loop
      vertex 15.6012 4.99 -15.0787
      vertex 15.085 4.99 -15.025
      vertex 15.6071 4.99 -15.0592
    endloop
  endfacet
  facet normal 0 1 0
    outer loop
      vertex 15.085 4.99 -15.025
      vertex 15.6012 4.99 -15.0787
      vertex 15.085 4.99 -15.0449
    endloop
  endfacet
  facet normal 0 1 0
    outer loop
      vertex 15.6071 4.99 -15.0592
      vertex 15.6045 4.99 -15.0789
      vertex 15.6012 4.99 -15.0787
    endloop
  endfacet
  facet normal 0 1 0
    outer loop
      vertex 15.6071 4.99 -15.0592
      vertex 15.6078 4.99 -15.0796
      vertex 15.6045 4.99 -15.0789
    endloop
  endfacet
  facet normal 0 1 0
    outer loop
      vertex 16.1203 4.99 -15.1613
      vertex 15.6078 4.99 -15.0796
      vertex 15.6071 4.99 -15.0592
    endloop
  endfacet
  facet normal 0 1 0
    outer loop
      vertex 16.1203 4.99 -15.1613
      vertex 16.1151 4.99 -15.1805
      vertex 15.6078 4.99 -15.0796
    endloop
  endfacet
  facet normal 0 1 0
    outer loop
      vertex 16.1203 4.99 -15.1613
      vertex 16.1183 4.99 -15.1816
      vertex 16.1151 4.99 -15.1805
    endloop
  endfacet
  facet normal 0 1 0
    outer loop
      vertex 16.6157 4.99 -15.3295
      vertex 16.1183 4.99 -15.1816
      vertex 16.1203 4.99 -15.1613
    endloop
  endfacet
  facet normal 0 1 0
    outer loop
      vertex 16.6157 4.99 -15.3295
      vertex 16.6081 4.99 -15.3479
      vertex 16.1183 4.99 -15.1816
    endloop
  endfacet
  facet normal 0 1 0
    outer loop
      vertex 16.6157 4.99 -15.3295
      vertex 16.6111 4.99 -15.3493
      vertex 16.6081 4.99 -15.3479
    endloop
  endfacet
  facet normal 0 1 0
    outer loop
      vertex 17.085 4.99 -15.5609
      vertex 16.6111 4.99 -15.3493
      vertex 16.6157 4.99 -15.3295
    endloop
  endfacet
  facet normal 0 1 0
    outer loop
      vertex 17.085 4.99 -15.5609
      vertex 17.0751 4.99 -15.5781
      vertex 16.6111 4.99 -15.3493
    endloop
  endfacet
  facet normal 0 1 -0
    outer loop
      vertex 17.5052 4.99 -15.8655
      vertex 17.085 4.99 -15.5609
      vertex 17.52 4.99 -15.8516
    endloop
  endfacet
  facet normal 0 1 0
    outer loop
      vertex 17.085 4.99 -15.5609
      vertex 17.5052 4.99 -15.8655
      vertex 17.0751 4.99 -15.5781
    endloop
  endfacet
  facet normal 0 1 0
    outer loop
      vertex 17.52 4.99 -15.8516
      vertex 17.5079 4.99 -15.8674
      vertex 17.5052 4.99 -15.8655
    endloop
  endfacet
  facet normal 0 1 0
    outer loop
      vertex 17.52 4.99 -15.8516
      vertex 17.5105 4.99 -15.8696
      vertex 17.5079 4.99 -15.8674
    endloop
  endfacet
  facet normal 0 1 0
    outer loop
      vertex 17.9134 4.99 -16.1966
      vertex 17.5105 4.99 -15.8696
      vertex 17.52 4.99 -15.8516
    endloop
  endfacet
  facet normal 0 1 0
    outer loop
      vertex 17.9134 4.99 -16.1966
      vertex 17.8994 4.99 -16.2106
      vertex 17.5105 4.99 -15.8696
    endloop
  endfacet
  facet normal 0 1 -0
    outer loop
      vertex 18.2404 4.99 -16.5995
      vertex 17.9134 4.99 -16.1966
      vertex 18.2584 4.99 -16.59
    endloop
  endfacet
  facet normal 0 1 0
    outer loop
      vertex 17.9134 4.99 -16.1966
      vertex 18.2404 4.99 -16.5995
      vertex 17.8994 4.99 -16.2106
    endloop
  endfacet
  facet normal 0 1 0
    outer loop
      vertex 18.2584 4.99 -16.59
      vertex 18.2426 4.99 -16.6021
      vertex 18.2404 4.99 -16.5995
    endloop
  endfacet
  facet normal 0 1 0
    outer loop
      vertex 18.2584 4.99 -16.59
      vertex 18.2445 4.99 -16.6048
      vertex 18.2426 4.99 -16.6021
    endloop
  endfacet
  facet normal 0 1 0
    outer loop
      vertex 18.5491 4.99 -17.025
      vertex 18.2445 4.99 -16.6048
      vertex 18.2584 4.99 -16.59
    endloop
  endfacet
  facet normal 0 1 0
    outer loop
      vertex 18.5491 4.99 -17.025
      vertex 18.5319 4.99 -17.0349
      vertex 18.2445 4.99 -16.6048
    endloop
  endfacet
  facet normal 0 1 -0
    outer loop
      vertex 18.7607 4.99 -17.4989
      vertex 18.5491 4.99 -17.025
      vertex 18.7805 4.99 -17.4943
    endloop
  endfacet
  facet normal 0 1 0
    outer loop
      vertex 18.5491 4.99 -17.025
      vertex 18.7607 4.99 -17.4989
      vertex 18.5319 4.99 -17.0349
    endloop
  endfacet
  facet normal 0 1 0
    outer loop
      vertex 18.7805 4.99 -17.4943
      vertex 18.7621 4.99 -17.5019
      vertex 18.7607 4.99 -17.4989
    endloop
  endfacet
  facet normal 0 1 -0
    outer loop
      vertex 18.9284 4.99 -17.9917
      vertex 18.7805 4.99 -17.4943
      vertex 18.9487 4.99 -17.9897
    endloop
  endfacet
  facet normal 0 1 0
    outer loop
      vertex 18.7805 4.99 -17.4943
      vertex 18.9284 4.99 -17.9917
      vertex 18.7621 4.99 -17.5019
    endloop
  endfacet
  facet normal 0 1 0
    outer loop
      vertex 18.9487 4.99 -17.9897
      vertex 18.9295 4.99 -17.9949
      vertex 18.9284 4.99 -17.9917
    endloop
  endfacet
  facet normal 0 1 0
    outer loop
      vertex 18.9487 4.99 -17.9897
      vertex 19.0304 4.99 -18.5022
      vertex 18.9295 4.99 -17.9949
    endloop
  endfacet
  facet normal 0 1 0
    outer loop
      vertex 19.0508 4.99 -18.5029
      vertex 19.0304 4.99 -18.5022
      vertex 18.9487 4.99 -17.9897
    endloop
  endfacet
  facet normal 0 1 0
    outer loop
      vertex 19.0508 4.99 -18.5029
      vertex 19.0311 4.99 -18.5055
      vertex 19.0304 4.99 -18.5022
    endloop
  endfacet
  facet normal 0 1 0
    outer loop
      vertex 19.0508 4.99 -18.5029
      vertex 19.0313 4.99 -18.5088
      vertex 19.0311 4.99 -18.5055
    endloop
  endfacet
  facet normal 0 1 0
    outer loop
      vertex 19.085 4.99 -19.025
      vertex 19.0313 4.99 -18.5088
      vertex 19.0508 4.99 -18.5029
    endloop
  endfacet
  facet normal 0 1 0
    outer loop
      vertex 19.085 4.99 -19.025
      vertex 19.0651 4.99 -19.025
      vertex 19.0313 4.99 -18.5088
    endloop
  endfacet
  facet normal 0 1 0
    outer loop
      vertex 19.085 4.99 -19.025
      vertex 19.0313 4.99 -19.5412
      vertex 19.0651 4.99 -19.025
    endloop
  endfacet
  facet normal 0 1 -0
    outer loop
      vertex 19.0508 4.99 -19.5471
      vertex 19.0313 4.99 -19.5412
      vertex 19.085 4.99 -19.025
    endloop
  endfacet
  facet normal 0 1 0
    outer loop
      vertex 19.0313 4.99 -19.5412
      vertex 19.0508 4.99 -19.5471
      vertex 19.0311 4.99 -19.5445
    endloop
  endfacet
  facet normal 0 1 0
    outer loop
      vertex 19.0508 4.99 -19.5471
      vertex 19.0304 4.99 -19.5478
      vertex 19.0311 4.99 -19.5445
    endloop
  endfacet
  facet normal 0 1 0
    outer loop
      vertex 18.9487 4.99 -20.0603
      vertex 19.0304 4.99 -19.5478
      vertex 19.0508 4.99 -19.5471
    endloop
  endfacet
  facet normal 0 1 0
    outer loop
      vertex 19.0304 4.99 -19.5478
      vertex 18.9487 4.99 -20.0603
      vertex 18.9295 4.99 -20.0551
    endloop
  endfacet
  facet normal 0 1 0
    outer loop
      vertex 18.9487 4.99 -20.0603
      vertex 18.9284 4.99 -20.0583
      vertex 18.9295 4.99 -20.0551
    endloop
  endfacet
  facet normal 0 1 0
    outer loop
      vertex 18.7805 4.99 -20.5557
      vertex 18.9284 4.99 -20.0583
      vertex 18.9487 4.99 -20.0603
    endloop
  endfacet
  facet normal 0 1 0
    outer loop
      vertex 18.9284 4.99 -20.0583
      vertex 18.7805 4.99 -20.5557
      vertex 18.7621 4.99 -20.5481
    endloop
  endfacet
  facet normal 0 1 0
    outer loop
      vertex 18.7805 4.99 -20.5557
      vertex 18.7607 4.99 -20.5511
      vertex 18.7621 4.99 -20.5481
    endloop
  endfacet
  facet normal 0 1 0
    outer loop
      vertex 18.5491 4.99 -21.025
      vertex 18.7607 4.99 -20.5511
      vertex 18.7805 4.99 -20.5557
    endloop
  endfacet
  facet normal 0 1 0
    outer loop
      vertex 18.7607 4.99 -20.5511
      vertex 18.5491 4.99 -21.025
      vertex 18.5319 4.99 -21.0151
    endloop
  endfacet
  facet normal 0 1 0
    outer loop
      vertex 18.5491 4.99 -21.025
      vertex 18.2445 4.99 -21.4452
      vertex 18.5319 4.99 -21.0151
    endloop
  endfacet
  facet normal 0 1 -0
    outer loop
      vertex 18.2584 4.99 -21.46
      vertex 18.2445 4.99 -21.4452
      vertex 18.5491 4.99 -21.025
    endloop
  endfacet
  facet normal 0 1 0
    outer loop
      vertex 18.2445 4.99 -21.4452
      vertex 18.2584 4.99 -21.46
      vertex 18.2426 4.99 -21.4479
    endloop
  endfacet
  facet normal 0 1 0
    outer loop
      vertex 18.2584 4.99 -21.46
      vertex 18.2404 4.99 -21.4505
      vertex 18.2426 4.99 -21.4479
    endloop
  endfacet
  facet normal 0 1 0
    outer loop
      vertex 17.9134 4.99 -21.8534
      vertex 18.2404 4.99 -21.4505
      vertex 18.2584 4.99 -21.46
    endloop
  endfacet
  facet normal 0 1 0
    outer loop
      vertex 18.2404 4.99 -21.4505
      vertex 17.9134 4.99 -21.8534
      vertex 17.8994 4.99 -21.8394
    endloop
  endfacet
  facet normal 0 1 0
    outer loop
      vertex 17.9134 4.99 -21.8534
      vertex 17.5105 4.99 -22.1804
      vertex 17.8994 4.99 -21.8394
    endloop
  endfacet
  facet normal 0 1 -0
    outer loop
      vertex 17.52 4.99 -22.1984
      vertex 17.5105 4.99 -22.1804
      vertex 17.9134 4.99 -21.8534
    endloop
  endfacet
  facet normal 0 1 0
    outer loop
      vertex 17.5105 4.99 -22.1804
      vertex 17.52 4.99 -22.1984
      vertex 17.5079 4.99 -22.1826
    endloop
  endfacet
  facet normal 0 1 0
    outer loop
      vertex 17.52 4.99 -22.1984
      vertex 17.5052 4.99 -22.1845
      vertex 17.5079 4.99 -22.1826
    endloop
  endfacet
  facet normal 0 1 0
    outer loop
      vertex 17.085 4.99 -22.4891
      vertex 17.5052 4.99 -22.1845
      vertex 17.52 4.99 -22.1984
    endloop
  endfacet
  facet normal 0 1 0
    outer loop
      vertex 17.5052 4.99 -22.1845
      vertex 17.085 4.99 -22.4891
      vertex 17.0751 4.99 -22.4719
    endloop
  endfacet
  facet normal 0 1 0
    outer loop
      vertex 17.085 4.99 -22.4891
      vertex 16.6111 4.99 -22.7007
      vertex 17.0751 4.99 -22.4719
    endloop
  endfacet
  facet normal 0 1 -0
    outer loop
      vertex 16.6157 4.99 -22.7205
      vertex 16.6111 4.99 -22.7007
      vertex 17.085 4.99 -22.4891
    endloop
  endfacet
  facet normal 0 1 0
    outer loop
      vertex 16.6111 4.99 -22.7007
      vertex 16.6157 4.99 -22.7205
      vertex 16.6081 4.99 -22.7021
    endloop
  endfacet
  facet normal 0 1 0
    outer loop
      vertex 16.6157 4.99 -22.7205
      vertex 16.1183 4.99 -22.8684
      vertex 16.6081 4.99 -22.7021
    endloop
  endfacet
  facet normal 0 1 -0
    outer loop
      vertex 16.1203 4.99 -22.8887
      vertex 16.1183 4.99 -22.8684
      vertex 16.6157 4.99 -22.7205
    endloop
  endfacet
  facet normal 0 1 0
    outer loop
      vertex 16.1183 4.99 -22.8684
      vertex 16.1203 4.99 -22.8887
      vertex 16.1151 4.99 -22.8695
    endloop
  endfacet
  facet normal 0 1 0
    outer loop
      vertex 16.1203 4.99 -22.8887
      vertex 15.6078 4.99 -22.9704
      vertex 16.1151 4.99 -22.8695
    endloop
  endfacet
  facet normal 0 1 0
    outer loop
      vertex 15.6071 4.99 -22.9908
      vertex 15.6078 4.99 -22.9704
      vertex 16.1203 4.99 -22.8887
    endloop
  endfacet
  facet normal 0 1 0
    outer loop
      vertex 15.6078 4.99 -22.9704
      vertex 15.6071 4.99 -22.9908
      vertex 15.6045 4.99 -22.9711
    endloop
  endfacet
  facet normal 0 1 0
    outer loop
      vertex 15.6071 4.99 -22.9908
      vertex 15.6012 4.99 -22.9713
      vertex 15.6045 4.99 -22.9711
    endloop
  endfacet
  facet normal 0 1 0
    outer loop
      vertex 15.085 4.99 -23.025
      vertex 15.6012 4.99 -22.9713
      vertex 15.6071 4.99 -22.9908
    endloop
  endfacet
  facet normal 0 1 0
    outer loop
      vertex 15.6012 4.99 -22.9713
      vertex 15.085 4.99 -23.025
      vertex 15.085 4.99 -23.0051
    endloop
  endfacet
  facet normal 0 1 0
    outer loop
      vertex 14.5688 4.99 -15.0787
      vertex 15.085 4.99 -15.025
      vertex 15.085 4.99 -15.0449
    endloop
  endfacet
  facet normal 0 1 0
    outer loop
      vertex 15.085 4.99 -15.025
      vertex 14.5688 4.99 -15.0787
      vertex 14.5629 4.99 -15.0592
    endloop
  endfacet
  facet normal 0 1 -0
    outer loop
      vertex 14.5655 4.99 -15.0789
      vertex 14.5629 4.99 -15.0592
      vertex 14.5688 4.99 -15.0787
    endloop
  endfacet
  facet normal 0 1 0
    outer loop
      vertex 14.5622 4.99 -15.0796
      vertex 14.5629 4.99 -15.0592
      vertex 14.5655 4.99 -15.0789
    endloop
  endfacet
  facet normal 0 1 -0
    outer loop
      vertex 14.5622 4.99 -15.0796
      vertex 14.0497 4.99 -15.1613
      vertex 14.5629 4.99 -15.0592
    endloop
  endfacet
  facet normal 0 1 -0
    outer loop
      vertex 14.0549 4.99 -15.1805
      vertex 14.0497 4.99 -15.1613
      vertex 14.5622 4.99 -15.0796
    endloop
  endfacet
  facet normal 0 1 -0
    outer loop
      vertex 14.0517 4.99 -15.1816
      vertex 14.0497 4.99 -15.1613
      vertex 14.0549 4.99 -15.1805
    endloop
  endfacet
  facet normal 0 1 0
    outer loop
      vertex 14.0517 4.99 -15.1816
      vertex 13.5543 4.99 -15.3295
      vertex 14.0497 4.99 -15.1613
    endloop
  endfacet
  facet normal 0 1 -0
    outer loop
      vertex 13.5619 4.99 -15.3479
      vertex 13.5543 4.99 -15.3295
      vertex 14.0517 4.99 -15.1816
    endloop
  endfacet
  facet normal 0 1 -0
    outer loop
      vertex 13.5589 4.99 -15.3493
      vertex 13.5543 4.99 -15.3295
      vertex 13.5619 4.99 -15.3479
    endloop
  endfacet
  facet normal 0 1 0
    outer loop
      vertex 13.5589 4.99 -15.3493
      vertex 13.085 4.99 -15.5609
      vertex 13.5543 4.99 -15.3295
    endloop
  endfacet
  facet normal 0 1 -0
    outer loop
      vertex 13.0949 4.99 -15.5781
      vertex 13.085 4.99 -15.5609
      vertex 13.5589 4.99 -15.3493
    endloop
  endfacet
  facet normal 0 1 0
    outer loop
      vertex 12.6648 4.99 -15.8655
      vertex 13.085 4.99 -15.5609
      vertex 13.0949 4.99 -15.5781
    endloop
  endfacet
  facet normal 0 1 0
    outer loop
      vertex 13.085 4.99 -15.5609
      vertex 12.6648 4.99 -15.8655
      vertex 12.65 4.99 -15.8516
    endloop
  endfacet
  facet normal 0 1 -0
    outer loop
      vertex 12.6621 4.99 -15.8674
      vertex 12.65 4.99 -15.8516
      vertex 12.6648 4.99 -15.8655
    endloop
  endfacet
  facet normal 0 1 -0
    outer loop
      vertex 12.6595 4.99 -15.8696
      vertex 12.65 4.99 -15.8516
      vertex 12.6621 4.99 -15.8674
    endloop
  endfacet
  facet normal 0 1 0
    outer loop
      vertex 12.6595 4.99 -15.8696
      vertex 12.2566 4.99 -16.1966
      vertex 12.65 4.99 -15.8516
    endloop
  endfacet
  facet normal 0 1 -0
    outer loop
      vertex 12.2706 4.99 -16.2106
      vertex 12.2566 4.99 -16.1966
      vertex 12.6595 4.99 -15.8696
    endloop
  endfacet
  facet normal 0 1 0
    outer loop
      vertex 11.9296 4.99 -16.5995
      vertex 12.2566 4.99 -16.1966
      vertex 12.2706 4.99 -16.2106
    endloop
  endfacet
  facet normal 0 1 0
    outer loop
      vertex 12.2566 4.99 -16.1966
      vertex 11.9296 4.99 -16.5995
      vertex 11.9116 4.99 -16.59
    endloop
  endfacet
  facet normal 0 1 -0
    outer loop
      vertex 11.9274 4.99 -16.6021
      vertex 11.9116 4.99 -16.59
      vertex 11.9296 4.99 -16.5995
    endloop
  endfacet
  facet normal 0 1 -0
    outer loop
      vertex 11.9255 4.99 -16.6048
      vertex 11.9116 4.99 -16.59
      vertex 11.9274 4.99 -16.6021
    endloop
  endfacet
  facet normal 0 1 0
    outer loop
      vertex 11.9255 4.99 -16.6048
      vertex 11.6209 4.99 -17.025
      vertex 11.9116 4.99 -16.59
    endloop
  endfacet
  facet normal 0 1 -0
    outer loop
      vertex 11.6381 4.99 -17.0349
      vertex 11.6209 4.99 -17.025
      vertex 11.9255 4.99 -16.6048
    endloop
  endfacet
  facet normal 0 1 0
    outer loop
      vertex 11.4093 4.99 -17.4989
      vertex 11.6209 4.99 -17.025
      vertex 11.6381 4.99 -17.0349
    endloop
  endfacet
  facet normal 0 1 0
    outer loop
      vertex 11.6209 4.99 -17.025
      vertex 11.4093 4.99 -17.4989
      vertex 11.3895 4.99 -17.4943
    endloop
  endfacet
  facet normal 0 1 -0
    outer loop
      vertex 11.4079 4.99 -17.5019
      vertex 11.3895 4.99 -17.4943
      vertex 11.4093 4.99 -17.4989
    endloop
  endfacet
  facet normal 0 1 0
    outer loop
      vertex 11.2416 4.99 -17.9917
      vertex 11.3895 4.99 -17.4943
      vertex 11.4079 4.99 -17.5019
    endloop
  endfacet
  facet normal 0 1 0
    outer loop
      vertex 11.3895 4.99 -17.4943
      vertex 11.2416 4.99 -17.9917
      vertex 11.2213 4.99 -17.9897
    endloop
  endfacet
  facet normal 0 1 -0
    outer loop
      vertex 11.2405 4.99 -17.9949
      vertex 11.2213 4.99 -17.9897
      vertex 11.2416 4.99 -17.9917
    endloop
  endfacet
  facet normal 0 1 0
    outer loop
      vertex 11.1396 4.99 -18.5022
      vertex 11.2213 4.99 -17.9897
      vertex 11.2405 4.99 -17.9949
    endloop
  endfacet
  facet normal 0 1 -0
    outer loop
      vertex 11.1396 4.99 -18.5022
      vertex 11.1192 4.99 -18.5029
      vertex 11.2213 4.99 -17.9897
    endloop
  endfacet
  facet normal 0 1 -0
    outer loop
      vertex 11.1389 4.99 -18.5055
      vertex 11.1192 4.99 -18.5029
      vertex 11.1396 4.99 -18.5022
    endloop
  endfacet
  facet normal 0 1 -0
    outer loop
      vertex 11.1387 4.99 -18.5088
      vertex 11.1192 4.99 -18.5029
      vertex 11.1389 4.99 -18.5055
    endloop
  endfacet
  facet normal 0 1 0
    outer loop
      vertex 11.085 4.99 -19.025
      vertex 11.1387 4.99 -18.5088
      vertex 11.1049 4.99 -19.025
    endloop
  endfacet
  facet normal 0 1 0
    outer loop
      vertex 11.1387 4.99 -18.5088
      vertex 11.085 4.99 -19.025
      vertex 11.1192 4.99 -18.5029
    endloop
  endfacet
  facet normal 0 1 0
    outer loop
      vertex 11.1387 4.99 -19.5412
      vertex 11.085 4.99 -19.025
      vertex 11.1049 4.99 -19.025
    endloop
  endfacet
  facet normal 0 1 0
    outer loop
      vertex 11.1192 4.99 -19.5471
      vertex 11.1387 4.99 -19.5412
      vertex 11.1389 4.99 -19.5445
    endloop
  endfacet
  facet normal 0 1 0
    outer loop
      vertex 11.1387 4.99 -19.5412
      vertex 11.1192 4.99 -19.5471
      vertex 11.085 4.99 -19.025
    endloop
  endfacet
  facet normal 0 1 0
    outer loop
      vertex 11.1396 4.99 -19.5478
      vertex 11.1192 4.99 -19.5471
      vertex 11.1389 4.99 -19.5445
    endloop
  endfacet
  facet normal 0 1 -0
    outer loop
      vertex 11.2213 4.99 -20.0603
      vertex 11.1396 4.99 -19.5478
      vertex 11.2405 4.99 -20.0551
    endloop
  endfacet
  facet normal 0 1 0
    outer loop
      vertex 11.1396 4.99 -19.5478
      vertex 11.2213 4.99 -20.0603
      vertex 11.1192 4.99 -19.5471
    endloop
  endfacet
  facet normal 0 1 0
    outer loop
      vertex 11.2416 4.99 -20.0583
      vertex 11.2213 4.99 -20.0603
      vertex 11.2405 4.99 -20.0551
    endloop
  endfacet
  facet normal 0 1 -0
    outer loop
      vertex 11.3895 4.99 -20.5557
      vertex 11.2416 4.99 -20.0583
      vertex 11.4079 4.99 -20.5481
    endloop
  endfacet
  facet normal 0 1 0
    outer loop
      vertex 11.2416 4.99 -20.0583
      vertex 11.3895 4.99 -20.5557
      vertex 11.2213 4.99 -20.0603
    endloop
  endfacet
  facet normal 0 1 0
    outer loop
      vertex 11.4093 4.99 -20.5511
      vertex 11.3895 4.99 -20.5557
      vertex 11.4079 4.99 -20.5481
    endloop
  endfacet
  facet normal 0 1 -0
    outer loop
      vertex 11.6209 4.99 -21.025
      vertex 11.4093 4.99 -20.5511
      vertex 11.6381 4.99 -21.0151
    endloop
  endfacet
  facet normal 0 1 0
    outer loop
      vertex 11.4093 4.99 -20.5511
      vertex 11.6209 4.99 -21.025
      vertex 11.3895 4.99 -20.5557
    endloop
  endfacet
  facet normal 0 1 0
    outer loop
      vertex 11.9255 4.99 -21.4452
      vertex 11.6209 4.99 -21.025
      vertex 11.6381 4.99 -21.0151
    endloop
  endfacet
  facet normal 0 1 0
    outer loop
      vertex 11.9116 4.99 -21.46
      vertex 11.9255 4.99 -21.4452
      vertex 11.9274 4.99 -21.4479
    endloop
  endfacet
  facet normal 0 1 0
    outer loop
      vertex 11.9255 4.99 -21.4452
      vertex 11.9116 4.99 -21.46
      vertex 11.6209 4.99 -21.025
    endloop
  endfacet
  facet normal 0 1 0
    outer loop
      vertex 11.9296 4.99 -21.4505
      vertex 11.9116 4.99 -21.46
      vertex 11.9274 4.99 -21.4479
    endloop
  endfacet
  facet normal 0 1 -0
    outer loop
      vertex 12.2566 4.99 -21.8534
      vertex 11.9296 4.99 -21.4505
      vertex 12.2706 4.99 -21.8394
    endloop
  endfacet
  facet normal 0 1 0
    outer loop
      vertex 11.9296 4.99 -21.4505
      vertex 12.2566 4.99 -21.8534
      vertex 11.9116 4.99 -21.46
    endloop
  endfacet
  facet normal 0 1 0
    outer loop
      vertex 12.6595 4.99 -22.1804
      vertex 12.2566 4.99 -21.8534
      vertex 12.2706 4.99 -21.8394
    endloop
  endfacet
  facet normal 0 1 0
    outer loop
      vertex 12.65 4.99 -22.1984
      vertex 12.6595 4.99 -22.1804
      vertex 12.6621 4.99 -22.1826
    endloop
  endfacet
  facet normal 0 1 0
    outer loop
      vertex 12.6595 4.99 -22.1804
      vertex 12.65 4.99 -22.1984
      vertex 12.2566 4.99 -21.8534
    endloop
  endfacet
  facet normal 0 1 0
    outer loop
      vertex 12.6648 4.99 -22.1845
      vertex 12.65 4.99 -22.1984
      vertex 12.6621 4.99 -22.1826
    endloop
  endfacet
  facet normal 0 1 -0
    outer loop
      vertex 13.085 4.99 -22.4891
      vertex 12.6648 4.99 -22.1845
      vertex 13.0949 4.99 -22.4719
    endloop
  endfacet
  facet normal 0 1 0
    outer loop
      vertex 12.6648 4.99 -22.1845
      vertex 13.085 4.99 -22.4891
      vertex 12.65 4.99 -22.1984
    endloop
  endfacet
  facet normal 0 1 0
    outer loop
      vertex 13.5589 4.99 -22.7007
      vertex 13.085 4.99 -22.4891
      vertex 13.0949 4.99 -22.4719
    endloop
  endfacet
  facet normal 0 1 0
    outer loop
      vertex 13.5543 4.99 -22.7205
      vertex 13.5589 4.99 -22.7007
      vertex 13.5619 4.99 -22.7021
    endloop
  endfacet
  facet normal 0 1 0
    outer loop
      vertex 13.5589 4.99 -22.7007
      vertex 13.5543 4.99 -22.7205
      vertex 13.085 4.99 -22.4891
    endloop
  endfacet
  facet normal 0 1 0
    outer loop
      vertex 14.0517 4.99 -22.8684
      vertex 13.5543 4.99 -22.7205
      vertex 13.5619 4.99 -22.7021
    endloop
  endfacet
  facet normal 0 1 0
    outer loop
      vertex 14.0497 4.99 -22.8887
      vertex 14.0517 4.99 -22.8684
      vertex 14.0549 4.99 -22.8695
    endloop
  endfacet
  facet normal 0 1 0
    outer loop
      vertex 14.0517 4.99 -22.8684
      vertex 14.0497 4.99 -22.8887
      vertex 13.5543 4.99 -22.7205
    endloop
  endfacet
  facet normal 0 1 0
    outer loop
      vertex 14.5622 4.99 -22.9704
      vertex 14.0497 4.99 -22.8887
      vertex 14.0549 4.99 -22.8695
    endloop
  endfacet
  facet normal 0 1 -0
    outer loop
      vertex 14.5629 4.99 -22.9908
      vertex 14.5622 4.99 -22.9704
      vertex 14.5655 4.99 -22.9711
    endloop
  endfacet
  facet normal 0 1 0
    outer loop
      vertex 14.5622 4.99 -22.9704
      vertex 14.5629 4.99 -22.9908
      vertex 14.0497 4.99 -22.8887
    endloop
  endfacet
  facet normal 0 1 0
    outer loop
      vertex 14.5688 4.99 -22.9713
      vertex 14.5629 4.99 -22.9908
      vertex 14.5655 4.99 -22.9711
    endloop
  endfacet
  facet normal 0 1 -0
    outer loop
      vertex 15.085 4.99 -23.025
      vertex 14.5688 4.99 -22.9713
      vertex 15.085 4.99 -23.0051
    endloop
  endfacet
  facet normal 0 1 0
    outer loop
      vertex 14.5688 4.99 -22.9713
      vertex 15.085 4.99 -23.025
      vertex 14.5629 4.99 -22.9908
    endloop
  endfacet
  facet normal 0.751842 0 -0.659343
    outer loop
      vertex 12.2566 4.99 -16.1966
      vertex 11.9116 5 -16.59
      vertex 12.2566 5 -16.1966
    endloop
  endfacet
  facet normal 0.751842 0 -0.659343
    outer loop
      vertex 11.9116 5 -16.59
      vertex 12.2566 4.99 -16.1966
      vertex 11.9116 4.99 -16.59
    endloop
  endfacet
  facet normal -0.980779 0 0.195124
    outer loop
      vertex 18.9487 4.99 -20.0603
      vertex 19.0508 5 -19.5471
      vertex 18.9487 5 -20.0603
    endloop
  endfacet
  facet normal -0.980779 0 0.195124
    outer loop
      vertex 19.0508 5 -19.5471
      vertex 18.9487 4.99 -20.0603
      vertex 19.0508 4.99 -19.5471
    endloop
  endfacet
  facet normal -0.94691 0 0.321498
    outer loop
      vertex 18.7805 4.99 -20.5557
      vertex 18.9487 5 -20.0603
      vertex 18.7805 5 -20.5557
    endloop
  endfacet
  facet normal -0.94691 0 0.321498
    outer loop
      vertex 18.9487 5 -20.0603
      vertex 18.7805 4.99 -20.5557
      vertex 18.9487 4.99 -20.0603
    endloop
  endfacet
  facet normal -0.751842 0 0.659343
    outer loop
      vertex 17.9134 4.99 -21.8534
      vertex 18.2584 5 -21.46
      vertex 17.9134 5 -21.8534
    endloop
  endfacet
  facet normal -0.751842 0 0.659343
    outer loop
      vertex 18.2584 5 -21.46
      vertex 17.9134 4.99 -21.8534
      vertex 18.2584 4.99 -21.46
    endloop
  endfacet
  facet normal -0.659343 0 0.751842
    outer loop
      vertex 17.52 5 -22.1984
      vertex 17.9134 4.99 -21.8534
      vertex 17.9134 5 -21.8534
    endloop
  endfacet
  facet normal -0.659343 0 0.751842
    outer loop
      vertex 17.9134 4.99 -21.8534
      vertex 17.52 5 -22.1984
      vertex 17.52 4.99 -22.1984
    endloop
  endfacet
  facet normal -0.321498 0 0.94691
    outer loop
      vertex 16.1203 5 -22.8887
      vertex 16.6157 4.99 -22.7205
      vertex 16.6157 5 -22.7205
    endloop
  endfacet
  facet normal -0.321498 0 0.94691
    outer loop
      vertex 16.6157 4.99 -22.7205
      vertex 16.1203 5 -22.8887
      vertex 16.1203 4.99 -22.8887
    endloop
  endfacet
  facet normal -0.195124 0 0.980779
    outer loop
      vertex 15.6071 5 -22.9908
      vertex 16.1203 4.99 -22.8887
      vertex 16.1203 5 -22.8887
    endloop
  endfacet
  facet normal -0.195124 0 0.980779
    outer loop
      vertex 16.1203 4.99 -22.8887
      vertex 15.6071 5 -22.9908
      vertex 15.6071 4.99 -22.9908
    endloop
  endfacet
  facet normal 0.94691 -0 0.321498
    outer loop
      vertex 11.2213 4.99 -20.0603
      vertex 11.3895 5 -20.5557
      vertex 11.2213 5 -20.0603
    endloop
  endfacet
  facet normal 0.94691 0 0.321498
    outer loop
      vertex 11.3895 5 -20.5557
      vertex 11.2213 4.99 -20.0603
      vertex 11.3895 4.99 -20.5557
    endloop
  endfacet
  facet normal 0.980779 -0 0.195124
    outer loop
      vertex 11.1192 4.99 -19.5471
      vertex 11.2213 5 -20.0603
      vertex 11.1192 5 -19.5471
    endloop
  endfacet
  facet normal 0.980779 0 0.195124
    outer loop
      vertex 11.2213 5 -20.0603
      vertex 11.1192 4.99 -19.5471
      vertex 11.2213 4.99 -20.0603
    endloop
  endfacet
  facet normal 0.831432 -0 0.555626
    outer loop
      vertex 11.6209 4.99 -21.025
      vertex 11.9116 5 -21.46
      vertex 11.6209 5 -21.025
    endloop
  endfacet
  facet normal 0.831432 0 0.555626
    outer loop
      vertex 11.9116 5 -21.46
      vertex 11.6209 4.99 -21.025
      vertex 11.9116 4.99 -21.46
    endloop
  endfacet
  facet normal 0.195124 0 0.980779
    outer loop
      vertex 14.0497 5 -22.8887
      vertex 14.5629 4.99 -22.9908
      vertex 14.5629 5 -22.9908
    endloop
  endfacet
  facet normal 0.195124 0 0.980779
    outer loop
      vertex 14.5629 4.99 -22.9908
      vertex 14.0497 5 -22.8887
      vertex 14.0497 4.99 -22.8887
    endloop
  endfacet
  facet normal 0.555626 0 0.831432
    outer loop
      vertex 12.65 5 -22.1984
      vertex 13.085 4.99 -22.4891
      vertex 13.085 5 -22.4891
    endloop
  endfacet
  facet normal 0.555626 0 0.831432
    outer loop
      vertex 13.085 4.99 -22.4891
      vertex 12.65 5 -22.1984
      vertex 12.65 4.99 -22.1984
    endloop
  endfacet
  facet normal 0.442238 0 0.896898
    outer loop
      vertex 13.085 5 -22.4891
      vertex 13.5543 4.99 -22.7205
      vertex 13.5543 5 -22.7205
    endloop
  endfacet
  facet normal 0.442238 0 0.896898
    outer loop
      vertex 13.5543 4.99 -22.7205
      vertex 13.085 5 -22.4891
      vertex 13.085 4.99 -22.4891
    endloop
  endfacet
  facet normal -0.997861 0 -0.0653646
    outer loop
      vertex 19.085 4.99 -19.025
      vertex 19.0508 5 -18.5029
      vertex 19.085 5 -19.025
    endloop
  endfacet
  facet normal -0.997861 -0 -0.0653646
    outer loop
      vertex 19.0508 5 -18.5029
      vertex 19.085 4.99 -19.025
      vertex 19.0508 4.99 -18.5029
    endloop
  endfacet
  facet normal -0.0653646 0 -0.997861
    outer loop
      vertex 15.085 4.99 -15.025
      vertex 15.6071 5 -15.0592
      vertex 15.6071 4.99 -15.0592
    endloop
  endfacet
  facet normal -0.0653646 0 -0.997861
    outer loop
      vertex 15.6071 5 -15.0592
      vertex 15.085 4.99 -15.025
      vertex 15.085 5 -15.025
    endloop
  endfacet
  facet normal -0.195124 0 -0.980779
    outer loop
      vertex 15.6071 4.99 -15.0592
      vertex 16.1203 5 -15.1613
      vertex 16.1203 4.99 -15.1613
    endloop
  endfacet
  facet normal -0.195124 0 -0.980779
    outer loop
      vertex 16.1203 5 -15.1613
      vertex 15.6071 4.99 -15.0592
      vertex 15.6071 5 -15.0592
    endloop
  endfacet
  facet normal -0.321498 0 -0.94691
    outer loop
      vertex 16.1203 4.99 -15.1613
      vertex 16.6157 5 -15.3295
      vertex 16.6157 4.99 -15.3295
    endloop
  endfacet
  facet normal -0.321498 0 -0.94691
    outer loop
      vertex 16.6157 5 -15.3295
      vertex 16.1203 4.99 -15.1613
      vertex 16.1203 5 -15.1613
    endloop
  endfacet
  facet normal -0.751842 0 -0.659343
    outer loop
      vertex 18.2584 4.99 -16.59
      vertex 17.9134 5 -16.1966
      vertex 18.2584 5 -16.59
    endloop
  endfacet
  facet normal -0.751842 -0 -0.659343
    outer loop
      vertex 17.9134 5 -16.1966
      vertex 18.2584 4.99 -16.59
      vertex 17.9134 4.99 -16.1966
    endloop
  endfacet
  facet normal -0.659343 0 -0.751842
    outer loop
      vertex 17.52 4.99 -15.8516
      vertex 17.9134 5 -16.1966
      vertex 17.9134 4.99 -16.1966
    endloop
  endfacet
  facet normal -0.659343 0 -0.751842
    outer loop
      vertex 17.9134 5 -16.1966
      vertex 17.52 4.99 -15.8516
      vertex 17.52 5 -15.8516
    endloop
  endfacet
  facet normal 0.321498 0 -0.94691
    outer loop
      vertex 13.5543 4.99 -15.3295
      vertex 14.0497 5 -15.1613
      vertex 14.0497 4.99 -15.1613
    endloop
  endfacet
  facet normal 0.321498 0 -0.94691
    outer loop
      vertex 14.0497 5 -15.1613
      vertex 13.5543 4.99 -15.3295
      vertex 13.5543 5 -15.3295
    endloop
  endfacet
  facet normal 0.555626 0 -0.831432
    outer loop
      vertex 12.65 4.99 -15.8516
      vertex 13.085 5 -15.5609
      vertex 13.085 4.99 -15.5609
    endloop
  endfacet
  facet normal 0.555626 0 -0.831432
    outer loop
      vertex 13.085 5 -15.5609
      vertex 12.65 4.99 -15.8516
      vertex 12.65 5 -15.8516
    endloop
  endfacet
  facet normal 0.980779 0 -0.195124
    outer loop
      vertex 11.2213 4.99 -17.9897
      vertex 11.1192 5 -18.5029
      vertex 11.2213 5 -17.9897
    endloop
  endfacet
  facet normal 0.980779 0 -0.195124
    outer loop
      vertex 11.1192 5 -18.5029
      vertex 11.2213 4.99 -17.9897
      vertex 11.1192 4.99 -18.5029
    endloop
  endfacet
  facet normal 0.896898 0 -0.442238
    outer loop
      vertex 11.6209 4.99 -17.025
      vertex 11.3895 5 -17.4943
      vertex 11.6209 5 -17.025
    endloop
  endfacet
  facet normal 0.896898 0 -0.442238
    outer loop
      vertex 11.3895 5 -17.4943
      vertex 11.6209 4.99 -17.025
      vertex 11.3895 4.99 -17.4943
    endloop
  endfacet
  facet normal -0.980779 0 -0.195124
    outer loop
      vertex 19.0508 4.99 -18.5029
      vertex 18.9487 5 -17.9897
      vertex 19.0508 5 -18.5029
    endloop
  endfacet
  facet normal -0.980779 -0 -0.195124
    outer loop
      vertex 18.9487 5 -17.9897
      vertex 19.0508 4.99 -18.5029
      vertex 18.9487 4.99 -17.9897
    endloop
  endfacet
  facet normal -0.896898 0 -0.442238
    outer loop
      vertex 18.7805 4.99 -17.4943
      vertex 18.5491 5 -17.025
      vertex 18.7805 5 -17.4943
    endloop
  endfacet
  facet normal -0.896898 -0 -0.442238
    outer loop
      vertex 18.5491 5 -17.025
      vertex 18.7805 4.99 -17.4943
      vertex 18.5491 4.99 -17.025
    endloop
  endfacet
  facet normal 0.195124 0 -0.980779
    outer loop
      vertex 14.0497 4.99 -15.1613
      vertex 14.5629 5 -15.0592
      vertex 14.5629 4.99 -15.0592
    endloop
  endfacet
  facet normal 0.195124 0 -0.980779
    outer loop
      vertex 14.5629 5 -15.0592
      vertex 14.0497 4.99 -15.1613
      vertex 14.0497 5 -15.1613
    endloop
  endfacet
  facet normal 0.442238 0 -0.896898
    outer loop
      vertex 13.085 4.99 -15.5609
      vertex 13.5543 5 -15.3295
      vertex 13.5543 4.99 -15.3295
    endloop
  endfacet
  facet normal 0.442238 0 -0.896898
    outer loop
      vertex 13.5543 5 -15.3295
      vertex 13.085 4.99 -15.5609
      vertex 13.085 5 -15.5609
    endloop
  endfacet
  facet normal 0.94691 0 -0.321498
    outer loop
      vertex 11.3895 4.99 -17.4943
      vertex 11.2213 5 -17.9897
      vertex 11.3895 5 -17.4943
    endloop
  endfacet
  facet normal 0.94691 0 -0.321498
    outer loop
      vertex 11.2213 5 -17.9897
      vertex 11.3895 4.99 -17.4943
      vertex 11.2213 4.99 -17.9897
    endloop
  endfacet
  facet normal 0.831432 0 -0.555626
    outer loop
      vertex 11.9116 4.99 -16.59
      vertex 11.6209 5 -17.025
      vertex 11.9116 5 -16.59
    endloop
  endfacet
  facet normal 0.831432 0 -0.555626
    outer loop
      vertex 11.6209 5 -17.025
      vertex 11.9116 4.99 -16.59
      vertex 11.6209 4.99 -17.025
    endloop
  endfacet
  facet normal -0.99787 0 0.0652336
    outer loop
      vertex 17.3158 0 18.7313
      vertex 17.335 3.25 19.025
      vertex 17.3158 3.25 18.7313
    endloop
  endfacet
  facet normal -0.99787 0 0.0652336
    outer loop
      vertex 17.335 3.25 19.025
      vertex 17.3158 0 18.7313
      vertex 17.335 0 19.025
    endloop
  endfacet
  facet normal 0.99787 -0 0.0652336
    outer loop
      vertex 12.835 0 19.025
      vertex 12.8542 3.25 18.7313
      vertex 12.835 3.25 19.025
    endloop
  endfacet
  facet normal 0.99787 0 0.0652336
    outer loop
      vertex 12.8542 3.25 18.7313
      vertex 12.835 0 19.025
      vertex 12.8542 0 18.7313
    endloop
  endfacet
  facet normal -0.0655719 0 0.997848
    outer loop
      vertex 15.085 3.25 16.775
      vertex 15.3787 0 16.7943
      vertex 15.3787 3.25 16.7943
    endloop
  endfacet
  facet normal -0.0655719 0 0.997848
    outer loop
      vertex 15.3787 0 16.7943
      vertex 15.085 3.25 16.775
      vertex 15.085 0 16.775
    endloop
  endfacet
  facet normal -0.751966 0 0.659202
    outer loop
      vertex 16.676 0 17.434
      vertex 16.87 3.25 17.6553
      vertex 16.676 3.25 17.434
    endloop
  endfacet
  facet normal -0.751966 0 0.659202
    outer loop
      vertex 16.87 3.25 17.6553
      vertex 16.676 0 17.434
      vertex 16.87 0 17.6553
    endloop
  endfacet
  facet normal 0.659202 0 0.751966
    outer loop
      vertex 13.494 3.25 17.434
      vertex 13.7153 0 17.24
      vertex 13.7153 3.25 17.24
    endloop
  endfacet
  facet normal 0.659202 0 0.751966
    outer loop
      vertex 13.7153 0 17.24
      vertex 13.494 3.25 17.434
      vertex 13.494 0 17.434
    endloop
  endfacet
  facet normal 0.321421 0 0.946936
    outer loop
      vertex 14.224 3.25 16.9463
      vertex 14.5027 0 16.8517
      vertex 14.5027 3.25 16.8517
    endloop
  endfacet
  facet normal 0.321421 0 0.946936
    outer loop
      vertex 14.5027 0 16.8517
      vertex 14.224 3.25 16.9463
      vertex 14.224 0 16.9463
    endloop
  endfacet
  facet normal -0.896995 0 0.442042
    outer loop
      vertex 17.0336 0 17.9
      vertex 17.1637 3.25 18.164
      vertex 17.0336 3.25 17.9
    endloop
  endfacet
  facet normal -0.896995 0 0.442042
    outer loop
      vertex 17.1637 3.25 18.164
      vertex 17.0336 0 17.9
      vertex 17.1637 0 18.164
    endloop
  endfacet
  facet normal -0.831318 0 0.555797
    outer loop
      vertex 16.87 0 17.6553
      vertex 17.0336 3.25 17.9
      vertex 16.87 3.25 17.6553
    endloop
  endfacet
  facet normal -0.831318 0 0.555797
    outer loop
      vertex 17.0336 3.25 17.9
      vertex 16.87 0 17.6553
      vertex 17.0336 0 17.9
    endloop
  endfacet
  facet normal -0.442042 0 0.896995
    outer loop
      vertex 15.946 3.25 16.9463
      vertex 16.21 0 17.0764
      vertex 16.21 3.25 17.0764
    endloop
  endfacet
  facet normal -0.442042 0 0.896995
    outer loop
      vertex 16.21 0 17.0764
      vertex 15.946 3.25 16.9463
      vertex 15.946 0 16.9463
    endloop
  endfacet
  facet normal -0.321421 0 0.946936
    outer loop
      vertex 15.6673 3.25 16.8517
      vertex 15.946 0 16.9463
      vertex 15.946 3.25 16.9463
    endloop
  endfacet
  facet normal -0.321421 0 0.946936
    outer loop
      vertex 15.946 0 16.9463
      vertex 15.6673 3.25 16.8517
      vertex 15.6673 0 16.8517
    endloop
  endfacet
  facet normal -0.555797 0 0.831318
    outer loop
      vertex 16.21 3.25 17.0764
      vertex 16.4547 0 17.24
      vertex 16.4547 3.25 17.24
    endloop
  endfacet
  facet normal -0.555797 0 0.831318
    outer loop
      vertex 16.4547 0 17.24
      vertex 16.21 3.25 17.0764
      vertex 16.21 0 17.0764
    endloop
  endfacet
  facet normal 0.896995 -0 0.442042
    outer loop
      vertex 13.0063 0 18.164
      vertex 13.1364 3.25 17.9
      vertex 13.0063 3.25 18.164
    endloop
  endfacet
  facet normal 0.896995 0 0.442042
    outer loop
      vertex 13.1364 3.25 17.9
      vertex 13.0063 0 18.164
      vertex 13.1364 0 17.9
    endloop
  endfacet
  facet normal 0.946936 -0 0.321421
    outer loop
      vertex 12.9117 0 18.4427
      vertex 13.0063 3.25 18.164
      vertex 12.9117 3.25 18.4427
    endloop
  endfacet
  facet normal 0.946936 0 0.321421
    outer loop
      vertex 13.0063 3.25 18.164
      vertex 12.9117 0 18.4427
      vertex 13.0063 0 18.164
    endloop
  endfacet
  facet normal 0.442042 0 0.896995
    outer loop
      vertex 13.96 3.25 17.0764
      vertex 14.224 0 16.9463
      vertex 14.224 3.25 16.9463
    endloop
  endfacet
  facet normal 0.442042 0 0.896995
    outer loop
      vertex 14.224 0 16.9463
      vertex 13.96 3.25 17.0764
      vertex 13.96 0 17.0764
    endloop
  endfacet
  facet normal 0.19507 0 0.980789
    outer loop
      vertex 14.5027 3.25 16.8517
      vertex 14.7913 0 16.7943
      vertex 14.7913 3.25 16.7943
    endloop
  endfacet
  facet normal 0.19507 0 0.980789
    outer loop
      vertex 14.7913 0 16.7943
      vertex 14.5027 3.25 16.8517
      vertex 14.5027 0 16.8517
    endloop
  endfacet
  facet normal -0.442042 0 -0.896995
    outer loop
      vertex 15.946 0 21.1037
      vertex 16.21 3.25 20.9736
      vertex 16.21 0 20.9736
    endloop
  endfacet
  facet normal -0.442042 0 -0.896995
    outer loop
      vertex 16.21 3.25 20.9736
      vertex 15.946 0 21.1037
      vertex 15.946 3.25 21.1037
    endloop
  endfacet
  facet normal -0.946936 0 -0.321421
    outer loop
      vertex 17.2583 0 19.6073
      vertex 17.1637 3.25 19.886
      vertex 17.2583 3.25 19.6073
    endloop
  endfacet
  facet normal -0.946936 -0 -0.321421
    outer loop
      vertex 17.1637 3.25 19.886
      vertex 17.2583 0 19.6073
      vertex 17.1637 0 19.886
    endloop
  endfacet
  facet normal 0.321421 0 -0.946936
    outer loop
      vertex 14.224 0 21.1037
      vertex 14.5027 3.25 21.1983
      vertex 14.5027 0 21.1983
    endloop
  endfacet
  facet normal 0.321421 0 -0.946936
    outer loop
      vertex 14.5027 3.25 21.1983
      vertex 14.224 0 21.1037
      vertex 14.224 3.25 21.1037
    endloop
  endfacet
  facet normal 0.896995 0 -0.442042
    outer loop
      vertex 13.1364 0 20.15
      vertex 13.0063 3.25 19.886
      vertex 13.1364 3.25 20.15
    endloop
  endfacet
  facet normal 0.896995 0 -0.442042
    outer loop
      vertex 13.0063 3.25 19.886
      vertex 13.1364 0 20.15
      vertex 13.0063 0 19.886
    endloop
  endfacet
  facet normal -0.946936 0 0.321421
    outer loop
      vertex 17.1637 0 18.164
      vertex 17.2583 3.25 18.4427
      vertex 17.1637 3.25 18.164
    endloop
  endfacet
  facet normal -0.946936 0 0.321421
    outer loop
      vertex 17.2583 3.25 18.4427
      vertex 17.1637 0 18.164
      vertex 17.2583 0 18.4427
    endloop
  endfacet
  facet normal -0.980724 0 0.195397
    outer loop
      vertex 17.2583 0 18.4427
      vertex 17.3158 3.25 18.7313
      vertex 17.2583 3.25 18.4427
    endloop
  endfacet
  facet normal -0.980724 0 0.195397
    outer loop
      vertex 17.3158 3.25 18.7313
      vertex 17.2583 0 18.4427
      vertex 17.3158 0 18.7313
    endloop
  endfacet
  facet normal -0.19507 0 0.980789
    outer loop
      vertex 15.3787 3.25 16.7943
      vertex 15.6673 0 16.8517
      vertex 15.6673 3.25 16.8517
    endloop
  endfacet
  facet normal -0.19507 0 0.980789
    outer loop
      vertex 15.6673 0 16.8517
      vertex 15.3787 3.25 16.7943
      vertex 15.3787 0 16.7943
    endloop
  endfacet
  facet normal -0.659202 0 0.751966
    outer loop
      vertex 16.4547 3.25 17.24
      vertex 16.676 0 17.434
      vertex 16.676 3.25 17.434
    endloop
  endfacet
  facet normal -0.659202 0 0.751966
    outer loop
      vertex 16.676 0 17.434
      vertex 16.4547 3.25 17.24
      vertex 16.4547 0 17.24
    endloop
  endfacet
  facet normal 0.831318 -0 0.555797
    outer loop
      vertex 13.1364 0 17.9
      vertex 13.3 3.25 17.6553
      vertex 13.1364 3.25 17.9
    endloop
  endfacet
  facet normal 0.831318 0 0.555797
    outer loop
      vertex 13.3 3.25 17.6553
      vertex 13.1364 0 17.9
      vertex 13.3 0 17.6553
    endloop
  endfacet
  facet normal 0.751966 -0 0.659202
    outer loop
      vertex 13.3 0 17.6553
      vertex 13.494 3.25 17.434
      vertex 13.3 3.25 17.6553
    endloop
  endfacet
  facet normal 0.751966 0 0.659202
    outer loop
      vertex 13.494 3.25 17.434
      vertex 13.3 0 17.6553
      vertex 13.494 0 17.434
    endloop
  endfacet
  facet normal 0.980724 -0 0.195397
    outer loop
      vertex 12.8542 0 18.7313
      vertex 12.9117 3.25 18.4427
      vertex 12.8542 3.25 18.7313
    endloop
  endfacet
  facet normal 0.980724 0 0.195397
    outer loop
      vertex 12.9117 3.25 18.4427
      vertex 12.8542 0 18.7313
      vertex 12.9117 0 18.4427
    endloop
  endfacet
  facet normal 0.555797 0 0.831318
    outer loop
      vertex 13.7153 3.25 17.24
      vertex 13.96 0 17.0764
      vertex 13.96 3.25 17.0764
    endloop
  endfacet
  facet normal 0.555797 0 0.831318
    outer loop
      vertex 13.96 0 17.0764
      vertex 13.7153 3.25 17.24
      vertex 13.7153 0 17.24
    endloop
  endfacet
  facet normal 0.0655719 0 0.997848
    outer loop
      vertex 14.7913 3.25 16.7943
      vertex 15.085 0 16.775
      vertex 15.085 3.25 16.775
    endloop
  endfacet
  facet normal 0.0655719 0 0.997848
    outer loop
      vertex 15.085 0 16.775
      vertex 14.7913 3.25 16.7943
      vertex 14.7913 0 16.7943
    endloop
  endfacet
  facet normal -0.0652336 0 -0.99787
    outer loop
      vertex 15.085 0 21.275
      vertex 15.3787 3.25 21.2558
      vertex 15.3787 0 21.2558
    endloop
  endfacet
  facet normal -0.0652336 0 -0.99787
    outer loop
      vertex 15.3787 3.25 21.2558
      vertex 15.085 0 21.275
      vertex 15.085 3.25 21.275
    endloop
  endfacet
  facet normal -0.321421 0 -0.946936
    outer loop
      vertex 15.6673 0 21.1983
      vertex 15.946 3.25 21.1037
      vertex 15.946 0 21.1037
    endloop
  endfacet
  facet normal -0.321421 0 -0.946936
    outer loop
      vertex 15.946 3.25 21.1037
      vertex 15.6673 0 21.1983
      vertex 15.6673 3.25 21.1983
    endloop
  endfacet
  facet normal -0.555797 0 -0.831318
    outer loop
      vertex 16.21 0 20.9736
      vertex 16.4547 3.25 20.81
      vertex 16.4547 0 20.81
    endloop
  endfacet
  facet normal -0.555797 0 -0.831318
    outer loop
      vertex 16.4547 3.25 20.81
      vertex 16.21 0 20.9736
      vertex 16.21 3.25 20.9736
    endloop
  endfacet
  facet normal -0.751966 0 -0.659202
    outer loop
      vertex 16.87 0 20.3947
      vertex 16.676 3.25 20.616
      vertex 16.87 3.25 20.3947
    endloop
  endfacet
  facet normal -0.751966 -0 -0.659202
    outer loop
      vertex 16.676 3.25 20.616
      vertex 16.87 0 20.3947
      vertex 16.676 0 20.616
    endloop
  endfacet
  facet normal -0.896995 0 -0.442042
    outer loop
      vertex 17.1637 0 19.886
      vertex 17.0336 3.25 20.15
      vertex 17.1637 3.25 19.886
    endloop
  endfacet
  facet normal -0.896995 -0 -0.442042
    outer loop
      vertex 17.0336 3.25 20.15
      vertex 17.1637 0 19.886
      vertex 17.0336 0 20.15
    endloop
  endfacet
  facet normal 0.659202 0 -0.751966
    outer loop
      vertex 13.494 0 20.616
      vertex 13.7153 3.25 20.81
      vertex 13.7153 0 20.81
    endloop
  endfacet
  facet normal 0.659202 0 -0.751966
    outer loop
      vertex 13.7153 3.25 20.81
      vertex 13.494 0 20.616
      vertex 13.494 3.25 20.616
    endloop
  endfacet
  facet normal 0.442042 0 -0.896995
    outer loop
      vertex 13.96 0 20.9736
      vertex 14.224 3.25 21.1037
      vertex 14.224 0 21.1037
    endloop
  endfacet
  facet normal 0.442042 0 -0.896995
    outer loop
      vertex 14.224 3.25 21.1037
      vertex 13.96 0 20.9736
      vertex 13.96 3.25 20.9736
    endloop
  endfacet
  facet normal 0.195397 0 -0.980724
    outer loop
      vertex 14.5027 0 21.1983
      vertex 14.7913 3.25 21.2558
      vertex 14.7913 0 21.2558
    endloop
  endfacet
  facet normal 0.195397 0 -0.980724
    outer loop
      vertex 14.7913 3.25 21.2558
      vertex 14.5027 0 21.1983
      vertex 14.5027 3.25 21.1983
    endloop
  endfacet
  facet normal 0.831318 0 -0.555797
    outer loop
      vertex 13.3 0 20.3947
      vertex 13.1364 3.25 20.15
      vertex 13.3 3.25 20.3947
    endloop
  endfacet
  facet normal 0.831318 0 -0.555797
    outer loop
      vertex 13.1364 3.25 20.15
      vertex 13.3 0 20.3947
      vertex 13.1364 0 20.15
    endloop
  endfacet
  facet normal 0.946936 0 -0.321421
    outer loop
      vertex 13.0063 0 19.886
      vertex 12.9117 3.25 19.6073
      vertex 13.0063 3.25 19.886
    endloop
  endfacet
  facet normal 0.946936 0 -0.321421
    outer loop
      vertex 12.9117 3.25 19.6073
      vertex 13.0063 0 19.886
      vertex 12.9117 0 19.6073
    endloop
  endfacet
  facet normal 0.99787 0 -0.0652336
    outer loop
      vertex 12.8542 0 19.3187
      vertex 12.835 3.25 19.025
      vertex 12.8542 3.25 19.3187
    endloop
  endfacet
  facet normal 0.99787 0 -0.0652336
    outer loop
      vertex 12.835 3.25 19.025
      vertex 12.8542 0 19.3187
      vertex 12.835 0 19.025
    endloop
  endfacet
  facet normal -0.195397 0 -0.980724
    outer loop
      vertex 15.3787 0 21.2558
      vertex 15.6673 3.25 21.1983
      vertex 15.6673 0 21.1983
    endloop
  endfacet
  facet normal -0.195397 0 -0.980724
    outer loop
      vertex 15.6673 3.25 21.1983
      vertex 15.3787 0 21.2558
      vertex 15.3787 3.25 21.2558
    endloop
  endfacet
  facet normal -0.659202 0 -0.751966
    outer loop
      vertex 16.4547 0 20.81
      vertex 16.676 3.25 20.616
      vertex 16.676 0 20.616
    endloop
  endfacet
  facet normal -0.659202 0 -0.751966
    outer loop
      vertex 16.676 3.25 20.616
      vertex 16.4547 0 20.81
      vertex 16.4547 3.25 20.81
    endloop
  endfacet
  facet normal -0.831318 0 -0.555797
    outer loop
      vertex 17.0336 0 20.15
      vertex 16.87 3.25 20.3947
      vertex 17.0336 3.25 20.15
    endloop
  endfacet
  facet normal -0.831318 -0 -0.555797
    outer loop
      vertex 16.87 3.25 20.3947
      vertex 17.0336 0 20.15
      vertex 16.87 0 20.3947
    endloop
  endfacet
  facet normal -0.980724 0 -0.195397
    outer loop
      vertex 17.3158 0 19.3187
      vertex 17.2583 3.25 19.6073
      vertex 17.3158 3.25 19.3187
    endloop
  endfacet
  facet normal -0.980724 -0 -0.195397
    outer loop
      vertex 17.2583 3.25 19.6073
      vertex 17.3158 0 19.3187
      vertex 17.2583 0 19.6073
    endloop
  endfacet
  facet normal -0.99787 0 -0.0652336
    outer loop
      vertex 17.335 0 19.025
      vertex 17.3158 3.25 19.3187
      vertex 17.335 3.25 19.025
    endloop
  endfacet
  facet normal -0.99787 -0 -0.0652336
    outer loop
      vertex 17.3158 3.25 19.3187
      vertex 17.335 0 19.025
      vertex 17.3158 0 19.3187
    endloop
  endfacet
  facet normal 0.555797 0 -0.831318
    outer loop
      vertex 13.7153 0 20.81
      vertex 13.96 3.25 20.9736
      vertex 13.96 0 20.9736
    endloop
  endfacet
  facet normal 0.555797 0 -0.831318
    outer loop
      vertex 13.96 3.25 20.9736
      vertex 13.7153 0 20.81
      vertex 13.7153 3.25 20.81
    endloop
  endfacet
  facet normal 0.0652336 0 -0.99787
    outer loop
      vertex 14.7913 0 21.2558
      vertex 15.085 3.25 21.275
      vertex 15.085 0 21.275
    endloop
  endfacet
  facet normal 0.0652336 0 -0.99787
    outer loop
      vertex 15.085 3.25 21.275
      vertex 14.7913 0 21.2558
      vertex 14.7913 3.25 21.2558
    endloop
  endfacet
  facet normal 0.751966 0 -0.659202
    outer loop
      vertex 13.494 0 20.616
      vertex 13.3 3.25 20.3947
      vertex 13.494 3.25 20.616
    endloop
  endfacet
  facet normal 0.751966 0 -0.659202
    outer loop
      vertex 13.3 3.25 20.3947
      vertex 13.494 0 20.616
      vertex 13.3 0 20.3947
    endloop
  endfacet
  facet normal 0.980724 0 -0.195397
    outer loop
      vertex 12.9117 0 19.6073
      vertex 12.8542 3.25 19.3187
      vertex 12.9117 3.25 19.6073
    endloop
  endfacet
  facet normal 0.980724 0 -0.195397
    outer loop
      vertex 12.8542 3.25 19.3187
      vertex 12.9117 0 19.6073
      vertex 12.8542 0 19.3187
    endloop
  endfacet
  facet normal -0.533746 0.704334 -0.468005
    outer loop
      vertex 17.8994 4.99 21.8394
      vertex 18.2404 4.99 21.4505
      vertex 16.676 3.25 20.616
    endloop
  endfacet
  facet normal -0.708358 0.704328 0.0463822
    outer loop
      vertex 19.0651 4.99 19.025
      vertex 19.0313 4.99 18.5088
      vertex 17.335 3.25 19.025
    endloop
  endfacet
  facet normal -0.708694 0.704207 0.0429511
    outer loop
      vertex 17.3158 3.25 18.7313
      vertex 19.0313 4.99 18.5088
      vertex 19.0311 4.99 18.5055
    endloop
  endfacet
  facet normal -0.708372 0.704319 0.0463083
    outer loop
      vertex 19.0313 4.99 18.5088
      vertex 17.3158 3.25 18.7313
      vertex 17.335 3.25 19.025
    endloop
  endfacet
  facet normal -0.708372 0.704319 -0.0463083
    outer loop
      vertex 17.3158 3.25 19.3187
      vertex 19.0313 4.99 19.5412
      vertex 17.335 3.25 19.025
    endloop
  endfacet
  facet normal -0.708694 0.704207 -0.0429511
    outer loop
      vertex 19.0313 4.99 19.5412
      vertex 17.3158 3.25 19.3187
      vertex 19.0311 4.99 19.5445
    endloop
  endfacet
  facet normal 0.696209 0.70431 -0.138711
    outer loop
      vertex 12.8542 3.25 19.3187
      vertex 11.1396 4.99 19.5478
      vertex 12.9117 3.25 19.6073
    endloop
  endfacet
  facet normal 0.69474 0.704002 -0.147369
    outer loop
      vertex 11.1396 4.99 19.5478
      vertex 12.8542 3.25 19.3187
      vertex 11.1389 4.99 19.5445
    endloop
  endfacet
  facet normal 0.138474 0.704337 0.696228
    outer loop
      vertex 14.7913 3.25 16.7943
      vertex 14.5622 4.99 15.0796
      vertex 14.5027 3.25 16.8517
    endloop
  endfacet
  facet normal 0.147365 0.704022 0.69472
    outer loop
      vertex 14.5622 4.99 15.0796
      vertex 14.7913 3.25 16.7943
      vertex 14.5655 4.99 15.0789
    endloop
  endfacet
  facet normal -0.0463822 0.704328 -0.708358
    outer loop
      vertex 15.085 4.99 23.0051
      vertex 15.6012 4.99 22.9713
      vertex 15.085 3.25 21.275
    endloop
  endfacet
  facet normal -0.672187 0.704328 -0.228225
    outer loop
      vertex 18.7621 4.99 20.5481
      vertex 18.9284 4.99 20.0583
      vertex 17.1637 3.25 19.886
    endloop
  endfacet
  facet normal -0.708358 0.704328 -0.0463822
    outer loop
      vertex 19.0313 4.99 19.5412
      vertex 19.0651 4.99 19.025
      vertex 17.335 3.25 19.025
    endloop
  endfacet
  facet normal 0.458311 0.704683 -0.54164
    outer loop
      vertex 13.7153 3.25 20.81
      vertex 12.6595 4.99 22.1804
      vertex 12.6621 4.99 22.1826
    endloop
  endfacet
  facet normal 0.467941 0.704343 -0.53379
    outer loop
      vertex 12.6595 4.99 22.1804
      vertex 13.7153 3.25 20.81
      vertex 13.494 3.25 20.616
    endloop
  endfacet
  facet normal 0.3944 0.70433 -0.590228
    outer loop
      vertex 13.0949 4.99 22.4719
      vertex 13.96 3.25 20.9736
      vertex 12.6648 4.99 22.1845
    endloop
  endfacet
  facet normal 0.53379 0.704343 0.467941
    outer loop
      vertex 11.9296 4.99 16.5995
      vertex 13.3 3.25 17.6553
      vertex 13.494 3.25 17.434
    endloop
  endfacet
  facet normal 0.54164 0.704683 0.458311
    outer loop
      vertex 13.3 3.25 17.6553
      vertex 11.9296 4.99 16.5995
      vertex 11.9274 4.99 16.6021
    endloop
  endfacet
  facet normal -0.671397 0.704245 -0.230793
    outer loop
      vertex 17.2583 3.25 19.6073
      vertex 18.9284 4.99 20.0583
      vertex 18.9295 4.99 20.0551
    endloop
  endfacet
  facet normal -0.672199 0.704335 -0.228167
    outer loop
      vertex 18.9284 4.99 20.0583
      vertex 17.2583 3.25 19.6073
      vertex 17.1637 3.25 19.886
    endloop
  endfacet
  facet normal -0.642901 0.704745 -0.300021
    outer loop
      vertex 17.1637 3.25 19.886
      vertex 18.7607 4.99 20.5511
      vertex 18.7621 4.99 20.5481
    endloop
  endfacet
  facet normal -0.636736 0.704348 -0.313785
    outer loop
      vertex 18.7607 4.99 20.5511
      vertex 17.1637 3.25 19.886
      vertex 17.0336 3.25 20.15
    endloop
  endfacet
  facet normal -0.313948 0.704328 -0.636678
    outer loop
      vertex 16.6111 4.99 22.7007
      vertex 17.0751 4.99 22.4719
      vertex 16.21 3.25 20.9736
    endloop
  endfacet
  facet normal 0.580169 0.704785 -0.408267
    outer loop
      vertex 13.3 3.25 20.3947
      vertex 11.9255 4.99 21.4452
      vertex 11.9274 4.99 21.4479
    endloop
  endfacet
  facet normal 0.590113 0.70435 -0.394534
    outer loop
      vertex 11.9255 4.99 21.4452
      vertex 13.3 3.25 20.3947
      vertex 13.1364 3.25 20.15
    endloop
  endfacet
  facet normal -0.590228 0.70433 0.3944
    outer loop
      vertex 18.5319 4.99 17.0349
      vertex 18.2445 4.99 16.6048
      vertex 17.0336 3.25 17.9
    endloop
  endfacet
  facet normal 0.636736 0.704348 0.313785
    outer loop
      vertex 11.4093 4.99 17.4989
      vertex 13.0063 3.25 18.164
      vertex 13.1364 3.25 17.9
    endloop
  endfacet
  facet normal 0.642901 0.704745 0.300021
    outer loop
      vertex 13.0063 3.25 18.164
      vertex 11.4093 4.99 17.4989
      vertex 11.4079 4.99 17.5019
    endloop
  endfacet
  facet normal 0.394534 0.70435 0.590113
    outer loop
      vertex 12.6648 4.99 15.8655
      vertex 13.7153 3.25 17.24
      vertex 13.96 3.25 17.0764
    endloop
  endfacet
  facet normal 0.408267 0.704785 0.580169
    outer loop
      vertex 13.7153 3.25 17.24
      vertex 12.6648 4.99 15.8655
      vertex 12.6621 4.99 15.8674
    endloop
  endfacet
  facet normal -0.69474 0.704002 -0.147369
    outer loop
      vertex 17.3158 3.25 19.3187
      vertex 19.0304 4.99 19.5478
      vertex 19.0311 4.99 19.5445
    endloop
  endfacet
  facet normal -0.696209 0.70431 -0.138711
    outer loop
      vertex 19.0304 4.99 19.5478
      vertex 17.3158 3.25 19.3187
      vertex 17.2583 3.25 19.6073
    endloop
  endfacet
  facet normal -0.696228 0.704337 -0.138477
    outer loop
      vertex 18.9295 4.99 20.0551
      vertex 19.0304 4.99 19.5478
      vertex 17.2583 3.25 19.6073
    endloop
  endfacet
  facet normal -0.590228 0.70433 -0.3944
    outer loop
      vertex 18.2445 4.99 21.4452
      vertex 18.5319 4.99 21.0151
      vertex 17.0336 3.25 20.15
    endloop
  endfacet
  facet normal -0.636678 0.704328 -0.313948
    outer loop
      vertex 18.5319 4.99 21.0151
      vertex 18.7607 4.99 20.5511
      vertex 17.0336 3.25 20.15
    endloop
  endfacet
  facet normal -0.580169 0.704785 -0.408267
    outer loop
      vertex 18.2445 4.99 21.4452
      vertex 16.87 3.25 20.3947
      vertex 18.2426 4.99 21.4479
    endloop
  endfacet
  facet normal -0.590113 0.70435 -0.394534
    outer loop
      vertex 16.87 3.25 20.3947
      vertex 18.2445 4.99 21.4452
      vertex 17.0336 3.25 20.15
    endloop
  endfacet
  facet normal -0.54164 0.704683 -0.458311
    outer loop
      vertex 16.87 3.25 20.3947
      vertex 18.2404 4.99 21.4505
      vertex 18.2426 4.99 21.4479
    endloop
  endfacet
  facet normal -0.53379 0.704343 -0.467941
    outer loop
      vertex 18.2404 4.99 21.4505
      vertex 16.87 3.25 20.3947
      vertex 16.676 3.25 20.616
    endloop
  endfacet
  facet normal -0.458311 0.704683 -0.54164
    outer loop
      vertex 17.5105 4.99 22.1804
      vertex 16.4547 3.25 20.81
      vertex 17.5079 4.99 22.1826
    endloop
  endfacet
  facet normal -0.467941 0.704343 -0.53379
    outer loop
      vertex 16.4547 3.25 20.81
      vertex 17.5105 4.99 22.1804
      vertex 16.676 3.25 20.616
    endloop
  endfacet
  facet normal -0.468005 0.704334 -0.533746
    outer loop
      vertex 17.5105 4.99 22.1804
      vertex 17.8994 4.99 21.8394
      vertex 16.676 3.25 20.616
    endloop
  endfacet
  facet normal -0.228225 0.704328 -0.672187
    outer loop
      vertex 16.1183 4.99 22.8684
      vertex 16.6081 4.99 22.7021
      vertex 15.946 3.25 21.1037
    endloop
  endfacet
  facet normal 0.636678 0.704328 -0.313948
    outer loop
      vertex 11.6381 4.99 21.0151
      vertex 13.1364 3.25 20.15
      vertex 11.4093 4.99 20.5511
    endloop
  endfacet
  facet normal 0.313948 0.704328 -0.636678
    outer loop
      vertex 13.5589 4.99 22.7007
      vertex 13.96 3.25 20.9736
      vertex 13.0949 4.99 22.4719
    endloop
  endfacet
  facet normal 0.394534 0.70435 -0.590113
    outer loop
      vertex 13.7153 3.25 20.81
      vertex 12.6648 4.99 22.1845
      vertex 13.96 3.25 20.9736
    endloop
  endfacet
  facet normal 0.408267 0.704785 -0.580169
    outer loop
      vertex 12.6648 4.99 22.1845
      vertex 13.7153 3.25 20.81
      vertex 12.6621 4.99 22.1826
    endloop
  endfacet
  facet normal 0.590228 0.70433 -0.3944
    outer loop
      vertex 11.9255 4.99 21.4452
      vertex 13.1364 3.25 20.15
      vertex 11.6381 4.99 21.0151
    endloop
  endfacet
  facet normal 0.636736 0.704348 -0.313785
    outer loop
      vertex 13.0063 3.25 19.886
      vertex 11.4093 4.99 20.5511
      vertex 13.1364 3.25 20.15
    endloop
  endfacet
  facet normal 0.642901 0.704745 -0.300021
    outer loop
      vertex 11.4093 4.99 20.5511
      vertex 13.0063 3.25 19.886
      vertex 11.4079 4.99 20.5481
    endloop
  endfacet
  facet normal -0.313785 0.704348 0.636736
    outer loop
      vertex 16.6111 4.99 15.3493
      vertex 15.946 3.25 16.9463
      vertex 16.21 3.25 17.0764
    endloop
  endfacet
  facet normal -0.300021 0.704745 0.642901
    outer loop
      vertex 15.946 3.25 16.9463
      vertex 16.6111 4.99 15.3493
      vertex 16.6081 4.99 15.3479
    endloop
  endfacet
  facet normal 0.313948 0.704328 0.636678
    outer loop
      vertex 13.96 3.25 17.0764
      vertex 13.5589 4.99 15.3493
      vertex 13.0949 4.99 15.5781
    endloop
  endfacet
  facet normal 0.708372 0.704319 0.0463083
    outer loop
      vertex 12.8542 3.25 18.7313
      vertex 11.1387 4.99 18.5088
      vertex 12.835 3.25 19.025
    endloop
  endfacet
  facet normal 0.708694 0.704207 0.0429511
    outer loop
      vertex 11.1387 4.99 18.5088
      vertex 12.8542 3.25 18.7313
      vertex 11.1389 4.99 18.5055
    endloop
  endfacet
  facet normal 0.590113 0.70435 0.394534
    outer loop
      vertex 13.3 3.25 17.6553
      vertex 11.9255 4.99 16.6048
      vertex 13.1364 3.25 17.9
    endloop
  endfacet
  facet normal 0.580169 0.704785 0.408267
    outer loop
      vertex 11.9255 4.99 16.6048
      vertex 13.3 3.25 17.6553
      vertex 11.9274 4.99 16.6021
    endloop
  endfacet
  facet normal 0.3944 0.70433 0.590228
    outer loop
      vertex 13.96 3.25 17.0764
      vertex 13.0949 4.99 15.5781
      vertex 12.6648 4.99 15.8655
    endloop
  endfacet
  facet normal 0.468005 0.704334 0.533746
    outer loop
      vertex 13.494 3.25 17.434
      vertex 12.6595 4.99 15.8696
      vertex 12.2706 4.99 16.2106
    endloop
  endfacet
  facet normal 0.228167 0.704335 0.672199
    outer loop
      vertex 14.5027 3.25 16.8517
      vertex 14.0517 4.99 15.1816
      vertex 14.224 3.25 16.9463
    endloop
  endfacet
  facet normal 0.230793 0.704245 0.671397
    outer loop
      vertex 14.0517 4.99 15.1816
      vertex 14.5027 3.25 16.8517
      vertex 14.0549 4.99 15.1805
    endloop
  endfacet
  facet normal -0.3944 0.70433 -0.590228
    outer loop
      vertex 17.0751 4.99 22.4719
      vertex 17.5052 4.99 22.1845
      vertex 16.21 3.25 20.9736
    endloop
  endfacet
  facet normal -0.408267 0.704785 -0.580169
    outer loop
      vertex 16.4547 3.25 20.81
      vertex 17.5052 4.99 22.1845
      vertex 17.5079 4.99 22.1826
    endloop
  endfacet
  facet normal -0.394534 0.70435 -0.590113
    outer loop
      vertex 17.5052 4.99 22.1845
      vertex 16.4547 3.25 20.81
      vertex 16.21 3.25 20.9736
    endloop
  endfacet
  facet normal -0.300021 0.704745 -0.642901
    outer loop
      vertex 16.6111 4.99 22.7007
      vertex 15.946 3.25 21.1037
      vertex 16.6081 4.99 22.7021
    endloop
  endfacet
  facet normal -0.313785 0.704348 -0.636736
    outer loop
      vertex 15.946 3.25 21.1037
      vertex 16.6111 4.99 22.7007
      vertex 16.21 3.25 20.9736
    endloop
  endfacet
  facet normal -0.138477 0.704337 -0.696228
    outer loop
      vertex 16.1151 4.99 22.8695
      vertex 15.6673 3.25 21.1983
      vertex 15.6078 4.99 22.9704
    endloop
  endfacet
  facet normal -0.230793 0.704245 -0.671397
    outer loop
      vertex 16.1183 4.99 22.8684
      vertex 15.6673 3.25 21.1983
      vertex 16.1151 4.99 22.8695
    endloop
  endfacet
  facet normal -0.228167 0.704335 -0.672199
    outer loop
      vertex 15.6673 3.25 21.1983
      vertex 16.1183 4.99 22.8684
      vertex 15.946 3.25 21.1037
    endloop
  endfacet
  facet normal -0.147369 0.704002 -0.69474
    outer loop
      vertex 15.6078 4.99 22.9704
      vertex 15.3787 3.25 21.2558
      vertex 15.6045 4.99 22.9711
    endloop
  endfacet
  facet normal -0.138711 0.70431 -0.696209
    outer loop
      vertex 15.3787 3.25 21.2558
      vertex 15.6078 4.99 22.9704
      vertex 15.6673 3.25 21.1983
    endloop
  endfacet
  facet normal -0.0429511 0.704207 -0.708694
    outer loop
      vertex 15.3787 3.25 21.2558
      vertex 15.6012 4.99 22.9713
      vertex 15.6045 4.99 22.9711
    endloop
  endfacet
  facet normal -0.0463083 0.704319 -0.708372
    outer loop
      vertex 15.6012 4.99 22.9713
      vertex 15.3787 3.25 21.2558
      vertex 15.085 3.25 21.275
    endloop
  endfacet
  facet normal 0.672187 0.704328 -0.228225
    outer loop
      vertex 11.4079 4.99 20.5481
      vertex 13.0063 3.25 19.886
      vertex 11.2416 4.99 20.0583
    endloop
  endfacet
  facet normal 0.696228 0.704337 -0.138477
    outer loop
      vertex 11.2405 4.99 20.0551
      vertex 12.9117 3.25 19.6073
      vertex 11.1396 4.99 19.5478
    endloop
  endfacet
  facet normal 0.0463083 0.704319 -0.708372
    outer loop
      vertex 14.7913 3.25 21.2558
      vertex 14.5688 4.99 22.9713
      vertex 15.085 3.25 21.275
    endloop
  endfacet
  facet normal 0.0429511 0.704207 -0.708694
    outer loop
      vertex 14.5688 4.99 22.9713
      vertex 14.7913 3.25 21.2558
      vertex 14.5655 4.99 22.9711
    endloop
  endfacet
  facet normal 0.0463822 0.704328 -0.708358
    outer loop
      vertex 15.085 4.99 23.0051
      vertex 15.085 3.25 21.275
      vertex 14.5688 4.99 22.9713
    endloop
  endfacet
  facet normal 0.228225 0.704328 -0.672187
    outer loop
      vertex 14.0517 4.99 22.8684
      vertex 14.224 3.25 21.1037
      vertex 13.5619 4.99 22.7021
    endloop
  endfacet
  facet normal 0.300021 0.704745 -0.642901
    outer loop
      vertex 14.224 3.25 21.1037
      vertex 13.5589 4.99 22.7007
      vertex 13.5619 4.99 22.7021
    endloop
  endfacet
  facet normal 0.313785 0.704348 -0.636736
    outer loop
      vertex 13.5589 4.99 22.7007
      vertex 14.224 3.25 21.1037
      vertex 13.96 3.25 20.9736
    endloop
  endfacet
  facet normal 0.533746 0.704334 -0.468005
    outer loop
      vertex 12.2706 4.99 21.8394
      vertex 13.494 3.25 20.616
      vertex 11.9296 4.99 21.4505
    endloop
  endfacet
  facet normal 0.468005 0.704334 -0.533746
    outer loop
      vertex 12.6595 4.99 22.1804
      vertex 13.494 3.25 20.616
      vertex 12.2706 4.99 21.8394
    endloop
  endfacet
  facet normal 0.53379 0.704343 -0.467941
    outer loop
      vertex 13.3 3.25 20.3947
      vertex 11.9296 4.99 21.4505
      vertex 13.494 3.25 20.616
    endloop
  endfacet
  facet normal 0.54164 0.704683 -0.458311
    outer loop
      vertex 11.9296 4.99 21.4505
      vertex 13.3 3.25 20.3947
      vertex 11.9274 4.99 21.4479
    endloop
  endfacet
  facet normal -0.408267 0.704785 0.580169
    outer loop
      vertex 17.5052 4.99 15.8655
      vertex 16.4547 3.25 17.24
      vertex 17.5079 4.99 15.8674
    endloop
  endfacet
  facet normal -0.394534 0.70435 0.590113
    outer loop
      vertex 16.4547 3.25 17.24
      vertex 17.5052 4.99 15.8655
      vertex 16.21 3.25 17.0764
    endloop
  endfacet
  facet normal -0.138477 0.704337 0.696228
    outer loop
      vertex 15.6673 3.25 16.8517
      vertex 16.1151 4.99 15.1805
      vertex 15.6078 4.99 15.0796
    endloop
  endfacet
  facet normal -0.636678 0.704328 0.313948
    outer loop
      vertex 18.7607 4.99 17.4989
      vertex 18.5319 4.99 17.0349
      vertex 17.0336 3.25 17.9
    endloop
  endfacet
  facet normal 0.138477 0.704337 0.696228
    outer loop
      vertex 14.5027 3.25 16.8517
      vertex 14.5622 4.99 15.0796
      vertex 14.0549 4.99 15.1805
    endloop
  endfacet
  facet normal 0.590228 0.70433 0.3944
    outer loop
      vertex 13.1364 3.25 17.9
      vertex 11.9255 4.99 16.6048
      vertex 11.6381 4.99 17.0349
    endloop
  endfacet
  facet normal 0.636678 0.704328 0.313948
    outer loop
      vertex 13.1364 3.25 17.9
      vertex 11.6381 4.99 17.0349
      vertex 11.4093 4.99 17.4989
    endloop
  endfacet
  facet normal 0.708358 0.704328 -0.0463822
    outer loop
      vertex 11.1387 4.99 19.5412
      vertex 12.835 3.25 19.025
      vertex 11.1049 4.99 19.025
    endloop
  endfacet
  facet normal 0.708358 0.704328 0.0463822
    outer loop
      vertex 12.835 3.25 19.025
      vertex 11.1387 4.99 18.5088
      vertex 11.1049 4.99 19.025
    endloop
  endfacet
  facet normal 0.69474 0.704002 0.147369
    outer loop
      vertex 12.8542 3.25 18.7313
      vertex 11.1396 4.99 18.5022
      vertex 11.1389 4.99 18.5055
    endloop
  endfacet
  facet normal 0.696209 0.70431 0.138711
    outer loop
      vertex 11.1396 4.99 18.5022
      vertex 12.8542 3.25 18.7313
      vertex 12.9117 3.25 18.4427
    endloop
  endfacet
  facet normal 0.672187 0.704328 0.228225
    outer loop
      vertex 13.0063 3.25 18.164
      vertex 11.4079 4.99 17.5019
      vertex 11.2416 4.99 17.9917
    endloop
  endfacet
  facet normal 0.533746 0.704334 0.468005
    outer loop
      vertex 13.494 3.25 17.434
      vertex 12.2706 4.99 16.2106
      vertex 11.9296 4.99 16.5995
    endloop
  endfacet
  facet normal 0.467941 0.704343 0.53379
    outer loop
      vertex 13.7153 3.25 17.24
      vertex 12.6595 4.99 15.8696
      vertex 13.494 3.25 17.434
    endloop
  endfacet
  facet normal 0.458311 0.704683 0.54164
    outer loop
      vertex 12.6595 4.99 15.8696
      vertex 13.7153 3.25 17.24
      vertex 12.6621 4.99 15.8674
    endloop
  endfacet
  facet normal 0.672199 0.704335 -0.228167
    outer loop
      vertex 12.9117 3.25 19.6073
      vertex 11.2416 4.99 20.0583
      vertex 13.0063 3.25 19.886
    endloop
  endfacet
  facet normal 0.671397 0.704245 -0.230793
    outer loop
      vertex 11.2416 4.99 20.0583
      vertex 12.9117 3.25 19.6073
      vertex 11.2405 4.99 20.0551
    endloop
  endfacet
  facet normal 0.230793 0.704245 -0.671397
    outer loop
      vertex 14.5027 3.25 21.1983
      vertex 14.0517 4.99 22.8684
      vertex 14.0549 4.99 22.8695
    endloop
  endfacet
  facet normal 0.228167 0.704335 -0.672199
    outer loop
      vertex 14.0517 4.99 22.8684
      vertex 14.5027 3.25 21.1983
      vertex 14.224 3.25 21.1037
    endloop
  endfacet
  facet normal 0.138477 0.704337 -0.696228
    outer loop
      vertex 14.5622 4.99 22.9704
      vertex 14.5027 3.25 21.1983
      vertex 14.0549 4.99 22.8695
    endloop
  endfacet
  facet normal 0.147369 0.704002 -0.69474
    outer loop
      vertex 14.7913 3.25 21.2558
      vertex 14.5622 4.99 22.9704
      vertex 14.5655 4.99 22.9711
    endloop
  endfacet
  facet normal 0.138711 0.70431 -0.696209
    outer loop
      vertex 14.5622 4.99 22.9704
      vertex 14.7913 3.25 21.2558
      vertex 14.5027 3.25 21.1983
    endloop
  endfacet
  facet normal -0.313948 0.704328 0.636678
    outer loop
      vertex 17.0751 4.99 15.5781
      vertex 16.6111 4.99 15.3493
      vertex 16.21 3.25 17.0764
    endloop
  endfacet
  facet normal -0.3944 0.70433 0.590228
    outer loop
      vertex 17.5052 4.99 15.8655
      vertex 17.0751 4.99 15.5781
      vertex 16.21 3.25 17.0764
    endloop
  endfacet
  facet normal -0.0463822 0.704328 0.708358
    outer loop
      vertex 15.6012 4.99 15.0787
      vertex 15.085 4.99 15.0449
      vertex 15.085 3.25 16.775
    endloop
  endfacet
  facet normal -0.0429499 0.704228 0.708674
    outer loop
      vertex 15.6012 4.99 15.0787
      vertex 15.3787 3.25 16.7943
      vertex 15.6045 4.99 15.0789
    endloop
  endfacet
  facet normal -0.0465466 0.704347 0.708328
    outer loop
      vertex 15.3787 3.25 16.7943
      vertex 15.6012 4.99 15.0787
      vertex 15.085 3.25 16.775
    endloop
  endfacet
  facet normal -0.467941 0.704343 0.53379
    outer loop
      vertex 17.5105 4.99 15.8696
      vertex 16.4547 3.25 17.24
      vertex 16.676 3.25 17.434
    endloop
  endfacet
  facet normal -0.458311 0.704683 0.54164
    outer loop
      vertex 16.4547 3.25 17.24
      vertex 17.5105 4.99 15.8696
      vertex 17.5079 4.99 15.8674
    endloop
  endfacet
  facet normal -0.642901 0.704745 0.300021
    outer loop
      vertex 18.7607 4.99 17.4989
      vertex 17.1637 3.25 18.164
      vertex 18.7621 4.99 17.5019
    endloop
  endfacet
  facet normal -0.636736 0.704348 0.313785
    outer loop
      vertex 17.1637 3.25 18.164
      vertex 18.7607 4.99 17.4989
      vertex 17.0336 3.25 17.9
    endloop
  endfacet
  facet normal 0.313785 0.704348 0.636736
    outer loop
      vertex 14.224 3.25 16.9463
      vertex 13.5589 4.99 15.3493
      vertex 13.96 3.25 17.0764
    endloop
  endfacet
  facet normal 0.300021 0.704745 0.642901
    outer loop
      vertex 13.5589 4.99 15.3493
      vertex 14.224 3.25 16.9463
      vertex 13.5619 4.99 15.3479
    endloop
  endfacet
  facet normal 0.228225 0.704328 0.672187
    outer loop
      vertex 14.224 3.25 16.9463
      vertex 14.0517 4.99 15.1816
      vertex 13.5619 4.99 15.3479
    endloop
  endfacet
  facet normal 0.696228 0.704337 0.138477
    outer loop
      vertex 12.9117 3.25 18.4427
      vertex 11.2405 4.99 17.9949
      vertex 11.1396 4.99 18.5022
    endloop
  endfacet
  facet normal 0.708694 0.704207 -0.0429511
    outer loop
      vertex 12.8542 3.25 19.3187
      vertex 11.1387 4.99 19.5412
      vertex 11.1389 4.99 19.5445
    endloop
  endfacet
  facet normal 0.708372 0.704319 -0.0463083
    outer loop
      vertex 11.1387 4.99 19.5412
      vertex 12.8542 3.25 19.3187
      vertex 12.835 3.25 19.025
    endloop
  endfacet
  facet normal 0.672199 0.704335 0.228167
    outer loop
      vertex 11.2416 4.99 17.9917
      vertex 12.9117 3.25 18.4427
      vertex 13.0063 3.25 18.164
    endloop
  endfacet
  facet normal 0.671397 0.704245 0.230793
    outer loop
      vertex 12.9117 3.25 18.4427
      vertex 11.2416 4.99 17.9917
      vertex 11.2405 4.99 17.9949
    endloop
  endfacet
  facet normal -0.228225 0.704328 0.672187
    outer loop
      vertex 16.6081 4.99 15.3479
      vertex 16.1183 4.99 15.1816
      vertex 15.946 3.25 16.9463
    endloop
  endfacet
  facet normal 0.0463822 0.704328 0.708358
    outer loop
      vertex 15.085 3.25 16.775
      vertex 15.085 4.99 15.0449
      vertex 14.5688 4.99 15.0787
    endloop
  endfacet
  facet normal -0.533746 0.704334 0.468005
    outer loop
      vertex 18.2404 4.99 16.5995
      vertex 17.8994 4.99 16.2106
      vertex 16.676 3.25 17.434
    endloop
  endfacet
  facet normal -0.696228 0.704337 0.138477
    outer loop
      vertex 19.0304 4.99 18.5022
      vertex 18.9295 4.99 17.9949
      vertex 17.2583 3.25 18.4427
    endloop
  endfacet
  facet normal -0.672187 0.704328 0.228225
    outer loop
      vertex 18.9284 4.99 17.9917
      vertex 18.7621 4.99 17.5019
      vertex 17.1637 3.25 18.164
    endloop
  endfacet
  facet normal -0.228167 0.704335 0.672199
    outer loop
      vertex 16.1183 4.99 15.1816
      vertex 15.6673 3.25 16.8517
      vertex 15.946 3.25 16.9463
    endloop
  endfacet
  facet normal -0.230793 0.704245 0.671397
    outer loop
      vertex 15.6673 3.25 16.8517
      vertex 16.1183 4.99 15.1816
      vertex 16.1151 4.99 15.1805
    endloop
  endfacet
  facet normal 0.0465466 0.704347 0.708328
    outer loop
      vertex 14.5688 4.99 15.0787
      vertex 14.7913 3.25 16.7943
      vertex 15.085 3.25 16.775
    endloop
  endfacet
  facet normal 0.0429499 0.704228 0.708674
    outer loop
      vertex 14.7913 3.25 16.7943
      vertex 14.5688 4.99 15.0787
      vertex 14.5655 4.99 15.0789
    endloop
  endfacet
  facet normal -0.468005 0.704334 0.533746
    outer loop
      vertex 17.8994 4.99 16.2106
      vertex 17.5105 4.99 15.8696
      vertex 16.676 3.25 17.434
    endloop
  endfacet
  facet normal -0.54164 0.704683 0.458311
    outer loop
      vertex 18.2404 4.99 16.5995
      vertex 16.87 3.25 17.6553
      vertex 18.2426 4.99 16.6021
    endloop
  endfacet
  facet normal -0.53379 0.704343 0.467941
    outer loop
      vertex 16.87 3.25 17.6553
      vertex 18.2404 4.99 16.5995
      vertex 16.676 3.25 17.434
    endloop
  endfacet
  facet normal -0.590113 0.70435 0.394534
    outer loop
      vertex 18.2445 4.99 16.6048
      vertex 16.87 3.25 17.6553
      vertex 17.0336 3.25 17.9
    endloop
  endfacet
  facet normal -0.580169 0.704785 0.408267
    outer loop
      vertex 16.87 3.25 17.6553
      vertex 18.2445 4.99 16.6048
      vertex 18.2426 4.99 16.6021
    endloop
  endfacet
  facet normal -0.69474 0.704002 0.147369
    outer loop
      vertex 19.0304 4.99 18.5022
      vertex 17.3158 3.25 18.7313
      vertex 19.0311 4.99 18.5055
    endloop
  endfacet
  facet normal -0.696209 0.70431 0.138711
    outer loop
      vertex 17.3158 3.25 18.7313
      vertex 19.0304 4.99 18.5022
      vertex 17.2583 3.25 18.4427
    endloop
  endfacet
  facet normal -0.138474 0.704337 0.696228
    outer loop
      vertex 15.6078 4.99 15.0796
      vertex 15.3787 3.25 16.7943
      vertex 15.6673 3.25 16.8517
    endloop
  endfacet
  facet normal -0.147365 0.704022 0.69472
    outer loop
      vertex 15.3787 3.25 16.7943
      vertex 15.6078 4.99 15.0796
      vertex 15.6045 4.99 15.0789
    endloop
  endfacet
  facet normal -0.671397 0.704245 0.230793
    outer loop
      vertex 18.9284 4.99 17.9917
      vertex 17.2583 3.25 18.4427
      vertex 18.9295 4.99 17.9949
    endloop
  endfacet
  facet normal -0.672199 0.704335 0.228167
    outer loop
      vertex 17.2583 3.25 18.4427
      vertex 18.9284 4.99 17.9917
      vertex 17.1637 3.25 18.164
    endloop
  endfacet
  facet normal -0.555626 0 0.831432
    outer loop
      vertex 17.085 5 15.5609
      vertex 17.52 4.99 15.8516
      vertex 17.52 5 15.8516
    endloop
  endfacet
  facet normal -0.555626 0 0.831432
    outer loop
      vertex 17.52 4.99 15.8516
      vertex 17.085 5 15.5609
      vertex 17.085 4.99 15.5609
    endloop
  endfacet
  facet normal 0.321498 0 0.94691
    outer loop
      vertex 13.5543 5 15.3295
      vertex 14.0497 4.99 15.1613
      vertex 14.0497 5 15.1613
    endloop
  endfacet
  facet normal 0.321498 0 0.94691
    outer loop
      vertex 14.0497 4.99 15.1613
      vertex 13.5543 5 15.3295
      vertex 13.5543 4.99 15.3295
    endloop
  endfacet
  facet normal 0.896898 -0 0.442238
    outer loop
      vertex 11.3895 4.99 17.4943
      vertex 11.6209 5 17.025
      vertex 11.3895 5 17.4943
    endloop
  endfacet
  facet normal 0.896898 0 0.442238
    outer loop
      vertex 11.6209 5 17.025
      vertex 11.3895 4.99 17.4943
      vertex 11.6209 4.99 17.025
    endloop
  endfacet
  facet normal -0.896898 0 0.442238
    outer loop
      vertex 18.5491 4.99 17.025
      vertex 18.7805 5 17.4943
      vertex 18.5491 5 17.025
    endloop
  endfacet
  facet normal -0.896898 0 0.442238
    outer loop
      vertex 18.7805 5 17.4943
      vertex 18.5491 4.99 17.025
      vertex 18.7805 4.99 17.4943
    endloop
  endfacet
  facet normal -0.831432 0 0.555626
    outer loop
      vertex 18.2584 4.99 16.59
      vertex 18.5491 5 17.025
      vertex 18.2584 5 16.59
    endloop
  endfacet
  facet normal -0.831432 0 0.555626
    outer loop
      vertex 18.5491 5 17.025
      vertex 18.2584 4.99 16.59
      vertex 18.5491 4.99 17.025
    endloop
  endfacet
  facet normal -0.442238 0 0.896898
    outer loop
      vertex 16.6157 5 15.3295
      vertex 17.085 4.99 15.5609
      vertex 17.085 5 15.5609
    endloop
  endfacet
  facet normal -0.442238 0 0.896898
    outer loop
      vertex 17.085 4.99 15.5609
      vertex 16.6157 5 15.3295
      vertex 16.6157 4.99 15.3295
    endloop
  endfacet
  facet normal -0.0653646 0 0.997861
    outer loop
      vertex 15.085 5 15.025
      vertex 15.6071 4.99 15.0592
      vertex 15.6071 5 15.0592
    endloop
  endfacet
  facet normal -0.0653646 0 0.997861
    outer loop
      vertex 15.6071 4.99 15.0592
      vertex 15.085 5 15.025
      vertex 15.085 4.99 15.025
    endloop
  endfacet
  facet normal 0.997861 -0 0.0653646
    outer loop
      vertex 11.085 4.99 19.025
      vertex 11.1192 5 18.5029
      vertex 11.085 5 19.025
    endloop
  endfacet
  facet normal 0.997861 0 0.0653646
    outer loop
      vertex 11.1192 5 18.5029
      vertex 11.085 4.99 19.025
      vertex 11.1192 4.99 18.5029
    endloop
  endfacet
  facet normal 0.751842 -0 0.659343
    outer loop
      vertex 11.9116 4.99 16.59
      vertex 12.2566 5 16.1966
      vertex 11.9116 5 16.59
    endloop
  endfacet
  facet normal 0.751842 0 0.659343
    outer loop
      vertex 12.2566 5 16.1966
      vertex 11.9116 4.99 16.59
      vertex 12.2566 4.99 16.1966
    endloop
  endfacet
  facet normal 0.0653646 0 0.997861
    outer loop
      vertex 14.5629 5 15.0592
      vertex 15.085 4.99 15.025
      vertex 15.085 5 15.025
    endloop
  endfacet
  facet normal 0.0653646 0 0.997861
    outer loop
      vertex 15.085 4.99 15.025
      vertex 14.5629 5 15.0592
      vertex 14.5629 4.99 15.0592
    endloop
  endfacet
  facet normal 0.659343 0 0.751842
    outer loop
      vertex 12.2566 5 16.1966
      vertex 12.65 4.99 15.8516
      vertex 12.65 5 15.8516
    endloop
  endfacet
  facet normal 0.659343 0 0.751842
    outer loop
      vertex 12.65 4.99 15.8516
      vertex 12.2566 5 16.1966
      vertex 12.2566 4.99 16.1966
    endloop
  endfacet
  facet normal -0.997861 0 0.0653646
    outer loop
      vertex 19.0508 4.99 18.5029
      vertex 19.085 5 19.025
      vertex 19.0508 5 18.5029
    endloop
  endfacet
  facet normal -0.997861 0 0.0653646
    outer loop
      vertex 19.085 5 19.025
      vertex 19.0508 4.99 18.5029
      vertex 19.085 4.99 19.025
    endloop
  endfacet
  facet normal -0.831432 0 -0.555626
    outer loop
      vertex 18.5491 4.99 21.025
      vertex 18.2584 5 21.46
      vertex 18.5491 5 21.025
    endloop
  endfacet
  facet normal -0.831432 -0 -0.555626
    outer loop
      vertex 18.2584 5 21.46
      vertex 18.5491 4.99 21.025
      vertex 18.2584 4.99 21.46
    endloop
  endfacet
  facet normal -0.94691 0 -0.321498
    outer loop
      vertex 18.9487 4.99 20.0603
      vertex 18.7805 5 20.5557
      vertex 18.9487 5 20.0603
    endloop
  endfacet
  facet normal -0.94691 -0 -0.321498
    outer loop
      vertex 18.7805 5 20.5557
      vertex 18.9487 4.99 20.0603
      vertex 18.7805 4.99 20.5557
    endloop
  endfacet
  facet normal -0.442238 0 -0.896898
    outer loop
      vertex 16.6157 4.99 22.7205
      vertex 17.085 5 22.4891
      vertex 17.085 4.99 22.4891
    endloop
  endfacet
  facet normal -0.442238 0 -0.896898
    outer loop
      vertex 17.085 5 22.4891
      vertex 16.6157 4.99 22.7205
      vertex 16.6157 5 22.7205
    endloop
  endfacet
  facet normal -0.555626 0 -0.831432
    outer loop
      vertex 17.085 4.99 22.4891
      vertex 17.52 5 22.1984
      vertex 17.52 4.99 22.1984
    endloop
  endfacet
  facet normal -0.555626 0 -0.831432
    outer loop
      vertex 17.52 5 22.1984
      vertex 17.085 4.99 22.4891
      vertex 17.085 5 22.4891
    endloop
  endfacet
  facet normal 0.0653646 0 -0.997861
    outer loop
      vertex 14.5629 4.99 22.9908
      vertex 15.085 5 23.025
      vertex 15.085 4.99 23.025
    endloop
  endfacet
  facet normal 0.0653646 0 -0.997861
    outer loop
      vertex 15.085 5 23.025
      vertex 14.5629 4.99 22.9908
      vertex 14.5629 5 22.9908
    endloop
  endfacet
  facet normal 0.659343 0 -0.751842
    outer loop
      vertex 12.2566 4.99 21.8534
      vertex 12.65 5 22.1984
      vertex 12.65 4.99 22.1984
    endloop
  endfacet
  facet normal 0.659343 0 -0.751842
    outer loop
      vertex 12.65 5 22.1984
      vertex 12.2566 4.99 21.8534
      vertex 12.2566 5 21.8534
    endloop
  endfacet
  facet normal 0.997861 0 -0.0653646
    outer loop
      vertex 11.1192 4.99 19.5471
      vertex 11.085 5 19.025
      vertex 11.1192 5 19.5471
    endloop
  endfacet
  facet normal 0.997861 0 -0.0653646
    outer loop
      vertex 11.085 5 19.025
      vertex 11.1192 4.99 19.5471
      vertex 11.085 4.99 19.025
    endloop
  endfacet
  facet normal 0 1 -0
    outer loop
      vertex 15.6012 4.99 22.9713
      vertex 15.085 4.99 23.025
      vertex 15.6071 4.99 22.9908
    endloop
  endfacet
  facet normal 0 1 0
    outer loop
      vertex 15.085 4.99 23.025
      vertex 15.6012 4.99 22.9713
      vertex 15.085 4.99 23.0051
    endloop
  endfacet
  facet normal 0 1 0
    outer loop
      vertex 15.6071 4.99 22.9908
      vertex 15.6045 4.99 22.9711
      vertex 15.6012 4.99 22.9713
    endloop
  endfacet
  facet normal 0 1 0
    outer loop
      vertex 15.6071 4.99 22.9908
      vertex 15.6078 4.99 22.9704
      vertex 15.6045 4.99 22.9711
    endloop
  endfacet
  facet normal 0 1 0
    outer loop
      vertex 16.1203 4.99 22.8887
      vertex 15.6078 4.99 22.9704
      vertex 15.6071 4.99 22.9908
    endloop
  endfacet
  facet normal 0 1 0
    outer loop
      vertex 16.1203 4.99 22.8887
      vertex 16.1151 4.99 22.8695
      vertex 15.6078 4.99 22.9704
    endloop
  endfacet
  facet normal 0 1 0
    outer loop
      vertex 16.1203 4.99 22.8887
      vertex 16.1183 4.99 22.8684
      vertex 16.1151 4.99 22.8695
    endloop
  endfacet
  facet normal 0 1 0
    outer loop
      vertex 16.6157 4.99 22.7205
      vertex 16.1183 4.99 22.8684
      vertex 16.1203 4.99 22.8887
    endloop
  endfacet
  facet normal 0 1 0
    outer loop
      vertex 16.6157 4.99 22.7205
      vertex 16.6081 4.99 22.7021
      vertex 16.1183 4.99 22.8684
    endloop
  endfacet
  facet normal 0 1 0
    outer loop
      vertex 16.6157 4.99 22.7205
      vertex 16.6111 4.99 22.7007
      vertex 16.6081 4.99 22.7021
    endloop
  endfacet
  facet normal 0 1 0
    outer loop
      vertex 17.085 4.99 22.4891
      vertex 16.6111 4.99 22.7007
      vertex 16.6157 4.99 22.7205
    endloop
  endfacet
  facet normal 0 1 0
    outer loop
      vertex 17.085 4.99 22.4891
      vertex 17.0751 4.99 22.4719
      vertex 16.6111 4.99 22.7007
    endloop
  endfacet
  facet normal 0 1 -0
    outer loop
      vertex 17.5052 4.99 22.1845
      vertex 17.085 4.99 22.4891
      vertex 17.52 4.99 22.1984
    endloop
  endfacet
  facet normal 0 1 0
    outer loop
      vertex 17.085 4.99 22.4891
      vertex 17.5052 4.99 22.1845
      vertex 17.0751 4.99 22.4719
    endloop
  endfacet
  facet normal 0 1 0
    outer loop
      vertex 17.52 4.99 22.1984
      vertex 17.5079 4.99 22.1826
      vertex 17.5052 4.99 22.1845
    endloop
  endfacet
  facet normal 0 1 0
    outer loop
      vertex 17.52 4.99 22.1984
      vertex 17.5105 4.99 22.1804
      vertex 17.5079 4.99 22.1826
    endloop
  endfacet
  facet normal 0 1 0
    outer loop
      vertex 17.9134 4.99 21.8534
      vertex 17.5105 4.99 22.1804
      vertex 17.52 4.99 22.1984
    endloop
  endfacet
  facet normal 0 1 0
    outer loop
      vertex 17.9134 4.99 21.8534
      vertex 17.8994 4.99 21.8394
      vertex 17.5105 4.99 22.1804
    endloop
  endfacet
  facet normal 0 1 -0
    outer loop
      vertex 18.2404 4.99 21.4505
      vertex 17.9134 4.99 21.8534
      vertex 18.2584 4.99 21.46
    endloop
  endfacet
  facet normal 0 1 0
    outer loop
      vertex 17.9134 4.99 21.8534
      vertex 18.2404 4.99 21.4505
      vertex 17.8994 4.99 21.8394
    endloop
  endfacet
  facet normal 0 1 0
    outer loop
      vertex 18.2584 4.99 21.46
      vertex 18.2426 4.99 21.4479
      vertex 18.2404 4.99 21.4505
    endloop
  endfacet
  facet normal 0 1 0
    outer loop
      vertex 18.2584 4.99 21.46
      vertex 18.2445 4.99 21.4452
      vertex 18.2426 4.99 21.4479
    endloop
  endfacet
  facet normal 0 1 0
    outer loop
      vertex 18.5491 4.99 21.025
      vertex 18.2445 4.99 21.4452
      vertex 18.2584 4.99 21.46
    endloop
  endfacet
  facet normal 0 1 0
    outer loop
      vertex 18.5491 4.99 21.025
      vertex 18.5319 4.99 21.0151
      vertex 18.2445 4.99 21.4452
    endloop
  endfacet
  facet normal 0 1 -0
    outer loop
      vertex 18.7607 4.99 20.5511
      vertex 18.5491 4.99 21.025
      vertex 18.7805 4.99 20.5557
    endloop
  endfacet
  facet normal 0 1 0
    outer loop
      vertex 18.5491 4.99 21.025
      vertex 18.7607 4.99 20.5511
      vertex 18.5319 4.99 21.0151
    endloop
  endfacet
  facet normal 0 1 0
    outer loop
      vertex 18.7805 4.99 20.5557
      vertex 18.7621 4.99 20.5481
      vertex 18.7607 4.99 20.5511
    endloop
  endfacet
  facet normal 0 1 -0
    outer loop
      vertex 18.9284 4.99 20.0583
      vertex 18.7805 4.99 20.5557
      vertex 18.9487 4.99 20.0603
    endloop
  endfacet
  facet normal 0 1 0
    outer loop
      vertex 18.7805 4.99 20.5557
      vertex 18.9284 4.99 20.0583
      vertex 18.7621 4.99 20.5481
    endloop
  endfacet
  facet normal 0 1 0
    outer loop
      vertex 18.9487 4.99 20.0603
      vertex 18.9295 4.99 20.0551
      vertex 18.9284 4.99 20.0583
    endloop
  endfacet
  facet normal 0 1 0
    outer loop
      vertex 18.9487 4.99 20.0603
      vertex 19.0304 4.99 19.5478
      vertex 18.9295 4.99 20.0551
    endloop
  endfacet
  facet normal 0 1 0
    outer loop
      vertex 19.0508 4.99 19.5471
      vertex 19.0304 4.99 19.5478
      vertex 18.9487 4.99 20.0603
    endloop
  endfacet
  facet normal 0 1 0
    outer loop
      vertex 19.0508 4.99 19.5471
      vertex 19.0311 4.99 19.5445
      vertex 19.0304 4.99 19.5478
    endloop
  endfacet
  facet normal 0 1 0
    outer loop
      vertex 19.0508 4.99 19.5471
      vertex 19.0313 4.99 19.5412
      vertex 19.0311 4.99 19.5445
    endloop
  endfacet
  facet normal 0 1 0
    outer loop
      vertex 19.085 4.99 19.025
      vertex 19.0313 4.99 19.5412
      vertex 19.0508 4.99 19.5471
    endloop
  endfacet
  facet normal 0 1 0
    outer loop
      vertex 19.085 4.99 19.025
      vertex 19.0651 4.99 19.025
      vertex 19.0313 4.99 19.5412
    endloop
  endfacet
  facet normal 0 1 0
    outer loop
      vertex 19.085 4.99 19.025
      vertex 19.0313 4.99 18.5088
      vertex 19.0651 4.99 19.025
    endloop
  endfacet
  facet normal 0 1 -0
    outer loop
      vertex 19.0508 4.99 18.5029
      vertex 19.0313 4.99 18.5088
      vertex 19.085 4.99 19.025
    endloop
  endfacet
  facet normal 0 1 0
    outer loop
      vertex 19.0313 4.99 18.5088
      vertex 19.0508 4.99 18.5029
      vertex 19.0311 4.99 18.5055
    endloop
  endfacet
  facet normal 0 1 0
    outer loop
      vertex 19.0508 4.99 18.5029
      vertex 19.0304 4.99 18.5022
      vertex 19.0311 4.99 18.5055
    endloop
  endfacet
  facet normal 0 1 0
    outer loop
      vertex 18.9487 4.99 17.9897
      vertex 19.0304 4.99 18.5022
      vertex 19.0508 4.99 18.5029
    endloop
  endfacet
  facet normal 0 1 0
    outer loop
      vertex 19.0304 4.99 18.5022
      vertex 18.9487 4.99 17.9897
      vertex 18.9295 4.99 17.9949
    endloop
  endfacet
  facet normal 0 1 0
    outer loop
      vertex 18.9487 4.99 17.9897
      vertex 18.9284 4.99 17.9917
      vertex 18.9295 4.99 17.9949
    endloop
  endfacet
  facet normal 0 1 0
    outer loop
      vertex 18.7805 4.99 17.4943
      vertex 18.9284 4.99 17.9917
      vertex 18.9487 4.99 17.9897
    endloop
  endfacet
  facet normal 0 1 0
    outer loop
      vertex 18.9284 4.99 17.9917
      vertex 18.7805 4.99 17.4943
      vertex 18.7621 4.99 17.5019
    endloop
  endfacet
  facet normal 0 1 0
    outer loop
      vertex 18.7805 4.99 17.4943
      vertex 18.7607 4.99 17.4989
      vertex 18.7621 4.99 17.5019
    endloop
  endfacet
  facet normal 0 1 0
    outer loop
      vertex 18.5491 4.99 17.025
      vertex 18.7607 4.99 17.4989
      vertex 18.7805 4.99 17.4943
    endloop
  endfacet
  facet normal 0 1 0
    outer loop
      vertex 18.7607 4.99 17.4989
      vertex 18.5491 4.99 17.025
      vertex 18.5319 4.99 17.0349
    endloop
  endfacet
  facet normal 0 1 0
    outer loop
      vertex 18.5491 4.99 17.025
      vertex 18.2445 4.99 16.6048
      vertex 18.5319 4.99 17.0349
    endloop
  endfacet
  facet normal 0 1 -0
    outer loop
      vertex 18.2584 4.99 16.59
      vertex 18.2445 4.99 16.6048
      vertex 18.5491 4.99 17.025
    endloop
  endfacet
  facet normal 0 1 0
    outer loop
      vertex 18.2445 4.99 16.6048
      vertex 18.2584 4.99 16.59
      vertex 18.2426 4.99 16.6021
    endloop
  endfacet
  facet normal 0 1 0
    outer loop
      vertex 18.2584 4.99 16.59
      vertex 18.2404 4.99 16.5995
      vertex 18.2426 4.99 16.6021
    endloop
  endfacet
  facet normal 0 1 0
    outer loop
      vertex 17.9134 4.99 16.1966
      vertex 18.2404 4.99 16.5995
      vertex 18.2584 4.99 16.59
    endloop
  endfacet
  facet normal 0 1 0
    outer loop
      vertex 18.2404 4.99 16.5995
      vertex 17.9134 4.99 16.1966
      vertex 17.8994 4.99 16.2106
    endloop
  endfacet
  facet normal 0 1 0
    outer loop
      vertex 17.9134 4.99 16.1966
      vertex 17.5105 4.99 15.8696
      vertex 17.8994 4.99 16.2106
    endloop
  endfacet
  facet normal 0 1 -0
    outer loop
      vertex 17.52 4.99 15.8516
      vertex 17.5105 4.99 15.8696
      vertex 17.9134 4.99 16.1966
    endloop
  endfacet
  facet normal 0 1 0
    outer loop
      vertex 17.5105 4.99 15.8696
      vertex 17.52 4.99 15.8516
      vertex 17.5079 4.99 15.8674
    endloop
  endfacet
  facet normal 0 1 0
    outer loop
      vertex 17.52 4.99 15.8516
      vertex 17.5052 4.99 15.8655
      vertex 17.5079 4.99 15.8674
    endloop
  endfacet
  facet normal 0 1 0
    outer loop
      vertex 17.085 4.99 15.5609
      vertex 17.5052 4.99 15.8655
      vertex 17.52 4.99 15.8516
    endloop
  endfacet
  facet normal 0 1 0
    outer loop
      vertex 17.5052 4.99 15.8655
      vertex 17.085 4.99 15.5609
      vertex 17.0751 4.99 15.5781
    endloop
  endfacet
  facet normal 0 1 0
    outer loop
      vertex 17.085 4.99 15.5609
      vertex 16.6111 4.99 15.3493
      vertex 17.0751 4.99 15.5781
    endloop
  endfacet
  facet normal 0 1 -0
    outer loop
      vertex 16.6157 4.99 15.3295
      vertex 16.6111 4.99 15.3493
      vertex 17.085 4.99 15.5609
    endloop
  endfacet
  facet normal 0 1 0
    outer loop
      vertex 16.6111 4.99 15.3493
      vertex 16.6157 4.99 15.3295
      vertex 16.6081 4.99 15.3479
    endloop
  endfacet
  facet normal 0 1 0
    outer loop
      vertex 16.6157 4.99 15.3295
      vertex 16.1183 4.99 15.1816
      vertex 16.6081 4.99 15.3479
    endloop
  endfacet
  facet normal 0 1 -0
    outer loop
      vertex 16.1203 4.99 15.1613
      vertex 16.1183 4.99 15.1816
      vertex 16.6157 4.99 15.3295
    endloop
  endfacet
  facet normal 0 1 0
    outer loop
      vertex 16.1183 4.99 15.1816
      vertex 16.1203 4.99 15.1613
      vertex 16.1151 4.99 15.1805
    endloop
  endfacet
  facet normal 0 1 0
    outer loop
      vertex 16.1203 4.99 15.1613
      vertex 15.6078 4.99 15.0796
      vertex 16.1151 4.99 15.1805
    endloop
  endfacet
  facet normal 0 1 0
    outer loop
      vertex 15.6071 4.99 15.0592
      vertex 15.6078 4.99 15.0796
      vertex 16.1203 4.99 15.1613
    endloop
  endfacet
  facet normal 0 1 0
    outer loop
      vertex 15.6078 4.99 15.0796
      vertex 15.6071 4.99 15.0592
      vertex 15.6045 4.99 15.0789
    endloop
  endfacet
  facet normal 0 1 0
    outer loop
      vertex 15.6071 4.99 15.0592
      vertex 15.6012 4.99 15.0787
      vertex 15.6045 4.99 15.0789
    endloop
  endfacet
  facet normal 0 1 0
    outer loop
      vertex 15.085 4.99 15.025
      vertex 15.6012 4.99 15.0787
      vertex 15.6071 4.99 15.0592
    endloop
  endfacet
  facet normal 0 1 0
    outer loop
      vertex 15.6012 4.99 15.0787
      vertex 15.085 4.99 15.025
      vertex 15.085 4.99 15.0449
    endloop
  endfacet
  facet normal 0 1 0
    outer loop
      vertex 14.5688 4.99 22.9713
      vertex 15.085 4.99 23.025
      vertex 15.085 4.99 23.0051
    endloop
  endfacet
  facet normal 0 1 0
    outer loop
      vertex 15.085 4.99 23.025
      vertex 14.5688 4.99 22.9713
      vertex 14.5629 4.99 22.9908
    endloop
  endfacet
  facet normal 0 1 -0
    outer loop
      vertex 14.5655 4.99 22.9711
      vertex 14.5629 4.99 22.9908
      vertex 14.5688 4.99 22.9713
    endloop
  endfacet
  facet normal 0 1 0
    outer loop
      vertex 14.5622 4.99 22.9704
      vertex 14.5629 4.99 22.9908
      vertex 14.5655 4.99 22.9711
    endloop
  endfacet
  facet normal 0 1 -0
    outer loop
      vertex 14.5622 4.99 22.9704
      vertex 14.0497 4.99 22.8887
      vertex 14.5629 4.99 22.9908
    endloop
  endfacet
  facet normal 0 1 -0
    outer loop
      vertex 14.0549 4.99 22.8695
      vertex 14.0497 4.99 22.8887
      vertex 14.5622 4.99 22.9704
    endloop
  endfacet
  facet normal 0 1 -0
    outer loop
      vertex 14.0517 4.99 22.8684
      vertex 14.0497 4.99 22.8887
      vertex 14.0549 4.99 22.8695
    endloop
  endfacet
  facet normal 0 1 0
    outer loop
      vertex 14.0517 4.99 22.8684
      vertex 13.5543 4.99 22.7205
      vertex 14.0497 4.99 22.8887
    endloop
  endfacet
  facet normal 0 1 -0
    outer loop
      vertex 13.5619 4.99 22.7021
      vertex 13.5543 4.99 22.7205
      vertex 14.0517 4.99 22.8684
    endloop
  endfacet
  facet normal 0 1 -0
    outer loop
      vertex 13.5589 4.99 22.7007
      vertex 13.5543 4.99 22.7205
      vertex 13.5619 4.99 22.7021
    endloop
  endfacet
  facet normal 0 1 0
    outer loop
      vertex 13.5589 4.99 22.7007
      vertex 13.085 4.99 22.4891
      vertex 13.5543 4.99 22.7205
    endloop
  endfacet
  facet normal 0 1 -0
    outer loop
      vertex 13.0949 4.99 22.4719
      vertex 13.085 4.99 22.4891
      vertex 13.5589 4.99 22.7007
    endloop
  endfacet
  facet normal 0 1 0
    outer loop
      vertex 12.6648 4.99 22.1845
      vertex 13.085 4.99 22.4891
      vertex 13.0949 4.99 22.4719
    endloop
  endfacet
  facet normal 0 1 0
    outer loop
      vertex 13.085 4.99 22.4891
      vertex 12.6648 4.99 22.1845
      vertex 12.65 4.99 22.1984
    endloop
  endfacet
  facet normal 0 1 -0
    outer loop
      vertex 12.6621 4.99 22.1826
      vertex 12.65 4.99 22.1984
      vertex 12.6648 4.99 22.1845
    endloop
  endfacet
  facet normal 0 1 -0
    outer loop
      vertex 12.6595 4.99 22.1804
      vertex 12.65 4.99 22.1984
      vertex 12.6621 4.99 22.1826
    endloop
  endfacet
  facet normal 0 1 0
    outer loop
      vertex 12.6595 4.99 22.1804
      vertex 12.2566 4.99 21.8534
      vertex 12.65 4.99 22.1984
    endloop
  endfacet
  facet normal 0 1 -0
    outer loop
      vertex 12.2706 4.99 21.8394
      vertex 12.2566 4.99 21.8534
      vertex 12.6595 4.99 22.1804
    endloop
  endfacet
  facet normal 0 1 0
    outer loop
      vertex 11.9296 4.99 21.4505
      vertex 12.2566 4.99 21.8534
      vertex 12.2706 4.99 21.8394
    endloop
  endfacet
  facet normal 0 1 0
    outer loop
      vertex 12.2566 4.99 21.8534
      vertex 11.9296 4.99 21.4505
      vertex 11.9116 4.99 21.46
    endloop
  endfacet
  facet normal 0 1 -0
    outer loop
      vertex 11.9274 4.99 21.4479
      vertex 11.9116 4.99 21.46
      vertex 11.9296 4.99 21.4505
    endloop
  endfacet
  facet normal 0 1 -0
    outer loop
      vertex 11.9255 4.99 21.4452
      vertex 11.9116 4.99 21.46
      vertex 11.9274 4.99 21.4479
    endloop
  endfacet
  facet normal 0 1 0
    outer loop
      vertex 11.9255 4.99 21.4452
      vertex 11.6209 4.99 21.025
      vertex 11.9116 4.99 21.46
    endloop
  endfacet
  facet normal 0 1 -0
    outer loop
      vertex 11.6381 4.99 21.0151
      vertex 11.6209 4.99 21.025
      vertex 11.9255 4.99 21.4452
    endloop
  endfacet
  facet normal 0 1 0
    outer loop
      vertex 11.4093 4.99 20.5511
      vertex 11.6209 4.99 21.025
      vertex 11.6381 4.99 21.0151
    endloop
  endfacet
  facet normal 0 1 0
    outer loop
      vertex 11.6209 4.99 21.025
      vertex 11.4093 4.99 20.5511
      vertex 11.3895 4.99 20.5557
    endloop
  endfacet
  facet normal 0 1 -0
    outer loop
      vertex 11.4079 4.99 20.5481
      vertex 11.3895 4.99 20.5557
      vertex 11.4093 4.99 20.5511
    endloop
  endfacet
  facet normal 0 1 0
    outer loop
      vertex 11.2416 4.99 20.0583
      vertex 11.3895 4.99 20.5557
      vertex 11.4079 4.99 20.5481
    endloop
  endfacet
  facet normal 0 1 0
    outer loop
      vertex 11.3895 4.99 20.5557
      vertex 11.2416 4.99 20.0583
      vertex 11.2213 4.99 20.0603
    endloop
  endfacet
  facet normal 0 1 -0
    outer loop
      vertex 11.2405 4.99 20.0551
      vertex 11.2213 4.99 20.0603
      vertex 11.2416 4.99 20.0583
    endloop
  endfacet
  facet normal 0 1 0
    outer loop
      vertex 11.1396 4.99 19.5478
      vertex 11.2213 4.99 20.0603
      vertex 11.2405 4.99 20.0551
    endloop
  endfacet
  facet normal 0 1 -0
    outer loop
      vertex 11.1396 4.99 19.5478
      vertex 11.1192 4.99 19.5471
      vertex 11.2213 4.99 20.0603
    endloop
  endfacet
  facet normal 0 1 -0
    outer loop
      vertex 11.1389 4.99 19.5445
      vertex 11.1192 4.99 19.5471
      vertex 11.1396 4.99 19.5478
    endloop
  endfacet
  facet normal 0 1 -0
    outer loop
      vertex 11.1387 4.99 19.5412
      vertex 11.1192 4.99 19.5471
      vertex 11.1389 4.99 19.5445
    endloop
  endfacet
  facet normal 0 1 0
    outer loop
      vertex 11.085 4.99 19.025
      vertex 11.1387 4.99 19.5412
      vertex 11.1049 4.99 19.025
    endloop
  endfacet
  facet normal 0 1 0
    outer loop
      vertex 11.1387 4.99 19.5412
      vertex 11.085 4.99 19.025
      vertex 11.1192 4.99 19.5471
    endloop
  endfacet
  facet normal 0 1 0
    outer loop
      vertex 11.1387 4.99 18.5088
      vertex 11.085 4.99 19.025
      vertex 11.1049 4.99 19.025
    endloop
  endfacet
  facet normal 0 1 0
    outer loop
      vertex 11.1192 4.99 18.5029
      vertex 11.1387 4.99 18.5088
      vertex 11.1389 4.99 18.5055
    endloop
  endfacet
  facet normal 0 1 0
    outer loop
      vertex 11.1387 4.99 18.5088
      vertex 11.1192 4.99 18.5029
      vertex 11.085 4.99 19.025
    endloop
  endfacet
  facet normal 0 1 0
    outer loop
      vertex 11.1396 4.99 18.5022
      vertex 11.1192 4.99 18.5029
      vertex 11.1389 4.99 18.5055
    endloop
  endfacet
  facet normal 0 1 -0
    outer loop
      vertex 11.2213 4.99 17.9897
      vertex 11.1396 4.99 18.5022
      vertex 11.2405 4.99 17.9949
    endloop
  endfacet
  facet normal 0 1 0
    outer loop
      vertex 11.1396 4.99 18.5022
      vertex 11.2213 4.99 17.9897
      vertex 11.1192 4.99 18.5029
    endloop
  endfacet
  facet normal 0 1 0
    outer loop
      vertex 11.2416 4.99 17.9917
      vertex 11.2213 4.99 17.9897
      vertex 11.2405 4.99 17.9949
    endloop
  endfacet
  facet normal 0 1 -0
    outer loop
      vertex 11.3895 4.99 17.4943
      vertex 11.2416 4.99 17.9917
      vertex 11.4079 4.99 17.5019
    endloop
  endfacet
  facet normal 0 1 0
    outer loop
      vertex 11.2416 4.99 17.9917
      vertex 11.3895 4.99 17.4943
      vertex 11.2213 4.99 17.9897
    endloop
  endfacet
  facet normal 0 1 0
    outer loop
      vertex 11.4093 4.99 17.4989
      vertex 11.3895 4.99 17.4943
      vertex 11.4079 4.99 17.5019
    endloop
  endfacet
  facet normal 0 1 -0
    outer loop
      vertex 11.6209 4.99 17.025
      vertex 11.4093 4.99 17.4989
      vertex 11.6381 4.99 17.0349
    endloop
  endfacet
  facet normal 0 1 0
    outer loop
      vertex 11.4093 4.99 17.4989
      vertex 11.6209 4.99 17.025
      vertex 11.3895 4.99 17.4943
    endloop
  endfacet
  facet normal 0 1 0
    outer loop
      vertex 11.9255 4.99 16.6048
      vertex 11.6209 4.99 17.025
      vertex 11.6381 4.99 17.0349
    endloop
  endfacet
  facet normal 0 1 0
    outer loop
      vertex 11.9116 4.99 16.59
      vertex 11.9255 4.99 16.6048
      vertex 11.9274 4.99 16.6021
    endloop
  endfacet
  facet normal 0 1 0
    outer loop
      vertex 11.9255 4.99 16.6048
      vertex 11.9116 4.99 16.59
      vertex 11.6209 4.99 17.025
    endloop
  endfacet
  facet normal 0 1 0
    outer loop
      vertex 11.9296 4.99 16.5995
      vertex 11.9116 4.99 16.59
      vertex 11.9274 4.99 16.6021
    endloop
  endfacet
  facet normal 0 1 -0
    outer loop
      vertex 12.2566 4.99 16.1966
      vertex 11.9296 4.99 16.5995
      vertex 12.2706 4.99 16.2106
    endloop
  endfacet
  facet normal 0 1 0
    outer loop
      vertex 11.9296 4.99 16.5995
      vertex 12.2566 4.99 16.1966
      vertex 11.9116 4.99 16.59
    endloop
  endfacet
  facet normal 0 1 0
    outer loop
      vertex 12.6595 4.99 15.8696
      vertex 12.2566 4.99 16.1966
      vertex 12.2706 4.99 16.2106
    endloop
  endfacet
  facet normal 0 1 0
    outer loop
      vertex 12.65 4.99 15.8516
      vertex 12.6595 4.99 15.8696
      vertex 12.6621 4.99 15.8674
    endloop
  endfacet
  facet normal 0 1 0
    outer loop
      vertex 12.6595 4.99 15.8696
      vertex 12.65 4.99 15.8516
      vertex 12.2566 4.99 16.1966
    endloop
  endfacet
  facet normal 0 1 0
    outer loop
      vertex 12.6648 4.99 15.8655
      vertex 12.65 4.99 15.8516
      vertex 12.6621 4.99 15.8674
    endloop
  endfacet
  facet normal 0 1 -0
    outer loop
      vertex 13.085 4.99 15.5609
      vertex 12.6648 4.99 15.8655
      vertex 13.0949 4.99 15.5781
    endloop
  endfacet
  facet normal 0 1 0
    outer loop
      vertex 12.6648 4.99 15.8655
      vertex 13.085 4.99 15.5609
      vertex 12.65 4.99 15.8516
    endloop
  endfacet
  facet normal 0 1 0
    outer loop
      vertex 13.5589 4.99 15.3493
      vertex 13.085 4.99 15.5609
      vertex 13.0949 4.99 15.5781
    endloop
  endfacet
  facet normal 0 1 0
    outer loop
      vertex 13.5543 4.99 15.3295
      vertex 13.5589 4.99 15.3493
      vertex 13.5619 4.99 15.3479
    endloop
  endfacet
  facet normal 0 1 0
    outer loop
      vertex 13.5589 4.99 15.3493
      vertex 13.5543 4.99 15.3295
      vertex 13.085 4.99 15.5609
    endloop
  endfacet
  facet normal 0 1 0
    outer loop
      vertex 14.0517 4.99 15.1816
      vertex 13.5543 4.99 15.3295
      vertex 13.5619 4.99 15.3479
    endloop
  endfacet
  facet normal 0 1 0
    outer loop
      vertex 14.0497 4.99 15.1613
      vertex 14.0517 4.99 15.1816
      vertex 14.0549 4.99 15.1805
    endloop
  endfacet
  facet normal 0 1 0
    outer loop
      vertex 14.0517 4.99 15.1816
      vertex 14.0497 4.99 15.1613
      vertex 13.5543 4.99 15.3295
    endloop
  endfacet
  facet normal 0 1 0
    outer loop
      vertex 14.5622 4.99 15.0796
      vertex 14.0497 4.99 15.1613
      vertex 14.0549 4.99 15.1805
    endloop
  endfacet
  facet normal 0 1 -0
    outer loop
      vertex 14.5629 4.99 15.0592
      vertex 14.5622 4.99 15.0796
      vertex 14.5655 4.99 15.0789
    endloop
  endfacet
  facet normal 0 1 0
    outer loop
      vertex 14.5622 4.99 15.0796
      vertex 14.5629 4.99 15.0592
      vertex 14.0497 4.99 15.1613
    endloop
  endfacet
  facet normal 0 1 0
    outer loop
      vertex 14.5688 4.99 15.0787
      vertex 14.5629 4.99 15.0592
      vertex 14.5655 4.99 15.0789
    endloop
  endfacet
  facet normal 0 1 -0
    outer loop
      vertex 15.085 4.99 15.025
      vertex 14.5688 4.99 15.0787
      vertex 15.085 4.99 15.0449
    endloop
  endfacet
  facet normal 0 1 0
    outer loop
      vertex 14.5688 4.99 15.0787
      vertex 15.085 4.99 15.025
      vertex 14.5629 4.99 15.0592
    endloop
  endfacet
  facet normal 0.751842 0 -0.659343
    outer loop
      vertex 12.2566 4.99 21.8534
      vertex 11.9116 5 21.46
      vertex 12.2566 5 21.8534
    endloop
  endfacet
  facet normal 0.751842 0 -0.659343
    outer loop
      vertex 11.9116 5 21.46
      vertex 12.2566 4.99 21.8534
      vertex 11.9116 4.99 21.46
    endloop
  endfacet
  facet normal -0.980779 0 0.195124
    outer loop
      vertex 18.9487 4.99 17.9897
      vertex 19.0508 5 18.5029
      vertex 18.9487 5 17.9897
    endloop
  endfacet
  facet normal -0.980779 0 0.195124
    outer loop
      vertex 19.0508 5 18.5029
      vertex 18.9487 4.99 17.9897
      vertex 19.0508 4.99 18.5029
    endloop
  endfacet
  facet normal -0.94691 0 0.321498
    outer loop
      vertex 18.7805 4.99 17.4943
      vertex 18.9487 5 17.9897
      vertex 18.7805 5 17.4943
    endloop
  endfacet
  facet normal -0.94691 0 0.321498
    outer loop
      vertex 18.9487 5 17.9897
      vertex 18.7805 4.99 17.4943
      vertex 18.9487 4.99 17.9897
    endloop
  endfacet
  facet normal -0.751842 0 0.659343
    outer loop
      vertex 17.9134 4.99 16.1966
      vertex 18.2584 5 16.59
      vertex 17.9134 5 16.1966
    endloop
  endfacet
  facet normal -0.751842 0 0.659343
    outer loop
      vertex 18.2584 5 16.59
      vertex 17.9134 4.99 16.1966
      vertex 18.2584 4.99 16.59
    endloop
  endfacet
  facet normal -0.659343 0 0.751842
    outer loop
      vertex 17.52 5 15.8516
      vertex 17.9134 4.99 16.1966
      vertex 17.9134 5 16.1966
    endloop
  endfacet
  facet normal -0.659343 0 0.751842
    outer loop
      vertex 17.9134 4.99 16.1966
      vertex 17.52 5 15.8516
      vertex 17.52 4.99 15.8516
    endloop
  endfacet
  facet normal -0.321498 0 0.94691
    outer loop
      vertex 16.1203 5 15.1613
      vertex 16.6157 4.99 15.3295
      vertex 16.6157 5 15.3295
    endloop
  endfacet
  facet normal -0.321498 0 0.94691
    outer loop
      vertex 16.6157 4.99 15.3295
      vertex 16.1203 5 15.1613
      vertex 16.1203 4.99 15.1613
    endloop
  endfacet
  facet normal -0.195124 0 0.980779
    outer loop
      vertex 15.6071 5 15.0592
      vertex 16.1203 4.99 15.1613
      vertex 16.1203 5 15.1613
    endloop
  endfacet
  facet normal -0.195124 0 0.980779
    outer loop
      vertex 16.1203 4.99 15.1613
      vertex 15.6071 5 15.0592
      vertex 15.6071 4.99 15.0592
    endloop
  endfacet
  facet normal 0.94691 -0 0.321498
    outer loop
      vertex 11.2213 4.99 17.9897
      vertex 11.3895 5 17.4943
      vertex 11.2213 5 17.9897
    endloop
  endfacet
  facet normal 0.94691 0 0.321498
    outer loop
      vertex 11.3895 5 17.4943
      vertex 11.2213 4.99 17.9897
      vertex 11.3895 4.99 17.4943
    endloop
  endfacet
  facet normal 0.980779 -0 0.195124
    outer loop
      vertex 11.1192 4.99 18.5029
      vertex 11.2213 5 17.9897
      vertex 11.1192 5 18.5029
    endloop
  endfacet
  facet normal 0.980779 0 0.195124
    outer loop
      vertex 11.2213 5 17.9897
      vertex 11.1192 4.99 18.5029
      vertex 11.2213 4.99 17.9897
    endloop
  endfacet
  facet normal 0.831432 -0 0.555626
    outer loop
      vertex 11.6209 4.99 17.025
      vertex 11.9116 5 16.59
      vertex 11.6209 5 17.025
    endloop
  endfacet
  facet normal 0.831432 0 0.555626
    outer loop
      vertex 11.9116 5 16.59
      vertex 11.6209 4.99 17.025
      vertex 11.9116 4.99 16.59
    endloop
  endfacet
  facet normal 0.195124 0 0.980779
    outer loop
      vertex 14.0497 5 15.1613
      vertex 14.5629 4.99 15.0592
      vertex 14.5629 5 15.0592
    endloop
  endfacet
  facet normal 0.195124 0 0.980779
    outer loop
      vertex 14.5629 4.99 15.0592
      vertex 14.0497 5 15.1613
      vertex 14.0497 4.99 15.1613
    endloop
  endfacet
  facet normal 0.555626 0 0.831432
    outer loop
      vertex 12.65 5 15.8516
      vertex 13.085 4.99 15.5609
      vertex 13.085 5 15.5609
    endloop
  endfacet
  facet normal 0.555626 0 0.831432
    outer loop
      vertex 13.085 4.99 15.5609
      vertex 12.65 5 15.8516
      vertex 12.65 4.99 15.8516
    endloop
  endfacet
  facet normal 0.442238 0 0.896898
    outer loop
      vertex 13.085 5 15.5609
      vertex 13.5543 4.99 15.3295
      vertex 13.5543 5 15.3295
    endloop
  endfacet
  facet normal 0.442238 0 0.896898
    outer loop
      vertex 13.5543 4.99 15.3295
      vertex 13.085 5 15.5609
      vertex 13.085 4.99 15.5609
    endloop
  endfacet
  facet normal -0.997861 0 -0.0653646
    outer loop
      vertex 19.085 4.99 19.025
      vertex 19.0508 5 19.5471
      vertex 19.085 5 19.025
    endloop
  endfacet
  facet normal -0.997861 -0 -0.0653646
    outer loop
      vertex 19.0508 5 19.5471
      vertex 19.085 4.99 19.025
      vertex 19.0508 4.99 19.5471
    endloop
  endfacet
  facet normal -0.0653646 0 -0.997861
    outer loop
      vertex 15.085 4.99 23.025
      vertex 15.6071 5 22.9908
      vertex 15.6071 4.99 22.9908
    endloop
  endfacet
  facet normal -0.0653646 0 -0.997861
    outer loop
      vertex 15.6071 5 22.9908
      vertex 15.085 4.99 23.025
      vertex 15.085 5 23.025
    endloop
  endfacet
  facet normal -0.195124 0 -0.980779
    outer loop
      vertex 15.6071 4.99 22.9908
      vertex 16.1203 5 22.8887
      vertex 16.1203 4.99 22.8887
    endloop
  endfacet
  facet normal -0.195124 0 -0.980779
    outer loop
      vertex 16.1203 5 22.8887
      vertex 15.6071 4.99 22.9908
      vertex 15.6071 5 22.9908
    endloop
  endfacet
  facet normal -0.321498 0 -0.94691
    outer loop
      vertex 16.1203 4.99 22.8887
      vertex 16.6157 5 22.7205
      vertex 16.6157 4.99 22.7205
    endloop
  endfacet
  facet normal -0.321498 0 -0.94691
    outer loop
      vertex 16.6157 5 22.7205
      vertex 16.1203 4.99 22.8887
      vertex 16.1203 5 22.8887
    endloop
  endfacet
  facet normal -0.751842 0 -0.659343
    outer loop
      vertex 18.2584 4.99 21.46
      vertex 17.9134 5 21.8534
      vertex 18.2584 5 21.46
    endloop
  endfacet
  facet normal -0.751842 -0 -0.659343
    outer loop
      vertex 17.9134 5 21.8534
      vertex 18.2584 4.99 21.46
      vertex 17.9134 4.99 21.8534
    endloop
  endfacet
  facet normal -0.659343 0 -0.751842
    outer loop
      vertex 17.52 4.99 22.1984
      vertex 17.9134 5 21.8534
      vertex 17.9134 4.99 21.8534
    endloop
  endfacet
  facet normal -0.659343 0 -0.751842
    outer loop
      vertex 17.9134 5 21.8534
      vertex 17.52 4.99 22.1984
      vertex 17.52 5 22.1984
    endloop
  endfacet
  facet normal 0.321498 0 -0.94691
    outer loop
      vertex 13.5543 4.99 22.7205
      vertex 14.0497 5 22.8887
      vertex 14.0497 4.99 22.8887
    endloop
  endfacet
  facet normal 0.321498 0 -0.94691
    outer loop
      vertex 14.0497 5 22.8887
      vertex 13.5543 4.99 22.7205
      vertex 13.5543 5 22.7205
    endloop
  endfacet
  facet normal 0.555626 0 -0.831432
    outer loop
      vertex 12.65 4.99 22.1984
      vertex 13.085 5 22.4891
      vertex 13.085 4.99 22.4891
    endloop
  endfacet
  facet normal 0.555626 0 -0.831432
    outer loop
      vertex 13.085 5 22.4891
      vertex 12.65 4.99 22.1984
      vertex 12.65 5 22.1984
    endloop
  endfacet
  facet normal 0.980779 0 -0.195124
    outer loop
      vertex 11.2213 4.99 20.0603
      vertex 11.1192 5 19.5471
      vertex 11.2213 5 20.0603
    endloop
  endfacet
  facet normal 0.980779 0 -0.195124
    outer loop
      vertex 11.1192 5 19.5471
      vertex 11.2213 4.99 20.0603
      vertex 11.1192 4.99 19.5471
    endloop
  endfacet
  facet normal 0.896898 0 -0.442238
    outer loop
      vertex 11.6209 4.99 21.025
      vertex 11.3895 5 20.5557
      vertex 11.6209 5 21.025
    endloop
  endfacet
  facet normal 0.896898 0 -0.442238
    outer loop
      vertex 11.3895 5 20.5557
      vertex 11.6209 4.99 21.025
      vertex 11.3895 4.99 20.5557
    endloop
  endfacet
  facet normal -0.980779 0 -0.195124
    outer loop
      vertex 19.0508 4.99 19.5471
      vertex 18.9487 5 20.0603
      vertex 19.0508 5 19.5471
    endloop
  endfacet
  facet normal -0.980779 -0 -0.195124
    outer loop
      vertex 18.9487 5 20.0603
      vertex 19.0508 4.99 19.5471
      vertex 18.9487 4.99 20.0603
    endloop
  endfacet
  facet normal -0.896898 0 -0.442238
    outer loop
      vertex 18.7805 4.99 20.5557
      vertex 18.5491 5 21.025
      vertex 18.7805 5 20.5557
    endloop
  endfacet
  facet normal -0.896898 -0 -0.442238
    outer loop
      vertex 18.5491 5 21.025
      vertex 18.7805 4.99 20.5557
      vertex 18.5491 4.99 21.025
    endloop
  endfacet
  facet normal 0.195124 0 -0.980779
    outer loop
      vertex 14.0497 4.99 22.8887
      vertex 14.5629 5 22.9908
      vertex 14.5629 4.99 22.9908
    endloop
  endfacet
  facet normal 0.195124 0 -0.980779
    outer loop
      vertex 14.5629 5 22.9908
      vertex 14.0497 4.99 22.8887
      vertex 14.0497 5 22.8887
    endloop
  endfacet
  facet normal 0.442238 0 -0.896898
    outer loop
      vertex 13.085 4.99 22.4891
      vertex 13.5543 5 22.7205
      vertex 13.5543 4.99 22.7205
    endloop
  endfacet
  facet normal 0.442238 0 -0.896898
    outer loop
      vertex 13.5543 5 22.7205
      vertex 13.085 4.99 22.4891
      vertex 13.085 5 22.4891
    endloop
  endfacet
  facet normal 0.94691 0 -0.321498
    outer loop
      vertex 11.3895 4.99 20.5557
      vertex 11.2213 5 20.0603
      vertex 11.3895 5 20.5557
    endloop
  endfacet
  facet normal 0.94691 0 -0.321498
    outer loop
      vertex 11.2213 5 20.0603
      vertex 11.3895 4.99 20.5557
      vertex 11.2213 4.99 20.0603
    endloop
  endfacet
  facet normal 0.831432 0 -0.555626
    outer loop
      vertex 11.9116 4.99 21.46
      vertex 11.6209 5 21.025
      vertex 11.9116 5 21.46
    endloop
  endfacet
  facet normal 0.831432 0 -0.555626
    outer loop
      vertex 11.6209 5 21.025
      vertex 11.9116 4.99 21.46
      vertex 11.6209 4.99 21.025
    endloop
  endfacet
endsolid OpenSCAD_Model
