solid OpenSCAD_Model
  facet normal 0.99787 0 -0.0652336
    outer loop
      vertex -16.5 2.5 -30.285
      vertex -16.5128 8.5 -30.4808
      vertex -16.5 8.5 -30.285
    endloop
  endfacet
  facet normal 0.99787 0 -0.0652336
    outer loop
      vertex -16.5128 8.5 -30.4808
      vertex -16.5 2.5 -30.285
      vertex -16.5128 2.5 -30.4808
    endloop
  endfacet
  facet normal -0.99787 0 -0.0652336
    outer loop
      vertex -19.4872 2.5 -30.4808
      vertex -19.5 8.5 -30.285
      vertex -19.4872 8.5 -30.4808
    endloop
  endfacet
  facet normal -0.99787 -0 -0.0652336
    outer loop
      vertex -19.5 8.5 -30.285
      vertex -19.4872 2.5 -30.4808
      vertex -19.5 2.5 -30.285
    endloop
  endfacet
  facet normal -0.0652336 0 -0.99787
    outer loop
      vertex -18.1958 2.5 -31.7722
      vertex -18 8.5 -31.785
      vertex -18 2.5 -31.785
    endloop
  endfacet
  facet normal -0.0652336 0 -0.99787
    outer loop
      vertex -18 8.5 -31.785
      vertex -18.1958 2.5 -31.7722
      vertex -18.1958 8.5 -31.7722
    endloop
  endfacet
  facet normal 0.0652336 0 0.99787
    outer loop
      vertex -18 8.5 -28.785
      vertex -17.8042 2.5 -28.7978
      vertex -17.8042 8.5 -28.7978
    endloop
  endfacet
  facet normal 0.0652336 0 0.99787
    outer loop
      vertex -17.8042 2.5 -28.7978
      vertex -18 8.5 -28.785
      vertex -18 2.5 -28.785
    endloop
  endfacet
  facet normal 0.658937 0 -0.752198
    outer loop
      vertex -17.0869 2.5 -31.475
      vertex -16.9393 8.5 -31.3457
      vertex -16.9393 2.5 -31.3457
    endloop
  endfacet
  facet normal 0.658937 0 -0.752198
    outer loop
      vertex -16.9393 8.5 -31.3457
      vertex -17.0869 2.5 -31.475
      vertex -17.0869 8.5 -31.475
    endloop
  endfacet
  facet normal -0.752198 0 -0.658937
    outer loop
      vertex -19.0607 2.5 -31.3457
      vertex -19.19 8.5 -31.1981
      vertex -19.0607 8.5 -31.3457
    endloop
  endfacet
  facet normal -0.752198 -0 -0.658937
    outer loop
      vertex -19.19 8.5 -31.1981
      vertex -19.0607 2.5 -31.3457
      vertex -19.19 2.5 -31.1981
    endloop
  endfacet
  facet normal -0.442315 0 -0.89686
    outer loop
      vertex -18.75 2.5 -31.584
      vertex -18.574 8.5 -31.6708
      vertex -18.574 2.5 -31.6708
    endloop
  endfacet
  facet normal -0.442315 0 -0.89686
    outer loop
      vertex -18.574 8.5 -31.6708
      vertex -18.75 2.5 -31.584
      vertex -18.75 8.5 -31.584
    endloop
  endfacet
  facet normal 0.831422 -0 0.555641
    outer loop
      vertex -16.81 2.5 -29.3719
      vertex -16.701 8.5 -29.535
      vertex -16.81 8.5 -29.3719
    endloop
  endfacet
  facet normal 0.831422 0 0.555641
    outer loop
      vertex -16.701 8.5 -29.535
      vertex -16.81 2.5 -29.3719
      vertex -16.701 2.5 -29.535
    endloop
  endfacet
  facet normal 0.89686 0 -0.442315
    outer loop
      vertex -16.6142 2.5 -30.859
      vertex -16.701 8.5 -31.035
      vertex -16.6142 8.5 -30.859
    endloop
  endfacet
  facet normal 0.89686 0 -0.442315
    outer loop
      vertex -16.701 8.5 -31.035
      vertex -16.6142 2.5 -30.859
      vertex -16.701 2.5 -31.035
    endloop
  endfacet
  facet normal 0.980757 0 -0.195234
    outer loop
      vertex -16.5128 2.5 -30.4808
      vertex -16.5511 8.5 -30.6732
      vertex -16.5128 8.5 -30.4808
    endloop
  endfacet
  facet normal 0.980757 0 -0.195234
    outer loop
      vertex -16.5511 8.5 -30.6732
      vertex -16.5128 2.5 -30.4808
      vertex -16.5511 2.5 -30.6732
    endloop
  endfacet
  facet normal 0.831422 0 -0.555641
    outer loop
      vertex -16.701 2.5 -31.035
      vertex -16.81 8.5 -31.1981
      vertex -16.701 8.5 -31.035
    endloop
  endfacet
  facet normal 0.831422 0 -0.555641
    outer loop
      vertex -16.81 8.5 -31.1981
      vertex -16.701 2.5 -31.035
      vertex -16.81 2.5 -31.1981
    endloop
  endfacet
  facet normal 0.321574 0 -0.946885
    outer loop
      vertex -17.6118 2.5 -31.7339
      vertex -17.426 8.5 -31.6708
      vertex -17.426 2.5 -31.6708
    endloop
  endfacet
  facet normal 0.321574 0 -0.946885
    outer loop
      vertex -17.426 8.5 -31.6708
      vertex -17.6118 2.5 -31.7339
      vertex -17.6118 8.5 -31.7339
    endloop
  endfacet
  facet normal 0.195234 0 -0.980757
    outer loop
      vertex -17.8042 2.5 -31.7722
      vertex -17.6118 8.5 -31.7339
      vertex -17.6118 2.5 -31.7339
    endloop
  endfacet
  facet normal 0.195234 0 -0.980757
    outer loop
      vertex -17.6118 8.5 -31.7339
      vertex -17.8042 2.5 -31.7722
      vertex -17.8042 8.5 -31.7722
    endloop
  endfacet
  facet normal 0.442315 0 -0.89686
    outer loop
      vertex -17.426 2.5 -31.6708
      vertex -17.25 8.5 -31.584
      vertex -17.25 2.5 -31.584
    endloop
  endfacet
  facet normal 0.442315 0 -0.89686
    outer loop
      vertex -17.25 8.5 -31.584
      vertex -17.426 2.5 -31.6708
      vertex -17.426 8.5 -31.6708
    endloop
  endfacet
  facet normal -0.89686 0 -0.442315
    outer loop
      vertex -19.299 2.5 -31.035
      vertex -19.3858 8.5 -30.859
      vertex -19.299 8.5 -31.035
    endloop
  endfacet
  facet normal -0.89686 -0 -0.442315
    outer loop
      vertex -19.3858 8.5 -30.859
      vertex -19.299 2.5 -31.035
      vertex -19.3858 2.5 -30.859
    endloop
  endfacet
  facet normal -0.831422 0 -0.555641
    outer loop
      vertex -19.19 2.5 -31.1981
      vertex -19.299 8.5 -31.035
      vertex -19.19 8.5 -31.1981
    endloop
  endfacet
  facet normal -0.831422 -0 -0.555641
    outer loop
      vertex -19.299 8.5 -31.035
      vertex -19.19 2.5 -31.1981
      vertex -19.299 2.5 -31.035
    endloop
  endfacet
  facet normal -0.946885 0 -0.321574
    outer loop
      vertex -19.3858 2.5 -30.859
      vertex -19.4489 8.5 -30.6732
      vertex -19.3858 8.5 -30.859
    endloop
  endfacet
  facet normal -0.946885 -0 -0.321574
    outer loop
      vertex -19.4489 8.5 -30.6732
      vertex -19.3858 2.5 -30.859
      vertex -19.4489 2.5 -30.6732
    endloop
  endfacet
  facet normal -0.555641 0 -0.831422
    outer loop
      vertex -18.9131 2.5 -31.475
      vertex -18.75 8.5 -31.584
      vertex -18.75 2.5 -31.584
    endloop
  endfacet
  facet normal -0.555641 0 -0.831422
    outer loop
      vertex -18.75 8.5 -31.584
      vertex -18.9131 2.5 -31.475
      vertex -18.9131 8.5 -31.475
    endloop
  endfacet
  facet normal -0.195234 0 -0.980757
    outer loop
      vertex -18.3882 2.5 -31.7339
      vertex -18.1958 8.5 -31.7722
      vertex -18.1958 2.5 -31.7722
    endloop
  endfacet
  facet normal -0.195234 0 -0.980757
    outer loop
      vertex -18.1958 8.5 -31.7722
      vertex -18.3882 2.5 -31.7339
      vertex -18.3882 8.5 -31.7339
    endloop
  endfacet
  facet normal 0.980757 -0 0.195234
    outer loop
      vertex -16.5511 2.5 -29.8968
      vertex -16.5128 8.5 -30.0892
      vertex -16.5511 8.5 -29.8968
    endloop
  endfacet
  facet normal 0.980757 0 0.195234
    outer loop
      vertex -16.5128 8.5 -30.0892
      vertex -16.5511 2.5 -29.8968
      vertex -16.5128 2.5 -30.0892
    endloop
  endfacet
  facet normal 0.195234 0 0.980757
    outer loop
      vertex -17.8042 8.5 -28.7978
      vertex -17.6118 2.5 -28.8361
      vertex -17.6118 8.5 -28.8361
    endloop
  endfacet
  facet normal 0.195234 0 0.980757
    outer loop
      vertex -17.6118 2.5 -28.8361
      vertex -17.8042 8.5 -28.7978
      vertex -17.8042 2.5 -28.7978
    endloop
  endfacet
  facet normal 0.442315 0 0.89686
    outer loop
      vertex -17.426 8.5 -28.8992
      vertex -17.25 2.5 -28.986
      vertex -17.25 8.5 -28.986
    endloop
  endfacet
  facet normal 0.442315 0 0.89686
    outer loop
      vertex -17.25 2.5 -28.986
      vertex -17.426 8.5 -28.8992
      vertex -17.426 2.5 -28.8992
    endloop
  endfacet
  facet normal 0.946885 0 -0.321574
    outer loop
      vertex -16.5511 2.5 -30.6732
      vertex -16.6142 8.5 -30.859
      vertex -16.5511 8.5 -30.6732
    endloop
  endfacet
  facet normal 0.946885 0 -0.321574
    outer loop
      vertex -16.6142 8.5 -30.859
      vertex -16.5511 2.5 -30.6732
      vertex -16.6142 2.5 -30.859
    endloop
  endfacet
  facet normal 0.752198 0 -0.658937
    outer loop
      vertex -16.81 2.5 -31.1981
      vertex -16.9393 8.5 -31.3457
      vertex -16.81 8.5 -31.1981
    endloop
  endfacet
  facet normal 0.752198 0 -0.658937
    outer loop
      vertex -16.9393 8.5 -31.3457
      vertex -16.81 2.5 -31.1981
      vertex -16.9393 2.5 -31.3457
    endloop
  endfacet
  facet normal 0.0652336 0 -0.99787
    outer loop
      vertex -18 2.5 -31.785
      vertex -17.8042 8.5 -31.7722
      vertex -17.8042 2.5 -31.7722
    endloop
  endfacet
  facet normal 0.0652336 0 -0.99787
    outer loop
      vertex -17.8042 8.5 -31.7722
      vertex -18 2.5 -31.785
      vertex -18 8.5 -31.785
    endloop
  endfacet
  facet normal 0.555641 0 -0.831422
    outer loop
      vertex -17.25 2.5 -31.584
      vertex -17.0869 8.5 -31.475
      vertex -17.0869 2.5 -31.475
    endloop
  endfacet
  facet normal 0.555641 0 -0.831422
    outer loop
      vertex -17.0869 8.5 -31.475
      vertex -17.25 2.5 -31.584
      vertex -17.25 8.5 -31.584
    endloop
  endfacet
  facet normal -0.980757 0 -0.195234
    outer loop
      vertex -19.4489 2.5 -30.6732
      vertex -19.4872 8.5 -30.4808
      vertex -19.4489 8.5 -30.6732
    endloop
  endfacet
  facet normal -0.980757 -0 -0.195234
    outer loop
      vertex -19.4872 8.5 -30.4808
      vertex -19.4489 2.5 -30.6732
      vertex -19.4872 2.5 -30.4808
    endloop
  endfacet
  facet normal 0 1 0
    outer loop
      vertex -17.8042 8.5 -28.7978
      vertex -18.1958 8.5 -28.7978
      vertex -18 8.5 -28.785
    endloop
  endfacet
  facet normal 0 1 0
    outer loop
      vertex -17.6118 8.5 -28.8361
      vertex -18.1958 8.5 -28.7978
      vertex -17.8042 8.5 -28.7978
    endloop
  endfacet
  facet normal 0 1 0
    outer loop
      vertex -17.6118 8.5 -28.8361
      vertex -18.3882 8.5 -28.8361
      vertex -18.1958 8.5 -28.7978
    endloop
  endfacet
  facet normal 0 1 0
    outer loop
      vertex -17.426 8.5 -28.8992
      vertex -18.3882 8.5 -28.8361
      vertex -17.6118 8.5 -28.8361
    endloop
  endfacet
  facet normal 0 1 0
    outer loop
      vertex -17.426 8.5 -28.8992
      vertex -18.574 8.5 -28.8992
      vertex -18.3882 8.5 -28.8361
    endloop
  endfacet
  facet normal 0 1 0
    outer loop
      vertex -17.25 8.5 -28.986
      vertex -18.574 8.5 -28.8992
      vertex -17.426 8.5 -28.8992
    endloop
  endfacet
  facet normal 0 1 0
    outer loop
      vertex -17.25 8.5 -28.986
      vertex -18.75 8.5 -28.986
      vertex -18.574 8.5 -28.8992
    endloop
  endfacet
  facet normal 0 1 0
    outer loop
      vertex -17.0869 8.5 -29.095
      vertex -18.75 8.5 -28.986
      vertex -17.25 8.5 -28.986
    endloop
  endfacet
  facet normal 0 1 0
    outer loop
      vertex -17.0869 8.5 -29.095
      vertex -18.9131 8.5 -29.095
      vertex -18.75 8.5 -28.986
    endloop
  endfacet
  facet normal 0 1 0
    outer loop
      vertex -16.9393 8.5 -29.2243
      vertex -18.9131 8.5 -29.095
      vertex -17.0869 8.5 -29.095
    endloop
  endfacet
  facet normal 0 1 0
    outer loop
      vertex -16.9393 8.5 -29.2243
      vertex -19.0607 8.5 -29.2243
      vertex -18.9131 8.5 -29.095
    endloop
  endfacet
  facet normal 0 1 0
    outer loop
      vertex -16.81 8.5 -29.3719
      vertex -19.0607 8.5 -29.2243
      vertex -16.9393 8.5 -29.2243
    endloop
  endfacet
  facet normal 0 1 0
    outer loop
      vertex -16.81 8.5 -29.3719
      vertex -19.19 8.5 -29.3719
      vertex -19.0607 8.5 -29.2243
    endloop
  endfacet
  facet normal 0 1 0
    outer loop
      vertex -16.701 8.5 -29.535
      vertex -19.19 8.5 -29.3719
      vertex -16.81 8.5 -29.3719
    endloop
  endfacet
  facet normal 0 1 0
    outer loop
      vertex -16.701 8.5 -29.535
      vertex -19.299 8.5 -29.535
      vertex -19.19 8.5 -29.3719
    endloop
  endfacet
  facet normal 0 1 0
    outer loop
      vertex -16.6142 8.5 -29.711
      vertex -19.299 8.5 -29.535
      vertex -16.701 8.5 -29.535
    endloop
  endfacet
  facet normal 0 1 0
    outer loop
      vertex -16.6142 8.5 -29.711
      vertex -19.3858 8.5 -29.711
      vertex -19.299 8.5 -29.535
    endloop
  endfacet
  facet normal 0 1 0
    outer loop
      vertex -16.5511 8.5 -29.8968
      vertex -19.3858 8.5 -29.711
      vertex -16.6142 8.5 -29.711
    endloop
  endfacet
  facet normal 0 1 0
    outer loop
      vertex -16.5511 8.5 -29.8968
      vertex -19.4489 8.5 -29.8968
      vertex -19.3858 8.5 -29.711
    endloop
  endfacet
  facet normal 0 1 0
    outer loop
      vertex -16.5128 8.5 -30.0892
      vertex -19.4489 8.5 -29.8968
      vertex -16.5511 8.5 -29.8968
    endloop
  endfacet
  facet normal 0 1 0
    outer loop
      vertex -16.5128 8.5 -30.0892
      vertex -19.4872 8.5 -30.0892
      vertex -19.4489 8.5 -29.8968
    endloop
  endfacet
  facet normal 0 1 0
    outer loop
      vertex -16.5 8.5 -30.285
      vertex -19.4872 8.5 -30.0892
      vertex -16.5128 8.5 -30.0892
    endloop
  endfacet
  facet normal 0 1 0
    outer loop
      vertex -16.5 8.5 -30.285
      vertex -19.5 8.5 -30.285
      vertex -19.4872 8.5 -30.0892
    endloop
  endfacet
  facet normal 0 1 -0
    outer loop
      vertex -16.5128 8.5 -30.4808
      vertex -19.5 8.5 -30.285
      vertex -16.5 8.5 -30.285
    endloop
  endfacet
  facet normal 0 1 0
    outer loop
      vertex -16.5128 8.5 -30.4808
      vertex -19.4872 8.5 -30.4808
      vertex -19.5 8.5 -30.285
    endloop
  endfacet
  facet normal 0 1 -0
    outer loop
      vertex -16.5511 8.5 -30.6732
      vertex -19.4872 8.5 -30.4808
      vertex -16.5128 8.5 -30.4808
    endloop
  endfacet
  facet normal 0 1 0
    outer loop
      vertex -16.5511 8.5 -30.6732
      vertex -19.4489 8.5 -30.6732
      vertex -19.4872 8.5 -30.4808
    endloop
  endfacet
  facet normal 0 1 -0
    outer loop
      vertex -16.6142 8.5 -30.859
      vertex -19.4489 8.5 -30.6732
      vertex -16.5511 8.5 -30.6732
    endloop
  endfacet
  facet normal 0 1 0
    outer loop
      vertex -16.6142 8.5 -30.859
      vertex -19.3858 8.5 -30.859
      vertex -19.4489 8.5 -30.6732
    endloop
  endfacet
  facet normal 0 1 -0
    outer loop
      vertex -16.701 8.5 -31.035
      vertex -19.3858 8.5 -30.859
      vertex -16.6142 8.5 -30.859
    endloop
  endfacet
  facet normal 0 1 0
    outer loop
      vertex -16.701 8.5 -31.035
      vertex -19.299 8.5 -31.035
      vertex -19.3858 8.5 -30.859
    endloop
  endfacet
  facet normal 0 1 -0
    outer loop
      vertex -16.81 8.5 -31.1981
      vertex -19.299 8.5 -31.035
      vertex -16.701 8.5 -31.035
    endloop
  endfacet
  facet normal 0 1 0
    outer loop
      vertex -16.81 8.5 -31.1981
      vertex -19.19 8.5 -31.1981
      vertex -19.299 8.5 -31.035
    endloop
  endfacet
  facet normal 0 1 -0
    outer loop
      vertex -16.9393 8.5 -31.3457
      vertex -19.19 8.5 -31.1981
      vertex -16.81 8.5 -31.1981
    endloop
  endfacet
  facet normal 0 1 0
    outer loop
      vertex -16.9393 8.5 -31.3457
      vertex -19.0607 8.5 -31.3457
      vertex -19.19 8.5 -31.1981
    endloop
  endfacet
  facet normal 0 1 -0
    outer loop
      vertex -17.0869 8.5 -31.475
      vertex -19.0607 8.5 -31.3457
      vertex -16.9393 8.5 -31.3457
    endloop
  endfacet
  facet normal 0 1 0
    outer loop
      vertex -17.0869 8.5 -31.475
      vertex -18.9131 8.5 -31.475
      vertex -19.0607 8.5 -31.3457
    endloop
  endfacet
  facet normal 0 1 -0
    outer loop
      vertex -17.25 8.5 -31.584
      vertex -18.9131 8.5 -31.475
      vertex -17.0869 8.5 -31.475
    endloop
  endfacet
  facet normal 0 1 0
    outer loop
      vertex -17.25 8.5 -31.584
      vertex -18.75 8.5 -31.584
      vertex -18.9131 8.5 -31.475
    endloop
  endfacet
  facet normal 0 1 -0
    outer loop
      vertex -17.426 8.5 -31.6708
      vertex -18.75 8.5 -31.584
      vertex -17.25 8.5 -31.584
    endloop
  endfacet
  facet normal 0 1 0
    outer loop
      vertex -17.426 8.5 -31.6708
      vertex -18.574 8.5 -31.6708
      vertex -18.75 8.5 -31.584
    endloop
  endfacet
  facet normal 0 1 -0
    outer loop
      vertex -17.6118 8.5 -31.7339
      vertex -18.574 8.5 -31.6708
      vertex -17.426 8.5 -31.6708
    endloop
  endfacet
  facet normal 0 1 0
    outer loop
      vertex -17.6118 8.5 -31.7339
      vertex -18.3882 8.5 -31.7339
      vertex -18.574 8.5 -31.6708
    endloop
  endfacet
  facet normal 0 1 -0
    outer loop
      vertex -17.8042 8.5 -31.7722
      vertex -18.3882 8.5 -31.7339
      vertex -17.6118 8.5 -31.7339
    endloop
  endfacet
  facet normal 0 1 0
    outer loop
      vertex -17.8042 8.5 -31.7722
      vertex -18.1958 8.5 -31.7722
      vertex -18.3882 8.5 -31.7339
    endloop
  endfacet
  facet normal -0 1 0
    outer loop
      vertex -18.1958 8.5 -31.7722
      vertex -17.8042 8.5 -31.7722
      vertex -18 8.5 -31.785
    endloop
  endfacet
  facet normal -0.658937 0 -0.752198
    outer loop
      vertex -19.0607 2.5 -31.3457
      vertex -18.9131 8.5 -31.475
      vertex -18.9131 2.5 -31.475
    endloop
  endfacet
  facet normal -0.658937 0 -0.752198
    outer loop
      vertex -18.9131 8.5 -31.475
      vertex -19.0607 2.5 -31.3457
      vertex -19.0607 8.5 -31.3457
    endloop
  endfacet
  facet normal -0.321574 0 -0.946885
    outer loop
      vertex -18.574 2.5 -31.6708
      vertex -18.3882 8.5 -31.7339
      vertex -18.3882 2.5 -31.7339
    endloop
  endfacet
  facet normal -0.321574 0 -0.946885
    outer loop
      vertex -18.3882 8.5 -31.7339
      vertex -18.574 2.5 -31.6708
      vertex -18.574 8.5 -31.6708
    endloop
  endfacet
  facet normal 0.99787 -0 0.0652336
    outer loop
      vertex -16.5128 2.5 -30.0892
      vertex -16.5 8.5 -30.285
      vertex -16.5128 8.5 -30.0892
    endloop
  endfacet
  facet normal 0.99787 0 0.0652336
    outer loop
      vertex -16.5 8.5 -30.285
      vertex -16.5128 2.5 -30.0892
      vertex -16.5 2.5 -30.285
    endloop
  endfacet
  facet normal 0.555641 0 0.831422
    outer loop
      vertex -17.25 8.5 -28.986
      vertex -17.0869 2.5 -29.095
      vertex -17.0869 8.5 -29.095
    endloop
  endfacet
  facet normal 0.555641 0 0.831422
    outer loop
      vertex -17.0869 2.5 -29.095
      vertex -17.25 8.5 -28.986
      vertex -17.25 2.5 -28.986
    endloop
  endfacet
  facet normal 0.752198 -0 0.658937
    outer loop
      vertex -16.9393 2.5 -29.2243
      vertex -16.81 8.5 -29.3719
      vertex -16.9393 8.5 -29.2243
    endloop
  endfacet
  facet normal 0.752198 0 0.658937
    outer loop
      vertex -16.81 8.5 -29.3719
      vertex -16.9393 2.5 -29.2243
      vertex -16.81 2.5 -29.3719
    endloop
  endfacet
  facet normal -0.658937 0 0.752198
    outer loop
      vertex -19.0607 8.5 -29.2243
      vertex -18.9131 2.5 -29.095
      vertex -18.9131 8.5 -29.095
    endloop
  endfacet
  facet normal -0.658937 0 0.752198
    outer loop
      vertex -18.9131 2.5 -29.095
      vertex -19.0607 8.5 -29.2243
      vertex -19.0607 2.5 -29.2243
    endloop
  endfacet
  facet normal -0.89686 0 0.442315
    outer loop
      vertex -19.3858 2.5 -29.711
      vertex -19.299 8.5 -29.535
      vertex -19.3858 8.5 -29.711
    endloop
  endfacet
  facet normal -0.89686 0 0.442315
    outer loop
      vertex -19.299 8.5 -29.535
      vertex -19.3858 2.5 -29.711
      vertex -19.299 2.5 -29.535
    endloop
  endfacet
  facet normal -0.831422 0 0.555641
    outer loop
      vertex -19.299 2.5 -29.535
      vertex -19.19 8.5 -29.3719
      vertex -19.299 8.5 -29.535
    endloop
  endfacet
  facet normal -0.831422 0 0.555641
    outer loop
      vertex -19.19 8.5 -29.3719
      vertex -19.299 2.5 -29.535
      vertex -19.19 2.5 -29.3719
    endloop
  endfacet
  facet normal 0.89686 -0 0.442315
    outer loop
      vertex -16.701 2.5 -29.535
      vertex -16.6142 8.5 -29.711
      vertex -16.701 8.5 -29.535
    endloop
  endfacet
  facet normal 0.89686 0 0.442315
    outer loop
      vertex -16.6142 8.5 -29.711
      vertex -16.701 2.5 -29.535
      vertex -16.6142 2.5 -29.711
    endloop
  endfacet
  facet normal -0.195234 0 0.980757
    outer loop
      vertex -18.3882 8.5 -28.8361
      vertex -18.1958 2.5 -28.7978
      vertex -18.1958 8.5 -28.7978
    endloop
  endfacet
  facet normal -0.195234 0 0.980757
    outer loop
      vertex -18.1958 2.5 -28.7978
      vertex -18.3882 8.5 -28.8361
      vertex -18.3882 2.5 -28.8361
    endloop
  endfacet
  facet normal -0.752198 0 0.658937
    outer loop
      vertex -19.19 2.5 -29.3719
      vertex -19.0607 8.5 -29.2243
      vertex -19.19 8.5 -29.3719
    endloop
  endfacet
  facet normal -0.752198 0 0.658937
    outer loop
      vertex -19.0607 8.5 -29.2243
      vertex -19.19 2.5 -29.3719
      vertex -19.0607 2.5 -29.2243
    endloop
  endfacet
  facet normal -0.946885 0 0.321574
    outer loop
      vertex -19.4489 2.5 -29.8968
      vertex -19.3858 8.5 -29.711
      vertex -19.4489 8.5 -29.8968
    endloop
  endfacet
  facet normal -0.946885 0 0.321574
    outer loop
      vertex -19.3858 8.5 -29.711
      vertex -19.4489 2.5 -29.8968
      vertex -19.3858 2.5 -29.711
    endloop
  endfacet
  facet normal 0.321574 0 0.946885
    outer loop
      vertex -17.6118 8.5 -28.8361
      vertex -17.426 2.5 -28.8992
      vertex -17.426 8.5 -28.8992
    endloop
  endfacet
  facet normal 0.321574 0 0.946885
    outer loop
      vertex -17.426 2.5 -28.8992
      vertex -17.6118 8.5 -28.8361
      vertex -17.6118 2.5 -28.8361
    endloop
  endfacet
  facet normal 0.658937 0 0.752198
    outer loop
      vertex -17.0869 8.5 -29.095
      vertex -16.9393 2.5 -29.2243
      vertex -16.9393 8.5 -29.2243
    endloop
  endfacet
  facet normal 0.658937 0 0.752198
    outer loop
      vertex -16.9393 2.5 -29.2243
      vertex -17.0869 8.5 -29.095
      vertex -17.0869 2.5 -29.095
    endloop
  endfacet
  facet normal 0.946885 -0 0.321574
    outer loop
      vertex -16.6142 2.5 -29.711
      vertex -16.5511 8.5 -29.8968
      vertex -16.6142 8.5 -29.711
    endloop
  endfacet
  facet normal 0.946885 0 0.321574
    outer loop
      vertex -16.5511 8.5 -29.8968
      vertex -16.6142 2.5 -29.711
      vertex -16.5511 2.5 -29.8968
    endloop
  endfacet
  facet normal -0.0652336 0 0.99787
    outer loop
      vertex -18.1958 8.5 -28.7978
      vertex -18 2.5 -28.785
      vertex -18 8.5 -28.785
    endloop
  endfacet
  facet normal -0.0652336 0 0.99787
    outer loop
      vertex -18 2.5 -28.785
      vertex -18.1958 8.5 -28.7978
      vertex -18.1958 2.5 -28.7978
    endloop
  endfacet
  facet normal -0.321574 0 0.946885
    outer loop
      vertex -18.574 8.5 -28.8992
      vertex -18.3882 2.5 -28.8361
      vertex -18.3882 8.5 -28.8361
    endloop
  endfacet
  facet normal -0.321574 0 0.946885
    outer loop
      vertex -18.3882 2.5 -28.8361
      vertex -18.574 8.5 -28.8992
      vertex -18.574 2.5 -28.8992
    endloop
  endfacet
  facet normal -0.980757 0 0.195234
    outer loop
      vertex -19.4872 2.5 -30.0892
      vertex -19.4489 8.5 -29.8968
      vertex -19.4872 8.5 -30.0892
    endloop
  endfacet
  facet normal -0.980757 0 0.195234
    outer loop
      vertex -19.4489 8.5 -29.8968
      vertex -19.4872 2.5 -30.0892
      vertex -19.4489 2.5 -29.8968
    endloop
  endfacet
  facet normal -0.99787 0 0.0652336
    outer loop
      vertex -19.5 2.5 -30.285
      vertex -19.4872 8.5 -30.0892
      vertex -19.5 8.5 -30.285
    endloop
  endfacet
  facet normal -0.99787 0 0.0652336
    outer loop
      vertex -19.4872 8.5 -30.0892
      vertex -19.5 2.5 -30.285
      vertex -19.4872 2.5 -30.0892
    endloop
  endfacet
  facet normal -0.555641 0 0.831422
    outer loop
      vertex -18.9131 8.5 -29.095
      vertex -18.75 2.5 -28.986
      vertex -18.75 8.5 -28.986
    endloop
  endfacet
  facet normal -0.555641 0 0.831422
    outer loop
      vertex -18.75 2.5 -28.986
      vertex -18.9131 8.5 -29.095
      vertex -18.9131 2.5 -29.095
    endloop
  endfacet
  facet normal -0.442315 0 0.89686
    outer loop
      vertex -18.75 8.5 -28.986
      vertex -18.574 2.5 -28.8992
      vertex -18.574 8.5 -28.8992
    endloop
  endfacet
  facet normal -0.442315 0 0.89686
    outer loop
      vertex -18.574 2.5 -28.8992
      vertex -18.75 8.5 -28.986
      vertex -18.75 2.5 -28.986
    endloop
  endfacet
  facet normal 0.997859 0 -0.0654026
    outer loop
      vertex -7.25 2.5 -30.285
      vertex -7.26497 8.5 -30.5134
      vertex -7.25 8.5 -30.285
    endloop
  endfacet
  facet normal 0.997859 0 -0.0654026
    outer loop
      vertex -7.26497 8.5 -30.5134
      vertex -7.25 2.5 -30.285
      vertex -7.26497 2.5 -30.5134
    endloop
  endfacet
  facet normal -0.99785 0 -0.0655331
    outer loop
      vertex -10.735 2.5 -30.5134
      vertex -10.75 8.5 -30.285
      vertex -10.735 8.5 -30.5134
    endloop
  endfacet
  facet normal -0.99785 -0 -0.0655331
    outer loop
      vertex -10.75 8.5 -30.285
      vertex -10.735 2.5 -30.5134
      vertex -10.75 2.5 -30.285
    endloop
  endfacet
  facet normal 0.0655274 0 -0.997851
    outer loop
      vertex -9 2.5 -32.035
      vertex -8.77158 8.5 -32.02
      vertex -8.77158 2.5 -32.02
    endloop
  endfacet
  facet normal 0.0655274 0 -0.997851
    outer loop
      vertex -8.77158 8.5 -32.02
      vertex -9 2.5 -32.035
      vertex -9 8.5 -32.035
    endloop
  endfacet
  facet normal 0.0655274 0 0.997851
    outer loop
      vertex -9 8.5 -28.535
      vertex -8.77158 2.5 -28.55
      vertex -8.77158 8.5 -28.55
    endloop
  endfacet
  facet normal 0.0655274 0 0.997851
    outer loop
      vertex -8.77158 2.5 -28.55
      vertex -9 8.5 -28.535
      vertex -9 2.5 -28.535
    endloop
  endfacet
  facet normal 0.659503 0 -0.751702
    outer loop
      vertex -7.93467 2.5 -31.6734
      vertex -7.76256 8.5 -31.5224
      vertex -7.76256 2.5 -31.5224
    endloop
  endfacet
  facet normal 0.659503 0 -0.751702
    outer loop
      vertex -7.76256 8.5 -31.5224
      vertex -7.93467 2.5 -31.6734
      vertex -7.93467 8.5 -31.6734
    endloop
  endfacet
  facet normal -0.659524 0 -0.751683
    outer loop
      vertex -10.2374 2.5 -31.5224
      vertex -10.0653 8.5 -31.6734
      vertex -10.0653 2.5 -31.6734
    endloop
  endfacet
  facet normal -0.659524 0 -0.751683
    outer loop
      vertex -10.0653 8.5 -31.6734
      vertex -10.2374 2.5 -31.5224
      vertex -10.2374 8.5 -31.5224
    endloop
  endfacet
  facet normal -0.321504 0 -0.946908
    outer loop
      vertex -9.6697 2.5 -31.9018
      vertex -9.45293 8.5 -31.9754
      vertex -9.45293 2.5 -31.9754
    endloop
  endfacet
  facet normal -0.321504 0 -0.946908
    outer loop
      vertex -9.45293 8.5 -31.9754
      vertex -9.6697 2.5 -31.9018
      vertex -9.6697 8.5 -31.9018
    endloop
  endfacet
  facet normal 0.89686 0 -0.442314
    outer loop
      vertex -7.38321 2.5 -30.9547
      vertex -7.48446 8.5 -31.16
      vertex -7.38321 8.5 -30.9547
    endloop
  endfacet
  facet normal 0.89686 0 -0.442314
    outer loop
      vertex -7.48446 8.5 -31.16
      vertex -7.38321 2.5 -30.9547
      vertex -7.48446 2.5 -31.16
    endloop
  endfacet
  facet normal 0.831438 0 -0.555617
    outer loop
      vertex -7.48446 2.5 -31.16
      vertex -7.61163 8.5 -31.3503
      vertex -7.48446 8.5 -31.16
    endloop
  endfacet
  facet normal 0.831438 0 -0.555617
    outer loop
      vertex -7.61163 8.5 -31.3503
      vertex -7.48446 2.5 -31.16
      vertex -7.61163 2.5 -31.3503
    endloop
  endfacet
  facet normal 0.44249 0 -0.896774
    outer loop
      vertex -8.3303 2.5 -31.9018
      vertex -8.125 8.5 -31.8005
      vertex -8.125 2.5 -31.8005
    endloop
  endfacet
  facet normal 0.44249 0 -0.896774
    outer loop
      vertex -8.125 8.5 -31.8005
      vertex -8.3303 2.5 -31.9018
      vertex -8.3303 8.5 -31.9018
    endloop
  endfacet
  facet normal 0.555345 0 -0.83162
    outer loop
      vertex -8.125 2.5 -31.8005
      vertex -7.93467 8.5 -31.6734
      vertex -7.93467 2.5 -31.6734
    endloop
  endfacet
  facet normal 0.555345 0 -0.83162
    outer loop
      vertex -7.93467 8.5 -31.6734
      vertex -8.125 2.5 -31.8005
      vertex -8.125 8.5 -31.8005
    endloop
  endfacet
  facet normal -0.896774 0 -0.44249
    outer loop
      vertex -10.5155 2.5 -31.16
      vertex -10.6168 8.5 -30.9547
      vertex -10.5155 8.5 -31.16
    endloop
  endfacet
  facet normal -0.896774 -0 -0.44249
    outer loop
      vertex -10.6168 8.5 -30.9547
      vertex -10.5155 2.5 -31.16
      vertex -10.6168 2.5 -30.9547
    endloop
  endfacet
  facet normal 0 1 0
    outer loop
      vertex -8.77158 8.5 -28.55
      vertex -9.22842 8.5 -28.55
      vertex -9 8.5 -28.535
    endloop
  endfacet
  facet normal 0 1 0
    outer loop
      vertex -8.54707 8.5 -28.5946
      vertex -9.22842 8.5 -28.55
      vertex -8.77158 8.5 -28.55
    endloop
  endfacet
  facet normal 0 1 0
    outer loop
      vertex -8.54707 8.5 -28.5946
      vertex -9.45293 8.5 -28.5946
      vertex -9.22842 8.5 -28.55
    endloop
  endfacet
  facet normal 0 1 0
    outer loop
      vertex -8.3303 8.5 -28.6682
      vertex -9.45293 8.5 -28.5946
      vertex -8.54707 8.5 -28.5946
    endloop
  endfacet
  facet normal 0 1 0
    outer loop
      vertex -8.3303 8.5 -28.6682
      vertex -9.6697 8.5 -28.6682
      vertex -9.45293 8.5 -28.5946
    endloop
  endfacet
  facet normal 0 1 0
    outer loop
      vertex -8.125 8.5 -28.7695
      vertex -9.6697 8.5 -28.6682
      vertex -8.3303 8.5 -28.6682
    endloop
  endfacet
  facet normal 0 1 0
    outer loop
      vertex -8.125 8.5 -28.7695
      vertex -9.875 8.5 -28.7695
      vertex -9.6697 8.5 -28.6682
    endloop
  endfacet
  facet normal 0 1 0
    outer loop
      vertex -7.93467 8.5 -28.8966
      vertex -9.875 8.5 -28.7695
      vertex -8.125 8.5 -28.7695
    endloop
  endfacet
  facet normal 0 1 0
    outer loop
      vertex -7.93467 8.5 -28.8966
      vertex -10.0653 8.5 -28.8966
      vertex -9.875 8.5 -28.7695
    endloop
  endfacet
  facet normal 0 1 0
    outer loop
      vertex -7.76256 8.5 -29.0476
      vertex -10.0653 8.5 -28.8966
      vertex -7.93467 8.5 -28.8966
    endloop
  endfacet
  facet normal 0 1 0
    outer loop
      vertex -7.76256 8.5 -29.0476
      vertex -10.2374 8.5 -29.0476
      vertex -10.0653 8.5 -28.8966
    endloop
  endfacet
  facet normal 0 1 0
    outer loop
      vertex -7.61163 8.5 -29.2197
      vertex -10.2374 8.5 -29.0476
      vertex -7.76256 8.5 -29.0476
    endloop
  endfacet
  facet normal 0 1 0
    outer loop
      vertex -7.61163 8.5 -29.2197
      vertex -10.3884 8.5 -29.2197
      vertex -10.2374 8.5 -29.0476
    endloop
  endfacet
  facet normal 0 1 0
    outer loop
      vertex -7.48446 8.5 -29.41
      vertex -10.3884 8.5 -29.2197
      vertex -7.61163 8.5 -29.2197
    endloop
  endfacet
  facet normal 0 1 0
    outer loop
      vertex -7.48446 8.5 -29.41
      vertex -10.5155 8.5 -29.41
      vertex -10.3884 8.5 -29.2197
    endloop
  endfacet
  facet normal 0 1 0
    outer loop
      vertex -7.38321 8.5 -29.6153
      vertex -10.5155 8.5 -29.41
      vertex -7.48446 8.5 -29.41
    endloop
  endfacet
  facet normal 0 1 0
    outer loop
      vertex -7.38321 8.5 -29.6153
      vertex -10.6168 8.5 -29.6153
      vertex -10.5155 8.5 -29.41
    endloop
  endfacet
  facet normal 0 1 0
    outer loop
      vertex -7.30963 8.5 -29.8321
      vertex -10.6168 8.5 -29.6153
      vertex -7.38321 8.5 -29.6153
    endloop
  endfacet
  facet normal 0 1 0
    outer loop
      vertex -7.30963 8.5 -29.8321
      vertex -10.6904 8.5 -29.8321
      vertex -10.6168 8.5 -29.6153
    endloop
  endfacet
  facet normal 0 1 0
    outer loop
      vertex -7.26497 8.5 -30.0566
      vertex -10.6904 8.5 -29.8321
      vertex -7.30963 8.5 -29.8321
    endloop
  endfacet
  facet normal 0 1 0
    outer loop
      vertex -7.26497 8.5 -30.0566
      vertex -10.735 8.5 -30.0566
      vertex -10.6904 8.5 -29.8321
    endloop
  endfacet
  facet normal 0 1 0
    outer loop
      vertex -7.25 8.5 -30.285
      vertex -10.735 8.5 -30.0566
      vertex -7.26497 8.5 -30.0566
    endloop
  endfacet
  facet normal 0 1 0
    outer loop
      vertex -7.25 8.5 -30.285
      vertex -10.75 8.5 -30.285
      vertex -10.735 8.5 -30.0566
    endloop
  endfacet
  facet normal 0 1 -0
    outer loop
      vertex -7.26497 8.5 -30.5134
      vertex -10.75 8.5 -30.285
      vertex -7.25 8.5 -30.285
    endloop
  endfacet
  facet normal 0 1 0
    outer loop
      vertex -7.26497 8.5 -30.5134
      vertex -10.735 8.5 -30.5134
      vertex -10.75 8.5 -30.285
    endloop
  endfacet
  facet normal 0 1 -0
    outer loop
      vertex -7.30963 8.5 -30.7379
      vertex -10.735 8.5 -30.5134
      vertex -7.26497 8.5 -30.5134
    endloop
  endfacet
  facet normal 0 1 0
    outer loop
      vertex -7.30963 8.5 -30.7379
      vertex -10.6904 8.5 -30.7379
      vertex -10.735 8.5 -30.5134
    endloop
  endfacet
  facet normal 0 1 -0
    outer loop
      vertex -7.38321 8.5 -30.9547
      vertex -10.6904 8.5 -30.7379
      vertex -7.30963 8.5 -30.7379
    endloop
  endfacet
  facet normal 0 1 0
    outer loop
      vertex -7.38321 8.5 -30.9547
      vertex -10.6168 8.5 -30.9547
      vertex -10.6904 8.5 -30.7379
    endloop
  endfacet
  facet normal 0 1 -0
    outer loop
      vertex -7.48446 8.5 -31.16
      vertex -10.6168 8.5 -30.9547
      vertex -7.38321 8.5 -30.9547
    endloop
  endfacet
  facet normal 0 1 0
    outer loop
      vertex -7.48446 8.5 -31.16
      vertex -10.5155 8.5 -31.16
      vertex -10.6168 8.5 -30.9547
    endloop
  endfacet
  facet normal 0 1 -0
    outer loop
      vertex -7.61163 8.5 -31.3503
      vertex -10.5155 8.5 -31.16
      vertex -7.48446 8.5 -31.16
    endloop
  endfacet
  facet normal 0 1 0
    outer loop
      vertex -7.61163 8.5 -31.3503
      vertex -10.3884 8.5 -31.3503
      vertex -10.5155 8.5 -31.16
    endloop
  endfacet
  facet normal 0 1 -0
    outer loop
      vertex -7.76256 8.5 -31.5224
      vertex -10.3884 8.5 -31.3503
      vertex -7.61163 8.5 -31.3503
    endloop
  endfacet
  facet normal 0 1 0
    outer loop
      vertex -7.76256 8.5 -31.5224
      vertex -10.2374 8.5 -31.5224
      vertex -10.3884 8.5 -31.3503
    endloop
  endfacet
  facet normal 0 1 -0
    outer loop
      vertex -7.93467 8.5 -31.6734
      vertex -10.2374 8.5 -31.5224
      vertex -7.76256 8.5 -31.5224
    endloop
  endfacet
  facet normal 0 1 0
    outer loop
      vertex -7.93467 8.5 -31.6734
      vertex -10.0653 8.5 -31.6734
      vertex -10.2374 8.5 -31.5224
    endloop
  endfacet
  facet normal 0 1 -0
    outer loop
      vertex -8.125 8.5 -31.8005
      vertex -10.0653 8.5 -31.6734
      vertex -7.93467 8.5 -31.6734
    endloop
  endfacet
  facet normal 0 1 0
    outer loop
      vertex -8.125 8.5 -31.8005
      vertex -9.875 8.5 -31.8005
      vertex -10.0653 8.5 -31.6734
    endloop
  endfacet
  facet normal 0 1 -0
    outer loop
      vertex -8.3303 8.5 -31.9018
      vertex -9.875 8.5 -31.8005
      vertex -8.125 8.5 -31.8005
    endloop
  endfacet
  facet normal 0 1 0
    outer loop
      vertex -8.3303 8.5 -31.9018
      vertex -9.6697 8.5 -31.9018
      vertex -9.875 8.5 -31.8005
    endloop
  endfacet
  facet normal 0 1 -0
    outer loop
      vertex -8.54707 8.5 -31.9754
      vertex -9.6697 8.5 -31.9018
      vertex -8.3303 8.5 -31.9018
    endloop
  endfacet
  facet normal 0 1 0
    outer loop
      vertex -8.54707 8.5 -31.9754
      vertex -9.45293 8.5 -31.9754
      vertex -9.6697 8.5 -31.9018
    endloop
  endfacet
  facet normal 0 1 -0
    outer loop
      vertex -8.77158 8.5 -32.02
      vertex -9.45293 8.5 -31.9754
      vertex -8.54707 8.5 -31.9754
    endloop
  endfacet
  facet normal 0 1 0
    outer loop
      vertex -8.77158 8.5 -32.02
      vertex -9.22842 8.5 -32.02
      vertex -9.45293 8.5 -31.9754
    endloop
  endfacet
  facet normal -0 1 0
    outer loop
      vertex -9.22842 8.5 -32.02
      vertex -8.77158 8.5 -32.02
      vertex -9 8.5 -32.035
    endloop
  endfacet
  facet normal -0.44249 0 -0.896774
    outer loop
      vertex -9.875 2.5 -31.8005
      vertex -9.6697 8.5 -31.9018
      vertex -9.6697 2.5 -31.9018
    endloop
  endfacet
  facet normal -0.44249 0 -0.896774
    outer loop
      vertex -9.6697 8.5 -31.9018
      vertex -9.875 2.5 -31.8005
      vertex -9.875 8.5 -31.8005
    endloop
  endfacet
  facet normal -0.0655274 0 -0.997851
    outer loop
      vertex -9.22842 2.5 -32.02
      vertex -9 8.5 -32.035
      vertex -9 2.5 -32.035
    endloop
  endfacet
  facet normal -0.0655274 0 -0.997851
    outer loop
      vertex -9 8.5 -32.035
      vertex -9.22842 2.5 -32.02
      vertex -9.22842 8.5 -32.02
    endloop
  endfacet
  facet normal 0.194847 0 0.980834
    outer loop
      vertex -8.77158 8.5 -28.55
      vertex -8.54707 2.5 -28.5946
      vertex -8.54707 8.5 -28.5946
    endloop
  endfacet
  facet normal 0.194847 0 0.980834
    outer loop
      vertex -8.54707 2.5 -28.5946
      vertex -8.77158 8.5 -28.55
      vertex -8.77158 2.5 -28.55
    endloop
  endfacet
  facet normal 0.44249 0 0.896774
    outer loop
      vertex -8.3303 8.5 -28.6682
      vertex -8.125 2.5 -28.7695
      vertex -8.125 8.5 -28.7695
    endloop
  endfacet
  facet normal 0.44249 0 0.896774
    outer loop
      vertex -8.125 2.5 -28.7695
      vertex -8.3303 8.5 -28.6682
      vertex -8.3303 2.5 -28.6682
    endloop
  endfacet
  facet normal 0.946948 0 -0.321386
    outer loop
      vertex -7.30963 2.5 -30.7379
      vertex -7.38321 8.5 -30.9547
      vertex -7.30963 8.5 -30.7379
    endloop
  endfacet
  facet normal 0.946948 0 -0.321386
    outer loop
      vertex -7.38321 8.5 -30.9547
      vertex -7.30963 2.5 -30.7379
      vertex -7.38321 2.5 -30.9547
    endloop
  endfacet
  facet normal 0.980782 0 -0.195108
    outer loop
      vertex -7.26497 2.5 -30.5134
      vertex -7.30963 8.5 -30.7379
      vertex -7.26497 8.5 -30.5134
    endloop
  endfacet
  facet normal 0.980782 0 -0.195108
    outer loop
      vertex -7.30963 8.5 -30.7379
      vertex -7.26497 2.5 -30.5134
      vertex -7.30963 2.5 -30.7379
    endloop
  endfacet
  facet normal 0.751835 0 -0.659352
    outer loop
      vertex -7.61163 2.5 -31.3503
      vertex -7.76256 8.5 -31.5224
      vertex -7.61163 8.5 -31.3503
    endloop
  endfacet
  facet normal 0.751835 0 -0.659352
    outer loop
      vertex -7.76256 8.5 -31.5224
      vertex -7.61163 2.5 -31.3503
      vertex -7.76256 2.5 -31.5224
    endloop
  endfacet
  facet normal 0.321504 0 -0.946908
    outer loop
      vertex -8.54707 2.5 -31.9754
      vertex -8.3303 8.5 -31.9018
      vertex -8.3303 2.5 -31.9018
    endloop
  endfacet
  facet normal 0.321504 0 -0.946908
    outer loop
      vertex -8.3303 8.5 -31.9018
      vertex -8.54707 2.5 -31.9754
      vertex -8.54707 8.5 -31.9754
    endloop
  endfacet
  facet normal 0.194847 0 -0.980834
    outer loop
      vertex -8.77158 2.5 -32.02
      vertex -8.54707 8.5 -31.9754
      vertex -8.54707 2.5 -31.9754
    endloop
  endfacet
  facet normal 0.194847 0 -0.980834
    outer loop
      vertex -8.54707 8.5 -31.9754
      vertex -8.77158 2.5 -32.02
      vertex -8.77158 8.5 -32.02
    endloop
  endfacet
  facet normal -0.831579 0 -0.555406
    outer loop
      vertex -10.3884 2.5 -31.3503
      vertex -10.5155 8.5 -31.16
      vertex -10.3884 8.5 -31.3503
    endloop
  endfacet
  facet normal -0.831579 -0 -0.555406
    outer loop
      vertex -10.5155 8.5 -31.16
      vertex -10.3884 2.5 -31.3503
      vertex -10.5155 2.5 -31.16
    endloop
  endfacet
  facet normal -0.751683 0 -0.659524
    outer loop
      vertex -10.2374 2.5 -31.5224
      vertex -10.3884 8.5 -31.3503
      vertex -10.2374 8.5 -31.5224
    endloop
  endfacet
  facet normal -0.751683 -0 -0.659524
    outer loop
      vertex -10.3884 8.5 -31.3503
      vertex -10.2374 2.5 -31.5224
      vertex -10.3884 2.5 -31.3503
    endloop
  endfacet
  facet normal -0.946922 0 -0.321464
    outer loop
      vertex -10.6168 2.5 -30.9547
      vertex -10.6904 8.5 -30.7379
      vertex -10.6168 8.5 -30.9547
    endloop
  endfacet
  facet normal -0.946922 -0 -0.321464
    outer loop
      vertex -10.6904 8.5 -30.7379
      vertex -10.6168 2.5 -30.9547
      vertex -10.6904 2.5 -30.7379
    endloop
  endfacet
  facet normal -0.980832 0 -0.194856
    outer loop
      vertex -10.6904 2.5 -30.7379
      vertex -10.735 8.5 -30.5134
      vertex -10.6904 8.5 -30.7379
    endloop
  endfacet
  facet normal -0.980832 -0 -0.194856
    outer loop
      vertex -10.735 8.5 -30.5134
      vertex -10.6904 2.5 -30.7379
      vertex -10.735 2.5 -30.5134
    endloop
  endfacet
  facet normal -0.555406 0 -0.831579
    outer loop
      vertex -10.0653 2.5 -31.6734
      vertex -9.875 8.5 -31.8005
      vertex -9.875 2.5 -31.8005
    endloop
  endfacet
  facet normal -0.555406 0 -0.831579
    outer loop
      vertex -9.875 8.5 -31.8005
      vertex -10.0653 2.5 -31.6734
      vertex -10.0653 8.5 -31.6734
    endloop
  endfacet
  facet normal -0.194847 0 -0.980834
    outer loop
      vertex -9.45293 2.5 -31.9754
      vertex -9.22842 8.5 -32.02
      vertex -9.22842 2.5 -32.02
    endloop
  endfacet
  facet normal -0.194847 0 -0.980834
    outer loop
      vertex -9.22842 8.5 -32.02
      vertex -9.45293 2.5 -31.9754
      vertex -9.45293 8.5 -31.9754
    endloop
  endfacet
  facet normal 0.997859 -0 0.0654026
    outer loop
      vertex -7.26497 2.5 -30.0566
      vertex -7.25 8.5 -30.285
      vertex -7.26497 8.5 -30.0566
    endloop
  endfacet
  facet normal 0.997859 0 0.0654026
    outer loop
      vertex -7.25 8.5 -30.285
      vertex -7.26497 2.5 -30.0566
      vertex -7.25 2.5 -30.285
    endloop
  endfacet
  facet normal 0.751835 -0 0.659352
    outer loop
      vertex -7.76256 2.5 -29.0476
      vertex -7.61163 8.5 -29.2197
      vertex -7.76256 8.5 -29.0476
    endloop
  endfacet
  facet normal 0.751835 0 0.659352
    outer loop
      vertex -7.61163 8.5 -29.2197
      vertex -7.76256 2.5 -29.0476
      vertex -7.61163 2.5 -29.2197
    endloop
  endfacet
  facet normal 0.946948 -0 0.321386
    outer loop
      vertex -7.38321 2.5 -29.6153
      vertex -7.30963 8.5 -29.8321
      vertex -7.38321 8.5 -29.6153
    endloop
  endfacet
  facet normal 0.946948 0 0.321386
    outer loop
      vertex -7.30963 8.5 -29.8321
      vertex -7.38321 2.5 -29.6153
      vertex -7.30963 2.5 -29.8321
    endloop
  endfacet
  facet normal 0.980782 -0 0.195108
    outer loop
      vertex -7.30963 2.5 -29.8321
      vertex -7.26497 8.5 -30.0566
      vertex -7.30963 8.5 -29.8321
    endloop
  endfacet
  facet normal 0.980782 0 0.195108
    outer loop
      vertex -7.26497 8.5 -30.0566
      vertex -7.30963 2.5 -29.8321
      vertex -7.26497 2.5 -30.0566
    endloop
  endfacet
  facet normal 0.831438 -0 0.555617
    outer loop
      vertex -7.61163 2.5 -29.2197
      vertex -7.48446 8.5 -29.41
      vertex -7.61163 8.5 -29.2197
    endloop
  endfacet
  facet normal 0.831438 0 0.555617
    outer loop
      vertex -7.48446 8.5 -29.41
      vertex -7.61163 2.5 -29.2197
      vertex -7.48446 2.5 -29.41
    endloop
  endfacet
  facet normal 0.555345 0 0.83162
    outer loop
      vertex -8.125 8.5 -28.7695
      vertex -7.93467 2.5 -28.8966
      vertex -7.93467 8.5 -28.8966
    endloop
  endfacet
  facet normal 0.555345 0 0.83162
    outer loop
      vertex -7.93467 2.5 -28.8966
      vertex -8.125 8.5 -28.7695
      vertex -8.125 2.5 -28.7695
    endloop
  endfacet
  facet normal 0.659503 0 0.751702
    outer loop
      vertex -7.93467 8.5 -28.8966
      vertex -7.76256 2.5 -29.0476
      vertex -7.76256 8.5 -29.0476
    endloop
  endfacet
  facet normal 0.659503 0 0.751702
    outer loop
      vertex -7.76256 2.5 -29.0476
      vertex -7.93467 8.5 -28.8966
      vertex -7.93467 2.5 -28.8966
    endloop
  endfacet
  facet normal -0.751683 0 0.659524
    outer loop
      vertex -10.3884 2.5 -29.2197
      vertex -10.2374 8.5 -29.0476
      vertex -10.3884 8.5 -29.2197
    endloop
  endfacet
  facet normal -0.751683 0 0.659524
    outer loop
      vertex -10.2374 8.5 -29.0476
      vertex -10.3884 2.5 -29.2197
      vertex -10.2374 2.5 -29.0476
    endloop
  endfacet
  facet normal -0.980832 0 0.194856
    outer loop
      vertex -10.735 2.5 -30.0566
      vertex -10.6904 8.5 -29.8321
      vertex -10.735 8.5 -30.0566
    endloop
  endfacet
  facet normal -0.980832 0 0.194856
    outer loop
      vertex -10.6904 8.5 -29.8321
      vertex -10.735 2.5 -30.0566
      vertex -10.6904 2.5 -29.8321
    endloop
  endfacet
  facet normal -0.99785 0 0.0655331
    outer loop
      vertex -10.75 2.5 -30.285
      vertex -10.735 8.5 -30.0566
      vertex -10.75 8.5 -30.285
    endloop
  endfacet
  facet normal -0.99785 0 0.0655331
    outer loop
      vertex -10.735 8.5 -30.0566
      vertex -10.75 2.5 -30.285
      vertex -10.735 2.5 -30.0566
    endloop
  endfacet
  facet normal -0.946922 0 0.321464
    outer loop
      vertex -10.6904 2.5 -29.8321
      vertex -10.6168 8.5 -29.6153
      vertex -10.6904 8.5 -29.8321
    endloop
  endfacet
  facet normal -0.946922 0 0.321464
    outer loop
      vertex -10.6168 8.5 -29.6153
      vertex -10.6904 2.5 -29.8321
      vertex -10.6168 2.5 -29.6153
    endloop
  endfacet
  facet normal 0.321504 0 0.946908
    outer loop
      vertex -8.54707 8.5 -28.5946
      vertex -8.3303 2.5 -28.6682
      vertex -8.3303 8.5 -28.6682
    endloop
  endfacet
  facet normal 0.321504 0 0.946908
    outer loop
      vertex -8.3303 2.5 -28.6682
      vertex -8.54707 8.5 -28.5946
      vertex -8.54707 2.5 -28.5946
    endloop
  endfacet
  facet normal 0.89686 -0 0.442314
    outer loop
      vertex -7.48446 2.5 -29.41
      vertex -7.38321 8.5 -29.6153
      vertex -7.48446 8.5 -29.41
    endloop
  endfacet
  facet normal 0.89686 0 0.442314
    outer loop
      vertex -7.38321 8.5 -29.6153
      vertex -7.48446 2.5 -29.41
      vertex -7.38321 2.5 -29.6153
    endloop
  endfacet
  facet normal -0.321504 0 0.946908
    outer loop
      vertex -9.6697 8.5 -28.6682
      vertex -9.45293 2.5 -28.5946
      vertex -9.45293 8.5 -28.5946
    endloop
  endfacet
  facet normal -0.321504 0 0.946908
    outer loop
      vertex -9.45293 2.5 -28.5946
      vertex -9.6697 8.5 -28.6682
      vertex -9.6697 2.5 -28.6682
    endloop
  endfacet
  facet normal -0.194847 0 0.980834
    outer loop
      vertex -9.45293 8.5 -28.5946
      vertex -9.22842 2.5 -28.55
      vertex -9.22842 8.5 -28.55
    endloop
  endfacet
  facet normal -0.194847 0 0.980834
    outer loop
      vertex -9.22842 2.5 -28.55
      vertex -9.45293 8.5 -28.5946
      vertex -9.45293 2.5 -28.5946
    endloop
  endfacet
  facet normal -0.659524 0 0.751683
    outer loop
      vertex -10.2374 8.5 -29.0476
      vertex -10.0653 2.5 -28.8966
      vertex -10.0653 8.5 -28.8966
    endloop
  endfacet
  facet normal -0.659524 0 0.751683
    outer loop
      vertex -10.0653 2.5 -28.8966
      vertex -10.2374 8.5 -29.0476
      vertex -10.2374 2.5 -29.0476
    endloop
  endfacet
  facet normal -0.44249 0 0.896774
    outer loop
      vertex -9.875 8.5 -28.7695
      vertex -9.6697 2.5 -28.6682
      vertex -9.6697 8.5 -28.6682
    endloop
  endfacet
  facet normal -0.44249 0 0.896774
    outer loop
      vertex -9.6697 2.5 -28.6682
      vertex -9.875 8.5 -28.7695
      vertex -9.875 2.5 -28.7695
    endloop
  endfacet
  facet normal -0.555406 0 0.831579
    outer loop
      vertex -10.0653 8.5 -28.8966
      vertex -9.875 2.5 -28.7695
      vertex -9.875 8.5 -28.7695
    endloop
  endfacet
  facet normal -0.555406 0 0.831579
    outer loop
      vertex -9.875 2.5 -28.7695
      vertex -10.0653 8.5 -28.8966
      vertex -10.0653 2.5 -28.8966
    endloop
  endfacet
  facet normal -0.0655274 0 0.997851
    outer loop
      vertex -9.22842 8.5 -28.55
      vertex -9 2.5 -28.535
      vertex -9 8.5 -28.535
    endloop
  endfacet
  facet normal -0.0655274 0 0.997851
    outer loop
      vertex -9 2.5 -28.535
      vertex -9.22842 8.5 -28.55
      vertex -9.22842 2.5 -28.55
    endloop
  endfacet
  facet normal -0.831579 0 0.555406
    outer loop
      vertex -10.5155 2.5 -29.41
      vertex -10.3884 8.5 -29.2197
      vertex -10.5155 8.5 -29.41
    endloop
  endfacet
  facet normal -0.831579 0 0.555406
    outer loop
      vertex -10.3884 8.5 -29.2197
      vertex -10.5155 2.5 -29.41
      vertex -10.3884 2.5 -29.2197
    endloop
  endfacet
  facet normal -0.896774 0 0.44249
    outer loop
      vertex -10.6168 2.5 -29.6153
      vertex -10.5155 8.5 -29.41
      vertex -10.6168 8.5 -29.6153
    endloop
  endfacet
  facet normal -0.896774 0 0.44249
    outer loop
      vertex -10.5155 8.5 -29.41
      vertex -10.6168 2.5 -29.6153
      vertex -10.5155 2.5 -29.41
    endloop
  endfacet
  facet normal 0.99786 0 -0.0653902
    outer loop
      vertex 2 2.5 -30.285
      vertex 1.98289 8.5 -30.5461
      vertex 2 8.5 -30.285
    endloop
  endfacet
  facet normal 0.99786 0 -0.0653902
    outer loop
      vertex 1.98289 8.5 -30.5461
      vertex 2 2.5 -30.285
      vertex 1.98289 2.5 -30.5461
    endloop
  endfacet
  facet normal -0.0653641 0 -0.997861
    outer loop
      vertex -0.261052 2.5 -32.2679
      vertex 0 8.5 -32.285
      vertex 0 2.5 -32.285
    endloop
  endfacet
  facet normal -0.0653641 0 -0.997861
    outer loop
      vertex 0 8.5 -32.285
      vertex -0.261052 2.5 -32.2679
      vertex -0.261052 8.5 -32.2679
    endloop
  endfacet
  facet normal 0.0653641 0 0.997861
    outer loop
      vertex 0 8.5 -28.285
      vertex 0.261052 2.5 -28.3021
      vertex 0.261052 8.5 -28.3021
    endloop
  endfacet
  facet normal 0.0653641 0 0.997861
    outer loop
      vertex 0.261052 2.5 -28.3021
      vertex 0 8.5 -28.285
      vertex 0 2.5 -28.285
    endloop
  endfacet
  facet normal -0.659362 0 0.751826
    outer loop
      vertex -1.41421 8.5 -28.8708
      vertex -1.21752 2.5 -28.6983
      vertex -1.21752 8.5 -28.6983
    endloop
  endfacet
  facet normal -0.659362 0 0.751826
    outer loop
      vertex -1.21752 2.5 -28.6983
      vertex -1.41421 8.5 -28.8708
      vertex -1.41421 2.5 -28.8708
    endloop
  endfacet
  facet normal 0.659362 0 -0.751826
    outer loop
      vertex 1.21752 2.5 -31.8717
      vertex 1.41421 8.5 -31.6992
      vertex 1.41421 2.5 -31.6992
    endloop
  endfacet
  facet normal 0.659362 0 -0.751826
    outer loop
      vertex 1.41421 8.5 -31.6992
      vertex 1.21752 2.5 -31.8717
      vertex 1.21752 8.5 -31.8717
    endloop
  endfacet
  facet normal -0.751842 0 -0.659343
    outer loop
      vertex -1.41421 2.5 -31.6992
      vertex -1.58671 8.5 -31.5025
      vertex -1.41421 8.5 -31.6992
    endloop
  endfacet
  facet normal -0.751842 -0 -0.659343
    outer loop
      vertex -1.58671 8.5 -31.5025
      vertex -1.41421 2.5 -31.6992
      vertex -1.58671 2.5 -31.5025
    endloop
  endfacet
  facet normal -0.442264 0 -0.896885
    outer loop
      vertex -1 2.5 -32.0171
      vertex -0.765367 8.5 -32.1328
      vertex -0.765367 2.5 -32.1328
    endloop
  endfacet
  facet normal -0.442264 0 -0.896885
    outer loop
      vertex -0.765367 8.5 -32.1328
      vertex -1 2.5 -32.0171
      vertex -1 8.5 -32.0171
    endloop
  endfacet
  facet normal -0.896845 0 0.442344
    outer loop
      vertex -1.84776 2.5 -29.5196
      vertex -1.73205 8.5 -29.285
      vertex -1.84776 8.5 -29.5196
    endloop
  endfacet
  facet normal -0.896845 0 0.442344
    outer loop
      vertex -1.73205 8.5 -29.285
      vertex -1.84776 2.5 -29.5196
      vertex -1.73205 2.5 -29.285
    endloop
  endfacet
  facet normal 0.896845 0 -0.442344
    outer loop
      vertex 1.84776 2.5 -31.0504
      vertex 1.73205 8.5 -31.285
      vertex 1.84776 8.5 -31.0504
    endloop
  endfacet
  facet normal 0.896845 0 -0.442344
    outer loop
      vertex 1.73205 8.5 -31.285
      vertex 1.84776 2.5 -31.0504
      vertex 1.73205 2.5 -31.285
    endloop
  endfacet
  facet normal 0.980771 0 -0.19516
    outer loop
      vertex 1.98289 2.5 -30.5461
      vertex 1.93185 8.5 -30.8026
      vertex 1.98289 8.5 -30.5461
    endloop
  endfacet
  facet normal 0.980771 0 -0.19516
    outer loop
      vertex 1.93185 8.5 -30.8026
      vertex 1.98289 2.5 -30.5461
      vertex 1.93185 2.5 -30.8026
    endloop
  endfacet
  facet normal 0.83145 0 -0.5556
    outer loop
      vertex 1.73205 2.5 -31.285
      vertex 1.58671 8.5 -31.5025
      vertex 1.73205 8.5 -31.285
    endloop
  endfacet
  facet normal 0.83145 0 -0.5556
    outer loop
      vertex 1.58671 8.5 -31.5025
      vertex 1.73205 2.5 -31.285
      vertex 1.58671 2.5 -31.5025
    endloop
  endfacet
  facet normal 0.321463 0 -0.946922
    outer loop
      vertex 0.517637 2.5 -32.2169
      vertex 0.765367 8.5 -32.1328
      vertex 0.765367 2.5 -32.1328
    endloop
  endfacet
  facet normal 0.321463 0 -0.946922
    outer loop
      vertex 0.765367 8.5 -32.1328
      vertex 0.517637 2.5 -32.2169
      vertex 0.517637 8.5 -32.2169
    endloop
  endfacet
  facet normal 0.555723 0 -0.831368
    outer loop
      vertex 1 2.5 -32.0171
      vertex 1.21752 8.5 -31.8717
      vertex 1.21752 2.5 -31.8717
    endloop
  endfacet
  facet normal 0.555723 0 -0.831368
    outer loop
      vertex 1.21752 8.5 -31.8717
      vertex 1 2.5 -32.0171
      vertex 1 8.5 -32.0171
    endloop
  endfacet
  facet normal -0.946961 0 -0.321348
    outer loop
      vertex -1.84776 2.5 -31.0504
      vertex -1.93185 8.5 -30.8026
      vertex -1.84776 8.5 -31.0504
    endloop
  endfacet
  facet normal -0.946961 -0 -0.321348
    outer loop
      vertex -1.93185 8.5 -30.8026
      vertex -1.84776 2.5 -31.0504
      vertex -1.93185 2.5 -30.8026
    endloop
  endfacet
  facet normal -0.83145 0 -0.5556
    outer loop
      vertex -1.58671 2.5 -31.5025
      vertex -1.73205 8.5 -31.285
      vertex -1.58671 8.5 -31.5025
    endloop
  endfacet
  facet normal -0.83145 -0 -0.5556
    outer loop
      vertex -1.73205 8.5 -31.285
      vertex -1.58671 2.5 -31.5025
      vertex -1.73205 2.5 -31.285
    endloop
  endfacet
  facet normal 0 1 0
    outer loop
      vertex 0.261052 8.5 -28.3021
      vertex -0.261052 8.5 -28.3021
      vertex 0 8.5 -28.285
    endloop
  endfacet
  facet normal 0 1 0
    outer loop
      vertex 0.517637 8.5 -28.3531
      vertex -0.261052 8.5 -28.3021
      vertex 0.261052 8.5 -28.3021
    endloop
  endfacet
  facet normal 0 1 0
    outer loop
      vertex 0.517637 8.5 -28.3531
      vertex -0.517637 8.5 -28.3531
      vertex -0.261052 8.5 -28.3021
    endloop
  endfacet
  facet normal 0 1 0
    outer loop
      vertex 0.765367 8.5 -28.4372
      vertex -0.517637 8.5 -28.3531
      vertex 0.517637 8.5 -28.3531
    endloop
  endfacet
  facet normal 0 1 0
    outer loop
      vertex 0.765367 8.5 -28.4372
      vertex -0.765367 8.5 -28.4372
      vertex -0.517637 8.5 -28.3531
    endloop
  endfacet
  facet normal 0 1 0
    outer loop
      vertex 1 8.5 -28.5529
      vertex -0.765367 8.5 -28.4372
      vertex 0.765367 8.5 -28.4372
    endloop
  endfacet
  facet normal 0 1 0
    outer loop
      vertex 1 8.5 -28.5529
      vertex -1 8.5 -28.5529
      vertex -0.765367 8.5 -28.4372
    endloop
  endfacet
  facet normal 0 1 0
    outer loop
      vertex 1.21752 8.5 -28.6983
      vertex -1 8.5 -28.5529
      vertex 1 8.5 -28.5529
    endloop
  endfacet
  facet normal 0 1 0
    outer loop
      vertex 1.21752 8.5 -28.6983
      vertex -1.21752 8.5 -28.6983
      vertex -1 8.5 -28.5529
    endloop
  endfacet
  facet normal 0 1 0
    outer loop
      vertex 1.41421 8.5 -28.8708
      vertex -1.21752 8.5 -28.6983
      vertex 1.21752 8.5 -28.6983
    endloop
  endfacet
  facet normal 0 1 0
    outer loop
      vertex 1.41421 8.5 -28.8708
      vertex -1.41421 8.5 -28.8708
      vertex -1.21752 8.5 -28.6983
    endloop
  endfacet
  facet normal 0 1 0
    outer loop
      vertex 1.58671 8.5 -29.0675
      vertex -1.41421 8.5 -28.8708
      vertex 1.41421 8.5 -28.8708
    endloop
  endfacet
  facet normal 0 1 0
    outer loop
      vertex 1.58671 8.5 -29.0675
      vertex -1.58671 8.5 -29.0675
      vertex -1.41421 8.5 -28.8708
    endloop
  endfacet
  facet normal 0 1 0
    outer loop
      vertex 1.73205 8.5 -29.285
      vertex -1.58671 8.5 -29.0675
      vertex 1.58671 8.5 -29.0675
    endloop
  endfacet
  facet normal 0 1 0
    outer loop
      vertex 1.73205 8.5 -29.285
      vertex -1.73205 8.5 -29.285
      vertex -1.58671 8.5 -29.0675
    endloop
  endfacet
  facet normal 0 1 0
    outer loop
      vertex 1.84776 8.5 -29.5196
      vertex -1.73205 8.5 -29.285
      vertex 1.73205 8.5 -29.285
    endloop
  endfacet
  facet normal 0 1 0
    outer loop
      vertex 1.84776 8.5 -29.5196
      vertex -1.84776 8.5 -29.5196
      vertex -1.73205 8.5 -29.285
    endloop
  endfacet
  facet normal 0 1 0
    outer loop
      vertex 1.93185 8.5 -29.7674
      vertex -1.84776 8.5 -29.5196
      vertex 1.84776 8.5 -29.5196
    endloop
  endfacet
  facet normal 0 1 0
    outer loop
      vertex 1.93185 8.5 -29.7674
      vertex -1.93185 8.5 -29.7674
      vertex -1.84776 8.5 -29.5196
    endloop
  endfacet
  facet normal 0 1 0
    outer loop
      vertex 1.98289 8.5 -30.0239
      vertex -1.93185 8.5 -29.7674
      vertex 1.93185 8.5 -29.7674
    endloop
  endfacet
  facet normal 0 1 0
    outer loop
      vertex 1.98289 8.5 -30.0239
      vertex -1.98289 8.5 -30.0239
      vertex -1.93185 8.5 -29.7674
    endloop
  endfacet
  facet normal 0 1 0
    outer loop
      vertex 2 8.5 -30.285
      vertex -1.98289 8.5 -30.0239
      vertex 1.98289 8.5 -30.0239
    endloop
  endfacet
  facet normal 0 1 0
    outer loop
      vertex 2 8.5 -30.285
      vertex -2 8.5 -30.285
      vertex -1.98289 8.5 -30.0239
    endloop
  endfacet
  facet normal 0 1 -0
    outer loop
      vertex 1.98289 8.5 -30.5461
      vertex -2 8.5 -30.285
      vertex 2 8.5 -30.285
    endloop
  endfacet
  facet normal 0 1 0
    outer loop
      vertex 1.98289 8.5 -30.5461
      vertex -1.98289 8.5 -30.5461
      vertex -2 8.5 -30.285
    endloop
  endfacet
  facet normal 0 1 -0
    outer loop
      vertex 1.93185 8.5 -30.8026
      vertex -1.98289 8.5 -30.5461
      vertex 1.98289 8.5 -30.5461
    endloop
  endfacet
  facet normal 0 1 0
    outer loop
      vertex 1.93185 8.5 -30.8026
      vertex -1.93185 8.5 -30.8026
      vertex -1.98289 8.5 -30.5461
    endloop
  endfacet
  facet normal 0 1 -0
    outer loop
      vertex 1.84776 8.5 -31.0504
      vertex -1.93185 8.5 -30.8026
      vertex 1.93185 8.5 -30.8026
    endloop
  endfacet
  facet normal 0 1 0
    outer loop
      vertex 1.84776 8.5 -31.0504
      vertex -1.84776 8.5 -31.0504
      vertex -1.93185 8.5 -30.8026
    endloop
  endfacet
  facet normal 0 1 -0
    outer loop
      vertex 1.73205 8.5 -31.285
      vertex -1.84776 8.5 -31.0504
      vertex 1.84776 8.5 -31.0504
    endloop
  endfacet
  facet normal 0 1 0
    outer loop
      vertex 1.73205 8.5 -31.285
      vertex -1.73205 8.5 -31.285
      vertex -1.84776 8.5 -31.0504
    endloop
  endfacet
  facet normal 0 1 -0
    outer loop
      vertex 1.58671 8.5 -31.5025
      vertex -1.73205 8.5 -31.285
      vertex 1.73205 8.5 -31.285
    endloop
  endfacet
  facet normal 0 1 0
    outer loop
      vertex 1.58671 8.5 -31.5025
      vertex -1.58671 8.5 -31.5025
      vertex -1.73205 8.5 -31.285
    endloop
  endfacet
  facet normal 0 1 -0
    outer loop
      vertex 1.41421 8.5 -31.6992
      vertex -1.58671 8.5 -31.5025
      vertex 1.58671 8.5 -31.5025
    endloop
  endfacet
  facet normal 0 1 0
    outer loop
      vertex 1.41421 8.5 -31.6992
      vertex -1.41421 8.5 -31.6992
      vertex -1.58671 8.5 -31.5025
    endloop
  endfacet
  facet normal 0 1 -0
    outer loop
      vertex 1.21752 8.5 -31.8717
      vertex -1.41421 8.5 -31.6992
      vertex 1.41421 8.5 -31.6992
    endloop
  endfacet
  facet normal 0 1 0
    outer loop
      vertex 1.21752 8.5 -31.8717
      vertex -1.21752 8.5 -31.8717
      vertex -1.41421 8.5 -31.6992
    endloop
  endfacet
  facet normal 0 1 -0
    outer loop
      vertex 1 8.5 -32.0171
      vertex -1.21752 8.5 -31.8717
      vertex 1.21752 8.5 -31.8717
    endloop
  endfacet
  facet normal 0 1 0
    outer loop
      vertex 1 8.5 -32.0171
      vertex -1 8.5 -32.0171
      vertex -1.21752 8.5 -31.8717
    endloop
  endfacet
  facet normal 0 1 -0
    outer loop
      vertex 0.765367 8.5 -32.1328
      vertex -1 8.5 -32.0171
      vertex 1 8.5 -32.0171
    endloop
  endfacet
  facet normal 0 1 0
    outer loop
      vertex 0.765367 8.5 -32.1328
      vertex -0.765367 8.5 -32.1328
      vertex -1 8.5 -32.0171
    endloop
  endfacet
  facet normal 0 1 -0
    outer loop
      vertex 0.517637 8.5 -32.2169
      vertex -0.765367 8.5 -32.1328
      vertex 0.765367 8.5 -32.1328
    endloop
  endfacet
  facet normal 0 1 0
    outer loop
      vertex 0.517637 8.5 -32.2169
      vertex -0.517637 8.5 -32.2169
      vertex -0.765367 8.5 -32.1328
    endloop
  endfacet
  facet normal 0 1 -0
    outer loop
      vertex 0.261052 8.5 -32.2679
      vertex -0.517637 8.5 -32.2169
      vertex 0.517637 8.5 -32.2169
    endloop
  endfacet
  facet normal 0 1 0
    outer loop
      vertex 0.261052 8.5 -32.2679
      vertex -0.261052 8.5 -32.2679
      vertex -0.517637 8.5 -32.2169
    endloop
  endfacet
  facet normal -0 1 0
    outer loop
      vertex -0.261052 8.5 -32.2679
      vertex 0.261052 8.5 -32.2679
      vertex 0 8.5 -32.285
    endloop
  endfacet
  facet normal -0.194951 0 -0.980813
    outer loop
      vertex -0.517637 2.5 -32.2169
      vertex -0.261052 8.5 -32.2679
      vertex -0.261052 2.5 -32.2679
    endloop
  endfacet
  facet normal -0.194951 0 -0.980813
    outer loop
      vertex -0.261052 8.5 -32.2679
      vertex -0.517637 2.5 -32.2169
      vertex -0.517637 8.5 -32.2169
    endloop
  endfacet
  facet normal 0.442264 0 0.896885
    outer loop
      vertex 0.765367 8.5 -28.4372
      vertex 1 2.5 -28.5529
      vertex 1 8.5 -28.5529
    endloop
  endfacet
  facet normal 0.442264 0 0.896885
    outer loop
      vertex 1 2.5 -28.5529
      vertex 0.765367 8.5 -28.4372
      vertex 0.765367 2.5 -28.4372
    endloop
  endfacet
  facet normal 0.194951 0 0.980813
    outer loop
      vertex 0.261052 8.5 -28.3021
      vertex 0.517637 2.5 -28.3531
      vertex 0.517637 8.5 -28.3531
    endloop
  endfacet
  facet normal 0.194951 0 0.980813
    outer loop
      vertex 0.517637 2.5 -28.3531
      vertex 0.261052 8.5 -28.3021
      vertex 0.261052 2.5 -28.3021
    endloop
  endfacet
  facet normal 0.555723 0 0.831368
    outer loop
      vertex 1 8.5 -28.5529
      vertex 1.21752 2.5 -28.6983
      vertex 1.21752 8.5 -28.6983
    endloop
  endfacet
  facet normal 0.555723 0 0.831368
    outer loop
      vertex 1.21752 2.5 -28.6983
      vertex 1 8.5 -28.5529
      vertex 1 2.5 -28.5529
    endloop
  endfacet
  facet normal 0.980771 -0 0.19516
    outer loop
      vertex 1.93185 2.5 -29.7674
      vertex 1.98289 8.5 -30.0239
      vertex 1.93185 8.5 -29.7674
    endloop
  endfacet
  facet normal 0.980771 0 0.19516
    outer loop
      vertex 1.98289 8.5 -30.0239
      vertex 1.93185 2.5 -29.7674
      vertex 1.98289 2.5 -30.0239
    endloop
  endfacet
  facet normal -0.321463 0 0.946922
    outer loop
      vertex -0.765367 8.5 -28.4372
      vertex -0.517637 2.5 -28.3531
      vertex -0.517637 8.5 -28.3531
    endloop
  endfacet
  facet normal -0.321463 0 0.946922
    outer loop
      vertex -0.517637 2.5 -28.3531
      vertex -0.765367 8.5 -28.4372
      vertex -0.765367 2.5 -28.4372
    endloop
  endfacet
  facet normal -0.555723 0 0.831368
    outer loop
      vertex -1.21752 8.5 -28.6983
      vertex -1 2.5 -28.5529
      vertex -1 8.5 -28.5529
    endloop
  endfacet
  facet normal -0.555723 0 0.831368
    outer loop
      vertex -1 2.5 -28.5529
      vertex -1.21752 8.5 -28.6983
      vertex -1.21752 2.5 -28.6983
    endloop
  endfacet
  facet normal -0.194951 0 0.980813
    outer loop
      vertex -0.517637 8.5 -28.3531
      vertex -0.261052 2.5 -28.3021
      vertex -0.261052 8.5 -28.3021
    endloop
  endfacet
  facet normal -0.194951 0 0.980813
    outer loop
      vertex -0.261052 2.5 -28.3021
      vertex -0.517637 8.5 -28.3531
      vertex -0.517637 2.5 -28.3531
    endloop
  endfacet
  facet normal -0.83145 0 0.5556
    outer loop
      vertex -1.73205 2.5 -29.285
      vertex -1.58671 8.5 -29.0675
      vertex -1.73205 8.5 -29.285
    endloop
  endfacet
  facet normal -0.83145 0 0.5556
    outer loop
      vertex -1.58671 8.5 -29.0675
      vertex -1.73205 2.5 -29.285
      vertex -1.58671 2.5 -29.0675
    endloop
  endfacet
  facet normal -0.980771 0 0.19516
    outer loop
      vertex -1.98289 2.5 -30.0239
      vertex -1.93185 8.5 -29.7674
      vertex -1.98289 8.5 -30.0239
    endloop
  endfacet
  facet normal -0.980771 0 0.19516
    outer loop
      vertex -1.93185 8.5 -29.7674
      vertex -1.98289 2.5 -30.0239
      vertex -1.93185 2.5 -29.7674
    endloop
  endfacet
  facet normal 0.946961 0 -0.321348
    outer loop
      vertex 1.93185 2.5 -30.8026
      vertex 1.84776 8.5 -31.0504
      vertex 1.93185 8.5 -30.8026
    endloop
  endfacet
  facet normal 0.946961 0 -0.321348
    outer loop
      vertex 1.84776 8.5 -31.0504
      vertex 1.93185 2.5 -30.8026
      vertex 1.84776 2.5 -31.0504
    endloop
  endfacet
  facet normal 0.751842 0 -0.659343
    outer loop
      vertex 1.58671 2.5 -31.5025
      vertex 1.41421 8.5 -31.6992
      vertex 1.58671 8.5 -31.5025
    endloop
  endfacet
  facet normal 0.751842 0 -0.659343
    outer loop
      vertex 1.41421 8.5 -31.6992
      vertex 1.58671 2.5 -31.5025
      vertex 1.41421 2.5 -31.6992
    endloop
  endfacet
  facet normal 0.194951 0 -0.980813
    outer loop
      vertex 0.261052 2.5 -32.2679
      vertex 0.517637 8.5 -32.2169
      vertex 0.517637 2.5 -32.2169
    endloop
  endfacet
  facet normal 0.194951 0 -0.980813
    outer loop
      vertex 0.517637 8.5 -32.2169
      vertex 0.261052 2.5 -32.2679
      vertex 0.261052 8.5 -32.2679
    endloop
  endfacet
  facet normal 0.0653641 0 -0.997861
    outer loop
      vertex 0 2.5 -32.285
      vertex 0.261052 8.5 -32.2679
      vertex 0.261052 2.5 -32.2679
    endloop
  endfacet
  facet normal 0.0653641 0 -0.997861
    outer loop
      vertex 0.261052 8.5 -32.2679
      vertex 0 2.5 -32.285
      vertex 0 8.5 -32.285
    endloop
  endfacet
  facet normal 0.442264 0 -0.896885
    outer loop
      vertex 0.765367 2.5 -32.1328
      vertex 1 8.5 -32.0171
      vertex 1 2.5 -32.0171
    endloop
  endfacet
  facet normal 0.442264 0 -0.896885
    outer loop
      vertex 1 8.5 -32.0171
      vertex 0.765367 2.5 -32.1328
      vertex 0.765367 8.5 -32.1328
    endloop
  endfacet
  facet normal -0.896845 0 -0.442344
    outer loop
      vertex -1.73205 2.5 -31.285
      vertex -1.84776 8.5 -31.0504
      vertex -1.73205 8.5 -31.285
    endloop
  endfacet
  facet normal -0.896845 -0 -0.442344
    outer loop
      vertex -1.84776 8.5 -31.0504
      vertex -1.73205 2.5 -31.285
      vertex -1.84776 2.5 -31.0504
    endloop
  endfacet
  facet normal -0.980771 0 -0.19516
    outer loop
      vertex -1.93185 2.5 -30.8026
      vertex -1.98289 8.5 -30.5461
      vertex -1.93185 8.5 -30.8026
    endloop
  endfacet
  facet normal -0.980771 -0 -0.19516
    outer loop
      vertex -1.98289 8.5 -30.5461
      vertex -1.93185 2.5 -30.8026
      vertex -1.98289 2.5 -30.5461
    endloop
  endfacet
  facet normal -0.99786 0 -0.0653902
    outer loop
      vertex -1.98289 2.5 -30.5461
      vertex -2 8.5 -30.285
      vertex -1.98289 8.5 -30.5461
    endloop
  endfacet
  facet normal -0.99786 -0 -0.0653902
    outer loop
      vertex -2 8.5 -30.285
      vertex -1.98289 2.5 -30.5461
      vertex -2 2.5 -30.285
    endloop
  endfacet
  facet normal -0.99786 0 0.0653902
    outer loop
      vertex -2 2.5 -30.285
      vertex -1.98289 8.5 -30.0239
      vertex -2 8.5 -30.285
    endloop
  endfacet
  facet normal -0.99786 0 0.0653902
    outer loop
      vertex -1.98289 8.5 -30.0239
      vertex -2 2.5 -30.285
      vertex -1.98289 2.5 -30.0239
    endloop
  endfacet
  facet normal -0.555723 0 -0.831368
    outer loop
      vertex -1.21752 2.5 -31.8717
      vertex -1 8.5 -32.0171
      vertex -1 2.5 -32.0171
    endloop
  endfacet
  facet normal -0.555723 0 -0.831368
    outer loop
      vertex -1 8.5 -32.0171
      vertex -1.21752 2.5 -31.8717
      vertex -1.21752 8.5 -31.8717
    endloop
  endfacet
  facet normal -0.659362 0 -0.751826
    outer loop
      vertex -1.41421 2.5 -31.6992
      vertex -1.21752 8.5 -31.8717
      vertex -1.21752 2.5 -31.8717
    endloop
  endfacet
  facet normal -0.659362 0 -0.751826
    outer loop
      vertex -1.21752 8.5 -31.8717
      vertex -1.41421 2.5 -31.6992
      vertex -1.41421 8.5 -31.6992
    endloop
  endfacet
  facet normal -0.321463 0 -0.946922
    outer loop
      vertex -0.765367 2.5 -32.1328
      vertex -0.517637 8.5 -32.2169
      vertex -0.517637 2.5 -32.2169
    endloop
  endfacet
  facet normal -0.321463 0 -0.946922
    outer loop
      vertex -0.517637 8.5 -32.2169
      vertex -0.765367 2.5 -32.1328
      vertex -0.765367 8.5 -32.1328
    endloop
  endfacet
  facet normal 0.321463 0 0.946922
    outer loop
      vertex 0.517637 8.5 -28.3531
      vertex 0.765367 2.5 -28.4372
      vertex 0.765367 8.5 -28.4372
    endloop
  endfacet
  facet normal 0.321463 0 0.946922
    outer loop
      vertex 0.765367 2.5 -28.4372
      vertex 0.517637 8.5 -28.3531
      vertex 0.517637 2.5 -28.3531
    endloop
  endfacet
  facet normal 0.659362 0 0.751826
    outer loop
      vertex 1.21752 8.5 -28.6983
      vertex 1.41421 2.5 -28.8708
      vertex 1.41421 8.5 -28.8708
    endloop
  endfacet
  facet normal 0.659362 0 0.751826
    outer loop
      vertex 1.41421 2.5 -28.8708
      vertex 1.21752 8.5 -28.6983
      vertex 1.21752 2.5 -28.6983
    endloop
  endfacet
  facet normal 0.83145 -0 0.5556
    outer loop
      vertex 1.58671 2.5 -29.0675
      vertex 1.73205 8.5 -29.285
      vertex 1.58671 8.5 -29.0675
    endloop
  endfacet
  facet normal 0.83145 0 0.5556
    outer loop
      vertex 1.73205 8.5 -29.285
      vertex 1.58671 2.5 -29.0675
      vertex 1.73205 2.5 -29.285
    endloop
  endfacet
  facet normal 0.946961 -0 0.321348
    outer loop
      vertex 1.84776 2.5 -29.5196
      vertex 1.93185 8.5 -29.7674
      vertex 1.84776 8.5 -29.5196
    endloop
  endfacet
  facet normal 0.946961 0 0.321348
    outer loop
      vertex 1.93185 8.5 -29.7674
      vertex 1.84776 2.5 -29.5196
      vertex 1.93185 2.5 -29.7674
    endloop
  endfacet
  facet normal -0.442264 0 0.896885
    outer loop
      vertex -1 8.5 -28.5529
      vertex -0.765367 2.5 -28.4372
      vertex -0.765367 8.5 -28.4372
    endloop
  endfacet
  facet normal -0.442264 0 0.896885
    outer loop
      vertex -0.765367 2.5 -28.4372
      vertex -1 8.5 -28.5529
      vertex -1 2.5 -28.5529
    endloop
  endfacet
  facet normal -0.0653641 0 0.997861
    outer loop
      vertex -0.261052 8.5 -28.3021
      vertex 0 2.5 -28.285
      vertex 0 8.5 -28.285
    endloop
  endfacet
  facet normal -0.0653641 0 0.997861
    outer loop
      vertex 0 2.5 -28.285
      vertex -0.261052 8.5 -28.3021
      vertex -0.261052 2.5 -28.3021
    endloop
  endfacet
  facet normal -0.751842 0 0.659343
    outer loop
      vertex -1.58671 2.5 -29.0675
      vertex -1.41421 8.5 -28.8708
      vertex -1.58671 8.5 -29.0675
    endloop
  endfacet
  facet normal -0.751842 0 0.659343
    outer loop
      vertex -1.41421 8.5 -28.8708
      vertex -1.58671 2.5 -29.0675
      vertex -1.41421 2.5 -28.8708
    endloop
  endfacet
  facet normal -0.946961 0 0.321348
    outer loop
      vertex -1.93185 2.5 -29.7674
      vertex -1.84776 8.5 -29.5196
      vertex -1.93185 8.5 -29.7674
    endloop
  endfacet
  facet normal -0.946961 0 0.321348
    outer loop
      vertex -1.84776 8.5 -29.5196
      vertex -1.93185 2.5 -29.7674
      vertex -1.84776 2.5 -29.5196
    endloop
  endfacet
  facet normal 0.99786 -0 0.0653902
    outer loop
      vertex 1.98289 2.5 -30.0239
      vertex 2 8.5 -30.285
      vertex 1.98289 8.5 -30.0239
    endloop
  endfacet
  facet normal 0.99786 0 0.0653902
    outer loop
      vertex 2 8.5 -30.285
      vertex 1.98289 2.5 -30.0239
      vertex 2 2.5 -30.285
    endloop
  endfacet
  facet normal 0.751842 -0 0.659343
    outer loop
      vertex 1.41421 2.5 -28.8708
      vertex 1.58671 8.5 -29.0675
      vertex 1.41421 8.5 -28.8708
    endloop
  endfacet
  facet normal 0.751842 0 0.659343
    outer loop
      vertex 1.58671 8.5 -29.0675
      vertex 1.41421 2.5 -28.8708
      vertex 1.58671 2.5 -29.0675
    endloop
  endfacet
  facet normal 0.896845 -0 0.442344
    outer loop
      vertex 1.73205 2.5 -29.285
      vertex 1.84776 8.5 -29.5196
      vertex 1.73205 8.5 -29.285
    endloop
  endfacet
  facet normal 0.896845 0 0.442344
    outer loop
      vertex 1.84776 8.5 -29.5196
      vertex 1.73205 2.5 -29.285
      vertex 1.84776 2.5 -29.5196
    endloop
  endfacet
  facet normal 0.99787 0 -0.0652336
    outer loop
      vertex 11.25 2.5 -30.285
      vertex 11.2308 8.5 -30.5787
      vertex 11.25 8.5 -30.285
    endloop
  endfacet
  facet normal 0.99787 0 -0.0652336
    outer loop
      vertex 11.2308 8.5 -30.5787
      vertex 11.25 2.5 -30.285
      vertex 11.2308 2.5 -30.5787
    endloop
  endfacet
  facet normal -0.065238 0 -0.99787
    outer loop
      vertex 8.70632 2.5 -32.5158
      vertex 9 8.5 -32.535
      vertex 9 2.5 -32.535
    endloop
  endfacet
  facet normal -0.065238 0 -0.99787
    outer loop
      vertex 9 8.5 -32.535
      vertex 8.70632 2.5 -32.5158
      vertex 8.70632 8.5 -32.5158
    endloop
  endfacet
  facet normal 0.065238 0 0.99787
    outer loop
      vertex 9 8.5 -28.035
      vertex 9.29368 2.5 -28.0542
      vertex 9.29368 8.5 -28.0542
    endloop
  endfacet
  facet normal 0.065238 0 0.99787
    outer loop
      vertex 9.29368 2.5 -28.0542
      vertex 9 8.5 -28.035
      vertex 9 2.5 -28.035
    endloop
  endfacet
  facet normal 0.659202 0 -0.751966
    outer loop
      vertex 10.3697 2.5 -32.07
      vertex 10.591 8.5 -31.876
      vertex 10.591 2.5 -31.876
    endloop
  endfacet
  facet normal 0.659202 0 -0.751966
    outer loop
      vertex 10.591 8.5 -31.876
      vertex 10.3697 2.5 -32.07
      vertex 10.3697 8.5 -32.07
    endloop
  endfacet
  facet normal -0.751865 0 -0.659317
    outer loop
      vertex 7.40901 2.5 -31.876
      vertex 7.21495 8.5 -31.6547
      vertex 7.40901 8.5 -31.876
    endloop
  endfacet
  facet normal -0.751865 -0 -0.659317
    outer loop
      vertex 7.21495 8.5 -31.6547
      vertex 7.40901 2.5 -31.876
      vertex 7.21495 2.5 -31.6547
    endloop
  endfacet
  facet normal -0.442096 0 -0.896968
    outer loop
      vertex 7.875 2.5 -32.2336
      vertex 8.13896 8.5 -32.3637
      vertex 8.13896 2.5 -32.3637
    endloop
  endfacet
  facet normal -0.442096 0 -0.896968
    outer loop
      vertex 8.13896 8.5 -32.3637
      vertex 7.875 2.5 -32.2336
      vertex 7.875 8.5 -32.2336
    endloop
  endfacet
  facet normal 0.896995 0 -0.442042
    outer loop
      vertex 11.0787 2.5 -31.146
      vertex 10.9486 8.5 -31.41
      vertex 11.0787 8.5 -31.146
    endloop
  endfacet
  facet normal 0.896995 0 -0.442042
    outer loop
      vertex 10.9486 8.5 -31.41
      vertex 11.0787 2.5 -31.146
      vertex 10.9486 2.5 -31.41
    endloop
  endfacet
  facet normal 0.321421 0 -0.946936
    outer loop
      vertex 9.58234 2.5 -32.4583
      vertex 9.86104 8.5 -32.3637
      vertex 9.86104 2.5 -32.3637
    endloop
  endfacet
  facet normal 0.321421 0 -0.946936
    outer loop
      vertex 9.86104 8.5 -32.3637
      vertex 9.58234 2.5 -32.4583
      vertex 9.58234 8.5 -32.4583
    endloop
  endfacet
  facet normal 0.195358 0 -0.980732
    outer loop
      vertex 9.29368 2.5 -32.5158
      vertex 9.58234 8.5 -32.4583
      vertex 9.58234 2.5 -32.4583
    endloop
  endfacet
  facet normal 0.195358 0 -0.980732
    outer loop
      vertex 9.58234 8.5 -32.4583
      vertex 9.29368 2.5 -32.5158
      vertex 9.29368 8.5 -32.5158
    endloop
  endfacet
  facet normal 0.555797 0 -0.831318
    outer loop
      vertex 10.125 2.5 -32.2336
      vertex 10.3697 8.5 -32.07
      vertex 10.3697 2.5 -32.07
    endloop
  endfacet
  facet normal 0.555797 0 -0.831318
    outer loop
      vertex 10.3697 8.5 -32.07
      vertex 10.125 2.5 -32.2336
      vertex 10.125 8.5 -32.2336
    endloop
  endfacet
  facet normal -0.946936 0 -0.321421
    outer loop
      vertex 6.92127 2.5 -31.146
      vertex 6.82667 8.5 -30.8673
      vertex 6.92127 8.5 -31.146
    endloop
  endfacet
  facet normal -0.946936 -0 -0.321421
    outer loop
      vertex 6.82667 8.5 -30.8673
      vertex 6.92127 2.5 -31.146
      vertex 6.82667 2.5 -30.8673
    endloop
  endfacet
  facet normal -0.831459 0 -0.555586
    outer loop
      vertex 7.21495 2.5 -31.6547
      vertex 7.05144 8.5 -31.41
      vertex 7.21495 8.5 -31.6547
    endloop
  endfacet
  facet normal -0.831459 -0 -0.555586
    outer loop
      vertex 7.05144 8.5 -31.41
      vertex 7.21495 2.5 -31.6547
      vertex 7.05144 2.5 -31.41
    endloop
  endfacet
  facet normal -0.980776 0 -0.195136
    outer loop
      vertex 6.82667 2.5 -30.8673
      vertex 6.76925 8.5 -30.5787
      vertex 6.82667 8.5 -30.8673
    endloop
  endfacet
  facet normal -0.980776 -0 -0.195136
    outer loop
      vertex 6.76925 8.5 -30.5787
      vertex 6.82667 2.5 -30.8673
      vertex 6.76925 2.5 -30.5787
    endloop
  endfacet
  facet normal -0.195358 0 -0.980732
    outer loop
      vertex 8.41766 2.5 -32.4583
      vertex 8.70632 8.5 -32.5158
      vertex 8.70632 2.5 -32.5158
    endloop
  endfacet
  facet normal -0.195358 0 -0.980732
    outer loop
      vertex 8.70632 8.5 -32.5158
      vertex 8.41766 2.5 -32.4583
      vertex 8.41766 8.5 -32.4583
    endloop
  endfacet
  facet normal -0.195358 0 0.980732
    outer loop
      vertex 8.41766 8.5 -28.1117
      vertex 8.70632 2.5 -28.0542
      vertex 8.70632 8.5 -28.0542
    endloop
  endfacet
  facet normal -0.195358 0 0.980732
    outer loop
      vertex 8.70632 2.5 -28.0542
      vertex 8.41766 8.5 -28.1117
      vertex 8.41766 2.5 -28.1117
    endloop
  endfacet
  facet normal 0.946936 0 -0.321421
    outer loop
      vertex 11.1733 2.5 -30.8673
      vertex 11.0787 8.5 -31.146
      vertex 11.1733 8.5 -30.8673
    endloop
  endfacet
  facet normal 0.946936 0 -0.321421
    outer loop
      vertex 11.0787 8.5 -31.146
      vertex 11.1733 2.5 -30.8673
      vertex 11.0787 2.5 -31.146
    endloop
  endfacet
  facet normal 0.980724 0 -0.195397
    outer loop
      vertex 11.2308 2.5 -30.5787
      vertex 11.1733 8.5 -30.8673
      vertex 11.2308 8.5 -30.5787
    endloop
  endfacet
  facet normal 0.980724 0 -0.195397
    outer loop
      vertex 11.1733 8.5 -30.8673
      vertex 11.2308 2.5 -30.5787
      vertex 11.1733 2.5 -30.8673
    endloop
  endfacet
  facet normal 0.751966 0 -0.659202
    outer loop
      vertex 10.785 2.5 -31.6547
      vertex 10.591 8.5 -31.876
      vertex 10.785 8.5 -31.6547
    endloop
  endfacet
  facet normal 0.751966 0 -0.659202
    outer loop
      vertex 10.591 8.5 -31.876
      vertex 10.785 2.5 -31.6547
      vertex 10.591 2.5 -31.876
    endloop
  endfacet
  facet normal 0.831318 0 -0.555797
    outer loop
      vertex 10.9486 2.5 -31.41
      vertex 10.785 8.5 -31.6547
      vertex 10.9486 8.5 -31.41
    endloop
  endfacet
  facet normal 0.831318 0 -0.555797
    outer loop
      vertex 10.785 8.5 -31.6547
      vertex 10.9486 2.5 -31.41
      vertex 10.785 2.5 -31.6547
    endloop
  endfacet
  facet normal 0.065238 0 -0.99787
    outer loop
      vertex 9 2.5 -32.535
      vertex 9.29368 8.5 -32.5158
      vertex 9.29368 2.5 -32.5158
    endloop
  endfacet
  facet normal 0.065238 0 -0.99787
    outer loop
      vertex 9.29368 8.5 -32.5158
      vertex 9 2.5 -32.535
      vertex 9 8.5 -32.535
    endloop
  endfacet
  facet normal 0.442096 0 -0.896968
    outer loop
      vertex 9.86104 2.5 -32.3637
      vertex 10.125 8.5 -32.2336
      vertex 10.125 2.5 -32.2336
    endloop
  endfacet
  facet normal 0.442096 0 -0.896968
    outer loop
      vertex 10.125 8.5 -32.2336
      vertex 9.86104 2.5 -32.3637
      vertex 9.86104 8.5 -32.3637
    endloop
  endfacet
  facet normal -0.8969 0 -0.442233
    outer loop
      vertex 7.05144 2.5 -31.41
      vertex 6.92127 8.5 -31.146
      vertex 7.05144 8.5 -31.41
    endloop
  endfacet
  facet normal -0.8969 -0 -0.442233
    outer loop
      vertex 6.92127 8.5 -31.146
      vertex 7.05144 2.5 -31.41
      vertex 6.92127 2.5 -31.146
    endloop
  endfacet
  facet normal -0.997859 0 -0.0654027
    outer loop
      vertex 6.76925 2.5 -30.5787
      vertex 6.75 8.5 -30.285
      vertex 6.76925 8.5 -30.5787
    endloop
  endfacet
  facet normal -0.997859 -0 -0.0654027
    outer loop
      vertex 6.75 8.5 -30.285
      vertex 6.76925 2.5 -30.5787
      vertex 6.75 2.5 -30.285
    endloop
  endfacet
  facet normal 0 1 0
    outer loop
      vertex 9.29368 8.5 -28.0542
      vertex 8.70632 8.5 -28.0542
      vertex 9 8.5 -28.035
    endloop
  endfacet
  facet normal 0 1 0
    outer loop
      vertex 9.58234 8.5 -28.1117
      vertex 8.70632 8.5 -28.0542
      vertex 9.29368 8.5 -28.0542
    endloop
  endfacet
  facet normal 0 1 0
    outer loop
      vertex 9.58234 8.5 -28.1117
      vertex 8.41766 8.5 -28.1117
      vertex 8.70632 8.5 -28.0542
    endloop
  endfacet
  facet normal 0 1 0
    outer loop
      vertex 9.86104 8.5 -28.2063
      vertex 8.41766 8.5 -28.1117
      vertex 9.58234 8.5 -28.1117
    endloop
  endfacet
  facet normal 0 1 0
    outer loop
      vertex 9.86104 8.5 -28.2063
      vertex 8.13896 8.5 -28.2063
      vertex 8.41766 8.5 -28.1117
    endloop
  endfacet
  facet normal 0 1 0
    outer loop
      vertex 10.125 8.5 -28.3364
      vertex 8.13896 8.5 -28.2063
      vertex 9.86104 8.5 -28.2063
    endloop
  endfacet
  facet normal 0 1 0
    outer loop
      vertex 10.125 8.5 -28.3364
      vertex 7.875 8.5 -28.3364
      vertex 8.13896 8.5 -28.2063
    endloop
  endfacet
  facet normal 0 1 0
    outer loop
      vertex 10.3697 8.5 -28.5
      vertex 7.875 8.5 -28.3364
      vertex 10.125 8.5 -28.3364
    endloop
  endfacet
  facet normal 0 1 0
    outer loop
      vertex 10.3697 8.5 -28.5
      vertex 7.63029 8.5 -28.5
      vertex 7.875 8.5 -28.3364
    endloop
  endfacet
  facet normal 0 1 0
    outer loop
      vertex 10.591 8.5 -28.694
      vertex 7.63029 8.5 -28.5
      vertex 10.3697 8.5 -28.5
    endloop
  endfacet
  facet normal 0 1 0
    outer loop
      vertex 10.591 8.5 -28.694
      vertex 7.40901 8.5 -28.694
      vertex 7.63029 8.5 -28.5
    endloop
  endfacet
  facet normal 0 1 0
    outer loop
      vertex 10.785 8.5 -28.9153
      vertex 7.40901 8.5 -28.694
      vertex 10.591 8.5 -28.694
    endloop
  endfacet
  facet normal 0 1 0
    outer loop
      vertex 10.785 8.5 -28.9153
      vertex 7.21495 8.5 -28.9153
      vertex 7.40901 8.5 -28.694
    endloop
  endfacet
  facet normal 0 1 0
    outer loop
      vertex 10.9486 8.5 -29.16
      vertex 7.21495 8.5 -28.9153
      vertex 10.785 8.5 -28.9153
    endloop
  endfacet
  facet normal 0 1 0
    outer loop
      vertex 10.9486 8.5 -29.16
      vertex 7.05144 8.5 -29.16
      vertex 7.21495 8.5 -28.9153
    endloop
  endfacet
  facet normal 0 1 0
    outer loop
      vertex 11.0787 8.5 -29.424
      vertex 7.05144 8.5 -29.16
      vertex 10.9486 8.5 -29.16
    endloop
  endfacet
  facet normal 0 1 0
    outer loop
      vertex 11.0787 8.5 -29.424
      vertex 6.92127 8.5 -29.424
      vertex 7.05144 8.5 -29.16
    endloop
  endfacet
  facet normal 0 1 0
    outer loop
      vertex 11.1733 8.5 -29.7027
      vertex 6.92127 8.5 -29.424
      vertex 11.0787 8.5 -29.424
    endloop
  endfacet
  facet normal 0 1 0
    outer loop
      vertex 11.1733 8.5 -29.7027
      vertex 6.82667 8.5 -29.7027
      vertex 6.92127 8.5 -29.424
    endloop
  endfacet
  facet normal 0 1 0
    outer loop
      vertex 11.2308 8.5 -29.9913
      vertex 6.82667 8.5 -29.7027
      vertex 11.1733 8.5 -29.7027
    endloop
  endfacet
  facet normal 0 1 0
    outer loop
      vertex 11.2308 8.5 -29.9913
      vertex 6.76925 8.5 -29.9913
      vertex 6.82667 8.5 -29.7027
    endloop
  endfacet
  facet normal 0 1 0
    outer loop
      vertex 11.25 8.5 -30.285
      vertex 6.76925 8.5 -29.9913
      vertex 11.2308 8.5 -29.9913
    endloop
  endfacet
  facet normal 0 1 0
    outer loop
      vertex 11.25 8.5 -30.285
      vertex 6.75 8.5 -30.285
      vertex 6.76925 8.5 -29.9913
    endloop
  endfacet
  facet normal 0 1 -0
    outer loop
      vertex 11.2308 8.5 -30.5787
      vertex 6.75 8.5 -30.285
      vertex 11.25 8.5 -30.285
    endloop
  endfacet
  facet normal 0 1 0
    outer loop
      vertex 11.2308 8.5 -30.5787
      vertex 6.76925 8.5 -30.5787
      vertex 6.75 8.5 -30.285
    endloop
  endfacet
  facet normal 0 1 -0
    outer loop
      vertex 11.1733 8.5 -30.8673
      vertex 6.76925 8.5 -30.5787
      vertex 11.2308 8.5 -30.5787
    endloop
  endfacet
  facet normal 0 1 0
    outer loop
      vertex 11.1733 8.5 -30.8673
      vertex 6.82667 8.5 -30.8673
      vertex 6.76925 8.5 -30.5787
    endloop
  endfacet
  facet normal 0 1 -0
    outer loop
      vertex 11.0787 8.5 -31.146
      vertex 6.82667 8.5 -30.8673
      vertex 11.1733 8.5 -30.8673
    endloop
  endfacet
  facet normal 0 1 0
    outer loop
      vertex 11.0787 8.5 -31.146
      vertex 6.92127 8.5 -31.146
      vertex 6.82667 8.5 -30.8673
    endloop
  endfacet
  facet normal 0 1 -0
    outer loop
      vertex 10.9486 8.5 -31.41
      vertex 6.92127 8.5 -31.146
      vertex 11.0787 8.5 -31.146
    endloop
  endfacet
  facet normal 0 1 0
    outer loop
      vertex 10.9486 8.5 -31.41
      vertex 7.05144 8.5 -31.41
      vertex 6.92127 8.5 -31.146
    endloop
  endfacet
  facet normal 0 1 -0
    outer loop
      vertex 10.785 8.5 -31.6547
      vertex 7.05144 8.5 -31.41
      vertex 10.9486 8.5 -31.41
    endloop
  endfacet
  facet normal 0 1 0
    outer loop
      vertex 10.785 8.5 -31.6547
      vertex 7.21495 8.5 -31.6547
      vertex 7.05144 8.5 -31.41
    endloop
  endfacet
  facet normal 0 1 -0
    outer loop
      vertex 10.591 8.5 -31.876
      vertex 7.21495 8.5 -31.6547
      vertex 10.785 8.5 -31.6547
    endloop
  endfacet
  facet normal 0 1 0
    outer loop
      vertex 10.591 8.5 -31.876
      vertex 7.40901 8.5 -31.876
      vertex 7.21495 8.5 -31.6547
    endloop
  endfacet
  facet normal 0 1 -0
    outer loop
      vertex 10.3697 8.5 -32.07
      vertex 7.40901 8.5 -31.876
      vertex 10.591 8.5 -31.876
    endloop
  endfacet
  facet normal 0 1 0
    outer loop
      vertex 10.3697 8.5 -32.07
      vertex 7.63029 8.5 -32.07
      vertex 7.40901 8.5 -31.876
    endloop
  endfacet
  facet normal 0 1 -0
    outer loop
      vertex 10.125 8.5 -32.2336
      vertex 7.63029 8.5 -32.07
      vertex 10.3697 8.5 -32.07
    endloop
  endfacet
  facet normal 0 1 0
    outer loop
      vertex 10.125 8.5 -32.2336
      vertex 7.875 8.5 -32.2336
      vertex 7.63029 8.5 -32.07
    endloop
  endfacet
  facet normal 0 1 -0
    outer loop
      vertex 9.86104 8.5 -32.3637
      vertex 7.875 8.5 -32.2336
      vertex 10.125 8.5 -32.2336
    endloop
  endfacet
  facet normal 0 1 0
    outer loop
      vertex 9.86104 8.5 -32.3637
      vertex 8.13896 8.5 -32.3637
      vertex 7.875 8.5 -32.2336
    endloop
  endfacet
  facet normal 0 1 -0
    outer loop
      vertex 9.58234 8.5 -32.4583
      vertex 8.13896 8.5 -32.3637
      vertex 9.86104 8.5 -32.3637
    endloop
  endfacet
  facet normal 0 1 0
    outer loop
      vertex 9.58234 8.5 -32.4583
      vertex 8.41766 8.5 -32.4583
      vertex 8.13896 8.5 -32.3637
    endloop
  endfacet
  facet normal 0 1 -0
    outer loop
      vertex 9.29368 8.5 -32.5158
      vertex 8.41766 8.5 -32.4583
      vertex 9.58234 8.5 -32.4583
    endloop
  endfacet
  facet normal 0 1 0
    outer loop
      vertex 9.29368 8.5 -32.5158
      vertex 8.70632 8.5 -32.5158
      vertex 8.41766 8.5 -32.4583
    endloop
  endfacet
  facet normal -0 1 0
    outer loop
      vertex 8.70632 8.5 -32.5158
      vertex 9.29368 8.5 -32.5158
      vertex 9 8.5 -32.535
    endloop
  endfacet
  facet normal -0.555782 0 -0.831328
    outer loop
      vertex 7.63029 2.5 -32.07
      vertex 7.875 8.5 -32.2336
      vertex 7.875 2.5 -32.2336
    endloop
  endfacet
  facet normal -0.555782 0 -0.831328
    outer loop
      vertex 7.875 8.5 -32.2336
      vertex 7.63029 2.5 -32.07
      vertex 7.63029 8.5 -32.07
    endloop
  endfacet
  facet normal -0.659236 0 -0.751936
    outer loop
      vertex 7.40901 2.5 -31.876
      vertex 7.63029 8.5 -32.07
      vertex 7.63029 2.5 -32.07
    endloop
  endfacet
  facet normal -0.659236 0 -0.751936
    outer loop
      vertex 7.63029 8.5 -32.07
      vertex 7.40901 2.5 -31.876
      vertex 7.40901 8.5 -31.876
    endloop
  endfacet
  facet normal -0.321421 0 -0.946936
    outer loop
      vertex 8.13896 2.5 -32.3637
      vertex 8.41766 8.5 -32.4583
      vertex 8.41766 2.5 -32.4583
    endloop
  endfacet
  facet normal -0.321421 0 -0.946936
    outer loop
      vertex 8.41766 8.5 -32.4583
      vertex 8.13896 2.5 -32.3637
      vertex 8.13896 8.5 -32.3637
    endloop
  endfacet
  facet normal 0.99787 -0 0.0652336
    outer loop
      vertex 11.2308 2.5 -29.9913
      vertex 11.25 8.5 -30.285
      vertex 11.2308 8.5 -29.9913
    endloop
  endfacet
  facet normal 0.99787 0 0.0652336
    outer loop
      vertex 11.25 8.5 -30.285
      vertex 11.2308 2.5 -29.9913
      vertex 11.25 2.5 -30.285
    endloop
  endfacet
  facet normal 0.195358 0 0.980732
    outer loop
      vertex 9.29368 8.5 -28.0542
      vertex 9.58234 2.5 -28.1117
      vertex 9.58234 8.5 -28.1117
    endloop
  endfacet
  facet normal 0.195358 0 0.980732
    outer loop
      vertex 9.58234 2.5 -28.1117
      vertex 9.29368 8.5 -28.0542
      vertex 9.29368 2.5 -28.0542
    endloop
  endfacet
  facet normal 0.442096 0 0.896968
    outer loop
      vertex 9.86104 8.5 -28.2063
      vertex 10.125 2.5 -28.3364
      vertex 10.125 8.5 -28.3364
    endloop
  endfacet
  facet normal 0.442096 0 0.896968
    outer loop
      vertex 10.125 2.5 -28.3364
      vertex 9.86104 8.5 -28.2063
      vertex 9.86104 2.5 -28.2063
    endloop
  endfacet
  facet normal 0.751966 -0 0.659202
    outer loop
      vertex 10.591 2.5 -28.694
      vertex 10.785 8.5 -28.9153
      vertex 10.591 8.5 -28.694
    endloop
  endfacet
  facet normal 0.751966 0 0.659202
    outer loop
      vertex 10.785 8.5 -28.9153
      vertex 10.591 2.5 -28.694
      vertex 10.785 2.5 -28.9153
    endloop
  endfacet
  facet normal 0.555797 0 0.831318
    outer loop
      vertex 10.125 8.5 -28.3364
      vertex 10.3697 2.5 -28.5
      vertex 10.3697 8.5 -28.5
    endloop
  endfacet
  facet normal 0.555797 0 0.831318
    outer loop
      vertex 10.3697 2.5 -28.5
      vertex 10.125 8.5 -28.3364
      vertex 10.125 2.5 -28.3364
    endloop
  endfacet
  facet normal 0.946936 -0 0.321421
    outer loop
      vertex 11.0787 2.5 -29.424
      vertex 11.1733 8.5 -29.7027
      vertex 11.0787 8.5 -29.424
    endloop
  endfacet
  facet normal 0.946936 0 0.321421
    outer loop
      vertex 11.1733 8.5 -29.7027
      vertex 11.0787 2.5 -29.424
      vertex 11.1733 2.5 -29.7027
    endloop
  endfacet
  facet normal 0.831318 -0 0.555797
    outer loop
      vertex 10.785 2.5 -28.9153
      vertex 10.9486 8.5 -29.16
      vertex 10.785 8.5 -28.9153
    endloop
  endfacet
  facet normal 0.831318 0 0.555797
    outer loop
      vertex 10.9486 8.5 -29.16
      vertex 10.785 2.5 -28.9153
      vertex 10.9486 2.5 -29.16
    endloop
  endfacet
  facet normal -0.555782 0 0.831328
    outer loop
      vertex 7.63029 8.5 -28.5
      vertex 7.875 2.5 -28.3364
      vertex 7.875 8.5 -28.3364
    endloop
  endfacet
  facet normal -0.555782 0 0.831328
    outer loop
      vertex 7.875 2.5 -28.3364
      vertex 7.63029 8.5 -28.5
      vertex 7.63029 2.5 -28.5
    endloop
  endfacet
  facet normal -0.321421 0 0.946936
    outer loop
      vertex 8.13896 8.5 -28.2063
      vertex 8.41766 2.5 -28.1117
      vertex 8.41766 8.5 -28.1117
    endloop
  endfacet
  facet normal -0.321421 0 0.946936
    outer loop
      vertex 8.41766 2.5 -28.1117
      vertex 8.13896 8.5 -28.2063
      vertex 8.13896 2.5 -28.2063
    endloop
  endfacet
  facet normal -0.065238 0 0.99787
    outer loop
      vertex 8.70632 8.5 -28.0542
      vertex 9 2.5 -28.035
      vertex 9 8.5 -28.035
    endloop
  endfacet
  facet normal -0.065238 0 0.99787
    outer loop
      vertex 9 2.5 -28.035
      vertex 8.70632 8.5 -28.0542
      vertex 8.70632 2.5 -28.0542
    endloop
  endfacet
  facet normal -0.831459 0 0.555586
    outer loop
      vertex 7.05144 2.5 -29.16
      vertex 7.21495 8.5 -28.9153
      vertex 7.05144 8.5 -29.16
    endloop
  endfacet
  facet normal -0.831459 0 0.555586
    outer loop
      vertex 7.21495 8.5 -28.9153
      vertex 7.05144 2.5 -29.16
      vertex 7.21495 2.5 -28.9153
    endloop
  endfacet
  facet normal -0.659236 0 0.751936
    outer loop
      vertex 7.40901 8.5 -28.694
      vertex 7.63029 2.5 -28.5
      vertex 7.63029 8.5 -28.5
    endloop
  endfacet
  facet normal -0.659236 0 0.751936
    outer loop
      vertex 7.63029 2.5 -28.5
      vertex 7.40901 8.5 -28.694
      vertex 7.40901 2.5 -28.694
    endloop
  endfacet
  facet normal -0.8969 0 0.442233
    outer loop
      vertex 6.92127 2.5 -29.424
      vertex 7.05144 8.5 -29.16
      vertex 6.92127 8.5 -29.424
    endloop
  endfacet
  facet normal -0.8969 0 0.442233
    outer loop
      vertex 7.05144 8.5 -29.16
      vertex 6.92127 2.5 -29.424
      vertex 7.05144 2.5 -29.16
    endloop
  endfacet
  facet normal -0.980776 0 0.195136
    outer loop
      vertex 6.76925 2.5 -29.9913
      vertex 6.82667 8.5 -29.7027
      vertex 6.76925 8.5 -29.9913
    endloop
  endfacet
  facet normal -0.980776 0 0.195136
    outer loop
      vertex 6.82667 8.5 -29.7027
      vertex 6.76925 2.5 -29.9913
      vertex 6.82667 2.5 -29.7027
    endloop
  endfacet
  facet normal -0.997859 0 0.0654027
    outer loop
      vertex 6.75 2.5 -30.285
      vertex 6.76925 8.5 -29.9913
      vertex 6.75 8.5 -30.285
    endloop
  endfacet
  facet normal -0.997859 0 0.0654027
    outer loop
      vertex 6.76925 8.5 -29.9913
      vertex 6.75 2.5 -30.285
      vertex 6.76925 2.5 -29.9913
    endloop
  endfacet
  facet normal 0.321421 0 0.946936
    outer loop
      vertex 9.58234 8.5 -28.1117
      vertex 9.86104 2.5 -28.2063
      vertex 9.86104 8.5 -28.2063
    endloop
  endfacet
  facet normal 0.321421 0 0.946936
    outer loop
      vertex 9.86104 2.5 -28.2063
      vertex 9.58234 8.5 -28.1117
      vertex 9.58234 2.5 -28.1117
    endloop
  endfacet
  facet normal 0.659202 0 0.751966
    outer loop
      vertex 10.3697 8.5 -28.5
      vertex 10.591 2.5 -28.694
      vertex 10.591 8.5 -28.694
    endloop
  endfacet
  facet normal 0.659202 0 0.751966
    outer loop
      vertex 10.591 2.5 -28.694
      vertex 10.3697 8.5 -28.5
      vertex 10.3697 2.5 -28.5
    endloop
  endfacet
  facet normal 0.980724 -0 0.195397
    outer loop
      vertex 11.1733 2.5 -29.7027
      vertex 11.2308 8.5 -29.9913
      vertex 11.1733 8.5 -29.7027
    endloop
  endfacet
  facet normal 0.980724 0 0.195397
    outer loop
      vertex 11.2308 8.5 -29.9913
      vertex 11.1733 2.5 -29.7027
      vertex 11.2308 2.5 -29.9913
    endloop
  endfacet
  facet normal 0.896995 -0 0.442042
    outer loop
      vertex 10.9486 2.5 -29.16
      vertex 11.0787 8.5 -29.424
      vertex 10.9486 8.5 -29.16
    endloop
  endfacet
  facet normal 0.896995 0 0.442042
    outer loop
      vertex 11.0787 8.5 -29.424
      vertex 10.9486 2.5 -29.16
      vertex 11.0787 2.5 -29.424
    endloop
  endfacet
  facet normal -0.442096 0 0.896968
    outer loop
      vertex 7.875 8.5 -28.3364
      vertex 8.13896 2.5 -28.2063
      vertex 8.13896 8.5 -28.2063
    endloop
  endfacet
  facet normal -0.442096 0 0.896968
    outer loop
      vertex 8.13896 2.5 -28.2063
      vertex 7.875 8.5 -28.3364
      vertex 7.875 2.5 -28.3364
    endloop
  endfacet
  facet normal -0.751865 0 0.659317
    outer loop
      vertex 7.21495 2.5 -28.9153
      vertex 7.40901 8.5 -28.694
      vertex 7.21495 8.5 -28.9153
    endloop
  endfacet
  facet normal -0.751865 0 0.659317
    outer loop
      vertex 7.40901 8.5 -28.694
      vertex 7.21495 2.5 -28.9153
      vertex 7.40901 2.5 -28.694
    endloop
  endfacet
  facet normal -0.946936 0 0.321421
    outer loop
      vertex 6.82667 2.5 -29.7027
      vertex 6.92127 8.5 -29.424
      vertex 6.82667 8.5 -29.7027
    endloop
  endfacet
  facet normal -0.946936 0 0.321421
    outer loop
      vertex 6.92127 8.5 -29.424
      vertex 6.82667 2.5 -29.7027
      vertex 6.92127 2.5 -29.424
    endloop
  endfacet
  facet normal 0.997856 0 -0.0654432
    outer loop
      vertex 20.5 2.5 -30.285
      vertex 20.4786 8.5 -30.6113
      vertex 20.5 8.5 -30.285
    endloop
  endfacet
  facet normal 0.997856 0 -0.0654432
    outer loop
      vertex 20.4786 8.5 -30.6113
      vertex 20.5 2.5 -30.285
      vertex 20.4786 2.5 -30.6113
    endloop
  endfacet
  facet normal -0.0654432 0 -0.997856
    outer loop
      vertex 17.6737 2.5 -32.7636
      vertex 18 8.5 -32.785
      vertex 18 2.5 -32.785
    endloop
  endfacet
  facet normal -0.0654432 0 -0.997856
    outer loop
      vertex 18 8.5 -32.785
      vertex 17.6737 2.5 -32.7636
      vertex 17.6737 8.5 -32.7636
    endloop
  endfacet
  facet normal 0.0654432 0 0.997856
    outer loop
      vertex 18 8.5 -27.785
      vertex 18.3263 2.5 -27.8064
      vertex 18.3263 8.5 -27.8064
    endloop
  endfacet
  facet normal 0.0654432 0 0.997856
    outer loop
      vertex 18.3263 2.5 -27.8064
      vertex 18 8.5 -27.785
      vertex 18 2.5 -27.785
    endloop
  endfacet
  facet normal -0.659262 0 0.751913
    outer loop
      vertex 16.2322 8.5 -28.5172
      vertex 16.4781 2.5 -28.3016
      vertex 16.4781 8.5 -28.3016
    endloop
  endfacet
  facet normal -0.659262 0 0.751913
    outer loop
      vertex 16.4781 2.5 -28.3016
      vertex 16.2322 8.5 -28.5172
      vertex 16.2322 2.5 -28.5172
    endloop
  endfacet
  facet normal 0.659262 0 -0.751913
    outer loop
      vertex 19.5219 2.5 -32.2684
      vertex 19.7678 8.5 -32.0528
      vertex 19.7678 2.5 -32.0528
    endloop
  endfacet
  facet normal 0.659262 0 -0.751913
    outer loop
      vertex 19.7678 8.5 -32.0528
      vertex 19.5219 2.5 -32.2684
      vertex 19.5219 8.5 -32.2684
    endloop
  endfacet
  facet normal -0.751913 0 -0.659262
    outer loop
      vertex 16.2322 2.5 -32.0528
      vertex 16.0166 8.5 -31.8069
      vertex 16.2322 8.5 -32.0528
    endloop
  endfacet
  facet normal -0.751913 -0 -0.659262
    outer loop
      vertex 16.0166 8.5 -31.8069
      vertex 16.2322 2.5 -32.0528
      vertex 16.0166 2.5 -31.8069
    endloop
  endfacet
  facet normal -0.442191 0 -0.896921
    outer loop
      vertex 16.75 2.5 -32.4501
      vertex 17.0433 8.5 -32.5947
      vertex 17.0433 2.5 -32.5947
    endloop
  endfacet
  facet normal -0.442191 0 -0.896921
    outer loop
      vertex 17.0433 8.5 -32.5947
      vertex 16.75 2.5 -32.4501
      vertex 16.75 8.5 -32.4501
    endloop
  endfacet
  facet normal 0.896921 0 -0.442191
    outer loop
      vertex 20.3097 2.5 -31.2417
      vertex 20.1651 8.5 -31.535
      vertex 20.3097 8.5 -31.2417
    endloop
  endfacet
  facet normal 0.896921 0 -0.442191
    outer loop
      vertex 20.1651 8.5 -31.535
      vertex 20.3097 2.5 -31.2417
      vertex 20.1651 2.5 -31.535
    endloop
  endfacet
  facet normal 0.98078 0 -0.195116
    outer loop
      vertex 20.4786 2.5 -30.6113
      vertex 20.4148 8.5 -30.932
      vertex 20.4786 8.5 -30.6113
    endloop
  endfacet
  facet normal 0.98078 0 -0.195116
    outer loop
      vertex 20.4148 8.5 -30.932
      vertex 20.4786 2.5 -30.6113
      vertex 20.4148 2.5 -30.932
    endloop
  endfacet
  facet normal 0.32136 0 -0.946957
    outer loop
      vertex 18.647 2.5 -32.6998
      vertex 18.9567 8.5 -32.5947
      vertex 18.9567 2.5 -32.5947
    endloop
  endfacet
  facet normal 0.32136 0 -0.946957
    outer loop
      vertex 18.9567 8.5 -32.5947
      vertex 18.647 2.5 -32.6998
      vertex 18.647 8.5 -32.6998
    endloop
  endfacet
  facet normal 0.555617 0 -0.831438
    outer loop
      vertex 19.25 2.5 -32.4501
      vertex 19.5219 8.5 -32.2684
      vertex 19.5219 2.5 -32.2684
    endloop
  endfacet
  facet normal 0.555617 0 -0.831438
    outer loop
      vertex 19.5219 8.5 -32.2684
      vertex 19.25 2.5 -32.4501
      vertex 19.25 8.5 -32.4501
    endloop
  endfacet
  facet normal -0.946957 0 -0.32136
    outer loop
      vertex 15.6903 2.5 -31.2417
      vertex 15.5852 8.5 -30.932
      vertex 15.6903 8.5 -31.2417
    endloop
  endfacet
  facet normal -0.946957 -0 -0.32136
    outer loop
      vertex 15.5852 8.5 -30.932
      vertex 15.6903 2.5 -31.2417
      vertex 15.5852 2.5 -30.932
    endloop
  endfacet
  facet normal -0.831438 0 -0.555617
    outer loop
      vertex 16.0166 2.5 -31.8069
      vertex 15.8349 8.5 -31.535
      vertex 16.0166 8.5 -31.8069
    endloop
  endfacet
  facet normal -0.831438 -0 -0.555617
    outer loop
      vertex 15.8349 8.5 -31.535
      vertex 16.0166 2.5 -31.8069
      vertex 15.8349 2.5 -31.535
    endloop
  endfacet
  facet normal -0.98078 0 -0.195116
    outer loop
      vertex 15.5852 2.5 -30.932
      vertex 15.5214 8.5 -30.6113
      vertex 15.5852 8.5 -30.932
    endloop
  endfacet
  facet normal -0.98078 -0 -0.195116
    outer loop
      vertex 15.5214 8.5 -30.6113
      vertex 15.5852 2.5 -30.932
      vertex 15.5214 2.5 -30.6113
    endloop
  endfacet
  facet normal -0.32136 0 -0.946957
    outer loop
      vertex 17.0433 2.5 -32.5947
      vertex 17.353 8.5 -32.6998
      vertex 17.353 2.5 -32.6998
    endloop
  endfacet
  facet normal -0.32136 0 -0.946957
    outer loop
      vertex 17.353 8.5 -32.6998
      vertex 17.0433 2.5 -32.5947
      vertex 17.0433 8.5 -32.5947
    endloop
  endfacet
  facet normal 0.442191 0 0.896921
    outer loop
      vertex 18.9567 8.5 -27.9753
      vertex 19.25 2.5 -28.1199
      vertex 19.25 8.5 -28.1199
    endloop
  endfacet
  facet normal 0.442191 0 0.896921
    outer loop
      vertex 19.25 2.5 -28.1199
      vertex 18.9567 8.5 -27.9753
      vertex 18.9567 2.5 -27.9753
    endloop
  endfacet
  facet normal 0.195116 0 0.98078
    outer loop
      vertex 18.3263 8.5 -27.8064
      vertex 18.647 2.5 -27.8702
      vertex 18.647 8.5 -27.8702
    endloop
  endfacet
  facet normal 0.195116 0 0.98078
    outer loop
      vertex 18.647 2.5 -27.8702
      vertex 18.3263 8.5 -27.8064
      vertex 18.3263 2.5 -27.8064
    endloop
  endfacet
  facet normal 0.555617 0 0.831438
    outer loop
      vertex 19.25 8.5 -28.1199
      vertex 19.5219 2.5 -28.3016
      vertex 19.5219 8.5 -28.3016
    endloop
  endfacet
  facet normal 0.555617 0 0.831438
    outer loop
      vertex 19.5219 2.5 -28.3016
      vertex 19.25 8.5 -28.1199
      vertex 19.25 2.5 -28.1199
    endloop
  endfacet
  facet normal 0.98078 -0 0.195116
    outer loop
      vertex 20.4148 2.5 -29.638
      vertex 20.4786 8.5 -29.9587
      vertex 20.4148 8.5 -29.638
    endloop
  endfacet
  facet normal 0.98078 0 0.195116
    outer loop
      vertex 20.4786 8.5 -29.9587
      vertex 20.4148 2.5 -29.638
      vertex 20.4786 2.5 -29.9587
    endloop
  endfacet
  facet normal -0.195116 0 0.98078
    outer loop
      vertex 17.353 8.5 -27.8702
      vertex 17.6737 2.5 -27.8064
      vertex 17.6737 8.5 -27.8064
    endloop
  endfacet
  facet normal -0.195116 0 0.98078
    outer loop
      vertex 17.6737 2.5 -27.8064
      vertex 17.353 8.5 -27.8702
      vertex 17.353 2.5 -27.8702
    endloop
  endfacet
  facet normal -0.831438 0 0.555617
    outer loop
      vertex 15.8349 2.5 -29.035
      vertex 16.0166 8.5 -28.7631
      vertex 15.8349 8.5 -29.035
    endloop
  endfacet
  facet normal -0.831438 0 0.555617
    outer loop
      vertex 16.0166 8.5 -28.7631
      vertex 15.8349 2.5 -29.035
      vertex 16.0166 2.5 -28.7631
    endloop
  endfacet
  facet normal 0.946957 0 -0.32136
    outer loop
      vertex 20.4148 2.5 -30.932
      vertex 20.3097 8.5 -31.2417
      vertex 20.4148 8.5 -30.932
    endloop
  endfacet
  facet normal 0.946957 0 -0.32136
    outer loop
      vertex 20.3097 8.5 -31.2417
      vertex 20.4148 2.5 -30.932
      vertex 20.3097 2.5 -31.2417
    endloop
  endfacet
  facet normal 0.751913 0 -0.659262
    outer loop
      vertex 19.9834 2.5 -31.8069
      vertex 19.7678 8.5 -32.0528
      vertex 19.9834 8.5 -31.8069
    endloop
  endfacet
  facet normal 0.751913 0 -0.659262
    outer loop
      vertex 19.7678 8.5 -32.0528
      vertex 19.9834 2.5 -31.8069
      vertex 19.7678 2.5 -32.0528
    endloop
  endfacet
  facet normal 0.831438 0 -0.555617
    outer loop
      vertex 20.1651 2.5 -31.535
      vertex 19.9834 8.5 -31.8069
      vertex 20.1651 8.5 -31.535
    endloop
  endfacet
  facet normal 0.831438 0 -0.555617
    outer loop
      vertex 19.9834 8.5 -31.8069
      vertex 20.1651 2.5 -31.535
      vertex 19.9834 2.5 -31.8069
    endloop
  endfacet
  facet normal 0.195116 0 -0.98078
    outer loop
      vertex 18.3263 2.5 -32.7636
      vertex 18.647 8.5 -32.6998
      vertex 18.647 2.5 -32.6998
    endloop
  endfacet
  facet normal 0.195116 0 -0.98078
    outer loop
      vertex 18.647 8.5 -32.6998
      vertex 18.3263 2.5 -32.7636
      vertex 18.3263 8.5 -32.7636
    endloop
  endfacet
  facet normal 0.0654432 0 -0.997856
    outer loop
      vertex 18 2.5 -32.785
      vertex 18.3263 8.5 -32.7636
      vertex 18.3263 2.5 -32.7636
    endloop
  endfacet
  facet normal 0.0654432 0 -0.997856
    outer loop
      vertex 18.3263 8.5 -32.7636
      vertex 18 2.5 -32.785
      vertex 18 8.5 -32.785
    endloop
  endfacet
  facet normal 0.442191 0 -0.896921
    outer loop
      vertex 18.9567 2.5 -32.5947
      vertex 19.25 8.5 -32.4501
      vertex 19.25 2.5 -32.4501
    endloop
  endfacet
  facet normal 0.442191 0 -0.896921
    outer loop
      vertex 19.25 8.5 -32.4501
      vertex 18.9567 2.5 -32.5947
      vertex 18.9567 8.5 -32.5947
    endloop
  endfacet
  facet normal -0.896921 0 -0.442191
    outer loop
      vertex 15.8349 2.5 -31.535
      vertex 15.6903 8.5 -31.2417
      vertex 15.8349 8.5 -31.535
    endloop
  endfacet
  facet normal -0.896921 -0 -0.442191
    outer loop
      vertex 15.6903 8.5 -31.2417
      vertex 15.8349 2.5 -31.535
      vertex 15.6903 2.5 -31.2417
    endloop
  endfacet
  facet normal -0.997856 0 -0.0654432
    outer loop
      vertex 15.5214 2.5 -30.6113
      vertex 15.5 8.5 -30.285
      vertex 15.5214 8.5 -30.6113
    endloop
  endfacet
  facet normal -0.997856 -0 -0.0654432
    outer loop
      vertex 15.5 8.5 -30.285
      vertex 15.5214 2.5 -30.6113
      vertex 15.5 2.5 -30.285
    endloop
  endfacet
  facet normal 0 1 0
    outer loop
      vertex 18.3263 8.5 -27.8064
      vertex 17.6737 8.5 -27.8064
      vertex 18 8.5 -27.785
    endloop
  endfacet
  facet normal 0 1 0
    outer loop
      vertex 18.647 8.5 -27.8702
      vertex 17.6737 8.5 -27.8064
      vertex 18.3263 8.5 -27.8064
    endloop
  endfacet
  facet normal 0 1 0
    outer loop
      vertex 18.647 8.5 -27.8702
      vertex 17.353 8.5 -27.8702
      vertex 17.6737 8.5 -27.8064
    endloop
  endfacet
  facet normal 0 1 0
    outer loop
      vertex 18.9567 8.5 -27.9753
      vertex 17.353 8.5 -27.8702
      vertex 18.647 8.5 -27.8702
    endloop
  endfacet
  facet normal 0 1 0
    outer loop
      vertex 18.9567 8.5 -27.9753
      vertex 17.0433 8.5 -27.9753
      vertex 17.353 8.5 -27.8702
    endloop
  endfacet
  facet normal 0 1 0
    outer loop
      vertex 19.25 8.5 -28.1199
      vertex 17.0433 8.5 -27.9753
      vertex 18.9567 8.5 -27.9753
    endloop
  endfacet
  facet normal 0 1 0
    outer loop
      vertex 19.25 8.5 -28.1199
      vertex 16.75 8.5 -28.1199
      vertex 17.0433 8.5 -27.9753
    endloop
  endfacet
  facet normal 0 1 0
    outer loop
      vertex 19.5219 8.5 -28.3016
      vertex 16.75 8.5 -28.1199
      vertex 19.25 8.5 -28.1199
    endloop
  endfacet
  facet normal 0 1 0
    outer loop
      vertex 19.5219 8.5 -28.3016
      vertex 16.4781 8.5 -28.3016
      vertex 16.75 8.5 -28.1199
    endloop
  endfacet
  facet normal 0 1 0
    outer loop
      vertex 19.7678 8.5 -28.5172
      vertex 16.4781 8.5 -28.3016
      vertex 19.5219 8.5 -28.3016
    endloop
  endfacet
  facet normal 0 1 0
    outer loop
      vertex 19.7678 8.5 -28.5172
      vertex 16.2322 8.5 -28.5172
      vertex 16.4781 8.5 -28.3016
    endloop
  endfacet
  facet normal 0 1 0
    outer loop
      vertex 19.9834 8.5 -28.7631
      vertex 16.2322 8.5 -28.5172
      vertex 19.7678 8.5 -28.5172
    endloop
  endfacet
  facet normal 0 1 0
    outer loop
      vertex 19.9834 8.5 -28.7631
      vertex 16.0166 8.5 -28.7631
      vertex 16.2322 8.5 -28.5172
    endloop
  endfacet
  facet normal 0 1 0
    outer loop
      vertex 20.1651 8.5 -29.035
      vertex 16.0166 8.5 -28.7631
      vertex 19.9834 8.5 -28.7631
    endloop
  endfacet
  facet normal 0 1 0
    outer loop
      vertex 20.1651 8.5 -29.035
      vertex 15.8349 8.5 -29.035
      vertex 16.0166 8.5 -28.7631
    endloop
  endfacet
  facet normal 0 1 0
    outer loop
      vertex 20.3097 8.5 -29.3283
      vertex 15.8349 8.5 -29.035
      vertex 20.1651 8.5 -29.035
    endloop
  endfacet
  facet normal 0 1 0
    outer loop
      vertex 20.3097 8.5 -29.3283
      vertex 15.6903 8.5 -29.3283
      vertex 15.8349 8.5 -29.035
    endloop
  endfacet
  facet normal 0 1 0
    outer loop
      vertex 20.4148 8.5 -29.638
      vertex 15.6903 8.5 -29.3283
      vertex 20.3097 8.5 -29.3283
    endloop
  endfacet
  facet normal 0 1 0
    outer loop
      vertex 20.4148 8.5 -29.638
      vertex 15.5852 8.5 -29.638
      vertex 15.6903 8.5 -29.3283
    endloop
  endfacet
  facet normal 0 1 0
    outer loop
      vertex 20.4786 8.5 -29.9587
      vertex 15.5852 8.5 -29.638
      vertex 20.4148 8.5 -29.638
    endloop
  endfacet
  facet normal 0 1 0
    outer loop
      vertex 20.4786 8.5 -29.9587
      vertex 15.5214 8.5 -29.9587
      vertex 15.5852 8.5 -29.638
    endloop
  endfacet
  facet normal 0 1 0
    outer loop
      vertex 20.5 8.5 -30.285
      vertex 15.5214 8.5 -29.9587
      vertex 20.4786 8.5 -29.9587
    endloop
  endfacet
  facet normal 0 1 0
    outer loop
      vertex 20.5 8.5 -30.285
      vertex 15.5 8.5 -30.285
      vertex 15.5214 8.5 -29.9587
    endloop
  endfacet
  facet normal 0 1 -0
    outer loop
      vertex 20.4786 8.5 -30.6113
      vertex 15.5 8.5 -30.285
      vertex 20.5 8.5 -30.285
    endloop
  endfacet
  facet normal 0 1 0
    outer loop
      vertex 20.4786 8.5 -30.6113
      vertex 15.5214 8.5 -30.6113
      vertex 15.5 8.5 -30.285
    endloop
  endfacet
  facet normal 0 1 -0
    outer loop
      vertex 20.4148 8.5 -30.932
      vertex 15.5214 8.5 -30.6113
      vertex 20.4786 8.5 -30.6113
    endloop
  endfacet
  facet normal 0 1 0
    outer loop
      vertex 20.4148 8.5 -30.932
      vertex 15.5852 8.5 -30.932
      vertex 15.5214 8.5 -30.6113
    endloop
  endfacet
  facet normal 0 1 -0
    outer loop
      vertex 20.3097 8.5 -31.2417
      vertex 15.5852 8.5 -30.932
      vertex 20.4148 8.5 -30.932
    endloop
  endfacet
  facet normal 0 1 0
    outer loop
      vertex 20.3097 8.5 -31.2417
      vertex 15.6903 8.5 -31.2417
      vertex 15.5852 8.5 -30.932
    endloop
  endfacet
  facet normal 0 1 -0
    outer loop
      vertex 20.1651 8.5 -31.535
      vertex 15.6903 8.5 -31.2417
      vertex 20.3097 8.5 -31.2417
    endloop
  endfacet
  facet normal 0 1 0
    outer loop
      vertex 20.1651 8.5 -31.535
      vertex 15.8349 8.5 -31.535
      vertex 15.6903 8.5 -31.2417
    endloop
  endfacet
  facet normal 0 1 -0
    outer loop
      vertex 19.9834 8.5 -31.8069
      vertex 15.8349 8.5 -31.535
      vertex 20.1651 8.5 -31.535
    endloop
  endfacet
  facet normal 0 1 0
    outer loop
      vertex 19.9834 8.5 -31.8069
      vertex 16.0166 8.5 -31.8069
      vertex 15.8349 8.5 -31.535
    endloop
  endfacet
  facet normal 0 1 -0
    outer loop
      vertex 19.7678 8.5 -32.0528
      vertex 16.0166 8.5 -31.8069
      vertex 19.9834 8.5 -31.8069
    endloop
  endfacet
  facet normal 0 1 0
    outer loop
      vertex 19.7678 8.5 -32.0528
      vertex 16.2322 8.5 -32.0528
      vertex 16.0166 8.5 -31.8069
    endloop
  endfacet
  facet normal 0 1 -0
    outer loop
      vertex 19.5219 8.5 -32.2684
      vertex 16.2322 8.5 -32.0528
      vertex 19.7678 8.5 -32.0528
    endloop
  endfacet
  facet normal 0 1 0
    outer loop
      vertex 19.5219 8.5 -32.2684
      vertex 16.4781 8.5 -32.2684
      vertex 16.2322 8.5 -32.0528
    endloop
  endfacet
  facet normal 0 1 -0
    outer loop
      vertex 19.25 8.5 -32.4501
      vertex 16.4781 8.5 -32.2684
      vertex 19.5219 8.5 -32.2684
    endloop
  endfacet
  facet normal 0 1 0
    outer loop
      vertex 19.25 8.5 -32.4501
      vertex 16.75 8.5 -32.4501
      vertex 16.4781 8.5 -32.2684
    endloop
  endfacet
  facet normal 0 1 -0
    outer loop
      vertex 18.9567 8.5 -32.5947
      vertex 16.75 8.5 -32.4501
      vertex 19.25 8.5 -32.4501
    endloop
  endfacet
  facet normal 0 1 0
    outer loop
      vertex 18.9567 8.5 -32.5947
      vertex 17.0433 8.5 -32.5947
      vertex 16.75 8.5 -32.4501
    endloop
  endfacet
  facet normal 0 1 -0
    outer loop
      vertex 18.647 8.5 -32.6998
      vertex 17.0433 8.5 -32.5947
      vertex 18.9567 8.5 -32.5947
    endloop
  endfacet
  facet normal 0 1 0
    outer loop
      vertex 18.647 8.5 -32.6998
      vertex 17.353 8.5 -32.6998
      vertex 17.0433 8.5 -32.5947
    endloop
  endfacet
  facet normal 0 1 -0
    outer loop
      vertex 18.3263 8.5 -32.7636
      vertex 17.353 8.5 -32.6998
      vertex 18.647 8.5 -32.6998
    endloop
  endfacet
  facet normal 0 1 0
    outer loop
      vertex 18.3263 8.5 -32.7636
      vertex 17.6737 8.5 -32.7636
      vertex 17.353 8.5 -32.6998
    endloop
  endfacet
  facet normal -0 1 0
    outer loop
      vertex 17.6737 8.5 -32.7636
      vertex 18.3263 8.5 -32.7636
      vertex 18 8.5 -32.785
    endloop
  endfacet
  facet normal -0.555617 0 -0.831438
    outer loop
      vertex 16.4781 2.5 -32.2684
      vertex 16.75 8.5 -32.4501
      vertex 16.75 2.5 -32.4501
    endloop
  endfacet
  facet normal -0.555617 0 -0.831438
    outer loop
      vertex 16.75 8.5 -32.4501
      vertex 16.4781 2.5 -32.2684
      vertex 16.4781 8.5 -32.2684
    endloop
  endfacet
  facet normal -0.659262 0 -0.751913
    outer loop
      vertex 16.2322 2.5 -32.0528
      vertex 16.4781 8.5 -32.2684
      vertex 16.4781 2.5 -32.2684
    endloop
  endfacet
  facet normal -0.659262 0 -0.751913
    outer loop
      vertex 16.4781 8.5 -32.2684
      vertex 16.2322 2.5 -32.0528
      vertex 16.2322 8.5 -32.0528
    endloop
  endfacet
  facet normal -0.195116 0 -0.98078
    outer loop
      vertex 17.353 2.5 -32.6998
      vertex 17.6737 8.5 -32.7636
      vertex 17.6737 2.5 -32.7636
    endloop
  endfacet
  facet normal -0.195116 0 -0.98078
    outer loop
      vertex 17.6737 8.5 -32.7636
      vertex 17.353 2.5 -32.6998
      vertex 17.353 8.5 -32.6998
    endloop
  endfacet
  facet normal 0.997856 -0 0.0654432
    outer loop
      vertex 20.4786 2.5 -29.9587
      vertex 20.5 8.5 -30.285
      vertex 20.4786 8.5 -29.9587
    endloop
  endfacet
  facet normal 0.997856 0 0.0654432
    outer loop
      vertex 20.5 8.5 -30.285
      vertex 20.4786 2.5 -29.9587
      vertex 20.5 2.5 -30.285
    endloop
  endfacet
  facet normal 0.32136 0 0.946957
    outer loop
      vertex 18.647 8.5 -27.8702
      vertex 18.9567 2.5 -27.9753
      vertex 18.9567 8.5 -27.9753
    endloop
  endfacet
  facet normal 0.32136 0 0.946957
    outer loop
      vertex 18.9567 2.5 -27.9753
      vertex 18.647 8.5 -27.8702
      vertex 18.647 2.5 -27.8702
    endloop
  endfacet
  facet normal 0.659262 0 0.751913
    outer loop
      vertex 19.5219 8.5 -28.3016
      vertex 19.7678 2.5 -28.5172
      vertex 19.7678 8.5 -28.5172
    endloop
  endfacet
  facet normal 0.659262 0 0.751913
    outer loop
      vertex 19.7678 2.5 -28.5172
      vertex 19.5219 8.5 -28.3016
      vertex 19.5219 2.5 -28.3016
    endloop
  endfacet
  facet normal 0.831438 -0 0.555617
    outer loop
      vertex 19.9834 2.5 -28.7631
      vertex 20.1651 8.5 -29.035
      vertex 19.9834 8.5 -28.7631
    endloop
  endfacet
  facet normal 0.831438 0 0.555617
    outer loop
      vertex 20.1651 8.5 -29.035
      vertex 19.9834 2.5 -28.7631
      vertex 20.1651 2.5 -29.035
    endloop
  endfacet
  facet normal 0.946957 -0 0.32136
    outer loop
      vertex 20.3097 2.5 -29.3283
      vertex 20.4148 8.5 -29.638
      vertex 20.3097 8.5 -29.3283
    endloop
  endfacet
  facet normal 0.946957 0 0.32136
    outer loop
      vertex 20.4148 8.5 -29.638
      vertex 20.3097 2.5 -29.3283
      vertex 20.4148 2.5 -29.638
    endloop
  endfacet
  facet normal -0.555617 0 0.831438
    outer loop
      vertex 16.4781 8.5 -28.3016
      vertex 16.75 2.5 -28.1199
      vertex 16.75 8.5 -28.1199
    endloop
  endfacet
  facet normal -0.555617 0 0.831438
    outer loop
      vertex 16.75 2.5 -28.1199
      vertex 16.4781 8.5 -28.3016
      vertex 16.4781 2.5 -28.3016
    endloop
  endfacet
  facet normal -0.32136 0 0.946957
    outer loop
      vertex 17.0433 8.5 -27.9753
      vertex 17.353 2.5 -27.8702
      vertex 17.353 8.5 -27.8702
    endloop
  endfacet
  facet normal -0.32136 0 0.946957
    outer loop
      vertex 17.353 2.5 -27.8702
      vertex 17.0433 8.5 -27.9753
      vertex 17.0433 2.5 -27.9753
    endloop
  endfacet
  facet normal -0.0654432 0 0.997856
    outer loop
      vertex 17.6737 8.5 -27.8064
      vertex 18 2.5 -27.785
      vertex 18 8.5 -27.785
    endloop
  endfacet
  facet normal -0.0654432 0 0.997856
    outer loop
      vertex 18 2.5 -27.785
      vertex 17.6737 8.5 -27.8064
      vertex 17.6737 2.5 -27.8064
    endloop
  endfacet
  facet normal -0.751913 0 0.659262
    outer loop
      vertex 16.0166 2.5 -28.7631
      vertex 16.2322 8.5 -28.5172
      vertex 16.0166 8.5 -28.7631
    endloop
  endfacet
  facet normal -0.751913 0 0.659262
    outer loop
      vertex 16.2322 8.5 -28.5172
      vertex 16.0166 2.5 -28.7631
      vertex 16.2322 2.5 -28.5172
    endloop
  endfacet
  facet normal -0.896921 0 0.442191
    outer loop
      vertex 15.6903 2.5 -29.3283
      vertex 15.8349 8.5 -29.035
      vertex 15.6903 8.5 -29.3283
    endloop
  endfacet
  facet normal -0.896921 0 0.442191
    outer loop
      vertex 15.8349 8.5 -29.035
      vertex 15.6903 2.5 -29.3283
      vertex 15.8349 2.5 -29.035
    endloop
  endfacet
  facet normal -0.98078 0 0.195116
    outer loop
      vertex 15.5214 2.5 -29.9587
      vertex 15.5852 8.5 -29.638
      vertex 15.5214 8.5 -29.9587
    endloop
  endfacet
  facet normal -0.98078 0 0.195116
    outer loop
      vertex 15.5852 8.5 -29.638
      vertex 15.5214 2.5 -29.9587
      vertex 15.5852 2.5 -29.638
    endloop
  endfacet
  facet normal -0.997856 0 0.0654432
    outer loop
      vertex 15.5 2.5 -30.285
      vertex 15.5214 8.5 -29.9587
      vertex 15.5 8.5 -30.285
    endloop
  endfacet
  facet normal -0.997856 0 0.0654432
    outer loop
      vertex 15.5214 8.5 -29.9587
      vertex 15.5 2.5 -30.285
      vertex 15.5214 2.5 -29.9587
    endloop
  endfacet
  facet normal 0.751913 -0 0.659262
    outer loop
      vertex 19.7678 2.5 -28.5172
      vertex 19.9834 8.5 -28.7631
      vertex 19.7678 8.5 -28.5172
    endloop
  endfacet
  facet normal 0.751913 0 0.659262
    outer loop
      vertex 19.9834 8.5 -28.7631
      vertex 19.7678 2.5 -28.5172
      vertex 19.9834 2.5 -28.7631
    endloop
  endfacet
  facet normal 0.896921 -0 0.442191
    outer loop
      vertex 20.1651 2.5 -29.035
      vertex 20.3097 8.5 -29.3283
      vertex 20.1651 8.5 -29.035
    endloop
  endfacet
  facet normal 0.896921 0 0.442191
    outer loop
      vertex 20.3097 8.5 -29.3283
      vertex 20.1651 2.5 -29.035
      vertex 20.3097 2.5 -29.3283
    endloop
  endfacet
  facet normal -0.442191 0 0.896921
    outer loop
      vertex 16.75 8.5 -28.1199
      vertex 17.0433 2.5 -27.9753
      vertex 17.0433 8.5 -27.9753
    endloop
  endfacet
  facet normal -0.442191 0 0.896921
    outer loop
      vertex 17.0433 2.5 -27.9753
      vertex 16.75 8.5 -28.1199
      vertex 16.75 2.5 -28.1199
    endloop
  endfacet
  facet normal -0.946957 0 0.32136
    outer loop
      vertex 15.5852 2.5 -29.638
      vertex 15.6903 8.5 -29.3283
      vertex 15.5852 8.5 -29.638
    endloop
  endfacet
  facet normal -0.946957 0 0.32136
    outer loop
      vertex 15.6903 8.5 -29.3283
      vertex 15.5852 2.5 -29.638
      vertex 15.6903 2.5 -29.3283
    endloop
  endfacet
  facet normal 0.954718 0 -0.297512
    outer loop
      vertex 34.225 0 -30.785
      vertex 33.5169 2.5 -33.0573
      vertex 34.225 2.5 -30.785
    endloop
  endfacet
  facet normal 0.954718 0 -0.297512
    outer loop
      vertex 33.5169 2.5 -33.0573
      vertex 34.225 0 -30.785
      vertex 33.5169 0 -33.0573
    endloop
  endfacet
  facet normal 0.663115 0 -0.748518
    outer loop
      vertex 32.0839 0 -34.3268
      vertex 33.5169 2.5 -33.0573
      vertex 33.5169 0 -33.0573
    endloop
  endfacet
  facet normal 0.663115 0 -0.748518
    outer loop
      vertex 33.5169 2.5 -33.0573
      vertex 32.0839 0 -34.3268
      vertex 32.0839 2.5 -34.3268
    endloop
  endfacet
  facet normal 0 1 0
    outer loop
      vertex -18.7313 2.5 -12.8158
      vertex -17.8042 2.5 -28.7978
      vertex -18 2.5 -28.785
    endloop
  endfacet
  facet normal 0 1 0
    outer loop
      vertex -17.9 2.5 -12.5336
      vertex -17.6118 2.5 -28.8361
      vertex -17.8042 2.5 -28.7978
    endloop
  endfacet
  facet normal 0 1 0
    outer loop
      vertex -17.25 2.5 -28.986
      vertex -9.875 2.5 -28.7695
      vertex -10.0653 2.5 -28.8966
    endloop
  endfacet
  facet normal 0 1 0
    outer loop
      vertex -17.9 2.5 -12.5336
      vertex -17.426 2.5 -28.8992
      vertex -17.6118 2.5 -28.8361
    endloop
  endfacet
  facet normal 0 1 0
    outer loop
      vertex -9.875 2.5 -28.7695
      vertex -17.25 2.5 -28.986
      vertex -17.426 2.5 -28.8992
    endloop
  endfacet
  facet normal 0 1 0
    outer loop
      vertex -17.0869 2.5 -29.095
      vertex -10.0653 2.5 -28.8966
      vertex -10.2374 2.5 -29.0476
    endloop
  endfacet
  facet normal 0 1 0
    outer loop
      vertex -10.0653 2.5 -28.8966
      vertex -17.0869 2.5 -29.095
      vertex -17.25 2.5 -28.986
    endloop
  endfacet
  facet normal 0 1 0
    outer loop
      vertex -16.9393 2.5 -29.2243
      vertex -10.2374 2.5 -29.0476
      vertex -10.3884 2.5 -29.2197
    endloop
  endfacet
  facet normal 0 1 0
    outer loop
      vertex -10.2374 2.5 -29.0476
      vertex -16.9393 2.5 -29.2243
      vertex -17.0869 2.5 -29.095
    endloop
  endfacet
  facet normal 0 1 0
    outer loop
      vertex -10.3884 2.5 -29.2197
      vertex -16.81 2.5 -29.3719
      vertex -16.9393 2.5 -29.2243
    endloop
  endfacet
  facet normal 0 1 -0
    outer loop
      vertex -10.5155 2.5 -29.41
      vertex -16.81 2.5 -29.3719
      vertex -10.3884 2.5 -29.2197
    endloop
  endfacet
  facet normal 0 1 0
    outer loop
      vertex -10.5155 2.5 -29.41
      vertex -16.701 2.5 -29.535
      vertex -16.81 2.5 -29.3719
    endloop
  endfacet
  facet normal 0 1 -0
    outer loop
      vertex -10.6168 2.5 -29.6153
      vertex -16.701 2.5 -29.535
      vertex -10.5155 2.5 -29.41
    endloop
  endfacet
  facet normal 0 1 0
    outer loop
      vertex -10.6168 2.5 -29.6153
      vertex -16.6142 2.5 -29.711
      vertex -16.701 2.5 -29.535
    endloop
  endfacet
  facet normal 0 1 -0
    outer loop
      vertex -10.6904 2.5 -29.8321
      vertex -16.6142 2.5 -29.711
      vertex -10.6168 2.5 -29.6153
    endloop
  endfacet
  facet normal 0 1 0
    outer loop
      vertex -10.6904 2.5 -29.8321
      vertex -16.5511 2.5 -29.8968
      vertex -16.6142 2.5 -29.711
    endloop
  endfacet
  facet normal 0 1 -0
    outer loop
      vertex -10.735 2.5 -30.0566
      vertex -16.5511 2.5 -29.8968
      vertex -10.6904 2.5 -29.8321
    endloop
  endfacet
  facet normal 0 1 0
    outer loop
      vertex -10.735 2.5 -30.0566
      vertex -16.5128 2.5 -30.0892
      vertex -16.5511 2.5 -29.8968
    endloop
  endfacet
  facet normal 0 1 -0
    outer loop
      vertex -10.75 2.5 -30.285
      vertex -16.5128 2.5 -30.0892
      vertex -10.735 2.5 -30.0566
    endloop
  endfacet
  facet normal 0 1 0
    outer loop
      vertex -10.75 2.5 -30.285
      vertex -16.5 2.5 -30.285
      vertex -16.5128 2.5 -30.0892
    endloop
  endfacet
  facet normal 0 1 0
    outer loop
      vertex -10.75 2.5 -30.285
      vertex -16.5128 2.5 -30.4808
      vertex -16.5 2.5 -30.285
    endloop
  endfacet
  facet normal 0 1 0
    outer loop
      vertex -10.735 2.5 -30.5134
      vertex -16.5128 2.5 -30.4808
      vertex -10.75 2.5 -30.285
    endloop
  endfacet
  facet normal 0 1 0
    outer loop
      vertex -10.735 2.5 -30.5134
      vertex -16.5511 2.5 -30.6732
      vertex -16.5128 2.5 -30.4808
    endloop
  endfacet
  facet normal 0 1 0
    outer loop
      vertex -10.6904 2.5 -30.7379
      vertex -16.5511 2.5 -30.6732
      vertex -10.735 2.5 -30.5134
    endloop
  endfacet
  facet normal 0 1 0
    outer loop
      vertex -10.6904 2.5 -30.7379
      vertex -16.6142 2.5 -30.859
      vertex -16.5511 2.5 -30.6732
    endloop
  endfacet
  facet normal 0 1 0
    outer loop
      vertex -10.6168 2.5 -30.9547
      vertex -16.6142 2.5 -30.859
      vertex -10.6904 2.5 -30.7379
    endloop
  endfacet
  facet normal 0 1 0
    outer loop
      vertex -10.6168 2.5 -30.9547
      vertex -16.701 2.5 -31.035
      vertex -16.6142 2.5 -30.859
    endloop
  endfacet
  facet normal 0 1 0
    outer loop
      vertex -10.5155 2.5 -31.16
      vertex -16.701 2.5 -31.035
      vertex -10.6168 2.5 -30.9547
    endloop
  endfacet
  facet normal 0 1 0
    outer loop
      vertex -10.5155 2.5 -31.16
      vertex -16.81 2.5 -31.1981
      vertex -16.701 2.5 -31.035
    endloop
  endfacet
  facet normal 0 1 0
    outer loop
      vertex -10.3884 2.5 -31.3503
      vertex -16.81 2.5 -31.1981
      vertex -10.5155 2.5 -31.16
    endloop
  endfacet
  facet normal 0 1 0
    outer loop
      vertex -16.81 2.5 -31.1981
      vertex -10.3884 2.5 -31.3503
      vertex -16.9393 2.5 -31.3457
    endloop
  endfacet
  facet normal 0 1 0
    outer loop
      vertex -10.2374 2.5 -31.5224
      vertex -16.9393 2.5 -31.3457
      vertex -10.3884 2.5 -31.3503
    endloop
  endfacet
  facet normal 0 1 0
    outer loop
      vertex -16.9393 2.5 -31.3457
      vertex -10.2374 2.5 -31.5224
      vertex -17.0869 2.5 -31.475
    endloop
  endfacet
  facet normal 0 1 0
    outer loop
      vertex -10.0653 2.5 -31.6734
      vertex -17.0869 2.5 -31.475
      vertex -10.2374 2.5 -31.5224
    endloop
  endfacet
  facet normal 0 1 0
    outer loop
      vertex -17.0869 2.5 -31.475
      vertex -10.0653 2.5 -31.6734
      vertex -17.25 2.5 -31.584
    endloop
  endfacet
  facet normal 0 1 0
    outer loop
      vertex -9.875 2.5 -31.8005
      vertex -17.25 2.5 -31.584
      vertex -10.0653 2.5 -31.6734
    endloop
  endfacet
  facet normal 0 1 0
    outer loop
      vertex -17.25 2.5 -31.584
      vertex -9.875 2.5 -31.8005
      vertex -17.426 2.5 -31.6708
    endloop
  endfacet
  facet normal 0 1 0
    outer loop
      vertex -9.6697 2.5 -31.9018
      vertex -17.426 2.5 -31.6708
      vertex -9.875 2.5 -31.8005
    endloop
  endfacet
  facet normal 0 1 0
    outer loop
      vertex -17.426 2.5 -31.6708
      vertex -9.6697 2.5 -31.9018
      vertex -17.6118 2.5 -31.7339
    endloop
  endfacet
  facet normal 0 1 0
    outer loop
      vertex -9.45293 2.5 -31.9754
      vertex -17.6118 2.5 -31.7339
      vertex -9.6697 2.5 -31.9018
    endloop
  endfacet
  facet normal 0 1 0
    outer loop
      vertex -17.0764 2.5 -11.71
      vertex -8.77158 2.5 -28.55
      vertex -9 2.5 -28.535
    endloop
  endfacet
  facet normal 0 1 0
    outer loop
      vertex -8.3303 2.5 -28.6682
      vertex -0.765367 2.5 -28.4372
      vertex -1 2.5 -28.5529
    endloop
  endfacet
  facet normal 0 1 0
    outer loop
      vertex -16.9463 2.5 -11.446
      vertex -8.54707 2.5 -28.5946
      vertex -8.77158 2.5 -28.55
    endloop
  endfacet
  facet normal 0 1 0
    outer loop
      vertex -0.765367 2.5 -28.4372
      vertex -8.3303 2.5 -28.6682
      vertex -8.54707 2.5 -28.5946
    endloop
  endfacet
  facet normal 0 1 0
    outer loop
      vertex -8.125 2.5 -28.7695
      vertex -1 2.5 -28.5529
      vertex -1.21752 2.5 -28.6983
    endloop
  endfacet
  facet normal 0 1 0
    outer loop
      vertex -1 2.5 -28.5529
      vertex -8.125 2.5 -28.7695
      vertex -8.3303 2.5 -28.6682
    endloop
  endfacet
  facet normal 0 1 0
    outer loop
      vertex -7.93467 2.5 -28.8966
      vertex -1.21752 2.5 -28.6983
      vertex -1.41421 2.5 -28.8708
    endloop
  endfacet
  facet normal 0 1 0
    outer loop
      vertex -1.21752 2.5 -28.6983
      vertex -7.93467 2.5 -28.8966
      vertex -8.125 2.5 -28.7695
    endloop
  endfacet
  facet normal 0 1 0
    outer loop
      vertex -1.41421 2.5 -28.8708
      vertex -7.76256 2.5 -29.0476
      vertex -7.93467 2.5 -28.8966
    endloop
  endfacet
  facet normal 0 1 -0
    outer loop
      vertex -1.58671 2.5 -29.0675
      vertex -7.76256 2.5 -29.0476
      vertex -1.41421 2.5 -28.8708
    endloop
  endfacet
  facet normal 0 1 0
    outer loop
      vertex -1.58671 2.5 -29.0675
      vertex -7.61163 2.5 -29.2197
      vertex -7.76256 2.5 -29.0476
    endloop
  endfacet
  facet normal 0 1 -0
    outer loop
      vertex -1.73205 2.5 -29.285
      vertex -7.61163 2.5 -29.2197
      vertex -1.58671 2.5 -29.0675
    endloop
  endfacet
  facet normal 0 1 0
    outer loop
      vertex -1.73205 2.5 -29.285
      vertex -7.48446 2.5 -29.41
      vertex -7.61163 2.5 -29.2197
    endloop
  endfacet
  facet normal 0 1 -0
    outer loop
      vertex -1.84776 2.5 -29.5196
      vertex -7.48446 2.5 -29.41
      vertex -1.73205 2.5 -29.285
    endloop
  endfacet
  facet normal 0 1 0
    outer loop
      vertex -1.84776 2.5 -29.5196
      vertex -7.38321 2.5 -29.6153
      vertex -7.48446 2.5 -29.41
    endloop
  endfacet
  facet normal 0 1 -0
    outer loop
      vertex -1.93185 2.5 -29.7674
      vertex -7.38321 2.5 -29.6153
      vertex -1.84776 2.5 -29.5196
    endloop
  endfacet
  facet normal 0 1 0
    outer loop
      vertex -1.93185 2.5 -29.7674
      vertex -7.30963 2.5 -29.8321
      vertex -7.38321 2.5 -29.6153
    endloop
  endfacet
  facet normal 0 1 -0
    outer loop
      vertex -1.98289 2.5 -30.0239
      vertex -7.30963 2.5 -29.8321
      vertex -1.93185 2.5 -29.7674
    endloop
  endfacet
  facet normal 0 1 0
    outer loop
      vertex -1.98289 2.5 -30.0239
      vertex -7.26497 2.5 -30.0566
      vertex -7.30963 2.5 -29.8321
    endloop
  endfacet
  facet normal 0 1 -0
    outer loop
      vertex -2 2.5 -30.285
      vertex -7.26497 2.5 -30.0566
      vertex -1.98289 2.5 -30.0239
    endloop
  endfacet
  facet normal 0 1 0
    outer loop
      vertex -2 2.5 -30.285
      vertex -7.25 2.5 -30.285
      vertex -7.26497 2.5 -30.0566
    endloop
  endfacet
  facet normal 0 1 0
    outer loop
      vertex -2 2.5 -30.285
      vertex -7.26497 2.5 -30.5134
      vertex -7.25 2.5 -30.285
    endloop
  endfacet
  facet normal 0 1 0
    outer loop
      vertex -1.98289 2.5 -30.5461
      vertex -7.26497 2.5 -30.5134
      vertex -2 2.5 -30.285
    endloop
  endfacet
  facet normal 0 1 0
    outer loop
      vertex -1.98289 2.5 -30.5461
      vertex -7.30963 2.5 -30.7379
      vertex -7.26497 2.5 -30.5134
    endloop
  endfacet
  facet normal 0 1 0
    outer loop
      vertex -1.93185 2.5 -30.8026
      vertex -7.30963 2.5 -30.7379
      vertex -1.98289 2.5 -30.5461
    endloop
  endfacet
  facet normal 0 1 0
    outer loop
      vertex -1.93185 2.5 -30.8026
      vertex -7.38321 2.5 -30.9547
      vertex -7.30963 2.5 -30.7379
    endloop
  endfacet
  facet normal 0 1 0
    outer loop
      vertex -1.84776 2.5 -31.0504
      vertex -7.38321 2.5 -30.9547
      vertex -1.93185 2.5 -30.8026
    endloop
  endfacet
  facet normal 0 1 0
    outer loop
      vertex -1.84776 2.5 -31.0504
      vertex -7.48446 2.5 -31.16
      vertex -7.38321 2.5 -30.9547
    endloop
  endfacet
  facet normal 0 1 0
    outer loop
      vertex -1.73205 2.5 -31.285
      vertex -7.48446 2.5 -31.16
      vertex -1.84776 2.5 -31.0504
    endloop
  endfacet
  facet normal 0 1 0
    outer loop
      vertex -1.73205 2.5 -31.285
      vertex -7.61163 2.5 -31.3503
      vertex -7.48446 2.5 -31.16
    endloop
  endfacet
  facet normal 0 1 0
    outer loop
      vertex -1.58671 2.5 -31.5025
      vertex -7.61163 2.5 -31.3503
      vertex -1.73205 2.5 -31.285
    endloop
  endfacet
  facet normal 0 1 0
    outer loop
      vertex -1.58671 2.5 -31.5025
      vertex -7.76256 2.5 -31.5224
      vertex -7.61163 2.5 -31.3503
    endloop
  endfacet
  facet normal 0 1 0
    outer loop
      vertex -1.41421 2.5 -31.6992
      vertex -7.76256 2.5 -31.5224
      vertex -1.58671 2.5 -31.5025
    endloop
  endfacet
  facet normal 0 1 0
    outer loop
      vertex -7.76256 2.5 -31.5224
      vertex -1.41421 2.5 -31.6992
      vertex -7.93467 2.5 -31.6734
    endloop
  endfacet
  facet normal 0 1 0
    outer loop
      vertex -1.21752 2.5 -31.8717
      vertex -7.93467 2.5 -31.6734
      vertex -1.41421 2.5 -31.6992
    endloop
  endfacet
  facet normal 0 1 0
    outer loop
      vertex -7.93467 2.5 -31.6734
      vertex -1.21752 2.5 -31.8717
      vertex -8.125 2.5 -31.8005
    endloop
  endfacet
  facet normal 0 1 0
    outer loop
      vertex -1 2.5 -32.0171
      vertex -8.125 2.5 -31.8005
      vertex -1.21752 2.5 -31.8717
    endloop
  endfacet
  facet normal 0 1 0
    outer loop
      vertex -8.125 2.5 -31.8005
      vertex -1 2.5 -32.0171
      vertex -8.3303 2.5 -31.9018
    endloop
  endfacet
  facet normal 0 1 0
    outer loop
      vertex -0.765367 2.5 -32.1328
      vertex -8.3303 2.5 -31.9018
      vertex -1 2.5 -32.0171
    endloop
  endfacet
  facet normal 0 1 0
    outer loop
      vertex -8.3303 2.5 -31.9018
      vertex -0.765367 2.5 -32.1328
      vertex -8.54707 2.5 -31.9754
    endloop
  endfacet
  facet normal 0 1 0
    outer loop
      vertex -0.517637 2.5 -32.2169
      vertex -8.54707 2.5 -31.9754
      vertex -0.765367 2.5 -32.1328
    endloop
  endfacet
  facet normal 0 1 0
    outer loop
      vertex -8.54707 2.5 -31.9754
      vertex -0.517637 2.5 -32.2169
      vertex -8.77158 2.5 -32.02
    endloop
  endfacet
  facet normal 0 1 0
    outer loop
      vertex 9.825 2.5 -3.38499
      vertex 0.261052 2.5 -28.3021
      vertex 0 2.5 -28.285
    endloop
  endfacet
  facet normal 0 1 0
    outer loop
      vertex 0.765367 2.5 -28.4372
      vertex 8.13896 2.5 -28.2063
      vertex 7.875 2.5 -28.3364
    endloop
  endfacet
  facet normal 0 1 0
    outer loop
      vertex 8.41766 2.5 -28.1117
      vertex 0.517637 2.5 -28.3531
      vertex 0.261052 2.5 -28.3021
    endloop
  endfacet
  facet normal 0 1 0
    outer loop
      vertex 8.13896 2.5 -28.2063
      vertex 0.765367 2.5 -28.4372
      vertex 0.517637 2.5 -28.3531
    endloop
  endfacet
  facet normal 0 1 0
    outer loop
      vertex 1 2.5 -28.5529
      vertex 7.875 2.5 -28.3364
      vertex 7.63029 2.5 -28.5
    endloop
  endfacet
  facet normal 0 1 0
    outer loop
      vertex 7.875 2.5 -28.3364
      vertex 1 2.5 -28.5529
      vertex 0.765367 2.5 -28.4372
    endloop
  endfacet
  facet normal 0 1 0
    outer loop
      vertex 1.21752 2.5 -28.6983
      vertex 7.63029 2.5 -28.5
      vertex 7.40901 2.5 -28.694
    endloop
  endfacet
  facet normal 0 1 0
    outer loop
      vertex 7.63029 2.5 -28.5
      vertex 1.21752 2.5 -28.6983
      vertex 1 2.5 -28.5529
    endloop
  endfacet
  facet normal 0 1 0
    outer loop
      vertex 7.40901 2.5 -28.694
      vertex 1.41421 2.5 -28.8708
      vertex 1.21752 2.5 -28.6983
    endloop
  endfacet
  facet normal 0 1 -0
    outer loop
      vertex 7.21495 2.5 -28.9153
      vertex 1.41421 2.5 -28.8708
      vertex 7.40901 2.5 -28.694
    endloop
  endfacet
  facet normal 0 1 0
    outer loop
      vertex 7.21495 2.5 -28.9153
      vertex 1.58671 2.5 -29.0675
      vertex 1.41421 2.5 -28.8708
    endloop
  endfacet
  facet normal 0 1 -0
    outer loop
      vertex 7.05144 2.5 -29.16
      vertex 1.58671 2.5 -29.0675
      vertex 7.21495 2.5 -28.9153
    endloop
  endfacet
  facet normal 0 1 0
    outer loop
      vertex 7.05144 2.5 -29.16
      vertex 1.73205 2.5 -29.285
      vertex 1.58671 2.5 -29.0675
    endloop
  endfacet
  facet normal 0 1 -0
    outer loop
      vertex 6.92127 2.5 -29.424
      vertex 1.73205 2.5 -29.285
      vertex 7.05144 2.5 -29.16
    endloop
  endfacet
  facet normal 0 1 0
    outer loop
      vertex 6.92127 2.5 -29.424
      vertex 1.84776 2.5 -29.5196
      vertex 1.73205 2.5 -29.285
    endloop
  endfacet
  facet normal 0 1 -0
    outer loop
      vertex 6.82667 2.5 -29.7027
      vertex 1.84776 2.5 -29.5196
      vertex 6.92127 2.5 -29.424
    endloop
  endfacet
  facet normal 0 1 0
    outer loop
      vertex 6.82667 2.5 -29.7027
      vertex 1.93185 2.5 -29.7674
      vertex 1.84776 2.5 -29.5196
    endloop
  endfacet
  facet normal 0 1 -0
    outer loop
      vertex 6.76925 2.5 -29.9913
      vertex 1.93185 2.5 -29.7674
      vertex 6.82667 2.5 -29.7027
    endloop
  endfacet
  facet normal 0 1 0
    outer loop
      vertex 6.76925 2.5 -29.9913
      vertex 1.98289 2.5 -30.0239
      vertex 1.93185 2.5 -29.7674
    endloop
  endfacet
  facet normal 0 1 -0
    outer loop
      vertex 6.75 2.5 -30.285
      vertex 1.98289 2.5 -30.0239
      vertex 6.76925 2.5 -29.9913
    endloop
  endfacet
  facet normal 0 1 0
    outer loop
      vertex 6.75 2.5 -30.285
      vertex 2 2.5 -30.285
      vertex 1.98289 2.5 -30.0239
    endloop
  endfacet
  facet normal 0 1 0
    outer loop
      vertex 6.75 2.5 -30.285
      vertex 1.98289 2.5 -30.5461
      vertex 2 2.5 -30.285
    endloop
  endfacet
  facet normal 0 1 0
    outer loop
      vertex 6.76925 2.5 -30.5787
      vertex 1.98289 2.5 -30.5461
      vertex 6.75 2.5 -30.285
    endloop
  endfacet
  facet normal 0 1 0
    outer loop
      vertex 6.76925 2.5 -30.5787
      vertex 1.93185 2.5 -30.8026
      vertex 1.98289 2.5 -30.5461
    endloop
  endfacet
  facet normal 0 1 0
    outer loop
      vertex 6.82667 2.5 -30.8673
      vertex 1.93185 2.5 -30.8026
      vertex 6.76925 2.5 -30.5787
    endloop
  endfacet
  facet normal 0 1 0
    outer loop
      vertex 6.82667 2.5 -30.8673
      vertex 1.84776 2.5 -31.0504
      vertex 1.93185 2.5 -30.8026
    endloop
  endfacet
  facet normal 0 1 0
    outer loop
      vertex 6.92127 2.5 -31.146
      vertex 1.84776 2.5 -31.0504
      vertex 6.82667 2.5 -30.8673
    endloop
  endfacet
  facet normal 0 1 0
    outer loop
      vertex 6.92127 2.5 -31.146
      vertex 1.73205 2.5 -31.285
      vertex 1.84776 2.5 -31.0504
    endloop
  endfacet
  facet normal 0 1 0
    outer loop
      vertex 7.05144 2.5 -31.41
      vertex 1.73205 2.5 -31.285
      vertex 6.92127 2.5 -31.146
    endloop
  endfacet
  facet normal 0 1 0
    outer loop
      vertex 7.05144 2.5 -31.41
      vertex 1.58671 2.5 -31.5025
      vertex 1.73205 2.5 -31.285
    endloop
  endfacet
  facet normal 0 1 0
    outer loop
      vertex 7.21495 2.5 -31.6547
      vertex 1.58671 2.5 -31.5025
      vertex 7.05144 2.5 -31.41
    endloop
  endfacet
  facet normal 0 1 0
    outer loop
      vertex 7.21495 2.5 -31.6547
      vertex 1.41421 2.5 -31.6992
      vertex 1.58671 2.5 -31.5025
    endloop
  endfacet
  facet normal 0 1 0
    outer loop
      vertex 7.40901 2.5 -31.876
      vertex 1.41421 2.5 -31.6992
      vertex 7.21495 2.5 -31.6547
    endloop
  endfacet
  facet normal 0 1 0
    outer loop
      vertex 1.41421 2.5 -31.6992
      vertex 7.40901 2.5 -31.876
      vertex 1.21752 2.5 -31.8717
    endloop
  endfacet
  facet normal 0 1 0
    outer loop
      vertex 7.63029 2.5 -32.07
      vertex 1.21752 2.5 -31.8717
      vertex 7.40901 2.5 -31.876
    endloop
  endfacet
  facet normal 0 1 0
    outer loop
      vertex 1.21752 2.5 -31.8717
      vertex 7.63029 2.5 -32.07
      vertex 1 2.5 -32.0171
    endloop
  endfacet
  facet normal 0 1 0
    outer loop
      vertex 7.875 2.5 -32.2336
      vertex 1 2.5 -32.0171
      vertex 7.63029 2.5 -32.07
    endloop
  endfacet
  facet normal 0 1 0
    outer loop
      vertex 1 2.5 -32.0171
      vertex 7.875 2.5 -32.2336
      vertex 0.765367 2.5 -32.1328
    endloop
  endfacet
  facet normal 0 1 0
    outer loop
      vertex 8.13896 2.5 -32.3637
      vertex 0.765367 2.5 -32.1328
      vertex 7.875 2.5 -32.2336
    endloop
  endfacet
  facet normal 0 1 0
    outer loop
      vertex 0.765367 2.5 -32.1328
      vertex 8.13896 2.5 -32.3637
      vertex 0.517637 2.5 -32.2169
    endloop
  endfacet
  facet normal 0 1 0
    outer loop
      vertex 8.41766 2.5 -32.4583
      vertex 0.517637 2.5 -32.2169
      vertex 8.13896 2.5 -32.3637
    endloop
  endfacet
  facet normal 0 1 0
    outer loop
      vertex 0.517637 2.5 -32.2169
      vertex 8.41766 2.5 -32.4583
      vertex 0.261052 2.5 -32.2679
    endloop
  endfacet
  facet normal 0 1 0
    outer loop
      vertex 17.24 2.5 -11.9547
      vertex 9.29368 2.5 -28.0542
      vertex 9 2.5 -28.035
    endloop
  endfacet
  facet normal 0 1 0
    outer loop
      vertex 17.9 2.5 -12.5336
      vertex 9.58234 2.5 -28.1117
      vertex 9.29368 2.5 -28.0542
    endloop
  endfacet
  facet normal 0 1 0
    outer loop
      vertex 9.86104 2.5 -28.2063
      vertex 17.0433 2.5 -27.9753
      vertex 16.75 2.5 -28.1199
    endloop
  endfacet
  facet normal 0 1 0
    outer loop
      vertex 17.9 2.5 -12.5336
      vertex 9.86104 2.5 -28.2063
      vertex 9.58234 2.5 -28.1117
    endloop
  endfacet
  facet normal 0 1 0
    outer loop
      vertex 10.125 2.5 -28.3364
      vertex 16.75 2.5 -28.1199
      vertex 16.4781 2.5 -28.3016
    endloop
  endfacet
  facet normal 0 1 0
    outer loop
      vertex 16.75 2.5 -28.1199
      vertex 10.125 2.5 -28.3364
      vertex 9.86104 2.5 -28.2063
    endloop
  endfacet
  facet normal 0 1 0
    outer loop
      vertex 16.4781 2.5 -28.3016
      vertex 10.3697 2.5 -28.5
      vertex 10.125 2.5 -28.3364
    endloop
  endfacet
  facet normal 0 1 -0
    outer loop
      vertex 16.2322 2.5 -28.5172
      vertex 10.3697 2.5 -28.5
      vertex 16.4781 2.5 -28.3016
    endloop
  endfacet
  facet normal 0 1 0
    outer loop
      vertex 16.2322 2.5 -28.5172
      vertex 10.591 2.5 -28.694
      vertex 10.3697 2.5 -28.5
    endloop
  endfacet
  facet normal 0 1 -0
    outer loop
      vertex 16.0166 2.5 -28.7631
      vertex 10.591 2.5 -28.694
      vertex 16.2322 2.5 -28.5172
    endloop
  endfacet
  facet normal 0 1 0
    outer loop
      vertex 16.0166 2.5 -28.7631
      vertex 10.785 2.5 -28.9153
      vertex 10.591 2.5 -28.694
    endloop
  endfacet
  facet normal 0 1 -0
    outer loop
      vertex 15.8349 2.5 -29.035
      vertex 10.785 2.5 -28.9153
      vertex 16.0166 2.5 -28.7631
    endloop
  endfacet
  facet normal 0 1 0
    outer loop
      vertex 15.8349 2.5 -29.035
      vertex 10.9486 2.5 -29.16
      vertex 10.785 2.5 -28.9153
    endloop
  endfacet
  facet normal 0 1 -0
    outer loop
      vertex 15.6903 2.5 -29.3283
      vertex 10.9486 2.5 -29.16
      vertex 15.8349 2.5 -29.035
    endloop
  endfacet
  facet normal 0 1 0
    outer loop
      vertex 15.6903 2.5 -29.3283
      vertex 11.0787 2.5 -29.424
      vertex 10.9486 2.5 -29.16
    endloop
  endfacet
  facet normal 0 1 -0
    outer loop
      vertex 15.5852 2.5 -29.638
      vertex 11.0787 2.5 -29.424
      vertex 15.6903 2.5 -29.3283
    endloop
  endfacet
  facet normal 0 1 0
    outer loop
      vertex 15.5852 2.5 -29.638
      vertex 11.1733 2.5 -29.7027
      vertex 11.0787 2.5 -29.424
    endloop
  endfacet
  facet normal 0 1 -0
    outer loop
      vertex 15.5214 2.5 -29.9587
      vertex 11.1733 2.5 -29.7027
      vertex 15.5852 2.5 -29.638
    endloop
  endfacet
  facet normal 0 1 0
    outer loop
      vertex 15.5214 2.5 -29.9587
      vertex 11.2308 2.5 -29.9913
      vertex 11.1733 2.5 -29.7027
    endloop
  endfacet
  facet normal 0 1 -0
    outer loop
      vertex 15.5 2.5 -30.285
      vertex 11.2308 2.5 -29.9913
      vertex 15.5214 2.5 -29.9587
    endloop
  endfacet
  facet normal 0 1 0
    outer loop
      vertex 15.5 2.5 -30.285
      vertex 11.25 2.5 -30.285
      vertex 11.2308 2.5 -29.9913
    endloop
  endfacet
  facet normal 0 1 0
    outer loop
      vertex 15.5 2.5 -30.285
      vertex 11.2308 2.5 -30.5787
      vertex 11.25 2.5 -30.285
    endloop
  endfacet
  facet normal 0 1 0
    outer loop
      vertex 15.5214 2.5 -30.6113
      vertex 11.2308 2.5 -30.5787
      vertex 15.5 2.5 -30.285
    endloop
  endfacet
  facet normal 0 1 0
    outer loop
      vertex 15.5214 2.5 -30.6113
      vertex 11.1733 2.5 -30.8673
      vertex 11.2308 2.5 -30.5787
    endloop
  endfacet
  facet normal 0 1 0
    outer loop
      vertex 15.5852 2.5 -30.932
      vertex 11.1733 2.5 -30.8673
      vertex 15.5214 2.5 -30.6113
    endloop
  endfacet
  facet normal 0 1 0
    outer loop
      vertex 15.5852 2.5 -30.932
      vertex 11.0787 2.5 -31.146
      vertex 11.1733 2.5 -30.8673
    endloop
  endfacet
  facet normal 0 1 0
    outer loop
      vertex 15.6903 2.5 -31.2417
      vertex 11.0787 2.5 -31.146
      vertex 15.5852 2.5 -30.932
    endloop
  endfacet
  facet normal 0 1 0
    outer loop
      vertex 15.6903 2.5 -31.2417
      vertex 10.9486 2.5 -31.41
      vertex 11.0787 2.5 -31.146
    endloop
  endfacet
  facet normal 0 1 0
    outer loop
      vertex 15.8349 2.5 -31.535
      vertex 10.9486 2.5 -31.41
      vertex 15.6903 2.5 -31.2417
    endloop
  endfacet
  facet normal 0 1 0
    outer loop
      vertex 15.8349 2.5 -31.535
      vertex 10.785 2.5 -31.6547
      vertex 10.9486 2.5 -31.41
    endloop
  endfacet
  facet normal 0 1 0
    outer loop
      vertex 16.0166 2.5 -31.8069
      vertex 10.785 2.5 -31.6547
      vertex 15.8349 2.5 -31.535
    endloop
  endfacet
  facet normal 0 1 0
    outer loop
      vertex 16.0166 2.5 -31.8069
      vertex 10.591 2.5 -31.876
      vertex 10.785 2.5 -31.6547
    endloop
  endfacet
  facet normal 0 1 0
    outer loop
      vertex 16.2322 2.5 -32.0528
      vertex 10.591 2.5 -31.876
      vertex 16.0166 2.5 -31.8069
    endloop
  endfacet
  facet normal 0 1 0
    outer loop
      vertex 16.2322 2.5 -32.0528
      vertex 10.3697 2.5 -32.07
      vertex 10.591 2.5 -31.876
    endloop
  endfacet
  facet normal 0 1 0
    outer loop
      vertex 16.4781 2.5 -32.2684
      vertex 10.3697 2.5 -32.07
      vertex 16.2322 2.5 -32.0528
    endloop
  endfacet
  facet normal 0 1 0
    outer loop
      vertex 10.3697 2.5 -32.07
      vertex 16.4781 2.5 -32.2684
      vertex 10.125 2.5 -32.2336
    endloop
  endfacet
  facet normal 0 1 0
    outer loop
      vertex 16.75 2.5 -32.4501
      vertex 10.125 2.5 -32.2336
      vertex 16.4781 2.5 -32.2684
    endloop
  endfacet
  facet normal 0 1 0
    outer loop
      vertex 10.125 2.5 -32.2336
      vertex 16.75 2.5 -32.4501
      vertex 9.86104 2.5 -32.3637
    endloop
  endfacet
  facet normal 0 1 0
    outer loop
      vertex 17.0433 2.5 -32.5947
      vertex 9.86104 2.5 -32.3637
      vertex 16.75 2.5 -32.4501
    endloop
  endfacet
  facet normal 0 1 0
    outer loop
      vertex 9.86104 2.5 -32.3637
      vertex 17.0433 2.5 -32.5947
      vertex 9.58234 2.5 -32.4583
    endloop
  endfacet
  facet normal 0 1 0
    outer loop
      vertex 17.353 2.5 -32.6998
      vertex 9.58234 2.5 -32.4583
      vertex 17.0433 2.5 -32.5947
    endloop
  endfacet
  facet normal 0 1 0
    outer loop
      vertex 9.58234 2.5 -32.4583
      vertex 17.353 2.5 -32.6998
      vertex 9.29368 2.5 -32.5158
    endloop
  endfacet
  facet normal 0 1 -0
    outer loop
      vertex 17.9 2.5 -8.63644
      vertex 11.3887 2.5 -2.63197
      vertex 18.164 2.5 -8.50627
    endloop
  endfacet
  facet normal 0 1 0
    outer loop
      vertex -9.825 2.5 -3.38499
      vertex -18.7313 2.5 -8.35425
      vertex -19.025 2.5 -8.335
    endloop
  endfacet
  facet normal 0 1 -0
    outer loop
      vertex 17.6553 2.5 -8.79995
      vertex 11.3887 2.5 -2.63197
      vertex 17.9 2.5 -8.63644
    endloop
  endfacet
  facet normal 0 1 0
    outer loop
      vertex -9.825 2.5 -3.38499
      vertex -18.4427 2.5 -8.41167
      vertex -18.7313 2.5 -8.35425
    endloop
  endfacet
  facet normal 0 1 -0
    outer loop
      vertex 17.434 2.5 -8.99401
      vertex 11.3887 2.5 -2.63197
      vertex 17.6553 2.5 -8.79995
    endloop
  endfacet
  facet normal 0 1 0
    outer loop
      vertex -9.825 2.5 -3.38499
      vertex -18.164 2.5 -8.50627
      vertex -18.4427 2.5 -8.41167
    endloop
  endfacet
  facet normal 0 1 -0
    outer loop
      vertex 17.24 2.5 -9.21529
      vertex 11.3887 2.5 -2.63197
      vertex 17.434 2.5 -8.99401
    endloop
  endfacet
  facet normal 0 1 0
    outer loop
      vertex -9.825 2.5 -3.38499
      vertex -17.9 2.5 -8.63644
      vertex -18.164 2.5 -8.50627
    endloop
  endfacet
  facet normal 0 1 -0
    outer loop
      vertex 17.0764 2.5 -9.46
      vertex 11.3887 2.5 -2.63197
      vertex 17.24 2.5 -9.21529
    endloop
  endfacet
  facet normal 0 1 0
    outer loop
      vertex -9.825 2.5 -3.38499
      vertex -17.6553 2.5 -8.79995
      vertex -17.9 2.5 -8.63644
    endloop
  endfacet
  facet normal 0 1 0
    outer loop
      vertex 11.3887 2.5 -2.63197
      vertex 17.0764 2.5 -9.46
      vertex 9.825 2.5 -3.38499
    endloop
  endfacet
  facet normal 0 1 0
    outer loop
      vertex -9.825 2.5 -3.38499
      vertex -17.434 2.5 -8.99401
      vertex -17.6553 2.5 -8.79995
    endloop
  endfacet
  facet normal 0 1 -0
    outer loop
      vertex 16.9463 2.5 -9.72396
      vertex 9.825 2.5 -3.38499
      vertex 17.0764 2.5 -9.46
    endloop
  endfacet
  facet normal 0 1 0
    outer loop
      vertex -9.825 2.5 -3.38499
      vertex -17.24 2.5 -9.21529
      vertex -17.434 2.5 -8.99401
    endloop
  endfacet
  facet normal 0 1 -0
    outer loop
      vertex 16.8517 2.5 -10.0027
      vertex 9.825 2.5 -3.38499
      vertex 16.9463 2.5 -9.72396
    endloop
  endfacet
  facet normal 0 1 0
    outer loop
      vertex -9.825 2.5 -3.38499
      vertex -17.0764 2.5 -9.46
      vertex -17.24 2.5 -9.21529
    endloop
  endfacet
  facet normal 0 1 -0
    outer loop
      vertex 16.7942 2.5 -10.2913
      vertex 9.825 2.5 -3.38499
      vertex 16.8517 2.5 -10.0027
    endloop
  endfacet
  facet normal 0 1 0
    outer loop
      vertex -9.825 2.5 -3.38499
      vertex -16.9463 2.5 -9.72396
      vertex -17.0764 2.5 -9.46
    endloop
  endfacet
  facet normal 0 1 -0
    outer loop
      vertex 16.775 2.5 -10.585
      vertex 9.825 2.5 -3.38499
      vertex 16.7942 2.5 -10.2913
    endloop
  endfacet
  facet normal 0 1 0
    outer loop
      vertex -9.825 2.5 -3.38499
      vertex -16.8517 2.5 -10.0027
      vertex -16.9463 2.5 -9.72396
    endloop
  endfacet
  facet normal 0 1 0
    outer loop
      vertex 16.7942 2.5 -10.8787
      vertex 9.825 2.5 -3.38499
      vertex 16.775 2.5 -10.585
    endloop
  endfacet
  facet normal 0 1 0
    outer loop
      vertex -9.825 2.5 -3.38499
      vertex -16.7942 2.5 -10.2913
      vertex -16.8517 2.5 -10.0027
    endloop
  endfacet
  facet normal 0 1 0
    outer loop
      vertex 16.8517 2.5 -11.1673
      vertex 9.825 2.5 -3.38499
      vertex 16.7942 2.5 -10.8787
    endloop
  endfacet
  facet normal 0 1 0
    outer loop
      vertex -9.825 2.5 -3.38499
      vertex -16.775 2.5 -10.585
      vertex -16.7942 2.5 -10.2913
    endloop
  endfacet
  facet normal 0 1 0
    outer loop
      vertex 9.825 2.5 -3.38499
      vertex 0 2.5 -28.285
      vertex -9.825 2.5 -3.38499
    endloop
  endfacet
  facet normal 0 1 -0
    outer loop
      vertex -0.261052 2.5 -28.3021
      vertex -9.825 2.5 -3.38499
      vertex 0 2.5 -28.285
    endloop
  endfacet
  facet normal 0 1 0
    outer loop
      vertex 8.41766 2.5 -28.1117
      vertex 9.825 2.5 -3.38499
      vertex 16.8517 2.5 -11.1673
    endloop
  endfacet
  facet normal 0 1 0
    outer loop
      vertex -9.825 2.5 -3.38499
      vertex -16.7942 2.5 -10.8787
      vertex -16.775 2.5 -10.585
    endloop
  endfacet
  facet normal 0 1 0
    outer loop
      vertex 8.41766 2.5 -28.1117
      vertex 16.8517 2.5 -11.1673
      vertex 16.9463 2.5 -11.446
    endloop
  endfacet
  facet normal 0 1 -0
    outer loop
      vertex -0.517637 2.5 -28.3531
      vertex -9.825 2.5 -3.38499
      vertex -0.261052 2.5 -28.3021
    endloop
  endfacet
  facet normal 0 1 0
    outer loop
      vertex 8.70632 2.5 -28.0542
      vertex 16.9463 2.5 -11.446
      vertex 17.0764 2.5 -11.71
    endloop
  endfacet
  facet normal 0 1 0
    outer loop
      vertex -9.825 2.5 -3.38499
      vertex -16.8517 2.5 -11.1673
      vertex -16.7942 2.5 -10.8787
    endloop
  endfacet
  facet normal 0 1 0
    outer loop
      vertex 9 2.5 -28.035
      vertex 17.0764 2.5 -11.71
      vertex 17.24 2.5 -11.9547
    endloop
  endfacet
  facet normal 0 1 0
    outer loop
      vertex -9.825 2.5 -3.38499
      vertex -0.517637 2.5 -28.3531
      vertex -16.8517 2.5 -11.1673
    endloop
  endfacet
  facet normal 0 1 0
    outer loop
      vertex 9.29368 2.5 -28.0542
      vertex 17.24 2.5 -11.9547
      vertex 17.434 2.5 -12.176
    endloop
  endfacet
  facet normal 0 1 0
    outer loop
      vertex -16.8517 2.5 -11.1673
      vertex -0.517637 2.5 -28.3531
      vertex -16.9463 2.5 -11.446
    endloop
  endfacet
  facet normal 0 1 0
    outer loop
      vertex 9.29368 2.5 -28.0542
      vertex 17.434 2.5 -12.176
      vertex 17.6553 2.5 -12.37
    endloop
  endfacet
  facet normal 0 1 -0
    outer loop
      vertex -0.765367 2.5 -28.4372
      vertex -16.9463 2.5 -11.446
      vertex -0.517637 2.5 -28.3531
    endloop
  endfacet
  facet normal 0 1 0
    outer loop
      vertex 9.29368 2.5 -28.0542
      vertex 17.6553 2.5 -12.37
      vertex 17.9 2.5 -12.5336
    endloop
  endfacet
  facet normal 0 1 -0
    outer loop
      vertex -8.54707 2.5 -28.5946
      vertex -16.9463 2.5 -11.446
      vertex -0.765367 2.5 -28.4372
    endloop
  endfacet
  facet normal 0 1 0
    outer loop
      vertex 17.0433 2.5 -27.9753
      vertex 17.9 2.5 -12.5336
      vertex 18.164 2.5 -12.6637
    endloop
  endfacet
  facet normal 0 1 0
    outer loop
      vertex -8.77158 2.5 -28.55
      vertex -17.0764 2.5 -11.71
      vertex -16.9463 2.5 -11.446
    endloop
  endfacet
  facet normal 0 1 0
    outer loop
      vertex 17.353 2.5 -27.8702
      vertex 18.164 2.5 -12.6637
      vertex 18.4427 2.5 -12.7583
    endloop
  endfacet
  facet normal 0 1 0
    outer loop
      vertex -17.0764 2.5 -11.71
      vertex -9 2.5 -28.535
      vertex -17.24 2.5 -11.9547
    endloop
  endfacet
  facet normal 0 1 0
    outer loop
      vertex 17.6737 2.5 -27.8064
      vertex 18.4427 2.5 -12.7583
      vertex 18.7313 2.5 -12.8158
    endloop
  endfacet
  facet normal 0 1 0
    outer loop
      vertex -17.24 2.5 -11.9547
      vertex -9 2.5 -28.535
      vertex -17.434 2.5 -12.176
    endloop
  endfacet
  facet normal 0 1 0
    outer loop
      vertex 18 2.5 -27.785
      vertex 18.7313 2.5 -12.8158
      vertex 19.025 2.5 -12.835
    endloop
  endfacet
  facet normal 0 1 -0
    outer loop
      vertex -9.45293 2.5 -28.5946
      vertex -17.434 2.5 -12.176
      vertex -9.22842 2.5 -28.55
    endloop
  endfacet
  facet normal 0 1 0
    outer loop
      vertex 18.164 2.5 21.6637
      vertex 30.225 2.5 34.785
      vertex 18.4427 2.5 21.7583
    endloop
  endfacet
  facet normal 0 1 0
    outer loop
      vertex -30.225 2.5 34.785
      vertex -18.7313 2.5 21.8158
      vertex -19.025 2.5 21.835
    endloop
  endfacet
  facet normal 0 1 0
    outer loop
      vertex 17.9 2.5 21.5336
      vertex 30.225 2.5 34.785
      vertex 18.164 2.5 21.6637
    endloop
  endfacet
  facet normal 0 1 0
    outer loop
      vertex -30.225 2.5 34.785
      vertex -18.4427 2.5 21.7583
      vertex -18.7313 2.5 21.8158
    endloop
  endfacet
  facet normal 0 1 0
    outer loop
      vertex 30.225 2.5 34.785
      vertex 17.9 2.5 21.5336
      vertex -30.225 2.5 34.785
    endloop
  endfacet
  facet normal 0 1 0
    outer loop
      vertex -30.225 2.5 34.785
      vertex -18.164 2.5 21.6637
      vertex -18.4427 2.5 21.7583
    endloop
  endfacet
  facet normal 0 1 -0
    outer loop
      vertex -17.9 2.5 21.5336
      vertex -30.225 2.5 34.785
      vertex 17.9 2.5 21.5336
    endloop
  endfacet
  facet normal 0 1 0
    outer loop
      vertex -30.225 2.5 34.785
      vertex -17.9 2.5 21.5336
      vertex -18.164 2.5 21.6637
    endloop
  endfacet
  facet normal 0 1 -0
    outer loop
      vertex 17.6553 2.5 21.37
      vertex -17.9 2.5 21.5336
      vertex 17.9 2.5 21.5336
    endloop
  endfacet
  facet normal 0 1 0
    outer loop
      vertex 17.6553 2.5 21.37
      vertex -17.6553 2.5 21.37
      vertex -17.9 2.5 21.5336
    endloop
  endfacet
  facet normal 0 1 -0
    outer loop
      vertex 17.434 2.5 21.176
      vertex -17.6553 2.5 21.37
      vertex 17.6553 2.5 21.37
    endloop
  endfacet
  facet normal 0 1 0
    outer loop
      vertex 17.434 2.5 21.176
      vertex -17.434 2.5 21.176
      vertex -17.6553 2.5 21.37
    endloop
  endfacet
  facet normal 0 1 -0
    outer loop
      vertex 17.24 2.5 20.9547
      vertex -17.434 2.5 21.176
      vertex 17.434 2.5 21.176
    endloop
  endfacet
  facet normal 0 1 0
    outer loop
      vertex 17.24 2.5 20.9547
      vertex -17.24 2.5 20.9547
      vertex -17.434 2.5 21.176
    endloop
  endfacet
  facet normal 0 1 -0
    outer loop
      vertex 17.0764 2.5 20.71
      vertex -17.24 2.5 20.9547
      vertex 17.24 2.5 20.9547
    endloop
  endfacet
  facet normal 0 1 0
    outer loop
      vertex 17.0764 2.5 20.71
      vertex -17.0764 2.5 20.71
      vertex -17.24 2.5 20.9547
    endloop
  endfacet
  facet normal 0 1 -0
    outer loop
      vertex 16.9463 2.5 20.446
      vertex -17.0764 2.5 20.71
      vertex 17.0764 2.5 20.71
    endloop
  endfacet
  facet normal 0 1 0
    outer loop
      vertex 16.9463 2.5 20.446
      vertex -16.9463 2.5 20.446
      vertex -17.0764 2.5 20.71
    endloop
  endfacet
  facet normal 0 1 0
    outer loop
      vertex 9.825 2.5 12.385
      vertex 16.9463 2.5 20.446
      vertex 16.8517 2.5 20.1673
    endloop
  endfacet
  facet normal 0 1 0
    outer loop
      vertex 16.9463 2.5 20.446
      vertex 9.825 2.5 12.385
      vertex -16.9463 2.5 20.446
    endloop
  endfacet
  facet normal 0 1 0
    outer loop
      vertex 9.825 2.5 12.385
      vertex 16.8517 2.5 20.1673
      vertex 16.7942 2.5 19.8787
    endloop
  endfacet
  facet normal 0 1 -0
    outer loop
      vertex -9.825 2.5 12.385
      vertex -16.9463 2.5 20.446
      vertex 9.825 2.5 12.385
    endloop
  endfacet
  facet normal 0 1 0
    outer loop
      vertex 9.825 2.5 12.385
      vertex 16.7942 2.5 19.8787
      vertex 16.775 2.5 19.585
    endloop
  endfacet
  facet normal 0 1 0
    outer loop
      vertex -16.9463 2.5 20.446
      vertex -9.825 2.5 12.385
      vertex -16.8517 2.5 20.1673
    endloop
  endfacet
  facet normal 0 1 0
    outer loop
      vertex 9.825 2.5 12.385
      vertex 16.775 2.5 19.585
      vertex 16.7942 2.5 19.2913
    endloop
  endfacet
  facet normal 0 1 0
    outer loop
      vertex -16.8517 2.5 20.1673
      vertex -9.825 2.5 12.385
      vertex -16.7942 2.5 19.8787
    endloop
  endfacet
  facet normal 0 1 0
    outer loop
      vertex 9.825 2.5 12.385
      vertex 16.7942 2.5 19.2913
      vertex 16.8517 2.5 19.0027
    endloop
  endfacet
  facet normal 0 1 0
    outer loop
      vertex -16.7942 2.5 19.8787
      vertex -9.825 2.5 12.385
      vertex -16.775 2.5 19.585
    endloop
  endfacet
  facet normal 0 1 0
    outer loop
      vertex 9.825 2.5 12.385
      vertex 16.8517 2.5 19.0027
      vertex 16.9463 2.5 18.724
    endloop
  endfacet
  facet normal 0 1 0
    outer loop
      vertex -16.775 2.5 19.585
      vertex -9.825 2.5 12.385
      vertex -16.7942 2.5 19.2913
    endloop
  endfacet
  facet normal 0 1 0
    outer loop
      vertex 11.072 2.5 11.9487
      vertex 16.9463 2.5 18.724
      vertex 17.0764 2.5 18.46
    endloop
  endfacet
  facet normal 0 1 0
    outer loop
      vertex -16.7942 2.5 19.2913
      vertex -9.825 2.5 12.385
      vertex -16.8517 2.5 19.0027
    endloop
  endfacet
  facet normal 0 1 0
    outer loop
      vertex 11.072 2.5 11.9487
      vertex 17.0764 2.5 18.46
      vertex 17.24 2.5 18.2153
    endloop
  endfacet
  facet normal 0 1 0
    outer loop
      vertex -16.8517 2.5 19.0027
      vertex -9.825 2.5 12.385
      vertex -16.9463 2.5 18.724
    endloop
  endfacet
  facet normal 0 1 0
    outer loop
      vertex 11.072 2.5 11.9487
      vertex 17.24 2.5 18.2153
      vertex 17.434 2.5 17.994
    endloop
  endfacet
  facet normal 0 1 0
    outer loop
      vertex -16.9463 2.5 18.724
      vertex -9.825 2.5 12.385
      vertex -17.0764 2.5 18.46
    endloop
  endfacet
  facet normal 0 1 0
    outer loop
      vertex 11.072 2.5 11.9487
      vertex 17.434 2.5 17.994
      vertex 17.6553 2.5 17.8
    endloop
  endfacet
  facet normal 0 1 -0
    outer loop
      vertex -11.3887 2.5 11.632
      vertex -17.0764 2.5 18.46
      vertex -9.825 2.5 12.385
    endloop
  endfacet
  facet normal 0 1 0
    outer loop
      vertex 11.072 2.5 11.9487
      vertex 17.6553 2.5 17.8
      vertex 17.9 2.5 17.6364
    endloop
  endfacet
  facet normal 0 1 0
    outer loop
      vertex -17.0764 2.5 18.46
      vertex -11.3887 2.5 11.632
      vertex -17.24 2.5 18.2153
    endloop
  endfacet
  facet normal 0 1 0
    outer loop
      vertex 11.825 2.5 10.385
      vertex 17.9 2.5 17.6364
      vertex 18.164 2.5 17.5063
    endloop
  endfacet
  facet normal 0 1 0
    outer loop
      vertex -17.24 2.5 18.2153
      vertex -11.3887 2.5 11.632
      vertex -17.434 2.5 17.994
    endloop
  endfacet
  facet normal 0 1 0
    outer loop
      vertex 11.825 2.5 10.385
      vertex 18.164 2.5 17.5063
      vertex 18.4427 2.5 17.4117
    endloop
  endfacet
  facet normal 0 1 0
    outer loop
      vertex -17.434 2.5 17.994
      vertex -11.3887 2.5 11.632
      vertex -17.6553 2.5 17.8
    endloop
  endfacet
  facet normal 0 1 0
    outer loop
      vertex 11.825 2.5 10.385
      vertex 18.4427 2.5 17.4117
      vertex 18.7313 2.5 17.3542
    endloop
  endfacet
  facet normal 0 1 0
    outer loop
      vertex -17.6553 2.5 17.8
      vertex -11.3887 2.5 11.632
      vertex -17.9 2.5 17.6364
    endloop
  endfacet
  facet normal 0 1 0
    outer loop
      vertex 11.825 2.5 10.385
      vertex 18.7313 2.5 17.3542
      vertex 19.025 2.5 17.335
    endloop
  endfacet
  facet normal 0 1 0
    outer loop
      vertex -17.9 2.5 17.6364
      vertex -11.3887 2.5 11.632
      vertex -18.164 2.5 17.5063
    endloop
  endfacet
  facet normal 0 1 0
    outer loop
      vertex 18.4427 2.5 21.7583
      vertex 30.225 2.5 34.785
      vertex 18.7313 2.5 21.8158
    endloop
  endfacet
  facet normal 0 1 0
    outer loop
      vertex 34.225 2.5 30.785
      vertex 30.225 2.5 34.785
      vertex 32.4973 2.5 34.0769
    endloop
  endfacet
  facet normal 0 1 0
    outer loop
      vertex 18.7313 2.5 21.8158
      vertex 30.225 2.5 34.785
      vertex 19.025 2.5 21.835
    endloop
  endfacet
  facet normal 0 1 0
    outer loop
      vertex 34.225 2.5 30.785
      vertex 32.4973 2.5 34.0769
      vertex 33.7668 2.5 32.6439
    endloop
  endfacet
  facet normal 0 1 0
    outer loop
      vertex 20.616 2.5 21.176
      vertex 30.225 2.5 34.785
      vertex 34.225 2.5 30.785
    endloop
  endfacet
  facet normal 0 1 -0
    outer loop
      vertex -19.3187 2.5 21.8158
      vertex -30.225 2.5 34.785
      vertex -19.025 2.5 21.835
    endloop
  endfacet
  facet normal 0 1 -0
    outer loop
      vertex -19.6073 2.5 21.7583
      vertex -30.225 2.5 34.785
      vertex -19.3187 2.5 21.8158
    endloop
  endfacet
  facet normal 0 1 0
    outer loop
      vertex 30.225 2.5 34.785
      vertex 19.3187 2.5 21.8158
      vertex 19.025 2.5 21.835
    endloop
  endfacet
  facet normal 0 1 0
    outer loop
      vertex 30.225 2.5 34.785
      vertex 19.6073 2.5 21.7583
      vertex 19.3187 2.5 21.8158
    endloop
  endfacet
  facet normal 0 1 0
    outer loop
      vertex 30.225 2.5 34.785
      vertex 19.886 2.5 21.6637
      vertex 19.6073 2.5 21.7583
    endloop
  endfacet
  facet normal 0 1 0
    outer loop
      vertex 30.225 2.5 34.785
      vertex 20.15 2.5 21.5336
      vertex 19.886 2.5 21.6637
    endloop
  endfacet
  facet normal 0 1 0
    outer loop
      vertex 30.225 2.5 34.785
      vertex 20.3947 2.5 21.37
      vertex 20.15 2.5 21.5336
    endloop
  endfacet
  facet normal 0 1 0
    outer loop
      vertex 30.225 2.5 34.785
      vertex 20.616 2.5 21.176
      vertex 20.3947 2.5 21.37
    endloop
  endfacet
  facet normal 0 1 0
    outer loop
      vertex 34.225 2.5 30.785
      vertex 20.81 2.5 20.9547
      vertex 20.616 2.5 21.176
    endloop
  endfacet
  facet normal 0 1 0
    outer loop
      vertex 34.225 2.5 30.785
      vertex 20.9736 2.5 20.71
      vertex 20.81 2.5 20.9547
    endloop
  endfacet
  facet normal 0 1 0
    outer loop
      vertex 34.225 2.5 30.785
      vertex 21.1037 2.5 20.446
      vertex 20.9736 2.5 20.71
    endloop
  endfacet
  facet normal 0 1 0
    outer loop
      vertex 34.225 2.5 30.785
      vertex 21.1983 2.5 20.1673
      vertex 21.1037 2.5 20.446
    endloop
  endfacet
  facet normal 0 1 0
    outer loop
      vertex 34.225 2.5 30.785
      vertex 21.2558 2.5 19.8787
      vertex 21.1983 2.5 20.1673
    endloop
  endfacet
  facet normal 0 1 0
    outer loop
      vertex 34.225 2.5 30.785
      vertex 21.275 2.5 19.585
      vertex 21.2558 2.5 19.8787
    endloop
  endfacet
  facet normal 0 1 0
    outer loop
      vertex 34.225 2.5 30.785
      vertex 21.2558 2.5 19.2913
      vertex 21.275 2.5 19.585
    endloop
  endfacet
  facet normal 0 1 0
    outer loop
      vertex 34.225 2.5 30.785
      vertex 21.1983 2.5 19.0027
      vertex 21.2558 2.5 19.2913
    endloop
  endfacet
  facet normal 0 1 0
    outer loop
      vertex 34.225 2.5 30.785
      vertex 21.1037 2.5 18.724
      vertex 21.1983 2.5 19.0027
    endloop
  endfacet
  facet normal 0 1 0
    outer loop
      vertex 34.225 2.5 30.785
      vertex 20.9736 2.5 18.46
      vertex 21.1037 2.5 18.724
    endloop
  endfacet
  facet normal 0 1 0
    outer loop
      vertex 20.9736 2.5 -9.46
      vertex 20.9736 2.5 18.46
      vertex 34.225 2.5 30.785
    endloop
  endfacet
  facet normal 0 1 0
    outer loop
      vertex 20.9736 2.5 18.46
      vertex 20.9736 2.5 -9.46
      vertex 20.81 2.5 18.2153
    endloop
  endfacet
  facet normal 0 1 -0
    outer loop
      vertex -11.825 2.5 10.385
      vertex -18.164 2.5 17.5063
      vertex -11.3887 2.5 11.632
    endloop
  endfacet
  facet normal 0 1 0
    outer loop
      vertex 11.825 2.5 10.385
      vertex 19.025 2.5 17.335
      vertex 19.3187 2.5 17.3542
    endloop
  endfacet
  facet normal 0 1 0
    outer loop
      vertex 11.825 2.5 10.385
      vertex 19.3187 2.5 17.3542
      vertex 19.6073 2.5 17.4117
    endloop
  endfacet
  facet normal 0 1 0
    outer loop
      vertex 11.825 2.5 10.385
      vertex 19.6073 2.5 17.4117
      vertex 19.886 2.5 17.5063
    endloop
  endfacet
  facet normal 0 1 0
    outer loop
      vertex 19.886 2.5 -8.50627
      vertex 19.886 2.5 17.5063
      vertex 20.15 2.5 17.6364
    endloop
  endfacet
  facet normal 0 1 0
    outer loop
      vertex 16.9463 2.5 18.724
      vertex 11.072 2.5 11.9487
      vertex 9.825 2.5 12.385
    endloop
  endfacet
  facet normal 0 1 0
    outer loop
      vertex 17.9 2.5 17.6364
      vertex 11.825 2.5 10.385
      vertex 11.072 2.5 11.9487
    endloop
  endfacet
  facet normal 0 1 0
    outer loop
      vertex 20.15 2.5 -8.63644
      vertex 20.15 2.5 17.6364
      vertex 20.3947 2.5 17.8
    endloop
  endfacet
  facet normal 0 1 0
    outer loop
      vertex 19.886 2.5 17.5063
      vertex 11.825 2.5 -1.38499
      vertex 11.825 2.5 10.385
    endloop
  endfacet
  facet normal 0 1 0
    outer loop
      vertex 20.3947 2.5 -8.79995
      vertex 20.3947 2.5 17.8
      vertex 20.616 2.5 17.994
    endloop
  endfacet
  facet normal -0 1 0
    outer loop
      vertex 20.81 2.5 -9.21529
      vertex 20.81 2.5 18.2153
      vertex 20.9736 2.5 -9.46
    endloop
  endfacet
  facet normal 0 1 0
    outer loop
      vertex 19.886 2.5 17.5063
      vertex 19.886 2.5 -8.50627
      vertex 11.825 2.5 -1.38499
    endloop
  endfacet
  facet normal 0 1 -0
    outer loop
      vertex 18.164 2.5 -8.50627
      vertex 11.825 2.5 -1.38499
      vertex 18.4427 2.5 -8.41167
    endloop
  endfacet
  facet normal 0 1 -0
    outer loop
      vertex 18.4427 2.5 -8.41167
      vertex 11.825 2.5 -1.38499
      vertex 18.7313 2.5 -8.35425
    endloop
  endfacet
  facet normal -0 1 -0
    outer loop
      vertex 19.6073 2.5 -8.41167
      vertex 11.825 2.5 -1.38499
      vertex 19.886 2.5 -8.50627
    endloop
  endfacet
  facet normal 0 1 -0
    outer loop
      vertex 18.7313 2.5 -8.35425
      vertex 11.825 2.5 -1.38499
      vertex 19.025 2.5 -8.335
    endloop
  endfacet
  facet normal -0 1 -0
    outer loop
      vertex 19.025 2.5 -8.335
      vertex 11.825 2.5 -1.38499
      vertex 19.3187 2.5 -8.35425
    endloop
  endfacet
  facet normal -0 1 -0
    outer loop
      vertex 19.3187 2.5 -8.35425
      vertex 11.825 2.5 -1.38499
      vertex 19.6073 2.5 -8.41167
    endloop
  endfacet
  facet normal 0 1 0
    outer loop
      vertex 20.15 2.5 17.6364
      vertex 20.15 2.5 -8.63644
      vertex 19.886 2.5 -8.50627
    endloop
  endfacet
  facet normal 0 1 0
    outer loop
      vertex 20.3947 2.5 17.8
      vertex 20.3947 2.5 -8.79995
      vertex 20.15 2.5 -8.63644
    endloop
  endfacet
  facet normal 0 1 0
    outer loop
      vertex 20.616 2.5 17.994
      vertex 20.616 2.5 -8.99401
      vertex 20.3947 2.5 -8.79995
    endloop
  endfacet
  facet normal 0 1 0
    outer loop
      vertex 20.616 2.5 17.994
      vertex 20.81 2.5 -9.21529
      vertex 20.616 2.5 -8.99401
    endloop
  endfacet
  facet normal 0 1 0
    outer loop
      vertex 20.81 2.5 18.2153
      vertex 20.81 2.5 -9.21529
      vertex 20.616 2.5 17.994
    endloop
  endfacet
  facet normal 0 1 0
    outer loop
      vertex 34.225 2.5 30.785
      vertex 21.1037 2.5 -9.72396
      vertex 20.9736 2.5 -9.46
    endloop
  endfacet
  facet normal 0 1 0
    outer loop
      vertex 34.225 2.5 30.785
      vertex 21.1983 2.5 -10.0027
      vertex 21.1037 2.5 -9.72396
    endloop
  endfacet
  facet normal 0 1 -0
    outer loop
      vertex 34.225 2.5 -30.785
      vertex 21.1983 2.5 -10.0027
      vertex 34.225 2.5 30.785
    endloop
  endfacet
  facet normal 0 1 0
    outer loop
      vertex 21.1983 2.5 -10.0027
      vertex 34.225 2.5 -30.785
      vertex 21.2558 2.5 -10.2913
    endloop
  endfacet
  facet normal 0 1 0
    outer loop
      vertex 21.2558 2.5 -10.2913
      vertex 34.225 2.5 -30.785
      vertex 21.275 2.5 -10.585
    endloop
  endfacet
  facet normal 0 1 0
    outer loop
      vertex 21.275 2.5 -10.585
      vertex 34.225 2.5 -30.785
      vertex 21.2558 2.5 -10.8787
    endloop
  endfacet
  facet normal 0 1 0
    outer loop
      vertex 18.7313 2.5 -12.8158
      vertex 18 2.5 -27.785
      vertex 17.6737 2.5 -27.8064
    endloop
  endfacet
  facet normal 0 1 0
    outer loop
      vertex 18.3263 2.5 -27.8064
      vertex 19.025 2.5 -12.835
      vertex 19.3187 2.5 -12.8158
    endloop
  endfacet
  facet normal 0 1 0
    outer loop
      vertex 18.647 2.5 -27.8702
      vertex 19.3187 2.5 -12.8158
      vertex 19.6073 2.5 -12.7583
    endloop
  endfacet
  facet normal 0 1 0
    outer loop
      vertex 18.9567 2.5 -27.9753
      vertex 19.6073 2.5 -12.7583
      vertex 19.886 2.5 -12.6637
    endloop
  endfacet
  facet normal 0 1 0
    outer loop
      vertex 19.25 2.5 -28.1199
      vertex 19.886 2.5 -12.6637
      vertex 20.15 2.5 -12.5336
    endloop
  endfacet
  facet normal 0 1 0
    outer loop
      vertex 19.5219 2.5 -28.3016
      vertex 20.15 2.5 -12.5336
      vertex 20.3947 2.5 -12.37
    endloop
  endfacet
  facet normal 0 1 0
    outer loop
      vertex 19.7678 2.5 -28.5172
      vertex 20.3947 2.5 -12.37
      vertex 20.616 2.5 -12.176
    endloop
  endfacet
  facet normal 0 1 0
    outer loop
      vertex 34.225 2.5 -30.785
      vertex 20.616 2.5 -12.176
      vertex 20.81 2.5 -11.9547
    endloop
  endfacet
  facet normal 0 1 0
    outer loop
      vertex 34.225 2.5 -30.785
      vertex 20.81 2.5 -11.9547
      vertex 20.9736 2.5 -11.71
    endloop
  endfacet
  facet normal 0 1 0
    outer loop
      vertex 34.225 2.5 -30.785
      vertex 20.9736 2.5 -11.71
      vertex 21.1037 2.5 -11.446
    endloop
  endfacet
  facet normal 0 1 0
    outer loop
      vertex 34.225 2.5 -30.785
      vertex 21.1037 2.5 -11.446
      vertex 21.1983 2.5 -11.1673
    endloop
  endfacet
  facet normal 0 1 0
    outer loop
      vertex 21.2558 2.5 -10.8787
      vertex 34.225 2.5 -30.785
      vertex 21.1983 2.5 -11.1673
    endloop
  endfacet
  facet normal 0 1 0
    outer loop
      vertex 19.025 2.5 -12.835
      vertex 18.3263 2.5 -27.8064
      vertex 18 2.5 -27.785
    endloop
  endfacet
  facet normal 0 1 0
    outer loop
      vertex 19.3187 2.5 -12.8158
      vertex 18.647 2.5 -27.8702
      vertex 18.3263 2.5 -27.8064
    endloop
  endfacet
  facet normal 0 1 0
    outer loop
      vertex 19.6073 2.5 -12.7583
      vertex 18.9567 2.5 -27.9753
      vertex 18.647 2.5 -27.8702
    endloop
  endfacet
  facet normal 0 1 0
    outer loop
      vertex 20.616 2.5 -12.176
      vertex 34.225 2.5 -30.785
      vertex 19.7678 2.5 -28.5172
    endloop
  endfacet
  facet normal 0 1 0
    outer loop
      vertex 19.886 2.5 -12.6637
      vertex 19.25 2.5 -28.1199
      vertex 18.9567 2.5 -27.9753
    endloop
  endfacet
  facet normal 0 1 0
    outer loop
      vertex 20.15 2.5 -12.5336
      vertex 19.5219 2.5 -28.3016
      vertex 19.25 2.5 -28.1199
    endloop
  endfacet
  facet normal 0 1 0
    outer loop
      vertex 20.3947 2.5 -12.37
      vertex 19.7678 2.5 -28.5172
      vertex 19.5219 2.5 -28.3016
    endloop
  endfacet
  facet normal 0 1 0
    outer loop
      vertex 19.7678 2.5 -28.5172
      vertex 34.225 2.5 -30.785
      vertex 19.9834 2.5 -28.7631
    endloop
  endfacet
  facet normal 0 1 0
    outer loop
      vertex 19.9834 2.5 -28.7631
      vertex 34.225 2.5 -30.785
      vertex 20.1651 2.5 -29.035
    endloop
  endfacet
  facet normal 0 1 0
    outer loop
      vertex 20.1651 2.5 -29.035
      vertex 34.225 2.5 -30.785
      vertex 20.3097 2.5 -29.3283
    endloop
  endfacet
  facet normal 0 1 0
    outer loop
      vertex 20.3097 2.5 -29.3283
      vertex 34.225 2.5 -30.785
      vertex 20.4148 2.5 -29.638
    endloop
  endfacet
  facet normal 0 1 -0
    outer loop
      vertex 30.225 2.5 -34.785
      vertex 20.4148 2.5 -29.638
      vertex 34.225 2.5 -30.785
    endloop
  endfacet
  facet normal 0 1 0
    outer loop
      vertex 20.4148 2.5 -29.638
      vertex 30.225 2.5 -34.785
      vertex 20.4786 2.5 -29.9587
    endloop
  endfacet
  facet normal 0 1 0
    outer loop
      vertex 20.4786 2.5 -29.9587
      vertex 30.225 2.5 -34.785
      vertex 20.5 2.5 -30.285
    endloop
  endfacet
  facet normal 0 1 0
    outer loop
      vertex 20.5 2.5 -30.285
      vertex 30.225 2.5 -34.785
      vertex 20.4786 2.5 -30.6113
    endloop
  endfacet
  facet normal 0 1 0
    outer loop
      vertex 20.4786 2.5 -30.6113
      vertex 30.225 2.5 -34.785
      vertex 20.4148 2.5 -30.932
    endloop
  endfacet
  facet normal 0 1 0
    outer loop
      vertex 20.4148 2.5 -30.932
      vertex 30.225 2.5 -34.785
      vertex 20.3097 2.5 -31.2417
    endloop
  endfacet
  facet normal 0 1 0
    outer loop
      vertex 20.3097 2.5 -31.2417
      vertex 30.225 2.5 -34.785
      vertex 20.1651 2.5 -31.535
    endloop
  endfacet
  facet normal 0 1 0
    outer loop
      vertex 20.1651 2.5 -31.535
      vertex 30.225 2.5 -34.785
      vertex 19.9834 2.5 -31.8069
    endloop
  endfacet
  facet normal 0 1 0
    outer loop
      vertex 19.9834 2.5 -31.8069
      vertex 30.225 2.5 -34.785
      vertex 19.7678 2.5 -32.0528
    endloop
  endfacet
  facet normal 0 1 0
    outer loop
      vertex 19.7678 2.5 -32.0528
      vertex 30.225 2.5 -34.785
      vertex 19.5219 2.5 -32.2684
    endloop
  endfacet
  facet normal 0 1 0
    outer loop
      vertex 19.5219 2.5 -32.2684
      vertex 30.225 2.5 -34.785
      vertex 19.25 2.5 -32.4501
    endloop
  endfacet
  facet normal 0 1 0
    outer loop
      vertex 19.25 2.5 -32.4501
      vertex 30.225 2.5 -34.785
      vertex 18.9567 2.5 -32.5947
    endloop
  endfacet
  facet normal 0 1 0
    outer loop
      vertex 18.9567 2.5 -32.5947
      vertex 30.225 2.5 -34.785
      vertex 18.647 2.5 -32.6998
    endloop
  endfacet
  facet normal 0 1 0
    outer loop
      vertex 18.647 2.5 -32.6998
      vertex 30.225 2.5 -34.785
      vertex 18.3263 2.5 -32.7636
    endloop
  endfacet
  facet normal 0 1 0
    outer loop
      vertex 30.225 2.5 -34.785
      vertex 34.225 2.5 -30.785
      vertex 33.5169 2.5 -33.0573
    endloop
  endfacet
  facet normal 0 1 -0
    outer loop
      vertex -19.886 2.5 21.6637
      vertex -30.225 2.5 34.785
      vertex -19.6073 2.5 21.7583
    endloop
  endfacet
  facet normal 0 1 -0
    outer loop
      vertex -20.15 2.5 21.5336
      vertex -30.225 2.5 34.785
      vertex -19.886 2.5 21.6637
    endloop
  endfacet
  facet normal 0 1 -0
    outer loop
      vertex -20.3947 2.5 21.37
      vertex -30.225 2.5 34.785
      vertex -20.15 2.5 21.5336
    endloop
  endfacet
  facet normal 0 1 -0
    outer loop
      vertex -20.616 2.5 21.176
      vertex -30.225 2.5 34.785
      vertex -20.3947 2.5 21.37
    endloop
  endfacet
  facet normal 0 1 0
    outer loop
      vertex -32.0839 2.5 34.3268
      vertex -34.225 2.5 30.785
      vertex -33.5169 2.5 33.0573
    endloop
  endfacet
  facet normal 0 1 0
    outer loop
      vertex -30.225 2.5 34.785
      vertex -34.225 2.5 30.785
      vertex -32.0839 2.5 34.3268
    endloop
  endfacet
  facet normal 0 1 0
    outer loop
      vertex -30.225 2.5 34.785
      vertex -20.616 2.5 21.176
      vertex -34.225 2.5 30.785
    endloop
  endfacet
  facet normal 0 1 -0
    outer loop
      vertex -20.81 2.5 20.9547
      vertex -34.225 2.5 30.785
      vertex -20.616 2.5 21.176
    endloop
  endfacet
  facet normal 0 1 -0
    outer loop
      vertex -20.9736 2.5 20.71
      vertex -34.225 2.5 30.785
      vertex -20.81 2.5 20.9547
    endloop
  endfacet
  facet normal 0 1 -0
    outer loop
      vertex -21.1037 2.5 20.446
      vertex -34.225 2.5 30.785
      vertex -20.9736 2.5 20.71
    endloop
  endfacet
  facet normal 0 1 -0
    outer loop
      vertex -21.1983 2.5 20.1673
      vertex -34.225 2.5 30.785
      vertex -21.1037 2.5 20.446
    endloop
  endfacet
  facet normal 0 1 -0
    outer loop
      vertex -21.2558 2.5 19.8787
      vertex -34.225 2.5 30.785
      vertex -21.1983 2.5 20.1673
    endloop
  endfacet
  facet normal 0 1 -0
    outer loop
      vertex -21.275 2.5 19.585
      vertex -34.225 2.5 30.785
      vertex -21.2558 2.5 19.8787
    endloop
  endfacet
  facet normal 0 1 0
    outer loop
      vertex -21.2558 2.5 19.2913
      vertex -34.225 2.5 30.785
      vertex -21.275 2.5 19.585
    endloop
  endfacet
  facet normal 0 1 0
    outer loop
      vertex -21.1983 2.5 19.0027
      vertex -34.225 2.5 30.785
      vertex -21.2558 2.5 19.2913
    endloop
  endfacet
  facet normal 0 1 0
    outer loop
      vertex -21.1037 2.5 18.724
      vertex -34.225 2.5 30.785
      vertex -21.1983 2.5 19.0027
    endloop
  endfacet
  facet normal 0 1 0
    outer loop
      vertex -20.9736 2.5 18.46
      vertex -34.225 2.5 30.785
      vertex -21.1037 2.5 18.724
    endloop
  endfacet
  facet normal 0 1 0
    outer loop
      vertex -20.9736 2.5 -9.46
      vertex -20.9736 2.5 18.46
      vertex -20.81 2.5 18.2153
    endloop
  endfacet
  facet normal 0 1 0
    outer loop
      vertex -20.81 2.5 -9.21529
      vertex -20.81 2.5 18.2153
      vertex -20.616 2.5 17.994
    endloop
  endfacet
  facet normal 0 1 0
    outer loop
      vertex -18.164 2.5 17.5063
      vertex -11.825 2.5 10.385
      vertex -18.4427 2.5 17.4117
    endloop
  endfacet
  facet normal 0 1 0
    outer loop
      vertex -18.4427 2.5 17.4117
      vertex -11.825 2.5 10.385
      vertex -18.7313 2.5 17.3542
    endloop
  endfacet
  facet normal 0 1 0
    outer loop
      vertex -18.7313 2.5 17.3542
      vertex -11.825 2.5 10.385
      vertex -19.025 2.5 17.335
    endloop
  endfacet
  facet normal 0 1 0
    outer loop
      vertex -19.025 2.5 17.335
      vertex -11.825 2.5 10.385
      vertex -19.3187 2.5 17.3542
    endloop
  endfacet
  facet normal 0 1 0
    outer loop
      vertex -19.3187 2.5 17.3542
      vertex -11.825 2.5 10.385
      vertex -19.6073 2.5 17.4117
    endloop
  endfacet
  facet normal 0 1 0
    outer loop
      vertex -19.6073 2.5 17.4117
      vertex -11.825 2.5 10.385
      vertex -19.886 2.5 17.5063
    endloop
  endfacet
  facet normal 0 1 -0
    outer loop
      vertex -11.825 2.5 -1.38499
      vertex -19.886 2.5 17.5063
      vertex -11.825 2.5 10.385
    endloop
  endfacet
  facet normal 0 1 0
    outer loop
      vertex -19.886 2.5 -8.50627
      vertex -19.886 2.5 17.5063
      vertex -11.825 2.5 -1.38499
    endloop
  endfacet
  facet normal 0 1 0
    outer loop
      vertex -19.886 2.5 17.5063
      vertex -19.886 2.5 -8.50627
      vertex -20.15 2.5 17.6364
    endloop
  endfacet
  facet normal 0 1 0
    outer loop
      vertex -20.15 2.5 -8.63644
      vertex -20.15 2.5 17.6364
      vertex -19.886 2.5 -8.50627
    endloop
  endfacet
  facet normal 0 1 0
    outer loop
      vertex -20.15 2.5 17.6364
      vertex -20.15 2.5 -8.63644
      vertex -20.3947 2.5 17.8
    endloop
  endfacet
  facet normal 0 1 0
    outer loop
      vertex -19.025 2.5 -8.335
      vertex -11.825 2.5 -1.38499
      vertex -11.072 2.5 -2.94865
    endloop
  endfacet
  facet normal 0 1 0
    outer loop
      vertex 11.825 2.5 -1.38499
      vertex 18.164 2.5 -8.50627
      vertex 11.3887 2.5 -2.63197
    endloop
  endfacet
  facet normal 0 1 0
    outer loop
      vertex -19.025 2.5 -8.335
      vertex -11.072 2.5 -2.94865
      vertex -9.825 2.5 -3.38499
    endloop
  endfacet
  facet normal 0 1 0
    outer loop
      vertex -11.825 2.5 -1.38499
      vertex -19.025 2.5 -8.335
      vertex -19.3187 2.5 -8.35425
    endloop
  endfacet
  facet normal 0 1 0
    outer loop
      vertex -11.825 2.5 -1.38499
      vertex -19.3187 2.5 -8.35425
      vertex -19.6073 2.5 -8.41167
    endloop
  endfacet
  facet normal 0 1 0
    outer loop
      vertex -19.886 2.5 -8.50627
      vertex -11.825 2.5 -1.38499
      vertex -19.6073 2.5 -8.41167
    endloop
  endfacet
  facet normal 0 1 0
    outer loop
      vertex -20.3947 2.5 -8.79995
      vertex -20.3947 2.5 17.8
      vertex -20.15 2.5 -8.63644
    endloop
  endfacet
  facet normal 0 1 0
    outer loop
      vertex -20.3947 2.5 17.8
      vertex -20.3947 2.5 -8.79995
      vertex -20.616 2.5 17.994
    endloop
  endfacet
  facet normal 0 1 0
    outer loop
      vertex -20.616 2.5 -8.99401
      vertex -20.616 2.5 17.994
      vertex -20.3947 2.5 -8.79995
    endloop
  endfacet
  facet normal 0 1 0
    outer loop
      vertex -20.81 2.5 -9.21529
      vertex -20.616 2.5 17.994
      vertex -20.616 2.5 -8.99401
    endloop
  endfacet
  facet normal 0 1 0
    outer loop
      vertex -20.81 2.5 18.2153
      vertex -20.81 2.5 -9.21529
      vertex -20.9736 2.5 -9.46
    endloop
  endfacet
  facet normal 0 1 0
    outer loop
      vertex -20.9736 2.5 18.46
      vertex -20.9736 2.5 -9.46
      vertex -34.225 2.5 30.785
    endloop
  endfacet
  facet normal 0 1 -0
    outer loop
      vertex -21.1037 2.5 -9.72396
      vertex -34.225 2.5 30.785
      vertex -20.9736 2.5 -9.46
    endloop
  endfacet
  facet normal 0 1 -0
    outer loop
      vertex -21.1983 2.5 -10.0027
      vertex -34.225 2.5 30.785
      vertex -21.1037 2.5 -9.72396
    endloop
  endfacet
  facet normal 0 1 0
    outer loop
      vertex -34.225 2.5 -30.785
      vertex -21.1983 2.5 -10.0027
      vertex -21.2558 2.5 -10.2913
    endloop
  endfacet
  facet normal 0 1 0
    outer loop
      vertex -34.225 2.5 -30.785
      vertex -21.2558 2.5 -10.2913
      vertex -21.275 2.5 -10.585
    endloop
  endfacet
  facet normal 0 1 0
    outer loop
      vertex -34.225 2.5 -30.785
      vertex -21.275 2.5 -10.585
      vertex -21.2558 2.5 -10.8787
    endloop
  endfacet
  facet normal 0 1 0
    outer loop
      vertex -34.225 2.5 -30.785
      vertex -21.2558 2.5 -10.8787
      vertex -21.1983 2.5 -11.1673
    endloop
  endfacet
  facet normal 0 1 0
    outer loop
      vertex 18.4427 2.5 -12.7583
      vertex 17.6737 2.5 -27.8064
      vertex 17.353 2.5 -27.8702
    endloop
  endfacet
  facet normal 0 1 0
    outer loop
      vertex 17.0764 2.5 -11.71
      vertex 9 2.5 -28.035
      vertex 8.70632 2.5 -28.0542
    endloop
  endfacet
  facet normal 0 1 0
    outer loop
      vertex 16.9463 2.5 -11.446
      vertex 8.70632 2.5 -28.0542
      vertex 8.41766 2.5 -28.1117
    endloop
  endfacet
  facet normal 0 1 0
    outer loop
      vertex 0.261052 2.5 -28.3021
      vertex 9.825 2.5 -3.38499
      vertex 8.41766 2.5 -28.1117
    endloop
  endfacet
  facet normal 0 1 0
    outer loop
      vertex 18.164 2.5 -12.6637
      vertex 17.353 2.5 -27.8702
      vertex 17.0433 2.5 -27.9753
    endloop
  endfacet
  facet normal 0 1 0
    outer loop
      vertex 9.86104 2.5 -28.2063
      vertex 17.9 2.5 -12.5336
      vertex 17.0433 2.5 -27.9753
    endloop
  endfacet
  facet normal 0 1 0
    outer loop
      vertex -17.434 2.5 -12.176
      vertex -9.45293 2.5 -28.5946
      vertex -17.6553 2.5 -12.37
    endloop
  endfacet
  facet normal 0 1 -0
    outer loop
      vertex -9.6697 2.5 -28.6682
      vertex -17.6553 2.5 -12.37
      vertex -9.45293 2.5 -28.5946
    endloop
  endfacet
  facet normal 0 1 0
    outer loop
      vertex -17.6553 2.5 -12.37
      vertex -9.6697 2.5 -28.6682
      vertex -17.9 2.5 -12.5336
    endloop
  endfacet
  facet normal 0 1 -0
    outer loop
      vertex -9.875 2.5 -28.7695
      vertex -17.9 2.5 -12.5336
      vertex -9.6697 2.5 -28.6682
    endloop
  endfacet
  facet normal 0 1 0
    outer loop
      vertex 0.517637 2.5 -28.3531
      vertex 8.41766 2.5 -28.1117
      vertex 8.13896 2.5 -28.2063
    endloop
  endfacet
  facet normal 0 1 -0
    outer loop
      vertex -17.426 2.5 -28.8992
      vertex -17.9 2.5 -12.5336
      vertex -9.875 2.5 -28.7695
    endloop
  endfacet
  facet normal 0 1 0
    outer loop
      vertex -17.9 2.5 -12.5336
      vertex -17.8042 2.5 -28.7978
      vertex -18.164 2.5 -12.6637
    endloop
  endfacet
  facet normal 0 1 0
    outer loop
      vertex -17.8042 2.5 -28.7978
      vertex -18.4427 2.5 -12.7583
      vertex -18.164 2.5 -12.6637
    endloop
  endfacet
  facet normal 0 1 0
    outer loop
      vertex -17.8042 2.5 -28.7978
      vertex -18.7313 2.5 -12.8158
      vertex -18.4427 2.5 -12.7583
    endloop
  endfacet
  facet normal 0 1 -0
    outer loop
      vertex -9.22842 2.5 -28.55
      vertex -17.434 2.5 -12.176
      vertex -9 2.5 -28.535
    endloop
  endfacet
  facet normal 0 1 -0
    outer loop
      vertex -18.1958 2.5 -28.7978
      vertex -19.025 2.5 -12.835
      vertex -18 2.5 -28.785
    endloop
  endfacet
  facet normal 0 1 0
    outer loop
      vertex -19.025 2.5 -12.835
      vertex -18.1958 2.5 -28.7978
      vertex -19.3187 2.5 -12.8158
    endloop
  endfacet
  facet normal 0 1 -0
    outer loop
      vertex -18.3882 2.5 -28.8361
      vertex -19.3187 2.5 -12.8158
      vertex -18.1958 2.5 -28.7978
    endloop
  endfacet
  facet normal 0 1 0
    outer loop
      vertex -19.3187 2.5 -12.8158
      vertex -18.3882 2.5 -28.8361
      vertex -19.6073 2.5 -12.7583
    endloop
  endfacet
  facet normal 0 1 -0
    outer loop
      vertex -18.574 2.5 -28.8992
      vertex -19.6073 2.5 -12.7583
      vertex -18.3882 2.5 -28.8361
    endloop
  endfacet
  facet normal 0 1 0
    outer loop
      vertex -19.6073 2.5 -12.7583
      vertex -18.574 2.5 -28.8992
      vertex -19.886 2.5 -12.6637
    endloop
  endfacet
  facet normal 0 1 -0
    outer loop
      vertex -18.75 2.5 -28.986
      vertex -19.886 2.5 -12.6637
      vertex -18.574 2.5 -28.8992
    endloop
  endfacet
  facet normal 0 1 0
    outer loop
      vertex -18.7313 2.5 -12.8158
      vertex -18 2.5 -28.785
      vertex -19.025 2.5 -12.835
    endloop
  endfacet
  facet normal 0 1 -0
    outer loop
      vertex -18.9131 2.5 -29.095
      vertex -19.886 2.5 -12.6637
      vertex -18.75 2.5 -28.986
    endloop
  endfacet
  facet normal 0 1 0
    outer loop
      vertex -19.886 2.5 -12.6637
      vertex -18.9131 2.5 -29.095
      vertex -20.15 2.5 -12.5336
    endloop
  endfacet
  facet normal 0 1 -0
    outer loop
      vertex -19.0607 2.5 -29.2243
      vertex -20.15 2.5 -12.5336
      vertex -18.9131 2.5 -29.095
    endloop
  endfacet
  facet normal 0 1 0
    outer loop
      vertex -20.15 2.5 -12.5336
      vertex -19.0607 2.5 -29.2243
      vertex -20.3947 2.5 -12.37
    endloop
  endfacet
  facet normal 0 1 0
    outer loop
      vertex -34.225 2.5 -30.785
      vertex -20.3947 2.5 -12.37
      vertex -19.0607 2.5 -29.2243
    endloop
  endfacet
  facet normal 0 1 0
    outer loop
      vertex -20.3947 2.5 -12.37
      vertex -34.225 2.5 -30.785
      vertex -20.616 2.5 -12.176
    endloop
  endfacet
  facet normal 0 1 0
    outer loop
      vertex -20.616 2.5 -12.176
      vertex -34.225 2.5 -30.785
      vertex -20.81 2.5 -11.9547
    endloop
  endfacet
  facet normal 0 1 0
    outer loop
      vertex -20.81 2.5 -11.9547
      vertex -34.225 2.5 -30.785
      vertex -20.9736 2.5 -11.71
    endloop
  endfacet
  facet normal 0 1 0
    outer loop
      vertex -20.9736 2.5 -11.71
      vertex -34.225 2.5 -30.785
      vertex -21.1037 2.5 -11.446
    endloop
  endfacet
  facet normal 0 1 0
    outer loop
      vertex -21.1037 2.5 -11.446
      vertex -34.225 2.5 -30.785
      vertex -21.1983 2.5 -11.1673
    endloop
  endfacet
  facet normal 0 1 0
    outer loop
      vertex -34.225 2.5 -30.785
      vertex -19.0607 2.5 -29.2243
      vertex -19.19 2.5 -29.3719
    endloop
  endfacet
  facet normal 0 1 0
    outer loop
      vertex -34.225 2.5 -30.785
      vertex -19.19 2.5 -29.3719
      vertex -19.299 2.5 -29.535
    endloop
  endfacet
  facet normal 0 1 0
    outer loop
      vertex -34.225 2.5 -30.785
      vertex -19.299 2.5 -29.535
      vertex -19.3858 2.5 -29.711
    endloop
  endfacet
  facet normal 0 1 0
    outer loop
      vertex -34.225 2.5 -30.785
      vertex -19.3858 2.5 -29.711
      vertex -19.4489 2.5 -29.8968
    endloop
  endfacet
  facet normal 0 1 0
    outer loop
      vertex -30.225 2.5 -34.785
      vertex -19.4489 2.5 -29.8968
      vertex -19.4872 2.5 -30.0892
    endloop
  endfacet
  facet normal 0 1 0
    outer loop
      vertex -30.225 2.5 -34.785
      vertex -19.4872 2.5 -30.0892
      vertex -19.5 2.5 -30.285
    endloop
  endfacet
  facet normal 0 1 0
    outer loop
      vertex -30.225 2.5 -34.785
      vertex -19.5 2.5 -30.285
      vertex -19.4872 2.5 -30.4808
    endloop
  endfacet
  facet normal 0 1 0
    outer loop
      vertex -30.225 2.5 -34.785
      vertex -19.4872 2.5 -30.4808
      vertex -19.4489 2.5 -30.6732
    endloop
  endfacet
  facet normal 0 1 0
    outer loop
      vertex -21.1983 2.5 -10.0027
      vertex -34.225 2.5 -30.785
      vertex -34.225 2.5 30.785
    endloop
  endfacet
  facet normal 0 1 0
    outer loop
      vertex -30.225 2.5 -34.785
      vertex -19.4489 2.5 -30.6732
      vertex -19.3858 2.5 -30.859
    endloop
  endfacet
  facet normal 0 1 0
    outer loop
      vertex -30.225 2.5 -34.785
      vertex -19.3858 2.5 -30.859
      vertex -19.299 2.5 -31.035
    endloop
  endfacet
  facet normal 0 1 0
    outer loop
      vertex -30.225 2.5 -34.785
      vertex -19.299 2.5 -31.035
      vertex -19.19 2.5 -31.1981
    endloop
  endfacet
  facet normal 0 1 0
    outer loop
      vertex -30.225 2.5 -34.785
      vertex -19.19 2.5 -31.1981
      vertex -19.0607 2.5 -31.3457
    endloop
  endfacet
  facet normal 0 1 0
    outer loop
      vertex -30.225 2.5 -34.785
      vertex -19.0607 2.5 -31.3457
      vertex -18.9131 2.5 -31.475
    endloop
  endfacet
  facet normal 0 1 0
    outer loop
      vertex -30.225 2.5 -34.785
      vertex -18.9131 2.5 -31.475
      vertex -18.75 2.5 -31.584
    endloop
  endfacet
  facet normal 0 1 0
    outer loop
      vertex -30.225 2.5 -34.785
      vertex -18.75 2.5 -31.584
      vertex -18.574 2.5 -31.6708
    endloop
  endfacet
  facet normal 0 1 0
    outer loop
      vertex -30.225 2.5 -34.785
      vertex -18.574 2.5 -31.6708
      vertex -18.3882 2.5 -31.7339
    endloop
  endfacet
  facet normal 0 1 0
    outer loop
      vertex -30.225 2.5 -34.785
      vertex -18.3882 2.5 -31.7339
      vertex -18.1958 2.5 -31.7722
    endloop
  endfacet
  facet normal 0 1 0
    outer loop
      vertex -30.225 2.5 -34.785
      vertex -18.1958 2.5 -31.7722
      vertex -18 2.5 -31.785
    endloop
  endfacet
  facet normal 0 1 0
    outer loop
      vertex -17.6118 2.5 -31.7339
      vertex -9.45293 2.5 -31.9754
      vertex -17.8042 2.5 -31.7722
    endloop
  endfacet
  facet normal 0 1 0
    outer loop
      vertex -9.22842 2.5 -32.02
      vertex -17.8042 2.5 -31.7722
      vertex -9.45293 2.5 -31.9754
    endloop
  endfacet
  facet normal 0 1 0
    outer loop
      vertex -30.225 2.5 -34.785
      vertex -17.8042 2.5 -31.7722
      vertex -9.22842 2.5 -32.02
    endloop
  endfacet
  facet normal 0 1 0
    outer loop
      vertex -30.225 2.5 -34.785
      vertex -9.22842 2.5 -32.02
      vertex -9 2.5 -32.035
    endloop
  endfacet
  facet normal 0 1 0
    outer loop
      vertex -0.261052 2.5 -32.2679
      vertex -8.77158 2.5 -32.02
      vertex -0.517637 2.5 -32.2169
    endloop
  endfacet
  facet normal 0 1 0
    outer loop
      vertex -8.77158 2.5 -32.02
      vertex -0.261052 2.5 -32.2679
      vertex -9 2.5 -32.035
    endloop
  endfacet
  facet normal 0 1 0
    outer loop
      vertex 0 2.5 -32.285
      vertex -9 2.5 -32.035
      vertex -0.261052 2.5 -32.2679
    endloop
  endfacet
  facet normal 0 1 0
    outer loop
      vertex -30.225 2.5 -34.785
      vertex -9 2.5 -32.035
      vertex 0 2.5 -32.285
    endloop
  endfacet
  facet normal 0 1 0
    outer loop
      vertex 8.70632 2.5 -32.5158
      vertex 0.261052 2.5 -32.2679
      vertex 8.41766 2.5 -32.4583
    endloop
  endfacet
  facet normal 0 1 0
    outer loop
      vertex 0.261052 2.5 -32.2679
      vertex 8.70632 2.5 -32.5158
      vertex 0 2.5 -32.285
    endloop
  endfacet
  facet normal 0 1 0
    outer loop
      vertex 9 2.5 -32.535
      vertex 0 2.5 -32.285
      vertex 8.70632 2.5 -32.5158
    endloop
  endfacet
  facet normal 0 1 0
    outer loop
      vertex -30.225 2.5 -34.785
      vertex 0 2.5 -32.285
      vertex 9 2.5 -32.535
    endloop
  endfacet
  facet normal 0 1 0
    outer loop
      vertex -19.4489 2.5 -29.8968
      vertex -30.225 2.5 -34.785
      vertex -34.225 2.5 -30.785
    endloop
  endfacet
  facet normal 0 1 0
    outer loop
      vertex -17.8042 2.5 -31.7722
      vertex -30.225 2.5 -34.785
      vertex -18 2.5 -31.785
    endloop
  endfacet
  facet normal 0 1 0
    outer loop
      vertex 17.6737 2.5 -32.7636
      vertex 9.29368 2.5 -32.5158
      vertex 17.353 2.5 -32.6998
    endloop
  endfacet
  facet normal 0 1 0
    outer loop
      vertex 9.29368 2.5 -32.5158
      vertex 17.6737 2.5 -32.7636
      vertex 9 2.5 -32.535
    endloop
  endfacet
  facet normal 0 1 0
    outer loop
      vertex 30.225 2.5 -34.785
      vertex 9 2.5 -32.535
      vertex 17.6737 2.5 -32.7636
    endloop
  endfacet
  facet normal 0 1 0
    outer loop
      vertex 30.225 2.5 -34.785
      vertex 17.6737 2.5 -32.7636
      vertex 18 2.5 -32.785
    endloop
  endfacet
  facet normal 0 1 0
    outer loop
      vertex 18.3263 2.5 -32.7636
      vertex 30.225 2.5 -34.785
      vertex 18 2.5 -32.785
    endloop
  endfacet
  facet normal 0 1 0
    outer loop
      vertex 9 2.5 -32.535
      vertex 30.225 2.5 -34.785
      vertex -30.225 2.5 -34.785
    endloop
  endfacet
  facet normal 0 1 0
    outer loop
      vertex 30.225 2.5 -34.785
      vertex 33.5169 2.5 -33.0573
      vertex 32.0839 2.5 -34.3268
    endloop
  endfacet
  facet normal 0 1 0
    outer loop
      vertex -34.225 2.5 -30.785
      vertex -30.225 2.5 -34.785
      vertex -33.7668 2.5 -32.6439
    endloop
  endfacet
  facet normal 0 1 0
    outer loop
      vertex -33.7668 2.5 -32.6439
      vertex -30.225 2.5 -34.785
      vertex -32.4973 2.5 -34.0769
    endloop
  endfacet
  facet normal -0.954718 0 0.297512
    outer loop
      vertex -34.225 0 30.785
      vertex -33.5169 2.5 33.0573
      vertex -34.225 2.5 30.785
    endloop
  endfacet
  facet normal -0.954718 0 0.297512
    outer loop
      vertex -33.5169 2.5 33.0573
      vertex -34.225 0 30.785
      vertex -33.5169 0 33.0573
    endloop
  endfacet
  facet normal 1 -0 0
    outer loop
      vertex 34.225 0 30.785
      vertex 34.225 2.5 -30.785
      vertex 34.225 2.5 30.785
    endloop
  endfacet
  facet normal 1 0 0
    outer loop
      vertex 34.225 2.5 -30.785
      vertex 34.225 0 30.785
      vertex 34.225 0 -30.785
    endloop
  endfacet
  facet normal -0.297512 0 -0.954718
    outer loop
      vertex -32.4973 0 -34.0769
      vertex -30.225 2.5 -34.785
      vertex -30.225 0 -34.785
    endloop
  endfacet
  facet normal -0.297512 0 -0.954718
    outer loop
      vertex -30.225 2.5 -34.785
      vertex -32.4973 0 -34.0769
      vertex -32.4973 2.5 -34.0769
    endloop
  endfacet
  facet normal -1 0 0
    outer loop
      vertex -34.225 0 -30.785
      vertex -34.225 2.5 30.785
      vertex -34.225 2.5 -30.785
    endloop
  endfacet
  facet normal -1 -0 0
    outer loop
      vertex -34.225 2.5 30.785
      vertex -34.225 0 -30.785
      vertex -34.225 0 30.785
    endloop
  endfacet
  facet normal -0 0 1
    outer loop
      vertex -30.225 2.5 34.785
      vertex 30.225 0 34.785
      vertex 30.225 2.5 34.785
    endloop
  endfacet
  facet normal 0 0 1
    outer loop
      vertex 30.225 0 34.785
      vertex -30.225 2.5 34.785
      vertex -30.225 0 34.785
    endloop
  endfacet
  facet normal 0.297512 0 0.954718
    outer loop
      vertex 30.225 2.5 34.785
      vertex 32.4973 0 34.0769
      vertex 32.4973 2.5 34.0769
    endloop
  endfacet
  facet normal 0.297512 0 0.954718
    outer loop
      vertex 32.4973 0 34.0769
      vertex 30.225 2.5 34.785
      vertex 30.225 0 34.785
    endloop
  endfacet
  facet normal 0 -1 -0
    outer loop
      vertex -11.825 0 -1.38499
      vertex -17.9 0 -8.63644
      vertex -11.072 0 -2.94865
    endloop
  endfacet
  facet normal 0 -1 0
    outer loop
      vertex 9.825 0 -3.38499
      vertex 18.7313 0 -8.35425
      vertex 19.025 0 -8.335
    endloop
  endfacet
  facet normal 0 -1 0
    outer loop
      vertex -17.6553 0 -8.79995
      vertex -11.072 0 -2.94865
      vertex -17.9 0 -8.63644
    endloop
  endfacet
  facet normal 0 -1 0
    outer loop
      vertex 9.825 0 -3.38499
      vertex 18.4427 0 -8.41167
      vertex 18.7313 0 -8.35425
    endloop
  endfacet
  facet normal 0 -1 0
    outer loop
      vertex -17.434 0 -8.99401
      vertex -11.072 0 -2.94865
      vertex -17.6553 0 -8.79995
    endloop
  endfacet
  facet normal 0 -1 0
    outer loop
      vertex 9.825 0 -3.38499
      vertex 18.164 0 -8.50627
      vertex 18.4427 0 -8.41167
    endloop
  endfacet
  facet normal 0 -1 0
    outer loop
      vertex -17.24 0 -9.21529
      vertex -11.072 0 -2.94865
      vertex -17.434 0 -8.99401
    endloop
  endfacet
  facet normal 0 -1 0
    outer loop
      vertex 9.825 0 -3.38499
      vertex 17.9 0 -8.63644
      vertex 18.164 0 -8.50627
    endloop
  endfacet
  facet normal 0 -1 0
    outer loop
      vertex -17.0764 0 -9.46
      vertex -11.072 0 -2.94865
      vertex -17.24 0 -9.21529
    endloop
  endfacet
  facet normal 0 -1 0
    outer loop
      vertex 9.825 0 -3.38499
      vertex 17.6553 0 -8.79995
      vertex 17.9 0 -8.63644
    endloop
  endfacet
  facet normal 0 -1 0
    outer loop
      vertex -16.9463 0 -9.72396
      vertex -11.072 0 -2.94865
      vertex -17.0764 0 -9.46
    endloop
  endfacet
  facet normal 0 -1 0
    outer loop
      vertex 9.825 0 -3.38499
      vertex 17.434 0 -8.99401
      vertex 17.6553 0 -8.79995
    endloop
  endfacet
  facet normal 0 -1 -0
    outer loop
      vertex -11.072 0 -2.94865
      vertex -16.9463 0 -9.72396
      vertex -9.825 0 -3.38499
    endloop
  endfacet
  facet normal 0 -1 0
    outer loop
      vertex 9.825 0 -3.38499
      vertex 17.24 0 -9.21529
      vertex 17.434 0 -8.99401
    endloop
  endfacet
  facet normal 0 -1 0
    outer loop
      vertex -16.8517 0 -10.0027
      vertex -9.825 0 -3.38499
      vertex -16.9463 0 -9.72396
    endloop
  endfacet
  facet normal 0 -1 0
    outer loop
      vertex 9.825 0 -3.38499
      vertex 17.0764 0 -9.46
      vertex 17.24 0 -9.21529
    endloop
  endfacet
  facet normal 0 -1 0
    outer loop
      vertex -16.7942 0 -10.2913
      vertex -9.825 0 -3.38499
      vertex -16.8517 0 -10.0027
    endloop
  endfacet
  facet normal 0 -1 0
    outer loop
      vertex 9.825 0 -3.38499
      vertex 16.9463 0 -9.72396
      vertex 17.0764 0 -9.46
    endloop
  endfacet
  facet normal 0 -1 0
    outer loop
      vertex -16.775 0 -10.585
      vertex -9.825 0 -3.38499
      vertex -16.7942 0 -10.2913
    endloop
  endfacet
  facet normal 0 -1 0
    outer loop
      vertex 9.825 0 -3.38499
      vertex 16.8517 0 -10.0027
      vertex 16.9463 0 -9.72396
    endloop
  endfacet
  facet normal 0 -1 0
    outer loop
      vertex -16.7942 0 -10.8787
      vertex -9.825 0 -3.38499
      vertex -16.775 0 -10.585
    endloop
  endfacet
  facet normal 0 -1 0
    outer loop
      vertex 9.825 0 -3.38499
      vertex 16.7942 0 -10.2913
      vertex 16.8517 0 -10.0027
    endloop
  endfacet
  facet normal 0 -1 0
    outer loop
      vertex -16.8517 0 -11.1673
      vertex -9.825 0 -3.38499
      vertex -16.7942 0 -10.8787
    endloop
  endfacet
  facet normal 0 -1 0
    outer loop
      vertex 9.825 0 -3.38499
      vertex 16.775 0 -10.585
      vertex 16.7942 0 -10.2913
    endloop
  endfacet
  facet normal 0 -1 0
    outer loop
      vertex -16.9463 0 -11.446
      vertex -9.825 0 -3.38499
      vertex -16.8517 0 -11.1673
    endloop
  endfacet
  facet normal 0 -1 0
    outer loop
      vertex 9.825 0 -3.38499
      vertex 16.7942 0 -10.8787
      vertex 16.775 0 -10.585
    endloop
  endfacet
  facet normal 0 -1 -0
    outer loop
      vertex -9.825 0 -3.38499
      vertex -16.9463 0 -11.446
      vertex 9.825 0 -3.38499
    endloop
  endfacet
  facet normal 0 -1 0
    outer loop
      vertex 9.825 0 -3.38499
      vertex 16.8517 0 -11.1673
      vertex 16.7942 0 -10.8787
    endloop
  endfacet
  facet normal 0 -1 0
    outer loop
      vertex 16.9463 0 -11.446
      vertex 9.825 0 -3.38499
      vertex -16.9463 0 -11.446
    endloop
  endfacet
  facet normal 0 -1 0
    outer loop
      vertex 9.825 0 -3.38499
      vertex 16.9463 0 -11.446
      vertex 16.8517 0 -11.1673
    endloop
  endfacet
  facet normal 0 -1 0
    outer loop
      vertex -17.0764 0 -11.71
      vertex 16.9463 0 -11.446
      vertex -16.9463 0 -11.446
    endloop
  endfacet
  facet normal 0 -1 0
    outer loop
      vertex -17.0764 0 -11.71
      vertex 17.0764 0 -11.71
      vertex 16.9463 0 -11.446
    endloop
  endfacet
  facet normal 0 -1 0
    outer loop
      vertex -17.24 0 -11.9547
      vertex 17.0764 0 -11.71
      vertex -17.0764 0 -11.71
    endloop
  endfacet
  facet normal 0 -1 0
    outer loop
      vertex -17.24 0 -11.9547
      vertex 17.24 0 -11.9547
      vertex 17.0764 0 -11.71
    endloop
  endfacet
  facet normal 0 -1 0
    outer loop
      vertex -17.434 0 -12.176
      vertex 17.24 0 -11.9547
      vertex -17.24 0 -11.9547
    endloop
  endfacet
  facet normal 0 -1 0
    outer loop
      vertex -17.434 0 -12.176
      vertex 17.434 0 -12.176
      vertex 17.24 0 -11.9547
    endloop
  endfacet
  facet normal 0 -1 0
    outer loop
      vertex -17.6553 0 -12.37
      vertex 17.434 0 -12.176
      vertex -17.434 0 -12.176
    endloop
  endfacet
  facet normal 0 -1 0
    outer loop
      vertex -17.6553 0 -12.37
      vertex 17.6553 0 -12.37
      vertex 17.434 0 -12.176
    endloop
  endfacet
  facet normal 0 -1 0
    outer loop
      vertex -30.225 0 -34.785
      vertex -17.6553 0 -12.37
      vertex -17.9 0 -12.5336
    endloop
  endfacet
  facet normal 0 -1 -0
    outer loop
      vertex -17.6553 0 -12.37
      vertex -30.225 0 -34.785
      vertex 17.6553 0 -12.37
    endloop
  endfacet
  facet normal 0 -1 0
    outer loop
      vertex -30.225 0 -34.785
      vertex -17.9 0 -12.5336
      vertex -18.164 0 -12.6637
    endloop
  endfacet
  facet normal 0 -1 0
    outer loop
      vertex 30.225 0 -34.785
      vertex 17.6553 0 -12.37
      vertex -30.225 0 -34.785
    endloop
  endfacet
  facet normal 0 -1 0
    outer loop
      vertex -30.225 0 -34.785
      vertex -18.164 0 -12.6637
      vertex -18.4427 0 -12.7583
    endloop
  endfacet
  facet normal 0 -1 0
    outer loop
      vertex 17.6553 0 -12.37
      vertex 30.225 0 -34.785
      vertex 17.9 0 -12.5336
    endloop
  endfacet
  facet normal 0 -1 0
    outer loop
      vertex -30.225 0 -34.785
      vertex -18.4427 0 -12.7583
      vertex -18.7313 0 -12.8158
    endloop
  endfacet
  facet normal 0 -1 0
    outer loop
      vertex 17.9 0 -12.5336
      vertex 30.225 0 -34.785
      vertex 18.164 0 -12.6637
    endloop
  endfacet
  facet normal 0 -1 0
    outer loop
      vertex -30.225 0 -34.785
      vertex -18.7313 0 -12.8158
      vertex -19.025 0 -12.835
    endloop
  endfacet
  facet normal 0 -1 0
    outer loop
      vertex 18.164 0 -12.6637
      vertex 30.225 0 -34.785
      vertex 18.4427 0 -12.7583
    endloop
  endfacet
  facet normal 0 -1 0
    outer loop
      vertex -18.164 0 21.6637
      vertex -30.225 0 34.785
      vertex -18.4427 0 21.7583
    endloop
  endfacet
  facet normal 0 -1 0
    outer loop
      vertex 30.225 0 34.785
      vertex 18.7313 0 21.8158
      vertex 19.025 0 21.835
    endloop
  endfacet
  facet normal 0 -1 0
    outer loop
      vertex -17.9 0 21.5336
      vertex -30.225 0 34.785
      vertex -18.164 0 21.6637
    endloop
  endfacet
  facet normal 0 -1 0
    outer loop
      vertex 30.225 0 34.785
      vertex 18.4427 0 21.7583
      vertex 18.7313 0 21.8158
    endloop
  endfacet
  facet normal 0 -1 0
    outer loop
      vertex -30.225 0 34.785
      vertex -17.9 0 21.5336
      vertex 30.225 0 34.785
    endloop
  endfacet
  facet normal 0 -1 0
    outer loop
      vertex 30.225 0 34.785
      vertex 18.164 0 21.6637
      vertex 18.4427 0 21.7583
    endloop
  endfacet
  facet normal 0 -1 0
    outer loop
      vertex 17.9 0 21.5336
      vertex 30.225 0 34.785
      vertex -17.9 0 21.5336
    endloop
  endfacet
  facet normal 0 -1 0
    outer loop
      vertex 30.225 0 34.785
      vertex 17.9 0 21.5336
      vertex 18.164 0 21.6637
    endloop
  endfacet
  facet normal 0 -1 0
    outer loop
      vertex -17.6553 0 21.37
      vertex 17.9 0 21.5336
      vertex -17.9 0 21.5336
    endloop
  endfacet
  facet normal 0 -1 0
    outer loop
      vertex -17.6553 0 21.37
      vertex 17.6553 0 21.37
      vertex 17.9 0 21.5336
    endloop
  endfacet
  facet normal 0 -1 0
    outer loop
      vertex -17.434 0 21.176
      vertex 17.6553 0 21.37
      vertex -17.6553 0 21.37
    endloop
  endfacet
  facet normal 0 -1 0
    outer loop
      vertex -17.434 0 21.176
      vertex 17.434 0 21.176
      vertex 17.6553 0 21.37
    endloop
  endfacet
  facet normal 0 -1 0
    outer loop
      vertex -17.24 0 20.9547
      vertex 17.434 0 21.176
      vertex -17.434 0 21.176
    endloop
  endfacet
  facet normal 0 -1 0
    outer loop
      vertex -17.24 0 20.9547
      vertex 17.24 0 20.9547
      vertex 17.434 0 21.176
    endloop
  endfacet
  facet normal 0 -1 0
    outer loop
      vertex -17.0764 0 20.71
      vertex 17.24 0 20.9547
      vertex -17.24 0 20.9547
    endloop
  endfacet
  facet normal 0 -1 0
    outer loop
      vertex -17.0764 0 20.71
      vertex 17.0764 0 20.71
      vertex 17.24 0 20.9547
    endloop
  endfacet
  facet normal 0 -1 0
    outer loop
      vertex -16.9463 0 20.446
      vertex 17.0764 0 20.71
      vertex -17.0764 0 20.71
    endloop
  endfacet
  facet normal 0 -1 0
    outer loop
      vertex -16.9463 0 20.446
      vertex 16.9463 0 20.446
      vertex 17.0764 0 20.71
    endloop
  endfacet
  facet normal 0 -1 0
    outer loop
      vertex -9.825 0 12.385
      vertex -16.9463 0 20.446
      vertex -16.8517 0 20.1673
    endloop
  endfacet
  facet normal 0 -1 0
    outer loop
      vertex -16.9463 0 20.446
      vertex -9.825 0 12.385
      vertex 16.9463 0 20.446
    endloop
  endfacet
  facet normal 0 -1 0
    outer loop
      vertex -9.825 0 12.385
      vertex -16.8517 0 20.1673
      vertex -16.7942 0 19.8787
    endloop
  endfacet
  facet normal 0 -1 0
    outer loop
      vertex 9.825 0 12.385
      vertex 16.9463 0 20.446
      vertex -9.825 0 12.385
    endloop
  endfacet
  facet normal 0 -1 0
    outer loop
      vertex -9.825 0 12.385
      vertex -16.7942 0 19.8787
      vertex -16.775 0 19.585
    endloop
  endfacet
  facet normal 0 -1 0
    outer loop
      vertex 16.9463 0 20.446
      vertex 9.825 0 12.385
      vertex 16.8517 0 20.1673
    endloop
  endfacet
  facet normal 0 -1 0
    outer loop
      vertex -9.825 0 12.385
      vertex -16.775 0 19.585
      vertex -16.7942 0 19.2913
    endloop
  endfacet
  facet normal 0 -1 0
    outer loop
      vertex 16.8517 0 20.1673
      vertex 9.825 0 12.385
      vertex 16.7942 0 19.8787
    endloop
  endfacet
  facet normal 0 -1 0
    outer loop
      vertex -9.825 0 12.385
      vertex -16.7942 0 19.2913
      vertex -16.8517 0 19.0027
    endloop
  endfacet
  facet normal 0 -1 0
    outer loop
      vertex 16.7942 0 19.8787
      vertex 9.825 0 12.385
      vertex 16.775 0 19.585
    endloop
  endfacet
  facet normal 0 -1 0
    outer loop
      vertex -9.825 0 12.385
      vertex -16.8517 0 19.0027
      vertex -16.9463 0 18.724
    endloop
  endfacet
  facet normal 0 -1 -0
    outer loop
      vertex 16.775 0 19.585
      vertex 9.825 0 12.385
      vertex 16.7942 0 19.2913
    endloop
  endfacet
  facet normal 0 -1 0
    outer loop
      vertex -9.825 0 12.385
      vertex -16.9463 0 18.724
      vertex -17.0764 0 18.46
    endloop
  endfacet
  facet normal 0 -1 -0
    outer loop
      vertex 16.7942 0 19.2913
      vertex 9.825 0 12.385
      vertex 16.8517 0 19.0027
    endloop
  endfacet
  facet normal 0 -1 0
    outer loop
      vertex -11.3887 0 11.632
      vertex -17.0764 0 18.46
      vertex -17.24 0 18.2153
    endloop
  endfacet
  facet normal 0 -1 -0
    outer loop
      vertex 16.8517 0 19.0027
      vertex 9.825 0 12.385
      vertex 16.9463 0 18.724
    endloop
  endfacet
  facet normal 0 -1 0
    outer loop
      vertex -11.3887 0 11.632
      vertex -17.24 0 18.2153
      vertex -17.434 0 17.994
    endloop
  endfacet
  facet normal 0 -1 0
    outer loop
      vertex 11.072 0 11.9487
      vertex 16.9463 0 18.724
      vertex 9.825 0 12.385
    endloop
  endfacet
  facet normal 0 -1 0
    outer loop
      vertex -11.3887 0 11.632
      vertex -17.434 0 17.994
      vertex -17.6553 0 17.8
    endloop
  endfacet
  facet normal 0 -1 -0
    outer loop
      vertex 16.9463 0 18.724
      vertex 11.072 0 11.9487
      vertex 17.0764 0 18.46
    endloop
  endfacet
  facet normal 0 -1 0
    outer loop
      vertex -11.3887 0 11.632
      vertex -17.6553 0 17.8
      vertex -17.9 0 17.6364
    endloop
  endfacet
  facet normal 0 -1 -0
    outer loop
      vertex 17.0764 0 18.46
      vertex 11.072 0 11.9487
      vertex 17.24 0 18.2153
    endloop
  endfacet
  facet normal 0 -1 0
    outer loop
      vertex -11.3887 0 11.632
      vertex -17.9 0 17.6364
      vertex -18.164 0 17.5063
    endloop
  endfacet
  facet normal 0 -1 -0
    outer loop
      vertex 17.24 0 18.2153
      vertex 11.072 0 11.9487
      vertex 17.434 0 17.994
    endloop
  endfacet
  facet normal 0 -1 0
    outer loop
      vertex -11.825 0 10.385
      vertex -18.164 0 17.5063
      vertex -18.4427 0 17.4117
    endloop
  endfacet
  facet normal 0 -1 -0
    outer loop
      vertex 17.434 0 17.994
      vertex 11.072 0 11.9487
      vertex 17.6553 0 17.8
    endloop
  endfacet
  facet normal 0 -1 0
    outer loop
      vertex -11.825 0 10.385
      vertex -18.4427 0 17.4117
      vertex -18.7313 0 17.3542
    endloop
  endfacet
  facet normal 0 -1 -0
    outer loop
      vertex 17.6553 0 17.8
      vertex 11.072 0 11.9487
      vertex 17.9 0 17.6364
    endloop
  endfacet
  facet normal 0 -1 0
    outer loop
      vertex -11.825 0 10.385
      vertex -18.7313 0 17.3542
      vertex -19.025 0 17.335
    endloop
  endfacet
  facet normal 0 -1 0
    outer loop
      vertex 11.825 0 10.385
      vertex 17.9 0 17.6364
      vertex 11.072 0 11.9487
    endloop
  endfacet
  facet normal 0 -1 0
    outer loop
      vertex -34.225 0 30.785
      vertex -30.225 0 34.785
      vertex -32.0839 0 34.3268
    endloop
  endfacet
  facet normal 0 -1 0
    outer loop
      vertex -18.7313 0 21.8158
      vertex -30.225 0 34.785
      vertex -19.025 0 21.835
    endloop
  endfacet
  facet normal 0 -1 0
    outer loop
      vertex -34.225 0 30.785
      vertex -32.0839 0 34.3268
      vertex -33.5169 0 33.0573
    endloop
  endfacet
  facet normal 0 -1 0
    outer loop
      vertex -18.4427 0 21.7583
      vertex -30.225 0 34.785
      vertex -18.7313 0 21.8158
    endloop
  endfacet
  facet normal 0 -1 0
    outer loop
      vertex -20.616 0 21.176
      vertex -30.225 0 34.785
      vertex -34.225 0 30.785
    endloop
  endfacet
  facet normal 0 -1 0
    outer loop
      vertex 19.3187 0 21.8158
      vertex 30.225 0 34.785
      vertex 19.025 0 21.835
    endloop
  endfacet
  facet normal 0 -1 0
    outer loop
      vertex 19.6073 0 21.7583
      vertex 30.225 0 34.785
      vertex 19.3187 0 21.8158
    endloop
  endfacet
  facet normal 0 -1 0
    outer loop
      vertex -30.225 0 34.785
      vertex -19.3187 0 21.8158
      vertex -19.025 0 21.835
    endloop
  endfacet
  facet normal 0 -1 0
    outer loop
      vertex -30.225 0 34.785
      vertex -19.6073 0 21.7583
      vertex -19.3187 0 21.8158
    endloop
  endfacet
  facet normal 0 -1 0
    outer loop
      vertex -30.225 0 34.785
      vertex -19.886 0 21.6637
      vertex -19.6073 0 21.7583
    endloop
  endfacet
  facet normal 0 -1 0
    outer loop
      vertex -30.225 0 34.785
      vertex -20.15 0 21.5336
      vertex -19.886 0 21.6637
    endloop
  endfacet
  facet normal 0 -1 0
    outer loop
      vertex -30.225 0 34.785
      vertex -20.3947 0 21.37
      vertex -20.15 0 21.5336
    endloop
  endfacet
  facet normal 0 -1 0
    outer loop
      vertex -30.225 0 34.785
      vertex -20.616 0 21.176
      vertex -20.3947 0 21.37
    endloop
  endfacet
  facet normal 0 -1 0
    outer loop
      vertex -34.225 0 30.785
      vertex -20.81 0 20.9547
      vertex -20.616 0 21.176
    endloop
  endfacet
  facet normal 0 -1 0
    outer loop
      vertex -34.225 0 30.785
      vertex -20.9736 0 20.71
      vertex -20.81 0 20.9547
    endloop
  endfacet
  facet normal 0 -1 0
    outer loop
      vertex -34.225 0 30.785
      vertex -21.1037 0 20.446
      vertex -20.9736 0 20.71
    endloop
  endfacet
  facet normal 0 -1 0
    outer loop
      vertex -34.225 0 30.785
      vertex -21.1983 0 20.1673
      vertex -21.1037 0 20.446
    endloop
  endfacet
  facet normal 0 -1 0
    outer loop
      vertex -34.225 0 30.785
      vertex -21.2558 0 19.8787
      vertex -21.1983 0 20.1673
    endloop
  endfacet
  facet normal 0 -1 0
    outer loop
      vertex -34.225 0 30.785
      vertex -21.275 0 19.585
      vertex -21.2558 0 19.8787
    endloop
  endfacet
  facet normal 0 -1 0
    outer loop
      vertex -34.225 0 30.785
      vertex -21.2558 0 19.2913
      vertex -21.275 0 19.585
    endloop
  endfacet
  facet normal 0 -1 0
    outer loop
      vertex -34.225 0 30.785
      vertex -21.1983 0 19.0027
      vertex -21.2558 0 19.2913
    endloop
  endfacet
  facet normal 0 -1 0
    outer loop
      vertex -34.225 0 30.785
      vertex -21.1037 0 18.724
      vertex -21.1983 0 19.0027
    endloop
  endfacet
  facet normal 0 -1 0
    outer loop
      vertex -34.225 0 30.785
      vertex -20.9736 0 18.46
      vertex -21.1037 0 18.724
    endloop
  endfacet
  facet normal 0 -1 0
    outer loop
      vertex -20.9736 0 -9.46
      vertex -20.9736 0 18.46
      vertex -34.225 0 30.785
    endloop
  endfacet
  facet normal 0 -1 0
    outer loop
      vertex -20.9736 0 18.46
      vertex -20.9736 0 -9.46
      vertex -20.81 0 18.2153
    endloop
  endfacet
  facet normal 0 -1 -0
    outer loop
      vertex 17.9 0 17.6364
      vertex 11.825 0 10.385
      vertex 18.164 0 17.5063
    endloop
  endfacet
  facet normal 0 -1 0
    outer loop
      vertex -11.825 0 10.385
      vertex -19.025 0 17.335
      vertex -19.3187 0 17.3542
    endloop
  endfacet
  facet normal 0 -1 0
    outer loop
      vertex -11.825 0 10.385
      vertex -19.3187 0 17.3542
      vertex -19.6073 0 17.4117
    endloop
  endfacet
  facet normal 0 -1 0
    outer loop
      vertex -11.825 0 10.385
      vertex -19.6073 0 17.4117
      vertex -19.886 0 17.5063
    endloop
  endfacet
  facet normal 0 -1 0
    outer loop
      vertex -19.886 0 -8.50627
      vertex -19.886 0 17.5063
      vertex -20.15 0 17.6364
    endloop
  endfacet
  facet normal 0 -1 0
    outer loop
      vertex -17.0764 0 18.46
      vertex -11.3887 0 11.632
      vertex -9.825 0 12.385
    endloop
  endfacet
  facet normal 0 -1 0
    outer loop
      vertex -20.15 0 -8.63644
      vertex -20.15 0 17.6364
      vertex -20.3947 0 17.8
    endloop
  endfacet
  facet normal 0 -1 0
    outer loop
      vertex -18.164 0 17.5063
      vertex -11.825 0 10.385
      vertex -11.3887 0 11.632
    endloop
  endfacet
  facet normal 0 -1 0
    outer loop
      vertex -19.886 0 17.5063
      vertex -11.825 0 -1.38499
      vertex -11.825 0 10.385
    endloop
  endfacet
  facet normal 0 -1 0
    outer loop
      vertex -20.3947 0 -8.79995
      vertex -20.3947 0 17.8
      vertex -20.616 0 17.994
    endloop
  endfacet
  facet normal -0 -1 0
    outer loop
      vertex -20.81 0 -9.21529
      vertex -20.81 0 18.2153
      vertex -20.9736 0 -9.46
    endloop
  endfacet
  facet normal 0 -1 0
    outer loop
      vertex -19.886 0 17.5063
      vertex -19.886 0 -8.50627
      vertex -11.825 0 -1.38499
    endloop
  endfacet
  facet normal 0 -1 0
    outer loop
      vertex -18.164 0 -8.50627
      vertex -11.825 0 -1.38499
      vertex -18.4427 0 -8.41167
    endloop
  endfacet
  facet normal 0 -1 0
    outer loop
      vertex -18.4427 0 -8.41167
      vertex -11.825 0 -1.38499
      vertex -18.7313 0 -8.35425
    endloop
  endfacet
  facet normal -0 -1 0
    outer loop
      vertex -19.3187 0 -8.35425
      vertex -11.825 0 -1.38499
      vertex -19.6073 0 -8.41167
    endloop
  endfacet
  facet normal 0 -1 0
    outer loop
      vertex -18.7313 0 -8.35425
      vertex -11.825 0 -1.38499
      vertex -19.025 0 -8.335
    endloop
  endfacet
  facet normal -0 -1 0
    outer loop
      vertex -19.025 0 -8.335
      vertex -11.825 0 -1.38499
      vertex -19.3187 0 -8.35425
    endloop
  endfacet
  facet normal 0 -1 0
    outer loop
      vertex -11.825 0 -1.38499
      vertex -19.886 0 -8.50627
      vertex -19.6073 0 -8.41167
    endloop
  endfacet
  facet normal 0 -1 0
    outer loop
      vertex -20.15 0 17.6364
      vertex -20.15 0 -8.63644
      vertex -19.886 0 -8.50627
    endloop
  endfacet
  facet normal 0 -1 0
    outer loop
      vertex -20.3947 0 17.8
      vertex -20.3947 0 -8.79995
      vertex -20.15 0 -8.63644
    endloop
  endfacet
  facet normal 0 -1 0
    outer loop
      vertex -20.616 0 17.994
      vertex -20.616 0 -8.99401
      vertex -20.3947 0 -8.79995
    endloop
  endfacet
  facet normal 0 -1 -0
    outer loop
      vertex -20.616 0 17.994
      vertex -20.81 0 -9.21529
      vertex -20.616 0 -8.99401
    endloop
  endfacet
  facet normal 0 -1 0
    outer loop
      vertex -20.81 0 18.2153
      vertex -20.81 0 -9.21529
      vertex -20.616 0 17.994
    endloop
  endfacet
  facet normal 0 -1 0
    outer loop
      vertex -34.225 0 30.785
      vertex -21.1037 0 -9.72396
      vertex -20.9736 0 -9.46
    endloop
  endfacet
  facet normal 0 -1 0
    outer loop
      vertex -34.225 0 30.785
      vertex -21.1983 0 -10.0027
      vertex -21.1037 0 -9.72396
    endloop
  endfacet
  facet normal 0 -1 0
    outer loop
      vertex -34.225 0 -30.785
      vertex -21.1983 0 -10.0027
      vertex -34.225 0 30.785
    endloop
  endfacet
  facet normal 0 -1 0
    outer loop
      vertex -21.1983 0 -10.0027
      vertex -34.225 0 -30.785
      vertex -21.2558 0 -10.2913
    endloop
  endfacet
  facet normal 0 -1 0
    outer loop
      vertex -21.2558 0 -10.2913
      vertex -34.225 0 -30.785
      vertex -21.275 0 -10.585
    endloop
  endfacet
  facet normal 0 -1 -0
    outer loop
      vertex -21.275 0 -10.585
      vertex -34.225 0 -30.785
      vertex -21.2558 0 -10.8787
    endloop
  endfacet
  facet normal 0 -1 -0
    outer loop
      vertex -19.3187 0 -12.8158
      vertex -30.225 0 -34.785
      vertex -19.025 0 -12.835
    endloop
  endfacet
  facet normal 0 -1 -0
    outer loop
      vertex -19.6073 0 -12.7583
      vertex -30.225 0 -34.785
      vertex -19.3187 0 -12.8158
    endloop
  endfacet
  facet normal 0 -1 0
    outer loop
      vertex -30.225 0 -34.785
      vertex -19.6073 0 -12.7583
      vertex -34.225 0 -30.785
    endloop
  endfacet
  facet normal 0 -1 -0
    outer loop
      vertex -19.886 0 -12.6637
      vertex -34.225 0 -30.785
      vertex -19.6073 0 -12.7583
    endloop
  endfacet
  facet normal 0 -1 -0
    outer loop
      vertex -20.15 0 -12.5336
      vertex -34.225 0 -30.785
      vertex -19.886 0 -12.6637
    endloop
  endfacet
  facet normal 0 -1 -0
    outer loop
      vertex -20.3947 0 -12.37
      vertex -34.225 0 -30.785
      vertex -20.15 0 -12.5336
    endloop
  endfacet
  facet normal 0 -1 -0
    outer loop
      vertex -20.616 0 -12.176
      vertex -34.225 0 -30.785
      vertex -20.3947 0 -12.37
    endloop
  endfacet
  facet normal 0 -1 -0
    outer loop
      vertex -20.81 0 -11.9547
      vertex -34.225 0 -30.785
      vertex -20.616 0 -12.176
    endloop
  endfacet
  facet normal 0 -1 -0
    outer loop
      vertex -20.9736 0 -11.71
      vertex -34.225 0 -30.785
      vertex -20.81 0 -11.9547
    endloop
  endfacet
  facet normal 0 -1 -0
    outer loop
      vertex -21.1037 0 -11.446
      vertex -34.225 0 -30.785
      vertex -20.9736 0 -11.71
    endloop
  endfacet
  facet normal 0 -1 -0
    outer loop
      vertex -21.1983 0 -11.1673
      vertex -34.225 0 -30.785
      vertex -21.1037 0 -11.446
    endloop
  endfacet
  facet normal 0 -1 -0
    outer loop
      vertex -21.2558 0 -10.8787
      vertex -34.225 0 -30.785
      vertex -21.1983 0 -11.1673
    endloop
  endfacet
  facet normal 0 -1 0
    outer loop
      vertex 19.886 0 21.6637
      vertex 30.225 0 34.785
      vertex 19.6073 0 21.7583
    endloop
  endfacet
  facet normal 0 -1 0
    outer loop
      vertex 20.15 0 21.5336
      vertex 30.225 0 34.785
      vertex 19.886 0 21.6637
    endloop
  endfacet
  facet normal 0 -1 0
    outer loop
      vertex 20.3947 0 21.37
      vertex 30.225 0 34.785
      vertex 20.15 0 21.5336
    endloop
  endfacet
  facet normal 0 -1 0
    outer loop
      vertex 20.616 0 21.176
      vertex 30.225 0 34.785
      vertex 20.3947 0 21.37
    endloop
  endfacet
  facet normal 0 -1 0
    outer loop
      vertex 32.4973 0 34.0769
      vertex 34.225 0 30.785
      vertex 33.7668 0 32.6439
    endloop
  endfacet
  facet normal 0 -1 0
    outer loop
      vertex 30.225 0 34.785
      vertex 34.225 0 30.785
      vertex 32.4973 0 34.0769
    endloop
  endfacet
  facet normal 0 -1 -0
    outer loop
      vertex 30.225 0 34.785
      vertex 20.616 0 21.176
      vertex 34.225 0 30.785
    endloop
  endfacet
  facet normal 0 -1 0
    outer loop
      vertex 20.81 0 20.9547
      vertex 34.225 0 30.785
      vertex 20.616 0 21.176
    endloop
  endfacet
  facet normal 0 -1 0
    outer loop
      vertex 20.9736 0 20.71
      vertex 34.225 0 30.785
      vertex 20.81 0 20.9547
    endloop
  endfacet
  facet normal 0 -1 0
    outer loop
      vertex 21.1037 0 20.446
      vertex 34.225 0 30.785
      vertex 20.9736 0 20.71
    endloop
  endfacet
  facet normal 0 -1 0
    outer loop
      vertex 21.1983 0 20.1673
      vertex 34.225 0 30.785
      vertex 21.1037 0 20.446
    endloop
  endfacet
  facet normal 0 -1 0
    outer loop
      vertex 21.2558 0 19.8787
      vertex 34.225 0 30.785
      vertex 21.1983 0 20.1673
    endloop
  endfacet
  facet normal 0 -1 0
    outer loop
      vertex 21.275 0 19.585
      vertex 34.225 0 30.785
      vertex 21.2558 0 19.8787
    endloop
  endfacet
  facet normal 0 -1 0
    outer loop
      vertex 21.2558 0 19.2913
      vertex 34.225 0 30.785
      vertex 21.275 0 19.585
    endloop
  endfacet
  facet normal 0 -1 0
    outer loop
      vertex 21.1983 0 19.0027
      vertex 34.225 0 30.785
      vertex 21.2558 0 19.2913
    endloop
  endfacet
  facet normal 0 -1 0
    outer loop
      vertex 21.1037 0 18.724
      vertex 34.225 0 30.785
      vertex 21.1983 0 19.0027
    endloop
  endfacet
  facet normal 0 -1 0
    outer loop
      vertex 20.9736 0 18.46
      vertex 34.225 0 30.785
      vertex 21.1037 0 18.724
    endloop
  endfacet
  facet normal 0 -1 0
    outer loop
      vertex 20.9736 0 -9.46
      vertex 20.9736 0 18.46
      vertex 20.81 0 18.2153
    endloop
  endfacet
  facet normal 0 -1 0
    outer loop
      vertex 20.81 0 -9.21529
      vertex 20.81 0 18.2153
      vertex 20.616 0 17.994
    endloop
  endfacet
  facet normal 0 -1 -0
    outer loop
      vertex 18.164 0 17.5063
      vertex 11.825 0 10.385
      vertex 18.4427 0 17.4117
    endloop
  endfacet
  facet normal 0 -1 -0
    outer loop
      vertex 18.4427 0 17.4117
      vertex 11.825 0 10.385
      vertex 18.7313 0 17.3542
    endloop
  endfacet
  facet normal 0 -1 -0
    outer loop
      vertex 18.7313 0 17.3542
      vertex 11.825 0 10.385
      vertex 19.025 0 17.335
    endloop
  endfacet
  facet normal 0 -1 -0
    outer loop
      vertex 19.025 0 17.335
      vertex 11.825 0 10.385
      vertex 19.3187 0 17.3542
    endloop
  endfacet
  facet normal 0 -1 -0
    outer loop
      vertex 19.3187 0 17.3542
      vertex 11.825 0 10.385
      vertex 19.6073 0 17.4117
    endloop
  endfacet
  facet normal 0 -1 -0
    outer loop
      vertex 19.6073 0 17.4117
      vertex 11.825 0 10.385
      vertex 19.886 0 17.5063
    endloop
  endfacet
  facet normal 0 -1 0
    outer loop
      vertex 11.825 0 -1.38499
      vertex 19.886 0 17.5063
      vertex 11.825 0 10.385
    endloop
  endfacet
  facet normal 0 -1 0
    outer loop
      vertex 19.886 0 -8.50627
      vertex 19.886 0 17.5063
      vertex 11.825 0 -1.38499
    endloop
  endfacet
  facet normal 0 -1 0
    outer loop
      vertex 19.886 0 17.5063
      vertex 19.886 0 -8.50627
      vertex 20.15 0 17.6364
    endloop
  endfacet
  facet normal 0 -1 0
    outer loop
      vertex 20.15 0 -8.63644
      vertex 20.15 0 17.6364
      vertex 19.886 0 -8.50627
    endloop
  endfacet
  facet normal 0 -1 0
    outer loop
      vertex 20.15 0 17.6364
      vertex 20.15 0 -8.63644
      vertex 20.3947 0 17.8
    endloop
  endfacet
  facet normal 0 -1 0
    outer loop
      vertex 19.025 0 -8.335
      vertex 11.825 0 -1.38499
      vertex 11.3887 0 -2.63197
    endloop
  endfacet
  facet normal 0 -1 0
    outer loop
      vertex -17.9 0 -8.63644
      vertex -11.825 0 -1.38499
      vertex -18.164 0 -8.50627
    endloop
  endfacet
  facet normal 0 -1 0
    outer loop
      vertex 19.025 0 -8.335
      vertex 11.3887 0 -2.63197
      vertex 9.825 0 -3.38499
    endloop
  endfacet
  facet normal 0 -1 0
    outer loop
      vertex 11.825 0 -1.38499
      vertex 19.025 0 -8.335
      vertex 19.3187 0 -8.35425
    endloop
  endfacet
  facet normal 0 -1 0
    outer loop
      vertex 11.825 0 -1.38499
      vertex 19.3187 0 -8.35425
      vertex 19.6073 0 -8.41167
    endloop
  endfacet
  facet normal 0 -1 0
    outer loop
      vertex 11.825 0 -1.38499
      vertex 19.6073 0 -8.41167
      vertex 19.886 0 -8.50627
    endloop
  endfacet
  facet normal 0 -1 0
    outer loop
      vertex 20.3947 0 -8.79995
      vertex 20.3947 0 17.8
      vertex 20.15 0 -8.63644
    endloop
  endfacet
  facet normal 0 -1 0
    outer loop
      vertex 20.3947 0 17.8
      vertex 20.3947 0 -8.79995
      vertex 20.616 0 17.994
    endloop
  endfacet
  facet normal 0 -1 0
    outer loop
      vertex 20.616 0 -8.99401
      vertex 20.616 0 17.994
      vertex 20.3947 0 -8.79995
    endloop
  endfacet
  facet normal 0 -1 0
    outer loop
      vertex 20.81 0 -9.21529
      vertex 20.616 0 17.994
      vertex 20.616 0 -8.99401
    endloop
  endfacet
  facet normal 0 -1 0
    outer loop
      vertex 20.81 0 18.2153
      vertex 20.81 0 -9.21529
      vertex 20.9736 0 -9.46
    endloop
  endfacet
  facet normal 0 -1 0
    outer loop
      vertex 20.9736 0 18.46
      vertex 20.9736 0 -9.46
      vertex 34.225 0 30.785
    endloop
  endfacet
  facet normal 0 -1 0
    outer loop
      vertex 21.1037 0 -9.72396
      vertex 34.225 0 30.785
      vertex 20.9736 0 -9.46
    endloop
  endfacet
  facet normal 0 -1 0
    outer loop
      vertex 21.1983 0 -10.0027
      vertex 34.225 0 30.785
      vertex 21.1037 0 -9.72396
    endloop
  endfacet
  facet normal 0 -1 0
    outer loop
      vertex 34.225 0 -30.785
      vertex 21.1983 0 -10.0027
      vertex 21.2558 0 -10.2913
    endloop
  endfacet
  facet normal 0 -1 0
    outer loop
      vertex 34.225 0 -30.785
      vertex 21.2558 0 -10.2913
      vertex 21.275 0 -10.585
    endloop
  endfacet
  facet normal 0 -1 0
    outer loop
      vertex 34.225 0 -30.785
      vertex 21.275 0 -10.585
      vertex 21.2558 0 -10.8787
    endloop
  endfacet
  facet normal 0 -1 0
    outer loop
      vertex 34.225 0 -30.785
      vertex 21.2558 0 -10.8787
      vertex 21.1983 0 -11.1673
    endloop
  endfacet
  facet normal 0 -1 0
    outer loop
      vertex 18.4427 0 -12.7583
      vertex 30.225 0 -34.785
      vertex 18.7313 0 -12.8158
    endloop
  endfacet
  facet normal 0 -1 0
    outer loop
      vertex 18.7313 0 -12.8158
      vertex 30.225 0 -34.785
      vertex 19.025 0 -12.835
    endloop
  endfacet
  facet normal 0 -1 0
    outer loop
      vertex 21.1983 0 -10.0027
      vertex 34.225 0 -30.785
      vertex 34.225 0 30.785
    endloop
  endfacet
  facet normal 0 -1 0
    outer loop
      vertex 21.1037 0 -11.446
      vertex 34.225 0 -30.785
      vertex 21.1983 0 -11.1673
    endloop
  endfacet
  facet normal 0 -1 0
    outer loop
      vertex 20.9736 0 -11.71
      vertex 34.225 0 -30.785
      vertex 21.1037 0 -11.446
    endloop
  endfacet
  facet normal 0 -1 0
    outer loop
      vertex 20.81 0 -11.9547
      vertex 34.225 0 -30.785
      vertex 20.9736 0 -11.71
    endloop
  endfacet
  facet normal 0 -1 0
    outer loop
      vertex 20.616 0 -12.176
      vertex 34.225 0 -30.785
      vertex 20.81 0 -11.9547
    endloop
  endfacet
  facet normal 0 -1 0
    outer loop
      vertex 20.3947 0 -12.37
      vertex 34.225 0 -30.785
      vertex 20.616 0 -12.176
    endloop
  endfacet
  facet normal 0 -1 0
    outer loop
      vertex 20.15 0 -12.5336
      vertex 34.225 0 -30.785
      vertex 20.3947 0 -12.37
    endloop
  endfacet
  facet normal 0 -1 0
    outer loop
      vertex 19.886 0 -12.6637
      vertex 34.225 0 -30.785
      vertex 20.15 0 -12.5336
    endloop
  endfacet
  facet normal 0 -1 0
    outer loop
      vertex 19.6073 0 -12.7583
      vertex 34.225 0 -30.785
      vertex 19.886 0 -12.6637
    endloop
  endfacet
  facet normal 0 -1 0
    outer loop
      vertex 19.025 0 -12.835
      vertex 30.225 0 -34.785
      vertex 19.3187 0 -12.8158
    endloop
  endfacet
  facet normal 0 -1 0
    outer loop
      vertex -30.225 0 -34.785
      vertex -34.225 0 -30.785
      vertex -33.7668 0 -32.6439
    endloop
  endfacet
  facet normal 0 -1 0
    outer loop
      vertex 19.3187 0 -12.8158
      vertex 30.225 0 -34.785
      vertex 19.6073 0 -12.7583
    endloop
  endfacet
  facet normal 0 -1 0
    outer loop
      vertex -30.225 0 -34.785
      vertex -33.7668 0 -32.6439
      vertex -32.4973 0 -34.0769
    endloop
  endfacet
  facet normal 0 -1 0
    outer loop
      vertex 19.6073 0 -12.7583
      vertex 30.225 0 -34.785
      vertex 34.225 0 -30.785
    endloop
  endfacet
  facet normal 0 -1 0
    outer loop
      vertex 34.225 0 -30.785
      vertex 30.225 0 -34.785
      vertex 33.5169 0 -33.0573
    endloop
  endfacet
  facet normal 0 -1 0
    outer loop
      vertex 33.5169 0 -33.0573
      vertex 30.225 0 -34.785
      vertex 32.0839 0 -34.3268
    endloop
  endfacet
  facet normal -0.970939 0 -0.239327
    outer loop
      vertex -33.7668 0 -32.6439
      vertex -34.225 2.5 -30.785
      vertex -33.7668 2.5 -32.6439
    endloop
  endfacet
  facet normal -0.970939 -0 -0.239327
    outer loop
      vertex -34.225 2.5 -30.785
      vertex -33.7668 0 -32.6439
      vertex -34.225 0 -30.785
    endloop
  endfacet
  facet normal -0.748518 0 -0.663115
    outer loop
      vertex -32.4973 0 -34.0769
      vertex -33.7668 2.5 -32.6439
      vertex -32.4973 2.5 -34.0769
    endloop
  endfacet
  facet normal -0.748518 -0 -0.663115
    outer loop
      vertex -33.7668 2.5 -32.6439
      vertex -32.4973 0 -34.0769
      vertex -33.7668 0 -32.6439
    endloop
  endfacet
  facet normal 0 0 -1
    outer loop
      vertex -30.225 0 -34.785
      vertex 30.225 2.5 -34.785
      vertex 30.225 0 -34.785
    endloop
  endfacet
  facet normal -0 0 -1
    outer loop
      vertex 30.225 2.5 -34.785
      vertex -30.225 0 -34.785
      vertex -30.225 2.5 -34.785
    endloop
  endfacet
  facet normal 0.239327 0 -0.970939
    outer loop
      vertex 30.225 0 -34.785
      vertex 32.0839 2.5 -34.3268
      vertex 32.0839 0 -34.3268
    endloop
  endfacet
  facet normal 0.239327 0 -0.970939
    outer loop
      vertex 32.0839 2.5 -34.3268
      vertex 30.225 0 -34.785
      vertex 30.225 2.5 -34.785
    endloop
  endfacet
  facet normal -0.239327 0 0.970939
    outer loop
      vertex -32.0839 2.5 34.3268
      vertex -30.225 0 34.785
      vertex -30.225 2.5 34.785
    endloop
  endfacet
  facet normal -0.239327 0 0.970939
    outer loop
      vertex -30.225 0 34.785
      vertex -32.0839 2.5 34.3268
      vertex -32.0839 0 34.3268
    endloop
  endfacet
  facet normal -0.663115 0 0.748518
    outer loop
      vertex -33.5169 2.5 33.0573
      vertex -32.0839 0 34.3268
      vertex -32.0839 2.5 34.3268
    endloop
  endfacet
  facet normal -0.663115 0 0.748518
    outer loop
      vertex -32.0839 0 34.3268
      vertex -33.5169 2.5 33.0573
      vertex -33.5169 0 33.0573
    endloop
  endfacet
  facet normal 0.970939 -0 0.239327
    outer loop
      vertex 33.7668 0 32.6439
      vertex 34.225 2.5 30.785
      vertex 33.7668 2.5 32.6439
    endloop
  endfacet
  facet normal 0.970939 0 0.239327
    outer loop
      vertex 34.225 2.5 30.785
      vertex 33.7668 0 32.6439
      vertex 34.225 0 30.785
    endloop
  endfacet
  facet normal 0.748518 -0 0.663115
    outer loop
      vertex 32.4973 0 34.0769
      vertex 33.7668 2.5 32.6439
      vertex 32.4973 2.5 34.0769
    endloop
  endfacet
  facet normal 0.748518 0 0.663115
    outer loop
      vertex 33.7668 2.5 32.6439
      vertex 32.4973 0 34.0769
      vertex 33.7668 0 32.6439
    endloop
  endfacet
  facet normal -0.99787 0 0.0652336
    outer loop
      vertex -16.7942 0 -10.8787
      vertex -16.775 2.5 -10.585
      vertex -16.7942 2.5 -10.8787
    endloop
  endfacet
  facet normal -0.99787 0 0.0652336
    outer loop
      vertex -16.775 2.5 -10.585
      vertex -16.7942 0 -10.8787
      vertex -16.775 0 -10.585
    endloop
  endfacet
  facet normal 0.99787 -0 0.0652336
    outer loop
      vertex -21.275 0 -10.585
      vertex -21.2558 2.5 -10.8787
      vertex -21.275 2.5 -10.585
    endloop
  endfacet
  facet normal 0.99787 0 0.0652336
    outer loop
      vertex -21.2558 2.5 -10.8787
      vertex -21.275 0 -10.585
      vertex -21.2558 0 -10.8787
    endloop
  endfacet
  facet normal 0.0652336 0 0.99787
    outer loop
      vertex -19.3187 2.5 -12.8158
      vertex -19.025 0 -12.835
      vertex -19.025 2.5 -12.835
    endloop
  endfacet
  facet normal 0.0652336 0 0.99787
    outer loop
      vertex -19.025 0 -12.835
      vertex -19.3187 2.5 -12.8158
      vertex -19.3187 0 -12.8158
    endloop
  endfacet
  facet normal 0.0654027 0 -0.997859
    outer loop
      vertex -19.3187 0 -8.35425
      vertex -19.025 2.5 -8.335
      vertex -19.025 0 -8.335
    endloop
  endfacet
  facet normal 0.0654027 0 -0.997859
    outer loop
      vertex -19.025 2.5 -8.335
      vertex -19.3187 0 -8.35425
      vertex -19.3187 2.5 -8.35425
    endloop
  endfacet
  facet normal 0.751936 0 -0.659236
    outer loop
      vertex -20.616 0 -8.99401
      vertex -20.81 2.5 -9.21529
      vertex -20.616 2.5 -8.99401
    endloop
  endfacet
  facet normal 0.751936 0 -0.659236
    outer loop
      vertex -20.81 2.5 -9.21529
      vertex -20.616 0 -8.99401
      vertex -20.81 0 -9.21529
    endloop
  endfacet
  facet normal -0.659202 0 0.751966
    outer loop
      vertex -17.6553 2.5 -12.37
      vertex -17.434 0 -12.176
      vertex -17.434 2.5 -12.176
    endloop
  endfacet
  facet normal -0.659202 0 0.751966
    outer loop
      vertex -17.434 0 -12.176
      vertex -17.6553 2.5 -12.37
      vertex -17.6553 0 -12.37
    endloop
  endfacet
  facet normal 0.659202 0 0.751966
    outer loop
      vertex -20.616 2.5 -12.176
      vertex -20.3947 0 -12.37
      vertex -20.3947 2.5 -12.37
    endloop
  endfacet
  facet normal 0.659202 0 0.751966
    outer loop
      vertex -20.3947 0 -12.37
      vertex -20.616 2.5 -12.176
      vertex -20.616 0 -12.176
    endloop
  endfacet
  facet normal 0.442042 0 0.896995
    outer loop
      vertex -20.15 2.5 -12.5336
      vertex -19.886 0 -12.6637
      vertex -19.886 2.5 -12.6637
    endloop
  endfacet
  facet normal 0.442042 0 0.896995
    outer loop
      vertex -19.886 0 -12.6637
      vertex -20.15 2.5 -12.5336
      vertex -20.15 0 -12.5336
    endloop
  endfacet
  facet normal -0.896995 0 0.442042
    outer loop
      vertex -17.0764 0 -11.71
      vertex -16.9463 2.5 -11.446
      vertex -17.0764 2.5 -11.71
    endloop
  endfacet
  facet normal -0.896995 0 0.442042
    outer loop
      vertex -16.9463 2.5 -11.446
      vertex -17.0764 0 -11.71
      vertex -16.9463 0 -11.446
    endloop
  endfacet
  facet normal -0.980724 0 0.195397
    outer loop
      vertex -16.8517 0 -11.1673
      vertex -16.7942 2.5 -10.8787
      vertex -16.8517 2.5 -11.1673
    endloop
  endfacet
  facet normal -0.980724 0 0.195397
    outer loop
      vertex -16.7942 2.5 -10.8787
      vertex -16.8517 0 -11.1673
      vertex -16.7942 0 -10.8787
    endloop
  endfacet
  facet normal -0.831318 0 0.555797
    outer loop
      vertex -17.24 0 -11.9547
      vertex -17.0764 2.5 -11.71
      vertex -17.24 2.5 -11.9547
    endloop
  endfacet
  facet normal -0.831318 0 0.555797
    outer loop
      vertex -17.0764 2.5 -11.71
      vertex -17.24 0 -11.9547
      vertex -17.0764 0 -11.71
    endloop
  endfacet
  facet normal -0.321421 0 0.946936
    outer loop
      vertex -18.4427 2.5 -12.7583
      vertex -18.164 0 -12.6637
      vertex -18.164 2.5 -12.6637
    endloop
  endfacet
  facet normal -0.321421 0 0.946936
    outer loop
      vertex -18.164 0 -12.6637
      vertex -18.4427 2.5 -12.7583
      vertex -18.4427 0 -12.7583
    endloop
  endfacet
  facet normal -0.195397 0 0.980724
    outer loop
      vertex -18.7313 2.5 -12.8158
      vertex -18.4427 0 -12.7583
      vertex -18.4427 2.5 -12.7583
    endloop
  endfacet
  facet normal -0.195397 0 0.980724
    outer loop
      vertex -18.4427 0 -12.7583
      vertex -18.7313 2.5 -12.8158
      vertex -18.7313 0 -12.8158
    endloop
  endfacet
  facet normal -0.442042 0 0.896995
    outer loop
      vertex -18.164 2.5 -12.6637
      vertex -17.9 0 -12.5336
      vertex -17.9 2.5 -12.5336
    endloop
  endfacet
  facet normal -0.442042 0 0.896995
    outer loop
      vertex -17.9 0 -12.5336
      vertex -18.164 2.5 -12.6637
      vertex -18.164 0 -12.6637
    endloop
  endfacet
  facet normal 0.896995 -0 0.442042
    outer loop
      vertex -21.1037 0 -11.446
      vertex -20.9736 2.5 -11.71
      vertex -21.1037 2.5 -11.446
    endloop
  endfacet
  facet normal 0.896995 0 0.442042
    outer loop
      vertex -20.9736 2.5 -11.71
      vertex -21.1037 0 -11.446
      vertex -20.9736 0 -11.71
    endloop
  endfacet
  facet normal 0.751966 -0 0.659202
    outer loop
      vertex -20.81 0 -11.9547
      vertex -20.616 2.5 -12.176
      vertex -20.81 2.5 -11.9547
    endloop
  endfacet
  facet normal 0.751966 0 0.659202
    outer loop
      vertex -20.616 2.5 -12.176
      vertex -20.81 0 -11.9547
      vertex -20.616 0 -12.176
    endloop
  endfacet
  facet normal 0.946936 -0 0.321421
    outer loop
      vertex -21.1983 0 -11.1673
      vertex -21.1037 2.5 -11.446
      vertex -21.1983 2.5 -11.1673
    endloop
  endfacet
  facet normal 0.946936 0 0.321421
    outer loop
      vertex -21.1037 2.5 -11.446
      vertex -21.1983 0 -11.1673
      vertex -21.1037 0 -11.446
    endloop
  endfacet
  facet normal 0.555797 0 0.831318
    outer loop
      vertex -20.3947 2.5 -12.37
      vertex -20.15 0 -12.5336
      vertex -20.15 2.5 -12.5336
    endloop
  endfacet
  facet normal 0.555797 0 0.831318
    outer loop
      vertex -20.15 0 -12.5336
      vertex -20.3947 2.5 -12.37
      vertex -20.3947 0 -12.37
    endloop
  endfacet
  facet normal 0.321421 0 0.946936
    outer loop
      vertex -19.886 2.5 -12.6637
      vertex -19.6073 0 -12.7583
      vertex -19.6073 2.5 -12.7583
    endloop
  endfacet
  facet normal 0.321421 0 0.946936
    outer loop
      vertex -19.6073 0 -12.7583
      vertex -19.886 2.5 -12.6637
      vertex -19.886 0 -12.6637
    endloop
  endfacet
  facet normal -0.980724 0 -0.195397
    outer loop
      vertex -16.7942 0 -10.2913
      vertex -16.8517 2.5 -10.0027
      vertex -16.7942 2.5 -10.2913
    endloop
  endfacet
  facet normal -0.980724 -0 -0.195397
    outer loop
      vertex -16.8517 2.5 -10.0027
      vertex -16.7942 0 -10.2913
      vertex -16.8517 0 -10.0027
    endloop
  endfacet
  facet normal 0.321421 0 -0.946936
    outer loop
      vertex -19.886 0 -8.50627
      vertex -19.6073 2.5 -8.41167
      vertex -19.6073 0 -8.41167
    endloop
  endfacet
  facet normal 0.321421 0 -0.946936
    outer loop
      vertex -19.6073 2.5 -8.41167
      vertex -19.886 0 -8.50627
      vertex -19.886 2.5 -8.50627
    endloop
  endfacet
  facet normal 0.896968 0 -0.442096
    outer loop
      vertex -20.9736 0 -9.46
      vertex -21.1037 2.5 -9.72396
      vertex -20.9736 2.5 -9.46
    endloop
  endfacet
  facet normal 0.896968 0 -0.442096
    outer loop
      vertex -21.1037 2.5 -9.72396
      vertex -20.9736 0 -9.46
      vertex -21.1037 0 -9.72396
    endloop
  endfacet
  facet normal -0.946936 0 0.321421
    outer loop
      vertex -16.9463 0 -11.446
      vertex -16.8517 2.5 -11.1673
      vertex -16.9463 2.5 -11.446
    endloop
  endfacet
  facet normal -0.946936 0 0.321421
    outer loop
      vertex -16.8517 2.5 -11.1673
      vertex -16.9463 0 -11.446
      vertex -16.8517 0 -11.1673
    endloop
  endfacet
  facet normal -0.751966 0 0.659202
    outer loop
      vertex -17.434 0 -12.176
      vertex -17.24 2.5 -11.9547
      vertex -17.434 2.5 -12.176
    endloop
  endfacet
  facet normal -0.751966 0 0.659202
    outer loop
      vertex -17.24 2.5 -11.9547
      vertex -17.434 0 -12.176
      vertex -17.24 0 -11.9547
    endloop
  endfacet
  facet normal -0.0652336 0 0.99787
    outer loop
      vertex -19.025 2.5 -12.835
      vertex -18.7313 0 -12.8158
      vertex -18.7313 2.5 -12.8158
    endloop
  endfacet
  facet normal -0.0652336 0 0.99787
    outer loop
      vertex -18.7313 0 -12.8158
      vertex -19.025 2.5 -12.835
      vertex -19.025 0 -12.835
    endloop
  endfacet
  facet normal -0.555797 0 0.831318
    outer loop
      vertex -17.9 2.5 -12.5336
      vertex -17.6553 0 -12.37
      vertex -17.6553 2.5 -12.37
    endloop
  endfacet
  facet normal -0.555797 0 0.831318
    outer loop
      vertex -17.6553 0 -12.37
      vertex -17.9 2.5 -12.5336
      vertex -17.9 0 -12.5336
    endloop
  endfacet
  facet normal 0.831318 -0 0.555797
    outer loop
      vertex -20.9736 0 -11.71
      vertex -20.81 2.5 -11.9547
      vertex -20.9736 2.5 -11.71
    endloop
  endfacet
  facet normal 0.831318 0 0.555797
    outer loop
      vertex -20.81 2.5 -11.9547
      vertex -20.9736 0 -11.71
      vertex -20.81 0 -11.9547
    endloop
  endfacet
  facet normal 0.980724 -0 0.195397
    outer loop
      vertex -21.2558 0 -10.8787
      vertex -21.1983 2.5 -11.1673
      vertex -21.2558 2.5 -10.8787
    endloop
  endfacet
  facet normal 0.980724 0 0.195397
    outer loop
      vertex -21.1983 2.5 -11.1673
      vertex -21.2558 0 -10.8787
      vertex -21.1983 0 -11.1673
    endloop
  endfacet
  facet normal 0.195397 0 0.980724
    outer loop
      vertex -19.6073 2.5 -12.7583
      vertex -19.3187 0 -12.8158
      vertex -19.3187 2.5 -12.8158
    endloop
  endfacet
  facet normal 0.195397 0 0.980724
    outer loop
      vertex -19.3187 0 -12.8158
      vertex -19.6073 2.5 -12.7583
      vertex -19.6073 0 -12.7583
    endloop
  endfacet
  facet normal -0.99787 0 -0.0652336
    outer loop
      vertex -16.775 0 -10.585
      vertex -16.7942 2.5 -10.2913
      vertex -16.775 2.5 -10.585
    endloop
  endfacet
  facet normal -0.99787 -0 -0.0652336
    outer loop
      vertex -16.7942 2.5 -10.2913
      vertex -16.775 0 -10.585
      vertex -16.7942 0 -10.2913
    endloop
  endfacet
  facet normal -0.0654027 0 -0.997859
    outer loop
      vertex -19.025 0 -8.335
      vertex -18.7313 2.5 -8.35425
      vertex -18.7313 0 -8.35425
    endloop
  endfacet
  facet normal -0.0654027 0 -0.997859
    outer loop
      vertex -18.7313 2.5 -8.35425
      vertex -19.025 0 -8.335
      vertex -19.025 2.5 -8.335
    endloop
  endfacet
  facet normal -0.321421 0 -0.946936
    outer loop
      vertex -18.4427 0 -8.41167
      vertex -18.164 2.5 -8.50627
      vertex -18.164 0 -8.50627
    endloop
  endfacet
  facet normal -0.321421 0 -0.946936
    outer loop
      vertex -18.164 2.5 -8.50627
      vertex -18.4427 0 -8.41167
      vertex -18.4427 2.5 -8.41167
    endloop
  endfacet
  facet normal -0.659317 0 -0.751865
    outer loop
      vertex -17.6553 0 -8.79995
      vertex -17.434 2.5 -8.99401
      vertex -17.434 0 -8.99401
    endloop
  endfacet
  facet normal -0.659317 0 -0.751865
    outer loop
      vertex -17.434 2.5 -8.99401
      vertex -17.6553 0 -8.79995
      vertex -17.6553 2.5 -8.79995
    endloop
  endfacet
  facet normal -0.442233 0 -0.8969
    outer loop
      vertex -18.164 0 -8.50627
      vertex -17.9 2.5 -8.63644
      vertex -17.9 0 -8.63644
    endloop
  endfacet
  facet normal -0.442233 0 -0.8969
    outer loop
      vertex -17.9 2.5 -8.63644
      vertex -18.164 0 -8.50627
      vertex -18.164 2.5 -8.50627
    endloop
  endfacet
  facet normal -0.751936 0 -0.659236
    outer loop
      vertex -17.24 0 -9.21529
      vertex -17.434 2.5 -8.99401
      vertex -17.24 2.5 -9.21529
    endloop
  endfacet
  facet normal -0.751936 -0 -0.659236
    outer loop
      vertex -17.434 2.5 -8.99401
      vertex -17.24 0 -9.21529
      vertex -17.434 0 -8.99401
    endloop
  endfacet
  facet normal 0.659317 0 -0.751865
    outer loop
      vertex -20.616 0 -8.99401
      vertex -20.3947 2.5 -8.79995
      vertex -20.3947 0 -8.79995
    endloop
  endfacet
  facet normal 0.659317 0 -0.751865
    outer loop
      vertex -20.3947 2.5 -8.79995
      vertex -20.616 0 -8.99401
      vertex -20.616 2.5 -8.99401
    endloop
  endfacet
  facet normal 0.442233 0 -0.8969
    outer loop
      vertex -20.15 0 -8.63644
      vertex -19.886 2.5 -8.50627
      vertex -19.886 0 -8.50627
    endloop
  endfacet
  facet normal 0.442233 0 -0.8969
    outer loop
      vertex -19.886 2.5 -8.50627
      vertex -20.15 0 -8.63644
      vertex -20.15 2.5 -8.63644
    endloop
  endfacet
  facet normal 0.195136 0 -0.980776
    outer loop
      vertex -19.6073 0 -8.41167
      vertex -19.3187 2.5 -8.35425
      vertex -19.3187 0 -8.35425
    endloop
  endfacet
  facet normal 0.195136 0 -0.980776
    outer loop
      vertex -19.3187 2.5 -8.35425
      vertex -19.6073 0 -8.41167
      vertex -19.6073 2.5 -8.41167
    endloop
  endfacet
  facet normal 0.831328 0 -0.555782
    outer loop
      vertex -20.81 0 -9.21529
      vertex -20.9736 2.5 -9.46
      vertex -20.81 2.5 -9.21529
    endloop
  endfacet
  facet normal 0.831328 0 -0.555782
    outer loop
      vertex -20.9736 2.5 -9.46
      vertex -20.81 0 -9.21529
      vertex -20.9736 0 -9.46
    endloop
  endfacet
  facet normal 0.94695 0 -0.32138
    outer loop
      vertex -21.1037 0 -9.72396
      vertex -21.1983 2.5 -10.0027
      vertex -21.1037 2.5 -9.72396
    endloop
  endfacet
  facet normal 0.94695 0 -0.32138
    outer loop
      vertex -21.1983 2.5 -10.0027
      vertex -21.1037 0 -9.72396
      vertex -21.1983 0 -10.0027
    endloop
  endfacet
  facet normal 0.99787 0 -0.0652336
    outer loop
      vertex -21.2558 0 -10.2913
      vertex -21.275 2.5 -10.585
      vertex -21.2558 2.5 -10.2913
    endloop
  endfacet
  facet normal 0.99787 0 -0.0652336
    outer loop
      vertex -21.275 2.5 -10.585
      vertex -21.2558 0 -10.2913
      vertex -21.275 0 -10.585
    endloop
  endfacet
  facet normal -0.195136 0 -0.980776
    outer loop
      vertex -18.7313 0 -8.35425
      vertex -18.4427 2.5 -8.41167
      vertex -18.4427 0 -8.41167
    endloop
  endfacet
  facet normal -0.195136 0 -0.980776
    outer loop
      vertex -18.4427 2.5 -8.41167
      vertex -18.7313 0 -8.35425
      vertex -18.7313 2.5 -8.35425
    endloop
  endfacet
  facet normal -0.555586 0 -0.831459
    outer loop
      vertex -17.9 0 -8.63644
      vertex -17.6553 2.5 -8.79995
      vertex -17.6553 0 -8.79995
    endloop
  endfacet
  facet normal -0.555586 0 -0.831459
    outer loop
      vertex -17.6553 2.5 -8.79995
      vertex -17.9 0 -8.63644
      vertex -17.9 2.5 -8.63644
    endloop
  endfacet
  facet normal 0.555586 0 -0.831459
    outer loop
      vertex -20.3947 0 -8.79995
      vertex -20.15 2.5 -8.63644
      vertex -20.15 0 -8.63644
    endloop
  endfacet
  facet normal 0.555586 0 -0.831459
    outer loop
      vertex -20.15 2.5 -8.63644
      vertex -20.3947 0 -8.79995
      vertex -20.3947 2.5 -8.79995
    endloop
  endfacet
  facet normal 0.980724 0 -0.195397
    outer loop
      vertex -21.1983 0 -10.0027
      vertex -21.2558 2.5 -10.2913
      vertex -21.1983 2.5 -10.0027
    endloop
  endfacet
  facet normal 0.980724 0 -0.195397
    outer loop
      vertex -21.2558 2.5 -10.2913
      vertex -21.1983 0 -10.0027
      vertex -21.2558 0 -10.2913
    endloop
  endfacet
  facet normal -0.896968 0 -0.442096
    outer loop
      vertex -16.9463 0 -9.72396
      vertex -17.0764 2.5 -9.46
      vertex -16.9463 2.5 -9.72396
    endloop
  endfacet
  facet normal -0.896968 -0 -0.442096
    outer loop
      vertex -17.0764 2.5 -9.46
      vertex -16.9463 0 -9.72396
      vertex -17.0764 0 -9.46
    endloop
  endfacet
  facet normal -0.831328 0 -0.555782
    outer loop
      vertex -17.0764 0 -9.46
      vertex -17.24 2.5 -9.21529
      vertex -17.0764 2.5 -9.46
    endloop
  endfacet
  facet normal -0.831328 -0 -0.555782
    outer loop
      vertex -17.24 2.5 -9.21529
      vertex -17.0764 0 -9.46
      vertex -17.24 0 -9.21529
    endloop
  endfacet
  facet normal -0.94695 0 -0.32138
    outer loop
      vertex -16.8517 0 -10.0027
      vertex -16.9463 2.5 -9.72396
      vertex -16.8517 2.5 -10.0027
    endloop
  endfacet
  facet normal -0.94695 -0 -0.32138
    outer loop
      vertex -16.9463 2.5 -9.72396
      vertex -16.8517 0 -10.0027
      vertex -16.9463 0 -9.72396
    endloop
  endfacet
  facet normal -0.99787 0 0.0652336
    outer loop
      vertex -16.7942 0 19.2913
      vertex -16.775 2.5 19.585
      vertex -16.7942 2.5 19.2913
    endloop
  endfacet
  facet normal -0.99787 0 0.0652336
    outer loop
      vertex -16.775 2.5 19.585
      vertex -16.7942 0 19.2913
      vertex -16.775 0 19.585
    endloop
  endfacet
  facet normal 0.0652336 0 0.99787
    outer loop
      vertex -19.3187 2.5 17.3542
      vertex -19.025 0 17.335
      vertex -19.025 2.5 17.335
    endloop
  endfacet
  facet normal 0.0652336 0 0.99787
    outer loop
      vertex -19.025 0 17.335
      vertex -19.3187 2.5 17.3542
      vertex -19.3187 0 17.3542
    endloop
  endfacet
  facet normal -0.659202 0 0.751966
    outer loop
      vertex -17.6553 2.5 17.8
      vertex -17.434 0 17.994
      vertex -17.434 2.5 17.994
    endloop
  endfacet
  facet normal -0.659202 0 0.751966
    outer loop
      vertex -17.434 0 17.994
      vertex -17.6553 2.5 17.8
      vertex -17.6553 0 17.8
    endloop
  endfacet
  facet normal 0.751966 -0 0.659202
    outer loop
      vertex -20.81 0 18.2153
      vertex -20.616 2.5 17.994
      vertex -20.81 2.5 18.2153
    endloop
  endfacet
  facet normal 0.751966 0 0.659202
    outer loop
      vertex -20.616 2.5 17.994
      vertex -20.81 0 18.2153
      vertex -20.616 0 17.994
    endloop
  endfacet
  facet normal 0.442042 0 0.896995
    outer loop
      vertex -20.15 2.5 17.6364
      vertex -19.886 0 17.5063
      vertex -19.886 2.5 17.5063
    endloop
  endfacet
  facet normal 0.442042 0 0.896995
    outer loop
      vertex -19.886 0 17.5063
      vertex -20.15 2.5 17.6364
      vertex -20.15 0 17.6364
    endloop
  endfacet
  facet normal 0.946936 0 -0.321421
    outer loop
      vertex -21.1037 0 20.446
      vertex -21.1983 2.5 20.1673
      vertex -21.1037 2.5 20.446
    endloop
  endfacet
  facet normal 0.946936 0 -0.321421
    outer loop
      vertex -21.1983 2.5 20.1673
      vertex -21.1037 0 20.446
      vertex -21.1983 0 20.1673
    endloop
  endfacet
  facet normal -0.896995 0 0.442042
    outer loop
      vertex -17.0764 0 18.46
      vertex -16.9463 2.5 18.724
      vertex -17.0764 2.5 18.46
    endloop
  endfacet
  facet normal -0.896995 0 0.442042
    outer loop
      vertex -16.9463 2.5 18.724
      vertex -17.0764 0 18.46
      vertex -16.9463 0 18.724
    endloop
  endfacet
  facet normal -0.980724 0 0.195397
    outer loop
      vertex -16.8517 0 19.0027
      vertex -16.7942 2.5 19.2913
      vertex -16.8517 2.5 19.0027
    endloop
  endfacet
  facet normal -0.980724 0 0.195397
    outer loop
      vertex -16.7942 2.5 19.2913
      vertex -16.8517 0 19.0027
      vertex -16.7942 0 19.2913
    endloop
  endfacet
  facet normal -0.321421 0 0.946936
    outer loop
      vertex -18.4427 2.5 17.4117
      vertex -18.164 0 17.5063
      vertex -18.164 2.5 17.5063
    endloop
  endfacet
  facet normal -0.321421 0 0.946936
    outer loop
      vertex -18.164 0 17.5063
      vertex -18.4427 2.5 17.4117
      vertex -18.4427 0 17.4117
    endloop
  endfacet
  facet normal -0.442042 0 0.896995
    outer loop
      vertex -18.164 2.5 17.5063
      vertex -17.9 0 17.6364
      vertex -17.9 2.5 17.6364
    endloop
  endfacet
  facet normal -0.442042 0 0.896995
    outer loop
      vertex -17.9 0 17.6364
      vertex -18.164 2.5 17.5063
      vertex -18.164 0 17.5063
    endloop
  endfacet
  facet normal 0.896995 -0 0.442042
    outer loop
      vertex -21.1037 0 18.724
      vertex -20.9736 2.5 18.46
      vertex -21.1037 2.5 18.724
    endloop
  endfacet
  facet normal 0.896995 0 0.442042
    outer loop
      vertex -20.9736 2.5 18.46
      vertex -21.1037 0 18.724
      vertex -20.9736 0 18.46
    endloop
  endfacet
  facet normal 0.831318 -0 0.555797
    outer loop
      vertex -20.9736 0 18.46
      vertex -20.81 2.5 18.2153
      vertex -20.9736 2.5 18.46
    endloop
  endfacet
  facet normal 0.831318 0 0.555797
    outer loop
      vertex -20.81 2.5 18.2153
      vertex -20.9736 0 18.46
      vertex -20.81 0 18.2153
    endloop
  endfacet
  facet normal 0.980724 -0 0.195397
    outer loop
      vertex -21.2558 0 19.2913
      vertex -21.1983 2.5 19.0027
      vertex -21.2558 2.5 19.2913
    endloop
  endfacet
  facet normal 0.980724 0 0.195397
    outer loop
      vertex -21.1983 2.5 19.0027
      vertex -21.2558 0 19.2913
      vertex -21.1983 0 19.0027
    endloop
  endfacet
  facet normal 0.659202 0 0.751966
    outer loop
      vertex -20.616 2.5 17.994
      vertex -20.3947 0 17.8
      vertex -20.3947 2.5 17.8
    endloop
  endfacet
  facet normal 0.659202 0 0.751966
    outer loop
      vertex -20.3947 0 17.8
      vertex -20.616 2.5 17.994
      vertex -20.616 0 17.994
    endloop
  endfacet
  facet normal 0.321421 0 0.946936
    outer loop
      vertex -19.886 2.5 17.5063
      vertex -19.6073 0 17.4117
      vertex -19.6073 2.5 17.4117
    endloop
  endfacet
  facet normal 0.321421 0 0.946936
    outer loop
      vertex -19.6073 0 17.4117
      vertex -19.886 2.5 17.5063
      vertex -19.886 0 17.5063
    endloop
  endfacet
  facet normal -0.751966 0 -0.659202
    outer loop
      vertex -17.24 0 20.9547
      vertex -17.434 2.5 21.176
      vertex -17.24 2.5 20.9547
    endloop
  endfacet
  facet normal -0.751966 -0 -0.659202
    outer loop
      vertex -17.434 2.5 21.176
      vertex -17.24 0 20.9547
      vertex -17.434 0 21.176
    endloop
  endfacet
  facet normal -0.555797 0 -0.831318
    outer loop
      vertex -17.9 0 21.5336
      vertex -17.6553 2.5 21.37
      vertex -17.6553 0 21.37
    endloop
  endfacet
  facet normal -0.555797 0 -0.831318
    outer loop
      vertex -17.6553 2.5 21.37
      vertex -17.9 0 21.5336
      vertex -17.9 2.5 21.5336
    endloop
  endfacet
  facet normal -0.980724 0 -0.195397
    outer loop
      vertex -16.7942 0 19.8787
      vertex -16.8517 2.5 20.1673
      vertex -16.7942 2.5 19.8787
    endloop
  endfacet
  facet normal -0.980724 -0 -0.195397
    outer loop
      vertex -16.8517 2.5 20.1673
      vertex -16.7942 0 19.8787
      vertex -16.8517 0 20.1673
    endloop
  endfacet
  facet normal 0.555797 0 -0.831318
    outer loop
      vertex -20.3947 0 21.37
      vertex -20.15 2.5 21.5336
      vertex -20.15 0 21.5336
    endloop
  endfacet
  facet normal 0.555797 0 -0.831318
    outer loop
      vertex -20.15 2.5 21.5336
      vertex -20.3947 0 21.37
      vertex -20.3947 2.5 21.37
    endloop
  endfacet
  facet normal 0.195397 0 -0.980724
    outer loop
      vertex -19.6073 0 21.7583
      vertex -19.3187 2.5 21.8158
      vertex -19.3187 0 21.8158
    endloop
  endfacet
  facet normal 0.195397 0 -0.980724
    outer loop
      vertex -19.3187 2.5 21.8158
      vertex -19.6073 0 21.7583
      vertex -19.6073 2.5 21.7583
    endloop
  endfacet
  facet normal 0.659202 0 -0.751966
    outer loop
      vertex -20.616 0 21.176
      vertex -20.3947 2.5 21.37
      vertex -20.3947 0 21.37
    endloop
  endfacet
  facet normal 0.659202 0 -0.751966
    outer loop
      vertex -20.3947 2.5 21.37
      vertex -20.616 0 21.176
      vertex -20.616 2.5 21.176
    endloop
  endfacet
  facet normal 0.980724 0 -0.195397
    outer loop
      vertex -21.1983 0 20.1673
      vertex -21.2558 2.5 19.8787
      vertex -21.1983 2.5 20.1673
    endloop
  endfacet
  facet normal 0.980724 0 -0.195397
    outer loop
      vertex -21.2558 2.5 19.8787
      vertex -21.1983 0 20.1673
      vertex -21.2558 0 19.8787
    endloop
  endfacet
  facet normal -0.946936 0 0.321421
    outer loop
      vertex -16.9463 0 18.724
      vertex -16.8517 2.5 19.0027
      vertex -16.9463 2.5 18.724
    endloop
  endfacet
  facet normal -0.946936 0 0.321421
    outer loop
      vertex -16.8517 2.5 19.0027
      vertex -16.9463 0 18.724
      vertex -16.8517 0 19.0027
    endloop
  endfacet
  facet normal -0.751966 0 0.659202
    outer loop
      vertex -17.434 0 17.994
      vertex -17.24 2.5 18.2153
      vertex -17.434 2.5 17.994
    endloop
  endfacet
  facet normal -0.751966 0 0.659202
    outer loop
      vertex -17.24 2.5 18.2153
      vertex -17.434 0 17.994
      vertex -17.24 0 18.2153
    endloop
  endfacet
  facet normal -0.831318 0 0.555797
    outer loop
      vertex -17.24 0 18.2153
      vertex -17.0764 2.5 18.46
      vertex -17.24 2.5 18.2153
    endloop
  endfacet
  facet normal -0.831318 0 0.555797
    outer loop
      vertex -17.0764 2.5 18.46
      vertex -17.24 0 18.2153
      vertex -17.0764 0 18.46
    endloop
  endfacet
  facet normal -0.195397 0 0.980724
    outer loop
      vertex -18.7313 2.5 17.3542
      vertex -18.4427 0 17.4117
      vertex -18.4427 2.5 17.4117
    endloop
  endfacet
  facet normal -0.195397 0 0.980724
    outer loop
      vertex -18.4427 0 17.4117
      vertex -18.7313 2.5 17.3542
      vertex -18.7313 0 17.3542
    endloop
  endfacet
  facet normal -0.0652336 0 0.99787
    outer loop
      vertex -19.025 2.5 17.335
      vertex -18.7313 0 17.3542
      vertex -18.7313 2.5 17.3542
    endloop
  endfacet
  facet normal -0.0652336 0 0.99787
    outer loop
      vertex -18.7313 0 17.3542
      vertex -19.025 2.5 17.335
      vertex -19.025 0 17.335
    endloop
  endfacet
  facet normal -0.555797 0 0.831318
    outer loop
      vertex -17.9 2.5 17.6364
      vertex -17.6553 0 17.8
      vertex -17.6553 2.5 17.8
    endloop
  endfacet
  facet normal -0.555797 0 0.831318
    outer loop
      vertex -17.6553 0 17.8
      vertex -17.9 2.5 17.6364
      vertex -17.9 0 17.6364
    endloop
  endfacet
  facet normal 0.946936 -0 0.321421
    outer loop
      vertex -21.1983 0 19.0027
      vertex -21.1037 2.5 18.724
      vertex -21.1983 2.5 19.0027
    endloop
  endfacet
  facet normal 0.946936 0 0.321421
    outer loop
      vertex -21.1037 2.5 18.724
      vertex -21.1983 0 19.0027
      vertex -21.1037 0 18.724
    endloop
  endfacet
  facet normal 0.99787 -0 0.0652336
    outer loop
      vertex -21.275 0 19.585
      vertex -21.2558 2.5 19.2913
      vertex -21.275 2.5 19.585
    endloop
  endfacet
  facet normal 0.99787 0 0.0652336
    outer loop
      vertex -21.2558 2.5 19.2913
      vertex -21.275 0 19.585
      vertex -21.2558 0 19.2913
    endloop
  endfacet
  facet normal 0.195397 0 0.980724
    outer loop
      vertex -19.6073 2.5 17.4117
      vertex -19.3187 0 17.3542
      vertex -19.3187 2.5 17.3542
    endloop
  endfacet
  facet normal 0.195397 0 0.980724
    outer loop
      vertex -19.3187 0 17.3542
      vertex -19.6073 2.5 17.4117
      vertex -19.6073 0 17.4117
    endloop
  endfacet
  facet normal -0.99787 0 -0.0652336
    outer loop
      vertex -16.775 0 19.585
      vertex -16.7942 2.5 19.8787
      vertex -16.775 2.5 19.585
    endloop
  endfacet
  facet normal -0.99787 -0 -0.0652336
    outer loop
      vertex -16.7942 2.5 19.8787
      vertex -16.775 0 19.585
      vertex -16.7942 0 19.8787
    endloop
  endfacet
  facet normal -0.195397 0 -0.980724
    outer loop
      vertex -18.7313 0 21.8158
      vertex -18.4427 2.5 21.7583
      vertex -18.4427 0 21.7583
    endloop
  endfacet
  facet normal -0.195397 0 -0.980724
    outer loop
      vertex -18.4427 2.5 21.7583
      vertex -18.7313 0 21.8158
      vertex -18.7313 2.5 21.8158
    endloop
  endfacet
  facet normal -0.442042 0 -0.896995
    outer loop
      vertex -18.164 0 21.6637
      vertex -17.9 2.5 21.5336
      vertex -17.9 0 21.5336
    endloop
  endfacet
  facet normal -0.442042 0 -0.896995
    outer loop
      vertex -17.9 2.5 21.5336
      vertex -18.164 0 21.6637
      vertex -18.164 2.5 21.6637
    endloop
  endfacet
  facet normal -0.659202 0 -0.751966
    outer loop
      vertex -17.6553 0 21.37
      vertex -17.434 2.5 21.176
      vertex -17.434 0 21.176
    endloop
  endfacet
  facet normal -0.659202 0 -0.751966
    outer loop
      vertex -17.434 2.5 21.176
      vertex -17.6553 0 21.37
      vertex -17.6553 2.5 21.37
    endloop
  endfacet
  facet normal -0.946936 0 -0.321421
    outer loop
      vertex -16.8517 0 20.1673
      vertex -16.9463 2.5 20.446
      vertex -16.8517 2.5 20.1673
    endloop
  endfacet
  facet normal -0.946936 -0 -0.321421
    outer loop
      vertex -16.9463 2.5 20.446
      vertex -16.8517 0 20.1673
      vertex -16.9463 0 20.446
    endloop
  endfacet
  facet normal -0.831318 0 -0.555797
    outer loop
      vertex -17.0764 0 20.71
      vertex -17.24 2.5 20.9547
      vertex -17.0764 2.5 20.71
    endloop
  endfacet
  facet normal -0.831318 -0 -0.555797
    outer loop
      vertex -17.24 2.5 20.9547
      vertex -17.0764 0 20.71
      vertex -17.24 0 20.9547
    endloop
  endfacet
  facet normal -0.896995 0 -0.442042
    outer loop
      vertex -16.9463 0 20.446
      vertex -17.0764 2.5 20.71
      vertex -16.9463 2.5 20.446
    endloop
  endfacet
  facet normal -0.896995 -0 -0.442042
    outer loop
      vertex -17.0764 2.5 20.71
      vertex -16.9463 0 20.446
      vertex -17.0764 0 20.71
    endloop
  endfacet
  facet normal 0.442042 0 -0.896995
    outer loop
      vertex -20.15 0 21.5336
      vertex -19.886 2.5 21.6637
      vertex -19.886 0 21.6637
    endloop
  endfacet
  facet normal 0.442042 0 -0.896995
    outer loop
      vertex -19.886 2.5 21.6637
      vertex -20.15 0 21.5336
      vertex -20.15 2.5 21.5336
    endloop
  endfacet
  facet normal 0.0652336 0 -0.99787
    outer loop
      vertex -19.3187 0 21.8158
      vertex -19.025 2.5 21.835
      vertex -19.025 0 21.835
    endloop
  endfacet
  facet normal 0.0652336 0 -0.99787
    outer loop
      vertex -19.025 2.5 21.835
      vertex -19.3187 0 21.8158
      vertex -19.3187 2.5 21.8158
    endloop
  endfacet
  facet normal 0.831318 0 -0.555797
    outer loop
      vertex -20.81 0 20.9547
      vertex -20.9736 2.5 20.71
      vertex -20.81 2.5 20.9547
    endloop
  endfacet
  facet normal 0.831318 0 -0.555797
    outer loop
      vertex -20.9736 2.5 20.71
      vertex -20.81 0 20.9547
      vertex -20.9736 0 20.71
    endloop
  endfacet
  facet normal 0.99787 0 -0.0652336
    outer loop
      vertex -21.2558 0 19.8787
      vertex -21.275 2.5 19.585
      vertex -21.2558 2.5 19.8787
    endloop
  endfacet
  facet normal 0.99787 0 -0.0652336
    outer loop
      vertex -21.275 2.5 19.585
      vertex -21.2558 0 19.8787
      vertex -21.275 0 19.585
    endloop
  endfacet
  facet normal 0.555797 0 0.831318
    outer loop
      vertex -20.3947 2.5 17.8
      vertex -20.15 0 17.6364
      vertex -20.15 2.5 17.6364
    endloop
  endfacet
  facet normal 0.555797 0 0.831318
    outer loop
      vertex -20.15 0 17.6364
      vertex -20.3947 2.5 17.8
      vertex -20.3947 0 17.8
    endloop
  endfacet
  facet normal -0.321421 0 -0.946936
    outer loop
      vertex -18.4427 0 21.7583
      vertex -18.164 2.5 21.6637
      vertex -18.164 0 21.6637
    endloop
  endfacet
  facet normal -0.321421 0 -0.946936
    outer loop
      vertex -18.164 2.5 21.6637
      vertex -18.4427 0 21.7583
      vertex -18.4427 2.5 21.7583
    endloop
  endfacet
  facet normal 0.321421 0 -0.946936
    outer loop
      vertex -19.886 0 21.6637
      vertex -19.6073 2.5 21.7583
      vertex -19.6073 0 21.7583
    endloop
  endfacet
  facet normal 0.321421 0 -0.946936
    outer loop
      vertex -19.6073 2.5 21.7583
      vertex -19.886 0 21.6637
      vertex -19.886 2.5 21.6637
    endloop
  endfacet
  facet normal -0.0652336 0 -0.99787
    outer loop
      vertex -19.025 0 21.835
      vertex -18.7313 2.5 21.8158
      vertex -18.7313 0 21.8158
    endloop
  endfacet
  facet normal -0.0652336 0 -0.99787
    outer loop
      vertex -18.7313 2.5 21.8158
      vertex -19.025 0 21.835
      vertex -19.025 2.5 21.835
    endloop
  endfacet
  facet normal 0.751966 0 -0.659202
    outer loop
      vertex -20.616 0 21.176
      vertex -20.81 2.5 20.9547
      vertex -20.616 2.5 21.176
    endloop
  endfacet
  facet normal 0.751966 0 -0.659202
    outer loop
      vertex -20.81 2.5 20.9547
      vertex -20.616 0 21.176
      vertex -20.81 0 20.9547
    endloop
  endfacet
  facet normal 0.896995 0 -0.442042
    outer loop
      vertex -20.9736 0 20.71
      vertex -21.1037 2.5 20.446
      vertex -20.9736 2.5 20.71
    endloop
  endfacet
  facet normal 0.896995 0 -0.442042
    outer loop
      vertex -21.1037 2.5 20.446
      vertex -20.9736 0 20.71
      vertex -21.1037 0 20.446
    endloop
  endfacet
  facet normal -0.99787 0 0.0652336
    outer loop
      vertex 21.2558 0 -10.8787
      vertex 21.275 2.5 -10.585
      vertex 21.2558 2.5 -10.8787
    endloop
  endfacet
  facet normal -0.99787 0 0.0652336
    outer loop
      vertex 21.275 2.5 -10.585
      vertex 21.2558 0 -10.8787
      vertex 21.275 0 -10.585
    endloop
  endfacet
  facet normal 0.99787 -0 0.0652336
    outer loop
      vertex 16.775 0 -10.585
      vertex 16.7942 2.5 -10.8787
      vertex 16.775 2.5 -10.585
    endloop
  endfacet
  facet normal 0.99787 0 0.0652336
    outer loop
      vertex 16.7942 2.5 -10.8787
      vertex 16.775 0 -10.585
      vertex 16.7942 0 -10.8787
    endloop
  endfacet
  facet normal 0.0652336 0 0.99787
    outer loop
      vertex 18.7313 2.5 -12.8158
      vertex 19.025 0 -12.835
      vertex 19.025 2.5 -12.835
    endloop
  endfacet
  facet normal 0.0652336 0 0.99787
    outer loop
      vertex 19.025 0 -12.835
      vertex 18.7313 2.5 -12.8158
      vertex 18.7313 0 -12.8158
    endloop
  endfacet
  facet normal -0.659202 0 0.751966
    outer loop
      vertex 20.3947 2.5 -12.37
      vertex 20.616 0 -12.176
      vertex 20.616 2.5 -12.176
    endloop
  endfacet
  facet normal -0.659202 0 0.751966
    outer loop
      vertex 20.616 0 -12.176
      vertex 20.3947 2.5 -12.37
      vertex 20.3947 0 -12.37
    endloop
  endfacet
  facet normal 0.659202 0 0.751966
    outer loop
      vertex 17.434 2.5 -12.176
      vertex 17.6553 0 -12.37
      vertex 17.6553 2.5 -12.37
    endloop
  endfacet
  facet normal 0.659202 0 0.751966
    outer loop
      vertex 17.6553 0 -12.37
      vertex 17.434 2.5 -12.176
      vertex 17.434 0 -12.176
    endloop
  endfacet
  facet normal 0.321421 0 0.946936
    outer loop
      vertex 18.164 2.5 -12.6637
      vertex 18.4427 0 -12.7583
      vertex 18.4427 2.5 -12.7583
    endloop
  endfacet
  facet normal 0.321421 0 0.946936
    outer loop
      vertex 18.4427 0 -12.7583
      vertex 18.164 2.5 -12.6637
      vertex 18.164 0 -12.6637
    endloop
  endfacet
  facet normal -0.831328 0 -0.555782
    outer loop
      vertex 20.9736 0 -9.46
      vertex 20.81 2.5 -9.21529
      vertex 20.9736 2.5 -9.46
    endloop
  endfacet
  facet normal -0.831328 -0 -0.555782
    outer loop
      vertex 20.81 2.5 -9.21529
      vertex 20.9736 0 -9.46
      vertex 20.81 0 -9.21529
    endloop
  endfacet
  facet normal -0.896995 0 0.442042
    outer loop
      vertex 20.9736 0 -11.71
      vertex 21.1037 2.5 -11.446
      vertex 20.9736 2.5 -11.71
    endloop
  endfacet
  facet normal -0.896995 0 0.442042
    outer loop
      vertex 21.1037 2.5 -11.446
      vertex 20.9736 0 -11.71
      vertex 21.1037 0 -11.446
    endloop
  endfacet
  facet normal -0.980724 0 0.195397
    outer loop
      vertex 21.1983 0 -11.1673
      vertex 21.2558 2.5 -10.8787
      vertex 21.1983 2.5 -11.1673
    endloop
  endfacet
  facet normal -0.980724 0 0.195397
    outer loop
      vertex 21.2558 2.5 -10.8787
      vertex 21.1983 0 -11.1673
      vertex 21.2558 0 -10.8787
    endloop
  endfacet
  facet normal -0.321421 0 0.946936
    outer loop
      vertex 19.6073 2.5 -12.7583
      vertex 19.886 0 -12.6637
      vertex 19.886 2.5 -12.6637
    endloop
  endfacet
  facet normal -0.321421 0 0.946936
    outer loop
      vertex 19.886 0 -12.6637
      vertex 19.6073 2.5 -12.7583
      vertex 19.6073 0 -12.7583
    endloop
  endfacet
  facet normal -0.195397 0 0.980724
    outer loop
      vertex 19.3187 2.5 -12.8158
      vertex 19.6073 0 -12.7583
      vertex 19.6073 2.5 -12.7583
    endloop
  endfacet
  facet normal -0.195397 0 0.980724
    outer loop
      vertex 19.6073 0 -12.7583
      vertex 19.3187 2.5 -12.8158
      vertex 19.3187 0 -12.8158
    endloop
  endfacet
  facet normal -0.555797 0 0.831318
    outer loop
      vertex 20.15 2.5 -12.5336
      vertex 20.3947 0 -12.37
      vertex 20.3947 2.5 -12.37
    endloop
  endfacet
  facet normal -0.555797 0 0.831318
    outer loop
      vertex 20.3947 0 -12.37
      vertex 20.15 2.5 -12.5336
      vertex 20.15 0 -12.5336
    endloop
  endfacet
  facet normal 0.831318 -0 0.555797
    outer loop
      vertex 17.0764 0 -11.71
      vertex 17.24 2.5 -11.9547
      vertex 17.0764 2.5 -11.71
    endloop
  endfacet
  facet normal 0.831318 0 0.555797
    outer loop
      vertex 17.24 2.5 -11.9547
      vertex 17.0764 0 -11.71
      vertex 17.24 0 -11.9547
    endloop
  endfacet
  facet normal 0.751966 -0 0.659202
    outer loop
      vertex 17.24 0 -11.9547
      vertex 17.434 2.5 -12.176
      vertex 17.24 2.5 -11.9547
    endloop
  endfacet
  facet normal 0.751966 0 0.659202
    outer loop
      vertex 17.434 2.5 -12.176
      vertex 17.24 0 -11.9547
      vertex 17.434 0 -12.176
    endloop
  endfacet
  facet normal 0.946936 -0 0.321421
    outer loop
      vertex 16.8517 0 -11.1673
      vertex 16.9463 2.5 -11.446
      vertex 16.8517 2.5 -11.1673
    endloop
  endfacet
  facet normal 0.946936 0 0.321421
    outer loop
      vertex 16.9463 2.5 -11.446
      vertex 16.8517 0 -11.1673
      vertex 16.9463 0 -11.446
    endloop
  endfacet
  facet normal 0.555797 0 0.831318
    outer loop
      vertex 17.6553 2.5 -12.37
      vertex 17.9 0 -12.5336
      vertex 17.9 2.5 -12.5336
    endloop
  endfacet
  facet normal 0.555797 0 0.831318
    outer loop
      vertex 17.9 0 -12.5336
      vertex 17.6553 2.5 -12.37
      vertex 17.6553 0 -12.37
    endloop
  endfacet
  facet normal 0.195397 0 0.980724
    outer loop
      vertex 18.4427 2.5 -12.7583
      vertex 18.7313 0 -12.8158
      vertex 18.7313 2.5 -12.8158
    endloop
  endfacet
  facet normal 0.195397 0 0.980724
    outer loop
      vertex 18.7313 0 -12.8158
      vertex 18.4427 2.5 -12.7583
      vertex 18.4427 0 -12.7583
    endloop
  endfacet
  facet normal -0.659317 0 -0.751865
    outer loop
      vertex 20.3947 0 -8.79995
      vertex 20.616 2.5 -8.99401
      vertex 20.616 0 -8.99401
    endloop
  endfacet
  facet normal -0.659317 0 -0.751865
    outer loop
      vertex 20.616 2.5 -8.99401
      vertex 20.3947 0 -8.79995
      vertex 20.3947 2.5 -8.79995
    endloop
  endfacet
  facet normal -0.442233 0 -0.8969
    outer loop
      vertex 19.886 0 -8.50627
      vertex 20.15 2.5 -8.63644
      vertex 20.15 0 -8.63644
    endloop
  endfacet
  facet normal -0.442233 0 -0.8969
    outer loop
      vertex 20.15 2.5 -8.63644
      vertex 19.886 0 -8.50627
      vertex 19.886 2.5 -8.50627
    endloop
  endfacet
  facet normal 0.659317 0 -0.751865
    outer loop
      vertex 17.434 0 -8.99401
      vertex 17.6553 2.5 -8.79995
      vertex 17.6553 0 -8.79995
    endloop
  endfacet
  facet normal 0.659317 0 -0.751865
    outer loop
      vertex 17.6553 2.5 -8.79995
      vertex 17.434 0 -8.99401
      vertex 17.434 2.5 -8.99401
    endloop
  endfacet
  facet normal 0.321421 0 -0.946936
    outer loop
      vertex 18.164 0 -8.50627
      vertex 18.4427 2.5 -8.41167
      vertex 18.4427 0 -8.41167
    endloop
  endfacet
  facet normal 0.321421 0 -0.946936
    outer loop
      vertex 18.4427 2.5 -8.41167
      vertex 18.164 0 -8.50627
      vertex 18.164 2.5 -8.50627
    endloop
  endfacet
  facet normal 0.896968 0 -0.442096
    outer loop
      vertex 17.0764 0 -9.46
      vertex 16.9463 2.5 -9.72396
      vertex 17.0764 2.5 -9.46
    endloop
  endfacet
  facet normal 0.896968 0 -0.442096
    outer loop
      vertex 16.9463 2.5 -9.72396
      vertex 17.0764 0 -9.46
      vertex 16.9463 0 -9.72396
    endloop
  endfacet
  facet normal 0.831328 0 -0.555782
    outer loop
      vertex 17.24 0 -9.21529
      vertex 17.0764 2.5 -9.46
      vertex 17.24 2.5 -9.21529
    endloop
  endfacet
  facet normal 0.831328 0 -0.555782
    outer loop
      vertex 17.0764 2.5 -9.46
      vertex 17.24 0 -9.21529
      vertex 17.0764 0 -9.46
    endloop
  endfacet
  facet normal -0.946936 0 0.321421
    outer loop
      vertex 21.1037 0 -11.446
      vertex 21.1983 2.5 -11.1673
      vertex 21.1037 2.5 -11.446
    endloop
  endfacet
  facet normal -0.946936 0 0.321421
    outer loop
      vertex 21.1983 2.5 -11.1673
      vertex 21.1037 0 -11.446
      vertex 21.1983 0 -11.1673
    endloop
  endfacet
  facet normal -0.751966 0 0.659202
    outer loop
      vertex 20.616 0 -12.176
      vertex 20.81 2.5 -11.9547
      vertex 20.616 2.5 -12.176
    endloop
  endfacet
  facet normal -0.751966 0 0.659202
    outer loop
      vertex 20.81 2.5 -11.9547
      vertex 20.616 0 -12.176
      vertex 20.81 0 -11.9547
    endloop
  endfacet
  facet normal -0.831318 0 0.555797
    outer loop
      vertex 20.81 0 -11.9547
      vertex 20.9736 2.5 -11.71
      vertex 20.81 2.5 -11.9547
    endloop
  endfacet
  facet normal -0.831318 0 0.555797
    outer loop
      vertex 20.9736 2.5 -11.71
      vertex 20.81 0 -11.9547
      vertex 20.9736 0 -11.71
    endloop
  endfacet
  facet normal -0.0652336 0 0.99787
    outer loop
      vertex 19.025 2.5 -12.835
      vertex 19.3187 0 -12.8158
      vertex 19.3187 2.5 -12.8158
    endloop
  endfacet
  facet normal -0.0652336 0 0.99787
    outer loop
      vertex 19.3187 0 -12.8158
      vertex 19.025 2.5 -12.835
      vertex 19.025 0 -12.835
    endloop
  endfacet
  facet normal -0.442042 0 0.896995
    outer loop
      vertex 19.886 2.5 -12.6637
      vertex 20.15 0 -12.5336
      vertex 20.15 2.5 -12.5336
    endloop
  endfacet
  facet normal -0.442042 0 0.896995
    outer loop
      vertex 20.15 0 -12.5336
      vertex 19.886 2.5 -12.6637
      vertex 19.886 0 -12.6637
    endloop
  endfacet
  facet normal 0.896995 -0 0.442042
    outer loop
      vertex 16.9463 0 -11.446
      vertex 17.0764 2.5 -11.71
      vertex 16.9463 2.5 -11.446
    endloop
  endfacet
  facet normal 0.896995 0 0.442042
    outer loop
      vertex 17.0764 2.5 -11.71
      vertex 16.9463 0 -11.446
      vertex 17.0764 0 -11.71
    endloop
  endfacet
  facet normal 0.980724 -0 0.195397
    outer loop
      vertex 16.7942 0 -10.8787
      vertex 16.8517 2.5 -11.1673
      vertex 16.7942 2.5 -10.8787
    endloop
  endfacet
  facet normal 0.980724 0 0.195397
    outer loop
      vertex 16.8517 2.5 -11.1673
      vertex 16.7942 0 -10.8787
      vertex 16.8517 0 -11.1673
    endloop
  endfacet
  facet normal 0.442042 0 0.896995
    outer loop
      vertex 17.9 2.5 -12.5336
      vertex 18.164 0 -12.6637
      vertex 18.164 2.5 -12.6637
    endloop
  endfacet
  facet normal 0.442042 0 0.896995
    outer loop
      vertex 18.164 0 -12.6637
      vertex 17.9 2.5 -12.5336
      vertex 17.9 0 -12.5336
    endloop
  endfacet
  facet normal -0.99787 0 -0.0652336
    outer loop
      vertex 21.275 0 -10.585
      vertex 21.2558 2.5 -10.2913
      vertex 21.275 2.5 -10.585
    endloop
  endfacet
  facet normal -0.99787 -0 -0.0652336
    outer loop
      vertex 21.2558 2.5 -10.2913
      vertex 21.275 0 -10.585
      vertex 21.2558 0 -10.2913
    endloop
  endfacet
  facet normal -0.0654027 0 -0.997859
    outer loop
      vertex 19.025 0 -8.335
      vertex 19.3187 2.5 -8.35425
      vertex 19.3187 0 -8.35425
    endloop
  endfacet
  facet normal -0.0654027 0 -0.997859
    outer loop
      vertex 19.3187 2.5 -8.35425
      vertex 19.025 0 -8.335
      vertex 19.025 2.5 -8.335
    endloop
  endfacet
  facet normal -0.321421 0 -0.946936
    outer loop
      vertex 19.6073 0 -8.41167
      vertex 19.886 2.5 -8.50627
      vertex 19.886 0 -8.50627
    endloop
  endfacet
  facet normal -0.321421 0 -0.946936
    outer loop
      vertex 19.886 2.5 -8.50627
      vertex 19.6073 0 -8.41167
      vertex 19.6073 2.5 -8.41167
    endloop
  endfacet
  facet normal -0.555586 0 -0.831459
    outer loop
      vertex 20.15 0 -8.63644
      vertex 20.3947 2.5 -8.79995
      vertex 20.3947 0 -8.79995
    endloop
  endfacet
  facet normal -0.555586 0 -0.831459
    outer loop
      vertex 20.3947 2.5 -8.79995
      vertex 20.15 0 -8.63644
      vertex 20.15 2.5 -8.63644
    endloop
  endfacet
  facet normal -0.751936 0 -0.659236
    outer loop
      vertex 20.81 0 -9.21529
      vertex 20.616 2.5 -8.99401
      vertex 20.81 2.5 -9.21529
    endloop
  endfacet
  facet normal -0.751936 -0 -0.659236
    outer loop
      vertex 20.616 2.5 -8.99401
      vertex 20.81 0 -9.21529
      vertex 20.616 0 -8.99401
    endloop
  endfacet
  facet normal 0.555586 0 -0.831459
    outer loop
      vertex 17.6553 0 -8.79995
      vertex 17.9 2.5 -8.63644
      vertex 17.9 0 -8.63644
    endloop
  endfacet
  facet normal 0.555586 0 -0.831459
    outer loop
      vertex 17.9 2.5 -8.63644
      vertex 17.6553 0 -8.79995
      vertex 17.6553 2.5 -8.79995
    endloop
  endfacet
  facet normal 0.195136 0 -0.980776
    outer loop
      vertex 18.4427 0 -8.41167
      vertex 18.7313 2.5 -8.35425
      vertex 18.7313 0 -8.35425
    endloop
  endfacet
  facet normal 0.195136 0 -0.980776
    outer loop
      vertex 18.7313 2.5 -8.35425
      vertex 18.4427 0 -8.41167
      vertex 18.4427 2.5 -8.41167
    endloop
  endfacet
  facet normal 0.751936 0 -0.659236
    outer loop
      vertex 17.434 0 -8.99401
      vertex 17.24 2.5 -9.21529
      vertex 17.434 2.5 -8.99401
    endloop
  endfacet
  facet normal 0.751936 0 -0.659236
    outer loop
      vertex 17.24 2.5 -9.21529
      vertex 17.434 0 -8.99401
      vertex 17.24 0 -9.21529
    endloop
  endfacet
  facet normal 0.94695 0 -0.32138
    outer loop
      vertex 16.9463 0 -9.72396
      vertex 16.8517 2.5 -10.0027
      vertex 16.9463 2.5 -9.72396
    endloop
  endfacet
  facet normal 0.94695 0 -0.32138
    outer loop
      vertex 16.8517 2.5 -10.0027
      vertex 16.9463 0 -9.72396
      vertex 16.8517 0 -10.0027
    endloop
  endfacet
  facet normal 0.99787 0 -0.0652336
    outer loop
      vertex 16.7942 0 -10.2913
      vertex 16.775 2.5 -10.585
      vertex 16.7942 2.5 -10.2913
    endloop
  endfacet
  facet normal 0.99787 0 -0.0652336
    outer loop
      vertex 16.775 2.5 -10.585
      vertex 16.7942 0 -10.2913
      vertex 16.775 0 -10.585
    endloop
  endfacet
  facet normal -0.896968 0 -0.442096
    outer loop
      vertex 21.1037 0 -9.72396
      vertex 20.9736 2.5 -9.46
      vertex 21.1037 2.5 -9.72396
    endloop
  endfacet
  facet normal -0.896968 -0 -0.442096
    outer loop
      vertex 20.9736 2.5 -9.46
      vertex 21.1037 0 -9.72396
      vertex 20.9736 0 -9.46
    endloop
  endfacet
  facet normal -0.195136 0 -0.980776
    outer loop
      vertex 19.3187 0 -8.35425
      vertex 19.6073 2.5 -8.41167
      vertex 19.6073 0 -8.41167
    endloop
  endfacet
  facet normal -0.195136 0 -0.980776
    outer loop
      vertex 19.6073 2.5 -8.41167
      vertex 19.3187 0 -8.35425
      vertex 19.3187 2.5 -8.35425
    endloop
  endfacet
  facet normal 0.442233 0 -0.8969
    outer loop
      vertex 17.9 0 -8.63644
      vertex 18.164 2.5 -8.50627
      vertex 18.164 0 -8.50627
    endloop
  endfacet
  facet normal 0.442233 0 -0.8969
    outer loop
      vertex 18.164 2.5 -8.50627
      vertex 17.9 0 -8.63644
      vertex 17.9 2.5 -8.63644
    endloop
  endfacet
  facet normal 0.0654027 0 -0.997859
    outer loop
      vertex 18.7313 0 -8.35425
      vertex 19.025 2.5 -8.335
      vertex 19.025 0 -8.335
    endloop
  endfacet
  facet normal 0.0654027 0 -0.997859
    outer loop
      vertex 19.025 2.5 -8.335
      vertex 18.7313 0 -8.35425
      vertex 18.7313 2.5 -8.35425
    endloop
  endfacet
  facet normal 0.980724 0 -0.195397
    outer loop
      vertex 16.8517 0 -10.0027
      vertex 16.7942 2.5 -10.2913
      vertex 16.8517 2.5 -10.0027
    endloop
  endfacet
  facet normal 0.980724 0 -0.195397
    outer loop
      vertex 16.7942 2.5 -10.2913
      vertex 16.8517 0 -10.0027
      vertex 16.7942 0 -10.2913
    endloop
  endfacet
  facet normal -0.94695 0 -0.32138
    outer loop
      vertex 21.1983 0 -10.0027
      vertex 21.1037 2.5 -9.72396
      vertex 21.1983 2.5 -10.0027
    endloop
  endfacet
  facet normal -0.94695 -0 -0.32138
    outer loop
      vertex 21.1037 2.5 -9.72396
      vertex 21.1983 0 -10.0027
      vertex 21.1037 0 -9.72396
    endloop
  endfacet
  facet normal -0.980724 0 -0.195397
    outer loop
      vertex 21.2558 0 -10.2913
      vertex 21.1983 2.5 -10.0027
      vertex 21.2558 2.5 -10.2913
    endloop
  endfacet
  facet normal -0.980724 -0 -0.195397
    outer loop
      vertex 21.1983 2.5 -10.0027
      vertex 21.2558 0 -10.2913
      vertex 21.1983 0 -10.0027
    endloop
  endfacet
  facet normal -0.555797 0 0.831318
    outer loop
      vertex 20.15 2.5 17.6364
      vertex 20.3947 0 17.8
      vertex 20.3947 2.5 17.8
    endloop
  endfacet
  facet normal -0.555797 0 0.831318
    outer loop
      vertex 20.3947 0 17.8
      vertex 20.15 2.5 17.6364
      vertex 20.15 0 17.6364
    endloop
  endfacet
  facet normal 0.980724 -0 0.195397
    outer loop
      vertex 16.7942 0 19.2913
      vertex 16.8517 2.5 19.0027
      vertex 16.7942 2.5 19.2913
    endloop
  endfacet
  facet normal 0.980724 0 0.195397
    outer loop
      vertex 16.8517 2.5 19.0027
      vertex 16.7942 0 19.2913
      vertex 16.8517 0 19.0027
    endloop
  endfacet
  facet normal -0.980724 0 -0.195397
    outer loop
      vertex 21.2558 0 19.8787
      vertex 21.1983 2.5 20.1673
      vertex 21.2558 2.5 19.8787
    endloop
  endfacet
  facet normal -0.980724 -0 -0.195397
    outer loop
      vertex 21.1983 2.5 20.1673
      vertex 21.2558 0 19.8787
      vertex 21.1983 0 20.1673
    endloop
  endfacet
  facet normal 0.195397 0 -0.980724
    outer loop
      vertex 18.4427 0 21.7583
      vertex 18.7313 2.5 21.8158
      vertex 18.7313 0 21.8158
    endloop
  endfacet
  facet normal 0.195397 0 -0.980724
    outer loop
      vertex 18.7313 2.5 21.8158
      vertex 18.4427 0 21.7583
      vertex 18.4427 2.5 21.7583
    endloop
  endfacet
  facet normal 0.442042 0 0.896995
    outer loop
      vertex 17.9 2.5 17.6364
      vertex 18.164 0 17.5063
      vertex 18.164 2.5 17.5063
    endloop
  endfacet
  facet normal 0.442042 0 0.896995
    outer loop
      vertex 18.164 0 17.5063
      vertex 17.9 2.5 17.6364
      vertex 17.9 0 17.6364
    endloop
  endfacet
  facet normal 0.946936 -0 0.321421
    outer loop
      vertex 16.8517 0 19.0027
      vertex 16.9463 2.5 18.724
      vertex 16.8517 2.5 19.0027
    endloop
  endfacet
  facet normal 0.946936 0 0.321421
    outer loop
      vertex 16.9463 2.5 18.724
      vertex 16.8517 0 19.0027
      vertex 16.9463 0 18.724
    endloop
  endfacet
  facet normal 0.896995 0 -0.442042
    outer loop
      vertex 17.0764 0 20.71
      vertex 16.9463 2.5 20.446
      vertex 17.0764 2.5 20.71
    endloop
  endfacet
  facet normal 0.896995 0 -0.442042
    outer loop
      vertex 16.9463 2.5 20.446
      vertex 17.0764 0 20.71
      vertex 16.9463 0 20.446
    endloop
  endfacet
  facet normal -0.896995 0 0.442042
    outer loop
      vertex 20.9736 0 18.46
      vertex 21.1037 2.5 18.724
      vertex 20.9736 2.5 18.46
    endloop
  endfacet
  facet normal -0.896995 0 0.442042
    outer loop
      vertex 21.1037 2.5 18.724
      vertex 20.9736 0 18.46
      vertex 21.1037 0 18.724
    endloop
  endfacet
  facet normal -0.980724 0 0.195397
    outer loop
      vertex 21.1983 0 19.0027
      vertex 21.2558 2.5 19.2913
      vertex 21.1983 2.5 19.0027
    endloop
  endfacet
  facet normal -0.980724 0 0.195397
    outer loop
      vertex 21.2558 2.5 19.2913
      vertex 21.1983 0 19.0027
      vertex 21.2558 0 19.2913
    endloop
  endfacet
  facet normal -0.831318 0 0.555797
    outer loop
      vertex 20.81 0 18.2153
      vertex 20.9736 2.5 18.46
      vertex 20.81 2.5 18.2153
    endloop
  endfacet
  facet normal -0.831318 0 0.555797
    outer loop
      vertex 20.9736 2.5 18.46
      vertex 20.81 0 18.2153
      vertex 20.9736 0 18.46
    endloop
  endfacet
  facet normal -0.659202 0 0.751966
    outer loop
      vertex 20.3947 2.5 17.8
      vertex 20.616 0 17.994
      vertex 20.616 2.5 17.994
    endloop
  endfacet
  facet normal -0.659202 0 0.751966
    outer loop
      vertex 20.616 0 17.994
      vertex 20.3947 2.5 17.8
      vertex 20.3947 0 17.8
    endloop
  endfacet
  facet normal -0.321421 0 0.946936
    outer loop
      vertex 19.6073 2.5 17.4117
      vertex 19.886 0 17.5063
      vertex 19.886 2.5 17.5063
    endloop
  endfacet
  facet normal -0.321421 0 0.946936
    outer loop
      vertex 19.886 0 17.5063
      vertex 19.6073 2.5 17.4117
      vertex 19.6073 0 17.4117
    endloop
  endfacet
  facet normal 0.0652336 0 0.99787
    outer loop
      vertex 18.7313 2.5 17.3542
      vertex 19.025 0 17.335
      vertex 19.025 2.5 17.335
    endloop
  endfacet
  facet normal 0.0652336 0 0.99787
    outer loop
      vertex 19.025 0 17.335
      vertex 18.7313 2.5 17.3542
      vertex 18.7313 0 17.3542
    endloop
  endfacet
  facet normal 0.99787 -0 0.0652336
    outer loop
      vertex 16.775 0 19.585
      vertex 16.7942 2.5 19.2913
      vertex 16.775 2.5 19.585
    endloop
  endfacet
  facet normal 0.99787 0 0.0652336
    outer loop
      vertex 16.7942 2.5 19.2913
      vertex 16.775 0 19.585
      vertex 16.7942 0 19.2913
    endloop
  endfacet
  facet normal 0.831318 -0 0.555797
    outer loop
      vertex 17.0764 0 18.46
      vertex 17.24 2.5 18.2153
      vertex 17.0764 2.5 18.46
    endloop
  endfacet
  facet normal 0.831318 0 0.555797
    outer loop
      vertex 17.24 2.5 18.2153
      vertex 17.0764 0 18.46
      vertex 17.24 0 18.2153
    endloop
  endfacet
  facet normal 0.555797 0 0.831318
    outer loop
      vertex 17.6553 2.5 17.8
      vertex 17.9 0 17.6364
      vertex 17.9 2.5 17.6364
    endloop
  endfacet
  facet normal 0.555797 0 0.831318
    outer loop
      vertex 17.9 0 17.6364
      vertex 17.6553 2.5 17.8
      vertex 17.6553 0 17.8
    endloop
  endfacet
  facet normal 0.321421 0 0.946936
    outer loop
      vertex 18.164 2.5 17.5063
      vertex 18.4427 0 17.4117
      vertex 18.4427 2.5 17.4117
    endloop
  endfacet
  facet normal 0.321421 0 0.946936
    outer loop
      vertex 18.4427 0 17.4117
      vertex 18.164 2.5 17.5063
      vertex 18.164 0 17.5063
    endloop
  endfacet
  facet normal -0.99787 0 -0.0652336
    outer loop
      vertex 21.275 0 19.585
      vertex 21.2558 2.5 19.8787
      vertex 21.275 2.5 19.585
    endloop
  endfacet
  facet normal -0.99787 -0 -0.0652336
    outer loop
      vertex 21.2558 2.5 19.8787
      vertex 21.275 0 19.585
      vertex 21.2558 0 19.8787
    endloop
  endfacet
  facet normal -0.442042 0 -0.896995
    outer loop
      vertex 19.886 0 21.6637
      vertex 20.15 2.5 21.5336
      vertex 20.15 0 21.5336
    endloop
  endfacet
  facet normal -0.442042 0 -0.896995
    outer loop
      vertex 20.15 2.5 21.5336
      vertex 19.886 0 21.6637
      vertex 19.886 2.5 21.6637
    endloop
  endfacet
  facet normal -0.831318 0 -0.555797
    outer loop
      vertex 20.9736 0 20.71
      vertex 20.81 2.5 20.9547
      vertex 20.9736 2.5 20.71
    endloop
  endfacet
  facet normal -0.831318 -0 -0.555797
    outer loop
      vertex 20.81 2.5 20.9547
      vertex 20.9736 0 20.71
      vertex 20.81 0 20.9547
    endloop
  endfacet
  facet normal 0.0652336 0 -0.99787
    outer loop
      vertex 18.7313 0 21.8158
      vertex 19.025 2.5 21.835
      vertex 19.025 0 21.835
    endloop
  endfacet
  facet normal 0.0652336 0 -0.99787
    outer loop
      vertex 19.025 2.5 21.835
      vertex 18.7313 0 21.8158
      vertex 18.7313 2.5 21.8158
    endloop
  endfacet
  facet normal 0.555797 0 -0.831318
    outer loop
      vertex 17.6553 0 21.37
      vertex 17.9 2.5 21.5336
      vertex 17.9 0 21.5336
    endloop
  endfacet
  facet normal 0.555797 0 -0.831318
    outer loop
      vertex 17.9 2.5 21.5336
      vertex 17.6553 0 21.37
      vertex 17.6553 2.5 21.37
    endloop
  endfacet
  facet normal 0.831318 0 -0.555797
    outer loop
      vertex 17.24 0 20.9547
      vertex 17.0764 2.5 20.71
      vertex 17.24 2.5 20.9547
    endloop
  endfacet
  facet normal 0.831318 0 -0.555797
    outer loop
      vertex 17.0764 2.5 20.71
      vertex 17.24 0 20.9547
      vertex 17.0764 0 20.71
    endloop
  endfacet
  facet normal 0.980724 0 -0.195397
    outer loop
      vertex 16.8517 0 20.1673
      vertex 16.7942 2.5 19.8787
      vertex 16.8517 2.5 20.1673
    endloop
  endfacet
  facet normal 0.980724 0 -0.195397
    outer loop
      vertex 16.7942 2.5 19.8787
      vertex 16.8517 0 20.1673
      vertex 16.7942 0 19.8787
    endloop
  endfacet
  facet normal -0.946936 0 0.321421
    outer loop
      vertex 21.1037 0 18.724
      vertex 21.1983 2.5 19.0027
      vertex 21.1037 2.5 18.724
    endloop
  endfacet
  facet normal -0.946936 0 0.321421
    outer loop
      vertex 21.1983 2.5 19.0027
      vertex 21.1037 0 18.724
      vertex 21.1983 0 19.0027
    endloop
  endfacet
  facet normal -0.751966 0 0.659202
    outer loop
      vertex 20.616 0 17.994
      vertex 20.81 2.5 18.2153
      vertex 20.616 2.5 17.994
    endloop
  endfacet
  facet normal -0.751966 0 0.659202
    outer loop
      vertex 20.81 2.5 18.2153
      vertex 20.616 0 17.994
      vertex 20.81 0 18.2153
    endloop
  endfacet
  facet normal -0.442042 0 0.896995
    outer loop
      vertex 19.886 2.5 17.5063
      vertex 20.15 0 17.6364
      vertex 20.15 2.5 17.6364
    endloop
  endfacet
  facet normal -0.442042 0 0.896995
    outer loop
      vertex 20.15 0 17.6364
      vertex 19.886 2.5 17.5063
      vertex 19.886 0 17.5063
    endloop
  endfacet
  facet normal -0.195397 0 0.980724
    outer loop
      vertex 19.3187 2.5 17.3542
      vertex 19.6073 0 17.4117
      vertex 19.6073 2.5 17.4117
    endloop
  endfacet
  facet normal -0.195397 0 0.980724
    outer loop
      vertex 19.6073 0 17.4117
      vertex 19.3187 2.5 17.3542
      vertex 19.3187 0 17.3542
    endloop
  endfacet
  facet normal -0.0652336 0 0.99787
    outer loop
      vertex 19.025 2.5 17.335
      vertex 19.3187 0 17.3542
      vertex 19.3187 2.5 17.3542
    endloop
  endfacet
  facet normal -0.0652336 0 0.99787
    outer loop
      vertex 19.3187 0 17.3542
      vertex 19.025 2.5 17.335
      vertex 19.025 0 17.335
    endloop
  endfacet
  facet normal 0.896995 -0 0.442042
    outer loop
      vertex 16.9463 0 18.724
      vertex 17.0764 2.5 18.46
      vertex 16.9463 2.5 18.724
    endloop
  endfacet
  facet normal 0.896995 0 0.442042
    outer loop
      vertex 17.0764 2.5 18.46
      vertex 16.9463 0 18.724
      vertex 17.0764 0 18.46
    endloop
  endfacet
  facet normal 0.195397 0 0.980724
    outer loop
      vertex 18.4427 2.5 17.4117
      vertex 18.7313 0 17.3542
      vertex 18.7313 2.5 17.3542
    endloop
  endfacet
  facet normal 0.195397 0 0.980724
    outer loop
      vertex 18.7313 0 17.3542
      vertex 18.4427 2.5 17.4117
      vertex 18.4427 0 17.4117
    endloop
  endfacet
  facet normal 0.659202 0 0.751966
    outer loop
      vertex 17.434 2.5 17.994
      vertex 17.6553 0 17.8
      vertex 17.6553 2.5 17.8
    endloop
  endfacet
  facet normal 0.659202 0 0.751966
    outer loop
      vertex 17.6553 0 17.8
      vertex 17.434 2.5 17.994
      vertex 17.434 0 17.994
    endloop
  endfacet
  facet normal 0.751966 -0 0.659202
    outer loop
      vertex 17.24 0 18.2153
      vertex 17.434 2.5 17.994
      vertex 17.24 2.5 18.2153
    endloop
  endfacet
  facet normal 0.751966 0 0.659202
    outer loop
      vertex 17.434 2.5 17.994
      vertex 17.24 0 18.2153
      vertex 17.434 0 17.994
    endloop
  endfacet
  facet normal -0.99787 0 0.0652336
    outer loop
      vertex 21.2558 0 19.2913
      vertex 21.275 2.5 19.585
      vertex 21.2558 2.5 19.2913
    endloop
  endfacet
  facet normal -0.99787 0 0.0652336
    outer loop
      vertex 21.275 2.5 19.585
      vertex 21.2558 0 19.2913
      vertex 21.275 0 19.585
    endloop
  endfacet
  facet normal -0.195397 0 -0.980724
    outer loop
      vertex 19.3187 0 21.8158
      vertex 19.6073 2.5 21.7583
      vertex 19.6073 0 21.7583
    endloop
  endfacet
  facet normal -0.195397 0 -0.980724
    outer loop
      vertex 19.6073 2.5 21.7583
      vertex 19.3187 0 21.8158
      vertex 19.3187 2.5 21.8158
    endloop
  endfacet
  facet normal -0.751966 0 -0.659202
    outer loop
      vertex 20.81 0 20.9547
      vertex 20.616 2.5 21.176
      vertex 20.81 2.5 20.9547
    endloop
  endfacet
  facet normal -0.751966 -0 -0.659202
    outer loop
      vertex 20.616 2.5 21.176
      vertex 20.81 0 20.9547
      vertex 20.616 0 21.176
    endloop
  endfacet
  facet normal -0.555797 0 -0.831318
    outer loop
      vertex 20.15 0 21.5336
      vertex 20.3947 2.5 21.37
      vertex 20.3947 0 21.37
    endloop
  endfacet
  facet normal -0.555797 0 -0.831318
    outer loop
      vertex 20.3947 2.5 21.37
      vertex 20.15 0 21.5336
      vertex 20.15 2.5 21.5336
    endloop
  endfacet
  facet normal -0.946936 0 -0.321421
    outer loop
      vertex 21.1983 0 20.1673
      vertex 21.1037 2.5 20.446
      vertex 21.1983 2.5 20.1673
    endloop
  endfacet
  facet normal -0.946936 -0 -0.321421
    outer loop
      vertex 21.1037 2.5 20.446
      vertex 21.1983 0 20.1673
      vertex 21.1037 0 20.446
    endloop
  endfacet
  facet normal -0.0652336 0 -0.99787
    outer loop
      vertex 19.025 0 21.835
      vertex 19.3187 2.5 21.8158
      vertex 19.3187 0 21.8158
    endloop
  endfacet
  facet normal -0.0652336 0 -0.99787
    outer loop
      vertex 19.3187 2.5 21.8158
      vertex 19.025 0 21.835
      vertex 19.025 2.5 21.835
    endloop
  endfacet
  facet normal 0.321421 0 -0.946936
    outer loop
      vertex 18.164 0 21.6637
      vertex 18.4427 2.5 21.7583
      vertex 18.4427 0 21.7583
    endloop
  endfacet
  facet normal 0.321421 0 -0.946936
    outer loop
      vertex 18.4427 2.5 21.7583
      vertex 18.164 0 21.6637
      vertex 18.164 2.5 21.6637
    endloop
  endfacet
  facet normal 0.946936 0 -0.321421
    outer loop
      vertex 16.9463 0 20.446
      vertex 16.8517 2.5 20.1673
      vertex 16.9463 2.5 20.446
    endloop
  endfacet
  facet normal 0.946936 0 -0.321421
    outer loop
      vertex 16.8517 2.5 20.1673
      vertex 16.9463 0 20.446
      vertex 16.8517 0 20.1673
    endloop
  endfacet
  facet normal 0.751966 0 -0.659202
    outer loop
      vertex 17.434 0 21.176
      vertex 17.24 2.5 20.9547
      vertex 17.434 2.5 21.176
    endloop
  endfacet
  facet normal 0.751966 0 -0.659202
    outer loop
      vertex 17.24 2.5 20.9547
      vertex 17.434 0 21.176
      vertex 17.24 0 20.9547
    endloop
  endfacet
  facet normal 0.99787 0 -0.0652336
    outer loop
      vertex 16.7942 0 19.8787
      vertex 16.775 2.5 19.585
      vertex 16.7942 2.5 19.8787
    endloop
  endfacet
  facet normal 0.99787 0 -0.0652336
    outer loop
      vertex 16.775 2.5 19.585
      vertex 16.7942 0 19.8787
      vertex 16.775 0 19.585
    endloop
  endfacet
  facet normal -0.321421 0 -0.946936
    outer loop
      vertex 19.6073 0 21.7583
      vertex 19.886 2.5 21.6637
      vertex 19.886 0 21.6637
    endloop
  endfacet
  facet normal -0.321421 0 -0.946936
    outer loop
      vertex 19.886 2.5 21.6637
      vertex 19.6073 0 21.7583
      vertex 19.6073 2.5 21.7583
    endloop
  endfacet
  facet normal -0.659202 0 -0.751966
    outer loop
      vertex 20.3947 0 21.37
      vertex 20.616 2.5 21.176
      vertex 20.616 0 21.176
    endloop
  endfacet
  facet normal -0.659202 0 -0.751966
    outer loop
      vertex 20.616 2.5 21.176
      vertex 20.3947 0 21.37
      vertex 20.3947 2.5 21.37
    endloop
  endfacet
  facet normal -0.896995 0 -0.442042
    outer loop
      vertex 21.1037 0 20.446
      vertex 20.9736 2.5 20.71
      vertex 21.1037 2.5 20.446
    endloop
  endfacet
  facet normal -0.896995 -0 -0.442042
    outer loop
      vertex 20.9736 2.5 20.71
      vertex 21.1037 0 20.446
      vertex 20.9736 0 20.71
    endloop
  endfacet
  facet normal 0.442042 0 -0.896995
    outer loop
      vertex 17.9 0 21.5336
      vertex 18.164 2.5 21.6637
      vertex 18.164 0 21.6637
    endloop
  endfacet
  facet normal 0.442042 0 -0.896995
    outer loop
      vertex 18.164 2.5 21.6637
      vertex 17.9 0 21.5336
      vertex 17.9 2.5 21.5336
    endloop
  endfacet
  facet normal 0.659202 0 -0.751966
    outer loop
      vertex 17.434 0 21.176
      vertex 17.6553 2.5 21.37
      vertex 17.6553 0 21.37
    endloop
  endfacet
  facet normal 0.659202 0 -0.751966
    outer loop
      vertex 17.6553 2.5 21.37
      vertex 17.434 0 21.176
      vertex 17.434 2.5 21.176
    endloop
  endfacet
  facet normal -0.433875 0 0.900973
    outer loop
      vertex 9.825 2.5 -3.38499
      vertex 11.3887 0 -2.63197
      vertex 11.3887 2.5 -2.63197
    endloop
  endfacet
  facet normal -0.433875 0 0.900973
    outer loop
      vertex 11.3887 0 -2.63197
      vertex 9.825 2.5 -3.38499
      vertex 9.825 0 -3.38499
    endloop
  endfacet
  facet normal 0.900973 -0 0.433875
    outer loop
      vertex -11.825 0 -1.38499
      vertex -11.072 2.5 -2.94865
      vertex -11.825 2.5 -1.38499
    endloop
  endfacet
  facet normal 0.900973 0 0.433875
    outer loop
      vertex -11.072 2.5 -2.94865
      vertex -11.825 0 -1.38499
      vertex -11.072 0 -2.94865
    endloop
  endfacet
  facet normal -0.900977 0 -0.433866
    outer loop
      vertex 11.825 0 10.385
      vertex 11.072 2.5 11.9487
      vertex 11.825 2.5 10.385
    endloop
  endfacet
  facet normal -0.900977 -0 -0.433866
    outer loop
      vertex 11.072 2.5 11.9487
      vertex 11.825 0 10.385
      vertex 11.072 0 11.9487
    endloop
  endfacet
  facet normal 1 -0 0
    outer loop
      vertex -11.825 0 10.385
      vertex -11.825 2.5 -1.38499
      vertex -11.825 2.5 10.385
    endloop
  endfacet
  facet normal 1 0 0
    outer loop
      vertex -11.825 2.5 -1.38499
      vertex -11.825 0 10.385
      vertex -11.825 0 -1.38499
    endloop
  endfacet
  facet normal 0.330276 0 0.943884
    outer loop
      vertex -11.072 2.5 -2.94865
      vertex -9.825 0 -3.38499
      vertex -9.825 2.5 -3.38499
    endloop
  endfacet
  facet normal 0.330276 0 0.943884
    outer loop
      vertex -9.825 0 -3.38499
      vertex -11.072 2.5 -2.94865
      vertex -11.072 0 -2.94865
    endloop
  endfacet
  facet normal 0 0 -1
    outer loop
      vertex -9.825 0 12.385
      vertex 9.825 2.5 12.385
      vertex 9.825 0 12.385
    endloop
  endfacet
  facet normal -0 0 -1
    outer loop
      vertex 9.825 2.5 12.385
      vertex -9.825 0 12.385
      vertex -9.825 2.5 12.385
    endloop
  endfacet
  facet normal 0.433866 0 -0.900977
    outer loop
      vertex -11.3887 0 11.632
      vertex -9.825 2.5 12.385
      vertex -9.825 0 12.385
    endloop
  endfacet
  facet normal 0.433866 0 -0.900977
    outer loop
      vertex -9.825 2.5 12.385
      vertex -11.3887 0 11.632
      vertex -11.3887 2.5 11.632
    endloop
  endfacet
  facet normal 0.943894 0 -0.330249
    outer loop
      vertex -11.3887 0 11.632
      vertex -11.825 2.5 10.385
      vertex -11.3887 2.5 11.632
    endloop
  endfacet
  facet normal 0.943894 0 -0.330249
    outer loop
      vertex -11.825 2.5 10.385
      vertex -11.3887 0 11.632
      vertex -11.825 0 10.385
    endloop
  endfacet
  facet normal -0 0 1
    outer loop
      vertex -9.825 2.5 -3.38499
      vertex 9.825 0 -3.38499
      vertex 9.825 2.5 -3.38499
    endloop
  endfacet
  facet normal 0 0 1
    outer loop
      vertex 9.825 0 -3.38499
      vertex -9.825 2.5 -3.38499
      vertex -9.825 0 -3.38499
    endloop
  endfacet
  facet normal -0.330249 0 -0.943894
    outer loop
      vertex 9.825 0 12.385
      vertex 11.072 2.5 11.9487
      vertex 11.072 0 11.9487
    endloop
  endfacet
  facet normal -0.330249 0 -0.943894
    outer loop
      vertex 11.072 2.5 11.9487
      vertex 9.825 0 12.385
      vertex 9.825 2.5 12.385
    endloop
  endfacet
  facet normal -0.943892 0 0.330254
    outer loop
      vertex 11.3887 0 -2.63197
      vertex 11.825 2.5 -1.38499
      vertex 11.3887 2.5 -2.63197
    endloop
  endfacet
  facet normal -0.943892 0 0.330254
    outer loop
      vertex 11.825 2.5 -1.38499
      vertex 11.3887 0 -2.63197
      vertex 11.825 0 -1.38499
    endloop
  endfacet
  facet normal -1 0 0
    outer loop
      vertex 11.825 0 -1.38499
      vertex 11.825 2.5 10.385
      vertex 11.825 2.5 -1.38499
    endloop
  endfacet
  facet normal -1 -0 0
    outer loop
      vertex 11.825 2.5 10.385
      vertex 11.825 0 -1.38499
      vertex 11.825 0 10.385
    endloop
  endfacet
endsolid OpenSCAD_Model
