solid OpenSCAD_Model
  facet normal -0.999048 0 0.0436175
    outer loop
      vertex -9.50631 5 -19.5131
      vertex -9.485 9.7 -19.025
      vertex -9.50631 9.7 -19.5131
    endloop
  endfacet
  facet normal -0.999048 0 0.0436175
    outer loop
      vertex -9.485 9.7 -19.025
      vertex -9.50631 5 -19.5131
      vertex -9.485 5 -19.025
    endloop
  endfacet
  facet normal 0.0435971 0 -0.999049
    outer loop
      vertex -15.5731 5 -13.4463
      vertex -15.085 9.7 -13.425
      vertex -15.085 5 -13.425
    endloop
  endfacet
  facet normal 0.0435971 0 -0.999049
    outer loop
      vertex -15.085 9.7 -13.425
      vertex -15.5731 5 -13.4463
      vertex -15.5731 9.7 -13.4463
    endloop
  endfacet
  facet normal -0.923877 0 0.38269
    outer loop
      vertex -10.0097 5 -21.3917
      vertex -9.82272 9.7 -20.9403
      vertex -10.0097 9.7 -21.3917
    endloop
  endfacet
  facet normal -0.923877 0 0.38269
    outer loop
      vertex -9.82272 9.7 -20.9403
      vertex -10.0097 5 -21.3917
      vertex -9.82272 5 -20.9403
    endloop
  endfacet
  facet normal 0 1 0
    outer loop
      vertex 13.5543 5 22.7205
      vertex 16.2354 5 25.425
      vertex 14.0497 5 22.8887
    endloop
  endfacet
  facet normal 0 1 0
    outer loop
      vertex -16.2187 5 25.425
      vertex -14.5629 5 22.9908
      vertex -15.085 5 23.025
    endloop
  endfacet
  facet normal 0 1 0
    outer loop
      vertex 13.085 5 22.4891
      vertex 16.2354 5 25.425
      vertex 13.5543 5 22.7205
    endloop
  endfacet
  facet normal 0 1 0
    outer loop
      vertex -16.2187 5 25.425
      vertex -14.0497 5 22.8887
      vertex -14.5629 5 22.9908
    endloop
  endfacet
  facet normal 0 1 0
    outer loop
      vertex 16.2354 5 25.425
      vertex 10.1832 5 21.725
      vertex -16.2187 5 25.425
    endloop
  endfacet
  facet normal 0 1 0
    outer loop
      vertex -16.2187 5 25.425
      vertex -13.5543 5 22.7205
      vertex -14.0497 5 22.8887
    endloop
  endfacet
  facet normal 0 1 0
    outer loop
      vertex 16.2354 5 25.425
      vertex 13.085 5 22.4891
      vertex 10.1832 5 21.725
    endloop
  endfacet
  facet normal 0 1 -0
    outer loop
      vertex -10.1832 5 21.725
      vertex -16.2187 5 25.425
      vertex 10.1832 5 21.725
    endloop
  endfacet
  facet normal 0 1 0
    outer loop
      vertex 10.1832 5 21.725
      vertex 13.085 5 22.4891
      vertex 12.65 5 22.1984
    endloop
  endfacet
  facet normal -0 1 -0
    outer loop
      vertex -13.085 5 22.4891
      vertex -16.2187 5 25.425
      vertex -10.1832 5 21.725
    endloop
  endfacet
  facet normal 0 1 0
    outer loop
      vertex 10.1832 5 21.725
      vertex 12.65 5 22.1984
      vertex 12.2566 5 21.8534
    endloop
  endfacet
  facet normal 0 1 0
    outer loop
      vertex -16.2187 5 25.425
      vertex -13.085 5 22.4891
      vertex -13.5543 5 22.7205
    endloop
  endfacet
  facet normal 0 1 0
    outer loop
      vertex -13.085 5 22.4891
      vertex -10.1832 5 21.725
      vertex -12.65 5 22.1984
    endloop
  endfacet
  facet normal 0 1 -0
    outer loop
      vertex 11.9116 5 21.46
      vertex 10.1832 5 21.725
      vertex 12.2566 5 21.8534
    endloop
  endfacet
  facet normal 0 1 -0
    outer loop
      vertex 11.6209 5 21.025
      vertex 10.1832 5 21.725
      vertex 11.9116 5 21.46
    endloop
  endfacet
  facet normal 0 1 0
    outer loop
      vertex 10.1832 5 21.725
      vertex 11.6209 5 21.025
      vertex 10.0097 5 21.3917
    endloop
  endfacet
  facet normal 0 1 -0
    outer loop
      vertex 11.3895 5 20.5557
      vertex 10.0097 5 21.3917
      vertex 11.6209 5 21.025
    endloop
  endfacet
  facet normal 0 1 0
    outer loop
      vertex 10.0097 5 21.3917
      vertex 11.3895 5 20.5557
      vertex 9.82272 5 20.9403
    endloop
  endfacet
  facet normal 0 1 -0
    outer loop
      vertex 11.2213 5 20.0603
      vertex 9.82272 5 20.9403
      vertex 11.3895 5 20.5557
    endloop
  endfacet
  facet normal 0 1 0
    outer loop
      vertex 9.82272 5 20.9403
      vertex 11.2213 5 20.0603
      vertex 9.67581 5 20.4744
    endloop
  endfacet
  facet normal 0 1 0
    outer loop
      vertex 11.2213 5 20.0603
      vertex 9.57008 5 19.9974
      vertex 9.67581 5 20.4744
    endloop
  endfacet
  facet normal 0 1 -0
    outer loop
      vertex 11.1192 5 19.5471
      vertex 9.57008 5 19.9974
      vertex 11.2213 5 20.0603
    endloop
  endfacet
  facet normal 0 1 0
    outer loop
      vertex 11.1192 5 19.5471
      vertex 9.50631 5 19.5131
      vertex 9.57008 5 19.9974
    endloop
  endfacet
  facet normal 0 1 -0
    outer loop
      vertex 11.085 5 19.025
      vertex 9.50631 5 19.5131
      vertex 11.1192 5 19.5471
    endloop
  endfacet
  facet normal 0 1 0
    outer loop
      vertex 11.085 5 19.025
      vertex 9.485 5 19.025
      vertex 9.50631 5 19.5131
    endloop
  endfacet
  facet normal 0 1 0
    outer loop
      vertex 11.085 5 19.025
      vertex 9.50631 5 18.5369
      vertex 9.485 5 19.025
    endloop
  endfacet
  facet normal 0 1 0
    outer loop
      vertex 11.1192 5 18.5029
      vertex 9.50631 5 18.5369
      vertex 11.085 5 19.025
    endloop
  endfacet
  facet normal 0 1 0
    outer loop
      vertex 11.1192 5 18.5029
      vertex 9.57008 5 18.0526
      vertex 9.50631 5 18.5369
    endloop
  endfacet
  facet normal 0 1 0
    outer loop
      vertex 11.2213 5 17.9897
      vertex 9.57008 5 18.0526
      vertex 11.1192 5 18.5029
    endloop
  endfacet
  facet normal 0 1 0
    outer loop
      vertex 11.2213 5 17.9897
      vertex 9.67581 5 17.5756
      vertex 9.57008 5 18.0526
    endloop
  endfacet
  facet normal 0 1 0
    outer loop
      vertex 9.82272 5 17.1097
      vertex 11.2213 5 17.9897
      vertex 11.3895 5 17.4943
    endloop
  endfacet
  facet normal 0 1 0
    outer loop
      vertex 11.2213 5 17.9897
      vertex 9.82272 5 17.1097
      vertex 9.67581 5 17.5756
    endloop
  endfacet
  facet normal 0 1 0
    outer loop
      vertex 10.0097 5 16.6583
      vertex 11.3895 5 17.4943
      vertex 11.6209 5 17.025
    endloop
  endfacet
  facet normal 0 1 0
    outer loop
      vertex 11.3895 5 17.4943
      vertex 10.0097 5 16.6583
      vertex 9.82272 5 17.1097
    endloop
  endfacet
  facet normal 0 1 0
    outer loop
      vertex 10.4977 5 15.813
      vertex 11.6209 5 17.025
      vertex 11.9116 5 16.59
    endloop
  endfacet
  facet normal 0 1 0
    outer loop
      vertex 11.6209 5 17.025
      vertex 10.2353 5 16.225
      vertex 10.0097 5 16.6583
    endloop
  endfacet
  facet normal 0 1 0
    outer loop
      vertex 10.7952 5 15.4254
      vertex 11.9116 5 16.59
      vertex 12.2566 5 16.1966
    endloop
  endfacet
  facet normal 0 1 0
    outer loop
      vertex 11.4854 5 14.7352
      vertex 12.2566 5 16.1966
      vertex 12.65 5 15.8516
    endloop
  endfacet
  facet normal 0 1 0
    outer loop
      vertex 11.6209 5 17.025
      vertex 10.4977 5 15.813
      vertex 10.2353 5 16.225
    endloop
  endfacet
  facet normal 0 1 0
    outer loop
      vertex 11.873 5 14.4377
      vertex 12.65 5 15.8516
      vertex 13.085 5 15.5609
    endloop
  endfacet
  facet normal 0 1 0
    outer loop
      vertex 11.9116 5 16.59
      vertex 10.7952 5 15.4254
      vertex 10.4977 5 15.813
    endloop
  endfacet
  facet normal 0 1 0
    outer loop
      vertex 12.7183 5 13.9497
      vertex 13.085 5 15.5609
      vertex 13.5543 5 15.3295
    endloop
  endfacet
  facet normal 0 1 0
    outer loop
      vertex 13.1697 5 13.7627
      vertex 13.5543 5 15.3295
      vertex 14.0497 5 15.1613
    endloop
  endfacet
  facet normal 0 1 0
    outer loop
      vertex 12.2566 5 16.1966
      vertex 11.1252 5 15.0652
      vertex 10.7952 5 15.4254
    endloop
  endfacet
  facet normal 0 1 -0
    outer loop
      vertex 14.1126 5 13.5101
      vertex 14.0497 5 15.1613
      vertex 14.5629 5 15.0592
    endloop
  endfacet
  facet normal 0 1 -0
    outer loop
      vertex 14.5969 5 13.4463
      vertex 14.5629 5 15.0592
      vertex 15.085 5 15.025
    endloop
  endfacet
  facet normal 0 1 0
    outer loop
      vertex 12.2566 5 16.1966
      vertex 11.4854 5 14.7352
      vertex 11.1252 5 15.0652
    endloop
  endfacet
  facet normal 0 1 0
    outer loop
      vertex 16.1203 5 22.8887
      vertex 16.2354 5 25.425
      vertex 17.5433 5 25.262
    endloop
  endfacet
  facet normal 0 1 0
    outer loop
      vertex 14.5629 5 22.9908
      vertex 16.2354 5 25.425
      vertex 15.085 5 23.025
    endloop
  endfacet
  facet normal 0 1 0
    outer loop
      vertex 17.085 5 22.4891
      vertex 17.5433 5 25.262
      vertex 19.1231 5 24.569
    endloop
  endfacet
  facet normal 0 1 0
    outer loop
      vertex 14.0497 5 22.8887
      vertex 16.2354 5 25.425
      vertex 14.5629 5 22.9908
    endloop
  endfacet
  facet normal 0 1 0
    outer loop
      vertex 17.9134 5 21.8534
      vertex 19.1231 5 24.569
      vertex 20.3798 5 23.4121
    endloop
  endfacet
  facet normal 0 1 -0
    outer loop
      vertex -15.6071 5 22.9908
      vertex -16.2187 5 25.425
      vertex -15.085 5 23.025
    endloop
  endfacet
  facet normal 0 1 -0
    outer loop
      vertex -16.1203 5 22.8887
      vertex -16.2187 5 25.425
      vertex -15.6071 5 22.9908
    endloop
  endfacet
  facet normal 0 1 0
    outer loop
      vertex 16.2354 5 25.425
      vertex 15.6071 5 22.9908
      vertex 15.085 5 23.025
    endloop
  endfacet
  facet normal 0 1 0
    outer loop
      vertex 16.2354 5 25.425
      vertex 16.1203 5 22.8887
      vertex 15.6071 5 22.9908
    endloop
  endfacet
  facet normal 0 1 0
    outer loop
      vertex 17.5433 5 25.262
      vertex 16.6157 5 22.7205
      vertex 16.1203 5 22.8887
    endloop
  endfacet
  facet normal 0 1 0
    outer loop
      vertex 17.5433 5 25.262
      vertex 17.085 5 22.4891
      vertex 16.6157 5 22.7205
    endloop
  endfacet
  facet normal 0 1 0
    outer loop
      vertex 19.1231 5 24.569
      vertex 17.52 5 22.1984
      vertex 17.085 5 22.4891
    endloop
  endfacet
  facet normal 0 1 0
    outer loop
      vertex 18.5491 5 21.025
      vertex 20.3798 5 23.4121
      vertex 21.1928 5 21.9099
    endloop
  endfacet
  facet normal 0 1 0
    outer loop
      vertex 19.1231 5 24.569
      vertex 17.9134 5 21.8534
      vertex 17.52 5 22.1984
    endloop
  endfacet
  facet normal 0 1 0
    outer loop
      vertex 20.3798 5 23.4121
      vertex 18.2584 5 21.46
      vertex 17.9134 5 21.8534
    endloop
  endfacet
  facet normal 0 1 0
    outer loop
      vertex 20.3798 5 23.4121
      vertex 18.5491 5 21.025
      vertex 18.2584 5 21.46
    endloop
  endfacet
  facet normal 0 1 0
    outer loop
      vertex 21.1928 5 21.9099
      vertex 18.7805 5 20.5557
      vertex 18.5491 5 21.025
    endloop
  endfacet
  facet normal 0 1 0
    outer loop
      vertex 21.485 5 20.1587
      vertex 18.7805 5 20.5557
      vertex 21.1928 5 21.9099
    endloop
  endfacet
  facet normal 0 1 0
    outer loop
      vertex 21.485 5 20.1587
      vertex 18.9487 5 20.0603
      vertex 18.7805 5 20.5557
    endloop
  endfacet
  facet normal 0 1 0
    outer loop
      vertex 21.485 5 20.1587
      vertex 19.0508 5 19.5471
      vertex 18.9487 5 20.0603
    endloop
  endfacet
  facet normal 0 1 0
    outer loop
      vertex 21.485 5 20.1587
      vertex 19.085 5 19.025
      vertex 19.0508 5 19.5471
    endloop
  endfacet
  facet normal 0 1 0
    outer loop
      vertex 21.485 5 20.1587
      vertex 19.0508 5 18.5029
      vertex 19.085 5 19.025
    endloop
  endfacet
  facet normal 0 1 0
    outer loop
      vertex 21.485 5 20.1587
      vertex 18.9487 5 17.9897
      vertex 19.0508 5 18.5029
    endloop
  endfacet
  facet normal 0 1 0
    outer loop
      vertex 21.485 5 20.1587
      vertex 18.7805 5 17.4943
      vertex 18.9487 5 17.9897
    endloop
  endfacet
  facet normal 0 1 0
    outer loop
      vertex 21.485 5 20.1587
      vertex 18.5491 5 17.025
      vertex 18.7805 5 17.4943
    endloop
  endfacet
  facet normal 0 1 0
    outer loop
      vertex 16.9 5 13.7311
      vertex 18.5491 5 17.025
      vertex 21.485 5 20.1587
    endloop
  endfacet
  facet normal 0 1 0
    outer loop
      vertex 18.5491 5 17.025
      vertex 16.9 5 13.7311
      vertex 18.2584 5 16.59
    endloop
  endfacet
  facet normal 0 1 -0
    outer loop
      vertex 15.5731 5 13.4463
      vertex 15.085 5 15.025
      vertex 15.6071 5 15.0592
    endloop
  endfacet
  facet normal 0 1 0
    outer loop
      vertex 12.65 5 15.8516
      vertex 11.873 5 14.4377
      vertex 11.4854 5 14.7352
    endloop
  endfacet
  facet normal 0 1 0
    outer loop
      vertex 13.085 5 15.5609
      vertex 12.285 5 14.1753
      vertex 11.873 5 14.4377
    endloop
  endfacet
  facet normal 0 1 -0
    outer loop
      vertex 16.0574 5 13.5101
      vertex 15.6071 5 15.0592
      vertex 16.1203 5 15.1613
    endloop
  endfacet
  facet normal 0 1 0
    outer loop
      vertex 13.085 5 15.5609
      vertex 12.7183 5 13.9497
      vertex 12.285 5 14.1753
    endloop
  endfacet
  facet normal 0 1 0
    outer loop
      vertex 16.9 5 13.7311
      vertex 16.1203 5 15.1613
      vertex 16.6157 5 15.3295
    endloop
  endfacet
  facet normal 0 1 0
    outer loop
      vertex 13.5543 5 15.3295
      vertex 13.1697 5 13.7627
      vertex 12.7183 5 13.9497
    endloop
  endfacet
  facet normal 0 1 0
    outer loop
      vertex 16.1203 5 15.1613
      vertex 16.9 5 13.7311
      vertex 16.5344 5 13.6158
    endloop
  endfacet
  facet normal 0 1 0
    outer loop
      vertex 17.085 5 15.5609
      vertex 16.9 5 13.7311
      vertex 16.6157 5 15.3295
    endloop
  endfacet
  facet normal 0 1 0
    outer loop
      vertex 17.52 5 15.8516
      vertex 16.9 5 13.7311
      vertex 17.085 5 15.5609
    endloop
  endfacet
  facet normal 0 1 0
    outer loop
      vertex 17.9134 5 16.1966
      vertex 16.9 5 13.7311
      vertex 17.52 5 15.8516
    endloop
  endfacet
  facet normal 0 1 0
    outer loop
      vertex 18.2584 5 16.59
      vertex 16.9 5 13.7311
      vertex 17.9134 5 16.1966
    endloop
  endfacet
  facet normal 0 1 0
    outer loop
      vertex 21.485 5 20.1587
      vertex 16.9 5 -13.7311
      vertex 16.9 5 13.7311
    endloop
  endfacet
  facet normal 0 1 0
    outer loop
      vertex 14.0497 5 -15.1613
      vertex 14.1126 5 -13.5101
      vertex 14.5629 5 -15.0592
    endloop
  endfacet
  facet normal 0 1 0
    outer loop
      vertex 14.1126 5 -13.5101
      vertex 14.0497 5 -15.1613
      vertex 13.6356 5 -13.6158
    endloop
  endfacet
  facet normal 0 1 -0
    outer loop
      vertex 13.5543 5 -15.3295
      vertex 13.1697 5 -13.7627
      vertex 14.0497 5 -15.1613
    endloop
  endfacet
  facet normal 0 1 0
    outer loop
      vertex 13.1697 5 -13.7627
      vertex 13.5543 5 -15.3295
      vertex 12.7183 5 -13.9497
    endloop
  endfacet
  facet normal 0 1 0
    outer loop
      vertex 13.6356 5 -13.6158
      vertex 14.0497 5 -15.1613
      vertex 13.1697 5 -13.7627
    endloop
  endfacet
  facet normal 0 1 0
    outer loop
      vertex 16.9 5 -13.7311
      vertex 15.6071 5 -15.0592
      vertex 15.085 5 -15.025
    endloop
  endfacet
  facet normal 0 1 0
    outer loop
      vertex 16.9 5 -13.7311
      vertex 16.1203 5 -15.1613
      vertex 15.6071 5 -15.0592
    endloop
  endfacet
  facet normal 0 1 0
    outer loop
      vertex 16.9 5 -13.7311
      vertex 16.6157 5 -15.3295
      vertex 16.1203 5 -15.1613
    endloop
  endfacet
  facet normal 0 1 0
    outer loop
      vertex 16.9 5 -13.7311
      vertex 17.085 5 -15.5609
      vertex 16.6157 5 -15.3295
    endloop
  endfacet
  facet normal 0 1 -0
    outer loop
      vertex 21.485 5 -20.1754
      vertex 16.9 5 -13.7311
      vertex 21.485 5 20.1587
    endloop
  endfacet
  facet normal 0 1 0
    outer loop
      vertex 16.9 5 -13.7311
      vertex 17.52 5 -15.8516
      vertex 17.085 5 -15.5609
    endloop
  endfacet
  facet normal 0 1 0
    outer loop
      vertex 16.9 5 -13.7311
      vertex 17.9134 5 -16.1966
      vertex 17.52 5 -15.8516
    endloop
  endfacet
  facet normal 0 1 0
    outer loop
      vertex 16.9 5 -13.7311
      vertex 18.2584 5 -16.59
      vertex 17.9134 5 -16.1966
    endloop
  endfacet
  facet normal -0 1 -0
    outer loop
      vertex 18.5491 5 -17.025
      vertex 16.9 5 -13.7311
      vertex 21.485 5 -20.1754
    endloop
  endfacet
  facet normal 0 1 0
    outer loop
      vertex 16.9 5 -13.7311
      vertex 18.5491 5 -17.025
      vertex 18.2584 5 -16.59
    endloop
  endfacet
  facet normal 0 1 0
    outer loop
      vertex 18.5491 5 -17.025
      vertex 21.485 5 -20.1754
      vertex 18.7805 5 -17.4943
    endloop
  endfacet
  facet normal 0 1 0
    outer loop
      vertex 18.7805 5 -17.4943
      vertex 21.485 5 -20.1754
      vertex 18.9487 5 -17.9897
    endloop
  endfacet
  facet normal 0 1 0
    outer loop
      vertex 18.9487 5 -17.9897
      vertex 21.485 5 -20.1754
      vertex 19.0508 5 -18.5029
    endloop
  endfacet
  facet normal 0 1 0
    outer loop
      vertex 19.0508 5 -18.5029
      vertex 21.485 5 -20.1754
      vertex 19.085 5 -19.025
    endloop
  endfacet
  facet normal 0 1 0
    outer loop
      vertex 21.485 5 -20.1754
      vertex 19.0508 5 -19.5471
      vertex 19.085 5 -19.025
    endloop
  endfacet
  facet normal 0 1 0
    outer loop
      vertex 21.485 5 -20.1754
      vertex 18.9487 5 -20.0603
      vertex 19.0508 5 -19.5471
    endloop
  endfacet
  facet normal 0 1 -0
    outer loop
      vertex 21.322 5 -21.4833
      vertex 18.9487 5 -20.0603
      vertex 21.485 5 -20.1754
    endloop
  endfacet
  facet normal 0 1 0
    outer loop
      vertex 18.9487 5 -20.0603
      vertex 21.322 5 -21.4833
      vertex 18.7805 5 -20.5557
    endloop
  endfacet
  facet normal 0 1 0
    outer loop
      vertex 18.7805 5 -20.5557
      vertex 21.322 5 -21.4833
      vertex 18.5491 5 -21.025
    endloop
  endfacet
  facet normal 0 1 -0
    outer loop
      vertex 20.629 5 -23.0631
      vertex 18.5491 5 -21.025
      vertex 21.322 5 -21.4833
    endloop
  endfacet
  facet normal 0 1 0
    outer loop
      vertex 18.5491 5 -21.025
      vertex 20.629 5 -23.0631
      vertex 18.2584 5 -21.46
    endloop
  endfacet
  facet normal 0 1 0
    outer loop
      vertex 18.2584 5 -21.46
      vertex 20.629 5 -23.0631
      vertex 17.9134 5 -21.8534
    endloop
  endfacet
  facet normal 0 1 -0
    outer loop
      vertex 19.4721 5 -24.3198
      vertex 17.9134 5 -21.8534
      vertex 20.629 5 -23.0631
    endloop
  endfacet
  facet normal 0 1 0
    outer loop
      vertex 17.9134 5 -21.8534
      vertex 19.4721 5 -24.3198
      vertex 17.52 5 -22.1984
    endloop
  endfacet
  facet normal 0 1 0
    outer loop
      vertex 17.52 5 -22.1984
      vertex 19.4721 5 -24.3198
      vertex 17.085 5 -22.4891
    endloop
  endfacet
  facet normal 0 1 0
    outer loop
      vertex 16.6157 5 -22.7205
      vertex 16.2187 5 -25.425
      vertex 16.1203 5 -22.8887
    endloop
  endfacet
  facet normal 0 1 0
    outer loop
      vertex 16.2187 5 -25.425
      vertex 16.6157 5 -22.7205
      vertex 17.9698 5 -25.1328
    endloop
  endfacet
  facet normal 0 1 0
    outer loop
      vertex 17.085 5 -22.4891
      vertex 17.9698 5 -25.1328
      vertex 16.6157 5 -22.7205
    endloop
  endfacet
  facet normal 0 1 -0
    outer loop
      vertex 17.9698 5 -25.1328
      vertex 17.085 5 -22.4891
      vertex 19.4721 5 -24.3198
    endloop
  endfacet
  facet normal 0 1 0
    outer loop
      vertex -16.6157 5 22.7205
      vertex -16.2187 5 25.425
      vertex -16.1203 5 22.8887
    endloop
  endfacet
  facet normal 0 1 0
    outer loop
      vertex -16.2187 5 25.425
      vertex -16.6157 5 22.7205
      vertex -17.9698 5 25.1328
    endloop
  endfacet
  facet normal 0 1 -0
    outer loop
      vertex -17.085 5 22.4891
      vertex -17.9698 5 25.1328
      vertex -16.6157 5 22.7205
    endloop
  endfacet
  facet normal 0 1 0
    outer loop
      vertex -17.9698 5 25.1328
      vertex -17.085 5 22.4891
      vertex -19.4721 5 24.3198
    endloop
  endfacet
  facet normal 0 1 -0
    outer loop
      vertex -17.52 5 22.1984
      vertex -19.4721 5 24.3198
      vertex -17.085 5 22.4891
    endloop
  endfacet
  facet normal 0 1 -0
    outer loop
      vertex -17.9134 5 21.8534
      vertex -19.4721 5 24.3198
      vertex -17.52 5 22.1984
    endloop
  endfacet
  facet normal 0 1 0
    outer loop
      vertex -19.4721 5 24.3198
      vertex -17.9134 5 21.8534
      vertex -20.629 5 23.0631
    endloop
  endfacet
  facet normal 0 1 -0
    outer loop
      vertex -18.2584 5 21.46
      vertex -20.629 5 23.0631
      vertex -17.9134 5 21.8534
    endloop
  endfacet
  facet normal 0 1 -0
    outer loop
      vertex -18.5491 5 21.025
      vertex -20.629 5 23.0631
      vertex -18.2584 5 21.46
    endloop
  endfacet
  facet normal 0 1 0
    outer loop
      vertex -20.629 5 23.0631
      vertex -18.5491 5 21.025
      vertex -21.322 5 21.4833
    endloop
  endfacet
  facet normal 0 1 -0
    outer loop
      vertex -18.7805 5 20.5557
      vertex -21.322 5 21.4833
      vertex -18.5491 5 21.025
    endloop
  endfacet
  facet normal 0 1 -0
    outer loop
      vertex -18.9487 5 20.0603
      vertex -21.322 5 21.4833
      vertex -18.7805 5 20.5557
    endloop
  endfacet
  facet normal 0 1 0
    outer loop
      vertex -21.322 5 21.4833
      vertex -18.9487 5 20.0603
      vertex -21.485 5 20.1754
    endloop
  endfacet
  facet normal 0 1 -0
    outer loop
      vertex -19.0508 5 19.5471
      vertex -21.485 5 20.1754
      vertex -18.9487 5 20.0603
    endloop
  endfacet
  facet normal 0 1 -0
    outer loop
      vertex -19.085 5 19.025
      vertex -21.485 5 20.1754
      vertex -19.0508 5 19.5471
    endloop
  endfacet
  facet normal 0 1 0
    outer loop
      vertex -19.0508 5 18.5029
      vertex -21.485 5 20.1754
      vertex -19.085 5 19.025
    endloop
  endfacet
  facet normal 0 1 0
    outer loop
      vertex -18.9487 5 17.9897
      vertex -21.485 5 20.1754
      vertex -19.0508 5 18.5029
    endloop
  endfacet
  facet normal 0 1 0
    outer loop
      vertex -18.7805 5 17.4943
      vertex -21.485 5 20.1754
      vertex -18.9487 5 17.9897
    endloop
  endfacet
  facet normal 0 1 0
    outer loop
      vertex -18.5491 5 17.025
      vertex -21.485 5 20.1754
      vertex -18.7805 5 17.4943
    endloop
  endfacet
  facet normal 0 1 0
    outer loop
      vertex -16.9 5 13.7311
      vertex -18.5491 5 17.025
      vertex -18.2584 5 16.59
    endloop
  endfacet
  facet normal 0 1 0
    outer loop
      vertex -16.9 5 13.7311
      vertex -18.2584 5 16.59
      vertex -17.9134 5 16.1966
    endloop
  endfacet
  facet normal 0 1 -0
    outer loop
      vertex -13.1697 5 13.7627
      vertex -13.5543 5 15.3295
      vertex -12.7183 5 13.9497
    endloop
  endfacet
  facet normal 0 1 0
    outer loop
      vertex -13.5543 5 15.3295
      vertex -13.1697 5 13.7627
      vertex -14.0497 5 15.1613
    endloop
  endfacet
  facet normal 0 1 -0
    outer loop
      vertex -13.6356 5 13.6158
      vertex -14.0497 5 15.1613
      vertex -13.1697 5 13.7627
    endloop
  endfacet
  facet normal 0 1 0
    outer loop
      vertex -14.1126 5 13.5101
      vertex -14.0497 5 15.1613
      vertex -13.6356 5 13.6158
    endloop
  endfacet
  facet normal 0 1 0
    outer loop
      vertex -14.0497 5 15.1613
      vertex -14.1126 5 13.5101
      vertex -14.5629 5 15.0592
    endloop
  endfacet
  facet normal 0 1 0
    outer loop
      vertex -14.5969 5 13.4463
      vertex -14.5629 5 15.0592
      vertex -14.1126 5 13.5101
    endloop
  endfacet
  facet normal 0 1 0
    outer loop
      vertex -14.5629 5 15.0592
      vertex -14.5969 5 13.4463
      vertex -15.085 5 15.025
    endloop
  endfacet
  facet normal 0 1 0
    outer loop
      vertex -15.085 5 13.425
      vertex -15.085 5 15.025
      vertex -14.5969 5 13.4463
    endloop
  endfacet
  facet normal 0 1 -0
    outer loop
      vertex -16.9 5 13.7311
      vertex -17.085 5 15.5609
      vertex -16.6157 5 15.3295
    endloop
  endfacet
  facet normal 0 1 0
    outer loop
      vertex -16.9 5 13.7311
      vertex -17.52 5 15.8516
      vertex -17.085 5 15.5609
    endloop
  endfacet
  facet normal 0 1 0
    outer loop
      vertex -16.9 5 13.7311
      vertex -17.9134 5 16.1966
      vertex -17.52 5 15.8516
    endloop
  endfacet
  facet normal 0 1 0
    outer loop
      vertex -18.5491 5 17.025
      vertex -16.9 5 13.7311
      vertex -21.485 5 20.1754
    endloop
  endfacet
  facet normal 0 1 -0
    outer loop
      vertex -16.9 5 -13.7311
      vertex -21.485 5 20.1754
      vertex -16.9 5 13.7311
    endloop
  endfacet
  facet normal 0 1 0
    outer loop
      vertex -13.5543 5 -15.3295
      vertex -13.1697 5 -13.7627
      vertex -12.7183 5 -13.9497
    endloop
  endfacet
  facet normal 0 1 0
    outer loop
      vertex -13.085 5 -15.5609
      vertex -12.7183 5 -13.9497
      vertex -12.285 5 -14.1753
    endloop
  endfacet
  facet normal 0 1 0
    outer loop
      vertex -13.085 5 -15.5609
      vertex -12.285 5 -14.1753
      vertex -11.873 5 -14.4377
    endloop
  endfacet
  facet normal 0 1 0
    outer loop
      vertex -12.65 5 -15.8516
      vertex -11.873 5 -14.4377
      vertex -11.4854 5 -14.7352
    endloop
  endfacet
  facet normal 0 1 0
    outer loop
      vertex -13.1697 5 -13.7627
      vertex -14.5629 5 -15.0592
      vertex -15.085 5 -15.025
    endloop
  endfacet
  facet normal 0 1 -0
    outer loop
      vertex -15.6071 5 -15.0592
      vertex -16.9 5 -13.7311
      vertex -15.085 5 -15.025
    endloop
  endfacet
  facet normal 0 1 -0
    outer loop
      vertex -16.1203 5 -15.1613
      vertex -16.9 5 -13.7311
      vertex -15.6071 5 -15.0592
    endloop
  endfacet
  facet normal 0 1 -0
    outer loop
      vertex -16.6157 5 -15.3295
      vertex -16.9 5 -13.7311
      vertex -16.1203 5 -15.1613
    endloop
  endfacet
  facet normal 0 1 0
    outer loop
      vertex -17.085 5 -15.5609
      vertex -16.9 5 -13.7311
      vertex -16.6157 5 -15.3295
    endloop
  endfacet
  facet normal 0 1 0
    outer loop
      vertex -17.52 5 -15.8516
      vertex -16.9 5 -13.7311
      vertex -17.085 5 -15.5609
    endloop
  endfacet
  facet normal 0 1 0
    outer loop
      vertex -17.9134 5 -16.1966
      vertex -16.9 5 -13.7311
      vertex -17.52 5 -15.8516
    endloop
  endfacet
  facet normal 0 1 0
    outer loop
      vertex -18.2584 5 -16.59
      vertex -16.9 5 -13.7311
      vertex -17.9134 5 -16.1966
    endloop
  endfacet
  facet normal 0 1 0
    outer loop
      vertex -18.5491 5 -17.025
      vertex -16.9 5 -13.7311
      vertex -18.2584 5 -16.59
    endloop
  endfacet
  facet normal 0 1 0
    outer loop
      vertex -16.9 5 -13.7311
      vertex -18.5491 5 -17.025
      vertex -21.485 5 -20.1587
    endloop
  endfacet
  facet normal 0 1 0
    outer loop
      vertex -21.485 5 -20.1587
      vertex -18.5491 5 -17.025
      vertex -18.7805 5 -17.4943
    endloop
  endfacet
  facet normal 0 1 0
    outer loop
      vertex -21.485 5 -20.1587
      vertex -18.7805 5 -17.4943
      vertex -18.9487 5 -17.9897
    endloop
  endfacet
  facet normal 0 1 0
    outer loop
      vertex -21.485 5 -20.1587
      vertex -18.9487 5 -17.9897
      vertex -19.0508 5 -18.5029
    endloop
  endfacet
  facet normal 0 1 0
    outer loop
      vertex -21.485 5 -20.1587
      vertex -19.0508 5 -18.5029
      vertex -19.085 5 -19.025
    endloop
  endfacet
  facet normal 0 1 0
    outer loop
      vertex -16.9 5 -13.7311
      vertex -21.485 5 -20.1587
      vertex -21.485 5 20.1754
    endloop
  endfacet
  facet normal 0 1 0
    outer loop
      vertex -19.0508 5 -19.5471
      vertex -21.485 5 -20.1587
      vertex -19.085 5 -19.025
    endloop
  endfacet
  facet normal 0 1 0
    outer loop
      vertex -18.9487 5 -20.0603
      vertex -21.485 5 -20.1587
      vertex -19.0508 5 -19.5471
    endloop
  endfacet
  facet normal 0 1 0
    outer loop
      vertex -18.7805 5 -20.5557
      vertex -21.485 5 -20.1587
      vertex -18.9487 5 -20.0603
    endloop
  endfacet
  facet normal 0 1 0
    outer loop
      vertex -21.1928 5 -21.9099
      vertex -18.7805 5 -20.5557
      vertex -18.5491 5 -21.025
    endloop
  endfacet
  facet normal 0 1 0
    outer loop
      vertex -20.3798 5 -23.4121
      vertex -18.5491 5 -21.025
      vertex -18.2584 5 -21.46
    endloop
  endfacet
  facet normal 0 1 0
    outer loop
      vertex -20.3798 5 -23.4121
      vertex -18.2584 5 -21.46
      vertex -17.9134 5 -21.8534
    endloop
  endfacet
  facet normal 0 1 0
    outer loop
      vertex -18.7805 5 -20.5557
      vertex -21.1928 5 -21.9099
      vertex -21.485 5 -20.1587
    endloop
  endfacet
  facet normal 0 1 0
    outer loop
      vertex -19.1231 5 -24.569
      vertex -17.9134 5 -21.8534
      vertex -17.52 5 -22.1984
    endloop
  endfacet
  facet normal 0 1 0
    outer loop
      vertex -19.1231 5 -24.569
      vertex -17.52 5 -22.1984
      vertex -17.085 5 -22.4891
    endloop
  endfacet
  facet normal 0 1 0
    outer loop
      vertex -17.5433 5 -25.262
      vertex -17.085 5 -22.4891
      vertex -16.6157 5 -22.7205
    endloop
  endfacet
  facet normal 0 1 0
    outer loop
      vertex -17.5433 5 -25.262
      vertex -16.6157 5 -22.7205
      vertex -16.1203 5 -22.8887
    endloop
  endfacet
  facet normal 0 1 0
    outer loop
      vertex -16.2354 5 -25.425
      vertex -16.1203 5 -22.8887
      vertex -15.6071 5 -22.9908
    endloop
  endfacet
  facet normal 0 1 0
    outer loop
      vertex -18.5491 5 -21.025
      vertex -20.3798 5 -23.4121
      vertex -21.1928 5 -21.9099
    endloop
  endfacet
  facet normal 0 1 0
    outer loop
      vertex -16.2354 5 -25.425
      vertex -15.6071 5 -22.9908
      vertex -15.085 5 -23.025
    endloop
  endfacet
  facet normal 0 1 0
    outer loop
      vertex 15.085 5 -23.025
      vertex 16.2187 5 -25.425
      vertex -15.085 5 -23.025
    endloop
  endfacet
  facet normal 0 1 0
    outer loop
      vertex 16.1203 5 -22.8887
      vertex 16.2187 5 -25.425
      vertex 15.6071 5 -22.9908
    endloop
  endfacet
  facet normal 0 1 0
    outer loop
      vertex -15.085 5 -23.025
      vertex 16.2187 5 -25.425
      vertex -16.2354 5 -25.425
    endloop
  endfacet
  facet normal 0 1 0
    outer loop
      vertex 15.6071 5 -22.9908
      vertex 16.2187 5 -25.425
      vertex 15.085 5 -23.025
    endloop
  endfacet
  facet normal 0 1 0
    outer loop
      vertex -16.1203 5 -22.8887
      vertex -16.2354 5 -25.425
      vertex -17.5433 5 -25.262
    endloop
  endfacet
  facet normal 0 1 0
    outer loop
      vertex -17.9134 5 -21.8534
      vertex -19.1231 5 -24.569
      vertex -20.3798 5 -23.4121
    endloop
  endfacet
  facet normal 0 1 0
    outer loop
      vertex -17.085 5 -22.4891
      vertex -17.5433 5 -25.262
      vertex -19.1231 5 -24.569
    endloop
  endfacet
  facet normal 0 1 0
    outer loop
      vertex -12.65 5 22.1984
      vertex -10.1832 5 21.725
      vertex -12.2566 5 21.8534
    endloop
  endfacet
  facet normal 0 1 0
    outer loop
      vertex -10.1832 5 21.725
      vertex -11.9116 5 21.46
      vertex -12.2566 5 21.8534
    endloop
  endfacet
  facet normal 0 1 0
    outer loop
      vertex -11.6209 5 21.025
      vertex -10.1832 5 21.725
      vertex -10.0097 5 21.3917
    endloop
  endfacet
  facet normal 0 1 0
    outer loop
      vertex -10.1832 5 21.725
      vertex -11.6209 5 21.025
      vertex -11.9116 5 21.46
    endloop
  endfacet
  facet normal 0 1 0
    outer loop
      vertex -11.3895 5 20.5557
      vertex -10.0097 5 21.3917
      vertex -9.82272 5 20.9403
    endloop
  endfacet
  facet normal 0 1 0
    outer loop
      vertex -10.0097 5 21.3917
      vertex -11.3895 5 20.5557
      vertex -11.6209 5 21.025
    endloop
  endfacet
  facet normal 0 1 0
    outer loop
      vertex -11.2213 5 20.0603
      vertex -9.82272 5 20.9403
      vertex -9.67581 5 20.4744
    endloop
  endfacet
  facet normal 0 1 0
    outer loop
      vertex -9.82272 5 20.9403
      vertex -11.2213 5 20.0603
      vertex -11.3895 5 20.5557
    endloop
  endfacet
  facet normal 0 1 0
    outer loop
      vertex -9.57008 5 19.9974
      vertex -11.2213 5 20.0603
      vertex -9.67581 5 20.4744
    endloop
  endfacet
  facet normal 0 1 0
    outer loop
      vertex -9.57008 5 19.9974
      vertex -11.1192 5 19.5471
      vertex -11.2213 5 20.0603
    endloop
  endfacet
  facet normal 0 1 0
    outer loop
      vertex -9.50631 5 19.5131
      vertex -11.1192 5 19.5471
      vertex -9.57008 5 19.9974
    endloop
  endfacet
  facet normal 0 1 0
    outer loop
      vertex -11.085 5 19.025
      vertex -9.50631 5 19.5131
      vertex -9.485 5 19.025
    endloop
  endfacet
  facet normal 0 1 0
    outer loop
      vertex -9.50631 5 19.5131
      vertex -11.085 5 19.025
      vertex -11.1192 5 19.5471
    endloop
  endfacet
  facet normal 0 1 -0
    outer loop
      vertex -9.50631 5 18.5369
      vertex -11.085 5 19.025
      vertex -9.485 5 19.025
    endloop
  endfacet
  facet normal 0 1 0
    outer loop
      vertex -9.50631 5 18.5369
      vertex -11.1192 5 18.5029
      vertex -11.085 5 19.025
    endloop
  endfacet
  facet normal 0 1 -0
    outer loop
      vertex -9.57008 5 18.0526
      vertex -11.1192 5 18.5029
      vertex -9.50631 5 18.5369
    endloop
  endfacet
  facet normal 0 1 0
    outer loop
      vertex -9.57008 5 18.0526
      vertex -11.2213 5 17.9897
      vertex -11.1192 5 18.5029
    endloop
  endfacet
  facet normal 0 1 -0
    outer loop
      vertex -9.67581 5 17.5756
      vertex -11.2213 5 17.9897
      vertex -9.57008 5 18.0526
    endloop
  endfacet
  facet normal 0 1 -0
    outer loop
      vertex -9.82272 5 17.1097
      vertex -11.2213 5 17.9897
      vertex -9.67581 5 17.5756
    endloop
  endfacet
  facet normal 0 1 0
    outer loop
      vertex -11.2213 5 17.9897
      vertex -9.82272 5 17.1097
      vertex -11.3895 5 17.4943
    endloop
  endfacet
  facet normal 0 1 -0
    outer loop
      vertex -10.0097 5 16.6583
      vertex -11.3895 5 17.4943
      vertex -9.82272 5 17.1097
    endloop
  endfacet
  facet normal 0 1 0
    outer loop
      vertex -11.3895 5 17.4943
      vertex -10.0097 5 16.6583
      vertex -11.6209 5 17.025
    endloop
  endfacet
  facet normal 0 1 -0
    outer loop
      vertex -10.2353 5 16.225
      vertex -11.6209 5 17.025
      vertex -10.0097 5 16.6583
    endloop
  endfacet
  facet normal 0 1 -0
    outer loop
      vertex -10.4977 5 15.813
      vertex -11.6209 5 17.025
      vertex -10.2353 5 16.225
    endloop
  endfacet
  facet normal 0 1 0
    outer loop
      vertex -11.6209 5 17.025
      vertex -10.4977 5 15.813
      vertex -11.9116 5 16.59
    endloop
  endfacet
  facet normal 0 1 -0
    outer loop
      vertex -10.7952 5 15.4254
      vertex -11.9116 5 16.59
      vertex -10.4977 5 15.813
    endloop
  endfacet
  facet normal 0 1 0
    outer loop
      vertex -11.9116 5 16.59
      vertex -10.7952 5 15.4254
      vertex -12.2566 5 16.1966
    endloop
  endfacet
  facet normal 0 1 -0
    outer loop
      vertex -11.1252 5 15.0652
      vertex -12.2566 5 16.1966
      vertex -10.7952 5 15.4254
    endloop
  endfacet
  facet normal 0 1 -0
    outer loop
      vertex -11.4854 5 14.7352
      vertex -12.2566 5 16.1966
      vertex -11.1252 5 15.0652
    endloop
  endfacet
  facet normal 0 1 0
    outer loop
      vertex -12.2566 5 16.1966
      vertex -11.4854 5 14.7352
      vertex -12.65 5 15.8516
    endloop
  endfacet
  facet normal 0 1 -0
    outer loop
      vertex -11.873 5 14.4377
      vertex -12.65 5 15.8516
      vertex -11.4854 5 14.7352
    endloop
  endfacet
  facet normal 0 1 0
    outer loop
      vertex -12.65 5 15.8516
      vertex -11.873 5 14.4377
      vertex -13.085 5 15.5609
    endloop
  endfacet
  facet normal 0 1 -0
    outer loop
      vertex -12.285 5 14.1753
      vertex -13.085 5 15.5609
      vertex -11.873 5 14.4377
    endloop
  endfacet
  facet normal 0 1 -0
    outer loop
      vertex -12.7183 5 13.9497
      vertex -13.085 5 15.5609
      vertex -12.285 5 14.1753
    endloop
  endfacet
  facet normal 0 1 0
    outer loop
      vertex -13.085 5 15.5609
      vertex -12.7183 5 13.9497
      vertex -13.5543 5 15.3295
    endloop
  endfacet
  facet normal 0 1 0
    outer loop
      vertex -13.1697 5 -13.7627
      vertex -15.085 5 -15.025
      vertex -16.9 5 -13.7311
    endloop
  endfacet
  facet normal 0 1 0
    outer loop
      vertex -12.2566 5 -16.1966
      vertex -11.4854 5 -14.7352
      vertex -11.1252 5 -15.0652
    endloop
  endfacet
  facet normal 0 1 0
    outer loop
      vertex -13.1697 5 -13.7627
      vertex -14.0497 5 -15.1613
      vertex -14.5629 5 -15.0592
    endloop
  endfacet
  facet normal 0 1 0
    outer loop
      vertex -13.1697 5 -13.7627
      vertex -13.5543 5 -15.3295
      vertex -14.0497 5 -15.1613
    endloop
  endfacet
  facet normal 0 1 0
    outer loop
      vertex -12.2566 5 -16.1966
      vertex -11.1252 5 -15.0652
      vertex -10.7952 5 -15.4254
    endloop
  endfacet
  facet normal 0 1 0
    outer loop
      vertex -12.7183 5 -13.9497
      vertex -13.085 5 -15.5609
      vertex -13.5543 5 -15.3295
    endloop
  endfacet
  facet normal 0 1 0
    outer loop
      vertex -11.9116 5 -16.59
      vertex -10.7952 5 -15.4254
      vertex -10.4977 5 -15.813
    endloop
  endfacet
  facet normal 0 1 0
    outer loop
      vertex -11.873 5 -14.4377
      vertex -12.65 5 -15.8516
      vertex -13.085 5 -15.5609
    endloop
  endfacet
  facet normal 0 1 0
    outer loop
      vertex -11.4854 5 -14.7352
      vertex -12.2566 5 -16.1966
      vertex -12.65 5 -15.8516
    endloop
  endfacet
  facet normal 0 1 0
    outer loop
      vertex -11.6209 5 -17.025
      vertex -10.4977 5 -15.813
      vertex -10.2353 5 -16.225
    endloop
  endfacet
  facet normal 0 1 0
    outer loop
      vertex -10.7952 5 -15.4254
      vertex -11.9116 5 -16.59
      vertex -12.2566 5 -16.1966
    endloop
  endfacet
  facet normal 0 1 0
    outer loop
      vertex -11.6209 5 -17.025
      vertex -10.2353 5 -16.225
      vertex -10.0097 5 -16.6583
    endloop
  endfacet
  facet normal 0 1 0
    outer loop
      vertex -10.4977 5 -15.813
      vertex -11.6209 5 -17.025
      vertex -11.9116 5 -16.59
    endloop
  endfacet
  facet normal 0 1 0
    outer loop
      vertex -11.3895 5 -17.4943
      vertex -10.0097 5 -16.6583
      vertex -9.82272 5 -17.1097
    endloop
  endfacet
  facet normal 0 1 0
    outer loop
      vertex -10.0097 5 -16.6583
      vertex -11.3895 5 -17.4943
      vertex -11.6209 5 -17.025
    endloop
  endfacet
  facet normal 0 1 0
    outer loop
      vertex -11.2213 5 -17.9897
      vertex -9.82272 5 -17.1097
      vertex -9.67581 5 -17.5756
    endloop
  endfacet
  facet normal 0 1 0
    outer loop
      vertex -9.82272 5 -17.1097
      vertex -11.2213 5 -17.9897
      vertex -11.3895 5 -17.4943
    endloop
  endfacet
  facet normal 0 1 0
    outer loop
      vertex -9.57008 5 -18.0526
      vertex -11.2213 5 -17.9897
      vertex -9.67581 5 -17.5756
    endloop
  endfacet
  facet normal 0 1 0
    outer loop
      vertex -9.57008 5 -18.0526
      vertex -11.1192 5 -18.5029
      vertex -11.2213 5 -17.9897
    endloop
  endfacet
  facet normal 0 1 0
    outer loop
      vertex -9.50631 5 -18.5369
      vertex -11.1192 5 -18.5029
      vertex -9.57008 5 -18.0526
    endloop
  endfacet
  facet normal 0 1 0
    outer loop
      vertex -11.085 5 -19.025
      vertex -9.50631 5 -18.5369
      vertex -9.485 5 -19.025
    endloop
  endfacet
  facet normal 0 1 0
    outer loop
      vertex -9.50631 5 -18.5369
      vertex -11.085 5 -19.025
      vertex -11.1192 5 -18.5029
    endloop
  endfacet
  facet normal 0 1 -0
    outer loop
      vertex -9.50631 5 -19.5131
      vertex -11.085 5 -19.025
      vertex -9.485 5 -19.025
    endloop
  endfacet
  facet normal 0 1 0
    outer loop
      vertex -9.50631 5 -19.5131
      vertex -11.1192 5 -19.5471
      vertex -11.085 5 -19.025
    endloop
  endfacet
  facet normal 0 1 -0
    outer loop
      vertex -9.57008 5 -19.9974
      vertex -11.1192 5 -19.5471
      vertex -9.50631 5 -19.5131
    endloop
  endfacet
  facet normal 0 1 0
    outer loop
      vertex -9.57008 5 -19.9974
      vertex -11.2213 5 -20.0603
      vertex -11.1192 5 -19.5471
    endloop
  endfacet
  facet normal 0 1 -0
    outer loop
      vertex -9.67581 5 -20.4744
      vertex -11.2213 5 -20.0603
      vertex -9.57008 5 -19.9974
    endloop
  endfacet
  facet normal 0 1 -0
    outer loop
      vertex -9.82272 5 -20.9403
      vertex -11.2213 5 -20.0603
      vertex -9.67581 5 -20.4744
    endloop
  endfacet
  facet normal 0 1 0
    outer loop
      vertex -11.2213 5 -20.0603
      vertex -9.82272 5 -20.9403
      vertex -11.3895 5 -20.5557
    endloop
  endfacet
  facet normal 0 1 -0
    outer loop
      vertex -10.0097 5 -21.3917
      vertex -11.3895 5 -20.5557
      vertex -9.82272 5 -20.9403
    endloop
  endfacet
  facet normal 0 1 0
    outer loop
      vertex -11.3895 5 -20.5557
      vertex -10.0097 5 -21.3917
      vertex -11.6209 5 -21.025
    endloop
  endfacet
  facet normal 0 1 -0
    outer loop
      vertex -10.1832 5 -21.725
      vertex -11.6209 5 -21.025
      vertex -10.0097 5 -21.3917
    endloop
  endfacet
  facet normal 0 1 0
    outer loop
      vertex -11.6209 5 -21.025
      vertex -10.1832 5 -21.725
      vertex -11.9116 5 -21.46
    endloop
  endfacet
  facet normal 0 1 0
    outer loop
      vertex -10.1832 5 -21.725
      vertex -12.2566 5 -21.8534
      vertex -11.9116 5 -21.46
    endloop
  endfacet
  facet normal 0 1 0
    outer loop
      vertex 13.085 5 -22.4891
      vertex 10.1832 5 -21.725
      vertex 12.65 5 -22.1984
    endloop
  endfacet
  facet normal 0 1 0
    outer loop
      vertex 13.5543 5 -22.7205
      vertex 10.1832 5 -21.725
      vertex 13.085 5 -22.4891
    endloop
  endfacet
  facet normal 0 1 0
    outer loop
      vertex -10.1832 5 -21.725
      vertex -12.65 5 -22.1984
      vertex -12.2566 5 -21.8534
    endloop
  endfacet
  facet normal 0 1 0
    outer loop
      vertex 10.1832 5 -21.725
      vertex 13.5543 5 -22.7205
      vertex -10.1832 5 -21.725
    endloop
  endfacet
  facet normal 0 1 0
    outer loop
      vertex -10.1832 5 -21.725
      vertex -13.085 5 -22.4891
      vertex -12.65 5 -22.1984
    endloop
  endfacet
  facet normal 0 1 0
    outer loop
      vertex -13.5543 5 -22.7205
      vertex -10.1832 5 -21.725
      vertex 13.5543 5 -22.7205
    endloop
  endfacet
  facet normal 0 1 0
    outer loop
      vertex -10.1832 5 -21.725
      vertex -13.5543 5 -22.7205
      vertex -13.085 5 -22.4891
    endloop
  endfacet
  facet normal 0 1 0
    outer loop
      vertex 14.0497 5 -22.8887
      vertex -13.5543 5 -22.7205
      vertex 13.5543 5 -22.7205
    endloop
  endfacet
  facet normal 0 1 0
    outer loop
      vertex 14.0497 5 -22.8887
      vertex -14.0497 5 -22.8887
      vertex -13.5543 5 -22.7205
    endloop
  endfacet
  facet normal 0 1 0
    outer loop
      vertex 14.5629 5 -22.9908
      vertex -14.0497 5 -22.8887
      vertex 14.0497 5 -22.8887
    endloop
  endfacet
  facet normal 0 1 0
    outer loop
      vertex 14.5629 5 -22.9908
      vertex -14.5629 5 -22.9908
      vertex -14.0497 5 -22.8887
    endloop
  endfacet
  facet normal 0 1 0
    outer loop
      vertex 15.085 5 -23.025
      vertex -14.5629 5 -22.9908
      vertex 14.5629 5 -22.9908
    endloop
  endfacet
  facet normal 0 1 0
    outer loop
      vertex -14.5629 5 -22.9908
      vertex 15.085 5 -23.025
      vertex -15.085 5 -23.025
    endloop
  endfacet
  facet normal 0 1 0
    outer loop
      vertex 15.085 5 -15.025
      vertex 15.085 5 -13.425
      vertex 15.5731 5 -13.4463
    endloop
  endfacet
  facet normal 0 1 0
    outer loop
      vertex 15.085 5 -15.025
      vertex 15.5731 5 -13.4463
      vertex 16.0574 5 -13.5101
    endloop
  endfacet
  facet normal 0 1 0
    outer loop
      vertex 15.085 5 -13.425
      vertex 15.085 5 -15.025
      vertex 14.5969 5 -13.4463
    endloop
  endfacet
  facet normal 0 1 0
    outer loop
      vertex 15.085 5 -15.025
      vertex 16.0574 5 -13.5101
      vertex 16.5344 5 -13.6158
    endloop
  endfacet
  facet normal 0 1 0
    outer loop
      vertex 14.5629 5 -15.0592
      vertex 14.5969 5 -13.4463
      vertex 15.085 5 -15.025
    endloop
  endfacet
  facet normal 0 1 0
    outer loop
      vertex 15.085 5 -15.025
      vertex 16.5344 5 -13.6158
      vertex 16.9 5 -13.7311
    endloop
  endfacet
  facet normal 0 1 0
    outer loop
      vertex 14.5969 5 -13.4463
      vertex 14.5629 5 -15.0592
      vertex 14.1126 5 -13.5101
    endloop
  endfacet
  facet normal 0 1 0
    outer loop
      vertex -14.5969 5 -13.4463
      vertex -15.5731 5 -13.4463
      vertex -15.085 5 -13.425
    endloop
  endfacet
  facet normal 0 1 0
    outer loop
      vertex -14.1126 5 -13.5101
      vertex -15.5731 5 -13.4463
      vertex -14.5969 5 -13.4463
    endloop
  endfacet
  facet normal 0 1 0
    outer loop
      vertex -14.1126 5 -13.5101
      vertex -16.0574 5 -13.5101
      vertex -15.5731 5 -13.4463
    endloop
  endfacet
  facet normal 0 1 0
    outer loop
      vertex -13.6356 5 -13.6158
      vertex -16.0574 5 -13.5101
      vertex -14.1126 5 -13.5101
    endloop
  endfacet
  facet normal 0 1 0
    outer loop
      vertex -13.6356 5 -13.6158
      vertex -16.5344 5 -13.6158
      vertex -16.0574 5 -13.5101
    endloop
  endfacet
  facet normal 0 1 0
    outer loop
      vertex -13.6356 5 -13.6158
      vertex -16.9 5 -13.7311
      vertex -16.5344 5 -13.6158
    endloop
  endfacet
  facet normal -0 1 0
    outer loop
      vertex -16.9 5 -13.7311
      vertex -13.6356 5 -13.6158
      vertex -13.1697 5 -13.7627
    endloop
  endfacet
  facet normal 0 1 -0
    outer loop
      vertex 13.085 5 -15.5609
      vertex 12.7183 5 -13.9497
      vertex 13.5543 5 -15.3295
    endloop
  endfacet
  facet normal 0 1 0
    outer loop
      vertex 12.7183 5 -13.9497
      vertex 13.085 5 -15.5609
      vertex 12.285 5 -14.1753
    endloop
  endfacet
  facet normal 0 1 0
    outer loop
      vertex 12.285 5 -14.1753
      vertex 13.085 5 -15.5609
      vertex 11.873 5 -14.4377
    endloop
  endfacet
  facet normal 0 1 -0
    outer loop
      vertex 12.65 5 -15.8516
      vertex 11.873 5 -14.4377
      vertex 13.085 5 -15.5609
    endloop
  endfacet
  facet normal 0 1 0
    outer loop
      vertex 11.873 5 -14.4377
      vertex 12.65 5 -15.8516
      vertex 11.4854 5 -14.7352
    endloop
  endfacet
  facet normal 0 1 -0
    outer loop
      vertex 12.2566 5 -16.1966
      vertex 11.4854 5 -14.7352
      vertex 12.65 5 -15.8516
    endloop
  endfacet
  facet normal 0 1 0
    outer loop
      vertex 11.4854 5 -14.7352
      vertex 12.2566 5 -16.1966
      vertex 11.1252 5 -15.0652
    endloop
  endfacet
  facet normal 0 1 0
    outer loop
      vertex 11.1252 5 -15.0652
      vertex 12.2566 5 -16.1966
      vertex 10.7952 5 -15.4254
    endloop
  endfacet
  facet normal 0 1 -0
    outer loop
      vertex 11.9116 5 -16.59
      vertex 10.7952 5 -15.4254
      vertex 12.2566 5 -16.1966
    endloop
  endfacet
  facet normal 0 1 0
    outer loop
      vertex 10.7952 5 -15.4254
      vertex 11.9116 5 -16.59
      vertex 10.4977 5 -15.813
    endloop
  endfacet
  facet normal 0 1 -0
    outer loop
      vertex 11.6209 5 -17.025
      vertex 10.4977 5 -15.813
      vertex 11.9116 5 -16.59
    endloop
  endfacet
  facet normal 0 1 0
    outer loop
      vertex 10.4977 5 -15.813
      vertex 11.6209 5 -17.025
      vertex 10.2353 5 -16.225
    endloop
  endfacet
  facet normal 0 1 0
    outer loop
      vertex 10.2353 5 -16.225
      vertex 11.6209 5 -17.025
      vertex 10.0097 5 -16.6583
    endloop
  endfacet
  facet normal 0 1 -0
    outer loop
      vertex 11.3895 5 -17.4943
      vertex 10.0097 5 -16.6583
      vertex 11.6209 5 -17.025
    endloop
  endfacet
  facet normal 0 1 0
    outer loop
      vertex 10.0097 5 -16.6583
      vertex 11.3895 5 -17.4943
      vertex 9.82272 5 -17.1097
    endloop
  endfacet
  facet normal 0 1 -0
    outer loop
      vertex 11.2213 5 -17.9897
      vertex 9.82272 5 -17.1097
      vertex 11.3895 5 -17.4943
    endloop
  endfacet
  facet normal 0 1 0
    outer loop
      vertex 9.82272 5 -17.1097
      vertex 11.2213 5 -17.9897
      vertex 9.67581 5 -17.5756
    endloop
  endfacet
  facet normal 0 1 0
    outer loop
      vertex 11.2213 5 -17.9897
      vertex 9.57008 5 -18.0526
      vertex 9.67581 5 -17.5756
    endloop
  endfacet
  facet normal 0 1 -0
    outer loop
      vertex 11.1192 5 -18.5029
      vertex 9.57008 5 -18.0526
      vertex 11.2213 5 -17.9897
    endloop
  endfacet
  facet normal 0 1 0
    outer loop
      vertex 11.1192 5 -18.5029
      vertex 9.50631 5 -18.5369
      vertex 9.57008 5 -18.0526
    endloop
  endfacet
  facet normal 0 1 -0
    outer loop
      vertex 11.085 5 -19.025
      vertex 9.50631 5 -18.5369
      vertex 11.1192 5 -18.5029
    endloop
  endfacet
  facet normal 0 1 0
    outer loop
      vertex 11.085 5 -19.025
      vertex 9.485 5 -19.025
      vertex 9.50631 5 -18.5369
    endloop
  endfacet
  facet normal 0 1 0
    outer loop
      vertex 11.085 5 -19.025
      vertex 9.50631 5 -19.5131
      vertex 9.485 5 -19.025
    endloop
  endfacet
  facet normal 0 1 0
    outer loop
      vertex 11.1192 5 -19.5471
      vertex 9.50631 5 -19.5131
      vertex 11.085 5 -19.025
    endloop
  endfacet
  facet normal 0 1 0
    outer loop
      vertex 11.1192 5 -19.5471
      vertex 9.57008 5 -19.9974
      vertex 9.50631 5 -19.5131
    endloop
  endfacet
  facet normal 0 1 0
    outer loop
      vertex 11.2213 5 -20.0603
      vertex 9.57008 5 -19.9974
      vertex 11.1192 5 -19.5471
    endloop
  endfacet
  facet normal 0 1 0
    outer loop
      vertex 11.2213 5 -20.0603
      vertex 9.67581 5 -20.4744
      vertex 9.57008 5 -19.9974
    endloop
  endfacet
  facet normal 0 1 0
    outer loop
      vertex 9.82272 5 -20.9403
      vertex 11.2213 5 -20.0603
      vertex 11.3895 5 -20.5557
    endloop
  endfacet
  facet normal 0 1 0
    outer loop
      vertex 11.2213 5 -20.0603
      vertex 9.82272 5 -20.9403
      vertex 9.67581 5 -20.4744
    endloop
  endfacet
  facet normal 0 1 0
    outer loop
      vertex 10.0097 5 -21.3917
      vertex 11.3895 5 -20.5557
      vertex 11.6209 5 -21.025
    endloop
  endfacet
  facet normal 0 1 0
    outer loop
      vertex 11.3895 5 -20.5557
      vertex 10.0097 5 -21.3917
      vertex 9.82272 5 -20.9403
    endloop
  endfacet
  facet normal 0 1 0
    outer loop
      vertex 10.1832 5 -21.725
      vertex 11.6209 5 -21.025
      vertex 11.9116 5 -21.46
    endloop
  endfacet
  facet normal 0 1 0
    outer loop
      vertex 11.6209 5 -21.025
      vertex 10.1832 5 -21.725
      vertex 10.0097 5 -21.3917
    endloop
  endfacet
  facet normal 0 1 0
    outer loop
      vertex 12.65 5 -22.1984
      vertex 10.1832 5 -21.725
      vertex 12.2566 5 -21.8534
    endloop
  endfacet
  facet normal 0 1 0
    outer loop
      vertex 12.2566 5 -21.8534
      vertex 10.1832 5 -21.725
      vertex 11.9116 5 -21.46
    endloop
  endfacet
  facet normal -0 1 0
    outer loop
      vertex -15.5731 5 13.4463
      vertex -15.085 5 15.025
      vertex -15.085 5 13.425
    endloop
  endfacet
  facet normal 0 1 0
    outer loop
      vertex -16.1203 5 15.1613
      vertex -16.9 5 13.7311
      vertex -16.6157 5 15.3295
    endloop
  endfacet
  facet normal 0 1 0
    outer loop
      vertex -15.085 5 15.025
      vertex -15.5731 5 13.4463
      vertex -15.6071 5 15.0592
    endloop
  endfacet
  facet normal -0 1 0
    outer loop
      vertex -16.9 5 13.7311
      vertex -16.1203 5 15.1613
      vertex -16.5344 5 13.6158
    endloop
  endfacet
  facet normal -0 1 0
    outer loop
      vertex -16.0574 5 13.5101
      vertex -15.6071 5 15.0592
      vertex -15.5731 5 13.4463
    endloop
  endfacet
  facet normal -0 1 0
    outer loop
      vertex -16.5344 5 13.6158
      vertex -16.1203 5 15.1613
      vertex -16.0574 5 13.5101
    endloop
  endfacet
  facet normal 0 1 0
    outer loop
      vertex -15.6071 5 15.0592
      vertex -16.0574 5 13.5101
      vertex -16.1203 5 15.1613
    endloop
  endfacet
  facet normal 0 1 0
    outer loop
      vertex 16.1203 5 15.1613
      vertex 16.5344 5 13.6158
      vertex 16.0574 5 13.5101
    endloop
  endfacet
  facet normal 0 1 0
    outer loop
      vertex 14.0497 5 15.1613
      vertex 13.6356 5 13.6158
      vertex 13.1697 5 13.7627
    endloop
  endfacet
  facet normal 0 1 0
    outer loop
      vertex 15.6071 5 15.0592
      vertex 16.0574 5 13.5101
      vertex 15.5731 5 13.4463
    endloop
  endfacet
  facet normal 0 1 0
    outer loop
      vertex 14.0497 5 15.1613
      vertex 14.1126 5 13.5101
      vertex 13.6356 5 13.6158
    endloop
  endfacet
  facet normal 0 1 0
    outer loop
      vertex 15.085 5 15.025
      vertex 15.5731 5 13.4463
      vertex 15.085 5 13.425
    endloop
  endfacet
  facet normal 0 1 0
    outer loop
      vertex 14.5629 5 15.0592
      vertex 14.5969 5 13.4463
      vertex 14.1126 5 13.5101
    endloop
  endfacet
  facet normal 0 1 0
    outer loop
      vertex 15.085 5 15.025
      vertex 15.085 5 13.425
      vertex 14.5969 5 13.4463
    endloop
  endfacet
  facet normal -0.976304 0 0.216404
    outer loop
      vertex -9.67581 5 -20.4744
      vertex -9.57008 9.7 -19.9974
      vertex -9.67581 9.7 -20.4744
    endloop
  endfacet
  facet normal -0.976304 0 0.216404
    outer loop
      vertex -9.57008 9.7 -19.9974
      vertex -9.67581 5 -20.4744
      vertex -9.57008 5 -19.9974
    endloop
  endfacet
  facet normal -0.991442 0 0.130548
    outer loop
      vertex -9.57008 5 -19.9974
      vertex -9.50631 9.7 -19.5131
      vertex -9.57008 9.7 -19.9974
    endloop
  endfacet
  facet normal -0.991442 0 0.130548
    outer loop
      vertex -9.50631 9.7 -19.5131
      vertex -9.57008 5 -19.9974
      vertex -9.50631 5 -19.5131
    endloop
  endfacet
  facet normal -0.95371 0 0.300729
    outer loop
      vertex -9.82272 5 -20.9403
      vertex -9.67581 9.7 -20.4744
      vertex -9.82272 9.7 -20.9403
    endloop
  endfacet
  facet normal -0.95371 0 0.300729
    outer loop
      vertex -9.67581 9.7 -20.4744
      vertex -9.82272 5 -20.9403
      vertex -9.67581 5 -20.4744
    endloop
  endfacet
  facet normal -0.887016 0 0.461738
    outer loop
      vertex -10.1832 5 -21.725
      vertex -10.0097 9.7 -21.3917
      vertex -10.1832 9.7 -21.725
    endloop
  endfacet
  facet normal -0.887016 0 0.461738
    outer loop
      vertex -10.0097 9.7 -21.3917
      vertex -10.1832 5 -21.725
      vertex -10.0097 5 -21.3917
    endloop
  endfacet
  facet normal -0.0435971 0 -0.999049
    outer loop
      vertex -15.085 5 -13.425
      vertex -14.5969 9.7 -13.4463
      vertex -14.5969 5 -13.4463
    endloop
  endfacet
  facet normal -0.0435971 0 -0.999049
    outer loop
      vertex -14.5969 9.7 -13.4463
      vertex -15.085 5 -13.425
      vertex -15.085 9.7 -13.425
    endloop
  endfacet
  facet normal -0.30071 0 -0.953716
    outer loop
      vertex -13.6356 5 -13.6158
      vertex -13.1697 9.7 -13.7627
      vertex -13.1697 5 -13.7627
    endloop
  endfacet
  facet normal -0.30071 0 -0.953716
    outer loop
      vertex -13.1697 9.7 -13.7627
      vertex -13.6356 5 -13.6158
      vertex -13.6356 9.7 -13.6158
    endloop
  endfacet
  facet normal -0.60887 0 -0.79327
    outer loop
      vertex -11.873 5 -14.4377
      vertex -11.4854 9.7 -14.7352
      vertex -11.4854 5 -14.7352
    endloop
  endfacet
  facet normal -0.60887 0 -0.79327
    outer loop
      vertex -11.4854 9.7 -14.7352
      vertex -11.873 5 -14.4377
      vertex -11.873 9.7 -14.4377
    endloop
  endfacet
  facet normal -0.46181 0 -0.886979
    outer loop
      vertex -12.7183 5 -13.9497
      vertex -12.285 9.7 -14.1753
      vertex -12.285 5 -14.1753
    endloop
  endfacet
  facet normal -0.46181 0 -0.886979
    outer loop
      vertex -12.285 9.7 -14.1753
      vertex -12.7183 5 -13.9497
      vertex -12.7183 9.7 -13.9497
    endloop
  endfacet
  facet normal -0.886979 0 -0.46181
    outer loop
      vertex -10.0097 5 -16.6583
      vertex -10.2353 9.7 -16.225
      vertex -10.0097 9.7 -16.6583
    endloop
  endfacet
  facet normal -0.886979 -0 -0.46181
    outer loop
      vertex -10.2353 9.7 -16.225
      vertex -10.0097 5 -16.6583
      vertex -10.2353 5 -16.225
    endloop
  endfacet
  facet normal -0.95371 0 -0.300729
    outer loop
      vertex -9.67581 5 -17.5756
      vertex -9.82272 9.7 -17.1097
      vertex -9.67581 9.7 -17.5756
    endloop
  endfacet
  facet normal -0.95371 -0 -0.300729
    outer loop
      vertex -9.82272 9.7 -17.1097
      vertex -9.67581 5 -17.5756
      vertex -9.82272 5 -17.1097
    endloop
  endfacet
  facet normal -0.991442 0 -0.130548
    outer loop
      vertex -9.50631 5 -18.5369
      vertex -9.57008 9.7 -18.0526
      vertex -9.50631 9.7 -18.5369
    endloop
  endfacet
  facet normal -0.991442 -0 -0.130548
    outer loop
      vertex -9.57008 9.7 -18.0526
      vertex -9.50631 5 -18.5369
      vertex -9.57008 5 -18.0526
    endloop
  endfacet
  facet normal -0.999048 0 -0.0436175
    outer loop
      vertex -9.485 5 -19.025
      vertex -9.50631 9.7 -18.5369
      vertex -9.485 9.7 -19.025
    endloop
  endfacet
  facet normal -0.999048 -0 -0.0436175
    outer loop
      vertex -9.50631 9.7 -18.5369
      vertex -9.485 5 -19.025
      vertex -9.50631 5 -18.5369
    endloop
  endfacet
  facet normal -0.130608 0 -0.991434
    outer loop
      vertex -14.5969 5 -13.4463
      vertex -14.1126 9.7 -13.5101
      vertex -14.1126 5 -13.5101
    endloop
  endfacet
  facet normal -0.130608 0 -0.991434
    outer loop
      vertex -14.1126 9.7 -13.5101
      vertex -14.5969 5 -13.4463
      vertex -14.5969 9.7 -13.4463
    endloop
  endfacet
  facet normal -0.382725 0 -0.923862
    outer loop
      vertex -13.1697 5 -13.7627
      vertex -12.7183 9.7 -13.9497
      vertex -12.7183 5 -13.9497
    endloop
  endfacet
  facet normal -0.382725 0 -0.923862
    outer loop
      vertex -12.7183 9.7 -13.9497
      vertex -13.1697 5 -13.7627
      vertex -13.1697 9.7 -13.7627
    endloop
  endfacet
  facet normal -0.675521 0 -0.737341
    outer loop
      vertex -11.4854 5 -14.7352
      vertex -11.1252 9.7 -15.0652
      vertex -11.1252 5 -15.0652
    endloop
  endfacet
  facet normal -0.675521 0 -0.737341
    outer loop
      vertex -11.1252 9.7 -15.0652
      vertex -11.4854 5 -14.7352
      vertex -11.4854 9.7 -14.7352
    endloop
  endfacet
  facet normal -0.537193 0 -0.843459
    outer loop
      vertex -12.285 5 -14.1753
      vertex -11.873 9.7 -14.4377
      vertex -11.873 5 -14.4377
    endloop
  endfacet
  facet normal -0.537193 0 -0.843459
    outer loop
      vertex -11.873 9.7 -14.4377
      vertex -12.285 5 -14.1753
      vertex -12.285 9.7 -14.1753
    endloop
  endfacet
  facet normal -0.737341 0 -0.675521
    outer loop
      vertex -10.7952 5 -15.4254
      vertex -11.1252 9.7 -15.0652
      vertex -10.7952 9.7 -15.4254
    endloop
  endfacet
  facet normal -0.737341 -0 -0.675521
    outer loop
      vertex -11.1252 9.7 -15.0652
      vertex -10.7952 5 -15.4254
      vertex -11.1252 5 -15.0652
    endloop
  endfacet
  facet normal -0.843459 0 -0.537193
    outer loop
      vertex -10.2353 5 -16.225
      vertex -10.4977 9.7 -15.813
      vertex -10.2353 9.7 -16.225
    endloop
  endfacet
  facet normal -0.843459 -0 -0.537193
    outer loop
      vertex -10.4977 9.7 -15.813
      vertex -10.2353 5 -16.225
      vertex -10.4977 5 -15.813
    endloop
  endfacet
  facet normal -0.923877 0 -0.38269
    outer loop
      vertex -9.82272 5 -17.1097
      vertex -10.0097 9.7 -16.6583
      vertex -9.82272 9.7 -17.1097
    endloop
  endfacet
  facet normal -0.923877 -0 -0.38269
    outer loop
      vertex -10.0097 9.7 -16.6583
      vertex -9.82272 5 -17.1097
      vertex -10.0097 5 -16.6583
    endloop
  endfacet
  facet normal -0.976304 0 -0.216404
    outer loop
      vertex -9.57008 5 -18.0526
      vertex -9.67581 9.7 -17.5756
      vertex -9.57008 9.7 -18.0526
    endloop
  endfacet
  facet normal -0.976304 -0 -0.216404
    outer loop
      vertex -9.67581 9.7 -17.5756
      vertex -9.57008 5 -18.0526
      vertex -9.67581 5 -17.5756
    endloop
  endfacet
  facet normal 0.300769 0 -0.953697
    outer loop
      vertex -16.9 5 -13.7311
      vertex -16.5344 9.7 -13.6158
      vertex -16.5344 5 -13.6158
    endloop
  endfacet
  facet normal 0.300769 0 -0.953697
    outer loop
      vertex -16.5344 9.7 -13.6158
      vertex -16.9 5 -13.7311
      vertex -16.9 9.7 -13.7311
    endloop
  endfacet
  facet normal 0.216345 0 -0.976317
    outer loop
      vertex -16.5344 5 -13.6158
      vertex -16.0574 9.7 -13.5101
      vertex -16.0574 5 -13.5101
    endloop
  endfacet
  facet normal 0.216345 0 -0.976317
    outer loop
      vertex -16.0574 9.7 -13.5101
      vertex -16.5344 5 -13.6158
      vertex -16.5344 9.7 -13.6158
    endloop
  endfacet
  facet normal -0.216345 0 -0.976317
    outer loop
      vertex -14.1126 5 -13.5101
      vertex -13.6356 9.7 -13.6158
      vertex -13.6356 5 -13.6158
    endloop
  endfacet
  facet normal -0.216345 0 -0.976317
    outer loop
      vertex -13.6356 9.7 -13.6158
      vertex -14.1126 5 -13.5101
      vertex -14.1126 9.7 -13.5101
    endloop
  endfacet
  facet normal -0.79327 0 -0.60887
    outer loop
      vertex -10.4977 5 -15.813
      vertex -10.7952 9.7 -15.4254
      vertex -10.4977 9.7 -15.813
    endloop
  endfacet
  facet normal -0.79327 -0 -0.60887
    outer loop
      vertex -10.7952 9.7 -15.4254
      vertex -10.4977 5 -15.813
      vertex -10.7952 5 -15.4254
    endloop
  endfacet
  facet normal 0.130608 0 -0.991434
    outer loop
      vertex -16.0574 5 -13.5101
      vertex -15.5731 9.7 -13.4463
      vertex -15.5731 5 -13.4463
    endloop
  endfacet
  facet normal 0.130608 0 -0.991434
    outer loop
      vertex -15.5731 9.7 -13.4463
      vertex -16.0574 5 -13.5101
      vertex -16.0574 9.7 -13.5101
    endloop
  endfacet
  facet normal -0.976304 0 0.216404
    outer loop
      vertex -9.67581 5 17.5756
      vertex -9.57008 9.7 18.0526
      vertex -9.67581 9.7 17.5756
    endloop
  endfacet
  facet normal -0.976304 0 0.216404
    outer loop
      vertex -9.57008 9.7 18.0526
      vertex -9.67581 5 17.5756
      vertex -9.57008 5 18.0526
    endloop
  endfacet
  facet normal -0.999048 0 0.0436175
    outer loop
      vertex -9.50631 5 18.5369
      vertex -9.485 9.7 19.025
      vertex -9.50631 9.7 18.5369
    endloop
  endfacet
  facet normal -0.999048 0 0.0436175
    outer loop
      vertex -9.485 9.7 19.025
      vertex -9.50631 5 18.5369
      vertex -9.485 5 19.025
    endloop
  endfacet
  facet normal -0.0435971 0 0.999049
    outer loop
      vertex -15.085 9.7 13.425
      vertex -14.5969 5 13.4463
      vertex -14.5969 9.7 13.4463
    endloop
  endfacet
  facet normal -0.0435971 0 0.999049
    outer loop
      vertex -14.5969 5 13.4463
      vertex -15.085 9.7 13.425
      vertex -15.085 5 13.425
    endloop
  endfacet
  facet normal -0.675521 0 0.737341
    outer loop
      vertex -11.4854 9.7 14.7352
      vertex -11.1252 5 15.0652
      vertex -11.1252 9.7 15.0652
    endloop
  endfacet
  facet normal -0.675521 0 0.737341
    outer loop
      vertex -11.1252 5 15.0652
      vertex -11.4854 9.7 14.7352
      vertex -11.4854 5 14.7352
    endloop
  endfacet
  facet normal -0.95371 0 0.300729
    outer loop
      vertex -9.82272 5 17.1097
      vertex -9.67581 9.7 17.5756
      vertex -9.82272 9.7 17.1097
    endloop
  endfacet
  facet normal -0.95371 0 0.300729
    outer loop
      vertex -9.67581 9.7 17.5756
      vertex -9.82272 5 17.1097
      vertex -9.67581 5 17.5756
    endloop
  endfacet
  facet normal -0.382725 0 0.923862
    outer loop
      vertex -13.1697 9.7 13.7627
      vertex -12.7183 5 13.9497
      vertex -12.7183 9.7 13.9497
    endloop
  endfacet
  facet normal -0.382725 0 0.923862
    outer loop
      vertex -12.7183 5 13.9497
      vertex -13.1697 9.7 13.7627
      vertex -13.1697 5 13.7627
    endloop
  endfacet
  facet normal -0.887016 0 -0.461738
    outer loop
      vertex -10.0097 5 21.3917
      vertex -10.1832 9.7 21.725
      vertex -10.0097 9.7 21.3917
    endloop
  endfacet
  facet normal -0.887016 -0 -0.461738
    outer loop
      vertex -10.1832 9.7 21.725
      vertex -10.0097 5 21.3917
      vertex -10.1832 5 21.725
    endloop
  endfacet
  facet normal -0.991442 0 0.130548
    outer loop
      vertex -9.57008 5 18.0526
      vertex -9.50631 9.7 18.5369
      vertex -9.57008 9.7 18.0526
    endloop
  endfacet
  facet normal -0.991442 0 0.130548
    outer loop
      vertex -9.50631 9.7 18.5369
      vertex -9.57008 5 18.0526
      vertex -9.50631 5 18.5369
    endloop
  endfacet
  facet normal -0.843459 0 0.537193
    outer loop
      vertex -10.4977 5 15.813
      vertex -10.2353 9.7 16.225
      vertex -10.4977 9.7 15.813
    endloop
  endfacet
  facet normal -0.843459 0 0.537193
    outer loop
      vertex -10.2353 9.7 16.225
      vertex -10.4977 5 15.813
      vertex -10.2353 5 16.225
    endloop
  endfacet
  facet normal -0.79327 0 0.60887
    outer loop
      vertex -10.7952 5 15.4254
      vertex -10.4977 9.7 15.813
      vertex -10.7952 9.7 15.4254
    endloop
  endfacet
  facet normal -0.79327 0 0.60887
    outer loop
      vertex -10.4977 9.7 15.813
      vertex -10.7952 5 15.4254
      vertex -10.4977 5 15.813
    endloop
  endfacet
  facet normal -0.30071 0 0.953716
    outer loop
      vertex -13.6356 9.7 13.6158
      vertex -13.1697 5 13.7627
      vertex -13.1697 9.7 13.7627
    endloop
  endfacet
  facet normal -0.30071 0 0.953716
    outer loop
      vertex -13.1697 5 13.7627
      vertex -13.6356 9.7 13.6158
      vertex -13.6356 5 13.6158
    endloop
  endfacet
  facet normal -0.216345 0 0.976317
    outer loop
      vertex -14.1126 9.7 13.5101
      vertex -13.6356 5 13.6158
      vertex -13.6356 9.7 13.6158
    endloop
  endfacet
  facet normal -0.216345 0 0.976317
    outer loop
      vertex -13.6356 5 13.6158
      vertex -14.1126 9.7 13.5101
      vertex -14.1126 5 13.5101
    endloop
  endfacet
  facet normal -0.130608 0 0.991434
    outer loop
      vertex -14.5969 9.7 13.4463
      vertex -14.1126 5 13.5101
      vertex -14.1126 9.7 13.5101
    endloop
  endfacet
  facet normal -0.130608 0 0.991434
    outer loop
      vertex -14.1126 5 13.5101
      vertex -14.5969 9.7 13.4463
      vertex -14.5969 5 13.4463
    endloop
  endfacet
  facet normal -0.60887 0 0.79327
    outer loop
      vertex -11.873 9.7 14.4377
      vertex -11.4854 5 14.7352
      vertex -11.4854 9.7 14.7352
    endloop
  endfacet
  facet normal -0.60887 0 0.79327
    outer loop
      vertex -11.4854 5 14.7352
      vertex -11.873 9.7 14.4377
      vertex -11.873 5 14.4377
    endloop
  endfacet
  facet normal -0.46181 0 0.886979
    outer loop
      vertex -12.7183 9.7 13.9497
      vertex -12.285 5 14.1753
      vertex -12.285 9.7 14.1753
    endloop
  endfacet
  facet normal -0.46181 0 0.886979
    outer loop
      vertex -12.285 5 14.1753
      vertex -12.7183 9.7 13.9497
      vertex -12.7183 5 13.9497
    endloop
  endfacet
  facet normal -0.537193 0 0.843459
    outer loop
      vertex -12.285 9.7 14.1753
      vertex -11.873 5 14.4377
      vertex -11.873 9.7 14.4377
    endloop
  endfacet
  facet normal -0.537193 0 0.843459
    outer loop
      vertex -11.873 5 14.4377
      vertex -12.285 9.7 14.1753
      vertex -12.285 5 14.1753
    endloop
  endfacet
  facet normal 0.0435971 0 0.999049
    outer loop
      vertex -15.5731 9.7 13.4463
      vertex -15.085 5 13.425
      vertex -15.085 9.7 13.425
    endloop
  endfacet
  facet normal 0.0435971 0 0.999049
    outer loop
      vertex -15.085 5 13.425
      vertex -15.5731 9.7 13.4463
      vertex -15.5731 5 13.4463
    endloop
  endfacet
  facet normal 0.130608 0 0.991434
    outer loop
      vertex -16.0574 9.7 13.5101
      vertex -15.5731 5 13.4463
      vertex -15.5731 9.7 13.4463
    endloop
  endfacet
  facet normal 0.130608 0 0.991434
    outer loop
      vertex -15.5731 5 13.4463
      vertex -16.0574 9.7 13.5101
      vertex -16.0574 5 13.5101
    endloop
  endfacet
  facet normal -0.999048 0 -0.0436175
    outer loop
      vertex -9.485 5 19.025
      vertex -9.50631 9.7 19.5131
      vertex -9.485 9.7 19.025
    endloop
  endfacet
  facet normal -0.999048 -0 -0.0436175
    outer loop
      vertex -9.50631 9.7 19.5131
      vertex -9.485 5 19.025
      vertex -9.50631 5 19.5131
    endloop
  endfacet
  facet normal -0.95371 0 -0.300729
    outer loop
      vertex -9.67581 5 20.4744
      vertex -9.82272 9.7 20.9403
      vertex -9.67581 9.7 20.4744
    endloop
  endfacet
  facet normal -0.95371 -0 -0.300729
    outer loop
      vertex -9.82272 9.7 20.9403
      vertex -9.67581 5 20.4744
      vertex -9.82272 5 20.9403
    endloop
  endfacet
  facet normal -0.976304 0 -0.216404
    outer loop
      vertex -9.57008 5 19.9974
      vertex -9.67581 9.7 20.4744
      vertex -9.57008 9.7 19.9974
    endloop
  endfacet
  facet normal -0.976304 -0 -0.216404
    outer loop
      vertex -9.67581 9.7 20.4744
      vertex -9.57008 5 19.9974
      vertex -9.67581 5 20.4744
    endloop
  endfacet
  facet normal -0.886979 0 0.46181
    outer loop
      vertex -10.2353 5 16.225
      vertex -10.0097 9.7 16.6583
      vertex -10.2353 9.7 16.225
    endloop
  endfacet
  facet normal -0.886979 0 0.46181
    outer loop
      vertex -10.0097 9.7 16.6583
      vertex -10.2353 5 16.225
      vertex -10.0097 5 16.6583
    endloop
  endfacet
  facet normal -0.737341 0 0.675521
    outer loop
      vertex -11.1252 5 15.0652
      vertex -10.7952 9.7 15.4254
      vertex -11.1252 9.7 15.0652
    endloop
  endfacet
  facet normal -0.737341 0 0.675521
    outer loop
      vertex -10.7952 9.7 15.4254
      vertex -11.1252 5 15.0652
      vertex -10.7952 5 15.4254
    endloop
  endfacet
  facet normal 0.300769 0 0.953697
    outer loop
      vertex -16.9 9.7 13.7311
      vertex -16.5344 5 13.6158
      vertex -16.5344 9.7 13.6158
    endloop
  endfacet
  facet normal 0.300769 0 0.953697
    outer loop
      vertex -16.5344 5 13.6158
      vertex -16.9 9.7 13.7311
      vertex -16.9 5 13.7311
    endloop
  endfacet
  facet normal 0.216345 0 0.976317
    outer loop
      vertex -16.5344 9.7 13.6158
      vertex -16.0574 5 13.5101
      vertex -16.0574 9.7 13.5101
    endloop
  endfacet
  facet normal 0.216345 0 0.976317
    outer loop
      vertex -16.0574 5 13.5101
      vertex -16.5344 9.7 13.6158
      vertex -16.5344 5 13.6158
    endloop
  endfacet
  facet normal -0.991442 0 -0.130548
    outer loop
      vertex -9.50631 5 19.5131
      vertex -9.57008 9.7 19.9974
      vertex -9.50631 9.7 19.5131
    endloop
  endfacet
  facet normal -0.991442 -0 -0.130548
    outer loop
      vertex -9.57008 9.7 19.9974
      vertex -9.50631 5 19.5131
      vertex -9.57008 5 19.9974
    endloop
  endfacet
  facet normal -0.923877 0 -0.38269
    outer loop
      vertex -9.82272 5 20.9403
      vertex -10.0097 9.7 21.3917
      vertex -9.82272 9.7 20.9403
    endloop
  endfacet
  facet normal -0.923877 -0 -0.38269
    outer loop
      vertex -10.0097 9.7 21.3917
      vertex -9.82272 5 20.9403
      vertex -10.0097 5 21.3917
    endloop
  endfacet
  facet normal -0.923877 0 0.38269
    outer loop
      vertex -10.0097 5 16.6583
      vertex -9.82272 9.7 17.1097
      vertex -10.0097 9.7 16.6583
    endloop
  endfacet
  facet normal -0.923877 0 0.38269
    outer loop
      vertex -9.82272 9.7 17.1097
      vertex -10.0097 5 16.6583
      vertex -9.82272 5 17.1097
    endloop
  endfacet
  facet normal 0.923877 -0 0.38269
    outer loop
      vertex 9.82272 5 -20.9403
      vertex 10.0097 9.7 -21.3917
      vertex 9.82272 9.7 -20.9403
    endloop
  endfacet
  facet normal 0.923877 0 0.38269
    outer loop
      vertex 10.0097 9.7 -21.3917
      vertex 9.82272 5 -20.9403
      vertex 10.0097 5 -21.3917
    endloop
  endfacet
  facet normal 0.991442 -0 0.130548
    outer loop
      vertex 9.50631 5 -19.5131
      vertex 9.57008 9.7 -19.9974
      vertex 9.50631 9.7 -19.5131
    endloop
  endfacet
  facet normal 0.991442 0 0.130548
    outer loop
      vertex 9.57008 9.7 -19.9974
      vertex 9.50631 5 -19.5131
      vertex 9.57008 5 -19.9974
    endloop
  endfacet
  facet normal 0.675521 0 -0.737341
    outer loop
      vertex 11.1252 5 -15.0652
      vertex 11.4854 9.7 -14.7352
      vertex 11.4854 5 -14.7352
    endloop
  endfacet
  facet normal 0.675521 0 -0.737341
    outer loop
      vertex 11.4854 9.7 -14.7352
      vertex 11.1252 5 -15.0652
      vertex 11.1252 9.7 -15.0652
    endloop
  endfacet
  facet normal 0.999048 -0 0.0436175
    outer loop
      vertex 9.485 5 -19.025
      vertex 9.50631 9.7 -19.5131
      vertex 9.485 9.7 -19.025
    endloop
  endfacet
  facet normal 0.999048 0 0.0436175
    outer loop
      vertex 9.50631 9.7 -19.5131
      vertex 9.485 5 -19.025
      vertex 9.50631 5 -19.5131
    endloop
  endfacet
  facet normal 0.95371 -0 0.300729
    outer loop
      vertex 9.67581 5 -20.4744
      vertex 9.82272 9.7 -20.9403
      vertex 9.67581 9.7 -20.4744
    endloop
  endfacet
  facet normal 0.95371 0 0.300729
    outer loop
      vertex 9.82272 9.7 -20.9403
      vertex 9.67581 5 -20.4744
      vertex 9.82272 5 -20.9403
    endloop
  endfacet
  facet normal 0.976304 -0 0.216404
    outer loop
      vertex 9.57008 5 -19.9974
      vertex 9.67581 9.7 -20.4744
      vertex 9.57008 9.7 -19.9974
    endloop
  endfacet
  facet normal 0.976304 0 0.216404
    outer loop
      vertex 9.67581 9.7 -20.4744
      vertex 9.57008 5 -19.9974
      vertex 9.67581 5 -20.4744
    endloop
  endfacet
  facet normal 0.887016 -0 0.461738
    outer loop
      vertex 10.0097 5 -21.3917
      vertex 10.1832 9.7 -21.725
      vertex 10.0097 9.7 -21.3917
    endloop
  endfacet
  facet normal 0.887016 0 0.461738
    outer loop
      vertex 10.1832 9.7 -21.725
      vertex 10.0097 5 -21.3917
      vertex 10.1832 5 -21.725
    endloop
  endfacet
  facet normal -0.0435971 0 -0.999049
    outer loop
      vertex 15.085 5 -13.425
      vertex 15.5731 9.7 -13.4463
      vertex 15.5731 5 -13.4463
    endloop
  endfacet
  facet normal -0.0435971 0 -0.999049
    outer loop
      vertex 15.5731 9.7 -13.4463
      vertex 15.085 5 -13.425
      vertex 15.085 9.7 -13.425
    endloop
  endfacet
  facet normal -0.300769 0 -0.953697
    outer loop
      vertex 16.5344 5 -13.6158
      vertex 16.9 9.7 -13.7311
      vertex 16.9 5 -13.7311
    endloop
  endfacet
  facet normal -0.300769 0 -0.953697
    outer loop
      vertex 16.9 9.7 -13.7311
      vertex 16.5344 5 -13.6158
      vertex 16.5344 9.7 -13.6158
    endloop
  endfacet
  facet normal 0.382725 0 -0.923862
    outer loop
      vertex 12.7183 5 -13.9497
      vertex 13.1697 9.7 -13.7627
      vertex 13.1697 5 -13.7627
    endloop
  endfacet
  facet normal 0.382725 0 -0.923862
    outer loop
      vertex 13.1697 9.7 -13.7627
      vertex 12.7183 5 -13.9497
      vertex 12.7183 9.7 -13.9497
    endloop
  endfacet
  facet normal 0.537193 0 -0.843459
    outer loop
      vertex 11.873 5 -14.4377
      vertex 12.285 9.7 -14.1753
      vertex 12.285 5 -14.1753
    endloop
  endfacet
  facet normal 0.537193 0 -0.843459
    outer loop
      vertex 12.285 9.7 -14.1753
      vertex 11.873 5 -14.4377
      vertex 11.873 9.7 -14.4377
    endloop
  endfacet
  facet normal 0.976304 0 -0.216404
    outer loop
      vertex 9.67581 5 -17.5756
      vertex 9.57008 9.7 -18.0526
      vertex 9.67581 9.7 -17.5756
    endloop
  endfacet
  facet normal 0.976304 0 -0.216404
    outer loop
      vertex 9.57008 9.7 -18.0526
      vertex 9.67581 5 -17.5756
      vertex 9.57008 5 -18.0526
    endloop
  endfacet
  facet normal 0.95371 0 -0.300729
    outer loop
      vertex 9.82272 5 -17.1097
      vertex 9.67581 9.7 -17.5756
      vertex 9.82272 9.7 -17.1097
    endloop
  endfacet
  facet normal 0.95371 0 -0.300729
    outer loop
      vertex 9.67581 9.7 -17.5756
      vertex 9.82272 5 -17.1097
      vertex 9.67581 5 -17.5756
    endloop
  endfacet
  facet normal 0.999048 0 -0.0436175
    outer loop
      vertex 9.50631 5 -18.5369
      vertex 9.485 9.7 -19.025
      vertex 9.50631 9.7 -18.5369
    endloop
  endfacet
  facet normal 0.999048 0 -0.0436175
    outer loop
      vertex 9.485 9.7 -19.025
      vertex 9.50631 5 -18.5369
      vertex 9.485 5 -19.025
    endloop
  endfacet
  facet normal 0.843459 0 -0.537193
    outer loop
      vertex 10.4977 5 -15.813
      vertex 10.2353 9.7 -16.225
      vertex 10.4977 9.7 -15.813
    endloop
  endfacet
  facet normal 0.843459 0 -0.537193
    outer loop
      vertex 10.2353 9.7 -16.225
      vertex 10.4977 5 -15.813
      vertex 10.2353 5 -16.225
    endloop
  endfacet
  facet normal 0.923877 0 -0.38269
    outer loop
      vertex 10.0097 5 -16.6583
      vertex 9.82272 9.7 -17.1097
      vertex 10.0097 9.7 -16.6583
    endloop
  endfacet
  facet normal 0.923877 0 -0.38269
    outer loop
      vertex 9.82272 9.7 -17.1097
      vertex 10.0097 5 -16.6583
      vertex 9.82272 5 -17.1097
    endloop
  endfacet
  facet normal -0.130608 0 -0.991434
    outer loop
      vertex 15.5731 5 -13.4463
      vertex 16.0574 9.7 -13.5101
      vertex 16.0574 5 -13.5101
    endloop
  endfacet
  facet normal -0.130608 0 -0.991434
    outer loop
      vertex 16.0574 9.7 -13.5101
      vertex 15.5731 5 -13.4463
      vertex 15.5731 9.7 -13.4463
    endloop
  endfacet
  facet normal 0.130608 0 -0.991434
    outer loop
      vertex 14.1126 5 -13.5101
      vertex 14.5969 9.7 -13.4463
      vertex 14.5969 5 -13.4463
    endloop
  endfacet
  facet normal 0.130608 0 -0.991434
    outer loop
      vertex 14.5969 9.7 -13.4463
      vertex 14.1126 5 -13.5101
      vertex 14.1126 9.7 -13.5101
    endloop
  endfacet
  facet normal 0.216345 0 -0.976317
    outer loop
      vertex 13.6356 5 -13.6158
      vertex 14.1126 9.7 -13.5101
      vertex 14.1126 5 -13.5101
    endloop
  endfacet
  facet normal 0.216345 0 -0.976317
    outer loop
      vertex 14.1126 9.7 -13.5101
      vertex 13.6356 5 -13.6158
      vertex 13.6356 9.7 -13.6158
    endloop
  endfacet
  facet normal 0.0435971 0 -0.999049
    outer loop
      vertex 14.5969 5 -13.4463
      vertex 15.085 9.7 -13.425
      vertex 15.085 5 -13.425
    endloop
  endfacet
  facet normal 0.0435971 0 -0.999049
    outer loop
      vertex 15.085 9.7 -13.425
      vertex 14.5969 5 -13.4463
      vertex 14.5969 9.7 -13.4463
    endloop
  endfacet
  facet normal 0.30071 0 -0.953716
    outer loop
      vertex 13.1697 5 -13.7627
      vertex 13.6356 9.7 -13.6158
      vertex 13.6356 5 -13.6158
    endloop
  endfacet
  facet normal 0.30071 0 -0.953716
    outer loop
      vertex 13.6356 9.7 -13.6158
      vertex 13.1697 5 -13.7627
      vertex 13.1697 9.7 -13.7627
    endloop
  endfacet
  facet normal 0.46181 0 -0.886979
    outer loop
      vertex 12.285 5 -14.1753
      vertex 12.7183 9.7 -13.9497
      vertex 12.7183 5 -13.9497
    endloop
  endfacet
  facet normal 0.46181 0 -0.886979
    outer loop
      vertex 12.7183 9.7 -13.9497
      vertex 12.285 5 -14.1753
      vertex 12.285 9.7 -14.1753
    endloop
  endfacet
  facet normal 0.60887 0 -0.79327
    outer loop
      vertex 11.4854 5 -14.7352
      vertex 11.873 9.7 -14.4377
      vertex 11.873 5 -14.4377
    endloop
  endfacet
  facet normal 0.60887 0 -0.79327
    outer loop
      vertex 11.873 9.7 -14.4377
      vertex 11.4854 5 -14.7352
      vertex 11.4854 9.7 -14.7352
    endloop
  endfacet
  facet normal 0.991442 0 -0.130548
    outer loop
      vertex 9.57008 5 -18.0526
      vertex 9.50631 9.7 -18.5369
      vertex 9.57008 9.7 -18.0526
    endloop
  endfacet
  facet normal 0.991442 0 -0.130548
    outer loop
      vertex 9.50631 9.7 -18.5369
      vertex 9.57008 5 -18.0526
      vertex 9.50631 5 -18.5369
    endloop
  endfacet
  facet normal 0.886979 0 -0.46181
    outer loop
      vertex 10.2353 5 -16.225
      vertex 10.0097 9.7 -16.6583
      vertex 10.2353 9.7 -16.225
    endloop
  endfacet
  facet normal 0.886979 0 -0.46181
    outer loop
      vertex 10.0097 9.7 -16.6583
      vertex 10.2353 5 -16.225
      vertex 10.0097 5 -16.6583
    endloop
  endfacet
  facet normal 0.79327 0 -0.60887
    outer loop
      vertex 10.7952 5 -15.4254
      vertex 10.4977 9.7 -15.813
      vertex 10.7952 9.7 -15.4254
    endloop
  endfacet
  facet normal 0.79327 0 -0.60887
    outer loop
      vertex 10.4977 9.7 -15.813
      vertex 10.7952 5 -15.4254
      vertex 10.4977 5 -15.813
    endloop
  endfacet
  facet normal 0.737341 0 -0.675521
    outer loop
      vertex 11.1252 5 -15.0652
      vertex 10.7952 9.7 -15.4254
      vertex 11.1252 9.7 -15.0652
    endloop
  endfacet
  facet normal 0.737341 0 -0.675521
    outer loop
      vertex 10.7952 9.7 -15.4254
      vertex 11.1252 5 -15.0652
      vertex 10.7952 5 -15.4254
    endloop
  endfacet
  facet normal -0.216345 0 -0.976317
    outer loop
      vertex 16.0574 5 -13.5101
      vertex 16.5344 9.7 -13.6158
      vertex 16.5344 5 -13.6158
    endloop
  endfacet
  facet normal -0.216345 0 -0.976317
    outer loop
      vertex 16.5344 9.7 -13.6158
      vertex 16.0574 5 -13.5101
      vertex 16.0574 9.7 -13.5101
    endloop
  endfacet
  facet normal 0.382725 0 0.923862
    outer loop
      vertex 12.7183 9.7 13.9497
      vertex 13.1697 5 13.7627
      vertex 13.1697 9.7 13.7627
    endloop
  endfacet
  facet normal 0.382725 0 0.923862
    outer loop
      vertex 13.1697 5 13.7627
      vertex 12.7183 9.7 13.9497
      vertex 12.7183 5 13.9497
    endloop
  endfacet
  facet normal 0.923877 -0 0.38269
    outer loop
      vertex 9.82272 5 17.1097
      vertex 10.0097 9.7 16.6583
      vertex 9.82272 9.7 17.1097
    endloop
  endfacet
  facet normal 0.923877 0 0.38269
    outer loop
      vertex 10.0097 9.7 16.6583
      vertex 9.82272 5 17.1097
      vertex 10.0097 5 16.6583
    endloop
  endfacet
  facet normal 0.991442 -0 0.130548
    outer loop
      vertex 9.50631 5 18.5369
      vertex 9.57008 9.7 18.0526
      vertex 9.50631 9.7 18.5369
    endloop
  endfacet
  facet normal 0.991442 0 0.130548
    outer loop
      vertex 9.57008 9.7 18.0526
      vertex 9.50631 5 18.5369
      vertex 9.57008 5 18.0526
    endloop
  endfacet
  facet normal 0.737341 -0 0.675521
    outer loop
      vertex 10.7952 5 15.4254
      vertex 11.1252 9.7 15.0652
      vertex 10.7952 9.7 15.4254
    endloop
  endfacet
  facet normal 0.737341 0 0.675521
    outer loop
      vertex 11.1252 9.7 15.0652
      vertex 10.7952 5 15.4254
      vertex 11.1252 5 15.0652
    endloop
  endfacet
  facet normal 0.216345 0 0.976317
    outer loop
      vertex 13.6356 9.7 13.6158
      vertex 14.1126 5 13.5101
      vertex 14.1126 9.7 13.5101
    endloop
  endfacet
  facet normal 0.216345 0 0.976317
    outer loop
      vertex 14.1126 5 13.5101
      vertex 13.6356 9.7 13.6158
      vertex 13.6356 5 13.6158
    endloop
  endfacet
  facet normal -0.0435971 0 0.999049
    outer loop
      vertex 15.085 9.7 13.425
      vertex 15.5731 5 13.4463
      vertex 15.5731 9.7 13.4463
    endloop
  endfacet
  facet normal -0.0435971 0 0.999049
    outer loop
      vertex 15.5731 5 13.4463
      vertex 15.085 9.7 13.425
      vertex 15.085 5 13.425
    endloop
  endfacet
  facet normal -0.300769 0 0.953697
    outer loop
      vertex 16.5344 9.7 13.6158
      vertex 16.9 5 13.7311
      vertex 16.9 9.7 13.7311
    endloop
  endfacet
  facet normal -0.300769 0 0.953697
    outer loop
      vertex 16.9 5 13.7311
      vertex 16.5344 9.7 13.6158
      vertex 16.5344 5 13.6158
    endloop
  endfacet
  facet normal -0.216345 0 0.976317
    outer loop
      vertex 16.0574 9.7 13.5101
      vertex 16.5344 5 13.6158
      vertex 16.5344 9.7 13.6158
    endloop
  endfacet
  facet normal -0.216345 0 0.976317
    outer loop
      vertex 16.5344 5 13.6158
      vertex 16.0574 9.7 13.5101
      vertex 16.0574 5 13.5101
    endloop
  endfacet
  facet normal 0.999048 -0 0.0436175
    outer loop
      vertex 9.485 5 19.025
      vertex 9.50631 9.7 18.5369
      vertex 9.485 9.7 19.025
    endloop
  endfacet
  facet normal 0.999048 0 0.0436175
    outer loop
      vertex 9.50631 9.7 18.5369
      vertex 9.485 5 19.025
      vertex 9.50631 5 18.5369
    endloop
  endfacet
  facet normal 0.95371 -0 0.300729
    outer loop
      vertex 9.67581 5 17.5756
      vertex 9.82272 9.7 17.1097
      vertex 9.67581 9.7 17.5756
    endloop
  endfacet
  facet normal 0.95371 0 0.300729
    outer loop
      vertex 9.82272 9.7 17.1097
      vertex 9.67581 5 17.5756
      vertex 9.82272 5 17.1097
    endloop
  endfacet
  facet normal 0.976304 -0 0.216404
    outer loop
      vertex 9.57008 5 18.0526
      vertex 9.67581 9.7 17.5756
      vertex 9.57008 9.7 18.0526
    endloop
  endfacet
  facet normal 0.976304 0 0.216404
    outer loop
      vertex 9.67581 9.7 17.5756
      vertex 9.57008 5 18.0526
      vertex 9.67581 5 17.5756
    endloop
  endfacet
  facet normal 0.886979 -0 0.46181
    outer loop
      vertex 10.0097 5 16.6583
      vertex 10.2353 9.7 16.225
      vertex 10.0097 9.7 16.6583
    endloop
  endfacet
  facet normal 0.886979 0 0.46181
    outer loop
      vertex 10.2353 9.7 16.225
      vertex 10.0097 5 16.6583
      vertex 10.2353 5 16.225
    endloop
  endfacet
  facet normal 0.843459 -0 0.537193
    outer loop
      vertex 10.2353 5 16.225
      vertex 10.4977 9.7 15.813
      vertex 10.2353 9.7 16.225
    endloop
  endfacet
  facet normal 0.843459 0 0.537193
    outer loop
      vertex 10.4977 9.7 15.813
      vertex 10.2353 5 16.225
      vertex 10.4977 5 15.813
    endloop
  endfacet
  facet normal 0.30071 0 0.953716
    outer loop
      vertex 13.1697 9.7 13.7627
      vertex 13.6356 5 13.6158
      vertex 13.6356 9.7 13.6158
    endloop
  endfacet
  facet normal 0.30071 0 0.953716
    outer loop
      vertex 13.6356 5 13.6158
      vertex 13.1697 9.7 13.7627
      vertex 13.1697 5 13.7627
    endloop
  endfacet
  facet normal 0.0435971 0 0.999049
    outer loop
      vertex 14.5969 9.7 13.4463
      vertex 15.085 5 13.425
      vertex 15.085 9.7 13.425
    endloop
  endfacet
  facet normal 0.0435971 0 0.999049
    outer loop
      vertex 15.085 5 13.425
      vertex 14.5969 9.7 13.4463
      vertex 14.5969 5 13.4463
    endloop
  endfacet
  facet normal 0.537193 0 0.843459
    outer loop
      vertex 11.873 9.7 14.4377
      vertex 12.285 5 14.1753
      vertex 12.285 9.7 14.1753
    endloop
  endfacet
  facet normal 0.537193 0 0.843459
    outer loop
      vertex 12.285 5 14.1753
      vertex 11.873 9.7 14.4377
      vertex 11.873 5 14.4377
    endloop
  endfacet
  facet normal 0.60887 0 0.79327
    outer loop
      vertex 11.4854 9.7 14.7352
      vertex 11.873 5 14.4377
      vertex 11.873 9.7 14.4377
    endloop
  endfacet
  facet normal 0.60887 0 0.79327
    outer loop
      vertex 11.873 5 14.4377
      vertex 11.4854 9.7 14.7352
      vertex 11.4854 5 14.7352
    endloop
  endfacet
  facet normal 0.46181 0 0.886979
    outer loop
      vertex 12.285 9.7 14.1753
      vertex 12.7183 5 13.9497
      vertex 12.7183 9.7 13.9497
    endloop
  endfacet
  facet normal 0.46181 0 0.886979
    outer loop
      vertex 12.7183 5 13.9497
      vertex 12.285 9.7 14.1753
      vertex 12.285 5 14.1753
    endloop
  endfacet
  facet normal 0.675521 0 0.737341
    outer loop
      vertex 11.1252 9.7 15.0652
      vertex 11.4854 5 14.7352
      vertex 11.4854 9.7 14.7352
    endloop
  endfacet
  facet normal 0.675521 0 0.737341
    outer loop
      vertex 11.4854 5 14.7352
      vertex 11.1252 9.7 15.0652
      vertex 11.1252 5 15.0652
    endloop
  endfacet
  facet normal 0.976304 0 -0.216404
    outer loop
      vertex 9.67581 5 20.4744
      vertex 9.57008 9.7 19.9974
      vertex 9.67581 9.7 20.4744
    endloop
  endfacet
  facet normal 0.976304 0 -0.216404
    outer loop
      vertex 9.57008 9.7 19.9974
      vertex 9.67581 5 20.4744
      vertex 9.57008 5 19.9974
    endloop
  endfacet
  facet normal 0.999048 0 -0.0436175
    outer loop
      vertex 9.50631 5 19.5131
      vertex 9.485 9.7 19.025
      vertex 9.50631 9.7 19.5131
    endloop
  endfacet
  facet normal 0.999048 0 -0.0436175
    outer loop
      vertex 9.485 9.7 19.025
      vertex 9.50631 5 19.5131
      vertex 9.485 5 19.025
    endloop
  endfacet
  facet normal 0.923877 0 -0.38269
    outer loop
      vertex 10.0097 5 21.3917
      vertex 9.82272 9.7 20.9403
      vertex 10.0097 9.7 21.3917
    endloop
  endfacet
  facet normal 0.923877 0 -0.38269
    outer loop
      vertex 9.82272 9.7 20.9403
      vertex 10.0097 5 21.3917
      vertex 9.82272 5 20.9403
    endloop
  endfacet
  facet normal -0.130608 0 0.991434
    outer loop
      vertex 15.5731 9.7 13.4463
      vertex 16.0574 5 13.5101
      vertex 16.0574 9.7 13.5101
    endloop
  endfacet
  facet normal -0.130608 0 0.991434
    outer loop
      vertex 16.0574 5 13.5101
      vertex 15.5731 9.7 13.4463
      vertex 15.5731 5 13.4463
    endloop
  endfacet
  facet normal 0.79327 -0 0.60887
    outer loop
      vertex 10.4977 5 15.813
      vertex 10.7952 9.7 15.4254
      vertex 10.4977 9.7 15.813
    endloop
  endfacet
  facet normal 0.79327 0 0.60887
    outer loop
      vertex 10.7952 9.7 15.4254
      vertex 10.4977 5 15.813
      vertex 10.7952 5 15.4254
    endloop
  endfacet
  facet normal 0.130608 0 0.991434
    outer loop
      vertex 14.1126 9.7 13.5101
      vertex 14.5969 5 13.4463
      vertex 14.5969 9.7 13.4463
    endloop
  endfacet
  facet normal 0.130608 0 0.991434
    outer loop
      vertex 14.5969 5 13.4463
      vertex 14.1126 9.7 13.5101
      vertex 14.1126 5 13.5101
    endloop
  endfacet
  facet normal 0.95371 0 -0.300729
    outer loop
      vertex 9.82272 5 20.9403
      vertex 9.67581 9.7 20.4744
      vertex 9.82272 9.7 20.9403
    endloop
  endfacet
  facet normal 0.95371 0 -0.300729
    outer loop
      vertex 9.67581 9.7 20.4744
      vertex 9.82272 5 20.9403
      vertex 9.67581 5 20.4744
    endloop
  endfacet
  facet normal 0.991442 0 -0.130548
    outer loop
      vertex 9.57008 5 19.9974
      vertex 9.50631 9.7 19.5131
      vertex 9.57008 9.7 19.9974
    endloop
  endfacet
  facet normal 0.991442 0 -0.130548
    outer loop
      vertex 9.50631 9.7 19.5131
      vertex 9.57008 5 19.9974
      vertex 9.50631 5 19.5131
    endloop
  endfacet
  facet normal 0.887016 0 -0.461738
    outer loop
      vertex 10.1832 5 21.725
      vertex 10.0097 9.7 21.3917
      vertex 10.1832 9.7 21.725
    endloop
  endfacet
  facet normal 0.887016 0 -0.461738
    outer loop
      vertex 10.0097 9.7 21.3917
      vertex 10.1832 5 21.725
      vertex 10.0097 5 21.3917
    endloop
  endfacet
  facet normal 0 -1 0
    outer loop
      vertex -13.96 0 -17.0764
      vertex -13.96 0 17.0764
      vertex -14.224 0 -16.9463
    endloop
  endfacet
  facet normal 0 -1 0
    outer loop
      vertex 13.7153 0 17.24
      vertex 14.7913 0 -16.7943
      vertex 15.085 0 -16.775
    endloop
  endfacet
  facet normal 0 -1 0
    outer loop
      vertex -13.96 0 17.0764
      vertex -13.96 0 -17.0764
      vertex -13.7153 0 17.24
    endloop
  endfacet
  facet normal 0 -1 0
    outer loop
      vertex 13.7153 0 17.24
      vertex 14.5027 0 -16.8517
      vertex 14.7913 0 -16.7943
    endloop
  endfacet
  facet normal 0 -1 0
    outer loop
      vertex -13.7153 0 -17.24
      vertex -13.7153 0 17.24
      vertex -13.96 0 -17.0764
    endloop
  endfacet
  facet normal 0 -1 0
    outer loop
      vertex 13.7153 0 17.24
      vertex 14.224 0 -16.9463
      vertex 14.5027 0 -16.8517
    endloop
  endfacet
  facet normal 0 -1 0
    outer loop
      vertex -13.7153 0 17.24
      vertex -13.7153 0 -17.24
      vertex 13.7153 0 17.24
    endloop
  endfacet
  facet normal 0 -1 0
    outer loop
      vertex 13.7153 0 17.24
      vertex 13.96 0 -17.0764
      vertex 14.224 0 -16.9463
    endloop
  endfacet
  facet normal 0 -1 0
    outer loop
      vertex 13.7153 0 -17.24
      vertex 13.7153 0 17.24
      vertex -13.7153 0 -17.24
    endloop
  endfacet
  facet normal 0 -1 0
    outer loop
      vertex 13.7153 0 17.24
      vertex 13.7153 0 -17.24
      vertex 13.96 0 -17.0764
    endloop
  endfacet
  facet normal 0 -1 0
    outer loop
      vertex -13.494 0 -17.434
      vertex 13.7153 0 -17.24
      vertex -13.7153 0 -17.24
    endloop
  endfacet
  facet normal 0 -1 0
    outer loop
      vertex -13.494 0 -17.434
      vertex 13.494 0 -17.434
      vertex 13.7153 0 -17.24
    endloop
  endfacet
  facet normal 0 -1 0
    outer loop
      vertex -13.3 0 -17.6553
      vertex 13.494 0 -17.434
      vertex -13.494 0 -17.434
    endloop
  endfacet
  facet normal 0 -1 0
    outer loop
      vertex -13.3 0 -17.6553
      vertex 13.3 0 -17.6553
      vertex 13.494 0 -17.434
    endloop
  endfacet
  facet normal 0 -1 0
    outer loop
      vertex -13.1364 0 -17.9
      vertex 13.3 0 -17.6553
      vertex -13.3 0 -17.6553
    endloop
  endfacet
  facet normal 0 -1 0
    outer loop
      vertex -13.1364 0 -17.9
      vertex 13.1364 0 -17.9
      vertex 13.3 0 -17.6553
    endloop
  endfacet
  facet normal 0 -1 0
    outer loop
      vertex -13.0063 0 -18.164
      vertex 13.1364 0 -17.9
      vertex -13.1364 0 -17.9
    endloop
  endfacet
  facet normal 0 -1 0
    outer loop
      vertex -13.0063 0 -18.164
      vertex 13.0063 0 -18.164
      vertex 13.1364 0 -17.9
    endloop
  endfacet
  facet normal 0 -1 0
    outer loop
      vertex -12.9117 0 -18.4427
      vertex 13.0063 0 -18.164
      vertex -13.0063 0 -18.164
    endloop
  endfacet
  facet normal 0 -1 0
    outer loop
      vertex -12.9117 0 -18.4427
      vertex 12.9117 0 -18.4427
      vertex 13.0063 0 -18.164
    endloop
  endfacet
  facet normal 0 -1 0
    outer loop
      vertex -12.8542 0 -18.7313
      vertex 12.9117 0 -18.4427
      vertex -12.9117 0 -18.4427
    endloop
  endfacet
  facet normal 0 -1 0
    outer loop
      vertex -12.8542 0 -18.7313
      vertex 12.8542 0 -18.7313
      vertex 12.9117 0 -18.4427
    endloop
  endfacet
  facet normal 0 -1 0
    outer loop
      vertex -12.835 0 -19.025
      vertex 12.8542 0 -18.7313
      vertex -12.8542 0 -18.7313
    endloop
  endfacet
  facet normal 0 -1 0
    outer loop
      vertex -12.835 0 -19.025
      vertex 12.835 0 -19.025
      vertex 12.8542 0 -18.7313
    endloop
  endfacet
  facet normal 0 -1 0
    outer loop
      vertex -12.8542 0 -19.3187
      vertex 12.835 0 -19.025
      vertex -12.835 0 -19.025
    endloop
  endfacet
  facet normal 0 -1 0
    outer loop
      vertex -12.8542 0 -19.3187
      vertex 12.8542 0 -19.3187
      vertex 12.835 0 -19.025
    endloop
  endfacet
  facet normal 0 -1 0
    outer loop
      vertex -12.9117 0 -19.6073
      vertex 12.8542 0 -19.3187
      vertex -12.8542 0 -19.3187
    endloop
  endfacet
  facet normal 0 -1 0
    outer loop
      vertex -12.9117 0 -19.6073
      vertex 12.9117 0 -19.6073
      vertex 12.8542 0 -19.3187
    endloop
  endfacet
  facet normal 0 -1 0
    outer loop
      vertex -13.0063 0 -19.886
      vertex 12.9117 0 -19.6073
      vertex -12.9117 0 -19.6073
    endloop
  endfacet
  facet normal 0 -1 0
    outer loop
      vertex -13.0063 0 -19.886
      vertex 13.0063 0 -19.886
      vertex 12.9117 0 -19.6073
    endloop
  endfacet
  facet normal 0 -1 0
    outer loop
      vertex -13.1364 0 -20.15
      vertex 13.0063 0 -19.886
      vertex -13.0063 0 -19.886
    endloop
  endfacet
  facet normal 0 -1 0
    outer loop
      vertex -13.1364 0 -20.15
      vertex 13.1364 0 -20.15
      vertex 13.0063 0 -19.886
    endloop
  endfacet
  facet normal 0 -1 0
    outer loop
      vertex -13.3 0 -20.3947
      vertex 13.1364 0 -20.15
      vertex -13.1364 0 -20.15
    endloop
  endfacet
  facet normal 0 -1 0
    outer loop
      vertex -13.3 0 -20.3947
      vertex 13.3 0 -20.3947
      vertex 13.1364 0 -20.15
    endloop
  endfacet
  facet normal 0 -1 0
    outer loop
      vertex -16.285 0 -26.225
      vertex -13.3 0 -20.3947
      vertex -13.494 0 -20.616
    endloop
  endfacet
  facet normal 0 -1 -0
    outer loop
      vertex -13.3 0 -20.3947
      vertex -16.285 0 -26.225
      vertex 13.3 0 -20.3947
    endloop
  endfacet
  facet normal 0 -1 0
    outer loop
      vertex -16.285 0 -26.225
      vertex -13.494 0 -20.616
      vertex -13.7153 0 -20.81
    endloop
  endfacet
  facet normal 0 -1 0
    outer loop
      vertex 16.285 0 -26.225
      vertex 13.3 0 -20.3947
      vertex -16.285 0 -26.225
    endloop
  endfacet
  facet normal 0 -1 0
    outer loop
      vertex -16.285 0 -26.225
      vertex -13.7153 0 -20.81
      vertex -13.96 0 -20.9736
    endloop
  endfacet
  facet normal 0 -1 0
    outer loop
      vertex 13.3 0 -20.3947
      vertex 16.285 0 -26.225
      vertex 13.494 0 -20.616
    endloop
  endfacet
  facet normal 0 -1 0
    outer loop
      vertex -16.285 0 -26.225
      vertex -13.96 0 -20.9736
      vertex -14.224 0 -21.1037
    endloop
  endfacet
  facet normal 0 -1 0
    outer loop
      vertex 13.494 0 -20.616
      vertex 16.285 0 -26.225
      vertex 13.7153 0 -20.81
    endloop
  endfacet
  facet normal 0 -1 0
    outer loop
      vertex -16.285 0 -26.225
      vertex -14.224 0 -21.1037
      vertex -14.5027 0 -21.1983
    endloop
  endfacet
  facet normal 0 -1 0
    outer loop
      vertex 13.7153 0 -20.81
      vertex 16.285 0 -26.225
      vertex 13.96 0 -20.9736
    endloop
  endfacet
  facet normal 0 -1 0
    outer loop
      vertex -16.285 0 -26.225
      vertex -14.5027 0 -21.1983
      vertex -14.7913 0 -21.2558
    endloop
  endfacet
  facet normal 0 -1 0
    outer loop
      vertex 13.96 0 -20.9736
      vertex 16.285 0 -26.225
      vertex 14.224 0 -21.1037
    endloop
  endfacet
  facet normal 0 -1 0
    outer loop
      vertex -16.285 0 -26.225
      vertex -14.7913 0 -21.2558
      vertex -15.085 0 -21.275
    endloop
  endfacet
  facet normal 0 -1 0
    outer loop
      vertex 14.224 0 -21.1037
      vertex 16.285 0 -26.225
      vertex 14.5027 0 -21.1983
    endloop
  endfacet
  facet normal 0 -1 0
    outer loop
      vertex -14.224 0 21.1037
      vertex -16.285 0 26.225
      vertex -14.5027 0 21.1983
    endloop
  endfacet
  facet normal 0 -1 0
    outer loop
      vertex 16.285 0 26.225
      vertex 14.7913 0 21.2558
      vertex 15.085 0 21.275
    endloop
  endfacet
  facet normal 0 -1 0
    outer loop
      vertex -13.96 0 20.9736
      vertex -16.285 0 26.225
      vertex -14.224 0 21.1037
    endloop
  endfacet
  facet normal 0 -1 0
    outer loop
      vertex 16.285 0 26.225
      vertex 14.5027 0 21.1983
      vertex 14.7913 0 21.2558
    endloop
  endfacet
  facet normal 0 -1 0
    outer loop
      vertex -13.7153 0 20.81
      vertex -16.285 0 26.225
      vertex -13.96 0 20.9736
    endloop
  endfacet
  facet normal 0 -1 0
    outer loop
      vertex 16.285 0 26.225
      vertex 14.224 0 21.1037
      vertex 14.5027 0 21.1983
    endloop
  endfacet
  facet normal 0 -1 0
    outer loop
      vertex -13.494 0 20.616
      vertex -16.285 0 26.225
      vertex -13.7153 0 20.81
    endloop
  endfacet
  facet normal 0 -1 0
    outer loop
      vertex 16.285 0 26.225
      vertex 13.96 0 20.9736
      vertex 14.224 0 21.1037
    endloop
  endfacet
  facet normal 0 -1 0
    outer loop
      vertex -13.3 0 20.3947
      vertex -16.285 0 26.225
      vertex -13.494 0 20.616
    endloop
  endfacet
  facet normal 0 -1 0
    outer loop
      vertex 16.285 0 26.225
      vertex 13.7153 0 20.81
      vertex 13.96 0 20.9736
    endloop
  endfacet
  facet normal 0 -1 0
    outer loop
      vertex -16.285 0 26.225
      vertex -13.3 0 20.3947
      vertex 16.285 0 26.225
    endloop
  endfacet
  facet normal 0 -1 0
    outer loop
      vertex 16.285 0 26.225
      vertex 13.494 0 20.616
      vertex 13.7153 0 20.81
    endloop
  endfacet
  facet normal 0 -1 0
    outer loop
      vertex 13.3 0 20.3947
      vertex 16.285 0 26.225
      vertex -13.3 0 20.3947
    endloop
  endfacet
  facet normal 0 -1 0
    outer loop
      vertex 16.285 0 26.225
      vertex 13.3 0 20.3947
      vertex 13.494 0 20.616
    endloop
  endfacet
  facet normal 0 -1 0
    outer loop
      vertex -13.1364 0 20.15
      vertex 13.3 0 20.3947
      vertex -13.3 0 20.3947
    endloop
  endfacet
  facet normal 0 -1 0
    outer loop
      vertex -13.1364 0 20.15
      vertex 13.1364 0 20.15
      vertex 13.3 0 20.3947
    endloop
  endfacet
  facet normal 0 -1 0
    outer loop
      vertex -13.0063 0 19.886
      vertex 13.1364 0 20.15
      vertex -13.1364 0 20.15
    endloop
  endfacet
  facet normal 0 -1 0
    outer loop
      vertex -13.0063 0 19.886
      vertex 13.0063 0 19.886
      vertex 13.1364 0 20.15
    endloop
  endfacet
  facet normal 0 -1 0
    outer loop
      vertex -12.9117 0 19.6073
      vertex 13.0063 0 19.886
      vertex -13.0063 0 19.886
    endloop
  endfacet
  facet normal 0 -1 0
    outer loop
      vertex -12.9117 0 19.6073
      vertex 12.9117 0 19.6073
      vertex 13.0063 0 19.886
    endloop
  endfacet
  facet normal 0 -1 0
    outer loop
      vertex -12.8542 0 19.3187
      vertex 12.9117 0 19.6073
      vertex -12.9117 0 19.6073
    endloop
  endfacet
  facet normal 0 -1 0
    outer loop
      vertex -12.8542 0 19.3187
      vertex 12.8542 0 19.3187
      vertex 12.9117 0 19.6073
    endloop
  endfacet
  facet normal 0 -1 0
    outer loop
      vertex -12.835 0 19.025
      vertex 12.8542 0 19.3187
      vertex -12.8542 0 19.3187
    endloop
  endfacet
  facet normal 0 -1 0
    outer loop
      vertex -12.835 0 19.025
      vertex 12.835 0 19.025
      vertex 12.8542 0 19.3187
    endloop
  endfacet
  facet normal 0 -1 0
    outer loop
      vertex -12.8542 0 18.7313
      vertex 12.835 0 19.025
      vertex -12.835 0 19.025
    endloop
  endfacet
  facet normal 0 -1 0
    outer loop
      vertex -12.8542 0 18.7313
      vertex 12.8542 0 18.7313
      vertex 12.835 0 19.025
    endloop
  endfacet
  facet normal 0 -1 0
    outer loop
      vertex -12.9117 0 18.4427
      vertex 12.8542 0 18.7313
      vertex -12.8542 0 18.7313
    endloop
  endfacet
  facet normal 0 -1 0
    outer loop
      vertex -12.9117 0 18.4427
      vertex 12.9117 0 18.4427
      vertex 12.8542 0 18.7313
    endloop
  endfacet
  facet normal 0 -1 0
    outer loop
      vertex -13.0063 0 18.164
      vertex 12.9117 0 18.4427
      vertex -12.9117 0 18.4427
    endloop
  endfacet
  facet normal 0 -1 0
    outer loop
      vertex -13.0063 0 18.164
      vertex 13.0063 0 18.164
      vertex 12.9117 0 18.4427
    endloop
  endfacet
  facet normal 0 -1 0
    outer loop
      vertex -13.1364 0 17.9
      vertex 13.0063 0 18.164
      vertex -13.0063 0 18.164
    endloop
  endfacet
  facet normal 0 -1 0
    outer loop
      vertex -13.1364 0 17.9
      vertex 13.1364 0 17.9
      vertex 13.0063 0 18.164
    endloop
  endfacet
  facet normal 0 -1 0
    outer loop
      vertex -13.3 0 17.6553
      vertex 13.1364 0 17.9
      vertex -13.1364 0 17.9
    endloop
  endfacet
  facet normal 0 -1 0
    outer loop
      vertex -13.3 0 17.6553
      vertex 13.3 0 17.6553
      vertex 13.1364 0 17.9
    endloop
  endfacet
  facet normal 0 -1 0
    outer loop
      vertex -13.494 0 17.434
      vertex 13.3 0 17.6553
      vertex -13.3 0 17.6553
    endloop
  endfacet
  facet normal 0 -1 0
    outer loop
      vertex -13.494 0 17.434
      vertex 13.494 0 17.434
      vertex 13.3 0 17.6553
    endloop
  endfacet
  facet normal 0 -1 0
    outer loop
      vertex -13.7153 0 17.24
      vertex 13.494 0 17.434
      vertex -13.494 0 17.434
    endloop
  endfacet
  facet normal 0 -1 0
    outer loop
      vertex -13.7153 0 17.24
      vertex 13.7153 0 17.24
      vertex 13.494 0 17.434
    endloop
  endfacet
  facet normal 0 -1 0
    outer loop
      vertex -14.5027 0 16.8517
      vertex -14.5027 0 -16.8517
      vertex -14.224 0 16.9463
    endloop
  endfacet
  facet normal 0 -1 0
    outer loop
      vertex -14.224 0 -16.9463
      vertex -14.224 0 16.9463
      vertex -14.5027 0 -16.8517
    endloop
  endfacet
  facet normal 0 -1 0
    outer loop
      vertex -14.5027 0 -16.8517
      vertex -14.5027 0 16.8517
      vertex -14.7913 0 -16.7943
    endloop
  endfacet
  facet normal 0 -1 0
    outer loop
      vertex -14.224 0 16.9463
      vertex -14.224 0 -16.9463
      vertex -13.96 0 17.0764
    endloop
  endfacet
  facet normal 0 -1 0
    outer loop
      vertex -14.7913 0 16.7943
      vertex -14.7913 0 -16.7943
      vertex -14.5027 0 16.8517
    endloop
  endfacet
  facet normal 0 -1 0
    outer loop
      vertex 13.7153 0 17.24
      vertex 15.085 0 -16.775
      vertex 13.96 0 17.0764
    endloop
  endfacet
  facet normal 0 -1 0
    outer loop
      vertex -14.7913 0 -16.7943
      vertex -14.7913 0 16.7943
      vertex -15.085 0 -16.775
    endloop
  endfacet
  facet normal 0 -1 0
    outer loop
      vertex 13.96 0 17.0764
      vertex 15.085 0 -16.775
      vertex 14.224 0 16.9463
    endloop
  endfacet
  facet normal 0 -1 0
    outer loop
      vertex -15.085 0 -16.775
      vertex -14.7913 0 16.7943
      vertex -15.085 0 16.775
    endloop
  endfacet
  facet normal 0 -1 0
    outer loop
      vertex 14.224 0 16.9463
      vertex 15.085 0 -16.775
      vertex 14.5027 0 16.8517
    endloop
  endfacet
  facet normal 0 -1 0
    outer loop
      vertex -16.285 0 26.225
      vertex -15.3787 0 21.2558
      vertex -15.085 0 21.275
    endloop
  endfacet
  facet normal 0 -1 0
    outer loop
      vertex -21.308 0 23.5067
      vertex -15.6673 0 21.1983
      vertex -15.3787 0 21.2558
    endloop
  endfacet
  facet normal 0 -1 0
    outer loop
      vertex -21.308 0 23.5067
      vertex -15.946 0 21.1037
      vertex -15.6673 0 21.1983
    endloop
  endfacet
  facet normal 0 -1 0
    outer loop
      vertex -21.308 0 23.5067
      vertex -16.21 0 20.9736
      vertex -15.946 0 21.1037
    endloop
  endfacet
  facet normal 0 -1 0
    outer loop
      vertex -21.308 0 23.5067
      vertex -16.4547 0 20.81
      vertex -16.21 0 20.9736
    endloop
  endfacet
  facet normal 0 -1 0
    outer loop
      vertex -21.308 0 23.5067
      vertex -16.676 0 20.616
      vertex -16.4547 0 20.81
    endloop
  endfacet
  facet normal 0 -1 0
    outer loop
      vertex -21.308 0 23.5067
      vertex -16.87 0 20.3947
      vertex -16.676 0 20.616
    endloop
  endfacet
  facet normal 0 -1 0
    outer loop
      vertex -17.1637 0 19.886
      vertex -22.1014 0 21.6979
      vertex -22.285 0 20.225
    endloop
  endfacet
  facet normal 0 -1 0
    outer loop
      vertex -21.308 0 23.5067
      vertex -17.0336 0 20.15
      vertex -16.87 0 20.3947
    endloop
  endfacet
  facet normal 0 -1 0
    outer loop
      vertex -22.1014 0 21.6979
      vertex -17.1637 0 19.886
      vertex -17.0336 0 20.15
    endloop
  endfacet
  facet normal 0 -1 0
    outer loop
      vertex -22.285 0 20.225
      vertex -17.2583 0 19.6073
      vertex -17.1637 0 19.886
    endloop
  endfacet
  facet normal 0 -1 0
    outer loop
      vertex -22.285 0 20.225
      vertex -17.3158 0 19.3187
      vertex -17.2583 0 19.6073
    endloop
  endfacet
  facet normal 0 -1 0
    outer loop
      vertex -22.285 0 20.225
      vertex -17.335 0 19.025
      vertex -17.3158 0 19.3187
    endloop
  endfacet
  facet normal 0 -1 0
    outer loop
      vertex -22.285 0 20.225
      vertex -17.3158 0 18.7313
      vertex -17.335 0 19.025
    endloop
  endfacet
  facet normal 0 -1 0
    outer loop
      vertex -22.285 0 20.225
      vertex -17.2583 0 18.4427
      vertex -17.3158 0 18.7313
    endloop
  endfacet
  facet normal 0 -1 0
    outer loop
      vertex -22.285 0 20.225
      vertex -17.1637 0 18.164
      vertex -17.2583 0 18.4427
    endloop
  endfacet
  facet normal 0 -1 0
    outer loop
      vertex -22.285 0 20.225
      vertex -17.0336 0 17.9
      vertex -17.1637 0 18.164
    endloop
  endfacet
  facet normal 0 -1 0
    outer loop
      vertex -22.285 0 20.225
      vertex -16.87 0 17.6553
      vertex -17.0336 0 17.9
    endloop
  endfacet
  facet normal 0 -1 0
    outer loop
      vertex -22.285 0 20.225
      vertex -16.676 0 17.434
      vertex -16.87 0 17.6553
    endloop
  endfacet
  facet normal 0 -1 0
    outer loop
      vertex -22.285 0 20.225
      vertex -16.4547 0 17.24
      vertex -16.676 0 17.434
    endloop
  endfacet
  facet normal 0 -1 0
    outer loop
      vertex -16.4547 0 -17.24
      vertex -16.4547 0 17.24
      vertex -22.285 0 20.225
    endloop
  endfacet
  facet normal 0 -1 0
    outer loop
      vertex 14.5027 0 16.8517
      vertex 15.085 0 -16.775
      vertex 14.7913 0 16.7943
    endloop
  endfacet
  facet normal 0 -1 0
    outer loop
      vertex -15.3787 0 16.7943
      vertex -15.085 0 -16.775
      vertex -15.085 0 16.775
    endloop
  endfacet
  facet normal 0 -1 0
    outer loop
      vertex -15.3787 0 -16.7943
      vertex -15.3787 0 16.7943
      vertex -15.6673 0 16.8517
    endloop
  endfacet
  facet normal 0 -1 0
    outer loop
      vertex -15.6673 0 -16.8517
      vertex -15.6673 0 16.8517
      vertex -15.946 0 16.9463
    endloop
  endfacet
  facet normal 0 -1 0
    outer loop
      vertex -15.946 0 -16.9463
      vertex -15.946 0 16.9463
      vertex -16.21 0 17.0764
    endloop
  endfacet
  facet normal 0 -1 0
    outer loop
      vertex -16.4547 0 17.24
      vertex -16.4547 0 -17.24
      vertex -16.21 0 17.0764
    endloop
  endfacet
  facet normal 0 -1 0
    outer loop
      vertex -15.3787 0 16.7943
      vertex -15.3787 0 -16.7943
      vertex -15.085 0 -16.775
    endloop
  endfacet
  facet normal 0 -1 0
    outer loop
      vertex -15.6673 0 16.8517
      vertex -15.6673 0 -16.8517
      vertex -15.3787 0 -16.7943
    endloop
  endfacet
  facet normal 0 -1 0
    outer loop
      vertex -15.946 0 16.9463
      vertex -15.946 0 -16.9463
      vertex -15.6673 0 -16.8517
    endloop
  endfacet
  facet normal 0 -1 0
    outer loop
      vertex -16.21 0 17.0764
      vertex -16.21 0 -17.0764
      vertex -15.946 0 -16.9463
    endloop
  endfacet
  facet normal 0 -1 -0
    outer loop
      vertex -16.21 0 17.0764
      vertex -16.4547 0 -17.24
      vertex -16.21 0 -17.0764
    endloop
  endfacet
  facet normal 0 -1 0
    outer loop
      vertex -22.285 0 -20.225
      vertex -16.4547 0 -17.24
      vertex -22.285 0 20.225
    endloop
  endfacet
  facet normal 0 -1 0
    outer loop
      vertex -16.4547 0 -17.24
      vertex -22.285 0 -20.225
      vertex -16.676 0 -17.434
    endloop
  endfacet
  facet normal 0 -1 0
    outer loop
      vertex -16.676 0 -17.434
      vertex -22.285 0 -20.225
      vertex -16.87 0 -17.6553
    endloop
  endfacet
  facet normal 0 -1 0
    outer loop
      vertex -16.87 0 -17.6553
      vertex -22.285 0 -20.225
      vertex -17.0336 0 -17.9
    endloop
  endfacet
  facet normal 0 -1 0
    outer loop
      vertex -17.0336 0 -17.9
      vertex -22.285 0 -20.225
      vertex -17.1637 0 -18.164
    endloop
  endfacet
  facet normal 0 -1 0
    outer loop
      vertex -17.1637 0 -18.164
      vertex -22.285 0 -20.225
      vertex -17.2583 0 -18.4427
    endloop
  endfacet
  facet normal 0 -1 0
    outer loop
      vertex -17.2583 0 -18.4427
      vertex -22.285 0 -20.225
      vertex -17.3158 0 -18.7313
    endloop
  endfacet
  facet normal 0 -1 0
    outer loop
      vertex -17.3158 0 -18.7313
      vertex -22.285 0 -20.225
      vertex -17.335 0 -19.025
    endloop
  endfacet
  facet normal 0 -1 -0
    outer loop
      vertex -17.335 0 -19.025
      vertex -22.285 0 -20.225
      vertex -17.3158 0 -19.3187
    endloop
  endfacet
  facet normal 0 -1 0
    outer loop
      vertex -22.285 0 -20.225
      vertex -17.2583 0 -19.6073
      vertex -17.3158 0 -19.3187
    endloop
  endfacet
  facet normal 0 -1 0
    outer loop
      vertex -22.285 0 -20.225
      vertex -17.1637 0 -19.886
      vertex -17.2583 0 -19.6073
    endloop
  endfacet
  facet normal 0 -1 0
    outer loop
      vertex -21.9599 0 -22.1732
      vertex -17.1637 0 -19.886
      vertex -22.285 0 -20.225
    endloop
  endfacet
  facet normal 0 -1 -0
    outer loop
      vertex -17.1637 0 -19.886
      vertex -21.9599 0 -22.1732
      vertex -17.0336 0 -20.15
    endloop
  endfacet
  facet normal 0 -1 -0
    outer loop
      vertex -17.0336 0 -20.15
      vertex -21.9599 0 -22.1732
      vertex -16.87 0 -20.3947
    endloop
  endfacet
  facet normal 0 -1 0
    outer loop
      vertex -21.0198 0 -23.9103
      vertex -16.87 0 -20.3947
      vertex -21.9599 0 -22.1732
    endloop
  endfacet
  facet normal 0 -1 -0
    outer loop
      vertex -16.87 0 -20.3947
      vertex -21.0198 0 -23.9103
      vertex -16.676 0 -20.616
    endloop
  endfacet
  facet normal 0 -1 0
    outer loop
      vertex -19.5667 0 -25.248
      vertex -16.676 0 -20.616
      vertex -21.0198 0 -23.9103
    endloop
  endfacet
  facet normal 0 -1 -0
    outer loop
      vertex -16.676 0 -20.616
      vertex -19.5667 0 -25.248
      vertex -16.4547 0 -20.81
    endloop
  endfacet
  facet normal 0 -1 -0
    outer loop
      vertex -16.4547 0 -20.81
      vertex -19.5667 0 -25.248
      vertex -16.21 0 -20.9736
    endloop
  endfacet
  facet normal 0 -1 0
    outer loop
      vertex 14.7913 0 -21.2558
      vertex 16.285 0 -26.225
      vertex 15.085 0 -21.275
    endloop
  endfacet
  facet normal 0 -1 0
    outer loop
      vertex -17.7579 0 -26.0414
      vertex -16.21 0 -20.9736
      vertex -19.5667 0 -25.248
    endloop
  endfacet
  facet normal 0 -1 -0
    outer loop
      vertex -16.21 0 -20.9736
      vertex -17.7579 0 -26.0414
      vertex -15.946 0 -21.1037
    endloop
  endfacet
  facet normal 0 -1 0
    outer loop
      vertex -16.285 0 -26.225
      vertex -15.946 0 -21.1037
      vertex -17.7579 0 -26.0414
    endloop
  endfacet
  facet normal 0 -1 0
    outer loop
      vertex 14.5027 0 -21.1983
      vertex 16.285 0 -26.225
      vertex 14.7913 0 -21.2558
    endloop
  endfacet
  facet normal 0 -1 -0
    outer loop
      vertex -15.946 0 -21.1037
      vertex -16.285 0 -26.225
      vertex -15.6673 0 -21.1983
    endloop
  endfacet
  facet normal -0 -1 0
    outer loop
      vertex 18.2332 0 -25.8999
      vertex 15.085 0 -21.275
      vertex 16.285 0 -26.225
    endloop
  endfacet
  facet normal 0 -1 -0
    outer loop
      vertex -15.6673 0 -21.1983
      vertex -16.285 0 -26.225
      vertex -15.3787 0 -21.2558
    endloop
  endfacet
  facet normal 0 -1 0
    outer loop
      vertex 15.085 0 -21.275
      vertex 21.308 0 -23.5067
      vertex 22.1014 0 -21.6979
    endloop
  endfacet
  facet normal 0 -1 -0
    outer loop
      vertex -15.3787 0 -21.2558
      vertex -16.285 0 -26.225
      vertex -15.085 0 -21.275
    endloop
  endfacet
  facet normal 0 -1 0
    outer loop
      vertex 15.085 0 -21.275
      vertex 19.9703 0 -24.9598
      vertex 21.308 0 -23.5067
    endloop
  endfacet
  facet normal 0 -1 0
    outer loop
      vertex 15.085 0 -21.275
      vertex 18.2332 0 -25.8999
      vertex 19.9703 0 -24.9598
    endloop
  endfacet
  facet normal 0 -1 0
    outer loop
      vertex -14.5027 0 21.1983
      vertex -16.285 0 26.225
      vertex -14.7913 0 21.2558
    endloop
  endfacet
  facet normal 0 -1 0
    outer loop
      vertex -15.3787 0 21.2558
      vertex -16.285 0 26.225
      vertex -18.2332 0 25.8999
    endloop
  endfacet
  facet normal 0 -1 0
    outer loop
      vertex -14.7913 0 21.2558
      vertex -16.285 0 26.225
      vertex -15.085 0 21.275
    endloop
  endfacet
  facet normal 0 -1 0
    outer loop
      vertex -15.3787 0 21.2558
      vertex -18.2332 0 25.8999
      vertex -19.9703 0 24.9598
    endloop
  endfacet
  facet normal 0 -1 0
    outer loop
      vertex 15.3787 0 21.2558
      vertex 16.285 0 26.225
      vertex 15.085 0 21.275
    endloop
  endfacet
  facet normal 0 -1 0
    outer loop
      vertex -15.3787 0 21.2558
      vertex -19.9703 0 24.9598
      vertex -21.308 0 23.5067
    endloop
  endfacet
  facet normal 0 -1 0
    outer loop
      vertex 15.6673 0 21.1983
      vertex 16.285 0 26.225
      vertex 15.3787 0 21.2558
    endloop
  endfacet
  facet normal 0 -1 0
    outer loop
      vertex -17.0336 0 20.15
      vertex -21.308 0 23.5067
      vertex -22.1014 0 21.6979
    endloop
  endfacet
  facet normal 0 -1 0
    outer loop
      vertex 15.946 0 21.1037
      vertex 16.285 0 26.225
      vertex 15.6673 0 21.1983
    endloop
  endfacet
  facet normal 0 -1 -0
    outer loop
      vertex 16.285 0 26.225
      vertex 15.946 0 21.1037
      vertex 17.7579 0 26.0414
    endloop
  endfacet
  facet normal 0 -1 0
    outer loop
      vertex 16.21 0 20.9736
      vertex 17.7579 0 26.0414
      vertex 15.946 0 21.1037
    endloop
  endfacet
  facet normal 0 -1 -0
    outer loop
      vertex 17.7579 0 26.0414
      vertex 16.21 0 20.9736
      vertex 19.5667 0 25.248
    endloop
  endfacet
  facet normal 0 -1 0
    outer loop
      vertex 16.4547 0 20.81
      vertex 19.5667 0 25.248
      vertex 16.21 0 20.9736
    endloop
  endfacet
  facet normal 0 -1 0
    outer loop
      vertex 16.676 0 20.616
      vertex 19.5667 0 25.248
      vertex 16.4547 0 20.81
    endloop
  endfacet
  facet normal 0 -1 -0
    outer loop
      vertex 19.5667 0 25.248
      vertex 16.676 0 20.616
      vertex 21.0198 0 23.9103
    endloop
  endfacet
  facet normal 0 -1 0
    outer loop
      vertex 16.87 0 20.3947
      vertex 21.0198 0 23.9103
      vertex 16.676 0 20.616
    endloop
  endfacet
  facet normal 0 -1 -0
    outer loop
      vertex 21.0198 0 23.9103
      vertex 16.87 0 20.3947
      vertex 21.9599 0 22.1732
    endloop
  endfacet
  facet normal 0 -1 0
    outer loop
      vertex 17.0336 0 20.15
      vertex 21.9599 0 22.1732
      vertex 16.87 0 20.3947
    endloop
  endfacet
  facet normal 0 -1 0
    outer loop
      vertex 17.1637 0 19.886
      vertex 21.9599 0 22.1732
      vertex 17.0336 0 20.15
    endloop
  endfacet
  facet normal 0 -1 -0
    outer loop
      vertex 21.9599 0 22.1732
      vertex 17.1637 0 19.886
      vertex 22.285 0 20.225
    endloop
  endfacet
  facet normal 0 -1 0
    outer loop
      vertex 17.2583 0 19.6073
      vertex 22.285 0 20.225
      vertex 17.1637 0 19.886
    endloop
  endfacet
  facet normal 0 -1 0
    outer loop
      vertex 17.3158 0 19.3187
      vertex 22.285 0 20.225
      vertex 17.2583 0 19.6073
    endloop
  endfacet
  facet normal 0 -1 0
    outer loop
      vertex 17.335 0 19.025
      vertex 22.285 0 20.225
      vertex 17.3158 0 19.3187
    endloop
  endfacet
  facet normal 0 -1 0
    outer loop
      vertex 17.3158 0 18.7313
      vertex 22.285 0 20.225
      vertex 17.335 0 19.025
    endloop
  endfacet
  facet normal 0 -1 0
    outer loop
      vertex 17.2583 0 18.4427
      vertex 22.285 0 20.225
      vertex 17.3158 0 18.7313
    endloop
  endfacet
  facet normal 0 -1 0
    outer loop
      vertex 17.1637 0 18.164
      vertex 22.285 0 20.225
      vertex 17.2583 0 18.4427
    endloop
  endfacet
  facet normal 0 -1 0
    outer loop
      vertex 17.0336 0 17.9
      vertex 22.285 0 20.225
      vertex 17.1637 0 18.164
    endloop
  endfacet
  facet normal 0 -1 0
    outer loop
      vertex 16.87 0 17.6553
      vertex 22.285 0 20.225
      vertex 17.0336 0 17.9
    endloop
  endfacet
  facet normal 0 -1 0
    outer loop
      vertex 16.676 0 17.434
      vertex 22.285 0 20.225
      vertex 16.87 0 17.6553
    endloop
  endfacet
  facet normal 0 -1 0
    outer loop
      vertex 16.4547 0 17.24
      vertex 22.285 0 20.225
      vertex 16.676 0 17.434
    endloop
  endfacet
  facet normal 0 -1 0
    outer loop
      vertex 16.4547 0 -17.24
      vertex 16.4547 0 17.24
      vertex 16.21 0 17.0764
    endloop
  endfacet
  facet normal 0 -1 0
    outer loop
      vertex 14.7913 0 16.7943
      vertex 15.085 0 -16.775
      vertex 15.085 0 16.775
    endloop
  endfacet
  facet normal 0 -1 0
    outer loop
      vertex 15.085 0 16.775
      vertex 15.085 0 -16.775
      vertex 15.3787 0 16.7943
    endloop
  endfacet
  facet normal 0 -1 0
    outer loop
      vertex 15.3787 0 -16.7943
      vertex 15.3787 0 16.7943
      vertex 15.085 0 -16.775
    endloop
  endfacet
  facet normal 0 -1 0
    outer loop
      vertex 15.3787 0 16.7943
      vertex 15.3787 0 -16.7943
      vertex 15.6673 0 16.8517
    endloop
  endfacet
  facet normal 0 -1 0
    outer loop
      vertex 15.6673 0 -16.8517
      vertex 15.6673 0 16.8517
      vertex 15.3787 0 -16.7943
    endloop
  endfacet
  facet normal 0 -1 0
    outer loop
      vertex 15.6673 0 16.8517
      vertex 15.6673 0 -16.8517
      vertex 15.946 0 16.9463
    endloop
  endfacet
  facet normal 0 -1 0
    outer loop
      vertex 15.946 0 -16.9463
      vertex 15.946 0 16.9463
      vertex 15.6673 0 -16.8517
    endloop
  endfacet
  facet normal 0 -1 0
    outer loop
      vertex 15.946 0 16.9463
      vertex 15.946 0 -16.9463
      vertex 16.21 0 17.0764
    endloop
  endfacet
  facet normal 0 -1 0
    outer loop
      vertex 16.21 0 -17.0764
      vertex 16.21 0 17.0764
      vertex 15.946 0 -16.9463
    endloop
  endfacet
  facet normal 0 -1 0
    outer loop
      vertex 16.4547 0 -17.24
      vertex 16.21 0 17.0764
      vertex 16.21 0 -17.0764
    endloop
  endfacet
  facet normal 0 -1 0
    outer loop
      vertex 16.4547 0 17.24
      vertex 16.4547 0 -17.24
      vertex 22.285 0 20.225
    endloop
  endfacet
  facet normal 0 -1 0
    outer loop
      vertex 22.285 0 -20.225
      vertex 16.4547 0 -17.24
      vertex 16.676 0 -17.434
    endloop
  endfacet
  facet normal 0 -1 0
    outer loop
      vertex 22.285 0 -20.225
      vertex 16.676 0 -17.434
      vertex 16.87 0 -17.6553
    endloop
  endfacet
  facet normal 0 -1 0
    outer loop
      vertex 22.285 0 -20.225
      vertex 16.87 0 -17.6553
      vertex 17.0336 0 -17.9
    endloop
  endfacet
  facet normal 0 -1 0
    outer loop
      vertex 22.285 0 -20.225
      vertex 17.0336 0 -17.9
      vertex 17.1637 0 -18.164
    endloop
  endfacet
  facet normal 0 -1 0
    outer loop
      vertex 22.285 0 -20.225
      vertex 17.1637 0 -18.164
      vertex 17.2583 0 -18.4427
    endloop
  endfacet
  facet normal 0 -1 0
    outer loop
      vertex 22.285 0 -20.225
      vertex 17.2583 0 -18.4427
      vertex 17.3158 0 -18.7313
    endloop
  endfacet
  facet normal 0 -1 0
    outer loop
      vertex 22.285 0 -20.225
      vertex 17.3158 0 -18.7313
      vertex 17.335 0 -19.025
    endloop
  endfacet
  facet normal 0 -1 0
    outer loop
      vertex 22.285 0 -20.225
      vertex 17.335 0 -19.025
      vertex 17.3158 0 -19.3187
    endloop
  endfacet
  facet normal 0 -1 0
    outer loop
      vertex 16.4547 0 -17.24
      vertex 22.285 0 -20.225
      vertex 22.285 0 20.225
    endloop
  endfacet
  facet normal 0 -1 0
    outer loop
      vertex 17.2583 0 -19.6073
      vertex 22.285 0 -20.225
      vertex 17.3158 0 -19.3187
    endloop
  endfacet
  facet normal 0 -1 0
    outer loop
      vertex 17.1637 0 -19.886
      vertex 22.285 0 -20.225
      vertex 17.2583 0 -19.6073
    endloop
  endfacet
  facet normal 0 -1 0
    outer loop
      vertex 22.1014 0 -21.6979
      vertex 17.1637 0 -19.886
      vertex 17.0336 0 -20.15
    endloop
  endfacet
  facet normal 0 -1 0
    outer loop
      vertex 22.1014 0 -21.6979
      vertex 17.0336 0 -20.15
      vertex 16.87 0 -20.3947
    endloop
  endfacet
  facet normal 0 -1 0
    outer loop
      vertex 22.1014 0 -21.6979
      vertex 16.87 0 -20.3947
      vertex 16.676 0 -20.616
    endloop
  endfacet
  facet normal 0 -1 0
    outer loop
      vertex 22.1014 0 -21.6979
      vertex 16.676 0 -20.616
      vertex 16.4547 0 -20.81
    endloop
  endfacet
  facet normal 0 -1 0
    outer loop
      vertex 22.1014 0 -21.6979
      vertex 16.4547 0 -20.81
      vertex 16.21 0 -20.9736
    endloop
  endfacet
  facet normal 0 -1 0
    outer loop
      vertex 22.1014 0 -21.6979
      vertex 16.21 0 -20.9736
      vertex 15.946 0 -21.1037
    endloop
  endfacet
  facet normal 0 -1 0
    outer loop
      vertex 22.1014 0 -21.6979
      vertex 15.946 0 -21.1037
      vertex 15.6673 0 -21.1983
    endloop
  endfacet
  facet normal 0 -1 0
    outer loop
      vertex 22.1014 0 -21.6979
      vertex 15.6673 0 -21.1983
      vertex 15.3787 0 -21.2558
    endloop
  endfacet
  facet normal 0 -1 0
    outer loop
      vertex 17.1637 0 -19.886
      vertex 22.1014 0 -21.6979
      vertex 22.285 0 -20.225
    endloop
  endfacet
  facet normal 0 -1 0
    outer loop
      vertex 22.1014 0 -21.6979
      vertex 15.3787 0 -21.2558
      vertex 15.085 0 -21.275
    endloop
  endfacet
  facet normal 0 1 0
    outer loop
      vertex 10.7952 9.7 15.4254
      vertex 7.59891 9.7 12.6476
      vertex 7.2538 9.7 13.3772
    endloop
  endfacet
  facet normal 0 1 0
    outer loop
      vertex 7.87083 9.7 7.11241
      vertex 15.085 9.7 13.425
      vertex 15.5731 9.7 13.4463
    endloop
  endfacet
  facet normal 0 1 0
    outer loop
      vertex 14.5969 9.7 13.4463
      vertex 7.87083 9.7 11.8876
      vertex 7.59891 9.7 12.6476
    endloop
  endfacet
  facet normal 0 1 0
    outer loop
      vertex 7.87083 9.7 7.11241
      vertex 15.5731 9.7 13.4463
      vertex 16.0574 9.7 13.5101
    endloop
  endfacet
  facet normal 0 1 0
    outer loop
      vertex 14.5969 9.7 13.4463
      vertex 8.06696 9.7 11.1046
      vertex 7.87083 9.7 11.8876
    endloop
  endfacet
  facet normal 0 1 0
    outer loop
      vertex 7.59891 9.7 6.35243
      vertex 16.0574 9.7 13.5101
      vertex 16.5344 9.7 13.6158
    endloop
  endfacet
  facet normal 0 1 0
    outer loop
      vertex 14.5969 9.7 13.4463
      vertex 8.18539 9.7 10.3062
      vertex 8.06696 9.7 11.1046
    endloop
  endfacet
  facet normal 0 1 0
    outer loop
      vertex 16.5344 9.7 -13.6158
      vertex 16.5344 9.7 13.6158
      vertex 16.9 9.7 13.7311
    endloop
  endfacet
  facet normal 0 1 0
    outer loop
      vertex 14.5969 9.7 13.4463
      vertex 8.225 9.7 9.5
      vertex 8.18539 9.7 10.3062
    endloop
  endfacet
  facet normal 0 1 0
    outer loop
      vertex 14.5969 9.7 13.4463
      vertex 8.18539 9.7 8.69381
      vertex 8.225 9.7 9.5
    endloop
  endfacet
  facet normal 0 1 0
    outer loop
      vertex 14.5969 9.7 13.4463
      vertex 8.06696 9.7 7.89538
      vertex 8.18539 9.7 8.69381
    endloop
  endfacet
  facet normal 0 1 0
    outer loop
      vertex 15.085 9.7 13.425
      vertex 7.87083 9.7 7.11241
      vertex 8.06696 9.7 7.89538
    endloop
  endfacet
  facet normal 0 1 0
    outer loop
      vertex 16.0574 9.7 13.5101
      vertex 7.59891 9.7 6.35243
      vertex 7.87083 9.7 7.11241
    endloop
  endfacet
  facet normal 0 1 0
    outer loop
      vertex 16.5344 9.7 13.6158
      vertex 7.2538 9.7 5.62276
      vertex 7.59891 9.7 6.35243
    endloop
  endfacet
  facet normal 0 1 0
    outer loop
      vertex 16.5344 9.7 13.6158
      vertex 16.5344 9.7 -13.6158
      vertex 7.2538 9.7 5.62276
    endloop
  endfacet
  facet normal -0 1 -0
    outer loop
      vertex 16.0574 9.7 -13.5101
      vertex 7.2538 9.7 5.62276
      vertex 16.5344 9.7 -13.6158
    endloop
  endfacet
  facet normal 0 1 0
    outer loop
      vertex 7.2538 9.7 5.62276
      vertex 16.0574 9.7 -13.5101
      vertex 6.83884 9.7 4.93043
    endloop
  endfacet
  facet normal 0 1 0
    outer loop
      vertex 4.56956 9.7 2.66116
      vertex 4.47535 9.7 -9.97038
      vertex 4.47535 9.7 2.60469
    endloop
  endfacet
  facet normal 0 1 0
    outer loop
      vertex 5.21788 9.7 3.14199
      vertex 4.47535 9.7 -9.97038
      vertex 4.56956 9.7 2.66116
    endloop
  endfacet
  facet normal 0 1 0
    outer loop
      vertex 5.81595 9.7 3.68405
      vertex 4.47535 9.7 -9.97038
      vertex 5.21788 9.7 3.14199
    endloop
  endfacet
  facet normal -0 1 -0
    outer loop
      vertex 15.085 9.7 -13.425
      vertex 6.83884 9.7 4.93043
      vertex 15.5731 9.7 -13.4463
    endloop
  endfacet
  facet normal 0 1 -0
    outer loop
      vertex 14.1126 9.7 -13.5101
      vertex 5.81595 9.7 3.68405
      vertex 14.5969 9.7 -13.4463
    endloop
  endfacet
  facet normal 0 1 0
    outer loop
      vertex 5.81595 9.7 3.68405
      vertex 14.1126 9.7 -13.5101
      vertex 4.47535 9.7 -9.97038
    endloop
  endfacet
  facet normal 0 1 0
    outer loop
      vertex 6.35801 9.7 4.28211
      vertex 14.5969 9.7 -13.4463
      vertex 5.81595 9.7 3.68405
    endloop
  endfacet
  facet normal 0 1 -0
    outer loop
      vertex 14.5969 9.7 -13.4463
      vertex 6.35801 9.7 4.28211
      vertex 15.085 9.7 -13.425
    endloop
  endfacet
  facet normal 0 1 0
    outer loop
      vertex 6.83884 9.7 4.93043
      vertex 15.085 9.7 -13.425
      vertex 6.35801 9.7 4.28211
    endloop
  endfacet
  facet normal -0 1 -0
    outer loop
      vertex 15.5731 9.7 -13.4463
      vertex 6.83884 9.7 4.93043
      vertex 16.0574 9.7 -13.5101
    endloop
  endfacet
  facet normal -0 1 0
    outer loop
      vertex 16.5344 9.7 -13.6158
      vertex 16.9 9.7 13.7311
      vertex 16.9 9.7 -13.7311
    endloop
  endfacet
  facet normal 0 1 0
    outer loop
      vertex 1.60462 9.7 17.567
      vertex 10.1832 9.7 21.725
      vertex 10.0097 9.7 21.3917
    endloop
  endfacet
  facet normal 0 1 0
    outer loop
      vertex 10.1832 9.7 21.725
      vertex 0 9.7 17.725
      vertex -10.1832 9.7 21.725
    endloop
  endfacet
  facet normal 0 1 0
    outer loop
      vertex 2.38759 9.7 17.3708
      vertex 10.0097 9.7 21.3917
      vertex 9.82272 9.7 20.9403
    endloop
  endfacet
  facet normal 0 1 -0
    outer loop
      vertex -0.80619 9.7 17.6854
      vertex -10.1832 9.7 21.725
      vertex 0 9.7 17.725
    endloop
  endfacet
  facet normal 0 1 0
    outer loop
      vertex 2.38759 9.7 17.3708
      vertex 9.82272 9.7 20.9403
      vertex 9.67581 9.7 20.4744
    endloop
  endfacet
  facet normal 0 1 -0
    outer loop
      vertex -1.60462 9.7 17.567
      vertex -10.1832 9.7 21.725
      vertex -0.80619 9.7 17.6854
    endloop
  endfacet
  facet normal 0 1 0
    outer loop
      vertex 3.14757 9.7 17.0989
      vertex 9.67581 9.7 20.4744
      vertex 9.57008 9.7 19.9974
    endloop
  endfacet
  facet normal 0 1 0
    outer loop
      vertex -10.1832 9.7 21.725
      vertex -1.60462 9.7 17.567
      vertex -10.0097 9.7 21.3917
    endloop
  endfacet
  facet normal 0 1 0
    outer loop
      vertex 3.87724 9.7 16.7538
      vertex 9.57008 9.7 19.9974
      vertex 9.50631 9.7 19.5131
    endloop
  endfacet
  facet normal 0 1 -0
    outer loop
      vertex -2.38759 9.7 17.3708
      vertex -10.0097 9.7 21.3917
      vertex -1.60462 9.7 17.567
    endloop
  endfacet
  facet normal 0 1 0
    outer loop
      vertex 4.56956 9.7 16.3388
      vertex 9.50631 9.7 19.5131
      vertex 9.485 9.7 19.025
    endloop
  endfacet
  facet normal 0 1 0
    outer loop
      vertex -10.0097 9.7 21.3917
      vertex -2.38759 9.7 17.3708
      vertex -9.82272 9.7 20.9403
    endloop
  endfacet
  facet normal 0 1 0
    outer loop
      vertex 4.56956 9.7 16.3388
      vertex 9.485 9.7 19.025
      vertex 9.50631 9.7 18.5369
    endloop
  endfacet
  facet normal 0 1 0
    outer loop
      vertex -9.82272 9.7 20.9403
      vertex -2.38759 9.7 17.3708
      vertex -9.67581 9.7 20.4744
    endloop
  endfacet
  facet normal 0 1 0
    outer loop
      vertex 5.21788 9.7 15.858
      vertex 9.50631 9.7 18.5369
      vertex 9.57008 9.7 18.0526
    endloop
  endfacet
  facet normal 0 1 -0
    outer loop
      vertex -3.14757 9.7 17.0989
      vertex -9.67581 9.7 20.4744
      vertex -2.38759 9.7 17.3708
    endloop
  endfacet
  facet normal 0 1 0
    outer loop
      vertex -9.67581 9.7 20.4744
      vertex -3.14757 9.7 17.0989
      vertex -9.57008 9.7 19.9974
    endloop
  endfacet
  facet normal 0 1 0
    outer loop
      vertex 10.1832 9.7 21.725
      vertex 0.80619 9.7 17.6854
      vertex 0 9.7 17.725
    endloop
  endfacet
  facet normal 0 1 0
    outer loop
      vertex 5.81595 9.7 15.316
      vertex 9.57008 9.7 18.0526
      vertex 9.67581 9.7 17.5756
    endloop
  endfacet
  facet normal 0 1 0
    outer loop
      vertex 10.1832 9.7 21.725
      vertex 1.60462 9.7 17.567
      vertex 0.80619 9.7 17.6854
    endloop
  endfacet
  facet normal 0 1 0
    outer loop
      vertex 10.0097 9.7 21.3917
      vertex 2.38759 9.7 17.3708
      vertex 1.60462 9.7 17.567
    endloop
  endfacet
  facet normal 0 1 0
    outer loop
      vertex 5.81595 9.7 15.316
      vertex 9.67581 9.7 17.5756
      vertex 9.82272 9.7 17.1097
    endloop
  endfacet
  facet normal 0 1 0
    outer loop
      vertex 9.67581 9.7 20.4744
      vertex 3.14757 9.7 17.0989
      vertex 2.38759 9.7 17.3708
    endloop
  endfacet
  facet normal 0 1 0
    outer loop
      vertex 9.57008 9.7 19.9974
      vertex 3.87724 9.7 16.7538
      vertex 3.14757 9.7 17.0989
    endloop
  endfacet
  facet normal 0 1 0
    outer loop
      vertex 6.35801 9.7 14.7179
      vertex 9.82272 9.7 17.1097
      vertex 10.0097 9.7 16.6583
    endloop
  endfacet
  facet normal 0 1 0
    outer loop
      vertex 9.50631 9.7 19.5131
      vertex 4.56956 9.7 16.3388
      vertex 3.87724 9.7 16.7538
    endloop
  endfacet
  facet normal 0 1 0
    outer loop
      vertex 6.83884 9.7 14.0696
      vertex 10.0097 9.7 16.6583
      vertex 10.2353 9.7 16.225
    endloop
  endfacet
  facet normal 0 1 0
    outer loop
      vertex 9.50631 9.7 18.5369
      vertex 5.21788 9.7 15.858
      vertex 4.56956 9.7 16.3388
    endloop
  endfacet
  facet normal 0 1 0
    outer loop
      vertex 6.83884 9.7 14.0696
      vertex 10.2353 9.7 16.225
      vertex 10.4977 9.7 15.813
    endloop
  endfacet
  facet normal 0 1 0
    outer loop
      vertex 7.2538 9.7 13.3772
      vertex 10.4977 9.7 15.813
      vertex 10.7952 9.7 15.4254
    endloop
  endfacet
  facet normal 0 1 0
    outer loop
      vertex 9.57008 9.7 18.0526
      vertex 5.81595 9.7 15.316
      vertex 5.21788 9.7 15.858
    endloop
  endfacet
  facet normal 0 1 0
    outer loop
      vertex 7.59891 9.7 12.6476
      vertex 10.7952 9.7 15.4254
      vertex 11.1252 9.7 15.0652
    endloop
  endfacet
  facet normal 0 1 0
    outer loop
      vertex 7.59891 9.7 12.6476
      vertex 11.1252 9.7 15.0652
      vertex 11.4854 9.7 14.7352
    endloop
  endfacet
  facet normal 0 1 0
    outer loop
      vertex 9.82272 9.7 17.1097
      vertex 6.35801 9.7 14.7179
      vertex 5.81595 9.7 15.316
    endloop
  endfacet
  facet normal 0 1 0
    outer loop
      vertex 7.59891 9.7 12.6476
      vertex 11.4854 9.7 14.7352
      vertex 11.873 9.7 14.4377
    endloop
  endfacet
  facet normal 0 1 0
    outer loop
      vertex 7.59891 9.7 12.6476
      vertex 11.873 9.7 14.4377
      vertex 12.285 9.7 14.1753
    endloop
  endfacet
  facet normal 0 1 0
    outer loop
      vertex 10.0097 9.7 16.6583
      vertex 6.83884 9.7 14.0696
      vertex 6.35801 9.7 14.7179
    endloop
  endfacet
  facet normal 0 1 0
    outer loop
      vertex 7.59891 9.7 12.6476
      vertex 12.285 9.7 14.1753
      vertex 12.7183 9.7 13.9497
    endloop
  endfacet
  facet normal 0 1 0
    outer loop
      vertex 7.59891 9.7 12.6476
      vertex 12.7183 9.7 13.9497
      vertex 13.1697 9.7 13.7627
    endloop
  endfacet
  facet normal 0 1 0
    outer loop
      vertex 7.59891 9.7 12.6476
      vertex 13.1697 9.7 13.7627
      vertex 13.6356 9.7 13.6158
    endloop
  endfacet
  facet normal 0 1 0
    outer loop
      vertex 7.59891 9.7 12.6476
      vertex 13.6356 9.7 13.6158
      vertex 14.1126 9.7 13.5101
    endloop
  endfacet
  facet normal 0 1 0
    outer loop
      vertex 7.59891 9.7 12.6476
      vertex 14.1126 9.7 13.5101
      vertex 14.5969 9.7 13.4463
    endloop
  endfacet
  facet normal 0 1 0
    outer loop
      vertex 10.4977 9.7 15.813
      vertex 7.2538 9.7 13.3772
      vertex 6.83884 9.7 14.0696
    endloop
  endfacet
  facet normal 0 1 0
    outer loop
      vertex 8.06696 9.7 7.89538
      vertex 14.5969 9.7 13.4463
      vertex 15.085 9.7 13.425
    endloop
  endfacet
  facet normal 0 1 -0
    outer loop
      vertex -3.87724 9.7 16.7538
      vertex -9.57008 9.7 19.9974
      vertex -3.14757 9.7 17.0989
    endloop
  endfacet
  facet normal 0 1 0
    outer loop
      vertex -9.57008 9.7 19.9974
      vertex -3.87724 9.7 16.7538
      vertex -9.50631 9.7 19.5131
    endloop
  endfacet
  facet normal 0 1 -0
    outer loop
      vertex -4.56956 9.7 16.3388
      vertex -9.50631 9.7 19.5131
      vertex -3.87724 9.7 16.7538
    endloop
  endfacet
  facet normal 0 1 0
    outer loop
      vertex -9.50631 9.7 19.5131
      vertex -4.56956 9.7 16.3388
      vertex -9.485 9.7 19.025
    endloop
  endfacet
  facet normal 0 1 0
    outer loop
      vertex -9.485 9.7 19.025
      vertex -4.56956 9.7 16.3388
      vertex -9.50631 9.7 18.5369
    endloop
  endfacet
  facet normal 0 1 -0
    outer loop
      vertex -5.21788 9.7 15.858
      vertex -9.50631 9.7 18.5369
      vertex -4.56956 9.7 16.3388
    endloop
  endfacet
  facet normal 0 1 0
    outer loop
      vertex -9.50631 9.7 18.5369
      vertex -5.21788 9.7 15.858
      vertex -9.57008 9.7 18.0526
    endloop
  endfacet
  facet normal 0 1 -0
    outer loop
      vertex -5.81595 9.7 15.316
      vertex -9.57008 9.7 18.0526
      vertex -5.21788 9.7 15.858
    endloop
  endfacet
  facet normal 0 1 0
    outer loop
      vertex -9.57008 9.7 18.0526
      vertex -5.81595 9.7 15.316
      vertex -9.67581 9.7 17.5756
    endloop
  endfacet
  facet normal 0 1 0
    outer loop
      vertex -9.67581 9.7 17.5756
      vertex -5.81595 9.7 15.316
      vertex -9.82272 9.7 17.1097
    endloop
  endfacet
  facet normal 0 1 -0
    outer loop
      vertex -6.35801 9.7 14.7179
      vertex -9.82272 9.7 17.1097
      vertex -5.81595 9.7 15.316
    endloop
  endfacet
  facet normal 0 1 0
    outer loop
      vertex -9.82272 9.7 17.1097
      vertex -6.35801 9.7 14.7179
      vertex -10.0097 9.7 16.6583
    endloop
  endfacet
  facet normal 0 1 -0
    outer loop
      vertex -6.83884 9.7 14.0696
      vertex -10.0097 9.7 16.6583
      vertex -6.35801 9.7 14.7179
    endloop
  endfacet
  facet normal 0 1 0
    outer loop
      vertex -10.0097 9.7 16.6583
      vertex -6.83884 9.7 14.0696
      vertex -10.2353 9.7 16.225
    endloop
  endfacet
  facet normal 0 1 0
    outer loop
      vertex -10.2353 9.7 16.225
      vertex -6.83884 9.7 14.0696
      vertex -10.4977 9.7 15.813
    endloop
  endfacet
  facet normal 0 1 -0
    outer loop
      vertex -7.2538 9.7 13.3772
      vertex -10.4977 9.7 15.813
      vertex -6.83884 9.7 14.0696
    endloop
  endfacet
  facet normal 0 1 0
    outer loop
      vertex -10.4977 9.7 15.813
      vertex -7.2538 9.7 13.3772
      vertex -10.7952 9.7 15.4254
    endloop
  endfacet
  facet normal 0 1 -0
    outer loop
      vertex -7.59891 9.7 12.6476
      vertex -10.7952 9.7 15.4254
      vertex -7.2538 9.7 13.3772
    endloop
  endfacet
  facet normal 0 1 0
    outer loop
      vertex -10.7952 9.7 15.4254
      vertex -7.59891 9.7 12.6476
      vertex -11.1252 9.7 15.0652
    endloop
  endfacet
  facet normal 0 1 0
    outer loop
      vertex -11.1252 9.7 15.0652
      vertex -7.59891 9.7 12.6476
      vertex -11.4854 9.7 14.7352
    endloop
  endfacet
  facet normal 0 1 -0
    outer loop
      vertex -7.87083 9.7 11.8876
      vertex -11.4854 9.7 14.7352
      vertex -7.59891 9.7 12.6476
    endloop
  endfacet
  facet normal 0 1 0
    outer loop
      vertex -11.4854 9.7 14.7352
      vertex -7.87083 9.7 11.8876
      vertex -11.873 9.7 14.4377
    endloop
  endfacet
  facet normal 0 1 -0
    outer loop
      vertex -8.06696 9.7 11.1046
      vertex -11.873 9.7 14.4377
      vertex -7.87083 9.7 11.8876
    endloop
  endfacet
  facet normal 0 1 0
    outer loop
      vertex -11.873 9.7 14.4377
      vertex -8.06696 9.7 11.1046
      vertex -12.285 9.7 14.1753
    endloop
  endfacet
  facet normal 0 1 0
    outer loop
      vertex -12.285 9.7 14.1753
      vertex -8.06696 9.7 11.1046
      vertex -12.7183 9.7 13.9497
    endloop
  endfacet
  facet normal 0 1 0
    outer loop
      vertex -12.7183 9.7 13.9497
      vertex -8.18539 9.7 10.3062
      vertex -13.1697 9.7 13.7627
    endloop
  endfacet
  facet normal 0 1 -0
    outer loop
      vertex -8.18539 9.7 10.3062
      vertex -12.7183 9.7 13.9497
      vertex -8.06696 9.7 11.1046
    endloop
  endfacet
  facet normal 0 1 -0
    outer loop
      vertex -8.225 9.7 9.5
      vertex -13.1697 9.7 13.7627
      vertex -8.18539 9.7 10.3062
    endloop
  endfacet
  facet normal 0 1 0
    outer loop
      vertex -13.1697 9.7 13.7627
      vertex -8.225 9.7 9.5
      vertex -13.6356 9.7 13.6158
    endloop
  endfacet
  facet normal 0 1 0
    outer loop
      vertex -13.6356 9.7 13.6158
      vertex -8.225 9.7 9.5
      vertex -14.1126 9.7 13.5101
    endloop
  endfacet
  facet normal 0 1 0
    outer loop
      vertex -8.18539 9.7 8.69381
      vertex -14.1126 9.7 13.5101
      vertex -8.225 9.7 9.5
    endloop
  endfacet
  facet normal 0 1 0
    outer loop
      vertex -14.1126 9.7 13.5101
      vertex -8.18539 9.7 8.69381
      vertex -14.5969 9.7 13.4463
    endloop
  endfacet
  facet normal 0 1 0
    outer loop
      vertex -8.06696 9.7 7.89538
      vertex -14.5969 9.7 13.4463
      vertex -8.18539 9.7 8.69381
    endloop
  endfacet
  facet normal 0 1 0
    outer loop
      vertex -14.5969 9.7 13.4463
      vertex -8.06696 9.7 7.89538
      vertex -15.085 9.7 13.425
    endloop
  endfacet
  facet normal 0 1 0
    outer loop
      vertex -7.87083 9.7 7.11241
      vertex -15.085 9.7 13.425
      vertex -8.06696 9.7 7.89538
    endloop
  endfacet
  facet normal 0 1 0
    outer loop
      vertex -15.085 9.7 13.425
      vertex -7.87083 9.7 7.11241
      vertex -15.5731 9.7 13.4463
    endloop
  endfacet
  facet normal 0 1 0
    outer loop
      vertex -15.5731 9.7 13.4463
      vertex -7.87083 9.7 7.11241
      vertex -16.0574 9.7 13.5101
    endloop
  endfacet
  facet normal 0 1 0
    outer loop
      vertex -7.59891 9.7 6.35243
      vertex -16.0574 9.7 13.5101
      vertex -7.87083 9.7 7.11241
    endloop
  endfacet
  facet normal 0 1 0
    outer loop
      vertex -16.0574 9.7 13.5101
      vertex -7.59891 9.7 6.35243
      vertex -16.5344 9.7 13.6158
    endloop
  endfacet
  facet normal 0 1 0
    outer loop
      vertex -7.2538 9.7 5.62276
      vertex -16.5344 9.7 13.6158
      vertex -7.59891 9.7 6.35243
    endloop
  endfacet
  facet normal 0 1 0
    outer loop
      vertex -16.5344 9.7 -13.6158
      vertex -16.5344 9.7 13.6158
      vertex -7.2538 9.7 5.62276
    endloop
  endfacet
  facet normal 0 1 0
    outer loop
      vertex -16.0574 9.7 -13.5101
      vertex -7.2538 9.7 5.62276
      vertex -6.83884 9.7 4.93043
    endloop
  endfacet
  facet normal 0 1 0
    outer loop
      vertex -15.085 9.7 -13.425
      vertex -6.83884 9.7 4.93043
      vertex -6.35801 9.7 4.28211
    endloop
  endfacet
  facet normal 0 1 0
    outer loop
      vertex -14.5969 9.7 -13.4463
      vertex -6.35801 9.7 4.28211
      vertex -5.81595 9.7 3.68405
    endloop
  endfacet
  facet normal 0 1 -0
    outer loop
      vertex -4.47535 9.7 -9.97038
      vertex -4.56956 9.7 2.66116
      vertex -4.47535 9.7 2.60469
    endloop
  endfacet
  facet normal 0 1 0
    outer loop
      vertex -4.47535 9.7 -9.97038
      vertex -5.21788 9.7 3.14199
      vertex -4.56956 9.7 2.66116
    endloop
  endfacet
  facet normal 0 1 0
    outer loop
      vertex -4.47535 9.7 -9.97038
      vertex -5.81595 9.7 3.68405
      vertex -5.21788 9.7 3.14199
    endloop
  endfacet
  facet normal 0 1 0
    outer loop
      vertex -14.1126 9.7 -13.5101
      vertex -5.81595 9.7 3.68405
      vertex -4.47535 9.7 -9.97038
    endloop
  endfacet
  facet normal 0 1 0
    outer loop
      vertex -11.1252 9.7 -15.0652
      vertex -4.47535 9.7 -9.97038
      vertex -3.89711 9.7 -11.75
    endloop
  endfacet
  facet normal 0 1 0
    outer loop
      vertex -10.0097 9.7 -16.6583
      vertex -3.89711 9.7 -11.75
      vertex -2.64503 9.7 -13.1406
    endloop
  endfacet
  facet normal 0 1 0
    outer loop
      vertex -6.35801 9.7 4.28211
      vertex -14.5969 9.7 -13.4463
      vertex -15.085 9.7 -13.425
    endloop
  endfacet
  facet normal 0 1 0
    outer loop
      vertex -6.83884 9.7 4.93043
      vertex -15.5731 9.7 -13.4463
      vertex -16.0574 9.7 -13.5101
    endloop
  endfacet
  facet normal 0 1 0
    outer loop
      vertex -7.2538 9.7 5.62276
      vertex -16.0574 9.7 -13.5101
      vertex -16.5344 9.7 -13.6158
    endloop
  endfacet
  facet normal 0 1 0
    outer loop
      vertex -16.5344 9.7 13.6158
      vertex -16.5344 9.7 -13.6158
      vertex -16.9 9.7 13.7311
    endloop
  endfacet
  facet normal 0 1 0
    outer loop
      vertex -16.9 9.7 13.7311
      vertex -16.5344 9.7 -13.6158
      vertex -16.9 9.7 -13.7311
    endloop
  endfacet
  facet normal 0 1 0
    outer loop
      vertex -6.83884 9.7 4.93043
      vertex -15.085 9.7 -13.425
      vertex -15.5731 9.7 -13.4463
    endloop
  endfacet
  facet normal 0 1 0
    outer loop
      vertex -5.81595 9.7 3.68405
      vertex -14.1126 9.7 -13.5101
      vertex -14.5969 9.7 -13.4463
    endloop
  endfacet
  facet normal 0 1 0
    outer loop
      vertex -4.47535 9.7 -9.97038
      vertex -13.6356 9.7 -13.6158
      vertex -14.1126 9.7 -13.5101
    endloop
  endfacet
  facet normal 0 1 0
    outer loop
      vertex -4.47535 9.7 -9.97038
      vertex -13.1697 9.7 -13.7627
      vertex -13.6356 9.7 -13.6158
    endloop
  endfacet
  facet normal 0 1 0
    outer loop
      vertex -9.50631 9.7 -18.5369
      vertex -2.64503 9.7 -13.1406
      vertex -0.935602 9.7 -13.9017
    endloop
  endfacet
  facet normal 0 1 0
    outer loop
      vertex -4.47535 9.7 -9.97038
      vertex -12.7183 9.7 -13.9497
      vertex -13.1697 9.7 -13.7627
    endloop
  endfacet
  facet normal 0 1 0
    outer loop
      vertex 4.47535 9.7 -9.97038
      vertex 11.1252 9.7 -15.0652
      vertex 3.89711 9.7 -11.75
    endloop
  endfacet
  facet normal 0 1 -0
    outer loop
      vertex 10.7952 9.7 -15.4254
      vertex 3.89711 9.7 -11.75
      vertex 11.1252 9.7 -15.0652
    endloop
  endfacet
  facet normal 0 1 0
    outer loop
      vertex -4.47535 9.7 -9.97038
      vertex -12.285 9.7 -14.1753
      vertex -12.7183 9.7 -13.9497
    endloop
  endfacet
  facet normal 0 1 -0
    outer loop
      vertex 10.4977 9.7 -15.813
      vertex 3.89711 9.7 -11.75
      vertex 10.7952 9.7 -15.4254
    endloop
  endfacet
  facet normal 0 1 0
    outer loop
      vertex -4.47535 9.7 -9.97038
      vertex -11.873 9.7 -14.4377
      vertex -12.285 9.7 -14.1753
    endloop
  endfacet
  facet normal 0 1 -0
    outer loop
      vertex 10.2353 9.7 -16.225
      vertex 3.89711 9.7 -11.75
      vertex 10.4977 9.7 -15.813
    endloop
  endfacet
  facet normal 0 1 0
    outer loop
      vertex -4.47535 9.7 -9.97038
      vertex -11.4854 9.7 -14.7352
      vertex -11.873 9.7 -14.4377
    endloop
  endfacet
  facet normal 0 1 -0
    outer loop
      vertex 10.0097 9.7 -16.6583
      vertex 3.89711 9.7 -11.75
      vertex 10.2353 9.7 -16.225
    endloop
  endfacet
  facet normal 0 1 0
    outer loop
      vertex -4.47535 9.7 -9.97038
      vertex -11.1252 9.7 -15.0652
      vertex -11.4854 9.7 -14.7352
    endloop
  endfacet
  facet normal 0 1 0
    outer loop
      vertex 3.89711 9.7 -11.75
      vertex 10.0097 9.7 -16.6583
      vertex 2.64503 9.7 -13.1406
    endloop
  endfacet
  facet normal 0 1 0
    outer loop
      vertex -3.89711 9.7 -11.75
      vertex -10.7952 9.7 -15.4254
      vertex -11.1252 9.7 -15.0652
    endloop
  endfacet
  facet normal 0 1 -0
    outer loop
      vertex 9.82272 9.7 -17.1097
      vertex 2.64503 9.7 -13.1406
      vertex 10.0097 9.7 -16.6583
    endloop
  endfacet
  facet normal 0 1 0
    outer loop
      vertex -3.89711 9.7 -11.75
      vertex -10.4977 9.7 -15.813
      vertex -10.7952 9.7 -15.4254
    endloop
  endfacet
  facet normal 0 1 -0
    outer loop
      vertex 9.67581 9.7 -17.5756
      vertex 2.64503 9.7 -13.1406
      vertex 9.82272 9.7 -17.1097
    endloop
  endfacet
  facet normal 0 1 0
    outer loop
      vertex -3.89711 9.7 -11.75
      vertex -10.2353 9.7 -16.225
      vertex -10.4977 9.7 -15.813
    endloop
  endfacet
  facet normal 0 1 -0
    outer loop
      vertex 9.57008 9.7 -18.0526
      vertex 2.64503 9.7 -13.1406
      vertex 9.67581 9.7 -17.5756
    endloop
  endfacet
  facet normal 0 1 0
    outer loop
      vertex -3.89711 9.7 -11.75
      vertex -10.0097 9.7 -16.6583
      vertex -10.2353 9.7 -16.225
    endloop
  endfacet
  facet normal 0 1 -0
    outer loop
      vertex 9.50631 9.7 -18.5369
      vertex 2.64503 9.7 -13.1406
      vertex 9.57008 9.7 -18.0526
    endloop
  endfacet
  facet normal 0 1 0
    outer loop
      vertex -2.64503 9.7 -13.1406
      vertex -9.82272 9.7 -17.1097
      vertex -10.0097 9.7 -16.6583
    endloop
  endfacet
  facet normal 0 1 0
    outer loop
      vertex 2.64503 9.7 -13.1406
      vertex 9.50631 9.7 -18.5369
      vertex 0.935602 9.7 -13.9017
    endloop
  endfacet
  facet normal 0 1 0
    outer loop
      vertex -2.64503 9.7 -13.1406
      vertex -9.67581 9.7 -17.5756
      vertex -9.82272 9.7 -17.1097
    endloop
  endfacet
  facet normal 0 1 -0
    outer loop
      vertex 9.485 9.7 -19.025
      vertex 0.935602 9.7 -13.9017
      vertex 9.50631 9.7 -18.5369
    endloop
  endfacet
  facet normal 0 1 0
    outer loop
      vertex -2.64503 9.7 -13.1406
      vertex -9.57008 9.7 -18.0526
      vertex -9.67581 9.7 -17.5756
    endloop
  endfacet
  facet normal 0 1 0
    outer loop
      vertex 9.50631 9.7 -19.5131
      vertex 0.935602 9.7 -13.9017
      vertex 9.485 9.7 -19.025
    endloop
  endfacet
  facet normal 0 1 0
    outer loop
      vertex -2.64503 9.7 -13.1406
      vertex -9.50631 9.7 -18.5369
      vertex -9.57008 9.7 -18.0526
    endloop
  endfacet
  facet normal 0 1 0
    outer loop
      vertex 9.57008 9.7 -19.9974
      vertex 0.935602 9.7 -13.9017
      vertex 9.50631 9.7 -19.5131
    endloop
  endfacet
  facet normal 0 1 0
    outer loop
      vertex -0.935602 9.7 -13.9017
      vertex -9.485 9.7 -19.025
      vertex -9.50631 9.7 -18.5369
    endloop
  endfacet
  facet normal 0 1 0
    outer loop
      vertex 9.67581 9.7 -20.4744
      vertex 0.935602 9.7 -13.9017
      vertex 9.57008 9.7 -19.9974
    endloop
  endfacet
  facet normal 0 1 0
    outer loop
      vertex -0.935602 9.7 -13.9017
      vertex -9.50631 9.7 -19.5131
      vertex -9.485 9.7 -19.025
    endloop
  endfacet
  facet normal 0 1 0
    outer loop
      vertex 9.82272 9.7 -20.9403
      vertex 0.935602 9.7 -13.9017
      vertex 9.67581 9.7 -20.4744
    endloop
  endfacet
  facet normal 0 1 0
    outer loop
      vertex -0.935602 9.7 -13.9017
      vertex -9.57008 9.7 -19.9974
      vertex -9.50631 9.7 -19.5131
    endloop
  endfacet
  facet normal 0 1 0
    outer loop
      vertex 0.935602 9.7 -13.9017
      vertex 9.82272 9.7 -20.9403
      vertex -0.935602 9.7 -13.9017
    endloop
  endfacet
  facet normal 0 1 0
    outer loop
      vertex -0.935602 9.7 -13.9017
      vertex -9.67581 9.7 -20.4744
      vertex -9.57008 9.7 -19.9974
    endloop
  endfacet
  facet normal 0 1 0
    outer loop
      vertex -9.82272 9.7 -20.9403
      vertex -0.935602 9.7 -13.9017
      vertex 9.82272 9.7 -20.9403
    endloop
  endfacet
  facet normal 0 1 0
    outer loop
      vertex -0.935602 9.7 -13.9017
      vertex -9.82272 9.7 -20.9403
      vertex -9.67581 9.7 -20.4744
    endloop
  endfacet
  facet normal 0 1 0
    outer loop
      vertex 10.0097 9.7 -21.3917
      vertex -9.82272 9.7 -20.9403
      vertex 9.82272 9.7 -20.9403
    endloop
  endfacet
  facet normal 0 1 0
    outer loop
      vertex 10.0097 9.7 -21.3917
      vertex -10.0097 9.7 -21.3917
      vertex -9.82272 9.7 -20.9403
    endloop
  endfacet
  facet normal 0 1 0
    outer loop
      vertex 10.1832 9.7 -21.725
      vertex -10.0097 9.7 -21.3917
      vertex 10.0097 9.7 -21.3917
    endloop
  endfacet
  facet normal 0 1 0
    outer loop
      vertex -10.0097 9.7 -21.3917
      vertex 10.1832 9.7 -21.725
      vertex -10.1832 9.7 -21.725
    endloop
  endfacet
  facet normal 0 1 -0
    outer loop
      vertex 13.6356 9.7 -13.6158
      vertex 4.47535 9.7 -9.97038
      vertex 14.1126 9.7 -13.5101
    endloop
  endfacet
  facet normal 0 1 -0
    outer loop
      vertex 13.1697 9.7 -13.7627
      vertex 4.47535 9.7 -9.97038
      vertex 13.6356 9.7 -13.6158
    endloop
  endfacet
  facet normal 0 1 -0
    outer loop
      vertex 12.7183 9.7 -13.9497
      vertex 4.47535 9.7 -9.97038
      vertex 13.1697 9.7 -13.7627
    endloop
  endfacet
  facet normal 0 1 -0
    outer loop
      vertex 12.285 9.7 -14.1753
      vertex 4.47535 9.7 -9.97038
      vertex 12.7183 9.7 -13.9497
    endloop
  endfacet
  facet normal 0 1 -0
    outer loop
      vertex 11.873 9.7 -14.4377
      vertex 4.47535 9.7 -9.97038
      vertex 12.285 9.7 -14.1753
    endloop
  endfacet
  facet normal 0 1 -0
    outer loop
      vertex 11.1252 9.7 -15.0652
      vertex 4.47535 9.7 -9.97038
      vertex 11.4854 9.7 -14.7352
    endloop
  endfacet
  facet normal 0 1 -0
    outer loop
      vertex 11.4854 9.7 -14.7352
      vertex 4.47535 9.7 -9.97038
      vertex 11.873 9.7 -14.4377
    endloop
  endfacet
  facet normal -1 0 0
    outer loop
      vertex -16.9 5 -13.7311
      vertex -16.9 9.7 13.7311
      vertex -16.9 9.7 -13.7311
    endloop
  endfacet
  facet normal -1 -0 0
    outer loop
      vertex -16.9 9.7 13.7311
      vertex -16.9 5 -13.7311
      vertex -16.9 5 13.7311
    endloop
  endfacet
  facet normal 0 0 -1
    outer loop
      vertex -10.1832 5 -21.725
      vertex 10.1832 9.7 -21.725
      vertex 10.1832 5 -21.725
    endloop
  endfacet
  facet normal -0 0 -1
    outer loop
      vertex 10.1832 9.7 -21.725
      vertex -10.1832 5 -21.725
      vertex -10.1832 9.7 -21.725
    endloop
  endfacet
  facet normal -0 0 1
    outer loop
      vertex -10.1832 9.7 21.725
      vertex 10.1832 5 21.725
      vertex 10.1832 9.7 21.725
    endloop
  endfacet
  facet normal 0 0 1
    outer loop
      vertex 10.1832 5 21.725
      vertex -10.1832 9.7 21.725
      vertex -10.1832 5 21.725
    endloop
  endfacet
  facet normal 1 -0 0
    outer loop
      vertex 16.9 5 13.7311
      vertex 16.9 9.7 -13.7311
      vertex 16.9 9.7 13.7311
    endloop
  endfacet
  facet normal 1 0 0
    outer loop
      vertex 16.9 9.7 -13.7311
      vertex 16.9 5 13.7311
      vertex 16.9 5 -13.7311
    endloop
  endfacet
  facet normal -0.879468 0 -0.475959
    outer loop
      vertex -21.0198 0 -23.9103
      vertex -21.9599 4.2 -22.1732
      vertex -21.0198 4.2 -23.9103
    endloop
  endfacet
  facet normal -0.879468 -0 -0.475959
    outer loop
      vertex -21.9599 4.2 -22.1732
      vertex -21.0198 0 -23.9103
      vertex -21.9599 0 -22.1732
    endloop
  endfacet
  facet normal -0.0874507 0.707088 -0.701698
    outer loop
      vertex -16.2354 5 -25.425
      vertex -17.7579 4.2 -26.0414
      vertex -17.5433 5 -25.262
    endloop
  endfacet
  facet normal 0 0 -1
    outer loop
      vertex -16.285 0 -26.225
      vertex 16.285 4.2 -26.225
      vertex 16.285 0 -26.225
    endloop
  endfacet
  facet normal -0 0 -1
    outer loop
      vertex 16.285 4.2 -26.225
      vertex -16.285 0 -26.225
      vertex -16.285 4.2 -26.225
    endloop
  endfacet
  facet normal -0.697463 0.707108 -0.116377
    outer loop
      vertex -21.1928 5 -21.9099
      vertex -22.285 4.2 -20.225
      vertex -21.485 5 -20.1587
    endloop
  endfacet
  facet normal 0 0.707107 -0.707107
    outer loop
      vertex -16.285 4.2 -26.225
      vertex 16.2187 5 -25.425
      vertex 16.285 4.2 -26.225
    endloop
  endfacet
  facet normal 0 0.707107 -0.707107
    outer loop
      vertex 16.2187 5 -25.425
      vertex -16.285 4.2 -26.225
      vertex -16.2354 5 -25.425
    endloop
  endfacet
  facet normal -0.697473 0.707096 -0.116389
    outer loop
      vertex -21.9599 4.2 -22.1732
      vertex -22.285 4.2 -20.225
      vertex -21.1928 5 -21.9099
    endloop
  endfacet
  facet normal -0.986361 0 -0.164596
    outer loop
      vertex -21.9599 0 -22.1732
      vertex -22.285 4.2 -20.225
      vertex -21.9599 4.2 -22.1732
    endloop
  endfacet
  facet normal -0.986361 -0 -0.164596
    outer loop
      vertex -22.285 4.2 -20.225
      vertex -21.9599 0 -22.1732
      vertex -22.285 0 -20.225
    endloop
  endfacet
  facet normal -0.677289 0 -0.735717
    outer loop
      vertex -21.0198 0 -23.9103
      vertex -19.5667 4.2 -25.248
      vertex -19.5667 0 -25.248
    endloop
  endfacet
  facet normal -0.677289 0 -0.735717
    outer loop
      vertex -19.5667 4.2 -25.248
      vertex -21.0198 0 -23.9103
      vertex -21.0198 4.2 -23.9103
    endloop
  endfacet
  facet normal -0.0874659 0.707103 -0.70168
    outer loop
      vertex -16.285 4.2 -26.225
      vertex -17.7579 4.2 -26.0414
      vertex -16.2354 5 -25.425
    endloop
  endfacet
  facet normal -1 0 0
    outer loop
      vertex -22.285 0 -20.225
      vertex -22.285 4.2 20.225
      vertex -22.285 4.2 -20.225
    endloop
  endfacet
  facet normal -1 -0 0
    outer loop
      vertex -22.285 4.2 20.225
      vertex -22.285 0 -20.225
      vertex -22.285 0 20.225
    endloop
  endfacet
  facet normal 0.677289 0 0.735717
    outer loop
      vertex 19.5667 4.2 25.248
      vertex 21.0198 0 23.9103
      vertex 21.0198 4.2 23.9103
    endloop
  endfacet
  facet normal 0.677289 0 0.735717
    outer loop
      vertex 21.0198 0 23.9103
      vertex 19.5667 4.2 25.248
      vertex 19.5667 0 25.248
    endloop
  endfacet
  facet normal 0.647551 0.707107 -0.284037
    outer loop
      vertex 21.308 4.2 -23.5067
      vertex 20.629 5 -23.0631
      vertex 22.1014 4.2 -21.6979
    endloop
  endfacet
  facet normal 0.99232 0 -0.123695
    outer loop
      vertex 22.285 0 -20.225
      vertex 22.1014 4.2 -21.6979
      vertex 22.285 4.2 -20.225
    endloop
  endfacet
  facet normal 0.99232 0 -0.123695
    outer loop
      vertex 22.1014 4.2 -21.6979
      vertex 22.285 0 -20.225
      vertex 22.1014 0 -21.6979
    endloop
  endfacet
  facet normal -0.284037 0.707107 -0.647551
    outer loop
      vertex -17.7579 4.2 -26.0414
      vertex -19.5667 4.2 -25.248
      vertex -19.1231 5 -24.569
    endloop
  endfacet
  facet normal 0.735717 0 -0.677289
    outer loop
      vertex 21.308 0 -23.5067
      vertex 19.9703 4.2 -24.9598
      vertex 21.308 4.2 -23.5067
    endloop
  endfacet
  facet normal 0.735717 0 -0.677289
    outer loop
      vertex 19.9703 4.2 -24.9598
      vertex 21.308 0 -23.5067
      vertex 19.9703 0 -24.9598
    endloop
  endfacet
  facet normal 0.116383 0.707108 -0.697462
    outer loop
      vertex 16.285 4.2 -26.225
      vertex 16.2187 5 -25.425
      vertex 17.9698 5 -25.1328
    endloop
  endfacet
  facet normal 0.116388 0.707103 -0.697466
    outer loop
      vertex 18.2332 4.2 -25.8999
      vertex 16.285 4.2 -26.225
      vertex 17.9698 5 -25.1328
    endloop
  endfacet
  facet normal -0.647551 0.707107 0.284037
    outer loop
      vertex -20.629 5 23.0631
      vertex -22.1014 4.2 21.6979
      vertex -21.308 4.2 23.5067
    endloop
  endfacet
  facet normal -0.735717 0 0.677289
    outer loop
      vertex -21.308 0 23.5067
      vertex -19.9703 4.2 24.9598
      vertex -21.308 4.2 23.5067
    endloop
  endfacet
  facet normal -0.735717 0 0.677289
    outer loop
      vertex -19.9703 4.2 24.9598
      vertex -21.308 0 23.5067
      vertex -19.9703 0 24.9598
    endloop
  endfacet
  facet normal -0 0 1
    outer loop
      vertex -16.285 4.2 26.225
      vertex 16.285 0 26.225
      vertex 16.285 4.2 26.225
    endloop
  endfacet
  facet normal 0 0 1
    outer loop
      vertex 16.285 0 26.225
      vertex -16.285 4.2 26.225
      vertex -16.285 0 26.225
    endloop
  endfacet
  facet normal -0 0.707107 0.707107
    outer loop
      vertex -16.2187 5 25.425
      vertex 16.285 4.2 26.225
      vertex 16.2354 5 25.425
    endloop
  endfacet
  facet normal 0 0.707107 0.707107
    outer loop
      vertex 16.285 4.2 26.225
      vertex -16.2187 5 25.425
      vertex -16.285 4.2 26.225
    endloop
  endfacet
  facet normal 0.284037 0.707107 0.647551
    outer loop
      vertex 19.1231 5 24.569
      vertex 17.7579 4.2 26.0414
      vertex 19.5667 4.2 25.248
    endloop
  endfacet
  facet normal 0.0874659 0.707103 0.70168
    outer loop
      vertex 17.7579 4.2 26.0414
      vertex 16.2354 5 25.425
      vertex 16.285 4.2 26.225
    endloop
  endfacet
  facet normal 0.123695 0 0.99232
    outer loop
      vertex 16.285 4.2 26.225
      vertex 17.7579 0 26.0414
      vertex 17.7579 4.2 26.0414
    endloop
  endfacet
  facet normal 0.123695 0 0.99232
    outer loop
      vertex 17.7579 0 26.0414
      vertex 16.285 4.2 26.225
      vertex 16.285 0 26.225
    endloop
  endfacet
  facet normal 0.879468 -0 0.475959
    outer loop
      vertex 21.0198 0 23.9103
      vertex 21.9599 4.2 22.1732
      vertex 21.0198 4.2 23.9103
    endloop
  endfacet
  facet normal 0.879468 0 0.475959
    outer loop
      vertex 21.9599 4.2 22.1732
      vertex 21.0198 0 23.9103
      vertex 21.9599 0 22.1732
    endloop
  endfacet
  facet normal 1 -0 0
    outer loop
      vertex 22.285 0 20.225
      vertex 22.285 4.2 -20.225
      vertex 22.285 4.2 20.225
    endloop
  endfacet
  facet normal 1 0 0
    outer loop
      vertex 22.285 4.2 -20.225
      vertex 22.285 0 20.225
      vertex 22.285 0 -20.225
    endloop
  endfacet
  facet normal -0.478916 0.707106 -0.520231
    outer loop
      vertex -19.5667 4.2 -25.248
      vertex -21.0198 4.2 -23.9103
      vertex -19.1231 5 -24.569
    endloop
  endfacet
  facet normal 0.475959 0 -0.879468
    outer loop
      vertex 18.2332 0 -25.8999
      vertex 19.9703 4.2 -24.9598
      vertex 19.9703 0 -24.9598
    endloop
  endfacet
  facet normal 0.475959 0 -0.879468
    outer loop
      vertex 19.9703 4.2 -24.9598
      vertex 18.2332 0 -25.8999
      vertex 18.2332 4.2 -25.8999
    endloop
  endfacet
  facet normal 0.697473 0.707096 0.116389
    outer loop
      vertex 22.285 4.2 20.225
      vertex 21.1928 5 21.9099
      vertex 21.9599 4.2 22.1732
    endloop
  endfacet
  facet normal 0.707107 0.707107 -0
    outer loop
      vertex 22.285 4.2 -20.225
      vertex 21.485 5 20.1587
      vertex 22.285 4.2 20.225
    endloop
  endfacet
  facet normal 0.707107 0.707107 0
    outer loop
      vertex 21.485 5 20.1587
      vertex 22.285 4.2 -20.225
      vertex 21.485 5 -20.1754
    endloop
  endfacet
  facet normal -0.520231 0.707106 0.478916
    outer loop
      vertex -20.629 5 23.0631
      vertex -21.308 4.2 23.5067
      vertex -19.9703 4.2 24.9598
    endloop
  endfacet
  facet normal -0.70168 0.707103 0.0874659
    outer loop
      vertex -21.485 5 20.1754
      vertex -22.285 4.2 20.225
      vertex -22.1014 4.2 21.6979
    endloop
  endfacet
  facet normal -0.99232 0 0.123695
    outer loop
      vertex -22.285 0 20.225
      vertex -22.1014 4.2 21.6979
      vertex -22.285 4.2 20.225
    endloop
  endfacet
  facet normal -0.99232 0 0.123695
    outer loop
      vertex -22.1014 4.2 21.6979
      vertex -22.285 0 20.225
      vertex -22.1014 0 21.6979
    endloop
  endfacet
  facet normal -0.336552 0.70711 0.621875
    outer loop
      vertex -17.9698 5 25.1328
      vertex -19.9703 4.2 24.9598
      vertex -18.2332 4.2 25.8999
    endloop
  endfacet
  facet normal -0.475959 0 0.879468
    outer loop
      vertex -19.9703 4.2 24.9598
      vertex -18.2332 0 25.8999
      vertex -18.2332 4.2 25.8999
    endloop
  endfacet
  facet normal -0.475959 0 0.879468
    outer loop
      vertex -18.2332 0 25.8999
      vertex -19.9703 4.2 24.9598
      vertex -19.9703 0 24.9598
    endloop
  endfacet
  facet normal 0.986361 -0 0.164596
    outer loop
      vertex 21.9599 0 22.1732
      vertex 22.285 4.2 20.225
      vertex 21.9599 4.2 22.1732
    endloop
  endfacet
  facet normal 0.986361 0 0.164596
    outer loop
      vertex 22.285 4.2 20.225
      vertex 21.9599 0 22.1732
      vertex 22.285 0 20.225
    endloop
  endfacet
  facet normal 0.915776 0 -0.40169
    outer loop
      vertex 22.1014 0 -21.6979
      vertex 21.308 4.2 -23.5067
      vertex 22.1014 4.2 -21.6979
    endloop
  endfacet
  facet normal 0.915776 0 -0.40169
    outer loop
      vertex 21.308 4.2 -23.5067
      vertex 22.1014 0 -21.6979
      vertex 21.308 0 -23.5067
    endloop
  endfacet
  facet normal -0.62188 0.7071 -0.336565
    outer loop
      vertex -21.0198 4.2 -23.9103
      vertex -21.1928 5 -21.9099
      vertex -20.3798 5 -23.4121
    endloop
  endfacet
  facet normal -0.621893 0.707089 -0.336562
    outer loop
      vertex -21.0198 4.2 -23.9103
      vertex -21.9599 4.2 -22.1732
      vertex -21.1928 5 -21.9099
    endloop
  endfacet
  facet normal 0.164596 0 -0.986361
    outer loop
      vertex 16.285 0 -26.225
      vertex 18.2332 4.2 -25.8999
      vertex 18.2332 0 -25.8999
    endloop
  endfacet
  facet normal 0.164596 0 -0.986361
    outer loop
      vertex 18.2332 4.2 -25.8999
      vertex 16.285 0 -26.225
      vertex 16.285 4.2 -26.225
    endloop
  endfacet
  facet normal 0.647562 0.707087 -0.284062
    outer loop
      vertex 22.1014 4.2 -21.6979
      vertex 20.629 5 -23.0631
      vertex 21.322 5 -21.4833
    endloop
  endfacet
  facet normal 0.697463 0.707108 0.116377
    outer loop
      vertex 21.485 5 20.1587
      vertex 21.1928 5 21.9099
      vertex 22.285 4.2 20.225
    endloop
  endfacet
  facet normal 0.70168 0.707103 -0.0874659
    outer loop
      vertex 22.1014 4.2 -21.6979
      vertex 21.485 5 -20.1754
      vertex 22.285 4.2 -20.225
    endloop
  endfacet
  facet normal -0.116383 0.707108 0.697462
    outer loop
      vertex -16.2187 5 25.425
      vertex -17.9698 5 25.1328
      vertex -16.285 4.2 26.225
    endloop
  endfacet
  facet normal -0.701698 0.707088 0.0874507
    outer loop
      vertex -21.485 5 20.1754
      vertex -22.1014 4.2 21.6979
      vertex -21.322 5 21.4833
    endloop
  endfacet
  facet normal -0.647562 0.707087 0.284062
    outer loop
      vertex -21.322 5 21.4833
      vertex -22.1014 4.2 21.6979
      vertex -20.629 5 23.0631
    endloop
  endfacet
  facet normal -0.915776 0 0.40169
    outer loop
      vertex -22.1014 0 21.6979
      vertex -21.308 4.2 23.5067
      vertex -22.1014 4.2 21.6979
    endloop
  endfacet
  facet normal -0.915776 0 0.40169
    outer loop
      vertex -21.308 4.2 23.5067
      vertex -22.1014 0 21.6979
      vertex -21.308 0 23.5067
    endloop
  endfacet
  facet normal -0.164596 0 0.986361
    outer loop
      vertex -18.2332 4.2 25.8999
      vertex -16.285 0 26.225
      vertex -16.285 4.2 26.225
    endloop
  endfacet
  facet normal -0.164596 0 0.986361
    outer loop
      vertex -16.285 0 26.225
      vertex -18.2332 4.2 25.8999
      vertex -18.2332 0 25.8999
    endloop
  endfacet
  facet normal -0.116388 0.707103 0.697466
    outer loop
      vertex -17.9698 5 25.1328
      vertex -18.2332 4.2 25.8999
      vertex -16.285 4.2 26.225
    endloop
  endfacet
  facet normal 0.40169 0 0.915776
    outer loop
      vertex 17.7579 4.2 26.0414
      vertex 19.5667 0 25.248
      vertex 19.5667 4.2 25.248
    endloop
  endfacet
  facet normal 0.40169 0 0.915776
    outer loop
      vertex 19.5667 0 25.248
      vertex 17.7579 4.2 26.0414
      vertex 17.7579 0 26.0414
    endloop
  endfacet
  facet normal -0.707107 0.707107 0
    outer loop
      vertex -21.485 5 -20.1587
      vertex -22.285 4.2 20.225
      vertex -21.485 5 20.1754
    endloop
  endfacet
  facet normal -0.707107 0.707107 0
    outer loop
      vertex -22.285 4.2 20.225
      vertex -21.485 5 -20.1587
      vertex -22.285 4.2 -20.225
    endloop
  endfacet
  facet normal -0.478916 0.707106 -0.52023
    outer loop
      vertex -19.1231 5 -24.569
      vertex -21.0198 4.2 -23.9103
      vertex -20.3798 5 -23.4121
    endloop
  endfacet
  facet normal -0.40169 0 -0.915776
    outer loop
      vertex -19.5667 0 -25.248
      vertex -17.7579 4.2 -26.0414
      vertex -17.7579 0 -26.0414
    endloop
  endfacet
  facet normal -0.40169 0 -0.915776
    outer loop
      vertex -17.7579 4.2 -26.0414
      vertex -19.5667 0 -25.248
      vertex -19.5667 4.2 -25.248
    endloop
  endfacet
  facet normal -0.123695 0 -0.99232
    outer loop
      vertex -17.7579 0 -26.0414
      vertex -16.285 4.2 -26.225
      vertex -16.285 0 -26.225
    endloop
  endfacet
  facet normal -0.123695 0 -0.99232
    outer loop
      vertex -16.285 4.2 -26.225
      vertex -17.7579 0 -26.0414
      vertex -17.7579 4.2 -26.0414
    endloop
  endfacet
  facet normal 0.336552 0.70711 -0.621875
    outer loop
      vertex 18.2332 4.2 -25.8999
      vertex 17.9698 5 -25.1328
      vertex 19.9703 4.2 -24.9598
    endloop
  endfacet
  facet normal 0.520231 0.707106 -0.478916
    outer loop
      vertex 21.308 4.2 -23.5067
      vertex 19.9703 4.2 -24.9598
      vertex 20.629 5 -23.0631
    endloop
  endfacet
  facet normal 0.478916 0.707106 0.520231
    outer loop
      vertex 21.0198 4.2 23.9103
      vertex 19.1231 5 24.569
      vertex 19.5667 4.2 25.248
    endloop
  endfacet
  facet normal 0.621893 0.707089 0.336562
    outer loop
      vertex 21.1928 5 21.9099
      vertex 21.0198 4.2 23.9103
      vertex 21.9599 4.2 22.1732
    endloop
  endfacet
  facet normal -0.52023 0.707106 0.478916
    outer loop
      vertex -19.4721 5 24.3198
      vertex -20.629 5 23.0631
      vertex -19.9703 4.2 24.9598
    endloop
  endfacet
  facet normal -0.336549 0.707098 0.62189
    outer loop
      vertex -19.4721 5 24.3198
      vertex -19.9703 4.2 24.9598
      vertex -17.9698 5 25.1328
    endloop
  endfacet
  facet normal -0.284062 0.707087 -0.647562
    outer loop
      vertex -17.7579 4.2 -26.0414
      vertex -19.1231 5 -24.569
      vertex -17.5433 5 -25.262
    endloop
  endfacet
  facet normal 0.701698 0.707088 -0.0874507
    outer loop
      vertex 22.1014 4.2 -21.6979
      vertex 21.322 5 -21.4833
      vertex 21.485 5 -20.1754
    endloop
  endfacet
  facet normal 0.52023 0.707106 -0.478916
    outer loop
      vertex 19.9703 4.2 -24.9598
      vertex 19.4721 5 -24.3198
      vertex 20.629 5 -23.0631
    endloop
  endfacet
  facet normal 0.336549 0.707098 -0.62189
    outer loop
      vertex 19.9703 4.2 -24.9598
      vertex 17.9698 5 -25.1328
      vertex 19.4721 5 -24.3198
    endloop
  endfacet
  facet normal 0.284062 0.707087 0.647562
    outer loop
      vertex 19.1231 5 24.569
      vertex 17.5433 5 25.262
      vertex 17.7579 4.2 26.0414
    endloop
  endfacet
  facet normal 0.478916 0.707106 0.52023
    outer loop
      vertex 20.3798 5 23.4121
      vertex 19.1231 5 24.569
      vertex 21.0198 4.2 23.9103
    endloop
  endfacet
  facet normal 0.62188 0.7071 0.336565
    outer loop
      vertex 21.1928 5 21.9099
      vertex 20.3798 5 23.4121
      vertex 21.0198 4.2 23.9103
    endloop
  endfacet
  facet normal 0.0874507 0.707088 0.701698
    outer loop
      vertex 17.5433 5 25.262
      vertex 16.2354 5 25.425
      vertex 17.7579 4.2 26.0414
    endloop
  endfacet
  facet normal -0.659202 0 0.751966
    outer loop
      vertex -13.7153 3.25 -20.81
      vertex -13.494 0 -20.616
      vertex -13.494 3.25 -20.616
    endloop
  endfacet
  facet normal -0.659202 0 0.751966
    outer loop
      vertex -13.494 0 -20.616
      vertex -13.7153 3.25 -20.81
      vertex -13.7153 0 -20.81
    endloop
  endfacet
  facet normal 0.946936 -0 0.321421
    outer loop
      vertex -17.2583 0 -19.6073
      vertex -17.1637 3.25 -19.886
      vertex -17.2583 3.25 -19.6073
    endloop
  endfacet
  facet normal 0.946936 0 0.321421
    outer loop
      vertex -17.1637 3.25 -19.886
      vertex -17.2583 0 -19.6073
      vertex -17.1637 0 -19.886
    endloop
  endfacet
  facet normal 0.321421 0 -0.946936
    outer loop
      vertex -15.946 0 -16.9463
      vertex -15.6673 3.25 -16.8517
      vertex -15.6673 0 -16.8517
    endloop
  endfacet
  facet normal 0.321421 0 -0.946936
    outer loop
      vertex -15.6673 3.25 -16.8517
      vertex -15.946 0 -16.9463
      vertex -15.946 3.25 -16.9463
    endloop
  endfacet
  facet normal 0.321421 0 0.946936
    outer loop
      vertex -15.946 3.25 -21.1037
      vertex -15.6673 0 -21.1983
      vertex -15.6673 3.25 -21.1983
    endloop
  endfacet
  facet normal 0.321421 0 0.946936
    outer loop
      vertex -15.6673 0 -21.1983
      vertex -15.946 3.25 -21.1037
      vertex -15.946 0 -21.1037
    endloop
  endfacet
  facet normal 0.896995 -0 0.442042
    outer loop
      vertex -17.1637 0 -19.886
      vertex -17.0336 3.25 -20.15
      vertex -17.1637 3.25 -19.886
    endloop
  endfacet
  facet normal 0.896995 0 0.442042
    outer loop
      vertex -17.0336 3.25 -20.15
      vertex -17.1637 0 -19.886
      vertex -17.0336 0 -20.15
    endloop
  endfacet
  facet normal -0.896995 0 0.442042
    outer loop
      vertex -13.1364 0 -20.15
      vertex -13.0063 3.25 -19.886
      vertex -13.1364 3.25 -20.15
    endloop
  endfacet
  facet normal -0.896995 0 0.442042
    outer loop
      vertex -13.0063 3.25 -19.886
      vertex -13.1364 0 -20.15
      vertex -13.0063 0 -19.886
    endloop
  endfacet
  facet normal -0.831318 0 0.555797
    outer loop
      vertex -13.3 0 -20.3947
      vertex -13.1364 3.25 -20.15
      vertex -13.3 3.25 -20.3947
    endloop
  endfacet
  facet normal -0.831318 0 0.555797
    outer loop
      vertex -13.1364 3.25 -20.15
      vertex -13.3 0 -20.3947
      vertex -13.1364 0 -20.15
    endloop
  endfacet
  facet normal -0.751966 0 0.659202
    outer loop
      vertex -13.494 0 -20.616
      vertex -13.3 3.25 -20.3947
      vertex -13.494 3.25 -20.616
    endloop
  endfacet
  facet normal -0.751966 0 0.659202
    outer loop
      vertex -13.3 3.25 -20.3947
      vertex -13.494 0 -20.616
      vertex -13.3 0 -20.3947
    endloop
  endfacet
  facet normal -0.442042 0 0.896995
    outer loop
      vertex -14.224 3.25 -21.1037
      vertex -13.96 0 -20.9736
      vertex -13.96 3.25 -20.9736
    endloop
  endfacet
  facet normal -0.442042 0 0.896995
    outer loop
      vertex -13.96 0 -20.9736
      vertex -14.224 3.25 -21.1037
      vertex -14.224 0 -21.1037
    endloop
  endfacet
  facet normal -0.321421 0 0.946936
    outer loop
      vertex -14.5027 3.25 -21.1983
      vertex -14.224 0 -21.1037
      vertex -14.224 3.25 -21.1037
    endloop
  endfacet
  facet normal -0.321421 0 0.946936
    outer loop
      vertex -14.224 0 -21.1037
      vertex -14.5027 3.25 -21.1983
      vertex -14.5027 0 -21.1983
    endloop
  endfacet
  facet normal -0.195397 0 0.980724
    outer loop
      vertex -14.7913 3.25 -21.2558
      vertex -14.5027 0 -21.1983
      vertex -14.5027 3.25 -21.1983
    endloop
  endfacet
  facet normal -0.195397 0 0.980724
    outer loop
      vertex -14.5027 0 -21.1983
      vertex -14.7913 3.25 -21.2558
      vertex -14.7913 0 -21.2558
    endloop
  endfacet
  facet normal 0.980724 -0 0.195397
    outer loop
      vertex -17.3158 0 -19.3187
      vertex -17.2583 3.25 -19.6073
      vertex -17.3158 3.25 -19.3187
    endloop
  endfacet
  facet normal 0.980724 0 0.195397
    outer loop
      vertex -17.2583 3.25 -19.6073
      vertex -17.3158 0 -19.3187
      vertex -17.2583 0 -19.6073
    endloop
  endfacet
  facet normal 0.751966 -0 0.659202
    outer loop
      vertex -16.87 0 -20.3947
      vertex -16.676 3.25 -20.616
      vertex -16.87 3.25 -20.3947
    endloop
  endfacet
  facet normal 0.751966 0 0.659202
    outer loop
      vertex -16.676 3.25 -20.616
      vertex -16.87 0 -20.3947
      vertex -16.676 0 -20.616
    endloop
  endfacet
  facet normal 0.442042 0 0.896995
    outer loop
      vertex -16.21 3.25 -20.9736
      vertex -15.946 0 -21.1037
      vertex -15.946 3.25 -21.1037
    endloop
  endfacet
  facet normal 0.442042 0 0.896995
    outer loop
      vertex -15.946 0 -21.1037
      vertex -16.21 3.25 -20.9736
      vertex -16.21 0 -20.9736
    endloop
  endfacet
  facet normal 0.195397 0 0.980724
    outer loop
      vertex -15.6673 3.25 -21.1983
      vertex -15.3787 0 -21.2558
      vertex -15.3787 3.25 -21.2558
    endloop
  endfacet
  facet normal 0.195397 0 0.980724
    outer loop
      vertex -15.3787 0 -21.2558
      vertex -15.6673 3.25 -21.1983
      vertex -15.6673 0 -21.1983
    endloop
  endfacet
  facet normal -0.99787 0 -0.0652336
    outer loop
      vertex -12.835 0 -19.025
      vertex -12.8542 3.25 -18.7313
      vertex -12.835 3.25 -19.025
    endloop
  endfacet
  facet normal -0.99787 -0 -0.0652336
    outer loop
      vertex -12.8542 3.25 -18.7313
      vertex -12.835 0 -19.025
      vertex -12.8542 0 -18.7313
    endloop
  endfacet
  facet normal -0.321421 0 -0.946936
    outer loop
      vertex -14.5027 0 -16.8517
      vertex -14.224 3.25 -16.9463
      vertex -14.224 0 -16.9463
    endloop
  endfacet
  facet normal -0.321421 0 -0.946936
    outer loop
      vertex -14.224 3.25 -16.9463
      vertex -14.5027 0 -16.8517
      vertex -14.5027 3.25 -16.8517
    endloop
  endfacet
  facet normal -0.442042 0 -0.896995
    outer loop
      vertex -14.224 0 -16.9463
      vertex -13.96 3.25 -17.0764
      vertex -13.96 0 -17.0764
    endloop
  endfacet
  facet normal -0.442042 0 -0.896995
    outer loop
      vertex -13.96 3.25 -17.0764
      vertex -14.224 0 -16.9463
      vertex -14.224 3.25 -16.9463
    endloop
  endfacet
  facet normal -0.751966 0 -0.659202
    outer loop
      vertex -13.3 0 -17.6553
      vertex -13.494 3.25 -17.434
      vertex -13.3 3.25 -17.6553
    endloop
  endfacet
  facet normal -0.751966 -0 -0.659202
    outer loop
      vertex -13.494 3.25 -17.434
      vertex -13.3 0 -17.6553
      vertex -13.494 0 -17.434
    endloop
  endfacet
  facet normal 0.19507 0 -0.980789
    outer loop
      vertex -15.6673 0 -16.8517
      vertex -15.3787 3.25 -16.7943
      vertex -15.3787 0 -16.7943
    endloop
  endfacet
  facet normal 0.19507 0 -0.980789
    outer loop
      vertex -15.3787 3.25 -16.7943
      vertex -15.6673 0 -16.8517
      vertex -15.6673 3.25 -16.8517
    endloop
  endfacet
  facet normal 0.659202 0 -0.751966
    outer loop
      vertex -16.676 0 -17.434
      vertex -16.4547 3.25 -17.24
      vertex -16.4547 0 -17.24
    endloop
  endfacet
  facet normal 0.659202 0 -0.751966
    outer loop
      vertex -16.4547 3.25 -17.24
      vertex -16.676 0 -17.434
      vertex -16.676 3.25 -17.434
    endloop
  endfacet
  facet normal 0.896995 0 -0.442042
    outer loop
      vertex -17.0336 0 -17.9
      vertex -17.1637 3.25 -18.164
      vertex -17.0336 3.25 -17.9
    endloop
  endfacet
  facet normal 0.896995 0 -0.442042
    outer loop
      vertex -17.1637 3.25 -18.164
      vertex -17.0336 0 -17.9
      vertex -17.1637 0 -18.164
    endloop
  endfacet
  facet normal -0.980724 0 0.195397
    outer loop
      vertex -12.9117 0 -19.6073
      vertex -12.8542 3.25 -19.3187
      vertex -12.9117 3.25 -19.6073
    endloop
  endfacet
  facet normal -0.980724 0 0.195397
    outer loop
      vertex -12.8542 3.25 -19.3187
      vertex -12.9117 0 -19.6073
      vertex -12.8542 0 -19.3187
    endloop
  endfacet
  facet normal -0.946936 0 0.321421
    outer loop
      vertex -13.0063 0 -19.886
      vertex -12.9117 3.25 -19.6073
      vertex -13.0063 3.25 -19.886
    endloop
  endfacet
  facet normal -0.946936 0 0.321421
    outer loop
      vertex -12.9117 3.25 -19.6073
      vertex -13.0063 0 -19.886
      vertex -12.9117 0 -19.6073
    endloop
  endfacet
  facet normal -0.555797 0 0.831318
    outer loop
      vertex -13.96 3.25 -20.9736
      vertex -13.7153 0 -20.81
      vertex -13.7153 3.25 -20.81
    endloop
  endfacet
  facet normal -0.555797 0 0.831318
    outer loop
      vertex -13.7153 0 -20.81
      vertex -13.96 3.25 -20.9736
      vertex -13.96 0 -20.9736
    endloop
  endfacet
  facet normal -0.0652336 0 0.99787
    outer loop
      vertex -15.085 3.25 -21.275
      vertex -14.7913 0 -21.2558
      vertex -14.7913 3.25 -21.2558
    endloop
  endfacet
  facet normal -0.0652336 0 0.99787
    outer loop
      vertex -14.7913 0 -21.2558
      vertex -15.085 3.25 -21.275
      vertex -15.085 0 -21.275
    endloop
  endfacet
  facet normal 0.99787 -0 0.0652336
    outer loop
      vertex -17.335 0 -19.025
      vertex -17.3158 3.25 -19.3187
      vertex -17.335 3.25 -19.025
    endloop
  endfacet
  facet normal 0.99787 0 0.0652336
    outer loop
      vertex -17.3158 3.25 -19.3187
      vertex -17.335 0 -19.025
      vertex -17.3158 0 -19.3187
    endloop
  endfacet
  facet normal 0.831318 -0 0.555797
    outer loop
      vertex -17.0336 0 -20.15
      vertex -16.87 3.25 -20.3947
      vertex -17.0336 3.25 -20.15
    endloop
  endfacet
  facet normal 0.831318 0 0.555797
    outer loop
      vertex -16.87 3.25 -20.3947
      vertex -17.0336 0 -20.15
      vertex -16.87 0 -20.3947
    endloop
  endfacet
  facet normal 0.0652336 0 0.99787
    outer loop
      vertex -15.3787 3.25 -21.2558
      vertex -15.085 0 -21.275
      vertex -15.085 3.25 -21.275
    endloop
  endfacet
  facet normal 0.0652336 0 0.99787
    outer loop
      vertex -15.085 0 -21.275
      vertex -15.3787 3.25 -21.2558
      vertex -15.3787 0 -21.2558
    endloop
  endfacet
  facet normal 0.555797 0 0.831318
    outer loop
      vertex -16.4547 3.25 -20.81
      vertex -16.21 0 -20.9736
      vertex -16.21 3.25 -20.9736
    endloop
  endfacet
  facet normal 0.555797 0 0.831318
    outer loop
      vertex -16.21 0 -20.9736
      vertex -16.4547 3.25 -20.81
      vertex -16.4547 0 -20.81
    endloop
  endfacet
  facet normal 0.659202 0 0.751966
    outer loop
      vertex -16.676 3.25 -20.616
      vertex -16.4547 0 -20.81
      vertex -16.4547 3.25 -20.81
    endloop
  endfacet
  facet normal 0.659202 0 0.751966
    outer loop
      vertex -16.4547 0 -20.81
      vertex -16.676 3.25 -20.616
      vertex -16.676 0 -20.616
    endloop
  endfacet
  facet normal -0.99787 0 0.0652336
    outer loop
      vertex -12.8542 0 -19.3187
      vertex -12.835 3.25 -19.025
      vertex -12.8542 3.25 -19.3187
    endloop
  endfacet
  facet normal -0.99787 0 0.0652336
    outer loop
      vertex -12.835 3.25 -19.025
      vertex -12.8542 0 -19.3187
      vertex -12.835 0 -19.025
    endloop
  endfacet
  facet normal -0.0655719 0 -0.997848
    outer loop
      vertex -15.085 0 -16.775
      vertex -14.7913 3.25 -16.7943
      vertex -14.7913 0 -16.7943
    endloop
  endfacet
  facet normal -0.0655719 0 -0.997848
    outer loop
      vertex -14.7913 3.25 -16.7943
      vertex -15.085 0 -16.775
      vertex -15.085 3.25 -16.775
    endloop
  endfacet
  facet normal -0.946936 0 -0.321421
    outer loop
      vertex -12.9117 0 -18.4427
      vertex -13.0063 3.25 -18.164
      vertex -12.9117 3.25 -18.4427
    endloop
  endfacet
  facet normal -0.946936 -0 -0.321421
    outer loop
      vertex -13.0063 3.25 -18.164
      vertex -12.9117 0 -18.4427
      vertex -13.0063 0 -18.164
    endloop
  endfacet
  facet normal -0.555797 0 -0.831318
    outer loop
      vertex -13.96 0 -17.0764
      vertex -13.7153 3.25 -17.24
      vertex -13.7153 0 -17.24
    endloop
  endfacet
  facet normal -0.555797 0 -0.831318
    outer loop
      vertex -13.7153 3.25 -17.24
      vertex -13.96 0 -17.0764
      vertex -13.96 3.25 -17.0764
    endloop
  endfacet
  facet normal -0.896995 0 -0.442042
    outer loop
      vertex -13.0063 0 -18.164
      vertex -13.1364 3.25 -17.9
      vertex -13.0063 3.25 -18.164
    endloop
  endfacet
  facet normal -0.896995 -0 -0.442042
    outer loop
      vertex -13.1364 3.25 -17.9
      vertex -13.0063 0 -18.164
      vertex -13.1364 0 -17.9
    endloop
  endfacet
  facet normal 0.442042 0 -0.896995
    outer loop
      vertex -16.21 0 -17.0764
      vertex -15.946 3.25 -16.9463
      vertex -15.946 0 -16.9463
    endloop
  endfacet
  facet normal 0.442042 0 -0.896995
    outer loop
      vertex -15.946 3.25 -16.9463
      vertex -16.21 0 -17.0764
      vertex -16.21 3.25 -17.0764
    endloop
  endfacet
  facet normal 0.946936 0 -0.321421
    outer loop
      vertex -17.1637 0 -18.164
      vertex -17.2583 3.25 -18.4427
      vertex -17.1637 3.25 -18.164
    endloop
  endfacet
  facet normal 0.946936 0 -0.321421
    outer loop
      vertex -17.2583 3.25 -18.4427
      vertex -17.1637 0 -18.164
      vertex -17.2583 0 -18.4427
    endloop
  endfacet
  facet normal 0.99787 0 -0.0652336
    outer loop
      vertex -17.3158 0 -18.7313
      vertex -17.335 3.25 -19.025
      vertex -17.3158 3.25 -18.7313
    endloop
  endfacet
  facet normal 0.99787 0 -0.0652336
    outer loop
      vertex -17.335 3.25 -19.025
      vertex -17.3158 0 -18.7313
      vertex -17.335 0 -19.025
    endloop
  endfacet
  facet normal 0.831318 0 -0.555797
    outer loop
      vertex -16.87 0 -17.6553
      vertex -17.0336 3.25 -17.9
      vertex -16.87 3.25 -17.6553
    endloop
  endfacet
  facet normal 0.831318 0 -0.555797
    outer loop
      vertex -17.0336 3.25 -17.9
      vertex -16.87 0 -17.6553
      vertex -17.0336 0 -17.9
    endloop
  endfacet
  facet normal -0.980724 0 -0.195397
    outer loop
      vertex -12.8542 0 -18.7313
      vertex -12.9117 3.25 -18.4427
      vertex -12.8542 3.25 -18.7313
    endloop
  endfacet
  facet normal -0.980724 -0 -0.195397
    outer loop
      vertex -12.9117 3.25 -18.4427
      vertex -12.8542 0 -18.7313
      vertex -12.9117 0 -18.4427
    endloop
  endfacet
  facet normal -0.19507 0 -0.980789
    outer loop
      vertex -14.7913 0 -16.7943
      vertex -14.5027 3.25 -16.8517
      vertex -14.5027 0 -16.8517
    endloop
  endfacet
  facet normal -0.19507 0 -0.980789
    outer loop
      vertex -14.5027 3.25 -16.8517
      vertex -14.7913 0 -16.7943
      vertex -14.7913 3.25 -16.7943
    endloop
  endfacet
  facet normal -0.659202 0 -0.751966
    outer loop
      vertex -13.7153 0 -17.24
      vertex -13.494 3.25 -17.434
      vertex -13.494 0 -17.434
    endloop
  endfacet
  facet normal -0.659202 0 -0.751966
    outer loop
      vertex -13.494 3.25 -17.434
      vertex -13.7153 0 -17.24
      vertex -13.7153 3.25 -17.24
    endloop
  endfacet
  facet normal -0.831318 0 -0.555797
    outer loop
      vertex -13.1364 0 -17.9
      vertex -13.3 3.25 -17.6553
      vertex -13.1364 3.25 -17.9
    endloop
  endfacet
  facet normal -0.831318 -0 -0.555797
    outer loop
      vertex -13.3 3.25 -17.6553
      vertex -13.1364 0 -17.9
      vertex -13.3 0 -17.6553
    endloop
  endfacet
  facet normal 0.0655719 0 -0.997848
    outer loop
      vertex -15.3787 0 -16.7943
      vertex -15.085 3.25 -16.775
      vertex -15.085 0 -16.775
    endloop
  endfacet
  facet normal 0.0655719 0 -0.997848
    outer loop
      vertex -15.085 3.25 -16.775
      vertex -15.3787 0 -16.7943
      vertex -15.3787 3.25 -16.7943
    endloop
  endfacet
  facet normal 0.555797 0 -0.831318
    outer loop
      vertex -16.4547 0 -17.24
      vertex -16.21 3.25 -17.0764
      vertex -16.21 0 -17.0764
    endloop
  endfacet
  facet normal 0.555797 0 -0.831318
    outer loop
      vertex -16.21 3.25 -17.0764
      vertex -16.4547 0 -17.24
      vertex -16.4547 3.25 -17.24
    endloop
  endfacet
  facet normal 0.980724 0 -0.195397
    outer loop
      vertex -17.2583 0 -18.4427
      vertex -17.3158 3.25 -18.7313
      vertex -17.2583 3.25 -18.4427
    endloop
  endfacet
  facet normal 0.980724 0 -0.195397
    outer loop
      vertex -17.3158 3.25 -18.7313
      vertex -17.2583 0 -18.4427
      vertex -17.3158 0 -18.7313
    endloop
  endfacet
  facet normal 0.751966 0 -0.659202
    outer loop
      vertex -16.676 0 -17.434
      vertex -16.87 3.25 -17.6553
      vertex -16.676 3.25 -17.434
    endloop
  endfacet
  facet normal 0.751966 0 -0.659202
    outer loop
      vertex -16.87 3.25 -17.6553
      vertex -16.676 0 -17.434
      vertex -16.87 0 -17.6553
    endloop
  endfacet
  facet normal -0.642901 0.704745 -0.300021
    outer loop
      vertex -13.0063 3.25 -18.164
      vertex -11.4093 4.99 -17.4989
      vertex -11.4079 4.99 -17.5019
    endloop
  endfacet
  facet normal -0.636736 0.704348 -0.313785
    outer loop
      vertex -11.4093 4.99 -17.4989
      vertex -13.0063 3.25 -18.164
      vertex -13.1364 3.25 -17.9
    endloop
  endfacet
  facet normal -0.708358 0.704328 0.0463822
    outer loop
      vertex -11.1049 4.99 -19.025
      vertex -11.1387 4.99 -19.5412
      vertex -12.835 3.25 -19.025
    endloop
  endfacet
  facet normal -0.708694 0.704207 0.0429511
    outer loop
      vertex -12.8542 3.25 -19.3187
      vertex -11.1387 4.99 -19.5412
      vertex -11.1389 4.99 -19.5445
    endloop
  endfacet
  facet normal -0.708372 0.704319 0.0463083
    outer loop
      vertex -11.1387 4.99 -19.5412
      vertex -12.8542 3.25 -19.3187
      vertex -12.835 3.25 -19.025
    endloop
  endfacet
  facet normal 0.636678 0.704328 -0.313948
    outer loop
      vertex -18.5319 4.99 -17.0349
      vertex -17.0336 3.25 -17.9
      vertex -18.7607 4.99 -17.4989
    endloop
  endfacet
  facet normal -0.590113 0.70435 0.394534
    outer loop
      vertex -11.9255 4.99 -21.4452
      vertex -13.3 3.25 -20.3947
      vertex -13.1364 3.25 -20.15
    endloop
  endfacet
  facet normal -0.580169 0.704785 0.408267
    outer loop
      vertex -13.3 3.25 -20.3947
      vertex -11.9255 4.99 -21.4452
      vertex -11.9274 4.99 -21.4479
    endloop
  endfacet
  facet normal 0.313948 0.704328 0.636678
    outer loop
      vertex -16.21 3.25 -20.9736
      vertex -16.6111 4.99 -22.7007
      vertex -17.0751 4.99 -22.4719
    endloop
  endfacet
  facet normal -0.708358 0.704328 -0.0463822
    outer loop
      vertex -11.1387 4.99 -18.5088
      vertex -11.1049 4.99 -19.025
      vertex -12.835 3.25 -19.025
    endloop
  endfacet
  facet normal -0.696228 0.704337 -0.138477
    outer loop
      vertex -11.2405 4.99 -17.9949
      vertex -11.1396 4.99 -18.5022
      vertex -12.9117 3.25 -18.4427
    endloop
  endfacet
  facet normal -0.533746 0.704334 -0.468005
    outer loop
      vertex -12.2706 4.99 -16.2106
      vertex -11.9296 4.99 -16.5995
      vertex -13.494 3.25 -17.434
    endloop
  endfacet
  facet normal -0.636678 0.704328 -0.313948
    outer loop
      vertex -11.6381 4.99 -17.0349
      vertex -11.4093 4.99 -17.4989
      vertex -13.1364 3.25 -17.9
    endloop
  endfacet
  facet normal -0.0429499 0.704228 -0.708674
    outer loop
      vertex -14.7913 3.25 -16.7943
      vertex -14.5688 4.99 -15.0787
      vertex -14.5655 4.99 -15.0789
    endloop
  endfacet
  facet normal -0.0465466 0.704347 -0.708328
    outer loop
      vertex -14.5688 4.99 -15.0787
      vertex -14.7913 3.25 -16.7943
      vertex -15.085 3.25 -16.775
    endloop
  endfacet
  facet normal 0.138477 0.704337 -0.696228
    outer loop
      vertex -15.6078 4.99 -15.0796
      vertex -15.6673 3.25 -16.8517
      vertex -16.1151 4.99 -15.1805
    endloop
  endfacet
  facet normal 0.696209 0.70431 -0.138711
    outer loop
      vertex -17.3158 3.25 -18.7313
      vertex -19.0304 4.99 -18.5022
      vertex -17.2583 3.25 -18.4427
    endloop
  endfacet
  facet normal 0.69474 0.704002 -0.147369
    outer loop
      vertex -19.0304 4.99 -18.5022
      vertex -17.3158 3.25 -18.7313
      vertex -19.0311 4.99 -18.5055
    endloop
  endfacet
  facet normal 0.590228 0.70433 0.3944
    outer loop
      vertex -17.0336 3.25 -20.15
      vertex -18.2445 4.99 -21.4452
      vertex -18.5319 4.99 -21.0151
    endloop
  endfacet
  facet normal -0.672187 0.704328 -0.228225
    outer loop
      vertex -11.4079 4.99 -17.5019
      vertex -11.2416 4.99 -17.9917
      vertex -13.0063 3.25 -18.164
    endloop
  endfacet
  facet normal -0.671397 0.704245 -0.230793
    outer loop
      vertex -12.9117 3.25 -18.4427
      vertex -11.2416 4.99 -17.9917
      vertex -11.2405 4.99 -17.9949
    endloop
  endfacet
  facet normal -0.672199 0.704335 -0.228167
    outer loop
      vertex -11.2416 4.99 -17.9917
      vertex -12.9117 3.25 -18.4427
      vertex -13.0063 3.25 -18.164
    endloop
  endfacet
  facet normal -0.708372 0.704319 -0.0463083
    outer loop
      vertex -12.8542 3.25 -18.7313
      vertex -11.1387 4.99 -18.5088
      vertex -12.835 3.25 -19.025
    endloop
  endfacet
  facet normal -0.708694 0.704207 -0.0429511
    outer loop
      vertex -11.1387 4.99 -18.5088
      vertex -12.8542 3.25 -18.7313
      vertex -11.1389 4.99 -18.5055
    endloop
  endfacet
  facet normal -0.590228 0.70433 -0.3944
    outer loop
      vertex -11.9255 4.99 -16.6048
      vertex -11.6381 4.99 -17.0349
      vertex -13.1364 3.25 -17.9
    endloop
  endfacet
  facet normal -0.54164 0.704683 -0.458311
    outer loop
      vertex -13.3 3.25 -17.6553
      vertex -11.9296 4.99 -16.5995
      vertex -11.9274 4.99 -16.6021
    endloop
  endfacet
  facet normal -0.53379 0.704343 -0.467941
    outer loop
      vertex -11.9296 4.99 -16.5995
      vertex -13.3 3.25 -17.6553
      vertex -13.494 3.25 -17.434
    endloop
  endfacet
  facet normal -0.0463822 0.704328 -0.708358
    outer loop
      vertex -15.085 4.99 -15.0449
      vertex -14.5688 4.99 -15.0787
      vertex -15.085 3.25 -16.775
    endloop
  endfacet
  facet normal -0.313948 0.704328 -0.636678
    outer loop
      vertex -13.5589 4.99 -15.3493
      vertex -13.0949 4.99 -15.5781
      vertex -13.96 3.25 -17.0764
    endloop
  endfacet
  facet normal 0.590228 0.70433 -0.3944
    outer loop
      vertex -18.2445 4.99 -16.6048
      vertex -17.0336 3.25 -17.9
      vertex -18.5319 4.99 -17.0349
    endloop
  endfacet
  facet normal -0.408267 0.704785 0.580169
    outer loop
      vertex -12.6648 4.99 -22.1845
      vertex -13.7153 3.25 -20.81
      vertex -12.6621 4.99 -22.1826
    endloop
  endfacet
  facet normal -0.394534 0.70435 0.590113
    outer loop
      vertex -13.7153 3.25 -20.81
      vertex -12.6648 4.99 -22.1845
      vertex -13.96 3.25 -20.9736
    endloop
  endfacet
  facet normal 0.138711 0.70431 0.696209
    outer loop
      vertex -15.3787 3.25 -21.2558
      vertex -15.6078 4.99 -22.9704
      vertex -15.6673 3.25 -21.1983
    endloop
  endfacet
  facet normal 0.147369 0.704002 0.69474
    outer loop
      vertex -15.6078 4.99 -22.9704
      vertex -15.3787 3.25 -21.2558
      vertex -15.6045 4.99 -22.9711
    endloop
  endfacet
  facet normal 0.53379 0.704343 0.467941
    outer loop
      vertex -18.2404 4.99 -21.4505
      vertex -16.87 3.25 -20.3947
      vertex -16.676 3.25 -20.616
    endloop
  endfacet
  facet normal 0.54164 0.704683 0.458311
    outer loop
      vertex -16.87 3.25 -20.3947
      vertex -18.2404 4.99 -21.4505
      vertex -18.2426 4.99 -21.4479
    endloop
  endfacet
  facet normal 0.708372 0.704319 0.0463083
    outer loop
      vertex -17.3158 3.25 -19.3187
      vertex -19.0313 4.99 -19.5412
      vertex -17.335 3.25 -19.025
    endloop
  endfacet
  facet normal 0.708694 0.704207 0.0429511
    outer loop
      vertex -19.0313 4.99 -19.5412
      vertex -17.3158 3.25 -19.3187
      vertex -19.0311 4.99 -19.5445
    endloop
  endfacet
  facet normal -0.69474 0.704002 -0.147369
    outer loop
      vertex -12.8542 3.25 -18.7313
      vertex -11.1396 4.99 -18.5022
      vertex -11.1389 4.99 -18.5055
    endloop
  endfacet
  facet normal -0.696209 0.70431 -0.138711
    outer loop
      vertex -11.1396 4.99 -18.5022
      vertex -12.8542 3.25 -18.7313
      vertex -12.9117 3.25 -18.4427
    endloop
  endfacet
  facet normal -0.580169 0.704785 -0.408267
    outer loop
      vertex -11.9255 4.99 -16.6048
      vertex -13.3 3.25 -17.6553
      vertex -11.9274 4.99 -16.6021
    endloop
  endfacet
  facet normal -0.590113 0.70435 -0.394534
    outer loop
      vertex -13.3 3.25 -17.6553
      vertex -11.9255 4.99 -16.6048
      vertex -13.1364 3.25 -17.9
    endloop
  endfacet
  facet normal -0.228225 0.704328 -0.672187
    outer loop
      vertex -14.0517 4.99 -15.1816
      vertex -13.5619 4.99 -15.3479
      vertex -14.224 3.25 -16.9463
    endloop
  endfacet
  facet normal -0.468005 0.704334 -0.533746
    outer loop
      vertex -12.6595 4.99 -15.8696
      vertex -12.2706 4.99 -16.2106
      vertex -13.494 3.25 -17.434
    endloop
  endfacet
  facet normal 0.672187 0.704328 -0.228225
    outer loop
      vertex -18.7621 4.99 -17.5019
      vertex -17.1637 3.25 -18.164
      vertex -18.9284 4.99 -17.9917
    endloop
  endfacet
  facet normal 0.696228 0.704337 -0.138477
    outer loop
      vertex -18.9295 4.99 -17.9949
      vertex -17.2583 3.25 -18.4427
      vertex -19.0304 4.99 -18.5022
    endloop
  endfacet
  facet normal 0.53379 0.704343 -0.467941
    outer loop
      vertex -16.87 3.25 -17.6553
      vertex -18.2404 4.99 -16.5995
      vertex -16.676 3.25 -17.434
    endloop
  endfacet
  facet normal 0.54164 0.704683 -0.458311
    outer loop
      vertex -18.2404 4.99 -16.5995
      vertex -16.87 3.25 -17.6553
      vertex -18.2426 4.99 -16.6021
    endloop
  endfacet
  facet normal 0.394534 0.70435 -0.590113
    outer loop
      vertex -16.4547 3.25 -17.24
      vertex -17.5052 4.99 -15.8655
      vertex -16.21 3.25 -17.0764
    endloop
  endfacet
  facet normal 0.408267 0.704785 -0.580169
    outer loop
      vertex -17.5052 4.99 -15.8655
      vertex -16.4547 3.25 -17.24
      vertex -17.5079 4.99 -15.8674
    endloop
  endfacet
  facet normal 0.580169 0.704785 -0.408267
    outer loop
      vertex -16.87 3.25 -17.6553
      vertex -18.2445 4.99 -16.6048
      vertex -18.2426 4.99 -16.6021
    endloop
  endfacet
  facet normal 0.590113 0.70435 -0.394534
    outer loop
      vertex -18.2445 4.99 -16.6048
      vertex -16.87 3.25 -17.6553
      vertex -17.0336 3.25 -17.9
    endloop
  endfacet
  facet normal 0.0465466 0.704347 -0.708328
    outer loop
      vertex -15.3787 3.25 -16.7943
      vertex -15.6012 4.99 -15.0787
      vertex -15.085 3.25 -16.775
    endloop
  endfacet
  facet normal 0.0429499 0.704228 -0.708674
    outer loop
      vertex -15.6012 4.99 -15.0787
      vertex -15.3787 3.25 -16.7943
      vertex -15.6045 4.99 -15.0789
    endloop
  endfacet
  facet normal 0.230793 0.704245 -0.671397
    outer loop
      vertex -15.6673 3.25 -16.8517
      vertex -16.1183 4.99 -15.1816
      vertex -16.1151 4.99 -15.1805
    endloop
  endfacet
  facet normal 0.228167 0.704335 -0.672199
    outer loop
      vertex -16.1183 4.99 -15.1816
      vertex -15.6673 3.25 -16.8517
      vertex -15.946 3.25 -16.9463
    endloop
  endfacet
  facet normal 0.0463822 0.704328 -0.708358
    outer loop
      vertex -15.085 4.99 -15.0449
      vertex -15.085 3.25 -16.775
      vertex -15.6012 4.99 -15.0787
    endloop
  endfacet
  facet normal 0.313948 0.704328 -0.636678
    outer loop
      vertex -16.6111 4.99 -15.3493
      vertex -16.21 3.25 -17.0764
      vertex -17.0751 4.99 -15.5781
    endloop
  endfacet
  facet normal 0.228225 0.704328 0.672187
    outer loop
      vertex -15.946 3.25 -21.1037
      vertex -16.1183 4.99 -22.8684
      vertex -16.6081 4.99 -22.7021
    endloop
  endfacet
  facet normal 0.138477 0.704337 0.696228
    outer loop
      vertex -15.6673 3.25 -21.1983
      vertex -15.6078 4.99 -22.9704
      vertex -16.1151 4.99 -22.8695
    endloop
  endfacet
  facet normal 0.467941 0.704343 0.53379
    outer loop
      vertex -16.4547 3.25 -20.81
      vertex -17.5105 4.99 -22.1804
      vertex -16.676 3.25 -20.616
    endloop
  endfacet
  facet normal 0.458311 0.704683 0.54164
    outer loop
      vertex -17.5105 4.99 -22.1804
      vertex -16.4547 3.25 -20.81
      vertex -17.5079 4.99 -22.1826
    endloop
  endfacet
  facet normal 0.3944 0.70433 0.590228
    outer loop
      vertex -16.21 3.25 -20.9736
      vertex -17.0751 4.99 -22.4719
      vertex -17.5052 4.99 -22.1845
    endloop
  endfacet
  facet normal 0.590113 0.70435 0.394534
    outer loop
      vertex -16.87 3.25 -20.3947
      vertex -18.2445 4.99 -21.4452
      vertex -17.0336 3.25 -20.15
    endloop
  endfacet
  facet normal 0.580169 0.704785 0.408267
    outer loop
      vertex -18.2445 4.99 -21.4452
      vertex -16.87 3.25 -20.3947
      vertex -18.2426 4.99 -21.4479
    endloop
  endfacet
  facet normal 0.672199 0.704335 0.228167
    outer loop
      vertex -18.9284 4.99 -20.0583
      vertex -17.2583 3.25 -19.6073
      vertex -17.1637 3.25 -19.886
    endloop
  endfacet
  facet normal 0.671397 0.704245 0.230793
    outer loop
      vertex -17.2583 3.25 -19.6073
      vertex -18.9284 4.99 -20.0583
      vertex -18.9295 4.99 -20.0551
    endloop
  endfacet
  facet normal 0.708694 0.704207 -0.0429511
    outer loop
      vertex -17.3158 3.25 -18.7313
      vertex -19.0313 4.99 -18.5088
      vertex -19.0311 4.99 -18.5055
    endloop
  endfacet
  facet normal 0.708372 0.704319 -0.0463083
    outer loop
      vertex -19.0313 4.99 -18.5088
      vertex -17.3158 3.25 -18.7313
      vertex -17.335 3.25 -19.025
    endloop
  endfacet
  facet normal -0.138477 0.704337 -0.696228
    outer loop
      vertex -14.0549 4.99 -15.1805
      vertex -14.5027 3.25 -16.8517
      vertex -14.5622 4.99 -15.0796
    endloop
  endfacet
  facet normal -0.230793 0.704245 -0.671397
    outer loop
      vertex -14.0517 4.99 -15.1816
      vertex -14.5027 3.25 -16.8517
      vertex -14.0549 4.99 -15.1805
    endloop
  endfacet
  facet normal -0.228167 0.704335 -0.672199
    outer loop
      vertex -14.5027 3.25 -16.8517
      vertex -14.0517 4.99 -15.1816
      vertex -14.224 3.25 -16.9463
    endloop
  endfacet
  facet normal -0.147365 0.704022 -0.69472
    outer loop
      vertex -14.5622 4.99 -15.0796
      vertex -14.7913 3.25 -16.7943
      vertex -14.5655 4.99 -15.0789
    endloop
  endfacet
  facet normal -0.138474 0.704337 -0.696228
    outer loop
      vertex -14.7913 3.25 -16.7943
      vertex -14.5622 4.99 -15.0796
      vertex -14.5027 3.25 -16.8517
    endloop
  endfacet
  facet normal -0.300021 0.704745 -0.642901
    outer loop
      vertex -13.5589 4.99 -15.3493
      vertex -14.224 3.25 -16.9463
      vertex -13.5619 4.99 -15.3479
    endloop
  endfacet
  facet normal -0.313785 0.704348 -0.636736
    outer loop
      vertex -14.224 3.25 -16.9463
      vertex -13.5589 4.99 -15.3493
      vertex -13.96 3.25 -17.0764
    endloop
  endfacet
  facet normal -0.3944 0.70433 -0.590228
    outer loop
      vertex -13.0949 4.99 -15.5781
      vertex -12.6648 4.99 -15.8655
      vertex -13.96 3.25 -17.0764
    endloop
  endfacet
  facet normal -0.458311 0.704683 -0.54164
    outer loop
      vertex -12.6595 4.99 -15.8696
      vertex -13.7153 3.25 -17.24
      vertex -12.6621 4.99 -15.8674
    endloop
  endfacet
  facet normal -0.467941 0.704343 -0.53379
    outer loop
      vertex -13.7153 3.25 -17.24
      vertex -12.6595 4.99 -15.8696
      vertex -13.494 3.25 -17.434
    endloop
  endfacet
  facet normal -0.408267 0.704785 -0.580169
    outer loop
      vertex -13.7153 3.25 -17.24
      vertex -12.6648 4.99 -15.8655
      vertex -12.6621 4.99 -15.8674
    endloop
  endfacet
  facet normal -0.394534 0.70435 -0.590113
    outer loop
      vertex -12.6648 4.99 -15.8655
      vertex -13.7153 3.25 -17.24
      vertex -13.96 3.25 -17.0764
    endloop
  endfacet
  facet normal 0.672199 0.704335 -0.228167
    outer loop
      vertex -17.2583 3.25 -18.4427
      vertex -18.9284 4.99 -17.9917
      vertex -17.1637 3.25 -18.164
    endloop
  endfacet
  facet normal 0.671397 0.704245 -0.230793
    outer loop
      vertex -18.9284 4.99 -17.9917
      vertex -17.2583 3.25 -18.4427
      vertex -18.9295 4.99 -17.9949
    endloop
  endfacet
  facet normal 0.468005 0.704334 -0.533746
    outer loop
      vertex -17.5105 4.99 -15.8696
      vertex -16.676 3.25 -17.434
      vertex -17.8994 4.99 -16.2106
    endloop
  endfacet
  facet normal 0.458311 0.704683 -0.54164
    outer loop
      vertex -16.4547 3.25 -17.24
      vertex -17.5105 4.99 -15.8696
      vertex -17.5079 4.99 -15.8674
    endloop
  endfacet
  facet normal 0.467941 0.704343 -0.53379
    outer loop
      vertex -17.5105 4.99 -15.8696
      vertex -16.4547 3.25 -17.24
      vertex -16.676 3.25 -17.434
    endloop
  endfacet
  facet normal 0.147365 0.704022 -0.69472
    outer loop
      vertex -15.3787 3.25 -16.7943
      vertex -15.6078 4.99 -15.0796
      vertex -15.6045 4.99 -15.0789
    endloop
  endfacet
  facet normal 0.138474 0.704337 -0.696228
    outer loop
      vertex -15.6078 4.99 -15.0796
      vertex -15.3787 3.25 -16.7943
      vertex -15.6673 3.25 -16.8517
    endloop
  endfacet
  facet normal 0.228225 0.704328 -0.672187
    outer loop
      vertex -16.1183 4.99 -15.1816
      vertex -15.946 3.25 -16.9463
      vertex -16.6081 4.99 -15.3479
    endloop
  endfacet
  facet normal 0.300021 0.704745 -0.642901
    outer loop
      vertex -15.946 3.25 -16.9463
      vertex -16.6111 4.99 -15.3493
      vertex -16.6081 4.99 -15.3479
    endloop
  endfacet
  facet normal 0.313785 0.704348 -0.636736
    outer loop
      vertex -16.6111 4.99 -15.3493
      vertex -15.946 3.25 -16.9463
      vertex -16.21 3.25 -17.0764
    endloop
  endfacet
  facet normal 0.3944 0.70433 -0.590228
    outer loop
      vertex -17.0751 4.99 -15.5781
      vertex -16.21 3.25 -17.0764
      vertex -17.5052 4.99 -15.8655
    endloop
  endfacet
  facet normal -0.636678 0.704328 0.313948
    outer loop
      vertex -11.4093 4.99 -20.5511
      vertex -11.6381 4.99 -21.0151
      vertex -13.1364 3.25 -20.15
    endloop
  endfacet
  facet normal -0.468005 0.704334 0.533746
    outer loop
      vertex -12.2706 4.99 -21.8394
      vertex -12.6595 4.99 -22.1804
      vertex -13.494 3.25 -20.616
    endloop
  endfacet
  facet normal -0.138477 0.704337 0.696228
    outer loop
      vertex -14.5027 3.25 -21.1983
      vertex -14.0549 4.99 -22.8695
      vertex -14.5622 4.99 -22.9704
    endloop
  endfacet
  facet normal -0.313785 0.704348 0.636736
    outer loop
      vertex -13.5589 4.99 -22.7007
      vertex -14.224 3.25 -21.1037
      vertex -13.96 3.25 -20.9736
    endloop
  endfacet
  facet normal -0.300021 0.704745 0.642901
    outer loop
      vertex -14.224 3.25 -21.1037
      vertex -13.5589 4.99 -22.7007
      vertex -13.5619 4.99 -22.7021
    endloop
  endfacet
  facet normal -0.228225 0.704328 0.672187
    outer loop
      vertex -13.5619 4.99 -22.7021
      vertex -14.0517 4.99 -22.8684
      vertex -14.224 3.25 -21.1037
    endloop
  endfacet
  facet normal 0.228167 0.704335 0.672199
    outer loop
      vertex -15.6673 3.25 -21.1983
      vertex -16.1183 4.99 -22.8684
      vertex -15.946 3.25 -21.1037
    endloop
  endfacet
  facet normal 0.230793 0.704245 0.671397
    outer loop
      vertex -16.1183 4.99 -22.8684
      vertex -15.6673 3.25 -21.1983
      vertex -16.1151 4.99 -22.8695
    endloop
  endfacet
  facet normal 0.468005 0.704334 0.533746
    outer loop
      vertex -16.676 3.25 -20.616
      vertex -17.5105 4.99 -22.1804
      vertex -17.8994 4.99 -21.8394
    endloop
  endfacet
  facet normal 0.533746 0.704334 0.468005
    outer loop
      vertex -16.676 3.25 -20.616
      vertex -17.8994 4.99 -21.8394
      vertex -18.2404 4.99 -21.4505
    endloop
  endfacet
  facet normal 0.394534 0.70435 0.590113
    outer loop
      vertex -17.5052 4.99 -22.1845
      vertex -16.4547 3.25 -20.81
      vertex -16.21 3.25 -20.9736
    endloop
  endfacet
  facet normal 0.408267 0.704785 0.580169
    outer loop
      vertex -16.4547 3.25 -20.81
      vertex -17.5052 4.99 -22.1845
      vertex -17.5079 4.99 -22.1826
    endloop
  endfacet
  facet normal 0.636678 0.704328 0.313948
    outer loop
      vertex -17.0336 3.25 -20.15
      vertex -18.5319 4.99 -21.0151
      vertex -18.7607 4.99 -20.5511
    endloop
  endfacet
  facet normal 0.696228 0.704337 0.138477
    outer loop
      vertex -17.2583 3.25 -19.6073
      vertex -18.9295 4.99 -20.0551
      vertex -19.0304 4.99 -19.5478
    endloop
  endfacet
  facet normal 0.708358 0.704328 -0.0463822
    outer loop
      vertex -19.0313 4.99 -18.5088
      vertex -17.335 3.25 -19.025
      vertex -19.0651 4.99 -19.025
    endloop
  endfacet
  facet normal 0.708358 0.704328 0.0463822
    outer loop
      vertex -17.335 3.25 -19.025
      vertex -19.0313 4.99 -19.5412
      vertex -19.0651 4.99 -19.025
    endloop
  endfacet
  facet normal 0.636736 0.704348 -0.313785
    outer loop
      vertex -17.1637 3.25 -18.164
      vertex -18.7607 4.99 -17.4989
      vertex -17.0336 3.25 -17.9
    endloop
  endfacet
  facet normal 0.642901 0.704745 -0.300021
    outer loop
      vertex -18.7607 4.99 -17.4989
      vertex -17.1637 3.25 -18.164
      vertex -18.7621 4.99 -17.5019
    endloop
  endfacet
  facet normal 0.533746 0.704334 -0.468005
    outer loop
      vertex -17.8994 4.99 -16.2106
      vertex -16.676 3.25 -17.434
      vertex -18.2404 4.99 -16.5995
    endloop
  endfacet
  facet normal -0.671397 0.704245 0.230793
    outer loop
      vertex -11.2416 4.99 -20.0583
      vertex -12.9117 3.25 -19.6073
      vertex -11.2405 4.99 -20.0551
    endloop
  endfacet
  facet normal -0.672199 0.704335 0.228167
    outer loop
      vertex -12.9117 3.25 -19.6073
      vertex -11.2416 4.99 -20.0583
      vertex -13.0063 3.25 -19.886
    endloop
  endfacet
  facet normal -0.590228 0.70433 0.3944
    outer loop
      vertex -11.6381 4.99 -21.0151
      vertex -11.9255 4.99 -21.4452
      vertex -13.1364 3.25 -20.15
    endloop
  endfacet
  facet normal -0.642901 0.704745 0.300021
    outer loop
      vertex -11.4093 4.99 -20.5511
      vertex -13.0063 3.25 -19.886
      vertex -11.4079 4.99 -20.5481
    endloop
  endfacet
  facet normal -0.636736 0.704348 0.313785
    outer loop
      vertex -13.0063 3.25 -19.886
      vertex -11.4093 4.99 -20.5511
      vertex -13.1364 3.25 -20.15
    endloop
  endfacet
  facet normal -0.0463822 0.704328 0.708358
    outer loop
      vertex -14.5688 4.99 -22.9713
      vertex -15.085 4.99 -23.0051
      vertex -15.085 3.25 -21.275
    endloop
  endfacet
  facet normal 0.313785 0.704348 0.636736
    outer loop
      vertex -15.946 3.25 -21.1037
      vertex -16.6111 4.99 -22.7007
      vertex -16.21 3.25 -20.9736
    endloop
  endfacet
  facet normal 0.300021 0.704745 0.642901
    outer loop
      vertex -16.6111 4.99 -22.7007
      vertex -15.946 3.25 -21.1037
      vertex -16.6081 4.99 -22.7021
    endloop
  endfacet
  facet normal 0.672187 0.704328 0.228225
    outer loop
      vertex -17.1637 3.25 -19.886
      vertex -18.7621 4.99 -20.5481
      vertex -18.9284 4.99 -20.0583
    endloop
  endfacet
  facet normal 0.636736 0.704348 0.313785
    outer loop
      vertex -18.7607 4.99 -20.5511
      vertex -17.1637 3.25 -19.886
      vertex -17.0336 3.25 -20.15
    endloop
  endfacet
  facet normal 0.642901 0.704745 0.300021
    outer loop
      vertex -17.1637 3.25 -19.886
      vertex -18.7607 4.99 -20.5511
      vertex -18.7621 4.99 -20.5481
    endloop
  endfacet
  facet normal -0.533746 0.704334 0.468005
    outer loop
      vertex -11.9296 4.99 -21.4505
      vertex -12.2706 4.99 -21.8394
      vertex -13.494 3.25 -20.616
    endloop
  endfacet
  facet normal -0.54164 0.704683 0.458311
    outer loop
      vertex -11.9296 4.99 -21.4505
      vertex -13.3 3.25 -20.3947
      vertex -11.9274 4.99 -21.4479
    endloop
  endfacet
  facet normal -0.53379 0.704343 0.467941
    outer loop
      vertex -13.3 3.25 -20.3947
      vertex -11.9296 4.99 -21.4505
      vertex -13.494 3.25 -20.616
    endloop
  endfacet
  facet normal -0.672187 0.704328 0.228225
    outer loop
      vertex -11.2416 4.99 -20.0583
      vertex -11.4079 4.99 -20.5481
      vertex -13.0063 3.25 -19.886
    endloop
  endfacet
  facet normal -0.313948 0.704328 0.636678
    outer loop
      vertex -13.0949 4.99 -22.4719
      vertex -13.5589 4.99 -22.7007
      vertex -13.96 3.25 -20.9736
    endloop
  endfacet
  facet normal -0.3944 0.70433 0.590228
    outer loop
      vertex -12.6648 4.99 -22.1845
      vertex -13.0949 4.99 -22.4719
      vertex -13.96 3.25 -20.9736
    endloop
  endfacet
  facet normal 0.0463822 0.704328 0.708358
    outer loop
      vertex -15.085 3.25 -21.275
      vertex -15.085 4.99 -23.0051
      vertex -15.6012 4.99 -22.9713
    endloop
  endfacet
  facet normal 0.69474 0.704002 0.147369
    outer loop
      vertex -17.3158 3.25 -19.3187
      vertex -19.0304 4.99 -19.5478
      vertex -19.0311 4.99 -19.5445
    endloop
  endfacet
  facet normal 0.696209 0.70431 0.138711
    outer loop
      vertex -19.0304 4.99 -19.5478
      vertex -17.3158 3.25 -19.3187
      vertex -17.2583 3.25 -19.6073
    endloop
  endfacet
  facet normal -0.467941 0.704343 0.53379
    outer loop
      vertex -12.6595 4.99 -22.1804
      vertex -13.7153 3.25 -20.81
      vertex -13.494 3.25 -20.616
    endloop
  endfacet
  facet normal -0.458311 0.704683 0.54164
    outer loop
      vertex -13.7153 3.25 -20.81
      vertex -12.6595 4.99 -22.1804
      vertex -12.6621 4.99 -22.1826
    endloop
  endfacet
  facet normal -0.696228 0.704337 0.138477
    outer loop
      vertex -11.1396 4.99 -19.5478
      vertex -11.2405 4.99 -20.0551
      vertex -12.9117 3.25 -19.6073
    endloop
  endfacet
  facet normal -0.69474 0.704002 0.147369
    outer loop
      vertex -11.1396 4.99 -19.5478
      vertex -12.8542 3.25 -19.3187
      vertex -11.1389 4.99 -19.5445
    endloop
  endfacet
  facet normal -0.696209 0.70431 0.138711
    outer loop
      vertex -12.8542 3.25 -19.3187
      vertex -11.1396 4.99 -19.5478
      vertex -12.9117 3.25 -19.6073
    endloop
  endfacet
  facet normal -0.228167 0.704335 0.672199
    outer loop
      vertex -14.0517 4.99 -22.8684
      vertex -14.5027 3.25 -21.1983
      vertex -14.224 3.25 -21.1037
    endloop
  endfacet
  facet normal -0.230793 0.704245 0.671397
    outer loop
      vertex -14.5027 3.25 -21.1983
      vertex -14.0517 4.99 -22.8684
      vertex -14.0549 4.99 -22.8695
    endloop
  endfacet
  facet normal 0.0463083 0.704319 0.708372
    outer loop
      vertex -15.6012 4.99 -22.9713
      vertex -15.3787 3.25 -21.2558
      vertex -15.085 3.25 -21.275
    endloop
  endfacet
  facet normal 0.0429511 0.704207 0.708694
    outer loop
      vertex -15.3787 3.25 -21.2558
      vertex -15.6012 4.99 -22.9713
      vertex -15.6045 4.99 -22.9711
    endloop
  endfacet
  facet normal -0.0429511 0.704207 0.708694
    outer loop
      vertex -14.5688 4.99 -22.9713
      vertex -14.7913 3.25 -21.2558
      vertex -14.5655 4.99 -22.9711
    endloop
  endfacet
  facet normal -0.0463083 0.704319 0.708372
    outer loop
      vertex -14.7913 3.25 -21.2558
      vertex -14.5688 4.99 -22.9713
      vertex -15.085 3.25 -21.275
    endloop
  endfacet
  facet normal -0.138711 0.70431 0.696209
    outer loop
      vertex -14.5622 4.99 -22.9704
      vertex -14.7913 3.25 -21.2558
      vertex -14.5027 3.25 -21.1983
    endloop
  endfacet
  facet normal -0.147369 0.704002 0.69474
    outer loop
      vertex -14.7913 3.25 -21.2558
      vertex -14.5622 4.99 -22.9704
      vertex -14.5655 4.99 -22.9711
    endloop
  endfacet
  facet normal -0.997861 0 0.0653646
    outer loop
      vertex -11.1192 4.99 -19.5471
      vertex -11.085 5 -19.025
      vertex -11.1192 5 -19.5471
    endloop
  endfacet
  facet normal -0.997861 0 0.0653646
    outer loop
      vertex -11.085 5 -19.025
      vertex -11.1192 4.99 -19.5471
      vertex -11.085 4.99 -19.025
    endloop
  endfacet
  facet normal 0.997861 -0 0.0653646
    outer loop
      vertex -19.085 4.99 -19.025
      vertex -19.0508 5 -19.5471
      vertex -19.085 5 -19.025
    endloop
  endfacet
  facet normal 0.997861 0 0.0653646
    outer loop
      vertex -19.0508 5 -19.5471
      vertex -19.085 4.99 -19.025
      vertex -19.0508 4.99 -19.5471
    endloop
  endfacet
  facet normal -0.0653646 0 0.997861
    outer loop
      vertex -15.085 5 -23.025
      vertex -14.5629 4.99 -22.9908
      vertex -14.5629 5 -22.9908
    endloop
  endfacet
  facet normal -0.0653646 0 0.997861
    outer loop
      vertex -14.5629 4.99 -22.9908
      vertex -15.085 5 -23.025
      vertex -15.085 4.99 -23.025
    endloop
  endfacet
  facet normal 0.751842 0 -0.659343
    outer loop
      vertex -17.9134 4.99 -16.1966
      vertex -18.2584 5 -16.59
      vertex -17.9134 5 -16.1966
    endloop
  endfacet
  facet normal 0.751842 0 -0.659343
    outer loop
      vertex -18.2584 5 -16.59
      vertex -17.9134 4.99 -16.1966
      vertex -18.2584 4.99 -16.59
    endloop
  endfacet
  facet normal -0.659343 0 0.751842
    outer loop
      vertex -12.65 5 -22.1984
      vertex -12.2566 4.99 -21.8534
      vertex -12.2566 5 -21.8534
    endloop
  endfacet
  facet normal -0.659343 0 0.751842
    outer loop
      vertex -12.2566 4.99 -21.8534
      vertex -12.65 5 -22.1984
      vertex -12.65 4.99 -22.1984
    endloop
  endfacet
  facet normal 0.659343 0 0.751842
    outer loop
      vertex -17.9134 5 -21.8534
      vertex -17.52 4.99 -22.1984
      vertex -17.52 5 -22.1984
    endloop
  endfacet
  facet normal 0.659343 0 0.751842
    outer loop
      vertex -17.52 4.99 -22.1984
      vertex -17.9134 5 -21.8534
      vertex -17.9134 4.99 -21.8534
    endloop
  endfacet
  facet normal 0.321498 0 0.94691
    outer loop
      vertex -16.6157 5 -22.7205
      vertex -16.1203 4.99 -22.8887
      vertex -16.1203 5 -22.8887
    endloop
  endfacet
  facet normal 0.321498 0 0.94691
    outer loop
      vertex -16.1203 4.99 -22.8887
      vertex -16.6157 5 -22.7205
      vertex -16.6157 4.99 -22.7205
    endloop
  endfacet
  facet normal 0 1 -0
    outer loop
      vertex -14.5688 4.99 -15.0787
      vertex -15.085 4.99 -15.025
      vertex -14.5629 4.99 -15.0592
    endloop
  endfacet
  facet normal 0 1 0
    outer loop
      vertex -15.085 4.99 -15.025
      vertex -14.5688 4.99 -15.0787
      vertex -15.085 4.99 -15.0449
    endloop
  endfacet
  facet normal 0 1 0
    outer loop
      vertex -14.5629 4.99 -15.0592
      vertex -14.5655 4.99 -15.0789
      vertex -14.5688 4.99 -15.0787
    endloop
  endfacet
  facet normal 0 1 0
    outer loop
      vertex -14.5629 4.99 -15.0592
      vertex -14.5622 4.99 -15.0796
      vertex -14.5655 4.99 -15.0789
    endloop
  endfacet
  facet normal 0 1 0
    outer loop
      vertex -14.0497 4.99 -15.1613
      vertex -14.5622 4.99 -15.0796
      vertex -14.5629 4.99 -15.0592
    endloop
  endfacet
  facet normal 0 1 0
    outer loop
      vertex -14.0497 4.99 -15.1613
      vertex -14.0549 4.99 -15.1805
      vertex -14.5622 4.99 -15.0796
    endloop
  endfacet
  facet normal 0 1 0
    outer loop
      vertex -14.0497 4.99 -15.1613
      vertex -14.0517 4.99 -15.1816
      vertex -14.0549 4.99 -15.1805
    endloop
  endfacet
  facet normal 0 1 0
    outer loop
      vertex -13.5543 4.99 -15.3295
      vertex -14.0517 4.99 -15.1816
      vertex -14.0497 4.99 -15.1613
    endloop
  endfacet
  facet normal 0 1 0
    outer loop
      vertex -13.5543 4.99 -15.3295
      vertex -13.5619 4.99 -15.3479
      vertex -14.0517 4.99 -15.1816
    endloop
  endfacet
  facet normal 0 1 0
    outer loop
      vertex -13.5543 4.99 -15.3295
      vertex -13.5589 4.99 -15.3493
      vertex -13.5619 4.99 -15.3479
    endloop
  endfacet
  facet normal 0 1 0
    outer loop
      vertex -13.085 4.99 -15.5609
      vertex -13.5589 4.99 -15.3493
      vertex -13.5543 4.99 -15.3295
    endloop
  endfacet
  facet normal 0 1 0
    outer loop
      vertex -13.085 4.99 -15.5609
      vertex -13.0949 4.99 -15.5781
      vertex -13.5589 4.99 -15.3493
    endloop
  endfacet
  facet normal 0 1 -0
    outer loop
      vertex -12.6648 4.99 -15.8655
      vertex -13.085 4.99 -15.5609
      vertex -12.65 4.99 -15.8516
    endloop
  endfacet
  facet normal 0 1 0
    outer loop
      vertex -13.085 4.99 -15.5609
      vertex -12.6648 4.99 -15.8655
      vertex -13.0949 4.99 -15.5781
    endloop
  endfacet
  facet normal 0 1 0
    outer loop
      vertex -12.65 4.99 -15.8516
      vertex -12.6621 4.99 -15.8674
      vertex -12.6648 4.99 -15.8655
    endloop
  endfacet
  facet normal 0 1 0
    outer loop
      vertex -12.65 4.99 -15.8516
      vertex -12.6595 4.99 -15.8696
      vertex -12.6621 4.99 -15.8674
    endloop
  endfacet
  facet normal 0 1 0
    outer loop
      vertex -12.2566 4.99 -16.1966
      vertex -12.6595 4.99 -15.8696
      vertex -12.65 4.99 -15.8516
    endloop
  endfacet
  facet normal 0 1 0
    outer loop
      vertex -12.2566 4.99 -16.1966
      vertex -12.2706 4.99 -16.2106
      vertex -12.6595 4.99 -15.8696
    endloop
  endfacet
  facet normal 0 1 -0
    outer loop
      vertex -11.9296 4.99 -16.5995
      vertex -12.2566 4.99 -16.1966
      vertex -11.9116 4.99 -16.59
    endloop
  endfacet
  facet normal 0 1 0
    outer loop
      vertex -12.2566 4.99 -16.1966
      vertex -11.9296 4.99 -16.5995
      vertex -12.2706 4.99 -16.2106
    endloop
  endfacet
  facet normal 0 1 0
    outer loop
      vertex -11.9116 4.99 -16.59
      vertex -11.9274 4.99 -16.6021
      vertex -11.9296 4.99 -16.5995
    endloop
  endfacet
  facet normal 0 1 0
    outer loop
      vertex -11.9116 4.99 -16.59
      vertex -11.9255 4.99 -16.6048
      vertex -11.9274 4.99 -16.6021
    endloop
  endfacet
  facet normal 0 1 0
    outer loop
      vertex -11.6209 4.99 -17.025
      vertex -11.9255 4.99 -16.6048
      vertex -11.9116 4.99 -16.59
    endloop
  endfacet
  facet normal 0 1 0
    outer loop
      vertex -11.6209 4.99 -17.025
      vertex -11.6381 4.99 -17.0349
      vertex -11.9255 4.99 -16.6048
    endloop
  endfacet
  facet normal 0 1 -0
    outer loop
      vertex -11.4093 4.99 -17.4989
      vertex -11.6209 4.99 -17.025
      vertex -11.3895 4.99 -17.4943
    endloop
  endfacet
  facet normal 0 1 0
    outer loop
      vertex -11.6209 4.99 -17.025
      vertex -11.4093 4.99 -17.4989
      vertex -11.6381 4.99 -17.0349
    endloop
  endfacet
  facet normal 0 1 0
    outer loop
      vertex -11.3895 4.99 -17.4943
      vertex -11.4079 4.99 -17.5019
      vertex -11.4093 4.99 -17.4989
    endloop
  endfacet
  facet normal 0 1 -0
    outer loop
      vertex -11.2416 4.99 -17.9917
      vertex -11.3895 4.99 -17.4943
      vertex -11.2213 4.99 -17.9897
    endloop
  endfacet
  facet normal 0 1 0
    outer loop
      vertex -11.3895 4.99 -17.4943
      vertex -11.2416 4.99 -17.9917
      vertex -11.4079 4.99 -17.5019
    endloop
  endfacet
  facet normal 0 1 0
    outer loop
      vertex -11.2213 4.99 -17.9897
      vertex -11.2405 4.99 -17.9949
      vertex -11.2416 4.99 -17.9917
    endloop
  endfacet
  facet normal 0 1 0
    outer loop
      vertex -11.2213 4.99 -17.9897
      vertex -11.1396 4.99 -18.5022
      vertex -11.2405 4.99 -17.9949
    endloop
  endfacet
  facet normal 0 1 0
    outer loop
      vertex -11.1192 4.99 -18.5029
      vertex -11.1396 4.99 -18.5022
      vertex -11.2213 4.99 -17.9897
    endloop
  endfacet
  facet normal 0 1 0
    outer loop
      vertex -11.1192 4.99 -18.5029
      vertex -11.1389 4.99 -18.5055
      vertex -11.1396 4.99 -18.5022
    endloop
  endfacet
  facet normal 0 1 0
    outer loop
      vertex -11.1192 4.99 -18.5029
      vertex -11.1387 4.99 -18.5088
      vertex -11.1389 4.99 -18.5055
    endloop
  endfacet
  facet normal 0 1 0
    outer loop
      vertex -11.085 4.99 -19.025
      vertex -11.1387 4.99 -18.5088
      vertex -11.1192 4.99 -18.5029
    endloop
  endfacet
  facet normal 0 1 0
    outer loop
      vertex -11.085 4.99 -19.025
      vertex -11.1049 4.99 -19.025
      vertex -11.1387 4.99 -18.5088
    endloop
  endfacet
  facet normal 0 1 0
    outer loop
      vertex -11.085 4.99 -19.025
      vertex -11.1387 4.99 -19.5412
      vertex -11.1049 4.99 -19.025
    endloop
  endfacet
  facet normal 0 1 -0
    outer loop
      vertex -11.1192 4.99 -19.5471
      vertex -11.1387 4.99 -19.5412
      vertex -11.085 4.99 -19.025
    endloop
  endfacet
  facet normal 0 1 0
    outer loop
      vertex -11.1387 4.99 -19.5412
      vertex -11.1192 4.99 -19.5471
      vertex -11.1389 4.99 -19.5445
    endloop
  endfacet
  facet normal 0 1 0
    outer loop
      vertex -11.1192 4.99 -19.5471
      vertex -11.1396 4.99 -19.5478
      vertex -11.1389 4.99 -19.5445
    endloop
  endfacet
  facet normal 0 1 0
    outer loop
      vertex -11.2213 4.99 -20.0603
      vertex -11.1396 4.99 -19.5478
      vertex -11.1192 4.99 -19.5471
    endloop
  endfacet
  facet normal 0 1 0
    outer loop
      vertex -11.1396 4.99 -19.5478
      vertex -11.2213 4.99 -20.0603
      vertex -11.2405 4.99 -20.0551
    endloop
  endfacet
  facet normal 0 1 0
    outer loop
      vertex -11.2213 4.99 -20.0603
      vertex -11.2416 4.99 -20.0583
      vertex -11.2405 4.99 -20.0551
    endloop
  endfacet
  facet normal 0 1 0
    outer loop
      vertex -11.3895 4.99 -20.5557
      vertex -11.2416 4.99 -20.0583
      vertex -11.2213 4.99 -20.0603
    endloop
  endfacet
  facet normal 0 1 0
    outer loop
      vertex -11.2416 4.99 -20.0583
      vertex -11.3895 4.99 -20.5557
      vertex -11.4079 4.99 -20.5481
    endloop
  endfacet
  facet normal 0 1 0
    outer loop
      vertex -11.3895 4.99 -20.5557
      vertex -11.4093 4.99 -20.5511
      vertex -11.4079 4.99 -20.5481
    endloop
  endfacet
  facet normal 0 1 0
    outer loop
      vertex -11.6209 4.99 -21.025
      vertex -11.4093 4.99 -20.5511
      vertex -11.3895 4.99 -20.5557
    endloop
  endfacet
  facet normal 0 1 0
    outer loop
      vertex -11.4093 4.99 -20.5511
      vertex -11.6209 4.99 -21.025
      vertex -11.6381 4.99 -21.0151
    endloop
  endfacet
  facet normal 0 1 0
    outer loop
      vertex -11.6209 4.99 -21.025
      vertex -11.9255 4.99 -21.4452
      vertex -11.6381 4.99 -21.0151
    endloop
  endfacet
  facet normal 0 1 -0
    outer loop
      vertex -11.9116 4.99 -21.46
      vertex -11.9255 4.99 -21.4452
      vertex -11.6209 4.99 -21.025
    endloop
  endfacet
  facet normal 0 1 0
    outer loop
      vertex -11.9255 4.99 -21.4452
      vertex -11.9116 4.99 -21.46
      vertex -11.9274 4.99 -21.4479
    endloop
  endfacet
  facet normal 0 1 0
    outer loop
      vertex -11.9116 4.99 -21.46
      vertex -11.9296 4.99 -21.4505
      vertex -11.9274 4.99 -21.4479
    endloop
  endfacet
  facet normal 0 1 0
    outer loop
      vertex -12.2566 4.99 -21.8534
      vertex -11.9296 4.99 -21.4505
      vertex -11.9116 4.99 -21.46
    endloop
  endfacet
  facet normal 0 1 0
    outer loop
      vertex -11.9296 4.99 -21.4505
      vertex -12.2566 4.99 -21.8534
      vertex -12.2706 4.99 -21.8394
    endloop
  endfacet
  facet normal 0 1 0
    outer loop
      vertex -12.2566 4.99 -21.8534
      vertex -12.6595 4.99 -22.1804
      vertex -12.2706 4.99 -21.8394
    endloop
  endfacet
  facet normal 0 1 -0
    outer loop
      vertex -12.65 4.99 -22.1984
      vertex -12.6595 4.99 -22.1804
      vertex -12.2566 4.99 -21.8534
    endloop
  endfacet
  facet normal 0 1 0
    outer loop
      vertex -12.6595 4.99 -22.1804
      vertex -12.65 4.99 -22.1984
      vertex -12.6621 4.99 -22.1826
    endloop
  endfacet
  facet normal 0 1 0
    outer loop
      vertex -12.65 4.99 -22.1984
      vertex -12.6648 4.99 -22.1845
      vertex -12.6621 4.99 -22.1826
    endloop
  endfacet
  facet normal 0 1 0
    outer loop
      vertex -13.085 4.99 -22.4891
      vertex -12.6648 4.99 -22.1845
      vertex -12.65 4.99 -22.1984
    endloop
  endfacet
  facet normal 0 1 0
    outer loop
      vertex -12.6648 4.99 -22.1845
      vertex -13.085 4.99 -22.4891
      vertex -13.0949 4.99 -22.4719
    endloop
  endfacet
  facet normal 0 1 0
    outer loop
      vertex -13.085 4.99 -22.4891
      vertex -13.5589 4.99 -22.7007
      vertex -13.0949 4.99 -22.4719
    endloop
  endfacet
  facet normal 0 1 -0
    outer loop
      vertex -13.5543 4.99 -22.7205
      vertex -13.5589 4.99 -22.7007
      vertex -13.085 4.99 -22.4891
    endloop
  endfacet
  facet normal 0 1 0
    outer loop
      vertex -13.5589 4.99 -22.7007
      vertex -13.5543 4.99 -22.7205
      vertex -13.5619 4.99 -22.7021
    endloop
  endfacet
  facet normal 0 1 0
    outer loop
      vertex -13.5543 4.99 -22.7205
      vertex -14.0517 4.99 -22.8684
      vertex -13.5619 4.99 -22.7021
    endloop
  endfacet
  facet normal 0 1 -0
    outer loop
      vertex -14.0497 4.99 -22.8887
      vertex -14.0517 4.99 -22.8684
      vertex -13.5543 4.99 -22.7205
    endloop
  endfacet
  facet normal 0 1 0
    outer loop
      vertex -14.0517 4.99 -22.8684
      vertex -14.0497 4.99 -22.8887
      vertex -14.0549 4.99 -22.8695
    endloop
  endfacet
  facet normal 0 1 0
    outer loop
      vertex -14.0497 4.99 -22.8887
      vertex -14.5622 4.99 -22.9704
      vertex -14.0549 4.99 -22.8695
    endloop
  endfacet
  facet normal 0 1 0
    outer loop
      vertex -14.5629 4.99 -22.9908
      vertex -14.5622 4.99 -22.9704
      vertex -14.0497 4.99 -22.8887
    endloop
  endfacet
  facet normal 0 1 0
    outer loop
      vertex -14.5622 4.99 -22.9704
      vertex -14.5629 4.99 -22.9908
      vertex -14.5655 4.99 -22.9711
    endloop
  endfacet
  facet normal 0 1 0
    outer loop
      vertex -14.5629 4.99 -22.9908
      vertex -14.5688 4.99 -22.9713
      vertex -14.5655 4.99 -22.9711
    endloop
  endfacet
  facet normal 0 1 0
    outer loop
      vertex -15.085 4.99 -23.025
      vertex -14.5688 4.99 -22.9713
      vertex -14.5629 4.99 -22.9908
    endloop
  endfacet
  facet normal 0 1 0
    outer loop
      vertex -14.5688 4.99 -22.9713
      vertex -15.085 4.99 -23.025
      vertex -15.085 4.99 -23.0051
    endloop
  endfacet
  facet normal 0 1 0
    outer loop
      vertex -15.6012 4.99 -15.0787
      vertex -15.085 4.99 -15.025
      vertex -15.085 4.99 -15.0449
    endloop
  endfacet
  facet normal 0 1 0
    outer loop
      vertex -15.085 4.99 -15.025
      vertex -15.6012 4.99 -15.0787
      vertex -15.6071 4.99 -15.0592
    endloop
  endfacet
  facet normal 0 1 -0
    outer loop
      vertex -15.6045 4.99 -15.0789
      vertex -15.6071 4.99 -15.0592
      vertex -15.6012 4.99 -15.0787
    endloop
  endfacet
  facet normal 0 1 0
    outer loop
      vertex -15.6078 4.99 -15.0796
      vertex -15.6071 4.99 -15.0592
      vertex -15.6045 4.99 -15.0789
    endloop
  endfacet
  facet normal 0 1 -0
    outer loop
      vertex -15.6078 4.99 -15.0796
      vertex -16.1203 4.99 -15.1613
      vertex -15.6071 4.99 -15.0592
    endloop
  endfacet
  facet normal 0 1 -0
    outer loop
      vertex -16.1151 4.99 -15.1805
      vertex -16.1203 4.99 -15.1613
      vertex -15.6078 4.99 -15.0796
    endloop
  endfacet
  facet normal 0 1 -0
    outer loop
      vertex -16.1183 4.99 -15.1816
      vertex -16.1203 4.99 -15.1613
      vertex -16.1151 4.99 -15.1805
    endloop
  endfacet
  facet normal 0 1 0
    outer loop
      vertex -16.1183 4.99 -15.1816
      vertex -16.6157 4.99 -15.3295
      vertex -16.1203 4.99 -15.1613
    endloop
  endfacet
  facet normal 0 1 -0
    outer loop
      vertex -16.6081 4.99 -15.3479
      vertex -16.6157 4.99 -15.3295
      vertex -16.1183 4.99 -15.1816
    endloop
  endfacet
  facet normal 0 1 -0
    outer loop
      vertex -16.6111 4.99 -15.3493
      vertex -16.6157 4.99 -15.3295
      vertex -16.6081 4.99 -15.3479
    endloop
  endfacet
  facet normal 0 1 0
    outer loop
      vertex -16.6111 4.99 -15.3493
      vertex -17.085 4.99 -15.5609
      vertex -16.6157 4.99 -15.3295
    endloop
  endfacet
  facet normal 0 1 -0
    outer loop
      vertex -17.0751 4.99 -15.5781
      vertex -17.085 4.99 -15.5609
      vertex -16.6111 4.99 -15.3493
    endloop
  endfacet
  facet normal 0 1 0
    outer loop
      vertex -17.5052 4.99 -15.8655
      vertex -17.085 4.99 -15.5609
      vertex -17.0751 4.99 -15.5781
    endloop
  endfacet
  facet normal 0 1 0
    outer loop
      vertex -17.085 4.99 -15.5609
      vertex -17.5052 4.99 -15.8655
      vertex -17.52 4.99 -15.8516
    endloop
  endfacet
  facet normal 0 1 -0
    outer loop
      vertex -17.5079 4.99 -15.8674
      vertex -17.52 4.99 -15.8516
      vertex -17.5052 4.99 -15.8655
    endloop
  endfacet
  facet normal 0 1 -0
    outer loop
      vertex -17.5105 4.99 -15.8696
      vertex -17.52 4.99 -15.8516
      vertex -17.5079 4.99 -15.8674
    endloop
  endfacet
  facet normal 0 1 0
    outer loop
      vertex -17.5105 4.99 -15.8696
      vertex -17.9134 4.99 -16.1966
      vertex -17.52 4.99 -15.8516
    endloop
  endfacet
  facet normal 0 1 -0
    outer loop
      vertex -17.8994 4.99 -16.2106
      vertex -17.9134 4.99 -16.1966
      vertex -17.5105 4.99 -15.8696
    endloop
  endfacet
  facet normal 0 1 0
    outer loop
      vertex -18.2404 4.99 -16.5995
      vertex -17.9134 4.99 -16.1966
      vertex -17.8994 4.99 -16.2106
    endloop
  endfacet
  facet normal 0 1 0
    outer loop
      vertex -17.9134 4.99 -16.1966
      vertex -18.2404 4.99 -16.5995
      vertex -18.2584 4.99 -16.59
    endloop
  endfacet
  facet normal 0 1 -0
    outer loop
      vertex -18.2426 4.99 -16.6021
      vertex -18.2584 4.99 -16.59
      vertex -18.2404 4.99 -16.5995
    endloop
  endfacet
  facet normal 0 1 -0
    outer loop
      vertex -18.2445 4.99 -16.6048
      vertex -18.2584 4.99 -16.59
      vertex -18.2426 4.99 -16.6021
    endloop
  endfacet
  facet normal 0 1 0
    outer loop
      vertex -18.2445 4.99 -16.6048
      vertex -18.5491 4.99 -17.025
      vertex -18.2584 4.99 -16.59
    endloop
  endfacet
  facet normal 0 1 -0
    outer loop
      vertex -18.5319 4.99 -17.0349
      vertex -18.5491 4.99 -17.025
      vertex -18.2445 4.99 -16.6048
    endloop
  endfacet
  facet normal 0 1 0
    outer loop
      vertex -18.7607 4.99 -17.4989
      vertex -18.5491 4.99 -17.025
      vertex -18.5319 4.99 -17.0349
    endloop
  endfacet
  facet normal 0 1 0
    outer loop
      vertex -18.5491 4.99 -17.025
      vertex -18.7607 4.99 -17.4989
      vertex -18.7805 4.99 -17.4943
    endloop
  endfacet
  facet normal 0 1 -0
    outer loop
      vertex -18.7621 4.99 -17.5019
      vertex -18.7805 4.99 -17.4943
      vertex -18.7607 4.99 -17.4989
    endloop
  endfacet
  facet normal 0 1 0
    outer loop
      vertex -18.9284 4.99 -17.9917
      vertex -18.7805 4.99 -17.4943
      vertex -18.7621 4.99 -17.5019
    endloop
  endfacet
  facet normal 0 1 0
    outer loop
      vertex -18.7805 4.99 -17.4943
      vertex -18.9284 4.99 -17.9917
      vertex -18.9487 4.99 -17.9897
    endloop
  endfacet
  facet normal 0 1 -0
    outer loop
      vertex -18.9295 4.99 -17.9949
      vertex -18.9487 4.99 -17.9897
      vertex -18.9284 4.99 -17.9917
    endloop
  endfacet
  facet normal 0 1 0
    outer loop
      vertex -19.0304 4.99 -18.5022
      vertex -18.9487 4.99 -17.9897
      vertex -18.9295 4.99 -17.9949
    endloop
  endfacet
  facet normal 0 1 -0
    outer loop
      vertex -19.0304 4.99 -18.5022
      vertex -19.0508 4.99 -18.5029
      vertex -18.9487 4.99 -17.9897
    endloop
  endfacet
  facet normal 0 1 -0
    outer loop
      vertex -19.0311 4.99 -18.5055
      vertex -19.0508 4.99 -18.5029
      vertex -19.0304 4.99 -18.5022
    endloop
  endfacet
  facet normal 0 1 -0
    outer loop
      vertex -19.0313 4.99 -18.5088
      vertex -19.0508 4.99 -18.5029
      vertex -19.0311 4.99 -18.5055
    endloop
  endfacet
  facet normal 0 1 0
    outer loop
      vertex -19.085 4.99 -19.025
      vertex -19.0313 4.99 -18.5088
      vertex -19.0651 4.99 -19.025
    endloop
  endfacet
  facet normal 0 1 0
    outer loop
      vertex -19.0313 4.99 -18.5088
      vertex -19.085 4.99 -19.025
      vertex -19.0508 4.99 -18.5029
    endloop
  endfacet
  facet normal 0 1 0
    outer loop
      vertex -19.0313 4.99 -19.5412
      vertex -19.085 4.99 -19.025
      vertex -19.0651 4.99 -19.025
    endloop
  endfacet
  facet normal 0 1 0
    outer loop
      vertex -19.0508 4.99 -19.5471
      vertex -19.0313 4.99 -19.5412
      vertex -19.0311 4.99 -19.5445
    endloop
  endfacet
  facet normal 0 1 0
    outer loop
      vertex -19.0313 4.99 -19.5412
      vertex -19.0508 4.99 -19.5471
      vertex -19.085 4.99 -19.025
    endloop
  endfacet
  facet normal 0 1 0
    outer loop
      vertex -19.0304 4.99 -19.5478
      vertex -19.0508 4.99 -19.5471
      vertex -19.0311 4.99 -19.5445
    endloop
  endfacet
  facet normal 0 1 -0
    outer loop
      vertex -18.9487 4.99 -20.0603
      vertex -19.0304 4.99 -19.5478
      vertex -18.9295 4.99 -20.0551
    endloop
  endfacet
  facet normal 0 1 0
    outer loop
      vertex -19.0304 4.99 -19.5478
      vertex -18.9487 4.99 -20.0603
      vertex -19.0508 4.99 -19.5471
    endloop
  endfacet
  facet normal 0 1 0
    outer loop
      vertex -18.9284 4.99 -20.0583
      vertex -18.9487 4.99 -20.0603
      vertex -18.9295 4.99 -20.0551
    endloop
  endfacet
  facet normal 0 1 -0
    outer loop
      vertex -18.7805 4.99 -20.5557
      vertex -18.9284 4.99 -20.0583
      vertex -18.7621 4.99 -20.5481
    endloop
  endfacet
  facet normal 0 1 0
    outer loop
      vertex -18.9284 4.99 -20.0583
      vertex -18.7805 4.99 -20.5557
      vertex -18.9487 4.99 -20.0603
    endloop
  endfacet
  facet normal 0 1 0
    outer loop
      vertex -18.7607 4.99 -20.5511
      vertex -18.7805 4.99 -20.5557
      vertex -18.7621 4.99 -20.5481
    endloop
  endfacet
  facet normal 0 1 -0
    outer loop
      vertex -18.5491 4.99 -21.025
      vertex -18.7607 4.99 -20.5511
      vertex -18.5319 4.99 -21.0151
    endloop
  endfacet
  facet normal 0 1 0
    outer loop
      vertex -18.7607 4.99 -20.5511
      vertex -18.5491 4.99 -21.025
      vertex -18.7805 4.99 -20.5557
    endloop
  endfacet
  facet normal 0 1 0
    outer loop
      vertex -18.2445 4.99 -21.4452
      vertex -18.5491 4.99 -21.025
      vertex -18.5319 4.99 -21.0151
    endloop
  endfacet
  facet normal 0 1 0
    outer loop
      vertex -18.2584 4.99 -21.46
      vertex -18.2445 4.99 -21.4452
      vertex -18.2426 4.99 -21.4479
    endloop
  endfacet
  facet normal 0 1 0
    outer loop
      vertex -18.2445 4.99 -21.4452
      vertex -18.2584 4.99 -21.46
      vertex -18.5491 4.99 -21.025
    endloop
  endfacet
  facet normal 0 1 0
    outer loop
      vertex -18.2404 4.99 -21.4505
      vertex -18.2584 4.99 -21.46
      vertex -18.2426 4.99 -21.4479
    endloop
  endfacet
  facet normal 0 1 -0
    outer loop
      vertex -17.9134 4.99 -21.8534
      vertex -18.2404 4.99 -21.4505
      vertex -17.8994 4.99 -21.8394
    endloop
  endfacet
  facet normal 0 1 0
    outer loop
      vertex -18.2404 4.99 -21.4505
      vertex -17.9134 4.99 -21.8534
      vertex -18.2584 4.99 -21.46
    endloop
  endfacet
  facet normal 0 1 0
    outer loop
      vertex -17.5105 4.99 -22.1804
      vertex -17.9134 4.99 -21.8534
      vertex -17.8994 4.99 -21.8394
    endloop
  endfacet
  facet normal 0 1 0
    outer loop
      vertex -17.52 4.99 -22.1984
      vertex -17.5105 4.99 -22.1804
      vertex -17.5079 4.99 -22.1826
    endloop
  endfacet
  facet normal 0 1 0
    outer loop
      vertex -17.5105 4.99 -22.1804
      vertex -17.52 4.99 -22.1984
      vertex -17.9134 4.99 -21.8534
    endloop
  endfacet
  facet normal 0 1 0
    outer loop
      vertex -17.5052 4.99 -22.1845
      vertex -17.52 4.99 -22.1984
      vertex -17.5079 4.99 -22.1826
    endloop
  endfacet
  facet normal 0 1 -0
    outer loop
      vertex -17.085 4.99 -22.4891
      vertex -17.5052 4.99 -22.1845
      vertex -17.0751 4.99 -22.4719
    endloop
  endfacet
  facet normal 0 1 0
    outer loop
      vertex -17.5052 4.99 -22.1845
      vertex -17.085 4.99 -22.4891
      vertex -17.52 4.99 -22.1984
    endloop
  endfacet
  facet normal 0 1 0
    outer loop
      vertex -16.6111 4.99 -22.7007
      vertex -17.085 4.99 -22.4891
      vertex -17.0751 4.99 -22.4719
    endloop
  endfacet
  facet normal 0 1 0
    outer loop
      vertex -16.6157 4.99 -22.7205
      vertex -16.6111 4.99 -22.7007
      vertex -16.6081 4.99 -22.7021
    endloop
  endfacet
  facet normal 0 1 0
    outer loop
      vertex -16.6111 4.99 -22.7007
      vertex -16.6157 4.99 -22.7205
      vertex -17.085 4.99 -22.4891
    endloop
  endfacet
  facet normal 0 1 0
    outer loop
      vertex -16.1183 4.99 -22.8684
      vertex -16.6157 4.99 -22.7205
      vertex -16.6081 4.99 -22.7021
    endloop
  endfacet
  facet normal 0 1 0
    outer loop
      vertex -16.1203 4.99 -22.8887
      vertex -16.1183 4.99 -22.8684
      vertex -16.1151 4.99 -22.8695
    endloop
  endfacet
  facet normal 0 1 0
    outer loop
      vertex -16.1183 4.99 -22.8684
      vertex -16.1203 4.99 -22.8887
      vertex -16.6157 4.99 -22.7205
    endloop
  endfacet
  facet normal 0 1 0
    outer loop
      vertex -15.6078 4.99 -22.9704
      vertex -16.1203 4.99 -22.8887
      vertex -16.1151 4.99 -22.8695
    endloop
  endfacet
  facet normal 0 1 -0
    outer loop
      vertex -15.6071 4.99 -22.9908
      vertex -15.6078 4.99 -22.9704
      vertex -15.6045 4.99 -22.9711
    endloop
  endfacet
  facet normal 0 1 0
    outer loop
      vertex -15.6078 4.99 -22.9704
      vertex -15.6071 4.99 -22.9908
      vertex -16.1203 4.99 -22.8887
    endloop
  endfacet
  facet normal 0 1 0
    outer loop
      vertex -15.6012 4.99 -22.9713
      vertex -15.6071 4.99 -22.9908
      vertex -15.6045 4.99 -22.9711
    endloop
  endfacet
  facet normal 0 1 -0
    outer loop
      vertex -15.085 4.99 -23.025
      vertex -15.6012 4.99 -22.9713
      vertex -15.085 4.99 -23.0051
    endloop
  endfacet
  facet normal 0 1 0
    outer loop
      vertex -15.6012 4.99 -22.9713
      vertex -15.085 4.99 -23.025
      vertex -15.6071 4.99 -22.9908
    endloop
  endfacet
  facet normal -0.896898 0 0.442238
    outer loop
      vertex -11.6209 4.99 -21.025
      vertex -11.3895 5 -20.5557
      vertex -11.6209 5 -21.025
    endloop
  endfacet
  facet normal -0.896898 0 0.442238
    outer loop
      vertex -11.3895 5 -20.5557
      vertex -11.6209 4.99 -21.025
      vertex -11.3895 4.99 -20.5557
    endloop
  endfacet
  facet normal -0.831432 0 0.555626
    outer loop
      vertex -11.9116 4.99 -21.46
      vertex -11.6209 5 -21.025
      vertex -11.9116 5 -21.46
    endloop
  endfacet
  facet normal -0.831432 0 0.555626
    outer loop
      vertex -11.6209 5 -21.025
      vertex -11.9116 4.99 -21.46
      vertex -11.6209 4.99 -21.025
    endloop
  endfacet
  facet normal -0.442238 0 0.896898
    outer loop
      vertex -13.5543 5 -22.7205
      vertex -13.085 4.99 -22.4891
      vertex -13.085 5 -22.4891
    endloop
  endfacet
  facet normal -0.442238 0 0.896898
    outer loop
      vertex -13.085 4.99 -22.4891
      vertex -13.5543 5 -22.7205
      vertex -13.5543 4.99 -22.7205
    endloop
  endfacet
  facet normal -0.555626 0 0.831432
    outer loop
      vertex -13.085 5 -22.4891
      vertex -12.65 4.99 -22.1984
      vertex -12.65 5 -22.1984
    endloop
  endfacet
  facet normal -0.555626 0 0.831432
    outer loop
      vertex -12.65 4.99 -22.1984
      vertex -13.085 5 -22.4891
      vertex -13.085 4.99 -22.4891
    endloop
  endfacet
  facet normal 0.896898 -0 0.442238
    outer loop
      vertex -18.7805 4.99 -20.5557
      vertex -18.5491 5 -21.025
      vertex -18.7805 5 -20.5557
    endloop
  endfacet
  facet normal 0.896898 0 0.442238
    outer loop
      vertex -18.5491 5 -21.025
      vertex -18.7805 4.99 -20.5557
      vertex -18.5491 4.99 -21.025
    endloop
  endfacet
  facet normal 0.751842 -0 0.659343
    outer loop
      vertex -18.2584 4.99 -21.46
      vertex -17.9134 5 -21.8534
      vertex -18.2584 5 -21.46
    endloop
  endfacet
  facet normal 0.751842 0 0.659343
    outer loop
      vertex -17.9134 5 -21.8534
      vertex -18.2584 4.99 -21.46
      vertex -17.9134 4.99 -21.8534
    endloop
  endfacet
  facet normal 0.0653646 0 0.997861
    outer loop
      vertex -15.6071 5 -22.9908
      vertex -15.085 4.99 -23.025
      vertex -15.085 5 -23.025
    endloop
  endfacet
  facet normal 0.0653646 0 0.997861
    outer loop
      vertex -15.085 4.99 -23.025
      vertex -15.6071 5 -22.9908
      vertex -15.6071 4.99 -22.9908
    endloop
  endfacet
  facet normal -0.94691 0 -0.321498
    outer loop
      vertex -11.2213 4.99 -17.9897
      vertex -11.3895 5 -17.4943
      vertex -11.2213 5 -17.9897
    endloop
  endfacet
  facet normal -0.94691 -0 -0.321498
    outer loop
      vertex -11.3895 5 -17.4943
      vertex -11.2213 4.99 -17.9897
      vertex -11.3895 4.99 -17.4943
    endloop
  endfacet
  facet normal -0.555626 0 -0.831432
    outer loop
      vertex -13.085 4.99 -15.5609
      vertex -12.65 5 -15.8516
      vertex -12.65 4.99 -15.8516
    endloop
  endfacet
  facet normal -0.555626 0 -0.831432
    outer loop
      vertex -12.65 5 -15.8516
      vertex -13.085 4.99 -15.5609
      vertex -13.085 5 -15.5609
    endloop
  endfacet
  facet normal 0.659343 0 -0.751842
    outer loop
      vertex -17.9134 4.99 -16.1966
      vertex -17.52 5 -15.8516
      vertex -17.52 4.99 -15.8516
    endloop
  endfacet
  facet normal 0.659343 0 -0.751842
    outer loop
      vertex -17.52 5 -15.8516
      vertex -17.9134 4.99 -16.1966
      vertex -17.9134 5 -16.1966
    endloop
  endfacet
  facet normal 0.997861 0 -0.0653646
    outer loop
      vertex -19.0508 4.99 -18.5029
      vertex -19.085 5 -19.025
      vertex -19.0508 5 -18.5029
    endloop
  endfacet
  facet normal 0.997861 0 -0.0653646
    outer loop
      vertex -19.085 5 -19.025
      vertex -19.0508 4.99 -18.5029
      vertex -19.085 4.99 -19.025
    endloop
  endfacet
  facet normal -0.94691 0 0.321498
    outer loop
      vertex -11.3895 4.99 -20.5557
      vertex -11.2213 5 -20.0603
      vertex -11.3895 5 -20.5557
    endloop
  endfacet
  facet normal -0.94691 0 0.321498
    outer loop
      vertex -11.2213 5 -20.0603
      vertex -11.3895 4.99 -20.5557
      vertex -11.2213 4.99 -20.0603
    endloop
  endfacet
  facet normal -0.980779 0 0.195124
    outer loop
      vertex -11.2213 4.99 -20.0603
      vertex -11.1192 5 -19.5471
      vertex -11.2213 5 -20.0603
    endloop
  endfacet
  facet normal -0.980779 0 0.195124
    outer loop
      vertex -11.1192 5 -19.5471
      vertex -11.2213 4.99 -20.0603
      vertex -11.1192 4.99 -19.5471
    endloop
  endfacet
  facet normal -0.751842 0 0.659343
    outer loop
      vertex -12.2566 4.99 -21.8534
      vertex -11.9116 5 -21.46
      vertex -12.2566 5 -21.8534
    endloop
  endfacet
  facet normal -0.751842 0 0.659343
    outer loop
      vertex -11.9116 5 -21.46
      vertex -12.2566 4.99 -21.8534
      vertex -11.9116 4.99 -21.46
    endloop
  endfacet
  facet normal -0.321498 0 0.94691
    outer loop
      vertex -14.0497 5 -22.8887
      vertex -13.5543 4.99 -22.7205
      vertex -13.5543 5 -22.7205
    endloop
  endfacet
  facet normal -0.321498 0 0.94691
    outer loop
      vertex -13.5543 4.99 -22.7205
      vertex -14.0497 5 -22.8887
      vertex -14.0497 4.99 -22.8887
    endloop
  endfacet
  facet normal -0.195124 0 0.980779
    outer loop
      vertex -14.5629 5 -22.9908
      vertex -14.0497 4.99 -22.8887
      vertex -14.0497 5 -22.8887
    endloop
  endfacet
  facet normal -0.195124 0 0.980779
    outer loop
      vertex -14.0497 4.99 -22.8887
      vertex -14.5629 5 -22.9908
      vertex -14.5629 4.99 -22.9908
    endloop
  endfacet
  facet normal 0.831432 -0 0.555626
    outer loop
      vertex -18.5491 4.99 -21.025
      vertex -18.2584 5 -21.46
      vertex -18.5491 5 -21.025
    endloop
  endfacet
  facet normal 0.831432 0 0.555626
    outer loop
      vertex -18.2584 5 -21.46
      vertex -18.5491 4.99 -21.025
      vertex -18.2584 4.99 -21.46
    endloop
  endfacet
  facet normal 0.94691 -0 0.321498
    outer loop
      vertex -18.9487 4.99 -20.0603
      vertex -18.7805 5 -20.5557
      vertex -18.9487 5 -20.0603
    endloop
  endfacet
  facet normal 0.94691 0 0.321498
    outer loop
      vertex -18.7805 5 -20.5557
      vertex -18.9487 4.99 -20.0603
      vertex -18.7805 4.99 -20.5557
    endloop
  endfacet
  facet normal 0.980779 -0 0.195124
    outer loop
      vertex -19.0508 4.99 -19.5471
      vertex -18.9487 5 -20.0603
      vertex -19.0508 5 -19.5471
    endloop
  endfacet
  facet normal 0.980779 0 0.195124
    outer loop
      vertex -18.9487 5 -20.0603
      vertex -19.0508 4.99 -19.5471
      vertex -18.9487 4.99 -20.0603
    endloop
  endfacet
  facet normal 0.442238 0 0.896898
    outer loop
      vertex -17.085 5 -22.4891
      vertex -16.6157 4.99 -22.7205
      vertex -16.6157 5 -22.7205
    endloop
  endfacet
  facet normal 0.442238 0 0.896898
    outer loop
      vertex -16.6157 4.99 -22.7205
      vertex -17.085 5 -22.4891
      vertex -17.085 4.99 -22.4891
    endloop
  endfacet
  facet normal 0.555626 0 0.831432
    outer loop
      vertex -17.52 5 -22.1984
      vertex -17.085 4.99 -22.4891
      vertex -17.085 5 -22.4891
    endloop
  endfacet
  facet normal 0.555626 0 0.831432
    outer loop
      vertex -17.085 4.99 -22.4891
      vertex -17.52 5 -22.1984
      vertex -17.52 4.99 -22.1984
    endloop
  endfacet
  facet normal 0.195124 0 0.980779
    outer loop
      vertex -16.1203 5 -22.8887
      vertex -15.6071 4.99 -22.9908
      vertex -15.6071 5 -22.9908
    endloop
  endfacet
  facet normal 0.195124 0 0.980779
    outer loop
      vertex -15.6071 4.99 -22.9908
      vertex -16.1203 5 -22.8887
      vertex -16.1203 4.99 -22.8887
    endloop
  endfacet
  facet normal -0.0653646 0 -0.997861
    outer loop
      vertex -15.085 4.99 -15.025
      vertex -14.5629 5 -15.0592
      vertex -14.5629 4.99 -15.0592
    endloop
  endfacet
  facet normal -0.0653646 0 -0.997861
    outer loop
      vertex -14.5629 5 -15.0592
      vertex -15.085 4.99 -15.025
      vertex -15.085 5 -15.025
    endloop
  endfacet
  facet normal -0.321498 0 -0.94691
    outer loop
      vertex -14.0497 4.99 -15.1613
      vertex -13.5543 5 -15.3295
      vertex -13.5543 4.99 -15.3295
    endloop
  endfacet
  facet normal -0.321498 0 -0.94691
    outer loop
      vertex -13.5543 5 -15.3295
      vertex -14.0497 4.99 -15.1613
      vertex -14.0497 5 -15.1613
    endloop
  endfacet
  facet normal -0.659343 0 -0.751842
    outer loop
      vertex -12.65 4.99 -15.8516
      vertex -12.2566 5 -16.1966
      vertex -12.2566 4.99 -16.1966
    endloop
  endfacet
  facet normal -0.659343 0 -0.751842
    outer loop
      vertex -12.2566 5 -16.1966
      vertex -12.65 4.99 -15.8516
      vertex -12.65 5 -15.8516
    endloop
  endfacet
  facet normal -0.831432 0 -0.555626
    outer loop
      vertex -11.6209 4.99 -17.025
      vertex -11.9116 5 -16.59
      vertex -11.6209 5 -17.025
    endloop
  endfacet
  facet normal -0.831432 -0 -0.555626
    outer loop
      vertex -11.9116 5 -16.59
      vertex -11.6209 4.99 -17.025
      vertex -11.9116 4.99 -16.59
    endloop
  endfacet
  facet normal 0.555626 0 -0.831432
    outer loop
      vertex -17.52 4.99 -15.8516
      vertex -17.085 5 -15.5609
      vertex -17.085 4.99 -15.5609
    endloop
  endfacet
  facet normal 0.555626 0 -0.831432
    outer loop
      vertex -17.085 5 -15.5609
      vertex -17.52 4.99 -15.8516
      vertex -17.52 5 -15.8516
    endloop
  endfacet
  facet normal 0.321498 0 -0.94691
    outer loop
      vertex -16.6157 4.99 -15.3295
      vertex -16.1203 5 -15.1613
      vertex -16.1203 4.99 -15.1613
    endloop
  endfacet
  facet normal 0.321498 0 -0.94691
    outer loop
      vertex -16.1203 5 -15.1613
      vertex -16.6157 4.99 -15.3295
      vertex -16.6157 5 -15.3295
    endloop
  endfacet
  facet normal 0.0653646 0 -0.997861
    outer loop
      vertex -15.6071 4.99 -15.0592
      vertex -15.085 5 -15.025
      vertex -15.085 4.99 -15.025
    endloop
  endfacet
  facet normal 0.0653646 0 -0.997861
    outer loop
      vertex -15.085 5 -15.025
      vertex -15.6071 4.99 -15.0592
      vertex -15.6071 5 -15.0592
    endloop
  endfacet
  facet normal 0.896898 0 -0.442238
    outer loop
      vertex -18.5491 4.99 -17.025
      vertex -18.7805 5 -17.4943
      vertex -18.5491 5 -17.025
    endloop
  endfacet
  facet normal 0.896898 0 -0.442238
    outer loop
      vertex -18.7805 5 -17.4943
      vertex -18.5491 4.99 -17.025
      vertex -18.7805 4.99 -17.4943
    endloop
  endfacet
  facet normal 0.980779 0 -0.195124
    outer loop
      vertex -18.9487 4.99 -17.9897
      vertex -19.0508 5 -18.5029
      vertex -18.9487 5 -17.9897
    endloop
  endfacet
  facet normal 0.980779 0 -0.195124
    outer loop
      vertex -19.0508 5 -18.5029
      vertex -18.9487 4.99 -17.9897
      vertex -19.0508 4.99 -18.5029
    endloop
  endfacet
  facet normal -0.195124 0 -0.980779
    outer loop
      vertex -14.5629 4.99 -15.0592
      vertex -14.0497 5 -15.1613
      vertex -14.0497 4.99 -15.1613
    endloop
  endfacet
  facet normal -0.195124 0 -0.980779
    outer loop
      vertex -14.0497 5 -15.1613
      vertex -14.5629 4.99 -15.0592
      vertex -14.5629 5 -15.0592
    endloop
  endfacet
  facet normal -0.442238 0 -0.896898
    outer loop
      vertex -13.5543 4.99 -15.3295
      vertex -13.085 5 -15.5609
      vertex -13.085 4.99 -15.5609
    endloop
  endfacet
  facet normal -0.442238 0 -0.896898
    outer loop
      vertex -13.085 5 -15.5609
      vertex -13.5543 4.99 -15.3295
      vertex -13.5543 5 -15.3295
    endloop
  endfacet
  facet normal -0.751842 0 -0.659343
    outer loop
      vertex -11.9116 4.99 -16.59
      vertex -12.2566 5 -16.1966
      vertex -11.9116 5 -16.59
    endloop
  endfacet
  facet normal -0.751842 -0 -0.659343
    outer loop
      vertex -12.2566 5 -16.1966
      vertex -11.9116 4.99 -16.59
      vertex -12.2566 4.99 -16.1966
    endloop
  endfacet
  facet normal -0.980779 0 -0.195124
    outer loop
      vertex -11.1192 4.99 -18.5029
      vertex -11.2213 5 -17.9897
      vertex -11.1192 5 -18.5029
    endloop
  endfacet
  facet normal -0.980779 -0 -0.195124
    outer loop
      vertex -11.2213 5 -17.9897
      vertex -11.1192 4.99 -18.5029
      vertex -11.2213 4.99 -17.9897
    endloop
  endfacet
  facet normal -0.896898 0 -0.442238
    outer loop
      vertex -11.3895 4.99 -17.4943
      vertex -11.6209 5 -17.025
      vertex -11.3895 5 -17.4943
    endloop
  endfacet
  facet normal -0.896898 -0 -0.442238
    outer loop
      vertex -11.6209 5 -17.025
      vertex -11.3895 4.99 -17.4943
      vertex -11.6209 4.99 -17.025
    endloop
  endfacet
  facet normal 0.442238 0 -0.896898
    outer loop
      vertex -17.085 4.99 -15.5609
      vertex -16.6157 5 -15.3295
      vertex -16.6157 4.99 -15.3295
    endloop
  endfacet
  facet normal 0.442238 0 -0.896898
    outer loop
      vertex -16.6157 5 -15.3295
      vertex -17.085 4.99 -15.5609
      vertex -17.085 5 -15.5609
    endloop
  endfacet
  facet normal 0.195124 0 -0.980779
    outer loop
      vertex -16.1203 4.99 -15.1613
      vertex -15.6071 5 -15.0592
      vertex -15.6071 4.99 -15.0592
    endloop
  endfacet
  facet normal 0.195124 0 -0.980779
    outer loop
      vertex -15.6071 5 -15.0592
      vertex -16.1203 4.99 -15.1613
      vertex -16.1203 5 -15.1613
    endloop
  endfacet
  facet normal 0.831432 0 -0.555626
    outer loop
      vertex -18.2584 4.99 -16.59
      vertex -18.5491 5 -17.025
      vertex -18.2584 5 -16.59
    endloop
  endfacet
  facet normal 0.831432 0 -0.555626
    outer loop
      vertex -18.5491 5 -17.025
      vertex -18.2584 4.99 -16.59
      vertex -18.5491 4.99 -17.025
    endloop
  endfacet
  facet normal 0.94691 0 -0.321498
    outer loop
      vertex -18.7805 4.99 -17.4943
      vertex -18.9487 5 -17.9897
      vertex -18.7805 5 -17.4943
    endloop
  endfacet
  facet normal 0.94691 0 -0.321498
    outer loop
      vertex -18.9487 5 -17.9897
      vertex -18.7805 4.99 -17.4943
      vertex -18.9487 4.99 -17.9897
    endloop
  endfacet
  facet normal -0.997861 0 -0.0653646
    outer loop
      vertex -11.085 4.99 -19.025
      vertex -11.1192 5 -18.5029
      vertex -11.085 5 -19.025
    endloop
  endfacet
  facet normal -0.997861 -0 -0.0653646
    outer loop
      vertex -11.1192 5 -18.5029
      vertex -11.085 4.99 -19.025
      vertex -11.1192 4.99 -18.5029
    endloop
  endfacet
  facet normal -0.659202 0 0.751966
    outer loop
      vertex -13.7153 3.25 17.24
      vertex -13.494 0 17.434
      vertex -13.494 3.25 17.434
    endloop
  endfacet
  facet normal -0.659202 0 0.751966
    outer loop
      vertex -13.494 0 17.434
      vertex -13.7153 3.25 17.24
      vertex -13.7153 0 17.24
    endloop
  endfacet
  facet normal 0.946936 -0 0.321421
    outer loop
      vertex -17.2583 0 18.4427
      vertex -17.1637 3.25 18.164
      vertex -17.2583 3.25 18.4427
    endloop
  endfacet
  facet normal 0.946936 0 0.321421
    outer loop
      vertex -17.1637 3.25 18.164
      vertex -17.2583 0 18.4427
      vertex -17.1637 0 18.164
    endloop
  endfacet
  facet normal 0.321421 0 -0.946936
    outer loop
      vertex -15.946 0 21.1037
      vertex -15.6673 3.25 21.1983
      vertex -15.6673 0 21.1983
    endloop
  endfacet
  facet normal 0.321421 0 -0.946936
    outer loop
      vertex -15.6673 3.25 21.1983
      vertex -15.946 0 21.1037
      vertex -15.946 3.25 21.1037
    endloop
  endfacet
  facet normal 0.321421 0 0.946936
    outer loop
      vertex -15.946 3.25 16.9463
      vertex -15.6673 0 16.8517
      vertex -15.6673 3.25 16.8517
    endloop
  endfacet
  facet normal 0.321421 0 0.946936
    outer loop
      vertex -15.6673 0 16.8517
      vertex -15.946 3.25 16.9463
      vertex -15.946 0 16.9463
    endloop
  endfacet
  facet normal 0.896995 -0 0.442042
    outer loop
      vertex -17.1637 0 18.164
      vertex -17.0336 3.25 17.9
      vertex -17.1637 3.25 18.164
    endloop
  endfacet
  facet normal 0.896995 0 0.442042
    outer loop
      vertex -17.0336 3.25 17.9
      vertex -17.1637 0 18.164
      vertex -17.0336 0 17.9
    endloop
  endfacet
  facet normal -0.896995 0 0.442042
    outer loop
      vertex -13.1364 0 17.9
      vertex -13.0063 3.25 18.164
      vertex -13.1364 3.25 17.9
    endloop
  endfacet
  facet normal -0.896995 0 0.442042
    outer loop
      vertex -13.0063 3.25 18.164
      vertex -13.1364 0 17.9
      vertex -13.0063 0 18.164
    endloop
  endfacet
  facet normal -0.831318 0 0.555797
    outer loop
      vertex -13.3 0 17.6553
      vertex -13.1364 3.25 17.9
      vertex -13.3 3.25 17.6553
    endloop
  endfacet
  facet normal -0.831318 0 0.555797
    outer loop
      vertex -13.1364 3.25 17.9
      vertex -13.3 0 17.6553
      vertex -13.1364 0 17.9
    endloop
  endfacet
  facet normal -0.751966 0 0.659202
    outer loop
      vertex -13.494 0 17.434
      vertex -13.3 3.25 17.6553
      vertex -13.494 3.25 17.434
    endloop
  endfacet
  facet normal -0.751966 0 0.659202
    outer loop
      vertex -13.3 3.25 17.6553
      vertex -13.494 0 17.434
      vertex -13.3 0 17.6553
    endloop
  endfacet
  facet normal -0.442042 0 0.896995
    outer loop
      vertex -14.224 3.25 16.9463
      vertex -13.96 0 17.0764
      vertex -13.96 3.25 17.0764
    endloop
  endfacet
  facet normal -0.442042 0 0.896995
    outer loop
      vertex -13.96 0 17.0764
      vertex -14.224 3.25 16.9463
      vertex -14.224 0 16.9463
    endloop
  endfacet
  facet normal -0.321421 0 0.946936
    outer loop
      vertex -14.5027 3.25 16.8517
      vertex -14.224 0 16.9463
      vertex -14.224 3.25 16.9463
    endloop
  endfacet
  facet normal -0.321421 0 0.946936
    outer loop
      vertex -14.224 0 16.9463
      vertex -14.5027 3.25 16.8517
      vertex -14.5027 0 16.8517
    endloop
  endfacet
  facet normal -0.19507 0 0.980789
    outer loop
      vertex -14.7913 3.25 16.7943
      vertex -14.5027 0 16.8517
      vertex -14.5027 3.25 16.8517
    endloop
  endfacet
  facet normal -0.19507 0 0.980789
    outer loop
      vertex -14.5027 0 16.8517
      vertex -14.7913 3.25 16.7943
      vertex -14.7913 0 16.7943
    endloop
  endfacet
  facet normal 0.980724 -0 0.195397
    outer loop
      vertex -17.3158 0 18.7313
      vertex -17.2583 3.25 18.4427
      vertex -17.3158 3.25 18.7313
    endloop
  endfacet
  facet normal 0.980724 0 0.195397
    outer loop
      vertex -17.2583 3.25 18.4427
      vertex -17.3158 0 18.7313
      vertex -17.2583 0 18.4427
    endloop
  endfacet
  facet normal 0.751966 -0 0.659202
    outer loop
      vertex -16.87 0 17.6553
      vertex -16.676 3.25 17.434
      vertex -16.87 3.25 17.6553
    endloop
  endfacet
  facet normal 0.751966 0 0.659202
    outer loop
      vertex -16.676 3.25 17.434
      vertex -16.87 0 17.6553
      vertex -16.676 0 17.434
    endloop
  endfacet
  facet normal 0.442042 0 0.896995
    outer loop
      vertex -16.21 3.25 17.0764
      vertex -15.946 0 16.9463
      vertex -15.946 3.25 16.9463
    endloop
  endfacet
  facet normal 0.442042 0 0.896995
    outer loop
      vertex -15.946 0 16.9463
      vertex -16.21 3.25 17.0764
      vertex -16.21 0 17.0764
    endloop
  endfacet
  facet normal 0.19507 0 0.980789
    outer loop
      vertex -15.6673 3.25 16.8517
      vertex -15.3787 0 16.7943
      vertex -15.3787 3.25 16.7943
    endloop
  endfacet
  facet normal 0.19507 0 0.980789
    outer loop
      vertex -15.3787 0 16.7943
      vertex -15.6673 3.25 16.8517
      vertex -15.6673 0 16.8517
    endloop
  endfacet
  facet normal -0.99787 0 -0.0652336
    outer loop
      vertex -12.835 0 19.025
      vertex -12.8542 3.25 19.3187
      vertex -12.835 3.25 19.025
    endloop
  endfacet
  facet normal -0.99787 -0 -0.0652336
    outer loop
      vertex -12.8542 3.25 19.3187
      vertex -12.835 0 19.025
      vertex -12.8542 0 19.3187
    endloop
  endfacet
  facet normal -0.321421 0 -0.946936
    outer loop
      vertex -14.5027 0 21.1983
      vertex -14.224 3.25 21.1037
      vertex -14.224 0 21.1037
    endloop
  endfacet
  facet normal -0.321421 0 -0.946936
    outer loop
      vertex -14.224 3.25 21.1037
      vertex -14.5027 0 21.1983
      vertex -14.5027 3.25 21.1983
    endloop
  endfacet
  facet normal -0.442042 0 -0.896995
    outer loop
      vertex -14.224 0 21.1037
      vertex -13.96 3.25 20.9736
      vertex -13.96 0 20.9736
    endloop
  endfacet
  facet normal -0.442042 0 -0.896995
    outer loop
      vertex -13.96 3.25 20.9736
      vertex -14.224 0 21.1037
      vertex -14.224 3.25 21.1037
    endloop
  endfacet
  facet normal -0.751966 0 -0.659202
    outer loop
      vertex -13.3 0 20.3947
      vertex -13.494 3.25 20.616
      vertex -13.3 3.25 20.3947
    endloop
  endfacet
  facet normal -0.751966 -0 -0.659202
    outer loop
      vertex -13.494 3.25 20.616
      vertex -13.3 0 20.3947
      vertex -13.494 0 20.616
    endloop
  endfacet
  facet normal 0.195397 0 -0.980724
    outer loop
      vertex -15.6673 0 21.1983
      vertex -15.3787 3.25 21.2558
      vertex -15.3787 0 21.2558
    endloop
  endfacet
  facet normal 0.195397 0 -0.980724
    outer loop
      vertex -15.3787 3.25 21.2558
      vertex -15.6673 0 21.1983
      vertex -15.6673 3.25 21.1983
    endloop
  endfacet
  facet normal 0.659202 0 -0.751966
    outer loop
      vertex -16.676 0 20.616
      vertex -16.4547 3.25 20.81
      vertex -16.4547 0 20.81
    endloop
  endfacet
  facet normal 0.659202 0 -0.751966
    outer loop
      vertex -16.4547 3.25 20.81
      vertex -16.676 0 20.616
      vertex -16.676 3.25 20.616
    endloop
  endfacet
  facet normal 0.896995 0 -0.442042
    outer loop
      vertex -17.0336 0 20.15
      vertex -17.1637 3.25 19.886
      vertex -17.0336 3.25 20.15
    endloop
  endfacet
  facet normal 0.896995 0 -0.442042
    outer loop
      vertex -17.1637 3.25 19.886
      vertex -17.0336 0 20.15
      vertex -17.1637 0 19.886
    endloop
  endfacet
  facet normal -0.980724 0 0.195397
    outer loop
      vertex -12.9117 0 18.4427
      vertex -12.8542 3.25 18.7313
      vertex -12.9117 3.25 18.4427
    endloop
  endfacet
  facet normal -0.980724 0 0.195397
    outer loop
      vertex -12.8542 3.25 18.7313
      vertex -12.9117 0 18.4427
      vertex -12.8542 0 18.7313
    endloop
  endfacet
  facet normal -0.946936 0 0.321421
    outer loop
      vertex -13.0063 0 18.164
      vertex -12.9117 3.25 18.4427
      vertex -13.0063 3.25 18.164
    endloop
  endfacet
  facet normal -0.946936 0 0.321421
    outer loop
      vertex -12.9117 3.25 18.4427
      vertex -13.0063 0 18.164
      vertex -12.9117 0 18.4427
    endloop
  endfacet
  facet normal -0.555797 0 0.831318
    outer loop
      vertex -13.96 3.25 17.0764
      vertex -13.7153 0 17.24
      vertex -13.7153 3.25 17.24
    endloop
  endfacet
  facet normal -0.555797 0 0.831318
    outer loop
      vertex -13.7153 0 17.24
      vertex -13.96 3.25 17.0764
      vertex -13.96 0 17.0764
    endloop
  endfacet
  facet normal -0.0655719 0 0.997848
    outer loop
      vertex -15.085 3.25 16.775
      vertex -14.7913 0 16.7943
      vertex -14.7913 3.25 16.7943
    endloop
  endfacet
  facet normal -0.0655719 0 0.997848
    outer loop
      vertex -14.7913 0 16.7943
      vertex -15.085 3.25 16.775
      vertex -15.085 0 16.775
    endloop
  endfacet
  facet normal 0.99787 -0 0.0652336
    outer loop
      vertex -17.335 0 19.025
      vertex -17.3158 3.25 18.7313
      vertex -17.335 3.25 19.025
    endloop
  endfacet
  facet normal 0.99787 0 0.0652336
    outer loop
      vertex -17.3158 3.25 18.7313
      vertex -17.335 0 19.025
      vertex -17.3158 0 18.7313
    endloop
  endfacet
  facet normal 0.831318 -0 0.555797
    outer loop
      vertex -17.0336 0 17.9
      vertex -16.87 3.25 17.6553
      vertex -17.0336 3.25 17.9
    endloop
  endfacet
  facet normal 0.831318 0 0.555797
    outer loop
      vertex -16.87 3.25 17.6553
      vertex -17.0336 0 17.9
      vertex -16.87 0 17.6553
    endloop
  endfacet
  facet normal 0.0655719 0 0.997848
    outer loop
      vertex -15.3787 3.25 16.7943
      vertex -15.085 0 16.775
      vertex -15.085 3.25 16.775
    endloop
  endfacet
  facet normal 0.0655719 0 0.997848
    outer loop
      vertex -15.085 0 16.775
      vertex -15.3787 3.25 16.7943
      vertex -15.3787 0 16.7943
    endloop
  endfacet
  facet normal 0.555797 0 0.831318
    outer loop
      vertex -16.4547 3.25 17.24
      vertex -16.21 0 17.0764
      vertex -16.21 3.25 17.0764
    endloop
  endfacet
  facet normal 0.555797 0 0.831318
    outer loop
      vertex -16.21 0 17.0764
      vertex -16.4547 3.25 17.24
      vertex -16.4547 0 17.24
    endloop
  endfacet
  facet normal 0.659202 0 0.751966
    outer loop
      vertex -16.676 3.25 17.434
      vertex -16.4547 0 17.24
      vertex -16.4547 3.25 17.24
    endloop
  endfacet
  facet normal 0.659202 0 0.751966
    outer loop
      vertex -16.4547 0 17.24
      vertex -16.676 3.25 17.434
      vertex -16.676 0 17.434
    endloop
  endfacet
  facet normal -0.99787 0 0.0652336
    outer loop
      vertex -12.8542 0 18.7313
      vertex -12.835 3.25 19.025
      vertex -12.8542 3.25 18.7313
    endloop
  endfacet
  facet normal -0.99787 0 0.0652336
    outer loop
      vertex -12.835 3.25 19.025
      vertex -12.8542 0 18.7313
      vertex -12.835 0 19.025
    endloop
  endfacet
  facet normal -0.0652336 0 -0.99787
    outer loop
      vertex -15.085 0 21.275
      vertex -14.7913 3.25 21.2558
      vertex -14.7913 0 21.2558
    endloop
  endfacet
  facet normal -0.0652336 0 -0.99787
    outer loop
      vertex -14.7913 3.25 21.2558
      vertex -15.085 0 21.275
      vertex -15.085 3.25 21.275
    endloop
  endfacet
  facet normal -0.946936 0 -0.321421
    outer loop
      vertex -12.9117 0 19.6073
      vertex -13.0063 3.25 19.886
      vertex -12.9117 3.25 19.6073
    endloop
  endfacet
  facet normal -0.946936 -0 -0.321421
    outer loop
      vertex -13.0063 3.25 19.886
      vertex -12.9117 0 19.6073
      vertex -13.0063 0 19.886
    endloop
  endfacet
  facet normal -0.555797 0 -0.831318
    outer loop
      vertex -13.96 0 20.9736
      vertex -13.7153 3.25 20.81
      vertex -13.7153 0 20.81
    endloop
  endfacet
  facet normal -0.555797 0 -0.831318
    outer loop
      vertex -13.7153 3.25 20.81
      vertex -13.96 0 20.9736
      vertex -13.96 3.25 20.9736
    endloop
  endfacet
  facet normal -0.896995 0 -0.442042
    outer loop
      vertex -13.0063 0 19.886
      vertex -13.1364 3.25 20.15
      vertex -13.0063 3.25 19.886
    endloop
  endfacet
  facet normal -0.896995 -0 -0.442042
    outer loop
      vertex -13.1364 3.25 20.15
      vertex -13.0063 0 19.886
      vertex -13.1364 0 20.15
    endloop
  endfacet
  facet normal 0.442042 0 -0.896995
    outer loop
      vertex -16.21 0 20.9736
      vertex -15.946 3.25 21.1037
      vertex -15.946 0 21.1037
    endloop
  endfacet
  facet normal 0.442042 0 -0.896995
    outer loop
      vertex -15.946 3.25 21.1037
      vertex -16.21 0 20.9736
      vertex -16.21 3.25 20.9736
    endloop
  endfacet
  facet normal 0.946936 0 -0.321421
    outer loop
      vertex -17.1637 0 19.886
      vertex -17.2583 3.25 19.6073
      vertex -17.1637 3.25 19.886
    endloop
  endfacet
  facet normal 0.946936 0 -0.321421
    outer loop
      vertex -17.2583 3.25 19.6073
      vertex -17.1637 0 19.886
      vertex -17.2583 0 19.6073
    endloop
  endfacet
  facet normal 0.99787 0 -0.0652336
    outer loop
      vertex -17.3158 0 19.3187
      vertex -17.335 3.25 19.025
      vertex -17.3158 3.25 19.3187
    endloop
  endfacet
  facet normal 0.99787 0 -0.0652336
    outer loop
      vertex -17.335 3.25 19.025
      vertex -17.3158 0 19.3187
      vertex -17.335 0 19.025
    endloop
  endfacet
  facet normal 0.831318 0 -0.555797
    outer loop
      vertex -16.87 0 20.3947
      vertex -17.0336 3.25 20.15
      vertex -16.87 3.25 20.3947
    endloop
  endfacet
  facet normal 0.831318 0 -0.555797
    outer loop
      vertex -17.0336 3.25 20.15
      vertex -16.87 0 20.3947
      vertex -17.0336 0 20.15
    endloop
  endfacet
  facet normal -0.980724 0 -0.195397
    outer loop
      vertex -12.8542 0 19.3187
      vertex -12.9117 3.25 19.6073
      vertex -12.8542 3.25 19.3187
    endloop
  endfacet
  facet normal -0.980724 -0 -0.195397
    outer loop
      vertex -12.9117 3.25 19.6073
      vertex -12.8542 0 19.3187
      vertex -12.9117 0 19.6073
    endloop
  endfacet
  facet normal -0.195397 0 -0.980724
    outer loop
      vertex -14.7913 0 21.2558
      vertex -14.5027 3.25 21.1983
      vertex -14.5027 0 21.1983
    endloop
  endfacet
  facet normal -0.195397 0 -0.980724
    outer loop
      vertex -14.5027 3.25 21.1983
      vertex -14.7913 0 21.2558
      vertex -14.7913 3.25 21.2558
    endloop
  endfacet
  facet normal -0.659202 0 -0.751966
    outer loop
      vertex -13.7153 0 20.81
      vertex -13.494 3.25 20.616
      vertex -13.494 0 20.616
    endloop
  endfacet
  facet normal -0.659202 0 -0.751966
    outer loop
      vertex -13.494 3.25 20.616
      vertex -13.7153 0 20.81
      vertex -13.7153 3.25 20.81
    endloop
  endfacet
  facet normal -0.831318 0 -0.555797
    outer loop
      vertex -13.1364 0 20.15
      vertex -13.3 3.25 20.3947
      vertex -13.1364 3.25 20.15
    endloop
  endfacet
  facet normal -0.831318 -0 -0.555797
    outer loop
      vertex -13.3 3.25 20.3947
      vertex -13.1364 0 20.15
      vertex -13.3 0 20.3947
    endloop
  endfacet
  facet normal 0.0652336 0 -0.99787
    outer loop
      vertex -15.3787 0 21.2558
      vertex -15.085 3.25 21.275
      vertex -15.085 0 21.275
    endloop
  endfacet
  facet normal 0.0652336 0 -0.99787
    outer loop
      vertex -15.085 3.25 21.275
      vertex -15.3787 0 21.2558
      vertex -15.3787 3.25 21.2558
    endloop
  endfacet
  facet normal 0.555797 0 -0.831318
    outer loop
      vertex -16.4547 0 20.81
      vertex -16.21 3.25 20.9736
      vertex -16.21 0 20.9736
    endloop
  endfacet
  facet normal 0.555797 0 -0.831318
    outer loop
      vertex -16.21 3.25 20.9736
      vertex -16.4547 0 20.81
      vertex -16.4547 3.25 20.81
    endloop
  endfacet
  facet normal 0.980724 0 -0.195397
    outer loop
      vertex -17.2583 0 19.6073
      vertex -17.3158 3.25 19.3187
      vertex -17.2583 3.25 19.6073
    endloop
  endfacet
  facet normal 0.980724 0 -0.195397
    outer loop
      vertex -17.3158 3.25 19.3187
      vertex -17.2583 0 19.6073
      vertex -17.3158 0 19.3187
    endloop
  endfacet
  facet normal 0.751966 0 -0.659202
    outer loop
      vertex -16.676 0 20.616
      vertex -16.87 3.25 20.3947
      vertex -16.676 3.25 20.616
    endloop
  endfacet
  facet normal 0.751966 0 -0.659202
    outer loop
      vertex -16.87 3.25 20.3947
      vertex -16.676 0 20.616
      vertex -16.87 0 20.3947
    endloop
  endfacet
  facet normal -0.642901 0.704745 -0.300021
    outer loop
      vertex -13.0063 3.25 19.886
      vertex -11.4093 4.99 20.5511
      vertex -11.4079 4.99 20.5481
    endloop
  endfacet
  facet normal -0.636736 0.704348 -0.313785
    outer loop
      vertex -11.4093 4.99 20.5511
      vertex -13.0063 3.25 19.886
      vertex -13.1364 3.25 20.15
    endloop
  endfacet
  facet normal -0.708358 0.704328 0.0463822
    outer loop
      vertex -11.1049 4.99 19.025
      vertex -11.1387 4.99 18.5088
      vertex -12.835 3.25 19.025
    endloop
  endfacet
  facet normal -0.708694 0.704207 0.0429511
    outer loop
      vertex -12.8542 3.25 18.7313
      vertex -11.1387 4.99 18.5088
      vertex -11.1389 4.99 18.5055
    endloop
  endfacet
  facet normal -0.708372 0.704319 0.0463083
    outer loop
      vertex -11.1387 4.99 18.5088
      vertex -12.8542 3.25 18.7313
      vertex -12.835 3.25 19.025
    endloop
  endfacet
  facet normal 0.636678 0.704328 -0.313948
    outer loop
      vertex -18.5319 4.99 21.0151
      vertex -17.0336 3.25 20.15
      vertex -18.7607 4.99 20.5511
    endloop
  endfacet
  facet normal -0.590113 0.70435 0.394534
    outer loop
      vertex -11.9255 4.99 16.6048
      vertex -13.3 3.25 17.6553
      vertex -13.1364 3.25 17.9
    endloop
  endfacet
  facet normal -0.580169 0.704785 0.408267
    outer loop
      vertex -13.3 3.25 17.6553
      vertex -11.9255 4.99 16.6048
      vertex -11.9274 4.99 16.6021
    endloop
  endfacet
  facet normal 0.313948 0.704328 0.636678
    outer loop
      vertex -16.21 3.25 17.0764
      vertex -16.6111 4.99 15.3493
      vertex -17.0751 4.99 15.5781
    endloop
  endfacet
  facet normal -0.708358 0.704328 -0.0463822
    outer loop
      vertex -11.1387 4.99 19.5412
      vertex -11.1049 4.99 19.025
      vertex -12.835 3.25 19.025
    endloop
  endfacet
  facet normal -0.696228 0.704337 -0.138477
    outer loop
      vertex -11.2405 4.99 20.0551
      vertex -11.1396 4.99 19.5478
      vertex -12.9117 3.25 19.6073
    endloop
  endfacet
  facet normal -0.533746 0.704334 -0.468005
    outer loop
      vertex -12.2706 4.99 21.8394
      vertex -11.9296 4.99 21.4505
      vertex -13.494 3.25 20.616
    endloop
  endfacet
  facet normal -0.636678 0.704328 -0.313948
    outer loop
      vertex -11.6381 4.99 21.0151
      vertex -11.4093 4.99 20.5511
      vertex -13.1364 3.25 20.15
    endloop
  endfacet
  facet normal -0.0429511 0.704207 -0.708694
    outer loop
      vertex -14.7913 3.25 21.2558
      vertex -14.5688 4.99 22.9713
      vertex -14.5655 4.99 22.9711
    endloop
  endfacet
  facet normal -0.0463083 0.704319 -0.708372
    outer loop
      vertex -14.5688 4.99 22.9713
      vertex -14.7913 3.25 21.2558
      vertex -15.085 3.25 21.275
    endloop
  endfacet
  facet normal 0.138477 0.704337 -0.696228
    outer loop
      vertex -15.6078 4.99 22.9704
      vertex -15.6673 3.25 21.1983
      vertex -16.1151 4.99 22.8695
    endloop
  endfacet
  facet normal 0.696209 0.70431 -0.138711
    outer loop
      vertex -17.3158 3.25 19.3187
      vertex -19.0304 4.99 19.5478
      vertex -17.2583 3.25 19.6073
    endloop
  endfacet
  facet normal 0.69474 0.704002 -0.147369
    outer loop
      vertex -19.0304 4.99 19.5478
      vertex -17.3158 3.25 19.3187
      vertex -19.0311 4.99 19.5445
    endloop
  endfacet
  facet normal 0.590228 0.70433 0.3944
    outer loop
      vertex -17.0336 3.25 17.9
      vertex -18.2445 4.99 16.6048
      vertex -18.5319 4.99 17.0349
    endloop
  endfacet
  facet normal -0.672187 0.704328 -0.228225
    outer loop
      vertex -11.4079 4.99 20.5481
      vertex -11.2416 4.99 20.0583
      vertex -13.0063 3.25 19.886
    endloop
  endfacet
  facet normal -0.671397 0.704245 -0.230793
    outer loop
      vertex -12.9117 3.25 19.6073
      vertex -11.2416 4.99 20.0583
      vertex -11.2405 4.99 20.0551
    endloop
  endfacet
  facet normal -0.672199 0.704335 -0.228167
    outer loop
      vertex -11.2416 4.99 20.0583
      vertex -12.9117 3.25 19.6073
      vertex -13.0063 3.25 19.886
    endloop
  endfacet
  facet normal -0.708372 0.704319 -0.0463083
    outer loop
      vertex -12.8542 3.25 19.3187
      vertex -11.1387 4.99 19.5412
      vertex -12.835 3.25 19.025
    endloop
  endfacet
  facet normal -0.708694 0.704207 -0.0429511
    outer loop
      vertex -11.1387 4.99 19.5412
      vertex -12.8542 3.25 19.3187
      vertex -11.1389 4.99 19.5445
    endloop
  endfacet
  facet normal -0.590228 0.70433 -0.3944
    outer loop
      vertex -11.9255 4.99 21.4452
      vertex -11.6381 4.99 21.0151
      vertex -13.1364 3.25 20.15
    endloop
  endfacet
  facet normal -0.54164 0.704683 -0.458311
    outer loop
      vertex -13.3 3.25 20.3947
      vertex -11.9296 4.99 21.4505
      vertex -11.9274 4.99 21.4479
    endloop
  endfacet
  facet normal -0.53379 0.704343 -0.467941
    outer loop
      vertex -11.9296 4.99 21.4505
      vertex -13.3 3.25 20.3947
      vertex -13.494 3.25 20.616
    endloop
  endfacet
  facet normal -0.0463822 0.704328 -0.708358
    outer loop
      vertex -15.085 4.99 23.0051
      vertex -14.5688 4.99 22.9713
      vertex -15.085 3.25 21.275
    endloop
  endfacet
  facet normal -0.313948 0.704328 -0.636678
    outer loop
      vertex -13.5589 4.99 22.7007
      vertex -13.0949 4.99 22.4719
      vertex -13.96 3.25 20.9736
    endloop
  endfacet
  facet normal 0.590228 0.70433 -0.3944
    outer loop
      vertex -18.2445 4.99 21.4452
      vertex -17.0336 3.25 20.15
      vertex -18.5319 4.99 21.0151
    endloop
  endfacet
  facet normal -0.408267 0.704785 0.580169
    outer loop
      vertex -12.6648 4.99 15.8655
      vertex -13.7153 3.25 17.24
      vertex -12.6621 4.99 15.8674
    endloop
  endfacet
  facet normal -0.394534 0.70435 0.590113
    outer loop
      vertex -13.7153 3.25 17.24
      vertex -12.6648 4.99 15.8655
      vertex -13.96 3.25 17.0764
    endloop
  endfacet
  facet normal 0.138474 0.704337 0.696228
    outer loop
      vertex -15.3787 3.25 16.7943
      vertex -15.6078 4.99 15.0796
      vertex -15.6673 3.25 16.8517
    endloop
  endfacet
  facet normal 0.147365 0.704022 0.69472
    outer loop
      vertex -15.6078 4.99 15.0796
      vertex -15.3787 3.25 16.7943
      vertex -15.6045 4.99 15.0789
    endloop
  endfacet
  facet normal 0.53379 0.704343 0.467941
    outer loop
      vertex -18.2404 4.99 16.5995
      vertex -16.87 3.25 17.6553
      vertex -16.676 3.25 17.434
    endloop
  endfacet
  facet normal 0.54164 0.704683 0.458311
    outer loop
      vertex -16.87 3.25 17.6553
      vertex -18.2404 4.99 16.5995
      vertex -18.2426 4.99 16.6021
    endloop
  endfacet
  facet normal 0.708372 0.704319 0.0463083
    outer loop
      vertex -17.3158 3.25 18.7313
      vertex -19.0313 4.99 18.5088
      vertex -17.335 3.25 19.025
    endloop
  endfacet
  facet normal 0.708694 0.704207 0.0429511
    outer loop
      vertex -19.0313 4.99 18.5088
      vertex -17.3158 3.25 18.7313
      vertex -19.0311 4.99 18.5055
    endloop
  endfacet
  facet normal -0.69474 0.704002 -0.147369
    outer loop
      vertex -12.8542 3.25 19.3187
      vertex -11.1396 4.99 19.5478
      vertex -11.1389 4.99 19.5445
    endloop
  endfacet
  facet normal -0.696209 0.70431 -0.138711
    outer loop
      vertex -11.1396 4.99 19.5478
      vertex -12.8542 3.25 19.3187
      vertex -12.9117 3.25 19.6073
    endloop
  endfacet
  facet normal -0.580169 0.704785 -0.408267
    outer loop
      vertex -11.9255 4.99 21.4452
      vertex -13.3 3.25 20.3947
      vertex -11.9274 4.99 21.4479
    endloop
  endfacet
  facet normal -0.590113 0.70435 -0.394534
    outer loop
      vertex -13.3 3.25 20.3947
      vertex -11.9255 4.99 21.4452
      vertex -13.1364 3.25 20.15
    endloop
  endfacet
  facet normal -0.228225 0.704328 -0.672187
    outer loop
      vertex -14.0517 4.99 22.8684
      vertex -13.5619 4.99 22.7021
      vertex -14.224 3.25 21.1037
    endloop
  endfacet
  facet normal -0.468005 0.704334 -0.533746
    outer loop
      vertex -12.6595 4.99 22.1804
      vertex -12.2706 4.99 21.8394
      vertex -13.494 3.25 20.616
    endloop
  endfacet
  facet normal 0.672187 0.704328 -0.228225
    outer loop
      vertex -18.7621 4.99 20.5481
      vertex -17.1637 3.25 19.886
      vertex -18.9284 4.99 20.0583
    endloop
  endfacet
  facet normal 0.696228 0.704337 -0.138477
    outer loop
      vertex -18.9295 4.99 20.0551
      vertex -17.2583 3.25 19.6073
      vertex -19.0304 4.99 19.5478
    endloop
  endfacet
  facet normal 0.53379 0.704343 -0.467941
    outer loop
      vertex -16.87 3.25 20.3947
      vertex -18.2404 4.99 21.4505
      vertex -16.676 3.25 20.616
    endloop
  endfacet
  facet normal 0.54164 0.704683 -0.458311
    outer loop
      vertex -18.2404 4.99 21.4505
      vertex -16.87 3.25 20.3947
      vertex -18.2426 4.99 21.4479
    endloop
  endfacet
  facet normal 0.394534 0.70435 -0.590113
    outer loop
      vertex -16.4547 3.25 20.81
      vertex -17.5052 4.99 22.1845
      vertex -16.21 3.25 20.9736
    endloop
  endfacet
  facet normal 0.408267 0.704785 -0.580169
    outer loop
      vertex -17.5052 4.99 22.1845
      vertex -16.4547 3.25 20.81
      vertex -17.5079 4.99 22.1826
    endloop
  endfacet
  facet normal 0.580169 0.704785 -0.408267
    outer loop
      vertex -16.87 3.25 20.3947
      vertex -18.2445 4.99 21.4452
      vertex -18.2426 4.99 21.4479
    endloop
  endfacet
  facet normal 0.590113 0.70435 -0.394534
    outer loop
      vertex -18.2445 4.99 21.4452
      vertex -16.87 3.25 20.3947
      vertex -17.0336 3.25 20.15
    endloop
  endfacet
  facet normal 0.0463083 0.704319 -0.708372
    outer loop
      vertex -15.3787 3.25 21.2558
      vertex -15.6012 4.99 22.9713
      vertex -15.085 3.25 21.275
    endloop
  endfacet
  facet normal 0.0429511 0.704207 -0.708694
    outer loop
      vertex -15.6012 4.99 22.9713
      vertex -15.3787 3.25 21.2558
      vertex -15.6045 4.99 22.9711
    endloop
  endfacet
  facet normal 0.230793 0.704245 -0.671397
    outer loop
      vertex -15.6673 3.25 21.1983
      vertex -16.1183 4.99 22.8684
      vertex -16.1151 4.99 22.8695
    endloop
  endfacet
  facet normal 0.228167 0.704335 -0.672199
    outer loop
      vertex -16.1183 4.99 22.8684
      vertex -15.6673 3.25 21.1983
      vertex -15.946 3.25 21.1037
    endloop
  endfacet
  facet normal 0.0463822 0.704328 -0.708358
    outer loop
      vertex -15.085 4.99 23.0051
      vertex -15.085 3.25 21.275
      vertex -15.6012 4.99 22.9713
    endloop
  endfacet
  facet normal 0.313948 0.704328 -0.636678
    outer loop
      vertex -16.6111 4.99 22.7007
      vertex -16.21 3.25 20.9736
      vertex -17.0751 4.99 22.4719
    endloop
  endfacet
  facet normal 0.228225 0.704328 0.672187
    outer loop
      vertex -15.946 3.25 16.9463
      vertex -16.1183 4.99 15.1816
      vertex -16.6081 4.99 15.3479
    endloop
  endfacet
  facet normal 0.138477 0.704337 0.696228
    outer loop
      vertex -15.6673 3.25 16.8517
      vertex -15.6078 4.99 15.0796
      vertex -16.1151 4.99 15.1805
    endloop
  endfacet
  facet normal 0.467941 0.704343 0.53379
    outer loop
      vertex -16.4547 3.25 17.24
      vertex -17.5105 4.99 15.8696
      vertex -16.676 3.25 17.434
    endloop
  endfacet
  facet normal 0.458311 0.704683 0.54164
    outer loop
      vertex -17.5105 4.99 15.8696
      vertex -16.4547 3.25 17.24
      vertex -17.5079 4.99 15.8674
    endloop
  endfacet
  facet normal 0.3944 0.70433 0.590228
    outer loop
      vertex -16.21 3.25 17.0764
      vertex -17.0751 4.99 15.5781
      vertex -17.5052 4.99 15.8655
    endloop
  endfacet
  facet normal 0.590113 0.70435 0.394534
    outer loop
      vertex -16.87 3.25 17.6553
      vertex -18.2445 4.99 16.6048
      vertex -17.0336 3.25 17.9
    endloop
  endfacet
  facet normal 0.580169 0.704785 0.408267
    outer loop
      vertex -18.2445 4.99 16.6048
      vertex -16.87 3.25 17.6553
      vertex -18.2426 4.99 16.6021
    endloop
  endfacet
  facet normal 0.672199 0.704335 0.228167
    outer loop
      vertex -18.9284 4.99 17.9917
      vertex -17.2583 3.25 18.4427
      vertex -17.1637 3.25 18.164
    endloop
  endfacet
  facet normal 0.671397 0.704245 0.230793
    outer loop
      vertex -17.2583 3.25 18.4427
      vertex -18.9284 4.99 17.9917
      vertex -18.9295 4.99 17.9949
    endloop
  endfacet
  facet normal 0.708694 0.704207 -0.0429511
    outer loop
      vertex -17.3158 3.25 19.3187
      vertex -19.0313 4.99 19.5412
      vertex -19.0311 4.99 19.5445
    endloop
  endfacet
  facet normal 0.708372 0.704319 -0.0463083
    outer loop
      vertex -19.0313 4.99 19.5412
      vertex -17.3158 3.25 19.3187
      vertex -17.335 3.25 19.025
    endloop
  endfacet
  facet normal -0.138477 0.704337 -0.696228
    outer loop
      vertex -14.0549 4.99 22.8695
      vertex -14.5027 3.25 21.1983
      vertex -14.5622 4.99 22.9704
    endloop
  endfacet
  facet normal -0.230793 0.704245 -0.671397
    outer loop
      vertex -14.0517 4.99 22.8684
      vertex -14.5027 3.25 21.1983
      vertex -14.0549 4.99 22.8695
    endloop
  endfacet
  facet normal -0.228167 0.704335 -0.672199
    outer loop
      vertex -14.5027 3.25 21.1983
      vertex -14.0517 4.99 22.8684
      vertex -14.224 3.25 21.1037
    endloop
  endfacet
  facet normal -0.147369 0.704002 -0.69474
    outer loop
      vertex -14.5622 4.99 22.9704
      vertex -14.7913 3.25 21.2558
      vertex -14.5655 4.99 22.9711
    endloop
  endfacet
  facet normal -0.138711 0.70431 -0.696209
    outer loop
      vertex -14.7913 3.25 21.2558
      vertex -14.5622 4.99 22.9704
      vertex -14.5027 3.25 21.1983
    endloop
  endfacet
  facet normal -0.300021 0.704745 -0.642901
    outer loop
      vertex -13.5589 4.99 22.7007
      vertex -14.224 3.25 21.1037
      vertex -13.5619 4.99 22.7021
    endloop
  endfacet
  facet normal -0.313785 0.704348 -0.636736
    outer loop
      vertex -14.224 3.25 21.1037
      vertex -13.5589 4.99 22.7007
      vertex -13.96 3.25 20.9736
    endloop
  endfacet
  facet normal -0.3944 0.70433 -0.590228
    outer loop
      vertex -13.0949 4.99 22.4719
      vertex -12.6648 4.99 22.1845
      vertex -13.96 3.25 20.9736
    endloop
  endfacet
  facet normal -0.458311 0.704683 -0.54164
    outer loop
      vertex -12.6595 4.99 22.1804
      vertex -13.7153 3.25 20.81
      vertex -12.6621 4.99 22.1826
    endloop
  endfacet
  facet normal -0.467941 0.704343 -0.53379
    outer loop
      vertex -13.7153 3.25 20.81
      vertex -12.6595 4.99 22.1804
      vertex -13.494 3.25 20.616
    endloop
  endfacet
  facet normal -0.408267 0.704785 -0.580169
    outer loop
      vertex -13.7153 3.25 20.81
      vertex -12.6648 4.99 22.1845
      vertex -12.6621 4.99 22.1826
    endloop
  endfacet
  facet normal -0.394534 0.70435 -0.590113
    outer loop
      vertex -12.6648 4.99 22.1845
      vertex -13.7153 3.25 20.81
      vertex -13.96 3.25 20.9736
    endloop
  endfacet
  facet normal 0.672199 0.704335 -0.228167
    outer loop
      vertex -17.2583 3.25 19.6073
      vertex -18.9284 4.99 20.0583
      vertex -17.1637 3.25 19.886
    endloop
  endfacet
  facet normal 0.671397 0.704245 -0.230793
    outer loop
      vertex -18.9284 4.99 20.0583
      vertex -17.2583 3.25 19.6073
      vertex -18.9295 4.99 20.0551
    endloop
  endfacet
  facet normal 0.468005 0.704334 -0.533746
    outer loop
      vertex -17.5105 4.99 22.1804
      vertex -16.676 3.25 20.616
      vertex -17.8994 4.99 21.8394
    endloop
  endfacet
  facet normal 0.458311 0.704683 -0.54164
    outer loop
      vertex -16.4547 3.25 20.81
      vertex -17.5105 4.99 22.1804
      vertex -17.5079 4.99 22.1826
    endloop
  endfacet
  facet normal 0.467941 0.704343 -0.53379
    outer loop
      vertex -17.5105 4.99 22.1804
      vertex -16.4547 3.25 20.81
      vertex -16.676 3.25 20.616
    endloop
  endfacet
  facet normal 0.147369 0.704002 -0.69474
    outer loop
      vertex -15.3787 3.25 21.2558
      vertex -15.6078 4.99 22.9704
      vertex -15.6045 4.99 22.9711
    endloop
  endfacet
  facet normal 0.138711 0.70431 -0.696209
    outer loop
      vertex -15.6078 4.99 22.9704
      vertex -15.3787 3.25 21.2558
      vertex -15.6673 3.25 21.1983
    endloop
  endfacet
  facet normal 0.228225 0.704328 -0.672187
    outer loop
      vertex -16.1183 4.99 22.8684
      vertex -15.946 3.25 21.1037
      vertex -16.6081 4.99 22.7021
    endloop
  endfacet
  facet normal 0.300021 0.704745 -0.642901
    outer loop
      vertex -15.946 3.25 21.1037
      vertex -16.6111 4.99 22.7007
      vertex -16.6081 4.99 22.7021
    endloop
  endfacet
  facet normal 0.313785 0.704348 -0.636736
    outer loop
      vertex -16.6111 4.99 22.7007
      vertex -15.946 3.25 21.1037
      vertex -16.21 3.25 20.9736
    endloop
  endfacet
  facet normal 0.3944 0.70433 -0.590228
    outer loop
      vertex -17.0751 4.99 22.4719
      vertex -16.21 3.25 20.9736
      vertex -17.5052 4.99 22.1845
    endloop
  endfacet
  facet normal -0.636678 0.704328 0.313948
    outer loop
      vertex -11.4093 4.99 17.4989
      vertex -11.6381 4.99 17.0349
      vertex -13.1364 3.25 17.9
    endloop
  endfacet
  facet normal -0.468005 0.704334 0.533746
    outer loop
      vertex -12.2706 4.99 16.2106
      vertex -12.6595 4.99 15.8696
      vertex -13.494 3.25 17.434
    endloop
  endfacet
  facet normal -0.138477 0.704337 0.696228
    outer loop
      vertex -14.5027 3.25 16.8517
      vertex -14.0549 4.99 15.1805
      vertex -14.5622 4.99 15.0796
    endloop
  endfacet
  facet normal -0.313785 0.704348 0.636736
    outer loop
      vertex -13.5589 4.99 15.3493
      vertex -14.224 3.25 16.9463
      vertex -13.96 3.25 17.0764
    endloop
  endfacet
  facet normal -0.300021 0.704745 0.642901
    outer loop
      vertex -14.224 3.25 16.9463
      vertex -13.5589 4.99 15.3493
      vertex -13.5619 4.99 15.3479
    endloop
  endfacet
  facet normal -0.228225 0.704328 0.672187
    outer loop
      vertex -13.5619 4.99 15.3479
      vertex -14.0517 4.99 15.1816
      vertex -14.224 3.25 16.9463
    endloop
  endfacet
  facet normal 0.228167 0.704335 0.672199
    outer loop
      vertex -15.6673 3.25 16.8517
      vertex -16.1183 4.99 15.1816
      vertex -15.946 3.25 16.9463
    endloop
  endfacet
  facet normal 0.230793 0.704245 0.671397
    outer loop
      vertex -16.1183 4.99 15.1816
      vertex -15.6673 3.25 16.8517
      vertex -16.1151 4.99 15.1805
    endloop
  endfacet
  facet normal 0.468005 0.704334 0.533746
    outer loop
      vertex -16.676 3.25 17.434
      vertex -17.5105 4.99 15.8696
      vertex -17.8994 4.99 16.2106
    endloop
  endfacet
  facet normal 0.533746 0.704334 0.468005
    outer loop
      vertex -16.676 3.25 17.434
      vertex -17.8994 4.99 16.2106
      vertex -18.2404 4.99 16.5995
    endloop
  endfacet
  facet normal 0.394534 0.70435 0.590113
    outer loop
      vertex -17.5052 4.99 15.8655
      vertex -16.4547 3.25 17.24
      vertex -16.21 3.25 17.0764
    endloop
  endfacet
  facet normal 0.408267 0.704785 0.580169
    outer loop
      vertex -16.4547 3.25 17.24
      vertex -17.5052 4.99 15.8655
      vertex -17.5079 4.99 15.8674
    endloop
  endfacet
  facet normal 0.636678 0.704328 0.313948
    outer loop
      vertex -17.0336 3.25 17.9
      vertex -18.5319 4.99 17.0349
      vertex -18.7607 4.99 17.4989
    endloop
  endfacet
  facet normal 0.696228 0.704337 0.138477
    outer loop
      vertex -17.2583 3.25 18.4427
      vertex -18.9295 4.99 17.9949
      vertex -19.0304 4.99 18.5022
    endloop
  endfacet
  facet normal 0.708358 0.704328 -0.0463822
    outer loop
      vertex -19.0313 4.99 19.5412
      vertex -17.335 3.25 19.025
      vertex -19.0651 4.99 19.025
    endloop
  endfacet
  facet normal 0.708358 0.704328 0.0463822
    outer loop
      vertex -17.335 3.25 19.025
      vertex -19.0313 4.99 18.5088
      vertex -19.0651 4.99 19.025
    endloop
  endfacet
  facet normal 0.636736 0.704348 -0.313785
    outer loop
      vertex -17.1637 3.25 19.886
      vertex -18.7607 4.99 20.5511
      vertex -17.0336 3.25 20.15
    endloop
  endfacet
  facet normal 0.642901 0.704745 -0.300021
    outer loop
      vertex -18.7607 4.99 20.5511
      vertex -17.1637 3.25 19.886
      vertex -18.7621 4.99 20.5481
    endloop
  endfacet
  facet normal 0.533746 0.704334 -0.468005
    outer loop
      vertex -17.8994 4.99 21.8394
      vertex -16.676 3.25 20.616
      vertex -18.2404 4.99 21.4505
    endloop
  endfacet
  facet normal -0.671397 0.704245 0.230793
    outer loop
      vertex -11.2416 4.99 17.9917
      vertex -12.9117 3.25 18.4427
      vertex -11.2405 4.99 17.9949
    endloop
  endfacet
  facet normal -0.672199 0.704335 0.228167
    outer loop
      vertex -12.9117 3.25 18.4427
      vertex -11.2416 4.99 17.9917
      vertex -13.0063 3.25 18.164
    endloop
  endfacet
  facet normal -0.590228 0.70433 0.3944
    outer loop
      vertex -11.6381 4.99 17.0349
      vertex -11.9255 4.99 16.6048
      vertex -13.1364 3.25 17.9
    endloop
  endfacet
  facet normal -0.642901 0.704745 0.300021
    outer loop
      vertex -11.4093 4.99 17.4989
      vertex -13.0063 3.25 18.164
      vertex -11.4079 4.99 17.5019
    endloop
  endfacet
  facet normal -0.636736 0.704348 0.313785
    outer loop
      vertex -13.0063 3.25 18.164
      vertex -11.4093 4.99 17.4989
      vertex -13.1364 3.25 17.9
    endloop
  endfacet
  facet normal -0.0463822 0.704328 0.708358
    outer loop
      vertex -14.5688 4.99 15.0787
      vertex -15.085 4.99 15.0449
      vertex -15.085 3.25 16.775
    endloop
  endfacet
  facet normal 0.313785 0.704348 0.636736
    outer loop
      vertex -15.946 3.25 16.9463
      vertex -16.6111 4.99 15.3493
      vertex -16.21 3.25 17.0764
    endloop
  endfacet
  facet normal 0.300021 0.704745 0.642901
    outer loop
      vertex -16.6111 4.99 15.3493
      vertex -15.946 3.25 16.9463
      vertex -16.6081 4.99 15.3479
    endloop
  endfacet
  facet normal 0.672187 0.704328 0.228225
    outer loop
      vertex -17.1637 3.25 18.164
      vertex -18.7621 4.99 17.5019
      vertex -18.9284 4.99 17.9917
    endloop
  endfacet
  facet normal 0.636736 0.704348 0.313785
    outer loop
      vertex -18.7607 4.99 17.4989
      vertex -17.1637 3.25 18.164
      vertex -17.0336 3.25 17.9
    endloop
  endfacet
  facet normal 0.642901 0.704745 0.300021
    outer loop
      vertex -17.1637 3.25 18.164
      vertex -18.7607 4.99 17.4989
      vertex -18.7621 4.99 17.5019
    endloop
  endfacet
  facet normal -0.533746 0.704334 0.468005
    outer loop
      vertex -11.9296 4.99 16.5995
      vertex -12.2706 4.99 16.2106
      vertex -13.494 3.25 17.434
    endloop
  endfacet
  facet normal -0.54164 0.704683 0.458311
    outer loop
      vertex -11.9296 4.99 16.5995
      vertex -13.3 3.25 17.6553
      vertex -11.9274 4.99 16.6021
    endloop
  endfacet
  facet normal -0.53379 0.704343 0.467941
    outer loop
      vertex -13.3 3.25 17.6553
      vertex -11.9296 4.99 16.5995
      vertex -13.494 3.25 17.434
    endloop
  endfacet
  facet normal -0.672187 0.704328 0.228225
    outer loop
      vertex -11.2416 4.99 17.9917
      vertex -11.4079 4.99 17.5019
      vertex -13.0063 3.25 18.164
    endloop
  endfacet
  facet normal -0.313948 0.704328 0.636678
    outer loop
      vertex -13.0949 4.99 15.5781
      vertex -13.5589 4.99 15.3493
      vertex -13.96 3.25 17.0764
    endloop
  endfacet
  facet normal -0.3944 0.70433 0.590228
    outer loop
      vertex -12.6648 4.99 15.8655
      vertex -13.0949 4.99 15.5781
      vertex -13.96 3.25 17.0764
    endloop
  endfacet
  facet normal 0.0463822 0.704328 0.708358
    outer loop
      vertex -15.085 3.25 16.775
      vertex -15.085 4.99 15.0449
      vertex -15.6012 4.99 15.0787
    endloop
  endfacet
  facet normal 0.69474 0.704002 0.147369
    outer loop
      vertex -17.3158 3.25 18.7313
      vertex -19.0304 4.99 18.5022
      vertex -19.0311 4.99 18.5055
    endloop
  endfacet
  facet normal 0.696209 0.70431 0.138711
    outer loop
      vertex -19.0304 4.99 18.5022
      vertex -17.3158 3.25 18.7313
      vertex -17.2583 3.25 18.4427
    endloop
  endfacet
  facet normal -0.467941 0.704343 0.53379
    outer loop
      vertex -12.6595 4.99 15.8696
      vertex -13.7153 3.25 17.24
      vertex -13.494 3.25 17.434
    endloop
  endfacet
  facet normal -0.458311 0.704683 0.54164
    outer loop
      vertex -13.7153 3.25 17.24
      vertex -12.6595 4.99 15.8696
      vertex -12.6621 4.99 15.8674
    endloop
  endfacet
  facet normal -0.696228 0.704337 0.138477
    outer loop
      vertex -11.1396 4.99 18.5022
      vertex -11.2405 4.99 17.9949
      vertex -12.9117 3.25 18.4427
    endloop
  endfacet
  facet normal -0.69474 0.704002 0.147369
    outer loop
      vertex -11.1396 4.99 18.5022
      vertex -12.8542 3.25 18.7313
      vertex -11.1389 4.99 18.5055
    endloop
  endfacet
  facet normal -0.696209 0.70431 0.138711
    outer loop
      vertex -12.8542 3.25 18.7313
      vertex -11.1396 4.99 18.5022
      vertex -12.9117 3.25 18.4427
    endloop
  endfacet
  facet normal -0.228167 0.704335 0.672199
    outer loop
      vertex -14.0517 4.99 15.1816
      vertex -14.5027 3.25 16.8517
      vertex -14.224 3.25 16.9463
    endloop
  endfacet
  facet normal -0.230793 0.704245 0.671397
    outer loop
      vertex -14.5027 3.25 16.8517
      vertex -14.0517 4.99 15.1816
      vertex -14.0549 4.99 15.1805
    endloop
  endfacet
  facet normal 0.0465466 0.704347 0.708328
    outer loop
      vertex -15.6012 4.99 15.0787
      vertex -15.3787 3.25 16.7943
      vertex -15.085 3.25 16.775
    endloop
  endfacet
  facet normal 0.0429499 0.704228 0.708674
    outer loop
      vertex -15.3787 3.25 16.7943
      vertex -15.6012 4.99 15.0787
      vertex -15.6045 4.99 15.0789
    endloop
  endfacet
  facet normal -0.0429499 0.704228 0.708674
    outer loop
      vertex -14.5688 4.99 15.0787
      vertex -14.7913 3.25 16.7943
      vertex -14.5655 4.99 15.0789
    endloop
  endfacet
  facet normal -0.0465466 0.704347 0.708328
    outer loop
      vertex -14.7913 3.25 16.7943
      vertex -14.5688 4.99 15.0787
      vertex -15.085 3.25 16.775
    endloop
  endfacet
  facet normal -0.138474 0.704337 0.696228
    outer loop
      vertex -14.5622 4.99 15.0796
      vertex -14.7913 3.25 16.7943
      vertex -14.5027 3.25 16.8517
    endloop
  endfacet
  facet normal -0.147365 0.704022 0.69472
    outer loop
      vertex -14.7913 3.25 16.7943
      vertex -14.5622 4.99 15.0796
      vertex -14.5655 4.99 15.0789
    endloop
  endfacet
  facet normal -0.997861 0 0.0653646
    outer loop
      vertex -11.1192 4.99 18.5029
      vertex -11.085 5 19.025
      vertex -11.1192 5 18.5029
    endloop
  endfacet
  facet normal -0.997861 0 0.0653646
    outer loop
      vertex -11.085 5 19.025
      vertex -11.1192 4.99 18.5029
      vertex -11.085 4.99 19.025
    endloop
  endfacet
  facet normal 0.997861 -0 0.0653646
    outer loop
      vertex -19.085 4.99 19.025
      vertex -19.0508 5 18.5029
      vertex -19.085 5 19.025
    endloop
  endfacet
  facet normal 0.997861 0 0.0653646
    outer loop
      vertex -19.0508 5 18.5029
      vertex -19.085 4.99 19.025
      vertex -19.0508 4.99 18.5029
    endloop
  endfacet
  facet normal -0.0653646 0 0.997861
    outer loop
      vertex -15.085 5 15.025
      vertex -14.5629 4.99 15.0592
      vertex -14.5629 5 15.0592
    endloop
  endfacet
  facet normal -0.0653646 0 0.997861
    outer loop
      vertex -14.5629 4.99 15.0592
      vertex -15.085 5 15.025
      vertex -15.085 4.99 15.025
    endloop
  endfacet
  facet normal 0.751842 0 -0.659343
    outer loop
      vertex -17.9134 4.99 21.8534
      vertex -18.2584 5 21.46
      vertex -17.9134 5 21.8534
    endloop
  endfacet
  facet normal 0.751842 0 -0.659343
    outer loop
      vertex -18.2584 5 21.46
      vertex -17.9134 4.99 21.8534
      vertex -18.2584 4.99 21.46
    endloop
  endfacet
  facet normal -0.659343 0 0.751842
    outer loop
      vertex -12.65 5 15.8516
      vertex -12.2566 4.99 16.1966
      vertex -12.2566 5 16.1966
    endloop
  endfacet
  facet normal -0.659343 0 0.751842
    outer loop
      vertex -12.2566 4.99 16.1966
      vertex -12.65 5 15.8516
      vertex -12.65 4.99 15.8516
    endloop
  endfacet
  facet normal 0.659343 0 0.751842
    outer loop
      vertex -17.9134 5 16.1966
      vertex -17.52 4.99 15.8516
      vertex -17.52 5 15.8516
    endloop
  endfacet
  facet normal 0.659343 0 0.751842
    outer loop
      vertex -17.52 4.99 15.8516
      vertex -17.9134 5 16.1966
      vertex -17.9134 4.99 16.1966
    endloop
  endfacet
  facet normal 0.321498 0 0.94691
    outer loop
      vertex -16.6157 5 15.3295
      vertex -16.1203 4.99 15.1613
      vertex -16.1203 5 15.1613
    endloop
  endfacet
  facet normal 0.321498 0 0.94691
    outer loop
      vertex -16.1203 4.99 15.1613
      vertex -16.6157 5 15.3295
      vertex -16.6157 4.99 15.3295
    endloop
  endfacet
  facet normal 0 1 -0
    outer loop
      vertex -14.5688 4.99 22.9713
      vertex -15.085 4.99 23.025
      vertex -14.5629 4.99 22.9908
    endloop
  endfacet
  facet normal 0 1 0
    outer loop
      vertex -15.085 4.99 23.025
      vertex -14.5688 4.99 22.9713
      vertex -15.085 4.99 23.0051
    endloop
  endfacet
  facet normal 0 1 0
    outer loop
      vertex -14.5629 4.99 22.9908
      vertex -14.5655 4.99 22.9711
      vertex -14.5688 4.99 22.9713
    endloop
  endfacet
  facet normal 0 1 0
    outer loop
      vertex -14.5629 4.99 22.9908
      vertex -14.5622 4.99 22.9704
      vertex -14.5655 4.99 22.9711
    endloop
  endfacet
  facet normal 0 1 0
    outer loop
      vertex -14.0497 4.99 22.8887
      vertex -14.5622 4.99 22.9704
      vertex -14.5629 4.99 22.9908
    endloop
  endfacet
  facet normal 0 1 0
    outer loop
      vertex -14.0497 4.99 22.8887
      vertex -14.0549 4.99 22.8695
      vertex -14.5622 4.99 22.9704
    endloop
  endfacet
  facet normal 0 1 0
    outer loop
      vertex -14.0497 4.99 22.8887
      vertex -14.0517 4.99 22.8684
      vertex -14.0549 4.99 22.8695
    endloop
  endfacet
  facet normal 0 1 0
    outer loop
      vertex -13.5543 4.99 22.7205
      vertex -14.0517 4.99 22.8684
      vertex -14.0497 4.99 22.8887
    endloop
  endfacet
  facet normal 0 1 0
    outer loop
      vertex -13.5543 4.99 22.7205
      vertex -13.5619 4.99 22.7021
      vertex -14.0517 4.99 22.8684
    endloop
  endfacet
  facet normal 0 1 0
    outer loop
      vertex -13.5543 4.99 22.7205
      vertex -13.5589 4.99 22.7007
      vertex -13.5619 4.99 22.7021
    endloop
  endfacet
  facet normal 0 1 0
    outer loop
      vertex -13.085 4.99 22.4891
      vertex -13.5589 4.99 22.7007
      vertex -13.5543 4.99 22.7205
    endloop
  endfacet
  facet normal 0 1 0
    outer loop
      vertex -13.085 4.99 22.4891
      vertex -13.0949 4.99 22.4719
      vertex -13.5589 4.99 22.7007
    endloop
  endfacet
  facet normal 0 1 -0
    outer loop
      vertex -12.6648 4.99 22.1845
      vertex -13.085 4.99 22.4891
      vertex -12.65 4.99 22.1984
    endloop
  endfacet
  facet normal 0 1 0
    outer loop
      vertex -13.085 4.99 22.4891
      vertex -12.6648 4.99 22.1845
      vertex -13.0949 4.99 22.4719
    endloop
  endfacet
  facet normal 0 1 0
    outer loop
      vertex -12.65 4.99 22.1984
      vertex -12.6621 4.99 22.1826
      vertex -12.6648 4.99 22.1845
    endloop
  endfacet
  facet normal 0 1 0
    outer loop
      vertex -12.65 4.99 22.1984
      vertex -12.6595 4.99 22.1804
      vertex -12.6621 4.99 22.1826
    endloop
  endfacet
  facet normal 0 1 0
    outer loop
      vertex -12.2566 4.99 21.8534
      vertex -12.6595 4.99 22.1804
      vertex -12.65 4.99 22.1984
    endloop
  endfacet
  facet normal 0 1 0
    outer loop
      vertex -12.2566 4.99 21.8534
      vertex -12.2706 4.99 21.8394
      vertex -12.6595 4.99 22.1804
    endloop
  endfacet
  facet normal 0 1 -0
    outer loop
      vertex -11.9296 4.99 21.4505
      vertex -12.2566 4.99 21.8534
      vertex -11.9116 4.99 21.46
    endloop
  endfacet
  facet normal 0 1 0
    outer loop
      vertex -12.2566 4.99 21.8534
      vertex -11.9296 4.99 21.4505
      vertex -12.2706 4.99 21.8394
    endloop
  endfacet
  facet normal 0 1 0
    outer loop
      vertex -11.9116 4.99 21.46
      vertex -11.9274 4.99 21.4479
      vertex -11.9296 4.99 21.4505
    endloop
  endfacet
  facet normal 0 1 0
    outer loop
      vertex -11.9116 4.99 21.46
      vertex -11.9255 4.99 21.4452
      vertex -11.9274 4.99 21.4479
    endloop
  endfacet
  facet normal 0 1 0
    outer loop
      vertex -11.6209 4.99 21.025
      vertex -11.9255 4.99 21.4452
      vertex -11.9116 4.99 21.46
    endloop
  endfacet
  facet normal 0 1 0
    outer loop
      vertex -11.6209 4.99 21.025
      vertex -11.6381 4.99 21.0151
      vertex -11.9255 4.99 21.4452
    endloop
  endfacet
  facet normal 0 1 -0
    outer loop
      vertex -11.4093 4.99 20.5511
      vertex -11.6209 4.99 21.025
      vertex -11.3895 4.99 20.5557
    endloop
  endfacet
  facet normal 0 1 0
    outer loop
      vertex -11.6209 4.99 21.025
      vertex -11.4093 4.99 20.5511
      vertex -11.6381 4.99 21.0151
    endloop
  endfacet
  facet normal 0 1 0
    outer loop
      vertex -11.3895 4.99 20.5557
      vertex -11.4079 4.99 20.5481
      vertex -11.4093 4.99 20.5511
    endloop
  endfacet
  facet normal 0 1 -0
    outer loop
      vertex -11.2416 4.99 20.0583
      vertex -11.3895 4.99 20.5557
      vertex -11.2213 4.99 20.0603
    endloop
  endfacet
  facet normal 0 1 0
    outer loop
      vertex -11.3895 4.99 20.5557
      vertex -11.2416 4.99 20.0583
      vertex -11.4079 4.99 20.5481
    endloop
  endfacet
  facet normal 0 1 0
    outer loop
      vertex -11.2213 4.99 20.0603
      vertex -11.2405 4.99 20.0551
      vertex -11.2416 4.99 20.0583
    endloop
  endfacet
  facet normal 0 1 0
    outer loop
      vertex -11.2213 4.99 20.0603
      vertex -11.1396 4.99 19.5478
      vertex -11.2405 4.99 20.0551
    endloop
  endfacet
  facet normal 0 1 0
    outer loop
      vertex -11.1192 4.99 19.5471
      vertex -11.1396 4.99 19.5478
      vertex -11.2213 4.99 20.0603
    endloop
  endfacet
  facet normal 0 1 0
    outer loop
      vertex -11.1192 4.99 19.5471
      vertex -11.1389 4.99 19.5445
      vertex -11.1396 4.99 19.5478
    endloop
  endfacet
  facet normal 0 1 0
    outer loop
      vertex -11.1192 4.99 19.5471
      vertex -11.1387 4.99 19.5412
      vertex -11.1389 4.99 19.5445
    endloop
  endfacet
  facet normal 0 1 0
    outer loop
      vertex -11.085 4.99 19.025
      vertex -11.1387 4.99 19.5412
      vertex -11.1192 4.99 19.5471
    endloop
  endfacet
  facet normal 0 1 0
    outer loop
      vertex -11.085 4.99 19.025
      vertex -11.1049 4.99 19.025
      vertex -11.1387 4.99 19.5412
    endloop
  endfacet
  facet normal 0 1 0
    outer loop
      vertex -11.085 4.99 19.025
      vertex -11.1387 4.99 18.5088
      vertex -11.1049 4.99 19.025
    endloop
  endfacet
  facet normal 0 1 -0
    outer loop
      vertex -11.1192 4.99 18.5029
      vertex -11.1387 4.99 18.5088
      vertex -11.085 4.99 19.025
    endloop
  endfacet
  facet normal 0 1 0
    outer loop
      vertex -11.1387 4.99 18.5088
      vertex -11.1192 4.99 18.5029
      vertex -11.1389 4.99 18.5055
    endloop
  endfacet
  facet normal 0 1 0
    outer loop
      vertex -11.1192 4.99 18.5029
      vertex -11.1396 4.99 18.5022
      vertex -11.1389 4.99 18.5055
    endloop
  endfacet
  facet normal 0 1 0
    outer loop
      vertex -11.2213 4.99 17.9897
      vertex -11.1396 4.99 18.5022
      vertex -11.1192 4.99 18.5029
    endloop
  endfacet
  facet normal 0 1 0
    outer loop
      vertex -11.1396 4.99 18.5022
      vertex -11.2213 4.99 17.9897
      vertex -11.2405 4.99 17.9949
    endloop
  endfacet
  facet normal 0 1 0
    outer loop
      vertex -11.2213 4.99 17.9897
      vertex -11.2416 4.99 17.9917
      vertex -11.2405 4.99 17.9949
    endloop
  endfacet
  facet normal 0 1 0
    outer loop
      vertex -11.3895 4.99 17.4943
      vertex -11.2416 4.99 17.9917
      vertex -11.2213 4.99 17.9897
    endloop
  endfacet
  facet normal 0 1 0
    outer loop
      vertex -11.2416 4.99 17.9917
      vertex -11.3895 4.99 17.4943
      vertex -11.4079 4.99 17.5019
    endloop
  endfacet
  facet normal 0 1 0
    outer loop
      vertex -11.3895 4.99 17.4943
      vertex -11.4093 4.99 17.4989
      vertex -11.4079 4.99 17.5019
    endloop
  endfacet
  facet normal 0 1 0
    outer loop
      vertex -11.6209 4.99 17.025
      vertex -11.4093 4.99 17.4989
      vertex -11.3895 4.99 17.4943
    endloop
  endfacet
  facet normal 0 1 0
    outer loop
      vertex -11.4093 4.99 17.4989
      vertex -11.6209 4.99 17.025
      vertex -11.6381 4.99 17.0349
    endloop
  endfacet
  facet normal 0 1 0
    outer loop
      vertex -11.6209 4.99 17.025
      vertex -11.9255 4.99 16.6048
      vertex -11.6381 4.99 17.0349
    endloop
  endfacet
  facet normal 0 1 -0
    outer loop
      vertex -11.9116 4.99 16.59
      vertex -11.9255 4.99 16.6048
      vertex -11.6209 4.99 17.025
    endloop
  endfacet
  facet normal 0 1 0
    outer loop
      vertex -11.9255 4.99 16.6048
      vertex -11.9116 4.99 16.59
      vertex -11.9274 4.99 16.6021
    endloop
  endfacet
  facet normal 0 1 0
    outer loop
      vertex -11.9116 4.99 16.59
      vertex -11.9296 4.99 16.5995
      vertex -11.9274 4.99 16.6021
    endloop
  endfacet
  facet normal 0 1 0
    outer loop
      vertex -12.2566 4.99 16.1966
      vertex -11.9296 4.99 16.5995
      vertex -11.9116 4.99 16.59
    endloop
  endfacet
  facet normal 0 1 0
    outer loop
      vertex -11.9296 4.99 16.5995
      vertex -12.2566 4.99 16.1966
      vertex -12.2706 4.99 16.2106
    endloop
  endfacet
  facet normal 0 1 0
    outer loop
      vertex -12.2566 4.99 16.1966
      vertex -12.6595 4.99 15.8696
      vertex -12.2706 4.99 16.2106
    endloop
  endfacet
  facet normal 0 1 -0
    outer loop
      vertex -12.65 4.99 15.8516
      vertex -12.6595 4.99 15.8696
      vertex -12.2566 4.99 16.1966
    endloop
  endfacet
  facet normal 0 1 0
    outer loop
      vertex -12.6595 4.99 15.8696
      vertex -12.65 4.99 15.8516
      vertex -12.6621 4.99 15.8674
    endloop
  endfacet
  facet normal 0 1 0
    outer loop
      vertex -12.65 4.99 15.8516
      vertex -12.6648 4.99 15.8655
      vertex -12.6621 4.99 15.8674
    endloop
  endfacet
  facet normal 0 1 0
    outer loop
      vertex -13.085 4.99 15.5609
      vertex -12.6648 4.99 15.8655
      vertex -12.65 4.99 15.8516
    endloop
  endfacet
  facet normal 0 1 0
    outer loop
      vertex -12.6648 4.99 15.8655
      vertex -13.085 4.99 15.5609
      vertex -13.0949 4.99 15.5781
    endloop
  endfacet
  facet normal 0 1 0
    outer loop
      vertex -13.085 4.99 15.5609
      vertex -13.5589 4.99 15.3493
      vertex -13.0949 4.99 15.5781
    endloop
  endfacet
  facet normal 0 1 -0
    outer loop
      vertex -13.5543 4.99 15.3295
      vertex -13.5589 4.99 15.3493
      vertex -13.085 4.99 15.5609
    endloop
  endfacet
  facet normal 0 1 0
    outer loop
      vertex -13.5589 4.99 15.3493
      vertex -13.5543 4.99 15.3295
      vertex -13.5619 4.99 15.3479
    endloop
  endfacet
  facet normal 0 1 0
    outer loop
      vertex -13.5543 4.99 15.3295
      vertex -14.0517 4.99 15.1816
      vertex -13.5619 4.99 15.3479
    endloop
  endfacet
  facet normal 0 1 -0
    outer loop
      vertex -14.0497 4.99 15.1613
      vertex -14.0517 4.99 15.1816
      vertex -13.5543 4.99 15.3295
    endloop
  endfacet
  facet normal 0 1 0
    outer loop
      vertex -14.0517 4.99 15.1816
      vertex -14.0497 4.99 15.1613
      vertex -14.0549 4.99 15.1805
    endloop
  endfacet
  facet normal 0 1 0
    outer loop
      vertex -14.0497 4.99 15.1613
      vertex -14.5622 4.99 15.0796
      vertex -14.0549 4.99 15.1805
    endloop
  endfacet
  facet normal 0 1 0
    outer loop
      vertex -14.5629 4.99 15.0592
      vertex -14.5622 4.99 15.0796
      vertex -14.0497 4.99 15.1613
    endloop
  endfacet
  facet normal 0 1 0
    outer loop
      vertex -14.5622 4.99 15.0796
      vertex -14.5629 4.99 15.0592
      vertex -14.5655 4.99 15.0789
    endloop
  endfacet
  facet normal 0 1 0
    outer loop
      vertex -14.5629 4.99 15.0592
      vertex -14.5688 4.99 15.0787
      vertex -14.5655 4.99 15.0789
    endloop
  endfacet
  facet normal 0 1 0
    outer loop
      vertex -15.085 4.99 15.025
      vertex -14.5688 4.99 15.0787
      vertex -14.5629 4.99 15.0592
    endloop
  endfacet
  facet normal 0 1 0
    outer loop
      vertex -14.5688 4.99 15.0787
      vertex -15.085 4.99 15.025
      vertex -15.085 4.99 15.0449
    endloop
  endfacet
  facet normal 0 1 0
    outer loop
      vertex -15.6012 4.99 22.9713
      vertex -15.085 4.99 23.025
      vertex -15.085 4.99 23.0051
    endloop
  endfacet
  facet normal 0 1 0
    outer loop
      vertex -15.085 4.99 23.025
      vertex -15.6012 4.99 22.9713
      vertex -15.6071 4.99 22.9908
    endloop
  endfacet
  facet normal 0 1 -0
    outer loop
      vertex -15.6045 4.99 22.9711
      vertex -15.6071 4.99 22.9908
      vertex -15.6012 4.99 22.9713
    endloop
  endfacet
  facet normal 0 1 0
    outer loop
      vertex -15.6078 4.99 22.9704
      vertex -15.6071 4.99 22.9908
      vertex -15.6045 4.99 22.9711
    endloop
  endfacet
  facet normal 0 1 -0
    outer loop
      vertex -15.6078 4.99 22.9704
      vertex -16.1203 4.99 22.8887
      vertex -15.6071 4.99 22.9908
    endloop
  endfacet
  facet normal 0 1 -0
    outer loop
      vertex -16.1151 4.99 22.8695
      vertex -16.1203 4.99 22.8887
      vertex -15.6078 4.99 22.9704
    endloop
  endfacet
  facet normal 0 1 -0
    outer loop
      vertex -16.1183 4.99 22.8684
      vertex -16.1203 4.99 22.8887
      vertex -16.1151 4.99 22.8695
    endloop
  endfacet
  facet normal 0 1 0
    outer loop
      vertex -16.1183 4.99 22.8684
      vertex -16.6157 4.99 22.7205
      vertex -16.1203 4.99 22.8887
    endloop
  endfacet
  facet normal 0 1 -0
    outer loop
      vertex -16.6081 4.99 22.7021
      vertex -16.6157 4.99 22.7205
      vertex -16.1183 4.99 22.8684
    endloop
  endfacet
  facet normal 0 1 -0
    outer loop
      vertex -16.6111 4.99 22.7007
      vertex -16.6157 4.99 22.7205
      vertex -16.6081 4.99 22.7021
    endloop
  endfacet
  facet normal 0 1 0
    outer loop
      vertex -16.6111 4.99 22.7007
      vertex -17.085 4.99 22.4891
      vertex -16.6157 4.99 22.7205
    endloop
  endfacet
  facet normal 0 1 -0
    outer loop
      vertex -17.0751 4.99 22.4719
      vertex -17.085 4.99 22.4891
      vertex -16.6111 4.99 22.7007
    endloop
  endfacet
  facet normal 0 1 0
    outer loop
      vertex -17.5052 4.99 22.1845
      vertex -17.085 4.99 22.4891
      vertex -17.0751 4.99 22.4719
    endloop
  endfacet
  facet normal 0 1 0
    outer loop
      vertex -17.085 4.99 22.4891
      vertex -17.5052 4.99 22.1845
      vertex -17.52 4.99 22.1984
    endloop
  endfacet
  facet normal 0 1 -0
    outer loop
      vertex -17.5079 4.99 22.1826
      vertex -17.52 4.99 22.1984
      vertex -17.5052 4.99 22.1845
    endloop
  endfacet
  facet normal 0 1 -0
    outer loop
      vertex -17.5105 4.99 22.1804
      vertex -17.52 4.99 22.1984
      vertex -17.5079 4.99 22.1826
    endloop
  endfacet
  facet normal 0 1 0
    outer loop
      vertex -17.5105 4.99 22.1804
      vertex -17.9134 4.99 21.8534
      vertex -17.52 4.99 22.1984
    endloop
  endfacet
  facet normal 0 1 -0
    outer loop
      vertex -17.8994 4.99 21.8394
      vertex -17.9134 4.99 21.8534
      vertex -17.5105 4.99 22.1804
    endloop
  endfacet
  facet normal 0 1 0
    outer loop
      vertex -18.2404 4.99 21.4505
      vertex -17.9134 4.99 21.8534
      vertex -17.8994 4.99 21.8394
    endloop
  endfacet
  facet normal 0 1 0
    outer loop
      vertex -17.9134 4.99 21.8534
      vertex -18.2404 4.99 21.4505
      vertex -18.2584 4.99 21.46
    endloop
  endfacet
  facet normal 0 1 -0
    outer loop
      vertex -18.2426 4.99 21.4479
      vertex -18.2584 4.99 21.46
      vertex -18.2404 4.99 21.4505
    endloop
  endfacet
  facet normal 0 1 -0
    outer loop
      vertex -18.2445 4.99 21.4452
      vertex -18.2584 4.99 21.46
      vertex -18.2426 4.99 21.4479
    endloop
  endfacet
  facet normal 0 1 0
    outer loop
      vertex -18.2445 4.99 21.4452
      vertex -18.5491 4.99 21.025
      vertex -18.2584 4.99 21.46
    endloop
  endfacet
  facet normal 0 1 -0
    outer loop
      vertex -18.5319 4.99 21.0151
      vertex -18.5491 4.99 21.025
      vertex -18.2445 4.99 21.4452
    endloop
  endfacet
  facet normal 0 1 0
    outer loop
      vertex -18.7607 4.99 20.5511
      vertex -18.5491 4.99 21.025
      vertex -18.5319 4.99 21.0151
    endloop
  endfacet
  facet normal 0 1 0
    outer loop
      vertex -18.5491 4.99 21.025
      vertex -18.7607 4.99 20.5511
      vertex -18.7805 4.99 20.5557
    endloop
  endfacet
  facet normal 0 1 -0
    outer loop
      vertex -18.7621 4.99 20.5481
      vertex -18.7805 4.99 20.5557
      vertex -18.7607 4.99 20.5511
    endloop
  endfacet
  facet normal 0 1 0
    outer loop
      vertex -18.9284 4.99 20.0583
      vertex -18.7805 4.99 20.5557
      vertex -18.7621 4.99 20.5481
    endloop
  endfacet
  facet normal 0 1 0
    outer loop
      vertex -18.7805 4.99 20.5557
      vertex -18.9284 4.99 20.0583
      vertex -18.9487 4.99 20.0603
    endloop
  endfacet
  facet normal 0 1 -0
    outer loop
      vertex -18.9295 4.99 20.0551
      vertex -18.9487 4.99 20.0603
      vertex -18.9284 4.99 20.0583
    endloop
  endfacet
  facet normal 0 1 0
    outer loop
      vertex -19.0304 4.99 19.5478
      vertex -18.9487 4.99 20.0603
      vertex -18.9295 4.99 20.0551
    endloop
  endfacet
  facet normal 0 1 -0
    outer loop
      vertex -19.0304 4.99 19.5478
      vertex -19.0508 4.99 19.5471
      vertex -18.9487 4.99 20.0603
    endloop
  endfacet
  facet normal 0 1 -0
    outer loop
      vertex -19.0311 4.99 19.5445
      vertex -19.0508 4.99 19.5471
      vertex -19.0304 4.99 19.5478
    endloop
  endfacet
  facet normal 0 1 -0
    outer loop
      vertex -19.0313 4.99 19.5412
      vertex -19.0508 4.99 19.5471
      vertex -19.0311 4.99 19.5445
    endloop
  endfacet
  facet normal 0 1 0
    outer loop
      vertex -19.085 4.99 19.025
      vertex -19.0313 4.99 19.5412
      vertex -19.0651 4.99 19.025
    endloop
  endfacet
  facet normal 0 1 0
    outer loop
      vertex -19.0313 4.99 19.5412
      vertex -19.085 4.99 19.025
      vertex -19.0508 4.99 19.5471
    endloop
  endfacet
  facet normal 0 1 0
    outer loop
      vertex -19.0313 4.99 18.5088
      vertex -19.085 4.99 19.025
      vertex -19.0651 4.99 19.025
    endloop
  endfacet
  facet normal 0 1 0
    outer loop
      vertex -19.0508 4.99 18.5029
      vertex -19.0313 4.99 18.5088
      vertex -19.0311 4.99 18.5055
    endloop
  endfacet
  facet normal 0 1 0
    outer loop
      vertex -19.0313 4.99 18.5088
      vertex -19.0508 4.99 18.5029
      vertex -19.085 4.99 19.025
    endloop
  endfacet
  facet normal 0 1 0
    outer loop
      vertex -19.0304 4.99 18.5022
      vertex -19.0508 4.99 18.5029
      vertex -19.0311 4.99 18.5055
    endloop
  endfacet
  facet normal 0 1 -0
    outer loop
      vertex -18.9487 4.99 17.9897
      vertex -19.0304 4.99 18.5022
      vertex -18.9295 4.99 17.9949
    endloop
  endfacet
  facet normal 0 1 0
    outer loop
      vertex -19.0304 4.99 18.5022
      vertex -18.9487 4.99 17.9897
      vertex -19.0508 4.99 18.5029
    endloop
  endfacet
  facet normal 0 1 0
    outer loop
      vertex -18.9284 4.99 17.9917
      vertex -18.9487 4.99 17.9897
      vertex -18.9295 4.99 17.9949
    endloop
  endfacet
  facet normal 0 1 -0
    outer loop
      vertex -18.7805 4.99 17.4943
      vertex -18.9284 4.99 17.9917
      vertex -18.7621 4.99 17.5019
    endloop
  endfacet
  facet normal 0 1 0
    outer loop
      vertex -18.9284 4.99 17.9917
      vertex -18.7805 4.99 17.4943
      vertex -18.9487 4.99 17.9897
    endloop
  endfacet
  facet normal 0 1 0
    outer loop
      vertex -18.7607 4.99 17.4989
      vertex -18.7805 4.99 17.4943
      vertex -18.7621 4.99 17.5019
    endloop
  endfacet
  facet normal 0 1 -0
    outer loop
      vertex -18.5491 4.99 17.025
      vertex -18.7607 4.99 17.4989
      vertex -18.5319 4.99 17.0349
    endloop
  endfacet
  facet normal 0 1 0
    outer loop
      vertex -18.7607 4.99 17.4989
      vertex -18.5491 4.99 17.025
      vertex -18.7805 4.99 17.4943
    endloop
  endfacet
  facet normal 0 1 0
    outer loop
      vertex -18.2445 4.99 16.6048
      vertex -18.5491 4.99 17.025
      vertex -18.5319 4.99 17.0349
    endloop
  endfacet
  facet normal 0 1 0
    outer loop
      vertex -18.2584 4.99 16.59
      vertex -18.2445 4.99 16.6048
      vertex -18.2426 4.99 16.6021
    endloop
  endfacet
  facet normal 0 1 0
    outer loop
      vertex -18.2445 4.99 16.6048
      vertex -18.2584 4.99 16.59
      vertex -18.5491 4.99 17.025
    endloop
  endfacet
  facet normal 0 1 0
    outer loop
      vertex -18.2404 4.99 16.5995
      vertex -18.2584 4.99 16.59
      vertex -18.2426 4.99 16.6021
    endloop
  endfacet
  facet normal 0 1 -0
    outer loop
      vertex -17.9134 4.99 16.1966
      vertex -18.2404 4.99 16.5995
      vertex -17.8994 4.99 16.2106
    endloop
  endfacet
  facet normal 0 1 0
    outer loop
      vertex -18.2404 4.99 16.5995
      vertex -17.9134 4.99 16.1966
      vertex -18.2584 4.99 16.59
    endloop
  endfacet
  facet normal 0 1 0
    outer loop
      vertex -17.5105 4.99 15.8696
      vertex -17.9134 4.99 16.1966
      vertex -17.8994 4.99 16.2106
    endloop
  endfacet
  facet normal 0 1 0
    outer loop
      vertex -17.52 4.99 15.8516
      vertex -17.5105 4.99 15.8696
      vertex -17.5079 4.99 15.8674
    endloop
  endfacet
  facet normal 0 1 0
    outer loop
      vertex -17.5105 4.99 15.8696
      vertex -17.52 4.99 15.8516
      vertex -17.9134 4.99 16.1966
    endloop
  endfacet
  facet normal 0 1 0
    outer loop
      vertex -17.5052 4.99 15.8655
      vertex -17.52 4.99 15.8516
      vertex -17.5079 4.99 15.8674
    endloop
  endfacet
  facet normal 0 1 -0
    outer loop
      vertex -17.085 4.99 15.5609
      vertex -17.5052 4.99 15.8655
      vertex -17.0751 4.99 15.5781
    endloop
  endfacet
  facet normal 0 1 0
    outer loop
      vertex -17.5052 4.99 15.8655
      vertex -17.085 4.99 15.5609
      vertex -17.52 4.99 15.8516
    endloop
  endfacet
  facet normal 0 1 0
    outer loop
      vertex -16.6111 4.99 15.3493
      vertex -17.085 4.99 15.5609
      vertex -17.0751 4.99 15.5781
    endloop
  endfacet
  facet normal 0 1 0
    outer loop
      vertex -16.6157 4.99 15.3295
      vertex -16.6111 4.99 15.3493
      vertex -16.6081 4.99 15.3479
    endloop
  endfacet
  facet normal 0 1 0
    outer loop
      vertex -16.6111 4.99 15.3493
      vertex -16.6157 4.99 15.3295
      vertex -17.085 4.99 15.5609
    endloop
  endfacet
  facet normal 0 1 0
    outer loop
      vertex -16.1183 4.99 15.1816
      vertex -16.6157 4.99 15.3295
      vertex -16.6081 4.99 15.3479
    endloop
  endfacet
  facet normal 0 1 0
    outer loop
      vertex -16.1203 4.99 15.1613
      vertex -16.1183 4.99 15.1816
      vertex -16.1151 4.99 15.1805
    endloop
  endfacet
  facet normal 0 1 0
    outer loop
      vertex -16.1183 4.99 15.1816
      vertex -16.1203 4.99 15.1613
      vertex -16.6157 4.99 15.3295
    endloop
  endfacet
  facet normal 0 1 0
    outer loop
      vertex -15.6078 4.99 15.0796
      vertex -16.1203 4.99 15.1613
      vertex -16.1151 4.99 15.1805
    endloop
  endfacet
  facet normal 0 1 -0
    outer loop
      vertex -15.6071 4.99 15.0592
      vertex -15.6078 4.99 15.0796
      vertex -15.6045 4.99 15.0789
    endloop
  endfacet
  facet normal 0 1 0
    outer loop
      vertex -15.6078 4.99 15.0796
      vertex -15.6071 4.99 15.0592
      vertex -16.1203 4.99 15.1613
    endloop
  endfacet
  facet normal 0 1 0
    outer loop
      vertex -15.6012 4.99 15.0787
      vertex -15.6071 4.99 15.0592
      vertex -15.6045 4.99 15.0789
    endloop
  endfacet
  facet normal 0 1 -0
    outer loop
      vertex -15.085 4.99 15.025
      vertex -15.6012 4.99 15.0787
      vertex -15.085 4.99 15.0449
    endloop
  endfacet
  facet normal 0 1 0
    outer loop
      vertex -15.6012 4.99 15.0787
      vertex -15.085 4.99 15.025
      vertex -15.6071 4.99 15.0592
    endloop
  endfacet
  facet normal -0.896898 0 0.442238
    outer loop
      vertex -11.6209 4.99 17.025
      vertex -11.3895 5 17.4943
      vertex -11.6209 5 17.025
    endloop
  endfacet
  facet normal -0.896898 0 0.442238
    outer loop
      vertex -11.3895 5 17.4943
      vertex -11.6209 4.99 17.025
      vertex -11.3895 4.99 17.4943
    endloop
  endfacet
  facet normal -0.831432 0 0.555626
    outer loop
      vertex -11.9116 4.99 16.59
      vertex -11.6209 5 17.025
      vertex -11.9116 5 16.59
    endloop
  endfacet
  facet normal -0.831432 0 0.555626
    outer loop
      vertex -11.6209 5 17.025
      vertex -11.9116 4.99 16.59
      vertex -11.6209 4.99 17.025
    endloop
  endfacet
  facet normal -0.442238 0 0.896898
    outer loop
      vertex -13.5543 5 15.3295
      vertex -13.085 4.99 15.5609
      vertex -13.085 5 15.5609
    endloop
  endfacet
  facet normal -0.442238 0 0.896898
    outer loop
      vertex -13.085 4.99 15.5609
      vertex -13.5543 5 15.3295
      vertex -13.5543 4.99 15.3295
    endloop
  endfacet
  facet normal -0.555626 0 0.831432
    outer loop
      vertex -13.085 5 15.5609
      vertex -12.65 4.99 15.8516
      vertex -12.65 5 15.8516
    endloop
  endfacet
  facet normal -0.555626 0 0.831432
    outer loop
      vertex -12.65 4.99 15.8516
      vertex -13.085 5 15.5609
      vertex -13.085 4.99 15.5609
    endloop
  endfacet
  facet normal 0.896898 -0 0.442238
    outer loop
      vertex -18.7805 4.99 17.4943
      vertex -18.5491 5 17.025
      vertex -18.7805 5 17.4943
    endloop
  endfacet
  facet normal 0.896898 0 0.442238
    outer loop
      vertex -18.5491 5 17.025
      vertex -18.7805 4.99 17.4943
      vertex -18.5491 4.99 17.025
    endloop
  endfacet
  facet normal 0.751842 -0 0.659343
    outer loop
      vertex -18.2584 4.99 16.59
      vertex -17.9134 5 16.1966
      vertex -18.2584 5 16.59
    endloop
  endfacet
  facet normal 0.751842 0 0.659343
    outer loop
      vertex -17.9134 5 16.1966
      vertex -18.2584 4.99 16.59
      vertex -17.9134 4.99 16.1966
    endloop
  endfacet
  facet normal 0.0653646 0 0.997861
    outer loop
      vertex -15.6071 5 15.0592
      vertex -15.085 4.99 15.025
      vertex -15.085 5 15.025
    endloop
  endfacet
  facet normal 0.0653646 0 0.997861
    outer loop
      vertex -15.085 4.99 15.025
      vertex -15.6071 5 15.0592
      vertex -15.6071 4.99 15.0592
    endloop
  endfacet
  facet normal -0.94691 0 -0.321498
    outer loop
      vertex -11.2213 4.99 20.0603
      vertex -11.3895 5 20.5557
      vertex -11.2213 5 20.0603
    endloop
  endfacet
  facet normal -0.94691 -0 -0.321498
    outer loop
      vertex -11.3895 5 20.5557
      vertex -11.2213 4.99 20.0603
      vertex -11.3895 4.99 20.5557
    endloop
  endfacet
  facet normal -0.555626 0 -0.831432
    outer loop
      vertex -13.085 4.99 22.4891
      vertex -12.65 5 22.1984
      vertex -12.65 4.99 22.1984
    endloop
  endfacet
  facet normal -0.555626 0 -0.831432
    outer loop
      vertex -12.65 5 22.1984
      vertex -13.085 4.99 22.4891
      vertex -13.085 5 22.4891
    endloop
  endfacet
  facet normal 0.659343 0 -0.751842
    outer loop
      vertex -17.9134 4.99 21.8534
      vertex -17.52 5 22.1984
      vertex -17.52 4.99 22.1984
    endloop
  endfacet
  facet normal 0.659343 0 -0.751842
    outer loop
      vertex -17.52 5 22.1984
      vertex -17.9134 4.99 21.8534
      vertex -17.9134 5 21.8534
    endloop
  endfacet
  facet normal 0.997861 0 -0.0653646
    outer loop
      vertex -19.0508 4.99 19.5471
      vertex -19.085 5 19.025
      vertex -19.0508 5 19.5471
    endloop
  endfacet
  facet normal 0.997861 0 -0.0653646
    outer loop
      vertex -19.085 5 19.025
      vertex -19.0508 4.99 19.5471
      vertex -19.085 4.99 19.025
    endloop
  endfacet
  facet normal -0.94691 0 0.321498
    outer loop
      vertex -11.3895 4.99 17.4943
      vertex -11.2213 5 17.9897
      vertex -11.3895 5 17.4943
    endloop
  endfacet
  facet normal -0.94691 0 0.321498
    outer loop
      vertex -11.2213 5 17.9897
      vertex -11.3895 4.99 17.4943
      vertex -11.2213 4.99 17.9897
    endloop
  endfacet
  facet normal -0.980779 0 0.195124
    outer loop
      vertex -11.2213 4.99 17.9897
      vertex -11.1192 5 18.5029
      vertex -11.2213 5 17.9897
    endloop
  endfacet
  facet normal -0.980779 0 0.195124
    outer loop
      vertex -11.1192 5 18.5029
      vertex -11.2213 4.99 17.9897
      vertex -11.1192 4.99 18.5029
    endloop
  endfacet
  facet normal -0.751842 0 0.659343
    outer loop
      vertex -12.2566 4.99 16.1966
      vertex -11.9116 5 16.59
      vertex -12.2566 5 16.1966
    endloop
  endfacet
  facet normal -0.751842 0 0.659343
    outer loop
      vertex -11.9116 5 16.59
      vertex -12.2566 4.99 16.1966
      vertex -11.9116 4.99 16.59
    endloop
  endfacet
  facet normal -0.321498 0 0.94691
    outer loop
      vertex -14.0497 5 15.1613
      vertex -13.5543 4.99 15.3295
      vertex -13.5543 5 15.3295
    endloop
  endfacet
  facet normal -0.321498 0 0.94691
    outer loop
      vertex -13.5543 4.99 15.3295
      vertex -14.0497 5 15.1613
      vertex -14.0497 4.99 15.1613
    endloop
  endfacet
  facet normal -0.195124 0 0.980779
    outer loop
      vertex -14.5629 5 15.0592
      vertex -14.0497 4.99 15.1613
      vertex -14.0497 5 15.1613
    endloop
  endfacet
  facet normal -0.195124 0 0.980779
    outer loop
      vertex -14.0497 4.99 15.1613
      vertex -14.5629 5 15.0592
      vertex -14.5629 4.99 15.0592
    endloop
  endfacet
  facet normal 0.831432 -0 0.555626
    outer loop
      vertex -18.5491 4.99 17.025
      vertex -18.2584 5 16.59
      vertex -18.5491 5 17.025
    endloop
  endfacet
  facet normal 0.831432 0 0.555626
    outer loop
      vertex -18.2584 5 16.59
      vertex -18.5491 4.99 17.025
      vertex -18.2584 4.99 16.59
    endloop
  endfacet
  facet normal 0.94691 -0 0.321498
    outer loop
      vertex -18.9487 4.99 17.9897
      vertex -18.7805 5 17.4943
      vertex -18.9487 5 17.9897
    endloop
  endfacet
  facet normal 0.94691 0 0.321498
    outer loop
      vertex -18.7805 5 17.4943
      vertex -18.9487 4.99 17.9897
      vertex -18.7805 4.99 17.4943
    endloop
  endfacet
  facet normal 0.980779 -0 0.195124
    outer loop
      vertex -19.0508 4.99 18.5029
      vertex -18.9487 5 17.9897
      vertex -19.0508 5 18.5029
    endloop
  endfacet
  facet normal 0.980779 0 0.195124
    outer loop
      vertex -18.9487 5 17.9897
      vertex -19.0508 4.99 18.5029
      vertex -18.9487 4.99 17.9897
    endloop
  endfacet
  facet normal 0.442238 0 0.896898
    outer loop
      vertex -17.085 5 15.5609
      vertex -16.6157 4.99 15.3295
      vertex -16.6157 5 15.3295
    endloop
  endfacet
  facet normal 0.442238 0 0.896898
    outer loop
      vertex -16.6157 4.99 15.3295
      vertex -17.085 5 15.5609
      vertex -17.085 4.99 15.5609
    endloop
  endfacet
  facet normal 0.555626 0 0.831432
    outer loop
      vertex -17.52 5 15.8516
      vertex -17.085 4.99 15.5609
      vertex -17.085 5 15.5609
    endloop
  endfacet
  facet normal 0.555626 0 0.831432
    outer loop
      vertex -17.085 4.99 15.5609
      vertex -17.52 5 15.8516
      vertex -17.52 4.99 15.8516
    endloop
  endfacet
  facet normal 0.195124 0 0.980779
    outer loop
      vertex -16.1203 5 15.1613
      vertex -15.6071 4.99 15.0592
      vertex -15.6071 5 15.0592
    endloop
  endfacet
  facet normal 0.195124 0 0.980779
    outer loop
      vertex -15.6071 4.99 15.0592
      vertex -16.1203 5 15.1613
      vertex -16.1203 4.99 15.1613
    endloop
  endfacet
  facet normal -0.0653646 0 -0.997861
    outer loop
      vertex -15.085 4.99 23.025
      vertex -14.5629 5 22.9908
      vertex -14.5629 4.99 22.9908
    endloop
  endfacet
  facet normal -0.0653646 0 -0.997861
    outer loop
      vertex -14.5629 5 22.9908
      vertex -15.085 4.99 23.025
      vertex -15.085 5 23.025
    endloop
  endfacet
  facet normal -0.321498 0 -0.94691
    outer loop
      vertex -14.0497 4.99 22.8887
      vertex -13.5543 5 22.7205
      vertex -13.5543 4.99 22.7205
    endloop
  endfacet
  facet normal -0.321498 0 -0.94691
    outer loop
      vertex -13.5543 5 22.7205
      vertex -14.0497 4.99 22.8887
      vertex -14.0497 5 22.8887
    endloop
  endfacet
  facet normal -0.659343 0 -0.751842
    outer loop
      vertex -12.65 4.99 22.1984
      vertex -12.2566 5 21.8534
      vertex -12.2566 4.99 21.8534
    endloop
  endfacet
  facet normal -0.659343 0 -0.751842
    outer loop
      vertex -12.2566 5 21.8534
      vertex -12.65 4.99 22.1984
      vertex -12.65 5 22.1984
    endloop
  endfacet
  facet normal -0.831432 0 -0.555626
    outer loop
      vertex -11.6209 4.99 21.025
      vertex -11.9116 5 21.46
      vertex -11.6209 5 21.025
    endloop
  endfacet
  facet normal -0.831432 -0 -0.555626
    outer loop
      vertex -11.9116 5 21.46
      vertex -11.6209 4.99 21.025
      vertex -11.9116 4.99 21.46
    endloop
  endfacet
  facet normal 0.555626 0 -0.831432
    outer loop
      vertex -17.52 4.99 22.1984
      vertex -17.085 5 22.4891
      vertex -17.085 4.99 22.4891
    endloop
  endfacet
  facet normal 0.555626 0 -0.831432
    outer loop
      vertex -17.085 5 22.4891
      vertex -17.52 4.99 22.1984
      vertex -17.52 5 22.1984
    endloop
  endfacet
  facet normal 0.321498 0 -0.94691
    outer loop
      vertex -16.6157 4.99 22.7205
      vertex -16.1203 5 22.8887
      vertex -16.1203 4.99 22.8887
    endloop
  endfacet
  facet normal 0.321498 0 -0.94691
    outer loop
      vertex -16.1203 5 22.8887
      vertex -16.6157 4.99 22.7205
      vertex -16.6157 5 22.7205
    endloop
  endfacet
  facet normal 0.0653646 0 -0.997861
    outer loop
      vertex -15.6071 4.99 22.9908
      vertex -15.085 5 23.025
      vertex -15.085 4.99 23.025
    endloop
  endfacet
  facet normal 0.0653646 0 -0.997861
    outer loop
      vertex -15.085 5 23.025
      vertex -15.6071 4.99 22.9908
      vertex -15.6071 5 22.9908
    endloop
  endfacet
  facet normal 0.896898 0 -0.442238
    outer loop
      vertex -18.5491 4.99 21.025
      vertex -18.7805 5 20.5557
      vertex -18.5491 5 21.025
    endloop
  endfacet
  facet normal 0.896898 0 -0.442238
    outer loop
      vertex -18.7805 5 20.5557
      vertex -18.5491 4.99 21.025
      vertex -18.7805 4.99 20.5557
    endloop
  endfacet
  facet normal 0.980779 0 -0.195124
    outer loop
      vertex -18.9487 4.99 20.0603
      vertex -19.0508 5 19.5471
      vertex -18.9487 5 20.0603
    endloop
  endfacet
  facet normal 0.980779 0 -0.195124
    outer loop
      vertex -19.0508 5 19.5471
      vertex -18.9487 4.99 20.0603
      vertex -19.0508 4.99 19.5471
    endloop
  endfacet
  facet normal -0.195124 0 -0.980779
    outer loop
      vertex -14.5629 4.99 22.9908
      vertex -14.0497 5 22.8887
      vertex -14.0497 4.99 22.8887
    endloop
  endfacet
  facet normal -0.195124 0 -0.980779
    outer loop
      vertex -14.0497 5 22.8887
      vertex -14.5629 4.99 22.9908
      vertex -14.5629 5 22.9908
    endloop
  endfacet
  facet normal -0.442238 0 -0.896898
    outer loop
      vertex -13.5543 4.99 22.7205
      vertex -13.085 5 22.4891
      vertex -13.085 4.99 22.4891
    endloop
  endfacet
  facet normal -0.442238 0 -0.896898
    outer loop
      vertex -13.085 5 22.4891
      vertex -13.5543 4.99 22.7205
      vertex -13.5543 5 22.7205
    endloop
  endfacet
  facet normal -0.751842 0 -0.659343
    outer loop
      vertex -11.9116 4.99 21.46
      vertex -12.2566 5 21.8534
      vertex -11.9116 5 21.46
    endloop
  endfacet
  facet normal -0.751842 -0 -0.659343
    outer loop
      vertex -12.2566 5 21.8534
      vertex -11.9116 4.99 21.46
      vertex -12.2566 4.99 21.8534
    endloop
  endfacet
  facet normal -0.980779 0 -0.195124
    outer loop
      vertex -11.1192 4.99 19.5471
      vertex -11.2213 5 20.0603
      vertex -11.1192 5 19.5471
    endloop
  endfacet
  facet normal -0.980779 -0 -0.195124
    outer loop
      vertex -11.2213 5 20.0603
      vertex -11.1192 4.99 19.5471
      vertex -11.2213 4.99 20.0603
    endloop
  endfacet
  facet normal -0.896898 0 -0.442238
    outer loop
      vertex -11.3895 4.99 20.5557
      vertex -11.6209 5 21.025
      vertex -11.3895 5 20.5557
    endloop
  endfacet
  facet normal -0.896898 -0 -0.442238
    outer loop
      vertex -11.6209 5 21.025
      vertex -11.3895 4.99 20.5557
      vertex -11.6209 4.99 21.025
    endloop
  endfacet
  facet normal 0.442238 0 -0.896898
    outer loop
      vertex -17.085 4.99 22.4891
      vertex -16.6157 5 22.7205
      vertex -16.6157 4.99 22.7205
    endloop
  endfacet
  facet normal 0.442238 0 -0.896898
    outer loop
      vertex -16.6157 5 22.7205
      vertex -17.085 4.99 22.4891
      vertex -17.085 5 22.4891
    endloop
  endfacet
  facet normal 0.195124 0 -0.980779
    outer loop
      vertex -16.1203 4.99 22.8887
      vertex -15.6071 5 22.9908
      vertex -15.6071 4.99 22.9908
    endloop
  endfacet
  facet normal 0.195124 0 -0.980779
    outer loop
      vertex -15.6071 5 22.9908
      vertex -16.1203 4.99 22.8887
      vertex -16.1203 5 22.8887
    endloop
  endfacet
  facet normal 0.831432 0 -0.555626
    outer loop
      vertex -18.2584 4.99 21.46
      vertex -18.5491 5 21.025
      vertex -18.2584 5 21.46
    endloop
  endfacet
  facet normal 0.831432 0 -0.555626
    outer loop
      vertex -18.5491 5 21.025
      vertex -18.2584 4.99 21.46
      vertex -18.5491 4.99 21.025
    endloop
  endfacet
  facet normal 0.94691 0 -0.321498
    outer loop
      vertex -18.7805 4.99 20.5557
      vertex -18.9487 5 20.0603
      vertex -18.7805 5 20.5557
    endloop
  endfacet
  facet normal 0.94691 0 -0.321498
    outer loop
      vertex -18.9487 5 20.0603
      vertex -18.7805 4.99 20.5557
      vertex -18.9487 4.99 20.0603
    endloop
  endfacet
  facet normal -0.997861 0 -0.0653646
    outer loop
      vertex -11.085 4.99 19.025
      vertex -11.1192 5 19.5471
      vertex -11.085 5 19.025
    endloop
  endfacet
  facet normal -0.997861 -0 -0.0653646
    outer loop
      vertex -11.1192 5 19.5471
      vertex -11.085 4.99 19.025
      vertex -11.1192 4.99 19.5471
    endloop
  endfacet
  facet normal -0.659202 0 0.751966
    outer loop
      vertex 16.4547 3.25 -20.81
      vertex 16.676 0 -20.616
      vertex 16.676 3.25 -20.616
    endloop
  endfacet
  facet normal -0.659202 0 0.751966
    outer loop
      vertex 16.676 0 -20.616
      vertex 16.4547 3.25 -20.81
      vertex 16.4547 0 -20.81
    endloop
  endfacet
  facet normal 0.946936 -0 0.321421
    outer loop
      vertex 12.9117 0 -19.6073
      vertex 13.0063 3.25 -19.886
      vertex 12.9117 3.25 -19.6073
    endloop
  endfacet
  facet normal 0.946936 0 0.321421
    outer loop
      vertex 13.0063 3.25 -19.886
      vertex 12.9117 0 -19.6073
      vertex 13.0063 0 -19.886
    endloop
  endfacet
  facet normal 0.321421 0 -0.946936
    outer loop
      vertex 14.224 0 -16.9463
      vertex 14.5027 3.25 -16.8517
      vertex 14.5027 0 -16.8517
    endloop
  endfacet
  facet normal 0.321421 0 -0.946936
    outer loop
      vertex 14.5027 3.25 -16.8517
      vertex 14.224 0 -16.9463
      vertex 14.224 3.25 -16.9463
    endloop
  endfacet
  facet normal 0.321421 0 0.946936
    outer loop
      vertex 14.224 3.25 -21.1037
      vertex 14.5027 0 -21.1983
      vertex 14.5027 3.25 -21.1983
    endloop
  endfacet
  facet normal 0.321421 0 0.946936
    outer loop
      vertex 14.5027 0 -21.1983
      vertex 14.224 3.25 -21.1037
      vertex 14.224 0 -21.1037
    endloop
  endfacet
  facet normal 0.896995 -0 0.442042
    outer loop
      vertex 13.0063 0 -19.886
      vertex 13.1364 3.25 -20.15
      vertex 13.0063 3.25 -19.886
    endloop
  endfacet
  facet normal 0.896995 0 0.442042
    outer loop
      vertex 13.1364 3.25 -20.15
      vertex 13.0063 0 -19.886
      vertex 13.1364 0 -20.15
    endloop
  endfacet
  facet normal -0.896995 0 0.442042
    outer loop
      vertex 17.0336 0 -20.15
      vertex 17.1637 3.25 -19.886
      vertex 17.0336 3.25 -20.15
    endloop
  endfacet
  facet normal -0.896995 0 0.442042
    outer loop
      vertex 17.1637 3.25 -19.886
      vertex 17.0336 0 -20.15
      vertex 17.1637 0 -19.886
    endloop
  endfacet
  facet normal -0.831318 0 0.555797
    outer loop
      vertex 16.87 0 -20.3947
      vertex 17.0336 3.25 -20.15
      vertex 16.87 3.25 -20.3947
    endloop
  endfacet
  facet normal -0.831318 0 0.555797
    outer loop
      vertex 17.0336 3.25 -20.15
      vertex 16.87 0 -20.3947
      vertex 17.0336 0 -20.15
    endloop
  endfacet
  facet normal -0.751966 0 0.659202
    outer loop
      vertex 16.676 0 -20.616
      vertex 16.87 3.25 -20.3947
      vertex 16.676 3.25 -20.616
    endloop
  endfacet
  facet normal -0.751966 0 0.659202
    outer loop
      vertex 16.87 3.25 -20.3947
      vertex 16.676 0 -20.616
      vertex 16.87 0 -20.3947
    endloop
  endfacet
  facet normal -0.442042 0 0.896995
    outer loop
      vertex 15.946 3.25 -21.1037
      vertex 16.21 0 -20.9736
      vertex 16.21 3.25 -20.9736
    endloop
  endfacet
  facet normal -0.442042 0 0.896995
    outer loop
      vertex 16.21 0 -20.9736
      vertex 15.946 3.25 -21.1037
      vertex 15.946 0 -21.1037
    endloop
  endfacet
  facet normal -0.321421 0 0.946936
    outer loop
      vertex 15.6673 3.25 -21.1983
      vertex 15.946 0 -21.1037
      vertex 15.946 3.25 -21.1037
    endloop
  endfacet
  facet normal -0.321421 0 0.946936
    outer loop
      vertex 15.946 0 -21.1037
      vertex 15.6673 3.25 -21.1983
      vertex 15.6673 0 -21.1983
    endloop
  endfacet
  facet normal -0.195397 0 0.980724
    outer loop
      vertex 15.3787 3.25 -21.2558
      vertex 15.6673 0 -21.1983
      vertex 15.6673 3.25 -21.1983
    endloop
  endfacet
  facet normal -0.195397 0 0.980724
    outer loop
      vertex 15.6673 0 -21.1983
      vertex 15.3787 3.25 -21.2558
      vertex 15.3787 0 -21.2558
    endloop
  endfacet
  facet normal 0.980724 -0 0.195397
    outer loop
      vertex 12.8542 0 -19.3187
      vertex 12.9117 3.25 -19.6073
      vertex 12.8542 3.25 -19.3187
    endloop
  endfacet
  facet normal 0.980724 0 0.195397
    outer loop
      vertex 12.9117 3.25 -19.6073
      vertex 12.8542 0 -19.3187
      vertex 12.9117 0 -19.6073
    endloop
  endfacet
  facet normal 0.751966 -0 0.659202
    outer loop
      vertex 13.3 0 -20.3947
      vertex 13.494 3.25 -20.616
      vertex 13.3 3.25 -20.3947
    endloop
  endfacet
  facet normal 0.751966 0 0.659202
    outer loop
      vertex 13.494 3.25 -20.616
      vertex 13.3 0 -20.3947
      vertex 13.494 0 -20.616
    endloop
  endfacet
  facet normal 0.442042 0 0.896995
    outer loop
      vertex 13.96 3.25 -20.9736
      vertex 14.224 0 -21.1037
      vertex 14.224 3.25 -21.1037
    endloop
  endfacet
  facet normal 0.442042 0 0.896995
    outer loop
      vertex 14.224 0 -21.1037
      vertex 13.96 3.25 -20.9736
      vertex 13.96 0 -20.9736
    endloop
  endfacet
  facet normal 0.195397 0 0.980724
    outer loop
      vertex 14.5027 3.25 -21.1983
      vertex 14.7913 0 -21.2558
      vertex 14.7913 3.25 -21.2558
    endloop
  endfacet
  facet normal 0.195397 0 0.980724
    outer loop
      vertex 14.7913 0 -21.2558
      vertex 14.5027 3.25 -21.1983
      vertex 14.5027 0 -21.1983
    endloop
  endfacet
  facet normal -0.99787 0 -0.0652336
    outer loop
      vertex 17.335 0 -19.025
      vertex 17.3158 3.25 -18.7313
      vertex 17.335 3.25 -19.025
    endloop
  endfacet
  facet normal -0.99787 -0 -0.0652336
    outer loop
      vertex 17.3158 3.25 -18.7313
      vertex 17.335 0 -19.025
      vertex 17.3158 0 -18.7313
    endloop
  endfacet
  facet normal -0.321421 0 -0.946936
    outer loop
      vertex 15.6673 0 -16.8517
      vertex 15.946 3.25 -16.9463
      vertex 15.946 0 -16.9463
    endloop
  endfacet
  facet normal -0.321421 0 -0.946936
    outer loop
      vertex 15.946 3.25 -16.9463
      vertex 15.6673 0 -16.8517
      vertex 15.6673 3.25 -16.8517
    endloop
  endfacet
  facet normal -0.442042 0 -0.896995
    outer loop
      vertex 15.946 0 -16.9463
      vertex 16.21 3.25 -17.0764
      vertex 16.21 0 -17.0764
    endloop
  endfacet
  facet normal -0.442042 0 -0.896995
    outer loop
      vertex 16.21 3.25 -17.0764
      vertex 15.946 0 -16.9463
      vertex 15.946 3.25 -16.9463
    endloop
  endfacet
  facet normal -0.751966 0 -0.659202
    outer loop
      vertex 16.87 0 -17.6553
      vertex 16.676 3.25 -17.434
      vertex 16.87 3.25 -17.6553
    endloop
  endfacet
  facet normal -0.751966 -0 -0.659202
    outer loop
      vertex 16.676 3.25 -17.434
      vertex 16.87 0 -17.6553
      vertex 16.676 0 -17.434
    endloop
  endfacet
  facet normal 0.19507 0 -0.980789
    outer loop
      vertex 14.5027 0 -16.8517
      vertex 14.7913 3.25 -16.7943
      vertex 14.7913 0 -16.7943
    endloop
  endfacet
  facet normal 0.19507 0 -0.980789
    outer loop
      vertex 14.7913 3.25 -16.7943
      vertex 14.5027 0 -16.8517
      vertex 14.5027 3.25 -16.8517
    endloop
  endfacet
  facet normal 0.659202 0 -0.751966
    outer loop
      vertex 13.494 0 -17.434
      vertex 13.7153 3.25 -17.24
      vertex 13.7153 0 -17.24
    endloop
  endfacet
  facet normal 0.659202 0 -0.751966
    outer loop
      vertex 13.7153 3.25 -17.24
      vertex 13.494 0 -17.434
      vertex 13.494 3.25 -17.434
    endloop
  endfacet
  facet normal 0.896995 0 -0.442042
    outer loop
      vertex 13.1364 0 -17.9
      vertex 13.0063 3.25 -18.164
      vertex 13.1364 3.25 -17.9
    endloop
  endfacet
  facet normal 0.896995 0 -0.442042
    outer loop
      vertex 13.0063 3.25 -18.164
      vertex 13.1364 0 -17.9
      vertex 13.0063 0 -18.164
    endloop
  endfacet
  facet normal -0.980724 0 0.195397
    outer loop
      vertex 17.2583 0 -19.6073
      vertex 17.3158 3.25 -19.3187
      vertex 17.2583 3.25 -19.6073
    endloop
  endfacet
  facet normal -0.980724 0 0.195397
    outer loop
      vertex 17.3158 3.25 -19.3187
      vertex 17.2583 0 -19.6073
      vertex 17.3158 0 -19.3187
    endloop
  endfacet
  facet normal -0.946936 0 0.321421
    outer loop
      vertex 17.1637 0 -19.886
      vertex 17.2583 3.25 -19.6073
      vertex 17.1637 3.25 -19.886
    endloop
  endfacet
  facet normal -0.946936 0 0.321421
    outer loop
      vertex 17.2583 3.25 -19.6073
      vertex 17.1637 0 -19.886
      vertex 17.2583 0 -19.6073
    endloop
  endfacet
  facet normal -0.555797 0 0.831318
    outer loop
      vertex 16.21 3.25 -20.9736
      vertex 16.4547 0 -20.81
      vertex 16.4547 3.25 -20.81
    endloop
  endfacet
  facet normal -0.555797 0 0.831318
    outer loop
      vertex 16.4547 0 -20.81
      vertex 16.21 3.25 -20.9736
      vertex 16.21 0 -20.9736
    endloop
  endfacet
  facet normal -0.0652336 0 0.99787
    outer loop
      vertex 15.085 3.25 -21.275
      vertex 15.3787 0 -21.2558
      vertex 15.3787 3.25 -21.2558
    endloop
  endfacet
  facet normal -0.0652336 0 0.99787
    outer loop
      vertex 15.3787 0 -21.2558
      vertex 15.085 3.25 -21.275
      vertex 15.085 0 -21.275
    endloop
  endfacet
  facet normal 0.99787 -0 0.0652336
    outer loop
      vertex 12.835 0 -19.025
      vertex 12.8542 3.25 -19.3187
      vertex 12.835 3.25 -19.025
    endloop
  endfacet
  facet normal 0.99787 0 0.0652336
    outer loop
      vertex 12.8542 3.25 -19.3187
      vertex 12.835 0 -19.025
      vertex 12.8542 0 -19.3187
    endloop
  endfacet
  facet normal 0.831318 -0 0.555797
    outer loop
      vertex 13.1364 0 -20.15
      vertex 13.3 3.25 -20.3947
      vertex 13.1364 3.25 -20.15
    endloop
  endfacet
  facet normal 0.831318 0 0.555797
    outer loop
      vertex 13.3 3.25 -20.3947
      vertex 13.1364 0 -20.15
      vertex 13.3 0 -20.3947
    endloop
  endfacet
  facet normal 0.0652336 0 0.99787
    outer loop
      vertex 14.7913 3.25 -21.2558
      vertex 15.085 0 -21.275
      vertex 15.085 3.25 -21.275
    endloop
  endfacet
  facet normal 0.0652336 0 0.99787
    outer loop
      vertex 15.085 0 -21.275
      vertex 14.7913 3.25 -21.2558
      vertex 14.7913 0 -21.2558
    endloop
  endfacet
  facet normal 0.555797 0 0.831318
    outer loop
      vertex 13.7153 3.25 -20.81
      vertex 13.96 0 -20.9736
      vertex 13.96 3.25 -20.9736
    endloop
  endfacet
  facet normal 0.555797 0 0.831318
    outer loop
      vertex 13.96 0 -20.9736
      vertex 13.7153 3.25 -20.81
      vertex 13.7153 0 -20.81
    endloop
  endfacet
  facet normal 0.659202 0 0.751966
    outer loop
      vertex 13.494 3.25 -20.616
      vertex 13.7153 0 -20.81
      vertex 13.7153 3.25 -20.81
    endloop
  endfacet
  facet normal 0.659202 0 0.751966
    outer loop
      vertex 13.7153 0 -20.81
      vertex 13.494 3.25 -20.616
      vertex 13.494 0 -20.616
    endloop
  endfacet
  facet normal -0.99787 0 0.0652336
    outer loop
      vertex 17.3158 0 -19.3187
      vertex 17.335 3.25 -19.025
      vertex 17.3158 3.25 -19.3187
    endloop
  endfacet
  facet normal -0.99787 0 0.0652336
    outer loop
      vertex 17.335 3.25 -19.025
      vertex 17.3158 0 -19.3187
      vertex 17.335 0 -19.025
    endloop
  endfacet
  facet normal -0.0655719 0 -0.997848
    outer loop
      vertex 15.085 0 -16.775
      vertex 15.3787 3.25 -16.7943
      vertex 15.3787 0 -16.7943
    endloop
  endfacet
  facet normal -0.0655719 0 -0.997848
    outer loop
      vertex 15.3787 3.25 -16.7943
      vertex 15.085 0 -16.775
      vertex 15.085 3.25 -16.775
    endloop
  endfacet
  facet normal -0.946936 0 -0.321421
    outer loop
      vertex 17.2583 0 -18.4427
      vertex 17.1637 3.25 -18.164
      vertex 17.2583 3.25 -18.4427
    endloop
  endfacet
  facet normal -0.946936 -0 -0.321421
    outer loop
      vertex 17.1637 3.25 -18.164
      vertex 17.2583 0 -18.4427
      vertex 17.1637 0 -18.164
    endloop
  endfacet
  facet normal -0.555797 0 -0.831318
    outer loop
      vertex 16.21 0 -17.0764
      vertex 16.4547 3.25 -17.24
      vertex 16.4547 0 -17.24
    endloop
  endfacet
  facet normal -0.555797 0 -0.831318
    outer loop
      vertex 16.4547 3.25 -17.24
      vertex 16.21 0 -17.0764
      vertex 16.21 3.25 -17.0764
    endloop
  endfacet
  facet normal -0.896995 0 -0.442042
    outer loop
      vertex 17.1637 0 -18.164
      vertex 17.0336 3.25 -17.9
      vertex 17.1637 3.25 -18.164
    endloop
  endfacet
  facet normal -0.896995 -0 -0.442042
    outer loop
      vertex 17.0336 3.25 -17.9
      vertex 17.1637 0 -18.164
      vertex 17.0336 0 -17.9
    endloop
  endfacet
  facet normal 0.442042 0 -0.896995
    outer loop
      vertex 13.96 0 -17.0764
      vertex 14.224 3.25 -16.9463
      vertex 14.224 0 -16.9463
    endloop
  endfacet
  facet normal 0.442042 0 -0.896995
    outer loop
      vertex 14.224 3.25 -16.9463
      vertex 13.96 0 -17.0764
      vertex 13.96 3.25 -17.0764
    endloop
  endfacet
  facet normal 0.946936 0 -0.321421
    outer loop
      vertex 13.0063 0 -18.164
      vertex 12.9117 3.25 -18.4427
      vertex 13.0063 3.25 -18.164
    endloop
  endfacet
  facet normal 0.946936 0 -0.321421
    outer loop
      vertex 12.9117 3.25 -18.4427
      vertex 13.0063 0 -18.164
      vertex 12.9117 0 -18.4427
    endloop
  endfacet
  facet normal 0.99787 0 -0.0652336
    outer loop
      vertex 12.8542 0 -18.7313
      vertex 12.835 3.25 -19.025
      vertex 12.8542 3.25 -18.7313
    endloop
  endfacet
  facet normal 0.99787 0 -0.0652336
    outer loop
      vertex 12.835 3.25 -19.025
      vertex 12.8542 0 -18.7313
      vertex 12.835 0 -19.025
    endloop
  endfacet
  facet normal 0.831318 0 -0.555797
    outer loop
      vertex 13.3 0 -17.6553
      vertex 13.1364 3.25 -17.9
      vertex 13.3 3.25 -17.6553
    endloop
  endfacet
  facet normal 0.831318 0 -0.555797
    outer loop
      vertex 13.1364 3.25 -17.9
      vertex 13.3 0 -17.6553
      vertex 13.1364 0 -17.9
    endloop
  endfacet
  facet normal -0.980724 0 -0.195397
    outer loop
      vertex 17.3158 0 -18.7313
      vertex 17.2583 3.25 -18.4427
      vertex 17.3158 3.25 -18.7313
    endloop
  endfacet
  facet normal -0.980724 -0 -0.195397
    outer loop
      vertex 17.2583 3.25 -18.4427
      vertex 17.3158 0 -18.7313
      vertex 17.2583 0 -18.4427
    endloop
  endfacet
  facet normal -0.19507 0 -0.980789
    outer loop
      vertex 15.3787 0 -16.7943
      vertex 15.6673 3.25 -16.8517
      vertex 15.6673 0 -16.8517
    endloop
  endfacet
  facet normal -0.19507 0 -0.980789
    outer loop
      vertex 15.6673 3.25 -16.8517
      vertex 15.3787 0 -16.7943
      vertex 15.3787 3.25 -16.7943
    endloop
  endfacet
  facet normal -0.659202 0 -0.751966
    outer loop
      vertex 16.4547 0 -17.24
      vertex 16.676 3.25 -17.434
      vertex 16.676 0 -17.434
    endloop
  endfacet
  facet normal -0.659202 0 -0.751966
    outer loop
      vertex 16.676 3.25 -17.434
      vertex 16.4547 0 -17.24
      vertex 16.4547 3.25 -17.24
    endloop
  endfacet
  facet normal -0.831318 0 -0.555797
    outer loop
      vertex 17.0336 0 -17.9
      vertex 16.87 3.25 -17.6553
      vertex 17.0336 3.25 -17.9
    endloop
  endfacet
  facet normal -0.831318 -0 -0.555797
    outer loop
      vertex 16.87 3.25 -17.6553
      vertex 17.0336 0 -17.9
      vertex 16.87 0 -17.6553
    endloop
  endfacet
  facet normal 0.0655719 0 -0.997848
    outer loop
      vertex 14.7913 0 -16.7943
      vertex 15.085 3.25 -16.775
      vertex 15.085 0 -16.775
    endloop
  endfacet
  facet normal 0.0655719 0 -0.997848
    outer loop
      vertex 15.085 3.25 -16.775
      vertex 14.7913 0 -16.7943
      vertex 14.7913 3.25 -16.7943
    endloop
  endfacet
  facet normal 0.555797 0 -0.831318
    outer loop
      vertex 13.7153 0 -17.24
      vertex 13.96 3.25 -17.0764
      vertex 13.96 0 -17.0764
    endloop
  endfacet
  facet normal 0.555797 0 -0.831318
    outer loop
      vertex 13.96 3.25 -17.0764
      vertex 13.7153 0 -17.24
      vertex 13.7153 3.25 -17.24
    endloop
  endfacet
  facet normal 0.980724 0 -0.195397
    outer loop
      vertex 12.9117 0 -18.4427
      vertex 12.8542 3.25 -18.7313
      vertex 12.9117 3.25 -18.4427
    endloop
  endfacet
  facet normal 0.980724 0 -0.195397
    outer loop
      vertex 12.8542 3.25 -18.7313
      vertex 12.9117 0 -18.4427
      vertex 12.8542 0 -18.7313
    endloop
  endfacet
  facet normal 0.751966 0 -0.659202
    outer loop
      vertex 13.494 0 -17.434
      vertex 13.3 3.25 -17.6553
      vertex 13.494 3.25 -17.434
    endloop
  endfacet
  facet normal 0.751966 0 -0.659202
    outer loop
      vertex 13.3 3.25 -17.6553
      vertex 13.494 0 -17.434
      vertex 13.3 0 -17.6553
    endloop
  endfacet
  facet normal -0.642901 0.704745 -0.300021
    outer loop
      vertex 17.1637 3.25 -18.164
      vertex 18.7607 4.99 -17.4989
      vertex 18.7621 4.99 -17.5019
    endloop
  endfacet
  facet normal -0.636736 0.704348 -0.313785
    outer loop
      vertex 18.7607 4.99 -17.4989
      vertex 17.1637 3.25 -18.164
      vertex 17.0336 3.25 -17.9
    endloop
  endfacet
  facet normal -0.708358 0.704328 0.0463822
    outer loop
      vertex 19.0651 4.99 -19.025
      vertex 19.0313 4.99 -19.5412
      vertex 17.335 3.25 -19.025
    endloop
  endfacet
  facet normal -0.708694 0.704207 0.0429511
    outer loop
      vertex 17.3158 3.25 -19.3187
      vertex 19.0313 4.99 -19.5412
      vertex 19.0311 4.99 -19.5445
    endloop
  endfacet
  facet normal -0.708372 0.704319 0.0463083
    outer loop
      vertex 19.0313 4.99 -19.5412
      vertex 17.3158 3.25 -19.3187
      vertex 17.335 3.25 -19.025
    endloop
  endfacet
  facet normal 0.636678 0.704328 -0.313948
    outer loop
      vertex 11.6381 4.99 -17.0349
      vertex 13.1364 3.25 -17.9
      vertex 11.4093 4.99 -17.4989
    endloop
  endfacet
  facet normal -0.590113 0.70435 0.394534
    outer loop
      vertex 18.2445 4.99 -21.4452
      vertex 16.87 3.25 -20.3947
      vertex 17.0336 3.25 -20.15
    endloop
  endfacet
  facet normal -0.580169 0.704785 0.408267
    outer loop
      vertex 16.87 3.25 -20.3947
      vertex 18.2445 4.99 -21.4452
      vertex 18.2426 4.99 -21.4479
    endloop
  endfacet
  facet normal 0.313948 0.704328 0.636678
    outer loop
      vertex 13.96 3.25 -20.9736
      vertex 13.5589 4.99 -22.7007
      vertex 13.0949 4.99 -22.4719
    endloop
  endfacet
  facet normal -0.708358 0.704328 -0.0463822
    outer loop
      vertex 19.0313 4.99 -18.5088
      vertex 19.0651 4.99 -19.025
      vertex 17.335 3.25 -19.025
    endloop
  endfacet
  facet normal -0.696228 0.704337 -0.138477
    outer loop
      vertex 18.9295 4.99 -17.9949
      vertex 19.0304 4.99 -18.5022
      vertex 17.2583 3.25 -18.4427
    endloop
  endfacet
  facet normal -0.533746 0.704334 -0.468005
    outer loop
      vertex 17.8994 4.99 -16.2106
      vertex 18.2404 4.99 -16.5995
      vertex 16.676 3.25 -17.434
    endloop
  endfacet
  facet normal -0.636678 0.704328 -0.313948
    outer loop
      vertex 18.5319 4.99 -17.0349
      vertex 18.7607 4.99 -17.4989
      vertex 17.0336 3.25 -17.9
    endloop
  endfacet
  facet normal -0.0429499 0.704228 -0.708674
    outer loop
      vertex 15.3787 3.25 -16.7943
      vertex 15.6012 4.99 -15.0787
      vertex 15.6045 4.99 -15.0789
    endloop
  endfacet
  facet normal -0.0465466 0.704347 -0.708328
    outer loop
      vertex 15.6012 4.99 -15.0787
      vertex 15.3787 3.25 -16.7943
      vertex 15.085 3.25 -16.775
    endloop
  endfacet
  facet normal 0.138477 0.704337 -0.696228
    outer loop
      vertex 14.5622 4.99 -15.0796
      vertex 14.5027 3.25 -16.8517
      vertex 14.0549 4.99 -15.1805
    endloop
  endfacet
  facet normal 0.696209 0.70431 -0.138711
    outer loop
      vertex 12.8542 3.25 -18.7313
      vertex 11.1396 4.99 -18.5022
      vertex 12.9117 3.25 -18.4427
    endloop
  endfacet
  facet normal 0.69474 0.704002 -0.147369
    outer loop
      vertex 11.1396 4.99 -18.5022
      vertex 12.8542 3.25 -18.7313
      vertex 11.1389 4.99 -18.5055
    endloop
  endfacet
  facet normal 0.590228 0.70433 0.3944
    outer loop
      vertex 13.1364 3.25 -20.15
      vertex 11.9255 4.99 -21.4452
      vertex 11.6381 4.99 -21.0151
    endloop
  endfacet
  facet normal -0.672187 0.704328 -0.228225
    outer loop
      vertex 18.7621 4.99 -17.5019
      vertex 18.9284 4.99 -17.9917
      vertex 17.1637 3.25 -18.164
    endloop
  endfacet
  facet normal -0.671397 0.704245 -0.230793
    outer loop
      vertex 17.2583 3.25 -18.4427
      vertex 18.9284 4.99 -17.9917
      vertex 18.9295 4.99 -17.9949
    endloop
  endfacet
  facet normal -0.672199 0.704335 -0.228167
    outer loop
      vertex 18.9284 4.99 -17.9917
      vertex 17.2583 3.25 -18.4427
      vertex 17.1637 3.25 -18.164
    endloop
  endfacet
  facet normal -0.708372 0.704319 -0.0463083
    outer loop
      vertex 17.3158 3.25 -18.7313
      vertex 19.0313 4.99 -18.5088
      vertex 17.335 3.25 -19.025
    endloop
  endfacet
  facet normal -0.708694 0.704207 -0.0429511
    outer loop
      vertex 19.0313 4.99 -18.5088
      vertex 17.3158 3.25 -18.7313
      vertex 19.0311 4.99 -18.5055
    endloop
  endfacet
  facet normal -0.590228 0.70433 -0.3944
    outer loop
      vertex 18.2445 4.99 -16.6048
      vertex 18.5319 4.99 -17.0349
      vertex 17.0336 3.25 -17.9
    endloop
  endfacet
  facet normal -0.54164 0.704683 -0.458311
    outer loop
      vertex 16.87 3.25 -17.6553
      vertex 18.2404 4.99 -16.5995
      vertex 18.2426 4.99 -16.6021
    endloop
  endfacet
  facet normal -0.53379 0.704343 -0.467941
    outer loop
      vertex 18.2404 4.99 -16.5995
      vertex 16.87 3.25 -17.6553
      vertex 16.676 3.25 -17.434
    endloop
  endfacet
  facet normal -0.0463822 0.704328 -0.708358
    outer loop
      vertex 15.085 4.99 -15.0449
      vertex 15.6012 4.99 -15.0787
      vertex 15.085 3.25 -16.775
    endloop
  endfacet
  facet normal -0.313948 0.704328 -0.636678
    outer loop
      vertex 16.6111 4.99 -15.3493
      vertex 17.0751 4.99 -15.5781
      vertex 16.21 3.25 -17.0764
    endloop
  endfacet
  facet normal 0.590228 0.70433 -0.3944
    outer loop
      vertex 11.9255 4.99 -16.6048
      vertex 13.1364 3.25 -17.9
      vertex 11.6381 4.99 -17.0349
    endloop
  endfacet
  facet normal -0.408267 0.704785 0.580169
    outer loop
      vertex 17.5052 4.99 -22.1845
      vertex 16.4547 3.25 -20.81
      vertex 17.5079 4.99 -22.1826
    endloop
  endfacet
  facet normal -0.394534 0.70435 0.590113
    outer loop
      vertex 16.4547 3.25 -20.81
      vertex 17.5052 4.99 -22.1845
      vertex 16.21 3.25 -20.9736
    endloop
  endfacet
  facet normal 0.138711 0.70431 0.696209
    outer loop
      vertex 14.7913 3.25 -21.2558
      vertex 14.5622 4.99 -22.9704
      vertex 14.5027 3.25 -21.1983
    endloop
  endfacet
  facet normal 0.147369 0.704002 0.69474
    outer loop
      vertex 14.5622 4.99 -22.9704
      vertex 14.7913 3.25 -21.2558
      vertex 14.5655 4.99 -22.9711
    endloop
  endfacet
  facet normal 0.53379 0.704343 0.467941
    outer loop
      vertex 11.9296 4.99 -21.4505
      vertex 13.3 3.25 -20.3947
      vertex 13.494 3.25 -20.616
    endloop
  endfacet
  facet normal 0.54164 0.704683 0.458311
    outer loop
      vertex 13.3 3.25 -20.3947
      vertex 11.9296 4.99 -21.4505
      vertex 11.9274 4.99 -21.4479
    endloop
  endfacet
  facet normal 0.708372 0.704319 0.0463083
    outer loop
      vertex 12.8542 3.25 -19.3187
      vertex 11.1387 4.99 -19.5412
      vertex 12.835 3.25 -19.025
    endloop
  endfacet
  facet normal 0.708694 0.704207 0.0429511
    outer loop
      vertex 11.1387 4.99 -19.5412
      vertex 12.8542 3.25 -19.3187
      vertex 11.1389 4.99 -19.5445
    endloop
  endfacet
  facet normal -0.69474 0.704002 -0.147369
    outer loop
      vertex 17.3158 3.25 -18.7313
      vertex 19.0304 4.99 -18.5022
      vertex 19.0311 4.99 -18.5055
    endloop
  endfacet
  facet normal -0.696209 0.70431 -0.138711
    outer loop
      vertex 19.0304 4.99 -18.5022
      vertex 17.3158 3.25 -18.7313
      vertex 17.2583 3.25 -18.4427
    endloop
  endfacet
  facet normal -0.580169 0.704785 -0.408267
    outer loop
      vertex 18.2445 4.99 -16.6048
      vertex 16.87 3.25 -17.6553
      vertex 18.2426 4.99 -16.6021
    endloop
  endfacet
  facet normal -0.590113 0.70435 -0.394534
    outer loop
      vertex 16.87 3.25 -17.6553
      vertex 18.2445 4.99 -16.6048
      vertex 17.0336 3.25 -17.9
    endloop
  endfacet
  facet normal -0.228225 0.704328 -0.672187
    outer loop
      vertex 16.1183 4.99 -15.1816
      vertex 16.6081 4.99 -15.3479
      vertex 15.946 3.25 -16.9463
    endloop
  endfacet
  facet normal -0.468005 0.704334 -0.533746
    outer loop
      vertex 17.5105 4.99 -15.8696
      vertex 17.8994 4.99 -16.2106
      vertex 16.676 3.25 -17.434
    endloop
  endfacet
  facet normal 0.672187 0.704328 -0.228225
    outer loop
      vertex 11.4079 4.99 -17.5019
      vertex 13.0063 3.25 -18.164
      vertex 11.2416 4.99 -17.9917
    endloop
  endfacet
  facet normal 0.696228 0.704337 -0.138477
    outer loop
      vertex 11.2405 4.99 -17.9949
      vertex 12.9117 3.25 -18.4427
      vertex 11.1396 4.99 -18.5022
    endloop
  endfacet
  facet normal 0.53379 0.704343 -0.467941
    outer loop
      vertex 13.3 3.25 -17.6553
      vertex 11.9296 4.99 -16.5995
      vertex 13.494 3.25 -17.434
    endloop
  endfacet
  facet normal 0.54164 0.704683 -0.458311
    outer loop
      vertex 11.9296 4.99 -16.5995
      vertex 13.3 3.25 -17.6553
      vertex 11.9274 4.99 -16.6021
    endloop
  endfacet
  facet normal 0.394534 0.70435 -0.590113
    outer loop
      vertex 13.7153 3.25 -17.24
      vertex 12.6648 4.99 -15.8655
      vertex 13.96 3.25 -17.0764
    endloop
  endfacet
  facet normal 0.408267 0.704785 -0.580169
    outer loop
      vertex 12.6648 4.99 -15.8655
      vertex 13.7153 3.25 -17.24
      vertex 12.6621 4.99 -15.8674
    endloop
  endfacet
  facet normal 0.580169 0.704785 -0.408267
    outer loop
      vertex 13.3 3.25 -17.6553
      vertex 11.9255 4.99 -16.6048
      vertex 11.9274 4.99 -16.6021
    endloop
  endfacet
  facet normal 0.590113 0.70435 -0.394534
    outer loop
      vertex 11.9255 4.99 -16.6048
      vertex 13.3 3.25 -17.6553
      vertex 13.1364 3.25 -17.9
    endloop
  endfacet
  facet normal 0.0465466 0.704347 -0.708328
    outer loop
      vertex 14.7913 3.25 -16.7943
      vertex 14.5688 4.99 -15.0787
      vertex 15.085 3.25 -16.775
    endloop
  endfacet
  facet normal 0.0429499 0.704228 -0.708674
    outer loop
      vertex 14.5688 4.99 -15.0787
      vertex 14.7913 3.25 -16.7943
      vertex 14.5655 4.99 -15.0789
    endloop
  endfacet
  facet normal 0.230793 0.704245 -0.671397
    outer loop
      vertex 14.5027 3.25 -16.8517
      vertex 14.0517 4.99 -15.1816
      vertex 14.0549 4.99 -15.1805
    endloop
  endfacet
  facet normal 0.228167 0.704335 -0.672199
    outer loop
      vertex 14.0517 4.99 -15.1816
      vertex 14.5027 3.25 -16.8517
      vertex 14.224 3.25 -16.9463
    endloop
  endfacet
  facet normal 0.0463822 0.704328 -0.708358
    outer loop
      vertex 15.085 4.99 -15.0449
      vertex 15.085 3.25 -16.775
      vertex 14.5688 4.99 -15.0787
    endloop
  endfacet
  facet normal 0.313948 0.704328 -0.636678
    outer loop
      vertex 13.5589 4.99 -15.3493
      vertex 13.96 3.25 -17.0764
      vertex 13.0949 4.99 -15.5781
    endloop
  endfacet
  facet normal 0.228225 0.704328 0.672187
    outer loop
      vertex 14.224 3.25 -21.1037
      vertex 14.0517 4.99 -22.8684
      vertex 13.5619 4.99 -22.7021
    endloop
  endfacet
  facet normal 0.138477 0.704337 0.696228
    outer loop
      vertex 14.5027 3.25 -21.1983
      vertex 14.5622 4.99 -22.9704
      vertex 14.0549 4.99 -22.8695
    endloop
  endfacet
  facet normal 0.467941 0.704343 0.53379
    outer loop
      vertex 13.7153 3.25 -20.81
      vertex 12.6595 4.99 -22.1804
      vertex 13.494 3.25 -20.616
    endloop
  endfacet
  facet normal 0.458311 0.704683 0.54164
    outer loop
      vertex 12.6595 4.99 -22.1804
      vertex 13.7153 3.25 -20.81
      vertex 12.6621 4.99 -22.1826
    endloop
  endfacet
  facet normal 0.3944 0.70433 0.590228
    outer loop
      vertex 13.96 3.25 -20.9736
      vertex 13.0949 4.99 -22.4719
      vertex 12.6648 4.99 -22.1845
    endloop
  endfacet
  facet normal 0.590113 0.70435 0.394534
    outer loop
      vertex 13.3 3.25 -20.3947
      vertex 11.9255 4.99 -21.4452
      vertex 13.1364 3.25 -20.15
    endloop
  endfacet
  facet normal 0.580169 0.704785 0.408267
    outer loop
      vertex 11.9255 4.99 -21.4452
      vertex 13.3 3.25 -20.3947
      vertex 11.9274 4.99 -21.4479
    endloop
  endfacet
  facet normal 0.672199 0.704335 0.228167
    outer loop
      vertex 11.2416 4.99 -20.0583
      vertex 12.9117 3.25 -19.6073
      vertex 13.0063 3.25 -19.886
    endloop
  endfacet
  facet normal 0.671397 0.704245 0.230793
    outer loop
      vertex 12.9117 3.25 -19.6073
      vertex 11.2416 4.99 -20.0583
      vertex 11.2405 4.99 -20.0551
    endloop
  endfacet
  facet normal 0.708694 0.704207 -0.0429511
    outer loop
      vertex 12.8542 3.25 -18.7313
      vertex 11.1387 4.99 -18.5088
      vertex 11.1389 4.99 -18.5055
    endloop
  endfacet
  facet normal 0.708372 0.704319 -0.0463083
    outer loop
      vertex 11.1387 4.99 -18.5088
      vertex 12.8542 3.25 -18.7313
      vertex 12.835 3.25 -19.025
    endloop
  endfacet
  facet normal -0.138477 0.704337 -0.696228
    outer loop
      vertex 16.1151 4.99 -15.1805
      vertex 15.6673 3.25 -16.8517
      vertex 15.6078 4.99 -15.0796
    endloop
  endfacet
  facet normal -0.230793 0.704245 -0.671397
    outer loop
      vertex 16.1183 4.99 -15.1816
      vertex 15.6673 3.25 -16.8517
      vertex 16.1151 4.99 -15.1805
    endloop
  endfacet
  facet normal -0.228167 0.704335 -0.672199
    outer loop
      vertex 15.6673 3.25 -16.8517
      vertex 16.1183 4.99 -15.1816
      vertex 15.946 3.25 -16.9463
    endloop
  endfacet
  facet normal -0.147365 0.704022 -0.69472
    outer loop
      vertex 15.6078 4.99 -15.0796
      vertex 15.3787 3.25 -16.7943
      vertex 15.6045 4.99 -15.0789
    endloop
  endfacet
  facet normal -0.138474 0.704337 -0.696228
    outer loop
      vertex 15.3787 3.25 -16.7943
      vertex 15.6078 4.99 -15.0796
      vertex 15.6673 3.25 -16.8517
    endloop
  endfacet
  facet normal -0.300021 0.704745 -0.642901
    outer loop
      vertex 16.6111 4.99 -15.3493
      vertex 15.946 3.25 -16.9463
      vertex 16.6081 4.99 -15.3479
    endloop
  endfacet
  facet normal -0.313785 0.704348 -0.636736
    outer loop
      vertex 15.946 3.25 -16.9463
      vertex 16.6111 4.99 -15.3493
      vertex 16.21 3.25 -17.0764
    endloop
  endfacet
  facet normal -0.3944 0.70433 -0.590228
    outer loop
      vertex 17.0751 4.99 -15.5781
      vertex 17.5052 4.99 -15.8655
      vertex 16.21 3.25 -17.0764
    endloop
  endfacet
  facet normal -0.458311 0.704683 -0.54164
    outer loop
      vertex 17.5105 4.99 -15.8696
      vertex 16.4547 3.25 -17.24
      vertex 17.5079 4.99 -15.8674
    endloop
  endfacet
  facet normal -0.467941 0.704343 -0.53379
    outer loop
      vertex 16.4547 3.25 -17.24
      vertex 17.5105 4.99 -15.8696
      vertex 16.676 3.25 -17.434
    endloop
  endfacet
  facet normal -0.408267 0.704785 -0.580169
    outer loop
      vertex 16.4547 3.25 -17.24
      vertex 17.5052 4.99 -15.8655
      vertex 17.5079 4.99 -15.8674
    endloop
  endfacet
  facet normal -0.394534 0.70435 -0.590113
    outer loop
      vertex 17.5052 4.99 -15.8655
      vertex 16.4547 3.25 -17.24
      vertex 16.21 3.25 -17.0764
    endloop
  endfacet
  facet normal 0.672199 0.704335 -0.228167
    outer loop
      vertex 12.9117 3.25 -18.4427
      vertex 11.2416 4.99 -17.9917
      vertex 13.0063 3.25 -18.164
    endloop
  endfacet
  facet normal 0.671397 0.704245 -0.230793
    outer loop
      vertex 11.2416 4.99 -17.9917
      vertex 12.9117 3.25 -18.4427
      vertex 11.2405 4.99 -17.9949
    endloop
  endfacet
  facet normal 0.468005 0.704334 -0.533746
    outer loop
      vertex 12.6595 4.99 -15.8696
      vertex 13.494 3.25 -17.434
      vertex 12.2706 4.99 -16.2106
    endloop
  endfacet
  facet normal 0.458311 0.704683 -0.54164
    outer loop
      vertex 13.7153 3.25 -17.24
      vertex 12.6595 4.99 -15.8696
      vertex 12.6621 4.99 -15.8674
    endloop
  endfacet
  facet normal 0.467941 0.704343 -0.53379
    outer loop
      vertex 12.6595 4.99 -15.8696
      vertex 13.7153 3.25 -17.24
      vertex 13.494 3.25 -17.434
    endloop
  endfacet
  facet normal 0.147365 0.704022 -0.69472
    outer loop
      vertex 14.7913 3.25 -16.7943
      vertex 14.5622 4.99 -15.0796
      vertex 14.5655 4.99 -15.0789
    endloop
  endfacet
  facet normal 0.138474 0.704337 -0.696228
    outer loop
      vertex 14.5622 4.99 -15.0796
      vertex 14.7913 3.25 -16.7943
      vertex 14.5027 3.25 -16.8517
    endloop
  endfacet
  facet normal 0.228225 0.704328 -0.672187
    outer loop
      vertex 14.0517 4.99 -15.1816
      vertex 14.224 3.25 -16.9463
      vertex 13.5619 4.99 -15.3479
    endloop
  endfacet
  facet normal 0.300021 0.704745 -0.642901
    outer loop
      vertex 14.224 3.25 -16.9463
      vertex 13.5589 4.99 -15.3493
      vertex 13.5619 4.99 -15.3479
    endloop
  endfacet
  facet normal 0.313785 0.704348 -0.636736
    outer loop
      vertex 13.5589 4.99 -15.3493
      vertex 14.224 3.25 -16.9463
      vertex 13.96 3.25 -17.0764
    endloop
  endfacet
  facet normal 0.3944 0.70433 -0.590228
    outer loop
      vertex 13.0949 4.99 -15.5781
      vertex 13.96 3.25 -17.0764
      vertex 12.6648 4.99 -15.8655
    endloop
  endfacet
  facet normal -0.636678 0.704328 0.313948
    outer loop
      vertex 18.7607 4.99 -20.5511
      vertex 18.5319 4.99 -21.0151
      vertex 17.0336 3.25 -20.15
    endloop
  endfacet
  facet normal -0.468005 0.704334 0.533746
    outer loop
      vertex 17.8994 4.99 -21.8394
      vertex 17.5105 4.99 -22.1804
      vertex 16.676 3.25 -20.616
    endloop
  endfacet
  facet normal -0.138477 0.704337 0.696228
    outer loop
      vertex 15.6673 3.25 -21.1983
      vertex 16.1151 4.99 -22.8695
      vertex 15.6078 4.99 -22.9704
    endloop
  endfacet
  facet normal -0.313785 0.704348 0.636736
    outer loop
      vertex 16.6111 4.99 -22.7007
      vertex 15.946 3.25 -21.1037
      vertex 16.21 3.25 -20.9736
    endloop
  endfacet
  facet normal -0.300021 0.704745 0.642901
    outer loop
      vertex 15.946 3.25 -21.1037
      vertex 16.6111 4.99 -22.7007
      vertex 16.6081 4.99 -22.7021
    endloop
  endfacet
  facet normal -0.228225 0.704328 0.672187
    outer loop
      vertex 16.6081 4.99 -22.7021
      vertex 16.1183 4.99 -22.8684
      vertex 15.946 3.25 -21.1037
    endloop
  endfacet
  facet normal 0.228167 0.704335 0.672199
    outer loop
      vertex 14.5027 3.25 -21.1983
      vertex 14.0517 4.99 -22.8684
      vertex 14.224 3.25 -21.1037
    endloop
  endfacet
  facet normal 0.230793 0.704245 0.671397
    outer loop
      vertex 14.0517 4.99 -22.8684
      vertex 14.5027 3.25 -21.1983
      vertex 14.0549 4.99 -22.8695
    endloop
  endfacet
  facet normal 0.468005 0.704334 0.533746
    outer loop
      vertex 13.494 3.25 -20.616
      vertex 12.6595 4.99 -22.1804
      vertex 12.2706 4.99 -21.8394
    endloop
  endfacet
  facet normal 0.533746 0.704334 0.468005
    outer loop
      vertex 13.494 3.25 -20.616
      vertex 12.2706 4.99 -21.8394
      vertex 11.9296 4.99 -21.4505
    endloop
  endfacet
  facet normal 0.394534 0.70435 0.590113
    outer loop
      vertex 12.6648 4.99 -22.1845
      vertex 13.7153 3.25 -20.81
      vertex 13.96 3.25 -20.9736
    endloop
  endfacet
  facet normal 0.408267 0.704785 0.580169
    outer loop
      vertex 13.7153 3.25 -20.81
      vertex 12.6648 4.99 -22.1845
      vertex 12.6621 4.99 -22.1826
    endloop
  endfacet
  facet normal 0.636678 0.704328 0.313948
    outer loop
      vertex 13.1364 3.25 -20.15
      vertex 11.6381 4.99 -21.0151
      vertex 11.4093 4.99 -20.5511
    endloop
  endfacet
  facet normal 0.696228 0.704337 0.138477
    outer loop
      vertex 12.9117 3.25 -19.6073
      vertex 11.2405 4.99 -20.0551
      vertex 11.1396 4.99 -19.5478
    endloop
  endfacet
  facet normal 0.708358 0.704328 -0.0463822
    outer loop
      vertex 11.1387 4.99 -18.5088
      vertex 12.835 3.25 -19.025
      vertex 11.1049 4.99 -19.025
    endloop
  endfacet
  facet normal 0.708358 0.704328 0.0463822
    outer loop
      vertex 12.835 3.25 -19.025
      vertex 11.1387 4.99 -19.5412
      vertex 11.1049 4.99 -19.025
    endloop
  endfacet
  facet normal 0.636736 0.704348 -0.313785
    outer loop
      vertex 13.0063 3.25 -18.164
      vertex 11.4093 4.99 -17.4989
      vertex 13.1364 3.25 -17.9
    endloop
  endfacet
  facet normal 0.642901 0.704745 -0.300021
    outer loop
      vertex 11.4093 4.99 -17.4989
      vertex 13.0063 3.25 -18.164
      vertex 11.4079 4.99 -17.5019
    endloop
  endfacet
  facet normal 0.533746 0.704334 -0.468005
    outer loop
      vertex 12.2706 4.99 -16.2106
      vertex 13.494 3.25 -17.434
      vertex 11.9296 4.99 -16.5995
    endloop
  endfacet
  facet normal -0.671397 0.704245 0.230793
    outer loop
      vertex 18.9284 4.99 -20.0583
      vertex 17.2583 3.25 -19.6073
      vertex 18.9295 4.99 -20.0551
    endloop
  endfacet
  facet normal -0.672199 0.704335 0.228167
    outer loop
      vertex 17.2583 3.25 -19.6073
      vertex 18.9284 4.99 -20.0583
      vertex 17.1637 3.25 -19.886
    endloop
  endfacet
  facet normal -0.590228 0.70433 0.3944
    outer loop
      vertex 18.5319 4.99 -21.0151
      vertex 18.2445 4.99 -21.4452
      vertex 17.0336 3.25 -20.15
    endloop
  endfacet
  facet normal -0.642901 0.704745 0.300021
    outer loop
      vertex 18.7607 4.99 -20.5511
      vertex 17.1637 3.25 -19.886
      vertex 18.7621 4.99 -20.5481
    endloop
  endfacet
  facet normal -0.636736 0.704348 0.313785
    outer loop
      vertex 17.1637 3.25 -19.886
      vertex 18.7607 4.99 -20.5511
      vertex 17.0336 3.25 -20.15
    endloop
  endfacet
  facet normal -0.0463822 0.704328 0.708358
    outer loop
      vertex 15.6012 4.99 -22.9713
      vertex 15.085 4.99 -23.0051
      vertex 15.085 3.25 -21.275
    endloop
  endfacet
  facet normal 0.313785 0.704348 0.636736
    outer loop
      vertex 14.224 3.25 -21.1037
      vertex 13.5589 4.99 -22.7007
      vertex 13.96 3.25 -20.9736
    endloop
  endfacet
  facet normal 0.300021 0.704745 0.642901
    outer loop
      vertex 13.5589 4.99 -22.7007
      vertex 14.224 3.25 -21.1037
      vertex 13.5619 4.99 -22.7021
    endloop
  endfacet
  facet normal 0.672187 0.704328 0.228225
    outer loop
      vertex 13.0063 3.25 -19.886
      vertex 11.4079 4.99 -20.5481
      vertex 11.2416 4.99 -20.0583
    endloop
  endfacet
  facet normal 0.636736 0.704348 0.313785
    outer loop
      vertex 11.4093 4.99 -20.5511
      vertex 13.0063 3.25 -19.886
      vertex 13.1364 3.25 -20.15
    endloop
  endfacet
  facet normal 0.642901 0.704745 0.300021
    outer loop
      vertex 13.0063 3.25 -19.886
      vertex 11.4093 4.99 -20.5511
      vertex 11.4079 4.99 -20.5481
    endloop
  endfacet
  facet normal -0.533746 0.704334 0.468005
    outer loop
      vertex 18.2404 4.99 -21.4505
      vertex 17.8994 4.99 -21.8394
      vertex 16.676 3.25 -20.616
    endloop
  endfacet
  facet normal -0.54164 0.704683 0.458311
    outer loop
      vertex 18.2404 4.99 -21.4505
      vertex 16.87 3.25 -20.3947
      vertex 18.2426 4.99 -21.4479
    endloop
  endfacet
  facet normal -0.53379 0.704343 0.467941
    outer loop
      vertex 16.87 3.25 -20.3947
      vertex 18.2404 4.99 -21.4505
      vertex 16.676 3.25 -20.616
    endloop
  endfacet
  facet normal -0.672187 0.704328 0.228225
    outer loop
      vertex 18.9284 4.99 -20.0583
      vertex 18.7621 4.99 -20.5481
      vertex 17.1637 3.25 -19.886
    endloop
  endfacet
  facet normal -0.313948 0.704328 0.636678
    outer loop
      vertex 17.0751 4.99 -22.4719
      vertex 16.6111 4.99 -22.7007
      vertex 16.21 3.25 -20.9736
    endloop
  endfacet
  facet normal -0.3944 0.70433 0.590228
    outer loop
      vertex 17.5052 4.99 -22.1845
      vertex 17.0751 4.99 -22.4719
      vertex 16.21 3.25 -20.9736
    endloop
  endfacet
  facet normal 0.0463822 0.704328 0.708358
    outer loop
      vertex 15.085 3.25 -21.275
      vertex 15.085 4.99 -23.0051
      vertex 14.5688 4.99 -22.9713
    endloop
  endfacet
  facet normal 0.69474 0.704002 0.147369
    outer loop
      vertex 12.8542 3.25 -19.3187
      vertex 11.1396 4.99 -19.5478
      vertex 11.1389 4.99 -19.5445
    endloop
  endfacet
  facet normal 0.696209 0.70431 0.138711
    outer loop
      vertex 11.1396 4.99 -19.5478
      vertex 12.8542 3.25 -19.3187
      vertex 12.9117 3.25 -19.6073
    endloop
  endfacet
  facet normal -0.467941 0.704343 0.53379
    outer loop
      vertex 17.5105 4.99 -22.1804
      vertex 16.4547 3.25 -20.81
      vertex 16.676 3.25 -20.616
    endloop
  endfacet
  facet normal -0.458311 0.704683 0.54164
    outer loop
      vertex 16.4547 3.25 -20.81
      vertex 17.5105 4.99 -22.1804
      vertex 17.5079 4.99 -22.1826
    endloop
  endfacet
  facet normal -0.696228 0.704337 0.138477
    outer loop
      vertex 19.0304 4.99 -19.5478
      vertex 18.9295 4.99 -20.0551
      vertex 17.2583 3.25 -19.6073
    endloop
  endfacet
  facet normal -0.69474 0.704002 0.147369
    outer loop
      vertex 19.0304 4.99 -19.5478
      vertex 17.3158 3.25 -19.3187
      vertex 19.0311 4.99 -19.5445
    endloop
  endfacet
  facet normal -0.696209 0.70431 0.138711
    outer loop
      vertex 17.3158 3.25 -19.3187
      vertex 19.0304 4.99 -19.5478
      vertex 17.2583 3.25 -19.6073
    endloop
  endfacet
  facet normal -0.228167 0.704335 0.672199
    outer loop
      vertex 16.1183 4.99 -22.8684
      vertex 15.6673 3.25 -21.1983
      vertex 15.946 3.25 -21.1037
    endloop
  endfacet
  facet normal -0.230793 0.704245 0.671397
    outer loop
      vertex 15.6673 3.25 -21.1983
      vertex 16.1183 4.99 -22.8684
      vertex 16.1151 4.99 -22.8695
    endloop
  endfacet
  facet normal 0.0463083 0.704319 0.708372
    outer loop
      vertex 14.5688 4.99 -22.9713
      vertex 14.7913 3.25 -21.2558
      vertex 15.085 3.25 -21.275
    endloop
  endfacet
  facet normal 0.0429511 0.704207 0.708694
    outer loop
      vertex 14.7913 3.25 -21.2558
      vertex 14.5688 4.99 -22.9713
      vertex 14.5655 4.99 -22.9711
    endloop
  endfacet
  facet normal -0.0429511 0.704207 0.708694
    outer loop
      vertex 15.6012 4.99 -22.9713
      vertex 15.3787 3.25 -21.2558
      vertex 15.6045 4.99 -22.9711
    endloop
  endfacet
  facet normal -0.0463083 0.704319 0.708372
    outer loop
      vertex 15.3787 3.25 -21.2558
      vertex 15.6012 4.99 -22.9713
      vertex 15.085 3.25 -21.275
    endloop
  endfacet
  facet normal -0.138711 0.70431 0.696209
    outer loop
      vertex 15.6078 4.99 -22.9704
      vertex 15.3787 3.25 -21.2558
      vertex 15.6673 3.25 -21.1983
    endloop
  endfacet
  facet normal -0.147369 0.704002 0.69474
    outer loop
      vertex 15.3787 3.25 -21.2558
      vertex 15.6078 4.99 -22.9704
      vertex 15.6045 4.99 -22.9711
    endloop
  endfacet
  facet normal -0.997861 0 0.0653646
    outer loop
      vertex 19.0508 4.99 -19.5471
      vertex 19.085 5 -19.025
      vertex 19.0508 5 -19.5471
    endloop
  endfacet
  facet normal -0.997861 0 0.0653646
    outer loop
      vertex 19.085 5 -19.025
      vertex 19.0508 4.99 -19.5471
      vertex 19.085 4.99 -19.025
    endloop
  endfacet
  facet normal 0.997861 -0 0.0653646
    outer loop
      vertex 11.085 4.99 -19.025
      vertex 11.1192 5 -19.5471
      vertex 11.085 5 -19.025
    endloop
  endfacet
  facet normal 0.997861 0 0.0653646
    outer loop
      vertex 11.1192 5 -19.5471
      vertex 11.085 4.99 -19.025
      vertex 11.1192 4.99 -19.5471
    endloop
  endfacet
  facet normal -0.0653646 0 0.997861
    outer loop
      vertex 15.085 5 -23.025
      vertex 15.6071 4.99 -22.9908
      vertex 15.6071 5 -22.9908
    endloop
  endfacet
  facet normal -0.0653646 0 0.997861
    outer loop
      vertex 15.6071 4.99 -22.9908
      vertex 15.085 5 -23.025
      vertex 15.085 4.99 -23.025
    endloop
  endfacet
  facet normal 0.751842 0 -0.659343
    outer loop
      vertex 12.2566 4.99 -16.1966
      vertex 11.9116 5 -16.59
      vertex 12.2566 5 -16.1966
    endloop
  endfacet
  facet normal 0.751842 0 -0.659343
    outer loop
      vertex 11.9116 5 -16.59
      vertex 12.2566 4.99 -16.1966
      vertex 11.9116 4.99 -16.59
    endloop
  endfacet
  facet normal -0.659343 0 0.751842
    outer loop
      vertex 17.52 5 -22.1984
      vertex 17.9134 4.99 -21.8534
      vertex 17.9134 5 -21.8534
    endloop
  endfacet
  facet normal -0.659343 0 0.751842
    outer loop
      vertex 17.9134 4.99 -21.8534
      vertex 17.52 5 -22.1984
      vertex 17.52 4.99 -22.1984
    endloop
  endfacet
  facet normal 0.659343 0 0.751842
    outer loop
      vertex 12.2566 5 -21.8534
      vertex 12.65 4.99 -22.1984
      vertex 12.65 5 -22.1984
    endloop
  endfacet
  facet normal 0.659343 0 0.751842
    outer loop
      vertex 12.65 4.99 -22.1984
      vertex 12.2566 5 -21.8534
      vertex 12.2566 4.99 -21.8534
    endloop
  endfacet
  facet normal 0.321498 0 0.94691
    outer loop
      vertex 13.5543 5 -22.7205
      vertex 14.0497 4.99 -22.8887
      vertex 14.0497 5 -22.8887
    endloop
  endfacet
  facet normal 0.321498 0 0.94691
    outer loop
      vertex 14.0497 4.99 -22.8887
      vertex 13.5543 5 -22.7205
      vertex 13.5543 4.99 -22.7205
    endloop
  endfacet
  facet normal 0 1 -0
    outer loop
      vertex 15.6012 4.99 -15.0787
      vertex 15.085 4.99 -15.025
      vertex 15.6071 4.99 -15.0592
    endloop
  endfacet
  facet normal 0 1 0
    outer loop
      vertex 15.085 4.99 -15.025
      vertex 15.6012 4.99 -15.0787
      vertex 15.085 4.99 -15.0449
    endloop
  endfacet
  facet normal 0 1 0
    outer loop
      vertex 15.6071 4.99 -15.0592
      vertex 15.6045 4.99 -15.0789
      vertex 15.6012 4.99 -15.0787
    endloop
  endfacet
  facet normal 0 1 0
    outer loop
      vertex 15.6071 4.99 -15.0592
      vertex 15.6078 4.99 -15.0796
      vertex 15.6045 4.99 -15.0789
    endloop
  endfacet
  facet normal 0 1 0
    outer loop
      vertex 16.1203 4.99 -15.1613
      vertex 15.6078 4.99 -15.0796
      vertex 15.6071 4.99 -15.0592
    endloop
  endfacet
  facet normal 0 1 0
    outer loop
      vertex 16.1203 4.99 -15.1613
      vertex 16.1151 4.99 -15.1805
      vertex 15.6078 4.99 -15.0796
    endloop
  endfacet
  facet normal 0 1 0
    outer loop
      vertex 16.1203 4.99 -15.1613
      vertex 16.1183 4.99 -15.1816
      vertex 16.1151 4.99 -15.1805
    endloop
  endfacet
  facet normal 0 1 0
    outer loop
      vertex 16.6157 4.99 -15.3295
      vertex 16.1183 4.99 -15.1816
      vertex 16.1203 4.99 -15.1613
    endloop
  endfacet
  facet normal 0 1 0
    outer loop
      vertex 16.6157 4.99 -15.3295
      vertex 16.6081 4.99 -15.3479
      vertex 16.1183 4.99 -15.1816
    endloop
  endfacet
  facet normal 0 1 0
    outer loop
      vertex 16.6157 4.99 -15.3295
      vertex 16.6111 4.99 -15.3493
      vertex 16.6081 4.99 -15.3479
    endloop
  endfacet
  facet normal 0 1 0
    outer loop
      vertex 17.085 4.99 -15.5609
      vertex 16.6111 4.99 -15.3493
      vertex 16.6157 4.99 -15.3295
    endloop
  endfacet
  facet normal 0 1 0
    outer loop
      vertex 17.085 4.99 -15.5609
      vertex 17.0751 4.99 -15.5781
      vertex 16.6111 4.99 -15.3493
    endloop
  endfacet
  facet normal 0 1 -0
    outer loop
      vertex 17.5052 4.99 -15.8655
      vertex 17.085 4.99 -15.5609
      vertex 17.52 4.99 -15.8516
    endloop
  endfacet
  facet normal 0 1 0
    outer loop
      vertex 17.085 4.99 -15.5609
      vertex 17.5052 4.99 -15.8655
      vertex 17.0751 4.99 -15.5781
    endloop
  endfacet
  facet normal 0 1 0
    outer loop
      vertex 17.52 4.99 -15.8516
      vertex 17.5079 4.99 -15.8674
      vertex 17.5052 4.99 -15.8655
    endloop
  endfacet
  facet normal 0 1 0
    outer loop
      vertex 17.52 4.99 -15.8516
      vertex 17.5105 4.99 -15.8696
      vertex 17.5079 4.99 -15.8674
    endloop
  endfacet
  facet normal 0 1 0
    outer loop
      vertex 17.9134 4.99 -16.1966
      vertex 17.5105 4.99 -15.8696
      vertex 17.52 4.99 -15.8516
    endloop
  endfacet
  facet normal 0 1 0
    outer loop
      vertex 17.9134 4.99 -16.1966
      vertex 17.8994 4.99 -16.2106
      vertex 17.5105 4.99 -15.8696
    endloop
  endfacet
  facet normal 0 1 -0
    outer loop
      vertex 18.2404 4.99 -16.5995
      vertex 17.9134 4.99 -16.1966
      vertex 18.2584 4.99 -16.59
    endloop
  endfacet
  facet normal 0 1 0
    outer loop
      vertex 17.9134 4.99 -16.1966
      vertex 18.2404 4.99 -16.5995
      vertex 17.8994 4.99 -16.2106
    endloop
  endfacet
  facet normal 0 1 0
    outer loop
      vertex 18.2584 4.99 -16.59
      vertex 18.2426 4.99 -16.6021
      vertex 18.2404 4.99 -16.5995
    endloop
  endfacet
  facet normal 0 1 0
    outer loop
      vertex 18.2584 4.99 -16.59
      vertex 18.2445 4.99 -16.6048
      vertex 18.2426 4.99 -16.6021
    endloop
  endfacet
  facet normal 0 1 0
    outer loop
      vertex 18.5491 4.99 -17.025
      vertex 18.2445 4.99 -16.6048
      vertex 18.2584 4.99 -16.59
    endloop
  endfacet
  facet normal 0 1 0
    outer loop
      vertex 18.5491 4.99 -17.025
      vertex 18.5319 4.99 -17.0349
      vertex 18.2445 4.99 -16.6048
    endloop
  endfacet
  facet normal 0 1 -0
    outer loop
      vertex 18.7607 4.99 -17.4989
      vertex 18.5491 4.99 -17.025
      vertex 18.7805 4.99 -17.4943
    endloop
  endfacet
  facet normal 0 1 0
    outer loop
      vertex 18.5491 4.99 -17.025
      vertex 18.7607 4.99 -17.4989
      vertex 18.5319 4.99 -17.0349
    endloop
  endfacet
  facet normal 0 1 0
    outer loop
      vertex 18.7805 4.99 -17.4943
      vertex 18.7621 4.99 -17.5019
      vertex 18.7607 4.99 -17.4989
    endloop
  endfacet
  facet normal 0 1 -0
    outer loop
      vertex 18.9284 4.99 -17.9917
      vertex 18.7805 4.99 -17.4943
      vertex 18.9487 4.99 -17.9897
    endloop
  endfacet
  facet normal 0 1 0
    outer loop
      vertex 18.7805 4.99 -17.4943
      vertex 18.9284 4.99 -17.9917
      vertex 18.7621 4.99 -17.5019
    endloop
  endfacet
  facet normal 0 1 0
    outer loop
      vertex 18.9487 4.99 -17.9897
      vertex 18.9295 4.99 -17.9949
      vertex 18.9284 4.99 -17.9917
    endloop
  endfacet
  facet normal 0 1 0
    outer loop
      vertex 18.9487 4.99 -17.9897
      vertex 19.0304 4.99 -18.5022
      vertex 18.9295 4.99 -17.9949
    endloop
  endfacet
  facet normal 0 1 0
    outer loop
      vertex 19.0508 4.99 -18.5029
      vertex 19.0304 4.99 -18.5022
      vertex 18.9487 4.99 -17.9897
    endloop
  endfacet
  facet normal 0 1 0
    outer loop
      vertex 19.0508 4.99 -18.5029
      vertex 19.0311 4.99 -18.5055
      vertex 19.0304 4.99 -18.5022
    endloop
  endfacet
  facet normal 0 1 0
    outer loop
      vertex 19.0508 4.99 -18.5029
      vertex 19.0313 4.99 -18.5088
      vertex 19.0311 4.99 -18.5055
    endloop
  endfacet
  facet normal 0 1 0
    outer loop
      vertex 19.085 4.99 -19.025
      vertex 19.0313 4.99 -18.5088
      vertex 19.0508 4.99 -18.5029
    endloop
  endfacet
  facet normal 0 1 0
    outer loop
      vertex 19.085 4.99 -19.025
      vertex 19.0651 4.99 -19.025
      vertex 19.0313 4.99 -18.5088
    endloop
  endfacet
  facet normal 0 1 0
    outer loop
      vertex 19.085 4.99 -19.025
      vertex 19.0313 4.99 -19.5412
      vertex 19.0651 4.99 -19.025
    endloop
  endfacet
  facet normal 0 1 -0
    outer loop
      vertex 19.0508 4.99 -19.5471
      vertex 19.0313 4.99 -19.5412
      vertex 19.085 4.99 -19.025
    endloop
  endfacet
  facet normal 0 1 0
    outer loop
      vertex 19.0313 4.99 -19.5412
      vertex 19.0508 4.99 -19.5471
      vertex 19.0311 4.99 -19.5445
    endloop
  endfacet
  facet normal 0 1 0
    outer loop
      vertex 19.0508 4.99 -19.5471
      vertex 19.0304 4.99 -19.5478
      vertex 19.0311 4.99 -19.5445
    endloop
  endfacet
  facet normal 0 1 0
    outer loop
      vertex 18.9487 4.99 -20.0603
      vertex 19.0304 4.99 -19.5478
      vertex 19.0508 4.99 -19.5471
    endloop
  endfacet
  facet normal 0 1 0
    outer loop
      vertex 19.0304 4.99 -19.5478
      vertex 18.9487 4.99 -20.0603
      vertex 18.9295 4.99 -20.0551
    endloop
  endfacet
  facet normal 0 1 0
    outer loop
      vertex 18.9487 4.99 -20.0603
      vertex 18.9284 4.99 -20.0583
      vertex 18.9295 4.99 -20.0551
    endloop
  endfacet
  facet normal 0 1 0
    outer loop
      vertex 18.7805 4.99 -20.5557
      vertex 18.9284 4.99 -20.0583
      vertex 18.9487 4.99 -20.0603
    endloop
  endfacet
  facet normal 0 1 0
    outer loop
      vertex 18.9284 4.99 -20.0583
      vertex 18.7805 4.99 -20.5557
      vertex 18.7621 4.99 -20.5481
    endloop
  endfacet
  facet normal 0 1 0
    outer loop
      vertex 18.7805 4.99 -20.5557
      vertex 18.7607 4.99 -20.5511
      vertex 18.7621 4.99 -20.5481
    endloop
  endfacet
  facet normal 0 1 0
    outer loop
      vertex 18.5491 4.99 -21.025
      vertex 18.7607 4.99 -20.5511
      vertex 18.7805 4.99 -20.5557
    endloop
  endfacet
  facet normal 0 1 0
    outer loop
      vertex 18.7607 4.99 -20.5511
      vertex 18.5491 4.99 -21.025
      vertex 18.5319 4.99 -21.0151
    endloop
  endfacet
  facet normal 0 1 0
    outer loop
      vertex 18.5491 4.99 -21.025
      vertex 18.2445 4.99 -21.4452
      vertex 18.5319 4.99 -21.0151
    endloop
  endfacet
  facet normal 0 1 -0
    outer loop
      vertex 18.2584 4.99 -21.46
      vertex 18.2445 4.99 -21.4452
      vertex 18.5491 4.99 -21.025
    endloop
  endfacet
  facet normal 0 1 0
    outer loop
      vertex 18.2445 4.99 -21.4452
      vertex 18.2584 4.99 -21.46
      vertex 18.2426 4.99 -21.4479
    endloop
  endfacet
  facet normal 0 1 0
    outer loop
      vertex 18.2584 4.99 -21.46
      vertex 18.2404 4.99 -21.4505
      vertex 18.2426 4.99 -21.4479
    endloop
  endfacet
  facet normal 0 1 0
    outer loop
      vertex 17.9134 4.99 -21.8534
      vertex 18.2404 4.99 -21.4505
      vertex 18.2584 4.99 -21.46
    endloop
  endfacet
  facet normal 0 1 0
    outer loop
      vertex 18.2404 4.99 -21.4505
      vertex 17.9134 4.99 -21.8534
      vertex 17.8994 4.99 -21.8394
    endloop
  endfacet
  facet normal 0 1 0
    outer loop
      vertex 17.9134 4.99 -21.8534
      vertex 17.5105 4.99 -22.1804
      vertex 17.8994 4.99 -21.8394
    endloop
  endfacet
  facet normal 0 1 -0
    outer loop
      vertex 17.52 4.99 -22.1984
      vertex 17.5105 4.99 -22.1804
      vertex 17.9134 4.99 -21.8534
    endloop
  endfacet
  facet normal 0 1 0
    outer loop
      vertex 17.5105 4.99 -22.1804
      vertex 17.52 4.99 -22.1984
      vertex 17.5079 4.99 -22.1826
    endloop
  endfacet
  facet normal 0 1 0
    outer loop
      vertex 17.52 4.99 -22.1984
      vertex 17.5052 4.99 -22.1845
      vertex 17.5079 4.99 -22.1826
    endloop
  endfacet
  facet normal 0 1 0
    outer loop
      vertex 17.085 4.99 -22.4891
      vertex 17.5052 4.99 -22.1845
      vertex 17.52 4.99 -22.1984
    endloop
  endfacet
  facet normal 0 1 0
    outer loop
      vertex 17.5052 4.99 -22.1845
      vertex 17.085 4.99 -22.4891
      vertex 17.0751 4.99 -22.4719
    endloop
  endfacet
  facet normal 0 1 0
    outer loop
      vertex 17.085 4.99 -22.4891
      vertex 16.6111 4.99 -22.7007
      vertex 17.0751 4.99 -22.4719
    endloop
  endfacet
  facet normal 0 1 -0
    outer loop
      vertex 16.6157 4.99 -22.7205
      vertex 16.6111 4.99 -22.7007
      vertex 17.085 4.99 -22.4891
    endloop
  endfacet
  facet normal 0 1 0
    outer loop
      vertex 16.6111 4.99 -22.7007
      vertex 16.6157 4.99 -22.7205
      vertex 16.6081 4.99 -22.7021
    endloop
  endfacet
  facet normal 0 1 0
    outer loop
      vertex 16.6157 4.99 -22.7205
      vertex 16.1183 4.99 -22.8684
      vertex 16.6081 4.99 -22.7021
    endloop
  endfacet
  facet normal 0 1 -0
    outer loop
      vertex 16.1203 4.99 -22.8887
      vertex 16.1183 4.99 -22.8684
      vertex 16.6157 4.99 -22.7205
    endloop
  endfacet
  facet normal 0 1 0
    outer loop
      vertex 16.1183 4.99 -22.8684
      vertex 16.1203 4.99 -22.8887
      vertex 16.1151 4.99 -22.8695
    endloop
  endfacet
  facet normal 0 1 0
    outer loop
      vertex 16.1203 4.99 -22.8887
      vertex 15.6078 4.99 -22.9704
      vertex 16.1151 4.99 -22.8695
    endloop
  endfacet
  facet normal 0 1 0
    outer loop
      vertex 15.6071 4.99 -22.9908
      vertex 15.6078 4.99 -22.9704
      vertex 16.1203 4.99 -22.8887
    endloop
  endfacet
  facet normal 0 1 0
    outer loop
      vertex 15.6078 4.99 -22.9704
      vertex 15.6071 4.99 -22.9908
      vertex 15.6045 4.99 -22.9711
    endloop
  endfacet
  facet normal 0 1 0
    outer loop
      vertex 15.6071 4.99 -22.9908
      vertex 15.6012 4.99 -22.9713
      vertex 15.6045 4.99 -22.9711
    endloop
  endfacet
  facet normal 0 1 0
    outer loop
      vertex 15.085 4.99 -23.025
      vertex 15.6012 4.99 -22.9713
      vertex 15.6071 4.99 -22.9908
    endloop
  endfacet
  facet normal 0 1 0
    outer loop
      vertex 15.6012 4.99 -22.9713
      vertex 15.085 4.99 -23.025
      vertex 15.085 4.99 -23.0051
    endloop
  endfacet
  facet normal 0 1 0
    outer loop
      vertex 14.5688 4.99 -15.0787
      vertex 15.085 4.99 -15.025
      vertex 15.085 4.99 -15.0449
    endloop
  endfacet
  facet normal 0 1 0
    outer loop
      vertex 15.085 4.99 -15.025
      vertex 14.5688 4.99 -15.0787
      vertex 14.5629 4.99 -15.0592
    endloop
  endfacet
  facet normal 0 1 -0
    outer loop
      vertex 14.5655 4.99 -15.0789
      vertex 14.5629 4.99 -15.0592
      vertex 14.5688 4.99 -15.0787
    endloop
  endfacet
  facet normal 0 1 0
    outer loop
      vertex 14.5622 4.99 -15.0796
      vertex 14.5629 4.99 -15.0592
      vertex 14.5655 4.99 -15.0789
    endloop
  endfacet
  facet normal 0 1 -0
    outer loop
      vertex 14.5622 4.99 -15.0796
      vertex 14.0497 4.99 -15.1613
      vertex 14.5629 4.99 -15.0592
    endloop
  endfacet
  facet normal 0 1 -0
    outer loop
      vertex 14.0549 4.99 -15.1805
      vertex 14.0497 4.99 -15.1613
      vertex 14.5622 4.99 -15.0796
    endloop
  endfacet
  facet normal 0 1 -0
    outer loop
      vertex 14.0517 4.99 -15.1816
      vertex 14.0497 4.99 -15.1613
      vertex 14.0549 4.99 -15.1805
    endloop
  endfacet
  facet normal 0 1 0
    outer loop
      vertex 14.0517 4.99 -15.1816
      vertex 13.5543 4.99 -15.3295
      vertex 14.0497 4.99 -15.1613
    endloop
  endfacet
  facet normal 0 1 -0
    outer loop
      vertex 13.5619 4.99 -15.3479
      vertex 13.5543 4.99 -15.3295
      vertex 14.0517 4.99 -15.1816
    endloop
  endfacet
  facet normal 0 1 -0
    outer loop
      vertex 13.5589 4.99 -15.3493
      vertex 13.5543 4.99 -15.3295
      vertex 13.5619 4.99 -15.3479
    endloop
  endfacet
  facet normal 0 1 0
    outer loop
      vertex 13.5589 4.99 -15.3493
      vertex 13.085 4.99 -15.5609
      vertex 13.5543 4.99 -15.3295
    endloop
  endfacet
  facet normal 0 1 -0
    outer loop
      vertex 13.0949 4.99 -15.5781
      vertex 13.085 4.99 -15.5609
      vertex 13.5589 4.99 -15.3493
    endloop
  endfacet
  facet normal 0 1 0
    outer loop
      vertex 12.6648 4.99 -15.8655
      vertex 13.085 4.99 -15.5609
      vertex 13.0949 4.99 -15.5781
    endloop
  endfacet
  facet normal 0 1 0
    outer loop
      vertex 13.085 4.99 -15.5609
      vertex 12.6648 4.99 -15.8655
      vertex 12.65 4.99 -15.8516
    endloop
  endfacet
  facet normal 0 1 -0
    outer loop
      vertex 12.6621 4.99 -15.8674
      vertex 12.65 4.99 -15.8516
      vertex 12.6648 4.99 -15.8655
    endloop
  endfacet
  facet normal 0 1 -0
    outer loop
      vertex 12.6595 4.99 -15.8696
      vertex 12.65 4.99 -15.8516
      vertex 12.6621 4.99 -15.8674
    endloop
  endfacet
  facet normal 0 1 0
    outer loop
      vertex 12.6595 4.99 -15.8696
      vertex 12.2566 4.99 -16.1966
      vertex 12.65 4.99 -15.8516
    endloop
  endfacet
  facet normal 0 1 -0
    outer loop
      vertex 12.2706 4.99 -16.2106
      vertex 12.2566 4.99 -16.1966
      vertex 12.6595 4.99 -15.8696
    endloop
  endfacet
  facet normal 0 1 0
    outer loop
      vertex 11.9296 4.99 -16.5995
      vertex 12.2566 4.99 -16.1966
      vertex 12.2706 4.99 -16.2106
    endloop
  endfacet
  facet normal 0 1 0
    outer loop
      vertex 12.2566 4.99 -16.1966
      vertex 11.9296 4.99 -16.5995
      vertex 11.9116 4.99 -16.59
    endloop
  endfacet
  facet normal 0 1 -0
    outer loop
      vertex 11.9274 4.99 -16.6021
      vertex 11.9116 4.99 -16.59
      vertex 11.9296 4.99 -16.5995
    endloop
  endfacet
  facet normal 0 1 -0
    outer loop
      vertex 11.9255 4.99 -16.6048
      vertex 11.9116 4.99 -16.59
      vertex 11.9274 4.99 -16.6021
    endloop
  endfacet
  facet normal 0 1 0
    outer loop
      vertex 11.9255 4.99 -16.6048
      vertex 11.6209 4.99 -17.025
      vertex 11.9116 4.99 -16.59
    endloop
  endfacet
  facet normal 0 1 -0
    outer loop
      vertex 11.6381 4.99 -17.0349
      vertex 11.6209 4.99 -17.025
      vertex 11.9255 4.99 -16.6048
    endloop
  endfacet
  facet normal 0 1 0
    outer loop
      vertex 11.4093 4.99 -17.4989
      vertex 11.6209 4.99 -17.025
      vertex 11.6381 4.99 -17.0349
    endloop
  endfacet
  facet normal 0 1 0
    outer loop
      vertex 11.6209 4.99 -17.025
      vertex 11.4093 4.99 -17.4989
      vertex 11.3895 4.99 -17.4943
    endloop
  endfacet
  facet normal 0 1 -0
    outer loop
      vertex 11.4079 4.99 -17.5019
      vertex 11.3895 4.99 -17.4943
      vertex 11.4093 4.99 -17.4989
    endloop
  endfacet
  facet normal 0 1 0
    outer loop
      vertex 11.2416 4.99 -17.9917
      vertex 11.3895 4.99 -17.4943
      vertex 11.4079 4.99 -17.5019
    endloop
  endfacet
  facet normal 0 1 0
    outer loop
      vertex 11.3895 4.99 -17.4943
      vertex 11.2416 4.99 -17.9917
      vertex 11.2213 4.99 -17.9897
    endloop
  endfacet
  facet normal 0 1 -0
    outer loop
      vertex 11.2405 4.99 -17.9949
      vertex 11.2213 4.99 -17.9897
      vertex 11.2416 4.99 -17.9917
    endloop
  endfacet
  facet normal 0 1 0
    outer loop
      vertex 11.1396 4.99 -18.5022
      vertex 11.2213 4.99 -17.9897
      vertex 11.2405 4.99 -17.9949
    endloop
  endfacet
  facet normal 0 1 -0
    outer loop
      vertex 11.1396 4.99 -18.5022
      vertex 11.1192 4.99 -18.5029
      vertex 11.2213 4.99 -17.9897
    endloop
  endfacet
  facet normal 0 1 -0
    outer loop
      vertex 11.1389 4.99 -18.5055
      vertex 11.1192 4.99 -18.5029
      vertex 11.1396 4.99 -18.5022
    endloop
  endfacet
  facet normal 0 1 -0
    outer loop
      vertex 11.1387 4.99 -18.5088
      vertex 11.1192 4.99 -18.5029
      vertex 11.1389 4.99 -18.5055
    endloop
  endfacet
  facet normal 0 1 0
    outer loop
      vertex 11.085 4.99 -19.025
      vertex 11.1387 4.99 -18.5088
      vertex 11.1049 4.99 -19.025
    endloop
  endfacet
  facet normal 0 1 0
    outer loop
      vertex 11.1387 4.99 -18.5088
      vertex 11.085 4.99 -19.025
      vertex 11.1192 4.99 -18.5029
    endloop
  endfacet
  facet normal 0 1 0
    outer loop
      vertex 11.1387 4.99 -19.5412
      vertex 11.085 4.99 -19.025
      vertex 11.1049 4.99 -19.025
    endloop
  endfacet
  facet normal 0 1 0
    outer loop
      vertex 11.1192 4.99 -19.5471
      vertex 11.1387 4.99 -19.5412
      vertex 11.1389 4.99 -19.5445
    endloop
  endfacet
  facet normal 0 1 0
    outer loop
      vertex 11.1387 4.99 -19.5412
      vertex 11.1192 4.99 -19.5471
      vertex 11.085 4.99 -19.025
    endloop
  endfacet
  facet normal 0 1 0
    outer loop
      vertex 11.1396 4.99 -19.5478
      vertex 11.1192 4.99 -19.5471
      vertex 11.1389 4.99 -19.5445
    endloop
  endfacet
  facet normal 0 1 -0
    outer loop
      vertex 11.2213 4.99 -20.0603
      vertex 11.1396 4.99 -19.5478
      vertex 11.2405 4.99 -20.0551
    endloop
  endfacet
  facet normal 0 1 0
    outer loop
      vertex 11.1396 4.99 -19.5478
      vertex 11.2213 4.99 -20.0603
      vertex 11.1192 4.99 -19.5471
    endloop
  endfacet
  facet normal 0 1 0
    outer loop
      vertex 11.2416 4.99 -20.0583
      vertex 11.2213 4.99 -20.0603
      vertex 11.2405 4.99 -20.0551
    endloop
  endfacet
  facet normal 0 1 -0
    outer loop
      vertex 11.3895 4.99 -20.5557
      vertex 11.2416 4.99 -20.0583
      vertex 11.4079 4.99 -20.5481
    endloop
  endfacet
  facet normal 0 1 0
    outer loop
      vertex 11.2416 4.99 -20.0583
      vertex 11.3895 4.99 -20.5557
      vertex 11.2213 4.99 -20.0603
    endloop
  endfacet
  facet normal 0 1 0
    outer loop
      vertex 11.4093 4.99 -20.5511
      vertex 11.3895 4.99 -20.5557
      vertex 11.4079 4.99 -20.5481
    endloop
  endfacet
  facet normal 0 1 -0
    outer loop
      vertex 11.6209 4.99 -21.025
      vertex 11.4093 4.99 -20.5511
      vertex 11.6381 4.99 -21.0151
    endloop
  endfacet
  facet normal 0 1 0
    outer loop
      vertex 11.4093 4.99 -20.5511
      vertex 11.6209 4.99 -21.025
      vertex 11.3895 4.99 -20.5557
    endloop
  endfacet
  facet normal 0 1 0
    outer loop
      vertex 11.9255 4.99 -21.4452
      vertex 11.6209 4.99 -21.025
      vertex 11.6381 4.99 -21.0151
    endloop
  endfacet
  facet normal 0 1 0
    outer loop
      vertex 11.9116 4.99 -21.46
      vertex 11.9255 4.99 -21.4452
      vertex 11.9274 4.99 -21.4479
    endloop
  endfacet
  facet normal 0 1 0
    outer loop
      vertex 11.9255 4.99 -21.4452
      vertex 11.9116 4.99 -21.46
      vertex 11.6209 4.99 -21.025
    endloop
  endfacet
  facet normal 0 1 0
    outer loop
      vertex 11.9296 4.99 -21.4505
      vertex 11.9116 4.99 -21.46
      vertex 11.9274 4.99 -21.4479
    endloop
  endfacet
  facet normal 0 1 -0
    outer loop
      vertex 12.2566 4.99 -21.8534
      vertex 11.9296 4.99 -21.4505
      vertex 12.2706 4.99 -21.8394
    endloop
  endfacet
  facet normal 0 1 0
    outer loop
      vertex 11.9296 4.99 -21.4505
      vertex 12.2566 4.99 -21.8534
      vertex 11.9116 4.99 -21.46
    endloop
  endfacet
  facet normal 0 1 0
    outer loop
      vertex 12.6595 4.99 -22.1804
      vertex 12.2566 4.99 -21.8534
      vertex 12.2706 4.99 -21.8394
    endloop
  endfacet
  facet normal 0 1 0
    outer loop
      vertex 12.65 4.99 -22.1984
      vertex 12.6595 4.99 -22.1804
      vertex 12.6621 4.99 -22.1826
    endloop
  endfacet
  facet normal 0 1 0
    outer loop
      vertex 12.6595 4.99 -22.1804
      vertex 12.65 4.99 -22.1984
      vertex 12.2566 4.99 -21.8534
    endloop
  endfacet
  facet normal 0 1 0
    outer loop
      vertex 12.6648 4.99 -22.1845
      vertex 12.65 4.99 -22.1984
      vertex 12.6621 4.99 -22.1826
    endloop
  endfacet
  facet normal 0 1 -0
    outer loop
      vertex 13.085 4.99 -22.4891
      vertex 12.6648 4.99 -22.1845
      vertex 13.0949 4.99 -22.4719
    endloop
  endfacet
  facet normal 0 1 0
    outer loop
      vertex 12.6648 4.99 -22.1845
      vertex 13.085 4.99 -22.4891
      vertex 12.65 4.99 -22.1984
    endloop
  endfacet
  facet normal 0 1 0
    outer loop
      vertex 13.5589 4.99 -22.7007
      vertex 13.085 4.99 -22.4891
      vertex 13.0949 4.99 -22.4719
    endloop
  endfacet
  facet normal 0 1 0
    outer loop
      vertex 13.5543 4.99 -22.7205
      vertex 13.5589 4.99 -22.7007
      vertex 13.5619 4.99 -22.7021
    endloop
  endfacet
  facet normal 0 1 0
    outer loop
      vertex 13.5589 4.99 -22.7007
      vertex 13.5543 4.99 -22.7205
      vertex 13.085 4.99 -22.4891
    endloop
  endfacet
  facet normal 0 1 0
    outer loop
      vertex 14.0517 4.99 -22.8684
      vertex 13.5543 4.99 -22.7205
      vertex 13.5619 4.99 -22.7021
    endloop
  endfacet
  facet normal 0 1 0
    outer loop
      vertex 14.0497 4.99 -22.8887
      vertex 14.0517 4.99 -22.8684
      vertex 14.0549 4.99 -22.8695
    endloop
  endfacet
  facet normal 0 1 0
    outer loop
      vertex 14.0517 4.99 -22.8684
      vertex 14.0497 4.99 -22.8887
      vertex 13.5543 4.99 -22.7205
    endloop
  endfacet
  facet normal 0 1 0
    outer loop
      vertex 14.5622 4.99 -22.9704
      vertex 14.0497 4.99 -22.8887
      vertex 14.0549 4.99 -22.8695
    endloop
  endfacet
  facet normal 0 1 -0
    outer loop
      vertex 14.5629 4.99 -22.9908
      vertex 14.5622 4.99 -22.9704
      vertex 14.5655 4.99 -22.9711
    endloop
  endfacet
  facet normal 0 1 0
    outer loop
      vertex 14.5622 4.99 -22.9704
      vertex 14.5629 4.99 -22.9908
      vertex 14.0497 4.99 -22.8887
    endloop
  endfacet
  facet normal 0 1 0
    outer loop
      vertex 14.5688 4.99 -22.9713
      vertex 14.5629 4.99 -22.9908
      vertex 14.5655 4.99 -22.9711
    endloop
  endfacet
  facet normal 0 1 -0
    outer loop
      vertex 15.085 4.99 -23.025
      vertex 14.5688 4.99 -22.9713
      vertex 15.085 4.99 -23.0051
    endloop
  endfacet
  facet normal 0 1 0
    outer loop
      vertex 14.5688 4.99 -22.9713
      vertex 15.085 4.99 -23.025
      vertex 14.5629 4.99 -22.9908
    endloop
  endfacet
  facet normal -0.896898 0 0.442238
    outer loop
      vertex 18.5491 4.99 -21.025
      vertex 18.7805 5 -20.5557
      vertex 18.5491 5 -21.025
    endloop
  endfacet
  facet normal -0.896898 0 0.442238
    outer loop
      vertex 18.7805 5 -20.5557
      vertex 18.5491 4.99 -21.025
      vertex 18.7805 4.99 -20.5557
    endloop
  endfacet
  facet normal -0.831432 0 0.555626
    outer loop
      vertex 18.2584 4.99 -21.46
      vertex 18.5491 5 -21.025
      vertex 18.2584 5 -21.46
    endloop
  endfacet
  facet normal -0.831432 0 0.555626
    outer loop
      vertex 18.5491 5 -21.025
      vertex 18.2584 4.99 -21.46
      vertex 18.5491 4.99 -21.025
    endloop
  endfacet
  facet normal -0.442238 0 0.896898
    outer loop
      vertex 16.6157 5 -22.7205
      vertex 17.085 4.99 -22.4891
      vertex 17.085 5 -22.4891
    endloop
  endfacet
  facet normal -0.442238 0 0.896898
    outer loop
      vertex 17.085 4.99 -22.4891
      vertex 16.6157 5 -22.7205
      vertex 16.6157 4.99 -22.7205
    endloop
  endfacet
  facet normal -0.555626 0 0.831432
    outer loop
      vertex 17.085 5 -22.4891
      vertex 17.52 4.99 -22.1984
      vertex 17.52 5 -22.1984
    endloop
  endfacet
  facet normal -0.555626 0 0.831432
    outer loop
      vertex 17.52 4.99 -22.1984
      vertex 17.085 5 -22.4891
      vertex 17.085 4.99 -22.4891
    endloop
  endfacet
  facet normal 0.896898 -0 0.442238
    outer loop
      vertex 11.3895 4.99 -20.5557
      vertex 11.6209 5 -21.025
      vertex 11.3895 5 -20.5557
    endloop
  endfacet
  facet normal 0.896898 0 0.442238
    outer loop
      vertex 11.6209 5 -21.025
      vertex 11.3895 4.99 -20.5557
      vertex 11.6209 4.99 -21.025
    endloop
  endfacet
  facet normal 0.751842 -0 0.659343
    outer loop
      vertex 11.9116 4.99 -21.46
      vertex 12.2566 5 -21.8534
      vertex 11.9116 5 -21.46
    endloop
  endfacet
  facet normal 0.751842 0 0.659343
    outer loop
      vertex 12.2566 5 -21.8534
      vertex 11.9116 4.99 -21.46
      vertex 12.2566 4.99 -21.8534
    endloop
  endfacet
  facet normal 0.0653646 0 0.997861
    outer loop
      vertex 14.5629 5 -22.9908
      vertex 15.085 4.99 -23.025
      vertex 15.085 5 -23.025
    endloop
  endfacet
  facet normal 0.0653646 0 0.997861
    outer loop
      vertex 15.085 4.99 -23.025
      vertex 14.5629 5 -22.9908
      vertex 14.5629 4.99 -22.9908
    endloop
  endfacet
  facet normal -0.94691 0 -0.321498
    outer loop
      vertex 18.9487 4.99 -17.9897
      vertex 18.7805 5 -17.4943
      vertex 18.9487 5 -17.9897
    endloop
  endfacet
  facet normal -0.94691 -0 -0.321498
    outer loop
      vertex 18.7805 5 -17.4943
      vertex 18.9487 4.99 -17.9897
      vertex 18.7805 4.99 -17.4943
    endloop
  endfacet
  facet normal -0.555626 0 -0.831432
    outer loop
      vertex 17.085 4.99 -15.5609
      vertex 17.52 5 -15.8516
      vertex 17.52 4.99 -15.8516
    endloop
  endfacet
  facet normal -0.555626 0 -0.831432
    outer loop
      vertex 17.52 5 -15.8516
      vertex 17.085 4.99 -15.5609
      vertex 17.085 5 -15.5609
    endloop
  endfacet
  facet normal 0.659343 0 -0.751842
    outer loop
      vertex 12.2566 4.99 -16.1966
      vertex 12.65 5 -15.8516
      vertex 12.65 4.99 -15.8516
    endloop
  endfacet
  facet normal 0.659343 0 -0.751842
    outer loop
      vertex 12.65 5 -15.8516
      vertex 12.2566 4.99 -16.1966
      vertex 12.2566 5 -16.1966
    endloop
  endfacet
  facet normal 0.997861 0 -0.0653646
    outer loop
      vertex 11.1192 4.99 -18.5029
      vertex 11.085 5 -19.025
      vertex 11.1192 5 -18.5029
    endloop
  endfacet
  facet normal 0.997861 0 -0.0653646
    outer loop
      vertex 11.085 5 -19.025
      vertex 11.1192 4.99 -18.5029
      vertex 11.085 4.99 -19.025
    endloop
  endfacet
  facet normal -0.94691 0 0.321498
    outer loop
      vertex 18.7805 4.99 -20.5557
      vertex 18.9487 5 -20.0603
      vertex 18.7805 5 -20.5557
    endloop
  endfacet
  facet normal -0.94691 0 0.321498
    outer loop
      vertex 18.9487 5 -20.0603
      vertex 18.7805 4.99 -20.5557
      vertex 18.9487 4.99 -20.0603
    endloop
  endfacet
  facet normal -0.980779 0 0.195124
    outer loop
      vertex 18.9487 4.99 -20.0603
      vertex 19.0508 5 -19.5471
      vertex 18.9487 5 -20.0603
    endloop
  endfacet
  facet normal -0.980779 0 0.195124
    outer loop
      vertex 19.0508 5 -19.5471
      vertex 18.9487 4.99 -20.0603
      vertex 19.0508 4.99 -19.5471
    endloop
  endfacet
  facet normal -0.751842 0 0.659343
    outer loop
      vertex 17.9134 4.99 -21.8534
      vertex 18.2584 5 -21.46
      vertex 17.9134 5 -21.8534
    endloop
  endfacet
  facet normal -0.751842 0 0.659343
    outer loop
      vertex 18.2584 5 -21.46
      vertex 17.9134 4.99 -21.8534
      vertex 18.2584 4.99 -21.46
    endloop
  endfacet
  facet normal -0.321498 0 0.94691
    outer loop
      vertex 16.1203 5 -22.8887
      vertex 16.6157 4.99 -22.7205
      vertex 16.6157 5 -22.7205
    endloop
  endfacet
  facet normal -0.321498 0 0.94691
    outer loop
      vertex 16.6157 4.99 -22.7205
      vertex 16.1203 5 -22.8887
      vertex 16.1203 4.99 -22.8887
    endloop
  endfacet
  facet normal -0.195124 0 0.980779
    outer loop
      vertex 15.6071 5 -22.9908
      vertex 16.1203 4.99 -22.8887
      vertex 16.1203 5 -22.8887
    endloop
  endfacet
  facet normal -0.195124 0 0.980779
    outer loop
      vertex 16.1203 4.99 -22.8887
      vertex 15.6071 5 -22.9908
      vertex 15.6071 4.99 -22.9908
    endloop
  endfacet
  facet normal 0.831432 -0 0.555626
    outer loop
      vertex 11.6209 4.99 -21.025
      vertex 11.9116 5 -21.46
      vertex 11.6209 5 -21.025
    endloop
  endfacet
  facet normal 0.831432 0 0.555626
    outer loop
      vertex 11.9116 5 -21.46
      vertex 11.6209 4.99 -21.025
      vertex 11.9116 4.99 -21.46
    endloop
  endfacet
  facet normal 0.94691 -0 0.321498
    outer loop
      vertex 11.2213 4.99 -20.0603
      vertex 11.3895 5 -20.5557
      vertex 11.2213 5 -20.0603
    endloop
  endfacet
  facet normal 0.94691 0 0.321498
    outer loop
      vertex 11.3895 5 -20.5557
      vertex 11.2213 4.99 -20.0603
      vertex 11.3895 4.99 -20.5557
    endloop
  endfacet
  facet normal 0.980779 -0 0.195124
    outer loop
      vertex 11.1192 4.99 -19.5471
      vertex 11.2213 5 -20.0603
      vertex 11.1192 5 -19.5471
    endloop
  endfacet
  facet normal 0.980779 0 0.195124
    outer loop
      vertex 11.2213 5 -20.0603
      vertex 11.1192 4.99 -19.5471
      vertex 11.2213 4.99 -20.0603
    endloop
  endfacet
  facet normal 0.442238 0 0.896898
    outer loop
      vertex 13.085 5 -22.4891
      vertex 13.5543 4.99 -22.7205
      vertex 13.5543 5 -22.7205
    endloop
  endfacet
  facet normal 0.442238 0 0.896898
    outer loop
      vertex 13.5543 4.99 -22.7205
      vertex 13.085 5 -22.4891
      vertex 13.085 4.99 -22.4891
    endloop
  endfacet
  facet normal 0.555626 0 0.831432
    outer loop
      vertex 12.65 5 -22.1984
      vertex 13.085 4.99 -22.4891
      vertex 13.085 5 -22.4891
    endloop
  endfacet
  facet normal 0.555626 0 0.831432
    outer loop
      vertex 13.085 4.99 -22.4891
      vertex 12.65 5 -22.1984
      vertex 12.65 4.99 -22.1984
    endloop
  endfacet
  facet normal 0.195124 0 0.980779
    outer loop
      vertex 14.0497 5 -22.8887
      vertex 14.5629 4.99 -22.9908
      vertex 14.5629 5 -22.9908
    endloop
  endfacet
  facet normal 0.195124 0 0.980779
    outer loop
      vertex 14.5629 4.99 -22.9908
      vertex 14.0497 5 -22.8887
      vertex 14.0497 4.99 -22.8887
    endloop
  endfacet
  facet normal -0.0653646 0 -0.997861
    outer loop
      vertex 15.085 4.99 -15.025
      vertex 15.6071 5 -15.0592
      vertex 15.6071 4.99 -15.0592
    endloop
  endfacet
  facet normal -0.0653646 0 -0.997861
    outer loop
      vertex 15.6071 5 -15.0592
      vertex 15.085 4.99 -15.025
      vertex 15.085 5 -15.025
    endloop
  endfacet
  facet normal -0.321498 0 -0.94691
    outer loop
      vertex 16.1203 4.99 -15.1613
      vertex 16.6157 5 -15.3295
      vertex 16.6157 4.99 -15.3295
    endloop
  endfacet
  facet normal -0.321498 0 -0.94691
    outer loop
      vertex 16.6157 5 -15.3295
      vertex 16.1203 4.99 -15.1613
      vertex 16.1203 5 -15.1613
    endloop
  endfacet
  facet normal -0.659343 0 -0.751842
    outer loop
      vertex 17.52 4.99 -15.8516
      vertex 17.9134 5 -16.1966
      vertex 17.9134 4.99 -16.1966
    endloop
  endfacet
  facet normal -0.659343 0 -0.751842
    outer loop
      vertex 17.9134 5 -16.1966
      vertex 17.52 4.99 -15.8516
      vertex 17.52 5 -15.8516
    endloop
  endfacet
  facet normal -0.831432 0 -0.555626
    outer loop
      vertex 18.5491 4.99 -17.025
      vertex 18.2584 5 -16.59
      vertex 18.5491 5 -17.025
    endloop
  endfacet
  facet normal -0.831432 -0 -0.555626
    outer loop
      vertex 18.2584 5 -16.59
      vertex 18.5491 4.99 -17.025
      vertex 18.2584 4.99 -16.59
    endloop
  endfacet
  facet normal 0.555626 0 -0.831432
    outer loop
      vertex 12.65 4.99 -15.8516
      vertex 13.085 5 -15.5609
      vertex 13.085 4.99 -15.5609
    endloop
  endfacet
  facet normal 0.555626 0 -0.831432
    outer loop
      vertex 13.085 5 -15.5609
      vertex 12.65 4.99 -15.8516
      vertex 12.65 5 -15.8516
    endloop
  endfacet
  facet normal 0.321498 0 -0.94691
    outer loop
      vertex 13.5543 4.99 -15.3295
      vertex 14.0497 5 -15.1613
      vertex 14.0497 4.99 -15.1613
    endloop
  endfacet
  facet normal 0.321498 0 -0.94691
    outer loop
      vertex 14.0497 5 -15.1613
      vertex 13.5543 4.99 -15.3295
      vertex 13.5543 5 -15.3295
    endloop
  endfacet
  facet normal 0.0653646 0 -0.997861
    outer loop
      vertex 14.5629 4.99 -15.0592
      vertex 15.085 5 -15.025
      vertex 15.085 4.99 -15.025
    endloop
  endfacet
  facet normal 0.0653646 0 -0.997861
    outer loop
      vertex 15.085 5 -15.025
      vertex 14.5629 4.99 -15.0592
      vertex 14.5629 5 -15.0592
    endloop
  endfacet
  facet normal 0.896898 0 -0.442238
    outer loop
      vertex 11.6209 4.99 -17.025
      vertex 11.3895 5 -17.4943
      vertex 11.6209 5 -17.025
    endloop
  endfacet
  facet normal 0.896898 0 -0.442238
    outer loop
      vertex 11.3895 5 -17.4943
      vertex 11.6209 4.99 -17.025
      vertex 11.3895 4.99 -17.4943
    endloop
  endfacet
  facet normal 0.980779 0 -0.195124
    outer loop
      vertex 11.2213 4.99 -17.9897
      vertex 11.1192 5 -18.5029
      vertex 11.2213 5 -17.9897
    endloop
  endfacet
  facet normal 0.980779 0 -0.195124
    outer loop
      vertex 11.1192 5 -18.5029
      vertex 11.2213 4.99 -17.9897
      vertex 11.1192 4.99 -18.5029
    endloop
  endfacet
  facet normal -0.195124 0 -0.980779
    outer loop
      vertex 15.6071 4.99 -15.0592
      vertex 16.1203 5 -15.1613
      vertex 16.1203 4.99 -15.1613
    endloop
  endfacet
  facet normal -0.195124 0 -0.980779
    outer loop
      vertex 16.1203 5 -15.1613
      vertex 15.6071 4.99 -15.0592
      vertex 15.6071 5 -15.0592
    endloop
  endfacet
  facet normal -0.442238 0 -0.896898
    outer loop
      vertex 16.6157 4.99 -15.3295
      vertex 17.085 5 -15.5609
      vertex 17.085 4.99 -15.5609
    endloop
  endfacet
  facet normal -0.442238 0 -0.896898
    outer loop
      vertex 17.085 5 -15.5609
      vertex 16.6157 4.99 -15.3295
      vertex 16.6157 5 -15.3295
    endloop
  endfacet
  facet normal -0.751842 0 -0.659343
    outer loop
      vertex 18.2584 4.99 -16.59
      vertex 17.9134 5 -16.1966
      vertex 18.2584 5 -16.59
    endloop
  endfacet
  facet normal -0.751842 -0 -0.659343
    outer loop
      vertex 17.9134 5 -16.1966
      vertex 18.2584 4.99 -16.59
      vertex 17.9134 4.99 -16.1966
    endloop
  endfacet
  facet normal -0.980779 0 -0.195124
    outer loop
      vertex 19.0508 4.99 -18.5029
      vertex 18.9487 5 -17.9897
      vertex 19.0508 5 -18.5029
    endloop
  endfacet
  facet normal -0.980779 -0 -0.195124
    outer loop
      vertex 18.9487 5 -17.9897
      vertex 19.0508 4.99 -18.5029
      vertex 18.9487 4.99 -17.9897
    endloop
  endfacet
  facet normal -0.896898 0 -0.442238
    outer loop
      vertex 18.7805 4.99 -17.4943
      vertex 18.5491 5 -17.025
      vertex 18.7805 5 -17.4943
    endloop
  endfacet
  facet normal -0.896898 -0 -0.442238
    outer loop
      vertex 18.5491 5 -17.025
      vertex 18.7805 4.99 -17.4943
      vertex 18.5491 4.99 -17.025
    endloop
  endfacet
  facet normal 0.442238 0 -0.896898
    outer loop
      vertex 13.085 4.99 -15.5609
      vertex 13.5543 5 -15.3295
      vertex 13.5543 4.99 -15.3295
    endloop
  endfacet
  facet normal 0.442238 0 -0.896898
    outer loop
      vertex 13.5543 5 -15.3295
      vertex 13.085 4.99 -15.5609
      vertex 13.085 5 -15.5609
    endloop
  endfacet
  facet normal 0.195124 0 -0.980779
    outer loop
      vertex 14.0497 4.99 -15.1613
      vertex 14.5629 5 -15.0592
      vertex 14.5629 4.99 -15.0592
    endloop
  endfacet
  facet normal 0.195124 0 -0.980779
    outer loop
      vertex 14.5629 5 -15.0592
      vertex 14.0497 4.99 -15.1613
      vertex 14.0497 5 -15.1613
    endloop
  endfacet
  facet normal 0.831432 0 -0.555626
    outer loop
      vertex 11.9116 4.99 -16.59
      vertex 11.6209 5 -17.025
      vertex 11.9116 5 -16.59
    endloop
  endfacet
  facet normal 0.831432 0 -0.555626
    outer loop
      vertex 11.6209 5 -17.025
      vertex 11.9116 4.99 -16.59
      vertex 11.6209 4.99 -17.025
    endloop
  endfacet
  facet normal 0.94691 0 -0.321498
    outer loop
      vertex 11.3895 4.99 -17.4943
      vertex 11.2213 5 -17.9897
      vertex 11.3895 5 -17.4943
    endloop
  endfacet
  facet normal 0.94691 0 -0.321498
    outer loop
      vertex 11.2213 5 -17.9897
      vertex 11.3895 4.99 -17.4943
      vertex 11.2213 4.99 -17.9897
    endloop
  endfacet
  facet normal -0.997861 0 -0.0653646
    outer loop
      vertex 19.085 4.99 -19.025
      vertex 19.0508 5 -18.5029
      vertex 19.085 5 -19.025
    endloop
  endfacet
  facet normal -0.997861 -0 -0.0653646
    outer loop
      vertex 19.0508 5 -18.5029
      vertex 19.085 4.99 -19.025
      vertex 19.0508 4.99 -18.5029
    endloop
  endfacet
  facet normal -0.659202 0 0.751966
    outer loop
      vertex 16.4547 3.25 17.24
      vertex 16.676 0 17.434
      vertex 16.676 3.25 17.434
    endloop
  endfacet
  facet normal -0.659202 0 0.751966
    outer loop
      vertex 16.676 0 17.434
      vertex 16.4547 3.25 17.24
      vertex 16.4547 0 17.24
    endloop
  endfacet
  facet normal 0.946936 -0 0.321421
    outer loop
      vertex 12.9117 0 18.4427
      vertex 13.0063 3.25 18.164
      vertex 12.9117 3.25 18.4427
    endloop
  endfacet
  facet normal 0.946936 0 0.321421
    outer loop
      vertex 13.0063 3.25 18.164
      vertex 12.9117 0 18.4427
      vertex 13.0063 0 18.164
    endloop
  endfacet
  facet normal 0.321421 0 -0.946936
    outer loop
      vertex 14.224 0 21.1037
      vertex 14.5027 3.25 21.1983
      vertex 14.5027 0 21.1983
    endloop
  endfacet
  facet normal 0.321421 0 -0.946936
    outer loop
      vertex 14.5027 3.25 21.1983
      vertex 14.224 0 21.1037
      vertex 14.224 3.25 21.1037
    endloop
  endfacet
  facet normal 0.321421 0 0.946936
    outer loop
      vertex 14.224 3.25 16.9463
      vertex 14.5027 0 16.8517
      vertex 14.5027 3.25 16.8517
    endloop
  endfacet
  facet normal 0.321421 0 0.946936
    outer loop
      vertex 14.5027 0 16.8517
      vertex 14.224 3.25 16.9463
      vertex 14.224 0 16.9463
    endloop
  endfacet
  facet normal 0.896995 -0 0.442042
    outer loop
      vertex 13.0063 0 18.164
      vertex 13.1364 3.25 17.9
      vertex 13.0063 3.25 18.164
    endloop
  endfacet
  facet normal 0.896995 0 0.442042
    outer loop
      vertex 13.1364 3.25 17.9
      vertex 13.0063 0 18.164
      vertex 13.1364 0 17.9
    endloop
  endfacet
  facet normal -0.896995 0 0.442042
    outer loop
      vertex 17.0336 0 17.9
      vertex 17.1637 3.25 18.164
      vertex 17.0336 3.25 17.9
    endloop
  endfacet
  facet normal -0.896995 0 0.442042
    outer loop
      vertex 17.1637 3.25 18.164
      vertex 17.0336 0 17.9
      vertex 17.1637 0 18.164
    endloop
  endfacet
  facet normal -0.831318 0 0.555797
    outer loop
      vertex 16.87 0 17.6553
      vertex 17.0336 3.25 17.9
      vertex 16.87 3.25 17.6553
    endloop
  endfacet
  facet normal -0.831318 0 0.555797
    outer loop
      vertex 17.0336 3.25 17.9
      vertex 16.87 0 17.6553
      vertex 17.0336 0 17.9
    endloop
  endfacet
  facet normal -0.751966 0 0.659202
    outer loop
      vertex 16.676 0 17.434
      vertex 16.87 3.25 17.6553
      vertex 16.676 3.25 17.434
    endloop
  endfacet
  facet normal -0.751966 0 0.659202
    outer loop
      vertex 16.87 3.25 17.6553
      vertex 16.676 0 17.434
      vertex 16.87 0 17.6553
    endloop
  endfacet
  facet normal -0.442042 0 0.896995
    outer loop
      vertex 15.946 3.25 16.9463
      vertex 16.21 0 17.0764
      vertex 16.21 3.25 17.0764
    endloop
  endfacet
  facet normal -0.442042 0 0.896995
    outer loop
      vertex 16.21 0 17.0764
      vertex 15.946 3.25 16.9463
      vertex 15.946 0 16.9463
    endloop
  endfacet
  facet normal -0.321421 0 0.946936
    outer loop
      vertex 15.6673 3.25 16.8517
      vertex 15.946 0 16.9463
      vertex 15.946 3.25 16.9463
    endloop
  endfacet
  facet normal -0.321421 0 0.946936
    outer loop
      vertex 15.946 0 16.9463
      vertex 15.6673 3.25 16.8517
      vertex 15.6673 0 16.8517
    endloop
  endfacet
  facet normal -0.19507 0 0.980789
    outer loop
      vertex 15.3787 3.25 16.7943
      vertex 15.6673 0 16.8517
      vertex 15.6673 3.25 16.8517
    endloop
  endfacet
  facet normal -0.19507 0 0.980789
    outer loop
      vertex 15.6673 0 16.8517
      vertex 15.3787 3.25 16.7943
      vertex 15.3787 0 16.7943
    endloop
  endfacet
  facet normal 0.980724 -0 0.195397
    outer loop
      vertex 12.8542 0 18.7313
      vertex 12.9117 3.25 18.4427
      vertex 12.8542 3.25 18.7313
    endloop
  endfacet
  facet normal 0.980724 0 0.195397
    outer loop
      vertex 12.9117 3.25 18.4427
      vertex 12.8542 0 18.7313
      vertex 12.9117 0 18.4427
    endloop
  endfacet
  facet normal 0.751966 -0 0.659202
    outer loop
      vertex 13.3 0 17.6553
      vertex 13.494 3.25 17.434
      vertex 13.3 3.25 17.6553
    endloop
  endfacet
  facet normal 0.751966 0 0.659202
    outer loop
      vertex 13.494 3.25 17.434
      vertex 13.3 0 17.6553
      vertex 13.494 0 17.434
    endloop
  endfacet
  facet normal 0.442042 0 0.896995
    outer loop
      vertex 13.96 3.25 17.0764
      vertex 14.224 0 16.9463
      vertex 14.224 3.25 16.9463
    endloop
  endfacet
  facet normal 0.442042 0 0.896995
    outer loop
      vertex 14.224 0 16.9463
      vertex 13.96 3.25 17.0764
      vertex 13.96 0 17.0764
    endloop
  endfacet
  facet normal 0.19507 0 0.980789
    outer loop
      vertex 14.5027 3.25 16.8517
      vertex 14.7913 0 16.7943
      vertex 14.7913 3.25 16.7943
    endloop
  endfacet
  facet normal 0.19507 0 0.980789
    outer loop
      vertex 14.7913 0 16.7943
      vertex 14.5027 3.25 16.8517
      vertex 14.5027 0 16.8517
    endloop
  endfacet
  facet normal -0.99787 0 -0.0652336
    outer loop
      vertex 17.335 0 19.025
      vertex 17.3158 3.25 19.3187
      vertex 17.335 3.25 19.025
    endloop
  endfacet
  facet normal -0.99787 -0 -0.0652336
    outer loop
      vertex 17.3158 3.25 19.3187
      vertex 17.335 0 19.025
      vertex 17.3158 0 19.3187
    endloop
  endfacet
  facet normal -0.321421 0 -0.946936
    outer loop
      vertex 15.6673 0 21.1983
      vertex 15.946 3.25 21.1037
      vertex 15.946 0 21.1037
    endloop
  endfacet
  facet normal -0.321421 0 -0.946936
    outer loop
      vertex 15.946 3.25 21.1037
      vertex 15.6673 0 21.1983
      vertex 15.6673 3.25 21.1983
    endloop
  endfacet
  facet normal -0.442042 0 -0.896995
    outer loop
      vertex 15.946 0 21.1037
      vertex 16.21 3.25 20.9736
      vertex 16.21 0 20.9736
    endloop
  endfacet
  facet normal -0.442042 0 -0.896995
    outer loop
      vertex 16.21 3.25 20.9736
      vertex 15.946 0 21.1037
      vertex 15.946 3.25 21.1037
    endloop
  endfacet
  facet normal -0.751966 0 -0.659202
    outer loop
      vertex 16.87 0 20.3947
      vertex 16.676 3.25 20.616
      vertex 16.87 3.25 20.3947
    endloop
  endfacet
  facet normal -0.751966 -0 -0.659202
    outer loop
      vertex 16.676 3.25 20.616
      vertex 16.87 0 20.3947
      vertex 16.676 0 20.616
    endloop
  endfacet
  facet normal 0.195397 0 -0.980724
    outer loop
      vertex 14.5027 0 21.1983
      vertex 14.7913 3.25 21.2558
      vertex 14.7913 0 21.2558
    endloop
  endfacet
  facet normal 0.195397 0 -0.980724
    outer loop
      vertex 14.7913 3.25 21.2558
      vertex 14.5027 0 21.1983
      vertex 14.5027 3.25 21.1983
    endloop
  endfacet
  facet normal 0.659202 0 -0.751966
    outer loop
      vertex 13.494 0 20.616
      vertex 13.7153 3.25 20.81
      vertex 13.7153 0 20.81
    endloop
  endfacet
  facet normal 0.659202 0 -0.751966
    outer loop
      vertex 13.7153 3.25 20.81
      vertex 13.494 0 20.616
      vertex 13.494 3.25 20.616
    endloop
  endfacet
  facet normal 0.896995 0 -0.442042
    outer loop
      vertex 13.1364 0 20.15
      vertex 13.0063 3.25 19.886
      vertex 13.1364 3.25 20.15
    endloop
  endfacet
  facet normal 0.896995 0 -0.442042
    outer loop
      vertex 13.0063 3.25 19.886
      vertex 13.1364 0 20.15
      vertex 13.0063 0 19.886
    endloop
  endfacet
  facet normal -0.980724 0 0.195397
    outer loop
      vertex 17.2583 0 18.4427
      vertex 17.3158 3.25 18.7313
      vertex 17.2583 3.25 18.4427
    endloop
  endfacet
  facet normal -0.980724 0 0.195397
    outer loop
      vertex 17.3158 3.25 18.7313
      vertex 17.2583 0 18.4427
      vertex 17.3158 0 18.7313
    endloop
  endfacet
  facet normal -0.946936 0 0.321421
    outer loop
      vertex 17.1637 0 18.164
      vertex 17.2583 3.25 18.4427
      vertex 17.1637 3.25 18.164
    endloop
  endfacet
  facet normal -0.946936 0 0.321421
    outer loop
      vertex 17.2583 3.25 18.4427
      vertex 17.1637 0 18.164
      vertex 17.2583 0 18.4427
    endloop
  endfacet
  facet normal -0.555797 0 0.831318
    outer loop
      vertex 16.21 3.25 17.0764
      vertex 16.4547 0 17.24
      vertex 16.4547 3.25 17.24
    endloop
  endfacet
  facet normal -0.555797 0 0.831318
    outer loop
      vertex 16.4547 0 17.24
      vertex 16.21 3.25 17.0764
      vertex 16.21 0 17.0764
    endloop
  endfacet
  facet normal -0.0655719 0 0.997848
    outer loop
      vertex 15.085 3.25 16.775
      vertex 15.3787 0 16.7943
      vertex 15.3787 3.25 16.7943
    endloop
  endfacet
  facet normal -0.0655719 0 0.997848
    outer loop
      vertex 15.3787 0 16.7943
      vertex 15.085 3.25 16.775
      vertex 15.085 0 16.775
    endloop
  endfacet
  facet normal 0.99787 -0 0.0652336
    outer loop
      vertex 12.835 0 19.025
      vertex 12.8542 3.25 18.7313
      vertex 12.835 3.25 19.025
    endloop
  endfacet
  facet normal 0.99787 0 0.0652336
    outer loop
      vertex 12.8542 3.25 18.7313
      vertex 12.835 0 19.025
      vertex 12.8542 0 18.7313
    endloop
  endfacet
  facet normal 0.831318 -0 0.555797
    outer loop
      vertex 13.1364 0 17.9
      vertex 13.3 3.25 17.6553
      vertex 13.1364 3.25 17.9
    endloop
  endfacet
  facet normal 0.831318 0 0.555797
    outer loop
      vertex 13.3 3.25 17.6553
      vertex 13.1364 0 17.9
      vertex 13.3 0 17.6553
    endloop
  endfacet
  facet normal 0.0655719 0 0.997848
    outer loop
      vertex 14.7913 3.25 16.7943
      vertex 15.085 0 16.775
      vertex 15.085 3.25 16.775
    endloop
  endfacet
  facet normal 0.0655719 0 0.997848
    outer loop
      vertex 15.085 0 16.775
      vertex 14.7913 3.25 16.7943
      vertex 14.7913 0 16.7943
    endloop
  endfacet
  facet normal 0.555797 0 0.831318
    outer loop
      vertex 13.7153 3.25 17.24
      vertex 13.96 0 17.0764
      vertex 13.96 3.25 17.0764
    endloop
  endfacet
  facet normal 0.555797 0 0.831318
    outer loop
      vertex 13.96 0 17.0764
      vertex 13.7153 3.25 17.24
      vertex 13.7153 0 17.24
    endloop
  endfacet
  facet normal 0.659202 0 0.751966
    outer loop
      vertex 13.494 3.25 17.434
      vertex 13.7153 0 17.24
      vertex 13.7153 3.25 17.24
    endloop
  endfacet
  facet normal 0.659202 0 0.751966
    outer loop
      vertex 13.7153 0 17.24
      vertex 13.494 3.25 17.434
      vertex 13.494 0 17.434
    endloop
  endfacet
  facet normal -0.99787 0 0.0652336
    outer loop
      vertex 17.3158 0 18.7313
      vertex 17.335 3.25 19.025
      vertex 17.3158 3.25 18.7313
    endloop
  endfacet
  facet normal -0.99787 0 0.0652336
    outer loop
      vertex 17.335 3.25 19.025
      vertex 17.3158 0 18.7313
      vertex 17.335 0 19.025
    endloop
  endfacet
  facet normal -0.0652336 0 -0.99787
    outer loop
      vertex 15.085 0 21.275
      vertex 15.3787 3.25 21.2558
      vertex 15.3787 0 21.2558
    endloop
  endfacet
  facet normal -0.0652336 0 -0.99787
    outer loop
      vertex 15.3787 3.25 21.2558
      vertex 15.085 0 21.275
      vertex 15.085 3.25 21.275
    endloop
  endfacet
  facet normal -0.946936 0 -0.321421
    outer loop
      vertex 17.2583 0 19.6073
      vertex 17.1637 3.25 19.886
      vertex 17.2583 3.25 19.6073
    endloop
  endfacet
  facet normal -0.946936 -0 -0.321421
    outer loop
      vertex 17.1637 3.25 19.886
      vertex 17.2583 0 19.6073
      vertex 17.1637 0 19.886
    endloop
  endfacet
  facet normal -0.555797 0 -0.831318
    outer loop
      vertex 16.21 0 20.9736
      vertex 16.4547 3.25 20.81
      vertex 16.4547 0 20.81
    endloop
  endfacet
  facet normal -0.555797 0 -0.831318
    outer loop
      vertex 16.4547 3.25 20.81
      vertex 16.21 0 20.9736
      vertex 16.21 3.25 20.9736
    endloop
  endfacet
  facet normal -0.896995 0 -0.442042
    outer loop
      vertex 17.1637 0 19.886
      vertex 17.0336 3.25 20.15
      vertex 17.1637 3.25 19.886
    endloop
  endfacet
  facet normal -0.896995 -0 -0.442042
    outer loop
      vertex 17.0336 3.25 20.15
      vertex 17.1637 0 19.886
      vertex 17.0336 0 20.15
    endloop
  endfacet
  facet normal 0.442042 0 -0.896995
    outer loop
      vertex 13.96 0 20.9736
      vertex 14.224 3.25 21.1037
      vertex 14.224 0 21.1037
    endloop
  endfacet
  facet normal 0.442042 0 -0.896995
    outer loop
      vertex 14.224 3.25 21.1037
      vertex 13.96 0 20.9736
      vertex 13.96 3.25 20.9736
    endloop
  endfacet
  facet normal 0.946936 0 -0.321421
    outer loop
      vertex 13.0063 0 19.886
      vertex 12.9117 3.25 19.6073
      vertex 13.0063 3.25 19.886
    endloop
  endfacet
  facet normal 0.946936 0 -0.321421
    outer loop
      vertex 12.9117 3.25 19.6073
      vertex 13.0063 0 19.886
      vertex 12.9117 0 19.6073
    endloop
  endfacet
  facet normal 0.99787 0 -0.0652336
    outer loop
      vertex 12.8542 0 19.3187
      vertex 12.835 3.25 19.025
      vertex 12.8542 3.25 19.3187
    endloop
  endfacet
  facet normal 0.99787 0 -0.0652336
    outer loop
      vertex 12.835 3.25 19.025
      vertex 12.8542 0 19.3187
      vertex 12.835 0 19.025
    endloop
  endfacet
  facet normal 0.831318 0 -0.555797
    outer loop
      vertex 13.3 0 20.3947
      vertex 13.1364 3.25 20.15
      vertex 13.3 3.25 20.3947
    endloop
  endfacet
  facet normal 0.831318 0 -0.555797
    outer loop
      vertex 13.1364 3.25 20.15
      vertex 13.3 0 20.3947
      vertex 13.1364 0 20.15
    endloop
  endfacet
  facet normal -0.980724 0 -0.195397
    outer loop
      vertex 17.3158 0 19.3187
      vertex 17.2583 3.25 19.6073
      vertex 17.3158 3.25 19.3187
    endloop
  endfacet
  facet normal -0.980724 -0 -0.195397
    outer loop
      vertex 17.2583 3.25 19.6073
      vertex 17.3158 0 19.3187
      vertex 17.2583 0 19.6073
    endloop
  endfacet
  facet normal -0.195397 0 -0.980724
    outer loop
      vertex 15.3787 0 21.2558
      vertex 15.6673 3.25 21.1983
      vertex 15.6673 0 21.1983
    endloop
  endfacet
  facet normal -0.195397 0 -0.980724
    outer loop
      vertex 15.6673 3.25 21.1983
      vertex 15.3787 0 21.2558
      vertex 15.3787 3.25 21.2558
    endloop
  endfacet
  facet normal -0.659202 0 -0.751966
    outer loop
      vertex 16.4547 0 20.81
      vertex 16.676 3.25 20.616
      vertex 16.676 0 20.616
    endloop
  endfacet
  facet normal -0.659202 0 -0.751966
    outer loop
      vertex 16.676 3.25 20.616
      vertex 16.4547 0 20.81
      vertex 16.4547 3.25 20.81
    endloop
  endfacet
  facet normal -0.831318 0 -0.555797
    outer loop
      vertex 17.0336 0 20.15
      vertex 16.87 3.25 20.3947
      vertex 17.0336 3.25 20.15
    endloop
  endfacet
  facet normal -0.831318 -0 -0.555797
    outer loop
      vertex 16.87 3.25 20.3947
      vertex 17.0336 0 20.15
      vertex 16.87 0 20.3947
    endloop
  endfacet
  facet normal 0.0652336 0 -0.99787
    outer loop
      vertex 14.7913 0 21.2558
      vertex 15.085 3.25 21.275
      vertex 15.085 0 21.275
    endloop
  endfacet
  facet normal 0.0652336 0 -0.99787
    outer loop
      vertex 15.085 3.25 21.275
      vertex 14.7913 0 21.2558
      vertex 14.7913 3.25 21.2558
    endloop
  endfacet
  facet normal 0.555797 0 -0.831318
    outer loop
      vertex 13.7153 0 20.81
      vertex 13.96 3.25 20.9736
      vertex 13.96 0 20.9736
    endloop
  endfacet
  facet normal 0.555797 0 -0.831318
    outer loop
      vertex 13.96 3.25 20.9736
      vertex 13.7153 0 20.81
      vertex 13.7153 3.25 20.81
    endloop
  endfacet
  facet normal 0.980724 0 -0.195397
    outer loop
      vertex 12.9117 0 19.6073
      vertex 12.8542 3.25 19.3187
      vertex 12.9117 3.25 19.6073
    endloop
  endfacet
  facet normal 0.980724 0 -0.195397
    outer loop
      vertex 12.8542 3.25 19.3187
      vertex 12.9117 0 19.6073
      vertex 12.8542 0 19.3187
    endloop
  endfacet
  facet normal 0.751966 0 -0.659202
    outer loop
      vertex 13.494 0 20.616
      vertex 13.3 3.25 20.3947
      vertex 13.494 3.25 20.616
    endloop
  endfacet
  facet normal 0.751966 0 -0.659202
    outer loop
      vertex 13.3 3.25 20.3947
      vertex 13.494 0 20.616
      vertex 13.3 0 20.3947
    endloop
  endfacet
  facet normal -0.642901 0.704745 -0.300021
    outer loop
      vertex 17.1637 3.25 19.886
      vertex 18.7607 4.99 20.5511
      vertex 18.7621 4.99 20.5481
    endloop
  endfacet
  facet normal -0.636736 0.704348 -0.313785
    outer loop
      vertex 18.7607 4.99 20.5511
      vertex 17.1637 3.25 19.886
      vertex 17.0336 3.25 20.15
    endloop
  endfacet
  facet normal -0.708358 0.704328 0.0463822
    outer loop
      vertex 19.0651 4.99 19.025
      vertex 19.0313 4.99 18.5088
      vertex 17.335 3.25 19.025
    endloop
  endfacet
  facet normal -0.708694 0.704207 0.0429511
    outer loop
      vertex 17.3158 3.25 18.7313
      vertex 19.0313 4.99 18.5088
      vertex 19.0311 4.99 18.5055
    endloop
  endfacet
  facet normal -0.708372 0.704319 0.0463083
    outer loop
      vertex 19.0313 4.99 18.5088
      vertex 17.3158 3.25 18.7313
      vertex 17.335 3.25 19.025
    endloop
  endfacet
  facet normal 0.636678 0.704328 -0.313948
    outer loop
      vertex 11.6381 4.99 21.0151
      vertex 13.1364 3.25 20.15
      vertex 11.4093 4.99 20.5511
    endloop
  endfacet
  facet normal -0.590113 0.70435 0.394534
    outer loop
      vertex 18.2445 4.99 16.6048
      vertex 16.87 3.25 17.6553
      vertex 17.0336 3.25 17.9
    endloop
  endfacet
  facet normal -0.580169 0.704785 0.408267
    outer loop
      vertex 16.87 3.25 17.6553
      vertex 18.2445 4.99 16.6048
      vertex 18.2426 4.99 16.6021
    endloop
  endfacet
  facet normal 0.313948 0.704328 0.636678
    outer loop
      vertex 13.96 3.25 17.0764
      vertex 13.5589 4.99 15.3493
      vertex 13.0949 4.99 15.5781
    endloop
  endfacet
  facet normal -0.708358 0.704328 -0.0463822
    outer loop
      vertex 19.0313 4.99 19.5412
      vertex 19.0651 4.99 19.025
      vertex 17.335 3.25 19.025
    endloop
  endfacet
  facet normal -0.696228 0.704337 -0.138477
    outer loop
      vertex 18.9295 4.99 20.0551
      vertex 19.0304 4.99 19.5478
      vertex 17.2583 3.25 19.6073
    endloop
  endfacet
  facet normal -0.533746 0.704334 -0.468005
    outer loop
      vertex 17.8994 4.99 21.8394
      vertex 18.2404 4.99 21.4505
      vertex 16.676 3.25 20.616
    endloop
  endfacet
  facet normal -0.636678 0.704328 -0.313948
    outer loop
      vertex 18.5319 4.99 21.0151
      vertex 18.7607 4.99 20.5511
      vertex 17.0336 3.25 20.15
    endloop
  endfacet
  facet normal -0.0429511 0.704207 -0.708694
    outer loop
      vertex 15.3787 3.25 21.2558
      vertex 15.6012 4.99 22.9713
      vertex 15.6045 4.99 22.9711
    endloop
  endfacet
  facet normal -0.0463083 0.704319 -0.708372
    outer loop
      vertex 15.6012 4.99 22.9713
      vertex 15.3787 3.25 21.2558
      vertex 15.085 3.25 21.275
    endloop
  endfacet
  facet normal 0.138477 0.704337 -0.696228
    outer loop
      vertex 14.5622 4.99 22.9704
      vertex 14.5027 3.25 21.1983
      vertex 14.0549 4.99 22.8695
    endloop
  endfacet
  facet normal 0.696209 0.70431 -0.138711
    outer loop
      vertex 12.8542 3.25 19.3187
      vertex 11.1396 4.99 19.5478
      vertex 12.9117 3.25 19.6073
    endloop
  endfacet
  facet normal 0.69474 0.704002 -0.147369
    outer loop
      vertex 11.1396 4.99 19.5478
      vertex 12.8542 3.25 19.3187
      vertex 11.1389 4.99 19.5445
    endloop
  endfacet
  facet normal 0.590228 0.70433 0.3944
    outer loop
      vertex 13.1364 3.25 17.9
      vertex 11.9255 4.99 16.6048
      vertex 11.6381 4.99 17.0349
    endloop
  endfacet
  facet normal -0.672187 0.704328 -0.228225
    outer loop
      vertex 18.7621 4.99 20.5481
      vertex 18.9284 4.99 20.0583
      vertex 17.1637 3.25 19.886
    endloop
  endfacet
  facet normal -0.671397 0.704245 -0.230793
    outer loop
      vertex 17.2583 3.25 19.6073
      vertex 18.9284 4.99 20.0583
      vertex 18.9295 4.99 20.0551
    endloop
  endfacet
  facet normal -0.672199 0.704335 -0.228167
    outer loop
      vertex 18.9284 4.99 20.0583
      vertex 17.2583 3.25 19.6073
      vertex 17.1637 3.25 19.886
    endloop
  endfacet
  facet normal -0.708372 0.704319 -0.0463083
    outer loop
      vertex 17.3158 3.25 19.3187
      vertex 19.0313 4.99 19.5412
      vertex 17.335 3.25 19.025
    endloop
  endfacet
  facet normal -0.708694 0.704207 -0.0429511
    outer loop
      vertex 19.0313 4.99 19.5412
      vertex 17.3158 3.25 19.3187
      vertex 19.0311 4.99 19.5445
    endloop
  endfacet
  facet normal -0.590228 0.70433 -0.3944
    outer loop
      vertex 18.2445 4.99 21.4452
      vertex 18.5319 4.99 21.0151
      vertex 17.0336 3.25 20.15
    endloop
  endfacet
  facet normal -0.54164 0.704683 -0.458311
    outer loop
      vertex 16.87 3.25 20.3947
      vertex 18.2404 4.99 21.4505
      vertex 18.2426 4.99 21.4479
    endloop
  endfacet
  facet normal -0.53379 0.704343 -0.467941
    outer loop
      vertex 18.2404 4.99 21.4505
      vertex 16.87 3.25 20.3947
      vertex 16.676 3.25 20.616
    endloop
  endfacet
  facet normal -0.0463822 0.704328 -0.708358
    outer loop
      vertex 15.085 4.99 23.0051
      vertex 15.6012 4.99 22.9713
      vertex 15.085 3.25 21.275
    endloop
  endfacet
  facet normal -0.313948 0.704328 -0.636678
    outer loop
      vertex 16.6111 4.99 22.7007
      vertex 17.0751 4.99 22.4719
      vertex 16.21 3.25 20.9736
    endloop
  endfacet
  facet normal 0.590228 0.70433 -0.3944
    outer loop
      vertex 11.9255 4.99 21.4452
      vertex 13.1364 3.25 20.15
      vertex 11.6381 4.99 21.0151
    endloop
  endfacet
  facet normal -0.408267 0.704785 0.580169
    outer loop
      vertex 17.5052 4.99 15.8655
      vertex 16.4547 3.25 17.24
      vertex 17.5079 4.99 15.8674
    endloop
  endfacet
  facet normal -0.394534 0.70435 0.590113
    outer loop
      vertex 16.4547 3.25 17.24
      vertex 17.5052 4.99 15.8655
      vertex 16.21 3.25 17.0764
    endloop
  endfacet
  facet normal 0.138474 0.704337 0.696228
    outer loop
      vertex 14.7913 3.25 16.7943
      vertex 14.5622 4.99 15.0796
      vertex 14.5027 3.25 16.8517
    endloop
  endfacet
  facet normal 0.147365 0.704022 0.69472
    outer loop
      vertex 14.5622 4.99 15.0796
      vertex 14.7913 3.25 16.7943
      vertex 14.5655 4.99 15.0789
    endloop
  endfacet
  facet normal 0.53379 0.704343 0.467941
    outer loop
      vertex 11.9296 4.99 16.5995
      vertex 13.3 3.25 17.6553
      vertex 13.494 3.25 17.434
    endloop
  endfacet
  facet normal 0.54164 0.704683 0.458311
    outer loop
      vertex 13.3 3.25 17.6553
      vertex 11.9296 4.99 16.5995
      vertex 11.9274 4.99 16.6021
    endloop
  endfacet
  facet normal 0.708372 0.704319 0.0463083
    outer loop
      vertex 12.8542 3.25 18.7313
      vertex 11.1387 4.99 18.5088
      vertex 12.835 3.25 19.025
    endloop
  endfacet
  facet normal 0.708694 0.704207 0.0429511
    outer loop
      vertex 11.1387 4.99 18.5088
      vertex 12.8542 3.25 18.7313
      vertex 11.1389 4.99 18.5055
    endloop
  endfacet
  facet normal -0.69474 0.704002 -0.147369
    outer loop
      vertex 17.3158 3.25 19.3187
      vertex 19.0304 4.99 19.5478
      vertex 19.0311 4.99 19.5445
    endloop
  endfacet
  facet normal -0.696209 0.70431 -0.138711
    outer loop
      vertex 19.0304 4.99 19.5478
      vertex 17.3158 3.25 19.3187
      vertex 17.2583 3.25 19.6073
    endloop
  endfacet
  facet normal -0.580169 0.704785 -0.408267
    outer loop
      vertex 18.2445 4.99 21.4452
      vertex 16.87 3.25 20.3947
      vertex 18.2426 4.99 21.4479
    endloop
  endfacet
  facet normal -0.590113 0.70435 -0.394534
    outer loop
      vertex 16.87 3.25 20.3947
      vertex 18.2445 4.99 21.4452
      vertex 17.0336 3.25 20.15
    endloop
  endfacet
  facet normal -0.228225 0.704328 -0.672187
    outer loop
      vertex 16.1183 4.99 22.8684
      vertex 16.6081 4.99 22.7021
      vertex 15.946 3.25 21.1037
    endloop
  endfacet
  facet normal -0.468005 0.704334 -0.533746
    outer loop
      vertex 17.5105 4.99 22.1804
      vertex 17.8994 4.99 21.8394
      vertex 16.676 3.25 20.616
    endloop
  endfacet
  facet normal 0.672187 0.704328 -0.228225
    outer loop
      vertex 11.4079 4.99 20.5481
      vertex 13.0063 3.25 19.886
      vertex 11.2416 4.99 20.0583
    endloop
  endfacet
  facet normal 0.696228 0.704337 -0.138477
    outer loop
      vertex 11.2405 4.99 20.0551
      vertex 12.9117 3.25 19.6073
      vertex 11.1396 4.99 19.5478
    endloop
  endfacet
  facet normal 0.53379 0.704343 -0.467941
    outer loop
      vertex 13.3 3.25 20.3947
      vertex 11.9296 4.99 21.4505
      vertex 13.494 3.25 20.616
    endloop
  endfacet
  facet normal 0.54164 0.704683 -0.458311
    outer loop
      vertex 11.9296 4.99 21.4505
      vertex 13.3 3.25 20.3947
      vertex 11.9274 4.99 21.4479
    endloop
  endfacet
  facet normal 0.394534 0.70435 -0.590113
    outer loop
      vertex 13.7153 3.25 20.81
      vertex 12.6648 4.99 22.1845
      vertex 13.96 3.25 20.9736
    endloop
  endfacet
  facet normal 0.408267 0.704785 -0.580169
    outer loop
      vertex 12.6648 4.99 22.1845
      vertex 13.7153 3.25 20.81
      vertex 12.6621 4.99 22.1826
    endloop
  endfacet
  facet normal 0.580169 0.704785 -0.408267
    outer loop
      vertex 13.3 3.25 20.3947
      vertex 11.9255 4.99 21.4452
      vertex 11.9274 4.99 21.4479
    endloop
  endfacet
  facet normal 0.590113 0.70435 -0.394534
    outer loop
      vertex 11.9255 4.99 21.4452
      vertex 13.3 3.25 20.3947
      vertex 13.1364 3.25 20.15
    endloop
  endfacet
  facet normal 0.0463083 0.704319 -0.708372
    outer loop
      vertex 14.7913 3.25 21.2558
      vertex 14.5688 4.99 22.9713
      vertex 15.085 3.25 21.275
    endloop
  endfacet
  facet normal 0.0429511 0.704207 -0.708694
    outer loop
      vertex 14.5688 4.99 22.9713
      vertex 14.7913 3.25 21.2558
      vertex 14.5655 4.99 22.9711
    endloop
  endfacet
  facet normal 0.230793 0.704245 -0.671397
    outer loop
      vertex 14.5027 3.25 21.1983
      vertex 14.0517 4.99 22.8684
      vertex 14.0549 4.99 22.8695
    endloop
  endfacet
  facet normal 0.228167 0.704335 -0.672199
    outer loop
      vertex 14.0517 4.99 22.8684
      vertex 14.5027 3.25 21.1983
      vertex 14.224 3.25 21.1037
    endloop
  endfacet
  facet normal 0.0463822 0.704328 -0.708358
    outer loop
      vertex 15.085 4.99 23.0051
      vertex 15.085 3.25 21.275
      vertex 14.5688 4.99 22.9713
    endloop
  endfacet
  facet normal 0.313948 0.704328 -0.636678
    outer loop
      vertex 13.5589 4.99 22.7007
      vertex 13.96 3.25 20.9736
      vertex 13.0949 4.99 22.4719
    endloop
  endfacet
  facet normal 0.228225 0.704328 0.672187
    outer loop
      vertex 14.224 3.25 16.9463
      vertex 14.0517 4.99 15.1816
      vertex 13.5619 4.99 15.3479
    endloop
  endfacet
  facet normal 0.138477 0.704337 0.696228
    outer loop
      vertex 14.5027 3.25 16.8517
      vertex 14.5622 4.99 15.0796
      vertex 14.0549 4.99 15.1805
    endloop
  endfacet
  facet normal 0.467941 0.704343 0.53379
    outer loop
      vertex 13.7153 3.25 17.24
      vertex 12.6595 4.99 15.8696
      vertex 13.494 3.25 17.434
    endloop
  endfacet
  facet normal 0.458311 0.704683 0.54164
    outer loop
      vertex 12.6595 4.99 15.8696
      vertex 13.7153 3.25 17.24
      vertex 12.6621 4.99 15.8674
    endloop
  endfacet
  facet normal 0.3944 0.70433 0.590228
    outer loop
      vertex 13.96 3.25 17.0764
      vertex 13.0949 4.99 15.5781
      vertex 12.6648 4.99 15.8655
    endloop
  endfacet
  facet normal 0.590113 0.70435 0.394534
    outer loop
      vertex 13.3 3.25 17.6553
      vertex 11.9255 4.99 16.6048
      vertex 13.1364 3.25 17.9
    endloop
  endfacet
  facet normal 0.580169 0.704785 0.408267
    outer loop
      vertex 11.9255 4.99 16.6048
      vertex 13.3 3.25 17.6553
      vertex 11.9274 4.99 16.6021
    endloop
  endfacet
  facet normal 0.672199 0.704335 0.228167
    outer loop
      vertex 11.2416 4.99 17.9917
      vertex 12.9117 3.25 18.4427
      vertex 13.0063 3.25 18.164
    endloop
  endfacet
  facet normal 0.671397 0.704245 0.230793
    outer loop
      vertex 12.9117 3.25 18.4427
      vertex 11.2416 4.99 17.9917
      vertex 11.2405 4.99 17.9949
    endloop
  endfacet
  facet normal 0.708694 0.704207 -0.0429511
    outer loop
      vertex 12.8542 3.25 19.3187
      vertex 11.1387 4.99 19.5412
      vertex 11.1389 4.99 19.5445
    endloop
  endfacet
  facet normal 0.708372 0.704319 -0.0463083
    outer loop
      vertex 11.1387 4.99 19.5412
      vertex 12.8542 3.25 19.3187
      vertex 12.835 3.25 19.025
    endloop
  endfacet
  facet normal -0.138477 0.704337 -0.696228
    outer loop
      vertex 16.1151 4.99 22.8695
      vertex 15.6673 3.25 21.1983
      vertex 15.6078 4.99 22.9704
    endloop
  endfacet
  facet normal -0.230793 0.704245 -0.671397
    outer loop
      vertex 16.1183 4.99 22.8684
      vertex 15.6673 3.25 21.1983
      vertex 16.1151 4.99 22.8695
    endloop
  endfacet
  facet normal -0.228167 0.704335 -0.672199
    outer loop
      vertex 15.6673 3.25 21.1983
      vertex 16.1183 4.99 22.8684
      vertex 15.946 3.25 21.1037
    endloop
  endfacet
  facet normal -0.147369 0.704002 -0.69474
    outer loop
      vertex 15.6078 4.99 22.9704
      vertex 15.3787 3.25 21.2558
      vertex 15.6045 4.99 22.9711
    endloop
  endfacet
  facet normal -0.138711 0.70431 -0.696209
    outer loop
      vertex 15.3787 3.25 21.2558
      vertex 15.6078 4.99 22.9704
      vertex 15.6673 3.25 21.1983
    endloop
  endfacet
  facet normal -0.300021 0.704745 -0.642901
    outer loop
      vertex 16.6111 4.99 22.7007
      vertex 15.946 3.25 21.1037
      vertex 16.6081 4.99 22.7021
    endloop
  endfacet
  facet normal -0.313785 0.704348 -0.636736
    outer loop
      vertex 15.946 3.25 21.1037
      vertex 16.6111 4.99 22.7007
      vertex 16.21 3.25 20.9736
    endloop
  endfacet
  facet normal -0.3944 0.70433 -0.590228
    outer loop
      vertex 17.0751 4.99 22.4719
      vertex 17.5052 4.99 22.1845
      vertex 16.21 3.25 20.9736
    endloop
  endfacet
  facet normal -0.458311 0.704683 -0.54164
    outer loop
      vertex 17.5105 4.99 22.1804
      vertex 16.4547 3.25 20.81
      vertex 17.5079 4.99 22.1826
    endloop
  endfacet
  facet normal -0.467941 0.704343 -0.53379
    outer loop
      vertex 16.4547 3.25 20.81
      vertex 17.5105 4.99 22.1804
      vertex 16.676 3.25 20.616
    endloop
  endfacet
  facet normal -0.408267 0.704785 -0.580169
    outer loop
      vertex 16.4547 3.25 20.81
      vertex 17.5052 4.99 22.1845
      vertex 17.5079 4.99 22.1826
    endloop
  endfacet
  facet normal -0.394534 0.70435 -0.590113
    outer loop
      vertex 17.5052 4.99 22.1845
      vertex 16.4547 3.25 20.81
      vertex 16.21 3.25 20.9736
    endloop
  endfacet
  facet normal 0.672199 0.704335 -0.228167
    outer loop
      vertex 12.9117 3.25 19.6073
      vertex 11.2416 4.99 20.0583
      vertex 13.0063 3.25 19.886
    endloop
  endfacet
  facet normal 0.671397 0.704245 -0.230793
    outer loop
      vertex 11.2416 4.99 20.0583
      vertex 12.9117 3.25 19.6073
      vertex 11.2405 4.99 20.0551
    endloop
  endfacet
  facet normal 0.468005 0.704334 -0.533746
    outer loop
      vertex 12.6595 4.99 22.1804
      vertex 13.494 3.25 20.616
      vertex 12.2706 4.99 21.8394
    endloop
  endfacet
  facet normal 0.458311 0.704683 -0.54164
    outer loop
      vertex 13.7153 3.25 20.81
      vertex 12.6595 4.99 22.1804
      vertex 12.6621 4.99 22.1826
    endloop
  endfacet
  facet normal 0.467941 0.704343 -0.53379
    outer loop
      vertex 12.6595 4.99 22.1804
      vertex 13.7153 3.25 20.81
      vertex 13.494 3.25 20.616
    endloop
  endfacet
  facet normal 0.147369 0.704002 -0.69474
    outer loop
      vertex 14.7913 3.25 21.2558
      vertex 14.5622 4.99 22.9704
      vertex 14.5655 4.99 22.9711
    endloop
  endfacet
  facet normal 0.138711 0.70431 -0.696209
    outer loop
      vertex 14.5622 4.99 22.9704
      vertex 14.7913 3.25 21.2558
      vertex 14.5027 3.25 21.1983
    endloop
  endfacet
  facet normal 0.228225 0.704328 -0.672187
    outer loop
      vertex 14.0517 4.99 22.8684
      vertex 14.224 3.25 21.1037
      vertex 13.5619 4.99 22.7021
    endloop
  endfacet
  facet normal 0.300021 0.704745 -0.642901
    outer loop
      vertex 14.224 3.25 21.1037
      vertex 13.5589 4.99 22.7007
      vertex 13.5619 4.99 22.7021
    endloop
  endfacet
  facet normal 0.313785 0.704348 -0.636736
    outer loop
      vertex 13.5589 4.99 22.7007
      vertex 14.224 3.25 21.1037
      vertex 13.96 3.25 20.9736
    endloop
  endfacet
  facet normal 0.3944 0.70433 -0.590228
    outer loop
      vertex 13.0949 4.99 22.4719
      vertex 13.96 3.25 20.9736
      vertex 12.6648 4.99 22.1845
    endloop
  endfacet
  facet normal -0.636678 0.704328 0.313948
    outer loop
      vertex 18.7607 4.99 17.4989
      vertex 18.5319 4.99 17.0349
      vertex 17.0336 3.25 17.9
    endloop
  endfacet
  facet normal -0.468005 0.704334 0.533746
    outer loop
      vertex 17.8994 4.99 16.2106
      vertex 17.5105 4.99 15.8696
      vertex 16.676 3.25 17.434
    endloop
  endfacet
  facet normal -0.138477 0.704337 0.696228
    outer loop
      vertex 15.6673 3.25 16.8517
      vertex 16.1151 4.99 15.1805
      vertex 15.6078 4.99 15.0796
    endloop
  endfacet
  facet normal -0.313785 0.704348 0.636736
    outer loop
      vertex 16.6111 4.99 15.3493
      vertex 15.946 3.25 16.9463
      vertex 16.21 3.25 17.0764
    endloop
  endfacet
  facet normal -0.300021 0.704745 0.642901
    outer loop
      vertex 15.946 3.25 16.9463
      vertex 16.6111 4.99 15.3493
      vertex 16.6081 4.99 15.3479
    endloop
  endfacet
  facet normal -0.228225 0.704328 0.672187
    outer loop
      vertex 16.6081 4.99 15.3479
      vertex 16.1183 4.99 15.1816
      vertex 15.946 3.25 16.9463
    endloop
  endfacet
  facet normal 0.228167 0.704335 0.672199
    outer loop
      vertex 14.5027 3.25 16.8517
      vertex 14.0517 4.99 15.1816
      vertex 14.224 3.25 16.9463
    endloop
  endfacet
  facet normal 0.230793 0.704245 0.671397
    outer loop
      vertex 14.0517 4.99 15.1816
      vertex 14.5027 3.25 16.8517
      vertex 14.0549 4.99 15.1805
    endloop
  endfacet
  facet normal 0.468005 0.704334 0.533746
    outer loop
      vertex 13.494 3.25 17.434
      vertex 12.6595 4.99 15.8696
      vertex 12.2706 4.99 16.2106
    endloop
  endfacet
  facet normal 0.533746 0.704334 0.468005
    outer loop
      vertex 13.494 3.25 17.434
      vertex 12.2706 4.99 16.2106
      vertex 11.9296 4.99 16.5995
    endloop
  endfacet
  facet normal 0.394534 0.70435 0.590113
    outer loop
      vertex 12.6648 4.99 15.8655
      vertex 13.7153 3.25 17.24
      vertex 13.96 3.25 17.0764
    endloop
  endfacet
  facet normal 0.408267 0.704785 0.580169
    outer loop
      vertex 13.7153 3.25 17.24
      vertex 12.6648 4.99 15.8655
      vertex 12.6621 4.99 15.8674
    endloop
  endfacet
  facet normal 0.636678 0.704328 0.313948
    outer loop
      vertex 13.1364 3.25 17.9
      vertex 11.6381 4.99 17.0349
      vertex 11.4093 4.99 17.4989
    endloop
  endfacet
  facet normal 0.696228 0.704337 0.138477
    outer loop
      vertex 12.9117 3.25 18.4427
      vertex 11.2405 4.99 17.9949
      vertex 11.1396 4.99 18.5022
    endloop
  endfacet
  facet normal 0.708358 0.704328 -0.0463822
    outer loop
      vertex 11.1387 4.99 19.5412
      vertex 12.835 3.25 19.025
      vertex 11.1049 4.99 19.025
    endloop
  endfacet
  facet normal 0.708358 0.704328 0.0463822
    outer loop
      vertex 12.835 3.25 19.025
      vertex 11.1387 4.99 18.5088
      vertex 11.1049 4.99 19.025
    endloop
  endfacet
  facet normal 0.636736 0.704348 -0.313785
    outer loop
      vertex 13.0063 3.25 19.886
      vertex 11.4093 4.99 20.5511
      vertex 13.1364 3.25 20.15
    endloop
  endfacet
  facet normal 0.642901 0.704745 -0.300021
    outer loop
      vertex 11.4093 4.99 20.5511
      vertex 13.0063 3.25 19.886
      vertex 11.4079 4.99 20.5481
    endloop
  endfacet
  facet normal 0.533746 0.704334 -0.468005
    outer loop
      vertex 12.2706 4.99 21.8394
      vertex 13.494 3.25 20.616
      vertex 11.9296 4.99 21.4505
    endloop
  endfacet
  facet normal -0.671397 0.704245 0.230793
    outer loop
      vertex 18.9284 4.99 17.9917
      vertex 17.2583 3.25 18.4427
      vertex 18.9295 4.99 17.9949
    endloop
  endfacet
  facet normal -0.672199 0.704335 0.228167
    outer loop
      vertex 17.2583 3.25 18.4427
      vertex 18.9284 4.99 17.9917
      vertex 17.1637 3.25 18.164
    endloop
  endfacet
  facet normal -0.590228 0.70433 0.3944
    outer loop
      vertex 18.5319 4.99 17.0349
      vertex 18.2445 4.99 16.6048
      vertex 17.0336 3.25 17.9
    endloop
  endfacet
  facet normal -0.642901 0.704745 0.300021
    outer loop
      vertex 18.7607 4.99 17.4989
      vertex 17.1637 3.25 18.164
      vertex 18.7621 4.99 17.5019
    endloop
  endfacet
  facet normal -0.636736 0.704348 0.313785
    outer loop
      vertex 17.1637 3.25 18.164
      vertex 18.7607 4.99 17.4989
      vertex 17.0336 3.25 17.9
    endloop
  endfacet
  facet normal -0.0463822 0.704328 0.708358
    outer loop
      vertex 15.6012 4.99 15.0787
      vertex 15.085 4.99 15.0449
      vertex 15.085 3.25 16.775
    endloop
  endfacet
  facet normal 0.313785 0.704348 0.636736
    outer loop
      vertex 14.224 3.25 16.9463
      vertex 13.5589 4.99 15.3493
      vertex 13.96 3.25 17.0764
    endloop
  endfacet
  facet normal 0.300021 0.704745 0.642901
    outer loop
      vertex 13.5589 4.99 15.3493
      vertex 14.224 3.25 16.9463
      vertex 13.5619 4.99 15.3479
    endloop
  endfacet
  facet normal 0.672187 0.704328 0.228225
    outer loop
      vertex 13.0063 3.25 18.164
      vertex 11.4079 4.99 17.5019
      vertex 11.2416 4.99 17.9917
    endloop
  endfacet
  facet normal 0.636736 0.704348 0.313785
    outer loop
      vertex 11.4093 4.99 17.4989
      vertex 13.0063 3.25 18.164
      vertex 13.1364 3.25 17.9
    endloop
  endfacet
  facet normal 0.642901 0.704745 0.300021
    outer loop
      vertex 13.0063 3.25 18.164
      vertex 11.4093 4.99 17.4989
      vertex 11.4079 4.99 17.5019
    endloop
  endfacet
  facet normal -0.533746 0.704334 0.468005
    outer loop
      vertex 18.2404 4.99 16.5995
      vertex 17.8994 4.99 16.2106
      vertex 16.676 3.25 17.434
    endloop
  endfacet
  facet normal -0.54164 0.704683 0.458311
    outer loop
      vertex 18.2404 4.99 16.5995
      vertex 16.87 3.25 17.6553
      vertex 18.2426 4.99 16.6021
    endloop
  endfacet
  facet normal -0.53379 0.704343 0.467941
    outer loop
      vertex 16.87 3.25 17.6553
      vertex 18.2404 4.99 16.5995
      vertex 16.676 3.25 17.434
    endloop
  endfacet
  facet normal -0.672187 0.704328 0.228225
    outer loop
      vertex 18.9284 4.99 17.9917
      vertex 18.7621 4.99 17.5019
      vertex 17.1637 3.25 18.164
    endloop
  endfacet
  facet normal -0.313948 0.704328 0.636678
    outer loop
      vertex 17.0751 4.99 15.5781
      vertex 16.6111 4.99 15.3493
      vertex 16.21 3.25 17.0764
    endloop
  endfacet
  facet normal -0.3944 0.70433 0.590228
    outer loop
      vertex 17.5052 4.99 15.8655
      vertex 17.0751 4.99 15.5781
      vertex 16.21 3.25 17.0764
    endloop
  endfacet
  facet normal 0.0463822 0.704328 0.708358
    outer loop
      vertex 15.085 3.25 16.775
      vertex 15.085 4.99 15.0449
      vertex 14.5688 4.99 15.0787
    endloop
  endfacet
  facet normal 0.69474 0.704002 0.147369
    outer loop
      vertex 12.8542 3.25 18.7313
      vertex 11.1396 4.99 18.5022
      vertex 11.1389 4.99 18.5055
    endloop
  endfacet
  facet normal 0.696209 0.70431 0.138711
    outer loop
      vertex 11.1396 4.99 18.5022
      vertex 12.8542 3.25 18.7313
      vertex 12.9117 3.25 18.4427
    endloop
  endfacet
  facet normal -0.467941 0.704343 0.53379
    outer loop
      vertex 17.5105 4.99 15.8696
      vertex 16.4547 3.25 17.24
      vertex 16.676 3.25 17.434
    endloop
  endfacet
  facet normal -0.458311 0.704683 0.54164
    outer loop
      vertex 16.4547 3.25 17.24
      vertex 17.5105 4.99 15.8696
      vertex 17.5079 4.99 15.8674
    endloop
  endfacet
  facet normal -0.696228 0.704337 0.138477
    outer loop
      vertex 19.0304 4.99 18.5022
      vertex 18.9295 4.99 17.9949
      vertex 17.2583 3.25 18.4427
    endloop
  endfacet
  facet normal -0.69474 0.704002 0.147369
    outer loop
      vertex 19.0304 4.99 18.5022
      vertex 17.3158 3.25 18.7313
      vertex 19.0311 4.99 18.5055
    endloop
  endfacet
  facet normal -0.696209 0.70431 0.138711
    outer loop
      vertex 17.3158 3.25 18.7313
      vertex 19.0304 4.99 18.5022
      vertex 17.2583 3.25 18.4427
    endloop
  endfacet
  facet normal -0.228167 0.704335 0.672199
    outer loop
      vertex 16.1183 4.99 15.1816
      vertex 15.6673 3.25 16.8517
      vertex 15.946 3.25 16.9463
    endloop
  endfacet
  facet normal -0.230793 0.704245 0.671397
    outer loop
      vertex 15.6673 3.25 16.8517
      vertex 16.1183 4.99 15.1816
      vertex 16.1151 4.99 15.1805
    endloop
  endfacet
  facet normal 0.0465466 0.704347 0.708328
    outer loop
      vertex 14.5688 4.99 15.0787
      vertex 14.7913 3.25 16.7943
      vertex 15.085 3.25 16.775
    endloop
  endfacet
  facet normal 0.0429499 0.704228 0.708674
    outer loop
      vertex 14.7913 3.25 16.7943
      vertex 14.5688 4.99 15.0787
      vertex 14.5655 4.99 15.0789
    endloop
  endfacet
  facet normal -0.0429499 0.704228 0.708674
    outer loop
      vertex 15.6012 4.99 15.0787
      vertex 15.3787 3.25 16.7943
      vertex 15.6045 4.99 15.0789
    endloop
  endfacet
  facet normal -0.0465466 0.704347 0.708328
    outer loop
      vertex 15.3787 3.25 16.7943
      vertex 15.6012 4.99 15.0787
      vertex 15.085 3.25 16.775
    endloop
  endfacet
  facet normal -0.138474 0.704337 0.696228
    outer loop
      vertex 15.6078 4.99 15.0796
      vertex 15.3787 3.25 16.7943
      vertex 15.6673 3.25 16.8517
    endloop
  endfacet
  facet normal -0.147365 0.704022 0.69472
    outer loop
      vertex 15.3787 3.25 16.7943
      vertex 15.6078 4.99 15.0796
      vertex 15.6045 4.99 15.0789
    endloop
  endfacet
  facet normal -0.997861 0 0.0653646
    outer loop
      vertex 19.0508 4.99 18.5029
      vertex 19.085 5 19.025
      vertex 19.0508 5 18.5029
    endloop
  endfacet
  facet normal -0.997861 0 0.0653646
    outer loop
      vertex 19.085 5 19.025
      vertex 19.0508 4.99 18.5029
      vertex 19.085 4.99 19.025
    endloop
  endfacet
  facet normal 0.997861 -0 0.0653646
    outer loop
      vertex 11.085 4.99 19.025
      vertex 11.1192 5 18.5029
      vertex 11.085 5 19.025
    endloop
  endfacet
  facet normal 0.997861 0 0.0653646
    outer loop
      vertex 11.1192 5 18.5029
      vertex 11.085 4.99 19.025
      vertex 11.1192 4.99 18.5029
    endloop
  endfacet
  facet normal -0.0653646 0 0.997861
    outer loop
      vertex 15.085 5 15.025
      vertex 15.6071 4.99 15.0592
      vertex 15.6071 5 15.0592
    endloop
  endfacet
  facet normal -0.0653646 0 0.997861
    outer loop
      vertex 15.6071 4.99 15.0592
      vertex 15.085 5 15.025
      vertex 15.085 4.99 15.025
    endloop
  endfacet
  facet normal 0.751842 0 -0.659343
    outer loop
      vertex 12.2566 4.99 21.8534
      vertex 11.9116 5 21.46
      vertex 12.2566 5 21.8534
    endloop
  endfacet
  facet normal 0.751842 0 -0.659343
    outer loop
      vertex 11.9116 5 21.46
      vertex 12.2566 4.99 21.8534
      vertex 11.9116 4.99 21.46
    endloop
  endfacet
  facet normal -0.659343 0 0.751842
    outer loop
      vertex 17.52 5 15.8516
      vertex 17.9134 4.99 16.1966
      vertex 17.9134 5 16.1966
    endloop
  endfacet
  facet normal -0.659343 0 0.751842
    outer loop
      vertex 17.9134 4.99 16.1966
      vertex 17.52 5 15.8516
      vertex 17.52 4.99 15.8516
    endloop
  endfacet
  facet normal 0.659343 0 0.751842
    outer loop
      vertex 12.2566 5 16.1966
      vertex 12.65 4.99 15.8516
      vertex 12.65 5 15.8516
    endloop
  endfacet
  facet normal 0.659343 0 0.751842
    outer loop
      vertex 12.65 4.99 15.8516
      vertex 12.2566 5 16.1966
      vertex 12.2566 4.99 16.1966
    endloop
  endfacet
  facet normal 0.321498 0 0.94691
    outer loop
      vertex 13.5543 5 15.3295
      vertex 14.0497 4.99 15.1613
      vertex 14.0497 5 15.1613
    endloop
  endfacet
  facet normal 0.321498 0 0.94691
    outer loop
      vertex 14.0497 4.99 15.1613
      vertex 13.5543 5 15.3295
      vertex 13.5543 4.99 15.3295
    endloop
  endfacet
  facet normal 0 1 -0
    outer loop
      vertex 15.6012 4.99 22.9713
      vertex 15.085 4.99 23.025
      vertex 15.6071 4.99 22.9908
    endloop
  endfacet
  facet normal 0 1 0
    outer loop
      vertex 15.085 4.99 23.025
      vertex 15.6012 4.99 22.9713
      vertex 15.085 4.99 23.0051
    endloop
  endfacet
  facet normal 0 1 0
    outer loop
      vertex 15.6071 4.99 22.9908
      vertex 15.6045 4.99 22.9711
      vertex 15.6012 4.99 22.9713
    endloop
  endfacet
  facet normal 0 1 0
    outer loop
      vertex 15.6071 4.99 22.9908
      vertex 15.6078 4.99 22.9704
      vertex 15.6045 4.99 22.9711
    endloop
  endfacet
  facet normal 0 1 0
    outer loop
      vertex 16.1203 4.99 22.8887
      vertex 15.6078 4.99 22.9704
      vertex 15.6071 4.99 22.9908
    endloop
  endfacet
  facet normal 0 1 0
    outer loop
      vertex 16.1203 4.99 22.8887
      vertex 16.1151 4.99 22.8695
      vertex 15.6078 4.99 22.9704
    endloop
  endfacet
  facet normal 0 1 0
    outer loop
      vertex 16.1203 4.99 22.8887
      vertex 16.1183 4.99 22.8684
      vertex 16.1151 4.99 22.8695
    endloop
  endfacet
  facet normal 0 1 0
    outer loop
      vertex 16.6157 4.99 22.7205
      vertex 16.1183 4.99 22.8684
      vertex 16.1203 4.99 22.8887
    endloop
  endfacet
  facet normal 0 1 0
    outer loop
      vertex 16.6157 4.99 22.7205
      vertex 16.6081 4.99 22.7021
      vertex 16.1183 4.99 22.8684
    endloop
  endfacet
  facet normal 0 1 0
    outer loop
      vertex 16.6157 4.99 22.7205
      vertex 16.6111 4.99 22.7007
      vertex 16.6081 4.99 22.7021
    endloop
  endfacet
  facet normal 0 1 0
    outer loop
      vertex 17.085 4.99 22.4891
      vertex 16.6111 4.99 22.7007
      vertex 16.6157 4.99 22.7205
    endloop
  endfacet
  facet normal 0 1 0
    outer loop
      vertex 17.085 4.99 22.4891
      vertex 17.0751 4.99 22.4719
      vertex 16.6111 4.99 22.7007
    endloop
  endfacet
  facet normal 0 1 -0
    outer loop
      vertex 17.5052 4.99 22.1845
      vertex 17.085 4.99 22.4891
      vertex 17.52 4.99 22.1984
    endloop
  endfacet
  facet normal 0 1 0
    outer loop
      vertex 17.085 4.99 22.4891
      vertex 17.5052 4.99 22.1845
      vertex 17.0751 4.99 22.4719
    endloop
  endfacet
  facet normal 0 1 0
    outer loop
      vertex 17.52 4.99 22.1984
      vertex 17.5079 4.99 22.1826
      vertex 17.5052 4.99 22.1845
    endloop
  endfacet
  facet normal 0 1 0
    outer loop
      vertex 17.52 4.99 22.1984
      vertex 17.5105 4.99 22.1804
      vertex 17.5079 4.99 22.1826
    endloop
  endfacet
  facet normal 0 1 0
    outer loop
      vertex 17.9134 4.99 21.8534
      vertex 17.5105 4.99 22.1804
      vertex 17.52 4.99 22.1984
    endloop
  endfacet
  facet normal 0 1 0
    outer loop
      vertex 17.9134 4.99 21.8534
      vertex 17.8994 4.99 21.8394
      vertex 17.5105 4.99 22.1804
    endloop
  endfacet
  facet normal 0 1 -0
    outer loop
      vertex 18.2404 4.99 21.4505
      vertex 17.9134 4.99 21.8534
      vertex 18.2584 4.99 21.46
    endloop
  endfacet
  facet normal 0 1 0
    outer loop
      vertex 17.9134 4.99 21.8534
      vertex 18.2404 4.99 21.4505
      vertex 17.8994 4.99 21.8394
    endloop
  endfacet
  facet normal 0 1 0
    outer loop
      vertex 18.2584 4.99 21.46
      vertex 18.2426 4.99 21.4479
      vertex 18.2404 4.99 21.4505
    endloop
  endfacet
  facet normal 0 1 0
    outer loop
      vertex 18.2584 4.99 21.46
      vertex 18.2445 4.99 21.4452
      vertex 18.2426 4.99 21.4479
    endloop
  endfacet
  facet normal 0 1 0
    outer loop
      vertex 18.5491 4.99 21.025
      vertex 18.2445 4.99 21.4452
      vertex 18.2584 4.99 21.46
    endloop
  endfacet
  facet normal 0 1 0
    outer loop
      vertex 18.5491 4.99 21.025
      vertex 18.5319 4.99 21.0151
      vertex 18.2445 4.99 21.4452
    endloop
  endfacet
  facet normal 0 1 -0
    outer loop
      vertex 18.7607 4.99 20.5511
      vertex 18.5491 4.99 21.025
      vertex 18.7805 4.99 20.5557
    endloop
  endfacet
  facet normal 0 1 0
    outer loop
      vertex 18.5491 4.99 21.025
      vertex 18.7607 4.99 20.5511
      vertex 18.5319 4.99 21.0151
    endloop
  endfacet
  facet normal 0 1 0
    outer loop
      vertex 18.7805 4.99 20.5557
      vertex 18.7621 4.99 20.5481
      vertex 18.7607 4.99 20.5511
    endloop
  endfacet
  facet normal 0 1 -0
    outer loop
      vertex 18.9284 4.99 20.0583
      vertex 18.7805 4.99 20.5557
      vertex 18.9487 4.99 20.0603
    endloop
  endfacet
  facet normal 0 1 0
    outer loop
      vertex 18.7805 4.99 20.5557
      vertex 18.9284 4.99 20.0583
      vertex 18.7621 4.99 20.5481
    endloop
  endfacet
  facet normal 0 1 0
    outer loop
      vertex 18.9487 4.99 20.0603
      vertex 18.9295 4.99 20.0551
      vertex 18.9284 4.99 20.0583
    endloop
  endfacet
  facet normal 0 1 0
    outer loop
      vertex 18.9487 4.99 20.0603
      vertex 19.0304 4.99 19.5478
      vertex 18.9295 4.99 20.0551
    endloop
  endfacet
  facet normal 0 1 0
    outer loop
      vertex 19.0508 4.99 19.5471
      vertex 19.0304 4.99 19.5478
      vertex 18.9487 4.99 20.0603
    endloop
  endfacet
  facet normal 0 1 0
    outer loop
      vertex 19.0508 4.99 19.5471
      vertex 19.0311 4.99 19.5445
      vertex 19.0304 4.99 19.5478
    endloop
  endfacet
  facet normal 0 1 0
    outer loop
      vertex 19.0508 4.99 19.5471
      vertex 19.0313 4.99 19.5412
      vertex 19.0311 4.99 19.5445
    endloop
  endfacet
  facet normal 0 1 0
    outer loop
      vertex 19.085 4.99 19.025
      vertex 19.0313 4.99 19.5412
      vertex 19.0508 4.99 19.5471
    endloop
  endfacet
  facet normal 0 1 0
    outer loop
      vertex 19.085 4.99 19.025
      vertex 19.0651 4.99 19.025
      vertex 19.0313 4.99 19.5412
    endloop
  endfacet
  facet normal 0 1 0
    outer loop
      vertex 19.085 4.99 19.025
      vertex 19.0313 4.99 18.5088
      vertex 19.0651 4.99 19.025
    endloop
  endfacet
  facet normal 0 1 -0
    outer loop
      vertex 19.0508 4.99 18.5029
      vertex 19.0313 4.99 18.5088
      vertex 19.085 4.99 19.025
    endloop
  endfacet
  facet normal 0 1 0
    outer loop
      vertex 19.0313 4.99 18.5088
      vertex 19.0508 4.99 18.5029
      vertex 19.0311 4.99 18.5055
    endloop
  endfacet
  facet normal 0 1 0
    outer loop
      vertex 19.0508 4.99 18.5029
      vertex 19.0304 4.99 18.5022
      vertex 19.0311 4.99 18.5055
    endloop
  endfacet
  facet normal 0 1 0
    outer loop
      vertex 18.9487 4.99 17.9897
      vertex 19.0304 4.99 18.5022
      vertex 19.0508 4.99 18.5029
    endloop
  endfacet
  facet normal 0 1 0
    outer loop
      vertex 19.0304 4.99 18.5022
      vertex 18.9487 4.99 17.9897
      vertex 18.9295 4.99 17.9949
    endloop
  endfacet
  facet normal 0 1 0
    outer loop
      vertex 18.9487 4.99 17.9897
      vertex 18.9284 4.99 17.9917
      vertex 18.9295 4.99 17.9949
    endloop
  endfacet
  facet normal 0 1 0
    outer loop
      vertex 18.7805 4.99 17.4943
      vertex 18.9284 4.99 17.9917
      vertex 18.9487 4.99 17.9897
    endloop
  endfacet
  facet normal 0 1 0
    outer loop
      vertex 18.9284 4.99 17.9917
      vertex 18.7805 4.99 17.4943
      vertex 18.7621 4.99 17.5019
    endloop
  endfacet
  facet normal 0 1 0
    outer loop
      vertex 18.7805 4.99 17.4943
      vertex 18.7607 4.99 17.4989
      vertex 18.7621 4.99 17.5019
    endloop
  endfacet
  facet normal 0 1 0
    outer loop
      vertex 18.5491 4.99 17.025
      vertex 18.7607 4.99 17.4989
      vertex 18.7805 4.99 17.4943
    endloop
  endfacet
  facet normal 0 1 0
    outer loop
      vertex 18.7607 4.99 17.4989
      vertex 18.5491 4.99 17.025
      vertex 18.5319 4.99 17.0349
    endloop
  endfacet
  facet normal 0 1 0
    outer loop
      vertex 18.5491 4.99 17.025
      vertex 18.2445 4.99 16.6048
      vertex 18.5319 4.99 17.0349
    endloop
  endfacet
  facet normal 0 1 -0
    outer loop
      vertex 18.2584 4.99 16.59
      vertex 18.2445 4.99 16.6048
      vertex 18.5491 4.99 17.025
    endloop
  endfacet
  facet normal 0 1 0
    outer loop
      vertex 18.2445 4.99 16.6048
      vertex 18.2584 4.99 16.59
      vertex 18.2426 4.99 16.6021
    endloop
  endfacet
  facet normal 0 1 0
    outer loop
      vertex 18.2584 4.99 16.59
      vertex 18.2404 4.99 16.5995
      vertex 18.2426 4.99 16.6021
    endloop
  endfacet
  facet normal 0 1 0
    outer loop
      vertex 17.9134 4.99 16.1966
      vertex 18.2404 4.99 16.5995
      vertex 18.2584 4.99 16.59
    endloop
  endfacet
  facet normal 0 1 0
    outer loop
      vertex 18.2404 4.99 16.5995
      vertex 17.9134 4.99 16.1966
      vertex 17.8994 4.99 16.2106
    endloop
  endfacet
  facet normal 0 1 0
    outer loop
      vertex 17.9134 4.99 16.1966
      vertex 17.5105 4.99 15.8696
      vertex 17.8994 4.99 16.2106
    endloop
  endfacet
  facet normal 0 1 -0
    outer loop
      vertex 17.52 4.99 15.8516
      vertex 17.5105 4.99 15.8696
      vertex 17.9134 4.99 16.1966
    endloop
  endfacet
  facet normal 0 1 0
    outer loop
      vertex 17.5105 4.99 15.8696
      vertex 17.52 4.99 15.8516
      vertex 17.5079 4.99 15.8674
    endloop
  endfacet
  facet normal 0 1 0
    outer loop
      vertex 17.52 4.99 15.8516
      vertex 17.5052 4.99 15.8655
      vertex 17.5079 4.99 15.8674
    endloop
  endfacet
  facet normal 0 1 0
    outer loop
      vertex 17.085 4.99 15.5609
      vertex 17.5052 4.99 15.8655
      vertex 17.52 4.99 15.8516
    endloop
  endfacet
  facet normal 0 1 0
    outer loop
      vertex 17.5052 4.99 15.8655
      vertex 17.085 4.99 15.5609
      vertex 17.0751 4.99 15.5781
    endloop
  endfacet
  facet normal 0 1 0
    outer loop
      vertex 17.085 4.99 15.5609
      vertex 16.6111 4.99 15.3493
      vertex 17.0751 4.99 15.5781
    endloop
  endfacet
  facet normal 0 1 -0
    outer loop
      vertex 16.6157 4.99 15.3295
      vertex 16.6111 4.99 15.3493
      vertex 17.085 4.99 15.5609
    endloop
  endfacet
  facet normal 0 1 0
    outer loop
      vertex 16.6111 4.99 15.3493
      vertex 16.6157 4.99 15.3295
      vertex 16.6081 4.99 15.3479
    endloop
  endfacet
  facet normal 0 1 0
    outer loop
      vertex 16.6157 4.99 15.3295
      vertex 16.1183 4.99 15.1816
      vertex 16.6081 4.99 15.3479
    endloop
  endfacet
  facet normal 0 1 -0
    outer loop
      vertex 16.1203 4.99 15.1613
      vertex 16.1183 4.99 15.1816
      vertex 16.6157 4.99 15.3295
    endloop
  endfacet
  facet normal 0 1 0
    outer loop
      vertex 16.1183 4.99 15.1816
      vertex 16.1203 4.99 15.1613
      vertex 16.1151 4.99 15.1805
    endloop
  endfacet
  facet normal 0 1 0
    outer loop
      vertex 16.1203 4.99 15.1613
      vertex 15.6078 4.99 15.0796
      vertex 16.1151 4.99 15.1805
    endloop
  endfacet
  facet normal 0 1 0
    outer loop
      vertex 15.6071 4.99 15.0592
      vertex 15.6078 4.99 15.0796
      vertex 16.1203 4.99 15.1613
    endloop
  endfacet
  facet normal 0 1 0
    outer loop
      vertex 15.6078 4.99 15.0796
      vertex 15.6071 4.99 15.0592
      vertex 15.6045 4.99 15.0789
    endloop
  endfacet
  facet normal 0 1 0
    outer loop
      vertex 15.6071 4.99 15.0592
      vertex 15.6012 4.99 15.0787
      vertex 15.6045 4.99 15.0789
    endloop
  endfacet
  facet normal 0 1 0
    outer loop
      vertex 15.085 4.99 15.025
      vertex 15.6012 4.99 15.0787
      vertex 15.6071 4.99 15.0592
    endloop
  endfacet
  facet normal 0 1 0
    outer loop
      vertex 15.6012 4.99 15.0787
      vertex 15.085 4.99 15.025
      vertex 15.085 4.99 15.0449
    endloop
  endfacet
  facet normal 0 1 0
    outer loop
      vertex 14.5688 4.99 22.9713
      vertex 15.085 4.99 23.025
      vertex 15.085 4.99 23.0051
    endloop
  endfacet
  facet normal 0 1 0
    outer loop
      vertex 15.085 4.99 23.025
      vertex 14.5688 4.99 22.9713
      vertex 14.5629 4.99 22.9908
    endloop
  endfacet
  facet normal 0 1 -0
    outer loop
      vertex 14.5655 4.99 22.9711
      vertex 14.5629 4.99 22.9908
      vertex 14.5688 4.99 22.9713
    endloop
  endfacet
  facet normal 0 1 0
    outer loop
      vertex 14.5622 4.99 22.9704
      vertex 14.5629 4.99 22.9908
      vertex 14.5655 4.99 22.9711
    endloop
  endfacet
  facet normal 0 1 -0
    outer loop
      vertex 14.5622 4.99 22.9704
      vertex 14.0497 4.99 22.8887
      vertex 14.5629 4.99 22.9908
    endloop
  endfacet
  facet normal 0 1 -0
    outer loop
      vertex 14.0549 4.99 22.8695
      vertex 14.0497 4.99 22.8887
      vertex 14.5622 4.99 22.9704
    endloop
  endfacet
  facet normal 0 1 -0
    outer loop
      vertex 14.0517 4.99 22.8684
      vertex 14.0497 4.99 22.8887
      vertex 14.0549 4.99 22.8695
    endloop
  endfacet
  facet normal 0 1 0
    outer loop
      vertex 14.0517 4.99 22.8684
      vertex 13.5543 4.99 22.7205
      vertex 14.0497 4.99 22.8887
    endloop
  endfacet
  facet normal 0 1 -0
    outer loop
      vertex 13.5619 4.99 22.7021
      vertex 13.5543 4.99 22.7205
      vertex 14.0517 4.99 22.8684
    endloop
  endfacet
  facet normal 0 1 -0
    outer loop
      vertex 13.5589 4.99 22.7007
      vertex 13.5543 4.99 22.7205
      vertex 13.5619 4.99 22.7021
    endloop
  endfacet
  facet normal 0 1 0
    outer loop
      vertex 13.5589 4.99 22.7007
      vertex 13.085 4.99 22.4891
      vertex 13.5543 4.99 22.7205
    endloop
  endfacet
  facet normal 0 1 -0
    outer loop
      vertex 13.0949 4.99 22.4719
      vertex 13.085 4.99 22.4891
      vertex 13.5589 4.99 22.7007
    endloop
  endfacet
  facet normal 0 1 0
    outer loop
      vertex 12.6648 4.99 22.1845
      vertex 13.085 4.99 22.4891
      vertex 13.0949 4.99 22.4719
    endloop
  endfacet
  facet normal 0 1 0
    outer loop
      vertex 13.085 4.99 22.4891
      vertex 12.6648 4.99 22.1845
      vertex 12.65 4.99 22.1984
    endloop
  endfacet
  facet normal 0 1 -0
    outer loop
      vertex 12.6621 4.99 22.1826
      vertex 12.65 4.99 22.1984
      vertex 12.6648 4.99 22.1845
    endloop
  endfacet
  facet normal 0 1 -0
    outer loop
      vertex 12.6595 4.99 22.1804
      vertex 12.65 4.99 22.1984
      vertex 12.6621 4.99 22.1826
    endloop
  endfacet
  facet normal 0 1 0
    outer loop
      vertex 12.6595 4.99 22.1804
      vertex 12.2566 4.99 21.8534
      vertex 12.65 4.99 22.1984
    endloop
  endfacet
  facet normal 0 1 -0
    outer loop
      vertex 12.2706 4.99 21.8394
      vertex 12.2566 4.99 21.8534
      vertex 12.6595 4.99 22.1804
    endloop
  endfacet
  facet normal 0 1 0
    outer loop
      vertex 11.9296 4.99 21.4505
      vertex 12.2566 4.99 21.8534
      vertex 12.2706 4.99 21.8394
    endloop
  endfacet
  facet normal 0 1 0
    outer loop
      vertex 12.2566 4.99 21.8534
      vertex 11.9296 4.99 21.4505
      vertex 11.9116 4.99 21.46
    endloop
  endfacet
  facet normal 0 1 -0
    outer loop
      vertex 11.9274 4.99 21.4479
      vertex 11.9116 4.99 21.46
      vertex 11.9296 4.99 21.4505
    endloop
  endfacet
  facet normal 0 1 -0
    outer loop
      vertex 11.9255 4.99 21.4452
      vertex 11.9116 4.99 21.46
      vertex 11.9274 4.99 21.4479
    endloop
  endfacet
  facet normal 0 1 0
    outer loop
      vertex 11.9255 4.99 21.4452
      vertex 11.6209 4.99 21.025
      vertex 11.9116 4.99 21.46
    endloop
  endfacet
  facet normal 0 1 -0
    outer loop
      vertex 11.6381 4.99 21.0151
      vertex 11.6209 4.99 21.025
      vertex 11.9255 4.99 21.4452
    endloop
  endfacet
  facet normal 0 1 0
    outer loop
      vertex 11.4093 4.99 20.5511
      vertex 11.6209 4.99 21.025
      vertex 11.6381 4.99 21.0151
    endloop
  endfacet
  facet normal 0 1 0
    outer loop
      vertex 11.6209 4.99 21.025
      vertex 11.4093 4.99 20.5511
      vertex 11.3895 4.99 20.5557
    endloop
  endfacet
  facet normal 0 1 -0
    outer loop
      vertex 11.4079 4.99 20.5481
      vertex 11.3895 4.99 20.5557
      vertex 11.4093 4.99 20.5511
    endloop
  endfacet
  facet normal 0 1 0
    outer loop
      vertex 11.2416 4.99 20.0583
      vertex 11.3895 4.99 20.5557
      vertex 11.4079 4.99 20.5481
    endloop
  endfacet
  facet normal 0 1 0
    outer loop
      vertex 11.3895 4.99 20.5557
      vertex 11.2416 4.99 20.0583
      vertex 11.2213 4.99 20.0603
    endloop
  endfacet
  facet normal 0 1 -0
    outer loop
      vertex 11.2405 4.99 20.0551
      vertex 11.2213 4.99 20.0603
      vertex 11.2416 4.99 20.0583
    endloop
  endfacet
  facet normal 0 1 0
    outer loop
      vertex 11.1396 4.99 19.5478
      vertex 11.2213 4.99 20.0603
      vertex 11.2405 4.99 20.0551
    endloop
  endfacet
  facet normal 0 1 -0
    outer loop
      vertex 11.1396 4.99 19.5478
      vertex 11.1192 4.99 19.5471
      vertex 11.2213 4.99 20.0603
    endloop
  endfacet
  facet normal 0 1 -0
    outer loop
      vertex 11.1389 4.99 19.5445
      vertex 11.1192 4.99 19.5471
      vertex 11.1396 4.99 19.5478
    endloop
  endfacet
  facet normal 0 1 -0
    outer loop
      vertex 11.1387 4.99 19.5412
      vertex 11.1192 4.99 19.5471
      vertex 11.1389 4.99 19.5445
    endloop
  endfacet
  facet normal 0 1 0
    outer loop
      vertex 11.085 4.99 19.025
      vertex 11.1387 4.99 19.5412
      vertex 11.1049 4.99 19.025
    endloop
  endfacet
  facet normal 0 1 0
    outer loop
      vertex 11.1387 4.99 19.5412
      vertex 11.085 4.99 19.025
      vertex 11.1192 4.99 19.5471
    endloop
  endfacet
  facet normal 0 1 0
    outer loop
      vertex 11.1387 4.99 18.5088
      vertex 11.085 4.99 19.025
      vertex 11.1049 4.99 19.025
    endloop
  endfacet
  facet normal 0 1 0
    outer loop
      vertex 11.1192 4.99 18.5029
      vertex 11.1387 4.99 18.5088
      vertex 11.1389 4.99 18.5055
    endloop
  endfacet
  facet normal 0 1 0
    outer loop
      vertex 11.1387 4.99 18.5088
      vertex 11.1192 4.99 18.5029
      vertex 11.085 4.99 19.025
    endloop
  endfacet
  facet normal 0 1 0
    outer loop
      vertex 11.1396 4.99 18.5022
      vertex 11.1192 4.99 18.5029
      vertex 11.1389 4.99 18.5055
    endloop
  endfacet
  facet normal 0 1 -0
    outer loop
      vertex 11.2213 4.99 17.9897
      vertex 11.1396 4.99 18.5022
      vertex 11.2405 4.99 17.9949
    endloop
  endfacet
  facet normal 0 1 0
    outer loop
      vertex 11.1396 4.99 18.5022
      vertex 11.2213 4.99 17.9897
      vertex 11.1192 4.99 18.5029
    endloop
  endfacet
  facet normal 0 1 0
    outer loop
      vertex 11.2416 4.99 17.9917
      vertex 11.2213 4.99 17.9897
      vertex 11.2405 4.99 17.9949
    endloop
  endfacet
  facet normal 0 1 -0
    outer loop
      vertex 11.3895 4.99 17.4943
      vertex 11.2416 4.99 17.9917
      vertex 11.4079 4.99 17.5019
    endloop
  endfacet
  facet normal 0 1 0
    outer loop
      vertex 11.2416 4.99 17.9917
      vertex 11.3895 4.99 17.4943
      vertex 11.2213 4.99 17.9897
    endloop
  endfacet
  facet normal 0 1 0
    outer loop
      vertex 11.4093 4.99 17.4989
      vertex 11.3895 4.99 17.4943
      vertex 11.4079 4.99 17.5019
    endloop
  endfacet
  facet normal 0 1 -0
    outer loop
      vertex 11.6209 4.99 17.025
      vertex 11.4093 4.99 17.4989
      vertex 11.6381 4.99 17.0349
    endloop
  endfacet
  facet normal 0 1 0
    outer loop
      vertex 11.4093 4.99 17.4989
      vertex 11.6209 4.99 17.025
      vertex 11.3895 4.99 17.4943
    endloop
  endfacet
  facet normal 0 1 0
    outer loop
      vertex 11.9255 4.99 16.6048
      vertex 11.6209 4.99 17.025
      vertex 11.6381 4.99 17.0349
    endloop
  endfacet
  facet normal 0 1 0
    outer loop
      vertex 11.9116 4.99 16.59
      vertex 11.9255 4.99 16.6048
      vertex 11.9274 4.99 16.6021
    endloop
  endfacet
  facet normal 0 1 0
    outer loop
      vertex 11.9255 4.99 16.6048
      vertex 11.9116 4.99 16.59
      vertex 11.6209 4.99 17.025
    endloop
  endfacet
  facet normal 0 1 0
    outer loop
      vertex 11.9296 4.99 16.5995
      vertex 11.9116 4.99 16.59
      vertex 11.9274 4.99 16.6021
    endloop
  endfacet
  facet normal 0 1 -0
    outer loop
      vertex 12.2566 4.99 16.1966
      vertex 11.9296 4.99 16.5995
      vertex 12.2706 4.99 16.2106
    endloop
  endfacet
  facet normal 0 1 0
    outer loop
      vertex 11.9296 4.99 16.5995
      vertex 12.2566 4.99 16.1966
      vertex 11.9116 4.99 16.59
    endloop
  endfacet
  facet normal 0 1 0
    outer loop
      vertex 12.6595 4.99 15.8696
      vertex 12.2566 4.99 16.1966
      vertex 12.2706 4.99 16.2106
    endloop
  endfacet
  facet normal 0 1 0
    outer loop
      vertex 12.65 4.99 15.8516
      vertex 12.6595 4.99 15.8696
      vertex 12.6621 4.99 15.8674
    endloop
  endfacet
  facet normal 0 1 0
    outer loop
      vertex 12.6595 4.99 15.8696
      vertex 12.65 4.99 15.8516
      vertex 12.2566 4.99 16.1966
    endloop
  endfacet
  facet normal 0 1 0
    outer loop
      vertex 12.6648 4.99 15.8655
      vertex 12.65 4.99 15.8516
      vertex 12.6621 4.99 15.8674
    endloop
  endfacet
  facet normal 0 1 -0
    outer loop
      vertex 13.085 4.99 15.5609
      vertex 12.6648 4.99 15.8655
      vertex 13.0949 4.99 15.5781
    endloop
  endfacet
  facet normal 0 1 0
    outer loop
      vertex 12.6648 4.99 15.8655
      vertex 13.085 4.99 15.5609
      vertex 12.65 4.99 15.8516
    endloop
  endfacet
  facet normal 0 1 0
    outer loop
      vertex 13.5589 4.99 15.3493
      vertex 13.085 4.99 15.5609
      vertex 13.0949 4.99 15.5781
    endloop
  endfacet
  facet normal 0 1 0
    outer loop
      vertex 13.5543 4.99 15.3295
      vertex 13.5589 4.99 15.3493
      vertex 13.5619 4.99 15.3479
    endloop
  endfacet
  facet normal 0 1 0
    outer loop
      vertex 13.5589 4.99 15.3493
      vertex 13.5543 4.99 15.3295
      vertex 13.085 4.99 15.5609
    endloop
  endfacet
  facet normal 0 1 0
    outer loop
      vertex 14.0517 4.99 15.1816
      vertex 13.5543 4.99 15.3295
      vertex 13.5619 4.99 15.3479
    endloop
  endfacet
  facet normal 0 1 0
    outer loop
      vertex 14.0497 4.99 15.1613
      vertex 14.0517 4.99 15.1816
      vertex 14.0549 4.99 15.1805
    endloop
  endfacet
  facet normal 0 1 0
    outer loop
      vertex 14.0517 4.99 15.1816
      vertex 14.0497 4.99 15.1613
      vertex 13.5543 4.99 15.3295
    endloop
  endfacet
  facet normal 0 1 0
    outer loop
      vertex 14.5622 4.99 15.0796
      vertex 14.0497 4.99 15.1613
      vertex 14.0549 4.99 15.1805
    endloop
  endfacet
  facet normal 0 1 -0
    outer loop
      vertex 14.5629 4.99 15.0592
      vertex 14.5622 4.99 15.0796
      vertex 14.5655 4.99 15.0789
    endloop
  endfacet
  facet normal 0 1 0
    outer loop
      vertex 14.5622 4.99 15.0796
      vertex 14.5629 4.99 15.0592
      vertex 14.0497 4.99 15.1613
    endloop
  endfacet
  facet normal 0 1 0
    outer loop
      vertex 14.5688 4.99 15.0787
      vertex 14.5629 4.99 15.0592
      vertex 14.5655 4.99 15.0789
    endloop
  endfacet
  facet normal 0 1 -0
    outer loop
      vertex 15.085 4.99 15.025
      vertex 14.5688 4.99 15.0787
      vertex 15.085 4.99 15.0449
    endloop
  endfacet
  facet normal 0 1 0
    outer loop
      vertex 14.5688 4.99 15.0787
      vertex 15.085 4.99 15.025
      vertex 14.5629 4.99 15.0592
    endloop
  endfacet
  facet normal -0.896898 0 0.442238
    outer loop
      vertex 18.5491 4.99 17.025
      vertex 18.7805 5 17.4943
      vertex 18.5491 5 17.025
    endloop
  endfacet
  facet normal -0.896898 0 0.442238
    outer loop
      vertex 18.7805 5 17.4943
      vertex 18.5491 4.99 17.025
      vertex 18.7805 4.99 17.4943
    endloop
  endfacet
  facet normal -0.831432 0 0.555626
    outer loop
      vertex 18.2584 4.99 16.59
      vertex 18.5491 5 17.025
      vertex 18.2584 5 16.59
    endloop
  endfacet
  facet normal -0.831432 0 0.555626
    outer loop
      vertex 18.5491 5 17.025
      vertex 18.2584 4.99 16.59
      vertex 18.5491 4.99 17.025
    endloop
  endfacet
  facet normal -0.442238 0 0.896898
    outer loop
      vertex 16.6157 5 15.3295
      vertex 17.085 4.99 15.5609
      vertex 17.085 5 15.5609
    endloop
  endfacet
  facet normal -0.442238 0 0.896898
    outer loop
      vertex 17.085 4.99 15.5609
      vertex 16.6157 5 15.3295
      vertex 16.6157 4.99 15.3295
    endloop
  endfacet
  facet normal -0.555626 0 0.831432
    outer loop
      vertex 17.085 5 15.5609
      vertex 17.52 4.99 15.8516
      vertex 17.52 5 15.8516
    endloop
  endfacet
  facet normal -0.555626 0 0.831432
    outer loop
      vertex 17.52 4.99 15.8516
      vertex 17.085 5 15.5609
      vertex 17.085 4.99 15.5609
    endloop
  endfacet
  facet normal 0.896898 -0 0.442238
    outer loop
      vertex 11.3895 4.99 17.4943
      vertex 11.6209 5 17.025
      vertex 11.3895 5 17.4943
    endloop
  endfacet
  facet normal 0.896898 0 0.442238
    outer loop
      vertex 11.6209 5 17.025
      vertex 11.3895 4.99 17.4943
      vertex 11.6209 4.99 17.025
    endloop
  endfacet
  facet normal 0.751842 -0 0.659343
    outer loop
      vertex 11.9116 4.99 16.59
      vertex 12.2566 5 16.1966
      vertex 11.9116 5 16.59
    endloop
  endfacet
  facet normal 0.751842 0 0.659343
    outer loop
      vertex 12.2566 5 16.1966
      vertex 11.9116 4.99 16.59
      vertex 12.2566 4.99 16.1966
    endloop
  endfacet
  facet normal 0.0653646 0 0.997861
    outer loop
      vertex 14.5629 5 15.0592
      vertex 15.085 4.99 15.025
      vertex 15.085 5 15.025
    endloop
  endfacet
  facet normal 0.0653646 0 0.997861
    outer loop
      vertex 15.085 4.99 15.025
      vertex 14.5629 5 15.0592
      vertex 14.5629 4.99 15.0592
    endloop
  endfacet
  facet normal -0.94691 0 -0.321498
    outer loop
      vertex 18.9487 4.99 20.0603
      vertex 18.7805 5 20.5557
      vertex 18.9487 5 20.0603
    endloop
  endfacet
  facet normal -0.94691 -0 -0.321498
    outer loop
      vertex 18.7805 5 20.5557
      vertex 18.9487 4.99 20.0603
      vertex 18.7805 4.99 20.5557
    endloop
  endfacet
  facet normal -0.555626 0 -0.831432
    outer loop
      vertex 17.085 4.99 22.4891
      vertex 17.52 5 22.1984
      vertex 17.52 4.99 22.1984
    endloop
  endfacet
  facet normal -0.555626 0 -0.831432
    outer loop
      vertex 17.52 5 22.1984
      vertex 17.085 4.99 22.4891
      vertex 17.085 5 22.4891
    endloop
  endfacet
  facet normal 0.659343 0 -0.751842
    outer loop
      vertex 12.2566 4.99 21.8534
      vertex 12.65 5 22.1984
      vertex 12.65 4.99 22.1984
    endloop
  endfacet
  facet normal 0.659343 0 -0.751842
    outer loop
      vertex 12.65 5 22.1984
      vertex 12.2566 4.99 21.8534
      vertex 12.2566 5 21.8534
    endloop
  endfacet
  facet normal 0.997861 0 -0.0653646
    outer loop
      vertex 11.1192 4.99 19.5471
      vertex 11.085 5 19.025
      vertex 11.1192 5 19.5471
    endloop
  endfacet
  facet normal 0.997861 0 -0.0653646
    outer loop
      vertex 11.085 5 19.025
      vertex 11.1192 4.99 19.5471
      vertex 11.085 4.99 19.025
    endloop
  endfacet
  facet normal -0.94691 0 0.321498
    outer loop
      vertex 18.7805 4.99 17.4943
      vertex 18.9487 5 17.9897
      vertex 18.7805 5 17.4943
    endloop
  endfacet
  facet normal -0.94691 0 0.321498
    outer loop
      vertex 18.9487 5 17.9897
      vertex 18.7805 4.99 17.4943
      vertex 18.9487 4.99 17.9897
    endloop
  endfacet
  facet normal -0.980779 0 0.195124
    outer loop
      vertex 18.9487 4.99 17.9897
      vertex 19.0508 5 18.5029
      vertex 18.9487 5 17.9897
    endloop
  endfacet
  facet normal -0.980779 0 0.195124
    outer loop
      vertex 19.0508 5 18.5029
      vertex 18.9487 4.99 17.9897
      vertex 19.0508 4.99 18.5029
    endloop
  endfacet
  facet normal -0.751842 0 0.659343
    outer loop
      vertex 17.9134 4.99 16.1966
      vertex 18.2584 5 16.59
      vertex 17.9134 5 16.1966
    endloop
  endfacet
  facet normal -0.751842 0 0.659343
    outer loop
      vertex 18.2584 5 16.59
      vertex 17.9134 4.99 16.1966
      vertex 18.2584 4.99 16.59
    endloop
  endfacet
  facet normal -0.321498 0 0.94691
    outer loop
      vertex 16.1203 5 15.1613
      vertex 16.6157 4.99 15.3295
      vertex 16.6157 5 15.3295
    endloop
  endfacet
  facet normal -0.321498 0 0.94691
    outer loop
      vertex 16.6157 4.99 15.3295
      vertex 16.1203 5 15.1613
      vertex 16.1203 4.99 15.1613
    endloop
  endfacet
  facet normal -0.195124 0 0.980779
    outer loop
      vertex 15.6071 5 15.0592
      vertex 16.1203 4.99 15.1613
      vertex 16.1203 5 15.1613
    endloop
  endfacet
  facet normal -0.195124 0 0.980779
    outer loop
      vertex 16.1203 4.99 15.1613
      vertex 15.6071 5 15.0592
      vertex 15.6071 4.99 15.0592
    endloop
  endfacet
  facet normal 0.831432 -0 0.555626
    outer loop
      vertex 11.6209 4.99 17.025
      vertex 11.9116 5 16.59
      vertex 11.6209 5 17.025
    endloop
  endfacet
  facet normal 0.831432 0 0.555626
    outer loop
      vertex 11.9116 5 16.59
      vertex 11.6209 4.99 17.025
      vertex 11.9116 4.99 16.59
    endloop
  endfacet
  facet normal 0.94691 -0 0.321498
    outer loop
      vertex 11.2213 4.99 17.9897
      vertex 11.3895 5 17.4943
      vertex 11.2213 5 17.9897
    endloop
  endfacet
  facet normal 0.94691 0 0.321498
    outer loop
      vertex 11.3895 5 17.4943
      vertex 11.2213 4.99 17.9897
      vertex 11.3895 4.99 17.4943
    endloop
  endfacet
  facet normal 0.980779 -0 0.195124
    outer loop
      vertex 11.1192 4.99 18.5029
      vertex 11.2213 5 17.9897
      vertex 11.1192 5 18.5029
    endloop
  endfacet
  facet normal 0.980779 0 0.195124
    outer loop
      vertex 11.2213 5 17.9897
      vertex 11.1192 4.99 18.5029
      vertex 11.2213 4.99 17.9897
    endloop
  endfacet
  facet normal 0.442238 0 0.896898
    outer loop
      vertex 13.085 5 15.5609
      vertex 13.5543 4.99 15.3295
      vertex 13.5543 5 15.3295
    endloop
  endfacet
  facet normal 0.442238 0 0.896898
    outer loop
      vertex 13.5543 4.99 15.3295
      vertex 13.085 5 15.5609
      vertex 13.085 4.99 15.5609
    endloop
  endfacet
  facet normal 0.555626 0 0.831432
    outer loop
      vertex 12.65 5 15.8516
      vertex 13.085 4.99 15.5609
      vertex 13.085 5 15.5609
    endloop
  endfacet
  facet normal 0.555626 0 0.831432
    outer loop
      vertex 13.085 4.99 15.5609
      vertex 12.65 5 15.8516
      vertex 12.65 4.99 15.8516
    endloop
  endfacet
  facet normal 0.195124 0 0.980779
    outer loop
      vertex 14.0497 5 15.1613
      vertex 14.5629 4.99 15.0592
      vertex 14.5629 5 15.0592
    endloop
  endfacet
  facet normal 0.195124 0 0.980779
    outer loop
      vertex 14.5629 4.99 15.0592
      vertex 14.0497 5 15.1613
      vertex 14.0497 4.99 15.1613
    endloop
  endfacet
  facet normal -0.0653646 0 -0.997861
    outer loop
      vertex 15.085 4.99 23.025
      vertex 15.6071 5 22.9908
      vertex 15.6071 4.99 22.9908
    endloop
  endfacet
  facet normal -0.0653646 0 -0.997861
    outer loop
      vertex 15.6071 5 22.9908
      vertex 15.085 4.99 23.025
      vertex 15.085 5 23.025
    endloop
  endfacet
  facet normal -0.321498 0 -0.94691
    outer loop
      vertex 16.1203 4.99 22.8887
      vertex 16.6157 5 22.7205
      vertex 16.6157 4.99 22.7205
    endloop
  endfacet
  facet normal -0.321498 0 -0.94691
    outer loop
      vertex 16.6157 5 22.7205
      vertex 16.1203 4.99 22.8887
      vertex 16.1203 5 22.8887
    endloop
  endfacet
  facet normal -0.659343 0 -0.751842
    outer loop
      vertex 17.52 4.99 22.1984
      vertex 17.9134 5 21.8534
      vertex 17.9134 4.99 21.8534
    endloop
  endfacet
  facet normal -0.659343 0 -0.751842
    outer loop
      vertex 17.9134 5 21.8534
      vertex 17.52 4.99 22.1984
      vertex 17.52 5 22.1984
    endloop
  endfacet
  facet normal -0.831432 0 -0.555626
    outer loop
      vertex 18.5491 4.99 21.025
      vertex 18.2584 5 21.46
      vertex 18.5491 5 21.025
    endloop
  endfacet
  facet normal -0.831432 -0 -0.555626
    outer loop
      vertex 18.2584 5 21.46
      vertex 18.5491 4.99 21.025
      vertex 18.2584 4.99 21.46
    endloop
  endfacet
  facet normal 0.555626 0 -0.831432
    outer loop
      vertex 12.65 4.99 22.1984
      vertex 13.085 5 22.4891
      vertex 13.085 4.99 22.4891
    endloop
  endfacet
  facet normal 0.555626 0 -0.831432
    outer loop
      vertex 13.085 5 22.4891
      vertex 12.65 4.99 22.1984
      vertex 12.65 5 22.1984
    endloop
  endfacet
  facet normal 0.321498 0 -0.94691
    outer loop
      vertex 13.5543 4.99 22.7205
      vertex 14.0497 5 22.8887
      vertex 14.0497 4.99 22.8887
    endloop
  endfacet
  facet normal 0.321498 0 -0.94691
    outer loop
      vertex 14.0497 5 22.8887
      vertex 13.5543 4.99 22.7205
      vertex 13.5543 5 22.7205
    endloop
  endfacet
  facet normal 0.0653646 0 -0.997861
    outer loop
      vertex 14.5629 4.99 22.9908
      vertex 15.085 5 23.025
      vertex 15.085 4.99 23.025
    endloop
  endfacet
  facet normal 0.0653646 0 -0.997861
    outer loop
      vertex 15.085 5 23.025
      vertex 14.5629 4.99 22.9908
      vertex 14.5629 5 22.9908
    endloop
  endfacet
  facet normal 0.896898 0 -0.442238
    outer loop
      vertex 11.6209 4.99 21.025
      vertex 11.3895 5 20.5557
      vertex 11.6209 5 21.025
    endloop
  endfacet
  facet normal 0.896898 0 -0.442238
    outer loop
      vertex 11.3895 5 20.5557
      vertex 11.6209 4.99 21.025
      vertex 11.3895 4.99 20.5557
    endloop
  endfacet
  facet normal 0.980779 0 -0.195124
    outer loop
      vertex 11.2213 4.99 20.0603
      vertex 11.1192 5 19.5471
      vertex 11.2213 5 20.0603
    endloop
  endfacet
  facet normal 0.980779 0 -0.195124
    outer loop
      vertex 11.1192 5 19.5471
      vertex 11.2213 4.99 20.0603
      vertex 11.1192 4.99 19.5471
    endloop
  endfacet
  facet normal -0.195124 0 -0.980779
    outer loop
      vertex 15.6071 4.99 22.9908
      vertex 16.1203 5 22.8887
      vertex 16.1203 4.99 22.8887
    endloop
  endfacet
  facet normal -0.195124 0 -0.980779
    outer loop
      vertex 16.1203 5 22.8887
      vertex 15.6071 4.99 22.9908
      vertex 15.6071 5 22.9908
    endloop
  endfacet
  facet normal -0.442238 0 -0.896898
    outer loop
      vertex 16.6157 4.99 22.7205
      vertex 17.085 5 22.4891
      vertex 17.085 4.99 22.4891
    endloop
  endfacet
  facet normal -0.442238 0 -0.896898
    outer loop
      vertex 17.085 5 22.4891
      vertex 16.6157 4.99 22.7205
      vertex 16.6157 5 22.7205
    endloop
  endfacet
  facet normal -0.751842 0 -0.659343
    outer loop
      vertex 18.2584 4.99 21.46
      vertex 17.9134 5 21.8534
      vertex 18.2584 5 21.46
    endloop
  endfacet
  facet normal -0.751842 -0 -0.659343
    outer loop
      vertex 17.9134 5 21.8534
      vertex 18.2584 4.99 21.46
      vertex 17.9134 4.99 21.8534
    endloop
  endfacet
  facet normal -0.980779 0 -0.195124
    outer loop
      vertex 19.0508 4.99 19.5471
      vertex 18.9487 5 20.0603
      vertex 19.0508 5 19.5471
    endloop
  endfacet
  facet normal -0.980779 -0 -0.195124
    outer loop
      vertex 18.9487 5 20.0603
      vertex 19.0508 4.99 19.5471
      vertex 18.9487 4.99 20.0603
    endloop
  endfacet
  facet normal -0.896898 0 -0.442238
    outer loop
      vertex 18.7805 4.99 20.5557
      vertex 18.5491 5 21.025
      vertex 18.7805 5 20.5557
    endloop
  endfacet
  facet normal -0.896898 -0 -0.442238
    outer loop
      vertex 18.5491 5 21.025
      vertex 18.7805 4.99 20.5557
      vertex 18.5491 4.99 21.025
    endloop
  endfacet
  facet normal 0.442238 0 -0.896898
    outer loop
      vertex 13.085 4.99 22.4891
      vertex 13.5543 5 22.7205
      vertex 13.5543 4.99 22.7205
    endloop
  endfacet
  facet normal 0.442238 0 -0.896898
    outer loop
      vertex 13.5543 5 22.7205
      vertex 13.085 4.99 22.4891
      vertex 13.085 5 22.4891
    endloop
  endfacet
  facet normal 0.195124 0 -0.980779
    outer loop
      vertex 14.0497 4.99 22.8887
      vertex 14.5629 5 22.9908
      vertex 14.5629 4.99 22.9908
    endloop
  endfacet
  facet normal 0.195124 0 -0.980779
    outer loop
      vertex 14.5629 5 22.9908
      vertex 14.0497 4.99 22.8887
      vertex 14.0497 5 22.8887
    endloop
  endfacet
  facet normal 0.831432 0 -0.555626
    outer loop
      vertex 11.9116 4.99 21.46
      vertex 11.6209 5 21.025
      vertex 11.9116 5 21.46
    endloop
  endfacet
  facet normal 0.831432 0 -0.555626
    outer loop
      vertex 11.6209 5 21.025
      vertex 11.9116 4.99 21.46
      vertex 11.6209 4.99 21.025
    endloop
  endfacet
  facet normal 0.94691 0 -0.321498
    outer loop
      vertex 11.3895 4.99 20.5557
      vertex 11.2213 5 20.0603
      vertex 11.3895 5 20.5557
    endloop
  endfacet
  facet normal 0.94691 0 -0.321498
    outer loop
      vertex 11.2213 5 20.0603
      vertex 11.3895 4.99 20.5557
      vertex 11.2213 4.99 20.0603
    endloop
  endfacet
  facet normal -0.997861 0 -0.0653646
    outer loop
      vertex 19.085 4.99 19.025
      vertex 19.0508 5 19.5471
      vertex 19.085 5 19.025
    endloop
  endfacet
  facet normal -0.997861 -0 -0.0653646
    outer loop
      vertex 19.0508 5 19.5471
      vertex 19.085 4.99 19.025
      vertex 19.0508 4.99 19.5471
    endloop
  endfacet
  facet normal 0 1 0
    outer loop
      vertex 0 6.575 17.6
      vertex 0 6.575 17.725
      vertex 0.80619 6.575 17.6854
    endloop
  endfacet
  facet normal 0 1 0
    outer loop
      vertex 0 6.575 17.725
      vertex 0 6.575 17.6
      vertex -0.80619 6.575 17.6854
    endloop
  endfacet
  facet normal 0 1 0
    outer loop
      vertex 1.93846 6.575 17.3646
      vertex 0.80619 6.575 17.6854
      vertex 1.60462 6.575 17.567
    endloop
  endfacet
  facet normal 0 1 -0
    outer loop
      vertex 1.93846 6.575 17.3646
      vertex 1.60462 6.575 17.567
      vertex 2.38759 6.575 17.3708
    endloop
  endfacet
  facet normal 0 1 0
    outer loop
      vertex 0.80619 6.575 17.6854
      vertex 1.93846 6.575 17.3646
      vertex 0 6.575 17.6
    endloop
  endfacet
  facet normal 0 1 0
    outer loop
      vertex 3.14757 6.575 17.0989
      vertex 1.93846 6.575 17.3646
      vertex 2.38759 6.575 17.3708
    endloop
  endfacet
  facet normal 0 1 -0
    outer loop
      vertex 3.76426 6.575 16.6722
      vertex 3.14757 6.575 17.0989
      vertex 3.87724 6.575 16.7538
    endloop
  endfacet
  facet normal 0 1 0
    outer loop
      vertex 3.14757 6.575 17.0989
      vertex 3.76426 6.575 16.6722
      vertex 1.93846 6.575 17.3646
    endloop
  endfacet
  facet normal 0 1 0
    outer loop
      vertex 4.56956 6.575 16.3388
      vertex 3.76426 6.575 16.6722
      vertex 3.87724 6.575 16.7538
    endloop
  endfacet
  facet normal 0 1 0
    outer loop
      vertex 5.37129 6.575 15.5629
      vertex 4.56956 6.575 16.3388
      vertex 5.21788 6.575 15.858
    endloop
  endfacet
  facet normal 0 1 0
    outer loop
      vertex 4.56956 6.575 16.3388
      vertex 5.37129 6.575 15.5629
      vertex 3.76426 6.575 16.6722
    endloop
  endfacet
  facet normal 0 1 0
    outer loop
      vertex 5.81595 6.575 15.316
      vertex 5.37129 6.575 15.5629
      vertex 5.21788 6.575 15.858
    endloop
  endfacet
  facet normal 0 1 0
    outer loop
      vertex 6.35801 6.575 14.7179
      vertex 5.37129 6.575 15.5629
      vertex 5.81595 6.575 15.316
    endloop
  endfacet
  facet normal 0 1 0
    outer loop
      vertex 6.35801 6.575 14.7179
      vertex 6.66617 6.575 14.1013
      vertex 5.37129 6.575 15.5629
    endloop
  endfacet
  facet normal 0 1 0
    outer loop
      vertex 6.83884 6.575 14.0696
      vertex 6.66617 6.575 14.1013
      vertex 6.35801 6.575 14.7179
    endloop
  endfacet
  facet normal 0 1 0
    outer loop
      vertex 7.2538 6.575 13.3772
      vertex 6.66617 6.575 14.1013
      vertex 6.83884 6.575 14.0696
    endloop
  endfacet
  facet normal 0 1 -0
    outer loop
      vertex 7.57363 6.575 12.3723
      vertex 7.2538 6.575 13.3772
      vertex 7.59891 6.575 12.6476
    endloop
  endfacet
  facet normal 0 1 0
    outer loop
      vertex 7.2538 6.575 13.3772
      vertex 7.57363 6.575 12.3723
      vertex 6.66617 6.575 14.1013
    endloop
  endfacet
  facet normal 0 1 0
    outer loop
      vertex 7.87083 6.575 11.8876
      vertex 7.57363 6.575 12.3723
      vertex 7.59891 6.575 12.6476
    endloop
  endfacet
  facet normal 0 1 0
    outer loop
      vertex 8.06696 6.575 11.1046
      vertex 7.57363 6.575 12.3723
      vertex 7.87083 6.575 11.8876
    endloop
  endfacet
  facet normal 0 1 0
    outer loop
      vertex 8.06696 6.575 11.1046
      vertex 8.04094 6.575 10.4763
      vertex 7.57363 6.575 12.3723
    endloop
  endfacet
  facet normal 0 1 0
    outer loop
      vertex 8.18539 6.575 10.3062
      vertex 8.04094 6.575 10.4763
      vertex 8.06696 6.575 11.1046
    endloop
  endfacet
  facet normal 0 1 0
    outer loop
      vertex 8.225 6.575 9.5
      vertex 8.04094 6.575 10.4763
      vertex 8.18539 6.575 10.3062
    endloop
  endfacet
  facet normal 0 1 -0
    outer loop
      vertex 8.18539 6.575 8.69381
      vertex 8.04094 6.575 10.4763
      vertex 8.225 6.575 9.5
    endloop
  endfacet
  facet normal 0 1 0
    outer loop
      vertex 8.04094 6.575 7.79152
      vertex 8.18539 6.575 8.69381
      vertex 8.06696 6.575 7.89538
    endloop
  endfacet
  facet normal 0 1 0
    outer loop
      vertex 8.18539 6.575 8.69381
      vertex 8.04094 6.575 7.79152
      vertex 8.04094 6.575 10.4763
    endloop
  endfacet
  facet normal 0 1 0
    outer loop
      vertex -1.93846 6.575 17.3646
      vertex -0.80619 6.575 17.6854
      vertex 0 6.575 17.6
    endloop
  endfacet
  facet normal 0 1 0
    outer loop
      vertex -0.80619 6.575 17.6854
      vertex -1.93846 6.575 17.3646
      vertex -1.60462 6.575 17.567
    endloop
  endfacet
  facet normal 0 1 0
    outer loop
      vertex -1.60462 6.575 17.567
      vertex -1.93846 6.575 17.3646
      vertex -2.38759 6.575 17.3708
    endloop
  endfacet
  facet normal 0 1 0
    outer loop
      vertex -1.93846 6.575 17.3646
      vertex -3.14757 6.575 17.0989
      vertex -2.38759 6.575 17.3708
    endloop
  endfacet
  facet normal 0 1 0
    outer loop
      vertex -3.76426 6.575 16.6722
      vertex -3.14757 6.575 17.0989
      vertex -1.93846 6.575 17.3646
    endloop
  endfacet
  facet normal 0 1 0
    outer loop
      vertex -3.14757 6.575 17.0989
      vertex -3.76426 6.575 16.6722
      vertex -3.87724 6.575 16.7538
    endloop
  endfacet
  facet normal 0 1 0
    outer loop
      vertex -3.76426 6.575 16.6722
      vertex -4.56956 6.575 16.3388
      vertex -3.87724 6.575 16.7538
    endloop
  endfacet
  facet normal 0 1 0
    outer loop
      vertex -5.37129 6.575 15.5629
      vertex -4.56956 6.575 16.3388
      vertex -3.76426 6.575 16.6722
    endloop
  endfacet
  facet normal 0 1 0
    outer loop
      vertex -4.56956 6.575 16.3388
      vertex -5.37129 6.575 15.5629
      vertex -5.21788 6.575 15.858
    endloop
  endfacet
  facet normal 0 1 -0
    outer loop
      vertex -5.37129 6.575 15.5629
      vertex -5.81595 6.575 15.316
      vertex -5.21788 6.575 15.858
    endloop
  endfacet
  facet normal 0 1 0
    outer loop
      vertex -5.37129 6.575 15.5629
      vertex -6.35801 6.575 14.7179
      vertex -5.81595 6.575 15.316
    endloop
  endfacet
  facet normal 0 1 0
    outer loop
      vertex -6.66617 6.575 14.1013
      vertex -6.35801 6.575 14.7179
      vertex -5.37129 6.575 15.5629
    endloop
  endfacet
  facet normal 0 1 -0
    outer loop
      vertex -6.66617 6.575 14.1013
      vertex -6.83884 6.575 14.0696
      vertex -6.35801 6.575 14.7179
    endloop
  endfacet
  facet normal 0 1 0
    outer loop
      vertex -6.66617 6.575 14.1013
      vertex -7.2538 6.575 13.3772
      vertex -6.83884 6.575 14.0696
    endloop
  endfacet
  facet normal 0 1 0
    outer loop
      vertex -7.57363 6.575 12.3723
      vertex -7.2538 6.575 13.3772
      vertex -6.66617 6.575 14.1013
    endloop
  endfacet
  facet normal 0 1 0
    outer loop
      vertex -7.2538 6.575 13.3772
      vertex -7.57363 6.575 12.3723
      vertex -7.59891 6.575 12.6476
    endloop
  endfacet
  facet normal 0 1 0
    outer loop
      vertex -7.57363 6.575 12.3723
      vertex -7.87083 6.575 11.8876
      vertex -7.59891 6.575 12.6476
    endloop
  endfacet
  facet normal 0 1 0
    outer loop
      vertex -7.57363 6.575 12.3723
      vertex -8.06696 6.575 11.1046
      vertex -7.87083 6.575 11.8876
    endloop
  endfacet
  facet normal 0 1 -0
    outer loop
      vertex -8.04094 6.575 10.4763
      vertex -8.06696 6.575 11.1046
      vertex -7.57363 6.575 12.3723
    endloop
  endfacet
  facet normal 0 1 0
    outer loop
      vertex -8.04094 6.575 10.4763
      vertex -8.18539 6.575 10.3062
      vertex -8.06696 6.575 11.1046
    endloop
  endfacet
  facet normal 0 1 0
    outer loop
      vertex -8.04094 6.575 10.4763
      vertex -8.225 6.575 9.5
      vertex -8.18539 6.575 10.3062
    endloop
  endfacet
  facet normal 0 1 0
    outer loop
      vertex -8.04094 6.575 10.4763
      vertex -8.18539 6.575 8.69381
      vertex -8.225 6.575 9.5
    endloop
  endfacet
  facet normal 0 1 -0
    outer loop
      vertex -8.04094 6.575 7.79152
      vertex -8.18539 6.575 8.69381
      vertex -8.04094 6.575 10.4763
    endloop
  endfacet
  facet normal 0 1 0
    outer loop
      vertex -8.18539 6.575 8.69381
      vertex -8.04094 6.575 7.79152
      vertex -8.06696 6.575 7.89538
    endloop
  endfacet
  facet normal 0.743151 -0 0.669124
    outer loop
      vertex -3.89711 6.585 -11.75
      vertex -2.64503 9.7 -13.1406
      vertex -3.89711 9.7 -11.75
    endloop
  endfacet
  facet normal 0.743151 0 0.669124
    outer loop
      vertex -2.64503 9.7 -13.1406
      vertex -3.89711 6.585 -11.75
      vertex -2.64503 6.585 -13.1406
    endloop
  endfacet
  facet normal -0 0 1
    outer loop
      vertex -0.935602 9.7 -13.9017
      vertex 0.935602 6.585 -13.9017
      vertex 0.935602 9.7 -13.9017
    endloop
  endfacet
  facet normal 0 0 1
    outer loop
      vertex 0.935602 6.585 -13.9017
      vertex -0.935602 9.7 -13.9017
      vertex -0.935602 6.585 -13.9017
    endloop
  endfacet
  facet normal 0.406743 0 0.913543
    outer loop
      vertex -2.64503 9.7 -13.1406
      vertex -0.935602 6.585 -13.9017
      vertex -0.935602 9.7 -13.9017
    endloop
  endfacet
  facet normal 0.406743 0 0.913543
    outer loop
      vertex -0.935602 6.585 -13.9017
      vertex -2.64503 9.7 -13.1406
      vertex -2.64503 6.585 -13.1406
    endloop
  endfacet
  facet normal 0.951056 -0 0.30902
    outer loop
      vertex -4.47535 6.585 -9.97038
      vertex -3.89711 9.7 -11.75
      vertex -4.47535 9.7 -9.97038
    endloop
  endfacet
  facet normal 0.951056 0 0.30902
    outer loop
      vertex -3.89711 9.7 -11.75
      vertex -4.47535 6.585 -9.97038
      vertex -3.89711 6.585 -11.75
    endloop
  endfacet
  facet normal -1 0 0
    outer loop
      vertex 4.47535 6.585 -9.97038
      vertex 4.47535 9.7 2.60469
      vertex 4.47535 9.7 -9.97038
    endloop
  endfacet
  facet normal -1 -0 0
    outer loop
      vertex 4.47535 9.7 2.60469
      vertex 4.47535 6.585 -9.97038
      vertex 4.47535 6.585 2.60469
    endloop
  endfacet
  facet normal -0.743151 0 0.669124
    outer loop
      vertex 2.64503 6.585 -13.1406
      vertex 3.89711 9.7 -11.75
      vertex 2.64503 9.7 -13.1406
    endloop
  endfacet
  facet normal -0.743151 0 0.669124
    outer loop
      vertex 3.89711 9.7 -11.75
      vertex 2.64503 6.585 -13.1406
      vertex 3.89711 6.585 -11.75
    endloop
  endfacet
  facet normal 1 -0 0
    outer loop
      vertex -4.47535 6.585 2.60469
      vertex -4.47535 9.7 -9.97038
      vertex -4.47535 9.7 2.60469
    endloop
  endfacet
  facet normal 1 0 0
    outer loop
      vertex -4.47535 9.7 -9.97038
      vertex -4.47535 6.585 2.60469
      vertex -4.47535 6.585 -9.97038
    endloop
  endfacet
  facet normal -0.406743 0 0.913543
    outer loop
      vertex 0.935602 9.7 -13.9017
      vertex 2.64503 6.585 -13.1406
      vertex 2.64503 9.7 -13.1406
    endloop
  endfacet
  facet normal -0.406743 0 0.913543
    outer loop
      vertex 2.64503 6.585 -13.1406
      vertex 0.935602 9.7 -13.9017
      vertex 0.935602 6.585 -13.9017
    endloop
  endfacet
  facet normal -0.951056 0 0.30902
    outer loop
      vertex 3.89711 6.585 -11.75
      vertex 4.47535 9.7 -9.97038
      vertex 3.89711 9.7 -11.75
    endloop
  endfacet
  facet normal -0.951056 0 0.30902
    outer loop
      vertex 4.47535 9.7 -9.97038
      vertex 3.89711 6.585 -11.75
      vertex 4.47535 6.585 -9.97038
    endloop
  endfacet
  facet normal -0.514139 0 -0.857707
    outer loop
      vertex 3.87724 6.575 16.7538
      vertex 4.56956 9.7 16.3388
      vertex 4.56956 6.575 16.3388
    endloop
  endfacet
  facet normal -0.514139 0 -0.857707
    outer loop
      vertex 4.56956 9.7 16.3388
      vertex 3.87724 6.575 16.7538
      vertex 3.87724 9.7 16.7538
    endloop
  endfacet
  facet normal -0.941549 0 -0.336876
    outer loop
      vertex 7.87083 6.575 11.8876
      vertex 7.59891 9.7 12.6476
      vertex 7.87083 9.7 11.8876
    endloop
  endfacet
  facet normal -0.941549 -0 -0.336876
    outer loop
      vertex 7.59891 9.7 12.6476
      vertex 7.87083 6.575 11.8876
      vertex 7.59891 6.575 12.6476
    endloop
  endfacet
  facet normal -0.903988 0 0.427557
    outer loop
      vertex 7.2538 6.585 5.62276
      vertex 7.59891 9.7 6.35243
      vertex 7.2538 9.7 5.62276
    endloop
  endfacet
  facet normal -0.903988 0 0.427557
    outer loop
      vertex 7.59891 9.7 6.35243
      vertex 7.2538 6.585 5.62276
      vertex 7.59891 6.585 6.35243
    endloop
  endfacet
  facet normal 0.0490608 0 -0.998796
    outer loop
      vertex -0.80619 6.575 17.6854
      vertex 0 9.7 17.725
      vertex 0 6.575 17.725
    endloop
  endfacet
  facet normal 0.0490608 0 -0.998796
    outer loop
      vertex 0 9.7 17.725
      vertex -0.80619 6.575 17.6854
      vertex -0.80619 9.7 17.6854
    endloop
  endfacet
  facet normal -0.857755 0 -0.514058
    outer loop
      vertex 7.2538 6.575 13.3772
      vertex 6.83884 9.7 14.0696
      vertex 7.2538 9.7 13.3772
    endloop
  endfacet
  facet normal -0.857755 -0 -0.514058
    outer loop
      vertex 6.83884 9.7 14.0696
      vertex 7.2538 6.575 13.3772
      vertex 6.83884 6.575 14.0696
    endloop
  endfacet
  facet normal -0.67156 0 0.740951
    outer loop
      vertex 5.21788 9.7 3.14199
      vertex 5.81595 6.585 3.68405
      vertex 5.81595 9.7 3.68405
    endloop
  endfacet
  facet normal -0.67156 0 0.740951
    outer loop
      vertex 5.81595 6.585 3.68405
      vertex 5.21788 9.7 3.14199
      vertex 5.21788 6.585 3.14199
    endloop
  endfacet
  facet normal -0.857732 0 0.514097
    outer loop
      vertex 6.83884 6.585 4.93043
      vertex 7.2538 9.7 5.62276
      vertex 6.83884 9.7 4.93043
    endloop
  endfacet
  facet normal -0.857732 0 0.514097
    outer loop
      vertex 7.2538 9.7 5.62276
      vertex 6.83884 6.585 4.93043
      vertex 7.2538 6.585 5.62276
    endloop
  endfacet
  facet normal -0.970031 0 0.242983
    outer loop
      vertex 8.04094 6.585 7.79152
      vertex 7.87083 9.7 7.11241
      vertex 7.87083 6.585 7.11241
    endloop
  endfacet
  facet normal -0.970029 1.12063e-06 0.242987
    outer loop
      vertex 7.87083 9.7 7.11241
      vertex 8.04094 6.585 7.79152
      vertex 8.06696 9.7 7.89538
    endloop
  endfacet
  facet normal -0.970022 0 0.243019
    outer loop
      vertex 8.06696 6.575 7.89538
      vertex 8.04094 6.585 7.79152
      vertex 8.04094 6.575 7.79152
    endloop
  endfacet
  facet normal -0.970022 0 0.243019
    outer loop
      vertex 8.04094 6.585 7.79152
      vertex 8.06696 6.575 7.89538
      vertex 8.06696 9.7 7.89538
    endloop
  endfacet
  facet normal 0.857755 0 -0.514058
    outer loop
      vertex -6.83884 6.575 14.0696
      vertex -7.2538 9.7 13.3772
      vertex -6.83884 9.7 14.0696
    endloop
  endfacet
  facet normal 0.857755 0 -0.514058
    outer loop
      vertex -7.2538 9.7 13.3772
      vertex -6.83884 6.575 14.0696
      vertex -7.2538 6.575 13.3772
    endloop
  endfacet
  facet normal -0.146687 0 -0.989183
    outer loop
      vertex 0.80619 6.575 17.6854
      vertex 1.60462 9.7 17.567
      vertex 1.60462 6.575 17.567
    endloop
  endfacet
  facet normal -0.146687 0 -0.989183
    outer loop
      vertex 1.60462 9.7 17.567
      vertex 0.80619 6.575 17.6854
      vertex 0.80619 9.7 17.6854
    endloop
  endfacet
  facet normal -0.595678 0 -0.803223
    outer loop
      vertex 4.56956 6.575 16.3388
      vertex 5.21788 9.7 15.858
      vertex 5.21788 6.575 15.858
    endloop
  endfacet
  facet normal -0.595678 0 -0.803223
    outer loop
      vertex 5.21788 9.7 15.858
      vertex 4.56956 6.575 16.3388
      vertex 4.56956 9.7 16.3388
    endloop
  endfacet
  facet normal -0.740967 0 -0.671541
    outer loop
      vertex 6.35801 6.575 14.7179
      vertex 5.81595 9.7 15.316
      vertex 6.35801 9.7 14.7179
    endloop
  endfacet
  facet normal -0.740967 -0 -0.671541
    outer loop
      vertex 5.81595 9.7 15.316
      vertex 6.35801 6.575 14.7179
      vertex 5.81595 6.575 15.316
    endloop
  endfacet
  facet normal -0.671519 0 -0.740988
    outer loop
      vertex 5.21788 6.575 15.858
      vertex 5.81595 9.7 15.316
      vertex 5.81595 6.575 15.316
    endloop
  endfacet
  facet normal -0.671519 0 -0.740988
    outer loop
      vertex 5.81595 9.7 15.316
      vertex 5.21788 6.575 15.858
      vertex 5.21788 9.7 15.858
    endloop
  endfacet
  facet normal -0.998795 0 0.0490731
    outer loop
      vertex 8.18539 6.575 8.69381
      vertex 8.225 9.7 9.5
      vertex 8.18539 9.7 8.69381
    endloop
  endfacet
  facet normal -0.998795 0 0.0490731
    outer loop
      vertex 8.225 9.7 9.5
      vertex 8.18539 6.575 8.69381
      vertex 8.225 6.575 9.5
    endloop
  endfacet
  facet normal -0.970032 0 -0.242979
    outer loop
      vertex 8.06696 6.575 11.1046
      vertex 7.87083 9.7 11.8876
      vertex 8.06696 9.7 11.1046
    endloop
  endfacet
  facet normal -0.970032 -0 -0.242979
    outer loop
      vertex 7.87083 9.7 11.8876
      vertex 8.06696 6.575 11.1046
      vertex 7.87083 6.575 11.8876
    endloop
  endfacet
  facet normal -0.989177 0 -0.146729
    outer loop
      vertex 8.18539 6.575 10.3062
      vertex 8.06696 9.7 11.1046
      vertex 8.18539 9.7 10.3062
    endloop
  endfacet
  facet normal -0.989177 -0 -0.146729
    outer loop
      vertex 8.06696 9.7 11.1046
      vertex 8.18539 6.575 10.3062
      vertex 8.06696 6.575 11.1046
    endloop
  endfacet
  facet normal -0.903973 0 -0.42759
    outer loop
      vertex 7.59891 6.575 12.6476
      vertex 7.2538 9.7 13.3772
      vertex 7.59891 9.7 12.6476
    endloop
  endfacet
  facet normal -0.903973 -0 -0.42759
    outer loop
      vertex 7.2538 9.7 13.3772
      vertex 7.59891 6.575 12.6476
      vertex 7.2538 6.575 13.3772
    endloop
  endfacet
  facet normal -0.803197 0 -0.595714
    outer loop
      vertex 6.83884 6.575 14.0696
      vertex 6.35801 9.7 14.7179
      vertex 6.83884 9.7 14.0696
    endloop
  endfacet
  facet normal -0.803197 -0 -0.595714
    outer loop
      vertex 6.35801 9.7 14.7179
      vertex 6.83884 6.575 14.0696
      vertex 6.35801 6.575 14.7179
    endloop
  endfacet
  facet normal -0.514121 0 0.857718
    outer loop
      vertex 4.47535 9.7 2.60469
      vertex 4.56956 6.585 2.66116
      vertex 4.56956 9.7 2.66116
    endloop
  endfacet
  facet normal -0.514121 0 0.857718
    outer loop
      vertex 4.56956 6.585 2.66116
      vertex 4.47535 9.7 2.60469
      vertex 4.47535 6.585 2.60469
    endloop
  endfacet
  facet normal -0.595702 0 0.803206
    outer loop
      vertex 4.56956 9.7 2.66116
      vertex 5.21788 6.585 3.14199
      vertex 5.21788 9.7 3.14199
    endloop
  endfacet
  facet normal -0.595702 0 0.803206
    outer loop
      vertex 5.21788 6.585 3.14199
      vertex 4.56956 9.7 2.66116
      vertex 4.56956 6.585 2.66116
    endloop
  endfacet
  facet normal -0.941546 0 0.336884
    outer loop
      vertex 7.59891 6.585 6.35243
      vertex 7.87083 9.7 7.11241
      vertex 7.59891 9.7 6.35243
    endloop
  endfacet
  facet normal -0.941546 0 0.336884
    outer loop
      vertex 7.87083 9.7 7.11241
      vertex 7.59891 6.585 6.35243
      vertex 7.87083 6.585 7.11241
    endloop
  endfacet
  facet normal -0.989178 0 0.146723
    outer loop
      vertex 8.06696 6.575 7.89538
      vertex 8.18539 9.7 8.69381
      vertex 8.06696 9.7 7.89538
    endloop
  endfacet
  facet normal -0.989178 0 0.146723
    outer loop
      vertex 8.18539 9.7 8.69381
      vertex 8.06696 6.575 7.89538
      vertex 8.18539 6.575 8.69381
    endloop
  endfacet
  facet normal -0.803206 0 0.595702
    outer loop
      vertex 6.35801 6.585 4.28211
      vertex 6.83884 9.7 4.93043
      vertex 6.35801 9.7 4.28211
    endloop
  endfacet
  facet normal -0.803206 0 0.595702
    outer loop
      vertex 6.83884 9.7 4.93043
      vertex 6.35801 6.585 4.28211
      vertex 6.83884 6.585 4.93043
    endloop
  endfacet
  facet normal -0.740945 0 0.671566
    outer loop
      vertex 5.81595 6.585 3.68405
      vertex 6.35801 9.7 4.28211
      vertex 5.81595 9.7 3.68405
    endloop
  endfacet
  facet normal -0.740945 0 0.671566
    outer loop
      vertex 6.35801 9.7 4.28211
      vertex 5.81595 6.585 3.68405
      vertex 6.35801 6.585 4.28211
    endloop
  endfacet
  facet normal -0.0490608 0 -0.998796
    outer loop
      vertex 0 6.575 17.725
      vertex 0.80619 9.7 17.6854
      vertex 0.80619 6.575 17.6854
    endloop
  endfacet
  facet normal -0.0490608 0 -0.998796
    outer loop
      vertex 0.80619 9.7 17.6854
      vertex 0 6.575 17.725
      vertex 0 9.7 17.725
    endloop
  endfacet
  facet normal 0.243069 0 -0.970009
    outer loop
      vertex -2.38759 6.575 17.3708
      vertex -1.60462 9.7 17.567
      vertex -1.60462 6.575 17.567
    endloop
  endfacet
  facet normal 0.243069 0 -0.970009
    outer loop
      vertex -1.60462 9.7 17.567
      vertex -2.38759 6.575 17.3708
      vertex -2.38759 9.7 17.3708
    endloop
  endfacet
  facet normal 0.989177 0 -0.146729
    outer loop
      vertex -8.06696 6.575 11.1046
      vertex -8.18539 9.7 10.3062
      vertex -8.06696 9.7 11.1046
    endloop
  endfacet
  facet normal 0.989177 0 -0.146729
    outer loop
      vertex -8.18539 9.7 10.3062
      vertex -8.06696 6.575 11.1046
      vertex -8.18539 6.575 10.3062
    endloop
  endfacet
  facet normal 0.941549 0 -0.336876
    outer loop
      vertex -7.59891 6.575 12.6476
      vertex -7.87083 9.7 11.8876
      vertex -7.59891 9.7 12.6476
    endloop
  endfacet
  facet normal 0.941549 0 -0.336876
    outer loop
      vertex -7.87083 9.7 11.8876
      vertex -7.59891 6.575 12.6476
      vertex -7.87083 6.575 11.8876
    endloop
  endfacet
  facet normal -0.427547 0 -0.903993
    outer loop
      vertex 3.14757 6.575 17.0989
      vertex 3.87724 9.7 16.7538
      vertex 3.87724 6.575 16.7538
    endloop
  endfacet
  facet normal -0.427547 0 -0.903993
    outer loop
      vertex 3.87724 9.7 16.7538
      vertex 3.14757 6.575 17.0989
      vertex 3.14757 9.7 17.0989
    endloop
  endfacet
  facet normal -0.336862 0 -0.941554
    outer loop
      vertex 2.38759 6.575 17.3708
      vertex 3.14757 9.7 17.0989
      vertex 3.14757 6.575 17.0989
    endloop
  endfacet
  facet normal -0.336862 0 -0.941554
    outer loop
      vertex 3.14757 9.7 17.0989
      vertex 2.38759 6.575 17.3708
      vertex 2.38759 9.7 17.3708
    endloop
  endfacet
  facet normal -0.243069 0 -0.970009
    outer loop
      vertex 1.60462 6.575 17.567
      vertex 2.38759 9.7 17.3708
      vertex 2.38759 6.575 17.3708
    endloop
  endfacet
  facet normal -0.243069 0 -0.970009
    outer loop
      vertex 2.38759 9.7 17.3708
      vertex 1.60462 6.575 17.567
      vertex 1.60462 9.7 17.567
    endloop
  endfacet
  facet normal -0.998795 0 -0.0490725
    outer loop
      vertex 8.225 6.575 9.5
      vertex 8.18539 9.7 10.3062
      vertex 8.225 9.7 9.5
    endloop
  endfacet
  facet normal -0.998795 -0 -0.0490725
    outer loop
      vertex 8.18539 9.7 10.3062
      vertex 8.225 6.575 9.5
      vertex 8.18539 6.575 10.3062
    endloop
  endfacet
  facet normal 0.146687 0 -0.989183
    outer loop
      vertex -1.60462 6.575 17.567
      vertex -0.80619 9.7 17.6854
      vertex -0.80619 6.575 17.6854
    endloop
  endfacet
  facet normal 0.146687 0 -0.989183
    outer loop
      vertex -0.80619 9.7 17.6854
      vertex -1.60462 6.575 17.567
      vertex -1.60462 9.7 17.567
    endloop
  endfacet
  facet normal 0.336862 0 -0.941554
    outer loop
      vertex -3.14757 6.575 17.0989
      vertex -2.38759 9.7 17.3708
      vertex -2.38759 6.575 17.3708
    endloop
  endfacet
  facet normal 0.336862 0 -0.941554
    outer loop
      vertex -2.38759 9.7 17.3708
      vertex -3.14757 6.575 17.0989
      vertex -3.14757 9.7 17.0989
    endloop
  endfacet
  facet normal 0.671519 0 -0.740988
    outer loop
      vertex -5.81595 6.575 15.316
      vertex -5.21788 9.7 15.858
      vertex -5.21788 6.575 15.858
    endloop
  endfacet
  facet normal 0.671519 0 -0.740988
    outer loop
      vertex -5.21788 9.7 15.858
      vertex -5.81595 6.575 15.316
      vertex -5.81595 9.7 15.316
    endloop
  endfacet
  facet normal 0.740967 0 -0.671541
    outer loop
      vertex -5.81595 6.575 15.316
      vertex -6.35801 9.7 14.7179
      vertex -5.81595 9.7 15.316
    endloop
  endfacet
  facet normal 0.740967 0 -0.671541
    outer loop
      vertex -6.35801 9.7 14.7179
      vertex -5.81595 6.575 15.316
      vertex -6.35801 6.575 14.7179
    endloop
  endfacet
  facet normal 0.427547 0 -0.903993
    outer loop
      vertex -3.87724 6.575 16.7538
      vertex -3.14757 9.7 17.0989
      vertex -3.14757 6.575 17.0989
    endloop
  endfacet
  facet normal 0.427547 0 -0.903993
    outer loop
      vertex -3.14757 9.7 17.0989
      vertex -3.87724 6.575 16.7538
      vertex -3.87724 9.7 16.7538
    endloop
  endfacet
  facet normal 0.998795 -0 0.0490731
    outer loop
      vertex -8.225 6.575 9.5
      vertex -8.18539 9.7 8.69381
      vertex -8.225 9.7 9.5
    endloop
  endfacet
  facet normal 0.998795 0 0.0490731
    outer loop
      vertex -8.18539 9.7 8.69381
      vertex -8.225 6.575 9.5
      vertex -8.18539 6.575 8.69381
    endloop
  endfacet
  facet normal 0.970032 0 -0.242979
    outer loop
      vertex -7.87083 6.575 11.8876
      vertex -8.06696 9.7 11.1046
      vertex -7.87083 9.7 11.8876
    endloop
  endfacet
  facet normal 0.970032 0 -0.242979
    outer loop
      vertex -8.06696 9.7 11.1046
      vertex -7.87083 6.575 11.8876
      vertex -8.06696 6.575 11.1046
    endloop
  endfacet
  facet normal 0.803197 0 -0.595714
    outer loop
      vertex -6.35801 6.575 14.7179
      vertex -6.83884 9.7 14.0696
      vertex -6.35801 9.7 14.7179
    endloop
  endfacet
  facet normal 0.803197 0 -0.595714
    outer loop
      vertex -6.83884 9.7 14.0696
      vertex -6.35801 6.575 14.7179
      vertex -6.83884 6.575 14.0696
    endloop
  endfacet
  facet normal 0.595678 0 -0.803223
    outer loop
      vertex -5.21788 6.575 15.858
      vertex -4.56956 9.7 16.3388
      vertex -4.56956 6.575 16.3388
    endloop
  endfacet
  facet normal 0.595678 0 -0.803223
    outer loop
      vertex -4.56956 9.7 16.3388
      vertex -5.21788 6.575 15.858
      vertex -5.21788 9.7 15.858
    endloop
  endfacet
  facet normal 0.514139 0 -0.857707
    outer loop
      vertex -4.56956 6.575 16.3388
      vertex -3.87724 9.7 16.7538
      vertex -3.87724 6.575 16.7538
    endloop
  endfacet
  facet normal 0.514139 0 -0.857707
    outer loop
      vertex -3.87724 9.7 16.7538
      vertex -4.56956 6.575 16.3388
      vertex -4.56956 9.7 16.3388
    endloop
  endfacet
  facet normal 0.803206 -0 0.595702
    outer loop
      vertex -6.83884 6.585 4.93043
      vertex -6.35801 9.7 4.28211
      vertex -6.83884 9.7 4.93043
    endloop
  endfacet
  facet normal 0.803206 0 0.595702
    outer loop
      vertex -6.35801 9.7 4.28211
      vertex -6.83884 6.585 4.93043
      vertex -6.35801 6.585 4.28211
    endloop
  endfacet
  facet normal 0.903988 -0 0.427557
    outer loop
      vertex -7.59891 6.585 6.35243
      vertex -7.2538 9.7 5.62276
      vertex -7.59891 9.7 6.35243
    endloop
  endfacet
  facet normal 0.903988 0 0.427557
    outer loop
      vertex -7.2538 9.7 5.62276
      vertex -7.59891 6.585 6.35243
      vertex -7.2538 6.585 5.62276
    endloop
  endfacet
  facet normal 0.998795 0 -0.0490725
    outer loop
      vertex -8.18539 6.575 10.3062
      vertex -8.225 9.7 9.5
      vertex -8.18539 9.7 10.3062
    endloop
  endfacet
  facet normal 0.998795 0 -0.0490725
    outer loop
      vertex -8.225 9.7 9.5
      vertex -8.18539 6.575 10.3062
      vertex -8.225 6.575 9.5
    endloop
  endfacet
  facet normal 0.514121 0 0.857718
    outer loop
      vertex -4.56956 9.7 2.66116
      vertex -4.47535 6.585 2.60469
      vertex -4.47535 9.7 2.60469
    endloop
  endfacet
  facet normal 0.514121 0 0.857718
    outer loop
      vertex -4.47535 6.585 2.60469
      vertex -4.56956 9.7 2.66116
      vertex -4.56956 6.585 2.66116
    endloop
  endfacet
  facet normal 0.67156 0 0.740951
    outer loop
      vertex -5.81595 9.7 3.68405
      vertex -5.21788 6.585 3.14199
      vertex -5.21788 9.7 3.14199
    endloop
  endfacet
  facet normal 0.67156 0 0.740951
    outer loop
      vertex -5.21788 6.585 3.14199
      vertex -5.81595 9.7 3.68405
      vertex -5.81595 6.585 3.68405
    endloop
  endfacet
  facet normal 0.595702 0 0.803206
    outer loop
      vertex -5.21788 9.7 3.14199
      vertex -4.56956 6.585 2.66116
      vertex -4.56956 9.7 2.66116
    endloop
  endfacet
  facet normal 0.595702 0 0.803206
    outer loop
      vertex -4.56956 6.585 2.66116
      vertex -5.21788 9.7 3.14199
      vertex -5.21788 6.585 3.14199
    endloop
  endfacet
  facet normal 0.903973 0 -0.42759
    outer loop
      vertex -7.2538 6.575 13.3772
      vertex -7.59891 9.7 12.6476
      vertex -7.2538 9.7 13.3772
    endloop
  endfacet
  facet normal 0.903973 0 -0.42759
    outer loop
      vertex -7.59891 9.7 12.6476
      vertex -7.2538 6.575 13.3772
      vertex -7.59891 6.575 12.6476
    endloop
  endfacet
  facet normal 0.740945 -0 0.671566
    outer loop
      vertex -6.35801 6.585 4.28211
      vertex -5.81595 9.7 3.68405
      vertex -6.35801 9.7 4.28211
    endloop
  endfacet
  facet normal 0.740945 0 0.671566
    outer loop
      vertex -5.81595 9.7 3.68405
      vertex -6.35801 6.585 4.28211
      vertex -5.81595 6.585 3.68405
    endloop
  endfacet
  facet normal 0.941546 -0 0.336884
    outer loop
      vertex -7.87083 6.585 7.11241
      vertex -7.59891 9.7 6.35243
      vertex -7.87083 9.7 7.11241
    endloop
  endfacet
  facet normal 0.941546 0 0.336884
    outer loop
      vertex -7.59891 9.7 6.35243
      vertex -7.87083 6.585 7.11241
      vertex -7.59891 6.585 6.35243
    endloop
  endfacet
  facet normal 0.989178 -0 0.146723
    outer loop
      vertex -8.18539 6.575 8.69381
      vertex -8.06696 9.7 7.89538
      vertex -8.18539 9.7 8.69381
    endloop
  endfacet
  facet normal 0.989178 0 0.146723
    outer loop
      vertex -8.06696 9.7 7.89538
      vertex -8.18539 6.575 8.69381
      vertex -8.06696 6.575 7.89538
    endloop
  endfacet
  facet normal 0.857732 -0 0.514097
    outer loop
      vertex -7.2538 6.585 5.62276
      vertex -6.83884 9.7 4.93043
      vertex -7.2538 9.7 5.62276
    endloop
  endfacet
  facet normal 0.857732 0 0.514097
    outer loop
      vertex -6.83884 9.7 4.93043
      vertex -7.2538 6.585 5.62276
      vertex -6.83884 6.585 4.93043
    endloop
  endfacet
  facet normal 0.970029 1.12063e-06 0.242987
    outer loop
      vertex -8.06696 9.7 7.89538
      vertex -8.04094 6.585 7.79152
      vertex -7.87083 9.7 7.11241
    endloop
  endfacet
  facet normal 0.970022 -0 0.243019
    outer loop
      vertex -8.06696 6.575 7.89538
      vertex -8.04094 6.585 7.79152
      vertex -8.06696 9.7 7.89538
    endloop
  endfacet
  facet normal 0.970022 0 0.243019
    outer loop
      vertex -8.04094 6.585 7.79152
      vertex -8.06696 6.575 7.89538
      vertex -8.04094 6.575 7.79152
    endloop
  endfacet
  facet normal 0.970031 0 0.242983
    outer loop
      vertex -7.87083 9.7 7.11241
      vertex -8.04094 6.585 7.79152
      vertex -7.87083 6.585 7.11241
    endloop
  endfacet
  facet normal 0 1 0
    outer loop
      vertex 1.93846 1.6 17.3646
      vertex -1.93846 1.6 17.3646
      vertex 0 1.6 17.6
    endloop
  endfacet
  facet normal 0 1 0
    outer loop
      vertex 3.76426 1.6 16.6722
      vertex -1.93846 1.6 17.3646
      vertex 1.93846 1.6 17.3646
    endloop
  endfacet
  facet normal 0 1 0
    outer loop
      vertex 3.76426 1.6 16.6722
      vertex -3.76426 1.6 16.6722
      vertex -1.93846 1.6 17.3646
    endloop
  endfacet
  facet normal 0 1 0
    outer loop
      vertex 5.37129 1.6 15.5629
      vertex -3.76426 1.6 16.6722
      vertex 3.76426 1.6 16.6722
    endloop
  endfacet
  facet normal 0 1 0
    outer loop
      vertex 5.37129 1.6 15.5629
      vertex -5.37129 1.6 15.5629
      vertex -3.76426 1.6 16.6722
    endloop
  endfacet
  facet normal 0 1 0
    outer loop
      vertex 6.66617 1.6 14.1013
      vertex -5.37129 1.6 15.5629
      vertex 5.37129 1.6 15.5629
    endloop
  endfacet
  facet normal 0 1 0
    outer loop
      vertex 6.66617 1.6 14.1013
      vertex -6.66617 1.6 14.1013
      vertex -5.37129 1.6 15.5629
    endloop
  endfacet
  facet normal 0 1 0
    outer loop
      vertex 7.57363 1.6 12.3723
      vertex -6.66617 1.6 14.1013
      vertex 6.66617 1.6 14.1013
    endloop
  endfacet
  facet normal 0 1 0
    outer loop
      vertex 7.57363 1.6 12.3723
      vertex -7.57363 1.6 12.3723
      vertex -6.66617 1.6 14.1013
    endloop
  endfacet
  facet normal 0 1 0
    outer loop
      vertex 8.04094 1.6 10.4763
      vertex -7.57363 1.6 12.3723
      vertex 7.57363 1.6 12.3723
    endloop
  endfacet
  facet normal 0 1 0
    outer loop
      vertex 8.04094 1.6 10.4763
      vertex -8.04094 1.6 10.4763
      vertex -7.57363 1.6 12.3723
    endloop
  endfacet
  facet normal 0 1 -0
    outer loop
      vertex 8.04094 1.6 -10.4763
      vertex -8.04094 1.6 10.4763
      vertex 8.04094 1.6 10.4763
    endloop
  endfacet
  facet normal 0 1 0
    outer loop
      vertex 8.04094 1.6 -10.4763
      vertex -8.04094 1.6 -10.4763
      vertex -8.04094 1.6 10.4763
    endloop
  endfacet
  facet normal 0 1 -0
    outer loop
      vertex 7.57363 1.6 -12.3723
      vertex -8.04094 1.6 -10.4763
      vertex 8.04094 1.6 -10.4763
    endloop
  endfacet
  facet normal 0 1 0
    outer loop
      vertex 7.57363 1.6 -12.3723
      vertex -7.57363 1.6 -12.3723
      vertex -8.04094 1.6 -10.4763
    endloop
  endfacet
  facet normal 0 1 -0
    outer loop
      vertex 6.66617 1.6 -14.1013
      vertex -7.57363 1.6 -12.3723
      vertex 7.57363 1.6 -12.3723
    endloop
  endfacet
  facet normal 0 1 0
    outer loop
      vertex 6.66617 1.6 -14.1013
      vertex -6.66617 1.6 -14.1013
      vertex -7.57363 1.6 -12.3723
    endloop
  endfacet
  facet normal 0 1 -0
    outer loop
      vertex 5.37129 1.6 -15.5629
      vertex -6.66617 1.6 -14.1013
      vertex 6.66617 1.6 -14.1013
    endloop
  endfacet
  facet normal 0 1 0
    outer loop
      vertex 5.37129 1.6 -15.5629
      vertex -5.37129 1.6 -15.5629
      vertex -6.66617 1.6 -14.1013
    endloop
  endfacet
  facet normal 0 1 -0
    outer loop
      vertex 3.76426 1.6 -16.6722
      vertex -5.37129 1.6 -15.5629
      vertex 5.37129 1.6 -15.5629
    endloop
  endfacet
  facet normal 0 1 0
    outer loop
      vertex 3.76426 1.6 -16.6722
      vertex -3.76426 1.6 -16.6722
      vertex -5.37129 1.6 -15.5629
    endloop
  endfacet
  facet normal 0 1 -0
    outer loop
      vertex 1.93846 1.6 -17.3646
      vertex -3.76426 1.6 -16.6722
      vertex 3.76426 1.6 -16.6722
    endloop
  endfacet
  facet normal 0 1 0
    outer loop
      vertex 1.93846 1.6 -17.3646
      vertex -1.93846 1.6 -17.3646
      vertex -3.76426 1.6 -16.6722
    endloop
  endfacet
  facet normal -0 1 0
    outer loop
      vertex -1.93846 1.6 -17.3646
      vertex 1.93846 1.6 -17.3646
      vertex 0 1.6 -17.6
    endloop
  endfacet
  facet normal -0.354589 0 0.935022
    outer loop
      vertex 1.93846 6.585 -17.3646
      vertex 3.76426 1.6 -16.6722
      vertex 3.76426 6.585 -16.6722
    endloop
  endfacet
  facet normal -0.354589 0 0.935022
    outer loop
      vertex 3.76426 1.6 -16.6722
      vertex 1.93846 6.585 -17.3646
      vertex 1.93846 1.6 -17.3646
    endloop
  endfacet
  facet normal -0.120551 0 0.992707
    outer loop
      vertex 0 6.585 -17.6
      vertex 1.93846 1.6 -17.3646
      vertex 1.93846 6.585 -17.3646
    endloop
  endfacet
  facet normal -0.120551 0 0.992707
    outer loop
      vertex 1.93846 1.6 -17.3646
      vertex 0 6.585 -17.6
      vertex 0 1.6 -17.6
    endloop
  endfacet
  facet normal 0.120551 0 0.992707
    outer loop
      vertex -1.93846 6.585 -17.3646
      vertex 0 1.6 -17.6
      vertex 0 6.585 -17.6
    endloop
  endfacet
  facet normal 0.120551 0 0.992707
    outer loop
      vertex 0 1.6 -17.6
      vertex -1.93846 6.585 -17.3646
      vertex -1.93846 1.6 -17.3646
    endloop
  endfacet
  facet normal 0 -1 0
    outer loop
      vertex -8.04094 6.585 -10.4763
      vertex -4.47535 6.585 2.60469
      vertex -4.56956 6.585 2.66116
    endloop
  endfacet
  facet normal 0 -1 0
    outer loop
      vertex -8.04094 6.585 -10.4763
      vertex -4.56956 6.585 2.66116
      vertex -5.21788 6.585 3.14199
    endloop
  endfacet
  facet normal 0 -1 0
    outer loop
      vertex -8.04094 6.585 -10.4763
      vertex -5.21788 6.585 3.14199
      vertex -5.81595 6.585 3.68405
    endloop
  endfacet
  facet normal 0 -1 0
    outer loop
      vertex -8.04094 6.585 -10.4763
      vertex -5.81595 6.585 3.68405
      vertex -6.35801 6.585 4.28211
    endloop
  endfacet
  facet normal 0 -1 0
    outer loop
      vertex -8.04094 6.585 -10.4763
      vertex -6.35801 6.585 4.28211
      vertex -6.83884 6.585 4.93043
    endloop
  endfacet
  facet normal 0 -1 0
    outer loop
      vertex -8.04094 6.585 -10.4763
      vertex -6.83884 6.585 4.93043
      vertex -7.2538 6.585 5.62276
    endloop
  endfacet
  facet normal 0 -1 0
    outer loop
      vertex -8.04094 6.585 -10.4763
      vertex -7.2538 6.585 5.62276
      vertex -7.59891 6.585 6.35243
    endloop
  endfacet
  facet normal 0 -1 0
    outer loop
      vertex -8.04094 6.585 -10.4763
      vertex -7.59891 6.585 6.35243
      vertex -7.87083 6.585 7.11241
    endloop
  endfacet
  facet normal 0 -1 0
    outer loop
      vertex -8.04094 6.585 -10.4763
      vertex -7.87083 6.585 7.11241
      vertex -8.04094 6.585 7.79152
    endloop
  endfacet
  facet normal 0 -1 -0
    outer loop
      vertex -4.47535 6.585 2.60469
      vertex -8.04094 6.585 -10.4763
      vertex -4.47535 6.585 -9.97038
    endloop
  endfacet
  facet normal 0 -1 0
    outer loop
      vertex -7.57363 6.585 -12.3723
      vertex -4.47535 6.585 -9.97038
      vertex -8.04094 6.585 -10.4763
    endloop
  endfacet
  facet normal 0 -1 -0
    outer loop
      vertex -4.47535 6.585 -9.97038
      vertex -7.57363 6.585 -12.3723
      vertex -3.89711 6.585 -11.75
    endloop
  endfacet
  facet normal 0 -1 0
    outer loop
      vertex -6.66617 6.585 -14.1013
      vertex -3.89711 6.585 -11.75
      vertex -7.57363 6.585 -12.3723
    endloop
  endfacet
  facet normal 0 -1 0
    outer loop
      vertex -5.37129 6.585 -15.5629
      vertex -3.89711 6.585 -11.75
      vertex -6.66617 6.585 -14.1013
    endloop
  endfacet
  facet normal 0 -1 0
    outer loop
      vertex -3.76426 6.585 -16.6722
      vertex -2.64503 6.585 -13.1406
      vertex -5.37129 6.585 -15.5629
    endloop
  endfacet
  facet normal 0 -1 -0
    outer loop
      vertex -3.89711 6.585 -11.75
      vertex -5.37129 6.585 -15.5629
      vertex -2.64503 6.585 -13.1406
    endloop
  endfacet
  facet normal 0 -1 0
    outer loop
      vertex 8.04094 6.585 -10.4763
      vertex 4.47535 6.585 2.60469
      vertex 4.47535 6.585 -9.97038
    endloop
  endfacet
  facet normal 0 -1 0
    outer loop
      vertex 4.47535 6.585 2.60469
      vertex 8.04094 6.585 -10.4763
      vertex 4.56956 6.585 2.66116
    endloop
  endfacet
  facet normal 0 -1 0
    outer loop
      vertex 4.56956 6.585 2.66116
      vertex 8.04094 6.585 -10.4763
      vertex 5.21788 6.585 3.14199
    endloop
  endfacet
  facet normal 0 -1 0
    outer loop
      vertex 5.21788 6.585 3.14199
      vertex 8.04094 6.585 -10.4763
      vertex 5.81595 6.585 3.68405
    endloop
  endfacet
  facet normal 0 -1 0
    outer loop
      vertex 5.81595 6.585 3.68405
      vertex 8.04094 6.585 -10.4763
      vertex 6.35801 6.585 4.28211
    endloop
  endfacet
  facet normal 0 -1 0
    outer loop
      vertex 6.35801 6.585 4.28211
      vertex 8.04094 6.585 -10.4763
      vertex 6.83884 6.585 4.93043
    endloop
  endfacet
  facet normal 0 -1 0
    outer loop
      vertex 6.83884 6.585 4.93043
      vertex 8.04094 6.585 -10.4763
      vertex 7.2538 6.585 5.62276
    endloop
  endfacet
  facet normal 0 -1 0
    outer loop
      vertex 7.2538 6.585 5.62276
      vertex 8.04094 6.585 -10.4763
      vertex 7.59891 6.585 6.35243
    endloop
  endfacet
  facet normal 0 -1 0
    outer loop
      vertex 7.59891 6.585 6.35243
      vertex 8.04094 6.585 -10.4763
      vertex 7.87083 6.585 7.11241
    endloop
  endfacet
  facet normal 0 -1 0
    outer loop
      vertex 7.87083 6.585 7.11241
      vertex 8.04094 6.585 -10.4763
      vertex 8.04094 6.585 7.79152
    endloop
  endfacet
  facet normal 0 -1 0
    outer loop
      vertex 7.57363 6.585 -12.3723
      vertex 4.47535 6.585 -9.97038
      vertex 3.89711 6.585 -11.75
    endloop
  endfacet
  facet normal 0 -1 0
    outer loop
      vertex 4.47535 6.585 -9.97038
      vertex 7.57363 6.585 -12.3723
      vertex 8.04094 6.585 -10.4763
    endloop
  endfacet
  facet normal 0 -1 0
    outer loop
      vertex 5.37129 6.585 -15.5629
      vertex 3.89711 6.585 -11.75
      vertex 2.64503 6.585 -13.1406
    endloop
  endfacet
  facet normal 0 -1 0
    outer loop
      vertex 3.76426 6.585 -16.6722
      vertex 2.64503 6.585 -13.1406
      vertex 0.935602 6.585 -13.9017
    endloop
  endfacet
  facet normal 0 -1 0
    outer loop
      vertex 3.89711 6.585 -11.75
      vertex 6.66617 6.585 -14.1013
      vertex 7.57363 6.585 -12.3723
    endloop
  endfacet
  facet normal 0 -1 -0
    outer loop
      vertex -2.64503 6.585 -13.1406
      vertex -3.76426 6.585 -16.6722
      vertex -0.935602 6.585 -13.9017
    endloop
  endfacet
  facet normal 0 -1 0
    outer loop
      vertex -1.93846 6.585 -17.3646
      vertex -0.935602 6.585 -13.9017
      vertex -3.76426 6.585 -16.6722
    endloop
  endfacet
  facet normal 0 -1 0
    outer loop
      vertex 3.89711 6.585 -11.75
      vertex 5.37129 6.585 -15.5629
      vertex 6.66617 6.585 -14.1013
    endloop
  endfacet
  facet normal 0 -1 0
    outer loop
      vertex 0 6.585 -17.6
      vertex -0.935602 6.585 -13.9017
      vertex -1.93846 6.585 -17.3646
    endloop
  endfacet
  facet normal 0 -1 0
    outer loop
      vertex 2.64503 6.585 -13.1406
      vertex 3.76426 6.585 -16.6722
      vertex 5.37129 6.585 -15.5629
    endloop
  endfacet
  facet normal 0 -1 0
    outer loop
      vertex -0.935602 6.585 -13.9017
      vertex 0 6.585 -17.6
      vertex 0.935602 6.585 -13.9017
    endloop
  endfacet
  facet normal 0 -1 0
    outer loop
      vertex 0.935602 6.585 -13.9017
      vertex 1.93846 6.585 -17.3646
      vertex 3.76426 6.585 -16.6722
    endloop
  endfacet
  facet normal 0 -1 -0
    outer loop
      vertex 0.935602 6.585 -13.9017
      vertex 0 6.585 -17.6
      vertex 1.93846 6.585 -17.3646
    endloop
  endfacet
  facet normal -0.748507 0 -0.663127
    outer loop
      vertex 6.66617 1.6 14.1013
      vertex 5.37129 6.575 15.5629
      vertex 6.66617 6.575 14.1013
    endloop
  endfacet
  facet normal -0.748507 -0 -0.663127
    outer loop
      vertex 5.37129 6.575 15.5629
      vertex 6.66617 1.6 14.1013
      vertex 5.37129 1.6 15.5629
    endloop
  endfacet
  facet normal -0.568081 0 -0.822973
    outer loop
      vertex 3.76426 1.6 16.6722
      vertex 5.37129 6.575 15.5629
      vertex 5.37129 1.6 15.5629
    endloop
  endfacet
  facet normal -0.568081 0 -0.822973
    outer loop
      vertex 5.37129 6.575 15.5629
      vertex 3.76426 1.6 16.6722
      vertex 3.76426 6.575 16.6722
    endloop
  endfacet
  facet normal -1 0 0
    outer loop
      vertex 8.04094 6.585 -10.4763
      vertex 8.04094 6.575 7.79152
      vertex 8.04094 6.585 7.79152
    endloop
  endfacet
  facet normal -1 0 0
    outer loop
      vertex 8.04094 1.6 -10.4763
      vertex 8.04094 6.575 7.79152
      vertex 8.04094 6.585 -10.4763
    endloop
  endfacet
  facet normal -1 0 0
    outer loop
      vertex 8.04094 1.6 10.4763
      vertex 8.04094 6.575 7.79152
      vertex 8.04094 1.6 -10.4763
    endloop
  endfacet
  facet normal -1 0 0
    outer loop
      vertex 8.04094 6.575 7.79152
      vertex 8.04094 1.6 10.4763
      vertex 8.04094 6.575 10.4763
    endloop
  endfacet
  facet normal -0.970943 0 0.23931
    outer loop
      vertex 7.57363 1.6 -12.3723
      vertex 8.04094 6.585 -10.4763
      vertex 7.57363 6.585 -12.3723
    endloop
  endfacet
  facet normal -0.970943 0 0.23931
    outer loop
      vertex 8.04094 6.585 -10.4763
      vertex 7.57363 1.6 -12.3723
      vertex 8.04094 1.6 -10.4763
    endloop
  endfacet
  facet normal 0.568081 0 -0.822973
    outer loop
      vertex -5.37129 1.6 15.5629
      vertex -3.76426 6.575 16.6722
      vertex -3.76426 1.6 16.6722
    endloop
  endfacet
  facet normal 0.568081 0 -0.822973
    outer loop
      vertex -3.76426 6.575 16.6722
      vertex -5.37129 1.6 15.5629
      vertex -5.37129 6.575 15.5629
    endloop
  endfacet
  facet normal -0.120551 0 -0.992707
    outer loop
      vertex 0 1.6 17.6
      vertex 1.93846 6.575 17.3646
      vertex 1.93846 1.6 17.3646
    endloop
  endfacet
  facet normal -0.120551 0 -0.992707
    outer loop
      vertex 1.93846 6.575 17.3646
      vertex 0 1.6 17.6
      vertex 0 6.575 17.6
    endloop
  endfacet
  facet normal -0.354589 0 -0.935022
    outer loop
      vertex 1.93846 1.6 17.3646
      vertex 3.76426 6.575 16.6722
      vertex 3.76426 1.6 16.6722
    endloop
  endfacet
  facet normal -0.354589 0 -0.935022
    outer loop
      vertex 3.76426 6.575 16.6722
      vertex 1.93846 1.6 17.3646
      vertex 1.93846 6.575 17.3646
    endloop
  endfacet
  facet normal -0.970943 0 -0.23931
    outer loop
      vertex 8.04094 1.6 10.4763
      vertex 7.57363 6.575 12.3723
      vertex 8.04094 6.575 10.4763
    endloop
  endfacet
  facet normal -0.970943 -0 -0.23931
    outer loop
      vertex 7.57363 6.575 12.3723
      vertex 8.04094 1.6 10.4763
      vertex 7.57363 1.6 12.3723
    endloop
  endfacet
  facet normal -0.885454 0 0.464728
    outer loop
      vertex 6.66617 1.6 -14.1013
      vertex 7.57363 6.585 -12.3723
      vertex 6.66617 6.585 -14.1013
    endloop
  endfacet
  facet normal -0.885454 0 0.464728
    outer loop
      vertex 7.57363 6.585 -12.3723
      vertex 6.66617 1.6 -14.1013
      vertex 7.57363 1.6 -12.3723
    endloop
  endfacet
  facet normal 0.970943 0 -0.23931
    outer loop
      vertex -7.57363 1.6 12.3723
      vertex -8.04094 6.575 10.4763
      vertex -7.57363 6.575 12.3723
    endloop
  endfacet
  facet normal 0.970943 0 -0.23931
    outer loop
      vertex -8.04094 6.575 10.4763
      vertex -7.57363 1.6 12.3723
      vertex -8.04094 1.6 10.4763
    endloop
  endfacet
  facet normal 0.748507 0 -0.663127
    outer loop
      vertex -5.37129 1.6 15.5629
      vertex -6.66617 6.575 14.1013
      vertex -5.37129 6.575 15.5629
    endloop
  endfacet
  facet normal 0.748507 0 -0.663127
    outer loop
      vertex -6.66617 6.575 14.1013
      vertex -5.37129 1.6 15.5629
      vertex -6.66617 1.6 14.1013
    endloop
  endfacet
  facet normal 0.354589 0 -0.935022
    outer loop
      vertex -3.76426 1.6 16.6722
      vertex -1.93846 6.575 17.3646
      vertex -1.93846 1.6 17.3646
    endloop
  endfacet
  facet normal 0.354589 0 -0.935022
    outer loop
      vertex -1.93846 6.575 17.3646
      vertex -3.76426 1.6 16.6722
      vertex -3.76426 6.575 16.6722
    endloop
  endfacet
  facet normal 1 0 0
    outer loop
      vertex -8.04094 6.575 10.4763
      vertex -8.04094 1.6 10.4763
      vertex -8.04094 6.575 7.79152
    endloop
  endfacet
  facet normal 1 -0 0
    outer loop
      vertex -8.04094 6.575 7.79152
      vertex -8.04094 6.585 -10.4763
      vertex -8.04094 6.585 7.79152
    endloop
  endfacet
  facet normal 1 0 0
    outer loop
      vertex -8.04094 1.6 -10.4763
      vertex -8.04094 6.575 7.79152
      vertex -8.04094 1.6 10.4763
    endloop
  endfacet
  facet normal 1 0 0
    outer loop
      vertex -8.04094 6.575 7.79152
      vertex -8.04094 1.6 -10.4763
      vertex -8.04094 6.585 -10.4763
    endloop
  endfacet
  facet normal 0.354589 0 0.935022
    outer loop
      vertex -3.76426 6.585 -16.6722
      vertex -1.93846 1.6 -17.3646
      vertex -1.93846 6.585 -17.3646
    endloop
  endfacet
  facet normal 0.354589 0 0.935022
    outer loop
      vertex -1.93846 1.6 -17.3646
      vertex -3.76426 6.585 -16.6722
      vertex -3.76426 1.6 -16.6722
    endloop
  endfacet
  facet normal -0.885454 0 -0.464728
    outer loop
      vertex 7.57363 1.6 12.3723
      vertex 6.66617 6.575 14.1013
      vertex 7.57363 6.575 12.3723
    endloop
  endfacet
  facet normal -0.885454 -0 -0.464728
    outer loop
      vertex 6.66617 6.575 14.1013
      vertex 7.57363 1.6 12.3723
      vertex 6.66617 1.6 14.1013
    endloop
  endfacet
  facet normal -0.748507 0 0.663127
    outer loop
      vertex 5.37129 1.6 -15.5629
      vertex 6.66617 6.585 -14.1013
      vertex 5.37129 6.585 -15.5629
    endloop
  endfacet
  facet normal -0.748507 0 0.663127
    outer loop
      vertex 6.66617 6.585 -14.1013
      vertex 5.37129 1.6 -15.5629
      vertex 6.66617 1.6 -14.1013
    endloop
  endfacet
  facet normal -0.568081 0 0.822973
    outer loop
      vertex 3.76426 6.585 -16.6722
      vertex 5.37129 1.6 -15.5629
      vertex 5.37129 6.585 -15.5629
    endloop
  endfacet
  facet normal -0.568081 0 0.822973
    outer loop
      vertex 5.37129 1.6 -15.5629
      vertex 3.76426 6.585 -16.6722
      vertex 3.76426 1.6 -16.6722
    endloop
  endfacet
  facet normal 0.885454 0 -0.464728
    outer loop
      vertex -6.66617 1.6 14.1013
      vertex -7.57363 6.575 12.3723
      vertex -6.66617 6.575 14.1013
    endloop
  endfacet
  facet normal 0.885454 0 -0.464728
    outer loop
      vertex -7.57363 6.575 12.3723
      vertex -6.66617 1.6 14.1013
      vertex -7.57363 1.6 12.3723
    endloop
  endfacet
  facet normal 0.120551 0 -0.992707
    outer loop
      vertex -1.93846 1.6 17.3646
      vertex 0 6.575 17.6
      vertex 0 1.6 17.6
    endloop
  endfacet
  facet normal 0.120551 0 -0.992707
    outer loop
      vertex 0 6.575 17.6
      vertex -1.93846 1.6 17.3646
      vertex -1.93846 6.575 17.3646
    endloop
  endfacet
  facet normal 0.568081 0 0.822973
    outer loop
      vertex -5.37129 6.585 -15.5629
      vertex -3.76426 1.6 -16.6722
      vertex -3.76426 6.585 -16.6722
    endloop
  endfacet
  facet normal 0.568081 0 0.822973
    outer loop
      vertex -3.76426 1.6 -16.6722
      vertex -5.37129 6.585 -15.5629
      vertex -5.37129 1.6 -15.5629
    endloop
  endfacet
  facet normal 0.885454 -0 0.464728
    outer loop
      vertex -7.57363 1.6 -12.3723
      vertex -6.66617 6.585 -14.1013
      vertex -7.57363 6.585 -12.3723
    endloop
  endfacet
  facet normal 0.885454 0 0.464728
    outer loop
      vertex -6.66617 6.585 -14.1013
      vertex -7.57363 1.6 -12.3723
      vertex -6.66617 1.6 -14.1013
    endloop
  endfacet
  facet normal 0.748507 -0 0.663127
    outer loop
      vertex -6.66617 1.6 -14.1013
      vertex -5.37129 6.585 -15.5629
      vertex -6.66617 6.585 -14.1013
    endloop
  endfacet
  facet normal 0.748507 0 0.663127
    outer loop
      vertex -5.37129 6.585 -15.5629
      vertex -6.66617 1.6 -14.1013
      vertex -5.37129 1.6 -15.5629
    endloop
  endfacet
  facet normal 0.970943 -0 0.23931
    outer loop
      vertex -8.04094 1.6 -10.4763
      vertex -7.57363 6.585 -12.3723
      vertex -8.04094 6.585 -10.4763
    endloop
  endfacet
  facet normal 0.970943 0 0.23931
    outer loop
      vertex -7.57363 6.585 -12.3723
      vertex -8.04094 1.6 -10.4763
      vertex -7.57363 1.6 -12.3723
    endloop
  endfacet
endsolid OpenSCAD_Model
