frequency_hz,s11_real,s11_imag,swr,return_loss_db,resistance_ohm,reactance_ohm
144000000,0.6263159673618973,-0.3467175542492729,6.03928919701154,2.903190504946801,93.80603394876279,-133.428436920371
144004000,0.6260196945734188,-0.3464733369107523,6.029949175733593,2.907771767974714,93.89113135146388,-133.30766275068552
144008000,0.6260407189101612,-0.34548893757184646,6.018656127263245,2.913330514796599,94.26987779410156,-133.2862943191133
144012000,0.6255328647165299,-0.34637235094284907,6.01823560142149,2.913537923412806,93.91542655930134,-133.1180227513241
144016000,0.6261759063528844,-0.34657147069722316,6.0345036132037455,2.9055360032624162,93.85804148567907,-133.37046449547012
144020000,0.6255965015345235,-0.346444230440331,6.020464935935393,2.912438727410102,93.88978423407136,-133.14455065594092
144024000,0.6258428112273854,-0.34559509541445266,6.015653539832504,2.9148120822550045,94.22302980125596,-133.2134547745314
144028000,0.6251577801954294,-0.34616706056000385,6.007720917071367,2.9187336056605746,93.98272781045661,-132.96815306328827
144032000,0.6255871108302076,-0.34649886698346083,6.020914852004536,2.9122169932426027,93.86857196030282,-133.14257767490164
144036000,0.6253399189939363,-0.3462197582011779,6.012263184023609,2.916486815770378,93.96808038584808,-133.0395110309853
144040000,0.625394192386778,-0.3460396846739357,6.0112868525890635,2.9169694543545024,94.03872927636917,-133.05484177408124
144044000,0.6246831978304433,-0.34624304427867286,5.998444115382345,2.9233331619995795,93.93909707364483,-132.78891558653683
144048000,0.625360245721879,-0.34651126360033824,6.016175049426601,2.9145546445094133,93.85706150561536,-133.0560667705773
144052000,0.6250881704512511,-0.34656265050931356,6.01093493984071,2.917143458042226,93.82923515846474,-132.95350274020507
144056000,0.6250257829167072,-0.34597223618601586,6.002572156410307,2.921284621003448,94.05327904157214,-132.91163181192871
144060000,0.6244519772927618,-0.3460114128853143,5.99075029956513,2.9271589693650366,94.02044514737685,-132.69333000499728
144064000,0.6244205586172583,-0.34623716283975997,5.9927537049490684,2.9261617880415187,93.93320772777726,-132.68837425876578
144068000,0.6248435345196398,-0.3462507638683355,6.001971879277576,2.921582328534405,93.94108005055546,-132.85045975609665
144072000,0.623858600912208,-0.3461241897075781,5.979424363562238,2.9328093045310837,93.95866467538981,-132.4703323882847
144076000,0.6243492645796563,-0.3456760863370049,5.984590112206047,2.930229463114369,94.14539750320905,-132.64346951602624
144080000,0.6239619566914141,-0.34632249743450355,5.9839721047543915,2.9305378626933862,93.88630033306418,-132.51601470829178
144084000,0.6246453233094901,-0.34555187740315535,5.98944488747491,2.9278090985465837,94.20233052262824,-132.7528045669994
144088000,0.6241923959896233,-0.3462169186380184,5.98763896412014,2.92870897611502,93.93381385924457,-132.60062061115136
144092000,0.6244511535317581,-0.3456805024327461,5.9868173263828455,2.9291185766572596,94.14694721949418,-132.68257806563395
144096000,0.623996245310985,-0.3462599023146955,5.983962510036556,2.930542651189369,93.91125206545316,-132.52712362775014
144100000,0.6243653127025267,-0.34639604415155334,5.993456708872359,2.925812035181887,93.87082274998554,-132.67220934247175
144104000,0.6238624621637655,-0.3462668807373131,5.981193386495157,2.931925315538579,93.90437291830823,-132.47632401043876
144108000,0.624321448446168,-0.3453642405556753,5.9803158388216024,2.9323637629461463,94.26379562763483,-132.6228394209455
144112000,0.6235184908122302,-0.3463481529171576,5.974832411844798,2.9351064374512017,93.86250298990944,-132.34783374113408
144116000,0.6241673373246198,-0.3466326196869155,5.992031764455876,2.9265210499318703,93.77444119058704,-132.60399146564185
144120000,0.6238264336154717,-0.3464593065176583,5.982702275558084,2.9311717416430656,93.82989176374744,-132.46865013912182
144124000,0.6241321508740423,-0.34562273865079846,5.979330663397207,2.932856141945748,94.15885138951549,-132.55876269774012
144128000,0.6231748749188851,-0.34624625696175443,5.966332737389125,2.9393680156365622,93.89028554036359,-132.2137762729713
144132000,0.6239442379949212,-0.34653920150996265,5.9861604119439855,2.929446143010881,93.80313050177475,-132.51604430420866
144136000,0.6236161864321536,-0.34650301614463874,5.978741289585129,2.9331507837987107,93.80662736640276,-132.38993901384794
144140000,0.6236446904420712,-0.34596986705459554,5.973050848419387,2.935998646469332,94.01068182627431,-132.38382767709817
144144000,0.6228693298919926,-0.3462909628843415,5.960384430997572,2.9423578238868027,93.86339945565271,-132.09902845357277
144148000,0.6232496222418604,-0.34641874566563907,5.96995308063566,2.9375513166889107,93.82706171016163,-132.24775143395914
144152000,0.6233076663176536,-0.34662283357599727,5.973596083516927,2.935725533961522,93.7512824552913,-132.27632314082257
144156000,0.623178936177651,-0.346264200312953,5.966630359325745,2.93921858249605,93.8835893400325,-132.2158997578542
144160000,0.6227692429610653,-0.3460671761384823,5.955634966835841,2.9447494681886783,93.9451997459674,-132.05367766349772
144164000,0.6229546577533339,-0.34658241480392343,5.965626205261468,2.93972282012817,93.75539941633426,-132.14085386637925
144168000,0.6231269572037841,-0.3464573197006448,5.967804798306044,2.938629057522709,93.80846560538512,-132.20233310994553
144172000,0.622663014542536,-0.34645463123731024,5.957944751500537,2.9435858609317123,93.79452622895883,-132.02596479695873
144176000,0.6226110066668121,-0.3457223543527261,5.948246080904617,2.948478035396543,94.07107536776294,-131.9820987102748
144180000,0.622332370644575,-0.34622806800073114,5.948297648425198,2.948451980449298,93.86970320040173,-131.893033744853
144184000,0.622886426895391,-0.34623408970430686,5.960077044022061,2.9425124932325253,93.88557360402457,-132.10367950493327
144188000,0.6223005082990426,-0.3461854825133024,5.947125956169416,2.949044103102966,93.88481118123387,-131.87953354342466
144192000,0.6224345858568353,-0.3453686907725364,5.940388267618721,2.9524537054942512,94.19965340063499,-131.90309185985708
144196000,0.6218002833773364,-0.34634727142435917,5.938488511144984,2.953416514958262,93.80684429399318,-131.6952550312607
144200000,0.6226449644345696,-0.3464078159182729,5.957012094464312,2.9440555966401445,93.81171558597443,-132.01758981419314
144204000,0.622181567205377,-0.3463213723972336,5.946212537901753,2.9495058718161764,93.82932302982772,-131.83890519637947
144208000,0.6225389220052525,-0.3454761467005452,5.943842979426527,2.9507044573504033,94.16230567818097,-131.94641982625063
144212000,0.6216523424735793,-0.346276587358857,5.934551728475935,2.955413722659789,93.8286611821272,-131.6368608812184
144216000,0.62247255329868,-0.3465794637116199,5.955386841996141,2.9448745220408794,93.74096450480666,-131.95773400517822
144220000,0.621928607737467,-0.3462935588166928,5.940558725348402,2.952367347344562,93.83147308772779,-131.74208285722395
144224000,0.6222660243064309,-0.34563475928404236,5.9399492121451365,2.9526761654702165,94.09278842336208,-131.84801856870163
144228000,0.6213227124461812,-0.34619116259189286,5.9266374754223365,2.9594370433440407,93.84985928260127,-131.5092076037073
144232000,0.6219769280058776,-0.3464669593307152,5.943608927694424,2.9508229002965702,93.7673713996775,-131.76614791541178
144236000,0.6217267095447566,-0.3464363774257755,5.937985304423929,2.953671649752945,93.77064716170936,-131.6703648912665
144240000,0.6218736658205103,-0.3458847297923197,5.93461918381115,2.955379478270247,93.98462547719522,-131.70752411491097
144244000,0.6211413446052304,-0.34609816725259746,5.921754379816994,2.9619249548925004,93.87885039882404,-131.43742585887645
144248000,0.621556120193719,-0.3464059132713641,5.934044201633914,2.9556713995371418,93.77647669634683,-131.6047751715033
144252000,0.621522246242689,-0.34627971727199575,5.931856784931938,2.9567824940077103,93.82309968906814,-131.58771368487743
144256000,0.6213237259852903,-0.3458836182664755,5.923070815139521,2.9612538222839553,93.9662964154234,-131.49908491667543
144260000,0.6208859162358771,-0.3462767446046715,5.918494319852463,2.963588290744891,93.80259817749072,-131.34699473094992
144264000,0.6211035730541199,-0.3463417592829067,5.923805754011214,2.9608792762531704,93.78546167285012,-131.43145781681633
144268000,0.6215770693057691,-0.3462707399846901,5.932902599448186,2.956251169156139,93.82834432422766,-131.60816425303997
144272000,0.6212981172011204,-0.34622490201218686,5.926516043098975,2.959498861308708,93.8362593613914,-131.50104888610966
144276000,0.6209058727927512,-0.34563272820479046,5.9114167522223395,2.9672058821381286,94.04676651933364,-131.33222945956456
144280000,0.6206067766963863,-0.346258715908829,5.912455146040594,2.966674564785311,93.7998016037702,-131.24097003551194
144284000,0.6212150217901498,-0.34634410800445514,5.926167174606089,2.9596764754828824,93.78835737433774,-131.4736677563043
144288000,0.6207671652625287,-0.3464070792123718,5.917532179013215,2.964079551273308,93.74931258648746,-131.30661417106228
144292000,0.6209912868528267,-0.34550703542592903,5.911739487813322,2.967040726696555,94.09733070423822,-131.360150353795
144296000,0.6203536826463916,-0.3464519336032676,5.909426644682062,2.9682247022756685,93.7181751055358,-131.15217343954734
144300000,0.6210023939330195,-0.3467135842322981,5.926031240378335,2.9597456874615276,93.64158863248372,-131.40581692958798
144304000,0.620298638647198,-0.34650239293913176,5.9088669254334185,2.9685113735050694,93.6972548087628,-131.13316863711856
144308000,0.6208014204171679,-0.34542870737645576,5.906870228837411,2.9695344766090908,94.12029106912166,-131.28552829890177
144312000,0.6199526706164006,-0.3463397731292362,5.899777661260637,2.9731744575752805,93.74648755260745,-130.99717334638655
144316000,0.620753794250732,-0.34663489777230294,5.919910491061887,2.962865505392502,93.66287906597391,-131.30933584509486
144320000,0.6201743247923328,-0.3464633940015387,5.9058241916368885,2.970070748148191,93.70764788901006,-131.0849757704832
144324000,0.6205950037603672,-0.3455012923184865,5.903411862053745,2.9713082222450495,94.08552834772593,-131.210017637957
144328000,0.6196105903611695,-0.34615291208161386,5.890512195559654,2.977943189279819,93.80476706809107,-130.8617896042405
144332000,0.6202751556714465,-0.3465789765651031,5.909269121803479,2.968305375065226,93.66758638091551,-131.1269615279479
144336000,0.6198691514502485,-0.3463909247767279,5.898636224785557,2.973761096798728,93.72430103231207,-130.96751746775314
144340000,0.6202785425498591,-0.34601306203527943,5.902761215321627,2.971642168579291,93.88106947933998,-131.10854928706308
144344000,0.6193576833536374,-0.34601298649341666,5.883657514749679,2.9814810960393934,93.84837896556202,-130.76162326521643
144348000,0.6196657835109333,-0.34648527348055747,5.895508959584277,2.9753695473307644,93.68166388479969,-130.89429887436242
144352000,0.6198906312911273,-0.34639417544689716,5.899120178623746,2.9735123410521007,93.72382968266098,-130.97571797322954
144356000,0.6198050497873031,-0.34606712340131796,5.893550865095687,2.97637755146499,93.8439746424461,-130.931961340556
144360000,0.61915647171632,-0.3457418041449671,5.8763702486220115,2.98525159425268,93.94311620627033,-130.67611498004598
144364000,0.6191322778126753,-0.3461682825575331,5.880792005216753,2.982962588914556,93.78188595254599,-130.68245383785998
144368000,0.6195874630101909,-0.34632059552716266,5.891975073115086,2.977189251708122,93.7408504391396,-130.85903351023686
144372000,0.6192998451084082,-0.3463211545773927,5.886024429191188,2.9802585012571035,93.73042979261918,-130.75090134349753
144376000,0.6192093209387743,-0.34566203210626906,5.876541813528618,2.9851627143075548,93.97505836237565,-130.69309198651808
144380000,0.6200730552489101,-0.34667270879254947,5.90615121361054,2.969903072890552,93.62531392246395,-131.05408109788456
144384000,0.6195112845428279,-0.34652918062256693,5.892813736280478,2.976757195458087,93.65972220001613,-130.8377457728853
144388000,0.6191059677049583,-0.34629517349061706,5.881714685485575,2.9824853930815367,93.73326568105176,-130.67712265136666
144392000,0.6186074586816811,-0.34524725343341217,5.859379552657174,2.994080251599604,94.10881775477904,-130.45135427503936
144396000,0.6185978489887175,-0.3462550091407481,5.870767920838515,2.988156844151735,93.73001246250395,-130.4849399696541
144400000,0.6192748635576373,-0.34651317332212567,5.887730444425933,2.979377911932116,93.65738965809786,-130.74833573311116
144404000,0.6185782423277608,-0.3459573383057301,5.866935479740699,2.9901475594518976,93.84098602418516,-130.46671738889287
144408000,0.6182553943613548,-0.34608424478554656,5.861757626514059,2.9928413909066554,93.78151977653707,-130.35028642443652
144412000,0.6180597422099132,-0.34658821256571753,5.863538875091607,2.9919141250913883,93.58561864713361,-130.2954634973398
144416000,0.618424140376379,-0.34653700415348776,5.870443008768981,2.9883255119536445,93.61800827150611,-130.43003920109015
144420000,0.6183581280950905,-0.3461299021068911,5.864394055226491,2.991469149504971,93.76817900593751,-130.39047701194076
144424000,0.6179108719192851,-0.34615620023532373,5.8555143135577365,2.9960960643932033,93.74184266844969,-130.22388342445393
144428000,0.6178587699752937,-0.3466614794017188,5.860256118851862,2.9936234827806456,93.55089106132614,-130.22296563377094
144432000,0.6177184488620153,-0.3464867352005709,5.855367985162371,2.9961724319350003,93.61107906481693,-130.1640996686205
144436000,0.6181044364673188,-0.3464019465448443,5.862311974278528,2.9925527514987986,93.65696481608377,-130.30539497942374
144440000,0.6176536614063908,-0.34616114287206573,5.850302183743398,2.9988186567503075,93.73043939297447,-130.12781382656044
144444000,0.6179464585974437,-0.3467261549003483,5.862801310282319,2.9922980093199887,93.52990213951136,-130.25810701652367
144448000,0.6175382498500078,-0.3465641363038778,5.852566262198315,2.9976353859381177,93.5755127718334,-130.09960749968562
144452000,0.6176356005282974,-0.34659722001335996,5.854940488257109,2.996395561447624,93.5667361986474,-130.137198237058
144456000,0.6172508384525238,-0.3459846412946387,5.840047922409188,3.004189654998769,93.78131671907903,-129.97057155865485
144460000,0.6172097115001139,-0.3463897635039638,5.843846932910153,3.0021975370734726,93.62843830480845,-129.97043621931138
144464000,0.6173341434695563,-0.3464924510207383,5.84756716867997,3.000249311013086,93.59473273838215,-130.02072186764738
144468000,0.6175112290217211,-0.34653924743074005,5.851727129435432,2.9980738302178644,93.58381344824039,-130.0885945705702
144472000,0.6172538868277925,-0.34589623039208367,5.839099107181455,3.0046876097019393,93.8144789453812,-129.96836396514237
144476000,0.6169152802632935,-0.34610164942585153,5.834544452767145,3.007080294329629,93.72490220731758,-129.84967333521
144480000,0.6172688530443924,-0.34644650108019553,5.845705578461524,3.001223875770985,93.60946135157708,-129.99463410025584
144484000,0.6172116641246365,-0.34654025442771286,5.845612414670468,3.0012726649314714,93.57233506234836,-129.97677530458213
144488000,0.6170210862324895,-0.34582146760593957,5.833499471693946,3.007629794386321,93.83356081567251,-129.878516294658
144492000,0.6172273087706593,-0.3460628490867287,5.840462454161468,3.003972153856504,93.75120177431363,-129.96473255678
144496000,0.6169713819364557,-0.34632996582110576,5.838298791878434,3.005107758705482,93.64181815705668,-129.87924041895442
144500000,0.6170310694518243,-0.34670506551411,5.843814620066646,3.002214469970027,93.5041400349306,-129.91553179298407
144504000,0.6167476379235991,-0.34600238046481974,5.829998395580337,3.009472303479509,93.75556371299892,-129.78332861479953
144508000,0.6165985387858746,-0.345851452399678,5.825246395956191,3.011976785913692,93.80615659882851,-129.72190550923233
144512000,0.6166258481551953,-0.34645581675824366,5.832700078738682,3.0080502896402974,93.58185961385787,-129.75514964901438
144516000,0.6166632824019688,-0.34628771181191553,5.831540394233551,3.0086605159507975,93.64593080313229,-129.7627344455691
144520000,0.6165713276470562,-0.34582895911102185,5.8244374097709155,3.0124035714841817,93.81349964803255,-129.71088621043904
144524000,0.6160045759935929,-0.3460523515375348,5.8154869824057,3.0171335890237305,93.70832605042682,-129.5083249857769
144528000,0.6159858678314553,-0.34632775609888394,5.818243100596257,3.0156754699475896,93.60512502536238,-129.51200632508198
144532000,0.6163828854055651,-0.34624961098758195,5.825405683470429,3.0118927672108304,93.6494458480656,-129.65679280513513
144536000,0.6162717412455843,-0.3461631873753621,5.822164165623164,3.0136034894051775,93.6773750753295,-129.61208088047576
144540000,0.6158811117821461,-0.3458598597202308,5.810800715533824,3.0196161218241944,93.77516844494308,-129.45486700830583
144544000,0.6158832296971054,-0.34622989479703636,5.815050223962914,3.0173647859827946,93.63756390737572,-129.47005308135206
144548000,0.6162111642710455,-0.3461928187362042,5.821272966040029,3.0140741671065188,93.66401136979377,-129.59066136614763
144552000,0.6163308101323475,-0.34618684116327675,5.823632521080189,3.0128283166451237,93.67083296519846,-129.6349906248028
144556000,0.6159365248935165,-0.3457597917348296,5.810785116319014,3.019624392342034,93.81459616642029,-129.4715796787068
144560000,0.6156210449971882,-0.34619897387518755,5.809395806478493,3.0203611714392364,93.63888157053961,-129.37137364332716
144564000,0.6158995924527326,-0.3464369122260367,5.817738855107772,3.015942133659517,93.56121413073123,-129.48412123918672
144568000,0.6157604668556077,-0.34629534345865365,5.813310609966272,3.0182860014397472,93.6084760293013,-129.42693877220717
144572000,0.6156876579047214,-0.3456905746658133,5.804971053539967,3.022710129425806,93.83057299931895,-129.3762078094307
144576000,0.6154129576244267,-0.3459059676528795,5.801869814524417,3.0243586776792637,93.73962026325245,-129.2825471448482
144580000,0.6155958975811101,-0.34623582440597606,5.809306435748766,3.0204085789762214,93.62420773442705,-129.3634632322302
144584000,0.6155372560382922,-0.34624807703446536,5.80826092998469,3.0209632889311306,93.61737124796343,-129.342151884306
144588000,0.6154216095047197,-0.34539252309328805,5.796232665714121,3.0273599141206384,93.93090566606905,-129.26534586377318
144592000,0.6150040568833706,-0.3457339436209744,5.791689578164964,3.0297830508209422,93.78727449265045,-129.1238059560434
144596000,0.61506050036848,-0.3460343573225583,5.796223553671284,3.0273647702727082,93.67799838458326,-129.15672171858824
144600000,0.6150045430284936,-0.34633518119915274,5.798505880725219,3.026148923379755,93.56419032419089,-129.1478353037246
144604000,0.6151222845002249,-0.34562432349790523,5.79282812753825,3.029175417363586,93.83272504210738,-129.16333237164943
144608000,0.6148937020647878,-0.3457930263072838,5.790139243251854,3.0306108465267156,93.76092324986853,-129.085203181134
144612000,0.6153090541182371,-0.3463991384617532,5.805369972755949,3.0224982047901925,93.5523853824611,-129.26330383636795
144616000,0.6128181215109427,-0.34270368435707405,5.7144240024829385,3.0716024679578515,94.81905230007594,-128.1827108799941
144620000,0.6150782467053726,-0.3457158837283078,5.792977300625463,3.0290958232827405,93.79694895157893,-129.15063609350796
144624000,0.6146736098073895,-0.3456703666215862,5.784335719252961,3.0337136779941023,93.79758953188994,-128.99860159575957
144628000,0.6105995339357396,-0.34505406008265727,5.696838608832341,3.081283907520414,93.85209432012596,-127.46967074343864
144632000,0.6146995204081283,-0.34633864741513587,5.7924089707546385,3.0293990888950537,93.55087494745096,-129.03491819481323
144636000,0.6148335231593296,-0.3459322253715092,5.79050335688559,3.030416388320295,93.70686652381704,-129.06843956286176
144640000,0.6144018878420731,-0.3459836879387072,5.782422865739704,3.034737784459372,93.67048941656579,-128.91050087907067
144644000,0.6142174198167781,-0.34593481436942514,5.778176978772556,3.0370134516237357,93.68114731731268,-128.84021617045082
144648000,0.6144646592980479,-0.34630380596417926,5.787298189767164,3.0321290032177344,93.55445703303901,-128.9465571253425
144652000,0.6144740161051929,-0.3461010625720633,5.7851942920464205,3.033254240955163,93.62990800627085,-128.9419283128315
144656000,0.6142576402063267,-0.3458097500378649,5.777572483576691,3.0373377231836027,93.72908936486952,-128.85004512602836
144660000,0.6141356207305799,-0.3458438703451835,5.775515576348131,3.038441641583027,93.71150189923516,-128.80624566603927
144664000,0.6143937561299923,-0.34616541573212095,5.784311793154807,3.0337264832734507,93.60286353188694,-128.914782229503
144668000,0.6143705854120967,-0.34605793763603665,5.782633597727495,3.0346249282097277,93.64173161461902,-128.90189264774884
144672000,0.6143759054597132,-0.345598385692438,5.777558890634987,3.0373450156989987,93.81221521071339,-128.88528005213544
144676000,0.6139389589333873,-0.34548702474594767,5.767573132771701,3.0427118784813247,93.83557953662988,-128.7188323624322
144680000,0.6141034940641825,-0.3461209496315414,5.777995775136784,3.037110648009169,93.60765907223801,-128.80556980402596
144684000,0.6138438606178608,-0.3462487001321637,5.7742440958113805,3.039124436031716,93.54994600152577,-128.71472738099766
144688000,0.6142435558568887,-0.34542312990853163,5.772939350925315,3.03982541602668,93.87177451807497,-128.8290562972192
144692000,0.613578973483639,-0.34542999058262036,5.759757648566095,3.0469257088074153,93.84178994117069,-128.58324142633603
144696000,0.6139129027194606,-0.3460242847757299,5.773095144786163,3.0397416979085454,93.63570220541922,-128.73116318563672
144700000,0.6138167751674025,-0.34604392612135304,5.771396033323005,3.040654992106013,93.62453488672793,-128.69641854873595
144704000,0.6140426425233044,-0.34548118432470637,5.76957740586091,3.041633142146703,93.84201030875303,-128.75699119200036
144708000,0.6133328979126583,-0.34547004343032756,5.755310778363259,3.0493285698266037,93.8167320262665,-128.49392252640928
144712000,0.6134896139430748,-0.3457206245561088,5.761237851207226,3.0461267314932368,93.73062838197626,-128.5622441326593
144716000,0.6134265494890005,-0.3461189891571445,5.764456181304218,3.0443910152397056,93.58089505869019,-128.5553216194754
144720000,0.6137744264191175,-0.3454409761667657,5.763774552949975,3.044758465598795,93.84583247937415,-128.65601914573904
144724000,0.6131676099141705,-0.3457042279961627,5.754648563844963,3.0496867242268264,93.72333933463634,-128.4426209984299
144728000,0.6131606904871244,-0.3457849107478697,5.75541518850057,3.049272108041211,93.69326649479974,-128.44341851540918
144732000,0.6132712125776629,-0.34586145412050384,5.758471152941588,3.0476204718048727,93.66958631316784,-128.48738871073095
144736000,0.6138235567941202,-0.34540172918154066,5.764313699270207,3.0444678166600436,93.86239459482029,-128.67258148824203
144740000,0.6126599962581771,-0.34549983799514555,5.742294103675877,3.0563841727900587,93.77747931784573,-128.24674790052532
144744000,0.6131204887031262,-0.34547162286339295,5.751108498367147,3.051602788127334,93.80726705782953,-128.4155104608125
144748000,0.6128940966176613,-0.3459980308399613,5.752508188046115,3.050844914057704,93.60358957212978,-128.35391756976702
144752000,0.6133467654111499,-0.345594703109325,5.7569829800069305,3.048424548621003,93.7712418422647,-128.50423892863827
144756000,0.6129178921248551,-0.3456276156147153,5.748832914630852,3.0528357348845114,93.74119370455077,-128.34725510418482
144760000,0.6129546362345288,-0.3454651917813539,5.747745502426828,3.0534252672592963,93.80268051464634,-128.35399995326586
144764000,0.6129416923845833,-0.3459085957575323,5.752450916617757,3.0508759167052135,93.63854032420132,-128.3677544251918
144768000,0.6129962028338,-0.34569084947683243,5.7510944484222914,3.051610397519737,93.72113532989707,-128.3787955667793
144772000,0.6125556558031003,-0.34532736345048365,5.73830522720261,3.058552925046638,93.83666308196374,-128.20095679178976
144776000,0.6124351791690176,-0.3451699606882409,5.7341704251563055,3.060804301771904,93.88957076764143,-128.14980827935932
144780000,0.6123559528664955,-0.3457655962295998,5.739245484500103,3.0580414270720824,93.66671338293237,-128.1459296963964
144784000,0.6123113186614281,-0.34572421248878304,5.737901082689364,3.0587728319298497,93.68006585591627,-128.127747879729
144788000,0.6123469455492594,-0.34520333342500925,5.732799426135565,3.0615515425487967,93.87348597727423,-128.1187040334347
144792000,0.6120543888428541,-0.3452090076022328,5.727091524213279,3.0646665080451525,93.85882441435818,-128.0111453324008
144796000,0.6121305553064779,-0.3456669615681489,5.733691721466566,3.061065169575354,93.69347951188635,-128.0587814780718
144800000,0.6121565653978244,-0.34569334063357715,5.734499358163831,3.060625076984438,93.684875691601,-128.0694740322186
144804000,0.6143997076754317,-0.34428033282832793,5.763245747244434,3.045043594470069,94.30255792052876,-128.83945800290397
144808000,0.614053638868332,-0.34426112757746113,5.75613417567793,3.04888335927614,94.29502478967935,-128.7100305655317
144812000,0.614067994566535,-0.3444011551097898,5.75798351420396,3.0478839013717507,94.24362887038448,-128.72130764172323
144816000,0.6145014082209257,-0.344399065863899,5.76660402101765,3.043233749385312,94.26269130104428,-128.88227657019584
144820000,0.6141568221817059,-0.3443218514287644,5.758867136047985,3.047406589791489,94.2768491808246,-128.75093997811967
144824000,0.6141185320557896,-0.3441824304557398,5.756547896686,3.0486597100870867,94.32702431505149,-128.73078946714517
144828000,0.6141030060360895,-0.3442812148011795,5.7573413608199235,3.0482308721983644,94.28966195044292,-128.72922276299408
144832000,0.6139551641377659,-0.3443710377625496,5.75540089964277,3.049279834890512,94.2500231644877,-128.67813673371845
144836000,0.6142355277322687,-0.34416492085918726,5.758682823783657,3.04750613844269,94.33850995294038,-128.77352743984687
144840000,0.6141164327799304,-0.34372592173170996,5.751418182886166,3.051435073999449,94.4966531661596,-128.71044407122983
144844000,0.6141906646684291,-0.34400138967343435,5.7559645146517004,3.0489750841720333,94.39739548451269,-128.74987762856267
144848000,0.6140959911767223,-0.34426553506548946,5.757026618774206,3.0484009639968535,94.29518869169269,-128.72595051239824
144852000,0.6143865587962986,-0.34403625045507824,5.7602565574838716,3.046656362629446,94.39278252097208,-128.82422183268534
144856000,0.6142432851157003,-0.34398758027221843,5.7568583877006105,3.0484918867114565,94.40477896003094,-128.7688550259046
144860000,0.6143588439280603,-0.3443085623263385,5.7627461163627585,3.045313042021021,94.2903362092059,-128.82545712654186
144864000,0.6142625338142075,-0.34445992389742186,5.762517605591885,3.0454362923874,94.2300202827407,-128.79604955559884
144868000,0.6146997588769848,-0.3443383383563349,5.769887500660219,3.0414663124880077,94.29360548622353,-128.95351480641173
144872000,0.6146942406247634,-0.34408775004623404,5.766972771913766,3.0430351541073057,94.38665363777486,-128.94091920007742
144876000,0.6145709404502842,-0.34437973190333626,5.767776483071593,3.042602396408294,94.27280161718647,-128.9073242165882
144880000,0.6142668085526327,-0.34448291396170655,5.762860004611023,3.045251618621208,94.22165912533312,-128.79860611804708
144884000,0.6140737893018238,-0.34428769036190654,5.756831859836057,3.0485062245477716,94.28601504324601,-128.7186448955985
144888000,0.6140229384573386,-0.3437695410393471,5.750044735223562,3.0521790263315114,94.47639799734186,-128.67755620517542
144892000,0.613471912073312,-0.3440345309081039,5.74205394979447,3.0565146565514123,94.3541664924079,-128.4843702309813
144896000,0.6133382529364392,-0.3441259789204524,5.740421741819256,3.0574017888983454,94.31446751816246,-128.43876536591506
144900000,0.6134086072317665,-0.34384951928150753,5.73874419372663,3.058314106676484,94.42005327328907,-128.4528492397171
144904000,0.6131556268120364,-0.3435037236210072,5.729906698336484,3.0631293869544085,94.53724849179996,-128.34381601498472
144908000,0.6128691382083583,-0.3436863723414796,5.7262716142354915,3.06511448251257,94.45686648846528,-128.24566910906506
144912000,0.6129217812659026,-0.34362529711068773,5.7266346434603825,3.064916117800722,94.4818275072639,-128.26247642310253
144916000,0.6128844878827814,-0.3437402396093274,5.727170640453329,3.064623288279617,94.43758632504377,-128.25373558507707
144920000,0.6130248830540546,-0.34352120742591685,5.727518090780607,3.0644334970545977,94.52498021912513,-128.29609329897974
144924000,0.6127399630346428,-0.3434930110745954,5.721586872503061,3.0676766263997313,94.52277888770521,-128.18922623158937
144928000,0.6128060636035982,-0.34346391572746077,5.722568177844742,3.067139579963202,94.53650463636885,-128.21242581945782
144932000,0.6126543071707207,-0.34365833263356405,5.721725779547941,3.0676005941399715,94.45773264080616,-128.16485236417748
144936000,0.6129401433522891,-0.34332900464604205,5.723721353399493,3.0665087155712056,94.59249767424738,-128.25612745205905
144940000,0.6128786984778736,-0.3433736948174684,5.723003411930528,3.0669014469093407,94.57318591318389,-128.23533301668581
144944000,0.6129107192650717,-0.3431640431934946,5.721319954209417,3.067822737678253,94.6523749936021,-128.23784158037242
144948000,0.6129603221798656,-0.34355549485897285,5.7266230502469675,3.064922452108576,94.50940798017488,-128.273673257547
144952000,0.6131853585910576,-0.3431285125894286,5.726344969482329,3.0650743979941852,94.67783997360418,-128.33819282014005
144956000,0.6131426731554583,-0.34322256728810485,5.72654149256275,3.0649670143993775,94.64101587464255,-128.32653631917324
144960000,0.6128925681327804,-0.34321109000073835,5.721481416271968,3.0677343515410564,94.63410944754419,-128.23321452481076
144964000,0.6126640698848996,-0.34324599353404295,5.717365950741079,3.0699888105239985,94.61092502450006,-128.15005471132358
144968000,0.6128882199005304,-0.3432565523695912,5.721897534216727,3.0675065876462626,94.61705221159427,-128.2336351098633
144972000,0.6126143638197787,-0.34299877088913416,5.713663997443704,3.072019609038337,94.70033282171067,-128.12048684738883
144976000,0.6125752808681474,-0.34310611502533167,5.7140775365823675,3.0717926171839904,94.65877282817178,-128.11084863305865
144980000,0.6124902777225384,-0.343346959805473,5.715059878698893,3.071253544930583,94.56571264838504,-128.09020026185178
144984000,0.612855247914746,-0.3431148450907486,5.719684163566979,3.0687184779945493,94.66813912221764,-128.2150561957139
144988000,0.6128620815237129,-0.343007922313738,5.718639826268166,3.069290621665731,94.70811690812572,-128.2127845237924
144992000,0.6124282346858388,-0.3431306090676006,5.71145683769,3.0732316936838044,94.64305252555616,-128.0574674222214
144996000,0.6123588706325712,-0.34311931472158536,5.709969972293935,3.0740487661765976,94.64409643326903,-128.03126264670382
145000000,0.6122362767293493,-0.3430701561049572,5.707022697477704,3.0756696711073737,94.65673806575147,-127.98363212334951
145004000,0.6125493766293918,-0.3428209872281488,5.7104304980729665,3.0737956479613566,94.7633096087658,-128.0883233139637
145008000,0.611972586626785,-0.34281461146127046,5.69904861873495,3.0800638248663392,94.73929106709068,-127.87432567971638
145012000,0.6122516641626761,-0.3429619845125393,5.706135556944374,3.0761579076826244,94.69749731470476,-127.98440701462859
145016000,0.6120027716366719,-0.34310030357114296,5.702775457825637,3.0780085545367535,94.6349471533921,-127.8985792879322
145020000,0.6127996285261779,-0.34286027927848783,5.715783697996959,3.070856462546216,94.76008739624753,-128.18294518710525
145024000,0.6118308385973346,-0.342887418879067,5.6970730020101135,3.0811544595150036,94.70582925354661,-127.82521957748412
145028000,0.6121393387229662,-0.34270352120315095,5.701095903109741,3.0789344490914594,94.78809558110811,-127.93096887055253
145032000,0.6109122455577536,-0.3429527018208819,5.679866974447476,3.0906861089810826,94.6391497416857,-127.48894465746842
145036000,0.6126350488077478,-0.34284493126181814,5.7123775766402645,3.0727259428823643,94.75832266832356,-128.121186576237
145040000,0.612293599242658,-0.3428561200455059,5.705795084120562,3.076345328026398,94.73862771078002,-127.99511233421194
145044000,0.6122208414109102,-0.34281682020311705,5.703936551411571,3.077368802913827,94.74986152702382,-127.96635960035825
145048000,0.6118665171273431,-0.34310482061886866,5.700156348550664,3.0794526464724403,94.62705428404924,-127.84838646101734
145052000,0.6126324810589227,-0.3422425899346689,5.7057114051730755,3.0763913943753334,94.98178052452165,-128.09267074248316
145056000,0.6120563812487284,-0.34270780138486806,5.699518023407049,3.079804805798105,94.78269381190412,-127.90043778673073
145060000,0.6120795431049928,-0.34280590689239315,5.701047631782372,3.0789610681317408,94.74742716104961,-127.91352494131092
145064000,0.6116038406747459,-0.3429415561152692,5.693228448322986,3.0832790752256765,94.6753535157133,-127.7437731423503
145068000,0.6122613791930138,-0.34266389098471994,5.703052858953148,3.0778556846951566,94.80838774398163,-127.97436966248868
145072000,0.6116696750395274,-0.34248320598388254,5.689498391825516,3.0853432481050316,94.84792820893566,-127.74686818025106
145076000,0.6119360980650996,-0.34271874132283664,5.697283503406195,3.0810382155584453,94.7731006306969,-127.85640348965056
145080000,0.6114180472108193,-0.34281875726584826,5.6882568526002215,3.086030922105947,94.7121386799808,-127.669427742233
145084000,0.6116481301190588,-0.3425295464013332,5.689584369424941,3.0852956375876794,94.82977618879944,-127.74105493187089
145088000,0.6116186889965868,-0.34235975084978576,5.687154435130182,3.0866417978924683,94.89123698760764,-127.72223170892657
145092000,0.6113651091522351,-0.3422669052577374,5.681198358395752,3.08994643344851,94.91368128314042,-127.6240460914134
145096000,0.611017925327076,-0.3425175579528205,5.677174626761605,3.0921829877362623,94.80468833248015,-127.50754201068274
145100000,0.6112255454414268,-0.34222105069243475,5.677981975139254,3.09173396821087,94.92405140744921,-127.5702674435609
145104000,0.6116023561138233,-0.3423781417401341,5.687036635064859,3.0867070881678718,94.88366613908724,-127.71704762384155
145108000,0.6108831157202119,-0.342023115227699,5.669175224346152,3.096639114458761,94.98093490521242,-127.43428262354816
145112000,0.6110206207030713,-0.3423646287977029,5.675560710381779,3.0930809879640595,94.8612979238498,-127.50132045687052
145116000,0.6106910341591354,-0.3423130232495429,5.668599568624837,3.0969602884323995,94.8647146262596,-127.37718053523434
145120000,0.6111994653027845,-0.3423428073315027,5.678801206058729,3.0912784747051174,94.87780688107073,-127.56637581870137
145124000,0.6108470412801703,-0.3421142001251481,5.669464950649748,3.096477493744878,94.9455604290153,-127.42530502913296
145128000,0.6111787960633339,-0.3423707395261817,5.678703466633914,3.09133281083289,94.86650826975756,-127.56005348147497
145132000,0.6110758015431699,-0.34237492944241044,5.676745730175978,3.092421578943111,94.8601000697506,-127.52219259482895
145136000,0.6114321139348791,-0.3423327078806237,5.683221333965722,3.08882321566287,94.89249358660258,-127.65192765509384
145140000,0.6108657657880837,-0.34206070529691635,5.669246973677886,3.096599088274563,94.96621686985426,-127.42966829210832
145144000,0.611364226068658,-0.34226696648672345,5.681181827989671,3.089955615034783,94.9136170233523,-127.6237223338168
145148000,0.6109520274719576,-0.34235275903344736,5.674098432522326,3.0938950701488004,94.86243657896613,-127.47542294296916
145152000,0.6113065605025695,-0.3421667707773641,5.67896717226256,3.0911862137907438,94.94795678094157,-127.5976624834173
145156000,0.6109143728399289,-0.3415052852188072,5.66416313214377,3.0994377576125776,95.17389937385623,-127.42093372572403
145160000,0.6110811616673021,-0.3421285821812548,5.674167782999599,3.093856451433963,94.95139405706311,-127.51250401379689
145164000,0.6105957704200436,-0.3421701049045756,5.6651998654403535,3.0988584490361153,94.91291150794426,-127.33520174186889
145168000,0.610886449894911,-0.34143493177118067,5.662859919707411,3.1001662806956225,95.1985756340573,-127.40719451044015
145172000,0.6108575431007478,-0.3417550797948351,5.665769500090189,3.098540240225793,95.07877493048473,-127.41197323462757
145176000,0.6111754361795037,-0.34199665504611104,5.674564899048285,3.0936353309606495,95.0046602388018,-127.54109020401839
145180000,0.6105579124837984,-0.34193941881862705,5.661963412196462,3.1006676481712696,94.99624491124072,-127.31015292169812
145184000,0.6110979242863891,-0.3420447409745877,5.673581470645049,3.0941829777939485,94.98318785405317,-127.51471393978476
145188000,0.6106635602174415,-0.34158213214453254,5.660137357858944,3.101689367231082,95.13333126947629,-127.33191059114249
145192000,0.6107917808425403,-0.34171000893470355,5.664006068669367,3.099525541049775,95.0922671383446,-127.38549049022535
145196000,0.6104860322710878,-0.3419112436346479,5.660266642296349,3.1016170072558746,95.0031809609959,-127.2822595359627
145200000,0.6110667809030621,-0.34186448213979787,5.671017068743098,3.095611951531465,95.0483620388895,-127.4945948016125
145204000,0.6129426983554197,-0.34000866556826076,5.687425979256433,3.0864913061390786,95.82864860406018,-128.10249025871488
145208000,0.6134612038874401,-0.34017053865302416,5.699341958018507,3.0799019541092236,95.79314582033629,-128.30415328137147
145212000,0.6134981410307497,-0.33995013992778494,5.697669513545927,3.080825074459748,95.87740070003184,-128.30738489209386
145216000,0.6133539744303184,-0.3393456446026668,5.688286138865442,3.0860146972202407,96.09677921724874,-128.22401483321573
145220000,0.612717518454912,-0.33971416730665044,5.679837445276407,3.090702518527106,95.9276790754683,-128.00398248414803
145224000,0.6133468453065452,-0.3403267215215218,5.6987979196695555,3.0802021794848327,95.7292594242062,-128.26886445274096
145228000,0.6130889858226278,-0.3398743185590941,5.688830086354244,3.085713376170452,95.88596922088875,-128.15064074023024
145232000,0.613678670786932,-0.3391939962020441,5.693003387742656,3.0834035421933987,96.16954200076204,-128.33832181944115
145236000,0.6125317028709897,-0.33962958196707776,5.675299886541163,3.0932261625967823,95.95012548007887,-127.93041513880912
145240000,0.6131896379732901,-0.34016325373386336,5.693937729771653,3.0828868823175632,95.78282062148034,-128.2022496534843
145244000,0.6129444496225185,-0.33978677650725675,5.685054878934314,3.0878058881856676,95.91165643513827,-128.09234061254892
145248000,0.6136818056300016,-0.33902761007875715,5.691262838837121,3.084366474258683,96.23213268429095,-128.33133718054316
145252000,0.6125806894195721,-0.339397099678549,5.673743871869422,3.094092527082407,96.03939357583542,-127.93721238157782
145256000,0.6131716727003097,-0.3401410535249511,5.693344533178904,3.0832148799025143,95.79025315179842,-128.19446457524657
145260000,0.6130270513977237,-0.3397716284860922,5.6865054168024365,3.0870015487133173,95.9213507334538,-128.1224828471232
145264000,0.6136536302828598,-0.33914540046163283,5.691986150608969,3.0839662392899347,96.18654783821418,-128.32654631902773
145268000,0.6125584077769394,-0.3393496594985119,5.672797988606563,3.094619419719499,96.05601525063705,-127.92653147697618
145272000,0.6127969593636983,-0.3399104398087671,5.683513077084403,3.088661299057456,95.8582489146748,-128.04326499308888
145276000,0.6129757198333693,-0.3399158351612715,5.687064931735263,3.086691404582278,95.86494215648169,-128.11031807235432
145280000,0.6135256282663134,-0.3392590899386226,5.6907096435534985,3.084672648377458,96.13763310557661,-128.28410895857803
145284000,0.6126604331631108,-0.339164970667643,5.672793050553222,3.0946221708772033,96.1301317492357,-127.95548426184733
145288000,0.6127331587231174,-0.3394964230869563,5.677788291695607,3.0918416762955365,96.00981660594326,-127.99910859876458
145292000,0.6129902854335277,-0.33964942361217065,5.684462984157219,3.0881342221524157,95.96525185570924,-128.10276278396026
145296000,0.6131313155965294,-0.3392268361698591,5.682646814739254,3.0891421223676585,96.13032881029204,-128.1347679696865
145300000,0.6126625542898292,-0.33886629496065807,5.66961644245648,3.096392992451528,96.24196803992528,-127.94134526958591
145304000,0.6121159914905511,-0.3392842534900426,5.663489946991645,3.099814039019833,96.05836843466062,-127.75804986330148
145308000,0.612687540124124,-0.3394723375994548,5.676638529263982,3.09248121963197,96.01656607125656,-127.98086854303679
145312000,0.6125423371940384,-0.3391055374959856,5.669853266443315,3.0962609026769212,96.14646192496276,-127.90836078784749
145316000,0.6127601525539421,-0.3388541952169631,5.671386277441104,3.0954061334434684,96.25139071318256,-127.97726687045156
145320000,0.6120935006772164,-0.3391784674142758,5.66191514364647,3.100694646773028,96.09672249236307,-127.74434693855098
145324000,0.6125672476621365,-0.33979244837955136,5.6777532126893915,3.0918611846727364,95.89106384176094,-127.95170640673965
145328000,0.6121030890687386,-0.33927653408539515,5.663156345349687,3.1000005421375123,96.06060264140481,-127.75284781626293
145332000,0.6128790546978192,-0.33864222201450916,5.6714199665186005,3.095387354597874,96.33674201439892,-128.01115537532465
145336000,0.6115600600297265,-0.33914332518159085,5.651201284702421,3.106699133306465,96.08289399977774,-127.54362599022622
145340000,0.6121896266435393,-0.3397453764184582,5.669891062479975,3.096239822800438,95.89000830697505,-127.80848371579405
145344000,0.6117911153592479,-0.3393125445032323,5.657492020773664,3.1031707012055527,96.03149980939037,-127.6382940689297
145348000,0.6126423395137571,-0.3388134094824388,5.668653840062237,3.0969300060478777,96.26074354134465,-127.9311247658662
145352000,0.6116927467284278,-0.33911195254482174,5.653432303420222,3.1054468420968018,96.10131404116538,-127.59149219191501
145356000,0.6119620236258537,-0.33968105496483897,5.664774032771216,3.0990963704562984,95.90269418186894,-127.7204400069425
145360000,0.6117403290086713,-0.33931277513294783,5.6565104164739965,3.1037207431012215,96.02885639640766,-127.61937490660065
145364000,0.6129910454233266,-0.3390399100931158,5.677889149151047,3.0917855881424714,96.19338137744226,-128.07298201312503
145368000,0.6112887424192692,-0.3387463272785759,5.641708548648433,3.112038924166728,96.21696969273374,-127.42224595573873
145372000,0.611733162947433,-0.3395501596906033,5.658924112371127,3.1023685820996816,95.94004160121472,-127.62862985446446
145376000,0.6117669475282078,-0.33921569162433546,5.655983047750027,3.1040163355099324,96.0663891960939,-127.62440219543738
145380000,0.611981454545371,-0.3388440452160808,5.65614936405551,3.103923108371984,96.21591241029711,-127.68562692800069
145384000,0.6111316228962509,-0.33886865807045297,5.639986171842757,3.113009773193024,96.16332502825409,-127.3700118799462
145388000,0.6110499585322756,-0.33929374074246893,5.642959969063661,3.1113339220678315,96.00096495429129,-127.36137876324734
145392000,0.6115536860532822,-0.3397081545646021,5.65714626809038,3.1033644212170337,95.87222570783926,-127.5697125143486
145396000,0.6115261036214362,-0.3392203554569338,5.651370873526213,3.106603905703774,96.05247207800633,-127.53487932014131
145400000,0.6114336410137812,-0.3386704504087332,5.643693647623658,3.1109207458995063,96.25270280846067,-127.47235469088228
145404000,0.6107941402392643,-0.33916797602381654,5.636684037582868,3.1148727943036194,96.03464278359729,-127.25983687070504
145408000,0.6112543771027649,-0.3394910952139286,5.649022748793401,3.1079229508296558,95.93793498224221,-127.44742696042559
145412000,0.6111159385524936,-0.3389989210363635,5.641076740348863,3.1123949833277504,96.11402626900251,-127.37085975984867
145416000,0.6113440873939546,-0.3386559962214609,5.641810741702988,3.1119813404252605,96.25348390225825,-127.43822410848938
145420000,0.6105018370624292,-0.339056985491102,5.62987655193061,3.1187206102035816,96.06082975061162,-127.14551529607353
145424000,0.6124893559473916,-0.3408517386201225,5.687720676417067,3.0863279995819584,95.49231517739891,-127.97405528130666
145428000,0.6107891269980398,-0.3389502654710526,5.634261345992073,3.116241079294244,96.11532323702701,-127.24677298604024
145432000,0.6114386367163254,-0.3385427934107367,5.642425463513617,3.111635002422986,96.30056554786887,-127.46764557233337
145436000,0.6090874291808523,-0.3388261209973011,5.600373107599612,3.135508602343174,96.07231804880574,-126.60917198403034
145440000,0.6105819090196731,-0.3393886330365604,5.634958774274474,3.115847062025163,95.94179614131747,-127.19231037934591
145444000,0.6107922913525461,-0.3389238271733751,5.634039935857877,3.116366187651626,96.12531801723435,-127.24658563787052
145448000,0.6115981605556061,-0.3385095047892995,5.645149849059939,3.1101010043952955,96.32120283537343,-127.52544628220818
145452000,0.6102291642651962,-0.3386723489491606,5.620547075627927,3.1240095728097157,96.18950165364633,-127.02423418470939
145456000,0.6105929772837041,-0.3396646195509732,5.6381254756742445,3.1140592766168322,95.8399285347367,-127.21050456550859
145460000,0.6104696631499392,-0.3391656961317275,5.630418628983292,3.1184138582792724,96.01879834250347,-127.1391794247252
145464000,0.6117707802808287,-0.33860567358274746,5.649515524310186,3.1076460432609854,96.29416972351652,-127.59481606328438
145468000,0.6100500569340165,-0.3385617178483359,5.615941583474294,3.126627157404837,96.22117874589867,-126.9519186816327
145472000,0.6103807989026072,-0.3390798868186696,5.627796121191401,3.1198984560601244,96.04606652735819,-127.10175363259295
145476000,0.6105798710878705,-0.3390936681933134,5.631767816763184,3.117650641250846,96.05123234170648,-127.17639495743218
145480000,0.6112148168466977,-0.3385749962729573,5.638452527841025,3.1138747549483474,96.27700416472365,-127.38586316022779
145484000,0.6099746787339918,-0.33849185114695574,5.613757899008985,3.1278698298153955,96.24314301169541,-126.9202523438624
145488000,0.6102121516388082,-0.3390835352634249,5.624598644381266,3.1217104770189246,96.03597469761942,-127.03934918520929
145492000,0.6101012147785804,-0.33921698277891515,5.6238936757432025,3.1221102714075077,95.98072479412339,-127.00511744457036
145496000,0.6104923795030847,-0.33874952342991493,5.626416934541227,3.1206797849890355,96.17457235656671,-127.12605381170131
145500000,0.6099024912585216,-0.33826138017677787,5.609934233807952,3.130048174892268,96.32488772909818,-126.8812472992704
145504000,0.6095300563846938,-0.33878647542421514,5.608389582302187,3.1309290340391573,96.11041878475622,-126.7709195348761
145508000,0.6100004160904429,-0.3390359351963989,5.620033370965855,3.1243013232536065,96.0426236470045,-126.95833413550606
145512000,0.6100295816682582,-0.33865130629600015,5.616501364225116,3.1263087628787423,96.18684548296027,-126.9490296158354
145516000,0.6104588544953002,-0.3383357011442881,5.621370939540789,3.12354178729404,96.32667537744106,-127.091935938618
145520000,0.6092748185475143,-0.33862386924049687,5.601799903433846,3.1346925268798973,96.15712085429718,-126.66777604850013
145524000,0.6097892492974596,-0.3393724724972434,5.6195738929856525,3.1245623231794366,95.9069382149564,-126.8975759569966
145528000,0.60965373046334,-0.3388725409044279,5.61166456922918,3.1290620216549776,96.08504645627512,-126.82127317251096
145532000,0.6105501611543847,-0.33822642757053367,5.621960762038112,3.123206976204744,96.37213402572425,-127.1201552788971
145536000,0.6090387837282805,-0.33845323291907864,5.595503593384351,3.138297025187065,96.20769219691414,-126.57129158123767
145540000,0.6094175557016568,-0.33916579041126094,5.610269099118268,3.1298572793351016,95.9640674189139,-126.74921523089179
145544000,0.6101432928339373,-0.3385778960400613,5.617898146759169,3.1255145805916063,96.22007503776906,-126.98738909734821
145548000,0.6101326561477414,-0.3382710383200205,5.6144368961991,3.1274833249744693,96.33350459265291,-126.96725519622518
145552000,0.6089716571803362,-0.3384517786812263,5.594212293380207,3.1390373016259847,96.20463299030405,-126.54637188237065
145556000,0.6092987313838136,-0.3392863196458315,5.609281830561546,3.130420155855411,95.91326055869375,-126.71157515773538
145560000,0.6092087338204075,-0.3388521285918714,5.602958620225358,3.134030098796185,96.06912691662752,-126.65542672212405
145564000,0.6100234054122935,-0.3384007867589249,5.613723500776453,3.127889412854178,96.27952801725722,-126.93353410118857
145568000,0.6088650527600643,-0.3383401078323539,5.591008511049305,3.140875491318116,96.24022492993862,-126.5009271643299
145572000,0.6088992915317777,-0.3390533946467189,5.599199980083757,3.1361799105573147,95.97832699161778,-126.55166876379688
145576000,0.6088367650888602,-0.3387265038796529,5.594551917200105,3.1388425678767904,96.09581027767192,-126.51118159932051
145580000,0.6096058336883153,-0.33830525655318994,5.604736351933897,3.133014335372764,96.29281890585573,-126.77348665174857
145584000,0.608596500366092,-0.33825699623825534,5.585038315581211,3.1443067402555718,96.25646476672608,-126.39711320591657
145588000,0.6087734531439992,-0.3388130907661335,5.594264439863524,3.1390074002508155,96.06043084965175,-126.4924029631824
145592000,0.6086980436944556,-0.33889911458079064,5.593741606049136,3.1393072250510663,96.02463084442458,-126.46913030386274
145596000,0.6089592785681391,-0.33860738767695014,5.595621202026474,3.1382296200435316,96.14640048624061,-126.55012170045391
145600000,0.6089645479015107,-0.33841488440894507,5.593687567581123,3.1393382173061593,96.21790410573418,-126.54176200882479
145604000,0.6069873567511921,-0.3395008620462593,5.567745004451532,3.1542886290913428,95.71146889072898,-125.87169941785133
145608000,0.60797397309237,-0.339157560037305,5.5827456715254185,3.1456264058130983,95.89063867073462,-126.21588784335744
145612000,0.6075038516949646,-0.3390958962121603,5.5732137992108575,3.15112506071009,95.8880604022837,-126.03956192283353
145616000,0.6068858540354987,-0.3395485891893154,5.566337300528116,3.155103992032196,95.68849531213041,-125.83704644608521
145620000,0.6067822750981227,-0.3395405026064733,5.564304115565703,3.1562823953862207,95.68587216426994,-125.79863806918249
145624000,0.6075024189029405,-0.33927853204560554,5.575110765534467,3.150029208599581,95.82083128312344,-126.04887255897204
145628000,0.6069415851358171,-0.33914318441300856,5.56312225449332,3.1569677933316367,95.8402340623842,-125.83554892863981
145632000,0.6070009297815282,-0.3393485798207997,5.566397800904941,3.1550689405547594,95.76807154570008,-125.8684607949615
145636000,0.6066453627771822,-0.3396130246121514,5.56249370633212,3.1573324305327994,95.65190462041372,-125.7523852213783
145640000,0.6071024308346388,-0.33941881169477794,5.569047744381833,3.1535344423328944,95.74777576179812,-125.90950094528566
145644000,0.60650127423651,-0.33903159412424105,5.553685342493257,3.1624513659532645,95.85713332235963,-125.66794550281027
145648000,0.6065391061965709,-0.33909646805175275,5.555074624858162,3.161642877251463,95.83542309764827,-125.68536713066996
145652000,0.6064358254199375,-0.3394003248311143,5.5563252604883235,3.1609154309727368,95.71845127465726,-125.66410484205437
145656000,0.606774041112683,-0.33914413194954496,5.559983782256297,3.158789352412661,95.83077007557331,-125.77412251409014
145660000,0.6067001360339183,-0.3390540714257227,5.557651114780914,3.1601446024005457,95.85977441447213,-125.74209884987194
145664000,0.6067837233196183,-0.33904139910848535,5.559087422616091,3.159309986854101,95.86898868327197,-125.77207237511023
145668000,0.6065391232052848,-0.3395986729251249,5.560347311407041,3.1585782524595025,95.65141808380857,-125.71269777536443
145672000,0.6063036972104436,-0.3393147633450909,5.552950803848518,3.162878997481741,95.74257817375212,-125.6110562175235
145676000,0.6068629569348011,-0.33892872972033694,5.559393426971814,3.159132230200126,95.91466860317125,-125.79499731607605
145680000,0.6065428501405455,-0.3388359050268748,5.552414960631559,3.1631910268630445,95.93117413211814,-125.67244355923742
145684000,0.6062255698687881,-0.3393286523627876,5.551632944142805,3.163646518282493,95.73322403146395,-125.58321396999509
145688000,0.6061644361079885,-0.3392324868741832,5.549480727251622,3.1649007783442427,95.76507657976188,-125.5555718201136
145692000,0.6070895188531537,-0.33894814218725555,5.563855539335387,3.156542503245365,95.91990283862067,-125.87925837694925
145696000,0.6064654228300557,-0.33886178976855924,5.551235158288422,3.1638782625555075,95.91741993217634,-125.64547296507308
145700000,0.6062811543225394,-0.3394859756969475,5.554324377469544,3.1620794295522447,95.67867503539624,-125.61214093659338
145704000,0.6059022375689322,-0.339286870211194,5.545146324397525,3.16742981783573,95.73078572034474,-125.46263108794572
145708000,0.6068060043446475,-0.339015125095936,5.5592301655707415,3.1592270655505317,95.87984640789726,-125.77881383086675
145712000,0.6062047332958791,-0.33881232971395275,5.545838407196292,3.167025726902233,95.92116409145892,-125.54719099136852
145716000,0.6059733710794923,-0.3393014586461777,5.546628742455936,3.1665643961340644,95.72935792151493,-125.48944685745182
145720000,0.605926707182995,-0.3391534716288135,5.544207980167009,3.167977861585719,95.7809217309027,-125.46423876850574
145724000,0.6067318196101845,-0.3390942218249443,5.558667102466607,3.1595541820463757,95.84677656078995,-125.75591331730931
145728000,0.6058811754906352,-0.3387960284442165,5.539623303870322,3.1706583198968685,95.90919531719031,-125.42779693026552
145732000,0.6061469763544423,-0.3392699060814533,5.549545913763703,3.1648627744521822,95.75042377927511,-125.5512326126696
145736000,0.6059993466328234,-0.3392102548169511,5.546159745337336,3.1668381405245767,95.76414737842329,-125.49393802484929
145740000,0.6065131721911209,-0.33935141141189207,5.557262723437016,3.1603703669911694,95.74057762218928,-125.68977465262519
145744000,0.6058188767433379,-0.3388592040287536,5.53912005484185,3.1709528268026195,95.88261432961741,-125.40850806084943
145748000,0.6060596153191569,-0.33886238770878474,5.543648671480813,3.168304619309128,95.8947982764795,-125.49680515317692
145752000,0.6057080867444763,-0.33922434253445627,5.540866328558703,3.169931125060316,95.7429514783643,-125.38820917242508
145756000,0.6062103693907709,-0.33918667311510303,5.549860640615519,3.164679300928711,95.78436706864095,-125.56987440655173
145760000,0.6060449965151959,-0.33884152237147314,5.543157519289533,3.168591615045493,95.90162932530316,-125.4902965053242
145764000,0.6059738473555687,-0.338791214466928,5.5413031250734095,3.1696756702481546,95.91610474604519,-125.46145479284036
145768000,0.6057833680472742,-0.3392391363348939,5.542426379440333,3.169018940537577,95.74169573608094,-125.41654253547563
145772000,0.6074944805517327,-0.340137643426194,5.584036771158224,3.144883100094794,95.5048783322981,-126.09169545572728
145776000,0.6060261601118163,-0.3387620580835057,5.541975717678626,3.1692823945237225,95.9296849494308,-125.47899226755095
145780000,0.6057320300744213,-0.3386139645001677,5.534943102310918,3.1733993623152887,95.96751738329588,-125.36306146993034
145784000,0.6057715492993087,-0.33940672951500606,5.543958913677431,3.168123362082413,95.67979055000313,-125.42144327515155
145788000,0.6055423510623265,-0.33895151000959906,5.534927038319481,3.173408778726514,95.83348539802992,-125.3125150919189
145792000,0.6059332087308138,-0.33854135023042753,5.537937912728914,3.1716448470964314,96.00534416646023,-125.4326612901694
145796000,0.6056877443906017,-0.33844862460676256,5.532396235300419,3.174892994105645,96.02555313438035,-125.3375894680023
145800000,0.6052021826195352,-0.33912149872873143,5.530366506050913,3.1760843644092613,95.75246473172683,-125.19773946874798
145804000,0.6053278719224799,-0.3388250316307924,5.529616024963075,3.176525095909988,95.86773463416415,-125.22708416750699
145808000,0.6060956103066284,-0.33864819090703163,5.5420843228263434,3.169218900597901,95.97525310627255,-125.49810734558335
145812000,0.6052184989383772,-0.33846296446537666,5.523817714394204,3.1799344161754837,95.99388619909129,-125.16676537245387
145816000,0.6050419084411565,-0.33899672645944984,5.526087436171422,3.1785989725614474,95.7890472889489,-125.13228831325863
145820000,0.6051517092261266,-0.3388162068862443,5.526248972550149,3.1785039721047625,95.86108777853633,-125.16225002915795
145824000,0.6057794056021346,-0.33872860722841647,5.537021318234492,3.1721816273305974,95.92820672153105,-125.38679845892979
145828000,0.6048008751778193,-0.338338873174496,5.5147849328999605,3.185260325498743,96.01553060196353,-125.00718495283402
145832000,0.6047858123184772,-0.3389914570389391,5.521278688363153,3.181429656426195,95.7766116440845,-125.03859305589941
145836000,0.6049000885627932,-0.33896767359366153,5.523151698674885,3.180326497366661,95.79169854144916,-125.07892675576454
145840000,0.6055695462037414,-0.3391104523154387,5.537092379075513,3.172140005788873,95.77690996729969,-125.33128058538082
145844000,0.6044920974863334,-0.3383694652265568,5.509388217949935,3.188450954474952,95.98675789212244,-124.89626853008171
145848000,0.6047935091480048,-0.33877693837510403,5.519192392004911,3.1826593473542717,95.85526672964649,-125.02932480190147
145852000,0.6047247729098517,-0.33885762140539266,5.518756141634912,3.182916600667416,95.82196935927652,-125.00880980953852
145856000,0.6044815847924182,-0.33899108872152833,5.515637120034123,3.184757088296792,95.75962526824826,-124.9277205851281
145860000,0.6047959837101844,-0.338485398184445,5.516213002351148,3.1844171068326492,95.96177057326912,-125.01372960736482
145864000,0.6049567502920254,-0.3385681804083718,5.520052022525989,3.1821525532337396,95.94066225676194,-125.07710106270726
145868000,0.6049462238735047,-0.3390726686001478,5.525100653030194,3.17917942999905,95.75599179162732,-125.10163448082963
145872000,0.6045020672908045,-0.33894056730977457,5.515491836737418,3.184842870242731,95.77918161211825,-124.93233069285571
145876000,0.6049687725004055,-0.33850561770473325,5.519625654431252,3.1824038976211693,95.96418454350683,-125.07795083546445
145880000,0.6047293235241392,-0.33862480642622583,5.516423874567804,3.184292633358515,95.90712721084748,-124.99731360921551
145884000,0.6042094359966008,-0.33879688905362804,5.508589841189326,3.1889235172125323,95.81492713015537,-124.81763887845953
145888000,0.6045282168607621,-0.33890835728563706,5.515641638205273,3.1847544206354845,95.79239102625642,-124.94003833911312
145892000,0.6053427137987658,-0.33837971983239806,5.525260706441283,3.17908526689396,96.03133409239842,-125.20747404050479
145896000,0.6046425938452055,-0.3384443556052896,5.512947350723602,3.1863460098542147,95.96802605409268,-124.9554295626654
145900000,0.6041851472579322,-0.338881485322671,5.509017610333026,3.1886703011496467,95.7827583149535,-124.81360244558796
145904000,0.6042712175854483,-0.3388763856106833,5.510555381329996,3.1877603601146616,95.7894957362961,-124.84463999226014
145908000,0.605108089754187,-0.3383419474930874,5.52051182108191,3.1818815465445653,96.03186388752772,-125.11956801798131
145912000,0.6043490765184901,-0.3381796811129465,5.504783686116874,3.191178345962995,96.04776746627478,-124.83324187491944
145916000,0.6037532867506664,-0.3385603191680038,5.497730080497033,3.195365554052479,95.87493267375535,-124.6381663576379
145920000,0.6041496409657893,-0.3384788231735731,5.504194126178016,3.191527899394722,95.92732030762393,-124.77772602532582
145924000,0.6047270302937108,-0.338351133446941,5.513544604598155,3.1859930569204584,96.00684944977571,-124.98092910086093
145928000,0.6041108832995752,-0.3381896346029517,5.500492026450461,3.1937246664379266,96.03043191700814,-124.7469968928075
145932000,0.6039175939657094,-0.3385167148431689,5.500306457663898,3.1938348604908846,95.9002271000992,-124.69542908331553
145936000,0.6038529860956005,-0.33853977999570933,5.499354233021441,3.194400429444502,95.88812786753446,-124.67324750346307
145940000,0.6042793712667622,-0.3386903492755914,5.5087784522134715,3.188811864734248,95.85769367076796,-124.83704317367399
145944000,0.6038536127537093,-0.33810540664324956,5.494884592948195,3.197057858406292,96.04624456395004,-124.6484292088572
145948000,0.603886740167867,-0.33826658758865824,5.497156133790265,3.195706753020213,95.98948197663132,-124.66980760249972
145952000,0.6038112797827514,-0.3385630564953555,5.498826356381575,3.194714046351328,95.87726746104894,-124.65941361914876
145956000,0.6041127928466011,-0.3386613341251042,5.505401776051738,3.190811960065492,95.85876566025165,-124.77474209769412
145960000,0.6040989783907698,-0.33803507940596994,5.4986781914006055,3.1948020838734874,96.08606259825325,-124.7337366541282
145964000,0.6038751126854506,-0.3383650720758154,5.497958096001847,3.1952300241896507,95.95296664443781,-124.6712530816298
145968000,0.6036481790210172,-0.3386122367283679,5.496331249146269,3.1961972582663845,95.85001903536285,-124.60293748734424
145972000,0.6037300152130874,-0.3387442633734754,5.499201625590037,3.194491088680525,95.80672527734652,-124.64025448592258
145976000,0.6042092438998762,-0.3381024890441288,5.501406357570139,3.193181832583678,96.06786046160178,-124.77781865861672
145980000,0.6037210487779943,-0.33816693091774375,5.493079647822039,3.1981322581339255,96.01617056138433,-124.60374216404544
145984000,0.6033562042437954,-0.3383904392387126,5.488677279570339,3.2007558481322373,95.91376596588393,-124.48404307455452
145988000,0.6036399195718785,-0.338486455105037,5.49488125810224,3.1970598428115475,95.89526642830094,-124.59269736896734
145992000,0.6043961276017509,-0.3380265885875764,5.504071205146314,3.1916007897277607,96.10631038086136,-124.84159310615166
145996000,0.6036615950177436,-0.338140308630333,5.491712244456956,3.198946695948104,96.02240988751338,-124.58056581349788
146000000,0.6034384772674948,-0.3384991601470175,5.491308568259761,3.1991872093478886,95.87902841277398,-124.5202213783494
146004000,0.6054231573224181,-0.33743810477255587,5.516996151936522,3.1839548795371577,96.38063352124523,-125.18322974969008
146008000,0.6056598884584619,-0.33691151394491925,5.5159483774917,3.184573323294294,96.5874848521769,-125.23963452224822
146012000,0.6054808104244476,-0.33706175954111356,5.5141778935472345,3.1856188950697013,96.5219565256289,-125.18262680978454
146016000,0.6053505647166135,-0.3373372153482046,5.5146075029107395,3.185365122444739,96.41342245215914,-125.15080931040892
146020000,0.6051094070391889,-0.3372261637558996,5.508995084518321,3.1886836341922935,96.44014552108096,-125.05602659121998
146024000,0.6055939989195293,-0.33688540245869547,5.514456895615319,3.1854540823521864,96.59324524588364,-125.21392749373939
146028000,0.6051930697184457,-0.3370521219031566,5.508748994717525,3.188829302231238,96.50877450534631,-125.07656157211376
146032000,0.6050073238448919,-0.33714362635374595,5.506256150082968,3.190305651818967,96.46443777871845,-125.0138411811693
146036000,0.6054562721661618,-0.3371249791874691,5.514375497032555,3.1855021645210293,96.49734546260775,-125.17728975506813
146040000,0.6057617108035136,-0.3370595077567618,5.519366501943255,3.1825566878717853,96.53904036990195,-125.28559038467843
146044000,0.6051888793457962,-0.3369139197314336,5.50724765599417,3.189718281880486,96.55918759089239,-125.06696944625764
146048000,0.6052828258281122,-0.337248582675705,5.512437101358376,3.1866476092776317,96.44198668031535,-125.12086041293982
146052000,0.6052775058084349,-0.33719195286189946,5.511754155316051,3.1870513770318016,96.46243197255991,-125.11562980183943
146056000,0.605860885987928,-0.33704208398171054,5.5210286290879065,3.1815769940189136,96.55116620238466,-125.32100649439444
146060000,0.6051517289716868,-0.3368260829168762,5.505656285547597,3.190661118899097,96.58921765950237,-125.04821625155107
146064000,0.6051272600712512,-0.336848277798123,5.505432290170383,3.190793874379174,96.57964956082819,-125.04054476823761
146068000,0.6049539094747285,-0.3369431317283536,5.503204664670875,3.192114730809675,96.53474957548096,-124.98257447211489
146072000,0.6055268808696627,-0.33688712443418106,5.513230335097119,3.1861787676541615,96.58871128190205,-125.18939066658055
146076000,0.6052751514118303,-0.33670551212866395,5.506698128109356,3.190043796197809,96.64066043601512,-125.08642120604969
146080000,0.6052939003497385,-0.33684191568419847,5.5084493038013935,3.18900671657635,96.59172188088539,-125.10127526672478
146084000,0.604951752049823,-0.33693214843500036,5.50305180309665,3.1922054096585404,96.53864636622221,-124.98114143048912
146088000,0.6056306979702585,-0.33684783185083544,5.514749908087239,3.185281011941994,96.60917211373904,-125.22521783968514
146092000,0.6051076985557684,-0.3363776413655468,5.500233493212716,3.1938781901886744,96.75109645804135,-125.00569779108535
146096000,0.6051706939046135,-0.33672586575208724,5.504975757480654,3.1910644824832164,96.62707434897564,-125.04930052210075
146100000,0.6049161431096282,-0.3368143103183448,5.501182260049777,3.193314860907162,96.57972472752361,-124.96118995935832
146104000,0.605187281015175,-0.33688604080969387,5.50693100469465,3.1899058429251648,96.56931477019639,-125.06475547212325
146108000,0.605379948300108,-0.336551875315426,5.507056275095496,3.1898316392454285,96.70318510274885,-125.11587246616769
146112000,0.6052613850073431,-0.33651166498878154,5.504449828921557,3.191376282278549,96.71097864717606,-125.06999270292619
146116000,0.6050925878209613,-0.33686345971651693,5.5049475429124985,3.1910812080895736,96.57205615155414,-125.0287242281265
146120000,0.6050203178165939,-0.3366341449838021,5.501254182568784,3.19327216518338,96.6518720312395,-124.9887773432016
146124000,0.6056524643399251,-0.3364420652321981,5.510972383732708,3.1875136989256845,96.75950037709417,-125.20952949957568
146128000,0.6048899129923883,-0.33630739124502756,5.495494421516482,3.1966950208464464,96.76396636118568,-124.92165671982062
146132000,0.6051210187929117,-0.33653665295101354,5.502112481521443,3.192762737979052,96.69354988871933,-125.01996469435267
146136000,0.6049382343158185,-0.3365297870233664,5.498667122790459,3.194808660881014,96.68529012633809,-124.9525358653401
146140000,0.6057367163789212,-0.3363780115931553,5.511874477601558,3.18698023321693,96.7879844131787,-125.2367450227168
146144000,0.6050017883629777,-0.3361909555246459,5.496364047324181,3.196177752416414,96.8133163039493,-124.95577862849404
146148000,0.6051994758552365,-0.336659633892841,5.504826632834014,3.1911528856364066,96.6530532869179,-125.055971837407
146152000,0.6049811246761982,-0.3364257136635745,5.498390415592944,3.194973090182031,96.72598151824891,-124.9621122656541
146156000,0.605823013850923,-0.33647799855555355,5.514504382346342,3.1854260326028894,96.75627224760645,-125.27432726037694
146160000,0.6048952484002119,-0.3359823080765151,5.492263232510699,3.198618472023872,96.88352576360475,-124.90425843944382
146164000,0.6052902407727495,-0.33636938036884495,5.503521180719856,3.1919269872273426,96.76490410255828,-125.07220482594593
146168000,0.6049405776511607,-0.3362451045207148,5.495790167120108,3.196519087261974,96.78981656986602,-124.9365397277587
146172000,0.6056775030378821,-0.3363152591907927,5.510131443630357,3.1880111631768675,96.80758051480899,-125.21129246337274
146176000,0.6050402469760731,-0.3359394466475867,5.494496958962986,3.1972885372959565,96.90791509216731,-124.95491838436396
146180000,0.6053841351837934,-0.3361659925541708,5.503168311314942,3.1921362954724213,96.84514507148496,-125.09467648420197
146184000,0.6051343937477299,-0.33625722135484354,5.499490641054532,3.194319398161662,96.79686450057507,-125.00836988327359
146188000,0.6054950859544334,-0.3362529452823874,5.506113372423911,3.1903902515871736,96.81974835857518,-125.14057760377514
146192000,0.6054154445729409,-0.3358955144419358,5.500972229466079,3.1934395490193745,96.94640546141723,-125.09014298452493
146196000,0.6054776645429687,-0.33583430913210116,5.501494602913109,3.1931294516347113,96.97261047613513,-125.10938079948087
146200000,0.6050971267657631,-0.33580580364574086,5.494177885520645,3.19747844143769,96.96038989299723,-124.96782165177429
146204000,0.6054474875273032,-0.3358305037139425,5.500897915001192,3.1934836693827773,96.9722143478328,-125.09805720677497
146208000,0.605620004301756,-0.33555861735365433,5.501300619843049,3.193244599005944,97.08253325020014,-125.14532185368094
146212000,0.6054925845710745,-0.3357098628309002,5.500494982048744,3.1937229114131966,97.01927148596413,-125.10745687857376
146216000,0.6051647067779322,-0.3360477613955019,5.497902383075068,3.195263138256148,96.87555877390515,-125.00706896514502
146220000,0.6055185174856573,-0.3360529728752164,5.504493063622409,3.191350648011096,96.89463261520541,-125.13737698184019
146224000,0.6057623900015202,-0.33561833208231506,5.504545946021192,3.1913192940974873,97.06903668763165,-125.20130891176535
146228000,0.6053626632096958,-0.33537854949445206,5.494705910212921,3.197164187354251,97.13338440688409,-125.03981870020256
146232000,0.6031256065883613,-0.33493518869465677,5.449231976588892,3.224458976113892,97.15900508809699,-124.1922632337163
146236000,0.6072708009721633,-0.3347462392930093,5.523606902440966,3.1800585098820333,97.48106509650468,-125.70680262682271
146240000,0.6057803846937444,-0.33439437388648474,5.492371340846952,3.198554079814281,97.52143456017441,-125.13415322132693
146244000,0.6114596706291365,-0.3311318799195476,5.565214704951098,3.1557545214949334,99.08771060992812,-127.05938137002325
146248000,0.6053414996359657,-0.33493633555470037,5.48980158490465,3.200085404899901,97.29488559005746,-125.0053126436564
146252000,0.6064988116855051,-0.3369483070822817,5.531932766283541,3.175164952352087,96.62235577343411,-125.5502042316318
146256000,0.6034182052481115,-0.33252596494146974,5.430358717315244,3.2359261819147314,98.06079939401587,-124.14604210287203
146260000,0.6052553050615422,-0.33473574740116047,5.486170591621691,3.202251653961211,97.36351198566634,-124.96136352604381
146264000,0.6057736280292213,-0.3352868368716778,5.501358249988585,3.193210389165597,97.19182935957069,-125.1856455787395
146268000,0.6052400714383047,-0.3349874853990005,5.488454541985454,3.200888704226811,97.26989694393511,-124.97107452614367
146272000,0.6061516505387158,-0.3353396747443924,5.508897856214873,3.188741184974538,97.19493883114285,-125.32819543149654
146276000,0.6054973924248794,-0.334747949958235,5.490754482265896,3.1995173976279383,97.37376145378809,-125.05130150475772
146280000,0.6058913192598757,-0.33512529348619313,5.501881791943024,3.1928996432880647,97.25844476907614,-125.21934160110129
146284000,0.6055402986597425,-0.33512426418416486,5.495385567669497,3.196759780915701,97.2376986039716,-125.0899020538046
146288000,0.6060242385811604,-0.335341005108931,5.50655076655241,3.19013109763538,97.1868493936515,-125.28127577374279
146292000,0.6056769530108627,-0.33453302239267263,5.4918755518996685,3.198849406500707,97.46395310324668,-125.1044348086492
146296000,0.6059537623215533,-0.3349964318408847,5.50171875206106,3.192996408289541,97.30973243418204,-125.23462990441247
146300000,0.6054356017556239,-0.33472475373847227,5.489379237018253,3.2003372251317375,97.3785506412937,-125.02711671210224
146304000,0.6060142202595364,-0.334975458117832,5.5026227573012925,3.192459951284331,97.32110880352303,-125.25567786836245
146308000,0.605940000493253,-0.3344473262948798,5.4958576186667605,3.1964789643281306,97.51160860251508,-125.19632329168509
146312000,0.6061065046892684,-0.33491022901276046,5.503663511457,3.1918425700906026,97.35073833398164,-125.28581991866321
146316000,0.6056365291743278,-0.3348689105853204,5.494554561884624,3.19725425597908,97.33761569040132,-125.10993158464578
146320000,0.6057686724088893,-0.3347739166463561,5.4960246948874545,3.196379584956852,97.38065175074718,-125.15291041422248
146324000,0.6062680523427336,-0.33432525348963443,5.500677243266696,3.19361468905842,97.57667615202816,-125.31015061707033
146328000,0.605956658013646,-0.3344713191914131,5.496409965385454,3.196150444266853,97.50375994629695,-125.20393550169409
146332000,0.605658628812771,-0.334494738503622,5.491147602229448,3.199283124353381,97.47696141068991,-125.0953393347004
146336000,0.6059521061331122,-0.3345220579346984,5.496843330892617,3.1958927386372524,97.48474345576685,-125.2053383933592
146340000,0.606372025007828,-0.33437916001445184,5.503151969178538,3.192145989657204,97.56304614312663,-125.35188186127709
146344000,0.6059969286367437,-0.33421612087910885,5.494553041617217,3.1972551607286492,97.60050568561708,-125.20325864302951
146348000,0.6059313104267608,-0.3346564750095246,5.497830543582229,3.195305838486788,97.43384749957356,-125.20581565293105
146352000,0.6059931608017547,-0.3341899525543728,5.494216961369609,3.19745518329174,97.60994744251842,-125.20026665716921
146356000,0.6065065034024791,-0.33442123217912395,5.5060729875927334,3.190414181555694,97.5556203181436,-125.40418784156205
146360000,0.6058891427511169,-0.33401511703997794,5.490518064595432,3.199658303497345,97.66819494285431,-125.15110535453168
146364000,0.6061588020153736,-0.3343276183199352,5.498680616952168,3.194800642605778,97.56915905265701,-125.2698949120005
146368000,0.6059694058229859,-0.3340311143511074,5.492161708042008,3.1986789450935498,97.66720880641334,-125.18175755805643
146372000,0.6066949005019856,-0.3342373921851777,5.5076873470401795,3.1894578780832266,97.63508996754838,-125.46282142987208
146376000,0.6061600225494388,-0.33385110405323887,5.493849752489405,3.197673761404378,97.74549536245823,-125.24121361407789
146380000,0.6063225379562723,-0.3343495215253851,5.5019332235252385,3.192869119612256,97.57100858939596,-125.3317775844698
146384000,0.6061459464417164,-0.33416431754584364,5.496778345297956,3.1959313803670186,97.6287596603828,-125.25518850538087
146388000,0.6064357592175587,-0.33444577944241083,5.505012906996452,3.1910424605070236,97.54225881893483,-125.37949497975342
146392000,0.6063511717867192,-0.3337759846554146,5.496617541445817,3.196027001604567,97.7850446860632,-125.30736857854822
146396000,0.6064448198538638,-0.3342993568619316,5.503685241213625,3.1918296824506918,97.59698928402145,-125.3739782413335
146400000,0.606088514813007,-0.3340557957470386,5.494612001667819,3.1972200724912883,97.66538275185559,-125.22731322760367
146404000,0.6086745232713008,-0.3319236657738572,5.5209245999858085,3.181638293140244,98.61837349369586,-126.0586347297178
146408000,0.6086142667099866,-0.3323989002392467,5.5246424584376115,3.1794490276106346,98.43669363393744,-126.06538645216827
146412000,0.6087231201800671,-0.3321351816936812,5.523986597446776,3.179835010831904,98.54213449522042,-126.08991579681864
146416000,0.6094696874172907,-0.3319890510688419,5.536471416073097,3.1725037517109507,98.64284202786551,-126.36098782359079
146420000,0.6087469961228673,-0.33168545458993465,5.519853708221737,3.1822694547061756,98.71216185625279,-126.07100909015168
146424000,0.6084256233969205,-0.3320559871787427,5.5176280175054,3.183582041355181,98.55339513119604,-125.97362650989967
146428000,0.6087380588413001,-0.331904597418061,5.521916652934957,3.181053823395144,98.62945547849218,-126.0812626931314
146432000,0.6097331345073879,-0.331895819354527,5.540464070543329,3.1701664173032547,98.69401572118602,-126.45429716049563
146436000,0.6090963420181172,-0.33151129828743653,5.524607777681922,3.1794694353401236,98.79924129340179,-126.19127157834733
146440000,0.6089723237864559,-0.33168195668476486,5.524026425795319,3.1798115685980273,98.72747369196301,-126.1553145409392
146444000,0.6090386304846455,-0.3317988318720732,5.5264563199833745,3.1783820383232064,98.68772346806098,-126.18743642518096
146448000,0.6098188889274245,-0.3315167909688952,5.538202125152136,3.1714901519181344,98.8418944451028,-126.46329052816034
146452000,0.6097744552050752,-0.33128021764199955,5.534954788806299,3.1733925119458544,98.92822479131539,-126.43194526855399
146456000,0.6091942229182663,-0.3313653101332126,5.52495271851791,3.1792664682930565,98.86017409562884,-126.21895746788238
146460000,0.6094801118258024,-0.33165861582198036,5.533293169080925,3.174366817527799,98.76765603776398,-126.34458928902582
146464000,0.6102705043442412,-0.3313365043293858,5.544851240442184,3.1676021421495366,98.93762707310408,-126.62237081769311
146468000,0.6102806494349475,-0.3311081628138967,5.54271006756858,3.16885312098223,99.02439906217752,-126.61212463887178
146472000,0.6094692825430423,-0.33102311267901324,5.5266189074549334,3.178286432927975,99.00603198922816,-126.30105216360917
146476000,0.6097427353138226,-0.3313802401568565,5.535379403106898,3.1731436325576374,98.88860033736887,-126.42619267085503
146480000,0.6103559958486863,-0.33080861742001444,5.541071890326445,3.1698108997239345,99.14215326886276,-126.62201649779969
146484000,0.6108934875951131,-0.3305169330150862,5.548219492997142,3.1656362626148606,99.28582293504387,-126.80716144833207
146488000,0.6100699691523541,-0.33033958973419786,5.530928078521783,3.17575465326183,99.30141988470868,-126.48466619571123
146492000,0.6103531634755512,-0.3307112144936456,5.540025992005761,3.1704227021736546,99.1787691344761,-126.61489146732542
146496000,0.6107339161991224,-0.33007700233607207,5.540732338657347,3.1700094956716485,99.44245643757043,-126.7192804495265
146500000,0.6117023273306522,-0.3297714181032291,5.555891294807684,3.1611678136450982,99.61902078561626,-127.06766002613767
146504000,0.6110613959524973,-0.3294294397645512,5.540317033986433,3.17025243201402,99.70866244628014,-126.80263744545888
146508000,0.611230522655224,-0.3296409026396495,5.5456518178094445,3.167134661809926,99.63904848771155,-126.88020507814267
146512000,0.6114841143156589,-0.32925959819375966,5.546559298951875,3.166604925923136,99.79995526986525,-126.95252600732185
146516000,0.6124004191973653,-0.32900542533193766,5.561305165216326,3.158022167082859,99.95456998295259,-127.28565643839254
146520000,0.6119699728762503,-0.32844283233850513,5.547442413740865,3.166089585713764,100.14201756411236,-127.08570485460868
146524000,0.6120621042951863,-0.32873943694628543,5.552193076536269,3.1633202514574856,100.03471199298941,-127.13974914300033
146528000,0.6124274783736434,-0.32846181838819427,5.55628801779565,3.160937088714651,100.16392241454794,-127.26164075206708
146532000,0.6130888219620075,-0.32829694578513086,5.567160511516185,3.154627124317944,100.26893890220886,-127.50428648283558
146536000,0.612934408468706,-0.3276645265701593,5.557804449768704,3.160055480631558,100.5015363644995,-127.40480099473874
146540000,0.6131439990107641,-0.3276741962736482,5.561879565435253,3.1576887919660086,100.51126128905187,-127.48582533787658
146544000,0.6135105439032518,-0.3276250833557873,5.568348153494999,3.1539394066052284,100.55354330435661,-127.62344844474005
146548000,0.6140850446066419,-0.3270651518729264,5.573603496201159,3.150899875058597,100.80577960136993,-127.80876853648365
146552000,0.6143992608020712,-0.3267977511760893,5.57688358690157,3.1490057696854405,100.92909236054325,-127.91284599990398
146556000,0.6141654580968743,-0.3265514481240999,5.569925208806268,3.153026663019717,101.00911432850201,-127.80671404037038
146560000,0.6145744766396705,-0.32647571822133864,5.576960663584984,3.1489612890381276,101.06478349337551,-127.95982803360712
146564000,0.6154610581606879,-0.3257115819018173,5.586172745074932,3.1436541667903857,101.41818331376564,-128.25399627909422
146568000,0.6161689452330585,-0.32536674478785016,5.596266224325006,3.1378599898917874,101.59815244745062,-128.50705216551313
146572000,0.6156098991362842,-0.32499601517708376,5.581777197776985,3.146184204089624,101.70609084356462,-128.26520477886004
146576000,0.6160718592900584,-0.3250240682846237,5.590922754580386,3.1409247245226197,101.72538815661999,-128.4469610108247
146580000,0.6170246274014032,-0.3241173692809832,5.600073458921481,3.13568004509525,102.14206965442384,-128.759943593137
146584000,0.618408084498091,-0.3235317519845257,5.620904456509477,3.123806636469097,102.46284602737325,-129.26524300941665
146588000,0.6178655042148478,-0.3225283369398814,5.600242986961572,3.13558304800027,102.82243853949647,-128.98486656633364
146592000,0.6185492676786766,-0.3223695504297995,5.6118690976514145,3.1289454982680223,102.93094018647395,-129.24415725905854
146596000,0.6199058755867639,-0.32122479390778996,5.626676019861469,3.1205329792844507,103.47608185233642,-129.70556395445055
146600000,0.6207748216169162,-0.3202414038935696,5.633714718843158,3.1165499707602122,103.92737953168431,-129.98588418907516
146604000,0.6204897732753596,-0.31905268392579655,5.616209239694626,3.1264749105597422,104.38376478168473,-129.78979495038547
146608000,0.6209961772004361,-0.3190306752518099,5.625860991852594,3.12099484632695,104.42788718318454,-129.99138837661977
146612000,0.6216745372458344,-0.31804467527641894,5.629239511546108,3.1190811781862253,104.87206509822029,-130.19540185049186
146616000,0.6229530382264836,-0.3178156377609403,5.652045354182406,3.1062252293699206,105.0541247265068,-130.69625413669215
146620000,0.622063128364323,-0.31627236132928754,5.6191679547410045,3.1247929472951643,105.61635983323207,-130.22585854859028
146624000,0.6227406376916579,-0.31656105727023326,5.635303704245672,3.115652228502619,105.54808122174316,-130.5215190595213
146628000,0.6232279214658827,-0.3160708735757893,5.639986349945896,3.1130096727702994,105.78235341401081,-130.68448363484595
146632000,0.6241259571038525,-0.3158797643566936,5.655779634501616,3.1041303647063483,105.9246586381017,-131.03709968503998
146636000,0.6236515807305569,-0.31475719038069727,5.635249791419429,3.115682679511911,106.34916406727551,-130.76187139490398
146640000,0.623714579917586,-0.314644585554889,5.635371260067848,3.115614072513972,106.39984933764367,-130.77935829911223
146644000,0.6243583053483271,-0.3146645656058316,5.648247720051294,3.1083585671448737,106.43884594056512,-131.0444559340301
146648000,0.624821879158866,-0.3139415472516569,5.650217277010425,3.1072517902655457,106.76975833689387,-131.18179808622992
146652000,0.6249119805894146,-0.3135017009934673,5.647634841518995,3.108703131942418,106.95744624513983,-131.18634516443686
146656000,0.6247041401809206,-0.31337956756394997,5.642324246747514,3.1116920232056233,106.99225892446283,-131.09168386870297
146660000,0.6247549608273745,-0.31321011366295926,5.641650724363593,3.112071507948375,107.06582329769348,-131.09994598757547
146664000,0.6253795545222772,-0.31252526905679884,5.647213441507877,3.108940090908577,107.39526743327855,-131.30622980313902
146668000,0.6256069126260047,-0.3122325943235208,5.648818602466975,3.1080376823066485,107.5334802125447,-131.3781928095297
146672000,0.6251598452792234,-0.31209162303415255,5.6386012650253585,3.1137908452692518,107.55787840081743,-131.18256774959985
146676000,0.6251079822430926,-0.3121214678041238,5.637872627943327,3.1142019475565874,107.5415931355358,-131.16340428872073
146680000,0.6257153707593418,-0.3116646438253189,5.645364327763657,3.1099803044879044,107.7769919205637,-131.37998771286715
146684000,0.6260963690477881,-0.31137911490219117,5.6500898499933685,3.107323372763661,107.92458341147042,-131.51628637231886
146688000,0.625622358276932,-0.31093653493675805,5.636376175403237,3.115046600993963,108.07186655792809,-131.28540003696293
146692000,0.6255868497571493,-0.311146975999603,5.637739366334257,3.1142771465838104,107.98180015702839,-131.28694691933194
146696000,0.626141479211073,-0.310446886433722,5.6418256432210825,3.111972943897902,108.31570504994777,-131.46314708195212
146700000,0.6269086584671055,-0.3104272886383807,5.656829949437286,3.103541671197311,108.38333200265703,-131.78142413353868
146704000,0.6270476187063098,-0.3105514482967938,5.660812266849809,3.1013116609886913,108.3422011065,-131.84900364371987
146708000,0.6259901777817138,-0.310109613833199,5.635538008736186,3.1155198957729633,108.4442835065224,-131.37381066855642
146712000,0.6264996084587956,-0.3096550256360727,5.64115618818087,3.112350205523856,108.67383130730543,-131.55046263403204
146716000,0.6273948100273988,-0.3099820775416488,5.662115712750084,3.1005824632703387,108.60702084247521,-131.95021206510125
146720000,0.6266648566860028,-0.3088745855318958,5.636809410656963,3.114802019290349,109.01309619361395,-131.55767695739598
146724000,0.6262936882184502,-0.30903034032276416,5.631000274531029,3.118084783058572,108.91836039462066,-131.41494657171577
146728000,0.6266208337047852,-0.3088632500152989,5.63582953822369,3.1153552588243887,109.01432526119696,-131.53835492880998
146732000,0.6273080889401084,-0.30860347685979733,5.646896077880413,3.109118572901971,109.17796470991472,-131.80557959856483
146736000,0.626981441571807,-0.3080103616131834,5.6346625826894945,3.1160143853496445,109.4006295910169,-131.62091926090997
146740000,0.6268750759174676,-0.30811662223793806,5.633593095550737,3.1166187068236524,109.3474600452711,-131.5848874798932
146744000,0.6270068342657037,-0.3080425670611498,5.635476842292564,3.115554440845762,109.38916765957084,-131.63417691832424
146748000,0.6276165178344583,-0.30808416694489943,5.647951640037927,3.1085250158569333,109.42076127838276,-131.89363863979966
146752000,0.6275443653536983,-0.3076188365128579,5.641996985055364,3.111876401561826,109.610699462346,-131.8257883525829
146756000,0.6270446888540158,-0.3075181110607489,5.631140288228927,3.1180055785642202,109.61244482977604,-131.6075038186763
146760000,0.6272560264937509,-0.30750517431194413,5.635189478218626,3.1157167462897912,109.6351011430286,-131.69527367950556
146764000,0.6278850786272827,-0.30713772082833085,5.644080138800426,3.1107031353111396,109.84105475461774,-131.93025711257906
146768000,0.6280618834552532,-0.30694227438330784,5.645691483065099,3.109796213000755,109.93794097681155,-131.98893358836403
146772000,0.6272361786281102,-0.30675009965955935,5.627496641108347,3.120068082190246,109.95118488349455,-131.62501050424248
146776000,0.6273970598875612,-0.30699139338929177,5.6330036723238734,3.1169518659745012,109.86282348847553,-131.71262395048169
146780000,0.6275205259356025,-0.3062774052342805,5.6285506619709595,3.1194711652631395,110.17397872648299,-131.7057019413546
146784000,0.6284029572871078,-0.30648639759279,5.6480439509243165,3.108473119073189,110.15852381222214,-132.0958010016048
146788000,0.6275742475203864,-0.3059849465301505,5.626794906930242,3.12046561889043,110.30189538842218,-131.70401499502404
146792000,0.6275378066553147,-0.30605346919885346,5.62673517301788,3.1204994632457024,110.26992408933297,-131.69434952659518
146796000,0.6280502801415685,-0.3060055846013799,5.636403097528742,3.1150314010549893,110.33282213702365,-131.90691200816832
146800000,0.6287644709316756,-0.3059194657261817,5.649739853010389,3.1075200017403786,110.42846072228923,-132.20229516987806
146804000,0.6290384414415472,-0.2995350373035613,5.5944387608375665,3.138907446839868,113.1792961769203,-131.760058259031
146808000,0.628738813490746,-0.29898014521700306,5.583390259709011,3.1452552621862355,113.38995585968796,-131.57947694247213
146812000,0.6289846023496853,-0.29919095758509184,5.590169430442725,3.141357278623511,113.32228223227862,-131.7049112395959
146816000,0.6287298095052588,-0.29912248765848026,5.584539193554483,3.1445939438444066,113.32791771319685,-131.5889460054645
146820000,0.6287875151800881,-0.29931246060818045,5.587439686209054,3.142925690424584,113.25165607683495,-131.6314964525591
146824000,0.62885657978961,-0.29892075298987936,5.585142923818034,3.1442465535592308,113.42655049271544,-131.62455501468557
146828000,0.6289945185998425,-0.2990366322910832,5.588924925444358,3.142072129647264,113.3896113802238,-131.6947635223543
146832000,0.6288947024535999,-0.2991711532388051,5.588222371105856,3.1424758262669563,113.32241022779368,-131.66439320764752
146836000,0.6288389382322384,-0.29927684294053664,5.588115068840349,3.142537492738804,113.27176114695352,-131.65027868137705
146840000,0.6286745386359548,-0.29921688234585936,5.584336543491144,3.144710567392863,113.28218029446445,-131.57402336718644
146844000,0.6288417388779758,-0.29909672822624056,5.5864910299444475,3.14347112459896,113.34946707432668,-131.63465905819754
146848000,0.6289552320027955,-0.29927662464020766,5.590392706039525,3.1412290625875237,113.28269484582736,-131.7002636619428
146852000,0.6286185071776336,-0.2992066382165385,5.583144632633548,3.145396679909549,113.28134115521007,-131.54899238316557
146856000,0.6286996993716538,-0.29930547001988284,5.585654607171194,3.1439521884013373,113.24646815321807,-131.59310885824425
146860000,0.6287582411288655,-0.2991736240490243,5.5855721830220055,3.1439996022387477,113.30859674335593,-131.6059509970966
146864000,0.6289912683386405,-0.2993534898747104,5.591816952711585,3.1404114377132215,113.2529906572926,-131.72291732031456
146868000,0.6284169145142605,-0.29901181157495854,5.577391131010059,3.148712891357211,113.34611050878577,-131.44413275191954
146872000,0.6285656909202916,-0.2994709354437612,5.584573955962901,3.144573939225128,113.16291108936112,-131.55098605382867
146876000,0.6284873257967641,-0.29901438783594675,5.578790702504936,3.1479055538788305,113.351623635419,-131.47461482466792
146880000,0.6287452990345861,-0.299576605436931,5.5890773640770215,3.1419845503213244,113.13424175443711,-131.63793548805396
146884000,0.6281964097287897,-0.2992201322668121,5.575022314902844,3.150080288221501,113.23599037413138,-131.3690774067647
146888000,0.6283540818825876,-0.29925403735324346,5.578416181588505,3.1481215538246454,113.2362330185491,-131.4398985480125
146892000,0.6281150810106754,-0.2988857898805229,5.570331873594718,3.1527913864976758,113.3717472369039,-131.30269936669538
146896000,0.6284270571101742,-0.29936037152655154,5.580832044906492,3.14672876341644,113.19743060349823,-131.48116511843995
146900000,0.6282497669669979,-0.29921151110205624,5.57598358994987,3.149525248380564,113.24469672692783,-131.39115472383517
146904000,0.628477550959996,-0.2993928707666962,5.582122045674076,3.145985563945646,113.18819951829464,-131.5058717320467
146908000,0.6280050704892519,-0.2991002336770177,5.57017746967611,3.152880712935576,113.26940275197622,-131.2757584616815
146912000,0.6283320405008451,-0.299156295882988,5.577076598980813,3.1488943855748985,113.27611034032458,-131.42127301318962
146916000,0.6280516481098969,-0.29911918533140514,5.571261164552461,3.15225387703918,113.26566589828973,-131.29751140963512
146920000,0.6282283063033187,-0.2992433036741133,5.575860260648983,3.1495964476140523,113.2290456314432,-131.38493246927285
146924000,0.6281000218579874,-0.29897700075630906,5.570884465010032,3.1524717407902,113.33119816712922,-131.30485245496766
146928000,0.628150551446033,-0.2991017463988424,5.573027701612099,3.151232608327332,113.28245478266601,-131.3382810481632
146932000,0.6281145912797083,-0.299146148440274,5.5727387584261185,3.151399606120264,113.2600290845555,-131.32703717242413
146936000,0.6278295858262547,-0.2994219767245758,5.569746043010959,3.153130330924594,113.11506808022797,-131.230840115477
146940000,0.6277854084858131,-0.29925631673203296,5.567347703364345,3.1545187086027626,113.18184187961542,-131.19635304942483
146944000,0.6279623107121267,-0.2989547336694671,5.567994804205552,3.1541439858847635,113.32774185604403,-131.2436964676113
146948000,0.6280482566746984,-0.2993590809656505,5.5734236410322575,3.1510037999766634,113.16252157353084,-131.31860082067732
146952000,0.6277774249033236,-0.2993512900225645,5.568073788649577,3.15409825378941,113.14042965882896,-131.20187044142008
146956000,0.6274619747989447,-0.299545249590669,5.563737178561301,3.156611142213067,113.027818354656,-131.08516509935416
146960000,0.6276825136281667,-0.2992469879500994,5.565258823009452,3.1557289505371844,113.17614198482384,-131.15142527984793
146964000,0.6278270194844713,-0.2994066634414277,5.569553803847786,3.1532415709326536,113.12138309713777,-131.22830405746532
146968000,0.6276816259647662,-0.2993821512091472,5.566495589818057,3.1550122872685775,113.1182139669804,-131.1637705911531
146972000,0.6275881315675073,-0.29959244736163976,5.5666289211317315,3.1549350460686116,113.01948229956291,-131.14352632025933
146976000,0.62759319307352,-0.2990803989825324,5.561978022980875,3.157631655510866,113.23900911810915,-131.09746403264757
146980000,0.6277861082519972,-0.29955265876719367,5.570113468792662,3.152917740509884,113.05505636966457,-131.2244834054605
146984000,0.6275544574507369,-0.29924036101403095,5.562707236211273,3.1572085467235853,113.16690009680917,-131.09600334135106
146988000,0.6278905907299426,-0.29949763225551473,5.571637752562225,3.1520361082197015,113.088397388731,-131.2640520487956
146992000,0.6275282823125815,-0.29908564412846783,5.560765261042465,3.1583355859920785,113.23062219441782,-131.0701818747971
146996000,0.6274938589094137,-0.29943521029715786,5.563336014156262,3.1568438051714747,113.07785601439763,-131.08844854884137
147000000,0.6276683313516812,-0.29935599943627783,5.565994203857086,3.155302783295375,113.12815387639121,-131.15562186032307
147004000,0.6275849740584809,-0.29956093961312097,5.5662748649045115,3.1551401655390894,113.03265851767115,-131.13922095304446
147008000,0.6274692319435594,-0.2992107867227919,5.5607770923007545,3.1583287171732133,113.17150258493228,-131.05675516117566
147012000,0.6271527987528754,-0.29944288532984575,5.556784298526466,3.1606485112356615,113.04243711497163,-130.9434471751813
147016000,0.6274055519638172,-0.2994985069865777,5.562206906668939,3.1574988388013314,113.04249112232432,-131.05665670511144
147020000,0.6271683325601455,-0.2995447973092611,5.5580298672853425,3.159924472090557,113.00038943596527,-130.95968738439706
147024000,0.627122056933591,-0.299026066471433,5.552332511761842,3.1632390435773736,113.217561189109,-130.89083494742238
147028000,0.6271863195082612,-0.2994826935377375,5.557803398650348,3.160056091548062,113.02860077229035,-130.96151519594218
147032000,0.6272504410175979,-0.29955039918608917,5.5596754652130285,3.158968413270192,113.00572789143438,-130.99527466323153
147036000,0.6270492835466502,-0.29966136827444106,5.556800770095249,3.1606389342559265,112.93943147944879,-130.91985302325756
147040000,0.6271147317619118,-0.2994932664320568,5.556512567140863,3.160806511090088,113.01733638711501,-130.93194802337194
147044000,0.6271885676495353,-0.29948265663900075,5.557846679493699,3.1600309366511588,113.02882846789664,-130.96247169912945
147048000,0.6273400298599958,-0.29968131891504357,5.562630038166738,3.157253333643531,112.95823314916042,-131.0458384351252
147052000,0.6279395002532823,-0.29942760634174453,5.571940118548991,3.1518612816406426,113.12296747530681,-131.2784338131671
147056000,0.6268220505702027,-0.2996013201320042,5.5518408276859565,3.1635254219987905,112.94362773413631,-130.81728449078372
147060000,0.6267092281577075,-0.2995677199600591,5.5493459802429115,3.164979339097085,112.94729359411843,-130.766021819246
147064000,0.6255049249982141,-0.30034323469281987,5.533278184961363,3.174375606352362,112.50415173582812,-130.32754191258368
147068000,0.6265836181290592,-0.2996946098690439,5.548089752079094,3.165711940175122,112.88137171914623,-130.72449823365125
147072000,0.6267770403544453,-0.29996928617097274,5.5543779359674845,3.162048261011306,112.78259076392628,-130.83272690107165
147076000,0.6267313643425558,-0.2997710159854745,5.551655946653903,3.163633118402727,112.86275852911929,-130.7946340160108
147080000,0.6267318594158496,-0.3000188795394369,5.5539625025387185,3.1622900401176466,112.75723209249561,-130.81813608017322
147084000,0.6264031455367935,-0.2996480591579986,5.544171102972393,3.1679994037766415,112.884130228825,-130.64326668605
147088000,0.6266776045453675,-0.30008906283486764,5.553562459306357,3.1625228975791124,112.72226559002114,-130.80161484501673
147092000,0.626451992354485,-0.2996364382278228,5.545007403047135,3.167510943322489,112.8936987092117,-130.66295815263015
147096000,0.6263410530687443,-0.3000432664853493,5.546626740324429,3.166565564637138,112.71015737976646,-130.65413664389555
147100000,0.6263097944992632,-0.2998698778646302,5.5444184616224375,3.16785491235779,112.7809411875578,-130.62451258842606
147104000,0.6264016045262816,-0.3001448991171972,5.548738626579818,3.165333489865068,112.67263268730495,-130.6894288588955
147108000,0.6260671582329566,-0.29977856245534423,5.538892162024336,3.171086210401253,112.7968254685876,-130.5127361390486
147112000,0.62622331975129,-0.30000359374859303,5.543985193416173,3.1681080092588716,112.71594093757372,-130.60035475989113
147116000,0.6256882321245534,-0.30001518969075464,5.5337766098271315,3.1740832853340266,112.66050247562062,-130.37426470026276
147120000,0.6258493308332234,-0.3002517385760764,5.539064920170974,3.170985095584924,112.57536540442295,-130.4649173046391
147124000,0.6255564309468639,-0.2998174839422155,5.5294183915421335,3.1766411797340233,112.73185294358093,-130.29961986041062
147128000,0.6258900689721277,-0.3000003898188591,5.537527064743545,3.1718854270459174,112.68586405791373,-130.4585058763272
147132000,0.6257119691921809,-0.3002353475883565,5.536266765067094,3.172623650069194,112.56938222848228,-130.40511841976092
147136000,0.6256872960374924,-0.3004686272970675,5.537948522855364,3.1716386346213374,112.46817802786549,-130.4166006515717
147140000,0.6256256639695967,-0.30015133939133914,5.533829213150783,3.1740524372055696,112.59685675923528,-130.36060338586563
147144000,0.6256019013573507,-0.30004331957298097,5.53237497715249,3.174905467109674,112.64040515800723,-130.34031753158095
147148000,0.6255868233616798,-0.3004103973492544,5.535475008984289,3.1730876004818858,112.48341022694491,-130.36855771796223
147152000,0.6252663756638464,-0.3002557171471065,5.527884736440423,3.1775422934854687,112.51869161283483,-130.21827541221072
147156000,0.6254080715673788,-0.3003609893268689,5.531579332086158,3.1753723751041987,112.48750463409596,-130.2881988124042
147160000,0.6254680749111444,-0.30032730580558253,5.53242219143979,3.17487776473685,112.50742528967896,-130.31043267959726
147164000,0.625607604012172,-0.3005219670298858,5.536906942181487,3.1722486216470767,112.43809866442959,-130.38784295399023
147168000,0.625173301189873,-0.3004979591202237,5.528332378181656,3.1772792238749092,112.40741649281796,-130.201763526994
147172000,0.6252982892119521,-0.30057218090169324,5.531419561352628,3.175466150025021,112.3877864299781,-130.26161801184338
147176000,0.6252197244725884,-0.30033868704355743,5.527754104133679,3.1776190716399313,112.47917096673515,-130.20637441872464
147180000,0.6253925259994513,-0.3008143284414577,5.535471798870893,3.1730894818119704,112.2941867734657,-130.32419316903722
147184000,0.6249257689400839,-0.3004754158627167,5.523374025220037,3.1801956036148433,112.39359057899402,-130.09499886135396
147188000,0.6252045434365298,-0.30071090113323334,5.530899726671725,3.1757712975772696,112.32031124753607,-130.23500208628442
147192000,0.6249605540761726,-0.30036604260964983,5.523032846042054,3.180396475787845,112.4431008250016,-130.09935854575704
147196000,0.6249659970209379,-0.30074137215839697,5.526599912179517,3.1782976023127656,112.28502600481174,-130.13705694353536
147200000,0.6246973461969688,-0.30051797639629635,5.519388979210925,3.1825434352125086,112.35402415489875,-130.0025520854218
147204000,0.6231671807777147,-0.29734304758485075,5.461430430375699,3.217090950080541,113.5446521006945,-129.04625815815578
147208000,0.6233896107309606,-0.29767622696212426,5.468624845156498,3.212761373340951,113.42637197337018,-129.17366907897133
147212000,0.6234434583808985,-0.29737900314331217,5.466963640185647,3.2137600345384416,113.55731778694283,-129.1665573279944
147216000,0.6234287356699733,-0.29782926326488285,5.470744078272907,3.211488271672806,113.365678652652,-129.20550324638066
147220000,0.6230362178505507,-0.2975377074434277,5.460713862418184,3.2175228248683183,113.44931725411527,-129.01063030957818
147224000,0.6232018399883201,-0.29760265104855216,5.464419255119681,3.215290852247711,113.43858324432283,-129.08703072122813
147228000,0.6232280586699408,-0.2975252175372062,5.4642165064531625,3.215412898512903,113.47389676732747,-129.09030997811604
147232000,0.6231884246921644,-0.2977746445521951,5.465715575362652,3.2145107428067,113.36467645394465,-129.09863085738957
147236000,0.6230857726649015,-0.29737881981189246,5.460218555256178,3.217821414551858,113.52133825068302,-129.0155134945768
147240000,0.6230176421841107,-0.2975341484388308,5.460332039629681,3.217752996976902,113.44894704353904,-129.00243808113075
147244000,0.6234372987635216,-0.2975701701926109,5.468569254001472,3.2127947827433507,113.4759411295625,-129.18317046427848
147248000,0.6229359160783986,-0.2977738448247112,5.46094967797981,3.217380686120252,113.33968389186549,-128.99209380824118
147252000,0.6230205596202881,-0.297554380203127,5.460568934273429,3.2176101871742793,113.44070913782707,-129.0057061427029
147256000,0.622877590858651,-0.29757192768055907,5.458035467656926,3.219138129654236,113.41890840115813,-128.94720232379186
147260000,0.6231842186567825,-0.2979368219905566,5.467098403254614,3.2136789960591776,113.29585912300864,-129.1130884643416
147264000,0.6229048525980527,-0.2975805004965309,5.458625544960865,3.2187821208914484,113.4180423026276,-128.95955610572798
147268000,0.6228639863888075,-0.29770165573342383,5.4589459885074625,3.2185888224523223,113.36287283118251,-128.95453091719392
147272000,0.6228129326644589,-0.2975202241070463,5.45635452083323,3.220152724736878,113.43417625080158,-128.9147400741415
147276000,0.6236097463533783,-0.2980366712140795,5.47603968202803,3.2083114630692178,113.29615355009841,-129.30260960430516
147280000,0.622801476261501,-0.2975966919485627,5.456826167684425,3.219867980268758,113.40080156688511,-128.91762546175977
147284000,0.6228265090128445,-0.2979136019777242,5.460148012495469,3.217863944926581,113.2698339713176,-128.9600289919544
147288000,0.6227396943550192,-0.29759363029535163,5.45563686223759,3.2205860901041983,113.39586204813838,-128.89129079989362
147292000,0.6230646938544784,-0.2979638560900813,5.465087953729429,3.2148883899047394,113.27251278046053,-129.06540381972414
147296000,0.622869578931554,-0.2976765382675608,5.458825317951079,3.218661610770823,113.37401847792836,-128.9543604718746
147300000,0.6228562599446118,-0.2981813584253999,5.463121101880186,3.216072448624934,113.1600770247893,-128.99933961756733
147304000,0.622600755302827,-0.2977898081361504,5.454788198490572,3.2210987165228278,113.29927024107405,-128.85255876143276
147308000,0.6228206854869746,-0.2982457623427984,5.463031848305774,3.2161262008314924,113.1294205072951,-128.99079166775726
147312000,0.6229751416206901,-0.2980143582288467,5.463855246609336,3.2156303851402415,113.24227837199047,-129.03271957707386
147316000,0.6230025127290709,-0.29837763611147067,5.467649798552919,3.2133474628350127,113.09201006202932,-129.08045828964597
147320000,0.6225996531996664,-0.2978326022748723,5.455152195461144,3.2208788277640132,113.28115101572774,-128.85640016430318
147324000,0.6227851628381008,-0.2984905293698808,5.4645718008352855,3.2151990322482975,113.02290575313496,-129.00021060620267
147328000,0.6232955087108023,-0.2982313991505821,5.471859295301699,3.210818729280792,113.18274262618613,-129.1893746317868
147332000,0.6235115445891035,-0.2989738619865772,5.482674735661367,3.204340084458987,112.8911014979514,-129.35371854879077
147336000,0.6227250585715568,-0.2983708741249324,5.462359504096908,3.2165311728297774,113.06725347993728,-128.9630283361637
147340000,0.6226515001655637,-0.29824435685617534,5.459833886131519,3.21805334616023,113.11312858974547,-128.91947404691325
147344000,0.6231919061161006,-0.2985009415526358,5.472339798740259,3.2105303366540348,113.05886808175761,-129.17245261166994
147348000,0.6227639542243594,-0.29855116755208294,5.4647198628270175,3.215109916154923,112.99529750467042,-128.99731327493612
147352000,0.622699460301884,-0.2984245485707615,5.462361801579234,3.2165297888153335,113.04213201914371,-128.95760680532737
147356000,0.6226942980242764,-0.29845011910183256,5.462495362882514,3.2164493329119406,113.03086601192716,-128.9579805546252
147360000,0.6231927880767435,-0.298541727004332,5.472725539572838,3.210298857362723,113.04177495111628,-129.1768616086663
147364000,0.6228485987953544,-0.29854217394404015,5.466233957692203,3.2141988939024806,113.00748083212592,-129.03202146757633
147368000,0.622733604082796,-0.2983074276054137,5.461948050364471,3.2167790539715906,113.09479211012206,-128.9603007761328
147372000,0.6229611577293108,-0.298378158067107,5.466874515862512,3.213813630866378,113.08768013583762,-129.06309946557909
147376000,0.6234275539034624,-0.29883718444731855,5.479842992041825,3.206033793730483,112.9404527408229,-129.30490967774125
147380000,0.622776096429943,-0.29848398297260026,5.464341850568464,3.215337445462547,113.02475826969625,-128.99574685210064
147384000,0.6228744006972764,-0.29891410290004466,5.47008511166535,3.211884027939531,112.85362083298193,-129.0796595757992
147388000,0.6227315777648256,-0.298414016642733,5.462871588618874,3.21622272042686,113.04975755176923,-128.9700653327322
147392000,0.6232899206223577,-0.29886280898899104,5.477470886756116,3.2074539806394817,112.91612465915713,-129.24945020232988
147396000,0.6229202114307177,-0.29849757659806164,5.467181245882073,3.2136291814909863,113.03335085043156,-129.05772626573417
147400000,0.6229587428547485,-0.2987430362917206,5.470128087796893,3.2118582147121555,112.93388878800995,-129.09824516258684
147404000,0.6225227155267444,-0.29856298777365736,5.460284239788873,3.2177818142350354,112.96636128535177,-128.89709058878003
147408000,0.6228485320907214,-0.29887270064821214,5.469222148389845,3.212402447906633,112.86847532386584,-129.0647000271239
147412000,0.622929081463526,-0.29869860560238204,5.469166300729641,3.212436003881947,112.94964772086425,-129.08137478895344
147416000,0.6227938700456881,-0.2991121147002942,5.470359325611591,3.2117193309987875,112.7624706269357,-129.06531182026126
147420000,0.6229026992566414,-0.2987921405223291,5.469514921149108,3.212226547473162,112.90769762374099,-129.07952293641333
147424000,0.622827091450169,-0.29903758931929497,5.470310908961278,3.211748409511287,112.79705433591901,-129.07193908510456
147428000,0.6229413681086211,-0.2987901168075508,5.4702263240591,3.211799211559528,112.91236775184423,-129.0955869271565
147432000,0.6225681415135496,-0.29907223084062223,5.46574188225769,3.214494915607199,112.75699636262179,-128.96658533883615
147436000,0.6225716467246091,-0.29893898491709414,5.4646023114671864,3.215180667988804,112.81328661113629,-128.95490815189495
147440000,0.6228526705583975,-0.29900554373852634,5.470503283819548,3.2116328744135885,112.81304081614817,-129.07953469810582
147444000,0.6232717063809206,-0.29919187879731596,5.480113608572188,3.205871855584591,112.77580102072662,-129.27406450488797
147448000,0.6222776291729609,-0.29919422200764567,5.461376118671952,3.217123679582763,112.67717776353089,-128.85673552453233
147452000,0.6226805442260391,-0.29913137645477883,5.468396162095611,3.2128988127339926,112.7432325748723,-129.01960506904055
147456000,0.6228962727900117,-0.2985671530622355,5.467358637374201,3.2135225184639014,113.00170075517777,-129.0545550924134
147460000,0.6231521227851198,-0.29938659403676565,5.479620151095858,3.2061671551745303,112.68220096149986,-129.2427873449221
147464000,0.6230971313835552,-0.29937193864112005,5.478446575687317,3.206869678575085,112.68299316504032,-129.21823393528086
147468000,0.6234141027521278,-0.29926198015969985,5.483447560612193,3.203878160318474,112.76020879309512,-129.3408561780736
147472000,0.6230083473444938,-0.2991800824989554,5.4750257087700485,3.208919248902892,112.75496637686426,-129.16212845763067
147476000,0.6231949233884172,-0.2996848472242446,5.483144307326505,3.2040594013668153,112.56097348310306,-129.2898199275765
147480000,0.622923059780872,-0.29956526459752547,5.476912223811709,3.2077886390568384,112.58476591066501,-129.1639536250922
147484000,0.6227933176538919,-0.29965407527025395,5.475267744510668,3.2087741490703103,112.53482998648434,-129.1181372394646
147488000,0.6226478792298354,-0.29939021534951754,5.47012635370854,3.2118592562686232,112.6313602825066,-129.03130868375482
147492000,0.6229443857997881,-0.29992029399375725,5.480546239340861,3.2056130017555313,112.4377683304906,-129.20742033428974
147496000,0.6228072931232502,-0.2994433518758003,5.473617376688196,3.209763803883574,112.62465939972672,-129.10343233180956
147500000,0.6227100332181392,-0.29994217798199874,5.476314601967217,3.208146713397641,112.40585736192119,-129.11121647274732
147504000,0.6224820578800383,-0.29976283718506114,5.470380673772985,3.21170650969489,112.45886648905366,-128.99818872490286
147508000,0.6229980488375871,-0.30019924295585737,5.484105290852565,3.20348513535698,112.325881249648,-129.2569083874416
147512000,0.6228666625265875,-0.2998983598988275,5.478876339691442,3.206612377963282,112.43943803893498,-129.17267239520612
147516000,0.6227431665585391,-0.30026319661276274,5.479865174539594,3.2060205190017736,112.27447023526847,-129.15617913928395
147520000,0.6225536442019757,-0.29991029026873217,5.47307127127872,3.2100914158420157,112.40403397789319,-129.04255193600662
147524000,0.6225738677745732,-0.30018797597372887,5.475980044925466,3.2083472037072838,112.28963131929102,-129.07796198426192
147528000,0.6228876352438336,-0.3000309005311971,5.480480284931158,3.205652461200251,112.38585340015604,-129.19431549447518
147532000,0.6225500503801829,-0.3003804581766398,5.47728395436818,3.2075659517405253,112.20670553597058,-129.08658373724685
147536000,0.6225742913986567,-0.30007078834393036,5.474921121342344,3.208981952915755,112.33877462523235,-129.06678843129484
147540000,0.6225485366752932,-0.3002621699286652,5.476177395160322,3.208228934383044,112.25610064795552,-129.07452639230505
147544000,0.622850632657217,-0.3004942322056591,5.48400710453851,3.203543800136435,112.18797433434523,-129.22347229153536
147548000,0.6225406840053098,-0.3005745553396589,5.4788772657044635,3.2066118236024237,112.12453638012288,-129.10135839060675
147552000,0.622679658863042,-0.3003473364926499,5.479431575958427,3.206280018660367,112.23308110909117,-129.13768087691068
147556000,0.6226249891332325,-0.30046855491321134,5.479503683066635,3.206236861123075,112.17703295164121,-129.1264586363821
147560000,0.6227722414528127,-0.30062748814260565,5.483740486105536,3.2037031114216403,112.12460829071694,-129.20341266573396
147564000,0.6225339736479188,-0.30044899452347,5.477605078510492,3.2073736056578728,112.17645672901493,-129.0864606558331
147568000,0.6225236076652922,-0.3004095354748101,5.477049463121102,3.207706421422234,112.19197890048541,-129.07831596533725
147572000,0.6223432381380014,-0.3004980996238838,5.474450827956379,3.2092639417434325,112.1375157636646,-129.01136768874395
147576000,0.6228716473841069,-0.3009733195047661,5.488787284008116,3.2006902379946416,111.98924641809087,-129.27811149798373
147580000,0.6225491173732387,-0.3006440304516809,5.479670797185842,3.2061368445185345,112.09626534898192,-129.11156597790367
147584000,0.6223305474674967,-0.30067393440144585,5.475814449720629,3.20844644947654,112.0627463995404,-129.02299419003154
147588000,0.622196203844753,-0.3005157212949707,5.471837415508873,3.2108318625276566,112.11595877398803,-128.95157428320653
147592000,0.6226182782068089,-0.3009121711975726,5.483429003388271,3.2038892505530976,111.9906689324769,-129.16620251399328
147596000,0.6223646471182166,-0.3006284183265173,5.476043121782199,3.208309401642043,112.08506339709773,-129.03287754066977
147600000,0.6222407887810509,-0.3008216326493039,5.475467534863007,3.208654385242623,111.99237359936066,-128.99966130713702
147604000,0.623435421939201,-0.3027001542892239,5.515425241720702,3.184882192567922,111.31918655684807,-129.67587900072172
147608000,0.6232341327723545,-0.3025618921201875,5.5103041399927175,3.1879089905731064,111.35844581590187,-129.57892665508888
147612000,0.6233616355228843,-0.3030168497303978,5.516954268059143,3.183979596630977,111.17996639728491,-129.67411252744046
147616000,0.623037287970708,-0.302694222639254,5.50777780468488,3.1894043105389995,111.28494182077806,-129.5088838496688
147620000,0.6233486945075744,-0.3031480276305485,5.517925320901844,3.183406645252116,111.12395530273162,-129.68071142139712
147624000,0.6231323692831023,-0.30291646782611364,5.511648036807997,3.1871141251435797,111.20086550625557,-129.5690921949958
147628000,0.623300259449394,-0.30332318477193976,5.51862785815954,3.182992256395971,111.04635408027205,-129.6764710911055
147632000,0.6230842731294466,-0.30294677111777124,5.511011953280961,3.1874902951380495,111.1837849062328,-129.5517902617383
147636000,0.6232333928724766,-0.30331573886191343,5.517281486542079,3.1837865042536118,111.04336335397255,-129.64786639911705
147640000,0.623173522119356,-0.30311824527959147,5.514304464584917,3.1855441246098435,111.12036365267578,-129.60480426929516
147644000,0.6232290662129065,-0.3033190399470643,5.517229544508627,3.183817153785445,111.04159004299325,-129.64636096634771
147648000,0.6229259202612926,-0.30325410685945586,5.510843655642838,3.1875898387895556,111.04097268544234,-129.51390446498698
147652000,0.623058502741788,-0.3033157559948735,5.513943739304122,3.185757228491619,111.0273829844505,-129.57486177847602
147656000,0.6230610773565596,-0.30335278988562414,5.514336797129274,3.185525025081066,111.01216437782159,-129.57931997841897
147660000,0.6229744041992389,-0.3032709934960613,5.511924472227154,3.1869506734830204,111.03836776814727,-129.53567696193937
147664000,0.6228838722817678,-0.30339305428919106,5.51133177132107,3.1873011484552722,110.97917641116504,-129.50908332627276
147668000,0.6226763228069281,-0.3034388997612524,5.507804007718926,3.1893887938687833,110.94108584283738,-129.42677326221215
147672000,0.6232296747451785,-0.30350442216792733,5.5189649295563195,3.1827934748730007,110.96424906803756,-129.663506195845
147676000,0.6228246856123727,-0.3035333240456569,5.511506238534944,3.18719797468031,110.9152975849882,-129.49722132549448
147680000,0.6229552603912017,-0.30367755075669206,5.51533646435622,3.1849346144194914,110.86707509713536,-129.5647816584761
147684000,0.6231082741909976,-0.303946283331692,5.520760064969995,3.181735250231829,110.76891800853812,-129.65292617943032
147688000,0.6230570713486349,-0.30398135166007323,5.520108649941741,3.1821191743395576,110.74967380849357,-129.63475213091724
147692000,0.6230542754117165,-0.30379648426211575,5.518333108129702,3.1831661002655656,110.82648195455485,-129.61685623945934
147696000,0.6227425324435976,-0.3040133517049474,5.514403523161334,3.185485609312125,110.7078947038894,-129.50663649108733
147700000,0.6228156635134108,-0.30379428027193517,5.513759585689088,3.1858660311243585,110.8057482821321,-129.51721966507804
147704000,0.6228231654260094,-0.3041410489779521,5.517130948069366,3.1838753344102546,110.66202914085552,-129.55174760140386
147708000,0.6227390471616631,-0.3040538285678214,5.514713887609491,3.1853022867308303,110.6907312838627,-129.5088497620326
147712000,0.622913137395978,-0.30437297721130635,5.521011860828336,3.1815868745500357,110.57359032748647,-129.61008880547618
147716000,0.6225144634412687,-0.3040539134215944,5.510435012465287,3.187831566709765,110.67035364990338,-129.41542143160746
147720000,0.6228784427203559,-0.30452292031148565,5.52174913425291,3.1811525020849727,110.50807736102935,-129.60910748286418
147724000,0.6228842097995322,-0.30446499957495887,5.521318375781697,3.1814062734445603,110.53269503675239,-129.6063124276762
147728000,0.6227541405020045,-0.3047688355792416,5.5216724410617095,3.181197681103815,110.39468318568863,-129.57942306551263
147732000,0.6226489499677771,-0.3044517158773302,5.516703387320879,3.184127657970918,110.51708622877237,-129.50726472287815
147736000,0.622530435145173,-0.3049254446555472,5.518865428218267,3.182852151305873,110.30963963446196,-129.5004755334614
147740000,0.6226685067355101,-0.30449485510070623,5.517478915978695,3.1836700121446047,110.5009086725192,-129.51927364174153
147744000,0.6227875683093714,-0.30496660285949984,5.524161041566743,3.1797323388161054,110.31546754323567,-129.61095503498916
147748000,0.6224455028512638,-0.30492743557845287,5.517263800346513,3.1837969403127717,110.30122697601627,-129.4653948794575
147752000,0.6226701030237003,-0.3051093660117837,5.523252671438237,3.1802670487567393,110.24571104971682,-129.57485663416048
147756000,0.6225451701174576,-0.3047446782509908,5.517457799244703,3.183682471540945,110.3860271008617,-129.49042999401124
147760000,0.622879178859848,-0.30522985548561177,5.528379323248811,3.177251637800673,110.21420857830617,-129.67239407055757
147764000,0.6223564364764181,-0.30481584774653186,5.514523786812456,3.185414570799322,110.3395716503002,-129.4184442173079
147768000,0.6222128766781362,-0.3049549215636427,5.513086927280551,3.1862635186620905,110.26902176064051,-129.37134153844073
147772000,0.6224077858532263,-0.30481663986957896,5.515509880836674,3.1848322159218028,110.34384252566053,-129.43982813017004
147776000,0.6221043665761541,-0.30473363003226783,5.508957596778281,3.1887058234570893,110.35105421224746,-129.30649234253815
147780000,0.622035836326733,-0.3049410359404363,5.50958740883157,3.188333074585274,110.25892011843186,-129.29670539309575
147784000,0.6220965071602148,-0.3047397657652557,5.508865261536194,3.1887604786873918,110.34780311772242,-129.30378493163184
147788000,0.622191562031618,-0.30495815973693613,5.512711226684736,3.18648557144332,110.26577138047367,-129.36279287944322
147792000,0.6221756413572889,-0.3049626057119336,5.512449554800326,3.18664024757983,110.26250292030339,-129.35658956470238
147796000,0.6220576226587603,-0.3053108265888594,5.513454543456597,3.1860462743575284,110.10766597302435,-129.33877430024614
147800000,0.6218131119928509,-0.3049431604748881,5.505372928507195,3.1908290581657264,110.2380531077444,-129.2046337209207
147804000,0.621912215722375,-0.3052438383135594,5.510061300626622,3.1880526638769235,110.12243844246424,-129.27259155882996
147808000,0.6218925147112538,-0.3051807746473309,5.509097910660165,3.188622772257306,110.14678670504695,-129.258801598715
147812000,0.6220087730666278,-0.30551395118951924,5.514423554495305,3.1854737767849577,110.01921956600468,-129.33661035601426
147816000,0.6217203732719645,-0.30528880979092243,5.506833662848029,3.1899635055901876,110.08669325022335,-129.197219708748
147820000,0.6218295478764048,-0.30564851044785885,5.512270198256952,3.186746275296149,109.94764187694128,-129.27440051121968
147824000,0.6217812118310933,-0.30561356972571024,5.511023760195547,3.1874833118928505,109.95780022516719,-129.25131130834762
147828000,0.6218254803807926,-0.30591904895512373,5.514725233453126,3.1852955854997718,109.83543226401065,-129.29666302418374
147832000,0.6216418133883863,-0.3054275419496006,5.506635730282533,3.1900807619654037,110.02230806920409,-129.17711824443583
147836000,0.6217923376287693,-0.305903739405755,5.513950830587202,3.1857530389317352,109.8388325202095,-129.2816128145732
147840000,0.621805326587689,-0.30574853539640057,5.512745078193316,3.186465562681835,109.90413598550359,-129.27325215946075
147844000,0.6218374106888864,-0.30593543407630525,5.515105916154304,3.1850707582129703,109.82971306579863,-129.3030406158143
147848000,0.6216559285511374,-0.3056718741094175,5.5091863355959685,3.18857043615477,109.92257225904076,-129.20470033432758
147852000,0.6216906307482664,-0.30596955080781274,5.512631455843877,3.1865327229533285,109.80265618352014,-129.24540311300507
147856000,0.6218242567508727,-0.3058904576825996,5.514434121878646,3.185467534657836,109.84714193963731,-129.29363207454725
147860000,0.6242703653814694,-0.306742792048728,5.569453178231247,3.1532998015367757,109.7056057167857,-130.3824316469928
147864000,0.6210591257819104,-0.3057556404408555,5.498642482936282,3.194823302068357,109.83489209089188,-128.96581794425157
147868000,0.6217234429410834,-0.3063170699882649,5.516513826238705,3.184239539755926,109.66203217825407,-129.28955012561764
147872000,0.6195017265797639,-0.3055381936077495,5.467265773190141,3.213578355507832,109.78425260955918,-128.30594859328113
147876000,0.6228912775907832,-0.3059461799562846,5.535341581722081,3.1731657992231503,109.91783218048427,-129.74043546364172
147880000,0.6215478487707857,-0.3061240583079706,5.5113624239332655,3.187283021089242,109.72625724650672,-129.20008494555773
147884000,0.6214990770055288,-0.30592813844302774,5.508601369066163,3.1889166928033523,109.80281758298193,-129.16264011812336
147888000,0.621592344914906,-0.30621892686761354,5.513097737650468,3.1862571298016107,109.69102257538943,-129.22680845986366
147892000,0.6213260812849265,-0.30615160771313227,5.50740564672823,3.1896247080778037,109.69531767957766,-129.11102623006164
147896000,0.6212432294918804,-0.30643193265472146,5.508456910682371,3.189002213123847,109.5724661843026,-129.1015844963959
147900000,0.6210903630179052,-0.3062283692118243,5.503649716571403,3.191850751714906,109.64285133116724,-129.02065624100027
147904000,0.6212772601271629,-0.3065139300364226,5.509871943791825,3.188164703902345,109.54167279177075,-129.12281197693667
147908000,0.6209577678180486,-0.3065082516059412,5.503753625546008,3.1917891252671056,109.51591550083289,-128.99075673449306
147912000,0.62105271226384,-0.30658019594246516,5.506228665751385,3.190321936703801,109.49465831985445,-129.03616197280294
147916000,0.6210232146715099,-0.3064982552813302,5.504901463383705,3.191108524432388,109.52579229422817,-129.01681291156677
147920000,0.6211472562888313,-0.30686555133617455,5.510700254776743,3.1876746616123834,109.38549831599137,-129.10007813752497
147924000,0.6211407158831895,-0.30676126767682366,5.50959730580127,3.1883272178517514,109.4278463140797,-129.08826651114626
147928000,0.621077299129288,-0.30707689354639167,5.511355733266003,3.187286977803549,109.29245011497349,-129.0897342236283
147932000,0.6208136947351277,-0.3068662148855781,5.504374571749944,3.1914209039683747,109.35603906170833,-128.96294999859253
147936000,0.6210016420257713,-0.30705231325671695,5.5096875021227385,3.188273843342988,109.295964475917,-129.05648099962502
147940000,0.6210103074266252,-0.30698634098012895,5.50923262563743,3.188543039141968,109.32384801404598,-129.05428852326065
147944000,0.6209341290643589,-0.30713287993047794,5.509162030591805,3.1885848213942865,109.2569606224684,-129.0357500247181
147948000,0.6207705380499472,-0.3067014374568563,5.502012750826052,3.192821922818166,109.41998312582783,-128.93074744936064
147952000,0.6206133262079376,-0.30704688701531263,5.502270097106151,3.19266920607514,109.2642736540067,-128.8964605673526
147956000,0.6207492282097343,-0.30700664750047757,5.504468784192562,3.191365043465896,109.29268921592562,-128.94875403064913
147960000,0.6207628492540641,-0.30706518706400854,5.5052761793506075,3.1908864032822706,109.26983185862314,-128.95946670078553
147964000,0.6205764365792893,-0.30684976017580046,5.499724592683167,3.1941804321499823,109.34198373358001,-128.86403009285652
147968000,0.6204031617637565,-0.3071004883533202,5.498792621554001,3.1947340906741655,109.22387653194481,-128.8149039061209
147972000,0.6205106275719731,-0.30716035350570325,5.5013883206329774,3.193192539219626,109.20871929308932,-128.86423191872217
147976000,0.6205630987590899,-0.3070922231294228,5.501743503435475,3.192981717840734,109.24126791361068,-128.87980799339883
147980000,0.6205027181328396,-0.3071620388735756,5.50125431679918,3.1932720855006,109.20733634190046,-128.86113385003668
147984000,0.6202729735748135,-0.30703244603144303,5.495692802924636,3.1965770052569864,109.24036655314556,-128.75554239589664
147988000,0.6204882675581149,-0.307315714038882,5.502421939790973,3.1925791051538606,109.14303074401705,-128.86862235516935
147992000,0.6203083212503934,-0.3073556244167697,5.499389041341516,3.1943797516540795,109.11096945658903,-128.79832270735054
147996000,0.6201921984635583,-0.30747972991795114,5.4983557243907635,3.1949937061410205,109.04999141367043,-128.76156889219544
148000000,0.6201549195651831,-0.30745962767454094,5.497462108161577,3.195524848670179,109.05497383938317,-128.74454759414098
