frequency_hz,s11_real,s11_imag,swr,return_loss_db,resistance_ohm,reactance_ohm
902000000,0.8200027558128328,-0.14166984819614362,10.915453670936639,1.5959598544587272,293.0521459504661,-270.00494179581864
902013000,0.8212228329517646,-0.1413398599362881,10.99738487931686,1.5840035892207516,294.2111177198603,-272.1306751320871
902026000,0.8181466319143067,-0.13961274501753657,10.762856386584623,1.618717878376275,295.9763738448835,-265.61350923638827
902039000,0.8184723779554821,-0.14133226272804647,10.805346874849338,1.6123158099810984,292.976792379716,-267.0320119014448
902052000,0.817352635130826,-0.14071494266544393,10.721741544987324,1.6249614048957022,293.57556608744204,-264.6970358311553
902065000,0.8187697960268192,-0.1386564462406882,10.794355032693401,1.61396708308982,298.051113320877,-266.2885624204755
902078000,0.8193951804700819,-0.14021332782951273,10.85572591510791,1.6047906638548017,295.4708300355588,-268.20776363216265
902091000,0.8203250362824281,-0.13890792972722005,10.904956866372007,1.597504751779246,298.35240354140865,-269.31359934765277
902104000,0.8216951183216554,-0.14070510649250664,11.02321065670417,1.580271968089916,295.6153397075387,-272.73422197559074
902117000,0.8203720605030671,-0.14142842264174987,10.938417798704181,1.592590469314791,293.66585300097773,-270.5821802659472
902130000,0.8198606046868593,-0.1408158616982242,10.895251727887667,1.5989358043546276,294.57111229325335,-269.35295308138825
902143000,0.817692228690596,-0.13884546975856235,10.723092691391157,1.6247554579793215,297.15907913319717,-264.39610926620054
902156000,0.8182066033528436,-0.1391825048762847,10.761947278256672,1.6188554114812832,296.79756885299594,-265.51104280013885
902169000,0.8160619114602025,-0.13936919236822742,10.619617509371622,1.6406805631881176,295.37828921926746,-261.6918203952885
902182000,0.8163894872302294,-0.14054287978205385,10.654910642023568,1.6352137896661467,293.42110850230495,-262.8683447302342
902195000,0.8188521007514618,-0.14205099886791758,10.840062658225348,1.607122736397063,291.8333294155284,-268.0559150354793
902208000,0.8172443136897615,-0.14052040971426943,10.712149453047594,1.6264249750599067,293.877189157178,-264.4063475525952
902221000,0.8181496585182572,-0.13772841005550157,10.741317444098543,1.6219826782566167,299.45237977618535,-264.6655500590158
902234000,0.8164777320848499,-0.13884837353509494,10.641423813699598,1.637298529623693,296.5345839276994,-262.17942867983624
902247000,0.8177376260696795,-0.1398701753490628,10.738016313125161,1.6224842201229461,295.30350489789475,-264.98975480906904
902260000,0.8188381581668353,-0.14016499034294677,10.816695757686789,1.6106144513658545,295.29486352186893,-267.1547756485205
902273000,0.8187131994512635,-0.139258395270173,10.797480493973007,1.6134972089235546,296.90856527017695,-266.4834392728744
902286000,0.8187562554626865,-0.14102021366059528,10.821166287885866,1.6099452436382427,293.68127972771214,-267.4078910810124
902299000,0.8186219348889218,-0.14251057857960886,10.8296922729244,1.6086705069418616,290.88964458693715,-267.8404384352121
902312000,0.8182308294175462,-0.14037772539755597,10.777541886750631,1.6164994468678722,294.61264765112765,-266.1394089299126
902325000,0.8196528157682821,-0.13891461017228024,10.858252823266758,1.6044150729667253,298.0102591178814,-268.0591309881535
902338000,0.820446509790965,-0.14077299339408322,10.935730157154254,1.592984073082938,294.92046041173916,-270.4235135641079
902351000,0.8216642885134937,-0.13881947485750976,10.99821198330898,1.5838838053115454,299.1679941841165,-271.7981563292029
902364000,0.8198635873896016,-0.13828516742532734,10.865491263526025,1.6033401514704,299.29169051631465,-268.1404564650244
902377000,0.8196563227183459,-0.1375877501081757,10.842999493856325,1.6066849589098606,300.4933881501889,-267.3983220829094
902390000,0.8183534335319786,-0.13931854204773225,10.773549897036826,1.6171018839039681,296.6198100703787,-265.84904698635484
902403000,0.8181595802109229,-0.13780571363096328,10.742876845276871,1.6217458660753612,299.31455890600927,-264.72410329652865
902416000,0.8186492988042405,-0.13827447094641446,10.781674658413328,1.615876238290056,298.69833195863026,-265.8720206404377
902429000,0.8201799905567485,-0.13905290174984564,10.896544939737772,1.5987449678247216,298.00990859479464,-269.11236284344915
902442000,0.819112270616389,-0.139702384890519,10.830135679142774,1.608604267787651,296.2819259437402,-267.43887528285626
902455000,0.8150581915194475,-0.13944311753908428,10.554040390341534,1.6509361688880437,294.73290045597673,-259.923003634557
902468000,0.8155730180117621,-0.13923140520923877,10.58561843440392,1.6459816742054112,295.37731482501647,-260.7393362515011
902481000,0.8178427401523505,-0.13904733651906187,10.735625981147276,1.6228475782266623,296.8642700646532,-264.77425564293776
902494000,0.8200302715720242,-0.13964527779956737,10.893122973968243,1.5992500395767326,296.8299321732916,-269.1183825780315
902507000,0.817869797732166,-0.13868945920398845,10.733337937875264,1.6231955401919902,297.53575595926867,-264.6433455180585
902520000,0.8165062999763502,-0.14024317181772925,10.659281612573805,1.6345392845168971,294.0200362845266,-262.932520577949
902533000,0.8196627207569236,-0.14224653649497862,10.898677281103977,1.5984304024738116,291.8352557313933,-269.63299759072316
902546000,0.8188562851177118,-0.13985179805025758,10.814258477778738,1.6109795305221595,295.8817673602564,-267.03762319088037
902559000,0.8210170756611277,-0.1398056266022012,10.96424907008796,1.5888174149794507,296.99726220387544,-271.0435637972478
902572000,0.8178571564322693,-0.14034035008871312,10.751617792600989,1.620419740102241,294.50145549269917,-265.4370269120038
902585000,0.8190991743285585,-0.13965511450451912,10.828676435126482,1.6088222805962098,296.36313967514616,-267.3917255597888
902598000,0.820869561334483,-0.14060269072844245,10.963445673882303,1.5889344932097664,295.4326773528326,-271.13629745544614
902611000,0.8202011831440521,-0.14021484539756762,10.911842645730053,1.5964909792375224,295.8479809390016,-269.7071205828618
902624000,0.8183010651099177,-0.1387840877747193,10.763774451466196,1.6185790140741623,297.57935296590966,-265.48577986922453
902637000,0.8157835168871168,-0.13725239003637843,10.577359313802601,1.6472746213877247,299.0671982362385,-260.07611496886415
902650000,0.817094985931652,-0.13835111774138498,10.67713245282354,1.6317904208039515,297.7593961795129,-263.04856327517564
902663000,0.8183589706451593,-0.13859332201157232,10.765519446068549,1.6183151362167012,297.96083877422325,-265.4964505923591
902676000,0.8160665789924259,-0.13799919889708073,10.60445294600487,1.643040773702176,297.8627690418311,-260.9899994841945
902689000,0.8174230409736255,-0.13766385220189367,10.691401705237492,1.6295997481500033,299.1911197245381,-263.29168232574403
902702000,0.8181479373250438,-0.13730068129738313,10.736315615204724,1.622742729123228,300.24322884955643,-264.43821001246135
902715000,0.8157799912871542,-0.13590560945436952,10.562242388136195,1.6496464277147558,301.5156208993951,-259.32549360330233
902728000,0.8186984238994502,-0.13875008502128727,10.790549686809982,1.6145395400713782,297.84180623612514,-266.2033128849019
902741000,0.8170810389235748,-0.13996755894841284,10.694724306383224,1.6290904956164405,294.8031125589755,-263.8395150436625
902754000,0.8162360134908507,-0.139382572779565,10.631366948086143,1.6388565529966124,295.44242696116777,-262.01354863765596
902767000,0.8169394690410112,-0.14102831438126806,10.69747759127297,1.6286687435444498,292.80906215696183,-264.09725754291964
902780000,0.8138632075692919,-0.1435824120890531,10.522836417086648,1.6558614481092893,286.8210503219152,-259.81740748859283
902793000,0.815394884257303,-0.13852650748490414,10.565924197788798,1.6490681305177968,296.5549499529026,-260.05263546159614
902806000,0.8168497677907419,-0.1549903086476907,10.864071123066019,1.6035509309922313,268.1569356999801,-269.23930735835984
902819000,0.8189755969008914,-0.14050213473943413,10.830144520138106,1.6086029471129193,294.73822846462275,-267.5686603372027
902832000,0.8193168112999474,-0.13981348654144732,10.845572332123677,1.6063016369548901,296.17467025290955,-267.8715598756811
902845000,0.8159221327380184,-0.14036874753853443,10.621717458490576,1.640354263393737,293.50546302833664,-261.94040780203295
902858000,0.815736695699368,-0.14313309286277998,10.641369861681175,1.6373068800172983,288.47013821114405,-262.9187504681446
902871000,0.8202719748193525,-0.14103427102830315,10.926634712151435,1.5943175450347145,294.353869802574,-270.21771899272306
902884000,0.8196006471874319,-0.13879423518777909,10.853224893904184,1.6051625806855485,298.20909293503894,-267.90237318402393
902897000,0.8168512542122599,-0.14160872034313896,10.69829958213205,1.628542872272711,291.71778105888404,-264.21266215127264
902910000,0.8173118047882353,-0.13997881693734823,10.710429353691564,1.6266877090303697,294.8961412132579,-264.26531696438497
902923000,0.8197745186366445,-0.1417494212450777,10.900469003856891,1.5981661815158246,292.80264244352685,-269.61823489146894
902936000,0.8186130584244314,-0.13996909619114523,10.798925451417636,1.613280070307057,295.54783653515574,-266.64553661092145
902949000,0.8177698707938086,-0.13970399756067434,10.738276956660176,1.6224446091582356,295.62358681319023,-264.9671431359602
902962000,0.8155602293429176,-0.14215915307171487,10.618268002821528,1.6408903244799653,290.12375277230956,-262.1544391506657
902975000,0.8189611850912034,-0.13932115906814402,10.815252685511199,1.6108305885123864,296.9144311251339,-266.97324916851863
902988000,0.8201093913180841,-0.13874273998932565,10.88796048407527,1.6000126132730257,298.556451840364,-268.8282480315553
903001000,0.8198102353857704,-0.13883502905137607,10.868239153452697,1.602932462993043,298.23641024349496,-268.3138647548049
903014000,0.8194205837204008,-0.14408216079141115,10.904155608791912,1.5976228023853165,288.36269718221246,-269.9755572680451
903027000,0.8204951416826264,-0.1435586253394096,10.973136828112189,1.5875233632049395,289.7713653919815,-271.73142054532434
903040000,0.8210866023907474,-0.14189330008727566,10.994493099936602,1.584422529021592,293.11595624873024,-272.1196735141304
903053000,0.8213127736773874,-0.14289780744224204,11.02293586808023,1.580311580079273,291.3389741817684,-272.971896251244
903066000,0.8192399363755097,-0.1373983941945904,10.812085114874918,1.611305217680767,300.63284196000814,-266.52120203537896
903079000,0.818321689304813,-0.13994553363609805,10.778692508769687,1.6163258883731302,295.45013776459126,-266.09782801888434
903092000,0.8205636252047481,-0.13970884592856908,10.931184294139262,1.5936502567173918,296.96508664035076,-270.14640642033345
903105000,0.8216162809123208,-0.13965121841116104,11.00481125281415,1.5829287278124917,297.5692674881494,-272.10146719240197
903118000,0.8168482758718585,-0.13991479228743672,10.678449168227155,1.6315880260279263,294.78407336636906,-263.39032427191705
903131000,0.8180235419409437,-0.1428913291815396,10.793134741568704,1.6141506131640837,289.93092724824663,-266.9201419924982
903144000,0.8162777132628043,-0.13987912615786718,10.639817002122097,1.637547259610489,294.5651150640912,-262.33870727177356
903157000,0.8157383451675299,-0.14094874300434257,10.61614391792445,1.641220591777011,292.3734704219014,-261.8944800961253
903170000,0.8166066939820923,-0.1408400159979635,10.672903388506723,1.6324408189222583,292.98987312387425,-263.4049206419178
903183000,0.8176178296811731,-0.1423466883987199,10.758934260244716,1.6193113990573722,290.73670736595807,-265.9401509733049
903196000,0.8196305790117117,-0.13987932378699083,10.868091941954818,1.602954298637396,296.20280240363695,-268.48572018494394
903209000,0.8181050831716306,-0.1398709149665387,10.763030187364018,1.618691587851639,295.48182829866414,-265.6636055093434
903222000,0.8166198121547009,-0.1416667380750788,10.683393374914973,1.6308284921338454,291.5043658699879,-263.8224451597412
903235000,0.8137977632479487,-0.14731241445819024,10.562259282455635,1.649643773216248,280.30850186198796,-261.32093670900025
903248000,0.8138591941451668,-0.14214504105340645,10.506100035799268,1.658515306462437,289.3410170247022,-259.1352421333065
903261000,0.8199382250726142,-0.14382568298728737,10.937228168095025,1.5927646660625663,289.0478609846444,-270.81700261568835
903274000,0.8190127441570414,-0.14100592565602132,10.838683714316574,1.607328370320763,293.826928602502,-267.8731942050646
903287000,0.8183400353146774,-0.1425052089623756,10.810227513926948,1.6115836913374402,290.7738071092028,-267.3238579294121
903300000,0.814682379317626,-0.1411705850767666,10.548887413820387,1.6517474951402724,291.4623720173474,-260.1179675299722
903313000,0.8165865641582938,-0.14365340910585325,10.704530610553384,1.6275893505325083,287.92240570405005,-264.66820911927823
903326000,0.8177137573048883,-0.14021901639608958,10.740452741147408,1.6221140227853514,294.65392303305026,-265.11618962698515
903339000,0.8168186415635307,-0.1405191106962255,10.683431724012053,1.6308226036796836,293.6732020901382,-263.63300905741016
903352000,0.8179328536408386,-0.14139818566958606,10.7691931802102,1.6177598765797079,292.6056866424943,-266.07668357566797
903365000,0.8190387965762006,-0.14237398316610314,10.856853036173359,1.6046231106935418,291.3247663355648,-268.5424589193611
903378000,0.8169305166211185,-0.14120003422622576,10.698873952404139,1.6284549306650353,292.4939681253915,-264.1628693597978
903391000,0.8209584481090726,-0.1417657895172582,10.983857072238628,1.585965312353332,293.2978399403194,-271.82455024941544
903404000,0.8171020695271659,-0.13880273186315842,10.682759665677462,1.6309258035417065,296.93737663859224,-263.2936061024853
903417000,0.8188173797543711,-0.13886403034979022,10.800033278599136,1.6131136330795801,297.690204884391,-266.4806541484801
903430000,0.8170386242910712,-0.14184476175410496,10.713712725901978,1.626186269136603,291.3789598964699,-264.6614185466896
903443000,0.8169990789516947,-0.14049669863785155,10.695321384643176,1.6289990157229763,293.80148401033784,-263.9493463396089
903456000,0.8170613415506283,-0.14116190610042126,10.7072575025899,1.627172411919161,292.62515344338067,-264.3816246821451
903469000,0.81863072132103,-0.14383585510982747,10.84629673371822,1.6061937429214437,288.47928362930975,-268.4327663008384
903482000,0.8117904643822744,-0.16320658997388698,10.63019959679687,1.6390375933123316,253.27408994601765,-262.9852408119
903495000,0.8200638106645706,-0.14293217023684,10.93507762837354,1.5930796650344605,290.745402059161,-270.6708416712634
903508000,0.8159530263785316,-0.1424160201739153,10.64743635894171,1.6363684762158661,289.84839095836315,-262.97555645953446
903521000,0.8189648471662914,-0.14050424268359005,10.829428111837784,1.6087099717921995,294.7292602526509,-267.54982601176994
903534000,0.8195890819457324,-0.14018234001929566,10.868805166034333,1.6028485128148526,295.6201631396057,-268.55272258071955
903547000,0.8191495831959706,-0.14315666911766542,10.873996436065081,1.6020789621914902,289.9398865532744,-269.087916517976
903560000,0.8170949464787097,-0.14122979522784135,10.710319840050618,1.6267044394081986,292.5180977574247,-264.47470901879757
903573000,0.816086744677394,-0.14115067059841352,10.641682723722887,1.637258458157647,292.1794918896342,-262.6176381932027
903586000,0.8166582003276667,-0.14480465077288826,10.723107509715947,1.624753199603675,285.8978715484698,-265.2945158815983
903599000,0.8150375725674378,-0.14144768960208315,10.575444806834748,1.6475746241712639,291.14234464304377,-260.88431658797083
903612000,0.8150322676328994,-0.1415723615238623,10.57652355379154,1.6474055713033506,290.91792488289855,-260.93500252085715
903625000,0.8178556875135393,-0.1410309858545513,10.75960779391534,1.61920944468973,293.23920902999316,-265.76379669848103
903638000,0.8168333946015947,-0.1412224235852218,10.69258921065903,1.62941770343926,292.4073067343854,-263.9978483257916
903651000,0.8182945946084512,-0.13762898866234544,10.750038613686117,1.6206591629874048,299.7119443758337,-264.8820552359141
903664000,0.8171162836951743,-0.14048706057108404,10.703114605536118,1.6278059405903673,293.8758304175486,-264.15749632012063
903677000,0.8161614052794252,-0.14048287280541139,10.638974621535048,1.6376776880812756,293.41770620088914,-262.4275169894248
903690000,0.8166706702301265,-0.14144614005681674,10.684242096272396,1.6306981820410358,291.92609413291575,-263.81008571031384
903703000,0.8131344833891604,-0.1407770576015963,10.44366377847105,1.6684914588566597,291.3885557272558,-257.1885773565664
903716000,0.8159083215092603,-0.14338367421537498,10.65577858963799,1.635079808140385,288.10161682232047,-263.3375526563072
903729000,0.8180014062073859,-0.14208006802387552,10.781948124342232,1.6158350175127312,291.39522671962095,-266.5155594038365
903742000,0.8189667750614551,-0.1420352785812514,10.847799069043303,1.6059700279809308,291.9137208257913,-268.25910329294186
903755000,0.8195815215572417,-0.14324562469972854,10.905152825502768,1.597475883458507,289.96234194983185,-269.91757422694894
903768000,0.8207721201172422,-0.1431218951346351,10.98732446275714,1.585462027497888,290.69524966380834,-272.0611872837472
903781000,0.8192611830168994,-0.14135669339110687,10.860054198776115,1.6041474303668086,293.2951131350282,-268.4927502575769
903794000,0.8186403244063569,-0.14107985635901119,10.81389579565671,1.6110338707157867,293.5176893075496,-267.2227225024174
903807000,0.8164382932958548,-0.1427395241462893,10.683750616941051,1.6307736397354533,289.49232382026065,-263.9928208530198
903820000,0.8176657666472897,-0.139910318124122,10.733604762210124,1.623154954265349,295.1948529750884,-264.8779705626038
903833000,0.8165199329444042,-0.13937610070568718,10.650255508663957,1.6359327595431872,295.5978174913099,-262.5248452723708
903846000,0.8176810873895322,-0.13913342419072883,10.725654294914158,1.6243651522332148,296.625133861704,-264.5207844552473
903859000,0.8147402258310297,-0.1410966703413798,10.551847880951112,1.6512812775486276,291.62205122273093,-260.1845660178564
903872000,0.8175431204833783,-0.14254989857779427,10.756257895039685,1.6197166539922243,290.33486704686976,-265.89680207480876
903885000,0.8156547804477633,-0.14155650035044717,10.617585304410547,1.6409964605747362,291.24478470173585,-262.03780929362017
903898000,0.8168070450620513,-0.1413328082160267,10.692100388148603,1.629492635043472,292.1952936036755,-264.0026294662746
903911000,0.8164195042278187,-0.1395567936173732,10.645603902364169,1.6366518183375107,295.2195477401652,-262.43383303880216
903924000,0.8146272028427881,-0.14238431346301056,10.559149354163294,1.6501325611843596,289.2846350079012,-260.6035543779282
903937000,0.81809603816989,-0.14302125022459977,10.7996596388966,1.6131697639391391,289.7271821473459,-267.1091153659034
903950000,0.817171106404905,-0.14032337262302366,10.704916735776438,1.6275302994129808,294.1999931313915,-264.17763047883057
903963000,0.8191892784249695,-0.13929474900780858,10.830659200985073,1.6085260674375577,297.07521452764814,-267.3832307803615
903976000,0.8180996516145603,-0.14055126940896304,10.770615883502712,1.617544947400099,294.2318325734604,-265.982014155649
903989000,0.8176028884923331,-0.13862120969863306,10.714468642947912,1.6260708686322896,297.5253673395258,-264.11814542107993
904002000,0.8195340241403346,-0.13934254510431143,10.855054802658584,1.604890445327387,297.15467866584333,-268.04729389978934
904015000,0.8164292487832506,-0.13979938470529638,10.649030289830051,1.636122095942347,294.7850296922628,-262.5730661725251
904028000,0.8165720564908368,-0.14184543573212688,10.682268146645752,1.6310012884627763,291.16012850868077,-263.82025637399556
904041000,0.8141655739588514,-0.14031094378249842,10.505328593827638,1.6586378383779345,292.7313906293529,-258.7731773253061
904054000,0.8167300731897773,-0.13988848576789573,10.670207226204036,1.6328557398017949,294.77325266837823,-263.1626971674074
904067000,0.8171916997796347,-0.13966273321054828,10.698669025171938,1.628486305900367,295.41302196899596,-263.89024282022694
904080000,0.8160301489419681,-0.14005234700559177,10.62528922896054,1.6397995641023249,294.1289647913063,-261.97808453094865
904093000,0.8168009022557678,-0.14121627205557571,10.690329356033722,1.629764174457788,292.40297245501756,-263.9361869475577
904106000,0.8183713393558205,-0.14096348697387925,10.794052042103097,1.6140126485436954,293.60532967825395,-266.674902751964
904119000,0.8152921724736197,-0.14133677031107264,10.591001809635632,1.6451400139842052,291.4630512935023,-261.2844593361643
904132000,0.8167825010998936,-0.1421782818447062,10.700335099507916,1.6282312579358327,290.6586157958273,-264.3538798433979
904145000,0.815499999817474,-0.14226475058134935,10.615488410940909,1.6413225414281285,289.9072734366859,-262.09660394806065
904158000,0.8171076586420161,-0.1375235018973812,10.66859826432019,1.6331034487997378,299.282335117563,-262.63827954524146
904171000,0.8182843840154379,-0.13976693474341728,10.774056324880894,1.6170254331938883,295.76037923084306,-265.9422972482565
904184000,0.8155226846028499,-0.1416019144728285,10.609332320209514,1.6422806057647763,291.1004872648345,-261.82342213909624
904197000,0.8159045228521702,-0.1404881650620168,10.62191334904681,1.6403238316520778,293.2819413327575,-261.96759846543864
904210000,0.8169433310709017,-0.14175071161298342,10.70617285565258,1.6273382275087118,291.50446923679476,-264.44544094746686
904223000,0.8136202080487354,-0.14235991291498998,10.49298091536851,1.6606015553152513,288.8491122521667,-258.8184566927392
904236000,0.8167822534282911,-0.14174337664646622,10.695223088925873,1.6290140751537021,291.44240435903606,-264.15126389078193
904249000,0.8170543370055707,-0.1438431125937392,10.738437320020177,1.6224202391074873,287.7876835826088,-265.5894160433367
904262000,0.8170129306966,-0.14123038015360617,10.704787980837414,1.6275499897580616,292.47816510389026,-264.3264446830135
904275000,0.8151540404601975,-0.14145353654606413,10.583204898503439,1.6463592973723509,291.1881610124554,-261.09454663231384
904288000,0.8174209063596207,-0.14331474422686505,10.757041798681337,1.6195979343217284,288.8986815855108,-266.0171923402937
904301000,0.8160547802947229,-0.1408915106491167,10.636560118159931,1.6380516488243366,292.62996553704,-262.434944031239
904314000,0.816043324578389,-0.1432871896641374,10.663682284766029,1.6338607595236652,288.3342916527671,-263.5347138494566
904327000,0.8134864401248741,-0.14169318762123612,10.476728316239436,1.6631934133643487,289.95452521843293,-258.2613315445474
904340000,0.8191020905707491,-0.13927435137720867,10.824407954286723,1.60946033711084,297.0703287553904,-267.2114623778256
904353000,0.8179808248626393,-0.14291876641612017,10.790537475886413,1.6145413776764581,289.8622243570447,-266.85479603944003
904366000,0.819029028741554,-0.14039397224818798,10.832550896772647,1.6082435615424262,294.9631338542395,-267.6160950245206
904379000,0.816316221189587,-0.14262420058290273,10.674195637185194,1.6322420256821049,289.64320809033626,-263.72138765336945
904392000,0.8194325337502725,-0.1389161851613814,10.843020905415132,1.606681768088063,297.8986659684336,-267.6492975330844
904405000,0.8184949546975959,-0.13885633579696843,10.777854209659441,1.6164523327454305,297.54327851418185,-265.8801363066317
904418000,0.820597644612906,-0.13931297410070345,10.928849175506759,1.5939926791621273,297.7240670057639,-270.02139317759566
904431000,0.815747744104682,-0.1407353495585705,10.614319591994098,1.6415043569554428,292.7608901438197,-261.8072351678763
904444000,0.8163139514434723,-0.14058806364919577,10.65037728160134,1.6359139440410728,293.30267888989044,-262.75408094403235
904457000,0.8182865569131479,-0.14245175099716723,10.805915239734814,1.6122305182780545,290.84727595242725,-267.20252754679694
904470000,0.8178809583817401,-0.14204834808325378,10.773341045177908,1.6171334144416587,291.39801963815324,-266.2820114666781
904483000,0.8180791520758305,-0.1428062997612242,10.795927715321424,1.6137306155487463,290.1099515027598,-266.9833844789687
904496000,0.8168279159704747,-0.14113174702198839,10.691164678488025,1.6296360892608779,292.56865389004594,-263.9447645891281
904509000,0.8168326852788866,-0.1391537519511757,10.668670690614457,1.6330922967322294,296.1601928030841,-262.98081444297725
904522000,0.8155181440793319,-0.14352524813922424,10.631391817411702,1.6388526965386765,287.67444634439914,-262.7077251580564
904535000,0.8199892327815116,-0.13959294418875134,10.889641531915501,1.599764218368526,296.90795323664014,-269.01669996228196
904548000,0.8156206924137517,-0.14134710921148605,10.612906068441857,1.6417242914666303,291.6029922370852,-261.87643333088937
904561000,0.8145445257035155,-0.13981679976783537,10.524535321674026,1.6555925319986913,293.80233750977214,-259.1961373244229
904574000,0.8170998894538447,-0.14040513554277442,10.701058111019451,1.6281206019593961,294.01672093596494,-264.08794498681243
904587000,0.8164139491544061,-0.13921735465166982,10.641360421116007,1.6373083411842964,295.8321166193914,-262.2521275858414
904600000,0.8188656868196238,-0.13926213657332695,10.807994917017348,1.6119185085336922,296.97678954903114,-266.7673960031704
904613000,0.8172811560482691,-0.14149383180222327,10.726007469280226,1.624311354604007,292.1273194198582,-264.93657874568856
904626000,0.8148817398270909,-0.14113585437228254,10.561605953456837,1.6497464329480673,291.6216132448141,-260.45544190135104
904639000,0.815433768918965,-0.14276408891698475,10.616886447339501,1.6411051230494687,288.9877790605941,-262.2109209692296
904652000,0.8163341393746968,-0.14051842049211266,10.650925528192863,1.635829238190731,293.438210754491,-262.75647933456935
904665000,0.8161590545770143,-0.14099935212107922,10.644765364194734,1.636781509449864,292.48645992667093,-262.67472052428207
904678000,0.8138842336523594,-0.13932736864942374,10.4760310337176,1.663304792981862,294.3323858352911,-257.76927017347987
904691000,0.8153882673974936,-0.14059321324216134,10.588853601822796,1.645475770568997,292.8389662869654,-261.0930043037313
904704000,0.81764930329124,-0.14159822676022032,10.752229380083753,1.62032703499883,292.10960789814845,-265.6535714441554
904717000,0.8164798878706653,-0.14399018654165724,10.7013367803114,1.6280779560121437,287.273755433656,-264.62555191919313
904730000,0.8178948235767083,-0.14449207809653536,10.803587849085984,1.6125798356217098,286.98059594146514,-267.3785970400537
904743000,0.8196729733708378,-0.14348469129385757,10.914463085097148,1.596105518714386,289.5625136774545,-270.18702277042144
904756000,0.8173864164479814,-0.1431888911440562,10.753193608946603,1.6201808977326781,289.1103813813766,-265.8993845964673
904769000,0.8149094565102133,-0.13998179873529948,10.550331846534545,1.6515199913186982,293.6932447973062,-259.9311543031548
904782000,0.8165256367005431,-0.14402480971546647,10.704833916559313,1.6275429648059947,287.23193110311513,-264.7223504890028
904795000,0.8178086479618379,-0.1427729506234137,10.777019942545698,1.616578188652875,290.0500539394205,-266.47779390984874
904808000,0.814440598729837,-0.14370211045968817,10.5620991928722,1.649668927433043,286.87487856880807,-260.88482006205373
904821000,0.8146855243769558,-0.14097839889538785,10.546907581088343,1.65205942872658,291.80543018751746,-260.02924013127296
904834000,0.8182083744026707,-0.141012442100294,10.783470055675735,1.6156056483290677,293.4391443890058,-266.39946864439423
904847000,0.8168470517556782,-0.1421369355702725,10.704204113078534,1.6276392859812014,290.7629155518471,-264.4510887584508
904860000,0.8189646249049334,-0.14270393227273284,10.85569336926561,1.6047955025065253,290.6876959846009,-268.5523415984833
904873000,0.8130835890842811,-0.14624148925804795,10.502875748739646,1.6590275565015224,281.85738957979027,-259.6418293914259
904886000,0.811194704905263,-0.14171123255248458,10.330145778552525,1.686941366012963,288.78870514509117,-254.28399641483068
904899000,0.8173876828700297,-0.14585040156276263,10.785373086357895,1.6153189358012963,284.3347878868456,-267.0294306325001
904912000,0.8170498912698704,-0.13972912343817065,10.689876116966266,1.629833680879449,295.22164644421434,-263.66487773280016
904925000,0.8146225204777826,-0.14105095620248106,10.543594904957995,1.6525816235227198,291.64551636925876,-259.95297212139985
904938000,0.8143857041019081,-0.1372103728148952,10.48525251481629,1.6618330188488013,298.3794088641147,-257.5301020861151
904951000,0.8146244364833859,-0.1407640414874748,10.540463324222866,1.6530755758344529,292.1563356192594,-259.814765811866
904964000,0.8184411574345514,-0.1410956919187726,10.800402224777683,1.6130582111589273,293.3957294572681,-266.86476607306497
904977000,0.8174521149789192,-0.14362646319706823,10.762893535079586,1.6187122589197134,288.35057005147956,-266.2101272309672
904990000,0.818352982247715,-0.14492006744067876,10.840323287644633,1.6070838761691755,286.3991582464525,-268.3830943293877
905003000,0.8164041295395498,-0.14152701912837462,10.667282207791093,1.6333061193727418,291.6541789181335,-263.3681105885873
905016000,0.816105306108143,-0.14367961376898658,10.672463525921964,1.6325084963183667,287.66253004400846,-263.8206729853354
905029000,0.8181212654852259,-0.14210295630904102,10.790422445822848,1.614558688598281,291.40804963029007,-266.74417594557826
905042000,0.8149105238640467,-0.14052066629941237,10.556502071167177,1.650548864079966,292.7318109914899,-260.2033537938858
905055000,0.8123541615698483,-0.13732793834316895,10.355893398505618,1.6827208442989243,297.0429156812616,-253.98212145722644
905068000,0.8155513929377618,-0.13952190039617796,10.58747233910718,1.6456917292131312,294.8433598172755,-260.8488167355718
905081000,0.821340872686275,-0.13556488514447243,10.936977707055288,1.5928013457608143,305.2088690886733,-269.52918814915
905094000,0.8191456611246113,-0.13783887046447482,10.810690158182204,1.6115143271366816,299.76188820979405,-266.572446655968
905107000,0.8184597045885843,-0.1384929713344316,10.771237302565261,1.6174510869845549,298.197368100868,-265.63186982720794
905120000,0.8167020932904985,-0.14330667761704063,10.708216033477541,1.6270259045483608,288.59454277859714,-264.72129363573595
905133000,0.818579743239506,-0.14270822813823744,10.829157456697557,1.608750408848214,290.51020857250614,-267.8510624781882
905146000,0.8169897404488812,-0.14374972066269157,10.732941557060192,1.6232558363620013,287.92704048219497,-265.4327565724094
905159000,0.8132240030141853,-0.14464972818826102,10.49348608171747,1.6605211245274212,284.67112780825033,-259.18794947510753
905172000,0.8158556854134277,-0.14437636918247776,10.663974113531273,1.633815783393454,286.31413718708825,-263.68348184315965
905185000,0.815997025103526,-0.13990862638955348,10.621442441753043,1.6403969893568584,294.37159944388293,-261.84662216942473
905198000,0.8179691264554935,-0.14197171357944097,10.778455200765992,1.6163616805785253,291.57769341213617,-266.4073929325897
905211000,0.8147783307990706,-0.14194588893265847,10.5640625771599,1.6493604820847652,290.1327353576191,-260.6630405811701
905224000,0.816106140933922,-0.14179150826617606,10.650401620112683,1.6359101834766718,291.0381632234396,-262.95775065768845
905237000,0.8170899707173628,-0.1423204355925674,10.722781236938225,1.624802926418008,290.5436476657137,-264.97355264852524
905250000,0.8184323325985917,-0.1415228440075472,10.804858467263031,1.612389110118679,292.60937925141457,-267.04674036553956
905263000,0.8187556241024363,-0.1420143290923018,10.832964728987346,1.6081817730953882,291.8570403942481,-267.8626467532869
905276000,0.8197718691772591,-0.1432109793292211,10.91803203450951,1.5955808347043552,290.1072134916061,-270.25241231054036
905289000,0.816213854396875,-0.14305674882780392,10.672405462798144,1.6325174303494152,288.8226430758626,-263.7351449349518
905302000,0.8163394484956689,-0.14377718479225196,10.68934946774005,1.629914452576001,287.59221256949314,-264.2813469384828
905315000,0.8159167417428302,-0.14339497668846599,10.656474863153846,1.6349723431604133,288.08527559605307,-263.35762780275223
905328000,0.8167283198406514,-0.14260081592181137,10.701648919170179,1.6280301907350587,289.87347859688947,-264.45021574506745
905341000,0.8165250055175491,-0.14093799139982507,10.66855565072255,1.633110010434464,292.77354672815477,-263.3046280618964
905354000,0.8165555903024188,-0.1418693195590971,10.68144012627125,1.6311284673474378,291.10943761623116,-263.8017909053735
905367000,0.8166942397625817,-0.1451919262950028,10.73020223977509,1.6236726553027,285.22324586131305,-265.5219821920904
905380000,0.8145967941931548,-0.14600383481810175,10.599436112095722,1.6438230930539413,282.91132517010817,-262.16553223923415
905393000,0.8165010388733176,-0.14531948976869208,10.718664010224032,1.625430690063733,284.9155398614671,-265.2317760789624
905406000,0.818721894860997,-0.14493274686352292,10.865997279316376,1.6032650612232169,286.5274757321392,-269.05539097237903
905419000,0.8187414950869648,-0.1417520496550332,10.828856233365844,1.608795415322223,292.3311833187076,-267.7179033311665
905432000,0.8159156791162737,-0.1406403063966173,10.624400806506685,1.6399375017809892,293.0138386796872,-262.0623589157385
905445000,0.8177462664875811,-0.14272496015326877,10.772187976787281,1.6173075163293098,290.1091416719376,-266.34331575754544
905458000,0.8151839520878036,-0.1423751123642221,10.595799078328865,1.6443907153185136,289.56282818073936,-261.58602763713463
905471000,0.8161383677684464,-0.14425933877745664,10.681549463238783,1.6311116727154777,286.64514954432013,-264.1345346849762
905484000,0.8193515906127398,-0.14212442937249734,10.875544223124038,1.6018496625931729,291.9221344764183,-269.00590166898155
905497000,0.8167267727774453,-0.14309093301008974,10.70732845284978,1.6271615665667403,288.9925255055156,-264.6690817482442
905510000,0.8195747119113153,-0.1455737296501798,10.933373491106213,1.593329366229548,285.7062121349953,-270.8600655979253
905523000,0.8155378950442854,-0.14466943171601304,10.64619328088503,1.6365606754231101,285.6571453926907,-263.24826167975147
905536000,0.8167730500249494,-0.14429440762475912,10.724768379891747,1.6245001158296188,286.8576459954302,-265.28125087166495
905549000,0.8141225415809945,-0.14515330441436117,10.558108212396492,1.6502962625343485,284.1922954780954,-260.97363505539613
905562000,0.8148439576029985,-0.14417046816471246,10.59418458798838,1.6446428105899524,286.23235394810257,-261.80499028427215
905575000,0.8179630288215948,-0.14215357299672637,10.780197336808516,1.6160989582501761,291.2440519599686,-266.47917143407534
905588000,0.8163395184535336,-0.1407773724046693,10.654270433925102,1.6353126300872427,292.97366676572017,-262.89232830448117
905601000,0.8147926278715834,-0.14384753585012328,10.587014111871927,1.645763385010412,286.77812472724423,-261.57005962294846
905614000,0.8171216498800334,-0.1444244233788854,10.749973004037493,1.620669111749799,286.7745244626881,-265.96076830480837
905627000,0.8215972906277652,-0.14229456809451393,11.035753228441896,1.57846601853934,292.58623442780976,-273.24786957869975
905640000,0.8161353177756948,-0.14079646748694402,10.640840657975792,1.6373887917548813,292.8400885381292,-262.5336894237908
905653000,0.8181983397642552,-0.14153555358238737,10.788965323038996,1.614778003838922,292.478192941579,-266.62485130788474
905666000,0.8170547626661014,-0.14127434445996165,10.708125625811551,1.6270397218455863,292.41837788087633,-264.4230184460816
905679000,0.8172241142554186,-0.14186813746010815,10.726539163853142,1.6242303704502572,291.42278905904425,-265.00768946035856
905692000,0.8178272849165217,-0.14217373967573568,10.771164234958473,1.6174621226996955,291.1456792384613,-266.2416101627822
905705000,0.8180406285655493,-0.14151825570789592,10.777971752484678,1.6164346020439255,292.43679542818916,-266.3290029920585
905718000,0.8162271881314114,-0.1418552544099185,10.65924267131632,1.6345452912627165,290.9807695522653,-263.20495029653523
905731000,0.815232608121738,-0.1431937368553689,10.608530456641782,1.6424054813246731,288.1328253001388,-262.0511244759686
905744000,0.8133499140184489,-0.14613442296066598,10.518986612883932,1.6564711500672824,282.1558644616654,-260.05562939255435
905757000,0.8140828616256838,-0.14326653337056533,10.533568527205155,1.6541641545417503,287.47597021635005,-260.0567799802359
905770000,0.8138904158617363,-0.1403340464954632,10.487668497048826,1.661447853137442,292.5513323514624,-258.29736186815524
905783000,0.8153372300053875,-0.1405467407619238,10.584947357133553,1.6460866538877659,292.89693076708244,-260.9786804237069
905796000,0.8193028232381925,-0.1427115681040313,10.87924763220215,1.60130128171073,290.8219239354813,-269.17537994066714
905809000,0.8179742861128625,-0.14707628849934462,10.84074239846708,1.6070213900840156,282.37723864830167,-268.55991715743784
905822000,0.8182666333907306,-0.14430878417971216,10.826921220004884,1.6090845903682907,287.46792279208876,-267.9727259028026
905835000,0.8170247668025877,-0.14541088717585812,10.755282374215048,1.6198644178441681,284.97062706890193,-266.20201657232485
905848000,0.8198655939988532,-0.14143033633504015,10.90297920105472,1.5977961561904064,293.43405736224486,-269.64306997154404
905861000,0.8169615651182077,-0.14411736648786236,10.73542281122518,1.6228784699307965,287.25577397329556,-265.54211966053055
905874000,0.816892747782615,-0.14465467255605435,10.737196128588023,1.6226088792659665,286.2651182150344,-265.6493392717758
905887000,0.8164605927094776,-0.14614356378832377,10.725876849722317,1.6243312509388894,283.43729087935276,-265.500007373887
905900000,0.8175787891519187,-0.1436048528945128,10.77127231905063,1.6174457983475874,288.4447345865125,-266.4290303592717
905913000,0.8148269623851019,-0.1412424717453152,10.559215683585288,1.6501221331455154,291.4052247635753,-260.4100382727245
905926000,0.8180741863245428,-0.14180916306688227,10.783710890371932,1.6155693582887296,291.92185115569987,-266.52430772230827
905939000,0.8177499333261417,-0.1437416424760748,10.78460569782487,1.6154345390538605,288.27221988718435,-266.7971835512438
905952000,0.8171671311200371,-0.14365670107320494,10.743868088804366,1.6215953709173003,288.1716663494612,-265.7105709810159
905965000,0.8161447535039591,-0.1406373875408611,10.639639436315875,1.637574750956924,293.1311416186259,-262.4731589707229
905978000,0.818099584530761,-0.1403740325116512,10.768534040308676,1.6178594729084048,294.55645598137556,-265.89702409013023
905991000,0.8181392134427198,-0.14132306183985585,10.782405174519203,1.6157661289453324,292.8388895486568,-266.41829998646705
906004000,0.8200349264489432,-0.13981969165504035,10.895520006475088,1.59889621129671,296.5066601531194,-269.2103163299738
906017000,0.8193113820197466,-0.1418708278043085,10.869699780740119,1.6027158428209456,292.3708052222022,-268.8184241810392
906030000,0.8187718529635568,-0.14505637030669663,10.870980245841194,1.6025259901209052,286.3239759938419,-269.1962369122105
906043000,0.8174693952124038,-0.14273562264537953,10.753445713004002,1.620142693530763,289.965755742452,-265.8470555141853
906056000,0.8154814048027781,-0.14322183700470653,10.6253933817824,1.6397833947176408,288.19634488265234,-262.5052598660799
906069000,0.8180825737077707,-0.14416492890774554,10.81251478515007,1.611240819391475,287.65023416362425,-267.5792143501857
906082000,0.8154871475336284,-0.14224201609816337,10.61437085354901,1.6414963821217508,289.941757592526,-262.0630504030975
906095000,0.8167372443836225,-0.14340969996253317,10.711810949674794,1.626476672517434,288.42550270290224,-264.8301322276713
906108000,0.8154519543273051,-0.14204961276768832,10.609805800795735,1.642206878780836,290.26807852431824,-261.9098382505182
906121000,0.8175538513695181,-0.14343751516028072,10.767567249968913,1.618005577604201,288.73568391602777,-266.3109370175854
906134000,0.8159554066625816,-0.14364660017902808,10.662025960160964,1.6341160763821287,287.6546318682334,-263.53906421825775
906147000,0.8167754991369599,-0.14401848164536188,10.72163857639211,1.6249771019111436,287.3521073749548,-265.1661653062502
906160000,0.8150330346404581,-0.14232992686921556,10.585290884683259,1.646032912626318,289.57219433541695,-261.29685099515893
906173000,0.8146783089816232,-0.1433836070673496,10.57406459640356,1.6477909708126006,287.5439078637335,-261.1581126157109
906186000,0.81560879062788,-0.14137954042512885,10.612488793837672,1.6417892278165627,291.53924986610787,-261.8707385652331
906199000,0.8159956789393519,-0.14148145845900212,10.639427495704158,1.6376075655405042,291.54192159556646,-262.61257840952516
906212000,0.8180980923923962,-0.14081635731770983,10.77362240659908,1.6170909373638178,293.7458951884461,-266.10520714148265
906225000,0.8180024696692121,-0.1438713486755137,10.803466328958551,1.612598078710196,288.14668183854116,-267.30922709686274
906238000,0.8171286478896936,-0.1398473065880506,10.69654573213951,1.6288114625230485,295.0454914416198,-263.86682261393577
906251000,0.8162650241440239,-0.14212720240796703,10.664946927218338,1.6336658730144937,290.5104898459255,-263.4000580831369
906264000,0.8156253413046515,-0.14531325880918242,10.659690010799885,1.6344762911614166,284.5577923442923,-263.67876914085565
906277000,0.8141502652052769,-0.14412897850865944,10.547972172949065,1.6518916817105975,285.9947437477648,-260.56846007411747
906290000,0.8157230287959222,-0.14381778957381033,10.648499105275308,1.6362041949964157,287.2469152434893,-263.202209011733
906303000,0.8122876858941195,-0.13999737971104229,10.380684219362342,1.6786771298950365,292.3209641485767,-255.30577591157112
906316000,0.8137782880021744,-0.14319845521773486,10.512869865676022,1.6574407995370397,287.4540084257346,-259.49118497075114
906329000,0.8139303268122999,-0.14257594782903288,10.515660780967881,1.656998232081535,288.61741318734425,-259.4657034083095
906342000,0.8143938651871868,-0.1407059421562739,10.524696347478878,1.65556704810082,292.1450026265721,-259.37631316542667
906355000,0.8155290519024466,-0.14263680315713387,10.621741119203755,1.6403505876244482,289.2582368438464,-262.32157880243375
906368000,0.8161622702791472,-0.14007430406518404,10.6343465267391,1.6383946426563212,294.15506575655604,-262.22735343586584
906381000,0.8147004026920348,-0.1428349771303647,10.569166510415679,1.6485592012115133,288.5223628670786,-260.94408547404714
906394000,0.8188939671522127,-0.14651299643450102,10.897500334025574,1.5986040116542244,283.7409382475236,-269.9931312426398
906407000,0.8227543947656093,-0.14581540455857075,11.16365999537801,1.5602828769515686,286.46900984677103,-276.8044078009622
906420000,0.819274630817853,-0.1427754523127561,10.878061754208897,1.6014768391554433,290.69242489570087,-269.1515600944117
906433000,0.8185003582743742,-0.14628062583738793,10.867259685298045,1.6030777571480397,284.00656845852257,-269.1944149497057
906446000,0.8141889891697721,-0.1461242856931012,10.573919297136067,1.6478137496468173,282.52958664178175,-261.50575309150514
906459000,0.8177963400026662,-0.14277506698647147,10.776204412109337,1.6167012369806963,290.04072605995754,-266.4564336525911
906472000,0.8172413027949004,-0.15361068060503377,10.873136730564823,1.602206353194612,270.64626734284167,-269.50668894691125
906485000,0.8106344641532552,-0.16148391135321588,10.53152033811966,1.6544878080951713,255.74211413342323,-260.72554456595566
906498000,0.812574656720962,-0.1584252426980307,10.619426503446254,1.6407102490312,261.19915206012826,-263.047677171101
906511000,0.8167329907822172,-0.15059585876373327,10.799478800870544,1.6131969321427417,275.7158932524511,-267.65027086277007
906524000,0.8184894958021975,-0.1469989535813526,10.875432491087938,1.6018662131250905,282.71252446034435,-269.4521353198518
906537000,0.8170005441199982,-0.14392822825495624,10.735805057473083,1.6228203508982837,287.6116109561419,-265.5299753190643
906550000,0.8165996837809593,-0.14225752621864193,10.68894862919732,1.6299759341877773,290.43161801037166,-264.06148486093616
906563000,0.813906574910844,-0.1438843263307959,10.529160844117396,1.6548608113559462,286.3126354396234,-260.03130934680473
906576000,0.8157969641889579,-0.1428515362406844,10.642098450293902,1.63719412033286,288.9991196857146,-262.8976488803395
906589000,0.8174700588006575,-0.14251288806053442,10.750847215512703,1.6205365601728314,290.3688284796074,-265.74787913526296
906602000,0.8145626933101137,-0.1406639351017786,10.535279386204081,1.6538939030159983,292.3036418992825,-259.65528797150716
906615000,0.8187255097665264,-0.1438656070776677,10.853212752171174,1.6051643866556309,288.46544651148776,-268.6177016659868
906628000,0.817922666868818,-0.14354288846914645,10.794039314655665,1.6140145626263334,288.7062053666209,-267.02317210303187
906641000,0.8189442580621006,-0.14131799428185546,10.837668851912605,1.6074797445918438,293.2208993940608,-267.89147131616176
906654000,0.8189051874338473,-0.14236566089718997,10.847507270362073,1.6060134752567388,291.280639850764,-268.29395693497025
906667000,0.8164832450392384,-0.14449215377196334,10.707544811833879,1.6271284951457199,286.3799957542593,-264.8492236184597
906680000,0.8150744836758661,-0.14325521789322387,10.598762033044153,1.6439282651191003,287.95174054260576,-261.7991891609337
906693000,0.8132372299420071,-0.1456503375843805,10.505972339002351,1.658535587917407,282.9439768465177,-259.65240614777497
906706000,0.8143839624007981,-0.14338116358123548,10.554652188677842,1.650839895504075,287.41332960598857,-260.63866265257246
906719000,0.8129610064632228,-0.1437739504112036,10.46634442631669,1.664853621239455,286.0714399393211,-258.33286218446733
906732000,0.8155215043277629,-0.14412571969495946,10.638674882993431,1.6377241025815974,286.6117130314509,-262.98135845928937
906745000,0.8145432708343749,-0.14340101893417267,10.56536548508423,1.6491558606423404,287.45143260969274,-260.92813938182854
906758000,0.8140043989622828,-0.14128512009206,10.50580543771861,1.658562096778558,290.92696795818375,-258.973370025166
906771000,0.8197170686148999,-0.14286525218918825,10.909982893662516,1.5967646577232593,290.71952533662335,-270.0032695220543
906784000,0.8166769830745391,-0.14210294033598397,10.692340706242698,1.629455795818319,290.7454654461481,-264.12904041252494
906797000,0.8171635722327107,-0.14391886607289187,10.746760077464907,1.6211564559195182,287.6992084276637,-265.81840251484965
906810000,0.8180541020113112,-0.14349260084415413,10.802444631260224,1.612751476435395,288.8542846403511,-267.23923511181385
906823000,0.8176365302589049,-0.1430039551952417,10.768026305390945,1.6179362002634887,289.5552579752327,-266.26903385166594
906836000,0.8143734446254797,-0.14577517167319395,10.581960159204776,1.6465541179083176,283.2157424505024,-261.6790575137735
906849000,0.8143523875701166,-0.14222029300093897,10.539212288763277,1.6532729876887855,289.4441749222978,-260.040241741026
906862000,0.8177225518262619,-0.140941303713326,10.749491265341574,1.6207421642670745,293.3397983308244,-265.4785837647512
906875000,0.8160613683315902,-0.1444829591280332,10.679034546816592,1.6314980625636335,286.2143096504135,-264.0948120515098
906888000,0.8170355715215998,-0.14210327675738238,10.716543418201834,1.6257542117812538,290.9106302177437,-264.7756071398587
906901000,0.8179000324321114,-0.14662821070700918,10.830077867486905,1.6086129037911965,283.14892081014204,-268.2539201395016
906914000,0.8167927378675204,-0.1438761027268483,10.721107255609688,1.6250581037764646,287.61443412020094,-265.134953932229
906927000,0.8143084672551887,-0.1427663714763111,10.542599435328057,1.652738609413302,288.46046036749505,-260.22065250155714
906940000,0.8160732003327251,-0.14710244524068605,10.711336613271403,1.6265491204316156,281.5896486817064,-265.201418313254
906953000,0.8163867524937811,-0.14672791693137793,10.727972962883788,1.624012024153512,282.374344353716,-265.6049922912098
906966000,0.8158757301466508,-0.14492704818671728,10.671861546713657,1.6326011261515387,285.34700124548334,-263.95678878990145
906979000,0.8136042294766465,-0.14244646651969756,10.49292695533244,1.660610147102105,288.6896946880578,-258.8317863623648
906992000,0.8162139515974599,-0.1451465922353953,10.69721625845839,1.6287087654668082,285.10177481415496,-264.6494719761066
907005000,0.8180411914186647,-0.14319912113553857,10.798032546199769,1.6134142432588372,289.3804366124767,-267.0878130737944
907018000,0.8183714454084612,-0.14068152710831103,10.79073465569675,1.614511704871269,294.12236464270205,-266.5421187705341
907031000,0.8174490366761663,-0.14155762962987117,10.738140832847085,1.6224652961569892,292.0900957154481,-265.27092592456455
907044000,0.8135283937070436,-0.14291050734163002,10.493287673090945,1.660552713510703,287.84103534585097,-258.91895673513505
907057000,0.8175412531532893,-0.14402619526753727,10.773768947781035,1.6170688149570078,287.6693391448483,-266.5437038016845
907070000,0.8158361000796835,-0.14490659682560697,10.668960791219547,1.633047629106209,285.36623647635525,-263.87788290227945
907083000,0.8151276315782491,-0.14369830170088357,10.607456261751722,1.6425727973505857,287.1922354096085,-262.09407056735955
907096000,0.8157937182517621,-0.144860195995084,10.665568390487882,1.6335701201011128,285.43017940369043,-263.7829778112308
907109000,0.8139254679159589,-0.1431107392173805,10.521475810261201,1.65607687896038,287.6762669764434,-259.70829883016
907122000,0.8130285065350393,-0.14134164442482722,10.443145863346627,1.6685747155249033,290.34544702544207,-257.2851308164471
907135000,0.815619760294186,-0.13877131365452988,10.583523500867773,1.6463094387134674,296.2308873508431,-260.5860321155391
907148000,0.8152898647577128,-0.14074007937389763,10.584020708323441,1.646231635873049,292.52770767418434,-260.98934258582796
907161000,0.8153922531129941,-0.1419144655343795,10.604282177777598,1.643067390825945,290.48072048341226,-261.7395005732827
907174000,0.8181534977350868,-0.14677987346568908,10.849440690060995,1.6057256432508291,282.9760831263323,-268.7661667376155
907187000,0.8125245738962862,-0.14498820072101354,10.452075749338471,1.66714037110646,283.77257086653026,-258.1302814225558
907200000,0.8137717838939634,-0.1444892320914445,10.527353584383423,1.6551466281531748,285.1955174966924,-260.06876904203733
907213000,0.8139489002468506,-0.14200699550474588,10.510379913070118,1.6578358422412032,289.62706937796685,-259.226738129671
907226000,0.8153764438770608,-0.14550286641814641,10.64531424487207,1.6366966154016684,284.1183039434206,-263.3205207799418
907239000,0.8182849223180807,-0.14446176313911627,10.830040808878811,1.6086184397180556,287.1989721014111,-268.0699843946654
907252000,0.81572869100059,-0.14239639705512844,10.632237011812668,1.638721644028365,289.7792873258231,-262.5658143520942
907265000,0.8164651086186003,-0.14361302359832137,10.69586411324994,1.6289158718187875,287.9409186354744,-264.43319173562514
907278000,0.8123855736003639,-0.14514316210511186,10.444893349214459,1.6682938344329932,283.4436279846134,-257.9602404689133
907291000,0.8151616069092427,-0.1439632387594131,10.61281403355579,1.6417386135095111,286.7393311183373,-262.2728098575878
907304000,0.8145899548414235,-0.14074540136282124,10.537989865633204,1.6534659302405552,292.1723732079091,-259.74422238680165
907317000,0.8151880815053438,-0.14266610587635856,10.599442985253008,1.6438220207504965,289.04805619252846,-261.72914753512214
907330000,0.817307766221195,-0.14302474949605154,10.745892041254127,1.62128817210876,289.37143495128106,-265.6846077474242
907343000,0.8147753145806621,-0.1437307674549699,10.584507840604608,1.6461554167449963,286.9760711579731,-261.4869028490703
907356000,0.8156351519377141,-0.14535318767650038,10.660822768516613,1.6343015945100745,284.49150450716985,-263.71299595246063
907369000,0.8183822063256251,-0.1461129581770616,10.857002311432002,1.6046009226814242,284.26165643079526,-268.916158698822
907382000,0.8174517220461023,-0.1446997549497154,10.775776924272261,1.6167657444247319,286.42077028757046,-266.6691987798428
907395000,0.8161699117843474,-0.14387536730536635,10.679115352425807,1.6314856447964483,287.342388474024,-264.0223943777509
907408000,0.8171812835982899,-0.14656441501566905,10.779997726675072,1.616129056054592,282.98001301866793,-266.94761773053574
907421000,0.815940714078567,-0.14436133434898532,10.669494053478397,1.6329655275721568,286.37785277922063,-263.8277956450564
907434000,0.8176068608432148,-0.14730019815341103,10.818215966970026,1.6103868238605594,281.8374383064126,-267.99100362672
907447000,0.8160103936985962,-0.14388776918141766,10.66855773301911,1.6331096898015547,287.2499091185037,-263.74390409969095
907460000,0.8153944087245448,-0.14362039554197303,10.624268960639114,1.6399579743331296,287.45009391938044,-262.53113803071005
907473000,0.8161534413382329,-0.14370487152423508,10.675992401630248,1.6319657008784207,287.63888587015634,-263.91765540100386
907486000,0.8172043353561795,-0.1469368392203674,10.786142496734788,1.615203044625667,282.3274170480806,-267.13511145060176
907499000,0.8178795207488675,-0.144707642059964,10.805152664570336,1.6123449562302965,286.5859113694176,-267.4413870705294
907512000,0.8173823519004683,-0.1475401098558051,10.805772715311184,1.612251905362183,281.32552424511647,-267.6838999619229
907525000,0.815371057085917,-0.14591342257311568,10.649853629829286,1.6359948581287485,283.3941837370365,-263.4835343106464
907538000,0.8131270276822169,-0.14696349867384534,10.514190740227729,1.6572313132191865,280.63288611271355,-260.0213670124807
907551000,0.8119413209477783,-0.1416499412296842,10.376869497765188,1.6792980924062544,289.26764894800255,-255.5438694816778
907564000,0.8135783104803367,-0.1439464137425639,10.508433482014228,1.6581447842552308,286.05469009693,-259.48626249157246
907577000,0.8181958805531494,-0.14399611004795063,10.818260157391665,1.6103802080028542,288.0036664663778,-267.7123780318525
907590000,0.8171335009787534,-0.1413411254619697,10.71422659470677,1.626107818635988,292.33463003475845,-264.59719058818956
907603000,0.8165899851868694,-0.14437231177683266,10.71332052203981,1.6262461505969075,286.6396275925222,-264.9879360227008
907616000,0.8171134013440169,-0.14210788662718254,10.721863180002,1.6249428626756004,290.93817375901,-264.9182810521859
907629000,0.8178413744901486,-0.14414648575825847,10.795742776557649,1.6137584192160181,287.58100925116923,-267.1359426767882
907642000,0.814584917358053,-0.142934085533091,10.562703563192517,1.6495739692445262,288.2937140366101,-260.7862422432547
907655000,0.8152757685246549,-0.14470587830184414,10.629146910455171,1.639200885056392,285.4789823105214,-262.8013682846593
907668000,0.8170315479179918,-0.14428683939599182,10.74220080843002,1.6218485211730025,286.9823899912103,-265.7404783757276
907681000,0.8163517109367489,-0.1434587050036355,10.686405253241848,1.6303661519406056,288.1662967769724,-264.16199823561107
907694000,0.8181856305385247,-0.1425692154113552,10.800393201885445,1.6130595665035221,290.5883069378516,-267.071342282988
907707000,0.8155625257116135,-0.14282278678042218,10.62613472433797,1.6396683129517649,288.9427119739217,-262.4669572699609
907720000,0.8115777356240909,-0.14182888668443985,10.355721522314303,1.6827489478194977,288.7769562039204,-255.00361484292048
907733000,0.8135463703585749,-0.14458504881075374,10.513737495690396,1.6573031903115842,284.9278339001899,-259.71903741250685
907746000,0.8171283204828518,-0.14594722491747,10.768846290060853,1.6178122903006376,284.0570849142369,-266.6060957934205
907759000,0.8209109476346598,-0.14514352396411717,11.0223710974423,1.5803930005046942,287.01662064768544,-273.1366284494896
907772000,0.8196098027591393,-0.14451498100699986,10.922706380548263,1.5948941653901758,287.6499987359849,-270.49963856512477
907785000,0.8198594130621611,-0.14594760986596175,10.958043436999604,1.5897222060687985,285.1369486212223,-271.52368858394607
907798000,0.8165377169449097,-0.14374093066470345,10.702274777109928,1.6279344268340994,287.74436829961326,-264.61945756758524
907811000,0.8152637657171008,-0.1454231932915671,10.63684997659712,1.638006746207055,284.21069125188126,-263.0885388710644
907824000,0.8148464675309771,-0.14521568454835823,10.606646601262346,1.6426989322384353,284.39670067074337,-262.2669151977358
907837000,0.8149208323285377,-0.14774628849098362,10.64183990680903,1.6372341319142927,280.00783878118017,-263.4409586248007
907850000,0.814779646286777,-0.14717572369311974,10.625562715396129,1.6397571069110406,280.9440384338785,-262.96747296921114
907863000,0.8154167274144274,-0.14502384273526753,10.642307360896865,1.6371617912521987,284.9792376211021,-263.1873170079423
907876000,0.8156319522836002,-0.14324359900816,10.635676719624726,1.6381885132935337,288.2260389690639,-262.7826008914955
907889000,0.8175994354887889,-0.1452862888702499,10.792988009599945,1.6141726842657973,285.4303654345308,-267.17808192627257
907902000,0.8187100471371848,-0.14570829754989567,10.874724595722725,1.6019710795162643,285.1204386953032,-269.34657892165194
907915000,0.8162521969079031,-0.14401104156151806,10.686253379933623,1.6303894590495018,287.13686793484436,-264.2286366588571
907928000,0.8161799039306062,-0.1416962261290903,10.654228546961908,1.6353190973476561,291.24396024278303,-263.0451315698039
907941000,0.8162770798499802,-0.1410543990540527,10.653292351908771,1.6354636573148142,292.4442915865263,-262.9137057030554
907954000,0.8147765547770595,-0.14570788212424943,10.607837320194234,1.6425134399767958,283.5045178122611,-262.35467605520506
907967000,0.8144709569981169,-0.14499542702701065,10.579208637316613,1.6469849368653298,284.6199801841788,-261.51359449464957
907980000,0.8131776796953788,-0.1417405861138872,10.457264801319308,1.66630802611422,289.72034919961277,-257.74308622146185
907993000,0.8151827709708385,-0.1438190560321976,10.612529405301569,1.6417829076268322,287.0035561104786,-262.2457525951506
908006000,0.812276507249046,-0.14388990574621413,10.423524237683624,1.6717351114318553,285.5535914292237,-257.2015571200225
908019000,0.8144725710990502,-0.14154412272914854,10.539368725116303,1.6532482996379212,290.6975757291318,-259.9278163784263
908032000,0.8154698859361161,-0.14323789171939927,10.624814437812985,1.6398732779262382,288.1626043534808,-262.4921073270725
908045000,0.8158391676397435,-0.14088843586056526,10.622157412416676,1.6402859178129148,292.5307213354585,-262.0460439098153
908058000,0.8165128884377258,-0.14383049491912978,10.701664077345168,1.628027871215815,287.5733940910245,-264.61448943330197
908071000,0.8153216573060444,-0.14601198492932305,10.6477328427629,1.63632264189161,283.20049941432586,-263.43785410480507
908084000,0.8147773068206435,-0.14396823582502552,10.587410568902547,1.645701388233122,286.55864899008617,-261.5972919680935
908097000,0.8160862826350528,-0.14317812239776775,10.665278026002301,1.633614857056625,288.5482257089002,-263.5621746577485
908110000,0.8180486271433876,-0.14283088373506658,10.794130098903802,1.6140009096698693,290.0517637010562,-266.9388703286433
908123000,0.8167673029863703,-0.1424075440072712,10.702003795881541,1.62797588888129,290.23889633117585,-264.4319839851683
908136000,0.8192126556181942,-0.1463885897131518,10.91818958576525,1.595557680503491,284.08804219020413,-270.520469801059
908149000,0.817009874288966,-0.1439830200961505,10.737092720654994,1.6226245975126274,287.51743213145085,-265.57050018165813
908162000,0.8157098643857018,-0.1434161055798351,10.642896877741428,1.637070569960188,287.95459950289535,-262.9990604865436
908175000,0.8161829070161194,-0.1426978412276736,10.666116352002133,1.6334857014229487,289.4503212338164,-263.5164513691535
908188000,0.8178035271847276,-0.14536726661957547,10.807965354630946,1.6119229428697215,285.368808213153,-267.57733674042964
908201000,0.8165820040170576,-0.14277520244910732,10.693841138951996,1.6292258268616975,289.49371360256487,-264.2667827115133
908214000,0.8174572961670588,-0.1446804140356421,10.77592376572326,1.6167435856293215,286.45782047355374,-266.6710624391388
908227000,0.8148725827976857,-0.14356524932062437,10.589008969744457,1.6454514825516375,287.3119913288613,-261.5835129436402
908240000,0.8149919880407407,-0.14379179433147884,10.599556576104362,1.6438042992784858,286.96608926771523,-261.8965421634599
908253000,0.813543879245733,-0.1441347594234213,10.508362749783913,1.6581560132122748,285.7107027626518,-259.51189578985804
908266000,0.8159231693462136,-0.1455351594926722,10.682311365272477,1.6309946508912134,284.29152000674185,-264.29817108668396
908279000,0.8132723782380877,-0.14702887941530834,10.52445218751211,1.6556056890954138,280.5809088448136,-260.2986110192152
908292000,0.8142985339006076,-0.14443683233416574,10.561303774071732,1.6497939197222513,285.5219889463797,-260.9658086163737
908305000,0.8149458029156179,-0.14660233760839347,10.629740510754125,1.6391088023077838,282.0114051660455,-263.02374589102254
908318000,0.8147153181028806,-0.14632721121135547,10.61113796590033,1.6419994792478327,282.3965093242739,-262.50769209738155
908331000,0.8174990486082488,-0.1433848533040109,10.7632015164292,1.6186656720569428,288.8066378625539,-266.18896886771614
908344000,0.8149069652624917,-0.14530034803018263,10.611661252859532,1.6419180251366718,284.27417491578626,-262.40940952557287
908357000,0.8172048706732562,-0.14482435554729295,10.76045056743983,1.6190818902229187,286.0936497240293,-266.2792296714596
908370000,0.817392289684599,-0.14284768200552525,10.749532551560401,1.6207359032236934,289.7287261670267,-265.75800638335176
908383000,0.8165257069198897,-0.1423606485457926,10.685180640514234,1.630554105132275,290.21219135691075,-263.9760992762507
908396000,0.817389502332629,-0.14260111881745619,10.74641641847583,1.6212086003160684,290.172888892625,-265.6420915943989
908409000,0.8168992848075288,-0.1438701687197075,10.72824888735491,1.6239700117099,287.6715767520845,-265.3231947679996
908422000,0.8148409022519655,-0.14395308712521782,10.591439329059176,1.64507164823267,286.61384082710276,-261.70251500187226
908435000,0.8149754518009311,-0.14881396887356432,10.658457102867017,1.634666475799936,278.175941541552,-263.9496478979266
908448000,0.8141175134031737,-0.14774977658272512,10.588563224989857,1.6455211658928894,279.6823685444128,-262.04994987694715
908461000,0.8113581172897739,-0.1429239188567681,10.353976067591635,1.683034400920809,286.78228418428074,-255.1620200435046
908474000,0.8133641290099037,-0.14352978714662848,10.489696190892655,1.6611247281377945,286.6827560054088,-258.9213105124945
908487000,0.8144228245302358,-0.14471244869877245,10.572713488798463,1.648002810819834,285.09431027167363,-261.3054006328537
908500000,0.8145492503616146,-0.14600538002105046,10.596307031125326,1.6443114168455306,282.8886062146446,-262.08320834410284
908513000,0.8141245564744106,-0.14518285263541286,10.55858719168547,1.6502209473647853,284.14163418924784,-260.9900195297989
908526000,0.8165102581200292,-0.14058277300200758,10.663460268742192,1.6338949779017935,293.4079520409317,-263.1059462737432
908539000,0.8160495799996332,-0.14418924367356728,10.674755631940757,1.6321558938977396,286.7310291644458,-263.94608077843236
908552000,0.8154927188917989,-0.14459230412680016,10.642264591955145,1.6371684096754335,285.77381911353035,-263.1349282232893
908565000,0.8141269238170307,-0.1465549772928196,10.574931191722444,1.6476551261830092,281.755295375097,-261.5784425529664
908578000,0.8149794690240365,-0.14281853838939393,10.587400718753536,1.6457029285135236,288.68101656830913,-261.43005595851344
908591000,0.815100352989955,-0.1449107896215634,10.61989913613279,1.6406367951614278,285.0419338231741,-262.58130814070245
908604000,0.8157077113975567,-0.14448893165397436,10.655403647975001,1.6351376836507239,286.0502180556808,-263.47025888692946
908617000,0.8185792381717768,-0.14399774694864162,10.84470599803214,1.606430689829059,288.1634131799347,-268.4079214951122
908630000,0.8142772943735441,-0.14540645806541241,10.571269433722449,1.6482292844571054,283.8177337913318,-261.3533662795507
908643000,0.8132396258473379,-0.1466966344189909,10.51839412916894,1.656565023006558,281.13929076511687,-260.1034598454291
908656000,0.8138652885423643,-0.1472536869292447,10.566002870401432,1.6490557779474504,280.43749567874687,-261.41357061945126
908669000,0.8142291435666692,-0.14691189367021804,10.585921444114367,1.645934277413497,281.1782649517152,-261.90343835732153
908682000,0.8151955973251775,-0.14519093715923967,10.62955116236242,1.6391381740101991,284.59010034269227,-262.86955034528484
908695000,0.8137465705326278,-0.14900863864286906,10.579226537814446,1.646982133367922,277.3696870777538,-261.9061111728069
908708000,0.8161913075084998,-0.14744081078872695,10.723440579454483,1.624702440021872,281.04112678005026,-265.54224109461745
908721000,0.8153553797185316,-0.14499774943203073,10.637905982964616,1.6378431787854053,284.99886927105183,-263.0679520071165
908734000,0.8159945372062312,-0.14276039901681514,10.654235113425765,1.635318083495838,289.25222999253657,-263.2084014557798
908747000,0.8152372285999232,-0.1457081421501809,10.638472656523634,1.6377554188325025,283.6986880356538,-263.16240822315194
908760000,0.8158143218390319,-0.145488340654878,10.674443544586136,1.6322038943667627,284.3285441749476,-264.08625041445805
908773000,0.8156868997723783,-0.14519253252875078,10.662371456171497,1.6340628127304186,284.79703319597263,-263.73615913792037
908786000,0.8161688132023017,-0.14519143133041082,10.694713650643758,1.6290921283032387,285.0031999297961,-264.5883701528923
908799000,0.8162311327767652,-0.14677578269793082,10.71803033371472,1.6255273514771047,282.2277280069513,-265.3495423299328
908812000,0.8212912468008438,-0.1449807299323775,11.047441090267974,1.5767868565045018,287.4650186361969,-273.7746408761258
908825000,0.8197340047635484,-0.14501271521551634,10.93757079260121,1.5927144918865452,286.79144931027867,-270.9276503413257
908838000,0.8162466351123859,-0.14443127457313606,10.690873985201481,1.6296806607830643,286.3863368069424,-264.401728935576
908851000,0.8125962845881332,-0.14340998874837763,10.438638336643065,1.6692996682850356,286.5330104387518,-257.5306211747762
908864000,0.8162408163702729,-0.14557303304293823,10.704144792452073,1.6276483589757453,284.3571858942112,-264.8759572658868
908877000,0.8126704950556316,-0.14351701361010322,10.44463975671869,1.6683345895865866,286.3822329099233,-257.709395607847
908890000,0.8151116758817846,-0.14975719142665841,10.679148859172788,1.6314804957171463,276.5948703264881,-264.53769186190533
908903000,0.8152693916599423,-0.1511276357331792,10.706754339637067,1.627249328828905,274.28813876928643,-265.29929256930893
908916000,0.817716901187758,-0.14869140727030628,10.843134024168423,1.6066649109656854,279.40984788236256,-268.70518533798656
908929000,0.8165728586415252,-0.14455332449483463,10.714326911601926,1.6260925045023524,286.30944911589665,-265.0351990915065
908942000,0.8179346144410374,-0.14539940670109366,10.817362540888386,1.6105146030909865,285.36459102761773,-267.82582759631066
908955000,0.8177177530604232,-0.1462080727542633,10.812367811199694,1.6112628470296935,283.8281478825927,-267.76260964798263
908968000,0.8186531489077012,-0.1460804338487943,10.87537840486405,1.601874224878666,284.4267891406497,-269.39100488412066
908981000,0.8154407718958648,-0.14740283054098416,10.672444817226587,1.632511374968921,280.812350218908,-264.2115341567678
908994000,0.8164912349359725,-0.14552307930365552,10.720452714724027,1.6251579021481644,284.5499068513966,-265.2992221313239
909007000,0.8155831907318876,-0.1469560918249346,10.676588934268866,1.6318739807381768,281.6511920867972,-264.28264989282474
909020000,0.8152897919945586,-0.1455939749679491,10.640617659116852,1.63742331064922,283.92145042153635,-263.2066295572696
909033000,0.8179082437363696,-0.14574293808842484,10.819753277001588,1.6101567013949443,284.7372663410663,-267.91763496203185
909046000,0.8196568218582696,-0.14595107597442716,10.94384326522457,1.5917965064398962,285.0523177604007,-271.156618114077
909059000,0.8162718399637623,-0.14658700776049058,10.718488778456324,1.6254574188744997,282.5770514720828,-265.3456868859066
909072000,0.8155440397880186,-0.14653641741698045,10.668900748056297,1.6330568739239337,282.37150929455515,-264.04422046067947
909085000,0.8172947779824598,-0.14428089458709234,10.760027128713073,1.6191459755034823,287.1058583515027,-266.2098777277152
909098000,0.8146026328578702,-0.14677718560000363,10.609032739781192,1.6423272576993007,281.5656981514971,-262.49714743181005
909111000,0.8175273639710205,-0.14536408235563023,10.789001775700568,1.6147725165277853,285.2613689880852,-267.0809295729443
909124000,0.8130579227880863,-0.14546830113541323,10.49218236573114,1.66072871348889,283.180392958653,-259.2631175290902
909137000,0.8136080488187277,-0.1434668506366925,10.504850002685775,1.658713864486903,286.9055093114406,-259.3179162337118
909150000,0.8123353922010051,-0.14503743840511787,10.440442348057783,1.6690094504045687,283.6030557271941,-257.82662599128173
909163000,0.8112670843260219,-0.1437722009030393,10.357712512597793,1.6824234581959638,285.283426418821,-255.41085915196513
909176000,0.8136564743928882,-0.1451192777274852,10.527144928368788,1.6551796333250741,284.0476625265254,-260.1472487679174
909189000,0.8179255154689019,-0.1472664135587131,10.839737797972827,1.607171176174903,282.01935949315606,-268.5455923741303
909202000,0.8179583467322994,-0.14422543491084594,10.804717308713197,1.612410296417817,287.48828723618414,-267.38053698280373
909215000,0.8170133901897642,-0.14485632966364229,10.747811689327518,1.6209969126314339,285.95586162280426,-265.9502413544562
909228000,0.8169513085678768,-0.14479435690120113,10.742849129525519,1.6217500744110027,286.0403898187033,-265.8131656443478
909241000,0.8186072983437993,-0.14748060650729886,10.88963754878214,1.599764806832661,281.8937821111,-269.8449046451649
909254000,0.8170515427494338,-0.14945080603239788,10.806895993268185,1.6120833627326658,277.83123966799184,-267.80571832796886
909267000,0.8156703156939672,-0.14693773344269856,10.682215055763661,1.631009442302015,281.7183504663243,-264.4280694255883
909280000,0.81442400458959,-0.14882942835502422,10.621894712430406,1.6403267268153663,277.938551793984,-263.0022654122607
909293000,0.8156682623493507,-0.1455791474118444,10.665738190204994,1.6335439599054824,284.10694338296526,-263.8666817878725
909306000,0.8174040564245144,-0.14700889165790598,10.800699136527077,1.613013612794363,282.2772180858034,-267.51802147112056
909319000,0.8132895577317738,-0.14603310193361776,10.5138593674221,1.6572838628545326,282.30506991734455,-259.9080134928041
909332000,0.8158186543511642,-0.14486100241263566,10.667248813747596,1.6333112626576614,285.43945561767066,-263.8274555891851
909345000,0.8181573361105157,-0.1450290907597066,10.828165201277294,1.608898673566034,286.1220331921243,-268.07500404736805
909358000,0.8141950681934429,-0.1443151804234791,10.553081572239403,1.651087072413929,285.68884749705984,-260.73041292103267
909371000,0.8132255627729696,-0.1479585453410768,10.532415647492364,1.654346316243303,278.9647923520742,-260.59857477005005
909384000,0.8168798544411963,-0.1455114577604149,10.746649369362384,1.6211732536205967,284.73152986931166,-265.98533285905717
909397000,0.8125305947206118,-0.14673203965697734,10.47270630791923,1.6638360700460484,280.7793132638631,-258.90050293383695
909410000,0.8133238122189342,-0.14452940677862183,10.498587871070889,1.6597092735779329,284.9247897972153,-259.30720870311194
909423000,0.8151919649471533,-0.15239462890051247,10.717437206165492,1.6256178379741637,272.0879213642236,-265.5970517494132
909436000,0.8173565571824885,-0.14611703611134821,10.786500926521745,1.615149062421025,283.8464584325088,-267.08133765945195
909449000,0.8217844809127554,-0.1462622701471499,11.099138783652428,1.5694023595335114,285.285122431055,-275.1699930763274
909462000,0.8199607971674776,-0.14588327987140148,10.964377482330654,1.5887987031787065,285.29322281769475,-271.68346834327434
909475000,0.8170855074898005,-0.1426739316902613,10.72665339175068,1.6242129730793575,289.9040771658774,-265.1263463123434
909488000,0.8147674184081931,-0.1435858735724297,10.582298279952449,1.6465011923200146,287.22789809847916,-261.4073718854123
909501000,0.8152346550859378,-0.1454189069125179,10.634858954416174,1.6383152296732393,284.20585807029255,-263.03553075359855
909514000,0.8163803924705547,-0.14430981147084285,10.698434352672013,1.6285222367527035,286.66046639054696,-264.5872577998785
909527000,0.8180274318539792,-0.14426037835453948,10.809882790562874,1.6116353795658613,287.4544721311873,-267.52004614241076
909540000,0.8148811522101244,-0.1423392152753666,10.575365877492565,1.6475869947327049,289.4842267741254,-261.0318669022982
909553000,0.8169156004181685,-0.1451719976097177,10.74497522032265,1.6214273142236089,285.35131292366515,-265.9080735953712
909566000,0.8165692284557767,-0.15075000941019198,10.79022218085823,1.6145888274438764,275.3910216900536,-267.4180518830858
909579000,0.8149954804800804,-0.14598527447201054,10.625675672306453,1.6397395716458614,283.1111641209964,-262.85479322389557
909592000,0.8162534224821636,-0.14577251239275896,10.707396168557553,1.6271512157784283,284.00919959540465,-264.9810453345196
909605000,0.8186389772093341,-0.14674779580271055,10.882683910433592,1.6007927927896053,283.22046402968624,-269.6244642883077
909618000,0.8151663794372981,-0.14594646673565856,10.636591803044041,1.6380467403280397,283.2506832408584,-263.1380568544788
909631000,0.814895557551911,-0.14980957061868994,10.66531422920161,1.6336092790333603,276.42508329551987,-264.1838354656776
909644000,0.8149072185348718,-0.14876497392836488,10.653299635001412,1.6354625326172976,278.2348209161791,-263.8127980435397
909657000,0.8164726222628673,-0.1473001674503898,10.740773432934379,1.6220653086418104,281.3986608187139,-265.98254077029094
909670000,0.8155757735754088,-0.14456851052707373,10.647527778080057,1.6363543431821275,285.8520041643081,-263.2713984538227
909683000,0.8174057101815096,-0.143390343789878,10.756909868841356,1.6196179134476216,288.75570650437163,-266.02309012363213
909696000,0.8165221752280544,-0.14570103433562145,10.724692251830039,1.6245117145117491,284.24689308472347,-265.42781454077107
909709000,0.8158595920416891,-0.14868559440756945,10.716287405061644,1.6257932783909534,278.7335409114589,-265.43843621325743
909722000,0.8151351282936304,-0.14968201306016407,10.67979579644174,1.6313810853748372,276.7334173356576,-264.55061575196424
909735000,0.8125602086680943,-0.14803208812264218,10.489919391755402,1.6610891674631363,278.5698073787995,-259.49065742509066
909748000,0.8122952450137413,-0.1493899482006873,10.488853734573357,1.661258963222592,276.15698882950414,-259.58093427147725
909761000,0.8133443815600304,-0.1443751356244072,10.498143322554338,1.659779983193037,285.2021110123492,-259.27347188083604
909774000,0.816982557450761,-0.13985597507105985,10.686803885129272,1.63030497941405,294.9574466935663,-263.60525747359947
909787000,0.8205569229613805,-0.14329016527329946,10.97418583783285,1.587370767528469,290.2932821346362,-271.7334178792048
909800000,0.8092125887744553,-0.12765283869767863,10.06312785087392,1.7319964967553436,312.05922548799106,-242.24810019350392
909813000,0.8466495981994949,-0.1279313943786984,12.91405641461735,1.347882153311949,334.5027185845487,-320.76843851321155
909826000,0.7757617221981005,-0.08925477134384747,8.127394479668919,2.14832048995804,334.9635754105522,-153.22912856712887
909839000,0.8232064151149431,-0.11855903877514729,10.88354798360834,1.6006649810927112,340.1675867912041,-261.6491660670763
909852000,0.8161849701423795,-0.1415020856936717,10.652314193730202,1.6356147242868118,291.5950166435711,-262.9622145429034
909865000,0.8201775001194459,-0.15147305274353723,11.05164063654509,1.5761843940724147,275.2926798842974,-274.00951098961514
909878000,0.8120832570894783,-0.1498150306170337,10.48018318591199,1.6626417744024333,275.3561362687708,-259.38742211892855
909891000,0.8154407253948825,-0.1508446980362333,10.71477381851324,1.6260242842933368,274.8353747488771,-265.4957011524924
909904000,0.8203696566856273,-0.14905075290865313,11.033696973297872,1.5787618059285986,279.6986696368014,-273.5720148145739
909917000,0.8201130561658162,-0.15273660823664126,11.063784019112124,1.5744449118867396,273.0276565646848,-274.27309385943806
909930000,0.8376833076403915,-0.16602385399398037,12.69650144068505,1.3710733773532442,251.08476979925538,-307.9612646998576
909943000,0.8102812955237384,-0.20550049714497132,11.190241901953419,1.5565566026810373,192.5337170132228,-262.7089382579637
909956000,0.8118449533202805,-0.1636938486026052,10.640325360250522,1.6374685589824292,252.50981342531009,-263.18186237086195
909969000,0.8045487723809303,-0.16556761373784526,10.19871980959859,1.7088197644481415,247.88120287405363,-252.3365063397741
909982000,0.7828655618584622,-0.1491336031917962,8.84948687614176,1.9714467635847877,262.9270556043031,-214.92647475868876
909995000,0.8025288845271268,-0.1558183905059353,9.959849218466843,1.75007756325702,262.0878291504308,-246.25891801067817
910008000,0.7516109555224991,-0.11668315199565177,7.354715017714657,2.3767112300163347,279.8130389278469,-154.9328595885461
910021000,0.7352671587341392,-0.15694454429851942,7.0590141897058905,2.477599017334028,229.50446429358098,-165.70177152257526
910034000,0.7468179227890852,-0.1815401616614765,7.641776092116643,2.286375580514203,210.85648943303426,-187.0429762793523
910047000,0.7945985470357548,-0.15637726066916152,9.517454645339292,1.8320163641405625,258.2087987284585,-234.64706292841586
910060000,0.8199094529989086,-0.14551081929209272,10.956101101788393,1.5900056139843712,285.9521970267063,-271.4450050065001
910073000,0.8200322208154801,-0.14359875632571167,10.941034778134677,1.59220740136107,289.5041679192121,-270.8950263291793
910086000,0.8237890178853665,-0.14696646101536306,11.254598957410987,1.5476084548907008,284.68721736964693,-279.1414887631555
910099000,0.822342627513919,-0.1440295345417034,11.110966228899063,1.5677226657212326,289.64587007090273,-275.3560738333933
910112000,0.8244645433006969,-0.14913982098197337,11.333888308058548,1.5367249605360032,280.8532472369233,-281.10214877411266
910125000,0.8267019037034277,-0.14744464201120397,11.480308984373234,1.5170250153139095,284.73225946171937,-284.7952702346612
910138000,0.8163972670824344,-0.14476199090616426,10.704969020301299,1.6275223037370026,285.8627687409402,-264.8117612498979
910151000,0.8183359178099939,-0.14527005928246614,10.843429334189132,1.606620905105465,285.7606758981561,-268.495415849074
910164000,0.8190580735961518,-0.15020502398318938,10.955790719122652,1.590050911594698,277.1915379791543,-271.6109736754205
910177000,0.81755851469065,-0.15058671362443588,10.856150499974872,1.6047275427030538,276.01393402255474,-269.0910284850338
910190000,0.8183740697556703,-0.15399645112003263,10.957221963551726,1.5898420556502877,270.31161846492193,-271.58485811885805
910203000,0.8206363461414515,-0.15388445333443404,11.116789919873753,1.566896928725662,271.14243321098587,-275.52308795033645
910216000,0.8156342039616435,-0.1346595675016597,10.539048438245558,1.6532988466012974,303.7065219566436,-258.34492239161716
910229000,0.8219556335556294,-0.1251217744603622,10.864112730214876,1.6035447548022683,325.975943843181,-264.2194088335093
910242000,0.7972814874136818,-0.13852366542781286,9.483604021415724,1.838604389045694,286.2747222367097,-229.78664612643058
910255000,0.821224658479898,-0.14683593462617878,11.066263299421236,1.5740902398398324,284.0258164203095,-274.34987692546844
910268000,0.8149905289620731,-0.14872550669613682,10.658385500033745,1.6346775223997008,278.334973778646,-263.9420839773193
910281000,0.8140339010232751,-0.14047893547698953,10.498633902880304,1.659701952131751,292.36726907855495,-258.6245007394544
910294000,0.8144854185165389,-0.14850282063025916,10.622014082279646,1.6403081831113488,278.5261124275309,-262.9823163012736
910307000,0.8139457373889101,-0.1448667004268247,10.543143664648829,1.6526527805624245,284.61462502965725,-260.5396724714238
910320000,0.8161758475773957,-0.1504495947346141,10.759625712836785,1.6192067324364938,275.7768594566144,-266.62979719054584
910333000,0.813847829096262,-0.14753448758844578,10.568201209712186,1.6487106866076409,279.94556253312754,-261.4976192008996
910346000,0.8165215433116294,-0.15413372209996934,10.830260600442614,1.6085856071488362,269.5289258785134,-268.42487970077906
910359000,0.8178530822404969,-0.14930845746911142,10.860311326977994,1.6041092343857641,278.3670926110471,-269.1672452350041
910372000,0.8192406011540567,-0.14562793160297005,10.91066926896775,1.5966636407488346,285.476092354881,-270.2746841591673
910385000,0.8189658844337545,-0.14923279627117608,10.93684420056947,1.5928208983067518,278.8911491172649,-271.11655556242124
910398000,0.8179199352122671,-0.14819653755635204,10.850950886390804,1.6055008893042,280.3617221093873,-268.88425932207485
910411000,0.816764642534806,-0.1510344041107601,10.807194136853644,1.6120386336098953,274.96266532547935,-267.85519560547203
910424000,0.8184419424596507,-0.15389355042437575,10.960631504140457,1.5893447362106286,270.51033565201,-271.6732827472247
910437000,0.8170993325469549,-0.15014105840924238,10.818860298634704,1.6102903647649591,276.63754794571526,-268.13301366086864
910450000,0.8232805324140238,-0.14979376005554812,11.254667107236402,1.547599034072653,279.28311582771806,-279.1121811106829
910463000,0.8188386187597297,-0.14933363941235478,10.92921762076077,1.5939386404433753,278.6673452218097,-270.92468870545054
910476000,0.8172376996976518,-0.14745352893678665,10.794791083118458,1.6139015118670954,281.4237386325965,-267.39431356441344
910489000,0.819295119740237,-0.1466809670164688,10.927618380744654,1.594173222640919,283.59119182726226,-270.781168361697
910502000,0.8193146802223235,-0.1495313732338252,10.965174036982596,1.5886826417832949,278.47805366675124,-271.84153368076716
910515000,0.8184680632857534,-0.15282114396576793,10.948353400063294,1.591137097222291,272.39018564622967,-271.4014837584585
910528000,0.8136988149564252,-0.14987949178596555,10.586628069624654,1.6458237576569166,275.8609212148826,-262.15544068154895
910541000,0.812630738491749,-0.14825623006472427,10.497157679439939,1.6599367805394971,278.21617789619063,-259.70157959447
910554000,0.8203493308008853,-0.14667206746314493,11.001783339007794,1.5833667983849988,284.0035220708841,-272.6902568217662
910567000,0.819293822016504,-0.1483984665868266,10.9492193076554,1.591010558935515,280.4986513684865,-271.4101621726345
910580000,0.8177164251915775,-0.15106990980507734,10.873250378266514,1.6021895117337124,275.2193815854895,-269.52983939786554
910593000,0.8207296910035835,-0.15082588399324864,11.082642185522884,1.571751187243953,276.6212852574646,-274.7970054592413
910606000,0.8229159895986388,-0.15551315571794228,11.306282454394784,1.540496764683772,268.8227656942555,-279.9865120259025
910619000,0.8164839142779257,-0.15143274427283082,10.79302634811988,1.6141669174110906,274.17592167081483,-267.50161574463453
910632000,0.8146706561302401,-0.14723385301981615,10.619016984524812,1.6407738994549477,280.7989187092666,-262.8013371189699
910645000,0.8199475322368481,-0.14902786374466415,11.003405692769656,1.5831320502952775,279.5962217107426,-272.8039300437568
910658000,0.8200065624760409,-0.1476990972685053,10.990560635484812,1.5849925923411639,282.01365618947796,-272.4439178149162
910671000,0.8218327460978979,-0.1477484729224263,11.121813647470974,1.5661853183694467,282.56799117525594,-275.7881247135463
910684000,0.8211275396982491,-0.14722073370712535,11.064241309107349,1.5743794824707915,283.2863580176449,-274.3108809436611
910697000,0.8191248729868486,-0.14544509126391125,10.900327386201932,1.5981870623356298,285.761718529646,-269.9923123809126
910710000,0.816086482970484,-0.146634867406093,10.70655553555039,1.627279721383239,282.418085109866,-265.03806039253595
910723000,0.8208283477180441,-0.14746691658979763,11.04600303543167,1.576993264479437,282.72993719972357,-273.8527957466499
910736000,0.8204105414436469,-0.15029650963796215,11.05282838117316,1.5760140852313547,277.47050821008963,-274.0565887830335
910749000,0.816848250505868,-0.148940294821439,10.786599054305961,1.6151342842743186,278.65433846749994,-267.26402669313694
910762000,0.8175439891656366,-0.14834070177199538,10.826829873441406,1.6090982440895805,279.9674182176732,-268.27068155479185
910775000,0.8202941666519519,-0.14862167796679532,11.022782737206681,1.5803336554326262,280.4473625403725,-273.2890779640656
910788000,0.8211816368032665,-0.14832084249506028,11.082322034982901,1.5717968408325091,281.2980090080768,-274.795043051326
910801000,0.8179537467133369,-0.14905295368375757,10.864053171423869,1.6035535957594198,278.8549054096209,-269.25462128303917
910814000,0.8183944007946347,-0.1494177967351164,10.899273815460797,1.5983424232875267,278.36348176679485,-270.1642911261985
910827000,0.8185002308032763,-0.1482712166349337,10.89212540015075,1.5993973386924147,280.4410501963321,-269.94467682011674
910840000,0.8192032249160234,-0.1497416493010964,10.960032324585093,1.5894321106186524,278.0650678567707,-271.7139413362398
910853000,0.8185301206346669,-0.15505802224727497,10.982315986743238,1.586189100720186,268.51177786972295,-272.154290903096
910866000,0.8183216057504332,-0.15101952916376465,10.914698022607006,1.5960709690716852,275.50721845621257,-270.57673574072294
910879000,0.8192426019007193,-0.14767821606038553,10.93649113170144,1.5928726089404888,281.7739644650351,-271.0582677261556
910892000,0.8179784517684499,-0.1476201292450811,10.847792782535812,1.6059709639837028,281.408948564382,-268.7738473568848
910905000,0.8212360779655589,-0.1506907141427289,11.11731524299824,1.566822486418963,277.0217439699635,-275.6660268929443
910918000,0.8160993943729774,-0.1510028697526116,10.761375264760012,1.618941959708702,274.79050728154914,-266.68916342445027
910931000,0.8207798515396385,-0.14989291979441777,11.073978150960173,1.5729876204168003,278.315696621107,-274.59076897127085
910944000,0.816465627963743,-0.15043069025235106,10.779125957813681,1.6162605171122113,275.91101723451084,-267.12718026325945
910957000,0.816076377727023,-0.14703257171053952,10.71070124182446,1.626646174224779,281.71381777228595,-265.17929070901306
910970000,0.8185687104841074,-0.14952351491342594,10.91277340726594,1.5963540450066316,278.2363113169734,-270.5103795562908
910983000,0.8160090832249143,-0.1472686107114308,10.709032554825221,1.6269011236001938,281.2722254914921,-265.154396045827
910996000,0.817143472817129,-0.1475621899809968,10.789685867870581,1.6146695453436446,281.1951689067398,-267.2690178903425
911009000,0.8186589649623046,-0.1490115224178999,10.912556792156586,1.5963859114564745,279.1782737589567,-270.4923114038809
911022000,0.8192235305820408,-0.14987614053906792,10.963192073835081,1.588971453717113,277.83218935199625,-271.79545790857713
911035000,0.8215125798927222,-0.1499914178070157,11.128049061221125,1.5653029737579853,278.3723927668835,-275.94684673118195
911048000,0.8211672501883078,-0.14912959886110377,11.091816528662553,1.5704440514739193,279.823211590118,-275.0413629008539
911061000,0.8170301624238516,-0.15264003410539517,10.845969834835133,1.60624243019043,272.2608207221693,-268.8415933330689
911074000,0.8180461261628045,-0.14755881707759028,10.851704269892352,1.6053887911025444,281.54367003353997,-268.87139431549303
911087000,0.8190672113646831,-0.15075563440802173,10.963548987765888,1.5889194363979038,276.21700502664214,-271.8083986789159
911100000,0.8176769033638762,-0.15285728122617379,10.893565810772557,1.599184660183047,272.0854371621092,-270.0321854745696
911113000,0.8149110010049724,-0.15680996749247184,10.755095452300795,1.6198927343215637,264.5241806020877,-266.469248867323
911126000,0.8140078056090366,-0.15340664956576722,10.65073929189307,1.6358580113074694,269.97723175927007,-263.91771559152886
911139000,0.8143915014337478,-0.15228047274271564,10.66224300039882,1.6340826158043051,272.01415451779707,-264.19300871782366
911152000,0.8167084824354605,-0.14935671790186772,10.78224608185411,1.6157901074073178,277.872977056675,-267.17020183247877
911165000,0.8171316642311649,-0.14822340960887517,10.797067067313016,1.6135593467244251,280.0216769297074,-267.4981318865179
911178000,0.8199738915297474,-0.14475692546980895,10.951246525000467,1.5907143930697676,287.35518161045854,-271.26342560089495
911191000,0.8196027940565423,-0.1472442050676473,10.956302222320204,1.589976263599859,282.6888091373033,-271.54799310848756
911204000,0.8198121212210479,-0.14935833550423888,10.998072782778042,1.5839039635169287,278.9565632673193,-272.6731957540578
911217000,0.818870351009537,-0.15048128646590067,10.946167451290867,1.591456627832214,276.63888751216615,-271.36937699917604
911230000,0.8194675819836655,-0.15430883008159849,11.038728152451498,1.5780382794856098,270.074955414675,-273.58184447509853
911243000,0.8162719392051547,-0.1524447594473696,10.791411430946328,1.614409867975971,272.3559175940799,-267.4685080845546
911256000,0.8211396016132698,-0.14805031401482488,11.075799393222322,1.5727275513938284,281.7763039235317,-274.625274356993
911269000,0.8194354918241316,-0.14852200765979295,10.960754929213088,1.589326739141757,280.32714403740346,-271.70816187850096
911282000,0.8217508642697794,-0.14963369236402863,11.140583103780905,1.563532351746655,279.0976274869095,-276.2655367016122
911295000,0.8182147193002453,-0.1495059882849158,10.88789276670621,1.6000226209442283,278.14454366374173,-269.87649446590535
911308000,0.8162328778207736,-0.14927914659155447,10.748898664669387,1.620832037336985,277.83582532452647,-266.31016280950087
911321000,0.8210720328654678,-0.14643697869498895,11.050241317625655,1.5763850875823446,284.7012599244246,-273.9238703354147
911334000,0.817231050227722,-0.15068629073178105,10.834822940767802,1.6079043859503166,275.7283731089914,-268.5510880871533
911347000,0.8183063301520257,-0.152143317728347,10.928175623833749,1.5940914763887206,273.52758441211733,-270.90960356672076
911360000,0.8170817912519597,-0.15039311710973025,10.820839857362236,1.609994089175101,276.19021050783795,-268.1896070638096
911373000,0.8181264736253782,-0.1498156721188037,10.885696874913537,1.6003472108089185,277.5659803238023,-269.82771205734423
911386000,0.8184832727150125,-0.15021568086254725,10.915656410896075,1.5959300451193696,276.9801458923168,-270.59514557373643
911399000,0.8145224115104479,-0.1470203133647132,10.606620995378842,1.6427029216289422,281.1100056647212,-262.45702883807655
911412000,0.8156001442281402,-0.14390639640517128,10.641337429844839,1.6373118996778167,287.035111272276,-263.02356974300136
911425000,0.8143880332961428,-0.14782919657650412,10.607418922517066,1.6425786139048646,279.6528993121512,-262.5494687644933
911438000,0.8149200039097227,-0.14995470910411715,10.668737452478153,1.6330820169986198,276.18376785218044,-264.2791930841634
911451000,0.8156314622714634,-0.1486163212420919,10.700053374628169,1.6282743796486174,278.76826600187667,-265.01446958527254
911464000,0.8163002210480282,-0.1484524515735437,10.743237009197758,1.6216911810897687,279.3070376798534,-266.1213712008707
911477000,0.8170703547827171,-0.15192507291468843,10.839554244492232,1.607198547053198,273.51457808406445,-268.68239866756454
911490000,0.818393359531907,-0.15058369963040794,10.914100659373542,1.5961588195705037,276.29952205439014,-270.55943049184197
911503000,0.8207921217526639,-0.15113101477457724,11.091159635905411,1.5705375713262932,276.0931002247684,-275.00342970379296
911516000,0.8208201494154111,-0.14849002852063542,11.058600710291651,1.5751869252299922,280.86662102428915,-274.1959758986909
911529000,0.8210613925579122,-0.15184864237086015,11.120104589163438,1.5664273335052283,274.88787035686397,-275.7022799141675
911542000,0.816466801650614,-0.15004514922763224,10.774367604001355,1.616978445872209,276.5832558169435,-266.9938397794136
911555000,0.814641557176088,-0.14829842899310208,10.629919520295237,1.639081035337607,278.9403064395927,-263.17296333700193
911568000,0.8181620619495498,-0.14814981558846266,10.867118658396414,1.6030986792323232,280.5338812714135,-269.2976728679831
911581000,0.8197763399943735,-0.15005755820817068,11.004583969870204,1.582961602070323,277.6922607227805,-272.8426472209061
911594000,0.8191302126852951,-0.15037345215245068,10.963038696897723,1.5889938082146446,276.91611044352277,-271.79500137360765
911607000,0.8157569773245409,-0.14880537580437783,10.710835804955193,1.626625618566617,278.4860888567629,-265.3044614066227
911620000,0.8192704159888344,-0.14787771323855797,10.940965694386062,1.5922175113203587,281.4253947132474,-271.18100087229544
911633000,0.8174261237617491,-0.14574299076977348,10.786691554422298,1.615120353908591,284.54222620776704,-267.0545512364106
911646000,0.8162426601909726,-0.14438724781206427,10.690082394783238,1.629802046432849,286.46293729862845,-264.3756029435374
911659000,0.8185829796750004,-0.14959593392111373,10.914693307007697,1.5960716625275992,278.11264413689514,-270.56070782693234
911672000,0.8195713602195442,-0.14987775521165816,10.987747289071953,1.5854006770074922,277.94572513247596,-272.4166694041615
911685000,0.8152572740369867,-0.14700775739561628,10.655386503105015,1.635140330208936,281.42966665115813,-263.7328846090429
911698000,0.8157838850706304,-0.14933410018169516,10.719174041109763,1.6253528980055507,277.5753866370231,-265.5477541900526
911711000,0.8157168572948378,-0.14559153989405482,10.669142533113178,1.6330196470317315,284.1054881905824,-263.9575807025741
911724000,0.8191983675726737,-0.14630033962205702,10.916088792058543,1.5958664748168807,284.2420769950501,-270.4606630142731
911737000,0.8190898896313027,-0.1486343440066768,10.937908438346387,1.592665049904922,280.0036678476097,-271.1284548462349
911750000,0.8189354497379869,-0.14795189087703148,10.918447264174054,1.595519812770937,281.1704074354351,-270.60674169342946
911763000,0.8181196206361583,-0.14838863579481834,10.867176814339297,1.6030900514252708,280.0934716897812,-269.30953256280645
911776000,0.8185493453633624,-0.1480609342784366,10.892894321223093,1.5992837994337887,280.8343295460183,-269.9557079143937
911789000,0.8185754416519064,-0.15116078784164558,10.934268213607103,1.5931982559253464,275.3408665155633,-271.0701469931012
911802000,0.812475942312543,-0.14889371121732212,10.494672516460197,1.6603322553382198,277.06956492943567,-259.69255331357897
911815000,0.8179381037471048,-0.14824682492838806,10.852836253070704,1.6052203894246209,280.2790711106077,-268.9350415445114
911828000,0.8174197258759865,-0.14917882494036483,10.828774171654857,1.6088076767897892,278.4415790704581,-268.35609192923596
911841000,0.8190802015321451,-0.14900305678714773,10.941927244903086,1.5920768062023714,279.3409894683496,-271.240707604519
911854000,0.8192145033871009,-0.15011487542398094,10.965633949119665,1.588615638374557,277.4039569880986,-271.85922066427594
911867000,0.8173762504101967,-0.14790592599022595,10.809889576132734,1.6116343620974194,280.67480749124525,-267.811627531949
911880000,0.8194729488865686,-0.1482106344710946,10.959423480989367,1.5895209041385339,280.8998091331954,-271.6649408247391
911893000,0.8177996524158617,-0.14671367636388385,10.82422262178779,1.6094880522836714,282.9570960853545,-268.10793879285626
911906000,0.8184044384557516,-0.14676714217681944,10.866648300945993,1.6031684631991183,283.09565123062924,-269.21085728592476
911919000,0.8178293274562098,-0.14965236319713024,10.863017332772099,1.6037073721595383,277.75129685507017,-269.2461713533778
911932000,0.8188584235231995,-0.14808463590883997,10.914741889048376,1.59606451828894,280.90459453071213,-270.51705828517333
911945000,0.8157507246654607,-0.14697561464546324,10.68807624736654,1.6301097583615596,281.6840923610417,-264.58434235018206
911958000,0.8159650805831286,-0.14589318582772737,10.689426136269027,1.6299026934964547,283.6766322530655,-264.5212499340703
911971000,0.8150353640560497,-0.14770673675382873,10.649003197463836,1.6361262830961196,280.1218776304553,-263.6245843806456
911984000,0.817707896286324,-0.1484228488744346,10.839147485406237,1.6072592049330838,279.88222592572066,-268.59122675900136
911997000,0.8170472629796615,-0.14924876866994932,10.804071057340323,1.612507298557633,278.1845995435745,-267.7256879347684
912010000,0.820387718410981,-0.150331739259041,11.05165904933036,1.5761817536103346,277.39995487446447,-274.02694411638095
912023000,0.8200605850047517,-0.1512710659240782,11.040638785204047,1.5777636883997848,275.61661339028063,-273.7386480412695
912036000,0.8170320541663151,-0.1502608342501309,10.815752127843133,1.6107557776044277,276.40447447642543,-268.05683593554215
912049000,0.8156604199380565,-0.1506896351362231,10.72767761839851,1.624056995917097,275.18015591195547,-265.820715396264
912062000,0.8175969203804475,-0.15231302996257587,10.880956387054033,1.601048385415229,273.0080027769871,-269.72311930115717
912075000,0.8176568728997298,-0.14944140469250894,10.848428011153603,1.605876389853055,278.06295042291543,-268.8677600215224
912088000,0.8151392214200271,-0.15063027200847304,10.691800151185742,1.6295386617949992,275.0986108897244,-264.90038916887437
912101000,0.8165153925391825,-0.1515206640303033,10.796294647342137,1.6136754538855078,274.03398135100434,-267.5856285828868
912114000,0.8189419796406002,-0.1503610233451938,10.949645108197538,1.590948342525805,276.87591402017455,-271.4566128659066
912127000,0.8171427913698647,-0.1513064813904622,10.836636962783455,1.6076336878454311,274.6154402912534,-268.6053256715345
912140000,0.8161599879371766,-0.14915249069379927,10.742381498463148,1.621821082408583,278.03024996171337,-266.1364534069956
912153000,0.8164525095836188,-0.1511265470277189,10.787003041296725,1.6150734462684984,274.6966480553184,-267.3437982767176
912166000,0.8192853953109388,-0.15289342897137984,11.006937862583857,1.582621200809227,272.5078697678905,-272.8574935263808
912179000,0.8223377488117096,-0.1532682660688941,11.23233918618977,1.5506917414065435,272.6993591378756,-278.39099699455664
912192000,0.8175101053329298,-0.152233013182974,10.873902805340213,1.6020928353893193,273.11991483184875,-269.54653211904326
912205000,0.8185064341199423,-0.1472410428228222,10.879629414957098,1.6012447707835626,282.2850610933382,-269.57428861231176
912218000,0.8170262255979691,-0.15010322688710023,10.813363449780717,1.6111136380691855,276.67832579455916,-267.99179836612973
912231000,0.8182589414419486,-0.15137574246927513,10.914918182122603,1.5960385940253534,274.8599830039864,-270.5823412494147
912244000,0.8193579417026978,-0.15032806643776164,10.978500375851416,1.586743456368945,277.07187049237587,-272.1851286502704
912257000,0.8155792430096185,-0.14824250810558662,10.691961502333445,1.6295139261114497,279.40009043331156,-264.7809084667619
912270000,0.8140117257241124,-0.145329401922736,10.552889662388543,1.651117279456946,283.83716637010826,-260.8570670223087
912283000,0.813042486964736,-0.14818675967646852,10.523164643155251,1.6558094870515336,278.5003319982629,-260.37680412599826
912296000,0.8158109918926326,-0.15016303981008663,10.731294498706509,1.6235064296881576,276.1452740027523,-265.8951599076881
912309000,0.8154019015489216,-0.1547448444513555,10.761631101850023,1.6189032492534727,268.14957574205806,-266.69834100981717
912322000,0.8155809502653221,-0.15289432708722847,10.750087680739203,1.620651722752471,271.35998255582655,-266.4264801078056
912335000,0.8141051910320632,-0.15231512673877212,10.643567875527486,1.6369667527885754,271.85799820767704,-263.71818589805525
912348000,0.8135495399805617,-0.1519713069095516,10.602406921365437,1.6433597382463363,272.2494199989617,-262.6577885781648
912361000,0.8152682492138293,-0.14990692156602012,10.691510504953996,1.6295830674439296,276.3932669796881,-264.8630225425442
912374000,0.8145155196464675,-0.14224953921860628,10.550256693501586,1.6515318266661532,289.47005156760525,-260.34231177707636
912387000,0.8166772369082865,-0.14161607099681947,10.686664972509545,1.6303262958913411,291.62270797037417,-263.9021191375719
912400000,0.8138564570579062,-0.14488196726763336,10.53746870512754,1.6535482019390773,284.54864081035333,-260.3907955184623
912413000,0.8119900010957697,-0.14901807151038235,10.464656573882435,1.665123794385229,276.6663032588425,-258.91805128861756
912426000,0.8158724366413849,-0.1473339587294267,10.700616241675792,1.6281882276983066,281.103612839079,-264.9402682540547
912439000,0.8196465857147693,-0.14679325842644192,10.95369294284335,1.590357131398471,283.5207839486111,-271.4592502880454
912452000,0.8157797092253523,-0.15114619046389702,10.741472234759083,1.6219591684954693,274.4326750006396,-266.1854602560788
912465000,0.8159033790106303,-0.15246875539208105,10.766584054136251,1.6181541886996351,272.1948537705827,-266.84166218874213
912478000,0.8161460400011792,-0.15246584710611852,10.783082934124913,1.6156639849480934,272.27877466218234,-267.25835213724343
912491000,0.8151880788322435,-0.1494362765957749,10.680323464023981,1.6313000113704712,277.1780696608396,-264.55150839284175
912504000,0.8177697622349269,-0.1509436823793899,10.875332104212255,1.6018810834248765,275.4584767658168,-269.58150056277407
912517000,0.8177991665087341,-0.14909065948807926,10.853835112533524,1.605071821577648,278.73302601677597,-268.994508451041
912530000,0.8165438259956358,-0.15071503006795695,10.788044990534813,1.614916556206798,275.4431568495051,-267.36181235752343
912543000,0.8183015182960105,-0.14793720036064786,10.87412014654044,1.6020606324679387,280.96411205285517,-269.4678772094115
912556000,0.8182279127426533,-0.14826351147580122,10.87311120973081,1.6022101351776172,280.3555911184165,-269.45655250982884
912569000,0.8178829403353762,-0.1472088305997272,10.836086998945031,1.6077157467464773,282.1057856605568,-268.44769200933285
912582000,0.8188293211709444,-0.1481838721523977,10.913963157862327,1.5961790424364353,280.71643436527205,-270.50095603450785
912595000,0.8166888598057307,-0.14858991475384947,10.77136522347326,1.6174317669028857,279.2111417926559,-266.85478822043495
912608000,0.8162761200275526,-0.14945070403279603,10.753967909742105,1.6200635648532553,277.55206860960095,-266.44814636205643
912621000,0.816131991974299,-0.1501508842639912,10.752906632153787,1.6202243887970247,276.28055486887916,-266.4482764443715
912634000,0.8190780337757503,-0.14943253194551606,10.947266165299787,1.591296007454356,278.5736223894675,-271.38544505596366
912647000,0.8172469604264201,-0.1516532545683331,10.848251042192462,1.6059027362299667,274.04524739595587,-268.9012259914377
912660000,0.8174620117825916,-0.1503637740249375,10.84665105956597,1.6061409741112642,276.37226218048585,-268.84576497065854
912673000,0.8166287312059258,-0.149441315631887,10.777859163614135,1.616451585460198,277.6960519127397,-267.0610802186778
912686000,0.818282882383623,-0.15161453541024303,10.919676797708101,1.5953391486151947,274.4480501979786,-270.70119227497844
912699000,0.8184575820579006,-0.15249092127507355,10.943298081081746,1.5918762528184311,272.96524915496985,-271.2824305291695
912712000,0.8177716325125441,-0.1504336931699676,10.868948633325754,1.6028272353518267,276.3549630215254,-269.41350048068585
912725000,0.8227798728118023,-0.1500437536523644,11.221137919223086,1.5522479355690866,278.6717240671166,-278.27053270340144
912738000,0.8192088550274375,-0.15147411625196353,10.982876440496666,1.5861077072330274,274.9894759540601,-272.2892964077468
912751000,0.8191095435462733,-0.15155501192683143,10.976924613734152,1.5869725062603968,274.81513848388886,-272.139078821629
912764000,0.823135618396156,-0.1510982864101827,11.261577061683852,1.5466444202405607,276.85052632961714,-279.234032272771
912777000,0.8162195295033281,-0.1514280937248193,10.774918858241813,1.6168952412267592,274.095067720941,-267.0419667441599
912790000,0.8168524862959705,-0.14863267564020183,10.783060504802851,1.615667365025851,279.1966456741323,-267.15829916968863
912803000,0.816577693327243,-0.14925525353418484,10.772058148981253,1.6173271213949016,278.0032944275794,-266.90436816487545
912816000,0.8145016262292819,-0.1512982508561311,10.65736925836393,1.6348343202601223,273.72732992845545,-264.04209253629926
912829000,0.8156114200446887,-0.15321247519841746,10.756208916418878,1.6197240722252695,270.82526246456763,-266.5806775034087
912842000,0.8159468000080325,-0.14765620379136377,10.709556191979834,1.6268211113721123,280.5675761369201,-265.19698321474675
912855000,0.8163315486197678,-0.14948493616624967,10.75816158044839,1.6194283772662494,277.51240225143135,-266.55732204578027
912868000,0.8185040963166362,-0.15118996879216856,10.929651169544435,1.5938750578978258,275.2663159741608,-270.9537965499806
912881000,0.8165366015066704,-0.15339986106663284,10.821798421230746,1.6098506626115952,270.7944059207506,-268.22689268445737
912894000,0.8152519830250509,-0.1491956578788079,10.681654344368612,1.631095562845439,277.61867420503756,-264.5727106128083
912907000,0.8162666108237612,-0.1485577504044919,10.742256598368137,1.6218400490680571,279.1099160807559,-266.10203506272177
912920000,0.8161343886582635,-0.14980909778757934,10.748804329068996,1.6208463450773667,276.8760982903979,-266.3304628628665
912933000,0.8164000226062035,-0.14816860707544496,10.746510183797236,1.6211943726923348,279.8427095302195,-266.18922027565844
912946000,0.8189828102784525,-0.150047118982681,10.948469515856022,1.591120127619165,277.44705775741636,-271.42443052748024
912959000,0.8170261519145188,-0.14946751587511092,10.805364881145827,1.6123131077265582,277.79282514301605,-267.7671143087189
912972000,0.8178234629731741,-0.1492905004852822,10.858035592773195,1.6044473544288662,278.3883487255865,-269.1085346932416
912985000,0.8159918350885407,-0.14816318755641333,10.718800807284385,1.6254098244671988,279.6967636376946,-265.47149932775665
912998000,0.8171387516615681,-0.1493344795592315,10.81141892329946,1.6114050756099165,278.0668349191879,-267.91728973997533
913011000,0.816729429146103,-0.1514401555636436,10.80993085969054,1.6116281718245742,274.2451580743773,-267.93028990283074
913024000,0.8172501134894993,-0.15036628363812307,10.832077036673011,1.6083143184788953,276.2951481426125,-268.47507121453816
913037000,0.8182454546703078,-0.1508587052009806,10.907316357233496,1.5971572256740187,275.76548648167267,-270.38971377935735
913050000,0.8194703352335426,-0.15049120664178994,10.988552728047958,1.5852838240469358,276.8181764940028,-272.4386698256931
913063000,0.8203995274733421,-0.14763517479538438,11.017609301328184,1.581079821732006,282.27058328016534,-273.1330544503461
913076000,0.8193088683911944,-0.1484855384626532,10.951384902216855,1.5906941809125015,280.3478037136235,-271.4680630844077
913089000,0.8168876196874411,-0.14942960968930688,10.795402172032277,1.6138096281660184,277.8097104754045,-267.5104599977981
913102000,0.8163717080149036,-0.15266830900944195,10.801092031365863,1.6129546008537723,272.002584256717,-267.712504994237
913115000,0.8143003768874183,-0.152218692053918,10.655383649926048,1.6351407706391363,272.0882991282714,-264.01701197558754
913128000,0.8161160857889862,-0.15147619308924862,10.768479952309749,1.6178676461748167,273.9769581686156,-266.8792236807699
913141000,0.8159931507341588,-0.15114866460957443,10.75598782861068,1.6197575587219624,274.50166379440935,-266.55525781678205
913154000,0.8141812890131084,-0.15025219424893424,10.623128002437454,1.6401351596358484,275.4022226521027,-263.11880922695536
913167000,0.8154405083472838,-0.15005330475591863,10.70491470641312,1.627530609757478,276.2024788899575,-265.213994353189
913180000,0.8162542931971283,-0.14981497927482165,10.757022856910172,1.6196008027859146,276.9088636862726,-266.54143647806296
913193000,0.8159801756202669,-0.14789557428580333,10.714734446343698,1.626030294212872,280.16096377495427,-265.3482879295094
913206000,0.8187755959734196,-0.14768581277870577,10.903934776554296,1.597655341040177,281.5886246349147,-270.22263254455476
913219000,0.8188887566155818,-0.1493317263904618,10.932703801314508,1.593427514987852,278.68810287928494,-271.0133337375796
913232000,0.8179216710326668,-0.1502101556071288,10.876501131542136,1.6017079326601302,276.79949681483066,-269.6015695404043
913245000,0.8200066796464592,-0.14951557497102033,11.013899706017957,1.5816152929491532,278.73989687003876,-273.07532635041406
913258000,0.817986442257492,-0.15182691444050259,10.901748910846706,1.5979774904037924,273.9808348897591,-270.2491567620311
913271000,0.8169627253151274,-0.15185910127490324,10.831298468987093,1.6084305880045742,273.5941994372028,-268.47386352811947
913284000,0.8163506836647964,-0.15111287541669363,10.77987913008444,1.6161469389306204,274.68575409154784,-267.1624315663526
913297000,0.8137236782375551,-0.15096193664733223,10.601496071958088,1.6435017748667258,274.02433329845195,-262.59559139231817
913310000,0.8124286249272353,-0.15018364477452284,10.507037418686542,1.658366441772804,274.86559039472615,-260.1116423461749
913323000,0.8146063438546871,-0.15165163368959367,10.668765629817377,1.6330776783998364,273.1598475920824,-264.34409811631735
913336000,0.8169582935036439,-0.1536372688173294,10.853909580631212,1.6050607464845776,270.51470479762577,-269.02614056365405
913349000,0.8139971754343464,-0.15233275901388682,10.63659481849514,1.6380462731878795,271.79127736258596,-263.5409070895222
913362000,0.8172766619960551,-0.15259615715875918,10.862428760786939,1.603794762344886,272.4146080768941,-269.25531649010975
913375000,0.8140302679549779,-0.15132845403506834,10.626338642683136,1.6396366606785937,273.50977716351565,-263.24840018338193
913388000,0.8138257848460504,-0.15279516915293134,10.630960159245973,1.6389196358620337,270.95017239072604,-263.40723842746974
913401000,0.8134635104003943,-0.1485161051256246,10.554673176012225,1.6508365931095645,278.1037635395615,-261.2287448024196
913414000,0.8157246205132194,-0.14965614630414914,10.719157399109884,1.6253554361955826,276.9939041059164,-265.5625927333961
913427000,0.8160813840782846,-0.15033573214888457,10.751780707601542,1.6203950442277342,275.9414387082939,-266.42569367055904
913440000,0.8150056993132917,-0.1511242287942896,10.688972329429191,1.6299722988579244,274.2020410947448,-264.84482631144175
913453000,0.8167912301259356,-0.15030336029244734,10.799777330303627,1.6131520830617876,276.24646375242594,-267.65061421035944
913466000,0.8152966582316529,-0.15305780474425534,10.732904812880566,1.6232614259955254,270.9886521816277,-265.9931216206978
913479000,0.8179244988410781,-0.15104244690822635,10.88733800842338,1.6001046111144268,275.33636420344936,-269.8858451836643
913492000,0.8167516970978766,-0.152674139096829,10.827233461301601,1.6090379209020624,272.11364131658985,-268.3704138074464
913505000,0.8180444410546107,-0.15192747345661578,10.907090219483864,1.59719052661657,273.82321207631713,-270.3827392936455
913518000,0.8186272911450689,-0.15145744771431321,10.941743650157397,1.5921036699684703,274.83451436147783,-271.2569425980113
913531000,0.8168694858952513,-0.15219902650297812,10.829236026205402,1.60873867001175,272.9739368924767,-268.4223272193314
913544000,0.8177080910268885,-0.15297300855268176,10.897239830027203,1.5986424432055437,271.8937452604908,-270.1219978668992
913557000,0.8165129191624242,-0.1520818786115273,10.803266699191514,1.6126280488293785,273.0610732339604,-267.76672613353475
913570000,0.8172851127064402,-0.1501169891844671,10.831331515875483,1.608425652514892,276.7442927653735,-268.45031726582687
913583000,0.8176267905458366,-0.15025176895593584,10.856610422885462,1.604659173619147,276.62543171377456,-269.096810040651
913596000,0.8153536413939451,-0.1517580235589112,10.720334905707954,1.6251758658884217,273.2334081245908,-265.66060406235516
913609000,0.8179563190158741,-0.14990794621306186,10.875058777313146,1.6019215727195641,277.34431091440837,-269.5590041270805
913622000,0.8152331539693736,-0.14886618734664755,10.676350509831133,1.631910638552766,278.18308814043314,-264.41629617370285
913635000,0.819737078911616,-0.14896068950845542,10.987644212651738,1.5854156325652284,279.6446777484816,-272.4026560411188
913648000,0.8176146107791105,-0.15008283912704634,10.853624199596096,1.605103189941133,276.9182904790208,-269.0173012610609
913661000,0.8196630312909869,-0.15037657764475862,11.000697955206592,1.5835238880515559,277.0853030690965,-272.7447889666736
913674000,0.8177263688673101,-0.15082719265457545,10.870834442261435,1.6025476059301444,275.64843521032003,-269.46651015786523
913687000,0.8168320722174812,-0.15171921666963192,10.820529205364453,1.6100405764476011,273.79438610603177,-268.2010503517853
913700000,0.8180714463301089,-0.1503496934157342,10.888680935018488,1.5999061485664723,276.60441828245325,-269.91295850178483
913713000,0.8158091940366703,-0.15211620183956004,10.755706351748865,1.619800193900888,272.7703418968538,-266.5637854127235
913726000,0.8155701220017106,-0.14932922938352336,10.704692700125307,1.6275645612356726,277.5050475023466,-265.1743681313569
913739000,0.8178652301264474,-0.15201662557564188,10.89576505827301,1.59886004781034,273.6103068604239,-270.09750463666415
913752000,0.8184690507611764,-0.15277241180797735,10.947784344046285,1.5912202664793655,272.4757727216166,-271.38844232841285
913765000,0.8156425752658847,-0.1526677139325143,10.751388933180662,1.6204544336004059,271.76827322431194,-266.4586292633216
913778000,0.8166032667326825,-0.15315692257147093,10.823245178431247,1.609634237907557,271.23352756156794,-268.26616609574654
913791000,0.8161621715570323,-0.15076528722108784,10.762657680835748,1.6187479372792877,275.22403944802113,-266.71602974136925
913804000,0.8172544275152501,-0.14999203488931595,10.827640985136359,1.6089770140172668,276.9528537977008,-268.353006790786
913817000,0.816769288482441,-0.15059857383403022,10.801998545421792,1.6128184609568095,275.72365949441155,-267.7145014478583
913830000,0.8173325443916857,-0.14829053054038732,10.811672668711289,1.6113670393043713,279.97790544924277,-267.8780328040369
913843000,0.8153036948324313,-0.14820909105279256,10.673053297161982,1.6324177552150627,279.3522095261283,-264.2878619894966
913856000,0.8140391805517989,-0.14917661326355353,10.60059022333714,1.6436430560967907,277.1936843288617,-262.4727394417598
913869000,0.8180825291684717,-0.15024789654647,10.888151350223309,1.5999844066263378,276.78769626645214,-269.8980134061524
913882000,0.817751874933017,-0.15064237969748367,10.87024129117371,1.6026355483511667,275.9814991631223,-269.44929476359505
913895000,0.8151761307474262,-0.14940040774965277,10.679080779347604,1.6314909577761423,277.23573297948656,-264.5175221961271
913908000,0.8158747724813677,-0.14888994418193896,10.719829820227705,1.6252528867864913,278.3827242432216,-265.54148033809594
913921000,0.8152029523767721,-0.14826414288606027,10.666974576602366,1.633353501352472,279.21751075244373,-264.1338305052993
913934000,0.8157550374413731,-0.14754215291634054,10.695245101600477,1.6290107026697056,280.69248141057386,-264.8163617772596
913947000,0.8154523220668035,-0.14912269329358732,10.694218060259162,1.6291680669579134,277.8200390329409,-264.89310341740986
913960000,0.8149745911521721,-0.14751047591950106,10.642576191301018,1.6371201914191393,280.43943989751057,-263.441001673146
913973000,0.8159177562134899,-0.14878589942759413,10.721451782732585,1.625005578388767,278.58031018576634,-265.5775808658941
913986000,0.8175508398791621,-0.1520217490341587,10.874001370121393,1.6020782311225632,273.5011224934195,-269.550193727345
913999000,0.8179306739644212,-0.15114595098419661,10.889095752827389,1.599844855270679,275.156672258924,-269.93077591679554
914012000,0.8134363414327888,-0.15048577297547328,10.576698464176687,1.647378163980802,274.7298042493663,-261.93319736509756
914025000,0.8150673309265434,-0.14737918961391772,10.64717903095372,1.6364082594099076,280.7051070479696,-263.5502473527496
914038000,0.814744330510481,-0.1514787437938606,10.675852736705554,1.6319871766147713,273.5032561680597,-264.5202006102901
914051000,0.8144433445389154,-0.15474674431858787,10.696876619422465,1.628760782575959,267.85467901158717,-265.07794409879585
914064000,0.8162946721634199,-0.1492964078160728,10.753310003759223,1.6201632588752237,277.82824776405795,-266.42438925533173
914077000,0.8188868143782218,-0.15057516040864538,10.948534341332108,1.591110653935675,276.47792080914263,-271.42952141749754
914090000,0.8155303456371362,-0.14886960091440998,10.69635621627169,1.628840490914461,278.28915693243164,-264.93395862782006
914103000,0.8146455294611685,-0.15486730244567654,10.71202399097208,1.6264441356967336,267.7133333104333,-265.4557332109391
914116000,0.81246443254538,-0.1551640593416001,10.570613449106329,1.648332184274222,266.5399035839261,-261.9002733738267
914129000,0.8152791633172078,-0.15262165323702603,10.726193582297386,1.6242830061953053,271.72835155290943,-265.82119152886213
914142000,0.816452726092606,-0.15334937259389997,10.815390315121878,1.6108099724314249,270.85525152615014,-268.0669152287039
914155000,0.8123073992594768,-0.150119714993282,10.498382472305627,1.6597419434288492,274.9275797247849,-259.8825711258332
914168000,0.8160351953672841,-0.14713536356048276,10.709172589103108,1.6268797254634173,281.5167117063214,-265.14762973640455
914181000,0.815623007717802,-0.1498109838823337,10.714216229428683,1.6261094009906627,276.68825743871673,-265.44249726555876
914194000,0.8137391325671594,-0.15156698833939466,10.609966424667025,1.6421818690976,273.0013473192263,-262.8375037520639
914207000,0.8159417962874692,-0.14883074598421847,10.723629603634201,1.6246736342915082,278.5110302118348,-265.63630799545217
914220000,0.8140285113039961,-0.14964417074551697,10.605565733894105,1.6428673480211975,276.38732059822763,-262.63144030971273
914233000,0.8149106899630623,-0.14925539841184568,10.659524522445432,1.6345018163140914,277.38757942737277,-264.0042452628441
914246000,0.816277027672008,-0.1486844202663555,10.744527827496762,1.6214952218758087,278.89199264976,-266.16766884260494
914259000,0.8176256751917841,-0.147562087269328,10.822756268873109,1.6097073688109624,281.3790211233088,-268.12425535033043
914272000,0.8174909757487221,-0.15218934787053925,10.872013908856863,1.6023727633074487,273.18989713910634,-269.49932961248004
914285000,0.815971925004824,-0.15305004145710002,10.778665687789058,1.6163299335933636,271.2183537454418,-267.1466424827298
914298000,0.8183634505475861,-0.15034641560308923,10.908969881921404,1.5969137706888727,276.7086462137315,-270.4272573601212
914311000,0.8150166884681255,-0.15201198534339883,10.700811011841568,1.6281584184721232,272.68394339606544,-265.1689304719832
914324000,0.8150165884704146,-0.15421884845072215,10.728764049551852,1.6238915786053256,268.9241827852147,-265.8839503798272
914337000,0.8172796776392586,-0.15320544272072564,10.870526133783589,1.6025933154938685,271.3590303155411,-269.4497901256646
914350000,0.8189579195634011,-0.15251677201078975,10.978822287652275,1.5866966720156381,273.07250558597696,-272.16863371533583
914363000,0.814681157141053,-0.15084755660022828,10.663782725566367,1.6338452794858878,274.56242224113134,-264.1903413814811
914376000,0.8140667083511329,-0.1518028602150265,10.634634705039144,1.6383499815531724,272.7151474013353,-263.4766586220175
914389000,0.8151015609460057,-0.151372716406114,10.69851635555497,1.6285096810595723,273.8087100180984,-265.09582385974363
914402000,0.8148336598684013,-0.14986265366453771,10.661826384247865,1.6341468457394472,276.3108158881406,-264.09662119844444
914415000,0.8183208417063437,-0.1511675457418433,10.916552588494087,1.5957982913682034,275.24632062922467,-270.6237111227375
914428000,0.8144372998200449,-0.15318584806662014,10.67667059794791,1.6318614253076587,270.49146778001204,-264.5723372336459
914441000,0.8173058575689384,-0.15017845298154828,10.833537265245562,1.6080962967201409,276.64365998363223,-268.5080040323857
914454000,0.814784745725373,-0.14844714486051097,10.641259315630835,1.6373239899875223,278.7383044301514,-263.478636735736
914467000,0.8170507935917203,-0.15169037964688512,10.835203146079312,1.6078476420999843,273.91636774741715,-268.57179521070645
914480000,0.8158387501418022,-0.154361176689101,10.78643020788546,1.6151597128896102,268.93404024026626,-267.3256929761497
914493000,0.8132271703510845,-0.15404508383961144,10.606889027729954,1.6426611632159376,268.64895852120884,-262.8128814189623
914506000,0.8177152968533059,-0.15121775409125954,10.875066565343275,1.6019204190108984,274.9599000902189,-269.5766864311027
914519000,0.8163677493524074,-0.15027769460866472,10.770531945271012,1.6175576264410658,276.14314137407393,-266.9032222024132
914532000,0.8128125674680443,-0.14933096428649875,10.521823406735368,1.6560218371377937,276.45817170748666,-260.4358258504559
914545000,0.8122626951099449,-0.14750888126951223,10.464473816162725,1.6651530535401116,279.33962383653846,-258.7685995508461
914558000,0.8153414778455914,-0.1476391397985508,10.668655847116769,1.6330945822942422,280.3603835893328,-264.1314480783303
914571000,0.8160166091829857,-0.15014197534487184,10.744963255202926,1.6214291302786,276.2550658705555,-266.24457696181616
914584000,0.8153371476751203,-0.15170690713710694,10.718579124967032,1.6254436378454549,273.31560101270463,-265.61492601944326
914597000,0.8134515800728691,-0.1519063587081425,10.59512749306502,1.6444955708649864,272.325122615388,-262.4693134135634
914610000,0.8147878211398204,-0.1518100294281229,10.682903271716109,1.6309037506004656,272.95153922911106,-264.7087409475411
914623000,0.8157370576963782,-0.1507916874315286,10.734139081641903,1.6230736865032611,275.03052755043933,-265.9889237811618
914636000,0.8152252192402561,-0.15036198699008685,10.694251796288858,1.6291628974057901,275.59176426917594,-264.95295744270334
914649000,0.8134211586388119,-0.15093188201170213,10.581145710918133,1.6466816164206788,273.96604901374843,-262.07047449117584
914662000,0.8143393365871575,-0.1531927055974068,10.67019733405501,1.6328572625251558,270.4477640926365,-264.40851326073016
914675000,0.8176575063392032,-0.15184049923666024,10.87906212878818,1.6013287410997943,273.85168052246445,-269.6782294786322
914688000,0.8150997767669914,-0.15004872057457,10.681947613372234,1.6310505180610484,276.08709469725505,-264.6235385748681
914701000,0.8144100885952892,-0.14884301331203756,10.621135201671201,1.640444724104194,277.90978056438627,-262.9834750406233
914714000,0.8134451366341318,-0.1472786321843978,10.53871149696057,1.653352025273695,280.22234681781123,-260.6991566907989
914727000,0.8140273013139064,-0.1480455989745359,10.586154421875738,1.6458978368837909,279.1357385497832,-262.012101248131
914740000,0.8149975763507998,-0.15187255478135886,10.69777637404063,1.6286229887503643,272.91612262987013,-265.0889407637281
914753000,0.8147484002403453,-0.1527113996170668,10.691565085303553,1.6295746995477418,271.4001545271593,-264.94490465217206
914766000,0.815778961229527,-0.15470925543477948,10.786849676470549,1.6150965415456688,268.3230941664775,-267.3284724420105
914779000,0.8160279864654022,-0.15254490353361275,10.776039403068058,1.6167261360516174,272.10438925642234,-267.08074800536866
914792000,0.815853341205187,-0.15078249251692516,10.741901353884346,1.6218939970250592,275.08697061563026,-266.1868753688289
914805000,0.8174483936841703,-0.1533707448323099,10.88437214232994,1.6005430925186022,271.12414173272407,-269.7924701685488
914818000,0.815472887430759,-0.15415723407572973,10.758892101423537,1.6193177811649915,269.1698421770641,-266.64016677733986
914831000,0.8161484714344385,-0.1527884835936439,10.787367590444584,1.6150185513092377,271.72413951610343,-267.3665201244514
914844000,0.8168680080706353,-0.15340025964032103,10.844607334639418,1.6064453884739156,270.8959340982047,-268.7980351744035
914857000,0.8150074949061659,-0.15555050744068769,10.745273240688483,1.6213820822798033,266.6693689501037,-266.2706848913998
914870000,0.816367795632139,-0.1511956944065293,10.782093146156653,1.6158131585633981,274.54790378437804,-267.220261553701
914883000,0.8161439648353447,-0.15298460088714305,10.789568876352247,1.6146871542522692,271.3854516327931,-267.42132780653475
914896000,0.8160685359739687,-0.15003504724645533,10.747152018868363,1.6210969895952605,276.45939611685645,-266.29674906251915
914909000,0.8155759538181929,-0.1532382493883757,10.754129420195373,1.6200390926801451,270.76988396305865,-266.5282347539149
914922000,0.8146720921519729,-0.1516746928179274,10.673455377598994,1.6323558976684247,273.1431374649414,-264.4644116492573
914935000,0.8151750878590529,-0.14991330954590035,10.68533055256911,1.630531094340785,276.3483085735914,-264.70433252885573
914948000,0.8156399513285133,-0.15482777951351112,10.778902737932682,1.61629418168758,268.08004399004386,-267.1274350024356
914961000,0.8157043695666173,-0.1493684669492644,10.714230122644775,1.6261072800646303,277.48636261457483,-265.4221145422742
914974000,0.8155170310418084,-0.14964358115849788,10.70499783792171,1.6275178968002493,276.93997954366813,-265.19775586378404
914987000,0.8127995395426475,-0.152870385197202,10.564065909089045,1.6493599587409697,270.4753806547832,-261.7044571750809
915000000,0.8175856991917434,-0.15228425682712024,10.879806027521948,1.6012186302021614,273.05459299823764,-269.6944723705438
915013000,0.8139012809446795,-0.1517742313623287,10.62328380241669,1.6401109623871288,272.70623786928206,-263.1855364564844
915026000,0.8114865374156215,-0.15051648676810087,10.450004484282987,1.66747284338703,273.9478254125678,-258.65255408717076
915039000,0.805588433872873,-0.1459900659706223,10.032039182308289,1.7373996538581555,278.903736332984,-246.98467854447557
915052000,0.8138001868548793,-0.15295026697501093,10.631195275796506,1.6388831745192114,270.6794527231784,-263.41598887203725
915065000,0.8158785210150272,-0.15048173094654976,10.7398443198051,1.622206452065743,275.6166723395445,-266.12517316738104
915078000,0.81877837376882,-0.1509079832745434,10.945223723722561,1.5915946167915926,275.8532132047563,-271.34648480380434
915091000,0.8180143917934071,-0.15405454199933286,10.93277166440908,1.5934175685196523,270.10660215308747,-270.9767902617588
915104000,0.8172215702005519,-0.15516724941501642,10.89216741899293,1.5993911337522047,267.9594177838333,-269.92730125350073
915117000,0.8136893907791105,-0.15204032490122316,10.612521834022173,1.6417840859092032,272.18115810984557,-262.91861832729717
915130000,0.8166309000160569,-0.1499459166416169,10.784321001935169,1.6154774312890698,276.81450857625794,-267.245141436249
915143000,0.8149288029266945,-0.15314275477164652,10.709147865237746,1.6268835033877516,270.7247893745358,-265.393419100854
915156000,0.8151997935081786,-0.1530688188304093,10.726495449494927,1.6242370284227516,270.93855617274613,-265.8313355979575
915169000,0.8140292971305845,-0.15444851978218782,10.665329202911204,1.6336069719638822,268.22803011150285,-264.28812412692247
915182000,0.8156017742748756,-0.1547263053577678,10.774989667900824,1.6168845540536831,268.2410849989442,-267.03221845710493
915195000,0.8124553188447131,-0.15220953826052178,10.53337475009897,1.6541947696386052,271.4642904767991,-260.89746144389926
915208000,0.8128386423694886,-0.15154392645263168,10.550327566235156,1.6515206653897914,272.72017586949414,-261.30544903022314
915221000,0.8129648406736535,-0.15021475081334984,10.542429695483563,1.6527653804284528,275.01500908486963,-261.03139525278044
915234000,0.8146498271173167,-0.15177611176025357,10.673229220385368,1.63239068995493,272.9621778939863,-264.4612780447649
915247000,0.8150676389766026,-0.1564885838780213,10.761535472989591,1.6189177185437953,265.1075125237938,-266.64196645353826
915260000,0.8147889367589007,-0.1541513921355325,10.712538594398385,1.6263655480598305,268.967613074615,-265.47713047569647
915273000,0.8159880503285395,-0.1515839125592021,10.76112912180779,1.6189792051060568,273.74765144330485,-266.69428683978714
915286000,0.8178175376811652,-0.15018563067912624,10.868970218306556,1.6028240341580742,276.80711828887917,-269.40975846920935
915299000,0.8142566025544703,-0.15006248538778297,10.625807519936268,1.6397191042888448,275.75497164737044,-263.17813362473123
915312000,0.8119519672127015,-0.1515531270225025,10.492587515683699,1.6606641964258468,272.38419598210146,-259.8183681027204
915325000,0.8154055849555489,-0.15280712518777428,10.73709441122815,1.622624340539115,271.4524049278809,-266.0980716556211
915338000,0.8109266808376098,-0.15564612354841773,10.476355457030337,1.6632529697377498,265.2565199771278,-259.5207799555294
915351000,0.8124800203328961,-0.15508827323250282,10.570686951334094,1.6483206538417385,266.6705191932246,-261.90214020129247
915364000,0.8162344331336138,-0.1527444643105572,10.792677286200949,1.6142194245978516,271.82742395694885,-267.5003718650538
915377000,0.8129073157407093,-0.1520019138724353,10.560446620994455,1.6499286342180264,271.97264645975963,-261.5840307717759
915390000,0.816197577973458,-0.15382389051691595,10.804022855452244,1.6125145341158391,269.9617707985236,-267.77538542883497
915403000,0.8132596432916376,-0.1536618452022514,10.604240205688514,1.6430739330201318,269.3020330208138,-262.7420255356688
915416000,0.8148044293135966,-0.15045685810675755,10.66719695574243,1.6333192497900515,275.27734884697287,-264.2623024914729
915429000,0.8144649821139994,-0.1524289571609722,10.66901543421355,1.6330392158412546,271.78633568199575,-264.36818308226304
915442000,0.8146439208674496,-0.15445379148603777,10.70662823817444,1.6272686066987156,268.410934778855,-265.32594106092733
915455000,0.8157877380095779,-0.1466325790695671,10.686414758079914,1.6303646933108866,282.3015466934707,-264.51134302342615
915468000,0.8120521488394135,-0.15019712352066938,10.482741606542104,1.6622335079238357,274.69982239495613,-259.4814414224157
915481000,0.8145820708249989,-0.1541497359872995,10.69859217948478,1.6284980716161934,268.905593231454,-265.1265345278683
915494000,0.8163877818785369,-0.15303613188539392,10.806908628119881,1.612081467132962,271.3739824854641,-267.85707221098437
915507000,0.8156109317533686,-0.1542138244641779,10.769005272411261,1.61778826827745,269.11584679395156,-266.89258560272043
915520000,0.8137383814486601,-0.1535492942453514,10.634586695367265,1.6383574217943435,269.64842473501943,-263.50995125263535
915533000,0.8117062773550113,-0.15409902630900338,10.507766390423122,1.6582506931429295,268.05815522035084,-260.2978545466575
915546000,0.8147386048833295,-0.15158395048753628,10.676780375787827,1.631844547754198,273.3212583310572,-264.5468236032558
915559000,0.8134852323162431,-0.14738577041216777,10.542610387787342,1.6527368820440838,280.05432435008424,-260.81211410929524
915572000,0.8184616089842425,-0.15075076291432676,10.921015197600614,1.5951425345800105,276.02718372797153,-270.735277550934
915585000,0.8197712133155026,-0.15357442948099448,11.050540596890079,1.5763421599597394,271.44953738331265,-273.9097910978622
915598000,0.8163545645899142,-0.15497346233815662,10.82970961409902,1.6086679162918618,268.0424988878218,-268.38754316579195
915611000,0.817884660565428,-0.1539786423114874,10.92270346674181,1.5948945932486427,270.20043486416114,-270.72968362253016
915624000,0.8163582424303115,-0.15050118778708607,10.77268954380026,1.6172317800664429,275.7509085458669,-266.96487393544487
915637000,0.8146652486332656,-0.15239927544873655,10.682060481546836,1.6310331826880065,271.90417925025815,-264.6992176042865
915650000,0.8129460511610919,-0.1509544871139677,10.55017909130358,1.651544047894748,273.75473236803083,-261.2734447933253
915663000,0.8144022600478766,-0.15217818295662386,10.661684081065756,1.6341687858575713,272.1918942124814,-264.1765844630225
915676000,0.8143582229655173,-0.15043954237192647,10.637195764735997,1.6379531826244196,275.1458445612737,-263.4902167029229
915689000,0.8115418448184152,-0.15182366436206765,10.469293074900156,1.6643818444476577,271.78269799302296,-259.2311714531051
915702000,0.8148426343051046,-0.15254519146190004,10.695805534149653,1.628924845498509,271.71467546406217,-265.0503617859659
915715000,0.8162770870545968,-0.15388140555261726,10.810211639242453,1.6115860715333525,269.8875338641608,-267.9292557505094
915728000,0.8180950769494215,-0.15626328861958047,10.967821521549004,1.5882970141852957,266.3144891705322,-271.7262484537955
915741000,0.819341206452882,-0.15198317613808818,10.998896503108972,1.5837846846500763,274.1302207667066,-272.68166396569876
915754000,0.8173745643955156,-0.1543383138029575,10.891892147968601,1.5994317840187977,269.42956378365494,-269.9526497500274
915767000,0.8136312368482757,-0.1531039406470236,10.621892600563537,1.6403270548905566,270.363630839751,-263.1821636419998
915780000,0.8152387301666837,-0.15489882277454292,10.752536945633508,1.620280417894521,267.83947542692454,-266.4679703669754
915793000,0.8143671108143529,-0.1519665210190195,10.656694888283363,1.6349383867561271,272.54030444123663,-264.04441674842997
915806000,0.8122923983286174,-0.15262035212427105,10.527765895681759,1.655081412706029,270.7190371884622,-260.76862073147896
915819000,0.8133672384734676,-0.1545550156944497,10.622582379119486,1.6402199058776383,267.8402776581158,-263.2110713037631
915832000,0.8148957144815696,-0.1518465854568147,10.69060393537559,1.6297220692684875,272.92587976686326,-264.9057641258865
915845000,0.8162979245777928,-0.15062930333699126,10.770189840701828,1.6176093040953974,275.5072094962601,-266.90457407680714
915858000,0.8167987543202755,-0.15258704964319914,10.829350209729554,1.6087216104973046,272.2792170808301,-268.42412950430287
915871000,0.8183315915101176,-0.1532131633282853,10.943922294789651,1.5917849471177845,271.6640545952588,-271.2808888634403
915884000,0.816706855031038,-0.1520604614729043,10.8162888930771,1.6106753839096644,273.16140540498884,-268.09552776475124
915897000,0.815355534123532,-0.1517480315951343,10.720337136329311,1.6251755257553844,273.25121069366827,-265.66046645733627
915910000,0.812063189601059,-0.15453041440748608,10.536388133924921,1.6537188097741646,267.4613985207614,-261.03157421719123
915923000,0.8152864336539077,-0.15551534554853816,10.763746749692645,1.618583203828674,266.81046338446737,-266.73129462680777
915936000,0.8143351863153965,-0.1556686161890261,10.701416573161461,1.6280657453854797,266.2720894715065,-265.1748467045376
915949000,0.8162842688572048,-0.1555499944188861,10.83241572793529,1.608263744358489,267.03948975643766,-268.43368586574303
915962000,0.8162589180103856,-0.1539984917129832,10.810479760139316,1.6115458713490007,269.68135725780263,-267.9338029001244
915975000,0.816185173400944,-0.15278075500278612,10.789775478237676,1.6146560579531708,271.7491870895825,-267.4271963507189
915988000,0.812904347405744,-0.14997837825913718,10.53561212459117,1.6538413531238991,275.3933800120121,-260.83968683278204
916001000,0.8121083356557183,-0.1528837017914724,10.51898753240619,1.65647100438675,270.2150975852605,-260.55264164699014
916014000,0.8138789166625587,-0.14968437426519648,10.596154714081559,1.6443351948422924,276.2622293139373,-262.39025029036316
916027000,0.8167477160890522,-0.1514522517667185,10.811338730783216,1.611417096800983,274.2302357188832,-267.96609702469925
916040000,0.8162220715432634,-0.15025419561944006,10.760321364444657,1.6191014438945286,276.1327553700006,-266.6414581705707
916053000,0.8170807471718889,-0.15181634682732856,10.838877844390591,1.6072994176347832,273.70702497123085,-268.66509245834095
916066000,0.8149197533575119,-0.15195010877563764,10.693515858499282,1.6292756765569107,272.7569634088105,-264.9821176908063
916079000,0.8151623609193556,-0.15139326345252016,10.70286515189483,1.6278441026444463,273.7944296592607,-265.20732269511115
916092000,0.8177872849676406,-0.15289487327803397,10.901734185826301,1.5979796609953347,272.05397505157896,-270.23581584552767
916105000,0.813982504454379,-0.15193465217272586,10.630669539227931,1.6389647068058046,272.46196414479107,-263.3792386977772
916118000,0.8150808998403748,-0.15141258434681426,10.697624589275522,1.6286462323412016,273.73313528170195,-265.07413571332984
916131000,0.8167506111327217,-0.15236036641857492,10.823131773466923,1.6096512003848484,272.65613455757534,-268.2683265263069
916144000,0.8151731569513552,-0.1524485494660149,10.71684840695561,1.625707674141024,271.9894458195073,-265.5827646508611
916157000,0.817719145598227,-0.15172343271517308,10.881831302964866,1.6009189285709182,274.07611214490834,-269.74824293524176
916170000,0.8127425200681995,-0.15323775003715714,10.56486495302032,1.6492344630839595,269.84035110282616,-261.73382121740383
916183000,0.8140497501039851,-0.15153204976485826,10.63015094555005,1.6390451393301464,273.16997385527566,-263.35328179515966
916196000,0.8125312075233464,-0.15251949481972488,10.542141885022854,1.6528107752835925,270.97113823629206,-261.13336096517435
916209000,0.8135399866091565,-0.1505003730596838,10.583710060127165,1.6462802451243688,274.7430966623908,-262.11495058621955
916222000,0.8139517547170629,-0.1547381762873731,10.663823327021577,1.633839022032027,267.71698665632726,-264.24837824164416
916235000,0.8169056079878289,-0.15312364672603945,10.843621690476587,1.6065922422787589,271.385083611347,-268.7775166956026
916248000,0.8162601437909479,-0.15489578500461804,10.822210033660168,1.609789082346182,268.1475113342312,-268.2036958781159
916261000,0.8135479074970348,-0.15518680736471333,10.642585120967379,1.6371188096451925,266.84037135921744,-263.71088152151015
916274000,0.8146008335550665,-0.15458055839803242,10.705346413899749,1.6274645926885054,268.1835082619727,-265.29237063635577
916287000,0.8171315127015185,-0.15125671619475167,10.8352255917561,1.6078442923140965,274.6984778786913,-268.56910254418057
916300000,0.8142896977866498,-0.15048749585723595,10.633224337461607,1.6385685798262986,275.0388436648484,-263.3902430639539
916313000,0.8151444674356197,-0.1506181240437883,10.692001874553384,1.629507737029664,275.12139870444724,-264.90510984463896
916326000,0.8179618820995568,-0.15456034232696667,10.935774177951963,1.5929776246874103,269.21516758040053,-271.03117822921973
916339000,0.8148677027967347,-0.15301578845644062,10.703427213433221,1.6277581195706483,270.9210620990277,-265.24809604369216
916352000,0.8143603655843734,-0.15236811958544585,10.661257657910795,1.6342345347590848,271.8545294391994,-264.1697156164043
916365000,0.8156376612817577,-0.15385602499940132,10.766226504398817,1.6182082395113981,269.73407388131113,-266.8278890702523
916378000,0.81733557978265,-0.15139611495751615,10.851077583300821,1.6054820365910634,274.52285598541954,-268.97137139596816
916391000,0.8162557881287374,-0.1527390552971595,10.79406782640875,1.6140102747460372,271.8435741447528,-267.53541223259145
916404000,0.8155419458078909,-0.15192341612841215,10.735147880676065,1.6229202746165066,273.0127750397498,-266.0399105481639
916417000,0.8148689129435398,-0.14834565815055062,10.645639681668257,1.6366462850494359,278.9467651068686,-263.5852527101022
916430000,0.8123140816817899,-0.14975796304215697,10.494477397578704,1.6603633134576925,275.5415134127102,-259.75541676862343
916443000,0.8137040999591084,-0.15150486478397227,10.606879582854589,1.642662634655125,273.09446235622863,-262.75609297352287
916456000,0.815096964385217,-0.15332054844748327,10.722745004018343,1.6248084488190453,270.47628947772785,-265.7371216419945
916469000,0.8147963314147207,-0.15315443157761874,10.700377357462182,1.6282247899955173,270.66190877251785,-265.1718118857649
916482000,0.8049953735481898,-0.14463976652057148,9.982158042838995,1.7461399400825846,280.8108700370024,-245.37062466281287
916495000,0.8157881804173639,-0.15115584948667235,10.742167730522342,1.6218535443340476,274.4189053351604,-266.2034137471537
916508000,0.8143208675124871,-0.15465046374937963,10.687423831015657,1.6302098540336931,267.97907787494603,-264.84188716934904
916521000,0.8151575458998099,-0.15408647680445678,10.736603798302795,1.6226989189847865,269.1926239090734,-266.0820917983504
916534000,0.813002786290062,-0.15393226505557928,10.590647192698542,1.6451954297708946,268.7646292108182,-262.40049474820256
916547000,0.8131178639191795,-0.14972724057059833,10.546564689286587,1.6521134652305864,275.90124611650583,-261.1073230586417
916560000,0.8135584174585763,-0.15044805315138976,10.584287592985245,1.6461898769009966,274.8389604995476,-262.12708843543453
916573000,0.8138190065150095,-0.15251362268984928,10.626999955920397,1.639534019850755,271.42417820888966,-263.3005921879855
916586000,0.813365923061862,-0.15404695081431133,10.616102839134788,1.6412269803034838,268.6908116417077,-263.0460020557534
916599000,0.8160834495944784,-0.15465698024267918,10.80698877612213,1.6120694426773263,268.50287237858447,-267.8317548479446
916612000,0.8128794863825116,-0.15231191044304787,10.56243024755439,1.649616911024105,271.44108459682224,-261.6458492087615
916625000,0.8157905386971744,-0.15162233915028758,10.748198443736623,1.6209382448446632,273.6147267082856,-266.3664585953527
916638000,0.8153878460136619,-0.15223732541705215,10.728683200297402,1.6239038873483072,272.42243097119535,-265.8802656576518
916651000,0.818013506346914,-0.15332902726840403,10.923179463107074,1.5948247017910233,271.36696224241877,-270.7612127016572
916664000,0.8171807252206525,-0.15135573482726772,10.839879092550914,1.6071501074389858,274.54213187803117,-268.6878225071951
916677000,0.8154971853383173,-0.15269801716070044,10.741914204975062,1.6218920453765118,271.6689935318601,-266.21933971283755
916690000,0.8126892177728549,-0.15214810379299423,10.547931584268115,1.651898076614955,271.64985616999223,-261.2685458875921
916703000,0.8144149479008985,-0.1534956026232068,10.679080837486536,1.6314909488416767,269.95926917971184,-264.63521863493065
916716000,0.8164719422261193,-0.1523425848419532,10.803788836466085,1.6125496634993,272.59701360385964,-267.78065169336173
916729000,0.8155246415330138,-0.15317544120386684,10.749846220458059,1.6206883370086649,270.860896462395,-266.42045739399475
916742000,0.8127994780348234,-0.15200118821279698,10.553358906836767,1.6510434212818752,271.9358275985953,-261.40220021587106
916755000,0.8106899935975292,-0.15039633464122848,10.397471436176968,1.675949962524098,273.8430270072152,-257.2753822503165
916768000,0.8146117646387631,-0.14966491989280972,10.644581004992883,1.6368100258238485,276.56950151005185,-263.641315683812
916781000,0.8145289850497469,-0.15038632512166372,10.64792160435261,1.6362934620122833,275.2990349374685,-263.76372848873996
916794000,0.8147341544741249,-0.1503902136130548,10.661672520180412,1.6341705683256742,275.3665807329437,-264.1174871713879
916807000,0.8143404987275863,-0.15507970826032064,10.69422204271009,1.6291674567039618,267.26272420818805,-265.0066943780534
916820000,0.8144380652773862,-0.15446570825962233,10.69293761799814,1.629364300295673,268.32689269451544,-264.98208811869466
916833000,0.8148656545517998,-0.1504911871756148,10.671720821021912,1.6326227819037844,275.2403183384296,-264.3799101978081
916846000,0.8159467182229247,-0.1509391913783394,10.750201022579946,1.6206345365344559,274.8481583702747,-266.4028474349063
916859000,0.8134970363644479,-0.15307851135647854,10.612675529330797,1.6417601673681776,270.3616304292365,-262.9474648867914
916872000,0.81399654215814,-0.15320252952029137,10.647424960955524,1.6363702383161836,270.3184068066783,-263.8316015415969
916885000,0.8163623952898644,-0.1531761315071709,10.806968194043007,1.6120725305511905,271.12506087271214,-267.8574175051409
916898000,0.8162709090346986,-0.15276627768282525,10.795449966185174,1.6138024422504984,271.801531196715,-267.5701589512573
916911000,0.8169138583501254,-0.14681621944148465,10.764841551226224,1.6184176371366352,282.4273348507017,-266.5724674843076
916924000,0.8136876287959732,-0.15305442767746932,10.625017915404626,1.639841686145582,270.46597305890094,-263.2607581539561
916937000,0.8133153563038903,-0.15345814666503554,10.605381706634354,1.6428960257531646,269.66242616378486,-262.7682840233818
916950000,0.8129502163556173,-0.1542968970145985,10.591739712781719,1.6450247142812324,268.1380963421083,-262.431317114185
916963000,0.8144887175122377,-0.15360970986610464,10.685470160876857,1.6305096657115026,269.78981351294436,-264.79694287650454
916976000,0.8131011273064039,-0.1564694115242911,10.62921836649913,1.6391897998277347,264.5711385228135,-263.35504445703066
916989000,0.8136548291991271,-0.1587379101539319,10.695531257697418,1.628966862980821,260.9782772668789,-264.9064723515932
917002000,0.8108880543248467,-0.1575155789341767,10.497236384763971,1.659924258905895,262.19736129732996,-260.0361808499562
917015000,0.8169385314801259,-0.15374738838376495,10.853975502765296,1.6050509424977855,270.31887151394784,-269.02542814441364
917028000,0.8175465610910299,-0.1530778685101687,10.887376523481624,1.6000989185321126,271.6620456997045,-269.8734571996627
917041000,0.8154908144316788,-0.1513980620158523,10.725081237949112,1.624452451298125,273.89913859308564,-265.7737701272284
917054000,0.8138638848859953,-0.15419867345959717,10.65112219787922,1.635798854239757,268.5959261607421,-263.93088280331216
917067000,0.8138204529887744,-0.15464704018235112,10.653899846255094,1.6353698498374094,267.82898032416455,-263.9995202498973
917080000,0.814825216316799,-0.15238898667134065,10.692670394299165,1.629405259468054,271.9753261349038,-264.9685486702887
917093000,0.8149406805994638,-0.152722186186072,10.704632241413094,1.6275738074480675,271.4452797782392,-265.2761613192445
917106000,0.8142347389868296,-0.1531442642478345,10.662592501402335,1.6340287369532747,270.49547691768487,-264.2154067968492
917119000,0.8138798637167104,-0.15001558977375407,10.600251207235175,1.6436959372141682,275.6958458848228,-262.51568144623235
917132000,0.8138667189558497,-0.15358285883573258,10.643550313862896,1.636969469771338,269.63379016575766,-263.73720486082044
917145000,0.8142534651662509,-0.15524734474091,10.690522840690036,1.6297345044528666,266.95460651907484,-264.9113271993366
917158000,0.812437072626519,-0.1549754263088313,10.566448624178342,1.6489857926126283,266.84407051574084,-261.7950444110251
917171000,0.8151649240581277,-0.15162818272104514,10.70597820173786,1.6273679888470147,273.39203337174024,-265.29242935492067
917184000,0.8153683887267772,-0.15545985950605903,10.76859986635704,1.6178495260108012,266.92823115368907,-266.85364412351794
917197000,0.8138013515009689,-0.15332017691491973,10.635901772848376,1.6381536437387922,270.05535824287597,-263.54081806679227
917210000,0.8138333522821296,-0.1541099519916797,10.64796617096364,1.6362865727951303,268.7354005394125,-263.85122081382644
917223000,0.8149453255853367,-0.15098010750829619,10.683125515987705,1.630869622714323,274.4283716668103,-264.6905871895947
917236000,0.8137249730604404,-0.15374872942299628,10.636199638254643,1.6381074950157144,269.308232276927,-263.55242467799894
917249000,0.8139242792838935,-0.1502445752598375,10.605987623078256,1.6428016070676144,275.3208184124232,-262.6763341152357
917262000,0.8140800065831305,-0.15575683469188556,10.685413930935699,1.630518296437696,266.0483748839689,-264.77353821256554
917275000,0.8159489636751297,-0.15644464946032846,10.821129837501184,1.60995069775591,265.42749572592595,-268.1155454723382
917288000,0.8215314098360718,-0.15448620693676593,11.189958069961046,1.5565962962304378,270.3124854085634,-277.269299095179
917301000,0.8218785910780337,-0.1533793260339404,11.200177692089515,1.5551683729014887,272.377371719174,-277.59731018376317
917314000,0.8185134940827182,-0.15145540121608816,10.933743857929725,1.5932750910154345,274.8017258515824,-271.0558311533671
917327000,0.8167582590879895,-0.15171315956361422,10.815384120585971,1.6108109003239603,273.78058844218094,-268.07088730682227
917340000,0.8164593938182607,-0.15089161877394494,10.784505722267273,1.615449601094447,275.1070637348438,-267.2756298582788
917353000,0.8156789145540121,-0.15192674005406412,10.744468946497117,1.6215041595705277,273.05295764533014,-266.2765499732304
917366000,0.814863345061895,-0.14856057855278712,10.647880751164815,1.636299777250385,278.57208143502106,-263.65853121090123
917379000,0.8150360503093304,-0.15299770235406907,10.714540511018553,1.6260598978977872,271.0067326322995,-265.5289996513643
917392000,0.8137074182269892,-0.15219857234305117,10.615678245213456,1.6412930155879544,271.91936059239873,-263.00385461107635
917405000,0.8129491080932757,-0.1538052564896743,10.585520177820769,1.6459970440922167,268.9594758151879,-262.2689658813835
917418000,0.8124169389357746,-0.15369289497434413,10.549140492640287,1.6517076296903985,268.9704733991263,-261.34286960624814
917431000,0.8135869926551087,-0.1546549728346392,10.638446227406959,1.6377595116636616,267.74238578186566,-263.61057493477847
917444000,0.8148104612610181,-0.15393869870245958,10.711279262145714,1.6265578804117915,269.3347674908417,-265.44684377274194
917457000,0.8150196036026784,-0.15294519409618854,10.712767039402713,1.6263306635333126,271.0908911413602,-265.48385463858034
917470000,0.8129162280087006,-0.1560648615873673,10.61180303111959,1.6418959575278742,265.1862453742342,-262.9276566054028
917483000,0.8121652545477317,-0.15507644796370876,10.549879244410983,1.6515912711668648,266.5900178450982,-261.37685714095403
917496000,0.8125871649484098,-0.15344642488987462,10.557248515546737,1.6504314593998604,269.43894354782896,-261.54432723094817
917509000,0.8106923965199981,-0.15566511391566012,10.461458861913993,1.6656358907433602,265.15026843191026,-259.1438565286501
917522000,0.8133735483019464,-0.1530168224306236,10.603730444302148,1.6431533937554164,270.42407137700815,-262.7187774631225
917535000,0.8147026270021314,-0.15212510084255082,10.681130636132895,1.6311760082542583,272.3843421357843,-264.67051185895497
917548000,0.8146704447708092,-0.15205183505283504,10.67805582697272,1.6316484819698474,272.49845205339886,-264.5907252935252
917561000,0.815464290867301,-0.15486161148325844,10.76737989219286,1.618033894819901,267.97014030997775,-266.83923975143284
917574000,0.8170035914558648,-0.1533962325411948,10.853909957392148,1.6050606904520814,270.9444748390531,-269.03081698103
917587000,0.8145979462323809,-0.1525297496846686,10.679184986278067,1.6314749439962806,271.65940114815083,-264.6282872483301
917600000,0.8153881558835102,-0.15220578735436371,10.728306078157297,1.6239613040730172,272.47661012695374,-265.870299831727
917613000,0.8172637166949842,-0.15083123348900968,10.838915498070413,1.607293802061511,275.4859055360279,-268.6573226037527
917626000,0.8168497088508038,-0.15423128228104244,10.85414080702104,1.605026358859189,269.4594139354153,-269.0175087293365
917639000,0.814593224595337,-0.1538628764357655,10.695696306906134,1.628941578186602,269.3945036385068,-265.0548068717357
917652000,0.8157601165032058,-0.15406171713594544,10.77720707473725,1.6165499565460677,269.4208879548227,-267.10031266527966
917665000,0.8160373688513399,-0.15498934109438686,10.808151342992671,1.6118950451606942,267.92272289914456,-267.85131868033
917678000,0.8150634136666955,-0.15476930334885,10.738988547735163,1.6223364758995493,268.0059110606164,-266.13205256727815
917691000,0.8153576636497878,-0.15277695106508898,10.733468396552297,1.6231756962217752,271.48841659405093,-266.006274946736
917704000,0.8147808944382133,-0.15507028370686207,10.723757740832959,1.6246541078188699,267.4119434792287,-265.74558805895396
917717000,0.8142729017899853,-0.15427777451827898,10.679466921964668,1.631431619705751,268.59219043370575,-264.64471039889173
917730000,0.8129721652733396,-0.15507228611012486,10.602936515370974,1.6432771653958975,266.8522703036493,-262.7149375224309
917743000,0.8138198791108769,-0.15506389111153143,10.659155301508196,1.6345587683442953,267.1298694353234,-264.1280460421383
917756000,0.8152993481541185,-0.15724672771105017,10.787238423671596,1.615038001220783,263.89860508869174,-267.24068372236565
917769000,0.8145138104984118,-0.15552166758333152,10.711549111948013,1.6265166635815627,266.5719272186993,-265.4310499526414
917782000,0.8150168690388481,-0.15633935393610526,10.756143938465568,1.6197339137998965,265.3439456803559,-266.51440311972385
917795000,0.8159810739527854,-0.15449672333491124,10.797905645229797,1.6134333139276793,268.7457217173374,-267.6092651997926
917808000,0.8158816721897723,-0.1560288648024045,10.811057149037303,1.6114593084982374,266.11245942428184,-267.88570578755264
917821000,0.816033539222923,-0.1529573604854603,10.78168249603996,1.6158750568591842,271.3971089629017,-267.2229125187848
917834000,0.8119809256615861,-0.1527626121654114,10.509203059110405,1.6580226214048597,270.37280926981043,-260.29799041951935
917847000,0.8126770629707858,-0.15414473190281314,10.571838314579269,1.648140058442951,268.30315316715956,-261.92603525707005
917860000,0.8144459494544087,-0.15298932300030427,10.674775472998855,1.6321528423475749,270.8277312102788,-264.52247877781696
917873000,0.8168051750759359,-0.15432619538121356,10.85230415273846,1.605299543951725,269.28313656722287,-268.9691247349608
917886000,0.8180319092120962,-0.1537745099129572,10.930311278263286,1.5937782587387204,270.59785370977437,-270.9254002715715
917899000,0.8177391521794639,-0.15662084555123396,10.947630616001574,1.591242735793652,265.6080859612577,-271.2091262448804
917912000,0.8165471061444457,-0.15603491160268762,10.856902450898447,1.6046157657075075,266.2879612630218,-269.017092287071
917925000,0.8134854549870961,-0.15615630914754877,10.650783153474558,1.6358512346939615,265.2049425926418,-263.9002789671262
917938000,0.8122647026563293,-0.15545873983184916,10.561193310669648,1.6498112794684654,265.98905692047776,-261.66235803587995
917951000,0.8121294744540337,-0.15466039643396523,10.542341787001638,1.6527792455132617,267.26754700856986,-261.1837298766244
917964000,0.8106775171229291,-0.15513234131938836,10.453916025005903,1.6668450879897556,266.0165217183036,-258.946439771772
917977000,0.8123305878872837,-0.1512117492961771,10.513073494681224,1.6574085011896007,273.0955563124174,-260.32928706825584
917990000,0.8143304905450901,-0.1502734849238881,10.633308903098202,1.6385554710255292,275.4203408258517,-263.3822258947481
918003000,0.8142614563695266,-0.1490982851678239,10.61436836983068,1.6414967685155855,277.4131380665542,-262.8250252907121
918016000,0.8159174175634825,-0.1513775563742667,10.753725671615651,1.6201002703280785,274.08014292006084,-266.50245479677665
918029000,0.8174382141185434,-0.15327741143773052,10.882450823757436,1.600827273934924,271.2827959754156,-269.7464590895538
918042000,0.8162780776210466,-0.15596561559078104,10.837445432676292,1.6075130730719822,266.3309723138875,-268.5403798769398
918055000,0.8163920031395756,-0.1533774052998236,10.811587082984774,1.6113798683590952,270.78816274109414,-267.971204378036
918068000,0.8154506180963605,-0.15486113983823876,10.766443853457526,1.6181753824116956,267.96685150590395,-266.81589798382976
918081000,0.8141126220886489,-0.154205526569274,10.667820518122069,1.6332232143566325,268.6633752256603,-264.3517495762922
918094000,0.8139307818311008,-0.1542388628999591,10.656093361335376,1.6350312235609166,268.5495971649496,-264.05618364754446
918107000,0.8137632189365271,-0.1527387223894318,10.626098484586564,1.6396739382262666,271.0245280188724,-263.28245143241406
918120000,0.8119424035677627,-0.15309326284960734,10.510749326042605,1.657777221201474,269.8084032612103,-260.34849360431764
918133000,0.8118056928934098,-0.1505529501792979,10.471049225421915,1.6641009919330156,274.0076680802291,-259.20183803734744
918146000,0.8113923338735376,-0.15344773850400933,10.47938396777353,1.6627693529083913,269.03021728088294,-259.5571344558709
918159000,0.8139342587224024,-0.15119720362830855,10.618343798967626,1.6408785416384934,273.6992484192321,-263.03832635452363
918172000,0.8147064979864123,-0.15230110561098736,10.683596049262949,1.6307973722332463,272.08539670201833,-264.73654761662226
918185000,0.8139601324693218,-0.15195901424638988,10.6294845675666,1.6391485044388125,272.41284646954983,-263.349673272619
918198000,0.8144738332953689,-0.15286711263102895,10.675106150221609,1.632101985951602,271.0444433776463,-264.52946210822347
918211000,0.8098552849700605,-0.1517862716786489,10.360841784479698,1.681912136045347,271.2224925418152,-256.4213499942274
918224000,0.8148150230799475,-0.15452414896879282,10.719058694476063,1.6253704905063096,268.3448410789954,-265.63691323391936
918237000,0.8142841261539253,-0.15640177354782206,10.707432443859501,1.6271456709158696,265.0294936361068,-265.3040394672802
918250000,0.815639924878743,-0.15536658452195523,10.78588745663305,1.6152414577746765,267.16545769350324,-267.28625412943643
918263000,0.8147929008491417,-0.15178344622254455,10.68291180673287,1.6309024399346983,272.9987328773641,-264.70832395959064
918276000,0.8148044459600307,-0.1536063939898254,10.706649639001576,1.6272653349965425,269.89659768871525,-265.3312228541531
918289000,0.8130107271959551,-0.1529267776184313,10.578658759609873,1.6470710609623072,270.4527605068245,-262.0781786482219
918302000,0.8165866226284867,-0.15039530734138518,10.786941428565878,1.6150827244773498,276.01481524771395,-267.3256391637662
918315000,0.8115130299855032,-0.15562593779606604,10.514150519048776,1.6572376913805447,265.47641624009225,-260.4758998785453
918328000,0.8166524304311833,-0.1540965316789853,10.83878435574744,1.6073133604614822,269.63205317054343,-268.6383622256141
918341000,0.8168917499914449,-0.15447107822955147,10.860174514614735,1.6041295574153152,269.0598096457782,-269.1605256092835
918354000,0.8151742472315655,-0.15324285833614137,10.726978748454004,1.6241634219856813,270.63349028535936,-265.84386533613724
918367000,0.8127771187628359,-0.1516695809900678,10.547830635013714,1.6519139817774986,272.4863210341145,-261.2467283008763
918380000,0.8150175044408203,-0.15416361833877046,10.728119822527965,1.623989662934977,269.0181450265999,-265.86835367506035
918393000,0.8142866028995895,-0.15173501063464628,10.648440493341255,1.6362132544715036,272.9069321616435,-263.82742198753147
918406000,0.8156035111307028,-0.15520494819184225,10.78130516275503,1.6159319374205359,267.428910293508,-267.17719994992785
918419000,0.8151123078843378,-0.15611525505307586,10.759707052692521,1.6191944207449274,265.7481504314288,-266.6110570859559
918432000,0.8165764198598853,-0.15651631806058885,10.865293056601542,1.6033695663229204,265.47752804772034,-269.19865528285203
918445000,0.8173783728258252,-0.15523017670667894,10.903902256977448,1.5976601327684734,267.8954790716286,-270.21427940447995
918458000,0.8136001230510581,-0.15676599554043583,10.66626114675677,1.6334633958767655,264.2251054984468,-264.26954938793006
918471000,0.8158840321203684,-0.15604351369768585,10.811410768759544,1.6114062980010844,266.0883144653028,-267.893826896051
918484000,0.8127944512577695,-0.15413493150843707,10.57944297503545,1.6469482366778871,268.3578629881528,-262.11865907039714
918497000,0.8159528136186647,-0.15657788136189713,10.823147964878913,1.6096487785424896,265.2032662782178,-268.1587293050754
918510000,0.8150665188054762,-0.15740135869069072,10.77340877627225,1.6171231888872815,263.57636604215946,-266.89242937252845
918523000,0.8147528152946985,-0.15508970023166785,10.722111814130562,1.6249049618446112,267.37073260181495,-265.70407458457674
918536000,0.8147183033120518,-0.15369910950065843,10.70202833105839,1.62797213473825,269.7118027477607,-265.21464482237377
918549000,0.8150428149737934,-0.15238114251062193,10.707211353176582,1.6271794663284653,272.06137705386897,-265.337518988836
918562000,0.8162532854506663,-0.15439117301114869,10.815179260959972,1.6108415872813264,269.0075405648688,-268.04260695495685
918575000,0.8122276294761775,-0.15400618493516635,10.54063003411186,1.6530492727897985,268.3857814177073,-261.13202595757866
918588000,0.8121934971104279,-0.15672829886714562,10.572543749452443,1.6480294280953898,263.87377029423607,-261.9339656527104
918601000,0.8116089039065291,-0.15430653132223535,10.5039978934871,1.6588492427318549,267.6823971558381,-260.205868450006
918614000,0.8123584496253052,-0.15329593757133508,10.540399176310302,1.6530856971458505,269.61294430083393,-261.111496140882
918627000,0.8140474622818851,-0.1544462302921666,10.666514579408057,1.633424356197456,268.2375882550324,-264.31796224135275
918640000,0.8122998447769803,-0.15356236081316432,10.539857150647244,1.65317122337238,269.1487645506363,-261.1038742976484
918653000,0.815966603261299,-0.15789400930768752,10.841528931907478,1.6069041373658466,262.98830530675724,-268.53266454386966
918666000,0.8148813620329137,-0.15462850699583577,10.724872717434883,1.6244842194908986,268.1886985581327,-265.78114414249285
918679000,0.8108887190404086,-0.15324171025746014,10.444364775083258,1.668378784471639,269.1961770144032,-258.65283036066967
918692000,0.8131569954892643,-0.15487874816126607,10.612727137241999,1.6417521361415948,267.2329201058284,-262.9621465903507
918705000,0.8115559102294433,-0.15545809728266943,10.514847893653563,1.657127110652992,265.7660152104853,-260.4930935797503
918718000,0.8131771675354914,-0.15548669331505835,10.621754394200755,1.6403485253174193,266.22607684837027,-263.1848922346653
918731000,0.8128309319324319,-0.15321373532400204,10.570380102603293,1.6483687908505262,269.9104378286604,-261.87378958991064
918744000,0.8128537499395899,-0.15341200242257622,10.574342146928663,1.6477474604604239,269.58601312159885,-261.978694221263
918757000,0.81580396367373,-0.15744634956661963,10.824402923090865,1.6094610894781847,263.698528486417,-268.1419706943092
918770000,0.814878943521592,-0.15721996249470693,10.758280934856302,1.6194103067534877,263.8287461303178,-266.5290736503784
918783000,0.8153629766928545,-0.15625266559424886,10.77854794481474,1.616347692179909,265.5879540450376,-267.07243306745875
918796000,0.8131547992831974,-0.1537059896179667,10.597859365421469,1.644069123478595,269.19347608478677,-262.58072957181884
918809000,0.8140439540747344,-0.15489255853022402,10.67195227799689,1.6325871641580014,267.48632704422164,-264.4510386825849
918822000,0.8129674915262226,-0.15514591564390154,10.603556387598255,1.6431805271828974,266.72824517200166,-262.73022806827083
918835000,0.8132486589838257,-0.1564975190117976,10.639382659668675,1.6376145076345505,264.5681141473699,-263.6079031958312
918848000,0.8129364235309342,-0.1546875658306002,10.595730970427095,1.6444013484893798,267.4818794069231,-262.53373343849415
918861000,0.8159015727509636,-0.15302524532054637,10.773554229849424,1.6171012297887266,271.2384906369656,-267.01802709931087
918874000,0.8139961115559695,-0.15378621895884131,10.654737439310198,1.6352405288969363,269.33287595799464,-264.0213384442757
918887000,0.8163049287264904,-0.1546702920268822,10.822349212574606,1.609768261219493,268.5457489115119,-268.2138593403325
918900000,0.8137709984141579,-0.15475237959260327,10.651936847591394,1.6356730091924663,267.63681161134656,-263.9495031626712
918913000,0.8178898713139244,-0.1539255797087422,10.922369787280067,1.5949435917055363,270.29396971348825,-270.7231899789035
918926000,0.814452739358951,-0.15369090772195382,10.684084201951007,1.6307224230729758,269.6407864776033,-264.76210130495383
918939000,0.8123984968701874,-0.15412412142957513,10.553286662298754,1.651054792001786,268.24606941755513,-261.4552390524083
918952000,0.8159793409300654,-0.1543948625054118,10.79646893532944,1.6136492541302274,268.9190104779789,-267.5757005869473
918965000,0.8152946542763196,-0.15432449726367636,10.748942304085197,1.6208254186973134,268.8306608575665,-266.38850790327433
918978000,0.8170728810816638,-0.15686447144250695,10.904359717337169,1.5975927290745997,265.0179446173232,-270.1355800577695
918991000,0.8164124653714138,-0.15629279007732005,10.85101490877419,1.6054913626104603,265.8124714953858,-268.85927964055946
919004000,0.8159300116253894,-0.15737283695208532,10.832086573576992,1.6083128943638791,263.8556833650347,-268.3346683554404
919017000,0.8145633389478099,-0.15511898525906992,10.709713191179642,1.6267971232912337,267.26420655551993,-265.3935931582875
919030000,0.8124323054590717,-0.15455747039820597,10.560906264782329,1.64985639154105,267.5364830678045,-261.6529232404338
919043000,0.8142697630269098,-0.1561187905442482,10.70281265816797,1.6278521334971798,265.4986075311939,-265.19785808113113
919056000,0.8128854045988577,-0.15479291354501792,10.593686217190944,1.644720644567195,267.2900996889401,-262.4822444478342
919069000,0.8301658589953939,-0.1617573587491174,11.968336854167852,1.4548700603097373,258.7383854622302,-294.0557504011093
919082000,0.8454364684671382,-0.16436834660787583,13.416116190570996,1.297250117642139,253.62036936944546,-322.88067964543006
919095000,0.8379546559155902,-0.16460805476063117,12.695764099708644,1.371153337287013,253.7144536928403,-308.51762947921736
919108000,0.8196604676336029,-0.15888361018057345,11.115156828398181,1.5671283955903803,262.187868876213,-275.04527160942393
919121000,0.814893313169312,-0.15564330166083054,10.73874120981179,1.622374059689211,266.479449197225,-266.10549421108726
919134000,0.8170323886938948,-0.15407801418806152,10.864766105060765,1.6034477737078676,269.7773943606404,-269.28627178113055
919147000,0.8158551298940487,-0.15428555261287255,10.786571821554535,1.6151383855279133,269.0679842092747,-267.3307175838198
919160000,0.8155284927807319,-0.1533224666539106,10.751982235296072,1.6203644961967314,270.6108306790187,-266.4739077414118
919173000,0.8168407241071012,-0.15367304696988554,10.846261396441319,1.6061990057992008,270.41732372966874,-268.8343585080937
919186000,0.8156236785632746,-0.15300729840965238,10.754425812041145,1.6199941851160564,271.1803069365899,-266.5360209153294
919199000,0.8140658389751881,-0.15367046726625197,10.657932868227224,1.634747356096241,269.55068641710966,-264.10156706177276
919212000,0.8122084999664576,-0.15212551138126845,10.516236169566483,1.6569070197073823,271.51774235051454,-260.45401929526463
919225000,0.814667449278069,-0.1568222709753609,10.73875484585571,1.6223719876031752,264.43538269534025,-266.0648148272363
919238000,0.8114679190547144,-0.151917877864321,10.465654827166244,1.6649639941803693,271.59875107450677,-259.14210219338685
919251000,0.8142325984558458,-0.15279531484904638,10.658069439819526,1.6347262846992874,271.0861586529683,-264.09617778601597
919264000,0.8134491081937305,-0.15296105545268676,10.608037350899595,1.6424822829683334,270.5434327095197,-262.82727094434415
919277000,0.8131371453840452,-0.15225362603689352,10.578664512513768,1.6470701598721893,271.62894113932396,-262.0594265645322
919290000,0.8136160605594942,-0.1532468089432584,10.622670525527273,1.6402062143781648,270.11774611369475,-263.20413242306745
919303000,0.8120602290545791,-0.15441032570618732,10.53470153496686,1.653985171922625,267.65950400426266,-260.98737499902865
919316000,0.8132220275797029,-0.15431997714842807,10.609998735486824,1.6421768382853321,268.1871418204373,-262.8930586319908
919329000,0.8169677145481925,-0.1533847099129129,10.851283815402624,1.6054513498573186,270.953375235554,-268.9653370964318
919342000,0.8155291358922504,-0.14939902607643804,10.70279270129274,1.6278551866585775,277.3687241491853,-265.12896110903915
919355000,0.8151649273982956,-0.153580163638478,10.7306397137949,1.6236060741451406,270.0559061278578,-265.9356676451701
919368000,0.8113371604765732,-0.1531722258508922,10.472445670014277,1.6638777332666215,269.46756196105116,-259.37040742279197
919381000,0.8136222761624345,-0.1533627672153128,10.624533634655508,1.6399168772221446,269.92444150498255,-263.2530145704482
919394000,0.8129505794161318,-0.15533960864779311,10.6048840616919,1.642973580860335,266.400759562283,-262.7624828392992
919407000,0.8143534968140906,-0.15482285595651113,10.691812740103497,1.6295367318437026,267.6988558802032,-264.95001714216187
919420000,0.8145796180201783,-0.15416046009438578,10.698563717264342,1.6285024294628752,268.8866890074728,-265.1257546256005
919433000,0.8151421296837436,-0.15264136210912868,10.717189471322461,1.6256556349579907,271.6495978256126,-265.593413198796
919446000,0.8151003208947311,-0.1532666782433778,10.722287541080604,1.6248781757731836,270.5691333028965,-265.72553530891133
919459000,0.8136487477721084,-0.15095415876905752,10.596444773833143,1.6442899146214884,274.01054199350074,-262.46530792893003
919472000,0.8136449662006205,-0.1533629172456136,10.626042229017374,1.6396826705101777,269.93168595312994,-263.29128694157595
919485000,0.8131903519152753,-0.15157780683944638,10.573853024718536,1.6478241395057367,272.78863298845937,-261.91148884828095
919498000,0.8169800712530834,-0.15293981608153073,10.846381705525422,1.6061810879782663,271.72607005549287,-268.8490063339603
919511000,0.8137770537782999,-0.15285450758730168,10.628461948000018,1.6393071533330452,270.8334964831943,-263.3448085611715
919524000,0.8132119725985489,-0.15680727673078143,10.64091151574807,1.6373778236996281,264.04404844654096,-263.6378396168507
919537000,0.816454415587675,-0.15447222273131156,10.830043555273072,1.608618029452071,268.92878206283586,-268.41091283113497
919550000,0.8133941768583237,-0.1559224339388436,10.641715685530931,1.637253356804653,265.5668127540692,-263.6785105981435
919563000,0.8138601098905329,-0.1558049818468843,10.67130319572446,1.6326870520968009,265.90227417252174,-264.42020602834737
919576000,0.8124543061509892,-0.15347415956474858,10.548879508545077,1.651748740425138,269.34790241721294,-261.331784944662
919589000,0.8140694163766579,-0.1546501102974565,10.670571723992188,1.6327996337272488,267.9015796713153,-264.41865239072195
919602000,0.8125533569788178,-0.1512583283619293,10.528172997851092,1.655017026246208,273.0984919621422,-260.72132849523064
919615000,0.8116181924704804,-0.15575014713678662,10.522554019931441,1.655906156667101,265.3054510989977,-260.6879668781412
919628000,0.8158562368697964,-0.15442971629981922,10.788509258855632,1.6148466594926298,268.82245908852263,-267.37621231427704
919641000,0.8126428662360459,-0.1532428516214436,10.558383048427752,1.6502530462061884,269.798107115189,-261.568763851894
919654000,0.8142490363168747,-0.1574844550276918,10.719125441696068,1.6253603102708611,263.21418309125073,-265.5510580026692
919667000,0.8137309019010293,-0.15571164169904733,10.661472973126957,1.634201335291413,266.0194334731923,-264.1764269925648
919680000,0.8120366008462668,-0.15772905697896583,10.574967110521706,1.6476494961551402,262.1864701816091,-261.97056323217305
919693000,0.8122783788914814,-0.15603593633583399,10.569360754108528,1.6485287217709406,265.03988590044486,-261.86404788819226
919706000,0.8141718044491717,-0.15724164878107538,10.710760443725663,1.626637130568655,263.5967481287533,-265.35515550793383
919719000,0.815579086248511,-0.15484211062518824,10.774941290206739,1.6168918555957499,268.03753989940617,-267.0283046229022
919732000,0.8121305495864275,-0.15533229220073055,10.550808821818391,1.65144487964459,266.1558452325393,-261.4007334589077
919745000,0.8110278525558782,-0.149349846769994,10.40670381142751,1.6744539019791023,275.72503879556433,-257.42938994569323
919758000,0.8108246700347862,-0.1550449178763737,10.462325507035349,1.6654970709844261,266.20799698811544,-259.1587546531048
919771000,0.8141296330887575,-0.15694899436970963,10.704122820285356,1.6276517196091034,264.0721810440591,-265.2026452280324
919784000,0.8140401715445775,-0.1533869758146803,10.652651016587098,1.635562702128429,270.0210598341363,-263.9659488432684
919797000,0.8178146362830975,-0.15134402403907432,10.883579623731855,1.6006603013475884,274.7712380937136,-269.792177936052
919810000,0.8187383028815521,-0.15371611947352773,10.979150186461945,1.5866490203974575,270.90549311192643,-272.13883519290863
919823000,0.8162805453339307,-0.15595177792635626,10.837433312673095,1.6075148811085105,266.3551727117083,-268.5407037064441
919836000,0.8142873941064687,-0.15204421597855666,10.652341159880061,1.6356105592532966,272.38069179777324,-263.9353386657984
919849000,0.812886075699428,-0.15230909426003567,10.562828520697613,1.6495543373876536,271.4481191640024,-261.6559513914889
919862000,0.8143262519057347,-0.1522256915665674,10.657198902589084,1.634860607729264,272.08519718291086,-264.06340361929256
919875000,0.8124910538333013,-0.15405134773356838,10.55845294663245,1.6502420554921329,268.39771869894946,-261.58537330405994
919888000,0.810047940320121,-0.15074409712455814,10.360716217913918,1.6819326475828498,273.01713392785103,-256.3432388770999
919901000,0.8159779899161888,-0.15659245192506294,10.825068329667527,1.6093615903948857,265.1855382708041,-268.205288197142
919914000,0.811002925335391,-0.15123407001376782,10.427482644045405,1.6710965763060235,272.56663337064015,-258.1154491510007
919927000,0.8131088277433588,-0.1519280012258732,10.572788509144008,1.64799104695593,272.1682364140063,-261.8977430867136
919940000,0.8166121953367794,-0.15556077786569056,10.85515081420371,1.6048761695003404,267.1140163098805,-268.99554820382116
919953000,0.8099594463803782,-0.15810918856314266,10.444733144341367,1.6683195809176095,260.96112016707355,-258.71220351583685
919966000,0.8130750019134493,-0.15521447418831402,10.611536587509443,1.6419374296340217,266.6476709915436,-262.9305992189972
919979000,0.8147419488992175,-0.15620840941352912,10.73581694828562,1.6228185430141489,265.48529183712765,-266.0151898307031
919992000,0.8148288466711996,-0.1564797771931054,10.745223067710354,1.6213896970900112,265.05475480042537,-266.23854174121647
920005000,0.8143666866646818,-0.15445270008893333,10.687979866294908,1.6301245446583843,268.3265985574809,-264.85764744454724
920018000,0.815927518716228,-0.1549997688731078,10.800767818882377,1.6130032965433316,267.87271434712267,-267.6673716312594
920031000,0.8145517566184888,-0.15758813697673718,10.740927242252175,1.622041945538696,263.12455597995177,-266.08348787124834
920044000,0.8138147324012602,-0.1596209008412549,10.717900285133517,1.625547190595481,259.56692357866194,-265.39882478121694
920057000,0.8076812251923188,-0.15434185078013368,10.254657472153553,1.6994386508331596,266.2725858545924,-253.8186731931431
920070000,0.813280570001258,-0.15825779884445354,10.664211435289955,1.6337792096170956,261.66823310085147,-264.16066362570365
920083000,0.8130174862883801,-0.15595466372530398,10.617109523394166,1.6410704362828326,265.39962231298216,-263.0622567881986
920096000,0.8162060350054694,-0.1503071620230496,10.75989398110705,1.6191661277625422,276.0350005042325,-266.63223489102626
920109000,0.8118511697398185,-0.15401550038017636,10.51616705737148,1.6569179750532983,268.2449630349726,-260.51002898887094
920122000,0.8096443512858359,-0.15115270585973717,10.339981998115515,1.685326519125624,272.1866499392655,-255.83366849980035
920135000,0.8103338684550492,-0.15838537027626357,10.472333494303907,1.6638956653063826,260.6267919271102,-259.39654621702
920148000,0.8131004556759452,-0.15552810569467984,10.61719317661375,1.641057429171283,266.13359395561196,-263.06997800443185
920161000,0.8097920119673876,-0.156631424120473,10.415583006451659,1.6730175978016075,263.2930537542231,-257.9888346653571
920174000,0.8100131331556426,-0.1568802018111876,10.432834513678152,1.670234037574101,262.9601557959701,-258.42445436164996
920187000,0.811151097906708,-0.1547189368122961,10.479396938478038,1.6627672822491826,266.8507004135789,-259.58744240939694
920200000,0.8127299973698147,-0.15528586114845508,10.589635557135805,1.6453535380634752,266.4213057418506,-262.37920786957824
920213000,0.8133428487023742,-0.1575552402263677,10.659263485875542,1.6345420805810602,262.8443343161693,-264.06844797523206
920226000,0.8162000340994581,-0.15640299738551378,10.837834097782912,1.6074550949931976,265.5671659396016,-268.5291609690118
920239000,0.8120267352752899,-0.15584059756350108,10.550387688032904,1.6515111973255716,265.28431352968016,-261.38874533472233
920252000,0.8143410594759906,-0.15506057093655257,10.694014929097023,1.6291991945269932,267.29507631484006,-265.00181219322195
920265000,0.8155281459183342,-0.15388770067399982,10.759187766393572,1.6192730237273436,269.646045175632,-266.65094882083866
920278000,0.8104001052151552,-0.1512325804811463,10.388902643673838,1.6773408942304135,272.34237558369705,-257.11337716333975
920291000,0.8144890540218462,-0.15335810786208853,10.682312495051203,1.6309944773790894,270.21625135070326,-264.7162309205078
920304000,0.8128410851232142,-0.15276035989182976,10.565436843522779,1.6491446552839697,270.67424320694175,-261.7364651455807
920317000,0.8143049872522237,-0.15426402959023666,10.681442892434186,1.6311280424485486,268.62546614495324,-264.69449884661276
920330000,0.8128281714415925,-0.15550205308167486,10.598845485259652,1.6439152438936029,266.09290628380074,-262.6094763846691
920343000,0.8154279957404343,-0.15620150000152885,10.782310889275884,1.6157803395402381,265.69261797478526,-267.16760575305636
920356000,0.8134290282352171,-0.15706150889096088,10.658642383125406,1.6346378921950788,263.68567741168476,-264.07080022007057
920369000,0.8116777731662117,-0.15298754806157142,10.492253715164068,1.6607173512670168,269.8926179330229,-259.871540833913
920382000,0.8120788580469988,-0.15453458333789888,10.537464357408181,1.653548888315449,267.45960244667464,-261.0589041811024
920395000,0.8144759615616807,-0.15399444365214576,10.689489859722798,1.6298929200047296,269.13470550588215,-264.8981330837556
920408000,0.8159411642354486,-0.15473185343668758,10.798223234885581,1.613385587426666,268.332937305605,-267.61141454925786
920421000,0.8170466322630291,-0.15683373932475494,10.90212304969997,1.5979223411818704,265.0633465997308,-270.0828270209638
920434000,0.8151304762768972,-0.1549812560099487,10.746258669943975,1.621232537094722,267.6674418363096,-266.3094388829547
920447000,0.8124614594727243,-0.15513502272261318,10.570053408030132,1.6484200442827786,266.58710947070756,-261.8861610170284
920460000,0.8133997323715907,-0.15492816868834347,10.629452832335483,1.6391534273700323,267.22656010574246,-263.38295566840264
920473000,0.812690666305825,-0.15712672689897847,10.610414243327499,1.6421121462428387,263.36467939857795,-262.8697963340068
920486000,0.8151724922767839,-0.15647534090247978,10.768489209278915,1.6178662473433865,265.1593073425522,-266.81450538663984
920499000,0.8123617037853897,-0.1565072760195166,10.580807330139054,1.6467345943563618,264.2880126108015,-262.1445713994606
920512000,0.8123796439060221,-0.1556946300879405,10.57171271661006,1.648159757000034,265.6348621640551,-261.9260198124525
920525000,0.8142399914440923,-0.15645926025973578,10.705205817503103,1.6274860922169534,264.92069973309066,-265.2468639711997
920538000,0.8141452625071035,-0.15550117280755685,10.68651265240422,1.6303496704223281,266.4961074811584,-264.80635665382357
920551000,0.8160042244011033,-0.15434773806092705,10.797560723959316,1.6134851509565717,269.0069512358965,-267.6039772582058
920564000,0.8167858622969312,-0.15789799861721607,10.898246298549239,1.5984939714859827,263.1908526490114,-269.9148080954563
920577000,0.8183872103922054,-0.15707366220960778,10.999365726692185,1.5837167467572753,264.9973400109424,-272.435580603406
920590000,0.8161391693485088,-0.15712512756751099,10.843192430758634,1.6066562072688888,264.32903509415684,-268.62159581427665
920603000,0.8134042549236759,-0.1561095504843275,10.64477576095764,1.6367799013255957,265.25854662898945,-263.7512981899097
920616000,0.8141254390637099,-0.1554356664154081,10.684344335258814,1.6306824859878857,266.599950849882,-264.7534127292668
920629000,0.8132563553293214,-0.1534316141036637,10.601147597829424,1.6435561219625419,269.68741940966527,-262.66038051875626
920642000,0.8154025849229147,-0.15403589968742726,10.752561972342626,1.6202766247638902,269.3546560472398,-266.4830476800747
920655000,0.8119985364722335,-0.1519789839273584,10.500783500631451,1.6593601266940188,271.6880717538118,-260.0502430635323
920668000,0.8109052111674062,-0.15239254721022774,10.435135091318388,1.6698635373972843,270.6065420433048,-258.3786041692369
920681000,0.8102691861114476,-0.1551407540660141,10.427772271459968,1.671049875380917,265.8682763614199,-258.28193942723357
920694000,0.8164993335172239,-0.1514525693059931,10.794332142743007,1.613970525321076,274.14670517811044,-267.5350028546359
920707000,0.8095074391989481,-0.15509448880069773,10.378564973363506,1.6790220450580038,265.68966358633463,-257.02697673701726
920720000,0.8132767940495264,-0.15642046111100685,10.640268101568822,1.6374774230119604,264.70424447594235,-263.6318436369106
920733000,0.8137539436827964,-0.15619340397440112,10.669182488745669,1.6330134953513245,265.22263492682237,-264.3583296880387
920746000,0.8112484539137819,-0.15329994198813263,10.468270876968152,1.664545363321743,269.22521895766283,-259.2678500498484
920759000,0.8098413064130455,-0.15448037415340118,10.392345462894301,1.6767817593814374,266.80171742151845,-257.3621374682902
920772000,0.8174139534100154,-0.1516951563092422,10.86032452768063,1.6041072734918362,274.02664045599926,-269.206069085389
920785000,0.8164225524082188,-0.15537734643648526,10.839668577451208,1.6071814979967025,267.3730362412649,-268.6200339342007
920798000,0.8165196982938229,-0.14984674377180526,10.77548993121527,1.6168090542575688,276.9482354526374,-267.0157396131305
920811000,0.8171372436498611,-0.15431077493578002,10.875065478380602,1.6019205800320366,269.4075643214945,-269.5356329225668
920824000,0.8105944634414012,-0.15198787947009196,10.41033944400681,1.673865500785472,271.1636562798323,-257.7167698882514
920837000,0.8123875290376412,-0.1575201700232797,10.595415331494104,1.644450628606207,262.6299108976936,-262.4853053017342
920850000,0.8138148558000253,-0.15223692386648094,10.623283316149704,1.6401110379079964,271.89135716990074,-263.19903365716044
920863000,0.8104291071749774,-0.15119806407966863,10.390341196641492,1.6771072189627967,272.41056463537467,-257.1484075706532
920876000,0.817495854198787,-0.15714248385308643,10.937600995139436,1.59271006915743,264.65405543654356,-270.9282006097671
920889000,0.8135702894658082,-0.15798282424424406,10.680010041770593,1.6313481664661098,262.20117051667273,-264.5631026795854
920902000,0.8121207803329487,-0.1590286295944616,10.597209566322542,1.6441705375119786,260.0895057988915,-262.4723971400956
920915000,0.8178691447748944,-0.1544627732173941,10.927998152164772,1.594117510153275,269.35751047162876,-270.84288740797103
920928000,0.8201900762594092,-0.1520789543063352,11.060551805103612,1.5749075351738773,274.2177523162355,-274.21565903635855
920941000,0.8149009926270073,-0.15305666242250515,10.706185220929585,1.6273363369738412,270.8623236921391,-265.3180968306686
920954000,0.8166167868533762,-0.15497206256390617,10.847744932362277,1.6059780884674573,268.12099814834534,-268.83522423898216
920967000,0.8108999156214965,-0.15659607875845893,10.486460292117831,1.6616404476920996,263.696752195312,-259.77609409588473
920980000,0.815281438714062,-0.15827578632739372,10.799611153874881,1.6131770479970746,262.1713414425497,-267.48348510149543
920993000,0.8167424546966304,-0.15744019658292596,10.88909434630104,1.5998450630904324,263.9544480597064,-269.72450132286775
921006000,0.8168844444260703,-0.15627970474202763,10.883484060165713,1.6006744357987832,265.9635106131374,-269.6585988727749
921019000,0.8176341638548931,-0.15553282626317597,10.925750671619438,1.594447272507278,267.44639257912155,-270.7378512804039
921032000,0.8180590770980246,-0.1581387406175276,10.990678365432098,1.5849755198376168,263.0954973904284,-272.1351901518973
921045000,0.817394191501733,-0.15463825903937778,10.897196952373623,1.598648769024037,268.9182564170157,-270.07335831088426
921058000,0.8150345428948748,-0.15431927132635767,10.731262586253774,1.6235112858062208,268.75945304927427,-265.94547594362297
921071000,0.8140885096642984,-0.1553740320763092,10.681080202145859,1.6311837557030173,266.6921255178543,-264.67289557882896
921084000,0.8143644573332635,-0.15575286521046236,10.704468884317583,1.6275987908823026,266.13946292161876,-265.2489197315873
921097000,0.8134539863042783,-0.15559402068699602,10.641510920820688,1.6372850478478402,266.1319188440653,-263.67883904865965
921110000,0.8135243310609659,-0.15323793144073317,10.616474200223697,1.6411692284637038,270.10221429277067,-263.04665615040284
921123000,0.8130809446413764,-0.15541246795343672,10.614435171907589,1.6414863761322984,266.31995497294685,-263.00189015478895
921136000,0.8169475544306843,-0.15576647473268787,10.881063233347517,1.6010325747887513,266.85655774022183,-269.6256192678914
921149000,0.8123004824913204,-0.15563251551734988,10.56572781729574,1.6490989654868486,265.71294274293217,-261.7758431808194
921162000,0.8153273910223738,-0.15420041596519862,10.749570290673304,1.6207301801403615,269.0515807847236,-266.40597511306663
921175000,0.8126602391958447,-0.15686446079839478,10.605050231186112,1.6429476834819905,263.7880418522322,-262.74289973921424
921188000,0.8118761738188526,-0.15662287040930006,10.550385045896407,1.6515116134106098,263.9515230667107,-261.3809728956465
921201000,0.8117852968768003,-0.15550727882001622,10.530418170265127,1.654662024545819,265.75786902509697,-260.8863503397968
921214000,0.8124218791846406,-0.15677579364533376,10.588183323509455,1.6455805606184688,263.86368101284626,-262.32391855375545
921227000,0.8150869671911845,-0.1572240136227841,10.772471123224046,1.6172647605439558,263.87890712600523,-266.8784391249839
921240000,0.8144568341677781,-0.15772764871143197,10.736333109410683,1.6227400695533831,262.8664128146477,-265.96335916062486
921253000,0.8139962685499817,-0.15871310942916553,10.718170401151191,1.6255059845096123,261.10941713127926,-265.46318496233465
921266000,0.8138668074789165,-0.1577671403563118,10.697088468905541,1.6287283365690977,262.6395461170627,-264.9943649765597
921279000,0.8131705839779192,-0.15466441505848105,10.610925323809575,1.6420325811324485,267.5949838511177,-262.9170686752853
921292000,0.8132367458367274,-0.15327552710528625,10.597905410885502,1.644061937647041,269.9430792790352,-262.5754425831066
921305000,0.8121629448167086,-0.15488459954957925,10.547329923252642,1.6519928764697633,266.906903779179,-261.31158646220797
921318000,0.8111350773622451,-0.15655674949398135,10.501219609493745,1.659290794624524,263.833502287224,-260.1475822730563
921331000,0.8142881865139601,-0.1560673519091147,10.703388574976216,1.627764030114558,265.59008547582965,-265.2136555259383
921344000,0.8107064716406716,-0.15352287880807147,10.436066530452289,1.6697135791905438,268.6689232732582,-258.45030684150225
921357000,0.8112010653085041,-0.15389977578172018,10.47254891047664,1.6638612299287894,268.21737056015456,-259.39543599163267
921370000,0.8153267512893805,-0.1568517599938752,10.783918812672594,1.6155380289492338,264.5693778073691,-267.17871101396184
921383000,0.8176543479755232,-0.1562346128804785,10.936516409948926,1.5928689065644814,266.2473295714409,-270.9622004227821
921396000,0.8156912454588017,-0.1584315752635234,10.829761098975668,1.6086602248612842,262.01604477426326,-268.20860248410406
921409000,0.8166511883757418,-0.15621516953353637,10.86647571376727,1.6031940703977074,266.00985751763744,-269.243814721595
921422000,0.8103847875988379,-0.15801388230007118,10.470938349435839,1.66411872097227,261.24097958815236,-259.3694614098365
921435000,0.8121332799989452,-0.15728918954304294,10.575714506199025,1.6475323557133026,262.9349465329323,-262.00108310606606
921448000,0.8148115479926036,-0.1535027004766871,10.705812052974684,1.6273933927936612,270.07493921712165,-265.3101043405088
921461000,0.8181917897839089,-0.15725530943959914,10.988026769176638,1.5853601281206031,264.63712559520314,-272.1458975249324
921474000,0.8140892235770559,-0.15608053339969774,10.690191172986573,1.6297853648720086,265.5096991638635,-264.88471021304633
921487000,0.8172970145522558,-0.1557310812443769,10.904871760930348,1.5975172896744558,267.013534333956,-270.2137589593389
921500000,0.8171473159327695,-0.15593560711098103,10.897171177078683,1.5986525717245055,266.62244502912597,-270.0136092748128
921513000,0.8153926555677347,-0.1557434697156873,10.773934500723588,1.6170438231937267,266.4558093793689,-266.9770583396949
921526000,0.8114624634900591,-0.1597588326305549,10.563328962296657,1.6494757185730808,258.72725868839177,-261.60258250053164
921539000,0.8161846195654745,-0.15860196937477172,10.866034351806508,1.603259560125864,261.8544732922622,-269.078319265578
921552000,0.8125621009933787,-0.15678589597948617,10.597563806423162,1.6441152497647769,263.8886035938322,-262.5579256544604
921565000,0.8116097734042136,-0.15283454718158168,10.485973779101787,1.6617180132091445,270.1232682464868,-259.7050581064172
921578000,0.8190238225818607,-0.159857912270143,11.083031506162795,1.571695673555948,260.38537066995264,-274.16623592315915
921591000,0.8170806807786567,-0.15664538862470734,10.901978132038964,1.5979437020395109,265.3930627186424,-270.0910384392782
921604000,0.8108768155842567,-0.15491280409891495,10.464061121749655,1.6652191289060667,266.44177322406364,-259.20080912138013
921617000,0.8117902095197834,-0.1569258005582978,10.548586488239723,1.6517949000136614,263.42893893830876,-261.3311828015768
921630000,0.8143623974255078,-0.15502774367145858,10.695028453135496,1.629043895223913,267.3567893479835,-265.0277007951218
921643000,0.8113737359590418,-0.15443117235723133,10.490268437233123,1.6610335601092094,267.3984517892927,-259.85890810808456
921656000,0.8147423707321888,-0.1551977796638465,10.722795935685813,1.6248006861351314,267.1853611788013,-265.718955766527
921669000,0.818589423435606,-0.15827739158692827,11.030132224504856,1.5792748500051648,262.9844513014389,-273.07317741572507
921682000,0.8163049876148394,-0.1560343479581424,10.840201878354176,1.607101978237602,266.22171304014427,-268.605272205048
921695000,0.8157033213873894,-0.15832566263694892,10.829178066990465,1.6087473295090327,262.19643706020554,-268.2018370735271
921708000,0.8150487251571065,-0.15653312374244918,10.76083172905257,1.6190242077177217,265.0273502577235,-266.62273748605554
921721000,0.8125320656613384,-0.1554986477490109,10.579272393672648,1.6469749516683363,266.0066041179447,-262.11735779479136
921734000,0.8125719201911217,-0.1577490773723132,10.610535143443583,1.6420933237905546,262.30696723415514,-262.85354888323155
921747000,0.8118966166277847,-0.15841608108420302,10.574557120828553,1.6477137615492006,261.025019605846,-261.9376847018127
921760000,0.8127566895346101,-0.1590785691243914,10.639978653597895,1.637522232980231,260.1798365391922,-263.5232438758493
921773000,0.8137749586960177,-0.15789087634985383,10.69253333255848,1.6294262686435923,262.4094015771478,-264.87626932208093
921786000,0.8136200579037187,-0.15688688209912266,10.669150940241716,1.6330183526429567,264.0301184628005,-264.33749048701895
921799000,0.8141888719690197,-0.15812464993052888,10.723435650259233,1.624703191204393,262.1345319344249,-265.62544513012836
921812000,0.8126354072131995,-0.15767510353921613,10.613786867298845,1.6415872383019379,262.44653712326806,-262.936766005938
921825000,0.8147491438606008,-0.15656905411605007,10.740987514446699,1.6220327905849896,264.882459139709,-266.1302075070665
921838000,0.8129738950636838,-0.1599260123959902,10.665528001835883,1.6335763427030252,258.85280582112824,-264.1000178510107
921851000,0.8138019984362639,-0.15770263838522197,10.691898505483069,1.6295235836547441,262.72853697908033,-264.86919819636034
921864000,0.8133584149488847,-0.15512903895969607,10.629251437515578,1.639184669454968,266.878214221092,-263.3765290083672
921877000,0.813698039607697,-0.1581204539357238,10.690363492261284,1.6297589397415615,262.00871770964284,-264.8118139619432
921890000,0.8138158840401497,-0.15594579535460967,10.670149013828077,1.6328647006200678,265.6539530685227,-264.38832611645836
921903000,0.8154258829618337,-0.15502944036770958,10.766936552700265,1.618100905018728,267.67403567922537,-266.8241287618807
921916000,0.8152626244809477,-0.15622519420954034,10.771356947431386,1.6174330168315794,265.6058277414724,-266.89554073203385
921929000,0.8135478547783143,-0.15799625355068236,10.678682583801711,1.631552152539693,262.17282440300625,-264.5297358062979
921942000,0.8137470843946993,-0.15622321672316053,10.66910650452809,1.6330251941328442,265.17093124527076,-264.35568289900635
921955000,0.8136557489738133,-0.15628964732559103,10.663854914775367,1.6338341537936607,265.03339728956263,-264.2231154813004
921968000,0.8153547305123471,-0.15544392213118235,10.767464185486794,1.6180211546258028,266.95119364255,-266.82588078571035
921981000,0.8110138160920957,-0.15723538864663877,10.501870051771192,1.6591873988796015,262.6904495385453,-260.1566069149513
921994000,0.8126769626603754,-0.15619060478628788,10.597578658366192,1.6441129318408176,264.9057710586298,-262.5695351243137
922007000,0.8153059361586946,-0.1590408177047351,10.811470356665035,1.6113973656295923,260.90199693437046,-267.71898776867505
922020000,0.8149598947672977,-0.16276246194495841,10.838123117593122,1.6074119839542167,254.6857535854438,-268.0035406959844
922033000,0.8130690226909065,-0.15633897675314376,10.625421748968314,1.6397789908602944,264.7777549486706,-263.26311894231463
922046000,0.8144111125840301,-0.15282759080180025,10.67040988321217,1.6328245449261072,271.09077565783497,-264.40984886385843
922059000,0.8102740015652075,-0.15595993892539947,10.438175081711,1.6693742101291333,264.5353220522295,-258.556602794774
922072000,0.8126211581904748,-0.16048749427423967,10.649390568826126,1.6360664164869554,257.84930764820683,-263.66885141035556
922085000,0.8145459028917181,-0.1581060549813651,10.74732588774422,1.6210706111780437,262.26092823877235,-266.21328004323016
922098000,0.8177022872874219,-0.15788531409247913,10.962107482695707,1.58912954506556,263.44050310625886,-271.46611740686876
922111000,0.8165763677225509,-0.15284637677455695,10.817402811229105,1.610508573156585,271.7606004956246,-268.1221681411896
922124000,0.8123000370390914,-0.16000517799926173,10.621745811452518,1.640349858670197,258.54991441491615,-263.02394096847854
922137000,0.8134407672081523,-0.15597741869326356,10.645519223191146,1.6366649141653729,265.4892843137442,-263.7725480332984
922150000,0.8096519961234281,-0.154768488027642,10.38379186262261,1.6781716063828656,266.26810027025795,-257.15182031508067
922163000,0.8114064339523123,-0.15473694007550842,10.496169415388461,1.6600940246644047,266.90510262107756,-260.0137793751726
922176000,0.8123548235638663,-0.15709149744075682,10.587783221099222,1.645643118256537,263.32447893492065,-262.3068309857895
922189000,0.814900211618522,-0.15936413239318598,10.788063463202304,1.614913774986285,260.26371186725754,-267.1256822450405
922202000,0.8143220491218144,-0.15807738062122187,10.7318065493553,1.6234285149228989,262.24871973751107,-265.83371630818
922215000,0.8146673924728248,-0.15575824535454963,10.724954844194226,1.6244717072939607,266.2197268352933,-265.75911522282024
922228000,0.8177522102737825,-0.15810466963689535,10.968595145780707,1.5881843649829124,263.0795116819271,-271.60457111118984
922241000,0.8133839105106376,-0.15540476572570489,10.634443171506298,1.6383796646362956,266.4260672833717,-263.5041758201753
922254000,0.814785519058991,-0.1544945569596397,10.716690074596679,1.625731833433929,268.38579724793516,-265.5778988670336
922267000,0.8103785974887793,-0.15866083987596027,10.478706010723887,1.6628775900068835,260.1960320213552,-259.5485652722464
922280000,0.8115381046430175,-0.15892529998632543,10.557557041720896,1.6503829376808197,260.0970310069499,-261.49723043110873
922293000,0.8117033923547355,-0.1566657058913482,10.539619716563301,1.6532086908911188,263.8289564146313,-261.1105723076465
922306000,0.8129980386094013,-0.15548604066372415,10.609876527356285,1.6421958663205878,266.1720014966293,-262.8867222347083
922319000,0.8176838893910384,-0.15442558019731933,10.914572386531782,1.5960894447832703,269.3685955649628,-270.5119174723015
922332000,0.8122496229054831,-0.15280868193455777,10.527284802796158,1.6551575078667424,270.38932215633804,-260.76256560576684
922345000,0.812584331869561,-0.1554983168204803,10.582710709003015,1.6464366399722459,266.02342673476056,-262.20385639739595
922358000,0.8124430036639955,-0.16132795900488292,10.648610837537921,1.6361869251463523,256.4439626677212,-263.58909564740986
922371000,0.8100759700702692,-0.15876552707427802,10.46049539723391,1.6657902463693564,259.940235548618,-259.09214793203586
922384000,0.8114972225503732,-0.15387516860158848,10.491426785959758,1.6608490472817046,268.3584274009708,-259.8765777079956
922397000,0.8118855784871648,-0.15738710987703522,10.560689395815103,1.6498904762643385,262.701953173888,-261.62404916724705
922410000,0.8095596750983635,-0.15332963655918874,10.360535947445388,1.6819620959844295,268.5819773001526,-256.50060626062475
922423000,0.8089415994739689,-0.15756536354219405,10.372942376929476,1.679937832913083,261.52439903098235,-256.913357645808
922436000,0.8122914527923096,-0.15463654064252527,10.552653169260982,1.6511545055330759,267.3595942984861,-261.44462003498245
922449000,0.8125761874698353,-0.1585775458085558,10.621496673744556,1.6403885638236133,260.9503012694609,-263.0921598385801
922462000,0.8156756325483033,-0.15799247221165227,10.822842258846604,1.6096945059808747,262.74763623797634,-268.0696693047763
922475000,0.8120313323373289,-0.1562091894828424,10.555330313322338,1.650733198084532,264.678648365508,-261.51005494674934
922488000,0.8134137837884645,-0.15909963675158034,10.684105544796063,1.6307191463290436,260.319612362251,-264.60549233578917
922501000,0.8132610040465043,-0.15941269115329015,10.677980651488985,1.631660036836782,259.76616286361383,-264.43677389490995
922514000,0.8127776746672571,-0.15847859215861107,10.633584474258585,1.6385127552824867,261.16768566404704,-263.39495923709205
922527000,0.810505507930132,-0.15490298570942176,10.440024633347974,1.669076640684055,266.33504769811395,-258.58927527509917
922540000,0.8156831939902609,-0.15533135265650802,10.788382296664821,1.6148657733535152,267.23782289781497,-267.34936011163074
922553000,0.810273075701485,-0.15365716557137582,10.409916457104925,1.67393393687393,268.29728779666846,-257.78449333284925
922566000,0.8099047671105806,-0.15378709460531026,10.387981436316984,1.6774905673655736,267.9558907346405,-257.2264012384156
922579000,0.8140848478098344,-0.15551438530971115,10.682630932479892,1.6309455730352695,266.4558052261205,-264.70908609477533
922592000,0.8163960672147669,-0.15836467879920596,10.877474757996014,1.6015637523917736,262.30589134272805,-269.3745249315741
922605000,0.813426131570943,-0.15732350075907117,10.661828321037762,1.6341465471317949,263.2510516837905,-264.1406992431718
922618000,0.8130184332909902,-0.15497298713488555,10.604744169111113,1.6429953836383118,267.03218618213634,-262.76079388622134
922631000,0.8152897465608552,-0.15729657147696688,10.78723933434091,1.6150378640907017,263.8123917042289,-267.23807900748176
922644000,0.8139360336106037,-0.1564782515141791,10.685037552844573,1.630576069020495,264.8011202063395,-264.74512943307974
922657000,0.8138953096154544,-0.1567788089825507,10.686185039555573,1.6303999470658987,264.28878222163286,-264.7639930593368
922670000,0.8120664289504854,-0.15735879984300377,10.572205398065712,1.648082488443704,262.8012802241859,-261.91187540657415
922683000,0.8136668522282984,-0.15421515277988476,10.6382051652953,1.637796843654862,268.50537777304504,-263.60503260893574
922696000,0.8121651014696271,-0.1581378597672733,10.588661121838895,1.6455058611571918,261.55474744883,-262.29737576654105
922709000,0.8142278195285659,-0.1553988891176154,10.690741849739,1.6297009217039748,266.692477810066,-264.9140421278354
922722000,0.8145176910761787,-0.1570860723124132,10.73206560854273,1.6233890987580282,263.95258079117593,-265.88831083123097
922735000,0.8126569102550253,-0.15771361187062174,10.615705515233229,1.6412887742377469,262.3893844515098,-262.9830553075386
922748000,0.8129478160658788,-0.15763027443917432,10.633929437711869,1.6384592863249015,262.60902710325377,-263.43796526751146
922761000,0.8137423343983119,-0.1566596531510946,10.674401142015627,1.6322104162954245,264.4429669105501,-264.47516118532
922774000,0.811797833149257,-0.15775916627785655,10.559670602007724,1.650050616305038,262.06827480528943,-261.5890756140735
922787000,0.810631420341143,-0.1581515208173394,10.48862526317736,1.6612953710892602,261.09122742268124,-259.8084160448457
922800000,0.8114026800360945,-0.15348117605438796,10.480463317072042,1.6625970619532056,268.9783994212324,-259.5857665871746
922813000,0.8112224207085555,-0.15450339238532285,10.481354519851852,1.6624548308462974,267.2291359181356,-259.6334683746944
922826000,0.8117249084589534,-0.15907851767261785,10.57178548888883,1.6481483434706268,259.9000689653196,-261.8426218472842
922839000,0.8146207564056558,-0.15583485695120133,10.722795849899803,1.624800699210032,266.0773216962941,-265.7032322337278
922852000,0.8123109137485562,-0.1605209160527809,10.629212858908494,1.6391906542343877,257.7164988788486,-263.1742488128147
922865000,0.8131417474900287,-0.16200242922392172,10.704298049035483,1.6276249188349656,255.51966626716572,-264.87954075414194
922878000,0.8134858654250237,-0.15957893616835783,10.695233639316282,1.6290124587639667,259.5518242598577,-264.8482964410678
922891000,0.8143989134468992,-0.15953912167421122,10.756303450035084,1.619709754357837,259.8490046908139,-266.34024066372115
922904000,0.8152739245882373,-0.1572279241279998,10.785257180766497,1.615336395336318,263.9232520875378,-267.19292959163596
922917000,0.8139123844024951,-0.1593963845895176,10.721515898219542,1.6249958039440204,259.9610407354284,-265.5021888382664
922930000,0.8130837194370156,-0.15961030426327613,10.66871923246259,1.6330848224332835,259.39670505117675,-264.1979718542125
922943000,0.813123452760247,-0.15738155761196082,10.642403502115487,1.6371469137530081,263.06905080911315,-263.65691995167157
922956000,0.8124177092843182,-0.15381501853430335,10.550705701776101,1.6514611178907406,268.7671729396129,-261.38490167043824
922969000,0.8110088831899301,-0.1564233624480342,10.491361524378307,1.660859441675496,264.0122249121586,-259.90030060466347
922982000,0.8354508676272878,-0.1478090659814525,12.194823538028857,1.4277266852172035,286.3366536462108,-302.1201383072008
922995000,0.815371865765339,-0.155756419681864,10.77268763396494,1.6172320684367283,266.4279282883359,-266.94567110177854
923008000,0.8142539447789948,-0.15836291652038723,10.730953852901246,1.6235582672661435,261.75692497210645,-265.7969550161795
923021000,0.8121280743214107,-0.15886271623813372,10.595548175516829,1.644429887556127,260.3616760423433,-262.4388859283692
923034000,0.8141242264737386,-0.15558754474124842,10.686208528940119,1.6303963421971457,266.34505639368945,-264.79701836114737
923047000,0.813812351140749,-0.15965763363577484,10.718225311429475,1.6254976082258015,259.5059662940643,-265.4042331885268
923060000,0.8147376792954617,-0.15552608237412524,10.726706072979907,1.6242049496409687,266.63095186541955,-265.80888825502336
923073000,0.8150101086429982,-0.157875330670544,10.775808672832301,1.6167609534245004,262.7688548196661,-266.92532232914994
923086000,0.8144706907333934,-0.15297968183964758,10.676311521709724,1.631916633142938,270.8522509079009,-264.5613000741122
923099000,0.812342105267565,-0.15887689674400493,10.60987020445049,1.6421968508209188,260.39713619065236,-262.7916817808863
923112000,0.8082235591115547,-0.15714381596952315,10.322378553407363,1.688218734006501,261.97170842559996,-255.63319722388272
923125000,0.8127067529720486,-0.1576732351825612,10.618488246845343,1.6408560870558593,262.4699154161447,-263.0534909437076
923138000,0.8059721277172232,-0.15980709477095956,10.214695619032698,1.7061299331338868,257.07841308545926,-252.91886410290715
923151000,0.8145197598139371,-0.158133238193897,10.745912678756435,1.6212850403161494,262.2087792681597,-266.1770612800157
923164000,0.809657245168419,-0.15985026965479837,10.447278822286016,1.6679105599382984,258.0853606373945,-258.730772380375
923177000,0.8158978121752916,-0.15514905232237095,10.800676612191511,1.613016996031269,267.6100807411346,-267.6606053260887
923190000,0.812117346371518,-0.1586387619412947,10.591953025147223,1.6449913865689236,260.72370050663113,-262.3596282159232
923203000,0.8132087684575678,-0.156430229546272,10.635869133282432,1.6381587007930283,264.66793514527734,-263.52188440090333
923216000,0.8145254398293011,-0.1599129750417066,10.769871202095112,1.6176574400055264,259.26357959013393,-266.6417380302209
923229000,0.8146641787541359,-0.15619728776030978,10.730415404581148,1.6236402120988045,265.48155568609604,-265.8814847843182
923242000,0.8147497069570931,-0.15789085821756038,10.758314207572647,1.6194052692651237,262.673529275438,-266.49508115907776
923255000,0.8153692902287872,-0.15528961487132245,10.76645472679376,1.6181737387024666,267.21656402652604,-266.80522497868884
923268000,0.8095906569967682,-0.15099484854612524,10.33472878427926,1.6861885717160139,272.4262468188056,-255.68441935580248
923281000,0.8082168211186057,-0.15642163219026126,10.313146734129003,1.6897394897338438,263.12298716389427,-255.38844967606408
923294000,0.8062169432147287,-0.162515191132501,10.263389106191825,1.6979836139095374,252.96088935463428,-254.07663423174517
923307000,0.8092641831187785,-0.15528458181430552,10.365431751979791,1.6811627004204446,265.29993217660996,-256.6965078436935
923320000,0.8137522726239529,-0.15694801629052232,10.678785973770127,1.631536263108115,263.96647835075635,-264.5745891942076
923333000,0.8104129905467051,-0.15882102043281787,10.48295968642058,1.66219871657451,259.9480479878207,-259.6499908118055
923346000,0.8109652371119324,-0.15460367749247053,10.465960874560476,1.6649150083307276,266.9786242943315,-259.24364520945574
923359000,0.8111645410793201,-0.15649887886505004,10.502407918309032,1.6591019081861378,263.937104465053,-260.17785623386663
923372000,0.8114063187017052,-0.15798745434010308,10.536950727457405,1.6536299793244837,261.5828858301987,-261.01715926736694
923385000,0.8108375157261877,-0.1584483992008756,10.50575437963771,1.6585702064819952,260.6711107658149,-260.2278161432248
923398000,0.8112619972556238,-0.1607913340064328,10.56355801871138,1.6494397365744249,257.01143595680674,-261.55187415850924
923411000,0.8136038082058312,-0.1581098761207642,10.683908369566682,1.6307494189314997,262.00050094882846,-264.65326399538003
923424000,0.8150481386792953,-0.1557881646378595,10.751105160408654,1.6204974536502612,266.28060307046263,-266.40864444972635
923437000,0.812279116249461,-0.15803785900910602,10.594896489275397,1.6445316409099182,261.750539483133,-262.45555007252443
923450000,0.8089836522187391,-0.16177131830216934,10.428551994385183,1.6709241620970314,254.85935203881968,-258.1847043402803
923463000,0.8108697102410861,-0.16011719090395815,10.529184555480647,1.6548570620793237,257.99075568447427,-260.744139330866
923476000,0.813365906901463,-0.15957501797872023,10.687137242477757,1.6302538272036091,259.5273898915859,-264.6506754839176
923489000,0.8106621393717446,-0.15965142953612432,10.50969381578017,1.6579447280025104,258.68254439188854,-260.28396709188723
923502000,0.8093575026310109,-0.15957852297957073,10.424609646106205,1.6715599742369693,258.4337618581606,-258.17645505919717
923515000,0.8140564139521144,-0.15956688244283435,10.733489914533052,1.6231724231848264,259.71701238420525,-265.7826449196757
923528000,0.8099376548428027,-0.16063358150796406,10.475332911586948,1.6634163217045161,256.9143158545911,-259.3924942418956
923541000,0.8121180801042988,-0.15872796678318843,10.593150869529797,1.6448042617064567,260.57848831422336,-262.38550257565714
923554000,0.815109189983812,-0.1563956160245891,10.76314606916023,1.6186740591010895,265.27552416738456,-266.6855633079666
923567000,0.8133310919845108,-0.15302654468516216,10.601043068283122,1.6435724248147074,270.3934154512683,-262.6505818650687
923580000,0.8129230279390952,-0.15554004850390687,10.605596693473677,1.642862523560045,266.0591168216743,-262.7787365755562
923593000,0.8131459891738462,-0.15830763496477415,10.655878622912724,1.635064367827812,261.5493801112437,-263.9528331347387
923606000,0.8119479945960868,-0.15858003855624575,10.5800417758552,1.646854464508816,260.77230477274577,-262.0673146623613
923619000,0.8126520989216542,-0.15854644837863338,10.62612772116366,1.6396694000085739,261.02204774420125,-263.20786490515115
923632000,0.8136872862614362,-0.15775945216332085,10.684944253673041,1.6305903907179229,262.60274849850214,-264.69497093511774
923645000,0.8150240183102447,-0.15706780346427934,10.766142038683936,1.6182210087265523,264.1233874057242,-266.73014531869114
923658000,0.81178113159265,-0.1584352322547352,10.567214916304637,1.6488654952488826,260.96131628876907,-261.75499186310793
923671000,0.8096621936719439,-0.15752228595836493,10.41833402975286,1.6725730919333504,261.8157702312452,-258.0566303261738
923684000,0.8098185290517752,-0.15912201813622937,10.44842625240398,1.667726264996171,259.29444794893567,-258.78208066528254
923697000,0.810850809369205,-0.15554061850929052,10.470142673000684,1.6642459605297943,265.40477471931337,-259.3627473478512
923710000,0.8116757177568602,-0.15381596070071146,10.502288156564802,1.659120942839739,268.5167962764161,-260.1521505087506
923723000,0.8126224590313419,-0.15690643972292853,10.603088461227587,1.643253475949529,263.7077239540466,-262.69296642891703
923736000,0.8116279339461889,-0.1588923942637471,10.563025097941583,1.6495234544264363,260.17536161082944,-261.6338339352791
923749000,0.8095461445209718,-0.15947901433803402,10.435442795676014,1.669813995161459,258.64608725606837,-258.44881769961745
923762000,0.8104740846709235,-0.1617787062158447,10.52489972238834,1.6555348631702733,255.23195602085974,-260.54500702474945
923775000,0.811336384057454,-0.15856770840097198,10.539777000884298,1.653183870956393,260.6203953743339,-261.0697565136858
923788000,0.8098568353683087,-0.16014685884900084,10.463898871708235,1.6652451077538752,257.66785742756963,-259.1312763268025
923801000,0.8164036278725226,-0.1510072060677044,10.782157691229747,1.6158034299592738,274.887205044395,-267.2182927821428
923814000,0.8123694303913084,-0.15798407611498755,10.600167875516162,1.6437089361588877,261.86415320007615,-262.5881817629713
923827000,0.8164807948267718,-0.15728934658832316,10.868952355839612,1.6028266832777727,264.14173466468117,-269.2423832965586
923840000,0.8150050719980177,-0.1587839563774129,10.787491587967116,1.614999880224568,261.25342095852375,-267.15353847576404
923853000,0.8143703873764233,-0.15920189132557722,10.749896687665835,1.6206806841873278,260.39875067835044,-266.20789363654245
923866000,0.8118541480742404,-0.15152692413312763,10.485923595475848,1.661726014474933,272.3923994398722,-259.6449943010098
923879000,0.8112112338382603,-0.1564374639634838,10.504671836438966,1.6587421686904538,264.05188171445224,-260.23518733248426
923892000,0.8013750656128303,-0.148829874346619,9.815377306016792,1.7760153928554328,272.43158052201574,-241.59832582214392
923905000,0.8135690432844889,-0.15327055563072545,10.619847314251908,1.6406448486998642,270.0621291446182,-263.132803878741
923918000,0.8066717879705501,-0.15633793330133175,10.215902847780072,1.7059270184081143,262.7410371862466,-252.90301347619535
923931000,0.8135342217765581,-0.1571616369190588,10.666958168813025,1.6333560285909208,263.54981990846164,-264.2737097497864
923944000,0.8138799684087009,-0.15944608501255536,10.719987040505455,1.6252289113529128,259.8709687259946,-265.46155403037005
923957000,0.8125258693524929,-0.1602231668022393,10.639582920204246,1.6375835011691682,258.254285015862,-263.4468956064378
923970000,0.8125728399179842,-0.15592567167177754,10.587350632948214,1.6457107605397114,265.31228973501277,-262.3167343611453
923983000,0.8112010671545027,-0.1573575384620341,10.515584089225355,1.657010390253716,262.5477316520334,-260.4979856793152
923996000,0.8097021475385047,-0.15415541521541481,10.379541516081593,1.6788630914396006,267.28384200837183,-257.0235122114121
924009000,0.8122149763902603,-0.15601205173233562,10.564893907461405,1.6492299159381623,265.0598144124631,-261.7521201640058
924022000,0.8105224806643383,-0.16031044838303826,10.509070483021342,1.6580436652773165,257.58753240857857,-260.2392907102567
924035000,0.8161411262931957,-0.16376089204102637,10.933781892240678,1.5932695175070044,253.28880186202662,-270.13569558890146
924048000,0.8135366290168641,-0.1591855490845233,10.693468263001993,1.6292829708916168,260.2106601748914,-264.8297840559724
924061000,0.7963825812850704,-0.15042113240400543,9.552079512491058,1.8253265003350416,267.72244611029686,-234.7155289351345
924074000,0.8145131087977893,-0.15691359475768285,10.729509888233363,1.6237780386206566,264.2393559995453,-265.83240812674853
924087000,0.8121753728847722,-0.1574326466340662,10.580313286107664,1.646811949550095,262.71202639477747,-262.11196426030534
924100000,0.8101651290828991,-0.16174904943807253,10.504429338972201,1.658780694366121,255.20059414674327,-260.0465644308748
924113000,0.8097815550933208,-0.16147069914969422,10.476002811457965,1.6633093013469489,255.54311742432822,-259.36633440089196
924126000,0.8128353421862642,-0.15722019373054544,10.621194245123508,1.6404355505266093,263.2525886132982,-263.1353228951498
924139000,0.8117551816746229,-0.15961539424369967,10.580705355825677,1.646750560439001,259.0378809510595,-262.0375086180586
924152000,0.8125326948493035,-0.15882603173208668,10.62183070164175,1.6403366708489933,260.5321190969669,-263.0889912343936
924165000,0.8153914699720383,-0.15958478798363862,10.824617218937533,1.6094290442034773,260.01834983999083,-267.9952688142787
924178000,0.8132273987178341,-0.16013278770413092,10.685202361818675,1.6305507709744103,258.5798075115983,-264.56634681328205
924191000,0.8125237624033074,-0.15670263653717587,10.593972664092021,1.64467590729185,264.01447476792634,-262.47004280524686
924204000,0.8123185039600277,-0.1568718660887228,10.582593603056836,1.64645496858148,263.6748947690225,-262.18229887255524
924217000,0.81338158138467,-0.15458657011633495,10.623932150262053,1.6400102753648498,267.79203127378867,-263.2450777872066
924230000,0.8170620686774339,-0.15841514709807483,10.924456244138101,1.594637259921026,262.3852303240528,-270.51006784259215
924243000,0.8160701817184756,-0.15910682609227453,10.864917005805447,1.6034253770287163,260.98033681372266,-269.0107282757428
924256000,0.8115252806232444,-0.159551027591461,10.564767907528882,1.6492497037618117,259.08008643132615,-261.6480637893844
924269000,0.8124326869027094,-0.16152532756569585,10.650534230870882,1.635889693978558,256.1227515320278,-263.62044057684574
924282000,0.8149341408054454,-0.16174609996247644,10.822467763476576,1.6097505264636909,256.34376013724625,-267.7420279769133
924295000,0.8124067863686422,-0.15789025790097105,10.601430582331135,1.6435119881792222,262.0284527162829,-262.6227885227697
924308000,0.8168833483763887,-0.1586948675565075,10.915777866515405,1.5959121877450997,261.86962967477024,-270.27640106626495
924321000,0.8165964655090179,-0.15616697968692428,10.862055720418901,1.6038501557011182,266.0768485282444,-269.13748920168405
924334000,0.8110841054004393,-0.1580470008223844,10.516696084527918,1.6568341198128587,261.39262470304527,-260.51100949893856
924347000,0.811924097107022,-0.16023865005755725,10.599928239419434,1.6437463182286962,258.0738335327867,-262.4755986493443
924360000,0.8135283554217538,-0.16082016628445062,10.714517787319929,1.6260633666775774,257.53238111303386,-265.22750298208535
924373000,0.8128595503027016,-0.16410589406113016,10.713685547299205,1.626190418607433,252.0718725853215,-264.8907534502393
924386000,0.8125821417093726,-0.16184480519938824,10.664731244832709,1.6336991072429838,255.64305285762094,-263.938243673558
924399000,0.8132868373832597,-0.15797857038832194,10.661005700940398,1.6342733857391858,262.13002077666664,-264.0941525841521
924412000,0.8152725960264614,-0.1587258535176579,10.804988665574276,1.6123695693221842,261.4182209649216,-267.58413673527514
924425000,0.812684802881873,-0.16141277723329134,10.665847873222868,1.633527062036626,256.36559694851195,-264.0005862471952
924438000,0.8098526793740725,-0.1594149247285939,10.45432931538915,1.6667787875300555,258.8355252883865,-258.9202511783946
924451000,0.8102259370718825,-0.16349925845183885,10.531230301921724,1.6545336497014895,252.44708913675134,-260.5723565791319
924464000,0.8160277238853098,-0.1538999636239916,10.793385877222457,1.614112839293027,269.779397412108,-267.50790210773295
924477000,0.8182085300819438,-0.1592453966549517,11.016429767044745,1.5812500452588372,261.24820453846587,-272.6466968566305
924490000,0.8124131712974841,-0.15438355851995836,10.557480225946833,1.6503950181821678,267.8193353337182,-261.56463273377614
924503000,0.818197210375952,-0.15818978420886703,11.00113359743578,1.5834608329663626,263.04147842018466,-272.38286069271334
924516000,0.8093996057137125,-0.16253068685973382,10.465046593081254,1.6650613565203776,253.7711385450892,-259.0347831166513
924529000,0.8135000041845338,-0.158128526479752,10.677199908150225,1.6317800508962068,261.9413455234526,-264.48700494632476
924542000,0.8154165346860343,-0.1561293476171582,10.780587788744658,1.6160400880064398,265.8110954254798,-267.1278286772396
924555000,0.8105341404008838,-0.1569286390908103,10.466967289355335,1.6647539422801199,263.0429948659804,-259.28371087631547
924568000,0.8074182782412159,-0.1624672682424495,10.337982782377829,1.6856544862646365,253.3579260056838,-255.92113876503205
924581000,0.8087982746094936,-0.1656664376345538,10.467278951016105,1.6647040704641127,248.7365065006302,-258.83978150444267
924594000,0.812831253974705,-0.15714424599928142,10.619949658431217,1.6406289436649337,263.3766278319827,-263.1066080220416
924607000,0.8100994001953168,-0.1618978965785038,10.502093840614013,1.6591518278979311,254.94771632577329,-259.98018905858885
924620000,0.8105230416714923,-0.15504490373083696,10.442896359917052,1.6686148270488668,266.1087216109361,-258.66494133641345
924633000,0.8112112482946947,-0.15268860302214987,10.4584244825915,1.6661221224959561,270.22516234015654,-258.99176856989425
924646000,0.811382425564028,-0.15600607747817605,10.510401469822813,1.6578324213503424,264.8113057451021,-260.38123489785335
924659000,0.816975953859852,-0.16717534758606306,11.041291102010586,1.5776699610950964,247.86452881074536,-272.0713872720582
924672000,0.8124805386062623,-0.15780821801701791,10.605251025159326,1.642916390999745,262.18392353934917,-262.72040406442267
924685000,0.8127011246279632,-0.1597319860060873,10.644806525811777,1.6367751427756514,259.0986568939343,-263.6051190345456
924698000,0.8153137515885504,-0.1551421949301594,10.7607721892808,1.6190332178056654,267.44971646004853,-266.6676388479578
924711000,0.8150240324981278,-0.15886567765972998,10.789870924059606,1.614641692508175,261.1223557590212,-267.20586760681897
924724000,0.8106204244077233,-0.15908157706446313,10.499710275557975,1.6595307714939804,259.587558370642,-260.05801771976707
924737000,0.8055883207136177,-0.1502313573706773,10.078900084591773,1.7292681815417348,272.0583353640175,-248.8701350241678
924750000,0.8154085492873925,-0.15580082495413325,10.77576282406881,1.6167678722178613,266.36348248182463,-267.0204463194259
924763000,0.8105323131223877,-0.16077278391093194,10.515662420211406,1.6569979722092913,256.850673721512,-260.3781038981048
924776000,0.8078369667974001,-0.1567671885900346,10.293523849118092,1.6929811110586033,262.4470950916318,-254.8952931493154
924789000,0.8047953080786782,-0.16447129898442064,10.200053377407844,1.7085949075052609,249.59735223070115,-252.4281829943771
924802000,0.807020682855685,-0.16042693830866694,10.28743053101465,1.693990242816017,256.42426022744417,-254.73561943959476
924815000,0.8057118999708219,-0.16430966676021774,10.25461757237364,1.6994453054626022,250.0795465198305,-253.77761315708923
924828000,0.8154959085175346,-0.16057491267097876,10.84515160454456,1.606364307757995,258.40086113910996,-268.4029440603141
924841000,0.813910255054729,-0.1608014153635984,10.740030634299577,1.6221781466855856,257.6550647935872,-265.84683576807487
924854000,0.811233076715303,-0.15389426551654925,10.474551415223791,1.6635411877022233,268.2373426344525,-259.4464181142788
924867000,0.8116787186292176,-0.1575765538974883,10.549540735879058,1.6516445865653806,262.331737869905,-261.3414616134246
924880000,0.8109292504231208,-0.15852282419254055,10.512662751172181,1.657473652027531,260.5771020344264,-260.397546707842
924893000,0.8080294264699296,-0.16120927138663071,10.360658839742781,1.6819420205833677,255.48555168749772,-256.53464643616496
924906000,0.8098140567014142,-0.15832767983815832,10.438135461589162,1.6693805856695578,260.5667476299162,-258.5433588534464
924919000,0.8096196516143515,-0.15612386844737253,10.39831120128583,1.6758137719032318,264.0587647865058,-257.54795436632855
924932000,0.8110341110066817,-0.16022583282658537,10.541315561699424,1.6529411208869855,257.86018489159284,-261.03734796361147
924945000,0.8112248846902191,-0.16272584239786267,10.586461344084652,1.6458498330216393,253.90864428672396,-261.97197693348323
924958000,0.8160634210408406,-0.16011111097622277,10.87803310533805,1.6014810808134534,259.3022440288067,-269.2380504145772
924971000,0.8112087709975033,-0.15625973322768774,10.502286307214003,1.6591212367746964,264.3417282100662,-260.1760412915459
924984000,0.8099559812684372,-0.15787974094490284,10.441634279016085,1.6688177556611508,261.3294284864626,-258.6380242116192
924997000,0.81025277252823,-0.15846927904320712,10.468157040228945,1.6645635755422337,260.4679700096062,-259.29040455018037
925010000,0.8105097775063099,-0.15890543149645012,10.490296778366499,1.6610290451725622,259.83981141357884,-259.8299177631341
925023000,0.8100165865328377,-0.16215953008003753,10.500117025142133,1.6594660934044392,254.51227488025845,-259.91514994397625
925036000,0.8132737757729898,-0.15610100394275828,10.635985215243643,1.6381407156234915,265.23377463942876,-263.5318574109634
925049000,0.8132477244168325,-0.15806551812810637,10.659522993073917,1.634502052210198,261.9759105053355,-264.05372455851494
925062000,0.8141392681240189,-0.15702858484990886,10.70580323484235,1.6273947410977498,263.9423352391026,-265.24118424308625
925075000,0.8135541903073638,-0.15506655470216166,10.641476959819197,1.637290304046152,267.04332036078364,-263.68420647654887
925088000,0.8135215620976581,-0.16085213434730355,10.714485938761587,1.6260682283950731,257.47859083744527,-265.22416295768
925101000,0.8091049479731484,-0.15990699302632455,10.412603794871002,1.6734992413356675,257.83979776031777,-257.86805823945673
925114000,0.8112787520448816,-0.16265358922321904,10.589053469175008,1.6454445262742634,254.03652767809373,-262.04061820091044
925127000,0.8172890525211618,-0.15917214128747492,10.950621110213277,1.5908057511088436,261.1612221099356,-271.07405819020477
925140000,0.8349171686602795,-0.14041521962447887,12.041402209331695,1.4460011759473987,301.47357147278393,-298.9543996188798
925153000,0.8431393363284813,-0.13775330671210137,12.728568897236034,1.3676048840832968,309.92702118885325,-316.0839447143279
925166000,0.8371187758239268,-0.15324039338539652,12.425437310594647,1.401112184865216,275.6783493829185,-306.40166556334276
925179000,0.812395615848928,-0.16224807700952906,10.657656957650733,1.6347899275285072,254.9493848529797,-263.7329159524978
925192000,0.8123285764162483,-0.1576836569130974,10.593618182795899,1.6447312705373662,262.3447850430756,-262.43562809309685
925205000,0.8125574873292352,-0.16200361987652823,10.665197863639028,1.6336272082426477,255.38109241363577,-263.93608209763295
925218000,0.8187055998836743,-0.15949487393663153,11.055222664692952,1.575670884824546,260.93463304467264,-273.5466736323479
925231000,0.8182114314065201,-0.15991235466031406,11.02586047219757,1.5798900876871271,260.11861260520385,-272.7993181825767
925244000,0.8184498252676693,-0.15895244383704496,11.029508184657299,1.5793646971624196,261.8007383943523,-272.99059023792535
925257000,0.8125827285172599,-0.16030110387287605,10.644385338049181,1.6368402923506495,258.14222662592607,-263.559162329022
925270000,0.8101410994450862,-0.16145859701326776,10.499112343549667,1.6596258590762805,255.65570743432758,-259.93378001875874
925283000,0.816877322254979,-0.16021867625832056,10.936118341772069,1.592927211584648,259.30826534228714,-270.6216479528628
925296000,0.8060457728688276,-0.1672666649856028,10.313370938071573,1.6897025241005112,245.67825052920878,-254.9937457220263
925309000,0.8105609471495325,-0.15581801938411194,10.454878680391445,1.6666906660325216,264.8584951883952,-258.9784227080325
925322000,0.8071741691987369,-0.16259823781468855,10.324279378594955,1.6879059522950504,253.0900145854125,-255.57728477575674
925335000,0.8163600119440881,-0.15929658258976817,10.887540343139419,1.6000747061992981,260.7325737458524,-269.54171376860916
925348000,0.8162535472666768,-0.15478595708788423,10.82032701449668,1.6100708345864945,268.33304302804004,-268.1601957742602
925361000,0.8152793738310968,-0.1559307986042075,10.76866219137637,1.6178401082626732,266.10691216072803,-266.8397367409437
925374000,0.8109583652609442,-0.15658331145330145,10.490087698141073,1.661062353663547,263.7356326082901,-259.86743260294674
925387000,0.809178371354941,-0.16751809416994473,10.516522258014046,1.6568616718338194,245.96125546162327,-259.81785091717916
925400000,0.8078022057857098,-0.1553754122678072,10.274542882153604,1.6961285836713302,264.657891687246,-254.37388521595125
925413000,0.8112221633143843,-0.15977273252595955,10.547766835819278,1.6519240338829542,258.6400648715751,-261.2185169472197
925426000,0.8152676399230381,-0.159836443523541,10.819505841900051,1.6101937359082787,259.57064209793975,-267.8505835773407
925439000,0.8178948997711678,-0.15637581873638498,10.955266613928968,1.5901274059967132,266.06873358229257,-271.41198642320035
925452000,0.8129470149840708,-0.16616514527091616,10.747789596155416,1.6210002641310317,248.8082380517253,-265.4409085200281
925465000,0.8104863638019608,-0.16833654087159913,10.61328151178257,1.6416658693085764,244.95087945800205,-261.9917583297881
925478000,0.8192750634308495,-0.16166908450457423,11.126647965372742,1.5655011495198767,257.363721031581,-274.95492505032246
925491000,0.8203547945548442,-0.16334712040369745,11.229376571841406,1.551103033594535,254.71745520391735,-277.07234780333937
925504000,0.8077183276122152,-0.1613564914035359,10.342859298975355,1.6848547286174667,255.1694826259061,-256.0882500576622
925517000,0.8150355294280329,-0.15984418487281726,10.803720983608201,1.6125598494089148,259.50171070190197,-267.4678467216175
925530000,0.8172920140689373,-0.15606564058765832,10.90896726365913,1.5969141561271578,266.4394250522651,-270.29645872515687
925543000,0.8100500439598808,-0.16296658891314345,10.512801017675057,1.6574517200579855,253.2450522128796,-260.1675346188727
925556000,0.8102244807815489,-0.15631360428845184,10.439371972266807,1.6691816334395626,263.9447974748404,-258.5889004177157
925569000,0.8090687661620564,-0.15483648251581258,10.34761707844297,1.6840751774241458,265.95923343024134,-256.22846162642287
925582000,0.8124395109453149,-0.164432559769747,10.689928579151953,1.6298256352430995,251.46178327310787,-264.2887792956072
925595000,0.8082991419763982,-0.15858405103332918,10.344874242826425,1.6845244963544936,259.70384460130356,-256.2017238932992
925608000,0.8148365434783382,-0.16458644854398752,10.854840518628306,1.6049223078491925,251.6958956960032,-268.1687679938803
925621000,0.8103493899033288,-0.15979864511473682,10.491284134978393,1.6608717678698377,258.3601299036418,-259.82268625916277
925634000,0.812119433104572,-0.16096504037841233,10.622345814389016,1.640256651853555,256.9499947449865,-262.9767363102551
925647000,0.8116991310454521,-0.15883330342735202,10.566938665259778,1.6489088608482634,260.2910738012257,-261.7330262441077
925660000,0.8106742234706158,-0.16161209507186344,10.535780105812362,1.653814824860105,255.54788394170416,-260.8215034096499
925673000,0.8136642168462868,-0.15943022043681304,10.70525494452673,1.6274785798128573,259.84173903938245,-265.10279410382725
925686000,0.8139589137036575,-0.1571138876078776,10.694788036896629,1.6290807308095858,263.74949357599843,-264.9651410452823
925699000,0.8119292584745216,-0.158585382270463,10.578877638172647,1.647036778223677,260.75837323973957,-262.03828949807695
925712000,0.8103154455685001,-0.1557331920851722,10.438035882385337,1.6693966098450246,264.91769289573676,-258.55103334974916
925725000,0.8104890951649292,-0.15851668868526553,10.484028839670657,1.6620281704634547,260.46024359086783,-259.6849496617354
925738000,0.8128101058025567,-0.15657355591679212,10.611253778505198,1.6419814513223976,264.3125540394018,-262.90433287669543
925751000,0.8113610414818266,-0.15831985270179008,10.538225506024803,1.6534287341557503,261.0296450280286,-261.03922526684
925764000,0.8125405728075832,-0.15876765259138356,10.621596654650238,1.640373030923543,260.62966860930186,-263.08595971391765
925777000,0.8114846892774387,-0.1591088491040739,10.55641353724603,1.6505627902700148,259.7847313589696,-261.4614796411942
925790000,0.8126928637087187,-0.15935011940254729,10.639272097542873,1.6376316265429818,259.71926634951393,-263.4913065848933
925803000,0.8102963541018253,-0.15724980283301543,10.455648847657649,1.666567142239927,262.44952300242346,-258.9967401774304
925816000,0.8122220875746063,-0.15719673990908065,10.580380559112184,1.6468014158167341,263.1126494398526,-262.1196874568272
925829000,0.8125945738319494,-0.15738672484002048,10.607385652082945,1.642583796672735,262.9088728384978,-262.78696234372694
925842000,0.8143228096826881,-0.1583708866147417,10.735711758328232,1.6228345362796763,261.7619728409169,-265.91322265917313
925855000,0.8108969120362397,-0.1601271612990087,10.53108685145107,1.654556323675278,257.98204600079856,-260.7905100239271
925868000,0.812295260882952,-0.16443423605249918,10.680298944614094,1.6313037785002584,251.42870370044483,-264.05938843328914
925881000,0.8110260887852394,-0.15886836906454066,10.523368456964397,1.6557772231888654,260.04591939296375,-260.6523261991352
925894000,0.8100947739719085,-0.15728206772291886,10.44308154932282,1.668585054810985,262.33567790563245,-258.6806180750957
925907000,0.8096826231892625,-0.15959005188254813,10.445610705676536,1.6681785580325605,258.50759860181205,-258.698099417298
925920000,0.8100504315770954,-0.15790863306873254,10.448067806175745,1.6677838325911274,261.31120760497714,-258.7988362386333
925933000,0.8115203699964637,-0.15825483334051813,10.547814369859738,1.651916544479128,261.18083863111383,-261.27954387116336
925946000,0.8159863083493964,-0.15714358770787057,10.832919272629868,1.6081885598589754,264.2570800711784,-268.36853596063673
925959000,0.8130222707073697,-0.16030080854905832,10.673691017647755,1.6323196481139233,258.2540616648593,-264.2741224334456
925972000,0.8139796162992048,-0.16265949680132763,10.769749205035348,1.6176758705463858,254.64333416036183,-266.3854920227827
925985000,0.8112193650552145,-0.15389275569421604,10.47364610313895,1.6636858602500983,268.2351781402571,-259.423264134946
925998000,0.8157717442123463,-0.15671117859666187,10.812485726283532,1.611245174524862,264.92847338837504,-267.88948322468553
926011000,0.8029656616301482,-0.1542607033766979,9.967870870416382,1.7486596500785327,264.65636377866747,-246.3484913342309
926024000,0.8169876435079381,-0.15852859610950878,10.920798658605634,1.5951743413630746,262.1754557378247,-270.41199669001577
926037000,0.8185123993045527,-0.16523534333864195,11.122983644042733,1.5660196815454897,251.27189751165784,-274.2929281827885
926050000,0.8071030589712925,-0.1511084528275605,10.18110066474182,1.7117961664546488,271.26469214147755,-251.66708356664134
926063000,0.8111943546844992,-0.15517284540285073,10.487813878537779,1.66142468154169,266.11871672750095,-259.80706603202844
926076000,0.8068546167450104,-0.15532730244941548,10.21513819914594,1.7060555372831154,264.40665315049756,-252.84548086527553
926089000,0.8023007821713347,-0.15753112633015076,9.96611972230329,1.748968987589988,259.38342893795544,-246.52358549399182
926102000,0.8072660375412164,-0.15349441098315553,10.218891488224235,1.7054248867732547,267.4827185401918,-252.84502148955224
926115000,0.8114892495035477,-0.15853755176020096,10.549389280819927,1.6516684419914909,260.71258658400427,-261.30930277652544
926128000,0.8056598436456461,-0.15218537753297354,10.105399062135342,1.7247036953579906,268.96436410358547,-249.7770562773425
926141000,0.8209277396541568,-0.16225914342007225,11.255626321751112,1.5474664474669773,256.65734153144655,-277.8652453722941
926154000,0.8061079748963873,-0.15693730195363462,10.188347087768852,1.7105707698549801,261.60611395569435,-252.21575137157257
926167000,0.811615946566588,-0.15466710648383,10.508919265758422,1.6580676687272375,267.08900462916495,-260.3364666487867
926180000,0.8115761609681404,-0.15966945312565403,10.569636714646888,1.6484854218050753,258.9022883000564,-261.7623104144136
926193000,0.8133424736498794,-0.16028542991478176,10.694932877301051,1.6290585387594538,258.35943810738064,-264.79256460632996
926206000,0.821353782669351,-0.16093218442294,11.267789733486914,1.5457871438810558,259.00358561776903,-278.36369989266467
926219000,0.8151402896299998,-0.15378740133594077,10.73161568654739,1.6234575561553135,269.6955277026459,-265.9592202417023
926232000,0.809352134758654,-0.15150314728909509,10.32567171676899,1.6876769161315037,271.49826162735104,-255.4867237713671
926245000,0.8017201243226687,-0.15907623343586863,9.949881571384442,1.7518426699394496,256.83904905908076,-246.17122654844727
926258000,0.8089122753250808,-0.1606524728753142,10.409731155344382,1.6739639190685327,256.6050565656874,-257.7709301691129
926271000,0.8107490282879292,-0.15663701700935587,10.477206644819375,1.6631170167536085,263.5833771409876,-259.54299909124967
926284000,0.8184809172148122,-0.1599412905098643,11.045418454520147,1.5770771864811026,260.127902654282,-273.2619414584826
926297000,0.8071140269365114,-0.15903146137858967,10.2760163055026,1.6958838365891822,258.63728839029443,-254.46660650890362
926310000,0.8104575941177817,-0.1628287475871505,10.53753294592095,1.6535380602833194,253.56157720413336,-260.7783266317937
926323000,0.8114766270819791,-0.15439496421870005,10.496497400717356,1.660041835130754,267.4923707468228,-260.01668897830456
926336000,0.8120316615622389,-0.15526181396253835,10.543450938113502,1.6526043252915952,266.2409635565242,-261.21497939029064
926349000,0.8114217636324962,-0.15581184808419032,10.51053270972865,1.65781159489218,265.14225514998196,-260.38475133814353
926362000,0.8113632255369174,-0.15928106261554023,10.5506712671399,1.6514665403618958,259.47251742053993,-261.3123107376757
926375000,0.8096887783543241,-0.16032449357227063,10.455337994280674,1.6666169964564341,257.33872669129545,-258.9123504428305
926388000,0.8078639009850677,-0.15967977645107828,10.33103405573309,1.6867954069102655,257.84178436632163,-255.8400402731971
926401000,0.8089168656841816,-0.16172802153496024,10.423722746492578,1.6717030780877307,254.90991829110476,-258.06818591380284
926414000,0.8063836915280725,-0.1568760750943307,10.204577721431889,1.7078324862031895,261.7946605740968,-252.62914561417386
926427000,0.8178579189397321,-0.1584075119718992,10.980160629702299,1.586502196632955,262.59003763847335,-271.8570570912092
926440000,0.8128986323749746,-0.1581199432311164,10.63698039036385,1.6379865443247876,261.7896849727862,-263.4944250474338
926453000,0.8095960766182082,-0.15765722320019862,10.415784519550833,1.6729850295989546,261.57850498055006,-257.99154256713354
926466000,0.8071912380093522,-0.15940689554931373,10.285459229968193,1.6943169740168071,258.0712121534925,-254.701472228136
926479000,0.809035481248544,-0.16052584324493419,10.415995808988963,1.6729508827270494,256.8393499952273,-257.9308749119961
926492000,0.812591692154865,-0.15982358949492181,10.638727666785057,1.637715928822304,258.9209701699642,-263.4507450097499
926505000,0.813191513476041,-0.160856376831372,10.692368380891585,1.6294515535791039,257.3914287253496,-264.68750116144764
926518000,0.8106283836078977,-0.16011929399447197,10.513498114072053,1.6573411548035106,257.9223418368999,-260.35743328061426
926531000,0.8044120118633395,-0.15902292442318608,10.109868210284574,1.723936259696126,257.8043799127979,-250.26052525167242
926544000,0.8114551340709826,-0.15563925483988167,10.510548815660284,1.6578090390783529,265.436188717226,-260.38499176086896
926557000,0.8131428255906883,-0.1590540044317448,10.66538624662361,1.6335981830321578,260.32294360533984,-264.14884525309475
926570000,0.8104257798077772,-0.1546678567306872,10.432019353200998,1.6703653559594211,266.6931823791168,-258.3803626365022
926583000,0.8131182656899435,-0.15933207951405337,10.667381836164179,1.633290774999653,259.8608927664535,-264.1819468704673
926596000,0.8127225964672065,-0.15574279233915395,10.594917146709347,1.6445284152940178,265.66102527665726,-262.5086026495357
926609000,0.8125563049938607,-0.15824965488778053,10.615944496832208,1.6412516059843443,261.48161824268703,-262.9688802772383
926622000,0.8076455056605335,-0.16232816875681033,10.350552361040055,1.6835945989679333,253.63443065288348,-256.2374290689318
926635000,0.8039953532775294,-0.1558857416953323,10.047782018004673,1.7346593555245151,262.51644733517855,-248.54950634825693
926648000,0.8078219682407889,-0.15375867414802716,10.25649444109924,1.6991323311187778,267.2609250683813,-253.8355646113167
926661000,0.8098647626754212,-0.1576226547925727,10.432563675560578,1.670277665979063,261.71596777212636,-258.41342758366807
926674000,0.8109125028578783,-0.15679740534353934,10.489796386786345,1.6611087645985068,263.37262057548736,-259.85860807608185
926687000,0.8101715566593876,-0.15947796394868885,10.475692543669574,1.6633588666934687,258.8245289990761,-259.44851169544745
926700000,0.8007886079135491,-0.15994546048816324,9.905467099874867,1.7597513670541274,255.2218836655617,-245.0605571430732
926713000,0.8110833089076066,-0.15823755786109264,10.51906314278661,1.656459025471029,261.08335098596115,-260.5649583772835
926726000,0.81340301031762,-0.15719838151323184,10.65867055364697,1.6346335463527553,263.45156694516146,-264.0668485083212
926739000,0.8084936104676071,-0.160432109303707,10.380284674355172,1.6787421464559393,256.83655950702763,-257.0485328108507
926752000,0.8093779438599793,-0.1630522128109,10.470412020610004,1.664202885973668,252.94595789678752,-259.13060533197324
926765000,0.8035464026105135,-0.15212394163964366,9.978115246480288,1.7468521950664835,268.21712073969445,-246.41158699764972
926778000,0.8148296259814485,-0.1549637843147349,10.725680130437523,1.6243612166908026,267.6063878953862,-265.795692489511
926791000,0.8144987308562288,-0.15338668285023038,10.683322340937707,1.6308393994216666,270.1709478315938,-264.7419064008671
926804000,0.8108777785670466,-0.15407022235175932,10.453769998692685,1.6668685149429923,267.82657651244875,-258.9204533531305
926817000,0.8203167847090512,-0.15581987438575678,11.120088755252766,1.5664295760532312,267.6529384796832,-275.46613573240126
926830000,0.8192842078313214,-0.1642587084943989,11.164572414516531,1.5601546768091445,253.0155199752796,-275.4210761970404
926843000,0.8127092431237501,-0.15587769269767957,10.595743043713986,1.6443994635684804,265.43343736810203,-262.52783232183543
926856000,0.8069697058444784,-0.15921673402106856,10.26929702057263,1.6970005377010682,258.3025883391878,-254.29651558246522
926869000,0.8099077912083481,-0.1737855017124215,10.651137637301401,1.635796469015932,236.5577118415957,-261.9758907454087
926882000,0.8085328599182261,-0.1628744557919719,10.413883517645603,1.673292316883521,253.01304875857858,-257.76269177751067
926895000,0.8017239089488266,-0.1613345215567468,9.976698454657493,1.7471019417204126,253.44246355652385,-246.90694888299612
926908000,0.8135488094391843,-0.154653864205322,10.635892236917718,1.6381551211975593,267.7322213285528,-263.5462700087912
926921000,0.7999203777812315,-0.16368906336027217,9.898981434580154,1.760912241470284,249.40401630417423,-244.94829834068238
926934000,0.8070418022705929,-0.1573719663858176,10.251270940835997,1.700003654922686,261.2289139362244,-253.83065740980223
926947000,0.8011602466904002,-0.15814727099510498,9.906317516482478,1.7595992641899327,258.0503631453691,-245.0079697324748
926960000,0.8030493087584725,-0.16057973575043827,10.046483749082611,1.7348850123209076,254.9932497282336,-248.6700358262085
926973000,0.8035742520724393,-0.16175066930720527,10.092126842347847,1.7269868279466516,253.3773137785661,-249.82205273008316
926986000,0.8152345332322896,-0.1545739122799517,10.748069607455376,1.6209577878836947,268.3889337530263,-266.36267035073666
926999000,0.8171879473947145,-0.15712817888686278,10.915903281718471,1.5958937486217866,264.5991919379796,-270.4001043914986
927012000,0.8100853349543423,-0.1586191156107499,10.45925063983646,1.6659897100863543,260.1781764196954,-259.0647121096148
927025000,0.8035033597523806,-0.15391581593545248,9.995795466243631,1.7437416079720736,265.3988137285642,-247.05188698865751
927038000,0.8045938423160038,-0.15904379009174793,10.121137914070365,1.7220040814966326,257.83048953626235,-250.54751775437546
927051000,0.8165377747064481,-0.15317567982500532,10.818989334984812,1.6102710488863154,271.18075104634335,-268.159179959312
927064000,0.8101803795466049,-0.1532519916302122,10.399090341079988,1.675687433171352,268.92990496285364,-257.4899423423508
927077000,0.8081943078212576,-0.1519609828603258,10.258502394384871,1.6987976259873436,270.3084218278351,-253.7692288821039
927090000,0.8158423060892487,-0.1591003539291523,10.849107668386074,1.6057752134686751,260.93548497006776,-268.62817760872434
927103000,0.8119292173688873,-0.15475185551595302,10.530390375770741,1.654666418416014,267.05112363563705,-260.8818285840213
927116000,0.8120546921071491,-0.15583575727540055,10.552158567384827,1.6512323656151315,265.30097958390473,-261.4333258649146
927129000,0.8183987499871694,-0.1604968225253615,11.04731143328535,1.5768054643063387,259.170376063071,-273.2407567326114
927142000,0.8152858909690894,-0.15702635314932875,10.783424351684884,1.6156125353937334,264.2648251898027,-267.1580405068463
927155000,0.809397233710288,-0.15508405216949459,10.371435509075733,1.6801834363110446,265.6695232925475,-256.8446920870495
927168000,0.8125206048905925,-0.1547264136723105,10.568819400595142,1.6486136702127911,267.2842186276833,-261.85410527078955
927181000,0.8102639861769777,-0.16059063848439253,10.49589577811211,1.6601375687703954,257.0703229514183,-259.9012081510977
927194000,0.8115693261250587,-0.16073098921756923,10.582962023245818,1.6463973073943374,257.1876812317051,-262.0304797752434
927207000,0.8154164011442417,-0.15809906715084615,10.806495530489373,1.612143446255006,262.5017545572605,-267.6631953476743
927220000,0.8119604832177415,-0.1559056019835631,10.546866074282308,1.652065969617921,265.15663091395265,-261.2997794428881
927233000,0.8111089158473276,-0.15379972905191555,10.465368394927543,1.665009843053813,268.35111870204673,-259.2092475903992
927246000,0.8145853950901877,-0.15651624358706245,10.729228747845061,1.6238208351147556,264.9243964390693,-265.84088976454456
927259000,0.8073654345431109,-0.15621158907187302,10.257378309261112,1.6989849830990447,263.1753184562674,-253.96072630117825
927272000,0.8072358476774313,-0.15664600719731336,10.254554146722667,1.6994558839294251,262.4419469549459,-253.8998194516318
927285000,0.813662902456566,-0.152077467978108,10.611226439547595,1.6419857069951154,272.1090623225901,-262.8866245992905
927298000,0.8094809565146841,-0.15922219968215784,10.428022399101215,1.6710095456972527,259.0372587820284,-258.27125323989617
927311000,0.8117152475881803,-0.15682260766292047,10.542376109319662,1.6527738321074035,263.57546580871605,-261.1774008108729
927324000,0.8102258096851408,-0.15783080621680468,10.458381824065915,1.6661289601673193,261.48919560323714,-259.05836187900985
927337000,0.8095898407701663,-0.15829529379536963,10.423353435605419,1.6717626747295973,260.5521303113284,-258.1739383300056
927350000,0.8060014458523238,-0.1583109629864386,10.198312547657713,1.708888445963889,259.41843909546566,-252.4984336825307
927363000,0.8101637353048882,-0.15822871705456978,10.45938312027041,1.6659684787396944,260.82923546795945,-259.0764795658899
927376000,0.8096576763813886,-0.1544978724211246,10.380864711115416,1.678647760760129,266.7104492888475,-257.0688938667606
927389000,0.8102859705347666,-0.15953349842434722,10.483796376276862,1.6620652489034975,258.7675343969186,-259.64745517793904
927402000,0.812830601827237,-0.16155043663964416,10.677415586200661,1.6317468955953027,256.17791480330845,-264.26956708080155
927415000,0.8072434260214876,-0.15718614282849885,10.261557041858868,1.6982887013306311,261.5883188431074,-254.0892119965998
927428000,0.8120297182223903,-0.15515587706801529,10.541998870184159,1.6528333332045098,266.4154030143977,-261.17803786990055
927441000,0.8118788648532171,-0.15811890645251794,10.569583328996705,1.648493798175577,261.50447530664985,-261.8246320495647
927454000,0.8096428365543801,-0.16173502415836344,10.470454278502652,1.6641961282181286,255.08856116968948,-259.21538710738474
927467000,0.8063062528655692,-0.14413889370206454,10.055122572374875,1.7333845744671172,282.2745252411117,-247.2649901310058
927480000,0.811846031842133,-0.15080370301485968,10.47667203137475,1.663202403407007,273.6017950365346,-259.36391069265176
927493000,0.8061830483191382,-0.15897884310243793,10.217604631114959,1.7056410596494584,258.43278513427595,-252.99276936441387
927506000,0.8041580991126568,-0.1614730124309937,10.124064246657701,1.721503075469911,253.97213285495832,-250.6271424285205
927519000,0.8116278717964783,-0.1554971495846968,10.52002288931269,1.6563069883977302,265.72464538050934,-260.62391967704366
927532000,0.8149406924114712,-0.1568447790324865,10.75756494059461,1.6195187158815394,264.4741072592715,-266.5287280453236
927545000,0.8149612076956393,-0.15442018452130557,10.727597888056392,1.6240691367923787,268.56582218313343,-265.85232442927907
927558000,0.807514555650654,-0.16074909563512885,10.322399142116172,1.688215345501475,256.0623860597191,-255.5998555284872
927571000,0.8150311094564069,-0.16227175612538705,10.836293018514267,1.607685006033249,255.50337249368735,-268.01571124250904
927584000,0.8002541704261641,-0.15187320373896185,9.783882178000253,1.781772649167213,267.23882418323757,-241.20692122525546
927597000,0.8046931560602691,-0.15249401577523897,10.050636947694109,1.73416333701936,268.0935283770834,-248.36487322126362
927610000,0.8039064748579173,-0.15951584263808635,10.08522859461649,1.7281758849530355,256.8853530964983,-249.64146907453915
927623000,0.8164583462263434,-0.1595615518288865,10.897956888677374,1.5985366616736232,260.31214975232285,-269.7692166754634
927636000,0.8030412517561557,-0.1536512014972224,9.965433737905725,1.7490901955724434,265.63173464221086,-246.23021668672635
927649000,0.8153211514598099,-0.1596307031725121,10.820410912538255,1.6100582789917992,259.9250006532643,-267.8896158173486
927662000,0.8099311511644431,-0.15820778154103773,10.444151923174362,1.6684129955166243,260.7941242317521,-258.6959894371537
927675000,0.80640389350294,-0.1548323315627141,10.181526144794603,1.7117241675524943,265.03371864421194,-251.95447398781312
927688000,0.8048071968493387,-0.1583888919477474,10.126247829523324,1.721129423242884,258.9115869933232,-250.66581955855713
927701000,0.8083101135797731,-0.15403262460239112,10.290222337387478,1.693527734057584,266.9944103636145,-254.72121625422773
927714000,0.8022491829452527,-0.1533113807923894,9.915057086473348,1.75803765936825,265.84660420921125,-244.86816151306024
927727000,0.804452487950263,-0.15968473345467246,10.120264894042686,1.722153604527764,256.7987360533962,-250.5328443066882
927740000,0.8215847340155009,-0.16169608038998143,11.295984097667075,1.5419085940007506,257.73121869572134,-278.8939141623308
927753000,0.8102594968150499,-0.15888393386468222,10.473834165930494,1.6636558049752566,259.8028557896105,-259.4211337280274
927766000,0.8056801758259461,-0.16582804833519424,10.271976900380503,1.6965549824244008,247.7664692371352,-254.10702517426867
927779000,0.8103970837791323,-0.15784335117935255,10.469586482633197,1.6643349145759803,261.52006512029106,-259.33868538666013
927792000,0.8104145818578561,-0.17190056877618135,10.658088609902915,1.6347233270235741,239.47681412011934,-262.47392590845976
927805000,0.8101359196438224,-0.15598457475307728,10.42961624797551,1.67075260507924,264.450935284393,-258.3400468852693
927818000,0.814678095985172,-0.15384230095388707,10.70114159920659,1.6281078251718575,269.4562932321098,-265.19202609258303
927831000,0.8133938021850755,-0.15187193468032603,10.590886239062014,1.6451580737205878,272.36311171069343,-262.35950369467037
927844000,0.8103428699535968,-0.15589339688779294,10.441777608703172,1.6687947073449794,264.66570006249947,-258.6473013422505
927857000,0.8133766993785496,-0.1567307157738182,10.65089761842721,1.635833550126173,264.2188675555288,-263.888527625559
927870000,0.8082989785239225,-0.15874155189829564,10.346816549797797,1.6842062915580422,259.45392969069826,-256.24901036981504
927883000,0.8076694735531653,-0.15494020653922597,10.261056411095549,1.6983720887973832,265.3088726289467,-254.01075300588883
927896000,0.8108475677179784,-0.15526806638318974,10.466559569921328,1.6648191896993354,265.84987787402906,-259.26920004786194
927909000,0.8126878411360905,-0.16138765330948374,10.665717634773372,1.6335471267336166,256.4069749583877,-263.9994271921223
927922000,0.8144390115919447,-0.15595908239230258,10.712144704556314,1.6264257002438496,265.8156149070094,-265.4346364966862
927935000,0.811835581905014,-0.15905110110452708,10.578708307412745,1.6470633002122876,259.9749683237198,-262.01478752396645
927948000,0.8126774473109624,-0.15398037673642923,10.569814346626996,1.6484575514230677,268.577421465776,-261.8727466225221
927961000,0.8103038710444093,-0.16038144831280854,10.495795462369939,1.660153532664007,257.41512409910564,-259.90874514797656
927974000,0.8138934814016795,-0.15914108516431513,10.71687522503454,1.6257035821503751,260.3765793665851,-265.40534969972987
927987000,0.809143777359964,-0.15854077568302222,10.397924672386067,1.675876455258689,260.0264277968766,-257.53328691753484
928000000,0.8124421211493464,-0.1606394133496491,10.639479442492037,1.6375995225417568,257.5577510353865,-263.4168023237365
