frequency_hz,s11_real,s11_imag,swr,return_loss_db,resistance_ohm,reactance_ohm
769000000,-0.14983204505997225,-0.24655706811871148,1.8110160216938787,10.796677742026876,33.14618697650377,-17.82893438589783
769006000,-0.14930726242694034,-0.24620447342821908,1.8087510970963825,10.813967445020813,33.1912733336928,-17.821225284606513
769012000,-0.14983439614115326,-0.2463892246885803,1.8104543135273434,10.800959835319752,33.151006736858015,-17.817793719448208
769018000,-0.14934304464467746,-0.24601810167448657,1.8081959113446675,10.818215073415905,33.19443460319293,-17.807857250562886
769024000,-0.149485425250067,-0.24657602490927516,1.8103696220627818,10.80160579902097,33.16849142456515,-17.840466318839233
769030000,-0.14888988156816108,-0.24675733505039368,1.809765284228651,10.806217765963385,33.20241731009171,-17.87012584458115
769036000,-0.1495086093482986,-0.2465137356830102,1.8102067650638296,10.802848195930325,33.16880975187318,-17.835668056342225
769042000,-0.14981243269489217,-0.2465139577323589,1.8108302375891,10.798093614708574,33.14875862595164,-17.826672408972826
769048000,-0.14920444539039848,-0.24652643144644165,1.8096274147938043,10.807270529249225,33.18850899726115,-17.845533353708987
769054000,-0.15028687221682807,-0.24660796976452729,1.8121224314375184,10.788254368983942,33.11469189046057,-17.818811915335047
769060000,-0.14992845385718004,-0.24669051719216148,1.8116645554525246,10.791738498226076,33.1358724096569,-17.83487598134256
769066000,-0.15043028239521994,-0.24643365227993658,1.8118292901119137,10.7904846862682,33.11040138048148,-17.803077742356752
769072000,-0.15049082518213913,-0.24703606673794634,1.8139887911792014,10.774078772148838,33.08856935073411,-17.840970926507737
769078000,-0.14959476868268196,-0.24664931577753363,1.8108410797592467,10.798010974343526,33.159102144945415,-17.84205722180563
769084000,-0.15044712829306772,-0.24627558231110253,1.8113307790490203,10.794279909420354,33.11396742649838,-17.79216117173234
769090000,-0.15022785186910848,-0.24651982096531325,1.811703421989007,10.791442651575473,33.12119279372278,-17.814749949441865
769096000,-0.1502521026730127,-0.24523380482923068,1.8074222090205083,10.824140804770954,33.157596252343154,-17.729203608517388
769102000,-0.15025537260758204,-0.24589743546722703,1.8096615058742407,10.807010190177051,33.13779065439011,-17.772896349078934
769108000,-0.14940004784201233,-0.24572270247687772,1.8073174365544942,10.824943811767922,33.19941736674241,-17.786658107628416
769114000,-0.14966929970593132,-0.24630756724185612,1.8098401899660839,10.805645886744358,33.164319137475886,-17.81729853386233
769120000,-0.14956428591895604,-0.24534462590782585,1.8063817562360354,10.83212109584283,33.19974773884194,-17.756824246061118
769126000,-0.14988254408845023,-0.24583912605762667,1.8086987082431014,10.814368102426098,33.16411394791765,-17.78007084064432
769132000,-0.14932278744046523,-0.24571678472143238,1.8071393856925568,10.826308753763332,33.20469649198639,-17.78855402429109
769138000,-0.14995344733583926,-0.2462493900137,1.8102269821599963,10.802693947071793,33.14729539857688,-17.805043169898727
769144000,-0.14880660291357173,-0.2447245891920802,1.802749342302457,10.860086018212385,33.26817100294319,-17.73820666576047
769150000,-0.151113848919978,-0.24569717255979215,1.8107590233483712,10.79863645387157,33.087105657767935,-17.73435959913417
769156000,-0.14985930785715762,-0.2457974817375258,1.8085107593308412,10.815805765833781,33.1668791414972,-17.778009289714443
769162000,-0.15057163593662443,-0.24579098941620922,1.8099546320335576,10.804772292983182,33.12007752042625,-17.75653549591145
769168000,-0.14992760968806823,-0.2458419644493954,1.8088008131775362,10.813587259247646,33.16105572487515,-17.7789255017842
769174000,-0.14992726095042208,-0.24599887957932562,1.8093287021053788,10.809552275018188,33.156437489675724,-17.789290807282125
769180000,-0.14962680569135545,-0.2454343358097517,1.8068116095641125,10.828822507111362,33.19296664348723,-17.760903287139364
769186000,-0.1497991214958136,-0.24574914759484515,1.8082244699752275,10.817996484695424,33.17228140188035,-17.77659843002855
769192000,-0.14973690988899846,-0.24546223105904696,1.8071312729828741,10.82637095521637,33.184870014985414,-17.75949228785433
769198000,-0.15001246469894133,-0.24574811294877466,1.8086591284715456,10.814670821209926,33.15823013064551,-17.770223156768953
769204000,-0.14957328357629038,-0.2459941398307742,1.8085865856383911,10.815225701600088,33.179941375820235,-17.79945517371724
769210000,-0.15068774489455228,-0.2456236744915322,1.8096310993748068,10.80724239099164,33.11735845606385,-17.74207736945968
769216000,-0.14986449306130836,-0.24611213151912142,1.8095815265856081,10.807620980262376,33.15722763435051,-17.798621200854477
769222000,-0.14914211932247964,-0.24636826929868275,1.80896613297677,10.812323252218723,33.19731932173192,-17.836940467963913
769228000,-0.14958974777904713,-0.24573749030970005,1.8077558045893112,10.82158492363562,33.186450519177164,-17.78202147144029
769234000,-0.1496708249049736,-0.2454927631782261,1.8070984100779266,10.826622928641607,33.188332390117544,-17.763461627659098
769240000,-0.149692962454667,-0.24594076807552637,1.8086520720909323,10.814724792675745,33.173620582218845,-17.792388748678533
769246000,-0.14912117597580038,-0.2455438741590889,1.806145058767943,10.833938420572288,33.22313767190804,-17.783095526268383
769252000,-0.14923267969579188,-0.2453924079878795,1.8058634591534253,10.836101391599453,33.220248981950945,-17.76978470229156
769258000,-0.14960389714770553,-0.24543764662691514,1.8067757759919456,10.82909739868063,33.194382074770715,-17.761798998484625
769264000,-0.14911938579545445,-0.2459051920121306,1.8073580908866087,10.824632209077802,33.21255470519405,-17.807026402601313
769270000,-0.14971484780383557,-0.24551393746659733,1.8072599428253329,10.825384517640586,33.184799135561285,-17.763559035661192
769276000,-0.14938206914014693,-0.24567180045938686,1.807109259580797,10.826539739574635,33.202111490131095,-17.783827571883585
769282000,-0.14995179690129293,-0.24573332425562258,1.8084846877256255,10.816005227386897,33.16267122218943,-17.77104023705451
769288000,-0.14977641130325775,-0.24556053535033395,1.807543037926908,10.823214903060837,33.17935655336114,-17.764816815286316
769294000,-0.14986723845805275,-0.24611196849799913,1.8095866126546414,10.807582136385616,33.15705130995399,-17.798529176138878
769300000,-0.1502806327470461,-0.24581939123455532,1.8094506758886557,10.80862043545218,33.1384304401072,-17.76700204903633
769306000,-0.14920592204943295,-0.2460433250105486,1.8080004956765399,10.819711058469185,33.2027437212308,-17.813587036398506
769312000,-0.1496583277055352,-0.2462569339131893,1.8096468964314463,10.807121754544877,33.16654361470924,-17.814282331682033
769318000,-0.14955210304843858,-0.24584517207521517,1.808041291426616,10.81939871221675,33.18574998859701,-17.790246275849512
769324000,-0.1500443793122345,-0.24586807650772977,1.8091286721721345,10.811080829528628,33.152578037116946,-17.777196068617265
769330000,-0.15039079676253939,-0.24581353192684413,1.8096577971268253,10.8070385116181,33.13133730698764,-17.763361541782707
769336000,-0.15049570194851078,-0.2459037616824017,1.8101777994019823,10.803069201704432,33.12175451126423,-17.766213361200187
769342000,-0.1498365752282065,-0.24597212172111685,1.8090523523917266,10.811664165252564,33.163213621767675,-17.79020822992419
769348000,-0.1494377125327197,-0.24578885122879826,1.8076172982002874,10.82264594135716,33.19497156442221,-17.789912638045436
769354000,-0.15073830611797515,-0.24504408891358423,1.8077875622268629,10.821341679669578,33.13109994262031,-17.702360769186967
769360000,-0.14987017397731692,-0.2456363500871391,1.8079906349424257,10.81978655867865,33.17092529106034,-17.767051432598684
769366000,-0.1499663332860758,-0.24520175536110492,1.8067266993226925,10.829473908077649,33.177409184236396,-17.735516378191182
769372000,-0.15031329783199196,-0.24544860900548274,1.8082702758984557,10.817645905386431,33.147221899133186,-17.741575270212323
769378000,-0.1507040624492629,-0.24551235260048954,1.8092903300821734,10.80984546205481,33.11956506177164,-17.734255601747993
769384000,-0.1507283894502775,-0.24523161125491716,1.8083968884588135,10.816676999086381,33.12623309047945,-17.715023167255335
769390000,-0.1500698363363565,-0.24436907905355237,1.8041456887332818,10.849316712900222,33.195100911236935,-17.677457097918705
769396000,-0.14998557434443405,-0.24486945978140962,1.8056503162813866,10.837739192310192,33.18593659463009,-17.713000762596263
769402000,-0.14968947133512647,-0.2447229969885268,1.8045506709477022,10.846197792800695,33.20982021717996,-17.71204928821081
769408000,-0.14941654552190592,-0.24428819919475517,1.8025333445074183,10.861754050963665,33.24068017864169,-17.691337348335903
769414000,-0.14983397916098254,-0.2449625121358233,1.8056511990984092,10.837732407548916,33.19320868782736,-17.723617289237193
769420000,-0.1497036266345306,-0.244806193527928,1.8048588767293559,10.843825537859724,33.206431951827376,-17.717131103425228
769426000,-0.14977388884407697,-0.24486980160630722,1.8052165787376406,10.8410737766132,33.199913005879836,-17.719263230002483
769432000,-0.14955911398999983,-0.24450760870712535,1.8035609056225514,10.853823915350704,33.22478646949491,-17.701650378106905
769438000,-0.14976633718134905,-0.244907770298974,1.8053285276380446,10.8402128895606,33.19929244901286,-17.721994935155365
769444000,-0.1501278870158839,-0.2449394043334347,1.806177779931723,10.833687151876966,33.17447546377367,-17.71342709435689
769450000,-0.14942661705803698,-0.24522682125276057,1.8057036539005322,10.837329291004812,33.21232560928459,-17.753107327933233
769456000,-0.15015534634479,-0.2447687644070836,1.805661632429634,10.837652224430572,33.17768833088354,-17.70134796459452
769462000,-0.1497890020393632,-0.2452936836749162,1.8066714342178134,10.8298979295958,33.186407738776516,-17.746821677486768
769468000,-0.14970497928242008,-0.2451615057874203,1.8060547779860936,10.834631762728023,33.19586042370764,-17.74057065447041
769474000,-0.14924062604364244,-0.24572036144688397,1.806983357611039,10.827505187371514,33.21001899360453,-17.79122272547832
769480000,-0.14909573266994222,-0.24510980624603068,1.8046334148227607,10.845560799700317,33.23765900271569,-17.75514945401772
769486000,-0.14987771907043523,-0.24432493423597462,1.803602758568442,10.853501194527734,33.209098621492835,-17.68019086843934
769492000,-0.149903853034361,-0.24485238692214709,1.8054250584862581,10.839470690988689,33.19183877319573,-17.71428127865462
769498000,-0.14952264589382402,-0.24468646647958733,1.8040859535916363,10.849776926709374,33.22192618782082,-17.714552318966472
769504000,-0.14966613549995664,-0.2438273596007765,1.8015026901953692,10.869721189347626,33.237724433029385,-17.65350299620386
769510000,-0.15057546712156877,-0.2444850307340149,1.8055761415052525,10.838309285899701,33.1582898540265,-17.670250784689845
769516000,-0.14934103037589105,-0.24524409220337337,1.8055864664172652,10.83822992649074,33.21747209690879,-17.75677789314746
769522000,-0.1504656017551627,-0.24557626920702227,1.8090134305166838,10.8119616844912,33.13340718483014,-17.745504039210385
769528000,-0.15068813935615613,-0.24505079899120255,1.807706497122646,10.821962612899705,33.134212252774674,-17.704280107940843
769534000,-0.15057623980265064,-0.24529335686996434,1.8082903313910088,10.817492417118498,33.13445087600293,-17.723578691676828
769540000,-0.1498772802636856,-0.24493267990459158,1.80563998149018,10.837818619550196,33.19122748984668,-17.72036950670777
769546000,-0.1507404579558973,-0.24544103529843753,1.8091256630909696,10.811103827526079,33.11926716205023,-17.72847981875936
769552000,-0.1499167634102772,-0.24479736441479552,1.8052669400641221,10.840686478947832,33.19260729511566,-17.710265344982442
769558000,-0.15057885890365708,-0.244741081690652,1.8064415682567068,10.831661977545293,33.15053772885628,-17.687055858396995
769564000,-0.14964413037616547,-0.2460334742542191,1.8088643531114827,10.813101404367412,33.17409964946953,-17.79995405885288
769570000,-0.1502924699977091,-0.24606331854472757,1.8102967264072196,10.802161862689012,33.130440680662325,-17.782740163473495
769576000,-0.14980315710077807,-0.24437457388985287,1.8036158807840448,10.85340001584708,33.21256737241955,-17.68566694945453
769582000,-0.14981237437984526,-0.2451063250496862,1.8060898183419787,10.834362646455713,33.19039388295964,-17.73375567912618
769588000,-0.14950045799085473,-0.2457963368529386,1.807771008880948,10.821468466578985,33.19060592348724,-17.78854984739138
769594000,-0.14948412870279756,-0.24434567789595196,1.802864433078634,10.85919747090185,33.23451629378378,-17.69314930089366
769600000,-0.14893421243745547,-0.24393066010464098,1.8003492558109853,10.878653077801985,33.28313971198825,-17.681875102695003
769606000,-0.14941512376002883,-0.24330689923147364,1.7992485967614207,10.887191734358112,33.269628303773345,-17.6264211632022
769612000,-0.15008638057176582,-0.24361944217833975,1.8016715415130167,10.86841503680748,33.216028125907656,-17.627408423228093
769618000,-0.1500956771376363,-0.2435977343265107,1.8016181466900698,10.868828035207962,33.21605005792923,-17.625699893216034
769624000,-0.15013136060307464,-0.24329562937285726,1.8006827729778225,10.876068709419426,33.22254679462855,-17.60466899171786
769630000,-0.14971608198737887,-0.24476520695626452,1.8047469030684524,10.844687262095595,33.206817044232764,-17.714054898492098
769636000,-0.15021165699960154,-0.24469448363606236,1.8055283784066638,10.838676419990158,33.17615584226987,-17.694783721587623
769642000,-0.15033591360534437,-0.2438792104008617,1.8030539521355984,10.85773466419598,33.19190698263249,-17.6372626001721
769648000,-0.15169248198098617,-0.24467731138729032,1.8085339229327768,10.815628558991047,33.078957436534196,-17.65014207913004
769654000,-0.15065789754193776,-0.24427634016471622,1.8050472546337026,10.84237617172677,33.158976966211455,-17.654048686879758
769660000,-0.150457707771718,-0.24496487633085115,1.8069426036862362,10.827817740208703,33.15194877125603,-17.705393870473184
769666000,-0.15042564143945727,-0.24457807980774612,1.805578945689097,10.838287732233256,33.16544803944284,-17.6807999188779
769672000,-0.15116969247615694,-0.2448906456834337,1.8081647627666986,10.818453497022533,33.1071591089904,-17.679553230192475
769678000,-0.15006472986487532,-0.24464340696734926,1.8050547066655636,10.842318845301184,33.187365589148165,-17.69573486247054
769684000,-0.14943945539792625,-0.24447951775902724,1.8032214438749312,10.856442245434613,33.233528110519885,-17.703318533465275
769690000,-0.15060088610714237,-0.2446023721915526,1.8060219028336955,10.834884263538562,33.153162489261334,-17.67725111782068
769696000,-0.14979357002060573,-0.2443001921427533,1.8033469918012095,10.85547370561386,33.2153903148061,-17.681031076540993
769702000,-0.1498887332274523,-0.24363495263660712,1.8013167559428718,10.871159896718437,33.228647555217734,-17.634234529988557
769708000,-0.15109249761962146,-0.24469391520882414,1.8073450756202032,10.824731964809324,33.11803010066061,-17.66884611952044
769714000,-0.15114789543024226,-0.24391086319196345,1.8048379527598453,10.84398655232459,33.137342199432666,-17.615547906440217
769720000,-0.1510414857364601,-0.24446416080864372,1.8064694331079232,10.831448101343808,33.128141756586956,-17.65518590418456
769726000,-0.1513351777687483,-0.2441562191195965,1.8060469016068723,10.834692256818332,33.117794271339044,-17.626254094119844
769732000,-0.1499611431020571,-0.2451391834731353,1.8065058004834877,10.8311689784683,33.179597884655244,-17.73153713008413
769738000,-0.15071175394690986,-0.24464733675776978,1.8064015668689877,10.831969024162566,33.14452201996694,-17.676960201730182
769744000,-0.1503806248628786,-0.24558350550836336,1.808862670213501,10.813114271927681,33.13879928678599,-17.748488918647098
769750000,-0.15119580686675818,-0.24407472073151884,1.8054852644396948,10.839007842296981,33.12937924581937,-17.62495997899014
769756000,-0.15041790597443422,-0.24388685494311654,1.8032485872239705,10.856232831492509,33.18626347819214,-17.635361957428174
769762000,-0.15009317538487818,-0.24416377877505274,1.80350614806862,10.854246174031188,33.19959464281562,-17.663201430392206
769768000,-0.15057383357214285,-0.24428939823903686,1.804917419275678,10.84337506894071,33.1641451951519,-17.65737964135067
769774000,-0.15180734523210865,-0.24471229990807103,1.808889994595151,10.812905351984824,33.07036204611564,-17.649079452957114
769780000,-0.1497334493661444,-0.2447856853522653,1.8048512644781876,10.843884115153251,33.20506547770208,-17.714896430096992
769786000,-0.15028588311677266,-0.24478364721898613,1.8059803285027034,10.835203598221472,33.168628849452304,-17.69848748278903
769792000,-0.15027072162058344,-0.24515793004906,1.8072056204768379,10.825800951106203,33.158604141438246,-17.723646159020323
769798000,-0.1510538138429517,-0.24382054382486978,1.8043411191459742,10.847811377620824,33.14619912296549,-17.612340312264795
769804000,-0.15103188903512177,-0.24550871137659375,1.809955528056942,10.804765453814177,33.09805959061363,-17.72435474840649
769810000,-0.15082021593994888,-0.2451457677151483,1.8082982093552993,10.817432126991823,33.12270379643083,-17.70665717763009
769816000,-0.15081213036444402,-0.24480778960862873,1.80714705504747,10.826249952322959,33.133180535351016,-17.684598235464648
769822000,-0.1506175392465966,-0.24451957314984532,1.8057787435907735,10.836752283533976,33.15449678681044,-17.67129507960976
769828000,-0.1512983197882806,-0.24373375566045685,1.8045578142723806,10.846142797507795,33.13259708357138,-17.59945251089443
769834000,-0.150976677244481,-0.24345898447380002,1.8029735821020645,10.858354947698913,33.161877668274485,-17.590718113006474
769840000,-0.15099481118026753,-0.24394922736181188,1.8046492067886557,10.845439236857539,33.14632504709668,-17.62256576327565
769846000,-0.15120867468317634,-0.24436539610652108,1.8064848765487551,10.831329569568187,33.12000839593294,-17.6437636570446
769852000,-0.1498256588805934,-0.24431908148597492,1.8034761847333323,10.854477249667829,33.21271276763619,-17.6813357697529
769858000,-0.15039547433753603,-0.24374487110266319,1.802727615306078,10.860253777795224,33.19191108642271,-17.62663544571169
769864000,-0.1525693595542978,-0.2439088777982468,1.8077896701954634,10.821325534362758,33.04366241994287,-17.57385474565922
769870000,-0.15093858144569036,-0.2435285938346197,1.803127144004827,10.857169850134639,33.162357495141734,-17.596431562251414
769876000,-0.1513634875281834,-0.2451559875934844,1.8094569899482285,10.808572203038686,33.086584569112404,-17.69134935791657
769882000,-0.15160392463642489,-0.2439730778662463,1.8059921981169855,10.835112424910147,33.10542729028558,-17.60630234896232
769888000,-0.15083704813974833,-0.24401211855026533,1.8045331645497567,10.846332574363306,33.15489905495051,-17.63134330705695
769894000,-0.15005529180591892,-0.24389728767495916,1.8025364245860767,10.861730261143252,33.20992863292485,-17.646695811754224
769900000,-0.15073338990740365,-0.24570881747347212,1.8100118129007867,10.804335862285392,33.11183761603357,-17.746344650976095
769906000,-0.15138772221960878,-0.24445829820492046,1.807167263256813,10.826095018119254,33.105472946295556,-17.644640546281206
769912000,-0.1513968976505724,-0.24668411972297688,1.8146715375769265,10.768903559647399,33.03934642237633,-17.790987726624827
769918000,-0.15196155174261478,-0.2455370283051711,1.8119794272266199,10.789342263231557,33.035994789776794,-17.698864490922602
769924000,-0.14940569668489906,-0.24292682181883024,1.7979611775455155,10.897198434049717,33.28140285217081,-17.601519263252595
769930000,-0.1477945376213262,-0.24634371527198154,1.8061418527187016,10.83396304081268,33.28713011971093,-17.875377862095636
769936000,-0.14948195218743635,-0.2445314408868765,1.803482615289735,10.854427656626948,33.229187128435,-17.705500302662454
769942000,-0.15146786011833036,-0.243703064026816,1.8048071129475804,10.844223881163037,33.122304337922316,-17.59246693523816
769948000,-0.15012529451349393,-0.24367065325676476,1.8019227916535059,10.866472141444303,33.21195196244161,-17.629653734409526
769954000,-0.14923630637025032,-0.24254068826821346,1.7963273659400507,10.909927445885065,33.30394581433653,-17.58088936215509
769960000,-0.14878327273551664,-0.24483364834721863,1.8030678116004322,10.857627707060919,33.26649279490544,-17.746114258357277
769966000,-0.14941795550104828,-0.2432760604336516,1.7991514492566414,10.887946108047423,33.27034597031438,-17.62429551552869
769972000,-0.150429270494768,-0.2438837283053048,1.8032615719222453,10.856132656327462,33.185604143081044,-17.63482188784945
769978000,-0.1519755396474018,-0.2422690864571422,1.801085296918231,10.87295146205734,33.13059557423348,-17.48298705419749
769984000,-0.14993450968759667,-0.2430301137616779,1.7993917615826067,10.886080239987379,33.24335293364067,-17.592864083070495
769990000,-0.14975416973308575,-0.24287585885735963,1.7985066602428699,10.892956038969896,33.259811875809206,-17.587932142341195
769996000,-0.15078384777597778,-0.2442934582537271,1.8053647884303994,10.839934077088646,33.15015783862508,-17.65148133769714
770002000,-0.1516117925147796,-0.24498234165796207,1.8093893218378796,10.80908913760049,33.075323627252224,-17.67261107300278
770008000,-0.1498712011415452,-0.24383827816467266,1.801960450495317,10.866180996384422,33.22383687133852,-17.648200133039737
770014000,-0.15182441261872884,-0.24425944079462023,1.8074085978254288,10.824245117390635,33.082505608081235,-17.618732627403805
770020000,-0.15215669734118836,-0.2430713875695478,1.804133057883193,10.849414020320873,33.09528918112109,-17.53067728405234
770026000,-0.15023535330230642,-0.24526841261666807,1.8075040262154025,10.823513827012315,33.157681309854624,-17.731981922825074
770032000,-0.15025969243724047,-0.24254212489659932,1.7984357313824042,10.893507464907763,33.236101055423575,-17.55104603840754
770038000,-0.1506220778666781,-0.24444625104480971,1.805542412484054,10.83856854325623,33.15635169879511,-17.666320518568625
770044000,-0.14863428817560023,-0.2447537720244418,1.8024958521000438,10.862043643126967,33.278715415310664,-17.745230085044483
770050000,-0.15002782258513783,-0.2449539733846191,1.8060208697682252,10.834892198313382,33.18065503532157,-17.717338276073686
770056000,-0.15029909380901382,-0.2420222627082473,1.7967881822655098,10.906333834592225,33.248666829014624,-17.515471255990004
770062000,-0.150361913664798,-0.244524538690236,1.8052681019432841,10.84067754402514,33.17123142294508,-17.679137977720455
770068000,-0.15053061418265043,-0.24470131525313255,1.8062086523958536,10.833450091545336,33.15489230605773,-17.685849699427983
770074000,-0.1527960148749048,-0.2432083764605479,1.805925888968234,10.835621783289621,33.04914475001815,-17.521094279008896
770080000,-0.15160677772863154,-0.2427734372103099,1.8019952461862814,10.865912002319698,33.140273080638394,-17.527032887215835
770086000,-0.15148135464605123,-0.24337713307108805,1.8037469003264133,10.852389907846735,33.13094048251361,-17.570558031620486
770092000,-0.15024134141406023,-0.24302956532671224,1.8000217957661047,10.88119185816331,33.223061589468585,-17.58384415081285
770098000,-0.15148133928980057,-0.24449956869948436,1.8074997760885545,10.823546394374365,33.09808900162096,-17.644616744878284
770104000,-0.14971806993394057,-0.24302415943647762,1.79892692073802,10.889690077049876,33.25785796298873,-17.59881094075485
770110000,-0.15046153974976648,-0.24158511012763645,1.7956723092261806,10.91504041438758,33.25064239737376,-17.48178006553835
770116000,-0.15060245734381889,-0.242800164603256,1.8000025178124779,10.881341360758135,33.205878896384604,-17.55810702737267
770122000,-0.1506978030648542,-0.24376182075584113,1.8034083906278653,10.855000115100896,33.17143437626001,-17.618891966624737
770128000,-0.15170944883211993,-0.24292981357556814,1.802729605794049,10.860238408495828,33.128934560307215,-17.53436736665578
770134000,-0.1511675511823542,-0.2434425182118461,1.8033140194262272,10.855728052233946,33.149750986103534,-17.584047385590747
770140000,-0.15089263108806852,-0.24353539696951468,1.8030547715212213,10.857728340715592,33.16519410504486,-17.598225945082966
770146000,-0.15101786535715797,-0.24230115750977366,1.7992013945496885,10.887558256137233,33.19296161187718,-17.512978296795687
770152000,-0.1507903657390116,-0.24452579957302684,1.80615658347278,10.833849919852252,33.14290467022678,-17.66662795291591
770158000,-0.15025422583479064,-0.2443644145850253,1.8045096562392213,10.846513570520989,33.183053561817786,-17.671726589203544
770164000,-0.15070762450555542,-0.2435551083187967,1.8027380236293338,10.860173411794666,33.176841479014605,-17.604945169926598
770170000,-0.14998419969306365,-0.2436458844919006,1.801549625811496,10.869358082495935,33.2220110903201,-17.63215573458118
770176000,-0.1505390865663519,-0.24316259332427062,1.8010797309119129,10.872994552885727,33.199473108930874,-17.583930768278005
770182000,-0.15071061239130945,-0.24395564816471768,1.8040829267064151,10.849800247727678,33.164905723762956,-17.63132125655493
770188000,-0.1517179207575415,-0.24271376417639126,1.802027764231348,10.865660629556768,33.13467104005429,-17.51985323665502
770194000,-0.15078600017289495,-0.24336117100711777,1.802252540131781,10.863923413065963,33.1773391385874,-17.58983394912834
770200000,-0.15096351741570707,-0.24304012958214916,1.8015490153738298,10.86936280483431,33.17499339874348,-17.563424789531165
770206000,-0.15118528346648524,-0.24297858521591068,1.8018034088175185,10.867395220835052,33.16213494637076,-17.552880655281665
770212000,-0.15094546606399117,-0.243180571783018,1.8019799356055557,10.86603036154399,33.17208210766402,-17.573234423081978
770218000,-0.15068405799483733,-0.24191727469928456,1.7972347336897663,10.902854012935556,33.22623424497979,-17.49729965592355
770224000,-0.15126042729670292,-0.24267581285787823,1.8009508111501165,10.873992729810531,33.16600299374484,-17.530679332076406
770230000,-0.15075857277831517,-0.24250407218087033,1.7993394749026217,10.886486150482392,33.20419694023315,-17.53396156053027
770236000,-0.1514031709230278,-0.24221566887648355,1.7997166566732155,10.88355878822323,33.16997184838195,-17.49610464034483
770242000,-0.15194145745632037,-0.24287023787089007,1.803014204340962,10.85804142155245,33.11535338994317,-17.523673202206997
770248000,-0.15206464424183913,-0.24245017619394027,1.8018730915983643,10.8668564055003,33.119446281716236,-17.492355569514828
770254000,-0.15110563036556626,-0.24198665016461524,1.7983382422124476,10.894265482794928,33.19631445353572,-17.48961772887815
770260000,-0.15122337040734588,-0.24178295697568436,1.797906298292992,10.897625454070274,33.19444974662717,-17.472716920771905
770266000,-0.15164957331946025,-0.2420830557006291,1.799788336763019,10.883002669395516,33.15754112173079,-17.48017116115849
770272000,-0.15156997472105,-0.2424448784509061,1.800825356867578,10.874964273213019,33.15227504566886,-17.506398793739745
770278000,-0.15084292981125466,-0.2424324217928067,1.7992756437468782,10.886981729001642,33.20070658112723,-17.52676083663605
770284000,-0.15159019244157598,-0.24296088875546829,1.8025851247928837,10.861354127535721,33.135903501445405,-17.539896687879075
770290000,-0.15142046156201427,-0.24212784242112684,1.7994607450364872,10.88554476178063,33.171384277344,-17.4897949954202
770296000,-0.15056202415481637,-0.24290168503117401,1.8002572348160961,10.87936637675394,33.20558649578245,-17.566004039355594
770302000,-0.15059060212159822,-0.24252894959104257,1.799074974391519,10.888540036659629,33.21458424197883,-17.540509777890183
770308000,-0.15047733098754829,-0.24199891735025814,1.7970785887379692,10.904070512008353,33.23754328184373,-17.508728607290962
770314000,-0.15208839833439705,-0.2419992713209441,1.8004244475719322,10.87807030861191,33.130978874995314,-17.461886033250774
770320000,-0.1510567121386204,-0.24289014674439663,1.8012422127503704,10.871736811714038,33.173213914905936,-17.55078956575486
770326000,-0.15124962665957778,-0.2422849226220551,1.7996280400383058,10.884246395193845,33.178107543671274,-17.50515342927144
770332000,-0.1515427507663597,-0.24298611789191454,1.8025705806091326,10.861466455735469,33.13830073119351,-17.54294656395433
770338000,-0.1510196917171576,-0.24259287404426047,1.800175591036682,10.879999325220751,33.18433623444517,-17.532217170387927
770344000,-0.1510885688366513,-0.2430807129018253,1.8019433461257515,10.866313230154168,33.16554334180077,-17.56245358671561
770350000,-0.1509550776407402,-0.24229850320051102,1.7990624821799777,10.888637062169908,33.19719217295056,-17.514632434927663
770356000,-0.15120323036097802,-0.24268169269565892,1.80085172631773,10.87476004659914,33.169611973876826,-17.532735908265856
770362000,-0.15200024503815768,-0.24237253928209018,1.801480667779925,10.869891570244128,33.12595634580551,-17.489101418652666
770368000,-0.15127022225076311,-0.2418123094718028,1.7981009665163876,10.896110894956069,33.190496828758405,-17.47329669045075
770374000,-0.1513676971492616,-0.24238498896049393,1.8002058617474592,10.879764639971068,33.16738754439796,-17.508330624294643
770380000,-0.1509884810132622,-0.24244884292700325,1.7996316729279038,10.884218204427311,33.19060041813505,-17.52360266544415
770386000,-0.15089827083682622,-0.24206260717043923,1.7981608111604468,10.895645386637185,33.207823095255655,-17.500680212829966
770392000,-0.15173235153714268,-0.24270881022969276,1.8020413028125368,10.86555597674419,33.13386228278277,-17.519105699795595
770398000,-0.1503074056830032,-0.24255738016553058,1.7985849169550874,10.89234771677739,33.23249677060218,-17.550661902699037
770404000,-0.15119877854122224,-0.24237350118620815,1.7998170521184242,10.882779903753653,33.17888963279705,-17.51249139668915
770410000,-0.15091378196342575,-0.2421847020731012,1.7985986447365352,10.892241012883394,33.20324020929788,-17.508307101188084
770416000,-0.15025864409577366,-0.24224647584358486,1.797449980396061,10.901177563867325,33.244804270387796,-17.531500910947635
770422000,-0.14986664384086537,-0.2421568319952567,1.7963444010862197,10.909794552138454,33.273390221372104,-17.537007855236997
770428000,-0.15066027670414586,-0.2423619714528392,1.7986634511420185,10.891737314683429,33.21484640472877,-17.52742719733327
770434000,-0.15063110750469308,-0.24266217062295303,1.7996021507082436,10.884447297908096,33.20801452666665,-17.548141438705876
770440000,-0.15128252475174522,-0.2420693229034758,1.7989798682692943,10.88927876360572,33.18220795341035,-17.48993867620819
770446000,-0.1512370342994369,-0.24161299323761523,1.7973708055628206,10.901794149477094,33.19848543878272,-17.46107404539242
770452000,-0.15109885845291282,-0.2419421385383541,1.7981763850165837,10.895524250995233,33.19805774274756,-17.486869928419114
770458000,-0.15121853587174355,-0.2421683106730752,1.799175938179073,10.8877559345751,33.183558793831246,-17.49834743029261
770464000,-0.1515027160954181,-0.24182490457854292,1.7986258030611209,10.89202992242787,33.17475329728662,-17.467372415466787
770470000,-0.15125294248790166,-0.24228017334288546,1.7996191331809495,10.884315511983843,33.178026597189366,-17.504742840210334
770476000,-0.15213143051846192,-0.24214262644784973,1.800990295169915,10.873686998040483,33.1239737910993,-17.470105234002187
770482000,-0.15049466769579387,-0.2416183911959552,1.7958511603433456,10.913643876397911,33.24747900560466,-17.48302057647754
770488000,-0.15120642503924403,-0.24175434978614282,1.7977761998391266,10.89863791176298,33.196402550926955,-17.471316842728612
770494000,-0.14981018486628575,-0.24100112114446756,1.7923937244341905,10.940712518760183,33.31082484236841,-17.462014560965176
770500000,-0.15046827505129476,-0.241331638105298,1.7948457986120134,10.921499367118006,33.25757075121962,-17.46478922520808
770506000,-0.15086210791101615,-0.2412975091321925,1.7955475167332267,10.916015080815226,33.23247148894648,-17.45108116006534
770512000,-0.1508883340561,-0.242847420566763,1.8007511606491395,10.875538955882169,33.18559252520245,-17.55288152228199
770518000,-0.1503760210797248,-0.24272868516511395,1.7992968692910443,10.886816930416623,33.222949507247016,-17.559994940173368
770524000,-0.15234514448490713,-0.24158027407480717,1.7995706765573132,10.884691550422119,33.126170020950966,-17.426760578252583
770530000,-0.15095075772683267,-0.24027268190773823,1.7923419348893186,10.941119137075416,33.256312577635065,-17.38060240586344
770536000,-0.15047306275641972,-0.24196839055134667,1.7969683682914916,10.9049294053632,33.23871566998969,-17.506831506313056
770542000,-0.15146333537256867,-0.24190953840681356,1.7988248521860142,10.890483077263228,33.17489780314606,-17.47411360526095
770548000,-0.15002537222631787,-0.24238127756092426,1.7974175919907716,10.901429783808393,33.256317279735946,-17.547241160613975
770554000,-0.15164075500963725,-0.24235867772783726,1.8006859181884038,10.876044344300853,33.150107092070414,-17.49864262800739
770560000,-0.15110070061844277,-0.241169079159043,1.795616741181213,10.915474393065878,33.22039996208374,-17.43564851912612
770566000,-0.1512641901530865,-0.24227970691297324,1.7996409260860757,10.884146401827053,33.17729647112005,-17.504384469872868
770572000,-0.15136802990436068,-0.2416718906025262,1.797838201444718,10.898155373780865,33.18810732034448,-17.46116502246764
770578000,-0.15028717768105893,-0.24135398122557986,1.7945458558001905,10.92384547127499,33.26892327594324,-17.471538008040497
770584000,-0.15124853249971998,-0.24284618591374565,1.8014934672596206,10.869792543733258,33.161819636359596,-17.542285737803255
770590000,-0.15164903038373506,-0.2420251806204878,1.7995949943308351,10.884502833290304,33.159259396541835,-17.476361499655624
770596000,-0.1530324129475696,-0.24132638468765577,1.8001693728821082,10.880047535252903,33.0881309309425,-17.390108051481732
770602000,-0.15108077297784597,-0.24183228293997552,1.7977741713615218,10.898653699547209,33.20245037637703,-17.480127366445497
770608000,-0.15097837962903154,-0.240528840788078,1.793245224285165,10.934031975781162,33.2470651594025,-17.396782108326253
770614000,-0.15105282479296733,-0.24120841825074632,1.7956477073139916,10.915232547086244,33.22242840466078,-17.439642982575354
770620000,-0.15112772815912112,-0.24206676964242846,1.7986501875709375,10.891840399551745,33.192520759694666,-17.494274758644547
770626000,-0.15192545001250837,-0.2413244686353478,1.7978468370010958,10.898088169926313,33.161320628086216,-17.42201416885856
770632000,-0.15145884903189227,-0.240183983601362,1.7931046562836517,10.935134184020107,33.22520487340241,-17.36003093757077
770638000,-0.15068639505803702,-0.24041694982077513,1.792270534854143,10.941679780340216,33.26966307655992,-17.397823156204467
770644000,-0.15105635245073606,-0.24024978077786968,1.7924854109594328,10.939992738583278,33.24997528560852,-17.37602878394829
770650000,-0.15197668034457854,-0.24026675858922034,1.7944569067424279,10.92454143510591,33.188522501194036,-17.35055665120728
770656000,-0.1521208441530639,-0.24064758381532045,1.7960153644850116,10.912362062557799,33.16798415225513,-17.371593039568424
770662000,-0.15109316076874132,-0.24109320768388526,1.7953498852609935,10.917559043172034,33.22310077154987,-17.430843134375305
770668000,-0.1504138649408134,-0.24246721317530529,1.7985045060593827,10.892972785423877,33.228083332120924,-17.541583979865948
770674000,-0.15128592212346845,-0.24149260315349744,1.7970731285294215,10.904113057116563,33.19874735524008,-17.451687449516434
770680000,-0.15148757193867246,-0.24053012205674104,1.7943071880985149,10.925713104231038,33.21329474516923,-17.382127631738893
770686000,-0.15128091618846579,-0.24137737590375305,1.79668082829556,10.907170780800184,33.202424103936565,-17.444207157996306
770692000,-0.15019215245441817,-0.24065238506845774,1.792027023027709,10.9435923578847,33.29561667656337,-17.42777393863098
770698000,-0.15209891654395355,-0.23475573271062272,1.7767052279198112,11.065470992037936,33.33794668547976,-16.98123351720228
770704000,-0.15023520572504648,-0.24063674086830855,1.7920641554086447,10.943300665954157,33.29321456933026,-17.42548618808278
770710000,-0.15089212848104175,-0.23919391668001266,1.7886658960451267,10.97006848594644,33.291366097986796,-17.310734507238806
770716000,-0.1513226891498473,-0.24191747184097037,1.798558983336164,10.892549301167541,33.183968637053425,-17.478727362903026
770722000,-0.15089995736756007,-0.24035199435937982,1.7924984597684719,10.939890308293998,33.25738455513165,-17.38733092730564
770728000,-0.151063100151642,-0.24041400752310488,1.7930416450975921,10.935628342668124,33.244775476994285,-17.38671848237401
770734000,-0.15130763270264916,-0.24081576984408737,1.7948772012379575,10.921253806614226,33.21694140545896,-17.40625288966678
770740000,-0.1509100256841061,-0.24108963243988274,1.7949583063879897,10.920619642728786,33.23533388864621,-17.435920797802254
770746000,-0.15170882499216662,-0.23900170532791531,1.789732825011074,10.96164845636942,33.24271877588797,-17.27446322529014
770752000,-0.15128573793305172,-0.2396784907861785,1.7910781889511145,10.951051846367113,33.25127514429505,-17.33152711370585
770758000,-0.14995802571812245,-0.24118094006596805,1.7932937220422098,10.933651758038366,33.29578391933386,-17.469642386861327
770764000,-0.1513094222480904,-0.23973616214613622,1.7913174083258507,10.949170083155353,33.24804049186793,-17.33466724760809
770770000,-0.1519916398097293,-0.23999325621290699,1.7935860764053853,10.931360360082467,33.19542355375043,-17.33201866289092
770776000,-0.15151432734198145,-0.24054225149420155,1.7944029290040506,10.92496382174623,33.21117208369327,-17.382156875707423
770782000,-0.152310084085647,-0.24004950498025285,1.7944369919812715,10.924697267819692,33.17272314202943,-17.326561047972064
770788000,-0.15007256029507046,-0.24116164832761378,1.7934658321965373,10.932302671875334,33.28874876932513,-17.465030150099004
770794000,-0.14985073804087987,-0.24051153014977528,1.79085752318714,10.95278830961216,33.322365342514914,-17.42833997599643
770800000,-0.15120736999251608,-0.24163564919782116,1.7973843718458853,10.901688494475517,33.19979006351457,-17.46343518044926
770806000,-0.15064759854912335,-0.24075477838223383,1.7933068196193493,10.933549079414009,33.26244082911953,-17.42134647884787
770812000,-0.14950494779797446,-0.24110496581034674,1.7921100182697949,10.942940416315212,33.32806012919617,-17.47779261583772
770818000,-0.15079053002694268,-0.24138695423350875,1.79569568744611,10.9148578453872,33.234613190882385,-17.459085073007106
770824000,-0.1496499612083045,-0.24098187162682233,1.7920003689094453,10.943801749065969,33.32201848398442,-17.46539959075172
770830000,-0.14995922908444506,-0.24075742302176248,1.7918941138995568,10.944636564100595,33.30802065845405,-17.441509110494124
770836000,-0.1495690569864808,-0.241196999737472,1.7925466634357392,10.939511938849279,33.32112395957644,-17.482033803594433
770842000,-0.15205587135177628,-0.24052598771141204,1.7954780045129966,10.916558077069471,33.17579577256366,-17.365425522639274
770848000,-0.15083920457171643,-0.24108494542765518,1.794796052509,10.921888394426926,33.24016147422287,-17.437666101990757
770854000,-0.15150852005615756,-0.24062890157615063,1.794677146807918,10.922818394291554,33.20904963412926,-17.3880625856589
770860000,-0.15099596259211226,-0.2420212719319481,1.7982258846615238,10.895139255970408,33.20256251435065,-17.495100471396363
770866000,-0.1507206818023502,-0.24040572657587098,1.7923044565725788,10.941413414079229,33.267714680201934,-17.39608557017714
770872000,-0.15182889962197252,-0.24056652316117821,1.7951383380374955,10.919212266148513,33.18964457564737,-17.374666988426632
770878000,-0.15045771079764447,-0.24346682120378216,1.8019270739464255,10.866439033633768,33.195946839048595,-17.60642961825892
770884000,-0.15126301363808345,-0.23995317114735615,1.7919361354195005,10.944306395924343,33.244851079564576,-17.350393230395504
770890000,-0.15141263546788628,-0.24015493652544037,1.7929126795975405,10.93663989833152,33.22910605155473,-17.359441841419457
770896000,-0.15166526974446973,-0.23991838394836515,1.7926585608437506,10.938633726194077,33.21919879846449,-17.336474593555575
770902000,-0.15189824750194317,-0.239338338291084,1.791234606297169,10.949821343298634,33.220477519048586,-17.291328330774284
770908000,-0.15244625616605542,-0.2397813500057276,1.7938383691186797,10.929383826130294,33.17143545539404,-17.304892934230722
770914000,-0.15148454415001203,-0.23986216756786408,1.7920969145025358,10.943043342778928,33.232795954222865,-17.33796510925008
770920000,-0.1524046713316822,-0.2398589590284539,1.7940069497306437,10.928063566470884,33.17195309700154,-17.311226330900872
770926000,-0.15107932558862328,-0.2399637821050825,1.7915895641732784,10.947030120540902,33.256722186531974,-17.356404113448882
770932000,-0.1509057366337463,-0.23970337009213438,1.7903710441229044,10.956618708540681,33.27575931829054,-17.344148630243613
770938000,-0.15109729889804707,-0.24000187587935226,1.791752496688094,10.945749433330313,33.254429531158316,-17.3584103462596
770944000,-0.15162203327988932,-0.23881278575384646,1.7889314029654506,10.96797178333724,33.25390685694474,-17.26442951492758
770950000,-0.15105860032293483,-0.23887906286371635,1.787976642381748,10.97551573670075,33.28938807676786,-17.28503741224709
770956000,-0.1510906962392408,-0.23880675487888117,1.7878058373269334,10.97686657363029,33.28933904037055,-17.279313295834232
770962000,-0.15134361509741356,-0.23973987015570972,1.7914007280820623,10.94851483922815,33.24566664107894,-17.33392624917558
770968000,-0.15106977408609962,-0.23992345408735402,1.7914367675359817,10.948231444883357,33.2585209530576,-17.354006141914162
770974000,-0.15147546922626823,-0.2402334655418481,1.7933025164432495,10.933582813978266,33.22267390211945,-17.36282873364158
770980000,-0.15111398418589678,-0.23884453183316942,1.7879782869415184,10.975502732283113,33.2867057200267,-17.28115070176597
770986000,-0.1514626909051021,-0.2395016439371454,1.7908640123899677,10.952737235897166,33.2446435931237,-17.314698206889638
770992000,-0.15109262952294805,-0.2396225055862263,1.790492549119864,10.955661729054293,33.26569706294248,-17.333387815952648
770998000,-0.15125482791452255,-0.2397538597832967,1.7912622174319688,10.94960416460392,33.251149241411255,-17.33741642428585
771004000,-0.15094145301255824,-0.23938676871765366,1.7894026659168445,10.964252458073556,33.282529751552744,-17.322111073219407
771010000,-0.1515347289186648,-0.24009002636680016,1.7929526228302146,10.936326576433913,33.22289209506813,-17.351614202890072
771016000,-0.1525673056780502,-0.239853780792103,1.7943305008790138,10.92553064428092,33.16134050263253,-17.306201414034888
771022000,-0.15131826373868015,-0.23957376273299438,1.790800935007711,10.953233713547084,33.2521399991009,-17.323644610996674
771028000,-0.1515737083367423,-0.2390488257881143,1.7896059986437052,10.962648584864139,33.25032347999076,-17.281474846378714
771034000,-0.15131719444723107,-0.23956019983706342,1.7907540562369422,10.953602725984767,33.25260211007827,-17.322776116464908
771040000,-0.15099946793274382,-0.23987480110036674,1.7911304520140794,10.950640668872287,33.26458914374697,-17.352811461705336
771046000,-0.15134761683492162,-0.24002076288869303,1.7923348922105553,10.941174434310877,33.23729105321835,-17.352429281352446
771052000,-0.15192182373207527,-0.2398683784446512,1.7930287611569322,10.935729389835307,33.20364754982222,-17.325762571104942
771058000,-0.15103269331673067,-0.24017296253534023,1.7921827869797493,10.942368878015696,33.25376585869509,-17.371620897134882
771064000,-0.1518400833978969,-0.23952202750509707,1.7917175841885025,10.946023825164293,33.21904302702528,-17.305174737508526
771070000,-0.151377493862974,-0.24007313601069574,1.792569749887319,10.939330734721047,33.233798096998676,-17.35503693422519
771076000,-0.15173628181797683,-0.23918687796707266,1.7903986346996823,10.956401387199225,33.23557133899877,-17.285950576251025
771082000,-0.1520173443537083,-0.23936047433724483,1.791556106423806,10.947293148056021,33.21194917970226,-17.28936784137935
771088000,-0.15149900577229464,-0.23904390752424898,1.7894342232242337,10.964003501667857,33.25541955156624,-17.2832983028321
771094000,-0.15131741151351877,-0.2393198623536919,1.7899635665800762,10.959829400888433,33.2595169441039,-17.306831231279315
771100000,-0.15151807382243615,-0.23884471415576594,1.788819605657845,10.968854533994705,33.25988506955501,-17.26953653803113
771106000,-0.15097094977792505,-0.23856251475451848,1.7867553948389396,10.985182419223625,33.30431837126898,-17.266541509492857
771112000,-0.15099832927252352,-0.23907610937653792,1.7884989637803719,10.971387210240838,33.287712866463025,-17.299853392115207
771118000,-0.15089506817320933,-0.23969801554438092,1.7903312765086647,10.95693196128401,33.27662175229601,-17.344101584299448
771124000,-0.15080978302666148,-0.2394281816457987,1.7892658655314844,10.965331827485647,33.29007279988204,-17.32865932645617
771130000,-0.15107446757421308,-0.23915522531019026,1.7889171662594583,10.968084187338299,33.28037963868484,-17.3029100353351
771136000,-0.1514568541868901,-0.23909889188808678,1.78952715305694,10.96327044999603,33.25663276395415,-17.288158530483532
771142000,-0.15173120074202817,-0.23903513171387689,1.789889312710952,10.960414708252593,33.24027374960935,-17.276036098368902
771148000,-0.15059403638427465,-0.23947897127911982,1.788986078135763,10.967540127054864,33.30292713752862,-17.338260641542362
771154000,-0.15155699800715847,-0.23859940908083196,1.7880955448500235,10.974575600723544,33.264353510489684,-17.252142602998482
771160000,-0.15129542075605523,-0.23940552956389496,1.7901996830140423,10.95796867820381,33.258506171880036,-17.313146913837336
771166000,-0.15143018411096548,-0.2391855740390318,1.78975658332748,10.961461125745158,33.25590590172838,-17.29467571724297
771172000,-0.1507526510457188,-0.23920293237724674,1.788406314294493,10.972119273200535,33.30036521964981,-17.31535583300969
771178000,-0.15172948200055641,-0.2394553414356694,1.7912674394202337,10.949563091522219,33.22829304154907,-17.303941280338307
771184000,-0.15088444003787113,-0.23821756997967697,1.7854446411735,10.995579011467848,33.319983607864096,-17.246113801971962
771190000,-0.1510966875340587,-0.2388389684106314,1.7879240760925603,10.975931424931138,33.288014046104536,-17.281279297533562
771196000,-0.15124741280137108,-0.2384619967133475,1.7870002270806686,10.9832429285755,33.28885017494675,-17.25191761199934
771202000,-0.15250692970435306,-0.23908421067467905,1.7916723134379302,10.946379649922545,33.187460387226864,-17.256996719154863
771208000,-0.1505764106406704,-0.23961757021782146,1.789406021013119,10.964225989026561,33.30009249832677,-17.347970616097115
771214000,-0.15169575904711305,-0.23882911653238525,1.789138738823747,10.966335085748906,33.248547404605326,-17.263393455313533
771220000,-0.15106127328833888,-0.2400527918248692,1.791845637664996,10.945017475689959,33.255346190041905,-17.362827462842777
771226000,-0.1509255896406334,-0.23950200118007545,1.789749041517508,10.961520590958706,33.28025689384828,-17.330215232329085
771232000,-0.1507511334299333,-0.2390422249099169,1.787874763405035,10.976321416387364,33.3051007042349,-17.30472909405783
771238000,-0.15128148619786155,-0.23840369645417572,1.7868799312271801,10.984195781048971,33.2882630752447,-17.24706774705629
771244000,-0.15128133496900176,-0.23812497916386088,1.7859661810026206,10.99143961644808,33.29627663418616,-17.228563979521848
771250000,-0.15129077109378955,-0.2380007028543203,1.7855788233029124,10.994513688437513,33.29921599958552,-17.220038979622927
771256000,-0.1511966067033934,-0.2382936421238433,1.7863425721276927,10.988454435400358,33.29706085377751,-17.24219815579443
771262000,-0.15207212692738326,-0.23735862800065163,1.785109809426136,10.998238386032472,33.265711184190025,-17.155032661790628
771268000,-0.1514120565572818,-0.23841881131337642,1.7872012733826745,10.981650876018891,33.2791606339216,-17.244320460637397
771274000,-0.15132346217070763,-0.23819043595139033,1.7862682959521832,10.989043379178229,33.29160013895344,-17.231701776302916
771280000,-0.15196470496902706,-0.23949203592655957,1.7918789973711702,10.944755341996991,33.21164997486894,-17.299599006226
771286000,-0.15180138320531233,-0.2386793807472202,1.78886760512048,10.968475510956514,33.24584427602862,-17.250427765843646
771292000,-0.15185395031285234,-0.23874007641227726,1.7891765177502532,10.966036920449929,33.240614838992855,-17.252943172064885
771298000,-0.15131323009695324,-0.23853767828737624,1.787385399376108,10.980193269988991,33.28230565562023,-17.255050419109956
771304000,-0.15143348976737384,-0.23749589225191703,1.784224730023048,11.005275065226565,33.30420155718505,-17.18241292526091
771310000,-0.1506585567417923,-0.23807500395970946,1.7845089337673197,11.003014440715953,33.339094102906834,-17.24313006868853
771316000,-0.15162226674832543,-0.2384179438449624,1.7876364416423545,10.978206635402756,33.26523389806973,-17.238226832658206
771322000,-0.15104357343941482,-0.238669165893509,1.787256224681163,10.9812158164719,33.29642723803064,-17.271534518372892
771328000,-0.15115197250979936,-0.23823524164374135,1.786058353550964,10.990708420881239,33.30170269522102,-17.239601499064573
771334000,-0.15089655597057813,-0.23892436881499818,1.7877890605885995,10.976999275196015,33.298841341226264,-17.292712353013545
771340000,-0.15126358879515975,-0.23788325109879985,1.78513776890294,10.998016264478284,33.30439057088294,-17.213016595569375
771346000,-0.15177418412410174,-0.2383326236650314,1.7876736721816844,10.977912078956653,33.25760190471181,-17.228205819788222
771352000,-0.1527526050682096,-0.2385265958666331,1.790357631719247,10.956724356878604,33.18717852699807,-17.213020752723118
771358000,-0.1516059449323812,-0.23839338798334456,1.7875219051943552,10.97911292413384,33.267021938480745,-17.237065816261875
771364000,-0.1516773579458826,-0.2384548811017828,1.7878724375310078,10.976339811432744,33.26051795150311,-17.23909632469432
771370000,-0.15153443054224533,-0.23872330892706906,1.788455105739841,10.971733737502502,33.26229037485432,-17.26101186377204
771376000,-0.15196349425554206,-0.23866217412428178,1.7891496456629556,10.966249003048592,33.23558788752173,-17.244631855792072
771382000,-0.1513570465782048,-0.23731166859920547,1.7834635854500045,11.011334566193858,33.314554123638246,-17.17235840649058
771388000,-0.15182787190691957,-0.23746804516498102,1.784956574021663,10.999455931052598,33.27880162575915,-17.169279115473078
771394000,-0.15187474436140289,-0.23639030777961884,1.781540080918664,11.026681336427654,33.30644678106853,-17.096335075495467
771400000,-0.15115062341015176,-0.23674140144727762,1.781173054179885,11.029615174112777,33.34458562191883,-17.140340805032555
771406000,-0.1515981359981339,-0.23670471340873894,1.781986152241361,11.023118028931812,33.31587183243961,-17.125122860157877
771412000,-0.1513573969758348,-0.23690971184422535,1.7821524328309954,11.021790412301002,33.32602431939004,-17.145626946491866
771418000,-0.15059441009952323,-0.23785027025176647,1.783640048087472,11.009929068818316,33.349816269893616,-17.230030105495203
771424000,-0.15130469060524943,-0.2376688706999397,1.7845219594270123,11.002910856662957,33.307805272664304,-17.1975951815464
771430000,-0.1518311872642396,-0.23748653709993117,1.7850239197865756,10.99892079199009,33.27805264556988,-17.170412259973862
771436000,-0.1507366789789867,-0.23776416108409937,1.7836532274032517,11.009824113901722,33.34282797910559,-17.220218959571636
771442000,-0.1509867156701958,-0.23701652968430947,1.7817294445217107,11.02516834369288,33.34762327154552,-17.163329651249814
771448000,-0.15137278814257069,-0.2367416850136045,1.7816366690466976,11.025909550068143,33.329800446545185,-17.1340139116782
771454000,-0.15175565803763874,-0.23653684330947156,1.7817682300144129,11.024858510133413,33.31018764425288,-17.109469932595143
771460000,-0.15191166678635637,-0.23688540512929138,1.7832300665158172,11.013195131818074,33.28987857430988,-17.128185431343677
771466000,-0.15081197376558683,-0.23795517333926097,1.7844346824187787,11.003604952383235,33.33233797540498,-17.230756526471882
771472000,-0.15105611908482508,-0.23699518660077395,1.7818041051846063,11.02457194288908,33.343617136632396,-17.1599244969776
771478000,-0.1514612531014051,-0.2372358279900867,1.7834330708939778,11.011577651012438,33.30979793017641,-17.164336914002664
771484000,-0.15224937910205533,-0.23772200403470223,1.7866682183621723,10.985873193077225,33.243561968343684,-17.174082913824574
771490000,-0.15144221434310032,-0.2373564392379562,1.7837872763935607,11.008756728662254,33.307612972000925,-17.17289685069327
771496000,-0.1508513226600578,-0.23789704690262886,1.7843260481814325,11.004469035952427,33.33139130170115,-17.225762802392747
771502000,-0.1506699189277645,-0.2373021342131772,1.782004126148737,11.022974504319766,33.36052066038882,-17.191402274828867
771508000,-0.1507462986070802,-0.23702348906460424,1.781252768563854,11.028977825055017,33.36342009689552,-17.170673254080327
771514000,-0.15073231692841801,-0.23744713604721324,1.7826073967950598,11.018159738794393,33.352212828645506,-17.199259921880525
771520000,-0.15031653394174824,-0.23782047238860973,1.7829670933409862,11.01529122570604,33.36915622422537,-17.236031588579348
771526000,-0.15102801835551613,-0.237577967225508,1.7836491685769154,11.00985643656626,33.328798532450996,-17.199482767559278
771532000,-0.15053517920323553,-0.23754909616599873,1.7825319594906726,11.018761551565389,33.36240261402026,-17.21169743710077
771538000,-0.1517161001974081,-0.2375718243386141,1.7850623202003926,10.998615683163415,33.28325543318792,-17.17936818520632
771544000,-0.15120017145383954,-0.23715764848409243,1.78263402063514,11.017947360733935,33.32938961388956,-17.166608015257076
771550000,-0.15152773339864103,-0.23712622858543236,1.78321391232449,11.013323866868038,33.308513264037515,-17.155152226387532
771556000,-0.15112897788820545,-0.23701346229512182,1.7820152903196431,11.022885358703205,33.338248389033716,-17.159056171561367
771562000,-0.1502192170378113,-0.23673740658829612,1.7792271658114307,11.04519922893635,33.4067059775086,-17.16671654646753
771568000,-0.15103108016576458,-0.23666508179453527,1.7806755915415873,11.033594474014155,33.354719876945424,-17.13867847495211
771574000,-0.15105528863741557,-0.23643622945776974,1.779980425389575,11.039160685837572,33.35964469125483,-17.1227570684905
771580000,-0.15129244286689456,-0.2366452347695547,1.781154935964972,11.029760048260226,33.33789821776743,-17.12989311372116
771586000,-0.15096562306400335,-0.23666323983385718,1.7805334799177812,11.034731848832868,33.35912842564825,-17.140426271309625
771592000,-0.15087337582783727,-0.23602542365904963,1.7782653535690514,11.052920518033469,33.3834777957024,-17.100596022337474
771598000,-0.150325504090603,-0.2351504289959081,1.7742869422513423,11.084988850022782,33.444931429753574,-17.057877403798912
771604000,-0.1504940980875582,-0.23651399780447577,1.779068286455893,11.046473847778673,33.39478803341766,-17.14396861889801
771610000,-0.15079375821000948,-0.2368041076216824,1.780635620960378,11.03391434737974,33.366539260988574,-17.15471499073225
771616000,-0.15039422508534434,-0.23619434322066604,1.7778204274230314,11.056496454229546,33.4105782452895,-17.125526464495735
771622000,-0.15105132319741812,-0.23670754619792603,1.7808560960285866,11.03215020836808,33.35215955581292,-17.140925657378837
771628000,-0.15099747116592172,-0.2365833813731296,1.7803394728437545,11.036284991443033,33.35929055286905,-17.134201700622157
771634000,-0.15184965198233416,-0.23666487009835677,1.782381668665052,11.019960741474133,33.30028975825546,-17.115299918582917
771640000,-0.15174655629123704,-0.23554458107516116,1.7785236078553952,11.05084609086827,33.339030864240456,-17.043729807483512
771646000,-0.15111332567483232,-0.23632676497002933,1.7797448157447888,11.041048659506636,33.358905947201386,-17.11381506455421
771652000,-0.15131649270004022,-0.23599342706748636,1.7790836721986856,11.046350400211411,33.354885933857005,-17.085836361310072
771658000,-0.15228850656831178,-0.2361495921911846,1.7816234017161952,11.026015555286271,33.28579664091503,-17.06856121531924
771664000,-0.15112774665634307,-0.23618713716103992,1.7793204650758834,11.044450885241668,33.3619288239453,-17.104109751798003
771670000,-0.15164772728364306,-0.23594968032565336,1.7796326172505377,11.04194797881705,33.334089101350656,-17.07349497408457
771676000,-0.15105737399937738,-0.23556160687209457,1.7771411679717937,11.06196081410147,33.384434839178006,-17.064459081297592
771682000,-0.15124830535864767,-0.2362496027761586,1.7797747559903518,11.040808703536829,33.35212339893658,-17.104829559261336
771688000,-0.15158584340064,-0.23723042690070653,1.7836752517465304,11.009648725693832,33.30167297440684,-17.160415399780522
771694000,-0.1515545528493817,-0.23634923833848986,1.780737536712276,11.033098785604809,33.32890795469284,-17.102727680540692
771700000,-0.15245684150878264,-0.23529865669091976,1.779214310799359,11.045302346643371,33.29875856237186,-17.007219088644703
771706000,-0.1511470710387257,-0.23597849312768138,1.7786821684353915,11.049572889674167,33.36658982224791,-17.089668851518756
771712000,-0.1523122681958345,-0.23511595834977306,1.7783188419562395,11.0524908002952,33.31354959030486,-16.99916385175277
771718000,-0.15159218585370796,-0.23696319064070173,1.7828164218182623,11.016492597542326,33.308888055782504,-17.1424747101706
771724000,-0.15120474011051652,-0.2354821149725403,1.7771900817159365,11.061567119149299,33.37687980566908,-17.054971468033894
771730000,-0.15216526581654605,-0.23499881925149563,1.7776311235767979,11.058018710886868,33.32664803872838,-16.995533958757633
771736000,-0.15176198002142047,-0.23535977013281653,1.777956345769257,11.055403780992814,33.34325265145572,-17.03099175560827
771742000,-0.15091599421619142,-0.23466588121004017,1.7739438105209562,11.087764565705012,33.419313170908254,-17.00877104285888
771748000,-0.15176521243870686,-0.23575639466128412,1.7792502001767019,11.045014462023488,33.3317701051289,-17.057293855168997
771754000,-0.15118623696036543,-0.23571853206394344,1.777919038709615,11.05570367515342,33.37138549109687,-17.071243533964452
771760000,-0.15168209034112423,-0.23597202428808559,1.7797770153950427,11.040790596026362,33.33116717107883,-17.074003640904042
771766000,-0.15157209998823767,-0.23604007214995776,1.7797685062626953,11.040858790978037,33.336547834508735,-17.081661464172992
771772000,-0.15122567439074389,-0.23599828277330556,1.7789102111136919,11.047742346707714,33.36079297809583,-17.088746742781836
771778000,-0.15150253392120966,-0.23579399717599725,1.778823651010472,11.048437100703403,33.34818047035615,-17.067266507462502
771784000,-0.15159268777100818,-0.23569278929136633,1.7786831851612221,11.049564726694907,33.345058835035324,-17.057966413892903
771790000,-0.1507374305769325,-0.2356493435238471,1.7767607101874547,11.065024110256555,33.40325472906687,-17.079415079774655
771796000,-0.15042627657658073,-0.2359684520670754,1.7771520144546744,11.06187351063526,33.41489276030876,-17.109556279055393
771802000,-0.150600864675607,-0.23551026431183844,1.776025539008145,11.070948862291877,33.41631962984795,-17.074035042972948
771808000,-0.1514958945871547,-0.2354587565977448,1.7777215063384442,11.057291853175153,33.35815459397681,-17.045138871309106
771814000,-0.15090815186399736,-0.23596716859708392,1.7781482370704573,11.053861546574597,33.382822654706615,-17.095724397813605
771820000,-0.15039765130628518,-0.2356408289137362,1.7760279424104075,11.070929481548259,33.426147600975675,-17.088531562500247
771826000,-0.1513636046379107,-0.23530488920142284,1.7769463827866951,11.063528907825217,33.371336085909896,-17.03865131852863
771832000,-0.15154655800092298,-0.23598280100587876,1.7795290177427472,11.042778520713949,33.339877703049716,-17.078578055927192
771838000,-0.15038154600230383,-0.23662127882160927,1.779184644380094,11.045540326972429,33.39921645020706,-17.154333984012524
771844000,-0.15041183351620038,-0.23737073977384313,1.7816934015754406,11.025456286381125,33.37572772411412,-17.203368039569796
771850000,-0.14973711102473136,-0.23730384984245598,1.7800804726356916,11.038359213876278,33.42257911675198,-17.218283204364866
771856000,-0.14951498325386808,-0.2378388750201975,1.781373105909754,11.028015836597849,33.421988615453415,-17.26031605789458
771862000,-0.1496300232607624,-0.23759370622278556,1.7808075456701518,11.032538630989876,33.42138139082552,-17.24067289635757
771868000,-0.150028689672363,-0.2370757899331774,1.7799373660995343,11.039505671524811,33.409700283845964,-17.1947193669716
771874000,-0.14966023461644803,-0.23617241531886018,1.7762315350677509,11.069288013875848,33.46014656456431,-17.14505190622275
771880000,-0.15110008179103215,-0.23556207122349768,1.7772315893520019,11.061233059050465,33.381576624321966,-17.06327469019478
771886000,-0.150733113025843,-0.23512133037228844,1.7750385714760737,11.078914145969637,33.41857135423249,-17.044339171738372
771892000,-0.15100837605103815,-0.23529914595108786,1.776187581640248,11.069642342157762,33.39516566720451,-17.048365299708806
771898000,-0.151604062236473,-0.23531622241461056,1.7774850841759124,11.05919338755363,33.35500162413317,-17.03257633831358
771904000,-0.1510037770875001,-0.2344967316203255,1.7735793683675523,11.090714393210416,33.41825639663821,-16.99499938390811
771910000,-0.15096229288279334,-0.23524676647467638,1.7759218156999144,11.071785347625093,33.39972624839319,-17.04618478479174
771916000,-0.1509465502567828,-0.2346580315615064,1.77398200563172,11.087455513903745,33.41749801937489,-17.007380471877838
771922000,-0.15099508324465946,-0.2347445682122009,1.7743630966572745,11.084373023049462,33.41180586344543,-17.011774104209913
771928000,-0.15187725167091395,-0.23481893806101384,1.7764454273745747,11.067564098495076,33.3509149551036,-16.991717917668403
771934000,-0.1514115826882908,-0.2343262330559525,1.7738785695100012,11.088292501740023,33.39589308245507,-16.972076512138937
771940000,-0.15202553246096148,-0.23474683748848482,1.7765226566140913,11.066941800581272,33.34308383603605,-16.982718529903853
771946000,-0.1517613346388837,-0.23437491145711092,1.7747669040615337,11.081108905267637,33.37120502735338,-16.96542348548719
771952000,-0.15208141524865926,-0.23462525018235336,1.7762464848736108,11.069167502640408,33.342804160954145,-16.973042024935573
771958000,-0.1512241246268337,-0.2343707068183801,1.7736311263673377,11.090295351040385,33.407132718350375,-16.980350073215075
771964000,-0.15127563712170794,-0.23491104167777874,1.7754866426988731,11.075296396821477,33.388379569390324,-17.014909789493476
771970000,-0.15163301811893948,-0.23460744569892256,1.775250288716743,11.077204397159354,33.37317262098711,-16.984548689281326
771976000,-0.1509455439842481,-0.23476890358224173,1.7743387452981139,11.084569933287227,33.4144185858952,-17.014802912889856
771982000,-0.15177518504905693,-0.2343857930726262,1.7748310487864851,11.080590601117537,33.36997437296226,-16.965756699315403
771988000,-0.15120580156390115,-0.23432530136259083,1.773446171934593,11.091792940621495,33.40964068601717,-16.977841115589175
771994000,-0.15130823159242504,-0.23486034083004226,1.7753904537950473,11.076072805312494,33.38764597792497,-17.010606211250874
772000000,-0.15090615091733234,-0.23392596169413443,1.7715321340412271,11.107317986414404,33.44093919386779,-16.95968166477315
772006000,-0.1506660700711261,-0.234570907398904,1.7731167873409805,11.094461126205008,33.43868129004019,-17.009528386600348
772012000,-0.15091568486326568,-0.23442807254070266,1.773173954179848,11.093997940993773,33.42607927851746,-16.992917224178953
772018000,-0.15057355847137444,-0.23427905783149933,1.7719808611663932,11.103673878131112,33.45313646153461,-16.992674687629105
772024000,-0.15085474811408317,-0.2344488196051729,1.7731142273546008,11.094481869111675,33.42955629722899,-16.996029278344423
772030000,-0.1510946287371134,-0.23476398593678627,1.774633262913621,11.08218893286134,33.40461759282917,-17.010243973693104
772036000,-0.15062884696978443,-0.23435622032598333,1.772345142703775,11.100717542602505,33.447257262069186,-16.996257185808282
772042000,-0.15118077577380074,-0.2342930749386071,1.77328985158342,11.093059035114772,33.41222239847502,-16.9764006526823
772048000,-0.15222992994218584,-0.2339903278518702,1.7745071673711115,11.08320819883356,33.350853228774206,-16.926563845388554
772054000,-0.15141426296187036,-0.2334294630470427,1.7709910735122896,11.111715538011453,33.42105914234093,-16.91218675051022
772060000,-0.1513898179160986,-0.23360735038638772,1.7715131578885601,11.10747215126227,33.41766910496,-16.924746381974824
772066000,-0.15134505923194766,-0.23367636036909617,1.771642136797995,11.106424404525782,33.41870647830232,-16.930614814598872
772072000,-0.1512052049601109,-0.23381305863159826,1.7717910805876915,11.105214753681583,33.42417505413148,-16.943687753653123
772078000,-0.15130414931982972,-0.23349934349657647,1.770986214902589,11.111755044969218,33.426435122201774,-16.919957982260634
772084000,-0.15048180528973049,-0.23328876271516655,1.768595256246519,11.131235415080774,33.48730503466185,-16.929124827884674
772090000,-0.15032009114345982,-0.23357362482090052,1.7691774470929835,11.126484881185226,33.49005493842613,-16.952737693279392
772096000,-0.150862182333932,-0.2339314702036342,1.771458382221918,11.107917183427862,33.44371816566944,-16.961293862455573
772102000,-0.15078394579839247,-0.2340188163908128,1.7715775443079378,11.106949086903164,33.44646758728663,-16.969339595038363
772108000,-0.15111077264104764,-0.23363858439327553,1.7710315057010924,11.111386782893234,33.43540854185403,-16.93471315125303
772114000,-0.15100810484651203,-0.2334914293316908,1.7703432117760385,11.116986325060827,33.44642024839856,-16.92779039032895
772120000,-0.1504119869377811,-0.2337993524587538,1.770096234303979,11.118997143209754,33.477522817365056,-16.965218548801815
772126000,-0.1507101681396344,-0.23448424117365174,1.772928100298976,11.095990243828906,33.438198237404805,-17.002493886210676
772132000,-0.15123987208409487,-0.23395611391369098,1.772324965705038,11.100881242876529,33.41781704445964,-16.952251898255515
772138000,-0.15185606927877596,-0.23437146114293175,1.7749540334550582,11.079597010163507,33.364990958929496,-16.962514033064366
772144000,-0.15164327250430576,-0.23337996408794964,1.7713104693228872,11.109119123225174,33.40717566841905,-16.902424671698995
772150000,-0.15198576389964558,-0.23440892191675392,1.7753467154441211,11.076425889150435,33.35529238054961,-16.96134174161773
772156000,-0.15127275303946874,-0.23438539160981584,1.7737800175488654,11.089090100881876,33.40347417566573,-16.979951887745578
772162000,-0.1509809693822665,-0.23352915682693332,1.7704082442592557,11.116456986690753,33.44716606078434,-16.931076054394666
772168000,-0.15072220969649286,-0.23347153732934928,1.7696838444890066,11.122356537795845,33.46607528196647,-16.93454140949245
772174000,-0.1507336439187399,-0.23451756457994197,1.773084680931982,11.09472128247967,33.43568627069194,-17.004051325573766
772180000,-0.15023992662308872,-0.23399860863203426,1.7703824670178425,11.116666796280775,33.48337090996971,-16.983406839472536
772186000,-0.1505731114965767,-0.23410629688431764,1.7714217466412967,11.108214856603528,33.45806460476559,-16.981153352645464
772192000,-0.15013822533985002,-0.23346891868853148,1.768462736945473,11.132317382307718,33.50517583224376,-16.950887012462246
772198000,-0.1505089712360078,-0.23318971753006126,1.7683327673778149,11.133378763541526,33.488288482440836,-16.92173715722812
772204000,-0.14967362407483562,-0.23261637263362284,1.7647567613133623,11.162672069803703,33.560375006246694,-16.90698205371119
772210000,-0.15072317229926668,-0.23237069518029416,1.7661454722364913,11.151275533763274,33.49706901437034,-16.86093792099315
772216000,-0.14983622913663183,-0.23268680081234683,1.7653195821128889,11.158050066709805,33.547498119833534,-16.907103429830773
772222000,-0.15022817598328517,-0.23302770617624016,1.7672282860706354,11.142407646676595,33.511640240075906,-16.918839557659282
772228000,-0.1507298807463826,-0.23214550442288662,1.7654369377653332,11.157086864102485,33.50295834112266,-16.845687862324283
772234000,-0.15019793907358317,-0.23273693021057232,1.7662303165550324,11.150580109071482,33.521875673701004,-16.900243244552254
772240000,-0.1502452863339442,-0.23280062102503626,1.7665333248670356,11.148097310218642,33.51691008180942,-16.90316731929874
772246000,-0.15064893067608837,-0.23376120957043492,1.7704653982276364,11.115991823424121,33.46277589352044,-16.955961915778904
772252000,-0.1499803354307887,-0.23361910150257986,1.7686198648894889,11.131034521566797,33.51147883329329,-16.965400232585015
772258000,-0.15031325654302577,-0.23430594061593996,1.7715274911767152,11.10735570522992,33.4697538489043,-17.001854996719302
772264000,-0.1505152671353577,-0.23425655607076024,1.7717870749947637,11.105247281303024,33.457666232029055,-16.992825760492927
772270000,-0.151003400372515,-0.23372110492265286,1.771073783763753,11.111043042497128,33.440242966854164,-16.94325644469526
772276000,-0.15160158474725458,-0.23388804936801214,1.7728608331871087,11.096535491155999,33.39561636544052,-16.937488013128107
772282000,-0.15136066941025444,-0.23320387694099534,1.7701528002656766,11.118536526978781,33.430999149304384,-16.898642602273853
772288000,-0.1519913471683553,-0.23290566273006277,1.7705137936581956,11.115597978404011,33.397311866192574,-16.860982712974035
772294000,-0.15205325042131235,-0.2338629934432856,1.7737257741103087,11.089529158441325,33.366216903101254,-16.923065865116563
772300000,-0.15164503788704548,-0.23396482141496447,1.7731994004622198,11.093791780627306,33.39055013150453,-16.941379094559778
772306000,-0.15145182172816665,-0.2330859146528086,1.7699637078456627,11.12007647457755,33.42823977688562,-16.888199062539666
772312000,-0.15194538211950376,-0.23371516860930486,1.7730230273611571,11.095220896347088,33.37757639801674,-16.916257166849014
772318000,-0.1517146709853653,-0.23415169626925778,1.7739482586744086,11.087728572926288,33.38062693835947,-16.951868136669002
772324000,-0.15161991893376733,-0.23377915895803708,1.7725479662041566,11.099072296174896,33.39746930704218,-16.9297091108671
772330000,-0.15127340862123617,-0.23296878499255758,1.7692142402063713,11.126184812799702,33.44345193821491,-16.88540660112335
772336000,-0.15118506322562514,-0.23377841241967115,1.77163731569264,11.106463564244988,33.426498478060076,-16.941945297035588
772342000,-0.1506216129195524,-0.23351697404358035,1.769621073093823,11.122868085508378,33.4715105846537,-16.940421031303742
772348000,-0.15100656882303562,-0.23314409398464533,1.7692215109074505,11.126125518342462,33.45632936077276,-16.90463879454457
772354000,-0.15127908933658427,-0.232987011344531,1.769284716631315,11.125610089405498,33.44255897934536,-16.886463600012206
772360000,-0.1514093399481853,-0.2342546526062369,1.7736426167070825,11.09020232802556,33.39806865466479,-16.967367662319603
772366000,-0.15024905660902002,-0.233585685065908,1.7690689712017826,11.127369669409484,33.494461106359346,-16.95555478587716
772372000,-0.15086207997654666,-0.23243116600825472,1.7666288930711533,11.14731450050036,33.48607832562999,-16.861070382193937
772378000,-0.15085633120107025,-0.23359238065339424,1.77035244179218,11.116911192948038,33.45370138490442,-16.938820469877918
772384000,-0.15105717039398506,-0.2339346249747966,1.7718746632891105,11.104536065330793,33.43061506148257,-16.955986329631337
772390000,-0.1515275214555305,-0.2319414273644979,1.7664479697205642,11.148796569032024,33.45536485393007,-16.809634233473254
772396000,-0.1515099518349937,-0.23169920224459248,1.7656355496955645,11.15545717588089,33.46333234218123,-16.793938679854147
772402000,-0.15195006104554867,-0.23231932057417037,1.7685446398651588,11.131648649508731,33.41654007548818,-16.823015658678976
772408000,-0.15052006591241435,-0.23096607858324017,1.7612254303769552,11.191771522115685,33.55012218327856,-16.772627142768556
772414000,-0.15087300973336376,-0.23320091523471037,1.7691261240551406,11.126903479854612,33.463646977383384,-16.91220377864451
772420000,-0.15098832436493864,-0.2327119388080939,1.7677937798162933,11.137782791399447,33.469732669337574,-16.876281809367892
772426000,-0.15028014392370614,-0.23461747432160587,1.7724664854753274,11.099733178247416,33.46311734390683,-17.02359715907087
772432000,-0.15196386756744626,-0.23261804907503908,1.769532228752975,11.123592202604314,33.40722997664603,-16.842565693393635
772438000,-0.15071838973544252,-0.23323777800170534,1.7689229416128744,11.128561017818843,33.47293591341106,-16.919032727198182
772444000,-0.15116638412520114,-0.23266693164990884,1.7680206113201724,11.135928886649127,33.45910297757906,-16.868259598114847
772450000,-0.15098431294739284,-0.23334968990478336,1.7698370276833926,11.12110841408584,33.452012334718425,-16.91899792306445
772456000,-0.15154262426020834,-0.23265758089468677,1.7687767694273948,11.129753819112429,33.43423706317574,-16.857046669360578
772462000,-0.15068168834266496,-0.23280820212542724,1.7674645167475436,11.140475119474429,33.48751350333043,-16.891359370311466
772468000,-0.15125648834790328,-0.23185382881089767,1.765600580943151,11.155744068955702,33.47593868543114,-16.811384946524797
772474000,-0.15076501996473285,-0.2329363857533026,1.7680501191080695,11.135687769498308,33.47832783595773,-16.89757651430284
772480000,-0.15034788208127522,-0.232521225666337,1.7658484263678373,11.153711039123678,33.51793008559086,-16.881581451240482
772486000,-0.14943020455797146,-0.23317422044947167,1.766048701506081,11.152068833101987,33.56089115243755,-16.951221202705128
772492000,-0.1514200438049596,-0.23236450645899323,1.7675795662414162,11.139534211668632,33.45066469794237,-16.840919715218167
772498000,-0.15071253733244783,-0.2319495048175658,1.7647724515448777,11.16254315947586,33.50963083883015,-16.833063768877892
772504000,-0.15098217101692743,-0.2327603078848565,1.7679363875482512,11.13661716992409,33.468781011293935,-16.87968732808174
772510000,-0.15046198500678912,-0.2328390042150178,1.767106719513625,11.143402439799111,33.50133352617976,-16.899617373056476
772516000,-0.1508482986777906,-0.2318428714675202,1.764713622014712,11.16302651799642,33.50354501172227,-16.822114326864252
772522000,-0.1508258179019498,-0.23237047953023637,1.76635854765856,11.149529252096613,33.490211229925364,-16.858033698746425
772528000,-0.1503476647294037,-0.2333608383269529,1.768548873976893,11.131614080696293,33.494232957573196,-16.93773525678297
772534000,-0.15113488043067402,-0.23379742290575048,1.7715939781107497,11.10681559041282,33.42930980347507,-16.944632604269902
772540000,-0.15066399414706885,-0.23168935247241226,1.7638379989801427,11.170226477555188,33.52019020206487,-16.817019464168492
772546000,-0.15275867197430623,-0.23228087665330688,1.770121866065155,11.118788418600243,33.36367288375505,-16.797780393457522
772552000,-0.15164659115817947,-0.23122137613608434,1.7643936523335493,11.165656302492303,33.46757918301435,-16.758169276596565
772558000,-0.15119009937242547,-0.23187361286299107,1.7655252585831178,11.156362090746937,33.47982202984801,-16.814571238731787
772564000,-0.15116527999472618,-0.23212380057378745,1.7662752147872571,11.150212141430556,33.47445423705196,-16.831994419095025
772570000,-0.15160135641869893,-0.23158813921370902,1.7654715119508453,11.156803130637332,33.46033536240905,-16.783953628572323
772576000,-0.1509798731587785,-0.23270564788347883,1.767755946777242,11.138092070719077,33.47047465231416,-16.87609951840461
772582000,-0.15092004634596215,-0.23236256212851464,1.7665294952495383,11.148128681635988,33.48413398869056,-16.854852196102257
772588000,-0.15059348909026185,-0.23268950255739843,1.766899515503607,11.145098478213797,33.496757739967755,-16.88591079985205
772594000,-0.15087760274657802,-0.23260137583861581,1.7672078088223,11.142575200255278,33.48024728029739,-16.872011694731693
772600000,-0.15119628418204648,-0.2330922390335529,1.7694503399900992,11.124259723561828,33.44512205794678,-16.895824460322096
772606000,-0.15098863131776277,-0.23144259375608273,1.7637249905032917,11.171156476570367,33.50539132302856,-16.791394662422807
772612000,-0.15106960649029522,-0.23250663388924217,1.767303852156334,11.141789382164866,33.470082199590195,-16.860273030629006
772618000,-0.15058822408819833,-0.23191679407603025,1.7644088469528656,11.16553138833644,33.51886868742686,-16.834370338002195
772624000,-0.1507473617895171,-0.23204184002247752,1.7651409440079264,11.159516610279628,33.504704801461244,-16.83826180798931
772630000,-0.15101729362581082,-0.23213769969026526,1.7660109325396238,11.152378487228207,33.4839570243417,-16.83708303254382
772636000,-0.15087872812387934,-0.231732868663307,1.7644247406791334,11.165400730251223,33.504598953389085,-16.81390036080756
772642000,-0.15080686261633514,-0.23194511882927699,1.7649548764574208,11.161044611327071,33.50344373460308,-16.83011877044522
772648000,-0.15093393466754546,-0.23172498640948466,1.7645146194650574,11.164661925968641,33.501126926215726,-16.81182291991691
772654000,-0.15081572858212405,-0.23197991726554718,1.7650848744009366,11.15997700826606,33.50187250738619,-16.832197366339166
772660000,-0.15018156182930678,-0.2318999050057397,1.7635095714882534,11.172929745867208,33.54656638981839,-16.84468039858031
772666000,-0.15089521241093337,-0.2319193949538253,1.7650565850113449,11.160209314063131,33.49825675143915,-16.82591514559068
772672000,-0.15080053514449476,-0.23199985873436688,1.7651171338688194,11.159712114504597,33.50232824062951,-16.83395841781075
772678000,-0.15103537433874978,-0.232076534218863,1.765852542904688,11.153677279031857,33.48446739743549,-16.83248515783885
772684000,-0.15115499837630253,-0.23226007912669713,1.7666907938252778,11.146807531084573,33.47131094832147,-16.84139261264696
772690000,-0.15063085941842058,-0.23200375376247856,1.764776291823081,11.162511608414814,33.513570207931764,-16.83899021110878
772696000,-0.15060718135269568,-0.23204945521883613,1.764873529514133,11.161712787765367,33.513868960898606,-16.842714098838425
772702000,-0.1511586100266629,-0.23228768747290124,1.766786899795743,11.146020523284541,33.47029329910747,-16.843136327395747
772708000,-0.15101610226378337,-0.2317718004391248,1.7648359331221903,11.162021631784702,33.494316221283604,-16.81264750248092
772714000,-0.15157657562964091,-0.23171625046387753,1.76582959109017,11.153865511898625,33.4584015150162,-16.793210523750584
772720000,-0.15145148871013267,-0.23112897074352257,1.7636898422851601,11.171445763321215,33.48321155586613,-16.75744827329719
772726000,-0.15086725918554056,-0.23165641318978375,1.7641560433670767,11.167610085567805,33.50751295740788,-16.809107020563637
772732000,-0.15098283948862384,-0.2308433560132252,1.7617982436096489,11.187039641217083,33.52256541422484,-16.751448102927483
772738000,-0.15157610013299555,-0.2313038286427578,1.7645094606708818,11.164704328295393,33.46998508641233,-16.76565458853419
772744000,-0.15165058215252783,-0.2309428714451859,1.7635126223509283,11.172904627558369,33.47509954906553,-16.739434237077223
772750000,-0.15132983639136502,-0.23161406246113295,1.7649862767903841,11.160786716096311,33.477760543641686,-16.793296441679473
772756000,-0.15133192898158285,-0.23125270337437875,1.7638350302174952,11.170250906629684,33.487745440372116,-16.769070973994374
772762000,-0.151444054475025,-0.23138973600847074,1.7645076387111749,11.164719303845574,33.4764091632512,-16.775095762708407
772768000,-0.15136785178122064,-0.23071545254387327,1.7621948591382,11.183765948652077,33.500369677455,-16.732120449525443
772774000,-0.15181403231126558,-0.23122135532584318,1.7647446368064315,11.162771686590588,33.45638608155775,-16.75348464165944
772780000,-0.15125404973207998,-0.23116644921401164,1.7633965653186503,11.173860236531066,33.495370316353835,-16.7654813343174
772786000,-0.15102139717498086,-0.2314993638069059,1.7639749710175565,11.169099506717064,33.50160688563869,-16.794274127591244
772792000,-0.1509320777132939,-0.2310794159421152,1.7624460668431492,11.181693586627441,33.51935502851797,-16.76867310727591
772798000,-0.15083810475310275,-0.23206586169639604,1.7654069993665102,11.157332567148657,33.49795956090666,-16.837316956540747
772804000,-0.1506354342448654,-0.23120651012768792,1.762233830282507,11.183444395355206,33.535654353038254,-16.785496552063066
772810000,-0.15071520482839704,-0.23142144932035708,1.7630872706040637,11.176407862613896,33.52428400150283,-16.797649649511172
772816000,-0.15136181799515785,-0.2308832729983259,1.7627176857358708,11.179453820639093,33.496082601854134,-16.743519311090903
772822000,-0.15065968756679055,-0.23127761349381992,1.7625116446039273,11.181152740008889,33.53203612659294,-16.789577469677873
772828000,-0.15101481247844795,-0.23100679318337686,1.7623867847141286,11.18218256168117,33.515850360585546,-16.761494780626794
772834000,-0.15117350988711548,-0.2311271407065367,1.7631026484883114,11.176281165566309,33.50185973490936,-16.765106144685703
772840000,-0.15166811919220985,-0.23060193615263078,1.7624618457132992,11.181563446408047,33.48344830307095,-16.7161393934299
772846000,-0.1511419155319152,-0.23086896703261253,1.762212223195707,11.183622674159748,33.51119950893057,-16.748711958223087
772852000,-0.151569500951885,-0.2311827790579071,1.7641088325864467,11.167998377172406,33.47381363185093,-16.757745145231496
772858000,-0.15181468507444362,-0.2309511322862053,1.7638831134779438,11.16985525853736,33.46389514229546,-16.73540139565455
772864000,-0.15113395690397444,-0.23060862077191835,1.7613650172746378,11.190618007736555,33.519011854718485,-16.731505500759702
772870000,-0.15116324389338928,-0.23068663264037462,1.7616750215698516,11.188057167404875,33.51487056572705,-16.73590984458894
772876000,-0.15100884055338623,-0.23130140411213132,1.7633156730224797,11.174526410131557,33.507997329138355,-16.7813802607591
772882000,-0.15101178707486104,-0.2301230525759376,1.7595626982169355,11.205532745044788,33.54075513666994,-16.702395060094258
772888000,-0.15050798479884728,-0.22995405498608942,1.7579739369014848,11.218717703183072,33.57924392342852,-16.705130522170297
772894000,-0.15089785761928123,-0.23034142663507942,1.7600202611509632,11.201742000942662,33.54229093137687,-16.72020705408412
772900000,-0.15089786126883514,-0.2305330419230424,1.7606309775251625,11.196686968376799,33.536935668773346,-16.733043426999114
772906000,-0.15097276701809323,-0.23013982651820922,1.7595345954704986,11.205765661096088,33.54290142930904,-16.70460795660754
772912000,-0.15080794412216308,-0.23078460245334054,1.761245820140644,11.19160300891699,33.53592154412527,-16.752408203820906
772918000,-0.15113342229378837,-0.23043882398119972,1.7608226219233185,11.195101752959864,33.5237916547921,-16.720150723300648
772924000,-0.15099917244906766,-0.23026324044731394,1.7599827331479008,11.20205279735197,33.53768703665439,-16.712139310755937
772930000,-0.1507017940542591,-0.23086776755373442,1.7612899872435293,11.19123800531413,33.540702999372954,-16.760950318311025
772936000,-0.15060911787502995,-0.23106817246746003,1.7617369503731017,11.187545753913668,33.54129543017965,-16.776969833392542
772942000,-0.15090533808097406,-0.23100556485780138,1.762154389287338,11.184099890072625,33.523213534011134,-16.76447791382606
772948000,-0.15112013832790977,-0.22992488187342974,1.7591585269128176,11.20888358175278,33.53902288684778,-16.686094986558814
772954000,-0.15032138350152663,-0.23013862375454092,1.7581730918672165,11.217063006926878,33.58660195843649,-16.722722723347218
772960000,-0.15094887479592664,-0.2297414613436365,1.7582173543925375,11.216695323169494,33.55561361897661,-16.67857643085284
772966000,-0.15052415048179468,-0.2300021227520952,1.7581605815844779,11.217166933381407,33.57681748543358,-16.707902590714305
772972000,-0.15030387162287814,-0.2300535167406391,1.7578656741782617,11.219617445943884,33.59015548323479,-16.717503703334064
772978000,-0.15048719201595556,-0.23010248620987492,1.7584031016316077,11.215152640327805,33.57649225352936,-16.71566514577135
772984000,-0.1501943108079873,-0.23020477822059185,1.7581195838669468,11.217507528330808,33.59327542862001,-16.73071345419898
772990000,-0.15049895645908057,-0.23003640804099523,1.7582172371684952,11.216696296900126,33.57754937662669,-16.710905423712937
772996000,-0.14987372569123084,-0.22988124603277038,1.7564237561801468,11.231616488277812,33.623836780673344,-16.717967693040578
773002000,-0.14959035039692015,-0.23044731656605313,1.7576398491879803,11.221494744953993,33.62701002157151,-16.763902067601432
773008000,-0.1501160092666119,-0.23081612233994364,1.7599065774936822,11.202683557313684,33.58140541776318,-16.77390432166285
773014000,-0.15004285023710703,-0.230211332881667,1.757825820482468,11.219948700694184,33.603253045380654,-16.73539060988231
773020000,-0.15068110537211532,-0.22974930074521419,1.7576834299441533,11.221132399525139,33.573348219985995,-16.68656782911956
773026000,-0.150784955073253,-0.23040666554495715,1.7599925830677716,11.20197122118024,33.54803247317377,-16.727733092200893
773032000,-0.15235948914707928,-0.22991125359038714,1.76171615352946,11.187717490157388,33.45643966451406,-16.650684828968302
773038000,-0.15143639232001857,-0.23000312861883213,1.7600692523028694,11.201336299397433,33.51565788347926,-16.682521700705063
773044000,-0.1509278256912191,-0.23012631879634363,1.7593977463592416,11.206900025989707,33.5462898161851,-16.704957248682685
773050000,-0.15122592859902986,-0.22935080748756145,1.7575556747784722,11.22219467523169,33.54791855333109,-16.644675999810215
773056000,-0.15091391261169676,-0.2296566957615866,1.7578748945057991,11.21954081186579,33.56031972715423,-16.673868232049497
773062000,-0.15106419133905122,-0.23016852932098528,1.7598169658716127,11.203425869713415,33.53597510225703,-16.70397939520076
773068000,-0.1514544552676818,-0.2294603268915095,1.7583819621628296,11.215328185243758,33.529557704706534,-16.645660215513626
773074000,-0.15034028984754785,-0.2297341670251364,1.7569253377432585,11.227439230590615,33.59663193410862,-16.6950621246471
773080000,-0.15078722159035945,-0.23009439755872738,1.759002680285103,11.210176256996274,33.55660387586691,-16.706743062632462
773086000,-0.15083209388687202,-0.22985135064752468,1.7583229486074035,11.21581827455175,33.560378255855085,-16.689198975897142
773092000,-0.15011451407281914,-0.2300269074981517,1.757387318739014,11.223594893302982,33.60360312356473,-16.721011731357738
773098000,-0.15165246082897768,-0.23047277784277043,1.7620173667792667,11.185230714354695,33.4881000170946,-16.707934886801123
773104000,-0.14997140146032326,-0.2294781534386902,1.7553446875804053,11.24061513513518,33.62853939963136,-16.688173959658496
773110000,-0.15163749705517743,-0.22990721550511303,1.760185701275067,11.200372105470963,33.50486368310593,-16.670498086080542
773116000,-0.15121793037197062,-0.2291567762744246,1.7569232637476637,11.227456495918975,33.55384937171352,-16.63189068046756
773122000,-0.15089036387680205,-0.22973035070550998,1.7580598383490802,11.218003915608719,33.559845707350725,-16.679462494224918
773128000,-0.150712105073172,-0.23047430849981188,1.7600562877997614,11.201443656741702,33.55102273853894,-16.734302268326566
773134000,-0.15107279636371995,-0.23054092165557014,1.761021369035156,11.193458324296092,33.52499914389095,-16.728681578388002
773140000,-0.15102931084905502,-0.2300770191162297,1.7594527791451027,11.206443818800444,33.5408655177632,-16.698821768959608
773146000,-0.15099100026557227,-0.23103760737063075,1.762435488674827,11.18178083466836,33.516581562630755,-16.76422419945267
773152000,-0.1512772775202493,-0.2302341659569187,1.7604715007093523,11.198006493215294,33.51987126337145,-16.702429793949733
773158000,-0.15118999176950307,-0.23041533949890933,1.7608660414451296,11.194742672634884,33.52065936905811,-16.71699825509559
773164000,-0.15165422611276577,-0.23007345482447675,1.760749574499117,11.195705915622007,33.49911410801594,-16.681161082921577
773170000,-0.1505207201033047,-0.22885124575680288,1.7544981123042083,11.247686430791328,33.60912122557409,-16.630775278333225
773176000,-0.15109001262780639,-0.22960612644187256,1.7580821818242904,11.217818272132206,33.54992342382254,-16.665572693194573
773182000,-0.1502883216000182,-0.22969007410559306,1.7566770055564562,11.229506942743882,33.601349796642715,-16.69355401557801
773188000,-0.15090664934705836,-0.22909051146674173,1.7560621397095004,11.234630283107661,33.57656748336334,-16.636100418970354
773194000,-0.15075187642334859,-0.22985088771165754,1.758154094954535,11.217220820510356,33.56576912502993,-16.691405514275495
773200000,-0.1511688179881646,-0.22976150912971272,1.7587408054931162,11.212349148845691,33.54031402266838,-16.673791300708885
773206000,-0.14998054760343582,-0.23059830409340248,1.7589302149479826,11.210777438518898,33.596595545350176,-16.763094994009826
773212000,-0.15058778438258968,-0.23025079625221012,1.7590849431353623,11.209493882769184,33.56560344499913,-16.722797681041182
773218000,-0.150565122702264,-0.22983630690432236,1.7577183564041043,11.220842028075495,33.57869900386169,-16.69563863521216
773224000,-0.15083756262029943,-0.23004747429863617,1.7589583574785523,11.210543955863962,33.55453963527731,-16.702192762561634
773230000,-0.1506360994784705,-0.22936532199455836,1.7563695206420897,11.232068382672383,33.58706962958126,-16.662066442083848
773236000,-0.15056720793243078,-0.2295432806623674,1.756791150316636,11.228556420867049,33.58673247381481,-16.675925282422856
773242000,-0.15125926786697405,-0.2289877981323129,1.7564739858281173,11.231198008075431,33.555772425513595,-16.619412223636314
773248000,-0.15105795952400905,-0.2302298584153226,1.7599992268227787,11.201916198945941,33.534680817168066,-16.708261802262978
773254000,-0.1507444972725906,-0.22912089881985992,1.7558199253266555,11.236649980921726,33.586601064807205,-16.64264935496716
773260000,-0.15132170164361686,-0.22929362960453453,1.7575747153963743,11.222036339279537,33.54308887552852,-16.63818031858285
773266000,-0.15052827565973728,-0.2300032512706708,1.7581727658958177,11.217065714835673,33.57650933788579,-16.707863061031254
773272000,-0.1509205568420231,-0.2301821662241599,1.759560380873519,11.205551950811596,33.545217856131124,-16.708902373383577
773278000,-0.15111309716986476,-0.22958042973642917,1.7580488087052786,11.218095559315042,33.54909166018371,-16.663207476826056
773284000,-0.1506301196756974,-0.22912227542854802,1.755585657635708,11.238604200237807,33.59423786875481,-16.64592440757827
773290000,-0.15115385814031412,-0.22944238321172208,1.757695603949848,11.221031185392809,33.55020201368852,-16.65281954473968
773296000,-0.1508367100913591,-0.23037141270158268,1.759988203150133,11.20200749510716,33.54554996392322,-16.723924603162658
773302000,-0.15095210602612955,-0.22902029813332306,1.7559344632254184,11.23569480709836,33.57547022967586,-16.63012649129163
773308000,-0.1509897162391605,-0.22930180442450387,1.7569061091971998,11.227599304198018,33.56511880334517,-16.647961539713314
773314000,-0.15018965283010488,-0.22961476787424662,1.7562323842767065,11.23321119694753,33.61007365063841,-16.691254008416788
773320000,-0.15053420074915524,-0.22936199882404926,1.7561465411899073,11.233926697444582,33.59399931510849,-16.66468216253376
773326000,-0.15037184505405804,-0.2293038973919718,1.7556238664725918,11.238285416243944,33.60651439757337,-16.665306684223207
773332000,-0.1505554784135859,-0.22922952097397084,1.7557703284221995,11.237063645047204,33.59626146916834,-16.655199450455285
773338000,-0.15114263934865343,-0.22924440527233522,1.7570437146755506,11.226453881649196,33.55646130862928,-16.639859062293027
773344000,-0.1502490348786716,-0.22892476699497133,1.7541653025586836,11.250469101024972,33.62531945239612,-16.643271317796955
773350000,-0.15074851136788192,-0.22860536094225445,1.7541944119368815,11.250225650898464,33.60066122781878,-16.607937482603347
773356000,-0.1506009713265519,-0.2283702784614879,1.7531424056184524,11.259031490940746,33.61709454562555,-16.596248083737738
773362000,-0.1501994899735944,-0.22870021135818794,1.7533504672760842,11.257288664303545,33.63489600484521,-16.629566053508928
773368000,-0.1509643607611094,-0.2293944589281741,1.7571472556015506,11.22559218603036,33.564240566944676,-16.654880380415833
773374000,-0.1506280010048162,-0.22893542378742365,1.7549886604294478,11.243587736957801,33.599578374949,-16.633442682609267
773380000,-0.1504906509600548,-0.22915764508828285,1.7554071239628648,11.240094014763732,33.60261374544999,-16.652180591946248
773386000,-0.1504978058433604,-0.22879680074794295,1.7542777980784872,11.249528334791453,33.612173725686866,-16.627756919532043
773392000,-0.15069390094268623,-0.22929007989017658,1.75625120569442,11.233054334623066,33.58528705354398,-16.65540864555693
773398000,-0.14972667272216836,-0.22900133190903235,1.753322850898519,11.257519957360131,33.658282062685245,-16.66296735746508
773404000,-0.15043903399348907,-0.22870155860213814,1.7538535412222567,11.25307720181695,33.618768335737556,-16.62299529284098
773410000,-0.15047063577961856,-0.22919499644455146,1.7554839468223864,11.239452894089695,33.60291709641041,-16.655244984745895
773416000,-0.15055928075502337,-0.22861679011625038,1.7538357270256368,11.253226271477159,33.6130490623662,-16.613960886853906
773422000,-0.15136779228881908,-0.2291132029199879,1.7570988966360641,11.22599462373962,33.54501334019633,-16.624805490098286
773428000,-0.150639611800359,-0.2291385746665949,1.7556571652630717,11.238007614502287,33.59314725355829,-16.64675404630386
773434000,-0.15058678582058047,-0.22891557253243375,1.7548397666331077,11.244831435787644,33.60289703426547,-16.633256418219734
773440000,-0.1502378262000264,-0.22886803577432588,1.7539621125909435,11.25216877077947,33.62765130259601,-16.639772970496104
773446000,-0.1502693455221693,-0.22910695996160743,1.7547854515493595,11.245285203455314,33.6188823965181,-16.654940876092574
773452000,-0.1503723358526033,-0.22856247997113935,1.7532740869001002,11.257928392625704,33.62711387342533,-16.615507817799298
773458000,-0.15006389089988809,-0.22939527186493383,1.7552734996741037,11.241209366381108,33.624641474445966,-16.680027533625104
773464000,-0.15012782124883495,-0.22844514595918788,1.7523935982585055,11.265308947177381,33.646804020156885,-16.614419719588778
773470000,-0.1497003594294065,-0.22838483429261158,1.7513146031445392,11.274368461248788,33.6772200292318,-16.622251070641617
773476000,-0.1497522943015474,-0.22904236232047703,1.7535061764496038,11.255984768800836,33.655416118245036,-16.66501056235341
773482000,-0.1474080071145823,-0.23430351675614147,1.7655490201536355,11.156167118101443,33.664270328124566,-17.084448289681937
773488000,-0.15000006744720895,-0.2280574635678458,1.7509015268270678,11.277841139433223,33.66616210346394,-16.591905736256063
773494000,-0.14421841339857067,-0.22121335297563782,1.7176590997185652,11.565535648318173,34.246998942675944,-16.287590634807067
773500000,-0.1504994583761622,-0.2288633326814357,1.7544921026026365,11.247736664908688,33.61021258163834,-16.632178101713336
773506000,-0.15029722789670083,-0.22596226801669747,1.7449226721667654,11.328378437270278,33.70408386767225,-16.442676009558806
773512000,-0.1502198055403151,-0.22974599688236175,1.7567123268921905,11.229212790556105,33.604386469613324,-16.69921959322958
773518000,-0.15023862449050387,-0.2282351397539388,1.7519596972040439,11.2689500997127,33.64519106270059,-16.59722727568517
773524000,-0.15020217542466402,-0.22887452097065938,1.7539084908418772,11.252617410236976,33.6298654174844,-16.641200821238698
773530000,-0.15051995424653242,-0.22834136735953253,1.7528819402631843,11.26121414117016,33.623338835418195,-16.596554855368723
773536000,-0.15029647916878214,-0.22836745767625707,1.7524987681530455,11.2644267991604,33.63762853462959,-16.60451278467487
773542000,-0.14998640509815173,-0.22832086793909023,1.7517062062484097,11.271078549228715,33.65976397969169,-16.609996291036456
773548000,-0.14950028442620475,-0.228307597826524,1.7506552504765498,11.279912709612692,33.692827624281186,-16.62262175058701
773554000,-0.14992078668617811,-0.22835258663425176,1.7516702121793406,11.271380849326345,33.66329405609356,-16.613952739394048
773560000,-0.14991789919424622,-0.22812720049639182,1.7509512145570676,11.277423292579234,33.66975125472933,-16.59887730536717
773566000,-0.14945152008961585,-0.22836707014383928,1.7507424530715687,11.27917910016685,33.69445356482809,-16.62798022695143
773572000,-0.15001290728787556,-0.22814997643648924,1.7512207267439759,11.275157454324559,33.66272981402851,-16.59777008998811
773578000,-0.1498179259850171,-0.22811565060681827,1.7507070034928054,11.279477313823907,33.67679596174375,-16.600877686921613
773584000,-0.15002162539420577,-0.22840398702706896,1.7520424708993718,11.268255284081617,33.65508597914244,-16.6146051089942
773590000,-0.14994928015313982,-0.2278826582834449,1.750243505335273,11.28337806469885,33.674429807340005,-16.58155870344895
773596000,-0.1497456394608712,-0.22859700751568643,1.7520804341076952,11.267936647411819,33.66827087794128,-16.635258869672928
773602000,-0.14971469527033662,-0.22825742496800233,1.7509411368099377,11.277508038120217,33.679799189445546,-16.613282898268245
773608000,-0.14984832152362085,-0.22874161758672995,1.7527517735210167,11.262305274156672,33.65734189519415,-16.642121704153585
773614000,-0.149912840633627,-0.22833349607970538,1.7515932879055232,11.272026967979658,33.664359014701056,-16.612890052230334
773620000,-0.1502602178222801,-0.22827515404288443,1.752131226396291,11.267510364426176,33.642628745573795,-16.599316976810965
773626000,-0.14987065923953605,-0.22861492689296153,1.7523967289744011,11.265282684972831,33.659367113817375,-16.63298384297028
773632000,-0.15004338207176077,-0.22808784252508865,1.7510876382874139,11.276276223965354,33.662406019460754,-16.592745966730917
773638000,-0.14997430275451853,-0.22858459028228573,1.7525159431101518,11.264282753318554,33.65324451569423,-16.628060798925272
773644000,-0.15007509088052073,-0.22835144802640925,1.7519873675283757,11.26871781975144,33.6529522474214,-16.60958743377153
773650000,-0.1501262759377545,-0.2291163342200721,1.7545175950583374,11.24752358112511,33.628228986358906,-16.65955614051923
773656000,-0.1496436645052884,-0.22802519397204726,1.7500592715227494,11.284929408756103,33.691032479791865,-16.59963387275959
773662000,-0.14973538481727464,-0.22879866793295536,1.7526982139471252,11.262754311286445,33.66334453352983,-16.649102077631316
773668000,-0.1502215450912075,-0.2286385524859684,1.75320103337289,11.258540334030457,33.635129139581444,-16.62481018987923
773674000,-0.15023420023285444,-0.2274979923594752,1.7496220768228439,11.288612756153471,33.66592789897539,-16.54778706984741
773680000,-0.15048432342928728,-0.22838660231863844,1.752950764603984,11.260637312791799,33.62447656003216,-16.600582627055882
773686000,-0.1505853861390496,-0.22820849979959906,1.7525981891691194,11.263593016148967,33.62263024497975,-16.585813819120727
773692000,-0.1504042978839118,-0.22767998946170487,1.7505508387443052,11.280791237118814,33.64944932015704,-16.55531518329971
773698000,-0.15031631451876387,-0.22826740813488633,1.752223550833832,11.266735609622621,33.639073957314544,-16.597238855145207
773704000,-0.15022119635759015,-0.22767286203963327,1.7501467862745965,11.28419242878463,33.66195874003175,-16.559908346762096
773710000,-0.14942845401331142,-0.2283553760238976,1.750657651156731,11.27989251195363,33.696331039228355,-16.627835407720177
773716000,-0.15031587466531193,-0.22798196098831014,1.7513201927048991,11.274321487219659,33.64702434636865,-16.578066130636095
773722000,-0.14942100863919164,-0.2279410929853253,1.7493317727515465,11.29106006675282,33.708354411043594,-16.600160996749043
773728000,-0.14951654352646834,-0.22775626341328603,1.7489457894447866,11.294315838076745,33.70705762734652,-16.585065063994943
773734000,-0.14928563364200217,-0.22846010709422634,1.7506935567592024,11.279590436912484,33.70302523207231,-16.63885943482232
773740000,-0.14940934871230918,-0.22818862110551202,1.750090361400535,11.284667581880036,33.702256776953746,-16.61714564854577
773746000,-0.14954325819594574,-0.227676748964237,1.748750076077737,11.295967497289494,33.70746658844158,-16.578970578974324
773752000,-0.15042123221502837,-0.22743182994306207,1.749803250512308,11.287086043611154,33.655180583898435,-16.538160346520062
773758000,-0.15017121330930908,-0.22709184092096824,1.7482106095759635,11.30052299440474,33.68140414758295,-16.522204606433398
773764000,-0.15042638368905545,-0.22761980685894243,1.7504069615777986,11.282002084415621,33.649631073982775,-16.550657337869335
773770000,-0.15062999260135457,-0.2274619008878581,1.7503337468005324,11.282618361760644,33.64031268966747,-16.534406922797785
773776000,-0.14993189421521202,-0.2277386054828767,1.7497523713897603,11.28751474385343,33.67959570932695,-16.57235052795784
773782000,-0.15018356315105758,-0.22675938531419865,1.7471897694804188,11.309154872105987,33.68976013042429,-16.499486840410857
773788000,-0.1497024000672949,-0.22698127473809884,1.7468872069069343,11.3117161210604,33.7160250528314,-16.527729333596294
773794000,-0.15067377553065375,-0.22791055879242375,1.7518411132457874,11.26994568212416,33.62495114874561,-16.563347275825723
773800000,-0.14934304942049764,-0.2269752667206116,1.7461226867911714,11.318193811577741,33.74040115950322,-16.537273095315317
773806000,-0.14957286819885415,-0.22815945690707715,1.7503370022921596,11.282590957391506,33.692064311646256,-16.61063554039472
773812000,-0.14962546891901676,-0.2271933827142003,1.7473957436307854,11.307412016881544,33.71533377731197,-16.544144488900198
773818000,-0.14940449075887066,-0.22691011671862718,1.7460448651834415,11.318853658390768,33.73806478867196,-16.531181327162283
773824000,-0.14949571156930638,-0.2276204722694063,1.7484737938980064,11.298300026055026,33.71222959895397,-16.57650136860908
773830000,-0.1492622991195045,-0.22800414045690268,1.7492024091707299,11.292151011463204,33.71728620725112,-16.608817584717425
773836000,-0.15003015173667902,-0.22813048082691983,1.751194936520361,11.275374232673558,33.66211171351178,-16.595980325713228
773842000,-0.14902707608104815,-0.2278509203684941,1.7482315111630828,11.30034641421642,33.737388157788935,-16.605040349510652
773848000,-0.15016580273214417,-0.22809827302775504,1.7513753125180083,11.273858290407638,33.65388562355421,-16.590048841191116
773854000,-0.14952317337934665,-0.22786447371045462,1.749301390840964,11.291316260950293,33.70360622526007,-16.592165014051297
773860000,-0.14975274575883502,-0.22830778210609193,1.7511794508961145,11.275504400814711,33.675839746297314,-16.615611885956753
773866000,-0.15044831275047107,-0.22798522294116577,1.7516065336591966,11.271915705439593,33.63803233556343,-16.574612902683015
773872000,-0.1493918233906922,-0.22761139225647217,1.7482297874884245,11.300360975877764,33.719476963335616,-16.578773506840296
773878000,-0.14958371812358282,-0.2277882225631502,1.749186053124056,11.29228896180959,33.70164852195219,-16.585351237874224
773884000,-0.14998581291795926,-0.22755933967116512,1.749298613233506,11.291339683669177,33.680938082515794,-16.558794725304534
773890000,-0.14944188879388393,-0.22692444018821734,1.7461675226065405,11.317813689933194,33.73514815823109,-16.531111146316814
773896000,-0.14933670440637692,-0.22609196895860537,1.743331672312396,11.341913593327718,33.76525313727014,-16.477896285321417
773902000,-0.1508224958977584,-0.22651267827907756,1.7477481446871015,11.304431583303057,33.653569274695094,-16.465262098681613
773908000,-0.15014365891075096,-0.22779761311068886,1.7503792174841049,11.282235608270465,33.663715359260515,-16.570447104721655
773914000,-0.14989217647424186,-0.22671069655762957,1.7464299731723285,11.315589195464831,33.71072540416722,-16.504257750420763
773920000,-0.14929207017767576,-0.22620460202221568,1.7435928482457876,11.339689159217494,33.76515356685927,-16.486725800685193
773926000,-0.14998684828479036,-0.22708143687373897,1.7477940263306875,11.304043670554654,33.69410074342659,-16.526603485091474
773932000,-0.14970039901076956,-0.22734520339500064,1.7480299645608344,11.302049375987622,33.7060820237286,-16.552291587840813
773938000,-0.14949111371804044,-0.22778157930108267,1.7489730307971278,11.29408598709815,33.708066554638485,-16.587475425001582
773944000,-0.14973420207521387,-0.22756634643657914,1.7487978206056212,11.29556452224297,33.697676200847724,-16.566241435525047
773950000,-0.14875781144895728,-0.22781559496802312,1.7475637309905876,11.305991040082333,33.75651314347199,-16.61015027193567
773956000,-0.1497658184005319,-0.22820792486440283,1.750890648321387,11.277932626460967,33.677736621682,-16.608532212541256
773962000,-0.14954610839169025,-0.22741792249988318,1.7479391002343958,11.302817322219735,33.714455095828164,-16.56146484436276
773968000,-0.14848768016889602,-0.22702721740051904,1.7445183087199665,11.331815003981959,33.796640165716944,-16.564494659217942
773974000,-0.14904978683310113,-0.2274307771424845,1.7469516542061734,11.311170451979118,33.74753240532902,-16.576101920878664
773980000,-0.14947130979725373,-0.22783630827358392,1.7491048782253478,11.292973664734447,33.70787969512571,-16.591709702185298
773986000,-0.14900252375580028,-0.2279181631899777,1.7483933071901951,11.29897974594384,33.737171767625675,-16.610252793541402
773992000,-0.14973168917300053,-0.22744641409395291,1.7484141733823604,11.298803519521242,33.70117047549543,-16.55823811711386
773998000,-0.14940036543258473,-0.22741688450839742,1.7476336270775663,11.305399920506451,33.72429906827867,-16.565436922052225
774004000,-0.14881090200879796,-0.22626645799261338,1.7427911699245235,11.346520206014228,33.79590865639767,-16.504198743937817
774010000,-0.14940729880532502,-0.22579073806786426,1.742532845979032,11.348723363161305,33.76880119567164,-16.45562845188996
774016000,-0.14829585824712982,-0.22627965923502724,1.7417698327719395,11.355236534662366,33.83031902228002,-16.519345502892794
774022000,-0.14925260015243524,-0.2267232263861346,1.74514170016258,11.326517972460298,33.75347590660179,-16.522789050970598
774028000,-0.14960479366610352,-0.22767439964717473,1.748870306074338,11.294952790327656,33.70338936537698,-16.577104607769186
774034000,-0.14949853223538562,-0.22725283443664251,1.7473197707821004,11.30805479184332,33.72223571195109,-16.551665650163315
774040000,-0.15016038229162867,-0.2265536665962603,1.746494497670137,11.315042447137156,33.69700005351589,-16.486276642089685
774046000,-0.14887117868323949,-0.2263301480655897,1.7431159531707376,11.343751621367142,33.790078957220786,-16.506829772290725
774052000,-0.14895013044637054,-0.22713359021578866,1.7458082810365934,11.320860185116315,33.76249724897421,-16.558835950702452
774058000,-0.14911727967538574,-0.22653750883947169,1.7442771303467726,11.333865838343426,33.76773968524465,-16.514010715050215
774064000,-0.1499940775898569,-0.2263561121134161,1.7455272497979273,11.323244730281598,33.713651574904596,-16.477560250593495
774070000,-0.14929874946657956,-0.22610496020849422,1.7432937588028246,11.342236585064729,33.7674546369299,-16.47982041765951
774076000,-0.1497345569118306,-0.22702426103870035,1.7470893971496242,11.310004396472817,33.71266972775502,-16.529734511561507
774082000,-0.14923172291549203,-0.22620947519587217,1.7434830709126838,11.34062401121616,33.769089431714086,-16.488721447674095
774088000,-0.14889367414317406,-0.22626793854654947,1.742966947000768,11.345021619682479,33.79028147514987,-16.502009442916155
774094000,-0.14907578302134916,-0.22716393210867442,1.746163785735,11.317845370320725,33.753185145177525,-16.55739607894152
774100000,-0.1496231256973103,-0.2274520804023673,1.748206664095171,11.300556327206458,33.70832215699202,-16.561629281814263
774106000,-0.1491666775130338,-0.22628843628949377,1.7435963885089087,11.339659013636151,33.771295244129306,-16.495845013330996
774112000,-0.14896118410786768,-0.22613084698115593,1.7426758850729298,11.34750331101335,33.789515345735154,-16.490891368087173
774118000,-0.14825452760459593,-0.22528550695851363,1.738564942618115,11.38268710193783,33.860596665294004,-16.45330070937887
774124000,-0.15003323178885183,-0.22554626287382348,1.7430682022806459,11.344158572964147,33.733319923475975,-16.42190578908917
774130000,-0.14880885661674234,-0.22575648380764074,1.7411857308916654,11.360228252915142,33.81013897859359,-16.469826267668804
774136000,-0.14893297122291077,-0.22621384243527734,1.7428782402279372,11.345777832379651,33.78912527854396,-16.497272215432695
774142000,-0.14917762668707765,-0.22626953952316586,1.743559691416994,11.339971500725675,33.77107889985275,-16.49426773359024
774148000,-0.14871363757139086,-0.22568562721242194,1.7407666531595858,11.363812759526759,33.81852580502034,-16.467669530171264
774154000,-0.14883222457500586,-0.22623157857076567,1.7427256370298667,11.347079021620354,33.79543418164299,-16.50125487988355
774160000,-0.14857907656111033,-0.22622429000320318,1.7421798308365728,11.351735684800053,33.812725130462454,-16.50776565827829
774166000,-0.14768426071499657,-0.22653741573687983,1.7413231208122166,11.35905367310529,33.864496423721434,-16.55372208386721
774172000,-0.14927533377152338,-0.22694424500137036,1.7458846587214445,11.320212319242849,33.745824032251605,-16.53705796038192
774178000,-0.14869373252087945,-0.2269289197543697,1.744633622588889,11.330834743312506,33.785465942453165,-16.552145048890853
774184000,-0.14832085909089832,-0.22614414949207606,1.7413954549454078,11.358435382150628,33.832382288164965,-16.509499624922306
774190000,-0.14903196019443324,-0.22716561525679546,1.746078442851077,11.318568943732966,33.756092413108355,-16.55872501693444
774196000,-0.14843424128303812,-0.2253832592603613,1.7392418368001905,11.376876772562099,33.8457494760796,-16.454950238103507
774202000,-0.14802729457566471,-0.22684144991667438,1.742985121222832,11.34486670117128,33.83287685937406,-16.56473798778054
774208000,-0.14929897926520636,-0.22574863822797356,1.7421760904985497,11.351767611311397,33.777270387061,-16.45577438555401
774214000,-0.14918455771561878,-0.2251498113536339,1.740062882466111,11.369838135522219,33.80148917222732,-16.418502451674684
774220000,-0.14843559184124813,-0.22540718446652558,1.7393195907768786,11.376209779990958,33.84499797823016,-16.456530135550604
774226000,-0.1479364224637798,-0.22590947829885458,1.7398669551631747,11.37151687434156,33.86485902613968,-16.504282100866952
774232000,-0.14900001623760273,-0.22562170861429953,1.7411585969889112,11.360460259949996,33.80095009015176,-16.455451066705482
774238000,-0.14866791483161976,-0.22585565261549298,1.74120559324788,11.360058427703606,33.8169184479733,-16.48041576843516
774244000,-0.14924538480832025,-0.22562170844500562,1.7416669852107551,11.356115104714133,33.78438638974602,-16.448685936140482
774250000,-0.14892951676697477,-0.22580907914073736,1.7416003036421022,11.356684811334695,33.800539999677326,-16.47004667620668
774256000,-0.148350034852148,-0.22646466895864578,1.7424632607606365,11.349316998368813,33.82153454108947,-16.530339613650607
774262000,-0.14849901388553882,-0.2260947458117828,1.7416075978889747,11.356622488383778,33.821715833581,-16.50123274445383
774268000,-0.14900544265609394,-0.22604143594985254,1.7424866910283456,11.349117105611326,33.78899876773534,-16.48363436336493
774274000,-0.14907282330333269,-0.2265536689757612,1.7442359328480248,11.334216241323244,33.77029090604126,-16.516330706848983
774280000,-0.1480963604419402,-0.22606437092014317,1.7406824635351046,11.364533171198847,33.849759699813426,-16.51032424756309
774286000,-0.148301652856527,-0.226236603431882,1.7416464283931201,11.356290728843062,33.83111999822184,-16.516276714493127
774292000,-0.1491706153769272,-0.22617278974096328,1.7432412195866993,11.342684210336945,33.77422507873471,-16.48793481221241
774298000,-0.14835425835955393,-0.22546722345287876,1.7393399641999996,11.37603502652796,33.84883843265061,-16.46283335785697
774304000,-0.14833943418023515,-0.22530593426532886,1.7388040005660352,11.380634302471828,33.8542921451276,-16.45233897885154
774310000,-0.14849026420615982,-0.2252117395313239,1.7388202289467312,11.380494979335849,33.846693504065996,-16.441810859452627
774316000,-0.14799453968252635,-0.22563565603190366,1.73912711309629,11.377861063179658,33.868505047090544,-16.484159551794196
774322000,-0.14805533302155086,-0.22530636902702886,1.7382199393550377,11.38565114552988,33.87349204075565,-16.46021006634297
774328000,-0.14832105189900124,-0.22515586453861353,1.7382961148663674,11.384996543822046,33.85967469950667,-16.442699126406865
774334000,-0.14813539097000533,-0.2251678498906952,1.7379509481728088,11.387963363200562,33.87190035660581,-16.44863107441388
774340000,-0.1482650694897354,-0.2252276516152248,1.7384054654379533,11.384057007584058,33.861480181247025,-16.449097637875873
774346000,-0.1474524372062568,-0.22527507870365485,1.7368829688795,11.397154159961605,33.91515504738314,-16.474750974214547
774352000,-0.1477822816337302,-0.22521627595010119,1.7373760016438045,11.392909127857573,33.89445351765566,-16.461655399682048
774358000,-0.1481361994934538,-0.2242844813381224,1.73519094731037,11.411749992528906,33.89617838199144,-16.388831623771853
774364000,-0.1481156893621558,-0.22477822083256851,1.7366911649658567,11.398806573587608,33.88397605481436,-16.42281441553869
774370000,-0.14853356989377517,-0.22451540676284598,1.736732086121397,11.398453987126906,33.86293797458147,-16.39353182635479
774376000,-0.14855358400649524,-0.2248477001260473,1.737811886327668,11.3891591426476,33.852442078729744,-16.415454197257855
774382000,-0.14912589238374635,-0.22449854954659193,1.7379055836555843,11.388353416885177,33.823352959471244,-16.376117953879543
774388000,-0.14846021928756997,-0.2243628182042052,1.7361041050275778,11.403867560177975,33.87209502295465,-16.385225445348315
774394000,-0.14883931413544307,-0.22474865891819812,1.7380931152734969,11.386741177647151,33.83585004967415,-16.400896658129188
774400000,-0.14904704782936853,-0.22405577378508396,1.7363608051267923,11.40165394360917,33.84082986420905,-16.34834887352539
774406000,-0.14734936251880723,-0.22529477054640654,1.7367333312289843,11.39844325937188,33.92158947328928,-16.47893471851257
774412000,-0.14786395183762888,-0.22575560198929373,1.7392349035098096,11.37693625234368,33.87401820955416,-16.49588301980002
774418000,-0.14738669582632508,-0.22588259184706813,1.7386540601197857,11.3819217480271,33.90278664845701,-16.517691010610918
774424000,-0.147130190516921,-0.22563084083127002,1.737338417405967,11.39323260280092,33.927126470028476,-16.507758465891005
774430000,-0.14765582604311456,-0.22519655471858022,1.7370544032820885,11.395677694065409,33.903556841195424,-16.463813889584994
774436000,-0.14744960873472454,-0.22512986565614365,1.7364222365031767,11.401124344149096,33.919360557367355,-16.464997002406363
774442000,-0.14750400508722206,-0.22532495320674192,1.7371450581411083,11.394897112095247,33.91028490302226,-16.476701550074978
774448000,-0.1476520750130554,-0.22540492010318816,1.7376996386905337,11.390124557996483,33.89805181378108,-16.478019843848003
774454000,-0.14693976905168107,-0.22529328585684194,1.7358901791624681,11.405713067770748,33.9493740629903,-16.490168741741485
774460000,-0.1477091847830966,-0.22491113904491317,1.7362704540210614,11.4024329617389,33.90782527625872,-16.443019545261762
774466000,-0.14731855159380416,-0.22459429232672506,1.734477582793282,11.417916445736282,33.94302600358384,-16.432336507458075
774472000,-0.14752213811510193,-0.22482729991251763,1.7356239641003794,11.408010617695334,33.92280460745989,-16.442504187303474
774478000,-0.147503594202121,-0.22446505878474718,1.734453371144651,11.418125868956706,33.934051279857584,-16.418477336164838
774484000,-0.14764983088632969,-0.22504654410924435,1.7365723175542451,11.399830732251043,33.908105936919505,-16.45382481281123
774490000,-0.14787123114448558,-0.22455622752429766,1.7354938865081178,11.409133626729332,33.90663875492646,-16.414522597856323
774496000,-0.14788927852034314,-0.22459822862594514,1.7356622787538782,11.407679880845327,33.90425981231712,-16.41686918821024
774502000,-0.14775060009271937,-0.22496510850771315,1.736524463604733,11.400243169301941,33.90353225704392,-16.44553027187394
774508000,-0.14766398276056836,-0.22513264794342927,1.7368709965242095,11.397257287257661,33.904770069019406,-16.459262767213456
774514000,-0.14784485405518397,-0.22525040954420067,1.7376115659649005,11.390882181226118,33.88927655034703,-16.462236889049056
774520000,-0.14734598007870925,-0.22489633103426562,1.735478560231567,11.409265960865362,33.93283064678071,-16.452043231533718
774526000,-0.14757825104436323,-0.2248825827286114,1.735912134152811,11.405523633886423,33.91747877893793,-16.444699389088942
774532000,-0.14703223137426372,-0.22506907182181746,1.7353767430369165,11.410145186299012,33.949313368797036,-16.47241770822481
774538000,-0.14710387028917615,-0.22449392410402197,1.7337239134321585,11.424439560715818,33.960345971110705,-16.431456666111995
774544000,-0.14774726003043312,-0.22481547636709437,1.736049428044717,11.404339185870999,33.90788658462921,-16.43549250814971
774550000,-0.14790351504443897,-0.225003107035254,1.7369578452481738,11.396509239247782,33.892133821401316,-16.443882711607397
774556000,-0.1482553989792072,-0.22478988781341186,1.7370156348726629,11.396011545932085,33.8742018395743,-16.419755081246333
774562000,-0.1475104841314624,-0.22473895504487965,1.7353237000227602,11.410603291614265,33.926031707654005,-16.436842127257435
774568000,-0.14755972209853196,-0.22461649234791814,1.735041884152482,11.413037894135643,33.92607424180502,-16.427188973008068
774574000,-0.14694958280331671,-0.22554709854921698,1.7367062414827914,11.398676667820824,33.941678674285846,-16.507091816591664
774580000,-0.14713864754509348,-0.22456190203909607,1.7340076247788836,11.421983001726591,33.95611264912763,-16.43510519381712
774586000,-0.14621989723945672,-0.22386988261356938,1.7299694418160083,11.457062116101653,34.03755042392936,-16.41349674163496
774592000,-0.14686887173062793,-0.2242586109972647,1.7325077665079647,11.434983425784697,33.98277384085418,-16.42198221042222
774598000,-0.1468244577616869,-0.22464203059387558,1.7336152694845397,11.425380590350132,33.975201889084396,-16.449213080712514
774604000,-0.14657625160317678,-0.22466499843305016,1.7331801400110463,11.42915127704982,33.99140167674424,-16.457630357955644
774610000,-0.14735544514389645,-0.22461405459863024,1.7346150251610786,11.416727778004672,33.93998085253219,-16.432657832424407
774616000,-0.1474170317716242,-0.2243077939050829,1.7337844530575768,11.423915267809697,33.9442506631409,-16.410205841368516
774622000,-0.1465786292718254,-0.2247779042707405,1.733538260481456,11.426047718033825,33.98811833974567,-16.46522335414583
774628000,-0.14783300274004726,-0.22530464445365397,1.7377571195274193,11.389630155634038,33.888580294246445,-16.46623394849141
774634000,-0.1474811645106441,-0.2247871828827027,1.735414366736718,11.409820275111091,33.92668688608952,-16.440917809616675
774640000,-0.14756982741011843,-0.22544195312845594,1.737646893798034,11.390578268731206,33.90259393214645,-16.482800607694028
774646000,-0.147649701290839,-0.22549916706216455,1.737990261483535,11.387625363685332,33.89560609420491,-16.484463223525328
774652000,-0.14716759332479598,-0.22483716754206595,1.7349278469095486,11.414023396541513,33.94655079949152,-16.45296190069411
774658000,-0.1474264976863513,-0.22463257562553557,1.7348186887000128,11.414966916413537,33.93465580610706,-16.431952683667678
774664000,-0.1475992391559633,-0.22476021056726023,1.7355724200277978,11.408455587018938,33.91943405369236,-16.43583319423046
774670000,-0.1459907561693112,-0.22480716362123,1.7324323649781566,11.435637879845274,34.02720083432418,-16.483480852619575
774676000,-0.1473496226305233,-0.22487438685740552,1.7354173564003852,11.409794457843109,33.933189908102406,-16.45045611667819
774682000,-0.1470465822067929,-0.22415248841768898,1.732540112841902,11.434702699181598,33.97364596429659,-16.409884303207534
774688000,-0.14644815814542597,-0.22455115158458175,1.7325627243372246,11.43450646840176,34.003239747465784,-16.453447186520222
774694000,-0.14655848310498604,-0.2248380978367739,1.733685548378386,11.4247718430023,33.98781976878232,-16.46986343612592
774700000,-0.14593103759767537,-0.2245677637428314,1.7315617459912447,11.443200685573125,34.03788487945674,-16.468879241302947
774706000,-0.14633748615396508,-0.22414976242447843,1.7310827143224963,11.447366758179449,34.021840544596195,-16.429259117859043
774712000,-0.14683400982956088,-0.22423661838735712,1.7323677843093168,11.436198481238993,33.98574539082112,-16.42145190826539
774718000,-0.1465062878563022,-0.22470545845491713,1.7331639629724211,11.429291516581452,33.99502922761478,-16.46230967107521
774724000,-0.146825556354578,-0.2245544328768502,1.7333435921851137,11.42773452234163,33.977547002061804,-16.443242249832295
774730000,-0.14678607563424295,-0.22472726370453178,1.7338034380465852,11.423750862911998,33.97544945764698,-16.456053466238746
774736000,-0.1463073531812281,-0.2246418231263736,1.7325592956140679,11.434536223614247,34.010287840679865,-16.463493991840508
774742000,-0.14628359036309185,-0.22463939863944765,1.732503297078916,11.435022216196607,34.011967647117416,-16.46398679125054
774748000,-0.14682967028184635,-0.22449359046583225,1.7331617963490809,11.429310299442166,33.97894809229772,-16.439002294168407
774754000,-0.1463078391157677,-0.22508306011569412,1.7339417662426353,11.422553140791296,33.998039143307324,-16.493419174972654
774760000,-0.14653802730212634,-0.22528093194244111,1.7350311089477775,11.413131004452095,33.976945183408155,-16.500459663874935
774766000,-0.1461479105539526,-0.2238272628837142,1.729689823694628,11.459500222121516,34.043616550654185,-16.412587312827327
774772000,-0.14659154132963556,-0.22458533340457307,1.7329621737229397,11.431041167211141,33.992566481513556,-16.45180333781426
774778000,-0.14657726048730887,-0.22418889613859982,1.731694122094569,11.442050038669597,34.00448363487798,-16.42529736617328
774784000,-0.14642312467756669,-0.22515665947682778,1.734407296798744,11.41852442189201,33.9881802729146,-16.495216904409236
774790000,-0.14690668270467303,-0.2244331128392331,1.7331302674342304,11.42958363743524,33.975394561169054,-16.43277477363781
774796000,-0.14626716065850395,-0.223885505795152,1.7301145080440428,11.455797689955842,34.03390902237031,-16.413254144530296
774802000,-0.1461770774956328,-0.22404280849840902,1.7304218840797627,11.453119591006633,34.035686638988786,-16.426424518826597
774808000,-0.14650872536715276,-0.22446114054309327,1.7324048491811592,11.435876726848306,34.00161731470545,-16.445665360187437
774814000,-0.14625162308874698,-0.22364692379362924,1.7293387906583935,11.462562701095083,34.041543036014936,-16.397475207255976
774820000,-0.1458790376460188,-0.22372465705121652,1.7288225596844589,11.46706979310838,34.064719436429264,-16.41303305858343
774826000,-0.1466770994910401,-0.2245373924301978,1.7329869608112045,11.43082621331567,33.98808704548299,-16.44618704669665
774832000,-0.1467767239236982,-0.22387613515483132,1.7311255873812303,11.44699375609415,33.9995697422679,-16.398570564132665
774838000,-0.14640641909438276,-0.2244032490346606,1.732015206945464,11.439260183287203,34.01015990520175,-16.4445632200325
774844000,-0.14770217329958873,-0.2244431817499221,1.7347929931397705,11.415189044407828,33.921201536563125,-16.41152376229401
774850000,-0.14676059876680825,-0.22427821047332885,1.7323476010420313,11.436373697728257,33.98957828727608,-16.426298860404355
774856000,-0.14707627643756677,-0.2239184695776538,1.731870728159288,11.44051534452165,33.978078263053405,-16.39319298027417
774862000,-0.14722952284432464,-0.2233622506093755,1.7304519080032597,11.45285807582772,33.98297642220392,-16.351241188449674
774868000,-0.14696159247936344,-0.22370235620357246,1.7309620487184736,11.448416716022418,33.99180820986487,-16.3816866419469
774874000,-0.14675067221603955,-0.223165314141116,1.7288581174358009,11.466759216985709,34.02089537583061,-16.351025523909705
774880000,-0.14697488549062657,-0.22325507184944995,1.7295963653817013,11.46031538782233,34.00320382537465,-16.350960725348223
774886000,-0.14648206163572774,-0.2236470813935632,1.7298093741715934,11.458457667203659,34.02588525243266,-16.39113652716517
774892000,-0.14721236236314583,-0.2233194731867522,1.7302835744835487,11.454324474916714,33.98531572506849,-16.348809582657154
774898000,-0.1465997239839523,-0.22362578874482528,1.7299833065510652,11.456941254544654,34.01848105285654,-16.38645004143588
774904000,-0.14705710391075802,-0.2240038630918488,1.7320978342226188,11.438542498977384,33.977027199769616,-16.39951353736717
774910000,-0.14616395453888179,-0.22396541078865814,1.7301535609041925,11.455457351842659,34.03871454152411,-16.42152952891935
774916000,-0.14774785686032157,-0.22332173408206626,1.7313909450797655,11.44468572081055,33.9489287770399,-16.334267353898415
774922000,-0.1472643896374584,-0.22297024529119058,1.7293042717755347,11.462863951263548,33.991367737555116,-16.323679211121743
774928000,-0.1490769339465847,-0.22260905743226309,1.7319251379694496,11.440042621750026,33.8783557797827,-16.249635831584293
774934000,-0.14713093395080037,-0.2242182453373853,1.7329181800968614,11.431422703110854,33.96611325400773,-16.412018911191918
774940000,-0.1457668394452092,-0.22340560793564881,1.7275999343445831,11.47776040232342,34.08114806654643,-16.394435022076213
774946000,-0.1463046461623077,-0.2240163533682206,1.7305992499512626,11.451574891532893,34.027752922009896,-16.42110660053037
774952000,-0.146043338402432,-0.2233881910184141,1.7281082191380566,11.473313209196734,34.062827604494444,-16.38563077085547
774958000,-0.14575024376956178,-0.22399101224075654,1.7293919189047542,11.46209908022338,34.06611885992542,-16.434694350694485
774964000,-0.14533095211803357,-0.22306356153852516,1.7256499027633356,11.494858610855811,34.120236211868146,-16.383176803334624
774970000,-0.14562173174093918,-0.22282642617212528,1.72550246908734,11.496153699968005,34.1069734550477,-16.359026537199163
774976000,-0.14669510616831502,-0.2232020149092516,1.728858649964464,11.46675456580579,34.023661049153176,-16.355045334492072
774982000,-0.14697816783330508,-0.22402692721855905,1.732008160658151,11.439321390708791,33.98174649342448,-16.403252596264082
774988000,-0.14612203439798413,-0.22450597064222716,1.731756981009768,11.441503745338073,34.026625362542056,-16.459398319409424
774994000,-0.14646532050177777,-0.22333324551720082,1.7287975566219498,11.467288191705594,34.03566225018928,-16.370279025368028
775000000,-0.14626457059712228,-0.22369706305187104,1.7295214966495085,11.460968506236682,34.03928138277182,-16.400524720503853
