frequency_hz,s11_real,s11_imag,swr,return_loss_db,resistance_ohm,reactance_ohm
470000000,0.6453339839031389,-0.4719910412487802,8.976034539708575,1.943418362498302,51.75075406594745,-135.41033586459858
470010500,0.6455673509234171,-0.4727260885061565,9.007103141236572,1.9366590642103778,51.529735597632005,-135.41572679937372
470021000,0.6456613947904859,-0.47299375583416703,9.018835047029826,1.9341189296959225,51.448602943733825,-135.42006155979925
470031500,0.6459328842245542,-0.473454171866992,9.043544789145212,1.9287907237470896,51.30027167483322,-135.457471475908
470042000,0.6464595172247882,-0.4729196208939296,9.049049481735365,1.9276077493930663,51.404482573610125,-135.64548274418772
470052500,0.6465206534761904,-0.4725413146512317,9.040274232393223,1.929494266544471,51.50366408445694,-135.69300537663943
470063000,0.6461152001358961,-0.4725561145598041,9.024242983253522,1.9329502815286295,51.53239504141455,-135.5801495886424
470073500,0.6457521942514919,-0.47333988378619424,9.032798298695168,1.931104382127279,51.346233134276645,-135.41711038290345
470084000,0.6458648491137388,-0.47321939379758027,9.033787035455727,1.9308912799361377,51.37022310690328,-135.45776353384653
470094500,0.6456348389088591,-0.4728870731867424,9.014597659719355,1.9350356156890072,51.480056217119014,-135.4213450994328
470105000,0.6458265359802909,-0.4729383791228819,9.023881834965454,1.9330282810259114,51.45052202444167,-135.46990478298423
470115500,0.6439467505580975,-0.472548306730906,8.936891620565666,1.952002062071693,51.70746749457591,-134.98456093796375
470126000,0.6450332885973479,-0.4720380910853503,8.965352316841944,1.9457533503594202,51.7617574704959,-135.3237478299053
470136500,0.6449058526411399,-0.4726130233693854,8.977128008270038,1.9431796626923983,51.61372000657024,-135.24291454903104
470147000,0.6443731301992769,-0.4717479297102607,8.930513763811266,1.953407889592797,51.893975952671006,-135.1649053755552
470157500,0.6445108746591044,-0.47334775439739574,8.982911967142778,1.9419180264536782,51.44351272353193,-135.07602771201698
470168000,0.645775189819,-0.4734665785341334,9.037503826799266,1.9300906230777126,51.309608987150305,-135.41319682059296
470178500,0.645806219379526,-0.47389978612148376,9.051691528376493,1.9270404832659582,51.18832348693773,-135.38669361852536
470189000,0.6451219734367996,-0.47325210648693106,9.004686824572444,1.9371830654692057,51.420969333858665,-135.2512237627852
470199500,0.6465977561904304,-0.47315261792742164,9.061645079745125,1.9249063924856542,51.32916934965047,-135.66456520868277
470210000,0.6465912017575417,-0.4731449257538622,9.06114742452631,1.9250129795113238,51.331817544214324,-135.66338904660907
470220500,0.6466300120845535,-0.47232341599534317,9.038245753363173,1.9299308799390014,51.554843667844146,-135.7408164599042
470231000,0.6458215717343951,-0.4727133080147388,9.017005708018083,1.9345145687807033,51.51281001828219,-135.4866711239341
470241500,0.6449505152255439,-0.4734298771294676,9.003032543485054,1.937541976290845,51.385938098145346,-135.18997850948026
470252000,0.6460022679836149,-0.4743903789989675,9.074392487638958,1.9221802064538078,51.03810353885966,-135.4005969420109
470262500,0.6469918589232769,-0.47317315654756653,9.078387234604321,1.9213274768064572,51.291380028160944,-135.77126542406643
470273000,0.6480821550677947,-0.4738907678955858,9.145034826471337,1.9072119328467687,51.004313534855534,-136.01189138624122
470283500,0.6464424899823472,-0.47376785474311756,9.073718558555928,1.9223241401340463,51.17284665551841,-135.57184095975256
470294000,0.6451433379219956,-0.47323787932906014,9.005127827799507,1.937087408483441,51.42316190297128,-135.2582244694037
470304500,0.6457884602593528,-0.47307220707647707,9.026311957610401,1.9325035537506654,51.4168148167899,-135.4486543695729
470315000,0.6455988603734569,-0.4742676669087411,9.0542471865815,1.9264920842373912,51.104371129247106,-135.30016935123936
470325500,0.6449909747909178,-0.47432757567504624,9.031335895918906,1.9314196600442282,51.136969481635774,-135.12910979401818
470336000,0.6477105096868156,-0.4739013748992207,9.12994296995233,1.9103900249133123,51.03217416256098,-135.90892592944118
470346500,0.6460090156196229,-0.4735399532939967,9.049202677702091,1.9275748479755794,51.270571806055635,-135.4714214742986
470357000,0.6456984032235675,-0.47476714335565945,9.073287924109241,1.9224161237577668,50.95976452911758,-135.28694037920172
470367500,0.6440352924888433,-0.4738887343871244,8.979785521450014,1.9425997835824613,51.333205192284446,-134.90288038866154
470378000,0.6439922605728498,-0.4737499101197911,8.973965969324379,1.943870084235988,51.37457852111359,-134.90211628569625
470388500,0.6458961016671971,-0.4740620202604233,9.06020847660691,1.9252141142059875,51.136604249062295,-135.39817877838917
470399000,0.6446895700382911,-0.4737328289026157,9.001482532799358,1.9378783859378637,51.323796650748534,-135.09428593944003
470409500,0.6439087184768781,-0.4725645235984812,8.935851638200624,1.9522311596281718,51.70600993467487,-134.97284158798257
470420000,0.6442762353721362,-0.4711591372923776,8.909558809928876,1.9580411978700902,52.063933794698315,-135.18454423668732
470430500,0.6441712930710422,-0.4734138156243929,8.971238052000183,1.944466112623332,51.45237904667507,-134.97774893763074
470441000,0.6447233032994654,-0.47428418308658976,9.019207984251201,1.9340382928846476,51.17029189834313,-135.05943308767905
470451500,0.6437407288512488,-0.47306016948820123,8.94365569303967,1.9505133222416402,51.58328330177927,-134.88773235558253
470462000,0.6439552676084824,-0.473191742109865,8.956069859489178,1.9477869487006871,51.53030754683826,-134.93614350740876
470472500,0.6451199664856055,-0.47414099705158,9.031004396006539,1.9314911421432903,51.17762390768648,-135.1793703461607
470483000,0.6449395139453429,-0.47400370613691717,9.019611411662618,1.9339510710596222,51.22966644971246,-135.14102231241023
470493500,0.6447056836575183,-0.4739599774232832,9.008865582757338,1.9362770414941823,51.260346654562916,-135.08054986167542
470504000,0.644333632653938,-0.4727649293927737,8.958665920537017,1.9472177744784616,51.617439775297534,-135.07367058324945
470514500,0.6442380694602586,-0.473396390608862,8.973400574767695,1.943993588335307,51.45185690335172,-134.99742034160255
470525000,0.6435362056685037,-0.47385012257020115,8.958674546354537,1.947215883865168,51.38322349569267,-134.76951556914773
470535500,0.6431540723969552,-0.4745272376495641,8.963344814241466,1.9461927920476514,51.22854654925424,-134.61188386807882
470546000,0.6442606165601205,-0.47446291754976316,9.005840551443201,1.9369328333054225,51.15843424499862,-134.91878628265317
470556500,0.6436481523230274,-0.47330058324111923,8.947008891169649,1.9497761445737232,51.52471937210192,-134.8434397224311
470567000,0.6448440456968858,-0.4729586047596697,8.98482284051,1.9415015752754656,51.52371944936088,-135.19839979875803
470577500,0.6454768813715955,-0.47313751249990643,9.015631041465097,1.9348119808533553,51.423954171707564,-135.35782255995719
470588000,0.644723471731488,-0.4726407406486712,8.9706264585515,1.9445997913327706,51.62061610607829,-135.19058941391938
470598500,0.6446481104162718,-0.4739774967115979,9.007062288135424,1.936667921228383,51.26015484314516,-135.0634008599358
470609000,0.6445233304467898,-0.4744386406003529,9.015719943135887,1.9347927440079926,51.14409395514058,-134.99244971869607
470619500,0.6447034146469086,-0.47406147570445506,9.011786380764098,1.9356442692406794,51.23276624905359,-135.07181474873394
470630000,0.6447051584223642,-0.4739819433080401,9.00949613022768,1.9361404022491917,51.25437973756196,-135.07865034953772
470640500,0.6446823777908087,-0.47311552159253095,8.982952497657754,1.9419091914678142,51.49353853957424,-135.14153372373937
470651000,0.6448367905734886,-0.4735510998034215,9.002035693858172,1.937758316068382,51.36180794849672,-135.1491211873558
470661500,0.6448896822880471,-0.4741711307594572,9.022574616521824,1.9333106621783536,51.187866794005004,-135.1139711343726
470672000,0.6444798172953295,-0.4740131952820526,9.00133591246889,1.9379102140454039,51.26382414058945,-135.01452570762893
470682500,0.6437264048669759,-0.47330158726142135,8.950158201278724,1.9490842996656537,51.51827892821201,-134.86478708822128
470693000,0.6444443606047272,-0.47370946479124704,8.99091943769984,1.9401740956171638,51.34974155305422,-135.0290264260307
470703500,0.6439742193009675,-0.4733057459537791,8.960174390912304,1.9468872028276483,51.49757812918121,-134.93232662705498
470714000,0.6442606054999307,-0.4747345315510689,9.01391076334357,1.935184296116925,51.0843275377131,-134.89712307013465
470724500,0.6439003446301714,-0.4742840121393168,8.986047615990556,1.9412347449426979,51.235917088159475,-134.83466272751593
470735000,0.6439926133813956,-0.47392420484466186,8.97912065212101,1.942744827905576,51.32689234140566,-134.88840031773603
470745500,0.643871116430525,-0.47388040003137283,8.972959381546946,1.9440899729930345,51.348491056541384,-134.85865848081525
470756000,0.6447210974389067,-0.47297659857261265,8.980413507885464,1.9424628054038153,51.52857478602987,-135.16321857013156
470766500,0.6429756166394195,-0.4735956754936429,8.92889841994282,1.9537642716323147,51.49679328650727,-134.63630109659718
470777000,0.6441635181376315,-0.4742551905427594,8.99577106091717,1.9391189997115026,51.22288325155045,-134.90881410613554
470787500,0.644149026760832,-0.47417989389975684,8.9929587300655,1.939730464644723,51.24460283055609,-134.91084369143977
470798000,0.6437857639384997,-0.4741077709855243,8.976245984095868,1.943372200443201,51.29312067297182,-134.81733967010544
470808500,0.6445839640588192,-0.47426431495206645,9.01298746629789,1.9353841822061084,51.186866944837185,-135.02294573360513
470819000,0.6442909481877734,-0.47407766464950807,8.995640976848406,1.9391472744190998,51.26124695187675,-134.95775614893356
470829500,0.6438685249043459,-0.47423507052776276,8.983323727192566,1.9418282732886418,51.251802186043285,-134.82985613070088
470840000,0.6429212914692837,-0.4740356665798089,8.939620661609057,1.951401138712133,51.380886962914715,-134.5870117198083
470850500,0.6438800929422082,-0.4738325093929512,8.971907378916082,1.944319836002032,51.360872793035284,-134.86490296648745
470861000,0.6437464732277437,-0.4741530403391314,8.976007579958493,1.9434242484475805,51.28386750003535,-134.80302678701074
470871500,0.6440756211910481,-0.4738369389043719,8.979874579178489,1.9425803568782074,51.344169193954635,-134.91801563962562
470882000,0.6436235152889068,-0.4739435113411475,8.964910603710322,1.9458500241245156,51.35081738056805,-134.78600392386275
470892500,0.6437674176247411,-0.47456947432822905,8.989156359450003,1.9405578027916848,51.16857006745729,-134.775754635706
470903000,0.6435623278995382,-0.4743063460291447,8.973156314419432,1.9440469491435968,51.25658185570012,-134.74063801494535
470913500,0.6441028385874233,-0.47428617333943396,8.99424792452749,1.9394501162743873,51.21924737461996,-134.8897791571697
470924000,0.644360168488905,-0.47472433671885866,9.017627855346428,1.9343799960416699,51.07915948730685,-134.92509188250045
470934500,0.6443509605438908,-0.4747299285076594,9.017422312841363,1.9344244535564925,51.078369762175036,-134.9221336974536
470945000,0.6441053510473458,-0.4744367655527116,8.998810991088266,1.9384584847068167,51.17793564131195,-134.87848910408985
470955500,0.6438251108020585,-0.4737193969664953,8.966375475478685,1.9455294579112825,51.39615162173919,-134.8588158731186
470966000,0.6441092806346487,-0.473912178916071,8.983446470903589,1.9418015199091965,51.32092505700161,-134.9212489979597
470976500,0.6435631030910745,-0.474277339522818,8.97233159543819,1.9442271379497633,51.26443591669525,-134.7431415528252
470987000,0.6433361779520063,-0.47457094434813185,8.971913537174611,1.9443184902611763,51.20228101711497,-134.65807043926796
470997500,0.6434161153468049,-0.47455401603342456,8.974613129297506,1.9437287387383961,51.200584854066456,-134.6811957420249
471008000,0.6436234679151537,-0.4750242375451824,8.996850702644245,1.9388843637683595,51.05607524548718,-134.7004664195096
471018500,0.6433334480080892,-0.47450972502580746,8.969997854006824,1.9447372074690172,51.219183624899586,-134.66215635010576
471029000,0.6433426605751296,-0.47440765811744273,8.967356159520572,1.9453149085142918,51.24628606534376,-134.67271847763647
471039500,0.642897620022502,-0.475229447732344,8.973821904905362,1.9439015519963718,51.05761485794002,-134.4867947984916
471050000,0.6426378631774239,-0.47446861881579794,8.9410522616667,1.9510860549498816,51.28503622167984,-134.4758335902489
471060500,0.6434106577869618,-0.47501407983587784,8.988001690548105,1.9408091815219342,51.075699583029255,-134.6433410859377
471071000,0.6431978987910458,-0.4752547356800914,8.986597011448545,1.9411150772396386,51.02705458103795,-134.56643320979532
471081500,0.6427928769339817,-0.4743940746714138,8.945028809380265,1.9502113843403306,51.2932083703709,-134.52390714638622
471092000,0.6428835306613105,-0.47514408544753634,8.970735621615605,1.944575929721514,51.0819300420524,-134.48968425915018
471102500,0.6427524259595072,-0.4746175118610632,8.949984318358185,1.9491224856522837,51.23551016602738,-134.4953736243964
471113000,0.643114449707158,-0.4748727924841337,8.971955374151221,1.9443093478350386,51.13754883602591,-134.57387165536738
471123500,0.6435276447945865,-0.4755698350337977,9.0092104672857,1.9362023028319144,50.915285481407984,-134.63110103201902
471134000,0.6428588247256287,-0.47531233897813185,8.974721288580906,1.9437051178014475,51.03814173806079,-134.46972458055853
471144500,0.6433826699467903,-0.4755934586406378,9.004076387524746,1.9373154896064255,50.92037171858746,-134.58983786845224
471155000,0.6429216842772683,-0.47551937652956155,8.983367040931714,1.9418188324850076,50.9769468718647,-134.47048646228117
471165500,0.6427422446226521,-0.47579552000937686,8.98436422933392,1.9416015075412565,50.91614182935294,-134.40001639242635
471176000,0.6429848736492889,-0.4760197158704329,9.000759976757358,1.9380352474132343,50.836186356041466,-134.44812064211655
471186500,0.6427378660003579,-0.47627504942951715,8.998434186427081,1.9385403321634285,50.78651119142824,-134.36100843414363
471197000,0.6429133396350664,-0.47604033665549855,8.998499084759265,1.9385262348063794,50.8362507156624,-134.4270959007688
471207500,0.6426482371602927,-0.4763125176576021,8.995950535417354,1.9390799909977052,50.783437805818544,-134.33377974130917
471218000,0.6419888579111737,-0.4750025718581423,8.930955142055076,1.953310534102638,51.19042618661164,-134.25758876000688
471228500,0.6434743622220578,-0.4755930121514581,9.007754259139066,1.9365179117817877,50.913218535312595,-134.61478357693852
471239000,0.6456085416111609,-0.47721466034034976,9.143794087591925,1.9074728110805992,50.30122808360378,-135.06312118594886
471249500,0.6431248972723492,-0.4753018647031006,8.985066291435702,1.9414485310430372,51.02000844530039,-134.542863930233
471260000,0.6427365420600949,-0.4751644538644996,8.96546469233548,1.945728757288895,51.087951545883556,-134.4481228658443
471270500,0.6433761996815237,-0.4738599998671443,8.952579867409318,1.948552639849674,51.39312875931966,-134.7250181774571
471281000,0.64302442483,-0.4749317915982888,8.970097738695616,1.9447153708670832,51.12858360821009,-134.54472164369218
471291500,0.6417856786556918,-0.4756483874037725,8.941867358652676,1.9509067042452557,51.03098046822467,-134.15215437839356
471302000,0.6415728128378636,-0.4752362494891561,8.921331656269315,1.955435413919987,51.15930547360992,-134.12645763520013
471312500,0.6419315467037087,-0.47570359622975505,8.949289187254925,1.9492751566396513,51.00464174207024,-134.18739034472353
471323000,0.6410443075855338,-0.47468217955365216,8.884337767014676,1.9636471275697944,51.350566064055144,-134.02575475173956
471333500,0.6419280166720344,-0.4751848463076788,8.933891358137245,1.9526631362849511,51.14565381844478,-134.22687113832518
471344000,0.641978452508041,-0.47573363156590043,8.952040270279404,1.9486710793947315,50.99283830496306,-134.19776006651367
471354500,0.6421754858613179,-0.47513961660843984,8.942385946665935,1.950792613431588,51.138643600957,-134.2976080342882
471365000,0.6433655661237049,-0.475909153143253,9.01278847324732,1.9354272679687556,50.83601337992331,-134.56014668125619
471375500,0.6434393896017434,-0.47483936102019353,8.98398082413171,1.9416850602076972,51.12099668638341,-134.66498556488386
471386000,0.642961361207364,-0.4752169726978592,8.97600308917842,1.9434252288942622,51.05598531260687,-134.50510447735567
471396500,0.6422434417390329,-0.47467451195412175,8.93143042434117,1.9532057112408139,51.25979050084454,-134.3523704225247
471407000,0.6418517999110932,-0.47552757738792306,8.94093833687086,1.9511111251473214,51.05858518360932,-134.17949378129873
471417500,0.6418357501022973,-0.47533973091855114,8.934780218111275,1.9524672390788276,51.11079408058078,-134.18976814394946
471428000,0.6411652349799698,-0.4759639579937726,8.926554604931983,1.9542816034350576,50.99370858473086,-133.95961026177304
471438500,0.6402515976705904,-0.47629151248396456,8.900121448349614,1.9601350907583885,50.9756252061288,-133.68741304208237
471449000,0.6405602489822451,-0.47657294129191846,8.920531403747237,1.9556123199528699,50.87591473820696,-133.7490671417847
471459500,0.6413147037384868,-0.4756522945511314,8.923319597607145,1.954996093178033,51.06651072430613,-134.02422187176478
471470000,0.6420770909960747,-0.47500225072616853,8.934444686238017,1.9525411828225412,51.18364052476341,-134.28158907091102
471480500,0.6416694490184347,-0.47591778256165534,8.945183464448256,1.950177382741948,50.967045864548,-134.09968100132417
471491000,0.6420225539154677,-0.4757634589237275,8.954675099548083,1.9480928812871987,50.981308289315294,-134.20738385575012
471501500,0.6421862263689356,-0.475250945836166,8.946087097425432,1.949978738847927,51.107567170261525,-134.29183131000852
471512000,0.6418148548224002,-0.4757019054792371,8.944601404785054,1.9503053573166642,51.01420097017794,-134.15589264080222
471522500,0.6429753710833394,-0.47586693440456984,8.995834864752931,1.9391051317917187,50.878373586818746,-134.4576214031553
471533000,0.6412321851087739,-0.4761616461434423,8.93501621237658,1.9524152345734476,50.93504299313747,-133.96239637533557
471543500,0.6415631811452908,-0.47576505448309664,8.936470782020978,1.9520947620260647,51.0166799270072,-134.08278307663227
471554000,0.6409277103362334,-0.47633064941293407,8.927932816288562,1.9539773683925805,50.91294986976311,-133.86700207540292
471564500,0.6410511495630664,-0.4766819870549909,8.943168156442749,1.9506205504399199,50.80850857209281,-133.87311345252013
471575000,0.6409574139061792,-0.4761181755495792,8.922865427010047,1.9550964441424052,50.96807914780654,-133.8914643959181
471585500,0.6403709488582205,-0.47564633825609487,8.885973628287294,1.963282544086327,51.14085248272034,-133.769160135342
471596000,0.6409775186685681,-0.4762200655577019,8.926652782601817,1.954259927931583,50.93897973012258,-133.88901822009143
471606500,0.6416640008653431,-0.476091903181239,8.95009976004992,1.9490971336278768,50.92033324568708,-134.08464022775624
471617000,0.6418476187625389,-0.47561182660143403,8.943251143613628,1.9506022975077415,51.03606583302899,-134.1717948584825
471627500,0.6416815026761773,-0.4755121352264568,8.933728414100615,1.9526990520514942,51.076027841019275,-134.134514901853
471638000,0.641978886481544,-0.47530821752610075,8.93953384063337,1.9514202506036937,51.10819745180911,-134.23106988247233
471648500,0.641172438546046,-0.475451706839709,8.911823669581137,1.9575393556166578,51.13187327797048,-134.00119425352014
471659000,0.6415942198198157,-0.4753959952899735,8.926861487307864,1.9542138520561165,51.114305853553375,-134.11986839369192
471669500,0.6417934266853169,-0.4754401038690391,8.936050274833796,1.9521873978224569,51.086856163090204,-134.1704730576037
471680000,0.641467439212962,-0.47576955273135113,8.932808044273875,1.9529019428610104,51.022900302413056,-134.0564996021432
471690500,0.6416796696420308,-0.4756598556927403,8.937997448075693,1.9517585187231512,51.0361248697143,-134.12252809454117
471701000,0.6409698448258189,-0.4761949074732452,8.925610189294636,1.9544901346216437,50.94637372743693,-133.88889040135234
471711500,0.6411652775721774,-0.47630096729988025,8.936465285708454,1.952095972781453,50.90256681412056,-133.933499666475
471722000,0.6410449479203397,-0.4762207274153573,8.929339740296644,1.9536668932397774,50.9335814192769,-133.90719335371872
471732500,0.6408205564439712,-0.47573365445854127,8.906197873091353,1.958786382733654,51.08266543835877,-133.88412587119322
471743000,0.641279606212193,-0.47559926767988336,8.92037719177655,1.9556464141711012,51.08359552535702,-134.01882033712081
471753500,0.6418837606770541,-0.4754068533891172,8.938657199486059,1.9516132465839309,51.08884265728453,-134.19756861991573
471764000,0.6418133796853154,-0.4749519960945563,8.922522901311666,1.9551721335255952,51.21781469145566,-134.21384384989236
471774500,0.6414619267671122,-0.475532329976566,8.925624638929126,1.954486943741226,51.08760586310238,-134.0734174041533
471785000,0.6415315148802666,-0.4760244046661846,8.942847171555133,1.9506911539239977,50.94891777065242,-134.05403955502447
471795500,0.6413563236135895,-0.47604643906023314,8.936546295854104,1.9520781276115096,50.95657162284726,-134.00491793142592
471806000,0.6408302698374976,-0.4761817338652438,8.9197079546655,1.955794387439655,50.96072320583003,-133.852182383771
471816500,0.6403796827138158,-0.47597565729792873,8.895923950210195,1.9610678466841698,51.0511190728719,-133.74626101318242
471827000,0.6408900631224077,-0.47610770908336114,8.919897308607927,1.9557525176032171,50.97611464732059,-133.87406384486053
471837500,0.6403066546857971,-0.4779983585673062,8.952542958113256,1.9485607408410033,50.51182109921366,-133.57068216001207
471848000,0.6406593840315009,-0.4767516814265425,8.9297041304996,1.9535864970159935,50.82004085648878,-133.76201259708802
471858500,0.6412042011741628,-0.47584423706993456,8.924581112102281,1.954717410342359,51.02309198290728,-133.97942865653945
471869000,0.6410209259554669,-0.47616413709178673,8.926726289559777,1.9542436995031376,50.95073946095063,-133.90508032297762
471879500,0.6415166260458856,-0.4754769402783161,8.926164504357692,1.9543677339654062,51.098378026099915,-134.09254359758242
471890000,0.6406998532844911,-0.4761289246584179,8.913012534818794,1.957276033041805,50.985060205488814,-133.8210088744435
471900500,0.6404043838732912,-0.4764764046904654,8.911550367554831,1.9575998995282187,50.91397429191888,-133.71444338380581
471911000,0.6405212389302799,-0.4766799146914074,8.922134041812065,1.9552580686224776,50.85006346300882,-133.73029189573285
471921500,0.6412454937715324,-0.4771696034950336,8.965312277954101,1.9457621129117557,50.661871194807425,-133.88761487641193
471932000,0.6415892178395256,-0.4778083759524777,8.998049351067115,1.9386239311688107,50.4629592094321,-133.9302436547414
471942500,0.6415790252544398,-0.4770062666110784,8.973767350001609,1.9439134686037154,50.67988688832876,-133.99030846763313
471953000,0.640995000417963,-0.47780137998442684,8.97408232175366,1.943844670307928,50.511298936482824,-133.77094300020903
471963500,0.6402472854857677,-0.47756902377705857,8.937492440967436,1.951869732043677,50.63176591896025,-133.58791267432687
471974000,0.6399676835181877,-0.47694328610057113,8.908043713983153,1.9583770535222773,50.82166465267384,-133.56083287041602
471984500,0.6393323657847904,-0.4768516817938404,8.880432641753895,1.964518010664641,50.89489392900867,-133.39677667264885
471995000,0.6392697972777025,-0.4767110575824507,8.873885202664997,1.965979898934287,50.937515767210236,-133.3906324671544
472005500,0.6394451151447945,-0.47627883415340816,8.868150480884871,1.9672621228370986,51.040667503922755,-133.47075117336524
472016000,0.6401866090411367,-0.4763992782242308,8.900718825404672,1.9600024157790727,50.9515245529196,-133.6615997100147
472026500,0.6400658214110045,-0.47575362580297875,8.877140082970294,1.9652528881421527,51.13518401110226,-133.67841497618872
472037000,0.6403229998958861,-0.47665340995908423,8.913534601085354,1.957160422705638,50.87248428643828,-133.6788662946397
472047500,0.6406858089015619,-0.47688005837155645,8.934530161209691,1.9525223455106822,50.78337907822606,-133.7592137699347
472058000,0.6403814186080574,-0.4763893899238119,8.908095312290502,1.9583656136747873,50.93922703897888,-133.71493931808743
472068500,0.6401247186261085,-0.4770263527958468,8.91666813344622,1.9564667975091692,50.787231179534444,-133.59674250039555
472079000,0.6407444730879431,-0.4775949265884602,8.957979859476424,1.9473681576757962,50.586311710488836,-133.71961892999525
472089500,0.6408030031039651,-0.4764454327621631,8.926375411972666,1.954321166605012,50.891590233696306,-133.82444114606372
472100000,0.6391236087511247,-0.47410592480726726,8.793046955324593,1.9842108770937954,51.65297409715002,-133.54788083241976
472110500,0.6403653444491676,-0.4765932556936659,8.913438827456824,1.9571816305211995,50.885450654715164,-133.69491687615556
472121000,0.6403677386260578,-0.47673225327777935,8.917613198865,1.9562576988050515,50.84777910752255,-133.6848612755533
472131500,0.6402530079057945,-0.4763764152078252,8.902661120450688,1.9595711646945158,50.95259774544014,-133.68127510930472
472142000,0.6402543692096949,-0.4757323704318636,8.883908163184952,1.9637428956801641,51.12650920264725,-133.7310305361784
472152500,0.639888019527931,-0.47565493929003544,8.867317459652703,1.9674485174151193,51.17543932153022,-133.63786837927142
472163000,0.6398972704571565,-0.4748406492555505,8.844097985588581,1.9726583565967228,51.395225895354315,-133.70233254462173
472173500,0.6401259626999697,-0.47542533103028656,8.869949498621686,1.9668597004811228,51.21940897023404,-133.7197631076773
472184000,0.6401416926829098,-0.47604589579295603,8.888629553109702,1.9626909090817692,51.05038618133212,-133.67656277983008
472194500,0.6393599827929778,-0.4772608816044306,8.893475080608258,1.9616124393103906,50.78271086905581,-133.3730122695697
472205000,0.6397890331651546,-0.47656171923698265,8.889855375597442,1.9624179650764848,50.93816222020755,-133.5419200224923
472215500,0.638697533113574,-0.4761664004246881,8.835798467697595,1.9745272789508053,51.1275811815252,-133.2776848434837
472226000,0.6383666171663953,-0.47585545216012026,8.814023791942725,1.9794475455595297,51.236297959653676,-133.21182896097147
472236500,0.6388798281439408,-0.4757186941157362,8.829934092170165,1.9758499909066383,51.23462831250677,-133.36060661633076
472247000,0.6398534359687169,-0.47582465999755624,8.870897423832588,1.966647725554909,51.13219417773458,-133.61557964286862
472257500,0.6397220725896099,-0.4757074543811041,8.862362157683865,1.9685580359044872,51.17387994627713,-133.58900231564652
472268000,0.6397278686824955,-0.47644868243885263,8.884157630157413,1.9636872828817356,50.97331333737178,-133.53406472253207
472278500,0.639431935474958,-0.47686249262364677,8.884645855118535,1.9635784537539258,50.88439706836616,-133.4227564391345
472289000,0.6396163203131365,-0.4765366819411677,8.882356042647942,1.9640889755562596,50.95810155740226,-133.49727371962788
472299500,0.6395822795402133,-0.4765473948452043,8.88133575720936,1.9643165376787843,50.95781049918503,-133.48728115056818
472310000,0.6400628674968158,-0.47632227764427926,8.893605425512089,1.9615834448650251,50.98179329632167,-133.63410840386754
472320500,0.6404309219180649,-0.47601215485871157,8.899004589456945,1.9603831889040233,51.03731892675992,-133.75730794213194
472331000,0.6398517370666823,-0.4765733544593342,8.892655349809766,1.9617948032614572,50.9302299077848,-133.55793483977118
472341500,0.6396634258010672,-0.4766258139181633,8.886802944684005,1.9630977667353737,50.93048320084044,-133.50316662053825
472352000,0.6395137853710695,-0.4763828756949895,8.873861356477642,1.965985227217296,51.00738317508323,-133.48135299127236
472362500,0.6395492590732921,-0.47619640848604805,8.869820630532637,1.9668885214917855,51.05498009753341,-133.50511767115316
472373000,0.6387608567260585,-0.47660264173803785,8.850892754487113,1.9711309234695031,51.005286981543144,-133.26182253844559
472383500,0.6390230207189858,-0.4767806798364621,8.866277707641839,1.9676812192879685,50.93751571625636,-133.31890986526253
472394000,0.6388215628280016,-0.4771643216737928,8.869591713152957,1.966939720356097,50.84961767616925,-133.23563772605377
472404500,0.6392011387548396,-0.47726216767731305,8.88728722117501,1.962989882782131,50.794475929448,-133.33021591578645
472415000,0.6394392531815988,-0.47639087753228887,8.871181533008938,1.9665842020306865,51.01089873087648,-133.46064737036863
472425500,0.6393214611641026,-0.47626448633188023,8.862907541314458,1.968435860062554,51.053934358810224,-133.43849150146386
472436000,0.6395859259116973,-0.476513778890575,8.880498056046347,1.9645034162161625,50.96659350726077,-133.4908275587091
472446500,0.6392746553771667,-0.4768487630410863,8.878090026210929,1.9650408103913453,50.90007269837452,-133.38146480193294
472457000,0.639173873885513,-0.47634825942769193,8.859586934610778,1.969179972315792,51.04254708736984,-133.3923403815209
472467500,0.6390960217138003,-0.4770083408559341,8.875761433901955,1.9655607575752225,50.870720632105034,-133.32126544614133
472478000,0.6390794996054238,-0.4759644856922192,8.844786350505508,1.9725035070801904,51.15320467266761,-133.39595003750452
472488500,0.6384954986641441,-0.47693971856938083,8.850359673037168,1.9712506718733571,50.934646455085364,-133.16498604111192
472499000,0.6396513303036959,-0.477200182521302,8.903135318883097,1.9594659065493558,50.77676611464207,-133.45599756020687
472509500,0.6395234876486454,-0.47810287627163855,8.924645442536146,1.9547032011592052,50.54412730366081,-133.35247875802798
472520000,0.6390724949094044,-0.47741730422235273,8.886786749012995,1.9631013749069606,50.76258785643354,-133.2838378410965
472530500,0.6384821066542168,-0.47707784206072884,8.853851031117122,1.970466658360591,50.89853548347898,-133.1509628197149
472541000,0.6395095251513115,-0.47628169635944617,8.870749586621201,1.9666807818749166,51.0349951134001,-133.4879066762494
472551500,0.6385420736542544,-0.47632423016786535,8.83433452150009,1.974857305922647,51.09676087156643,-133.22390597834635
472562000,0.6398937122568958,-0.47617533775697557,8.882682626474896,1.9640161462355452,51.034398252225955,-133.5996908422429
472572500,0.6395514617409371,-0.4754876810716432,8.849343464807774,1.9714789876281837,51.24626659170651,-133.55957205811052
472583000,0.6386841679979278,-0.4761394328931419,8.834500663291996,1.9748198459176791,51.13585790667719,-133.27611403579593
472593500,0.6371546526533952,-0.47663431849848287,8.7897611255936,1.9849590959948917,51.11703293288787,-132.8275212373524
472604000,0.6384200216886194,-0.4767611448223125,8.842248363976557,1.9730745548648927,50.98835209252616,-133.15815378441306
472614500,0.6381343059191263,-0.47681541198721633,8.832743669183897,1.9752160678156305,50.995249575684724,-133.077250269597
472625000,0.6387028029937948,-0.4774594635923687,8.873564402035504,1.9660515822795657,50.77934953915553,-133.18136584194593
472635500,0.6385190695045935,-0.47725291698098976,8.860380983960335,1.969001983001585,50.8487140713774,-133.14766811733173
472646000,0.6395751797918721,-0.47716954454145444,8.899245515625184,1.9603296644216037,50.79083334873335,-133.4378581785699
472656500,0.6396146150719394,-0.47695260772473147,8.894441558029289,1.961397472649292,50.84619354809047,-133.4650543652766
472667000,0.6394730483765146,-0.47737039526933056,8.90112135576899,1.9599130256170545,50.74463708860278,-133.39504026449805
472677500,0.6391063226472529,-0.4777507813903248,8.897879948861666,1.96063307941069,50.67048495315332,-133.2675130307207
472688000,0.639185939689676,-0.4780428937838858,8.90958568202678,1.958035242099371,50.58605987541041,-133.26656698412634
472698500,0.638341049865828,-0.47741105803378064,8.858053913504548,1.9695236965229244,50.81970555459497,-133.08793348434136
472709000,0.6382644454454556,-0.47757518097886614,8.859850669298968,1.9691208515541914,50.78145723194791,-133.05499575824518
472719500,0.6377392148578143,-0.47734377108408754,8.832745260972326,1.9752157087772018,50.88301910921059,-132.9315309716388
472730000,0.6383477426524792,-0.477946724527119,8.873934286253704,1.965968931601403,50.67557317388352,-133.04924678545703
472740500,0.6390179455132046,-0.4773950434387142,8.884000528423078,1.963722304652341,50.772717642403556,-133.27087958632114
472751000,0.6384726507584704,-0.4771946526217634,8.856879014521644,1.969787206454416,50.86786915173595,-133.13960307994003
472761500,0.6381164394958957,-0.47733179420094013,8.847019711200987,1.9720012747246392,50.857904532119335,-133.0336323169829
472772000,0.6382404519079324,-0.477582129286936,8.859119261630422,1.9692848181938225,50.781404324268934,-133.04803680665415
472782500,0.6378970614343157,-0.4772887511993639,8.837262966710602,1.9741972381773043,50.88594144921064,-132.97800122417766
472793000,0.6374649032843042,-0.4769820592802772,8.811696825395543,1.9799748103540715,51.00057938841443,-132.88496694974273
472803500,0.6377240458688908,-0.47744787819083173,8.835174790414868,1.974667865056949,50.85623826861053,-132.91966086777614
472814000,0.6381225709367919,-0.47766497344604986,8.856945449214004,1.9697723043898874,50.768081824826716,-133.01018318182514
472824500,0.6380280777636599,-0.4773292428445083,8.843516552036258,1.9727891706422118,50.865235512065,-133.0101135990083
472835000,0.637899897835385,-0.47733850426380575,8.838815356092347,1.9738475113132934,50.872380236192924,-132.97502766675424
472845500,0.6380549456066252,-0.4775236485049956,8.85020601315861,1.971285191873009,50.81106657255442,-133.0026967769707
472856000,0.6378709526318935,-0.4775405230336897,8.843555138289807,1.9727804887597167,50.820376860552706,-132.9520949737609
472866500,0.6376511419216876,-0.4773713305901613,8.830135933751087,1.9758044358938345,50.88222482679115,-132.90584701677992
472877000,0.6380299010252486,-0.47718950517998504,8.839533808231547,1.9736856984128561,50.90260165717033,-133.02110503750987
472887500,0.6382629305477903,-0.4774592604917379,8.856417426166196,1.9698907522768727,50.812665974835596,-133.0633352490979
472898000,0.6379356636376078,-0.47791697118919996,8.857015534052191,1.9697565838011724,50.71464688231756,-132.94112166907868
472908500,0.6378636592974453,-0.4779454614818265,8.85504638274812,1.9701983761094004,50.712438348259894,-132.9196973988739
472919000,0.6378127200781638,-0.477537664302248,8.841214267829072,1.9733073220540036,50.8255158715352,-132.93669883092804
472929500,0.6368802868195955,-0.4778868353066582,8.815293417438529,1.9791599814162026,50.80169493472925,-132.66094138483834
472940000,0.63694041391341,-0.47801482863105976,8.821314288404457,1.9777974244722358,50.762993892242235,-132.66749344628244
472950500,0.6373501400828521,-0.4780567852151252,8.838364717962675,1.9739490195825715,50.72118482801935,-132.7739264340043
472961000,0.637202148876693,-0.47785025395587094,8.826651602933666,1.9765911347010579,50.78749871189384,-132.7497715489128
472971500,0.6373399621062544,-0.4776922152480786,8.827398362600203,1.9764224769222842,50.819511449417234,-132.79846338793902
472982000,0.6370189541336505,-0.4783186474814829,8.833154731590975,1.9751233543194484,50.67594465436826,-132.66582988118037
472992500,0.6370919139900719,-0.4783002438495227,8.835441775584941,1.9746076801801749,50.675412897997774,-132.68669504775485
473003000,0.6369611883288909,-0.4782272214000286,8.82826997536863,1.9762256572741752,50.704679194843365,-132.6572183608869
473013500,0.6369847245709099,-0.4776844285235831,8.813467472286238,1.9795735757643431,50.848080550357736,-132.7039410902364
473024000,0.6368155937687786,-0.47742919827986185,8.799598570518036,1.982720693251229,50.9289794105715,-132.67761747599906
473034500,0.6369494576657777,-0.4773891613789221,8.803590211312915,1.9818138845385809,50.929768655985555,-132.7164457793118
473045000,0.6373217095531422,-0.47773381027779677,8.827897806515608,1.9763096922347683,50.80973788525294,-132.79046874763137
473055500,0.6373388316873377,-0.4769662009047711,8.806383689295606,1.981179766123657,51.01423032818676,-132.85230922605103
473066000,0.6373484289234608,-0.4771993061825401,8.813474883253077,1.9795718967573426,50.95097304536352,-132.83751715922526
473076500,0.6381437877757296,-0.4779552494881831,8.866231212256183,1.9676916264868451,50.688704308095126,-132.99397153472356
473087000,0.6369273857380228,-0.4767849663074728,8.785368790533536,1.9859601637042208,51.09342468329476,-132.75533099489806
473097500,0.6370616437143862,-0.4772707155515023,8.804491350068554,1.9816092818517552,50.953173702609156,-132.75530848638834
473108000,0.6370273201929625,-0.4774487054908207,8.808302661946694,1.9807443961720839,50.90803134147776,-132.73287940907338
473118500,0.6368484587688502,-0.47803563037511,8.818370422513942,1.9784634023802636,50.76427789793045,-132.64136217329153
473129000,0.6373937544783442,-0.4784979205742284,8.852888403893472,1.970682761771367,50.60000969382666,-132.7525271358527
473139500,0.637442780846388,-0.47824074517664267,8.84730192115644,1.9719378303604467,50.66505405767537,-132.78491758673908
473150000,0.6369220005203144,-0.4779659867595072,8.819190542212045,1.9782778250272277,50.777424136309044,-132.66620681897686
473160500,0.6366563210169938,-0.4777858797818951,8.80375910235325,1.981775534759345,50.84532892500757,-132.6085383876538
473171000,0.6360794641290889,-0.47744035781724925,8.771724900286301,1.9890762537432192,50.98035715533348,-132.47973967002977
473181500,0.6365724409034609,-0.4775660516375472,8.794203760704146,1.9839475948368595,50.910355268884906,-132.60238176462067
473192000,0.6362055170279898,-0.4783252631332521,8.802005512031336,1.9821737919281668,50.734615075563056,-132.44816377919827
473202500,0.6361382529777816,-0.4784515023469847,8.803067841460017,1.9819325075403393,50.70591110934534,-132.42088474484785
473213000,0.6365623113230942,-0.47785265715585,8.802072532905767,1.9821585678905909,50.83444003312582,-132.57844908178114
473223500,0.6366009786637699,-0.47770644870281737,8.799342702935705,1.982778848889284,50.8706771419692,-132.59962225147154
473234000,0.6364218065354079,-0.47769576008797826,8.792159417183274,1.9844129232586074,50.886794696466936,-132.5524878599794
473244500,0.6364769695598514,-0.4776844507940916,8.793949458079947,1.9840054666351228,50.88574073744578,-132.56807855824775
473255000,0.6368029687265108,-0.47708166623057174,8.7891171460536,1.9851058035143088,51.02304231390648,-132.69998707260368
473265500,0.6366370150163826,-0.4770298698817877,8.781271913267782,1.9868948074411206,51.04920262945414,-132.65932407551148
473276000,0.6363928787350129,-0.4777667724639795,8.793094251435067,1.9842001113947991,50.869942874894875,-132.53950274214586
473286500,0.6363768161291266,-0.4773573354602706,8.780709472327345,1.9870231892490562,50.98067711008598,-132.56543888401325
473297000,0.6360767923153364,-0.47743689253185906,8.771523567635642,1.989122309079979,50.98148079683027,-132.4792796305527
473307500,0.6371334377895349,-0.47779630079409124,8.822436469927226,1.9775436767770482,50.80706287063036,-132.73540951279054
473318000,0.6368920007102528,-0.47778160910318623,8.812703511451748,1.9797466718468248,50.82897142208875,-132.67190010821938
473328500,0.6367286737399466,-0.4775187597977994,8.798839390017681,1.982893255889113,50.91144248203004,-132.64770264012103
473339000,0.6367925224535345,-0.4777532731890062,8.80805595379909,1.980800357707329,50.84394419393679,-132.64739136263856
473349500,0.6361891774579537,-0.47784400462822735,8.787510361075066,1.9854719465253954,50.86433986573289,-132.4793466803866
473360000,0.6364757025638108,-0.4766754072591503,8.764957151153116,1.9906255680298135,51.15617501139418,-132.6421954747006
473370500,0.6366668630951599,-0.47635273799718103,8.763034702374334,1.991066108891543,51.22874231263941,-132.71728798374434
473381000,0.6363443428193919,-0.477020622433028,8.76981678746629,1.9895128252900602,51.073265468853286,-132.58155360235676
473391500,0.6362622305298176,-0.4774510822570825,8.779016705148912,1.9874096779548966,50.96403243893246,-132.52785551311615
473402000,0.6357663942867833,-0.47847215239442314,8.789405332136978,1.985040148013335,50.72784099708869,-132.32020915134194
473412500,0.636335371214155,-0.4783562335657601,8.807889324410606,1.9808381565388564,50.71673988777581,-132.48052336184216
473423000,0.6366831346891513,-0.47840720238617146,8.822755785001833,1.9774714852001738,50.677321975749244,-132.5695571796287
473433500,0.6367816048033104,-0.47868392735976945,8.834588336036608,1.974800078911244,50.596148859672574,-132.57522264900678
473444000,0.6364435466298103,-0.4780931797562037,8.804449166853695,1.9816188585634729,50.7789600072624,-132.5288906186312
473454500,0.636833322455903,-0.4782491483120205,8.823969375759235,1.9771971617512003,50.70834913870189,-132.62142476616833
473465000,0.6366854163594902,-0.47791837403581117,8.808702023070323,1.9806538146438846,50.80774050345329,-132.60648925479168
473475500,0.6369860140519464,-0.4779824801612046,8.822136965226301,1.9776113943849323,50.768246559054596,-132.6820956663776
473486000,0.636173196360226,-0.4779818174118301,8.790864174650912,1.9847078566319643,50.82869729439351,-132.46490774703557
473496500,0.6362406252067021,-0.47847486733036493,8.807676084170598,1.980886530863174,50.69210533522666,-132.44646071009078
473507000,0.6366877224877306,-0.47832561284838954,8.82056883979982,1.9779660214718875,50.69876277306098,-132.57685026862973
473517500,0.6362372296617353,-0.47887134882428783,8.819022908774894,1.978315754414857,50.586672366983656,-132.41617723917284
473528000,0.6366200606803084,-0.47893623695410126,8.83567827910697,1.974554369677196,50.540925640533864,-132.51334863534115
473538500,0.6357775372619876,-0.47869050712519995,8.796128902169603,1.983509599229806,50.66883398203998,-132.30709283635835
473549000,0.6355174180674276,-0.4785048156127605,8.780822793051218,1.9869973215138788,50.73744183589802,-132.2514529374821
473559500,0.635517671586148,-0.47855801674892867,8.782363433986342,1.9866457063251253,50.72324879667354,-132.24761374415405
473570000,0.6364829939576974,-0.47928527481581,8.840536337083709,1.9734599490504632,50.45819442338447,-132.4508414225575
473580500,0.6360146992072813,-0.4789572834111669,8.812948126266708,1.9796912444060175,50.580272758049105,-132.35054849751523
473591000,0.6358376807276342,-0.47871576933343446,8.799164348830645,1.9828193886686296,50.65766959767587,-132.32125124050046
473601500,0.6358838059680239,-0.47853220866739876,8.795634864801267,1.9836219808560374,50.703180762827216,-132.3470812342833
473612000,0.6354444358798275,-0.4784979699111583,8.777838005305425,1.9876788851832483,50.744622129664,-132.23250969945494
473622500,0.635700840337901,-0.4791501330755822,8.806470222484062,1.9811601296313968,50.55214985645268,-132.25277826455465
473633000,0.6359632915004144,-0.4790212792171537,8.81282467843795,1.979719216145667,50.56704075088324,-132.33212855408112
473643500,0.6351216026489923,-0.47845844591623493,8.764392705121322,1.9907548939743072,50.77878747303487,-132.14940206308057
473654000,0.6350507544656798,-0.47899883195860826,8.777219163234438,1.9878202539351717,50.64016396160184,-132.09102793225728
473664500,0.6347485830568322,-0.4787480802737783,8.75850718911643,1.9921043902966589,50.72891184189373,-132.0289831480018
473675000,0.6356642511037821,-0.47852705143885027,8.787077452329612,1.9855706179653407,50.72072583134915,-132.28894528432772
473685500,0.6357045688230633,-0.4780677996689344,8.77541013279273,1.988233626059614,50.840239458931634,-132.33345046483785
473696000,0.6357050441335991,-0.47839227860032263,8.7847573334936,1.9860996027778801,50.75364904985323,-132.30973135936853
473706500,0.6355714842108988,-0.47879570866881666,8.791270432033983,1.984615340263397,50.65599205678512,-132.24447308750507
473717000,0.6350635401230155,-0.4786956619721578,8.768989918033709,1.9897020707770463,50.71987321200607,-132.11660571603463
473727500,0.6353209736053542,-0.47870561577796966,8.779096172225682,1.9873915308368117,50.69837595216217,-132.1843993733143
473738000,0.6356054754630417,-0.4785759438268702,8.786237064613399,1.9857621928450007,50.71202064394845,-132.26968872717075
473748500,0.6359751853692887,-0.47819884926966033,8.789527792939944,1.9850122499111484,50.785354970298194,-132.39603135001437
473759000,0.6361112381639947,-0.47842192903227443,8.801176674010135,1.9823620849410173,50.71579580621707,-132.41586541588916
473769500,0.6355451535828115,-0.4785571682958086,8.783389556935091,1.9864115871447177,50.72145616897148,-132.25499763468127
473780000,0.6349574538842128,-0.47821809173068924,8.751266090138069,1.9937672330514635,50.85480157973728,-132.12320390193935
473790500,0.6354684713390515,-0.4785991027099768,8.781665597003528,1.9868049557767822,50.715916933521015,-132.23149078506458
473801000,0.635386369925333,-0.47853248931592995,8.776613522961696,1.9879586264146751,50.73968442872224,-132.21450869158573
473811500,0.6354049044198694,-0.4783733041376794,8.772746420325793,1.9888426115345572,50.78074164488124,-132.23111599292457
473822000,0.6360506359179557,-0.4785331798803998,8.802062802173403,1.9821607782475816,50.690606863506666,-132.3914836560041
473832500,0.6353845754259196,-0.4784276588096247,8.773532189275311,1.9886629278574066,50.767745891600136,-132.2217149939755
473843000,0.6350397733969232,-0.4780825580827657,8.750516549296918,1.9939395165339384,50.884933933551274,-132.1550234004496
473853500,0.6346381777239409,-0.4779581073756365,8.731743744507105,1.9982642591745556,50.94730424409916,-132.05698991923316
473864000,0.6345188853360161,-0.47841273229926057,8.74019548558283,1.996314878635994,50.83484170330977,-131.99224308647348
473874500,0.6340412364792973,-0.47838182437735166,8.721260278836452,2.0006875734386034,50.87761757206107,-131.86736742877142
473885000,0.6343218292865249,-0.4782978686562459,8.729463377935993,1.9987908772899454,50.87969337304814,-131.94810681994733
473895500,0.6350798456694526,-0.47892579154012205,8.776227261474864,1.9880468868595245,50.657456730074266,-132.10410980808624
473906000,0.6349186311733592,-0.47952124242982114,8.787231282571396,1.9855355548255553,50.511071891736606,-132.01767656997333
473916500,0.6353927470364795,-0.4798503771914478,8.814930457975823,1.9792421814443684,50.3888875692151,-132.11927402535068
473927000,0.6361536947848082,-0.47987980573890043,8.845131571678266,1.9724258578525544,50.324688411176645,-132.31903497576315
473937500,0.6359527004310334,-0.4794577816941809,8.825080506222955,1.9769460657361428,50.4517253694886,-132.2969885232839
473948000,0.6369964907341774,-0.47921840887378886,8.858486678985084,1.969426652401964,50.4376266143064,-132.59254632142284
473958500,0.635940318647491,-0.47917068052852635,8.816270617018361,1.9789387074950793,50.52898535572878,-132.31496041195675
473969000,0.6351581525682686,-0.4793234698742802,8.790680883238483,1.9847496001392542,50.54601828560677,-132.09577439089645
473979500,0.6347294539265826,-0.47883764852520927,8.760348615911893,1.991681970071428,50.70648569563647,-132.01736991967545
473990000,0.6351367108155628,-0.4785861643594383,8.768633567470719,1.9897836398289128,50.74367096828083,-132.14408931074053
474000500,0.6348742204841704,-0.4786917928941645,8.761670794305257,1.991378775521862,50.73472727088942,-132.0665094312142
474011000,0.6353316216945831,-0.4790986801346364,8.790829879722258,1.9847156669598083,50.593019787705884,-132.15838245970386
474021500,0.6351852487180252,-0.47923863278963963,8.789268594947497,1.9850712993855661,50.56656863333349,-132.10919977008476
474032000,0.63515861792137,-0.48000605001062246,8.810454244457778,1.9802564809644216,50.36486521906654,-132.04571871529055
474042500,0.6347977032737323,-0.4795496949227195,8.783432519923991,1.9864017859611403,50.51237575737068,-131.98350492996215
474053000,0.6347738601781308,-0.47926698914674704,8.774376454033321,1.9884699041400968,50.589159029149975,-131.99784498507393
474063500,0.6343576261607271,-0.478829774887774,8.746006389369644,1.9949768176308527,50.735613979832785,-131.9190958604486
474074000,0.6342474829304805,-0.47885996932922975,8.74269661762711,1.9957387288421566,50.73557619586542,-131.8876362465214
474084500,0.6347696410222756,-0.4795854406235714,8.783392157173553,1.986410993947321,50.50494556349445,-131.97344475368854
474095000,0.6348681735780508,-0.4801430044435398,8.803284725882012,1.9818832543426737,50.349935715628256,-131.95869585615898
474105500,0.6353429312323081,-0.47993694940317133,8.81552901534402,1.9791066288399752,50.36960167435766,-132.09967546547267
474116000,0.6350217398411113,-0.47970470927747993,8.796476783800598,1.9834304721939342,50.45483198469461,-132.03157895420318
474126500,0.6352897475643542,-0.4795849176196973,8.803280319927309,1.9818842548850348,50.4669200377301,-132.1115028931122
474137000,0.6347941745218175,-0.47912513215464875,8.771069303360939,1.9892262310143713,50.62535463055455,-132.01360156932392
474147500,0.6346547188229161,-0.47850094542921434,8.747865539511803,1.9945490965133164,50.80149798120989,-132.02199280989487
474158000,0.6348034350736138,-0.47901847164185196,8.768355766383198,1.9898472334754438,50.65302092582459,-132.02384929262033
474168500,0.6345566569714752,-0.479422720715126,8.770581933513654,1.9893377386311673,50.563673420838136,-131.92882244611687
474179000,0.6350644181262897,-0.4798287036596969,8.801700211126251,1.9822431451210845,50.41881158332638,-132.03379056019088
474189500,0.6351248360271131,-0.47958647676150107,8.797005229790159,1.983310287219765,50.47863193286822,-132.06761609590038
474200000,0.6349202056062075,-0.4788258893092959,8.767270058549569,1.9900958106148423,50.6956981791897,-132.06895580275037
474210500,0.6349920899170245,-0.47774986732702307,8.739208605319234,1.996542303976957,50.97716107324051,-132.16652015797004
474221000,0.6345967204499677,-0.4788117639268822,8.754562383480442,1.9930099281167233,50.72303205114299,-131.98396222349234
474231500,0.6343746197290208,-0.4796780781186043,8.770999692916334,1.9892421567435694,50.50921950243265,-131.8619325835531
474242000,0.6360992930320412,-0.48022118704925104,8.852999272280353,1.970657870130153,50.2381564572152,-132.27917824779277
474252500,0.6340707299767829,-0.47894865191636893,8.738540557204262,1.9966962843845217,50.724816097005935,-131.83426097924433
474263000,0.634096073925032,-0.4785570289049512,8.728320386271209,1.999054939807029,50.827057663086016,-131.86930696826863
474273500,0.632984683268083,-0.47946967124865286,8.712442252106102,2.002730487714857,50.66482871323788,-131.50876851467586
474284000,0.6333819433944754,-0.4794026500652584,8.725489521128948,1.9997092493476007,50.65406995652407,-131.6187978404237
474294500,0.6332450684170762,-0.47907745497777243,8.71106885835445,2.0030490456113528,50.75009916004215,-131.60586794574004
474305000,0.6333582491657782,-0.47887469770603974,8.709558478197172,2.003399494972173,50.79577290980999,-131.65043307917398
474315500,0.62962761284085,-0.4775297578471955,8.534313560228597,2.0449148032049322,51.41343530079463,-130.75470764193625
474326000,0.6344273829865914,-0.4792161907183076,8.759728255160304,1.991824259690394,50.62790384125569,-131.90955370983374
474336500,0.6332495015700763,-0.4797847039269197,8.731407725497903,1.9983418404595201,50.56243822351345,-131.55624833719625
474347000,0.634219819788905,-0.4795561842685569,8.761605038051195,1.991393852187175,50.552797129598346,-131.82976639459216
474357500,0.6336295675526866,-0.47946903025234444,8.736735024820355,1.9971125663319693,50.61864249090836,-131.6796298712258
474368000,0.6344634735553782,-0.4796039690680666,8.77224977852684,1.9889561966312799,50.52239116346551,-131.8908899505415
474378500,0.6335294432538215,-0.4797820953582694,8.741910606532644,1.9959197549115308,50.54295603765498,-131.630520469537
474389000,0.633353803806235,-0.47815539659953404,8.688995682625793,2.008182906777228,50.9872086724726,-131.70074942969555
474399500,0.6316868476012535,-0.47995052004909894,8.67750781431092,2.0108652704628622,50.63006225833509,-131.13148525625527
474410000,0.6329090970607787,-0.47783696213318694,8.663398319393824,2.014169637096793,51.10360432138084,-131.60511133026677
474420500,0.6318290980550298,-0.4758232388677822,8.56749023700229,2.036923167844998,51.716591891999826,-131.45829272482237
474431000,0.6319164460389949,-0.4777600074695608,8.624410464060531,2.02335735781386,51.194101557551065,-131.34652226579223
474441500,0.6348209222894672,-0.4794372519344922,8.781076375652535,1.9869394386336057,50.54051618037842,-131.99789289079982
474452000,0.6314001192862294,-0.47699661875524746,8.5841839598864,2.032925648718043,51.433228969269734,-131.26240614640793
474462500,0.6325580454380514,-0.48033221312523955,8.72100020209517,2.0007477667419606,50.4673713820697,-131.33425359756765
474473000,0.6326182003592351,-0.47921829726154647,8.691549660375179,2.007587541249148,50.75756673049928,-131.42967237903636
474483500,0.6344554260994407,-0.4796437915928109,8.773089978896982,1.9887640451569983,50.512419281456346,-131.88585285754755
474494000,0.62697994626077,-0.4775360457934011,8.43962730225254,2.06807336329829,51.58923267780343,-130.0533844811948
474504500,0.6341033157925817,-0.48014290830785983,8.77406196997375,1.988541800033109,50.40587729892745,-131.75623616796835
474515000,0.6332940364881572,-0.4807342144808443,8.76034107640297,1.9916836992553133,50.30836452521217,-131.49953266121003
474525500,0.6322951821077023,-0.4795612335073096,8.6891893914201,2.0081377383000025,50.68978805872158,-131.31978862777245
474536000,0.630594656556161,-0.4769969138125518,8.554772214223332,2.039979271598064,51.48878651370458,-131.04801761206198
474546500,0.6332061546713765,-0.4795009446881721,8.721668722233545,2.000593048847191,50.64066607318545,-131.56516956521963
474557000,0.6297489469481031,-0.4810357411700586,8.636294277786927,2.020547957810569,50.48030302637387,-130.54552212849194
474567500,0.6333347185837743,-0.4786684315748142,8.702815155053361,2.004965633459979,50.85221879883248,-131.65897029251943
474578000,0.6323939438946622,-0.4832186198131894,8.7980783459732,1.9830662723943604,49.7210269082389,-131.0834144014893
474588500,0.6336901460067085,-0.48167369492113854,8.80261609814433,1.9820351037284807,50.03205868370984,-131.5356679365581
474599000,0.6331639023795574,-0.4797885249321453,8.728287477686582,1.9990625436332512,50.567582466232274,-131.5333260833832
474609500,0.6333819872803825,-0.4804992722723291,8.756914518723809,1.9924698913894976,50.3640124114905,-131.53973141776214
474620000,0.6325947422389093,-0.48002505870158474,8.713612195466602,2.002459200284746,50.54584538877974,-131.36590812299698
474630500,0.6331894342398131,-0.48127813683870724,8.772058815686417,1.9889998745000388,50.17257413337417,-131.43260947605
474641000,0.6339853047331218,-0.48016331414533875,8.770158190827003,1.9894346988981977,50.40906267963538,-131.7235316776738
474651500,0.6347380742500386,-0.48014158455282685,8.798260169396649,1.9830249337206654,50.359857716008825,-131.9243471936544
474662000,0.633326015046622,-0.4804323785394788,8.752869257404456,1.9933988421618403,50.38572079119943,-131.52978555936585
474672500,0.6332572252709502,-0.4802669606117219,8.745513901445225,1.995090151607117,50.43437757586407,-131.5235543356693
474683000,0.6331138539524926,-0.48023716709387054,8.739238408776506,1.996535435044799,50.45257805543775,-131.4878253984894
474693500,0.6338721516356969,-0.4801586434204544,8.765720568246982,1.9904506806570652,50.41851785845871,-131.6939411318248
474704000,0.6333359714022728,-0.4798393050090952,8.736234877114859,1.997227910781762,50.54176683739568,-131.57519625840243
474714500,0.6337517506547823,-0.48049694243819985,8.770890945195736,1.989267036952871,50.33783740231205,-131.6375550432422
474725000,0.6332062652247997,-0.4796463449559172,8.725823034183103,1.9996321407434423,50.60216268577036,-131.55475421755438
474735500,0.6332503718491368,-0.4802964936012749,8.746102118011729,1.994954789540864,50.42706990531295,-131.5196140248858
474746000,0.633279644842145,-0.4800113873761568,8.7390340554818,1.9965825341888146,50.50030981686544,-131.54790146884997
474756500,0.6329049292733547,-0.4796184768948295,8.713682536162615,2.0024428919788204,50.631152037291486,-131.47700341701844
474767000,0.6336783951546825,-0.4799531825202133,8.752458080784638,1.9934933131643306,50.48691425909726,-131.65757537193213
474777500,0.6338320896843882,-0.47964654951708696,8.749484573154577,1.9941767672799715,50.55697278351105,-131.72045847469857
474788000,0.6333589273762581,-0.47968281343191416,8.73262483913052,1.9980608575890133,50.58152846408336,-131.59254146751425
474798500,0.6333362521559198,-0.48036073328127693,8.751198231241709,1.9937828293253603,50.40390341452372,-131.5376634643806
474809000,0.6330712394679894,-0.48065079649527925,8.749498087203103,1.9941736600412343,50.346455849750825,-131.4467796411762
474819500,0.6329629057562719,-0.4805885060437676,8.743610768367896,1.9955282324355355,50.370692364974765,-131.4226868367436
474830000,0.6329149193861975,-0.480898095167337,8.750690787100233,1.9938994649536732,50.292514766775255,-131.38774049394246
474840500,0.6323557021484302,-0.4807449666616599,8.725187977387817,1.9997789717514451,50.37300764491749,-131.2513712193302
474851000,0.6328556006143373,-0.4810404831322233,8.752541587552972,1.993474126111893,50.259272542315365,-131.36185376364483
474861500,0.6326952004352004,-0.48076884608022724,8.7386717909535,1.996666034042445,50.34238363265205,-131.3391277466792
474872000,0.6326718170336081,-0.48070702673705995,8.736016033541718,1.9972783848643927,50.36035795495686,-131.3374021159938
474882500,0.6328064267342521,-0.48043563861651617,8.733317697014602,1.9979009398545151,50.42227599591192,-131.3923875908981
474893000,0.6321563482178048,-0.48035965199701136,8.706691709947595,2.00406500220941,50.48880838914777,-131.2263207303822
474903500,0.6322855489197977,-0.4804988663825727,8.715513946361467,2.002018378213293,50.442885443325096,-131.2504647286373
474914000,0.6324751524458969,-0.4804213858843666,8.720429463699178,2.000879873695829,50.449773004942244,-131.3060041517338
474924500,0.6326616718702689,-0.48015782440670945,8.719917969951723,2.0009982823739554,50.5059918520994,-131.37408947562696
474935000,0.6321866620564842,-0.4804843957966507,8.711386732891583,2.0029753057410513,50.45375477835321,-131.2254252117255
474945500,0.6324146835405743,-0.4803351030359581,8.715691263156756,2.0019772864684677,50.476857826771905,-131.29621803671543
474956000,0.6322332967312434,-0.48033950875708975,8.709004538689623,2.003528054907751,50.48863856531192,-131.24805169993024
474966500,0.6321800476817221,-0.4803775055640155,8.708089734643337,2.0037404016510907,50.48241156456115,-131.2312992163966
474977000,0.6320361992577392,-0.48072772293602084,8.712683582937057,2.002674521679065,50.40035811454874,-131.16843407152246
474987500,0.6323188231657102,-0.4797087784542606,8.694261774813542,2.0069557000712477,50.64909725167466,-131.31554873391102
474998000,0.6325025327589896,-0.48052899306451974,8.724536434248567,1.9999296370656225,50.4194324910676,-131.30552746747838
475008500,0.6324570563433545,-0.48024485890365903,8.714708040357047,2.002205161816902,50.49764549136036,-131.31384621067707
475019000,0.6325611383297961,-0.4796869006020772,8.702719786267586,2.0049878005224255,50.6376206188662,-131.38117209268037
475029500,0.6318106756698014,-0.4795671740205745,8.671273165533488,2.0123240472609667,50.72255107367794,-131.19128118779332
475040000,0.6325835227908305,-0.4796812304733564,8.703398139332503,2.0048301380973963,50.63752316035806,-131.3874960318375
475050500,0.632835398851673,-0.479572120198491,8.709748827810946,2.0033553218907736,50.648394495655936,-131.46192141588423
475061000,0.6327234387338995,-0.47983048710265336,8.712901746573934,2.0026239309552962,50.58806347582646,-131.41382975253117
475071500,0.6322035295041868,-0.4804984047741932,8.712419824161492,2.002735689046378,50.44885880287584,-131.22887327087452
475082000,0.6321223564634889,-0.48017961018829625,8.700289738501668,2.0055527952982644,50.538723777844304,-131.23016861904716
475092500,0.6321809459411895,-0.47971315724839275,8.689227473499015,2.0081288586669466,50.65773997928185,-131.27879514156024
475103000,0.6316534519212217,-0.4802848060260528,8.685742162180324,2.0089418587526144,50.54424980003547,-131.09903096449617
475113500,0.6317032516566814,-0.48041557862032214,8.691317773840817,2.007641582389041,50.50625398574053,-131.10289564248484
475124000,0.63154600677447,-0.4810123741390807,8.70242766758198,2.005055702250203,50.36029186555568,-131.0191859692867
475134500,0.6314636060058536,-0.4804146421618264,8.682342308997976,2.0097355618309143,50.52345917158315,-131.03981710840787
475145000,0.6315099378356488,-0.4804323979750637,8.684575169091543,2.0092142248265015,50.51550630615795,-131.0507682207363
475155500,0.6315554053722645,-0.4796474554109738,8.664040811793711,2.014018931849146,50.71935472770529,-131.1181732889574
475166000,0.6316132783090704,-0.4804427838444174,8.688728868303917,2.008245125139598,50.50545821008775,-131.0772600933359
475176500,0.6315660542399538,-0.47989393778945016,8.671404885680921,2.012293205531249,50.65352702354966,-131.10360212896043
475187000,0.6313459631373278,-0.4808431402770179,8.690126302867,2.0079193007026954,50.41897185974221,-130.97855697811045
475197500,0.6308034967406684,-0.4800228766789903,8.646729836642885,2.018087387800496,50.67311003511638,-130.89342790804358
475208000,0.6316935900916743,-0.47948821736404484,8.664683578783833,2.01386818485872,50.751684688084225,-131.16591074138074
475218500,0.6312200903104495,-0.4793661945379964,8.643670592848066,2.0188080940599558,50.81722703539932,-131.0493581619367
475229000,0.6310216246504482,-0.4803276511266406,8.663423509261069,2.014163728047391,50.57751818263989,-130.92952403795414
475239500,0.6310662356211754,-0.4812430585940232,8.691061825950012,2.007701234419328,50.333624440657125,-130.87677238472142
475250000,0.6311897497916734,-0.4809821915032001,8.688248838067233,2.008357073017137,50.39344562519464,-130.92765036244995
475260500,0.6311799746229804,-0.4807249485320119,8.68057389848477,2.010148650192087,50.46178809969461,-130.94323678409654
475271000,0.631814003044831,-0.48090879944948545,8.7095157330083,2.0034094148132437,50.368503047680186,-131.0970452498744
475281500,0.6313485005017779,-0.47958640585844964,8.654631605741448,2.0162282537518634,50.750040410798455,-131.06782377523308
475292000,0.6314536755472845,-0.47938593297651694,8.652885060717278,2.016638885879146,50.79561322650214,-131.10970285290782
475302500,0.6312106432839942,-0.47944721754003466,8.645599896758943,2.0183535223783906,50.79648265055773,-131.04118181438523
475313000,0.6311175876648047,-0.4798305858405822,8.652949216523213,2.0166237991644187,50.701803306180416,-130.98972371634915
475323500,0.6307767048074975,-0.4809208323519322,8.671116749151372,2.0123606727456735,50.4386723615974,-130.8234083314775
475334000,0.6313653558286595,-0.4809087515532815,8.69271777260557,2.0073153572107914,50.40034236803316,-130.97901694039058
475344500,0.631233202782742,-0.48071303608992566,8.68222017620948,2.0097640857161037,50.46116683323544,-130.9580821320241
475355000,0.6313208487484435,-0.4810352873257772,8.694657133770331,2.0068636266733235,50.37021936061059,-130.95836080011796
475365500,0.6314439124099704,-0.48070783656175414,8.689936638522891,2.007963516421695,50.447645902621616,-131.01390039521533
475376000,0.6317084738269253,-0.48100905088233065,8.708420398009102,2.0036636419756597,50.34962988525888,-131.06215266223094
475386500,0.6316683997043638,-0.4808354297266115,8.701965664657834,2.005163102267184,50.39815698805469,-131.06394053717855
475397000,0.631479225082653,-0.4813806917391746,8.710441150656985,2.0031946759487997,50.268231100433226,-130.97549373550373
475407500,0.6320375987870279,-0.48181743392265025,8.743975537388138,1.9954442515500044,50.11373671065575,-131.09095810693242
475418000,0.6316360246155988,-0.48149834245537215,8.71969178516019,2.001050647702489,50.22618485351837,-131.00830999349233
475428500,0.631103346994972,-0.48035989066512585,8.66737303469024,2.013237677353326,50.56328157185504,-130.94878076902515
475439000,0.6310793161903845,-0.4802733539912692,8.664031577217537,2.0140210977829316,50.58776560354383,-130.948536303354
475449500,0.6309780545399886,-0.48025209767036836,8.65966963251075,2.0150446982832495,50.60047878368727,-130.92335444246538
475460000,0.6315578547618124,-0.479906831988959,8.671464404206555,2.012279269825225,50.65070269299036,-131.10052824067958
475470500,0.631516569436048,-0.4810047257626241,8.701107456618262,2.0053626372170483,50.364391078950966,-131.01198697965629
475481000,0.6309845027534596,-0.4808478269863501,8.676778905033766,2.0110357102392644,50.44324568125485,-130.88316556260918
475491500,0.6311553070083793,-0.48134929727294323,8.697417068092092,2.006221114086534,50.29943134224975,-130.89265403790023
475502000,0.6310684683671672,-0.4812926409592965,8.692557323115398,2.0073527394576414,50.32044608687613,-130.87385679850192
475512500,0.6310635752406324,-0.48091339910131536,8.681586746657208,2.0099120350558715,50.42043450116433,-130.8993345579379
475523000,0.6305333908153399,-0.48126152855148424,8.671733407642417,2.0122162876053378,50.366288570734085,-130.73558544081908
475533500,0.631220471175654,-0.48152954897558436,8.704999295903777,2.004458096970571,50.24750149929812,-130.89700053789818
475544000,0.6307537549035255,-0.4816002912347222,8.68957286679747,2.008048326598468,50.261923208379216,-130.76956653761732
475554500,0.6305719036493354,-0.48185473753312746,8.690039428748637,2.0079395530889754,50.208047412877896,-130.70397964264797
475565000,0.6304012695913134,-0.48161880581554556,8.676966566832492,2.0109918267848768,50.28186321574458,-130.67585798663137
475575500,0.6308191365130409,-0.4814545718577698,8.687862047976157,2.008447285476015,50.29553637686894,-130.79698679256305
475586000,0.6303878523052686,-0.4813010269493216,8.667445614281986,2.0132206675196263,50.36613138784491,-130.69462789355413
475596500,0.6305738833399896,-0.48107029248427835,8.667814629163399,2.0131341892477623,50.41364962386673,-130.7596339714778
475607000,0.6308838422729832,-0.4814857448051347,8.69116447724589,2.00767730975386,50.28279471440921,-130.81176505938046
475617500,0.6312211053690199,-0.48123285375878505,8.696557482307446,2.0064211813050035,50.32535840558404,-130.9181713834343
475628000,0.6308970882473272,-0.48174936759115927,8.699177324844902,2.005811542175554,50.2127227311415,-130.79662680273074
475638500,0.6310842990502362,-0.4817246132447743,8.705474027709542,2.0043478160152026,50.20597264702793,-130.8474626965775
475649000,0.6308204900899191,-0.4815318404334443,8.690113090995094,2.007922380672194,50.27517067165247,-130.79189442301185
475659500,0.6305635087687622,-0.4811580362343522,8.669916972519692,2.012641649497888,50.391339272760476,-130.75075366386457
475670000,0.6304688113898584,-0.48120590164475757,8.667755507867977,2.0131480437627376,50.38541744397366,-130.72253926603204
475680500,0.630720658668567,-0.4812305150600819,8.67782015014973,2.010792246317516,50.36127208200444,-130.7869172479944
475691000,0.6310620639148045,-0.48176703706432594,8.70585403222006,2.004259549144293,50.196422750781146,-130.83862891763343
475701500,0.6307888026895385,-0.4819348280069613,8.700424883901865,2.0055213651114885,50.17177110301517,-130.75514943575743
475712000,0.630697633705173,-0.48171169904950306,8.69065330452166,2.007796453101352,50.23667090057248,-130.747001518081
475722500,0.6302764997184306,-0.481281673206796,8.662763305645178,2.0143186103886372,50.37900634548334,-130.66677149815482
475733000,0.630125846858113,-0.48163182647825825,8.667100250729247,2.013301609887098,50.29775456882384,-130.6027747932953
475743500,0.6295571659234773,-0.48149546242524816,8.64218518129058,2.0191582184971457,50.37312059802685,-130.46332030660562
475754000,0.6293953231829722,-0.48142552870213356,8.634240874488318,2.021032833626216,50.40266504961225,-130.425785556066
475764500,0.6293897957256485,-0.48098162783493326,8.621541277018364,2.0240368261671264,50.51938679661081,-130.45506500574552
475775000,0.6297179997924511,-0.4808852945083905,8.63091562518393,2.021818529946977,50.52192883334284,-130.5478454920263
475785500,0.6304063043988628,-0.4804840148424776,8.6450273275674,2.018488406435738,50.57945948543801,-130.75662025470132
475796000,0.630187825243778,-0.481065738653158,8.653364686065407,2.0165261039012994,50.44186590251321,-130.65859836536117
475806500,0.6301923375135178,-0.4814098092161956,8.663271712350173,2.014199337156499,50.35129030753334,-130.63573425365297
475817000,0.6304307335076641,-0.4811326512725372,8.664265346295736,2.013966269598476,50.407312562150004,-130.7176783358943
475827500,0.629982383083291,-0.48112175114402206,8.647344125501942,2.0179427340133547,50.44149826840126,-130.60078040905913
475838000,0.6301447231614089,-0.4817316569766008,8.670635177430285,2.012473442985954,50.270283102996835,-130.60073128495512
475848500,0.6300420445753951,-0.4823089073135054,8.683238751733885,2.0095262241893517,50.12644011855051,-130.53341121248252
475859000,0.6298011972809272,-0.48086003393205135,8.633271895530665,2.0212617225061633,50.52278451112946,-130.57143679539953
475869500,0.6305913919398325,-0.4820458544127544,8.696218885155103,2.0065000002552322,50.15662531387942,-130.6956171867643
475880000,0.630484578090421,-0.48208982586636046,8.693486179016768,2.0071363497994295,50.15264161715529,-130.66455875577833
475890500,0.630177683920077,-0.4821307172908769,8.68321162699032,2.0095325577269025,50.16351887371362,-130.58138219686393
475901000,0.6302105467410941,-0.4817487374345267,8.673566423058805,2.011787226079539,50.26119830858394,-130.61677468939484
475911500,0.6298672326435443,-0.4820334984957192,8.668904093741562,2.0128789178374578,50.21069408627061,-130.50698483706344
475922000,0.6302072468682844,-0.4817958037874978,8.674781365307254,2.011502940772814,50.249103114504074,-130.61261153710205
475932500,0.6303528176447325,-0.4816409259332193,8.67579282808336,2.0112663293438087,50.279466584477255,-130.6616077257614
475943000,0.6295305787752815,-0.4820582773533319,8.657126999733487,2.0156418502832265,50.22770106972389,-130.41722245531471
475953500,0.6291537748755783,-0.4820756173841345,8.643688851248912,2.0188037911547347,50.24934905522003,-130.31753746971125
475964000,0.6293782462793155,-0.48206816217964554,8.651770782445709,2.0169009528724486,50.23571492557651,-130.37671532727074
475974500,0.629422767421144,-0.4822787798247966,8.659388959798468,2.0151105984401556,50.17758576421087,-130.37369698063358
475985000,0.6293994607810941,-0.4821516637041806,8.65492136349023,2.0161601447330972,50.212417767145,-130.37645345061725
475995500,0.6297488703403245,-0.4822568210716928,8.670856835248427,2.0124215355260686,50.160578132521515,-130.4604311438337
476006000,0.6293810570197284,-0.481367517220113,8.632079834286099,2.021543378570905,50.418848055312196,-130.4260683001907
476016500,0.6294305392353498,-0.4819869978268081,8.651405936771988,2.0169867757585003,50.2532969065331,-130.396027504566
476027000,0.6296300958119712,-0.48136024830272867,8.641060380707314,2.01942342496155,50.403476290765525,-130.49181839905594
476037500,0.6298543216034119,-0.4818498620806631,8.663211936040017,2.014213360062657,50.25964220864437,-130.5164360685326
476048000,0.6295094178783966,-0.4817252892216995,8.646916147313359,2.0180435128454683,50.31627001434657,-130.43485183772333
476058500,0.6298116241874883,-0.4819503439731929,8.664479637897243,2.0139160122942896,50.2363312696236,-130.4982476231855
476069000,0.6293999037207435,-0.48178946946522605,8.64468506485082,2.018569044263216,50.30708468179327,-130.4017392268273
476079500,0.6294120336660868,-0.4809991666759244,8.622852244884616,2.0237263116115005,50.51324914065064,-130.45968425477776
476090000,0.6294087029786841,-0.4813871809981346,8.633652913909852,2.021171713441187,50.41178185012384,-130.43194751832098
476100500,0.6298222050760903,-0.4812054041164592,8.643784997369476,2.0187811329768492,50.430709753689314,-130.55294222242776
476111000,0.6290355115778632,-0.4812670974941193,8.616543173948408,2.0252215505763775,50.469031523583624,-130.34250096299755
476121500,0.6301400574670567,-0.482389840615709,8.689197564544827,2.0081358325584118,50.0984061486859,-130.55334907929435
476132000,0.6301634762101076,-0.48099783878593766,8.650544093215847,2.0171895369186745,50.46138911450907,-130.6569468865222
476142500,0.6299051845643268,-0.4808588229592901,8.63707440949283,2.020363804403214,50.515877033915714,-130.59882036540026
476153000,0.6298532571035356,-0.48177061057889614,8.660924876572642,2.0147500279815285,50.28046005364416,-130.5216901035663
476163500,0.6301521406199653,-0.48207230832833264,8.680597352840872,2.0101431703019528,50.18059151607698,-130.57879821937414
476174000,0.6301393038138208,-0.48130163012456195,8.65824064093138,2.0153802614628162,50.383365278016605,-130.62939058920244
476184500,0.6300278093690825,-0.4816996695040968,8.665386465594738,2.013703364019171,50.28684116328915,-130.5723496719736
476195000,0.630098280652634,-0.48154571879090313,8.663634860035927,2.0141141506677536,50.322244205315975,-130.6015751475836
476205500,0.6298399096130155,-0.48216220410726457,8.671547290229038,2.012259863161398,50.178946901190486,-130.49084192875762
476216000,0.6303573718797385,-0.48192195073574656,8.68395737386024,2.009358442912507,50.205535640771274,-130.64306856624106
476226500,0.6298940858143826,-0.48227555783978104,8.676784736032934,2.0110343466702147,50.14552467562257,-130.49707374811334
476237000,0.6302443039142108,-0.48171338980672085,8.67381691193109,2.0117286073833767,50.26809101827098,-130.62809450987785
476247500,0.6296682559623564,-0.4822693916698221,8.668222096608435,2.013038708324861,50.1629238324618,-130.4384869033585
476258000,0.6296585456185743,-0.48196767672137947,8.65929729373121,2.0151321219841583,50.24247685203282,-130.45699611961686
476268500,0.6287989955113937,-0.4818092087079278,8.623103102737307,2.0236669045765203,50.3434985352108,-130.24324030275892
476279000,0.6278855447458283,-0.4817997066241285,8.589390551164364,2.0316820884595006,50.40861565859106,-130.00527360271553
476289500,0.6283452021026756,-0.4822190511796786,8.617979885873131,2.0248808571853143,50.26770870290803,-130.09652943599147
476300000,0.6290984316052819,-0.48258133326720637,8.655969968174938,2.0159137035442685,50.121163030778675,-130.26799685095256
476310500,0.6285684114502235,-0.48330867009960576,8.65702661531213,2.0156654334397537,49.96848138139601,-130.0794958688464
476321000,0.6289716188563432,-0.4824638364240957,8.647952011689753,2.0177996084425085,50.16061404061391,-130.2430664729053
476331500,0.6285924550568854,-0.4829157056599774,8.646760351443985,2.0180802016314354,50.06908283432697,-130.1129511493561
476342000,0.6286827237789626,-0.48266188020483036,8.642899375672418,2.0189898614378636,50.12896863188085,-130.1540201810195
476352500,0.6284061826637506,-0.4825166689400231,8.628611113824192,2.022363404442039,50.185901443336675,-130.0919584338749
476363000,0.6287999431124398,-0.482912979372978,8.654345466602638,2.0162955167343495,50.05542644090935,-130.1671785563582
476373500,0.6285229020253081,-0.48326789760772093,8.654186325341692,2.0163329281633158,49.9822369991395,-130.0704827730265
476384000,0.6282914158701033,-0.48288019357813317,8.634661758690386,2.0209334300266786,50.099108826425905,-130.0370212333105
476394500,0.6279814819844989,-0.4831419232264352,8.630664935478478,2.021877788270289,50.05234259883517,-129.93837372498004
476405000,0.6287891021334794,-0.48291993777929454,8.654142301589163,2.0163432776519956,50.05436546277711,-130.16387240119582
476415500,0.6283823986675627,-0.4832730492829666,8.649144834539927,2.017518819983472,49.99061476712699,-130.03358593598983
476426000,0.6287147870028508,-0.482865325585704,8.649847434430136,2.017353465903598,50.07373918502666,-130.14829829629585
476436500,0.628688928872312,-0.4824094683645665,8.635987981632352,2.020620269540082,50.1943557165673,-130.17308028970126
476447000,0.6288447649371333,-0.4823892939185554,8.641160745522196,2.0193997580142646,50.18884735084128,-130.21513039927902
476457500,0.6288903193717628,-0.4824549883519395,8.644700259335384,2.018565464272902,50.168554578779606,-130.22246886883988
476468000,0.6291989261343821,-0.48236569996639267,8.653570888252322,2.0164776201785246,50.170453792278096,-130.30919936595072
476478500,0.6291327520973584,-0.4826157047588496,8.658215255747706,2.015386223557551,50.109813037639995,-130.27456116890815
476489000,0.6289586427043365,-0.48284891345217473,8.658394933939661,2.0153440241758944,50.06110739730517,-130.2129696208257
476499500,0.628746554484689,-0.4819794647647427,8.625972094702787,2.02298773181003,50.302626155756336,-130.21779771483833
476510000,0.6282013746375552,-0.48166258256409294,8.597081707207597,2.0298478999211924,50.42285907514197,-130.09712879774585
476520500,0.6281976688879697,-0.481963898457803,8.605398345930814,2.0278682861338617,50.344417849156486,-130.07553414312997
476531000,0.6278239458831861,-0.4823847665859097,8.603547618328804,2.0283084801651436,50.26022349100921,-129.94926452571215
476541500,0.6274415980721223,-0.4824069918559357,8.590211204232705,2.0314862202607014,50.28050811695267,-129.84814732979459
476552000,0.6280591884855908,-0.4826502594315794,8.619635971750434,2.024488285581172,50.17494927019883,-129.99236372299438
476562500,0.6282611001515165,-0.4824575511977011,8.621613074394004,2.0240198178340014,50.211292817833765,-130.05820740028503
476573000,0.6283143024916727,-0.4826914105851855,8.630167480769408,2.021995387523782,50.146693991887595,-130.05598362391692
476583500,0.628062945227255,-0.48285277331514537,8.625487597036111,2.023102394178555,50.121965251268705,-129.97943595825961
476594000,0.6282406288373373,-0.48282343438343023,8.631188708077353,2.0217539822664548,50.11738344784502,-130.0277078869403
476604500,0.6284491141690794,-0.48240968761779107,8.627169944062766,2.022704301969788,50.21083693852427,-130.11051887366486
476615000,0.6286924352701682,-0.48242999142109105,8.63669721977268,2.0204528374305304,50.188760219331684,-130.1725774649122
476625500,0.6257602285777902,-0.48255775269928625,8.533515511760566,2.0451078140125905,50.35460406220419,-129.4007102057832
476636000,0.6238403574334238,-0.4819613015825407,8.44865024964739,2.0658438193618562,50.63589598553822,-128.94155014657306
476646500,0.6145749151202005,-0.47779675366300794,8.027508123731698,2.1753306318945493,52.277571419278054,-126.7895980665287
476657000,0.6154672054605811,-0.48373082324547867,8.20863255728337,2.126845102664893,50.69968267230009,-126.67720696741955
476667500,0.6203800183358512,-0.48260610431289014,8.345350442460285,2.0916614224333068,50.689618425223415,-128.00544449722685
476678000,0.6287410411068992,-0.48446705416806823,8.696512467709097,2.006431659485288,49.65572101417881,-130.04376711791522
476688500,0.6292346324943476,-0.48391014054708437,8.69893016639826,2.0058690402157993,49.76573464284139,-130.21078801828625
476699000,0.6286560049157495,-0.4834956072935357,8.665585618088397,2.0136566694195137,49.9138012940619,-130.08930983983734
476709500,0.6281607462265552,-0.4823057705832332,8.613656579054373,2.025906408919378,50.25775407582752,-130.04246551642467
476720000,0.6278445282143754,-0.4823553442024662,8.603473638600683,2.028326080172724,50.26648387252193,-129.95663911173352
476730500,0.6285683437347592,-0.48264954118765724,8.638334198118399,2.0200664971189757,50.140087488072176,-130.12506194705017
476741000,0.6280560240850983,-0.48247722881695854,8.6146447197588,2.025671915475292,50.22024246551692,-130.00340908112824
476751500,0.6283681673268058,-0.4831711341825985,8.645728659235516,2.0183231914113158,50.01810417794987,-130.0369252193478
476762000,0.6276644288179256,-0.4829154357349847,8.612640615098398,2.026147561904631,50.132980337375976,-129.87145353195467
476772500,0.6279259279750389,-0.48316725372261426,8.629339583106313,2.022191134598092,50.049574343372164,-129.92218944071075
476783000,0.627584191821424,-0.4833261549418898,8.62128559580772,2.024097397721498,50.031722448026265,-129.82249067106108
476793500,0.6281199908183165,-0.4834091234580684,8.643328944268292,2.018888612803878,49.97335530841493,-129.9559827513934
476804000,0.6273577697630721,-0.4837282403091461,8.62434505068715,2.0233728436187284,49.94287005586043,-129.73620470452016
476814500,0.626924472533542,-0.4830830851106511,8.590330218428042,2.0314578178675124,50.13982141926218,-129.66772224960843
476825000,0.6278085769954357,-0.48309078417249346,8.622870031423588,2.0237220993674687,50.07750993380813,-129.89692874078128
476835500,0.6277602345534634,-0.48256922726495777,8.606402328445139,2.0276295700142035,50.21652840378363,-129.92006002630185
476846000,0.6281943440037161,-0.48288477308043265,8.63122035816226,2.0217465015105778,50.104601010647094,-130.01143679163584
476856500,0.628079178730041,-0.48332386500350943,8.639408956242805,2.019812926086916,49.998323728807684,-129.95125186443371
476867000,0.6279856713161035,-0.4833843189364429,8.637679578632712,2.020220974875569,49.98905219678415,-129.92279106085724
476877500,0.6275939465667838,-0.48370468859805865,8.632348735547785,2.0214798366335955,49.932795758025954,-129.79907659191105
476888000,0.6281180994461302,-0.4836080615436531,8.648904798727868,2.0175753176941553,49.92180930108779,-129.94177030412828
476898500,0.6277413863135156,-0.4833976645493695,8.629075803128071,2.022253510399522,50.002373710193844,-129.85841596029155
476909000,0.6280248174591753,-0.4830485021531174,8.629616389391746,2.0221256826343375,50.073658772383276,-129.95606493096216
476919500,0.6277536418022874,-0.48338472032114765,8.629159841606219,2.0222336374806806,50.0048946235892,-129.86248744626823
476930000,0.6276574482607525,-0.4833672762607457,8.625134777168103,2.0231859015829405,50.01602333706063,-129.8386997592527
476940500,0.6275217035373313,-0.4831013309082571,8.612653189065115,2.026144576948637,50.09440842053255,-129.82163627694837
476951000,0.627672217294038,-0.48364741189725063,8.633603077986978,2.0211834858664965,49.94228472392267,-129.82331588184576
476961500,0.6271283386992209,-0.483269800397368,8.603014222719832,2.0284353835099997,50.07748220993243,-129.707966229302
476972000,0.6273182569915728,-0.4836858392511272,8.621697453248416,2.023999829397091,49.95656902146616,-129.72885815530233
476982500,0.6279842683607961,-0.4837047120190627,8.646714460401055,2.0180910088913677,49.905946992614254,-129.90035960608722
476993000,0.6280954698727651,-0.48366105973062423,8.649575331184153,2.01741750108607,49.90960960735975,-129.9322372960519
477003500,0.6278907478311841,-0.4837436886542707,8.644374545214454,2.0186422089527194,49.90227494408272,-129.87340332101985
477014000,0.6272963866434522,-0.48346709508264807,8.614718926023746,2.0256543079550116,50.014812331833426,-129.73813252797703
477024500,0.6272237140826564,-0.48391851962615534,8.624811002481968,2.023262540502761,49.90271540173198,-129.68843773114588
477035000,0.6270482239789649,-0.48335020240041987,8.602351518529538,2.0285930736570785,50.062065450425465,-129.68169800413912
477045500,0.626859741542789,-0.4835080592127718,8.599914663787876,2.0291731339358625,50.0339297600648,-129.62206606624318
477056000,0.6268859866273527,-0.4834154269234639,8.598265843377398,2.0295658023640035,50.056172930719995,-129.6351673216941
477066500,0.6269272901345699,-0.4836983241085888,8.607740591936361,2.027311459943287,49.98000636122909,-129.62663910404063
477077000,0.6275443664872619,-0.4833249765067245,8.619792161011787,2.0244512691422796,50.034754914123035,-129.81222786920443
477087500,0.6267802218788715,-0.4836699722280468,8.601571137882246,2.0287787964413586,49.99735640111323,-129.59044892231685
477098000,0.6270631415888662,-0.48366366681412726,8.611729802037837,2.026363804914085,49.979736722474975,-129.66421789555045
477108500,0.627199239662941,-0.48405793677618636,8.627859517270945,2.022541174373771,49.86827146648125,-129.6725612677444
477119000,0.6271414588108448,-0.484344360551715,8.633855994777182,2.0211237423548982,49.79807708911003,-129.63800072235455
477129500,0.6266900934605464,-0.483806881371201,8.60213834878142,2.028643802532773,49.96800513081239,-129.55779622239152
477140000,0.6269553908813061,-0.4841384111044041,8.621197172949284,2.0241183461777954,49.86409603001626,-129.60392295326406
477150500,0.6266548730887356,-0.48373510853377016,8.598832332450648,2.029430875142629,49.98898938926877,-129.5535448247485
477161000,0.6267368285674468,-0.483680290973448,8.600278380107362,2.0290865350343577,49.99762972013898,-129.57850209026475
477171500,0.626296043121486,-0.48399057194993717,8.59294687812174,2.0308335611406165,49.947161422617874,-129.4433278838176
477182000,0.6262312631862698,-0.4842029516678602,8.596566378626422,2.0299706915989817,49.89661246722931,-129.41220025675494
477192500,0.6259492443982863,-0.48537000363131866,8.619252788469536,2.0245791047584656,49.61457782518296,-129.26034041279667
477203000,0.6259274581796648,-0.48505938882637506,8.609661444306782,2.026855041592949,49.69608308205771,-129.27578403066195
477213500,0.6258765934316481,-0.48426953392774935,8.585536651114879,2.032602420249103,49.90336115733099,-129.3160312776028
477224000,0.625766742981014,-0.48396450752365006,8.572987134810658,2.0356051245696363,49.989601636124675,-129.30817185725957
477234500,0.6263786038120124,-0.4832101088647918,8.574044416872013,2.0353518064962386,50.14378472767115,-129.51744630824777
477245000,0.6261075065233561,-0.4841022532414037,8.589227502647903,2.0317210083493693,49.931018471430235,-129.38700844431287
477255500,0.6261377203462049,-0.48393078228417946,8.585506323332648,2.0326096660061452,49.9733324416212,-129.40640339761265
477266000,0.626294556423156,-0.4843631859494483,8.603390282540111,2.0283459112066007,49.85090425512595,-129.41770834815566
477276500,0.626362120733999,-0.4841616318409429,8.600171156172737,2.029112063705274,49.898434953234094,-129.44883795060989
477287000,0.626668918030334,-0.48409890571334024,8.60959992220088,2.026869656808289,49.89383576559272,-129.53246840979827
477297500,0.6266866329500707,-0.48430726708088756,8.61613367525765,2.0253186777717467,49.83872546985035,-129.52287420952499
477308000,0.6260226935661839,-0.48423817037904526,8.589965831657404,2.0315447802336175,49.90160832267116,-129.35590261719682
477318500,0.625872862141533,-0.4842899219353219,8.585974290727485,2.032497867431112,49.898345009816374,-129.31369262118054
477329000,0.6262540283501556,-0.4843100997216957,8.600415306202152,2.0290539355906425,49.8673713967589,-129.4108305344408
477339500,0.6253105598854642,-0.48463768339588037,8.575342735290663,2.0350408242681426,49.84639674254998,-129.14515658072366
477350000,0.6256300551412464,-0.4839372280782454,8.567271595123444,2.03697562913828,50.00583641946243,-129.27465982008965
477360500,0.6265724211005494,-0.483673640036792,8.594097477580963,2.03055918450871,50.01050706339566,-129.53635116034826
477371000,0.6266489988099307,-0.4841507391351201,8.61033530322345,2.0266949732663915,49.88177755788439,-129.5237893473892
477381500,0.6261595553209472,-0.4843791543820253,8.598918714162382,2.0294103021998517,49.85592210469918,-129.38173971688988
477392000,0.6264341886990649,-0.4845355937991512,8.613357687854345,2.0259773488598305,49.79687614236819,-129.4420880555074
477402500,0.6274620556521834,-0.4840228056755698,8.63651654714071,2.0204954867491005,49.85936621623195,-129.7430539420114
477413000,0.6257899878819481,-0.48425768336083697,8.582058016774992,2.03343385612687,49.912258733058366,-129.29445334604233
477423500,0.6260699611845978,-0.4836970188313775,8.57648504193274,2.034767289998174,50.03840664878233,-129.4046319946627
477434000,0.6259901199667829,-0.48492419965682826,8.60812570880574,2.0272199348490223,49.726694815691694,-129.3010967079935
477444500,0.624655787956594,-0.4847373178951057,8.55446752161782,2.040052601345238,49.86448635694256,-128.96973422368546
477455000,0.6254374859550909,-0.4846302184046755,8.579734456948811,2.0339895959018355,49.83980013172487,-129.17839433744214
477465500,0.626103394659619,-0.48376991702468586,8.579743039750198,2.0339875425401086,50.017280820405915,-129.40837373870866
477476000,0.6256262607108471,-0.4852112273941064,8.602970547390651,2.0284457752757796,49.677332553035185,-129.18790982311305
477486500,0.6265831013740263,-0.4838644353133243,8.59985633638257,2.029187022068563,49.96036209878565,-129.52617928812737
477497000,0.6246851484271533,-0.4850022522785013,8.562948460457502,2.0380134869925364,49.7943114152986,-128.9596337532827
477507500,0.624837026031678,-0.48307800514933835,8.51479451611125,2.049646076341614,50.281027861009456,-129.1267056047811
477518000,0.627096761209722,-0.4843239982279827,8.631637301401048,2.021647958764543,49.806405099233544,-129.62782871834568
477528500,0.6250266837209635,-0.48364674869536034,8.537389624819806,2.044171188537937,50.121262374812154,-129.138050417483
477539000,0.6268578936638237,-0.48404547341279114,8.615000540396133,2.0255874898341957,49.894803576187435,-129.58502047193252
477549500,0.6250743303718631,-0.4846468237551503,8.567047547078342,2.0370293904122785,49.85986699443371,-129.083632516988
477560000,0.6248217986341659,-0.4828611383609003,8.508250177818816,2.0512373032476736,50.33821711112384,-129.13710220636636
477570500,0.6252464366113039,-0.48392904105903684,8.553177526425916,2.0403631205394173,50.03363696445547,-129.17604190903057
477581000,0.6251159625290964,-0.484794636786618,8.572701739196935,2.0356735144052482,49.81898047967148,-129.08446759301867
477591500,0.6242441649516403,-0.48572511774294197,8.567313859764239,2.0369654878789496,49.637914274570015,-128.79810006529382
477602000,0.6242577612281118,-0.4831973915069331,8.497393444089171,2.053882551608517,50.28833715777797,-128.96889918896096
477612500,0.6248593556883323,-0.4831911969997379,8.51872984675148,2.048690411680555,50.250239935652104,-129.12499396832771
477623000,0.6236245825747878,-0.48360088086564723,8.485977983796653,2.0566713366073768,50.225589039238585,-128.77882268781602
477633500,0.6262297397248255,-0.4849692917261117,8.618154915724077,2.024839359507102,49.698809588940776,-129.35984001693598
477644000,0.6267287710862368,-0.48240428399463137,8.564224230864903,2.0377071014440387,50.329509699732206,-129.662780148034
477654500,0.6245397309578058,-0.4842972254878779,8.537998102919055,2.044024158055903,49.985633778971504,-128.9690788091381
477665000,0.6254698849202465,-0.48567283039801634,8.61032857407219,2.0266965715822374,49.569111708643305,-129.11648584909005
477675500,0.6253802276554383,-0.4832125079595746,8.538029149248452,2.044016656701109,50.21011198302523,-129.25847248043792
477686000,0.6262303776102568,-0.4852373539527107,8.62577739665097,2.023033807944241,49.62965094066687,-129.3417798070045
477696500,0.6267922771206019,-0.4851588322424877,8.644166360908931,2.018691264357551,49.611551270384744,-129.49202529718158
477707000,0.6268067006211088,-0.4874907135522528,8.711642258927188,2.002916033299406,49.011161300652084,-129.33517764767828
477717500,0.6229658053175869,-0.48484143504294536,8.49682616444049,2.0540209580094566,49.94915344876841,-128.5281061317191
477728000,0.6260272608331413,-0.4871881933481167,8.67401730746882,2.0116817138579735,49.142328190445035,-129.15639750382473
477738500,0.6228498892212415,-0.48583316455520703,8.520247095254014,2.048322198683781,49.702344622574714,-128.43349164485366
477749000,0.6242298085594719,-0.4843384786931967,8.52801951935536,2.0464380336553796,49.99552744570183,-128.88643842001005
477759500,0.6251936213923867,-0.4833791075112171,8.53594800826009,2.04451962045924,50.17939921578484,-129.19905142444756
477770000,0.6250245308014167,-0.483691542396339,8.538559127222662,2.043888612966183,50.10982325866254,-129.13451358430976
477780500,0.6262234916422836,-0.4852854414257097,8.62688992666116,2.0227705513089935,49.61772705972547,-129.33673349995252
477791000,0.6250979325567418,-0.4858259366726594,8.601110540199732,2.028888430112761,49.55485140152608,-129.01056871278558
477801500,0.6254311186555083,-0.48542179007480246,8.601813055922499,2.0287212187153694,49.63630000306135,-129.12346303385016
477812000,0.6248867714106794,-0.4854857239265063,8.58383515935844,2.0330090121002504,49.65646331294724,-128.9791629513834
477822500,0.625156228458334,-0.48594430635736857,8.60658320358134,2.0275865694793795,49.520522571015256,-129.01756673238253
477833000,0.6236564696578693,-0.48585227319331264,8.549698457196342,2.0412010529151337,49.644320755746875,-128.6389052735193
477843500,0.625026986906487,-0.4863659994955607,8.613826975681079,2.025865968588602,49.42102759070801,-128.95596687373168
477854000,0.6232738216137459,-0.4851541385305494,8.51648913369342,2.0492344417590234,49.84866749559774,-128.5867482577301
477864500,0.6238925978149071,-0.48489587316564453,8.531449422567485,2.0456076749860856,49.87429427515685,-128.76277586667024
477875000,0.6247547821337976,-0.48527149883861326,8.573024906612924,2.035596073594414,49.72038519341255,-128.9595669273143
477885500,0.6250231042170988,-0.4863141166292055,8.612213223608144,2.026249026373486,49.43459421587195,-128.958470221248
477896000,0.6239215824423756,-0.48515612026639937,8.539751630852836,2.043600560632752,49.80546778716582,-128.75302403008848
477906500,0.6241682504438654,-0.4850904863181603,8.546785377735326,2.041903198908975,49.8059990694948,-128.82078398983103
477917000,0.6253945794429715,-0.4856894332127489,8.608052722626098,2.027237279769403,49.56992949200035,-129.09600333089912
477927500,0.6240630778279891,-0.4849402536370213,8.538806715586434,2.0438288006469225,49.851606008297665,-128.8036909595492
477938000,0.6243730896512742,-0.4848116020062789,8.546360525600342,2.0420056425103663,49.8641575558998,-128.89199595080999
477948500,0.623393740521563,-0.4856774704695592,8.53537083657736,2.044659153585658,49.706492759403,-128.58309168796734
477959000,0.6245407251875106,-0.48529820575058974,8.566035198384025,2.037272343300394,49.72781295017727,-128.9027384190258
477969500,0.6229556162974137,-0.48418509831249695,8.478328797791324,2.0585442859521677,50.11861650261465,-128.56826482387712
477980000,0.6260733218967921,-0.48515519151529624,8.617701284053634,2.0249469141777734,49.66149961364069,-129.30688491397763
477990500,0.6207010958529768,-0.48265658281541146,8.357787656175866,2.0885187210031395,50.65650322854894,-128.0850626122779
478001000,0.6244604246582522,-0.4862148657666021,8.588940424670305,2.0317895378712203,49.497848991302355,-128.82086594295015
478011500,0.6263596174934087,-0.4811714573683284,8.516705473498016,2.0491819032481122,50.675573166297006,-129.64929523099485
478022000,0.6238513401105776,-0.4857862922197624,8.554862841282874,2.039957461590557,49.648328456013644,-128.69324596497168
478032500,0.6275552128146331,-0.48485194615697635,8.663541604804623,2.014136025610655,49.638374917148255,-129.71012523919103
478043000,0.6242145826184267,-0.48528042547333017,8.553769512058476,2.040220609845564,49.75409478723283,-128.8200854050197
478053500,0.6241831153081422,-0.48211452493739626,8.46496789506976,2.061824018232896,50.57380120435549,-129.0205213332622
478064000,0.6263960423375955,-0.48343305150432625,8.58092401563222,2.0337050438815787,50.08479395958113,-129.50691865203157
478074500,0.6238650996251436,-0.48536038744424775,8.543430846768992,2.0427123503396523,49.75672634170005,-128.72499547136928
478085000,0.6196058755683916,-0.48505740329729696,8.384719903061063,2.081745753541956,50.10888721204612,-127.653277901214
478095500,0.6165031824085395,-0.4941928301264418,8.529631583233622,2.0460476784788773,48.00674230375115,-126.29630059188828
478106000,0.6125956995967157,-0.4727877023529553,7.84262369412816,2.227169734341264,53.69208151063548,-126.54568087802541
478116500,0.6234496593694967,-0.48740808206568154,8.58604826317931,2.032480196359096,49.26020651799421,-128.48275957836134
478127000,0.6212725228115654,-0.47017251181738934,8.055052443008215,2.167814470405229,53.90422865873582,-128.9922572811362
478137500,0.6276608856667473,-0.4859379369399843,8.698592999725959,2.0059474827811834,49.35081071359549,-129.66225178338152
478148000,0.6204654762801508,-0.48597398301261424,8.439728814451527,2.068048253038092,49.82045967408964,-127.81484513850133
478158500,0.6266256927362076,-0.4775181549803681,8.426607454494684,2.0712990653222985,51.61726420760046,-129.9609736785752
478169000,0.6207810968436315,-0.4853152277939693,8.432721168979896,2.0697831180695134,49.968644393262124,-127.93746572798068
478179500,0.6227340233278311,-0.4877763957044051,8.570607475188346,2.0361755077101695,49.213830373535416,-128.2759845202903
478190000,0.6222044586806214,-0.47760833294788496,8.27547111084693,2.109497130848253,51.87584018922021,-128.7912240322218
478200500,0.6333657507692082,-0.49089692513938554,9.067014631875834,1.9237571034611698,47.66483650544085,-130.76620101735764
478211000,0.6310245685490626,-0.48446511883337035,8.78230242415935,1.9866596280116546,49.49470342084588,-130.6366473413296
478221500,0.6380817434132534,-0.48834781377074094,9.178750395688255,1.900150207320672,47.956481571815026,-132.17579591430183
478232000,0.6285062883257462,-0.4812846177227078,8.597641011843043,2.0297146465849885,50.50082195613794,-130.20274140842204
478242500,0.6185272164654612,-0.48486912634096335,8.342405800405144,2.0924068821865722,50.22416853489515,-127.38944200815887
478253000,0.6213745856271738,-0.4775137943501829,8.24478385154257,2.1174265749991608,51.95186923964075,-128.5793876313247
478263500,0.6120686876553357,-0.4892943492834883,8.24236433759765,2.118054314717452,49.49516473630958,-125.49237542148526
478274000,0.6273635468141288,-0.4903312128894582,8.815819497791361,1.979040851302645,48.247699483164745,-129.27858570817276
478284500,0.6185306850078448,-0.4839692846384617,8.318373990193626,2.0985107462864656,50.45404356960509,-127.44582511550746
478295000,0.6230442236999135,-0.4858192764842199,8.526809111083786,2.0467312278153456,49.693149639880886,-128.48418003793537
478305500,0.6262152120670773,-0.4823862377079993,8.545148129870132,2.0422980414467857,50.368742030882245,-129.53041807696727
478316000,0.6164324904151006,-0.47929144444207195,8.12570483685924,2.1487717774276773,51.7840752925839,-127.18552862044528
478326500,0.6163703810285076,-0.47952014773697954,8.129511425711547,2.147755342693594,51.72849847859197,-127.15614803230413
478337000,0.63212184313814,-0.48572942123557805,8.861422249902107,1.968768628071336,49.08711295245256,-130.83007275251734
478347500,0.616784333233656,-0.49198817149883783,8.47737142704508,2.0587789453029894,48.53668174714961,-126.50548002752144
478358000,0.6260739648591002,-0.47833899747316355,8.429243429539872,2.070645179482144,51.436989672328764,-129.76167312948397
478368500,0.6338108932056938,-0.4758184027976221,8.640405256742426,2.0195779229143738,51.57878781763112,-131.98933469272527
478379000,0.6170542062492161,-0.4882643504552838,8.383764249042075,2.081985327642711,49.45363834639429,-126.80558690042415
478389500,0.6239574272989414,-0.4873956600431921,8.604113497811873,2.0281738658235042,49.22948237418035,-128.61314800107945
478400000,0.6282391682964208,-0.4937028606956358,8.951053240581963,1.9488877661263713,47.33267823813688,-129.25896863618777
478410500,0.6269312557741332,-0.4887502188995224,8.752942973716655,1.9933819062207316,48.68053777152823,-129.27948316076854
478421000,0.6240511405137247,-0.4806326203937269,8.419962308990295,2.0729493178964282,50.96781109650352,-129.0825132148138
478431500,0.6198539015108339,-0.48876697276658565,8.495523896789118,2.054338759645552,49.150215023476896,-127.48085706727821
478442000,0.6215833186483014,-0.49235994964661156,8.65992732497465,2.0149841975538663,48.13265131872576,-127.68091271608375
478452500,0.6193977951634164,-0.4819243724483145,8.293506669611299,2.104864610338178,50.92627448883305,-127.79440286600786
478463000,0.6193643032733938,-0.4727560133325486,8.056858895599326,2.167323358179962,53.32641720317258,-128.3331686675541
478473500,0.618922422082506,-0.48832846657284373,8.45052392586371,2.0653814449213366,49.32047512433552,-127.27333783792932
478484000,0.6287224001516204,-0.48170002629972036,8.617216864591885,2.0250617812123095,50.377317217286006,-130.2307393799348
478494500,0.6285526344418442,-0.47264312683019644,8.364549655927405,2.086814041699276,52.79017171716024,-130.79395002521562
478505000,0.6085452618981984,-0.49738958452131016,8.34378714967412,2.0920571160656616,47.70900853348402,-124.15086197224672
478515500,0.6226489869095488,-0.48135831727216744,8.39047215389066,2.080304884072782,50.86912583117796,-128.67116024721494
478526000,0.6202636563421788,-0.4820487280196382,8.326437291283904,2.0964587550346074,50.84065941834718,-128.01016393910976
478536500,0.6186162482981351,-0.48208797806366593,8.271271084236608,2.110578871093559,50.93191785929424,-127.58295020631115
478547000,0.6099294725084696,-0.488781387046334,8.15811662328485,2.1401479975981568,49.74640016475873,-124.98812493970865
478557500,0.6172603641145075,-0.48698716615867643,8.356107043401567,2.0889428325860813,49.76371637108156,-126.93655155053276
478568000,0.6286880993937083,-0.4815342127760469,8.611298126735752,2.026466308404657,50.42303843736306,-130.23317776660275
478578500,0.6079209631557901,-0.4816032794529731,7.911484856080957,2.2075742528225755,51.66240188103961,-124.87519490216741
478589000,0.6202570703999369,-0.49632810447163933,8.727300702993094,1.9992905738480524,47.23378487353876,-127.08560548503924
478599500,0.6313561850556061,-0.47806366677438356,8.612219088021094,2.026247634069051,51.152630627795475,-131.17647859924878
478610000,0.6212390723567434,-0.48812612319892457,8.526827005506334,2.046726892679595,49.22299832484093,-127.87310931421068
478620500,0.6300014130215706,-0.489794648623604,8.90088501389048,1.9599655092088186,48.19553987026919,-129.98873952447698
478631000,0.6204330708961606,-0.4806451216789034,8.294943028348142,2.10449655348815,51.193349077063175,-128.14100979523087
478641500,0.6214516689369403,-0.49333207886056396,8.683352696629012,2.0094996188727574,47.89822461884745,-127.58300778224564
478652000,0.617510277433934,-0.48057861297393295,8.194551301052853,2.130536531982197,51.387799412898296,-127.38854180824153
478662500,0.6274513162607835,-0.48478869585055817,8.657900444201779,2.015460164760128,49.661884688631616,-129.68762798805332
478673000,0.6273981923232933,-0.49958901035081177,9.101444923227064,1.9164203280796572,45.92723693922285,-128.62039952778838
478683500,0.6288933120291467,-0.4744699586358582,8.425062218750302,2.0716825728923887,52.27778878709481,-130.76492498833997
478694000,0.6253423350666573,-0.47874101802791424,8.414289110069756,2.0743602897733004,51.379023265763266,-129.54305049000422
478704500,0.6179477861490905,-0.477173426245908,8.121564096992605,2.1498785356977055,52.24639447092792,-127.70312696060613
478715000,0.6198857383831975,-0.48882693628634816,8.498325637490817,2.0536551532709555,49.13301277297181,-127.48505334298447
478725500,0.6167972823434498,-0.4866025976592092,8.329843116668892,2.09559323352601,49.88955577627018,-126.84283038754877
478736000,0.619343798724044,-0.48139418949185164,8.277637785292306,2.108939527349563,51.066455305667574,-127.8129823541625
478746500,0.6249569459462722,-0.4913532592567221,8.75532567679748,1.9928346481372121,48.156887115314674,-128.5977859909778
478757000,0.6204495543568096,-0.4931369653636527,8.641059498515492,2.0194236329929733,48.0136065593216,-127.34574035634
478767500,0.6188337705144513,-0.49384209105942783,8.602885904073178,2.028465914948358,47.943951719128265,-126.896986621507
478778000,0.6223274212271818,-0.48359490323649335,8.43993601319908,2.067997001843648,50.31128013001924,-128.44465427071873
478788500,0.6262781971640831,-0.49040316354011,8.77692778003888,1.987886824727192,48.30561057367826,-128.99804628267916
478799000,0.6184096475035566,-0.49216085002623955,8.539699594681055,2.043613128402534,48.39025073134388,-126.90003590875476
478809500,0.6203096595775394,-0.4896577679692137,8.536706866174251,2.0443361932082253,48.895853511351675,-127.53846420717156
478820000,0.6224178490077428,-0.48657255953090534,8.525441111813961,2.0470626964630316,49.54155324417823,-128.27457075081628
478830500,0.6207094483462572,-0.4859591075094783,8.447885470911519,2.066032606596052,49.80868645663886,-127.87806071278114
478841000,0.6211673969448186,-0.4872540702865898,8.499907575100107,2.053269372717188,49.449225998942325,-127.91148323571629
478851500,0.6212874964578089,-0.48679590340433915,8.4914245834281,2.055339789550391,49.55811317556533,-127.97169671249446
478862000,0.6237565835150213,-0.48659704763524747,8.574241324847165,2.035304635590858,49.44695195191426,-128.615122805897
478872500,0.6193913193301798,-0.48484047418315757,8.371410542277165,2.085087288776477,50.177775295199375,-127.61201344977513
478883000,0.6213452992777406,-0.4855853480429081,8.459976159662137,2.0630520470943288,49.86343633213594,-128.06449093489465
478893500,0.6208232418790631,-0.4845291351330939,8.41271332433872,2.0747525433603955,50.16728894685643,-127.9982721582512
478904000,0.6215181032757258,-0.49134151154203604,8.628159668142489,2.022470178000077,48.3925935678224,-127.73230652924505
478914500,0.6219962938326147,-0.48632544635615205,8.503520118706343,2.0523889424181494,49.632172305791705,-128.1830306885701
478925000,0.6201958181017445,-0.4864176519262882,8.442467483301902,2.067371041590081,49.724522103263055,-127.717835118348
478935500,0.620477978564014,-0.48685981220022345,8.46458233760581,2.06191881780773,49.593927015387166,-127.76144166689068
478946000,0.6225782464769163,-0.48734539626424445,8.552853901840978,2.0404410362308223,49.333874540846125,-128.26474891466628
478956500,0.6208761472528094,-0.487637125952238,8.50024175002945,2.0531878974933218,49.370680702959724,-127.81267332768176
478967000,0.6209648328763848,-0.4854110131884887,8.441794191896825,2.067537490156426,49.93241543483811,-127.97834933025536
478977500,0.6200808145776129,-0.4867848926700482,8.448544379165584,2.0658699516450323,49.63835810038478,-127.66517015925774
478988000,0.6213407846188417,-0.4866754674793733,8.489968847024546,2.055695508285643,49.58536344861184,-127.99306432215268
478998500,0.6200482570973663,-0.48569508821051516,8.417484998638427,2.0735652083619893,49.91813489438445,-127.72608166136096
479009000,0.62094102502828,-0.4860963631567028,8.459815006087501,2.0630917173641667,49.75882495145316,-127.92838371734987
479019500,0.6205470542636564,-0.4874108876869553,8.482290195710917,2.05757388611832,49.4493659573897,-127.74364854944787
479030000,0.6203234282498068,-0.48671000737965886,8.455004321463527,2.0642766428013215,49.64193907783292,-127.73168668359085
479040500,0.6207834951697041,-0.4868438235648366,8.474918095137859,2.059380522312682,49.57839595137671,-127.8402348313307
479051000,0.6211500953765731,-0.4861959453231067,8.469938506658456,2.0606026447333297,49.719977793529814,-127.97534928540237
479061500,0.621316020046022,-0.4868173893016943,8.493033092668183,2.0549468835753077,49.55079392319074,-127.97757540862564
479072000,0.6208859332660608,-0.48587020201730263,8.45164387097374,2.0651051709500696,49.82009824237237,-127.92880970160702
479082500,0.6203727824853486,-0.486389934012288,8.447916149045154,2.0660250329670307,49.720305471720685,-127.76468746265141
479093000,0.6206579001530953,-0.48723102561318515,8.48121581382228,2.057836980139204,49.48795453799515,-127.78338640838534
479103500,0.621468433183351,-0.48824323065073927,8.538308552548543,2.043949150298287,49.17833409448278,-127.92367795392758
479114000,0.6194405592358851,-0.4875279955358793,8.446574380354155,2.066356332719828,49.490314359517505,-127.45528908056937
479124500,0.619864724022574,-0.48761819200972245,8.463968438062867,2.0620697794426404,49.440440259696274,-127.55713756742584
479135000,0.6186398813676292,-0.4878980944216321,8.428765191951134,2.0707637813602626,49.44717547454997,-127.22905474135251
479145500,0.6201772394217295,-0.4872042998837194,8.463515918783116,2.0621810709080215,49.525565924416036,-127.66292255080339
479156000,0.6203412410210064,-0.4866442315342619,8.453816126227947,2.064569519203225,49.65754651499369,-127.74042213803484
479166500,0.6209261686985834,-0.48733819912802767,8.49369133068242,2.054786141161415,49.44341980384247,-127.84469177404789
479177000,0.6210159709256917,-0.48824138768576847,8.52210161163655,2.0478723164865853,49.208259110269005,-127.8090219690755
479187500,0.6203694924169075,-0.4877724226507278,8.486058127987489,2.056651730944352,49.368981504200725,-127.67532607750312
479198000,0.6205376399757602,-0.4875743794338084,8.486499845360814,2.0565436804188666,49.40844194149272,-127.73074353674738
479208500,0.6203980278125175,-0.4867720740334535,8.459342215370253,2.0632081104435582,49.62137326025484,-127.74670848128473
479219000,0.6212436156770723,-0.4871757600945805,8.500433082432952,2.053141251644718,49.46421909764429,-127.93594655237465
479229500,0.6209470824001753,-0.4874976625330491,8.498872726559771,2.0535217204589555,49.40153219460268,-127.839708777102
479240000,0.6216364193911084,-0.4882862269816571,8.545531476923378,2.042205578818189,49.15644493647133,-127.96349559074403
479250500,0.6203174097245263,-0.48869603447983095,8.50997762627192,2.0508170407253665,49.13831790795563,-127.60264512383239
479261000,0.6202038185817864,-0.48933324965766134,8.523803949713107,2.04745952554966,48.98460600955824,-127.53276966574994
479271500,0.619079351823873,-0.4885882300733741,8.463228181291692,2.062251842627816,49.24486526037262,-127.29652040026875
479282000,0.620747262194528,-0.4886921163848161,8.52516300549969,2.047130095308751,49.111495457465004,-127.71168575720648
479292500,0.6193055542872303,-0.48781028168849794,8.449634259689892,2.065600965407369,49.427328311136066,-127.403153834254
479303000,0.6192191697459519,-0.4877450248739417,8.444804041857397,2.0667936151867923,49.44933953504415,-127.38540580641933
479313500,0.6200498062853507,-0.48752688208362865,8.467957375282749,2.061089271982009,49.451787386602874,-127.60993578713115
479324000,0.6193979972843993,-0.4860963240589947,8.405785669958446,2.0764787842024597,49.85687483467268,-127.53495631347052
479334500,0.619365453471499,-0.487667128340514,8.447781286174118,2.0660583274999333,49.45980419183624,-127.42741702745255
479345000,0.618202410195701,-0.4872212264381917,8.394988102073349,2.07917509703349,49.646008252471304,-127.16070411896712
479355500,0.6195396341366144,-0.48859392054956535,8.479594787479027,2.05823406410039,49.21409470541064,-127.41249248364241
479366000,0.6193390791968709,-0.4870832285301,8.430771593656264,2.070266289596219,49.60960974063854,-127.4577127663342
479376500,0.6177423574694471,-0.4867135989946144,8.365269168868927,2.08663281928033,49.803298045123036,-127.07560811996446
479387000,0.6188468827537791,-0.48687703009900873,8.407954421449158,2.07593806196388,49.692979005203775,-127.34572890406473
479397500,0.6189726777885213,-0.4876699745280695,8.434108525533569,2.069439421583895,49.48394715905309,-127.32770368126025
479408000,0.6185742489599472,-0.4874835373435703,8.415085427856443,2.0741621224774827,49.556268023383275,-127.23850334810561
479418500,0.6195209863843021,-0.48838979612447553,8.473262331076386,2.059786728849117,49.266908239587956,-127.42081256026245
479429000,0.6190303103170995,-0.4866270024136548,8.407495203860028,2.076052532408955,49.74497441894231,-127.4080306696252
479439500,0.6198722982427776,-0.4878384721765946,8.470339361038873,2.060504210558024,49.38409286598181,-127.54499027109163
479450000,0.6191702071070143,-0.4867909200462048,8.416854049139753,2.073722129088159,49.694516207423625,-127.4332685463246
479460500,0.6201016121155695,-0.4875052170922249,8.469182738455165,2.060788257581471,49.45397365863885,-127.62447160973119
479471000,0.619554043820232,-0.487657081024886,8.45412158520025,2.0644942191214346,49.450370928307514,-127.47586564128059
479481500,0.6195523539968901,-0.48698690518388976,8.435582263493137,2.0690744510136296,49.6205750588343,-127.51798059527107
479492000,0.6194981702039466,-0.4861988267087889,8.41207494558882,2.0749114946723806,49.824458870779516,-127.55401151638866
479502500,0.6186830823781857,-0.48737241793027547,8.415826344242085,2.0739777762330696,49.57759148156066,-127.2730615644341
479513000,0.6205122472454017,-0.4868771260850552,8.466268859198115,2.061504206163301,49.587325764291236,-127.76905344286308
479523500,0.6189888318707294,-0.4870382962703073,8.417313737768133,2.073607799554319,49.64311441779439,-127.3716277645816
479534000,0.6197849706812375,-0.4880032817560464,8.471833905005962,2.060137292217748,49.34790367986482,-127.51232669109322
479544500,0.6190305803534863,-0.48843933915217813,8.457387541694581,2.0636894581233602,49.28559011112932,-127.29365014706589
479555000,0.6192529696012639,-0.4882002628399173,8.45857555092095,2.0633968783146774,49.33192921969783,-127.36507466037877
479565500,0.6188028873712585,-0.48798560997131935,8.436870463913351,2.068755534660155,49.41475208697402,-127.26478462222155
479576000,0.6184270414645415,-0.48706279569224314,8.398449464991609,2.0783099774940332,49.6721423710598,-127.2275490962821
479586500,0.6187695745861278,-0.4871370682480788,8.412385083088394,2.0748342698062157,49.63183718394658,-127.30977863917255
479597000,0.6187939864436489,-0.4869824835939695,8.409000742830143,2.0756772898912295,49.66952946344362,-127.32568026389528
479607500,0.6185513172287862,-0.4872481384719653,8.407835659596161,2.075967664845187,49.61736477375847,-127.2474588006613
479618000,0.6184219467903916,-0.4876144690676258,8.41337697611479,2.0745873252019025,49.53266311503218,-127.19171417613695
479628500,0.618442853880409,-0.4876251558183944,8.414397645030826,2.074333278116238,49.52864600665839,-127.1963374581355
479639000,0.6188270242234062,-0.48758789804004493,8.426762462789279,2.071260602137079,49.51392927707259,-127.29598026475051
479649500,0.6188279745231278,-0.48785341366759893,8.43410387706064,2.069440572980877,49.44662689120819,-127.27947793626227
479660000,0.618656782959522,-0.4882949146900376,8.440294708209786,2.0679082836547007,49.34575330560367,-127.20830990951681
479670500,0.6184386968250322,-0.4879266629969594,8.422534476673638,2.0723102335672077,49.45260246158717,-127.17635683090651
479681000,0.6182562525862675,-0.48840135271717705,8.429239740041792,2.0706460944173672,49.34409117260437,-127.10041445832239
479691500,0.6179690564027323,-0.48819883994101915,8.41366635855419,2.074515290827588,49.41324766971284,-127.04057878171872
479702000,0.6182121564170626,-0.4882743571444172,8.424204712578893,2.0718954564260756,49.37893689358214,-127.09725398804719
479712500,0.618175638725156,-0.48857626788226055,8.43124918039046,2.0701479062895527,49.30500008591176,-127.06906956389345
479723000,0.6179012537023377,-0.48865013691378967,8.423719873300533,2.0720158415438608,49.3035830823283,-126.99520723213244
479733500,0.6186996525102235,-0.48826804126923284,8.441052400728985,2.0677209041566362,49.34983949722195,-127.22084270595076
479744000,0.6190647424952302,-0.48778947158123687,8.440622216323014,2.0678272857874473,49.44785793725053,-127.34347140994151
479754500,0.6190834504932163,-0.4878967429786279,8.444237125776185,2.066933685605549,49.41950821625383,-127.34141982030984
479765000,0.6190361742465219,-0.48830508344121276,8.45386646038242,2.0645571107219003,49.3191779150716,-127.30358154927501
479775500,0.6188169179193603,-0.4886315150501724,8.455212618629698,2.064225308555965,49.25058382936659,-127.2274805100032
479786000,0.618772234272456,-0.4885335222936733,8.45093246865688,2.0652806548243667,49.27816436428555,-127.22240005571149
479796500,0.6184000781766588,-0.48832682174719844,8.432204621860992,2.0699111140676307,49.35387078012624,-127.14143051843061
479807000,0.6184551276055543,-0.48845722215424164,8.437724665195194,2.0685441167790604,49.31746467321612,-127.14712322363107
479817500,0.6183345987798178,-0.48825918398643237,8.428055878479968,2.070939714692993,49.37507848068581,-127.12914131709768
479828000,0.6188918918440243,-0.48917547683648926,8.4729488012317,2.0598636648655653,49.10855453001028,-127.21186818977625
479838500,0.6187890015365347,-0.4899858469523015,8.491925494990179,2.0552174171251836,48.91103516701428,-127.13433645562351
479849000,0.6186645135053348,-0.48936580984332306,8.470243714091088,2.0605276968534043,49.07503173461186,-127.14246341387782
479859500,0.6185536148995333,-0.48925886758882414,8.46337329008861,2.0622161511557633,49.109010999751895,-127.1213055979426
479870000,0.6181352796233024,-0.4882709020764037,8.421431398983957,2.0725842572761954,49.38463331658896,-127.07805139514723
479880500,0.6184208293895008,-0.4879234706891862,8.421824053960014,2.0724867065959347,49.454532462673974,-127.17203765949749
479891000,0.6183141579031658,-0.48791309488489376,8.417823553797161,2.0734810176063596,49.46385297667229,-127.14570723509355
479901500,0.6181454140849852,-0.4876821168804823,8.405619512942852,2.0765202228408257,49.532855187228186,-127.11748217073674
479912000,0.6176331994545196,-0.48908949284812436,8.426493365824728,2.071327375780091,49.2096523984637,-126.90013491752363
479922500,0.6172946893786955,-0.48877751841310746,8.40614188548675,2.0763899516246904,49.30935759303841,-126.8343553443835
479933000,0.6175341818584744,-0.488585868829143,8.409188499183136,2.075630502808549,49.34273772713319,-126.90665550226116
479943500,0.6188897273017598,-0.48803565582545116,8.441288645953227,2.067662487023237,49.39660282810224,-127.28359669917333
479954000,0.6196645136082166,-0.4873482646105679,8.449470021143272,2.065641495538234,49.52168973461267,-127.52352730324314
479964500,0.6198709599178628,-0.48728904415243374,8.455084611729037,2.064256855189466,49.5235853442571,-127.57971020195447
479975000,0.6173317034594039,-0.48740114994951556,8.369803591645452,2.0854914697401488,49.654524164890994,-126.92906654337075
479985500,0.6176774195714859,-0.4876234082812348,8.387794741701759,2.080975294141946,49.5768783784421,-127.00274403483955
479996000,0.617559650896964,-0.487275276542147,8.374236776725754,2.0843768147459913,49.67227682915532,-126.99454011435148
480006500,0.6171507649142038,-0.4879996802298337,8.379870901604946,2.082961928712535,49.51445126331161,-126.84632994985745
480017000,0.6168094676426843,-0.48896639420325816,8.3945202441039,2.079292087149811,49.29193503618924,-126.70046712646214
480027500,0.6177919788097307,-0.48868978674396385,8.421007131927535,2.0726896719912045,49.30042785430804,-126.9651661432521
480038000,0.617534008970316,-0.48898258490308655,8.420094082013817,2.072916567764388,49.24277861334163,-126.88184454954632
480048500,0.6171206396832872,-0.48830686913077787,8.38722081117754,2.081119059869142,49.43880076332113,-126.81971007967398
480059000,0.6169898828820058,-0.48844015770357363,8.386348042666324,2.0813377207552093,49.41329010801917,-126.77848685452058
480069500,0.6173842422089848,-0.48857597356958626,8.403714954164236,2.0769953279593465,49.35457442806272,-126.86946875903749
480080000,0.6170190676263424,-0.4879345354769943,8.373553245593044,2.084548599876259,49.53903773079705,-126.81710767160934
480090500,0.6171488437102275,-0.48799255690256127,8.379610251732672,2.0830273425906105,49.51636850016941,-126.84628561314469
480101000,0.6178608289659263,-0.4886078875991057,8.421148965216075,2.0726544304515127,49.316771994063444,-126.98765749626442
480111500,0.6178357547439919,-0.48885475141660517,8.42707670617482,2.07118263134899,49.25609838236762,-126.96586848094628
480122000,0.6181306091112355,-0.489074432201774,8.443436591208211,2.067131509647489,49.182209459986694,-127.02637062180837
480132500,0.6179205273912478,-0.48925742378338655,8.44115601420283,2.067695282903968,49.1493413048743,-126.96194057594947
480143000,0.6181010004366188,-0.4893580172071544,8.450253740420855,2.0654481068128048,49.11265129328792,-127.0010410408996
480153500,0.6177540989470883,-0.4896725378968855,8.446833860809676,2.0662922553697847,49.055375475188065,-126.89396267600546
480164000,0.6177315578188981,-0.48950239526661893,8.44133322221119,2.0676514648772697,49.09957513894758,-126.89899046763966
480174500,0.6175921714238182,-0.48816591407723237,8.399680462297521,2.078002481178944,49.44508530334796,-126.94745593558399
480185000,0.6165487719490337,-0.4884764093701089,8.372127917669097,2.084906905005761,49.43138788939964,-126.66509788422118
480195500,0.6164323777463642,-0.48843581971217653,8.367017009696879,2.0861927254825137,49.44877276283478,-126.63827712669966
480206000,0.6170706120240792,-0.4885782374757264,8.392916499910477,2.079693211442029,49.37348842176612,-126.7902787026991
480216500,0.6168210814809891,-0.4883830873790871,8.37896328956339,2.0831897250022173,49.438111292345546,-126.73946673214893
480227000,0.6161575243188356,-0.48845171787203556,8.358008958833821,2.088462886991836,49.461637006316835,-126.56808596257257
480237500,0.6158429462679968,-0.4888224811302384,8.357306699340347,2.088640075346187,49.387617355972296,-126.4662492529987
480248000,0.6159409389279537,-0.4885223045818768,8.352501643899247,2.0898532585277527,49.4571244195365,-126.50924962659296
480258500,0.6162222397890074,-0.48866550244038676,8.36605197543672,2.086435691129228,49.403857693618455,-126.57126363356532
480269000,0.6127082543337687,-0.48851612541898726,8.242974043537245,2.1178960920614185,49.652340133918464,-125.69794124430149
480279500,0.61614117483824,-0.48898020639869866,8.371848728014863,2.084977103411031,49.329688229387585,-126.5315482364033
480290000,0.6166654818101148,-0.4884000123538558,8.374062819058349,2.084420531109996,49.44344528089967,-126.69920813038568
480300500,0.6166549882653247,-0.4887762017459858,8.383976331047519,2.0819321557562045,49.34935197172471,-126.67335537490764
480311000,0.6166478367283155,-0.48834681877537667,8.372004506888512,2.0849379343663683,49.45793765320138,-126.69803931816799
480321500,0.6161113518807079,-0.48867675079902,8.362549116986449,2.0873180800816757,49.407830626635985,-126.54267301883915
480332000,0.6160928614439143,-0.488810967293409,8.365571075697371,2.0865567879743137,49.37520477934837,-126.52979091733498
480342500,0.6160480083599231,-0.4885618568011932,8.357247789578079,2.0886549403475585,49.440621070232226,-126.53377382940872
480353000,0.6161981416375825,-0.48892352501164643,8.372261147263885,2.0848734079274385,49.34043719333204,-126.54935266858001
480363500,0.6161776925683099,-0.4887568486301594,8.367010862405406,2.086194272999591,49.383610578331485,-126.55444816843323
480374000,0.6161408075701731,-0.48865750412597,8.363036436918787,2.0871952766539206,49.41086687267319,-126.55126423181864
480384500,0.6161890618956587,-0.4884743413123296,8.359706774369897,2.088034632877394,49.45400833217617,-126.57463971942282
480395000,0.6162580960761936,-0.48807287098419827,8.351163491456779,2.090191368177721,49.5509225287323,-126.61662453567035
480405500,0.6162863022521927,-0.4882214966549784,8.356167695117401,2.0889275237922647,49.51173461861908,-126.61463037518803
480416000,0.616345239905013,-0.4885954321464566,8.368370545839698,2.0858520429162803,49.41393764418361,-126.60652460721408
480426500,0.6165665761409249,-0.4884874394878868,8.37304172151141,2.0846771747866906,49.42751309047849,-126.66890328806335
480437000,0.6164242786305939,-0.4893080884229549,8.390575968903246,2.0802788980749125,49.22985462339607,-126.58249147500476
480447500,0.6166454463086952,-0.4887344420078384,8.382505225303312,2.082301038470704,49.36045261538253,-126.6735321102479
480458000,0.6159551501181496,-0.48830127649846,8.346985878241378,2.0912476292366824,49.5118958402633,-126.5263309234101
480468500,0.6157678262754355,-0.4878839756176974,8.329284007703281,2.095735270468913,49.62844366067036,-126.50455766521904
480479000,0.6160816208319049,-0.48815693524693454,8.347399184059178,2.091143081842492,49.54052898518986,-126.5670053816143
480489500,0.6164255074907087,-0.4888418900753359,8.377859675708667,2.0834667821081103,49.346977515378256,-126.6115584072969
480500000,0.6168496573166826,-0.4888591365348065,8.392970326618423,2.0796797459249934,49.3164376255077,-126.71722437019403
480510500,0.616871689800764,-0.48768320437238794,8.361641412232945,2.087546858169034,49.61159296958361,-126.79538305791698
480521000,0.6164565889220945,-0.4883843517770696,8.366447375173804,2.0863361348829055,49.46024943452043,-126.64753987338706
480531500,0.6162123185473755,-0.48778042974644426,8.341666835551985,2.0925940408808312,49.62747509264578,-126.62296098537689
480542000,0.6162436608708103,-0.48842312568206847,8.36018745256944,2.0879134194754196,49.46355663490193,-126.59152766912321
480552500,0.6161839548320548,-0.48911936886779833,8.377122603832179,2.083651861807363,49.29208367135917,-126.53374425150228
480563000,0.6156487534701701,-0.4888472420668784,8.351326045708305,2.090150289890492,49.3932569477622,-126.41592808048088
480573500,0.6152031029225073,-0.4888034579152729,8.334906221794682,2.094307874432881,49.43137215371087,-126.30662799811094
480584000,0.6158297343943689,-0.4885410358364872,8.3492015834928,2.0906872803004424,49.459204749418404,-126.48012421043009
480594500,0.6153956800983693,-0.4879194572174382,8.31756592679162,2.0987166090568827,49.642069881392885,-126.40862865239266
480605000,0.6157859582575717,-0.4878629421220343,8.329334059290082,2.09572255449465,49.632643744793796,-126.51040677299632
480615500,0.6156980635703944,-0.48804695271603804,8.331310213483174,2.095220621854451,49.59161425113927,-126.47707243661768
480626000,0.6152567133984608,-0.48847012917310223,8.32770833802307,2.096135660247284,49.511891261789636,-126.34031072580545
480636500,0.6157023891782114,-0.48794245679392956,8.328632728375378,2.09590074691582,49.61768036253868,-126.48451181433573
480647000,0.6151918545667617,-0.488698997331088,8.331692425007938,2.0951235700438207,49.458296308855374,-126.31013729627135
480657500,0.6157380028243173,-0.48855097826589194,8.34633188648721,2.0914130805838567,49.462300769625024,-126.45644039413162
480668000,0.6160639036923619,-0.4882934393819962,8.350497458335553,2.090359695083192,49.50722438014007,-126.55419822001244
480678500,0.61603259108162,-0.48855058637510135,8.356412437197273,2.088865751968159,49.44440109390661,-126.5305839446292
480689000,0.6157972151664919,-0.4893189312385685,8.369271019949771,2.0856254571581583,49.26571509664311,-126.42436634281626
480699500,0.6152610864152483,-0.48952502107045737,8.35649934060877,2.0888438188126144,49.246795258546726,-126.27729565341521
480710000,0.6154990398075847,-0.48899150290596044,8.35012325495196,2.0904542796566687,49.36614684179778,-126.36951922780537
480720500,0.6150324567880329,-0.4889694456205969,8.333585645249018,2.0946429734678307,49.400041804019445,-126.25371720964516
480731000,0.615415428849644,-0.4894576301850319,8.359951317417853,2.0879729642928426,49.25427448427872,-126.32010127056488
480741500,0.6151750355626209,-0.4898872269106898,8.363431320574684,2.0870957775899983,49.16131054996264,-126.23364888286967
480752000,0.6153148931662027,-0.4896780996291358,8.362518304833527,2.087325845156706,49.20515059946567,-126.28144099157153
480762500,0.6153393958829059,-0.4896499774327658,8.362591136440846,2.0873074907102,49.21070110112565,-126.28929772196614
480773000,0.6152281767266363,-0.4895706301059756,8.356615156600784,2.0888145892621686,49.23737032287138,-126.26626738338784
480783500,0.6144693534896529,-0.4883320144268413,8.297250142621674,2.1039056422964157,49.59406330694642,-126.15072238707283
480794000,0.6148233683477339,-0.48867277621212807,8.318439766890533,2.098493990757503,49.487168803934985,-126.21916020282924
480804500,0.6151784465344908,-0.4887093801019369,8.331516515028282,2.095168236287534,49.4565004747283,-126.30613918684486
480815000,0.6149348340269227,-0.4890835275258149,8.333350191533937,2.09470273165505,49.3773288486887,-126.22230947996955
480825500,0.6154925397115492,-0.4889316099993177,8.348272639546533,2.090922172261572,49.381585596191535,-126.37153675348445
480836000,0.6157478563985262,-0.48839579086504087,8.342458107716714,2.0923936355131927,49.50074731867491,-126.46838017061994
480846500,0.6157867345220325,-0.48896191022155727,8.35917509208426,2.088168724535838,49.356013844153615,-126.44359444695618
480857000,0.6154725788341058,-0.48874635773178426,8.342558789205365,2.092368138695612,49.42934504867473,-126.37780186612817
480867500,0.6149360394326716,-0.4891625056818948,8.335533160298931,2.0941488252002065,49.35744469889596,-126.21782764467306
480878000,0.6149518484142712,-0.4886303163872142,8.321661036514167,2.097673754308206,49.49007672584628,-126.2539956827059
480888500,0.6148705681342691,-0.4890241431408342,8.329550968644186,2.0956674488676925,49.396117306003426,-126.20978059667027
480899000,0.6150425071361352,-0.4888832399765709,8.331592120149995,2.095149038752242,49.42107282404189,-126.26146290222447
480909500,0.6152094269120262,-0.48927102085499596,8.347816425714086,2.091037549515889,49.31362899272878,-126.27981047492402
480920000,0.6152182830370909,-0.4890221812747721,8.341357609497479,2.0926723689947972,49.375529796960095,-126.29716071288806
480930500,0.6150908944630556,-0.4889408387750983,8.334802917373068,2.0943340842595837,49.40368039803659,-126.27011980750049
480941000,0.6150209251480048,-0.48935191444071213,8.343573317672615,2.0921112519553318,49.30480039727903,-126.22762472543106
480951500,0.6149241802455134,-0.48822447986445155,8.309768449464853,2.100705186979122,49.593760754753866,-126.27152770390957
480962000,0.6143515379131154,-0.4881579671410701,8.288591838107271,2.106124980697404,49.64485952270309,-126.1315338778697
480972500,0.6136641599893674,-0.48774765980841317,8.254490268523867,2.1149120124356364,49.78888951527127,-125.98312736041869
480983000,0.6133996900078735,-0.4872858580785618,8.23336893391809,2.120391444498592,49.92065355924962,-125.94382402430372
480993500,0.6129995154538628,-0.48719615385509996,8.217661234060639,2.12448497349873,49.9666822510603,-125.84837758921506
481004000,0.6137307193708144,-0.4875909350472047,8.252546794124743,2.115415011884343,49.82437047655827,-126.0091355488598
481014500,0.6141165613173352,-0.489097437764545,8.305921893811481,2.101687563239462,49.423147546314524,-126.01630918754753
481025000,0.6147877798150544,-0.49001759136684553,8.35372488188366,2.089544280345144,49.15227130745752,-126.12880541875167
481035500,0.6138950885580212,-0.4880460634642858,8.270209681232746,2.110852417844036,49.700192794501596,-126.02348527052834
481046000,0.6137583141706571,-0.48856378506042664,8.279468751112175,2.108468550874412,49.57833921015366,-125.95836259900611
481056500,0.6136234038741,-0.4894399887437252,8.298473868184583,2.1035923500880798,49.36688849726624,-125.87234650142642
481067000,0.6134270319756074,-0.4890678238449992,8.281835276471636,2.1078601263493435,49.47172141730305,-125.84537034831342
481077500,0.6136972098314672,-0.489269602652986,8.296376520235642,2.104129360184434,49.40511765010505,-125.9009866149861
481088000,0.614555407144626,-0.4886468996260581,8.308644033256975,2.1009922574577455,49.50980598103343,-126.15343184556652
481098500,0.6144384585963836,-0.4884398591633865,8.29910539606665,2.1034307060974777,49.568821718626786,-126.13649452760033
481109000,0.6139812945172797,-0.48802360498479425,8.272509363539692,2.110259829486703,49.70071231359463,-126.04648518777637
481119500,0.6138161215779763,-0.4882426338641279,8.272811705184502,2.1101819461414992,49.65550604109185,-125.99196773147945
481130000,0.6141250569087174,-0.48844847308679673,8.288742567937105,2.1060863046585925,49.585415055401945,-126.05727528159079
481140500,0.6138847118947213,-0.4889885713612227,8.295144867423094,2.1044448440058563,49.46430237646394,-125.9647276832156
481151000,0.6134942680028069,-0.488773788979174,8.276209493383517,2.1093070714722426,49.541378422045575,-125.87967697179288
481161500,0.613729010762043,-0.48874252331006174,8.283276592336916,2.107489742475745,49.53525886516259,-125.94037587977223
481172000,0.6128796319881791,-0.48906978449503186,8.263490137809379,2.1125858459035216,49.50364778077006,-125.70825923353321
481182500,0.6130947961820608,-0.48877319213189563,8.26277239314806,2.112771170286467,49.565185646974356,-125.77963060113295
481193000,0.6133233741191576,-0.4883163721103231,8.258232533225062,2.113944136656857,49.666195648154435,-125.86391786697261
481203500,0.613349246873575,-0.4886791678987343,8.268798725196456,2.1112161623899066,49.57369179625888,-125.84894367369913
481214000,0.6134763657809008,-0.4895164192586126,8.295566341638533,2.1043368740710884,49.35654560866747,-125.83101298455259
481224500,0.6137435517976755,-0.48995175615948827,8.31636749657657,2.0990219966800887,49.23176781626834,-125.87175990114297
481235000,0.6124416604625315,-0.4898758654969659,8.270401753571853,2.110802911324167,49.328132722026574,-125.55130420744318
481245500,0.6127726073297093,-0.49003106080187175,8.28569799585842,2.1068677937740734,49.26985889731412,-125.62467217427096
481256000,0.6124769608659382,-0.49018700844126134,8.279948741463633,2.1083451186769295,49.24847886048251,-125.54173566990255
481266500,0.6130812817363293,-0.48913400754061187,8.271979528182406,2.1103963292500687,49.47566248523941,-125.75491220097696
481277000,0.6137251218737767,-0.4887056632590504,8.282156237297578,2.10777763573374,49.54473204133091,-125.94159509463701
481287500,0.6136728262171307,-0.4893778310817199,8.298468768798275,2.1035936554133765,49.37948833979384,-125.88842245167467
481298000,0.6131734751605603,-0.48971005351527236,8.290561290464344,2.1056197478619674,49.32618634009732,-125.74378669680533
481308500,0.6135385712507182,-0.48968896406951096,8.302321721678263,2.1026078521633558,49.30969948615391,-125.83626785424582
481319000,0.6129470196445761,-0.48962157057293654,8.280552556427702,2.108189864913296,49.36173021101092,-125.6924733045214
481329500,0.6135057442457456,-0.489723958988408,8.302156216688024,2.1026501786150447,49.30291401887684,-125.82597404327538
481340000,0.6129463591498715,-0.48901269450105633,8.264200376913285,2.1124024916423756,49.51399282722291,-125.72832454466474
481350500,0.6126884415383516,-0.48947453867269203,8.267917549068967,2.1114433935582606,49.41374875467433,-125.63657795984804
481361000,0.6122612934776607,-0.4889672032465833,8.240069574165684,2.1186500337917504,49.5656413570193,-125.55964203431715
481371500,0.6125624875807357,-0.4892417437219983,8.257463002753262,2.1141430904554133,49.47933811835744,-125.61882441746621
481382000,0.6129705990714881,-0.48847052850986783,8.250529285176494,2.1159374269713664,49.64834441140835,-125.76636127125849
481392500,0.6137393540288983,-0.48896314999916196,8.28955246318812,2.1058785166136094,49.47934711955791,-125.92982338428094
481403000,0.6137715207847781,-0.48888551050802836,8.288550855903123,2.106135496641878,49.49688446660263,-125.94251272006215
481413500,0.6137993356834186,-0.4894860644064123,8.305667565486532,2.101752548984072,49.34484577918285,-125.91360417664193
481424000,0.6135938924100812,-0.4894157717646307,8.296823951150742,2.10401477576145,49.37470789605163,-125.86640946795357
481434500,0.6135859920336888,-0.48899883863893534,8.285338792124522,2.1069600336121015,49.47954267898858,-125.88927894818679
481445000,0.6135032173956146,-0.4890948719939901,8.28512885174328,2.107013947908813,49.46041972816569,-125.86283623791226
481455500,0.6135429111798,-0.48908071153282967,8.286086412633361,2.1067680614587463,49.46160331283709,-125.8736173450566
481466000,0.6132409211104808,-0.48969432554932796,8.292412588001074,2.105145047887299,49.326103631436695,-125.76157091617566
481476500,0.6132267685217762,-0.489214200258898,8.279023202275104,2.1085831392426546,49.446978207038896,-125.78655902783112
481487000,0.6131878258274397,-0.48961123267973755,8.288384468223745,2.106178192442589,49.35002189084636,-125.75324649176159
481497500,0.6130728240711205,-0.4896310740853706,8.28504327519202,2.1070359254176187,49.35189516150895,-125.72333546633145
481508000,0.6135358846277503,-0.49008585198599597,8.312957715082243,2.0998913762767653,49.210722895594486,-125.81186641248838
481518500,0.6134595468717374,-0.48955551042641904,8.29605181036275,2.1042125243247995,49.34777453761447,-125.82447730859383
481529000,0.6135037220719988,-0.48969025337452193,8.30117820763734,2.102900330825697,49.311458120493796,-125.82748105811578
481539500,0.6135857469523214,-0.4899434578146181,8.310794321224211,2.100443344274666,49.24329425802621,-125.8328396796778
481550000,0.6130297083980925,-0.4900373247232558,8.294532286159281,2.104601790086559,49.25303291156564,-125.68843597091559
481560500,0.6129406673556692,-0.4896436966392857,8.28093353890841,2.1080919179771893,49.35658019564977,-125.68957549756203
481571000,0.6135040386810162,-0.4894779520953673,8.29546436605626,2.1043629963491526,49.3645148970196,-125.84022636811407
481581500,0.6136340144794575,-0.48889444200268073,8.28415339624848,2.1072644887208356,49.50283741535787,-125.90752291593328
481592000,0.6138935561743565,-0.48986689587840115,8.319158960507801,2.0983108055820003,49.24396999402503,-125.9143334514671
481602500,0.6132172419603747,-0.4876748503603747,8.23760015207244,2.1192914704380192,49.83354220282569,-125.87507261562405
481613000,0.6129137191747626,-0.488359186550101,8.24565974943942,2.117199416616699,49.67960200979154,-125.75865321126562
481623500,0.6140973896503684,-0.4889901943172232,8.302381087361095,2.102592670327189,49.45117331181272,-126.01793110121564
481634000,0.6131139360733511,-0.4887539437328108,8.262899702769769,2.112738296077402,49.5688761876392,-125.78556181589194
481644500,0.6123836083787593,-0.48837664671423614,8.228439824184743,2.1216742947359375,49.70628929736855,-125.62477819810553
481655000,0.6126092893954971,-0.48781451520651087,8.221043563077421,2.123602175142509,49.83407320785132,-125.71419161544868
481665500,0.6125022881865,-0.4892354089546399,8.25527854992926,2.1147080622571854,49.48446199827259,-125.60415188666302
481676000,0.6120307105960757,-0.49025090104874236,8.266687830447447,2.111760586457934,49.25886998619409,-125.42681025752194
481686500,0.6104084238763289,-0.49010579541247945,8.208815205577308,2.1267973055062037,49.389336579751216,-125.03168149732991
481697000,0.611302188782499,-0.49071392301842687,8.254737178038225,2.114848125870577,49.18641382672301,-125.2184932212166
481707500,0.6111288700943541,-0.49292694460916214,8.308680663316215,2.1009829043325476,48.648749572492875,-125.04560759777121
481718000,0.6114762031008806,-0.4912703873027665,8.27551587058509,2.1094856087291953,49.03809254627791,-125.22909142569294
481728500,0.6110670814594691,-0.4901678789677382,8.232303627138474,2.1206685691922917,49.335830253528094,-125.1918541726547
481739000,0.6113385277533945,-0.48939930159768613,8.220862491817027,2.123649416622815,49.51149678228316,-125.30405122144215
481749500,0.6116158715922516,-0.48852193800543536,8.206798586849994,2.127325153359397,49.714557544572514,-125.42414927905494
481760000,0.6120788812703278,-0.489918353814148,8.259383659609083,2.113646595590433,49.33888588975792,-125.45834989395506
481770500,0.6114727364809562,-0.48965677140556113,8.232171255921935,2.1207030088020216,49.43951153735878,-125.32255710580922
481781000,0.6123985638457337,-0.4885975529059418,8.234807899577207,2.1200172332012808,49.65009324468215,-125.61561223633433
481791500,0.6147525292816605,-0.48653196581097335,8.258658554625493,2.1138340096034676,50.0307697622321,-126.32962122569187
481802000,0.6142871337691147,-0.48648017334104626,8.241672249722907,2.1182339448137064,50.07147516544197,-126.2151015616814
481812500,0.6123102090303421,-0.4885517561916284,8.230646845300097,2.1210997025436233,49.666722995479226,-125.5961691215046
481823000,0.6122227414977677,-0.48837436186444794,8.22302709603494,2.123084809791486,49.71624691574003,-125.58461690891527
481833500,0.6122308027796627,-0.48944130483826237,8.25170126707486,2.115633921652285,49.44897506644211,-125.524246047036
481844000,0.611936498035226,-0.4890547301830618,8.231576827376696,2.1208576777872192,49.56273744004644,-125.47335023392345
481854500,0.6128804659399613,-0.4890817542632034,8.263838456817224,2.1124959203945144,49.50060415384396,-125.70776142302148
481865000,0.6124081823961594,-0.4903457340977364,8.281908329445342,2.1078413503264146,49.213001485777134,-125.51521945519299
481875500,0.611818682470876,-0.49005498435828215,8.254340233278183,2.1149508351773267,49.320101625651766,-125.38550582092358
481886000,0.6113981787735983,-0.48929487346373834,8.220068177355717,2.123856678175059,49.534085477704096,-125.32498588257606
481896500,0.6116386164006798,-0.4900388129073053,8.247893933826425,2.1166202172758144,49.33466300579319,-125.34160808873821
481907000,0.6116184131283395,-0.4905127462979812,8.25991098453131,2.1135103217071958,49.217913121019684,-125.30885266460365
481917500,0.6112170718781452,-0.4903771936802685,8.242883863545165,2.1179194928587584,49.275058738126646,-125.21698146989641
481928000,0.6117789747971292,-0.48968312831200034,8.243074084938788,2.1178701329359075,49.415089538815735,-125.39736100419971
481938500,0.6106359178788534,-0.4899877093282248,8.213205573807535,2.1256490411382627,49.4055891939593,-125.09504389368873
481949000,0.6115033306222605,-0.4911587223374348,8.273417812069114,2.110025830130528,49.064202889501985,-125.24237955120078
481959500,0.610741720794131,-0.49268477319832116,8.289079012324546,2.1059999809353376,48.731291345790346,-124.96433982988403
481970000,0.609874270129817,-0.4946275053781213,8.312752567216128,2.0999437051626324,48.30448562635131,-124.63700486769108
481980500,0.6114495117950355,-0.4921606730179096,8.298679012505824,2.103539839222687,48.81912583844209,-125.17005886255312
481991000,0.6111290850435909,-0.4906258561426981,8.246602455769992,2.1169549866249184,49.21838836044814,-125.1806315725626
482001500,0.6117326573037828,-0.4897763475379128,8.2440181742172,2.1176251885293356,49.394556796704386,-125.38036976014205
482012000,0.6111600600819097,-0.489970077735326,8.230121650745305,2.121236407216329,49.37964741676253,-125.22647128367959
482022500,0.6112033971317166,-0.4893280601225291,8.214489502030675,2.1253134758191705,49.537090636416984,-125.27447799706985
482033000,0.6111691640549497,-0.49025199176918166,8.237943704798608,2.1192022086519784,49.30897913131228,-125.2123553970661
482043500,0.6101116350124981,-0.4895499439869146,8.184313691274024,2.133228437098573,49.54458847288513,-124.98974600758739
482054000,0.6112580473319243,-0.48978101809441,8.228342330197222,2.121699684256754,49.421031845870374,-125.26184494176424
482064500,0.6091026413729459,-0.49158385821199496,8.204986656196086,2.1277996489591526,49.09797769362058,-124.62342131637172
482075000,0.612084372103684,-0.48943519754326026,8.246646145567139,2.116943659873414,49.459081549307236,-125.48804875313641
482085500,0.6097681274396793,-0.4882578787536024,8.139149978625644,2.145185974586665,49.886146780666145,-124.97748537047113
482096000,0.6119500964093385,-0.4887027669811325,8.222677152075748,2.1231760673477797,49.64992999372678,-125.4972519430936
482106500,0.6105426843477058,-0.49031734952633055,8.218881404337223,2.124166420235898,49.329031336900776,-125.05285025794358
482117000,0.6098174561105352,-0.4939607928277416,8.292677626465414,2.1050771057182933,48.471344797975654,-124.66212112503297
482127500,0.6135590305118809,-0.48945757917020977,8.296772835310382,2.104027865592693,49.36633032908743,-125.85519480071017
482138000,0.6149288771397777,-0.49216493666279443,8.417605737456087,2.07353518265176,48.60822359577021,-126.03258785016571
482148500,0.6117083306476879,-0.48888750455663355,8.219548962092643,2.1239921796951493,49.61780033640693,-125.42606926675481
482159000,0.6118009600627402,-0.490353110153756,8.26173636337613,2.1130387347170334,49.24692126594636,-125.36361894096153
482169500,0.6121603085737558,-0.4907995067594527,8.285799384237242,2.106841759745998,49.11473110833214,-125.42672195740477
482180000,0.6136091644712207,-0.49065878049674183,8.330986387880262,2.0953028552813575,49.06341799618661,-125.7957782547552
482190500,0.6075879124991109,-0.4928002932969304,8.187545522455956,2.1323779124279376,48.88436272635836,-124.18129947110523
482201000,0.607960088581893,-0.4909885291971977,8.15178937707498,2.1418260139952903,49.30968643701717,-124.37487984927111
482211500,0.6149294361688512,-0.4880111638462161,8.304202839690456,2.102126893017363,49.64711425320887,-126.28569609893323
482222000,0.608396155182897,-0.4898585925233496,8.136327879720577,2.145937627147584,49.564937244848096,-124.54612146674921
482232500,0.6128689780056849,-0.4898475583293619,8.284003311782763,2.107303042472028,49.30993040575994,-125.6595936861777
482243000,0.6148281076972043,-0.48885823733794587,8.323614447549515,2.0971766682448103,49.440318103510265,-126.20915388652261
482253500,0.6112390150410545,-0.49292955396428867,8.312467738862976,2.1000163632025326,48.64159739867938,-125.07262942856974
482264000,0.6105790044592427,-0.4882371667125483,8.16512411189038,2.138292658920352,49.84533084854536,-125.18123573506385
482274500,0.6071739736588989,-0.49757859880287664,8.302868405847248,2.1024680546441212,47.743021649217184,-123.80757000236491
482285000,0.6079672314850146,-0.49041665694245434,8.137004643636407,2.145757326059117,49.45067721222511,-124.40865296498362
482295500,0.6139570493848113,-0.4882288709858877,8.277187428180321,2.1090554044068397,49.65058041218058,-126.02817974061236
482306000,0.6037872082542102,-0.48528207906561527,7.874449430350481,2.218069948507736,50.95023645614124,-123.64401566578711
482316500,0.609459288394155,-0.487539627686732,8.11042777396669,2.1528608026782354,50.082973236030725,-124.94066318627894
482327000,0.6094988700378092,-0.49664201136158237,8.355419665427066,2.089116345953492,47.83454570405978,-124.42664522844116
482337500,0.6122076878409248,-0.496764333256547,8.451753231137161,2.0650781973873,47.64190182535929,-125.07987584415734
482348000,0.6144044757558373,-0.49012496665434124,8.34355410744535,2.0921161155501484,49.148672512117244,-126.02646232494314
482358500,0.6040268033900593,-0.4944914687005506,8.116670734618992,2.151187936969134,48.668535355821135,-123.21730203040548
482369000,0.6059466598465711,-0.49062710608903837,8.077319648646696,2.1617763581107896,49.51018023031467,-123.89792644261917
482379500,0.6090950392009375,-0.4941344921908946,8.273210844635853,2.1100791364844977,48.47078153311888,-124.47478161710994
482390000,0.6075855494853184,-0.48981813516467754,8.109005395026747,2.1532423096379496,49.62010292948661,-124.34744178720997
482400500,0.6161637890364373,-0.4892358265046267,8.379612431398364,2.083026795554673,49.26406702966228,-126.521512270966
482411000,0.6139823600528551,-0.48275550748809176,8.134188212974838,2.146507870122801,51.03520801012114,-126.35511455841618
482421500,0.6279539283670098,-0.4953382605277254,8.990199926135064,1.9403306679649965,46.942974370754825,-129.06886527366183
482432000,0.5979974363619155,-0.49807764285843864,8.019406390292003,2.1775513756945295,48.12421962243686,-121.57504562798509
482442500,0.6021625313298272,-0.4769517325422597,7.626951112683166,2.2908714037274263,53.13146437267442,-123.64026640473956
482453000,0.6084227680398617,-0.49718040558908877,8.333878879033861,2.094568555480711,47.76694594069067,-124.13339149643734
482463500,0.6052960938745056,-0.4876381361198279,7.980147398459517,2.1883774303864683,50.28501823233725,-123.89742947213564
482474000,0.612928859950235,-0.49636059669613497,8.465440799626744,2.061707754006261,47.69641152934181,-125.28097319666006
482484500,0.6157938872950883,-0.480523014729285,8.13625192524786,2.145957864574798,51.503079760961974,-126.94895858803183
482495000,0.6098537243538317,-0.48795240090487335,8.133971691998527,2.1465655921398064,49.95762711715765,-125.01609571894467
482505500,0.6181359098909719,-0.49015402033507566,8.47360706850237,2.059702141575463,48.91028975113174,-126.95950582884686
482516000,0.5994637470833594,-0.4920074866087131,7.909399863594335,2.2081624781101747,49.51195014721144,-122.23768541034093
482526500,0.595994787611428,-0.4946931590381767,7.871233111037289,2.2189861783938634,49.035077204199816,-121.26570077668914
482537000,0.607312502225186,-0.48640407297053123,8.012489224655795,2.1794510310801325,50.48493898480501,-124.46610567274159
482547500,0.6145117377955321,-0.4855951933472744,8.225774886669734,2.1223685213603947,50.28209134385926,-126.3242134972222
482558000,0.6108490234156885,-0.4850035266303356,8.089980751382335,2.158358149193897,50.64243232145078,-125.43186974113416
482568500,0.6057090950694068,-0.4850363190411601,7.927742932514418,2.2029982527655663,50.912496365875384,-124.13734420573212
482579000,0.6026588335293566,-0.5019482079961974,8.272772581162206,2.110192024182014,46.95220494573158,-122.47657590089027
482589500,0.6063471557596911,-0.49325481324734466,8.159081874044968,2.139892240703664,48.84246595719598,-123.85156820272098
482600000,0.605100011016947,-0.4956503463640631,8.182155682324453,2.133796742538073,48.32793254742577,-123.41421925561338
482610500,0.6066323664334055,-0.4935170053502247,8.175330827416602,2.135596053229892,48.762357101428236,-123.90674412152633
482621000,0.6071857472967738,-0.49295339210251965,8.178446008620755,2.1347743859604575,48.869428032735264,-124.07396011874012
482631500,0.6080232151602182,-0.4807636816390151,7.894013139867998,2.2125131980500776,51.8704913014342,-124.94523742897495
482642000,0.609142560718237,-0.4922896283800983,8.225132930276969,2.122535821750234,48.921544924073366,-124.5928711986255
482652500,0.6096606099436471,-0.4848448766778878,8.047661372372827,2.169826180350615,50.7485031805933,-125.14083088828032
482663000,0.6180703111672282,-0.5052346079217673,8.915409390291536,1.956745368121462,45.212899185549425,-125.95211421275127
482673500,0.6096120981291832,-0.49340081024183985,8.270624172089118,2.110745586012401,48.62088872966274,-124.64429910045693
482684000,0.606470919492194,-0.496521954269571,8.25065524144977,2.1159048041826938,48.03933141893742,-123.69779729772061
482694500,0.6116127134723112,-0.4874910296699471,8.17952426028486,2.134490131871211,49.97299770227957,-125.48283962843117
482705000,0.6068899559176565,-0.4961123613371724,8.253436387276997,2.115184742397175,48.11489004720956,-123.82285956922068
482715500,0.6035533906585588,-0.494381808806351,8.098598193448316,2.1560378439392225,48.72089358232435,-123.10816333448476
482726000,0.6079396151890328,-0.48431351797892896,7.97952095406105,2.1885510558473693,50.975982359826155,-124.73597216827932
482736500,0.6100186603020178,-0.48890546139131463,8.164293199339385,2.138512486624627,49.7104026432285,-125.0033154087696
482747000,0.6065432249811098,-0.48629978476887037,7.985541289280353,2.186883603505482,50.55228321303677,-124.27935363972476
482757500,0.6147521920035082,-0.4908979391828448,8.37658113951823,2.0837878452475125,48.93454343938051,-126.06629416261286
482768000,0.6110242087864535,-0.4918947957403477,8.277197984510051,2.109052688112702,48.909923191225715,-125.08047432219492
482778500,0.6113640354027409,-0.48710508195975566,8.161233104922259,2.1393224625180456,50.08413158525888,-125.44255694201986
482789000,0.6067031498371298,-0.4893588993870126,8.068727566556301,2.164102229515482,49.78239637070241,-124.15406745806526
482799500,0.6065487664299918,-0.4900347858803482,8.081262705334753,2.1607106564800347,49.62355328331924,-124.07892627217869
482810000,0.6063760917783843,-0.4850866870567825,7.949804359147599,2.1968192540350904,50.864841221518134,-124.30187965388366
482820500,0.6102459136387569,-0.49045302132913743,8.212665181522928,2.1257903090016663,49.31244464070078,-124.97133509068428
482831000,0.6064661604296042,-0.4886595324884181,8.043163539286732,2.171052243600346,49.9687082913122,-124.13332055619881
482841500,0.6145761119639066,-0.491444021314796,8.385528569316325,2.0815430712564327,48.80920711317508,-125.98906189768375
482852000,0.6089476208914555,-0.4904388081363349,8.169562897263969,2.137119094975875,49.39006346922953,-124.65016676171024
482862500,0.6122067874506019,-0.49082935038348324,8.288168228328157,2.106233683137834,49.10456402502218,-125.43651411702731
482873000,0.612072884965021,-0.4950727315132444,8.39979763991012,2.0779732156251947,48.06429678544695,-125.14969279504757
482883500,0.6067164625806355,-0.48833712082722547,8.042866056423478,2.1711333834901,50.035216779237864,-124.21295349367716
482894000,0.6077475028729492,-0.4884394753736246,8.078477967081882,2.1614631863553018,49.95345842948594,-124.46374504854786
482904500,0.6076119928058589,-0.48821727605023946,8.068400439870974,2.164190881928014,50.01619842182427,-124.44222315450111
482915000,0.6096668253932362,-0.4901268783868332,8.184924067207545,2.1330677515462675,49.42657685086188,-124.84626188818201
482925500,0.6099465744953144,-0.48988955874875745,8.187853125306324,2.1322969957614637,49.46956093892639,-124.92929463253213
482936000,0.6082770394648771,-0.4898977476620925,8.133481663367554,2.1466962396932154,49.561892240290554,-124.5143932713666
482946500,0.6076646189777448,-0.49030492835282763,8.124262768942883,2.1491570907606503,49.49519101502273,-124.340003124277
482957000,0.6069439786635235,-0.4894122214815909,8.077821770227835,2.161640589512794,49.75601655934008,-124.21082751628163
482967500,0.607550470629728,-0.4893422279257001,8.095503964642038,2.1568704089969035,49.74002760136965,-124.36505503813753
482978000,0.6088645912188787,-0.4889868742770291,8.128770642983342,2.147953070627652,49.75524751344296,-124.71130350059025
482988500,0.6081901150525405,-0.48958502710389507,8.122490524193125,2.1496308159671393,49.644310890074934,-124.5102906334487
482999000,0.6081104258851835,-0.489287494090012,8.112156951638685,2.1523971898863494,49.72260244353087,-124.50706902305662
483009500,0.609346622305396,-0.48833892891587055,8.127542556643743,2.148280949091327,49.88964206341239,-124.86773083316487
483020000,0.6084722784212692,-0.4900905782374951,8.14488315260338,2.143660599593638,49.50315225908226,-124.5519914413035
483030500,0.6086188713462689,-0.4909162185465471,8.17139763135936,2.136634390405735,49.29047450604344,-124.54178475560616
483041000,0.6092552803533293,-0.4919204636907841,8.218997172539659,2.124136201294375,49.00613501800294,-124.64184772689444
483051500,0.6098619634745934,-0.48885721212777494,8.15789618553274,2.1402064143292483,49.731325598908626,-124.96699431898352
483062000,0.6090929197883863,-0.49078058110613865,8.183354296600987,2.133481053354499,49.29717368382848,-124.66677394629262
483072500,0.6091863373121431,-0.4890196994486737,8.140094582716138,2.1449345020039683,49.72901534464083,-124.78952955414104
483083000,0.6079692077389123,-0.490305346940565,8.134152756653865,2.146517322159,49.47811509193246,-124.41535893604008
483093500,0.6078366425631478,-0.49029026070156884,8.129455528944055,2.1477702612473037,49.48924390218193,-124.38338871998589
483104000,0.6064682137295349,-0.48958793833576114,8.067124021321828,2.1645368654040613,49.73848833082045,-124.08339701701128
483114500,0.6097672605047589,-0.49068574881932114,8.203035733049147,2.1283107808202,49.2821966216617,-124.8392409533369
483125000,0.607363606422581,-0.49041979158737853,8.117520723464244,2.150960375772985,49.48349491812494,-124.25917628165779
483135500,0.6094068491341669,-0.4897734858227614,8.16707256418432,2.137777351008877,49.529120124999075,-124.80178926956509
483146000,0.6066218698257285,-0.48935324191374086,8.065980876616257,2.1648468183362777,49.78823158918614,-124.13423850322931
483156500,0.6073207704781131,-0.49048282573779045,8.117781578361873,2.150890548733778,49.47028697501521,-124.24509310527475
483167000,0.6080982170635365,-0.490506897586862,8.143630140703449,2.1439937911956632,49.42102140793012,-124.43601659660479
483177500,0.6059762673825797,-0.489405388906017,8.046722407230646,2.1700820176577684,49.810370720216966,-123.97155109083371
483188000,0.6081505532706691,-0.4901665689350136,8.13640905680756,2.145915998623054,49.50234600803412,-124.46801686422255
483198500,0.6072358598125653,-0.48937072637117707,8.086119388130287,2.159399477082275,49.75028723628045,-124.28545665410473
483209000,0.6093971501651203,-0.4895341835588164,8.160461692333707,2.1395267449210524,49.589139579098614,-124.81293507148807
483219500,0.608445243911843,-0.4912898009452717,8.175584375506748,2.135529153046091,49.207957550667984,-124.4777568383847
483230000,0.6078880883204939,-0.49067730259802494,8.141267950736081,2.144622210378162,49.39063178931613,-124.37451058553002
483240500,0.6077873868596821,-0.49134531618988636,8.155555913541928,2.1408267918206123,49.231288253770224,-124.31224052841783
483251000,0.6055389570809385,-0.4901309608859291,8.05147684888081,2.168787211234084,49.654690744831264,-123.82426657421885
483261500,0.6063616833051542,-0.4918791654037915,8.123313701398285,2.1494107526533153,49.17915043677902,-123.93142555814285
483272000,0.607797051560586,-0.48892456417716773,8.092617497112848,2.1576476545412686,49.83011349004807,-124.44933145988024
483282500,0.6067215238966339,-0.49186067078764717,8.134474201178328,2.146431633719274,49.163780647672326,-124.02093333575586
483293000,0.6071609128357076,-0.4899741047162362,8.099365656499277,2.1558314424118543,49.60494530790953,-124.23367607038043
483303500,0.6087418304305974,-0.4888206491178051,8.120453173887778,2.1501756639337315,49.80348047968589,-124.69005354185308
483314000,0.6085302593003794,-0.4893656980467063,8.127799879322707,2.148212239918517,49.679776917300444,-124.6069837354404
483324500,0.60826393235531,-0.4893601714043946,8.119018861413021,2.1505594082208743,49.696013332418126,-124.54114441394164
483335000,0.6076233802759725,-0.48897460785529806,8.088322823964766,2.1588051334120646,49.82726129691775,-124.40342643315662
483345500,0.6079742896205379,-0.4909359058087921,8.150867606196895,2.1420706928363864,49.321891114990855,-124.38133849431013
483356000,0.6072747464638446,-0.4900987537325796,8.106279073633106,2.153973936841572,49.56781684599252,-124.25496580296227
483366500,0.6070735976913846,-0.48969577786438495,8.089328162449386,2.1585340677150007,49.67865745477337,-124.22738052724269
483377000,0.6079504390214849,-0.4919164834876046,8.175968717738659,2.1354277500760395,49.081307882352945,-124.32032427530444
483387500,0.6072551696347628,-0.4903390666399024,8.111909606089256,2.152463493824728,49.509458989120844,-124.23683641409423
483398000,0.6082010378206709,-0.4922052588847338,8.191844843091983,2.1312475112944385,48.99601866599723,-124.36572247415172
483408500,0.606552412831465,-0.4900603708521731,8.082042732480781,2.1604999613464617,49.61702878636588,-124.07842788301686
483419000,0.6078660259800616,-0.49074588448375495,8.142350698851901,2.144334118289985,49.374911532317796,-124.36522231287856
483429500,0.6075751701431885,-0.4917288974902058,8.158752181315927,2.139979590564742,49.14861743053004,-124.23841874272392
483440000,0.6073921102320081,-0.48953115888330695,8.095306209740194,2.1569236409399415,49.701910772886805,-124.31536195661661
483450500,0.6063334133273608,-0.4913664023797192,8.108982643838665,2.1532484130096203,49.306852447287916,-123.95273683528225
483461000,0.6078836090597571,-0.4908369612136076,8.145314432172041,2.1435459410165167,49.35141878722791,-124.36447344843367
483471500,0.6082449867257901,-0.48910926269892396,8.111872199604333,2.1524735214386594,49.759396907841094,-124.55040373594535
483482000,0.6080259607858827,-0.49139961249278136,8.164772143025179,2.138385770884718,49.204492451769845,-124.36805571634657
483492500,0.6081656300729458,-0.4909687334077279,8.157969752434328,2.1401869185014393,49.30303878695364,-124.42677549150554
483503000,0.6086674210884808,-0.4908605925611756,8.17151829272967,2.1366025215317435,49.30148887179273,-124.55693774689804
483513500,0.6077125874084142,-0.4903656170608775,8.127404173610184,2.148317901348523,49.4775070109327,-124.34849435222503
483524000,0.6068798145456258,-0.4902870442369485,8.09845035418365,2.156077608397159,49.54303193861146,-124.14691666660875
483534500,0.6079437210046241,-0.4892425946022961,8.105601112981924,2.1541559498637834,49.74300444686412,-124.46816669804622
483545000,0.6076832218407735,-0.4902672724511464,8.123881193226415,2.1492590691220763,49.50347411847618,-124.34670034856185
483555500,0.6078990560110688,-0.49024249159868005,8.13023040621331,2.14756346914313,49.4975886667135,-124.40150049066749
483566000,0.6074192542713158,-0.490214732923692,8.113968200861267,2.151911787911956,49.53112593578067,-124.28430290853687
483576500,0.6071498906644434,-0.49023865510268694,8.105894485573643,2.154077183928637,49.54010683780261,-124.21635363033717
483587000,0.6064528058170656,-0.4902291046696792,8.083221860801393,2.1601815423659088,49.58077978435454,-124.04458026271837
483597500,0.6065991951495299,-0.4903531396768266,8.09114180282235,2.1580452355837254,49.54211983767652,-124.0739479703006
483608000,0.6067636862870277,-0.4906953401927758,8.105340904869335,2.154225816502129,49.44858132899305,-124.09575043096883
483618500,0.6065478426589818,-0.49032915010488953,8.088868820945207,2.158657909776122,49.55086140870307,-124.06257878116405
483629000,0.6071116660669077,-0.49130113152465715,8.132430153711962,2.1469766388278715,49.27989970066311,-124.1480666333471
483639500,0.6070467890600507,-0.49132235584614303,8.130884213203304,2.1473890182885462,49.2782715837843,-124.13089630239018
483650000,0.6072047625529288,-0.49079450392487767,8.122174871514302,2.1497152126968375,49.39972109663145,-124.19915557776113
483660500,0.607215393028618,-0.49144586430821624,8.139594948272542,2.145067507345889,49.238456973084546,-124.16558183326322
483671000,0.6076104841751269,-0.49055389333712845,8.129020602685747,2.1478863478981616,49.436627653004585,-124.31276287531156
483681500,0.6076498643555558,-0.4903895781421035,8.125997927533374,2.1486934820451387,49.475070060270376,-124.33164464793003
483692000,0.6072299453035666,-0.49023506539287826,8.108384015591724,2.1534090171499147,49.536572130773244,-124.23634990510304
483702500,0.6072676476718697,-0.49067758620074176,8.121152339083682,2.1499886551160086,49.42510798130552,-124.22116920801668
483713000,0.6070031410147145,-0.4908396990066902,8.116836605725178,2.1511435257301708,49.39973152746691,-124.14688104699185
483723500,0.6068897206195413,-0.49009915954017563,8.09388511230077,2.1573062516464687,49.58893757099936,-124.15970063150692
483734000,0.6064300291196444,-0.4908765775302918,8.099317827082801,2.1558443044954148,49.422224520853845,-124.00346803410291
483744500,0.6064605321648815,-0.4903670470937094,8.087048927753347,2.159148707643048,49.546285008527015,-124.03893845084912
483755000,0.6065165052285325,-0.49033988668811296,8.088141103226233,2.15885413740529,49.54992681564023,-124.05425000848231
483765500,0.6061966076594991,-0.4901077236954913,8.071869129309688,2.1632512271912714,49.62475329122848,-123.9879137888962
483776000,0.6060917828435857,-0.490192416354611,8.070706528705955,2.163566079865842,49.609542925142975,-123.95741041133313
483786500,0.6062571819513778,-0.4908294841995896,8.092534505456138,2.157670010216858,49.44331657133098,-123.9634338518284
483797000,0.6060688522713064,-0.49076437365898684,8.084797030030591,2.15975632125525,49.469670392023104,-123.92056522940278
483807500,0.6064782254073571,-0.49030830146965265,8.086092158994092,2.1594068237897517,49.5598249618422,-124.04652505490455
483818000,0.6065283107542854,-0.4901448373261246,8.08345919199189,2.1601174634133713,49.5974700618741,-124.06784807098423
483828500,0.6063005009789795,-0.49092419383096275,8.096391415916607,2.156631556128,49.417594325703256,-123.9689216479132
483839000,0.6068524295581771,-0.4912340604465437,8.12227891366701,2.1496873939887546,49.310808324826475,-124.08788782494078
483849500,0.6066558226945034,-0.4906734709666189,8.10129600544335,2.1553124698873907,49.45991728998547,-124.07033243262408
483860000,0.6072973705158704,-0.4905009829295116,8.1174991091447,2.150966161814497,49.467096006704665,-124.23830322838327
483870500,0.6067903693870451,-0.4900770576382091,8.090116471851942,2.158321566621752,49.59986117329532,-124.13634637812072
483881000,0.6073077238376108,-0.4904655594003126,8.11690882434083,2.1511241900981712,49.47527784031739,-124.24282511805016
483891500,0.605821460709228,-0.4895590811893053,8.045747033750095,2.170347839271089,49.78071462045059,-123.92494796365912
483902000,0.6057606748203777,-0.49008409374432266,8.057333328915893,2.167194413189715,49.6542682367098,-123.88153240240473
483912500,0.6061455311345454,-0.4907267627464723,8.086279854431023,2.159356182606325,49.47475363594938,-123.94152583158342
483923000,0.6060670268593351,-0.49086910574797854,8.087459273418126,2.1590380239919997,49.44395484881644,-123.91439284583694
483933500,0.6060098233672309,-0.49094993311434976,8.087724598084863,2.1589664633204735,49.42716425458173,-123.8958799879794
483944000,0.6057417909113211,-0.49088063392359665,8.077335559449738,2.1617720557275457,49.458853412132726,-123.83362955235346
483954500,0.6052397856276455,-0.49105271972936704,8.065751075195418,2.164909137601236,49.443737579538144,-123.70070746902866
483965000,0.6053519725752432,-0.49112796742529474,8.071282781902344,2.1634100088595583,49.41914680579464,-123.72423045544376
483975500,0.6057493448518326,-0.4916813682597824,8.098406363808035,2.156089440812055,49.2614277652522,-123.79179078522229
483986000,0.6056959780151849,-0.4916930288979726,8.096995775825075,2.156468926252811,49.26148135942634,-123.77803852174642
483996500,0.6061094336674426,-0.4909109805090454,8.089908877250293,2.1583775229047792,49.431316317854005,-123.92255402657042
484007000,0.6057604791798658,-0.4913400377269168,8.089870593798658,2.1583878423724183,49.34474530598672,-123.81318545911132
484017500,0.6057550765987707,-0.4906945485198062,8.072936715098912,2.1629621873140508,49.50398142814651,-123.84702590860373
484028000,0.6053871874361135,-0.48993619193563975,8.041635378128868,2.1714691217374225,49.7109508652953,-123.79730714728248
484038500,0.6056591639099616,-0.4896526051659365,8.04298908660107,2.1710998256748337,49.766350641002134,-123.87977360810547
484049000,0.6054539813784116,-0.49005470083092967,8.046808095443767,2.1700586679062237,49.678098265415485,-123.8074098314609
484059500,0.605634515258771,-0.48993225837233295,8.049400123626043,2.169352587542376,49.69858545365991,-123.8585906164928
484070000,0.6052792994311351,-0.4907002429308567,8.057895168364642,2.167041732260462,49.52836586127497,-123.72949591002813
484080500,0.6058147458725064,-0.4909171180835653,8.080618278725886,2.1608847553665385,49.445893276188364,-123.84961340182998
484091000,0.6059507854126117,-0.4906078835806519,8.076953416868912,2.1618753942920446,49.514695533636434,-123.89999105074452
484101500,0.606132323602628,-0.4908475676688183,8.08899505914062,2.1586238735482826,49.445693147401485,-123.93166416452699
484112000,0.6058473986959667,-0.4904429743923125,8.069374842623846,2.1639268370748037,49.56099412043514,-123.8834652577037
484122500,0.6056197351656877,-0.49012393824471645,8.053868647961657,2.1681364248565043,49.65205862081002,-123.84458295838982
484133000,0.6052544202766058,-0.49018883392868307,8.043916023116802,2.1708470272071168,49.65575502551331,-123.75094455641302
484143500,0.6054029295151655,-0.49002372015159795,8.044387229990368,2.170718540147793,49.688496686027264,-123.79647913347792
484154000,0.6055832530548544,-0.4899012973293662,8.04697159599829,2.1700141159531574,49.708999493619174,-123.8476017706488
484164500,0.6054316284313505,-0.49041127458631045,8.055287562533584,2.1677505368422896,49.59134327816692,-123.78264735370712
484175000,0.6051822893133935,-0.4911677583640617,8.066895308980857,2.1645988714643,49.418553245249946,-123.6803380789271
484185500,0.6049364815086935,-0.4912132651087478,8.060234802879338,2.1664061646210824,49.42065024025605,-123.61744362084308
484196000,0.6056759963940841,-0.49072666032092943,8.071239941546962,2.1634216108578697,49.500365631171576,-123.82579219218415
484206500,0.6057879017327896,-0.4899527329245939,8.054813661158326,2.167879403705188,49.68523477966658,-123.89536857750443
484217000,0.6058388141250578,-0.49009205148945806,8.060031212229104,2.166461455650506,49.64806926108667,-123.90039517139132
484227500,0.6057451543812742,-0.4903626895375008,8.064032169870094,2.1653753975854357,49.58635104984852,-123.86260177827985
484238000,0.6057773008476464,-0.4903671210934568,8.065173232533336,2.165065857225666,49.58351358144254,-123.87029201591216
484248500,0.6051567744420865,-0.4898927651254217,8.033205751445157,2.173771595921363,49.734054326625184,-123.74276292116113
484259000,0.6057213035461192,-0.4902207182769157,8.059603627359072,2.1665775881350107,49.62267505311676,-123.86441306731672
484269500,0.6050400590616677,-0.490030614111094,8.033044170727583,2.173815778136211,49.706299375908024,-123.7065688176956
484280000,0.6051015970330956,-0.49012339618105993,8.037379684781214,2.1726309116780067,49.68011132511596,-123.71676949644804
484290500,0.605006307995329,-0.49002710557371704,8.031884196647239,2.1741330114682826,49.70897415974511,-123.69843113000054
484301000,0.6056741184827751,-0.4903894297027102,8.062455658983804,2.1658032100254325,49.583606703176635,-123.84362880521853
484311500,0.6054760941601484,-0.4909933404964157,8.07175967806726,2.163280864583486,49.44554168127963,-123.76207876079206
484322000,0.6054743374898224,-0.49149963497851107,8.084848369437697,2.1597424648776684,49.32110396498732,-123.73412171431231
484332500,0.6057298804361801,-0.49108540207070156,8.082269195446639,2.1604387985897966,49.40907760948261,-123.81954509090866
484343000,0.6056057223003177,-0.48996416180107855,8.049305166534419,2.1693784461393686,49.692261793170395,-123.84975708176653
484353500,0.6059994268036112,-0.4906443427813544,8.0794565782253,2.161198672694585,49.503053786673114,-123.90999849019369
484364000,0.6053454993441248,-0.490698656885673,8.059964265805565,2.166479637540765,49.525178115790794,-123.74588696331617
484374500,0.6058029422594553,-0.4905341528913671,8.070313518458427,2.1636725347832964,49.54092208702254,-123.86754526747703
484385000,0.6052974982451257,-0.490616557180017,8.056313584401428,2.1674715859375624,49.54799661972368,-123.73849965123425
484395500,0.6051337137749573,-0.49058812263263885,8.05036562352498,2.1690896989889077,49.56383739435086,-123.69968714310089
484406000,0.6054403553227444,-0.49081428349847445,8.065980782156554,2.164846843951824,49.491565412828116,-123.76299008526999
484416500,0.605480882817173,-0.49083932177456824,8.067922969829816,2.164320290992417,49.48320250863914,-123.77161339097715
484427000,0.604794583984551,-0.490816137242726,8.045464270658833,2.1704249138288243,49.52595234514722,-123.60393229919508
484437500,0.6047958836928141,-0.49029569515658733,8.03211294703645,2.1740704447306802,49.65402713055022,-123.6321649776251
484448000,0.6047431999361378,-0.490520945248928,8.036232605271387,2.1729442743588905,49.60136561319427,-123.60712326966745
484458500,0.6050859571355204,-0.49062790575120313,8.049872513662796,2.169223956084158,49.556611873170304,-123.68578142403726
484469000,0.6046444511953404,-0.49106712595523994,8.047168015918269,2.169960596296619,49.47229390194938,-123.5535295414311
484479500,0.6051416833483352,-0.49047351503202025,8.047664317955324,2.169825377871081,49.59164313227157,-123.70782433839827
484490000,0.605326851817262,-0.4906472886112184,8.05804259938528,2.1670016711843605,49.53883987395599,-123.74407055696122
484500500,0.6051663845263003,-0.4903835939287941,8.04613274602033,2.1702427120640824,49.612473453295195,-123.71875346418506
484511000,0.6050814575105976,-0.49085526947151564,8.055597796765685,2.1676661839328757,49.50087918299153,-123.67241749690862
484521500,0.6051452329736781,-0.49062694182658695,8.051733505921412,2.1687173584219046,49.55365504132813,-123.70043215745137
484532000,0.6049718059512187,-0.49099180060612746,8.05563380430554,2.167656393884451,49.47320025792272,-123.638075566475
484542500,0.604859521444834,-0.4909530975577855,8.05106138638004,2.1689002947664098,49.48876843052754,-123.61254208067045
484553000,0.6052999621921901,-0.4911791439425437,8.07094775396935,2.1635007442512317,49.409378518617544,-123.70866167590901
484563500,0.6046594437019012,-0.4913937558191354,8.056081972463172,2.1675345493996625,49.391238342621996,-123.53964987055073
484574000,0.6046065778353295,-0.49081280430465335,8.039410576139563,2.172076329340575,49.536860174852016,-123.55786094426465
484584500,0.6038786219790847,-0.4909024186942851,8.018682648998317,2.1777499802144975,49.553665569814356,-123.37414219417221
484595000,0.6041179302091146,-0.49114223180265193,8.032407280684101,2.173989945291818,49.4820279107592,-123.42015196129732
484605500,0.603935270178373,-0.49082700184879197,8.01853584953009,2.177790268441001,49.569185742061514,-123.39206507055387
484616000,0.6032502611537828,-0.49153372189333755,8.01507039220605,2.1787417776599955,49.432098568024045,-123.18654481521922
484626500,0.6041535699634545,-0.4910211636150031,8.030420734525325,2.1745333764671004,49.509862247183634,-123.43536443481318
484637000,0.6045962852630021,-0.4911374498229741,8.047452483005117,2.1698830906304383,49.457597089977256,-123.53791524893238
484647500,0.6044833655701956,-0.49114754294361285,8.044127162445509,2.1707894525752196,49.461176306312346,-123.50962793651254
484658000,0.6050084789489868,-0.49072252737657335,8.0498488860196,2.169230389509663,49.537486112115225,-123.66160828890142
484668500,0.6045470756973635,-0.49045138072022165,8.028232086410013,2.1751324100770124,49.62898639180206,-123.56255557291303
484679000,0.6046552674061414,-0.4905666734450383,8.034621053476602,2.1733846765301683,49.5948171169151,-123.58302538864021
484689500,0.605361119696709,-0.491149958653648,8.07214518986838,2.1631764786727876,49.41324069452904,-123.7252878358522
484700000,0.6048452026439336,-0.4911105567095913,8.054672537013396,2.1679177822310973,49.45081982854477,-123.6005429214412
484710500,0.6053586203526098,-0.49091781455675865,8.066051310252263,2.1648277183390867,49.470502517823,-123.73725672797715
484721000,0.6050874496132115,-0.49080162947472217,8.054403235553727,2.167991022199742,49.513758429351476,-123.67678551730708
484731500,0.6048343010037004,-0.4906328487109221,8.042002919699394,2.171368842716212,49.568928166133446,-123.62355081254326
484742000,0.604297998108039,-0.49089183756665894,8.031665999019411,2.1741926952373016,49.53393387015288,-123.4777571610519
484752500,0.6042950888186488,-0.4912035888979688,8.03959937551774,2.172024787717113,49.457494303324275,-123.46037859055654
484763000,0.6038505480549533,-0.4913538892829063,8.029394565034757,2.1748141980443325,49.44433075798961,-123.34324443758679
484773500,0.6042037322316434,-0.49107365030759875,8.033358689430576,2.1737297786159635,49.494291779322175,-123.44488573458767
484784000,0.6041467466881324,-0.49161265576963004,8.045446555900456,2.1704297426378254,49.36504584302985,-123.40207809048327
484794500,0.6040274595305162,-0.49123781020400303,8.03200367266583,2.1741003324943518,49.463388324692474,-123.39284188282701
484805000,0.6044208555540973,-0.4910723466141678,8.040205384210498,2.1718593659028933,49.48300196069442,-123.49829839864321
484815500,0.6044734040628131,-0.4909519565609769,8.03877048739832,2.17225108981084,49.50977665017308,-123.51765986201045
484826000,0.604850953317128,-0.49049527132206766,8.038989945979761,2.1721911688643813,49.601910607027925,-123.63503487482438
484836500,0.6049427248810905,-0.49106687377672126,8.05664799892111,2.1673806821886137,49.456304631148086,-123.62687556608778
484847000,0.6040630392764675,-0.4908838460035304,8.024029442796689,2.1762836054818235,49.548424121674124,-123.42043846358601
484857500,0.6037987902728731,-0.49090515472847396,8.01623433781894,2.178422100377787,49.55723054462094,-123.35438778318115
484868000,0.6035584557078078,-0.49094261743410383,8.009620971172147,2.1802397147007473,49.56076120983519,-123.29338689605878
484878500,0.6030231496218587,-0.49056999776733495,7.983300478825993,2.1875039423011446,49.68042849223743,-123.18155967105857
484889000,0.6034169781932344,-0.49079988277098985,8.00151817699427,2.182470843227627,49.6032786015619,-123.26618834699406
484899500,0.6035342180288426,-0.49119139460497135,8.015233875916426,2.1786968712192385,49.500991350119214,-123.27427215243962
484910000,0.6038531827104523,-0.491568687739752,8.035008615311867,2.1732787478942592,49.391513235960836,-123.33244545079565
484920500,0.6038579209879323,-0.49085369906084986,8.016780001982912,2.178272266358276,49.566733004548205,-123.37164312503566
484931000,0.6041181306429102,-0.4906616205741224,8.020066774690028,2.177370188943328,49.60011927618058,-123.44580471136813
484941500,0.6037463588249896,-0.49083658180298795,8.012823762523746,2.179359080557344,49.576853899623956,-123.34514441269266
484952000,0.6039321648114557,-0.4908196965426424,8.018250487617156,2.1778685885804,49.57114576027939,-123.39169001996527
484962500,0.6041052702458596,-0.49054370093503524,8.016637849783923,2.1783112979600103,49.62980458568418,-123.44891051024337
484973000,0.6039987769739457,-0.4901276487770385,8.00263972357674,2.182161748355311,49.73784700456416,-123.44476128856489
484983500,0.6047429445226321,-0.48955965709093874,8.011583432031705,2.1797000348904167,49.838406806547695,-123.65840286314076
484994000,0.6042082528741695,-0.48979287835045016,8.000687515944488,2.182699827665993,49.80924797902209,-123.5140934813308
485004500,0.6039831406742001,-0.4902932515585446,8.00637832998255,2.181132035022915,49.69790653577423,-123.43214592485427
485015000,0.6034169884195439,-0.4910371542551424,8.00758909042641,2.180798768228658,49.54503501533384,-123.25366767315884
485025500,0.6037749740320613,-0.4913181330425969,8.026086190665815,2.175720064543968,49.45712363543823,-123.32660760883958
485036000,0.6038874280922137,-0.4910598245852907,8.023000903806004,2.1765655312591,49.51453995876569,-123.36794134171937
485046500,0.6040222448429209,-0.4911094792713439,8.028537550289606,2.1750487846068887,49.49517231945846,-123.39840213609617
485057000,0.6039206844173427,-0.4914021620947742,8.032855591220262,2.173867345113661,49.42875222346867,-123.3578778157671
485067500,0.6037606855325711,-0.49143389244569935,8.02861197705894,2.1750284101048614,49.429491314748674,-123.31694548376109
485078000,0.6036209821451299,-0.49133817052375417,8.021738296067904,2.1769117164252902,49.460389851453066,-123.28777202602853
485088500,0.6032151152366029,-0.4917579595342783,8.019722435695128,2.177464659930935,49.379044958481835,-123.1660737237755
485099000,0.6028968704624615,-0.4912411496600555,7.996466370846744,2.183864197750147,49.522408215336725,-123.11537883263597
485109500,0.602588187197107,-0.49132966367849656,7.989052736694011,2.185912216712783,49.51691045401094,-123.03512016625268
485120000,0.603186781123863,-0.49209034261217355,8.027380773583918,2.1753655042682523,49.299218835690176,-123.14152929776432
485130500,0.6034604392813947,-0.4919750484410962,8.03305659552737,2.173812380666914,49.31289078332641,-123.21460225912806
485141000,0.6031284192346542,-0.49189328861677756,8.020468118905208,2.177260088710174,49.35051347127544,-123.13769280961924
485151500,0.6030237920239014,-0.49097891733612936,7.993747848180067,2.184614742456485,49.580033291756365,-123.16026993946691
485162000,0.6033384764458346,-0.491186429763798,8.008941876998195,2.1804265292332565,49.51256204342763,-123.22652227216851
485172500,0.6032706647571161,-0.49083420279883183,7.997798829172075,2.1834965146107823,49.60256198006556,-123.2284576996972
485183000,0.6020950719248245,-0.49084890825473876,7.961423348909049,2.1935789774041887,49.66035888665093,-122.93936290868463
485193500,0.6034027238643008,-0.49126641930947607,8.013014971876377,2.179306528575046,49.48954986981178,-123.23804994195342
485204000,0.603348482926828,-0.4907374638915245,7.99777126177637,2.183504120392044,49.62221627150938,-123.25265795293764
485214500,0.6030932530498676,-0.4905060209867591,7.9838659417194595,2.187347367990845,49.6924692947163,-123.20212949728402
485225000,0.6030067470736347,-0.4913379341661655,8.002391429230643,2.1822301699462345,49.49291446755055,-123.13721378968738
485235500,0.6028207627623253,-0.49143733050015637,7.999095342646203,2.1831388696669407,49.47834778079607,-123.08642822309982
485246000,0.6028272598337914,-0.4920030127774446,8.0138013772596,2.1790904196875833,49.33958901895529,-123.05823673836684
485256500,0.6031456931277926,-0.49208669186933457,8.025989702716505,2.1757464953089416,49.30229010757334,-123.13167474284218
485267000,0.6031573252188395,-0.4925982135424105,8.039553175933367,2.1720373998279423,49.176673779713774,-123.10735571950819
485277500,0.6030045471706214,-0.4923832900683777,8.029176197028098,2.174873966048994,49.23727876698721,-123.08145463248479
485288000,0.6032705046822164,-0.4925176422566713,8.04105310914819,2.171628005448664,49.190328797309775,-123.13928621511583
485298500,0.6035466586346049,-0.4921443025456537,8.0401519542641,2.171873949623857,49.26688473175686,-123.22668686291598
485309000,0.6033428931791255,-0.4924408881842681,8.04136131308615,2.1715439029423207,49.205226453274314,-123.161060238442
485319500,0.603677245731928,-0.4922447047075432,8.046885140019903,2.1700376739480856,49.23535310096224,-123.25327415011655
485330000,0.6033601115617104,-0.4923003226176612,8.038275109338217,2.1723863599982454,49.2386662010756,-123.17275395396081
485340500,0.6032281590943742,-0.4923508752486654,8.035405843885208,2.1731701879101855,49.23332881747424,-123.13781186085502
485351000,0.6022372397463562,-0.4920981574850973,7.997709823651856,2.183521071221353,49.34735073258073,-122.90906321987907
485361500,0.6020438091193024,-0.4911992427771996,7.968724884047588,2.191547654570418,49.57721688187525,-122.90863831516923
485372000,0.6023055533067568,-0.4916536752297874,7.988479984729194,2.1860706003370836,49.45240083167943,-122.94900968792406
485382500,0.6019440919093685,-0.49142231400498687,7.971291245675216,2.1908345781868683,49.52781221765437,-122.87265882439151
485393000,0.6026270631868446,-0.4915688976219869,7.996384540668478,2.1838867823085355,49.45630806387926,-123.03210205656693
485403500,0.6023240691488082,-0.4922585810988502,8.004545806931448,2.1816366393468276,49.303627487130846,-122.92185413422868
485414000,0.6028119409516008,-0.4920674923249357,8.01497576377744,2.1787677714726197,49.32463414846088,-123.05109012748355
485424500,0.6023707690115294,-0.49250902008306635,8.01244435408021,2.1794633647252573,49.240053473459305,-122.92009158306007
485435000,0.6033792893266003,-0.4925665805609673,8.045764547155754,2.1703430657102194,49.17257640087457,-123.16325277180302
485445500,0.6024839390509377,-0.49336552292600916,8.038102130143898,2.1724335984734453,49.025356592545556,-122.90244756796413
485456000,0.6032184074256612,-0.4920426325296469,8.027150495710305,2.175428564261615,49.30921036364337,-123.15179488225031
485466500,0.6025812838302728,-0.4924234406573766,8.016866349754775,2.1782485580070428,49.2498511335869,-122.97597267427366
485477000,0.6024012370031865,-0.49087646260503526,7.971663385403508,2.190731216031438,49.637705829909066,-123.01296968637409
485487500,0.6031893471740916,-0.4923843912970983,8.035043639414706,2.173269175596608,49.22720135186202,-123.12654609901941
485498000,0.6030108534256229,-0.4940001396654233,8.07129693385039,2.1634061762653047,48.842890604844854,-122.99681788549694
485508500,0.6023106570502822,-0.4915229785703112,7.985302467447042,2.18694970133793,49.48410244245705,-122.95708502073946
485519000,0.6018473351112025,-0.4912533266654781,7.963980523605733,2.19286712828025,49.57416837851764,-122.8577522633368
485529500,0.6019069186726624,-0.49286098116901844,8.006920005306029,2.1809829240046446,49.17861271166009,-122.78854033099253
485540000,0.6025727279722826,-0.4919810138573498,8.005234195409338,2.1814470568825706,49.35836935187024,-122.99717389685574
485550500,0.6014421102219659,-0.49154455716546197,7.958775891132805,2.194316448602031,49.523914435418945,-122.74362069654732
485561000,0.6020224622350396,-0.4920065332047159,7.988639959358472,2.1860263600844556,49.38095368372161,-122.86140258846368
485571500,0.6014575291971479,-0.49223322993357815,7.976786968564591,2.189309132159672,49.35502577337053,-122.71175302356279
485582000,0.6021809331596278,-0.490373879495544,7.9520576168282675,2.196190118832392,49.772404223103415,-122.98500751627537
485592500,0.6033308000690761,-0.4887343241188984,7.946407588818903,2.197768356177568,50.116480874150895,-123.35306250576426
485603000,0.6029342623639043,-0.4915870620537495,8.006494528290682,2.181100046518658,49.43571387194799,-123.10634187814793
485613500,0.602162479170842,-0.4933734935242794,8.028162245547483,2.1751515310032152,49.04041521090629,-122.82379889875565
485624000,0.6020742636642564,-0.49215043526083585,7.993942337925117,2.184561029433203,49.343113063232394,-122.86653480735059
485634500,0.6020864301974814,-0.49230425940501493,7.998263227456762,2.183368396195026,49.30493333060374,-122.86145879078744
485645000,0.6037717484225885,-0.49168759420942026,8.035495441471003,2.173145702979891,49.366710020509295,-123.3061458893574
485655500,0.6042684459458764,-0.49167187250724453,8.05084056612658,2.168960404015005,49.34400054021424,-123.4287492811034
485666000,0.6036042414976808,-0.4915053991029643,8.025508247042819,2.1758783892157525,49.42027721940972,-123.27478784909202
485676500,0.602358739724532,-0.4920388255886022,7.999999625195053,2.1828894918510295,49.355476370057,-122.94184933186365
485687000,0.6015559111244839,-0.4932172254933039,8.005065715615439,2.1814934532244177,49.110286455578844,-122.68446657452965
485697500,0.6028665281602357,-0.49186205860774745,8.011417708241765,2.179745598809413,49.37198810926865,-123.07527344129414
485708000,0.6018822377987322,-0.49304059175578036,8.010763295534947,2.179925541041012,49.136172879584365,-122.7731138412341
485718500,0.6030541936669173,-0.4927398700432499,8.03995142509189,2.17192868588164,49.147577505313976,-123.07464564590315
485729000,0.6017054306929424,-0.4916960963928983,7.970822490980179,2.19096478919409,49.47327003037317,-122.80011413277505
485739500,0.6011996675224234,-0.49329363656298864,7.995871851588258,2.1840282916064244,49.11029828537238,-122.59387839096863
485750000,0.604993814607328,-0.4900540502345505,8.03217996124674,2.1740521160025716,49.70299743378713,-123.69390536095341
485760500,0.6037660705698693,-0.49061754787332096,8.007836727530787,2.1807306177073187,49.62963286183742,-123.36158652666089
485771000,0.6017667495556643,-0.49257691822066213,7.9952368352614265,2.1842035904813044,49.2551521103828,-122.76924864888773
485781500,0.6024040105055043,-0.4922426108473712,8.006646128436449,2.1810583135776556,49.30332884553115,-122.94221055626628
485792000,0.6033844702801036,-0.49210316535116083,8.033957799702542,2.1735659815380917,49.285583822730445,-123.18920065336168
485802500,0.6025291109479757,-0.4930556181399719,8.03151684274675,2.1742334959655407,49.098434598991616,-122.92985794366955
485813000,0.6019966702990514,-0.4933816064079692,8.023147958950215,2.1765252184823893,49.0471814782893,-122.78303687725042
485823500,0.6026858180301659,-0.49296517755936564,8.034128582312736,2.173519294023343,49.11217729585325,-122.9728368534683
485834000,0.6025683685758122,-0.49289575461875573,8.028628408643444,2.1750239119719126,49.13531769701983,-122.94788175400583
485844500,0.6023321750784036,-0.4924584507927034,8.00993168178375,2.1801542508968668,49.254420978396034,-122.91333451225171
485855000,0.602920187775193,-0.4901149893304711,7.968518135976043,2.191605120865216,49.79761296452685,-123.18003712972397
485865500,0.6004115089343522,-0.4920620001436954,7.939961120389651,2.1995718528976576,49.45059601047368,-122.46563723066961
485876000,0.6014240817654213,-0.49208361544829404,7.971929048771507,2.1906574337819396,49.39324836392646,-122.71135000505902
485886500,0.6028428625394163,-0.4927132864231448,8.032583694090626,2.1739416995849865,49.16528451011123,-123.02448734139206
485897000,0.6022008463253602,-0.4922299659272226,7.9999460299797445,2.182904270433184,49.31707448291825,-122.89327349525449
485907500,0.6024726721231615,-0.49207815797822624,8.004583312020731,2.1816263095769237,49.33988819282892,-122.96761950120592
485918000,0.6016728680240929,-0.49236103211614374,7.986773730819404,2.1865425690701787,49.312672957615334,-122.75761863638782
485928500,0.6020973344092618,-0.49165784634069,7.982075545286441,2.1878431985668003,49.46224666476897,-122.89787984909906
485939000,0.6018005156168736,-0.4912133718842961,7.961508920239937,2.193555149118054,49.58636798570465,-122.84836502927726
485949500,0.6027330096613217,-0.49226608484062284,8.017595934040628,2.178048258080225,49.28027203827081,-123.02132320766665
485960000,0.6022769811482752,-0.49247297031678944,8.008570576807438,2.180528685187522,49.25377872009012,-122.89910541906809
485970500,0.6019425995172112,-0.4923041396760334,7.993754818496104,2.1846128173901027,49.312482597662935,-122.82637188765817
485981000,0.6022714751880852,-0.49246283299608046,8.008137257687366,2.180647916600302,49.25654108854411,-122.89829461181256
485991500,0.6019409108675103,-0.49196055400591243,7.984915136713288,2.1870569099678234,49.39643458098811,-122.8438851358568
486002000,0.6027402586494403,-0.4922941728705391,8.018546711614723,2.1777872873562103,49.27302853403453,-123.02161126211257
486012500,0.6015453364418456,-0.49221844927507946,7.979148400578106,2.188654325983031,49.354073388247755,-122.73393287863531
486023000,0.6026040829856857,-0.49144371682875704,7.992463804560893,2.1849694286456143,49.488152815161,-123.03303961260619
486033500,0.6016730265495592,-0.4922485004761479,7.983901984018864,2.187337388792749,49.34010749194334,-122.76351392038609
486044000,0.6019691472190536,-0.49288743144224617,8.009553446977097,2.1802582887409647,49.168907620646486,-122.80230995805275
486054500,0.6027891618571222,-0.493978197688989,8.063675716075892,2.165472112384798,48.86008581169078,-122.94409498230212
486065000,0.6053562569869739,-0.4923215309924412,8.102489022308852,2.1549918539617923,49.12579265609061,-123.66029581184821
486075500,0.6020193376572912,-0.49802223130835555,8.14558262206166,2.1434746471449504,47.92475835990071,-122.54039272072376
486086000,0.6015896193084305,-0.49281085972201577,7.9956887443116935,2.184078836222683,49.207408684977715,-122.71389184180406
486096500,0.601041831599689,-0.49334127005393497,7.992159227839941,2.18505357763366,49.1069353780802,-122.5530525333574
486107000,0.5987767044299579,-0.49339889670956233,7.923437731967894,2.204208137437575,49.208919437447044,-122.00082082631474
486117500,0.6022665527920918,-0.49731986277559226,8.134851307063817,2.146331116226857,48.08011588482561,-122.63788754823591
486128000,0.5990088752687103,-0.4932746343249655,7.927428605769566,2.2030865423952393,49.22729125803659,-122.06331460120099
486138500,0.6034813339831632,-0.49071752512917627,8.001435762106661,2.182493559995175,49.620110762208995,-123.28633780950395
486149000,0.6004132270706354,-0.48697199593672436,7.8133040856839715,2.235619648318484,50.69944049104825,-122.7212982205135
486159500,0.6022194005484358,-0.49250413946482835,8.00756262640876,2.1808060514640104,49.24919902057474,-122.88342222721602
486170000,0.609289873631192,-0.48319704362275734,7.994152030640922,2.1845031207182517,51.18516968057352,-125.13720927204375
486180500,0.6022950683973475,-0.4980375854230248,8.154887191974398,2.141004128139572,47.906082095350165,-122.60574322903723
486191000,0.5950355537410944,-0.4957750422894828,7.869432321206687,2.219499500134667,48.82265070314041,-120.98297587385005
486201500,0.6039572867871219,-0.4874122236806481,7.9326586489979505,2.2016184273786874,50.411288638365626,-123.57679574717586
486212000,0.6021920533515318,-0.4928736658929036,8.016204815432276,2.178430207526038,49.16055059424721,-122.85733478957779
486222500,0.5976090228484237,-0.4920167234049394,7.853125414172158,2.2241587382705084,49.601984749407,-121.78663281153048
486233000,0.5987619925756879,-0.4931645329609712,7.917057205173578,2.2060037076188355,49.26641160100974,-122.00906347377398
486243500,0.5985948912915138,-0.48302471919392675,7.664537166426181,2.279507494171407,51.766095418309725,-122.45867976381388
486254000,0.6051829433514712,-0.4890220353201465,8.011746755812494,2.179655132700758,49.94785048722753,-123.79581998314819
486264500,0.6005598685663908,-0.4952406805515837,8.0260275881952,2.1757361173330687,48.67208258679123,-122.33730535872967
486275000,0.6024780148001523,-0.4925597887774958,8.017123771052994,2.178177881386311,49.2220203184622,-122.94358347392571
486285500,0.5993571656038015,-0.49612470568415135,8.011219411978495,2.1798001206853894,48.521700519457944,-122.00155719091516
486296000,0.601519437984469,-0.48443244482777814,7.784814279991154,2.2438924047030033,51.27560369880763,-123.1206562575325
486306500,0.6061692730211504,-0.4888321547268166,8.038144799073944,2.172421945925337,49.941940235211334,-124.05033595913608
486317000,0.5989756025893406,-0.49089297523033976,7.866576008043675,2.220314192601448,49.80784225945554,-122.17453340598739
486327500,0.5981621663382976,-0.4923062253043465,7.877136908384358,2.2173049523367947,49.504448541048895,-121.90653880409643
486338000,0.6046095153397385,-0.49182983904562816,8.065784950428219,2.1648999508360642,49.28690965920721,-123.50389473581978
486348500,0.6009118733321676,-0.49211724936747037,7.95685960695239,2.1948505564415135,49.411486096082776,-122.58472208033253
486359000,0.6077219766335601,-0.4903947060674738,8.128469583181634,2.1480334392396823,49.46978796319443,-124.34919757214686
486369500,0.594631149290125,-0.4944550324593927,7.8242225590935695,2.232465419903421,49.15832875957932,-120.94993135160136
486380000,0.6083778221683582,-0.4916071635949344,8.181775428898607,2.1338969127196785,49.13342758092595,-124.44316463470024
486390500,0.5994112431913906,-0.4924085813038342,7.91789958114423,2.205766482650851,49.41707936165342,-122.20468541315373
486401000,0.6018003530220228,-0.4902715583478252,7.937667613775969,2.2002142138324996,49.81713224457718,-122.89689693789796
486411500,0.6081401544733004,-0.48990326359419833,8.129181548807649,2.147843388119853,49.56817168589839,-124.48014976749003
486422000,0.6074891611832812,-0.49245114401536366,8.17504414692843,2.135671700670144,48.97571187073674,-124.17670474378562
486432500,0.5971879473865368,-0.5030772291063071,8.12599384644296,2.1486945722162845,46.9826967346905,-121.1229555520869
486443000,0.5984057560480356,-0.49215502878255485,7.880765156198937,2.216273005343306,49.52904806971625,-121.97316633679274
486453500,0.5992327525342491,-0.4969724607873891,8.029326220514992,2.174832903797585,48.32462395810516,-121.92770400637617
486464000,0.5990895117729284,-0.4971607030372098,8.029731766420321,2.1747219114594127,48.28695010560085,-121.88358910233192
486474500,0.6032508597620094,-0.496710771686042,8.150395861866356,2.1421959364249936,48.17328486383902,-122.90821362440786
486485000,0.6066072436564335,-0.4857160202940027,7.972840425583352,2.1904043565665403,50.69490573656843,-124.32646023489906
486495500,0.6027106179915805,-0.4949554699286898,8.086699234360449,2.1592430403948164,48.627081223731935,-122.8726856177414
486506000,0.6032404245853219,-0.4976527729669924,8.175207828591729,2.135628508724831,47.94683994800248,-122.85403938274895
486516500,0.5939419385469082,-0.4851537833889638,7.5801432087323075,2.3051838198475294,51.44924727794704,-121.2104642442724
486527000,0.6046535482976875,-0.49500836923716546,8.150556817936229,2.1421532024801175,48.508554200119924,-123.34133406420315
486537500,0.6082862623996589,-0.4942710612746333,8.249973781549283,2.1160813149746884,48.48399882864563,-124.26878597060987
486548000,0.5969228974800218,-0.4969478727766798,7.956851012195005,2.194852952566097,48.448755078534525,-121.37603229735734
486558500,0.5942886569349854,-0.49730801085471255,7.885557812555011,2.2149113565080727,48.49348067286507,-120.73016392773219
486569000,0.6022074713714144,-0.49137722394198313,7.978360663583213,2.1888727153674385,49.52514669579849,-122.93943896935673
486579500,0.6033441752919808,-0.4951696991623919,8.11260065381607,2.152278260488823,48.54096192567729,-123.01470300563031
486590000,0.6060347615551124,-0.500887993684066,8.356108638853017,2.0889424298833363,47.0125016475802,-123.34183976317053
486600500,0.6100525023384872,-0.49497582740504165,8.328296327446552,2.095986229636193,48.2086785813029,-124.66017151194046
486611000,0.604771662170583,-0.4927324842546687,8.094461469698066,2.1571510589938514,49.05702016213001,-123.49471673870009
486621500,0.5960564742138483,-0.486389137871036,7.6701278125170775,2.27782687701321,51.05036030123033,-121.67492357457157
486632000,0.6014831503911303,-0.49631460701263264,8.083237429144232,2.160177338826988,48.36428008375691,-122.50329957632933
486642500,0.6026156980661587,-0.49159894301478974,7.9967967289463,2.183773025993388,49.4495516986017,-123.0277448314167
486653000,0.5953609111407819,-0.49184714896661935,7.781513040610727,2.24485498744116,49.751675031526474,-121.25021610547084
486663500,0.5988869234464893,-0.49112372722776254,7.8696319042376945,2.2194425964946802,49.7559927408385,-122.1414554447974
486674000,0.5940088043125562,-0.49418428479926885,7.798926014899118,2.2397870144854246,49.25295554246277,-120.81358258499435
486684500,0.607172904260449,-0.49004684226484874,8.101643725355787,2.155219012404385,49.58628428364989,-124.23263230917357
486695000,0.6008743873133616,-0.4969314955029477,8.080084734882117,2.1610289194040107,48.2481992674411,-122.32395777309523
486705500,0.599897400042905,-0.4925388919523051,7.936164948742302,2.200635281936293,49.36076486748322,-122.31622847892439
486716000,0.5967347312276562,-0.49834602169539294,7.9870716360650835,2.1864601504175276,48.124842465652925,-121.26044234136855
486726500,0.6028275247630009,-0.49424682776718026,8.071896668461646,2.163243770221739,48.79275773412931,-122.93905081747806
486737000,0.5987669780438425,-0.4917974243440752,7.882816148158034,2.2156900889373587,49.597961546115364,-122.07873798496082
486747500,0.599758445284659,-0.49228945514611394,7.9255699824121795,2.2036087470398193,49.428468618237524,-122.29511420146528
486758000,0.596936016917332,-0.49274943622010436,7.851040431022448,2.224755881862784,49.45748796652185,-121.58769619790128
486768500,0.592833734907869,-0.49624518798384243,7.815147021810711,2.235086615526089,48.81629315573598,-120.4351002945661
486779000,0.5983887378642351,-0.4919603626380118,7.875374464519914,2.217806575728673,49.57717036012428,-121.97870293854804
486789500,0.6003719689570218,-0.4910197474292238,7.912439194747298,2.2073051165992954,49.70685732191663,-122.50901362298066
486800000,0.6015687224821379,-0.4993584261095377,8.166776729323843,2.1378555744923093,47.62928368806288,-122.3598853694086
486810500,0.6000127194177165,-0.4938122191437679,7.9721507427070595,2.1905958669146135,49.04589722425952,-122.27907406004528
486821000,0.5998095023205623,-0.49450933117192225,7.983691760419752,2.1873955956628284,48.88769327371388,-122.19402346002039
486831500,0.6018010363426465,-0.49202491701835577,7.9821888913899155,2.1878118019114803,49.3880034310232,-122.80638224575699
486842000,0.6019655100686824,-0.49483803210462707,8.059932872702605,2.166488163657558,48.69534001749509,-122.69843208959492
486852500,0.5982745590161127,-0.4923555849783881,7.881794601023414,2.2159803862901386,49.486893363962054,-121.93135555450345
486863000,0.5997732716382628,-0.4938198322704152,7.9649103969748305,2.1926083915156585,49.056346509059054,-122.22069380186898
486873500,0.5986908796263392,-0.4956107556673358,7.97720374913307,2.189193533624495,48.67957026494573,-121.86779194651865
486884000,0.6011439619858343,-0.496127171995477,8.067550969956578,2.1644211251796883,48.42748601628064,-122.43151821647325
486894500,0.5997607718784306,-0.49417219681828545,7.973533151841115,2.190212035018352,48.97171206859749,-122.19958699538043
486905000,0.6004090381795977,-0.49570479202030293,8.033326563707034,2.1737385625074706,48.56801417951078,-122.27663194912117
486915500,0.5992135939692189,-0.49398364355251617,7.951757158615533,2.1962739892535628,49.04530302646946,-122.07689414999963
486926000,0.5994785379421539,-0.49457843367742177,7.975170604793461,2.189757564004747,48.88801837347594,-122.11051309293939
486936500,0.6003469556407257,-0.49334836209186356,7.9706826023070825,2.1910036505822825,49.14115910058782,-122.38397567214436
486947000,0.6001303428284785,-0.49433214482003807,7.989139412218139,2.1858882502607373,48.91397743392725,-122.28074258862891
486957500,0.5998407425635008,-0.493923782789178,7.969661219466864,2.191287435039654,49.027717781147075,-122.23169665193893
486968000,0.5997653800256826,-0.4934204802794857,7.954479719305661,2.1955142441171924,49.15350215968929,-122.23922223461412
486978500,0.60028525362364,-0.4934220311047576,7.970646691514,2.1910136269049647,49.12646128503046,-122.36521245937094
486989000,0.6000764850551746,-0.4941122811148801,7.981818581048329,2.187914380527495,48.969958959514656,-122.27906176029322
486999500,0.5996133618558742,-0.49357140212228284,7.953618526650001,2.1957545073932887,49.12469506516537,-122.19467401568483
487010000,0.5997507837215348,-0.4936805374695101,7.960657088491391,2.1937923743140133,49.09123272840587,-122.22238306106021
487020500,0.598802051179707,-0.4936323554098729,7.9301331453528325,2.202327110792018,49.151144320517744,-121.9951723493103
487031000,0.5980242071182899,-0.4940798284367945,7.9175863823253,2.205854677870192,49.08217219146474,-121.78470321945414
487041500,0.5990675175209849,-0.49373619413178144,7.940947731239143,2.1992956408033226,49.11258228347745,-122.05413955148539
487052000,0.599292095791347,-0.4939017083574739,7.952096202410728,2.1961793484532826,49.061121364077906,-122.1000548270907
487062500,0.5994045488893849,-0.49469928489942055,7.975970104802665,2.189535733637573,48.86263568324265,-122.0864466637877
487073000,0.5998494940406724,-0.49426246719346906,7.978604065251743,2.188805230882979,48.945316233985444,-122.21640455458649
487083500,0.5996001817950567,-0.4939027456748309,7.9616604497706005,2.193512955316392,49.04513951316199,-122.17454685820695
487094000,0.598977437832549,-0.49372900115330504,7.937987463578513,2.200124608280524,49.118890112159306,-122.03271144147274
487104500,0.5988120744576452,-0.4938719967435923,7.936525018572552,2.2005343704911464,49.092683044995034,-121.98547892973647
487115000,0.598281408709645,-0.49373457918306707,7.916731721377678,2.2060953821925504,49.15264571092306,-121.86413789743298
487125500,0.5986512179237898,-0.4928059446104975,7.9046126325361925,2.2095142615680023,49.358872313551565,-122.00022801269128
487136000,0.598531475402975,-0.4927525095132759,7.899603866357373,2.2109303829130478,49.377821981463946,-121.97387384349092
487146500,0.5989202023864946,-0.493561202620696,7.93196444660493,2.201813182315486,49.16238862397946,-122.02735733689343
487157000,0.5984849923725363,-0.4932633726577746,7.911060565697444,2.2076939295561013,49.25639627146924,-121.93702315642318
487167500,0.5990064568991058,-0.49409692930416554,7.948243223134551,2.197255353534455,49.02845494277328,-122.02105580699832
487178000,0.5984420825969222,-0.49428912438129813,7.935733228577517,2.200756286027611,49.010632648949965,-121.87501925746551
487188500,0.5991018167267136,-0.4938264850748182,7.9443022984668525,2.1983570158545147,49.088998109443594,-122.05785330939024
487199000,0.6004890125264363,-0.49359752801768925,7.981477136352634,2.188008971721915,49.07338276077765,-122.40558672070603
487209500,0.5984733877373556,-0.4940960701711272,7.9317910505862645,2.2018618330900566,49.055657650773,-121.89232214937013
487220000,0.5987380537217409,-0.493493440998342,7.924644294669689,2.203868924028187,49.187985533612576,-121.98669906448676
487230500,0.5991943919721077,-0.4946298429079883,7.967667929813167,2.1918414702669478,48.890163697924095,-122.03927578689337
487241000,0.6001118989911358,-0.4938558484181114,7.976350954559986,2.189430078429532,49.03022495050993,-122.30085276002352
487251500,0.599743603130145,-0.49412724496439414,7.971849106029603,2.1906796356224194,48.98346763691892,-122.19774260436476
487262000,0.5988347392490966,-0.4941746909415066,7.944922795978012,2.198183485763926,49.01838640062147,-121.97561774282721
487272500,0.5999380767331456,-0.4948209968512909,7.995712191596319,2.184072363743451,48.80576201098721,-122.2089951817686
487283000,0.5982527243988636,-0.4928880880704056,7.894498977049749,2.2123755601575508,49.35888901484226,-121.89955181661647
487293500,0.5983052694153724,-0.493169799465538,7.9031982301894494,2.2099139687041074,49.28804885792545,-121.8982063153345
487304000,0.5967615078605312,-0.49485116080359304,7.898505896057586,2.2112410544117784,48.95934238516722,-121.44214008895463
487314500,0.5980908967354439,-0.4935325196569492,7.905791029896288,2.2091813599376597,49.21102681781649,-121.8282135075695
487325000,0.5974027201462575,-0.49349262368532404,7.883793298261583,2.2154124796248094,49.25490287564708,-121.6639179766176
487335500,0.59862405407914,-0.49433136493570334,7.942413697228577,2.19888535696597,48.991234553336426,-121.91680291441693
487346000,0.59907235155481,-0.4945801726414799,7.962615011857241,2.193247192473529,48.90838770604385,-122.01235723465724
487356500,0.5989684756461795,-0.4937497465755343,7.93823831480358,2.2000543377339437,49.11432582407181,-122.02949216147869
487367000,0.5982565967757014,-0.49499028391487576,7.947877828912181,2.1973574506500517,48.85098696778025,-121.79485141944899
487377500,0.5976625158388101,-0.49466567394335004,7.9213495958877465,2.2047954447848346,48.95907215282859,-121.66814688257057
487388000,0.5980516582427956,-0.49414662288166966,7.920120186175906,2.205141374682635,49.06467658709254,-121.78797695338217
487398500,0.5991157023882595,-0.4949439237976572,7.973273307810459,2.1902841715213266,48.81841913611201,-122.00422017546337
487409000,0.5996504509407458,-0.4940348357329456,7.96659371873885,2.192140164239295,49.01060232323543,-122.17994692268265
487419500,0.5992971804952453,-0.4952210936286532,7.986031453685576,2.1867479551030025,48.742292360785065,-122.03374578383259
487430000,0.5972937632225552,-0.4952905484788286,7.925915656327647,2.2035116065738998,48.827244365095474,-121.54815494772319
487440500,0.6000665307770016,-0.49427029706692577,7.985562151048725,2.186877829862027,48.93223546217743,-122.26850007424561
487451000,0.598606738728971,-0.49476563325618156,7.952951394903956,2.195940666152463,48.887357930453796,-121.89060203094881
487461500,0.5988657093984363,-0.4946128343063613,7.957053977663383,2.1947963694124164,48.911039799192395,-121.96082679917653
487472000,0.5969569561241663,-0.4957274226164474,7.926704238469661,2.2032900333090817,48.73923006860026,-121.44545049664488
487482500,0.596128222068588,-0.49569748421446697,7.900622781348991,2.210642158676964,48.78760114827448,-121.2482971986669
487493000,0.5858287237905168,-0.4838651309497466,7.326958571968665,2.3858282641088695,52.09729719032176,-119.27751853468368
487503500,0.5941523463894751,-0.49390861764836075,7.796375824705656,2.240527797987935,49.31228884807359,-120.86110357932273
487514000,0.5966487417684373,-0.4918440159601058,7.819901700489123,2.2337125983862043,49.69068048886627,-121.5621958399606
487524500,0.5970245897024617,-0.4908489333102238,7.806608446163833,2.237558382977325,49.914101769340014,-121.70154561023668
487535000,0.5986706076097625,-0.4932338415026426,7.916005063262528,2.2063000776997264,49.254223020325604,-121.9834446067003
487545500,0.5979666069966801,-0.49412009574962606,7.916840714423804,2.2060646827573347,49.07534277529015,-121.76878515698107
487556000,0.598512612740234,-0.49379813568884723,7.925437693184607,2.2036459249238147,49.12565862724916,-121.9168197615007
487566500,0.598809591383881,-0.4940082544988123,7.939911964484868,2.199585616434873,49.059873923465936,-121.97797942529792
487577000,0.5988193604864235,-0.49417467106007634,7.944447790611334,2.198316324637522,49.01917134919694,-121.97190395194725
487587500,0.5986469104357048,-0.4946057237867553,7.950110896520925,2.196733644015105,48.92387746166703,-121.90840754418059
487598000,0.5987900170091531,-0.49548694694394424,7.977100281405824,2.189222230356868,48.704284597438644,-121.89797537163176
487608500,0.5984619963388943,-0.49522084549990125,7.960113712198953,2.1939437252155374,48.785058644940385,-121.83260318789921
487619000,0.5981484178491921,-0.49503332931065086,7.945640529965406,2.1979827965957948,48.84609681684926,-121.76662870085318
487629500,0.5975605411991204,-0.49438968556373564,7.911232595809992,2.2076454046074505,49.03065278948457,-121.6573877711858
487640000,0.5976843572673504,-0.4946368145589171,7.921286950854341,2.204813069134229,48.96492762642988,-121.67485266467966
487650500,0.5977814052934407,-0.49472960565204377,7.926619676067882,2.203313791235344,48.93771439969474,-121.69356930100498
487661000,0.5980955582572585,-0.49487813612970877,7.940055695719924,2.1995453725156864,48.88613269073214,-121.76174222624996
487671500,0.5980363641521118,-0.49502380338061774,7.941945109099864,2.199016485248652,48.85405133927369,-121.74013793642824
487682000,0.5983615245884364,-0.4950504523531749,7.952652217643454,2.1960241599210395,48.831182259251165,-121.81706803339966
487692500,0.5982362743097431,-0.4950502338426052,7.948781092587213,2.1971050813744712,48.83758191524813,-121.78692328561264
487703000,0.5983167843720134,-0.4949946843052269,7.949846993976531,2.196807346541954,48.84687908567665,-121.80912172562887
487713500,0.5983412959041701,-0.4951525365473632,7.954636117716516,2.195470616352667,48.80763188687437,-121.80701939264138
487724000,0.5981569451976351,-0.49450372258307945,7.932416602023373,2.201686328488364,48.97325205251704,-121.79541487955821
487734500,0.5981139249229835,-0.49477121273540753,7.937897991840722,2.2001496729451144,48.910958468024255,-121.77156141741779
487745000,0.5980281738693527,-0.49440036878761984,7.925834910325503,2.203534296853654,49.004650886469406,-121.76956873104625
487755500,0.5983853268611941,-0.4951835733902056,7.956789993773768,2.1948699639874008,48.797926083768736,-121.81604247510451
487766000,0.5982498991972559,-0.4952421516618885,7.954104170273015,2.195619011665723,48.790700941816674,-121.78047796591186
487776500,0.5983464191829437,-0.49552648859543225,7.964365619604126,2.192759968079068,48.71740552686496,-121.78925238129344
487787000,0.5980330582894258,-0.4956725998538791,7.958419462489131,2.194415772816694,48.69820437159825,-121.70651485316573
487797500,0.598117735359511,-0.4954819413704872,7.956155041125643,2.1950469991649184,48.739730552039184,-121.73653253419579
487808000,0.5977698787012447,-0.49577024165355293,7.952794022157063,2.1959845846161636,48.688081263804236,-121.63836397558497
487818500,0.5981007297910882,-0.4955172101424081,7.95653223981224,2.1949418265435723,48.73211453784339,-121.73065634536206
487829000,0.597620034068926,-0.4955138903229891,7.9416274280911425,2.1991053930832645,48.757205683841384,-121.61531718557359
487839500,0.597225407375979,-0.49505643872159183,7.917874343809175,2.2057735890953984,48.88692228568467,-121.54343516048847
487850000,0.5972734186325129,-0.4953053781765803,7.925668905775288,2.2035809469508787,48.82470031897857,-121.54252495196883
487860500,0.597159169798911,-0.49561659622653115,7.9300839669541485,2.2023409153310842,48.7556977538068,-121.49950826554897
487871000,0.5976926379866916,-0.495582987455812,7.945626617285691,2.1979866864391924,48.73694880334359,-121.62927323863858
487881500,0.5983038576147125,-0.4951010507287181,7.952164385640393,2.196160316753686,48.821924369920566,-121.80061849748442
487892000,0.5979979385679004,-0.49468005663723136,7.932011307459898,2.201800034651657,48.9387630674366,-121.74821378642085
487902500,0.597714647446526,-0.49494365019125797,7.930010290610222,2.2023615968499337,48.88954302692913,-121.66674993464437
487913000,0.5972134204045721,-0.4946291380575535,7.906680585926855,2.208930123851183,48.99029646668465,-121.56185806031188
487923500,0.5970340912737414,-0.4946602434514573,7.901992440635878,2.2102548371303556,48.99172906449922,-121.51715998384908
487934000,0.5978253365868945,-0.4951821480697412,7.9394849928069755,2.199705174781013,48.826598264790846,-121.68137793632523
487944500,0.5978931852829508,-0.49532382801993263,7.9451877920067515,2.1981093846168145,48.789105790688446,-121.69054653137957
487955000,0.5982528082225819,-0.4949913466889656,7.9477880989747405,2.1973825241194183,48.85092285270757,-121.79388537311264
487965500,0.5972231385435502,-0.49524905381457046,7.922696012085622,2.2044167169029647,48.8407473856002,-121.53326396167941
487976000,0.5974384665430333,-0.495063091337252,7.924571216587796,2.2038894662364052,48.87466656093901,-121.59432537493328
487986500,0.5975541722023,-0.49472498088738076,7.919533666220935,2.2053064474513944,48.95021858222336,-121.6390918121288
487997000,0.5978621761161814,-0.4945460823722669,7.92443837348464,2.203926809344956,48.97786645286392,-121.72223846810078
488007500,0.5982072859656331,-0.49483839960369874,7.942484312650105,2.1988655975234304,48.89006010254522,-121.79065813938949
488018000,0.5978813635552926,-0.4950197424022887,7.937070881809958,2.20038140721888,48.8628455869023,-121.70303965087403
488028500,0.5976246479735645,-0.49506243479372125,7.930267647155205,2.202289356580117,48.865486825252816,-121.63913216424014
488039000,0.5975215180038546,-0.4951731504723915,7.929917725403403,2.202387581172026,48.844041145983944,-121.60877524912826
488049500,0.597939375432177,-0.4952279582780383,7.94416430718766,2.1983956106302003,48.80982783384477,-121.70649475699884
488060000,0.5983208860295836,-0.4948730706389914,7.946870059372627,2.1976390873635863,48.87596218339805,-121.81626904725432
488070500,0.5979916036672145,-0.4952984194165709,7.9475722554138635,2.1974428402022697,48.79024322575289,-121.71549591961468
488081000,0.5977840657701232,-0.49557741979753983,7.94830141725667,2.1972390940264517,48.73367115519719,-121.65151560173284
488091500,0.5972762871733835,-0.4963219015545995,7.95169581065269,2.196291114820908,48.5807108111048,-121.49214036332731
488102000,0.5975833836356199,-0.49607789069714997,7.954915743936347,2.195392618197868,48.6236901022549,-121.57806156392749
488112500,0.5972435367630297,-0.4956884437037186,7.934504325695819,2.201100800629916,48.7342270123832,-121.51615131067967
488123000,0.5974254756991847,-0.49615792318541324,7.952095432515653,2.196179563352767,48.61247725144952,-121.53616028789756
488133500,0.5972846076567476,-0.49608750762576614,7.945954660033405,2.197894972715829,48.63645635660831,-121.50594371441426
488144000,0.5970107650861014,-0.49606455516312764,7.936948080541042,2.2004158170586505,48.65571716924687,-121.44146843604413
488154500,0.5969178664710391,-0.4958804001103893,7.929401319102198,2.2025325548106474,48.704505555628046,-121.42842769811404
488165000,0.5967973517081172,-0.49549578886320483,7.9159291480436185,2.2063214647935587,48.802758556266205,-121.41872331467884
488175500,0.5977918571260873,-0.4959633813084709,7.958417266744347,2.1944163847220928,48.64061105313837,-121.63386509950575
488186000,0.597107239844482,-0.4959020679318321,7.935765431525395,2.2007472596070192,48.68982505881144,-121.47274205573747
488196500,0.5975029771870551,-0.49567907912247905,7.942241187703399,2.1989336296803854,48.72343400084084,-121.57888898494431
488207000,0.5972452850825941,-0.4957316548455561,7.935659661676967,2.2007769069590246,48.7237711202099,-121.51440223375647
488217500,0.5970860031415837,-0.4964128359384131,7.9481629940747025,2.1972777700273434,48.56851979226046,-121.44199215179367
488228000,0.5967916829092528,-0.49618843476777746,7.933383406681158,2.201415137265394,48.63701895700836,-121.38278396529807
488238500,0.5969320985703477,-0.4969734971142259,7.957792402708015,2.1945905344197367,48.44216758945067,-121.37693951045763
488249000,0.5965990895061669,-0.4966493686016087,7.93924245979422,2.199773093409041,48.536374330542635,-121.31362826040002
488259500,0.5966804435776885,-0.4962131846807903,7.930602726674583,2.202195306524353,48.63665638493393,-121.35491228147461
488270000,0.5967601394241833,-0.49583810055482547,7.92349091837466,2.204193182382978,48.72252495796118,-121.3927343076447
488280500,0.5964224841798342,-0.4959485048854569,7.915968689653987,2.2063103249444973,48.712890514928155,-121.30633780305902
488291000,0.5965516580565727,-0.49601822526117667,7.921691964766848,2.2046991288453213,48.68976477200364,-121.33380382194363
488301500,0.5963729618605649,-0.49582681535533835,7.91136516380533,2.207608012296439,48.74449776200876,-121.30052061151957
488312000,0.5972623703304749,-0.49690699231236624,7.966278518686769,2.192227823956575,48.44138180590954,-121.45925125592818
488322500,0.5972658229656698,-0.4972211344063405,7.9744703668639705,2.189951890102519,48.366118706673085,-121.44415825506543
488333000,0.5973286388121699,-0.49681089500213055,7.965856101657618,2.192345312646014,48.46101136897403,-121.47996578832272
488343500,0.597041345243662,-0.4965694938443009,7.9507991138154,2.196541462534226,48.533272253926235,-121.42341789268957
488354000,0.5970258944811341,-0.496355836593858,7.944854912641828,2.198202468868156,48.58518943117056,-121.43046787799554
488364500,0.5969587064709231,-0.4968420146287312,7.955238688161743,2.1953025439726463,48.47225365908362,-121.38992623960728
488375000,0.5973076287328829,-0.49672705483100676,7.963052960643895,2.1931252833419297,48.482133012528415,-121.47918206361933
488385500,0.5970504406304593,-0.49691267851861276,7.959880961932739,2.1940085614128235,48.450734329585835,-121.4082928254887
488396000,0.596611617452171,-0.4962488442294694,7.929402011415049,2.2025323604409315,48.63155895151436,-121.33665532233407
488406500,0.5960860913518591,-0.49599728817806643,7.906938503843267,2.2088572911917708,48.71789765219527,-121.22338072983348
488417000,0.5960120085933635,-0.4961160234653122,7.907692677792739,2.208644349994437,48.69315277432696,-121.1997770705253
488427500,0.5965418035817658,-0.4961822851408582,7.925566983614724,2.2036095897924595,48.65097503528558,-121.32326634812054
488438000,0.596411570761166,-0.4963742041453197,7.926468747016935,2.203356196245632,48.61154542501928,-121.28253397204702
488448500,0.5963720576075698,-0.4962863669840437,7.923021483595115,2.204325185990365,48.634526510674036,-121.27745797534708
488459000,0.5960175573285108,-0.4963696700447168,7.914305623620147,2.2067789494269645,48.632219133859365,-121.18853914417198
488469500,0.5961325991822282,-0.4966888908367319,7.925950646619795,2.2035017741646703,48.55021856631488,-121.20017276043164
488480000,0.5956433558111301,-0.4962275679931098,7.899293403283222,2.21101821976649,48.68468526880968,-121.10611281617423
488490500,0.595463117681556,-0.49660979988566006,7.903504203506782,2.2098274889625587,48.60226659119217,-121.0442212326604
488501000,0.5959562300450386,-0.4963455543196271,7.911820753267207,2.207479517814485,48.641023508109214,-121.17507342643941
488511500,0.5955054402238035,-0.4962364119170172,7.895323602929578,2.212141982682077,48.68936187701522,-121.07271568578473
488522000,0.5955684661249943,-0.4964834175790731,7.903503281112572,2.2098277496561534,48.627248029036245,-121.07560629287768
488532500,0.5955831952689628,-0.49659414648516487,7.9067633243384545,2.2089067590756075,48.60008002625764,-121.07365967784813
488543000,0.5959584442622781,-0.4967773777493487,7.922878871393922,2.2043652912481013,48.53774633248266,-121.15417965610776
488553500,0.595929157478311,-0.4971388762244867,7.931207739338441,2.2020255121383996,48.452935835772266,-121.12920986069456
488564000,0.5959848823879188,-0.49728921332692544,7.936758888974219,2.200468832077104,48.41430780702397,-121.13500603326284
488574500,0.5960652333996506,-0.4971818891131219,7.936477269728,2.2005477518183985,48.435893498731815,-121.15952260840925
488585000,0.5959576791471367,-0.4975844663283876,7.943485047523278,2.1985856126008727,48.34530009848889,-121.11378224468719
488595500,0.5956767021908619,-0.49671006761622233,7.912560334495855,2.2072709582944845,48.567784470791,-121.09025414701514
488606000,0.5961796815080619,-0.4969811498434212,7.934854033973482,2.201002751243939,48.47808186683675,-121.19684948822646
488616500,0.5960050543838211,-0.4967819838161587,7.924421823160797,2.2039314618437693,48.53432986840008,-121.16507990306712
488627000,0.5959656201876359,-0.49650947396283446,7.9162756113968875,2.206223861348488,48.60138082324735,-121.16919294663822
488637500,0.5956701024341367,-0.49680426097347835,7.91475557150748,2.2066521418111313,48.545629095962106,-121.08401760523029
488648000,0.5957426919601145,-0.4968105216676119,7.917130730685814,2.205982999752995,48.54053982749908,-121.10103150510699
488658500,0.596002032628427,-0.49685874610571884,7.9262870971153045,2.203407234758967,48.516153003768366,-121.1605409083445
488669000,0.5962494417614366,-0.4974814594022144,7.949807985109781,2.1968182413340633,48.35524496947371,-121.18846601907347
488679500,0.596537491780935,-0.4970469104913122,7.947524002082905,2.197456324737859,48.44447699968478,-121.27898417034176
488690000,0.5957868931704575,-0.4966559061452656,7.914544676765055,2.206711575890882,48.57526102984323,-121.11924319893113
488700500,0.5958781555722379,-0.49666611421936613,7.917590896430017,2.205853406670542,48.568300330629555,-121.14053072221928
488711000,0.5954977641544639,-0.4964298724916655,7.8999931866438455,2.210820245530172,48.643520992871764,-121.0613593921391
488721500,0.595329509553746,-0.49737023539815206,7.918779456039379,2.2055187522203186,48.42755765387153,-120.97481451139609
488732000,0.5958951421272632,-0.49737297684434484,7.936150747155355,2.2006392621957254,48.39881500357633,-121.10943628323696
488742500,0.5956567403156345,-0.49744333849361655,7.930647712276739,2.202182680588983,48.39391803442767,-121.04912819053854
488753000,0.5958547176592904,-0.4971772091115271,7.929907665188886,2.202390405249247,48.44749924434963,-121.10954910776799
488763500,0.5953169168674275,-0.49692797678627576,7.907135636265565,2.208801626819685,48.533566221927096,-120.99365589778883
488774000,0.5954031665583582,-0.49723373952886357,7.917547767787003,2.205865552021847,48.456427682994075,-120.99911237819798
488784500,0.5956117145301569,-0.4972866075551803,7.925266703066319,2.203693980975711,48.433496516011004,-121.04618583441173
488795000,0.595388862283285,-0.49695279384212276,7.909958380528912,2.2080048764798303,48.524099370090944,-121.00958643660924
488805500,0.5948014644512868,-0.4973208863468733,7.90144012261662,2.21041100894802,48.465329750740516,-120.85153516106021
488816000,0.595001733484925,-0.4967190358451811,7.892250891105559,2.2130125884473775,48.598884394911884,-120.92877140803294
488826500,0.595669317119884,-0.497205769676015,7.924964571050217,2.203778899056467,48.4499040605605,-121.06392711599985
488837000,0.5959793500030472,-0.49687035759605197,7.925889239445088,2.2035190298798764,48.514509344280754,-121.15454862681294
488847500,0.5954090600673498,-0.49705563605420544,7.913190983286405,2.2070931486648555,48.49858260480529,-121.00932273772405
488858000,0.5953938489649532,-0.49756869762893285,7.92580982751924,2.203541345420745,48.37711943962974,-120.98030410769157
488868500,0.5946835763419068,-0.49780434561881176,7.910156610314095,2.2079489456779844,48.35615113709355,-120.79974211873552
488879000,0.5953172860720789,-0.4976618566720844,7.9258496261506215,2.203530161552752,48.358743987381644,-120.95746486817582
488889500,0.5953867735215198,-0.4977530868493248,7.9303064754284005,2.202278457854077,48.33359125678243,-120.96947253810661
488900000,0.5953066920771354,-0.4979266390912678,7.9322966486176965,2.201719980415135,48.29629006671577,-120.94181047685882
488910500,0.59533425044912,-0.4975636941108545,7.923860749722125,2.20408919814557,48.381264154462926,-120.96636613876709
488921000,0.5951422663173727,-0.4979363963535273,7.9275178206118895,2.2030614825719637,48.30212499838196,-120.90223751032347
488931500,0.5951923569162477,-0.49781946042620034,7.926059149821466,2.203471284900667,48.32744482330801,-120.9199390459603
488942000,0.5947304747539695,-0.49779675741781254,7.911390988146523,2.2076007283954615,48.355646944806196,-120.81126034120734
488952500,0.5957859213526941,-0.4980003007991506,7.94887880229406,2.1970777850561656,48.254895750749256,-121.05211130351717
488963000,0.5952338823007217,-0.4983176124826729,7.940085324970623,2.1995370766799462,48.20700552724007,-120.90508168414857
488973500,0.5950424191808328,-0.49835471667307785,7.935173622011945,2.2009131544934952,48.207707108304305,-120.85777960266573
488984000,0.5946422089825093,-0.4977599321789553,7.9077664426973895,2.2086235246718116,48.36873917261201,-120.79209533924057
488994500,0.5947976297104083,-0.49793417478766294,7.9169414379546765,2.20603631331192,48.319686348306874,-120.82044794613968
489005000,0.5946386459774794,-0.4978833649018955,7.910802645559989,2.207766685729449,48.339586566349226,-120.78518037512535
489015500,0.594787544911503,-0.4980861509721486,7.920514217715617,2.2050304906557923,48.28408527054868,-120.81055535061147
489026000,0.594802651531735,-0.49764948568960915,7.9098362665727375,2.2080393325156886,48.38710301859029,-120.83566538818742
489036500,0.5944588143810354,-0.49753579181884683,7.896493551523642,2.2118106766991215,48.43100844952785,-120.7594973460404
489047000,0.5946585864081128,-0.4975680896278833,7.90338203903377,2.209862016490785,48.413537786808,-120.80541081698055
489057500,0.5948304059175478,-0.4982210836424337,7.925271206275432,2.2036927153407566,48.24993022819228,-120.81406754358292
489068000,0.5942825250127632,-0.4984870995443317,7.915364299779473,2.2064806088597524,48.21383361244917,-120.67098922505008
489078500,0.5949035340780046,-0.49841668334697725,7.932512788026234,2.201659345055197,48.1998863202997,-120.82174435517939
489089000,0.5949047480594861,-0.4977049223009818,7.9143586666567005,2.2067639996872597,48.36889281228614,-120.85721054356323
489099500,0.5948598815716877,-0.4977079111437187,7.913067798390339,2.2071278780318355,48.370393453117664,-120.84639564669557
489110000,0.5945642793433725,-0.4983372371570925,7.920120529156606,2.2051412781598994,48.23550156516877,-120.74517845009521
489120500,0.594658416426169,-0.49762603446604053,7.904850971271137,2.2094469218528716,48.39976926714224,-120.80252546766496
489131000,0.5941135212935539,-0.4974815006251239,7.88465248629252,2.21516844123356,48.460768857032946,-120.68007586704144
489141500,0.5937953656160864,-0.4978916925857049,7.8854255750164866,2.2149489041472163,48.37884838294026,-120.58457041068742
489152000,0.5938843067306826,-0.4980843041305603,7.8930079246701235,2.212798030642964,48.32882871069804,-120.59629075171547
489162500,0.5940901419781881,-0.49833625781196883,7.905664556508162,2.209217084308062,48.25902961595835,-120.63278618973787
489173000,0.5942028998055772,-0.4983200054062239,7.908677370356764,2.2083663839333227,48.257356734541226,-120.660316487473
489183500,0.594126061245943,-0.4977746812495994,7.8924688691024105,2.2129508050218663,48.39051276631331,-120.66876301686835
489194000,0.5946310585055111,-0.4986370018028688,7.929828889060603,2.202412519330574,48.16111860520557,-120.74621626033219
489204500,0.5940873018478348,-0.4983801715698299,7.906697565400221,2.2089253289206296,48.248758970107154,-120.62996199662908
489215000,0.594017282178741,-0.498575222133127,7.9095439981512285,2.2081218042305344,48.205971098342054,-120.60381318180194
489225500,0.5939295561645194,-0.4987198565037477,7.910568417579494,2.2078327628072567,48.176018216729204,-120.57595045502399
489236000,0.5940507984294096,-0.49875973192980627,7.9152749804593565,2.206505776386213,48.16063062072204,-120.60270010394063
489246500,0.5939591570043633,-0.4983533350705011,7.902121842617795,2.210218251014731,48.26139123676963,-120.60090228912681
489257000,0.5941116508179396,-0.4985712965760462,7.9123136864338415,2.2073405078485733,48.20227326441256,-120.62636142874868
489267500,0.5940065918926953,-0.4982847605472795,7.901815398298077,2.2103048946845987,48.275326692074984,-120.61549929284479
489278000,0.5943894864956539,-0.4983236010979231,7.914446369006149,2.20673928195452,48.24734130576559,-120.70438829308414
489288500,0.594983866227457,-0.4982648437092589,7.931080098721284,2.202061331776492,48.231946496075636,-120.84833513227701
489299000,0.5949010541557193,-0.49775994410762364,7.915649132824291,2.2064003552388263,48.35599337171908,-120.8536192591721
489309500,0.5949034348314239,-0.4979117360560473,7.9195951535957425,2.2052891410069835,48.319797533350965,-120.84669505439524
489320000,0.5946598328638559,-0.4981273516009985,7.917672138541631,2.2058305286440887,48.28060121320146,-120.77819956008133
489330500,0.5946087089674116,-0.49805025150084187,7.914146618187276,2.2068237650090206,48.301424297765216,-120.76985909018266
489341000,0.5945361527943749,-0.4982179309491715,7.916215796942213,2.206240711274919,48.265194235087,-120.74438225141051
489351500,0.5936416617100198,-0.49853342958878855,7.89707700743619,2.2116454909663803,48.234227648012364,-120.51689801286143
489362000,0.5934592364314994,-0.49859836619145215,7.893203122885068,2.2127427145150893,48.22773861046365,-120.47055147916525
489372500,0.5922875889039372,-0.49895570756263075,7.866923717916395,2.2202149848422246,48.19989271653558,-120.17636848785789
489383000,0.5935670006428941,-0.49792499387720746,7.879367293616708,2.2166704713237633,48.38203661379194,-120.52878347977844
489393500,0.5929546209770545,-0.4981815961382045,7.8673983306158695,2.220079583854789,48.35082262931811,-120.37127142086331
489404000,0.5931061708894863,-0.4983499732229734,7.8762273227821735,2.2175638083540976,48.30364928747415,-120.3990266876905
489414500,0.5935439845227912,-0.49860966149356156,7.896057344046403,2.2119341902444987,48.22094011705361,-120.49006002739205
489425000,0.5935429389685154,-0.4984031874208078,7.89077425192165,2.2134312166621175,48.26987612011935,-120.49986131726106
489435500,0.5934432219737422,-0.498463801906704,7.889297208045598,2.2138501189404676,48.260370284921336,-120.47330261412847
489446000,0.5936090542719096,-0.4988871363389102,7.90510105821506,2.2093762672607147,48.1521125157639,-120.49192250303447
489456500,0.5933228641243086,-0.4985163420272306,7.886992030313632,2.2145042057012647,48.25377729227246,-120.44226076450445
489467000,0.5934711637767982,-0.49861871698791954,7.894082010278507,2.2124936859843625,48.22234197173484,-120.47238416958312
489477500,0.5941783662984094,-0.4984402036606261,7.91099725787058,2.2077117874873267,48.230064767320044,-120.6486037760672
489488000,0.5935619554136616,-0.49929623723229744,7.914119921215513,2.206831289713282,48.057709743353755,-120.46078402011635
489498500,0.594477714168702,-0.49910663134737226,7.937186948694888,2.200348885398741,48.05746435482745,-120.68666118380249
489509000,0.5943884110587228,-0.4992409493670083,7.937905416830635,2.200147592882282,48.030101357503014,-120.65888205021005
489519500,0.5937310993022483,-0.49850288929332626,7.8990110109750855,2.2110981208750387,48.2370979935602,-120.539566532104
489530000,0.5933328647128703,-0.4992256996407525,7.905359382579776,2.2093032902014413,48.08556742163388,-120.41011375593959
489540500,0.5928710731096929,-0.49825562393479506,7.866755957725122,2.2202628486706915,48.33732052933541,-120.34792853130101
489551000,0.5927217159731745,-0.499217043393828,7.886638518210496,2.2146045479901257,48.11729704227522,-120.26623774522783
489561500,0.5924198115714594,-0.498037514651701,7.847701148092185,2.2257129315170765,48.41058038675357,-120.25157812557241
489572000,0.5934168982707886,-0.49851904245106726,7.889904700474765,2.2136778095926712,48.24857209395327,-120.46438692152685
489582500,0.5936734095864101,-0.49902227816964717,7.910505415214868,2.207850536820005,48.11700559443037,-120.50053531834789
489593000,0.5926687037598347,-0.49776886761462635,7.848395023307788,2.2255139964231105,48.46230419532606,-120.32335868721671
489603500,0.5932726312882757,-0.49864304258037284,7.888692609348091,2.214021634288649,48.226234322514244,-120.42422544352192
489614000,0.5940655564322821,-0.4993712608971103,7.931385520172653,2.2019756236616623,48.01523669733723,-120.57610067895814
489624500,0.5940123718576771,-0.4999612469061323,7.94492991257442,2.1981814956761796,47.87853279589724,-120.53439540976541
489635000,0.5939616794678407,-0.4987256747383639,7.911693722963116,2.2075153439378346,48.173066281281336,-120.5832707072984
489645500,0.594488600409793,-0.499825770488413,7.956034140594439,2.195080711463202,47.886886365965104,-120.65354623328277
489656000,0.5927351560899515,-0.49565381980150014,7.797501114715999,2.2402008611365796,48.96181521980689,-120.4395676711571
489666500,0.593217247222719,-0.49856515654555217,7.885039551466909,2.2150585193241303,48.247347935224546,-120.41489976918768
489677000,0.593575800738688,-0.4985197691355833,7.89473377036891,2.2123090492751047,48.24067074283682,-120.50196958610542
489687500,0.5934034593258699,-0.4992187484497039,7.907324368138071,2.2087483371575236,48.08376441539461,-120.4271291474968
489698000,0.593126887397988,-0.49999873401353195,7.918878472321163,2.2054908775020836,47.9132555171528,-120.32376258199025
489708500,0.5934450350256283,-0.4990222417070984,7.903570389209661,2.20980878325113,48.128172209220445,-120.44654398342477
489719000,0.5926780938865114,-0.49873505368327936,7.873084396070933,2.218458711615815,48.23322755993561,-120.27920248152813
489729500,0.5921978771140359,-0.49854257120776013,7.853784113415068,2.2239701524027353,48.3017499654276,-120.17496827913983
489740000,0.5941697308155807,-0.4991725135920062,7.929466996167812,2.2025141158544974,48.05709299636058,-120.61053426321806
489750500,0.5931304767492463,-0.49952211768690447,7.906789403728793,2.2088993945327275,48.02545897696961,-120.3478807264435
489761000,0.5929948182595627,-0.49908391600866364,7.891504847865328,2.213224072313711,48.1354995342381,-120.33716425322807
489771500,0.5928346557730376,-0.500201255076945,7.915187968070979,2.2065302944430094,47.879834432720166,-120.2450471881986
489782000,0.5924678604649724,-0.5017068734444304,7.9427663962294135,2.1987866691156683,47.54421185844337,-120.08525661298049
489792500,0.592141409011931,-0.49972658309451506,7.882090783954269,2.215896210866541,48.02518982954713,-120.10484578009972
489803000,0.5927785008308856,-0.5000649557684829,7.909992529525269,2.2079952410912336,47.91466004494491,-120.23847032724406
489813500,0.5932948029680769,-0.4996665846553499,7.915474742009763,2.206449490323869,47.98335248223753,-120.37959545434094
489824000,0.5930537115845308,-0.4992244889099729,7.896867483258503,2.2117048077690664,48.09944398974423,-120.34424734237469
489834500,0.5922146867154653,-0.5006440370708586,7.9077250083474375,2.208635222377169,47.80588405805816,-120.07772484425965
489845000,0.5920408321415668,-0.500370530875061,7.895469301467825,2.2121007183378554,47.87856182990707,-120.05012217573989
489855500,0.5918792634087726,-0.5002578128333945,7.8877150955848405,2.2142989964336275,47.9128473477689,-120.01758908796837
489866000,0.5931195518351211,-0.5003726808372203,7.928253549423276,2.202854843361699,47.825550009000395,-120.30372295634011
489876500,0.5921507843557214,-0.5001101273444349,7.892144474439875,2.213042752321202,47.93447392218933,-120.0885531856813
489887000,0.5921543796747263,-0.49964880720660065,7.880503523379572,2.216347386693412,48.04288099949102,-120.1116454491413
489897500,0.59274864190775,-0.499989664789473,7.907160491366459,2.2087946086737347,47.933843161948,-120.23510404843269
489908000,0.5928650968311793,-0.4992787229635744,7.892541720706873,2.2129301568225985,48.09579652188835,-120.29708982045793
489918500,0.5919061699164966,-0.4994296354776519,7.867469136159737,2.2200593853539567,48.106427210501586,-120.06370488308993
489929000,0.5913657635884236,-0.49868604014845463,7.832517063528893,2.2300752029505952,48.30743754072978,-119.9717066656905
489939500,0.5928266170296908,-0.4986090962061139,7.874366560135233,2.2180935461207336,48.2558419853735,-120.32038099324932
489950000,0.5925012996034075,-0.5005448885586868,7.913875285605209,2.2069002441540024,47.81525019932428,-120.14988873022244
489960500,0.5927889327068406,-0.4993210091972123,7.891315617503666,2.2132777206638394,48.08950911322625,-120.27706665156752
489971000,0.5924948757146227,-0.500147973252774,7.903518389985715,2.209823479487039,47.90890891836589,-120.16767260236469
489981500,0.5922660044842479,-0.5000058102116217,7.892964217087402,2.212810417070831,47.95344910784048,-120.12070178802756
489992000,0.5921051631924061,-0.4998907012292515,7.88517504138521,2.215020044389181,47.988301782938336,-120.08840630076986
490002500,0.5917156110859202,-0.500063305810254,7.877830629315318,2.2171075693844147,47.96643769131586,-119.98847377111721
490013000,0.5921313255919702,-0.500283871226057,7.895991047390332,2.211952963569308,47.894557419954026,-120.07558126178061
490023500,0.5921604456482001,-0.50021922993822,7.89522064696069,2.212171142525224,47.90834810736228,-120.08555318433352
490034000,0.592027218496172,-0.500324368637826,7.893879288662231,2.2125511211823587,47.89006847477594,-120.04915260528546
490044500,0.5917552904140966,-0.49970472763187734,7.869913171509051,2.21936240862746,48.04888049638998,-120.01500074001412
490055000,0.591676304711549,-0.4994512682926071,7.861115716410238,2.221873280061318,48.112326916225946,-120.00852921070712
490065500,0.5918484825169609,-0.49962950838491993,7.87080545699454,2.2191080611297243,48.0621206142942,-120.04054135542574
490076000,0.5919619980306069,-0.4993524422777049,7.867189777309179,2.220139079424585,48.12194044891086,-120.08055712385939
490086500,0.5911172927745044,-0.49971162413989595,7.850958094978722,2.2247794696973093,48.07768521784381,-119.86459320976186
490097000,0.5917771346941153,-0.500047840799741,7.87928935395482,2.216692636779652,47.96711961148309,-120.00368130870078
490107500,0.5908013827481022,-0.5002988535503559,7.856371954707109,2.2232295635726356,47.954760415724934,-119.76251206542825
490118000,0.591326657004412,-0.49999880847321104,7.864503958200456,2.2209055698537763,48.00021280904477,-119.9001365625467
490128500,0.5921825522515147,-0.49937723940861967,7.874452310538844,2.2180691283720826,48.10551154296407,-120.13134748298133
490139000,0.5919320309134122,-0.49962549194149086,7.873216142575983,2.2184211841074677,48.05905908454625,-120.06040499601274
490149500,0.5918168811751092,-0.4992112570991651,7.85925727616824,2.2224044263169542,48.16215651374839,-120.05311168641381
490160000,0.5922850954234824,-0.4993746341560728,7.877474195693556,2.2172089802771695,48.10119315480769,-120.15564526109274
490170500,0.5922845326035783,-0.5002976335238801,7.900976256729335,2.2105421874450886,47.88390631787586,-120.1109366873538
490181000,0.5913741269542158,-0.5002443869713793,7.872165330560263,2.218720539571142,47.94025046138155,-119.89955551930423
490191500,0.5909313618922144,-0.500748800609844,7.871693590412825,2.2188549553857824,47.84306031669685,-119.77157507897958
490202000,0.5913884288027489,-0.4991442323505555,7.84473437057599,2.2265639146717704,48.19835169064484,-119.95534225597216
490212500,0.5910666733151585,-0.49977420275054996,7.851026536087668,2.224759862482975,48.06537678518124,-119.8497219523952
490223000,0.5895495871696897,-0.49923926539211466,7.792517301768062,2.241649565388329,48.262195458500585,-119.51832607072868
490233500,0.5912533986067707,-0.49940451080644555,7.847267445145459,2.225837292982355,48.14347069670929,-119.9111914449516
490244000,0.5920188472220356,-0.4999161690274512,7.883220716773144,2.215575142108131,47.98646658939261,-120.06686745297917
490254500,0.593309862513372,-0.5000625700188327,7.926085076476234,2.203463999668655,47.889251394363114,-120.36375145953554
490265000,0.5912163675991368,-0.5005856009319015,7.876103028069501,2.2175991857027353,47.86770821994024,-119.84620138377957
490275500,0.5923406718780778,-0.4987955155048456,7.864463726258379,2.2209170554609896,48.23516522121116,-120.1965869466455
490286000,0.5955352066883127,-0.49964334782566916,7.983555232680924,2.1874333992350654,47.87761308610655,-120.91014864139645
490296500,0.5884637961291919,-0.49903862234786583,7.755639001234149,2.252428256858278,48.359138702155796,-119.27263898428615
490307000,0.5921303015985396,-0.5001993882801045,7.893803283253541,2.212572655848622,47.91447076185778,-120.07942382286096
490317500,0.5906543735304106,-0.4999669100527899,7.84357860627238,2.2268956083792895,48.039635038140965,-119.74373298053071
490328000,0.5921385507044385,-0.49972774408024045,7.8820341559554645,2.2159123040915336,48.025054118610214,-120.10411683340637
490338500,0.5908476150743893,-0.5001696865011721,7.854482847949876,2.2237701395567475,47.98287814045015,-119.77949352758097
490349000,0.5931501990458254,-0.49865413671574216,7.885273590440157,2.214992060357987,48.2295476141961,-120.394725893087
490359500,0.5970079063438893,-0.4944467398278944,7.895801167383155,2.212006733952324,49.04440856016126,-121.52145335273912
490370000,0.5928035603167412,-0.4986881283546496,7.875675223440916,2.2177209581540036,48.23826984587253,-120.31111804500223
490380500,0.5906218198303101,-0.49440650739499614,7.704791229147349,2.267462003501846,49.35681387542442,-119.99334042102983
490391000,0.5881771119999374,-0.5016124421217005,7.8115357528238984,2.236131343976854,47.77066657413286,-119.08755986410799
490401500,0.5930448795819568,-0.5031097536655885,7.9969646402785175,2.183726688996784,47.1875144905167,-120.15080784452705
490412000,0.59024037267973,-0.5040286014910776,7.935061103528731,2.2009446982996628,47.11145396071802,-119.45283787152783
490422500,0.5953354045732547,-0.4987568740915556,7.95448957777497,2.1955114940187355,48.09768889355203,-120.90728277465766
490433000,0.5942036689607433,-0.49838484504328406,7.910354480077793,2.2078931192976574,48.24194593151663,-120.65731810446803
490443500,0.5916014694881614,-0.5036731419397523,7.967314266924994,2.191939800352117,47.12766880710041,-119.78642052419883
490454000,0.587024694147362,-0.49925001761671234,7.718992896505235,2.2632428378982348,48.37449005318947,-118.92591444587512
490464500,0.5857837719653509,-0.5075712110592209,7.892615574428677,2.212909224990444,46.50809331399945,-118.25883798136813
490475000,0.5911196263424261,-0.5048266467856608,7.982690989632655,2.1876727325458414,46.8834839002404,-119.61778421585763
490485500,0.5908455713765461,-0.503201398782942,7.9320175778457465,2.201798275393015,47.274358568218034,-119.63354145260472
490496000,0.5939320688023703,-0.5067116073537973,8.120445509400918,2.1501777141692364,46.30500006882386,-120.17413253284292
490506500,0.5907040850968814,-0.49581733605969347,7.741672582718253,2.256537587754534,49.01730170466671,-119.94865564843857
490517000,0.588511076808249,-0.5005362159357345,7.7943497088888805,2.2411166988283653,48.00630652820099,-119.21513081557184
490527500,0.5904652700087233,-0.5107521168114845,8.120578815550214,2.150142055590708,45.55476118217489,-119.17132533851587
490538000,0.5976647668679579,-0.5110808315072852,8.362789482981995,2.087257506625683,45.097343872812566,-120.80082870768737
490548500,0.5896756714076897,-0.49629962799413524,7.723487033316697,2.2619109643528965,48.94977974597199,-119.68273742506
490559000,0.5984171403292199,-0.5110746585044406,8.387749874917562,2.0809865322498013,45.05682465681189,-120.97412284932606
490569500,0.5908770297823879,-0.5054240781960995,7.9909185729943015,2.185396415256827,46.757096739048386,-119.53219444572544
490580000,0.5931660478843972,-0.4958906126385954,7.816210945066608,2.234779013131193,48.88498445156904,-120.53107973277713
490590500,0.5918855115034385,-0.4985256342849131,7.844002254013068,2.226774013845243,48.3206448872333,-120.10198911652374
490601000,0.5973254938798325,-0.5011863705563167,8.079941544207442,2.161067612946954,47.42096803818151,-121.25441428509079
490611500,0.5887415493694786,-0.4972391829954831,7.719359033092174,2.2631342713638842,48.76990638962859,-119.41947328358296
490622000,0.5841090946337377,-0.49767527176540377,7.597521466334796,2.2998491377415315,48.869591814355935,-118.31215912791082
490632500,0.5882232414289628,-0.4983902344022541,7.732595855194572,2.2592163215050047,48.522281885935826,-119.24554298152705
490643000,0.5894885104460477,-0.5042107343537946,7.917005652328024,2.206018227293929,47.10544961433633,-119.2697678522955
490653500,0.5903165166108162,-0.5013724223845503,7.869119822704459,2.2195886032931416,47.726373763597394,-119.59795972093706
490664000,0.5919208762055619,-0.5026976279838588,7.951717368694148,2.1962850967634076,47.33934590404095,-119.90875161776317
490674500,0.5913836491986001,-0.5035945443854325,7.9586059741099495,2.1943637974144643,47.15664446909716,-119.73959438841135
490685000,0.5910762786322958,-0.5015349010678483,7.896117784235026,2.2119170755836555,47.652057846556126,-119.76785060875737
490695500,0.5893850897375554,-0.5014184396250987,7.8424603284603505,2.227216638407095,47.75962273530681,-119.37822096851207
490706000,0.5882582557013032,-0.5013592608322008,7.807557991442755,2.2372832346841767,47.82589832430874,-119.11816266689065
490716500,0.5902114451635441,-0.5016691349708086,7.873528951395836,2.218332086776785,47.66204504183813,-119.5593021751725
490727000,0.5946903702034945,-0.5017718670280674,8.012861009644217,2.1793488433582,47.41827918546482,-120.60347999650129
490737500,0.5968819202428034,-0.5011494935862331,8.06498317932287,2.1651174075004085,47.45272718511658,-121.15156161399287
490748000,0.5939265134827093,-0.501788541487367,7.989652475606589,2.1857463950886653,47.45278357958834,-120.42325283456657
490758500,0.5932340667242672,-0.5019736657911639,7.973146551735904,2.190319362594876,47.44388357564297,-120.25162248342846
490769000,0.5905135814427029,-0.5027090177849588,7.909259013133478,2.2082022266936714,47.40504705333497,-119.58002344497328
490779500,0.5894716491287196,-0.5015102601660547,7.847366545219723,2.2258088754567114,47.73412542658809,-119.39410899579596
490790000,0.5895865314966867,-0.5009629699019231,7.8369296463913765,2.228805730393408,47.856562439805145,-119.44665052784937
490800500,0.589363309133821,-0.5003229406390404,7.814167917698898,2.2353697701817423,48.0167240801259,-119.42433960329062
490811000,0.5884266346035902,-0.5013156476248211,7.811433447251234,2.236160954953226,47.82827887043002,-119.15942843073739
490821500,0.5887358362919044,-0.5012180112601847,7.818119380566479,2.2342274579052894,47.836713042463394,-119.23607030877218
490832000,0.5892070751500577,-0.5015656968230963,7.84089161880234,2.227667133205332,47.73361398237092,-119.3297772059091
490842500,0.5892553935875707,-0.5014833649579518,7.840244132380167,2.2278531287964065,47.750555708573934,-119.34490882644491
490853000,0.589204145883677,-0.502879334151128,7.874232401378264,2.218131749413729,47.42790478173029,-119.267220916262
490863500,0.5893899535878903,-0.5015414833050833,7.845723567941975,2.226280103036232,47.730679809891654,-119.37357730178914
490874000,0.5897508803757103,-0.5022915045237422,7.875597580147299,2.217743060371465,47.53876626772257,-119.42230053503147
490884500,0.5896948167146445,-0.5019002617021061,7.863941463264601,2.2210661644379437,47.63261557878135,-119.42777548479594
490895000,0.5895269942369636,-0.5027303754211319,7.880100650419412,2.2164619319675634,47.44723375569722,-119.3493450773567
490905500,0.5897204661929021,-0.5023023160759793,7.8749617597556085,2.2179240719433064,47.53769142008087,-119.41470209441678
490916000,0.589787832602508,-0.5021924735265471,7.874176936462349,2.218147544091212,47.56008667342406,-119.43561195374406
490926500,0.5897904263578622,-0.501826060464525,7.864912868944635,2.220788838835226,47.64539746019734,-119.45358733312132
490937000,0.590082075543294,-0.5021894912840433,7.882931740547715,2.215657245377015,47.54678644234307,-119.50434010613091
490947500,0.5897172363756481,-0.5020731417758088,7.8690173165320125,2.2196178325959015,47.59124735624855,-119.42481750179861
490958000,0.5897595085644087,-0.5017861971276107,7.862972989617874,2.221342722311471,47.65616045117082,-119.4482612074637
490968500,0.5889828865749369,-0.5016344994244476,7.835966721250101,2.2290826339721765,47.72806565902454,-119.27427762815617
490979000,0.5889453615034101,-0.5016574623132269,7.83543281562065,2.229236196365819,47.724466871822614,-119.26445651151131
490989500,0.5893374603024569,-0.5015712107898294,7.844913379507491,2.226512549642976,47.72620998472711,-119.35993359424002
491000000,0.5899802158964678,-0.5018030141659364,7.870009206453926,2.2193350308877022,47.641778053625494,-119.49896184389644
491010500,0.5898238160576683,-0.5025533705965121,7.884481977721118,2.2152168671217334,47.474311478966754,-119.42683582822586
491021000,0.5897472679527317,-0.5028229138247772,7.889085728296704,2.2139101094530784,47.415229700629226,-119.39618148194735
491031500,0.5894921624832314,-0.5026779581157574,7.877715288476086,2.217140384621043,47.461080090384755,-119.34373051669125
491042000,0.5891133835341607,-0.5033844543347898,7.88444284230292,2.215227982214571,47.31490595114405,-119.22221086733971
491052500,0.5885423265150643,-0.5021761290438457,7.8365955448266815,2.2289017984765778,47.62250901116264,-119.14638331460954
491063000,0.5894754768303809,-0.502694348153116,7.877634061989594,2.217163494683291,47.45805902024637,-119.33907156919945
491073500,0.5893491078182214,-0.5025519792480542,7.870210914712774,2.219277529903262,47.49716549262304,-119.31641796532035
491084000,0.5891996739352073,-0.5029249691010633,7.875265160233434,2.2178376932202233,47.41751162993342,-119.26402175897812
491094500,0.5906617557595384,-0.5019900223753441,7.895272218141528,2.2121565361113635,47.56560763411749,-119.64912208531304
491105000,0.5903561165954607,-0.5026383908642639,7.902688368321025,2.2100580902535882,47.42906630021832,-119.54673581733444
491115500,0.5887714384441749,-0.5031873622173225,7.86915619578996,2.219578231811777,47.37681256261456,-119.1521845397428
491126000,0.5889907700828056,-0.5033356195353861,7.879514583862212,2.2166285842984386,47.332048032794546,-119.19607427576435
491136500,0.5890777107550653,-0.502561456331136,7.862336496734843,2.221524517286138,47.50777663294135,-119.25284052686898
491147000,0.5885159863100361,-0.5026920798737109,7.8489098302400055,2.225366423585929,47.50380398491419,-119.11614641171806
491157500,0.5880408825414356,-0.5027899408737934,7.837273565804573,2.2287068479677212,47.50326131900581,-119.00127200975435
491168000,0.5882940784845558,-0.5019441039703686,7.823362341850932,2.2327136025172645,47.68804462840585,-119.0994238050646
491178500,0.5882603189934379,-0.5022451090621874,7.829974257450381,2.230807413001821,47.6196025696025,-119.07758761389822
491189000,0.5874133063194956,-0.5017297715676594,7.791981855728342,2.241805321956916,47.778500870782,-118.90442822694393
491199500,0.5876072053386261,-0.5021865749291506,7.809181623612413,2.2368129148670115,47.663430638289036,-118.9285175759323
491210000,0.5883639179253767,-0.5025777121500203,7.841480834246335,2.227497903548485,47.53748010715845,-119.0861679425061
491220500,0.5886743303147591,-0.503842688445917,7.883027996512269,2.215629896671444,47.22947756995683,-119.09872148880578
491231000,0.5885007152072598,-0.5030503400531142,7.857575707606192,2.2228852423452152,47.42134341670653,-119.09580829256899
491241500,0.5883888863359044,-0.503520138131325,7.866228978498455,2.2204132151396867,47.317659913345665,-119.04780977846434
491252000,0.588286098518052,-0.5025493968979575,7.83845032625386,2.2283685769212096,47.54768807568246,-119.06941114878468
491262500,0.5884430686353538,-0.5026891430024124,7.846665025616241,2.226010056003344,47.50789815457993,-119.09934695247102
491273000,0.5884130764922627,-0.5031610377074132,7.857784520248336,2.22282552453473,47.39977364969081,-119.07028232184422
491283500,0.588541145413084,-0.5026322166349605,7.848136746961224,2.225588040472057,47.51653295081425,-119.12479357099382
491294000,0.5891917264190788,-0.5033415584420935,7.885694074621564,2.2148726674799164,47.32114296208335,-119.24242747329082
491304500,0.5889075628608569,-0.5031380238974787,7.87196676047861,2.218777117367248,47.381840501930355,-119.18610601210544
491315000,0.588676359534127,-0.5022104744279604,7.8414495227616525,2.227506895927466,47.608258750896454,-119.17596051579716
491325500,0.5884935472722498,-0.502446699686918,7.842008321511049,2.2273464248864463,47.561870143639915,-119.12240827335599
491336000,0.587788575582096,-0.5034040006970796,7.845385392538365,2.226377121105378,47.372659423110214,-118.91418677036265
491346500,0.5873666104155949,-0.5024493003003437,7.808711058852437,2.2369492035601364,47.613506462902485,-118.86056548052564
491357000,0.5881357954233689,-0.5026704753439153,7.837059483759708,2.2287683990013853,47.526572446606295,-119.02886433355262
491367500,0.5873463318360757,-0.50269247611517,7.814250421749633,2.235345907416907,47.558031241710154,-118.84466823722708
491378000,0.5882158536075103,-0.5027562206032536,7.841613458441754,2.22745981587252,47.50293510558105,-119.04345415154205
491388500,0.5878147277063358,-0.5029659690412932,7.835031017819464,2.2293517758229484,47.47294549110156,-118.94062641159204
491399000,0.5866619667534727,-0.5033809700286187,7.811468132815875,2.236150915593225,47.43006819497114,-118.6545594479264
491409500,0.587388524876181,-0.5038979842111247,7.846079496175257,2.2261780010965078,47.27699584236934,-118.79864005327127
491420000,0.587862611352606,-0.5040716669316687,7.864622467593751,2.2208717379195737,47.21471636277667,-118.90011796333067
491430500,0.5877354269477985,-0.5037957043556754,7.8537846919361884,2.22396998678603,47.28448040182038,-118.88361632447398
491441000,0.5875461902483834,-0.5031542619864802,7.831849082322097,2.2302675037058672,47.44176750695693,-118.86965147963198
491451500,0.5867362703636881,-0.503171042457026,7.808352556649003,2.237053047016403,47.47521549813768,-118.68137046307983
491462000,0.5870563193002416,-0.5030912384635795,7.815770036585067,2.234906478635122,47.478987224639575,-118.75911098558689
491472500,0.587155324005091,-0.5033823359749141,7.82606466179985,2.2319341385492844,47.407047655443264,-118.76860727597575
491483000,0.5870013166873473,-0.50309017330542,7.814120515535069,2.2353834806092414,47.48176383960333,-118.74642570484343
491493500,0.5868963224678453,-0.5038185483507694,7.829472060156565,2.2309520796715447,47.318155878849694,-118.68858761064784
491504000,0.5866147464870796,-0.5041114749590894,7.8285856130593325,2.231207482230579,47.26351468708101,-118.61006998179477
491514500,0.5867311807945331,-0.5034370088621433,7.8149253136151104,2.2351507267084845,47.413935226229974,-118.66799016211635
491525000,0.5864720083396535,-0.5034860366896795,7.80852964747224,2.2370017498211716,47.41448655524857,-118.60583743058213
491535500,0.5872412562740283,-0.5032588992332689,7.825477025013798,2.2321035914186114,47.43164610810746,-118.79419568009091
491546000,0.5870420706385274,-0.5036694078005669,7.829997254313142,2.230800788807025,47.34588874796502,-118.72915532417366
491556500,0.586790540896895,-0.5039794223289903,7.830428998449816,2.2306764332176807,47.285885721112926,-118.65673305958022
491567000,0.5868194278225127,-0.5046749848599807,7.8489980479909525,2.225341137354748,47.12411347612709,-118.63120823853251
491577500,0.5863373407017161,-0.5035652800526716,7.8065691195053555,2.2375697800710004,47.40233974788804,-118.57109988156522
491588000,0.585883397045299,-0.5038462771754934,7.800325411650496,2.2393807246474258,47.35819138011371,-118.45350302164852
491598500,0.586597652510247,-0.5036200929283302,7.815621457616045,2.2349494357252273,47.377752289747576,-118.62872321626132
491609000,0.5868262228306544,-0.5039480718276839,7.830688029601744,2.2306018309702664,47.291477300134126,-118.66641858680647
491619500,0.5869565854601488,-0.5033434625537043,7.8192080210051875,2.2339129535131192,47.42520477592841,-118.72442020786215
491630000,0.5870382986489958,-0.5025240319928259,7.800925301340496,2.2392066027795106,47.611241297423646,-118.78097747111262
491640500,0.5870202743046057,-0.5027247421643257,7.805452923094163,2.23789330895083,47.56553890670256,-118.7675988413359
491651000,0.5866307803353064,-0.5030657989411499,7.802592060696981,2.2387229579684416,47.50439736061094,-118.66178037706614
491661500,0.5863147511230684,-0.5034821361479787,7.803804888045362,2.238371162976862,47.42257866523227,-118.56968105238825
491672000,0.5865779517302221,-0.5033807589448188,7.808988319982866,2.2368688989744077,47.43396791164663,-118.63514517340077
491682500,0.5869198441248681,-0.5037323164204273,7.827978746756357,2.23138236606243,47.3369935007364,-118.6980020999789
491693000,0.586956275488079,-0.5033853707446195,7.820259955076024,2.23360913802848,47.41552477986626,-118.72241883239015
491703500,0.5865115307978949,-0.5039507202405371,7.821457443427331,2.2332633852452655,47.30536094729004,-118.59364984778782
491714000,0.586337289018804,-0.5027973479217153,7.787217000068449,2.2431923360002997,47.579908503661635,-118.60609598991621
491724500,0.5864974032680248,-0.5035170881065826,7.810062118300535,2.2365579438714907,47.406148552213814,-118.61028363620751
491735000,0.586022173653358,-0.5031860104734807,7.787755846862674,2.2430353951628716,47.50432658579656,-118.51555802297446
491745500,0.5861575837958057,-0.502784319048269,7.781626681426432,2.2448218379974847,47.591081891111095,-118.56509563194663
491756000,0.5862616532732011,-0.5030523812617155,7.791413248577753,2.241970748632862,47.524339184317824,-118.5769978677893
491766500,0.5866318474331061,-0.5037364312150188,7.819576244972673,2.2338065950535086,47.34930688073248,-118.6312784979732
491777000,0.58619156492055,-0.5038565003353737,7.809641952602875,2.2366796068954256,47.341772516463934,-118.52413019848385
491787500,0.5863708364357514,-0.5038520394321769,7.814808100410802,2.2351846226518908,47.33459463481359,-118.56570651705844
491798000,0.5863201524626679,-0.5038635177715682,7.813605460955123,2.2355324640035827,47.33426798523468,-118.55348274449126
491808500,0.5856853399413872,-0.5033989353831638,7.783250185687604,2.2443483633098786,47.47040761892334,-118.42810346075521
491819000,0.5862386955786588,-0.5039519266281021,7.813444362849179,2.235579066936821,47.317598772480274,-118.53063800830977
491829500,0.5859048797566963,-0.5041862243775577,7.809550416717797,2.236706113758067,47.27883913729346,-118.44295723080766
491840000,0.5854144199561051,-0.5041704076922142,7.794751455265847,2.240999904464756,47.30479733483163,-118.33069384013845
491850500,0.585715492610562,-0.5034983873675686,7.786634087744992,2.243362135931123,47.44608516070004,-118.43056126541045
491861000,0.5859974377831724,-0.5033690455264487,7.791637582239251,2.2419054795994233,47.46315906875755,-118.50153074351874
491871500,0.5853713297624,-0.503507613010134,7.776803849660262,2.2462295419699503,47.459510079865034,-118.35072875527348
491882000,0.5857743505529,-0.5032299010670728,7.78160517593447,2.244828111153019,47.505415901899354,-118.45630724053686
491892500,0.5852507976066506,-0.5036319945954858,7.776409089498332,2.2463448444714995,47.43625640865939,-118.3173249709357
491903000,0.5853411253019175,-0.5033589037973746,7.7721894516928085,2.2475780705182054,47.49518248207662,-118.35045907418518
491913500,0.5856648293697344,-0.5037836424102571,7.792334446969074,2.2417027538025365,47.38256993863425,-118.4059410557148
491924000,0.5856844009550689,-0.5040075248073803,7.798556197181144,2.239894409216381,47.330066032666586,-118.4002866016718
491934500,0.5856648703482901,-0.5038866301832314,7.794932499373318,2.2409472759280287,47.35882107227075,-118.40127654625057
491945000,0.5855842217360485,-0.5042904529531699,7.802764301557642,2.2386729906849965,47.26944276198769,-118.364343062495
491955500,0.5860351180444631,-0.5044254064681797,7.8194463182160865,2.233844122164135,47.21777812388307,-118.46202270689284
491966000,0.5863562622332537,-0.5043062033507597,7.82589500384121,2.231983059017868,47.23050451733893,-118.54149381724308
491976500,0.5861750449869813,-0.5039570851603756,7.811700726238704,2.23608359629475,47.31932195046643,-118.51571836308979
491987000,0.5856594942891107,-0.5045416097453918,7.81133291788366,2.2361900525989893,47.208198007619764,-118.37022938190687
491997500,0.5859882779223776,-0.5043454171256241,7.816037570358734,2.234829133567546,47.23834850842355,-118.45489589759231
492008000,0.5851023929117329,-0.5045901206996511,7.796207251351039,2.2405767828192467,47.22236122816378,-118.23987930686609
492018500,0.584920615899643,-0.5046262665704062,7.791797739665138,2.241858884737771,47.22227483833863,-118.19645942061754
492029000,0.5845800172751419,-0.5048765667231054,7.788155654274557,2.2429189642560536,47.18015040546244,-118.10693450161025
492039500,0.5842847396001322,-0.5047333193381818,7.775927738676099,2.246485454689309,47.226300949532174,-118.04559100868164
492050000,0.5846671873643353,-0.5045428531056722,7.782286449927087,2.2446294005482237,47.252870700007854,-118.1419800287782
492060500,0.5850395833342215,-0.5046846271044038,7.796755231959782,2.2404175559374666,47.20348105925482,-118.22116187807872
492071000,0.584700346940401,-0.5045341882687245,7.7830363546160735,2.244410712979684,47.25336960906325,-118.14999008695378
492081500,0.5850628617568757,-0.5047621696006643,7.799397785540463,2.2396500277478673,47.18460658506587,-118.2229989809251
492092000,0.5853420819732136,-0.5054485632562042,7.825018561127451,2.2322358135346265,47.01428622882706,-118.25586696385994
492102500,0.584854621301334,-0.5049155588997397,7.797174961411129,2.2402956104208336,47.15880107903385,-118.16821977550451
492113000,0.5851966437339257,-0.5050481950650532,7.810567444595373,2.23641163940355,47.1128254769423,-118.24074343635829
492123500,0.5845565018972045,-0.5047545806530043,7.784391197074065,2.244015721786044,47.20921564041129,-118.10702803210656
492134000,0.5841973283708416,-0.5046746281527362,7.771904876150578,2.247661289221173,47.24368762024764,-118.02815431094457
492144500,0.5846463996845069,-0.5054321713475338,7.8041519970938955,2.238270500331657,47.04970228410681,-118.09706649184939
492155000,0.5848000949706902,-0.5056700837964073,7.814701297078106,2.2352155091483947,46.98820492574313,-118.12149549649232
492165500,0.584771467169754,-0.5053983002691139,7.806961539062072,2.237456059837258,47.05179987924174,-118.12727406447175
492176000,0.5845715916618852,-0.5057621664690279,7.810329541447677,2.2364805158546313,46.97748726037528,-118.06497358170662
492186500,0.5843893822533083,-0.5054565668922939,7.797241104256444,2.240276394918077,47.05573017781523,-118.03706180288938
492197000,0.584262948711764,-0.5054254272325465,7.792754873411893,2.241580464845579,47.068564816028506,-118.00949828976574
492207500,0.5845619910162759,-0.5051714539541493,7.7950787437228195,2.2409047653063667,47.11329936915406,-118.08949970805907
492218000,0.5837223022965572,-0.5044471917250697,7.752398746908157,2.2533802935200966,47.3170582381841,-117.92925012804747
492228500,0.5834680500890722,-0.5049485681205806,7.757597594715264,2.251853184079887,47.21335956295388,-117.84869497766441
492239000,0.5830801107094707,-0.5045881429121873,7.737350813201252,2.257812235964146,47.31310564910621,-117.77571788205745
492249500,0.5834203315270745,-0.5049064606638942,7.755157921523764,2.252569554351663,47.22512446566109,-117.83962875940016
492260000,0.5834705318698759,-0.5048538148234776,7.755292505291937,2.252530024077007,47.234963076167276,-117.85346727950459
492270500,0.5833160338600172,-0.5051238339620636,7.757589172845523,2.251855656236554,47.17995877005463,-117.80610089929506
492281000,0.5836364198788859,-0.5051678679514142,7.767995418561919,2.2488051633616717,47.1556330976665,-117.87751468834382
492291500,0.5835593317538549,-0.5048842309505303,7.758630368673662,2.2515500648576308,47.22405081715636,-117.87246988495737
492302000,0.5834846235539294,-0.5051563653054385,7.763296991362524,2.250181433302472,47.165023880490715,-117.84326119504027
492312500,0.5838854944730701,-0.5052308361581531,7.7768277535975034,2.2462225604324164,47.13008825062007,-117.93175929023243
492323000,0.5838304581075687,-0.504814895576284,7.76476049956012,2.24975255879914,47.227885595904695,-117.93771521820291
492333500,0.5837611986358836,-0.5050369459909793,7.768329285095361,2.248707431124506,47.18006672222128,-117.91193888639073
492344000,0.5834692028125995,-0.5055170629042252,7.771925127973084,2.2476553667561867,47.083150516565716,-117.82367459504536
492354500,0.5833760976607868,-0.5051515386104909,7.760026535806444,2.2511404201443628,47.17095041244045,-117.81862450398337
492365000,0.583645507228258,-0.5054184500893039,7.774569012275626,2.2468824557633202,47.09785138352624,-117.86841839165119
492375500,0.5835859764613072,-0.5053545976919808,7.77122871324988,2.2478590450533176,47.11512381251944,-117.85764059293842
492386000,0.5836970324237095,-0.5054209978372951,7.776132980560936,2.2464254981114133,47.09496675659808,-117.88009888280624
492396500,0.5841239781127204,-0.5050494118422696,7.779204293239267,2.2455286707728463,47.16098981553141,-117.99454206967306
492407000,0.5840743920656531,-0.5049520378307379,7.7753062225556775,2.246667035601423,47.18553987386607,-117.98753303676209
492417500,0.5838687698503237,-0.5052343779388135,7.776429913636486,2.2463387618095387,47.13002498505651,-117.92776940787512
492428000,0.5832032929825394,-0.5053913362228698,7.761039333161123,2.2508433524651403,47.12373732711637,-117.7684337718485
492438500,0.5834080601473379,-0.505412928471297,7.767526032452973,2.2489425804843717,47.10969911614706,-117.81432312544726
492449000,0.5829755473389032,-0.5052868649510436,7.751818139159396,2.253550970532426,47.15771919110081,-117.72096101942776
492459500,0.5832189146927005,-0.5055215479289019,7.764766851420517,2.2497506977732837,47.093261301460224,-117.76622662803908
492470000,0.5827101019777473,-0.5057428097862933,7.755581043024663,2.252445278767962,47.06523482259241,-117.64014615356548
492480500,0.5836474503421534,-0.5053434508100297,7.772735973898647,2.2474182678736296,47.114933424125844,-117.87221099537983
492491000,0.5838018288968976,-0.5057537468710406,7.787587853991329,2.24308432125024,47.01413356744885,-117.88918106281199
492501500,0.5835014161695844,-0.5053884542424215,7.769622745447596,2.248328879103302,47.11114323416377,-117.83677658028171
492512000,0.5835553706305837,-0.5052716695283407,7.768251515539273,2.248730195723969,47.135473063890494,-117.85432968539934
492522500,0.5829996709117029,-0.5052575867892103,7.751781916049956,2.253561619636559,47.16335097235789,-117.72777336646081
492533000,0.5832387146376529,-0.5050673249320023,7.753930723199816,2.252930074430458,47.19632375299523,-117.7909008234029
492543500,0.5828125742047066,-0.5057581856383521,7.758935049756654,2.2514606566154014,47.05719286795094,-117.662869810781
492554000,0.5826708516017443,-0.5052402212448671,7.741842410016402,2.2564875290136586,47.181819096839284,-117.65332944012246
492564500,0.5826400813397845,-0.505831429967534,7.755780933652058,2.2523865734194546,47.048092373517235,-117.620243693988
492575000,0.5822375862792676,-0.5054344725090693,7.734208501808128,2.258739928362712,47.156435611881484,-117.54578720233886
492585500,0.5831408284345704,-0.5056112549283962,7.7647576202619915,2.249753402403125,47.07621796250303,-117.74438883856897
492596000,0.5838401408489604,-0.5059695035873409,7.794165957183255,2.2411701225899625,46.96307434202643,-117.88825258452367
492606500,0.5851396414207327,-0.5065698138288847,7.847670225524289,2.2257217978972834,46.76673186729221,-118.15808460156298
492617000,0.5838414785740167,-0.50593614156374,7.79336026013625,2.2414044002696896,46.97064166087493,-117.89005814119551
492627500,0.5832138274026996,-0.5061886973651818,7.7814414769315245,2.2448758633346397,46.94105958269759,-117.73535663520714
492638000,0.5832469911949262,-0.5060478723560146,7.778849262091535,2.245632303526048,46.97173237398561,-117.74921310642459
492648500,0.5833029475753764,-0.506135380206168,7.782689480538445,2.2445118632398424,46.94925182078558,-117.75808382972185
492659000,0.5832051230692892,-0.5065065404309296,7.789229292566901,2.242606362154411,46.86892723367523,-117.71916576733969
492669500,0.583388894740688,-0.5066761756225316,7.7988955181225466,2.2397958703300036,46.822004737844864,-117.75346950039412
492680000,0.5826380280206781,-0.5066175279957404,7.775529025504019,2.2466019385416978,46.86891256202125,-117.58495578566553
492690500,0.5817813062699931,-0.5064314703510745,7.746038609705441,2.255251355146753,46.94908779581011,-117.39807382528002
492701000,0.5816759545563249,-0.5063424514277575,7.740767190737054,2.256804501174236,46.97396501464812,-117.37798891791849
492711500,0.5817755914140829,-0.5065286143004628,7.7483139359142035,2.2545816277782773,46.92722824703652,-117.39251369368617
492722000,0.5813409057374417,-0.5063882475553906,7.732271891157735,2.2593120483405853,46.978164375056274,-117.29973953038106
492732500,0.5823267448179553,-0.5058210012108608,7.746460117015071,2.2551272570365586,47.06427912454065,-117.54918525292314
492743000,0.5826846835698433,-0.505502843923769,7.748822185770939,2.254432082411937,47.12117565277315,-117.6449283426036
492753500,0.5834720533163499,-0.5057490463912577,7.777857112866162,2.2459219605456835,47.029968307181996,-117.81397702949737
492764000,0.582777494489715,-0.5060775023055993,7.765954135400353,2.2494028908776693,46.98584803367484,-117.6407194809453
492774500,0.5826943243020943,-0.5066400494560097,7.777734385536055,2.2459577958948898,46.86127973277704,-117.5967795600074
492785000,0.5822616264078818,-0.507020485997538,7.774780604330599,2.246820622214129,46.79389573324669,-117.48139782864259
492795500,0.5826815969591342,-0.5065189951094489,7.774305950571778,2.2469593350611934,46.8894272634933,-117.59925988557202
492806000,0.5824502489406744,-0.5069193413753366,7.77770185254345,2.2459672954481964,46.808536269948085,-117.52879584042668
492816500,0.5827321510439475,-0.5067240919569249,7.7809596782999595,2.2450164193308364,46.840452451118786,-117.60165671944505
492827000,0.5828957271165527,-0.5071406844043704,7.796284921946989,2.2405542126677966,46.738304599183344,-117.62030070657478
492837500,0.5829955393107957,-0.507256046399359,7.802131479583125,2.2388565841288663,46.70758128344595,-117.63784314826977
492848000,0.5822788697281592,-0.506672544715455,7.76649433798403,2.2492446779386728,46.8723030064896,-117.50072648899332
492858500,0.5817506425123244,-0.5064479652995099,7.74556829055961,2.2553898404114237,46.94667701836367,-117.3903711733635
492869000,0.5813799581058108,-0.506508659975164,7.736412070649006,2.2580892970051947,46.949071207766465,-117.30337592315875
492879500,0.5816157072239563,-0.5064670049829935,7.742155929715339,2.2563951209903017,46.94825135007043,-117.35882858750597
492890000,0.5813740977547186,-0.5070428457768321,7.749658802190346,2.25418596324871,46.82791592879048,-117.2787010546889
492900500,0.5812699282026439,-0.5067820359860318,7.740102656825085,2.257000449017687,46.89171998059023,-117.26643589552201
492911000,0.5821826112947537,-0.5071290435019866,7.7752315118520725,2.2466888649192005,46.772713737406335,-117.45861967789904
492921500,0.5814346025426684,-0.507027079048119,7.751007837683001,2.2537892123973653,46.82884679759597,-117.29313425720436
492932000,0.5818823360870986,-0.5066456839763684,7.75434047883562,2.2528096856005595,46.895901176205285,-117.4116627039979
492942500,0.5817382974333113,-0.5057677418073064,7.728172649567705,2.2605240218864724,47.10218552945811,-117.41728395981397
492953000,0.5818799427768461,-0.5052839340930796,7.720165732097804,2.2628951065650975,47.20642483299121,-117.47067357862478
492963500,0.5808249858579979,-0.5058148691883461,7.703178544322913,2.2679421156024713,47.130998180954066,-117.2071365932825
492974000,0.5806455505222017,-0.507018535852679,7.7280885412551505,2.2605489028717396,46.865168161580655,-117.11437853483014
492984500,0.5805493530306318,-0.5065766486555906,7.714281608024886,2.264640760657487,46.96963722228473,-117.11164162061898
492995000,0.5804701064108623,-0.507342859805388,7.7311844396420994,2.259633434692932,46.799227522690394,-117.06054245185665
493005500,0.5809557034353945,-0.5078027454988573,7.756731338959509,2.252107493496428,46.67388086085122,-117.15053163025479
493016000,0.5807531407569685,-0.5075918566316933,7.745577011830401,2.2553872722814603,46.73050460254356,-117.11385629167775
493026500,0.5801263292375753,-0.5077870497546467,7.732468217910103,2.259254035561061,46.71353379794474,-116.96346643843812
493037000,0.5798069555582117,-0.5075725333507092,7.717942651063586,2.2635543139815884,46.77584467893738,-116.90046111091202
493047500,0.5797730720514354,-0.5077322456825598,7.72097309415732,2.262655796080496,46.7411740405556,-116.88592586239672
493058000,0.5803889293797427,-0.5074415738429553,7.731331245068057,2.259590042323035,46.78037735410199,-117.03787254489504
493068500,0.5805688711272345,-0.5069629367223546,7.7244970826531185,2.261611845050787,46.88110298520156,-117.09938795977575
493079000,0.580414339931038,-0.50747458000026,7.732888835959588,2.25912975681664,46.77179937468045,-117.04219880980659
493089500,0.5804331313345599,-0.5075603418242501,7.735581706330794,2.2583344282293862,46.751559117200365,-117.0427364147124
493100000,0.58044954772853,-0.5073095568401442,7.729759270012076,2.260054769789271,46.80766569128052,-117.05732579879283
493110500,0.5806742246689668,-0.5070447826359308,7.729569044902647,2.2601110196197323,46.857970409477126,-117.11974660765894
493121000,0.5805812118746017,-0.5071246463143712,7.728901425497353,2.260308457894627,46.843885412771954,-117.09518631048527
493131500,0.5808458865084146,-0.5071470557141273,7.737065456693146,2.25789644902231,46.82731243521726,-117.15425146416497
493142000,0.5808150147127769,-0.5073301330856526,7.7407758847149335,2.2568019378505153,46.787131552966635,-117.13928231017152
493152500,0.5805702941827763,-0.5077172585363587,7.743469693757967,2.2560079797886745,46.710064637289584,-117.06697978115022
493163000,0.5799180324091117,-0.5069145866480157,7.704677946714263,2.267495722118313,46.92009059683369,-116.95386008720415
493173500,0.5808942611225227,-0.5070788353780461,7.736743919106408,2.257991347238636,46.840687627302025,-117.16819538378414
493184000,0.5802365628638696,-0.5068229190122361,7.711485467754733,2.2654712465320426,46.92720524818533,-117.03003346537795
493194500,0.5803179748237769,-0.5072220429130088,7.723793976463525,2.261820056793383,46.833191096196074,-117.03129050850991
493205000,0.5797319003781665,-0.50753579688795,7.714878149238081,2.2644636602923143,46.787382020933826,-116.88505767364951
493215500,0.5797605810629803,-0.5070716312376891,7.704103673942026,2.2676666704335853,46.89124269341045,-116.9114515945911
493226000,0.5796712608086317,-0.5068848584350756,7.696905127857399,2.269811719658363,46.937382629005945,-116.89919553323627
493236500,0.5791925046460293,-0.5076600167210318,7.702595979097601,2.2681156012645034,46.78237781004578,-116.7577671020813
493247000,0.5793263065791169,-0.5071523056405304,7.693748190872966,2.270753723257377,46.891510305537324,-116.80966415763785
493257500,0.5791795902217465,-0.5073263494610072,7.693909966944201,2.2707054315155215,46.858370583841,-116.76905972534597
493268000,0.5792711434224742,-0.5077460700728109,7.706985504095326,2.2668090745246565,46.75957330296405,-116.77186463070481
493278500,0.5793272366594829,-0.5069946499592984,7.689852363756338,2.271917289997642,46.92716487726985,-116.81658122639283
493289000,0.5790653119282015,-0.5072174350071874,7.687953212750662,2.272484944366555,46.88786337310863,-116.747835082322
493299500,0.5796117963805636,-0.5070348501428266,7.698947217548499,2.2692027957164522,46.90593591532402,-116.87931838177047
493310000,0.5800014268460737,-0.5073677890146596,7.718380242059755,2.2634245251457767,46.81382284012708,-116.95329074951415
493320500,0.5804399416143718,-0.5074316135116128,7.7325454279868895,2.259231221502544,46.78042360887659,-117.0498609833158
493331000,0.5806667425964086,-0.5074057732775241,7.738412121733451,2.257499083059207,46.77643436503762,-117.10237775577137
493341500,0.5798493960113408,-0.5070879020111814,7.707042910476462,2.266791997744269,46.8837520480812,-116.93087692516819
493352000,0.579880274527323,-0.5077860236260489,7.725389545981105,2.2613476142494884,46.724393968346796,-116.90785369710159
493362500,0.5796453687843671,-0.5076945003718917,7.716376582487281,2.264018930253852,46.75519976724896,-116.85866921974615
493373000,0.5795569004975981,-0.5077939583264469,7.716338271119983,2.264030298752738,46.736511736603326,-116.83439749055024
493383500,0.5794476186074823,-0.5081198276149834,7.721379050512529,2.2625354856390314,46.667582769460985,-116.79571360441608
493394000,0.579437047930349,-0.5086226732924113,7.7337064764816255,2.2588882103801757,46.55456969582885,-116.77168213608518
493404500,0.5792666466133783,-0.5077809354050129,7.707728541897192,2.2665880617194816,46.75188715538659,-116.76935847017789
493415000,0.579645586771616,-0.5077763905581114,7.718433028258618,2.263408869849722,46.73667432167592,-116.85520069696113
493425500,0.5795564484537097,-0.5073719268611825,7.705775589446412,2.267169050238135,46.831982799689754,-116.85238009758925
493436000,0.5795531030742759,-0.5071968370853781,7.701312410739631,2.268497937148108,46.8717580757049,-116.85910791149749
493446500,0.5793063011661761,-0.5073073019195051,7.697039177481249,2.26977173776746,46.857285574923715,-116.7985362092877
493457000,0.5789826079142188,-0.5083576490366025,7.714057572455637,2.2647072792365384,46.63384918682948,-116.68058686745475
493467500,0.5798301409160872,-0.5081396454472622,7.732830382239044,2.259147027138219,46.64662511926803,-116.8812582817167
493478000,0.5795781291228587,-0.508728638419609,7.740421477059582,2.256906435794505,46.52458264470455,-116.79891771665542
493488500,0.5786414790852386,-0.507681010927477,7.687458274972627,2.2726329276463657,46.80104881075929,-116.63239706745576
493499000,0.5787093352116067,-0.5084910547101469,7.709607009667106,2.2660295143011573,46.61544621142195,-116.61328923586183
493509500,0.5796530487421628,-0.5084057653880214,7.734442663132977,2.258670771388537,46.59418176966757,-116.82977304268454
493520000,0.5793671595554573,-0.508077033028013,7.718006630683879,2.263535336787496,46.68070053731455,-116.77938277038753
493530500,0.5792690174441502,-0.5086927841148763,7.730655962851815,2.259789654379149,46.54600365212432,-116.73077911832827
493541000,0.5788625603276798,-0.5076152054690163,7.692095131858448,2.271247295989238,46.80654158023338,-116.6851195496425
493551500,0.5784223994618217,-0.5080905789178789,7.691443772467292,2.271441839081309,46.71790690833726,-116.56562694519232
493562000,0.5802600796743681,-0.5074621943002184,7.728152473072415,2.2605299904625045,46.78128296258002,-117.00779421047143
493572500,0.578567823490176,-0.5078664743388729,7.689986254963945,2.2718772808095857,46.76230169553908,-116.60791878306476
493583000,0.5787042414723232,-0.5086517137762357,7.713486122222424,2.2648769667767925,46.57946975295462,-116.60528692983088
493593500,0.5792203330453128,-0.507819277775433,7.707366491227856,2.2666957464304245,46.7452034843927,-116.75725616031775
493604000,0.5791456222186693,-0.5082105153927382,7.715023992198639,2.26442036686492,46.660064338008866,-116.7236548045096
493614500,0.5777004580266659,-0.5079195140943082,7.666766159286754,2.278837132542187,46.78684870310142,-116.41009349496947
493625000,0.5788846652675746,-0.5088139979752372,7.722707621285052,2.262141836367646,46.535203552245086,-116.63897942823851
493635500,0.5785566328152919,-0.5087126526165028,7.710805833411417,2.2656731983097753,46.572043516765255,-116.56944740686517
493646000,0.5778238240985027,-0.5072008114182928,7.652456248192249,2.283147699183867,46.943821512695855,-116.46792912516668
493656500,0.5787213354350682,-0.5082958082278847,7.705063840056256,2.2673808647570515,46.65894229709926,-116.62431385671066
493667000,0.5776864950469248,-0.506416914612645,7.629303759500171,2.290156753316557,47.126704718750176,-116.4694132517221
493677500,0.5777043996580762,-0.5085132731718569,7.681631765329429,2.274376475669096,46.6529924527586,-116.38608006858678
493688000,0.5784713859372789,-0.5082558250733488,7.696956640778626,2.2697963551507865,46.67857840389382,-116.56966809441343
493698500,0.5775220751849727,-0.5076262300623188,7.654479611371318,2.2825372072971852,46.86039864660062,-116.38212583257386
493709000,0.5782992175329146,-0.5077858982916218,7.680368145825652,2.2747549613061784,46.791831633794715,-116.55071372150958
493719500,0.5777971984236866,-0.5076763613872004,7.66346771781412,2.279829267847725,46.83761637071093,-116.44207130067096
493730000,0.5791709151326859,-0.50789910072432,7.707952953880926,2.2665213200407357,46.72928432565138,-116.74268316838295
493740500,0.577384668928453,-0.5086556696723827,7.676138910871686,2.2760226450290895,46.63438769972695,-116.30820174969887
493751000,0.5766493394866368,-0.5080925097746376,7.641499634422166,2.2864592566719453,46.79157747346528,-116.16628981729649
493761500,0.5763058290749739,-0.5087770318651825,7.648792515042901,2.284253961929632,46.652001666020546,-116.06088047920807
493772000,0.5783197559786633,-0.5084318748753129,7.697044638734664,2.269770108913858,46.64534068800543,-116.5280386279601
493782500,0.5784149799812802,-0.5087720549130763,7.708259285965266,2.2664302211368508,46.564704707054354,-116.53503068894847
493793000,0.5765494873932618,-0.509722058995124,7.679129412856029,2.275126115795208,46.43009778159421,-116.0762510068885
493803500,0.5785099044119715,-0.5081497475584249,7.69540362096123,2.2702596587241892,46.70085832094495,-116.58285036548047
493814000,0.578570520413923,-0.5082632505338317,7.699959561913699,2.26890104991292,46.67269649270955,-116.59169881878005
493824500,0.5764707608617801,-0.5079102316087842,7.632007949380323,2.28933587040911,46.839925383600864,-116.13363230988195
493835000,0.5769891163217402,-0.5087725470486791,7.667886602947331,2.2785003128593866,46.62465888240729,-116.21444200169326
493845500,0.5776093251436584,-0.5083951407136835,7.676004533782032,2.276062946918436,46.683564596828575,-116.36964865434744
493856000,0.576680621796087,-0.5085318206133896,7.653238144257835,2.2829117455074064,46.69154841862211,-116.15515775317064
493866500,0.5765277441395685,-0.5089533261970314,7.659391288660597,2.2810566144435245,46.60326950622715,-116.10336841737971
493877000,0.57708697546932,-0.5077796646718499,7.646046611173507,2.2850837936360304,46.843890986311315,-116.27771110884512
493887500,0.5778450113900352,-0.5090085760287875,7.697974839834986,2.2694927048138465,46.53569217294682,-116.39681286415848
493898000,0.5774859436349196,-0.5083808302275324,7.672164749369905,2.277215167971691,46.69195446179108,-116.34248694233678
493908500,0.5774206050731787,-0.5087352106100037,7.679133838108892,2.2751247896651545,46.615002947250304,-116.31294488688249
493919000,0.5773724218874874,-0.5085671159733288,7.673590662633824,2.276787150963264,46.65480849234419,-116.30915667983135
493929500,0.5772639048550493,-0.5082164340118208,7.661825394743917,2.280323584830168,46.73821759087922,-116.29939468461654
493940000,0.5767604216479177,-0.508527414560138,7.655370479541066,2.282268517443526,46.689230413323585,-116.17326656769885
493950500,0.5763388804114236,-0.5091250045167307,7.658344368578291,2.2813720396021813,46.57260150160416,-116.05390228738469
493961000,0.5767019297989513,-0.5081408325373195,7.6441665438211155,2.2856523132008775,46.77853986226226,-116.17612098727275
493971500,0.5772228916039259,-0.5079659056419018,7.654467218565257,2.2825409454720536,46.796313561305034,-116.30058984863996
493982000,0.578048311909065,-0.5066122395515857,7.644253809671328,2.285625918305372,47.06751229423188,-116.54317586349849
493992500,0.5779331280813844,-0.5070178638130547,7.651014851786514,2.2835827996316955,46.98059318627794,-116.50024311339658
494003000,0.5767990449900718,-0.5082271737453358,7.649024140345741,2.284183990835686,46.755109485930205,-116.19438769532368
494013500,0.5765971362632323,-0.5095256219624036,7.675575728048208,2.2761915623780262,46.47209786418155,-116.09511856496313
494024000,0.5759164385754771,-0.5089071261335637,7.641104876983632,2.286578749594433,46.63886772863289,-115.96820278385891
494034500,0.5764016169050237,-0.5094667702820772,7.668601313034288,2.2782855141787652,46.4934217976011,-116.05377621488148
494045000,0.5761812595000066,-0.5084673044363218,7.63764819529542,2.287625622627772,46.726643092752084,-116.04568363948171
494055500,0.5770484665796368,-0.5092568061710598,7.681614750704249,2.274381571133464,46.51348752901719,-116.20752385973346
494066000,0.577143105990756,-0.5077319331044536,7.646443298826215,2.284963874329934,46.85231673751729,-116.292331281489
494076500,0.5777577341079062,-0.5080493572892492,7.671604310397657,2.2773834394938977,46.7551953077275,-116.4175611047164
494087000,0.573901888823291,-0.5104251261909465,7.6224604779861025,2.29223674489164,46.381918783612676,-115.45639787464081
494097500,0.5755716444828105,-0.5109067104234379,7.681148553812,2.274521194642279,46.20624107215089,-115.80850692334612
494108000,0.5739533710292908,-0.514253040843009,7.719735053373463,2.2630227850262408,45.532164648485114,-115.31063228334102
494118500,0.5755274648463857,-0.5112202228989385,7.6877526314184585,2.272544914586336,46.13825047863057,-115.78562514300998
494129000,0.5761244241996616,-0.5071271713196752,7.6031405562118,2.2981295297289566,47.03034422865136,-116.08766064886123
494139500,0.5743130214215185,-0.5096508154820697,7.614775867303973,2.2945769898572372,46.53786990929821,-115.57930263329621
494150000,0.5743588216232849,-0.5125443034840658,7.68804041062628,2.2724588747587986,45.89275866119871,-115.47117547369905
494160500,0.5740915611324978,-0.5091849012712719,7.597190930324867,2.2999503721687247,46.65080109483704,-115.54861120883749
494171000,0.5791255567402323,-0.5055255169375805,7.647819145188621,2.2845480518689785,47.26897657330223,-116.83282378316953
494181500,0.5737148697925117,-0.511551539944962,7.645175441313557,2.285347194099839,46.139218314498585,-115.36917826326454
494192000,0.575973884314377,-0.5086491715576431,7.6363389093872005,2.2880223980919947,46.694349053839616,-115.99167768479197
494202500,0.5708892063739057,-0.5128849626734844,7.599962937746309,2.2991016572419736,45.957784513718344,-114.69136982704855
494213000,0.5777888507994567,-0.5104840364197193,7.733449040385895,2.25896425625706,46.20717298230062,-116.32148058981619
494223500,0.5741000512012915,-0.5127010810891878,7.684696587504486,2.273459010766567,45.86874836543521,-115.40741215927326
494234000,0.5752181823441708,-0.5089463545258773,7.622585390956582,2.2921987439805065,46.65863405548507,-115.81018158326263
494244500,0.5772395123819127,-0.5147141226733336,7.825836328000359,2.231999978558767,45.289927213607754,-116.01621419659732
494255000,0.5722084747406813,-0.5126470916048428,7.630510711891953,2.289790298135866,45.957695417723194,-114.99160354609566
494265500,0.5781028881477532,-0.510586413542798,7.745024994481665,2.2555498349926193,46.17079711207563,-116.38738689020316
494276000,0.5722053423938089,-0.5091172648095942,7.543751451099622,2.316436206894154,46.74045260682026,-115.13055095925473
494286500,0.5690078590405444,-0.5154385782247052,7.6115745418382925,2.2955533293161188,45.472396538519526,-114.17877881014329
494297000,0.5708850970765122,-0.5145479154572571,7.641181244577944,2.2865556321734655,45.59271743528977,-114.62438883879342
494307500,0.5698371630410553,-0.5110374885998483,7.526016843593683,2.321959918397041,46.40596899571089,-114.53119620908825
494318000,0.5707923730242466,-0.5083772631845276,7.487645042933122,2.3340025697854774,46.959562585827946,-114.84427109152166
494328500,0.5709086142154844,-0.5119185244513587,7.576688608880823,2.306247261459962,46.170019383806846,-114.73363495612163
494339000,0.5703568222017142,-0.5119896892269392,7.563351051149118,2.310362286278345,46.1758443754117,-114.6091529376589
494349500,0.5709913416925769,-0.5188076028805174,7.7522434944951115,2.253425929389681,44.66006656073354,-114.47405843658387
494360000,0.574628424077071,-0.5075030429574958,7.570934751670438,2.308020684102436,47.005990690111695,-115.7360722881448
494370500,0.5673456478479038,-0.5113464366833881,7.46659852196632,2.3406613553772657,46.43149882884579,-113.97066287416912
494381000,0.5702366419140825,-0.5104376416513575,7.5222836572720535,2.323126053707614,46.52329910557333,-114.64245202125318
494391500,0.5817779303066337,-0.5127659181626743,7.908537501690757,2.2084058627746432,45.51969211407609,-117.11300330324744
494402000,0.5845008253043591,-0.5107340137427633,7.936653575726359,2.2004983439332033,45.8500375564956,-117.81942631891631
494412500,0.5777124659093186,-0.5125422729441195,7.78358656220969,2.244250288425303,45.751090788629156,-116.21579551326305
494423000,0.5823852762810596,-0.515475611057578,7.998683903911611,2.1832523528239705,44.887170682794206,-117.12236066216002
494433500,0.5702745532043181,-0.5118523265072366,7.55774569015635,2.312096115125366,46.209322604710245,-114.59634511781731
494444000,0.57227033008728,-0.5176331200168781,7.758327096101989,2.2516390668657444,44.86200572057127,-114.80081800782737
494454500,0.5691353890482403,-0.5030093253963298,7.318130857098959,2.3887426343129112,48.22230530337738,-114.66881770676652
494465000,0.5811320366520959,-0.5089663709905802,7.791332870026179,2.241994135399464,46.402928161990246,-117.13917700294633
494475500,0.5721239897160724,-0.5071786156401678,7.494827982374286,2.3317387166942463,47.17651797035489,-115.18722871196177
494486000,0.5696952461174253,-0.5094730813856888,7.484444424892314,2.3350127361779562,46.75749105012229,-114.55912738046614
494496500,0.5728271053324826,-0.5155180754537295,7.720009261913289,2.262941491839171,45.300981249240444,-115.01052397226513
494507000,0.5690430687788138,-0.526539474804724,7.899830414047289,2.2108662920012327,43.08574567660775,-113.7313640634111
494517500,0.5694172263895939,-0.5126458874766585,7.5538267565363695,2.3133098603450333,46.067766845339484,-114.37695284319555
494528000,0.5840038085671231,-0.5116791591352433,7.946580678625425,2.1977199726821466,45.660249849586194,-117.66299118534467
494538500,0.5648390123221614,-0.5099163734991694,7.3667475522020425,2.372780706431411,46.83590457383616,-113.47113983792634
494549000,0.5728468971855916,-0.5137660271541585,7.676272251098131,2.2759826555307967,45.68513872195221,-115.08701038332643
494559500,0.5777572120712385,-0.5147588190027459,7.842076435143878,2.2273268661860253,45.25728477001354,-116.12875059429852
494570000,0.5776951830590644,-0.509527406890517,7.706709291235769,2.266891243683121,46.42553283389886,-116.3412060008885
494580500,0.5732648281942262,-0.506291814920931,7.504463331010238,2.3287088646488363,47.33161007845674,-115.47723452761693
494591000,0.5664512390158977,-0.500378542753035,7.1902756021386764,2.4317706192894777,48.906233047735135,-114.15222742023366
494601500,0.5732397769994322,-0.5046464337172019,7.464618662165819,2.3412897191710584,47.70323612714874,-115.53464221085498
494612000,0.5790302322130345,-0.5070851183253541,7.683669257300165,2.273766462589413,46.91928899368535,-116.74550736917277
494622500,0.5769879045165216,-0.5055840759322601,7.589489257803235,2.3023117310113768,47.34385548337261,-116.34538054046403
494633000,0.5745973722133381,-0.509456454548654,7.617884681463138,2.293629663613173,46.569763526656736,-115.65064747922794
494643500,0.5730814523231312,-0.5045258914776464,7.457513849707698,2.34354742697117,47.73646014823601,-115.50347239417907
494654000,0.5691703918210055,-0.5125577092987184,7.544966676408831,2.316058674257242,46.09663288827745,-114.3261026852909
494664500,0.5774705810449955,-0.5101454912739292,7.71584010775113,2.264178133993261,46.296519777265196,-116.2646508999033
494675000,0.5683844196361086,-0.5110444466535052,7.487077230428825,2.334181716356119,46.45936828061031,-114.21048435265233
494685500,0.5701899957802221,-0.5104890030637482,7.522265620069743,2.3231316908482715,46.513717835274306,-114.6301647611532
494696000,0.5681645074210719,-0.5062518585233886,7.3677603536421605,2.372450463528713,47.529806840300004,-114.3367018756676
494706500,0.5715082393458144,-0.5042074761702681,7.408063142785351,2.3593836402260844,47.867071815157125,-115.16046237332178
494717000,0.5717395291619841,-0.4996014419272245,7.30798927366673,2.3920996196843705,48.90344892156942,-115.3790953344402
494727500,0.574963558022655,-0.5086876564062512,7.609144697282015,2.29629494076936,46.72689090578179,-115.76366303421084
494738000,0.5801345345785063,-0.5043039585332839,7.6462653235058,2.2850176749856272,47.50492582423429,-117.11399035948995
494748500,0.5748603636177287,-0.5099651916891901,7.637771765370883,2.2875881822067754,46.4454902333612,-115.68867897838038
494759000,0.5688260711510513,-0.5130251242220715,7.5470533055676725,2.315410712278144,46.00721951300017,-114.2325925140237
494769500,0.5706329476982616,-0.5122739978973436,7.577873198682842,2.3058824938468097,46.10241408006496,-114.65893250184422
494780000,0.5718260572031304,-0.509238568789265,7.536361537131874,2.3187346912399733,46.728187400271416,-115.0413857310846
494790500,0.5742392105184054,-0.5106265494200506,7.636830291426278,2.2878734699008247,46.32341575764553,-115.52330470959379
494801000,0.5677374886466662,-0.508268895976494,7.403804492688881,2.3607575173265634,47.096589834090835,-114.16945772962461
494811500,0.5751033534870543,-0.5110515089118781,7.67158875011284,2.277388111818506,46.19340114016313,-115.69821320900482
494822000,0.5691138774163641,-0.5030903529105719,7.319429937343263,2.388313308142456,48.20480859541771,-114.66113486677463
494832500,0.5715586520836874,-0.5086950703935009,7.515966154377744,2.325102138355178,46.85953209317345,-115.00282765902116
494843000,0.5712213386055421,-0.5096760832123891,7.530525712005194,2.3205530524922398,46.654307645235846,-114.89001991381704
494853500,0.5715028445537778,-0.5089877647247012,7.5215157855977735,2.3233660598821357,46.79649994204353,-114.97913933026966
494864000,0.5718070573616908,-0.5064662724043796,7.469300674375032,2.3398042992446593,47.34815380614221,-115.14331899040975
494874500,0.567799042014862,-0.5094517311277036,7.433403907626726,2.351241646333018,46.83250066451674,-114.14015675240339
494885000,0.5756999872141058,-0.5151848717576407,7.793452239450079,2.241377652366427,45.25286064163804,-115.65597764658406
494895500,0.5746269815992615,-0.5092228151353443,7.612955321102615,2.295132117121901,46.62077021565825,-115.66671716683877
494906000,0.5709605076944121,-0.5084212891868174,7.493226098546867,2.332243200921712,46.943378494071105,-114.88004800494045
494916500,0.5713187345139742,-0.5100928826785069,7.543286908870287,2.316580558401877,46.55801669997575,-114.89552040107901
494927000,0.5715723446172487,-0.5090996686723269,7.526104944946928,2.321932412403926,46.76891446370176,-114.99029456265757
494937500,0.5725712890515148,-0.5110852349682756,7.6019034478982155,2.298507899456185,46.28867257108599,-115.13433137557286
494948000,0.5722061401131289,-0.5090512913545396,7.542172978322676,2.3169267740927473,46.755118781870046,-115.13329848656015
494958500,0.5716926573402549,-0.5103867349122571,7.560643343691772,2.311199497298483,46.478264419377226,-114.96703759787145
494969000,0.5719203718949943,-0.5093194425824324,7.540889831653026,2.317325712118632,46.706527556107226,-115.05923542074584
494979500,0.5700799853771081,-0.5110254572553764,7.532300724148259,2.3199996800863647,46.399326024554036,-114.58529025223186
494990000,0.5704887017783993,-0.5108310848596707,7.538664999621565,2.318017753433584,46.426573601372404,-114.68310939908288
495000500,0.5707080290851805,-0.5108054787901324,7.544002788897824,2.316358113917019,46.42377182766177,-114.73261619643063
495011000,0.571186608242926,-0.5104816112587622,7.549145629464937,2.3147613480036595,46.47694466226445,-114.85113829750804
495021500,0.5718021936171284,-0.5091678655708888,7.533999694672962,2.319470262798802,46.74484894419272,-115.0388150233716
495032000,0.5713661903156912,-0.5101202953150755,7.545245492948127,2.315972072104782,46.550093345183896,-114.90498653435156
495042500,0.5700795113440926,-0.5096115640590767,7.4980991461918585,2.3307092046977758,46.7122801801271,-114.63909645339254
495053000,0.5700768474030542,-0.5125428368127855,7.569272714343635,2.3085334590229984,46.06489761860556,-114.52599108969149
495063500,0.5707214525240772,-0.5107153018763253,7.542173262457536,2.3169266857688102,46.44320805462674,-114.73907188036819
495074000,0.5710634613887857,-0.5096955402717568,7.52671287541911,2.32174262919812,46.65607062058171,-114.85421198905172
495084500,0.5724607716139899,-0.5107680185002447,7.591052395221802,2.3018320733910786,46.363424303878126,-115.12243092498574
495095000,0.57106778090913,-0.5098503316200768,7.530579028414869,2.3205364268615583,46.621543246053236,-114.84920850678155
495105500,0.5699299107353788,-0.5100261844535107,7.504057827222057,2.3288362163432796,46.62607500018921,-114.59022513128609
495116000,0.5703991968486949,-0.5109476573257643,7.5390695657426505,2.317891880884215,46.40424605734059,-114.65882586328932
495126500,0.5697229138153954,-0.5101511497989858,7.501495561785431,2.3296412403283147,46.60625670749953,-114.53966413624528
495137000,0.5711772726680304,-0.511741577522012,7.579704028842695,2.3053189593993624,46.19855348400777,-114.799884375372
495147500,0.5718552357348257,-0.5100209013866536,7.556165687590705,2.3125853085015393,46.55311541967752,-115.01742183523203
495158000,0.5700896927305605,-0.5114254327052706,7.5422955751850855,2.316888665221283,46.310636489535234,-114.57205865480759
495168500,0.5715440559951257,-0.510538904537756,7.560295933621279,2.311306959116835,46.4503249831437,-114.92813659890444
495179000,0.5705037353805943,-0.5098915170832716,7.516295621931193,2.3249989989014646,46.63405997106901,-114.7225051752824
495189500,0.5708993028442608,-0.5096723248581185,7.521701925470795,2.323307875373346,46.66753467501273,-114.81866019489304
495200000,0.5709272764542855,-0.510345374005534,7.538774483607308,2.317983688353096,46.51717979734604,-114.7989455367651
495210500,0.5701003786810717,-0.5092138632470525,7.4891019942250265,2.33354302375942,46.79972452013529,-114.65876972145692
495221000,0.5690414731725424,-0.512248062264345,7.533919116183492,2.319495366422709,46.16962536978474,-114.30961723164488
495231500,0.5713465896421129,-0.5100969016005976,7.544142966210242,2.3163145618310748,46.55604462373525,-114.90154517201816
495242000,0.5697529400850531,-0.5124895982118343,7.559134778331563,2.3116662037532696,46.08916955141881,-114.45679583644419
495252500,0.5722843495036652,-0.5108848128088198,7.589065368248442,2.3024418385940733,46.344511863716455,-115.07866932513306
495263000,0.5705594714357217,-0.5114641479559215,7.556021294495441,2.312630025234837,46.28393142990103,-114.67426960208213
495273500,0.5703997326256319,-0.5115799735391574,7.554498633002963,2.31310168034255,46.26455407435979,-114.63451437567255
495284000,0.5712480591494759,-0.5105526522617136,7.552551377829424,2.3137051383943064,46.458814049925486,-114.86199514226338
495294500,0.5707286370837406,-0.511423548006297,7.55964198346277,2.3115092680121894,46.286328478128425,-114.71320937937885
495305000,0.5697466870997626,-0.5104605281462267,7.509602553173801,2.327096064228386,46.5369146433064,-114.53318999976072
495315500,0.5686819219035574,-0.5108487664667859,7.490336929516909,2.333153647700755,46.491363017478534,-114.28339380005296
495326000,0.5679302711174182,-0.510239059745699,7.455639707024149,2.3441437067003768,46.65380807281767,-114.14025296208123
495336500,0.5700520697767052,-0.5120838614953858,7.5573484500121895,2.3122190872624433,46.16691016223652,-114.53834113908192
495347000,0.5702912295822964,-0.5103915042690486,7.522643351668699,2.3230136446861094,46.531421929014186,-114.65629989280279
495357500,0.5701421387355247,-0.5120006513370647,7.557766121919857,2.31208979049697,46.181756660989954,-114.56140853702163
495368000,0.5679590955396049,-0.5117655667257683,7.49307090959674,2.3322920865323287,46.3165884195619,-114.08992284930324
495378500,0.5689347596456069,-0.5110808487726859,7.502724340746563,2.3292551072153476,46.43067338757441,-114.33042098714634
495389000,0.5693871414745769,-0.5125531142396104,7.550739068849002,2.3142670610007583,46.08931505919004,-114.37391314182321
495399500,0.5689724647286385,-0.5115904442750309,7.516072331444719,2.3250688987363723,46.31695352377061,-114.31945528357348
495410000,0.5698393993605609,-0.511483956162931,7.5369282555285535,2.3185582624297605,46.30734755253049,-114.51458608831577
495420500,0.5699630970319054,-0.5110096322825043,7.528749638568863,2.3211070216180945,46.40730250164435,-114.56007579974717
495431000,0.570338233849899,-0.510783441914355,7.533423328586033,2.3196498373586456,46.4429016753419,-114.65166590766545
495441500,0.5700943298493303,-0.5110386733628696,7.533010685984321,2.319778418859815,46.39585587212094,-114.58795201585066
495452000,0.5688704483115603,-0.5121614740892169,7.527186435555472,2.3215948152291905,46.19518149206161,-114.27531645721581
495462500,0.5691070272373037,-0.5106240639652121,7.496332099840341,2.331265222032638,46.52497351458173,-114.38565343532376
495473000,0.5692868494010446,-0.5104711298785418,7.497478110939501,2.3309045887229387,46.551977496101195,-114.43114048387694
495483500,0.5688068222021834,-0.5108988951789186,7.494895804637796,2.3317173621484195,46.47561746970057,-114.309058943612
495494000,0.5691808704996241,-0.510041860647524,7.484304765444783,2.3350568349698446,46.65086586618494,-114.42385930437243
495504500,0.5692216291684026,-0.5119433759603628,7.531375484564836,2.3202880968444353,46.22977170122923,-114.36088143775665
495515000,0.5679619552807559,-0.5104441045416817,7.4613854176283265,2.3423166096751427,46.60740830282931,-114.13967502624848
495525500,0.5676337628370031,-0.5103658860320921,7.450789562237376,2.3456882534138748,46.63674653861028,-114.07018987896471
495536000,0.5677572803008414,-0.5114573618192366,7.4802422791020176,2.3363403371919955,46.3918658096005,-114.05704975696347
495546500,0.5679675587249668,-0.5117061853350036,7.491864273859182,2.332672255620171,46.32932363641239,-114.09400319201943
495557000,0.568390997953505,-0.5112158698113163,7.491383796413142,2.332823672116363,46.42136008377455,-114.20551756310901
495567500,0.5689408813823243,-0.510868580766902,7.497764771102517,2.33081439841678,46.4772607937944,-114.33977189963798
495578000,0.5685760364019974,-0.5114153032037775,7.501163075203487,2.329745743487814,46.370495342035674,-114.23877729047311
495588500,0.5685719218909541,-0.5113202608731637,7.498756622526758,2.330502391841906,46.39157953391723,-114.2414462435644
495599000,0.5683412987395473,-0.5110760991537852,7.486684651796416,2.3343055922849776,46.454006953543754,-114.19980062402489
495609500,0.5687613129778127,-0.5113798536323526,7.50528660209268,2.328450352904253,46.37132112968256,-114.28091582868105
495620000,0.5688269912874433,-0.5110692042346793,7.499546300903059,2.3302540428949934,46.437302899778594,-114.3070986718127
495630500,0.5686498150076703,-0.511146685294416,7.496657898215244,2.3311626865212087,46.42689042411956,-114.26513104292056
495641000,0.5684451664449027,-0.5110753016119959,7.489447783648134,2.3334339829065027,46.45029677473487,-114.22271443153879
495651500,0.5678929076018494,-0.5114821736650804,7.484465013960463,2.335006235126619,46.381361751687,-114.0859506284843
495662000,0.5678954934364725,-0.511108930752211,7.475554718140235,2.337823090577778,46.46338747105029,-114.10040413410087
495672500,0.5679870086393299,-0.5111221380781883,7.478316220819075,2.3369493523453686,46.45707875892791,-114.12005961385488
495683000,0.5685767174476483,-0.5108067163805603,7.486505007988477,2.334362282266442,46.504578146331994,-114.26176720686657
495693500,0.5682852973947544,-0.5113005565056562,7.49059267088045,2.333073028587979,46.40667017730449,-114.17907200067201
495704000,0.5687863527533141,-0.5111558751650566,7.500547009404047,2.329939402766756,46.419727929185605,-114.29487616523552
495714500,0.5684860187180022,-0.5111202577658961,7.491626184407768,2.332747284080401,46.43886120229121,-114.23003131885069
495725000,0.5681335666818149,-0.5111261653051696,7.482330631323071,2.3356803657980456,46.45073467632267,-114.15217843442265
495735500,0.5679925184439026,-0.5110496028544089,7.476719945763381,2.3374543329244664,46.47284436560763,-114.12396984814008
495746000,0.5679437831382694,-0.5108961064630289,7.471732832857382,2.339033418294704,46.50845901576351,-114.11893644312387
495756500,0.5678205022151209,-0.511093923573802,7.473192769193628,2.3385709318684262,46.46947403473126,-114.0844538952511
495767000,0.5676829104634855,-0.5116274338407882,7.4823497303833895,2.335674331749512,46.35724556710263,-114.03437771640408
495777500,0.5677123500281824,-0.5114325227160263,7.478444530291408,2.336908771257899,46.39899707300652,-114.04809335533115
495788000,0.5678113768823912,-0.5115388624881615,7.483650325185073,2.335263502999623,46.37193362824005,-114.06591165764992
495798500,0.5676837520790666,-0.5111531997187446,7.470968692407311,2.3392755601630086,46.461496894851166,-114.05216210259263
495809000,0.567770888915083,-0.5118747503958272,7.490665852991007,2.3330499599182444,46.29963100512793,-114.04449242262122
495819500,0.5671802660356859,-0.5110819134864155,7.455861788045533,2.3440730331641877,46.495743304105225,-113.94404011907244
495830000,0.5673510958116667,-0.5115283179487918,7.471110772510395,2.3392305338090553,46.39132808399626,-113.9651422720195
495840500,0.567971150814263,-0.5110963455507745,7.4772725990000195,2.3372794765852483,46.46334687951307,-114.1175274814113
495851000,0.5682150083326867,-0.5112063638366895,7.486440392133233,2.3343826736919184,46.43003646062676,-114.16711848488303
495861500,0.5678539766969892,-0.511506019783428,7.4839982982604605,2.3351536107561923,46.37756832904316,-114.0765012613059
495872000,0.5669666715359996,-0.511615745861256,7.462977448273119,2.341810861585224,46.38630234571685,-113.87749331056858
495882500,0.5662409897174456,-0.5118022025802632,7.448192298740065,2.3465162038662335,46.37196509758022,-113.71149148417719
495893000,0.5659412911307757,-0.5121098444085396,7.447623907278032,2.346697472987245,46.315488550486236,-113.6346509075173
495903500,0.5656186921826937,-0.5126319097288274,7.451597812578114,2.345430720901846,46.2130457992531,-113.54511927949311
495914000,0.5657756555575344,-0.5126371814784959,7.455880419837202,2.3440671041059375,46.20618025249905,-113.5792263070316
495924500,0.5660795516960558,-0.512705531557024,7.465584031900125,2.340983289733391,46.18013529943789,-113.64315184193308
495935000,0.5664040099908678,-0.5124824733280889,7.468840378471068,2.339950249136656,46.217016805485244,-113.72230344585714
495945500,0.5669042183918154,-0.5124432273912388,7.48121856828632,2.3360317587603405,46.20715838908322,-113.83326468795654
495956000,0.5668156915577242,-0.5115490337494895,7.457366674211889,2.3435942414803175,46.40649132870412,-113.84680036938326
495966500,0.5669844567321753,-0.5118415210576761,7.468871571926221,2.3399403577869684,46.33609813245318,-113.87308323567123
495977000,0.5672829385635101,-0.5113568208965279,7.4651784418125064,2.341112023055168,46.43152957776784,-113.95649673571803
495987500,0.5670909632421698,-0.5116153360803393,7.466273570536839,2.340764464510431,46.38181675370485,-113.90479612017126
495998000,0.5672557099364244,-0.5115888339214483,7.470023308472893,2.339575204522794,46.38155901643743,-113.94195260555962
496008500,0.5666197537896673,-0.511685549365748,7.455437334055597,2.344208112215138,46.38371285374184,-113.79880253596465
496019000,0.5661750399429674,-0.5119920994975483,7.45099210597864,2.34562371163275,46.3327606603028,-113.69012141297543
496029500,0.5660208980698821,-0.5118452603061687,7.443399328575753,2.3480456421376035,46.37053541081144,-113.66169837167539
496040000,0.5660689352347313,-0.5117519110285095,7.442437909878806,2.348352672707894,46.38924447284494,-113.67561363290693
496050500,0.5659508795802181,-0.5119526261179697,7.444115484609022,2.347816989071419,46.34956178128675,-113.64246316532162
496061000,0.5661952610256112,-0.5116779666169587,7.444010972807332,2.347850354627524,46.40086178657639,-113.7059891408656
496071500,0.5656091508349858,-0.5120984283029029,7.438573845110603,2.349587483091861,46.33003210345659,-113.56237852010756
496082000,0.5654624341446018,-0.5120062060361636,7.432501986497611,2.351530463373549,46.35550772436277,-113.53360863869801
496092500,0.5649460003415596,-0.5118464091733038,7.415115188962614,2.357112124157645,46.40899366697848,-113.42637295415419
496103000,0.5652699624235198,-0.5118901559870674,7.424667358010198,2.3540423082399755,46.38782381392196,-113.49567295239478
496113500,0.5658763098785119,-0.5116406065569146,7.434692779455273,2.3508290421453424,46.420616385480876,-113.63743507813042
496124000,0.5653444478759766,-0.5115837666358335,7.419333435423774,2.3557554980550184,46.45221761171823,-113.52296903848678
496134500,0.5652488894860801,-0.5118220646385767,7.422491649977727,2.35474081585414,46.40347901182064,-113.49350576205582
496145000,0.5650149319986214,-0.5118844562114999,7.417829287060541,2.356239065459108,46.39820926279014,-113.44008923103843
496155500,0.5651268760616073,-0.5119481916700228,7.422287085446466,2.3548065124234125,46.38026179481772,-113.46229054507037
496166000,0.5649406047571842,-0.5122833889565039,7.425376954229528,2.3538145836570603,46.31367076200125,-113.40955786798105
496176500,0.5653091449084903,-0.5128506858665236,7.448657581614837,2.3463678386915414,46.176508340831354,-113.46957887222912
496187000,0.5652456547882498,-0.5127047380887217,7.443482733290194,2.3480190105185748,46.21066675394836,-113.46100445620387
496197500,0.5651898912464621,-0.5127012294674805,7.4419267031314025,2.3485159602844625,46.21344874173959,-113.44895729909805
496208000,0.5646282867089686,-0.5127179301492268,7.427532764650157,2.3531230098773444,46.23001148803816,-113.32581057098186
496218500,0.5657118833553374,-0.5125271503293507,7.4515518446249365,2.3454453661282226,46.2325506675507,-113.56929437449938
496229000,0.5654287129918442,-0.5123293486568384,7.439331716753143,2.349345192715831,46.28605552981866,-113.5145684703333
496239500,0.565695218648341,-0.5118136475203144,7.434044263967833,2.351036632012929,46.38925529370057,-113.59151096632803
496250000,0.5652830024803995,-0.5121342999275204,7.430831247617163,2.352065663166095,46.333954576627804,-113.48974773899052
496260500,0.5653453925603896,-0.5119802307235748,7.42879920034123,2.352716933912163,46.36540611896705,-113.50893793393068
496271000,0.5654029492232138,-0.5119895392183389,7.430537007413828,2.352159944630435,46.36129775360587,-113.52119474158447
496281500,0.5643024138375113,-0.5121422248914538,7.405281722708317,2.3602807679108286,46.3672510288014,-113.27521637945833
496292000,0.5648793334276223,-0.5120356932473117,7.417867453866206,2.3562267927747276,46.36998975469751,-113.40503520780223
496302500,0.5645430755667469,-0.5120072350439809,7.408374971154162,2.359283104930561,46.388191392071576,-113.33256769260356
496313000,0.5647484000727123,-0.5122351142535116,7.419177076835685,2.3558057563464923,46.33109514528948,-113.36930073584246
496323500,0.5649401574769336,-0.5118900001216339,7.415998290255656,2.3568279807253516,46.3996692991531,-113.42353834151602
496334000,0.5644460713594133,-0.5123009993764922,7.412815531049319,2.357852377233915,46.327488717156015,-113.30093816682954
496344500,0.5640338876610608,-0.5123802689661588,7.403911999492753,2.3607228149014943,46.32481680939614,-113.20819244442484
496355000,0.564600496209577,-0.5123769019019218,7.41867141372524,2.355968306252599,46.30541702762034,-113.33194177625077
496365500,0.5641952173138542,-0.5115344238950278,7.388087118902881,2.3658420424103115,46.503824655017944,-113.27325974786898
496376000,0.564526970865743,-0.5117662285958506,7.402234888081997,2.361264291359867,46.44143337300323,-113.33760149463473
496386500,0.5638820745720371,-0.5123321600105509,7.398804779739801,2.362372523536659,46.34067140871908,-113.17678408026983
496397000,0.5636340850008933,-0.5131427513611567,7.411589699981173,2.3582471598025627,46.17288840320122,-113.09412322378384
496407500,0.5643173487332867,-0.512956921164868,7.425067825332924,2.3539137842731317,46.18903934536793,-113.24947947537427
496418000,0.5643250285353171,-0.5132093786692732,7.431301622000188,2.351914959971931,46.13377997654286,-113.2421202095369
496428500,0.564438021382041,-0.5122575558589513,7.411571563414535,2.358253001736721,46.33725838566317,-113.30072628326818
496439000,0.5641293148603533,-0.5120844259198845,7.399385962759528,2.3621846757315685,46.38599454004652,-113.23947299861042
496449500,0.5643220268305974,-0.5127040714331589,7.419159579780174,2.3558113805537357,46.24397821638792,-113.25952313701175
496460000,0.5632342261951192,-0.5125447596093321,7.386960432196029,2.366207368914984,46.3171041289375,-113.02814905109126
496470500,0.5633967442229946,-0.512219737157114,7.383498462730852,2.367330618073453,46.38222622655498,-113.07492083750878
496481000,0.5641142153318984,-0.5117013846082424,7.3899224060782505,2.3652471962170316,46.470182843332765,-113.24968115656968
496491500,0.564398501797823,-0.5116470617329655,7.396054488974136,2.3632618701135413,46.4720319597857,-113.31373260962401
496502000,0.5644216801275042,-0.5121331282869868,7.408186687311854,2.359343807714804,46.365005845754624,-113.30158010533331
496512500,0.5645360257492004,-0.5123876475565338,7.417235790941223,2.356429922991141,46.305371665568266,-113.31748606684558
496523000,0.564688421544111,-0.5122302811883436,7.417487841328791,2.356348864381364,46.33429265979088,-113.3563733641997
496533500,0.564328697693277,-0.5120047212316,7.402706044551978,2.3611121473409993,46.39634558013854,-113.28582760715426
496544000,0.5642020689610646,-0.5117128839944921,7.39248537508728,2.3644170000483946,46.46457613301883,-113.2684736218336
496554500,0.563696911285752,-0.5122890637108238,7.39295335031491,2.3642654769555564,46.3565891827908,-113.13792666535483
496565000,0.5628331424348657,-0.5126653292301087,7.379391175944143,2.3686646353603553,46.30485937137238,-112.93665469306052
496575500,0.5629491013085826,-0.5129584358580546,7.389342317778016,2.36543517966381,46.237074006395495,-112.95164728337828
496586000,0.562885806761339,-0.5124231130884395,7.37503518129123,2.370081085129509,46.355735117075504,-112.95653748232004
496596500,0.5626919787775123,-0.5122777451004924,7.366585034083981,2.3728337071249856,46.394099687074785,-112.91938320876027
496607000,0.5633462514033195,-0.5122576759728763,7.383082539169937,2.3674656382589863,46.37572254463722,-113.06258977413006
496617500,0.5635444249043933,-0.5120868171718748,7.3841971698077575,2.367103833487109,46.40604058619824,-113.11176966662548
496628000,0.5637511206952259,-0.5123236823983726,7.39518696492902,2.363542536441562,46.34713429927792,-113.14852822407337
496638500,0.5628012755079935,-0.5122237747593722,7.368142661147686,2.37232582904332,46.40206773124278,-112.94504823929023
496649000,0.5631771247566324,-0.51250412715749,7.384513987133302,2.3670010161218196,46.32794745246412,-113.01713675707342
496659500,0.5629941781456697,-0.5122844806800602,7.374573446522273,2.370231328513078,46.382154224686886,-112.98495204093109
496670000,0.5631834458899857,-0.5122282860042435,7.37815836181863,2.3690653397717916,46.38780852172689,-113.028138439906
496680500,0.5631824683688278,-0.5122394594473397,7.378396848594027,2.368987813224858,46.38540803505902,-113.02753606551124
496691000,0.5629902992981166,-0.5126409655114139,7.382895899402978,2.367526231679282,46.304684552742835,-112.97169466283535
496701500,0.5630949900312262,-0.5128769175245369,7.391205983965906,2.364831346733341,46.24969526348495,-112.98622330501613
496712000,0.5629732110878185,-0.5123775709168038,7.376227080794312,2.3696933427962947,46.36261146537189,-112.97714932470302
496722500,0.5626095093638841,-0.5124948636751189,7.369568556332956,2.3718610950593897,46.34970396481551,-112.89392306351371
496733000,0.5622368530108705,-0.5124002277500145,7.3577049894705295,2.3757333089002777,46.383143884684685,-112.8161317768515
496743500,0.5624597980512187,-0.5126710284666466,7.3698484386583045,2.3717698960993565,46.31657409336901,-112.85526879336167
496754000,0.5614638327918909,-0.512894318810437,7.34940053935101,2.3784514216457837,46.30229995780583,-112.63130895495239
496764500,0.560972267869522,-0.5134378607251548,7.349540439524379,2.3784055793760466,46.201264256369704,-112.50626715345211
496775000,0.5602751023730628,-0.5138964542903047,7.342427851582215,2.380738476136351,46.12575176172871,-112.33997270323377
496785500,0.5606609557902823,-0.5130978952214004,7.333565370670585,2.383651781872478,46.28541787077339,-112.4503863272029
496796000,0.5606079953007227,-0.5132980261342136,7.336902511928655,2.382553943349019,46.24388108116222,-112.43216457765874
496806500,0.5613745187275959,-0.5129426090552891,7.34823765776704,2.3788325416940697,46.29487122118779,-112.61028962465507
496817000,0.5616639555959883,-0.512535159461909,7.346112257683122,2.3795294329564833,46.37343514993689,-112.68700026625685
496827500,0.5615405320204255,-0.5125992855527867,7.344443120966299,2.380077009446708,46.36371592539894,-112.65801184357657
496838000,0.5616841528195723,-0.5129242340133839,7.355778992673693,2.3763631460782406,46.28827829070931,-112.67808751254064
496848500,0.5613609392371953,-0.5124349859057549,7.335977471709199,2.3828581571871648,46.405494274456885,-112.62459848846585
496859000,0.561375571918333,-0.5119448239595612,7.324889236252096,2.386510789582026,46.51150715748989,-112.644356717437
496869500,0.5613220578584893,-0.5120765134225237,7.326594692198048,2.3859482534858985,46.48468613146097,-112.62827903238171
496880000,0.5611724410937173,-0.5122848980470337,7.3276331602740505,2.3856058506963094,46.44446356469067,-112.58874056948171
496890500,0.5609515103351118,-0.5126455693405896,7.330411971760443,2.384690109564772,46.37364167790151,-112.5286194358702
496901000,0.5608810087768857,-0.5124946087462525,7.325076111513991,2.386449136692111,46.408764985596925,-112.51841363859036
496911500,0.5611924305506184,-0.5129204716179095,7.343036605062956,2.380538627550636,46.305868123322824,-112.57155695689323
496922000,0.5611028841848182,-0.5128798389666032,7.339783438079824,2.3816070066338026,46.317717705298065,-112.55352055474876
496932500,0.5616351196508802,-0.5129666654897785,7.355513961880684,2.37644984243542,46.28075090505654,-112.66599574145835
496943000,0.5614023587516908,-0.5127874512399357,7.345308209215693,2.3797931772026435,46.32758024330982,-112.62161423506663
496953500,0.5614724029363629,-0.5129748332379461,7.351514493663208,2.3777589139197457,46.28454287037032,-112.63041973422854
496964000,0.5611895840648027,-0.5132828319682589,7.351481846291831,2.377769605747523,46.22743236529515,-112.55860664161372
496974500,0.5603236518792842,-0.5132355147582531,7.328157141991468,2.3854331214357334,46.26698783162086,-112.37274250745746
496985000,0.5604331760958129,-0.5126950335134886,7.318314636608626,2.388681888560931,46.380341109979355,-112.41458528770379
496995500,0.5606365010862747,-0.512405014673763,7.316735336335684,2.3892040056834474,46.43641057226533,-112.46837868083763
497006000,0.5609861548621354,-0.5128290492248745,7.3355976414358794,2.382983092910203,46.33268326939233,-112.52993252367598
497016500,0.5607769008148074,-0.5130868060739479,7.336276529681528,2.3827597987790865,46.283903724039426,-112.47587098616864
497027000,0.5606812925410172,-0.5132986696985331,7.3387967857559655,2.3819312258398093,46.24126424490741,-112.44800657988887
497037500,0.5609048737889715,-0.5134772759127257,7.348735337591139,2.3786694182475987,46.19502573399778,-112.49033938606976
497048000,0.5605797028107102,-0.5121978784372682,7.310457555968531,2.39128171479921,46.483251944398006,-112.46298194860351
497058500,0.5604570249228693,-0.512766375927788,7.320590102389618,2.3879300225751012,46.3640840794295,-112.41736295373369
497069000,0.5598563477495353,-0.5126572322073569,7.302739417618231,2.3938411172856164,46.40774499590338,-112.29090198221824
497079500,0.5599353726943956,-0.513044062089477,7.313768452851011,2.3901854795147828,46.321400266776294,-112.29514801401079
497090000,0.5603571889200543,-0.5128646705715354,7.320337572119501,2.388013440860271,46.34613697295776,-112.39244348860899
497100500,0.560081032643788,-0.5128267919812178,7.312409138434297,2.390635425014333,46.3635660079679,-112.33391166724078
497111000,0.5602389151788592,-0.5128049066960058,7.31592328109737,2.3894725608016816,46.36303639804509,-112.3688284267843
497121500,0.5600052628051161,-0.5127753912137982,7.3092804618455025,2.391671693578499,46.377217367358696,-112.31921921319574
497132000,0.5599461540212087,-0.5127471297901771,7.307117201952702,2.392388729240274,46.385301231571965,-112.30736195595492
497142500,0.5598094923696955,-0.5125129205646012,7.298191776367267,2.395351738034321,46.44054648687117,-112.28553384059792
497153000,0.560004586642786,-0.512842842130936,7.3108361120717165,2.3911563239475835,46.36263798903295,-112.31682795158827
497163500,0.559813033231718,-0.512377580381369,7.295136497543985,2.3963677086194486,46.46974622883797,-112.2907738855351
497174000,0.5602923299493534,-0.5129055816723709,7.319637736818631,2.3882446479978943,46.33944944188188,-112.3770284659644
497184500,0.5599499985318493,-0.5129757777297136,7.312547162624861,2.3905897299695886,46.33568629658798,-112.30058728836212
497195000,0.5598022017741332,-0.5128860499944771,7.3066920983301165,2.392529685256887,46.36001535180585,-112.27159211240864
497205500,0.559164663731992,-0.5126479720837139,7.284983884224468,2.399749991155777,46.432544209474266,-112.14152805982242
497216000,0.5594010200045844,-0.5124731605847661,7.286911046999911,2.399107229758249,46.462615845275764,-112.19840232271297
497226500,0.5599399998152271,-0.5125290584816258,7.3018829544928545,2.3941254678684256,46.4327298149902,-112.31326682301844
497237000,0.560230172398308,-0.5124841601627255,7.3082204212506845,2.392023001335388,46.432818019295034,-112.37763178128777
497247500,0.5597606437080647,-0.5127786896178568,7.303134342696893,2.3937100228307577,46.38462565111621,-112.26616006569068
497258000,0.5596686480046358,-0.5130652014847249,7.307471280430149,2.392271336525241,46.32569800861158,-112.23675859779651
497268500,0.5592517022150878,-0.5128668314895393,7.2922684352108025,2.3973222137058428,46.38236159906727,-112.15316463664587
497279000,0.559359811312774,-0.5126148932854232,7.289156113864325,2.3983588754915868,46.43329664358603,-112.18482865892634
497289500,0.5592080052952104,-0.5125833260329132,7.284581131619596,2.3998843639338787,46.44510749057004,-112.15302131388971
497300000,0.5595872552464618,-0.5128443446571214,7.300257521996068,2.394665307590282,46.376159328638835,-112.22647132776696
497310500,0.5591378345381296,-0.5129021726672088,7.290205128551989,2.3980093655914776,46.378464146078805,-112.12738931013548
497321000,0.5598618246087586,-0.5130700629121488,7.312501729229395,2.3906047712043312,46.31822580722983,-112.27837287818538
497331500,0.5588705414909408,-0.5128701681126011,7.282700309270171,2.4005120745695354,46.394136391846416,-112.07067672026716
497342000,0.558363921467466,-0.5124479701789134,7.260166364616863,2.408058391345518,46.50181750138183,-111.97491079415079
497352500,0.5586374239898811,-0.5125471621174387,7.269339241361302,2.4049807625694273,46.471530879824144,-112.03081562684439
497363000,0.5591892092788489,-0.5126994070193807,7.286798176053409,2.399144865747261,46.4206156607803,-112.14515051424232
497373500,0.5593850700516441,-0.513106066511081,7.301216860862967,2.394346661704553,46.32625468016814,-112.1741055085873
497384000,0.5592935609066256,-0.5127667043402233,7.291002829435031,2.3977436568386166,46.40263533052134,-112.16550797359785
497394500,0.558686843732765,-0.5131559644910088,7.284689115023743,2.3998483352943567,46.338421855559616,-112.02166779477396
497405000,0.5586878787693362,-0.5128227491347704,7.2769882951299945,2.402420444653671,46.41033963839543,-112.03276103204283
497415500,0.5587661011925973,-0.5134401354996332,7.293298759381752,2.396979228755981,46.2745091314704,-112.02946361834137
497426000,0.5592722032615624,-0.5133435559339046,7.303884574887695,2.393461024804208,46.27868231236588,-112.14187420130597
497436500,0.5593274981391196,-0.5127303740133464,7.2910188252343815,2.397738329352391,46.409376901382196,-112.17404232916033
497447000,0.5591048642844672,-0.5133655533442307,7.300149117284683,2.3947013197497076,46.279458554960385,-112.10501888739451
497457500,0.5578016952563075,-0.5132005133272817,7.263415381367833,2.4069673944397456,46.3575312728136,-111.8293172580574
497468000,0.5580074002139017,-0.5130618607195804,7.265380449739866,2.4063080210433747,46.380790271273625,-111.87813465233174
497478500,0.5582144353686118,-0.5132813899792141,7.275674591805161,2.402859781735319,46.32675089151231,-111.9156725526566
497489000,0.55831939725485,-0.5131572098085595,7.27544272287754,2.4029373416176645,46.350123628777965,-111.94234091050173
497499500,0.5583607760084025,-0.5130232919086846,7.273383730284968,2.403626293311994,46.37767393476904,-111.95561640027188
497510000,0.5579201618503039,-0.5131709349898393,7.2657090510283,2.4061977952465363,46.36008754433566,-111.8558051138381
497520500,0.5576932182420438,-0.5128815777403358,7.253330017748689,2.4103572420993196,46.42977235116595,-111.81617787554478
497531000,0.5577862204291026,-0.5130107861015327,7.2586438436227,2.408569985731489,46.39892692240801,-111.83208566634035
497541500,0.5580420353210125,-0.5126157380545003,7.255950719135557,2.4094754598431063,46.475941598600286,-111.89997682922323
497552000,0.5581102693582797,-0.5130169863876166,7.266930141022435,2.4057882826688255,46.38714697325961,-111.9017715005784
497562500,0.5577391829326662,-0.5135227096176203,7.269298756619599,2.404994328374154,46.290141740636315,-111.80546091332344
497573000,0.5573782881361055,-0.5127900937304462,7.2433383841051535,2.4137250748861763,46.45955695024492,-111.75119503609743
497583500,0.5573382335532475,-0.5128875147483811,7.244578324525991,2.413306619331851,46.43983278817278,-111.73945868086446
497594000,0.5573351206670993,-0.5125253178021264,7.236174974588534,2.4161454470613744,46.51802883471078,-111.75030076181672
497604500,0.5577950255356691,-0.5126600014403877,7.250775831564269,2.4112172693605705,46.47431111827599,-111.84523769043486
497615000,0.5576401828642801,-0.5119424281890955,7.230421876960739,2.418092843365502,46.6342196377977,-111.83465389749526
497625500,0.5574004435104757,-0.512375085585157,7.234357638853069,2.416760265412399,46.54837274801176,-111.76916023647445
497636000,0.556652575487938,-0.5123753534801128,7.215745329581997,2.4230751256641154,46.571876227254336,-111.60784180179878
497646500,0.5568639196698054,-0.5127635740045013,7.229891362697923,2.4182725790471893,46.48157489388327,-111.64118509895931
497657000,0.5573954659095471,-0.5132878283676046,7.255237727884183,2.4097152943100126,46.3517679665997,-111.73900385043993
497667500,0.5568573322932029,-0.5138436358930121,7.25459179958096,2.409932611774408,46.24942727116497,-111.60549246491989
497678000,0.5568420649056608,-0.5136533145855621,7.249815475207135,2.411540793467651,46.29081181655412,-111.60827943468638
497688500,0.5569695744054076,-0.5134142450865158,7.2474910122587985,2.4123242185466705,46.33815770678423,-111.64330857338314
497699000,0.5570275867759266,-0.5135760809612676,7.252675674602722,2.410577508999492,46.30150147392146,-111.65062708463604
497709500,0.5564709982293458,-0.5129678482467904,7.224795666400627,2.42000034710836,46.449962950097145,-111.55015739777383
497720000,0.556241802759526,-0.5128892261740734,7.217300379561052,2.4225462506408895,46.47406078479431,-111.50330673208954
497730500,0.5562894997135107,-0.512653379609417,7.213089668417703,2.423978857916521,46.52332906174927,-111.52093723882595
497741000,0.556370656699922,-0.5120866791898192,7.202169334554742,2.4277022343637498,46.642901281842796,-111.5560616810076
497751500,0.5561221184164247,-0.5126863441699604,7.20969358872653,2.425135546695556,46.521449415572725,-111.48388123848976
497762000,0.5567822641229734,-0.5124953294628498,7.221712222781263,2.421047039602901,46.54194823838002,-111.63203447061905
497772500,0.556084875732526,-0.512804340829918,7.211466753698738,2.424531476463698,46.497219147392904,-111.47219401108542
497783000,0.5568084560121558,-0.5123746920364018,7.21960301079219,2.4217635486598694,46.56713291829983,-111.64146893382348
497793500,0.5560110483769914,-0.5127795105916577,7.209070199861556,2.4253479907170648,46.50485829819817,-111.45708429674102
497804000,0.5563275017785491,-0.5130254411598317,7.2225483869304945,2.420763108878735,46.44207527712469,-111.51747835116197
497814500,0.5564815449710011,-0.5133372475328454,7.233537298606584,2.4170378958596457,46.370179800716734,-111.54079899541223
497825000,0.5562004404597577,-0.5132827546587465,7.225290219659294,2.419832552946877,46.390735518860104,-111.48208957656007
497835500,0.5559838548340815,-0.5133122491763543,7.2205859456784305,2.42142958803612,46.391180902571435,-111.43462779123658
497846000,0.5560345482258738,-0.5132540662651989,7.220511005027251,2.4214550465056357,46.402096471879375,-111.44733855519708
497856500,0.5555480139067868,-0.5131384003247653,7.205808195911115,2.426460256712815,46.44208526596325,-111.34641964898779
497867000,0.5553066998109968,-0.5131815931198033,7.2008306054859545,2.428159477259616,46.44027058388626,-111.29327039132106
497877500,0.555562594492235,-0.5129018758020677,7.200769505430653,2.428180350119354,46.492448179662766,-111.35686838856357
497888000,0.5558824218406323,-0.5129786318559015,7.21043424589271,2.4248831876218757,46.466037454849335,-111.42323192709003
497898500,0.5558266676687771,-0.5130818921456338,7.211413973565903,2.4245494528800617,46.44557713805608,-111.4080373699036
497909000,0.5561475830755006,-0.5130835697480235,7.219411090980304,2.421828765893812,46.43520820858472,-111.47696619498441
497919500,0.556201535363679,-0.5127596124791589,7.213336516006879,2.423894826080353,46.50320728412287,-111.49868941198913
497930000,0.5558833220416259,-0.5132618410557069,7.216936355594817,2.422670034951169,46.40514918188261,-111.41460524250091
497940500,0.5545125559126474,-0.5124716689424031,7.165171863505579,2.4404028527981625,46.61693893531115,-111.14442079444196
497951000,0.5551708419812731,-0.5127932733768306,7.188632003352262,2.432333910347858,46.527837647956524,-111.27603698451583
497961500,0.5547694861063348,-0.512514459243496,7.172436860104358,2.437898356798209,46.599973102007446,-111.19831510276015
497972000,0.5547598222075444,-0.5130386351187822,7.184098033745917,2.4338891463658827,46.48773029186781,-111.18029307257147
497982500,0.5543876989058794,-0.5131970055645265,7.178556352362411,2.4357927671102795,46.46509597272967,-111.09567279257658
497993000,0.5551502140184514,-0.5131503508089211,7.196255710350239,2.429723341955989,46.45179746635495,-111.2606440774234
498003500,0.5553743224975842,-0.5124473157659639,7.185777810820623,2.4333127181598866,46.595967207063524,-111.33037657009324
498014000,0.5559506141257745,-0.5124064010983396,7.199063731632626,2.428763218455141,46.587030698379905,-111.45564968070909
498024500,0.5548816349619604,-0.5131352064153462,7.1892922378782185,2.432107604462678,46.463288584990345,-111.20347617050577
498035000,0.5549823006877351,-0.5130571942261585,7.189994847195597,2.4318668204930387,46.47694560827204,-111.22746600367758
498045500,0.5546118865174853,-0.5129447492555915,7.1783299864272445,2.435870589699957,46.51237903363066,-111.1514128124791
498056000,0.5545455553667121,-0.5133098373407423,7.184999169607502,2.4335798806068896,46.43610883635055,-111.12607346709157
498066500,0.5543300425677608,-0.5133443945348616,7.180490824877868,2.435127916807218,46.4352637775703,-111.07884045164359
498077000,0.5546572352803136,-0.5133739680709973,7.189205962319421,2.4321371743751943,46.41895368899304,-111.14805218341968
498087500,0.5550471688437126,-0.512987588022387,7.1900078595625,2.431862361612002,46.489898669590836,-111.2435227311813
498098000,0.5542257482429445,-0.5130498029128713,7.171243794216125,2.4383092927898686,46.50155549912156,-111.06541895244446
498108500,0.5547100797562493,-0.5127781596758302,7.1769590387676825,2.4363420162526266,46.545146236159844,-111.17755009031498
498119000,0.5545064766192612,-0.5131277473503459,7.179898603552456,2.435331415931991,46.47633397058416,-111.12324046209888
498129500,0.554160501135421,-0.5133296341733478,7.175995699733215,2.4366733886802185,46.443569463465614,-111.04297030014877
498140000,0.5548160886200946,-0.5131690506486153,7.1884492743917106,2.4323965510952066,46.45803393415512,-111.18837953508438
498150500,0.5550137852477932,-0.5133850858876161,7.198244530849009,2.429043242092784,46.40563464393966,-111.2241534252689
498161000,0.5544014435606145,-0.5133479671389514,7.182325408439575,2.434497734316329,46.43232724450589,-111.09402946232194
498171500,0.5543162736903892,-0.5130162047669045,7.172700033567438,2.4378077288981412,46.50602018994175,-111.08584247612575
498182000,0.5535695536697259,-0.5134059962763472,7.163264594776693,2.441061213028651,46.44503850736784,-110.91416700588064
498192500,0.5535511454440747,-0.5135408905205823,7.165872353652672,2.440161143968088,46.416736822233176,-110.90617969672891
498203000,0.5535846353632772,-0.5127401765910505,7.148579190336042,2.4461423924933166,46.58715457180407,-110.93729879094754
498213500,0.5533464509846625,-0.5133843892533855,7.157329366971885,2.4431122531663565,46.45634014038591,-110.86709012333048
498224000,0.5537831761845388,-0.5131658837941985,7.163045325824626,2.441136924261076,46.490020385430746,-110.96709927926771
498234500,0.5536315822425667,-0.5137334927148653,7.1722108555453365,2.4379761904180337,46.37313258194467,-110.9175829552084
498245000,0.5540637855487014,-0.5140374069769635,7.189730730279012,2.43195732763969,46.29505783594492,-111.00076699442798
498255500,0.5537434350482813,-0.5131819899523784,7.162438936244384,2.4413463287372323,46.48776478715635,-110.95810578133931
498266000,0.5527970511937121,-0.512814137432105,7.1311096875767666,2.4522146761959323,46.594615536284905,-110.76645308142312
498276500,0.5540433574726119,-0.5114106855284275,7.129838725347557,2.452657638739829,46.8590352753212,-111.07525016119031
498287000,0.5557294388418396,-0.5103375311656773,7.146845235997662,2.446743750026979,47.04028995105876,-111.47104113341082
498297500,0.557687126642477,-0.5081604491515225,7.1460177284633595,2.4470308451446874,47.454137813184516,-111.9622362942015
498308000,0.5550254615042488,-0.5110456690481432,7.14555524682227,2.447191327877001,46.90844855297208,-111.29770052594607
498318500,0.5569627949909748,-0.5134327406305662,7.247747843650188,2.412237632237533,46.33439505109589,-111.64126152128514
498329000,0.5510290426257413,-0.5154150245368239,7.1469782521142475,2.4466976077971707,46.0925656025678,-110.31348741911617
498339500,0.5492724341639812,-0.5140933871767244,7.075083508314248,2.4718954027049707,46.4231728919267,-109.97888594276033
498350000,0.5515968494212058,-0.5130839660328251,7.108176381783484,2.460232363564632,46.57189599804487,-110.50210361374222
498360500,0.5526364962526517,-0.5124843509492334,7.11982034033463,2.4561549475481517,46.6699079390719,-110.74174493781793
498371000,0.5526027150816879,-0.5124035582686821,7.117193645323143,2.4570735600202527,46.688192723099576,-110.73686779956695
498381500,0.5532206083947256,-0.512640664039349,7.137483362193665,2.4499957159765713,46.619275823032595,-110.8622524842879
498392000,0.5526931635500972,-0.5125758053289942,7.1232415619953535,2.454959508084864,46.64867246514932,-110.75120495805439
498402500,0.5532086531539949,-0.5127103069407893,7.138760555629601,2.4495515541024453,46.604711159190764,-110.85763289732313
498413000,0.5527817083080723,-0.5131678558871897,7.138698919193771,2.4495729853118235,46.51940963450925,-110.75275634691242
498423500,0.5525162325822678,-0.5119509446143999,7.104985942312225,2.4613519534502433,46.78767374778348,-110.7314825924222
498434000,0.5534954199613619,-0.5133941492870608,7.161185655183237,2.4417792388348474,46.44979559016936,-110.89866256610625
498444500,0.5530755442302882,-0.5131061643614268,7.1444462976435075,2.4475762234158234,46.5239147377468,-110.81742120139111
498455000,0.5530323271014818,-0.512757146850477,7.135533659390656,2.450674065154831,46.59988769675344,-110.81849047438794
498465500,0.5523372280809279,-0.5134745796248512,7.134829662391586,2.4509190958147835,46.466966244360925,-110.64876967022514
498476000,0.5527568173584932,-0.5132379215206436,7.13967376129005,2.4492340734473492,46.50516596588085,-110.74536788643441
498486500,0.5531025032781627,-0.5139918838805226,7.165142056276363,2.440413139051931,46.3338331174871,-110.79679060343585
498497000,0.5510201837024241,-0.5122238348487982,7.075176297257227,2.471862545134816,46.77204048283518,-110.40350564313022
498507500,0.5524556880379617,-0.5137586389687933,7.144110725788258,2.4476927181571813,46.40285201142376,-110.66568542669832
498518000,0.5518354315827749,-0.5141306705305322,7.1374657578375995,2.450001839270373,46.34180499571574,-110.52251849694719
498528500,0.5545141219389694,-0.5141671541618711,7.203786610340734,2.4271500849589014,46.25352302609777,-111.09308386561862
498539000,0.5527313300419422,-0.5135930614738882,7.147068479522072,2.4466663096262904,46.43004341321121,-110.72942180210237
498549500,0.5521223315699141,-0.5139571583004005,7.140503149618538,2.4489458040954606,46.37034321634756,-110.58874160331122
498560000,0.552299273369171,-0.5144257222539383,7.15540100992559,2.4437793835550847,46.26528339549355,-110.61259228096314
498570500,0.5518012044457771,-0.5157525613822767,7.173432241121291,2.4375556174508564,45.99812484913779,-110.46722853776285
498581000,0.5514865241058076,-0.5135384160531004,7.115705880542493,2.45759417068838,46.47815476939827,-110.46544072109606
498591500,0.5505114466899861,-0.5124724187814006,7.0685573628143175,2.4742085896897725,46.73328306823275,-110.28787982605725
498602000,0.5508734010484476,-0.512561574615607,7.079173088611746,2.470448072272393,46.704059476529864,-110.36261293078807
498612500,0.5525281092959666,-0.5121440551495677,7.109586068280819,2.459738002536676,46.74594611401825,-110.72843276067769
498623000,0.5511027987584762,-0.5105317105680837,7.039778515146188,2.4844614361288633,47.132081457758815,-110.46851608902608
498633500,0.5517504373529107,-0.5136502482556684,7.124586218874193,2.4544899801913154,46.44665325005133,-110.51845113415177
498644000,0.5515717805413717,-0.5125336429152891,7.0952761514824,2.4647656363743455,46.6901483671885,-110.51256773376859
498654500,0.5495387408213169,-0.5125138132266962,7.0463720053652725,2.4821048699891417,46.75151238296925,-110.07935873831978
498665000,0.5507614907365072,-0.5126019347530089,7.077397077088022,2.471076405241939,46.69860839606714,-110.33758845164898
498675500,0.5493434619341034,-0.5136374797111759,7.066628971845529,2.4748929407696605,46.5179431793413,-110.00668778557538
498686000,0.5523623814600286,-0.5142265262840892,7.152423643273024,2.4448101476923734,46.3058454014925,-110.63194488253201
498696500,0.5517032336265643,-0.5130399346767467,7.109751662978033,2.4596799434855403,46.578223937386156,-110.52608320346086
498707000,0.5494157752677257,-0.5120462945201857,7.033161679095846,2.4868308798105883,46.854519668061755,-110.06598806922493
498717500,0.550696844892541,-0.5120866260928028,7.064423755663383,2.475675999389507,46.81045246148152,-110.33828142083912
498728000,0.5508059763288095,-0.513344403768067,7.0950049582213035,2.464861116960745,46.53904963273885,-110.32600226740858
498738500,0.5498164288654748,-0.515363174631696,7.116541016185271,2.457301905939459,46.13874630644718,-110.05814667278531
498749000,0.5500179443941443,-0.5127212419248176,7.062328803645399,2.4764203661061006,46.69403519126456,-110.17569521352715
498759500,0.5488222854585805,-0.5136538250188009,7.054627086359554,2.4791607755643956,46.528923277815146,-109.89561112740707
498770000,0.5472882195640529,-0.5106893842166991,6.953887427687359,2.5155764209466875,47.200262378302334,-109.64844363421665
498780500,0.5489077536006394,-0.5126318526697146,7.034064749767622,2.4865072282852174,46.7436889856448,-109.9418066142226
498791000,0.547264510605021,-0.5121290580414691,6.984550058501752,2.504378879438497,46.89454406964343,-109.60596804561979
498801500,0.5516495947554002,-0.5111201423779171,7.065750321219883,2.475204884394842,46.99056292345655,-110.56938892183265
498812000,0.5492748777014531,-0.5119089352215703,7.026819240679687,2.4891063387336505,46.88765039927985,-110.03969270468818
498822500,0.550486979574467,-0.5122906884053798,7.063946750320862,2.4758454466650557,46.772752429448204,-110.28775076200093
498833000,0.5510051386100756,-0.5124485125364614,7.079807882788923,2.470223567239699,46.72447078096769,-110.39393863917304
498843500,0.548587340956764,-0.5131240639994407,7.037358185886231,2.4853276119808805,46.64781616868031,-109.86027798656433
498854000,0.5496889449936955,-0.5132547958055411,7.066341767638073,2.4749948969591298,46.58963588515712,-110.09077679088695
498864500,0.5484713468109558,-0.5127288261998905,7.025918702492853,2.4894297622535797,46.73493279732704,-109.84638116627552
498875000,0.5504502225651104,-0.513145544414077,7.082056682477189,2.4694285739701134,46.5915084653635,-110.25587084049818
498885500,0.5504553371547691,-0.5134736360224419,7.0894936104301305,2.4668031439924105,46.52150945160857,-110.24766727028164
498896000,0.551882363452136,-0.5127130797835746,7.10674985441478,2.4607328341769468,46.64286931513208,-110.57378492709782
498906500,0.5502034873876256,-0.5122459118860351,7.056215381385949,2.478595131975031,46.790218576287565,-110.22849752280419
498917000,0.5499736271484358,-0.513075742057169,7.069138946153895,2.4740022710593115,46.6197768912419,-110.15635241942408
498927500,0.5495966854210503,-0.513012805198739,7.058782469469367,2.477681457512661,46.64368033817594,-110.07788786227337
498938000,0.5492597112628058,-0.5129773769691093,7.050008966949598,2.4808069158753248,46.660543049831965,-110.00718832796196
498948500,0.5500764292734083,-0.5130573325680856,7.071177972149159,2.473279193332401,46.62081615166411,-110.17875352755851
498959000,0.548926282927125,-0.5133388928970254,7.05011380365354,2.4807695221539467,46.59290482871277,-109.92636668845918
498969500,0.5495515879096992,-0.5132326472429406,7.062585702382299,2.4763290620318683,46.59817325825293,-110.06218436890988
498980000,0.5504806237440393,-0.5122444358737035,7.06277116786389,2.4762631501788586,46.78280366598715,-110.28768788362457
498990500,0.5499585380306116,-0.5133168925281016,7.074139028194628,2.4722299033893256,46.56888301038841,-110.14638234637617
499001000,0.5508660844985992,-0.5127764432335336,7.083778356307008,2.468820277757409,46.658415318216804,-110.35496698158018
499011500,0.5504640289614816,-0.5134084643880864,7.088247274210897,2.4672427411841693,46.53513423669489,-110.25136634441341
499022000,0.5494086253525322,-0.5127946508673551,7.049495349358679,2.480990132171924,46.69530781246127,-110.04390984846646
499032500,0.5488408798442821,-0.5128539871837754,7.037382864313598,2.4853187771149514,46.69827686863555,-109.92152132215267
499043000,0.5491781233380784,-0.5132477932614812,7.0540608441246535,2.4793624957222966,46.60530990501225,-109.9823781694421
499053500,0.5497792732996007,-0.5124322610561017,7.050268765965315,2.480714251438828,46.762246531559256,-110.13286113775642
499064000,0.5494114915520151,-0.5125679073377427,7.044554594225245,2.4827539778205083,46.74349668655358,-110.05076852927978
499074500,0.548993976822424,-0.5130565869160395,7.045471966742974,2.4824262856949106,46.65101812599802,-109.94851273230246
499085000,0.5505164917194137,-0.5115520486558798,7.048325425972966,2.481407565850569,46.92974508530677,-110.31463615596795
499095500,0.548033759058044,-0.5104532984804961,6.966063225604977,2.511117950425149,47.23132234276922,-109.81362037582123
499106000,0.5482150627573419,-0.51247158380523,7.014247873101638,2.4936289467819366,46.796520444311405,-109.79884907559017
499116500,0.5478228507215468,-0.5124578540410948,7.004758153290576,2.497053893147554,46.809932838889246,-109.7158724443392
499127000,0.5476922780205096,-0.51148283953736,6.98044580748098,2.5058718693904947,47.02073385226282,-109.7138917451514
499137500,0.5467481237227123,-0.5188893299046818,7.1227154363753815,2.4551432700877145,45.485090955610275,-109.3127187222787
499148000,0.5475455808971391,-0.509660277026734,6.937681975108759,2.5215352388650443,47.41334930740968,-109.72975950275672
499158500,0.5487420036457793,-0.5131102326840796,7.040703022509431,2.484130738276386,46.64652796477061,-109.89350405479644
499169000,0.5491123548384974,-0.5116647900017183,7.017637372146545,2.492407930206196,46.94412714365656,-110.01165587292094
499179500,0.5473926659398486,-0.5136738083810435,7.021370396498778,2.4910645561500173,46.56361021708853,-109.59212031823236
499190000,0.5491293835866795,-0.513072661610155,7.049030764332166,2.4811558811732235,46.643876289238854,-109.97685152005256
499200500,0.5470809124747221,-0.5107734817195059,6.9509098509364815,2.5166691616926,47.18767127700675,-109.60210467084156
499211000,0.5554995510594658,-0.5144196858778491,7.233996777023027,2.416882385159961,46.16886697409589,-111.29608183289233
499221500,0.5461615274539486,-0.5175316739134913,7.078101353205216,2.470827201750142,45.785232927557566,-109.22805123834547
499232000,0.5492618885763518,-0.5123622679019163,7.036484088250938,2.4856405793365224,46.79139554975892,-110.02455235176292
499242500,0.5468261936794815,-0.513180020448661,6.997283317939017,2.4997583218718495,46.68321853063809,-109.48535720862719
499253000,0.5521923125046896,-0.5112560012347632,7.081736654241895,2.469541678570317,46.94602819116268,-110.68197374151936
499263500,0.5499602047372923,-0.5059241972988643,6.913647930556603,2.5304251974257914,48.155854823319245,-110.34451305063655
499274000,0.5530580388419709,-0.5105485331094294,7.086815650630979,2.467747886055725,47.073313442133504,-110.88830785442751
499284500,0.5465531020867533,-0.5157971062325473,7.04860647382921,2.4813072738652084,46.13835869478184,-109.35765012599614
499295000,0.5575835861687091,-0.5144325474999695,7.286505084881913,2.399242600397501,46.09953010152216,-111.74252251528812
499305500,0.5470883498702155,-0.5128075450927534,6.995250156401536,2.500494949461835,46.755207554134365,-109.55072682841671
499316000,0.5471311549492164,-0.5200081552351361,7.157443007498703,2.443072949766045,45.24082219471393,-109.3605903647381
499326500,0.5525271913644412,-0.5186754209749382,7.258755336955834,2.4085325145466014,45.35790843403252,-110.5314163135969
499337000,0.542277992611595,-0.5114779691417011,6.856576744946518,2.5517903694951567,47.15631563564813,-108.56658453925638
499347500,0.5499389120120829,-0.5130692898111467,7.068169389745609,2.4743462436958223,46.62212166093708,-110.14914344684277
499358000,0.5430116492498921,-0.5125421720314147,6.8957807555268875,2.5370751092359125,46.91446176095671,-108.69587518080625
499368500,0.5420420423470481,-0.5137096580596856,6.898830418778275,2.535937577202686,46.69248691964154,-108.46380887669133
499379000,0.5436671515866816,-0.5058941785649813,6.770986141201618,2.5845220614046607,48.311876281880934,-108.98931792382591
499389500,0.5509806209458694,-0.510406221675732,7.0341295801891555,2.4864839969715287,47.162388905196416,-110.44576275205901
499400000,0.5524656693483948,-0.519082713255806,7.266742580538126,2.4058511750376477,45.27402376494695,-110.50570955461833
499410500,0.5500259159781635,-0.5131642363326686,7.0723502374911575,2.4728636781668336,46.599475630184756,-110.1650026126713
499421000,0.5445957499965816,-0.5109691716573925,6.8981378120473815,2.5361958310786576,47.20837499894508,-109.06899277070714
499431500,0.5431544325689466,-0.5165298001485388,6.985510372082103,2.504029807880655,46.074676895925776,-108.62627809971559
499442000,0.544491402647163,-0.5060690793856737,6.792868585663965,2.5760735241594372,48.25593124577106,-109.16212988887446
499452500,0.5465797195832618,-0.5109929852019572,6.94407631843926,2.5191806176850946,47.15376182383008,-109.48978888269025
499463000,0.5508048323221851,-0.5098225193267721,7.017203352202551,2.4925642122145444,47.29255805651674,-110.42402196030876
499473500,0.5593447165983301,-0.5167371165002388,7.385779084891926,2.3665905409747907,45.54655341940632,-112.04325096103669
499484000,0.5385028234220937,-0.5173322593384316,6.8969670729007975,2.536632487766645,46.02275398602691,-107.64024307980536
499494500,0.5474324862353251,-0.5171733317981977,7.100248879614966,2.4630161783266318,45.824963650954665,-109.50435949005069
499505000,0.5439207676998684,-0.5167502828372179,7.008127544094358,2.495836758128175,46.00877321222286,-108.78057407275669
499515500,0.5525523253618446,-0.509710748152051,7.056201724498115,2.4785999945299855,47.268174253620096,-110.80319930210902
499526000,0.5546783755988532,-0.5084853785511261,7.080140609278744,2.4701059096451945,47.47255519663208,-111.29791685763321
499536500,0.5429967447883803,-0.5198381108288777,7.055295441306193,2.478922720927618,45.39112175014125,-108.50675559735068
499547000,0.5442553764468856,-0.5167289251701391,7.015442335718556,2.493198521981494,46.00445687295772,-108.85104781872398
499557500,0.5477740827551525,-0.5096071575246177,6.941813947450048,2.520013195538586,47.418867228154895,-109.7799797054285
499568000,0.5478188319196242,-0.5092525000178961,6.935236161616153,2.52243704543476,47.49361769201518,-109.79862066396929
499578500,0.5447695008579321,-0.5113062615087621,6.9093000100517665,2.5320401982848386,47.132644975278055,-109.09754435690392
499589000,0.541450491873817,-0.5110195371258761,6.828392634453224,2.562475979262622,47.27219442112704,-108.40267165791832
499599500,0.5376962091356726,-0.5149244649447748,6.827462905604838,2.5628300089171563,46.540159208702065,-107.52862253905458
499610000,0.540326960087278,-0.5149242024045955,6.8861686485248255,2.5406671835469674,46.479519282643565,-108.07603492348971
499620500,0.5410326744114913,-0.5064900022440576,6.725378221319692,2.602311385303755,48.241417070882946,-108.41359020250204
499631000,0.5507946391078354,-0.5143161226160792,7.116508261088424,2.457313367621319,46.33263352837076,-110.2957152143185
499641500,0.5495223810267569,-0.5164622513992073,7.1342932578977445,2.4511058279418125,45.91500515065045,-109.96435209362487
499652000,0.5487928632438284,-0.5161447767008588,7.109590268775349,2.4597365297698612,46.00288480954731,-109.81960059164399
499662500,0.5352180890836933,-0.5152688423137151,6.7802957404033615,2.5809209287608192,46.523062911692385,-107.00787985709164
499673000,0.5428855511047737,-0.5083289237715934,6.804037662242915,2.571782694607437,47.80947399020079,-108.76791308668616
499683500,0.5474200994045395,-0.5152373339394284,7.056615214320904,2.4784527793845608,46.23256462442497,-109.55548394881546
499694000,0.5497976702491274,-0.5137494691170748,7.079934865720635,2.4701786626416107,46.481440584798975,-110.10002748657475
499704500,0.5456428417885675,-0.5135165464648676,6.977128838252394,2.5070797827289355,46.64301621774085,-109.22638068131516
499715000,0.547294177948814,-0.514339234216016,7.033734466013576,2.4866255888515516,46.4255511875528,-109.55336057298499
499725500,0.546342770619563,-0.5119085683703013,6.958384998452906,2.5139276682285927,46.96529336145755,-109.41601123398854
499736000,0.5440516362659756,-0.513867041359736,6.948048352041635,2.5177202042207822,46.60982258770811,-108.88207448068515
499746500,0.5494774569861774,-0.5140658321822985,7.079352741339028,2.4703845310668884,46.42327186668662,-110.02315036734458
499757000,0.5515439197835281,-0.5143299282763116,7.134904537685278,2.450893032645773,46.30793089401986,-110.45463173395017
499767500,0.5436665234676908,-0.5141165197673716,6.944621704278894,2.518979992456101,46.56706086152975,-108.79482616870553
499778000,0.5457078267147872,-0.5142472445237048,6.994611253427914,2.500726518419949,46.487186996371186,-109.22105412011159
499788500,0.5451757956889799,-0.515204587650073,7.0032526289530885,2.4975981246065846,46.29968469985361,-109.08399086142919
499799000,0.5444833182963398,-0.512392563147287,6.92608213778439,2.525818038583791,46.90986823177388,-109.01004896643602
499809500,0.5469075808859946,-0.5130066684510503,6.995388752637798,2.5004447212647567,46.71778138252408,-109.50716611866613
499820000,0.5465516140291958,-0.5129216867506917,6.985245611875183,2.5041260377627528,46.745129890039294,-109.4340100072795
499830500,0.5440338504347928,-0.510985613157928,6.885730581929046,2.5408311344838874,47.218558844391865,-108.94950195053326
499841000,0.5443679703162422,-0.5108915763188833,6.891306876155224,2.538745738482839,47.23038373213245,-109.02259010517017
499851500,0.5446214196572915,-0.5131336800741799,6.94524552263828,2.5187505545482742,46.74994042519454,-109.02061519884279
499862000,0.5443946910226003,-0.5117475536746173,6.910205131269209,2.5317038270468553,47.04843960169928,-109.00729332057027
499872500,0.5434269170735042,-0.5125269382852351,6.904880615993101,2.5336838763773537,46.907570638962724,-108.78376832443226
499883000,0.5450683688765374,-0.5124316040955864,6.940334139952434,2.520558081126042,46.88694711665336,-109.13273628458057
499893500,0.5441570531538492,-0.5115090675379441,6.899691770631087,2.5356164768298424,47.10473414807704,-108.9628617953953
499904000,0.5457589525937381,-0.5112792859925558,6.931360140380662,2.523867521307979,47.113706644935746,-109.30810167207446
499914500,0.5448035912462175,-0.5122713611190146,6.930804107592035,2.524072863560236,46.92748743109523,-109.08077252215523
499925000,0.5437403729302593,-0.5139252684082168,6.942169588885921,2.5198822787994075,46.6054049709046,-108.81514763472113
499935500,0.544278881431784,-0.5123483694354256,6.920458513477753,2.527899625984051,46.924286155055825,-108.96795857574921
499946000,0.5440367097753956,-0.5123233331710975,6.914394261657962,2.5301481872192957,46.93556286483317,-108.91743202674158
499956500,0.5432222100949606,-0.5115174866603597,6.878682776559774,2.543471780737992,47.12557707046704,-108.7649885162997
499967000,0.5437182656490827,-0.5124455368329898,6.909762187460847,2.5318684275172525,46.917604738914015,-108.84721050613857
499977500,0.5431217496951196,-0.5125881934824501,6.89926284081197,2.535776365853979,46.90209439558982,-108.71795599321104
499988000,0.5429278194720571,-0.5118893475770703,6.879947723773261,2.5429974279204637,47.054118475505206,-108.69392516672063
499998500,0.5428773941797426,-0.5115055108190527,6.870645848594954,2.546489782086887,47.13633910169901,-108.69244294351073
500009000,0.5435428635657044,-0.5121100679506637,6.898587679142022,2.5360280820640564,46.9926887438108,-108.81839379558122
500019500,0.542964689890177,-0.5127059295832394,6.898221333441983,2.536164685453988,46.88110713921363,-108.68201426915603
500030000,0.54338197761391,-0.5120943499513844,6.8946009019802075,2.5375154733383787,46.99991503065767,-108.78481793905944
500040500,0.5427585965822116,-0.5119848373287205,6.878159926205167,2.543667900697195,47.03802519047415,-108.65594666292719
500051000,0.5432109426555888,-0.5119660957281201,6.88798655203828,2.5399870420620245,47.03111889765588,-108.75182386146467
500061500,0.5429016668468838,-0.5123070366850956,6.888263888613617,2.5398833129601512,46.9666669184607,-108.6783787714817
500072000,0.54337507580285,-0.51215221994379,6.895681402665599,2.5371121853890655,46.987870368241744,-108.78195754218002
500082500,0.5425886367539534,-0.5108119472687134,6.849463762927377,2.5544786797700123,47.289688605421134,-108.64779338455024
500093000,0.5428484556708881,-0.5126569368988607,6.894537963665754,2.537538968523659,46.89423906687661,-108.65872470379321
500103500,0.5429979210951169,-0.5126228918438825,6.897197034104863,2.5365467059863054,46.897789924011064,-108.69102697116162
500114000,0.5432078979530335,-0.5125822335193002,6.901090400097125,2.5350952610056576,46.901255436829075,-108.73625380135647
500124500,0.5402994677322832,-0.5113537662005541,6.809838441712241,2.5695598821896026,47.22789335233303,-108.15269062274442
500135000,0.5413481996303514,-0.5132124842126486,6.872539261058566,2.5457781245953726,46.813345757458166,-108.33014858129656
500145500,0.542224880848529,-0.5128305185924342,6.884144415630236,2.5414249518809355,46.872715845245466,-108.52334044816581
500156000,0.5431675890201606,-0.5117136530350177,6.881624182105296,2.5423690337193254,47.08545336225735,-108.74874637288814
500166500,0.5429232479361686,-0.5125840189440956,6.894672536973026,2.537488732173058,46.90778648532435,-108.67623968914288
500177000,0.542886905060802,-0.5124713536531527,6.891440133680291,2.538695945643809,46.93239803681989,-108.6713064769731
500187500,0.5427058153577143,-0.5115664589771604,6.868073857816347,2.547457131969559,47.1275476956996,-108.6547726004687
500198000,0.5430229713390168,-0.5109551447921854,6.862251725719461,2.5496496271771765,47.24919153070097,-108.73626380103167
500208500,0.5427398106569117,-0.5134132593350046,6.908290650215938,2.5324154140182094,46.7377793726063,-108.61749998370178
500219000,0.5429897108719868,-0.5121120357027217,6.8860937667442474,2.5406952073149176,47.00565929142107,-108.70163503145776
500229500,0.5413680495974597,-0.510555976813995,6.816824701552549,2.5668879353818945,47.371880991263815,-108.39584065191505
500240000,0.5416758772396669,-0.5116759426856015,6.8472681106967075,2.5553096664922514,47.12864663547724,-108.43503398788542
500250500,0.5411438022823676,-0.5114978472402538,6.831625764555561,2.5612456085153945,47.178430518183944,-108.32709300970524
500261000,0.5412515331759721,-0.5117083707389788,6.838467714402549,2.5586458178941003,47.1316384664121,-108.3449342315098
500271500,0.5423540295008829,-0.5119724927264234,6.868777026141259,2.5471925902466124,47.05025343166863,-108.57095521884065
500282000,0.5413046924514562,-0.5114855682994256,6.8349545418581865,2.5599800819138014,47.17732383287516,-108.36125394898484
500292500,0.5420762278997034,-0.5124110219082868,6.871848985891553,2.5460375248239355,46.964492545280585,-108.502064625427
500303000,0.5432468556856637,-0.5110298666267992,6.8688796415169255,2.5471539895391087,47.22807381491305,-108.78184466272994
500313500,0.541997486499529,-0.5116093393708959,6.853064164597641,2.5531172162179363,47.135184192397595,-108.50435521527267
500324000,0.5416764185566638,-0.5119369353649503,6.852803047794676,2.5532159063202533,47.07367482719809,-108.42906978329572
500334500,0.5406569882388951,-0.5099858487823165,6.789168092638671,2.5774983269585086,47.50816898006685,-108.25850191963158
500345000,0.5403445821511154,-0.5116348796129407,6.816737395251555,2.5669212917860325,47.16777499725468,-108.1558509538154
500355500,0.5417660934064651,-0.511528864250442,6.846178444761209,2.555722273693541,47.15753903369106,-108.45746000056722
500366000,0.5417019420816355,-0.5123386194673069,6.861894166504819,2.5497844005168453,46.98855647756432,-108.42503534827014
500376500,0.5398279902758942,-0.5111756593140011,6.795688193267112,2.5749889538169803,47.275851843392786,-108.05752338389692
500387000,0.5409349772781825,-0.5119728755224731,6.836987192235724,2.559207932991208,47.08328311551565,-108.27226027179236
500397500,0.5404457273249333,-0.5111967681351196,6.809787831389701,2.569579258924644,47.25763888842141,-108.18698385025596
500408000,0.5418413833784766,-0.511253452976382,6.842046998088813,2.5572878854924683,47.21385750831009,-108.47972410684696
500418500,0.541039159669192,-0.5106962071538863,6.812458741910108,2.5685570725750724,47.34973414248673,-108.3232721078621
500429000,0.5407053397083434,-0.512107596955093,6.834711358222229,2.5600724922355553,47.06023969900913,-108.22091003753789
500439500,0.5415228908436261,-0.5123554413414323,6.858233244882866,2.5511651228919603,46.98921789921061,-108.38698933857023
500450000,0.5419787264354458,-0.5114714303809403,6.849726070389421,2.554379440877119,47.16469664417731,-108.50362034138827
500460500,0.5410659813229467,-0.511845336500884,6.837217469938979,2.5591204863028056,47.10709111868493,-108.30274006172837
500471000,0.5399966431626618,-0.5115521643600575,6.8072933821379955,2.570534651997165,47.192971608911975,-108.08459166245991
500481500,0.5402915798817318,-0.511002478231931,6.802308223140062,2.572446151695935,47.30197916415171,-108.15889010029767
500492000,0.5399005185463746,-0.5116376110264019,6.806957896005245,2.5706632003409604,47.177170791161515,-108.06248977462904
500502500,0.5409731744765,-0.5127058626003231,6.853351408124126,2.5530086602953665,46.92843452223106,-108.26333858711537
500513000,0.5405884932850461,-0.5115433538127858,6.820228459831766,2.5655881695916216,47.181504748141705,-108.20920273179442
500523500,0.5401526461308543,-0.5124058086632617,6.828701141690281,2.5623585251555476,47.010259351263336,-108.0980894491826
500534000,0.5411966326654319,-0.5117897969670746,6.838960870929784,2.558458634624458,47.115767784060516,-108.33150455118964
500544500,0.5408071520075869,-0.5121115189191883,6.837063647489382,2.559178898862609,47.05708045373847,-108.24221045761384
500555000,0.5410387748640488,-0.511799792130107,6.835649590091186,2.5597159990864475,47.11729644400841,-108.298063997799
500565500,0.5404093955263205,-0.5115251947901285,6.8158716673831945,2.5672521006162,47.18937137841139,-108.17195051845138
500576000,0.5407970429455373,-0.5115592792704381,6.825198636265819,2.5636926280079124,47.17341971421464,-108.25271002632435
500586500,0.5404620208567034,-0.5107784074177444,6.801392580179753,2.572797555388207,47.34535902924203,-108.19977827982771
500597000,0.5408568646917727,-0.5109927393213483,6.814627844590572,2.5677275360913687,47.291341634801604,-108.27814977750269
500607500,0.5397288904305505,-0.5104289339446184,6.777945475343811,2.58182910241193,47.43513762105035,-108.05308521575954
500618000,0.5401793669320043,-0.5109922940610151,6.799614775187765,2.5734801142025248,47.306622318151085,-108.13550021433693
500628500,0.5394492055658883,-0.5107832979387451,6.779168227466956,2.5813565344104346,47.366671635305956,-107.98650278805565
500639000,0.5399726983905451,-0.5111099227381675,6.797508470369019,2.5742892673910207,47.28646719567645,-108.08940808053443
500649500,0.540081528207595,-0.5108415855810761,6.794306279131544,2.5755203961768003,47.340512884094984,-108.11825354436091
500660000,0.5400836837801891,-0.5111142077849483,6.800049339621066,2.5733132366921048,47.28310036968359,-108.11265663501727
500670500,0.5398571685507193,-0.5108790111898106,6.790139230965523,2.577124255420288,47.337594358298176,-108.07021333080031
500681000,0.5397561482688156,-0.5109058870842978,6.7884738723505675,2.5777657998445456,47.33416572927775,-108.0483706593256
500691500,0.5396315907843799,-0.5110418438227012,6.788565590084932,2.577730459142031,47.30831690411111,-108.0191878819156
500702000,0.5394325197801328,-0.5113341187722457,6.790280033506733,2.577070028946573,47.25128434113268,-107.97093132650815
500712500,0.5400246101481485,-0.5111170536937724,6.798803858807669,2.573791573296999,47.28381492583319,-108.10016786549596
500723000,0.5394777693010674,-0.5113666537319953,6.791956082787347,2.5764247182116824,47.243455571354204,-107.97971771609983
500733500,0.5389221206865086,-0.5116716124999944,6.786094579651477,2.5786829307962105,47.19166267545425,-107.85643162224474
500744000,0.5391351652921984,-0.5118805106646137,6.795148095466693,2.5751966327864952,47.14319084759702,-107.89650759573614
500754500,0.5393801012453406,-0.5116570054461101,6.7958715308962026,2.574918464311305,47.184660574555096,-107.95280998348427
500765000,0.5395832363536772,-0.5110918192310175,6.788543077631919,2.577739133556196,47.29887525011506,-108.00792474818113
500775500,0.5396125969402794,-0.5115653575097234,6.799082956311788,2.573684368155052,47.1987514315775,-108.00363714370273
500786000,0.5391379665799552,-0.5109356539066339,6.775503362209623,2.5827734497005475,47.34141980134372,-107.91776794741826
500796500,0.5391408536079338,-0.5111201631425669,6.7794056503788305,2.5812647956470607,47.302600463691554,-107.91436258246345
500807000,0.5389993652081637,-0.5110069861010177,6.773946258113686,2.5833759338653306,47.329442062398876,-107.88710707450164
500817500,0.5391495198047528,-0.5113224363508564,6.783809875609394,2.5795642201766333,47.259942443153896,-107.91176936239286
500828000,0.539138513373561,-0.5110466236386986,6.777823654684967,2.5818761930844056,47.318096511725706,-107.91547153423876
500838500,0.5389389726689928,-0.5111911289250995,6.776451646387126,2.582406672509228,47.292089876680635,-107.8704343055149
500849000,0.5387967572009079,-0.5107504666472957,6.764182710012147,2.5871601688043895,47.38769120290117,-107.85008454342642
500859500,0.5385207576194599,-0.510809337989089,6.759370117822018,2.589029584534677,47.3812387606485,-107.79086367413582
500870000,0.5382877126452777,-0.5113080404908316,6.764620982699974,2.586990060131063,47.28161049366254,-107.73131016782366
500880500,0.5382008776393995,-0.5117780538458916,6.772492148903439,2.5839388223584785,47.18502074874247,-107.70302145123229
500891000,0.5378180298170361,-0.512056092760546,6.769904425830631,2.58494114636205,47.13508713017462,-107.61694829017753
500901500,0.5384854441155633,-0.5112864933596925,6.7684977078115045,2.585486350724027,47.28188285173439,-107.77322647033978
500912000,0.538174843843781,-0.510936186751896,6.754448237862775,2.5909442693637112,47.36198686822962,-107.71557513037293
500922500,0.5382610072506825,-0.511217854561403,6.762165800024646,2.5879432913796565,47.30108703603961,-107.72764211417152
500933000,0.5382931889950914,-0.5112438904436315,6.7634091134524805,2.587460483184807,47.29494051044438,-107.73383177687722
500943500,0.5379866816769192,-0.5114072141405394,6.760104721161375,2.5887440573311213,47.267263089324366,-107.66611712435838
500954000,0.5383610451063315,-0.5109552637433699,6.7589059622127206,2.5892100262470703,47.35402216513782,-107.75422989016066
500964500,0.5380273645883382,-0.5110645348133293,6.753890260159815,2.5911615110875292,47.338203085794156,-107.68192673420629
500975000,0.5380922581128372,-0.5109411535778076,6.752750775360749,2.5916052694341785,47.36269709279754,-107.69814890912347
500985500,0.5376351766682054,-0.510555612831427,6.734852835299781,2.598595547991854,47.45315954502514,-107.61038704314362
500996000,0.5378274360184541,-0.5107661939893601,6.743370394864739,2.5952641702217933,47.40497493327703,-107.64630399887918
501006500,0.5376345207354339,-0.5104072831107623,6.731784606490303,2.599797701906492,47.48428917765245,-107.61333494077451
501017000,0.5373077983403213,-0.5102077193470881,6.720611488584535,2.6041848955016804,47.532907331378155,-107.5489105550876
501027500,0.53768391978501,-0.5100724113154737,6.725969853205703,2.6020790405475083,47.553556152539954,-107.6306443764318
501038000,0.5371404528132604,-0.5099697135774218,6.712119676636958,2.6075292481253998,47.586268768100965,-107.51866702379968
501048500,0.5374347764599721,-0.5099454213309549,6.717975255434882,2.605222204669206,47.58535198833963,-107.58094405494612
501059000,0.5374198651862053,-0.5105492714206405,6.730055152163656,2.6004758083920088,47.45896237542789,-107.56536757510258
501069500,0.5372841121354971,-0.5109405161313465,6.735171807860283,2.5984706365382344,47.37979764976276,-107.52879980318659
501080000,0.5371917254035716,-0.5117141375583254,6.749150996753302,2.5930081654544015,47.21987573094884,-107.49329170177715
501090500,0.5369602496460647,-0.5115887110150962,6.7415288923439,2.595983687196112,47.250939503783705,-107.44754148584074
501101000,0.5370014886826695,-0.5114476765188098,6.739509251118309,2.5967732692898995,47.27955975401132,-107.4591031997115
501111500,0.5373120216527769,-0.5106507825785912,6.729808498394268,2.6005725485831537,47.43991736254165,-107.54065889785136
501122000,0.5373484037889124,-0.510691706243452,6.731438943518552,2.5999332053578996,47.43058705152428,-107.5474355846428
501132500,0.5369344579019353,-0.5106156285010529,6.720920117829091,2.6040635099963447,47.45506256150876,-107.46227800710764
501143000,0.5369627305740113,-0.5106388479863699,6.722007864811398,2.603635784269222,47.44961905051596,-107.46772343045684
501153500,0.5369099335084551,-0.5103917801738376,6.71579634687732,2.606080193686915,47.5024617242966,-107.46171989353999
501164000,0.5365328441403221,-0.5104966955179582,6.709819485802871,2.6084366284287657,47.48815591287306,-107.38060036497832
501174500,0.5367408556147782,-0.5103438733402084,6.711169009417291,2.607904190629417,47.515942846364005,-107.42726741137454
501185000,0.536930158123354,-0.5102464735429145,6.713253745509111,2.6070821141841956,47.532504853195015,-107.46892187033563
501195500,0.5371302320932999,-0.5103290385556386,6.719264725224246,2.604714718067871,47.51110675645982,-107.50918035664616
501206000,0.5370742733849725,-0.5099358886964896,6.710000414747655,2.6083652324439943,47.59471339842278,-107.50546804302058
501216500,0.5370086439304169,-0.5103751033910514,6.717584479582232,2.605376038623637,47.50393975117848,-107.48274817481382
501227000,0.5370003624331479,-0.5100889938559022,6.711541462705182,2.607757282363641,47.564096854551394,-107.48684872093921
501237500,0.5369436431484376,-0.5104756562735592,6.718244608121787,2.6051161811649255,47.48419731691857,-107.46706932177435
501248000,0.5368787593630648,-0.5103860746248651,6.7150068592755705,2.606391210830995,47.50429341429455,-107.45530372640827
501258500,0.5366327862286664,-0.5094986234005985,6.691579988437979,2.6156543422723306,47.69537131383277,-107.42162094699223
501269000,0.5362000583022662,-0.5104721023377516,6.702158753465939,2.6114632310912174,47.50001941242598,-107.31144058631493
501279500,0.5359002789928957,-0.5100619159074704,6.6873580377842305,2.6173307876726044,47.59185218518361,-107.25687788502553
501290000,0.536300289219117,-0.510286235828333,6.700511818422049,2.612114826727286,47.53691199824719,-107.33615424104524
501300500,0.5361329708231939,-0.5104967205263121,6.701221205695136,2.6118341236141003,47.49621564461165,-107.29690885473482
501311000,0.5360345950886908,-0.5106902989564982,6.7030682995027595,2.6111035174209367,47.45770324217029,-107.27244548302413
501321500,0.5361797818277307,-0.5109472856409947,6.711455475950121,2.607791196988784,47.40104979679012,-107.2976124420889
501332000,0.536202233433533,-0.5102464235349686,6.697593106153406,2.6132703951724534,47.54721326560597,-107.3164216875229
501342500,0.536156128326008,-0.510126052057464,6.694146830680938,2.614636161920148,47.573338961339466,-107.30917282743897
501353000,0.5359322487362785,-0.5102066401813873,6.690992327621066,2.615887560046284,47.56092466174953,-107.26069943260015
501363500,0.5355245296558845,-0.5100146740580338,6.67836504893049,2.620908937183271,47.60914114603127,-107.17916765291338
501374000,0.535274377878196,-0.5098225194415519,6.669129770293465,2.6245937635449197,47.65422497924032,-107.13057478027217
501384500,0.5350163403382591,-0.5101977278866788,6.671249565524944,2.623747053844231,47.58077926356088,-107.06933637602982
501395000,0.5358236761099374,-0.5106452651547259,6.69762014058082,2.613259687050618,47.47134372026872,-107.2292523278558
501405500,0.5353944030569643,-0.509885537367941,6.672965726647416,2.6230619708022473,47.63870488268093,-107.15446355916274
501416000,0.5358605755811294,-0.5091514510698315,6.668017896119977,2.6250380995820337,47.7834307529959,-107.2664226289545
501426500,0.5354565787749643,-0.5098707378289842,6.673990863683875,2.6226529131111374,47.64058945683015,-107.1677632569343
501437000,0.5353369787739911,-0.5100043369194188,6.674153895598324,2.622587870769439,47.61497045473768,-107.14013383036678
501447500,0.5345164961235188,-0.5104775651077035,6.666297486108535,2.62572592239927,47.532020748081074,-106.95955507958443
501458000,0.5363737951209223,-0.5099104727629834,6.6944179232397705,2.614528675207878,47.61415863223636,-107.35907774994429
501468500,0.5348052267754855,-0.5105786305296297,6.67449369891478,2.6224523151011314,47.50533982094563,-107.01784658934146
501479000,0.5353632819850085,-0.509852102890098,6.671623796705444,2.6235976318666236,47.646307126024595,-107.14860254769982
501489500,0.5353042512235952,-0.5094614115955561,6.662449326044732,2.6272657387912317,47.72923712940094,-107.14381449195973
501500000,0.5354324391081218,-0.5095874566680516,6.667729874152032,2.6251532259428427,47.7003620048739,-107.16822090210223
501510500,0.5349915006562451,-0.5098334758121064,6.663333450645378,2.6269118010480237,47.65740379642363,-107.07119049776938
501521000,0.5348959355504689,-0.509731907811558,6.659246740635317,2.628548620774869,47.68048281597223,-107.05315792212882
501531500,0.5349137017206336,-0.5097919616479043,6.660839556357117,2.6279104177108312,47.667582642723914,-107.05572004388584
501542000,0.5350747672755012,-0.5103424715254876,6.675435261642772,2.6220767769692284,47.54940050121627,-107.07872716626818
501552500,0.5345879013462438,-0.5104988321535217,6.668247099676208,2.624946491022928,47.526205333184116,-106.97404315652341
501563000,0.53461799050037,-0.5103261885695616,6.665382845207523,2.62609174526234,47.56165590611926,-106.98365427283343
501573500,0.5344700193613621,-0.5097564686123283,6.650711137739822,2.6319739608925614,47.68347909167854,-106.96364877559381
501584000,0.5343536171862586,-0.5101609875230098,6.656423905996396,2.6296804305371673,47.601210395244685,-106.93163678798727
501594500,0.5347968711194903,-0.5094812026274385,6.652077029563291,2.631425223633941,47.7348200033857,-107.03722856234504
501605000,0.5349905775678847,-0.5092878601469478,6.652280240411038,2.631343604832778,47.77159603711456,-107.08145798091451
501615500,0.5348999607739063,-0.5100407981629759,6.665588942455259,2.626009304947144,47.61582691000238,-107.04805433549669
501626000,0.5346615996094619,-0.5099635954916091,6.658961223186471,2.6286630537838658,47.636543956193314,-106.99972958493736
501636500,0.5343675316086861,-0.5102298329284912,6.658112735126671,2.62900317996863,47.586575285675586,-106.93322606152418
501647000,0.5343838235578956,-0.510052608880214,6.654871192372464,2.630303406663877,47.62325997874323,-106.94000973082755
501657500,0.5338037184522273,-0.509330376314215,6.628060839523371,2.641107293744171,47.78500645126838,-106.8324139531104
501668000,0.533186512013081,-0.509923911252189,6.627004363445753,2.641534858482025,47.672552126404774,-106.69265367001411
501678500,0.5336324040904906,-0.510808392254508,6.654256919370013,2.6305499459544848,47.47998563823614,-106.76898476137164
501689000,0.5331668866878603,-0.5111947154566243,6.652239087576946,2.6313601332873464,47.4084513843511,-106.66485338883716
501699500,0.5331781946813763,-0.5115396742666867,6.6594759217955595,2.628456774142846,47.33658204704078,-106.66066346363414
501710000,0.5342120352882869,-0.5103423521111423,6.657094318218591,2.6294115412140413,47.56606803041972,-106.89863289125041
501720500,0.5352520994016643,-0.5098778506755517,6.669777704525183,2.624334900782708,47.6430811597908,-107.12483970556075
501731000,0.5342182866221423,-0.5095208215094407,6.640633210432133,2.636029834925769,47.73747973820145,-106.91549182411092
501741500,0.5341226464042287,-0.5094265825718848,6.63671648985255,2.6376095248796085,47.75896804987672,-106.89726947451861
501752000,0.5333761360887973,-0.5090474638700381,6.61340689338735,2.6470503472030322,47.851962141949265,-106.74827632164394
501762500,0.5330897662800467,-0.5091506097232699,6.609470287226835,2.648651472608795,47.835620101989704,-106.68660061424029
501773000,0.5333541193610649,-0.50907854440754,6.613567233249401,2.6469851739395978,47.84587020416297,-106.74311131092051
501783500,0.5334858991158317,-0.5090156664254013,6.615072478844306,2.646373495171894,47.8566057035714,-106.77178947415928
501794000,0.5333555508185422,-0.5089465012351986,6.610955937152936,2.6480469888781695,47.87343057731926,-106.74581074218004
501804500,0.534031461405817,-0.5093628020175696,6.633510127886186,2.6389041342257706,47.774000579011826,-106.87940230824557
501815000,0.5334311227732554,-0.5091489582858475,6.616591962012108,2.6457563196256344,47.82975771348119,-106.75791219775046
501825500,0.5334559522545992,-0.5091522327256557,6.617178574895548,2.6455181299497275,47.82862003302081,-106.76303889201935
501836000,0.5337851507852377,-0.5094366299594478,6.629804575507558,2.640401894159754,47.76315375122052,-106.8265664749061
501846500,0.5332793018298626,-0.5094601329879156,6.619641750772517,2.644518447772187,47.76756728030029,-106.72052476740515
501857000,0.532807720948453,-0.5087568726872407,6.595716772956116,2.6542607587545985,47.9228973472228,-106.63478240690287
501867500,0.5327097657058861,-0.5088094406715195,6.594720668983672,2.6546679436171865,47.913664976825984,-106.61339239458812
501878000,0.5330608270678219,-0.5091325460655787,6.6085033014993595,2.6490450708247155,47.83991452855122,-106.68088624467407
501888500,0.5336400801167921,-0.5092955773818116,6.623919880639541,2.6427839731501335,47.795298164438975,-106.79887082997534
501899000,0.5333948304555544,-0.5093133370056301,6.619123781292365,2.6447286029370183,47.79609326247667,-106.74732698365732
501909500,0.5334475164869799,-0.5093579162370615,6.621123902348092,2.643917282007017,47.78581989604729,-106.75751007634118
501920000,0.5332815001087206,-0.508815139499128,6.606780019670463,2.6497468012671144,47.90222241146461,-106.73271568443946
501930500,0.5332157645407188,-0.5088730780599999,6.606561325594096,2.6498358815651453,47.89130302127001,-106.71793282548266
501941000,0.5325549502087974,-0.5095859571608036,6.6069884155623955,2.6496619213274313,47.75448337683077,-106.56720399669035
501951500,0.5323978111998189,-0.5090874597596802,6.593756313211184,2.655062270495556,47.861198711640355,-106.54336154623016
501962000,0.5324903630612499,-0.5085420264356098,6.584831073292828,2.6587174282192767,47.97338295610979,-106.57231160302187
501972500,0.5328710713953347,-0.5083163466702699,6.588272254770346,2.657306958810283,48.01382374247593,-106.6558411545603
501983000,0.5327205141636718,-0.5082500407877643,6.583820759575018,2.6591318216010764,48.030341529465915,-106.62553480518318
501993500,0.5329404612271765,-0.5086986704184496,6.597327416407897,2.653602630262828,47.93268619952211,-106.6635474164582
502004000,0.5329546443737722,-0.5091060649694891,6.605752401297959,2.650165431826899,47.84735891040182,-106.65919971677909
502014500,0.5326105566314866,-0.5086025997392877,6.588536592869188,2.6571986744416503,47.95861439247453,-106.59634412750049
502025000,0.5328465576958695,-0.508727309957306,6.595938156787519,2.6541702791289263,47.92837939052331,-106.64342056455592
502035500,0.5324697051378635,-0.5083454016700462,6.580497864973146,2.6604956689561683,48.01481412686331,-106.57144703666219
502046000,0.5322494410325139,-0.5083469529056454,6.5759543196089,2.662362803246892,48.018334430341795,-106.52541334539445
502056500,0.532237973558355,-0.5087471410182598,6.583657967919084,2.659198604905879,47.93500316829488,-106.51602749052991
502067000,0.5319478397289746,-0.5091881817201335,6.586396497497,2.6580756060367046,47.8481515156617,-106.44779916427657
502077500,0.5322917363178015,-0.5083790772833946,6.577469105081499,2.6617400206288346,48.010889278175306,-106.53368632550028
502088000,0.532084456496936,-0.5080974879701078,6.5675951215512,2.6658048587629333,48.07329380827874,-106.4952744417956
502098500,0.5319193715775958,-0.507817490971793,6.558650111442726,2.669498082154865,48.13462068520807,-106.46558269627744
502109000,0.5319334032074832,-0.5083843432539547,6.570142374939057,2.6647550298919,48.016006350677465,-106.4587888954892
502119500,0.5317973485666546,-0.5088920058898102,6.577385537169743,2.6617743707405053,47.912492177049636,-106.42161976894022
502130000,0.5313686820449192,-0.5085701825601553,6.562137461092763,2.6680569962773593,47.98694306749539,-106.33783021971288
502140500,0.5312812929005724,-0.5084087058004241,6.557143222987651,2.670121262857145,48.02208417197169,-106.32236392297646
502151000,0.5310188524669985,-0.5081825650530473,6.547277166229503,2.6742086728675964,48.073645622520274,-106.27147180377608
502161500,0.5318569698312543,-0.5082627326835042,6.5661536550958735,2.6663993163876656,48.04270383666867,-106.44493105823358
502172000,0.5320570163178951,-0.5082461295658577,6.569967352813845,2.6648271371124803,48.04272392193009,-106.48697961730011
502182500,0.5323651735656806,-0.507897485427369,6.569456034507157,2.6650378172490266,48.110246970022466,-106.55739246514678
502193000,0.5315217682246752,-0.5082724474169705,6.559416368414608,2.66918130546437,48.04640981660299,-106.37482234570908
502203500,0.5311345655961257,-0.5082089247485175,6.550178385673391,2.6730054177375124,48.06620841098807,-106.29515138832434
502214000,0.5306550601800787,-0.5083395557238375,6.542888134202696,2.67603106184058,48.047011035421946,-106.19305717649732
502224500,0.5307040600995708,-0.5080102869529431,6.537420477046995,2.6783048162955136,48.11479334877285,-106.20872691550262
502235000,0.5312513672099628,-0.5085958594250305,6.560222457518805,2.6688481436271507,47.9835918868951,-106.31294821842954
502245500,0.5309359034942097,-0.5078431155872264,6.538896070497924,2.6776907992713275,48.14580820337018,-106.2598339781706
502256000,0.5309210190589337,-0.5080598714305539,6.54285067319143,2.676046626963867,48.100856651756544,-106.2531271764243
502266500,0.5305974178251509,-0.5084102113818244,6.543094591155015,2.675945281848353,48.033258765224865,-106.17987992386375
502277000,0.5308799537972365,-0.5081789460016272,6.544349161833459,2.675424144333558,48.07672204538056,-106.24258255374986
502287500,0.5311315130332944,-0.5081447059958006,6.548850360943742,2.6735560687888684,48.07964892917788,-106.29559408377874
502298000,0.5306194586475447,-0.5080802023436416,6.537058012827794,2.6784556866307776,48.10162287089109,-106.1899418643662
502308500,0.5311887762489318,-0.507227427312119,6.53200901137154,2.680559041139236,48.27016726436339,-106.32280456984489
502319000,0.5312711326492935,-0.5083212951816841,6.5552084526923595,2.6709218261744567,48.04047773038339,-106.32172689046655
502329500,0.5308386063842188,-0.5083875678369648,6.547606623583708,2.674071978390173,48.03394858851714,-106.2304813792629
502340000,0.5313521807461952,-0.50860482079853,6.562481450286953,2.667914933758355,47.98000664758004,-106.333800511815
502350500,0.530773981899004,-0.5085096320134835,6.548682510545146,2.6736256824134763,48.00961205962621,-106.21497922030724
502361000,0.531139998550923,-0.5086532790895768,6.559058668417909,2.6693291720408743,47.97352448609435,-106.28877349271471
502371500,0.5305790145239355,-0.5085149778638745,6.5447791556966175,2.6752455757757323,48.01175755386218,-106.17430465396822
502382000,0.5303879229876486,-0.5079348364271989,6.529460134754554,2.681622138342992,48.135715131538376,-106.144093929878
502392500,0.5308089432818315,-0.5083866026177853,6.546977469341929,2.674333031725586,48.03464604602027,-106.22431934398678
502403000,0.5305318902755952,-0.5078939749686805,6.531607323501246,2.6807265225688366,48.14187026785937,-106.17476154123634
502413500,0.5306180499117108,-0.508124658079994,6.537902514017004,2.6781042021204584,48.09238437193896,-106.18891344217111
502424000,0.5307093816935804,-0.5078446968859331,6.534278630346949,2.679613132803891,48.1492232925606,-106.21256979839002
502434500,0.5302996764479236,-0.5076824264129263,6.522711114322694,2.6844411599421365,48.18974843691733,-106.12981774921468
502445000,0.5298486149391218,-0.5074154413833272,6.508295563637824,2.6904824943764973,48.25263383678963,-106.04010782380979
502455500,0.5298546118914936,-0.5079294492614457,6.518454945665121,2.6862220074148446,48.145493682624746,-106.03312893117864
502466000,0.5298744245515209,-0.5077274783831486,6.514911042073322,2.6877066501991047,48.18722255743978,-106.04049964943295
502476500,0.5291079047438008,-0.5080292096728795,6.505201120000243,2.691782902934758,48.1366543790396,-105.87624525104546
502487000,0.5300101415055338,-0.5078296556954548,6.519677203677661,2.685710351846542,48.163761726296514,-106.06711702019157
502497500,0.529796484827214,-0.507626144052166,6.511344044447664,2.689202639047048,48.2095721299509,-106.02589049343932
502508000,0.5292232301309124,-0.5072966124604198,6.4932799077458885,2.696804537588701,48.2872271132731,-105.9117198509105
502518500,0.5295077130545666,-0.5075760891459585,6.5044918451935585,2.69208114700192,48.224581643742084,-105.96655969093655
502529000,0.5293558793771244,-0.5072674412899104,6.495402455186451,2.695909064299543,48.29123268901522,-105.93979595750741
502539500,0.5296851295859024,-0.5072674501250316,6.502087312153357,2.6930927287713184,48.28606211890025,-106.0083855524006
502550000,0.5294417816567462,-0.5073398460285987,6.498553230769828,2.6945809006582513,48.274809044516054,-105.95655233623975
502560500,0.5298159095555437,-0.5081407905446161,6.521800984841029,2.684821772256684,48.10214305115008,-106.02166584796694
502571000,0.5301438106022355,-0.5077937253265874,6.521704000482182,2.684862337120957,48.16908413738738,-106.09553746629928
502581500,0.5302428279952089,-0.5074172019223295,6.516365234840383,2.6870972470964323,48.24595830008587,-106.12225258436074
502592000,0.5306000640561247,-0.5064172117347039,6.504163927972778,2.692219055944842,48.44906908942532,-106.21284590909097
502602500,0.5296930127160467,-0.5066138981532726,6.489552330474305,2.698378602798577,48.422229754279485,-106.0202608698385
502613000,0.5297916656505232,-0.5070759106153703,6.500525654585736,2.6937501252429064,48.32430861233358,-106.03361251391486
502623500,0.5289285143235279,-0.50732616648199,6.487885870700575,2.699082907518987,48.28564558531777,-105.84992153240242
502634000,0.5289904983006497,-0.5069634551545005,6.482107495270378,2.7015279261203755,48.36019655628752,-105.86840587279835
502644500,0.5288835881673292,-0.5071398301555058,6.48336386883746,2.700995933774834,48.32511495733932,-105.84344091412451
502655000,0.5283502594144674,-0.5074052029442742,6.477738129986948,2.7033797136322764,48.27806951089888,-105.7284665167878
502665500,0.5288577998116829,-0.5074665221688155,6.489179531080934,2.6985361288063374,48.25754082259729,-105.83304254675912
502676000,0.5288462851425701,-0.5070783004850284,6.481418064085985,2.7018199450841847,48.33849412940251,-105.83661956370973
502686500,0.5289468007711975,-0.5070194667708184,6.482309316594635,2.701442453698025,48.34920257777412,-105.85844726233897
502697000,0.5286162780598263,-0.5076261098952624,6.4873929265368275,2.6992913141562633,48.22809100261903,-105.7803683013597
502707500,0.5290561773817569,-0.5070978034975274,6.48603888686929,2.6998639412172003,48.33120932424634,-105.88001767676086
502718000,0.5285399124358524,-0.5069683079878515,6.473108384241842,2.7053446478648366,48.36604816873228,-105.77452963453354
502728500,0.5285722523444789,-0.5068249350268937,6.47098967249238,2.706244821931622,48.395400235141295,-105.78342615411948
502739000,0.528715345857947,-0.5070324049793922,6.477885836650255,2.703317072048847,48.35004635194755,-105.81006636518238
502749500,0.5292347288356166,-0.5066848367586865,6.481649655754704,2.701721843846226,48.41450785738791,-105.9235714755921
502760000,0.528792162509324,-0.5069452617735782,6.477749827341504,2.7033747527418504,48.367016312790355,-105.82738415415275
502770500,0.5285548868297222,-0.5068420963400303,6.470971347361552,2.7062526103382094,48.39208979534999,-105.77955240600782
502781000,0.529043054208083,-0.5064340088408608,6.472930220633262,2.705420320737243,48.46973157711722,-105.8874305977777
502791500,0.5289952161237774,-0.5072741619050639,6.48822634686439,2.698938980151098,48.295437133659526,-105.86460519724292
502802000,0.5288998922543179,-0.5068713342710361,6.478494054694309,2.7030591609538206,48.3807683493591,-105.85094441703919
502812500,0.5281853341963431,-0.5072038235381863,6.470519518031475,2.7064446576701777,48.322416706163054,-105.69723518012401
502823000,0.5289857597799026,-0.5071073455810948,6.48479970379315,2.7003882097819947,48.330307042382366,-105.86520902454222
502833500,0.5280067509721094,-0.5069223020513461,6.461495083776557,2.710286202396986,48.38360954439927,-105.66432027806529
502844000,0.5283612799571462,-0.5070009732024915,6.470141581054197,2.7066053186086574,48.36194732818907,-105.73687210615962
502854500,0.5285436309920399,-0.5071399330076887,6.476502567502352,2.703903823534916,48.33028473681533,-105.77270197661393
502865000,0.5282418807733493,-0.5068199673613649,6.4642458186682,2.7091140981072477,48.40139169444698,-105.71474680424564
502875500,0.5281543079347504,-0.5069246234762191,6.464504267280452,2.709004024156064,48.380929532717985,-105.69496871387554
502886000,0.5285063343184195,-0.5066851801837001,6.466964680406659,2.707956579018499,48.425487734866365,-105.77180483542095
502896500,0.5283006822460616,-0.5067113804592938,6.463333951887396,2.70950253663982,48.42310974803412,-105.72860280357392
502907000,0.5284979478890299,-0.5068027500253458,6.469064908157723,2.707063117490261,48.40113759444957,-105.76829287426384
502917500,0.5276566960750909,-0.5067610226124041,6.45137059393433,2.714609128479968,48.42229812181329,-105.59392719157113
502928000,0.5279909345036878,-0.5065029108523587,6.45310323543957,2.713868344379299,48.471079939937866,-105.66722605615615
502938500,0.5279280155035279,-0.5073440218786567,6.468052440841515,2.7074937587571997,48.29715106049063,-105.64166821175948
502949000,0.5279087808105579,-0.5072425496700133,6.465705815749359,2.7084923998551607,48.318515059076496,-105.63919054449316
502959500,0.5277017027981588,-0.5066198411052181,6.449557630439058,2.7153846905473285,48.450991623140304,-105.60534735836869
502970000,0.5272809000920771,-0.5068205447312436,6.444997917625264,2.7173372522893624,48.415400757128346,-105.51498137347728
502980500,0.5285374911579888,-0.5074463600074107,6.482313712275299,2.7014405921641553,48.26665990163018,-105.76675333028098
502991000,0.5274696790724566,-0.5066706881657828,6.445892984866809,2.7169537430162394,48.44379831098595,-105.55637347879107
503001500,0.5270793951146673,-0.5068276371501588,6.441110371368047,2.7190042157540755,48.41683627015231,-105.47303726529245
503012000,0.5273976383688888,-0.5079154563367843,6.468441570136333,2.7073282307704796,48.186541173113525,-105.52309068865529
503022500,0.5265776731257981,-0.5073615827816326,6.44135418552387,2.7188996086708164,48.313312931898096,-105.36131319993282
503033000,0.5284694104948268,-0.5076300558738205,6.484501508448752,2.700514399701515,48.22952896566755,-105.7497909724769
503043500,0.5280710326458744,-0.5068201784186962,6.46081741258183,2.710575119061629,48.40389132735729,-105.6792043074599
503054000,0.52707285088924,-0.5071067886010504,6.446340932925323,2.716761851778398,48.358995624375744,-105.46764865347234
503064500,0.5281471864658276,-0.5068099772038465,6.462150291567871,2.7100069217544593,48.404881276537424,-105.69519605693162
503075000,0.5278195394780145,-0.5061215203439788,6.44235082150187,2.718472092012582,48.55296879360682,-105.63710820454526
503085500,0.5270756070626383,-0.5065667831470057,6.436033325036569,2.7211843391134267,48.4710612294178,-105.47599038027383
503096000,0.5249769702989415,-0.5061595014532542,6.386751677796,2.7425308776902786,48.58433737237667,-105.0462734131107
503106500,0.525725460581757,-0.5053249490474712,6.38567255900023,2.7430020810025493,48.74760916849538,-105.21254342018369
503117000,0.5276736872074481,-0.5078779582519426,6.473265402376353,2.7052779598185657,48.190172289315065,-105.58087252828187
503127500,0.5195657095889665,-0.5058945381022398,6.277340602430929,2.791151541226979,48.703205449693115,-103.93390631518551
503138000,0.5279738005641071,-0.5037365968991897,6.4000265401157534,2.7367476604456122,49.04878728637042,-105.70281711959142
503148500,0.5281725580431652,-0.5041702948972078,6.412181647426093,2.731473791925872,48.955266962034074,-105.7384579391312
503159000,0.5260213420271732,-0.5048052042557856,6.381675670079994,2.744748768223002,48.85180657384018,-105.28091417023595
503169500,0.5259638263987914,-0.509506987750915,6.470516686281088,2.7064458613752462,47.879139315304194,-105.20316425924683
503180000,0.5301861815882658,-0.5038138025448314,6.445633108442449,2.717065080969597,49.00126024233494,-106.16588832580713
503190500,0.5301919423686345,-0.5106731440396964,6.579551922175564,2.660884179143823,47.57041508861001,-106.05733518017928
503201000,0.5255044164704213,-0.5056760692505213,6.387966184975988,2.7420007514745226,48.67761156207234,-105.16200459983416
503211500,0.5246120409438081,-0.5037770349707904,6.334876718540534,2.765368617210235,49.08353670746409,-105.00057770921697
503222000,0.5246598634606469,-0.5041004716848222,6.3418382604090615,2.7622815693488088,49.01567721195749,-105.00659580344008
503232500,0.5230807508999705,-0.5067766707122123,6.361342272287562,2.753669546139929,48.4811684145918,-104.6465596663887
503243000,0.523643925713168,-0.5058118211400986,6.354139978525809,2.756843415540175,48.67333162720436,-104.77485280950643
503253500,0.5242521295072734,-0.5076203065727735,6.4002475026781855,2.736651605781085,48.29208775048163,-104.87710573649377
503264000,0.5237209449647261,-0.5036865924055717,6.315956477330462,2.773793931030379,49.11290432587918,-104.81636871397637
503274500,0.5253431872775447,-0.5049506542697542,6.371110205237577,2.7493768197162383,48.830368200575656,-105.13798126770355
503285000,0.526600882650807,-0.5056269328111024,6.408668171808407,2.7329961148817934,48.67305912221422,-105.39047160548913
503295500,0.5297277486776923,-0.5092952657380792,6.542680228020716,2.676117449569209,47.863766434880745,-105.98446494012315
503306000,0.531637015863397,-0.5065517383551649,6.527982665090434,2.6822387574087534,48.40415422169014,-106.42770046026635
503316500,0.5210567956100972,-0.5030617998451686,6.253551160320158,2.8019542531949595,49.271529376949175,-104.27063957482352
503327000,0.5250447865076633,-0.5037998262136097,6.343709911553335,2.7614527836673455,49.07352177405277,-105.09037828035845
503337500,0.5183699871887913,-0.5049649285217851,6.237700459271287,2.809198951611989,48.9060563996002,-103.69804283723708
503348000,0.5275441697863356,-0.5022238984385718,6.363121427573824,2.752886651915783,49.37163377793507,-105.6327515052458
503358500,0.5231567775472821,-0.5053954374613365,6.336882994897511,2.764478234297416,48.76538212885252,-104.67921353752058
503369000,0.5288548922915878,-0.508641203624957,6.512012184772467,2.688922295107777,48.01360386293451,-105.81401913084667
503379500,0.5253617070254378,-0.5007802757189288,6.293949098991694,2.783659339674605,49.70085838512017,-105.19215177227643
503390000,0.5249846176660468,-0.5072293596998223,6.407228372797326,2.733620447045968,48.36291016856641,-105.03355848787395
503400500,0.5222814863959785,-0.5095702356952193,6.398767567541505,2.7372950783263104,47.917857608146925,-104.44649800931289
503411000,0.5236760750046212,-0.5031540346639893,6.305229675088191,2.7785936882869695,49.224132685625776,-104.81317455824204
503421500,0.5309051409155731,-0.5021824194938904,6.429020430862186,2.7242015339269745,49.33459067006123,-106.34114639305507
503432000,0.5259103735161066,-0.509513321695084,6.469568491774995,2.706848975442889,47.87862940012984,-105.19206243445731
503442500,0.5267382550208566,-0.5018644938335713,6.340651251799292,2.762807448547655,49.45719586098681,-105.46813848450864
503453000,0.5190538720144644,-0.49915240949260337,6.145870673002958,2.851925695463718,50.10069927505588,-103.8900249479529
503463500,0.5293542175237873,-0.507390024346568,6.4977520849357955,2.694918486956114,48.26573323778859,-105.93753229367326
503474000,0.5207886256467416,-0.5064241974939822,6.310480399974667,2.776242135841221,48.5810518557897,-104.17914253716935
503484500,0.5233144828315394,-0.5051072240546177,6.334548698096932,2.7655142472843677,48.8231103795144,-104.71530004256283
503495000,0.526011449472307,-0.5019158082061129,6.327456797737705,2.768666599847629,49.45527532843707,-105.31514915552268
503505500,0.524791743701747,-0.5027840669244165,6.319906029208229,2.7720308952499546,49.28826914956524,-105.04985782396223
503516000,0.5254865714374894,-0.5068522714997862,6.40995170306544,2.7324397866128596,48.43406304198163,-105.14250059671181
503526500,0.524144499469747,-0.5094962845793285,6.434054280757407,2.7220351112239314,47.90763386663289,-104.82925096256459
503537000,0.5259429076717395,-0.5109931826961465,6.499083417005105,2.6943575380107667,47.57389957484482,-105.17635596789864
503547500,0.5222866621464728,-0.5019007938750142,6.255665698699973,2.8009906337532127,49.49988960929342,-104.53774183858474
503558000,0.5269419529288185,-0.5104674085917952,6.508964382533992,2.6902015964489365,47.66644164114962,-105.38988963322218
503568500,0.5205557757286008,-0.5099688990640391,6.372713000967463,2.7486737255246787,47.85873288808059,-104.08908429458239
503579000,0.5242786034161018,-0.5089177633943199,6.425583455896391,2.7256827064289366,48.02460751223518,-104.86487337118294
503589500,0.5269954409206891,-0.5031147694165388,6.3690235816133445,2.750292697046901,49.19195509354815,-105.50625074735981
503600000,0.528948805018592,-0.5058628616348018,6.4600258788942275,2.7109126582131897,48.59031835058477,-105.87634868919369
503610500,0.52722530462319,-0.5062243049402375,6.432460199580497,2.7227207814845706,48.54010602479547,-105.51198524147199
503621000,0.5251694745665398,-0.5051730669596585,6.3718965035432475,2.749031850989729,48.78640135615315,-105.09903360033437
503631500,0.5274071992544617,-0.5092581506375605,6.494718868851284,2.696197394433138,47.908582284871116,-105.5046616606963
503642000,0.5285392977014454,-0.5071681492467676,6.476961211781799,2.703709248554234,48.32448143895461,-105.77137189573061
503652500,0.5244247254813743,-0.5081746913342796,6.414230076676403,2.7305870348163603,48.17550776216584,-104.90517700720135
503663000,0.5223611686863671,-0.5036279157149701,6.2887561807833405,2.785997536435267,49.14045831118367,-104.53484748082123
503673500,0.5281474192387083,-0.5090724257421737,6.5060762124167715,2.6914150257394818,47.935446186933106,-105.66061772108061
503684000,0.5267980686154652,-0.5036468338079239,6.375133103705949,2.7476127922337295,49.08323886198613,-105.45806393955999
503694500,0.5297384594581253,-0.5061804890602776,6.4820813413772465,2.7015390028346187,48.51202552169647,-106.03645196975367
503705000,0.5253759367741294,-0.5025693367906893,6.327240607176511,2.7687628104751694,49.32616568254772,-105.17436657922742
503715500,0.5234296043680315,-0.5010560405167845,6.261992112570603,2.798111602238084,49.66411939800039,-104.78474849645974
503726000,0.5262427629080527,-0.49685087936711403,6.239423951367546,2.8084093842435367,50.51994189426062,-105.41985982242954
503736500,0.5308655256243938,-0.5028327574820173,6.4405812099198405,2.7192312773985368,49.19787722993382,-106.32333556445168
503747000,0.5253696070911117,-0.4998440371931172,6.276965887096636,2.791321047018907,49.89735636027385,-105.20417287652317
503757500,0.527155620746606,-0.5036288926213731,6.38183194188453,2.744680433482964,49.08229878879214,-105.5330476724097
503768000,0.5209939942653028,-0.5055163185112057,6.297536449607944,2.7820463864639384,48.765448185599155,-104.23156529387285
503778500,0.5255267177293776,-0.5027866415446536,6.334204448359782,2.7656670992559764,49.27895353551753,-105.20325061363565
503789000,0.5247582736821529,-0.502817981290491,6.319887153833905,2.7720393156308902,49.28158896020691,-105.04247707175465
503799500,0.5245711667096036,-0.5054089370193595,6.364636538536506,2.7522203007896806,48.745108480154336,-104.97188394615664
503810000,0.5236415133278274,-0.5062799924986824,6.36290129680661,2.7529834932718575,48.57660852669895,-104.76850108013018
503820500,0.5247711760603437,-0.5053899736709698,6.368187924085804,2.7506596630240616,48.746494962809244,-105.01359760891025
503831000,0.5257064479134403,-0.5042328990479154,6.364729301574293,2.7521795138469045,48.975044918388335,-105.22275416362513
503841500,0.5223241428257843,-0.5035443781859729,6.286508695727268,2.787010732306985,49.158180236724434,-104.52808836671767
503852000,0.5239851752433007,-0.5030544588932833,6.309340055283067,2.7767525012477305,49.24131186493264,-104.87863369715494
503862500,0.524751787022917,-0.5050917806785788,6.3621994704751295,2.753292291142477,48.808604329337435,-105.0133646888153
503873000,0.5212124838404223,-0.5034876113292241,6.264294791334422,2.797065177869241,49.18180249242029,-104.29847717163926
503883500,0.5232953950776195,-0.5061821125627437,6.354322767073492,2.7567627739911686,48.60114589884039,-104.69824670627834
503894000,0.5221017194545441,-0.5053237727866897,6.315192489339739,2.7741352278110614,48.79261279899984,-104.46209550297134
503904500,0.5232539457758567,-0.5051326769393002,6.333852698106041,2.76582329916873,48.81856841708524,-104.70246697073509
503915000,0.5233978359693129,-0.5064383071695299,6.361137437039839,2.753759710060551,48.546982883528415,-104.71619928478823
503925500,0.522948730905475,-0.5057139592712864,6.338815277418467,2.7636212361857564,48.70206195482337,-104.63238182796482
503936000,0.5232618183711675,-0.5046513705715469,6.3250280841336375,2.7697478306460663,48.918125711291026,-104.7098169146361
503946500,0.5223425328093773,-0.504918248928023,6.312281385604022,2.7754364834450524,48.87360027378487,-104.51649674624582
503957000,0.5227898181444015,-0.5046212755341261,6.315367495443041,2.774057039758282,48.92987040996522,-104.61243136218043
503967500,0.5227152305613257,-0.5040071828713428,6.302545314428273,2.779797439702289,49.05790866266257,-104.60400306699975
503978000,0.522760734247253,-0.5041339912721285,6.305767106845613,2.7783528133618507,49.03111624543683,-104.61199544048378
503988500,0.522567433960801,-0.5041595652078694,6.302529480221286,2.779804543377398,49.02800782268835,-104.57166292922912
503999000,0.5225420283354373,-0.5039517418967411,6.298197450246375,2.7817493914253983,49.07134460372455,-104.56873619899582
504009500,0.5225927851794735,-0.504335503354295,6.306275208237963,2.778125122927564,48.99128823502062,-104.574919753711
504020000,0.5226629244506084,-0.5048122278845346,6.316474087644005,2.773562746809455,48.89182764768832,-104.58396464792808
504030500,0.5230196684906943,-0.5046801854957484,6.320891670201378,2.7715912684817505,48.91500186031742,-104.65932909479596
504041000,0.5219497361426537,-0.5040612289181359,6.288883972537966,2.7859399485523193,49.05523807641,-104.44488542416788
504051500,0.5225884874417415,-0.5046230905180342,6.311527619582919,2.7757736155335717,48.9318143127247,-104.5707457315481
504062000,0.5221487681866859,-0.5042467617743832,6.296117952014842,2.7826839493750066,49.01464987702765,-104.48401771248592
504072500,0.5226349887928264,-0.5040280737999582,6.301392035884659,2.78031492902755,49.05448492160393,-104.58713995403265
504083000,0.5226683197901736,-0.5043608749532563,6.308196692746426,2.7772644073287966,48.98517484752049,-104.59027016926822
504093500,0.5221453548525923,-0.5042632628844073,6.296357712680747,2.7825761650074883,49.01127372107438,-104.48312777942866
504104000,0.521908573518471,-0.5042553124689311,6.29168049106922,2.784680330594928,49.0155417580391,-104.43423617932103
504114500,0.5218598965966739,-0.5043368427654471,6.292256076779986,2.784421215744733,48.99921942830184,-104.42327135357819
504125000,0.5219411847425753,-0.5039129705962757,6.2859860649518895,2.7872464476694687,49.08601340683199,-104.4447372725309
504135500,0.5223816728535748,-0.5035240129345502,6.28723309871942,2.786684080729943,49.16177242416762,-104.54023797418515
504146000,0.5220971272117575,-0.5040022349356902,6.290612501704519,2.785161242605449,49.06582753767317,-104.47603755431807
504156500,0.5218942112730707,-0.503651699581721,6.280277233710784,2.7898238487696494,49.14061390679946,-104.4378459099847
504167000,0.5222070444052461,-0.5034899239950441,6.283268922989277,2.788472573171158,49.17074426347452,-104.50440908990453
504177500,0.5222023539979291,-0.5036732054363071,6.286555264008821,2.786989731171553,49.13281341296969,-104.5014397065769
504188000,0.5217356807264263,-0.5038220452705823,6.280389987120025,2.7897728967571807,49.10705956718068,-104.40319179095697
504198500,0.5216621183731894,-0.5039117193271131,6.280638699097775,2.789660513215244,49.0892982713643,-104.38700461904133
504209000,0.5219287606193318,-0.5033615917340695,6.275601229079901,2.7919385376836403,49.200339770770476,-104.44811738155086
504219500,0.521512824848014,-0.5037159265918014,6.274193204843685,2.7925759399088697,49.131404068702004,-104.35821407115355
504230000,0.5212029038621001,-0.5036767518042662,6.267582087029213,2.7955726734916215,49.142779690942724,-104.29451983392524
504240500,0.5216717793979624,-0.5030376349388948,6.264769582513091,2.7968495129499873,49.27019476791498,-104.39828102369479
504251000,0.5216897499951673,-0.5030421508264504,6.265193689436186,2.796656898757858,49.26907095701134,-104.40195869575022
504261500,0.5215022316141288,-0.5031353790523897,6.263340230523671,2.797498870613599,49.25170799015149,-104.362128771626
504272000,0.521281547190697,-0.5034800810211485,6.26546759786408,2.7965325135701473,49.1826405280249,-104.31284525569262
504282500,0.5214239551246533,-0.5037241875727938,6.27265428384161,2.793272933967184,49.130638574421475,-104.33974059959272
504293000,0.5213565050989108,-0.5034240190187093,6.265862846927197,2.7963530457760397,49.19345943656214,-104.32894323622361
504303500,0.5214677755657512,-0.5029736605671747,6.259726247999874,2.799142068021342,49.2855719953948,-104.35666615152073
504314000,0.5210440089131786,-0.5026304361105374,6.245437941178144,2.8056577543689976,49.361001178567676,-104.27234293789223
504324500,0.5203988125779268,-0.5026036629721515,6.2327870532248,2.811452344688172,49.37290103107588,-104.13899166274072
504335000,0.5208209392865212,-0.503073516406896,6.249304505618685,2.8038915241830473,49.27149224163015,-104.22170494386127
504345500,0.5213925177864039,-0.5024898841465512,6.249464673676985,2.803818408476493,49.386635914211645,-104.34600590711153
504356000,0.5213602410409209,-0.5032344667701801,6.262460172758025,2.7978988340333864,49.23266136480219,-104.33169099178708
504366500,0.5216195545226373,-0.5026835696249043,6.257300647083986,2.8002460271455067,49.34414890816441,-104.39112189184846
504377000,0.5213251903054854,-0.5022242096328497,6.243351815828284,2.806611620034369,49.44242821109393,-104.33470469056181
504387500,0.5209280929504604,-0.502493152301741,6.240749419804978,2.8078024642270902,49.390602333395755,-104.249688493031
504398000,0.5209465336081301,-0.5024337864540801,6.240017047888583,2.8081377779937022,49.402723322300254,-104.25409722808806
504408500,0.5209333696135472,-0.5030124080925219,6.250314220990648,2.80343065979161,49.28300519124772,-104.24558997905129
504419000,0.5211815069648609,-0.5031112280785514,6.256816099855253,2.800466663463626,49.26002229874109,-104.29595440491717
504429500,0.5210675142612398,-0.5035330564205288,6.262377628556776,2.7979363541483475,49.173907963979794,-104.26801789659747
504440000,0.5208079088951533,-0.5029439572189416,6.246694168607459,2.8050836689245195,49.298435612354226,-104.22030972460384
504450500,0.5208968937473645,-0.5029102642693247,6.247760631128756,2.8045964904072185,49.30451760423944,-104.23906783261675
504461000,0.5211191052754657,-0.5026068999363539,6.246427902982416,2.805205330299743,49.36512665137902,-104.28814099330606
504471500,0.5210203140905113,-0.5023365285948932,6.239639641268786,2.8083106037585215,49.42215601504251,-104.27035255823769
504482000,0.5209223815672396,-0.5025282911524488,6.241281223528102,2.807559030481624,49.383377416505795,-104.24815708456046
504492500,0.5197769303402042,-0.5021717855978864,6.213292011387149,2.82042924292228,49.46816928532679,-104.01438692970648
504503000,0.5186983158093388,-0.5009133053964759,6.170616737381284,2.840283256498715,49.73811499861367,-103.80214842169212
504513500,0.5188450713155995,-0.5014489685073492,6.182919684323272,2.8345306287480367,49.626014475076836,-103.82801716615813
504524000,0.5196642765356005,-0.5017189340911412,6.2030141146364075,2.8251852350827638,49.562939677299006,-103.99520487377893
504534500,0.520071781596039,-0.5022476172118414,6.220186449042045,2.8172479537131028,49.449723424091935,-104.074702646646
504545000,0.5207582867577275,-0.5021674120688856,6.231629139151329,2.8119839198948773,49.459781117452444,-104.21768286985451
504555500,0.5206695978487786,-0.5026633821471924,6.23897253970894,2.8086161419817786,49.35789230321986,-104.19446370188004
504566000,0.5207510514967271,-0.5031935185919905,6.2501747844400315,2.8034942937224727,49.247370223097214,-104.20603652763396
504576500,0.5208029575379949,-0.5029377456858066,6.2464873561763525,2.805178164182775,49.2997708533674,-104.21934710515157
504587000,0.5204343320051907,-0.5025932810847924,6.233266730651488,2.811232193751125,49.37470515130324,-104.14644427667392
504597500,0.5202365768063593,-0.5020997306684559,6.22059941441328,2.817057629556629,49.47879369076778,-104.1102199639705
504608000,0.520168337822104,-0.5022353889982478,6.221775878782761,2.816515572312137,49.45134423358836,-104.09480760574914
504618500,0.5204038498976392,-0.5023191474872774,6.227716227965982,2.8137817605423066,49.431757658638006,-104.14277873078936
504629000,0.5205472880248415,-0.502022804996378,6.225038956343654,2.8150132064078353,49.49178696098597,-104.17533307610972
504639500,0.5204326263777823,-0.5025437125503045,6.23233398691208,2.811660314231703,49.38498244811299,-104.14657209471945
504650000,0.5199189676433085,-0.5029678422597751,6.230383780540218,2.812555865502966,49.30222679022785,-104.0362425799045
504660500,0.5202460217548374,-0.5026620791675778,6.2309747199459125,2.812284440364314,49.3622915293754,-104.10680956456342
504671000,0.52085641728782,-0.5022861156452575,6.235632959918756,2.8101467068477937,49.43421823437994,-104.23686978433557
504681500,0.5205047817445492,-0.5018137281431478,6.220455379098272,2.8171240084472826,49.53553829529627,-104.16850398722381
504692000,0.5202784224744942,-0.5011085815346772,6.203491758372681,2.8249638518182616,49.6839380183579,-104.12805911260918
504702500,0.5201213892176882,-0.500918343781814,6.197138902917631,2.8279112051514828,49.724844118995954,-104.09716671587131
504713000,0.5200100579408699,-0.5010001725972958,6.196532565912009,2.8281928344274823,49.70884917772805,-104.07332793937088
504723500,0.519899564833708,-0.5014712048342927,6.202943682692803,2.8252178825705974,49.61214126493408,-104.04618874996065
504734000,0.5197927890245814,-0.5015095317912676,6.2016407220075225,2.825821984385475,49.60516025157997,-104.02371338884599
504744500,0.5197556216659164,-0.5016610573273342,6.203676293193518,2.8248783310818077,49.57410169965489,-104.01464628143712
504755000,0.5197748932226561,-0.5017690136134414,6.205982159629642,2.823810141616786,49.55156676859592,-104.01765912732921
504765500,0.5194440579636677,-0.5015352319222153,6.195601791401516,2.828625267419302,49.60294860043797,-103.95124387553687
504776000,0.5193073681434041,-0.5017802768550965,6.19746426047793,2.827760107544334,49.5534377489019,-103.9207764899198
504786500,0.5192040617308271,-0.5018035664686418,6.195959605898977,2.828459012882856,49.549535517879285,-103.89919711676454
504797000,0.5186542365829404,-0.5018543312325368,6.186652148936416,2.8327900431620194,49.54384377740748,-103.78508121186553
504807500,0.5196481562597538,-0.5017856246339136,6.203915100629929,2.824767666021729,49.54927611204265,-103.9912646254927
504818000,0.5197142335844267,-0.5018939903127412,6.20710317879838,2.8232911253722524,49.526240946041106,-104.00396118758728
504828500,0.5202960384299447,-0.5014727405296708,6.21038297035115,2.8217737323081638,49.60820707759645,-104.12838872324903
504839000,0.5192909953032969,-0.5015942969723783,6.193814090145958,2.8294561984023665,49.59207146124054,-103.91903330403002
504849500,0.5190245466108083,-0.5013376044038015,6.184253384087671,2.8339084277523297,49.6475225176882,-103.86611181874147
504860000,0.5186739922554645,-0.5018726742193426,6.187348240218422,2.8324656687575995,49.539883167776054,-103.78900485968981
504870500,0.5189906721792328,-0.5019646588448792,6.194886893442781,2.828957495881852,49.51810906915968,-103.853648523012
504881000,0.5189009720313431,-0.5018998960214153,6.192053786797627,2.8302748760963143,49.53228372280934,-103.83567612301754
504891500,0.5192939700741662,-0.5021703721502693,6.2042436193850765,2.8246154423923553,49.47287694084072,-103.91451016320073
504902000,0.5190752329585588,-0.5018719085036925,6.194791421686378,2.829001869620378,49.53653896954653,-103.87194879941357
504912500,0.5192095253424638,-0.5015959500730032,6.192327929110626,2.83014734722274,49.59244526561845,-103.90215662796602
504923000,0.5190754749908377,-0.5018111678766146,6.193703354535278,2.829507684973465,49.54909767857485,-103.87253377481036
504933500,0.5192712882775714,-0.5018765917298514,6.198526019751159,2.8272671347522826,49.53383268241277,-103.91245517555387
504944000,0.5189343533217218,-0.5011146865410224,6.17858716957249,2.836553747950842,49.69444221378025,-103.84933845266062
504954500,0.5188650441804791,-0.5014065130761072,6.182529101422451,2.834712896657576,49.63462752759411,-103.83251220056286
504965000,0.5185207360757854,-0.5011385092602506,6.171356187970928,2.839936837932069,49.692973181927265,-103.76352982872577
504975500,0.5184024979664272,-0.5015630323647471,6.1767629951937115,2.8374064397300907,49.60617974158887,-103.73554128189117
504986000,0.5180168198100072,-0.5009488846564958,6.158673478061446,2.8458902807089252,49.7362915945732,-103.66084562200216
504996500,0.5185087799581765,-0.5012571161114969,6.173255296398978,2.839047532200147,49.66853730572055,-103.7600718297148
505007000,0.5183116863595546,-0.5012486399013905,6.169460317122131,2.840825188415516,49.6719216393982,-103.719383973677
505017500,0.5183635572616714,-0.5018639201231084,6.181434367182294,2.8352238871668116,49.544351492417384,-103.7249552423072
505028000,0.5183878146628101,-0.5013220020389044,6.1721785060777385,2.8395516976133237,49.65612441483351,-103.73451778863165
505038500,0.518705992741536,-0.5012326604359103,6.176467772138976,2.8375444873750757,49.67194742362356,-103.80107506957212
505049000,0.518636382070852,-0.5010054463329363,6.1711171872777175,2.8400487958957528,49.7195518495456,-103.78856382506167
505059500,0.519129632739252,-0.5009564606520658,6.179375853005099,2.8361852459697423,49.725562910224404,-103.89112832347088
505070000,0.519045853163653,-0.5004176502017826,6.168199045418128,2.841416494674134,49.83796701165769,-103.87826195393389
505080500,0.5185909886940443,-0.4999897062179447,6.1521909357316815,2.8489430138419203,49.9303922942208,-103.78735402125052
505091000,0.5190139401149745,-0.5007244771353326,6.173084432290956,2.8391275206521724,49.774612384189446,-103.86910304509873
505101500,0.5184163249999564,-0.5007639535003636,6.162743327965129,2.843977093642707,49.77134306526162,-103.74498720164667
505112000,0.518735099427922,-0.5010023063254506,6.1728872063673075,2.839219855798386,49.719382309988035,-103.80902588837557
505122500,0.5178305440355679,-0.5011127508014568,6.158162382866508,2.8461307239235962,49.703905448677126,-103.62103552391035
505133000,0.5177704669138941,-0.5012113596846324,6.158813449017209,2.845824438938581,49.68401223372909,-103.60783793299038
505143500,0.5172986559743096,-0.501650206906437,6.157955613559411,2.8462280095761274,49.59720222450846,-103.50697739214867
505154000,0.5177377395094507,-0.5010250586676812,6.154892951789568,2.847669788401759,49.7227608548073,-103.60255446271249
505164500,0.5164874734313722,-0.5013921428945276,6.138490515324358,2.8554165516525947,49.656638138798094,-103.34180110013007
505175000,0.5176441156091138,-0.5002135281941225,6.138766843244516,2.8552856916145397,49.89130057906748,-103.58944819684888
505185500,0.5178895870656635,-0.5006616810210176,6.151222156586721,2.84939979510824,49.79669400214626,-103.63680028263526
505196000,0.518108550120845,-0.5006384157331649,6.154836405276027,2.8476964220980054,49.79978740968697,-103.68228668888362
505206500,0.518067020642439,-0.5005726704407062,6.152903168689734,2.8486072888432195,49.81372094408396,-103.67420985840792
505217000,0.5176209352352545,-0.5003230391940023,6.1402816464898775,2.854568544352463,49.8688148573634,-103.58382570874578
505227500,0.5177396257700947,-0.5009450488461081,6.153503806072538,2.848324228655295,49.73927993645035,-103.60357418837354
505238000,0.5179427058845423,-0.500410456383154,6.147736375332825,2.8510445710500107,49.84826409722853,-103.649744575782
505248500,0.517540462195156,-0.5004392624930215,6.140866119177466,2.8542919369473427,49.8453822517813,-103.56630047103938
505259000,0.5174147032120568,-0.5000121591607253,6.131006052307633,2.85896556234119,49.934679908673786,-103.54346767039824
505269500,0.5175474879998565,-0.5001123478467671,6.13520648614032,2.856972689653949,49.91296365929162,-103.57020762276015
505280000,0.5172909887332324,-0.49995757634682686,6.127781221577271,2.8604974701692254,49.94687893814351,-103.51826502308373
505290500,0.51732121076678,-0.5000773575786748,6.130448910747145,2.859230105827722,49.92187494474608,-103.5236440906286
505301000,0.5174228792471233,-0.49989565765290733,6.129097780237068,2.8598718585338623,49.95873342529367,-103.54601292707669
505311500,0.5172963565160174,-0.5002080647687738,6.1323047442352205,2.858349105588668,49.89502058165762,-103.51754249156781
505322000,0.5175874650453658,-0.49982499732454666,6.130859012217121,2.8590353755231024,49.972158792800606,-103.58060867104071
505332500,0.5178281562626068,-0.5000372793635742,6.139019521777196,2.8551660417600426,49.926403303263804,-103.62887732524871
505343000,0.5179887121536303,-0.49992941835926064,6.140054196599611,2.854676201855283,49.947535593371384,-103.66295270570807
505353500,0.5178684978467096,-0.5001196732025592,6.141218213029498,2.854125331199069,49.909034894551034,-103.63660880545295
505364000,0.5175469334247857,-0.4996689789869334,6.127364077732079,2.8606957491456377,50.004770964317245,-103.57335306474278
505374500,0.5175237202302935,-0.5005501098671672,6.1425243444255795,2.8535074599912544,49.822587763033816,-103.56199748485287
505385000,0.517363662263849,-0.5001116755068141,6.131831452211602,2.8585737344713897,49.91446327421602,-103.5321747007559
505395500,0.5172838265633627,-0.5007561168166155,6.141780986514498,2.853859075624951,49.781835228439526,-103.51085604217374
505406000,0.5170267960677417,-0.5004911260913734,6.132383331376128,2.858311810834659,49.83849677719208,-103.4597391169042
505416500,0.5173576263773925,-0.5001186773070885,6.1318448463178425,2.85856737701174,49.91305913554851,-103.53087443508888
505427000,0.5168399366513979,-0.5004750914975599,6.128686889484478,2.8600670788591676,49.84317608270553,-103.42126031502355
505437500,0.5171210851606141,-0.4998358043835851,6.122531952634617,2.8629946030875635,49.97330004192356,-103.4839859594146
505448000,0.5167983196137674,-0.5005604100783676,6.129435510863144,2.8597114178097978,49.8258615630767,-103.41204558829126
505458500,0.5173766815937606,-0.5002940087110191,6.135294257086366,2.8569310771123253,49.876651421392026,-103.5335186067034
505469000,0.5169820464689089,-0.49958035846041493,6.11550009276371,2.8663466354559075,50.02714414995826,-103.45701679387192
505479500,0.5165437706204146,-0.49923332934088466,6.101444693717879,2.8730705279843893,50.101951012723546,-103.36867588143718
505490000,0.5164448991232088,-0.4991041747140356,6.097391131029298,2.8750156099195583,50.129332908005,-103.34906606320813
505500500,0.5167055011750868,-0.49909653643446605,6.101980777408598,2.872813489710349,50.129192275099896,-103.40306620909328
505511000,0.5160945951246285,-0.49949096151301303,6.097821455881025,2.874808994592297,50.051636607293105,-103.27408552669152
505521500,0.5160067005531797,-0.49936880748149115,6.0940925825063665,2.8766003643953395,50.077453505536994,-103.25671588834784
505532000,0.5154614351187911,-0.49887826771245924,6.075696879172827,2.8854708294461897,50.18224025717773,-103.14708899859639
505542500,0.5146220537489148,-0.4984552544102514,6.053306411195109,2.8963423628422094,50.27446680415264,-102.97611427911978
505553000,0.5149415958807361,-0.49842517036518275,6.058500010794435,2.893813289136345,50.278906823298755,-103.0422950988552
505563500,0.5154418748301504,-0.49913241950703335,6.079772607130621,2.883500743146027,50.12984866093699,-103.14150363176351
505574000,0.5156968129760698,-0.499551768621305,6.091693733974315,2.877753974798412,50.041652527487386,-103.19152505068067
505584500,0.5155558098427236,-0.4994175301154135,6.086801759395153,2.8801094298548486,50.07026328299493,-103.1632636786651
505595000,0.5151347123125508,-0.49950321985045204,6.080711242843397,2.883047418962694,50.05519501628061,-103.07583022031783
505605500,0.5147466953653419,-0.4995914478446848,6.075273919910032,2.885675431044353,50.03935993026593,-102.99529790249568
505616000,0.5156936328549268,-0.499361175708149,6.088303626708132,2.879385876346092,50.08103214369751,-103.19208102087873
505626500,0.5160616339108999,-0.49920455328896324,6.092212522805934,2.8775044092297635,50.11105423966711,-103.26913014745125
505637000,0.5158700911815324,-0.4995042917297856,6.093993896017669,2.8766478044893833,50.050342972380044,-103.2276147237166
505647500,0.5155885664895449,-0.4990675081658559,6.081282646882352,2.882771523683922,50.142358157835034,-103.17220794212471
505658000,0.5155571152936338,-0.49901910153411627,6.079872230334999,2.883452622226847,50.15255424487554,-103.16600617618248
505668500,0.515235543374428,-0.49946727058005386,6.081898904201421,2.8824740312810686,50.06199093329546,-103.09685212515805
505679000,0.5153875101556338,-0.49913212249498584,6.078788821542458,2.8839760273848167,50.13024216627764,-103.13027696508945
505689500,0.5153685927497952,-0.49918479746566524,6.079366576484933,2.8836968845804263,50.11947953238264,-103.12604871466287
505700000,0.5159265602217625,-0.4987463621418859,6.081775368770502,2.882533661878382,50.20667823218213,-103.2440785297351
505710500,0.5160308150347406,-0.49908650688735534,6.089592325406071,2.8787653133185898,50.13566175871041,-103.2635117989918
505721000,0.5159726623560262,-0.49867870752073895,6.081427549180198,2.882701567895303,50.220393882306944,-103.25403670734265
505731500,0.5159026732337397,-0.49852498556121866,6.077489395637419,2.884604045456606,50.25264048351167,-103.24049191382562
505742000,0.5160085010046429,-0.49867251610575836,6.081965858679956,2.8824417133703637,50.22145387182532,-103.26149255468589
505752500,0.5157101216965673,-0.498761790796974,6.0781444407897895,2.884287424848852,50.20481442094182,-103.19920965961913
505763000,0.5151925623474598,-0.4987246776842814,6.068194647976135,2.889104297958241,50.21557633887515,-103.09243861966179
505773500,0.5148249595945102,-0.49896236600730254,6.065730633898151,2.8902996807754584,50.16863093800844,-103.01514490681423
505784000,0.5146312929682891,-0.49882406691380615,6.059861437782383,2.893151066274386,50.198278119815676,-102.97596830077806
505794500,0.5149345893007936,-0.4989214421353282,6.0669852040765635,2.889690918448255,50.17644219514734,-103.03801076218652
505805000,0.5148620953275259,-0.4992655531164452,6.071669092755408,2.887420413059514,50.10586035012913,-103.02103228080458
505815500,0.5152848987358873,-0.4991252322236462,6.076822561304413,2.8849264365111287,50.132288341618406,-103.10912851952381
505826000,0.5148326602066111,-0.49914850564674496,6.069104309052299,2.8886632404575914,50.13017830439977,-103.01565000658834
505836500,0.5154199144937293,-0.4990787738360406,6.078442234075337,2.8841435075947546,50.14106371060941,-103.13729511833398
505847000,0.5150048664854182,-0.4990034852772889,6.069672170696061,2.8883879764346254,50.15909464569534,-103.05203878693587
505857500,0.5158975639694463,-0.49906062581375776,6.086734279966667,2.8801419479838373,50.14185675735174,-103.2361210847561
505868000,0.5153890100395457,-0.4983900252476582,6.0659093776834325,2.890212932084753,50.28361888240264,-103.13500185129053
505878500,0.5151781430523695,-0.49830505919094953,6.06065487830312,2.892765263429679,50.30240223834293,-103.09187543450784
505889000,0.5149323982327545,-0.4981375652360823,6.05335692470382,2.896317743313834,50.33841179237262,-103.04199243117334
505899500,0.5151610130958215,-0.49797327062431085,6.0546042209697415,2.895709963737204,50.37113744936205,-103.09019064471259
505910000,0.5148754697500304,-0.49936742144140356,6.073683005833124,2.886445279411201,50.084771455973446,-103.02318504028025
505920500,0.5152642767777658,-0.49903000133228487,6.074793153370141,2.885908031798417,50.15207854056768,-103.1054438391722
505931000,0.5153151041220428,-0.4982368194810704,6.061926765881484,2.892147036893257,50.315738320121234,-103.12059407994771
505941500,0.5151536459539569,-0.49752380852514044,6.046709812620271,2.8995610799214013,50.46423527752592,-103.09111028417432
505952000,0.5151903849235383,-0.497702113155652,6.050443464344872,2.897738411069966,50.42710892786594,-103.09775791808231
505962500,0.514776073227941,-0.4977231651982202,6.0434096056251265,2.9011740805210566,50.42496758904837,-103.01188786353987
505973000,0.5151758572639824,-0.4971699956024147,6.041009854052945,2.9023481147113426,50.53743558899871,-103.09758117156409
505983500,0.5144975361210199,-0.4975631650276496,6.035692466053654,2.9049529686671582,50.45950799387555,-102.95509183453453
505994000,0.5144880313669136,-0.49757995068597183,6.035812183281657,2.9048942702959586,50.45608412987966,-102.95304053611545
506004500,0.5142717280202257,-0.4979903543927787,6.039030501971151,2.9033171981868526,50.37235515719313,-102.90622885144683
506015000,0.5147204261691046,-0.49816142925002943,6.049982030288652,2.897963545569695,50.33463504646849,-102.99804049746854
506025500,0.5147442061521741,-0.4982356757073115,6.051690300980664,2.897130253791387,50.319160971894355,-103.00255161692445
506036000,0.5145698729130521,-0.49850350241483804,6.053209148828986,2.896389768253983,50.26479020582815,-102.96507426606773
506046500,0.5148573210048162,-0.49810506223791845,6.051453047442505,2.8972459567745985,50.34554363783103,-103.02664643428699
506057000,0.5143090628479436,-0.4982934508121436,6.044924048104006,2.9004336607309256,50.309564686062124,-102.91235704328854
506067500,0.5139097493026293,-0.4980209795184778,6.03312230678002,2.906213717251211,50.36786931541013,-102.83132508198133
506078000,0.5146887266285297,-0.4975628105135771,6.039089894847199,2.9032881101485906,50.45860282458813,-102.99465004063441
506088500,0.5151600762537046,-0.49763356947758286,6.04871845930918,2.8985802248620507,50.44146741932924,-103.09185260412266
506099000,0.5145019743074707,-0.49749462531606764,6.034592354531557,2.9054924747781574,50.473664482427985,-102.95635702023198
506109500,0.5142209843648322,-0.49804975348725694,6.03915118450673,2.9032580937653223,50.360347359862956,-102.895441453187
506120000,0.5138170152533742,-0.49780976017635925,6.027843914925637,2.908806410607683,50.41193315422353,-102.81322450722715
506130500,0.5142077315126887,-0.49801121059762726,6.038251117124885,2.903698961383924,50.36837608418697,-102.89290242318765
506141000,0.5141329815568755,-0.49767450647003064,6.031127089253096,2.9071931995878875,50.43831711019061,-102.87915829039929
506151500,0.5145301865270128,-0.4974036812274065,6.033530283326427,2.9060135174466595,50.49233991094342,-102.96265271216578
506162000,0.5141122321471927,-0.49734002611839573,6.0250144030076935,2.9101981618497352,50.50756529327258,-102.8765045247964
506172500,0.5139283943903901,-0.49786621170490797,6.0307906762738925,2.907358415442018,50.399729330428464,-102.83594499466544
506183000,0.5139144798377102,-0.49735008746618947,6.021681817134923,2.9118390849062985,50.506429736529675,-102.83557017639262
506193500,0.5138442979890782,-0.49758848176493387,6.02452752888852,2.9104377760502613,50.45750105720409,-102.81993037660688
506204000,0.5133377184332415,-0.49669277786976324,6.000261495949661,2.922430929385018,50.64490312696111,-102.71927454831149
506214500,0.513687455949526,-0.49717282586771977,6.014628320725605,2.9153183047682925,50.54412646976181,-102.78946758195218
506225000,0.5133693504052239,-0.49757215112330894,6.01584185701902,2.9147191161544654,50.46310344479962,-102.72193609501959
506235500,0.5141161349229038,-0.49764716542868115,6.0303579243439085,2.907570972214269,50.44405093344562,-102.87581215167938
506246000,0.5139254070144791,-0.4973871816383975,6.022511427767636,2.9114304205601944,50.49871025550029,-102.83765284923297
506256500,0.5144456033733231,-0.49757727704058213,6.035011414154278,2.9052869397420986,50.45685221701973,-102.94427840315556
506267000,0.514122245779493,-0.49738006135516466,6.025878972886383,2.9097727635075183,50.49923803095396,-102.87838194645514
506277500,0.5133486991489336,-0.497491171829328,6.0140903090798785,2.9155840298319853,50.479912621114764,-102.71804346924993
506288000,0.512487029743022,-0.496343635958198,5.979397939751347,2.932822512711258,50.7204302752989,-102.54485034883123
506298500,0.5125390960764269,-0.4965758027500926,5.984246487546923,2.930400931437874,50.672285240898184,-102.55472891426642
506309000,0.513083859330301,-0.4967751122875423,5.997196483546666,2.923952870328616,50.628946323017296,-102.66645923924057
506319500,0.5123934743953,-0.49704141013580333,5.989604960396245,2.927729362386099,50.57676960997729,-102.52286786328659
506330000,0.5128340024809535,-0.49719133843456415,5.999894691389473,2.922612983020889,50.544045097996325,-102.61313106513256
506340500,0.5134809128917669,-0.49763639145755656,6.018915142745575,2.913202779946613,50.44932780743345,-102.74466580857495
506351000,0.5137699787765201,-0.4977211711681978,6.025488176882447,2.909965033137315,50.43045351300215,-102.80394208828595
506361500,0.5132441581153525,-0.4972236148078778,6.007669462541598,2.918759077178507,50.53561950040305,-102.69765628572816
506372000,0.5138205511501627,-0.4975591428688142,6.023603218617955,2.910892783238075,50.463675727163974,-102.81516526976277
506382500,0.5131351906859621,-0.49770077544753244,6.013908501754396,2.9156738358991516,50.43763460527435,-102.67303709543265
506393000,0.5125727187588095,-0.4969231228550618,5.990736818254196,2.927165681919183,50.60046005475193,-102.56031349695147
506403500,0.5125978808710407,-0.49677648877042974,5.988685113032057,2.928187620213101,50.630624150301706,-102.56608694583218
506414000,0.5127804662842236,-0.49611658204372705,5.98068701925934,2.932178294645274,50.766263766482844,-102.60634253286582
506424500,0.5127629703863658,-0.49638651368573167,5.9849571095708685,2.9300463542052113,50.71052898163461,-102.60170170621315
506435000,0.5125967285631541,-0.49648557951962485,5.983725050378585,2.9306611667031963,50.6906979691832,-102.56697577365965
506445500,0.5136640556751944,-0.4970911610424944,6.012817844880714,2.916212697146585,50.56111377550366,-102.78500157291757
506456000,0.5120825508355966,-0.4967438029820467,5.979107498332413,2.932967700389089,50.63933417653479,-102.45988470805479
506466500,0.5132387991556212,-0.49579706195842144,5.983305684541487,2.9308704947671584,50.83065720106293,-102.70240008633395
506477000,0.5130335356496469,-0.49660824882556687,5.993472093302751,2.9258043821874584,50.66363487961937,-102.65674352888894
506487500,0.5134972560758795,-0.496362910609625,5.997453784242321,2.9238250453870336,50.712474124406135,-102.75365846422373
506498000,0.5124632168112216,-0.4969883891401086,5.989926139595565,2.92756938854788,50.587429447618206,-102.5374623058118
506508500,0.5127334203824343,-0.4961680593156575,5.980735406318693,2.932154118753742,50.75579617156148,-102.5964224562333
506519000,0.5127244910513249,-0.4960283686741236,5.978213242315423,2.9334148178312525,50.784713436723706,-102.59509471585768
506529500,0.5131353513068401,-0.49657606227114376,5.994714010787437,2.925186722847519,50.66987378949621,-102.67792013633495
506540000,0.512805659162071,-0.49579693434601846,5.975717351571992,2.934663462070544,50.83229311315994,-102.6127309332076
506550500,0.5122179490813253,-0.4960626306094429,5.969941530517593,2.937557108967575,50.7794451398022,-102.49027526382962
506561000,0.512574349599428,-0.4964098292665752,5.982048280343778,2.931498313872801,50.70643002892134,-102.56264046756552
506571500,0.5130256364908262,-0.49704332510310856,6.000742470953764,2.9221922449914355,50.57378937529543,-102.65331080077445
506582000,0.5126666239762356,-0.4961141872522999,5.9786536688110985,2.9331945925906715,50.76718208799887,-102.58281312719744
506592500,0.5117419587265061,-0.49618241454088824,5.963668917469992,2.9407061776282974,50.756333384200815,-102.39159737843617
506603000,0.5115009547057471,-0.4958233184762374,5.953428047255323,2.9458621227506616,50.831206804065616,-102.34301181375054
506613500,0.5116642808526123,-0.4969156883324485,5.974716227757872,2.935164605890068,50.60543089206406,-102.37304989484922
506624000,0.5123580007805962,-0.49607364553607486,5.972572501081804,2.936238296625508,50.77667782374309,-102.51917191928676
506634500,0.5122056108000671,-0.4970129374151307,5.985829063166567,2.9296113961072034,50.583374426610625,-102.48424230727613
506645000,0.5131627729342317,-0.4968119552120069,5.99921234970427,2.9229517059898553,50.6210045662834,-102.68261183571788
506655500,0.5127796960808672,-0.49576886167484463,5.974788581244184,2.9351283812983784,50.83819606001201,-102.60745964789375
506666000,0.5115099839943881,-0.4948150769109884,5.9366693752953585,2.954339059738097,51.03948901865824,-102.34776738863785
506676500,0.5118155256904575,-0.49491227808011634,5.94358594476057,2.9508345314326627,51.01854229661346,-102.41070645898726
506687000,0.5118848431681228,-0.49579737088769005,5.959662071428056,2.942721322980219,50.835355527172354,-102.42235559203725
506697500,0.5125410567472788,-0.4951980876250408,5.960993710447366,2.942051298398764,50.957170306345795,-102.56001733015474
506708000,0.5125456917944383,-0.4958940521516124,5.972814758947574,2.9361169214409273,50.813135631694,-102.55860600052124
506718500,0.5125374268697301,-0.4954780024995631,5.965646437420919,2.9397126587915996,50.89923374158561,-102.55833687288458
506729000,0.5133599614593887,-0.49608306204356833,5.990282856696196,2.9273917345750626,50.77096219659856,-102.72637582695208
506739500,0.5123512890277881,-0.49535175597487024,5.960275194849273,2.942412786871472,50.925976501597816,-102.52023343581402
506750000,0.5127640051454428,-0.4966417022598168,5.9893084564248,2.9278770615849585,50.65780131868404,-102.60092095117939
506760500,0.5121907437293933,-0.4961588678064734,5.971093400864875,2.9369795700143646,50.75966214148221,-102.48431993866811
506771000,0.5129242844984143,-0.495734232185872,5.97673234959779,2.9341555494106384,50.84483946523765,-102.63751090675011
506781500,0.5122114591787762,-0.49581635236937927,5.965669736801243,2.939700957071454,50.83035583046443,-102.48977795132375
506792000,0.5123604190958015,-0.49588101730599665,5.969359427635013,2.9378490581134598,50.81648037071503,-102.52034659438733
506802500,0.5125097844595609,-0.49615303630788943,5.976567973055429,2.9342377926267056,50.75972702516247,-102.55025210232434
506813000,0.5123580841993758,-0.49530920744999024,5.9596772249365815,2.942713696640898,50.93475991384992,-102.52177738864519
506823500,0.51196069682974,-0.4949941858761458,5.947476500634733,2.9488669279022557,51.0011758291349,-102.44050935511349
506834000,0.5118460282653446,-0.49387366559836,5.926760923342913,2.9593742019651255,51.23359730887533,-102.41975007799192
506844500,0.5123581369461246,-0.49440777623934395,5.944544514817724,2.9503494996688273,51.1214952346116,-102.52453158111695
506855000,0.5117460636007728,-0.49524666778687887,5.9479898988791975,2.948607480529504,50.94958378639757,-102.39537514717897
506865500,0.5115875496916591,-0.4955216146259647,5.949857773425291,2.9476639331858596,50.893237309650836,-102.36180471025355
506876000,0.511735216816561,-0.49529513489217203,5.948615404460329,2.9482914416513135,50.93959650366301,-102.39299000898927
506886500,0.5117400921174272,-0.4949864094242206,5.9435211393989285,2.950867328439487,51.00341985381046,-102.39489117551841
506897000,0.5114651118284335,-0.4947212555150502,5.934324864137964,2.9555288985358334,51.05901258879617,-102.33873321956611
506907500,0.5111511546797142,-0.49498194402173473,5.933259788614445,2.95606974378041,51.005934881211395,-102.27315556504614
506918000,0.5115037363689456,-0.49515507047162666,5.942254133009901,2.9515086889821935,50.96921269142181,-102.3455476487443
506928500,0.511519052283705,-0.49500725782846977,5.9400428292893235,2.9526287288355606,50.99972457443791,-102.34912320891618
506939000,0.5115911250295601,-0.4952770362858842,5.9458132200895895,2.9497077884786216,50.94375803502049,-102.36326134362366
506949500,0.5114077847518219,-0.4948446176831167,5.935396676540806,2.9549848339794855,51.03365043084563,-102.32655486577136
506960000,0.511721049814113,-0.4952094024941078,5.9469306735681196,2.949142813838769,50.957361161391454,-102.39031291248882
506970500,0.5117664485318401,-0.49523553074587184,5.94815654358923,2.948523276023863,50.95182630740306,-102.39962233396864
506981000,0.5106284901739822,-0.49523703366233485,5.92850876123843,2.9584847511063925,50.95458919196789,-102.16461375899183
506991500,0.5117471091315086,-0.4953163868919094,5.94917856444191,2.9480069616098397,50.93516831799665,-102.39538529442665
507002000,0.5114557486712618,-0.4946570555477949,5.9330901804024405,2.9561558892606925,51.072317020684885,-102.33696251438067
507012500,0.511632803854827,-0.4943524701113061,5.931062384225094,2.9571862172506025,51.13490619905684,-102.37438363717821
507023000,0.5116240078159884,-0.49450778621191094,5.9335038185870514,2.9559458077362564,51.102772421098095,-102.37216605644733
507033500,0.5116923165329799,-0.4944054617831036,5.932975370932975,2.9562142048620466,51.12378150275193,-102.38657220411815
507044000,0.5113084283985444,-0.495120548927322,5.938296454469077,2.9535138858718657,50.97688326650852,-102.30528369467567
507054500,0.5113917706426443,-0.4950439737763569,5.9384556083938955,2.9534331958809616,50.99248174931473,-102.32271272318533
507065000,0.5117221074427797,-0.49470941860524015,5.9385713580322586,2.95337451437306,51.06077917863126,-102.3919372007905
507075500,0.5118773472034183,-0.4953356592900335,5.951762855366833,2.946702218493604,50.9307933196267,-102.42225138540734
507086000,0.5118907229427859,-0.4944986840479863,5.937964943859558,2.953681973859506,51.10395344345539,-102.42741590829725
507096500,0.5111967888448186,-0.4949226750643773,5.933056837879786,2.956172824813041,51.018063947107166,-102.28273730111448
507107000,0.5103077917156229,-0.49409045326382023,5.903917063187705,2.9710489785521457,51.19200027110845,-102.10087159808236
507117500,0.511116391394043,-0.4944604078812337,5.923954025175895,2.960803724590593,51.113826279926094,-102.26725319625545
507128000,0.5116808176744772,-0.4941876786143984,5.92914225674061,2.9581625071568816,51.168917475764054,-102.38473990962515
507138500,0.511088593332525,-0.4938203377573876,5.912828429720663,2.966483612809862,51.24634618676291,-102.2629134620572
507149000,0.5110900051305621,-0.4942619128265176,5.920193482108954,2.962721115115288,51.15494558068812,-102.26225157848283
507159500,0.5107077806886583,-0.4944679193082193,5.917047922534595,2.9643268705286268,51.113196963229264,-102.18276552073348
507170000,0.5097521234454468,-0.49460551974557126,5.902951374194619,2.9715445611440505,51.08670501868177,-101.98522964855458
507180500,0.5104303904103041,-0.49469780871119157,5.916108169761577,2.9648069395720835,51.06631686592383,-102.12497775338989
507191000,0.509015509220286,-0.49105182660783947,5.832198713074075,3.0083140777120736,51.82224527143388,-101.83620963351805
507201500,0.5110371512231736,-0.4917546870302249,5.877862596984325,2.984478655603171,51.67506469784909,-102.25560028608513
507212000,0.5108173821848921,-0.4956903739860895,5.939356412419953,2.9529765780596415,50.86061103835601,-102.20239269614567
507222500,0.5105475163862138,-0.4942085419989749,5.9099846075858045,2.9679389862304095,51.1671349782109,-102.15018607454226
507233000,0.5084893026870109,-0.495924436060529,5.903296384680329,2.971367485812146,50.81778271357953,-101.7231207996815
507243500,0.5072702802095311,-0.49307608783558415,5.835805090827895,3.006417661539888,51.40420289783527,-101.47548574137701
507254000,0.5108304971813569,-0.491481561194116,5.8698705564304365,2.988622729227898,51.73208536565703,-102.2129218010208
507264500,0.5104261062995932,-0.4935848156725997,5.897569750874551,2.974309420420682,51.29634077774942,-102.12622922596157
507275000,0.5108755799732556,-0.49407039999384134,5.913321708344269,2.966231315902998,51.19503101740626,-102.21830561930506
507285500,0.5103134181153111,-0.49323861582760065,5.889926805151859,2.978244995714614,51.36816644631869,-102.10345955270166
507296000,0.5086731485672443,-0.4923610473203074,5.847721327286871,3.0001686357947897,51.551269621151754,-101.76502530153356
507306500,0.5067309720684932,-0.493645097915252,5.836046115523067,3.006291004624617,51.28731287064242,-101.36453466229753
507317000,0.5098161724099946,-0.49326148694766764,5.881829476586906,2.9824260356991097,51.36412831013654,-102.00055130181039
507327500,0.5094074358231375,-0.49262111296498856,5.864374321672961,2.9914794159515177,51.49701873081827,-101.91669825590498
507338000,0.5080241835458169,-0.4929160152332309,5.845850474331204,3.0011479981022324,51.43697369262969,-101.63082655211268
507348500,0.5093840847146095,-0.4935184417308114,5.878712380744336,2.9840387038855254,51.31157405949461,-101.91094214718464
507359000,0.5087889180916864,-0.49333172988264673,5.86555244342242,2.9908666188815367,51.35074033752721,-101.788289998172
507369500,0.5112130554396406,-0.495347299563541,5.940445600619546,2.95242465859264,50.93030996350356,-102.28496697983876
507380000,0.511022419086477,-0.49016663291778595,5.851688558078696,2.9980939867465315,52.0058265308517,-102.25387518833088
507390500,0.5086252759805147,-0.49524606197852594,5.894347218490082,2.9759675148605202,50.95680554272817,-101.75220240466678
507401000,0.5097419619250801,-0.4907809752952073,5.840029142553331,3.0041995093761464,51.878381810366484,-101.98705111031413
507411500,0.5089839380519551,-0.4921566024143566,5.8496260198194845,2.999172221923997,51.59340579949211,-101.82938869171166
507422000,0.5114320826979557,-0.4922139020013676,5.892154440940504,2.977096835680059,51.579044983366956,-102.33708829866772
507432500,0.5096991422442024,-0.49252660151100885,5.867769660406459,2.989714026338857,51.51631808892544,-101.97715617938418
507443000,0.5123874577780078,-0.4894710902697646,5.863565817381044,2.991900104179657,52.15033978983405,-102.53968850045283
507453500,0.5106048460746256,-0.49204788996082666,5.8753085895487285,2.9858017102350414,51.61464048953486,-102.16543633700911
507464000,0.5126023022987418,-0.4948440014146518,5.95610500124826,2.9445126022584156,51.03033105429996,-102.57383963639451
507474500,0.5093997027286323,-0.49408741806360973,5.88836054525003,2.9790528073390306,51.19412896181327,-101.91340319201288
507485000,0.5097707065997525,-0.4950634723069076,5.910877841678828,2.9674817034850998,50.992288140624936,-101.9881788302214
507495500,0.5092346293449598,-0.4936833317638545,5.878888203702909,2.983947692831479,51.27771838329422,-101.879888913455
507506000,0.5112008832000166,-0.4906275355644365,5.862217578522988,2.9926018977836737,51.90959102999525,-102.29079754635897
507516500,0.5094416538789321,-0.4920196228011591,5.855118635492614,2.9963025744598353,51.62151367757598,-101.92422414883147
507527000,0.5103615183626091,-0.49425677274253527,5.907596192642108,2.969162411919969,51.15753501068394,-102.11165720834272
507537500,0.5080847860926972,-0.49540848990625386,5.887847201663613,2.9793176648723394,50.92428612060072,-101.64098765055746
507548000,0.509984659280296,-0.4927532053392244,5.876335950906877,2.9852693629740132,51.469099251997164,-102.03603794499527
507558500,0.5088389501604119,-0.4942674022319455,5.8817947263365165,2.982444004469971,51.15780667173752,-101.79758011236967
507569000,0.5100471175406743,-0.49343715060815385,5.8886589286987,2.9788988794650955,51.32748331725756,-102.04806714350445
507579500,0.5100718669040147,-0.4910689463360611,5.850276289200964,2.998832195420147,51.8184210930376,-102.0555085248871
507590000,0.5106237807175831,-0.49443497230084954,5.915056553531017,2.9653443398064545,51.1201853808189,-102.1654794160905
507600500,0.5099723384994915,-0.4942806200718366,5.9013293127986755,2.9723773637465363,51.15333498612842,-102.03124653448951
507611000,0.5099616179064357,-0.49174664222016645,5.85945855426893,2.9940390789736626,51.67776038370985,-102.03220621932716
507621500,0.5096155794023043,-0.4960490169624374,5.924655277297042,2.960446453882106,50.78984286983401,-101.95410044724132
507632000,0.5094596257799984,-0.49358413167548826,5.881078155670567,2.982814579871687,51.297915032844315,-101.9264591860075
507642500,0.5101854263831775,-0.48957032710434234,5.827904152296829,3.0105755297928787,52.130360057387975,-102.0794326542318
507653000,0.5105562146571087,-0.4943885171014969,5.913123930574902,2.966332467970059,51.129925708895854,-102.15161680064783
507663500,0.5087900082581587,-0.49504005364439396,5.893737867141098,2.97628125521394,50.998881866340824,-101.78639021539735
507674000,0.5086220340274225,-0.4930403716065936,5.857957279088892,2.994821681984474,51.410995332511085,-101.7540839967703
507684500,0.5086111779220779,-0.493211904305444,5.860582830793294,2.993453272852677,51.3756089910572,-101.75171862715816
507695000,0.5069172567369641,-0.4931452166703414,5.831021203910445,3.0089337950866133,51.39001233009009,-101.40285840840765
507705500,0.5075183682226351,-0.49177112820456265,5.8187732410301605,3.0153951633836362,51.67320735723918,-101.52652335437622
507716000,0.5077227476604941,-0.4931316104330251,5.844301554538383,3.0019593221893763,51.392658210930634,-101.5686274188399
507726500,0.5085003776550848,-0.4925130419453889,5.8472901057982565,3.0003943162578928,51.519938916469094,-101.72926216161423
507737000,0.508234562557268,-0.4916400953791567,5.828630788105469,3.0101926528131395,51.70040817543004,-101.67448659156793
507747500,0.5088632653360411,-0.49245803624434953,5.852509063520223,2.997665267957879,51.53112725213021,-101.80427570434051
507758000,0.5104414593788701,-0.4925912601830388,5.881449098728192,2.9826227346041065,51.50209834439039,-102.13088402308219
507768500,0.5107378629068309,-0.4923297157878399,5.882201515251156,2.9822336744538696,51.55597311592228,-102.19270936798104
507779000,0.5119708963011782,-0.4905687128374206,5.8743658637742895,2.986290370636774,51.921148282066284,-102.45152624033116
507789500,0.508143047011987,-0.4917769748074016,5.829316583969973,3.0098313853179004,51.67210320993243,-101.65557086290701
507800000,0.508446701780397,-0.4927907586436789,5.850918568457999,2.998496423386607,51.46262096558386,-101.71804795269324
507810500,0.5086869789314783,-0.4919093078694279,5.840597410209184,3.0039013504755596,51.644678034211644,-101.7680400810028
507821000,0.5102136050074855,-0.4903641029761013,5.841220154847158,3.003574677203971,51.96497858722204,-102.0852473059499
507831500,0.5088247770896984,-0.49325327607311653,5.864872242029763,2.9912203929910772,51.3668977533769,-101.79575856038794
507842000,0.5086565490109746,-0.49400882984897365,5.874438311970803,2.9862528115002247,51.21128465987778,-101.76032305242708
507852500,0.5093934336326742,-0.4924459715240878,5.861270355357209,2.993095151110858,51.53327021650412,-101.91394351690857
507863000,0.5079225383421359,-0.49286450320577513,5.843301453683055,3.002483410365948,51.44763078471161,-101.60988877575167
507873500,0.5081363096548276,-0.49363982615718766,5.8595776967984765,2.9939769885955183,51.287765971707096,-101.65351939484577
507884000,0.5089907002629147,-0.4920563131758692,5.848105109864882,2.9999678113967194,51.61415518559956,-101.83083414892462
507894500,0.5091313149841409,-0.4916356328851046,5.84362516435129,3.0023137543133656,51.70121065511099,-101.86011165896929
507905000,0.5086692323466352,-0.4919935266936224,5.841668952609469,3.0033392957657616,51.62726105087,-101.7643466771575
507915500,0.5086685000162208,-0.4921495593569137,5.844196620034852,3.002014302899135,51.59499253903086,-101.7641466354257
507926000,0.5090293132941222,-0.4927542270142972,5.86015529806484,2.993676012199509,51.46979679870046,-101.8384042890821
507936500,0.5101725946093626,-0.4917386886042526,5.862903706256009,2.9922447088032023,51.67924958968255,-102.07599718031352
507947000,0.5093078523255262,-0.49200702848847994,5.852652698703237,2.9975902304880453,51.624200616695056,-101.89651740893002
507957500,0.5088816679673803,-0.49171006239561393,5.840632586155164,3.003882896310619,51.68586647936962,-101.80838402913037
507968000,0.5083044288462266,-0.49166722170691335,5.830241700445803,3.009344185867648,51.69480028240279,-101.68893691591002
507978500,0.5089903591888923,-0.49188693377907555,5.845340241193317,3.0014152092642066,51.64921428143199,-101.83083218355962
507989000,0.5090566804576181,-0.4921238633685098,5.850319059993577,2.998809833259442,51.60014482360558,-101.84445698537817
507999500,0.5081677001657386,-0.49236820655384483,5.839335426524823,3.004563569617724,51.54995729899921,-101.66060742203564
508010000,0.5084354962591725,-0.49146184054889136,5.829109579989939,3.0099404228382176,51.73729633509818,-101.71604851207346
508020500,0.5081840427464405,-0.4911755611171709,5.820265636683144,3.0146063563441112,51.79650926462245,-101.66395949621933
508031000,0.5083031808062863,-0.49071552969858284,5.814829388494526,3.017481698293207,51.89182367892858,-101.68847606244448
508041500,0.5083039316440581,-0.4900378993244442,5.803934387741432,3.0232609954056033,52.032342377266616,-101.68825406493406
508052000,0.508506395609137,-0.4914041759762741,5.829363896290236,3.0098064650907896,51.74923538825823,-101.73072187612885
508062500,0.5089631397002657,-0.4906747683622332,5.825217085803489,3.01199224653013,51.90046364680687,-101.82532196336663
508073000,0.5096501912212368,-0.49118113469849534,5.844980839541825,3.0016034582138644,51.79529451015456,-101.96787552337818
508083500,0.5080907395495053,-0.49095570571279207,5.815155599407425,3.0173090024865354,51.84198960028205,-101.64457125611129
508094000,0.508145551025181,-0.4915701202719074,5.826005856879781,3.0115762388333738,51.714871549247,-101.65607273680422
508104500,0.5080987039713153,-0.49063049599247793,5.8100453977055695,3.020016634879601,51.909345468863265,-101.64606826069732
508115000,0.5085819817593982,-0.4913999173919327,5.830562679181739,3.0091751841976544,51.75011878604188,-101.74637093099007
508125500,0.507925006440488,-0.4915359199821414,5.821761893741057,3.0138159266903886,51.721904607336796,-101.61046714001711
508136000,0.508194352168765,-0.4911939615530751,5.820735496342785,3.0143580978735174,51.79270347816763,-101.66609818152459
508146500,0.5082513855692298,-0.4911946205249294,5.821700225417139,3.0138484960238414,51.79258107767166,-101.67790364305984
508157000,0.5080429848906457,-0.4904647640158371,5.806448450837536,3.0219254167833833,51.94365211836871,-101.63442687779161
508167500,0.5078037104020026,-0.49074365536151193,5.8069501020088845,3.021659060701076,51.885742283621944,-101.58504371969778
508178000,0.5084182948762609,-0.4911964706650435,5.8245241140937996,3.0123578242480487,51.792231053838144,-101.71246023523214
508188500,0.508062079661814,-0.49135036085211325,5.821052224821662,3.0141907722097363,51.76030848382644,-101.63876828112313
508199000,0.5076968964913524,-0.4914781080859963,5.817015811506872,3.0163245890567647,51.733788042704965,-101.56330382502273
508209500,0.507933698721135,-0.4912880576861034,5.817899286064978,3.0158572866540574,51.77315850380531,-101.61219582801377
508220000,0.5080843044378633,-0.49195302415996556,5.831188278825818,3.0088458486687903,51.63572008003888,-101.64343261890305
508230500,0.5086490283606914,-0.491415877392166,5.831946498471685,3.0084467953384095,51.74681336948077,-101.7602537693248
508241000,0.5081375735737016,-0.49060545677681394,5.810290502315497,3.01988665452435,51.91455399265037,-101.65410819657633
508251500,0.5085222391096714,-0.4906983871650279,5.8182146620899555,3.0156905080168945,51.89545827111094,-101.73387488072495
508262000,0.5081053885943876,-0.4905292609716439,5.808526707601298,3.020822256820174,51.93032471340896,-101.64739700927265
508272500,0.5074483753129014,-0.49094908312771385,5.804341348871191,3.0230447192374754,51.8430143086971,-101.51166292382172
508283000,0.5075540800048248,-0.4901502626904372,5.793266741446845,3.02894139878978,52.00842062243942,-101.53288337776291
508293500,0.507179503432089,-0.4902224129957266,5.788211353557563,3.0316408738400122,51.99309576153669,-101.45540183764413
508304000,0.5069939267808542,-0.4911754509300161,5.80043022340116,3.0251245490563643,51.79591412731763,-101.41792716231534
508314500,0.5081119351082684,-0.4910148181650302,5.81646375055896,3.016616668794531,51.82975995508269,-101.64898202833803
508325000,0.5071995226050914,-0.4913147694761158,5.806090904945946,3.022115287857494,51.76728889660613,-101.46047818126951
508335500,0.5081065618128305,-0.49079761556868234,5.812869721929994,3.018519564675541,51.874732198958,-101.64777931215521
508346000,0.5075863437806447,-0.4911188907795651,5.80937382553591,3.020372831295819,51.80798913777358,-101.54029252910885
508356500,0.5080982858855126,-0.4914830641890181,5.8238049990377005,3.012737288686103,51.73286837149564,-101.64628510386429
508367000,0.5079838964537688,-0.49093694209700267,5.813069177756605,3.0184138971630374,51.845828210042754,-101.62244509152923
508377500,0.5080701307477765,-0.4911120314863842,5.817335050631965,3.016155714787778,51.80962302085517,-101.64036362061
508388000,0.5081355206385627,-0.4913829741953957,5.822808234962626,3.0132634233606916,51.753578459617536,-101.6539679454468
508398500,0.5074622858869334,-0.4910962821466432,5.8069433170058975,3.021662662941435,51.81259169344021,-101.51463293810795
508409000,0.5069719759974883,-0.490418901025104,5.787920985242375,3.031796072267619,51.95222092559296,-101.41268591081791
508419500,0.5075560351114028,-0.4901144653000686,5.792725454829711,3.029230202755668,52.01583803311047,-101.53325347595117
508430000,0.5069275807466352,-0.49062725878312186,5.790524819041102,3.030404927047123,51.90909952375345,-101.40372933474379
508440500,0.5073336030291878,-0.49015060016458406,5.78961501464658,3.0308908598722946,52.00812717428364,-101.4872235321187
508451000,0.5077265282198639,-0.4903421959355557,5.799210723410684,3.0257736371882156,51.968817122035695,-101.56877542834846
508461500,0.5076492268441438,-0.4903837091858956,5.798592223208889,3.026102946164248,51.96015572200981,-101.55279950439534
508472000,0.5074960650058921,-0.4913438842656667,5.811498239683626,3.0192463495953064,51.76143954300814,-101.5217492102385
508482500,0.5068802888340647,-0.490085231569912,5.781065610926871,3.035464857345066,52.021126642067664,-101.39332568390542
508493000,0.5076920406710745,-0.49009889260640266,5.794733816957436,3.028158918940323,52.01919474709731,-101.56141785378529
508503500,0.5070648165124205,-0.490428878826619,5.78961857168516,3.0308889597268407,51.950257363011744,-101.43189630100107
508514000,0.5067281004237525,-0.48987643025084926,5.775218272907984,3.038601267965179,52.06412095673969,-101.36155591658627
508524500,0.5069395067070989,-0.4905550626764161,5.789564980518303,3.0309175880132377,51.92403463685433,-101.40611928892325
508535000,0.5074509421519964,-0.49045582218449923,5.79645552202459,3.027241150467463,51.945056608888635,-101.51181036709488
508545500,0.5072383067031847,-0.4900304964563502,5.786113633969745,3.032762441131236,52.032889939756615,-101.46735915597645
508556000,0.507047718969298,-0.49054892082216134,5.791259452991715,3.0300126688082383,51.92541604937302,-101.42848460469072
508566500,0.5069807090421988,-0.4904225369093555,5.788123834954846,3.0316876498074747,51.95147863487709,-101.41449576271438
508577000,0.5068331604948327,-0.4907362584526142,5.790708633927512,3.0303067693552626,51.886479512357376,-101.38433028662568
508587500,0.506777958212284,-0.49072851862841727,5.789670272300265,3.0308613418868506,51.88802136291039,-101.37291838818793
508598000,0.5072931247725821,-0.49034169658692417,5.792005769025121,3.0296142779360595,51.9685282436885,-101.47904088897434
508608500,0.5068165197389395,-0.4900823058009053,5.779965026774142,3.0360546918111533,52.021649579831525,-101.38012984788023
508619000,0.5071539974892357,-0.4897871625703386,5.780828881358168,3.035591707935305,52.08317982779497,-101.44960238958475
508629500,0.5067624473577778,-0.49015404345168906,5.780217905643962,3.0359191463170134,52.00674152852622,-101.36903922197108
508640000,0.5069512564662844,-0.48934318815951156,5.770402184382797,3.0411894556780728,52.17487124041129,-101.40696614340212
508650500,0.506543940981722,-0.48928132547758657,5.762710471024671,3.0453322671514726,52.18700944094744,-101.32248760979432
508661000,0.5066524100351733,-0.48952563314801883,5.768380681563144,3.04227714802711,52.136608485963,-101.34535762148346
508671500,0.5062390598852738,-0.48956886794571847,5.762267000322615,3.0455714713072473,52.126964908876474,-101.25989833370295
508682000,0.5061741607317768,-0.489629188644577,5.762159232131429,3.0456296062455186,52.114376039220396,-101.24658353868364
508692500,0.5060190457587807,-0.4896743850828352,5.760329456541571,3.046617010611084,52.10475523984885,-101.21459705446753
508703000,0.50646316577467,-0.4895927871631406,5.766333282549733,3.043379575550293,52.122400374263506,-101.30630008498711
508713500,0.506944829487622,-0.4891484673824608,5.7671985711270874,3.0429135601212156,52.21521954580516,-101.40532129910429
508724000,0.5069052274782111,-0.4891011427084211,5.765793894355254,3.0436701449211894,52.22496413991823,-101.39703270115693
508734500,0.5072903891747497,-0.4893137898107798,5.7755315430073555,3.038433069339364,52.181473913568524,-101.4772254297119
508745000,0.5072535718347463,-0.4891156827749046,5.771768663688748,3.0404546510501533,52.222509715385755,-101.46929490808412
508755500,0.5070853100485381,-0.4892171815271603,5.770607606363344,3.04107897004396,52.201199288834616,-101.43455588573092
508766000,0.5070179548831872,-0.48927809613624385,5.7704660976841655,3.041155079219714,52.18846600573586,-101.42068781130251
508776500,0.5070941825669482,-0.4888420943178284,5.764791043118238,3.0442105316614247,52.27901249096841,-101.43578124361511
508787000,0.5069432918643506,-0.4892357149389896,5.768560738151419,3.0421802346681166,52.19713194405674,-101.40514485731185
508797500,0.5069036629243062,-0.4888531696183207,5.761830069918993,3.0458071848135653,52.27638050456573,-101.39627701000609
508808000,0.506241027094568,-0.48883706990424575,5.750692130699994,3.0518283074130585,52.27843601073799,-101.25890103764029
508818500,0.5067129740506463,-0.4888398738293255,5.758483068790756,3.047614035264941,52.2787877282047,-101.3567092956653
508829000,0.5067025903993382,-0.489112403714816,5.762637073562844,3.0453718544687507,52.222280492497575,-101.35505346636745
508839500,0.5061372345907872,-0.48791051145905995,5.734370676211323,3.060695189026748,52.47027530096953,-101.2352579162755
508850000,0.5065863230293459,-0.4878966237762782,5.741492913084412,3.056819530721241,52.47424726856411,-101.32844223797531
508860500,0.5064344747508244,-0.4882502448221738,5.744585364466293,3.0551398187084864,52.40050010100104,-101.2977339107829
508871000,0.5066832881585204,-0.4887633045171141,5.7567814374464845,3.048533477323096,52.29460738400232,-101.35040865056251
508881500,0.5064670107877971,-0.48916992233764567,5.759676706966489,3.046969411320557,52.20994079329051,-101.30635619677244
508892000,0.5062183287261529,-0.48904018204261007,5.753536525554556,3.0502883541239427,52.236328306715066,-101.254614164801
508902500,0.5062573338008323,-0.4890340458246206,5.7540791005654635,3.0499947827041343,52.237676451677906,-101.26267785556196
508913000,0.5059042644752063,-0.48903848600854744,5.748363241458681,3.0530903364566204,52.23603135425248,-101.18960839826384
508923500,0.5058883978887689,-0.4889982913115801,5.747467493487259,3.0535760246460466,52.24431405201449,-101.18623941257832
508934000,0.5061794493528917,-0.4887803774860706,5.748786005761264,3.0528611614299352,52.29004943099248,-101.24602734420871
508944500,0.5064741988848146,-0.48833991016339834,5.746651954279005,3.0540183582155405,52.38198728624706,-101.30617357945808
508955000,0.5063732748809576,-0.4882633124557308,5.743789690797339,3.0555718227462747,52.397651232103826,-101.28506791486309
508965500,0.5064021016497443,-0.4883066452021384,5.744945716117541,3.0549442095407735,52.38872785452814,-101.29114482104536
508976000,0.505743806690154,-0.48794561917448004,5.728506818162453,3.063893544662935,52.461975757342685,-101.1537596887836
508986500,0.505744048389271,-0.48784239623619285,5.726888864696194,3.0647772228783716,52.48337552241415,-101.15353254988067
508997000,0.5058963354473597,-0.48787826644470716,5.7299336718578,3.063114666601476,52.476344027722604,-101.18520598527216
509007500,0.5054431210549298,-0.48773684797245087,5.7203372193065105,3.0683608087408887,52.50441393526561,-101.09085907912873
509018000,0.5061579310809176,-0.4876894287262677,5.731231191868113,3.0624067353074795,52.51620788807362,-101.23898713114683
509028500,0.5061279316689922,-0.4878654357849875,5.733509538485787,3.0611644613190063,52.47960406432306,-101.23321382574113
509039000,0.5064766940710977,-0.4880277371322217,5.741765862751739,3.056671198878446,52.44677006788999,-101.30598650986505
509049500,0.5055782904800254,-0.487853689797962,5.724368205980947,3.0661549585917136,52.480580282906224,-101.11920302243983
509060000,0.5056853351890596,-0.48757498735714444,5.721736663010406,3.067594637121015,52.53866602489548,-101.14061416694662
509070500,0.5056307816348464,-0.48760318693013294,5.721291735431527,3.067838185480852,52.53266183749302,-101.12938026708505
509081000,0.5060037841781292,-0.4875409918473023,5.726386632485674,3.0650516319768033,52.54660796568578,-101.20659502419096
509091500,0.5060467785456083,-0.48806765204240504,5.735367598940928,3.060152102958425,52.4374549847139,-101.21688849073577
509102000,0.5057905435746676,-0.4882463575222165,5.733999954614508,3.0608971939121594,52.39977294134426,-101.16422399389486
509112500,0.5060490510932798,-0.48834504860973393,5.739776204898385,3.057752792608271,52.37995314310026,-101.21803248883155
509123000,0.5058362421748489,-0.48825985660770493,5.7349581477184834,3.0603751330439524,52.397090427069536,-101.17372611258408
509133500,0.5063147237682847,-0.48792758230155575,5.737538621958505,3.058970084621733,52.46717232354388,-101.27213037165271
509144000,0.5098023908051792,-0.48670469135824707,5.775668496355719,3.038359543286605,52.729072641784356,-101.99707353890304
509154500,0.50404776724826,-0.4883002427024462,5.7065562215463475,3.075926375971884,52.38363989184964,-100.80397446859692
509165000,0.5027065008669742,-0.481825254504064,5.586002267381534,3.1437522155332105,53.72027549726683,-100.49407085720604
509175500,0.5033733426472192,-0.4882099528813684,5.694274962662662,3.0827004467811046,52.39999476062172,-100.66454524132196
509186000,0.5046056982334675,-0.48789418503726784,5.709222716008097,3.0744595693620393,52.469313769386396,-100.91796000593467
509196500,0.5057135424141641,-0.4881979022904528,5.731981422921466,3.061997557538282,52.40961607213647,-101.1481479484101
509207000,0.5061307780227442,-0.48834631019280117,5.741132117357935,3.0570156239715525,52.379883582950335,-101.23497509226208
509217500,0.5056519618039784,-0.48827466305727657,5.732185718669695,3.061886153296651,52.39355781486896,-101.1355888530221
509228000,0.5056180366938974,-0.48818095405828393,5.730158227741606,3.062992124491859,52.4128794879725,-101.12831965380346
509238500,0.5056580603059811,-0.4876136756548211,5.721899782277231,3.0675053572537614,52.530564378890695,-101.135067347714
509249000,0.5058081291405254,-0.487856176948975,5.728149093347908,3.064088879015265,52.48069069519036,-101.1668562793144
509259500,0.5055793500470251,-0.4879041488864658,5.725177716390504,3.0657123618912174,52.47012581987094,-101.1195619139054
509270000,0.5051584174859489,-0.4878271366901664,5.717129302361124,3.07011854870523,52.48487869503803,-101.03214178937729
509280500,0.5056007721814352,-0.4880262514332671,5.727444598856032,3.064473639294067,52.44488270193476,-101.12433286787714
509291000,0.5052956754856398,-0.48804028489534873,5.7227017710587065,3.067066482081588,52.441137536888036,-101.06117830602302
509301500,0.5047847781920475,-0.48806247502995415,5.7147576870237655,3.071419355948903,52.435059364020745,-100.9555167155837
509312000,0.5051841302033853,-0.48844272499057956,5.727211747999499,3.064600832459696,52.357546608775344,-101.03919870130755
509322500,0.5057767819238269,-0.4883572643187328,5.735522393158754,3.060067794345076,52.37676339188992,-101.16164977939938
509333000,0.5056412998940483,-0.4876771119579146,5.7226221638757,3.0671100401309896,52.51736200261405,-101.1317713560291
509343500,0.5055409804187175,-0.48775717119186013,5.722246657331151,3.0673155200118845,52.500480928698195,-101.1111996013827
509354000,0.5060261747634496,-0.48751078140086035,5.7262772228521115,3.0651114176815026,52.552940193843824,-101.21116029764322
509364500,0.5053300133376128,-0.48763949096275633,5.716974357841833,3.0702035002291646,52.52425976245489,-101.06713402852651
509375000,0.5048617378870461,-0.4871766656222176,5.702155448706632,3.078350283810221,52.618690437577804,-100.96862889277764
509385500,0.5051830332177495,-0.4873677113861906,5.710337724410104,3.0738466356473344,52.580139986313064,-101.03584035105443
509396000,0.5047845442464539,-0.48741519012047085,5.704629528006364,3.07698710737307,52.569021224677606,-100.95343026930325
509406500,0.5051300657604112,-0.48726393792900674,5.7078582618614035,3.0752099625800255,52.60148342617412,-101.02453067474285
509417000,0.5049070713936499,-0.48754361993747786,5.708618094274026,3.0747920405914964,52.542820591359416,-100.97922038684816
509427500,0.5049912342172729,-0.48731998857703557,5.706486350555981,3.075964830179538,52.58941806365178,-100.99593682922212
509438000,0.5052094966538848,-0.48751325400411605,5.713042812586215,3.0723606414453766,52.550056899303286,-101.04177747792079
509448500,0.505061798394527,-0.4874563882505393,5.709759912958852,3.0741642348182245,52.56138058059654,-101.0109948871115
509459000,0.504865814542897,-0.48725436725531174,5.703433429535902,3.077645985330513,52.60260348491569,-100.96973327268176
509469500,0.5050347010281465,-0.48740839293894705,5.708570943605382,3.074817970997856,52.5712392818897,-101.00522805132044
509480000,0.5049220729583294,-0.48716520277311604,5.7029519348663635,3.0779113000299914,52.62126809196159,-100.9810943856659
509490500,0.5048637584123228,-0.4873165124992183,5.704369993542297,3.0771300492594977,52.58972130613912,-100.96951304729275
509501000,0.5049062590557889,-0.4867747846922192,5.696613629291376,3.081408167007229,52.70216048993622,-100.97647763547025
509511500,0.5051215615646919,-0.4868625245327502,5.701458147960224,3.0787347053829643,52.684702979890965,-101.02144252182973
509522000,0.5050560835670054,-0.4866646555336907,5.697318848224851,3.0810186981646743,52.72553401801088,-101.00717468694803
509532500,0.5049265787032897,-0.48675805044331627,5.696681217396656,3.08137083604524,52.7057028817048,-100.98063348496167
509543000,0.5048913669711683,-0.4864496419099843,5.6913182001336375,3.0843358371102827,52.769565640700854,-100.97222118575411
509553500,0.5044470751581493,-0.4868496249554313,5.690374148694592,3.0848583628967234,52.68499658281938,-100.88155990775299
509564000,0.5046198101621198,-0.48699371030301725,5.695399003317965,3.082079197637497,52.655766424232624,-100.91786793351129
509574500,0.5044525565028857,-0.4864759267753219,5.684660451142964,3.088024676058329,52.76246920619519,-100.88129421475946
509585000,0.5048234346815467,-0.4863117691423943,5.688083089579446,3.08612719211448,52.79792953206919,-100.95761083274502
509595500,0.505408269939609,-0.4859980460963096,5.692644711004499,3.0836019249111537,52.86526990783327,-101.0779540941218
509606000,0.5049133656412387,-0.48589671634404175,5.683097248453292,3.088892087971143,52.88446704855368,-100.97470065304405
509616500,0.5050249260069286,-0.4867734683517078,5.698509332115795,3.080361459374771,52.70284777729507,-101.00108884038714
509627000,0.5046132017167916,-0.4866322352934277,5.689671993288725,3.0852471169710496,52.730665031091505,-100.91519057534593
509637500,0.5050705562716712,-0.48640393516003,5.6934981717809965,3.083129921382156,52.77970505723464,-101.00925218316061
509648000,0.504436072528977,-0.4864646496825172,5.684220479324575,3.0882687640304436,52.76474409726678,-100.87783324365057
509658500,0.5046836604363618,-0.4861824886792192,5.683828447348952,3.088486288745801,52.82423103909211,-100.92810705003997
509669000,0.5047511680568588,-0.486547635118694,5.69058060355314,3.0847440763110128,52.748718874713894,-100.94349134317007
509679500,0.5044363471263311,-0.48669493472721,5.687798345727855,3.086284962007931,52.71701015837279,-100.87876353423269
509690000,0.5047663467236742,-0.4863568202462503,5.687862690907019,3.0862493084269333,52.78836531308116,-100.94593164508987
509700500,0.5048363042390132,-0.486579112115999,5.692441992319539,3.083714059242184,52.74250000913167,-100.96126767571502
509711000,0.5045152644296302,-0.4863749684680513,5.684103415972976,3.08833371511261,52.78364577949783,-100.89391031892795
509721500,0.5044253704394398,-0.4863256203888958,5.681893365680998,3.0895604511167667,52.79353172802892,-100.87507533210051
509732000,0.5040344550704491,-0.4860590840566269,5.671497432903261,3.095344174435092,52.84721820674557,-100.79293852246039
509742500,0.5039057270632374,-0.48596214446099445,5.667939676939834,3.0973285427752435,52.8667708451541,-100.76584085069848
509753000,0.5044211084805246,-0.4861865362905929,5.679670739416816,3.0907951613245417,52.82236289262232,-100.87364357812619
509763500,0.5052045060293373,-0.4861862313283183,5.692277796044262,3.0838048908499975,52.82540980264629,-101.03628486095843
509774000,0.5044396177337143,-0.4864693852795139,5.684350925777662,3.088196390760103,52.763775865825195,-100.87858647180394
509784500,0.5043601944063614,-0.48631010410720926,5.680605770391879,3.09027561273476,52.7964936661195,-100.86149855690338
509795000,0.5045441286954773,-0.4860264569972895,5.679169106834332,3.091073965499958,52.856068992456215,-100.89853342831087
509805500,0.5044699281437703,-0.48642546927740354,5.684157344768718,3.0883037930768626,52.7729982628239,-100.88470256058267
509816000,0.5048980751892925,-0.4862074248028148,5.687666558220224,3.0863579878948206,52.819872090605145,-100.97271434935607
509826500,0.5045309529959808,-0.48665640989824976,5.688722972562503,3.0857727074172763,52.7253481350261,-100.89822851947834
509837000,0.5050466190912364,-0.48633710334868796,5.692073734529649,3.0839177830139004,52.79349535758906,-101.00403937742149
509847500,0.5048303277604609,-0.4865049102834574,5.691192729806086,3.0844052737411043,52.75787318840932,-100.9597571885666
509858000,0.5047828387399623,-0.4866933382425544,5.693355447254305,3.083208844520331,52.718613374454854,-100.95059047561716
509868500,0.5048574631154862,-0.4864526650846484,5.69081862180862,3.0846123278907776,52.768813874694345,-100.96519622710855
509879000,0.5044214815738124,-0.4865283778107232,5.68497424037147,3.087850615598642,52.7514762355631,-100.87505247262129
509889500,0.5046250977032536,-0.486540645951046,5.688441293599441,3.085928742811875,52.74970146818532,-100.91731715076104
509900000,0.5041426119206776,-0.4862711301091162,5.676509582799161,3.092552961429873,52.80370495689075,-100.81623263177926
509910500,0.5042917134810783,-0.48607068321900704,5.67580095651783,3.0929472790715957,52.84587478124208,-100.84633640528541
509921000,0.5041086524272093,-0.4860860645078907,5.673103221539324,3.094449373652332,52.841933016274986,-100.8084346116309
509931500,0.5050167765689096,-0.4855829486623503,5.679905462197336,3.090664721360813,52.950094794604944,-100.99495948349507
509942000,0.5050247539395791,-0.4856357451641036,5.68085032536069,3.090139755243238,52.9391480108903,-100.99682812163168
509952500,0.5046311881794211,-0.4856700867698346,5.675057007812386,3.093361361357797,52.93042265859938,-100.91516888221865
509963000,0.5041028371851708,-0.4859802612296553,5.67137538580669,3.0954122046687877,52.863848910735996,-100.8067880061531
509973500,0.5038263673621454,-0.4855134122011404,5.659756138537354,3.1019027540046484,52.95948199828254,-100.7474120655929
509984000,0.5037442518486099,-0.4858761101882327,5.66403043394762,3.099511922863856,52.88390585286216,-100.73199587707583
509994500,0.5035220614597393,-0.4861395626218386,5.664542448165755,3.099225777011032,52.82835501144928,-100.68711547861732
510005000,0.5039323136998254,-0.48581963100785264,5.66616654794759,3.0983184807554394,52.89643458607152,-100.77074008884362
510015500,0.5041164349991745,-0.48559299113496646,5.665618114922389,3.0986248004322854,52.9442538143656,-100.80795504846336
510026000,0.5040286885415064,-0.4854777496073398,5.662439634385852,3.100401302818581,52.96778721599292,-100.78923612066835
510036500,0.5040900428692491,-0.4856213671761083,5.665633198557561,3.098616374858004,52.93824978076368,-100.80260110621283
510047000,0.503983675837095,-0.48534303603765916,5.659647210652754,3.1019637316267064,52.995549327248405,-100.77928925668944
510057500,0.5045709180808888,-0.48508285292586484,5.665035005506645,3.098950555272573,53.05222448862823,-100.90014672062014
510068000,0.5044515337056651,-0.48529427827532395,5.666379158707006,3.0981997464199376,53.00774982190574,-100.87625127850859
510078500,0.5039522410512178,-0.48551687603547805,5.661820201081595,3.1007477534734376,52.95932717569066,-100.7735444566688
510089000,0.5040480095014309,-0.4855143980942874,5.663312860100252,3.0999130382783955,52.96026607761086,-100.79340857579065
510099500,0.5037982030714556,-0.48508400669708013,5.652707492098835,3.105853573411166,53.04847094168685,-100.73958917081372
510110000,0.5037614159981217,-0.48511924415183155,5.652661965084184,3.1058791247056847,53.04098235126056,-100.73211774825744
510120500,0.503484621814455,-0.48514836571581965,5.648700042111155,3.10810431787744,53.03362276804555,-100.67481471040733
510131000,0.5033641891697525,-0.48492717651294376,5.643395313369824,3.1110887415224333,53.07892687355087,-100.64874879483993
510141500,0.5034697559663708,-0.4848317814133085,5.6436128194510395,3.110966259409074,53.09924755637784,-100.67018566495399
510152000,0.5032007953235595,-0.48498262535797343,5.641648372167347,3.1120728334173045,53.06661169891249,-100.6151287239769
510162500,0.5035488232884495,-0.4856746646144806,5.657807628257691,3.10299389243122,52.92478733455089,-100.69058935531321
510173000,0.5042017384373556,-0.4853326545498142,5.662972697993532,3.1001032215889373,52.99868057552541,-100.82452266229265
510183500,0.5035697288803108,-0.48509364678933603,5.649215611370171,3.1078145687523078,53.04538475391092,-100.69221073553979
510194000,0.5036244936120837,-0.4852570663328918,5.652595608921629,3.1059163667807255,53.01173584598357,-100.70435001564304
510204500,0.5036562424714465,-0.48554692129553806,5.657556194496483,3.1031347483261884,52.95176046470291,-100.71227768532276
510215000,0.5032928201332355,-0.485485053210851,5.650813792449513,3.1069167402975,52.962896510568626,-100.6366513658714
510225500,0.5034235536255741,-0.48544532411623476,5.652285319455555,3.1060905272211254,52.97174813081032,-100.66356149418625
510236000,0.5031530186895024,-0.48535290113735613,5.646562009807958,3.1093064716776464,52.98961266932189,-100.6070463872452
510246500,0.5031095512075027,-0.48550054174881285,5.648135736959832,3.1084215190947018,52.958813161139844,-100.59875308334352
510257000,0.5034640781533191,-0.4855614307133425,5.654714967961718,3.1047273325763305,52.94786890274632,-100.6725038692007
510267500,0.5046757459269453,-0.4853029679058422,5.67010582497917,3.0961200494264824,53.006907160188035,-100.92289515115871
510278000,0.5039698863739971,-0.48495517343862576,5.653467651120722,3.1054270093200453,53.076034312653526,-100.77463993476019
510288500,0.5044529073024624,-0.48480934645434964,5.658940978407139,3.1023591378754944,53.10858320349914,-100.8743781839379
510299000,0.5039453014732668,-0.4847081854451181,5.649287915535834,3.1077739382884877,53.12724017738938,-100.76835801536394
510309500,0.5035320638823837,-0.4843380674133442,5.637054520989998,3.1146636601569306,53.202103707476255,-100.68063580007086
510320000,0.5030378380014561,-0.48366659446888455,5.619006272007634,3.1248848130601092,53.33899726134587,-100.57429861505429
510330500,0.5033616204730206,-0.4842471964056459,5.63296401781386,3.1169742824414755,53.220100261609595,-100.64474721426313
510341000,0.5036027891098209,-0.48438034871177743,5.6388232574465205,3.1136656173481594,53.19367888810369,-100.69554999117295
510351500,0.5036034825691164,-0.4841614471748972,5.6354923034463145,3.11554570875145,53.23918501133791,-100.69456868662652
510362000,0.5034243502027028,-0.48402907102189785,5.6306332802049255,3.1182924077630556,53.26576469133768,-100.65663141621516
510372500,0.5029787056128834,-0.4840827729665309,5.624397412240398,3.1218245871164605,53.25220030771516,-100.56432592387948
510383000,0.503398227132519,-0.4845025990331163,5.6374429359938985,3.1144444342794273,53.1672360487135,-100.65367610760266
510393500,0.5027035918978371,-0.4845690080604122,5.627452251582912,3.120093226094462,53.149808244107376,-100.50987589719422
510404000,0.5031773460916559,-0.4851114846334601,5.643248831761981,3.11117123379816,53.03977363164011,-100.61090646635886
510414500,0.503304613010579,-0.48431590445028083,5.633108274125266,3.1168927367399073,53.20552742543183,-100.63326471035032
510425000,0.5031477246619066,-0.48427051583967085,5.629930571107269,3.118690038959887,53.214125137894285,-100.60044021828432
510435500,0.50257398694862,-0.4842293420474746,5.6202342471717985,3.124187232229551,53.21954235078864,-100.48113642541067
510446000,0.5025635688132956,-0.4839094973936734,5.6152113029464985,3.1270426280889847,53.28584960642688,-100.4771674074773
510456500,0.5027324667391523,-0.48383757847707265,5.616782744296482,3.126148743052643,53.301744135955296,-100.511821890814
510467000,0.5029901570442001,-0.48407053793496074,5.624392295279335,3.121827488835067,53.25480395391313,-100.56663706514301
510477500,0.5037646335990803,-0.48412136949692797,5.637439198669666,3.1144465435194224,53.248351796446535,-100.7278740177751
510488000,0.5037127466921673,-0.48412290220081367,5.636638612897864,3.11489843803366,53.247765720494655,-100.71709005863089
510498500,0.5032348929960795,-0.4837079580463509,5.6227482012734304,3.1227601015912967,53.33149899748187,-100.61549750020194
510509000,0.5027961424056621,-0.4840954584112575,5.62170566945622,3.123351769891054,53.24856006448534,-100.52649079705867
510519500,0.5022434366426909,-0.48424651271589514,5.615283630985126,3.1270014742927374,53.21411716362758,-100.41269162262778
510530000,0.5023712763237357,-0.4844388299726537,5.6202218631827625,3.1241942656810684,53.17497624860091,-100.44027283450114
510540500,0.5025070963781237,-0.48454003805383167,5.623905880536773,3.122103349073097,53.154748608452174,-100.46898247650698
510551000,0.5025609907212183,-0.4841381669858573,5.618643303176336,3.1250910665300364,53.23838364180553,-100.47792972930081
510561500,0.5026502195078278,-0.4842607044053337,5.621914545118602,3.123233208490065,53.21345999114676,-100.49712455882171
510572000,0.5026552059371847,-0.48375852882346554,5.614365039885942,3.1275242230982254,53.317717703288274,-100.49532580656351
510582500,0.5031808816429942,-0.483955846160099,5.625663493567007,3.1211067871454685,53.27967301117614,-100.6056323044825
510593000,0.5030163694388261,-0.48379319642122287,5.620589970509615,3.123985213830949,53.312564484624936,-100.57054745656882
510603500,0.5022711213814122,-0.4841264296500506,5.6138964326764444,3.1277909646041584,53.23917014782815,-100.41774345587586
510614000,0.5024403293072807,-0.4843662555017289,5.6202073365170655,3.1242025161005267,53.190404727869414,-100.4541824544571
510624500,0.5025279123471896,-0.4841688214559612,5.618587373901301,3.1251228502377053,53.23183835407898,-100.47124000152805
510635000,0.5027788607919716,-0.48391289349795613,5.618658325864274,3.1250825294893767,53.28636713163906,-100.5218821894301
510645500,0.5024322473378675,-0.48400766214554625,5.61463173091531,3.1273724372445937,53.264727359208656,-100.45047936449924
510656000,0.5027288159382045,-0.4841586341071484,5.6216031412575855,3.1234099699805244,53.235074088804595,-100.5128671533371
510666500,0.5025455859448222,-0.4835849669587181,5.610007469098863,3.130006423881885,53.353124083772514,-100.4715521321872
510677000,0.5030363981475123,-0.4838588896468804,5.621904649477658,3.1232388252199343,53.2990253545511,-100.5750753643606
510687500,0.5028297337903117,-0.483502250656057,5.613230058136957,3.128170358824047,53.37196697668125,-100.53010424177096
510698000,0.5028048794572959,-0.4836091816524167,5.61445937774571,3.1274705294791305,53.34960179642972,-100.52555683635607
510708500,0.502601092842003,-0.48371952515547717,5.612920823851342,3.1283464501274945,53.32550466852596,-100.48386382729481
510719000,0.5028708456198863,-0.4836144440024859,5.615579442560979,3.1268331724095457,53.34888712750265,-100.53929476086711
510729500,0.5028346362322551,-0.4837099499056456,5.616457275280057,3.1263338376024388,53.32883549612888,-100.53231677858865
510740000,0.5030547959363567,-0.48330590065556334,5.61380303514547,3.1278441340248553,53.414097543329696,-100.57576397751143
510750500,0.5031909615978976,-0.48382041776075,5.623763048443485,3.1221843627522277,53.30787569973516,-100.60698521061765
510761000,0.5027810123160469,-0.4836407068887635,5.614561168293193,3.127412596156063,53.34291431086522,-100.52077930905779
510771500,0.5030604310365858,-0.48392034570619485,5.623218750793596,3.1224931247283383,53.286389101632594,-100.58040905268788
510782000,0.5029037298616267,-0.4840139620003996,5.622165911989838,3.1230905404133824,53.26607707266102,-100.5483768571912
510792500,0.502506128599662,-0.48353436787844356,5.6086201784493905,3.1307975015366862,53.363400125691655,-100.46305937570789
510803000,0.5026590872559215,-0.48264123368951395,5.597531381611152,3.137135246833403,53.55001134470191,-100.48943077741022
510813500,0.5026956533740629,-0.4830327514714665,5.604014360797146,3.133426787646136,53.46878395771774,-100.49944615524593
510824000,0.5027343362706088,-0.48299318229733035,5.604024809603912,3.133420817767733,53.477248177453454,-100.50725203459257
510834500,0.5032572369005901,-0.4837069146768304,5.623085642302198,3.1225686421472885,53.33183962686229,-100.62013791993172
510845000,0.5028007765905524,-0.48298557514196283,5.604954844418812,3.132889538683398,53.47923235597114,-100.521026987887
510855500,0.5019984453346937,-0.482819774220104,5.589865692463298,3.1415317171797112,53.50869947151295,-100.35319456430226
510866000,0.5020600620203108,-0.4826055208224597,5.587606475012824,3.1428298142308098,53.55362103128452,-100.36461307687507
510876500,0.5017492542268268,-0.4822792036143972,5.5778521446307145,3.1484469111752276,53.61938591095799,-100.29784268280844
510887000,0.502348420182336,-0.482719621394405,5.5938391152875875,3.139251302913973,53.53175024025054,-100.42529614109733
510897500,0.5024880597514766,-0.4826472035680082,5.594937717317596,3.1386213871570563,53.54769543467104,-100.45388179526033
510908000,0.5021421407592409,-0.48245656754466043,5.586651199340623,3.1433790210586245,53.58512511400783,-100.38070703031897
510918500,0.5018353748411907,-0.48233313821974977,5.580004684724989,3.1472056117485234,53.608755618701956,-100.31610781010497
510929000,0.5020725099147101,-0.4826125693047995,5.58790719994424,3.1426569616827753,53.55223680505344,-100.36724634983611
510939500,0.5021461841246158,-0.4826124424942285,5.589058137687166,3.1419955960304984,53.55274057305069,-100.38256102759377
510950000,0.5027516279667065,-0.4827805281002397,5.601085737815534,3.1351009500268354,53.521596657241716,-100.50955199631474
510960500,0.5018855452739621,-0.48325113621873844,5.594597330853303,3.1388165304150344,53.41841489056338,-100.33249593066508
510971000,0.5025297944153604,-0.48273401136370825,5.596900581192612,3.1374965574033347,53.52989931557719,-100.46310921064045
510981500,0.5019741330812774,-0.48290032998650984,5.590697908016248,3.141053817433659,53.49180978615223,-100.34866141760081
510992000,0.5018308722001784,-0.483020687084929,5.5902684077207,3.141300439605213,53.46589952078318,-100.3196847968282
511002500,0.5019901003538949,-0.4827272135212359,5.588342313964324,3.142406898158589,53.527876515221166,-100.35086328098491
511013000,0.5020249017300823,-0.4828085044133472,5.590110113907569,3.1413913429291975,53.511210964839144,-100.35861859273108
511023500,0.5025563023546213,-0.4828829799701491,5.599563323800004,3.135971960395056,53.49907949461447,-100.46954895015162
511034000,0.5022552855868028,-0.48256453565626817,5.5900454092223,3.1414285023939232,53.56340602940622,-100.40493749989865
511044500,0.5029862203050551,-0.4827054982243148,5.603641792290093,3.1336396680027945,53.538649706247895,-100.55792723212406
511055000,0.5021510775720255,-0.4830800877669019,5.5961786200156,3.137910186392702,53.455592952626255,-100.38655236973415
511065500,0.5024327034160906,-0.48274308100602914,5.5955140939612775,3.1382910068632617,53.52740375378766,-100.44297163374861
511076000,0.5024055254404833,-0.4827281392820861,5.594862733236474,3.138664373357711,53.53033994416843,-100.43722532234945
511086500,0.501942906212049,-0.48252639537024217,5.584585388076494,3.1445673604771063,53.569300756802,-100.33974415486009
511097000,0.5018890623047667,-0.4826289366892538,5.585284718384362,3.144164975303057,53.54763773300147,-100.32922892036464
511107500,0.5018437909339584,-0.4824242909522847,5.581503851663411,3.146341675615795,53.58986529845119,-100.31846719353607
511118000,0.5011979249233479,-0.4822537493944957,5.56888562550604,3.1536282768958426,53.62087519232212,-100.18313490247044
511128500,0.5016105070922234,-0.48272813787231184,5.582424404015937,3.145811419602574,53.525196830203136,-100.27202860385331
511139000,0.5010458892613194,-0.48276207733897575,5.574133795832151,3.1505934947013117,53.51435181544608,-100.15510934029524
511149500,0.5013965786159654,-0.48292717454491274,5.582076332123733,3.146011894520813,53.482473411153045,-100.22895222148068
511160000,0.5015076369603826,-0.48276820389340797,5.581420806842893,3.14638951992998,53.51619658242887,-100.25094064280465
511170500,0.5016781949779001,-0.48295511621008497,5.586893971742774,3.143239428026423,53.47852444047108,-100.28756978470867
511181000,0.501406837053769,-0.48304856514823435,5.584061242995581,3.144869014714616,53.457362671762375,-100.23188103364483
511191500,0.500163014202918,-0.4832171714388257,5.5672393830047575,3.154581443478502,53.414010930605,-99.97544653351756
511202000,0.4988445068801164,-0.483046057657017,5.544317210032417,3.1679140555791756,53.43973248946501,-99.70190024871164
511212500,0.4989065601141714,-0.48313230385247485,5.5465573502642025,3.1666060632642323,53.42241263271359,-99.7153514853614
511223000,0.4998028964444579,-0.4824394271721723,5.550047850957572,3.164570174776099,53.57228303132188,-99.89532634508075
511233500,0.5009228192490973,-0.4821664517846822,5.5633076678677265,3.1568602464544986,53.637048247346385,-100.12541096684984
511244000,0.5012592111754316,-0.4822890409831614,5.570366712168697,3.1527712322392993,53.613975829406975,-100.19610618371684
511254500,0.5018613213656036,-0.48228321475650443,5.579660799889758,3.1474038524637353,53.61930849674238,-100.32116628576973
511265000,0.5017312173280238,-0.4818103284679918,5.570551211034959,3.1526645032286336,53.71676272161921,-100.29086559781113
511275500,0.5012909795924264,-0.4819526166667119,5.565830263164217,3.1553977799773407,53.68407764564352,-100.20033823962802
511286000,0.5012711999180423,-0.48185219627367887,5.564023280312353,3.1564452332181965,53.70480392691692,-100.19551212623846
511296500,0.5010466095555682,-0.4815839788025409,5.556539322614337,3.160790953249692,53.75891399912135,-100.14689066531655
511307000,0.5013609490656942,-0.4816723492675435,5.562732984477761,3.1571936089942323,53.74283311962315,-100.21287754091888
511317500,0.5021105495086561,-0.4811303863936315,5.566302709932992,3.155124032781224,53.861046187989295,-100.36506142952081
511328000,0.5018524963676324,-0.48146877836397456,5.5673360821121625,3.1545254390524144,53.788704374025805,-100.31370294654829
511338500,0.5021264891941698,-0.48128011286163086,5.568785114743717,3.153686455457852,53.82994836407948,-100.36944762576492
511349000,0.5014021359822737,-0.4814011670677238,5.559329258146186,3.1591695039275702,53.79953526120608,-100.21947750272638
511359500,0.5010244051526191,-0.481761726257019,5.558843847578716,3.1594514930339255,53.72181850842386,-100.14357986870947
511370000,0.5008549276674606,-0.4818647000968315,5.557752114300185,3.1600858986203333,53.69919441026067,-100.10913456738096
511380500,0.5008274242191298,-0.48206827907148814,5.560362292946402,3.15856955335032,53.65673578198805,-100.1049069140507
511391000,0.5008277020696121,-0.4813494524447174,5.549661031287746,3.1647956629146745,53.80602011871771,-100.09964725962865
511401500,0.501271419080027,-0.4812475823651766,5.555015404364862,3.1616773319117093,53.83052686316947,-100.19114993656405
511412000,0.5016159594422303,-0.480953584358985,5.555983999228131,3.161113895845546,53.8942925689486,-100.26069925825574
511422500,0.5014212720842365,-0.48198048040116814,5.568272055423262,3.1539834629771146,53.67920859022771,-100.22761093885596
511433000,0.5014521936842429,-0.4818018081148168,5.566083111798353,3.1552512673306445,53.7165684330085,-100.23277521120694
511443500,0.5011275426695523,-0.48252550106606995,5.5718588789481425,3.1519082520662316,53.56398296820569,-100.17041839018646
511454000,0.5000843196601036,-0.480522827890175,5.525964977748697,3.1786709948780345,53.97194150568011,-99.93863629076904
511464500,0.501569554100837,-0.47955213123847507,5.534505502201998,3.173655895508343,54.18627880574103,-100.24016883031058
511475000,0.5001302240618363,-0.48024061390394956,5.522508740422408,3.180705097462279,54.030988955864395,-99.94584270960121
511485500,0.5009208399254289,-0.48065745637168056,5.540833009148176,3.169950613197145,53.95065683726123,-100.11369398012498
511496000,0.5007356398212904,-0.4808488605052538,5.540810352414333,3.169963864996413,53.909384686884216,-100.07665919635377
511506500,0.5014965678203487,-0.48119376848948575,5.5577057486315375,3.160112847385928,53.84339084271958,-100.2376099074218
511517000,0.501708891851273,-0.4811615243243423,5.560521569785968,3.158477071415632,53.85166007682476,-100.2815869057488
511527500,0.5008817104947314,-0.4813428559060619,5.5503983101511,3.1643659102361115,53.807798757005386,-100.11082216311225
511538000,0.5001385407705808,-0.4812149304468178,5.537030732946142,3.172176112910589,53.828635272539266,-99.95547481913643
511548500,0.5003553194026891,-0.4806895805792984,5.532593097711521,3.1747774917778004,53.93948701617067,-99.99631810289989
511559000,0.501091862253548,-0.48019414121786286,5.536616670268112,3.1724186575690423,54.04850196344548,-100.14565260655971
511569500,0.5012448384795533,-0.48214805124294924,5.568034112681168,3.154121226058904,53.64315307104786,-100.19213460477003
511580000,0.5007034476180086,-0.4819734133792175,5.557026166610894,3.160507889011021,53.67551959171989,-100.07848807106532
511590500,0.5007331969022761,-0.4818993979318867,5.556383610089114,3.1608814995345087,53.69109875164887,-100.08411885044717
511601000,0.5014582604333818,-0.48220530502208914,5.572210747582173,3.1517048218436754,53.632749714411055,-100.23686628476935
511611500,0.5014202868406741,-0.48217918299059137,5.571228712948591,3.152272644188982,53.637913243254374,-100.22879594884989
511622000,0.50114806690001,-0.4817519178903816,5.560615538640731,3.158422512243699,53.724755692841775,-100.16920186560023
511632500,0.5007155763275116,-0.4797056206230747,5.52361764889796,3.180052183781455,54.14724764398509,-100.0632459145467
511643000,0.5010260011590087,-0.4818150633169175,5.559663884178819,3.158975139571156,53.710750362850064,-100.14429984085292
511653500,0.5002088091312441,-0.48019806197479453,5.523087733374428,3.180364158667372,54.04049306265416,-99.96183215783806
511664000,0.5015280008560247,-0.480419118531219,5.546685189964891,3.1665314520597048,54.00502031908333,-100.23832887368201
511674500,0.5014552689502351,-0.4812994875245896,5.558639117373814,3.159570442020365,53.82108217485952,-100.22978989225395
511685000,0.5011563744156774,-0.48154301416863,5.557630506326523,3.160156580888596,53.76823573608391,-100.1694046962784
511695500,0.5010294864844212,-0.4789891324266886,5.517907144021517,3.183417368261883,54.299385076786315,-100.12269386136222
511706000,0.500568423102202,-0.48011159709746454,5.527337311866776,3.177864063238125,54.06145976318368,-100.03595277961274
511716500,0.5012856356476556,-0.48088722058081185,5.549879110346644,3.1646685344613648,53.9056368932469,-100.19140514062009
511727000,0.49996865616995273,-0.4812751133380182,5.535307472570711,3.17318579046117,53.81480208220613,-99.9206974818352
511737500,0.5009986424636659,-0.4801523777809829,5.534562135469662,3.173622693170219,54.05645942074423,-100.12589276513683
511748000,0.501445591747836,-0.48002663283676505,5.539600231862038,3.170671820681888,54.086236920380955,-100.21808052746944
511758500,0.5006932993681378,-0.47953931335608513,5.5208285814915445,3.181694874132677,54.18172840992198,-100.05720821034801
511769000,0.5013123042159287,-0.4799479642380407,5.536379764113801,3.1725574464755795,54.10158888015109,-100.1896499138968
511779500,0.5010420550148734,-0.4806501624207142,5.54259651826711,3.1689194899817794,53.95312154639999,-100.13886993403183
511790000,0.5000125648361193,-0.4814604487439748,5.538729787742621,3.171181253517293,53.776702660266665,-99.93126690394776
511800500,0.49978553030828954,-0.4815803880919099,5.537013451043256,3.172186235346046,53.750052233872836,-99.88513616996714
511811000,0.49990472386039564,-0.47992860175139057,5.514461944784197,3.185451099854863,54.0939702515415,-99.89631171726404
511821500,0.4998620182844798,-0.48046849152995325,5.521752895921983,3.181150286165214,53.98139053749472,-99.89199717919901
511832000,0.5006331077768633,-0.47934481031529264,5.517046426452936,3.1839252113556498,54.221773423883135,-100.0430084385158
511842500,0.5003690117675577,-0.4799324846354549,5.521635252358409,3.1812195889802313,54.097094616796454,-99.99295167722575
511853000,0.49982589697663726,-0.481411554568531,5.5351323857384225,3.173288412166739,53.785371050231475,-99.89217057971109
511863500,0.4998745955613149,-0.48134492649597327,5.534894491635898,3.173427857156695,53.79957419431422,-99.9017405783492
511874000,0.5007979228938232,-0.4810250918210513,5.544384479906588,3.167874761556588,53.87321990165719,-100.09098005078124
511884500,0.5009813789375417,-0.4805005512795082,5.539444245343463,3.170763100591002,53.98379716952695,-100.12506498798693
511895000,0.4997754073930672,-0.4810698621627393,5.529300057264452,3.1767106897739654,53.85583456453462,-99.87895988555697
511905500,0.5006180142807026,-0.47964413707035297,5.52121440126345,3.1814675337534535,54.15924491448938,-100.04239755054355
511916000,0.5003004305093816,-0.4798908597281676,5.5199703974547525,3.1822006681818356,54.10518374550126,-99.97832533799173
511926500,0.500132720319045,-0.47916171643865874,5.506699314248681,3.1900430935126467,54.255598730177,-99.93711064220106
511937000,0.4998470293884651,-0.47968654385375187,5.510025027927393,3.1880741253541034,54.14382220588809,-99.88222218610561
511947500,0.5000500931960976,-0.4805214575769289,5.525419282881653,3.178991978286842,53.97194453521604,-99.931512448038
511958000,0.5006933046600092,-0.4802114156665205,5.530730995982107,3.1758703567312123,54.04169705306073,-100.0627692287946
511968500,0.5001578584247278,-0.47986275653596067,5.517371095240114,3.183733630085905,54.10982737960321,-99.9484128957464
511979000,0.500348249107037,-0.48043070284170797,5.528660350219131,3.1770865095797713,53.993255956074265,-99.99275087195146
511989500,0.5007851784637602,-0.48053300397676685,5.536898261286701,3.172253706487465,53.97548970277634,-100.08447716571546
512000000,0.5008451618527708,-0.48009608974988166,5.531366453521763,3.17549732207178,54.06694870476038,-100.09346064000343
