frequency_hz,s11_real,s11_imag,swr,return_loss_db,resistance_ohm,reactance_ohm
118000000,0.9056382409906679,-0.1758822125385318,24.826125028250168,0.7001166551185694,186.8595677742973,-441.485886639139
118009500,0.9056028716025326,-0.17598850152196388,24.821306795984448,0.7002527067648501,186.68648685208458,-441.264483980997
118019000,0.9056142163241521,-0.17630329874389342,24.845077754365988,0.6995820029121074,186.01443932971094,-440.8516048128762
118028500,0.9058084411041795,-0.17646045786629905,24.91899373291622,0.6975046330892231,185.41802427341653,-441.0371039639931
118038000,0.9060897970840158,-0.17658399580607603,25.020084825960343,0.6946834254585433,184.7694397526632,-441.4485804249381
118047500,0.9060155422560244,-0.17663501520931926,24.99873412758523,0.6952773680872942,184.76742076727396,-441.22345261430434
118057000,0.9060051231481555,-0.17686328611729749,25.01005485905209,0.6949623167607387,184.30969238694908,-440.8834135716592
118066500,0.9060244288121548,-0.17708528159862055,25.0308767046906,0.6943835986020236,183.82472428720106,-440.6136256660965
118076000,0.9062573811245841,-0.17714075218132663,25.112194339123988,0.692132680051921,183.38493840151233,-441.0158797801461
118085500,0.9065314307198893,-0.17726905987940308,25.21266651255819,0.6893716372812215,182.73644506445606,-441.3994044630101
118095000,0.9063134309671943,-0.1774479540091849,25.151112853074306,0.6910605515591216,182.67524227747512,-440.7007975313074
118104500,0.9062657240219183,-0.1776620626935085,25.14918015986587,0.6911137150300949,182.3034815862684,-440.3033498562533
118114000,0.9063020152370811,-0.17781298821040672,25.171304959616037,0.6905056070831987,181.94424245718272,-440.16633819676986
118123500,0.9065416417534033,-0.1779642514534048,25.262123646221365,0.688020601015406,181.29970977717457,-440.4430003282626
118133000,0.9067663670089328,-0.1780736193227799,25.34569978006336,0.6857495271924983,180.76075881595264,-440.746565394109
118142500,0.9065979834244605,-0.17821054084709995,25.297607945028314,0.6870545249555481,180.71948680654717,-440.2115289931322
118152000,0.9066374074612309,-0.17848938044999046,25.32963329234092,0.68618494788273,180.09862595918796,-439.8995365600525
118161500,0.9067054577058802,-0.17862206367582273,25.361702311052337,0.6853163890424052,179.73455072517143,-439.85059081804945
118171000,0.9070363959819995,-0.17881972287058528,25.488409156954663,0.6819060652592523,178.86883847444034,-440.23962605610285
118180500,0.907097735859538,-0.17892286650987965,25.51655226704256,0.6811531953462546,178.57434007382406,-440.2172166092623
118190000,0.9069534291089267,-0.17898530417643554,25.471105708056204,0.6823697853530486,178.65271264286957,-439.83861985694574
118199500,0.9069674669454342,-0.1792512604649342,25.494004347123372,0.6817562530415475,178.0988112965006,-439.4914133045232
118209000,0.907073236275091,-0.1794153559658286,25.541677113609424,0.6804824723521558,177.6207887223576,-439.4715063438461
118218500,0.907413042219567,-0.17952835765873723,25.667408624022684,0.6771457508415664,176.91337933299457,-439.99054833461486
118228000,0.9073789594669389,-0.17958492748754842,25.659427186181315,0.6773565924727667,176.8488711043696,-439.8421550162652
118237500,0.9072721427448299,-0.17978530289987268,25.636045044824144,0.6779750235709439,176.60096263627838,-439.3450243636961
118247000,0.9073196137128102,-0.18009421984353136,25.67393524795297,0.6769734378735193,175.91978007756745,-439.0016935645358
118256500,0.9075057824102774,-0.18027803826098285,25.751859847381777,0.6749228649684902,175.29150162042455,-439.1097195843956
118266000,0.9077378541780309,-0.180353069930408,25.838823997905397,0.6726490433286682,174.81285290562772,-439.4617946517413
118275500,0.90760548568525,-0.1804893392610789,25.801684664740556,0.6736182346365538,174.7322793770812,-439.0063730107215
118285000,0.9075478054034756,-0.18070401287176144,25.79641490429349,0.6737559811911188,174.39118582754801,-438.58761719016445
118294500,0.9076070357641371,-0.18088656329470434,25.83011697459582,0.6728760120900621,173.9481509041254,-438.44476371423974
118304000,0.9079226494757225,-0.18105872642541432,25.954209257624463,0.669655661127289,173.16100999359298,-438.8185371015395
118313500,0.9081417330306717,-0.18119949558116544,26.042548880760556,0.667381864789482,172.57232769919938,-439.04587839532246
118323000,0.907973361183457,-0.1812641999693755,25.986919746652116,0.6688119124295737,172.68669083801788,-438.6243524448357
118332500,0.9079786123946244,-0.1815288504719857,26.007691033898347,0.6682772321473966,172.16301983782617,-438.25678636245266
118342000,0.908025604653868,-0.18168454289082256,26.03566185102505,0.6675585764234064,171.79306382099534,-438.1259726146949
118351500,0.9083109777863155,-0.18182742217275236,26.148644812128456,0.664671369965188,171.10742521877302,-438.47553589445755
118361000,0.9084193095549775,-0.1818883247464031,26.192266842429074,0.6635633120116303,170.83394993641625,-438.5981040968329
118370500,0.9082803694449048,-0.18199316398306328,26.149579238243128,0.6646475954874682,170.83022422798163,-438.1787297562012
118380000,0.9082639304749052,-0.1822485316360479,26.162147885896797,0.6643279783697855,170.36030551440163,-437.78136908170626
118389500,0.9083997108602291,-0.182458333701651,26.226642427319653,0.6626927267740618,169.7616333288226,-437.7425203052199
118399000,0.9086716879979879,-0.18250578126735198,26.329324429314834,0.6601057912325359,169.2797615788154,-438.19734894671745
118408500,0.9086209110910825,-0.1826373220490545,26.32041327269497,0.6603294948982591,169.1001995452799,-437.9106224756669
118418000,0.9084721620919877,-0.1828051111100767,26.278400595835333,0.6613862184367394,168.9920329649813,-437.38455789394885
118427500,0.9084499143278846,-0.1829894954385199,26.28382666305595,0.661249549070081,168.6710727437343,-437.0777916220296
118437000,0.9087222709602137,-0.1831545584680705,26.39579435778492,0.6584419173212192,167.96513122577522,-437.3608742357181
118446500,0.9090084914913175,-0.18328773883601857,26.511447357006205,0.6555668098572538,167.29912315626981,-437.7140854914142
118456000,0.9089273941454228,-0.1834268462971186,26.491786577940236,0.6560537988420729,167.15168046918802,-437.3592645431136
118465500,0.9088903621018805,-0.18361453583656603,26.49210697969708,0.6560458568272407,166.84890077119144,-437.0186423778299
118475000,0.9089725022002435,-0.18378270629727153,26.535190368737357,0.6549796690720273,166.41221600822345,-436.93195677281824
118484500,0.9091672792491042,-0.1839242327436075,26.61845014893473,0.6529290268654884,165.86386131997554,-437.0957375506938
118494000,0.9093213645354598,-0.184108566343483,26.690180132028594,0.6511726306728365,165.29367166687737,-437.11960408704533
118503500,0.9092244342679486,-0.18419454275527006,26.66033395914079,0.6519023008997814,165.27206749151574,-436.81292118437244
118513000,0.9090981343460762,-0.18437088696660645,26.626424169347864,0.6527333050549373,165.12294983287714,-436.321177593436
118522500,0.9091521575657779,-0.18456737935816206,26.661583820242793,0.651871711853049,164.67668766660833,-436.1392917020007
118532000,0.9094349776658995,-0.1848200177746255,26.787429714817073,0.6488063984419047,163.79611445156218,-436.3031185186983
118541500,0.9095404682784566,-0.18494126369730718,26.836752394564293,0.6476128652410358,163.41742408898247,-436.32425853737453
118551000,0.9094127911005119,-0.18503095398415603,26.79526556943207,0.6486164887893096,163.43515743205984,-435.956811929501
118560500,0.9094061083076348,-0.18528995585390878,26.812707957931263,0.648194154424703,162.96356117964572,-435.5703029456372
118570000,0.9094738386212364,-0.18544068857766977,26.850069997713568,0.6472913525505106,162.5863890949972,-435.4781620649244
118579500,0.9098488237995408,-0.18559815154643022,27.005627990405856,0.6435593984662655,161.75217293801208,-435.9434179299691
118589000,0.90984496092429,-0.18563461178099988,27.00700184906595,0.643526630342649,161.6904817471276,-435.88334939170903
118598500,0.9097802709505659,-0.18577968007875037,26.99352833876037,0.6438481334461634,161.516825578685,-435.5536045308864
118608000,0.9097297293659216,-0.18598280590433536,26.9900588487056,0.6439309739963783,161.2162066100454,-435.166334185956
118617500,0.9098827692494101,-0.18612486665090716,27.060116515487003,0.6422623383287551,160.73359173150163,-435.2415329810357
118627000,0.9101834265971113,-0.1863056871730167,27.190956022744782,0.63916905492887,159.96549287711832,-435.5294791488288
118636500,0.9100720768018148,-0.186340743834885,27.150460702982542,0.6401232477212195,160.06336013355062,-435.2748444270876
118646000,0.9100034425935444,-0.18652924498281778,27.138814092236714,0.6403982052416269,159.81867310739267,-434.87573087113674
118655500,0.9099374535668614,-0.18675865520165036,27.131472696044,0.6405716451169485,159.49622200826167,-434.42290099065167
118665000,0.9102443038383164,-0.18691830411200433,27.26373254761581,0.637461353046649,158.760697469541,-434.7489597312469
118674500,0.910477833414202,-0.18705498574603727,27.366457384705082,0.6350663926293247,158.1727561853485,-434.9732968498232
118684000,0.9103554642789111,-0.18718665966100495,27.328947985944303,0.6359388093630393,158.11273357555297,-434.5599775554869
118693500,0.9103092869454512,-0.18741129807106827,27.3289643159293,0.6359384290284052,157.77409410485947,-434.1498841474218
118703000,0.9104229125630933,-0.18759789355650297,27.388851779764607,0.6345466707072729,157.2726870247421,-434.08331963266454
118712500,0.910718231059226,-0.18775278853275526,27.518594516754046,0.6315523115893916,156.56392262174447,-434.38826249314
118722000,0.910788528380455,-0.18784612504207807,27.554302209773535,0.6307331613514046,156.29384697659393,-434.3779905328527
118731500,0.9106567133598165,-0.18791262195356037,27.50722780374698,0.6318135158391335,156.36710314109297,-434.0447379373903
118741000,0.9105832309151108,-0.18810885233972646,27.494114688584297,0.6321151206326094,156.12298971327317,-433.6273769742988
118750500,0.9106981772513305,-0.18824833290179355,27.551386128736212,0.6307999778126655,155.70650439342137,-433.6295198374772
118760000,0.9110331035269547,-0.18846292772778514,27.70359007852356,0.6273313309392164,154.83528727895666,-433.9126065193257
118769500,0.9110329064047574,-0.18851698723744334,27.708023219507954,0.6272308738956338,154.73951010010197,-433.8331629460497
118779000,0.9108837201014108,-0.18870545484778925,27.663638643971524,0.6282381035157282,154.6229445179282,-433.2930622944561
118788500,0.9108174487300014,-0.18885452906640743,27.649416099967294,0.628561544079036,154.45540955348653,-432.9583482020491
118798000,0.9110634794091806,-0.18903405906393742,27.763699110721607,0.6259719672533961,153.77915886368777,-433.13142111626826
118807500,0.9112844109128916,-0.18923524778325373,27.87049558979411,0.6235712509573416,153.10143338434528,-433.2265666847222
118817000,0.9112615084570889,-0.1892910310499239,27.865878573600433,0.6236746574549354,153.0368247401067,-433.10461140273594
118826500,0.9111927318771667,-0.1893824996594001,27.845590883140375,0.624129444196408,152.97661883351213,-432.8499261336965
118836000,0.9111664427408541,-0.1896412826714672,27.85681028663715,0.6238778581857789,152.5609798766962,-432.42582227057005
118845500,0.9113365484745096,-0.18973519126118404,27.93432469446767,0.6221451890604962,152.14805443464968,-432.5863601216529
118855000,0.9115654770738105,-0.1898979239543801,28.04243162044315,0.6197447054742407,151.5285354550204,-432.747859480357
118864500,0.9114576661731119,-0.18993885476445815,28.00149902466487,0.6206514189503713,151.6151258695591,-432.4998501363991
118874000,0.9114126753119473,-0.1902020674363967,28.005575067999356,0.6205610099891283,151.22259897858362,-432.0364620494429
118883500,0.9114508025957233,-0.19031935106256245,28.031379948223584,0.6199892539679878,150.96310176694192,-431.93126800669177
118893000,0.9117441144973872,-0.19050534828587948,28.169049340331394,0.6169566521702045,150.21121702801875,-432.1672986843848
118902500,0.9118762542494486,-0.1906480732412256,28.236653183141073,0.6154783043400677,149.77054331257136,-432.18622686219896
118912000,0.9117855220480365,-0.19074655503759474,28.207341877284712,0.6161184070965042,149.7337166750817,-431.88509715347504
118921500,0.9117171707563139,-0.19094809407374558,28.196422326617775,0.6163572098276986,149.48653094924782,-431.4720450677716
118931000,0.911785610328143,-0.19107375782734662,28.23600844373045,0.6154923699008801,149.17019345848615,-431.40577691321494
118940500,0.9121467438927262,-0.1912311953199975,28.40180233242407,0.6118964872793974,148.37003176309116,-431.794334900935
118950000,0.912134667507206,-0.1913571849240513,28.40787244328122,0.6117656308943211,148.1721158133536,-431.5883993905835
118959500,0.9121679963864873,-0.1914137235217934,28.427009848809792,0.6113534426526368,148.0264426327917,-431.5622686567734
118969000,0.9120252126297628,-0.19150864608766593,28.375041910897217,0.612474043236267,148.07393964752953,-431.17889955800575
118978500,0.9120166475443112,-0.19165452661558569,28.384367304898465,0.6122726544330468,147.83753397143454,-430.9503771089658
118988000,0.9121717675800575,-0.19188876533635926,28.470964527787096,0.6104088316768501,147.21127601037213,-430.87088537882977
118997500,0.9122669398835104,-0.19200575131487732,28.52195818170203,0.6093166017802267,146.87290509207904,-430.86072690906224
119007000,0.9122951542924121,-0.19208674851822471,28.54127314946158,0.6089039160672056,146.69412421229316,-430.7895928412817
119016500,0.9123368878476753,-0.19226930708385212,28.57555154061319,0.6081728955060542,146.32381104027823,-430.59209496447716
119026000,0.9123982439042513,-0.1924680304106782,28.61980582054849,0.6072317221217358,145.89815224281392,-430.4038321110249
119035500,0.9125434585675318,-0.19264647177707395,28.69850500273474,0.6055651748045807,145.38423242063632,-430.3861369337608
119045000,0.9126543311449223,-0.19278619055341253,28.759199500804552,0.6042861349519933,144.98637291358511,-430.3668463081661
119054500,0.9127000466358596,-0.19294925740547095,28.793974846853082,0.6035557326758796,144.64569708932183,-430.2034681954572
119064000,0.9125516241190202,-0.19306486340238313,28.74023818878317,0.6046851334693559,144.6703543653228,-429.7850588464637
119073500,0.9126321126111896,-0.1931742091905533,28.785141455234886,0.6037410969754216,144.36931969876747,-429.7590424342122
119083000,0.9128288110707831,-0.19340370161871617,28.89197118090746,0.6015069414937592,143.6973621645392,-429.7496374269019
119092500,0.9128972477225844,-0.19348623266570045,28.929573114197026,0.6007244940329006,143.45930301483605,-429.7420085562357
119102000,0.9128079751357742,-0.1936621024692783,28.906816136899423,0.6011977937367755,143.2984622512914,-429.33498404190186
119111500,0.912776534528427,-0.19378797924865804,28.90474910673192,0.6012408208034127,143.1358623802812,-429.0979301128499
119121000,0.9129066224566893,-0.19393708424966322,28.975666701060767,0.599768120059146,142.69789676998403,-429.0942583094671
119130500,0.9131660611232785,-0.19413088391411676,29.108362668083643,0.5970318054267495,141.99608078418123,-429.2373391421872
119140000,0.9131806612697853,-0.19421053586529244,29.1223508381326,0.596744810896246,141.84334547588065,-429.14400722214594
119149500,0.913169432110461,-0.19441363347925714,29.136551739735566,0.5964537339810573,141.5258707089146,-428.8264068152484
119159000,0.91314344614698,-0.19449398337977017,29.132610135751683,0.5965344968402713,141.43218348488872,-428.6654980126001
119168500,0.9132920440620539,-0.1946905526850141,29.217426538744967,0.5948014379397867,140.89132161947342,-428.61968670401575
119178000,0.9134211802060799,-0.19485316340426143,29.290747479977487,0.5933113644500818,140.43527056671644,-428.5911379018003
119187500,0.9134567354104778,-0.19489604178378508,29.31081754420394,0.5929047893028858,140.31287511396604,-428.5859360185776
119197000,0.9133300366741088,-0.19508962902377164,29.272512938728138,0.5936812398905894,140.18396553977755,-428.09432310375877
119206500,0.9134171248723203,-0.1952658186688939,29.328510915257016,0.5925468227576981,139.76929514010337,-427.9767415797557
119216000,0.9135192660049604,-0.1954849911399078,29.39567850777921,0.5911918373414033,139.26349305753084,-427.8198224541152
119225500,0.9136093770325954,-0.19561822474029025,29.449360277730985,0.5901133532492968,138.91525235753815,-427.76941551270954
119235000,0.9137095418412452,-0.19578982840515566,29.511553713140323,0.5888687787273715,138.49065855648905,-427.6782680519995
119244500,0.9136117385718491,-0.1959089835938676,29.478700129001588,0.5895255681534364,138.44265978977788,-427.34521258822565
119254000,0.9137462600890496,-0.19603093342420524,29.55184659818292,0.5880652632804743,138.04842399154342,-427.38214159839526
119263500,0.913926568441577,-0.19619816005490914,29.650820372938956,0.5861008221425629,137.51420080498238,-427.42505458415326
119273000,0.9139066734209769,-0.19628908280597668,29.65064982626979,0.5861041958768941,137.39786976145714,-427.2590854240827
119282500,0.9138579619442335,-0.1964673704141192,29.64587420244302,0.5861986824904474,137.18441058436983,-426.91849136678445
119292000,0.9139300857253063,-0.19647661805317415,29.6799364407,0.5855254204679015,137.06340430098354,-427.02011903103687
119301500,0.9139728659473011,-0.1967036802624628,29.722149825145667,0.5846931894804648,136.63815234348243,-426.75385908892105
119311000,0.9141584969257671,-0.1969588326913393,29.83354131670098,0.5825084414764372,135.95890211988265,-426.67296096180826
119320500,0.9141597007327141,-0.19706023068230435,29.844258816264,0.5822990976204216,135.79631973455852,-426.5253725736798
119330000,0.91409989922294,-0.19717826717495693,29.82829511876236,0.582610969844558,135.69744009619515,-426.25676950045505
119339500,0.9141315315212618,-0.19729233538105725,29.85444292134854,0.582100311933206,135.4704307842929,-426.13889687137436
119349000,0.9142982031463691,-0.19751974655618615,29.955166041956947,0.5801415634474714,134.86610445193955,-426.0669838759575
119358500,0.914355048902714,-0.19764305266660423,29.994314747459352,0.5793837982314175,134.5882530909801,-425.974740599194
119368000,0.9144436183950333,-0.1976778243402307,30.039490928760493,0.5785118221309927,134.40299434098893,-426.0626973620684
119377500,0.9143867208507095,-0.19782174937672703,30.027360892986998,0.5787456942201191,134.26088555223924,-425.7611796189555
119387000,0.914408017211448,-0.19796480586521645,30.05196485657831,0.5782715167826055,134.00526126191812,-425.5838530330923
119396500,0.914567723893856,-0.19817913521342226,30.14939482177485,0.5764014161675356,133.43481378277914,-425.51778344685744
119406000,0.9146059629970663,-0.19829596307085262,30.17956065862748,0.5758248545435302,133.1962077014857,-425.4052122614375
119415500,0.9146514210385651,-0.19843057637026815,30.2150640038073,0.5751477532063815,132.91957476296201,-425.27757452200564
119425000,0.9144924300607961,-0.19853431354742054,30.150220978216048,0.5763856104023324,132.992284365598,-424.8775586398872
119434500,0.9146370140274922,-0.19867274550826966,30.233244159644197,0.5748016470589031,132.56455613942146,-424.898463748666
119444000,0.9147878574307516,-0.19887365428175346,30.326226475892113,0.5730379845880793,132.03117690242775,-424.8362293481227
119453500,0.9147407567193394,-0.19901427781893463,30.318308903263212,0.5731877410651128,131.88319872028993,-424.55635363265
119463000,0.9147411799277652,-0.19915055500632925,30.332730999314514,0.5729150137094957,131.67228207691306,-424.3565155397449
119472500,0.9147308275054163,-0.19922559061276124,30.335602778011733,0.5728607382682861,131.5718576681211,-424.23022910050435
119482000,0.9148118669152938,-0.19945000260256507,30.398060089627606,0.5716828602705755,131.10753390190726,-424.02499972809596
119491500,0.9150103648195341,-0.19966424697697702,30.516606941071245,0.5694604684156069,130.48704717165617,-424.0141787419933
119501000,0.915032984518763,-0.19978571531457875,30.540465503718615,0.5690152809601166,130.26798031517097,-423.8699828586296
119510500,0.9149925451390051,-0.19994932765979856,30.538181103346023,0.5690578764495149,130.0776448667939,-423.5676044713191
119520000,0.9150110590406398,-0.19998608235744417,30.55108424415089,0.5688173650368413,129.99437742917968,-423.54181593628147
119529500,0.915144644040699,-0.2001392313017583,30.63253068371164,0.5673039041162753,129.56470833202877,-423.5200275599987
119539000,0.9152951821041517,-0.20025871747982626,30.719117284893215,0.5657037376875039,129.16154145908754,-423.57284279179294
119548500,0.9153599072704386,-0.20036764413503924,30.76269882595607,0.5649017392299764,128.9009863312074,-423.5105138548521
119558000,0.9152849319339423,-0.20046236333564865,30.735995895917398,0.5653928631169703,128.8679161654634,-423.25746786264835
119567500,0.9152906320321511,-0.20058467052299542,30.751989108683127,0.5650986112438239,128.67447741899335,-423.0861596979434
119577000,0.9154865506690719,-0.20082126536938358,30.874472580380825,0.5628552113740569,128.02910506347402,-423.03361695050546
119586500,0.9155946730616473,-0.2009558931573693,30.94292560380581,0.5616091746299029,127.66725941090593,-422.9979800423891
119596000,0.9155879271382448,-0.20109103541729925,30.954353538427597,0.5614016915932387,127.47423060074512,-422.7887739451762
119605500,0.9155342390154054,-0.2011621132621584,30.935379178196925,0.5617462699774698,127.44661510204412,-422.6036167679163
119615000,0.915558625658497,-0.2012240476501693,30.95431474021466,0.5614023957455071,127.31789182288715,-422.54906663520694
119624500,0.9156868462781825,-0.2014509784834647,31.043378023599594,0.5597906184742532,126.78973384979905,-422.4069827512272
119634000,0.9157105946988422,-0.20160803019699372,31.072642169172497,0.559263044381916,126.52046015253865,-422.211334077729
119643500,0.9157344832181399,-0.20174629863970084,31.09996010165075,0.558771453565879,126.27940786351779,-422.0435525830503
119653000,0.9156395962916045,-0.20183952492957816,31.06259966403526,0.5594439785422916,126.28015329747238,-421.7654353464659
119662500,0.9156654621925515,-0.20205537392139383,31.09952056183984,0.5587793563160247,125.92166291198878,-421.4870716634894
119672000,0.915873956125634,-0.20229901613537174,31.23201357352174,0.5564072674455658,125.25498538496525,-421.43799331803103
119681500,0.91591282318627,-0.20236427450429598,31.259062771210164,0.5559254663025325,125.10153530940877,-421.3995106051776
119691000,0.9158897673200181,-0.20247441677537326,31.259716253975,0.5559138367733103,124.9729490040946,-421.20375455224365
119700500,0.9158238405325765,-0.20260764648804636,31.2412011005198,0.5562435252720213,124.87340326947158,-420.9112044782047
119710000,0.9160069877605492,-0.20280158507757914,31.356333353187004,0.5541997559674116,124.31972597241426,-420.89592687438096
119719500,0.9161263670063114,-0.20297032059295583,31.43664422005236,0.5527829904891172,123.89718388027507,-420.8231586325541
119729000,0.9162064914993131,-0.2030641096668839,31.488554212303352,0.5518710944774315,123.64232529795436,-420.8025754981662
119738500,0.9160931638827896,-0.20316928548191315,31.442243696846518,0.5526844801897267,123.65502541543756,-420.48263367615226
119748000,0.9161313663307346,-0.20326664621295465,31.472995543367933,0.5521440955694025,123.45691482691076,-420.39560914216906
119757500,0.9162576912613021,-0.20351040254583608,31.56613602563595,0.5505138214028064,122.91676936910014,-420.2220104897747
119767000,0.9163686952935893,-0.20366227803727302,31.641238024606633,0.5492062785040229,122.5334418006906,-420.16029665081146
119776500,0.9164734561534372,-0.20382761555699536,31.714998587448008,0.5479281239963061,122.14024368586084,-420.06928332080173
119786000,0.9163442532086284,-0.20394332102944854,31.66104375986085,0.5488624908238957,122.16247372200718,-419.71278715705364
119795500,0.9163518958301565,-0.20393798479006275,31.6644047953028,0.5488041927436962,122.15898708496492,-419.73165127947794
119805000,0.9163808783185512,-0.2042445056318364,31.715123850082154,0.5479259584537619,121.67439349690532,-419.32456266399345
119814500,0.9164648907698689,-0.2042943716487959,31.76488657643411,0.5470670120709621,121.47962931867306,-419.3724464490269
119824000,0.9166022625280585,-0.20447170766311626,31.857836453321593,0.5454698135144029,121.02365216333612,-419.30991497683465
119833500,0.9164845240107932,-0.20448166072251098,31.797086406657527,0.5465126500835691,121.18182255761094,-419.1264307301581
119843000,0.9167204114422332,-0.20473605211390855,31.95143561050694,0.5438708577358486,120.47205315871095,-419.0915897147742
119852500,0.9168534606952549,-0.2048175349035526,32.03176936735791,0.5425059741139975,120.16059199406389,-419.1620394712492
119862000,0.9168388765119261,-0.20499055361535232,32.04459670710369,0.5422886697375885,119.93541537064014,-418.88749712091203
119871500,0.9168635208507989,-0.20508873414839418,32.06944488056725,0.5418682187911807,119.75960658503105,-418.77865385147226
119881000,0.9167039608520502,-0.20514183880187514,31.99083056106022,0.5432006737273043,119.91769323458826,-418.4740161918531
119890500,0.9168507950474606,-0.20532556703629914,32.09095258281906,0.5415048174966246,119.44196928803427,-418.41372318197125
119900000,0.9169623168840907,-0.2055639736589843,32.17930847459169,0.5400170287709811,118.94127217478162,-418.22264205970447
119909500,0.9170672531345306,-0.2057116145147582,32.25361734619668,0.5387720886263766,118.57925270611366,-418.1546079032046
119919000,0.9169427883759244,-0.2056680783282199,32.18135802996717,0.5399826141917858,118.82281784677026,-418.04274241293814
119928500,0.9169304023661788,-0.20600226987749257,32.21503489833431,0.539417765481183,118.37012213023264,-417.5369608899729
119938000,0.9170192986113238,-0.20614304596230487,32.2800322313409,0.5383309267538868,118.04260301654924,-417.4562694404154
119947500,0.9171871827481657,-0.2065532375293145,32.4211953005277,0.5359855231489173,117.22361455154801,-417.0921860071286
119957000,0.9171447150826211,-0.20647409235633074,32.38837959245035,0.5365289256372511,117.39608417644189,-417.1484604609112
119966500,0.9171668906666537,-0.2064115904555663,32.39278865981707,0.5364558508389436,117.45101650455229,-417.2707135864027
119976000,0.9172057172055599,-0.20644454521849892,32.417961012772494,0.5360390315097134,117.34825419038017,-417.27681022635534
119985500,0.9172387001924116,-0.2067687884960667,32.47581322366162,0.5350835302960206,116.84815938174086,-416.8493227917861
119995000,0.9174715075047938,-0.20717475930659832,32.65406763665937,0.532160744429981,115.94534696272225,-416.5796111815434
120004500,0.9175585221644751,-0.20701385280341023,32.6820955684968,0.5317040819730899,116.04081633046985,-416.93514009743245
120014000,0.9173729418074089,-0.207181887998845,32.60059548193335,0.5330341527453573,116.07931313935924,-416.4329023255623
120023500,0.9174264496931482,-0.207252330103401,32.63886306370266,0.5324088028058874,115.90388930965774,-416.40413310156754
120033000,0.9175698808667031,-0.20745534386295866,32.74366395563348,0.5307036883094238,115.41456152587195,-416.30577636067744
120042500,0.9176034980629139,-0.20776357320782154,32.80115340540351,0.5297729649514975,114.94182797086313,-415.90240780879697
120052000,0.9176894055830469,-0.2077343489436052,32.845389115640025,0.5290590325782716,114.85662491800309,-416.0628882462297
120061500,0.917487082093783,-0.20774187320715254,32.733689008241335,0.5308655104986456,115.1412117034277,-415.774227036324
120071000,0.9176021519754142,-0.2079007280442083,32.81771923192085,0.5295053788600538,114.75576557691693,-415.70070619686084
120080500,0.917648246051859,-0.20816462272597297,32.87689130821107,0.5285517823014398,114.32778381314151,-415.37950900716726
120090000,0.9177908169284437,-0.2084024611168917,32.98723718332077,0.5267826335409531,113.79615179838999,-415.22759235483824
120099500,0.9177941060263665,-0.20845717680932074,32.99609055685439,0.5266412027901818,113.71696148213194,-415.1524171406935
120109000,0.9177803980301212,-0.2084951157718545,32.993222449964236,0.5266870118656823,113.68534698599422,-415.07857679125857
120118500,0.9177703715294209,-0.2086957350837214,33.01327500474683,0.5263669016196475,113.42763100102202,-414.7732419459059
120128000,0.9180978168012582,-0.20902794528046556,33.24213019231521,0.5227409372513068,112.50223752531055,-414.7326418756034
120137500,0.9180693817010066,-0.20892327017916265,33.2122815243827,0.5232110210079569,112.68483316502801,-414.8467088256642
120147000,0.9179832651854533,-0.20924784619776052,33.20532554497766,0.5233206915822661,112.37270237812818,-414.25860625589297
120156500,0.9178851715867914,-0.20918020066134732,33.14070386410602,0.524341743710411,112.60619207114841,-414.22476967325764
120166000,0.9177638909979433,-0.20933698065990297,33.092170501389056,0.5251112175996983,112.5709536418465,-413.834178092425
120175500,0.9181109551880952,-0.20974419912748568,33.34330718036225,0.5211537779153965,111.52180851209188,-413.7093361610034
120185000,0.9182662247709014,-0.2096219943272784,33.41668799815955,0.520008674468563,111.45966863520547,-414.0943893496273
120194500,0.9180376069596565,-0.20970602075107767,33.29618831654179,0.5218917284986655,111.6792264981469,-413.66663379813514
120204000,0.918065299176162,-0.20987236898533618,33.3339009568337,0.5213009263684897,111.41681371659126,-413.462534776347
120213500,0.9182602221700418,-0.21003824939174748,33.46821745299385,0.5192075640916138,110.91312808419474,-413.4818153930327
120223000,0.9182691173099526,-0.21045395404068282,33.52858712668531,0.5182721530505479,110.3484276205551,-412.89118025225264
120232500,0.91836015278447,-0.2103373334906374,33.56599911320885,0.5176941550884702,110.37101797227935,-413.1807375927039
120242000,0.9182304158487913,-0.21049416186290176,33.51146335820859,0.5185371383001801,110.35120335288742,-412.78175135460594
120251500,0.918271678936012,-0.21065796953630747,33.557280052144016,0.5178287452850451,110.07490420591536,-412.5993762594934
120261000,0.9185635484009255,-0.21080230233122121,33.74745641523799,0.514908921052345,109.46199106228646,-412.77528907746046
120270500,0.918599144070133,-0.21113753099310703,33.8138264949278,0.5138976629210931,108.97003690292512,-412.3364639124324
120280000,0.918772768975664,-0.21100622997568708,33.89876139277714,0.512609320308445,108.89057148114802,-412.75444261881404
120289500,0.918593562981341,-0.21098538741568199,33.789900494602,0.5142617568566418,109.17775802930434,-412.549451563329
120299000,0.9185222764123294,-0.21130257433614744,33.79085803328142,0.5142471755975884,108.86499954833232,-411.99706985374354
120308500,0.9186596045992929,-0.2114261084556735,33.88889296255732,0.5127586786127382,108.50494857404269,-411.9980519259334
120318000,0.918753946951322,-0.21159346300040777,33.96787781547049,0.5115656804916449,108.1502038401476,-411.8790765713597
120327500,0.9186856273502897,-0.21159351423252487,33.92722876520084,0.5121789550054583,108.2489139569406,-411.789979268183
120337000,0.9186558271260129,-0.21171666944457143,33.92638110203524,0.5121917594034596,108.13155543050904,-411.5732580095264
120346500,0.9186977066491017,-0.21198430275953742,33.98806033426667,0.5112617311473825,107.7233410205277,-411.2414434711869
120356000,0.9188288288135559,-0.21211403934145961,34.08438465162868,0.509816046876424,107.36603579498718,-411.22414546609326
120365500,0.9188300486572817,-0.21228369469850947,34.10862869336904,0.5094534673035704,107.1449178765132,-410.9809506854251
120375000,0.9188630334024648,-0.21228579444926154,34.12873852599812,0.5091531077142964,107.094630450587,-411.02052279495854
120384500,0.9188262521653688,-0.21240247912933713,34.122838726093725,0.5092411901424981,106.99706557363442,-410.8048086162705
120394000,0.9188527580224194,-0.21267037801344388,34.176086562669994,0.508447316557551,106.61389572196144,-410.45309234970335
120403500,0.9190530986695948,-0.21297151506747677,34.33962840798311,0.5060244723473407,105.93921067858778,-410.2764826177574
120413000,0.9191396626885079,-0.2131112689035344,34.41214110675984,0.5049575845249745,105.6359109967723,-410.1858535626685
120422500,0.9189856364963991,-0.21298131569658,34.30001568814448,0.5066092057855819,106.02378369482214,-410.1760390897204
120432000,0.9189686332164868,-0.2131547910754001,34.31411313072526,0.5064009549806863,105.82641291946585,-409.9048036375439
120441500,0.9191856966428699,-0.21334266444741942,34.47314978377573,0.5040634363457529,105.27463182579059,-409.91139314057466
120451000,0.9192538398808648,-0.21359127136046566,34.55046291600184,0.5029348689081844,104.86064962159757,-409.64032206091383
120460500,0.9193511884241948,-0.21348887637296843,34.595801350500686,0.502275395869872,104.85048174275784,-409.91125234376005
120470000,0.9192932833250509,-0.21366911279055265,34.585910711318384,0.5024191132080562,104.70521747749875,-409.5783836136028
120479500,0.9192597101517166,-0.2137548332427499,34.577497385783985,0.5025414289993734,104.64489450192734,-409.41262036855227
120489000,0.9193900127055518,-0.21399265728205188,34.692292540961525,0.5008776198876874,104.1570314876224,-409.23555397981363
120498500,0.9193274732301149,-0.21418767111844916,34.68167073233053,0.5010311066299238,104.00100720152608,-408.8767068927815
120508000,0.9193312641661959,-0.21414899171858534,34.67843475943989,0.5010778856292696,104.04428917637122,-408.9369799359413
120517500,0.9192595634264547,-0.2142129153572255,34.64325595566493,0.5015869923491613,104.06659922939174,-408.7549780590949
120527000,0.9194214010718045,-0.2143593184933762,34.76489939740524,0.499830953688976,103.65036927800779,-408.7485868802375
120536500,0.9195370279221575,-0.2147773814903381,34.898172525069214,0.49792109451711486,102.9609218108195,-408.29396936883643
120546000,0.9195499324673585,-0.21474421753323517,34.90140988440787,0.49787488342150826,102.9838559244384,-408.3576240925006
120555500,0.9194741179066621,-0.21482528906392742,34.865751207794354,0.4983843604056665,102.99120090436071,-408.146773486084
120565000,0.9194332159286196,-0.21496185297873016,34.86012516143337,0.4984648383929999,102.87929421077794,-407.9003120754229
120574500,0.919732024417412,-0.2151873147365213,35.08157608090035,0.49531658976314985,102.17102377532204,-407.9494187968794
120584000,0.9196499005752384,-0.2155272564297466,35.07997759858046,0.49533917199046906,101.86718787136704,-407.36126747753246
120593500,0.9198632575197693,-0.2153723444626333,35.192541456833226,0.4937539676187646,101.75360003137793,-407.8469826430173
120603000,0.9197190079371634,-0.21541329762496345,35.10687269200206,0.49495949114110876,101.90944547811564,-407.60974360166955
120612500,0.9197673904454956,-0.21555408564387485,35.15858780783691,0.4942310571004421,101.66605373256148,-407.4682067187192
120622000,0.9197906928844716,-0.21590686894866204,35.22620721644353,0.4932818321060548,101.19764727697162,-406.9928015829372
120631500,0.9199164098253272,-0.21602893313975927,35.325091445122524,0.49190026717215257,100.86803276304485,-406.9730152158227
120641000,0.9198516615560309,-0.21607347231785973,35.290257197954176,0.492386071218362,100.90580389799611,-406.829906573211
120650500,0.9198423700883123,-0.2160819540864654,35.28557880306654,0.4924513899908062,100.90865120477946,-406.80639231483735
120660000,0.9198370218920804,-0.21622124526261285,35.30313649514997,0.49220634266316543,100.74539316577417,-406.6011193349832
120669500,0.9199790686793583,-0.21652375107974142,35.44041123130806,0.49029881813747817,100.1728506064482,-406.34354520762946
120679000,0.9200524263073525,-0.2166048328753504,35.500254551620564,0.48947187606358766,99.96937014075705,-406.31740095881986
120688500,0.9201286034013613,-0.2166022351926866,35.54931780284336,0.48879597651848017,99.86386244340174,-406.41392240790464
120698000,0.920036420711559,-0.21672425007276533,35.50811247973865,0.489363498853842,99.84674455275675,-406.12768497890227
120707500,0.9201552961639875,-0.2168958912425747,35.61175018643089,0.48793859756734714,99.46872331261288,-406.02758101980595
120717000,0.9203174485433387,-0.21711325685723556,35.751492946939116,0.48603038229227113,98.97422433035021,-405.9141987908679
120726500,0.9203324766227274,-0.21717217776661443,35.77051812829692,0.4857717436417478,98.88156838908134,-405.8483691434775
120736000,0.920224089343818,-0.21717330529879317,35.69951575594507,0.4867383949259937,99.03462528973307,-405.71573438541907
120745500,0.9201526460088114,-0.21727402562184353,35.668300854969836,0.48716458439944665,99.01453203666019,-405.4860384645086
120755000,0.9202325718732489,-0.21746706929255646,35.750614557511135,0.48604233024865706,98.667918781523,-405.3079979445794
120764500,0.9203943112303087,-0.21778559631513078,35.9070697153583,0.4839234365975153,98.05504042389532,-405.04963608147756
120774000,0.9203292690238869,-0.21792704707203978,35.88616525736056,0.4842054783239801,97.97787616537923,-404.7707506836079
120783500,0.9202990879654948,-0.21787422070704324,35.85792734437535,0.48458698513214277,98.08402440610936,-404.80956356780206
120793000,0.9204085454564221,-0.21802761924370306,35.9545392220314,0.48328419967051617,97.74496000675191,-404.7228696881182
120802500,0.9205034400427198,-0.21828431640741106,36.05830143912755,0.4818927750997743,97.30383626004978,-404.47180632084104
120812000,0.9205073593059955,-0.2185271308034112,36.099456698300436,0.4813431108625502,97.00935041272038,-404.13214690687744
120821500,0.9205286635841821,-0.218498562416487,36.109183334953556,0.4812133863757583,97.0131031920813,-404.1979555469365
120831000,0.9205430629328683,-0.21852984652489466,36.123810639455876,0.48101843313686843,96.95551959122854,-404.1707159580621
120840500,0.9205534798715205,-0.2185887225382975,36.1401738099046,0.48080053137067447,96.87084178459904,-404.09963371462186
120850000,0.9205664011659842,-0.21891894219652544,36.2016001360211,0.4799843006955522,96.46133694607991,-403.647341019054
120859500,0.9205845332315301,-0.21907920148056018,36.23951034291872,0.4794819332010597,96.24639367790024,-403.4421058025766
120869000,0.9206794759830413,-0.2190900955191042,36.30541950477932,0.47861103674014327,96.09925807692777,-403.5386906987766
120878500,0.9205512043421696,-0.21913512539443644,36.22601197191432,0.47966068637182924,96.2275197775857,-403.3237460336569
120888000,0.9205804520821682,-0.2192468420129991,36.263694092879064,0.47916201114861934,96.05452731781827,-403.2004048834831
120897500,0.9206602917197065,-0.21953871853902227,36.36486730743561,0.47782822790556095,95.59871649425342,-402.8821926991407
120907000,0.9207602335986189,-0.21972866764973295,36.4637577930296,0.47653169653750926,95.23516628462932,-402.7312425677824
120916500,0.9207908093314817,-0.2197593417814599,36.489643473295864,0.4761934764736745,95.15614863189116,-402.72371690264725
120926000,0.9207751476647944,-0.2197975126140695,36.48516630000618,0.4762519404823339,95.13362550780596,-402.65155368553496
120935500,0.9208215883146332,-0.21990061146117254,36.53378648320659,0.4756178141083775,94.94771119374545,-402.56036516697174
120945000,0.9208973672535558,-0.22030446989304453,36.65220663769081,0.4740803691829329,94.3708271437712,-402.0793927792317
120954500,0.9209977185868954,-0.2202756327721407,36.716743571298075,0.47324666653208086,94.26290152470227,-402.2365095095553
120964000,0.9210074842591006,-0.22037489762225487,36.73994011178722,0.47294772449744366,94.13400432895743,-402.10792313623796
120973500,0.9209748957339167,-0.22036102283646258,36.71508629944149,0.47326803885024016,94.19600756094292,-402.08969048714323
120983000,0.9209624835873575,-0.22057039711269222,36.741186482580076,0.4729316727693262,93.9709763551027,-401.78053244430566
120992500,0.9210803156311306,-0.2208077251658099,36.86257105225261,0.47137359272127033,93.5311291801509,-401.5827277845857
121002000,0.921136604874799,-0.2209222817657971,36.921042864509424,0.47062671330447803,93.32000619401231,-401.4864277755587
121011500,0.9210758820742536,-0.22099109407613515,36.89015365700308,0.4710209759413391,93.32619618499295,-401.31982133131766
121021000,0.9210742490732388,-0.22104126900899632,36.89741911441542,0.4709281819208515,93.27078593206701,-401.24745045159233
121030500,0.9211579895364942,-0.22122649138509265,36.98715387542551,0.4697851023733228,92.9404999489422,-401.08344643459736
121040000,0.9212388430466129,-0.2215327667831782,37.0958211669595,0.46840826107682443,92.47654407394178,-400.7460559408196
121049500,0.9213488742425859,-0.2215999971873611,37.18506740095009,0.4672835121314855,92.2454090096101,-400.77725439897137
121059000,0.9212526532804721,-0.22153903427488814,37.10663116397407,0.46827173708416403,92.45001122214148,-400.7530314767335
121068500,0.9213460374932705,-0.22164194665255962,37.19020980080833,0.46721886829850373,92.20157232096768,-400.7151362981541
121078000,0.9214576751430924,-0.2219173070239655,37.31677001472732,0.46563353027623705,91.7317353672642,-400.4557426819079
121087500,0.921408191935418,-0.22212518945916954,37.31720286498947,0.46562812670553405,91.56535572351325,-400.10825854903766
121097000,0.921413954633337,-0.22217348103663334,37.32962852685186,0.4654730620014181,91.50259638622117,-400.047161912347
121106500,0.9213133674215758,-0.2220863193480176,37.242987237495015,0.46655644877167723,91.74216745236271,-400.0551965993917
121116000,0.9214412586980074,-0.22241675103025524,37.39113418515198,0.46470702751286974,91.18938060375314,-399.7376077239211
121125500,0.9213760026659775,-0.2226709029855875,37.38836084314569,0.46474151435546535,90.99402321827527,-399.30895820783667
121135000,0.9214609195791381,-0.22276703011677587,37.46597683672347,0.4637782795112919,90.7673448223379,-399.2703145422465
121144500,0.9215171378750024,-0.2228064320902569,37.513311697876375,0.4631927995212088,90.64457949921811,-399.2784679685413
121154000,0.9214384950036827,-0.22285590206122063,37.46530459542682,0.4637866050562698,90.6987820603356,-399.12109622188393
121163500,0.9215752120769712,-0.22301091306541496,37.5909847070831,0.46223526727116887,90.33416770725165,-399.05815117262745
121173000,0.9215207780655361,-0.22336043205782077,37.61286362025255,0.46196626421499254,90.01927370881899,-398.51013683775915
121182500,0.9216989823937924,-0.2233947598353585,37.74847517742147,0.460305870120268,89.73274860904434,-398.66102345746873
121192000,0.9217063635017023,-0.22349487353117775,37.77158137964581,0.46002415316158185,89.61098984918377,-398.5297134663593
121201500,0.921635227914197,-0.2235321316857394,37.72627360654472,0.4605768828865635,89.66860157286895,-398.39866062477455
121211000,0.9217902698102957,-0.2237366012133802,37.87598413616544,0.45875553522156726,89.2255786312169,-398.2862194941481
121220500,0.9218164729034696,-0.22398849720592068,37.94025330294109,0.4579780625301707,88.91018168445629,-397.9646863934275
121230000,0.9218760897634143,-0.2240641389131627,37.99780251376962,0.4572841154998394,88.743684932015,-397.92534961175954
121239500,0.9218887850975145,-0.22400738937818454,37.9969927383126,0.4572938654435582,88.78870238401521,-398.0183247058904
121249000,0.9218427591949329,-0.22407950259282244,37.9759461369174,0.45754741889498934,88.77307191885087,-397.8671791448148
121258500,0.9219083954877478,-0.22435347585375187,38.07381371601807,0.45637076527755066,88.37986250800328,-397.5587815840544
121268000,0.9219268860536239,-0.22460036873635203,38.132204007863116,0.45567162246468307,88.08294412721922,-397.23636729125354
121277500,0.9220255149536662,-0.22461793581984132,38.20890851811782,0.4547564417839197,87.92679955783885,-397.3201360997694
121287000,0.9218934071086896,-0.22459860535500303,38.106995469764975,0.45597319676141196,88.13131735527443,-397.2020809692174
121296500,0.9220127043087015,-0.22469184240135853,38.21279019382321,0.4547102262770748,87.8636081846244,-397.20351691280075
121306000,0.9220250978053145,-0.22501893226010544,38.28174976339284,0.453890752051456,87.48888270117656,-396.76358305406416
121315500,0.9220414677417101,-0.2251335782392464,38.315023615403696,0.453496401278389,87.34122247951026,-396.622665420649
121325000,0.9220973732684687,-0.22524078264020805,38.37674881833343,0.452766666559385,87.14712878773906,-396.5351095472691
121334500,0.9221077947269883,-0.22528063474026921,38.3919352193924,0.4525874880789481,87.089368738211,-396.4912778787074
121344000,0.9221251726356706,-0.2253926882078412,38.4256992999204,0.4521896265606886,86.9435945096514,-396.35509886874075
121353500,0.9221936786523757,-0.2257297502605826,38.53998874087622,0.4508480656169882,86.48377600821513,-395.9633117122864
121363000,0.9223286370051518,-0.22586761874370384,38.66850543841108,0.4493489801088751,86.14845707813002,-395.918477675051
121372500,0.9223342151876713,-0.22587344050367733,38.67385861751193,0.4492867541367285,86.13447118129571,-395.91644443135596
121382000,0.9222493554249857,-0.22581150307767983,38.59754318102742,0.45017548562660026,86.31854928993086,-395.91049927347035
121391500,0.922294555920517,-0.22605393362182608,38.67734527517055,0.4492462340947114,85.99485641815478,-395.62443288032586
121401000,0.922333620363803,-0.22629261213172883,38.75209602538731,0.4483792764982348,85.68452041958429,-395.3371419578645
121410500,0.9223853798678878,-0.2264275983095056,38.81734053166286,0.4476253029949803,85.46848835150887,-395.20652696411827
121420000,0.9223725768127593,-0.2263518130723369,38.793178600414365,0.44790422533787816,85.5673252788494,-395.2972881274066
121429500,0.9223693789906088,-0.22640949079031883,38.80160646460865,0.4478068956396113,85.50993497128489,-395.21434937595416
121439000,0.9224330338016111,-0.226749662967764,38.91516984940543,0.44649951602815274,85.05869011349219,-394.8138487945417
121448500,0.9224382328587676,-0.22704031545012557,38.97458343132239,0.4458185647145441,84.74208871105348,-394.4196664532094
121458000,0.9225131395866836,-0.22700417816215654,39.02586453216849,0.44523248964120027,84.67752094507098,-394.54895702289264
121467500,0.9225490809494863,-0.2270174857226492,39.056391231503454,0.4448843411388684,84.61394512609213,-394.5688410204786
121477000,0.9225538590521447,-0.22708954507253237,39.073936760537215,0.44468448561229806,84.53085829584492,-394.4748057774824
121486500,0.9225822135127271,-0.22740445413637403,39.15669072557312,0.44374427768473806,84.15829338877984,-394.0721487943649
121496000,0.9226139509895931,-0.22752586817133813,39.20502796679006,0.4431969323655157,83.98645438515159,-393.93902062478116
121505500,0.9227184594422527,-0.22761144284685897,39.30384099624753,0.4420822177637591,83.75274457779172,-393.93178446449417
121515000,0.9226002976266878,-0.22758067523962935,39.20492151263836,0.4431981363120357,83.9473455035771,-393.8494128728199
121524500,0.9226929537557349,-0.22775836269296512,39.31231804151204,0.44198684896268914,83.63303472894974,-393.7033255078684
121534000,0.9228073461776981,-0.22804436482712725,39.45880669858708,0.44034529273888595,83.17588153392421,-393.43134107823914
121543500,0.9228039352880663,-0.22813715326421624,39.47432515017568,0.440172106676675,83.08337077675542,-393.30063610252427
121553000,0.922740691981178,-0.22826962682955576,39.4501021789487,0.4404424949433155,83.03133332927375,-393.05312970591876
121562500,0.9227715376551198,-0.22825316157217507,39.47137536375177,0.4402050158310849,83.00634922395362,-393.10791381505277
121572000,0.9228748202919677,-0.2284544623108398,39.59345102758329,0.43884718469206135,82.65485319633159,-392.9403247372283
121581500,0.9228940985599521,-0.2286733892266968,39.65231665545022,0.4381954199332415,82.40056087194893,-392.6610599792415
121591000,0.9228808461161755,-0.22871514409119334,39.64998647069134,0.43822118310742975,82.37526003676403,-392.5902340555634
121600500,0.9228892364424884,-0.2286920816149304,39.652131910171356,0.4381974624181092,82.38777048461557,-392.63046318955963
121610000,0.9229302909593311,-0.22884357878027928,39.715274785777446,0.43750048226556726,82.17435674149506,-392.466160781065
121619500,0.9230027248759475,-0.22909165882607246,39.82334295285557,0.436312741991575,81.81853710607201,-392.20254588233814
121629000,0.9229529248323892,-0.22928662733470923,39.822221736831686,0.43632503177812276,81.68502231319438,-391.8852801485854
121638500,0.9229628169040603,-0.22933999956181841,39.84095253801484,0.4361198119697188,81.61648036702078,-391.82278396796113
121648000,0.922971264403704,-0.22930288018255002,39.84032509491091,0.43612668328320137,81.64326499143897,-391.88206304431606
121657500,0.9229905843831424,-0.22948792820378872,39.893252933484796,0.43554781537319515,81.42624161562841,-391.6499775824665
121667000,0.9230525746388436,-0.22967975570413368,39.98246132861421,0.43457562029467905,81.14466961647943,-391.45267743575147
121676500,0.9230520965571695,-0.22988151159239,40.02304015291328,0.43413482632564426,80.93840464023152,-391.1778883820515
121686000,0.923183880638775,-0.23001485581610723,40.15820562784841,0.4326729992625462,80.62288642171997,-391.13150516350856
121695500,0.9231817916418299,-0.22998490869700433,40.150358239643765,0.4327576001954406,80.65633186961307,-391.1700780056342
121705000,0.9232040107372282,-0.23009059579943378,40.190286588812604,0.43232748543128785,80.51817597351467,-391.0491310899671
121714500,0.9231991074709643,-0.23038224693296022,40.246194989202685,0.4317266659322453,80.22760518749737,-390.64817227809357
121724000,0.9233346318445825,-0.23047972466308309,40.37854632438661,0.43031098803836626,79.94464493810908,-390.6536511513657
121733500,0.9233158833288523,-0.23052192967665866,40.371726245377346,0.4303837111083726,79.92724382974563,-390.5773485485262
121743000,0.9233435448471575,-0.2305147460641727,40.39321627085241,0.4301546444518205,79.89700078016617,-390.6151685417106
121752500,0.9233799364438785,-0.23064660802774617,40.450913645727915,0.4295408408062087,79.71393216144624,-390.47316170737463
121762000,0.9234403886796108,-0.2309732632171991,40.56968675351203,0.42828279297354804,79.30177731479196,-390.0914977376255
121771500,0.9234617985204974,-0.23104828155004095,40.603389566335544,0.4279271532759504,79.19714155363178,-390.0114839403199
121781000,0.923415600503475,-0.2310464654177507,40.56425976053421,0.42834011510526293,79.26152035007631,-389.967377008224
121790500,0.9234826105447165,-0.23110818391785834,40.63346776049052,0.4276102598753928,79.10861870877078,-389.951337994411
121800000,0.923483611716955,-0.23135338163018482,40.685991596857505,0.4270580111445981,78.86071103524961,-389.6206018898189
121809500,0.9234069627646497,-0.23154019903127526,40.66086946636072,0.4273219733834863,78.77680001875491,-389.29133747932497
121819000,0.9234407408996462,-0.23175378015304468,40.73453024798929,0.42654893058456345,78.51737573397764,-389.03704126312346
121828500,0.9234884641471219,-0.2319512559948654,40.81688149593132,0.4256879898854691,78.25584188302213,-388.81853934613963
121838000,0.923577028042441,-0.23192225608745806,40.885920829821345,0.4249688926692329,78.165383369339,-388.9459425869795
121847500,0.9235296223334476,-0.23202780135302614,40.86815099096594,0.42515374673574025,78.12409396784808,-388.7564404786676
121857000,0.923467001359243,-0.23216639893077007,40.844543409879016,0.42539957794116445,78.07040282629346,-388.5075034543238
121866500,0.9235900657227176,-0.2324581113623819,41.01199845767472,0.4236619495281985,77.6152203833044,-388.2373855177744
121876000,0.9235289539696556,-0.23255292345738152,40.98015012696202,0.4239913354102997,77.60341473894191,-388.0494472236008
121885500,0.9235826348847548,-0.2325581236634876,41.02719165231298,0.4235049968009516,77.52615783955795,-388.0956107352719
121895000,0.9236242795646691,-0.23252972593182833,41.05675421163719,0.4231999349980077,77.4983009124008,-388.17499591427423
121904500,0.9236670566540859,-0.23279364845630546,41.1506625212935,0.4222337862149378,77.18002464573524,-387.86270580287163
121914000,0.9236866664662311,-0.23300915306137107,41.21445654284751,0.421579972510625,76.94137409650884,-387.5928451426592
121923500,0.9236816026012227,-0.2330698085333839,41.22330456214083,0.42148945060736487,76.88849628952205,-387.5065324126119
121933000,0.9238028535993085,-0.23303342440637315,41.320393123573204,0.42049870955372326,76.76161809213696,-387.6745435054173
121942500,0.9237740927262378,-0.23317472831493416,41.32638086825353,0.42043776005205896,76.6614152371541,-387.4567340974698
121952000,0.9238159823104134,-0.23341403868031124,41.415436407911805,0.41953334153737953,76.3707470500094,-387.1770921845535
121961500,0.9238296844285563,-0.23359233919532543,41.46675125664669,0.4190139701021979,76.17811002791004,-386.9517889684911
121971000,0.9238838104939855,-0.23355618423257632,41.50611399491887,0.41861644008779475,76.14096441117825,-387.053037132975
121980500,0.9239570356769702,-0.2336108033166082,41.58247765389142,0.41784737995662075,75.98960197675476,-387.0513516845592
121990000,0.9238654100883413,-0.23371073881197496,41.524237093968416,0.4184336658060932,76.01479138449844,-386.82824757946355
121999500,0.9238521418824728,-0.2339089525678785,41.55660151772333,0.4181076623194231,75.83948806851859,-386.5503715200372
122009000,0.923872951035108,-0.23417523026067377,41.634222374713644,0.41732786212515915,75.55306413291899,-386.21512462434606
122018500,0.9239185272518665,-0.23415029652334016,41.66883494674149,0.4169810719639817,75.51643026932298,-386.2925927236884
122028000,0.9238926228902915,-0.23419747921788503,41.656532913022474,0.41710426240522464,75.50524893528035,-386.2045184777014
122037500,0.9239375944897101,-0.23439682150346455,41.74093911964445,0.4162604941342227,75.2522852680757,-385.9822386094594
122047000,0.9239965306948292,-0.2346531099291184,41.85099111874192,0.41516547185431163,74.92637508056634,-385.69768844528335
122056500,0.9239824820503093,-0.23483764362875256,41.88022730157808,0.41487553858888726,74.76741257984501,-385.43859313189273
122066000,0.9240708860001343,-0.2347541280398727,41.94017340815887,0.414282321903659,74.73010191883574,-385.63476871773497
122075500,0.9241315529674875,-0.23479606584075596,42.00399704737351,0.41365259590742565,74.60898518795038,-385.63725283584296
122085000,0.924147725580105,-0.2350322428104846,42.07240133351006,0.4129797966257386,74.36078840268459,-385.3384125855134
122094500,0.9241079081605035,-0.235214164210495,42.078216981603944,0.4129226970107237,74.23950790848359,-385.0584600622207
122104000,0.9241765599191822,-0.2352930294090402,42.15814824780795,0.4121395072004627,74.07290781336953,-385.0193332811052
122113500,0.9242785398420454,-0.23522767374420708,42.23531145024467,0.4113862534621525,73.99978811172738,-385.203635025679
122123000,0.9241486731062519,-0.23529836487319145,42.13421912802255,0.41237365986960806,74.10485156082477,-384.9856006605879
122132500,0.9241520342438753,-0.23548618551306488,42.180426376192386,0.41192174885527566,73.92110414595008,-384.73949602980105
122142000,0.9241719881096132,-0.235716663656052,42.25164950989843,0.4112271173119425,73.6751758800562,-384.45291006262175
122151500,0.9242692377687449,-0.2357545299696303,42.34876153299207,0.41028376111481807,73.5102894237238,-384.49514268173544
122161000,0.9242625610170384,-0.23581744309453126,42.35729619411731,0.4102010614366579,73.4594052120175,-384.40540971578497
122170500,0.9242660468639509,-0.23593221478501802,42.38716701464557,0.4099118797451409,73.34592047169224,-384.2566642375746
122180000,0.9243341688655923,-0.23615154504554742,42.500667122319804,0.40881678528591375,73.04813688651376,-384.0307732708247
122189500,0.9243693409185227,-0.2363776969515371,42.58606452129378,0.4079966873709195,72.78818218865446,-383.76483916862054
122199000,0.9244736256339046,-0.23633726425816504,42.67269263941736,0.40716812601057706,72.6883430892059,-383.91658020706734
122208500,0.9243838631411313,-0.23628574512790326,42.57779584973492,0.4080759500856512,72.85567546680251,-383.9001306698016
122218000,0.924377884013976,-0.23645642121601002,42.61247105898393,0.4077437628568151,72.70273312983402,-383.66883511519126
122227500,0.9244160638638973,-0.2367138390635322,42.70855747338338,0.4068260784168073,72.41032542709969,-383.36476709400387
122237000,0.9243650999874479,-0.23684801701366942,42.69320728936841,0.4069724047373129,72.35168301041979,-383.13997234733927
122246500,0.9244105827596496,-0.2367621697738399,42.71493981744031,0.4067652694057937,72.37220848542324,-383.29584561950253
122256000,0.9245068989075917,-0.23692118356530054,42.84216742599441,0.40555686633951304,72.09616127702897,-383.1762984954727
122265500,0.9244512505743773,-0.23718775476361023,42.8539990049796,0.40544485529828367,71.92038019579864,-382.7729970174664
122275000,0.9244990073644452,-0.23740144791124274,42.94977581269568,0.4045403972556255,71.65836019290512,-382.536306505488
122284500,0.9245111161324364,-0.23749070309548612,42.98257095438962,0.40423162672880775,71.55940542462616,-382.43019611750253
122294000,0.9245793148399906,-0.2375748262117796,43.06686844852073,0.4034401138974092,71.39158332188741,-382.3829530331803
122303500,0.9245988012093913,-0.2375962317461892,43.09037841702265,0.40321991921064393,71.34609407157548,-382.3728952717381
122313000,0.9245444989643515,-0.23781867895118938,43.09309814609844,0.4031944617040453,71.21120928657163,-382.0303260989522
122322500,0.9246140778192355,-0.23810974620250674,43.22954716667008,0.40192137051429905,70.85088495545688,-381.7128279745928
122332000,0.924655395879796,-0.23812599983710767,43.272691359375685,0.4015204998463694,70.78171922919725,-381.7296273481238
122341500,0.9246809381334223,-0.23814873573074924,43.302509868782685,0.4012439107293392,70.72726447964658,-381.72336048197263
122351000,0.924729301783588,-0.23820509802382583,43.36234873962925,0.40069000841744895,70.61191855600669,-381.6939999662567
122360500,0.9247262237922291,-0.23838484820153527,43.40359164555534,0.40030913040075056,70.4506126659085,-381.45556743279576
122370000,0.9246932888631729,-0.23868338506764514,43.44570452764551,0.39992096472943656,70.21979308617676,-381.0346612243455
122379500,0.9247289101515827,-0.23859487606351115,43.45793025847334,0.39980841788264415,70.25432074997487,-381.1830652807434
122389000,0.924740165246174,-0.23865421240212692,43.483366622439696,0.3995744603586224,70.18521877112616,-381.11575479830924
122398500,0.9246890212664406,-0.23879752093384182,43.46981805629283,0.3996990426961375,70.12086785088506,-380.88159173571876
122408000,0.9247448372799665,-0.23909479417085178,43.59715450968561,0.3985312108718206,69.77649183768797,-380.5444653542031
122417500,0.9247691076952225,-0.23924202937198902,43.65726406607641,0.3979823005454119,69.61074006466895,-380.37454177503656
122427000,0.9248177002062251,-0.23912454178709489,43.67484670910041,0.39782202458567506,69.65430571327134,-380.5720376341571
122436500,0.9248308188109178,-0.23915502891559934,43.6951468114718,0.3976371379283966,69.60942459368675,-380.5441930427207
122446000,0.9248986960149387,-0.23935153172191137,43.81023500117847,0.3965921934756155,69.34223084123788,-380.34953103666663
122455500,0.9248706604589904,-0.239586636464281,43.842173206520734,0.3963031831745042,69.16558093234137,-380.0177253296275
122465000,0.924939433321707,-0.23970128220108552,43.93822403626431,0.395436547904665,68.97229798853284,-379.9306831306953
122474500,0.9250132191912681,-0.23966452470518584,44.00112336959323,0.3948710789383285,68.90942228277993,-380.04525420368725
122484000,0.92498839966433,-0.23977823232353296,44.005680360829274,0.3948301741320117,68.83902920763701,-379.8747423990336
122493500,0.9249679371261758,-0.24008584050017545,44.063916191069374,0.3943081786178975,68.58835430563333,-379.4562434579302
122503000,0.9249005509518404,-0.24026972137488173,44.044624714377235,0.39448094434797587,68.5104648723183,-379.15692772419135
122512500,0.9250262827053989,-0.2402741710504158,44.16956394194738,0.39336472283185697,68.34329904326738,-379.26408217510294
122522000,0.9250392530910241,-0.24033726941304726,44.19857389574183,0.3931064477613408,68.26984262137088,-379.1938074476083
122531500,0.9250400649210293,-0.2404449832078103,44.22706756315494,0.39285309917807065,68.17223355489261,-379.05476682712407
122541000,0.9249961590094573,-0.2406583637797715,44.238536443657516,0.39275121694338083,68.03816751301254,-378.7389003294648
122550500,0.9250255640698308,-0.2408653608250202,44.321158906713215,0.3920188105311617,67.81525923292604,-378.49721139966687
122560000,0.9250819198787188,-0.24079367679968972,44.35865252515236,0.39168734897812874,67.80625653377113,-378.6402643374239
122569500,0.925079024125295,-0.24081566713536587,44.36146853041308,0.39166247677478255,67.79038998532252,-378.6092081059941
122579000,0.9250970032019135,-0.24096487512886358,44.41812324554612,0.39116274760211683,67.63415737384526,-378.4321222672605
122588500,0.9251166475996546,-0.2413015422010236,44.52556617279404,0.3902185299259012,67.30960020139763,-378.0144255861626
122598000,0.9250943806338956,-0.24145997684501866,44.54469822707624,0.3900508737879546,67.19793207608907,-377.7902139366324
122607500,0.9251430328802915,-0.2413742033881408,44.57107578341938,0.38981996071383146,67.21112222822343,-377.9439956580707
122617000,0.9252328449956689,-0.24148284222819558,44.69010469223004,0.38878135584688556,66.99901266322534,-377.883231135004
122626500,0.9252923560618108,-0.24170637436662756,44.80946391620326,0.3877454122857066,66.7248510780774,-377.6473070936264
122636000,0.9251919710144165,-0.24188164969804965,44.7541230842549,0.3882250394830902,66.69977960894305,-377.3329627044417
122645500,0.925253533857529,-0.24195928178448414,44.83717265605039,0.3875057115732431,66.55218781667693,-377.28718305934296
122655000,0.9253322682507045,-0.2420070142530392,44.93006868897729,0.38670425166333655,66.40883898201024,-377.2949156844434
122664500,0.9252643516702873,-0.2420583200774762,44.874524924217226,0.38718305605320735,66.4512120640557,-377.1692009528543
122674000,0.9252562080648846,-0.2422579525005971,44.919464561915106,0.38679557101318474,66.2865070082238,-376.90529690698577
122683500,0.925312999975055,-0.2424626257563519,45.03233962654399,0.3858257357234517,66.03437127046207,-376.69203913434814
122693000,0.9253358824543297,-0.24258257229611827,45.08807788855663,0.38534861812122123,65.90021449037285,-376.5580185629192
122702500,0.9254137713155751,-0.2425259680182827,45.15294559168433,0.3847948366901661,65.8495943432201,-376.69869502976957
122712000,0.9254480855108264,-0.2426357316564598,45.21803128533143,0.3842407919136228,65.70978536719818,-376.5876252106058
122721500,0.9254176428129282,-0.24283901348674725,45.241678071536114,0.3840398926168834,65.57186825759571,-376.3002341706589
122731000,0.9254486389864172,-0.2430616852991263,45.33436762137522,0.38325443888449995,65.33872218563347,-376.0417491181695
122740500,0.9254920564366809,-0.24304279885301155,45.37432964123918,0.38291679014729013,65.2994719515137,-376.10360760467955
122750000,0.9255654368608296,-0.24303487489903575,45.4486020855406,0.3822908224578726,65.21227034057101,-376.1773902898013
122759500,0.9253949558721729,-0.24344404497963354,45.38302840848661,0.3828433710109183,65.07633878863105,-375.506103155052
122769000,0.9255237623995308,-0.24354844717162338,45.54617183067669,0.38147160930335905,64.82161988924537,-375.4838875692605
122778500,0.925517636582566,-0.24362274408975193,45.56024345369629,0.38135375107255165,64.76540700490725,-375.38367605784526
122788000,0.9254876771440587,-0.24383260115269081,45.58678370565594,0.38113165876903754,64.62301520535301,-375.09001032648814
122797500,0.9254340667523788,-0.24403155396578893,45.58555539462377,0.3811419317264818,64.5204130590964,-374.79037869491003
122807000,0.9255779561281204,-0.2440128504219553,45.73181457233794,0.3799225768481501,64.35310574259725,-374.93766409978736
122816500,0.9255035097061471,-0.24408244188781894,45.6726604976156,0.38041480018470775,64.38830843782493,-374.78514137766257
122826000,0.9255067669585111,-0.24426130431873905,45.725847146893216,0.3799721742406104,64.23095267460636,-374.56021647404407
122835500,0.925562411973587,-0.2445608415508805,45.868501217450024,0.378790060468511,63.904353252827505,-374.22685536151204
122845000,0.9254847585570137,-0.24467241436449635,45.81741258443037,0.37921256383784263,63.9078746646058,-374.01898148101367
122854500,0.9255849574618837,-0.24464711984477666,45.91670297355522,0.37839229399793506,63.80219713865181,-374.1364489272175
122864000,0.9256797207590908,-0.24462393862452508,46.01120721684181,0.377614853962436,63.70150628901449,-374.2465795345101
122873500,0.9255458191915802,-0.24479070521749452,45.91545342921851,0.37840259483321403,63.72968893807775,-373.92085248985774
122883000,0.9255243940721111,-0.24503150619984224,45.96049434677063,0.37803164617054796,63.552294780344965,-373.59736085151036
122892500,0.9255184435254569,-0.24515402837759523,45.98875272292722,0.3777992865275286,63.45594169728474,-373.4371630642476
122902000,0.9257027243463454,-0.24510552367288477,46.172420527201744,0.37629597966793377,63.26356219190321,-373.6546795270981
122911500,0.9255919795139658,-0.24525107077270242,46.09490191067934,0.3769290017822446,63.28069864608481,-373.3765857411381
122921000,0.9256631494237442,-0.2455011925062419,46.242729499459976,0.3757236682631315,62.97942654876556,-373.1202456302707
122930500,0.9255586511625995,-0.24562145896507434,46.164559513725735,0.37636007631332463,63.01009436152609,-372.88018941581635
122940000,0.9256750992918187,-0.245669318213312,46.30380940658985,0.37522789241977417,62.822712604902875,-372.9178057492107
122949500,0.9257419014460281,-0.24577915799334904,46.40780480633056,0.3743867823434369,62.64597840305519,-372.835209389549
122959000,0.925799626584194,-0.24591900821339088,46.51106142802524,0.3735553705335215,62.45572668835164,-372.7070296552522
122968500,0.9256798480933054,-0.24613082189848162,46.44191161313734,0.3741117487133267,62.42935682564593,-372.33952422157563
122978000,0.9257228403993518,-0.2461538126428418,46.49537782598041,0.37368141534019417,62.355940794871955,-372.34653759551935
122987500,0.9258144707194342,-0.2462320255724565,46.61824558518377,0.3726962322608707,62.17507219798886,-372.32456941280043
122997000,0.9257996550942833,-0.24624444262200212,46.60563457821472,0.372797111001707,62.183372386641324,-372.2965444420285
123006500,0.9257714009139324,-0.24639257843682474,46.61785791687489,0.3726993325075154,62.095303101072496,-372.08638047588727
123016000,0.9257851797900754,-0.24662533544269682,46.70099739834523,0.3720356311997736,61.88406348877679,-371.80504662762127
123025500,0.925677628056314,-0.24682370394881217,46.64095915787399,0.3725146781280497,61.8542050522681,-371.4664706095431
123035000,0.9257993126040506,-0.2467647201612862,46.75743184197463,0.3715864612658499,61.750431330527995,-371.64162331852106
123044500,0.9257740977580432,-0.24681325971740278,46.74390915914136,0.37169399141205195,61.74178910993626,-371.55971680851445
123054000,0.9258334001247527,-0.24705388927816618,46.880283188514404,0.3706124106611525,61.46786059326133,-371.3068758093694
123063500,0.9257935626207087,-0.24728295708983294,46.90390361873123,0.37042571662535334,61.32837668869353,-370.9868195784535
123073000,0.9257826854698924,-0.24740033012211038,46.92661809058654,0.37024636056387383,61.245096964667674,-370.83090230056933
123082500,0.9258790991919938,-0.24736526087716382,47.02339223794574,0.369484163448738,61.153317969378634,-370.95433537806883
123092000,0.9259476003658669,-0.24739396272766853,47.10839891056592,0.36881723212264544,61.043847137142585,-370.97484369865913
123101500,0.925903596491441,-0.24759373386643577,47.118902930911055,0.3687349885359892,60.93449411709112,-370.6885127003774
123111000,0.925826747438001,-0.2478082000087026,47.09713571316956,0.36890546063327745,60.8543038716887,-370.3572993876619
123120500,0.9258827345781133,-0.24779694090989063,47.156398194056095,0.3684417099107706,60.79361646249181,-370.4173255107974
123130000,0.9259378105045846,-0.24784213713593745,47.23175561582866,0.3678536918685976,60.68772521549898,-370.4060406399788
123139500,0.9258878778061472,-0.24796502495546738,47.21262784583295,0.3680027690528296,60.64935908401498,-370.21165059621006
123149000,0.9258533022699873,-0.24808327254579385,47.20937337618229,0.36802814562812425,60.59566290744663,-370.0358184980239
123158500,0.9258224786795283,-0.24832187677028497,47.24660242375636,0.3677380627058542,60.43899591107826,-369.71333424289156
123168000,0.9259562637742327,-0.24839904649409095,47.42089074767191,0.3663860953984158,60.20945129732263,-369.7263808165996
123177500,0.9260656628009257,-0.24842064873300349,47.55167247405554,0.36537812331392006,60.055555625099416,-369.78856591955315
123187000,0.9259977805048748,-0.24855634046424901,47.51587330478693,0.36565348593926406,60.02970464981767,-369.564330863379
123196500,0.9259684803888009,-0.24875213804992832,47.54234549522984,0.3654498252760625,59.907061661962075,-369.2969794322925
123206000,0.9259929876916725,-0.2489249685110341,47.62320998837714,0.3648291066735576,59.73645980683035,-369.10211546067103
123215500,0.9261154525165309,-0.2488858001817301,47.75133317154036,0.36384993492329437,59.61600086988889,-369.24995846157907
123225000,0.9260775002479384,-0.24887904004753586,47.705735903326755,0.364197805513739,59.668655127405735,-369.22763303403883
123234500,0.926054253086826,-0.2490600662460287,47.73487193621069,0.36397544426016526,59.55105605444769,-368.98394319122286
123244000,0.9260255725869492,-0.24931781497827613,47.78156342706889,0.3636196684819747,59.378514908719495,-368.6410736286371
123253500,0.9260314602732735,-0.24945293054582343,47.83018124967804,0.36324995311988917,59.26234181807598,-368.4784296879989
123263000,0.9261546348087913,-0.24943465840391635,47.966690550331535,0.36221587321042353,59.12443716458066,-368.6002044568032
123272500,0.9261317721353649,-0.2495007908245386,47.96084634961155,0.3622600233066065,59.09958146390759,-368.4998630771685
123282000,0.9261371323459927,-0.24974865525399115,48.04450788867904,0.3616290251641247,58.893916399793845,-368.197310096091
123291500,0.9261232782553501,-0.2499797311086911,48.10087599700755,0.3612051197190306,58.72596327767125,-367.9005568036592
123301000,0.9261240286742591,-0.24995646265779628,48.094441111085324,0.3612534617685115,58.74365339932309,-367.9299026787809
123310500,0.9262207119976538,-0.25003210960934985,48.231067679554755,0.36022982713716134,58.56370932318086,-367.91373302800025
123320000,0.9262563424538587,-0.25009189448429797,48.29171227759894,0.35977732207299523,58.47194608075572,-367.86830754578307
123329500,0.9262692228763868,-0.250307423151252,48.375238114488134,0.3591559448038054,58.28424256411121,-367.61242430235137
123339000,0.9261029173270118,-0.250411426590379,48.2131578856603,0.3603636804857543,58.406486633118774,-367.3517544607069
123348500,0.9262252927843095,-0.25039493347958725,48.35138866623825,0.3593331499318928,58.268784532381645,-367.4695044419736
123358000,0.9263473612730773,-0.2504525170380967,48.51372282896856,0.3581304262612016,58.072442311623576,-367.49552585285227
123367500,0.9262343091767742,-0.2505604216123859,48.41467791825683,0.3588632841376954,58.12611293114989,-367.27270009931453
123377000,0.926215834655799,-0.25078065586749776,48.46319633287992,0.35850390990254644,57.974129960859365,-366.98691381801916
123386500,0.926112917330821,-0.250930355835786,48.38966133690077,0.35904886280427517,57.98203976410754,-366.721362964087
123396000,0.9262972524320321,-0.25096764422671747,48.61962441519939,0.3573501386206674,57.72601172637517,-366.82137745239464
123405500,0.9263973145919219,-0.25104721217691806,48.76455882550892,0.35628775069422214,57.54014054325688,-366.8025470920592
123415000,0.9262982663462266,-0.2511597144926913,48.68276467070211,0.3568865344578739,57.57312442683114,-366.5861558298146
123424500,0.9262809086848548,-0.25135612574082977,48.72558664006296,0.3565728003383122,57.439669325004665,-366.3314149785359
123434000,0.9262514841135282,-0.2514793249576171,48.730378253787265,0.3565377290121688,57.37881503455497,-366.15722492921594
123443500,0.9264174161732186,-0.2515048326627782,48.93751785057838,0.3550281777630823,57.155340526827715,-366.2563148307652
123453000,0.9264039365600611,-0.2515291865639329,48.92925528715534,0.3550881472007571,57.15275811812316,-366.215865737557
123462500,0.9263731757469673,-0.25171915392546673,48.95433332213462,0.3549061941217315,57.041494915940035,-365.9589396733723
123472000,0.9263082627509995,-0.25187313430272773,48.926585793039926,0.35510752663997946,57.000364411485755,-365.7196608731124
123481500,0.9263045334693512,-0.2519428947389789,48.94492335909645,0.3549744460173285,56.950346233147094,-365.63144372128977
123491000,0.9263708186175605,-0.25193768332073235,49.023115839144104,0.35440810011376606,56.87336906521699,-365.689642413899
123500500,0.9264524901332138,-0.25203311478866336,49.15339393139668,0.35346850328847346,56.69895196398893,-365.63670553738626
123510000,0.9263500821721933,-0.25238313948279206,49.144760677455444,0.3535306142004012,56.55129654178001,-365.12940584739323
123519500,0.9262516652441127,-0.25261671919422946,49.10265006667357,0.353833887164037,56.48960279898115,-364.768291737296
123529000,0.9263163622889617,-0.25261831096042014,49.18164259176694,0.35326542415222595,56.409603085400306,-364.8166002175487
123538500,0.9264704591851483,-0.2526635511249266,49.3846345722274,0.3518129542015398,56.186798618357614,-364.881016856324
123548000,0.9264580115921237,-0.25276623602922815,49.40369863305284,0.3516771583661502,56.12242945310563,-364.74628483482724
123557500,0.9263298838939066,-0.25296110362411856,49.31203431858795,0.35233105713327023,56.12751098073842,-364.41007183844863
123567000,0.9262878016482338,-0.253025327417285,49.28208869769194,0.35254520529150857,56.12896866827897,-364.29950057386435
123576500,0.9264197977145697,-0.2530086306370781,49.43797509033564,0.3514332661486975,55.9814830196353,-364.4218017730865
123586000,0.926492685495948,-0.253096668379203,49.557199237644966,0.35058756212198894,55.82492503653361,-364.3710308142073
123595500,0.9264673688350878,-0.25321635314354973,49.566307309030165,0.3505231223123393,55.76343618223966,-364.2060834996543
123605000,0.9264455180939076,-0.25338400556677887,49.59590535052534,0.350313878997656,55.660904261612735,-363.9857485203472
123614500,0.9263749938082257,-0.25352872333703835,49.55774673334343,0.35058368790823735,55.63514276504034,-363.7560697107096
123624000,0.926435868190201,-0.25360545667840884,49.6588786560814,0.3498695195335699,55.50245980855534,-363.70985210050617
123633500,0.9264352501130897,-0.25365002474971465,49.67321831683682,0.3497684919257166,55.46901294233853,-363.6553890861835
123643000,0.9264149470245252,-0.25384231160638066,49.713325632148006,0.34948623235021636,55.34622402541419,-363.4070771754069
123652500,0.9263515068295457,-0.25404224642073925,49.70262075387076,0.3495615245057411,55.269936051396385,-363.1168797054608
123662000,0.9263056513689204,-0.25414306519425706,49.68006927612389,0.3497202452694306,55.248239645682354,-362.9601282420832
123671500,0.9264804039142638,-0.25412440941946884,49.891032949940325,0.34824106008330036,55.05148621453104,-363.1160712821786
123681000,0.9265383881061318,-0.2542088961638425,49.99259021032486,0.3475334381219985,54.91702513272815,-363.0582076842658
123690500,0.9264525157588982,-0.25447865224208066,49.97777752167577,0.34763646949190397,54.81535407986126,-362.6673341141053
123700000,0.9263641487478317,-0.2545919205253648,49.90615279341034,0.34813552679517995,54.835707945692334,-362.46371531888985
123709500,0.9261733934812466,-0.25443763761997185,49.61651232576905,0.3501683454826338,55.18276867931144,-362.504203336148
123719000,0.9264006532581999,-0.2544823667495251,49.91415405196697,0.3480797055938002,54.87503369526763,-362.62341948954
123728500,0.9264521555963525,-0.2545582468214853,50.00473805688175,0.3474489879445481,54.755300740010405,-362.5711387988962
123738000,0.9263373552476426,-0.2546868333446985,49.90527394027737,0.34814165925176027,54.795847528080614,-362.32913771055644
123747500,0.9262713846413259,-0.25487225775200006,49.8865794467488,0.3482721567884656,54.73443014672093,-362.0561778626075
123757000,0.9263891001048208,-0.2549250559296253,50.052199987528326,0.34711943216674623,54.552993812501704,-362.08194483718404
123766500,0.9265138785808557,-0.25500709442454156,50.23801950981647,0.345835172894312,54.34096838910786,-362.0777184114332
123776000,0.9265472228438978,-0.2550014183896814,50.27827476636686,0.3455582071894792,54.30516727395775,-362.10973403641464
123785500,0.9264743252313733,-0.25506163089031353,50.206979134638395,0.34604904142163606,54.34729975154954,-361.9822944486219
123795000,0.9264098581770953,-0.2553000854553508,50.20851279199304,0.3460384682930809,54.24471539535183,-361.64741756780563
123804500,0.9265568760550885,-0.25537163345983227,50.42014355004411,0.34458564349351734,54.01447100525249,-361.6723246140194
123814000,0.926552019061816,-0.25537701670960805,50.415844690559005,0.34461503333945687,54.016248376729436,-361.66221127482413
123823500,0.9265500319849833,-0.2554598668399349,50.442429224027585,0.3444333642196328,53.95632416163786,-361.5613382169433
123833000,0.9266675027341168,-0.2557695662452905,50.70254645070834,0.3426658720616993,53.583226319545545,-361.27825798677094
123842500,0.9264433130796517,-0.2558764312695229,50.452932053428924,0.34436164444896056,53.77148264533259,-360.98249878475076
123852000,0.9265048165946205,-0.25586444805333414,50.52729122858549,0.34385472747346657,53.70691961938041,-361.04289448962743
123861500,0.9265785137042996,-0.2559577020614337,50.6548694103159,0.3429884775475204,53.54900821606725,-360.98651131878773
123871000,0.9265677121879186,-0.2561105430680873,50.69532028065159,0.34271472872819614,53.44774207363873,-360.79575063012135
123880500,0.9264241092084057,-0.25633837245140745,50.59173141849664,0.3434166353117499,53.44913140315871,-360.4167301284925
123890000,0.9263786795779928,-0.25640970010143066,50.55880098435744,0.34364037100391603,53.45008311879282,-360.2978680076566
123899500,0.9265316328564713,-0.25642232130699716,50.759990391476194,0.342277984365305,53.258410475081256,-360.39675765168187
123909000,0.9266189489246975,-0.25653579346312544,50.91372060662949,0.34124423501324136,53.06994459852336,-360.32640078498065
123918500,0.9266266351581194,-0.2567341229685795,50.995162023664385,0.34069911375772205,52.91363121715691,-360.0958046422803
123928000,0.926488420511966,-0.2568363383421484,50.85241120704508,0.34165575672505755,53.00232141289695,-359.8717271030171
123937500,0.9265707843067978,-0.25690789157447375,50.985148969226294,0.3407660413621115,52.85138116219398,-359.847660504809
123947000,0.9266777685152255,-0.2570060788439861,51.160494628131815,0.3395978138678752,52.6515512428562,-359.81000765991797
123956500,0.9267270105660517,-0.2570220424893677,51.23094369057406,0.3391307049490542,52.58119444922745,-359.8273841700785
123966000,0.9266439876061842,-0.2571731330924092,51.176971973275336,0.33948844640810155,52.56838636727977,-359.5865208252491
123975500,0.9266307395877974,-0.2572363766506164,51.182620933238525,0.3394509679664506,52.53748032187779,-359.5016463393008
123985000,0.9264944483501535,-0.2573906666316835,51.06032259576861,0.3402642196897482,52.585418202045325,-359.21816223481966
123994500,0.9265518931488703,-0.25748741433954053,51.170659059716044,0.33953033969347707,52.446096320586726,-359.14581847880095
124004000,0.9265721478010485,-0.25754585832940846,51.218558580499824,0.33921273066073443,52.37910965993514,-359.091473912744
124013500,0.9265731840885884,-0.2577001914784715,51.27634937224259,0.3388303253701952,52.264498419795274,-358.90948691042644
124023000,0.926426823193416,-0.25787729534624165,51.1488599494738,0.3396750808585803,52.30757801889285,-358.59266458337447
124032500,0.926543044966902,-0.25787812861994214,51.30185663727824,0.3386618163539393,52.169632126352965,-358.676908437878
124042000,0.926687104238357,-0.25797450560323726,51.52799801153498,0.33717515415614735,51.92875558856879,-358.6684178347744
124051500,0.9266281026983566,-0.25808986468357276,51.49229888080703,0.3374089733210634,51.91416965896898,-358.48894773003013
124061000,0.9265632104002692,-0.25822205370655865,51.45508010049049,0.33765309134378485,51.89422557763709,-358.2854905954831
124070500,0.9264959154531118,-0.25832010494390273,51.40217272184674,0.33800071957887473,51.90200613712543,-358.1207368489139
124080000,0.926693428749402,-0.25845994047323706,51.71684070727244,0.3359436603277238,51.56726131517059,-358.0997974084698
124089500,0.9267576619142116,-0.2584977952552368,51.8171355064581,0.33529326199468534,51.463988072657514,-358.10185611312176
124099000,0.9267579571509215,-0.25859420122675514,51.8536917936764,0.3350568252540121,51.39361821086202,-357.9883997058434
124108500,0.9267594789099303,-0.25876742813748566,51.920873591887265,0.33462317900488925,51.26618511957211,-357.7854156507237
124118000,0.9267625620334288,-0.2589247647656959,51.98437535495275,0.3342143175216273,51.14864049788052,-357.6024595404043
124127500,0.9268021364669727,-0.2589657861891465,52.053460531211655,0.3337706401690761,51.072417786718724,-357.58281554714375
124137000,0.9268496688660035,-0.25897986838593084,52.12331194436285,0.3333232381021325,51.00631376776387,-357.6005937390262
124146500,0.9267340275622254,-0.25910767773322163,52.01492853790668,0.33401795410906254,51.04997489921656,-357.3667755979578
124156000,0.9266540063970172,-0.2592904536272362,51.975848001775695,0.33426916351465685,51.01199228915294,-357.0944235102736
124165500,0.9266936954248706,-0.25932908513226527,52.044176162787956,0.33383019750510556,50.93757279850726,-357.0777242287703
124175000,0.9268606378433328,-0.2594128040392879,52.3033501299759,0.3321755952602373,50.68139205548072,-357.0996718804485
124184500,0.9268748989023767,-0.25950655211212637,52.35881878662123,0.33182360453649107,50.59728234594204,-356.9999015603958
124194000,0.9267770302414423,-0.25969973712192884,52.29890208199234,0.33220385384995726,50.57332574004439,-356.7031812871137
124203500,0.9266763188238966,-0.2598315741818339,52.21184592958253,0.3327578939859688,50.59662384126221,-356.4766349806716
124213000,0.9267877195286778,-0.2598305226244795,52.36373604446821,0.33179243680086357,50.46704119474554,-356.55772026376263
124222500,0.9269297360320662,-0.26002795726425976,52.63572133393485,0.3300775474084327,50.15963792059821,-356.4282463828287
124232000,0.9268328755618155,-0.2600831501601319,52.52326000492785,0.3307844708466673,50.23350563140103,-356.2945256681861
124241500,0.9268114400516317,-0.2602313309933885,52.55107453724744,0.3306093490667064,50.15278288180067,-356.10609103949065
124251000,0.9266796335991042,-0.26025734780169363,52.37975613945024,0.331690935020292,50.28806438115002,-355.981658756205
124260500,0.9268851832279204,-0.26039988028941013,52.71874512027771,0.32955760201793594,49.946609369958786,-355.9618455504122
124270000,0.926944963469708,-0.2605029453100564,52.84229388904969,0.32878689036855246,49.80356740489548,-355.8840635257992
124279500,0.9268971102089475,-0.2605774481588464,52.80476664999169,0.32902060817277046,49.80647157840997,-355.763168158965
124289000,0.9268476275439104,-0.2607509182822947,52.80379449504884,0.32902666712203277,49.741024624961824,-355.5259096618778
124298500,0.9268042856193532,-0.2608377793958158,52.77747293144238,0.329190800961326,49.72988869407693,-355.3940681701023
124308000,0.9269610941885879,-0.26084834628247344,53.00080387998921,0.3278033506103055,49.53985878589909,-355.492833100955
124317500,0.9269682337477192,-0.2609294569449705,53.042896792228795,0.3275431561210352,49.47416835690913,-355.4034369066113
124327000,0.9269417979541591,-0.2610191212269853,53.041221606000605,0.32755350327795607,49.44155579059716,-355.2804035557777
124336500,0.9268235638692263,-0.26121924565771787,52.95442226179881,0.3280905346331384,49.43763096526384,-354.96430714822924
124346000,0.9267922736887257,-0.261287703141125,52.9376259268385,0.32819465773223483,49.42563486905772,-354.86275940089433
124355500,0.9269287117082595,-0.2613877150747118,53.169114967783166,0.32676541769793516,49.196797756929826,-354.8428516121156
124365000,0.9269733884069047,-0.26140327093842436,53.238484876401415,0.326339541116071,49.13398722653288,-354.8562360605794
124374500,0.9268452205409495,-0.26161638181327657,53.14233141008675,0.32693014525705416,49.132765534424955,-354.5189477712462
124384000,0.9267690516526644,-0.2617376270424534,53.083242788411056,0.32729414752782465,49.135759559201844,-354.3250367181785
124393500,0.9269043468821127,-0.2617649373507902,53.28527102156161,0.32605293739883756,48.95997332792415,-354.3883953898329
124403000,0.9270250345146781,-0.26191891785264493,53.51907860300763,0.3246281849836866,48.71237657668817,-354.2946362452109
124412500,0.9270225974708519,-0.2619819698658629,53.5410829146611,0.3244947382651291,48.67110882554082,-354.21994429904913
124422000,0.9268908229173666,-0.26208363205755975,53.39400654042611,0.3253887835142081,48.752437961914374,-354.0102439717558
124431500,0.9268442937657996,-0.2621293006784562,53.346197161269075,0.325680468401947,48.774266601031194,-353.9249466920096
124441000,0.9269796589457385,-0.2623021410320771,53.60929666675563,0.3240817475256805,48.49726632586312,-353.81981883488913
124450500,0.926999747267638,-0.26238739222818436,53.672807417075894,0.3236981744757096,48.41468277414883,-353.73537766706045
124460000,0.9269768391242434,-0.2624578851466131,53.668562367743945,0.32372378412108094,48.39205264827026,-353.63807514764306
124469500,0.9269652855788522,-0.26264005972130755,53.726197562162476,0.3233764266508985,48.27871156277618,-353.41997129390603
124479000,0.9269284418878837,-0.2627108622744741,53.70203267856364,0.32352197347439926,48.27198359533345,-353.31281027483914
124488500,0.9270560809007242,-0.26288737519504185,53.95899178265067,0.32198096983863744,48.00261112568643,-353.1980392502369
124498000,0.9270691187295809,-0.2629793193540835,54.01588231430829,0.32164177594575344,47.92398480587369,-353.10121616661877
124507500,0.9270016569522275,-0.26307314925835334,53.956487914885145,0.321995914889115,47.93671252840273,-352.94663299406375
124517000,0.9269158235699703,-0.2631217521246361,53.85203461342356,0.32262061297467004,48.00175691788092,-352.8314233138169
124526500,0.9269867485443861,-0.26320258435497795,53.988223646891534,0.32180659369963704,47.864417859299905,-352.7875718919608
124536000,0.9271343789029786,-0.2632556367444677,54.22586224417151,0.3203959928165714,47.65817004958576,-352.82844436982543
124545500,0.9272254633824825,-0.26331459244651273,54.38449160377773,0.3194612467945421,47.512858697197586,-352.82338905290084
124555000,0.927028294384476,-0.2633813543545722,54.12281709110409,0.32100613775779857,47.693405078424114,-352.61093493738
124564500,0.9269901778547431,-0.26348008922214633,54.108121107078695,0.3210933441766246,47.669139372511005,-352.4713908345175
124574000,0.9270349176768198,-0.26349412993799876,54.179389082171255,0.3206708795648079,47.60815485947227,-352.4860799256494
124583500,0.9270921561502999,-0.2636763874231308,54.339551698306586,0.3197255073331961,47.41725454216652,-352.31640923727196
124593000,0.9270557365426897,-0.26376374990418633,54.32251950465107,0.3198257761947177,47.39903706526043,-352.1913038223337
124602500,0.927043333249857,-0.26389193421448354,54.357979186981055,0.3196170951336094,47.32534969471359,-352.0360225200203
124612000,0.9269713460219725,-0.26398649803076196,54.29165037866917,0.32000766374258355,47.34291275471901,-351.8785195460937
124621500,0.9270574341319862,-0.2641200135487786,54.47472284261426,0.31893197623331954,47.15312517391803,-351.78478343731615
124631000,0.9270784625807971,-0.2642126488192443,54.544991643976914,0.3185210128521382,47.06580853320618,-351.69327595096024
124640500,0.9270572072310819,-0.264262145422923,54.53438994587063,0.318582948462747,47.056302507436676,-351.6222200140452
124650000,0.9270122818579136,-0.26449007758746396,54.56417887981591,0.3184089813498675,46.95214838092584,-351.3314554871133
124659500,0.92710203153225,-0.2647044940904466,54.78915442664563,0.31710123747686736,46.70399390439172,-351.1480816411527
124669000,0.9270066871096494,-0.26458483302716773,54.59603115082731,0.3182231744581109,46.89400420866448,-351.21962423317046
124678500,0.9270824929349595,-0.26469537542125027,54.756040259705955,0.3172930497056222,46.73245186369727,-351.14520081769524
124688000,0.9271535834127155,-0.2647653326232966,54.89248355993537,0.31650419663882046,46.603955053966146,-351.11374712498787
124697500,0.9271519384843397,-0.26494702888509847,54.96807070526195,0.3160688724204444,46.48268327538059,-350.9057034713105
124707000,0.9270484694982809,-0.26501639810515715,54.84239620025096,0.31679332282400374,46.55341764578524,-350.7567119325336
124716500,0.9269389580754145,-0.2650970107970793,54.713080800410346,0.3175422364256944,46.62326084846706,-350.59091616616575
124726000,0.9270202340883993,-0.26522826487423595,54.890943273359746,0.3165130799815468,46.442131821109385,-350.49686668862233
124735500,0.9271557002965274,-0.2653251936615151,55.13709135911985,0.31509976247043536,46.222841441043926,-350.47826863505645
124745000,0.9271284823583575,-0.26543592787354386,55.14387579766139,0.3150609867444968,46.17908622655529,-350.3342021792409
124754500,0.9270833749709161,-0.26553420825069646,55.11818436153641,0.3152078737590866,46.164041754529684,-350.19232828303547
124764000,0.9270554994320725,-0.2656494446707787,55.125963004418296,0.3151633860542741,46.11805696761263,-350.0429539921662
124773500,0.927019993713282,-0.26568171542097196,55.08623391007139,0.31539073698489417,46.13655825332129,-349.9825090595954
124783000,0.9271323252495284,-0.2656981821827566,55.2637709046043,0.31437731049475565,45.99823673957629,-350.0393978784159
124792500,0.9272687136217516,-0.2658939713261471,55.55821877517102,0.3127108103208267,45.712354959030186,-349.9090890910662
124802000,0.9269713830032367,-0.26597246192603824,55.13884329896815,0.31508974853321203,45.996146896235636,-349.62090993092494
124811500,0.9271689481567105,-0.26606869667537564,55.48199859188874,0.3131404998739424,45.708286353262324,-349.64453164618715
124821000,0.9270947265841273,-0.26617805433941855,55.41640556195917,0.31351122568168965,45.719002115154424,-349.47125979470553
124830500,0.9271924272198656,-0.2661975907038971,55.57487298977085,0.31261707951619133,45.595542700724685,-349.51451033549284
124840000,0.927117704754733,-0.26644353075459776,55.56860193184767,0.3126523667664798,45.515714102057544,-349.18691874693167
124849500,0.9270075847158613,-0.26648520155083855,55.41808528228733,0.3135017211034775,45.612076122479756,-349.0664513156587
124859000,0.9269830529101883,-0.266533868047926,55.40196809087541,0.31359294286019074,45.60723816541613,-348.995240382535
124868500,0.9271389651234553,-0.26658425835594657,55.66366111152898,0.31211832213321555,45.39794299185186,-349.0423917839875
124878000,0.9272109219003001,-0.26672545389638597,55.837864718811616,0.31114436323901007,45.22291305007328,-348.93112219155296
124887500,0.9271240529251411,-0.26686250275738643,55.76433058474675,0.31155474446841186,45.22968904767616,-348.7190791491986
124897000,0.9271252998425544,-0.26695210721583357,55.806229680603415,0.31132078029691407,45.16880130152183,-348.6190954303439
124906500,0.92714984545237,-0.2670130690805151,55.871580218743794,0.31095656419379814,45.100761783570306,-348.56681407757117
124916000,0.9272951652113203,-0.2671059172430749,56.14023017086463,0.3094682164685239,44.87583309952601,-348.5586137140299
124925500,0.9272866255295049,-0.2671879949955378,56.16393746738019,0.30933755956614384,44.8311715036288,-348.46066162716556
124935000,0.9271873593311096,-0.2672419088907004,56.03278733190183,0.31006174751939936,44.90708812550712,-348.3344535361015
124944500,0.9271723127443827,-0.2673871950074842,56.07476270944951,0.30982959816211497,44.82798437953899,-348.16138898469194
124954000,0.9271688025050054,-0.26748876355180196,56.11514651128207,0.30960657909265477,44.76488940068359,-348.0451230484606
124963500,0.9273041336363583,-0.26758848449299616,56.37348368230197,0.308187477338027,44.54738833050917,-348.0224340346435
124973000,0.927269936633369,-0.26768260963625296,56.36236857347166,0.30824826712467013,44.52381228169231,-347.8943860777602
124982500,0.9271361129879165,-0.2676767314864861,56.14895238674805,0.3094201332993983,44.67763417856111,-347.8128974588972
124992000,0.9271481680384166,-0.26782736026338655,56.23624597210136,0.3089397297411311,44.565014277048256,-347.65217929518786
125001500,0.9272224329849975,-0.2678736733487681,56.374499900580254,0.3081819207217618,44.45145701622784,-347.6491421987853
125011000,0.9273853263988941,-0.26805654970885595,56.717672149702686,0.3063168675728417,44.149235561481134,-347.5512316005593
125020500,0.9273644660971244,-0.2681901566137239,56.7461176205828,0.30616328645093177,44.08518687065517,-347.3881122098223
125030000,0.9271616620952672,-0.2682210817450139,56.43728309057504,0.307839014470434,44.29158574252889,-347.22087097034785
125039500,0.9271805624153762,-0.2682744170489754,56.49173371074303,0.3075422360148795,44.235570365348806,-347.17368800964005
125049000,0.9273923728440475,-0.26842112209424024,56.898237127010674,0.3053445789394456,43.903218489803024,-347.14820277978384
125058500,0.9273047776029985,-0.2685502063139795,56.817491917361444,0.3057786037534696,43.91685453920625,-346.9470184041166
125068000,0.9272068444580783,-0.2685457748657907,56.65864171705152,0.3066360734494277,44.02895983395408,-346.8881063122944
125077500,0.9272063413928338,-0.2686405218957163,56.701691940461146,0.3064032146043062,43.9677418251126,-346.7821742754808
125087000,0.9272189811243036,-0.26876390986407755,56.779180520838736,0.30598496861420316,43.87330232531196,-346.65296191983305
125096500,0.9273198122598135,-0.26882969136577695,56.97204756293146,0.3049489068380336,43.71823205270269,-346.6452713102154
125106000,0.9273669905907217,-0.2689497499770919,57.10467452105271,0.3042405107825869,43.58775505032461,-346.5422061733656
125115500,0.9272629714007391,-0.26905573372694697,56.986121201859994,0.3048735793351768,43.63474676124468,-346.35681409234184
125125000,0.927120268573397,-0.2691258926824537,56.78926298057136,0.30593063230255185,43.74780377076522,-346.1862562190659
125134500,0.9272321662762686,-0.26934550221541664,57.072337725136904,0.30441292665437386,43.48126561742229,-346.0149512083928
125144000,0.9273381977573706,-0.2693156111644511,57.23040292057632,0.3035719942770758,43.38286647013291,-346.11670753381645
125153500,0.9273978640668454,-0.2694417866978344,57.38764006835859,0.3027400647399752,43.23511719158826,-346.0151169961866
125163000,0.9272143297021838,-0.2695815041018389,57.15462692245235,0.3039745542245667,43.34854207820909,-345.74168618891485
125172500,0.9272045378580636,-0.26964653722103105,57.16943663710376,0.3038957936963009,43.317424909666656,-345.6633112681252
125182000,0.92729358790518,-0.2697609257905867,57.368831435372506,0.3028393395578593,43.1450670054291,-345.59399624123336
125191500,0.9274290342800813,-0.26984461767069634,57.63137517915206,0.3014594562322598,42.94120251892824,-345.58839076729095
125201000,0.9273204581268193,-0.2699950107250744,57.52462308056734,0.30201900633468015,42.96481661596251,-345.35215842552634
125210500,0.9271817783037133,-0.26997199531402605,57.28654760516471,0.30327441274061234,43.13297038353654,-345.2884904115642
125220000,0.9273112343034062,-0.27004994333763715,57.53575998004093,0.3019605343003203,42.93975389205896,-345.28547887477174
125229500,0.9273817295009446,-0.270151858608074,57.70100677502785,0.3010955923933013,42.796450411112765,-345.21799236626214
125239000,0.9273953239644788,-0.2702454482886325,57.76867598570956,0.30074282379666856,42.721492821327466,-345.1232449716001
125248500,0.9273123918511511,-0.2703532697454462,57.68341030916838,0.3011874607474624,42.74409472107949,-344.95108445554615
125258000,0.9272964368020902,-0.27046273800587706,57.70981535884553,0.30104962522404766,42.691691561529325,-344.82008291511363
125267500,0.9273020095093778,-0.27057388080083444,57.7727456265051,0.3007216345700349,42.6145412470966,-344.7010801082379
125277000,0.9274205384534713,-0.2705910403798093,57.97828214659102,0.299655346309733,42.47288589918539,-344.75778504285034
125286500,0.9273444661349992,-0.2708077261619672,57.956882025597935,0.29976601364152466,42.418663207618096,-344.4704994486305
125296000,0.9273112958608496,-0.2708381395374526,57.91639070181746,0.29997563193359034,42.43581835773646,-344.4158946994796
125305500,0.9272247776047329,-0.2709366846987476,57.82037323092746,0.30047387572223405,42.468262033149635,-344.252391549489
125315000,0.9273010261155303,-0.27098994315799546,57.97322026529666,0.29968151564664397,42.350529187730466,-344.2423368308377
125324500,0.9274051022924277,-0.2711469650863836,58.22460590959578,0.29838738096845796,42.136383522932164,-344.13576649577993
125334000,0.9273337623125399,-0.2712291678583382,58.145090822027804,0.2987955147413893,42.162653981342366,-344.00019517302184
125343500,0.9273138929071508,-0.27125298219852706,58.12343683011059,0.29890685352123586,42.16937631420723,-343.9614417741545
125353000,0.9273511793933072,-0.2713455131963134,58.23159204023248,0.298351575950689,42.06980567531041,-343.883472053921
125362500,0.9273004835456873,-0.2714196665652341,58.18281724064741,0.2986017340614111,42.07848859368982,-343.7699986304024
125372000,0.9274302007791633,-0.2715387288035012,58.46072246044409,0.2971819909083602,41.86090418290748,-343.721402241456
125381500,0.9273474931521879,-0.27162278443393084,58.36232952937259,0.2976831074179589,41.8985153793767,-343.5770039563669
125391000,0.9272401463201155,-0.2716919573496615,58.21544863419322,0.29843432646289486,41.972417021721306,-343.4334284501061
125400500,0.9272680416563192,-0.2718133872555541,58.32244992837514,0.29788669643161453,41.86523028577108,-343.3181229219085
125410000,0.9273984235345273,-0.2718309265557792,58.55217095622528,0.29671775301952386,41.71145405161207,-343.38110471311177
125419500,0.9273897264487648,-0.27194957556350846,58.596595695560545,0.296492754115387,41.646285237007824,-343.24575784155746
125429000,0.9272718096923559,-0.2721075977491726,58.474898654819945,0.2971099303923488,41.6758060180528,-342.9988185017381
125438500,0.9271172935137995,-0.27210653767491416,58.213303169041225,0.29844532749535924,41.84519753796635,-342.9027256123706
125448000,0.9272013160790668,-0.27217406740809524,58.38850030367894,0.2975496543998827,41.71098207579196,-342.88189941276653
125457500,0.9273517186660079,-0.2722858177783648,58.70013423302468,0.29596968252906813,41.47659935986805,-342.85436911817425
125467000,0.9273426690988258,-0.27246882708019793,58.77666709239605,0.2955842271725012,41.37177945819757,-342.6489972645454
125476500,0.9272608895938679,-0.2724516117252545,58.628182718939065,0.2963329821337334,41.47173634588704,-342.6165353906156
125486000,0.9273113783848616,-0.2725831791141596,58.780636347557014,0.29556426352915544,41.334316625182346,-342.50475294095344
125495500,0.9272705401786278,-0.2727216139077674,58.78040651432522,0.29556541941773007,41.29222462076519,-342.32844430516684
125505000,0.9273859884543436,-0.2728324210779386,59.03526665160674,0.2942891943453998,41.097372707665464,-342.2799019173377
125514500,0.9273565985833164,-0.2729188836704289,59.028441035974005,0.294323230299794,41.07545074564935,-342.1674902680861
125524000,0.9273549318976078,-0.27298326208154394,59.05832599453147,0.29417426705960464,41.037151522767026,-342.09643190462316
125533500,0.927319756287151,-0.27308130391280366,59.04741201716259,0.294228650904303,41.014339360677496,-341.96795714627297
125543000,0.9273186240405255,-0.27320524964943144,59.108653405192975,0.29392374780092057,40.93846291242147,-341.8326240353043
125552500,0.9273867405241221,-0.27331183568005546,59.28161032027014,0.29306604834645467,40.79830270567654,-341.75921819575865
125562000,0.9273963077640787,-0.2734494372390861,59.36910331788613,0.2926340714385969,40.702585057815604,-341.6158335253193
125571500,0.9273707291779942,-0.2734809326595698,59.34064270345864,0.2927744494644231,40.710809274761274,-341.5658238337931
125581000,0.9273805403687796,-0.27353903406179486,59.38773255927993,0.2925422581733508,40.664179944451085,-341.50890590416697
125590500,0.9274887940978953,-0.27357877448196366,59.59828334809133,0.29150856082749865,40.5222101585817,-341.53280186814163
125600000,0.9275324584295377,-0.2738055762937604,59.7936603048057,0.29055587294825214,40.33483386001678,-341.31392770366335
125609500,0.9274217146517557,-0.27378353221414203,59.58656112243688,0.291565918909134,40.46838042192263,-341.2694668489559
125619000,0.9274496423845456,-0.2739335803370458,59.71397832302823,0.29094366145575296,40.34558150493173,-341.12428143299013
125628500,0.9274726953343134,-0.2739284694400437,59.75208251244558,0.29075809062458696,40.323785384616066,-341.1440201519675
125638000,0.9274756308224279,-0.274105434930401,59.849965531346584,0.29028247494244186,40.211649943271,-340.95441055054744
125647500,0.9273730278926722,-0.2740768167033671,59.65342016078066,0.2912390730740726,40.34016914673897,-340.9221844412228
125657000,0.927376519242843,-0.27420652231239706,59.727303007001375,0.29087874211587783,40.25655470509591,-340.78421639331833
125666500,0.9273996770831929,-0.2743022187836428,59.81842767453145,0.2904355480523081,40.172718754100586,-340.69513514900774
125676000,0.9274507076983165,-0.274453247246129,59.988644162581075,0.28961129050524176,40.02494917582449,-340.56348243523
125685500,0.9273489176970977,-0.274503364360313,59.83396341371991,0.29036012313969384,40.10397233124064,-340.4470073003445
125695000,0.9273849682569605,-0.27447434059006,59.88272442733676,0.29012364612663954,40.08291360158726,-340.50041314754446
125704500,0.9274252045464206,-0.2747268496020695,60.08778346459362,0.28913337025784697,39.88487632594421,-340.252958972417
125714000,0.9274592654633214,-0.2748460573332436,60.212156636164686,0.2885360314944186,39.775344213242356,-340.14543084435434
125723500,0.9274417169645593,-0.2749211609580983,60.220620178546746,0.28849547252998814,39.7483730208433,-340.05389698842487
125733000,0.9273914338519736,-0.2750294788523042,60.1879968992115,0.28865187249091073,39.73634696382196,-339.9067362004415
125742500,0.9273853886038401,-0.27507714919218734,60.202525419433464,0.28858220006094304,39.71376883517528,-339.8518190757954
125752000,0.9274078136955046,-0.2752260861139143,60.32236524280398,0.2880087811694044,39.59893951994554,-339.7055068791175
125761500,0.9274986636096746,-0.2752767109215723,60.51380065824255,0.28709749918183836,39.470585980489886,-339.7064090010556
125771000,0.9275264375116524,-0.27541662673088957,60.63976855983941,0.2865009989737569,39.35578778532568,-339.5730636902592
125780500,0.9273696900249297,-0.27545435104916266,60.375850619721454,0.28775359507740916,39.50101784906102,-339.43741666963444
125790000,0.9275013576754674,-0.27547852889860824,60.62757583668976,0.28655862722246905,39.34513913713612,-339.4914263851133
125799500,0.9275335443715303,-0.27561524767286977,60.76038847350832,0.28593214194846184,39.22775356130314,-339.3643194470073
125809000,0.9275183556029546,-0.27571044045500415,60.784351444609285,0.2858193987779002,39.186404436280256,-339.2531040690258
125818500,0.9274891816067891,-0.2757580850357717,60.756902732542464,0.28594854939147146,39.18882525365514,-339.1844169399247
125828000,0.9274312776916491,-0.2757178275227919,60.62944718484578,0.2865497808901592,39.27520155637003,-339.19247634251326
125837500,0.9274201881041703,-0.2759068021528411,60.71167172069863,0.2861616234322743,39.17272192762238,-338.9835259097506
125847000,0.927405120568895,-0.276027481326145,60.7497344831843,0.2859822963841175,39.115911680279474,-338.8453957077715
125856500,0.9274406639762584,-0.2760736577641108,60.83992926960155,0.28555825311684385,39.05005019604714,-338.81750342445696
125866000,0.9274421703376247,-0.27616146348471615,60.8906381243616,0.2853204014898129,38.99547930233027,-338.7245997022937
125875500,0.9274369451703021,-0.2761881413545517,60.89562948237334,0.28529701077388325,38.984977644534894,-338.6929566540513
125885000,0.9274337489154771,-0.2763991766182195,61.005372538275964,0.2847836956450098,38.861313927405,-338.4657969190081
125894500,0.9273844045573991,-0.2764552992974386,60.94534382745187,0.2850642464561703,38.88017159412658,-338.3762715143535
125904000,0.9274677434894034,-0.27657438850916743,61.16463067735134,0.2840420543493261,38.71978381826033,-338.2994151659416
125913500,0.9273572263300285,-0.2766729749942117,61.01480625125869,0.28473965635254994,38.778314267151885,-338.12806260476606
125923000,0.9273532209925741,-0.2767186656594237,61.032551265221315,0.2846568544098217,38.75515169920441,-338.07702811012524
125932500,0.9274032055721758,-0.2768656405376525,61.20606524909956,0.2838497326169224,38.613857802913486,-337.95063121565187
125942000,0.9275374606448311,-0.2769590902023613,61.508151049749344,0.2824554113283043,38.41514491437435,-337.9315479902282
125951500,0.9275105125266283,-0.27708827662014823,61.52994038047737,0.28235536899888586,38.36664101424285,-337.7780851098212
125961000,0.9274823649357966,-0.2770783231903884,61.47169880255412,0.282622934774737,38.40249931459463,-337.77185720743984
125970500,0.9275308070418189,-0.2771382275703146,61.595980218346405,0.2820525897964,38.31526424426282,-337.73711008735495
125980000,0.9274555814624259,-0.27733086618050895,61.562877841114066,0.28220427623175676,38.280290226937176,-337.487705447972
125989500,0.9274950997475346,-0.27734751700307897,61.64642271513004,0.2818217583275913,38.22843803708982,-337.4935781366698
125999000,0.9274491970136769,-0.2774976355279972,61.6445432570553,0.2818303521964862,38.18776682534629,-337.3070423650757
126008500,0.9275023321398788,-0.2775168040655255,61.755405446665414,0.2813243268923139,38.12003925567587,-337.3183219568867
126018000,0.9274594005489887,-0.2777342988430757,61.79725861204795,0.28113376228713927,38.036332766573544,-337.0624083435129
126027500,0.9274317668157628,-0.27779821035057417,61.781221634349876,0.28120675086357644,38.02765513642904,-336.97837173703203
126037000,0.9274303991956893,-0.27785863907908404,61.81283050972809,0.28106292666513927,37.993261894542414,-336.91363500920113
126046500,0.9274261704914106,-0.2780134276489718,61.8925993390342,0.28070062218786096,37.90602295213292,-336.7474875915045
126056000,0.9274633585037589,-0.27800636828229885,61.95911180240944,0.28039924061504967,37.87089981314137,-336.77696169618065
126065500,0.9275063558306561,-0.27815882666133446,62.127969663081515,0.27963701054584955,37.73532136037251,-336.64129215725706
126075000,0.9276303157775982,-0.2782422646411279,62.41360551866389,0.27835703224252234,37.55513362922842,-336.626294887329
126084500,0.9275549063308155,-0.2783224573143756,62.31486502170545,0.27879817622495756,37.587499196732985,-336.4971562846491
126094000,0.9275524318130232,-0.2783705548179188,62.33783214501265,0.2786954410026535,37.561765752014615,-336.4449342221886
126103500,0.9275351123500297,-0.2783813673208242,62.3108041997759,0.2788163487424672,37.57367032461964,-336.4233199950418
126113000,0.9275175585946924,-0.2785104339005483,62.35150913125147,0.2786342978544493,37.51617457020717,-336.276859337132
126122500,0.9275983924928736,-0.27860583003300304,62.56262619099181,0.27769388828787794,37.37486166718818,-336.2238311685235
126132000,0.9275400906517607,-0.27872284146330456,62.517872217434096,0.27789271182458614,37.36755724198317,-336.0663023902219
126141500,0.9275051263053713,-0.27880895182364135,62.500327805383115,0.2779707321574673,37.35381078033417,-335.95512593147936
126151000,0.9275755264179132,-0.2788774807561153,62.676520023592055,0.277189185813864,37.23953121087668,-335.92430131865336
126160500,0.9275833636445904,-0.27904791828565834,62.79145730516714,0.2766817160724939,37.131479019793645,-335.7496158520162
126170000,0.927636444269879,-0.27916491961740053,62.963935654418854,0.27592366874190993,37.00728504456474,-335.65765930824534
126179500,0.927569210289943,-0.2792085007556095,62.8581016096554,0.27638831914183126,37.05246446016628,-335.57259538796865
126189000,0.9275470223452631,-0.27924307781342994,62.83511256609592,0.27648945647972223,37.05556444691651,-335.5233220749904
126198500,0.9275483888963455,-0.2793867060842512,62.922277201267946,0.27610637809409305,36.97028477991619,-335.3733757156499
126208000,0.927547795361764,-0.27945388781687525,62.96072917875171,0.27593772339731737,36.93172968116756,-335.30256194891956
126217500,0.9275565619843454,-0.2796026126072315,63.065850105006966,0.2754777011157413,36.83590516112088,-335.15176275753953
126227000,0.927483126328797,-0.2797195520710096,62.99092657561701,0.2758054186027154,36.84476142753616,-334.9865560444139
126236500,0.927409741372832,-0.27972801361336985,62.85238030844746,0.2764134823531614,36.91663423150772,-334.93498856938885
126246000,0.9274271433786451,-0.27985210592046467,62.95958831377395,0.2759427243931919,36.82623306237114,-334.8153194302631
126255500,0.9274704207608689,-0.27994668115259275,63.100534276189,0.27532625522988596,36.7260383838038,-334.741589152353
126265000,0.9275618998881137,-0.28011464674725234,63.38141355391676,0.2741059242144013,36.53303977266129,-334.6191000377653
126274500,0.9274821852128142,-0.28017138800414093,63.25750213276526,0.2746429436639946,36.58343169815419,-334.5136682375615
126284000,0.9274526721163853,-0.28019298038650853,63.212098703413275,0.2748402446860907,36.60173145640458,-334.4740316601309
126293500,0.9274887454845084,-0.2803026727046471,63.34899050641066,0.2742462394059184,36.50058770338138,-334.38045012171807
126303000,0.9275391447796575,-0.2803456828326711,63.47488282363182,0.2737022255742247,36.423137569045124,-334.36471927720237
126312500,0.9274718513455122,-0.2804846269825583,63.4246137308557,0.27391919248259716,36.4130303945505,-334.1809634782157
126322000,0.9273972082179753,-0.2805491519441103,63.315296651742194,0.2743922064948199,36.45351655939688,-334.07063499905144
126331500,0.9274603289427629,-0.28056504012885347,63.450048899497205,0.2738093685316372,36.3786074941196,-334.09053452613216
126341000,0.9274923173154951,-0.2807409146474935,63.619878538457414,0.2730783294540523,36.24389927110243,-333.92587195880424
126350500,0.92750688013509,-0.28083730864181483,63.707412390550466,0.27270305871047634,36.17325678169092,-333.83396323082405
126360000,0.927447253724207,-0.2808889848324102,63.61941574950138,0.2730803162446257,36.20552695979188,-333.74591862634844
126369500,0.9274268695854098,-0.2809023986390241,63.58681873338956,0.27322033065803475,36.21899648715433,-333.7202458145885
126379000,0.9275435316433938,-0.28110542991724596,63.94444805852434,0.271692010610576,35.98112520963199,-333.57630747149807
126388500,0.9275201112901009,-0.281265876839202,63.99538651118072,0.27147571650551816,35.91346629264421,-333.39629598238446
126398000,0.9275470449560427,-0.2813467877912794,64.09959426196514,0.27103430234342757,35.83919490894493,-333.3277675088477
126407500,0.9274878194472351,-0.2813665841203718,63.99185582179717,0.2714906973572463,35.88929072231346,-333.2733364082708
126417000,0.9275819652954608,-0.2814042528603674,64.2059242299691,0.27058537594834425,35.77010213253389,-333.28813198033714
126426500,0.9275566066525158,-0.2815860638688047,64.26663651193638,0.27032971437949166,35.69252288168812,-333.0851732124172
126436000,0.9275079229868646,-0.28163703026998343,64.1990253865484,0.27061445782497484,35.71385174333241,-333.004593779533
126445500,0.9274939202664801,-0.28167081850440034,64.19141544964087,0.27064654454829035,35.7090623011692,-332.9616194992562
126455000,0.9274995852537707,-0.2817831562791295,64.27241333416214,0.2703054131480652,35.63911936751923,-332.84859736060724
126464500,0.9275575212554179,-0.2818193477161416,64.41321627787721,0.2697144486929775,35.558556242848006,-332.84416725866873
126474000,0.9275496453322857,-0.28206029358410206,64.54728493192121,0.26915414555309664,35.42962344451905,-332.5905688116423
126483500,0.9274661494453974,-0.2821159191535043,64.41073383003345,0.26972484540208697,35.48424191657103,-332.4856642386492
126493000,0.9275306533573037,-0.28224703476943264,64.62509363784062,0.26883003180279813,35.343202450557804,-332.38696007789883
126502500,0.9275290214611519,-0.282301412104369,64.65583706904587,0.26870218447184546,35.31404377492369,-332.32992731131014
126512000,0.9275270881492939,-0.28239260212100137,64.70913093018406,0.2684808485016899,35.26435106779109,-332.2347805728121
126521500,0.9275456733876815,-0.28250115156305383,64.81595193761783,0.2680383038866987,35.183731977746106,-332.13340739351247
126531000,0.9276475592208525,-0.28259454007875834,65.0870975743098,0.26692150988736946,35.025939940379445,-332.09475911890274
126540500,0.927540595555009,-0.28268010199053817,64.91854838674804,0.26761463248086326,35.087789213363074,-331.946213431038
126550000,0.9275484934280056,-0.28262373001096075,64.8992667383391,0.2676941536880738,35.11150848604927,-332.0087204989177
126559500,0.9275846163911868,-0.282811222229382,65.09356089974398,0.26689500231783453,34.96847762685782,-331.8361073446973
126569000,0.9275459907754611,-0.2829694515383974,65.11368875905667,0.26681248710232386,34.91902298311423,-331.65161756942535
126578500,0.9275140595522513,-0.28309899758629914,65.12957829242265,0.26674738315808744,34.878891858150595,-331.5005510427178
126588000,0.9274643638185683,-0.28312815191558194,65.0443705719849,0.2670968756071691,34.91350405591053,-331.44265000850106
126597500,0.9274637008485098,-0.2831629254481852,65.06513805393688,0.2670116102326312,34.89461443175555,-331.4065875774388
126607000,0.9275399804988945,-0.28333032728863017,65.33211901959787,0.2659202913209044,34.722273344063915,-331.27771149501547
126616500,0.9274940290471864,-0.2833827374824939,65.26918528100988,0.2661767366288866,34.73997253885892,-331.1981768767876
126626000,0.9275362059266904,-0.28346405770815225,65.41023631741936,0.26560266192287224,34.65112342740962,-331.13848430309247
126635500,0.9275362938238667,-0.28356025269248236,65.4724865848875,0.26535009155747963,34.59712928706594,-331.0399732990728
126645000,0.9274516485544908,-0.2835843611038719,65.30962485680935,0.26601189480640103,34.67029915356805,-330.9678609027114
126654500,0.9274963253664734,-0.2836904493046197,65.47215781292927,0.265351424234493,34.565157499123444,-330.8842985917963
126664000,0.9274978951808577,-0.2838117773911913,65.55399141247987,0.2650201242904604,34.49569382739717,-330.761060066824
126673500,0.9275822564130441,-0.2839107756110936,65.79769971687367,0.26403836396126334,34.35414327147816,-330.706938051139
126683000,0.9274424649358104,-0.28392217618027693,65.50819293672279,0.2652054355088846,34.490659524394914,-330.617239103435
126692500,0.9275704413610318,-0.2840065544046927,65.83506452257319,0.26388848546632715,34.31280433674253,-330.60244328193795
126702000,0.9276433558159443,-0.2841315124639483,66.07334651681857,0.2629366720753507,34.16871270811821,-330.5153785610609
126711500,0.9275983239069742,-0.28422128426331655,66.03566421980904,0.26308673602193383,34.16476096307322,-330.39865568725384
126721000,0.9275208284018165,-0.28436025387463887,65.9607691115485,0.2633855034243666,34.16655225979376,-330.21379301950856
126730500,0.927507541668847,-0.28433160331293145,65.91349727724088,0.26357442718990404,34.19602865205743,-330.2356185779006
126740000,0.9275666957104323,-0.2844164256559272,66.09626871705665,0.262845471660554,34.08858143566883,-330.1820068127808
126749500,0.9274702109893272,-0.2845634770280977,65.98587888703463,0.263285261312396,34.10524155412215,-329.97862394728975
126759000,0.9274332003024769,-0.28462702122648104,65.94834007908631,0.26343515029675774,34.107645760638974,-329.8934054554957
126768500,0.9274184381484529,-0.28474672118697303,65.99546587070944,0.2632470087153281,34.056269515958256,-329.76346236296183
126778000,0.9274592676870215,-0.28473044070934017,66.07242504474088,0.26294033965389696,34.02377252895062,-329.80265044759005
126787500,0.9274860381132191,-0.2848991199343033,66.24179613974317,0.2622679353412575,33.90315851969947,-329.6459798913335
126797000,0.9274013204855569,-0.285017452104843,66.1374513036342,0.2626817776141672,33.92375728563393,-329.4789331238172
126806500,0.9275151945521483,-0.2851143455702764,66.44835519732464,0.2614525350003898,33.754629887799815,-329.44347910432975
126816000,0.927466506239456,-0.2851346369333173,66.35618459156701,0.2618157548796619,33.79284869534107,-329.3960107482252
126825500,0.9275084077418825,-0.28529441660233446,66.55415090284401,0.2610368626151335,33.66222712712089,-329.25702879993236
126835000,0.9275287740925633,-0.2853239023424999,66.61841057042501,0.2607850303760972,33.62533360430998,-329.2383455628376
126844500,0.9275470383298795,-0.2854593321129424,66.74962302487408,0.26027231781840116,33.53230007922972,-329.1111093434912
126854000,0.927527593635639,-0.28553006332950465,66.7547259856214,0.2602524187304081,33.513119004960686,-329.0287621808171
126863500,0.9274404704727397,-0.28561762971173776,66.62300546767774,0.26076704168840137,33.55319514400382,-328.8922310736173
126873000,0.9274856481072757,-0.28563148658103005,66.73122372565791,0.26034409149437465,33.49986331728454,-328.9030304499187
126882500,0.9274781851287692,-0.2857791839345212,66.81470190438947,0.2600187693995207,33.42634225374534,-328.74952247472334
126892000,0.9274592658518441,-0.2858899631477449,66.84816662451497,0.25988858252227126,33.38472680144402,-328.6271741289737
126901500,0.9273994921900304,-0.2859846382313735,66.78096261211698,0.2601501565533496,33.39321898386256,-328.4987981692137
126911000,0.9274210021589772,-0.2860325533238082,66.86070986285407,0.2598398194935607,33.345261624188296,-328.4622094400556
126920500,0.927509872456927,-0.2861426416835881,67.13204239873684,0.25878944999579634,33.195347081431755,-328.3997034702235
126930000,0.927496857082137,-0.286189619654036,67.13532253632486,0.2587768040360289,33.1828146948859,-328.34518810102963
126939500,0.9275176483752545,-0.28630435826004164,67.26020599988244,0.2582962567227363,33.09920888361583,-328.2408081144308
126949000,0.9275337180085473,-0.28634414471093955,67.32337717650354,0.2580538553349809,33.06130721033041,-328.20945573722094
126958500,0.9276087555834184,-0.2864155348609799,67.54056732668579,0.2572239102596869,32.946757768355276,-328.17836166062494
126968000,0.9275939083409859,-0.2865921585049782,67.62979447027948,0.2568844932446549,32.86563448742043,-327.9923071317691
126977500,0.9274995722008648,-0.28670182486129697,67.49406017194724,0.2574011777493665,32.90097864584129,-327.83064296392473
126987000,0.9275854405927365,-0.2867240386417746,67.70252023011453,0.2566085088485693,32.80251331818623,-327.854939981839
126996500,0.9275654049780347,-0.2867939490933042,67.70607641733328,0.25659502880825474,32.78472194043358,-327.7737291509453
127006000,0.9275367740268065,-0.28681571800048505,67.656729282657,0.2567822100895245,32.80170132305211,-327.7362979315654
127015500,0.9274700541078315,-0.2868800896821749,67.55148715247427,0.2571823234511781,32.83382902413444,-327.6353788336066
127025000,0.9275435377518448,-0.2870374809051663,67.82683998901396,0.2561381030918156,32.67467663465873,-327.5171072331215
127034500,0.9275140440909397,-0.28709676797232053,67.8016328153172,0.25623334348227084,32.672188005789785,-327.4416082398051
127044000,0.9274325137049186,-0.28704075025225795,67.5788137843222,0.2570783122588736,32.78437605027543,-327.45366587469545
127053500,0.9275413963348093,-0.2871649155423619,67.91134810260229,0.25581932162172183,32.60785611437511,-327.3880094879091
127063000,0.927518878321144,-0.28731718122118727,67.96727120120076,0.2556088044901588,32.54813443950052,-327.2230996549782
127072500,0.9274828155987926,-0.2874658004493912,67.98996784242912,0.2555234639835299,32.504025720754186,-327.05469731004735
127082000,0.9274605400512329,-0.2875502017942731,67.9988070502734,0.2554902435369242,32.48079437626042,-326.95816985398903
127091500,0.9274638008083347,-0.2875378534163166,67.99751643686615,0.25549509351826455,32.484190709006654,-326.972289719518
127101000,0.927658110331985,-0.2876040045586941,68.48940266078816,0.25365988338400014,32.253977214733645,-327.0107173920894
127110500,0.9276050734289857,-0.28777485273494224,68.48928459749459,0.25366032071048883,32.21521196514376,-326.8111680814129
127120000,0.9276106079531603,-0.2878152425164324,68.53096803270115,0.2535060118559975,32.18797573612079,-326.77373713983235
127129500,0.9275865269951776,-0.28786258208055576,68.50929343200895,0.2535862261128188,32.186632990255134,-326.713460953686
127139000,0.9275806808010757,-0.2879703027816747,68.5730062283072,0.25335057974738084,32.13465545968481,-326.6026505527449
127148500,0.9275882646751872,-0.2880383978276819,68.6394670016405,0.2531052360644014,32.09055857330095,-326.5386868878246
127158000,0.927466156898802,-0.2880824321380619,68.38927075209801,0.2540313315136516,32.18885926398821,-326.429228882697
127167500,0.9275272610202933,-0.28819629874481134,68.6117903173945,0.25320734833524344,32.0668414486377,-326.348366132503
127177000,0.9275064465773707,-0.28824636741279797,68.59963165178465,0.25325223341097025,32.060787953866175,-326.28727546069166
127186500,0.9274988784583827,-0.2883560443303045,68.6610316537302,0.2530257310185644,32.00962877892318,-326.17388047042175
127196000,0.9275064698108718,-0.28845339415624793,68.74886501533962,0.2527024204032208,31.95001024112008,-326.0809418925974
127205500,0.9275329117820951,-0.28855141620229074,68.88135004923029,0.2522163091661905,31.871320397977968,-325.99744281364787
127215000,0.9276253783592802,-0.2886533138124378,69.17205281659115,0.25115619579356935,31.724915112891654,-325.9452973099056
127224500,0.9275797434543881,-0.2886983006493927,69.09776308666646,0.2514262614146321,31.7463711146728,-325.87620578500446
127234000,0.9275190082448438,-0.28874500025026933,68.98955571940282,0.25182066868361047,31.781909880151456,-325.79738517625833
127243500,0.9275658130652349,-0.28882048326026327,69.15435643003268,0.25122047484945076,31.69516470391526,-325.7472465461881
127253000,0.9276464033034112,-0.2889497590754236,69.43945080599093,0.2501889075161818,31.546306784399142,-325.6615672839607
127262500,0.9275426276426181,-0.28902078316186286,69.24658948498767,0.2508858149588663,31.611686784963926,-325.5358683642335
127272000,0.9274892216554061,-0.2890864980337274,69.16911503924645,0.25116686448306724,31.629792388675867,-325.4422494917531
127281500,0.9274957224507102,-0.28912376981786003,69.21172549043632,0.251012211156209,31.603542090915894,-325.40871404141217
127291000,0.9275366820050465,-0.2893109404659798,69.4462228285568,0.250164507064755,31.463620190165823,-325.2447889927093
127300500,0.927497748241657,-0.28946685518743165,69.4692358708749,0.2500816237297619,31.419624814990325,-325.069665757295
127310000,0.9274864195638496,-0.28952570479874956,69.48592576008681,0.25002154809540506,31.399698061913007,-325.005396368922
127319500,0.9275504670198664,-0.28955419442210006,69.65931468269257,0.24939913411571463,31.321217227996314,-325.0110604623758
127329000,0.9276397832210789,-0.28965591209539665,69.94900739906286,0.2483661104649287,31.17906525514691,-324.9575144498605
127338500,0.9275642686248583,-0.28980251259894546,69.87766707098736,0.24861970991769425,31.176462600894073,-324.7726278043315
127348000,0.9275776339267436,-0.28982086347824454,69.92348668418495,0.24845677163263197,31.153571719759224,-324.7615274868735
127357500,0.9275609198318995,-0.28991031005467294,69.95047466405111,0.24836090008486686,31.12296210847336,-324.66429781886734
127367000,0.927613593285363,-0.28994592231406224,70.10408846840792,0.24781661164967536,31.05215478812853,-324.6568360304318
127376500,0.92751800135629,-0.290075465748063,69.97142188135614,0.24828653860652197,31.078404636557753,-324.4785798839224
127386000,0.9275359395621243,-0.2901709694518868,70.08652829219692,0.2478787105167804,31.010478304862875,-324.39375993339274
127395500,0.9275255444067501,-0.2902374688818317,70.11164215273843,0.24778990877507537,30.98579086503264,-324.32269775131147
127405000,0.9275012196233648,-0.2903015987275678,70.10137607335727,0.2478262015862952,30.976093622071538,-324.24668822120685
127414500,0.927533240821717,-0.29036271669739255,70.22498468084851,0.24738992385193334,30.912450585170443,-324.20325171094896
127424000,0.9275730142098122,-0.29049746983248653,70.42394822126111,0.2466908974082997,30.802623549821636,-324.09132370976187
127433500,0.9275997770353743,-0.2906068331588358,70.57278292265195,0.2461705681082484,30.71902586971594,-323.9976276747862
127443000,0.9275471616262668,-0.2906040694392332,70.44230310677314,0.24662660945199008,30.77226993324515,-323.97281966188643
127452500,0.9275500828656346,-0.2906243475767978,70.46489656327509,0.246547521902867,30.75878299013734,-323.95438871346926
127462000,0.9276276495941361,-0.2907155190404975,70.72446642365455,0.24564253306686715,30.634778335914206,-323.90521110865325
127471500,0.9275256862231025,-0.2907951991300305,70.53600248194262,0.24629894900286525,30.69344644247098,-323.7735634029111
127481000,0.9275718572634102,-0.29088428403620753,70.71738618045435,0.24566713014047908,30.60153981890632,-323.7100982653521
127490500,0.9276096500833948,-0.29098780807048413,70.89021438311354,0.245068121529245,30.510415271671327,-323.6280705057645
127500000,0.9275597538659889,-0.29099244148358666,70.77097105459445,0.24548109630151455,30.557017999419426,-323.5975110151148
127509500,0.927591647004815,-0.2911645751359604,70.9827067491036,0.24474874892375115,30.43604803271918,-323.4451107128451
127519000,0.9276084308018657,-0.29126360695896514,71.10123734060322,0.24434068227728584,30.368078458163858,-323.3566653599934
127528500,0.9275322363529567,-0.2913837393843692,71.00597734774318,0.2446685274626909,30.380357536954648,-323.19928163156453
127538000,0.9275001247127264,-0.2914443673687777,70.97368381050815,0.24477986813744884,30.380320793017987,-323.12320055166657
127547500,0.9274981346443324,-0.2915337331760967,71.03822187705381,0.2445574567752384,30.335867206646796,-323.0346579332813
127557000,0.9275724219836847,-0.29168685476447237,71.34254749055067,0.24351411207307333,30.183774311056727,-322.92330590797684
127566500,0.927523927192634,-0.2918309952692553,71.33467148736415,0.24354100179135088,30.15658816842384,-322.75723554659146
127576000,0.9275241937734386,-0.2918541731807996,71.35354125317788,0.24347658783905876,30.144336174837555,-322.73471917389986
127585500,0.9274721146059856,-0.2918375612508966,71.21073974858068,0.24396490449423364,30.203827766132566,-322.7240029279381
127595000,0.9274861586822515,-0.2920490165981091,71.41175214478176,0.243278093295545,30.080764638204187,-322.52475025465003
127604500,0.9275211083335695,-0.29208265380193926,71.52581701968964,0.24289007808624533,30.029281089299992,-322.50996483229324
127614000,0.9275780737795803,-0.2920942527068943,71.67820018402284,0.2423736425846387,29.967686859014044,-322.5280374715679
127623500,0.9275846180038255,-0.2922248561776971,71.79850863011548,0.24196745906224337,29.893973981894433,-322.40394806668473
127633000,0.9275847600198445,-0.29233892418834456,71.88982074884946,0.24166008016621265,29.835103676667167,-322.29277052313245
127642500,0.9274935910293008,-0.2923485532265264,71.66720632001307,0.2424108279152433,29.919012534178226,-322.2364480786993
127652000,0.9274870753318872,-0.2924201272822125,71.70763801829835,0.24227412904989212,29.88850720145963,-322.16335985837947
127661500,0.9275405569225458,-0.2925224115247945,71.92440613222522,0.24154386114540283,29.783810603455688,-322.09125114877025
127671000,0.9275163307385269,-0.2926423833154048,71.95895541375948,0.24142787500203045,29.745759233137363,-321.96202646829806
127680500,0.9274061681167456,-0.29269931314187353,71.72569356418435,0.24221313335274414,29.82365830636083,-321.85007117847147
127690000,0.9274651420729241,-0.29279652925976535,71.95251011309647,0.2414495042077628,29.716419996621102,-321.7858525826348
127699500,0.9275029759046187,-0.2929044150069823,72.13541323704375,0.2408372177772851,29.624346816748695,-321.70041481962966
127709000,0.9275297956374634,-0.29305878506045124,72.32867054933175,0.2401936349041489,29.51928521622399,-321.56422517816156
127718500,0.9274335199175678,-0.2930784262013525,72.09849248708281,0.2409605633656968,29.602673477696104,-321.49590606794925
127728000,0.92749178688848,-0.2931966945844037,72.34296719716802,0.24014616102392553,29.485669729877173,-321.4109772059039
127737500,0.9274485934983444,-0.2932585586385465,72.28240694543732,0.24034738795874092,29.4959424496772,-321.3289255787645
127747000,0.9274565318080488,-0.2933228410985649,72.35484618664105,0.24010672956593215,29.455419143089024,-321.27067900944394
127756500,0.9274771064544525,-0.2934010230523239,72.47124441236606,0.23972103799241945,29.395589839574978,-321.2054310842393
127766000,0.9275701280800048,-0.293516719025441,72.80633228403872,0.23861759358639084,29.24653985904251,-321.14076356834926
127775500,0.9276039684091143,-0.29366116916731794,73.01350757484815,0.2379404331131363,29.14031574711626,-321.0181157705158
127785000,0.9275244415276612,-0.2936962800231824,72.83530157835757,0.23852267460954615,29.19942190481653,-320.94372342517175
127794500,0.9274611512699694,-0.2936977583816305,72.67240888713205,0.23905738235996524,29.259882381633833,-320.9101080679328
127804000,0.9275316345351342,-0.2938110362350677,72.94861108110187,0.2381521360302362,29.13416108956043,-320.8364052669141
127813500,0.9275122463380512,-0.29395721011006964,73.01886221427144,0.23792298221723812,29.0787148051142,-320.68531867616264
127823000,0.9274401811435328,-0.2940062289859045,72.87154215930684,0.2384040372689862,29.123431946456545,-320.6014322750357
127832500,0.9274693167209748,-0.2940808643481531,73.00912160164,0.23795472901045267,29.057466260887818,-320.54417468724137
127842000,0.9273703472150715,-0.2941326048585037,72.79421678906074,0.23865731286803615,29.126702227705266,-320.44409063907426
127851500,0.9273595074568807,-0.29423349145950406,72.8491853094689,0.23847721080959325,29.086011449892965,-320.34134764016665
127861000,0.9273490306620664,-0.2942855952064495,72.86492980529646,0.23842567469954457,29.06971011898891,-320.2858395038438
127870500,0.927416310597099,-0.29439441101941694,73.13062506168684,0.23755932789719003,28.94984041165984,-320.21507806047947
127880000,0.9274690205157033,-0.29448628504819013,73.3456735959037,0.23686272066703656,28.852664575710175,-320.1532424097401
127889500,0.9274314362701754,-0.2945599000247368,73.30827120074471,0.2369835846818569,28.851677380672776,-320.0634133053404
127899000,0.9274288442740398,-0.29461893163251585,73.35081437713269,0.2368461181201424,28.824382664660337,-320.00531306059156
127908500,0.9274493568290632,-0.2947188377653111,73.48872289921654,0.23640159910688036,28.754284182935795,-319.91957740123433
127918000,0.9275225165565864,-0.294780736390799,73.7349773120374,0.23561198621861923,28.652773714283704,-319.8969038815652
127927500,0.9273702929630578,-0.29488526675035776,73.41962221770203,0.2366241217894656,28.74641781015299,-319.71984149365966
127937000,0.9273808590002484,-0.29496255312023767,73.5124814331773,0.23632518693289042,28.69737409648724,-319.6509634758379
127946500,0.927429709752622,-0.29508773497341845,73.74780103377492,0.23557101153250717,28.587568786886244,-319.55539369263914
127956000,0.9274019057452461,-0.2951806913120352,73.75253384731491,0.23555589272523716,28.567560202160426,-319.4522800253121
127965500,0.9274070528519874,-0.29525676481720026,73.83079094421272,0.23530618422086982,28.524454229228272,-319.3819403348609
127975000,0.9274414564383141,-0.29533504696754076,73.98940737093562,0.23480167988386136,28.45224305051554,-319.32417257431763
127984500,0.9273856437911996,-0.2954461197397158,73.93470046386467,0.23497543915874022,28.450056324272893,-319.18983992258507
127994000,0.9273460872914424,-0.2955201952780159,73.8920460633775,0.23511109598016183,28.45081877134359,-319.09914302931924
128003500,0.92740970253905,-0.29556263089155244,74.09873027315469,0.2344552188780612,28.36872101130995,-319.0903767017806
128013000,0.9274721300000807,-0.29567353649293243,74.36235566272283,0.23362394055327598,28.25358115288138,-319.01547753621963
128022500,0.9274418426845931,-0.29575281726411573,74.34880548825586,0.2336665239807711,28.242966462075106,-318.9245512626433
128032000,0.9274106834625145,-0.2958201756379397,74.322644613367,0.2337487823352397,28.239132350090273,-318.8446313805927
128041500,0.9273971850725926,-0.29587432276438314,74.33284780822227,0.23371669326196837,28.22501610887266,-318.78617499317596
128051000,0.9274665937187543,-0.2959766583942664,74.6097601490228,0.23284915524833474,28.1077389880405,-318.72303764106016
128060500,0.9274016025966172,-0.29610678734748874,74.54594946940068,0.23304849599003283,28.104989069435145,-318.56650031345623
128070000,0.9273858073008022,-0.29614770673176266,74.53853099995895,0.23307169299421368,28.09969236308012,-318.519616207726
128079500,0.9273660492278855,-0.29620497062352347,74.53453690504706,0.23308418414568027,28.090043188861866,-318.4551948897536
128089000,0.9273988198680807,-0.2963338184392281,74.73598174997056,0.23245584932040997,27.994781903249837,-318.3487031165127
128098500,0.92740116212022,-0.29639267411360426,74.7938059408883,0.23227611285719646,27.963332191143856,-318.29380725357663
128108000,0.9273706710296296,-0.2964721408738421,74.77988209689839,0.23231936729757352,27.95292961821622,-318.20302154696645
128117500,0.9273815305149572,-0.29653403784709426,74.8637981559498,0.23205892571088485,27.911899192916486,-318.1495042217864
128127000,0.9274089880761972,-0.29663933605596865,75.03172764134828,0.23153949002952176,27.833610991616265,-318.0629402387599
128136500,0.9273815414396381,-0.29672052290500334,75.02766881426517,0.23155201727554942,27.819518919382013,-317.97216305247565
128146000,0.9273333845197319,-0.2967731180904851,74.94153577752446,0.23181818002049825,27.839251183657762,-317.8983516835917
128155500,0.9273721585340899,-0.2968498169498777,75.1158387788471,0.23128019248478046,27.76448328555904,-317.844674474531
128165000,0.9273813399668946,-0.29697949706365145,75.25597215888195,0.23084947724145904,27.69170171386795,-317.7260843216509
128174500,0.9273415669726647,-0.2970260248344552,75.1871658707021,0.2310607602187972,27.706472941755653,-317.66229741167746
128184000,0.92736235988047,-0.2971331874668412,75.33982390341858,0.23059251610812376,27.633878737306492,-317.57091511605904
128193500,0.9273678097278897,-0.297194551063137,75.40957400624792,0.2303792044873315,27.598463831496236,-317.5154230540395
128203000,0.9273902574697807,-0.2972641228213044,75.53416662566765,0.22999915255762574,27.54291961277384,-317.4605387162843
128212500,0.9273604028537392,-0.29734705214329865,75.52505223656927,0.2300269121782706,27.530383951403042,-317.36727659804365
128222000,0.9273336449572566,-0.2974786002434852,75.56810156704368,0.2298958560724473,27.49100981913249,-317.22957782718316
128231500,0.9273648042401861,-0.2975993261905436,75.76368735689145,0.2293023053368881,27.40221999009404,-317.1306729987289
128241000,0.9273496982533177,-0.2976636393775373,75.77921849438377,0.2292553038072553,27.38493777723896,-317.06244376100113
128250500,0.9273276794457858,-0.29764113616882054,75.69723914794288,0.22950361386386145,27.416799748036393,-317.07291111434574
128260000,0.9273869368536737,-0.2977439542219397,75.95649361070738,0.2287201821723134,27.310347707331236,-317.0047871726294
128269500,0.9273422616562582,-0.2978074220645067,75.88805580150289,0.22892647181166945,27.32145325915138,-316.9229209482062
128279000,0.9273144203142348,-0.2979185743356448,75.91018623332354,0.22885972414271705,27.29328727704328,-316.80432419804754
128288500,0.9273282620576184,-0.29794563638369875,75.97369700518915,0.228668385060153,27.266971859795433,-316.78555865088543
128298000,0.9273361043717493,-0.29804380533323144,76.0849501252362,0.22833398248014447,27.211538153179884,-316.69676457394354
128307500,0.9273607382031185,-0.29816542835440957,76.26563446583692,0.22779296409913372,27.128867605083347,-316.5941018545361
128317000,0.9272806973940052,-0.2982284592636195,76.09615399450561,0.22830036029892017,27.17351815186003,-316.49560143725665
128326500,0.9272663564670246,-0.29831750917474453,76.136641817671,0.22817894112565215,27.14353915101964,-316.40472456220334
128336000,0.9273127312463555,-0.2983857766608224,76.33066987057553,0.22759885727761275,27.066568205454857,-316.3630743439635
128345500,0.9273348919544581,-0.29847174544480276,76.47275079401962,0.22717594655649345,27.003810141923868,-316.2929532087894
128355000,0.9273141206761054,-0.2985428602083938,76.47880932942465,0.2271579479705725,26.98872004104839,-316.21592665085956
128364500,0.9272388960979195,-0.2986103502473901,76.32627852146324,0.22761195342807752,27.026590364234195,-316.11583515802795
128374000,0.9272410124436768,-0.2987335306549758,76.4453940967555,0.22725725286178902,26.964649556037493,-316.0011191703268
128383500,0.9272204821486044,-0.298844131763872,76.48854626433373,0.22712902763735973,26.93015081205896,-315.8872826395434
128393000,0.9272249012339472,-0.2988316151828151,76.48964662195623,0.22712575985341324,26.93208616591656,-315.90117991111964
128402500,0.9272259020094832,-0.29891845118838856,76.57257791050404,0.22687974521525234,26.88895675465425,-315.8201681810912
128412000,0.9271883322414015,-0.2990223574047192,76.56093622498729,0.22691424796822066,26.873746323647204,-315.7044681965107
128421500,0.927186628502513,-0.2991235035142416,76.64955476462075,0.2266518708052068,26.826270810706276,-315.6088341222532
128431000,0.9271621190241982,-0.2991404560102614,76.59496507529673,0.22681342530012338,26.841014011113504,-315.58106391387025
128440500,0.927200158108147,-0.2992509280609502,76.80665742904849,0.22618821774866904,26.751844301330216,-315.49602362711965
128450000,0.9271414421442461,-0.2993765377799897,76.75436430423609,0.22634233832599954,26.745987053274398,-315.3500229582531
128459500,0.9271391932691929,-0.2995064992393199,76.86880448395594,0.22600532797249104,26.68522122236493,-315.2273929186689
128469000,0.9271709056308025,-0.299560445553406,77.01083168888687,0.2255884708054076,26.629505960723822,-315.1922888367059
128478500,0.9272163859643405,-0.29969628100383955,77.27047471012172,0.22483036721831479,26.52144535407196,-315.08730218340156
128488000,0.9272549057959031,-0.2997586787731089,77.44190914056311,0.22433260113344694,26.455386789576416,-315.047577845321
128497500,0.9271951422729466,-0.29978644065132537,77.29351445753595,0.2247633420207318,26.497822780984844,-314.9928552166609
128507000,0.9272184875460378,-0.2998920431228987,77.4615435727143,0.22427573249196472,26.425169469278504,-314.9055226442739
128516500,0.9271771582207216,-0.29993967013707273,77.38569424936088,0.22449558004660913,26.440806551636687,-314.84119188319966
128526000,0.9271445797850725,-0.2999754996786188,77.32439802612053,0.22467356093596846,26.45394480847438,-314.79209410454513
128535500,0.9271768877073269,-0.2999947816632062,77.4370543534349,0.22434666685595633,26.414538514190934,-314.7896605315205
128545000,0.927200842598554,-0.3001860132236874,77.68911456721735,0.22361869967112152,26.30030377224667,-314.62292716992414
128554500,0.927176300933789,-0.30030944415723926,77.73458393912291,0.22348788371285366,26.263923954112727,-314.49619980284785
128564000,0.9270758268837727,-0.30028444269944965,77.41572915369152,0.22440847302537384,26.36944183433065,-314.47124184651176
128573500,0.9271596010272855,-0.3003450076674885,77.71931185269867,0.2235318046241057,26.262409708390983,-314.4550874465678
128583000,0.927221868947617,-0.30049487501115973,78.04733511108857,0.22259222515316773,26.132668702648097,-314.3454831177504
128592500,0.9272287191014245,-0.30059109842729537,78.16055018144449,0.2222697664850321,26.080264351076213,-314.2592784893065
128602000,0.9272163985905667,-0.30072587613231333,78.25419291824196,0.22200375879801695,26.02730230134504,-314.12813672043666
128611500,0.9272682724289274,-0.3007150710415014,78.39895753036011,0.22159378169336777,25.98426587350721,-314.1629474957772
128621000,0.9272426611424045,-0.300788358661595,78.39343879891706,0.22160938311697254,25.97307627980185,-314.08263792331013
128630500,0.9271711720911587,-0.30083963626664734,78.2293382134827,0.22207430060604533,26.01497671203919,-314.00090598041015
128640000,0.9272071183856414,-0.30101346208591495,78.50603611936357,0.22129150534124856,25.898727388172464,-313.85676995265845
128649500,0.9272228748688762,-0.30109078042748955,78.62905791708424,0.22094523873459593,25.847296259661004,-313.79257676077026
128659000,0.9271117035530004,-0.301132500521664,78.3357763484067,0.2217725260463477,25.930460499279842,-313.7009719048086
128668500,0.9270968194870386,-0.3011982876439471,78.35519616692844,0.2217175552186407,25.912913292266904,-313.632948971672
128678000,0.9271460902124594,-0.3012630701201307,78.56632914566451,0.22112166443783804,25.836459462066273,-313.5964105592882
128687500,0.9270605973616091,-0.301389191883302,78.43258942486759,0.22149875197824992,25.855594000841112,-313.43903773223576
128697000,0.9270761500030311,-0.30147855898206105,78.56665290047765,0.22112075314871735,25.798737364233933,-313.3637913272379
128706500,0.927091191707157,-0.3015229952391335,78.65553305556746,0.22087086143274187,25.763728799060363,-313.3298564725079
128716000,0.9271981788856053,-0.30163364153400174,79.08923313667947,0.21965954674766913,25.612363781071213,-313.2783257776037
128725500,0.9271975052404318,-0.30175277027786407,79.20556313841246,0.21933689626394512,25.556579208770994,-313.167936954098
128735000,0.9271406124618149,-0.3018068679431745,79.085589070565,0.21966966918906705,25.583511084276232,-313.09105825983244
128744500,0.9270921254166873,-0.30182699996889395,78.95792449469621,0.22002488409871107,25.61873352064968,-313.0495246285629
128754000,0.9271415053898294,-0.3018907857515066,79.17171493824556,0.21943067910963548,25.542985020261078,-313.0140312094421
128763500,0.9270739901830092,-0.3019423779518263,79.01704215060481,0.21986025195606063,25.580861251450123,-312.93450760818786
128773000,0.9270970126526935,-0.30198148944343023,79.12604737704895,0.219557336906463,25.541136495696446,-312.9093298268346
128782500,0.9270823719897476,-0.3021354974442842,79.23466033436692,0.21925634103031957,25.481868385816654,-312.7604733599695
128792000,0.9270107850592728,-0.30222606685483505,79.10613447539451,0.21961261061515303,25.50502658231906,-312.6432751780562
128801500,0.9270992221561992,-0.3023304674642177,79.4814971221535,0.2185753491779606,25.37438815793141,-312.5889007034046
128811000,0.9269872783604507,-0.30237327227478916,79.18093233758071,0.21940513261447528,25.457192627664142,-312.4967504174899
128820500,0.9270726262874679,-0.3025218262334294,79.59195999718038,0.21827196420670675,25.30874374244045,-312.4003721581077
128830000,0.92702442953234,-0.3025577527591732,79.47951679867327,0.21858079580874437,25.336132005183305,-312.3446744572954
128839500,0.9270146449763178,-0.3026313850648291,79.52341178923464,0.2184601317976812,25.310477703010076,-312.27243013013464
128849000,0.927082521972,-0.30262342935234954,79.72510537148773,0.2179073995767884,25.25186725959344,-312.31165354513826
128858500,0.9271052944428527,-0.30281354196372023,79.98876907617549,0.2171890453612047,25.14168285782264,-312.14776109430113
128868000,0.9270330971395373,-0.30283556964305147,79.78663173860825,0.21773934566659264,25.19760123444155,-312.09366867567127
128877500,0.9270431011858237,-0.30288287452626333,79.8656783038044,0.21752381694650075,25.166226047574536,-312.0549664613276
128887000,0.9270093256497544,-0.3030288563830483,79.90900017578306,0.21740587624913948,25.128743469539195,-311.90528677439534
128896500,0.9268995364670876,-0.30309061564459405,79.63121204475229,0.21816436164241093,25.200359065942834,-311.79724483866147
128906000,0.9268927661886931,-0.303165916759349,79.68641858576545,0.21801320207104674,25.171255536021363,-311.7251386825767
128915500,0.9268747283449151,-0.30321261480009665,79.6778723558387,0.2180365885718148,25.165878588684894,-311.67395449992733
128925000,0.9267885381349821,-0.30334411039116516,79.54458907114514,0.21840196468118997,25.183087621315458,-311.51333752900166
128934500,0.9268244313631825,-0.30344265500806206,79.75523419122032,0.21782507292902176,25.104161857317308,-311.4400981186655
128944000,0.9268376277185066,-0.3034795249940507,79.83361221351193,0.2176111970326947,25.074863276066903,-311.4125900449688
128953500,0.9268482428360373,-0.30359731212827024,79.9866254543378,0.21719486658065282,25.010127439758097,-311.3099938538228
128963000,0.9267881081968901,-0.3037384586413065,79.94336605538759,0.21731240853344744,24.999095991489465,-311.1531372145028
128972500,0.9268369553203386,-0.3037666377197165,80.12458111913256,0.2168208692833246,24.941403204715357,-311.1502286047198
128982000,0.9269244966760863,-0.3038358111475014,80.4706820289134,0.21588823591127398,24.829331248480944,-311.12793649506176
128991500,0.9268741623182692,-0.30391584239008107,80.3947614435625,0.21609213043100267,24.837960031471713,-311.03153668764406
129001000,0.9268114052619868,-0.3039758432173715,80.25938555946833,0.21645665712714465,24.867204565294294,-310.9476513181727
129010500,0.9267513060516551,-0.30405113254105814,80.1484786535312,0.2167562140064949,24.886872467517048,-310.85111773137413
129020000,0.9268019896162287,-0.30414612204267194,80.40535744076489,0.21606365039133338,24.796553134026418,-310.78825037185015
129029500,0.9268660254335164,-0.3042088302369556,80.67262069952419,0.21534777181031892,24.70914926991696,-310.76094307904776
129039000,0.9267356268930987,-0.3043644671558181,80.42210658840779,0.21601864715474597,24.755447327180125,-310.5588832314564
129048500,0.9267235981215884,-0.30445245260686826,80.47527625011614,0.21587590988428287,24.725534005466777,-310.47337911149447
129058000,0.9267106745856766,-0.3045244634438441,80.5091463970842,0.2157850816812976,24.703862431037756,-310.40200595909016
129067500,0.9267256141160615,-0.3046550384090543,80.692138495233,0.2152956782067788,24.629791214825108,-310.29044644638867
129077000,0.926774007156667,-0.30473211382655324,80.92653555594386,0.2146720283865047,24.55022306939295,-310.24293669574445
129086500,0.9267320397560462,-0.3047927432599353,80.85636537313147,0.2148583478061976,24.56023044687109,-310.16855253412274
129096000,0.9267167367348284,-0.30494074177796787,80.96274759894405,0.21457600269749322,24.505683474542167,-310.0273837859935
129105500,0.9266750431702915,-0.30504425157977494,80.93842147488184,0.21464050029396164,24.495622221498927,-309.9144180787256
129115000,0.9267362763443592,-0.3050231609664056,81.11190328884535,0.21418138147745405,24.44993300139651,-309.96177596106446
129124500,0.9266983953579372,-0.30504217174126713,81.01076393799349,0.21444880724005122,24.4754480886715,-309.9270819146018
129134000,0.9267963237853538,-0.30523956321090046,81.5344900428685,0.21307118484573995,24.295848094082377,-309.7936250376975
129143500,0.9266698459238385,-0.3053609793550852,81.25568031299404,0.21380236213906884,24.354280785739984,-309.62564153888184
129153000,0.9266878837264737,-0.305371389853334,81.32471694871214,0.21362084678912277,24.33319258763748,-309.6245407516535
129162500,0.9267351377788913,-0.3053612220532503,81.46626144981848,0.2132496514500715,24.29517585482544,-309.6554747243379
129172000,0.9268308693783566,-0.30541223226839276,81.83132208023385,0.21229822088574254,24.18520584908629,-309.65338971729847
129181500,0.9266863161434208,-0.305575685225653,81.5369530465895,0.21306474791458357,24.240655922015026,-309.4393585425568
129191000,0.9266203895237066,-0.3056241137675752,81.37567279219226,0.21348706814973673,24.277877998083735,-309.36537395540444
129200500,0.9266338587726833,-0.3056332168323517,81.42878108036113,0.21334781673200978,24.261546925839195,-309.36335336987975
129210000,0.9266642536653927,-0.3057529307120119,81.65487256051397,0.21275702585229245,24.179173680059293,-309.2693656786377
129219500,0.926609797787642,-0.30590439186386037,81.64038365961505,0.21279478809285587,24.158769803491097,-309.1079285006928
129229000,0.926586501083881,-0.30592290132492556,81.58469484663753,0.2129400540136941,24.171259667759607,-309.08058173894466
129238500,0.9266015258454531,-0.30603334986813396,81.75178597840053,0.2125047858730893,24.10712558854609,-308.98805668913656
129248000,0.9266410609010728,-0.3060910913875629,81.94276723505722,0.21200945886485845,24.045122526124572,-308.9542003242892
129257500,0.9266505793305829,-0.30614686664328883,82.03413651600428,0.21177330020030077,24.011048754347588,-308.9083794573788
129267000,0.9266744124517405,-0.3061944933913959,82.16386013465882,0.21143891091762246,23.96784325062466,-308.87643793475223
129276500,0.9267003334404452,-0.30631011815593545,82.37497159229403,0.2108969797038696,23.891739191938292,-308.7843154680738
129286000,0.9266192709003124,-0.30640115620716596,82.20712379128692,0.21132762465958407,23.92302848969836,-308.66552673262095
129295500,0.926521397318708,-0.30636530910652426,81.84804157447769,0.21225484938742809,24.02728725212101,-308.65302161070883
129305000,0.9266178961099344,-0.3064448672128263,82.25013554367958,0.21121710243991426,23.90431933958139,-308.6256474794032
129314500,0.9265828202908377,-0.3065864721812735,82.28886499174634,0.2111176828226162,23.871231299998897,-308.48256892558254
129324000,0.9265164883439205,-0.3066923278246961,82.18592781074256,0.21138213202408024,23.88246928290618,-308.35742575642746
129333500,0.9264384569316533,-0.30679012239895914,82.03624463479441,0.2117678576363925,23.90781610125678,-308.2342621181495
129343000,0.9265965805007419,-0.30680503958211647,82.57336156033787,0.2103902310306764,23.759386497492887,-308.2928785646649
129352500,0.9265301360453791,-0.3068914238200414,82.44811354309283,0.21070986893172203,23.779615182648627,-308.18528759333174
129362000,0.9264583836054395,-0.30699064045690094,82.31979860711925,0.21103834254256018,23.798714385263764,-308.06386512472346
129371500,0.9265041326930884,-0.3071028172000349,82.59392667928867,0.2103378407007693,23.706828896805064,-307.9843211668734
129381000,0.9265310306121161,-0.3071870905234315,82.77618254666173,0.20987467558606557,23.64453940798618,-307.9211806312375
129390500,0.9265024859334148,-0.3072237450554811,82.72162090297618,0.21001311850511437,23.65342798858979,-307.87547402390766
129400000,0.9264490544086055,-0.3072793727035553,82.60540998574571,0.21030859794401058,23.675933507134292,-307.8015442138633
129409500,0.9263457861547035,-0.3074514587451755,82.45253007412828,0.21069858124963375,23.69006944219875,-307.6011291441419
129419000,0.9263538149940064,-0.30761724436409316,82.66147662224049,0.2101659384226599,23.60781355009542,-307.45696828835776
129428500,0.9263708399755395,-0.3076711336992033,82.7776213050849,0.20987102739788255,23.56826042619187,-307.41665506010276
129438000,0.9263695620804766,-0.307713006034007,82.81970561589357,0.2097643723904058,23.550462477941856,-307.3787762747755
129447500,0.9263486524529271,-0.3078531594690263,82.90532328708846,0.20954772429791432,23.505740913903335,-307.2445424707799
129457000,0.9262871111535635,-0.30801077088564066,82.87477981926611,0.20962496052587892,23.4893160015414,-307.0765673103516
129466500,0.9262291884813375,-0.3080522787565293,82.72777906500302,0.20999748384373043,23.52205766573818,-307.01353199930514
129476000,0.9262226386129314,-0.3080329825316761,82.68467114571884,0.21010697738193887,23.536589810928565,-307.0277204117941
129485500,0.9263011390346582,-0.3082092749135422,83.14283454494294,0.20894905874646483,23.387346905368016,-306.90652041649435
129495000,0.9263101286643526,-0.3082862808606007,83.25926414875047,0.20865683663836512,23.344690608612726,-306.84219525380706
129504500,0.9263398989085057,-0.3083965222634259,83.48372520645512,0.20809577134404117,23.26868115939747,-306.75774436311696
129514000,0.9263096299912156,-0.30843080221153707,83.41992805552616,0.2082549322203134,23.280125599596825,-306.71372558112466
129523500,0.926382039282574,-0.30848444137331077,83.726226122161,0.20749299460207424,23.191798026379328,-306.69867390025775
129533000,0.9263388700861097,-0.3085401993133675,83.64253741088936,0.2077006219165013,23.20505026028049,-306.62984432163665
129542500,0.9262706688172238,-0.3085571951804434,83.4305216175057,0.20822848658833915,23.25787501888164,-306.5841514914775
129552000,0.9263101859975289,-0.3086612485875051,83.68212489790382,0.20760235566496832,23.17615030732178,-306.5096882986768
129561500,0.9263020332483182,-0.3087463095166312,83.75087585150645,0.20743191903289304,23.145227327872153,-306.43069261772
129571000,0.9263014911218392,-0.3087831822183993,83.7909232246183,0.20733276876436044,23.129180777815947,-306.3978023073693
129580500,0.9262384726925164,-0.3088454134461246,83.64701527706363,0.20768950204310876,23.157065359578805,-306.3144829322417
129590000,0.9262357466438179,-0.30891656500382364,83.71845056595215,0.20751226785552748,23.12759775728101,-306.250321508437
129599500,0.9261872444519865,-0.30904464051396247,83.69879020485173,0.20756101592412032,23.113126744062466,-306.1153834959175
129609000,0.9261575852134898,-0.3090643720594318,83.6203499772902,0.20775573748494772,23.130497946734067,-306.0846735801759
129618500,0.9262598919279968,-0.309211299988295,84.13748320989366,0.20647869017701506,22.974437232024083,-306.0006445935147
129628000,0.9262633051846589,-0.3092978354801562,84.24868241417606,0.20620613488440698,22.932792241313933,-305.92576507876106
129637500,0.9261308601890782,-0.30941588064911074,83.92930003841713,0.20699090048033972,22.99694528931843,-305.7625169211723
129647000,0.9261160534136927,-0.3094705163591216,83.9410976671626,0.20696180587757884,22.98561189765955,-305.7077490354464
129656500,0.9262352582618225,-0.30953781853229123,84.42869271687567,0.205766441892849,22.85054158461623,-305.70157489383786
129666000,0.9263055071059707,-0.3096079512980231,84.75416975627411,0.20497617421847916,22.75740531428255,-305.6710252895979
129675500,0.9263032811125735,-0.30964498378156174,84.78958844654994,0.204890542701598,22.742897749833173,-305.6373978925382
129685000,0.9262358120809211,-0.3096175479419472,84.52293817775156,0.2055369850797417,22.814554039378432,-305.63155797079736
129694500,0.9262854886024715,-0.30968137675110696,84.76995703491703,0.2049379965860719,22.742393473854733,-305.59742080728705
129704000,0.9262533462704224,-0.309723837151938,84.70740132553982,0.20508935564535458,22.751827606441,-305.5457307759295
129713500,0.9261972631150064,-0.30978797701511845,84.58693546208251,0.20538146419428427,22.772687038836654,-305.4643289834344
129723000,0.9262201776508079,-0.30987744099631737,84.77086922942827,0.2049357911036631,22.71276927737448,-305.3957864629525
129732500,0.9261670792746717,-0.31002729791591227,84.76058560878856,0.2049606573488631,22.69293153748876,-305.2404390989075
129742000,0.9261389294203013,-0.31011752083781724,84.76775736560893,0.20494331508999167,22.67763558188843,-305.14867967814814
129751500,0.9261826778935622,-0.3101395124621311,84.94639429112112,0.20451229232110407,22.629456999701627,-305.1487610428
129761000,0.926229335008834,-0.31021407932888495,85.1979884171891,0.20390830124433293,22.555443997742696,-305.10393613441744
129770500,0.926265624564327,-0.3103554784977635,85.49369355789406,0.20320295982976894,22.461031386782416,-304.99584400909174
129780000,0.9261822499788783,-0.3103757601282951,85.22293869401679,0.20384859858969656,22.525225260700243,-304.9411816578641
129789500,0.9261747816263209,-0.3104074610478746,85.23406224587046,0.2038219926939206,22.517756052067142,-304.9100704731112
129799000,0.9263029076870921,-0.3105061732066814,85.80617025760378,0.20246289707422416,22.361768033848872,-304.88008377943316
129808500,0.9262776004600575,-0.3105910612564533,85.81743281826735,0.20243632371916198,22.346513881620645,-304.79448125563283
129818000,0.9261887808584645,-0.3106647112434614,85.58893217866863,0.20297682624496055,22.39186167493334,-304.69076469926875
129827500,0.9261404257434335,-0.3107261144274166,85.49039317240371,0.20321080526427537,22.407120085775883,-304.61566164703726
129837000,0.9261729360561503,-0.31078816828772465,85.67992141502602,0.20276125199592193,22.351299356284084,-304.575674542311
129846500,0.9262093848831461,-0.31088428753116026,85.92531359646732,0.2021821383032468,22.277064638383283,-304.50760858090825
129856000,0.9261448824299325,-0.31091510498124747,85.7317744814812,0.20263860497526798,22.319924038016403,-304.45225076222397
129865500,0.9260845060733712,-0.3110149672963659,85.63616155946653,0.20286487188525965,22.3287387331768,-304.33836150802233
129875000,0.9260374206375932,-0.3110634988312646,85.52677902181144,0.20312434495385348,22.348510534964827,-304.2752296666853
129884500,0.9260322613157772,-0.31110221316478387,85.55462997754786,0.20305821501391239,22.335974086256932,-304.2391457407773
129894000,0.9260642205049883,-0.31118607542533816,85.76868874455441,0.2025513827848479,22.271176968757114,-304.179979989187
129903500,0.9260747167269241,-0.31132354857216754,85.9714862857444,0.2020735425838036,22.201614560037317,-304.06461581537644
129913000,0.9260099628293513,-0.3113677082640551,85.79294561837989,0.20249410874639026,22.23869993614692,-303.9976638370381
129922500,0.9260381325588473,-0.31137013817529263,85.89655466390427,0.20224983680240727,22.213068552210395,-304.00791530924585
129932000,0.926095849855152,-0.3115461048844762,86.31690569710663,0.20126482055617329,22.08557604175598,-303.8798279954024
129941500,0.9261047285009292,-0.3116714050646211,86.50170347844194,0.2008348104116471,22.02297949261135,-303.7745549887428
129951000,0.9260077629448901,-0.3118085126540547,86.31773869168285,0.20126287811063182,22.047390019339854,-303.612789890443
129960500,0.9259408106965967,-0.31180050009567273,86.06682457695742,0.2018496807024293,22.10913098369074,-303.59045668281357
129970000,0.9260122526978737,-0.31200181907857527,86.5699150701754,0.2006765512596739,21.958991718946166,-303.4466804847039
129979500,0.9260298878468745,-0.3120171822598363,86.6528802494321,0.2004843978645879,21.93695824935377,-303.44102989653817
129989000,0.9267124823085047,-0.3123142211554842,89.59790145940053,0.19389405740623342,21.21430340061791,-303.47923360317776
129998500,0.9262294365162407,-0.3112741878662151,86.46950327634931,0.20090960554524429,22.08822890237959,-304.17559317195725
130008000,0.9314065197891047,-0.3101642104432377,108.24417026689615,0.16049153937284338,17.976994827708143,-307.37660291059547
130017500,0.9296910471155853,-0.31035683084408544,99.63355415984469,0.17436257076755163,19.43085303533101,-306.480734342203
130027000,0.9292430633962588,-0.31085284232155863,98.29616334225288,0.17673506300178188,19.617963292993302,-305.84904894145285
130036500,0.9297647985176098,-0.3108497708848022,100.79183934791978,0.1723586891443094,19.155978464648104,-306.0733023801474
130046000,0.9298141180003477,-0.31077634897111284,100.9137214833013,0.17215050317144068,19.14320447313335,-306.1594729611001
130055500,0.9298982323558151,-0.3109969295277965,101.6972080380228,0.17082415079727803,18.97516319389724,-305.9989025649078
130065000,0.9299180072403785,-0.3109030553768499,101.6391499133063,0.17092173494432178,18.99722151212822,-306.0907108365428
130074500,0.9298652459434362,-0.31099037393345813,101.52157653879969,0.17111969428519916,19.007247125998266,-305.9908012299403
130084000,0.9296104009306954,-0.31095362328358994,100.20724869421608,0.1733642645969256,19.249168112207467,-305.91564689356983
130093500,0.929928459312841,-0.31130754952614803,102.3725398533528,0.16969718503556805,18.817404593989636,-305.73578629519614
130103000,0.9299423558626535,-0.3112848216729687,102.40441045650776,0.16964436801799299,18.814635936656313,-305.7618042941469
130112500,0.9296490104379785,-0.3113632883160285,101.06795860929265,0.1718877717023783,19.041710834936204,-305.56861034027526
130122000,0.9294963790999563,-0.31144241049171206,100.44878238765489,0.1729473747115397,19.1434749797175,-305.4341073912596
130131500,0.9298356250616696,-0.31144750124379383,102.14015705263894,0.17008329394299904,18.8408506962067,-305.57260649261406
130141000,0.9300024405550679,-0.3117033442768542,103.4297238682448,0.16796255418321557,18.585632862712107,-305.4159502442436
130150500,0.9298469925795032,-0.31170016240017895,102.62675370802356,0.1692768062531111,18.724610585963458,-305.3535845175341
130160000,0.9300453685115607,-0.31185997519659214,103.92547530242861,0.16716127971845543,18.482065338039128,-305.2952283975896
130169500,0.9298131505414744,-0.311718084723538,102.4852500675992,0.16951054529128287,18.7470401981974,-305.32351667469106
130179000,0.9298607237576632,-0.3114585919209102,102.2856843435685,0.16984129195017603,18.813938670792542,-305.57333339005714
130188500,0.9298030480360472,-0.3120219635338192,102.95350922870126,0.16873951892659642,18.628571019681285,-305.0505881662402
130198000,0.9297886020546394,-0.31192398833152435,102.7116787545728,0.16913683434603688,18.682380557039153,-305.13111401267616
130207500,0.9299129218652847,-0.3121712847055448,103.77955395049051,0.167396334774402,18.46907881754262,-304.96463636269857
130217000,0.9298331483869992,-0.3122626683100414,103.52471576522987,0.16780842601645163,18.501336767856717,-304.8506482792277
130226500,0.9298120491137764,-0.31238016418829834,103.61991300085367,0.16765424821193933,18.47089567182948,-304.7381973974128
130236000,0.92956788830993,-0.3124347020704755,102.46134776157095,0.16955009142550465,18.663259998488776,-304.5881298464603
130245500,0.9296582453519446,-0.31259719999188396,103.20214305505527,0.16833296746871587,18.515827115411504,-304.482818470576
130255000,0.9295783043100019,-0.31246232450694844,102.56138907965422,0.16938469691966163,18.642536430326622,-304.56816302023526
130264500,0.9297318060440594,-0.3128135107870356,103.96053744576818,0.16710489876357024,18.360982953925486,-304.32316350806474
130274000,0.9294397065773573,-0.3127970996704373,102.42940773909501,0.16960296469629263,18.62454557473275,-304.21583840933806
130283500,0.9288511977332422,-0.3127631143897065,99.47496029788427,0.17464057736449734,19.155117095566855,-303.9990710975036
130293000,0.9295500143115949,-0.3128193259258628,103.02999323449001,0.16861424778142792,18.51836316470538,-304.24233545663105
130302500,0.9294238083880104,-0.3128494298833514,102.43810165179852,0.16958856959296126,18.616661288663753,-304.16324364278523
130312000,0.9294697250810946,-0.3129236918078795,102.79891023250997,0.16899330181983058,18.54536792061703,-304.1171980502151
130321500,0.9295538879617987,-0.3131253896506074,103.58122512737438,0.1677168714269207,18.387534847693427,-303.97523549370976
130331000,0.9291836175597601,-0.3132138634342386,101.84614386024307,0.17057432816371448,18.67517011431407,-303.74349285152505
130340500,0.9294548659506069,-0.3135000389401869,103.7226964125358,0.16748810189442465,18.318702445721982,-303.60585695507854
130350000,0.9296508958968631,-0.31365487492789806,105.02869310576284,0.16540531666063873,18.083043725252313,-303.55153539762597
130359500,0.929512096602427,-0.3136598467169731,104.30337509517784,0.16655560333203087,18.202410630187313,-303.48977105097396
130369000,0.9292965330959894,-0.3136498990271152,103.16574175472536,0.16839236628251036,18.39497283863648,-303.40911505689905
130378500,0.9292229354789632,-0.31392239521874554,103.26049361850865,0.1682378397243016,18.346219755006885,-303.1407017913463
130388000,0.929228816816028,-0.3139668970366244,103.36830813637968,0.16806235446874776,18.32265447391994,-303.10432661157256
130397500,0.9290071410908847,-0.3139821890678367,102.26301607688154,0.16987894244469826,18.50952491825142,-302.9990753488046
130407000,0.9288505107903915,-0.3141107571186561,101.69459009855342,0.170828548633159,18.592486459706112,-302.8221016602855
130416500,0.9290027387349437,-0.31418925623813077,102.59543686780066,0.16932848058281263,18.42746781881961,-302.8169655726578
130426000,0.9288172302593577,-0.3142764434056828,101.80843160623056,0.17063751699785756,18.552631766120964,-302.6642174230396
130435500,0.9285964210027143,-0.3143976206298759,100.91622138949097,0.17214623836368903,18.69405536213784,-302.467297305841
130445000,0.9284686364537683,-0.31437270154977237,100.25050401810704,0.1732894577411079,18.81527193547343,-302.4357690631034
130454500,0.9287997884950635,-0.31450447860299396,102.10837731961195,0.17013623325522728,18.473239291995508,-302.4589389077025
130464000,0.928611169151579,-0.3144443348893231,101.06679851369313,0.1718897448455481,18.661853308452297,-302.4328951637692
130473500,0.9286422506540732,-0.31464903256722476,101.56462128218583,0.17104716627872094,18.54998179097765,-302.2682981279202
130483000,0.9284568335827021,-0.3147114714940213,100.75285757727985,0.17242537993855597,18.68469160099041,-302.1373171656883
130492500,0.9282843541966749,-0.31456633826057906,99.67753230466178,0.17428563610743786,18.89434320696272,-302.1912586399248
130502000,0.9280673422675612,-0.3147362990695094,98.91825429616426,0.17562351084227096,19.011242616617995,-301.9538521172605
130511500,0.9283574424390894,-0.31490292711122014,100.5841350375589,0.17271462996364326,18.69123220437186,-301.9304562046438
130521000,0.9285037398406463,-0.31522034986759384,101.8406008802689,0.17058361277962614,18.43346291425773,-301.716762169149
130530500,0.9284576597342843,-0.3155034650798097,102.09197712629906,0.17016356591805212,18.35642310975172,-301.4534927357327
130540000,0.9282691316503229,-0.3154820488028819,101.11612781775908,0.17180588330215352,18.527717941525417,-301.3941606086211
130549500,0.9284474695755996,-0.31547004191071515,101.98367710424955,0.17034428011848068,18.378985170135504,-301.47810551894395
130559000,0.9283420927726554,-0.3156771335636769,101.80833395180484,0.17063768068367738,18.384408294916305,-301.25627200496285
130568500,0.9281266222280674,-0.3156530693294585,100.70135765985304,0.17251356620249114,18.57973805084993,-301.1880821609946
130578000,0.9279739179529569,-0.3157666810403479,100.1459889787636,0.1734703192819505,18.66404764951531,-301.0273197828878
130587500,0.927884715064633,-0.31556011580791465,99.37956129190275,0.17480823418891506,18.82621698302787,-301.1679011079318
130597000,0.9272589877823569,-0.3155300894330814,96.43533938097654,0.18014559898191088,19.37593777013451,-300.9333412025994
130606500,0.9277421543229307,-0.31601305088263604,99.43490809548189,0.1747109270179928,18.761041035664075,-300.72009697961516
130616000,0.9279120534892321,-0.3161946414435756,100.55371131598987,0.17276689027489528,18.540480865959513,-300.63462507626195
130625500,0.9277297669085908,-0.3161807803310342,99.64905707547139,0.1743354424653633,18.70233372706845,-300.5712941441968
130635000,0.9275069892126353,-0.3162047437064089,98.63057764937204,0.17613578849022749,18.883071793221674,-300.4586762987944
130644500,0.9276631124438787,-0.3163458646114773,99.59934122941037,0.17442246931004798,18.69121705320297,-300.4025080986676
130654000,0.9274224385758159,-0.3164073017494096,98.55796337619145,0.17626556846312788,18.871527358096348,-300.250569337462
130663500,0.9274420906047208,-0.31634260396907793,98.54662155040273,0.1762858564301974,18.881501623009193,-300.313966738142
130673000,0.9274477536427562,-0.3165017262727269,98.82855284100984,0.17578292589923333,18.81088096519204,-300.18040385121674
130682500,0.9274480762991226,-0.31663319855497024,99.0421519110714,0.17540379818893811,18.756324286113433,-300.06833408514575
130692000,0.9274946518907204,-0.31675489781588495,99.46126622152237,0.17466462393724017,18.66642084024563,-299.983734770192
130701500,0.9273817482075977,-0.31679544918940394,98.99046910250316,0.1754953825368737,18.745952389529656,-299.9026323224292
130711000,0.9275134401998786,-0.31695334579367873,99.87642822159293,0.17393853698471146,18.568731225470138,-299.82232345787014
130720500,0.9275079843788299,-0.31704486359757267,100.0009069756843,0.17372200798043277,18.535762766191056,-299.7421353451381
130730000,0.927494665457704,-0.3172861412677812,100.33592906610151,0.17314191098321952,18.448062639480572,-299.53136288843945
130739500,0.9273047925222832,-0.31728453186612227,99.41921287751768,0.17473851032863294,18.61011501936275,-299.4547918701808
130749000,0.9271105836283258,-0.3172836316791621,98.49977780559065,0.17636969882249393,18.77542845878426,-299.3756679354277
130758500,0.9270539787468549,-0.317292459861783,98.24945566700846,0.17681908844393457,18.819840259148364,-299.3448584034826
130768000,0.9270487692369065,-0.3173683876272067,98.346383654961,0.1766448075008675,18.792986718170365,-299.2782855947495
130777500,0.9267900778440158,-0.31737660396316597,97.16594341190111,0.17879096354213636,19.00893333303192,-299.16465226794304
130787000,0.9267876470927251,-0.3174063202351419,97.20126527689203,0.17872598829732989,18.998724487564267,-299.13847009197747
130796500,0.9265618231277594,-0.31748692976597537,96.3053756056357,0.1803887223165378,19.15661061457105,-298.9769206177099
130806000,0.9266194687043676,-0.3174688720180398,96.53638344661141,0.17995702814435408,19.115297020027445,-299.01603322741124
130815500,0.9268233015764019,-0.31751595677633054,97.53635034546717,0.1781119340062603,18.92329572705527,-299.0603109786746
130825000,0.9265941202277641,-0.31754538916023656,96.540300982934,0.1799497250945295,19.105124191149994,-298.940815399709
130834500,0.9264691320381643,-0.3176705605105366,96.17233204270376,0.18063828772323914,19.159065106995058,-298.78334889677444
130844000,0.926939217601331,-0.3178174019861274,98.55354827321447,0.17627346553095963,18.70115874257367,-298.8528601549587
130853500,0.9267368741450829,-0.31786558923848873,97.69008114648254,0.17783162709679062,18.852426709078326,-298.7289571799257
130863000,0.9267807581627228,-0.31815999446016807,98.36210363256934,0.17661657463792035,18.694448784685203,-298.49838507413426
130872500,0.9265570866145981,-0.31819466854450246,97.38313790786911,0.17839217636834503,18.86884534960796,-298.3773165978033
130882000,0.9267163654121494,-0.3181700083625458,98.07832271360009,0.17712763438436138,18.74466798453813,-298.46352068278946
130891500,0.9265734433381824,-0.3183629791067665,97.72380722498359,0.17777025021866194,18.78594990954426,-298.2422290990927
130901000,0.9266142764991281,-0.31844891264922226,98.04915469030385,0.1771803306185583,18.71632910950884,-298.1866123580453
130910500,0.9266492889262444,-0.3183433664087305,98.0433380862408,0.1771908429015035,18.730105820634215,-298.28985895676516
130920000,0.9264044554365263,-0.3184916584180554,97.15215980413348,0.1788163315688257,18.875351002813545,-298.06457571752173
130929500,0.9264319689108297,-0.318645314106352,97.51954007745789,0.17814263881922,18.789183628964622,-297.9466855379473
130939000,0.9264561481485054,-0.31887868389193047,98.00132109107055,0.17726681681113934,18.673324596039492,-297.76057160954076
130948500,0.9264337377969647,-0.3187777280717468,97.73718419090373,0.17774591769275788,18.73345178792621,-297.8361676581149
130958000,0.9264967866559805,-0.3189924476169095,98.3724865008178,0.17659793209833163,18.592725937336258,-297.6817004320402
130967500,0.9265160363464635,-0.3190956133647812,98.62885842075875,0.1761388589753468,18.534470416115983,-297.6030114157909
130977000,0.9270894847540221,-0.31860568603263684,100.56598378057541,0.17274580545825674,18.251959713297342,-298.2486459485907
130986500,0.9263744988784297,-0.31915147260020477,98.05828543922406,0.1771638312346788,18.630327251414354,-297.4984166308883
130996000,0.926354133445906,-0.3191002850578981,97.88233042851694,0.17748232621759788,18.668303410007198,-297.5329942853043
131005500,0.9263277255631319,-0.319185208413641,97.89550503999645,0.17745843928453203,18.65573621679787,-297.4510511675494
131015000,0.9265026553764081,-0.31935799580522695,98.99158208987458,0.17549340926369333,18.438768884850845,-297.37765600075005
131024500,0.9263433476723311,-0.31943612637713953,98.36986457660473,0.17660263941696575,18.540296528235213,-297.2473786389481
131034000,0.9261709283392403,-0.31940350613852364,97.51993392184204,0.17814191932122803,18.697804845261555,-297.2043293788155
131043500,0.926066388757542,-0.3196776018594913,97.4742259974394,0.17822546005772344,18.67327415121352,-296.9327106247471
131053000,0.9261345576909131,-0.3197391401309786,97.8857340859652,0.17747615441858292,18.59130507021837,-296.9091393488519
131062500,0.925987504803106,-0.31976224136200526,97.24714740012394,0.17864165774053525,18.704559272822614,-296.82993130311934
131072000,0.92624867033359,-0.3197971912764316,98.50964371411472,0.17635203388324747,18.47244502717658,-296.90712965537296
131081500,0.9259324427282208,-0.32011810768018645,97.55785152672784,0.17807267642502247,18.605460849653763,-296.5110652040643
131091000,0.9258185307242865,-0.319957419738385,96.7860861976697,0.1794927158741423,18.765727559315764,-296.5983954097115
131100500,0.9260256310757484,-0.3201377367008669,98.0189060298995,0.17723501230937916,18.519924150031073,-296.5326200858557
131110000,0.9259480233035003,-0.32012814341142914,97.64537412572061,0.1779130531564566,18.588413364537228,-296.50905228250093
131119500,0.9258382955948707,-0.3201350900581906,97.15430848833768,0.17881237655156473,18.6768712152647,-296.458617392468
131129000,0.9256774378981306,-0.32028395983532154,96.65893618009179,0.179728846442742,18.749927953177234,-296.269376896021
131138500,0.9258408660249032,-0.320465549211236,97.68936218175389,0.17783293597625377,18.540369036760598,-296.18505272569996
131148000,0.9259283360923637,-0.3206074403695244,98.32196481831981,0.17668868130016502,18.410211181931366,-296.1027408473876
131157500,0.9259711330133246,-0.32090230305591544,99.00211045370321,0.1754747451751759,18.25543887988723,-295.87549322604787
131167000,0.925818641988874,-0.3206583045444933,97.8946408650545,0.17746000592601702,18.4806062915172,-296.0160840453121
131176500,0.9256579243842041,-0.3208654273625714,97.48533781136028,0.17820514369898066,18.529811052934544,-295.77930032806375
131186000,0.9255720572069778,-0.3207891459544216,96.9733955513734,0.17914599138944204,18.631849395730388,-295.8076164237729
131195500,0.9256631668367079,-0.32099547445237187,97.7164977594761,0.17778354885573885,18.472783336698896,-295.673795061419
131205000,0.925414480978469,-0.3210382976120717,96.65167358978857,0.17974235257344387,18.66104058813839,-295.53757715792113
131214500,0.9255254968781969,-0.32107648927828575,97.21466082086992,0.17870135928840267,18.55380975415366,-295.5510361246199
131224000,0.9254965479490509,-0.32106476624908137,97.06444933892789,0.1789779270153748,18.582486946911636,-295.54899181494176
131233500,0.9253421954446036,-0.3211856255782492,96.55644449235093,0.17991963670569389,18.6609604831805,-295.38657983480385
131243000,0.9253312721820908,-0.32125501143930774,96.61565544989587,0.17980936497937086,18.64183641254852,-295.32489150885635
131252500,0.9255410310052574,-0.32136010165333745,97.73669802213736,0.17774680191073006,18.426204809152402,-295.3230810216287
131262000,0.9253865574423993,-0.3214293508084612,97.13976215930111,0.1788391549518473,18.52563011999896,-295.2034921349202
131271500,0.9253778558002805,-0.32150625875688454,97.22178312146407,0.17868826701074866,18.501696524674152,-295.1365764725676
131281000,0.9252176073623843,-0.3215857750289078,96.62121544207096,0.17979901725130185,18.601521156782844,-295.0062517559671
131290500,0.9254259302778565,-0.3217713519028058,97.86482649789022,0.1775140726037311,18.355061444777398,-294.9376453831166
131300000,0.925624180194616,-0.32185048811729466,98.91807582734381,0.17562382772527,18.159971683212913,-294.95231398733483
131309500,0.9253336645303177,-0.3220074053474005,97.81797213579767,0.177599106957516,18.335820697897454,-294.70631144272477
131319000,0.92520645090116,-0.32179793124829015,96.90381434421464,0.1792746352323282,18.524902312767576,-294.8271885600598
131328500,0.9250056211212265,-0.32162769661999013,95.74072671186981,0.1814526757981809,18.758951310012673,-294.8858762813867
131338000,0.9248490624897012,-0.3217151705486562,95.18643028274458,0.18250940152876954,18.852128357809054,-294.750470867179
131347500,0.9247833738495416,-0.3218335167800885,95.07945585486615,0.18271475901382214,18.85803213753105,-294.6266507227924
131357000,0.9251205842052129,-0.32212346753120963,97.02808945113723,0.17904500118081426,18.46402497609355,-294.525122723753
131366500,0.924998287310081,-0.32227796869334885,96.71833314266739,0.17961846293707184,18.502005393358576,-294.34910694459086
131376000,0.9250123966728536,-0.3222507549205597,96.73920499623853,0.17957970680531515,18.501416736521534,-294.37710070779997
131385500,0.9249435458681408,-0.32247250724356924,96.77724939243764,0.1795091066590499,18.468429241047797,-294.1677208145333
131395000,0.9248566655528772,-0.3224956970057725,96.42288268044624,0.18016887333990234,18.53017571242828,-294.1137353687641
131404500,0.9250736962275378,-0.3226344393466604,97.62689069635533,0.1779467392991167,18.296781342352002,-294.0875586828255
131414000,0.9253981423515346,-0.32294821733564366,99.66059987649278,0.17431524938589782,17.905685940293335,-293.96077943138096
131423500,0.9252626121429907,-0.32303350087308036,99.15724465136987,0.17520019154778158,17.982435625073144,-293.8369242963392
131433000,0.925298075633318,-0.3229398278223159,99.17034070679328,0.17517705371283523,17.990878021807475,-293.9276682361301
131442500,0.9250274085803863,-0.32296040840398654,97.9376466781794,0.17738207529651637,18.20382871129201,-293.8025211377697
131452000,0.9247362859949636,-0.32289351045585934,96.50553951060336,0.18001454795496957,18.468337160846456,-293.7402443289164
131461500,0.9247565464921027,-0.323047677375373,96.83924289069809,0.17939418228955994,18.38984757950984,-293.62263940075
131471000,0.9243888502516969,-0.3230827845277584,95.25921949429312,0.18236993269868618,18.6752692156758,-293.4461025953641
131480500,0.9246168919070478,-0.32302270034134967,96.17335423129916,0.18063636765183025,18.51373100768417,-293.58686528649685
131490000,0.9245373652114447,-0.3232010361698976,96.09673777029036,0.180780396662162,18.506785305372485,-293.4096332231841
131499500,0.9245657875985223,-0.3232795697864794,96.34602580639776,0.18031260745330835,18.452097969184173,-293.3571396581095
131509000,0.924633532036875,-0.3233616463058224,96.77930367108733,0.17950529605118695,18.364036262316798,-293.3175444112599
131518500,0.9245860548931258,-0.323457012895409,96.71563160146974,0.1796234805464943,18.364410601194564,-293.22094222865394
131528000,0.9249945008469367,-0.32334570970847976,98.40978101143176,0.1765310018918798,18.07648839067622,-293.47502118776686
131537500,0.9246792732617782,-0.32329679381646975,96.88348995398806,0.17931224645413205,18.352820547598487,-293.3886685421116
131547000,0.9245763472651312,-0.3233496549448879,96.50312156560713,0.1800190586529623,18.415369256730518,-293.30435798243593
131556500,0.9244062379724634,-0.3234975766558824,95.9749401469769,0.18100983379830843,18.49426380266904,-293.11583073376784
131566000,0.9249020849756132,-0.3233177734062604,97.93544222550285,0.177386068310315,18.162961202081792,-293.4608349310075
131575500,0.9244907213327526,-0.3237268014160108,96.71154666513416,0.17963106808708595,18.33376021028444,-292.96359350866584
131585000,0.9243610960456065,-0.3235938369173247,95.92415242436871,0.181105677680615,18.49227288664632,-293.01954713598064
131594500,0.9244085269434142,-0.32393909487761924,96.67628976729962,0.1796965824540136,18.31546109905097,-292.75853134926757
131604000,0.9241622324973537,-0.32402261996343007,95.70900014641576,0.18151282990211448,18.481470649176874,-292.5922830985334
131613500,0.924633205564933,-0.3258472759049433,100.87871636253237,0.17221024366092436,17.378048158513643,-291.3080437188987
131623000,0.9241854601314875,-0.3242463916660316,96.15991998197762,0.18066160570282236,18.373106984540257,-292.4205998635931
131632500,0.9245886642223333,-0.3244400369209682,98.30465450550648,0.1767197962799757,17.96985524550961,-292.4247676819009
131642000,0.9243303113512431,-0.3242759248612518,96.85617086260488,0.1793628265638716,18.244190330060807,-292.4545922001929
131651500,0.9241867859907205,-0.3242805678146047,96.21926806966728,0.1805501655161102,18.358371268048472,-292.39350605781
131661000,0.9245378680050511,-0.32442984035157474,98.0523171353773,0.17717461569067286,18.014996779809817,-292.4128163813816
131670500,0.9243935699032608,-0.32449975613431775,97.50105313765164,0.17817641838453385,18.103824074315867,-292.2988729351885
131680000,0.9243898143868413,-0.324552055176544,97.56795107222182,0.17805424230763398,18.086040395805465,-292.25512621207173
131689500,0.9244943488453612,-0.32470183756301374,98.29345641353079,0.17673993048990602,17.942076486445387,-292.17570798527305
131699000,0.9246556104665035,-0.3247210264478429,99.08104195703999,0.17533494621674753,17.80420766792884,-292.2241728645775
131708500,0.9234720984607193,-0.3241804759686099,92.98690114323392,0.18682684128392468,18.975435713833853,-292.18741308848763
131718000,0.9243178188947719,-0.3246423027752214,97.3835657959786,0.17839139248600427,18.108258547164148,-292.15360299961185
131727500,0.924364048394921,-0.3248631013224366,97.95212653729902,0.17735585181320274,17.983197433965938,-291.9938453544975
131737000,0.9244673060570092,-0.32486999918960263,98.44267398421387,0.17647201295180703,17.89717811337969,-292.02925312472405
131746500,0.9244258211984997,-0.3248628828077416,98.23791341947819,0.17683986484893227,17.9334648367796,-292.0185382888534
131756000,0.9241760027511422,-0.32497730082382564,97.2737086999799,0.17859287488761336,18.089368659504952,-291.82712656444176
131765500,0.924281761783008,-0.32512205980342346,97.99261756808986,0.17728256241494728,17.946756362831586,-291.7525540192471
131775000,0.9244366570533886,-0.3252085827757556,98.85672188572535,0.17573283345359844,17.787784990649637,-291.74423241031866
131784500,0.9242720058366324,-0.32520603428562683,98.08415738665954,0.17711709696946,17.921325016731725,-291.6811015021105
131794000,0.9244493141017113,-0.3252203688863436,98.93581295246467,0.1755923398957997,17.772932375274895,-291.739748031796
131803500,0.9243952904061813,-0.32537399168368064,98.93597781347982,0.17559204727926275,17.75568349451467,-291.5947606479365
131813000,0.9243570372508034,-0.3255000563034807,98.96485653664278,0.17554080465083238,17.736643824833923,-291.4782892877427
131822500,0.9242362846360449,-0.32546776548775075,98.34603666095889,0.1766454307991322,17.84643837722513,-291.4565183196304
131832000,0.9242124573745426,-0.32562097189923284,98.48651015104545,0.17639346017893254,17.805014881636062,-291.3240630391403
131841500,0.92453119137619,-0.3258056452949113,100.31077371623009,0.1731853333768683,17.476331864019116,-291.30140313563186
131851000,0.924330087791482,-0.32587459060998664,99.46220696999742,0.1746629717865611,17.610603575595167,-291.16695286202537
131860500,0.9244666049636966,-0.32583548427803166,100.04974012107543,0.17363721058618417,17.516453184133578,-291.2520509559219
131870000,0.9242553414266228,-0.325925293898831,99.19228710866713,0.17513829297170144,17.650571749224437,-291.0968627369289
131879500,0.9238492875894995,-0.32585778373318514,97.19803279394277,0.17873193254809355,18.00249912946597,-290.99062836331495
131889000,0.9239405550896578,-0.32563562008034563,97.25689391985786,0.17862375405159944,18.017348285938112,-291.20474664811275
131898500,0.9241084606710226,-0.32608256781573325,98.7615034082957,0.17590227352383742,17.706278938394117,-290.9130252026651
131908000,0.9241111946858319,-0.32620645483041155,98.97998181589942,0.17551397817191935,17.655314585898328,-290.81496579287744
131917500,0.9241955719441403,-0.32636148827885314,99.6399366482568,0.17435140113153924,17.526892237307045,-290.7241386106559
131927000,0.9241481747803989,-0.32645597363704487,99.57300620813648,0.1744686035833915,17.527685946485295,-290.6300065857846
131936500,0.9242291806210831,-0.3265386957813529,100.10141397186709,0.1735475704890369,17.430516228278556,-290.5956805737286
131946000,0.9240991577327099,-0.3264556722098438,99.33929699099943,0.17487909241922586,17.56696775331215,-290.61100270021916
131955500,0.9241671734794141,-0.32659085680854716,99.89186615994754,0.1739116535962159,17.45960218342421,-290.5297123676043
131965000,0.9239302385391898,-0.3265948782858754,98.7742306711379,0.1758796066049909,17.64713618148406,-290.4335150171576
131974500,0.9239001656455544,-0.32639935519896235,98.31099425736,0.17670839941685773,17.748042724707297,-290.57773448418067
131984000,0.9237539682149467,-0.3269175165203703,98.48341110800587,0.17639901125089547,17.66086891974517,-290.1072057784068
131993500,0.9236936231357368,-0.3265777024863723,97.64819278679491,0.1779079172532877,17.84256931924482,-290.3541136340827
132003000,0.9239690589745156,-0.3270534575961888,99.72658105456811,0.17419991106094562,17.436396145439964,-290.0833033198925
132012500,0.9239343822321576,-0.32686072979016684,99.23698148336504,0.1750594088053237,17.539490032172097,-290.2232000395895
132022000,0.924180241166929,-0.32674671187819476,100.21999472643385,0.1733422145738966,17.388123436100027,-290.41041664172946
132031500,0.9236003791710485,-0.3267291257304652,97.46644782534845,0.17823968408681462,17.857197848835906,-290.19676651677486
132041000,0.9238320058681524,-0.32699778285711634,98.98246493129568,0.1755095748554334,17.567278661405883,-290.073942051344
132050500,0.9237532078491076,-0.32703288013128085,98.67070358751695,0.17606415529421535,17.616206777051058,-290.015123548938
132060000,0.9235974040346263,-0.3272027624312544,98.22490182955933,0.17686329197134126,17.67340098585422,-289.8189971938236
132069500,0.9235580145975832,-0.32725095816910454,98.1214715493051,0.17704973725891057,17.685770516064515,-289.7652793708828
132079000,0.9235731817465593,-0.3272230331043506,98.1458929110325,0.17700567942969173,17.684683520642462,-289.79339899885986
132088500,0.9236732820646887,-0.3276084562412216,99.25480581666596,0.1750279692350344,17.454395153688274,-289.52679822698866
132098000,0.9237633620714648,-0.32743727308692105,99.39417710915347,0.17478252707285774,17.44981987138148,-289.6977842804711
132107500,0.9228554409717592,-0.32742721511643325,95.24387857137116,0.18239930916606173,18.173074952665075,-289.3492471647098
132117000,0.923535893749878,-0.32798941285531147,99.24447276923986,0.17504619387440395,17.41450778574988,-289.17155919209677
132126500,0.9235303941576963,-0.3279159442559288,99.09512885039334,0.17531001974027602,17.44751162936051,-289.22752013740734
132136000,0.9236437329944828,-0.32791830105874353,99.63704698928596,0.1743564579847975,17.356916999833675,-289.269848479422
132145500,0.9234059931035472,-0.32791323939831696,98.5068088341934,0.17635710938204427,17.546948037055515,-289.1810918345682
132155000,0.9259241261321987,-0.32961056104545083,115.56443593859727,0.15032490523495678,14.904619408627134,-288.80183115893124
132164500,0.9233455838571207,-0.32796665597196506,98.3138617231049,0.1767032451056963,17.573827056216835,-289.11526831731067
132174000,0.9233717410787079,-0.32805342088865624,98.57935860582155,0.17622730993586203,17.51927592808439,-289.0569322067495
132183500,0.9233502129249915,-0.3281974541130308,98.71809642784775,0.17597962417267551,17.48008158724339,-288.93480106605296
132193000,0.9234661553860087,-0.3281260186261942,99.14414475910884,0.17522334227748287,17.416377255943534,-289.0364069747815
132202500,0.9234137756868209,-0.3281044080008913,98.86116980390848,0.17572492642002885,17.466178484237712,-289.03305718707554
132212000,0.9229708411516935,-0.32803261325284755,96.70772886372113,0.17963816001906302,17.8438560631128,-288.91653148335286
132221500,0.9232507400279766,-0.32805527582117644,98.0202897159428,0.17723251022913095,17.61411148866027,-289.0082067488556
132231000,0.9228488338196448,-0.32796030660286446,96.0478697917796,0.18087238215730825,17.968448561352293,-288.9256810116501
132240500,0.923359518844839,-0.32840009971487333,99.10067811981881,0.17530020236468097,17.393790976219094,-288.77855857854706
132250000,0.923532340703415,-0.32862640706394425,100.31092399897713,0.17318507389872642,17.16962453333096,-288.6672951320284
132259500,0.9237754398607528,-0.32871637146578875,101.6587781652569,0.17088873128839388,16.943137504078653,-288.69048525405407
132269000,0.9234321985063221,-0.3285966811219968,99.77841095156367,0.17410941685318457,17.260078091762463,-288.65186151106025
132278500,0.9234190336062965,-0.3287750587416831,100.01975868497905,0.17368926269970736,17.20123113351184,-288.5062666857435
132288000,0.9232927166822632,-0.32879572709317995,99.45116607051752,0.17468236387998795,17.292617201816817,-288.4409933959736
132297500,0.9231792278408906,-0.32889842600744357,99.0869659862309,0.17532446290175718,17.341980532197194,-288.31617775710123
132307000,0.9230358242464998,-0.3289545208745701,98.5080440833134,0.17635489778669822,17.432839777751834,-288.2163978647323
132316500,0.9228821132707212,-0.32881741156167016,97.5722147103,0.17804646128087098,17.606907381412295,-288.26423066914174
132326000,0.9229567494400861,-0.3288770203944204,98.01294232278842,0.1772457971203833,17.525079446799925,-288.24649490989617
132335500,0.9230873751465153,-0.32920476675111243,99.16885471480414,0.17517967882479096,17.29523984234787,-288.0400165507621
132345000,0.9231693614356307,-0.3291199419164008,99.41394949511546,0.17474776232644745,17.263788497671978,-288.1383596061563
132354500,0.9230432389840133,-0.329295528974179,99.11330661641888,0.175277865018207,17.294667684611966,-287.95173938963586
132364000,0.9225358191682181,-0.3290217314037769,96.33650056714481,0.1803304370827546,17.798786477129383,-287.96888928860784
132373500,0.9230979419488556,-0.3293502154485504,99.46481966803519,0.17465838350741558,17.230605397115134,-287.9300623859812
132383000,0.9230303972532294,-0.32933773575916386,99.12376993217777,0.17525936176613108,17.288377167855277,-287.91368265571407
132392500,0.9229858898589629,-0.3295327548399666,99.24238981264374,0.1750498680937257,17.247717607824175,-287.74370825584936
132402000,0.9214514841950884,-0.3284028998991412,90.84230971762388,0.19123777316379778,18.89112746267459,-288.02639749749443
132411500,0.9188187863118528,-0.32599651288179615,78.79814668650842,0.22047107308235547,21.928276817258908,-288.83982333768057
132421000,0.9160515076199521,-0.3237744941684835,69.38902551860139,0.25037074598343984,25.03623438787522,-289.40149065757663
132430500,0.9156097020476837,-0.32335080371071545,68.03399953351783,0.2553580650410598,25.566094034879306,-289.53988589143324
132440000,0.9184725015247237,-0.3259152882851158,77.68826661886389,0.22362114068395525,22.232921426865037,-288.75917758781753
132449500,0.9213444975551571,-0.3285706300501621,90.65522740319106,0.19163245646851654,18.90819863845686,-287.85284612652026
132459000,0.9228926065438153,-0.32984735062421083,99.3328222092431,0.17489049228123085,17.199016220639336,-287.46163592634576
132468500,0.9230860712222247,-0.3300837325319348,100.66781307135007,0.17257105505690776,16.95677188305047,-287.3516089043279
132478000,0.9230645739613179,-0.3302808857408468,100.90693647247039,0.1721620793776898,16.897739196797236,-287.18947425948176
132487500,0.9230377808016729,-0.33014757800738087,100.54408022244523,0.17278344066566675,16.969903463835216,-287.28318463631166
132497000,0.9229508974566247,-0.330176670892531,100.17418641975425,0.17342148690005874,17.026497519767588,-287.227042004867
132506500,0.9229726768911309,-0.3303051433468168,100.50171384967297,0.17285628211750806,16.96007868537715,-287.1352332655711
132516000,0.9231339364815273,-0.33036568740146255,101.39674457275912,0.17133037750129387,16.811077158602984,-287.14996477255005
132525500,0.9232779867530823,-0.33050500353665657,102.36291991188801,0.16971313398326512,16.645352753590174,-287.09651396448396
132535000,0.9233732292127009,-0.3304571991147921,102.75738392022555,0.1690615997014786,16.589344418935372,-287.17024117658536
132544500,0.9230395267049535,-0.3305687391750774,101.28966746722591,0.17151150903162432,16.806774943935284,-286.9555034687042
132554000,0.9228017753122684,-0.3303865388170854,99.81878009572166,0.17403899805466777,17.06192769986485,-287.00605834891786
132563500,0.9231778725978719,-0.3303764972373462,101.63325264514032,0.17093165331591165,16.772662025090032,-287.1583870046705
132573000,0.9229593165637486,-0.33075816473796765,101.22888550587437,0.17161449825185224,16.796602541026473,-286.7773322063406
132582500,0.9226463572239549,-0.3307375543526138,99.67703319170607,0.17428650886672392,17.04778424093796,-286.6732501378304
132592000,0.9229203600199675,-0.33073696310478373,101.00039388258786,0.1720027644133816,16.835026924561813,-286.7788931004644
132601500,0.92264324797202,-0.3306970563166214,99.59301683416545,0.17443354629935998,17.06577093940789,-286.7035190573286
132611000,0.9229874974932772,-0.33094132356119854,101.69254935170544,0.17083197700918093,16.70458600980319,-286.64571677513044
132620500,0.9229603054056372,-0.3312161755921387,102.04814938302789,0.17023665261779525,16.62070325771749,-286.421885035543
132630000,0.922904619480448,-0.3313180859492527,101.95275244623103,0.17039595284259723,16.625012163267982,-286.32158447783354
132639500,0.922822142878489,-0.3314893767770736,101.84828760901651,0.1705707376074203,16.623594721751356,-286.15738654404987
132649000,0.9227806322566465,-0.3312750217599622,101.26186449670607,0.1715586031619279,16.737582521994323,-286.30762913859644
132658500,0.9226254182446665,-0.33133649570402735,100.61083040366816,0.17266880006655566,16.834339113181034,-286.200651584518
132668000,0.9224933687512241,-0.33140217971661223,100.08661377134361,0.17357323535758068,16.911420227017736,-286.0992685902358
132677500,0.9224555704839089,-0.3313993859162668,99.90038315605473,0.1738968257868851,16.94173465598288,-286.0869555118586
132687000,0.922450038215697,-0.33158235470183184,100.18969044993379,0.17339464870388765,16.875983368465636,-285.9433522352147
132696500,0.9232624698611366,-0.3316393317062125,104.36840257459308,0.16645182331885583,16.22538025467345,-286.20859714804214
132706000,0.9225612197758112,-0.33170604952180566,100.9451814047112,0.17209684834971628,16.74280060416886,-285.8902304289536
132715500,0.922578178827821,-0.33175999364091563,101.12326916870951,0.1717937495359519,16.709116392609694,-285.855017295254
132725000,0.9203953035485049,-0.33050206173271623,89.64604113603544,0.19378992819197013,18.880951406549023,-285.9793136432205
132734500,0.9229813493679204,-0.3318922675003101,103.38397505336789,0.16803688453288834,16.347143937628893,-285.906126151441
132744000,0.9225493665046574,-0.33212593319453754,101.63044547882375,0.1709363749773221,16.591986872762565,-285.56158659082655
132753500,0.9224694776989916,-0.33212837574061,101.24042996192328,0.1715949277609484,16.652649955055296,-285.52930783096275
132763000,0.9225977488930883,-0.3322360694182063,102.06854390878672,0.17020263510487904,16.512827921795957,-285.49506246406526
132772500,0.9226529158245226,-0.3323464805261811,102.54514625382369,0.169411528619247,16.42840954760673,-285.4309035103662
132782000,0.9225349287563385,-0.33219465833451617,101.68154155885537,0.17085047205010234,16.576985606738578,-285.5031129708304
132791500,0.9225520845154338,-0.33241953836024474,102.1707105178441,0.17003242842653146,16.47836724150601,-285.3363839568809
132801000,0.92309078745752,-0.33257680798976796,105.24041857293763,0.16507252980282686,16.003823145479018,-285.41887364559864
132810500,0.9222431968389697,-0.3324024131723128,100.61699893480257,0.17265821355505245,16.722568577357777,-285.2321842789478
132820000,0.922456762024522,-0.3325542058082794,101.93699188978688,0.1704222995816974,16.5006383592375,-285.1965890603306
132829500,0.9221702606479782,-0.3325214051221988,100.47130910825506,0.17290859553594937,16.733349271648137,-285.1129562178403
132839000,0.9220805656205265,-0.3326386174419032,100.24217718866774,0.1733038533531699,16.757632884546034,-284.98880777629665
132848500,0.9221564312618158,-0.3327494342783452,100.80375519374869,0.17233831357072238,16.657273594479335,-284.93259544278766
132858000,0.9220550205329912,-0.33266810285712767,100.17036045874902,0.17342811109437667,16.76601994285776,-284.95645699814037
132867500,0.921808598520412,-0.3328344214244478,99.28099463901418,0.1749817963848892,16.891633692984957,-284.7351214717995
132877000,0.9234973261543237,-0.3333925203520843,109.09541446887567,0.1592391936518739,15.385094679045327,-284.9430015018824
132886500,0.9218705068415933,-0.3328683720247401,99.63298314045012,0.17436357014640833,16.831283254256803,-284.7326861837588
132896000,0.9219341940075139,-0.3330744775932178,100.29513142131866,0.17321234561127935,16.704166840849958,-284.5990666636476
132905500,0.9220338133158442,-0.33331046204280573,101.1951956664427,0.17167163575936603,16.538475991933137,-284.4562639229649
132915000,0.9219291070386793,-0.33340406606871187,100.84838695535198,0.17226203801385817,16.58308913988331,-284.34505881277465
132924500,0.9219825306956617,-0.33324027143886753,100.82013252441081,0.1723103169134952,16.60428888803724,-284.49053149187546
132934000,0.9221348778487372,-0.3332011453716798,101.49839462080845,0.17115878002083978,16.50251533306589,-284.57817398692504
132943500,0.9220669488430149,-0.333219451722496,101.19637848779384,0.17166962906605024,16.54758264755822,-284.53844260002774
132953000,0.9220838483781193,-0.33334885707679596,101.51004241556166,0.17113913909375478,16.485676659405343,-284.44582881794054
132962500,0.9219038547502519,-0.33347744320286377,100.85466404899006,0.17225131589374848,16.574602686316805,-284.27943805780933
132972000,0.9219102394980697,-0.3335985641445638,101.10014382898156,0.17183304767918764,16.523905795419246,-284.1893650588354
132981500,0.9215836257733122,-0.3338457623449511,99.95114734172554,0.1738084994366807,16.679387841727586,-283.8773315680815
132991000,0.921678758203348,-0.33367950821194253,100.1187514547615,0.1735175153980381,16.669862534625658,-284.04001817119644
133000500,0.9217874760300127,-0.33371299403316085,100.70300961939824,0.17251073605699813,16.57429737026492,-284.05563423078326
133010000,0.9218096753741245,-0.3337265121414375,100.83493207789759,0.1722850252518712,16.552257049398314,-284.05372054032966
133019500,0.9218751804528901,-0.33381906992239535,101.31998597243249,0.1714601834190143,16.467339593726887,-284.0078941880221
133029000,0.9219303738131268,-0.3338244345118808,101.60198096475813,0.17098426710513714,16.42322974978056,-284.02463535045814
133038500,0.9217744319064888,-0.33383346115067786,100.85191427328306,0.17225601271616572,16.538698291935052,-283.9588703875443
133048000,0.9216634329610356,-0.33382368352933955,100.29636040616995,0.17321022300725658,16.626964950109222,-283.9243497990244
133057500,0.9219298356919281,-0.3341197559521211,102.13147264389727,0.1700977573323398,16.31234729276874,-283.79939366646613
133067000,0.9206966389204737,-0.3336162818456162,95.50798826082578,0.18189488066998927,17.441227104946996,-283.71422249424546
133076500,0.9216162634658446,-0.3339058816934122,100.21252999693625,0.17335512751646548,16.631789259128208,-283.84391106035145
133086000,0.9215016254992242,-0.3342573184588413,100.27403102560909,0.17324879663772028,16.586146378207495,-283.5333454537656
133095500,0.9214832167526892,-0.3342597086916662,100.18953548069953,0.17339491692172676,16.599225975885805,-283.5245784798817
133105000,0.9216615655300557,-0.33443614469941363,101.36954670543642,0.17137634913014393,16.397256298829355,-283.45782712467764
133114500,0.9216077179049771,-0.3344655214525178,101.15727063929805,0.17173600162778535,16.42708093662635,-283.41525045930405
133124000,0.921634293489863,-0.33448799601988244,101.32791677563554,0.17144676258376973,16.398446602288857,-283.4081938629606
133133500,0.9214004814313191,-0.3344980204542084,100.20756091790382,0.173363724397928,16.572069291964898,-283.3124909823017
133143000,0.9211309747505912,-0.33455907313602085,99.03073910121185,0.17542401399568255,16.7532465438193,-283.16445172102453
133152500,0.9208911402639989,-0.33441444111696095,97.67453534788295,0.17785993260993632,16.98961443461334,-283.1831295072631
133162000,0.9221549326385736,-0.3343658532069684,103.7272283606398,0.16748078371544223,16.048547002863014,-283.69657218173404
133171500,0.9211916308459408,-0.3349313216640271,99.96060606857708,0.17379205178908338,16.566885759213218,-282.9056769695026
133181000,0.9212433921144734,-0.3349456645690904,100.2342476119276,0.17331756440930987,16.52234869498819,-282.9143216112829
133190500,0.9211374612503418,-0.334956012183033,99.74461259377314,0.17416841760018256,16.598532187792106,-282.86660704240757
133200000,0.9212264881454579,-0.3348375902520428,99.9643585318286,0.17378552754574833,16.575834899640615,-282.9896954191482
133209500,0.9214324503520254,-0.33496952259318236,101.19552754904274,0.17167107270544818,16.370373472105875,-282.9673626821023
133219000,0.9211912519467634,-0.33515201269375394,100.34468852252164,0.17312679578903947,16.484126524657352,-282.7387741507207
133228500,0.9211946426698393,-0.33530194234935623,100.6251203217185,0.17264427750720107,16.425236398634244,-282.62686116839666
133238000,0.9212841229581958,-0.3354219907955443,101.27549706603911,0.17153550836941206,16.31268527451154,-282.5698416338859
133247500,0.9214888726038039,-0.3355685313200891,102.55989485153331,0.1693871648962567,16.103368838301222,-282.5358790791433
133257000,0.9210254087896971,-0.3352337699048382,99.69216932412412,0.1742600453974298,16.578552527152034,-282.614684247618
133266500,0.9210389932888406,-0.3354145298384224,100.07179680137563,0.17359893691095785,16.500340822640094,-282.48348748532794
133276000,0.9210129625385945,-0.33544513080151606,100.00040306481837,0.17372288343934356,16.508461880155203,-282.45064521754426
133285500,0.9210547401990452,-0.3356422078032636,100.54765146645587,0.1727773033515404,16.403025916876764,-282.3178779796516
133295000,0.9213156257881377,-0.3356849744117952,101.90487229938296,0.17047601875841215,16.19049872922813,-282.3833333464474
133304500,0.9209795378478677,-0.3356116629588942,100.13113995323674,0.17349604590882514,16.47110238849258,-282.3126643876625
133314000,0.9207584717164013,-0.3354117664103627,98.73847537192535,0.17594330070113087,16.712701007885727,-282.3800268841199
133323500,0.9210740650495147,-0.3359168552149775,101.12959219884158,0.1717830075973381,16.2856372339003,-282.11845471962573
133333000,0.9209865592779641,-0.3359003813513705,100.67346271815615,0.17256136998576807,16.357594260733308,-282.09809640049707
133342500,0.9208528917634865,-0.3359596865196966,100.13234452177765,0.1734939586534345,16.43582508880431,-282.00346756592126
133352000,0.9210067945361269,-0.3359258158008953,100.81697037890326,0.1723157218173852,16.332862170519213,-282.0865504594685
133361500,0.921036066631924,-0.336028509429772,101.14296759218631,0.17176028911172192,16.27245257295134,-282.0203161681322
133371000,0.9209175659107368,-0.33607591897775546,100.64942054377036,0.17260259251386084,16.3437368817513,-281.94039040055446
133380500,0.9209658739853249,-0.33611020760724153,100.94546015256327,0.1720963730954007,16.29463991562706,-281.9327081715479
133390000,0.9206950704943541,-0.33618473576591823,99.77008404292229,0.17412394916840618,16.469948998378786,-281.7754505261006
133399500,0.9207769523234839,-0.3362662534119966,100.30539940090904,0.17319461317907905,16.378043630095537,-281.744980721396
133409000,0.9203783269874142,-0.33570335490233794,97.4749232411739,0.1782241851112935,16.888535141782633,-282.01750606332945
133418500,0.9214372931613807,-0.336435924088793,103.91084391897812,0.16718481866493778,15.819283940948559,-281.86365397290893
133428000,0.9208536238847838,-0.33650271301358087,101.09743467399383,0.17183765266967574,16.232261024972296,-281.59641183675103
133437500,0.9210342003838193,-0.33666653809410274,102.28823021289955,0.16983706447171626,16.0359835094365,-281.54094640745876
133447000,0.9207122012202764,-0.33658142310583844,100.54892890533475,0.17277510813173674,16.308777637005957,-281.48470615859196
133456500,0.920793326648493,-0.3368014623896868,101.33748951167453,0.17143056599976045,16.166056727335363,-281.3503423812399
133466000,0.9204191005776171,-0.3368133606894917,99.5503300780947,0.1745083476894388,16.441240792440706,-281.2018683139888
133475500,0.9208336787521112,-0.33668341753597336,101.32363744797047,0.17145400397914332,16.17983276780473,-281.45367773822005
133485000,0.9206108111475548,-0.33666329102702924,100.20407158735625,0.17336976171254698,16.354057185054867,-281.385609146808
133494500,0.9205909960552884,-0.33568781817595966,98.42697596832856,0.17650016022618514,16.73468504023202,-282.1093289800324
133504000,0.9205188256116783,-0.3368572760961303,100.10306839273726,0.17354470204723,16.350380069725524,-281.2063167188773
133513500,0.9206982272364055,-0.3368290871022732,100.92120808088686,0.1721377317635649,16.2268644561004,-281.2942702163014
133523000,0.9206960780233446,-0.33694532166009006,101.11855816335195,0.17180175374467563,16.185183468940973,-281.20662102485994
133532500,0.9209332774572494,-0.33729147874962917,102.93210858375467,0.16877460381701417,15.879554066124722,-281.0362121474668
133542000,0.9212843513284489,-0.3369864253880686,104.16077454135134,0.16678363907699448,15.730022615600888,-281.3941793750802
133551500,0.9209295698624704,-0.3373055500474275,102.93944313299815,0.16876257768306438,15.877111077438885,-281.02433676991325
133561000,0.9207876369156961,-0.3374353348951126,102.46291821083501,0.16954749256602775,15.934914950520229,-280.87497003379013
133570500,0.9206813510611022,-0.33736769435280894,101.80838115452042,0.17063760156366853,16.03921359544121,-280.8859899357264
133580000,0.9206361612795343,-0.33729913076050405,101.4606617069151,0.17122243757643293,16.098348073063704,-280.92032478767175
133589500,0.920530388557308,-0.3374290067581937,101.17473088782435,0.17170636232393155,16.128924966042636,-280.784277967309
133599000,0.9190252809223087,-0.3375614885413887,94.50339510720235,0.1838286093099556,17.196336313932814,-280.1231738623978
133608500,0.92055328463916,-0.3375508937978024,101.50701968402272,0.17114423569838336,16.066643401324555,-280.70203316838536
133618000,0.9206149676459988,-0.3375588170960375,101.82660741460708,0.17060705664631023,16.01779077126168,-280.7190058280248
133627500,0.920408770265444,-0.33752851360839947,100.75919408246341,0.17241453580590013,16.182485254496992,-280.6650424847189
133637000,0.9203586994030722,-0.3375512280792738,100.55670143354018,0.17276175260265597,16.211288621517195,-280.6295429555873
133646500,0.920494660430465,-0.3379664261478946,101.97198120205165,0.17036381938558717,15.956324732240468,-280.37139986188834
133656000,0.9208227434555096,-0.3379071417562745,103.51943484335072,0.16781698709798096,15.734392832556164,-280.5366309282516
133665500,0.9204737717047704,-0.33785704044374526,101.66906527227529,0.1708714392629594,16.01231806175077,-280.44491598895735
133675000,0.9204137906228103,-0.3381684705808222,101.9388366597934,0.1704192152800857,15.941644038399165,-280.1915694509969
133684500,0.9206306407039768,-0.3378602131928554,102.45697700510014,0.16955732479551855,15.894566889226626,-280.5005938678464
133694000,0.9205388418443586,-0.33793655241062737,102.13754576635822,0.1700876426333209,15.934558740730044,-280.40992583967784
133703500,0.9203776446275639,-0.33804459096410067,101.53435053082549,0.17109816439926376,16.01426411635984,-280.27009257171886
133713000,0.9193394788709088,-0.33769099137791275,96.07757030182276,0.18081646494317816,16.915243308082555,-280.1454110969149
133722500,0.9203545522522726,-0.33800099841368086,101.34176587849605,0.17142333159279077,16.04753376081252,-280.29388979802576
133732000,0.9205885522106129,-0.33806707840005223,102.62733161547388,0.1692758529737206,15.84941366452822,-280.33135664476134
133741500,0.9202622124121177,-0.3380107935333464,100.9073733011983,0.17216133403803793,16.112409238106633,-280.2524196491474
133751000,0.9180793671575012,-0.33733109359367275,90.28665777315318,0.19241480538364336,17.982090297340747,-279.9352503645314
133760500,0.9205013140616154,-0.33810939721474914,102.26723101992965,0.1698719404391946,15.898541322348526,-280.2677279609289
133770000,0.9203625523689947,-0.3382789652156883,101.88598166205918,0.170507628675763,15.938805043523013,-280.0907286862577
133779500,0.9213096548192669,-0.33807755163837694,106.41493190764666,0.16325049822785748,15.309368937282915,-280.58882571492575
133789000,0.9204728386870603,-0.3383306617069934,102.53229421852866,0.16943276506026742,15.837990646676,-280.09312256596814
133798500,0.9202006526283868,-0.33842479068146214,101.35085560863534,0.1714079563603247,16.004818896609315,-279.92292863035294
133808000,0.9203041614703995,-0.3384858818419653,101.97391881583945,0.1703605820828133,15.905659900002808,-279.91593816210934
133817500,0.9202861725780015,-0.33869620623568103,102.27029202841938,0.16986685575049282,15.841424786418168,-279.75373294091264
133827000,0.920081000911763,-0.33866315099987887,101.194026797071,0.17167361882880233,16.005241797224624,-279.70249157996705
133836500,0.9199565151732068,-0.3387117808831734,100.6743900363254,0.17255978040752382,16.079209908278536,-279.6205951779615
133846000,0.9202473488793154,-0.3387339369148657,102.14565597554446,0.17007413707109661,15.85622101268687,-279.7115418797306
133855500,0.9202658546352196,-0.33886639659717016,102.48257109044664,0.16951497671508955,15.793779888703646,-279.6204939225509
133865000,0.9201599960490561,-0.338823980436678,101.87578626037276,0.1705246936280638,15.88757472965416,-279.6128410130993
133874500,0.9201748274615895,-0.3388519199814287,102.00067582283518,0.170315889913889,15.866330641910109,-279.59767439780194
133884000,0.9204790794199259,-0.3389190114849258,103.66461764811612,0.16758194399382256,15.61691149858016,-279.65997651396816
133893500,0.9204587701592722,-0.3390867666706435,103.87822187871544,0.16723732482756787,15.570382752183852,-279.5286057471792
133903000,0.9206712493525406,-0.33927693127569186,105.35687595135784,0.16489005410574933,15.343919073015275,-279.4659459486873
133912500,0.9200828795409863,-0.339014318783363,101.8410045348577,0.17058293661500307,15.874379576988577,-279.44397632573424
133922000,0.9204009342892422,-0.33897211909046,103.3643406169103,0.1680688057484454,15.655152913532161,-279.59205442408086
133931500,0.9208224028739016,-0.3394431691143859,106.49626727231119,0.1631258101049316,15.17170451237742,-279.3983490182966
133941000,0.9204149994337895,-0.33919973692903665,103.86714942540884,0.16725515377455297,15.56128779351486,-279.4291815552348
133950500,0.9202634411027987,-0.33921132778503466,103.11272278086489,0.16847895647171024,15.668823481357443,-279.3650630937144
133960000,0.9204662968205763,-0.3392246960138709,104.18019917451281,0.16675253998078748,15.51429611819793,-279.42955372167376
133969500,0.9202771369743159,-0.3394221142003819,103.579664578057,0.16771939843562433,15.581462437762799,-279.21474202208464
133979000,0.9204657406580695,-0.33966548309239997,105.02769430715975,0.16540688973701256,15.353611328942801,-279.1044531947419
133988500,0.9212704684589936,-0.3387664771182267,107.58575762028133,0.16147378581255195,15.086671847364402,-280.06241238203427
133998000,0.9203899668286432,-0.33948084875340206,104.27427810143448,0.16660208233489682,15.476852011610626,-279.21276262701036
134007500,0.9204191833246856,-0.33950310673890055,104.46921624550873,0.16629118609425272,15.447190902377365,-279.20704469954796
134017000,0.920486244378235,-0.3396584347380488,105.12218657423449,0.16525819976092176,15.341085035542783,-279.1171224867062
134026500,0.9203665767993071,-0.3397480209238398,104.66665196937653,0.16597748712625188,15.396479042840294,-279.007525197021
134036000,0.9203541591382564,-0.33992567894956494,104.94590464770796,0.1655358075053752,15.34082223393584,-278.872356932603
134045500,0.9203109364528186,-0.33996313932507904,104.79142499147137,0.1657798490963771,15.358932634711904,-278.8290755641452
134055000,0.9203071846549331,-0.3399930668271979,104.82977864205948,0.16571919220751175,15.35078217970714,-278.8057211509996
134064500,0.920102128821969,-0.34002691388095224,103.8279170481904,0.1673183566511991,15.488999792312715,-278.7060802022131
134074000,0.9201362239857022,-0.34019836168058537,104.3326558138518,0.1665088570235572,15.401455384754664,-278.5927373310794
134083500,0.9202837108148132,-0.3404806022073038,105.65967049959559,0.16441749163032063,15.190679739205407,-278.439477336242
134093000,0.9201363298990806,-0.3404221460742978,104.76561404668172,0.16582069450600945,15.319903906903559,-278.42875040999434
134102500,0.920291195638664,-0.340579754172816,105.89584294836227,0.16405078041874727,15.149216725098269,-278.3695527058785
134112000,0.9198492325968733,-0.3404395156601102,103.31355314271522,0.16815143114388875,15.5237610562726,-278.3114647677853
134121500,0.920232007482122,-0.34054842058940027,105.51790864891802,0.1646383974744286,15.203937177311694,-278.3710247812398
134131000,0.9201201496879698,-0.34072670995599086,105.27449621763559,0.1650190921547257,15.221095212582048,-278.199935336668
134140500,0.9199844627128576,-0.34062630434308544,104.36686416316475,0.166454277038848,15.35681137851533,-278.22407845143704
134150000,0.9200876812298184,-0.34063155353141633,104.91717084756574,0.16558114575483204,15.27939743580867,-278.2577568059691
134159500,0.9202524889064735,-0.3408121791618557,106.15009191174983,0.16365782539590615,15.093310029393965,-278.18539457561656
134169000,0.9201335079002607,-0.3409175419057635,105.72142447476628,0.1643214463908259,15.142136801139104,-278.06526327711117
134178500,0.9199850050645675,-0.3408644166871736,104.83080745885721,0.16571756572922228,15.269903650953852,-278.0502286248148
134188000,0.9200887174655603,-0.3410696648003545,105.78332962751979,0.16422527858696304,15.119764721111792,-277.93792842375484
134197500,0.920026784186745,-0.3409569643179006,105.23179168302012,0.16508606324415304,15.205815602128151,-277.99778610240094
134207000,0.9200409244447081,-0.34100156090198713,105.39430414917307,0.1648314939387205,15.17932564094831,-277.9703445512295
134216500,0.9202769224675907,-0.34116398164263984,106.98983384096948,0.1623732325579449,14.948241445295146,-277.937095982737
134226000,0.9200577121434345,-0.34109559200878997,105.66908449854523,0.16440284289435814,15.133012795100742,-277.9077776523301
134235500,0.9199902543326833,-0.3413333421422419,105.77971080483178,0.16423089722186493,15.096199860873519,-277.7099623795928
134245000,0.9199642910323933,-0.3414732244491873,105.91857234803315,0.164015574153285,15.06456276236793,-277.59866602586897
134254500,0.9199638004121274,-0.34129498811280184,105.56270170935518,0.1645685328452469,15.129352830602697,-277.72835060353316
134264000,0.9197870018573678,-0.3413123170024308,104.66344583050434,0.16598257179795073,15.251897660251533,-277.6517134993992
134273500,0.9199428115728969,-0.34149107484646185,105.83903865556985,0.16413883245674626,15.073755942367093,-277.5779077139319
134283000,0.9200079891683247,-0.341559585380732,106.32606262016782,0.16338695405382636,15.00156338371843,-277.55155555672957
134292500,0.9197764380158798,-0.3416141726567495,105.19730835742058,0.16514018116286272,15.150338676201272,-277.4282080566684
134302000,0.9200460940774183,-0.34159263908194387,106.59875400486048,0.1629689676276676,14.961896672949097,-277.5412341426823
134311500,0.9200545184226384,-0.3418176254337006,107.10023749885487,0.16220584132005877,14.874715886699837,-277.3805460614945
134321000,0.9166337803950027,-0.3409676325525477,89.89306717164783,0.19325734971325292,17.662523886701358,-276.7395557995988
134330500,0.9198820362180159,-0.3416141542751258,105.75842926162898,0.16426394702486236,15.073535892701882,-277.46637433484295
134340000,0.919876973370819,-0.341802527894438,106.10632245250744,0.1637253391732413,15.009243729042465,-277.3275645955148
134349500,0.9198546098731046,-0.3420293208779145,106.44035816792814,0.1632114989795694,14.94377902693527,-277.1547633701497
134359000,0.9199393146408825,-0.34208493477467167,107.01351009640575,0.16233730612241604,14.862276188222706,-277.14486104705867
134368500,0.9190448010386093,-0.3420139453599192,102.20270620444019,0.16997919449762416,15.536290409927425,-276.8732031409446
134378000,0.9195588685642542,-0.3420192741215548,104.84432707315571,0.16569619525041837,15.161977373555855,-277.0554292791209
134387500,0.919669377827734,-0.3421926438051937,105.77114632354264,0.16424419608752905,15.019338798161316,-276.9695894312379
134397000,0.919309557939766,-0.3416946230431994,102.93661224993966,0.16876721915291804,15.460334117938727,-277.2006649066819
134406500,0.9196490124325466,-0.3420313740549225,105.34356620601133,0.16491088856725736,15.092233987421722,-277.07918601911945
134416000,0.9196345769336459,-0.34222755482002115,105.65475934893541,0.16442513470578654,15.031985987363685,-276.9317537365516
134425500,0.9198255592889774,-0.34224220019089324,106.71222992904077,0.16279565911806584,14.888277884552345,-276.989858524253
134435000,0.9194067169930591,-0.3423811360611857,104.75264714362234,0.16584122202073115,15.141614209444853,-276.73844575817054
134444500,0.9196165990796165,-0.3423569491485886,105.81589285973385,0.1641747377446359,14.998422627781121,-276.83155247882684
134454000,0.9196427423587901,-0.3424629074961008,106.1677370205302,0.16363062380869128,14.941385835723956,-276.7642458560294
134463500,0.9197974707262375,-0.3425740380614206,107.233606243282,0.16200409071937452,14.789487705681594,-276.739357576932
134473000,0.9197319923579943,-0.3425444026348832,106.81524010246119,0.16263865353092363,14.847514562993712,-276.737317779307
134482500,0.9194580623649137,-0.3423389302809485,104.93968761404241,0.16554561508167848,15.119678703689413,-276.78749484105583
134492000,0.9195953375913627,-0.3424247325741789,105.83715318547975,0.16414175673494208,14.989425862430961,-276.7748300215705
134501500,0.9194242478838143,-0.3425010681033688,105.07959304511674,0.1653251904550863,15.085719579264163,-276.6580253825072
134511000,0.9194181494497089,-0.34251203012424614,105.06897102677877,0.16534190512583422,15.08618109726713,-276.64790357161587
134520500,0.9195290823743172,-0.342602512002972,105.8369559218076,0.16414206268793025,14.9734241349744,-276.62239948127933
134530000,0.9194263446478758,-0.34267590360168604,105.43530635481828,0.16476738960344295,15.021286183605397,-276.5324211609494
134539500,0.9196495368184433,-0.3429022557293819,107.09315877001691,0.16221656355410125,14.778828645589114,-276.44901580577624
134549000,0.9193750897998616,-0.34278643416596355,105.38198446523324,0.16485076472608262,15.018560099639902,-276.4341729601418
134558500,0.9188174357965377,-0.3427365189262519,102.41197874910117,0.1696318304237618,15.438710550096518,-276.2691235121908
134568000,0.9193378262030534,-0.34293776252791436,105.4837309420596,0.1646917450375942,14.991074148315949,-276.3115907192788
134577500,0.9192996983794121,-0.34307287887108723,105.54902634562153,0.1645898562936967,14.970052167617343,-276.2004898363701
134587000,0.9191227409000013,-0.34334771511963497,105.1551620490041,0.16520637352512027,14.998834002663864,-275.9391377576425
134596500,0.9194599866082169,-0.34321328130842726,106.69225635814973,0.1628261374412216,14.804220116139756,-276.1567585108333
134606000,0.9195769367689622,-0.34371862765549405,108.37895702403675,0.1602919308569192,14.539626229274004,-275.8347029532605
134615500,0.9195237746396348,-0.34327096729278234,107.15778298923738,0.1621187290587497,14.737617318371903,-276.1380074375626
134625000,0.919664681078607,-0.34354925132822645,108.51615353548162,0.16008926296919102,14.536804887089286,-275.9878382230601
134634500,0.919543537939488,-0.34349409231526407,107.72559928210623,0.16126416005184666,14.643688925187378,-275.9843607660395
134644000,0.9195079633406402,-0.3434773727702343,107.49453606653087,0.16161082290960696,14.675264975867217,-275.9836999918486
134653500,0.9196002975894182,-0.34348821061102136,108.02855209889584,0.16081188863267745,14.604921344528845,-276.00884286827056
134663000,0.9189621637495902,-0.3432262570894663,104.07914916749942,0.16691444927843585,15.15793812749129,-275.96880985396206
134672500,0.9194087402179609,-0.3435016177735931,106.99968659159617,0.1623582800268844,14.738012846866413,-275.93081687131337
134682000,0.9195630539033741,-0.34346999718206717,107.78385537262669,0.1611769933906329,14.638235756868582,-276.0086717687649
134691500,0.9196312874743231,-0.3438230275944342,108.90468449649761,0.15951809251632454,14.463397790801126,-275.7789679706074
134701000,0.919461474780372,-0.34370978557498333,107.71750316633904,0.16127628146469727,14.625798409597097,-275.79992622662667
134710500,0.9193790009057489,-0.3437382030418897,107.32122255480284,0.1618718240295522,14.674941110059722,-275.75009350879174
134720000,0.9193313040589742,-0.34387602634039255,107.34235144266454,0.16183995990982689,14.660055857908771,-275.63409587804415
134729500,0.9190294969212498,-0.3439011699146325,105.75854518558864,0.16426376696128245,14.867613053736179,-275.50832921283967
134739000,0.9190996645230715,-0.34379338478130167,105.91806255501017,0.16401636362169553,14.85581407571042,-275.61072166621625
134748500,0.9190504824906518,-0.34394102188241227,105.95049006656934,0.16396616132000563,14.838327260333179,-275.48725701163016
134758000,0.918899668488226,-0.3440323221143424,105.32936984271109,0.16493311670336525,14.913759447003565,-275.36794219493777
134767500,0.9188482467404673,-0.3434060858781769,103.83803042881091,0.16730205955025054,15.175144107907053,-275.79861476391915
134777000,0.9188200996362519,-0.3440696519991797,104.98325797361512,0.1654769058557395,14.957378602457048,-275.3127627698711
134786500,0.9189652775025017,-0.34425027056724694,106.11455237346667,0.16371264038353553,14.788969386744526,-275.23535039992805
134796000,0.918994117809597,-0.34422776054784143,106.22430280647883,0.16354348328012852,14.776357503342476,-275.2617449114535
134805500,0.9190914847213396,-0.3443150554451765,106.92908693915598,0.16246548290903445,14.675565761869874,-275.2339594237959
134815000,0.9191712058664804,-0.3443845149556681,107.50892726223584,0.16158918836066605,14.593796904659506,-275.2126102414669
134824500,0.9189205605858584,-0.34446198288304497,106.30084383550249,0.16342571821926474,14.745490384071866,-275.0680093693717
134834000,0.9191641594676733,-0.34454400177096994,107.8003502851451,0.1611523297143081,14.542168602838023,-275.0960082428475
134843500,0.9189735422609324,-0.34481549326658123,107.31045358019063,0.16188806936657357,14.581948840159452,-274.83438332143186
134853000,0.9189781130089016,-0.344542844832896,106.7765794982993,0.1626975435633527,14.675576145040626,-275.03070866106964
134862500,0.9202740218364389,-0.34153270395285945,107.72666361727603,0.16126256667679695,14.817436592141673,-277.66701510004236
134872000,0.9196075818937184,-0.34439568485381283,109.99334883081595,0.15793916726618382,14.277256013611732,-275.35941979088165
134881500,0.9186861975167918,-0.3447894055013485,105.70291717034577,0.16435021880853345,14.796176014896005,-274.75083349533793
134891000,0.9188696237284593,-0.34499954834812285,107.11949233248443,0.16217668296699764,14.590738140685508,-274.6662410565594
134900500,0.918954236559878,-0.34506032872413595,107.71057715131232,0.1612866524623095,14.508881774305964,-274.6529245432316
134910000,0.918843937212173,-0.345421849970284,107.85197033694867,0.16107519465131045,14.459421767408081,-274.35649229465355
134919500,0.9191180702281019,-0.34529534916162047,109.12326351173132,0.15919855238702257,14.309006909802127,-274.54341232684556
134929000,0.9188925675331224,-0.34499633870789786,107.23857646950779,0.16199658182016005,14.575524030052183,-274.67666874561513
134938500,0.9187981337871501,-0.345259570580474,107.26292368144526,0.161959808687751,14.549453589136776,-274.4557196379174
134948000,0.919053030399867,-0.34525313218268705,108.6659651659578,0.15986854447156246,14.370253597431336,-274.5505086069401
134957500,0.9190130368189424,-0.3452291263313342,108.39076061886657,0.160274474310151,14.40722971500782,-274.55346849126454
134967000,0.9190240988748092,-0.34540860722633054,108.83220938321786,0.15962432708088672,14.335926745617314,-274.4295839012997
134976500,0.9189136515887047,-0.34546148012400546,108.32321840593117,0.1603744150959563,14.3958311140258,-274.3529529487105
134986000,0.9185005465194894,-0.3454285487373054,105.99398688490241,0.16389887043046664,14.701083277942635,-274.2300757118065
134995500,0.9187510461680534,-0.3454739177661012,107.44692535558033,0.16168243827138218,14.507041244753271,-274.2866118426482
135005000,0.9186285658584296,-0.3454595002550948,106.74748461222478,0.16274189068252423,14.599177262978955,-274.2534862459571
135014500,0.9187005193378475,-0.34559013919707643,107.40942304142928,0.16173889342932574,14.501820024858484,-274.1861667418113
135024000,0.9187955449017299,-0.345700844535348,108.16637483291373,0.16060697469365795,14.395218351741327,-274.14113352888376
135033500,0.9186559030021269,-0.3457606256675858,107.51696033300769,0.16157711461667015,14.473215172537655,-274.04937837640966
135043000,0.91899940617844,-0.3457107847214833,109.33658047441673,0.15888793678759555,14.246901716813369,-274.20597504967526
135052500,0.9187397969990528,-0.3457269692368798,107.91089542211165,0.16098723399545187,14.425570803441854,-274.10290046863827
135062000,0.9186579747212096,-0.3454001847717854,106.78610205803676,0.16268303430011566,14.599299752538201,-274.3060551317815
135071500,0.9188659443195134,-0.3458428392888708,108.861376394975,0.15958155684645503,14.295152390042611,-274.0651612764244
135081000,0.9187389290882211,-0.3459258773706375,108.32321576185998,0.16037441901077232,14.35599131047261,-273.9614739055253
135090500,0.9184857662001379,-0.34590823859118347,106.88933427869063,0.16252590813322057,14.541661537158422,-273.8845894433785
135100000,0.9183910127847927,-0.3461645936662461,106.8993154541116,0.16251073222454687,14.518157744281407,-273.66963641820786
135109500,0.9184001199554688,-0.34605617549686163,106.72663571397509,0.16277368394272976,14.550015311915848,-273.7495620693934
135119000,0.9185874469330811,-0.3459323384380951,107.4959757053807,0.16160865841329214,14.461097887670345,-273.90343983242303
135128500,0.9184729032275603,-0.346149299400272,107.31558016728025,0.16188033534200383,14.465622032667216,-273.70936517334684
135138000,0.91852825807438,-0.346153713572345,107.62947580073512,0.16140819275420926,14.424891148212437,-273.72577031441836
135147500,0.9186077873675115,-0.34612677782247814,108.01388714764052,0.16083372317013633,14.378088926717071,-273.77288025315414
135157000,0.918774623012711,-0.3460441018960348,108.77365688861772,0.15971025716123805,14.289023667247474,-273.8902333464944
135166500,0.9185377853424317,-0.3460953244102091,107.56064186306766,0.1615114926355708,14.438744586120173,-273.7704628565225
135176000,0.9184059336923073,-0.34627518329987,107.2085570300434,0.16204194507071384,14.46857365565694,-273.59669850881147
135185500,0.9181080060237107,-0.3463612418531423,105.77361686715463,0.1642403596239332,14.648643633678612,-273.430690911805
135195000,0.9183235368016658,-0.34629500487382847,106.79967687142258,0.1626623552026668,14.519820320777962,-273.55361162232623
135204500,0.9186258694120482,-0.34657289193412677,109.059542489274,0.15929157371070454,14.208340014503525,-273.4636907864049
135214000,0.9186365499173296,-0.34654212193085165,109.05428624712202,0.15929925174014942,14.211598853492118,-273.48918582794033
135223500,0.9185991481386974,-0.3466124956074987,108.99283685884441,0.15938906856741628,14.213311036247026,-273.42632761899876
135233000,0.9183962958103594,-0.34599244975587495,106.5757113891592,0.1630042050344382,14.57524970123215,-273.7933168548859
135242500,0.9186310650033574,-0.34648472062899177,108.90073543770819,0.15952387743354068,14.23564160129453,-273.5278314207619
135252000,0.9183619525398029,-0.3466410937298422,107.7262439154929,0.16126319499235622,14.370718859106486,-273.322759224195
135261500,0.9185188409257435,-0.3467273107827536,108.78397044930043,0.1596951145420877,14.229699405105935,-273.3170612708326
135271000,0.9183516993847859,-0.346748723362385,107.89449173317573,0.16101171101645886,14.340093479051605,-273.2432286621346
135280500,0.9181451192333493,-0.3465711338570777,106.3975927338416,0.16327710405028334,14.548329594145683,-273.2957102435565
135290000,0.9184769921199325,-0.34675749054828403,108.61253286739198,0.15994719678021826,14.248633287805438,-273.28107033061934
135299500,0.9182149264054938,-0.3465039996322359,106.63807072470438,0.16290887857191938,14.522768291341208,-273.3676977677205
135309000,0.9180348663894039,-0.34671011186416745,106.08675498227619,0.16375553974325732,14.57700886692755,-273.1588540375583
135318500,0.91835136732533,-0.34682957699012595,108.06226030271749,0.16076172320543122,14.311907871858756,-273.18610333011145
135328000,0.9185531605897016,-0.34699303599153136,109.5484480998368,0.15858062908538587,14.11231024798221,-273.1416631811669
135337500,0.9180759526855538,-0.3468461443488805,106.58506100538582,0.1629899055051045,14.500116527178921,-273.0775329206735
135347000,0.9183318434384872,-0.34700555745319434,108.32412616164953,0.16037307108267623,14.263866256840016,-273.0552478891316
135356500,0.9185337005515236,-0.34713125302515097,109.73604618934823,0.15830951423667985,14.07763758699191,-273.0374495595186
135366000,0.9182595880450061,-0.3471412635202292,108.20705977561732,0.16054658438530434,14.267114302215267,-272.9343629189648
135375500,0.9182962283953078,-0.3473238942622884,108.79981335942273,0.15967185919102053,14.177331423195364,-272.8187479656767
135385000,0.9181712225230545,-0.3472747102773709,107.99604841789755,0.160860291117373,14.282449989084412,-272.809516214126
135394500,0.9183408497944837,-0.34744118386750816,109.30384898132141,0.15893551909718553,14.10491982852651,-272.7519106052413
135404000,0.9177979308053512,-0.3470702921541022,105.54871925076027,0.16459033519788752,14.616664663935264,-272.82189977275647
135413500,0.9181138023536642,-0.34727786870681016,107.68455640850125,0.16132562777976184,14.321699209369095,-272.7871516211472
135423000,0.9182130928339705,-0.3473017587337391,108.28628833845428,0.1604291124612062,14.24353366807793,-272.80518365732945
135432500,0.9180510626993887,-0.3473573850055779,107.5044496254508,0.16159591905353735,14.337872268423943,-272.70927243392003
135442000,0.9178957816053745,-0.3477663299859166,107.50198940825122,0.16159961744086088,14.303411694594134,-272.36799677111753
135451500,0.9182351836704337,-0.34750087730238033,108.83316775837599,0.1596229213641932,14.158279874627265,-272.67300953481976
135461000,0.9182564733499279,-0.3476800264959518,109.33811933718219,0.1588857004187298,14.080702978339922,-272.55467707874806
135470500,0.9183575667764309,-0.34784409089958745,110.27520150668815,0.15753546797536905,13.952525985174464,-272.47483182095147
135480000,0.9181919621697081,-0.3479372944912921,109.52593894618202,0.1586132214936203,14.036141344366136,-272.3517439110448
135489500,0.9182735153880063,-0.34787890509186314,109.86643502594066,0.15812162305596553,13.999339101247852,-272.42111438961393
135499000,0.917058135438719,-0.3483695071700168,104.25168714905642,0.16663818660015267,14.676726092360845,-271.65291392163886
135508500,0.9182136825877573,-0.3479438565748844,109.66437456879696,0.15841298383007624,14.018631774554834,-272.3547206558988
135518000,0.918234645748418,-0.3480959730925098,110.11636372677447,0.15776271811325873,13.95093814041651,-272.2554588789843
135527500,0.9181198682026204,-0.34806220770474666,109.38476360465408,0.15881794399714783,14.043074679695387,-272.2391069957719
135537000,0.9184771858446225,-0.34839977259519406,112.22047988146532,0.15480453413498135,13.675585078274263,-272.1270062985591
135546500,0.9190467397999383,-0.34808575348690113,114.98663525090389,0.15108031652475093,13.38481392146061,-272.54431333528714
135556000,0.9193762070018247,-0.3481942021544555,117.36528904976791,0.14801820722887846,13.11583896655189,-272.581683086592
135565500,0.919278233506252,-0.3481395368200574,116.59290189269399,0.14899882396558842,13.203549705207609,-272.5863850050738
135575000,0.9188476812544614,-0.3482180870643215,114.05739340603004,0.15231125222938724,13.478836316970229,-272.38259230368266
135584500,0.9182835315080673,-0.34832574210774214,110.90707985274331,0.15663788179734978,13.836799805377115,-272.1116205381117
135594000,0.9181784389115063,-0.34822927923614155,110.08370022005839,0.1578095312841045,13.943876971724583,-272.14257334133794
135603500,0.917795138718978,-0.34847257080616895,108.43019988787864,0.1602161744395073,14.126972723787159,-271.8390457065846
135613000,0.9182634899876664,-0.348650997694781,111.51566237165841,0.155783004559527,13.73794883550395,-271.8772730712888
135622500,0.9182982540283066,-0.3486225836169823,111.65772685976098,0.15558478794102074,13.72350833167164,-271.9091721665591
135632000,0.918060973263734,-0.3485476050609687,110.10288845999268,0.1577820274307173,13.915278094992278,-271.8792008418547
135641500,0.9178715980574185,-0.348614295398218,109.16432349324684,0.15913866967820484,14.024260834602247,-271.7667950589252
135651000,0.9178151541812157,-0.3483977145438574,108.38318321844044,0.1602856802256851,14.139105548390328,-271.8982747162254
135660500,0.9181642963487353,-0.3483899786598234,110.35444152210799,0.15742234342508,13.8978716397066,-272.02525479380404
135670000,0.9179870933831463,-0.3481176398777761,108.75177217230622,0.15974239834491322,14.11665946755901,-272.15399491897676
135679500,0.9181555886704671,-0.3480514107994984,109.565233329695,0.1585563334208407,14.02182781449268,-272.2591210666591
135689000,0.9175412103518977,-0.348014340065168,106.08656803732237,0.1637558283291352,14.464527134277144,-272.0702057838766
135698500,0.9177613066661667,-0.3484957076055312,108.2901778743347,0.16042334988625429,14.142512167755346,-271.8111056891275
135708000,0.9178432253414066,-0.34879505480645906,109.3934005823036,0.1588054040866,13.981177219457043,-271.63089480543596
135717500,0.9178673016415332,-0.3488981693796638,109.75493795675771,0.15828226341662932,13.928579658600022,-271.5674129757634
135727000,0.9182794817146307,-0.3490368034616254,112.48584819125534,0.15443931143914577,13.593292646284207,-271.61354397372463
135736500,0.9181080037105751,-0.3489904315458761,111.3588686512569,0.15600235942057197,13.728872324226403,-271.5865733173715
135746000,0.9179495595470326,-0.3486531780670539,109.69287485227133,0.15837182285998763,13.956349270555274,-271.7667852560463
135755500,0.9180317606405471,-0.34891383382103236,110.74063739521556,0.15687332030409817,13.808546672292765,-271.6135520777222
135765000,0.9178508655964132,-0.34903387516844675,109.95686896410928,0.1579915688804404,13.892927525892917,-271.4672071973215
135774500,0.9176384218930688,-0.3490363428922219,108.75314381114809,0.15974038349529984,14.039893736424483,-271.39171957035427
135784000,0.9174680408452864,-0.34906510866437757,107.86289727787464,0.16105887615767325,14.148343357358877,-271.312454884302
135793500,0.9177558129009715,-0.34914404444286057,109.65190914192914,0.15843099350242867,13.920847765323993,-271.3575767504331
135803000,0.9178422624967953,-0.34918311848918654,110.23466951755512,0.15759339508824027,13.847170795235941,-271.3603719202052
135812500,0.917881344289368,-0.34942958114740613,111.00831056399178,0.15649503283050015,13.73469726391409,-271.2025468118178
135822000,0.9179594666942298,-0.34934239460782807,111.27237851026142,0.1561236239473558,13.71053080921297,-271.29015984908114
135831500,0.9179843582773584,-0.34936526382777544,111.47061549201189,0.15584596209038223,13.685317685277077,-271.28285955885207
135841000,0.9181069132350542,-0.34950830658640836,112.52671310719023,0.1543832226965782,13.550734416031,-271.2256973756811
135850500,0.9178764768299282,-0.3493710114450919,110.84929444428508,0.15671954108997865,13.758332811839756,-271.2415683432713
135860000,0.9177290981000834,-0.34927531010788837,109.7850015298683,0.15823891693402364,13.893901737764361,-271.257052348945
135869500,0.9177612711501496,-0.34937068273012667,110.17911885864493,0.15767285567669778,13.838504148780993,-271.2019274963564
135879000,0.9180382782735944,-0.34951133435062026,112.12175122618743,0.15494085428270987,13.59740172175686,-271.19992441352633
135888500,0.9179550646185897,-0.3496044185715159,111.83684052608983,0.15533559591872223,13.623106178504923,-271.1065459415283
135898000,0.917416533239774,-0.3493126779819029,108.09999614027998,0.16070560086805988,14.098002750640438,-271.1226093126575
135907500,0.9175630680435053,-0.3494309422928861,109.17597392039775,0.1591216866633262,13.955251380479792,-271.0914055638724
135917000,0.9175556031873597,-0.3495492035623984,109.38953479077652,0.15881101653198942,13.919440738474538,-271.0067689992742
135926500,0.9176302289220309,-0.3493094613228192,109.29469279956112,0.15894883469086213,13.950752694702407,-271.1990416220799
135936000,0.9177212698089401,-0.34951893383946236,110.2741995663816,0.15753689940529156,13.814969778432436,-271.08512914773615
135945500,0.9177956805866351,-0.34956316487344075,110.80468813945207,0.1567826346221966,13.748020371010123,-271.08015630239385
135955000,0.9177013937213467,-0.3495884848005307,110.31248772796404,0.15748221721186895,13.80470462219949,-271.02998483955787
135964500,0.9180536553654164,-0.34964955562855454,112.52987949983006,0.1543788783958452,13.539067231354533,-271.10918396133104
135974000,0.9179265098909948,-0.3499023087788208,112.34445554889898,0.15463369339598182,13.540266346655693,-270.88997757482485
135983500,0.9178833173554642,-0.34975267226727524,111.74606913693708,0.15546178183698603,13.621779579358426,-270.9788888891613
135993000,0.9181714942361254,-0.3499334751135382,113.90747900096417,0.15251172039434652,13.359599748487234,-270.95258204726105
136002500,0.9181238032574679,-0.3500599596602112,113.91071632164686,0.15250738581783124,13.349268106716291,-270.84846536870526
136012000,0.9183083660064285,-0.35009373495875057,115.14178796059049,0.15087672666832172,13.209666976671912,-270.8883066178267
136021500,0.9183030366627452,-0.3500503955297055,115.00424474599211,0.15105718188116565,13.228209851163381,-270.91655507031567
136031000,0.9183116359511981,-0.35008468822847055,115.14066016827788,0.15087820456648024,13.210496223656238,-270.89570370151364
136040500,0.9182957435782596,-0.35007538074037015,115.01827606682711,0.1510387531698325,13.224711560653803,-270.8967187406721
136050000,0.9183747402273194,-0.3500590163511999,115.47764475824391,0.15043789271443503,13.175490743606602,-270.9351272976045
136059500,0.9180529911827201,-0.34990473608952977,113.11437519591861,0.15358111503528626,13.451702611599183,-270.9318079717543
136069000,0.9180937142772124,-0.35004266444568083,113.68486068320753,0.15281038507284922,13.376069481612161,-270.85013106956336
136078500,0.9178768701071143,-0.3498626924681583,111.95719607058686,0.1551685991034889,13.58833171684783,-270.90035381057766
136088000,0.9181928093647233,-0.3502224605036204,114.7244146014209,0.15142565176446862,13.245718183275521,-270.7594633975097
136097500,0.9181781998302092,-0.35022491955346885,114.63894290744066,0.15153855635854732,13.255001552540266,-270.7527551840908
136107000,0.9179862145253413,-0.35036964588338326,113.7908537438181,0.1526680390561128,13.33837171592861,-270.58674027181735
136116500,0.9180444198595943,-0.35029307490942874,113.9695447136941,0.1524286610590962,13.324325349743699,-270.6596988920662
136126000,0.9178752980199338,-0.3503024346351408,112.95633323630709,0.15379600805733654,13.438184036860504,-270.59520194470065
136135500,0.9178690457148664,-0.3504471794343766,113.25435146857401,0.1533912871842933,13.392842084454033,-270.4929328800824
136145000,0.917956185519159,-0.3504718375503456,113.84616073036219,0.1525938684071205,13.324128005322269,-270.50574919918216
136154500,0.9181658862404587,-0.3506115752967959,115.49004547141487,0.15042173867790648,13.131282588833228,-270.4808229978205
136164000,0.917946452816332,-0.3504318213849456,113.69227887444714,0.15280041399000915,13.344571990407026,-270.5300928399894
136173500,0.918046927036919,-0.3505152634128271,114.51120174662512,0.1517076113896831,13.246495148247424,-270.5067803474909
136183000,0.9175197371681345,-0.34981265549478446,109.75820482977426,0.15827755199961951,13.85310635291294,-270.8117545701348
136192500,0.9176263003577386,-0.35026905101956873,111.39039186202915,0.15595820875859626,13.621889290306255,-270.53269286881164
136202000,0.9179520839431626,-0.35053753002840693,113.97557559241471,0.1524205950682448,13.304464129807522,-270.4589167196208
136211500,0.9178314119280114,-0.3505815928058169,113.33792942862928,0.15327816709661451,13.372774459681652,-270.3871239838538
136221000,0.9181286025968558,-0.3507524526572211,115.59487369548926,0.1502853205967909,13.108969134547769,-270.370683910684
136230500,0.9180924542010683,-0.35081008631602334,115.50523419541014,0.15040195750981789,13.114282026208473,-270.31852205339584
136240000,0.9178033496250445,-0.3505924928145776,113.19218344215442,0.15347553796368968,13.388426176359136,-270.36997550856233
136249500,0.9180378581891199,-0.35070508599051825,114.9078560655055,0.1511839002608268,13.187859699805824,-270.37243390625395
136259000,0.9181314018409684,-0.35094749593,116.08796172730406,0.1496469463351317,13.04052807088342,-270.2368913854517
136268500,0.9181963290328651,-0.3509893073799926,116.60832469375508,0.14897911617964976,12.981453060426675,-270.2301293586911
136278000,0.918395020240622,-0.3512501615568033,118.56824521545781,0.1465163894168993,12.75565934650976,-270.1175289677357
136287500,0.9182440528730956,-0.35131498339375317,117.7317590700968,0.14755744074510546,12.83783107183883,-270.02159910441264
136297000,0.9185188027689373,-0.3513449864468115,119.64647826049809,0.14519594767865007,12.638100147655871,-270.0939995398389
136306500,0.9180799928213446,-0.351398180039473,116.86766179557101,0.14864850547257066,12.922667047831954,-269.90855403146185
136316000,0.9182993368385552,-0.35140874254540266,118.33492410910475,0.14680528969162432,12.767913078084268,-269.9756960770633
136325500,0.9181499179358525,-0.35129666849740665,117.06963025317232,0.14839204467193964,12.908958775265473,-270.0022660829038
136335000,0.9182023915591528,-0.35138841886975625,117.64254737495223,0.14766934314454022,12.841636407930073,-269.9568322042003
136344500,0.918262024821984,-0.35135545090426035,117.95241155277462,0.14728139316868055,12.811708528639734,-269.99979047783995
136354000,0.9178142741268571,-0.3514268319269254,115.23788063462875,0.15075090973886723,13.09587285011241,-269.798465217731
136363500,0.9183556665962408,-0.3516874903363754,119.42903735605677,0.14546031397755266,12.634755298895366,-269.802679262089
136373000,0.9183685604298423,-0.351718728958577,119.59760503327985,0.14525528436214408,12.615319636184031,-269.78552322167656
136382500,0.918461740721784,-0.35187400156948273,120.64324901771211,0.14399626404139537,12.498761216961007,-269.71006490965186
136392000,0.9183306744047592,-0.3514874262718544,118.74497732763864,0.14629831386693515,12.71965470244114,-269.93206870934563
136401500,0.9183319295046536,-0.35161333538553524,119.07702525558474,0.14589033979138408,12.676178478027166,-269.84573077594604
136411000,0.9181973800521837,-0.35165508489636377,118.28407604415467,0.14686840148816582,12.754704861852073,-269.7714459502459
136420500,0.91827379566512,-0.35157385097067656,118.58586742900593,0.14649461561216592,12.729586988784558,-269.8532575559068
136430000,0.9183299901548423,-0.3519068657211928,119.82554563013095,0.14497895668164404,12.578339335584111,-269.64300970913035
136439500,0.9183128089512022,-0.35182481809047805,119.4950578968313,0.1453799439833789,12.617860900915801,-269.69365989729147
136449000,0.9181754984883327,-0.35182139677030894,118.56261878064738,0.14652334273844114,12.713481087347418,-269.64960500654973
136458500,0.9184420375594484,-0.35196593013073185,120.75057270600433,0.14386827361639817,12.481337244025754,-269.640159229519
136468000,0.9188165807293279,-0.3524913616137338,124.87167074804148,0.1391200305595414,12.047429029816964,-269.40455255316857
136477500,0.9191137271472292,-0.3525905041501823,127.4005574967588,0.13635839900653882,11.810051341010212,-269.4355469134325
136487000,0.9267132774337109,-0.3462750025419524,185.82222469983122,0.09348691742900875,8.499592686593374,-276.40677460955555
136496500,0.9183596216805698,-0.3523007109159688,121.06936638821958,0.14348942976060858,12.425286814434651,-269.38230048138377
136506000,0.8712057995078394,-0.3706649726524865,36.5797448202679,0.47501995569276534,33.643206270481194,-240.72207169531143
136515500,0.9179218970198729,-0.352096983987829,117.58331116653679,0.14774373970311008,12.79448200277095,-269.37449723474873
136525000,0.9178334103102478,-0.3520691118631326,116.93580031981477,0.14856188372149323,12.864628984027913,-269.3636693159779
136534500,0.9179056318585295,-0.3520903395353807,117.45993379380778,0.14789893402545556,12.807890977583428,-269.373553392726
136544000,0.9178443796019762,-0.3520627236935178,116.99114065995889,0.1484916060431599,12.859266659315688,-269.37176692525037
136553500,0.917812239838101,-0.3522874192627767,117.3436346369949,0.1480455236022646,12.805267291574104,-269.2068196854764
136563000,0.9177926407481718,-0.35219097461474275,116.9746705618348,0.14851251476183833,12.851329214135479,-269.26629310582257
136572500,0.9179528629479453,-0.352396359595853,118.54848764916687,0.1465408093369831,12.672102380160322,-269.1796633071429
136582000,0.9179487183898133,-0.3524348548270451,118.61947347094653,0.14645311030652525,12.661955745987482,-269.1518870044566
136591500,0.9176587496859284,-0.3523581406500654,116.52342341437776,0.14908767064921782,12.88647584009168,-269.10645168164524
136601000,0.9178430256251385,-0.35257029796273914,118.26203745079066,0.14689577229396886,12.688648751839121,-269.0234850722578
136610500,0.9177926335574538,-0.35238325937529785,117.45609252629158,0.1479037711251196,12.786300171580143,-269.13453204999615
136620000,0.9177556442758611,-0.3526209900676182,117.81292499193492,0.14745577778080307,12.731336474189945,-268.9593198345326
136629500,0.9179201096920708,-0.35260741802624035,118.87154173348847,0.14614254039076977,12.62337235344926,-269.02406363855056
136639000,0.9176786870207511,-0.35262636651145046,117.3215346926361,0.1480734123978308,12.782154761741733,-268.9296649213202
136648500,0.9178094899699271,-0.35276058061064364,118.52536057199528,0.14656940424201964,12.647446621294524,-268.88201126645987
136658000,0.9177374930665256,-0.3527496620506878,118.01948225858051,0.14719768885332735,12.700347156819696,-268.86521082946547
136667500,0.9175647433664761,-0.352679278905822,116.7130331640417,0.14884545382187878,12.842170545408807,-268.8550057090305
136677000,0.9176107831688162,-0.35257952992890823,116.7628909448971,0.14878189367068428,12.844411354799455,-268.9387503165049
136686500,0.917712557510215,-0.35277603357157655,117.92172548374796,0.14731972116667755,12.708498965049047,-268.8387786370137
136696000,0.9176031507912918,-0.3528813079785473,117.46851175603436,0.14788813340535642,12.747735693282145,-268.72997276936457
136705500,0.9174960033066829,-0.35294676566551086,116.93405603842119,0.14856409989677474,12.798786836945261,-268.6491514369636
136715000,0.9178351966915663,-0.3530548612372936,119.45840087494663,0.14542455737758436,12.530867553804297,-268.68958335338607
136724500,0.9177441993563394,-0.3533026955127542,119.48801729955859,0.14538851061169705,12.509722347179547,-268.4899208103988
136734000,0.9176263932860511,-0.3531115200858459,118.20531608197193,0.14696626427379472,12.65431574116725,-268.5806965831898
136743500,0.9176432415580237,-0.3532900271872336,118.77532989728131,0.1462609261396593,12.582797872661068,-268.46465038401044
136753000,0.9176472254143716,-0.35321726724438013,118.61471402164956,0.1464589870578909,12.60453787201662,-268.5155891287968
136762500,0.9175885250284761,-0.3532573460346496,118.32651487391401,0.146815723354721,12.631075761357566,-268.46853075250965
136772000,0.917318450238708,-0.3532872413153998,116.6330296557022,0.14894755819121258,12.804963575618652,-268.3572379400663
136781500,0.917324703524229,-0.3533698139920193,116.87926218938938,0.14863375122674707,12.772883715167413,-268.303147224541
136791000,0.9174463631995192,-0.35389328734025083,119.01407358998027,0.14596751110214934,12.51432025414524,-267.9881729989616
136800500,0.9175010030219491,-0.3536070605871889,118.64082286217841,0.14642675485158432,12.573172329197298,-268.20102485403385
136810000,0.9172791081848234,-0.35360996809099865,117.18442940981282,0.14824666606534245,12.723053909971263,-268.1244919509645
136819500,0.9169925548669576,-0.3535041930569269,115.08925011708666,0.15094560483674388,12.953366619095691,-268.0997955211327
136829000,0.9173809301975364,-0.3538449680030611,118.45183334733396,0.14666038935501846,12.574953137055676,-267.9990508669982
136838500,0.9173686819614789,-0.3538472113730225,118.3761123039941,0.14675420731948777,12.58251794488879,-267.99341921639973
136848000,0.9175077164903896,-0.3538213212312498,119.24024596827815,0.14569063001729313,12.496756218600568,-268.0576160236424
136857500,0.9173732858304958,-0.3537679946089872,118.20385746585124,0.14696807789981123,12.605970846457094,-268.04876582002834
136867000,0.9174698061868257,-0.353876839940857,119.12907364543875,0.14582659620762228,12.503909497376792,-268.0071977893528
136876500,0.9173542880943337,-0.3539968475763057,118.66489861459034,0.14639704512893004,12.542121286053291,-267.8870236034582
136886000,0.9172722907008531,-0.35397797755549126,118.07149377873654,0.14713284388918305,12.604077714499295,-267.87233689708603
136895500,0.9172583592597824,-0.35409125767919036,118.26884302520249,0.1468873190299003,12.575546007740128,-267.79084373501956
136905000,0.9171461599734991,-0.35390250061814327,117.05345798696122,0.1484125477177964,12.714972045532154,-267.88119206076266
136914500,0.917063845831528,-0.3540557384671671,116.90303601101498,0.14860352305806146,12.719296621073376,-267.74965760055755
136924000,0.917161407210663,-0.35409753265675875,117.64489808717747,0.14766639235910284,12.639158505009174,-267.754083301792
136933500,0.9169317625270607,-0.3544304257201841,116.98518311251655,0.14849916844431058,12.68295234633555,-267.45175004762973
136943000,0.9168527636548796,-0.3543514394107431,116.27836632910166,0.1494018889413616,12.76286011750878,-267.4786415252818
136952500,0.9173074988798948,-0.3563460914637454,124.71696389531213,0.13929261128446427,11.793557474618195,-266.2864514369704
136962000,0.9169278616598786,-0.3544154793755117,116.92238488311617,0.1485789302412026,12.690601253273892,-267.46054621284776
136971500,0.9168917775671458,-0.35451121838935307,116.92839786391977,0.14857128927597638,12.682889638834009,-267.38374287793357
136981000,0.9170512206282075,-0.3547282282055729,118.52815766101845,0.14656594525695193,12.50255773994073,-267.29051028019467
136990500,0.9168695116985441,-0.3547533156788185,117.39309968913207,0.1479831397490729,12.616840117159192,-267.2128132862616
137000000,0.9163814813891585,-0.3550385765870826,114.97571448041917,0.15109466735246327,12.850062644282326,-266.8571167050291
