frequency_hz,s11_real,s11_imag,swr,return_loss_db,resistance_ohm,reactance_ohm
144000000,0.3344900155868914,-0.22994937760166692,2.366474855483403,7.83147460768919,84.23487056586045,-46.38131006596501
144004000,0.3342073712776041,-0.22947171738712924,2.3636244564596574,7.8422543972783245,84.24941134524056,-46.270327502301534
144008000,0.33429266049280953,-0.23009964529962829,2.3660361186760364,7.8331317865533565,84.18486021860855,-46.380574328260856
144012000,0.3343320923873831,-0.22970571865908082,2.364956008625792,7.837214724748089,84.24012815844985,-46.3229859196826
144016000,0.3342471257748723,-0.23025491629992148,2.366322556012324,7.832049782297304,84.15831413926881,-46.399516380653424
144020000,0.33407093017818773,-0.22980720901682872,2.3640633492146335,7.840592507489532,84.18606930409435,-46.306622541592816
144024000,0.33395462488773453,-0.23047673333295765,2.3656716966323246,7.834508835681868,84.0843869332782,-46.39823748663572
144028000,0.3337563356180201,-0.229916352936403,2.362947619370056,7.844818749488365,84.12263582133949,-46.284848806576946
144032000,0.33361586405239896,-0.23022925549166245,2.3632980727610953,7.843490753249278,84.06153581718041,-46.31696031804282
144036000,0.3341094888378829,-0.23027809561969306,2.365754999889068,7.8341940103976935,84.13362343956018,-46.386057236834496
144040000,0.33333978629567884,-0.23031971738512508,2.3623041950641714,7.8472581694963015,84.00662869181824,-46.297001401259585
144044000,0.33328476707628923,-0.23011388147986522,2.361387322235572,7.850737115789464,84.02345679992945,-46.25761694139928
144048000,0.3328912941825721,-0.23078187084347865,2.3617064229481306,7.849525959157902,83.87845485067533,-46.3143712660958
144052000,0.33352606997702766,-0.23056632577571773,2.3639637831106586,7.840969453705706,84.00546253912621,-46.35912335004152
144056000,0.3330367600434632,-0.23047979381788458,2.361410229956515,7.850650155536746,83.93887784125062,-46.28471720729608
144060000,0.3328803414970519,-0.2303545669951187,2.3602813575561723,7.854937927650727,83.92968627754215,-46.24554905110621
144064000,0.3324251999953626,-0.23041183139413313,2.3583540726550223,7.8622698571241765,83.85073107900419,-46.19825685622455
144068000,0.33294730547667,-0.23082141878613668,2.362093888220647,7.848055858708363,83.88238739272613,-46.32755832063191
144072000,0.33201871427146323,-0.23031243158630393,2.35615237580579,7.870663625702177,83.79887836005078,-46.13234783219156
144076000,0.33255581673133566,-0.2306427731527885,2.359701984985736,7.857140487882922,83.84276334021268,-46.2508579399711
144080000,0.3320259827075638,-0.2306519502964767,2.357276765603,7.866374603101067,83.75809267533926,-46.186773953510205
144084000,0.3324152577026743,-0.23096974221938218,2.360102683855682,7.85561703841876,83.78011804034617,-46.28499937180344
144088000,0.3321234978843518,-0.2305163478959082,2.3572923026371067,7.866315371513721,83.79021869566903,-46.17744822616943
144092000,0.3322657350490628,-0.23115532028173966,2.360007678908661,7.855978188389442,83.73359036878279,-46.29570854267057
144096000,0.33199352387583797,-0.23058482821788817,2.3569107639858715,7.8677701806830385,83.76126965087839,-46.17218617940701
144100000,0.3322235547607725,-0.23116264689389526,2.359835858749067,7.856631432240306,83.72604379697536,-46.29163916029347
144104000,0.33161736852660695,-0.23076513056386522,2.355750860225307,7.872196430408691,83.67976467642916,-46.15414419327408
144108000,0.331878999336222,-0.2313471369992151,2.3588353977638428,7.8604373937744025,83.64901358885713,-46.27801943934252
144112000,0.3311498687084661,-0.23061145646909273,2.3530982481888296,7.882338939582842,83.6251386628669,-46.072335798789815
144116000,0.33135741378595057,-0.23143565401278474,2.356709587578364,7.868537498844108,83.55613098965175,-46.22746316237811
144120000,0.33147383249594503,-0.2310524227833535,2.356012172070808,7.8711987876778995,83.62173095298897,-46.18162485465649
144124000,0.3314977149755874,-0.23169688416457243,2.358201095564138,7.862852450546557,83.54587732751108,-46.28580090594391
144128000,0.33131143642009253,-0.2312043155917867,2.3557514097369685,7.872194332186418,83.57746501112095,-46.185456217528824
144132000,0.33108627774888016,-0.23152714789320047,2.355753082655366,7.872187944422782,83.50228604443855,-46.20835617046475
144136000,0.33132954049952096,-0.23156678601432965,2.357004003284405,7.867414605645964,83.53556196453854,-46.244604443638345
144140000,0.330974056998899,-0.23151781855612116,2.3552052773661982,7.874280240463861,83.48583369647325,-46.193050282807654
144144000,0.33072275897410724,-0.23126554349784667,2.353233487496996,7.881821164469775,83.47749946710658,-46.12251032423753
144148000,0.3304990354664857,-0.23154347544977133,2.3530990427189082,7.882335897445227,83.4082041189347,-46.13854329057405
144152000,0.33105241695679544,-0.23165743495579058,2.3560173723359292,7.871178936718385,83.48089915126533,-46.22461235647753
144156000,0.33071477495336055,-0.2315913078089792,2.3542470717467565,7.87794288224636,83.43612174579651,-46.17261040225969
144160000,0.33026719829319784,-0.23146179725922666,2.3517687252133377,7.887433000317624,83.3819308135461,-46.097221682035546
144164000,0.32962816642989134,-0.23141619384175013,2.348685774922254,7.899272408257779,83.28747742916414,-46.011600083432704
144168000,0.33050811597066054,-0.2319407014807883,2.354423383994391,7.877268673865063,83.36070065861561,-46.20186621914776
144172000,0.3300967715265175,-0.231527832971438,2.3511979111987835,7.889622229297945,83.34712073558869,-46.08661159499645
144176000,0.33005500337886123,-0.23166747285331935,2.3514563087592126,7.888631042738038,83.32341776480472,-46.10333597760476
144180000,0.32940040170398854,-0.23182195004806416,2.348949300189691,7.898258912633298,83.2020938923284,-46.04710356980327
144184000,0.3298330769005779,-0.23198477844632143,2.351460994026772,7.888613072986548,83.24970519480274,-46.12567745762655
144188000,0.3296936123499033,-0.23179363200769373,2.35020326531938,7.893440072694976,83.25139125397804,-46.07866569363632
144192000,0.32976363054766306,-0.2321939956582405,2.351818293825608,7.887242952253267,83.21313518505278,-46.149823469074505
144196000,0.3293477091596014,-0.2319768363249059,2.349207731235397,7.897265278654984,83.17486252777152,-46.06482928505899
144200000,0.329470398876944,-0.23238355838411323,2.3510854249520867,7.890053798111499,83.14407036737279,-46.143366076446554
144204000,0.3293356719324756,-0.23202538230939623,2.3493093435212242,7.896874665669943,83.16702674740091,-46.070931461499136
144208000,0.3293069311191624,-0.23243054363084037,2.350487659132285,7.892348054261964,83.11280648703028,-46.13061236436356
144212000,0.3292536958282817,-0.23219134881483144,2.3494698455639607,7.896257755622006,83.13386825221325,-46.08677267419354
144216000,0.32907739950054976,-0.23247230074857184,2.3495706966971714,7.89587017410117,83.07190418537449,-46.10894268271541
144220000,0.3289379444322837,-0.23216326009882465,2.347932447356906,7.90217117430342,83.08806668647694,-46.04366941302101
144224000,0.32894454328124667,-0.23263835735986008,2.3494997745869837,7.896142730995982,83.03083345967494,-46.11850520610931
144228000,0.32875630790593025,-0.2321908140083094,2.3471901032605347,7.905029900236281,83.05637545532973,-46.02571091519266
144232000,0.32873707579787126,-0.23245038733316273,2.347941473972492,7.902136426896802,83.02157762632153,-46.06379427205784
144236000,0.32882794253042924,-0.23256389448606352,2.348724740514867,7.899122532423442,83.0218123881728,-46.09260829066996
144240000,0.3284705722951042,-0.23243079275214268,2.346659189669337,7.9070757744108064,82.9824848915803,-46.02810109325981
144244000,0.3283637603129631,-0.2322054858099351,2.345442651345499,7.911767970016774,82.9934233533439,-45.97995262090029
144248000,0.3280654190477057,-0.23235821066770176,2.3445738259109805,7.9151226779535575,82.92831528290178,-45.96725092260146
144252000,0.32848710081121474,-0.2323364977910217,2.346429794483927,7.907960098166721,82.99660057152946,-46.01544427847768
144256000,0.32846214410183594,-0.23234608201567594,2.346346701623395,7.9082804751991596,82.99154174622083,-46.013882009124565
144260000,0.32771544079692794,-0.2320902359148272,2.34211197497205,7.924644902987738,82.90658151385543,-45.88283255344913
144264000,0.32743482688505626,-0.23210249566089938,2.3408732715172333,7.929445363528026,82.86143923245372,-45.85053293813833
144268000,0.3276974424012331,-0.23231347455355528,2.3427508850334178,7.922171303258682,82.87654880315256,-45.91535818248097
144272000,0.3280160725681088,-0.23213587642183417,2.343630285412218,7.918769319773138,82.94779705864832,-45.92662432642703
144276000,0.3278444380542402,-0.23216836108564565,2.342952280825091,7.921391922670433,82.91712063269026,-45.91072633273093
144280000,0.3271870744369892,-0.23225095365435242,2.340225015355207,7.931960087749651,82.80484963868264,-45.843431073647366
144284000,0.3275843967766717,-0.2325426750588139,2.34297668640495,7.921297486766145,82.83101125005193,-45.937183103401914
144288000,0.3273326621854006,-0.2321564299215599,2.3405822892622394,7.930573935118788,82.8389853373767,-45.84647247853705
144292000,0.3275682897423659,-0.2324733486245807,2.3426791029649303,7.922449131943829,82.8369684374161,-45.92444764681331
144296000,0.3266278559443826,-0.23217856152829738,2.3374501680893007,7.942743604977142,82.72681443025837,-45.76417531181
144300000,0.3270390205642414,-0.23281213451978464,2.341366049685394,7.927534911179208,82.7135114292059,-45.91249243210949
144304000,0.3270046079547402,-0.23236424445127368,2.339761136496943,7.933760619434316,82.76272044094273,-45.83881196096015
144308000,0.3269385134962017,-0.23284105066929042,2.341002671060213,7.928943599013357,82.69440678885638,-45.90472893516421
144312000,0.32662287667742523,-0.23250854717036415,2.338493170148308,7.938686652327732,82.68593841217651,-45.814765161502066
144316000,0.32644158511033594,-0.2328708945727218,2.3388422977306416,7.93732964412822,82.61378806900002,-45.848868899313146
144320000,0.32670024748666265,-0.2326334803815595,2.339248382678834,7.935751874464817,82.68274071351311,-45.843545380090085
144324000,0.3264070595240497,-0.23293589610566928,2.338896079925653,7.937120644615284,82.60053817687192,-45.85473411063231
144328000,0.32636738067887094,-0.23266402782032894,2.337836365258741,7.941240901922278,82.62744111639799,-45.80780942695775
144332000,0.3261032121767058,-0.2328547076223514,2.3372554609791414,7.943501445802842,82.5633763334705,-45.80524316975385
144336000,0.3263575757025622,-0.23309497664055845,2.3391868520502372,7.935990897511493,82.57353285369418,-45.873334916394285
144340000,0.3258617708176972,-0.23293391494804297,2.336418092869776,7.946762420235149,82.5164110039563,-45.788185677374116
144344000,0.32578780330777846,-0.2328611189209964,2.335847651857405,7.948985535938901,82.51380423816266,-45.76795388568566
144348000,0.3255575413871497,-0.2329891274778441,2.335220033086521,7.951433020665089,82.46268573524183,-45.75982009836922
144352000,0.3259251397821906,-0.23317398006944323,2.337482556376913,7.9426175579739935,82.49706255912535,-45.83299162712939
144356000,0.32567329046772275,-0.23291242060576614,2.3354954051881065,7.950358971396396,82.48987610379659,-45.76199832051328
144360000,0.3252825394241917,-0.23298598042542287,2.3339666796032557,7.956325467169197,82.42058372255423,-45.72601322748736
144364000,0.32502525614421995,-0.23273579250904672,2.331995733013835,7.9640320595791785,82.4111169109275,-45.65623604704429
144368000,0.32541553593699696,-0.23326052612677403,2.3354568947416574,7.950509157199082,82.40785084459458,-45.78451861358163
144372000,0.3250110635178766,-0.23266223739570288,2.3316940077375534,7.965213243657274,82.41781653599543,-45.64315620769341
144376000,0.32494783135889443,-0.23299291628332433,2.332477778085581,7.962145742507221,82.36806808947374,-45.68657600054729
144380000,0.3245888325924307,-0.2327174185415289,2.3299682582298127,7.971976355793535,82.34594352571234,-45.60067676991978
144384000,0.3248188252235778,-0.23337904650642038,2.333146173237089,7.959531788702291,82.30145846491209,-45.73052297877572
144388000,0.3247174124652045,-0.23281020203320965,2.3308476025055094,7.968528722936222,82.35458775245787,-45.63052399612505
144392000,0.3235112262238021,-0.233056158694113,2.3262168833600363,7.986720225095136,82.13904123277167,-45.523027959989356
144396000,0.3242277602042016,-0.2328052020393763,2.328625980724455,7.977245159920758,82.27964559312333,-45.57066390787194
144400000,0.3241973339539917,-0.23339835933087175,2.3304083175031023,7.97025062289904,82.20339767538,-45.65838175207763
144404000,0.3239134663717937,-0.2316789929147877,2.3235840966701313,7.997102637751089,82.36661775886664,-45.35893435613827
144408000,0.3236961997938306,-0.23225127816133373,2.3244495399314666,7.993686572063491,82.26431557453998,-45.421238706564175
144412000,0.3238108244065345,-0.2318726409241435,2.323745546226574,7.9964651293499545,82.32749750130323,-45.37654168388716
144416000,0.3236691458126805,-0.2322325107184837,2.3242676232311026,7.994404372008964,82.2623957129983,-45.41509239139943
144420000,0.3233140735024093,-0.23177092884659795,2.3211898228692496,8.006569575669584,82.26296892017709,-45.301239405556494
144424000,0.3230146225437645,-0.23245480356044962,2.3220489439534777,8.003169861243196,82.13481567913237,-45.370806586106156
144428000,0.3232459887364684,-0.23193730385582453,2.321419472572652,8.00566050317579,82.23252017053781,-45.31876235672958
144432000,0.3230514428578731,-0.2320329215244191,2.3208554183209804,8.007893717159904,82.19105132975099,-45.31020195820694
144436000,0.32268630105847323,-0.23160003506881133,2.3178305301848887,8.019892690261987,82.18651730884262,-45.19973845530468
144440000,0.32232725639862003,-0.23241137772437648,2.3188344381967028,8.015906175252685,82.03421707666485,-45.28181867617994
144444000,0.3228858070729622,-0.23177205997064174,2.3192753359223195,8.014156711834241,82.19673122463244,-45.250135113649684
144448000,0.3225990547127625,-0.23257530740352578,2.3205775514198623,8.008994343053823,82.05641152427961,-45.33955956002188
144452000,0.3221807108982998,-0.23218026477729006,2.317436034031238,8.021460394547486,82.03928974233634,-45.22874716948516
144456000,0.32158976099168146,-0.23262315847963613,2.3162266380423877,8.026270552453413,81.89559275145956,-45.22627697989698
144460000,0.32207957294890754,-0.23220163516852538,2.317053366562164,8.022981719128577,82.02117586444056,-45.21995751912069
144464000,0.3221513837946159,-0.2327232042039937,2.319054075524932,8.01503456153464,81.96989174970555,-45.308724296547034
144468000,0.32198264652035813,-0.2322454011309437,2.316761715469555,8.02414161569513,82.0010413728818,-45.21511823556552
144472000,0.3211428754721022,-0.23266517213270146,2.3143726850845647,8.03365631986338,81.82201675986657,-45.179451039338396
144476000,0.32150232558325303,-0.23244525630550383,2.3152640968995395,8.030103303524193,81.9033841455333,-45.18853504048951
144480000,0.32152083813906945,-0.2330308454981326,2.3172346940352098,8.022260760546049,81.83636291731243,-45.28059348758174
144484000,0.3216501015400842,-0.2326826905228761,2.3166873928372995,8.02443725423254,81.89775168548792,-45.24261565568888
144488000,0.32099239948931874,-0.2330335230112316,2.3148914948734496,8.031588022809155,81.75507295320959,-45.21797517700286
144492000,0.32094943443988144,-0.23304494111409071,2.3147373371416338,8.03220247194684,81.74713293379583,-45.21460461664029
144496000,0.3210776553690352,-0.23336229364873035,2.316332708712368,8.02584842821387,81.72892775687967,-45.27846956921515
144500000,0.32107635957530684,-0.23291481001900793,2.314881757662011,8.031626830867587,81.78207980750592,-45.20979423116668
144504000,0.32067832692348563,-0.23310057666824957,2.3137123357520157,8.036290530929236,81.69900731072353,-45.19083634080952
144508000,0.3204753943242405,-0.23309470074844388,2.312792483724443,8.039963012045172,81.66865867938681,-45.16579140250477
144512000,0.32045943044513786,-0.23318202270149507,2.3130035460403664,8.039120034618946,81.65583034380477,-45.17724797523622
144516000,0.3203664019248941,-0.23319999511335776,2.3126488314081914,8.040536863914637,81.63946820824545,-45.16893136218288
144520000,0.32007762968292686,-0.23330375348405674,2.311703586810725,8.04431504650865,81.58300388617803,-45.15046134904571
144524000,0.31988821965068415,-0.23316727993398334,2.310423906437452,8.04943604342909,81.57027728987755,-45.107119979724594
144528000,0.31995530290161744,-0.2333411959750145,2.3112825715602754,8.045999086036762,81.55987295079797,-45.14164764116822
144532000,0.3198710012391181,-0.2330718903282438,2.310039861639119,8.050974267536976,81.57896723430103,-45.090502943719585
144536000,0.3195636430809588,-0.2330817829257727,2.308711723593224,8.056298747349537,81.53084474456581,-45.05556396429306
144540000,0.31920303190313515,-0.23330377895222323,2.307834315926545,8.059820395997301,81.44951413808954,-45.04671704925475
144544000,0.31951841148229154,-0.23314868383813556,2.3087275314202387,8.056235329736175,81.51600935964726,-45.06041750907375
144548000,0.31963930571999505,-0.23351752083582406,2.310453423840522,8.049317842686785,81.49071138802437,-45.13103886573641
144552000,0.31933471645240136,-0.23344425316700163,2.308869772685014,8.055664736355258,81.45295107811619,-45.083739001775186
144556000,0.31855837643935075,-0.23342618372056362,2.305385511511146,8.06966661943745,81.33680386353268,-44.989105226255745
144560000,0.3188967812477536,-0.2333375037659458,2.306591283286694,8.064815200036946,81.39883594082474,-45.015609282175284
144564000,0.31872929025098706,-0.2335834993091672,2.3066470643095873,8.06459091641026,81.34422399577669,-45.03326359984472
144568000,0.31902494764551304,-0.2333728595200706,2.307271025215819,8.062083012453911,81.41418515239577,-45.036164048121215
144572000,0.31821773438501905,-0.2334200382339159,2.303865620387547,8.0757908102575,81.28568229358264,-44.947940898538434
144576000,0.31844489153697814,-0.23334273535809832,2.304616185854125,8.072765266902335,81.32938350667494,-44.96299301379663
144580000,0.31847821309838537,-0.2336427158542237,2.305731803400684,8.06827267530058,81.29901197700565,-45.01258556494603
144584000,0.3184843612851091,-0.23329769918374343,2.304644703402084,8.072650360011203,81.3407125302435,-44.960796644723814
144588000,0.3177784713496202,-0.23353664652288478,2.3023105426909045,8.082067093687797,81.20513273343019,-44.91386656438697
144592000,0.3179366662315154,-0.23379113499342288,2.303828127584658,8.075942008140593,81.19915702575143,-44.97119008253603
144596000,0.3178101546957856,-0.2339369549807071,2.303743594741804,8.076282927465828,81.16273907062757,-44.978405932484314
144600000,0.3180341342112284,-0.233920535522344,2.3046752880935797,8.072527127789668,81.19868677934737,-45.002350719939095
144604000,0.3174913103819457,-0.23387466485279737,2.3021416476290804,8.08274938219597,81.12169159385037,-44.931357128368504
144608000,0.3173693662845109,-0.2340505974937531,2.302175561789765,8.082612368632333,81.08246485905806,-44.94367481609886
144612000,0.3174629937409697,-0.2350204278813385,2.305732239325491,8.068270920878083,80.98221352794873,-45.10157776925091
144616000,0.31611587533207364,-0.2345043525217908,2.298157027729531,8.098882001919023,80.83938910851121,-44.864919539017706
144620000,0.31669770716368745,-0.2338330181644688,2.29852861408512,8.097374635305602,81.00625386163019,-44.83167707769417
144624000,0.3174418777845684,-0.23491726238725785,2.305304201618176,8.069993994543822,80.99120689761735,-45.08348039477106
144628000,0.31912197136519926,-0.23504975134869502,2.3131359008458294,8.038591509473997,81.22999965569754,-45.30264965431207
144632000,0.31673217038569706,-0.2339582229978481,2.2990841611039246,8.095122140015162,80.9967648278373,-44.85469531748356
144636000,0.3163131862678148,-0.23402826101412272,2.2974780305346765,8.101637956399983,80.92510349404441,-44.81609660795311
144640000,0.316019648415164,-0.23397127182413716,2.2960116055339768,8.107596832796812,80.88737510553818,-44.773048740665935
144644000,0.31630796841741815,-0.23405813282605997,2.2975518255382363,8.101338335483991,80.92080833684574,-44.82000452231284
144648000,0.31625113458386545,-0.23415296903989383,2.29761022149111,8.101101254297863,80.90108038280057,-44.82768187631026
144652000,0.31583513953136233,-0.23424304620409414,2.296085276160825,8.10729724518683,80.82762786329602,-44.79251105846422
144656000,0.31525194857784644,-0.23402281574794026,2.292831540143991,8.120551485523062,80.76530770039162,-44.690985898585645
144660000,0.31545731032328395,-0.23438703217153384,2.294903934507578,8.11210412930434,80.7537060630658,-44.769995460801
144664000,0.31563676756807973,-0.23415998869076735,2.2949514059802096,8.111910849885746,80.80738678787745,-44.75672385565401
144668000,0.31548628046338895,-0.23453757039517223,2.2955176998926423,8.109605953260846,80.74044866030901,-44.796103140082636
144672000,0.3148163714292777,-0.23414220313595854,2.291322804597864,8.126713164111138,80.68561991670506,-44.65812913439672
144676000,0.3150860233899344,-0.23466460844446502,2.2941863269556078,8.115027060979594,80.66522727909133,-44.76840222843304
144680000,0.3151834237287637,-0.2344039587900575,2.2937659802398307,8.116740249846163,80.71040176444637,-44.74049941292586
144684000,0.31526670733282,-0.23483799969348867,2.2955350892415742,8.109535198353795,80.67215580776225,-44.81567935159
144688000,0.31455118329115844,-0.23432761569448543,2.2907703321273045,8.128971970564393,80.62400274591647,-44.65513743664722
144692000,0.3143952909477695,-0.23488837120509776,2.29190974011413,8.12431492768095,80.53509039954614,-44.72135964679288
144696000,0.3146238288315878,-0.234647968204358,2.292122892196328,8.123444357261585,80.59755253396436,-44.711870128654674
144700000,0.3146555266123035,-0.23493652501406273,2.2931960980865536,8.119064132186686,80.56861006889521,-44.75900327009639
144704000,0.31410595731546925,-0.2344542338251362,2.289248304982024,8.135201809276445,80.54219340449721,-44.622300285207615
144708000,0.3141633505597488,-0.23501810883405475,2.291324207947933,8.126707428169883,80.48507906948095,-44.71379086988134
144712000,0.31423577063660785,-0.23460576859660626,2.290301745829032,8.130888860189208,80.54406686493651,-44.660234277612076
144716000,0.31434663743028257,-0.23496690228972525,2.2919532839341126,8.124137066756237,80.51860549988884,-44.72748782350687
144720000,0.3137439015504838,-0.23463375613251594,2.288260846823564,8.139249071581329,80.46683167360744,-44.60714132151228
144724000,0.3136533868794065,-0.2349353056104855,2.288846037689457,8.136850048019141,80.41812685468182,-44.64190819044403
144728000,0.31379351271170003,-0.23470838507077402,2.2887173458043235,8.137377497733901,80.46560061456547,-44.62413427267426
144732000,0.31373373179635083,-0.23455711106707172,2.2879686991593617,8.140447315392178,80.47422290931907,-44.59443544331311
144736000,0.3132659062694646,-0.23447185015976738,2.285669341894901,8.149891352250062,80.41382075978754,-44.527234222260965
144740000,0.3131030866022385,-0.23462164469151442,2.285450578071863,8.15079109441587,80.37197115738276,-44.53082507434006
144744000,0.31304267033496025,-0.23441070504265146,2.284507336780764,8.154672942444286,80.38738140245233,-44.492134639741096
144748000,0.3132115225977412,-0.23489505327044752,2.2868045080644706,8.14522600535379,80.35648370967733,-44.584459688304285
144752000,0.3127075440666941,-0.23461995047321016,2.283738009617824,8.157841995454358,80.31280392320322,-44.484678012316124
144756000,0.312367710959258,-0.23467863061239408,2.282463249994072,8.16309887159479,80.25504184241872,-44.4541004503757
144760000,0.312431570864704,-0.23474428751635154,2.2829508392216806,8.161087284662052,80.2570091619222,-44.47133916282464
144764000,0.31267170358470253,-0.23479718958304224,2.284157168901474,8.156115044973854,80.28687654350065,-44.50710470020145
144768000,0.3123165878445743,-0.23479826248062444,2.282630292778307,8.162409603955517,80.23352510220208,-44.46610877944612
144772000,0.3117393729125003,-0.23481770551492018,2.280210129678284,8.1724081239286,80.14483866875172,-44.40223833539232
144776000,0.311703115529158,-0.23521002563945906,2.2813253647281524,8.167797444944588,80.09405446497223,-44.456725835352195
144780000,0.31186765211776235,-0.23530303372230693,2.2823343511791014,8.163630831352407,80.10788714169418,-44.48966924728755
144784000,0.3119172708044689,-0.23589361325791827,2.2844665696940516,8.154840806124895,80.04687144186762,-44.58363085667951
144788000,0.3112683836670635,-0.2354847509656097,2.280349928474762,8.171829852353701,79.99736070036421,-44.44749650626407
144792000,0.3113127873956013,-0.23601554693671395,2.2822656838819424,8.163914248637026,79.94259793655466,-44.53178854068588
144796000,0.31137946742069006,-0.23582085540401082,2.281918628712855,8.165347006529501,79.97506741183761,-44.51048164864789
144800000,0.311339548089557,-0.2362283698696996,2.283073498732197,8.160581410774512,79.92194669140056,-44.56659242165807
144804000,0.3160904863177954,-0.22670344543746296,2.273230478767189,8.201391203840863,81.74231772603883,-43.670159196364274
144808000,0.31561430963209947,-0.22731217801714032,2.273062264223122,8.20209243964563,81.59881502534408,-43.70929095815118
144812000,0.31501177749554643,-0.22642580262958983,2.267678410194191,8.224604295544884,81.60765077694145,-43.50347492167281
144816000,0.3151979910394037,-0.2271950521964682,2.270887676284116,8.211169242489513,81.54814710060111,-43.64340021757947
144820000,0.3152172200854246,-0.22703079136581622,2.2704575234936133,8.212967269931827,81.56996683895667,-43.62030496028066
144824000,0.3149163780002547,-0.22744596272343048,2.270451431828445,8.21299273900318,81.47600095013374,-43.64968691536016
144828000,0.3145500590944666,-0.22666463455601013,2.266422958705373,8.229872885910863,81.5091405576167,-43.4874518274636
144832000,0.31470972979876577,-0.22738029125184048,2.269350297698963,8.21759933539591,81.45175467291745,-43.61588010627445
144836000,0.31458289317667903,-0.22669976650767626,2.2666746589275992,8.228816027467916,81.51017923773615,-43.49661925532066
144840000,0.31474717432687593,-0.22735404237306794,2.269430364722651,8.217264187862243,81.46052303460532,-43.61613729215383
144844000,0.31394500795256086,-0.22671307647457703,2.2639582384974783,8.240237368973627,81.41046904011523,-43.425777907598984
144848000,0.31419235720819766,-0.22754284141627024,2.2676200457966607,8.224849065316782,81.35363118650858,-43.58157682357086
144852000,0.314061775661259,-0.22684557903377245,2.264875969707142,8.236374910471842,81.41330122021914,-43.459491467731134
144856000,0.31409876072548376,-0.22756921452750162,2.267298004685195,8.226199929057547,81.33624277428173,-43.5749112200897
144860000,0.31360528706548124,-0.22690466422339384,2.2630897452373495,8.243896184209515,81.33638397829242,-43.41647385292743
144864000,0.3137936011529862,-0.22760363775130935,2.2660875310272255,8.231281758842403,81.28547789898535,-43.54528375709598
144868000,0.31364989819675876,-0.22669709536022944,2.262634706684493,8.24581457815096,81.36690772329567,-43.38965832318579
144872000,0.3139070980628576,-0.22755795043167362,2.266434591042742,8.229824036725043,81.30811561723749,-43.55125316198261
144876000,0.31354225622234655,-0.22714026439178323,2.26355356080733,8.241941773601898,81.29982973565868,-43.44546814583474
144880000,0.31304397151089985,-0.22755087040966782,2.2626903724488443,8.245579845757648,81.17658794332401,-43.451611931443054
144884000,0.31320468257170503,-0.22689164921812824,2.2613225181466188,8.251351998580889,81.27634050349074,-43.368824225082676
144888000,0.3132200957102627,-0.22783816561940257,2.26434870026212,8.238593555824485,81.17078848139803,-43.51570516810618
144892000,0.31300125643701465,-0.22735650567936913,2.2618985120065833,8.248920327837887,81.19219221313361,-43.41696207375896
144896000,0.31230355344107813,-0.22736178489129344,2.258915803395921,8.261529098432728,81.08473369550461,-43.33839323169489
144900000,0.31226811875377275,-0.227162213407879,2.2581402522015575,8.264814363698282,81.10197685258335,-43.303816583309995
144904000,0.3127821807301742,-0.22754126264962404,2.2615337670846523,8.25045999107609,81.13758807496187,-43.420312359053064
144908000,0.3126357670338395,-0.22770489401221608,2.2614163529703837,8.250955751527723,81.0965446633481,-43.42868507882493
144912000,0.31205987131373203,-0.22724720331053425,2.2575121603771025,8.267477043265476,81.06045191751441,-43.293187765838795
144916000,0.3120062947341829,-0.22754501225021315,2.2582131800593244,8.26450531887042,81.01845170761823,-43.332656927864456
144920000,0.31208855580058253,-0.22772870259239816,2.2591408228492087,8.260576432271188,81.01015971181816,-43.37007902567539
144924000,0.31191722296911156,-0.22804790250695087,2.259405944527813,8.25945428790931,80.94771465099335,-43.39935929379791
144928000,0.3114549936131623,-0.22733191225333274,2.255185328112375,8.27735730501582,80.95835373405593,-43.237570098918695
144932000,0.31158318321538236,-0.22817146556150433,2.2583618864056647,8.263875226086073,80.88271543859788,-43.380260723115875
144936000,0.31178347936778383,-0.2276114707585031,2.25746587681719,8.267673326812142,80.97685443395905,-43.31752229029572
144940000,0.3116531725144603,-0.22810024128176296,2.258438327558363,8.26355137275209,80.90147766814636,-43.37734619815726
144944000,0.3110392681511809,-0.2276943547776833,2.254540491883035,8.280099919483156,80.85385388936537,-43.245837468208904
144948000,0.31108151198401784,-0.2283489245546385,2.2567719639298307,8.270617336905886,80.78613842381046,-43.35037391976388
144952000,0.31127491978789074,-0.22775125486472492,2.255726007635397,8.275059193665932,80.8833590373739,-43.281201916578816
144956000,0.31107243363878906,-0.22845871708078175,2.257077788135786,8.269319562813855,80.77230515340662,-43.3660583838207
144960000,0.31059665834089834,-0.2278495657158746,2.253136238810529,8.28607924538414,80.76883354274287,-43.21943357596734
144964000,0.3104470329992035,-0.22856338414875293,2.254735830499429,8.27926889999987,80.66532775468447,-43.31111739307788
144968000,0.31097376569127005,-0.22776682263233658,2.2544873422170313,8.280326062523082,80.83566325084828,-43.24947559585616
144972000,0.31057650651348073,-0.22855339860339352,2.2552568526730465,8.277053217365124,80.68613785051109,-43.32425749670211
144976000,0.31055003479820137,-0.22820863640277972,2.254062117151365,8.282135802915116,80.72113210281009,-43.2688270532849
144980000,0.3100662144857066,-0.2284613592342225,2.2527924283180742,8.287544609063728,80.61900382457875,-43.25254942159249
144984000,0.31018550100223474,-0.2278172686109333,2.251282317377968,8.29398749461349,80.70987400916685,-43.16807854939575
144988000,0.3101295532621773,-0.22873790326202012,2.2539306602306177,8.28269545020621,80.59735973331786,-43.30170451309045
144992000,0.3103936329851775,-0.22830625107597632,2.253701126586949,8.28367283124284,80.68630057776167,-43.26598590012098
144996000,0.30966111821342024,-0.22830313160001645,2.2505721597979678,8.29702110462445,80.57533945665814,-43.18278992274163
145000000,0.30990622981670246,-0.22819497208527018,2.251275887769283,8.294014949547261,80.62477596966244,-43.194009849015785
145004000,0.310099017058987,-0.22833330747677172,2.2525304162194035,8.28866171173203,80.63845504961124,-43.23679957372045
145008000,0.31001365126876684,-0.2284111360819884,2.252410996002977,8.289170973632421,80.61669291680795,-43.23898186574342
145012000,0.30937509153818676,-0.2281323458954767,2.248821397809417,8.304510108064472,80.55115279689383,-43.1246258019392
145016000,0.309691728732155,-0.22821422802944377,2.2504236656820424,8.297655734752711,80.59001367745107,-43.17273948495165
145020000,0.30971231762129714,-0.22888414924214248,2.252614023365626,8.288305213008737,80.51752885739525,-43.27672985670151
145024000,0.3096862634614444,-0.2283816120934797,2.2509251849527465,8.295512774118484,80.5703057237379,-43.1975424134708
145028000,0.308964600504252,-0.22810568348347346,2.2469956972150547,8.312335163567274,80.49184700247456,-43.07439527879563
145032000,0.30955682916681837,-0.2289765865559519,2.2522434033583445,8.289885778026203,80.48351982101529,-43.27317907188155
145036000,0.3094046801021707,-0.2283786305345226,2.2497189321534403,8.300669029272854,80.52790194559984,-43.16534247189913
145040000,0.30900980211264767,-0.22814610470479665,2.247313984306748,8.31096982626113,80.4941605631698,-43.085610346187536
145044000,0.3083752057935363,-0.22828856970544242,2.2450715882678405,8.320599182601965,80.38195284628844,-43.03592031403702
145048000,0.3090514146027803,-0.2285329282403858,2.24870306375933,8.30501681441767,80.4569475377416,-43.14895327987807
145052000,0.30827382674709164,-0.22839939340663193,2.2449899133158673,8.32095036625806,80.35416417344831,-43.04132643302279
145056000,0.30867927962370567,-0.22832875778913464,2.246485044415726,8.314526688647213,80.42351040447598,-43.07615443804861
145060000,0.30843973213124776,-0.22818670464968638,2.2450256296434015,8.320796790277797,80.40316025363119,-43.027728452190885
145064000,0.3084782379943566,-0.22839535956307483,2.2458423412248423,8.317286689800815,80.3855705479543,-43.063661772214274
145068000,0.3085244043616644,-0.22792020527514728,2.244550059033025,8.322842187555729,80.44589745236547,-42.99682579136802
145072000,0.30851596402113807,-0.22834414487611437,2.2458415518670822,8.317290080801424,80.39703642654312,-43.060140549808345
145076000,0.30827988397907735,-0.2282855944196664,2.2446589545241062,8.322373739905887,80.3678492321106,-43.024774422297746
145080000,0.3077408390047092,-0.22827421699501552,2.242345305414942,8.332338830869212,80.287529834717,-42.96264395327672
145084000,0.30795484956481395,-0.22789899140891634,2.2420750390622763,8.333504566418819,80.36193378283225,-42.92979035911308
145088000,0.3079725402516393,-0.22850260301199812,2.244039592025232,8.32503887557426,80.29699413688232,-43.02315161849645
145092000,0.30802483199532704,-0.2280749355952018,2.242921029174215,8.329856739838458,80.35283480032591,-42.9642793215602
145096000,0.30755086006359794,-0.22795239644534432,2.2405366156976436,8.34014691174965,80.29477978007957,-42.89269143711468
145100000,0.3077890442507986,-0.22781891469797222,2.2411245307209597,8.337607167063846,80.34577257082168,-42.899107845545785
145104000,0.30755349737931764,-0.22820671958821967,2.2413433587431135,8.336662272790479,80.26674237417498,-42.93146955922871
145108000,0.3079235895256717,-0.22821219312858976,2.2429228724219086,8.329848795684589,80.32213100927835,-42.97372209296248
145112000,0.3070590508045443,-0.22771513727269901,2.237722792753791,8.352325480377507,80.24683286745174,-42.80188010274478
145116000,0.3072966226209632,-0.22786120481088046,2.239179690536786,8.346015076060286,80.26648748538479,-42.85048947965407
145120000,0.3073036689919493,-0.22827187682098768,2.240493879395218,8.340331593962985,80.22168017913846,-42.91338932604923
145124000,0.307474276432102,-0.22811094926414555,2.2407094961911556,8.33939990946187,80.26546753076231,-42.90812376136458
145128000,0.30665711195510525,-0.22763910424405073,2.23579458784385,8.360693107675472,80.19449836215159,-42.74560177322344
145132000,0.30723810934287854,-0.2279884857174349,2.2393309664835828,8.345360427516127,80.24342418652772,-42.86321383350584
145136000,0.30697902989486897,-0.22777699557504197,2.237579104443162,8.352948407925725,80.22782941281805,-42.80231768370721
145140000,0.3071480385686391,-0.2278921112597229,2.23865030007743,8.348306890034872,80.24055667195024,-42.83858180944579
145144000,0.30634764905025774,-0.22771604932320774,2.234734599254483,8.365300717920135,80.13915601046043,-42.722805492380985
145148000,0.30679587606404496,-0.22805161814877722,2.237666617278076,8.352569004301792,80.1695229297842,-42.82341854696507
145152000,0.3067017753508184,-0.2279012099992947,2.2368007591306345,8.356324482885011,80.17206449318225,-42.79020189488304
145156000,0.30695440621674636,-0.22929943081094334,2.2422471800881687,8.33276203271602,80.05405286488114,-43.029377235893726
145160000,0.3059390724206318,-0.22778707771385084,2.233242056096328,8.371797851287386,80.06955419615079,-42.68813078589048
145164000,0.30630171164788744,-0.22794944605742737,2.2352705728989104,8.362970238627417,80.10625781326212,-42.75295167239057
145168000,0.30469022921363437,-0.2282285692805597,2.229397308044592,8.388584421807876,79.83243699336286,-42.61621594601165
145172000,0.30639249753718967,-0.22775084227868603,2.235031528956143,8.364009458428152,80.14206360056053,-42.73305074652535
145176000,0.3060845911910548,-0.22797694392995868,2.2344452881431605,8.366559259162942,80.07042331310497,-42.73295739821517
145180000,0.3056800538822157,-0.22763013033869167,2.231666985129491,8.378666023778662,80.04787136805749,-42.635695654865316
145184000,0.30588585602070983,-0.22763753952040028,2.232552361981821,8.374803803514206,80.07812051001349,-42.659645470675
145188000,0.30574481001119314,-0.2279542692814527,2.232949960370951,8.37307063325553,80.02167735272812,-42.69178953083202
145192000,0.30574000024604003,-0.2281089969470995,2.2334133084624503,8.371051827484528,80.00377122230016,-42.71458799782298
145196000,0.30556894377117916,-0.2274635690407448,2.230682498960388,8.382965086829369,80.04956026350149,-42.598234719456606
145200000,0.3055017884087113,-0.22781956509993495,2.2315116525580296,8.379344016072421,79.99996918959481,-42.64451074095454
145204000,0.3049008062615845,-0.22956805982319264,2.234477714397863,8.36641818042828,79.71550554503757,-42.84070130595681
145208000,0.3050587480086889,-0.22931436337031572,2.2343401193699646,8.367016858109743,79.76738951337475,-42.82020419311556
145212000,0.3050516160278158,-0.22981674965863297,2.23589109632145,8.36027387116205,79.7104518374864,-42.89474603517739
145216000,0.3042663043636897,-0.22922644185579255,2.230755730157825,8.382645136699043,79.65830860573955,-42.71909341914419
145220000,0.3043427038823112,-0.230239421061384,2.2342630639807672,8.367352167346954,79.55736079980646,-42.87917615650492
145224000,0.3045339801500309,-0.2297724915717253,2.2335892735664555,8.370285422700107,79.63783931045774,-42.83057473715931
145228000,0.30424443092875114,-0.23021270364914917,2.233768935747944,8.369503071337775,79.54564113180582,-42.86426672908371
145232000,0.30379255639318636,-0.22979343338771063,2.2305652637319797,8.383477347129011,79.52459828694235,-42.75148509519494
145236000,0.3035766916039268,-0.23009919090904066,2.230630377090635,8.383192825449878,79.45848747523715,-42.77325710560351
145240000,0.30367357794445204,-0.22973864332040192,2.229897765543479,8.386395270700737,79.51287906460578,-42.73012223346057
145244000,0.30369846908914766,-0.2299965865106707,2.2308135725812415,8.382392439341626,79.48803775059426,-42.77142208439941
145248000,0.30346392244551584,-0.23019990806519458,2.230479030342362,8.383854187656524,79.4305020347005,-42.77580247361907
145252000,0.30295765073774006,-0.2301058804113475,2.2280799712514123,8.394352734319094,79.36538174732503,-42.70577690612923
145256000,0.3030891128987423,-0.23001214855141805,2.2283302214770138,8.393256289528054,79.39534792753464,-42.706323778589756
145260000,0.3030847599908533,-0.2304840208109162,2.2298002985135112,8.386821524250227,79.34251559587781,-42.77619622143045
145264000,0.30265809149119927,-0.23068688871830836,2.2286709953073482,8.391763720950996,79.25655112419618,-42.75921361023933
145268000,0.30227245158896904,-0.23018833074211725,2.2255004612807885,8.405672585627308,79.25418798132706,-42.64244093644722
145272000,0.302390502077268,-0.23039286022495772,2.226634067498785,8.400693852428633,79.24920348853391,-42.68590631605643
145276000,0.3028208734417276,-0.23033265880861625,2.22822761466594,8.393705813074684,79.31993666862888,-42.724464510136904
145280000,0.3023943012847731,-0.23088584766450473,2.2282068862479485,8.393796631195972,79.19533548797396,-42.75964861436394
145284000,0.3018200762226546,-0.2299114136222908,2.222757912504932,8.417744030393287,79.21732994261767,-42.55140828294493
145288000,0.30176945749494777,-0.2307752893960152,2.225272756224133,8.406673419674627,79.11470617998944,-42.67427714787044
145292000,0.3020713379191303,-0.2306125011752471,2.2260064846404317,8.403449375194374,79.1775023930801,-42.683369434379074
145296000,0.30172875343450356,-0.23106025891670898,2.2260055604808486,8.403453434329384,79.07725215399901,-42.712088532436596
145300000,0.30110300828660824,-0.22999883767818727,2.2200747528185585,8.429590269915302,79.10106925469503,-42.48565414310404
145304000,0.30138539949838455,-0.231109481715102,2.2247436947537955,8.408999799462716,79.02090621023467,-42.68155109161818
145308000,0.3018410585516117,-0.23040154428703252,2.2243887464918526,8.410561349070829,79.16651589571133,-42.62663265589281
145312000,0.3015726680117623,-0.23092382740998713,2.2249294496353116,8.408182843430925,79.06912980596688,-42.674643574476086
145316000,0.30117836273616183,-0.22990645394351922,2.2200945713895255,8.429502638589776,79.12240530182733,-42.48018771117857
145320000,0.30087008949089117,-0.2310175900899453,2.222328975981891,8.41963539063029,78.95465140355549,-42.61124055820271
145324000,0.30114841116062235,-0.23038913971971559,2.2214912909678217,8.42333173465901,79.06497229278054,-42.54861605718821
145328000,0.3008042333202866,-0.23095369227608328,2.221855827265011,8.421722763059957,78.9519163216458,-42.59453878273134
145332000,0.30052105207783164,-0.2302590536652982,2.2184989354049787,8.436564314625935,78.9861344916387,-42.46049913612894
145336000,0.30041326707329236,-0.23092970831687967,2.2201717267341414,8.429161501247073,78.89665023256373,-42.54807079703047
145340000,0.30067247912103545,-0.23006620339613534,2.218514415756875,8.43649574325942,79.0297319534861,-42.44846608989285
145344000,0.30077830668502487,-0.23065485598454505,2.220805218580102,8.42636168250905,78.98088755424178,-42.54740424676879
145348000,0.30065233831374294,-0.23019004106270435,2.2188214543775087,8.435135941012113,79.01317508158859,-42.46464197514357
145352000,0.29971155465526716,-0.23049758444304097,2.2159274734379597,8.44797149099186,78.84008694820956,-42.407280911759855
145356000,0.30020762758848063,-0.2299175940167107,2.216136505440757,8.447042970001062,78.97699532092777,-42.37554111300588
145360000,0.30029464322507476,-0.23064143788389746,2.2187739953685437,8.435346095005634,78.9106844724648,-42.49237959584559
145364000,0.3002289446364232,-0.2304223147832905,2.217813070030606,8.439603612005598,78.92494667706062,-42.452719955965854
145368000,0.29961849390542866,-0.23018726358585143,2.2145685618772317,8.454013149364823,78.86019860996119,-42.35117039077142
145372000,0.299800839046589,-0.22989324481745285,2.2143909908179085,8.454803310208172,78.91931190338072,-42.32749849735033
145376000,0.30021025894266856,-0.23010978617183678,2.216751947744126,8.444310449462542,78.95637182688625,-42.40434148369369
145380000,0.3000873215236953,-0.2301884781455359,2.2164949616854206,8.445451217802994,78.92953721403622,-42.40256659432977
145384000,0.29902110230561113,-0.22957309932593997,2.2101937860845897,8.473526621973326,78.83859954099157,-42.19510274378381
145388000,0.29932286709538125,-0.22997717828931238,2.2126971264805793,8.462348726880476,78.83932366781531,-42.28781377094127
145392000,0.2995973453257235,-0.23010841468134854,2.2142337691545215,8.455503052602346,78.86567088037754,-42.33718281225291
145396000,0.2994235344622151,-0.2301725883300949,2.2137238854417074,8.457773238011455,78.83292859645152,-42.327725945558754
145400000,0.2988076314210608,-0.22948433071483307,2.2090432141798884,8.47867483231116,78.81661473036033,-42.15875120868385
145404000,0.2989639176549585,-0.2301797861288023,2.21186644048884,8.466054373497414,78.7641232607692,-42.27870590352678
145408000,0.29937170457339285,-0.22983916122377138,2.212463178498311,8.463392002794984,78.86159672279602,-42.272687954587234
145412000,0.29908466582232796,-0.23011237337142776,2.2121479478609785,8.464798192060895,78.78932981332966,-42.28188042572993
145416000,0.2987519278513435,-0.22931525976525663,2.208285743339664,8.482067803544936,78.8267176129241,-42.12764838496483
145420000,0.2986818608275679,-0.23029521096056202,2.2110775450309847,8.469576835071953,78.70985475870282,-42.265074149281205
145424000,0.29874289377491275,-0.23003481269229106,2.21050750263942,8.472124072893312,78.74720352342636,-42.233210307977274
145428000,0.29854526677856597,-0.23028225870585206,2.210479231667444,8.472250444891232,78.69107744641705,-42.24830282853825
145432000,0.29809008343695853,-0.2296089271805214,2.2065077453580515,8.490043580510623,78.69687573077763,-42.09935045899117
145436000,0.2970867792407724,-0.22974419655565753,2.202853632680364,8.506486163058607,78.53402134745788,-42.01079819304535
145440000,0.29824409282784164,-0.2295821111471538,2.207051040795998,8.4876047399886,78.72256534745543,-42.1120762970597
145444000,0.29808866590126026,-0.2301405924944255,2.20817192769648,8.482577875828994,78.63901367486811,-42.177775720128245
145448000,0.29807128708375885,-0.22974426921315036,2.2068559058694346,8.488480522211287,78.67942826647501,-42.11732711007508
145452000,0.2973778051821967,-0.2301154531780131,2.2052011590591287,8.495915008982202,78.53681995240169,-42.097031365594034
145456000,0.29770439712343955,-0.22953150457114108,2.2046953051343174,8.498190525689086,78.64822889792583,-42.04614327415008
145460000,0.29741881029064116,-0.23034610860344773,2.2060932360345014,8.491905319897285,78.51789518401877,-42.13548195588727
145464000,0.29745446864781405,-0.23011154988943172,2.205500373076941,8.494569652945769,78.54855085180472,-42.104753289962225
145468000,0.2964792626264213,-0.2299118273516374,2.2009175583015343,8.515225883523176,78.42636217795274,-41.96996341385349
145472000,0.29705762900633487,-0.22981664291423673,2.202962715491921,8.505994323266368,78.52189618554671,-42.01833882994169
145476000,0.2974224402788083,-0.23034450030238304,2.2061029247762827,8.491861793546901,78.51860448506565,-42.13563800901899
145480000,0.29709886374593764,-0.2303149644935434,2.2046959748294372,8.498187512285444,78.47411400213763,-42.09626287194776
145484000,0.2961103791694472,-0.22975552607623262,2.198934815125232,8.524196378854585,78.38886123722074,-41.907210282600744
145488000,0.2965964575311785,-0.23025024922750423,2.202455429317611,8.508282129618522,78.40711455201907,-42.03244417054892
145492000,0.2963683996537045,-0.23053168760703732,2.202417541316662,8.508453053727152,78.34318252194993,-42.049234919355065
145496000,0.29625776245539964,-0.23042213348587265,2.2016250306783225,8.512030005248127,78.33873447599007,-42.02118819812971
145500000,0.29552614029711527,-0.22994288366886062,2.1971634552611743,8.532227782632738,78.28274407434708,-41.87196400708269
145504000,0.29573760136611305,-0.23055376427271682,2.1999369701540443,8.519659796516589,78.24811065772559,-41.98447159802668
145508000,0.2962426329188076,-0.23040938489107876,2.20152371166821,8.512487536737805,78.33788465197244,-42.017681723922436
145512000,0.2959816036345303,-0.2304406018344843,2.2005664980586928,8.516812695872575,78.29614613183684,-41.9941315174353
145516000,0.29514038811764176,-0.22988490441699558,2.195426656489871,8.540118359419056,78.23226678425513,-41.822033630426226
145520000,0.29536914360141364,-0.23057778230285178,2.1985258580128266,8.52604915499444,78.1914394769889,-41.94834437976174
145524000,0.29565347875484294,-0.2302976388686494,2.198791632838273,8.52484496592851,78.26332214744602,-41.93779532237431
145528000,0.2954092388070723,-0.23067601747826583,2.1989968287090953,8.523915502790844,78.18675504535562,-41.96707049814414
145532000,0.29558601291519887,-0.23041126459062908,2.1988766822053587,8.524459696493837,78.24118741645744,-41.947228060468156
145536000,0.29495520909840073,-0.23030026295956402,2.1959852977083187,8.537578638034788,78.16051575286718,-41.86315658211567
145540000,0.2952630561259555,-0.2298945744133611,2.1959511865384442,8.537733669129688,78.24925663485256,-41.83661510750727
145544000,0.29500090254702416,-0.229944871642125,2.1950531382056395,8.541817376018788,78.20534377160314,-41.81588518893409
145548000,0.2949271716815262,-0.23006309174511919,2.1951274175820976,8.541479444496217,78.1818407866422,-41.82533975573266
145552000,0.2943768536141534,-0.2301004827518932,2.1930322348008424,8.551022495846171,78.09708946763298,-41.771875365178666
145556000,0.2947408287071628,-0.22978449671017537,2.1935036783681716,8.548873177805431,78.18432891405418,-41.764464333945305
145560000,0.2945838109112185,-0.2301836241643104,2.194124860676777,8.546042978804564,78.11853839257842,-41.80622722584896
145564000,0.2946523537082675,-0.22985425490198094,2.193366670999674,8.549497676147578,78.1638684306676,-41.76523539613874
145568000,0.29372761396109787,-0.22965112096907822,2.189019004992544,8.569366222019639,78.04989039367085,-41.63662837478451
145572000,0.29432926182396585,-0.22955210611210775,2.191121772829034,8.559744276715316,78.14874318563622,-41.68631672317437
145576000,0.29437032400542873,-0.22965096544261532,2.191596282517497,8.557576217846178,78.14420790254506,-41.705220261916956
145580000,0.29439152143564573,-0.22989814656423152,2.1924562312389875,8.553650088444794,78.12088913322373,-41.74376561888653
145584000,0.2932903303148495,-0.22917481345520885,2.185778880814453,8.584238355771312,78.03647271642534,-41.520211211093695
145588000,0.2940528888871699,-0.22968618934770507,2.190432679103545,8.562894893720848,78.09385709165666,-41.676478947343924
145592000,0.2939359843490035,-0.2297937262403073,2.190300866388695,8.563497842193017,78.06522946223474,-41.67977071146095
145596000,0.2937427190551809,-0.22963887377849462,2.1890411585593084,8.569264728923104,78.05341129697229,-41.63644318737807
145600000,0.29300189489578243,-0.22901939465036686,2.1841407929934906,8.591778401811931,78.01067621100594,-41.466769660305
145604000,0.28998165792469693,-0.23378971126681994,2.1871878700953324,8.577764265443783,77.06497587812576,-41.83903747591052
145608000,0.2899699530341069,-0.2350138949299442,2.1910550735877807,8.560049124016402,76.93292772370773,-42.01371740067024
145612000,0.29059484567170796,-0.2342594679951748,2.1911148083865903,8.559776106438331,77.10320596679375,-41.971966553379694
145616000,0.28977538484395104,-0.23481228028544437,2.189639774530531,8.566523246048774,76.92650156823615,-41.96405000035533
145620000,0.2897957685585817,-0.23383088389884596,2.186584368646852,8.58053597065364,77.0338469331968,-41.8252037912707
145624000,0.28944070668701777,-0.23499210495027412,2.1888939687209956,8.569939104794312,76.85935568307525,-41.954200451883274
145628000,0.29019153047301466,-0.23444667917056136,2.1901157092305676,8.564344958030627,77.0252271038522,-41.95588520552634
145632000,0.289424157178717,-0.23492254850910257,2.1886057666461176,8.571259884763334,76.86438652427596,-41.9424686307871
145636000,0.2891755447242839,-0.2336469285124391,2.183550493601565,8.594499032342732,76.96415951356035,-41.73292812499016
145640000,0.28899550522258766,-0.23484297872558124,2.1866604301682404,8.580186535845401,76.81141641041164,-41.88548874863909
145644000,0.28941857972659474,-0.23463454197765363,2.187661659946293,8.575589642229563,76.89422464844498,-41.900572447477636
145648000,0.2890529321478931,-0.2344374503687708,2.185589393071358,8.585109828306368,76.86271050619301,-41.83345250694563
145652000,0.2889785212519572,-0.234541359674482,2.1856283808270014,8.58493050421543,76.8410100600611,-41.840456091922626
145656000,0.2884086487913959,-0.23452913716689808,2.183346593907655,8.59543921809175,76.76064085538077,-41.778281419584566
145660000,0.2889991815024615,-0.23477149318057666,2.186446052947631,8.58117148663152,76.81953649715383,-41.87563667060465
145664000,0.28859933222376266,-0.234373929005255,2.1836004522303103,8.594268705950338,76.80440446364295,-41.77624204685657
145668000,0.28859110287133233,-0.2347242498571338,2.1846881433884078,8.589257380844352,76.76609325336847,-41.82556089235245
145672000,0.28777740188340856,-0.23411910599985708,2.1795588714241036,8.61294498693779,76.71358888829262,-41.652809426448634
145676000,0.288374278872952,-0.23453795046782075,2.1832396639983807,8.595932362969917,76.75478490075564,-41.7759035122132
145680000,0.28819749576997,-0.233973603588637,2.180743364821702,8.60746232305656,76.78915631181238,-41.67632963068491
145684000,0.28800453589142205,-0.23463925300892202,2.182111251951258,8.601140160922178,76.69113532110015,-41.7512678845689
145688000,0.2874790311125717,-0.23374029107378516,2.1771823722970525,8.623967883686825,76.7107944259751,-41.56708260469068
145692000,0.2878846594592229,-0.23473901835920197,2.181959919817373,8.601839100890288,76.66343506202035,-41.752857600124436
145696000,0.2877976045834195,-0.23410095051668292,2.179580177622251,8.612846300290451,76.71839883026585,-41.65234181326477
145700000,0.28757592485056316,-0.23481292880467264,2.1809857943886084,8.606341119118527,76.61148855154701,-41.730782948164574
145704000,0.2871106917563414,-0.23393479780424772,2.1763604436679445,8.627787329597075,76.63757127287998,-41.556149443633785
145708000,0.28768487654702535,-0.23508641649026532,2.182288561928146,8.600321396246338,76.59813656445831,-41.7813707436306
145712000,0.28770694678243613,-0.2342653476771062,2.1797492992428444,8.612063044694118,76.68806327163844,-41.66631003181288
145716000,0.28703404416495637,-0.2347986323418136,2.178818704558809,8.616374830438216,76.53560703541608,-41.67153737328077
145720000,0.2867062948823191,-0.23415439930441825,2.1754801572607247,8.631882017881235,76.55663812398917,-41.54500925116151
145724000,0.28680504545732244,-0.23512286777612948,2.1789614683351806,8.615713050643649,76.46874607123891,-41.69364080735574
145728000,0.2871021929896045,-0.23476725869807655,2.1789848886685768,8.615604496454685,76.5486450528372,-41.674245872069676
145732000,0.2865312022433022,-0.23513187230161067,2.1779208003171266,8.620539574833268,76.42876857971508,-41.66605906579939
145736000,0.2862292540772257,-0.23479417517659196,2.175662045095122,8.631035614842899,76.42128246031292,-41.586154811740705
145740000,0.28603914888163595,-0.23518695595038208,2.1761783282802716,8.628634102250114,76.35289957381573,-41.62210544138575
145744000,0.2863718363203415,-0.23520687829997736,2.1775391975033074,8.622310879004724,76.3981668280873,-41.65995648094906
145748000,0.2859081057799263,-0.23484986075956363,2.1745888885542364,8.636032073468558,76.36967472815631,-41.560338038219655
145752000,0.28575737897912395,-0.2350708098107784,2.174709167285499,8.635471762274609,76.32500905361537,-41.57595934998023
145756000,0.28532425482961793,-0.23490693070640134,2.172500573990742,8.645772906976696,76.28058667478577,-41.507194310205016
145760000,0.2856913283911329,-0.23536312678424348,2.1753885914101083,8.632308181437962,76.2849013391563,-41.61059556770829
145764000,0.2852164687544704,-0.23489201180421704,2.172034187015144,8.647951591051896,76.26682014847584,-41.493775545045104
145768000,0.28526768634114236,-0.2355375702465379,2.174300834823568,8.637374273949186,76.20638983893882,-41.59088073138303
145772000,0.2838375327656416,-0.23466497347241483,2.165968014857905,8.676397721050304,76.09463621614222,-41.317432588926394
145776000,0.2852001836892759,-0.23538030481993966,2.1735343541931846,8.640947925888842,76.21330867566358,-41.56146432961125
145780000,0.2848512204597176,-0.2346771972344555,2.1699301601530743,8.657795139303984,76.23736746312181,-41.424990757231335
145784000,0.285256293680467,-0.23510116361768243,2.1728581037119317,8.644103543128987,76.25055883018426,-41.52768751361279
145788000,0.2840783446627866,-0.2342840283360263,2.1656830413063544,8.67773902845835,76.1685307813479,-41.28841671477183
145792000,0.2847639241909993,-0.2353862362388706,2.1718604607768404,8.648763440802668,76.1507536813897,-41.51657349522286
145796000,0.2846809102166491,-0.23452856878720985,2.1687953269591573,8.663114447859838,76.22868559063957,-41.38605189528725
145800000,0.2843495801079506,-0.23537143647532668,2.170207818621597,8.656494745035861,76.09352777345008,-41.471106475079374
145804000,0.2838402653693606,-0.23425199058730029,2.164660993693049,8.682553272583965,76.13803332129683,-41.25907107793552
145808000,0.2840830673744115,-0.2355012680370761,2.1695927747248587,8.65937582941185,76.04217912149615,-41.46164402119588
145812000,0.2843374759073463,-0.23486228281252253,2.1685314109692904,8.664352515790089,76.145023670086,-41.39759625133095
145816000,0.28393419852155855,-0.23530847133887228,2.16839947402448,8.664971594514533,76.0412258590363,-41.41877481277857
145820000,0.28333964976480164,-0.2340307940598815,2.1620248620439813,8.694997205126908,76.08991248713235,-41.17560338397418
145824000,0.28349444906908433,-0.23542101937950896,2.1670619303750045,8.671253065889283,75.96720170376163,-41.388830826159364
145828000,0.2837323846438653,-0.2352227296285648,2.16734528349651,8.669921539730552,76.02157724630284,-41.38556421713071
145832000,0.28355278596143746,-0.23543672341734095,2.1673373525009394,8.66995880285665,75.97382169227647,-41.39713747842635
145836000,0.28293136606011793,-0.23488363517261887,2.1631724447181924,8.689575268449587,75.94342250452428,-41.2541387306362
145840000,0.2828503188297174,-0.23540080158533094,2.164515055624492,8.683241169555384,75.8781862142257,-41.31888602192713
145844000,0.28311018904820956,-0.2357978310907507,2.1667886341565614,8.672537752097364,75.8735754172131,-41.40206154640529
145848000,0.2830290113061617,-0.23505214115507464,2.1640870717324776,8.685259204314494,75.93973004399193,-41.288146480321856
145852000,0.28256335705269164,-0.23529479895304656,2.16307185883242,8.690050209881393,75.84864015385743,-41.27407036511095
145856000,0.2820419829710115,-0.2350244328687084,2.160204823000343,8.703611300784662,75.80300816718305,-41.18176821817687
145860000,0.2827498778488398,-0.23565051168178977,2.1649288153440196,8.681291169129013,75.83801267246938,-41.34372537483852
145864000,0.2825637415269635,-0.2349224175423728,2.161882302367561,8.695671262300582,75.88736092363018,-41.221450431223104
145868000,0.282315845815609,-0.2351603760765875,2.1616906942984344,8.696577410502341,75.82761396755608,-41.22937485648851
145872000,0.28163747070651524,-0.234729663160375,2.157712756700404,8.715436056898847,75.77635697191846,-41.09824872769191
145876000,0.28205322898683916,-0.23570211354761283,2.1624176058689346,8.69314080060389,75.73431404126303,-41.27860833354417
145880000,0.2820019208214359,-0.23466048792432928,2.1588887242708945,8.709851806448128,75.83503446307364,-41.12616933301851
145884000,0.2815018197837641,-0.23567663213163464,2.160222404561893,8.70352800033394,75.65921723941071,-41.21783733170902
145888000,0.2813782525220393,-0.23440061871853582,2.1556710810852553,8.725149681461525,75.77370804269304,-41.02496909841418
145892000,0.281253867431461,-0.23560168521887792,2.1590333183949384,8.709165715244719,75.63204157372826,-41.181606927722804
145896000,0.2817881532160446,-0.23475951634835085,2.1583853120487544,8.712241382996826,75.7945642763507,-41.1180506155741
145900000,0.281046926585721,-0.23553311124476417,2.158022407848253,8.713964882390831,75.60998426492847,-41.15054443932625
145904000,0.28108279817821774,-0.2344012176382442,2.1545433422633478,8.730525151788468,75.73189276455133,-40.99458002296897
145908000,0.2807902226541673,-0.23569574806902752,2.1575628704021006,8.716148370470675,75.55703664023132,-41.14690957826018
145912000,0.281338639586807,-0.23490459219543186,2.157127482978424,8.718218203060484,75.71607303570279,-41.09206991716368
145916000,0.28081008752047215,-0.23541204078971892,2.1567300064516366,8.72010873667712,75.58913753507991,-41.109023715617596
145920000,0.2805022606455358,-0.2343556782591422,2.1521823972508147,8.741802071455794,75.65460461273308,-40.92837055585765
145924000,0.280681878193074,-0.2354052627867669,2.1562188999095206,8.72254103830736,75.57178397925766,-41.094833996375556
145928000,0.28101440662057287,-0.23501996073559017,2.1562564550780983,8.72236226725312,75.65841111427585,-41.074863137888826
145932000,0.28074981897287155,-0.23514116417087955,2.1556333991221375,8.725329180249489,75.60860449603172,-41.06464519605376
145936000,0.28011609740090493,-0.2346379629776999,2.15161086491838,8.744536708206411,75.57111697566232,-40.9284760912515
145940000,0.2802819380770267,-0.2351344739600561,2.153827708263348,8.733940008076948,75.54339284381277,-41.01547702807252
145944000,0.2802954032952238,-0.2351209675668333,2.15383584311538,8.733901174004096,75.5466796111984,-41.014962138829844
145948000,0.2803681792871796,-0.23468588255382192,2.1527238955357713,8.739212848304494,75.60172094710654,-40.961155249572776
145952000,0.27983785130318994,-0.2347562645207239,2.150929449298019,8.747799531263775,75.51976463146241,-40.91655069865117
145956000,0.2799254700736487,-0.23441883927794077,2.150186980871002,8.751357697293102,75.56675819945454,-40.878009824928256
145960000,0.2800729894297017,-0.23497612494292672,2.1525259839998907,8.740158987630481,75.53027284064582,-40.97167718677092
145964000,0.2801951077280804,-0.23421668774703572,2.150569498252756,8.749524149958958,75.62554351286477,-40.87718632355306
145968000,0.27976600793282747,-0.23471159193672217,2.150513747295461,8.74979133311501,75.51423618298031,-40.90288227118486
145972000,0.2794177458707297,-0.23367599970370387,2.1458953470320354,8.77198630220563,75.57126782100494,-40.72122422386331
145976000,0.279746705293628,-0.23445861931021217,2.149633907416837,8.75401025538822,75.53748251682522,-40.86526925860704
145980000,0.28001384833713716,-0.23321135934759996,2.146686993249066,8.7681731722151,75.70301738299072,-40.716576965093246
145984000,0.2795622137335953,-0.23409502455378592,2.147775390954004,8.762936536356081,75.54875569665174,-40.79511042836523
145988000,0.27951591024500405,-0.2325273597364971,2.1426310931959627,8.787747304498168,75.7024521519543,-40.56891710299507
145992000,0.279753553756707,-0.23386470235341694,2.1477702141492463,8.762961427610298,75.59933864461095,-40.7822240583273
145996000,0.28014680037421935,-0.23253767387451432,2.145061599070391,8.776006111659605,75.79075633089882,-40.63479871633463
146000000,0.27957385685277775,-0.23347238336362772,2.145841996924763,8.77224340344207,75.61412796489284,-40.70844751967039
146004000,0.2835247916806205,-0.22778272107497669,2.143127899418596,8.785344584469296,76.76003385249577,-40.29971323391101
146008000,0.28270800008521446,-0.2279333804398104,2.140453655315136,8.798294944882917,76.62680112956667,-40.23811061488293
146012000,0.28252946807135637,-0.22650038230593725,2.13534815718493,8.82313427302336,76.74671168185529,-40.013042173021006
146016000,0.28227987931287546,-0.227790674663297,2.138370000148141,8.808414031592179,76.57962906378313,-40.173959558866095
146020000,0.2831181000919168,-0.22751787012467975,2.1407442544320863,8.796885678327971,76.72832352878567,-40.219955696241655
146024000,0.2827373617118016,-0.2274293925543229,2.1390082811198377,8.80531159629088,76.68236196319191,-40.16840009594802
146028000,0.2824820970541836,-0.22640672127980796,2.134878617889108,8.8254263212844,76.74935757904527,-39.99469052406442
146032000,0.2820782412267938,-0.22712023150419494,2.1355274006070464,8.822259639732371,76.61865459266991,-40.05681370206461
146036000,0.2831451193351897,-0.22700053608767634,2.1392517126538033,8.804128994447709,76.78493015747866,-40.14794052444128
146040000,0.2826641339042031,-0.22691339145884132,2.137135774683251,8.814419849833577,76.72425513786146,-40.086425163617136
146044000,0.28242871663666747,-0.22636548662355574,2.134547265345662,8.827044590716909,76.74581562334399,-39.98331440550484
146048000,0.2817889266216576,-0.22614273090868112,2.1314137957736734,8.84237981226491,76.67584024093682,-39.88635307095377
146052000,0.28277381553228625,-0.22665374293008309,2.1367573623442935,8.816263007219977,76.76648908100962,-40.06002548504241
146056000,0.2823767326801123,-0.22643607117946465,2.134564909926052,8.826958401363678,76.73114269862722,-39.98825477877029
146060000,0.2824091069716639,-0.22625975168632564,2.1341473155097046,8.828998735236723,76.7536933031208,-39.96603001894048
146064000,0.28173621994019155,-0.22535331175857154,2.128794276705589,8.855244195166796,76.74788983179843,-39.76680646437157
146068000,0.2825941496347085,-0.22645224851782406,2.135448268718986,8.82264574722116,76.76095067798585,-40.01264039130795
146072000,0.28275121248172647,-0.22614805469948948,2.1351165056376784,8.824264914803653,76.81453926193547,-39.984537946629956
146076000,0.28221350958425206,-0.22591097298069066,2.1323277372436773,8.83790100838912,76.76069172887046,-39.89575115517699
146080000,0.28138495583849216,-0.22440103397365432,2.1245477870804828,8.876185118072625,76.79277400038934,-39.59342323437443
146084000,0.2823451357319712,-0.22607862833492764,2.1333461769085815,8.832915901790438,76.7627795921376,-39.93333949369002
146088000,0.2823392358888522,-0.2257545552373662,2.1323299806545863,8.837890020526968,76.7947194575673,-39.885816431726376
146092000,0.28217472805534793,-0.22579650709422303,2.131828395931599,8.84034743874386,76.76665173712499,-39.875256969887864
146096000,0.2813145296208262,-0.22412919629593683,2.123452241509831,8.881605095242545,76.8098323781831,-39.54690470971883
146100000,0.2820428418626782,-0.22573847347479475,2.131145723405358,8.84369444508133,76.75342114125505,-39.85352534177524
146104000,0.2825274098137502,-0.22543565795215734,2.132074922289328,8.83913944486413,76.85424644936572,-39.8586244317908
146108000,0.2821934950848106,-0.22532863802535588,2.130468224185229,8.847018807399737,76.81664126912936,-39.809364864280965
146112000,0.2814689470620837,-0.22400917877025986,2.123676822140608,8.880493445176336,76.84429462448996,-39.54496629525625
146116000,0.2815540078809523,-0.2252853364240142,2.1278902604264816,8.8596932265398,76.72835082585384,-39.738601736861234
146120000,0.2822292388649295,-0.22516241846970692,2.1300970847074656,8.848841069501832,76.83860486153776,-39.788869333133874
146124000,0.28195638175359083,-0.22485840760142806,2.128124703155053,8.858538972750786,76.82967931635196,-39.71725254981374
146128000,0.28141613360853207,-0.22352477756452493,2.122005297470482,8.888774564574991,76.88517576302448,-39.469270067378254
146132000,0.2814630179582578,-0.22469975861959385,2.1257555813267297,8.870218130337816,76.77408634014041,-39.644593544656615
146136000,0.28212285666105896,-0.2247904969306739,2.1285545554617773,8.856423488316183,76.86068129239891,-39.72417265723983
146140000,0.2819777473197821,-0.22441229554002137,2.1268469667693783,8.864833732924195,76.87769825527506,-39.65464219530433
146144000,0.2816332839405457,-0.22412178712363784,2.124646557217479,8.875696826828548,76.85686390116618,-39.5778178621466
146148000,0.28127200856589757,-0.22385715620599111,2.1224636686381135,8.886502019644503,76.83093026468393,-39.50313847017557
146152000,0.28189967734943155,-0.22460575506920638,2.1271375689712935,8.86340123017841,76.84689228876908,-39.67487706389031
146156000,0.28169696689119766,-0.22420826250822626,2.125152765944115,8.873195191057983,76.857428751049,-39.59677514298563
146160000,0.2814370232249075,-0.22416779139335571,2.124037011660049,8.878711176297726,76.82374366715314,-39.56479728707374
146164000,0.2807852938538965,-0.2233899439088744,2.119192320504838,8.90274862841375,76.80696770560256,-39.38657143817425
146168000,0.2816443201357742,-0.2246509153417428,2.12629913806881,8.867535582444466,76.80529241226759,-39.655738527713034
146172000,0.28172840788660214,-0.22425457025130355,2.125413743674346,8.8719060616554,76.85734260916487,-39.60666015808312
146176000,0.2813078818750818,-0.2240027042465066,2.1230425070267893,8.883634015740082,76.8215517159772,-39.527872679660206
146180000,0.2804328056993833,-0.22280386653524192,2.1160789003227025,8.918270956985399,76.81419120935861,-39.26623164143375
146184000,0.28111413158926163,-0.22479898698374,2.124726968849671,8.875299337833672,76.71355254891175,-39.62392293658386
146188000,0.2810690363613973,-0.22440894558606625,2.12336691617522,8.882027525718527,76.74615892703544,-39.56286948324834
146192000,0.28076459662868786,-0.22454727942704886,2.122628233194125,8.885686437629252,76.68816987412139,-39.55239654149711
146196000,0.27994146765538314,-0.22282726721285565,2.1142836091064754,8.927248356785448,76.74045935900193,-39.22074239202579
146200000,0.28031225728410475,-0.22499550795434667,2.1222736200358105,8.88744410289373,76.57780161590752,-39.57193527131977
146204000,0.28066100718788384,-0.22486784221723266,2.123210748538292,8.882800796771557,76.64103777804668,-39.58842379720464
146208000,0.2801044199368656,-0.2249714686809047,2.12141055497246,8.89172510272661,76.55016913542804,-39.547648576641244
146212000,0.279150194363317,-0.2235870476219075,2.1135841507188995,8.93075133475867,76.55021962019975,-39.25226830822712
146216000,0.2794650664176639,-0.2253148094436905,2.1200331936040304,8.898566414273319,76.42353211161735,-39.533258859922206
146220000,0.27990630498223634,-0.22526911851890338,2.1215669531411705,8.890948999892029,76.49176096562691,-39.5708054240465
146224000,0.279458154445079,-0.22506657217600357,2.119249085504929,8.90246616441308,76.44733944827709,-39.49676125816356
146228000,0.2788190766081887,-0.22429694023572805,2.1144867663550877,8.926231478506072,76.43179579567321,-39.32198429778916
146232000,0.2869022012044488,-0.2269589367425818,2.1536716950019668,8.734684854943534,77.33461110344706,-40.527018868072815
146236000,0.27990720770844185,-0.2264120316708802,2.1250708892064316,8.873599714394258,76.37729025463005,-39.73562761620599
146240000,0.28078540781398015,-0.22626824100436707,2.1279690799527056,8.859305130579319,76.51827808345065,-39.80323612432985
146244000,0.2744860129979446,-0.2326074273464153,2.1239745557225898,8.879020161484426,74.98587992768539,-40.07178980068995
146248000,0.27677578796298186,-0.22549198715145458,2.1104366617802333,8.946551406312622,76.01922663403656,-39.29117051123272
146252000,0.2785833559529201,-0.2258954131025141,2.1184736050738717,8.906326657985522,76.23860312308213,-39.528782205518326
146256000,0.27894105286432486,-0.22975214027288765,2.1317436994842986,8.840762539071196,75.9025273903926,-40.116519250770416
146260000,0.2776028060114838,-0.22531032864247225,2.1129882678777148,8.93373795029963,76.15593291763498,-39.34710010283051
146264000,0.2774330314243158,-0.22434252642228986,2.109401358491946,8.951761812415414,76.2274330831165,-39.19108189720791
146268000,0.27778491893416446,-0.22609250895363117,2.116066445538613,8.918333169886473,76.10431049752796,-39.47749181334917
146272000,0.2782449041081429,-0.22543424834065992,2.1157854743120597,8.919736900085422,76.23590902270213,-39.42874449534433
146276000,0.27738256333193406,-0.2256442634304951,2.1131804263784986,8.93277459843421,76.0911559807934,-39.3731794621157
146280000,0.27690753532975537,-0.22379278265003047,2.1057593373789945,8.970143684284709,76.20605835003698,-39.06001841455662
146284000,0.2773116969380486,-0.22599625096034173,2.113991307989471,8.928711875320026,76.04603015568253,-39.41662006002679
146288000,0.27782247751762484,-0.2254361957552224,2.1141995174731285,8.92766934063976,76.1749921899449,-39.387005761371185
146292000,0.27705898028396503,-0.22555542571317008,2.1116931766989264,8.94023654944051,76.05355009715217,-39.32832883931174
146296000,0.27659990823000863,-0.22350028121429982,2.1037200538655236,8.980472176817795,76.19056019260337,-38.987589316762715
146300000,0.27673140915745775,-0.2258045801697131,2.1112260264054914,8.942583171179237,75.9818997546722,-39.33157106953605
146304000,0.277515452768802,-0.2251909798301606,2.112295368581616,8.937213551327783,76.15522667810323,-39.321282669935194
146308000,0.2767656679430118,-0.22539914425310636,2.110115096485285,8.948169052957054,76.02696829998919,-39.276856128827426
146312000,0.27637463045160787,-0.2238929140083508,2.1040660372617106,8.978718030483936,76.11949419299144,-39.02193352583913
146316000,0.27618134228880137,-0.22555031430975236,2.1083880646763893,8.956867843014578,75.92828672548892,-39.240719134315846
146320000,0.27691002696053435,-0.225329668392853,2.110444449102214,8.946512239772034,76.05455350003119,-39.28118463623187
146324000,0.2765521868329274,-0.22534990206841882,2.1091644828433838,8.952954872054512,76.00123207555811,-39.24867114384346
146328000,0.2761172707836305,-0.2240315823668819,2.1035237442502708,8.981467804032214,76.06884774042074,-39.016545507351054
146332000,0.2761006687059381,-0.2252499821935143,2.1071691437211566,8.96301843425926,75.94639712265028,-39.18973603484384
146336000,0.27669201833573204,-0.22533390521597543,2.1096397286777333,8.950561574168963,76.02286387021888,-39.2602111164848
146340000,0.27648294406465906,-0.2252258706377055,2.108526481521174,8.956169981274204,76.00356857948309,-39.22404206502646
146344000,0.27572814835809994,-0.22473241133142252,2.1041994201004908,8.978041974449878,75.94403214240523,-39.0788430780533
146348000,0.27556151932023437,-0.22482066726919742,2.103846006293422,8.979833507901535,75.91146695954026,-39.07509163804418
146352000,0.27590307219595817,-0.22560973590920927,2.1075289924805345,8.961201707008982,75.88258750788951,-39.22173431856998
146356000,0.27599166121995555,-0.22525999546635034,2.1067920532445585,8.964923067338223,75.92979358373717,-39.18041162281284
146360000,0.2752970632135297,-0.22470181643442028,2.102497681862045,8.986675613798553,75.88527031759206,-39.032060540739124
146364000,0.27500341868932815,-0.22426292585176658,2.1000692663612,8.999027320555431,75.8862787920121,-38.940356319266776
146368000,0.27508087129021686,-0.22600715296390667,2.1056762071679507,8.9705642142125,75.72589365197804,-39.197408583630036
146372000,0.2755001953704095,-0.22548903128289458,2.1056554949472903,8.970668997578114,75.83686609477937,-39.16472144515498
146376000,0.27439910316219585,-0.22560850668547663,2.101919977644867,8.989610659984878,75.66783854553847,-39.07345417599183
146380000,0.2742475752342114,-0.22401626915370643,2.0965101447934735,9.017197062133778,75.80214719668218,-38.83104858467517
146384000,0.27409235306017316,-0.22616828227952804,2.1024931488456255,8.986698635830606,75.56913619143121,-39.12309776520962
146388000,0.2748077067257603,-0.22569523101210803,2.103704667755123,8.98055020217665,75.71762153847135,-39.125991683268154
146392000,0.2738877171558177,-0.22585468895299324,2.1007739894483244,8.99543906844642,75.57078280403819,-39.05835331789299
146396000,0.2737532764428782,-0.22405429106919716,2.094791907069975,9.025997482909537,75.72769832648555,-38.78823738898005
146400000,0.2733765459096247,-0.22630610298059733,2.100261879894388,8.998046277286981,75.45378996105784,-39.07244963042742
146404000,0.27918317076676197,-0.21735341450298393,2.0950935748161768,9.024451056855668,77.16869234364158,-38.34614894906427
146408000,0.2789450734778546,-0.21768460263004902,2.0951693216685463,9.024062849692207,77.10140880705136,-38.37158398366845
146412000,0.27893474774992144,-0.2174606085722667,2.0944705885581816,9.027645278385082,77.12173318648377,-38.33768077886332
146416000,0.27793504686857096,-0.21615496303400825,2.086872096080879,9.06680391912975,77.10156333955901,-38.04870130599779
146420000,0.2786228703231932,-0.21701372942558056,2.091979618447178,9.040441801192197,77.11941017400387,-38.24165772568935
146424000,0.2787439978995707,-0.2176167733263504,2.09421045254622,9.028979795656557,77.07850271766874,-38.342022305572804
146428000,0.27873628434667236,-0.21741351019546848,2.093582854503636,9.032201189350463,77.09717151231963,-38.31142700611106
146432000,0.27791551479976806,-0.21620105411352838,2.0869334674582207,9.06648616110983,77.09423282364016,-38.05359022580531
146436000,0.27824438642508165,-0.2167261451563412,2.0897092106860176,9.05213971562812,77.09171507240733,-38.162637007452695
146440000,0.2784404456186539,-0.2175541546666889,2.092881284932894,9.035805234321332,77.04005321539525,-38.30327132149605
146444000,0.2784962266770337,-0.2172871183202522,2.092305667451857,9.038764587876944,77.07422085589478,-38.26950361659288
146448000,0.27782588188136537,-0.2167022328013599,2.0880643978501063,9.06063496599947,77.03255411176737,-38.1185609174066
146452000,0.2777330209577504,-0.21685667557783334,2.0881683967616977,9.06009731051414,77.00396388300913,-38.13223945167443
146456000,0.2779828548578242,-0.2176464891501768,2.091430091341538,9.043270131749226,76.96397437960294,-38.27230898628062
146460000,0.2781020772467977,-0.21729356533027003,2.090839962925043,9.046309577330733,77.0157437608171,-38.232141892863645
146464000,0.27755042665692425,-0.21699899335879516,2.087900143185468,9.061484274359948,76.96339296436842,-38.13543461475855
146468000,0.27734071427712054,-0.2167302638759036,2.0863242165729594,9.069641709541434,76.95863616591501,-38.07572843963312
146472000,0.2777123658935424,-0.2176358958281288,2.090381710681938,9.048671331984329,76.92537334989504,-38.24448326115562
146476000,0.2776551930274992,-0.21733445875096832,2.0892796102062974,9.054356873654715,76.94624447880815,-38.19476940646186
146480000,0.2772975471757101,-0.2172279374654706,2.0876234374887113,9.06291542325115,76.90415957420957,-38.144507096057794
146484000,0.2767914889393346,-0.21651787551286283,2.0836427916608646,9.083558346155344,76.89860235517595,-37.99155481065611
146488000,0.2773071468329452,-0.21741329748811827,2.0882045754023517,9.059910289804172,76.88761471944726,-38.172585498337575
146492000,0.2772857730579885,-0.21714627938005404,2.0873392666967416,9.064385694897865,76.91033902950089,-38.13140368319961
146496000,0.2771349922838459,-0.21722362328297837,2.087000971906246,9.066136676360841,76.88076718727538,-38.128142432046616
146500000,0.2762621991107935,-0.21592109895934436,2.0799171919945065,9.102971698890752,76.87842740093902,-37.853113993748714
146504000,0.27696874890249107,-0.21725492685641978,2.0864697585741907,9.06888767314937,76.85339795169301,-38.116645237187214
146508000,0.27726036486675476,-0.21727628493766557,2.087626058903685,9.062901862726763,76.89403228297999,-38.14798936566286
146512000,0.27702509994885804,-0.21731180297763064,2.086848195275717,9.06692767511635,76.85614579738883,-38.13042162331457
146516000,0.2762292629218959,-0.21579161318864162,2.07941604435197,9.105589982135248,76.88603109559519,-37.83095936119323
146520000,0.2766618727861499,-0.21678479377419138,2.083939897114232,9.082014072485762,76.8538682910809,-38.01816694339716
146524000,0.27673589645970575,-0.21721196265220502,2.085471190256083,9.074063888620046,76.82346995931633,-38.087850185546145
146528000,0.2766190188558387,-0.2170420287142114,2.084534428173758,9.078925578129379,76.82277441319555,-38.05169469933736
146532000,0.2757487970727433,-0.21574337527170165,2.077481684762185,9.115711605749427,76.82020918444285,-37.77780398780095
146536000,0.2760715761160272,-0.21628768176143714,2.0802766899923486,9.101094485415626,76.8152700703338,-37.88852581351214
146540000,0.27611232683424275,-0.21721061746378392,2.0831351143527628,9.08619843991947,76.73240733151304,-38.02748060174026
146544000,0.2763829710778368,-0.21693678112678338,2.083342408739246,9.085120237015929,76.79838218367648,-38.01352342962801
146548000,0.27563722871479046,-0.21629410960491505,2.0786747882251135,9.109465741497347,76.75106451399789,-37.84776044175768
146552000,0.2757822592526013,-0.21644985014530813,2.079671468159578,9.104255296300929,76.75733639684412,-37.88447165019808
146556000,0.27566322625200523,-0.21724849448559863,2.081570232551371,9.094346886675167,76.66315617498998,-37.989759712772006
146560000,0.27602146427138446,-0.21690221075203578,2.081890137589628,9.092679824389842,76.74883106383163,-37.97364191234372
146564000,0.27512008543759214,-0.2168079835101848,2.0782537226350284,9.111668942861943,76.6261799368276,-37.87326173642768
146568000,0.27533016023091605,-0.21649289892337167,2.078112441559087,9.112408448240913,76.68708696679735,-37.84737988038639
146572000,0.27521685758668885,-0.21752633897404175,2.0807241060175077,9.098759363033524,76.5713077117255,-37.987353146781594
146576000,0.27570081180087536,-0.21713673571055042,2.081382039279043,9.095327894900446,76.67939908385111,-37.97705650786862
146580000,0.2749364888204013,-0.21710739293445638,2.0784493727556943,9.110645070443953,76.57066848083458,-37.89933906774505
146584000,0.27515518142265116,-0.21621463986839498,2.076646793703495,9.120087793790189,76.68816958099856,-37.7899327683733
146588000,0.27509278642999424,-0.21734067227284623,2.0797162200684087,9.104021494583606,76.57106467499084,-37.94836052365453
146592000,0.27563318115184643,-0.21700297010618005,2.0807370431951555,9.098691861647954,76.68238684920469,-37.95101251342689
146596000,0.2748043346367475,-0.21694981509069866,2.0774954909912555,9.11563927711806,76.56650480784411,-37.86368441816833
146600000,0.27479521905459314,-0.2155159770111386,2.0732685981622243,9.137841911481932,76.70229183364945,-37.65332073305096
146604000,0.27498534276710657,-0.21688869909182174,2.0779891830828108,9.113053725086996,76.59877151238511,-37.872121047511214
146608000,0.275633073406778,-0.21686971786049627,2.080345605592496,9.100734720838304,76.69518126855239,-37.93153332554773
146612000,0.27476985061922904,-0.21688228649349028,2.0771692119163183,9.117348935838258,76.56794615750684,-37.85053004603187
146616000,0.27479537882025157,-0.21520296284161755,2.0723576379358333,9.1426423789742,76.7321668990796,-37.60750691253581
146620000,0.2748514699278098,-0.2166777985181413,2.076873027223962,9.118901509517197,76.59944512475006,-37.828510885236476
146624000,0.2754156108428287,-0.21688106492484913,2.079568414461039,9.104793739462078,76.66232101508196,-37.91229769600425
146628000,0.2748766557634446,-0.21679525630423432,2.077310969109026,9.116606061223461,76.59186808911653,-37.84806641042117
146632000,0.2747212991702265,-0.21467716465890266,2.0705542722631525,9.152161780312857,76.77138227758894,-37.52339738655876
146636000,0.2744486394039222,-0.2161135430300644,2.0737254695686356,9.135436415457631,76.59458808859284,-37.707606168336206
146640000,0.2750675516338115,-0.2169752373053907,2.078548914266364,9.110124248002725,76.60246732973096,-37.892634623026964
146644000,0.2748099175453346,-0.21676809469145197,2.0769832471335063,9.118323679264126,76.58473164167783,-37.837708704063274
146648000,0.2743701301226754,-0.21590499385581463,2.072824963001933,9.140179039184021,76.60302153674282,-37.66965187312254
146652000,0.2742502840889072,-0.21639022565493615,2.0737986893191476,9.13505103096376,76.53921807721362,-37.72905363049679
146656000,0.2743951621318929,-0.21710607644462357,2.0764345173179,9.121201198091985,76.49189208627163,-37.84726473653825
146660000,0.2743559731964656,-0.2167128730262891,2.075135623027184,9.128020449323465,76.52380324297074,-37.78620906972723
146664000,0.2739617132075265,-0.21629609881450354,2.0724536942609926,9.14213593359438,76.50610848272538,-37.68778897584376
146668000,0.2737916747988269,-0.21607882880444335,2.0711888540180072,9.14880955760393,76.502013089091,-37.639897369839446
146672000,0.2738309939834292,-0.21709893651974377,2.0743221267337497,9.132297005369438,76.41043459198605,-37.79226418029269
146676000,0.2740247007897176,-0.21681614724465734,2.0742099972903176,9.132886813375166,76.46565410379604,-37.769598926282846
146680000,0.27334708600755053,-0.2166084255824217,2.071093514517817,9.149313024214816,76.3868018964514,-37.674721515631646
146684000,0.2730717784612552,-0.21612431719580655,2.068660310734535,9.162182720036789,76.39276530985597,-37.578056941109544
146688000,0.27330260831932324,-0.21695782397595853,2.071953313509058,9.144774801841269,76.34704236170735,-37.72131246156939
146692000,0.27366884663641405,-0.21680757634137315,2.072867072570264,9.139957144498599,76.4146532210344,-37.734378391956355
146696000,0.27309918219661744,-0.21650226591045713,2.0698668514318266,9.155796154332021,76.36082936868816,-37.63567905084605
146700000,0.2730421996413331,-0.2154657237200338,2.0666297203531467,9.172953194632234,76.45094767090055,-37.47926625390379
146704000,0.2721361245393826,-0.21569887046966044,2.0639703775634812,9.187100509394641,76.29688395193807,-37.4274588020062
146708000,0.273498923710588,-0.2169085668791339,2.072534590927544,9.141709463151994,76.38029184151675,-37.732866309188715
146712000,0.2727144787709859,-0.21698019640785135,2.0698479096522564,9.155896343551767,76.25944742806782,-37.66856193561195
146716000,0.27070203242672797,-0.2150888151582521,2.0569335726347933,9.224766169010362,76.1458431010435,-37.20366864592452
146720000,0.27226563993997194,-0.21676406310929422,2.0675606261730177,9.168012139719036,76.21481228013982,-37.59453591302631
146724000,0.27307503790857857,-0.2173160538689323,2.0721644624491122,9.143661058726439,76.27982305412534,-37.75167212642538
146728000,0.2722136052748345,-0.21722408295659215,2.068718666095698,9.161873604680427,76.16358028243906,-37.6563346443464
146732000,0.27240530644899985,-0.2159419737766476,2.0656703464019173,9.178051437744871,76.31304652369748,-37.488300590742064
146736000,0.2717656964994892,-0.2167617676163563,2.065715434673801,9.177811694059141,76.1424906467321,-37.546802056264525
146740000,0.27246908521602387,-0.21771303358927127,2.0710970837017353,9.149294175062513,76.15409507708391,-37.75151018441123
146744000,0.2717030584393139,-0.21762877947075876,2.0680311044631394,9.165517147426634,76.05118800968893,-37.66645805020439
146748000,0.2718151331848907,-0.21672855986693498,2.0657997731871505,9.177363285400302,76.15280640768503,-37.54666885002961
146752000,0.2709229283860481,-0.21741327501102992,2.064536036126796,9.184087301705295,75.95878989757782,-37.5613417213031
146756000,0.2715692117465323,-0.21835731480059803,2.0696867513424255,9.15674885892071,75.96259881648213,-37.759050394917296
146760000,0.2710005408513464,-0.21828511642237344,2.067387899384254,9.168928498746476,75.88737798576607,-37.694597183681644
146764000,0.2707406075530567,-0.21798660133854306,2.0655557646523137,9.178660754166676,75.87817867079485,-37.62688096352329
146768000,0.2699463304114928,-0.2179513511707161,2.0625493279263067,9.194679831964775,75.76698952713905,-37.54667148726674
146772000,0.2702443433188502,-0.21921323221664718,2.067366005457336,9.169044665805801,75.69040175721632,-37.75647228706169
146776000,0.26955381670319334,-0.21915623696644304,2.0646776416901407,9.183333320358825,75.59662010700806,-37.682834502773034
146780000,0.26952458707758276,-0.21905945236312196,2.064284482066314,9.185427039095671,75.6015834404729,-37.66617410753729
146784000,0.2685711208145376,-0.21871287815578164,2.0597917793738025,9.209426541009583,75.49748655848259,-37.5264325317438
146788000,0.2687529475777743,-0.21996029332386768,2.0641501902370094,9.186142430962796,75.40577175832564,-37.72225850223326
146792000,0.2688426693409842,-0.2200453962307287,2.0647292862589026,9.183058371556731,75.41055097747656,-37.742922383722316
146796000,0.2681888334072918,-0.22007934829049206,2.062457124894294,9.195172078528705,75.313885727023,-37.68594900096899
146800000,0.26774791514633034,-0.21908643452093252,2.057913502545976,9.21950072760312,75.34442579881586,-37.50247203573876
146804000,0.27452566329973044,-0.21104006073053388,2.0593625174146517,9.21172677873934,77.08647927486996,-36.969382578282904
146808000,0.27401125687462935,-0.212087302492219,2.0604501354177422,9.205901118795623,76.91208330936735,-37.075563027157436
146812000,0.2751349345028132,-0.21217725275554775,2.0648783986329398,9.182264617980028,77.06931515482532,-37.1948097410198
146816000,0.2742791399316659,-0.21166753634398353,2.0602406427209674,9.207022608772299,76.99107412701494,-37.03887992913752
146820000,0.2742992663157863,-0.2100496986463561,2.0557050152543854,9.231376845192536,77.1458481777831,-36.80159858498934
146824000,0.27354148484531515,-0.21139737298125902,2.0567376521283376,9.225819693597435,76.9076515930635,-36.929767630684374
146828000,0.2748907957271673,-0.21176035890360156,2.0627763172975038,9.193468243435127,77.072627010124,-37.11019656614714
146832000,0.2742068075657453,-0.2111904058544484,2.0586091559780026,9.215766766944608,77.02524031369967,-36.96164738833525
146836000,0.2744911794923783,-0.20983662781468942,2.0558121394307283,9.230800014791802,77.19422656571018,-36.78798496394824
146840000,0.27319419541661316,-0.21055833174028668,2.053062715103713,9.245629783870688,76.93491127489632,-36.77351362509247
146844000,0.27461570722041745,-0.21143646256711565,2.0608283831499485,9.203876977621535,77.06250797789293,-37.03643362445273
146848000,0.2739771934892315,-0.21107524122530322,2.0574300180742404,9.222097806078294,77.00213898470189,-36.92309233529268
146852000,0.274609144065098,-0.20937728182948706,2.054948717275813,9.235451516640154,77.25469084511164,-36.73087557033155
146856000,0.27268273313952296,-0.2099955437461759,2.049577612285509,9.264502643375566,76.91185084969372,-36.642775225254645
146860000,0.2737878910395008,-0.21116923580354782,2.056997538422626,9.224422262279342,76.96538105951406,-36.919217073123974
146864000,0.2737448990386094,-0.21092256762260977,2.056134984098111,9.229062072757838,76.98214891475637,-36.878778346454425
146868000,0.27373764327446876,-0.21027955853799737,2.0542782249997367,9.239067184477733,77.04123626889809,-36.78309199335402
146872000,0.2726861044588145,-0.20999745099209025,2.0495954438619233,9.26440586577874,76.91217119849291,-36.64337037273903
146876000,0.27327303247996776,-0.2110763080344605,2.0548293301544547,9.236095092243469,76.89813694055908,-36.857295021360635
146880000,0.2736687910636495,-0.21096531755615164,2.0559753435780324,9.229921362532917,76.96690983364269,-36.877961627730315
146884000,0.2731712299738402,-0.21030407118022557,2.052254997749798,9.249996327718943,76.95524666611249,-36.73383103782788
146888000,0.27266633675128316,-0.20955628271390767,2.0482722816402337,9.271593092910337,76.95025287281491,-36.57636711436043
146892000,0.2727155202682321,-0.21081153990655394,2.0520181182603388,9.251277760093009,76.8406863315047,-36.76619143338596
146896000,0.27340540222278903,-0.2107659947473943,2.054433812921724,9.238227892165394,76.9466840788492,-36.82389634001354
146900000,0.2730607957036,-0.21019197404297937,2.051529026039872,9.253924800111674,76.94938853300037,-36.70697965055764
146904000,0.2730337344710695,-0.20920753724548877,2.04864007456496,9.269594071525706,77.03698215710448,-36.55890986475116
146908000,0.2727327323190507,-0.21037791615348,2.0508476979540786,9.257615009874456,76.88364038012084,-36.70385983718954
146912000,0.27368071177219094,-0.2105399272064904,2.0548079449795584,9.236210382839063,77.00847943831931,-36.81625484681291
146916000,0.27315703934429564,-0.20980552357216006,2.0507876746717417,9.257940262203011,76.99961048684263,-36.658839961269
146920000,0.27324708804949854,-0.20829769052064062,2.046861403397298,9.279270223910823,77.15302109067898,-36.44385897928767
146924000,0.2723558748018862,-0.20940143007117232,2.046691065727025,9.280198037210596,76.91874653405918,-36.524677526718975
146928000,0.2735526232724106,-0.21010020677929445,2.053084706824909,9.245510958969218,77.03062926184818,-36.73929086982768
146932000,0.27317647650969246,-0.2094061761914097,2.0497284760077825,9.26368392804996,77.03964699256903,-36.60157636845549
146936000,0.27328692852481823,-0.20815658331140158,2.0466115427697584,9.280631260758675,77.17201007141286,-36.42660652239622
146940000,0.2721088492978968,-0.20872396339890104,2.043869314004189,9.295597426921908,76.94494179552065,-36.40166714411371
146944000,0.27358283060851857,-0.20994646266576386,2.0527600652015874,9.247265390348042,77.04944466008111,-36.71937092618305
146948000,0.2729979061084795,-0.20931324897682196,2.0488067851200515,9.268688279689062,77.02185946906361,-36.571226300366384
146952000,0.27311612762486737,-0.20815248378244866,2.0459696311641995,9.284129873742334,77.14703736914815,-36.41017862659272
146956000,0.27235104930793663,-0.2079739651007723,2.0426491631641635,9.30227358651292,77.05006238469198,-36.31298473709608
146960000,0.27282494394620027,-0.20956215471269987,2.048873348900782,9.268326671404804,76.97315091598729,-36.59196898338944
146964000,0.2729136881016068,-0.20901421908727422,2.047651217379594,9.274970830568543,77.03715824022761,-36.51914771345365
146968000,0.2728536662609177,-0.20846139113377193,2.0458710085984193,9.284667652274587,77.07950868583866,-36.431691856335284
146972000,0.27176840424700865,-0.20778896954539114,2.0399885888635376,9.316867586478915,76.98077661193227,-36.23188677632781
146976000,0.27236161472823206,-0.2091665468414093,2.046048104628488,9.283702014814516,76.94136336159654,-36.49049742719221
146980000,0.2728493082662288,-0.2089239381684829,2.047159004941328,9.277649702908228,77.0360011087979,-36.4998093827615
146984000,0.27251248150581003,-0.2083747233426069,2.0443702008102074,9.292859815153431,77.0369701528097,-36.387282031542014
146988000,0.272067181545463,-0.20758073798959473,2.040501806646144,9.314048543606743,77.0442183874247,-36.228525410027125
146992000,0.2721881067248224,-0.20871822209219,2.0441444995447497,9.29409317383483,76.95719565021574,-36.40814392119949
146996000,0.2728203891487909,-0.2087513181921457,2.0465654021814106,9.280882644791602,77.04772123774612,-36.47156615219566
147000000,0.27275806500633687,-0.20812390675214137,2.044569078477471,9.291773332357607,77.09656062681518,-36.37281000942781
147004000,0.27243426539600407,-0.2071377643253539,2.0406110005235214,9.313448995686912,77.1394713862436,-36.19657249909906
147008000,0.2722944688671064,-0.20833893185089367,2.043467237459014,9.297796265003862,77.0079864000739,-36.36183468597543
147012000,0.2729676731094874,-0.2085490414667722,2.046538219156528,9.281030750836216,77.0882881623846,-36.45524373211211
147016000,0.27280264793668363,-0.2078664512738896,2.0440099868774633,9.2948283970126,77.12697010384011,-36.338735367653356
147020000,0.27255293195809,-0.2064550199789538,2.039140730055013,9.321528864217695,77.219895645371,-36.105975611234825
147024000,0.2720440789330123,-0.20765881738510808,2.0406358736280286,9.31331243740138,77.03360514544522,-36.23797464825131
147028000,0.2728308847880629,-0.20845593036416063,2.045771661557885,9.285209450172477,77.0766377008905,-36.42877314965157
147032000,0.2729946891097993,-0.20757639702524583,2.043904044771814,9.295407547959826,77.18228112568164,-36.313406911972486
147036000,0.27282600799842965,-0.20618122220901358,2.0393835200707664,9.320193554927014,77.28571150225822,-36.09029455941106
147040000,0.2718460390158281,-0.20686586384370753,2.0376886447921705,9.329523867653572,77.07710829146471,-36.10213936890971
147044000,0.2728351159616454,-0.2081864148055949,2.0450287873645077,9.289262973126126,77.10220705472487,-36.389206054133204
147048000,0.27283032706497024,-0.20760829922442217,2.04338757282676,9.298232062441675,77.15492148089967,-36.302967476784666
147052000,0.2710913140791887,-0.20746538724514926,2.0365989320049263,9.335533557845263,76.91024486358376,-36.12178535468921
147056000,0.2718862253109841,-0.20648164252482745,2.0367637085454957,9.334624282964564,77.11831083763315,-36.04875848962843
147060000,0.2725849830433055,-0.20785526221037293,2.0431767768437474,9.299385416440922,77.0957072534145,-36.31697303623854
147064000,0.27135541549926867,-0.20783207063722006,2.0385947614021718,9.324533141148923,76.91567353840753,-36.2002926926004
147068000,0.27279879187846395,-0.20685480036212706,2.0411621434159777,9.31042413831377,77.21970661683484,-36.18806833714115
147072000,0.27200833374980865,-0.20636640293401645,2.0368909185257476,9.333922441597455,77.14702225561143,-36.04282142653576
147076000,0.2723190068343555,-0.2076626094449073,2.0416572693138284,9.307708553266034,77.07402363523417,-36.263862308616936
147080000,0.2729789507246422,-0.20739925517110389,2.0433495157118964,9.298440265870202,77.19629944710381,-36.2856313337064
147084000,0.2724795919411756,-0.2068802003216384,2.0400576357621296,9.31648821157124,77.16990454778566,-36.16247054557168
147088000,0.27221245689487567,-0.2060186526034756,2.036672670133245,9.33512662991333,77.20925456298907,-36.00979361634118
147092000,0.272226036521401,-0.20744218688693347,2.0406974024977336,9.31297465050455,77.08053539484483,-36.22259863085108
147096000,0.27310457089205187,-0.2072174609190266,2.043303751280608,9.298690648105229,77.23175562805042,-36.270198289552575
147100000,0.27271454154478003,-0.2065437348322088,2.0399832816909447,9.316896747885881,77.23579309104859,-36.13403183556351
147104000,0.2722846154345763,-0.20559702884400743,2.0357660524953554,9.340132547078259,77.2586063663902,-35.953604827776864
147108000,0.27206370407126007,-0.20691801111469654,2.038633871400147,9.32431786187906,77.10463946548127,-36.12986376519762
147112000,0.27286535540719825,-0.20695556024637352,2.041689047507911,9.307534320634126,77.22032730204711,-36.20918671295944
147116000,0.27248746506344834,-0.2063984552818431,2.038742048858825,9.323722460446485,77.21534873645426,-36.09154510256662
147120000,0.27231913570073357,-0.20484023064118392,2.033795508133362,9.351033263245784,77.33292295579427,-35.84387962654207
147124000,0.2721212299243886,-0.20628462752086113,2.0370778777353724,9.332891162097972,77.17130603809792,-36.0410092668115
147128000,0.27276717608001794,-0.2068776557566562,2.0411095155143366,9.310712885091695,77.21289955106407,-36.18855691808935
147132000,0.27272843157634596,-0.20618122230785912,2.039024017992408,9.322170912366088,77.27117493233425,-36.08133130926965
147136000,0.2726868066081001,-0.20462481608960564,2.034552996433874,9.34683967273604,77.40751651655603,-35.84527253527479
147140000,0.271678771750141,-0.20542664038105865,2.0330677828148542,9.355065962586522,77.18393281787024,-35.87286353304286
147144000,0.2725198396488883,-0.20662870037981912,2.0395034317177485,9.319534212955494,77.19901285054176,-36.128774566468074
147148000,0.27244241154496995,-0.20593102599636937,2.037274685783813,9.331805825162212,77.25152632942003,-36.01781878499532
147152000,0.2723389297997055,-0.20492121523313364,2.034092385094398,9.349389208576016,77.32848403516921,-35.85777603176904
147156000,0.27134366347949523,-0.20485948280094318,2.0302678618114345,9.370617343885721,77.18569432961483,-35.757865888414656
147160000,0.2718838149363599,-0.206398072750067,2.036521852804004,9.335958965179872,77.12561060899986,-36.03611836286773
147164000,0.27251749995680613,-0.20581320852438553,2.037223427032613,9.3320884750842,77.27351288154826,-36.00714799980187
147168000,0.2720015117219567,-0.20521287655915119,2.0336598866731737,9.35178452273403,77.2515235159335,-35.87047446898769
147172000,0.27148394847299806,-0.2046496914251476,2.030201956014471,9.370984081419621,77.22568167533584,-35.73935871644484
147176000,0.27143988429361615,-0.20592374631129154,2.0335724624252998,9.352268869361097,77.10301520327845,-35.925009472613375
147180000,0.2723395132762355,-0.2056772899909297,2.0361908593161386,9.33778623171977,77.25944071085921,-35.9705898131408
147184000,0.2713544865907088,-0.20513759740536427,2.0310774329609904,9.366114990513546,77.16199689068847,-35.800270561429365
147188000,0.2714885545096911,-0.20420698969978807,2.028996733991483,9.377696174614746,77.26659723485167,-35.67374112176547
147192000,0.2710809990432132,-0.2056341285037866,2.0314529301813415,9.364028306206023,77.07608918947773,-35.849224426647744
147196000,0.2722041808619449,-0.20541317884014643,2.0349600471568268,9.344587867547544,77.263434387568,-35.918846907673654
147200000,0.2716329034172619,-0.20482907032195988,2.03124414974396,9.3651883991251,77.23156628345866,-35.779655011485424
147204000,0.2759176749675534,-0.20860507023987168,2.057635289460706,9.220994977960686,77.52165012801042,-36.73845067391462
147208000,0.2753266257435151,-0.20848589153772115,2.0550979660014863,9.23464710502219,77.44470709970695,-36.66537825914662
147212000,0.2754458063631785,-0.2080011900090291,2.054177537029882,9.23961041723761,77.50774643051648,-36.604250207695074
147216000,0.2752584255206392,-0.20844259437976526,2.054722293816945,9.23667217226362,77.43859255724043,-36.6525556034505
147220000,0.2756044828499551,-0.20886239630487546,2.0571940053128683,9.223366149505965,77.45086859693009,-36.74745797851045
147224000,0.27535320641131716,-0.20824834106406534,2.054528005731995,9.237719866187136,77.47086111148565,-36.63246093867673
147228000,0.2755385787228808,-0.20780476037618661,2.0539710618404454,9.240724612622175,77.5399242084134,-36.583595220025295
147232000,0.2750271546427913,-0.20786734405119356,2.052244494216795,9.250053139814803,77.45778964529589,-36.54524770393172
147236000,0.27602971966500073,-0.20873535082969683,2.058420572431747,9.21677867381853,77.52614536502604,-36.76838043739897
147240000,0.2756808728646209,-0.20783763238309247,2.0545933080044785,9.237367696250596,77.55809982239337,-36.60178568419509
147244000,0.27551271216564194,-0.2080046933935738,2.054436437985332,9.238213733139899,77.5174012616982,-36.611019126465585
147248000,0.27535416666180496,-0.20755935622638758,2.052596037546213,9.248152106887074,77.5352757086804,-36.52976185663702
147252000,0.2753880610477007,-0.20881211339781672,2.056246359874913,9.228462678917147,77.42334923646496,-36.71970805334175
147256000,0.27587297784714765,-0.20788135169167896,2.055431999625926,9.232847305698613,77.58270391172148,-36.62626049059319
147260000,0.2754263242781598,-0.20811473266095099,2.0544242428721633,9.238279511344983,77.49424002992245,-36.6193674552213
147264000,0.2753831042826358,-0.20767464783370113,2.0530271377752363,9.24582202111888,77.5288507417915,-36.54967103716062
147268000,0.27540455281374543,-0.20861684382745094,2.055756986380294,9.231096986994409,77.44407295265357,-36.692171289704376
147272000,0.2761570112695452,-0.20773509621393796,2.0560806989612357,9.229354251286345,77.63881916258791,-36.630958360014354
147276000,0.2751042185691525,-0.2082121456870636,2.0535001672755766,9.243266784429688,77.43713144753619,-36.60382534786089
147280000,0.2753719170608798,-0.20725004256067095,2.051795261391288,9.25248368943267,77.56673378742727,-36.48521445585666
147284000,0.2750878617460963,-0.20857630765223337,2.0544648198200868,9.2380606506879,77.40070165935639,-36.65653607127915
147288000,0.2756222840538213,-0.20804487292855187,2.0549573957611216,9.235404737680463,77.52999823434334,-36.62724804087392
147292000,0.27506825672815344,-0.2080315524069284,2.0528586369714845,9.246732610928149,77.44861408495723,-36.57355783668971
147296000,0.2749164929584222,-0.20745357833314854,2.050672421066251,9.258564864952985,77.47979561454171,-36.47323309465184
147300000,0.2751659311161581,-0.20828773873887632,2.0539423136915866,9.240879768613423,77.43927258010525,-36.62084751771128
147304000,0.27559318134077165,-0.20805998692119565,2.0548915008234396,9.235759938961115,77.52424370525837,-36.62678455534085
147308000,0.2751285633919056,-0.20789526492178775,2.0526998368876948,9.247590956795907,77.47030902817792,-36.55886040851521
147312000,0.2750706268560355,-0.20742214988987967,2.0511570175769864,9.255939274082976,77.5057214570544,-36.482879364070335
147316000,0.27498602048978193,-0.20783888353314361,2.0520117179327517,9.251312388933917,77.45430767115059,-36.537172739423546
147320000,0.27419742775388667,-0.20844035424613805,2.0507774386600777,9.25799573128334,77.28091721233615,-36.5533004249487
147324000,0.2751759422086809,-0.20736460262781847,2.0513872475089507,9.254692436181383,77.52679882711314,-36.4840869710696
147328000,0.27528375029972235,-0.20706926695142006,2.050961283640745,9.256999583575444,77.5703780742255,-36.44999637233229
147332000,0.27626079998695163,-0.2080475709453978,2.0573459696315863,9.222549442588567,77.62509080450937,-36.68737320444338
147336000,0.27523720736758117,-0.20801153593276622,2.0534305162829796,9.243642932090752,77.47566865900492,-36.58632852206094
147340000,0.27566038452327474,-0.2073452553426863,2.053135836167069,9.245234711588546,77.60097600319607,-36.52631498547219
147344000,0.2751886144202885,-0.20727832384453213,2.051192680711724,9.25574611205337,77.5367188638329,-36.4723814231797
147348000,0.2753386137533548,-0.20690628239643438,2.050709553903462,9.258363618047861,77.59373451570171,-36.43073270739445
147352000,0.2751194010403952,-0.2081205543760371,2.0532989785781455,9.244353387943152,77.44793780038142,-36.591592473529836
147356000,0.27573862151842143,-0.207060549029308,2.052630188246916,9.247967476414946,77.63920587042912,-36.49103049040761
147360000,0.2751180789920428,-0.2072563706517221,2.0508689758406984,9.257499715908953,77.52822663220383,-36.46254188639189
147364000,0.27497416045791573,-0.20671219114632355,2.048812364534902,9.268657968287817,77.55727242810903,-36.3678669672192
147368000,0.275054967813838,-0.20778008568028172,2.052102829418782,9.25081945879745,77.47006529282818,-36.534826658986674
147372000,0.27569351064957565,-0.20690224944723445,2.0520194173213655,9.251270731584597,77.64719731051999,-36.463144604526654
147376000,0.27548963563462564,-0.20706652990329333,2.051719693452413,9.252892682789739,77.60141025345852,-36.46874155498682
147380000,0.27533094826003024,-0.2068681920840314,2.0505745653582217,9.259095254245878,77.596129107097,-36.42432429248716
147384000,0.2748082318381858,-0.20772562674003706,2.0510334050381434,9.256608864164546,77.43834431964761,-36.50373750327047
147388000,0.27562821786466624,-0.20720258839492608,2.052616465280587,9.248041666538068,77.60946198654732,-36.501989005359384
147392000,0.2745944890908205,-0.20714201340465258,2.0486044978635105,9.269787396196103,77.46068945868956,-36.39683383619029
147396000,0.2750591302250203,-0.2066975452658026,2.0490871745531662,9.267165270442918,77.57133427949732,-36.37356195690832
147400000,0.2746498039000021,-0.20743684833784248,2.049635434210267,9.264188833564123,77.44156875244595,-36.445950537239995
147404000,0.2754495239469889,-0.20737720963990516,2.0524402719016828,9.24899433188799,77.566487402499,-36.511441335605234
147408000,0.2749742090866108,-0.2071123004172239,2.0499310467039296,9.262584855283531,77.52013255974875,-36.42765310553473
147412000,0.27497009992960486,-0.20673986740304534,2.0488745776767505,9.268319996359228,77.55409757665791,-36.37162718000041
147416000,0.274894689313761,-0.2071270031692199,2.0496768093241036,9.263964297766506,77.50689214923277,-36.42246176530826
147420000,0.2753191734114546,-0.20779478443414118,2.0531264937249927,9.245285186642207,77.50810889770543,-36.56164069737029
147424000,0.27510077077254247,-0.20688828532703898,2.0497748361120314,9.263432370322706,77.55985041409002,-36.405941218712286
147428000,0.2750776587950001,-0.20647173222474483,2.0485257836541426,9.270215162474734,77.59505451439053,-36.34150919546147
147432000,0.2749706373156622,-0.20657943960857234,2.048428657083557,9.270743048790832,77.56905950489995,-36.347693183549644
147436000,0.27551860006414386,-0.20759025793790783,2.0532946829758703,9.244376591179405,77.5569499675304,-36.54970320546101
147440000,0.27579188731018645,-0.2067295612440912,2.051903379273062,9.251898596013076,77.67799662463669,-36.44645200769919
147444000,0.27519690343668046,-0.20682027789108332,2.0499421414670556,9.262524667485687,77.58053794939075,-36.40470417041294
147448000,0.2754389972476204,-0.20686163476028713,2.05095826149727,9.257015956897591,77.61289838453418,-36.43338887415224
147452000,0.275225479941099,-0.2076991633115985,2.052509587168631,9.248619523468761,77.50304073531484,-36.538639463011734
147456000,0.27578115214381893,-0.2063229051436621,2.0507286257778303,9.25826025891967,77.71420844500332,-36.38453568627518
147460000,0.2753078978915077,-0.20682318673138222,2.050363045985655,9.26024194076238,77.59686489205392,-36.41545166164572
147464000,0.27549561290981117,-0.20630019447320622,2.0496019423558334,9.264370596949384,77.67353560673473,-36.35461108874198
147468000,0.27572139856087224,-0.20763192613764878,2.054166855910458,9.23966804821654,77.58335565457699,-36.57484540483265
147472000,0.27647504378082655,-0.20675125600796962,2.05451295155333,9.237801056330705,77.77833699735963,-36.51336617725589
147476000,0.27542203440667923,-0.20728048021663964,2.0520669910041898,9.251013344457096,77.57138877194487,-36.494428456569835
147480000,0.2756353680385581,-0.2067414089933898,2.0513533928585295,9.254875757091988,77.65346230643091,-36.433662682637596
147484000,0.27505166455971425,-0.2075103327986816,2.0513337344485514,9.254982209850791,77.4946862870676,-36.49427619614437
147488000,0.27627086318104366,-0.20728568674285802,2.0552454472632955,9.233852369935024,77.69785260866907,-36.57436978414452
147492000,0.27521834594902755,-0.20713377953092404,2.050898565297064,9.257339391022455,77.55460488888468,-36.45355433534503
147496000,0.2758976230879758,-0.20688628821316019,2.052735421317498,9.247398600775568,77.67923463856928,-36.47976277735666
147500000,0.2752849757855074,-0.20762863895724493,2.0525329786303,9.248493046317193,77.51849106771569,-36.533657862231934
147504000,0.27640460149660184,-0.207645504419586,2.056753638948109,9.225733717720853,77.68422736560436,-36.640719181731384
147508000,0.275581894046755,-0.20733556841323864,2.052816382232229,9.246960989151706,77.59014703663983,-36.517551732034974
147512000,0.2759342707679886,-0.2072351979975019,2.0538482487271503,9.241387484318768,77.65219549083471,-36.53539580642453
147516000,0.2756128741718475,-0.20760016761881953,2.0536735124524315,9.242330785280684,77.57010674484543,-36.55997545939732
147520000,0.2763165875290959,-0.20811970878795558,2.057757127486292,9.220340534890159,77.62666964206934,-36.70337728039607
147524000,0.2760309111359972,-0.20738004464170598,2.0546143995939294,9.237253957261892,77.65313565471784,-36.56608186444548
147528000,0.27622981571643435,-0.207093050863274,2.0545528892940617,9.237585667666051,77.70969387197871,-36.54169611164981
147532000,0.27570625565618334,-0.20714717750050327,2.052752026694503,9.247308841356169,77.62629407690186,-36.5009732575155
147536000,0.2765397866339754,-0.2082348711787121,2.058914956924012,9.214126407329392,77.64922634892248,-36.741509365328206
147540000,0.2766998996505007,-0.2073867133629546,2.057131515162443,9.223702038254263,77.75265069172887,-36.6296124355039
147544000,0.276369166906449,-0.20762000929818294,2.056549753179058,9.22683033077109,77.68131142485758,-36.63358974341274
147548000,0.27636968447258503,-0.20694140477144848,2.054650888824008,9.237057191829654,77.74479913997722,-36.53203523819461
147552000,0.2763922311752655,-0.20828451793537503,2.058503370060798,9.216334366098195,77.62252377547154,-36.73508907379962
147556000,0.27688303083777327,-0.2073482428274182,2.057708725041621,9.220600512547692,77.78368990852998,-36.640992667111966
147560000,0.27658671844411514,-0.20737984926391428,2.056689147549352,9.226080558172466,77.73634141487683,-36.61799403401561
147564000,0.2764889451021947,-0.207021635688886,2.055320773648409,9.233446514858603,77.75517882250882,-36.55519277628405
147568000,0.2762349707588677,-0.20825722350028716,2.057839297693606,9.219899221571632,77.60159364593878,-36.71627190219164
147572000,0.2773986645256495,-0.20755253490174908,2.0602128094519414,9.207171632755966,77.84183135048106,-36.71996557528655
147576000,0.2764547868957819,-0.2080424536304261,2.0580560784043502,9.218735174091186,77.65456215267024,-36.70478063619494
147580000,0.2765840884675025,-0.20737216358186505,2.0566577788697775,9.226249272005822,77.73666653000465,-36.616597015328885
147584000,0.27618732936095464,-0.20837486396599772,2.0579926493368403,9.219075735959537,77.58345594851774,-36.72937260702071
147588000,0.2768251699749814,-0.20807547019447076,2.0595336794257135,9.210809441743654,77.70685168862086,-36.74445252919827
147592000,0.2759873552460664,-0.208045149352128,2.056318803171191,9.228072854640633,77.5844703680689,-36.66141798083953
147596000,0.27658709645376894,-0.20762102605013663,2.057366855638422,9.222437206571827,77.71382702191802,-36.65413718375252
147600000,0.2761460049001023,-0.2083912423151222,2.057884541558582,9.219656249058426,77.5757522919639,-36.727944708987366
147604000,0.28906482221860924,-0.24136663946221626,2.2081362688286217,8.482737696997303,76.12240113557738,-42.819290807917525
147608000,0.28907487095051104,-0.24131537040125953,2.2080068812563107,8.48331765981676,76.12935274364423,-42.813160250078674
147612000,0.2887471780356924,-0.2424063806572482,2.21031925105841,8.472965639056067,75.9653975078621,-42.93102980400507
147616000,0.28946217910045874,-0.24172315103822012,2.210884102050854,8.470441051067684,76.13976434685374,-42.91242550683442
147620000,0.2888597560299304,-0.2418099372316204,2.208790018153409,8.47980865831181,76.04567654266563,-42.859474472916915
147624000,0.28898749823185915,-0.2416203368582141,2.2086680967349706,8.48035474589294,76.08411738447279,-42.84662623955002
147628000,0.2885985227916957,-0.2426754930784088,2.21062485275391,8.47159955819998,75.91545270097268,-42.95267236485141
147632000,0.28906166388556614,-0.24227582009365714,2.2111286712471467,8.469348457955578,76.02364943313863,-42.9467387909922
147636000,0.28865248584070685,-0.24213458553424883,2.2090456499110926,8.478663926557818,75.98149551605253,-42.88266507519319
147640000,0.28879092687083213,-0.2419378346357593,2.2089411035436264,8.479132050127644,76.02218890762855,-42.87000356480665
147644000,0.28852996343653475,-0.24279941870217445,2.2107656094143655,8.470970516635155,75.89244484621449,-42.96261382320323
147648000,0.28885896609407863,-0.24284487962504805,2.212214909759698,8.464499444499143,75.93360573490354,-43.00459383909876
147652000,0.2887451692484157,-0.24260397368809253,2.2109662945431685,8.47007382885115,75.9437398982427,-42.95851562535793
147656000,0.28879746609901474,-0.24239132141883482,2.210467846691888,8.472301337183202,75.97407936214448,-42.934357100255355
147660000,0.2886898812830182,-0.24319658367983307,2.21271588815326,8.462265072421147,75.87183356851637,-43.03551868571063
147664000,0.2885234573541291,-0.2431136056096624,2.211783410228528,8.46642495945367,75.8575351383413,-43.00588610671395
147668000,0.289005503529808,-0.24264932791452512,2.2121447741282374,8.464812352093947,75.97532562463284,-42.993058664149814
147672000,0.28892765970216927,-0.24263307713587176,2.2117833554460224,8.46642520397399,75.96617140750416,-42.98234940600549
147676000,0.28867143276502955,-0.24329971509892037,2.2129860591685553,8.461060632789103,75.85807855459504,-43.047947271764095
147680000,0.28902167683295393,-0.2435782622183366,2.215296637982363,8.45077499876931,75.87685210906766,-43.12489409474923
147684000,0.28927555759616114,-0.2428722606033573,2.213952300591853,8.456756089298082,75.98902189287894,-43.05358973561608
147688000,0.288926368538032,-0.2429246682014839,2.2127460687768963,8.462130506936532,75.93440412540274,-43.0230738192565
147692000,0.28888299268704853,-0.24343394883140732,2.2142680849843415,8.455350313375993,75.87311662101988,-43.08965967015067
147696000,0.2885106694060049,-0.24411826218528992,2.2150794205153854,8.451740803193452,75.74686428588114,-43.144857785978274
147700000,0.2892814736920387,-0.24319153380110747,2.2150367590737,8.451930514827591,75.95520079090592,-43.09897285172789
147704000,0.2887478740472558,-0.24333383981009712,2.213401329034017,8.459210053591379,75.86507236862329,-43.061005007762525
147708000,0.28888928631537036,-0.24337848681166474,2.2141083491298343,8.456061345781482,75.88001300685684,-43.0825840419393
147712000,0.2884254582704187,-0.2443257214653544,2.2154361565200547,8.450154789110242,75.71246830416077,-43.16454245390509
147716000,0.2892280530645321,-0.2438022934706236,2.216859400322637,8.44383356289226,75.88137234611861,-43.17864177889348
147720000,0.28885938244344855,-0.24362885076856872,2.2148238816399535,8.452877299013299,75.8486688548474,-43.114351517718596
147724000,0.2888259859110696,-0.2437181443057923,2.214989516796978,8.452140607737293,75.83431070166718,-43.12320766317239
147728000,0.2882254843429273,-0.24458287127482478,2.2155073236955576,8.449838463416125,75.65670035803961,-43.178669497766585
147732000,0.2890682738625713,-0.2442230537987715,2.2176318493721197,8.440407055076864,75.81329953742961,-43.220054882725755
147736000,0.2883702340351064,-0.243982973344371,2.2140739972759373,8.456214273070191,75.74194488142982,-43.11075091789897
147740000,0.28860332654970744,-0.243932845592142,2.2148262987139624,8.452866547659616,75.77991305826103,-43.12903511598677
147744000,0.28813135033651643,-0.2447638793117578,2.21574201415713,8.448795486041545,75.62395376843627,-43.19365134758884
147748000,0.28864204268708854,-0.24465735128239358,2.217399861322267,8.441435816326795,75.70663419320569,-43.23428429269115
147752000,0.2883352269527508,-0.24437061688630038,2.2152303245230116,8.451069820147206,75.69501969488586,-43.16100875817218
147756000,0.28846870898688937,-0.2442578002867977,2.21537985224134,8.45040506990266,75.7258696928589,-43.15976648981475
147760000,0.287960763086174,-0.2450261324330976,2.215948359305031,8.447878705995524,75.57176734906753,-43.211613772422574
147764000,0.2881293665099791,-0.2447561499242665,2.2157083231219414,8.448945193806063,75.62451650963636,-43.19236045214256
147768000,0.288342766207699,-0.24429613954201926,2.2150111963643586,8.452044194318445,75.70415088529809,-43.15144612813468
147772000,0.2887262555101273,-0.24401483881164146,2.2155851506149586,8.449492565535484,75.78817575610319,-43.15382322111424
147776000,0.2879164323703935,-0.24489360839813265,2.2153298151054766,8.45062750573321,75.57998255554129,-43.18837910131042
147780000,0.2881715118576392,-0.2450157067649035,2.2167437652034425,8.444346766872284,75.60220153569404,-43.23304376424624
147784000,0.28867892525544886,-0.2443792568941001,2.2166153733239486,8.444916665805025,75.74199526988973,-43.1995289545897
147788000,0.2880724726613632,-0.24426714865347643,2.2138491071427957,8.457215584322723,75.66962466251402,-43.118097994353185
147792000,0.2882964568395121,-0.24496467656168516,2.2170653593836764,8.442919655748188,75.62512362276617,-43.23951745359403
147796000,0.28787086523150374,-0.24527939223210096,2.2164435294058333,8.445679567026643,75.53178785648589,-43.237046664657846
147800000,0.28872404927532264,-0.2444962850867867,2.2171848429165153,8.442389566262609,75.73557023963342,-43.2207496900999
147804000,0.2880081664424163,-0.24439896112728196,2.214036209377234,8.456382503799647,75.64638119103222,-43.12949051543746
147808000,0.2881888011113363,-0.24477287392068642,2.2159985409918983,8.447655783954056,75.63097252364757,-43.20113851267723
147812000,0.28775673011217506,-0.24549141785667816,2.216705844313417,8.444515079443581,75.49292540085749,-43.25409237280807
147816000,0.2887329801098182,-0.24502907853958392,2.219004095968083,8.434327288114295,75.67886897778163,-43.29594455578387
147820000,0.28794559644734724,-0.24485997421798844,2.215332017074148,8.450617716803363,75.58768656163826,-43.18686541386672
147824000,0.28826195825331663,-0.24482205680223207,2.2164516043841336,8.445643714827803,75.63581391550161,-43.21592575736299
147828000,0.28745704423657736,-0.24556713354734988,2.215781249799175,8.448621147750803,75.44313609340281,-43.23207619201385
147832000,0.2882868441513031,-0.24530925841975312,2.2181829345660735,8.437964326297848,75.58633729276897,-43.2863872415076
147836000,0.28776418485477784,-0.24498557380903518,2.2150385664469945,8.451922477413229,75.54884410353844,-43.18465171187032
147840000,0.28807766591523565,-0.24492661326860662,2.2160754226635713,8.447314277194897,75.59882322603575,-43.21046402178562
147844000,0.2872096884657604,-0.24555123277644747,2.2147558712883764,8.45317982700658,75.41056619860952,-43.20305514110735
147848000,0.28798251730150665,-0.24577256904558453,2.218539645045032,8.43638399083046,75.49370841412083,-43.31763175126491
147852000,0.2875823143695153,-0.2453067308647639,2.2153997552988964,8.450316596061542,75.48875757099451,-43.209534941259356
147856000,0.2878732040157082,-0.24528516515373078,2.21647210532807,8.445552693899561,75.53148601147178,-43.238102332265406
147860000,0.2884970499423233,-0.2466240740873394,2.2234379512900966,8.414747330383936,75.47227776432068,-43.49171612675196
147864000,0.28738333864803023,-0.24587155963296917,2.2165145969147297,8.445364044749311,75.39989401114909,-43.26627370715072
147868000,0.28780522174205997,-0.2451667787441973,2.215807410888177,8.448504908783748,75.53489127542814,-43.214280493998594
147872000,0.2891038047411647,-0.24726965901703063,2.228019984344686,8.394615606409616,75.48570400666226,-43.64745155225076
147876000,0.28604468648237175,-0.2454193531606746,2.2097481751377672,8.475519699078932,75.26348256978119,-43.058833353959045
147880000,0.2876573888260597,-0.24615227711899595,2.2185371203522037,8.43639517374337,75.40736684787403,-43.3349183846083
147884000,0.2881234666236402,-0.24546998092113712,2.2180783286573895,8.438427883129664,75.54616684247354,-43.2909552916122
147888000,0.28770570540471685,-0.2454402861040163,2.2163333694059717,8.446168700572194,75.49139433971786,-43.2414578693668
147892000,0.2876744851474173,-0.2459096831285451,2.2177878949993692,8.439715215827265,75.43609637314437,-43.30316697750918
147896000,0.28733232246318346,-0.2464111493064395,2.218130822088724,8.438195253763359,75.33424911172587,-43.33542455274956
147900000,0.287994402678562,-0.24532965761058964,2.2170987148628436,8.44277166672689,75.543488462669,-43.2574422949108
147904000,0.28761030126431103,-0.24525471928313755,2.2153353624237964,8.450602844979585,75.4982830393092,-43.20534986952579
147908000,0.28759259616856286,-0.24557012610011067,2.216324350858759,8.446208747520455,75.46161062875903,-43.24719728785583
147912000,0.28717047416836655,-0.24634167986282612,2.2172607212819795,8.442052968626092,75.31940897033914,-43.308242162322436
147916000,0.2880004973718953,-0.2459176602235502,2.2190984907912714,8.433909416756975,75.48042442341513,-43.33971058148632
147920000,0.2873939823117799,-0.24567811432043624,2.2159061685761414,8.448066139625883,75.42235565477706,-43.240622540426386
147924000,0.287590091729661,-0.2455754166650353,2.2163322695183787,8.446173584612042,75.46068914050363,-43.24765932237725
147928000,0.28689081488260876,-0.24636105263048602,2.2162280612757326,8.446636347878723,75.27864299707066,-43.280578914148236
147932000,0.2876631080166963,-0.24607949430352735,2.2183145686759684,8.437381073057992,75.41606919124068,-43.325459107121574
147936000,0.28715052588581197,-0.245721164896132,2.215094347931324,8.451674424470934,75.38395195591464,-43.2201914326625
147940000,0.2872668477906003,-0.24578736884864608,2.215773749387416,8.4486544742208,75.392889007763,-43.24197375414568
147944000,0.2865648790225977,-0.24631081148872366,2.2147807096298555,8.453069336803102,75.23904864113578,-43.23831388986381
147948000,0.28745445783482654,-0.2466933445638282,2.219562918142881,8.431854117819903,75.32046524017882,-43.38771753234573
147952000,0.28688577698609974,-0.24595555914514394,2.214843206929754,8.452791339281564,75.3218978986103,-43.22395554040507
147956000,0.28764632876518437,-0.24585371080456608,2.217488837851205,8.441041214037808,75.43827383790891,-43.29235089995558
147960000,0.28670357826188747,-0.24644260716894104,2.2157684695321285,8.448677934294595,75.24392960059046,-43.27154826830899
147964000,0.28678071227600305,-0.2465366544067129,2.216388023635531,8.44592601667852,75.24438761635103,-43.29290140860815
147968000,0.2870962221485843,-0.24580872185493394,2.2151753965659293,8.45131403978722,75.36694081021379,-43.22643313280994
147972000,0.28700798031287417,-0.24600438454711346,2.2154869958577366,8.449928814509217,75.33351709990842,-43.24395489141381
147976000,0.2866326366538539,-0.24642604655354514,2.2154345268055944,8.450162033205963,75.2359251453567,-43.2615725161387
147980000,0.2868203149359384,-0.24682151588469028,2.2175045427568834,8.440971568429351,75.21895157339102,-43.336528075753854
147984000,0.2872443711276493,-0.2459276721572722,2.2161572191321772,8.446950971678465,75.37455885229811,-43.258968652512145
147988000,0.2869953302699918,-0.24601562922685952,2.215475175955304,8.449981351359208,75.33054768525416,-43.24413970782307
147992000,0.28668971693923745,-0.2463508922434685,2.215405062656917,8.450293003925601,75.25195429546496,-43.25737540685012
147996000,0.28643810503119205,-0.24704300131837104,2.216754131070243,8.444300759039146,75.14220724910398,-43.325612940382236
148000000,0.2871790922442503,-0.24584614689200313,2.215626635902025,8.44930819870505,75.37436017635694,-43.24059947322573
