frequency_hz,s11_real,s11_imag,swr,return_loss_db,resistance_ohm,reactance_ohm
935000000,0.5117787696223859,0.056566300987097834,3.1228220263164994,5.765620048204992,152.1120235030525,23.417108563145504
935006000,0.5095999207437265,0.0633749013896224,3.1112125565572972,5.788759418002797,150.56556188418895,25.91929170533893
935012000,0.5158744992379761,0.058792622815348486,3.1598540182808574,5.69307382914423,153.55598955384323,24.72001680722639
935018000,0.5124534579396922,0.06137512750368805,3.133219755900135,5.745057989892574,151.90893116610354,25.417442901113038
935024000,0.5100899291856668,0.06318961830378049,3.1151329626264963,5.780923973799295,150.7788617598199,25.896874536548808
935030000,0.5130301368467497,0.06318533971316749,3.139985147397447,5.731760478361997,151.9515422782088,26.203627308310487
935036000,0.5140519868487804,0.06049833341282763,3.1459347694726905,5.7201189664125875,152.6425469659669,25.228082095597884
935042000,0.5114182430152706,0.062404230890474026,3.1255105482568464,5.760288745877775,151.38863364958112,25.722415160454595
935048000,0.516306000162424,0.06271536280478403,3.1675440242149246,5.678245383870156,153.3240961351447,26.362833651755743
935054000,0.5180926133200752,0.05986490940147348,3.180076005244493,5.654250871688386,154.355176397233,25.38600664543853
935060000,0.5123111878575249,0.05902331769521581,3.1296718170619497,5.752057123063884,152.08870663331888,24.458108607890264
935066000,0.5114555249133363,0.05701721940363216,3.120515689062026,5.770201641076528,151.9390752758809,23.56797619936037
935072000,0.5143461431535007,0.059526597010335025,3.147478257806216,5.7171068502651945,152.86031736810082,24.86459067733984
935078000,0.5145226331722103,0.0583492217288283,3.1478337559492817,5.716413561456575,153.04967479459125,24.40441368867928
935084000,0.511443801601921,0.059299932542626145,3.1226073622269634,5.7660461651400485,151.71298680547795,24.48350169285973
935090000,0.5140982463583726,0.05720113103682983,3.143108771075031,5.7256424293151476,152.98981168038733,23.896285061846108
935096000,0.5077196246131681,0.05974692764931343,3.0918452122757056,5.8277930257258515,150.1874870110746,24.296291099050954
935102000,0.5131973541499293,0.06080093532835464,3.138957139661084,5.73377693741665,152.26676588086602,25.262821918156998
935108000,0.5111406445863631,0.06195396644731637,3.1227048116890597,5.7658527159096815,151.32435771056902,25.51417368718352
935114000,0.5110357621221624,0.06278628484770546,3.1226768781964793,5.765908165970491,151.19654903305982,25.834985177629896
935120000,0.5110294038606368,0.061203801041465736,3.121004333051774,5.769230308354764,151.35658167765982,25.20353628764354
935126000,0.5116551850796774,0.06306365818843276,3.1281967469055534,5.7549722453934535,151.41445236426384,26.01017107181271
935132000,0.5106555788014947,0.057878509312806165,3.1145924927818993,5.78200286646175,151.53563893157695,23.837162230632263
935138000,0.5144361904539609,0.05894519787217836,3.147675597785493,5.716721978366838,152.9552378767594,24.63782600895487
935144000,0.5132215118865786,0.06010386633406656,3.1384642198538515,5.7347443315964775,152.34736039452784,24.98437995758377
935150000,0.5139353765332966,0.05860622541362188,3.1430696518427688,5.725718966078181,152.78589430338457,24.450485096990757
935156000,0.5152196550602957,0.05941319693095679,3.1548426350595293,5.702780394442916,153.22648682353463,24.9068168898946
935162000,0.5153292581455223,0.05822886289515336,3.1546231588854137,5.703206282178138,153.38993258444643,24.435484703283628
935168000,0.5131642046744083,0.057587792528562304,3.1355242248331967,5.740521336781038,152.57355370612572,23.962419967085566
935174000,0.5154712261626921,0.060072129811390575,3.157656443058607,5.6973261042748655,153.26172141668985,25.200494117053246
935180000,0.5122339053872872,0.059709002880180745,3.1296902835275753,5.752020647920556,151.9894898092245,24.726177489563632
935186000,0.516673841084661,0.05699499441108495,3.165000087265006,5.683141932951492,154.06199811246503,24.063486379540265
935192000,0.5132194713966524,0.05936677362275073,3.137717245735783,5.736210972269337,152.42063467495828,24.686813233472325
935198000,0.5146476283807224,0.05758010448798307,3.1481616836089077,5.715774194733854,153.1762849422174,24.103954983102497
935204000,0.5152106346509314,0.05865396233301332,3.154019455537797,5.704378092534281,153.29921149102725,24.596876799349808
935210000,0.5150123686203224,0.059601983798729184,3.1532528995268323,5.705866724748213,153.12307950853895,24.96257164244708
935216000,0.5121056216246915,0.05887893342497664,3.127790517603513,5.755775598003215,152.0202555929955,24.37973812931869
935222000,0.5126877866561663,0.05858249918960104,3.132435551567179,5.746603495165257,152.28389034368274,24.317666411054855
935228000,0.5152379510225097,0.057869758468872635,3.1534934488037183,5.705399497559542,153.38828396164536,24.2800171611731
935234000,0.5163096697836046,0.057897375332803785,3.1627272093567425,5.687524152087638,153.82348260520754,24.397520348925305
935240000,0.5161993690127822,0.05723090953716093,3.1611381451323264,5.690592104162492,153.84420507931907,24.1136296923871
935246000,0.5158906098397362,0.05667610500281802,3.15795670681518,5.69674471043777,153.77197084208768,23.85618178621582
935252000,0.518237829050267,0.059672123057692886,3.1811436049304285,5.652216477248661,154.4348913576151,25.32175569187755
935258000,0.5185873329282309,0.05901295062046417,3.1835248717990594,5.647684241981405,154.64685706276666,25.086200876134868
935264000,0.515635222906331,0.062249902850834676,3.161284572653056,5.690309258192504,153.10133710581596,26.102307809361395
935270000,0.5179156120805748,0.05758789419699638,3.176301947482583,5.661454800383769,154.51419688145523,24.430457046373817
935276000,0.5179889148804133,0.05806596649595123,3.1774001358925927,5.659356616843702,154.49644235882363,24.634876535261984
935282000,0.5163622867005796,0.055165857920284854,3.1606057348926284,5.691620777128365,154.11071835102513,23.281771828221537
935288000,0.5179443218228582,0.05787956153528819,3.176832629655237,5.660440685342058,154.4968140113899,24.55356604262042
935294000,0.5142462351767554,0.055882793510722485,3.14313449495425,5.725592101710468,153.1765785583335,23.374136461756382
935300000,0.5165315409815278,0.05656119334837164,3.163362800853382,5.68629799609509,154.04599599047623,23.87143321533087
935306000,0.5185266755327937,0.05978134139813412,3.183762725144618,5.64723195189336,154.5424893627529,25.396680907608197
935312000,0.5151632053767493,0.05702283685639172,3.152043640464599,5.708216711702894,153.44083991932237,23.927172923543004
935318000,0.5168005615763382,0.054578177843077405,3.163843160612009,5.68537166969422,154.3468105414157,23.08131111198925
935324000,0.5161799700656313,0.05657285400087837,3.1603471201785474,5.692120587123002,153.90059065740422,23.8420024642613
935330000,0.5192745894340912,0.05796179413788961,3.1884767969231493,5.638283349810459,155.03821868265146,24.72176997611416
935336000,0.5176730812888943,0.05840827938876862,3.174996830467541,5.663950434091366,154.33184390473903,24.743946406106854
935342000,0.5142236275061461,0.06082693676466025,3.147731454574821,5.71661305069151,152.67824155625362,25.37854305145472
935348000,0.5199362398428786,0.05780483174258205,3.1941000015603564,5.627647271303983,155.3286553353087,24.723774962108173
935354000,0.5165079003440021,0.06006678038941854,3.166570090215426,5.680118971669211,153.6848572801792,25.304846965655695
935360000,0.5152828637315948,0.0571464870448559,3.1531864766607813,5.705995754145098,153.47763173101524,23.98931454157537
935366000,0.5133353644891641,0.05914857513818437,3.138488708686163,5.734696262338797,152.4892099902455,24.610270354261143
935372000,0.5142236412546778,0.05739888271405649,3.1443667377943765,5.723182347461213,153.02154639311664,23.988837085326967
935378000,0.5118459372136954,0.0581074594463611,3.1248485318138144,5.761600566954003,151.99127480801047,24.04404818927698
935384000,0.5150428858314197,0.05955674028097105,3.1534695289654913,5.705445954341014,153.14006851637984,24.94727873418324
935390000,0.5120413562388468,0.05973190120088158,3.1280826765377827,5.755197805671712,151.90985157538648,24.71615055904005
935396000,0.515732275706247,0.058252358521885934,3.1581050740914147,5.6964574756360475,153.55203358225566,24.485187517679634
935402000,0.5140177421629571,0.05665602760123289,3.1419074173518498,5.72799384485823,153.0097236156645,23.66696380167946
935408000,0.5173195477270969,0.058765231886943374,3.1722869584056674,5.669139509856121,154.1503839494099,24.85483842592538
935414000,0.5158403785953405,0.055733514744044935,3.1566429372661324,5.699289440167972,153.842294722699,23.465086793952455
935420000,0.5178151224295078,0.05548681053857707,3.173444162254198,5.66692240138728,154.6789813220879,23.553173038255085
935426000,0.5152896685155745,0.05451702570031454,3.150803342337318,5.7106291014121515,153.73152730917258,22.914380381090293
935432000,0.5121535908775873,0.058460586077218164,3.1277908834487556,5.755774874408909,152.08063232155442,24.2161302808904
935438000,0.5140341911868782,0.05452775748227209,3.140085596721619,5.7315635236758435,153.21729897012867,22.801981936771924
935444000,0.5190817523224848,0.055136183702522046,3.184116049938251,5.6465602254377885,155.23788181721886,23.530056530894566
935450000,0.5157894139993691,0.05696710887734937,3.1573627117043954,5.697894968497581,153.7021915926752,23.965450699583613
935456000,0.5155732492963473,0.054575928771476614,3.1532875940760405,5.705799331432916,153.84229635975987,22.96504606854403
935462000,0.5167229759530841,0.05586918234082141,3.1643636613442134,5.684368288087923,154.19174027218085,23.605561618109622
935468000,0.516673298047804,0.05445112930642451,3.1626308311442077,5.687710128634126,154.30632178185706,23.016957061404355
935474000,0.5173928060516622,0.056600553794485454,3.1708333935382442,5.671926968083939,154.39642328883403,23.971774347397115
935480000,0.5185551756370002,0.05496050142099504,3.179375555227601,5.655586457536993,155.03610766924965,23.406394080195927
935486000,0.5173815859419605,0.0560404738556186,3.1702092887860402,5.6731246662630985,154.44642462139345,23.739820487852437
935492000,0.5173804246472246,0.0551438106026473,3.16936645714912,5.6747429471395305,154.5323247911782,23.36973541149798
935498000,0.5201891772635956,0.05438120417081721,3.193083013937628,5.629567788073642,155.77218741349836,23.321981927357832
935504000,0.5201887640355957,0.052648502928179026,3.191521193993202,5.632519828688936,155.93580031238952,22.596827195951867
935510000,0.5175580915563566,0.055899490805012254,3.1716038039503336,5.670449221535495,154.5329155724193,23.69878245081684
935516000,0.5179551911394973,0.05535467249654917,3.174534906410283,5.664834267175168,154.74963696224108,23.512023964378088
935522000,0.5168199838773377,0.05517704516970889,3.1645588845493196,5.683992046243919,154.29802452726094,23.329941121905318
935528000,0.5195312850000535,0.056977163342586956,3.1897653528547685,5.635842422171407,155.24379653803913,24.339169139039235
935534000,0.5147379599632912,0.05674787003900873,3.148143726998319,5.715809201241049,153.2940585461045,23.773763167636737
935540000,0.5195742023266323,0.05450012392549127,3.1878216746806713,5.639525195305954,155.5040721908436,23.312647771693445
935546000,0.5167169800384516,0.0537633721101309,3.1623866628623163,5.688181345166244,154.38863783440178,22.73744770062067
935552000,0.5148014726709962,0.05684727116094238,3.148780753694499,5.714567585887104,153.31033175093359,23.82043000519963
935558000,0.5184878814643533,0.05669747050969214,3.1804154287721973,5.6536039093579635,154.8390449944134,24.119550195587596
935564000,0.5173851876680758,0.056875859284628905,3.1710285650634824,5.671552528512105,154.36624500411517,24.08443648303907
935570000,0.5187693746358666,0.05518034384417843,3.1814395668657633,5.651652766931088,155.10385208086242,23.518247769504942
935576000,0.521108622014071,0.05746518359119181,3.2040435058036993,5.608940777246948,155.85154159826203,24.701419098887097
935582000,0.5184848913340205,0.05822927085298287,3.181864355514758,5.650843887380973,154.6845196625837,24.7523496570345
935588000,0.5183740763431086,0.058450195594701035,3.1811176219585113,5.652265971837246,154.61637109990698,24.832274022665903
935594000,0.5193495781251434,0.05388875636118452,3.1853078177671,5.644295705070316,155.46865893626168,23.036389852911384
935600000,0.5200795731229557,0.054461101326230714,3.1921979945500802,5.631240195316386,155.7187160981135,23.34484471733443
935606000,0.5159858930792285,0.05765803710435187,3.1597108739453454,5.693350611145261,153.71469529552678,24.267452729376526
935612000,0.5174500290904229,0.05345331486970183,3.16843481134797,5.676532868479956,154.72038801702533,22.677409637585797
935618000,0.5172209463492813,0.05497557507479344,3.1678338866379447,5.677688013397006,154.48254532373073,23.285073030659387
935624000,0.5171845107609719,0.05518149113342875,3.1677085999497074,5.6779289106832955,154.44786971036058,23.36656250911079
935630000,0.5135845723211067,0.05542323481151802,3.1370728247003608,5.737476880523519,152.95071178667885,23.124646782263035
935636000,0.5166277335549154,0.05586846164628421,3.163542094514093,5.685952209403164,154.15263721155256,23.596086440629893
935642000,0.5189019599326039,0.0547388401813593,3.1821857601948014,5.650232030094873,155.20137509648393,23.347601405376874
935648000,0.5139544581296576,0.05359601045093119,3.138571298611469,5.734534152296108,153.27039774429252,22.414529963478717
935654000,0.5159679081582664,0.053631997149625424,3.155825102541162,5.700874749338382,154.09218935350788,22.61393800567912
935660000,0.5185380611136141,0.055455828055318616,3.1796849330974655,5.654996469539303,154.9812656538367,23.610185779074026
935666000,0.5186671152377587,0.055991658305858304,3.1813064140896894,5.65190636485112,154.98264204282592,23.84486581996843
935672000,0.5180934988224487,0.05767315956591111,3.1779265917088484,5.658351348403949,154.57902852153515,24.48341934987616
935678000,0.5218019578400732,0.05469727711267397,3.2075227169645695,5.602425759958161,156.41776384683368,23.610489033187648
935684000,0.5240653479577847,0.05307122728547654,3.226057843832169,5.567979837913864,157.53234616309248,23.141824754825247
935690000,0.515355020213945,0.053721413999951506,3.1506473899529452,5.71093257951863,153.83211126134597,22.594166229450792
935696000,0.5210303812036701,0.05263649622059441,3.198879090826476,5.618640389431794,156.29014938256213,22.67031194088816
935702000,0.5200870717085719,0.051811776583451256,3.189898604241468,5.635590127173911,155.9704368872341,22.236730101833835
935708000,0.5197628599742043,0.04850382068057425,3.184285309895237,5.646238494010571,156.1277608224588,20.818847846053316
935714000,0.5206473052537303,0.05279266902078173,3.1956604274207394,5.624703140596581,156.11462837492456,22.70007340189986
935720000,0.5210313329003597,0.052911136860112416,3.1991314248873324,5.618165658538846,156.26479751159232,22.785843167250125
935726000,0.5186450974646112,0.053520327683268844,3.1788483170639372,5.65659220188785,155.21001201337788,22.81665155791379
935732000,0.5175107972218607,0.053387918305279065,3.1689016793334366,5.6756357538373265,154.75161757900577,22.655973582911802
935738000,0.5171160558932045,0.05313946635622516,3.1652715034532726,5.682619096636118,154.61122831074994,22.516655638731123
935744000,0.5197473363206987,0.05361697664922153,3.1885305604320155,5.638181461179781,155.66033250701213,22.960591537838994
935750000,0.5207101927790811,0.05214993966516878,3.1956439336956928,5.624734243435539,156.20084297335,22.43603214163618
935756000,0.5194877296516162,0.05192590231201902,3.1847695591287413,5.645318236596407,155.70901257417165,22.229663529474234
935762000,0.5171021754527138,0.052518870600927296,3.164604679668543,5.6839037955553255,154.66234843845228,22.258612170385632
935768000,0.5232178742941895,0.05463113042379788,3.219963601161343,5.579257025257399,157.02136776456013,23.721131168908833
935774000,0.5205045168251535,0.055908165632421854,3.197258522859604,5.621691238709281,155.75528062586008,23.990633306510933
935780000,0.517930273268309,0.05553871797534822,3.1744897207245284,5.664920739585092,154.72158364791923,23.58574634996052
935786000,0.5170891397888139,0.053854701971696894,3.1656777723808194,5.681836675963813,154.53378153303328,22.80981182073344
935792000,0.5202149906041774,0.05582562777887636,3.1946468226802116,5.626615194630756,155.6425736916871,23.92764581965331
935798000,0.5185228889874611,0.05243343864907548,3.176823321538442,5.660458469586845,155.25991851001967,22.35305292431454
935804000,0.5198074778993633,0.051495285329454,3.187183587247118,5.640735294085591,155.88212801111328,22.078558990857292
935810000,0.5214241540449565,0.0521412575023976,3.2018984840829665,5.612965267561796,156.50205520248954,22.498579746748828
935816000,0.52313090733157,0.05116923232149159,3.2160957281530544,5.586438931441279,157.31417779773275,22.245323696511996
935822000,0.5208616208206203,0.05038549873495263,3.195448882407683,5.625102085994315,156.42525638654425,21.707381304624384
935828000,0.5190671792386117,0.05343501250161856,3.182440968754261,5.6497462878700535,155.39371041082504,22.82068307623684
935834000,0.5181868668217613,0.048229637998304035,3.170372091041045,5.672812187517025,155.4903173019938,20.569641907136404
935840000,0.5168228026650757,0.05057320372846292,3.1605238602111325,5.691779001849994,154.7206138330715,21.4277026480189
935846000,0.5199147428942816,0.05256441114452597,3.189053406943791,5.637190799787707,155.82885883196795,22.53614873799316
935852000,0.5196932059832505,0.052050593814208825,3.1866693637709735,5.641710882623632,155.78355106454546,22.30065483881669
935858000,0.523489546659489,0.05278833719060387,3.2206949485104777,5.577901198252607,157.31472622659805,22.966546895052108
935864000,0.5250776075837132,0.055372081635711175,3.2371908946768806,5.547499745282397,157.73681447221304,24.220420079951356
935870000,0.5242845276082752,0.050373773634126436,3.22564031096651,5.568750963786496,157.87878080439728,22.012398703223372
935876000,0.5208059667268836,0.05234879827694061,3.1966576779110953,5.622823248841156,156.2226465294616,22.528468582067504
935882000,0.5214493321661349,0.050816000413433544,3.2009704619432555,5.614708275214779,156.63433357930515,21.941940710530687
935888000,0.5223091843857884,0.04819929162532718,3.2063501873314646,5.604619637429944,157.23062754772482,20.909695402096798
935894000,0.520844525284222,0.04909838320469927,3.1942225548459477,5.627415928716398,156.5319801028812,21.163039635791673
935900000,0.5224572618513554,0.05082843892720689,3.209852020956546,5.598072750287521,157.0595768464944,22.03889665841674
935906000,0.5239729226995734,0.05004873190816773,3.222596428877624,5.5743792772003475,157.77531739932292,21.845167330870765
935912000,0.5230587052541271,0.048847130272809715,3.2134944686917932,5.591279741533856,157.49294574130235,21.250906690130204
935918000,0.5235951514693317,0.04806924971263865,3.2176034342686166,5.5836371342637525,157.7900334441769,20.96601459080802
935924000,0.5249290320970336,0.05016029763391303,3.2311937232933623,5.5585126048732505,158.17410812111552,21.980032307851626
935930000,0.5223366939791164,0.051463723190858034,3.2093373092751283,5.59903404253051,156.95019996368205,22.29693524911041
935936000,0.5252553362481283,0.04996328935506049,3.233935852449216,5.553471512885363,158.33206489315972,21.925375965119816
935942000,0.5239671014668101,0.04693186974591251,3.219985769211872,5.579215918432085,158.04731573463076,20.511291453028974
935948000,0.5213813770625287,0.05129675377694447,3.200787097596071,5.61505280194851,156.56187650850634,22.138615614095656
935954000,0.5232756639908401,0.05042971870337004,3.2167411957340524,5.585239091604073,157.44349408672363,21.944164086971792
935960000,0.5203036048475864,0.050887627401637124,3.190993478309577,5.633518003481591,156.1453126668343,21.868510932317495
935966000,0.5219948191110692,0.049879211773276595,3.2049713963904685,5.607201717969512,156.9493547731351,21.594892912825316
935972000,0.5243573063375553,0.047419617718587416,3.2238390393791567,5.572080198320513,158.17276522949325,20.7539673753707
935978000,0.5247681272416822,0.04559777611117566,3.226055304815611,5.567984526461486,158.5040851068254,20.005650159330855
935984000,0.5256363042818281,0.044101468985794284,3.232653209152517,5.555828329179881,159.00222851563248,19.430882637191157
935990000,0.5226703360980738,0.04692874215541713,3.208514122863634,5.600572162222739,157.49321462578942,20.39972854101307
935996000,0.5261646714529744,0.04569837609744235,3.2385941741174595,5.544929353502257,159.0988776041523,20.166244631038072
936002000,0.527710610215951,0.04896731730532442,3.2551166063941426,5.514849256770687,159.48271353696393,21.719324476959354
936008000,0.5251825793487384,0.04798629967675901,3.231642601095889,5.557686746596834,158.47794643201703,21.06933060661598
936014000,0.523670076161104,0.04858350200754449,3.2186876127285178,5.581624181891977,157.77700100667417,21.192316166438232
936020000,0.5267767008490134,0.048473344781069454,3.2463045917278848,5.530849969345572,159.1225379541494,21.420899820297095
936026000,0.5251602328996648,0.04798868759102642,3.2314453091572446,5.558049698720097,158.46812386734806,21.06839477672405
936032000,0.5231847369992408,0.04885990849559967,3.2146192236155993,5.589185566077095,157.5455232687981,21.26747204308492
936038000,0.5239627935088528,0.04865082196076666,3.221338285361646,5.576709095014909,157.8961874022584,21.246911505471886
936044000,0.5228675369611158,0.04821842246626248,3.2112902168068627,5.5953885379842285,157.46657353078572,20.96631787831229
936050000,0.5233661776596936,0.05093295083376654,3.217973781795279,5.582949355447644,157.43595563636376,22.166545541618895
936056000,0.5253617906934926,0.04889032639103366,3.233984918017206,5.553381397514251,158.47484440960778,21.474046942823623
936062000,0.5255070845291245,0.0516083222379805,3.2376036703902233,5.546743406880713,158.28729075650435,22.65441120184104
936068000,0.5249886130549217,0.0485849803588596,3.2304044454593215,5.559965356458002,158.34169210289446,21.309546038148046
936074000,0.526191670984133,0.051453346325726956,3.243593772080522,5.535791551417769,158.59585148694708,22.652524093362583
936080000,0.5273895239042132,0.04891293841824092,3.252178792712092,5.5201730492638825,159.3483532473278,21.666559732102343
936086000,0.5246441619911181,0.05091020311432809,3.2292997412364315,5.562000003559944,157.98310834204318,22.274812768461
936092000,0.5255161282847186,0.05253354106283018,3.238503784398838,5.545094846464603,158.2031022987466,23.05167124960377
936098000,0.5246143726851474,0.05118234850683889,3.229270280860318,5.562054284834992,157.9450955010529,22.388388997662616
936104000,0.5260718321037509,0.049011633486706764,3.24043244116261,5.541565916497365,158.76968704205098,21.590072246306043
936110000,0.5242913274650008,0.05098132797674772,3.226222693785014,5.56767544348678,157.82576144925397,22.272525009899265
936116000,0.5254845424070894,0.05012167050098835,3.2361167267192514,5.549468967666674,158.41597805953697,22.014366049173354
936122000,0.5253651089894087,0.050351132055630764,3.2352461239263275,5.551066064180018,158.34360436311073,22.10190724473939
936128000,0.5214287540897011,0.05136920327462686,3.2012657944681093,5.614153461308359,156.57522832631705,22.173511229686426
936134000,0.5223293906078919,0.04945133976351264,3.207559428453271,5.602357099113469,157.1293465131585,21.44327804143474
936140000,0.5213784537625356,0.05032021509115131,3.1999259031242966,5.616671501860386,156.64914381267354,21.72620402654583
936146000,0.5257498148445143,0.0501378944256688,3.2385012522895935,5.545099482606379,158.5284895936844,22.04570440508006
936152000,0.5251468808643126,0.04778993345961852,3.231164695581456,5.5585660196272135,158.47980340215935,20.98172156981576
936158000,0.5270169113613244,0.0504260387941931,3.2501091250893186,5.5239300033113,159.04795135150053,22.287181842034656
936164000,0.5301000208112454,0.04780768774720703,3.2758016122045017,5.47766291898167,160.63099281334723,21.42962583588405
936170000,0.5248788983786565,0.05091829757045904,3.2313973220813845,5.558137986529741,158.08278025338956,22.300042848180176
936176000,0.5267825609510486,0.051041806085828485,3.2485358981557284,5.5267893333299964,158.88912197873196,22.53103368063848
936182000,0.5274374002734525,0.051809311579764275,3.255100632103891,5.514878176069473,159.09885126767134,22.924513159878373
936188000,0.5260186414410664,0.052213489171532915,3.2427145728694704,5.537396213781813,158.44921208421277,22.96263446111951
936194000,0.5273037296311207,0.05007719992471849,3.252390141810064,5.519789696013401,159.2043980384605,22.163006400551662
936200000,0.5302430456953393,0.04932304461283953,3.2783687415693366,5.473083978849694,160.55480795237057,22.10761137417311
936206000,0.5274547141292739,0.05006271160445974,3.2537371890105193,5.5173476615314145,159.27110179448937,22.1707403068902
936212000,0.5306674728627947,0.0477025556386049,3.2808877889056984,5.468598481224381,160.88994600183048,21.434673288335183
936218000,0.5280036597355502,0.04619395269511133,3.255504894113078,5.514146410591069,159.85596505891775,20.53845696618578
936224000,0.5269241733915636,0.04692107369186043,3.2463669164379265,5.530736464194982,159.3234336702238,20.761323458624336
936230000,0.5266866792391938,0.050609216970572884,3.2472999487943164,5.529037810244062,158.8883097019347,22.335466433373306
936236000,0.524283087999033,0.048201037807804346,3.2238127063597184,5.5721288993540075,158.07290277184165,21.08255897630301
936242000,0.523070556964631,0.0465858114338778,3.2117763415849025,5.59448184898228,157.69299809526296,20.287166134729752
936248000,0.5205377897438183,0.04843145600437427,3.190991837414865,5.633521107806687,156.46040606769256,20.854986814852477
936254000,0.5227283319404927,0.04660498087565505,3.2087701845862937,5.600093618516438,157.54527264959145,20.266536042237515
936260000,0.5249944167043865,0.0460824608115592,3.2284462674867602,5.563572988312425,158.56090227610372,20.233445550850924
936266000,0.5258764097003674,0.046197445410805824,3.2364058279452026,5.54893882964222,158.93185492366473,20.357809988561296
936272000,0.5270877404416777,0.04563125614351675,3.2468187998300486,5.529913642590051,159.5051590399338,20.21513162815446
936278000,0.5276819094515198,0.04770997593610425,3.2538199115959485,5.517197768209693,159.58324022081587,21.170502565197708
936284000,0.5292192577837866,0.04570287831512687,3.266111693293274,5.495018199297609,160.42994882433672,20.428308727548085
936290000,0.5248156963153499,0.04592278722738871,3.226730701008777,5.566737627652926,158.49736160600744,20.14961331900134
936296000,0.5287480892741776,0.048941242242957324,3.2644675573410837,5.49797423585709,159.93644364669734,21.802670950051123
936302000,0.5256871627124259,0.04661315640623216,3.235042591984245,5.551439574911417,158.81458510664052,20.521280788310023
936308000,0.5274385134083411,0.04809902793535193,3.2519459517348284,5.520595449036665,159.44286533138333,21.317857075262076
936314000,0.5256806549886966,0.04582759420432081,3.2343675392482125,5.552678766989922,158.87855120373527,20.181343188359964
936320000,0.5274328835425185,0.04507360746151161,3.2494904818223738,5.525054018685677,159.70240519068184,20.001484585206175
936326000,0.5256980185724618,0.04842800157723164,3.2366053607251777,5.5485729984069945,158.6608173407217,21.305047811247057
936332000,0.5244938539058872,0.04579733509763757,3.223771215980513,5.57220563462506,158.36935678337437,20.068639143937965
936338000,0.5253227850420766,0.04864514846642587,3.2334337352797005,5.554393890956602,158.47996724714505,21.365126952453252
936344000,0.527323427875812,0.04565696916573797,3.248957322142353,5.526023097946144,159.60551268228534,20.246301581008876
936350000,0.5279756304079861,0.045432255836389386,3.254656020477361,5.515683211255741,159.908867495036,20.203688590493872
936356000,0.5286634225472138,0.04455040126089468,3.260188727437755,5.505682686217229,160.28395799596117,19.875891572169802
936362000,0.5274099688061776,0.04350151254867566,3.2480970286406396,5.527587521742523,159.8220607993235,19.3139431819866
936368000,0.5253505083170473,0.04329228393921869,3.229503631027541,5.561624362960645,158.94356361326192,19.057524008178387
936374000,0.5258681214723508,0.04472173629142562,3.2351915808542344,5.551166153557787,159.05186844423397,19.718485415545903
936380000,0.5251540401208611,0.0448801352525393,3.2289404540171827,5.562662071544111,158.7300019079521,19.72814661680188
936386000,0.5284339549942342,0.04623378474236575,3.2594212807476004,5.50706762903438,160.04037195917184,20.593003773730253
936392000,0.5291261567087331,0.046021546740843404,3.265518117401331,5.496085026605951,160.36164612642258,20.56000448446967
936398000,0.5282648500984002,0.044960740663921105,3.2569015126087937,5.511619897509737,160.0750630440391,20.02210441907943
936404000,0.5278124549487608,0.045069906141198435,3.2529051247537764,5.518855830174915,159.86824413663504,20.03174832625001
936410000,0.529572384913261,0.0474138116439292,3.2706816187497325,5.486819028833036,160.43487898560699,21.209468567649704
936416000,0.5297935676137722,0.045402049810423194,3.271089763689277,5.486087981496329,160.70803496125484,20.345482409116197
936422000,0.5292120471046939,0.04246595461635551,3.2636025730788516,5.499530733981642,160.69555466791599,19.00513343081507
936428000,0.5305925914943596,0.045651716014616255,3.2785588869061963,5.472745134706506,161.038487371989,20.52432262271049
936434000,0.5271655686161906,0.04426819514720544,3.246473760961195,5.530541891199667,159.65285598859654,19.628336952768585
936440000,0.528645573706415,0.04342166945998013,3.259178250215959,5.507506354735514,160.36932424092927,19.379445173639894
936446000,0.5283957636370988,0.04581335463602819,3.2587453234015644,5.508288065627093,160.05988880316994,20.405983319324797
936452000,0.5290690927239067,0.044213716136236834,3.263604366110178,5.499527506565088,160.49000225070824,19.762018302979012
936458000,0.5271687858253347,0.04425503988754311,3.2464927427239276,5.530507325269959,159.6553402857385,19.622869998498757
936464000,0.5290875816598758,0.043204259091831926,3.263016511129493,5.500585842214333,160.5811867200547,19.319949520523156
936470000,0.5268579105878953,0.04358678132794793,3.2432016139560615,5.536507176438514,159.5744552757012,19.30641166457193
936476000,0.5271295186754331,0.04300095133325281,3.245207664620296,5.53284847070818,159.73998251407818,19.072915601459876
936482000,0.529774557618105,0.04230811188145112,3.268590360740373,5.490567937979801,160.95618820787195,18.98059357990781
936488000,0.5264590035004302,0.04623212594025445,3.2416474294579003,5.539345193151057,159.1810963595848,20.422491109965836
936494000,0.5286816104624107,0.04345631885789666,3.2595297824650915,5.506871781934384,160.3823113040949,19.397589835316374
936500000,0.527575892475308,0.04462387028871319,3.2504332855624445,5.523341223573553,159.8023191307885,19.81734489422555
936506000,0.5290836750968771,0.04623402054058118,3.265300998587963,5.49647535872893,160.32461333089535,20.64942746448823
936512000,0.5307826038614258,0.046020213861165664,3.280582819686916,5.469141115286119,161.0902613826973,20.70345015505803
936518000,0.5258062303102108,0.04542526601800875,3.2351774064350445,5.551192164966022,158.96664551433884,20.017904215800954
936524000,0.5274087217230966,0.04489051354450573,3.249132658267249,5.525704365530491,159.70720402805233,19.91967375514257
936530000,0.526392448873221,0.04354417181722384,3.2389981594142374,5.544189828645059,159.3753832522861,19.250279352480394
936536000,0.5246649118355321,0.04341035032028545,3.22348768748655,5.572730070976788,158.63778258083858,19.05400938705366
936542000,0.5278398820494686,0.04602949830091927,3.253898602634372,5.517055187862008,159.7986906115997,20.452656007794122
936548000,0.5288572110028663,0.04677573506632852,3.26368107626342,5.4993894336588545,160.17819371617924,20.866793964764014
936554000,0.5269340604119199,0.042768208168239195,3.2432829968774346,5.5363586500712,159.6732937201819,18.955816351845957
936560000,0.5282219376336806,0.045674965607656874,3.2570672691897116,5.511320199078539,159.99577268299444,20.33063946835577
936566000,0.5269653913720478,0.04568881109509936,3.2457646657694252,5.531833478790084,159.44709611299314,20.229785800408763
936572000,0.5275892317971456,0.04340864003557761,3.249640846956274,5.52478077619885,159.90787010598504,19.287907447005633
936578000,0.5291530476492443,0.04373673834991466,3.26400578410274,5.498805061601081,160.5663738734754,19.559405351176466
936584000,0.5298820213737792,0.04547988649571324,3.2719544496881166,5.484539866873247,160.74026464059494,20.387314996840786
936590000,0.5300205858012097,0.0429561980532511,3.2712997785601963,5.485711892527599,161.01248055912652,19.286576460073743
936596000,0.5307378610207711,0.04572220642678115,3.279939431479397,5.47028626575774,161.0964771294953,20.568027764345786
936602000,0.5297390018109582,0.047901620409259875,3.2725944607611273,5.4833945863764,160.4641325831835,21.43825030693078
936608000,0.5311679413597727,0.04557199329734121,3.283749578605829,5.463511889819816,161.29953692285594,20.5389987798788
936614000,0.5290790013367512,0.044759028301416225,3.264109458452913,5.4986185073782154,160.44871426058657,20.00225087503909
936620000,0.5291378855614413,0.045264298063757674,3.2650324382704103,5.496958250674481,160.43177545485173,20.228950926815386
936626000,0.5283945803190102,0.04549920748768183,3.258489406817313,5.508750267233445,160.08621418469835,20.26854622654046
936632000,0.531419500077225,0.04502225767888639,3.2856216835931162,5.460189664119034,161.45836251539794,20.31739026078257
936638000,0.5301241444295872,0.045158541416358285,3.2739068184383715,5.481047706546505,160.87440281166474,20.266588163931214
936644000,0.5307289174852158,0.043956534570277185,3.278496871781312,5.472855642577544,161.24299304751997,19.78709166748965
936650000,0.5310389847648245,0.04539505538611204,3.2824325644723373,5.465851557713965,161.25783688033104,20.44959153187522
936656000,0.5331498795082945,0.04708831480595049,3.3031600606432097,5.429267592899071,162.0442712422187,21.387608054027158
936662000,0.5346051298730096,0.04411162553100706,3.314267871846814,5.409869612114608,162.95811265785625,20.184856177701498
936668000,0.5333468618052956,0.04379089683861131,3.302385289984277,5.430625962662898,162.42134152974526,19.933694412159543
936674000,0.535768574328836,0.0425168962200404,3.3238842674798046,5.393191307044839,163.61799348273613,19.564324079327218
936680000,0.5358719336221985,0.043182566929714276,3.325343932733387,5.390668991763557,163.60867506104603,19.874193300955667
936686000,0.532541766330949,0.042983236004166314,3.2943669232670363,5.444725520962798,162.12930606942606,19.505494543577754
936692000,0.5333620778369393,0.04368693794007107,3.3024470074047962,5.430517730626088,162.43694190304333,19.888481103457575
936698000,0.5346732702771918,0.04508493647639432,3.3156532534294616,5.40746029864574,162.90413950112205,20.62802111257911
936704000,0.5349463540875982,0.04225333440856009,3.316041936452235,5.406784738842204,163.2684300944593,19.37690925503934
936710000,0.5344427787801448,0.04131237245883346,3.3106896991448775,5.41610266813087,163.118202452096,18.911571244429815
936716000,0.5336420175173207,0.043820361828083916,3.3051319394260394,5.425813551200913,162.5509318730507,19.971908043665625
936722000,0.5302627032195321,0.04579199034044408,3.275662789632892,5.47791075974435,160.88090878079356,20.557568249444778
936728000,0.5316338719180499,0.04391594714879869,3.2867367357297264,5.458212881580788,161.64743717469128,19.844939904612698
936734000,0.5318530384834071,0.04416698676794613,3.288935094131176,5.454319922579936,161.72361776661586,19.974911711625765
936740000,0.5296224792990336,0.04584302289824049,3.2698804896791143,5.488254553691917,160.59486569947936,20.524588921949476
936746000,0.5297680005581024,0.041465798836666234,3.267926059863324,5.49175990971742,161.02009439756455,18.60808450970786
936752000,0.530479412458833,0.045059881801413945,3.2770658161755817,5.475406993657927,161.03948226674896,20.253455074613804
936758000,0.5309772942807789,0.04373521014760132,3.280596774463772,5.469116283016794,161.37139814634952,19.70986138708819
936764000,0.5325476594287518,0.043730515001349765,3.2949803077823607,5.44364427118981,162.06957382318643,19.839266754064298
936770000,0.530737840818934,0.041614918817094115,3.2768567125048915,5.475779998955979,161.4376625302041,18.750630087936596
936776000,0.5324268225667661,0.04455337875866496,3.2944966536193463,5.444496800489832,161.94590274906673,20.195568388596712
936782000,0.5302121230197516,0.040583501706100776,3.2713414612825775,5.485637254567287,161.2852709664758,18.252272088967608
936788000,0.5337770716191993,0.04097694163807269,3.304293008731595,5.427282509592847,162.84545963688785,18.707265229876832
936794000,0.5331576273731086,0.043101423548001415,3.3001226624547226,5.434596943527156,162.39461476472053,19.60942448042363
936800000,0.5314310211572779,0.0411968807698666,3.2828885026881194,5.465041351967242,161.77869265714952,18.61971650906767
936806000,0.5315193360491782,0.04359661699508367,3.285447611184948,5.460498395958555,161.62330546290508,19.693577356414366
936812000,0.5293164871872528,0.04276477433514575,3.264767083903577,5.497435464182478,160.717522541501,19.14510930305998
936818000,0.5309252185687416,0.041273392697942814,3.27832260041984,5.473166210162876,161.54780957348882,18.613867478176886
936824000,0.5299828026521785,0.04496983013682332,3.2724750398953066,5.483608248913839,160.82823278937397,20.17141047196352
936830000,0.5280980509214107,0.04428752845072095,3.2548830212265627,5.515272162442381,160.0583104886337,19.713763463448743
936836000,0.5318566461654755,0.0444957385194925,3.2892193404995558,5.4538169840357025,161.6973132695024,20.121247518230152
936842000,0.5324262595251689,0.04007187844758712,3.2912201403870323,5.450279525837198,162.31063254938778,18.195388500666578
936848000,0.5299367246221337,0.04268787701929159,3.270340372786983,5.487430404813335,160.99722096778066,19.161299960828686
936854000,0.530877277427306,0.042274209288300196,3.2786037036673195,5.4726652763342765,161.44680283083977,19.054174880279312
936860000,0.5325084875770841,0.040594479779288414,3.2923388032643084,5.44830376978266,162.30677789810744,18.435592889639235
936866000,0.5324343003141045,0.04109647432541974,3.2920111071764704,5.4488823857064395,162.2340827649857,18.65421808997028
936872000,0.5320391415245727,0.041497790956598786,3.288670885264671,5.45478749316556,162.0257638425286,18.80200163324653
936878000,0.533961934672061,0.04117427639563498,3.306141460258299,5.424046979203264,162.91282373651376,18.810762692814688
936884000,0.5344255249216633,0.0419890942915168,3.311018428296934,5.41552941467301,163.0554521150537,19.21498266561004
936890000,0.5327899388423769,0.03958226803904648,3.294225262548812,5.444975297874071,162.51117439419897,18.004052064550642
936896000,0.53421569734778,0.03932971138288407,3.3072025677987105,5.4221914146287595,163.1717960337356,17.999716103008723
936902000,0.5332845773905194,0.03854445749266726,3.2980778057036937,5.438190891351429,162.81183435626141,17.575413851590252
936908000,0.5332094917995523,0.039927144205021234,3.298323325584761,5.437759117473485,162.67288132585523,18.191074265692716
936914000,0.5351775705040402,0.04033931716299022,3.31681741938689,5.405437412612119,163.52772837232982,18.53086729752809
936920000,0.5347677273139502,0.04123325647614665,3.3136452905533296,5.410953063425694,163.271114401247,18.902090580019898
936926000,0.5322548428702326,0.04204111168326553,3.2910407655766107,5.4505964710691215,162.07835962751028,19.061683198208563
936932000,0.5334670914423345,0.038384744106090815,3.299653739578684,5.435420667748112,162.90589777154483,17.517174575967008
936938000,0.5321880255451895,0.0396621177073334,3.2887524259207974,5.454643181787141,162.23554237754865,17.993791358735752
936944000,0.5304468868610586,0.04272145568862025,3.2750066411072174,5.479082499192224,161.21998495332144,19.21747503155038
936950000,0.5314506122509199,0.03978470129025283,3.28208385533173,5.466471384024068,161.89694489959209,17.99224772792158
936956000,0.5347537422550853,0.04241519283976013,3.3143731221998816,5.409686493725967,163.16819604252444,19.433944909675727
936962000,0.5352891230901766,0.04070957694042405,3.318114686301821,5.403185086079979,163.54876586000896,18.70728736137931
936968000,0.5332761101195653,0.040241101691376756,3.2991545627085754,5.436297820392247,162.67840085103782,18.337208233327196
936974000,0.5352247397095398,0.04131987235860221,3.3179509121486768,5.403469325397538,163.47053870889025,18.978151733508792
936980000,0.5369963430977542,0.041657820933661466,3.3347251802808024,5.3745160269677985,164.24665923742157,19.27641139135116
936986000,0.5382392463731892,0.042264354435409233,3.346843945127991,5.353796742182384,164.76318451128373,19.656991804890076
936992000,0.5366590313274712,0.042223564029685245,3.3319815201474947,5.379229815464831,164.04625535157112,19.505712594430605
936998000,0.5379658787885692,0.04202689164610234,3.344095746271627,5.358480839977164,164.65818687877265,19.52543318066911
937004000,0.5365819978639137,0.03944775537678907,3.3292861911390625,5.3838688826141805,164.23555292032756,18.23647688621837
937010000,0.5362010058956599,0.04095326310813307,3.3267816490097535,5.388186983263683,163.94257303208875,18.891042444656556
937016000,0.5385176489881908,0.030635544230526925,3.3420525967449675,5.361968717460677,165.74223907110215,14.322066473321165
937022000,0.5342090880194931,0.039857725333694596,3.307503465198963,5.42166547217577,163.1280314631145,18.237364277565252
937028000,0.5337725805904723,0.04026472167451829,3.303750955684597,5.428232075245867,162.89967886445172,18.38661982799781
937034000,0.5328142371717717,0.03813685980466432,3.293479418482231,5.446290764350729,162.6307268535903,17.357267419899383
937040000,0.533515093291078,0.03541172983125902,3.2982007195039134,5.4379747249843655,163.1409601702171,16.179923485139657
937046000,0.5314400249321236,0.038278102644537536,3.2809756066031186,5.468442247146258,162.00498100752586,17.319337664263216
937052000,0.5323936298298161,0.03847868174758967,3.289841783637269,5.452715982868873,162.41672279856428,17.479478458467543
937058000,0.5334320454968238,0.03817352914723442,3.29919093444344,5.4362338981766225,162.9058293930153,17.419470852010818
937064000,0.5324649873775561,0.03799670908811081,3.2901790323329774,5.452119636223207,162.48429530175997,17.268661675383644
937070000,0.5343567675745569,0.03786543443166571,3.3075290806200117,5.4216207035150585,163.34589750312594,17.348979928454074
937076000,0.5359635597021134,0.03658233891306957,3.321619950356904,5.397108891987214,164.16926232837127,16.884045861202303
937082000,0.533582520427955,0.033997627680213645,3.297974406140229,5.438372752111118,163.26708972799622,15.545247402965678
937088000,0.535437178905089,0.03742367567078581,3.3172619818517957,5.404665341009411,163.868265816804,17.228534554998976
937094000,0.5345391309206268,0.037558910389597626,3.3090170911982923,5.419021382386226,163.45101349138835,17.22376255634229
937100000,0.5336499328155789,0.036494302255670776,3.300116583030533,5.434607621179822,163.12603393027362,16.678213316795635
937106000,0.5346907885518176,0.03839038028898137,3.310969328643066,5.415615029016734,163.45782722622448,17.611358127577105
937112000,0.5377507116336987,0.03804412351179685,3.3392869482496037,5.366697447088516,164.87797818268544,17.684925748266945
937118000,0.5354581416439349,0.03946905312094716,3.3188225556757422,5.401956893579827,163.72303507999456,18.158634519166842
937124000,0.5358516460417443,0.036242608845536164,3.320362589465174,5.3992868393249,164.14270108537707,16.721141174750144
937130000,0.5357935464610752,0.03770774763874629,3.320763023523265,5.3985930275548055,164.0092717269469,17.384091817575136
937136000,0.5378777791817954,0.03579235071497508,3.339028617816553,5.367139582108972,165.1026057722476,16.660155168201808
937142000,0.537689954892919,0.03683795402206129,3.3379279688837986,5.3690241958887555,164.94033960499542,17.126952856975215
937148000,0.5392323723868154,0.03756763915776294,3.3529306863534716,5.3434523603672375,165.59594341705065,17.578124244806375
937154000,0.5366289312461919,0.03679366383131737,3.3279628151180445,5.38614963537144,164.45759689597142,17.02885928438254
937160000,0.5360717349759344,0.03892436411599553,3.3241656940236695,5.3927048098117405,164.04380587117754,17.958636419945204
937166000,0.5351807282906057,0.04004279593507035,3.3166398658136425,5.405745833514044,163.55253991356312,18.396915312325994
937172000,0.5353373184306792,0.038315388717388904,3.3169200319880114,5.40525918510607,163.75646345177438,17.626037796597227
937178000,0.5349495514179623,0.0380322496615704,3.3131316233356984,5.4118473135715695,163.60184024155834,17.46855323117647
937184000,0.5357423735515928,0.040190573602960085,3.3219673447485847,5.396507469778003,163.79540218589028,18.50817166593464
937190000,0.5391686611528391,0.036072476554116654,3.3513640126209436,5.346110971253698,165.67761317578527,16.882588028831247
937196000,0.5367186884951509,0.03725258874188034,3.329097560840397,5.384193852901205,164.4648828593419,17.24518533843553
937202000,0.5388022288251987,0.03764463372402165,3.348919854749888,5.350264106840097,165.39169094379733,17.581050515753102
937208000,0.5350224522115277,0.038027249628780756,3.3138048144189836,5.410675408259653,163.63525767584787,17.471728068995105
937214000,0.5347502908269991,0.038701559478133744,3.3117288413567656,5.414290990476124,163.4612604343444,17.756665945395053
937220000,0.5343515741917397,0.039150110271009286,3.3083378470583398,5.4202075961485265,163.24688281070766,17.92906088428593
937226000,0.5344011957048805,0.038426850769198044,3.3083112132107693,5.420254119708141,163.32411623412543,17.606088985580588
937232000,0.5340375639934731,0.03875807894856571,3.305168990308369,5.425748694441648,163.13496356662463,17.728256842788085
937238000,0.5375654467006331,0.043584432721956744,3.3414970317056567,5.3629179372613835,164.34279813855943,20.201797634395735
937244000,0.534796308662531,0.036077167603581685,3.31045448193039,5.416512927936629,163.67451792226439,16.570744255130897
937250000,0.5391117427098082,0.03985993053042048,3.3533461524082764,5.3427477810356745,165.36150149704667,18.625543942193232
937256000,0.5373614622245425,0.03942465486154259,3.3365675813352462,5.371355441251926,164.59310935971948,18.286974779170706
937262000,0.5375067615352981,0.03952419390875889,3.3379991806424942,5.36890222045459,164.65172528077932,18.343914477561967
937268000,0.5381042344666854,0.037367055197431984,3.342163305381822,5.361779605811811,165.09135352774638,17.400745102050426
937274000,0.5382087831757552,0.03847898309656453,3.3438839961568436,5.358842102926323,165.05492092108489,17.919558375024057
937280000,0.5388619938066102,0.03340713083848636,3.346848519032537,5.353788953347683,165.72264982891323,15.628021743749269
937286000,0.538613442674203,0.0314006077614116,3.3433692025772386,5.359720592325573,165.73875019166888,14.682542796586567
937292000,0.540718185798908,0.033530565677987394,3.3644948805986856,5.32391220722793,166.57689798680275,15.811525032649548
937298000,0.5370010034585989,0.03891611620354995,3.3328426443291392,5.377749429169736,164.4680192673438,18.02652364713456
937304000,0.5392185125213774,0.03404206495036042,3.3505879497960422,5.347428943642877,165.84450611515334,15.946371319206719
937310000,0.5374792243869995,0.03541011743491994,3.3350509102614625,5.373956967392608,164.94664236395374,16.456095054890763
937316000,0.5371159593694982,0.035255701089671,3.3315525239340693,5.379967630527557,164.7907940900416,16.359604930290573
937322000,0.5384934322973787,0.03724895210588149,3.345749546000797,5.355661050521436,165.27923175627257,17.375539925679828
937328000,0.5362363781744072,0.03449288580776708,3.3228717811330593,5.394942324206963,164.44084773408116,15.949253726058949
937334000,0.5385289285077512,0.03875146979249648,3.3470829971117295,5.3533896953921705,165.1809382193374,18.069556560421937
937340000,0.5362019119415081,0.03738259215486607,3.3243564930061087,5.392375030401832,164.21938466531518,17.26629775929544
937346000,0.5352340924910519,0.03679514319574186,3.314970020756783,5.408648229919378,163.82189667962598,16.928107633541273
937352000,0.5377053249739022,0.036773723811588464,3.3380309775920987,5.368847758729195,164.9521210545016,17.09859611064552
937358000,0.5376255547760881,0.03651784857997832,3.337118613395176,5.370410906567814,164.93423846843012,16.97528065428035
937364000,0.5344242014735678,0.03481182424363248,3.3062316702920516,5.423889177433869,163.59364071466743,15.970727653049268
937370000,0.5367945427019304,0.033485411727158645,3.3274863730154305,5.3869712406621275,164.76457549494418,15.525465258560164
937376000,0.5367066700601906,0.03632499723269412,3.328390922825102,5.385411601351225,164.52716647824218,16.820226463593325
937382000,0.5371886693724489,0.03632588694575345,3.332901003744326,5.377649132037803,164.7477890334804,16.855473040608253
937388000,0.5394416861053987,0.03617237488944094,3.3540078216813733,5.341626066856369,165.7966133355607,16.948724541387833
937394000,0.5417723297107854,0.03806314139847092,3.377399985243154,5.302279528837648,166.73665442252258,18.003447758423544
937400000,0.5404635208717716,0.03944084200929842,3.3658659068403938,5.32160533454584,166.01930663743227,18.540385216442743
937406000,0.53979671340179,0.03657256449881948,3.357623500192845,5.335505051479529,165.93154843475085,17.160178365598416
937412000,0.5416816453473309,0.03586843798467007,3.3751028890481347,5.306116856534496,166.8607247324907,16.97173019019226
937418000,0.5402376164379479,0.034841631892721305,3.360718399913586,5.330277146491476,166.26169150615576,16.38870537771557
937424000,0.5393898711029677,0.0357271552500137,3.3532372776471764,5.342932400710497,165.80499673346648,16.738882057343595
937430000,0.5372733728349557,0.03800639013485847,3.3347837566701064,5.374415481804837,164.6621505105052,17.631432816983754
937436000,0.5382257919738398,0.03482250838937672,3.3417014665394618,5.36256860644643,165.33152625264285,16.238204189622373
937442000,0.5383831746108121,0.03744119228942086,3.3448366977601323,5.35721711177057,165.21406968379196,17.455757509761707
937448000,0.5423484971138328,0.03645180414024056,3.381853067583534,5.294856872010434,167.12939056232776,17.294290454534845
937454000,0.5399814039363483,0.035850901968016095,3.3589149486503236,5.333322251392406,166.07018283050732,16.839125655250673
937460000,0.5381327254495798,0.035131510589051555,3.341015135070579,5.363741570520411,165.26693757694653,16.37408215232104
937466000,0.5399096796564277,0.03433852637588195,3.357303709101094,5.336045845524246,166.14464183487192,16.131807509251367
937472000,0.538728599194387,0.030578419187644635,3.34400829012236,5.3586300412031465,165.84356841427618,14.308615497083894
937478000,0.541196971157541,0.031089813096490386,3.367663200589383,5.318584349523824,166.96220780566975,14.701983347185672
937484000,0.5413578750036401,0.030543392169358224,3.3688995590720596,5.31650826597136,167.0722222532131,14.455981367622085
937490000,0.5385467612005546,0.03451550537133611,3.344536314359484,5.357729355916949,165.5010281423251,16.118917950877357
937496000,0.539101885093531,0.035826106634332534,3.3505781933082783,5.347445517162127,165.66461991428608,16.76384307162972
937502000,0.5377069218974105,0.03273680142774254,3.335597299446094,5.373019453595297,165.23368005132988,15.241548225904943
937508000,0.536212469025249,0.03659232866351083,3.323946524540757,5.393083676530338,164.28205970700319,16.906620018466143
937514000,0.5341847681141041,0.03507488178638886,3.304176573242316,5.4274864517422285,163.46708563997097,16.073610911763815
937520000,0.5366780804852535,0.03396740153993371,3.3266811975580755,5.388360321481569,164.67880822864254,15.738692632660204
937526000,0.5346578936544898,0.03522572326303525,3.3086460092955083,5.419669363450267,163.67126780539147,16.174605406084016
937532000,0.5383344234068355,0.03331195319315081,3.341824033380309,5.362359191192207,165.48508824430522,15.548547557709655
937538000,0.5382507419601524,0.034616502985290024,3.341811152558937,5.362381198312728,165.3573968171262,16.144952785567877
937544000,0.5411615385471465,0.035897218046913176,3.370159773277794,5.314393843091083,166.61578236122372,16.946931491318598
937550000,0.5408304283908181,0.03632061681217809,3.3672761354745524,5.319234649914054,166.43028030674517,17.119778320729633
937556000,0.5401287414133524,0.036203358715187324,3.3605350369401017,5.330586588817031,166.1127776224674,17.013475543672225
937562000,0.5396982213377002,0.03566326317272224,3.3561145628393114,5.338057785605904,165.95245206930588,16.73156500355953
937568000,0.5407425709801912,0.036494482638484815,3.3665516667624464,5.320452256121056,166.3764842499404,17.194164642452062
937574000,0.5383957518385007,0.037330384175167174,3.344882674445213,5.35713871659408,165.22817110813327,17.405711374593377
937580000,0.5419813280783226,0.036364980034069995,3.378283110728319,5.3008057789677565,166.96401910505426,17.226136632735518
937586000,0.5401311290846212,0.036166005871697,3.360533948996334,5.330588424935395,166.11663133327042,16.996313192959484
937592000,0.5416199094008499,0.03587835902704229,3.3745196732306146,5.307092037406441,166.83114274223493,16.971822614243763
937598000,0.5423306787183428,0.03284157556201435,3.379473994150098,5.2988197828383665,167.37902851172157,15.598751016285567
937604000,0.5416511358065607,0.03354937042757979,3.3733928433696563,5.308977229096722,167.01174664539033,15.88442351254442
937610000,0.5431575853388324,0.03498919035277048,3.388692326150629,5.283498417812728,167.61733855827404,16.66713562164782
937616000,0.5408032995171372,0.031414090034537885,3.36409580923387,5.324584067576245,166.75716301280355,14.828566989603914
937622000,0.5424175633283935,0.03404519117434789,3.381016548314535,5.296249596488959,167.33674450750556,16.17035625272189
937628000,0.5432765591645249,0.03240482508864621,3.388295007004559,5.284156900298161,167.85420463451595,15.456897467521648
937634000,0.5420474742840984,0.0324674306828818,3.376549255255488,5.30370001654508,167.27115951079662,15.403859384285512
937640000,0.5435075275480566,0.033258365012522474,3.3910121814165746,5.279657064095914,167.90501315158093,15.875758972601075
937646000,0.5434439980201867,0.03278251339320381,3.390122822552756,5.281129036539841,167.9076910292589,15.646627727313616
937652000,0.5431736448645635,0.03249957307414127,3.3873604553283334,5.285706412760286,167.79923185642954,15.494688455772925
937658000,0.5437741147365092,0.03322691120708576,3.393560392761465,5.275444213740579,168.03317517515723,15.879346581923695
937664000,0.5417927638508148,0.031260554628765425,3.3734378508231453,5.308901904940907,167.2307688116063,14.82026860281396
937670000,0.5457361511703831,0.03422044539629557,3.4131405380882764,5.243302851166801,168.89418832549552,16.48966044394305
937676000,0.5427714758212734,0.03294227518476174,3.383756066310146,5.291691372042645,167.57958628589603,15.676114299498211
937682000,0.5415777093335626,0.034188078630306325,3.3730732531605128,5.309512156394619,166.93293503925378,16.17835866978301
937688000,0.5436738511308811,0.032732655779599655,3.392305993981915,5.277517192112844,168.01972744051707,15.638737138246698
937694000,0.5426627385463643,0.030543568303691506,3.3813685634747346,5.295663432931352,167.68606374701847,14.538306228723638
937700000,0.5418062245890576,0.034651120858056876,3.3755360427720307,5.305392829869962,167.0071626060111,16.41126925345244
937706000,0.5444891530090379,0.033480176264851044,3.400609636535761,5.263826006759399,168.35412765119713,16.049090225210193
937712000,0.5432990336894066,0.033236139253234986,3.388993792266479,5.2829989067175,167.8081197522539,15.850855444978457
937718000,0.5438580635638155,0.029822422940700692,3.3924679339866928,5.277249480981464,168.29689597042375,14.272185559467637
937724000,0.5402328175302692,0.03162748302368551,3.358797255571536,5.333521099401174,166.47699783845383,14.891499078677404
937730000,0.5414776549851831,0.03154844518971719,3.370590588817205,5.313671406304498,167.06428140105618,14.935020416955423
937736000,0.5417684233732852,0.028988420038062637,3.37199954938607,5.311310126547475,167.36038825345514,13.75054569724777
937742000,0.5423786393541319,0.028570547570517753,3.3776187775272812,5.301914332023177,167.67281315671556,13.58990641154748
937748000,0.5440457178986823,0.031571753716868156,3.395227903524752,5.272691136915072,168.27369342657624,15.113978664649837
937754000,0.5407146454429427,0.030115189554733683,3.3625509413486183,5.327186593863917,166.79746892151152,14.215338692552878
937760000,0.5413967304609901,0.029269973145527213,3.3685995027590745,5.317011964618482,167.16875297862782,13.860615459897783
937766000,0.5430755061081364,0.03081458400164571,3.385474690761358,5.288835915990992,167.86368861653986,14.692534594942398
937772000,0.5435119018211491,0.03190493970810983,3.390273635643667,5.280879367153821,167.99885608657652,15.236411173975641
937778000,0.544080450393633,0.030174792979110278,3.3947984329855974,5.273399913882162,168.38035265095422,14.453387527771007
937784000,0.5452537597548782,0.03083239133527292,3.4064976603427133,5.254162001704726,168.8965911050291,14.841475886132693
937790000,0.5416554302473071,0.03224310518524971,3.3726766619677826,5.310176121809423,167.10210017002254,15.272452896076947
937796000,0.5417566668439558,0.028662663031413384,3.3717219499289124,5.311775184855466,167.37421962485476,13.596540436087471
937802000,0.5385808634233982,0.029797017398469215,3.3422047678228433,5.361708783528166,165.82267903643233,13.937159542071136
937808000,0.5405836416193515,0.03106887002901059,3.361819120006108,5.328420355846841,166.67653206700953,14.65314608486136
937814000,0.5412402468148062,0.031123791782111887,3.3680939335425766,5.317860876368513,166.98031766939656,14.720668456791621
937820000,0.5423163084826415,0.02998676865853593,3.3777539168291115,5.301688790365682,167.55760305671788,14.25405718770287
937826000,0.5431400267804501,0.0313106497916122,3.38636668943019,5.287355131896883,167.8621558185276,14.93106436006696
937832000,0.5425578584344768,0.02826929351453799,3.379183201891062,5.299304585713932,167.77518285501696,13.458205978228246
937838000,0.5435673251219152,0.028715874489249015,3.389096047830985,5.282829497548546,168.2265916877736,13.729445243587188
937844000,0.5426447745660428,0.029489144431030578,3.380637572503879,5.296880803531488,167.74319001959574,14.03954742895663
937850000,0.5399057580303591,0.025827128337165654,3.3527763575160185,5.343714131916828,166.66405115247943,12.16231316264668
937856000,0.5427490357184546,0.02757771194628447,3.380673634458153,5.29682073349763,167.9056418380077,13.14232115731231
937862000,0.5442147775655929,0.029101605268315487,3.3955301913171416,5.272192373795486,168.510772095856,13.951777994126575
937868000,0.5405307655738636,0.02889217908567447,3.360170867685613,5.331201268681416,166.78523784132497,13.631811328270748
937874000,0.5410429451220257,0.03041220295330491,3.3658304968992394,5.321664888965968,166.93278358834723,14.37477378677245
937880000,0.54152390166786,0.03028187334733217,3.3703420701223252,5.314088123861058,167.16649697557662,14.343623104064447
937886000,0.5424839494990428,0.029643370025976425,3.3791777496231963,5.299313676496194,167.65783910523498,14.102481992896605
937892000,0.5435975523374074,0.03020747061144507,3.390164577883548,5.281059908620906,168.14924944234772,14.438434927742001
937898000,0.5441774154320677,0.033152632277575395,3.397405401259464,5.269100521441592,168.22919858005062,15.87212353598545
937904000,0.5436807611680318,0.029473997372651158,3.390577874417086,5.2803757773034725,168.23435974492955,14.095918818169364
937910000,0.5418849454594398,0.031050763657591695,3.3742029342371636,5.307621803768897,167.28754638921365,14.727619583329165
937916000,0.5408239905013965,0.030909756157596047,3.3640162478663163,5.324718034769715,166.79900875715447,14.593977815194538
937922000,0.5414363982489113,0.03131496044535619,3.370068033602863,5.314547707979095,167.06001572456847,14.82286378754682
937928000,0.5437615288003618,0.03246382628904366,3.3929951467993584,5.276378112944572,168.0794648059152,15.517529339539077
937934000,0.542917938128587,0.032912064199596816,3.3851436543594167,5.289385678552448,167.65064658254278,15.671873063842977
937940000,0.5430045966535967,0.03195822954952947,3.3854285192727667,5.288912587365019,167.7556757858778,15.227912187998525
937946000,0.5437824498587183,0.030611131618910634,3.3921617534590487,5.277755666915606,168.21126374602358,14.641465926047294
937952000,0.544038162651968,0.03243964972732339,3.395647410609048,5.27199899267869,168.21207889105312,15.524815512342297
937958000,0.5430535373146101,0.031702883071287914,3.385754668779262,5.288371039624719,167.79564462488307,15.110632029845478
937964000,0.5435480619635011,0.03047215077596448,3.389830562371292,5.2816129392708255,168.10906331392906,14.560683631876662
937970000,0.5438813118790411,0.028305821046860448,3.3919112275401475,5.27816991759262,168.40007948804404,13.553475723777531
937976000,0.5441312188807068,0.03251164342991349,3.396586457915455,5.270450338175311,168.2512874605935,15.565242301998163
937982000,0.5457832887815522,0.026161618349159615,3.409267752557796,5.2496280878863955,169.43127697098683,12.638630812556816
937988000,0.5451000162334648,0.029355151344746835,3.404218002891097,5.257899259639075,168.91691679562885,14.12692779465821
937994000,0.5492090240253786,0.03049213316238316,3.444986097418381,5.191880259335992,170.82196239376646,14.936706902643424
938000000,0.5463404889813139,0.03080407456910591,3.4170411816114377,5.236947967285257,169.41798816939985,14.898768581300594
938006000,0.5485105694106437,0.027395581958585116,3.436500987919135,5.205479815088694,170.6766295114227,13.390268477011443
938012000,0.5479615367804455,0.028765313988510736,3.431799406237014,5.213046937610526,170.32792391115382,14.020492562958694
938018000,0.5462858722589502,0.028208438023423713,3.4151444055516555,5.2400361899281584,169.55443558931853,13.650198022098593
938024000,0.5442312970112794,0.027903663007582312,3.3950843422957466,5.272928041429553,168.59019684948777,13.382812706646375
938030000,0.5421683821307667,0.02758344292246217,3.375119207027245,5.306089576954786,167.63095134019514,13.111831271924093
938036000,0.543989245342891,0.02554530424653719,3.391634634677195,5.278627348440731,168.60705460915344,12.246166704180682
938042000,0.5446377194362937,0.023877478874850883,3.3971591036524873,5.2695064045543685,169.00320343608018,11.483701190832585
938048000,0.5445136062577308,0.027808120396009255,3.3977619026818813,5.268513143418914,168.7302564933342,13.353806810436385
938054000,0.5453298249177855,0.02659640069562116,3.405072970702095,5.256496988299753,169.1896318812303,12.821723520318367
938060000,0.5456276058604123,0.030097975144023247,3.409726271393826,5.248878390422683,169.12231968031384,14.514830162002998
938066000,0.5432653872662379,0.027890231094643027,3.385780559222651,5.288328055307211,168.13214116696767,13.320111190833575
938072000,0.5469801424014372,0.027311759127801035,3.4214683526538607,5.229754468359918,169.94146111879184,13.259878364131376
938078000,0.5460410700602483,0.02808690767369322,3.412701927982819,5.244018423626501,169.4442068516187,13.577239637484952
938084000,0.5465697368167171,0.027671404342589717,3.4176416715977913,5.235971065027243,169.72277273985029,13.40898078808143
938090000,0.5459825886429307,0.027448050254847457,3.411817561856872,5.245461838813616,169.45378392167848,13.267285216428242
938096000,0.5461178897721943,0.02688445024034974,3.4128603974316114,5.243759864705871,169.5512417276251,13.00450998271519
938102000,0.5448273998119765,0.027346994523482313,3.4005687573413823,5.263893229769514,168.9066997204924,13.152022586458417
938108000,0.5476907583683832,0.030362853158482687,3.429990270991473,5.215964752660743,170.09587342569472,14.774711791219858
938114000,0.5474997127629107,0.02507209276040342,3.4254982503435016,5.223224154057986,170.3179508382577,12.207356008383181
938120000,0.5499383925072617,0.026996550702642983,3.4503844809647637,5.1832659842024755,171.3952019686952,13.28019696806998
938126000,0.5486383014123272,0.027842471780078468,3.4379780782077205,5.20310712900822,170.71197582579273,13.61472844878829
938132000,0.54793675097255,0.028143173376968852,3.4312395569019944,5.213949516260888,170.35396300680452,13.71812417519947
938138000,0.5462678645119038,0.028363217958211267,3.4150471353021157,5.240194660945823,169.53648765379776,13.723430107956688
938144000,0.5473569000602656,0.03154952100165539,3.427378371964281,5.220183222707673,169.85650648467796,15.324142728813165
938150000,0.5462578171423409,0.028353549217091673,3.414944459026755,5.240361950080601,169.53224668670543,13.71818313644176
938156000,0.5476288332815592,0.029293269261596373,3.428813079219585,5.2178651619476994,170.13434544621666,14.254787062710522
938162000,0.5484592194815215,0.02812470521365068,3.4363589950302904,5.205708019128567,170.60807793980342,13.740812408311669
938168000,0.5458888530795847,0.027720701636853064,3.4110405202677705,5.246730760409422,169.39287042474473,13.392589773540527
938174000,0.5489584976909818,0.029195403101391147,3.4418218237312677,5.19694325299637,170.7840410997807,14.291099699836487
938180000,0.5485320458504022,0.026956334313918865,3.436498180104394,5.205484327471811,170.71280751301728,13.178362211535978
938186000,0.5467535554238869,0.02681664570533223,3.419018384786175,5.233732786769211,169.86088198245977,13.008224216958839
938192000,0.5464996901634976,0.025916019269731087,3.4161207969923697,5.238446016603522,169.78924163179926,12.56021682424618
938198000,0.5455591605282489,0.028131389295303306,3.4080434785919733,5.25163090848438,169.2106260660568,13.569861957608543
938204000,0.5449472430383338,0.026462293847740282,3.401305400361947,5.262682142471511,169.01410549949594,12.73613999226001
938210000,0.5458735861086162,0.025998852794654716,3.4100691483932164,5.248317916343398,169.4836251264888,12.565493408770488
938216000,0.544053831618367,0.02842595645969359,3.393633838692802,5.275322891405181,168.47494760383205,13.620817058653763
938222000,0.5464103407821536,0.024999457825803963,3.4148349461954495,5.240540390055012,169.79592102164875,12.113986168334272
938228000,0.5445286323078596,0.026201602557981846,3.3971376105001405,5.269541826987414,168.8286038738449,12.588409532903931
938234000,0.5477247720675005,0.025651845359398063,3.4279638127247907,5.219237068197677,170.3953251015143,12.500235361734378
938240000,0.5470570000216026,0.02607608544664878,3.4216300160548676,5.2294921744185245,170.04901363905608,12.668297958852387
938246000,0.5461051295375784,0.026518163578892355,3.4125621573470313,5.244246495346467,169.56588654376867,12.827825284256491
938252000,0.5441340754967382,0.026159812952597988,3.393311595815797,5.2758552339972,168.64274778954584,12.546788602041369
938258000,0.5449434434396945,0.028805648558368757,3.402418410594291,5.26085337273563,168.87585835734603,13.85511528810918
938264000,0.5459287871914956,0.027913291931451503,3.411523922841156,5.24594128178518,169.40066280898543,13.487300181533252
938270000,0.5446901112656948,0.02785524823333559,3.399490447832337,5.26566707430465,168.81166056589583,13.386603876218789
938276000,0.5428245108565414,0.02972653605121196,3.3824844335997266,5.29380620792192,167.81349669332496,14.162703197464943
938282000,0.5473073758180532,0.028146293124035573,3.425078682472398,5.223903266272138,170.04977931337987,13.681657839303332
938288000,0.5455502605443878,0.027832744724927798,3.407808514077061,5.252015472949662,169.22403919241427,13.426362016884818
938294000,0.5458240236539985,0.026012970687868422,3.4095943160708555,5.249094120282521,169.45905152582168,12.569537297982325
938300000,0.5480944542426917,0.026357714133709995,3.4319154777236354,5.212859849600796,170.5349445083397,12.862858352630447
938306000,0.547730160468677,0.02737622406508918,3.428834106580834,5.2178312037428585,170.29976778519463,13.33490601678053
938312000,0.5483817687024017,0.027958893697520876,3.435514662177753,5.207065415313154,170.58055514782876,13.655755825885507
938318000,0.5477081529785089,0.02685715126933338,3.4283668624533794,5.2185858884963,170.31933474769187,13.082592003026974
938324000,0.5486246697909178,0.022439445430522918,3.435409799805011,5.207234048752878,170.99893248991896,10.986629427696561
938330000,0.5487101081293776,0.02667355531515128,3.4381131775218803,5.202890226859138,170.81565775297187,13.051341870546395
938336000,0.5456245815551399,0.028421588004630856,3.4088242838141722,5.250353387744708,169.22458704507173,13.712693602144062
938342000,0.5474182433571703,0.026690424330277514,3.4254497109421105,5.223302710590786,170.18875948938114,12.985347591389951
938348000,0.5451195174200064,0.023436175384177686,3.401631994304022,5.262145385268613,169.25595609399525,11.296420131942668
938354000,0.5483133781437538,0.025309591678831015,3.4335792188716088,5.210179693402709,170.6994902062111,12.366569454481448
938360000,0.5495313998153767,0.025366007783136302,3.445595630582153,5.1909061427489895,171.28938082489964,12.460864428795373
938366000,0.5472488495532739,0.025298223652141124,3.4231472921226773,5.2270317603268515,170.18442477758833,12.303170996352689
938372000,0.548902121018458,0.020735788168748107,3.43747905849638,5.203908467351535,171.213954158363,10.168626161034695
938378000,0.5481776235965408,0.02291184784174889,3.4312121651826435,5.213993684939076,170.75823556989283,11.194618432695263
938384000,0.5444593258927476,0.024329762518495415,3.3956300531503913,5.272027627015211,168.8949742447621,11.690861085685093
938390000,0.5500826376186086,0.02542506187164186,3.4510706337987878,5.182173188132539,171.555514550355,12.520216236223225
938396000,0.5466804925666339,0.02565046412173325,3.4177604514453903,5.235777873471065,169.89093662972695,12.442227806717991
938402000,0.5472996395197143,0.025729608237811008,3.4238402109936605,5.225908916450782,170.18539742508528,12.514423468591158
938408000,0.5457265199512897,0.024715368163062478,3.4080622529308884,5.251600183183482,169.48203613733602,11.941219478035968
938414000,0.545642568260667,0.025774010466775077,3.407722829500683,5.252155726621568,169.38508762460987,12.444901634040042
938420000,0.5438093601593142,0.027889464971919384,3.3910112174861426,5.2796586590335215,168.39035591884635,13.351414188881085
938426000,0.5482203427434024,0.027929123149579384,3.433914462034234,5.209639986540222,170.50413139080547,13.63161652297903
938432000,0.5468296400663607,0.029518276221082745,3.4211183286663047,5.230322464486954,169.73525875422027,14.312953001533423
938438000,0.5486753633543696,0.028331507632291444,3.4385888808706686,5.202126632627941,170.7003110575846,13.85426816858346
938444000,0.5507594834055746,0.028209073158951426,3.4591241130281096,5.1693822427203004,171.72366744683745,13.922651508580486
938450000,0.5479451635609006,0.025150169932843164,3.4298951381701768,5.216118278166419,170.52950067146193,12.269207118281809
938456000,0.5499310908621748,0.024589171066951115,3.449195656047186,5.185160480782518,171.5269624514411,12.102956380824896
938462000,0.549310433744716,0.026462956896906534,3.44392587825509,5.193575530336123,171.11987527961676,12.983406243887597
938468000,0.5471369988067606,0.024927450615793212,3.421888384321486,5.229073036040387,170.1503088690803,12.11798256409989
938474000,0.5495200423483697,0.025531420520173712,3.4455591360194933,5.1909644554129875,171.27468591552153,12.540973156784556
938480000,0.5490112032011921,0.027849588961924108,3.4416522228256055,5.197214909895752,170.89265823382556,13.640626508208381
938486000,0.5488905410404565,0.027086066555860898,3.440087651685222,5.199722329129618,170.8793768537969,13.262310030203938
938492000,0.5460584646624115,0.026837736818525415,3.4122602297632034,5.244739237574221,169.52536554301724,12.978684537101524
938498000,0.5527034645246475,0.025745988456379963,3.4773057631287925,5.140742823040445,172.82709799643746,12.825728432455179
938504000,0.5491421401766858,0.023493382888971445,3.4409356813182383,5.198362947378563,171.19878104537932,11.526266082417601
938510000,0.5487449098813093,0.02240919838303382,3.436579705630287,5.2053533127024565,171.05899774809953,10.97772644201938
938516000,0.5452126935150825,0.022002242752073332,3.40195546814254,5.261613867152563,169.36956129816036,10.61292228537171
938522000,0.548078611697488,0.022373050428059815,3.4300229027128273,5.215912093678186,170.73642088019255,10.927889680574635
938528000,0.5510281148221682,0.01962794054764418,3.4580919846750997,5.171017889143141,172.30621929323908,9.7186781616202
938534000,0.550191764793314,0.020968850446348674,3.4502911489991406,5.183414665305466,171.83487554159845,10.341345411069982
938540000,0.5515773313985134,0.020166754454414963,3.463746442111457,5.162070138322576,172.55376752625924,10.00883206151131
938546000,0.5510030838468483,0.018534587700010218,3.457467460983747,5.172008109074574,172.3398035506125,9.178184615206165
938552000,0.5518912326332633,0.021529872723414886,3.4673872054814443,5.156325753422148,172.6461436958434,10.697275941060902
938558000,0.5511756454523551,0.02133094833359971,3.460186460333943,5.167699819324993,172.30218431832944,10.565194067777057
938564000,0.5492411485707666,0.020281612224546934,3.4406500231753374,5.198820772346737,171.39988897875517,9.96174934909695
938570000,0.5493645210528153,0.020464587762292877,3.4419328374437255,5.196765453500449,171.45214366911878,10.056746618913516
938576000,0.5519026936978083,0.021232509840541196,3.4673866156567943,5.156326682979944,172.66588089724254,10.550734049972467
938582000,0.5522168167644858,0.020095210471402877,3.470096129725432,5.152060151267937,172.87350913617013,10.001916646869422
938588000,0.5484706665527972,0.021242042046089014,3.433428460082364,5.2104224370198615,170.9804798693619,10.395950599516896
938594000,0.5459195792154485,0.023182761810239698,3.4092837534770926,5.249601921999042,169.65277258106852,11.214220377323311
938600000,0.5451458441991393,0.02340840405051717,3.4018752565959596,5.261745656954437,169.26995445815643,11.284407594469013
938606000,0.5469655042988527,0.02408286162646491,3.4198448758869264,5.23239001340332,170.11173388988112,11.700920084302199
938612000,0.546799826097065,0.023384946943856108,3.417933395997988,5.235496611041015,170.06711582697898,11.355374785896593
938618000,0.5486122310618925,0.02235320301551731,3.435252952332081,5.207486302538177,170.99705220496767,10.94400937222974
938624000,0.5471663222583515,0.020680933973863037,3.4204464840867157,5.231413046252117,170.37199030134371,10.064398486967278
938630000,0.548272275334024,0.017698462606915315,3.430246566605596,5.215551188681524,171.03299523789832,8.65996038654716
938636000,0.5493837549246464,0.020836696011471537,3.442260370122495,5.196240950348633,171.44483119308492,10.239707692096944
938642000,0.5473110661415487,0.01865362224087908,3.4211484611468865,5.230273562461056,170.5277944412686,9.087127745888147
938648000,0.54958737490626,0.017793861759380147,3.4432137068838715,5.19471491945114,171.67267895715756,8.757332244792662
938654000,0.5488102362988991,0.018899989057479145,3.4359233299379968,5.206408327408074,171.24800845027707,9.267907375375342
938660000,0.5538268117806169,0.020933024933832856,3.4865408998207403,5.126320481435203,173.63594976116622,10.492286484391023
938666000,0.5502294766822686,0.016314548409216482,3.4491040440068446,5.185306531759702,172.04345171448963,8.054193092121544
938672000,0.5451539682485377,0.016479986456023436,3.3995011555020334,5.265649453880168,169.5663791116962,7.955331477830854
938678000,0.5480259380233106,0.021436740908379732,3.4291397061672946,5.217337726083859,170.75504097394912,10.470221669095174
938684000,0.5528339233660617,0.029188098339630784,3.4803260062030272,5.136016985157625,172.6817947931055,14.535221843734433
938690000,0.5506760187484704,0.022126337068184627,3.4555373571675014,5.175070874060323,172.01818155746653,10.93297781863984
938696000,0.5444127297349421,0.021679310329876824,3.3940998717845723,5.274553204360237,169.0010145114256,10.421254644338106
938702000,0.5463943615216648,0.02372282384623808,3.41412535165333,5.241696905314795,169.8544857136912,11.498025584265891
938708000,0.5479801044480505,0.022313458419300145,3.429033498076306,5.217509218427213,170.6914209175864,10.894186058177349
938714000,0.5514709584726948,0.022084219113518936,3.463418674407825,5.162587935608447,172.41181496824052,10.95088790342027
938720000,0.5466498265436907,0.020784816451224777,3.4154479604201846,5.239541707037435,170.11736305042774,10.091755240437035
938726000,0.5499899674945118,0.020046948616577617,3.447955348837672,5.187138539238871,171.77715018111027,9.879680035705679
938732000,0.5464249381788456,0.020947995351346626,3.413319038238024,5.243011693876155,170.00141648127843,10.16058649969753
938738000,0.5470965596752649,0.02109366038017488,3.4199192798314444,5.23226916654143,170.31970634267668,10.261235943184936
938744000,0.5470098478302717,0.023733037809302845,3.4201284018660743,5.2319295413920175,170.15105464127183,11.534143244689194
938750000,0.5493828280339887,0.022999248052760005,3.443101987327524,5.1948937041042775,171.34126397054186,11.297134133081592
938756000,0.5502357722232463,0.021884581643948155,3.451079610038363,5.182158895336641,171.81355022388698,10.792980966058826
938762000,0.5511328358842567,0.020689540607275313,3.4595180326190023,5.168758266684506,172.31074992119218,10.246923044569861
938768000,0.5486762619470897,0.020028095115204852,3.434999656977179,5.207893724133047,171.13496959412615,9.813160334610794
938774000,0.5491410186535689,0.018150473176474627,3.4389292805910485,5.201580368068442,171.4399610859952,8.914627943948258
938780000,0.5531824641365909,0.018923561663835353,3.4793439404045983,5.137552662947402,173.40428695431626,9.461591054111043
938786000,0.550814658394748,0.02024770641354006,3.456195741445143,5.174025704339414,172.1738191895925,10.014819823927228
938792000,0.5531136991462817,0.018729452842089867,3.4785883586677,5.138734826006833,173.37819395293292,9.362004030108212
938798000,0.5534929615123556,0.016521467470144945,3.4816871157331946,5.1338901496358345,173.654426169755,8.275567926170085
938804000,0.5525887567438037,0.018481750590402305,3.47324957174724,5.147103729535459,173.12728051764554,9.216985068210498
938810000,0.5530436988328322,0.015421168199596396,3.476863505730031,5.141435583772185,173.46949384280543,7.710285419468027
938816000,0.5509977435882387,0.016138161839218932,3.456665890725264,5.173279619225609,172.4286861457117,7.9945926405600645
938822000,0.5520168411219274,0.01692189403580399,3.4670392027922716,5.156874262150662,172.90462833364373,8.41988906502355
938828000,0.5539321391388424,0.017619280689782815,3.486440340260068,5.12647707506127,173.83191858908964,8.841160161909343
938834000,0.5513009140462609,0.016201495283492417,3.459695865401416,5.168476627011303,172.57632393903418,8.036720767661935
938840000,0.5539504028903047,0.015600243280398876,3.4860150988491787,5.127139379455268,173.91642179812297,7.831305480740231
938846000,0.5526192117242525,0.017708726419888673,3.473300990325658,5.147022993710728,173.17355909092015,8.8339052674252
938852000,0.5520240730284502,0.017027998896517543,3.4671438636201395,5.156709287068205,172.9042211149307,8.472805351023238
938858000,0.5537159316653952,0.019211281180732214,3.484798672740026,5.129034909660616,173.65807712297413,9.627854796577282
938864000,0.5509796461939278,0.01883595931236954,3.457336230841321,5.172216232005958,172.3158400886202,9.325929399211732
938870000,0.550816890793941,0.019739939847145983,3.4560350178206507,5.174280809256,172.1972340654401,9.764748372677321
938876000,0.5526584609735188,0.01789037055932021,3.473752033889257,5.146314891077308,173.185878220649,8.925793195204166
938882000,0.5529805768778413,0.01861241878836492,3.4772148709907835,5.140885182598228,173.31678062205108,9.298176384320504
938888000,0.5519156943201742,0.01906733088080807,3.4667280654918295,5.157364766745797,172.76890811952785,9.479485059462126
938894000,0.5549532731948028,0.018674015932083576,3.4970840312759384,5.109956907590636,174.3006003371016,9.411580249874184
938900000,0.5516473981513925,0.01710346066012599,3.4634137064648916,5.16259578463368,172.71464259671316,8.495971947929347
938906000,0.5517132292486342,0.015601348997234005,3.4636258615988287,5.16226061525801,172.80163945638282,7.753978839234662
938912000,0.5505004284049873,0.01519624581850989,3.451469162029468,5.1815386929406735,172.21564881470113,7.51245126246819
938918000,0.553004008855307,0.01543421517436602,3.4764696017073287,5.142052764610659,173.44924889255068,7.7154244250072646
938924000,0.5510103915134519,0.016368949810519916,3.4568590286296184,5.172973190719999,172.42666879133418,8.109076266239619
938930000,0.5521730690999818,0.015055240101696983,3.4680583794241757,5.155268213419911,173.04846088613326,7.498539952043264
938936000,0.5513063710089451,0.018835717276553993,3.460582276322971,5.167073259717552,172.4771643032921,9.339372561917527
938942000,0.5525812526352091,0.020108296954220374,3.4737424829388965,5.146329883234232,173.05373055069293,10.024681972038776
938948000,0.5529140723625762,0.01632473470475472,3.4758250804537436,5.143062949093431,173.37283898285474,8.156155475330069
938954000,0.551767593373599,0.018833442379371176,3.465171971750004,5.1598193736836775,172.7053771072008,9.357442311886492
938960000,0.5507474733492704,0.019653341494781103,3.4553156628405763,5.175422906477783,172.16678093553512,9.719076366857879
938966000,0.5512483525204014,0.017857409808482293,3.4596818645296583,5.168498799510327,172.48809215032568,8.853585410438773
938972000,0.5541273834609434,0.01751484888248176,3.488371829154369,5.123471036871123,173.9337538720096,8.796606280061935
938978000,0.552795329173633,0.01737172486427671,3.474955858100743,5.144425963825508,173.27435160475926,8.67312185751655
938984000,0.5537751399718516,0.015622384846525861,3.4842592391356155,5.129875958872755,173.82791315595415,7.836241572234472
938990000,0.5536000569104375,0.017370284303096437,3.4830233829857313,5.131803894395532,173.67568951150358,8.703653256798066
938996000,0.5526807913432067,0.018463528985189128,3.474163958561222,5.145668377150131,173.17378141226573,9.211711686186836
939002000,0.5558672486528293,0.01822226871725467,3.506187696021732,5.0959136780137655,174.77951852569777,9.222451567208616
939008000,0.5575426797919493,0.018502930308317247,3.5233479132703245,5.069657172811342,175.61594417022803,9.434935079080574
939014000,0.5553412527116177,0.017868677349590082,3.500740202007762,5.1043073762484035,174.5289817262937,9.02273025002959
939020000,0.5575246840756595,0.014992422982586566,3.522085932881597,5.0715786224182065,175.74214154346458,7.648837232749171
939026000,0.5547886807942837,0.01816359468883093,3.495250122428196,5.112795519319269,174.23920304384254,9.148442148104584
939032000,0.5542192374921555,0.015314994225017772,3.488640599655875,5.123053028148182,174.06105853075707,7.697716245414535
939038000,0.5540402370251298,0.016328176077585094,3.4871299077001248,5.125403462652058,173.93527949389684,8.19906856432162
939044000,0.5575800199405369,0.017479320793705108,3.5233919916985195,5.069590087511377,175.67731143917885,8.916157272047522
939050000,0.5541256389235629,0.017399866094970774,3.48831779633932,5.123555080563102,173.93739556579334,8.738965584597329
939056000,0.5536276839900133,0.016858176905789186,3.4831418642105656,5.131618999073163,173.7091422975283,8.448840040092723
939062000,0.5537052463092835,0.015856459794094644,3.4836237490306576,5.130867137205976,173.78467701488196,7.950872611153312
939068000,0.5562695027527212,0.014546339709574552,3.5091727396563526,5.091326244010724,175.12009096923694,7.379869851190242
939074000,0.5551928698217752,0.016132026839964488,3.4987006885959544,5.107457255731386,174.52122078849564,8.142815423058424
939080000,0.5555401761540255,0.019901877599661236,3.5034551992142946,5.100120456951512,174.54199871564396,10.05446867110014
939086000,0.5545468238542202,0.017829055503251375,3.4926996117231948,5.116748719549543,174.13143566528274,8.970756120935112
939092000,0.5534140362757021,0.016152967889365485,3.4807858212124794,5.135298287008611,173.62849015721326,8.088619244842187
939098000,0.5529948869155057,0.01981899890068434,3.4777782531758583,5.1400029175096975,173.27218001884222,9.899285177774681
939104000,0.5569273222699991,0.017388381015987022,3.516698635651838,5.079798014813283,175.34953061539122,8.843839164693616
939110000,0.5524658123690915,0.0183451450671812,3.471975039005947,5.149105793903969,173.0717863674171,9.14407076466864
939116000,0.5518084826813784,0.015984078332420017,3.464683721408654,5.160590043242184,172.83548255340077,7.947093308872367
939122000,0.5537671451306636,0.0183975489623459,3.485035686508307,5.128665463181322,173.7179708600434,9.223575265114686
939128000,0.5532836143538384,0.017201535886522783,3.479794471174936,5.136848040818879,173.52424670419333,8.607162116134461
939134000,0.5537871134030316,0.017052106304520965,3.484803528178716,5.129027340670127,173.78146386610024,8.551849185549683
939140000,0.551728582910154,0.014632857299475997,3.463514502175155,5.162436538804215,172.8416848282537,7.274188025718101
939146000,0.552949476886841,0.014538171913326662,3.4756803468470605,5.143289852146792,173.4520489917213,7.2667050694948925
939152000,0.5515887813658709,0.013147952599968695,3.4617506807895397,5.165224637770355,172.81802161326954,6.533290570904312
939158000,0.552222000811245,0.012865876039573208,3.4679943239994966,5.155369123534472,173.14073360125724,6.411438308926411
939164000,0.5546468270568364,0.016399330710384692,3.4932634008164096,5.115874325309115,174.23684132720146,8.2571189379314
939170000,0.5561157386358568,0.01621923881279303,3.5080805821602743,5.093003692829059,174.9835697257426,8.220751587637302
939176000,0.5526756351646094,0.014856147169101561,3.473024774275511,5.147456730021991,173.30512591306015,7.416215334928056
939182000,0.5529720822804317,0.016488331431397853,3.4764545699801364,5.142076319799697,173.3957553692168,8.239805857507598
939188000,0.5533979432973639,0.014536930955462657,3.4801747542402883,5.136253439618487,173.6759994537068,7.2806708156690085
939194000,0.55522750319105,0.015310943442774668,3.4988158351774485,5.107279313737974,174.56792704321586,7.730574292899121
939200000,0.5540340086431191,0.017763715265785386,3.4875116930111756,5.124809246299565,173.87714417128555,8.917473351445368
939206000,0.5556233651537177,0.013721906961403636,3.5024031832665643,5.101741979367771,174.81996514204485,6.942216135671241
939212000,0.556841220088213,0.015022602042281409,3.515119356814013,5.082212713998679,175.39374774980274,7.640603613760396
939218000,0.5531122622743976,0.014167808755572312,3.4772145172652644,5.140885736635684,173.54516060152383,7.087115658520878
939224000,0.5547718060083867,0.013831682630394353,3.493818592266439,5.115013565750618,174.38736281786709,6.970930481609058
939230000,0.555307567314645,0.012655921835071884,3.498949397250779,5.10707292930462,174.69253210772288,6.394736933362192
939236000,0.5527613595027665,0.010528102969185379,3.4728881518663357,5.147671293154263,173.47044144050767,5.260546842373137
939242000,0.5521715069952687,0.01480352502252331,3.467974885399687,5.155399747058587,173.0560345061437,7.373393251692083
939248000,0.5535543562226042,0.011709033707898633,3.4810715259444733,5.1348518302236466,173.83746353884328,5.8706372034255425
939254000,0.5569229827831106,0.013324970486448654,3.5155122552346767,5.081611756253538,175.49045657795952,6.781334987200077
939260000,0.5541266041738704,0.014664462983014276,3.487530834863937,5.124779457366224,174.03657007837293,7.36840551490749
939266000,0.5519941442283244,0.015331150622601326,3.466349484583158,5.15796172499477,172.95027819667743,7.629552722020988
939272000,0.5577129801906441,0.01433837648989145,3.5238353841505474,5.068915366528036,175.86015090039126,7.322095681373193
939278000,0.5575654034605411,0.01676318038481315,3.523017691633376,5.070159812727032,175.698109432965,8.551361377542415
939284000,0.5579201597224143,0.01487145309270856,3.5260985311647364,5.0654743559141995,175.94779397182867,7.600826170546812
939290000,0.5571320295227237,0.01745587157776112,3.5188081930365067,5.076576204426081,175.45067450760806,8.88625568718196
939296000,0.5554781375642925,0.01804173079637006,3.502182988400428,5.102081510462342,174.5908476386586,9.115429306947297
939302000,0.5536459945700666,0.016102167007064946,3.4830997400674493,5.131684734137533,173.74623781684136,8.071618591299503
939308000,0.5541567450142071,0.014582409123730412,3.487812438801231,5.124341260871153,174.05438521684601,7.32825421190247
939314000,0.5569263935915485,0.012065134096875058,3.5152543335662543,5.082006243837308,175.52890368350987,6.141274105039679
939320000,0.5546433578532853,0.014551485232426288,3.4927082069032958,5.116735386767131,174.29968883960382,7.328718830945551
939326000,0.5550612083625849,0.017935861795764868,3.4979289804950238,5.108650145609057,174.38539641837724,9.04516651456088
939332000,0.5569211900980443,0.010081156287326533,3.5147993154353294,5.082702341299875,175.57670750125794,5.1324369215578844
939338000,0.5529358250052034,0.012474197662686608,3.475038949858423,5.144295636731034,173.5075215944826,6.236413381813074
939344000,0.5557434066705231,0.013655453721745526,3.5036032655567158,5.099892320333853,174.88266843340432,6.912390086549651
939350000,0.5524172119475066,0.010764732125827356,3.4694943312510307,5.153007144365844,173.2931916146816,5.370383887441124
939356000,0.5531691671315991,0.0102149545180849,3.476911754566779,5.141359996503617,173.68144245392165,5.113558852997449
939362000,0.556817436451313,0.013630850620066009,3.5145122078809488,5.08314166612042,175.42739700941192,6.933411706681555
939368000,0.5551890101209667,0.015344060588567025,3.498435726867724,5.1078667632990635,174.54738858141604,7.74591638649654
939374000,0.5555135217431202,0.015151407862781088,3.501666706614358,5.102877777261976,174.71761090678123,7.660048940410455
939380000,0.5550731387413571,0.013897789722304156,3.49687901575621,5.110274079421821,174.53696162764447,7.013663928400236
939386000,0.5567619592437925,0.011931028945699088,3.513549713800836,5.084615020519914,175.44905003848191,6.0686107564241585
939392000,0.5586001505448783,0.014487619534406707,3.5329681897089444,5.055058713082744,176.30815977370247,7.427883177532612
939398000,0.557242982763084,0.01675436810166251,3.5197208859395803,5.075183601038001,175.5345635189665,8.534453322560447
939404000,0.5560612964964214,0.016481319054846375,3.5076059304813647,5.093733066581883,174.94628373291098,8.351178762169402
939410000,0.5530088838305255,0.016027160212276834,3.476687363226606,5.141711550374235,173.43084379979584,8.01125973292459
939416000,0.5578851314422302,0.017461766665822,3.526508439036827,5.064851623642934,175.83327704718917,8.91950999530945
939422000,0.5591470853276597,0.014838185472070786,3.538687078927361,5.046421372235406,176.57634646424574,7.626085119385926
939428000,0.5580418397351498,0.016446329806243085,3.5277975359461724,5.062894252494262,175.9528708786499,8.40825166099616
939434000,0.558957409349004,0.014731136187727756,3.5367058458597667,5.049410226889273,176.48280616426962,7.564686795576867
939440000,0.5584256817113304,0.01301039367037342,3.53080379456675,5.058335572280702,176.26602240419365,6.666624175782887
939446000,0.557705432463511,0.014803166530640496,3.5238823915121116,5.068843845119386,175.8406843048399,7.558666790277827
939452000,0.5575714071570904,0.012637189935312676,3.5219670155331224,5.0717597592544905,175.84092056920215,6.450746300233407
939458000,0.5572787277830239,0.0157411571806284,3.5197842206262044,5.0750869929746845,175.59056189740352,8.020975535038103
939464000,0.559158034048415,0.015009119814370529,3.538846787659193,5.046180596760154,176.57601953566044,7.71411727314401
939470000,0.5568907260590498,0.015329121853689332,3.5157089838227953,5.081310904966988,175.40820364027317,7.79787294834057
939476000,0.5562176559394508,0.011247035104714488,3.507868704776842,5.0933292477754275,175.19104881192405,5.707148256690492
939482000,0.5569174974062225,0.013900134771690564,3.515599633001472,5.081478127463468,175.4697025342036,7.073308545952103
939488000,0.5583074560125089,0.014680692178309756,3.5300158091731397,5.0595296542129855,176.15199437923036,7.516694271131604
939494000,0.5577701774916743,0.014123466817032113,3.5243644377893437,5.068110534441038,175.89635984812423,7.214438240069763
939500000,0.5575205238724803,0.01119781915216053,3.5211325664495923,5.073031179978745,175.85453576874664,5.7156961682551195
939506000,0.5569936843832414,0.012746679991628164,3.5160949788551696,5.080720720472129,175.54369009857828,6.489598772006253
939512000,0.5554473302643049,0.015003380284386704,3.500955684116552,5.103974813276331,174.68929842104725,7.583126184007125
939518000,0.55994861589438,0.010703294512134486,3.5459804545502487,5.035449977685956,177.11182963561353,5.52400216788374
939524000,0.5628002682941532,0.010316326352439327,3.5755576727868243,4.991455092061404,178.60112866369542,5.394156667546545
939530000,0.5597154270014226,0.014227835306562174,3.5443828139352123,5.0378491055680215,176.8888999562361,7.331935069809542
939536000,0.5588909213368626,0.00998569047681033,3.5349429729269706,5.052072728831303,176.58517945650556,5.129364998658479
939542000,0.5567947106545005,0.012332599747842789,3.5139723886110183,5.083967895616444,175.45451072923814,6.273481632575771
939548000,0.5579155428387315,0.014591076823974484,3.5259754597643616,5.065661356789236,175.95497926361125,7.457684629686547
939554000,0.556224988771752,0.015256782819761654,3.508913793441653,5.0917238576899315,175.0733856122315,7.737920513573304
939560000,0.5593742640262092,0.012369586364370739,3.5404086368864784,5.043827210902022,176.7712615054078,6.366098198847136
939566000,0.558496710361122,0.012988732724440686,3.5315275834244306,5.057239281698317,176.30301396937483,6.657683945204151
939572000,0.5564924260124097,0.013727234165904578,3.5112277376998757,5.088173043628837,175.25949471844757,6.972124070602675
939578000,0.5576532373235112,0.014442163457329665,3.5232517359018964,5.069803556591973,175.82626674287573,7.3729936159708895
939584000,0.5556460591215722,0.010183096375285406,3.501861810164387,5.102576836966999,174.92770101182475,5.154585671833719
939590000,0.5577611635888653,0.01212332710316942,3.5237907541920155,5.068983272653277,175.9523543602133,6.194151386318962
939596000,0.5601942416516721,0.010083320693320644,3.548400488711115,5.0318203565719,177.25365025160875,5.210189704701056
939602000,0.5568929749160583,0.006609051705916987,3.5139817386223204,5.083953582448095,175.628917670876,3.365311536088637
939608000,0.5584185167972405,0.009470445861935196,3.529999192917813,5.059554840069782,176.35465717253766,4.854550310401293
939614000,0.5578070847292105,0.008315136273376435,3.5235467766314077,5.069354526564821,176.065703019296,4.251011407975551
939620000,0.5578316581578288,0.008321757604710888,3.523799189476631,5.068970437913759,176.07813036392625,4.254866806557497
939626000,0.5550154685402724,0.01085984515804433,3.495611539635199,5.11223584384859,174.59314427965873,5.481194509018891
939632000,0.560129985065225,0.013191422221592343,3.5484037385159293,5.03181548605818,177.13561102561292,6.81165263570538
939638000,0.5597775752174085,0.012680096260859423,3.5446403497447387,5.037462213094139,176.96958862677715,6.537595701755826
939644000,0.5569692306378645,0.009582319251828031,3.5151991558743707,5.0820906455239765,175.61241195228024,4.879774291104717
939650000,0.559884325407455,0.012034633013665348,3.545595581065334,5.0360277156130175,177.0432316615943,6.2083268763683686
939656000,0.5578077759072003,0.011485876881655853,3.524129616393788,5.068467728152898,175.99351766054588,5.870147819145277
939662000,0.5577389670548881,0.008447520276024497,3.5228703786023656,5.070384075215694,176.02834518457635,4.317312371356809
939668000,0.5571070392147687,0.005915679861662507,3.5160840528041306,5.08073742441122,175.74791504921964,3.0152937913062874
939674000,0.5576020503534527,0.0057454685460816704,3.5211191070421175,5.073051692976187,176.00271189098993,2.9351209098872793
939680000,0.5585075274567063,0.010129525129592167,3.531031226401693,5.057991038815295,176.38525458913665,5.194143202758471
939686000,0.5618061635722539,0.009216395050283223,3.5649776651095233,5.007101384667118,178.10859908826632,4.797737413887136
939692000,0.5595425535555777,0.011282942039187227,3.5419066959676284,5.041572062764064,176.88780437601193,5.8120528256207225
939698000,0.5612664821299099,0.011612079826705734,3.5598241142948073,5.014759301056193,177.76923420095898,6.028430520761631
939704000,0.5611521843904232,0.011819846753606214,3.558681502265713,5.0164604261273436,177.70424275259464,6.132944402931839
939710000,0.5590749417764287,0.009983540261255922,3.5368353208619716,5.049214791945288,176.6796980739343,5.132540893112432
939716000,0.5582982193636096,0.012512047746438788,3.529379425916498,5.060494427407715,176.21557647638966,6.407988869283661
939722000,0.5585911872722561,0.009987551789966435,3.531863777734402,5.056730229374617,176.4314334194817,5.123358671020181
939728000,0.5567613087365619,0.00929234314192897,3.513030960835734,5.0854094748998735,175.51295641066753,4.727799750390723
939734000,0.5583321235621638,0.011124351038649807,3.5294258827668963,5.060423984842075,176.27092968389144,5.6991177894721385
939740000,0.559848788567155,0.009223181768693849,3.544677371322176,5.037406601113291,177.09493295110562,4.758677906483414
939746000,0.5611616477978615,0.010601638772774376,3.5585269874715237,5.016690559373773,177.74142378896144,5.501871694878104
939752000,0.5587540980296114,0.012948102772432545,3.5341614144926683,5.0532540558013705,176.43601712899496,6.644632410349909
939758000,0.5609130079163759,0.01329162658734657,3.556540066401694,5.019651800354516,177.53680253171328,6.887779115884995
939764000,0.5624046068272875,0.014423716012143296,3.572364316707993,4.996167005861867,178.27359403825784,7.5241959692651434
939770000,0.5610004996608977,0.006570227623240877,3.5562131352959505,5.020139391825758,177.73968017015704,3.4084356278451353
939776000,0.5611412152114289,0.012183849690692465,3.5586484272917254,5.016509685935508,177.68823769927624,6.321211653090472
939782000,0.5599352182352675,0.00925447314432519,3.545575321950557,5.0360581305738075,177.13881786205843,4.7766832908296415
939788000,0.5630007082328106,0.009681522508950114,3.577538357895564,4.9885371039647115,178.72106100623242,5.067212103360781
939794000,0.5609394095535191,0.008683814401318029,3.555877377206075,5.020640249371341,177.66993867236238,4.502894441470587
939800000,0.563016557510896,0.01123269570836553,3.578006226119172,4.98784834206133,178.69051498010478,5.878508694811653
939806000,0.5603231154212507,0.013388745507769126,3.550450242126811,5.028750294770415,177.22904265743853,6.919426357902058
939812000,0.5579427634090505,0.013180642538139924,3.525894750690553,5.0657839979224875,176.01411706570417,6.7389718774651275
939818000,0.5609137839240296,0.011084159378922598,3.556050362285378,5.02038219099162,177.6006681595257,5.745482295424573
939824000,0.5563253772212138,0.01101407911721145,3.5089158735073247,5.091720663480427,175.25158385448765,5.591797769077045
939830000,0.5618486077080238,0.00941054739892571,3.56545343146851,5.006395631421828,178.1263810829514,4.899662901666461
939836000,0.5623986974411604,0.008064663090822032,3.570974265074575,4.998220934401532,178.44092836868393,4.209994606221106
939842000,0.5609618241495591,0.007183787218949356,3.5558898189367683,5.020621687942324,177.7096602022633,3.7259123159931407
939848000,0.560563508117193,0.008333303433221004,3.551924960808871,5.026543883973257,177.48236187436342,4.3138874040310995
939854000,0.5607200822452862,0.00819644742828632,3.5535265583842657,5.024149895359794,177.56605275735888,4.246115318501396
939860000,0.5605900397222857,0.009402173638984917,3.5523749877955924,5.025870969128457,177.47376179676056,4.867317539580833
939866000,0.5607684722887561,0.009150185882759888,3.554181186148114,5.0231720648289455,177.5715976866035,4.7408309492710545
939872000,0.5604668640087096,0.007270769698308222,3.550770908994097,5.02827035740308,177.4518925389647,3.7625157074117217
939878000,0.5575475470031142,0.010635420174455372,3.5212961811321724,5.072781834382189,175.88247139641848,5.429634251258668
939884000,0.5597857304745711,0.005731034804980414,3.5435448791821407,5.039108346147769,177.12361010614958,2.9568630656938644
939890000,0.5636863067820234,0.007347505959162605,3.5843610925574287,4.978512477716866,179.12792140628073,3.8585054608912417
939896000,0.5614112273743602,0.0065831520209272635,3.5604815740060185,5.013781009830241,177.95265577404365,3.421535342892872
939902000,0.5609322983444582,0.007507424954178599,3.5556274184503067,5.0210131849073925,177.6887416141412,3.893149357455025
939908000,0.5611506229689999,0.006623182195328349,3.557778237646866,5.017806049500253,177.81672507616548,3.4382450022616453
939914000,0.5608551476679686,0.004022911366270238,3.5544555499716566,5.022762358439374,177.69618766085068,2.0858757116994764
939920000,0.560962501878816,0.006774713474172725,3.555844037088867,5.020689989145181,177.71675549662456,3.5138587896472915
939926000,0.557089816314212,0.005441143166408621,3.515859120999496,5.0810813292114085,175.74534044269487,2.7732772054971617
939932000,0.5589752467546031,0.004985473995881536,3.5351214661710664,5.05180301561655,176.7156711454253,2.562860870363504
939938000,0.5594911721450344,0.005790587653025923,3.540512990398467,5.0436700520165525,176.97098666152613,2.9835846862757247
939944000,0.5626113819565189,0.00855640908834523,3.5732729621255737,4.994825336195295,178.54217377124502,4.470853268824792
939950000,0.5616291716873816,0.006896773173666069,3.562788122033466,5.010351996927243,178.0609195801701,3.5880225839308126
939956000,0.5599766255290143,0.006713754736247263,3.5456288378230547,5.035977788140531,177.20776078654768,3.4666730646451214
939962000,0.5594168456183893,0.01037873489453444,3.5404302962130347,5.04379459061013,176.8460276794516,5.3437694104936435
939968000,0.5629359185318539,0.007033393627036433,3.5764480707056783,4.990142904804616,178.74016541385706,3.680969656131157
939974000,0.5622103846111061,0.00856149667835051,3.5690847016060334,5.001015721410841,178.3328947335357,4.465321357800565
939980000,0.5642806840790455,0.009014097724740761,3.5908694850514116,4.9689882061674195,179.407363698436,4.745946116210267
939986000,0.5634626807685824,0.00800648833737536,3.582106836257454,4.981820069289799,178.998456805687,4.200038331017755
939992000,0.5647976855336407,0.01024438803826023,3.596544986732862,4.960713270643065,179.65093974127288,5.4058383006200055
939998000,0.5639079285891899,0.010862520446315452,3.5872879097540267,4.974224786402305,179.16718808447476,5.70827453509745
940004000,0.5644507484334361,0.005989853132322785,3.592238277437857,4.966989900248557,179.5517449076466,3.1568903707669285
940010000,0.5619300385168677,0.0067823668704463345,3.565907401408595,5.005722401619023,178.21933507606636,3.533379125504828
940016000,0.5606156578145612,0.006741965983889274,3.5522435525294402,5.026067482069223,177.5376060136373,3.4913642852391584
940022000,0.5674636307926267,0.005988885648015619,3.6242264843060417,4.920755650599436,181.1501175471898,3.2004976230144258
940028000,0.5638606411869803,0.006396146264430089,3.586071686824365,4.976005591584528,179.23520954628657,3.361819793576401
940034000,0.5671924282374302,0.006692717947757159,3.621412853833835,4.92478686647658,180.99432697061408,3.5719797406742475
940040000,0.5615373968038254,0.005923080869683207,3.5617174224411134,5.011943145143846,178.02800962522983,3.0803729479269775
940046000,0.5611177780834362,0.00569563084183676,3.5573314080162777,5.018471980781973,177.8131946904976,2.956464839679099
940052000,0.5611045092209713,0.005158247174657385,3.5571396591407036,5.018757808882665,177.81320655515754,2.6774411078522986
940058000,0.5631951324553639,0.00650422368121819,3.5790972684950813,4.986242946879394,178.8844282093381,3.4081935180567395
940064000,0.5630637676922736,0.008195469060518431,3.5779518400595363,4.9879283952650555,178.7858586938894,4.291261030258021
940070000,0.5622877824570764,0.007906521232635898,3.5697925111525888,4.999968449074521,178.38609114325217,4.125403419167215
940076000,0.5611153857540339,0.006052441109877694,3.5573453531384494,5.018451194962383,177.80699656332644,3.1415738587384676
940082000,0.5644749937985776,0.006594526297774021,3.5925650045907926,4.966513153893951,179.55531177211626,3.4758246225127793
940088000,0.5618010380050924,0.004617472141272586,3.56433443045964,5.008055886024549,178.1815025864826,2.4044368488464065
940094000,0.5628008042744411,0.003996782506361584,3.5747223281914158,4.992686791500997,178.70957780020842,2.09081454981226
940100000,0.5612097422075054,0.007370623666135984,3.5584891411340194,5.016746930750698,177.8350310743261,3.8270819422007216
940106000,0.5603675204536881,0.005698482498032311,3.549554253988009,5.030091806260984,177.4245109911377,2.9478590773001203
940112000,0.5623018812850714,0.006191901575666674,3.5697152879621052,5.000082686313334,178.42225577355794,3.2313781233380237
940118000,0.5614454240055798,0.010218736129150321,3.56140298001339,5.0124106299135605,177.89805768309603,5.310240146346273
940124000,0.5623005174878112,0.007300467394668849,3.5698399096969036,4.999898334466823,178.4037158710582,3.809586136514188
940130000,0.5581199782166008,0.006113688722857063,3.5264584613178034,5.064927541394844,176.26246100217122,3.130483814705987
940136000,0.5611780692960506,0.007628684493526271,3.5581959387048068,5.017183694130402,177.8140178824323,3.9604248193331846
940142000,0.5603975707328092,0.005351192411217612,3.5498298190730564,5.029679140187778,177.44456771139417,2.768637213262824
940148000,0.5639061151966451,0.007767948292472387,3.5867311160454403,4.975039886525277,179.23568713015587,4.083274328002523
940154000,0.5631831725137963,0.010632502971810245,3.57963035619102,4.9854589303591474,178.7933545211402,5.569030011677584
940160000,0.5626976569054055,0.00412712872331514,3.573653112650516,4.994264240689305,178.6543746046082,2.1579716002989864
940166000,0.5618003018438129,0.007724111470738946,3.5646822129992146,5.007539762133838,178.13557206255697,4.021327710782467
940172000,0.5615203546340715,0.003936052723799373,3.5613586513656914,5.0124765409743555,178.0423818670853,2.047043341180789
940178000,0.5593970553950423,0.003945676376600824,3.539377665384239,5.045380419893542,176.94351536210613,2.032318844781803
940184000,0.5605360542864631,0.003595316626031838,3.5511184586256146,5.0277502913118335,177.53472341930814,1.8614937177172743
940190000,0.5636911910439124,0.003062182411145968,3.583996669070606,4.979046877821138,179.18417510663124,1.6085023623604104
940196000,0.5615338346623411,0.0045116942888890465,3.5615439317451756,5.012201064452447,178.04362386573513,2.3465051507914656
940202000,0.5601942031052493,0.005815663763824857,3.547773806616276,5.032759752207488,177.33333284408744,3.006086403284227
940208000,0.5602072749853975,0.007334311044723678,3.5480933061391973,5.032280777800942,177.3166213641008,3.7909012857469113
940214000,0.5633073676204746,0.007543381257141931,3.5804100798026846,4.984312640394885,178.9257082779513,3.9544379022200435
940220000,0.5589059385870577,0.006685646278631177,3.5345913556342063,5.052604128725812,176.65694388213248,3.435430866009461
940226000,0.5641329829993943,0.00708723367891504,3.5890242002723642,4.971684760841567,179.36713277336597,3.7295285140268324
940232000,0.5644725559519626,0.004635324029707187,3.5923337960641364,4.9668505138107655,179.58065049149675,2.4434297322068774
940238000,0.5647949507302009,0.004442564153913704,3.5957194183797863,4.96191519747271,179.75280495767316,2.3453118875312557
940244000,0.5621191043375258,0.006612001918617346,3.5678577102696574,5.002832241566275,178.3205437489971,3.447640416109389
940250000,0.563713755203295,0.0038515831990161855,3.5842846139990123,4.9786246180991505,179.18945588201674,2.023309852636234
940256000,0.5608162835744315,0.00430965163085794,3.5540746046309106,5.023331241104111,177.67322182165103,2.2341271659889723
940262000,0.5630603410377685,0.005072509374538503,3.5775304376724852,4.988548765228789,178.83371300516492,2.656570834485608
940268000,0.5612150398853623,0.006737513096727469,3.558461505253367,5.016788094674961,177.8483477162269,3.498595818791787
940274000,0.5646323042371215,0.005431848590355752,3.5940937955539316,4.964283655526593,179.65515628494552,2.865283871713191
940280000,0.5638032435179158,0.0047359116083231624,3.585295909055648,4.977142177106426,179.2273196538869,2.4887858700486136
940286000,0.5646748299879184,0.0031756684894468945,3.5943610987647205,4.963894047462941,179.70111899076306,1.6756545585209635
940292000,0.5633322542704599,0.0026406453835122693,3.580206270399827,4.984612213100496,178.99869333329605,1.3848156826207338
940298000,0.5613143052030658,0.003045129346863719,3.5591585996309947,5.015749977581327,177.9426546143764,1.5822600900846815
940304000,0.5618379542609112,0.006087396949606809,3.564864881395809,5.0072687183470315,178.18202324528687,3.170138914965707
940310000,0.5646361119285109,0.00047240189076249594,3.5938603605473425,4.964623950339977,179.6926433301967,0.24923343891490385
940316000,0.5610596825412042,0.004144174105913347,3.5565869860600574,5.019581831441716,177.8010995417096,2.150742095155024
940322000,0.5598105913412323,0.0021014840123766356,3.5435393994888043,5.039116583109717,177.16975677842197,1.08451862442564
940328000,0.5580403865704142,0.007797768878065817,3.525858246951105,5.065839469031359,176.19460445257593,3.9908923652539117
940334000,0.5495446679647773,0.004759606789615986,3.440155048026026,5.199614266792522,171.97281206497368,2.3454119160742675
940340000,0.5591281774342206,0.004383908843384046,3.536642770984474,5.049505440358779,176.80087066102186,2.255245837195019
940346000,0.5620201804432025,0.003025275721217692,3.5665053328017953,5.004835963244632,178.3101289772057,1.577015787626374
940352000,0.5640486752904399,-5.5720982182318605e-05,3.5876681621714086,4.973668285826661,179.38340291307222,-0.0293185678817565
940358000,0.5660066195728001,0.002290215288776398,3.6084144201372377,4.94349868883934,180.41184459509364,1.2159004100187483
940364000,0.5652906118991091,0.003402522761704203,3.6008831817342473,4.954407202591704,180.02464803122257,1.800430637347049
940370000,0.5639897286543804,0.0025318526832964665,3.5871076892528833,4.974488584339694,179.34466162286364,1.3317734353768935
940376000,0.5631466313164641,5.157119511202341e-05,3.5781952347942627,4.987570152509527,178.90975731224384,0.02702314003660004
940382000,0.5639275202231242,0.006877694196335799,3.586834664488954,4.974888279364569,179.2626467399944,3.6159089326779834
940388000,0.5637799944594676,0.002160748401277806,3.5848859725491224,4.9777429870620455,179.23649815905313,1.1354875764992227
940394000,0.5645375601991457,0.0022565476785531484,3.592866181902382,4.96607377203301,179.63476448141972,1.1899574965469388
940400000,0.565927389238281,0.006722011276964602,3.6079478421340454,4.944173063548847,180.32096915738003,3.566730804047918
940406000,0.5654476792494818,0.005564417045108681,3.6027277253658614,4.951730930930022,180.0841607811504,2.946214218460443
940412000,0.5677798635513607,0.0078750691077976,3.627856413616082,4.915564883962768,181.2868040913229,4.214055321222288
940418000,0.568355287659551,0.007430159819194543,3.6339616667959036,4.906859733827559,181.60338841987107,3.986728300911875
940424000,0.567304655155403,0.007222472967133052,3.6226809343364472,4.922969191025843,181.04511584191587,3.8565635688909095
940430000,0.5666443225154608,0.0052844378751844044,3.615409072517179,4.9334114700264955,180.72302380318067,2.8134891245450446
940436000,0.5646226873236158,0.005560686531541254,3.594005550454984,4.96441229105131,179.64836952325285,2.933094027220377
940442000,0.5656645391338362,0.001538359136387058,3.6047578716398876,4.9487887963111605,180.2338964748344,0.8154582115900304
940448000,0.5631087387183641,0.0008887971828115745,3.577805482150637,4.988143838940665,178.8889593338041,0.46564415510571633
940454000,0.5638225691677126,0.00315279814780044,3.585382640704328,4.977015080812844,179.2525207617589,1.6570938149116907
940460000,0.5653313091033623,-0.0004844395403516365,3.6012077633342425,4.953936047672103,180.0599925478649,-0.2564025414696614
940466000,0.5622447700144663,0.0003180361719883117,3.568764172213397,5.001490123790421,178.43804109612782,0.16596388837917941
940472000,0.5634562779995298,0.0016809364936030459,3.5814689032463995,4.982756905888853,179.06873310375622,0.8820422184816237
940478000,0.5612352767050203,0.0018011035827240204,3.558281619633109,5.017056053095605,177.9087393873699,0.935552074383013
940484000,0.5627657593943879,-0.001193756478005196,3.574220419519907,4.993427146516627,178.70865384061227,-0.6244305951883278
940490000,0.5629235575405396,0.0003690518372224286,3.5758598708959273,4.991009660574103,178.79276710087848,0.1931844932356748
940496000,0.5644485749402299,-0.0003938756021192097,3.591881729607388,4.967510266948829,179.59382628082858,-0.20762509629443832
940502000,0.5643697224921829,-0.0008413086660715159,3.591055723583046,4.968716218669541,179.55159958776326,-0.44332031085763624
940508000,0.563530256375127,0.0015501160361838832,3.5822414918729573,4.981622367023188,179.10806572840687,0.8136740103797566
940514000,0.5631456452174615,-0.0013085979855709687,3.578200809616137,4.987561947776507,178.90718979957225,-0.6856918883263581
940520000,0.5630917744462047,0.0010240566148685636,3.5776301421408454,4.988401970401537,178.87976188371556,0.5364646863067616
940526000,0.5616380588983175,0.0012006578901806548,3.5624532327887843,5.010849558478679,178.1202824349654,0.6248134049398419
940532000,0.5615556534951582,0.003682569781461629,3.561707995473232,5.011957159010368,178.0630294005797,1.9155407682509489
940538000,0.563709807480555,0.004208328361552006,3.5842699311541075,4.978646148123869,179.18392072344815,2.2106414724167505
940544000,0.5617276502254153,0.0012424075643190711,3.5633868321997246,5.009462716536927,178.1667927664217,0.6468036356964424
940550000,0.5671107479921982,0.0037752607248243038,3.620253443686621,4.9264499794554455,180.98839806101398,2.0144677259718886
940556000,0.5630144896850424,0.0006112675769663573,3.5768142684493314,4.989603441637406,178.8400918747271,0.32010793303467333
940562000,0.5662941057998978,1.0939436668263717e-05,3.6114199212715685,4.939159171354728,180.57099586071436,0.0058157309838012955
940568000,0.5631574397230528,0.0006253579312834527,3.578312123220391,4.987398128005422,178.91495509532652,0.3277010890777262
940574000,0.5608013568990585,0.0012850236975189171,3.5537633954741183,5.023796081914671,177.68545742536372,0.6661705653420762
940580000,0.5654533722205739,0.00353012103225332,3.602614746157342,4.951894768524759,180.1097157663429,1.8693394343056042
940586000,0.5659132863398155,0.002812844411728514,3.6074485707027435,4.944894901425551,180.3590460189,1.4927067217095689
940592000,0.5653298725005781,0.0018043043802241881,3.601220837949687,4.953917070799903,180.05555395876738,0.9549546137220071
940598000,0.5678880536351312,0.0024108595610665396,3.6284850549082943,4.914667074323233,181.41430857832142,1.2911177371906308
940604000,0.5681274765163848,0.0025912137382085834,3.631059530501367,4.910993783022734,181.54147289218332,1.3892373626451329
940610000,0.565133702601776,0.004658416404261718,3.5993178045412657,4.956680759746539,179.9293520486838,2.4630712285896053
940616000,0.5666055867354499,0.0006485883637320279,3.614738104264094,4.934377262317019,180.73619082123784,0.34530396303737626
940622000,0.564455527796722,-0.0004268108431290667,3.591955284994227,4.967402906758744,179.59745870371864,-0.22499352232368364
940628000,0.5677904758502624,0.0010924204930532328,3.6273965546296676,4.916221856255686,181.3677870991084,0.5847879279307104
940634000,0.5672455036310844,-0.0021954320280574056,3.621603361119231,4.92451370404674,181.0719523698823,-1.1722645732746548
940640000,0.5665280510428979,-0.0014240681063742184,3.6139277591392966,4.935544191532069,180.69294555007127,-0.7578863336226918
940646000,0.5673820159726414,0.0008075016586895791,3.623022459363789,4.922479882095435,181.15001061824023,0.4314522832424342
940652000,0.5691309966551882,-0.000729419413837091,3.641787072550701,4.895748080530421,182.08843669998046,-0.3929032029268277
940658000,0.566639219230448,-0.0008925476218442249,3.6150997804733613,4.933856617034491,180.75363587618094,-0.47525899452058634
940664000,0.5533915024997527,0.002905260512954418,3.478271602788736,5.1392305803702465,173.90028184826033,1.4565075481859933
940670000,0.5724347689848016,0.0024494770055761973,3.677706158834767,4.845400392194087,183.8747653653668,1.3398443521396408
940676000,0.5715449031331346,0.002426371509772343,3.667989845751084,4.858914606276902,183.38920180224315,1.3216995528412039
940682000,0.5696902798100558,0.0010003578765909217,3.6478245513252854,4.887210419182788,182.38949730799212,0.5402449750994198
940688000,0.5700484650088187,0.0018932894864928582,3.651721095354563,4.881716482341153,182.5798440578254,1.0241642084935483
940694000,0.5681443305336311,0.0011394479874893072,3.6311891520083637,4.910808986602031,181.55723291555563,0.610962045167199
940700000,0.56664818544496,0.001208119319808151,3.61520149830908,4.933710211052372,180.75759564696023,0.6433172773946277
940706000,0.5697640220810922,-0.0007637963462615009,3.6486172298906854,4.886091753132661,182.42985237311066,-0.4126318604580838
940712000,0.5661657638557317,-0.002107741978395881,3.610097407052925,4.941067730183847,180.4973451047322,-1.1198492182264923
940718000,0.5689629030210474,-0.00018076077112708504,3.6399721677088963,4.898320544411597,181.9985521301893,-0.09729148019356669
940724000,0.5692435312346289,-0.001771695273822315,3.6430244144874426,4.893995849162512,182.14580769952383,-0.9548124292079685
940730000,0.5662569868148721,-0.0005936294241859775,3.611028590621278,4.939723754298502,180.5508322863987,-0.31553651276304967
940736000,0.5674482302474354,-0.0013460936787559482,3.6237410688855567,4.921450643593098,181.18396122358027,-0.7194405169370516
940742000,0.5636813102661961,0.0001481369276105603,3.583805682139675,4.979326993105949,179.1902474632433,0.07781362544479255
940748000,0.5648819990131733,0.002836236160970934,3.596529501958204,4.960735809083035,179.81294984529316,1.4979931814642473
940754000,0.5666947522803897,0.0013069157207751896,3.615699824591623,4.9329930817742875,180.78208910588108,0.6960745153979504
940760000,0.5648977420847875,0.0040894977601009215,3.596776981285987,4.960375622500834,179.81072831445798,2.1599760552662457
940766000,0.5623598135500942,0.002373517921171022,3.570016539827626,4.999637070979147,178.4914909689235,1.2392112640503685
940772000,0.5654439433285735,0.002575007440984264,3.602460268287397,4.952118803715735,180.11182863275462,1.3635517487122866
940778000,0.5641815307998486,-0.0012239280743684849,3.5890806235595365,4.9716022637141,179.45152258068464,-0.644378749502057
940784000,0.5653885313237785,-0.002099681640393535,3.6018526563274706,4.953000209374162,180.08519848602512,-1.111580576690477
940790000,0.5661921674393524,-0.0016384037692505262,3.6103614986305836,4.940686490915288,180.51352717892703,-0.870602611215849
940796000,0.5645669716311169,-0.0008404131964805825,3.5931354371124105,4.965681028317318,179.6555864437917,-0.443249760395627
940802000,0.5677312667404509,-0.0031624976582973574,3.6268457559430587,4.917008985827655,181.32519227215874,-1.6923855985360636
940808000,0.5663235700047928,-6.776821371432802e-05,3.6117332655621666,4.938707196893473,180.5866554916232,-0.036032499504760146
940814000,0.568575446277338,-0.004276423329152051,3.635977572515389,4.903992308905551,181.7674658762594,-2.2973560254264798
940820000,0.5673554656558736,-0.0011588341824725727,3.6227452610902735,4.9228770213175554,181.13497256060614,-0.6190927787268529
940826000,0.567571020772429,-0.006454676289250964,3.625429507785419,4.919034091303938,181.20033474130688,-3.451025232830768
940832000,0.5656876355140629,-0.00566564620831815,3.6052814103461386,4.948030654214654,180.20985267712908,-3.003109479697736
940838000,0.5692835218556695,0.002167005318288135,3.6434702477627035,4.893364808763069,182.16541246248318,1.1680623079393135
940844000,0.5643015252665229,0.001545295887754796,3.590352797632863,4.969742949797836,179.51363821555222,0.8140181843305497
940850000,0.5673666621308451,-1.3502628176586239e-05,3.622852253118886,4.922723727101883,181.14261234494927,-0.0072140366381163714
940856000,0.5669530256871949,-0.000603626466758258,3.618440037006856,4.92905352986651,180.92138182438694,-0.3218825348699996
940862000,0.5678243493351002,-0.0012455701149156494,3.6277626216225984,4.9156988641909525,181.3854776580982,-0.6668743034296477
940868000,0.5654198813863637,-0.0014947709333340774,3.6021642670405196,4.952548144705023,180.1044448727938,-0.7914615075445219
940874000,0.5659428118595655,-0.0032261212254746357,3.6077853876867554,4.944407913586512,180.37166267914697,-1.7122326988779704
940880000,0.5668036002227849,-0.004176713198876645,3.617007552671951,4.931112179462437,180.82071974796847,-2.2254846698664883
940886000,0.5669913963227495,-0.001503552248529727,3.6188671333891285,4.928440083276403,180.93950894315887,-0.80190004308702
940892000,0.5685027820536119,-0.0020823677260415237,3.6350650565957916,4.905289845590589,181.7458072782345,-1.1183849388841092
940898000,0.5652544700569685,-0.0040286838366967075,3.600544248756579,4.954899287870917,179.9998655779428,-2.131354268364056
940904000,0.5699752908749107,0.0008027993025492362,3.650901650556207,4.8828708067089694,182.5439663342005,0.43412885358367714
940910000,0.5710969226949401,-0.0014036662188954296,3.6630769271689325,4.8657773641202375,183.15041148858,-0.7630286977291121
940916000,0.5719013853203585,-0.00033717890127533165,3.6718218554802,4.853575519552528,183.5908936318156,-0.18398078891621328
940922000,0.568370961317111,-0.0012792505290967367,3.6336239952130724,4.907340374582136,181.67839197698515,-0.6866421833461979
940928000,0.5678625660416695,-0.0015832796360965458,3.628180893723709,4.915101427612986,181.40475643223522,-0.8478285141813654
940934000,0.5680841947714073,-0.0019850592593757322,3.6305692810596306,4.911692842013828,181.52171457342047,-1.0640599804336341
940940000,0.5685691411470519,0.0015816236848377753,3.6357606483576523,4.90430069672541,181.7837354784105,0.8497181837374791
940946000,0.5651038748852734,0.00011954352002439246,3.598799443478281,4.957434100836514,179.93994811476134,0.06320550863637468
940952000,0.5663659156046981,-0.0030307194916971915,3.6122698199928145,4.9379334565927415,180.59791437276755,-1.6116758783130338
940958000,0.5654017295819471,-0.0019132816941676927,3.601985405098032,4.952807615681692,180.09309681811612,-1.0129651682069125
940964000,0.5641967819653747,-0.003173570493400589,3.5893212330532536,4.971250497410091,179.44919454192097,-1.6708761280301454
940970000,0.5670799428338015,-0.0018445001262686334,3.6198225864264093,4.9270683155209145,180.98533575563633,-0.9841366181006298
940976000,0.5692121688941876,-0.0035244515937142363,3.6427742709607376,4.894349979946205,182.11729691949586,-1.8990466257056713
940982000,0.5649916828024141,-0.0036738789268163942,3.597739489728559,4.9589752782004695,179.8642666030575,-1.9413272154001124
940988000,0.5688947942821286,-0.005359683804574432,3.6395105101388356,4.898975345093028,181.9260926093236,-2.8834041109443533
940994000,0.5666117247793693,-0.005869172876753731,3.615123202284198,4.933822904425343,180.6976655181204,-3.1242296079654106
941000000,0.566604362158687,-0.0028427722108659535,3.6147970470451916,4.9342924044712175,180.72612876516806,-1.5134020047854213
