frequency_hz,s11_real,s11_imag,swr,return_loss_db,resistance_ohm,reactance_ohm
470000000,0.43214675823453563,-0.2018543099071014,2.823838730843922,6.430262673202401,106.34619639648074,-55.57624974032705
470010500,0.4314361310099595,-0.20230575320652028,2.8205350964120837,6.438502757310137,106.11630750069479,-55.549128073950875
470021000,0.4320896149647155,-0.20238541059860243,2.8251058216980214,6.427108080436444,106.2416547499639,-55.67961474628062
470031500,0.43137511743548085,-0.202800061965318,2.8216655950465976,6.435680529618334,106.01755242077782,-55.643659412004205
470042000,0.4320993403189555,-0.20237750529509108,2.825145722894075,6.4270087935939895,106.24510285052868,-55.67962211423427
470052500,0.43256027681646503,-0.20267370582353003,2.8291228014649152,6.417128619293707,106.29172483750136,-55.82306237683394
470063000,0.43256921312720364,-0.2023843519518538,2.828282832888696,6.419212690546122,106.34410195415046,-55.76292384462838
470073500,0.4333574332991362,-0.1987028062379235,2.8221950354511067,6.434359699805522,107.15336945706873,-55.10848876510486
470084000,0.4319956225403946,-0.2017647269251277,2.8225608833612954,6.433447326014283,106.32948166590594,-55.53086636363364
470094500,0.43157976724629343,-0.2015905164225172,2.819272323943942,6.441658260407781,106.27089903130069,-55.42155156039443
470105000,0.432216059753154,-0.2023915625697113,2.82596281859104,6.424976304973983,106.26753447615354,-55.70293247074742
470115500,0.4321776497583722,-0.20207351381187214,2.824722037706498,6.428063220600432,106.31468310524288,-55.628414876632355
470126000,0.43280474866330665,-0.2012694990347053,2.8263944974253654,6.4239030657084415,106.58866536948248,-55.56556081729305
470136500,0.4311904517715733,-0.2014943665354289,2.8164051177831264,6.448835053884753,106.20444326585276,-55.33366210869698
470147000,0.43286914363617607,-0.20233554425089018,2.8301231171221253,6.414648550269795,106.41663153598643,-55.80483572105558
470157500,0.4324440875643715,-0.19867927761479118,2.816069723084855,6.449675659899029,106.95979928420972,-54.94552845467244
470168000,0.4331686569177305,-0.20371479719501515,2.836417263934283,6.399089395855181,106.23904755549869,-56.15110433667607
470178500,0.4306090581624342,-0.20295671777791882,2.8170968175978053,6.4471021568989295,105.82782653128122,-55.544094377739505
470189000,0.4349718513791797,-0.19996512259728166,2.8368151352266398,6.398108506224952,107.28305642890427,-55.66293597593359
470199500,0.4345135326063825,-0.20234131653087678,2.8411027868279994,6.387557870691721,106.76736632620722,-56.09420759037077
470210000,0.4318281656440316,-0.20021452570412676,2.8166823471045834,6.448140401765316,106.56210137225021,-55.16994151077144
470220500,0.433797634759218,-0.20023639525308787,2.8298133049531775,6.415416449198558,106.98202987224332,-55.51639786556387
470231000,0.43484891359625016,-0.19981256700623676,2.8355244253276033,6.401291694443295,107.28314834694233,-55.60840344129393
470241500,0.432194783408103,-0.19878558268366686,2.8147441580264005,6.4530001919656765,106.88760334756802,-54.92551448273428
470252000,0.4358217694422241,-0.20129167025140032,2.846608068475041,6.374064188246928,107.23355551147792,-56.098947627208204
470262500,0.4352247967311561,-0.20195255718454058,2.844655246672435,6.378843818175967,106.9884628169024,-56.136001245882916
470273000,0.4317535237025724,-0.1988502357922525,2.812026201082867,6.459828078213409,106.78123108307678,-54.86348982189117
470283500,0.432119982256825,-0.20009939819699785,2.8182589577315067,6.444192869533779,106.64468026821598,-55.19564920948986
470294000,0.4350540517105713,-0.19876174674677677,2.833677468560438,6.405852476364851,107.51127829193689,-55.41630469324822
470304500,0.43412421163410386,-0.20192579809626704,2.837209503677554,6.397136562304405,106.75688323643993,-55.936761044341466
470315000,0.4287868245248095,-0.19920668365512775,2.7936389109350723,6.506419485892817,106.08290779316644,-54.43284533985024
470325500,0.4360520225462399,-0.19846585972254002,2.83945664869242,6.391604225205937,107.78033715247014,-55.52641646426463
470336000,0.4326646024187549,-0.19823608082487099,2.816183384722853,6.449390761941187,107.08395344901778,-54.887650982063754
470346500,0.43398732838986465,-0.20525828229002618,2.846739159197718,6.373743605033136,106.14086373767462,-56.62277029047036
470357000,0.4319158961472321,-0.20373215333079964,2.8281492008972724,6.419544379339134,105.97007752514631,-55.93559040617923
470367500,0.43102752659779175,-0.20272346965731936,2.819132242702672,6.442008504348502,105.95701068769198,-55.56709296487004
470378000,0.4334718620502337,-0.19933930077958076,2.824896709062682,6.42762847149473,107.06775505664483,-55.2660571835291
470388500,0.42925954185695586,-0.20026885204952288,2.799959121123512,6.490325653472291,106.00297814990594,-54.74035860720106
470399000,0.4298020367899994,-0.1984809273891385,2.7980779157974087,6.495107256580004,106.42415892267775,-54.44988255351686
470409500,0.4331977283165909,-0.20463000732692635,2.8394847095653417,6.391535204204754,106.0844289324891,-56.3504407651958
470420000,0.4338408099132066,-0.19883000679533566,2.8257953039704278,6.425392880523042,107.23604266925538,-55.219881580668186
470430500,0.4324719709060664,-0.19580419901972826,2.807586376817523,6.471014094984142,107.45975769863615,-54.325566586102404
470441000,0.4336066334206155,-0.20379709688304834,2.8395943857968033,6.391265449798062,106.31772579963567,-56.245536387052844
470451500,0.4287821614111634,-0.19308274979275233,2.7753659485449065,6.553423371307341,107.11324722008573,-53.107336208312006
470462000,0.4361797988904676,-0.20179171657480713,2.8505687204716255,6.364393228324616,107.22241487098466,-56.27003239404877
470472500,0.43675705439582047,-0.198978467360649,2.8457621225577436,6.376133764789574,107.84406591492123,-55.76203051071329
470483000,0.4344137321555659,-0.19991039142264472,2.832918538356773,6.407728509487517,107.17191568545401,-55.553504339974985
470493500,0.4342929789888914,-0.2011832028628265,2.8360350068458104,6.400032087132597,106.92327606027962,-55.8068507353997
470504000,0.4321332161501407,-0.202327839048359,2.8252160726181312,6.42683374895763,106.26096517336546,-55.67492994888216
470514500,0.43276099255199774,-0.1997047650358526,2.8212957305267707,6.43660359134997,106.8509394702484,-55.221660713152026
470525000,0.43996991835062055,-0.19355886175294748,2.8510766220029717,6.3631552714984885,109.50786524401065,-55.12946866415429
470535500,0.4413843130450513,-0.19819729476646278,2.8747763099956742,6.305943575553751,108.99862754530189,-56.41284086173667
470546000,0.4300251696239776,-0.20058175891802013,2.805933017036353,6.475190050523637,106.1128569164515,-54.93820035765625
470556500,0.432372877021114,-0.19668912523425927,2.809584279366247,6.465975424178857,107.28659304203114,-54.50155770245809
470567000,0.4335606876193622,-0.19598299163420885,2.8153266652898763,6.451538815941248,107.66710854359403,-54.55142490873719
470577500,0.43187756959315,-0.1979840494867088,2.8102183182530207,6.4643781054329965,106.95690310650946,-54.69765249308321
470588000,0.4402125280264175,-0.19672358454185299,2.862266217046454,6.33600880971807,109.00244326406924,-55.877510940967355
470598500,0.43720061061216114,-0.2016907360110316,2.8571359812517945,6.348424911950939,107.46062303093149,-56.42925267990777
470609000,0.4331120333622034,-0.20199696601275394,2.830686830110475,6.413251826673973,106.5276523266925,-55.77488450604725
470619500,0.43446935258190944,-0.1990327267633042,2.830601139157921,6.413464103990714,107.33705652966384,-55.37316770537482
470630000,0.4348672766675093,-0.20006759599377893,2.83643100298309,6.399055519134506,107.24249271351404,-55.666795084441354
470640500,0.43179878711917746,-0.19907649512823192,2.8130131477624007,6.457346984386518,106.75205094806653,-54.92006739775891
470651000,0.43480174933863996,-0.193988346592469,2.817620609823632,6.445790561977812,108.28312817562222,-54.3262161415815
470661500,0.4363877176731121,-0.19707369744064715,2.8374741671160337,6.396484456896002,108.09741013134024,-55.28062845213703
470672000,0.43642783192200735,-0.19775133109163007,2.8398011082044334,6.390757069931974,107.98762822348971,-55.436136748472414
470682500,0.43651865714786403,-0.19810821813152588,2.841498237909663,6.386586613796334,107.94493773492476,-55.53012637327312
470693000,0.4337402695220894,-0.19747141131563206,2.821000931462316,6.43733951233711,107.44961461383953,-54.90730831707999
470703500,0.4331349117097547,-0.1976981160018987,2.817669258136395,6.445668773135802,107.27878210551745,-54.852061895569385
470714000,0.4365842010493642,-0.1981497570045641,2.8420653760978816,6.385194219211332,107.95197956895927,-55.550707715814994
470724500,0.43592973224038833,-0.19456215270427488,2.8268531107971056,6.422763272307971,108.4334875869775,-54.64773126192326
470735000,0.4345217204667094,-0.1977842500117558,2.827148948517729,6.422028250066712,107.5656245505583,-55.110868104583666
470745500,0.43435482694435357,-0.19644711501309786,2.8219967319712285,6.43485435415693,107.76086812546528,-54.789944087723306
470756000,0.4350719611840519,-0.1982757541863161,2.832315136347063,6.409220905177282,107.59996204954096,-55.31368455458823
470766500,0.43522733648915446,-0.19817967510370452,2.8330611108290027,6.407375990703832,107.65056665469035,-55.319848317944434
470777000,0.43563236150443385,-0.19854385552108095,2.8368816729749553,6.397944498446089,107.67520455531115,-55.469947064890974
470787500,0.4352720765734198,-0.19849131221547153,2.834309896658981,6.404290025967195,107.6059255097137,-55.3955376910348
470798000,0.4341673975557312,-0.19808975832701764,2.825716034433232,6.425590027779194,107.4354536401497,-55.11586081990268
470808500,0.4354695435168353,-0.19656874506558628,2.8297979013931314,6.415454633401113,107.98401554039299,-55.009821558003466
470819000,0.43649862422261676,-0.19772697389725566,2.840202422546514,6.389770383122028,108.00739146853765,-55.44320690499181
470829500,0.4357585858017757,-0.19625185880343501,2.8307753354561327,6.413032592837148,108.10255809653803,-54.990506062221094
470840000,0.4352137786069157,-0.19744848858760577,2.830749247238491,6.413097213520943,107.77500829632801,-55.15792656585581
470850500,0.43601772180687587,-0.1968193250434266,2.8342232242446226,6.404504108111702,108.06064349889533,-55.16022465998388
470861000,0.4356256433894941,-0.19690513517747357,2.8318578363764613,6.410352430314758,107.95971980979743,-55.110725031061804
470871500,0.43512947044288575,-0.19472069051313878,2.8219830859571573,6.434888396121393,108.22931614177304,-54.54439572676011
470882000,0.43616686340649796,-0.19635720561992362,2.833826690842707,6.405483742235425,108.17395384588015,-55.08472908612256
470892500,0.4354916974372601,-0.19619851193921106,2.828830070481786,6.417854762354832,108.053198204581,-54.93241136435813
470903000,0.43633743597210234,-0.19604861836961124,2.8340397501365104,6.404957341211879,108.26525299805186,-55.04655828917063
470913500,0.4371447139421292,-0.19683786110486223,2.8418464266159003,6.385731692173099,108.30498104553544,-55.36132402609283
470924000,0.436271755478372,-0.19572476113172424,2.8326249369308036,6.408454583896743,108.30717792407506,-54.963778887680334
470934500,0.43632723791136047,-0.1957503437374718,2.8330736884788768,6.407344893673726,108.3149538535556,-54.97907424297749
470945000,0.43620360598482294,-0.19658349143585477,2.834756095560839,6.4031881447077605,108.14258001248835,-55.14086442115857
470955500,0.4369715638167495,-0.19533901592230304,2.8361611071930226,6.3997210766591675,108.52884620378532,-55.00054139835075
470966000,0.43654207206271195,-0.1956570199559242,2.8342335937333156,6.404478494533777,108.37857651390082,-54.99590789149402
470976500,0.43551532872002024,-0.1964614596244039,2.829780340061308,6.415498167128107,108.01270672202774,-54.99424268053357
470987000,0.4365998139963373,-0.19581061074775438,2.835082959967776,6.402381209511377,108.36454570604053,-55.039844121188956
470997500,0.43616807429509863,-0.19616146317785646,2.833244611282136,6.406922334739931,108.20832055075878,-55.04189144193827
471008000,0.43635623618792874,-0.1954866275692074,2.8324756398481385,6.408823860558487,108.36724175883052,-54.92596564803526
471018500,0.436560231260073,-0.19593112080941796,2.8351801435174755,6.402141331967757,108.3348100649447,-55.05950861180766
471029000,0.43658011176047756,-0.19565574568130537,2.834484942340519,6.403857706144059,108.38719016398201,-55.00225399343081
471039500,0.43693380422841566,-0.19531725121979868,2.835842129716544,6.400507855154366,108.52429393452427,-54.9891461703218
471050000,0.4368292758855561,-0.19541164885263468,2.8354236675736844,6.401540325562067,108.48473761000093,-54.991785915444666
471060500,0.43599198951599405,-0.195316612876706,2.829526218631342,6.41612819148448,108.31643146622366,-54.82515954015308
471071000,0.4362625255497167,-0.1951148497621374,2.830732797041482,6.41313796146494,108.411183544085,-54.827602702811554
471081500,0.4364743086858811,-0.19534653479840483,2.8328466156970915,6.407906357855543,108.417676021156,-54.9155868819105
471092000,0.4360749193400418,-0.1950635553613721,2.8293230990510345,6.416631863748197,108.3786558350424,-54.78370223289862
471102500,0.43615634612020115,-0.19620252671685626,2.833289784252951,6.406810666905206,108.19858861703466,-55.04888207240448
471113000,0.4362017853994256,-0.19512799285968713,2.830365382548474,6.414048206201634,108.39548572895049,-54.81995580674518
471123500,0.4375391119658465,-0.1949285179939699,2.838745455911228,6.393354057853164,108.72611914266427,-55.00870874693621
471134000,0.4372293730102555,-0.19564329264526073,2.8388086842485807,6.393198449074832,108.53270841407738,-55.11279298993395
471144500,0.43712447944708926,-0.19477066146151392,2.8354843204675393,6.401390655289955,108.6617546346718,-54.90140141195671
471155000,0.43735161520444027,-0.1965354681006041,2.8423235054898477,6.384560689546268,108.40353122853345,-55.331025557107694
471165500,0.4363490454617889,-0.19520037287830694,2.831568686320899,6.411068107367824,108.41543238464298,-54.86152595358411
471176000,0.43631466555568055,-0.19576798075835156,2.833042459214688,6.407422105607746,108.30911267117617,-54.98077283460686
471186500,0.4375859317179753,-0.19528798584083193,2.8401396414075566,6.389924718232097,108.67367969081238,-55.096529515036046
471197000,0.43790819860140806,-0.19542761192911698,2.8427308547564656,6.383561195081908,108.72060736710485,-55.18384930097294
471207500,0.4373078548217368,-0.19598945410381755,2.8403795424377303,6.389335010606235,108.4895091097096,-55.20296069132677
471218000,0.43688821156016433,-0.19551523756539788,2.8361306601208063,6.399796167599375,108.47969549639419,-55.02494522467268
471228500,0.43682947946980066,-0.19525182270859645,2.8349452239465176,6.402721214640477,108.51263495925006,-54.95650033137043
471239000,0.4357053558652393,-0.19778730052332982,2.8350659046448423,6.402423308994901,107.82334992614676,-55.3176512764966
471249500,0.4371012302041099,-0.19361513497755792,2.83188066078465,6.41029594459405,108.8575486910893,-54.640776250376184
471260000,0.43696970187065726,-0.1941755646631175,2.832666742785755,6.408351187792173,108.7309737539516,-54.742482883433574
471270500,0.4385678372672905,-0.19377369423859314,2.842226262098908,6.384799339598727,109.15670884707833,-54.93162929256202
471281000,0.43778805037749896,-0.19443875911716954,2.8389547078007,6.392839106485169,108.86688044946318,-54.94347660193001
471291500,0.4380928876050205,-0.194621252411198,2.841555235068726,6.3864466500290895,108.90272724928754,-55.03729550067118
471302000,0.43750495241071147,-0.19424517834889093,2.8364708318371443,6.398957314238064,108.83773775168909,-54.851086832393214
471312500,0.43833557907229304,-0.19439038287285754,2.842501133830105,6.384124810726814,108.99708370385288,-55.02841701421909
471323000,0.43805131210148474,-0.19346111554979992,2.8378115079788886,6.3956534825877,109.09602506197474,-54.77171697496169
471333500,0.43794828791059626,-0.19397783026712936,2.8386570087893714,6.393571744870402,108.98296216703913,-54.8689193312125
471344000,0.4372931600748831,-0.1938471170768294,2.833859936847928,6.405401596090778,108.85994094659536,-54.725728188395415
471354500,0.43834742357755474,-0.19360390166386982,2.840232653937223,6.3896960679587,109.13719128389407,-54.85522977325066
471365000,0.43805153181439466,-0.1935507646432814,2.8380797808964027,6.394992804880108,109.08044800589145,-54.79175421680556
471375500,0.43835267713412895,-0.19390450810728105,2.8411644227775126,6.38740646797252,109.08585604943693,-54.92319362743331
471386000,0.43826921861410445,-0.19326487573210258,2.8386963760601427,6.39347485180333,109.17888053506142,-54.765890681447154
471396500,0.4383446441067909,-0.1926143333461603,2.8372744650538015,6.396976490820499,109.30908298249912,-54.633526579414585
471407000,0.43879758762493565,-0.1940278750437719,2.844537256663861,6.379132844550725,109.16347927626481,-55.028544046791886
471417500,0.43747427146184026,-0.19368363433077987,2.8345903859627732,6.403597315737894,108.92867359669512,-54.720844825304795
471428000,0.4380201272171011,-0.1941282167616177,2.83958997905414,6.3912762879525875,108.97270693689184,-54.914934868758486
471438500,0.43740609763769406,-0.1943080531401907,2.8359938175744372,6.400133682076761,108.8048220620555,-54.84783193451804
471449000,0.4374914730114234,-0.19411746268591554,2.835998925038163,6.4001210841352645,108.85699125440809,-54.82035310168837
471459500,0.43747718206878006,-0.19250967129595312,2.8311278656093335,6.4121595067953585,109.13315895047184,-54.459430169440196
471470000,0.4385466908251838,-0.19350149743350964,2.8412721742769267,6.387141804897741,109.19956155663508,-54.86716891426392
471480500,0.43858946402191473,-0.19303962739203978,2.840187116211705,6.389808010024503,109.28976250524649,-54.77139175489146
471491000,0.4383846747837011,-0.19334438213846178,2.839711345515819,6.3909778074831225,109.1908042634959,-54.803788839979426
471501500,0.4393218234629766,-0.19313254034319371,2.8454130547163343,6.376988156009697,109.43748631731266,-54.92021635046187
471512000,0.4383247842750546,-0.19256435533812827,2.8369926111940194,6.397671068225676,109.31333390527703,-54.61887685509132
471522500,0.43859741634883087,-0.19300243590582955,2.8401303232396966,6.3899476257830035,109.2980311564111,-54.764457705619684
471533000,0.43772593690795564,-0.19277291566552326,2.8335786276402133,6.406096740590302,109.14309325594526,-54.561432064414404
471543500,0.43818384637538,-0.1927750382467997,2.836667051647374,6.398473546488948,109.24511941548447,-54.64151179684223
471554000,0.43840468564891366,-0.1933513828078697,2.839867146972381,6.390594682606019,109.19405280811478,-54.80884448048544
471564500,0.43799599289252694,-0.19259954554335584,2.834882263224188,6.4028766474692596,109.23360584337587,-54.5695755418329
471575000,0.4379140654837773,-0.1929686159357015,2.8354243339142187,6.401538681225377,109.15112348816305,-54.637858978903814
471585500,0.4386061297837138,-0.1926627924582179,2.839181462181615,6.392281180783945,109.35921330641257,-54.68992924295659
471596000,0.4387980989671333,-0.19274768500025694,2.840728987829231,6.388476232250647,109.38742014403113,-54.742430833508735
471606500,0.4386995869311811,-0.19247956955908974,2.8392693317463595,6.392065006408548,109.41209601084319,-54.66515061858219
471617000,0.4396013235064415,-0.19277680855704965,2.8462480097633023,6.374944887503748,109.56247127899022,-54.88939440597197
471627500,0.4395592074965537,-0.19244338710085893,2.844973308742821,6.3780648348374935,109.6113813755164,-54.807136208884096
471638000,0.4389574463798639,-0.19251991068374893,2.8411300081374598,6.387491003266356,109.46289604396105,-54.71916934939157
471648500,0.4392225409768185,-0.19187689940342112,2.841019420840534,6.387762663066791,109.6346287042867,-54.62095007625601
471659000,0.43948055472355163,-0.1919972911766175,2.84312022403789,6.382606122818283,109.67167512438253,-54.69306972284349
471669500,0.4390043933932054,-0.19171881266724594,2.839078945306415,6.392533409392841,109.61309272398161,-54.54736590234494
471680000,0.4395644465023993,-0.19188792207813543,2.8433647495243375,6.382006486158835,109.70966222870018,-54.683103221425725
471690500,0.4396310131583341,-0.19165575872355178,2.843129769226451,6.382582713459623,109.76520195415556,-54.642426181941644
471701000,0.43888503209464114,-0.19226779381549566,2.839894459943141,6.390527523360133,109.49061832203502,-54.649957803690384
471711500,0.43927134882514607,-0.19188591753700307,2.8413760188567987,6.3868867598182435,109.64403795677137,-54.63149178923388
471722000,0.43911961734027455,-0.19201918011716204,2.8407440858837765,6.3884391335120725,109.58666829675317,-54.635002669656465
471732500,0.43937694294612606,-0.19185072166235398,2.8419861470429564,6.385388698253097,109.67394322520252,-54.64199314136497
471743000,0.4394107433995254,-0.1909227821117218,2.839481620500148,6.391542802266028,109.84327281968226,-54.4386500262996
471753500,0.44022926017959857,-0.19074428723054174,2.844499098382794,6.3792263223000125,110.05949703279519,-54.54096204777513
471764000,0.4399218547967778,-0.19024089157827964,2.8409397770450147,6.387958324520154,110.0776108898571,-54.373318577459365
471774500,0.43972575240009154,-0.19093644672644314,2.841652623579314,6.386207514994683,109.91206654353212,-54.496600379727205
471785000,0.4394396499414576,-0.19051383021094143,2.8384772295415814,6.39401426724522,109.92093799835096,-54.351240550300204
471795500,0.43973032564219444,-0.19084428940491818,2.84141279637292,6.386796438352331,109.92916066980442,-54.47656444753745
471806000,0.44024440699265205,-0.1908113989106898,2.8447990340733287,6.378491635916247,110.05120753570846,-54.55880242867493
471816500,0.4392006422918018,-0.1910831198327318,2.838532889905486,6.39387725373362,109.76794660426397,-54.438289321824186
471827000,0.4393931515615442,-0.19118588980011544,2.840136110399592,6.389933398753609,109.79349541951333,-54.4949846601886
471837500,0.439844300324268,-0.18934215200353524,2.837790775907507,6.395704545550885,110.21621066417292,-54.1558036998771
471848000,0.4401034586180308,-0.19132737327764,2.8453620234681942,6.377113081998288,109.92917829361386,-54.650863743224214
471858500,0.44022317872323424,-0.1910567256238217,2.8453766706188732,6.377077224821747,110.003544921294,-54.61060947672242
471869000,0.44011490622277966,-0.19054531905466643,2.843139714230929,6.382558323752285,110.06831597453396,-54.47594279058777
471879500,0.43914945157269447,-0.19106030878598845,2.838120071199852,6.394893593967202,109.76036441739885,-54.42423947510253
471890000,0.439647637890224,-0.19090028744146328,2.841017729591801,6.387766817838916,109.90071243811275,-54.474816259542166
471900500,0.4401762995890023,-0.19136799854200176,2.8459757618062116,6.375610971503038,109.93853059633517,-54.67277728238191
471911000,0.4404084229839551,-0.19070001679091617,2.8455843230393176,6.376568923512717,110.10781113346823,-54.56222631927462
471921500,0.4403362322317763,-0.1905211007831187,2.844569203768495,6.379054584750342,110.12269657184096,-54.509071639353216
471932000,0.4404803427037929,-0.19142837771445775,2.848217316674604,6.3701310909960505,109.99666697725715,-54.73963604278236
471942500,0.4409283200147941,-0.1908917677146665,2.8496798161332264,6.36656105070538,110.19208649865614,-54.696654580032416
471953000,0.44034383051771037,-0.19063062341888357,2.8449422642619457,6.37814085883374,110.10529651038883,-54.53522028475818
471963500,0.44054804323733376,-0.19126950244788174,2.8482084124034657,6.370152839610918,110.03980129024615,-54.71557082716415
471974000,0.4400284028928317,-0.1902015275646962,2.841546048738302,6.386469207797628,110.10862207188791,-54.382944870190585
471984500,0.4398149230437525,-0.19069924884523198,2.841559544805293,6.386436067183876,109.97356699898741,-54.45850008635983
471995000,0.43985428216988515,-0.19048372277889886,2.841193745548531,6.387334442067568,110.02002006013296,-54.416570849253155
472005500,0.43973323282886323,-0.190181234356506,2.8394886037611107,6.391525625819989,110.0452379557042,-54.326979022832546
472016000,0.4403399098831714,-0.18972247552664198,2.84225598577289,6.384726391210098,110.26277163107258,-54.32842238627534
472026500,0.43956602582539067,-0.18945138098301043,2.8362275030381996,6.399557332441018,110.13402837390997,-54.13235852178691
472037000,0.4406956018410566,-0.1899281409071978,2.8452703114519857,6.377337608548309,110.30777950080342,-54.437187752806054
472047500,0.4405478426486043,-0.18960032928731652,2.843309384655477,6.382142244132639,110.33133832310702,-54.33686177036851
472058000,0.4401566038832545,-0.18978704632272242,2.84120237000444,6.3873132580269605,110.20987478256065,-54.31118619531739
472068500,0.44073230274011155,-0.18988688474027376,2.8453987957065037,6.377023061968291,110.32332524922315,-54.4342126890798
472079000,0.4413212595862134,-0.1899592940511687,2.849614558900974,6.366720258060409,110.4446761147645,-54.55363736671904
472089500,0.4418861199186097,-0.18903543002691792,2.8507617207048987,6.36392275120077,110.73528153661161,-54.44169039720006
472100000,0.439564193657277,-0.18867886964127595,2.8339704348115604,6.405128587175484,110.26737895231605,-53.9563453278018
472110500,0.4409203277970802,-0.18934244298936553,2.845085319898428,6.377790549460425,110.46112287144673,-54.34306149887917
472121000,0.4409884219004367,-0.18956260134202735,2.8461905826142413,6.375085377121562,110.43822528279247,-54.40511168426571
472131500,0.4408086578629355,-0.18959342515774344,2.84505946617039,6.37785385614169,110.39190606845995,-54.38076119505568
472142000,0.4412638642582035,-0.18908959903692785,2.846682990436739,6.373880961978811,110.58361121616642,-54.34531385097127
472152500,0.44072901418917393,-0.1889610490710552,2.8426754277851787,6.383697174519012,110.48393999129436,-54.222755031438
472163000,0.44117232000612655,-0.18871718670532528,2.8449766852266882,6.378056566370892,110.6276458743353,-54.24426620534642
472173500,0.4403740698071052,-0.18871765968745494,2.8395613630092558,6.391346668561932,110.44526695827824,-54.10552594991182
472184000,0.440977339649284,-0.18881881487804508,2.843947502313469,6.380577907288193,110.56538926500998,-54.233519786891286
472194500,0.4408479545419703,-0.19001544310382878,2.846560575385987,6.374180341217052,110.32717340807714,-54.483640262399554
472205000,0.44089816665037096,-0.18907956571436313,2.8441686427216406,6.380035971443801,110.50189354221298,-54.27925024942097
472215500,0.4406017702469056,-0.18845203457347787,2.8403338651899266,6.389447282399317,110.54337869184451,-54.08441561413624
472226000,0.44055469819504967,-0.18857892883972804,2.840382839304195,6.389326907275972,110.5105880013753,-54.10522647178734
472236500,0.4410366096846062,-0.18834560319047577,2.842975788307047,6.382960370069664,110.66130384997346,-54.13565665886902
472247000,0.4408459277413081,-0.18814124756451914,2.8410892633656855,6.387591090765525,110.65318796605445,-54.055747259526164
472257500,0.44044534022183207,-0.18724728044134278,2.835793431898708,6.400627989244522,110.71630872777067,-53.781504998594336
472268000,0.440925622664192,-0.18807193006808143,2.8414293697205113,6.386755736936695,110.68347233302856,-54.05372164563029
472278500,0.4417477360209473,-0.1883427201987244,2.8478032899944288,6.371142512119371,110.82466091965824,-54.2589006209252
472289000,0.442237697217337,-0.1885004005915661,2.851601338777446,6.36187685735967,110.90944006518527,-54.38068108929003
472299500,0.4415831306875008,-0.18797553610753293,2.845618126860639,6.376486184947986,110.85093622045841,-54.146002083827945
472310000,0.4416609879220019,-0.1887224878700293,2.8483163678679895,6.369889169664616,110.73848873179497,-54.33073246491206
472320500,0.44082453876003064,-0.18799179256243048,2.8405115900826066,6.389010469007108,110.6742420382688,-54.01781886566256
472331000,0.44229087316341564,-0.1882985260499283,2.8513773847286297,6.362422430898551,110.95696359870182,-54.34366687706748
472341500,0.44103407948781326,-0.18697549512572634,2.839001525478035,6.392723903967852,110.8985371943268,-53.8209621605338
472352000,0.44185242166986466,-0.18769475543671518,2.846638370509119,6.373990081432668,110.96168315617514,-54.12845083923418
472362500,0.4418135073021448,-0.1872364243176106,2.845049561497499,6.3778781095476464,111.03253430704002,-54.016276489825174
472373000,0.4424145045895197,-0.18824360885465544,2.852061684298135,6.36075571831789,110.99495793580296,-54.35269055363122
472383500,0.44095842156912207,-0.18848100614719124,2.8428376887010707,6.383299115573462,110.61986516712666,-54.153027184308776
472394000,0.44193767916182586,-0.18799130402669398,2.8480776927975753,6.370472139112319,110.92955736844739,-54.21143162056609
472404500,0.4421528476819649,-0.18776518778083048,2.8488891626066497,6.368490559620422,111.01845074496721,-54.19703141743496
472415000,0.4417144736003801,-0.18692136432227047,2.8434678886039273,6.3817535990469,111.064503191256,-53.926521926072894
472425500,0.4426813365903494,-0.18713002636997333,2.850658950599304,6.364173265087183,111.25104411875796,-54.14301389714846
472436000,0.4421617706224346,-0.18770643976132123,2.8487799371771114,6.368757209120201,111.03075514399973,-54.18508117287681
472446500,0.4422048088138546,-0.18685123845448748,2.846604423926215,6.374073101496004,111.18972048714689,-53.995623080058124
472457000,0.4420094670698724,-0.18736984120688444,2.846768924316625,6.373670818933512,111.05440626585921,-54.08109411684565
472467500,0.44200343084331273,-0.18755607003383123,2.847265867010239,6.372455877114685,111.02056738604216,-54.122886201946166
472478000,0.4425411246962877,-0.1872526182913156,2.8500556707572944,6.365644244143418,111.19730581875179,-54.1468060036216
472488500,0.4419782316394827,-0.18778742591476208,2.8477634573026998,6.371239836643561,110.97443726828955,-54.17167739083543
472499000,0.4416470703970322,-0.18729800177650688,2.844094719497006,6.380217120060086,110.98353340504252,-54.001497130365806
472509500,0.4419003071220558,-0.18745293851324785,2.8462654538375207,6.37490221364973,111.01481764360324,-54.081199285069474
472520000,0.44204654656503306,-0.18714972069261548,2.846386280518172,6.374606648845081,111.10127822605808,-54.03687178135602
472530500,0.4430852836645927,-0.18613131773094221,2.850543439701742,6.364454860698339,111.51871913531903,-53.98257785086924
472541000,0.4426707125110295,-0.1875780536786231,2.8518814215482187,6.361194686368909,111.17031027415152,-54.24443644118275
472551500,0.44245447042716224,-0.18699746385595623,2.84872806023822,6.368883863252782,111.2218371352547,-54.072847979946204
472562000,0.4429784383333908,-0.1864183639754882,2.850638054200931,6.364224204968034,111.44390743523431,-54.030420308755986
472572500,0.44252823716680345,-0.18614004162440057,2.846765298082433,6.373679686248284,111.38819770403728,-53.88758290759405
472583000,0.4429290521975318,-0.18637397329750438,2.8501729929061517,6.365358121572978,111.44021972966976,-54.01153178016691
472593500,0.4431830614331453,-0.18730548414469997,2.854595606707813,6.354591908340751,111.33614677540653,-54.271238873563135
472604000,0.4432083077226404,-0.18614329460388715,2.851418878024535,6.362321341875502,111.54514337661382,-54.00681373744511
472614500,0.44251391245219146,-0.18691456126006645,2.848894632377643,6.368477207008904,111.25000709442645,-54.064083395897484
472625000,0.44313782486903747,-0.18687809885045104,2.8530517429864406,6.35834589775044,111.40048141523818,-54.16459667660805
472635500,0.44280900469944506,-0.18669455363380233,2.850275315724769,6.365108600955109,111.35653365753237,-54.064739525880505
472646000,0.4432589489539044,-0.18674967043301277,2.853510019764049,6.357231089321036,111.45094792356474,-54.15607715502708
472656500,0.4431131009391859,-0.18667717046436882,2.8523034646822043,6.360167044513455,111.42988212240265,-54.11381318869174
472667000,0.4432619156418631,-0.18612623236048328,2.8517364891234402,6.361547665429241,111.56054841703968,-54.01221331862987
472677500,0.442995308599401,-0.18635901053910783,2.8505826837545105,6.364359187559136,111.45816660300697,-54.01962431579341
472688000,0.44359237728776724,-0.18652993945596177,2.855159566354365,6.353221763457411,111.56658354500382,-54.16353733590498
472698500,0.4424469052328989,-0.18651538695907113,2.8472885342517245,6.372400471034647,111.30407666021054,-53.96022828807385
472709000,0.4436057431798429,-0.1856309252860837,2.8526685191198338,6.359278445275852,111.72680953216275,-53.957237928006535
472719500,0.44285376523472497,-0.18601875514438138,2.84863882341685,6.369101741389348,111.48468602877581,-53.91615054638145
472730000,0.44304752125779373,-0.1865009418412806,2.851347731317632,6.362494676777538,111.44548502100442,-54.06158722991593
472740500,0.44319071526937825,-0.18622995664302222,2.8515475293194417,6.362007933441091,111.52594292685528,-54.02382857632193
472751000,0.44390915604028386,-0.18618636198867003,2.8563417338478456,6.350351678323747,111.70019841656881,-54.13930476116236
472761500,0.4431311184822878,-0.18617599335219326,2.8509850356937223,6.36337846637119,111.5215486301593,-54.00092510475112
472772000,0.4434545014887829,-0.18574914387413136,2.851972102051071,6.36097385722247,111.67103943308521,-53.95831471868648
472782500,0.4432456391882038,-0.1854323396601579,2.849636625456822,6.366666421595157,111.67773197653044,-53.84830765877095
472793000,0.4431170264954468,-0.1856829229763285,2.8494746798691333,6.367061547421181,111.60422357284956,-53.88411214924934
472803500,0.4433796759952697,-0.1856839637858525,2.8512733987776953,6.362675783868601,111.66502881785804,-53.93012447062362
472814000,0.4431338670408961,-0.18582696088105097,2.850002408753589,6.365774147164796,111.58303959251278,-53.92047280347773
472824500,0.4434520954154363,-0.1856918110105753,2.8517913376171116,6.361414078572518,111.68048242319836,-53.944577526776825
472835000,0.44264229539574473,-0.18604703121877697,2.847276557840879,6.37242974513649,111.43078109535213,-53.88589288712459
472845500,0.4432167579326419,-0.1849149102837804,2.8479618861197107,6.370755039792552,111.7610279898208,-53.72292791551211
472856000,0.4427069899241198,-0.18477074198131554,2.8440718461694874,6.380273173249931,111.66741687850894,-53.600902991368066
472866500,0.44329609662056435,-0.18598911337560356,2.851576634287727,6.361937035070815,111.59240264631569,-53.98637860086537
472877000,0.4437112527876484,-0.1856782895196365,2.853526751368396,6.357190395585794,111.74306648083818,-53.986668032238164
472887500,0.443962489052131,-0.18619609518485394,2.8567354708657895,6.349396358287286,111.71087634352558,-54.15090372726342
472898000,0.44310531483658233,-0.18567712600998312,2.8493780508042867,6.367297333965885,111.60251457453049,-53.88072693381905
472908500,0.44356047548500477,-0.1851556719516759,2.85099914837565,6.3633440728480135,111.79915111674951,-53.83878970916844
472919000,0.443702940209539,-0.18498022864870062,2.8514732950379518,6.362188772224695,111.86290077580429,-53.82274787957387
472929500,0.44336965898186403,-0.18473369936562278,2.8484904974460195,6.369463924395218,111.82813937612882,-53.70729664812478
472940000,0.44339642863977363,-0.18473231391482745,2.848669553076596,6.36902671095081,111.83461880497474,-53.71162734422823
472950500,0.44313293305588436,-0.18420069872612288,2.8453579848232713,6.377122968937544,111.86545570197522,-53.541916571838286
472961000,0.44361462649493927,-0.1851391853097434,2.8513226400484943,6.362555809052653,111.81463146725564,-53.84438640490535
472971500,0.44339622873770906,-0.18436273671904838,2.84761670557593,6.371598426757194,111.89878361590222,-53.62540528825722
472982000,0.4435767773813854,-0.18546666133378648,2.851999881663725,6.360906210292464,111.74873385788518,-53.91399284596567
472992500,0.44402187566200985,-0.18507583628969734,2.8539311137166132,6.356207091998417,111.9205642566444,-53.90065279633241
473003000,0.4435194553824201,-0.18459179231123585,2.849110671954473,6.367949865597828,111.88773295940867,-53.70025433812072
473013500,0.4437245352143043,-0.18493908879140902,2.8515037329494595,6.362114622503315,111.87510150515014,-53.81692284759046
473024000,0.44370370451476965,-0.18446664623047201,2.850015036411263,6.365743348519572,111.95248997279064,-53.7030947651673
473034500,0.4440196257186613,-0.18369623120031922,2.849990454629432,6.365803303359857,112.16030915443869,-53.5778581761152
473045000,0.4437372498107531,-0.18276623279155088,2.8454315426803376,6.376942898194452,112.25532244019456,-53.310767299596904
473055500,0.4440516821868364,-0.1839649394575856,2.850971974677674,6.3634102972622095,112.12109925672169,-53.64635030622238
473066000,0.44439583769332397,-0.1840695732320017,2.85362836507801,6.356943267706442,112.18345090882687,-53.7307684487848
473076500,0.44493013961330097,-0.18492237060433037,2.8597291392128072,6.3421426552800515,112.15943695314775,-54.023663753511386
473087000,0.4445803571876176,-0.1834176702395886,2.8530454155039604,6.35836129290185,112.34026185938151,-53.61004602854978
473097500,0.44405000182637056,-0.18334671724204646,2.8492092521674346,6.3677092667110635,112.22813167505737,-53.50120601609002
473108000,0.4443537986835948,-0.18399407870728224,2.853125550193273,6.358166326057585,112.18676068664078,-53.70576374023323
473118500,0.44419485830302974,-0.18382343118102798,2.8515515342695426,6.361998177468083,112.1792412694962,-53.63812307578204
473129000,0.4448911982700285,-0.1839217477217154,2.856609646970598,6.349701610866494,112.32533453497715,-53.7825362057724
473139500,0.4441161650482212,-0.18361379464166022,2.850418168706335,6.364760279159244,112.1972555754182,-53.575318626146384
473150000,0.44420659696989223,-0.18361879534960274,2.8510519442945848,6.363215409205024,112.21758355087235,-53.592210907406496
473160500,0.44346107556350906,-0.18346249858244032,2.845508354677314,6.376754872604735,112.07004859084886,-53.42622906378166
473171000,0.4438272771671742,-0.18305154797147696,2.8468513367323096,6.3734693008854215,112.22706385283661,-53.39333257818788
473181500,0.4444109007481701,-0.18353929230377808,2.8522273423427587,6.360352370795914,112.27932407264173,-53.609101287150594
473192000,0.44413453767474204,-0.18319455299785092,2.849358131725374,6.367345941182478,112.27437981128053,-53.4801754873847
473202500,0.4442422113081601,-0.18376858945964034,2.8517205698253294,6.361586438949281,112.1998769891133,-53.63351303627745
473213000,0.4443304400401924,-0.18369095346699993,2.852105324848131,6.360649456250495,112.23406470766325,-53.63066861739407
473223500,0.4441552621727027,-0.18286555097421736,2.848571538050303,6.369266033761169,112.33632353766133,-53.40649866162212
473234000,0.44438117233243096,-0.1825885393739796,2.8493386182106337,6.367393559479092,112.43749060154768,-53.380523970034474
473244500,0.44411645264630983,-0.18273342424023095,2.8479334383676975,6.3708245379727515,112.35010448038166,-53.368714830092664
473255000,0.4452045218748266,-0.18298336704903875,2.8561044677019325,6.3509274996616565,112.56269277314387,-53.6166390193197
473265500,0.4445306140197861,-0.18291919056047765,2.8512951955270203,6.362622676187845,112.41525690057307,-53.484256876729305
473276000,0.4448122213471065,-0.18223972930442425,2.851313201184374,6.362578806183761,112.59957608017623,-53.373117833689946
473286500,0.4441659621444593,-0.18264221281999457,2.8480155436631684,6.370623958116982,112.3775516862107,-53.35584604836725
473297000,0.4443230957612722,-0.18236701819770512,2.848317424511101,6.369886589036838,112.4622139018918,-53.318302943822204
473307500,0.4454929885145302,-0.18221435103437036,2.8559198437174196,6.351375639148239,112.76472232881927,-53.485470221529305
473318000,0.44552858497894865,-0.18295670024172747,2.8582589209579115,6.345702852448629,112.6437016174362,-53.66688733971341
473328500,0.44544402479919404,-0.182140845151774,2.855376161398806,6.352695707868117,112.76594574412216,-53.459575309827294
473339000,0.44440642183566603,-0.1821511820526153,2.8482817965334273,6.369973604057037,112.5192336191745,-53.28188026907278
473349500,0.44553390006907057,-0.18259509210026198,2.8572742344287905,6.348089648029606,112.70804471949181,-53.582519138158546
473360000,0.44536272627941087,-0.1828677912292602,2.8568660839204476,6.34907951947683,112.62011858410118,-53.61699132737358
473370500,0.44464665962873173,-0.18166264683076436,2.848558143731769,6.369298740062135,112.6605167905713,-53.20817913021043
473381000,0.44504917488075996,-0.18205789998641708,2.852428934164823,6.359861603045248,112.68707508055343,-53.37133652830252
473391500,0.4452674741275252,-0.18187680664790734,2.8534201895050137,6.357449579092446,112.7701189644578,-53.36645693957583
473402000,0.44508576271799905,-0.18248828425963054,2.853891120647506,6.356304330539259,112.6209111449653,-53.47927493253583
473412500,0.44495993504888504,-0.18311040668177142,2.854782396712243,6.354138032052758,112.48298033279788,-53.603922466795844
473423000,0.44492186714530224,-0.1821903108536446,2.851926874152486,6.361083996187663,112.63402616889157,-53.38049191508402
473433500,0.44579665352531406,-0.18220914936233124,2.85799587469892,6.34634027053528,112.83741725410168,-53.537149262926924
473444000,0.4458124388375539,-0.181478326328045,2.8560514470747225,6.351056190356308,112.96842796296009,-53.36683755404848
473454500,0.4461110434708438,-0.1806489836257687,2.8557889152983056,6.351693482920895,113.18351374757239,-53.22174337561261
473465000,0.445834454321,-0.18152581481070704,2.856336187641482,6.350365137170483,112.96538635792383,-53.381926709856124
473475500,0.44608460670054184,-0.18252700875500094,2.860876943699415,6.339366094727835,112.85001608958311,-53.66257495657948
473486000,0.4456771774848375,-0.18189699598986245,2.8562951115934454,6.350464817291117,112.86353265278338,-53.4424817860135
473496500,0.44557218791474984,-0.18119239974734389,2.8535974300344775,6.357018500624077,112.96113415704451,-53.257283130168
473507000,0.4460635320670155,-0.18255176201183307,2.860801444917342,6.3395486497101,112.84070798031517,-53.664742962287264
473517500,0.4457692384906121,-0.18307221583987696,2.860243486809575,6.340898124880953,112.68025481497254,-53.73616332890676
473528000,0.445346830828133,-0.18124709068391834,2.852201009041127,6.360416484074721,112.89821049802295,-53.2311512336
473538500,0.4459289433450889,-0.18096850057931466,2.8554267692885715,6.35257280697811,113.08470846044122,-53.26608347976251
473549000,0.44510435015739297,-0.18074822930338458,2.8491428063675213,6.367871434953221,112.92709750268254,-53.07085104650349
473559500,0.4453806063497555,-0.18181129018496708,2.8540140045381133,6.356005562405963,112.80826103854575,-53.37061835752463
473570000,0.4456698608240915,-0.18215241344981362,2.8569629451319876,6.348844576603607,112.81732118771018,-53.501633611091606
473580500,0.44605703795450813,-0.1815683453956294,2.857989034877321,6.346356846688672,113.01076310487251,-53.43076194945853
473591000,0.44616419379333827,-0.18068331507873805,2.856250969140752,6.350571942363777,113.19019723844424,-53.23914686439168
473601500,0.4463798721562342,-0.18170894528590423,2.8606105594731366,6.34001025696608,113.0628274019549,-53.520406669369486
473612000,0.44593764668856456,-0.18085336928932033,2.8551650516361233,6.353208439947063,113.10677589352524,-53.24023514313962
473622500,0.44652759603204484,-0.18121811400320623,2.860253139767437,6.3408747731783155,113.18354180978461,-53.42960818123222
473633000,0.446311101438314,-0.181406694530242,2.85928761151303,6.343211395452898,113.0992249561502,-53.43667058631349
473643500,0.44556525149503234,-0.18049988917511056,2.8516169337407677,6.361838870172461,113.0795477553541,-53.09162237024692
473654000,0.44594038935047153,-0.1804482951687116,2.854054054002607,6.355908196306974,113.17773222237696,-53.14436032344188
473664500,0.44484953363315166,-0.18111646390870723,2.848421787442274,6.3696317153643935,112.80300833855269,-53.11407802095518
473675000,0.4453675714961978,-0.18062348313789345,2.850602676490158,6.3643104483918105,113.01117200412706,-53.08677272478279
473685500,0.44654348885467715,-0.18082060756543983,2.8592504472827605,6.343301370515098,113.25659467647645,-53.33780711582236
473696000,0.44570900846557715,-0.18065032755590926,2.8530247742037607,6.358411514987395,113.08765907966401,-53.15229632635678
473706500,0.44635246252873984,-0.18052973513159645,2.85712037055431,6.348462770211871,113.26171248090691,-53.23530173353107
473717000,0.44628421562481174,-0.1809720703896996,2.857885086241425,6.34660877499177,113.16853481525048,-53.32870833958627
473727500,0.4456491720399648,-0.18004575109634322,2.850930797348922,6.3635106523566,113.17811300970004,-52.99807348972423
473738000,0.4457442412690294,-0.1801938510441513,2.8519961218039236,6.360915365946779,113.1751258112862,-53.049794885074895
473748500,0.44644791128420724,-0.18124059276372897,2.8597660691688653,6.342053281489179,113.16068086785737,-53.4210585038669
473759000,0.44688539595539345,-0.17921130202025062,2.8571338258413594,6.348430139113457,113.61798125158835,-53.01286792936927
473769500,0.44622677233910896,-0.18033768001259523,2.855718586572903,6.351864227691923,113.26513064182873,-53.16771092612356
473780000,0.44622319819579603,-0.1803625165042282,2.855763134799344,6.351756071956933,113.25996703344538,-53.17300833587573
473790500,0.4456556367046281,-0.1804342715103183,2.852055687167119,6.360770321254517,113.11240649310963,-53.09167042832787
473801000,0.44727859753568844,-0.17913766733879602,2.8596467061155924,6.3423421602223335,113.72503677292471,-53.06348015780714
473811500,0.4461870423634609,-0.17992976980785327,2.8543101899609113,6.355285566031828,113.32641800395056,-53.0635558265117
473822000,0.44659755530127154,-0.17962972956075884,2.856307101765594,6.3504357201473045,113.47649692770958,-53.06308133252121
473832500,0.4463071738029394,-0.18016233978134938,2.8557846191225122,6.35170391294385,113.31473420253892,-53.13986969415204
473843000,0.446342513376335,-0.17992626089237806,2.8553717747801315,6.352706360973328,113.36412889598984,-53.089676535297095
473853500,0.4465608143284048,-0.17975695605627706,2.856406795804927,6.350193798471797,113.4456392865339,-53.087116632636935
473864000,0.44600226602441245,-0.17972991246805234,2.852483069114499,6.359729827005687,113.31694080160075,-52.98386198113087
473874500,0.44638106187939175,-0.17861309632823474,2.852003358884509,6.360897742918401,113.60063676582266,-52.78218334295576
473885000,0.44700291351473165,-0.17999240493319926,2.8601137715556244,6.341211939593324,113.510381447445,-53.22022033664804
473895500,0.4464118692738391,-0.17951578697014953,2.8547106734203243,6.354312302650947,113.45185860251671,-53.00364549051154
473906000,0.4465781037733522,-0.17933259038774874,2.8553492442579045,6.35276107797076,113.52336632442322,-52.988631407301284
473916500,0.4468947646407283,-0.17999517240004514,2.859374211569972,6.343001745980974,113.48405242712046,-53.2020641282912
473927000,0.44718031029463506,-0.18012413059265747,2.8617070116656746,6.337359725673566,113.52984431624589,-53.282601148152544
473937500,0.447690637971356,-0.17937884534152967,2.8631668959471175,6.333834233218357,113.78193130275582,-53.19303952586343
473948000,0.4479115408423729,-0.17907575101183051,2.8638569732275676,6.332169181975092,113.88779087875926,-53.158744303518176
473958500,0.44790491512930125,-0.17934869474787607,2.864568049354468,6.330454419428246,113.83861948613875,-53.22315550230761
473969000,0.4466714980420647,-0.17983129633313777,2.857376968532251,6.347840541797233,113.45918297629022,-53.124096568617546
473979500,0.4469699552133776,-0.17913354828713685,2.8575024811503638,6.347536230683475,113.65173628770425,-53.00890336957764
473990000,0.44669637715859145,-0.17911906626820548,2.855574044629316,6.3522151781397795,113.58868608743883,-52.957998997999155
474000500,0.4475540378800154,-0.179030300728066,2.8612548919623984,6.338452386181926,113.80981469097979,-53.085590984852594
474011000,0.4469780554753232,-0.17848706721575763,2.855772673991225,6.351732912874738,113.76572110783574,-52.855159836622
474021500,0.44709471870494816,-0.1787315158059385,2.857252746787998,6.34814175312672,113.75139446265591,-52.934084621319336
474032000,0.4468737869692049,-0.17847553036586947,2.8550212115074425,6.353557840649878,113.74266951553358,-52.83434250056253
474042500,0.4472262369551131,-0.17954215651067576,2.860406163776561,6.340504613100323,113.64216195234826,-53.15134077846612
474053000,0.4483460936603441,-0.17905048807570922,2.8668014752173385,6.325074803973165,113.99669615732113,-53.2284610918585
474063500,0.44703212066377684,-0.17856287969137624,2.8563550080935864,6.350319466270018,113.76558189624176,-52.882735128899675
474074000,0.44766698411319145,-0.1784316396779957,2.8603820875748767,6.340562849654452,113.94100931260019,-52.9612792658181
474084500,0.4471994810016333,-0.1790964914755342,2.858985741121504,6.343942304510515,113.71320985341191,-53.03985883745264
474095000,0.44725435651790485,-0.17864073246358017,2.858105130690402,6.346075503359522,113.80548286578224,-52.939958524777865
474105500,0.4481793078626986,-0.17941486606106669,2.866655055272124,6.325427190898658,113.89296824994896,-53.286937887423164
474116000,0.4481708205069351,-0.17858984692441582,2.8643099773641083,6.331076648839483,114.03482229335059,-53.08699665094711
474126500,0.4484225308662896,-0.1782024790860154,2.8649869044577514,6.329444802535765,114.16297656515319,-53.03742635462525
474137000,0.44791595445456717,-0.17785277108573172,2.860511440553328,6.34024997821461,114.1014976847488,-52.864969270606395
474147500,0.4476783244044177,-0.17802760923316668,2.859347307283145,6.3430668768314185,114.01385356519334,-52.86592129458628
474158000,0.44759034736376674,-0.17779164508555612,2.858089811808636,6.346112625215295,114.03353408054029,-52.79377674557312
474168500,0.4472576209348927,-0.17826147886326257,2.8570819648213326,6.34855591182764,113.87200150704996,-52.849331694700105
474179000,0.44805454286360974,-0.17825454206418875,2.8625780521515933,6.335255746480102,114.0651472221331,-52.985955964754474
474189500,0.4481972190362864,-0.17813302351361132,2.8632322175215146,6.333676583052641,114.12068984637563,-52.98145589700651
474200000,0.44827171455038944,-0.17803501244055542,2.8634788110798293,6.333081516372138,114.15571416563732,-52.97075641110422
474210500,0.4450591061309929,-0.1799061811283883,2.8464916460433125,6.374348928302159,113.06174012347286,-52.86295401522232
474221000,0.4480160102492895,-0.17746406199321788,2.8601367170434906,6.341156426169171,114.19307757381337,-52.78843415472258
474231500,0.44759734364123666,-0.17798426300851253,2.858667740592764,6.3447124591846595,114.00184796419923,-52.84143315738248
474242000,0.44775674669435295,-0.17776277045471653,2.859161777551802,6.343516051797557,114.07868247874262,-52.81564056308733
474252500,0.4476447504873163,-0.17733476292860945,2.857212565302062,6.348239191079262,114.12574531253637,-52.692900377353304
474263000,0.44840976972528246,-0.17704935763219928,2.861729162198783,6.337306203468036,114.36027854316654,-52.75634001317226
474273500,0.44682717574245057,-0.17827831238041406,2.8541564390576264,6.3556592974409645,113.76557836403207,-52.778895955215816
474284000,0.4475419127558778,-0.17707994439867267,2.855803989332685,6.351656887279394,114.14493557091401,-52.61354071078523
474294500,0.4472647649252744,-0.17812056353582198,2.856743407806397,6.349377104056564,113.89812326645034,-52.81665474924354
474305000,0.4475838978539781,-0.1772870556708819,2.8566610740991596,6.349576843392557,114.11929262469761,-52.67085093136809
474315500,0.4488690501300401,-0.17605821981267583,2.862209620275136,6.3361455075953135,114.64358972830352,-52.59522681129261
474326000,0.4489567749090092,-0.1774864183246323,2.8667265059047455,6.325255226495928,114.4168637517254,-52.957297959056085
474336500,0.44710029025080084,-0.17913292431308792,2.858401098559335,6.345358380965331,113.68309356244066,-53.03137385214596
474347000,0.44593522134222163,-0.17863843077085043,2.8490048409463435,6.3682081822070415,113.4894212420469,-52.71133409538157
474357500,0.4480701307445173,-0.18195676893954393,2.8730143647160267,6.310159992600286,113.42106100032295,-53.87562785178163
474368000,0.4510899108037155,-0.17771581389232777,2.8822516354875614,6.288119968247015,114.89471292805115,-53.38651755783524
474378500,0.4497273608301694,-0.1768457705249596,2.8703323581571345,6.316589467365804,114.71559407968863,-52.936043115726946
474389000,0.44918219979928914,-0.17580581446004623,2.8636980516623747,6.332552554476777,114.76360419345532,-52.58798756693795
474399500,0.447302829387962,-0.1759610374090233,2.8511039736587827,6.363088618971556,114.2798133523477,-52.301419149349655
474410000,0.44951930500180337,-0.17595476442685076,2.866448323818718,6.32592479851589,114.81997068580725,-52.68279047452639
474420500,0.4483267435944147,-0.17454308761967863,2.854345388792311,6.355200012607965,114.77269071756609,-52.13218849982153
474431000,0.45426544154186405,-0.18544295428230126,2.926641887187389,6.184405940317037,114.27135126516787,-55.82011292930651
474441500,0.4476405802809901,-0.1771445781713677,2.856662966193337,6.349572253076201,114.1576214122801,-52.646214693842815
474452000,0.44837270301014764,-0.1752648650790822,2.856613247487154,6.3496928754783895,114.65972949544455,-52.31623857531501
474462500,0.4472036384780958,-0.17421836515581277,2.845715729739549,6.376247303769528,114.5541407784916,-51.86060434102966
474473000,0.4487777603543628,-0.17632042513454527,2.8622904408642587,6.335950303942993,114.5759585708928,-52.64320068217842
474483500,0.44683591123732586,-0.1756077571175761,2.8469275856069296,6.3732828660212775,114.22717652505484,-52.13564422055291
474494000,0.4455899343879334,-0.17785803616625057,2.844488978706066,6.37925111332563,113.54086162288372,-52.46487804847235
474504500,0.4505644462745225,-0.17669139789591212,2.875753042907106,6.30360874053495,114.94648603684715,-53.04466556314451
474515000,0.4477054810204153,-0.1784719058555911,2.8607596823046797,6.339649635829443,113.94328263224659,-52.97765793087734
474525500,0.4495986767905809,-0.17729612753877239,2.870671494805758,6.315775712532638,114.60574060605484,-53.023056358098806
474536000,0.44633308155845347,-0.17636185584775133,2.8455122831726913,6.376745256479954,113.97630650200946,-52.232063658698124
474546500,0.4479580673093531,-0.18217308367681528,2.8728465222107267,6.310561954518734,113.35630519956692,-53.907357564687906
474557000,0.4459462714782673,-0.1735388592736768,2.8352567830601445,6.401952176312545,114.36312008464564,-51.48126778652828
474567500,0.4483739428270448,-0.17485039516098982,2.8555011499485965,6.352392183101209,114.73138661659956,-52.21535072680461
474578000,0.44725403653006823,-0.17253598923670002,2.841570863885535,6.386408272602859,114.85275633229418,-51.457695346401714
474588500,0.44950256389607496,-0.1739821672587341,2.860991099103165,6.339090089427982,115.15721369797946,-52.19717312573235
474599000,0.44753102492993196,-0.17577983233495215,2.852187584569829,6.360449168945085,114.36633460223166,-52.29666830472535
474609500,0.44781737148866485,-0.17601923228873048,2.854816394234307,6.354055429619814,114.3946581103424,-52.40407796051625
474620000,0.4493123285648517,-0.1741059110556393,2.860002195381812,6.341481897129739,115.08919719056607,-52.1947495345236
474630500,0.44766406933185143,-0.17309273063379532,2.8458781245749356,6.375849886944259,114.85864478998307,-51.663908521696065
474641000,0.44737621077523415,-0.17437752281064262,2.8473327780409536,6.372292327782309,114.56904301481464,-51.92889378232978
474651500,0.44889547751516673,-0.17515688209588437,2.8599453497335983,6.3416194438856195,114.80589225136855,-52.38005688580503
474662000,0.4483016295738263,-0.17618913275009998,2.858630506094236,6.344802648919846,114.48295535603567,-52.52890131607041
474672500,0.44929622355091225,-0.17429992839766703,2.860412878481265,6.340488371482414,115.05180128351839,-52.23954942005533
474683000,0.4499215382737018,-0.17542056853251914,2.8677963063615945,6.322681641879023,115.01098617204984,-52.62216760418338
474693500,0.448807880973839,-0.17438172155356801,2.857243913935196,6.34816317205415,114.91809424411724,-52.17545787924768
474704000,0.44942715875575084,-0.17524640156671564,2.863881727069531,6.332109471707605,114.9203053137027,-52.493853467590334
474714500,0.4488042167529392,-0.17473239236846524,2.8581643420538367,6.345932022235021,114.85681172131522,-52.26060500791513
474725000,0.4496624622627781,-0.17534166997431785,2.865777494891638,6.327540062991391,114.96132133039107,-52.55791506094193
474735500,0.4486368398074695,-0.17300733288843995,2.852372639268774,6.359998642904708,115.11197519042796,-51.80901539679109
474746000,0.44951567674635656,-0.17411112151536287,2.861429347428751,6.338030724246391,115.13819300349522,-52.23108955931327
474756500,0.4490176279309281,-0.1739403652819836,2.8575110710541627,6.347515405180543,115.04541464541526,-52.103408687530745
474767000,0.4494632305169623,-0.1741969625962784,2.861295966884853,6.338353102098894,115.1105154491797,-52.24310505356568
474777500,0.4495804532114839,-0.1744404807552738,2.86276764069445,6.334797992760733,115.09722355811996,-52.323067407169766
474788000,0.4495187261325597,-0.17433060285237453,2.862041970383878,6.3365504676137885,115.1010636186252,-52.285462409996754
474798500,0.4495174864730498,-0.1743618876220691,2.862117719457329,6.336367488263917,115.09535807799683,-52.29292041937248
474809000,0.4495177398167445,-0.17426512551659046,2.861858588062674,6.336993491366078,115.11212483849013,-52.269232344947525
474819500,0.44992338101833285,-0.1743124286869619,2.864808761110577,6.329874161810882,115.2034988270418,-52.35093096928205
474830000,0.4493686501492094,-0.17426904075743188,2.860832849849535,6.339472711696981,115.07488491164361,-52.244467835859616
474840500,0.4496827264658271,-0.1738214858914783,2.861811653479927,6.33710688856259,115.22917771488882,-52.18876921413891
474851000,0.4489824373110456,-0.17483061376670064,2.8596662220318523,6.342294926532508,114.88344851825846,-52.315346109375774
474861500,0.448404050066741,-0.17505447486488548,2.856261110650213,6.350547330576008,114.70361016310981,-52.27033300179702
474872000,0.4496968539656385,-0.17433997891144465,2.863306233858218,6.333497958438441,115.14313856317827,-52.318529345054
474882500,0.44987539865644943,-0.17412551162230167,2.863970675419543,6.331894923612564,115.22403194261327,-52.29673245669025
474893000,0.4498684530380523,-0.1740083443434231,2.8636067242445433,6.332772888987369,115.24256892003959,-52.266746002150185
474903500,0.45033738555367003,-0.17424554841756498,2.8675136791926956,6.323361336499042,115.3167874026864,-52.40617339898006
474914000,0.4495708654466467,-0.17324820667964763,2.859495647103349,6.3427077879161775,115.3004015520359,-52.02849256072575
474924500,0.44968377255504005,-0.17322228292622338,2.860211052381974,6.340976589100565,115.33266149278515,-52.04153473543193
474935000,0.44986626057759466,-0.1734871716541565,2.862190518284072,6.33619164592143,115.33196747923442,-52.138186347385464
474945500,0.4501073219936159,-0.173635502819959,2.8642671961821646,6.331179809565169,115.36571705742631,-52.21629706827253
474956000,0.44949006031927297,-0.17393164474047623,2.8607682833246066,6.3396288374397,115.16285332654964,-52.182612262691045
474966500,0.44945774950012657,-0.17320019719349927,2.858581167884888,6.344922160495555,115.28081230794245,-51.99722502323
474977000,0.44965156255411626,-0.17307397589216034,2.8595901354598228,6.342479080353279,115.35023983977585,-51.999463388330796
474987500,0.45000640701013833,-0.17326462332521983,2.862569086576411,6.335277395201885,115.40485042411763,-52.10753265161646
474998000,0.450110093341103,-0.17319812481510352,2.8631128142956284,6.333964762624095,115.44187295115279,-52.10901639409943
475008500,0.45033353965585965,-0.17286990282400272,2.8637906434228855,6.332329185979507,115.55359954073876,-52.066547132697835
475019000,0.45007901041583864,-0.17195041071238473,2.859566410278129,6.342536505158859,115.64881190454224,-51.79540657748513
475029500,0.4499010940969883,-0.17267128720966946,2.8602490350735676,6.340884702920081,115.48101476721436,-51.94305882450727
475040000,0.4497496712347252,-0.17290809254351377,2.8598285667708088,6.341902037703542,115.40294408292816,-51.97544838662064
475050500,0.45060642897007874,-0.17221563605589993,2.8639460006401043,6.331954438956236,115.73382301175825,-51.95174689146741
475061000,0.45035774238948545,-0.1724297253849219,2.8627834291686156,6.3347598752557355,115.63540887655027,-51.9619219067418
475071500,0.4499514235168757,-0.17249840779506526,2.8601378416489807,6.341153705368315,115.52315748703279,-51.909017385850824
475082000,0.45102684730430287,-0.17235666742644698,2.867256317875367,6.323980401569931,115.81367038725901,-52.059179035185096
475092500,0.4505014242729232,-0.17216981960211028,2.8630918769271747,6.3340152977639255,115.71570332060287,-51.92232338035364
475103000,0.4499999609135375,-0.17204234876628025,2.859260920044317,6.3432760155598675,115.61347080275132,-51.80459723524122
475113500,0.44998526084777796,-0.1732261672083642,2.8623188222179197,6.335881758251833,115.40626719578485,-52.09441067476279
475124000,0.4502269510512349,-0.1727296723016202,2.8626731311948475,6.335026173418274,115.5514354502949,-52.01354495108613
475134500,0.45003261431505276,-0.1724470969541106,2.860565904745467,6.340118253046968,115.55203645792406,-51.91029291028644
475145000,0.4506274747946971,-0.17143724052029,2.862023441748709,6.3365952270369,115.87289679779515,-51.76231136330288
475155500,0.45039871210841886,-0.17186280511737842,2.861559240482401,6.33771680848414,115.74304605456398,-51.82859911575645
475166000,0.4502268389297126,-0.17235410297765197,2.861669976664276,6.337449215242309,115.61604255271823,-51.9206947049076
475176500,0.450246910889815,-0.17136157384389933,2.8591723115619807,6.34349054675536,115.79140029691747,-51.678245829682886
475187000,0.45126039440263743,-0.1714340149754724,2.866431913262227,6.325964302624061,116.03076416540723,-51.87035931065362
475197500,0.45015673282690666,-0.17156855757643946,2.8590933588943064,6.343681712891584,115.73355782790526,-51.71413229216419
475208000,0.4494712128614781,-0.17238842205095536,2.8565073194543613,6.349949883116145,115.42345583974017,-51.79945025336769
475218500,0.45067229086075106,-0.17185549106495385,2.863446532782695,6.333159402031281,115.81213364028315,-51.87381808197707
475229000,0.45031314035428055,-0.17230587294779864,2.8621424665239896,6.336307711677097,115.64568699630118,-51.92360740864539
475239500,0.45085691142528056,-0.17214540941428327,2.865506304572533,6.328193296687761,115.80799069623822,-51.97749919177917
475250000,0.4506660294924345,-0.17286248694500017,2.8660892965847236,6.326789179997742,115.63703056843825,-52.122079775605144
475260500,0.4505616542947067,-0.17159746354770652,2.861989763297846,6.336676585395994,115.82903906235384,-51.79078363947418
475271000,0.45141073141117366,-0.1717625672691147,2.868355983204516,6.3213361159946455,116.01150255261265,-51.977979715115275
475281500,0.45132223485275347,-0.17112746326606107,2.8660510448210483,6.326881288148591,116.09893485556907,-51.804704288317936
475292000,0.4511352203281562,-0.1701508741035996,2.8621662007361754,6.336250382748318,116.21997367404626,-51.5290374999574
475302500,0.4504617254358772,-0.17053106976302795,2.858473253713492,6.345183576571902,115.98695978907651,-51.508575707479764
475313000,0.45012831750761956,-0.17117627972532712,2.8578567277830698,6.346677507737786,115.79369661791381,-51.6119471006898
475323500,0.4510196449609967,-0.17133850039770945,2.8644971218744857,6.330625417763056,115.98732441060194,-51.805167504618765
475334000,0.4514606979606561,-0.1711038710020744,2.8669563299889274,6.3247021616527475,116.1374881143526,-51.822662896245774
475344500,0.45145569078380865,-0.1707703885404937,2.866038643023677,6.326911151598029,116.19362659353978,-51.738664879936
475355000,0.45159387808800616,-0.170626886727978,2.866625471533402,6.325498394664383,116.2527896166593,-51.726621510407476
475365500,0.451365746266386,-0.1704089273008028,2.8644556246948407,6.33072546735986,116.23328591889548,-51.633006401530544
475376000,0.4514130677604024,-0.171121508646398,2.866670093640784,6.325390996369221,116.1225847783642,-51.818856150035245
475386500,0.4516242160622273,-0.17104123337939006,2.8679339276734335,6.3223507293855725,116.18903213473494,-51.83521567334147
475397000,0.4509956835695656,-0.17088294052422492,2.8631236399328692,6.333938633830477,116.05963677553893,-51.687679286551656
475407500,0.45080503257836524,-0.17132019396848996,2.8629511339284064,6.334355021670232,115.93711445158934,-51.7637274935049
475418000,0.4516114058882133,-0.1709794304142278,2.8676806114486726,6.3229598599954215,116.19648443209147,-51.81759896204836
475428500,0.45192780566534063,-0.16971878648132133,2.866568509206242,6.325635499431897,116.49235871877225,-51.55685942883079
475439000,0.4514291731642329,-0.1696085887967512,2.8627932178575732,6.334736243041536,116.38634397409393,-51.44377282925703
475449500,0.45107433036545247,-0.1700975050423701,2.861600914792474,6.3376161000244515,116.21390699370362,-51.505281037041435
475460000,0.4518545574797864,-0.17005337810305582,2.8669361674063567,6.324750678269907,116.41654538814053,-51.62807809799535
475470500,0.4520842670467599,-0.17000771377631788,2.868423985480003,6.321172671623979,116.48191149247927,-51.65613516041004
475481000,0.45173296622790754,-0.17002236945910473,2.86600390414945,6.326994804153541,116.39144208548176,-51.59943147858659
475491500,0.45120399392914823,-0.1708162301956134,2.864401372681579,6.330856273807948,116.12299074751992,-51.70683225535099
475502000,0.45097884421280277,-0.17049649402492123,2.861985730755327,6.336686327113862,116.12172846026844,-51.58848977909682
475512500,0.45128330982556336,-0.16973053669712088,2.8620948445043912,6.336422743803672,116.32896323287778,-51.449326589314026
475523000,0.4516310308027671,-0.17027536418872072,2.8659575242211517,6.327106492417789,116.32249524169139,-51.645197013089266
475533500,0.45172366844226536,-0.1696006057514441,2.8648301715085482,6.329822555473582,116.46147661644886,-51.49222325212973
475544000,0.45145643160560645,-0.1699353689127309,2.863842011021266,6.332205273804874,116.33718499141193,-51.53022024879082
475554500,0.4517247418047864,-0.16915559085979268,2.8636711521502844,6.332617449982511,116.53796942498388,-51.380813191178156
475565000,0.4516164616041461,-0.16898292834068768,2.8624628286785643,6.335533982547234,116.54032413278941,-51.31895778835586
475575500,0.45182949287707036,-0.1699483802065145,2.866484385862578,6.325837990418278,116.4283087208256,-51.597488591758875
475586000,0.4519398364263962,-0.16922867483546686,2.8653666980630397,6.328529630831504,116.57944032344737,-51.435991546911346
475596500,0.452163324875347,-0.16903633714565838,2.8664271951568576,6.3259756603198944,116.6685423418528,-51.42598368110799
475607000,0.45167136409802167,-0.168660568388229,2.862004571016394,6.336640813538912,116.60918917516263,-51.24737010818499
475617500,0.45250126927956497,-0.16885258336208225,2.8683138907432286,6.321437290203887,116.78505812594105,-51.43772277554443
475628000,0.4517722722203979,-0.1695592782850529,2.865061552267964,6.329264905222933,116.48074236271685,-51.49019849417473
475638500,0.4526813246914199,-0.16895715155667446,2.869850183196677,6.317746817989262,116.81243018554642,-51.49495955442452
475649000,0.45273864827538574,-0.16925651702222141,2.8710370408190427,6.314898833719891,116.77538733022955,-51.58014739318007
475659500,0.4522422378394173,-0.16897954955453176,2.8668311524553016,6.325003385156181,116.69811549382896,-51.425236507152455
475670000,0.45166344700785543,-0.16857665730350938,2.861730415992033,6.337303173962851,116.62152569648318,-51.22492688742259
475680500,0.452333427465149,-0.16917805403008965,2.8679897495314197,6.322216515203224,116.68698507477463,-51.490781401120586
475691000,0.45273845658097733,-0.16831531508116568,2.86857385489091,6.320812489651509,116.93697524714118,-51.343000299046125
475701500,0.4525108731788587,-0.1687319927204917,2.8680659001963424,6.32203343344602,116.80816278087775,-51.40900947473357
475712000,0.45241647011439595,-0.16944406875536228,2.869269507924857,6.319141183721603,116.66215367377379,-51.571882433928025
475722500,0.452602189809026,-0.16905576982580914,2.8695533868713636,6.318459429746294,116.77557098212934,-51.50618437930252
475733000,0.4524769887654435,-0.16886380884141455,2.8681730601614177,6.32177581774017,116.77702067937659,-51.43638232782541
475743500,0.4522099119716165,-0.16866025066545898,2.865770167702083,6.3275577106173415,116.74468931283181,-51.33937563174583
475754000,0.451632005191334,-0.16831975239442956,2.8608415469194157,6.339451682272166,116.6574479562312,-51.15495550477568
475764500,0.4516275834987558,-0.16898040807715456,2.8625339426409306,6.335362256978103,116.54354681513722,-51.320226285259785
475775000,0.45224777836756663,-0.16780756211944048,2.863814866346852,6.332270753277185,116.89999499674434,-51.13093141764473
475785500,0.452770806396779,-0.167374191718749,2.8663541688066667,6.326151458997995,117.10619571483869,-51.11069505411998
475796000,0.4533482796690244,-0.16746675365364308,2.87064738654821,6.315833552818847,117.23662020452082,-51.232938333572804
475806500,0.45292435799753544,-0.16784844617047168,2.868662312987134,6.320599917931801,117.06392366788141,-51.25693386047311
475817000,0.4530880611308888,-0.1681761993157209,2.870664815427887,6.315791737517332,117.0491090557206,-51.36783870207657
475827500,0.45324015642747,-0.16827141874764356,2.8719816267084086,6.312634119202566,117.07118975574564,-51.41801553743173
475838000,0.4531045338939542,-0.1686192065318195,2.8719370169472005,6.312741036262548,116.9771712670748,-51.48252247994022
475848500,0.4528024619845301,-0.16866305748687033,2.8699307351051435,6.317553440775133,116.89345726955304,-51.44168023804479
475859000,0.4535475178939642,-0.16876586274449765,2.8754356696246535,6.304367208837862,117.06372981916117,-51.59580278157358
475869500,0.453638285074261,-0.16797573115571762,2.8740103935667802,6.3077757265042,117.22271665249973,-51.411651527169916
475880000,0.4528893736186802,-0.16773844063624488,2.8681309094896066,6.32187714657953,117.07391165290667,-51.22312757296714
475890500,0.4531483332784189,-0.1679487121485006,2.8704955337550118,6.316197901912842,117.10337433840817,-51.32067473443965
475901000,0.4528447928707755,-0.16798684025709928,2.8684640909548977,6.321076281718934,117.02011013640863,-51.27828483697788
475911500,0.4532104181833239,-0.16732344618015255,2.869307190780737,6.319050677024323,117.22622186549538,-51.17300816386567
475922000,0.4535932270909997,-0.16728251880245842,2.871891288485867,6.312850638455502,117.33031482933953,-51.22820199983507
475932500,0.45302315343546334,-0.16769043561213806,2.868944943021173,6.319920835867966,117.11597155929435,-51.23388721942416
475943000,0.45342011985189085,-0.1676733605549028,2.8716889914805277,6.313335552533226,117.21939763307586,-51.29760419191929
475953500,0.45326194022423527,-0.16709527725858148,2.8690778674221815,6.319601507829423,117.27832472913393,-51.123966130013805
475964000,0.4531799499991932,-0.1672806950447018,2.8689824242086526,6.319830790344181,117.22581486445343,-51.15695838128306
475974500,0.45309946543667506,-0.16736201476982018,2.868628187921741,6.320681921363315,117.19150606466555,-51.16379586230427
475985000,0.45324157688467576,-0.1677113713158136,2.870533113766809,6.316107729955372,117.16766589710875,-51.27661011150886
475995500,0.4536723667257011,-0.16685906241497064,2.8713510391167696,6.314145811429496,117.42296380847966,-51.13422251843596
476006000,0.4535877264722543,-0.1667996488530826,2.870602221678064,6.315941914891818,117.41162174188301,-51.104634857828174
476016500,0.45310385555402677,-0.16623198505689102,2.865739917516388,6.327630569648594,117.38552098038907,-50.87771728677951
476027000,0.45338633172271187,-0.1665944375695282,2.8686568710373157,6.320612994931794,117.3955161572023,-51.018047085722124
476037500,0.4542621975851998,-0.16634732599816726,2.874181321613098,6.307366752721136,117.66077447428499,-51.10498372143319
476048000,0.4547315383077819,-0.16596854181082704,2.87651477149137,6.301789115256841,117.84553439683287,-51.088739860083
476058500,0.4536697645854157,-0.16625909714533027,2.869783871559626,6.317906018519816,117.52490588676957,-50.98114253360837
476069000,0.45414339296256667,-0.16650358430598916,2.8737476599030156,6.30840446843001,117.6037158164077,-51.124451122601386
476079500,0.45407770727822966,-0.1665240833302637,2.873337941736961,6.309385216693139,117.58347034739698,-51.118417681337235
476090000,0.4531690112907747,-0.1666447352939856,2.867260830867864,6.323969544784851,117.33170989746506,-50.99372398037365
476100500,0.4535218899734617,-0.16584450447794835,2.8676781084319987,6.322965879423964,117.55796439293984,-50.85028488100162
476111000,0.4538790274072461,-0.16555513529984991,2.8694455281410574,6.318718441500245,117.69840987149595,-50.83733152388658
476121500,0.4541100904449979,-0.1655141290453525,2.870966114681249,6.315068952833861,117.76443689176132,-50.866272064928374
476132000,0.45478027991800296,-0.1651891614047926,2.874856079569846,6.305752822379373,117.99148252550498,-50.897594308148996
476142500,0.45488957002308544,-0.16558592339007872,2.876645856314558,6.30147608899604,117.95155885195781,-51.01794504002126
476153000,0.45427767890336396,-0.16515517132375246,2.8712260683646185,6.3144454904785965,117.86854764182327,-50.80305069791239
476163500,0.45446885869578646,-0.1660170633218219,2.874786622905088,6.3059189135908404,117.77010001790707,-51.05611249175106
476174000,0.4546488231369705,-0.16522466483876241,2.8740197189516095,6.307753412542393,117.95172745522761,-50.884217464246504
476184500,0.45460218406659153,-0.16480750728232177,2.8726231939353366,6.311096880826174,118.01100523820749,-50.76931766204008
476195000,0.4551021470144686,-0.16507871079049857,2.876845524714218,6.300999349755455,118.09292789880156,-50.9243405502484
476205500,0.45448286036174773,-0.16527871846574302,2.872988134201933,6.310222807894883,117.8999871416598,-50.869702689067225
476216000,0.455419757263402,-0.16552002577915462,2.880223855762363,6.292944456142557,118.09872982975675,-51.09202264673826
476226500,0.4555410440331138,-0.1651564583195721,2.880148230874495,6.2931245320751685,118.19228264447723,-51.01953308659642
476237000,0.45561971362067827,-0.16512318619546018,2.8806196917949554,6.2920020775188,118.21820361150581,-51.02448867344511
476247500,0.45526222864819027,-0.16546055877052254,2.8789567955360065,6.295962965459009,118.06854289688502,-51.049727927726785
476258000,0.45462616673470296,-0.1643148283990583,2.871535145514793,6.313704379564976,118.10113227721506,-50.646926968315896
476268500,0.45384923168136027,-0.16405512246463294,2.8654073197371126,6.328431762949576,117.94575460196081,-50.44826984948056
476279000,0.4538330450150094,-0.16506205387162476,2.8678594094688763,6.322529905029663,117.7706392011537,-50.70348184404306
476289500,0.45456168060126134,-0.16561364478506954,2.8744033492076504,6.306835597395,117.86289662673273,-50.968890790764725
476300000,0.45466886554606933,-0.16638441681926203,2.8771451806614152,6.300284015985648,117.75815541456625,-51.18420917462902
476310500,0.4550928769210846,-0.16533951557886356,2.877448926620402,6.299559091549556,118.0458777793041,-50.98965098870837
476321000,0.4548675642379885,-0.16541794520208794,2.8760589891834094,6.302877761094411,117.974698263346,-50.971154181685804
476331500,0.45498342453931895,-0.165002072164915,2.875810696923047,6.303470977657359,118.07557718683938,-50.88435795315244
476342000,0.45430010026693235,-0.16404328487552958,2.8685477123688568,6.320875315032484,118.0635313934337,-50.52171307168361
476352500,0.4547116234955891,-0.16449799200416454,2.8726045053967857,6.311141648777232,118.0918780850241,-50.708538103180395
476363000,0.45538712808061893,-0.16459722603991125,2.8776274808236795,6.299133032775604,118.2485529164615,-50.84941345157595
476373500,0.4548355405656731,-0.16491081106355246,2.8745332318641625,6.306524923146335,118.05323333372715,-50.83565982946456
476384000,0.4545352192928806,-0.16401788079761664,2.870138668635074,6.317054321542738,118.1282782272373,-50.555131829473986
476394500,0.45457544123631255,-0.16435894360957265,2.8712900454985215,6.314292070019666,118.08058974936695,-50.64962280961217
476405000,0.4552812761889761,-0.16380452087793415,2.874859178506464,6.305745412127806,118.35667903345288,-50.62720251790395
476415500,0.45489917438479643,-0.16446596290296564,2.8738457466711496,6.308169723926459,118.14552469024673,-50.73229451596432
476426000,0.45542303327211814,-0.1635742857681553,2.8752759853616783,6.304748899165031,118.4324888739855,-50.59197459866483
476436500,0.456012760845433,-0.16423912279998074,2.8811412880621203,6.290760747347088,118.4710304622824,-50.864307595406935
476447000,0.45542825544272614,-0.1636242917710805,2.8754398384575723,6.304357244799936,118.4253132786468,-50.60577027173057
476457500,0.4561538593070886,-0.16336944598172076,2.8799277947698694,6.293649489908474,118.65632185366148,-50.66375910554769
476468000,0.4550034905464368,-0.16436351308182798,2.8743206611046737,6.307033400753874,118.1898208879384,-50.723755741963
476478500,0.4553923401781721,-0.16377067171243948,2.8755578660621404,6.304075157534662,118.39108953242865,-50.63741088793637
476489000,0.45506401256251516,-0.1636859715557862,2.873024018797573,6.310136873901366,118.32086557110756,-50.55963461631055
476499500,0.45576047744225884,-0.16436152222976877,2.879666849440434,6.294271036610333,118.38501878440226,-50.85264274454869
476510000,0.4557364487667591,-0.16337450133080966,2.876985183617819,6.300665937219259,118.54750253030984,-50.59380536148049
476520500,0.4553363453000606,-0.1635452464780907,2.874589785574949,6.306389658857251,118.41506403856829,-50.56971017092202
476531000,0.45534523942529614,-0.16304873903166733,2.8733948929971835,6.309248872599948,118.50184909228285,-50.442988857769706
476541500,0.45548977606121865,-0.1629397882690408,2.874140473341137,6.307464483973875,118.55774681210282,-50.43939005956746
476552000,0.4559529514991263,-0.16350923545825036,2.878859500852077,6.296194874867846,118.58047212129186,-50.665588914961376
476562500,0.45569851752836554,-0.1631471351755016,2.876140695601216,6.302682574686812,118.57645019749046,-50.52855043291098
476573000,0.45628822880547465,-0.16359586297675724,2.8814553973819224,6.290013455185408,118.65236344432728,-50.74532206674107
476583500,0.45489195815885825,-0.16434072569073918,2.8734754639754585,6.309055992254102,118.16503051469641,-50.698872570741564
476594000,0.4564799537591026,-0.16278317203990086,2.8807542399549573,6.291681821766355,118.84097762643515,-50.56753674209002
476604500,0.45618964840934717,-0.16310447617804433,2.879509517739621,6.294645847505501,118.7108493108583,-50.601270501584715
476615000,0.4564275449840861,-0.1637272467408199,2.8827777865387327,6.286869411910198,118.6658993831089,-50.80316905361236
476625500,0.4549243671534038,-0.16248897180845498,2.869013007123303,6.319757319347481,118.48797410034115,-50.22686031785797
476636000,0.45073288116521176,-0.1756159602365275,2.8739914351554257,6.30782109106677,115.17556596053235,-52.811218128816876
476646500,0.4467330892176719,-0.16277122339795644,2.8128853404888154,6.4576681678696355,116.34666182004403,-48.9392174462922
476657000,0.44815906726064536,-0.16139162532784934,2.8192261947454713,6.441773592455049,116.9333165929256,-48.82138617837139
476667500,0.44951264836517346,-0.16732866647791464,2.8435389654891066,6.381579337538824,116.29269035501117,-50.54709075420728
476678000,0.45738301324872194,-0.16199578050156346,2.8851813069492946,6.281163315560421,119.21044266727851,-50.51699153949547
476688500,0.4568000852046799,-0.16108432352153226,2.8787516661459662,6.296451928063673,119.21361553908785,-50.17979577558917
476699000,0.456869185096978,-0.1614296918813743,2.880107055926393,6.293222581266366,119.17294917056047,-50.28169330466581
476709500,0.4566955559196846,-0.1620692343346376,2.880482014875482,6.2923298156567675,119.018802834658,-50.418781333437224
476720000,0.45669227538214086,-0.16182773832831288,2.8798511481666735,6.293832041467411,119.05908698672806,-50.35534826999662
476730500,0.45605766862330693,-0.162231861513249,2.8763707719367133,6.302133018880093,118.82529486337249,-50.35247355521709
476741000,0.4564918095583898,-0.16145310203841856,2.8774892484821164,6.29946287190699,119.07056239907168,-50.2236530060952
476751500,0.45663292838957076,-0.1617337994069724,2.879194113838468,6.295397373678161,119.05961742064044,-50.320778862604435
476762000,0.4562694535098394,-0.16207645421173747,2.87747927233548,6.299486677597233,118.90674467054517,-50.3481116618572
476772500,0.45568488573052296,-0.1630809755923728,2.875876803391959,6.3033130255803,118.58419297361567,-50.509114920477906
476783000,0.456656333124254,-0.1626058663821331,2.8815573449413887,6.289770953288672,118.91705081612277,-50.55162150431705
476793500,0.45568196962189134,-0.16224404244351104,2.873743951024459,6.308413344998801,118.72572116882638,-50.291817538381565
476804000,0.4568602190031792,-0.16240964013353537,2.8825091399410545,6.287507866562731,119.00356159720246,-50.53543964301906
476814500,0.4571916607662022,-0.16122255288202172,2.8818778987853775,6.289008581349974,119.29240456328239,-50.282487711509674
476825000,0.4571604852075538,-0.16165370335199522,2.882738254280657,6.286963354189402,119.21080039761081,-50.38975937830842
476835500,0.45744961194045,-0.16177047125139046,2.8850878197939385,6.2813850574920576,119.26632680500423,-50.46958597185988
476846000,0.4566641122623118,-0.1615763053058419,2.879019855730323,6.295812666126087,119.09453286658854,-50.28504555765878
476856500,0.45759106679661843,-0.1622526703267452,2.8873101488559696,6.276118337685381,119.22073247482253,-50.619586142385
476867000,0.4569839560867426,-0.16094896055003308,2.8797179649256774,6.294149274348016,119.28464783632937,-50.175659470363605
476877500,0.45789552058349187,-0.16138704461149747,2.8872990412552717,6.276144638790239,119.44839963093602,-50.445582851518424
476888000,0.45689965812194905,-0.16059700228014315,2.878240891322871,6.297669795647995,119.32233647210585,-50.06931051167678
476898500,0.45745532702974256,-0.16110867671736473,2.8834670189873846,6.285232028461572,119.38073743508404,-50.29762124505049
476909000,0.45731738640365155,-0.16115586174501412,2.882604371195622,6.287281528331711,119.33662385356071,-50.28646368687628
476919500,0.45744370128350276,-0.16151830756221608,2.8844118275623005,6.2829889278048325,119.30784371000105,-50.40272583276537
476930000,0.4575548989321368,-0.16084736235539482,2.8835212625272137,6.2851032019052075,119.45131149948064,-50.24618426583223
476940500,0.45758574282010417,-0.1609919429242453,2.884102476304614,6.283723184717516,119.43475833928807,-50.289295649718014
476951000,0.4579971341966855,-0.16120294821126124,2.887561114457533,6.275524150690003,119.50647007837168,-50.41475689804435
476961500,0.45784241591223795,-0.16108198270704407,2.886155348924368,6.278853959183685,119.48661020146906,-50.35664909029319
476972000,0.4581318736866308,-0.16090940969727827,2.8877859036818876,6.2749920386008275,119.59193784588096,-50.36084848514723
476982500,0.4584701660805659,-0.1605632820072937,2.8893333351146007,6.271331573274404,119.73987672588719,-50.32777510588012
476993000,0.458385470021303,-0.16044386328584792,2.8884304682106503,6.273466772928265,119.73801157616933,-50.28192712040008
477003500,0.45824580025971373,-0.16088529649466285,2.8885380319793112,6.27321231463997,119.62594101328574,-50.37398847335468
477014000,0.4575049296657191,-0.1603120094283594,2.881829523369431,6.289123620056582,119.52926356242656,-50.097371174001566
477024500,0.4578737266880704,-0.16073054897981262,2.8854986679370187,6.280410689699803,119.55476401506127,-50.26989401526885
477035000,0.4577949643604297,-0.16092881109056925,2.885433744957332,6.280564640112559,119.50031467739588,-50.30843007264753
477045500,0.45760760705427855,-0.15997583325034104,2.881722972432621,6.2893770180050454,119.61329103014207,-50.026563638762056
477056000,0.45773004091684943,-0.16030090357683108,2.883403180739912,6.285383649179036,119.59021791349024,-50.13271473730229
477066500,0.4573778044608341,-0.16058573841517673,2.881608326764009,6.289649690525864,119.44943070905634,-50.1475283874212
477077000,0.4584250663369212,-0.1599750586488044,2.8875439590402205,6.275564764176184,119.82837815667911,-50.165365985619715
477087500,0.45839651342852,-0.15953712916892018,2.8862516239161,6.278625796974914,119.89540073870096,-50.04514403043519
477098000,0.45823422716362655,-0.16002898927084885,2.886317165824291,6.278470479030758,119.76897107003386,-50.147052863184264
477108500,0.45791407251229305,-0.16081128729983138,2.8859879871550627,6.279250631200753,119.55157543971919,-50.297943052200026
477119000,0.4582944703016067,-0.15973692320296765,2.8860201771009706,6.279174332231905,119.83453396877893,-50.08043009065688
477129500,0.458233988872781,-0.15979932386664952,2.8857440905035694,6.2798287957742325,119.80799400472205,-50.08657256413727
477140000,0.45955267366219205,-0.1611835080717205,2.8986337855573217,6.2494247466834585,119.9180935226,-50.67652861643064
477150500,0.4586859880317198,-0.16024887057130868,2.8900891334495995,6.269545343035265,119.85034850425446,-50.28195448882058
477161000,0.45963845330490555,-0.16049477275551105,2.897520487445958,6.252038661976807,120.05915112371068,-50.50989468352345
477171500,0.45938336718859385,-0.16032228036207463,2.895260789363268,6.257351230127979,120.02149623312121,-50.42063512717503
477182000,0.4580106629301506,-0.15950165585754442,2.883413873897295,6.285358251580777,119.79976502867868,-49.9702518738036
477192500,0.4586230939362742,-0.16068320025994537,2.8907253074937445,6.26804265154984,119.75956364287262,-50.38543324501875
477203000,0.45833279658424547,-0.16043302036160031,2.8880275795862342,6.274420058026252,119.72601887326435,-50.270087740364374
477213500,0.4583359755933426,-0.15935304255885255,2.8853633351664025,6.2807316101783774,119.91072636964331,-49.98631991490728
477224000,0.4581680843272275,-0.16004567156593313,2.8858871966731314,6.27948954469809,119.7487329647907,-50.14018033818338
477234500,0.45873937201924764,-0.1587733166478326,2.8868064590273574,6.2773112296535105,120.11571446372035,-49.90171980564054
477245000,0.4599042877168498,-0.1583831808199425,2.8941762852037645,6.25990425333954,120.49088716056852,-49.99648839120614
477255500,0.4579399694299727,-0.15926614609704057,2.882327042635544,6.287940708600247,119.82108138346001,-49.89622483239237
477266000,0.4578058972328079,-0.15859367419682505,2.8797124427678713,6.2941624284503135,119.89948346343265,-49.69619401813777
477276500,0.45906551874324963,-0.15864325137289945,2.8888146628597466,6.272558001528697,120.22412865151726,-49.92269889812729
477287000,0.4596188470421533,-0.15844226042319645,2.8922768978362843,6.264380825956708,120.40502383901853,-49.963543355904015
477297500,0.4587508102484656,-0.15864339712108028,2.8865672698306684,6.277877868683709,120.140792823319,-49.8692910279571
477308000,0.45841078211180736,-0.15834724282988302,2.8834119218037864,6.285362888033237,120.10099994185683,-49.73330977382874
477318500,0.45985830110928216,-0.1588182180819951,2.894922230639002,6.2581479955216395,120.40445320311193,-50.10413316826784
477329000,0.45829363207704116,-0.1584147866721153,2.882743452545728,6.286951001151548,120.0585829263142,-49.73135951738647
477339500,0.45811752422568935,-0.1589444119640891,2.8827954845028,6.286827356392973,119.92241189480892,-49.84146756092706
477350000,0.4589161697766381,-0.158440776888854,2.887248034065552,6.276265418990859,120.21895553829604,-49.84370637275142
477360500,0.4606255534300312,-0.15807246563768573,2.898587140047839,6.249534220038923,120.73582585747904,-50.036914313620954
477371000,0.4607116888588182,-0.1579982814253662,2.8990234164468847,6.2485104697197436,120.77145978518972,-50.03185977731572
477381500,0.45988819370502965,-0.15774130986992074,2.8924797454317175,6.263902425971164,120.59587646289769,-49.82304903916198
477392000,0.4599316698766267,-0.15769210707512202,2.892670393571953,6.263452866900645,120.61581578817932,-49.81733975371735
477402500,0.4615792529148302,-0.1572165966657322,2.9033467356164553,6.2383843985991385,121.1369541658575,-49.971271804352426
477413000,0.46046612217985666,-0.15731581966614427,2.8955804844957376,6.256599052585255,120.8223192036066,-49.80790691283596
477423500,0.45937242448390825,-0.15708685278397266,2.8871840201598196,6.276417004726561,120.56948323489712,-49.56133300596142
477434000,0.45976963158008316,-0.15724267757523316,2.890407123636224,6.268794132097401,120.6489413716997,-49.67010008183719
477444500,0.4605869465569705,-0.15675184301491157,2.8950671685003466,6.2578068723027025,120.95049316994947,-49.67770931321705
477455000,0.45896152408997065,-0.1573374427993074,2.8848616610607225,6.281921550334374,120.41778690261023,-49.55858038316819
477465500,0.46026664839441855,-0.15775650329022736,2.895231088637496,6.25742111946269,120.69408865928354,-49.891492677070566
477476000,0.45899123984124157,-0.15709544523183266,2.8844820711275423,6.282822226983873,120.46654849922619,-49.499232370583634
477486500,0.4612138622912765,-0.15588328152887423,2.897456090621499,6.252189929198916,121.26608189920454,-49.551235624911435
477497000,0.45844247568242813,-0.15755354001654245,2.8816890320633006,6.289457738990847,120.24346634548638,-49.52836879372702
477507500,0.46026797906534755,-0.15991684586472782,2.9005944615726023,6.244826807942689,120.32476626864522,-50.465413089927694
477518000,0.4591015511108079,-0.15701376792674376,2.885070125007213,6.281427029547215,120.50969425661883,-49.496110810170464
477528500,0.46127108010097817,-0.15409916831206752,2.893555743038676,6.261366044568657,121.58316067993562,-49.08001293505819
477539000,0.4610663807375644,-0.15732803764117262,2.8999255876875365,6.24639457652256,120.98063337918676,-49.9134709039058
477549500,0.4607025155775339,-0.15708291346107167,2.8967075262713777,6.253948856421376,120.92511491061636,-49.78590816640121
477560000,0.458024392371327,-0.15497843906713898,2.8724681269883257,6.311468360089806,120.56352024826383,-48.77280039507412
477570500,0.4610749111110077,-0.15604635927021399,2.8968532928217887,6.253606262864837,121.20107380184733,-49.57146145302636
477581000,0.46095904638886664,-0.1603421840599165,2.90663194428214,6.230712637934967,120.43438558488636,-50.69711575811926
477591500,0.46310737906432714,-0.1574369562972373,2.9149426355407746,6.211392683627604,121.50922595967234,-50.292906736040116
477602000,0.4624305058840512,-0.15623538486325975,2.9070901655431034,6.229644142853601,121.53346025311389,-49.85326822468742
477612500,0.46263551440618567,-0.15567167219850722,2.9071982236304157,6.229392225196103,121.68509280683385,-49.73627064181887
477623000,0.4601151364799994,-0.1565330283395145,2.8911481537492,6.267044272111939,120.86139798734102,-49.539177444063874
477633500,0.4649204712582444,-0.15783558864663746,2.9291325119913534,6.178692310634597,121.92847152749434,-50.7147630418048
477644000,0.4609335525687334,-0.15625498619736727,2.896344979656927,6.254801115612053,121.1277206522746,-49.60345752536844
477654500,0.45938837285571726,-0.15621035485746296,2.885161851437945,6.281209460689551,120.72165019558487,-49.330218256268616
477665000,0.4603642910423311,-0.15632491316133482,2.8924274484867913,6.264025756881865,120.96330251702976,-49.525676259215395
477675500,0.460475391863188,-0.1559839975186254,2.892395000312716,6.2641022813525495,121.05077474223307,-49.4531356319259
477686000,0.46093434328353966,-0.1570510175072336,2.8982960099842825,6.250217569872801,120.99255250837479,-49.816852591157335
477696500,0.4606025838256084,-0.15650796364578207,2.894583914486822,6.2589444014583435,120.99608079147964,-49.61508452504648
477707000,0.4605822687669152,-0.15615350409396556,2.8935742912911158,6.261322340723599,121.05073248723212,-49.51667271793709
477717500,0.4611721265000025,-0.15854060247986065,2.9036778613601832,6.237610247005474,120.80129612045815,-50.25527023200415
477728000,0.46062868305682986,-0.15612347295740792,2.893834423560772,6.260709477752421,121.0682633511614,-49.51648437395456
477738500,0.45951285026067773,-0.15560427198119076,2.8845816952324355,6.282585816596074,120.85691833354672,-49.189081374208065
477749000,0.46341014347857956,-0.15604570861479078,2.9137237899384245,6.214218329261137,121.83030695664297,-49.96997554961419
477759500,0.4605750912220404,-0.1574744777635937,2.8967525748084557,6.253842975149594,120.82439551202235,-49.868817762752194
477770000,0.463263976547877,-0.15501656259094485,2.910157597656949,6.222501232670629,121.96700920402692,-49.66637878039036
477780500,0.4634529468499162,-0.15523121664575362,2.912049342571975,6.2181045671005455,121.98152547083463,-49.75686900653357
477791000,0.46288728030001247,-0.15483780481622306,2.906995653875708,6.229864496926368,121.89542189794334,-49.553676180863455
477801500,0.4634723545124697,-0.1566403483131064,2.9156319106820496,6.209795924633335,121.74484191889118,-50.141259421421104
477812000,0.4631241408696201,-0.15557758239920014,2.910507422866998,6.221687704206174,121.83322716680722,-49.79437537341801
477822500,0.4623089268598569,-0.15521995703068284,2.9037397807805707,6.237465505446239,121.67388820754522,-49.55859392502901
477833000,0.46169670301625415,-0.15692085176801818,2.9034680833827435,6.238100671739248,121.21900583485757,-49.912070732292776
477843500,0.4614899429122382,-0.15574402722481773,2.8991049790217813,6.248319116753667,121.36397286802668,-49.56066261797102
477854000,0.46097515202709244,-0.15521851177589882,2.894127115252658,6.260020055444865,121.31447562865876,-49.33200770381817
477864500,0.46071042332186884,-0.1549486866089328,2.8915739036490398,6.266039371990166,121.28876997520632,-49.21469111641758
477875000,0.4622213469544498,-0.15339595060332883,2.898712655170589,6.24923965497927,121.95919680284136,-49.049630938628084
477885500,0.46057280895620145,-0.15423899944793024,2.8888780997343333,6.272407974794909,121.37111369902634,-49.00032766251334
477896000,0.46241486449341623,-0.1532333575614238,2.8997199305408103,6.246876779795695,122.03922291444007,-49.038089073270214
477906500,0.46209994922975056,-0.15540112955937266,2.9026703883458893,6.239966279585481,121.58663943147947,-49.57195588058773
477917000,0.46258443361224966,-0.15540560233522924,2.906181675725074,6.231762960939374,121.71670176891661,-49.655683866372044
477927500,0.4626967946103323,-0.15496358869886387,2.905921992631586,6.232368880915668,121.8224142117961,-49.55529328333803
477938000,0.46130335518873655,-0.15452175682338729,2.8948043278115394,6.258425518166702,121.5206312227926,-49.19961823279596
477948500,0.4610034260910496,-0.15490655420733454,2.893576288324355,6.2613176353030875,121.37478541682958,-49.25277593958674
477959000,0.46082333066873177,-0.15385247606316446,2.889748028283453,6.270351368932149,121.50363494427054,-48.93805758089554
477969500,0.4620062704468207,-0.15579414194985444,2.9029494909741,6.239313396501451,121.49447846374143,-49.6619823870185
477980000,0.46218971358461375,-0.15596702867827764,2.9046950654536605,6.235233338882469,121.51443116988689,-49.73983741239003
477990500,0.46367476658478274,-0.1547996753102041,2.9126119371448875,6.216798271957443,122.11552898247096,-49.67774466375605
478001000,0.4617437068517744,-0.15494755334383553,2.8990021753474227,6.248560305210987,121.56750294943498,-49.389045987439154
478011500,0.4635505983398671,-0.15365778735398075,2.90895457915834,6.225300579862254,122.27646434750888,-49.345977911214526
478022000,0.46315139302569885,-0.15311099505755482,2.9047508916460667,6.235102944085819,122.26043135084755,-49.129243720724496
478032500,0.4626482271195835,-0.15465757524121967,2.904830268306329,6.234917551593302,121.86133320839969,-49.46416558608713
478043000,0.46406187264043436,-0.15365928650236377,2.9126696329373667,6.216664339741137,122.41560198034504,-49.43342716201417
478053500,0.4626967451900948,-0.1523375115329267,2.899618680013694,6.247114209914636,122.26696444599389,-48.84154422686011
478064000,0.4628116799983761,-0.16171888532625842,2.9235122119031822,6.1916012161190075,120.68537089364472,-51.3843039668766
478074500,0.46074505490124396,-0.14990604342262961,2.8798649440817994,6.2937991824990105,122.13868990806839,-47.852375130927655
478085000,0.45689942801437083,-0.15610986011379943,2.8672202168047805,6.324067250348319,120.07581172795639,-48.886914407990545
478095500,0.46366945223548184,-0.15252081074272067,2.907093999712194,6.22963520382649,122.50177841121833,-49.05577578510764
478106000,0.4599425358841622,-0.14601720733055204,2.865213454303401,6.328898862234017,122.55164334246528,-46.653385528914754
478116500,0.4677084931406555,-0.1434663652891067,2.9155614787240762,6.209959046443512,125.14379786378821,-47.205795618842096
478127000,0.4608385091764747,-0.15422739958468956,2.890756373763787,6.267969289897122,121.44474264842543,-49.04184976331631
478137500,0.4598564189316384,-0.1541837220673087,2.883616003219253,6.284878209208374,121.18736859736032,-48.8653509665772
478148000,0.46113715258035487,-0.15759650111347223,2.901095033303532,6.243654058287729,120.95369618565701,-49.99733141797759
478158500,0.4675083448655681,-0.15647021153498497,2.9447572325415443,6.143097716021154,122.86990033745651,-50.79702116083839
478169000,0.4559888661559796,-0.16093451987290608,2.8726317658216045,6.311076347297556,119.02732884254314,-50.00326338996213
478179500,0.47931584386913484,-0.14503733218378895,3.006240915904874,6.007079576078556,128.2262689441223,-49.64518752560074
478190000,0.46578111680784945,-0.14769998848591093,2.911125507595217,6.220250872468558,123.89648809065544,-48.07862487985438
478200500,0.4715598295675332,-0.14473753803540193,2.946893495997517,6.138264263362384,126.03056170592093,-48.21402979159008
478211000,0.47643158822808584,-0.14344799365787045,2.980562308025541,6.0631183318618245,127.6607615895322,-48.67573984362123
478221500,0.4593943816109162,-0.15207053440938775,2.8752911851776726,6.30471256525034,121.41411013341734,-48.21821018245043
478232000,0.4770771017358649,-0.16163024215807256,3.0299271173158933,5.95633493189152,124.5562633013496,-53.95359660336458
478242500,0.4406979419209575,-0.1564381386071272,2.7568592628814597,6.60175906671525,115.82147904461719,-46.38066881412158
478253000,0.45056791736726454,-0.14924878996212107,2.806940223505618,6.472645438958481,119.49890534385207,-46.04300935841779
478263500,0.4627178176916888,-0.1483312171196666,2.890380297586759,6.268857497938729,122.94066285030247,-47.74492781401595
478274000,0.467549340078306,-0.14603922162305907,2.920233720420621,6.199157362182524,124.67068025107883,-47.90823282666096
478284500,0.4759192434600588,-0.14990896466071837,2.991783031635322,6.038497990161192,126.37898248762588,-50.45174874803072
478295000,0.4576348063479169,-0.14081747758107283,2.837373412112078,6.396732691217891,122.73350888990478,-44.84782080468004
478305500,0.46168836584372436,-0.17466097075392686,2.949618055789339,6.132111226500246,118.0722392986016,-54.5328367622794
478316000,0.4482663279918681,-0.15418420170776792,2.8025823366943508,6.483670307735869,118.11778385342197,-46.98119330287476
478326500,0.46350732657939203,-0.17159039049850125,2.9545169851066975,6.121079926872905,119.09781761869523,-54.08379647132327
478337000,0.47139229222707063,-0.15845000846318574,2.978594061939623,6.067458575016441,123.58005587159052,-52.03057185406836
478347500,0.4533160558663573,-0.14935442594597387,2.826186142391407,6.424421030887761,120.21633686603771,-46.50321918552406
478358000,0.45126289926668006,-0.14344193053035909,2.7987583993902883,6.493376768876003,120.58053530399903,-44.590389937565135
478368500,0.4567972918944476,-0.1527539439644813,2.8584803740147384,6.345166327345252,120.60228524132012,-47.97504049795935
478379000,0.46481267261402415,-0.13698018878945092,2.8803043198389493,6.292752869071206,125.36256026982095,-44.88371712702664
478389500,0.4561670370934174,-0.1590480011471336,2.869212778349773,6.319277441939519,119.39168893964963,-49.539861270630965
478400000,0.4542971505188125,-0.14103013543429765,2.8144945607426193,6.453626585707738,121.77693326519034,-44.393618589146215
478410500,0.4477853935990589,-0.1501639400360103,2.789984143863041,6.5157641822175005,118.62020281344917,-45.85295957520243
478421000,0.45856535701773493,-0.15033335352139998,2.865322917848701,6.3286351119733055,121.47487470173354,-47.61127366469208
478431500,0.4839284088343382,-0.14260986612304533,3.0363594682982793,5.94270784475647,130.02447474937793,-49.74748984901804
478442000,0.4739915922820396,-0.15690072782405148,2.9942910176179,6.03302341019409,124.57806940656879,-52.074122295580075
478452500,0.4973995053872081,-0.15108670220918183,3.16527685506537,5.682608788682915,132.47553886531256,-54.85395994734021
478463000,0.4707038757525581,-0.14964253227316004,2.951929018576766,6.126902298537546,124.94658477171217,-49.46087597940047
478473500,0.4683163152474384,-0.1635663354176938,2.968715271846045,6.089340642512518,121.8204273119681,-52.85856694737603
478484000,0.46359362335466947,-0.16551283840011385,2.9389737913505667,6.1562230460379475,120.21948839443003,-52.52269902414965
478494500,0.45854200044855153,-0.16334742382798417,2.8968736264730874,6.25355847601364,119.28013660687455,-51.068548701633496
478505000,0.47611793763495897,-0.18052543821529285,3.074923244401239,5.862347936593144,120.62236430715649,-58.79505961098578
478515500,0.4706028633986394,-0.14378004480289197,2.9376045769858687,6.159338989763303,125.9180035028098,-47.77792828206297
478526000,0.46566019839859935,-0.15112647359571105,2.9182637887843197,6.203706838691795,123.2854004369026,-49.01003334425973
478536500,0.4556100631960356,-0.14463603585672913,2.8315413336773796,6.411135816707105,121.58029518016721,-45.5862462698743
478547000,0.46460946283383736,-0.15717977800479818,2.9252379024932234,6.187631613275029,121.95859949254312,-50.48354914398767
478557500,0.4613512746491962,-0.1439189671029276,2.8705535469821113,6.316058702279398,123.27967063852317,-46.29776335586853
478568000,0.4677564961566267,-0.15993559792793446,2.9552545191770134,6.1194227415611255,122.3237459942746,-51.78212820590155
478578500,0.46606700091560194,-0.13938534326149535,2.8945624033842394,6.258995046359443,125.34012916820681,-45.77324146201023
478589000,0.47255787191256443,-0.14787019995466602,2.9615966416469894,6.10521091072356,125.77842148226674,-49.280080122817786
478599500,0.4685978271292097,-0.150607660995898,2.9386038012828175,6.15706471473488,124.18970758120618,-49.368078957298025
478610000,0.4655686574298679,-0.14257343768748892,2.897951718592696,6.25102590282689,124.682707902832,-46.60114814841349
478620500,0.46823099955792813,-0.1526787082360908,2.9408457596303825,6.151968286324255,123.73015693511755,-49.88048555003454
478631000,0.46323798243980363,-0.14818076448368922,2.8937848954299064,6.260826154736748,123.10938891567163,-47.78930093717325
478641500,0.4438056639152407,-0.143966844129493,2.7493381715293554,6.621616811704447,118.50360794921181,-43.61592897843626
478652000,0.4727699576524596,-0.15547304530742792,2.981509143457141,6.061032734658413,124.49663566198434,-51.45670990498328
478662500,0.4634777485414745,-0.16628849848849023,2.940155472641259,6.153536512915251,120.05028927810781,-52.70500374349501
478673000,0.48236360042532905,-0.13309654903501972,3.0031158886370575,6.0138417433711,131.2058158282031,-46.5922967774798
478683500,0.4765428035675524,-0.14464708434693616,2.9841579519515355,6.055206116457632,127.48510288531135,-49.044511800286905
478694000,0.49129451818690867,-0.13609163344769434,3.079928147473266,5.852083649503398,133.44805124436022,-49.07701182550699
478704500,0.4763170326244678,-0.16719719621028173,3.0388512034525634,5.937446432376352,123.29090958439419,-55.32689817361028
478715000,0.4703954503095411,-0.14750102940426352,2.9446108854161603,6.143429127250702,125.22792252503396,-48.80301532137438
478725500,0.46602233483818695,-0.15067654294190866,2.919844671065849,6.200055304627169,123.46197826492225,-48.947086970206335
478736000,0.47440916537593925,-0.15830955260247656,3.0010078920839316,6.018412130309453,124.4366106424967,-52.54083589196949
478746500,0.47836482936894636,-0.1587894259737171,3.032508022078751,5.950859432919421,125.4472789382444,-53.40738945487807
478757000,0.47173939665600206,-0.14963739291997366,2.9596388682011465,6.109590677026436,125.23951788462354,-49.639106961251876
478767500,0.4646647213426456,-0.14875218388377168,2.905441140789653,6.23349117952665,123.40980802123612,-48.18492013961741
478778000,0.4680349030889313,-0.15898941227076796,2.9549283287532226,6.120155552449816,122.56774657679179,-51.57564803489662
478788500,0.46175078181295176,-0.1566308183636259,2.9031478036532583,6.2388495856230435,121.2830672177282,-49.84346671326067
478799000,0.4571509801187869,-0.15393820711241918,2.863788244824477,6.33233497215424,120.5024055188582,-48.35015566514433
478809500,0.4909974350250439,-0.15112464536006692,3.1129300652071876,5.785324043696121,130.5471294346122,-53.60507546347305
478820000,0.4671998082321697,-0.14680579338548436,2.919431874270198,6.2010083536342995,124.44380259087745,-48.065599893203405
478830500,0.4595444201922709,-0.14049216871982906,2.850155412597677,6.365400994315735,123.31722058302707,-45.0540490392662
478841000,0.4736679109795209,-0.12607767347536808,2.92279965524659,6.19324185743162,129.68394322846729,-43.04152073510346
478851500,0.47330425480732474,-0.1506675043705065,2.973826543449296,6.077998427941406,125.50142152735032,-50.20424303091539
478862000,0.467254644811761,-0.15060933040518754,2.9287155627835397,6.179648048298974,123.81533203427827,-49.13831817940157
478872500,0.46705638911015046,-0.1482068094074206,2.921622994369589,6.195953069686965,124.16790797984679,-48.43452368208126
478883000,0.4674357065953907,-0.14851903252605345,2.9251327262672375,6.187873398178198,124.22131380042724,-48.58602293000342
478893500,0.46582774121433085,-0.14922319306724877,2.9150069190699317,6.21124372969023,123.65381165278109,-48.510898566756126
478904000,0.4740186416932418,-0.15396078278834757,2.9872012383026942,6.048526127984646,125.11679720240723,-51.258697196920245
478914500,0.4750305365319237,-0.13900731955576795,2.9600161820622897,6.108746073399956,128.00645352705968,-47.13455103647119
478925000,0.46752226319858436,-0.15201463239179724,2.9340280053956174,6.167493774096102,123.64858466737518,-49.574139798095565
478935500,0.47324711372608946,-0.15245533923452895,2.9777058157691405,6.069419393103371,125.16900844190548,-50.69825206709921
478946000,0.4656869572926887,-0.14932121918700722,2.914208921218258,6.2130933301048525,123.59817067739507,-48.51442585574768
478956500,0.46834522335713674,-0.1491731443991538,2.933354052897617,6.169032942961563,124.36482013483149,-48.92375585591357
478967000,0.4699291882708301,-0.1483198036249237,2.9430627952559876,6.146937145503334,124.9559730748087,-48.95465850083716
478977500,0.4689092837447712,-0.1490485400875688,2.9372235545053638,6.160206673321891,124.54425370531393,-48.98516467937812
478988000,0.46690934401132844,-0.14876204814083918,2.921839195546414,6.195454722595467,124.03302918543102,-48.56492901336715
478998500,0.4700670198583263,-0.14638810357736182,2.9395958161778757,6.154808578276821,125.3244606161351,-48.431436166623214
479009000,0.46770063428007286,-0.14792485665450497,2.9256950776081436,6.186580862667455,124.39608502897376,-48.46429949080823
479019500,0.4689541737125869,-0.14807216213544727,2.935270652293531,6.164657920677045,124.72346569312027,-48.71835924566079
479030000,0.46733292121923986,-0.1500334989078016,2.9279299238078957,6.181449739878804,123.93536307976454,-48.99144727770347
479040500,0.4697071504478818,-0.14752929953315094,2.9395739177710793,6.154858363169388,125.02835169620741,-48.69349105120388
479051000,0.47002425140467646,-0.14785119741539351,2.9426729005768575,6.14782131622804,125.06301728288098,-48.83860591173865
479061500,0.4675286854896597,-0.14725327043140757,2.9228760056980456,6.193066019365268,124.46108059711854,-48.24666415043885
479072000,0.4686445925475597,-0.1477444530550916,2.9322234571420505,6.171616789196427,124.6920016515691,-48.573466789119635
479082500,0.4681091906012975,-0.14878397253153963,2.930703148600925,6.175094835740388,124.36498711260744,-48.774513480224336
479093000,0.47128928560638284,-0.1470541765567419,2.9502179054786297,6.130758274699202,125.55810915966393,-48.82926045851409
479103500,0.4682161876258301,-0.14821462073985647,2.93016126582678,6.176335501476872,124.49173969948,-48.63297155724475
479114000,0.4680696571999397,-0.14905940456653533,2.93105723599141,6.1742844167089075,124.30703890510775,-48.844935775204135
479124500,0.4687308968412991,-0.14871556326470248,2.93512572032419,6.164988531021991,124.55104305936806,-48.86122029810745
479135000,0.4683418665659387,-0.14944356230940192,2.9339647859543585,6.16763812029029,124.31771467261082,-48.99889349203342
479145500,0.4697583097279057,-0.1482407848045734,2.941611655044561,6.150229262871618,124.9212964230744,-48.903114818232616
479156000,0.4699909590812508,-0.14792181364319076,2.9425908061472823,6.148007516907043,125.04153357802758,-48.85286685839128
479166500,0.4683517039764181,-0.14751134101087277,2.9295239738304684,6.177795275805629,124.64904507274127,-48.45819132241832
479177000,0.4682150875648702,-0.14826552007805527,2.930271822390684,6.176082334927625,124.48279108315093,-48.64707734213836
479187500,0.4699548150355337,-0.14850733117001744,2.943691889311128,6.145511096601188,124.93106168842851,-49.01194435306073
479198000,0.47317991470005594,-0.1483769809880627,2.96745209316928,6.092150502833526,125.8674885517158,-49.53244519976741
479208500,0.4702832446489164,-0.14934695871627632,2.9481033537699433,6.135530382623518,124.87921406427614,-49.30498893863028
479219000,0.4717867373769361,-0.14974635460309452,2.9602510477579895,6.108220457642622,125.23392409960957,-49.67811903548769
479229500,0.47172569535276054,-0.1462335164175617,2.9515681453622,6.127715102429273,125.82302212388365,-48.670205168330455
479240000,0.47083283948610816,-0.1477774301375327,2.948505259928484,6.134622767846173,125.30447241763802,-48.95625873747779
479250500,0.4708893396947358,-0.14691823444229515,2.9469259460308885,6.138190903848624,125.46769705358696,-48.72214110729764
479261000,0.46892593447814246,-0.146543041261406,2.9315172182953555,6.173231961100393,124.97484304944335,-48.28205199496281
479271500,0.47143668196463795,-0.1480352453795609,2.953604858404611,6.123130701946219,125.4313040960616,-49.13321689754376
479282000,0.471106385617211,-0.14746086516568596,2.9498023907214836,6.131695395709974,125.43638402690216,-48.913430350896625
479292500,0.46841274835891106,-0.14806869624213367,2.931269045577581,6.173799742528814,124.57173663781023,-48.62533735503849
479303000,0.4701955365956473,-0.14865355061779303,2.9458206224069707,6.1406907281052145,124.97385328226754,-49.09449872987265
479313500,0.47145158931260456,-0.1467627233774954,2.9507503284612717,6.129557923410278,125.65424856175096,-48.77414323925968
479324000,0.47093211975329,-0.1454176849851674,2.943781895309443,6.145307124699371,125.73554039260945,-48.30203534864762
479334500,0.4706035853989277,-0.1466866298974627,2.944265825593645,6.144210681892396,125.42605392970331,-48.60753858061092
479345000,0.47115880449333986,-0.1466138783856306,2.9482250106633288,6.13525561834755,125.5963690508762,-48.681655127714514
479355500,0.4709564269574236,-0.14695509199227555,2.9475103754339846,6.136870001768342,125.48045705624385,-48.744088433471106
479366000,0.4723409613644464,-0.14233460444804727,2.947268501584875,6.137416602784049,126.66177322301277,-47.654037497035084
479376500,0.4707291543360242,-0.14644771350030297,2.944645890509488,6.143349852875959,125.50248408083085,-48.56103017542492
479387000,0.47026108171555686,-0.14834059208529163,2.9455735393859097,6.141249826491224,125.04608818698296,-49.017430035088616
479397500,0.46974888766592404,-0.14547730042471474,2.9351468970438717,6.164940221621452,125.38825468837106,-48.118729456226454
479408000,0.4693544766194278,-0.14652487452435628,2.934639166085928,6.166098700340138,125.09920841830645,-48.34939411032405
479418500,0.47173914693520097,-0.1444121105592177,2.9474860961753326,6.136924864914253,126.13721673353179,-48.151111461207485
479429000,0.471402524473815,-0.14672170295508996,2.9502896268220113,6.130596549908703,125.64730439159061,-48.75405731771906
479439500,0.47048752720711035,-0.14467689987793972,2.9387876054609006,6.15664655943529,125.73393672299197,-48.015188451232085
479450000,0.4716528835564612,-0.146398631533072,2.9514071288091936,6.128077836538981,125.77398049150995,-48.70485595964805
479460500,0.4704029236819877,-0.14704356342225894,2.943603254030107,6.14571197595925,125.30819753064296,-48.67463061023371
479471000,0.47319193220942574,-0.14685906024566225,2.9639876044736546,6.0998709062283885,126.13442508107073,-49.101252858183486
479481500,0.47132244282709007,-0.14715121351012103,2.9506904792580326,6.129692829437724,125.5508948395914,-48.86253796467608
479492000,0.4707383956179896,-0.14577778590304982,2.9431700217232213,6.146694032671114,125.61912109083835,-48.37185698508267
479502500,0.47298603304892756,-0.14526197492620782,2.9587473302957967,6.111587319025148,126.35041087976032,-48.6078369263038
479513000,0.47279861553662,-0.14663464238728102,2.960516839242425,6.107625745318228,126.0606701598758,-48.96913052236432
479523500,0.4720886559943009,-0.14582968560990597,2.9533440301318343,6.123717396827722,125.99585926084409,-48.616914783284294
479534000,0.47290783135723224,-0.1469939937696755,2.962171269606906,6.10392664173556,126.02985805062525,-49.090715811995416
479544500,0.4723364469811495,-0.14572850169517615,2.95496164660258,6.120080693061328,126.08411354291354,-48.63037041714223
479555000,0.4721079951719432,-0.14669009340100087,2.955479271379938,6.11891792542539,125.8538278594518,-48.86608283076516
479565500,0.47200234394808116,-0.14552820938520775,2.9520052736082047,6.126730576126317,126.0226974578696,-48.515874414561864
479576000,0.4727911242543833,-0.1463687162419095,2.9598435331441357,6.109132511681459,126.10435014833244,-48.89175588967966
479586500,0.47230942804877984,-0.14563011875774634,2.9545329904657835,6.121043954078664,126.0932181511033,-48.597563865798016
479597000,0.47285756757768277,-0.1446963940272075,2.956487246617305,6.116654977271921,126.41026462862044,-48.42321086513644
479607500,0.4720734812607991,-0.14585569479222169,2.9532907247810876,6.123837313788431,125.98706690052438,-48.621758911682356
479618000,0.47160339833391435,-0.14530722315969302,2.948522816631872,6.134583126348937,125.94619155851615,-48.38458922763419
479628500,0.47161633243526324,-0.14518551180003075,2.9483399212096244,6.134996114348422,125.97061077064949,-48.351954753352786
479639000,0.471964350771986,-0.14539364240118013,2.9514123278204574,6.128066123636419,126.03479218146511,-48.47085544700782
479649500,0.47271685615316583,-0.1457199437128827,2.9577869421387253,6.113739674887415,126.19459484709266,-48.693129570420396
479660000,0.47335575490872456,-0.14522840739286932,2.9614415151400406,6.105557708279442,126.46248015201832,-48.66162536843411
479670500,0.4732037888951232,-0.146281652665375,2.9627347538203384,6.102667824533543,126.23755709200003,-48.93793950995917
479681000,0.47345589011176153,-0.14525993388342576,2.96226539757134,6.103716323350957,126.48587680911457,-48.687899674904436
479691500,0.4723843046794231,-0.1453524024526218,2.954453296029496,6.121223075417925,126.16218856666502,-48.53077259939871
479702000,0.4727361548276926,-0.14571830283741652,2.957927602729876,6.113424337413757,126.20041019592556,-48.695970656998526
479712500,0.4730761145955328,-0.1449731654180838,2.958758416587895,6.111562482400068,126.42580204370122,-48.54023074711573
479723000,0.4735732425574521,-0.1452552151295971,2.9631354087722044,6.10177309468618,126.52046429649917,-48.70671494877928
479733500,0.4734211854754318,-0.14563051818621756,2.962859346842068,6.102389558117844,126.41215706592294,-48.788506372126584
479744000,0.47330841884472935,-0.14577277662833427,2.962341746041212,6.103545742333678,126.355269904244,-48.809964477868135
479754500,0.4735618294016901,-0.14516567940444677,2.9628436054809804,6.102424713461626,126.53257060534112,-48.67897500633874
479765000,0.47381503272984016,-0.14514238037917063,2.9646917879537242,6.09830002739171,126.60951484888405,-48.715807134825376
479775500,0.47294914625046247,-0.14509601695909857,2.9580895289428693,6.113061367903945,126.36824618780113,-48.55381574255561
479786000,0.4737278740234317,-0.14516012608391357,2.964077774194206,6.099669710346451,126.58134862601443,-48.70592525312848
479796500,0.4745918189222211,-0.1457139929439756,2.971858685350058,6.082360012965616,126.73472938630972,-49.01469759744732
479807000,0.4736535441788059,-0.14501839898788707,2.963193453294667,6.101643494156383,126.58429826023617,-48.65231243961925
479817500,0.47399057254014754,-0.1456658362220744,2.9672191038169355,6.09266906757899,126.56984347495803,-48.896830662495375
479828000,0.4740088577038139,-0.14565428376546966,2.9673299479774786,6.092422350110884,126.57710212756805,-48.896662456134294
479838500,0.47375693899456944,-0.14634967062608004,2.9670466378461513,6.093052984521657,126.3844769056481,-49.05301753409464
479849000,0.47407412496740897,-0.14602133901220965,2.9686707419398366,6.0894396505788215,126.53243169456564,-49.013564988648845
479859500,0.47588560540599667,-0.14489017371786106,2.9797335149515964,6.06494514271449,127.25187151462953,-49.00085691305014
479870000,0.47346907118872356,-0.1438571626965195,2.9591513117642294,6.110682414821458,126.72992146397543,-48.28560617091281
479880500,0.47363434796725135,-0.14462697872309677,2.962150723021459,6.103972552783322,126.64595083017636,-48.5361650661955
479891000,0.47399149490429276,-0.14446787592381646,2.9644690288872972,6.098796862930249,126.77635673634957,-48.55150539173228
479901500,0.47474499098144735,-0.1436227830973236,2.96820880916099,6.090466912431911,127.1396288368973,-48.436066393578166
479912000,0.4738764605602089,-0.1442527967194908,2.9631122276091504,6.101824854677053,126.78000367716088,-48.46962362046266
479922500,0.4731995912473099,-0.14485842830989953,2.9594203560885854,6.110079919770137,126.48099116569946,-48.52835833473705
479933000,0.4743632997535461,-0.14552606700633788,2.969701751946208,6.087148155502595,126.70136839801586,-48.92096606942492
479943500,0.47446543223873944,-0.14470886956730586,2.968588156826959,6.0896232796938135,126.87189158653048,-48.702660224141795
479954000,0.47704024603100176,-0.14559318286275313,2.99013034601962,6.042111221481907,127.46442241388903,-49.40649812541769
479964500,0.47484623431887385,-0.14438725120269721,2.970720154297013,6.0848864429921115,127.03752423730884,-48.675194114245684
479975000,0.47562522758868825,-0.1428295909737876,2.9730479905851213,6.079723243786405,127.53197796680614,-48.356292353967184
479985500,0.47576998532396414,-0.1449473568028398,2.9789896989894427,6.06658562391507,127.2083988883746,-48.99736433062991
479996000,0.4739099587962465,-0.14497610353753132,2.9650226719298467,6.0975621885946465,126.66548828595582,-48.6842025419251
480006500,0.4745065499000637,-0.14342507718839723,2.965962557089505,6.095467350090917,127.10429557955518,-48.33779994605778
480017000,0.47350161621909864,-0.14516990940624375,2.9624013566105893,6.103412564748259,126.51450751157057,-48.66984563243394
480027500,0.47467407347999996,-0.14378047518074563,2.968034127455259,6.09085546955117,127.09198138842508,-48.46966035619435
480038000,0.47514259735621855,-0.14429430599678827,2.9727435365030974,6.08039801227736,127.13946692118576,-48.699353986974515
480048500,0.47608670986956947,-0.14384213214712585,2.9788488342567656,6.066896404138308,127.49201570225152,-48.73102182872091
480059000,0.47481978963743315,-0.1433049042757694,2.968048628758147,6.0908232112933325,127.21587229397672,-48.35655097838287
480069500,0.47516414165364457,-0.14374549971739134,2.9716502996893155,6.08282226294474,127.24028376411488,-48.54373563574528
480080000,0.47556963540457253,-0.14284484853172985,2.9726624442874714,6.0805777650794095,127.51313891334651,-48.35119999207229
480090500,0.4750311361983031,-0.14297493794146512,2.968892259903506,6.088947159300142,127.3338920676547,-48.29677331657673
480101000,0.476427123921275,-0.14355850671099943,2.9807809643958976,6.0626365642485025,127.64033959905656,-48.70722501033629
480111500,0.47583276889997295,-0.14477751110293827,2.9790735514584736,6.066400641675816,127.25610087134554,-48.95898787512634
480122000,0.4743830806813184,-0.1433329438327374,2.9648237788378418,6.0980056783931715,127.08422081084545,-48.28992702146231
480132500,0.47572088128652806,-0.14417866444825628,2.9768497429231,6.071310436200596,127.32735815017186,-48.76566843052571
480143000,0.47590745157427167,-0.14399648574656207,2.9778444794531054,6.069113203886659,127.41312729996312,-48.744953411835255
480153500,0.4762142089205525,-0.14316222617690905,2.9782622308166506,6.0681909434556305,127.64665411794687,-48.55475446172821
480164000,0.4764047829472423,-0.14386909552096924,2.9813222770951264,6.061444227520281,127.5800377132996,-48.793951083433534
480174500,0.4762424890991108,-0.14362345830635936,2.979529229761766,6.065395600411599,127.57524037262401,-48.69423273382982
480185000,0.4766313817537345,-0.14425298077780332,2.9839234785775886,6.055721420427128,127.57945396799393,-48.94516917276139
480195500,0.47591766325177426,-0.14397115124061202,2.977863766384629,6.069070618133569,127.4204806848314,-48.73934698190232
480206000,0.4759697754059896,-0.14416847964371574,2.9787108727279485,6.0672008113317375,127.40149436281604,-48.80577975941185
480216500,0.47636001660414945,-0.14340549990701904,2.979922410001666,6.064528682874552,127.64721518741872,-48.650959645652314
480227000,0.47575850341841325,-0.1432541718516842,2.975021279602087,6.075353573703347,127.49784700508245,-48.503041525658446
480237500,0.47708028834972216,-0.143761116732419,2.9862066634599103,6.0507075246569535,127.79594425570171,-48.879671060839456
480248000,0.47608383722922193,-0.14341514156996607,2.9778511030229606,6.069098578902793,127.56496283797841,-48.60606733069241
480258500,0.47594600719342267,-0.14311598546255005,2.976125542611912,6.072911133740889,127.57633345926553,-48.495025907052344
480269000,0.47863948396364947,-0.14746563756293404,3.00674063847646,6.0059997048815195,127.59754811820045,-50.23306302895842
480279500,0.477176401315187,-0.14318088546502813,2.985610553162469,6.052015755359807,127.92478965942945,-48.72662403476166
480290000,0.4766037910112686,-0.1433310364622118,2.98160198691445,6.060828308451159,127.73128792799979,-48.67136840693559
480300500,0.4774517309640086,-0.1426882398557742,2.9865832145609157,6.049881444283873,128.09088527314213,-48.62990934954377
480311000,0.4763316112962173,-0.14257431844239557,2.977815439024642,6.069177326639231,127.78227481422297,-48.40312535480225
480321500,0.478264235257864,-0.14271199688941208,2.9928335619721946,6.036203573415326,128.32552451833368,-48.777932087790234
480332000,0.47640769714319336,-0.1424344985410681,2.9780751278525366,6.068603970467908,127.82860745136105,-48.37528815911199
480342500,0.476151173175377,-0.14332326938261947,2.978151661042102,6.068435017519978,127.60046489583272,-48.590887235613884
480353000,0.47668366656629185,-0.14316841033770647,2.981837327991538,6.06031018989844,127.78276582174406,-48.63764866869784
480363500,0.47752984554422906,-0.14257826777488175,2.986927886407049,6.049125506466581,128.13286655464657,-48.61115095385932
480374000,0.4782337568168914,-0.14349863662626983,2.9943990003742575,6.032787930833906,128.17945873700216,-49.00376315566567
480384500,0.4767719033681609,-0.14093995015385552,2.977467600715852,6.069945481006046,128.19195871789285,-47.99888603304308
480395000,0.476123497110581,-0.1436062127260802,2.9785879385616654,6.067472087962526,127.54352670235984,-48.66863339572116
480405500,0.4783530473364914,-0.14290107545198688,2.99394342734004,6.033781534523635,128.31873273220063,-48.84901282477952
480416000,0.47785417285917836,-0.14195219498208708,2.9879783542649117,6.046822821078328,128.33659935806412,-48.48314476271929
480426500,0.4781110508445786,-0.14071349581130227,2.9871443769110195,6.048650797735917,128.62609884300159,-48.1617839427533
480437000,0.4786814967745202,-0.1430238234706822,2.99673564747453,6.027697052955174,128.39395383536066,-48.94241275481858
480447500,0.47695881696018705,-0.14365780736049674,2.9850461812268847,6.053254875051769,127.77839453440403,-48.82838136464255
480458000,0.4785830352917126,-0.14281707745126096,2.9955100342168937,6.030366194975981,128.4010466101455,-48.86437882849003
480468500,0.4779621280819221,-0.14384363990910112,2.9931162322478952,6.035586515343153,128.03956288932469,-49.057472937221455
480479000,0.4767388534034865,-0.14119005316962058,2.9777782475270813,6.069259449428312,128.13942349579668,-48.066849294223275
480489500,0.47757982073394584,-0.1428154983183085,2.987848471142715,6.047107433492183,128.10642436333228,-48.68946254119979
480500000,0.478174508163251,-0.14414099729876495,2.9954225180397955,6.030556881841247,128.04975234024815,-49.18170781727628
480510500,0.47950728916702196,-0.1417343610331276,3.0001269577089817,6.02032424124188,128.86268092347223,-48.705749889925826
480521000,0.47663016388102764,-0.14122293796227173,2.9770278135912482,6.070916981656315,128.10181986996096,-48.05791339634183
480531500,0.47973140100079414,-0.1414198816828026,3.001134561234538,6.018137292593152,128.98389718820215,-48.651565003485985
480542000,0.4793568535142383,-0.14277418258506042,3.0013399062097808,6.017691805108639,128.63662443099798,-48.98690822119112
480552500,0.47754224285657043,-0.1424071622853111,2.986633481387531,6.049771186326262,128.16612943875003,-48.56303224868082
480563000,0.48021343923431725,-0.14120578193300035,3.0043545308200206,6.011159584392911,129.16437404974326,-48.67198854653581
480573500,0.48046576598134844,-0.1408996962135101,3.0056045397353457,6.008455332188852,129.2928333673595,-48.624910738439446
480584000,0.4788209309823608,-0.14003111679240804,2.991035625885281,6.040131470610776,128.9539989405723,-48.08160921226025
480594500,0.4788308617623158,-0.142286088281028,2.9961964091661333,6.028871104041096,128.56660477727402,-48.75105187021896
480605000,0.47939141181412354,-0.14086396129980308,2.9972711813196775,6.026531537857784,128.9795871503196,-48.42750236919991
480615500,0.4787533493608257,-0.1416891601904401,2.994248835595378,6.033115402255574,128.64746313389693,-48.56128857721261
480626000,0.4790670572560652,-0.14065682687344083,2.99432073809655,6.032958596464416,128.9191650691921,-48.309868623241215
480636500,0.48024512677799114,-0.14075722546395228,3.0035854334298704,6.012824697060672,129.2519491092005,-48.54405088923414
480647000,0.47890682160920583,-0.14209270960294135,2.99633833122497,6.028562059582606,128.62268784449455,-48.7071847510353
480657500,0.4791994049369422,-0.1416225195357032,2.9975128351008364,6.026005765377503,128.79097851329715,-48.61904745758038
480668000,0.479328133415343,-0.14057313238831715,2.9961319904486854,6.029011390834782,129.01116337856504,-48.33017027339272
480678500,0.4795412374112952,-0.14156271497334189,2.999998405188956,6.020603376369875,128.90263534871565,-48.66080580501996
480689000,0.4797648481588081,-0.1412571742020646,3.0010233212374584,6.018378651833305,129.0221506570883,-48.60910115723225
480699500,0.47900962389368185,-0.1417383081586167,2.9963214337392525,6.028598853222419,128.71469860362896,-48.62032042216889
480710000,0.47951229451474764,-0.14148862660350695,2.9996085955412397,6.02144996203079,128.90695274051626,-48.63380780430634
480720500,0.47971725242645175,-0.1423526622493673,3.003144617877469,6.01377950481127,128.81687403254384,-48.92543178177167
480731000,0.47967915012568885,-0.14189773825914154,3.0018168541266834,6.016657350751554,128.88509544004995,-48.784111682907536
480741500,0.4800950272375663,-0.14177804062332505,3.004740793235956,6.010323679430215,129.02928572456526,-48.8212705667283
480752000,0.47927598642107033,-0.1417843221870787,2.9984664154086844,6.023931966192542,128.7854982987184,-48.68026062201293
480762500,0.4804986883017024,-0.1417019630832583,3.0076748492974104,6.003982012157092,129.16244103099842,-48.869307994404004
480773000,0.4799638039404215,-0.14142489318215765,3.0029311019556104,6.01424209425028,129.05199734795255,-48.693552085141924
480783500,0.47990450838500454,-0.1420932445258813,3.0039926110810824,6.011943029096849,128.91768915194362,-48.88139844421551
480794000,0.47981824580991905,-0.14114457480527634,3.0011788937963684,6.018041109117927,129.05760045598413,-48.58495838894391
480804500,0.4815924044353533,-0.14120875514837086,3.0149973670580708,5.988215636355739,129.57468364864766,-48.914247690697465
480815000,0.4805994259736411,-0.14118724122774182,3.007283794339138,6.004826434529631,129.2824381717723,-48.733856125409574
480825500,0.48018671546333214,-0.140889793089023,3.0034351991060726,6.013150069628398,129.21148695375834,-48.57334367396314
480836000,0.4800101911574889,-0.14085130012275704,3.001991474636841,6.01627870805126,129.16566659581966,-48.53117628123505
480846500,0.4799591337105054,-0.14076213786663722,3.0013982402958606,6.017565264212632,129.16597851131385,-48.495777549492146
480857000,0.48063461809470137,-0.14165361378731672,3.0086123307677255,6.0019586716597235,129.21130682641956,-48.87874727110488
480867500,0.48042265357924274,-0.14088669780979565,3.005243338103376,6.009236490979859,129.2822605043744,-48.61352372719184
480878000,0.48086318590857113,-0.14164776307091312,3.0103613583899573,5.998187580257802,129.28030404309806,-48.917074152837074
480888500,0.4814218982330245,-0.1410405004647092,3.013297838778838,5.991867277667159,129.55331199388968,-48.83408863086511
480899000,0.4807650211849238,-0.14101026856477908,3.008159533699496,6.002935754108365,129.36268099942626,-48.710084740334004
480909500,0.48008596996238107,-0.14146115873535953,3.003952336502343,6.01203022427597,129.08194495259139,-48.725631504390144
480920000,0.48087430197649034,-0.14075994632029357,3.0084365512008593,6.002337943881972,129.43898725989007,-48.6545403370228
480930500,0.4814769770002988,-0.14080938461876735,3.013200679431003,5.992076176114313,129.61027453767028,-48.774714153573434
480941000,0.48056056455612645,-0.13967555462924267,3.00358333917859,6.012829232469769,129.5339445481038,-48.276086812899784
480951500,0.4821218842835062,-0.14176303668992926,3.020357963519497,5.9767279918157925,129.63509999807943,-49.17299360409294
480962000,0.4820380190778373,-0.14044287544668896,3.016713742847159,5.984532487805934,129.84240552564137,-48.76339478488902
480972500,0.479696102244301,-0.13979795700813702,2.997215523499393,6.026652647556448,129.25466417643892,-48.1630753568026
480983000,0.4785147815734904,-0.14147678606123332,2.991944728320532,6.038144717491756,128.61375805598743,-48.4571748981241
480993500,0.47988998252586557,-0.13994698269084035,2.9990365423748857,6.022692791090077,129.28671344464937,-48.241013901224804
481004000,0.4821111225676499,-0.1394912815623355,3.0151402701478363,5.987908802663846,130.03087073690236,-48.49058934105812
481014500,0.4810108592407325,-0.13972513824188967,3.007162901087289,6.005087534674884,129.6600664495641,-48.36908067958292
481025000,0.4812993436796317,-0.13944065864655214,3.0087516178881555,6.001658173042779,129.79595200860047,-48.3339777279527
481035500,0.48217829632106307,-0.14107525459467585,3.019231324638778,5.979138551971249,129.77327020983103,-48.97739836701437
481046000,0.48092815676152395,-0.14167040415471008,3.0109140524926468,5.996996936380576,129.2956610479907,-48.93520828519469
481056500,0.4809794970256626,-0.14110259348060777,3.0100223033101288,5.998918234496761,129.41045738796842,-48.7751075148492
481067000,0.48100002455450863,-0.1394347455118637,3.0064297427047655,6.006671484982906,129.70725183916494,-48.28022372317443
481077500,0.4802808947212549,-0.14136697623660419,3.0052383084147523,6.009247370011273,129.15629642984774,-48.73167763661985
481088000,0.48245376083419234,-0.1395497682175067,3.0179263215468555,5.981933267871206,130.12368908984868,-48.568064379108876
481098500,0.4823061055011245,-0.14144601720294345,3.0210647051933868,5.97521687569222,129.7461216558889,-49.11082260398661
481109000,0.48124842948782615,-0.140208569688824,3.0100806535562237,5.998792478163248,129.64698483939642,-48.555123926416165
481119500,0.4820920557398605,-0.14116552670690571,3.018767676352633,5.980131162325225,129.7315776178583,-48.98921343354418
481130000,0.482571532719973,-0.139576111287795,3.0188988450772998,5.979850312498833,130.15451560842575,-48.59660476691956
481140500,0.4817143019743194,-0.1397954089871437,3.0127517264144688,5.993041648762216,129.85862851910576,-48.512645881363504
481151000,0.48179840761020587,-0.13855321333176793,3.0106277064211406,5.997613737414548,130.10002523294952,-48.15391844336041
481161500,0.4832448277996201,-0.14092351177460877,3.0271722855640326,5.962190986541924,130.1197484404144,-49.120180804575696
481172000,0.48145660076635843,-0.13955985177623437,3.0102323727908185,5.998465518822126,129.82238531689518,-48.397078196278855
481182500,0.4829472964754417,-0.13934077019170826,3.0212881780122665,5.974739223633954,130.30892673661907,-48.59153535540402
481193000,0.4839547676630016,-0.13997983809774456,3.0305693819104667,5.954971362173148,130.5003780198776,-48.96162605239256
481203500,0.48298793163461223,-0.13989487201895992,3.022848593749459,5.971406192485192,130.22392249838538,-48.765597778750916
481214000,0.4823335812152744,-0.1397113408344656,3.017357196938436,5.983152921198233,130.05927523109466,-48.59562424635412
481224500,0.4826504971853256,-0.13983785540496474,3.0200995234932475,5.977280772386497,130.13240078588555,-48.68919072658155
481235000,0.4827327596463276,-0.14080011678142101,3.0229103292416952,5.9712744056001235,129.98786070165707,-48.99268662114402
481245500,0.4825006754664109,-0.14051813882277286,3.020470371465691,5.976487594222323,129.96790401884837,-48.867223050689404
481256000,0.4831075049270674,-0.14060024747165167,3.025370783634147,5.966026984616256,130.13563137261986,-48.99880456936981
481266500,0.4826924810787357,-0.14012396616463768,3.0210695466703275,5.975206526651179,130.09479396064575,-48.78258268503894
481277000,0.4830765407268403,-0.1393421271256379,3.0222955150800352,5.972587120382709,130.34766382198876,-48.61459979864411
481287500,0.4829780454274881,-0.13983647769300772,3.0226403339287624,5.971850809753851,130.23120868286344,-48.746280829415674
481298000,0.48352655657626825,-0.14148099924398883,3.03063574431878,5.95483050741111,130.10545334228348,-49.33748256103852
481308500,0.4829614956870989,-0.1395721299668875,3.021917531729907,5.973394465784402,130.27263923125392,-48.663757190956616
481319000,0.48401884559227504,-0.13971118569937074,3.0304636641107257,5.955195763378235,130.5671884140371,-48.891816641412426
481329500,0.4833061068684865,-0.13972798711238868,3.02494742028441,5.966929210670888,130.3491183733489,-48.771273713095496
481340000,0.48307609504898275,-0.14029363004870443,3.024433149519017,5.968025550215263,130.18026880031044,-48.901093044908
481350500,0.48354073687095234,-0.1394138438738081,3.0260678506627916,5.9645420884358336,130.4751642999056,-48.71775602661616
481361000,0.48339835854227375,-0.13915844259507296,3.024386697642799,5.968124598485155,130.4770261905822,-48.61560605576739
481371500,0.48364677816759793,-0.13963683188141326,3.0273950133018546,5.961717080906739,130.4679351122754,-48.80374451006719
481382000,0.4842609559928296,-0.1386256329282813,3.0299177949713796,5.956354728614851,130.8317399924913,-48.60581082868912
481392500,0.48428098503922246,-0.13906908285043204,3.031066895033491,5.953915554997553,130.75976342392525,-48.74378059831322
481403000,0.48455401797860226,-0.13905164621742327,3.0331611012770585,5.94947555519771,130.84559870745034,-48.78664125546053
481413500,0.4845301323443379,-0.14016729641319878,3.035487973425223,5.944550332887659,130.64094236664974,-49.12014086918398
481424000,0.4836082058482948,-0.13942103752820334,3.0266094839683677,5.963388828154304,130.4942751252189,-48.7317951037505
481434500,0.4835673608062464,-0.13937442208111073,3.026186689955711,5.964289012914138,130.49013694676,-48.710531866397716
481445000,0.48362927137067774,-0.13960618580451653,3.0271896795532913,5.962153973921835,130.46804788196002,-48.79140979052898
481455500,0.48483454812891513,-0.13961709586037785,3.0366274626977807,5.942141497569943,130.8306322068039,-49.00764913410362
481466000,0.4857868878979129,-0.13960679713016377,3.0440744569456215,5.926448633905014,131.1214249918543,-49.173740302724866
481476500,0.48562272290921193,-0.14008249712445614,3.0438607221300593,5.926897831996863,130.98678627633083,-49.28888210519422
481487000,0.4848380621783305,-0.13978233410869909,3.037027747064612,5.941295793425696,130.802396665278,-49.05832353450776
481497500,0.4850252815881013,-0.13884648918439219,3.036388472371007,5.942646545620345,131.02488445869056,-48.807579796559345
481508000,0.4847674551510001,-0.1403557367167176,3.0377720728017743,5.939723877566113,130.67918396952754,-49.21925105264946
481518500,0.4845998912127599,-0.14163384551447625,3.0393713505669044,5.936349338589105,130.40068818063102,-49.57477261811797
481529000,0.4838720732282567,-0.1407364669562152,3.031636592597311,5.9527070377698434,130.34148242425056,-49.175062548514134
481539500,0.4850881023805288,-0.13751089694770297,3.033901363462836,5.9479077445659465,131.2792340406283,-48.41191315672703
481550000,0.48554428431651336,-0.14007394578811658,3.043225224378161,5.928233850551058,130.96452617892362,-49.27229780289601
481560500,0.48413919564038943,-0.13788644927361934,3.0273207679401097,5.961875046674912,130.9244112953484,-48.359992559242265
481571000,0.48698756951681155,-0.13770958749544837,3.0492699832984367,5.915551107183968,131.8253685936919,-48.80797231689243
481581500,0.48459026440979525,-0.13762700016508234,3.030265820309111,5.955615762456805,131.107086462128,-48.360019800321695
481592000,0.4883007434555212,-0.14099853106990298,3.067108403546894,5.878449911444629,131.63610089811,-50.04975693896096
481602500,0.48550932151753834,-0.13899538033300812,3.040517322315919,5.933933741288123,131.14569431691538,-48.93852450647419
481613000,0.48682214741426916,-0.1401073790571807,3.053362935704597,5.906995468844078,131.34672992243839,-49.511129332649084
481623500,0.4851434571370215,-0.1413096656870437,3.0428906904910824,5.928937398606894,130.62246739991988,-49.574392785068255
481634000,0.4874572941847462,-0.1394749969079185,3.056948417736428,5.899521697770519,131.65398233162045,-49.43234648850174
481644500,0.4856505322521077,-0.13836066072024086,3.0402029095306458,5.934596289675279,131.301090873641,-48.77022393434798
481655000,0.48597158751495706,-0.13883923042831162,3.0437974754515915,5.9270307686235215,131.31415128437777,-48.973007364292286
481665500,0.4845964318167292,-0.13886330940064942,3.0330704611509685,5.949667582067509,130.89168593431035,-48.73698923048429
481676000,0.4856592219048019,-0.1395815415086392,3.0430143454693845,5.928677323374839,131.0871341825309,-49.14333533924293
481686500,0.4859893216467207,-0.13974060557707602,3.04596856534203,5.922470948146078,131.15908837017676,-49.2504957207141
481697000,0.4840455534251155,-0.13980711159628528,3.030888263548336,5.954294596531082,130.5583144857253,-48.92551385208231
481707500,0.4854974565833307,-0.1382730752116976,3.0388060103459256,5.937541773519923,131.26989929049483,-48.71646746731976
481718000,0.48785254223720514,-0.1386884599876015,3.0583015310859483,5.896706295986261,131.9160849049805,-49.26249516624725
481728500,0.48466080857540805,-0.13860902149724222,3.033004635804093,5.949807045321446,130.9560459092384,-48.67112937433125
481739000,0.4865075724067039,-0.1363400266966261,3.042451003227803,5.929862355338828,131.91980146079143,-48.302466122156765
481749500,0.4884499198159881,-0.13733218355842378,3.059997486508622,5.893181484862138,132.34244379711214,-48.952168970492195
481760000,0.4862863650509218,-0.14016982304076955,3.0492795796676773,5.915531017467464,131.17261258052733,-49.4340257247867
481770500,0.4873661612824867,-0.13834537119638768,3.0536818901522342,5.906329826500883,131.82831766980314,-49.070319206737594
481781000,0.48586994255919963,-0.1387424954562803,3.042781404474993,5.929167272290482,131.30034384593807,-48.925484453247506
481791500,0.4861516631716833,-0.13830341875428745,3.0440123086840365,5.9265792411813445,131.46415892892736,-48.841480574115934
481802000,0.4873755855309827,-0.1364518052337507,3.049539172478398,5.914987621311909,132.16743358148793,-48.48983869162898
481812500,0.4862337053381205,-0.13820488140730075,3.044437247435431,5.9256863331915035,131.50669059059328,-48.825917364263105
481823000,0.4866917969666285,-0.13880025420212047,3.04938008012332,5.915320631233733,131.540835015909,-49.08924871912713
481833500,0.4862513331859823,-0.1380695692589094,3.044273508424118,5.92603035879359,131.5360549524942,-48.787678745113375
481844000,0.4864364668993035,-0.13814971133005047,3.0459096607562937,5.922594566045874,131.578462928451,-48.84500284875417
481854500,0.4872299418024093,-0.1376982199699183,3.051157613281249,5.911602134562647,131.90177202192984,-48.84752886086381
481865000,0.4856748190098613,-0.13735411187607266,3.038151379687727,5.938923164694158,131.48604566706507,-48.46710902334381
481875500,0.4870586625558858,-0.14045845672533008,3.0560300972815755,5.901434023190021,131.35555935136878,-49.66049745957076
481886000,0.48698393216539015,-0.13897690410576782,3.0520824572742447,5.909669333507285,131.59856582920204,-49.19535283859064
481896500,0.48652279667879333,-0.13647005749743027,3.0428576375879404,5.929006920577487,131.90162286640614,-48.345135423520524
481907000,0.48527980402028364,-0.13912762508940255,3.0390141189566364,5.937102765857121,131.05247573377645,-48.93804665552631
481917500,0.4871938829119836,-0.13925422661418058,3.0543663494754316,5.904901918964112,131.6131007070852,-49.3176485990078
481928000,0.4868989617346872,-0.13696088599626155,3.0469060511063715,5.920504249871572,131.9307492690271,-48.56235858358458
481938500,0.48713888409491357,-0.13847181675394124,3.0521700493225037,5.90948634578978,131.73612907815746,-49.06851227913816
481949000,0.48738573457190065,-0.13664855836317705,3.0500545971351793,5.913909008868257,132.13578318538845,-48.552281661233735
481959500,0.48824676187842514,-0.14093883609526947,3.0665425893586806,5.879619299875483,131.63049384012027,-50.021745822650125
481970000,0.48733542917133765,-0.1402134547344446,3.057660576146897,5.898039573086912,131.4839651796784,-49.63575636915396
481980500,0.48838687807507863,-0.13906907671612254,3.063397895540453,5.886127361394097,132.01160052576574,-49.47524633751772
481991000,0.4895370459559427,-0.1375965453130265,3.069233617444423,5.874061964474507,132.63090881936944,-49.228610855773674
482001500,0.4871132695166683,-0.13904855030288774,3.0532652809681258,5.907199300655311,131.6252836995791,-49.24037003838595
482012000,0.48967284500550173,-0.13732701882377332,3.0697129505601506,5.873073220808648,132.72138606563124,-49.16960224076535
482022500,0.4889101937631972,-0.13715597732643728,3.0632596186281975,5.886413873900035,132.51606950268854,-48.97998274460321
482033000,0.4870371184428903,-0.13755141657058118,3.0493082433276677,5.915471011782721,131.86863994900781,-48.768224669226626
482043500,0.491397276238444,-0.1370297100181425,3.0828449537503855,5.846118909178228,133.31073198303085,-49.38828534198825
482054000,0.49038140700984667,-0.136962514984394,3.0745558276078184,5.863102924284256,133.00674553026232,-49.183967130920664
482064500,0.4903697114669062,-0.1339065022671721,3.0677203388395653,5.877185746159949,133.5487048442483,-48.22783420527957
482075000,0.48652879377349323,-0.13386331994819714,3.0372103059416773,5.940910173648063,132.35871540107266,-47.541405962124315
482085500,0.4853829536549862,-0.13740242971427397,3.0359700326819055,5.943531031130313,131.38832144332648,-48.43056844914069
482096000,0.4886919304223318,-0.13848776812739141,3.06450936955729,5.883825416329957,132.20994131657196,-49.35155458117011
482106500,0.48837278443260773,-0.14174418624469023,3.069396944181923,5.873725023687472,131.52218474745018,-50.2899642151591
482117000,0.4789280610314952,-0.14796670093208483,3.0101427170813615,5.998658724992701,127.591678308311,-50.42999399332685
482127500,0.4883131029508446,-0.13401742339998476,3.0516158203714525,5.9106443785832745,132.886305869072,-47.90029142637981
482138000,0.4894074888983547,-0.13802491093325078,3.0691622847943494,5.874209135326676,132.51378425177958,-49.337677830585115
482148500,0.49236988027222134,-0.13617495883129482,3.088758031778957,5.834065547426423,133.76951155347237,-49.29732239619872
482159000,0.4853655098513811,-0.1377081232418296,3.036512272501094,5.942384912960941,131.32924382958154,-48.52086351503699
482169500,0.500119139529891,-0.1471470451572188,3.178130346131321,5.657962378141414,134.0957178804742,-54.19119445127982
482180000,0.494188520462395,-0.13069425859264516,3.091471623369441,5.828551338099864,135.32900160782813,-47.88629250366683
482190500,0.4885138210865398,-0.14109849811326372,3.0690318190593406,5.874478327146187,131.68288133625433,-50.119011512475474
482201000,0.4841856291182594,-0.13143815215141968,3.013717210242387,5.990965777436501,132.04755633405622,-46.38877037746537
482211500,0.49164634459116013,-0.14048810563585504,3.0926978481592724,5.826063108068448,132.7556160575711,-50.506158500213566
482222000,0.48648029002185716,-0.14476795541023663,3.061438394515726,5.890190190087637,130.39740489056004,-50.856399393960125
482232500,0.48703038750698713,-0.14153401384951556,3.0582681125816893,5.896775795747928,131.15271928336378,-49.98204738741371
482243000,0.5000699539452136,-0.13821209528812345,3.1564349921796473,5.699692439012197,135.82505705354794,-51.37372857480017
482253500,0.4922600505779331,-0.1387609803880642,3.093693265286051,5.824044847999964,133.2635860031506,-50.0843687643151
482264000,0.47929256240257573,-0.1349202934668169,2.9834330749909026,6.056799479228462,129.96403518764566,-46.630408340281825
482274500,0.4967100880946277,-0.14370324135686216,3.1414711054896194,5.7288483355865925,133.71506438690733,-52.455750878326725
482285000,0.4911996758701564,-0.145982898684582,3.1020048455630116,5.807249124338977,131.59197181539605,-52.10162251527059
482295500,0.48536420707333305,-0.1549858222723742,3.0775435014050694,5.856969536729163,128.15443488158263,-53.652334254812935
482306000,0.49612278361579853,-0.12387162616633661,3.092935027840182,5.8255820822590625,137.15046040768772,-46.00849396374045
482316500,0.4926867133795818,-0.1407427906662413,3.1016814404979556,5.807900770394281,133.0297575112336,-50.77753633992773
482327000,0.47913570641364045,-0.13487052802061292,2.9821285984823755,6.059669066721671,129.92500063867857,-46.58906386760083
482337500,0.4978468555363908,-0.13876217493938078,3.1392733504113406,5.733156526782547,135.0145937668128,-51.125891990644426
482348000,0.49106114415212465,-0.13161923234303163,3.068300309124939,5.875988136468294,134.16967148770618,-47.62904326040643
482358500,0.4814236900824316,-0.13277271302241844,2.9951818034403885,6.03108143370169,130.97237533817216,-46.33492274180436
482369000,0.4825092038128681,-0.1368406409323372,3.012342985680929,5.99392092623371,130.61113715465396,-47.759194849184986
482379500,0.48506736048532934,-0.14016529805306013,3.039690134228102,5.935677168497105,130.803772029868,-49.2150092089122
482390000,0.4983111780630529,-0.13471000715403145,3.1339262050967664,5.743666461305591,135.92191112450004,-49.92246365182191
482400500,0.4838328830737697,-0.13196326238197228,3.0120867519265393,5.994472269540692,131.8496455181433,-46.491672364725765
482411000,0.5090798695010411,-0.12472864031663575,3.2028899272810194,5.6111043792477755,141.34724720069912,-48.61581444504443
482421500,0.4882702401491789,-0.13966121297727127,3.0638135502396744,5.885266290889229,131.86907931803037,-49.63568315436702
482432000,0.49763475089932163,-0.13755607376160217,3.1347639019215907,5.74201731255598,135.17475335499654,-50.703969028282856
482442500,0.48672562026433747,-0.12873476216529334,3.0278929950243536,5.960657790779351,133.29707275230632,-45.97288701320916
482453000,0.4898302394706588,-0.1550648831767243,3.113437538051649,5.784309801384936,129.43613054383772,-54.539184352270915
482463500,0.48122086839965283,-0.13525511495637738,2.998939902917149,6.022902800341374,130.49153959617416,-47.057413164299575
482474000,0.4992388758728502,-0.1361266411107942,3.144776161275053,5.722382150495704,135.95458302069756,-50.549796232461695
482484500,0.4887348878767888,-0.1330214128003847,3.0528003202087652,5.908169999698096,133.19220934558473,-47.66311239187564
482495000,0.489561151237908,-0.11481269727237867,3.022882056496987,5.971334758737488,136.47545778902085,-41.94381038156021
482505500,0.4898110892271507,-0.13253638924094668,3.0603008039424635,5.892551542191269,133.61457072525513,-47.69921827404568
482516000,0.5035613525891995,-0.14425768988296936,3.2000665086840168,5.616407153898384,135.7500761860043,-53.97621040572429
482526500,0.48385566416365494,-0.14889690480569034,3.050612894170306,5.912741139523452,128.85952151972234,-51.59725158304859
482537000,0.4740458640955557,-0.14274297195336175,2.960950884121898,6.1066548226686335,127.08696157898046,-48.06107123106066
482547500,0.505083680586909,-0.13264338541991616,3.185943690704897,5.643088229212543,138.51338752656747,-50.523801575493366
482558000,0.5008810398992392,-0.12990999095970304,3.144680751655156,5.72256860293587,137.64128716650367,-48.839014079021304
482568500,0.4975062785720446,-0.12536020445758606,3.107258491962148,5.796684471039262,137.34727545340422,-46.73867902004765
482579000,0.4830332066052598,-0.12212377374939246,2.985907184007696,6.051364692260374,133.21183770726557,-43.28038338680683
482589500,0.4816913734120955,-0.14420950678397648,3.0226478018659275,5.971834865144412,129.07277602896596,-49.82359039550917
482600000,0.4951960000845256,-0.1451059939052559,3.132387170609988,5.7466988722896755,132.97768075847128,-52.5969648286907
482610500,0.49458645689429537,-0.13937659483510284,3.113954753546461,5.78327646655469,133.8745448864789,-50.70661103707657
482621000,0.5104903607541466,-0.13376415839377162,3.234817270296974,5.551853133607205,140.09157572534323,-51.94471692900752
482631500,0.4799229019680816,-0.13514244863938202,2.988731657876807,6.045172658910064,130.11722967084418,-46.80360575763314
482642000,0.4809917234623081,-0.1348939607137954,2.996396972135276,6.028434374827746,130.4832029938046,-46.90887447221308
482652500,0.49052716978391364,-0.13406020761235643,3.069312705657432,5.87389880158174,133.57085542285802,-48.30394386120333
482663000,0.4918199766561646,-0.135086528915265,3.0819206133478168,5.848007778718371,133.79336341127265,-48.85671683338096
482673500,0.48868305876970647,-0.1263642721907318,3.038416955835704,5.938362669667116,134.31618022430482,-45.55096475187966
482684000,0.4990421867036424,-0.14361453460201054,3.160563697396299,5.691702014427489,134.45787006979378,-52.880363297338306
482694500,0.49233032244387326,-0.14249648040383897,3.1028772817030754,5.805491962429548,132.59282565849637,-51.25150497185434
482705000,0.5167858750710412,-0.11955557954970229,3.2592602739393617,5.5073582750775785,145.00998509953075,-48.248862323676626
482715500,0.49215047879620916,-0.1379424215023762,3.090955239199284,5.8295998339862445,133.37939644544647,-49.809632466264326
482726000,0.4911009243358786,-0.13980592899191477,3.0867467258179535,5.838159652040719,132.71284915195386,-50.1952957590122
482736500,0.4833957752364596,-0.13286391599414166,3.0106084327753697,5.997655258365162,131.56230994427244,-46.695474678279524
482747000,0.4952833544281933,-0.1330250920641781,3.105397884368971,5.800421439613078,135.26160256461793,-48.828272166841536
482757500,0.4836455038473204,-0.13956881315453165,3.027232110216504,5.962063687837553,130.47952974564427,-48.7829852416728
482768000,0.5041657971535146,-0.14862223389876775,3.2159899049049914,5.58663569389516,135.0541058834323,-55.4684498379593
482778500,0.49647918681630177,-0.13827672836496008,3.1269075803838087,5.7575224824827,134.67414220579172,-50.71515522141085
482789000,0.4857270703715028,-0.14325361052098184,3.0519564491476046,5.909932596529471,130.44775437138506,-50.26473460848443
482799500,0.4942645865596425,-0.13802713621913706,3.1082556689309175,5.794683728313679,134.0243737016258,-50.224596936499104
482810000,0.4924621474113858,-0.1386411174016505,3.0950513448599857,5.821293608933654,133.34843191941812,-50.084208193536455
482820500,0.48873806698505723,-0.14355557266751173,3.0765163914438918,5.859076585556635,131.30050801251716,-50.90677903431353
482831000,0.4909497014605291,-0.1365827857491903,3.078256971136287,5.855506825572502,133.251981415065,-49.1681591927948
482841500,0.4869856252549507,-0.14205648421301514,3.0591171127614167,5.895010674964743,131.04443358337628,-50.1321931456061
482852000,0.4903401654887866,-0.13379039992074518,3.0672316494707403,5.878195258712515,133.5599836575213,-48.18618607946217
482862500,0.4943957168204943,-0.13877856487234916,3.1110328311028197,5.789119150755605,133.92620812901708,-50.48417518546969
482873000,0.49486931975654,-0.14191752738401203,3.1221533685152947,5.766947576159396,133.48532677858773,-51.55058860236745
482883500,0.49202928135896795,-0.13636640555614066,3.086442502558399,5.838779431357387,133.62817890527245,-49.29558692501619
482894000,0.49763181502221976,-0.12821995446054643,3.1142526917211035,5.782681395358862,136.88308817756715,-47.698365008193726
482904500,0.49349597432096903,-0.12989473386122863,3.08417260061323,5.843408105448614,135.24831171679438,-47.507579266395396
482915000,0.4912465803030316,-0.13443575354198284,3.0758890396471394,5.860364330715647,133.72982386913824,-48.54976175825118
482925500,0.4889270478141048,-0.13740537315869447,3.06395023473726,5.884983192339054,132.4766559474081,-49.06006646597936
482936000,0.49389794832608275,-0.13565908495510437,3.099956741981177,5.811378519676737,134.3436738731835,-49.412749923035086
482946500,0.49551935689423154,-0.13387157588203086,3.1091771598305136,5.79283611526912,135.18330165780532,-49.14119254873037
482957000,0.49377416757514386,-0.13568640502263776,3.099014603986014,5.813280108192613,134.29966557842843,-49.39882058058219
482967500,0.4925267755215859,-0.13699208418947573,3.091849659534474,5.827783999893493,133.67019411384564,-49.581655704106126
482978000,0.4931669561778161,-0.1369566639449285,3.0969402136774993,5.817471559959433,133.8770910190479,-49.68735418660269
482988500,0.49232452804211274,-0.13510634892042228,3.0860218922237457,5.839636545299221,133.94831259974518,-48.95368454492845
482999000,0.4924854806997532,-0.13552008650401506,3.088233838354586,5.835131992938143,133.9242674048775,-49.112747874215295
483009500,0.49385913801765935,-0.1350561772939497,3.098303403742887,5.814716432597441,134.44106845336037,-49.21536179426601
483020000,0.4934354496363482,-0.13554131624927682,3.0959501021980222,5.819474360785208,134.2192970028885,-49.29149893407073
483030500,0.4966323673527517,-0.1378023348608195,3.1270823610750234,5.757176593003082,134.81128028747446,-50.59408726440398
483041000,0.4948956240257711,-0.13663200086479294,3.110237812953213,5.790710989985694,134.48017200903502,-49.90234933692529
483051500,0.49499871360272746,-0.13601549520181896,3.109694572021216,5.791799225879309,134.62608200092248,-49.72662178680488
483062000,0.49459149916651324,-0.13705586095188035,3.1087168657729616,5.793758864017436,134.30628726000535,-49.97988129920063
483072500,0.4951803297465688,-0.132755288255241,3.1039705719523076,5.803291537287812,135.2774532186539,-48.72346138352985
483083000,0.4954375587428424,-0.13634687553229755,3.1140144237378293,5.783157277258303,134.7038680108993,-49.91214811643245
483093500,0.4934289965609911,-0.13440039479937982,3.0933744065312174,5.824691192832549,134.4238174375315,-48.93022637644376
483104000,0.49539610647028803,-0.13812194555758536,3.1176897381619866,5.7758257587615836,134.3620032545562,-50.46421342151971
483114500,0.49595936297547594,-0.13548278149809798,3.1163407347693926,5.778514511790725,135.0284214123826,-49.73441295752536
483125000,0.4940572255078855,-0.13783599961941334,3.1061376481339997,5.798935050515382,133.99467715369286,-50.12640070922835
483135500,0.494662916647273,-0.13531327780742944,3.105396306566325,5.800424610697416,134.64844065205466,-49.44300857734646
483146000,0.49629802363474546,-0.13859811339811423,3.126156908314855,5.759008545931209,134.55684108437478,-50.782468978166946
483156500,0.4965801241709872,-0.1378269010097603,3.12670961876031,5.7579142988515395,134.79018211194048,-50.592079018684984
483167000,0.4956374898712004,-0.13425164054772834,3.1109786042106786,5.789227698680897,135.15167765890808,-49.28383053198156
483177500,0.49481990100610707,-0.13691816510103685,3.1102652565121707,5.790656025507559,134.40358266505825,-49.978612037253605
483188000,0.4931059042377599,-0.13294631750647934,3.087583671276147,5.836455287644091,134.58263686292875,-48.411654528468716
483198500,0.49333757476750906,-0.1358487393183575,3.0958423315661436,5.8196924458950985,134.13261653297067,-49.370512944425315
483209000,0.493900739026442,-0.13212398803714914,3.092220032735453,5.827032419188395,134.982390701095,-48.29212974755097
483219500,0.4949562284232468,-0.13648027775133842,3.1103904314026782,5.790405336592438,134.52722316337056,-49.865631629104605
483230000,0.49461790866644284,-0.13469671842326658,3.103663048512612,5.803910303570708,134.74655945187484,-49.2394877556757
483240500,0.49552490302494984,-0.13649125528891232,3.115051655336054,5.781086253756124,134.70485030426488,-49.97391749790691
483251000,0.49176582030600136,-0.13610455907675284,3.083740780380612,5.844289514437973,133.59308223138365,-49.16602720755493
483261500,0.4947924484043473,-0.1356559609753593,3.1072126951797987,5.79677639242443,134.6267734242678,-49.57511480488429
483272000,0.4958935220986616,-0.13459215592621057,3.1138216508909418,5.783542353198933,135.17097417051383,-49.43908027590125
483282500,0.49387249640131237,-0.13790067074940607,3.104784685983712,5.801654123043567,133.9248776192916,-50.11259773646591
483293000,0.4958023631001204,-0.13939112807113052,3.1239166424690676,5.763448205369724,134.2523606274977,-50.9386449241444
483303500,0.49623437472336795,-0.13329528537132485,3.1137455210821803,5.783694441945037,135.51661853526534,-49.08729251862369
483314000,0.49735613790844957,-0.13721351925781453,3.131691036067375,5.748071579469475,135.150589679531,-50.54307019064087
483324500,0.49543223817587895,-0.13744350096911337,3.1164440958567416,5.778308406848258,134.49940595447418,-50.257361250011485
483335000,0.4927768990345441,-0.13591598042535938,3.09146296944687,5.828568906294954,133.94414969120834,-49.2898478030722
483345500,0.4964317619866253,-0.13304270344928817,3.114805085462028,5.781578436489715,135.62583560134834,-49.0423365378747
483356000,0.49635035970034375,-0.1362819441864155,3.1213301128089603,5.768582907520479,135.00497458658612,-50.060271274724776
483366500,0.4965933845809881,-0.13682340257871156,3.1245421401443996,5.762207908117003,134.98152308317304,-50.27705363260975
483377000,0.4970767001232053,-0.13322002019123513,3.120475292716312,5.770281956617028,135.80034681079928,-49.21690038965575
483387500,0.49445487973048746,-0.13400436183144873,3.1008119910776304,5.809653422393662,134.8204972502127,-48.990192555280345
483398000,0.4942187183228946,-0.13310360291453294,3.0969232935871096,5.817505773967671,134.90802688622122,-48.66120095382613
483408500,0.4937424685428444,-0.13493427063721583,3.0970886757943266,5.817171373544334,134.42632234074117,-49.15567620243497
483419000,0.4944427659782843,-0.13619740031657715,3.1055795029129616,5.800056444778184,134.41715960551278,-49.68208547275825
483429500,0.49340416054507896,-0.13592826491940224,3.0965580555600227,5.818244421240709,134.13910430787848,-49.40764807566091
483440000,0.49854009924011816,-0.13631566762590816,3.139420538781727,5.732867788246719,135.69563226072887,-50.47905933949706
483450500,0.49757132720088726,-0.13523068075999198,3.1289944162560515,5.753395463162986,135.58847934056843,-49.95187926400744
483461000,0.49770733482513857,-0.13469246649009417,3.1289124922038223,5.75355736417928,135.73165899045165,-49.804938413767296
483471500,0.497588223404442,-0.13633738245672816,3.1316186101755967,5.748214435060223,135.38805401571616,-50.307980825051274
483482000,0.4971256107762448,-0.13602978650030484,3.127121885928391,5.75709837963045,135.29805951443248,-50.1239594117678
483492500,0.4970593604642551,-0.13580579398521042,3.126074773071284,5.759171192727123,135.3185472948736,-50.04036356814905
483503000,0.4956757333889598,-0.13474792784019116,3.1123892319666098,5.786405366534147,135.07314577084077,-49.44878631176402
483513500,0.497593151456442,-0.13528603347849824,3.129297730843544,5.752796125049153,135.58518627879133,-49.97360962894825
483524000,0.49972565905880995,-0.13507325387881827,3.1464414391650357,5.719129838521137,136.30859198231533,-50.30301513623055
483534500,0.4964647052652386,-0.13465483792780536,3.118630728362692,5.7739517683462624,135.34151082801796,-49.56381680252936
483545000,0.49708582233010834,-0.13477296266711492,3.123984306583997,5.763314007728843,135.51802586126604,-49.71586621264212
483555500,0.4977214764938201,-0.1357276692391575,3.1313435586539837,5.748757024208826,135.54411487572918,-50.13845719966435
483566000,0.49748725082553563,-0.13486058566970824,3.127476895663862,5.756395970774911,135.63014162787061,-49.818018864222005
483576500,0.4971525211098895,-0.1354373646670842,3.1260143732110532,5.759290804507746,135.41651182818453,-49.94023989779308
483587000,0.49701782609043893,-0.13534918835321452,3.124711314676342,5.761872547550615,135.38988701792744,-49.8871968796301
483597500,0.49708531806647993,-0.1348893395943141,3.12423925207197,5.762808434768292,135.49639072051878,-49.75294327304447
483608000,0.4969522591798278,-0.1346599453433483,3.1226371092467433,5.765987112201419,135.4961937740867,-49.655142619847354
483618500,0.4971584600153556,-0.13509800618035905,3.1253048990265535,5.760696184561188,135.4811974864837,-49.83307458078063
483629000,0.49871121710050503,-0.13510357853591548,3.1381084263919035,5.735442814650046,135.97700564262055,-50.123122329569085
483639500,0.4990335609045409,-0.13497079777964888,3.1404767650851038,5.730796679085016,136.10523968118576,-50.14062961202883
483650000,0.4979540890157123,-0.13440207943788743,3.1302976215741785,5.750821294964078,135.86444309294447,-49.757536310336455
483660500,0.4984761402300901,-0.13484361771995335,3.1355855698315307,5.740400672443914,135.95000207150187,-49.99596829921055
483671000,0.497983832011909,-0.1357789819953769,3.1336200901991464,5.744269345480846,135.61831201871524,-50.203692734850854
483681500,0.49853867270640584,-0.1347727467324538,3.135943598595359,5.739696542144387,135.98324244182362,-49.984856390365636
483692000,0.5002516672888833,-0.13522767748988537,3.1511583623484034,5.709938368955955,136.448963891255,-50.45151470667239
483702500,0.49921148807913784,-0.13465990851463341,3.141254405503855,5.72927282774098,136.2204360994218,-50.073886065233886
483713000,0.4983524951000314,-0.13566704375920172,3.136409462214488,5.7387806024161145,135.7570058404978,-50.236677335744645
483723500,0.49819896778165534,-0.13549033591869397,3.134745887463539,5.742052766758077,135.7408535770292,-50.15153223922888
483734000,0.49761686437850156,-0.1355095483181523,3.1299932388223337,5.75142231609861,135.55127206748952,-50.04938917111236
483744500,0.4989063983111537,-0.1348040027622232,3.139051908838791,5.7335909841505135,136.0954949896719,-50.063336542465805
483755000,0.4985439129001958,-0.13472330047663647,3.1358765189200413,5.739828453203623,135.99411652080468,-49.96996126189549
483765500,0.49732878963554855,-0.13528129311549636,3.1271134384738333,5.7571150956088974,135.50165016300568,-49.923096035110675
483776000,0.4980231632011425,-0.13531120619363485,3.1328948979649693,5.745698113474972,135.7179634557628,-50.06151639840337
483786500,0.4985881024846234,-0.1351101998313393,3.137106075042666,5.737411548996106,135.93629047076504,-50.10230009676348
483797000,0.49827891579646216,-0.13614389992336998,3.1368756184619615,5.737864390470095,135.64439977799566,-50.375304886442144
483807500,0.49862783014004786,-0.13488104395845563,3.136921750688294,5.737773735858788,135.99170715221715,-50.03619493940772
483818000,0.500051630246687,-0.13384277498778996,3.1463999488756538,5.71921082314258,136.6438251488056,-49.967014603084344
483828500,0.4996087777048421,-0.13507731670501213,3.1454808234932248,5.721005467376124,136.27022483199937,-50.282421096316796
483839000,0.4988617935026329,-0.13622071295774024,3.1418661731945896,5.728074607775637,135.8162443213575,-50.50906307363726
483849500,0.4996747263673816,-0.13398859567259785,3.1435966103300794,5.7246881500083475,136.49485640652472,-49.94387696756949
483860000,0.50067568881941,-0.1350464429232252,3.154280710576611,5.703870925708624,136.6198240503053,-50.47289477526959
483870500,0.49984949212212587,-0.13437483558007615,3.145906689051168,5.7201737957826655,136.47920118027542,-50.101142762054536
483881000,0.4999743635725629,-0.13582118111536148,3.1501899964859814,5.711822844571683,136.24799512396282,-50.5902514495888
483891500,0.4998612313391545,-0.13502360167582667,3.147455441757677,5.717151351836206,136.3615414370545,-50.31244949489929
483902000,0.49889102459447104,-0.13479424645360896,3.1389029849356813,5.733883203821573,136.0923739770494,-50.05733792874068
483912500,0.4987960824841199,-0.13510576989175616,3.1388147913910687,5.734056272448482,136.0038212026656,-50.13965092481239
483923000,0.500224592183388,-0.13448594293982247,3.1492704973141867,5.713613416713995,136.57948638500616,-50.207188603651176
483933500,0.4989734886898716,-0.13494125409440214,3.1399136598928106,5.731900655084631,136.09145711272242,-50.11993184428878
483944000,0.499334537988026,-0.1342877328284612,3.141443265812885,5.7289028668950825,136.32941529676935,-49.976993897089585
483954500,0.4997990896961992,-0.1349349501700156,3.1467408041147764,5.7185455804608445,136.35814909094657,-50.272254694799464
483965000,0.49937870867646517,-0.1349440743702818,3.143274876024307,5.725317468652803,136.22116134158634,-50.19651117706648
483975500,0.49965824278910603,-0.13575226805949056,3.1474090502200314,5.717241838442425,136.15944081067764,-50.508609258619245
483986000,0.4999217296831836,-0.13543686466532498,3.1488863663764786,5.714361792420157,136.3034138308135,-50.45680195163525
483996500,0.4998646075258797,-0.13512886953426254,3.1477196759942587,5.7166360200284805,136.34288211208857,-50.34697280869968
484007000,0.4997343526391857,-0.13473123478559207,3.1457474383814605,5.720484766624745,136.37544080761694,-50.19451846472352
484017500,0.5002929320174838,-0.13518050149836935,3.15139555273726,5.709476984078097,136.47113558266062,-50.444076616335636
484028000,0.5000095120171286,-0.1347047200990935,3.147972488911048,5.716143053111786,136.46909339438182,-50.23748978537054
484038500,0.500219732574347,-0.13462459451126033,3.1495401502080993,5.71308819193246,136.55193135616415,-50.2510398089138
484049000,0.49975531971787274,-0.1341181207470744,3.144553174369441,5.722817938095376,136.49673222490082,-50.00071412527064
484059500,0.499466002813754,-0.13523214138868633,3.144644218781053,5.722639999944731,136.19531525210937,-50.30545645177242
484070000,0.49978678560035344,-0.13483882656187188,3.1464233545365023,5.719165137495877,136.37219206891515,-50.23899201163144
484080500,0.5000234628106576,-0.134319356662749,3.1472272933091103,5.717596383537953,136.54572198305246,-50.11575444281819
484091000,0.5004547738959417,-0.1341379658330585,3.150407900058425,5.711398683868007,136.71905642746523,-50.137831576897106
484101500,0.5004292847149928,-0.1341934242992725,3.150319543472844,5.711570666719262,136.70042713718175,-50.15099738458817
484112000,0.5002751641151633,-0.13403981060659814,3.1486955299306745,5.714733661359385,136.67932377740357,-50.07247870517586
484122500,0.4999726434419063,-0.1338074151221306,3.1456655814248933,5.720644623391223,136.62487648245843,-49.94085221955934
484133000,0.5001169612358738,-0.1346813459181717,3.1488129179688764,5.714504909993183,136.50812986860453,-50.25008653521749
484143500,0.5001315941532598,-0.1341148016281625,3.1476694604513304,5.716733947192757,136.6188895765885,-50.069888520431576
484154000,0.5010199263923204,-0.13344530149996806,3.1535729731470923,5.705245052104162,137.03189340230722,-50.01908638300511
484164500,0.5005148027544101,-0.13397481643150774,3.150543754539067,5.711134269034338,136.76902124080908,-50.09627006729216
484175000,0.5010905759714342,-0.13417860520921793,3.155795055820764,5.70093300996994,136.91730968894498,-50.27025487112479
484185500,0.5005459840343555,-0.1352490342341244,3.153655895178922,5.705084017168378,136.53980568848897,-50.51381660594112
484196000,0.5010420208415219,-0.13415111745766045,3.1553286929585163,5.701837446339397,136.90673764890127,-50.252223159662115
484206500,0.5008207489385881,-0.13458454459518984,3.154453231124104,5.703536067775849,136.7536345396925,-50.35095670057986
484217000,0.5004139314026936,-0.1336424260154266,3.148965469268182,5.714207665131493,136.79848032187016,-49.969772288290464
484227500,0.5007186390176557,-0.13439060641506326,3.1531685097904596,5.706030656635191,136.75704913804725,-50.26903675428306
484238000,0.5011583082466944,-0.13469983407201863,3.157526951268631,5.697576874193103,136.8411363297328,-50.45181763574123
484248500,0.5015971559012347,-0.1357644510866931,3.1635937433648547,5.6858526072381945,136.78149286510546,-50.879097405309025
484259000,0.5013075216127726,-0.13390009164758743,3.1569838231215916,5.698628928963584,137.0400108251459,-50.220678427409446
484269500,0.500963456543876,-0.13328362249228357,3.152743653067591,5.706856113323897,137.0437820721734,-49.956006561327875
484280000,0.5015363161194459,-0.13341573172880133,3.157816230975815,5.697016695291742,137.20529667981543,-50.10622127093596
484290500,0.5015648801161359,-0.1340683021673502,3.1595088146693686,5.693741357738116,137.09192807593865,-50.32369539329708
484301000,0.5020673527929603,-0.13484737232385546,3.165460262236862,5.6822555442262965,137.10779798860486,-50.671501540599166
484311500,0.5018362636201932,-0.13445699016578322,3.1626483016913625,5.687676415598687,137.10670900784913,-50.501076444953796
484322000,0.5022154755953567,-0.13443145060448072,3.1657669886121416,5.681664887075827,137.23470562471536,-50.56451505947747
484332500,0.5018875021699,-0.13449790911924106,3.1631689189008276,5.6866719668545915,137.11560568287217,-50.52404394099487
484343000,0.5020218146290185,-0.13395394745991396,3.163075605059109,5.686851974163833,137.26198662940232,-50.37265296974153
484353500,0.5019456429150506,-0.13443067403289938,3.1635048524512586,5.686024031057125,137.14719397494008,-50.513208190097004
484364000,0.5017645132733323,-0.13427736101169435,3.1616455235040677,5.689612153660822,137.1173392981568,-50.42921106555028
484374500,0.5022019508359256,-0.13340939403693183,3.1633700097386814,5.686284092160906,137.42328391834914,-50.229258186018825
484385000,0.5013522150039015,-0.13405322229882025,3.1576986136357736,5.697244442933953,137.02573311541136,-50.27877979467255
484395500,0.5016778908896045,-0.13479382224837344,3.162079381875884,5.68877447682585,136.99165838968491,-50.580377434796716
484406000,0.5021204995797376,-0.13381179850735556,3.1635845737341053,5.685870290137933,137.32091511028491,-50.345010244030505
484416500,0.501521413099685,-0.13362649980399738,3.1581604720876886,5.696350234391141,137.16088770699486,-50.17197324364932
484427000,0.5021668352246066,-0.13386169008165671,3.1640840824230065,5.684907193414124,137.32658665944314,-50.36999392913973
484437500,0.5023699051484114,-0.1337543539495712,3.1655462760025417,5.682089896323862,137.4129878452394,-50.37336642285434
484448000,0.502585272803831,-0.13397351636962113,3.167842555883542,5.677671345228317,137.44173749064174,-50.48549492614647
484458500,0.5023841169409364,-0.13407775330581678,3.166388271952212,5.68046888305311,137.35649854893853,-50.481383830155174
484469000,0.5024242229769851,-0.1346617366852142,3.1680347901643344,5.677301766618482,137.2588895296799,-50.67892859391546
484479500,0.5025227106566689,-0.13362506051615552,3.1665392275568123,5.680178364073157,137.48721738553576,-50.36006930530982
484490000,0.5022749784871507,-0.1338828172868024,3.1650374255423626,5.683070001312601,137.35780819222728,-50.39728789445272
484500500,0.5028010375019516,-0.13409930307483708,3.1699358294245554,5.673649617824781,137.48822676828172,-50.56736325040557
484511000,0.5025543557723195,-0.13351609473201653,3.1665617340135923,5.680135052299295,137.51811331317788,-50.330496349932865
484521500,0.5025292648848932,-0.13369409522900455,3.1667482410847523,5.679776161517614,137.47631582583162,-50.383820900343316
484532000,0.5021203771193289,-0.1336119244584045,3.1631377896888915,5.686732015430279,137.35855357796612,-50.27989850730442
484542500,0.5025167502754061,-0.13411128603388325,3.1675759060210105,5.678184073457358,137.39333691564042,-50.51740218761156
484553000,0.5033216092368151,-0.13450900670871685,3.1752341357863796,5.663496491467708,137.58005049592128,-50.799887290863644
484563500,0.5027343792630048,-0.13402344724590082,3.1692060658554757,5.675051015085385,137.48087718442906,-50.53000329220863
484574000,0.5022254164475485,-0.13458883117468984,3.166203640177323,5.680824254754545,137.2081223416459,-50.6175349342952
484584500,0.5022958397124938,-0.13409842076665018,3.1656943750153,5.681804706211829,137.32385692060862,-50.47141532926046
484595000,0.502116856992205,-0.13425391679286397,3.1645426190843056,5.684023391718843,137.23624096300603,-50.48814981563351
484605500,0.5025702080705367,-0.1340739033432423,3.167940794701506,5.6774824706836515,137.4178256334694,-50.51534879186648
484616000,0.501917152545363,-0.13370182650085885,3.161636937305469,5.689628734136248,137.27545063595196,-50.27089356069151
484626500,0.5030420441316554,-0.1338711427431272,3.1714504480838244,5.670743314318009,137.6101054710721,-50.53863996539927
484637000,0.5028926610872048,-0.13406467084546553,3.1706280672344254,5.67232094500882,137.52466509694867,-50.57344869744284
484647500,0.5030483445332321,-0.1332293078365464,3.1700709870831014,5.673390147236493,137.7336651450122,-50.33009949709389
484658000,0.5030384705722355,-0.13354346797888897,3.17068819344633,5.672205569899792,137.6710195739228,-50.430943461345954
484668500,0.5035357625499801,-0.13432738332999355,3.1766296607731213,5.66082850735028,137.684537855238,-50.78144800738302
484679000,0.5031366483154095,-0.13350835047531268,3.1714352843138918,5.670772395816623,137.70975652478566,-50.43805279012676
484689500,0.5037436171447968,-0.13383016319696753,3.1772659854780065,5.659612836445528,137.84717739686556,-50.65852909028965
484700000,0.5038313383768339,-0.13392797548566013,3.178225058214303,5.6577815901932125,137.85725431744677,-50.70723666570188
484710500,0.503473406859047,-0.1337441625968379,3.1747963026988093,5.664334083467837,137.77514128529904,-50.57902109298701
484721000,0.5037865910599372,-0.1338093490311139,3.177581756965286,5.659009769267359,137.8652016267879,-50.65989729897819
484731500,0.5042021901955275,-0.13311931567627758,3.1795470111579225,5.655259472899305,138.1327010865617,-50.512720971577906
484742000,0.5036724687324748,-0.13315467468013192,3.175157243081471,5.663643571688095,137.95217281403526,-50.42378036649183
484752500,0.5039866524165124,-0.13373457313257509,3.1791021896375544,5.656107875655925,137.94494223911178,-50.67350857638662
484763000,0.5034493361799739,-0.13385533182749937,3.1748424026997593,5.6642458802640805,137.74615000608873,-50.61079370041705
484773500,0.5040427502785718,-0.13418740205541085,3.180591895681836,5.653267613007261,137.8769327173101,-50.8324407428978
484784000,0.5038573122254947,-0.13427828401262787,3.1792308667678775,5.655862424222136,137.79894118923795,-50.82674840053362
484794500,0.5042361436730035,-0.13372988904171446,3.1811985825129523,5.652111754201867,138.02759008677043,-50.71952793287067
484805000,0.5042530126525907,-0.13332481725424886,3.1804348728452383,5.653566852387478,138.11030275040494,-50.589862123082916
484815500,0.5041151965187778,-0.1329979353353469,3.178542039999957,5.657176617238413,138.12718528084466,-50.4563298716817
484826000,0.504701205255126,-0.13340861194371303,3.1844120328029772,5.645997642372945,138.2415402021659,-50.70281384684817
484836500,0.5042355282986278,-0.13399903759746964,3.1817971481222953,5.650971847265035,137.9760152874492,-50.80760437205754
484847000,0.504207771031096,-0.1326802574854022,3.178616930985193,5.657033704227486,138.21788406869194,-50.36948113028597
484857500,0.5046491148226379,-0.133474277086585,3.184118124151982,5.646556282516915,138.21188925726466,-50.71444628330274
484868000,0.5035388082051251,-0.13329530539558015,3.174344637265627,5.665198406084002,137.88171700189417,-50.44452871627655
484878500,0.5039148374440051,-0.13381364947736896,3.178673270901469,5.656926196786928,137.90636207750822,-50.68572488653925
484889000,0.503975770205109,-0.13374929773765376,3.179043321564587,5.656220173769083,137.93857314093867,-50.67625866948351
484899500,0.5042105149641402,-0.13373241382985626,3.1809877115325302,5.6525134497923,138.01870735246837,-50.715467629565175
484910000,0.5041648528570541,-0.13340455534637458,3.179868384767758,5.654646684766732,138.06619487646967,-50.59925107718737
484920500,0.5039977292621627,-0.13349502812277325,3.1786596858942815,5.656952119217187,137.99417127116655,-50.597121548313446
484931000,0.5043519178356359,-0.13342197246913434,3.1814877055135153,5.651561089615776,138.12426811675786,-50.64058920967765
484941500,0.5041135017148348,-0.13280955944090972,3.178108539059631,5.658004005524617,138.16237179772463,-50.39411596853322
484952000,0.5046770734631825,-0.13311841043783276,3.183559322326179,5.647618727929369,138.2889543125026,-50.60279861529686
484962500,0.5043322686802991,-0.133907065459914,3.18240830284037,5.649808456562907,138.02527883645743,-50.795950049515284
484973000,0.5045867036179981,-0.1322666803881749,3.1809007045012785,5.65267920978738,138.42107805421068,-50.30513046661345
484983500,0.5039787466146128,-0.13258552984530006,3.176473928596976,5.6611261093035425,138.16052177799665,-50.29494664923315
484994000,0.5041085880153428,-0.13222220182165806,3.1767641328501792,5.660571559198491,138.27196300666606,-50.19996896174791
485004500,0.5046400447153189,-0.1325737541841117,3.18203316161632,5.650522514527474,138.38038815237923,-50.41645979976006
485015000,0.5046562422043861,-0.13315363525287752,3.1834616896293135,5.647804398656718,138.2753904215478,-50.6104140180322
485025500,0.5048547268970187,-0.1335964355454375,3.1861325255605535,5.642729748695294,138.25610407090952,-50.79386967774529
485036000,0.5047464650557668,-0.1332165754705481,3.1843657945608657,5.64608552107034,138.29306275044357,-50.64831492277912
485046500,0.5055974633398949,-0.13320127893540712,3.1915477445944584,5.63246961786878,138.57625794003664,-50.80596653923478
485057000,0.5052668915037816,-0.13285025607240275,3.1879576943677215,5.639267310698813,138.53436783159208,-50.62697162315958
485067500,0.5047711142734659,-0.13315979134364153,3.184447615256304,5.645930017602349,138.31200043521235,-50.6343377944706
485078000,0.5055233633636297,-0.1332914115973599,3.1911201393796205,5.633278390540451,138.5345547718099,-50.82148493679896
485088500,0.5052447954145579,-0.1332152570810798,3.188585409465817,5.638077519269375,138.45734078968812,-50.74306014254242
485099000,0.5048369947561875,-0.1333919876774922,3.1855244723568825,5.643884233906685,138.2893514229348,-50.723278150483274
485109500,0.5052856629807014,-0.13332835614780747,3.18918516833158,5.636941202243186,138.44916129365686,-50.78813168039672
485120000,0.5053509733391985,-0.13262467682078685,3.1881682673291847,5.638868126000237,138.6051594964548,-50.568578884727216
485130500,0.505425375480338,-0.13386399772210328,3.1915729837235243,5.632421888080838,138.39242250533698,-50.99121864897327
485141000,0.5052261603184948,-0.13382329862030604,3.1897905019549246,5.635794803675363,138.33472810593543,-50.939586005837995
485151500,0.5052491411830602,-0.13294744013440207,3.1880239505166674,5.639141702127809,138.5099581345394,-50.65562985329419
485162000,0.505280962008944,-0.13309978709754758,3.1886340614847235,5.637985324359322,138.491337209186,-50.711929248068024
485172500,0.5052690329954752,-0.13287107215099728,3.188022280436427,5.639144868198916,138.53110011097746,-50.634245835117625
485183000,0.5047267661633557,-0.1329761309925296,3.183662439604197,5.647422640745394,138.33241003085178,-50.56545259351023
485193500,0.5055579387764184,-0.13277625546287614,3.190262558834446,5.63490114332851,138.64455233406827,-50.65814427357532
485204000,0.5056540529355346,-0.13242520212338676,3.190296922381244,5.634836100460612,138.74336130850517,-50.56049901723339
485214500,0.5057717647184021,-0.13233561376942415,3.1910976395359745,5.633320953409763,138.799398840748,-50.55333253198895
485225000,0.5058549844565383,-0.13298288840681818,3.193247890217221,5.629256337534412,138.7031041857334,-50.78323782817646
485235500,0.5056441408884126,-0.13249623411745456,3.1903707731876128,5.634696321886815,138.72652464865348,-50.58209250105646
485246000,0.5055219611479091,-0.13327016195784375,3.191060652767734,5.6333909225860035,138.53816441343434,-50.814211617856806
485256500,0.5060045629076938,-0.13358354598067926,3.1958664605405818,5.624314646166364,138.63711533829184,-51.01021766269239
485267000,0.5057771710146627,-0.13330031859449842,3.1932967008510746,5.629164141310824,138.61654047432506,-50.873095014729834
485277500,0.5061624703661264,-0.1340426350058337,3.19824465916655,5.619834349782579,138.60067090767689,-51.192000152511355
485288000,0.5067734308093539,-0.13349420552596272,3.2022198773468733,5.61236188893401,138.90827523584105,-51.12895714695565
485298500,0.5066334437851905,-0.13330352939946763,3.2005966236696315,5.615410733328716,138.89877479044065,-51.03887375746094
485309000,0.506892312574809,-0.13354987316249559,3.203360413666269,5.610221746838545,138.9368372230019,-51.17034532276073
485319500,0.5064659502613761,-0.13367684272221625,3.200007070533976,5.616518898499292,138.77139616706,-51.12993571414454
485330000,0.5064233803509633,-0.13351761515895036,3.1992859293826,5.617875021121924,138.7880567169923,-51.06913516541538
485340500,0.5062402107084409,-0.1331711215702882,3.1969474487845115,5.622277252831882,138.79425008097627,-50.91937937145197
485351000,0.5064374693480594,-0.1327954189221479,3.1977873950315923,5.620695217649776,138.93170465333495,-50.83300151244269
485361500,0.5060342553111861,-0.13288754201949815,3.194559632282665,5.6267797325725235,138.78062144624272,-50.786098094126906
485372000,0.5056747426371037,-0.13336132756149552,3.1925627878681024,5.630550726562619,138.57105320134227,-50.87356071740954
485382500,0.5064227348969488,-0.13306821405529282,3.198272106505747,5.619782684756823,138.87439272436862,-50.92045338709494
485393000,0.5067491491401529,-0.132861230784288,3.2005926617726437,5.6154181788765225,139.02229166143232,-50.914730855558936
485403500,0.5066236622609681,-0.13309266866814845,3.2000402130073575,5.616456589591886,138.9361726423366,-50.96721812835584
485414000,0.5074683596554329,-0.1324857062404397,3.205899407779928,5.605463547719214,139.33338558137856,-50.92864142919649
485424500,0.5071589639691082,-0.1317133837306766,3.2015343731630073,5.613649005828282,139.3789218097972,-50.61213814442212
485435000,0.5077477072882751,-0.132236858934364,3.20773568537623,5.602027473166087,139.4743512457639,-50.89969803764699
485445500,0.5064994967312623,-0.1333073563653788,3.1994626824227383,5.617542570261237,138.85374013032077,-51.01432049153927
485456000,0.5073862974060609,-0.133149293864049,3.206683587123219,5.603995644403747,139.17795255421632,-51.13319151417039
485466500,0.5043086794522188,-0.131917028191068,3.1777782568039172,5.65863455679559,138.39556687711172,-50.13721700701953
485477000,0.5085691019488799,-0.13460399812700516,3.2201266290500654,5.578954732798495,139.28666704605104,-51.846032224622824
485487500,0.5084464571360534,-0.13378068654796485,3.21720202184859,5.584382802182159,139.40715791612547,-51.548849542381305
485498000,0.5101145781849453,-0.13272695963495168,3.2292147642730695,5.562156578126922,140.1698320339667,-51.52360632949574
485508500,0.5070118878237192,-0.1337231194115181,3.2047724551292642,5.60757448116836,138.94286199685914,-51.25078733688704
485519000,0.5044353560852556,-0.13248761260446218,3.1801114564455446,5.654183292329138,138.32931493908396,-50.349236221956254
485529500,0.508381211306682,-0.13528213341476353,3.220058448303941,5.579081151987712,139.0912120414469,-52.03353322386566
485540000,0.5070031630203562,-0.13229619455754246,3.201499506234154,5.6137144890213,139.2152409435023,-50.776099259532295
485550500,0.5042196869786327,-0.13225803192799043,3.177781046334437,5.658629230614184,138.3017726519058,-50.23277690822631
485561000,0.5101989810406932,-0.13107488373586207,3.22624925609517,5.567626399563197,140.52054970087767,-50.98490598160598
485571500,0.5057094243419336,-0.13353873187287496,3.1932554614467565,5.629242036372738,138.54842791430454,-50.93869719603566
485582000,0.510228489154384,-0.13276211779469166,3.2302801016513474,5.560194296333824,140.20111563488814,-51.5577210177104
485592500,0.511342249869384,-0.1317503197564178,3.2376710781003166,5.54661991443857,140.7742181105909,-51.435926741431174
485603000,0.5073661902144113,-0.13507642069959894,3.2108732231057617,5.596166530351551,138.79653757147472,-51.76656581230487
485613500,0.5129580117175828,-0.13372329371387126,3.2562403722553634,5.512815616444055,140.9281108284937,-52.42163192662653
485624000,0.5110113525907314,-0.13142595319622655,3.2340707798016664,5.553223708325094,140.7260858377368,-51.26163513900581
485634500,0.5090792796694912,-0.131302280810872,3.2170914931498733,5.584588157618365,140.0999751999835,-50.84438136781745
485645000,0.5074347922922532,-0.13036673012687677,3.2009189315195785,5.614805092281672,139.72839428302,-50.21522021420502
485655500,0.5085627414471156,-0.1313531130772255,3.212761624259628,5.592645094386215,139.91700617465324,-50.76169857532863
485666000,0.5100517154897851,-0.13461125686906572,3.23294598018132,5.555290189580585,139.77774748493232,-52.14064815078316
485676500,0.513513707306153,-0.13642363008719535,3.267362113551486,5.492772232434361,140.5694465703494,-53.44071575146296
485687000,0.5105653069825687,-0.13450901129117734,3.2371657776633733,5.547545774644202,139.96918424803405,-52.20832832968894
485697500,0.5073825150695264,-0.13208215776637425,3.204264911939828,5.608525714894829,139.3825438990462,-50.777846517164356
485708000,0.5152107221347593,-0.12932776390029524,3.266162939815702,5.494926114561109,142.57055616769088,-51.37225710079866
485718500,0.5093208020943176,-0.13407154507952018,3.225395172312365,5.569203804129344,139.64088233038981,-51.81684125351099
485729000,0.5053641509560337,-0.13318303286946753,3.1895259862328684,5.6362956919425224,138.50283218807863,-50.755275712054335
485739500,0.5077524160203579,-0.13043138329165213,3.203777347669298,5.609439818736693,139.82243083376767,-50.29745810688678
485750000,0.5071550798229382,-0.13144893915697362,3.200915107020021,5.614812278015827,139.42828320298037,-50.52329009379418
485760500,0.5138874657536823,-0.13572350312235926,3.269020128068133,5.489797080408887,140.83722433058406,-53.28209989987642
485771000,0.5061451371087887,-0.13282754086435736,3.1953692393881785,5.625252297173584,138.82879451523615,-50.787521404573035
485781500,0.5080672578167237,-0.1333710766045929,3.213019101543468,5.592165313250655,139.36100210643653,-51.33888955179735
485792000,0.5075462805293965,-0.13151291207921437,3.204401117064863,5.608270407473672,139.54648019806822,-50.619598552349125
485802500,0.5078160914992907,-0.1330580119817959,3.2101600899466614,5.597497553959842,139.33832641380167,-51.186113299241484
485813000,0.5094191567596615,-0.13431478425239432,3.2267978551771646,5.566613680942803,139.6257569440552,-51.917116176833794
485823500,0.5079203015406032,-0.1335706876909435,3.2122080349936684,5.593676936658313,139.27339166331146,-51.37659034749196
485834000,0.5072646316371902,-0.13392810191939286,3.207396756323088,5.602661355141354,138.98670847721644,-51.36759562936542
485844500,0.5047404286439741,-0.13318340269253273,3.1842406008002206,5.646323473925511,138.29740386084327,-50.63625301716649
485855000,0.5082581907165995,-0.13031038311739848,3.2078442018084474,5.601824551692564,140.01517970749893,-50.35356034071792
485865500,0.5109925120781096,-0.13306684790552567,3.2375953265724946,5.546758693337973,140.39744579313532,-51.81022496940288
485876000,0.5031744028726498,-0.13469219348353997,3.174407336286812,5.66507840674412,137.49716310158394,-50.83152783615533
485886500,0.5085964207977515,-0.13168247115404721,3.2137829274124488,5.590742506971816,139.86471274307206,-50.8784543237341
485897000,0.5102969347615046,-0.13226716262596191,3.2297597329773953,5.561152602530063,140.32103925110292,-51.40507715120762
485907500,0.5094937379334836,-0.13190315559485002,3.2220020732649846,5.575479648173029,140.12251193297996,-51.12627750750071
485918000,0.5096573294466387,-0.1325642590249306,3.224895334467354,5.570127381814687,140.0485089702664,-51.37966015073647
485928500,0.5097208267173434,-0.1310347207950876,3.222028388338073,5.575430919783741,140.36732329489715,-50.87862266193764
485939000,0.5077439482304349,-0.1320487361693547,3.2072840852321005,5.602872111086102,139.5093653176198,-50.836291585426125
485949500,0.5096137581726347,-0.13111298608995295,3.2212780605890687,5.576820669167802,140.31614454109064,-50.88421306218837
485960000,0.5097252413938645,-0.13218379933596536,3.2246284384194257,5.570620669955026,140.14549874138874,-51.26544658698292
485970500,0.5099946943486159,-0.1309760448272898,3.2242635489363334,5.571295219761597,140.47090516524548,-50.911950392158346
485981000,0.508644036329159,-0.13201224802634218,3.2149271083775246,5.5886125998291325,139.81685783590456,-50.99795661175856
485991500,0.5113086301767876,-0.13172157243163105,3.2373143869658674,5.54727344517766,140.76851260471997,-51.4196280155868
486002000,0.510756342542379,-0.13163677507379717,3.2323290214762603,5.556424341189908,140.59886934111935,-51.28287328885874
486012500,0.5117618859672404,-0.13204191179677235,3.2419776891383503,5.538741871252718,140.8585310496146,-51.6168742222034
486023000,0.5136301125222107,-0.13209132435018167,3.2584295685195155,5.508858350561515,141.48135398279592,-52.00368338409619
486033500,0.5156666843954038,-0.12637320129056154,3.263718709898872,5.499321698368409,143.3088612663374,-50.43852827998245
486044000,0.5114790944099453,-0.13242358098394708,3.2403742119494012,5.541672392527204,140.68793577908917,-51.68986427674792
486054500,0.5110439090576736,-0.1326357957784998,3.2370682260348183,5.547724554948351,140.49966662008035,-51.67554990264675
486065000,0.5121323983866675,-0.13092397699862002,3.242704541122891,5.537414528680438,141.20374301827874,-51.31136884308957
486075500,0.5109669031044372,-0.13253784849091058,3.2361785224082236,5.5493556413107905,140.49305135792693,-51.627465175102444
486086000,0.5108464505342898,-0.13069012885681436,3.2310024283146475,5.558864631990805,140.8139034432431,-50.98091111862064
486096500,0.5112254158105742,-0.13131997163526077,3.235693301760244,5.550245610244724,140.81909643596697,-51.26771960328822
486107000,0.5090509289475292,-0.1286901501184659,3.211108894159391,5.595726807291811,140.59163114338597,-49.9588797888656
486117500,0.5101291845015985,-0.13235945245310224,3.228514789378685,5.563446665882992,140.2466785000211,-51.40323816119709
486128000,0.5140376561663828,-0.1328215492562569,3.2636670110425037,5.499414749535671,141.47379781223276,-52.33295704925513
486138500,0.5106451350683524,-0.1344470824389144,3.2377172335497977,5.5465353598948655,140.00810792677413,-52.20349807712933
486149000,0.5092379841479138,-0.13283334177541417,3.22188107357602,5.575703718167273,139.85574618811054,-51.38778553927966
486159500,0.5117901733796485,-0.13005015971635667,3.2377831572371063,5.5464145955201225,141.25841618735117,-50.94774053289318
486170000,0.5134262897994424,-0.13612677921146876,3.265899951694631,5.495398711006833,140.60058755697065,-53.323563431426486
486180500,0.5107451773434556,-0.13482745943267516,3.239457244899451,5.543349686319495,139.96592666809465,-52.35027246611949
486191000,0.5148361916746581,-0.12537359984921564,3.2542502907794444,5.516418056927489,143.21348244056955,-49.929259803182475
486201500,0.5136771419123236,-0.13276801707409458,3.2603751707043847,5.505346337289241,141.36227467105053,-52.242639490087804
486212000,0.5094786440004849,-0.13066467401133636,3.2191194442923723,5.580822834786344,140.3573697568208,-50.70723906454135
486222500,0.5081406468228526,-0.1319304470530086,3.2104212952007116,5.597009952794383,139.66450148728194,-50.87332854335504
486233000,0.5115794991978018,-0.13234492094183212,3.241071030612348,5.540398490240053,140.7372794582438,-51.68315033685375
486243500,0.5098003233240322,-0.13756590897078114,3.237600560023739,5.546749105279324,139.10557949819966,-53.0691515578299
486254000,0.5181062653696121,-0.13699226097925604,3.3095215257645445,5.418140798113237,141.99836989530027,-54.5811014049862
486264500,0.5119914303563043,-0.13237457574167558,3.2447275882931343,5.533723595790775,140.87037088753596,-51.77446860480607
486275000,0.5151565217274405,-0.13851709569030873,3.2868232313181274,5.458059602571814,140.68792849194196,-54.47848475143651
486285500,0.5008284806980217,-0.12641958973206172,3.1368262559313624,5.737961396251576,138.25712472720247,-47.67777718053832
486296000,0.5195098610969232,-0.13876495832042055,3.326411963070048,5.388824967113174,142.09886334051777,-55.477914334937495
486306500,0.5083777491796756,-0.11415284432629325,3.1756816374922208,5.662640667958444,143.00245903578664,-44.814447727175796
486317000,0.5024881284830595,-0.13265513398968481,3.164094270023119,5.68488755433962,137.65857568200616,-50.036742692203845
486327500,0.5163461840902633,-0.14920596722752166,3.3240595140591362,5.392888350652969,138.79199477929572,-58.24184832052507
486338000,0.5047934745911862,-0.12720683114376952,3.1716614589932264,5.670338663786562,139.43593518998418,-48.66160638812432
486348500,0.5188767658825684,-0.1338343456510469,3.3090342086223883,5.418991495898691,142.9190913885996,-53.66442218686501
486359000,0.5094178385882694,-0.12180724042727271,3.1997231974727054,5.617052647510853,142.00276643276368,-47.67259997036227
486369500,0.5169808666805984,-0.16703053628056133,3.379185265588395,5.299301144837981,134.91836709414943,-63.94573608627036
486380000,0.49471931539904307,-0.13749775839763678,3.1107548945187053,5.789675551058942,134.26495695983576,-50.14246399152075
486390500,0.5104369809750351,-0.1365902026314386,3.2408500664249646,5.54080238456522,139.51156680482507,-52.87454792322142
486401000,0.5364740148188155,-0.136089076295906,3.4789421814741495,5.138181174581382,148.61718509636603,-58.31308302099184
486411500,0.49740625167564734,-0.15126301667070655,3.1657776747373765,5.681644311299515,132.44227078752394,-54.908697809279175
486422000,0.5106007544822765,-0.11858249853834513,3.2033566577348345,5.6102287918280425,143.00099565044945,-46.76455980312651
486432500,0.5262280041921871,-0.12590297036057901,3.358057206387992,5.334771797855096,147.1491463407294,-52.391579384145984
486443000,0.498656435093559,-0.10131117375703091,3.072025815385036,5.868307212902536,141.6382632081886,-38.72613261926199
486453500,0.5172792720324858,-0.13736553799148823,3.3029960129388725,5.4295551516473015,141.6405676335613,-54.53424340160077
486464000,0.4890453008210644,-0.12501845577978057,3.038545062640092,5.938092341197408,134.6572909352321,-45.18124483109189
486474500,0.490019741722704,-0.15172758540921838,3.106542826232815,5.798121270889407,130.1406688393247,-53.59483680666464
486485000,0.5143469996859376,-0.1686204176565087,3.359972569018991,5.331536037703367,133.75644541810328,-63.8008795445278
486495500,0.5183045579571331,-0.1411590416449295,3.321361694768761,5.397556083409734,141.18208225607353,-56.02519176120374
486506000,0.5086414065354211,-0.11665097921005804,3.182755214593266,5.64914829785327,142.65888078464366,-45.738178584766345
486516500,0.5225448715975842,-0.1218114648846027,3.3155058942462237,5.407716465343499,146.64427975567148,-50.16917057392481
486527000,0.5148242000128898,-0.09934205534342935,3.204518513747771,5.60805037451622,147.8174567119192,-40.50406622319993
486537500,0.5248475571936171,-0.12474732728317083,3.3428134246895906,5.360669354574013,146.88767157384228,-51.69122283951269
486548000,0.49655951218679995,-0.1295255632107084,3.1082494924729067,5.794696116394173,136.30129338958415,-47.931742752726244
486558500,0.5094021843403141,-0.1134620230336618,3.1830962288252858,5.6484995174883,143.48403175362338,-44.74763027217312
486569000,0.5036663263819466,-0.12740660913624174,3.1625973958228704,5.687774650158406,139.0222050561094,-48.521145104063116
486579500,0.5073240782741,-0.12986625059816773,3.1988766042947705,5.618645067902984,139.7865090687958,-50.026521005002415
486590000,0.527040777888186,-0.13188790925823496,3.379167489505314,5.2993307836844785,146.17957295766274,-54.706013768017016
486600500,0.5121029033614581,-0.13203931711084643,3.2449448983537876,5.533327428578016,140.97424299562428,-51.683252072279515
486611000,0.5359099206717446,-0.1195136079705633,3.435323709716946,5.207372502127222,152.07428655217268,-52.038662621024635
486621500,0.5189891600068499,-0.13178654397605125,3.3053345669117586,5.425458875776611,143.379649069805,-52.98183223183522
486632000,0.5342957661454475,-0.140120122649435,3.467912516856262,5.155498004842238,146.90338499932977,-59.243881525053695
486642500,0.5006796856877813,-0.12072567025512727,3.1239576324824627,5.763366909465184,139.211404860574,-45.74753523331279
486653000,0.5125206963434812,-0.13641854628830472,3.2586302332283017,5.508495915873361,140.23872764273887,-53.23731792938882
486663500,0.5076808574671932,-0.1275524885455727,3.196912047923388,5.622343950439994,140.34346678541056,-49.31513071371748
486674000,0.5205726647673717,-0.12401222121259771,3.302371563590378,5.430650034844195,145.50141325148363,-50.56984182129393
486684500,0.505442535721297,-0.13161259751028728,3.1867007432213983,5.641651339295256,138.82800413901597,-50.25127695457043
486695000,0.5153504004842733,-0.12810212550242175,3.2646936206648465,5.49756759566138,142.86052231081268,-50.97671154213063
486705500,0.5152820512406929,-0.1484749463867556,3.312636724172543,5.4127091787724,138.60892145160855,-57.77318453395456
486716000,0.49611983780769553,-0.12890921625583607,3.103354251559805,5.804531769972737,136.2685074246852,-47.65364685283352
486726500,0.5114908240147892,-0.12628474875739915,3.2269874473549356,5.566263780720982,141.88145390809936,-49.60336957666971
486737000,0.5185056942774184,-0.13174429005919142,3.3008999013790894,5.433232189471827,143.22118956011562,-52.86830631317273
486747500,0.5045119021903779,-0.13029414986578425,3.175932774821729,5.662160498287526,138.7681425599289,-49.638699224697035
486758000,0.5086243218669048,-0.1258187403326801,3.2012852959807905,5.614116829612277,140.98837466763592,-48.90334989750774
486768500,0.5276720033476777,-0.13000283786428796,3.3806863026764304,5.296799631804852,146.80786321453022,-54.16909629163676
486779000,0.5062569330282585,-0.13893935405328586,3.2103171783586255,5.5972043008851795,137.67338087476563,-52.811310286668984
486789500,0.494799052401999,-0.13838878548852623,3.1134274665710153,5.7843299268009805,134.12491946186213,-50.4370074989951
486800000,0.5149575429747727,-0.1178480499317107,3.2397154458050608,5.5428772853622394,144.6754937004471,-47.29921467657726
486810500,0.5139561999673404,-0.13066667620816952,3.2580940206541964,5.509464517351713,141.87528316826283,-51.58322253347035
486821000,0.5136363415955336,-0.12984791666832682,3.2534641780131826,5.517842417181234,141.92750336785969,-51.240231528452135
486831500,0.5147135172123191,-0.13060317694984622,3.264616601137912,5.497706130550952,142.14688587154168,-51.711709734190656
486842000,0.5136668679810817,-0.13103685773813525,3.2563810707110594,5.51256110846558,141.7032728214338,-51.652237601735074
486852500,0.5137769556685108,-0.13093852574176248,3.2571274269884447,5.511211438285121,141.76027997840598,-51.64051488082457
486863000,0.5129373763703475,-0.130281902474262,3.24830564261565,5.527208077987994,141.60352477649923,-51.251051749019894
486873500,0.513684871904025,-0.13134502848729676,3.257230028479933,5.51102595270841,141.6483211279306,-51.76078790031573
486884000,0.514555039024698,-0.13061969438250845,3.2632571498673775,5.5001525610996405,142.0893472075973,-51.68588376318207
486894500,0.513915818321616,-0.13137978336027836,3.259336700860794,5.507220306883043,141.7200826086985,-51.818478914442714
486905000,0.514776441854391,-0.13155927177244045,3.267318352113048,5.492850803370337,141.97786382620887,-52.05119895235105
486915500,0.5138302093639449,-0.1310640246211276,3.257876121839004,5.509858225108561,141.75357243165666,-51.693863794975165
486926000,0.5137405764743357,-0.13129780798403828,3.2576131509798585,5.510333448160432,141.67666030953313,-51.75575859871133
486936500,0.5135505154843284,-0.1304152806394369,3.253972216260721,5.516921814174918,141.78642724759425,-51.417221167852134
486947000,0.5143889588580217,-0.13155412403824743,3.2638913996848316,5.499010902963758,141.84666251433262,-51.972087737921505
486957500,0.5141042599731401,-0.13116832253511992,3.260518571980212,5.505087666218868,141.82634250809744,-51.783824166566276
486968000,0.5144673585997965,-0.13163313002113033,3.264760015122308,5.497448177855029,141.85763815297736,-52.014672701935595
486978500,0.5133344740636745,-0.13019260584157136,3.2515832371232705,5.521253587325924,141.75653600671794,-51.29864718039249
486989000,0.515240514979029,-0.1318826552244506,3.272147014701868,5.4841952256189455,142.0715900234823,-52.25459649207919
486999500,0.5144323003774824,-0.13071829639801832,3.2623968119077014,5.501701963922818,142.02777504174037,-51.69524998073854
487010000,0.515006269633476,-0.13102421545650042,3.268142499651413,5.491371487654888,142.16328320787704,-51.914162689958076
487020500,0.5140119771719992,-0.12986629406149655,3.2568019395552663,5.511799948111821,142.05246659292308,-51.32048719361006
487031000,0.513443732858928,-0.13183026006346485,3.2562048591395727,5.512879859589546,141.46997775000594,-51.87794026258136
487041500,0.5142460922447673,-0.1313341305536923,3.2621386710469578,5.502167031782944,141.84175829501336,-51.86859050913267
487052000,0.5147741309457855,-0.13190066868875364,3.2680687073776107,5.491503908625691,141.90878201517438,-52.16724476043452
487062500,0.5154005044715627,-0.13081341522161452,3.271152024401559,5.485976481136109,142.3404500338258,-51.92063010043018
487073000,0.5164593911682175,-0.1314524137125219,3.2819760291941544,5.466663073077676,142.5756450952157,-52.35244549815811
487083500,0.5142269535616677,-0.13119961556217818,3.2616680987302304,5.503015026270708,141.86198687669506,-51.81888765500623
487094000,0.514795116613819,-0.13360184290973692,3.2721267808721097,5.4842314368040945,141.57369332463057,-52.75008425837366
487104500,0.5146688444597609,-0.13164815870037241,3.2665698172244695,5.494195110794492,141.92337182875255,-52.060038232446324
487115000,0.5135804131652256,-0.12861882175152348,3.250262935454238,5.523650618017686,142.1492021791102,-50.80799510067264
487125500,0.5135938267421362,-0.1294633827714025,3.25224024819218,5.520061573239237,141.98849274216664,-51.10025548628644
487136000,0.5148935670708406,-0.1305165042418786,3.2660103418432422,5.4952003268313065,142.22580164067625,-51.7178044903345
487146500,0.5155433870903846,-0.13332836600057107,3.2781194369383067,5.473528312125174,141.88325957400477,-52.80861233003455
487157000,0.5169620077799665,-0.13044453374907378,3.284173887532477,5.462758548016193,142.95164168366227,-52.106640349064854
487167500,0.5136695698556577,-0.13167309964542703,3.2578331263984226,5.509935917752545,141.57796892780036,-51.86939461100929
487178000,0.5166735858607057,-0.1284246378797056,3.2771146254573904,5.475319933776662,143.25534277658556,-51.34986768434434
487188500,0.5155545881191239,-0.13178372435071353,3.274701529822946,5.47962753838546,142.19882312744053,-52.28386131105816
487199000,0.515304400991497,-0.1300127366850661,3.2685121856887,5.490708181685166,142.46696755826923,-51.626540915399225
487209500,0.5183744194657424,-0.12943237100510976,3.2945091878648656,5.44447470309973,143.6448397558672,-52.040239878254674
487220000,0.5148698786377357,-0.128627731289723,3.2616115149714284,5.50311701118061,142.59118439239882,-51.0637579980246
487230500,0.5193652597223527,-0.13102016384230133,3.306971557400225,5.42259527217117,143.66686094715467,-52.793237204332115
487241000,0.5171246988012159,-0.13028387985675008,3.285261434263897,5.460828636060338,143.04012941179764,-52.083875413343385
487251500,0.5132667343741745,-0.12854661081510377,3.2473580866114538,5.528932001767844,142.05561215387578,-50.72202738939086
487262000,0.5156973394457166,-0.1321773257681205,3.2768578653581875,5.475777942318344,142.168410747057,-52.44717549266639
487272500,0.51704137589473,-0.1327011854167208,3.289995231012436,5.4524446298250995,142.52222266660732,-52.8987906867815
487283000,0.5176562981565208,-0.13172106279669393,3.2932469206666926,5.446700961577636,142.93293902472857,-52.687184842881244
487293500,0.5148858676747313,-0.12663482831062803,3.257402418308139,5.510714331055196,142.98646514792486,-50.377439558689794
487304000,0.5139665204833166,-0.12853010096006917,3.253453917623907,5.517861013038964,142.299230936696,-50.85295686094561
487314500,0.5155251003217196,-0.13061533370135553,3.2718096256007927,5.484799093777584,142.42276241938825,-51.877534505575156
487325000,0.5159396349926921,-0.13511289970089496,3.285755252386524,5.459952793240914,141.65399458050035,-53.495243194802946
487335500,0.5151391303206838,-0.1300901400801238,3.2672253109920386,5.4930178606233095,142.3947944314963,-51.62030455217756
487346000,0.5170743050218926,-0.13311406268167458,3.291234912945432,5.450253425251207,142.44930090005158,-53.04689431407301
487356500,0.517343783262952,-0.13118840374833313,3.289250575556064,5.453761723334358,142.93328249138077,-52.4402431425839
487367000,0.5130805465142992,-0.1313757245871043,3.2519999399056427,5.520497502461568,141.43667964441184,-51.651525361725035
487377500,0.51743902132279,-0.13235145300685855,3.2927428632923386,5.447590492028478,142.72989613845334,-52.85981030150358
487388000,0.5154954670345319,-0.12984621396730173,3.269829581704756,5.48834580074908,142.56578597973296,-51.607232848919764
487398500,0.5164144812794579,-0.13100277761620793,3.2805622837861783,5.46917765896818,142.65074955327233,-52.188873165798206
487409000,0.51664505609878,-0.12954295727625847,3.2793402442537465,5.471353189534333,143.02281081155135,-51.73164369125429
487419500,0.5178427312210298,-0.1317864820031798,3.295061468131013,5.443501238177899,142.98386310030762,-52.74765319991807
487430000,0.5182391415488594,-0.13019772938736468,3.2950138731771776,5.443585116245564,143.44331737856697,-52.2788023269912
487440500,0.5162052997639239,-0.12793071755602353,3.271875555412217,5.4846810800147825,143.19055311257637,-51.085731349840856
487451000,0.519074795175651,-0.1310904540012022,3.304520369815991,5.426884321737178,143.55170754371264,-52.75826877046348
487461500,0.5192531532868261,-0.12992539735805755,3.3034917103626866,5.428686341094776,143.8509892356508,-52.389666155670476
487472000,0.5177402797943604,-0.13483887236076247,3.3011748446687714,5.432749585891521,142.3223366982041,-53.77294831738152
487482500,0.518759667292549,-0.13640962356632788,3.3140136931959114,5.410311894134563,142.34237979636845,-54.52026740207609
487493000,0.48069833941549134,-0.11779072386594251,2.9597667040395796,6.10930449383147,133.14361888996717,-41.541595334388326
487503500,0.5147110026757797,-0.13201546578775258,3.2677714035106304,5.4920374902249955,141.86426811178987,-52.19374612336804
487514000,0.5149876774967957,-0.12918441833042404,3.263877988427475,5.499035038338375,142.52207246536702,-51.27880425562152
487524500,0.5152871762612558,-0.12940191993585237,3.267002229181548,5.493418451382482,142.58221193702508,-51.4129330805083
487535000,0.517218106278594,-0.12956275586168434,3.2844801372822894,5.46221494837808,143.21719941363736,-51.85313111670557
487545500,0.5167016256181094,-0.1316090733890642,3.2844839324632225,5.462208212554332,142.6272271206723,-52.455154444248905
487556000,0.5177635047493546,-0.12989020824377928,3.2900738754466268,5.452305567505407,143.3404384063783,-52.076170206685426
487566500,0.5175684915517749,-0.13034440795898702,3.2893524447037708,5.4535815056499395,143.18137446764328,-52.1941694162596
487577000,0.5169364577592627,-0.1294498997412943,3.281722628479711,5.467113613532236,143.14224027920983,-51.75767047949291
487587500,0.5172074688017921,-0.1300890636645405,3.2855617751433237,5.460295912649845,143.10790345133913,-52.03317102661187
487598000,0.5177832333429254,-0.13010571582964117,3.290732992041998,5.451140378341831,143.30385069975426,-52.15483493505905
487608500,0.5173104095631309,-0.13004101126845258,3.2863710898645935,5.45886094160832,143.15317058789873,-52.03723910893711
487619000,0.5182601957862268,-0.13005627934257316,3.2948844984174728,5.443813130897475,143.47922250327682,-52.23398105941816
487629500,0.5179026448946159,-0.12988185851840614,3.2912974774326904,5.450142887356387,143.39036994991127,-52.10130361152043
487640000,0.5172848092692084,-0.12992347117846748,3.2858799210501424,5.459731725000497,143.16793025598741,-51.99141958060839
487650500,0.5171888597807011,-0.13018216177830125,3.2856046642100054,5.460219847815033,143.082756109046,-52.061620991120975
487661000,0.5173705522840133,-0.13027255171724406,3.287426119508292,5.456991470068569,143.12739113788294,-52.12943008158865
487671500,0.5175090452990471,-0.12998560793814565,3.2880174360589947,5.455944258241492,143.23306948133472,-52.05800806328696
487682000,0.5183665406743007,-0.13029674608886513,3.2963765320349365,5.441184715328523,143.46747071516572,-52.33893414199477
487692500,0.5176111099662754,-0.13064897204260761,3.2904178285235623,5.451697461604517,143.13463421341666,-52.308089898264136
487703000,0.5180168430014678,-0.1300894644480459,3.292783149307646,5.447519386636061,143.38809953772505,-52.19633494280934
487713500,0.5178230837635112,-0.13019164699599062,3.29128164916023,5.450170852047246,143.30032350016856,-52.19264264613149
487724000,0.5178726473726774,-0.12974217141784752,3.2907169217410934,5.451168781372814,143.40809934768362,-52.04680183031207
487734500,0.5185278011912607,-0.12983938794383965,3.296793005757604,5.440451509270049,143.61601645032601,-52.212744856782415
487745000,0.5180601341452981,-0.12972425258134698,3.2923515951430895,5.4482811856207505,143.4767842565924,-52.07834629952744
487755500,0.51803635624365,-0.12956760992061184,3.2917888538024367,5.449274892712015,143.50007693745866,-52.01915707342334
487766000,0.5177779220777478,-0.13010438246462191,3.2906825842960035,5.4512294712119385,143.30227940481845,-52.153302062255456
487776500,0.5181319404786063,-0.13013321322836682,3.2939101982410315,5.4455309057384405,143.41917752644045,-52.234753007915685
487787000,0.518231363308343,-0.12984042825022826,3.2941424931758965,5.445121248212722,143.5128115679875,-52.15322130231218
487797500,0.5182951037327218,-0.13053222759119162,3.2962674403989514,5.441376805945518,143.3949907314326,-52.406108264145075
487808000,0.5184207373623996,-0.12992688677541736,3.2960307133300986,5.441793687615528,143.56112198983175,-52.22150522669135
487818500,0.5183717746221795,-0.13012805415274936,3.2960440977640357,5.44177011556855,143.50343441587628,-52.28145707751893
487829000,0.5176656380351349,-0.13004850758621644,3.289555134952294,5.45322296097021,143.27464178160292,-52.11131675455662
487839500,0.5183269664557538,-0.13031344097625389,3.296059895061169,5.441742294369622,143.45036277689613,-52.336711162897714
487850000,0.5185963953828691,-0.13007448421837878,3.297935088211398,5.438441908391169,143.59228048637806,-52.3083246394729
487860500,0.518326523878427,-0.13020311621324718,3.295807814348368,5.442186278005918,143.472542123586,-52.29834968083558
487871000,0.5189399338747748,-0.1301868609396132,3.3012678191532747,5.432586409284076,143.6888877281421,-52.41704740806329
487881500,0.5187600146317407,-0.12986754747142162,3.2989366366564004,5.436680851298311,143.69106538382383,-52.26952122292007
487892000,0.5189020053103547,-0.12903500672812274,3.2983473839577604,5.437716811970514,143.90878332619792,-52.00815932994903
487902500,0.5194204566403381,-0.1291308426762256,3.3032143947106167,5.429172357800831,144.0704626224167,-52.14637768766313
487913000,0.5187400190882431,-0.12923532571229068,3.297342472775564,5.439484479302596,143.8118825177829,-52.04534504748386
487923500,0.5187815345345586,-0.12941603722672212,3.2981181921696066,5.438119862417601,143.7898694509943,-52.11669700740645
487934000,0.5192307102144452,-0.12959296855102434,3.3025439771349294,5.4303476866399345,143.91062183650436,-52.269256067866934
487944500,0.5198761100668902,-0.12929781653097092,3.3076862395892737,5.421346049873101,144.19590619211587,-52.297140751300674
487955000,0.520004324905546,-0.1294107820791452,3.3090941387758814,5.418886862404728,144.21779203120155,-52.362714217157695
487965500,0.519423995670426,-0.1295638030156033,3.3042150946236326,5.427418978008238,143.98395853009944,-52.298281988179774
487976000,0.5188570808742442,-0.1293508385258603,3.298649613554156,5.437185413510961,143.82936476538828,-52.1092379555206
487986500,0.5191238200195416,-0.12920762060983923,3.30072215474383,5.433544232425664,143.9513388204009,-52.113188480442346
487997000,0.5192168381296105,-0.1293628135824625,3.3019040436225167,5.43147006313537,143.95240596864267,-52.18616400704042
488007500,0.519601014456076,-0.12853130783295788,3.3035009247038682,5.428670193805205,144.25484060002898,-51.97310874196595
488018000,0.5195720195660681,-0.12944155989555658,3.3052719072910994,5.42556854891168,144.060439002453,-52.28564313803209
488028500,0.5195246352688759,-0.12984116159008316,3.3057424828667066,5.424745012347303,143.96272988411758,-52.41547850727087
488039000,0.5194654300550052,-0.1296704511315999,3.304826751282922,5.426347837269768,143.97676735461133,-52.343903030329415
488049500,0.5197731667132557,-0.12926054602392215,3.3066761367297133,5.423111823688752,144.1674707855142,-52.26320470691678
488060000,0.5199429683656778,-0.1290583892150608,3.3077525983325025,5.421230088848925,144.26791138512547,-52.22692735940735
488070500,0.5197491976584847,-0.12903887086960766,3.3059647942508006,5.424356043334364,144.20404531125425,-52.18079928881375
488081000,0.5203404171396996,-0.12971302466156454,3.312803350527174,5.412418967908236,144.27377272073497,-52.536923210724765
488091500,0.5197141643814909,-0.1301695680316644,3.308187088459378,5.4204709496228265,143.96193782059885,-52.56857435359875
488102000,0.5198271986458072,-0.12985421575223874,3.3084945962234746,5.419933806030212,144.06563950031608,-52.48160943456192
488112500,0.5198703993062836,-0.12882642833657582,3.3065813160709556,5.42327764186783,144.28952551163206,-52.1309779665896
488123000,0.520688206200831,-0.1296415903047839,3.315783357103015,5.407234149452021,144.41011405878106,-52.582967254244295
488133500,0.5196968025650832,-0.12933205944113835,3.306149073076446,5.4240336619572975,144.12625918880178,-52.272708211346064
488144000,0.5206943812887661,-0.12908609749412842,3.314592131195533,5.4093054949266115,144.5256762930372,-52.38945556822809
488154500,0.5201981325249403,-0.12938142561606514,3.310775102857392,5.4159537250493575,144.2915819935028,-52.39187999789658
488165000,0.5210083800980013,-0.12956582560561813,3.318508239378423,5.402502178598299,144.53784612380693,-52.621915702255414
488175500,0.5201359213054509,-0.12881812941744036,3.3089541395347344,5.419131296950423,144.38426411059496,-52.181895671443954
488186000,0.5197493258340091,-0.12892443967633943,3.3057104500056633,5.42480106366299,144.22727494267986,-52.14077551339872
488196500,0.5197468035543276,-0.12915273772254918,3.306197731392782,5.423948544643952,144.18012253577723,-52.22015100035403
488207000,0.5200675800056345,-0.12901830673123607,3.3087854348308663,5.419425880631002,144.31968818535614,-52.23818206428055
488217500,0.5204833881304788,-0.1291222361766077,3.312767718209931,5.4124810255323474,144.44429488136296,-52.359149913448796
488228000,0.5203380329277171,-0.12991502094178406,3.313236612872819,5.411664511074228,144.2316822042166,-52.60707496810177
488238500,0.5203150466231035,-0.12935385523636417,3.311767706779976,5.414223255378115,144.33813104796457,-52.406035030938995
488249000,0.5210306588392658,-0.1297457724079462,3.3191151229478653,5.401449441470065,144.5087954625064,-52.68958102049605
488259500,0.5203780143841783,-0.12931962377644815,3.312259049027165,5.413367089390032,144.36715963599283,-52.40687189589556
488270000,0.5206617674305889,-0.12904650748347274,3.314208857193603,5.409972293551336,144.5222977911878,-52.36891499986462
488280500,0.5202906551146672,-0.12967101109607443,3.312259863747139,5.413365669969056,144.26493913310838,-52.51207079138499
488291000,0.5207088499086203,-0.1286378121698565,3.313720656378982,5.410821883708831,144.6220162766867,-52.23495232312544
488301500,0.5199106374496414,-0.1286537172022301,3.306558540954232,5.423317471544861,144.33859913073084,-52.07860270267912
488312000,0.521878547197603,-0.12887658448628786,3.3248474502544516,5.391526644900414,144.98504231590354,-52.55778867963394
488322500,0.5218644235908603,-0.12975608119354104,3.326698349212702,5.388330723909448,144.79936866288213,-52.8645094483463
488333000,0.521055728197571,-0.1296479886080714,3.319121723430127,5.40143799419989,144.53762479503078,-52.66043096903681
488343500,0.5210677545490401,-0.12944647087330244,3.318777099181799,5.402035745795935,144.5831109283733,-52.59219282157392
488354000,0.5212280899800347,-0.1290333540717936,3.3193011335222433,5.401126860992401,144.723930040564,-52.4798579142362
488364500,0.5215291270344101,-0.12933874293126033,3.3227146647808765,5.395214150009027,144.767259879544,-52.64887369392277
488375000,0.5207698454696231,-0.12915871089116393,3.3154367251149877,5.407836716423581,144.5373545692522,-52.430327471701744
488385500,0.5209945251719357,-0.1296958574378078,3.3186756355651146,5.402211760703811,144.5063562829323,-52.66467708803031
488396000,0.5210596600723187,-0.12922769402025863,3.3182123866299373,5.403015536324074,144.62501775108595,-52.51372696320061
488406500,0.5210129623645091,-0.12910184404602235,3.3175075783865773,5.4042389111259,144.63432719517883,-52.45998029424046
488417000,0.5210231754121668,-0.12930093262941797,3.3180466575238983,5.403303150129302,144.59723400486715,-52.531986000755566
488427500,0.522392564318121,-0.1289277235897563,3.329634420135547,5.3832690636965435,145.15590804073713,-52.681355207256644
488438000,0.5216147915302671,-0.1291927980861667,3.3231635483300797,5.394437614980059,144.82731929246762,-52.615101966751986
488448500,0.5213680037016519,-0.12908042673259432,3.3206739857621965,5.398747282855045,144.7635098446423,-52.52502372827897
488459000,0.5215543233149967,-0.1290180454518813,3.322222861464113,5.396065197927715,144.84184033741488,-52.54120715805131
488469500,0.5215069625642628,-0.12929741798964972,3.3224207666524537,5.395722696818175,144.76793969927232,-52.62979759378806
488480000,0.5212619526367903,-0.12917897024069983,3.3199344127460044,5.400028923032304,144.7060586564428,-52.53797623856346
488490500,0.5213115186573495,-0.12896895422378726,3.3199123553668244,5.400067156925687,144.76643632889514,-52.47425954511557
488501000,0.5211299612476061,-0.12940596110258393,3.319249113280354,5.401217070753389,144.61323879198167,-52.59070555922761
488511500,0.5214160852830316,-0.12923447291803905,3.3214554968399024,5.397393648335699,144.74888330442724,-52.589041359880866
488522000,0.5215550260419493,-0.12984657805412894,3.3240940980579037,5.392828567938064,144.6720533560988,-52.832616804281706
488532500,0.5220065762764018,-0.12887625616933812,3.326009462418616,5.389519758094324,145.03025817576906,-52.58392326327664
488543000,0.5213587261519499,-0.12899895717717685,3.3204072401489197,5.399209466234788,144.77691050061873,-52.49446654437212
488553500,0.5223048897354843,-0.12978541398835433,3.3307694915460164,5.381314878184932,144.948256667988,-52.965667125946766
488564000,0.5221374943878286,-0.12974266135687254,3.329149945344256,5.384103601371347,144.89816998939708,-52.91607307757871
488574500,0.5221993419614216,-0.1288474661360939,3.327696760527796,5.386608403951685,145.1041826531569,-52.61332136002034
488585000,0.5219661166180308,-0.12917707738389148,3.3263174112384655,5.388988164547495,144.95424893516778,-52.6816633223755
488595500,0.522575358219817,-0.12902388825706168,3.331514621801734,5.380032827073523,145.20067333467412,-52.75293242118028
488606000,0.5224642645665863,-0.1295597124719301,3.33171032825851,5.379696204302129,145.05099329552144,-52.91907753415829
488616500,0.5222624664071522,-0.129274724184471,3.3292310838393337,5.3839638167031225,145.0386120089423,-52.777018759983704
488627000,0.5225609826304596,-0.1288562355493949,3.3310069847321233,5.38090618534405,145.23010453421415,-52.69074252622787
488637500,0.522377789587937,-0.1289676354887673,3.3295896252042727,5.383346214525621,145.14248415682667,-52.692408804434734
488648000,0.5227007270322207,-0.12883168310256063,3.332224744558241,5.378811595343322,145.28455445596697,-52.71082371037732
488658500,0.5228029900412111,-0.12889996729314607,3.3333101390287116,5.376946096014149,145.30664956418897,-52.756032027803435
488669000,0.5228086458416138,-0.128876668251339,3.3333093354033956,5.37694747673469,145.31345067927458,-52.74895818808658
488679500,0.5225630468647481,-0.1282084879789995,3.3295752393264104,5.383370991973777,145.36385643513475,-52.46201508872182
488690000,0.5229498930985013,-0.1295976011833145,3.336222796205208,5.371946618449092,145.21444267285278,-53.032843134784564
488700500,0.5223395275371618,-0.12853393444091718,3.3282690213920607,5.385621731429912,145.21803899971857,-52.531335693527375
488711000,0.5226342598868674,-0.12889399091266196,3.3317591617631113,5.379612215536795,145.24823099048257,-52.7191660319744
488721500,0.5228783336579221,-0.12858256958425665,3.333284516720905,5.37699011844035,145.398671788448,-52.65923785128609
488732000,0.5226837481350454,-0.12863944836141022,3.3316387077046308,5.379819389417681,145.3181017211649,-52.63934081908689
488742500,0.5224141545267493,-0.12956844680413926,3.331273794220864,5.3804471196026995,145.03153110394476,-52.911812195628926
488753000,0.5229147302271342,-0.1290313782472109,3.3346245806395296,5.374688713232333,145.31906233969704,-52.82554169748839
488763500,0.5226825412216676,-0.12875770325247946,3.3318929733766427,5.379382086750497,145.29335020298092,-52.680920779592974
488774000,0.5228749543140535,-0.12888784863115155,3.3339390124054917,5.375865843609834,145.33459847621984,-52.76657846505362
488784500,0.5229451795399994,-0.12882179505368876,3.3344310095114214,5.375021023716297,145.37306031302907,-52.75768581562269
488795000,0.5231027637480327,-0.12840816592744148,3.3349407107637163,5.3741460924749616,145.5140856250757,-52.64363732825712
488805500,0.5227465784151833,-0.12875100528482164,3.332461418171718,5.378404703607588,145.31737752411627,-52.69173057433148
488816000,0.5231400393191623,-0.12876678692126203,3.336085444569739,5.372182162390158,145.45338870758505,-52.77839812932645
488826500,0.5230851678272024,-0.12840224744136888,3.3347668987490344,5.37444441768057,145.5090654628585,-52.63791710193035
488837000,0.5235971192427075,-0.12808432324373928,3.338731234327422,5.36764864987458,145.75629039591607,-52.63047934598789
488847500,0.523628146513962,-0.128568759502165,3.3401006667188367,5.365305251125606,145.66734536920458,-52.80897199342538
488858000,0.5228698620258128,-0.1284852075363356,3.3329890892450407,5.3774977546383385,145.41570194540228,-52.6230162842324
488868500,0.5230409139667415,-0.1287408876234138,3.3351226141309054,5.373833916128463,145.42362771611064,-52.748782928113265
488879000,0.523342284843667,-0.1286518061524903,3.3376740722390115,5.369459130625528,145.54878272465328,-52.77939135045025
488889500,0.5237551680711466,-0.12870730671543928,3.341574221035611,5.362786033422701,145.68377933724653,-52.88442103274704
488900000,0.5240746878288084,-0.12853675174050985,3.3441169797716594,5.3584446166677235,145.83260166421152,-52.889993154548975
488910500,0.52428275976542,-0.1286469678775475,3.346272587562556,5.3547698824432945,145.88373716139364,-52.97232622872679
488921000,0.5235902804348229,-0.12833115601245107,3.3392213209345245,5.366809761748813,145.7029642993736,-52.71678266036327
488931500,0.5231050183712642,-0.12846849142232372,3.33509644453382,5.373878825192922,145.5024646123743,-52.6654875090524
488942000,0.5239243031436683,-0.12885466737297438,3.3434545361971186,5.359574950929754,145.71328934155082,-52.97176681166857
488952500,0.5248477898649161,-0.12742580097579873,3.3487235650065306,5.350597932914002,146.33824372002954,-52.6537758523604
488963000,0.52402669524316,-0.12836766065704505,3.343297478849575,5.359843011634115,145.85054127726858,-52.81992828363074
488973500,0.5239372874677226,-0.1282697269337491,3.342258907460453,5.361616310142211,145.83899197375695,-52.76660692419031
488984000,0.5241409149644833,-0.12884743597236162,3.3454232970367377,5.356217074620576,145.7917102028663,-53.0141393484168
488994500,0.5236812562242682,-0.12830786817876788,3.340001149630148,5.365475475534929,145.74009161121467,-52.727284407637626
489005000,0.524321848938205,-0.12842024905313837,3.3461213111064647,5.355027598677294,145.94467082442964,-52.89976714663005
489015500,0.5241031881649832,-0.1281623665268629,3.3435379606051607,5.359432575934353,145.9202197666216,-52.76269643188584
489026000,0.5241946659857657,-0.12859155983919662,3.345340005345381,5.356359047220148,145.86390284724342,-52.934347269352834
489036500,0.5242739609855693,-0.12904288150607682,3.3470844687137933,5.353387189813162,145.79835694963492,-53.1112070873418
489047000,0.5243781760185382,-0.12821132538023783,3.3461690197397673,5.354946318962686,146.0080228185145,-52.83703800711454
489057500,0.5246159693895462,-0.12848129303656042,3.348958353809088,5.350198637293241,146.03673809806187,-52.98254037091894
489068000,0.5248079517246023,-0.12831970895919895,3.3503590867307946,5.347817745312828,146.13873770216983,-52.964829333551265
489078500,0.5247347335041295,-0.12853408889635545,3.350168340969943,5.348141836347829,146.06807761114004,-53.02603302618321
489089000,0.5248458803479157,-0.12819411966601013,3.350425614112424,5.347704719941635,146.17835579791287,-52.92790397661544
489099500,0.5250263752411441,-0.12833667148478817,3.352405939865171,5.344342539828478,146.21313798716523,-53.01629336501117
489110000,0.5247859933273966,-0.1285380421380654,3.3506483863980834,5.347326281273368,146.08552124399273,-53.03810207279802
489120500,0.5248520814597758,-0.12813125239795176,3.3503414960064326,5.347847631547673,146.19362219929803,-52.9067550208757
489131000,0.5250992258701355,-0.128711094158947,3.353919894427386,5.341775100116775,146.1611268394952,-53.16502865935351
489141500,0.5248326865206833,-0.12865803579792573,3.351347984608321,5.346138184539058,146.07718849069153,-53.090575088747364
489152000,0.5252470230088399,-0.12867256076783803,3.355193951932289,5.339616460286941,146.221876494659,-53.18212323228537
489162500,0.5247786147599464,-0.1286359897130543,3.3508011786173233,5.347066754513762,146.0625139290007,-53.07146586458119
489173000,0.5252149594012668,-0.12849749357841403,3.3545038852603812,5.340785419126264,146.24695198292227,-53.112965438861316
489183500,0.525248369540277,-0.12819821267799955,3.3541380688479547,5.341405318758319,146.3212260916283,-53.01304657201257
489194000,0.5252308965796467,-0.12807886556894912,3.353709064093573,5.342132484235952,146.33981428718462,-52.96675899664854
489204500,0.525334768208316,-0.12849803808895716,3.3556087471037164,5.3389140596512075,146.289608874025,-53.13814441886592
489215000,0.525427633927696,-0.12838487647977373,3.356209609729536,5.337896916362003,146.34638415181698,-53.11709673533888
489225500,0.5256639328123762,-0.1285760189877235,3.35881979601853,5.333483015068841,146.3909022415536,-53.23474667516278
489236000,0.525403211928433,-0.12860544997058507,3.356481714330753,5.33743642778907,146.29162737873145,-53.19077941314147
489246500,0.5249245876456698,-0.12903493715270342,3.3530442519364363,5.343259748072179,146.03134105148231,-53.24395057025654
489257000,0.5252072831523167,-0.1283686409668554,3.3541430377583112,5.34139689762328,146.27106252111855,-53.06536655455783
489267500,0.5252189522897025,-0.1278257639026692,3.3530314222083386,5.3432815071458295,146.38814601999354,-52.8737718312469
489278000,0.5256569142161633,-0.12760485090022217,3.356571998710268,5.337283655659997,146.59089541057304,-52.885669990854026
489288500,0.5255341558054324,-0.12844356854166333,3.35732391158139,5.336011678059471,146.37219969696173,-53.16029889205393
489299000,0.5260309039703203,-0.12758418800657845,3.3599774472911954,5.331527801654231,146.72936362520983,-52.95610267721249
489309500,0.5258616509503337,-0.12753077509148253,3.3582950626553947,5.334369749874902,146.67973867943675,-52.90168907208848
489320000,0.5259116555965878,-0.12763977906922808,3.359000782564512,5.333177240586746,146.67498733913283,-52.95121094782492
489330500,0.5258635736523518,-0.1273174464683373,3.3578357224018003,5.335146227997507,146.72479436344085,-52.82550988182745
489341000,0.5256478431206758,-0.1276182452340428,3.3565183330726485,5.337374463345713,146.58485823672288,-52.88858558755539
489351500,0.5260525871546502,-0.1279704375209843,3.361044522968398,5.329726874583733,146.6565697770401,-53.09919749251928
489362000,0.5254413251837626,-0.12825931763975554,3.3560531701966543,5.33816169950785,146.37745889894785,-53.07507841461628
489372500,0.5279008099904335,-0.1267024306374804,3.375342853072255,5.30571572584265,147.5879611188102,-53.028845353346036
489383000,0.5259770090589326,-0.12753729527091678,3.359374663196986,5.332545688460337,146.7197843573169,-52.928042948721426
489393500,0.5257159482844033,-0.1271762809971644,3.3561586477679124,5.337983169515944,146.70109818926176,-52.74416047784165
489404000,0.526170099270736,-0.1279898209551945,3.362174183631968,5.3278216880709275,146.69465999098236,-53.13070001775401
489414500,0.526268967069948,-0.12782025502549538,3.3627072511495983,5.326923150857793,146.7655697810281,-53.09051668853092
489425000,0.5259106801015884,-0.1275110039340887,3.358703383813728,5.333679711126347,146.70144907859583,-52.9047970384068
489435500,0.527196473063463,-0.1283566697142568,3.372512220846239,5.310451476212922,146.9861951293225,-53.477799013704164
489446000,0.5271011693953142,-0.12885868434897046,3.3727645834246216,5.310028910612898,146.8460848379064,-53.63795778269176
489456500,0.5266162190527586,-0.12760051448843113,3.3654274543811886,5.322342845286027,146.9362714543279,-53.08413716397735
489467000,0.5267739517542694,-0.1275996542595365,3.3668867098066926,5.319889081709883,146.9931964368474,-53.11682197124166
489477500,0.5272169551028062,-0.12756998521341703,3.3709292563713857,5.313103635095478,147.15895251971548,-53.19895653851563
489488000,0.5254123536176512,-0.12701867351761753,3.353009609365412,5.343318501900097,146.62476532925842,-52.624667041405154
489498500,0.5268849735613365,-0.12861746212086803,3.370210885397875,5.3143081223261825,146.81940083583567,-53.505829274135074
489509000,0.5264237187275644,-0.12751377092520924,3.363451072411079,5.32566988983184,146.88517104706256,-53.01272802770125
489519500,0.5260224219410176,-0.1276813781560564,3.360116923666438,5.331292333011931,146.70606356424761,-52.98921816173029
489530000,0.5270182839044446,-0.12923847629278473,3.3728584240231423,5.30987179799117,146.7361095649094,-53.756570638351086
489540500,0.5265952557940652,-0.12744570187253984,3.3648862015058922,5.32325356498013,146.96108266240847,-53.02406392988424
489551000,0.5262409581913217,-0.12959534421392188,3.3664648074265764,5.320598278191806,146.3828425479967,-53.719928976033856
489561500,0.5263069251455375,-0.12603750648058537,3.3590837294859037,5.333037114893201,147.14984269296227,-52.45648690071098
489572000,0.5273410580209444,-0.1276632776419411,3.372291545767315,5.310821039874154,147.18410085755306,-53.258631919566604
489582500,0.5258261390029723,-0.127191060464444,3.3572080582163313,5.33620762130367,146.73760546891327,-52.772340972593874
489593000,0.5284655519669343,-0.1283781569593841,3.384380965409861,5.290652748551916,147.43874882996352,-53.75391510182955
489603500,0.5269833412146111,-0.128064526960058,3.369874057632406,5.314873072831762,146.97103926204824,-53.32793782083261
489614000,0.5284018347653869,-0.1285847685348047,3.3842550525937107,5.290861990142988,147.3718888800133,-53.8149223593523
489624500,0.5269506031286204,-0.1266868159038715,3.366482292929629,5.320568882076283,147.24751056104316,-52.8246293583969
489635000,0.5280400513263024,-0.12595547703059642,3.374975322694441,5.306330125538489,147.7947359668435,-52.78695870879744
489645500,0.5289268798282623,-0.12857165643214896,3.3891338866885374,5.282766811872736,147.56417670184294,-53.921891023944006
489656000,0.531808697682454,-0.13088517316636208,3.4216308726253537,5.2294907847311904,148.1057547933316,-55.38143466789975
489666500,0.530827357686308,-0.13012770584851208,3.410576236311289,5.247489245588227,147.91621810196324,-54.89319088345879
489677000,0.5263731553725485,-0.12689267777719143,3.3615951510103477,5.328798058175522,146.99637705504534,-52.77867604101409
489687500,0.528089454923436,-0.12403152726810929,3.371197591419231,5.312653864121483,148.2122987736638,-52.095835527963544
489698000,0.5273217021462168,-0.12901613181897606,3.375171559188861,5.306002059186596,146.8919168522038,-53.741061550815346
489708500,0.5276310982631154,-0.12579099188901552,3.370807134685519,5.3133083558967105,147.68048932435158,-52.64195999733073
489719000,0.5284331161277737,-0.1291066538896462,3.3857358320137325,5.288402313605501,147.27212220496108,-54.009610247552715
489729500,0.5276337153311816,-0.12649078045856665,3.3723862479841404,5.310662435959648,147.5354959546179,-52.89627956637067
489740000,0.5278834772301606,-0.1275195662028273,3.377013190890301,5.302925272956993,147.41005941447244,-53.32083061384456
489750500,0.5276001728724523,-0.1285338838440023,3.376666570395977,5.303504085530287,147.0939542192814,-53.62671610617728
489761000,0.527340802286183,-0.12764712246889107,3.3722528389900033,5.310885867423981,147.18740166998623,-53.25275490678418
489771500,0.5269407743067211,-0.12759764855396494,3.3684286880708223,5.317298751842822,147.05366418346085,-53.15102808089999
489782000,0.527562278526239,-0.12789903185247312,3.374878733054703,5.306491618561936,147.21425606554737,-53.3901322265397
489792500,0.5265251102474823,-0.1281079253068496,3.3657246406900305,5.3218429320569625,146.79731901842473,-53.2473776140027
489803000,0.5269346313754021,-0.1280838796476766,3.3694658138579836,5.315557973173533,146.94946295917245,-53.32466289739204
489813500,0.529124204303218,-0.12848485651146382,3.3907840718304834,5.280034526243789,147.65399182449838,-53.9325762984047
489824000,0.5289074109323405,-0.12847421402927758,3.3887300760510084,5.283435863182186,147.5778971004191,-53.882539501991964
489834500,0.5289770108860176,-0.12780924144035027,3.387873860351798,5.284855057150223,147.7444264766473,-53.656755044118405
489845000,0.529135382769877,-0.12929699799372235,3.392742440087298,5.276795745131901,147.4844795344178,-54.22822063878663
489855500,0.5277612742512215,-0.12811159973373426,3.377210216483593,5.302596323081153,147.24116141139336,-53.508700883620115
489866000,0.5291612952238036,-0.12704597737737755,3.387878074817755,5.284848069667531,147.97299225183448,-53.41887155796515
489876500,0.5278287423049998,-0.12706974959695416,3.3754938785401647,5.305463299428778,147.4848311499172,-53.146708179400626
489887000,0.5284800117688718,-0.12744211878303144,3.3824005277399656,5.293945811948766,147.64214422859675,-53.418591470118805
489897500,0.5287157805890029,-0.12569368736814765,3.380693353800417,5.296787886688233,148.09538856601628,-52.83295899575705
489908000,0.5290736175808275,-0.12809930343735776,3.3894348068252738,5.282268347641047,147.71778859598572,-53.78231490495782
489918500,0.5299430047301075,-0.12827074084299858,3.3979801722221374,5.268153585279264,147.99629791307976,-54.02989865707568
489929000,0.5291253600897439,-0.1271906405150104,3.3878670098470995,5.284866415162073,147.92933030818008,-53.46382277754974
489939500,0.5278275862466585,-0.12687235630460114,3.375041236086926,5.306219927475601,147.52582465252192,-53.07503376884347
489950000,0.5300169582741787,-0.126552091555324,3.394792702542624,5.273409372449805,148.38921517914483,-53.420161780191805
489960500,0.528620971303918,-0.1269878425098694,3.382695767880036,5.29345461990403,147.78907254243384,-53.28367633084839
489971000,0.5298514005558661,-0.12624794934496655,3.392557210211617,5.277101905951984,148.3931432113885,-53.27406595309082
489981500,0.5294765066523872,-0.1278696693506889,3.392689802696532,5.276882744148214,147.9126507595638,-53.784828113242575
489992000,0.5288875672599246,-0.12751417592374853,3.386370918967724,5.287348112585982,147.77456135398248,-53.53087385755304
490002500,0.529317979334411,-0.12750914236558458,3.390388623224157,5.2806890228458485,147.93176272295483,-53.620296088691205
490013000,0.5294036374201566,-0.1276502247365222,3.391510061671369,5.278833394674787,147.93288913209588,-53.68970053646432
490023500,0.5299374103896176,-0.12776753017925183,3.3967851380328127,5.270122799809418,148.10177593146284,-53.84596688680521
490034000,0.5297794156167086,-0.12759950998598785,3.394920802659745,5.273197941011512,148.080163429042,-53.75122364036654
490044500,0.5294284609825973,-0.1265104086465072,3.3891786900903313,5.282692590379612,148.1834021183802,-53.28044964492448
490055000,0.5293764837205478,-0.12746813985832905,3.390844319199699,5.279934827082502,147.9617082217423,-53.61782791835493
490065500,0.5291633374089384,-0.12695627158197764,3.387695661018213,5.2851505247655055,147.99270338394055,-53.386699505797345
490076000,0.5289956103779853,-0.12678033287800441,3.3857316092600707,5.288409324538566,147.9688891987601,-53.28732008686671
490086500,0.5296517816721733,-0.12677813260470208,3.3918723025105026,5.278234287087677,148.20814921177745,-53.42522421672932
490097000,0.5298344379822372,-0.12753378146958097,3.395288860222667,5.272590552902676,148.1141621433028,-53.73904492787703
490107500,0.5303340255033383,-0.12674906574903871,3.398215490165111,5.267765999740444,148.46316936176885,-53.55938617685886
490118000,0.5319220034420152,-0.12813856658442382,3.4163610424557933,5.238054899771604,148.74530675383082,-54.40746822129821
490128500,0.5291669973345823,-0.1267703552059667,3.387312729073313,5.285785569345575,148.0333170378777,-53.31986883117336
490139000,0.5297042900903628,-0.12869965014360424,3.3967145156143497,5.270239221105209,147.8179677811368,-54.13424513364751
490149500,0.5301769146354793,-0.12690835265208184,3.397096251624711,5.269609991100767,148.37196147996974,-53.58412480785756
490160000,0.5307245987895827,-0.12804026589610135,3.4048146220841895,5.256920636282741,148.3297576027181,-54.11362886923389
490170500,0.5314800025074838,-0.1278678385234386,3.4115576082041406,5.245886276980144,148.642274675401,-54.21317860083109
490181000,0.5301802247040865,-0.12823227276901117,3.4001235657619935,5.264625431121611,148.09064393030056,-54.06671839102621
490191500,0.5291779210775638,-0.12904764410326316,3.3925706287852186,5.277079725570256,147.5532034899027,-54.14736614258136
490202000,0.5285273454958792,-0.12813411404553818,3.3844049598972323,5.2906128765101865,147.5128378757233,-53.67889792133135
490212500,0.530672470363484,-0.1270580263616459,3.4020978108464446,5.26138001087732,148.52096612193668,-53.744305530927704
490223000,0.5293484946380259,-0.13060653383880408,3.397757792308806,5.268519914973,147.2795060790593,-54.74537357869664
490233500,0.5315252215149455,-0.12768529478940305,3.4115702329655866,5.245865662322382,148.69809617230683,-54.15622387591042
490244000,0.529417395641822,-0.12990160526142594,3.396776318009019,5.270137339358837,147.45629264427382,-54.506667152400674
490254500,0.5311484589806005,-0.12763174587786358,3.407886758319961,5.251887404804648,148.57198092115777,-54.05567944234298
490265000,0.5344126729642305,-0.1264237567857689,3.4361919671516943,5.205976484556611,150.0336304024007,-54.316347483024636
490275500,0.5292755616745058,-0.1201266637926479,3.3738468348601596,5.308217533124987,149.4494404777912,-50.89855960131855
490286000,0.53163041993253,-0.12729593801984992,3.4116820585027336,5.245683072481496,148.8203049136094,-54.036423987494345
490296500,0.5300654925750687,-0.12278767885311832,3.386939607061453,5.286404496699065,149.1963201930372,-52.04736703974162
490307000,0.5336181824516142,-0.12459332397795099,3.424491710720358,5.2248536435478545,150.13338110045063,-53.46538448116968
490317500,0.52470591346889,-0.1274547239352201,3.347484807462357,5.352705654915175,146.2815218570297,-52.63479578392591
490328000,0.5346591583690945,-0.13254649793457782,3.4527948073789267,5.179429288761743,148.76959715629863,-56.61702485987945
490338500,0.5284106135368206,-0.12778990775374816,3.3825367251755107,5.29371920812857,147.5435379734072,-53.52976809825162
490349000,0.5334732790614369,-0.13005330013565844,3.4355445474234054,5.207017357695546,148.89352320038512,-55.44539660189074
490359500,0.533440436900961,-0.12854107300822848,3.4317297701042038,5.213159186159269,149.21362140955318,-54.88502364788781
490370000,0.5343979282961075,-0.11291918930177819,3.407205175150205,5.253003218603424,152.84487217892138,-49.1945373796221
490380500,0.5287523463116865,-0.1147998543137989,3.3579745429566654,5.334911538324897,150.31495336826308,-48.79839142660607
490391000,0.5263277826380022,-0.11902148502313968,3.3442137994598586,5.358279453432333,148.5784897720027,-49.897599816907345
490401500,0.5376321537349962,-0.11932832697563668,3.451522548589445,5.181453708562022,152.7722154728659,-52.33164335491511
490412000,0.5320508266342389,-0.12085764682784293,3.4014554343746424,5.2624355475342615,150.33528727090908,-51.740771806465446
490422500,0.5322469191592225,-0.12224946744498877,3.406314704292201,5.2544617368141875,150.11864871503903,-52.30194996738451
490433000,0.5302651821697789,-0.13807393378334362,3.424256949036722,5.2252338504336295,145.95536607645474,-57.59915427412577
490443500,0.5296317312901206,-0.125320823869428,3.388432892042082,5.283928362363323,148.50814881864872,-52.8887818538036
490454000,0.5281211543569321,-0.13794798762860302,3.4037369902578702,5.258688529099823,145.23385494354218,-57.07422075624864
490464500,0.5333169822735263,-0.1196222551337224,3.410803896357678,5.247117296752681,151.06761950700366,-51.538541507190985
490475000,0.5349106230051967,-0.12775811399686396,3.44400909631805,5.193442424956514,149.9264276397474,-54.91895664963772
490485500,0.5358465211986728,-0.1238363903201718,3.44414767364708,5.193220789290795,151.12910162741753,-53.6613492549938
490496000,0.5255596573481771,-0.12659168037538301,3.353417335893759,5.34262708182775,146.7659790743817,-52.50172401551723
490506500,0.5247147404417032,-0.12330247999733368,3.338465161173991,5.368104204350588,147.13234692940932,-51.14172336562762
490517000,0.5272946022064549,-0.12571197508692433,3.3675080140569484,5.318845055636893,147.57479818550993,-52.54333507346315
490527500,0.5306472032157153,-0.12391048956127257,3.394853452632164,5.273309101207849,149.17718996495606,-52.583351557909914
490538000,0.5335749549795947,-0.13010171052478772,3.4366293382844995,5.2052735543746795,148.91994046884713,-55.485495019577606
490548500,0.532911986658729,-0.12755929606568764,3.4244443624290763,5.224930321602911,149.23343317123204,-54.40960967136649
490559000,0.5294859954591502,-0.1257357197153598,3.3879889369031644,5.284664269848464,148.36765989742383,-53.009900331858994
490569500,0.5362869972281016,-0.12089196661310347,3.441918792025817,5.1967879479412495,151.92635463268803,-52.6430658114812
490580000,0.5197975949457747,-0.12397325186548154,3.2953215745106146,5.4430428917583615,145.23302498237962,-50.403064882332856
490590500,0.5298437387071064,-0.1293845286028321,3.399592581006383,5.265499010015272,147.72137871746895,-54.41188278491279
490601000,0.5330142251128624,-0.12795848589585737,3.426329102252845,5.221879874326039,149.18429999105956,-54.578367932603655
490611500,0.5259707011430887,-0.12945291868458772,3.3636403960556627,5.325350996368692,146.31644900354203,-53.61216568382166
490622000,0.5289303220277269,-0.12804867386281818,3.3879788343501205,5.284681018468348,147.67668540956765,-53.73353158549616
490632500,0.5255710792286027,-0.13578038024301228,3.374712591787888,5.306769422118012,144.82204737671324,-55.757586678149856
490643000,0.5333774391952731,-0.13783182786296258,3.4533358055493704,5.1785689451711185,147.10819456512658,-58.22218003524499
490653500,0.5341167469475074,-0.12856752842831762,3.438257022522801,5.202659303964796,149.4561204072199,-55.04293245708886
490664000,0.531486920170221,-0.12881609498860705,3.413790137932781,5.2422434280777175,148.44001078799778,-54.56041331544951
490674500,0.5308583816998053,-0.12710714210491703,3.40396123543069,5.2583205460862,148.57839250699809,-53.801945874693075
490685000,0.5357467241709506,-0.13278490320693218,3.4638559381789675,5.161897183641652,149.11109651732303,-56.94940467843764
490695500,0.5335787618446879,-0.12804820040686946,3.431918850117893,5.212854414066612,149.37208010665074,-54.73429162445203
490706000,0.5315043891411225,-0.12612988081944324,3.4078611005993524,5.251929399986393,149.02370942259338,-53.581797071044065
490716500,0.5318273508810955,-0.12602964705004407,3.4106910219161546,5.247301703160076,149.163840118836,-53.61387198194351
490727000,0.5349769032633045,-0.1260141916468375,3.4406740658201906,5.198782235943828,150.33213968164213,-54.28696514220125
490737500,0.5303676100923645,-0.12414125475252798,3.3927325740055996,5.276812051554764,149.02575827291417,-52.60988784213155
490748000,0.5370807049090149,-0.12496615131344585,3.4585874890352413,5.1702325147723505,151.34733533007298,-54.35418622693531
490758500,0.5358289256572696,-0.12591156577190898,3.448634072385624,5.1860559094368766,150.67185467951563,-54.43447217134097
490769000,0.5348469914451077,-0.1269113910331611,3.44146295927637,5.197518095804497,150.08833832100657,-54.59169107542392
490779500,0.5338303188935556,-0.12718224457922203,3.432343907703854,5.212169411151523,149.65338537734974,-54.47022129337861
490790000,0.5332858769698876,-0.12673909790655694,3.426142239723406,5.2221821470842915,149.5486582305845,-54.18866857598043
490800500,0.5315164291563658,-0.12665277620856827,3.409150441265044,5.249819932201504,148.9164330270248,-53.77631158123836
490811000,0.5333232567070222,-0.12787631009320954,3.429086806300658,5.2174231411202125,149.31565442586708,-54.61542876969994
490821500,0.533776794018087,-0.1256681884074048,3.428408274537642,5.218518991322925,149.96142645053422,-53.898626003558505
490832000,0.5342906798256073,-0.1270037648280527,3.436340828565402,5.205737216870839,149.8622689500536,-54.504514949858496
490842500,0.5333042291415836,-0.12559903674022244,3.4237474392767093,5.226059220037447,149.80120294734812,-53.77130069888238
490853000,0.5332879320496217,-0.12763098093536912,3.4281894745417545,5.218872461314482,149.35603924304172,-54.51756787802754
490863500,0.5345394695228829,-0.12617897883530707,3.4368523738793186,5.204915173294618,150.13382809622763,-54.25311150163001
490874000,0.5347189075784792,-0.12636182201828333,3.4389859623016856,5.2014894182161155,150.16066949903717,-54.35997143718857
490884500,0.534250763563153,-0.1264656986633952,3.434737127821652,5.208316067440411,149.9645314405629,-54.29671634031383
490895000,0.5344245823434626,-0.12649898096115728,3.4364764717553076,5.2055192147989455,150.02169346192056,-54.34681349891205
490905500,0.5344931326336076,-0.12685077082757526,3.4379318091084996,5.2031814183967064,149.9705070907626,-54.49202739103499
490916000,0.53417341021147,-0.1269262999458833,3.4350422238499574,5.207825251398397,149.83577981923438,-54.45033985880937
490926500,0.534691684195761,-0.12636102670552918,3.438723152562567,5.201911142822553,150.15074060222804,-54.35375259661149
490937000,0.5353329496266727,-0.12661518218332685,3.4454571178430276,5.191127471828806,150.33339800727728,-54.588010201534935
490947500,0.5348092774468082,-0.12632749515991154,3.439774835186202,5.200223955226033,150.20168345712165,-54.366899363612745
490958000,0.5350195838526324,-0.1268079771062273,3.4428844372985883,5.1952418854812485,150.17491944981893,-54.591066034894205
490968500,0.5346787598043858,-0.12647830160794785,3.438865078326237,5.201683389142767,150.1204217884713,-54.39444598366429
490979000,0.5347390738244022,-0.1262818774347068,3.4389982404035053,5.201469717556514,150.18554847163753,-54.33468721324309
490989500,0.5354201419272409,-0.1263419949051808,3.44567497623535,5.1907793653273675,150.4255321484764,-54.505508841076754
491000000,0.5358006375805064,-0.12687076213502202,3.450541537664162,5.18301580717819,150.45120397675643,-54.785506138700114
491010500,0.5362085208435083,-0.1259305317656905,3.452336686800174,5.180158063157604,150.80940459018592,-54.524578911164426
491021000,0.5367501407497318,-0.12651705661043428,3.4589034510497125,5.169731843210794,150.88282829791538,-54.862626835901835
491031500,0.5354064155158741,-0.1262813793878217,3.445405434161804,5.191210062002373,150.43366637262912,-54.47995992755443
491042000,0.53475078911396,-0.12605091280941327,3.4385880776446967,5.202127921763672,150.24011172993727,-54.251459806989324
491052500,0.5349087144004575,-0.1264635161114974,3.4410372668117293,5.1982001560850275,150.2089667635584,-54.4390546069488
491063000,0.5355506369322508,-0.12642396102338976,3.447116573303049,5.188477110557425,150.45616000034818,-54.56453119322224
491073500,0.5364995598583002,-0.12773448253311204,3.4592693768150875,5.169152124103399,150.52041295103976,-55.260726781179685
491084000,0.534410177301498,-0.12607083505581534,3.4353698157223542,5.207298351741904,150.10931717306744,-54.18492305574786
491094500,0.5353855225314902,-0.12711143041917053,3.44709384872333,5.188513385782557,150.24420784497906,-54.78375928148758
491105000,0.5330337704114495,-0.12639361684507636,3.4229601954455227,5.227335027298194,149.53024435287375,-54.006794615453565
491115500,0.5354199235762683,-0.126752551668709,3.4466062681088276,5.189291836087175,150.3356446827207,-54.6580782137767
491126000,0.5367000642714579,-0.12630933167386849,3.4579457055214844,5.171249788547666,150.90987524479567,-54.77400299860881
491136500,0.5345442249769545,-0.12761622210619855,3.440167896735981,5.199593665878089,149.8221897487078,-54.78619949973867
491147000,0.5364869427955992,-0.12601822623650533,3.4552238153755437,5.175568767167506,150.89420851140864,-54.618378974015236
491157500,0.5360068302014249,-0.12748398307188155,3.453933291612699,5.177619111347496,150.39280793840098,-55.05872714901412
491168000,0.5354308451905676,-0.12599151728492036,3.4449836742063304,5.191884132708408,150.50601598688755,-54.3773879893189
491178500,0.5355079737775594,-0.12693077688509366,3.4478597960648756,5.187290992538004,150.32928624606106,-54.74357039634443
491189000,0.5351905001843802,-0.12815241352390158,3.4476054815637887,5.187696793222999,149.94307906962757,-55.12621441759957
491199500,0.5358321102035644,-0.1268916366060157,3.4508925087563718,5.182456832028377,150.45831996331697,-54.800180819472466
491210000,0.5359756328870686,-0.12672411273778497,3.45189406203727,5.18086238750462,150.5485141986685,-54.76939213522413
491220500,0.5366527326405636,-0.12685787607046672,3.458739385613453,5.169991807883441,150.77130502093866,-54.968321008990635
491231000,0.5385842011902984,-0.1278610759155025,3.4798193575757033,5.136809124726024,151.2692573852184,-55.77291428766554
491241500,0.5361676210132699,-0.12594501188575852,3.4519748877071468,5.180733759363983,150.79095870929262,-54.521031361456956
491252000,0.5369867802601574,-0.1255142123935007,3.4589155331755856,5.1697126999261,151.19195285435563,-54.53937042362116
491262500,0.5377813561308411,-0.12734408443959314,3.470801986251096,5.150949868271053,151.08476229161104,-55.400091035763246
491273000,0.5367230798136419,-0.1265560240256822,3.458730511990328,5.170005869068098,150.8641343662143,-54.87121224282612
491283500,0.5374593553311409,-0.12707484738907923,3.4670539452102456,5.1568510232706375,151.024336541201,-55.22787495951243
491294000,0.5372741528242422,-0.1257827884326232,3.4623079193215145,5.16434346755171,151.24069380584453,-54.70326710191385
491304500,0.5381492178876106,-0.1273589986660322,3.4744167891799655,5.145271643407145,151.21897194800957,-55.48771978407236
491315000,0.538044813022903,-0.1254680408579638,3.469076716447288,5.153664515725258,151.59966034088032,-54.75490942340093
491325500,0.5378209830826205,-0.12715680669296386,3.470756419908873,5.151021527364729,151.14128384428685,-55.33891070683264
491336000,0.5366907902264962,-0.1275278045987834,3.4606440120025286,5.166975548902423,150.637315101381,-55.2262630997169
491346500,0.5371352750408456,-0.12618332808694277,3.461872306260772,5.165032283059928,151.10040289056818,-54.82275219524712
491357000,0.5371863722705825,-0.12564688101196456,3.461148951206663,5.166176510033216,151.23767189457052,-54.63297599880658
491367500,0.5365818101580302,-0.12565723455335578,3.455322383536834,5.175412233838416,151.00885276306667,-54.504154374179684
491378000,0.5376179591659351,-0.12718276460181066,3.468842425686939,5.154033390587893,151.05961586792043,-55.30344074292665
491388500,0.5375556421966016,-0.12625427966736116,3.4661113598783864,5.158337280369437,151.24219600543606,-54.9421526430342
491399000,0.5370004662179362,-0.1259315906398458,3.45999409899264,5.168004375496933,151.1053709970232,-54.69880077199449
491409500,0.5382793957541513,-0.12641537579101433,3.4735178109618503,5.1466825774755,151.4779966122716,-55.16304973429183
491420000,0.5369749333777618,-0.12589048743686748,3.4596535630461624,5.168543619789978,151.1048494605458,-54.67779036066993
491430500,0.5374200527579562,-0.12584931389295537,3.4638738074559012,5.161868959330141,151.28076527940507,-54.7603638274612
491441000,0.5381145740175041,-0.12615857950272913,3.4713262625464196,5.150125522122049,151.473106761669,-55.030012914971465
491451500,0.5379538037738515,-0.125774007857348,3.4688864406680247,5.1539640878489585,151.49783363495405,-54.84990530781707
491462000,0.5370698020949544,-0.12604574973863272,3.460924989137127,5.166530886451961,151.10620729712247,-54.756813857838004
491472500,0.5368228306484301,-0.12548052199306206,3.45725288490097,5.17234842249206,151.13786857472004,-54.49077893165858
491483000,0.5375104487374087,-0.1267106102497173,3.4667151000497736,5.157385208709574,151.1242441324629,-55.10303019920104
491493500,0.5377592193519195,-0.12784546903748942,3.471743716845987,5.149469331761432,150.96463826583437,-55.582327467998745
491504000,0.5379956576029203,-0.12605823450804515,3.469940423978406,5.152305136259806,151.45067568939714,-54.96596933721525
491514500,0.5384431066381685,-0.1267093421876241,3.4757867651622556,5.143123015076907,151.4740261927001,-55.30984737510212
491525000,0.5373948295567863,-0.12600349818514556,3.463979597713799,5.1617018713767475,151.23730408468884,-54.81262618773795
491535500,0.538848859967396,-0.12768015860182377,3.4819854640439574,5.13342420022449,151.40894031121908,-55.7646359519865
491546000,0.5388599659629066,-0.12622283457316724,3.4787397677760956,5.138497890500924,151.73913881795178,-55.21985528565767
491556500,0.5380196137957456,-0.12649563936333852,3.4711722579955735,5.150367643102406,151.36267215552655,-55.135457519103404
491567000,0.5370226291263076,-0.1264697994819703,3.4614337454258717,5.165725950833248,150.99506477351056,-54.905071258237456
491577500,0.5368646829735142,-0.12671364402142865,3.4604608732972277,5.167265418833427,150.8822260696263,-54.961299535191976
491588000,0.5379225239957595,-0.12677035391910682,3.4708567949646234,5.150863677045663,151.26525096205185,-55.216859555047904
491598500,0.5380274100948282,-0.1267171908563062,3.471755460865452,5.149450873996163,151.316368766294,-55.2202560950498
491609000,0.5383035322311485,-0.1266245446995958,3.474231916413841,5.1455617336682735,151.44053133881405,-55.24693677663619
491619500,0.5387405258180602,-0.12582820322460264,3.476672832137571,5.141734317934315,151.781942134657,-55.0446346213364
491630000,0.5382935379530672,-0.12554770698727227,3.4716778560084327,5.1495728460238555,151.67571275293864,-54.83987202366996
491640500,0.5386930191080177,-0.12582760184614403,3.4762079550029448,5.142462804933052,151.76417372956888,-55.033856348263356
491651000,0.5384196677941941,-0.12577242180710643,3.4734172448385308,5.146840464161566,151.67345499202582,-54.952425566616284
491661500,0.5390995846858229,-0.12626388829442073,3.4811749317792433,5.134690262678651,151.82022970960205,-55.288748052520326
491672000,0.5393059145153469,-0.12590148950985697,3.4823639960045853,5.132833148177572,151.97888118740767,-55.19810822897176
491682500,0.5391009453446307,-0.12597632042987214,3.480530611280816,5.135697158618251,151.8848660096258,-55.18065683468882
491693000,0.5395724444368186,-0.12649372362310923,3.4863298527996274,5.126649139986842,151.9470510936125,-55.48111566930742
491703500,0.5395295241099454,-0.12572017617814202,3.484138602441634,5.130064086462378,152.1037838631014,-55.1794841231145
491714000,0.5397708312796899,-0.12712666112965695,3.489733005476425,5.121354772162982,151.87962375875296,-55.76413722303269
491724500,0.5387870976974405,-0.12615445677309592,3.4778719749635267,5.13985617799165,151.7269327553299,-55.177883123392995
491735000,0.5395541299048073,-0.12554411717056627,3.4839781255347253,5.130314365107733,152.1523395035737,-55.11839424619855
491745500,0.5384617146050664,-0.12620290249216223,3.4748086585063156,5.144656858949234,151.59373047272186,-55.12373450906666
491756000,0.5390796653412078,-0.12609135076896583,3.480585472744014,5.135611409396333,151.85120675333272,-55.219284982761216
491766500,0.5392433532527103,-0.1259726655368128,3.4819146342999336,5.13353481163389,151.93939967299318,-55.21102003258377
491777000,0.5391665494028017,-0.12630766028342796,3.4819299291212435,5.133510926030834,151.83568764859064,-55.32018874834963
491787500,0.539850575296918,-0.12634934648873503,3.488724988411072,5.122921795944272,152.0843607716783,-55.48899020263036
491798000,0.5392754847146071,-0.12644762851506028,3.483316411772441,5.131346634662827,151.84544997406357,-55.3972658910186
491808500,0.5397071697708093,-0.12570020979623164,3.4858331264694873,5.127422851337982,152.1754139412446,-55.21157463043786
491819000,0.5402992094363345,-0.12669145308306112,3.4939176454076595,5.114860026736023,152.17688687216398,-55.71903312638907
491829500,0.5400914122770706,-0.12626386426248704,3.4908923864844508,5.119553663019366,152.19452927337426,-55.51073252446241
491840000,0.5406308751998269,-0.1267148187803607,3.4972345852470084,5.109724016971086,152.2969551632275,-55.80266637310027
491850500,0.54033244083096,-0.12645687288864357,3.4937041032291423,5.115191043254756,152.24226600184323,-55.637871358029216
491861000,0.5399606875639792,-0.12585939367588314,3.4886825617686914,5.122987772374508,152.23574513727948,-55.32846340411027
491871500,0.5404677112105365,-0.12594086587115602,3.493849308908953,5.114965951879508,152.4094664987581,-55.4729756608059
491882000,0.5399470106310303,-0.1263494544866595,3.4896713981861684,5.121450516141673,152.12075555346019,-55.510664629394235
491892500,0.5403070055706648,-0.1259087340557083,3.4921959267107736,5.11753015701785,152.3557961174525,-55.4247343917268
491903000,0.5405983909759755,-0.12641691383062958,3.4962282390562422,5.111281140069941,152.35186310230603,-55.682647902815305
491913500,0.5399864416548541,-0.12602330225174327,3.4893103800602954,5.122011648967907,152.2087868455956,-55.39623474202262
491924000,0.5403728006174112,-0.12621094055969143,3.493535607005294,5.115452264140801,152.31284634923654,-55.553924265894395
491934500,0.5409096566001047,-0.12625401045991638,3.498919016483008,5.10711987314156,152.50648679078984,-55.69112151682676
491945000,0.5412087572686644,-0.12668628349856237,3.5028656825619295,5.101028976500116,152.52213068535883,-55.922549676395334
491955500,0.5411366260631822,-0.1268094763038748,3.502438532619713,5.101687476502422,152.46690269559085,-55.95286823487176
491966000,0.5403691780143672,-0.1262950290352885,3.4936931464839076,5.115208028739978,152.29256942030756,-55.58492752550754
491976500,0.5410248728037292,-0.12619146793352204,3.4999109196534195,5.10558766002227,152.56428473013736,-55.69339802169492
491987000,0.5409148192816343,-0.12639721669128468,3.4992995219149807,5.106531986788284,152.47612863230893,-55.74655898389918
491997500,0.5410134673112121,-0.126344751212094,3.5001512036835516,5.105216630647414,152.52536060707075,-55.74894790516593
492008000,0.5406112091014438,-0.12666490934309607,3.4969258221976247,5.11020166336169,152.30078499537095,-55.779355306765204
492018500,0.5408077582038363,-0.12628417412362147,3.4979843889268207,5.10856447734056,152.4610663646014,-55.67957432824165
492029000,0.5406954582055523,-0.12670218991847224,3.4978413976013756,5.108785565591733,152.32422899919456,-55.8124741976464
492039500,0.5409812897183089,-0.1270565759986494,3.5014779197186696,5.103169009102993,152.3521310350192,-56.01115671202539
492050000,0.540583845745503,-0.12704671287973301,3.497538485004889,5.109253983617549,152.20419210204426,-55.91744586942839
492060500,0.5417154331637772,-0.12711053236810282,3.508856160892821,5.091812361551908,152.61776267128954,-56.198383153464434
492071000,0.5412983628761004,-0.12693786845479885,3.5043324410317935,5.098769132655388,152.4990279327391,-56.03815833560579
492081500,0.5413838593460759,-0.12633121670561107,3.5037752417587025,5.099627370400951,152.66892190194008,-55.827541210781604
492092000,0.5414858290508541,-0.1268777838989579,3.5060455454039143,5.096132348086968,152.58368480325407,-56.057959841709334
492102500,0.541971030343577,-0.12660356188497587,3.5102115486189227,5.0897317875841805,152.8301302520293,-56.064176392080334
492113000,0.5417167623498471,-0.12665671209308116,3.5078175382545953,5.0934078728449785,152.7214863787381,-56.026567908106735
492123500,0.5417581145421966,-0.126551896875785,3.507984319548535,5.093151597455257,152.7609916991928,-55.996164746731765
492134000,0.5410089137570746,-0.12521143727919215,3.4975092281951583,5.109299230446616,152.7787159923795,-55.31744567605162
492144500,0.541949536238571,-0.1264279502740412,3.5095926977584417,5.090681531244572,152.8618778923353,-55.99254545025192
492155000,0.5416391858374406,-0.1273436847738075,3.5086435602117296,5.0921388707733595,152.5357640023307,-56.269318165116886
492165500,0.5417529199208265,-0.12700193073203667,3.508975076106031,5.091629751971428,152.65669986309706,-56.16575266327797
492176000,0.5418735852887908,-0.12683126547972282,3.5097738284585023,5.090403514205396,152.7413202395824,-56.128477610760264
492186500,0.5419156174605116,-0.12673309642355857,3.5099626056992808,5.090113793745146,152.77961590735384,-56.10077443167039
492197000,0.5416358589117528,-0.12668165361267517,3.507074960761074,5.094549236140347,152.68511874977273,-56.017658678407045
492207500,0.5422315108515536,-0.12644847112841087,3.5124341157199783,5.086323840950011,152.96445969483065,-56.064465401620815
492218000,0.5418928726337375,-0.12706262650134614,3.5105015506615236,5.089286850016631,152.69594463518183,-56.22064702330233
492228500,0.541364611366843,-0.1270990546526408,3.5053604928654964,5.097186434045895,152.48750338686145,-56.11422689414096
492239000,0.5420725019615559,-0.1268430394423005,3.5117715684940194,5.087339258680986,152.81415884935475,-56.17824756229419
492249500,0.5420979028788276,-0.12714304503712578,3.5127199571017504,5.085885890082615,152.75537412203994,-56.297920069791815
492260000,0.5416885082908935,-0.1270541986505729,3.508458955274986,5.092422419448759,152.6203848949371,-56.170903629526784
492270500,0.5423010808196118,-0.1269581852763408,3.514305339138628,5.083458259925449,152.87471819727838,-56.274124716961175
492281000,0.5426656501094687,-0.12667165928176077,3.517259941604627,5.0789403527254615,153.07882031364846,-56.2484124366994
492291500,0.542172705538136,-0.12621031286339543,3.51130111788569,5.088060522940326,152.99623072411154,-55.96044206996101
492302000,0.5422362472937301,-0.1271348673891112,3.5140728147558837,5.083814165772216,152.80974305169846,-56.32641211905252
492312500,0.542380994255981,-0.12707855041893382,3.515378089892497,5.081816952407458,152.877576971649,-56.33810674481538
492323000,0.5425018856705242,-0.1272796021213785,3.5170464268546975,5.079266563063991,152.87748908082483,-56.442125728621875
492333500,0.542952041818422,-0.12694628995480603,3.52074544832922,5.073621240852973,153.12502613904712,-56.41851802142976
492344000,0.542565461214448,-0.12651229446895548,3.515895459176204,5.081025767470125,153.07704775700577,-56.16485220798968
492354500,0.5430820078306132,-0.12744468686185095,3.523201362972471,5.069880228615375,153.06004306417037,-56.638005169368405
492365000,0.5430824495169939,-0.12769656092103607,3.5237950457834972,5.068976742757519,153.00223452659498,-56.733840013212436
492375500,0.5420366455736394,-0.1273043786698228,3.5124880837244867,5.0862411481218475,152.69530051234523,-56.345118100855274
492386000,0.543281549547849,-0.12677275429063997,3.5236227781674927,5.069238871131595,153.2903947612756,-56.42794426019892
492396500,0.5442556606764928,-0.12666648450258836,3.5331024393387622,5.054855605072013,153.6870778055518,-56.611402178975254
492407000,0.543569800397787,-0.1261988447326042,3.525164619084629,5.066893743853594,153.53207733230064,-56.274788670313185
492417500,0.5431941388823078,-0.12627206260451937,3.5215906178516407,5.072333182027392,153.37170830218687,-56.21680295407924
492428000,0.5442101827070351,-0.12757915191619953,3.5347809743197525,5.052317543363564,153.45870663546663,-56.94969097090515
492438500,0.5435867844912917,-0.12734973177749762,3.528012084761476,5.062568631483972,153.27405182206317,-56.71811222208349
492449000,0.5438945230901446,-0.12735795149457166,3.5311050507418082,5.057879213676398,153.3894728041109,-56.792272672077516
492459500,0.5433766039721963,-0.12644637837424338,3.523812118643568,5.068950765620153,153.40150935172736,-56.32515643551185
492470000,0.5439422263603292,-0.12678990228539,3.5302554441745406,5.059166459474134,153.538728234093,-56.58637338453292
492480500,0.5434510360101809,-0.12747353817762502,3.5269471183035623,5.064185356218181,153.1938039772418,-56.733965405137546
492491000,0.5445983307075656,-0.12744053485472662,3.5383445634643187,5.046937825180546,153.63907536217175,-56.98677548064114
492501500,0.5442240987234199,-0.12677385459350735,3.5330367751632177,5.054954947160604,153.65023086492823,-56.64521683417763
492512000,0.5438818792775957,-0.12700581066097902,3.530155769843245,5.059317521013634,153.46591542743113,-56.65495922374515
492522500,0.5436762978989409,-0.12639546575141972,3.5266827863930614,5.064586802757485,153.52773446860553,-56.374417267927775
492533000,0.5438903157345735,-0.1269596639189693,3.530132412036655,5.0593529223038125,153.47977539059485,-56.63927951782693
492543500,0.5435060331386193,-0.1261122244885236,3.5243282823058464,5.068165528235755,153.5275136925153,-56.227046488383735
492554000,0.5440573368513442,-0.12724666972408483,3.532472547914585,5.055808721357913,153.47731528701817,-56.78742707661225
492564500,0.5441911248427207,-0.12738614623479072,3.5341376446877293,5.053289992803453,153.4961335931732,-56.871618006932714
492575000,0.544528033745129,-0.12787480296903284,3.538660470492212,5.046461489172929,153.51133924757715,-57.136276952960806
492585500,0.544272998597239,-0.126412718317883,3.532685542958931,5.055486387885853,153.75220339078112,-56.518200182577054
492596000,0.5448596999264766,-0.12774866680194386,3.541691444085215,5.041895971102081,153.66732996824325,-57.16529577879981
492606500,0.544424223087795,-0.12639628423210456,3.534161045938655,5.053254613005396,153.81395672369973,-56.54674394482376
492617000,0.5442698632916494,-0.1269985409200111,3.5340190459678227,5.053469307236109,153.61585828075945,-56.74173118461311
492627500,0.5448959850356823,-0.12698240231841965,3.5402574923845287,5.044054855989739,153.85928292398407,-56.88049463291926
492638000,0.5450346381184182,-0.12735851605393717,3.5425312881606104,5.0406324263679,153.8250424149013,-57.056772034766894
492648500,0.5445769634178478,-0.12678551262599733,3.536597661345666,5.049573537013775,153.7826389632006,-56.7311801772841
492659000,0.5455203419631258,-0.1273845991383405,3.5474776680206497,5.033203789016132,154.00508256920403,-57.17990938805372
492669500,0.5446369208288627,-0.12726690974896865,3.538324402919053,5.04696822711553,153.6941132305456,-56.92934168508932
492680000,0.5451704790759943,-0.127580036100703,3.5444171750710836,5.0377974817789255,153.8254694772407,-57.17320349242226
492690500,0.5450990820507665,-0.12765991515181044,3.543887422130524,5.038593497596401,153.77953142381162,-57.187129470999814
492701000,0.5444482496709548,-0.1276758460695222,3.53739263604541,5.048373734783237,153.52712539630085,-57.04181339288262
492711500,0.544298695887904,-0.12728875349742702,3.5349863976617986,5.052007108917621,153.5597588242909,-56.85932370429897
492722000,0.5444227056437521,-0.12805442777347992,3.5380277643329854,5.047415599173766,153.42939356831207,-57.18027414537012
492732500,0.5451732427089123,-0.12761512424829793,3.5445275323576797,5.037631689571392,153.8183484678059,-57.18727723654003
492743000,0.5451274534951659,-0.12668417354460523,3.5418850072556745,5.041604697728207,154.01722441140888,-56.81976998176327
492753500,0.5454686888124693,-0.12653843125505157,3.5449755421898255,5.0369587496092825,154.18216053601918,-56.84292731559515
492764000,0.5461442672848531,-0.12721687997531567,3.5533740677430936,5.024377729855542,154.28385800638216,-57.26126866222355
492774500,0.5457667092455449,-0.12680284696644853,3.5485943555106036,5.031529823489223,154.23530216519532,-57.01391397927967
492785000,0.5458129126353529,-0.12749924159741946,3.5506953751523227,5.028383399312028,154.09053340210616,-57.29222373310207
492795500,0.546060210827289,-0.12742667505199584,3.553019292106717,5.024907878200756,154.20245452732436,-57.32222739340686
492806000,0.5456707801129129,-0.12686670158688476,3.5477774347400177,5.032754312617238,154.18354747646652,-57.01612850937972
492816500,0.5464868817819799,-0.12685547185637355,3.5559864564624215,5.020477522241461,154.50031983440812,-57.202280430842805
492827000,0.5462663337052428,-0.1274079774010476,3.5550567652372878,5.021864806231614,154.28604214482388,-57.36332428995675
492837500,0.5465602734018158,-0.12782569048823775,3.5590152727426037,5.0159633847784235,154.30091026016126,-57.59289138007606
492848000,0.5465398743193919,-0.12772413433953486,3.5585686305635407,5.016628534309829,154.3169619650717,-57.54906687485275
492858500,0.546613817247097,-0.12732086611530252,3.5583648114247377,5.0169321265762985,154.44015498028833,-57.41131642519233
492869000,0.545403383312631,-0.12709081437290795,3.5456106661359144,5.03600506867773,154.02867567818683,-57.03995497441008
492879500,0.5451767451986536,-0.12746152052092724,3.5442014597473315,5.038121588104396,153.85548195020704,-57.129290161842675
492890000,0.5455883510867143,-0.12799005918616438,3.5495900206012254,5.030038240872252,153.88961751105012,-57.427762415623135
492900500,0.5463446133875496,-0.1276384012080693,3.556391388154036,5.019873529944481,154.26207426119416,-57.47024141127485
492911000,0.5442634771344292,-0.12700994895776227,3.5339817689621986,5.053525670623591,153.6107802107234,-56.74461778750672
492921500,0.546651448206448,-0.12773919885480892,3.559733415736737,5.014894290087764,154.356306681659,-57.58110573678475
492932000,0.5461171993705318,-0.12775385760379512,3.55436644882983,5.02289540528332,154.14765627847115,-57.461200499728825
492942500,0.5465877731515014,-0.12798327293682069,3.559666780859098,5.01499346927456,154.2743712916686,-57.659897697806514
492953000,0.5466333512940835,-0.12726662001445538,3.5584346471196957,5.016828100802392,154.4604092710705,-57.39501414357519
492963500,0.545795855681094,-0.12735289270094557,3.550178926156367,5.029156442925522,154.11819592562586,-57.23206850744887
492974000,0.5463782397955905,-0.12717904293174365,3.555648553280838,5.020981649784177,154.38272668877008,-57.301482980765634
492984500,0.54577163179039,-0.12762557290646107,3.550576858921073,5.028560778033862,154.04514840182728,-57.33102726765388
492995000,0.5464492793253519,-0.12767222306773537,3.557529524044793,5.018176696703502,154.29434781455362,-57.50782075014602
493005500,0.5468983445223048,-0.12837589907070557,3.5637452823161224,5.008930456112772,154.30094166955217,-57.883957718427766
493016000,0.5473258228778793,-0.1288734555966393,3.569271353458081,5.000739508275438,154.34702135584706,-58.176295697785584
493026500,0.5463128088773608,-0.1286341428974058,3.5584310794406875,5.016833415034117,154.01547742022444,-57.844604364555664
493037000,0.5464494694682877,-0.12929488935537647,3.5613919049540375,5.012427096951219,153.91143817045514,-58.12959099758182
493047500,0.5466654123050058,-0.127890632244483,3.5602332316021594,5.014150493892986,154.32601903766704,-57.64259879571958
493058000,0.5464558192559508,-0.12797878420210465,3.5583209720564835,5.016997431036923,154.22476442169932,-57.627102638100034
493068500,0.5476533574152833,-0.12816312056946302,3.57090602299852,4.998321812998456,154.64167106128022,-57.98100989961761
493079000,0.5467059623342096,-0.12836662957097725,3.561773654217014,5.011859554232959,154.2293031342447,-57.83492639340958
493089500,0.5472620437464304,-0.12826633541918273,3.567174748686953,5.003843931166467,154.4666073288607,-57.92795164489633
493100000,0.5469451674383906,-0.12800161587265957,3.563330605726544,5.009546217435757,154.4073751162428,-57.751231044665936
493110500,0.5471180513423343,-0.1280289596180021,3.5651489154159126,5.006847327897429,154.46740061494418,-57.80258774746695
493121000,0.5473503801108333,-0.1282569391279863,3.56804956108481,5.00254812334552,154.5028055340257,-57.94526876505985
493131500,0.5475827148336679,-0.1282662591230225,3.570433151259047,4.999020948857336,154.58999326720323,-58.003957741668955
493142000,0.5473698899335636,-0.12823069837614737,3.5681852996189236,5.002347123687031,154.5165293091338,-57.939798523184265
493152500,0.547826971025886,-0.12753911753863115,3.571190497249555,4.997901317616123,154.85654020909152,-57.78147011457503
493163000,0.5475294447633237,-0.12747168856688512,3.568005420417346,5.002613489783747,154.75760281729475,-57.685073815191046
493173500,0.546845731066501,-0.1279460695733163,3.562191017577162,5.0112392155064,154.38225551622023,-57.70641054617795
493184000,0.5473266307268244,-0.12717077978031646,3.5652348838807684,5.0067198001829425,154.75028539051553,-57.521063134687836
493194500,0.547060882284762,-0.12794108205815108,3.5643604066458447,5.008017332495795,154.46617215746448,-57.755275018133275
493205000,0.5471003244709208,-0.12805722705923053,3.5650361816951657,5.007014569961249,154.4539005144477,-57.80926985813862
493215500,0.5479306812370822,-0.12794454566236094,3.573208462649141,4.994920549144371,154.80046048790467,-57.962575164958636
493226000,0.5474290928828959,-0.1277667127344982,3.5676845528011425,5.003088704663947,154.64916711882765,-57.77514845836049
493236500,0.5471486334448247,-0.12842425928531306,3.5663994230107385,5.0049929519004905,154.38560743445225,-57.961777708691635
493247000,0.5467421031267082,-0.12804958389733614,3.56138664511375,5.0124349176243745,154.31801659671422,-57.72174558549853
493257500,0.5471474257290535,-0.12795269980564594,3.565265955958163,5.006673708748942,154.49672554880246,-57.78019077733707
493268000,0.5472593923915378,-0.12798105044461844,3.566469679852853,5.004888810000434,154.5331141305732,-57.817572263757604
493278500,0.5474852887300412,-0.12854975644707262,3.5701185569540033,4.999486184532289,154.4851991430989,-58.08987396919043
493289000,0.5474952334493138,-0.1284086391978793,3.569882992328433,4.999834605954264,154.52253629318804,-58.03797553537026
493299500,0.5479936455246985,-0.12749949201965574,3.5727932806421,4.995533522519249,154.93032980196512,-57.80563191307698
493310000,0.5479324781853916,-0.12841289031527978,3.5743426129507663,4.993246880760658,154.68981750857776,-58.14355116438326
493320500,0.548155903164899,-0.12797718382335432,3.57558078059279,4.991421028923177,154.87963231940816,-58.02868412060061
493331000,0.5491339412931773,-0.1285145275561809,3.5868581532012875,4.9748538904340185,155.12915419650187,-58.4698622361912
493341500,0.5484357236377057,-0.12803604895108492,3.5785752786901437,4.987010887147847,154.97369495169713,-58.11802087608988
493352000,0.5485923138958172,-0.12814628500156877,3.580437119000121,4.984272899151487,155.00791531676626,-58.19795176836352
493362500,0.5487007259386578,-0.12805580892901944,3.581328970214849,4.982962452967261,155.07141289473512,-58.188849785038265
493373000,0.548559984475693,-0.12877112516631845,3.5816016755100435,4.9825618933393185,154.8460979046367,-58.43137871257141
493383500,0.549024300097524,-0.12865800722448872,3.5860794405910665,4.975994234297139,155.05236720152757,-58.49900326451671
493394000,0.5477626231999508,-0.12910203245790886,3.574262257650055,4.993365423344917,154.46023626418798,-58.36809032748672
493404500,0.549686149700008,-0.12773917739802082,3.5906661086753955,4.969285257148256,155.52904406429013,-58.301806623722364
493415000,0.5490799065923918,-0.12867785607381851,3.586696485629073,4.975090591666136,155.06908313493014,-58.52001352482029
493425500,0.5493968431803838,-0.1279116113773567,3.588109985479896,4.973021836686544,155.37545114824178,-58.29942488449872
493436000,0.5485808668158232,-0.12820861772164524,3.5804689594248695,4.984226102070933,154.988616705025,-58.219302781968636
493446500,0.547059754832814,-0.12641550637613494,3.560753403458707,5.013376645854022,154.82452677776297,-57.166472944583845
493457000,0.5500590981034392,-0.12833629535631147,3.5959264317693105,4.961613755038176,155.53034299994292,-58.62326072766912
493467500,0.5499037012455735,-0.12856579939686585,3.5948797602747895,4.9631382510038975,155.41476724912204,-58.67480766313409
493478000,0.5507565308231683,-0.12697930587795944,3.5998671100152255,4.9558827032978545,156.12846700811613,-58.26250453977283
493488500,0.5507946401914472,-0.12840106181374686,3.603660023830179,4.950379376625904,155.80045410980821,-58.82609424053344
493499000,0.5506105673587945,-0.12726671544776913,3.599046549987116,4.957074948299763,156.00239004994498,-58.33970639220318
493509500,0.5493318705155733,-0.12797478198067302,3.587594819099319,4.973775613680927,155.33513345388317,-58.30835867358832
493520000,0.5485511189981247,-0.12782618251802924,3.5792536389361858,4.986012945313313,155.06829550081034,-58.06437555271921
493530500,0.5513418134395779,-0.12810420642511916,3.6085996342672795,4.943231039513412,156.08552085447238,-58.84306337339975
493541000,0.5501507742516384,-0.12882567716722443,3.5980465846488396,4.958528659599783,155.44777264529665,-58.83515391073162
493551500,0.5485236057819702,-0.127582169389525,3.5783927346500497,4.987279499399703,155.11571495003685,-57.9634023491633
493562000,0.5520376159926601,-0.12603862941510816,3.6108778219946034,4.939941307499887,156.85749391525744,-58.2013935725816
493572500,0.5480594803078788,-0.12872368626277583,3.576379846543882,4.990243422278621,154.66464868903688,-58.293485268539634
493583000,0.5503463735335669,-0.127890106506507,3.5978134882669495,4.958867652049898,155.74945322872895,-58.5190865552644
493593500,0.5461584130675898,-0.12893801954274345,3.5575944254998864,5.018079971425381,153.8846801077339,-57.92436749986971
493604000,0.5496138449977439,-0.12747659172823608,3.5892986458024816,4.97128351734775,155.5638191838988,-58.182461341582645
493614500,0.551199282531266,-0.13065220947981196,3.613313320645222,4.936429385235578,155.40822787540574,-59.79722797373665
493625000,0.5467193606353458,-0.12587590768105247,3.55604732687282,5.020386718971715,154.8188366850309,-56.8781340717371
493635500,0.5461233314109536,-0.13098613986241026,3.5621688893336003,5.011272101366492,153.38493591075974,-58.69569754253072
493646000,0.5495363390561615,-0.1295610075362653,3.5935060630196562,4.965140526610512,155.03247726512183,-58.970826362478725
493656500,0.5481711122177596,-0.1289633641952153,3.5780927582452002,4.987720977107372,154.65035780863712,-58.412375437748125
493667000,0.5515828475716199,-0.1298414006823771,3.6153030049958015,4.93356411787743,155.7556559976896,-59.577566175567505
493677500,0.5485102402621993,-0.12846712481358105,3.5803653236563178,4.984378422805582,154.89961681580957,-58.302240704237335
493688000,0.549632011791845,-0.13090784862405272,3.5977686186934545,4.958932911407798,154.74232613244328,-59.512172574518246
493698500,0.5474911715447873,-0.1296319669347189,3.5727735251027477,4.995562693386264,154.22959364567032,-58.506447312744434
493709000,0.5495918182599778,-0.1282350225154458,3.590882960440733,4.968968525339007,155.37348287127753,-58.471569273746255
493719500,0.5495769102184,-0.12703292875088057,3.5878662470658975,4.9733784386433575,155.65543554508972,-58.001050309161826
493730000,0.5497882708932,-0.1292202286575178,3.5952701327795396,4.962569553893851,155.2121208305462,-58.900191760057005
493740500,0.5522628678938687,-0.12904424551039773,3.620421318621746,4.92620910027825,156.215530170464,-59.434265320362925
493751000,0.5495629323139023,-0.13091772704423507,3.5970826349161253,4.959930841960673,154.71341168602294,-59.49913201211448
493761500,0.5493790225750942,-0.12973050885075435,3.592301691822175,4.966897361325946,154.93086223345523,-58.99810787481681
493772000,0.552321268480575,-0.12994951361207294,3.623235814892291,4.922174254540005,156.0157837902692,-59.801033676744645
493782500,0.5477431849573166,-0.12918662515366766,3.5742674129153906,4.993357817967059,154.4325799924054,-58.39592506346978
493793000,0.5511593704831474,-0.13042831335960212,3.612351147553445,4.937816199608375,155.44777219344078,-59.70093759008092
493803500,0.5521092052853795,-0.13298743520276235,3.628556529946633,4.914565016790754,155.17983257081306,-60.92185865599332
493814000,0.547883479225289,-0.12981097300931413,3.57720035348555,4.9890348113121465,154.3369955486038,-58.66891165249325
493824500,0.5512572873203132,-0.13027185680913514,3.612981818547636,4.936907100700916,155.5240047339914,-59.66446464537432
493835000,0.5519207623055191,-0.1277076399027463,3.613643206833332,4.935954092621962,156.4079954945652,-58.82860829994734
493845500,0.5472704719822853,-0.12882441748798196,3.568591705066293,5.0017454235950085,154.33743746030856,-58.14432176993144
493856000,0.5525130437174186,-0.12812115443014957,3.620788357627966,4.92568253022407,156.53917175255245,-59.13476750208016
493866500,0.5505630502210239,-0.13031707417581656,3.6059151512410237,4.947113246208014,155.24473943562742,-59.51200484602429
493877000,0.5531496496930994,-0.12802426995674515,3.6271847186415944,4.916524553975698,156.81249677914596,-59.25254148261768
493887500,0.5524616614746135,-0.12940548664179047,3.623367736012338,4.921985299649125,156.2043293785921,-59.62387865764291
493898000,0.5473676047429027,-0.1295253454982795,3.5712600898245874,4.997798460474481,154.20774757135473,-58.436115785705965
493908500,0.5520881313003096,-0.12782719344681545,3.6156664202663538,4.9330411464360635,156.44445528827717,-58.91608855725617
493919000,0.5515936014239998,-0.1276084080103683,3.610015689024212,4.941185709538181,156.30404944656158,-58.710427414888954
493929500,0.5496716751295148,-0.1304562676527674,3.5970725384166946,4.959945532859572,154.8674914483082,-59.348361676823274
493940000,0.5507783447019619,-0.12868572743838017,3.604177505481804,4.949629509736409,155.7251441719,-58.93279969453469
493950500,0.5516532442499152,-0.13039787755326218,3.6173943886109616,4.930556076423239,155.6462733900337,-59.81048648815438
493961000,0.5521917163479289,-0.12909201427349468,3.619797897329849,4.927103752404992,156.17608397125443,-59.43544803996909
493971500,0.5515866068783963,-0.1269112536467882,3.6082785270240887,4.943695084255749,156.46986423014857,-58.435697308943475
493982000,0.5501275207831082,-0.13041726434227627,3.6016686790066563,4.9532671515655755,155.05240022677435,-59.44434105181276
493992500,0.5514352568691449,-0.12628339994117105,3.605222730719313,4.9481156169507425,156.5616292259143,-58.15282015694761
494003000,0.5490215446750245,-0.12922085514250561,3.5874048745794607,4.974053594401018,154.9160678006602,-58.715508913967675
494013500,0.5487514344876219,-0.1323844544642878,3.592362077710064,4.966809245099409,154.04553710568865,-59.86159110541972
494024000,0.5516118759716611,-0.1284145809076434,3.6121424061342484,4.938117171679508,156.1154545791679,-59.02972960251601
494034500,0.5520130382329457,-0.13124141963323097,3.623207985033115,4.922214118050688,155.57722721277034,-60.225518700913746
494045000,0.5483577323173943,-0.13623018629937295,3.597980513132512,4.958624742680244,152.94934937437074,-61.21620949356478
494055500,0.5498516776099109,-0.12725493127513032,3.5912125248882805,4.968487245760275,155.70937050651105,-58.1531253242603
494066000,0.5526238676643411,-0.1301127879271698,3.6267862179125863,4.91709408530414,156.0931315734166,-59.93916524259086
494076500,0.5503610290729957,-0.1286289407472613,3.599737644579687,4.956070772910291,155.57686532531682,-58.809703203485775
494087000,0.554403836642422,-0.13042417925659397,3.6461760431095014,4.889538557372163,156.7094631621736,-60.503016620147804
494097500,0.552714445807156,-0.1321072591378767,3.6326646278198536,4.908706462895738,155.63274666575182,-60.73430786296662
494108000,0.5385499609174687,-0.1314827684738872,3.488007128589772,5.124038354275237,150.4353697944457,-57.110835602178014
494118500,0.5507534843660712,-0.13883601945839041,3.6294488913607292,4.913291201010928,153.1889820332251,-62.79391933288232
494129000,0.5502741425932745,-0.13767300852122513,3.6214452927279597,4.924740351164505,153.30524914214342,-62.23712698877059
494139500,0.5536919894772472,-0.1329260671003329,3.6449451518483955,4.8912783927707135,155.80450104050598,-61.29574703984879
494150000,0.5487102378977797,-0.132059243936304,3.591136746172039,4.968597900762211,154.1092218497455,-59.72772214539922
494160500,0.5537362202722745,-0.12689461327868476,3.630592415770961,4.911659849055213,157.32000370011687,-58.951214258331106
494171000,0.5580222540765583,-0.12374709126130216,3.6683016711293206,4.858479693864773,159.80852247214912,-58.74321641130157
494181500,0.559660649580954,-0.12755240270693466,3.694966800359303,4.821582122973858,159.5174328762468,-60.69058317618453
494192000,0.5704329640240485,-0.1360720107610299,3.836032570678001,4.63556005874075,161.5641145825694,-67.01620949736652
494202500,0.5539052800570701,-0.13492762751761503,3.6522685680925293,4.880945587913399,155.37867012489951,-62.11966980066642
494213000,0.5526296271376254,-0.13964378561894455,3.6511617626623742,4.882504334836819,153.68287863528195,-63.578301031447175
494223500,0.5594607378423437,-0.13609761032703682,3.7144988978243467,4.79491737776276,157.2176141403285,-64.01659176538068
494234000,0.5482194003161003,-0.12150293895975615,3.5612370659140495,5.012657332219385,156.4162908956643,-55.51408362940593
494244500,0.5503073366222061,-0.14129787357169163,3.6313210474712383,4.91062096294271,152.392338175403,-63.593670389418506
494255000,0.5540917103123757,-0.11970186185375958,3.6175942131320693,4.9302688654881,159.1867897431988,-56.15515294639026
494265500,0.5592161025725055,-0.1385783513098446,3.718435856970027,4.789579310682779,156.46156986939863,-64.90959431214216
494276000,0.5444993824016946,-0.12190766641469175,3.5246764188419952,5.067636050978818,154.86458693319676,-54.828825163219015
494286500,0.5628925483535384,-0.12146369747826687,3.715295877107618,4.7938357802596405,162.37741460302811,-59.01557143762201
494297000,0.545568035262757,-0.11738425228196847,3.525433125197247,5.066485576347163,156.29042496822834,-53.28684856450733
494307500,0.5584438040556584,-0.1228795138062981,3.6707491207768865,4.855068932557901,160.1935404568077,-58.49420819770962
494318000,0.5539601169367616,-0.12886752636942217,3.6377008997281925,4.901543773508546,156.92297244750165,-59.78311048148367
494328500,0.5633237617469953,-0.11842732849847971,3.7129533364045613,4.797016318777517,163.31334288239788,-57.8509365009369
494339000,0.5540220252286,-0.1423445621816052,3.6730726021974482,4.851835475890101,153.4957914220513,-64.95056028410113
494349500,0.5527635607845849,-0.13935848529203354,3.65181129191578,4.881589459689353,153.8069416703206,-63.5060656797188
494360000,0.5419523503704431,-0.11648862607764589,3.487627200226508,5.124629497077187,155.0556406213512,-52.14883181863479
494370500,0.5545844589167522,-0.13917226584120182,3.6705009874397114,4.855414506904938,154.5405562474182,-63.90969789725555
494381000,0.545313613804679,-0.13969255252768453,3.5758401459151146,4.991038732147781,150.96305517478717,-61.74154976583905
494391500,0.5504692734340926,-0.13018995183032736,3.604637052908336,4.948963789113602,155.23958945680346,-59.44005756665416
494402000,0.5672296667985652,-0.1326027312752992,3.790682426603071,4.6937392990662765,161.23767864212437,-64.72415271395678
494412500,0.5381935239756975,-0.1414330887146032,3.509247939549677,5.091210786028178,147.97203525997168,-60.63101727586133
494423000,0.5569581040277615,-0.1333241481459042,3.680479320063161,4.841557394749913,156.96949209521816,-62.28311921885258
494433500,0.5561804250231805,-0.13143904234421316,3.6674506448583903,4.859666834812292,157.14835724430333,-61.34786123570655
494444000,0.5487443467579421,-0.14252323650863363,3.6184130746730614,4.9290922616365815,151.5033089101426,-63.642202699823955
494454500,0.5471745029275127,-0.12674876183643208,3.562698175562902,5.010485624883582,154.7907567180104,-57.32224668744452
494465000,0.5466589443778888,-0.13065632968191124,3.566795141524402,5.004406435406952,153.6671489996733,-58.69841664474731
494475500,0.5365471503659084,-0.1299647698190796,3.464914766279745,5.160225325284438,150.04060748772554,-56.09682091098888
494486000,0.5431122158672662,-0.15246488488864232,3.5882793061383493,4.972774142688381,146.9411906232464,-65.71989228208862
494496500,0.5522375805958608,-0.1301848897171069,3.6229419143445494,4.922595271366815,155.92525846495386,-59.87183359180082
494507000,0.5461483411510772,-0.12992691686023844,3.5598621689950627,5.014702665476398,153.64664357938986,-58.29918215196758
494517500,0.5533838523838216,-0.12221064853915538,3.6159299140611876,4.932662037820691,158.30838492949977,-57.00085622577253
494528000,0.5489960398134021,-0.12331257608481887,3.573253112408014,4.994854637588562,156.30474251337142,-56.40741878921323
494538500,0.5566752742632789,-0.13222637415439806,3.6746839644020164,4.849595628299148,157.1411214169287,-61.78207041739045
494549000,0.5751736774114277,-0.11878416812153114,3.8462666482888728,4.622634440998893,168.32195443050566,-61.044220569189456
494559500,0.5610347566089594,-0.13564761476272588,3.730373170306803,4.773467900449918,157.95095094410917,-64.26032791411832
494570000,0.5390834878194913,-0.12386363962143118,3.475578274268605,5.143449886663657,152.34608004262878,-54.37714049045371
494580500,0.5559538127158071,-0.13106590862868,3.664116970778643,4.864322888839182,157.15429494376033,-61.14423830366268
494591000,0.5722821575236224,-0.13632504793793113,3.857851050682544,4.608092092452562,162.2384051734954,-67.64602241522056
494601500,0.5613449172758457,-0.1342263469480822,3.7300296590196753,4.773929973877664,158.45158629381135,-63.785183497682354
494612000,0.5560545747507198,-0.1215903787679533,3.642452362461927,4.894805786551543,159.53496754582773,-57.38866675948319
494622500,0.5620180203154297,-0.12616767326566652,3.7170442603248137,4.791464763938845,160.825206428562,-60.73155288261414
494633000,0.5527193818976653,-0.1203976862172153,3.6049038825859814,4.948577332282301,158.46844064193257,-56.11492402484803
494643500,0.5493941611281822,-0.12668218838520162,3.585163484294027,4.977336244811461,155.66781435203723,-57.82093030074799
494654000,0.544773784119595,-0.13379647366321692,3.5554291977820442,5.021308968304936,152.20377334114298,-59.43012702403076
494664500,0.5815027619355241,-0.1371064946323099,3.968297483600614,4.474003360409347,165.78904567383228,-70.6959973480933
494675000,0.5628258585183994,-0.14576144786707104,3.777765950411148,4.710584419556218,155.85724018876795,-68.6363774447924
494685500,0.5531859927372846,-0.1323617980662871,3.6382278891252553,4.900795518137258,155.75108847661787,-60.95060490985952
494696000,0.5562316727121741,-0.12200991636554133,3.645285561031176,4.890797105417153,159.50577869203434,-57.601637982003794
494706500,0.5475198809212027,-0.13982327730287564,3.5986700040195365,4.957622253635554,151.73994639134617,-62.34072896898302
494717000,0.552164504703226,-0.1352373707392858,3.634829228768765,4.9056252916226795,154.63520056814573,-61.795741463510076
494727500,0.544825753376604,-0.1327691652820318,3.553420816356775,5.024307881037594,152.46951815956265,-59.058062094936176
494738000,0.5590932672462041,-0.1297817150727377,3.694380431405316,4.822387322849671,158.721110436024,-61.43744622606985
494748500,0.5585051693609713,-0.1369201163189092,3.706365175980738,4.805984506867454,156.62964743090885,-64.0817364049884
494759000,0.5518159093207101,-0.12480252419501216,3.6056738308495273,4.947462542203618,157.0663758009505,-57.66024924424155
494769500,0.5511659447432401,-0.13332271376411056,3.6195947156220027,4.9273954041204595,154.73488532543854,-60.81492746390781
494780000,0.5494284478655855,-0.13872098541482752,3.615422394969311,4.93339229760744,152.724345106633,-62.41432861784028
494790500,0.5648252701190661,-0.1305041999628996,3.758572642506917,4.7358455717422885,160.83189797818332,-63.22620842398314
494801000,0.5492409076013602,-0.12636703193811638,3.5828511874798528,4.980727409580957,155.68294981230275,-57.661718479704
494811500,0.5561562843834288,-0.12721824074164745,3.6568058848960856,4.874566210765217,158.1997020636764,-59.675960000203176
494822000,0.5472305003592972,-0.1174678716253662,3.542319065370365,5.040951653914703,156.93406450824173,-53.68759190682939
494832500,0.5558401469904664,-0.12749084621182907,3.654126068762442,4.878331908624492,158.006331584242,-59.70576370513187
494843000,0.5547115655796715,-0.1295948932260159,3.6473670995799,4.887856236302007,157.03711153168683,-60.255219513392326
494853500,0.5513360604576737,-0.13130643083972235,3.6163406789445185,4.932071158374812,155.29993735343865,-60.08328205069738
494864000,0.5648935351881315,-0.13320591134551305,3.766291192911203,4.725653552727987,160.1339789131966,-64.33158417421807
494874500,0.5556424868679091,-0.13192385370856494,3.6629704248332082,4.865926355378221,156.81498558006746,-61.400626963841425
494885000,0.5593737313613872,-0.12917142682175525,3.6958748167350044,4.820335781938362,158.98929382391296,-61.26608238113616
494895500,0.5543578844080084,-0.13406186214091942,3.6548199176044127,4.877356334328412,155.77327865561773,-61.90247274714751
494906000,0.5574315435008783,-0.12669418811688635,3.6690563381570316,4.857427467135561,158.83923116030533,-59.784461477683614
494916500,0.5561163435536791,-0.12357964561849219,3.647723125790512,4.887353593702565,159.07865173254942,-58.20864389185998
494927000,0.5558446935671851,-0.13040116983174393,3.66130805420662,4.868253139968682,157.27955019472992,-60.855956094896015
494937500,0.5555253739567635,-0.13151438161100307,3.660705718865621,4.8690967794742255,156.87312936135245,-61.21112451815136
494948000,0.5553482242671108,-0.13052484588609808,3.6563696643279093,4.87517878465305,157.05367403365335,-60.779356719870194
494958500,0.5559996636847244,-0.1298633727466384,3.661615687991951,4.867822379393715,157.47602265425212,-60.683593822341344
494969000,0.5548099615073517,-0.13112724685844915,3.6521919216821948,4.881053498411932,156.69162296039022,-60.87940233179353
494979500,0.554041860243278,-0.1309951023001144,3.6437891275208436,4.892913563084103,156.42542372408394,-60.635106947105
494990000,0.555273501798265,-0.1338164256143497,3.663855937880265,4.864687853031123,156.1892547081448,-62.04152254632398
495000500,0.5565694460302643,-0.13233053941929723,3.673822284753652,4.850793127980431,157.07310863145415,-61.795688003721224
495011000,0.5571811780205894,-0.129949920322391,3.67436575287905,4.850037784879983,157.92008513598583,-61.016373188631995
495021500,0.5559695547262143,-0.12965795799220722,3.660789983872965,4.86897873864886,157.5158588225528,-60.59512988876534
495032000,0.5564403109509727,-0.13086798207303177,3.668778963993098,4.857814153556616,157.395294245891,-61.18996906051675
495042500,0.5560675295675205,-0.13028364120926325,3.663374483653524,4.865361147601525,157.39675283400996,-60.866023401868084
495053000,0.5551844086720259,-0.13289357093466464,3.660572118511215,4.869283942697599,156.39024934190343,-61.661366588470216
495063500,0.5555714082812451,-0.13435614722408776,3.6683873200902775,4.858360250616306,156.16597798746423,-62.326472705002736
495074000,0.5561616749409225,-0.13078490559934947,3.6656176910082934,4.862225740399725,157.30697460832877,-61.08671012271905
495084500,0.5562778107582481,-0.13161395715547916,3.668921850615632,4.857614947892484,157.1419840415955,-61.44109281381463
495095000,0.5577237401337728,-0.13208800595570408,3.685506710318722,4.834606445923994,157.58731634232615,-61.99698506460038
495105500,0.5544923695791638,-0.13272551967925453,3.652850679798007,4.880126192485705,156.16466004034814,-61.42052296052498
495116000,0.5570876850213865,-0.13251547191686122,3.679804044628807,4.842492603376378,157.22821139826635,-62.00085953639453
495126500,0.5568311367716926,-0.13278981815883337,3.6777681395774007,4.845314432013324,157.05750760311284,-62.042104182923914
495137000,0.5564194871952926,-0.1300854762834746,3.666612021694528,4.860837256414373,157.58529582748412,-60.8769576157036
495147500,0.5574426416680185,-0.13255741182290795,3.6836949385134927,4.837109069440161,157.35627805478677,-62.10858553515424
495158000,0.5568504990210196,-0.13088688388111203,3.673182130560537,4.851683160555128,157.55167068458368,-61.30164055293034
495168500,0.5586484635246295,-0.13165061104361167,3.6942980185463523,4.822500514017247,158.0639097080559,-62.06331820647688
495179000,0.5552260575773605,-0.13046912888038262,3.6549426448477003,4.877183817459493,157.0198336355544,-60.72679799601878
495189500,0.5611241454576319,-0.13017166283306056,3.7172608928962387,4.7911711517315005,159.43062266859008,-62.117640145322305
495200000,0.5588859202955216,-0.13181632497680723,3.6972654066047346,4.818428342070521,158.11471941410028,-62.19007451570037
495210500,0.5582189457660754,-0.13275636761164894,3.6925002117876784,4.824971095271585,157.60899785406656,-62.387049364064936
495221000,0.5585065809521496,-0.13197332707039763,3.6935932704393704,4.823468683390918,157.92462370762416,-62.15382423986155
495231500,0.5570274638167042,-0.1314584062502941,3.676496024623414,4.847079336645291,157.4754699523375,-61.57129932018925
495242000,0.5583424850931525,-0.13470601365744056,3.6988317892701352,4.816281624449246,157.14956295135187,-63.18083789866703
495252500,0.5577109418872708,-0.13085572455147804,3.6822685951520433,4.839081166197886,157.89845412892262,-61.50887603744098
495263000,0.5554245221950846,-0.13453149491664207,3.66728136121854,4.859903048370288,156.06422175108435,-62.35640332185076
495273500,0.5575629466627783,-0.13299568127789366,3.686093564229738,4.833796386541293,157.2902808107007,-62.31103817087487
495284000,0.5569872449854507,-0.13200228475755943,3.6774369721303706,4.845773759581316,157.3205669315603,-61.77426767610722
495294500,0.5573836888745701,-0.1299319054187977,3.6764766193884624,4.8471062692595694,158.00469632094877,-61.060665523870455
495305000,0.5568945055825562,-0.13444692358758045,3.682677638452642,4.838515444394153,156.65455105727085,-62.7030560105121
495315500,0.5541748183966597,-0.13176805715162587,3.6471092216605063,4.888220378086807,156.28316290625858,-60.96903611746631
495326000,0.5566649591599971,-0.1299601885944043,3.6689055570388693,4.857637662767688,157.71371881225085,-60.88964684437691
495336500,0.5568649131702123,-0.13000061802761714,3.6711290944679487,4.854539842453572,157.78236196262722,-60.956210133626996
495347000,0.5538975403935382,-0.13493083048991883,3.652195395492659,4.88104860752746,155.37488696131328,-62.118922374714934
495357500,0.5592210878816739,-0.129392082707596,3.694783228910499,4.821834173016627,158.87188395362082,-61.31502061641989
495368000,0.556138770988362,-0.13193152446407863,3.6682452529223077,4.858558376148604,157.00675464988043,-61.529854220730186
495378500,0.5566470205057517,-0.13164840372294961,3.672927809123665,4.852036847062367,157.2777669717593,-61.548672076632904
495389000,0.5559856992566642,-0.13228832905871363,3.6675212874109206,4.8595682691778155,156.85607898144434,-61.63009839611181
495399500,0.5577232477546575,-0.1305589459970639,3.6816576923907864,4.839926319705671,157.9791564191481,-61.394905596077294
495410000,0.5591883267442223,-0.13173399807648087,3.70030619630003,4.814262750262556,158.25540658585763,-62.23591387217994
495420500,0.5563811373563162,-0.13378990292230555,3.675529397615272,4.8484212960612965,156.62513546753505,-62.31555766309647
495431000,0.558501601506923,-0.13378715763631557,3.698168758075932,4.817190065069981,157.45171112597308,-62.86404406689862
495441500,0.5573361569774151,-0.13199019491325686,3.681123405295013,4.840665727530478,157.46040372664018,-61.858992000991414
495452000,0.5582382011827597,-0.13229394407115383,3.6915307003120654,4.826304494754677,157.73620947110433,-62.21054548153303
495462500,0.5578078365743028,-0.1319118975462089,3.685959869911601,4.833980905997013,157.66566013816106,-61.94947253653436
495473000,0.5574950784837098,-0.13071325024170377,3.6796097361573414,4.842761775507622,157.8497289280545,-61.397540024971015
495483500,0.5570822243045715,-0.13299901668651415,3.6809736210003603,4.840873057826069,157.1016736057501,-62.18833484487866
495494000,0.5590898161207356,-0.13231381862217073,3.700719027019176,4.81369778092477,158.06607147961267,-62.43905777127548
495504500,0.5571817228416684,-0.13165826930418192,3.678640923481857,4.8441043129775005,157.4849030274832,-61.68919542943144
495515000,0.558412728290605,-0.1318390500567576,3.6922475703855153,4.825318488098057,157.92235463251677,-62.07671161852484
495525500,0.5583703018554564,-0.1307287419532572,3.688997700443249,4.829791778548175,158.19137897861978,-61.62764228433044
495536000,0.5564275824967204,-0.13076392392353975,3.668384406741093,4.858364313379103,157.41669792101277,-61.145869844836795
495546500,0.5578788494591779,-0.1328400684220181,3.68907338859123,4.829687500687323,157.4540815990396,-62.33181642708773
495557000,0.5578980626576285,-0.13197820750609784,3.6870917185994547,4.832419230989252,157.68403941089886,-61.99874946001336
495567500,0.5581742638377947,-0.13166183049988744,3.68924642324704,4.829449122932036,157.87415038825552,-61.94544344895004
495578000,0.5572678838302605,-0.1322480890229591,3.681047346929082,4.840771004672702,157.36742581477645,-61.942526390157624
495588500,0.558116341943226,-0.13238093280458058,3.6904468856447488,4.827795994052931,157.66587562401597,-62.21321342292127
495599000,0.5577504243207069,-0.13228335247689257,3.6862863683360705,4.8335303116031465,157.54747558724603,-62.08050245526197
495609500,0.5577002592380021,-0.13250121490553868,3.6863029376470986,4.8335074469028205,157.47164586392472,-62.152975916425525
495620000,0.5580724904366323,-0.13258051239206944,3.6904846108553375,4.827744062353002,157.59708113806482,-62.28018576072847
495630500,0.5583483691720075,-0.13213231052089974,3.692300704220212,4.825245422523011,157.82128376467773,-62.17548964500726
495641000,0.5584191600388666,-0.13262000787666064,3.69429836026619,4.8225000446658,157.7228802749322,-62.3854287261396
495651500,0.5578591293575582,-0.13312629842094528,3.6895922211605976,4.828972813608187,157.37229183232094,-62.438710012471084
495662000,0.5585895971481216,-0.1324799708081801,3.695769687398767,4.82048004838063,157.8261265698849,-62.37460423059971
495672500,0.5583182659009371,-0.1328634872974951,3.6938373456558797,4.823133332435746,157.62017440544955,-62.45479102976717
495683000,0.5587620133718002,-0.13282886307854233,3.6985094152503106,4.816723275695278,157.8032791312541,-62.55643019751144
495693500,0.5586438307775538,-0.1326627420285207,3.6968169907019512,4.819043254625941,157.80001996273097,-62.46048512339505
495704000,0.5589581597412049,-0.1332195109271539,3.701616159005625,4.812470501687086,157.77854459339295,-62.7608393699007
495714500,0.5587734181455202,-0.13260574155159638,3.698062807181262,4.817335264406931,157.86573825267718,-62.47173560648527
495725000,0.5584992464802483,-0.13251463366172833,3.6948888307988956,4.821689174615597,157.781640483832,-62.364804025450276
495735500,0.5589703294657833,-0.13215940679771906,3.6990422328886656,4.815993362252757,158.05908764242807,-62.347201194856154
495746000,0.558977531528901,-0.132652275772006,3.7003742258443446,4.814169640742584,157.9338912477892,-62.54308080894431
495756500,0.558771821667253,-0.13242149042755205,3.6975765104152165,4.818001820081982,157.91294076770757,-62.39887397869714
495767000,0.5579794230619952,-0.13278502735890357,3.6900090691539984,4.8283987664860035,157.5077060825476,-62.33627542913903
495777500,0.5586292567717036,-0.13303709454710833,3.6976160456465634,4.8179476229951055,157.69703591209068,-62.6036288714741
495788000,0.5585705617586734,-0.13292848267390386,3.69670865869939,4.819191834399261,157.70224565661425,-62.545770560961586
495798500,0.5587137210844707,-0.13277503189146456,3.697853504026714,4.817622128191096,157.79830632456847,-62.52273879224385
495809000,0.5583989477229604,-0.1324658470655484,3.693689483280966,4.823336484544381,157.7548804305409,-62.3196572479368
495819500,0.5589918492014742,-0.13310620889145786,3.701688173729436,4.812372013153271,157.82131034630407,-62.725159834266066
495830000,0.5586826860030399,-0.13255430837409285,3.6969577602976806,4.818850200001437,157.84342985889572,-62.427965595827445
495840500,0.5590488892209925,-0.1325363767813316,3.7008457812993028,4.813524341752608,157.99210503791187,-62.51604617152798
495851000,0.5597689668673144,-0.13235928526309532,3.70814837942459,4.803553714367531,158.32204821890673,-62.63383389986495
495861500,0.5599509163404526,-0.13348333221404632,3.7129932352678856,4.79696211065942,158.09940933112196,-63.124327764272316
495872000,0.5592473662161707,-0.13323791523086284,3.7047748529439244,4.808154501500534,157.88725488980157,-62.84355967835032
495882500,0.5589374772770573,-0.133942919168118,3.703252887121815,4.810233105295027,157.5814439484976,-63.038828136980946
495893000,0.5582532773395618,-0.13404145017404911,3.6961590957067583,4.819945717135762,157.28842682515236,-62.89857945884216
495903500,0.5594897068024801,-0.13362140939534167,3.708371288011733,4.803250031458187,157.88200992733454,-63.05752120523489
495914000,0.5586847455510424,-0.1340488978038139,3.700809244848746,4.813574333635212,157.45492524825332,-63.014146447814106
495924500,0.5598124876105643,-0.13362128045441732,3.7118535395655443,4.798511039414746,158.0087665137103,-63.142176788323056
495935000,0.5592378257671541,-0.13327154583617135,3.704758412772314,4.808176944596308,157.8747211375136,-62.8542716363499
495945500,0.5597059960216122,-0.13331460528448477,3.7099148453009794,4.801148222430826,158.04738830335026,-62.993716020467325
495956000,0.5589181505079147,-0.13274311915668044,3.69996783274349,4.8147259108160085,157.88691708533884,-62.56334926851088
495966500,0.5599042849448226,-0.13321834594064677,3.7118079064397542,4.798573079482665,158.15062739387136,-63.00784429233265
495977000,0.5598479069655483,-0.13288026146979973,3.7103318133271643,4.800580774881727,158.21701627727796,-62.85993410741457
495987500,0.5598266971777371,-0.1332457069016954,3.7110404747333092,4.799616680208311,158.11292138263155,-62.99826260976766
495998000,0.5595717429370894,-0.13319383031398302,3.7081566192650515,4.803542487994527,158.02623932077694,-62.91106707304162
496008500,0.5594627596665419,-0.1328480166123367,3.7060958686284873,4.806351835286219,158.0737745059709,-62.74654154376933
496019000,0.5597908327064961,-0.13331968037420006,3.710843444412368,4.799884689218353,158.07941602598538,-63.017954413790186
496029500,0.5598879832442605,-0.1337889791286188,3.7131014352358114,4.796815112376401,157.99433550585522,-63.227880067877976
496040000,0.5595875556906276,-0.1336129840169825,3.7094047558139702,4.801842585113244,157.9226209127903,-63.07987474866761
496050500,0.5595301210421424,-0.13336490507434062,3.7081472001525557,4.803555321071455,157.96509046456657,-62.96740338795602
496061000,0.5593120056461904,-0.13383679334156157,3.7070110390646778,4.8051038005059,157.7558660475538,-63.09538554703592
496071500,0.5599961871671523,-0.13336509721358455,3.7131779764430752,4.796711130622096,158.14827387193495,-63.089714157354386
496082000,0.55952484659001,-0.13367347449131056,3.708884268607911,4.802551314064487,157.8821445244619,-63.08716468605094
496092500,0.5595893547326704,-0.133496775505265,3.7091250189051777,4.802223466269552,157.95380182542672,-63.034720654638825
496103000,0.5596974141964848,-0.1337220841219506,3.7108711888628414,4.799846948182137,157.9371059268631,-63.151532758054834
496113500,0.5594407514590048,-0.13345012500971618,3.7074028937982484,4.804569624165145,157.90767539141663,-62.97746639833
496124000,0.5599699445211224,-0.13406528182082902,3.7147011988007175,4.794642783427934,157.95376203473248,-63.357898774771975
496134500,0.5597238803162398,-0.13374896054075405,3.711226153437308,4.79936414023421,157.94043408281735,-63.169033407822724
496145000,0.5591672874927317,-0.1335206098688685,3.7046386538117755,4.808340438534485,157.7819330462227,-62.93355650099726
496155500,0.560134315883474,-0.13380010356598776,3.7157927235717785,4.793161752493912,158.0881643291197,-63.297090324319846
496166000,0.5604530426431732,-0.1347840472296963,3.721796866407106,4.785031797653288,157.95314422936292,-63.76739946494587
496176500,0.5606569050886172,-0.13411763875542995,3.722274126401694,4.784386773013297,158.20971105649585,-63.55988095927639
496187000,0.5603772523689869,-0.13390851293789252,3.718701983900213,4.789218912595664,158.15505493564643,-63.40375701016477
496197500,0.5602763758324217,-0.13401776900364334,3.717892675882675,4.790315077486685,158.086579527183,-63.42006118189467
496208000,0.5588448851439378,-0.13375680642591323,3.7017779896125513,4.812249185250632,157.59388965418967,-62.941797065500516
496218500,0.5601772708734255,-0.13372251636330917,3.7160569306103413,4.792803405250825,158.1254843296072,-63.277910941883526
496229000,0.5602178566320263,-0.13335726048005292,3.715554144705441,4.793485387139884,158.23758366688452,-63.14488686177935
496239500,0.5604032131015332,-0.13382301203380642,3.7187619341422318,4.7891377336245995,158.18782743048612,-63.37699220253133
496250000,0.5608776578763026,-0.13348847601395863,3.7230402674278475,4.783351693672231,158.46301243145808,-63.37051697295668
496260500,0.5605684899274705,-0.13374088839621476,3.7203399955997973,4.7870018855556005,158.27452981906674,-63.38830969064642
496271000,0.5605762309368024,-0.13381866355799116,3.72062503354536,4.786616305421227,158.25703580816648,-63.42096211092644
496281500,0.5599597941901207,-0.1337853444640836,3.713867921415394,4.795774044218618,158.023491021846,-63.24534448337004
496292000,0.5598496997365892,-0.13414568458153903,3.7136099296663816,4.796124405842652,157.88542298215071,-63.357749304667735
496302500,0.5604503630612565,-0.13380359006181053,3.7192223455186704,4.788514381929606,158.21149726037498,-63.38179692198345
496313000,0.5607405985287188,-0.13374561230624749,3.722218049814324,4.784462552189691,158.34104280878455,-63.43563790701201
496323500,0.5607620317870815,-0.1339223255130327,3.7229079968721663,4.783530362339653,158.30274778717776,-63.51087659364396
496334000,0.5603379385210437,-0.13392275003115792,3.718313161373094,4.789745487938476,158.1358450536411,-63.398976604618284
496344500,0.5606199255430299,-0.13420949852566297,3.7221115075832087,4.7846065349654525,158.1708616672379,-63.58619467790921
496355000,0.5605384476526734,-0.1336746728026628,3.719843326888721,4.787673897720442,158.2801834578882,-63.35431444752906
496365500,0.560050574530623,-0.1339765513928845,3.71534328730324,4.79377145464187,158.00878551296216,-63.34432579998599
496376000,0.5596312099155386,-0.13365133168232585,3.7099744484078365,4.801067100743072,157.92969486760344,-63.106380926824585
496386500,0.5602504948117429,-0.13399639269093422,3.7175572231682326,4.790769581262555,158.0820552612579,-63.4048349338967
496397000,0.5610384860820783,-0.13492287759710023,3.7285137030907407,4.775970254323853,158.14576945235476,-63.9774223564972
496407500,0.5613452823759829,-0.13518059029746893,3.732525800966758,4.770574380465756,158.19738351435888,-64.16036137557914
496418000,0.5612454361236653,-0.1351687474381276,3.731407974289692,4.772076490184025,158.1613826056435,-64.12904997091772
496428500,0.5611040752608942,-0.1342091233563781,3.7273660350178153,4.777516056368605,158.3613452836337,-63.71440680041586
496439000,0.5612395371468855,-0.1344860428965605,3.7295595385968507,4.774562503940755,158.34103234256807,-63.8593569496628
496449500,0.56087388694771,-0.1343437369469788,3.7252156921001367,4.7804151312632746,158.23508574752853,-63.70625374188655
496460000,0.5604322125751,-0.13419338375662188,3.7200352655688134,4.787414174259007,158.10138969967335,-63.530200454066936
496470500,0.5611283648085121,-0.1344058867560633,3.728141920535557,4.776470898517217,158.31862881055403,-63.79826762072038
496481000,0.5610256494294802,-0.13416463788561395,3.7263983166179186,4.7788202802846955,158.3422894072683,-63.67608444151114
496491500,0.5608993041473171,-0.13381758163928809,3.724126234690005,4.781885305942514,158.3845155881965,-63.5059615948377
496502000,0.5621262053005937,-0.1341303229134956,3.7382953175126894,4.76283682320016,158.7853331150983,-63.95551524053753
496512500,0.5618544620132367,-0.13410188148769558,3.7352559645551744,4.766909721020747,158.68562256377186,-63.871778208268225
496523000,0.5618213810857299,-0.13410884806529477,3.734913375840787,4.767369256271341,158.67070938222867,-63.865709672369434
496533500,0.5616714588944456,-0.1338326468713046,3.73256155604477,4.770526349613923,158.68505919715284,-63.71675858571178
496544000,0.562122004230749,-0.133815589026649,3.7374304837390206,4.763995021077508,158.86765934384118,-63.82999176428652
496554500,0.5608609043476583,-0.1338542870958434,3.7238045319547215,4.7823196068796,158.3596768779513,-63.510255142708424
496565000,0.5610990079477295,-0.13410106682585146,3.727030216927242,4.777968566072614,158.38803292858202,-63.67052714735131
496575500,0.5610466053318192,-0.1352249773403895,3.7293926284495647,4.774787116851766,158.06843292396576,-64.09803288721021
496586000,0.5617267596162117,-0.13512355501840528,3.736533064853577,4.765197467945633,158.3624001364827,-64.23998922214469
496596500,0.5617919915515679,-0.13443607897777607,3.735445692021857,4.766655267001561,158.5718376534547,-63.98691830986789
496607000,0.5617674908600039,-0.1342631365813125,3.73472761738698,4.7676184634482075,158.60831783334842,-63.912207527053276
496617500,0.5616645413734495,-0.13448608174860158,3.734186801259633,4.768344155910251,158.50828487690347,-63.97260749353724
496628000,0.561865826271577,-0.13443708846190452,3.7362535866146724,4.765572066432134,158.60066833551892,-64.00702840316995
496638500,0.5613304263221808,-0.1343122968928184,3.7300956764094204,4.773841163617854,158.42302055996703,-63.81517273251394
496649000,0.5614825068654345,-0.13413220814459312,3.731282189763047,4.772245577225351,158.5308349649279,-63.784687721678395
496659500,0.5614978932766316,-0.13457026927323987,3.7325910017929473,4.770486795015499,158.42023038211167,-63.96130393554796
496670000,0.5614481347652527,-0.13402994393758128,3.7306422280002223,4.773106042132928,158.54447940116202,-63.73523201792368
496680500,0.5617191549546332,-0.13437014990752275,3.7344796393496553,4.767951183909343,158.56072476315086,-63.94150273290029
496691000,0.5619939470583833,-0.1349624657153051,3.7390262412774122,4.761858409495552,158.51059647521095,-64.24820853289555
496701500,0.5620783045535626,-0.13466628061714594,3.7391716078309867,4.761663871110989,158.6231348695365,-64.15416709356877
496712000,0.561780707028371,-0.13554492916918892,3.7382290446606494,4.762925556339591,158.270641883709,-64.41986889878102
496722500,0.5616518808415086,-0.13481205265342633,3.7349005420754398,4.767386472752483,158.41627514693363,-64.0975166333051
496733000,0.561861505916193,-0.13482072384433272,3.7372092923630595,4.764291336481569,158.49642702878143,-64.15697226001011
496743500,0.5623649647859779,-0.13427826331357298,3.7412897935657154,4.758831032869894,158.84010231250298,-64.07779083554802
496754000,0.5615832723390147,-0.13539262014850265,3.735675049592749,4.766347700025805,158.23402597577024,-64.30719587581973
496764500,0.5615387647280925,-0.13549361447488065,3.7354554237330606,4.7666422160151045,158.18952121640214,-64.33487947437825
496775000,0.5612848785302164,-0.13645957579386625,3.7352382984566934,4.766933415421459,157.83106920601287,-64.64454529313848
496785500,0.5621329558246841,-0.13555637646248236,3.742106238555519,4.7577400505123215,158.40581921129044,-64.51898598394294
496796000,0.561927054369107,-0.13567781065764023,3.740176775885674,4.760319139599061,158.2923632155503,-64.51129223945142
496806500,0.5616760139988013,-0.13541918630183783,3.7367560901805836,4.764898579385374,158.26329099240368,-64.34246425806379
496817000,0.5615576049489406,-0.1357749231423273,3.7364014860408874,4.765373822007089,158.12149194411606,-64.45015329707809
496827500,0.5617788147250442,-0.13538726157572134,3.7377935417933656,4.763508738185792,158.31219088126272,-64.35749348484292
496838000,0.5621555742153528,-0.13549409635486398,3.7421893511015605,4.757629019334818,158.43145016984477,-64.50060644733972
496848500,0.562164370084377,-0.13510588291059236,3.741264258454754,4.758865162673907,158.53919618119681,-64.35034130720591
496859000,0.5620850670435699,-0.13494862123088677,3.7399850609543766,4.760575559127563,158.5501677705442,-64.26717949101126
496869500,0.5619693519888339,-0.13531699971061095,3.7396886137169,4.760972114299722,158.40586194156015,-64.38101098194579
496880000,0.562351022425327,-0.13549012150285863,3.7443163293681603,4.754789366267845,158.50932342572537,-64.55162701850506
496890500,0.5619644688681467,-0.13484076979426013,3.738385481225505,4.762716107877626,158.5315881112139,-64.19241789514028
496901000,0.5620950159989571,-0.13489960724199956,3.7399652200975173,4.760602097973913,158.56722188798756,-64.25055056276202
496911500,0.5624908344926927,-0.13530982386292953,3.745371408798024,4.753382055870395,158.61284992802817,-64.51834659640699
496922000,0.5628057593685586,-0.1351190241068539,3.7483189303940594,4.749455044746965,158.78829355731315,-64.52800116866551
496932500,0.5626425067507834,-0.1352459760407478,3.7468641927229727,4.751392374213729,158.6897581988404,-64.53404931426856
496943000,0.563165308089198,-0.13544013695900575,3.753110639783897,4.743085176286627,158.84336189891886,-64.75166478843784
496953500,0.5628495344094241,-0.13522739736497078,3.749084201857884,4.748436553360858,158.77633775904692,-64.5825248027704
496964000,0.5625586004635946,-0.13481427933379772,3.7448107759846003,4.754129745752983,158.77281307707906,-64.34131833270551
496974500,0.561899174576131,-0.13554295085217835,3.7395169446891523,4.761201785588198,158.31765311325364,-64.45089298850816
496985000,0.5629634354349172,-0.13514679258322213,3.7501211040455433,4.747057265587062,158.84298932776144,-64.58146171185157
496995500,0.5626242122795222,-0.13533107513228418,3.746887942598209,4.751360732596221,158.65962906129369,-64.56263179253801
497006000,0.5628447249681787,-0.1350065323264676,3.7484501566069457,4.749280365416674,158.83396845085144,-64.49413177153609
497016500,0.5625155180217399,-0.13545207494148828,3.7460164749916744,4.752522059265444,158.58425396543606,-64.58096495670596
497027000,0.5632307109637128,-0.13591526304126963,3.7550866960377984,4.740463398038304,158.74044900634408,-64.9565199436284
497037500,0.5626895521841229,-0.13557686718960058,3.7482521793476526,4.749543904212506,158.61906683157648,-64.67698098297336
497048000,0.5628012677250774,-0.13534363097530452,3.7488613263762027,4.748733129687655,158.72597030891646,-64.61530790232976
497058500,0.5626106727825064,-0.13536865576395735,3.7468386650203858,4.751426384886669,158.6441730918162,-64.57377783792428
497069000,0.5626870309743852,-0.13581928807343965,3.7488653045633944,4.748727835653947,158.5526190997134,-64.7716172586576
497079500,0.5627324384249949,-0.13565398190176012,3.748925948059933,4.748647134887126,158.615119757312,-64.71889105622044
497090000,0.5627170032272931,-0.1356368795991233,3.748711562732525,4.748932438756655,158.6136664394936,-64.70799680393918
497100500,0.5626944576272725,-0.1351530960198063,3.747188835933572,4.7509598941228655,158.73524141669714,-64.51144884384549
497111000,0.5628645538449836,-0.13555949583848287,3.7501249789712565,4.7470521126991025,158.6926227428217,-64.71739359748776
497121500,0.562858805520586,-0.13544551437929,3.7497609843241233,4.74753620392968,158.72113927005014,-64.6709631288128
497132000,0.5629410594507249,-0.13561061620968545,3.7510993579853773,4.74575674430559,158.70892562888804,-64.75819022813002
497142500,0.5628491122669992,-0.13547551132149144,3.749733852482878,4.747572291716742,158.7092237167967,-64.6801587140185
497153000,0.5629306501472575,-0.1353009136321967,3.7501675689686667,4.746995477146881,158.78847703753394,-64.63338531647442
497163500,0.5630905654982181,-0.13529408220720185,3.7519044256543377,4.74468700987993,158.85337002636425,-64.67387239147116
497174000,0.5636266804612038,-0.1352733518960685,3.7577425150747588,4.736944403440807,159.0706026419916,-64.81074789862085
497184500,0.5635517300471025,-0.135519933718097,3.7575696161177574,4.737173333875483,158.9741604368121,-64.88779156862765
497195000,0.5632336313806366,-0.13530937953580846,3.7535158827804533,4.742547268589546,158.90566796320772,-64.71857346289754
497205500,0.5629617176301334,-0.13549307235370034,3.7510154725086435,4.745868235648518,158.7488267455509,-64.71748820861451
497216000,0.5626873351352468,-0.13534629842383417,3.7476196166696996,4.7503861453042235,158.68038006436848,-64.58563692438717
497226500,0.5633843258687268,-0.13493875332253774,3.7541948265771254,4.74164633860179,159.06535656783043,-64.6129313482065
497237000,0.5585506610059828,-0.13132993358745423,3.6924402291365253,4.825053569360383,158.10804600163831,-61.9115568791925
497247500,0.5634733388518507,-0.1356207798221984,3.756974087950968,4.737962028818277,158.91588864140473,-64.90631216034487
497258000,0.563862003360771,-0.1354087751927682,3.760691955938619,4.733042624575595,159.1268507572354,-64.9280983064226
497268500,0.5636739746303304,-0.13614109406190011,3.7605634903887477,4.7332124328765355,158.8535755917829,-65.16584532338005
497279000,0.5636140449532974,-0.13553484305336097,3.7582948629707675,4.736213207686256,158.99470723013746,-64.91057861930572
497289500,0.5639729912001369,-0.13606418790790104,3.7636547032632044,4.729129867630174,158.99233396730972,-65.21699717296907
497300000,0.5630341614820676,-0.13599565444934458,3.753140771441998,4.743045176102363,158.6413465219691,-64.93486209742512
497310500,0.5637113734070984,-0.13614608740307702,3.760988751321861,4.732650362310423,158.86694207604933,-65.17799277411164
497321000,0.5633381469327539,-0.1359427058256745,3.756340523378433,4.738801393221201,158.77528867823355,-64.99646683834462
497331500,0.5636137657662241,-0.13584909534744105,3.759124634763726,4.73511519400782,158.90927047031465,-65.03444237400633
497342000,0.5639550178357766,-0.1358360689139904,3.7628500274262646,4.730191908247922,159.04739239657172,-65.12212538011991
497352500,0.5637380518768569,-0.13566293494000367,3.7599995387749403,4.7339580229810565,159.00886642494385,-64.99479583235944
497363000,0.5635439382855248,-0.1360183712662414,3.7588054128486386,4.735537549644406,158.8357563939661,-65.08215130585906
497373500,0.5641996046828849,-0.13627512645077575,3.766717700486114,4.725091677768275,159.02409938403272,-65.36200031230192
497384000,0.5641865750518248,-0.13605870614283902,3.7659970720907983,4.726041103043476,159.0780641319643,-65.27309454046154
497394500,0.5639654243490428,-0.13627937006140683,3.7641443359334477,4.728483871599282,158.93066558330986,-65.29972869627734
497405000,0.5638203782010127,-0.1353895516387305,3.7601824832883057,4.733716129016158,159.1156211631308,-64.90919973097341
497415500,0.5640200113160406,-0.135036668842102,3.7614500540594946,4.732040809658104,159.29036676474476,-64.82378705950163
497426000,0.5643177451379835,-0.13614265397181954,3.767669432214965,4.723838373457858,159.10689005720192,-65.34203920055701
497436500,0.5644180118803661,-0.13603473747150727,3.7684898734584893,4.722758507854214,159.17595860952707,-65.32684406358553
497447000,0.5645636324524694,-0.13628670850372468,3.7707721368343092,4.719757249260414,159.1645088037122,-65.46614974125843
497457500,0.5647605291374543,-0.1358189743269351,3.7717038469807482,4.718533139864999,159.37034414930542,-65.33521727816063
497468000,0.5640502732391829,-0.13579879416721014,3.763801631741566,4.728935998800977,159.0951398265748,-65.13335394347394
497478500,0.5641202110026914,-0.13576454892490666,3.7644823309858437,4.728038043885007,159.1320842894343,-65.13888417399394
497489000,0.5646816591502766,-0.13646866994942972,3.7725646065535465,4.717402825453173,159.1612060527751,-65.57029400443871
497499500,0.564656903185008,-0.1359202284852072,3.7708266573262668,4.719685600640668,159.30165833423015,-65.34691702074016
497510000,0.5647267827802585,-0.13638982702472335,3.7728532864657716,4.7170238669698525,159.20063631296964,-65.5515604255145
497520500,0.5638838266896907,-0.13626878278811158,3.76321618905485,4.729708574137634,158.9014175821692,-65.27330018641224
497531000,0.5637728669488687,-0.13608390662364606,3.7615008736573303,4.731973667887942,158.90809278183627,-65.17024558331441
497541500,0.5645328885849217,-0.13598493683462246,3.7696272398474537,4.721262341412053,159.23494671209937,-65.33857613214745
497552000,0.5643706490987598,-0.136985525835996,3.7705086176125375,4.720103586956753,158.89690255323407,-65.68853081768809
497562500,0.5632213491590945,-0.13605645225932056,3.755358453261427,4.7401030701615126,158.69846636329706,-65.00952569610368
497573000,0.564296307865315,-0.13600081066444258,3.7670547631434164,4.724647733089649,159.13717542292613,-65.28020283288633
497583500,0.563807006888611,-0.13659749508757632,3.76324616213492,4.729669014090842,158.78149820080182,-65.38167766390059
497594000,0.5643932104246284,-0.1362994554098593,3.7689216508389647,4.722190405144874,159.0937848465705,-65.42452892425062
497604500,0.5644105500572253,-0.1358548289303289,3.767928499349592,4.723497334378608,159.22215730505275,-65.25373925572916
497615000,0.5643124840758637,-0.13604633742217995,3.767354684763945,4.724252778664363,159.13112779193202,-65.30259173645065
497625500,0.5641930778089272,-0.1361560772810198,3.7663282363046946,4.725604746863884,159.0540457034844,-65.31327831969104
497636000,0.5644841355411322,-0.13602304548565447,3.7691896854051254,4.721837814301565,159.2052682494368,-65.34030110312843
497646500,0.5640128110490708,-0.13624136762790107,3.7645658213558524,4.727927930329496,158.95970317038115,-65.2976886948327
497657000,0.5643760903732031,-0.13633084956457522,3.768816231175163,4.72232909610114,159.0784438162818,-65.4322254614824
497667500,0.5647879382943455,-0.13637582415687471,3.773493034135998,4.716184273907883,159.22861737130023,-65.5628086670828
497678000,0.5647844630123434,-0.13610973117661956,3.772743737345034,4.717167667930068,159.3002012985633,-65.45674892752685
497688500,0.5644120174219442,-0.13678500813515282,3.7704282865879755,4.720209174666896,158.9681894879041,-65.62099195188202
497699000,0.5645083870226949,-0.13715580417877737,3.772489716070042,4.717501146550969,158.90428805846364,-65.79331213560413
497709500,0.5649713841450801,-0.13622273121238926,3.7751161823207924,4.71405545739985,159.3430931716642,-65.55267141737674
497720000,0.564725742839618,-0.13692816704335276,3.7742844021713466,4.715146120611417,159.05239021472042,-65.7635045887543
497730500,0.5643624401766817,-0.1364732387339054,3.769045735108434,4.722027169576623,159.03409247245298,-65.48461895041434
497741000,0.5645385373344071,-0.13647380529839717,3.7709945186901406,4.719465018035975,159.10335182321495,-65.53307828729359
497751500,0.564099607332785,-0.136534088433282,3.766304925762231,4.72563545913394,158.91392770077923,-65.43667580822486
497762000,0.564782360513608,-0.1364358586638078,3.7735918406346407,4.716054629374411,159.2099430112733,-65.5849754836094
497772500,0.5650907472824559,-0.13646773007386123,3.777095084807264,4.711462718276097,159.32295349753056,-65.68227311254
497783000,0.5643665034396645,-0.13574551300374685,3.7671511806012283,4.7245207575330035,159.23458620317996,-65.19851312293102
497793500,0.5647113910981362,-0.13691664782066612,3.774094515282149,4.715395180343166,159.04990587785576,-65.75502265549689
497804000,0.5648392231707707,-0.13711120222236098,3.776033724732331,4.712852938717261,159.0467012582839,-65.86679235888525
497814500,0.5652504936104175,-0.13666831284329503,3.7794055389806323,4.708439277673637,159.33083786434085,-65.80546272399019
497825000,0.5645794303466791,-0.13746250351138514,3.7741018634703236,4.715385541800013,158.84781490598377,-65.93336532703687
497835500,0.5650192492260593,-0.13716431832824078,3.778172885352792,4.710051822869416,159.10293891494874,-65.93731337690033
497846000,0.5646028369174323,-0.13679306291672114,3.7725609941228067,4.717407567990833,159.04111082188504,-65.67652766128987
497856500,0.565754674498562,-0.13731260284631588,3.7867458496941895,4.6988601280320275,159.3517824850421,-66.19907337020187
497867000,0.5648342451256476,-0.13676685779149986,3.775053411745469,4.71413774664251,159.1394899940577,-65.72978357376233
497877500,0.5648752125691487,-0.13669944584497656,3.7753265537591156,4.713779691895384,159.17417550767846,-65.71446790197763
497888000,0.5650117597047424,-0.13632572890130001,3.7758391086906324,4.71310794735283,159.33077108051253,-65.60446307617839
497898500,0.5648235297857602,-0.13632906356056626,3.7737622017153156,4.715831114840265,159.2554992832332,-65.55411014786169
497909000,0.5654364389639428,-0.13668761317136385,3.78152255514894,4.705672455944711,159.39896468536733,-65.86434586268196
497919500,0.5651429094061734,-0.13659667604035783,3.778019332844121,4.710252777987509,159.30808126231287,-65.74754968298758
497930000,0.5651478053465586,-0.1360035435505043,3.7764867886967814,4.712259390963171,159.47303961283745,-65.51438860357054
497940500,0.5652056429460988,-0.13661993454994392,3.7787778711358078,4.70926024513518,159.32645125399526,-65.7740046666419
497951000,0.5651621661656854,-0.13641688887226666,3.777751177236557,4.710603757016658,159.3651531494394,-65.68182574884844
497961500,0.5652608267402753,-0.13688101590777993,3.7800916883143603,4.707542153881304,159.2762853594352,-65.89226899111779
497972000,0.565098795908665,-0.13709392007326654,3.778865910242956,4.709145075397858,159.1536842913296,-65.93152239524015
497982500,0.5647303755003804,-0.13693824854417383,3.7743627899661454,4.7150433133518685,159.05144232436433,-65.7687482797386
497993000,0.5651656903421968,-0.1377560922895658,3.7813960869826193,4.705837649213305,158.9970625527378,-66.21054962272903
498003500,0.5651902797216662,-0.13663046260392472,3.778635609183148,4.709446359534168,159.31748540628843,-65.7739317415543
498014000,0.5651827265218242,-0.13690797976536626,3.779297138206192,4.708581041125877,159.23804161593392,-65.88136974999213
498024500,0.5649734321722248,-0.1365283395691322,3.7759565785345033,4.712954021281101,159.25996398015428,-65.6739554164829
498035000,0.5659404437180103,-0.13692201816427113,3.787760637584081,4.697538963956359,159.53336834500547,-66.09630234224649
498045500,0.5657796424273698,-0.13702417127887603,3.7862453062602026,4.699512071672751,159.4415371745345,-66.09214091928938
498056000,0.5647691723026611,-0.1373514847749509,3.7759044024947315,4.71302238864435,158.95295188315316,-65.94201596679646
498066500,0.5659226087430282,-0.1371631685475341,3.7882124996891964,4.696950924286495,159.45949147670592,-66.18664807698335
498077000,0.5654437187511973,-0.13697494051361037,3.7823761308314627,4.704557822283244,159.32252824423338,-65.97980996159262
498087500,0.5652683257167622,-0.1365886959462449,3.77938986298526,4.708459777754067,159.35981271535795,-65.77892869087272
498098000,0.5649383812398704,-0.13694820000336494,3.7766946023413466,4.7119871907445745,159.13063651462022,-65.8299031706262
498108500,0.5656722886848854,-0.13663582513470623,3.784005474990745,4.702431659711937,159.50648828471142,-65.90896954554974
498119000,0.5654500591678264,-0.1371869604561116,3.7830179215419943,4.703720102177209,159.26643478233265,-66.06519392983374
498129500,0.5656899769761476,-0.13710994943592833,3.7854786232698245,4.7005110139037,159.38238727861926,-66.1011881159574
498140000,0.565423586647415,-0.1372125492951119,3.7827926810489543,4.704014070518649,159.2489229776246,-66.06796244995887
498150500,0.5656364228203642,-0.13713530467951007,3.7849511223871737,4.701198568747946,159.35423375460593,-66.09637211825884
498161000,0.5659962874667139,-0.13715823788022974,3.789020176230369,4.695900214040989,159.489960334349,-66.2051336965345
498171500,0.5656104602402819,-0.1371434149484119,3.7846841667582534,4.701546602395409,159.34174501897581,-66.09238753548911
498182000,0.5653785132782477,-0.13732149266633395,3.782585686778226,4.704284258340443,159.2010348396856,-66.09843104678139
498192500,0.5654194908329441,-0.13799098470324483,3.7848533471176107,4.70132603355776,159.03169371395245,-66.37317744659215
498203000,0.5660441455029671,-0.1376285538379659,3.790826374953659,4.693552262952453,159.3782278028241,-66.40404179143502
498213500,0.5657545410274094,-0.13771642748939808,3.787837309243947,4.697439175154776,159.23969406706698,-66.35819111170004
498224000,0.5657104095963725,-0.13799078463480932,3.788090350846053,4.697109870222331,159.1461019029029,-66.4538946882672
498234500,0.5658335685106263,-0.13775760658964598,3.788829239486092,4.696148561097548,159.25937556453079,-66.39636011315893
498245000,0.5666375382241456,-0.13765825078469154,3.7975333885850575,4.684854547289717,159.604138635447,-66.58107618170094
498255500,0.5656234194670443,-0.1376085656517432,3.7860853707532134,4.699720422203881,159.21799369987014,-66.27932837965305
498266000,0.5659564615591199,-0.13828835960469707,3.7916419822158947,4.6924928098913306,159.1600055129539,-66.63938406085845
498276500,0.5654552902242568,-0.13644658567810358,3.7810852059167397,4.70624377391478,159.4728677513795,-65.77426201236459
498287000,0.5664589931044451,-0.1344638618515771,3.7869743092083956,4.6985626275632715,160.41764257504067,-65.26157473533075
498297500,0.563498205529615,-0.13388334319923886,3.7526794968132666,4.743657600149402,159.39499033636048,-64.22539772011474
498308000,0.5674864667997053,-0.13622645903744623,3.803168623760924,4.677572203720196,160.34030959371705,-66.24975490772164
498318500,0.5651194775229436,-0.14622547561473073,3.804585824958732,4.675744419435684,156.59116882507132,-69.46480782165395
498329000,0.5667446436911431,-0.14422812861217021,3.8170569035358843,4.6597231393316605,157.78441814428484,-69.17019569945069
498339500,0.56852476422407,-0.1378729348387794,3.8193203208611637,4.656827428897811,160.29125804761952,-67.19614595221181
498350000,0.5658115273574922,-0.13833253439776044,3.7901465968981456,4.694435651784326,159.09074459431363,-66.61635313073145
498360500,0.5654865004976329,-0.13773594676458042,3.7849070506941667,4.70125602197005,159.12877958799416,-66.29149723831934
498371000,0.565959551764584,-0.1369529509017316,3.7880568934739935,4.697153408482615,159.5323534467768,-66.11382471514831
498381500,0.5656367996866877,-0.137207455345611,3.7851499859524815,4.700939341940661,159.33441129801173,-66.1249430655128
498392000,0.5667029974701936,-0.13700000172851545,3.7964815747405454,4.6862163656073506,159.8135186493059,-66.33891360843997
498402500,0.5669208095333893,-0.13751487941020418,3.800313705051571,4.681258679328335,159.7561573769287,-66.60350652304086
498413000,0.5661095080147394,-0.1370913483037218,3.7901016721835616,4.69449404458899,159.55325814863178,-66.21011345417936
498423500,0.5662449825974291,-0.13705231469990978,3.7915073099370358,4.692667711985053,159.61766085287778,-66.23228428319106
498434000,0.5665085754061769,-0.13818899379438268,3.7975360556533033,4.684851095178181,159.40500598884844,-66.75441642293096
498444500,0.566789854502348,-0.13741736197249832,3.7985832373739443,4.683496081265598,159.7315800151087,-66.52835984460202
498455000,0.5649670467971589,-0.1372686405837674,3.777874875785359,4.710441845870548,159.05362015104933,-65.96398281090586
498465500,0.5654892474684722,-0.13775007922002683,3.7849758929438746,4.701166277715504,159.12594157147572,-66.29781852485517
498476000,0.5661315269912203,-0.13759801526795934,3.7917181688650774,4.692393870390546,159.4211828009937,-66.41630102471657
498486500,0.566641197247461,-0.14037303286832256,3.805029961114799,4.675171911798251,158.84314676267581,-67.64820679454685
498497000,0.5627324377536298,-0.13833454341330337,3.7560863501625277,4.739138214799014,157.8866969615867,-65.76730996953702
498507500,0.5641193336413893,-0.13878692930973613,3.7725975440621697,4.717359584278879,158.30242269872807,-66.32469812356945
498518000,0.5646447800568996,-0.1407886056155745,3.7839137647430396,4.7025512818972945,157.95012028176276,-67.24855045010553
498528500,0.5668394740628289,-0.13829313170549762,3.801522943758011,4.679696497458638,159.50625138588907,-66.88807931735762
498539000,0.5678414102935219,-0.13710458409600557,3.809528555604733,4.669381141205316,160.2360839196289,-66.69850266623442
498549500,0.5675426031238282,-0.1385649032909981,3.8101552928832176,4.668575545500728,159.70719012345606,-67.19287663659506
498560000,0.56488860910235,-0.13796450543021707,3.7788850897682433,4.709119986166855,158.83061930826298,-66.2157178926341
498570500,0.5643626694252337,-0.14093308932289414,3.7811834738159438,4.706115392233095,157.80057915124263,-67.22559231604923
498581000,0.5626241664560592,-0.13621660771563282,3.7492290412868874,4.748243838532792,158.4205136942761,-64.91061731450615
498591500,0.5673985483966133,-0.1372016261371246,3.8048180181857396,4.675445096022564,160.03302309152357,-66.61298107957546
498602000,0.5669470287881211,-0.13857851431746276,3.803508602483414,4.677133594982875,159.46856737940962,-67.03069784375994
498612500,0.5687493283161951,-0.1358098580547244,3.816252238875787,4.660753478346949,160.96154631095266,-66.43620413999598
498623000,0.566875000965292,-0.14088136888113384,3.8090662033827405,4.669975622107469,158.79045754522787,-67.91269387323645
498633500,0.5692702463130285,-0.1375572293481431,3.8268837819169685,4.6471777613831335,160.67719129765655,-67.28156221781558
498644000,0.5715530791091683,-0.13868754112045675,3.856003967286757,4.610404529900428,161.26470034222928,-68.38602493651597
498654500,0.5670686440437921,-0.1360192937792281,3.797930109598763,4.684341109919091,160.23146645078654,-66.0509690587068
498665000,0.5661789426409514,-0.1360588227965972,3.788098955274697,4.697098673366165,159.866655474843,-65.82024916446944
498675500,0.567881915100075,-0.13607541112898522,3.8072014367445517,4.672374866440451,160.54019771191554,-66.2998031416845
498686000,0.5638596294180723,-0.13661047675933283,3.7638610964096584,4.728857541135491,158.79864314020244,-65.40115089099895
498696500,0.5657181172487659,-0.13831883426044375,3.789068501640452,4.695837362551505,159.05787179599258,-66.5849584527915
498707000,0.5669940284257802,-0.13971176680897993,3.8071541373682587,4.672435755548714,159.16793767343796,-67.48918964305226
498717500,0.5652214424582299,-0.1365962868603089,3.7788897943138324,4.709113832071429,159.33920285940482,-65.76901576417895
498728000,0.5679073235247518,-0.13876884525582683,3.814818508580277,4.662590465915923,159.79357349789296,-67.37631420620417
498738500,0.5639619403390604,-0.1373324767705889,3.7669249413347905,4.724818711062707,158.64123370853025,-65.71265224862321
498749000,0.5705995042798788,-0.13674366290741505,3.839755889668194,4.63084896122333,161.44024621191883,-67.33367576712985
498759500,0.5648764363836035,-0.13553711540160113,3.7722374697764574,4.717832342781954,159.4933292601783,-65.25530657961465
498770000,0.566930922103189,-0.13764733432336287,3.8007868788944723,4.680647272009042,159.7231353582757,-66.65872028591914
498780500,0.5669749724303534,-0.13685192268832705,3.7991241580989876,4.682796464482281,159.96260106034765,-66.35594669670516
498791000,0.5634376518993627,-0.1391237145613573,3.7659866273305767,4.726054866850839,157.94417379479313,-66.26766143619668
498801500,0.5667804282566834,-0.13764094389570114,3.7990848203385563,4.682847335990921,159.66542912165525,-66.61413622305272
498812000,0.5676233285756218,-0.13987424309045993,3.81467502748129,4.662774384755382,159.36878621003032,-67.73099113192616
498822500,0.5686204327162766,-0.13910299246751748,3.8237843604633537,4.65112713143486,159.980443128148,-67.71045782882366
498833000,0.5672614565547122,-0.13893029879173754,3.808000914977102,4.671345933422831,159.4934100503277,-67.25766052977399
498843500,0.5674620979851239,-0.13879940587648784,3.809894593372712,4.668910608919582,159.6093356830852,-67.26266327979953
498854000,0.5665017881499421,-0.1355589740911283,3.790362643098846,4.694154857345596,160.1331324039411,-65.71060980774303
498864500,0.5670413599958779,-0.13616293222840253,3.798010568142351,4.684236994319484,160.18070036781154,-66.1005874825088
498875000,0.5669074359457509,-0.14134798754938158,3.810734118487767,4.667831787299671,158.67061217816118,-68.10361927245187
498885500,0.567505453728371,-0.138139509118802,3.80857267914257,4.670610354262865,159.81227146213618,-67.01440385025634
498896000,0.5680919490975991,-0.13642335842282213,3.8105014202206555,4.668130762257618,160.52675398867893,-66.49741017094617
498906500,0.5671983241834669,-0.13785829799442512,3.8043578084008502,4.676038396844977,159.76980368377733,-66.81699661146631
498917000,0.5672274297490464,-0.1387027241128632,3.806993837723461,4.672642123473315,159.54410106419593,-67.1584560512498
498927500,0.5672867775825251,-0.1386390665017969,3.8074853052596267,4.672009472912348,159.5854059585119,-67.15007429667763
498938000,0.5670710360436851,-0.138187494685388,3.8038288984903645,4.6767204560959605,159.627206062825,-66.91134305036331
498948500,0.567162859055243,-0.13832440008548005,3.8052327966194635,4.67491049721753,159.62501140714318,-66.99114101556684
498959000,0.567394216698785,-0.1391280145929955,3.810036112326274,4.668728715914406,159.4898946169834,-67.37291603673043
498969500,0.5673880745628337,-0.13833049499571753,3.807776937622212,4.671634146753682,159.71218803785192,-67.0568448814629
498980000,0.5672920616230379,-0.1384363044272087,3.8069888005893247,4.672648608524545,159.64453655405188,-67.07160259818103
498990500,0.5688274726638837,-0.1379672959289782,3.8229976944325514,4.652130617171462,160.3847910138936,-67.31927217186309
499001000,0.5682706364706621,-0.13975631193985588,3.8216435072917347,4.653859082125443,159.65667419842023,-67.86854459010183
499011500,0.5681285588891865,-0.13809564646153438,3.8154624144357263,4.661765268894928,160.07121576332614,-67.17258327890536
499022000,0.5679118384414754,-0.13902235774296454,3.8155675692433135,4.66163053624477,159.72364422962517,-67.47760778745628
499032500,0.5686098122857249,-0.13786852650076942,3.8202682833096824,4.655615744510488,160.326279322495,-67.21843713744276
499043000,0.5640796128594828,-0.13932911303111026,3.7736364826277713,4.715996056772103,158.136975781795,-66.52485426268281
499053500,0.5677412086659909,-0.13907674203028697,3.813796557705912,4.663900760509562,159.64100360820083,-67.4507687577811
499064000,0.5672151743535493,-0.13764198099462382,3.803957648631809,4.676554406742644,159.83708116991542,-66.73614652550539
499074500,0.5670386009592081,-0.13911547582098052,3.806009513699452,4.673909740290269,159.3535826857508,-67.26771332197039
499085000,0.5678472129214701,-0.13744777198363556,3.810526689402711,4.668098294055735,160.14206422813456,-66.83645088455829
499095500,0.5671949243993887,-0.13827763736186777,3.805464570907017,4.674611822952856,159.65079834899439,-66.98169384103998
499106000,0.5667127678470973,-0.13837253251406692,3.800321335107604,4.681248818922558,159.4340749664217,-66.8838617834416
499116500,0.5673233936247387,-0.13711622312342533,3.8037433793928828,4.676830756946807,160.0270895928726,-66.55807329135631
499127000,0.5679755413007198,-0.14307992931667327,3.8276544195599014,4.646196858817863,158.5895704371466,-69.08169293053014
499137500,0.5667582359589091,-0.1343720834014005,3.790069586891879,4.694535749719543,160.56269542479873,-65.30706505977854
499148000,0.5688297800702353,-0.13700307920160285,3.8203905309533224,4.655459534721381,160.65823282975316,-66.93603876804302
499158500,0.5678720418949826,-0.13774066950059755,3.81160420794396,4.6667142279204725,160.06957625084448,-66.9596204822883
499169000,0.5728468210958931,-0.13607019592467567,3.8636438705779224,4.600855201364268,162.5405219245014,-67.70505731549801
499179500,0.5676392326535056,-0.13840071420380856,3.8107911746550367,4.667758486486297,159.79160940818528,-67.15528042531749
499190000,0.5654961667890512,-0.13461722365143028,3.7766703399467274,4.712018968657704,159.99107821547693,-65.05907147478194
499200500,0.5666320731588583,-0.13770278166600156,3.79759327333729,4.684777036900721,159.5895498818466,-66.59713891894674
499211000,0.578405944830809,-0.13999315433840817,3.9395682118755997,4.508108895521699,163.63881844411446,-70.94021302344889
499221500,0.5678473787377822,-0.13331816884815287,3.799472769199592,4.6823456908018155,161.2909692958695,-65.18281675210416
499232000,0.5704922882020761,-0.1422233990575896,3.853817383195651,4.613145073775373,159.81853604656126,-69.47746120067121
499242500,0.5598154298969402,-0.13640922961187532,3.7191526121098066,4.788608783412393,157.27254676553292,-64.23189349267291
499253000,0.5498415129986237,-0.1391645662498544,3.6208520945988543,4.925591102182291,152.7654712186396,-62.6840760918566
499263500,0.5867516340821235,-0.15152988236425294,4.076171740452455,4.350514577191106,163.30542376866947,-78.21481810226173
499274000,0.5701705979874649,-0.13485915155730568,3.829778057825989,4.643495987977715,161.8009040915314,-66.45262071676802
499284500,0.5610851353406209,-0.13877706541423201,3.7392549159469115,4.761552390454482,157.12780555697393,-65.49012424811313
499295000,0.5754610715499303,-0.13441675089454955,3.889392038939503,4.568967784058394,164.0879651980355,-67.78414595006878
499305500,0.5641367421968857,-0.14802396330328993,3.7988506109371585,4.68315023852716,155.70467350972345,-69.85957292292092
499316000,0.5709187081746655,-0.144193379256763,3.864360309885728,4.599961779391796,159.40755820283022,-70.37170819245337
499326500,0.5759338324006931,-0.13806501207261543,3.9049831810480793,4.549878004807059,163.21208044375956,-69.41635695000731
499337000,0.5671798278161403,-0.1340327201092746,3.793882457883561,4.689585008532793,160.82524984388576,-65.28688707302165
499347500,0.5612834226247847,-0.13874859577638934,3.741340802786178,4.758762856297583,157.21212705066984,-65.53295028906614
499358000,0.5753618824504251,-0.14242647773764064,3.910724228156598,4.542889705048065,161.6810178556991,-70.99923565760923
499368500,0.5747634170307532,-0.14504387375613984,3.9113764016735266,4.5420972340636165,160.6551155610884,-71.85231753622956
499379000,0.5727854183001339,-0.13705394452874528,3.865636531624873,4.598371170653101,162.2319403015187,-68.0857485191064
499389500,0.5682177715855076,-0.1256567015230275,3.7840699315157376,4.7023475896273395,163.51522417769587,-62.13692234077719
499400000,0.5609384269094781,-0.12801559055116013,3.709879415538134,4.801196444775309,159.91353859077176,-61.20372916771087
499410500,0.5717411398285246,-0.15677479264159236,3.912145112894288,4.541163518421535,155.90953491512957,-75.37829953201818
499421000,0.5550179500007216,-0.13482543602393343,3.663735270497424,4.864856583607293,155.83208446741648,-62.36521346440722
499431500,0.5783425355718049,-0.12745536692486234,3.9046097971869713,4.550333268632084,167.30452901490915,-65.68513738417681
499442000,0.5715525806759657,-0.13004269677482352,3.8327847197307707,4.639677568740504,163.71262221992862,-64.86622272610704
499452500,0.5591492578728735,-0.14464623658860123,3.7343504058229837,4.76812459974043,154.78786150601502,-67.19234116051646
499463000,0.5657445717297596,-0.1402675256980946,3.7947123282904935,4.6885088977302365,158.52325661249785,-67.35446318322592
499473500,0.5694577687748503,-0.1303607476768145,3.8098705078524135,4.668941567261749,162.75997620392073,-64.42004421893799
499484000,0.5667170869159268,-0.13305581311708833,3.7861457346037377,4.699641783031654,160.9069676165062,-64.76691607459833
499494500,0.5718531165552734,-0.14494686766174947,3.87729850903643,4.583888323904784,159.54789016076975,-70.94133223523295
499505000,0.5629075646602537,-0.14290968867300655,3.770595236226067,4.719989740214215,156.6894991983109,-67.57822738215727
499515500,0.5675548551362255,-0.12228232569247835,3.7684736085211346,4.722779910866953,164.12227859169852,-60.547263669739536
499526000,0.5588908474101859,-0.15101055583997863,3.749835464520913,4.747437141464755,152.91938754963505,-69.4679974892138
499536500,0.566052501304802,-0.1407455036316473,3.799476237958189,4.682341205949214,158.50858397579836,-67.62718013454496
499547000,0.5729023655778342,-0.13726693010291854,3.867570641783636,4.59596275229596,162.21757695683112,-68.20561144562556
499557500,0.5755936016874846,-0.13437062454861062,3.8908097164467175,4.56722521118814,164.1560283684206,-67.8035943782473
499568000,0.5505233736445455,-0.13689899487398532,3.622027354208322,4.92390586529013,153.59444711904638,-62.009620830607126
499578500,0.598940136239581,-0.14275621645547767,4.204510925153572,4.212363359328339,171.3008395735074,-78.77145885335139
499589000,0.5665337329857596,-0.13742686039785285,3.7957449773054246,4.687170545622765,159.62765063383944,-66.46069618663104
499599500,0.5771863594070663,-0.14819218000458975,3.9493543102201345,4.496431934390471,160.6355813948244,-73.82577806538939
499610000,0.5637073688666409,-0.148562752061552,3.7956490747474465,4.687294805995258,155.389423137633,-69.93750471191103
499620500,0.5626337839915089,-0.13485809997622628,3.745748932171544,4.752878706304,158.7906946360742,-64.37880965819906
499631000,0.5669520114930916,-0.13729579982541695,3.8000685499744797,4.681575518588036,159.82969570443342,-66.52550447859767
499641500,0.5732105261864371,-0.1414698745339872,3.882932364718027,4.57692510098597,161.1115858384475,-69.97813065624658
499652000,0.5754822117417099,-0.13813310170595275,3.8998966456147097,4.55608799730613,163.00857104831042,-69.31048691640152
499662500,0.5707516881397379,-0.13052060642899213,3.8249201696439368,4.649679053906223,163.24897519794743,-64.84215498151593
499673000,0.5696576061182334,-0.14434087057636108,3.8503641962437847,4.617479905386222,158.87480901654544,-70.05856779056396
499683500,0.5714882941277739,-0.14242542779573852,3.8658069089396916,4.598158907412774,160.15026844823996,-69.84813127614916
499694000,0.5792497337199509,-0.13525938572931967,3.9362265178245726,4.512110483788046,165.40937076115452,-69.24805877627225
499704500,0.568277640537457,-0.13932027911814687,3.8205141857659277,4.655301537749619,159.78340230506095,-67.69879188069105
499715000,0.5659985606483688,-0.14355284168264312,3.806760239165275,4.672942889002617,157.6913021222777,-68.69718371663109
499725500,0.5677920958997985,-0.13859857148928104,3.813053397814588,4.66485407682096,159.79618187800074,-67.27653713953154
499736000,0.5692948846091883,-0.1409462603801634,3.836562569184307,4.634888855347567,159.71873163513033,-68.62948662409427
499746500,0.5681534140098264,-0.13848824649377384,3.816819359261345,4.660027256188606,159.970147716512,-67.33501784348964
499757000,0.5662402785169046,-0.13852282381006814,3.795449227700527,4.687553768304531,159.2061088107815,-66.8107699158859
499767500,0.5699503955202889,-0.13806088243763487,3.835981744365279,4.635624436914007,160.80504433608974,-67.67575214621168
499778000,0.5674331916261085,-0.13890332830939056,3.8098555247918218,4.668960825962383,159.5686381663902,-67.29545768896993
499788500,0.569091192145812,-0.13831785804002814,3.8269435571374686,4.647101661601219,160.39007236947228,-67.53332406442499
499799000,0.5692526332451832,-0.13967081945913945,3.8325161989482077,4.640018324995104,160.06816834356712,-68.11508433788558
499809500,0.5699075014862803,-0.1394920662965699,3.839456234834851,4.631227750332489,160.37838023845427,-68.23210138516595
499820000,0.5681587913969975,-0.14072850907767936,3.823089667616885,4.652013271592377,159.335594465425,-68.21833006930906
499830500,0.5668376325474137,-0.1337562541073642,3.789329897571136,4.6954974237863825,160.76371312863165,-65.08174968115307
499841000,0.5707584684424557,-0.13864377362613278,3.8467954221272302,4.621968604890156,160.9601967032501,-68.13953358548395
499851500,0.5696225945267795,-0.13851639410764718,3.833514323099731,4.63875195155007,160.54461223778588,-67.76350271897715
499862000,0.5690636443967545,-0.13906436914013331,3.828691594725006,4.644877364195648,160.1666798556105,-67.82137633174136
499872500,0.5703412001861587,-0.13970040208644613,3.8449757012264527,4.624260836664832,160.49026249299055,-68.4393623924215
499883000,0.5687563920055976,-0.13970306609849126,3.826984984528509,4.6470489219221625,159.86316288593528,-67.9859985696827
499893500,0.5695335446466556,-0.13933268123114548,3.8347635614321156,4.637167972796647,160.27600734575182,-68.06179561195863
499904000,0.5709396125897468,-0.1398070536148013,3.8521058391219745,4.615292556263721,160.69674728710433,-68.65441860580512
499914500,0.5700532028978547,-0.13917442142063924,3.840230468356037,4.630249183281962,160.52730614521082,-68.14800394720584
499925000,0.5685217657939096,-0.13711711333063806,3.8172241174299764,4.659509087553192,160.50330075075354,-66.89469516028497
499935500,0.5702457950364607,-0.13888305371097284,3.8416140812232924,4.62850146491737,160.68739476413793,-68.08754498570927
499946000,0.5705288355064826,-0.1402215257899882,3.848574663778203,4.619729610957817,160.41414140121356,-68.69982060347114
499956500,0.5691625941816482,-0.13972398828817356,3.831643282642283,4.6411264208888285,160.01740886916843,-68.11031164160423
499967000,0.5690451975025879,-0.14004362841874554,3.8312031821481285,4.641685297951792,159.87963879911175,-68.20275810436024
499977500,0.5699401405910337,-0.13886300102303883,3.838080361383851,4.63296778554216,160.571689338468,-67.99196919288455
499988000,0.5697164945924004,-0.13931583179406168,3.8367946242866466,4.634595037573491,160.35327494495382,-68.10751772090497
499998500,0.5691708835070622,-0.13939494733038063,3.8308227520365215,4.642168511527105,160.11475093113833,-67.98271871177533
500009000,0.5700724175661663,-0.1392239689459279,3.8405868265138103,4.629798918318376,160.52070988180728,-68.17317607104262
500019500,0.5704384963517365,-0.138951485970345,3.843999487904426,4.625491494011624,160.74436410183137,-68.17008112487382
500030000,0.5704404207476916,-0.1400567125199884,3.8471037086109727,4.62158049875019,160.4267804097281,-68.60906964675411
500040500,0.570250734563154,-0.13929600290432154,3.842817533420183,4.626982415272173,160.57076880613377,-68.25297628692486
500051000,0.5697340382137372,-0.13938072198954213,3.8371743275530417,4.634114356542299,160.34162630476789,-68.13824551005662
500061500,0.5703206347671376,-0.13906611122648949,3.842974680771748,4.626784132387814,160.66458421214352,-68.18178127695552
500072000,0.5693410624843062,-0.13940404583600818,3.832777527278475,4.639686695385262,160.179433217653,-68.0349594300297
500082500,0.5688573009542555,-0.1383423877686485,3.824364809367303,4.650386984193465,160.29028419940047,-67.47663848902627
500093000,0.5680565235037731,-0.13923018503646115,3.817771315485348,4.6588087558925855,159.72180682021957,-67.60052543591358
500103500,0.5701638547206088,-0.13781512871632953,3.837732572117509,4.6334078384881385,160.96032872315755,-67.63862270848236
500114000,0.5696013689199535,-0.13980729125407393,3.8368545864311043,4.634519122391984,160.16680793417885,-68.26892561219152
500124500,0.569944282277343,-0.14000426149341044,3.8413036501057825,4.628893470211279,160.24570099136537,-68.4453034488971
500135000,0.5694921001694097,-0.13808081183915152,3.8308338708627674,4.642154387188743,160.61683856117406,-67.55310196855058
500145500,0.5702452401524145,-0.14033760226726125,3.8456652415609867,4.623391975698979,160.26850845908166,-68.66376144368061
500156000,0.5708479553742212,-0.14143889663734513,3.855655099854232,4.610841557656182,160.18685944473128,-69.27287859820153
500166500,0.5705881500581583,-0.1412880684693079,3.8522570569771557,4.615102740099485,160.1284293110118,-69.13791482899995
500177000,0.5691960499461094,-0.13957880494816732,3.8316187309470813,4.641157595092435,160.07214414531686,-68.06255798962508
500187500,0.5693758749658977,-0.13950720181140933,3.833459074151209,4.638822030343158,160.1636864533669,-68.08570657103276
500198000,0.5705155814434392,-0.1378158689490415,3.841738625835256,4.628344211939629,161.10063931952186,-67.7394028432878
500208500,0.5701534933415703,-0.13951055637801996,3.84230741931643,4.6276261788245066,160.47052354006058,-68.31010461969323
500219000,0.5693433079718201,-0.13773076732261763,3.8281865087198184,4.645519838941983,160.6570772983844,-67.37143863155838
500229500,0.5717371720782631,-0.13885157888490518,3.85857084427446,4.607191596766945,161.29080898035872,-68.50480713715623
500240000,0.570040748138389,-0.13779127301659877,3.836267181813862,4.63526291677213,160.91798547581902,-67.59398151098249
500250500,0.571133320283816,-0.1399717975890174,3.8547834814127433,4.611933808528773,160.72589889022387,-68.7758789881878
500261000,0.5691229962367822,-0.1388718232285882,3.8288312817232435,4.644699712967324,160.24505414227082,-67.76206142014308
500271500,0.5717749276300244,-0.13976448154238877,3.8615563032117963,4.603460488561989,161.04102099377292,-68.87975690009861
500282000,0.5693301939547848,-0.13935227211848886,3.832510493774844,4.6400255654878295,160.1899392852703,-68.01137485077022
500292500,0.5710271346499857,-0.13777137012682256,3.8474515376002802,4.62114269208472,161.31806731791863,-67.86811478900177
500303000,0.5700045155043443,-0.14012672472565826,3.842331840771259,4.627595354791047,160.23423840329087,-68.51103398725107
500313500,0.5706490706828421,-0.14069873247211143,3.851289283577122,4.616317813529701,160.32349936833353,-68.92322282214955
500324000,0.5704446878594075,-0.13882689733103937,3.843724294755954,4.625838535715302,160.78261557790057,-68.12230161042372
500334500,0.5707259099650517,-0.13678810494988208,3.8413173465743293,4.628876173191819,161.47837229423314,-67.38754202858765
500345000,0.5701267920786809,-0.14076100438245998,3.8455047416090307,4.623594185141794,160.099447361051,-68.79658626260395
500355500,0.5699049731183062,-0.13880850046488633,3.837529567769597,4.633664736632384,160.5733231191268,-67.96025388155464
500366000,0.572479469046083,-0.14044401281746383,3.8715738189898947,4.590986054366307,161.12299605115754,-69.35564169821414
500376500,0.5721723030456438,-0.13975393023581242,3.8660926617998626,4.597802949468727,161.20232812920773,-68.99122156216895
500387000,0.5708585842833439,-0.13985065592415624,3.851301637186,4.616302299014768,160.65199033246796,-68.64827756260128
500397500,0.5712867574025635,-0.13975786327715778,3.855940451373755,4.610484090249167,160.84882975984445,-68.73541331074632
500408000,0.5716106385690983,-0.1394628094217724,3.858826049932112,4.606872408947495,161.0632199365437,-68.71195288238665
500418500,0.5715625928985347,-0.14164195577973265,3.8644239942334124,4.599882380223528,160.40918689557856,-69.56154680222626
500429000,0.5707304211934983,-0.14106681096555637,3.853257567895822,4.613847251585744,160.24877247329198,-69.09207012686856
500439500,0.571859493300719,-0.139800226478727,3.8626276045648575,4.602123125835113,161.0642792611983,-68.91857598283717
500450000,0.5707943093796382,-0.13791096885147405,3.8451785033058927,4.624005259543761,161.18486038078498,-67.85722868627695
500460500,0.5714192140586969,-0.13949040095272885,3.8567090233998527,4.609521561788208,160.9790119368142,-68.66744364901916
500471000,0.5707720731879768,-0.13925387395545616,3.8486464150516237,4.619639365877058,160.78996513762297,-68.38632205123176
500481500,0.5708426074557973,-0.1396809950677277,3.850644318013464,4.617127954080603,160.6946996556928,-68.57634475065447
500492000,0.5705782799224054,-0.13978390182284678,3.8479133297085677,4.62056157306067,160.5601376498843,-68.54082183765212
500502500,0.5713247136871646,-0.14058757750074607,3.8587076661759254,4.607020466859072,160.6229203644184,-69.07551493079747
500513000,0.5705486705961083,-0.1397931628423042,3.847601298543124,4.620954216577018,160.54572907761235,-68.5359466264854
500523500,0.5721151749523655,-0.13927342973651924,3.864088674918467,4.600300474804345,161.31939809409909,-68.78294255737069
500534000,0.5714681738715711,-0.14083357744837333,3.861047312842865,4.6040961671978495,160.6080487362636,-69.21466069607675
500544500,0.5715581195403427,-0.1399636609012558,3.8596277475986334,4.605870013401913,160.8969187044321,-68.8959370241731
500555000,0.5716725749195363,-0.14021619003338384,3.861651013479428,4.60334222462458,160.8689245796091,-69.0295215055057
500565500,0.5713966749968679,-0.13989724435081413,3.8575904475106486,4.608418208122393,160.8520707744425,-68.8226664288985
500576000,0.5711421289419162,-0.14003102525562203,3.855050487501211,4.6115991590327345,160.7122230801258,-68.80192861798979
500586500,0.5709616139736422,-0.13949347941868154,3.8514804978082924,4.616077685454718,160.79614575759024,-68.53626336820908
500597000,0.5717487699728255,-0.13944300670005216,3.860355202385772,4.604960832996489,161.12399327407454,-68.74414442847124
500607500,0.5714571807005816,-0.1395342930846678,3.8572668580588148,4.608823209811282,160.98140058558405,-68.6959138245501
500618000,0.5712093303980073,-0.13943498808776544,3.8541506729251096,4.612727131451574,160.91154613765423,-68.584628836661
500628500,0.5707373282336574,-0.13913595395407918,3.847921319087616,4.620551520545282,160.81013337517962,-68.32941911685245
500639000,0.5708994891663974,-0.1394766283023193,3.850723327755033,4.617028694388116,160.7763281927201,-68.51162103058843
500649500,0.5716073344891943,-0.13925430765602415,3.8582052769551365,4.607648893688579,161.12235114174968,-68.62791827656721
500660000,0.5716040520042871,-0.1391226742224807,3.857800149072476,4.608155786402312,161.15917518956974,-68.57447946561862
500670500,0.5709028078329331,-0.1395107350992921,3.850856500354711,4.616861399950619,160.76779538483206,-68.52613022447058
500681000,0.5715332357519635,-0.13865013665385295,3.855672642608997,4.610819579746092,161.26757780415127,-68.36534587340124
500691500,0.5719774978603405,-0.1394651923363844,3.863043481749858,4.6016041783437265,161.20872022590243,-68.81943038549826
500702000,0.5716120860162415,-0.14028908729557416,3.8611620839322067,4.603952813770417,160.8236947673288,-69.04084535006417
500712500,0.5715097522320178,-0.14005718056191324,3.859335796243982,4.606235000496097,160.85052919049045,-68.91902626077484
500723000,0.571408885859559,-0.14036088884732553,3.8590336645006675,4.60661277707935,160.72221173436807,-69.01019634583085
500733500,0.5717119030783759,-0.140067813099882,3.8616849394574464,4.603299863045588,160.92773146848657,-68.98203868205239
500744000,0.5717687997134127,-0.1399094505401875,3.861892970631749,4.603040122937018,160.99642392068424,-68.93564438306065
500754500,0.5712070257098213,-0.13953922714115236,3.8544156426411607,4.612394917105391,160.8804658435665,-68.62541829583199
500765000,0.5714940708996078,-0.1397794838115258,3.858376483687455,4.607434715518432,160.9249533356465,-68.80413804803955
500775500,0.5717779905201986,-0.13966475881434232,3.8613117474535357,4.603765892099263,161.0712263200968,-68.84095460776234
500786000,0.5719136472266388,-0.1399239601106349,3.8635972249537107,4.600913382213649,161.04981460984288,-68.98357223842382
500796500,0.5720176311338132,-0.1398030238778657,3.864452269811426,4.599847128231478,161.12641689559493,-68.96571833250357
500807000,0.5719300863309079,-0.13998223745096922,3.863949941525088,4.600473477982005,161.03938176553058,-69.01154205535855
500817500,0.5723417239829295,-0.13974616381230706,3.8680201949938655,4.595403323363422,161.27212067360978,-69.03752374348831
500828000,0.572241660356148,-0.14008715368294863,3.8678280259281905,4.595642443597627,161.13274685690246,-69.14414709265876
500838500,0.5717680272150764,-0.14004941058988418,3.8622774917943836,4.602560102840021,160.955389542164,-68.99106055534492
500849000,0.572217891882204,-0.13915811434613057,3.8649469833535477,4.599230443803181,161.39394948649755,-68.76674558493157
500859500,0.572266738874297,-0.13974201270541897,3.867145559073506,4.596491858082148,161.24343828777512,-69.01399989202943
500870000,0.572272110352328,-0.13997621086003184,3.8678660291060085,4.595595153380041,161.17725571477052,-69.10887222977807
500880500,0.5722404294225325,-0.14056811083844512,3.8691713902068314,4.593971398558364,160.99168468499434,-69.33498291751098
500891000,0.57249362763007,-0.14009360805546694,3.8707476423872142,4.592012243081808,161.23117317882864,-69.22034172347868
500901500,0.5723740809303945,-0.13977116275501558,3.8684629476607846,4.594852493289633,161.27772758535275,-69.05693114461438
500912000,0.572585603502741,-0.13951964238756917,3.8701925149109577,4.592702027095234,161.43553805734388,-69.0182897430154
500922500,0.5722227077242604,-0.1399461288328327,3.867212874014537,4.5964080620230146,161.16636249618932,-69.0824770380836
500933000,0.572378917119523,-0.13930653163732834,3.867214767197768,4.596405705365651,161.41510232661236,-68.8729013136687
500943500,0.5733155363999508,-0.1401419552125229,3.8803733004040444,4.58008531875087,161.5447371327749,-69.48060125408057
500954000,0.572475935507142,-0.1401220807733509,3.8706240852344043,4.5921657529870465,161.21580121867308,-69.22650680278923
500964500,0.5720780111366035,-0.14075312865180079,3.8678256687499486,4.595645376844921,160.8731038910934,-69.36088795068338
500975000,0.572014922318452,-0.1394112153778137,3.863322272514378,4.601256359588342,161.23933648805706,-68.80878369622802
500985500,0.5724207213708649,-0.14005302329655367,3.8697933685026515,4.593198124973018,161.2140019456447,-69.18286505812927
500996000,0.5725251376385987,-0.1395973773016165,3.8697141867944707,4.593296552716736,161.38870637801602,-69.03168256149853
501006500,0.5718692877455961,-0.13993664931729027,3.8631233210749882,4.601504565476004,161.02847426743836,-68.97570474219481
501017000,0.5717354695284236,-0.14002980060001885,3.8618485721234226,4.603095554771505,160.9481577194319,-68.9737915719216
501027500,0.5707339798425417,-0.14021189873427087,3.850890444255405,4.616818760837676,160.49809846109957,-68.75535607117976
501038000,0.5715297010566103,-0.13909891484773365,3.85688163560768,4.609305445807999,161.1364006107725,-68.54347730108381
501048500,0.5720660890162171,-0.14013095919557594,3.865931760971327,4.598003374219547,161.05011844625017,-69.11033404252397
501059000,0.5725273087834954,-0.13958677899095281,3.8697094302215613,4.5933024655674695,161.39266618771885,-69.028085259623
501069500,0.5728367028643334,-0.13994478534935872,3.8742840641800824,4.587622968277607,161.4114828824184,-69.26141546045145
501080000,0.5733885333686145,-0.14005016303956627,3.8809583747782317,4.579362410093139,161.6008739312049,-69.46540168594649
501090500,0.5733049237219725,-0.14084965834890134,3.8822572995440003,4.577758313376028,161.3321538621861,-69.75956209588716
501101000,0.5733349434038012,-0.14035804463247126,3.8812094346330284,4.5790522760813515,161.48892518207077,-69.57254066407397
501111500,0.5729177897543821,-0.1400476188726763,3.8755100867825076,4.586103278156771,161.41370204039228,-69.32619729299108
501122000,0.5727865353361111,-0.13937014206365855,3.872089081943708,4.590346287091064,161.55949134975373,-69.01719819979918
501132500,0.5729254118814834,-0.14036072695753055,3.876482862190843,4.584898227894639,161.32489413117716,-69.45324444413875
501143000,0.5730320344565019,-0.14014878756510063,3.877115182994272,4.584115271824239,161.42959931320462,-69.40005899834162
501153500,0.5726251060469083,-0.13984092569022188,3.871551004562411,4.591014385721358,161.3574587533125,-69.15806965216865
501164000,0.5729326243764598,-0.1399128969216864,3.8753013336892295,4.5863619608238695,161.45910268288867,-69.27678704941214
501174500,0.5731206245326111,-0.13977948533407947,3.8770966314842115,4.584138238891045,161.57328792361022,-69.27859952011313
501185000,0.5726431842722216,-0.13990892615125375,3.8719508941650416,4.590517847636791,161.34478569494564,-69.19047719852406
501195500,0.5730702618788838,-0.13992958717228526,3.876937968606599,4.584334675695208,161.5091594964744,-69.32379435958258
501206000,0.572498776704354,-0.13973452066387487,3.8697959239180855,4.593194948506023,161.3381526265935,-69.07871567619591
501216500,0.5731886074281263,-0.14018183999618733,3.8790181431124413,4.581760626823587,161.48235615230917,-69.45921858720631
501227000,0.5737620769151183,-0.13953222758926276,3.8838222348773805,4.575827235334373,161.9026302609828,-69.36793849394479
501237500,0.5733214164279402,-0.13998007483799957,3.879983842913429,4.5805666557394735,161.5946567793278,-69.41767651736126
501248000,0.5733700099271133,-0.14009876946379687,3.8808814357483667,4.579457461411144,161.57918497861436,-69.47937123359004
501258500,0.5727091834855248,-0.13971434306061906,3.8721641294954234,4.5902531208258415,161.42801515483154,-69.13213460314843
501269000,0.5730108280677834,-0.14018848595648434,3.8769823830332237,4.584279685494724,161.40949163080347,-69.4096677310056
501279500,0.5729318488485841,-0.13996268203119558,3.8754327690752097,4.5861990852354175,161.44420535886266,-69.29642962649476
501290000,0.572710125988564,-0.13991181764305893,3.87273092600886,4.589549607706621,161.37063845072964,-69.2112123893297
501300500,0.5728918525260104,-0.1400623613427052,3.8752522564340053,4.586422780713964,161.39903528975785,-69.32447494473635
501311000,0.573352972514275,-0.14066963641552155,3.882301874306901,4.577703286533618,161.40435051421798,-69.70205159694805
501321500,0.5734269981600187,-0.1400326722855836,3.881354081263934,4.5788736137408685,161.62138429216395,-69.46972224539097
501332000,0.573181928042954,-0.14096989467078558,3.8811760912564086,4.579093462649549,161.24778340505185,-69.77112669925567
501342500,0.5732001173965092,-0.14023601542499475,3.8793044447068032,4.581406583100176,161.4710296500094,-69.48421446378272
501353000,0.5732791946385954,-0.14063982374415462,3.881363400980388,4.578862102849831,161.38374718238342,-69.66844028364368
501363500,0.572698752804733,-0.13977563246353794,3.872216300540739,4.590188356416724,161.40593306833992,-69.15354962132412
501374000,0.5728215418851922,-0.140363591210147,3.8752917196339713,4.586373875088477,161.2826847073131,-69.42390427859372
501384500,0.573113580093044,-0.13999632493470354,3.8776268065294626,4.58348196646024,161.50687875916967,-69.36314753499886
501395000,0.5734788390914536,-0.13968938540260076,3.8809850637236223,4.579329439221448,161.74299186110892,-69.34766925369101
501405500,0.5740316221426905,-0.14141212139857542,3.892289478598849,4.5654077751777375,161.45489740515174,-70.19836958929677
501416000,0.5724555404905386,-0.14037945795837514,3.8711156214533737,4.5915551206510035,161.1323813400677,-69.32296417543394
501426500,0.574001765307843,-0.13974791638038342,3.8872101883818644,4.571652318164282,161.93522783549963,-69.5249512454334
501437000,0.5736572945103384,-0.14013880055653266,3.88432124379285,4.5752118253806655,161.682183459452,-69.57991049741285
501447500,0.574082942977937,-0.14067787458410835,3.8907897932985285,4.567249690791511,161.6930235308608,-69.92094851242943
501458000,0.5721212964565379,-0.14155221421474068,3.8705930211231854,4.592204349319045,160.65605149633126,-69.68991510934418
501468500,0.5736093505829571,-0.14080511848387858,3.885656598712323,4.573565812249444,161.46651478999567,-69.83166190695569
501479000,0.5737453030536783,-0.14083628780750912,3.8873216358785,4.571515115713936,161.5114783690802,-69.88425384068151
501489500,0.5737422326095327,-0.1399831849321823,3.8848653203632577,4.574541028037516,161.7619851489902,-69.54270255341291
501500000,0.5739506974433464,-0.1404817566245028,3.888696494905023,4.569823226455917,161.6982220341715,-69.80351317835995
501510500,0.5740385193356907,-0.14066735472538286,3.890243873958362,4.567920567206512,161.6784019872645,-69.90359976589224
501521000,0.5739699518922481,-0.13998388438208906,3.8875082392507196,4.571285408105602,161.85291571317842,-69.61009954795819
501531500,0.5737249820239303,-0.1400428986812967,3.884834278807494,4.574579294063418,161.73749598354306,-69.56150711773454
501542000,0.5743737335177355,-0.13975654096293255,3.8915545973585193,4.566310167434968,162.08186493770538,-69.63815482918889
501552500,0.5742312687036699,-0.14046299319510483,3.891901966835486,4.565883572052494,161.81589741401308,-69.87900418730443
501563000,0.5742153777496372,-0.1404930908887108,3.891802852976297,4.566005282881161,161.80063438821975,-69.88633271939497
501573500,0.5739314688411354,-0.14016597350452598,3.887577355502195,4.571200332416462,161.7837951789491,-69.67161302197225
501584000,0.5738405398350452,-0.1397533663747816,3.885355532902074,4.573936812492167,161.8690163460592,-69.47964560827631
501594500,0.5744478101292692,-0.13983457914565156,3.892636702496855,4.564981530932968,162.08852955491477,-69.69135861089218
501605000,0.5740116871537885,-0.14016833302233433,3.8885150126444468,4.5700464835134795,161.81518856782617,-69.6962357769709
501615500,0.5734843503503784,-0.14041372400574187,3.8830967432476444,4.576722260547499,161.53213164362927,-69.63874449942159
501626000,0.5744176975317777,-0.14073826832912992,3.8948536697587386,4.562261950012487,161.80882812034056,-70.04428406349179
501636500,0.573417062810709,-0.1408227202696641,3.8834789367737654,4.576250711028911,161.38473511367116,-69.78191302804143
501647000,0.5742208219966615,-0.1407271512200811,3.8925323179091733,4.565109662545149,161.7334823582249,-69.98146299663966
501657500,0.5741960872105554,-0.1404474113816084,3.8914488062510086,4.566440102929965,161.8064431554708,-69.86236096388706
501668000,0.5742211651352246,-0.14085707264584027,3.892906623973796,4.564650237641471,161.69510653518012,-70.03343181552225
501678500,0.5741754987662921,-0.14106612658944068,3.8929723633955358,4.564569558552304,161.61488428309235,-70.10327486558803
501689000,0.5749626708949274,-0.14284269283820228,3.9072626164617095,4.547100727551411,161.39744839207606,-71.0445382550957
501699500,0.5745670272294324,-0.1417111634254273,3.8993773446662496,4.556722971219353,161.5789657594708,-70.47667508905778
501710000,0.5749814712215844,-0.1406786577968024,3.901252324393876,4.554431197255887,162.05204353600243,-70.18799145875943
501720500,0.5753532685131532,-0.1402448201633317,3.9043562860599463,4.550642425747772,162.33031303721248,-70.12470451111938
501731000,0.575127656658679,-0.14038425826812334,3.902118696792224,4.55337303289153,162.1982463965792,-70.11351501937851
501741500,0.5745764771667301,-0.14014665015570618,3.895018360582274,4.5620600540120675,162.04777903725378,-69.85459033179828
501752000,0.5741901370745728,-0.1402630389612356,3.890855998807352,4.567168345015241,161.85860475416928,-69.78685634182048
501762500,0.5744871728949069,-0.14041066294614257,3.8947292435730616,4.562414497344026,161.93377110876932,-69.93387603497267
501773000,0.5746116640245974,-0.1409829191111883,3.897810213477087,4.558640274850643,161.81363765753352,-70.19963270982899
501783500,0.5747852820560495,-0.14041568330610998,3.8982150421935255,4.558144829860219,162.05165589945892,-70.0243357127621
501794000,0.5744557014747267,-0.14019917092862616,3.89376210040995,4.563600577168657,161.98382642011876,-69.8398658315319
501804500,0.5750416494941482,-0.13978878748741755,3.8994227858077775,4.556667400951845,162.34061793342926,-69.84881572490553
501815000,0.5747839528474586,-0.14032058254670285,3.8979289147571055,4.558494992232996,162.07935994989214,-69.98583316312381
501825500,0.5752233689611216,-0.14060523044497245,3.9038665091506757,4.551239830967633,162.1708222804553,-70.23062282753558
501836000,0.5745632372632029,-0.14021371532955423,3.8950547015295753,4.562015505771008,162.02260263726086,-69.877545744687
501846500,0.5751725910245901,-0.14060182134702995,3.9032637606113143,4.551975253532132,162.15148569386923,-70.21412616002597
501857000,0.5747569268567901,-0.1407086386854502,3.898719523051106,4.557527580878368,161.953256160707,-70.13319210323228
501867500,0.574428906740368,-0.14086520049094525,3.8953461578392785,4.561658258720209,161.7756308662782,-70.09831535450394
501878000,0.5745888719417668,-0.140574675875206,3.896379895191786,4.560391636082132,161.925817555729,-70.02967517202934
501888500,0.5753882680595684,-0.14093943337670192,3.906749224030367,4.547725945257172,162.13716730120788,-70.41372130943687
501899000,0.5750228060017282,-0.14042519531674694,3.9010117394340136,4.554725130616949,162.14402111989023,-70.09873946591546
501909500,0.5750573979505579,-0.14040412829276777,3.901355335346145,4.554305356050876,162.16415704436963,-70.10058153999509
501920000,0.574743513148032,-0.14069825858394527,3.898533583255018,4.557755064458583,161.9509757251218,-70.12505184917602
501930500,0.5744925179970464,-0.1403780655117269,3.8946987428260313,4.56245189305531,161.94557290866814,-69.9224121245581
501941000,0.5753290122850637,-0.14051346541095086,3.9048387647666853,4.55005407932365,162.24053556504083,-70.22531327932093
501951500,0.5745630478099886,-0.140461401041715,3.8957567051485182,4.561155135208287,161.9490950816447,-69.97668324634648
501962000,0.5754133065455295,-0.1402269837571286,3.9050070821174807,4.549848865605602,162.35974394000067,-70.13542068843873
501972500,0.5750583172165789,-0.14028689081773205,3.9010322020914323,4.554700128967088,162.19939009417806,-70.05383062151488
501983000,0.5755714844480082,-0.13986922319028655,3.9058384524196983,4.548835530619157,162.52990250141508,-70.03863142635343
501993500,0.575550141314162,-0.1403915287689658,3.907076035936355,4.54732792803051,162.36565993682365,-70.24231259935101
502004000,0.5751335752301293,-0.13984098910333764,3.900643180091816,4.5551754912460725,162.3620911206331,-69.89708562272911
502014500,0.574956234478172,-0.14047772396101485,3.9003848330618665,4.55549123238736,162.1017161140421,-70.0999961529745
502025000,0.5750841793820625,-0.14023041897893596,3.901173258657421,4.554527791106985,162.22655681417226,-70.03885837253291
502035500,0.575014034568285,-0.14080170042360035,3.9019837054249495,4.553537874705659,162.02843937119567,-70.24694279327541
502046000,0.5753204428125934,-0.14086925033921044,3.9057554046064946,4.548936734618826,162.13096537357436,-70.36536032913281
502056500,0.575739415185092,-0.14054223265044638,3.90972143394208,4.544108775165964,162.39667714900065,-70.35935998409927
502067000,0.5754377711781403,-0.1405816635794593,3.906304726922275,4.548267403157946,162.26382522842903,-70.28510697043842
502077500,0.575852531167656,-0.14016649940117767,3.9099735396812108,4.543802233998845,162.55440188910438,-70.24209416391292
502088000,0.5750368898198415,-0.1405597208185735,3.901559572365352,4.554055875139079,162.1096419054664,-70.15684734733941
502098500,0.5749343131168988,-0.1402358927868651,3.8994406968171926,4.556645497842849,162.16479714621758,-69.99652209971599
502109000,0.5752038939126363,-0.14058260206167703,3.903574454766449,4.551596140563481,162.16975864920425,-70.21574897291744
502119500,0.5756140570661056,-0.14131306935351698,3.910463129587977,4.543207051181995,162.11574846968134,-70.63082077423647
502130000,0.5749038786367026,-0.14063000505027679,3.900208401323096,4.555706885748895,162.03545360897513,-70.14542220766171
502140500,0.5756172510497901,-0.14112119195045753,3.9099493910424874,4.543831595052405,162.17449766569263,-70.5549838822149
502151000,0.5754090896167326,-0.14036370847054022,3.9053474241473523,4.549433976006471,162.31731131008436,-70.18907955678192
502161500,0.5752812054785694,-0.14102452629796783,3.9057414355091558,4.548953758138746,162.06889316337873,-70.4158035544405
502172000,0.5756825984772805,-0.14039644531933257,3.9086398870448096,4.545424333049943,162.41740488176265,-70.28382164468007
502182500,0.5757559194275768,-0.14021078107203255,3.908968513426731,4.545024520400195,162.50230995091545,-70.23106796829578
502193000,0.5758654674038658,-0.14038061726590845,3.9107359954766214,4.54287540380256,162.4956368425861,-70.33209129113587
502203500,0.576013388763988,-0.13985082383878888,3.9109589848500086,4.542604414235333,162.71344759491905,-70.16294878042547
502214000,0.5758398195448756,-0.14108594293659807,3.912455208044309,4.540786972240705,162.27421289582878,-70.60754136655864
502224500,0.5760398671651957,-0.14096117707488492,3.9144425051959004,4.538375327641752,162.39184357250178,-70.61749903439716
502235000,0.5759747053130028,-0.14078299681579773,3.9131673129198266,4.539922510371891,162.41910841128777,-70.52644980803774
502245500,0.5757202636285382,-0.14084198768605863,3.9103549283527865,4.543338575125711,162.29934725285682,-70.47393379486493
502256000,0.5757288137254793,-0.14090723174470687,3.910642020447152,4.54298961759073,162.28324944661887,-70.50265488908244
502266500,0.5762959314322922,-0.14051936191456618,3.9161809715154723,4.536267793878914,162.6272425987377,-70.51677496661505
502277000,0.5754279786612359,-0.14021720257977546,3.9051507094551394,4.549673769097775,162.36855280110734,-70.13586127458713
502287500,0.5764612017788635,-0.14004565000114708,3.916767836114427,4.535556792789099,162.83581542964276,-70.37544196790658
502298000,0.5756701183311294,-0.14017055767181663,3.907849638141553,4.546386058354322,162.47980007921552,-70.18928752781422
502308500,0.5759418067563497,-0.1412753509290008,3.91419518227742,4.538675318673081,162.25825483945462,-70.71401972132568
502319000,0.5763904426026698,-0.140411627772504,3.9169824599291467,4.535296827603188,162.6975956460031,-70.50175121507156
502329500,0.5766740175859595,-0.14039942228514976,3.92028036947645,4.531306030938863,162.81550938387446,-70.5819529442255
502340000,0.5766126998698036,-0.14027958967182125,3.9192164186254077,4.532592731698644,162.82677258828897,-70.51522877677806
502350500,0.5770578880727069,-0.14080816947778133,3.925973019140454,4.524434233078482,162.84714400281965,-70.86221939224374
502361000,0.5768451797367314,-0.14078058913586183,3.923387912208741,4.527552163278584,162.7697974071018,-70.78699330579236
502371500,0.5768716827042647,-0.14084735862946612,3.9238919179992546,4.5269439307194315,162.76034910532417,-70.82185702930272
502382000,0.5766665960090641,-0.14067157057103874,3.9209731704081587,4.530468585959767,162.7307154049281,-70.6893516141066
502392500,0.5765228135124738,-0.14065043325857327,3.919221821114094,4.532586196251512,162.67919692547048,-70.63762145197394
502403000,0.57654255187421,-0.14075970931533208,3.919767374129638,4.531926334277619,162.65429535521505,-70.68751991809356
502413500,0.5766241690122713,-0.14101972080211456,3.9214743941796697,4.529862913225997,162.60887770701441,-70.81661819085537
502424000,0.5763987201363847,-0.14068319074595353,3.9178575057896556,4.534237235120366,162.61943262484223,-70.6135264886067
502434500,0.576272068815226,-0.14073618611018204,3.9165220157591065,4.5358545825348395,162.55260015184962,-70.59681482297508
502445000,0.5766682763231155,-0.1402131628634531,3.919679915451442,4.532032104826306,162.86912659633276,-70.50511890961876
502455500,0.5760949785790285,-0.140935388784366,3.9150150096500926,4.537681062316469,162.4216960720035,-70.62368410213213
502466000,0.5765373788353193,-0.14130648919812822,3.921279355959629,4.530098575365601,162.48764397553822,-70.90562771652121
502476500,0.5768718339061202,-0.14120412902643184,3.9249209606969213,4.525702604054869,162.65281121807422,-70.96538921119277
502487000,0.5764929789362047,-0.14143304914785462,3.9211221674872547,4.53028852239605,162.43169416780185,-70.94300861017109
502497500,0.5767581662548968,-0.14128336265662936,3.9238108146123523,4.527041794743013,162.58324039061984,-70.96291682952489
502508000,0.5769279348943634,-0.1413237289350579,3.92592697637424,4.524489727433895,162.63923827039133,-71.03038122542685
502518500,0.5768456014172283,-0.14096481037005226,3.923922630380736,4.5269068725182535,162.71445286138353,-70.86125681548138
502529000,0.5757701211266363,-0.1412790202300192,3.912193214762793,4.541105104503628,162.18840788409656,-70.663976921299
502539500,0.5765011000258417,-0.14078939770299512,3.919365299599829,4.5324126358772165,162.6286985893085,-70.68699921201
502550000,0.5766336672497353,-0.14080805841382876,3.920977676415998,4.530463140216707,162.6764066440686,-70.73437251243615
502560500,0.5774912544088728,-0.1410718159431414,3.9318465206002493,4.517366424048686,162.94204781220782,-71.09940726431734
502571000,0.576984175247355,-0.14088047829159275,3.92531231676324,4.525230696787334,162.79564826902316,-70.86910454009457
502581500,0.5773855701657145,-0.14061938905460045,3.9292953197596083,4.520433606138649,163.03625027038393,-70.88500828343939
502592000,0.5771088508488955,-0.1409017973981711,3.926843206410321,4.523385676774439,162.839416773048,-70.9153086809705
502602500,0.576903723763595,-0.1409478031204147,3.9245582277825726,4.526140086663627,162.74296411977022,-70.87193886162294
502613000,0.5773119578183604,-0.14085577418459358,3.9291065930682203,4.520660672048904,162.93514690324213,-70.9581108880235
502623500,0.5772130929224586,-0.14083257144769049,3.927873301448394,4.522145077303495,162.90231140564717,-70.91889431882313
502634000,0.5765885204246463,-0.14088462361290208,3.9206666499170453,4.530839063227027,162.63521273614094,-70.75158175499865
502644500,0.5765964924543341,-0.14125379289456125,3.9218228119779757,4.529441986935109,162.5272476353855,-70.90229364408856
502655000,0.5772980763233703,-0.13906541657042473,3.923823962246678,4.527025929755418,163.46845538700782,-70.22934604799539
502665500,0.57697828771392,-0.14149275660141952,3.9270087210531273,4.523186291559603,162.6083732691525,-71.11347700765722
502676000,0.5766861329058193,-0.14193796772390338,3.924855247568461,4.525781852513212,162.35663085470756,-71.20359373794467
502686500,0.576955974628596,-0.14075291162667125,3.924613245242826,4.526073725990811,162.82275393037284,-70.80923137918741
502697000,0.577095864933262,-0.141364520360407,3.9280245016059965,4.52196303729061,162.69437809638936,-71.09752837532844
502707500,0.5769806920430565,-0.14127309481557349,3.9264025903123088,4.523916547255364,162.67573138202513,-71.02597493626082
502718000,0.577230256142696,-0.14097177579900466,3.928476645486255,4.521418760339619,162.86717474242516,-70.98015898433188
502728500,0.5775777307258791,-0.14073067659960603,3.9318849014861392,4.517320313108199,163.08017064072422,-70.98801073096205
502739000,0.5772335001082811,-0.1412588481097181,3.929343021582586,4.520376217536585,162.78167708706238,-71.09668011034663
502749500,0.5776859557427837,-0.14139797859706638,3.935090943497059,4.513471957273363,162.92156667871646,-71.28978905033549
502760000,0.5771919357602273,-0.14097285068177923,3.9280276733668917,4.521959218755368,162.85141769953728,-70.96901327725259
502770500,0.5776612401349842,-0.14101526189190491,3.933692327027394,4.515149954601137,163.0276927438428,-71.12810553334583
502781000,0.5778080636432308,-0.14099264294743777,3.9353636044319384,4.51314497942539,163.0937686177446,-71.16349471832791
502791500,0.5779223504333623,-0.1408364467411904,3.9362653555883105,4.51206393490118,163.18727605841457,-71.13510625669856
502802000,0.5779197369971774,-0.14120908595361484,3.937310902855027,4.510811166249415,163.07311066030815,-71.28468643281322
502812500,0.5777021560576269,-0.14100047112545655,3.934133450246179,4.514620577039153,163.04867502935542,-71.13454161014533
502823000,0.5775342592609642,-0.14099314899921514,3.932127646062869,4.517028701153912,162.98319806522593,-71.08072651431699
502833500,0.5782163019305718,-0.1412811771094661,3.941033658320463,4.506356350896366,163.170795160295,-71.40394710240773
502844000,0.5776259337600681,-0.14134433638328978,3.9342258418305143,4.514509716991844,162.91368511630964,-71.24997942603407
502854500,0.5779432430056309,-0.1413400505529131,3.937968343370229,4.51002378899728,163.04278751523603,-71.34461860478807
502865000,0.578356250527994,-0.14179942462895556,3.944199038409574,4.50257558570615,163.0691918947048,-71.65548844174575
502875500,0.577889697647347,-0.14142615216781787,3.9375837136258185,4.510484402961785,162.99504199969937,-71.36302775115367
502886000,0.5779579106518423,-0.14140613559290088,3.9383335110406423,4.509586570865296,163.02860455208497,-71.37570517429741
502896500,0.5778825006189252,-0.14150475575705249,3.937726333476012,4.510313597111931,162.96824514050394,-71.39249037720941
502907000,0.5776740939524329,-0.14120204657271554,3.93438383833755,4.51432015093257,162.97624461702026,-71.20728608087666
502917500,0.5775099259308494,-0.1414712359516019,3.9332217267832497,4.5157148465337436,162.82850957048484,-71.26584538349591
502928000,0.578152057223703,-0.14150475832809695,3.940920200291597,4.506491986933702,163.0768105715095,-71.47452797045453
502938500,0.5786379603872378,-0.1415163547163013,3.9467218232340984,4.4995669843973,163.26920467197087,-71.62743100009423
502949000,0.578507820791497,-0.14110340657532278,3.943977788951264,4.502839637694701,163.3426526484758,-71.420957591776
502959500,0.5778143529880179,-0.14112869398548072,3.9358310306426096,4.51258454969752,163.05502963948732,-71.22027547091236
502970000,0.5778739509408014,-0.14128261827468266,3.9369816099439814,4.511205646367184,163.0323170822813,-71.30041749753809
502980500,0.5785119025342622,-0.1416348513200321,3.9455685674549987,4.500941814224137,163.18216258757025,-71.63671781888894
502991000,0.5785583939558326,-0.14100528155961142,3.9442942289760765,4.502461989480842,163.3929989987416,-71.39669998199949
503001500,0.5785922823102131,-0.1409942525446645,3.944664777929074,4.502019848492448,163.41006516672303,-71.40256658953804
503012000,0.5784263629210752,-0.1417142704405588,3.9447836709872512,4.5018780034712345,163.12343361323798,-71.64260108283884
503022500,0.5786946379027846,-0.14133842910403455,3.9468786188570153,4.499380130064677,163.34643616929714,-71.5729085265111
503033000,0.5788385997501871,-0.1408735417691934,3.9472426458225365,4.498946378000142,163.5465631016687,-71.42881721574385
503043500,0.5782152259691001,-0.14153732410584863,3.9417638025977246,4.505483682611809,163.09234199865807,-71.50689576985263
503054000,0.5784569227913365,-0.1413715805619061,3.944150865361516,4.502633075530983,163.24033958241122,-71.51374432701397
503064500,0.5784206576439199,-0.14188876109968576,3.9452238902482875,4.501352880689417,163.06783246995698,-71.71112941730121
503075000,0.5791023434144905,-0.14161588740637995,3.9525370368910653,4.492647557749704,163.42623429837312,-71.8097264098824
503085500,0.5786594080643382,-0.14190257050242253,3.948101101170285,4.497923834030595,163.15975255764974,-71.78970503798422
503096000,0.578571882264499,-0.14139962811373272,3.9455975732730755,4.50090722501396,163.278181678593,-71.56014111297091
503106500,0.5782797106055267,-0.14155442775943658,3.942578403113062,4.504510479955045,163.11311419936166,-71.53344452987433
503117000,0.5782862263945224,-0.1411399824723486,3.941454008548712,4.505853906188072,163.24199693825392,-71.3682445155091
503127500,0.5787461923941642,-0.14056417206738298,3.9452502106817477,4.501321487895412,163.60340651167024,-71.27528688163156
503138000,0.5778897351527257,-0.14094325829337073,3.936187527153168,4.51215721692971,163.14170687748668,-71.16833952472763
503148500,0.5782780665600464,-0.14043033905347718,3.9393087127995403,4.508419378765659,163.454363303116,-71.07875174191929
503159000,0.5790224800061436,-0.14056260297303502,3.9485308371567456,4.49741213501727,163.71595892646332,-71.35884947970698
503169500,0.5773150643708271,-0.1422354214034954,3.933137549057614,4.515815905743642,162.51825704541483,-71.51336917601915
503180000,0.5795632434573657,-0.14109331825146146,3.95651239462172,4.4879298501562745,163.77300574346307,-71.73954765744979
503190500,0.5786063148605146,-0.14112610820510305,3.9452132993390268,4.501365512759383,163.37554173856574,-71.46015911878618
503201000,0.5785180736413106,-0.14193153477813156,3.946505698040118,4.499824568161294,163.09397367423526,-71.7581296945485
503211500,0.5793854407960426,-0.14145182571035664,3.955433791398467,4.489208868017752,163.59099942117896,-71.83022119016852
503222000,0.5769815890134219,-0.1420404600014771,3.9286344010777703,4.521228890515386,162.44388603050854,-71.3340755687162
503232500,0.5795182624871477,-0.14109698611548924,3.955986265098516,4.48855364642368,163.75364151622387,-71.72724020678315
503243000,0.5784756679787961,-0.14263110533162862,3.9480464533037534,4.497988913349635,162.86270078919,-72.02631020576689
503253500,0.5784372319152348,-0.1400965861665454,3.9402362063542804,4.50730986026451,163.62016003560504,-70.99169429336733
503264000,0.5793629419092341,-0.14244941492720478,3.9580816668930763,4.486070322103298,163.2751945766959,-72.2259869918081
503274500,0.5784189727099067,-0.14232891664529096,3.9464883066011653,4.49984529705218,162.93252640382102,-71.88761789497359
503285000,0.578388915357416,-0.14042553912427413,3.9406092345598216,4.506863780939766,163.50073424400784,-71.11045416431399
503295500,0.5795047089422429,-0.145407225873677,3.968558980074232,4.473695350587517,162.4147527312631,-73.45299837151705
503306000,0.5793406873535892,-0.1419173975501462,3.9562581020509926,4.4882313255653274,163.42993416465094,-72.00463630626042
503316500,0.58171014974847,-0.14378681374770158,3.9902350817331382,4.448313452688779,163.8047497977864,-73.49521801464223
503327000,0.5786373686532609,-0.14299906368937335,3.9510495563084733,4.4944154149269835,162.8145696521928,-72.22350046195194
503337500,0.578892321141979,-0.13970848320636256,3.9445248967777538,4.5021867449979975,163.9229793099602,-70.97200184862255
503348000,0.5831040851811045,-0.14131507366422474,3.9997950493467713,4.437212362467612,165.14748459095202,-72.92847339809198
503358500,0.5772354721115667,-0.14487738432322095,3.9399651788925394,4.5076340203927785,161.67935323973103,-72.54050183864163
503369000,0.5779466077216328,-0.14042011736658752,3.935353437241579,4.513157171157121,163.3232539807499,-70.97413954972404
503379500,0.578917458424484,-0.14534438338960778,3.9613500853390002,4.482202422244615,162.2012184235367,-73.245153149531
503390000,0.5793162654039617,-0.14196559384786755,3.956107636803759,4.488409728456253,163.40526315531443,-72.01658258358054
503400500,0.5810088652977757,-0.14130862505418176,3.9744562726248707,4.466760576866898,164.2939315548414,-72.27260511607388
503411000,0.5788852408994958,-0.14177356077477643,3.9504114196109446,4.495174270622293,163.29028625957116,-71.80684767800761
503421500,0.5790861244827469,-0.1459636305472045,3.9652255561152394,4.4776249513325475,162.07520727000937,-73.5429953791405
503432000,0.5870408510967474,-0.13858417581460117,4.04003087674924,4.391104048661497,167.64379526162838,-73.03866754762437
503442500,0.572584425012139,-0.13813136458818726,3.8663026469297104,4.597541410165222,161.83899931708282,-68.46173083303242
503453000,0.5797286664409791,-0.1415121911599583,3.9597072040348595,4.48414578234784,163.71138516944245,-71.96009809912593
503463500,0.5796342428399561,-0.13923946116614633,3.952011474616096,4.493272021311013,164.368424929395,-71.0061261408606
503474000,0.5785017397884997,-0.14449514443653186,3.953859231800079,4.491077334110102,162.29930767059537,-72.77899346546678
503484500,0.5827084579951678,-0.145324692395302,4.0069691091898365,4.42891890830319,163.72002155435982,-74.42948937303166
503495000,0.581791468624402,-0.14182003439763607,3.985385136692719,4.453966965791898,164.45348856164895,-72.72400929858391
503505500,0.5835946366893848,-0.1462922966489671,4.020725236356197,4.413104620220049,163.76609097390764,-75.10069549924977
503516000,0.5835086416617188,-0.14275382439326464,4.008979379171806,4.426600646273412,164.8593663634688,-73.64377589363195
503526500,0.5832461270846969,-0.14014223163307557,3.9980826761447155,4.439196616679789,165.57316127221893,-72.49099735907055
503537000,0.5792071659202922,-0.13923126582891693,3.9469017363318133,4.4993525821661065,164.19630817244186,-70.87293486818443
503547500,0.5782989153751278,-0.13914233554159294,3.9358667704348074,4.512541704636133,163.85261135065997,-70.5617151340008
503558000,0.5762143417058335,-0.14344738752659528,3.9237000677789773,4.527175435246467,161.71135317718003,-71.66226588514279
503568500,0.5828954960634063,-0.1404300861064558,3.9946680469724614,4.443158819161412,165.33889821495617,-72.49996040079341
503579000,0.5745280331624744,-0.1415041700658886,3.89832864722381,4.558005815436822,161.6251369280767,-70.3826378707646
503589500,0.5720934329305943,-0.14476832750166385,3.8795490427156323,4.581104154830806,159.69449446923917,-70.943340408456
503600000,0.5770115166485377,-0.13846238884828443,3.918742965178272,4.533165548152464,163.53231131238167,-69.8983425892503
503610500,0.5793046121479418,-0.14342859871574817,3.960269601184916,4.483480330330601,162.9495409216405,-72.60135274478823
503621000,0.5783805705060296,-0.14034813733812604,3.9402874583356455,4.507248566119868,163.52084985116264,-71.07654786078335
503631500,0.577365053376976,-0.14627212365637723,3.9456659616202594,4.500825674598438,161.30074646339952,-73.13027273853798
503642000,0.572574393680484,-0.14620952198849865,3.8893450404267877,4.569025576721038,159.45061585829401,-71.64679413695568
503652500,0.5759668691495349,-0.14364079271546046,3.92135727069652,4.530004428996909,161.5545584161674,-71.66389195231002
503663000,0.583400110479061,-0.13273570242975355,3.978959729156858,4.461479626995531,167.91633704572138,-69.4317948618393
503673500,0.5725345594984989,-0.14491308451452,3.8850691914378594,4.574289725213057,159.8231846363464,-71.13118864683011
503684000,0.5795793812745201,-0.14872583045073276,3.979552028285909,4.460786020503033,161.40169607878875,-74.78437404741342
503694500,0.5796236701531657,-0.1451539293389899,3.969223165119167,4.472913219301059,162.5410776523999,-73.38941414334619
503705000,0.5787635517864007,-0.14266286747522824,3.951563727083274,4.493804166810525,162.96850291233764,-72.12741783439931
503715500,0.5833798060626542,-0.13684898168124113,3.990217375665361,4.448334065733422,166.65113333898745,-71.16430602494022
503726000,0.5821141275969198,-0.13796383408012042,3.9780940920597403,4.462493719987222,165.78034438031236,-71.23926793371355
503736500,0.5783648188699885,-0.1371440550337295,3.930997103297702,4.518387163604873,164.48014161713738,-69.76333489712461
503747000,0.5787418183350749,-0.14156595699512883,3.948100715026539,4.497924293876599,163.2959559793245,-71.67919210984451
503757500,0.5812114443855619,-0.1397686793987142,3.9724145204677797,4.469159036265346,164.85245614895422,-71.7059806408764
503768000,0.5797496014587288,-0.14123180179573525,3.9591404085342057,4.484816642990409,163.80606381963463,-71.8529137221877
503778500,0.584464992429534,-0.14331692429931367,4.022348404734991,4.411246202429787,165.0701201297898,-74.17711519879205
503789000,0.5822267335581767,-0.14317452443637282,3.994659156535434,4.443169144709783,164.20595991229817,-73.41024164395832
503799500,0.5815384472931225,-0.1403118337979847,3.9779232153832202,4.462693957521518,164.8187691366883,-72.0295932489362
503810000,0.5812000064379039,-0.14054514440444366,3.9745282398695427,4.46667608448048,164.6081368517187,-72.02037260710041
503820500,0.5809210325360021,-0.14286531705317995,3.977978809046755,4.46262880947028,163.77470286247572,-72.87645783612521
503831000,0.5797467333019901,-0.14062321247779447,3.957339139396383,4.486949992636458,163.99164771201262,-71.60489954335956
503841500,0.5809859571493766,-0.1414128482966322,3.97448572757343,4.466725995199556,164.2523228262521,-72.30791364152674
503852000,0.580809648943175,-0.14120059809761268,3.9717469115497965,4.469943851934718,164.24629185352723,-72.1669868441529
503862500,0.5800292958314496,-0.1411956553858639,3.9623789754721357,4.480986227227374,163.93065539104103,-71.92425279964904
503873000,0.5812583575244654,-0.14183341810385094,3.9789964091004646,4.4614366668798064,164.23252675655053,-72.56343400497018
503883500,0.5810315361156182,-0.14200751141436313,3.976778101785727,4.464036304098505,164.0863312389548,-72.56361694913791
503894000,0.5815875596488718,-0.1420614846454542,3.983635296382147,4.456010336594925,164.29526594203418,-72.75860059674665
503904500,0.5819860437180707,-0.1425229963474654,3.989811350771026,4.448806805237946,164.3128585975501,-73.07055255952453
503915000,0.5813844730157819,-0.14251525489686304,3.982525196796304,4.457307645609135,164.07132429317068,-72.87935439838672
503925500,0.5815731465518494,-0.14247265695657393,3.984674932872553,4.454796073258265,164.16109447402388,-72.92098940352292
503936000,0.5810162010245933,-0.1422064655880949,3.977179022111671,4.4635662358669235,164.01827617436348,-72.63952138588408
503946500,0.5810147496494601,-0.14264120152424598,3.978443877431703,4.4620838900595,163.88239844246826,-72.81507469104604
503957000,0.5808986388868381,-0.1428285878292939,3.9776007359647934,4.4630718969478975,163.77710044845125,-72.8546461557519
503967500,0.5809667394214656,-0.14203996077359626,3.976094118174066,4.4648384899631175,164.04996897360326,-72.55664897488947
503978000,0.5810358601885722,-0.1425909249988175,3.978549426845619,4.461960237020854,163.90659701843038,-72.80131312893651
503988500,0.581194762041928,-0.14245613755086528,3.9800645800028014,4.4601859793372585,164.01290808670933,-72.79625350605848
503999000,0.5815829883896749,-0.14222901275143185,3.98407412636438,4.455497714229531,164.24115076171043,-72.82521149485888
504009500,0.5815454367081847,-0.14279957292243925,3.9853081243501065,4.4540568564401095,164.04770054025252,-73.04477690893921
504020000,0.5815425554092526,-0.1429632013730247,3.98575854665658,4.453531165315022,163.9953511734571,-73.11008772378892
504030500,0.5817027513562685,-0.14277343632279493,3.987129874762001,4.451931458761655,164.119579139555,-73.08340706726048
504041000,0.5812069455524577,-0.14251656474030033,3.980389758589982,4.459805380269296,163.99901071069496,-72.82452165913651
504051500,0.580582405491842,-0.14298514244615837,3.974262306656961,4.466988316838524,163.6007421033805,-72.81938797077083
504062000,0.5821093214349612,-0.14236496584438224,3.990834602547814,4.447615617905787,164.41242435035204,-73.0449828985556
504072500,0.5818618656352211,-0.14187595377904527,3.98639987180933,4.452782888856728,164.4646925145854,-72.76873430513749
504083000,0.5818484256605224,-0.14219847072936428,3.9871885325447436,4.451863058408558,164.35849779504176,-72.895697265873
504093500,0.5815952979300669,-0.142939777177532,3.986325699726989,4.452869417189683,164.0240182974724,-73.117116836243
504104000,0.5814715652057996,-0.14273745303191632,3.98423279996929,4.455312388195425,164.03721384465075,-72.99653791326203
504114500,0.5815067296479355,-0.1433556453533913,3.9864922532629823,4.452675122477076,163.8579926412312,-73.25745172263619
504125000,0.5818505556547432,-0.14333764872023416,3.9905925471273282,4.447897340479885,164.00251600705312,-73.35802517374127
504135500,0.5820652631808582,-0.14316242650700414,3.9926681203369596,4.4454828135707904,164.14438976076912,-73.35458807359231
504146000,0.5819909226305071,-0.14261116786524405,3.9901315312894003,4.448434006780509,164.28721793552137,-73.10786311313986
504156500,0.5817562329920153,-0.1430168135442486,3.9884981133806736,4.4503365260869465,164.0650110922151,-73.19868983759027
504167000,0.5821871960832018,-0.1429056461662671,3.993380377594117,4.444654857530396,164.27444518967997,-73.28886946424784
504177500,0.5824904258331153,-0.14308945513840646,3.997601687511075,4.439754300203356,164.33957985246056,-73.458755423473
504188000,0.5820688028670703,-0.14240329768924698,3.990457885842059,4.44805408534948,164.38395501398622,-73.04786619206266
504198500,0.5821918663148166,-0.14239622734643825,3.99192593622741,4.446345893148921,164.43617476343616,-73.08355159002896
504209000,0.5823913913975158,-0.14297080297892076,3.996047742684566,4.441557004359171,164.33676434451482,-73.37947224983694
504219500,0.5821320236154619,-0.1423459615449218,3.9910530335476126,4.447361422533284,164.4276036095187,-73.04437081218671
504230000,0.5818640621155673,-0.14279116103282388,3.9891314177904347,4.449598689071547,164.1793832479973,-73.14110085349421
504240500,0.5820706564269492,-0.14325470999497183,3.9930081997708617,4.445087452457469,164.11757376237708,-73.39362838683964
504251000,0.5822699273417719,-0.14256831044272247,3.9933807565044614,4.444654417153869,164.41392203052519,-73.17795054774467
504261500,0.5818953913126739,-0.14293411618876825,3.98993443901624,4.44866348131928,164.14726899635502,-73.20883336907417
504272000,0.5818983143772787,-0.1434399470692722,3.991474976422294,4.4468704777217125,163.9896841317765,-73.41436311005447
504282500,0.5824864236018183,-0.1429977613703734,3.997280084965988,4.440127262978637,164.3668256549961,-73.42030993383301
504293000,0.5820036701786915,-0.14299706208643698,3.99143096411894,4.446921682352294,164.17137651691039,-73.26829314032189
504303500,0.5817671548084038,-0.14294624062009656,3.988420504095096,4.450426962682988,164.0915456203674,-73.17354900942236
504314000,0.581846417032807,-0.1433932464584155,3.9907081489938125,4.447762789654943,163.98338549278355,-73.37919267902147
504324500,0.582291652763819,-0.14276829583980738,3.994237296795375,4.4436591582272555,164.3599558721828,-73.26596607097206
504335000,0.5821851105646542,-0.14246399502255933,3.992044828439871,4.4462076113759235,164.41218630972176,-73.1089710194042
504345500,0.5829452457931414,-0.14258636034635377,4.001625662205214,4.435093098472318,164.68282956915667,-73.3976605909633
504356000,0.5831997951226363,-0.14282421886287616,4.005428494975552,4.430697238620185,164.71136227504257,-73.57477812886371
504366500,0.5825848748534344,-0.14296445520547293,3.998375058991951,4.438857682572555,164.41725593120364,-73.43779449796777
504377000,0.5818922878554655,-0.1429433274016984,3.9899242737806735,4.448675317359313,164.14312394786498,-73.21159066953672
504387500,0.582337137132197,-0.1423895443643834,3.993664975515605,4.444324117738779,164.49732534139483,-73.12638766355248
504398000,0.5823515726393488,-0.14299764180993815,3.995645026943379,4.4420244318949145,164.31217581799777,-73.37783107864243
504408500,0.5822812586013068,-0.14289874882583325,3.9944990009173944,4.443355161352046,164.3147534649325,-73.31562386334329
504419000,0.5826672292594096,-0.14311650713086005,3.9998274484092633,4.437174836732597,164.40275669606177,-73.52543535729471
504429500,0.5830871111996307,-0.14315733070585385,4.0050513231255644,4.431132830253505,164.56027861176818,-73.67456748566184
504440000,0.5824817810374686,-0.1424185562972069,3.995503430621652,4.442188805004971,164.54704339414542,-73.18358526713892
504450500,0.5831751623823047,-0.14256309152432542,4.004351534980149,4.431941239720392,164.78378617672806,-73.46069092633677
504461000,0.5828494932499492,-0.14254226829784733,4.000331577504688,4.436591020196513,164.65774861598604,-73.34955106207124
504471500,0.5838930581267866,-0.1426898344592602,4.013477229065792,4.42142265223812,165.03637295177612,-73.7394678422785
504482000,0.5831739283783229,-0.1430590136292526,4.005814005659318,4.4302521069610075,164.62663202140192,-73.66207722106782
504492500,0.5819552878002787,-0.14362971807388822,3.9927305190098012,4.445410266286705,163.95303503955535,-73.50891712535947
504503000,0.5817523181095421,-0.14320838043371073,3.9890202567448143,4.449728180161538,164.0033707139801,-73.27494557478691
504513500,0.5811089121855502,-0.14320875253623294,3.9812585307966257,4.458788867909949,163.74339973377474,-73.07370944183494
504524000,0.5820672775170606,-0.14344447084185855,3.993532994178335,4.4444774909608284,164.05654372075463,-73.46930736086173
504534500,0.5827149452127655,-0.14321276639274616,4.000693854105219,4.436171575623235,164.39174936920224,-73.57952355758087
504545000,0.5833650927496726,-0.14289090660371861,4.007639469638878,4.428145566775969,164.7575414326686,-73.65417362127563
504555500,0.5834640842948448,-0.14312056460208553,4.009531201734164,4.425964712983225,164.72510122025275,-73.7789385312835
504566000,0.583679203057232,-0.14297135893499813,4.011708063656346,4.423457865586112,164.85992933789416,-73.78640775022187
504576500,0.5840443333047017,-0.1432730167757587,4.017069413603337,4.41729615317048,164.91277414753225,-74.02520018634543
504587000,0.5834233144306237,-0.1428563246083665,4.008245446070338,4.427446737348404,164.79218081304577,-73.65851851173092
504597500,0.5830273133467472,-0.1430351026047637,4.003959263081459,4.432394531997045,164.57461699984566,-73.60602586536676
504608000,0.5837724019992983,-0.14325343889559608,4.013689171287401,4.421178966353983,164.80834279134734,-73.93078680062118
504618500,0.5837689335134794,-0.14286413386762867,4.012482504134921,4.422566728891341,164.9304829548295,-73.77118086904557
504629000,0.5838438779074674,-0.14310883196761628,4.014128782447592,4.420673599870325,164.88335707442542,-73.89463859278172
504639500,0.5833494407254659,-0.1426891445761705,4.006847518088283,4.429059207850968,164.81496815165804,-73.56707765156443
504650000,0.5838672566493989,-0.1432563444110263,4.014855982995165,4.419837886525203,164.84600904248023,-73.96210550245699
504660500,0.5841602148739361,-0.14246512184047455,4.0160705001105566,4.418442858723018,165.21677666244818,-73.73244553797295
504671000,0.5840123682391027,-0.14326632288053734,4.016658664089262,4.417767600622156,164.90189194349767,-74.01230586709374
504681500,0.5841167253181453,-0.14242857635251874,4.01543011445623,4.419178311193425,165.21059299653632,-73.70370544457816
504692000,0.5842540120385074,-0.1426408383620318,4.017741470092092,4.41652500608951,165.19930889703517,-73.83404945532777
504702500,0.5836774834301581,-0.1425341721053374,4.010383056133985,4.424983382341653,164.99772584943983,-73.60765185358238
504713000,0.5832975141868227,-0.14301208527529594,4.007178183904561,4.428677685826587,164.69171373233195,-73.68208906234644
504723500,0.5834562335434732,-0.1429461602814591,4.008914557297951,4.426675360777269,164.777145648486,-73.70550410065246
504734000,0.5831944249656046,-0.1428220959829442,4.005356828322598,4.430779998919094,164.70984799099142,-73.57221773178584
504744500,0.5839673412222723,-0.142998565783859,4.015306664615065,4.419320116218856,164.9686709607589,-73.8889387341927
504755000,0.58343883177354,-0.1429993898949698,4.008861460072876,4.426736563223697,164.75321112307395,-73.72165365133172
504765500,0.5836380704154118,-0.1433866575669812,4.012449084135445,4.422605177196032,164.71142349977094,-73.94228715338417
504776000,0.5833076762729607,-0.14385635561226556,4.009830541867369,4.425619824460848,164.4282655457102,-74.02792675842933
504786500,0.5834833936692367,-0.14367922900380248,4.011440259128524,4.423766109488934,164.5557237101657,-74.01193732129144
504797000,0.5835209281872266,-0.14301972495003193,4.009922649809142,4.425513712176966,164.7801731784986,-73.75593006151858
504807500,0.5836824019060911,-0.14327718356009947,4.012661949844018,4.422360295822268,164.76420083517996,-73.91186432205339
504818000,0.5843480830746886,-0.14362242403629352,4.0218351275609825,4.411833697144792,164.92502140393225,-74.26418910424923
504828500,0.5845137149936943,-0.14309785615846168,4.022287745835028,4.411315624002825,165.15986499443653,-74.10332548421098
504839000,0.5841683430679354,-0.1430486135783349,4.017913112405888,4.4163281002607295,165.03468864565028,-73.97323789380131
504849500,0.5837266465653,-0.14327104879077593,4.013183469673508,4.4217604548441205,164.78414040230692,-73.92341788192547
504860000,0.5839080399393107,-0.14372847401026584,4.016771539068234,4.417638035458016,164.7123769209937,-74.16697568842788
504870500,0.5838105352486407,-0.14385673693034187,4.015966245903543,4.418562572681239,164.63195895927674,-74.18797416050585
504881000,0.584458629936085,-0.14389962020842115,4.024024593459271,4.409328757069619,164.88139963582057,-74.4122102516351
504891500,0.5843454329856216,-0.14345581004762506,4.021301564592065,4.412444580349547,164.9771121347532,-74.19554170788969
504902000,0.5847390038980305,-0.14386935171473067,4.027371421744022,4.405505303219409,165.0050806761118,-74.48963871543064
504912500,0.584917956896669,-0.14349835257408633,4.028449206184541,4.404275471495486,165.19677631162858,-74.39585352596298
504923000,0.5848167551152762,-0.143148417945788,4.026154580397882,4.406894652516208,165.2674165979215,-74.22069773028824
504933500,0.5849657101713921,-0.1436746689568302,4.029567182139425,4.4030005190572545,165.1597569316792,-74.4830188916604
504944000,0.5850309533322985,-0.1434318995629233,4.0296368294113005,4.402921117464905,165.26414867379185,-74.40493694654326
504954500,0.5842933731793757,-0.14373454913557043,4.021502835325886,4.412214122564594,164.86697966122586,-74.292316872433
504965000,0.5843593644526505,-0.14329874757177857,4.021000322899149,4.412789552218508,165.03287635412343,-74.13601855296147
504975500,0.5845841357067857,-0.14380050505046427,4.025264022915615,4.407912029013962,164.9641262382361,-74.41205928277076
504986000,0.5843039234723985,-0.14357439554276188,4.021149954525671,4.412618192219033,164.92238580031943,-74.23055778550331
504996500,0.5840456761709473,-0.14432573941881136,4.020255331666887,4.4136429278175155,164.57765804020187,-74.45307666073579
505007000,0.5843954577897605,-0.1437237067076293,4.0227202859247235,4.410820648744677,164.91194578415653,-74.3205098278809
505017500,0.5844163952068105,-0.1442222434168251,4.024481576572029,4.408806294940856,164.76102523807438,-74.52968909528087
505028000,0.5848671318098616,-0.14372941660595678,4.0285217714795705,4.404192694326409,165.10205775380228,-74.47373031791479
505038500,0.5850103489881913,-0.14355571368219194,4.029756787489136,4.402784365736204,165.21607519704656,-74.44883792996843
505049000,0.5850263367097831,-0.14382149392617216,4.030755280009182,4.40164642482657,165.13737113509112,-74.56226949602564
505059500,0.5851367158656683,-0.1433706449380065,4.030751933154773,4.40165023809559,165.32694208222014,-74.41382194925819
505070000,0.5854229950509302,-0.14267842966823763,4.0321920807360785,4.400010015860358,165.66579515609305,-74.22229554145996
505080500,0.5847864678471631,-0.14261550768913708,4.024186098790276,4.4091440959298005,165.425125176245,-73.99316548454208
505091000,0.585177878319791,-0.1432600664480605,4.030924993809648,4.4014530687101185,165.3791869463915,-74.38184952261523
505101500,0.5851203362366094,-0.1435357898962247,4.031048246538378,4.401312656891554,165.2673193037047,-74.47596836831653
505112000,0.5849145256019195,-0.14349459619000698,4.028395760161927,4.404336440832495,165.1965799524621,-74.3932231946392
505122500,0.5849223947271072,-0.14379619077501613,4.029401927716041,4.403188929588649,165.10316029396986,-74.51863141015512
505133000,0.5852369821354986,-0.14454782813345396,4.035547045516593,4.396193795079691,164.98951978358832,-74.92535934417423
505143500,0.5846909658266971,-0.14400345412853247,4.027187036741382,4.405715770411864,164.94258758366934,-74.5287785828828
505154000,0.5848418271836845,-0.1443258117222715,4.030014576470037,4.4024905166832635,164.9004788311482,-74.70811868259428
505164500,0.5882812296713368,-0.14330003652275058,4.069490484164264,4.35796041679054,166.6402188541126,-75.40232195221277
505175000,0.5850801979658173,-0.14389203374490586,4.0316304283036875,4.400649548171009,165.13666624905417,-74.60827920940044
505185500,0.5855243422826408,-0.14350235338304893,4.035918071907453,4.3957721733945405,165.44297872497484,-74.59201497418404
505196000,0.585330050491543,-0.14367429888130523,4.034045395810054,4.397901062384989,165.30841464063408,-74.59977640870154
505206500,0.5853292623426156,-0.14422445992693328,4.035701003582225,4.396018832380294,165.13116783927032,-74.8236460338442
505217000,0.5853885204321639,-0.14422509865185296,4.036432571802259,4.395187649985622,165.1550722358784,-74.8429868632932
505227500,0.5847953168719451,-0.1442475188667464,4.029206207077651,4.4034120966861785,164.90672501586334,-74.66139745286945
505238000,0.5850591342454804,-0.14432228515086165,4.0326743053887135,4.399461076397088,164.98987124713344,-74.77650928947547
505248500,0.5848459331267315,-0.14400814122343103,4.029103336829982,4.403529401983105,165.00408735063053,-74.58035810174583
505259000,0.585212489178336,-0.1438206638280402,4.033041341783224,4.399043355001597,165.21346959862478,-74.62168762288916
505269500,0.5851670540009308,-0.14449400448324998,4.0345229293103895,4.397357994435953,164.97845805044335,-74.88098180469163
505280000,0.5850798719133514,-0.14364054483654617,4.030866878949255,4.40151927742252,165.21722588061013,-74.50571204211393
505290500,0.5844783630305558,-0.14382522749796356,4.024042018406392,4.409308833062347,164.91320866877385,-74.38828301347085
505301000,0.5854593533005843,-0.1438864964248207,4.036278789932259,4.395362344956684,165.29292168775268,-74.72788121830683
505311500,0.5855867258992408,-0.14428293557169414,4.039050227168705,4.392216188174105,165.21709563726537,-74.93040470563876
505322000,0.5853381573508695,-0.1439056952506619,4.034844735602919,4.396992102210623,165.23735019609458,-74.69672233644123
505332500,0.5857047046336437,-0.14403797608945507,4.039761411901201,4.391409587264478,165.3441518170006,-74.868665266866
505343000,0.585578570732187,-0.14358474744632255,4.036834847379694,4.394730735218707,165.43863860791618,-74.64310561678703
505353500,0.5858177995558559,-0.1440199261594561,4.041101752794565,4.389890241479923,165.39609034154185,-74.8977840978173
505364000,0.5853539883073323,-0.14367664696835739,4.034347073782505,4.39755796761467,165.31742544780036,-74.60842465579724
505374500,0.5859524809128446,-0.14418155098262667,4.043254943997329,4.38745173417564,165.39882368723823,-75.00717924244358
505385000,0.5860919224925235,-0.1442387654827274,4.045151458758405,4.385306205389373,165.43718143812478,-75.07558991561883
505395500,0.5862132745532668,-0.1441184232816152,4.046285608898649,4.38402416390982,165.52562289830468,-75.06575498611582
505406000,0.5861391734603099,-0.14430438998753298,4.045935125401526,4.384420268155436,165.43521303657695,-75.11763618462696
505416500,0.586163032781486,-0.14414276626493902,4.04573847186462,4.384642551148355,165.4972429826559,-75.05943447914889
505427000,0.5856811713983439,-0.1443914086301453,4.040544473402163,4.3905218161051565,165.22053090159363,-75.0050286826009
505437500,0.5866368748265199,-0.14404926080074226,4.051318219092349,4.378344531228844,165.72107060320678,-75.17472862751207
505448000,0.5860801626887627,-0.1438074167315178,4.043696495090837,4.38695201560045,165.57179092887677,-74.89571549661747
505458500,0.5863123916648866,-0.14413848052971248,4.047572422140528,4.382570478928264,165.55959100795124,-75.10602513944127
505469000,0.5861318758180329,-0.14389773999156621,4.044609309200266,4.385919320900303,165.56374288278124,-74.94932229020125
505479500,0.5857988030566319,-0.1440737512040946,4.04103066705893,4.389970793880498,165.3709760438059,-74.9136039395869
505490000,0.585635936430168,-0.1443187518621447,4.039765755513255,4.391404661820768,165.22557172146642,-74.96085836223554
505500500,0.5857718512212934,-0.144116974868307,4.040829323365296,4.39019896740228,165.34604108283415,-74.92252779591777
505511000,0.5862693876736381,-0.14420227207814607,4.047234514443875,4.382952110598614,165.52138323807526,-75.11813778923282
505521500,0.585864319142092,-0.1444475137427829,4.042975239962638,4.38776834501334,165.2769462926253,-75.0870332971324
505532000,0.5849721023895601,-0.14452675874509632,4.032224935943562,4.399972610759763,164.88878159486285,-74.83154571874064
505542500,0.5849350743395034,-0.14492971948374464,4.032995355004362,4.399095687773904,164.74408890559565,-74.98296927005892
505553000,0.5849090673212988,-0.1443593213469289,4.030942163753907,4.4014335078392905,164.9170167997283,-74.74332067650879
505563500,0.5850142452249739,-0.1451320723537309,4.034585872146871,4.397286423837711,164.71092725358835,-75.09038917781122
505574000,0.5861694715894605,-0.1445887396312306,4.0471761058121585,4.383018083965347,165.35546495717836,-75.24330157674042
505584500,0.5858733235916956,-0.14437231184066507,4.042857558637288,4.387901568275654,165.3049215105104,-75.0593261432361
505595000,0.5856016485900122,-0.14509477238508012,4.041707887040379,4.389203509416338,164.9608904319983,-75.26502304558444
505605500,0.5860717034030578,-0.14460338248046656,4.0460120211995045,4.384333356943097,165.31092056768114,-75.21758636710643
505616000,0.5863088768842463,-0.1446345990812432,4.049040616498372,4.380913093489985,165.39736174672186,-75.30717803359184
505626500,0.5867421076988276,-0.14441944073996807,4.053750603005665,4.375604808441389,165.6438731284119,-75.36012774683923
505637000,0.5864072243699464,-0.14469566640637732,4.050444540860292,4.379329456616753,165.4175938728805,-75.36396701710143
505647500,0.5863112798803041,-0.14505427643708657,4.050353655253096,4.379431940849267,165.26207560813572,-75.4786947361027
505658000,0.5862467531817306,-0.1448595302827656,4.048959066719709,4.381005118173062,165.29908847749036,-75.37856214299494
505668500,0.586344527297422,-0.14486594928866325,4.050188836651991,4.379617805740318,165.33677621239647,-75.41291862757178
505679000,0.5862265572176979,-0.14482137159702488,4.048592531286731,4.381418783094125,165.30325770763082,-75.35648706901608
505689500,0.5864453011079716,-0.14420303422250305,4.049413600617801,4.380492250625898,165.5929404085472,-75.17543930018458
505700000,0.5866752554919661,-0.14484391739301927,4.054219168871558,4.37507744000892,165.47856479109225,-75.51147095177281
505710500,0.5867676349182057,-0.14443195966739839,4.054105377752721,4.375205499384679,165.65022491924094,-75.37353610150085
505721000,0.586788377600245,-0.14450918212270703,4.054598460365777,4.374650644464435,165.63358216427264,-75.41180089702884
505731500,0.5870603359895095,-0.144780559365805,4.058804692820608,4.369923298982675,165.6561629353301,-75.6110943599428
505742000,0.5868694159090302,-0.14498109486235305,4.0570484320564395,4.371895875026101,165.51296202741707,-75.63057879269367
505752500,0.5870300394256163,-0.14489423142040125,4.058776727261214,4.369954694767125,165.6067334483588,-75.64756499144039
505763000,0.5865866000728532,-0.1447683809270115,4.052888946196734,4.376574937606016,165.46702538646792,-75.45186588982156
505773500,0.586612684093043,-0.14494722518466333,4.053759726664123,4.375594538572265,165.41947020472355,-75.53317011776136
505784000,0.5863286412881293,-0.14516288525855117,4.050901398420547,4.378814370057518,165.23382751000906,-75.52846661631271
505794500,0.5864928425278262,-0.14551432156543975,4.054014745922134,4.375307501007708,165.1860899645985,-75.72458499373221
505805000,0.5870119005701763,-0.14587875261471758,4.061581502057671,4.366808181102394,165.277612311353,-76.04197213724142
505815500,0.5875686758452626,-0.145408946528905,4.067061344415412,4.360673994026989,165.65785425522063,-76.03346196413186
505826000,0.5866998639758372,-0.14504829341403958,4.055150577358221,4.374029529971168,165.42204298209523,-75.60268428387843
505836500,0.5865639360789213,-0.14455448077146998,4.05195437525582,4.377627656620488,165.52730440833776,-75.3573292212097
505847000,0.5872474636579507,-0.14486918919298744,4.061402380207959,4.367008989188982,165.70357298600052,-75.70832150772371
505857500,0.5878331291664844,-0.14451423186732834,4.067606878411084,4.360064280964069,166.05899522298876,-75.75475357719611
505868000,0.5870964779886414,-0.14467991102191505,4.058945452589454,4.369765280767316,165.70373065983637,-75.58181244601191
505878500,0.5875179002942793,-0.14466579614368838,4.064143777215078,4.363937754453759,165.88046317585605,-75.71363484496509
505889000,0.5872860158491305,-0.14447244821368127,4.060666419326472,4.367834250600261,165.84881303297064,-75.55888014565286
505899500,0.5872883476138444,-0.14503398202950418,4.062416822756408,4.365871977270207,165.66639917647097,-75.78888670015517
505910000,0.587639707512664,-0.14529676923204038,4.067600791000123,4.360071083565036,165.72358284553954,-76.01105199909594
505920500,0.58750499748936,-0.14534273212097248,4.066063828662516,4.361789312327856,165.65362568386578,-75.98561669332732
505931000,0.5876542233823043,-0.14490164332069527,4.066565747983804,4.361228045583578,165.85899320978794,-75.85459731929937
505941500,0.5875402948495618,-0.14484187940927862,4.064962869531858,4.363020966645323,165.83202692715705,-75.7928981339918
505952000,0.5873202422809247,-0.14420354766322507,4.06027027114297,4.368278598741922,165.9504902520888,-75.46002979666983
505962500,0.587564141075525,-0.1443147602866514,4.063644668978218,4.364496585658135,166.014072876583,-75.58513274529771
505973000,0.58736611480923,-0.14393463523312258,4.060020487453204,4.368558821450268,166.05689272570845,-75.3647995479077
505983500,0.5872871178913908,-0.1441958686696006,4.059835001313221,4.368766934963074,165.93943182340544,-75.44609170595699
505994000,0.5867087895463516,-0.14490145836582827,4.054811253311506,4.374411237669876,165.47349250892424,-75.54581978515888
506004500,0.5867672230642268,-0.14565228077662878,4.057843123465916,4.3710030778113165,165.25240669008514,-75.87008032023137
506015000,0.587504542590881,-0.1449344484768639,4.064801922524408,4.363201079217553,165.78714231756493,-75.81899363603374
506025500,0.5876646496110897,-0.14513718512228532,4.067420133173434,4.360272976154193,165.78607664096506,-75.95415654445354
506036000,0.5879931413315457,-0.1451591452988107,4.0715857935600175,4.3556225274729785,165.91293817953522,-76.07091218429755
506046500,0.5879037721088536,-0.14561169998620363,4.071867166639886,4.355308774043124,165.72774425078288,-76.22608858929652
506057000,0.5876945488151781,-0.14542041083280116,4.068665793183952,4.35888128741847,165.70536611486662,-76.07942817424103
506067500,0.5878247604208544,-0.14537010164914005,4.070134746029536,4.357241294158048,165.7749499052858,-76.10167566857541
506078000,0.5878880106891624,-0.14489312733640777,4.069454679955918,4.358000388418944,165.95730213479325,-75.92773248303264
506088500,0.5877190143199882,-0.14509662255202196,4.067972999528772,4.359655185316169,165.82155610728876,-75.95542834321772
506099000,0.5877958407956853,-0.14468721031459855,4.067672511997289,4.35999093767886,165.9870988494482,-75.8133320556339
506109500,0.5876663176031671,-0.14497444750850375,4.066940251670876,4.36080935627665,165.8400858143135,-75.88828787700922
506120000,0.5875058627203211,-0.1452998756169268,4.065942556225171,4.361924946258291,165.6680224604797,-75.9684417449296
506130500,0.5876513764463605,-0.14569225081217427,4.0689670307470465,4.358544871948008,165.59853410142682,-76.17591986688454
506141000,0.587675602272409,-0.1456815103948465,4.069235932292228,4.358244613409472,165.6119178694712,-76.17950824027189
506151500,0.5882713658054356,-0.14537843351914936,4.0757391555332365,4.350995879379732,165.95440083779712,-76.25195310202669
506162000,0.5881700160070192,-0.14542673960718525,4.074621326647875,4.352240100571079,165.8971338198665,-76.23829609865047
506172500,0.5883485830137551,-0.14549600864766193,4.077068586823892,4.349517075107197,165.94717681417865,-76.32538358599598
506183000,0.5882605862269401,-0.14554746643411112,4.076127061731416,4.350564282550151,165.89431709045286,-76.3173740936968
506193500,0.5883147404133862,-0.1448100534243146,4.074528682342001,4.352343252716789,166.15914429347964,-76.03385475769586
506204000,0.5884810945457095,-0.14502825863087604,4.077281785912324,4.349280016747051,166.1554429773593,-76.17790354974129
506214500,0.5885049018920118,-0.14529617049477642,4.0784069775733665,4.34802934087325,166.07689666326618,-76.29530889169696
506225000,0.5883378783816885,-0.14513061047472928,4.075805740626601,4.35092178846283,166.0631680707761,-76.17261301560794
506235500,0.588683029897373,-0.1453134706411827,4.080691504465237,4.345492295179843,166.14400391412408,-76.36114639083826
506246000,0.5886769787755308,-0.14505467820308524,4.079816020456401,4.34646419303432,166.226911642126,-76.25326925229167
506256500,0.5888413620338218,-0.14537601987981044,4.08286991193365,4.343075912004355,166.1880870290868,-76.4390206981472
506267000,0.587985264700887,-0.1455718747044563,4.0727616216460465,4.354311691786592,165.77404218941453,-76.23667102893332
506277500,0.5881815875768225,-0.14516766751061888,4.073966065847212,4.352969789134008,165.98710344044576,-76.1363335707416
506288000,0.588185171650041,-0.1449160882549572,4.0732356075430936,4.353783510979292,166.07127120499896,-76.03466716525178
506298500,0.5882978234496421,-0.14501018543094016,4.074933509388093,4.3518925463957645,166.08641451658866,-76.11019038254895
506309000,0.5883269582114004,-0.14588890019629464,4.078015409248086,4.348464494578604,165.80875816313025,-76.47841657145662
506319500,0.5881714789847822,-0.14571499970505933,4.075531483911821,4.351226977389995,165.8027844805744,-76.35630140287418
506330000,0.5888008627770507,-0.14587172433545442,4.083899596360391,4.341934696266291,166.00758020612327,-76.62807467689798
506340500,0.5884389504903658,-0.14590639585736165,4.07947160334688,4.346846661181052,165.84859486215132,-76.52252457985603
506351000,0.5887679021154175,-0.14560797103497983,4.082667446481204,4.343300379751737,166.08138971759223,-76.5095256353941
506361500,0.5885306970296914,-0.1456557366332179,4.079842940325301,4.346434301965995,165.96878492006041,-76.45064219913952
506372000,0.5888664380709302,-0.1460965841379463,4.085421837102692,4.340248693512344,165.9598286702741,-76.74146847001134
506382500,0.5887296964948684,-0.14602295116931788,4.083477181781626,4.342402791042862,165.92850140341557,-76.66616516624211
506393000,0.5887367564851628,-0.14664789069394416,4.085514318917404,4.340146305607632,165.72421519066629,-76.9227535603395
506403500,0.5889322161102014,-0.1465335328149428,4.087610612920533,4.337826791199127,165.84162548428446,-76.94116919464314
506414000,0.5885725272120153,-0.1458498164996563,4.080969021300301,4.345184309035489,165.92172264326956,-76.54360904100092
506424500,0.5886650557670026,-0.14624288457042425,4.083351199565167,4.342542417006613,165.8293461929349,-76.73431738472628
506435000,0.5888437113603856,-0.14545938473751371,4.083157578017488,4.342757025441605,166.16149055719237,-76.47388180399004
506445500,0.5884000804046574,-0.14380602706580312,4.07251720786035,4.354584102643149,166.52365402467092,-75.6496903149802
506456000,0.5885877263342727,-0.1454182732073665,4.079821774433796,4.346457803943741,166.0704609006012,-76.37252295689768
506466500,0.5890218743377726,-0.14605110660412646,4.087231716330665,4.338245846589001,166.03827043258536,-76.7744716696989
506477000,0.5887256803180907,-0.1456401584500482,4.082237895936779,4.343776688784607,166.05350803887052,-76.50870875868587
506487500,0.588528175452956,-0.1457946280815388,4.080242107316902,4.345991127362784,165.9218801723768,-76.50645399366609
506498000,0.5889064160424856,-0.1458726741024523,4.08522693974419,4.340464483237772,166.0503250205457,-76.66341650982335
506508500,0.5886646600392023,-0.1454780906920905,4.080970810385837,4.345182323666078,166.08214121141532,-76.42235976877481
506519000,0.5896368965566121,-0.14757823756975177,4.099761732938565,4.32443146554976,165.77932353012156,-77.60037879468305
506529500,0.5888632456981986,-0.14625515284647161,4.0858758024384025,4.339746149466911,165.90595370478604,-76.80499962398606
506540000,0.5893755136132586,-0.1463948461805061,4.092750415099399,4.332150379703715,166.06820507613148,-77.03211253901407
506550500,0.5897153586576246,-0.14632976172750975,4.096827596755585,4.327658302207284,166.22847788681048,-77.11880596933071
506561000,0.589758932347224,-0.14582611915495783,4.095804318127292,4.328784816219229,166.41411454745545,-76.92752613817545
506571500,0.5886747376081323,-0.14647672066465817,4.084201703423429,4.341599982317291,165.75579383834332,-76.8326286648846
506582000,0.5894451992652289,-0.14623380003487121,4.093124346722239,4.3317380002356,166.15022272089058,-76.98964520763079
506592500,0.589652129142968,-0.14544800543222267,4.093282263417586,4.331563870527431,166.49614540614058,-76.73716563295773
506603000,0.5894492915633781,-0.14615192709227723,4.092920249372659,4.331963073048891,166.17913811305928,-76.95760105416697
506613500,0.5884296728289998,-0.1460520455578896,4.07980787913587,4.3464732330112295,165.796690420477,-76.5787666889754
506624000,0.5895027296629266,-0.1461563217289423,4.093606724565765,4.331206142392317,166.19948575974348,-76.97717836804613
506634500,0.5899916620456541,-0.1460414630199516,4.099411575096977,4.324816295976162,166.437540362574,-77.09320060342225
506645000,0.5890973373191261,-0.14592099160623634,4.087774576072798,4.337645475402208,166.11221840252574,-76.74642213747799
506655500,0.5886205051378736,-0.14619557608295228,4.082645316245384,4.343324916357066,165.8268822122251,-76.70031144789722
506666000,0.5886224553200369,-0.14630424208647458,4.083008239133021,4.342922566149722,165.7916909836525,-76.74517047954889
506676500,0.5888501851045645,-0.14596618228322542,4.084812059388699,4.340923910369776,165.99641403880733,-76.68292870843173
506687000,0.5890091338991608,-0.14637714814703115,4.0880883009384625,4.337298591340433,165.9248613233262,-76.90308476781776
506697500,0.5899837285492517,-0.14668308034571334,4.1013208205895175,4.322718845324672,166.2199294437627,-77.35255279192904
506708000,0.5889353695227844,-0.14622530476965662,4.086688183175702,4.3388471325061,165.94522624067068,-76.8167684092313
506718500,0.5894757730247944,-0.145461684600741,4.0911048144655835,4.33396613462338,166.41935056726956,-76.68420337982805
506729000,0.5883654195586602,-0.14404664157493277,4.072819606468651,4.354247070034143,166.43054328174074,-75.73730287806966
506739500,0.5902217883783764,-0.14563443177438098,4.101047100985025,4.323019419519452,166.66762316698885,-77.00327955202836
506750000,0.5895012420719633,-0.14589014246672927,4.092757900145092,4.332142124255697,166.28743071098438,-76.8679648129898
506760500,0.5894450692483637,-0.14660536972908977,4.094284778667992,4.330458762096766,166.02641529083954,-77.14103549306161
506771000,0.589509119210773,-0.1454698448261895,4.0915497597323744,4.333475029016862,166.4302996862032,-76.69861520554377
506781500,0.5895502640077228,-0.14603516429316415,4.09382720236645,4.330963093423389,166.2592189261992,-76.94352754168436
506792000,0.5898972838789988,-0.1466312480925676,4.100066849606346,4.324096193250872,166.20201972559076,-77.30251653135504
506802500,0.5899024812907535,-0.14652888331341613,4.0998114217524,4.324376862218741,166.23834954687783,-77.2625106056896
506813000,0.590001021848799,-0.145758834026446,4.098647673138902,4.325656082047838,166.53564218490783,-76.98063754295585
506823500,0.590202089658856,-0.14556722381936196,4.100588885777451,4.323522685645846,166.68196441655036,-76.96913824081106
506834000,0.5897443952189364,-0.14387049328138637,4.089572375261302,4.335658424814079,167.0568334498599,-76.11857908727951
506844500,0.589677355442332,-0.14590540717738765,4.095023442859385,4.329644874305786,166.35434910373016,-76.93279866288702
506855000,0.5901709624799444,-0.14635375122542277,4.1026529484267575,4.321256631369266,166.4065043102075,-77.280770262233
506865500,0.5908294266754128,-0.14608910712947043,4.110156773506454,4.313038858754656,166.76465846319022,-77.39304211153835
506876000,0.5907283378336295,-0.14682407633339015,4.111184945733766,4.311915345485102,166.47643983500342,-77.65979486210993
506886500,0.5905919770104718,-0.14729529720861612,4.1109436406234305,4.312178972852102,166.262331439025,-77.80605800476509
506897000,0.5899405769462079,-0.1468561914720071,4.101319742836245,4.322720028732513,166.1444293438983,-77.40865327504318
506907500,0.5896196076716833,-0.14666874608874667,4.096682227805348,4.327818300508549,166.07635239312185,-77.2250532856235
506918000,0.5908848705865007,-0.14655363538492197,4.112318362796685,4.31067752010472,166.63134234385097,-77.60189852748911
506928500,0.5903600978815505,-0.1459186633064375,4.1036820305524095,4.320127747398912,166.62938762763605,-77.16599508994238
506939000,0.5906772497175187,-0.14622222804565804,4.108645861837554,4.314690959780677,166.65765091174742,-77.39653957076911
506949500,0.5905110495952043,-0.14651448967355157,4.107458474235554,4.315990211198099,166.49164047864437,-77.46036173128228
506960000,0.5907631195965882,-0.14653210409317113,4.110706896890174,4.312437648856162,166.5887803139803,-77.55217386833678
506970500,0.5904574048890404,-0.14654412728261115,4.10687254948552,4.3166316302096694,166.45978107404824,-77.45448236144316
506981000,0.5906761379791422,-0.14691972092558245,4.110824729696858,4.312308895894868,166.42297393292566,-77.68128340998058
506991500,0.5906510725296189,-0.14704938752833968,4.110916002949656,4.312209169285991,166.36914369132438,-77.7257442848503
507002000,0.59065100603785,-0.1473937366367735,4.112003115323774,4.311021734791717,166.25322163025967,-77.86600398673885
507012500,0.5910696540892462,-0.14642072013160112,4.114245001809766,4.308575065894832,166.75168236541862,-77.6096411994013
507023000,0.5899189735872966,-0.14646077332553945,4.099806099330187,4.3243827109926505,166.26783471467348,-77.24023370414052
507033500,0.5902346639377855,-0.1466071593260537,4.10425299069861,4.31950167431654,166.34770095104105,-77.40557600103817
507044000,0.5905637278001173,-0.14657470256689398,4.108314630734428,4.315053315886876,166.49296730842022,-77.502640693164
507054500,0.5908796448805457,-0.14750579776945275,4.115258307808791,4.307470130343482,166.3085144916449,-77.98868864664341
507065000,0.5915921758624876,-0.14697711914904293,4.122643182186213,4.2994348996611595,166.77786917808154,-78.01365405853412
507075500,0.5918165325736054,-0.14656346039090146,4.1241941157809965,4.297751266465991,167.00967861541346,-77.92008244902215
507086000,0.5921308941337221,-0.14742986133406544,4.13094979034234,4.290433234800545,166.84464668245812,-78.38146045292909
507096500,0.5916094011013968,-0.14594168460210327,4.119599606679287,4.302742802310161,167.1345000199588,-77.59477030962722
507107000,0.5891896684038419,-0.14670863719600108,4.091394057550018,4.333646871423408,165.8880950048268,-77.0979835924242
507117500,0.5910388496981044,-0.14630389929315657,4.1134868482079145,4.309402154929059,166.7783532457379,-77.5514210550032
507128000,0.5913408901964502,-0.14795507780435185,4.122548232727441,4.2995380168243,166.34426265528154,-78.32746522908731
507138500,0.5921627421891131,-0.14695048580518813,4.129834677301168,4.291639419679319,167.0205107330812,-78.19606686524023
507149000,0.5910753270406023,-0.14727083887039186,4.116999058912313,4.305573318901806,166.46753031761904,-77.95899070448861
507159500,0.5910194002112298,-0.14691962662013597,4.1151787493673195,4.307556862043731,166.5631455228001,-77.7967866845639
507170000,0.5904764174118723,-0.14733218885296256,4.109596188917207,4.313651677325046,166.20288180212415,-77.78219659760505
507180500,0.5905367433940163,-0.14630313758252547,4.107120394512736,4.316360287476806,166.57301041307778,-77.38255002845402
507191000,0.5898331510714817,-0.1486676376405102,4.105694744969905,4.317921576066568,165.4929057737001,-78.1068029104621
507201500,0.5910784893570638,-0.14744448048010197,4.117589205656502,4.304930651667397,166.4101940216812,-78.03083916509064
507212000,0.5914857789397558,-0.14720078852135549,4.121996675730058,4.300137119461128,166.6587196092978,-78.06909214505092
507222500,0.5918390673127049,-0.14718897216660073,4.12646029472538,4.295293608443381,166.80710808899488,-78.18390453963598
507233000,0.594464818230643,-0.15113197707985826,4.17297563150102,4.245473916878864,166.51677625980514,-80.68993749033652
507243500,0.5888491659448791,-0.14552719764504868,4.083436151802252,4.342448263521331,166.14129670794998,-76.5034011850211
507254000,0.5912825782811888,-0.14707732604318652,4.1190207743828315,4.303372492679026,166.61744901103108,-77.94998079812075
507264500,0.5900074159237404,-0.14669185078138824,4.1016474838911545,4.322360188959795,166.22665235795031,-77.364052557477
507275000,0.5897665941882755,-0.14683496917500927,4.099057272035156,4.325205753236,166.08068503256678,-77.34182608384017
507285500,0.591559615384197,-0.14835066670143,4.126596293731914,4.295146209518201,166.2988980250106,-78.56247065034572
507296000,0.5901671687423986,-0.14753958959939945,4.106337684494998,4.317217323363505,166.00744754565477,-77.76256007481247
507306500,0.5919312617398464,-0.14727226029141738,4.127900522934221,4.29373317914854,166.81655750456986,-78.24922984407901
507317000,0.5910552567298508,-0.14879519222851578,4.121596702364493,4.300571678137536,165.94349265074612,-78.57138165544009
507327500,0.5906980097667823,-0.14852264920764718,4.116186463278392,4.306458552486899,165.89126987571683,-78.34006212497108
507338000,0.5927771306774997,-0.14715225255099057,4.138334072490529,4.2824632979280945,167.2037745766578,-78.48779402961388
507348500,0.5902918989294778,-0.14715322017607052,4.106695375933093,4.316825622582626,166.18792029180463,-77.64735076261245
507359000,0.5904804220851,-0.14651055315973252,4.107058420708283,4.3164281336331465,166.4804440618798,-77.44848187541697
507369500,0.5921766539301107,-0.1459911397883926,4.126983118737202,4.294727015895799,167.35126868851756,-77.80662817878992
507380000,0.5917990595738506,-0.14612619110686964,4.122593833047911,4.299488493261431,167.15025427100431,-77.7346066899884
507390500,0.5934979920477307,-0.1468622549946751,4.146663370327009,4.273509569931907,167.59904500623014,-78.61483045381438
507401000,0.5920665552177463,-0.14744631692721338,4.1301804270176605,4.291265358407373,166.81275710859222,-78.36631908315437
507411500,0.590618924624523,-0.14780114205175476,4.112887168723706,4.31005659006842,166.10288516677375,-78.02083474189261
507422000,0.5896556434270877,-0.14550787592293352,4.093512544464591,4.3313099725629804,166.4776900074633,-76.76286600055208
507432500,0.588600651943413,-0.14732209103792424,4.085918796530288,4.339698560746393,165.44509359704438,-77.1508798993336
507443000,0.5927214539780014,-0.14600954508629027,4.134002896714024,4.287134316575598,167.56960039462942,-77.99880128355677
507453500,0.589099715829652,-0.148892690195866,4.0971579437367796,4.327294755314749,165.1219420746581,-77.95099178460609
507464000,0.5944383277428533,-0.14684205191808614,4.158717159539792,4.260619549579655,167.9936796000581,-78.929152844971
507474500,0.591897452993078,-0.14706919462432474,4.126825172283775,4.294898168856163,166.87159802873978,-78.15469786429946
507485000,0.5920505123362256,-0.14868961162414002,4.1339478497549385,4.287193749660715,166.38279879441325,-78.86729923142579
507495500,0.5915819280528899,-0.1477134442450801,4.124848599722545,4.297041187749122,166.52430729163737,-78.31081284025481
507506000,0.5930401597431333,-0.14704477221251605,4.141364337923886,4.279201433756113,167.34840381631267,-78.53341624507968
507516500,0.589485450195012,-0.1455736079561811,4.091574244553934,4.333448007342972,166.38615446611166,-76.7332442476382
507527000,0.5937349041292495,-0.14734455105327046,4.151249436345446,4.268595980163633,167.53121668545404,-78.89439626579927
507537500,0.591721008101683,-0.14878389889107002,4.130042158719182,4.291414940758452,166.21696044495968,-78.79318559057602
507548000,0.594006136969708,-0.14368968891966116,4.143216681003226,4.277210013992899,168.8908789405884,-77.47004367890567
507558500,0.5945308164378302,-0.14821672051433257,4.164323353322805,4.254651409205418,167.55736804615725,-79.52673328276974
507569000,0.5924668903443496,-0.14794943198270438,4.13690282377557,4.28400569946675,166.80490951935784,-78.70811586708554
507579500,0.5940143822364631,-0.14921909051418894,4.160889925846312,4.258304479689492,166.99940571981634,-79.75763807103684
507590000,0.5942578055966036,-0.14750894065611825,4.1585184693995085,4.260831380905906,167.6896497403624,-79.14180498830932
507600500,0.5921828792244931,-0.14724911966744297,4.131039378060868,4.290336360427049,166.92733827754088,-78.32520501451182
507611000,0.5931262590664796,-0.1474709477511587,4.143827278551303,4.276553986168059,167.23809170774305,-78.73771160136984
507621500,0.5930037130227798,-0.14608695943163844,4.137861739111412,4.28297218811626,167.6597654827951,-78.12664229972381
507632000,0.5928415232776035,-0.14734242503790385,4.13976465757294,4.280922743400724,167.16529999069877,-78.58773368122621
507642500,0.5934636900188466,-0.15005862908215628,4.156514579254177,4.262969008174876,166.4852696738293,-79.90794914540776
507653000,0.5943906854866323,-0.14669887769562123,4.15764524483807,4.261762614507549,168.02325056333208,-78.85362841719935
507663500,0.5947379320576492,-0.1480003026427951,4.166306635279673,4.252544164139454,167.7172812994827,-79.50959655931494
507674000,0.5938269232784751,-0.14753380647354428,4.153040073634886,4.266680587849597,167.5040180699216,-79.00374876680137
507684500,0.5934963867498343,-0.14748454566796498,4.148627142526457,4.271404138768447,167.38523972526954,-78.87005741341947
507695000,0.5934586747834031,-0.14704339965172708,4.146734547203812,4.27343322165015,167.52087902608017,-78.67591204949686
507705500,0.5926896200479864,-0.14646057075014285,4.135019623387285,4.286036879615632,167.40329102938443,-78.17382432255799
507716000,0.5910017812235866,-0.14737593627794798,4.116397647518504,4.306228454760065,166.40207900184558,-77.97701198015747
507726500,0.5908757694304899,-0.14796495882334698,4.116666608922871,4.305935441716866,166.15189331817362,-78.1740694015877
507737000,0.5921368808421434,-0.1480060054132569,4.132862656907435,4.28836575372028,166.65103157582624,-78.61866456179618
507747500,0.5919016641552389,-0.15163679600438537,4.14160772004768,4.278939670197049,165.3121808043017,-80.00338734608532
507758000,0.5927880747216637,-0.14727220136013155,4.138855989882402,4.281901129569028,167.16735445852254,-78.540711529511
507768500,0.5924333423916502,-0.14704075536354427,4.1335791184617205,4.287591904710231,167.10076272626316,-78.32500413207829
507779000,0.5926014542081134,-0.14821868509910927,4.139487904034585,4.281220682834726,166.76782147048633,-78.86390808711081
507789500,0.5948060962657608,-0.14742949622577536,4.165353568253635,4.253556535919208,167.94278738051642,-79.29831878868838
507800000,0.5928105459728673,-0.15014240700851322,4.148382606318798,4.271666199517213,166.19225644079808,-79.71627319321549
507810500,0.5928015837940348,-0.1482157287860356,4.142043887112814,4.278470643340245,166.85044847143146,-78.931169618093
507821000,0.5920461922591056,-0.14947761971614973,4.1364297050238354,4.284515810600515,166.11171950431918,-79.1851057921419
507831500,0.5946044829614885,-0.14757086384332185,4.163197944587875,4.255848108044696,167.81091157246107,-79.28687670267458
507842000,0.5929963059853313,-0.14839313990272487,4.145112201468838,4.275174131481453,166.86908149919915,-79.0702502821172
507852500,0.5926547823381615,-0.14914684308776338,4.143156671857596,4.277274499078946,166.4715922119583,-79.25968735294646
507863000,0.5929883417373575,-0.14838903608091608,4.144996755662454,4.275298069433046,166.86724106816942,-79.0658454281112
507873500,0.5956144760616289,-0.1474224084773441,4.175819824982391,4.2424658855861,168.27879779008038,-79.57551441593388
507884000,0.5922790512519946,-0.14759346916760369,4.133363879306395,4.287824354243241,166.84954045596731,-78.49872826396785
507894500,0.5929428931692763,-0.1469949645166684,4.139958530744894,4.2807140541452995,167.32545119271327,-78.47976721341608
507905000,0.5935002988999482,-0.14803692013545344,4.1504468540491155,4.269455048404245,167.19724004318837,-79.09774691322716
507915500,0.5925484738477058,-0.14806147909454673,4.138305794455566,4.2824937611036065,166.79994009670267,-78.78168993856936
507926000,0.5925279260299301,-0.1478821825627654,4.137469292459887,4.283395102504278,166.85277733157653,-78.70149650782315
507936500,0.5944356830432975,-0.1482748356024642,4.163280155952692,4.255760665675763,167.49826268861585,-79.5176444169742
507947000,0.5927143958587349,-0.14819480046869055,4.140858820065854,4.279745235271323,166.82204584468613,-78.89279536141359
507957500,0.5930416148176058,-0.14799895897791418,4.144429174316759,4.275907508454003,167.02268981485588,-78.9248565373337
507968000,0.5933332795005604,-0.14813462587207743,4.148611924166818,4.271420446785628,167.0953736280632,-79.08033859140515
507978500,0.5935782446865144,-0.14805258143094685,4.1515004466203145,4.268327376109108,167.22375386816796,-79.13094485676949
507989000,0.5931610926414873,-0.1480019152450588,4.145973070530543,4.274250168331126,167.07051537721696,-78.9670098851913
507999500,0.5931400546976104,-0.14821433948008003,4.146384227865752,4.273809020540646,166.98907125334674,-79.04659144145523
508010000,0.5929730630975101,-0.14795494943638243,4.143408253004755,4.277004166361003,167.00974453009582,-78.88339288670842
508020500,0.5925099078327957,-0.14815508770990365,4.1381115486773545,4.282703028868376,166.75223357775286,-78.80669197682647
508031000,0.5933998787025963,-0.14820917188369845,4.149707949004587,4.270246269679961,167.09698979858268,-79.13368292617162
508041500,0.5931175275300341,-0.1482694961729702,4.146271921260218,4.273929509743024,166.9609519529627,-79.0613831065144
508052000,0.5932596613633475,-0.14728346502198636,4.144942250633172,4.2753565863769545,167.35695674132282,-78.70644412304975
508062500,0.593506950687979,-0.14692848843348594,4.146989317517928,4.273159963629211,167.5800687646735,-78.64515929842743
508073000,0.5942737128766066,-0.14798961533743937,4.160267549156282,4.258967356156437,167.5304071923722,-79.34472649736176
508083500,0.59363618936296,-0.1489371633300143,4.155097279704324,4.264482217875891,166.94277513574173,-79.51210390267318
508094000,0.592843256889023,-0.14808101477780902,4.142146593612949,4.278360214433689,166.91356644795698,-78.89045578187108
508104500,0.5933087251775822,-0.1480275519297317,4.147952594125402,4.272127107842204,167.1220891759807,-79.02813096893534
508115000,0.5931149589867255,-0.14908971752750988,4.148881227667849,4.271131879510729,166.67810715997345,-79.39460666931237
508125500,0.5935769454100839,-0.1484642374086621,4.152807700505315,4.266929051576709,167.0815988552318,-79.2987840269402
508136000,0.5936182819958692,-0.1488308475037845,4.1545228873385005,4.265095792054241,166.97214659651038,-79.46260137210643
508146500,0.5944374352442644,-0.1482897345220676,4.163350886360714,4.25568543771507,167.49382707085078,-79.52435623822902
508157000,0.5940615264535274,-0.14821314105796907,4.158246910704856,4.261120934997612,167.36629848040812,-79.36311524371223
508167500,0.59347702353333,-0.14787235690453374,4.1496194625241944,4.270341041270422,167.24423491279154,-79.02238963142712
508178000,0.5944089326115835,-0.1482963854416989,4.163003725401723,4.256054699706538,167.47984703957812,-79.51722267960402
508188500,0.5939887794514138,-0.1483702629547706,4.157814240651304,4.261582359761481,167.28231172049664,-79.40232213738207
508199000,0.5938299717215587,-0.1491188600091644,4.158184304063667,4.261187696091005,166.95896931901558,-79.65303178755522
508209500,0.5941711307502141,-0.14889224029977394,4.161855564867639,4.25727642033891,167.17644390556012,-79.6786274303577
508220000,0.594465115119089,-0.14859808908579525,4.164705074973994,4.254245662904072,167.3984273241632,-79.6602020566355
508230500,0.5944206859342903,-0.14813193303638353,4.162625456063065,4.256457124918464,167.54152928479022,-79.45387284575891
508241000,0.5945853687844741,-0.14777465771260867,4.16360546761211,4.255414690791018,167.7326393412724,-79.36409733178668
508251500,0.5944442696777633,-0.1479591666089712,4.162374026834019,4.256724653092398,167.61091567374038,-79.39113498043538
508262000,0.5942873178850611,-0.1471465902312858,4.157739614323122,4.261661955968713,167.826582453717,-79.00280243326972
508272500,0.5942615961354356,-0.14882624343045028,4.162811171546328,4.256259540145457,167.2362249133318,-79.682995208054
508283000,0.5937350532804886,-0.1474904783242091,4.151717949297233,4.268094656145596,167.4811766130591,-78.95439423012216
508293500,0.5942516254300831,-0.14868432801100426,4.162223057867397,4.256885305042068,167.28126856081528,-79.62156210628633
508304000,0.5937643021135462,-0.1489774756798636,4.156879372978433,4.2625797057077035,166.9810613370256,-79.57274793059402
508314500,0.5939816718869098,-0.14864845035440674,4.158620181117739,4.260722939382758,167.1833712105598,-79.51358187013516
508325000,0.5951447244042087,-0.14839817130640262,4.172866190846178,4.245589748704207,167.74629495575772,-79.81408154463708
508335500,0.595337077685992,-0.14907097434376035,4.177549375875852,4.240638829552966,167.59085066148205,-80.15678810134452
508346000,0.5947472942489705,-0.14825485803751218,4.167249059692751,4.2515435803797414,167.63295183267942,-79.61733979898702
508356500,0.5950374162661906,-0.14887739596840233,4.173027015387166,4.24541953447427,167.53565868051894,-79.97317207931225
508367000,0.5944200570376704,-0.14910647841112967,4.1657693619886205,4.253114808903721,167.2037979217199,-79.85230524241769
508377500,0.5951219107995112,-0.14861376672976684,4.173268442369231,4.245164037985342,167.6619762949736,-79.89458316926425
508388000,0.5947401089508598,-0.14901614038851396,4.169621259054988,4.249027111107864,167.3658394073691,-79.92653395069902
508398500,0.5945982872773306,-0.14846808295951586,4.166008302539898,4.252861007834482,167.49798329229583,-79.65311347625759
508409000,0.594692712316141,-0.14902489516176876,4.169035415720782,4.249648301094292,167.34343354124906,-79.9136442442838
508419500,0.5945848730648404,-0.14933616335724187,4.16864995228266,4.2500571223809125,167.19127319853513,-80.00320979471304
508430000,0.5946566774918397,-0.14883647187838808,4.167957125390922,4.25079213407313,167.3941303986801,-79.8241233515285
508440500,0.5943589377460209,-0.1485040435651244,4.16302766494231,4.256029234023914,167.38753700377706,-79.58496136052193
508451000,0.5948803493317005,-0.1486010594901565,4.170093104632502,4.248526931534464,167.56740024866775,-79.80542571592626
508461500,0.5948263575766041,-0.14878561019054107,4.169991190249022,4.248634955636355,167.48119679186297,-79.8622348090282
508472000,0.5950401331156041,-0.14899263490881576,4.173436694383267,4.244985999385023,167.4966655066311,-80.02126612453944
508482500,0.5948981865057706,-0.1482889750209251,4.169314684498066,4.249352159630253,167.6830347063892,-79.68365734436475
508493000,0.5948096245962193,-0.14896290690225636,4.170349577333618,4.248255108205004,167.41274931496486,-79.92893489460344
508503500,0.5949541302215663,-0.14925462649393917,4.17317267749226,4.245265379946239,167.37030469868392,-80.09839393356344
508514000,0.5944740985282226,-0.14870602991443801,4.165170585471036,4.253750961092252,167.3647074254435,-79.70746767947354
508524500,0.5948193086211608,-0.14924537752920128,4.171393374763908,4.247149202365793,167.31848050182006,-80.04769071347802
508535000,0.5948477952622977,-0.1491673605728145,4.171509030659255,4.247026700807525,167.35725367558607,-80.02574699830012
508545500,0.5949568029735784,-0.14936161128546444,4.173555845621175,4.244859926779336,167.33413424331863,-80.14299886092395
508556000,0.5953345232052676,-0.15006787241126252,4.180773985182386,4.237236711371549,167.2414610835303,-80.56275055273964
508566500,0.5948188265086352,-0.14977732251343173,4.173121654700224,4.245319376180741,167.13303985536686,-80.2643544824824
508577000,0.5951881686841051,-0.14901633716819188,4.175436230696386,4.242871322932375,167.54896910386785,-80.08251741357053
508587500,0.5955604712504682,-0.14940351931119508,4.181540485042394,4.236428835794886,167.5660652760634,-80.3708181923617
508598000,0.5953981041181617,-0.14951314151845785,4.1797852454546405,4.238279287522956,167.46140734863368,-80.35883791610955
508608500,0.5957221632498363,-0.14965919745318954,4.184483126152312,4.233330266487299,167.54262820518815,-80.53188225889771
508619000,0.5952506896733741,-0.14880747669654973,4.175569641545949,4.242730306288461,167.64732801672324,-80.01878907657348
508629500,0.5957969305503329,-0.1492806858355513,4.1842198580978485,4.2336072966321545,167.70576465524294,-80.40331287522476
508640000,0.5948618825761656,-0.14918277196249236,4.17174189119926,4.246780079132685,167.35764507966675,-80.03694198514988
508650500,0.5948106043049372,-0.14937786764527664,4.171711837209728,4.2468119075521145,167.2688237505656,-80.09872405960496
508661000,0.5952887979534387,-0.14924433442691723,4.177486399635665,4.240705327987167,167.5106227549198,-80.21084654856567
508671500,0.5951545189772885,-0.14958851528908473,4.176864035757035,4.241362614398984,167.3356762917671,-80.3045177970277
508682000,0.5952220602288198,-0.14964754485659848,4.177934839077979,4.240231854147549,167.34261073955122,-80.35217558615814
508692500,0.5948563476889672,-0.14938963120567694,4.172343548721314,4.246143001254548,167.28338805468957,-80.11944658012385
508703000,0.5953713855067786,-0.14983682164739437,4.180496380476221,4.237529378710149,167.33732752064537,-80.48154088612492
508713500,0.5958374955015872,-0.14914972654420758,4.184321116976799,4.23350074016497,167.76821739781641,-80.36388757837238
508724000,0.5953663595159484,-0.14936671490194176,4.178894145480466,4.239219355829359,167.4995988347596,-80.28793782833958
508734500,0.5959081097625554,-0.1494204377537884,4.186126358208989,4.231601971194038,167.70230815550033,-80.49944819602997
508745000,0.5957777499905949,-0.14910267532428445,4.183388890463351,4.23448194489381,167.7602061423475,-80.32370636261669
508755500,0.5959391543184037,-0.1491295909582161,4.185580998758876,4.232175402056976,167.81691984051173,-80.3912294565431
508766000,0.5960824629535286,-0.14924538078188426,4.187829131797363,4.229812569628159,167.83506698663967,-80.4888981988615
508776500,0.5961784636482044,-0.14965260215934298,4.190416066510528,4.227096976681858,167.73142229919358,-80.68929213954299
508787000,0.5961976505928631,-0.14958768115000431,4.190453880766279,4.227057308142651,167.7620808427673,-80.66947793517124
508797500,0.5958389176543616,-0.14884697928962115,4.183352841320065,4.234519897336232,167.8747106368149,-80.24026547453688
508808000,0.5954517767640055,-0.14914874922997937,4.179294528275807,4.238796918319464,167.61064119638192,-80.22864293891773
508818500,0.5957806333128983,-0.14978860498306534,4.185669406087967,4.232082433354469,167.52114032999606,-80.60521303418136
508829000,0.5956543540956226,-0.14922570879618105,4.18218260289607,4.235752298148156,167.66664663732004,-80.33092467978105
508839500,0.5957922940193849,-0.1491252234012704,4.1836519818682065,4.234204983965666,167.7582756796917,-80.3380317290804
508850000,0.5957781362624082,-0.14863552952928635,4.181873055059019,4.236078411336595,167.9236509376135,-80.1322247999304
508860500,0.5958731636982707,-0.14899988155782856,4.18429737767362,4.233525720952866,167.83527531180218,-80.31495883223683
508871000,0.5962157730579974,-0.1495368990083647,4.190524219439317,4.226983522317909,167.7873374386903,-80.65506503439487
508881500,0.5959796200551921,-0.14934791423128083,4.18682212060857,4.230870625642745,167.75699658835475,-80.49483358780465
508892000,0.5964480408380727,-0.14987940357829085,4.194685635948253,4.22262283295833,167.76185637786418,-80.87686458962163
508902500,0.5960905856939427,-0.1490329401772225,4.187241368228588,4.230430061025923,167.91286712971697,-80.40465049963333
508913000,0.5959677414468963,-0.1495146430657072,4.187212615909522,4.230460272292571,167.69367162844932,-80.55889331151734
508923500,0.595953292817125,-0.14948826687862393,4.1869377438454825,4.230749114101407,167.69701216322085,-80.54303741226948
508934000,0.595851126699549,-0.14891720000852277,4.183740662543174,4.2341116365915425,167.8551628854439,-80.27334234378218
508944500,0.5959335080764464,-0.1493270532445304,4.186152323427549,4.2315746734134345,167.74543103396874,-80.47013108900484
508955000,0.596331592235613,-0.14929399999436424,4.191242378069449,4.226230318515213,167.92010516918953,-80.59626057952588
508965500,0.5959595827086406,-0.14912350777613398,4.185827603145492,4.231916084518804,167.8274225968685,-80.39589099833853
508976000,0.5962160071301285,-0.14921469134297013,4.189472654239845,4.228086896501604,167.90056594007842,-80.52316650572543
508986500,0.5964697720149333,-0.1488900559906569,4.191728701160271,4.225720418922391,168.11867782459385,-80.47898249425234
508997000,0.5959420868999618,-0.14897922716501696,4.185128749756934,4.232651049990203,167.87076791178148,-80.33060997696599
509007500,0.5960838477321643,-0.14922059779910263,4.187766215483018,4.229878659330646,167.8443246340751,-80.4792285887177
509018000,0.5960841597435046,-0.14929991894686598,4.188029570915021,4.2296020347546985,167.81663552289325,-80.5118363473839
509028500,0.5964782411086682,-0.1492713544196017,4.19308582465551,4.224298166618144,167.9881963765884,-80.63850982911259
509039000,0.5965436766454207,-0.14942141887883084,4.194433536476105,4.222886743363754,167.96224553084957,-80.723057500856
509049500,0.5961536171712282,-0.14989075684820533,4.1908731448893155,4.226617535588051,167.6375591196418,-80.77788942056858
509060000,0.5965863414288367,-0.14975409971171788,4.196083989776496,4.221159576313685,167.86256940094697,-80.87433890333979
509070500,0.5957388627476576,-0.14963154710683285,4.184610265439468,4.233196494350898,167.55913708816823,-80.52644013963163
509081000,0.5959628248767376,-0.14935808986266802,4.186636255878591,4.231065970758399,167.7465541113282,-80.49311152203825
509091500,0.5965438570455274,-0.14986537720668083,4.195893618594711,4.2213587225270075,167.8059742475379,-80.90488906537549
509102000,0.5968122019844675,-0.1496709106990503,4.198769452854819,4.218352368498487,167.98438234298465,-80.91991172358745
509112500,0.5974748686997083,-0.1502496005394781,4.209381129580838,4.207296755657458,168.05093538006108,-81.39135519882008
509123000,0.5962868993897612,-0.14951254039854664,4.19137389305905,4.226092415421033,167.8250106698034,-80.67008640134495
509133500,0.5966861890893609,-0.14927930722990876,4.195833433422235,4.221421685880577,168.07071572109905,-80.71492839899001
509144000,0.5948145651825567,-0.15254664543573726,4.182209108349504,4.235724376643873,166.1614809242992,-81.38177227984453
509154500,0.5962778260390572,-0.1527808956542274,4.202098970565104,4.214877189339033,166.66633554415526,-81.99320953264714
509165000,0.6131291805105391,-0.15283069537925492,4.433154378010213,3.987174251557168,173.5908216659919,-88.32803880304914
509175500,0.5966200713131201,-0.15167097393013593,4.2028722285616125,4.214070937618549,167.19853579134605,-81.66671447166732
509186000,0.5965052755045459,-0.1509647925334532,4.199019028740174,4.218091671483409,167.40209434608568,-81.33950725213214
509196500,0.5976779596395841,-0.14992775240225156,4.2109905106592675,4.205625203905334,168.24839040692774,-81.33158851999904
509207000,0.597257735003967,-0.15016471545639365,4.2062448406484,4.2105580951984525,167.99219388966927,-81.2796138182309
509217500,0.5974996226007796,-0.15013263749872702,4.209319975163199,4.207360299196212,168.10257954805184,-81.35226039887029
509228000,0.5975708215783345,-0.1506032105034557,4.211816205628674,4.204768137641882,167.96454237513007,-81.57002925671517
509238500,0.5973561206064374,-0.15007647399587926,4.207246690108696,4.209515739665964,168.06373773886,-81.27836666858191
509249000,0.5978416680808304,-0.15022230249254367,4.2141220099147585,4.202376611784965,168.21082814247657,-81.51051571139921
509259500,0.5976535953523333,-0.15043172916175854,4.2123375827307825,4.20422713484444,168.0593540264444,-81.52936203026248
509270000,0.5977111064866719,-0.15077847579978917,4.214246775641765,4.202247286801665,167.95947230323972,-81.69153449154334
509280500,0.597871053116161,-0.15051218059989271,4.215470876848516,4.200978884046575,168.1196804849334,-81.6396556277321
509291000,0.597849426440745,-0.1505347465979268,4.215260584095019,4.201196731989202,168.1027970681483,-81.64118478899822
509301500,0.5973219931689328,-0.15123502476601602,4.210641529901973,4.205987550866401,167.6383650783378,-81.73911406705176
509312000,0.5969729221675267,-0.1506992822769589,4.20427248645464,4.21261173295079,167.68644546983418,-81.39699017286014
509322500,0.5976352328367371,-0.15119284204496553,4.214626450988313,4.201853787067819,167.78090201937,-81.83349091811598
509333000,0.5976841656827914,-0.15013960840959367,4.211772680547433,4.204813307515163,168.17569493719978,-81.42064171537135
509343500,0.5975740639117079,-0.15054868126278292,4.211677953396768,4.204911617779428,167.98525555403572,-81.54890084219292
509354000,0.5974598738651243,-0.15033895791476423,4.209479602153158,4.207194440166882,168.01308020061992,-81.4225891064763
509364500,0.5975380828577342,-0.151025885936155,4.212790055778637,4.2037577448045935,167.8007931880494,-81.73085787193857
509375000,0.5977143339948389,-0.15080805658111696,4.2143876897401364,4.202101233101924,167.9502554774363,-81.70476165931404
509385500,0.5972561455851906,-0.15044969165526156,4.207166679998644,4.209598965356237,167.89050962271895,-81.39555607863412
509396000,0.5978716057132387,-0.15084879986386907,4.216597260277765,4.199812424977187,167.99995305203527,-81.77744162186347
509406500,0.59778197871953,-0.15047146549931606,4.214161216125647,4.202335972005315,168.09773528734607,-81.59128660196194
509417000,0.597288980499057,-0.1503378774205157,4.207228208106865,4.209534964155433,167.94358549127764,-81.36150850994692
509427500,0.5978220963752577,-0.15067457080598304,4.215364687322671,4.201088885765517,168.0418206155162,-81.68861949624248
509438000,0.5978958162003197,-0.15039559043709658,4.2154105209870725,4.201041405956921,168.17133287462212,-81.6007585747314
509448500,0.5975534664775964,-0.15109743318355726,4.213230979748853,4.203300438419834,167.78158545967042,-81.7654913550644
509459000,0.5985205374455994,-0.15086199039239045,4.2252169707106475,4.190907847247127,168.26048355792017,-82.01468330174373
509469500,0.5983588041663256,-0.1505629662830563,4.222080894392033,4.194143107879686,168.30122455085674,-81.83443394888134
509480000,0.5982676782692586,-0.1506407524528687,4.221135036710794,4.195119879766375,168.23612555627201,-81.8337295454907
509490500,0.5976798959487821,-0.15052817066357166,4.213003997217101,4.203535841759611,168.03580970899685,-81.57815442021176
509501000,0.5979395562615124,-0.15099235258119204,4.217972105647398,4.1983895585081346,167.97648672017033,-81.86028506367805
509511500,0.5983015854072959,-0.15096339447471127,4.2226584652831765,4.193546887758666,168.1346759035765,-81.97779710042954
509522000,0.5982905677739261,-0.1506186436294496,4.221364017586119,4.194883372386156,168.25339229943063,-81.83285548835738
509532500,0.5976811503855315,-0.15084879766669798,4.214085811723407,4.202414134268785,167.9222003912191,-81.70957424788382
509543000,0.598078422607791,-0.15069737541061948,4.218823122943352,4.197509308921505,168.1384815359844,-81.78933028880958
509553500,0.5981688525556441,-0.15112496498914305,4.221443027025079,4.1948017722480895,168.0226961220694,-81.99631245073883
509564000,0.5983438136755606,-0.1508918992534271,4.222978416158844,4.193216680331305,168.17750595756465,-81.96367781503702
509574500,0.5978164660555554,-0.15045694659165473,4.214567706037167,4.2019146660729865,168.11701282216615,-81.59762143183391
509585000,0.5981906033213369,-0.1502251813034581,4.218735958823956,4.19759944981659,168.3528411470886,-81.63595829412426
509595500,0.5978780117303383,-0.14980399480459056,4.213217466698311,4.2033144520375805,168.37445189793135,-81.35184399723882
509606000,0.5981766385911362,-0.1504222879809181,4.2192057495891975,4.197113661725819,168.2768262228571,-81.71177379666197
509616500,0.5982597485953156,-0.15048752039208144,4.220520561761404,4.195754686628619,168.28759479066676,-81.7681543174736
509627000,0.5987849221872328,-0.15128770335293615,4.230143153417163,4.185836124475445,168.21591833123068,-82.28351062815725
509637500,0.5982891037825461,-0.15084131485199578,4.222086293431151,4.194137533710407,168.17322443526027,-81.92343386548237
509648000,0.5986316752246394,-0.1509375158892868,4.226940737529548,4.189131728889538,168.27889763663885,-82.08538777634183
509658500,0.5985365641456379,-0.1505599531182236,4.2244224408097395,4.191727024350936,168.37512924453856,-81.89674646527716
509669000,0.5986036921310012,-0.15080153582020578,4.226116234649625,4.1899810807820295,168.31615976855275,-82.01971852270216
509679500,0.598934274777802,-0.15142294092213746,4.2325779706700954,4.183333990039712,168.22831707750987,-82.39241472468841
509690000,0.5992561222021026,-0.15087054086928922,4.235001351439235,4.180846633926829,168.55866946298596,-82.28214203731973
509700500,0.5987427007218621,-0.1509947957164086,4.228603210053507,4.187420219383441,168.30378053229975,-82.14862335188486
509711000,0.5986823069410305,-0.1507661318309516,4.22703936825846,4.189030149114878,168.36102873241379,-82.03338206615237
509721500,0.5983340017017178,-0.15059525070647378,4.2218603767556955,4.19437079141612,168.27953241124732,-81.83879403989928
509732000,0.5988304876805985,-0.1514907028544813,4.231428194935209,4.184515174414202,168.16158728999906,-82.38276135026447
509742500,0.5987795102831228,-0.1514071844286213,4.230471867183472,4.18549814439485,168.17079364108068,-82.33035559341296
509753000,0.5985568845676266,-0.15133798191353437,4.22728939201544,4.188772672177411,168.10476993541653,-82.22219900867138
509763500,0.599908511384939,-0.1509114667976726,4.2438221853930465,4.171818337716097,168.81160754086574,-82.53407429549021
509774000,0.5992847740956453,-0.15082236310830363,4.2352209431963495,4.180621394079658,168.58774630771842,-82.27269220989736
509784500,0.5990133532645883,-0.15105382111719484,4.2323905214965425,4.183526513423602,168.39333496020961,-82.26994095899353
509795000,0.598898659991101,-0.15083242289958415,4.2301284543889395,4.185851239163173,168.42587383587912,-82.13810448475088
509805500,0.5991404952591323,-0.15163330845869008,4.236023417940089,4.179798489314789,168.2367793535056,-82.55252648214797
509816000,0.5993527304192401,-0.15133958772103548,4.23785785481467,4.177918589470755,168.42934661079738,-82.50900423418413
509826500,0.5995061140342812,-0.15144584797106841,4.2402558806030175,4.175463730733829,168.4537554372252,-82.60778851811702
509837000,0.5994058557576348,-0.1511091898231527,4.23779129284731,4.1779867709138045,168.5341207593654,-82.4338408618465
509847500,0.600027414970312,-0.15122999163717452,4.246478164518726,4.1691076700075955,168.74525188982454,-82.70777511292273
509858000,0.6007121372006844,-0.1514724715763334,4.256450636005101,4.158961821847148,168.93817915558841,-83.05563531688672
509868500,0.599714122662153,-0.15147010389724955,4.243108010326358,4.172547831137306,168.53008639362807,-82.69283720639545
509879000,0.5997201004027116,-0.15142157168568865,4.243024345917875,4.172633307079591,168.55007198512965,-82.6751366363961
509889500,0.599357804764969,-0.1519809080160085,4.2400843396952075,4.175639239498687,168.20000805830904,-82.77269780420416
509900000,0.5994793037838404,-0.15151599615009428,4.240134945082228,4.17558746201118,168.41747446267757,-82.62679440150528
509910500,0.5992228753394476,-0.1516842856087384,4.237289929532476,4.178500405463799,168.25202558165216,-82.60302433940662
509921000,0.5990616659424748,-0.152136429141123,4.23667090289367,4.179134760835899,168.0232658111931,-82.72913391574524
509931500,0.5998848863930989,-0.150952328319365,4.243644266768977,4.172000048204563,168.7871483596114,-82.54231926786194
509942000,0.6001166011460911,-0.15105031691112936,4.247064537684673,4.16850970668157,168.8468611164993,-82.66631678483343
509952500,0.5992327405708555,-0.15159425885914973,4.237118200670011,4.178676367112535,168.28850944174275,-82.5698308125892
509963000,0.5996919388156657,-0.15176064653126073,4.243791319178817,4.171849860605394,168.4159668409539,-82.80359941407731
509973500,0.5992584779725177,-0.15194938137192537,4.238656493920912,4.177100696028192,168.17090878066722,-82.72398241852189
509984000,0.599946453263183,-0.15277794722934987,4.250633332694473,4.164874137600311,168.15080625222802,-83.31042841014707
509994500,0.5997288659036556,-0.15178797216695694,4.244375739184106,4.171253089550792,168.42116528609787,-82.82812057374214
510005000,0.5996875836600454,-0.15193559640175586,4.244323749841514,4.171306170577676,168.35088983837156,-82.87345412807247
510015500,0.599965633153109,-0.1517534892511769,4.247417681875968,4.16814966663124,168.53040618893573,-82.89975660851329
510026000,0.5995375480608134,-0.15171343091883566,4.241575201719841,4.174114395210454,168.36997445535968,-82.72850019734715
510036500,0.5996873588172555,-0.15140602497666852,4.242535752525397,4.173132550975069,168.54228870543926,-82.65694314431839
510047000,0.5994353314622476,-0.1517522919963558,4.240345246246292,4.175372303960008,168.31420113799285,-82.70744526466251
510057500,0.5998579174271582,-0.15144101077757724,4.2449270561488,4.170690280606154,168.59945933128475,-82.73292042592206
510068000,0.5998777924620684,-0.151496165715634,4.245377878184237,4.170230176386168,168.58764236297517,-82.7626886659914
510078500,0.5997843888133586,-0.15200841355282757,4.245860592227562,4.169737638200602,168.3640283990381,-82.93821781595285
510089000,0.6004064978770406,-0.1516330378257481,4.25290169751908,4.162566687801228,168.75451487895697,-83.0103879391591
510099500,0.5997566389928716,-0.1517794656836504,4.244717315941749,4.170904374520989,168.43558867918057,-82.83469550274235
510110000,0.5995207316218215,-0.15182909420673954,4.24174118717597,4.173944696547173,168.32131288408914,-82.7696457683191
510120500,0.5998060832118488,-0.151669103519681,4.245004353747147,4.1706113841421955,168.4957323975534,-82.80748523510343
510131000,0.5993206853519163,-0.1514866457726616,4.237925775593687,4.177849018493649,168.3632305976193,-82.55757697990708
510141500,0.5987054478691317,-0.15258439271280733,4.233453805957256,4.182434685357616,167.7170381118035,-82.78263900449625
510152000,0.5998590040123737,-0.1523248723805751,4.247927269098101,4.16763024038805,168.27973937187699,-83.09429370269908
510162500,0.6002294643297176,-0.15224331238164962,4.252599774358085,4.162873662906436,168.46040159809726,-83.19556394458942
510173000,0.5998456882258913,-0.1520995661108768,4.246986620373264,4.168589154023195,168.3560089878737,-82.99761678816235
510183500,0.5999952545457742,-0.15227014493669927,4.249560883367423,4.16596597362089,168.35512845198923,-83.1214315202688
510194000,0.6003991757179249,-0.15231035619474817,4.2550976444982584,4.160335384337433,168.50526785600343,-83.28465096979933
510204500,0.6000940948505488,-0.15249625654475318,4.251648596902945,4.163841057708007,168.31327205898583,-83.24947522490288
510215000,0.5998190773277392,-0.15284713532184874,4.249167688344893,4.166366422608609,168.07390682041466,-83.29225622092508
510225500,0.6000229522760369,-0.1523548260834893,4.250217969693208,4.165296939921593,168.33567244214433,-83.16600562965671
510236000,0.6002086622745268,-0.15230108271160103,4.252517594892335,4.1629572254328435,168.43091521568505,-83.21157000124542
510246500,0.6005734576044202,-0.15252639090066933,4.258165848172906,4.157221859410749,168.49766550985507,-83.43626875810908
510257000,0.6009920728134857,-0.15239951911918423,4.263348733826948,4.1519731881378235,168.7148486071946,-83.53728204597984
510267500,0.6009541910801773,-0.15194417766633844,4.261292712380079,4.154053689495839,168.86559969407708,-83.33718290385129
510278000,0.6012097263887101,-0.152061757504243,4.265123299544996,4.150179200248777,168.92732911414535,-83.47865189725205
510288500,0.6003294213638296,-0.1520087321548277,4.25314151639388,4.1623228890207224,168.58648373671,-83.13610266830906
510299000,0.6005742114679767,-0.1517871349408065,4.2556672804961755,4.159756974881266,168.7671943453652,-83.13445601687623
510309500,0.6007260120063932,-0.1516761118729832,4.257324926884114,4.158074729659857,168.86978165505462,-83.14420294381668
510320000,0.6004312263925976,-0.1520424652839218,4.254617885659638,4.160822659537434,168.61582726702835,-83.18690429102946
510330500,0.6003274213251966,-0.15169818876495503,4.252064235609484,4.163418276103155,168.6984743959209,-83.00835289106517
510341000,0.600474617049364,-0.15214828160330282,4.255557449815759,4.159868484405222,168.59505886782787,-83.24593127997123
510351500,0.6000750571668156,-0.15198787774368838,4.249670921153649,4.165853919821336,168.49013453069082,-83.03521060726698
510362000,0.6007727262721635,-0.15240515008658437,4.260424521644653,4.154932855436867,168.62320208887334,-83.45948315514893
510372500,0.6001382586223025,-0.15242622232684644,4.252001082768558,4.163482508610942,168.35672201846492,-83.23699622342598
510383000,0.600681355574135,-0.15228824507499591,4.258801988988939,4.156576916259983,168.6285288170702,-83.37841330887582
510393500,0.6011325443957332,-0.15264274829090538,4.266064741674418,4.149228095448171,168.68326088820803,-83.68798576615697
510404000,0.6010287562833223,-0.15279457042535227,4.265188491480801,4.15011332488545,168.58535430211757,-83.71193623062955
510414500,0.6005890831490716,-0.15311283620671187,4.260375287985609,4.154982722843515,168.28999028696654,-83.6807360997783
510425000,0.6009555734360875,-0.15268312080193308,4.263825192951995,4.151491359109723,168.59628009803302,-83.63971532807652
510435500,0.600586039659689,-0.1529442414237492,4.259758605015617,4.155607447246134,168.35032875562092,-83.61106198616828
510446000,0.6006035686301541,-0.15292430279868394,4.259925524334791,4.155438332435369,168.36474153620588,-83.60934958959741
510456500,0.6004093564546451,-0.1525498358786434,4.256047768332781,4.159370718110267,168.42222157297294,-83.38602164848672
510467000,0.6007756974286519,-0.15275718479291403,4.261663641232362,4.153678187137443,168.4958743340349,-83.60416547078441
510477500,0.6008237918650555,-0.15234808577219444,4.2609153276567895,4.154435798330466,168.66488285592345,-83.45481431458288
510488000,0.6009693347318239,-0.15203391452255355,4.261800489161346,4.1535396693584,168.83905899533823,-83.37945347416577
510498500,0.6011833523606386,-0.1529540339850501,4.267811355248147,4.14746473114327,168.58997089147246,-83.8335561828377
510509000,0.6012360513765377,-0.15234141455835112,4.266428628212326,4.148860593105513,168.83583044973156,-83.60274313123321
510519500,0.6007677952037319,-0.15266845453992167,4.261255065342927,4.1540918045833495,168.52506495080783,-83.56511209134725
510530000,0.6011906867047934,-0.1528236499340946,4.2674641277379965,4.147815167071393,168.6407383937076,-83.78308768551402
510540500,0.6010490130390477,-0.15295754544056062,4.2660175948484405,4.1492757156090665,168.53394754309508,-83.7857714459037
510551000,0.6013663265660575,-0.15334913938342082,4.271627455000722,4.143617341742265,168.51949503792446,-84.06158018188171
510561500,0.6009599099092047,-0.15297374860506618,4.264875970619722,4.15042914137989,168.49172373720955,-83.75974958219982
510572000,0.6014817587973578,-0.15298240250275338,4.271924173526704,4.143318495021223,168.70121696161627,-83.95459515252459
510582500,0.6011158089078739,-0.1533259848710375,4.26817722298186,4.147095548028677,168.42610275828125,-83.96020217111331
510593000,0.6007055433649413,-0.15309620369933588,4.261880268480186,4.153458920897611,168.3434176451577,-83.7165349749993
510603500,0.6015770416896565,-0.15348277911546904,4.274925522918481,4.140298085831814,168.55607732638924,-84.19342671137112
510614000,0.6016263388890765,-0.153226431156515,4.274709175733414,4.1405156568496,168.670463935141,-84.10720401214377
510624500,0.6014650528376039,-0.15334735496414062,4.272950934971591,4.142284708061734,168.56032286980974,-84.0971353976063
510635000,0.6019054314158866,-0.1531547659974164,4.278228104911564,4.136979711567567,168.81062312540277,-84.1807259559212
510645500,0.6018097986404738,-0.1535220623972354,4.278200368749958,4.1370075577917955,168.63631120045054,-84.29513658501766
510656000,0.6020189888462496,-0.15288556079668622,4.278837382486249,4.1363681125862515,168.9561539117013,-84.11264216760243
510666500,0.6018244633893259,-0.15295724488401938,4.27645750254674,4.138758106400217,168.85030455917033,-84.07030706190771
510677000,0.601926485827187,-0.15256837413803553,4.276502334255891,4.138713058163273,169.0350618334541,-83.94887394755614
510687500,0.6014673139991876,-0.1532408963917815,4.272615901267951,4.142621976423194,168.60037185628676,-84.05462867044704
510698000,0.6013713733440117,-0.15283352003177353,4.269928446246984,4.145329382726036,168.71082880364676,-83.85335021103357
510708500,0.6019224108917652,-0.15275954857250776,4.277101675413391,4.138110918261095,168.9630690034481,-84.02557815411988
510719000,0.6027801890312507,-0.15261343920010284,4.2882025541914945,4.126990384774837,169.36823930417643,-84.28215443190828
510729500,0.6023948737685633,-0.15333433757949597,4.285462181424725,4.1297299453061385,168.94404042877483,-84.43462418184039
510740000,0.6022364134159846,-0.15313263385597647,4.282624010250056,4.132571184148,168.95387000578654,-84.29374617946131
510750500,0.6021590799865264,-0.15256305533438497,4.27962466289846,4.135578105345753,169.13225081611145,-84.03229538498584
510761000,0.6028728546151099,-0.15328320078497223,4.291763952927336,4.12343556977955,169.15818604213223,-84.59071263488755
510771500,0.6022403686528717,-0.1538409471809124,4.285119465126462,4.1300728207254815,168.69372841444667,-84.58387345105474
510782000,0.6021020921046011,-0.15397066438506196,4.283697401874496,4.131496164133917,168.58954045835458,-84.58545798849983
510792500,0.601913429158488,-0.15329385321071387,4.278814098325263,4.136391482076231,168.76263304039287,-84.24038742727228
510803000,0.6022287776097812,-0.15438404938605682,4.286843638126573,4.128348435081312,168.48793337789468,-84.80013132719738
510813500,0.6026325016022538,-0.15312802243826193,4.287969876314912,4.127222849826523,169.11741193608745,-84.43824949663622
510824000,0.6025150073336649,-0.15357468567907087,4.2879181019049355,4.1272745805085185,168.90410814898837,-84.57710409977324
510834500,0.602544006667201,-0.15352317630313025,4.288133153877536,4.127059718818039,168.93500551412416,-84.56684013902368
510845000,0.6025765866761091,-0.15357516720517558,4.288754168295285,4.126439381796583,168.9290352381566,-84.60010675155284
510855500,0.6024061822934055,-0.1534276973740332,4.285937065660526,4.129254936435702,168.91412986637437,-84.47689418758488
510866000,0.6024641341491893,-0.15354102490870092,4.287112768109677,4.128079404256475,168.8958303100848,-84.54454810541459
510876500,0.6022070925039028,-0.15344211213401282,4.283292787690846,4.131901325219523,168.82762502000676,-84.40917960979236
510887000,0.6024454395002615,-0.1535529704640447,4.2869008146381535,4.128291276647348,168.88378818902964,-84.54249857076007
510897500,0.6024961702495366,-0.1531597968718962,4.286232515132394,4.128959465592966,169.04993862517122,-84.40080722164022
510908000,0.6024063465607198,-0.15332898085678112,4.285599029187243,4.129593050208835,168.95070290225632,-84.43668012172084
510918500,0.6024023277697323,-0.1529974049285126,4.284403578381656,4.130789227012311,169.07159575389957,-84.29975320500189
510929000,0.6021809599361267,-0.15349549232959003,4.283123351704661,4.132071014276491,168.79725540573625,-84.4212796689527
510939500,0.6028206821537153,-0.1536229334549288,4.2922294760664546,4.122971368195811,169.01087190322286,-84.71008204237859
510950000,0.6026855984782633,-0.15336674949602033,4.289512349357211,4.125682285258335,169.0507204172306,-84.55544736481
510960500,0.6021944368193428,-0.15396058271901325,4.2849116564133105,4.1302807541731354,168.63079214866767,-84.61551892435936
510971000,0.602637931710589,-0.15366555034134746,4.289898018551967,4.125297276323929,168.9205514408079,-84.65968370609943
510981500,0.6026762893694917,-0.15399296841794655,4.291551543703879,4.123647411382482,168.81472984184484,-84.80724628400617
510992000,0.6029127115448701,-0.15387873545023475,4.294364376555821,4.12084389143507,168.95340820393707,-84.84853219054395
511002500,0.6025028437333568,-0.15446168277087557,4.290826256628443,4.1243709274304265,168.57027883200493,-84.93326943311284
511013000,0.602028875089973,-0.15402827553917342,4.282906662265585,4.132288048057285,168.5385016767558,-84.58178607755912
511023500,0.6026575021053467,-0.1533180437080339,4.288963476971446,4.1262303442363,169.05728607799887,-84.52515081931752
511034000,0.6031240751595927,-0.15372321459315746,4.296697126660169,4.118521808677288,169.09739355341895,-84.86369048351148
511044500,0.6031111128712445,-0.1538087920178104,4.296817504107914,4.11840205402882,169.06027961401045,-84.89377777812203
511055000,0.6038528829520032,-0.15421437625233134,4.308331895887058,4.106979933343321,169.21144740368044,-85.33586431384649
511065500,0.6031037961187214,-0.15426524225114235,4.2983030071616914,4.116924820279608,168.88741277263898,-85.0769531854666
511076000,0.6030288039391468,-0.15418860969145332,4.297017049098234,4.1182035570545406,168.8854387084354,-85.01785976175425
511086500,0.6031816948407651,-0.15411732286971352,4.298848147682448,4.116382985102681,168.97420659393788,-85.04577046725458
511097000,0.6027848041358018,-0.15457021204742902,4.295029645218028,4.120181393121114,168.6443133702012,-85.08208707138893
511107500,0.6021287741218705,-0.1539423506692487,4.283960347238236,4.131232906750929,168.61085229407595,-84.58382083218615
511118000,0.6026565920528278,-0.15452589222229904,4.2931349651298545,4.122068754582003,168.60878685265737,-85.01642951764411
511128500,0.6027794779331765,-0.15532079793460563,4.29757813691133,4.117645520532239,168.36258322473543,-85.38393356177602
511139000,0.6032113811214157,-0.15490232225423992,4.3019883715708644,4.113264627917884,168.6935093020392,-85.37576644349531
511149500,0.6031221076616089,-0.15498603904859992,4.3010659709053485,4.114180106205351,168.62607596455663,-85.3763593301749
511160000,0.6034291102629822,-0.1548503570261427,4.304772413938908,4.11050399393901,168.80122867257666,-85.43604499103637
511170500,0.6032500610220638,-0.15462340514959183,4.301540786142001,4.113708802497707,168.8133249299883,-85.27704246139885
511181000,0.6033856821760939,-0.15513479060071397,4.305176269136709,4.110103847827712,168.67725055858685,-85.53511043342728
511191500,0.6029905648347048,-0.15543273658817003,4.300840431502188,4.114404016155082,168.40606710532523,-85.5079242222698
511202000,0.602005728759737,-0.15656964008242719,4.291466080525088,4.123732652434135,167.58606573712842,-85.59764414007758
511212500,0.6018599206155753,-0.15640228444037582,4.288902201601303,4.126291538003304,167.58999758584352,-85.47637993748062
511223000,0.6027174434639863,-0.154986856639851,4.295567776894991,4.119645661094717,168.4619419939148,-85.22581504784748
511233500,0.6030713590533243,-0.15473531399716559,4.299499628434145,4.115735644992809,168.69905297163535,-85.25579447161878
511244000,0.6022767647498257,-0.1550146297215274,4.289687210382643,4.125507714521108,168.2734297374098,-85.07316618680649
511254500,0.6035059503576159,-0.15478160843797373,4.305579412617234,4.109704486034012,168.85812230761468,-85.43687407425399
511265000,0.6034607277820954,-0.1546224235648368,4.3044067692726395,4.110866348912628,168.89926270140057,-85.35531506409565
511275500,0.6031048170290665,-0.15476057916878355,4.3000429480778415,4.115195937130943,168.7032005142657,-85.27852045040595
511286000,0.6027066720945409,-0.15479860175627694,4.294764607024071,4.120445301622407,168.52765976806765,-85.14559344731313
511296500,0.6028078520567928,-0.1543901466931288,4.294715998359303,4.120493706836154,168.72064857151324,-85.01757447279795
511307000,0.6031007244873613,-0.15491692276775598,4.300533373097109,4.1147088960674,168.64320992975806,-85.34037564728182
511317500,0.6029748998707479,-0.15444947445404258,4.297191782090995,4.118029757770321,168.76641477294703,-85.10383292864083
511328000,0.6034476682763252,-0.1545742044952563,4.304060461443073,4.111209601030276,168.9119724604123,-85.33084107833403
511338500,0.6034566444416247,-0.1543393147894483,4.303363587157747,4.1119005033105545,169.00334841758277,-85.23866623302607
511349000,0.6035037398978522,-0.15467647468602339,4.305181816514363,4.110098351950773,168.89653502418503,-85.39335112468362
511359500,0.6035409600270553,-0.1547127862396497,4.305816145705086,4.109470010457886,168.8980771588229,-85.4220184310955
511370000,0.6029471107342105,-0.15482975606088575,4.298139745692731,4.117087120122696,168.61346977848817,-85.24776197956132
511380500,0.6036605054514964,-0.15530682157870404,4.309528386322894,4.105796731235582,168.72412398061564,-85.70770504895694
511391000,0.6036704027942468,-0.15551143210127247,4.3103826703375905,4.104952359777024,168.65138959990637,-85.79422522906425
511401500,0.6036927065326574,-0.15448106486533505,4.307076365925228,4.108222266375511,169.04643809777687,-85.38456791003195
511412000,0.6039553180406692,-0.15443742291969614,4.310509146092661,4.104827381625191,169.16968686583374,-85.46510826561719
511422500,0.6038921174168534,-0.15471696717420957,4.310623213849905,4.104714671195369,169.0392186099655,-85.55518606330418
511433000,0.6043249948238387,-0.155062011664189,4.317754098946449,4.097681132456047,169.08558706126098,-85.8579678067461
511443500,0.6024765551350302,-0.1549067922748245,4.292019377892918,4.123180856746439,168.39427164938087,-85.1038008183236
511454000,0.602463502395505,-0.15632136981553396,4.296800413494136,4.118419055788435,167.86207591377178,-85.66885894230298
511464500,0.6016794098336079,-0.15373124480608005,4.277161535189017,4.138050788762863,168.50619059333192,-84.33214226689937
511475000,0.6039755007584182,-0.15484349282735999,4.312205638884152,4.103151726039213,169.02566952520544,-85.63788289129384
511485500,0.6039209043202689,-0.15498906641404575,4.3119698069850205,4.103384577937178,168.94888047939673,-85.67653013766149
511496000,0.6045636919368201,-0.15455341654526777,4.3192398043952425,4.096218798058786,169.3740685247373,-85.74076558118368
511506500,0.6030196274308609,-0.15498162239403315,4.299656302263627,4.115579997875695,168.5862167004691,-85.33632602028034
511517000,0.6052847042254365,-0.1550063317206433,4.330734807688483,4.084940444484481,169.49708092449222,-86.19741292449625
511527500,0.6038930911698872,-0.15516976796649481,4.31222385199789,4.1031337441882805,168.86978772222534,-85.73941382653265
511538000,0.6045594236565014,-0.15555534213230915,4.322704961708556,4.092812277072369,168.9948568270205,-86.14649562252315
511548500,0.6049138954306579,-0.15442850138961595,4.3236061927617095,4.091927241712355,169.56401423979844,-85.82165073889433
511559000,0.6047186605264782,-0.1549037689123622,4.322594620683416,4.0929206619910445,169.30527298896112,-85.94185947050032
511569500,0.6039668310971854,-0.1540470219205345,4.309304555182695,4.106018023683634,169.32055424094284,-85.31022368752453
511580000,0.6044133393871619,-0.15548482029290345,4.320452899738643,4.095025573524315,168.9622316684796,-86.06281917889766
511590500,0.6054686238106837,-0.15486774974434073,4.332778983824862,4.082941415921414,169.62453449998767,-86.21052595406341
511601000,0.6045931701995122,-0.15475541152675498,4.320352260609997,4.095124537226241,169.31006335171412,-85.83417520399986
511611500,0.6031978493882506,-0.15524649724335682,4.30300885679528,4.112252284594826,168.55944494747217,-85.51009165458552
511622000,0.604240552046665,-0.15551940990653992,4.318207432804423,4.097234817095541,168.87918142353956,-86.01174605395425
511632500,0.6034492744927266,-0.15522603724647344,4.306363048248647,4.108928427425319,168.66885711603655,-85.59585943492388
511643000,0.6061276423510105,-0.1555335173398835,4.344230537517383,4.071779520716848,169.64027410536326,-86.73222102970526
511653500,0.6025611867042912,-0.15484530733271334,4.292952964899364,4.122250144527596,168.45137735759155,-85.11038563066285
511664000,0.6041572262160243,-0.15783294382987986,4.325288554496127,4.090276155686514,167.97180725643247,-86.91110281572757
511674500,0.6041176637212217,-0.15345920013805586,4.309321058847355,4.106001706373805,169.6021167137693,-85.12621577485004
511685000,0.6047643459986093,-0.15464129518968694,4.322299737681487,4.093210346049934,169.4228006455561,-85.85213844563191
511695500,0.6038791945591905,-0.15566596784368628,4.31377942901943,4.10159851140045,168.677798139819,-85.93512541074473
511706000,0.605241956312469,-0.15602251283749707,4.333741250701988,4.082001091157258,169.09465718288948,-86.59405301441393
511716500,0.6047431817928468,-0.15556277420292633,4.325253363597477,4.090310678478394,169.06655937701674,-86.21888387999495
511727000,0.6036358862774625,-0.15585436461635419,4.311119044637682,4.104224813703739,168.50872910564053,-85.91983471471939
511737500,0.6059554861343506,-0.154549595263645,4.338372794316617,4.077481321792941,169.94411036423887,-86.26505900042893
511748000,0.6041042155696497,-0.15445395274638224,4.3126018363547285,4.102760595557694,169.22414867389395,-85.52765053779062
511758500,0.6056959592465375,-0.15408866929730725,4.333173058556938,4.082556273751892,170.0124164968151,-85.97786728763435
511769000,0.6071015017907468,-0.1557619470579441,4.358550280928777,4.057909113423602,169.94976645391836,-87.19759437603152
511779500,0.6055782874358409,-0.15637437326742215,4.339630523293545,4.076255705038683,169.09708653953945,-86.86430919232292
511790000,0.603458170736037,-0.15456689886129246,4.30417807764272,4.11109301609165,168.91897036319477,-85.33179567399881
511800500,0.6051232300778687,-0.15551000487236522,4.330290824691758,4.085374885220754,169.24075432664154,-86.34119140581588
511811000,0.605178176795265,-0.15568613553960087,4.331670247880035,4.084025417050102,169.19634916805012,-86.43350119141405
511821500,0.6049337136009032,-0.15608585211530732,4.329723636032245,4.0859300205524764,168.94586986875746,-86.50283216287708
511832000,0.6049743264506444,-0.15640227502533546,4.331406508193834,4.084283359266912,168.84235699985965,-86.64612150179202
511842500,0.6049204237037821,-0.1561887850923363,4.329906245832963,4.085751274624137,168.90150106115271,-86.53942536375426
511853000,0.6050579652101326,-0.15736180867360652,4.3359839131279045,4.079811277991779,168.51154947947774,-87.06435277383918
511863500,0.6035332475283318,-0.15551128306428622,4.308510061950554,4.1068037019947825,168.59597978742144,-85.74272893630828
511874000,0.6055874740226312,-0.15563298459499542,4.33712190685073,4.078701016334413,169.38271069099818,-86.5671949661649
511884500,0.6049772573764706,-0.1566699731389834,4.33240004238275,4.083311837629045,168.7419780795786,-86.75525769096406
511895000,0.6055786628891373,-0.15605897027429508,4.338512821428074,4.0773448327156245,169.21723654610892,-86.7367279172994
511905500,0.6051510984195492,-0.15581344073466066,4.331748513683008,4.083948878053,169.1371229734437,-86.47487427853396
511916000,0.6048747416335025,-0.15603403312619268,4.328728942829935,4.086903946602166,168.94163470891021,-86.45953544985896
511926500,0.6047887948745074,-0.15574836323233882,4.326535935359181,4.089052839851338,169.014913398077,-86.31135413883695
511937000,0.6050221337019654,-0.15562016652783114,4.329289752976512,4.086354786887664,169.158016457283,-86.34764103783212
511947500,0.6056522752377677,-0.15575611989400318,4.338452759341834,4.077403376086757,169.3622474156922,-86.6418400899794
511958000,0.6058929537107787,-0.15661023591058218,4.344819854119753,4.071206791444803,169.13446517031758,-87.07964145679699
511968500,0.6058386307938205,-0.1557505851825262,4.3410061644125975,4.0749160454450415,169.44005775625672,-86.71046956442456
511979000,0.6052885563651837,-0.15674201481512415,4.336945164549189,4.078873411191619,168.84015373193498,-86.90258965516695
511989500,0.6053857717515676,-0.15607630355342686,4.335914063396727,4.0798794455867124,169.1324890773543,-86.67044023086618
512000000,0.6061006063100105,-0.15600452742724044,4.345531126323516,4.070515757679358,169.44971734308385,-86.91343524913715
