frequency_hz,s11_real,s11_imag,swr,return_loss_db,resistance_ohm,reactance_ohm
769000000,0.5095783869601108,-0.3800960112928477,4.490320036844525,3.9346482055863943,77.38675811343924,-98.72974062117203
769006000,0.5102662636622087,-0.38083747351938824,4.505353429284481,3.9210678453950143,77.24444681299143,-98.95061346193879
769012000,0.5101263731506981,-0.38059263745332805,4.501438159534067,3.924595500613668,77.29712860382519,-98.89969016533587
769018000,0.5105460509294801,-0.38048800152607226,4.505586070779005,3.920858438548089,77.35043890083591,-98.99871904775632
769024000,0.5104449200363764,-0.3803259783962646,4.502891120521915,3.923285630815751,77.38479325083507,-98.96280951579472
769030000,0.5104312952474591,-0.38034116347604396,4.502863072137315,3.92331090850925,77.38008833041285,-98.96035128258272
769036000,0.5103583304205015,-0.3800977068219363,4.499776760634423,3.9260943713144454,77.43676843731416,-98.92626885579378
769042000,0.5101743801771232,-0.38010235206650683,4.497588538355373,3.9280703058871547,77.42372056836592,-98.88020131453148
769048000,0.5101074595094345,-0.37971681458245776,4.493300941833332,3.93194781688128,77.51655497931019,-98.83836976734901
769054000,0.5096019527738105,-0.3799527892219376,4.489314492684793,3.935559974710261,77.42431672368187,-98.72638120749214
769060000,0.5103070847075961,-0.3804127038324027,4.502002585406525,3.924086555157598,77.35406740193788,-98.93364517127364
769066000,0.5096483788640056,-0.38031444058942654,4.493135622213048,3.932097480458263,77.33634571799138,-98.76147850036108
769072000,0.5097791436626907,-0.3809761504701883,4.500700322453281,3.9252610142705406,77.17836539082253,-98.83692919900574
769078000,0.508790589971977,-0.3802062093579581,4.48181248478247,3.9423759486018852,77.30795739806038,-98.5389834055899
769084000,0.5091327832353743,-0.3797963478314885,4.4822481389592435,3.941979476890076,77.43313963094113,-98.59823465810926
769090000,0.5091866911318705,-0.3800486953016576,4.4851668119010855,3.9393253980087994,77.37323937081563,-98.62820050837365
769096000,0.5093590560639569,-0.3808868966807999,4.4948078301803,3.93058416732363,77.17383771324418,-98.7256546447119
769102000,0.5098507576775171,-0.38065688373784384,4.498678502896548,3.927085830155002,77.26324952283555,-98.83445243773691
769108000,0.5095901718412503,-0.3807678186651583,4.496526674334256,3.9290298835741844,77.21860601321508,-98.77606100829087
769114000,0.5093249879301774,-0.38059663053981485,4.491773956224544,3.933330635322058,77.24454226155368,-98.69841106242646
769120000,0.5097555353418272,-0.38060448407061687,4.497051555174523,3.9285555034251156,77.27030570106145,-98.80713099460925
769126000,0.5096198158768545,-0.3809293516549478,4.498346706395632,3.9273854616333734,77.17991505668952,-98.79388310256445
769132000,0.5097411671834161,-0.38092498483260256,4.499776872697335,3.926094270174948,77.18879443639908,-98.82410340924598
769138000,0.5097231220871584,-0.3805514582283416,4.4961799753513425,3.9293432892909808,77.28155514696053,-98.7955655240135
769144000,0.5142517696449915,-0.38493896600141325,4.592294998571123,3.844361582524706,76.4543386996407,-100.21076628494667
769150000,0.5122828127395582,-0.3804385632459549,4.526335505490051,3.9022723520078886,77.47391658256089,-99.43466201880481
769156000,0.5086542714214772,-0.3789380883169449,4.468807468882844,3.9542487708117777,77.61739457544778,-98.42171962360123
769162000,0.5084924392390164,-0.37842293423297635,4.462273498994827,3.960241402703126,77.73609932386844,-98.34695002203586
769168000,0.5096871845150321,-0.38054087288671956,4.49564942746895,3.929822987479627,77.28190245039535,-98.7858459568261
769174000,0.5094561123857647,-0.3804620239771603,4.492143292434316,3.9329960785342823,77.2868232401619,-98.72267011847623
769180000,0.5090732377824014,-0.38064854461583614,4.489203138182656,3.9356609709468096,77.21526524185344,-98.63855323040116
769186000,0.5096263272430775,-0.380304736768754,4.492781445484871,3.932418155067733,77.33736148660073,-98.75530525268341
769192000,0.5093350131930157,-0.37991602647171163,4.485761675847934,3.9387849076733588,77.41622268168496,-98.65685616630894
769198000,0.5093156827857946,-0.3795783632501912,4.482493506103977,3.9417562136159487,77.49987141236939,-98.62999653235288
769204000,0.509156259400895,-0.3799904633287608,4.48427610745185,3.940134969641962,77.38589233500474,-98.616769953803
769210000,0.5091224711211442,-0.37910482521057526,4.475921189649393,3.947745360782129,77.60631592324768,-98.55038629357804
769216000,0.5095126155360974,-0.37966642764144454,4.485659365468562,3.9388778556187667,77.49056063518182,-98.68528171681598
769222000,0.5099227869442825,-0.37933399280970503,4.487623189833038,3.9370945197858207,77.6010292941767,-98.76690170306927
769228000,0.5097081513603684,-0.37993834833297424,4.490467478776593,3.9345145499123175,77.43484178742817,-98.75216861779099
769234000,0.5097922218291031,-0.3797513416220383,4.489799448637483,3.9351201911315408,77.48738031135157,-98.76119039514057
769240000,0.5100423403117251,-0.38080549704495775,4.502345862873444,3.923777085898752,77.23815442083442,-98.89219543610385
769246000,0.5099379756289268,-0.38018998180306735,4.495516233870889,3.9299434340111343,77.3863757599229,-98.82631477980426
769252000,0.5100418838663769,-0.3805820174605428,4.500317523456334,3.925606381424758,77.29437368574541,-98.87773659307008
769258000,0.5105422691309356,-0.38020137766754214,4.502946183831802,3.92323600776375,77.4224815369822,-98.97933972798461
769264000,0.5098801841327603,-0.3807111694647455,4.499526086695729,3.926320623891391,77.25148397393306,-98.84534293745656
769270000,0.510144939774258,-0.3809327615885614,4.504744023444733,3.9216164957813127,77.21269481804234,-98.92616629055122
769276000,0.5101048844284712,-0.3807486001274378,4.5025893319145895,3.923557625366368,77.25648456172438,-98.90428953856544
769282000,0.5103706459669072,-0.38054638487187187,4.503984003844382,3.9223009631365944,77.32446437303358,-98.95825122370128
769288000,0.5100510947674556,-0.38066414300631396,4.501172306474494,3.9248352680783523,77.27429261288408,-98.8853307085626
769294000,0.5108474030683884,-0.3805526967024134,4.509837551406749,3.9170355687854914,77.35343534604498,-99.07888368428657
769300000,0.5105443069235929,-0.38022072351667124,4.503145894001977,3.9230560396796195,77.41773292223033,-98.98109938417151
769306000,0.5106159854057428,-0.38032330339820736,4.504944772346046,3.921435743540192,77.39646819676943,-99.00577906295305
769312000,0.5100542754063041,-0.3806576126369174,4.501151775242392,3.924853786018087,77.27614061236453,-98.88571202722702
769318000,0.5104339496020173,-0.38058059241388953,4.50506263058501,3.9213296330907497,77.31990538791902,-98.97639956697097
769324000,0.5104912708944717,-0.38053620373227703,4.505356986833995,3.9210646429780494,77.33477115532575,-98.98800069838974
769330000,0.5101181981535529,-0.3808341423000232,4.503525701760419,3.922713823644271,77.23580554090624,-98.91312290104617
769336000,0.510292345534559,-0.3806655921487046,4.504112766675887,3.9221849833024076,77.28940719363041,-98.94617150004215
769342000,0.5100634026794961,-0.38047483757603495,4.499609027854221,3.9262457601587766,77.32274088710089,-98.87626158914003
769348000,0.5094268827350338,-0.3803700869619364,4.49096070406775,3.9340675097596467,77.30804122500857,-98.70938501824926
769354000,0.5090869540132373,-0.3804498724585027,4.487577056215322,3.93713639457887,77.26601916843148,-98.62915878230034
769360000,0.509396880060132,-0.3807531161943359,4.494055962946535,3.931264444795814,77.20986819415883,-98.72655055991761
769366000,0.5096956545829817,-0.38070826256684875,4.497264861308639,3.9283627535383,77.24035767411242,-98.79874806594843
769372000,0.5097096443403912,-0.38034639423771033,4.494164940887532,3.931165828454633,77.3322650139423,-98.7789527350952
769378000,0.509467524043466,-0.38025358463742254,4.490401077229251,3.934574741575008,77.33995433257563,-98.71206592001094
769384000,0.5101396134371237,-0.3801918578926355,4.49797546725533,3.9277207672262735,77.39892343690259,-98.87722037466808
769390000,0.5092302077841087,-0.3801551791337325,4.48665004072771,3.9379780246826606,77.349310133992,-98.64604662800467
769396000,0.5098488208602515,-0.38025488948797725,4.495022942703537,3.930389580995763,77.36427699168595,-98.80806398790972
769402000,0.5100242731874338,-0.38061852631220466,4.500434312284834,3.9255010061923317,77.28405207178385,-98.87564969344069
769408000,0.510227768977764,-0.3806648811282975,4.503322400132904,3.9228969958072213,77.28544475361383,-98.92986091793571
769414000,0.5102028553724348,-0.3811914170189464,4.507793903694989,3.9188722405721665,77.15129683525456,-98.9572592410323
769420000,0.5100280760823355,-0.38015639654886507,4.496304049294135,3.9292311242417144,77.40065417675812,-98.84683437074465
769426000,0.5099085691910362,-0.38013001566259635,4.494619155033306,3.9307548550804428,77.39957343773877,-98.81503491370567
769432000,0.51060357335556,-0.3794348051079202,4.496770147953541,3.9288098209487163,77.61992648003864,-98.94522986989755
769438000,0.5101960954172162,-0.37901374242497965,4.488049021216469,3.9367080417944096,77.69966148839025,-98.81490562706931
769444000,0.5104722360347723,-0.38012459726443554,4.501401792476231,3.924628297564192,77.43733510939192,-98.95672779113602
769450000,0.5096686297429498,-0.3800821226750787,4.491285338957885,3.9337733297414292,77.39609883686646,-98.75154355524148
769456000,0.5102258412699751,-0.3793769160215643,4.491673337699664,3.9334217888978644,77.60996602851392,-98.8461202016993
769462000,0.5101662578565151,-0.3791826928088519,4.489206091797002,3.9356582920114573,77.6550793103615,-98.81842053553649
769468000,0.5092261223674431,-0.37949257359126415,4.480644434064175,3.9434393459734003,77.51559521084845,-98.60186861008387
769474000,0.5094481766730959,-0.3801064968124358,4.488841920378741,3.935988624335754,77.37568147478336,-98.69767425614461
769480000,0.5097820888010739,-0.3799215921590513,4.491210191239924,3.9338414236697417,77.44385603189292,-98.76969320869591
769486000,0.5096448650148373,-0.3797562300176004,4.48806335558634,3.936695033484121,77.47656919267179,-98.7244098782643
769492000,0.5100641026718495,-0.3799611952233964,4.494979000724882,3.9304293284059826,77.45215711935622,-98.84328586038517
769498000,0.5101867193965043,-0.37957683878186627,4.492999456678895,3.932220759592282,77.55699464644381,-98.84926095257661
769504000,0.5103114745221152,-0.38053888824016036,4.503197733602818,3.9230093273591726,77.32255448970308,-98.94286023166576
769510000,0.5106351842644797,-0.38026319860266716,4.5046341201202,3.921715458779673,77.41286569762315,-99.00675793475008
769516000,0.510747486272233,-0.38046279048402093,4.507806760040801,3.9188606808127506,77.36971996481284,-99.04791027388593
769522000,0.5106565876344241,-0.38105694827836206,4.512091496662778,3.91501192699173,77.21407623460875,-99.06296159923755
769528000,0.5098653702812276,-0.37972651090282256,4.490460019880233,3.934521311157967,77.49838780834723,-98.77799896729955
769534000,0.5093866013593432,-0.38008345702839347,4.487891117375405,3.9368513438808366,77.37748068940769,-98.68069918624
769540000,0.5094141493568136,-0.3801495489277649,4.4888189499131235,3.9360094622585393,77.36265185996609,-98.69191007309482
769546000,0.5095159501698825,-0.38126406182281014,4.500120155870138,3.92578447365199,77.08918611102183,-98.78922531166063
769552000,0.5092369736921317,-0.38070718840695084,4.491708973914557,3.9333895044068616,77.21110416275344,-98.68343620809797
769558000,0.5094181873463859,-0.38098276175651047,4.496389890092868,3.929153526445506,77.15356201620975,-98.7466595267317
769564000,0.5090514831174902,-0.381267141941931,4.4945297742836665,3.9308357199579147,77.05868749556787,-98.67287704205697
769570000,0.5094978659176007,-0.3802509420773696,4.490743773104624,3.9342641147894115,77.34258212338652,-98.71952322810507
769576000,0.5100079566500658,-0.38021969640744785,4.496631853592999,3.9289348146595815,77.38341310132911,-98.84585538492577
769582000,0.5089066319056531,-0.3807191190372506,4.487830269561682,3.9369065677805852,77.18680564689615,-98.60130831525622
769588000,0.5092410324784653,-0.38032752578620377,4.488333163871186,3.936450201229807,77.30671365206814,-98.65993415013692
769594000,0.5101916636536946,-0.3806859449779485,4.503074942442326,3.9231199754931785,77.27782437005621,-98.92211963251466
769600000,0.5093380329503031,-0.3816672873390064,4.501622169325063,3.924429563372866,76.97663940423044,-98.77029965912814
769606000,0.510154648585023,-0.3810454977208219,4.505884175721505,3.920590139540664,77.18494220831515,-98.93581610271387
769612000,0.5105639516927752,-0.38191593186293094,4.51878251929468,3.909017083902885,76.99185779247901,-99.09407751137954
769618000,0.51012619781424,-0.3813715481877186,4.508498272057241,3.918239011236817,77.10109485466994,-98.94944596914513
769624000,0.5103956681012617,-0.38103662079660794,4.508732301628794,3.9180286639830926,77.20256373918374,-98.9959277032463
769630000,0.5101093569609142,-0.38159511577305383,4.510325643657887,3.9165971683526517,77.04380006182195,-98.9594193759111
769636000,0.5102987878778585,-0.38128346066025387,4.509795924100156,3.9170729627076457,77.13424269880977,-98.9872657544747
769642000,0.5099684910263059,-0.38056299967021606,4.499255910662852,3.9265645083099137,77.29444215800768,-98.85804047673754
769648000,0.5101085641857274,-0.3813493520405209,4.508082392072917,3.9186128634645367,77.10555546893774,-98.94359785706976
769654000,0.5100397252939517,-0.3812707824506925,4.5065328249251575,3.9200064743359393,77.12093155988049,-98.92127901751758
769660000,0.5101027382781844,-0.3811559773290729,4.506256084918852,3.9202554679217076,77.15382869624062,-98.92980760396625
769666000,0.510386283833974,-0.38042815841053323,4.503103725489721,3.923094038280696,77.35526446761756,-98.95459854493362
769672000,0.5101614906083787,-0.3808434672515928,4.50413563314527,3.922164387643026,77.23623073145274,-98.92461769078497
769678000,0.5106650287778055,-0.3799214022945845,4.501906248154102,3.924173413408954,77.50104591185301,-98.99226298065228
769684000,0.5098706684139527,-0.3802125411069233,4.494905134816346,3.9304961451405545,77.37634773739038,-98.81082752879458
769690000,0.5099122513515155,-0.3804856337091511,4.4978750728469175,3.927811454107857,77.31029412255437,-98.838908074117
769696000,0.5099566983291552,-0.38001676014493363,4.49418002273138,3.9311521809857073,77.43120698589222,-98.81982725817208
769702000,0.5094146087191397,-0.3805080186877332,4.492056880416419,3.933074348172076,77.27258591060786,-98.71520913345853
769708000,0.5098606534902753,-0.3806985735358826,4.499175488445143,3.926637110359097,77.25339807142693,-98.8396207494125
769714000,0.5105194886766189,-0.37974699719314575,4.498565312809515,3.927188042141092,77.53565576405047,-98.94425046773758
769720000,0.5091215527880054,-0.380129529816824,4.485109014957977,3.9393779200567174,77.34870230972194,-98.61708658573677
769726000,0.5096811723805716,-0.38011659700505057,4.4917477049030285,3.933354416828939,77.3882370463404,-98.75693209584789
769732000,0.509353817827605,-0.38044797568357586,4.490780757475489,3.9342305943560247,77.28374717731687,-98.69605779183577
769738000,0.5091514053334872,-0.3811655205124494,4.494817698633983,3.930575240096219,77.09057895549417,-98.69142380393656
769744000,0.5099869612638016,-0.3808062594081609,4.5016811130921255,3.924376411794677,77.2344123546921,-98.87830895632564
769750000,0.5091389982264363,-0.3805896533880673,4.489465376060257,3.9354231350118223,77.23429208139748,-98.65125758080373
769756000,0.509098536080888,-0.38089061808330654,4.491693839167924,3.9334032156061696,77.15615058659017,-98.66050185175406
769762000,0.5096996546939231,-0.38096407705065627,4.499627912120053,3.9262287153887416,77.17630711937052,-98.81617446994953
769768000,0.5097711425706296,-0.38097448576802123,4.500588286548856,3.9253620883930562,77.17827135602474,-98.83481112228905
769774000,0.5105901256223485,-0.3803706868835789,4.505059436683005,3.921332508556286,77.3828542661403,-99.00230116120267
769780000,0.509818502716854,-0.3804235406241299,4.496178816908988,3.9293443365741436,77.31987916672881,-98.8113168140766
769786000,0.5101494230269424,-0.3805600321692746,4.501422700309309,3.92460944215809,77.30681963824796,-98.90339963724159
769792000,0.5108277839561944,-0.3810070358590598,4.513723127175472,3.9135483392780785,77.23756351956888,-99.10294439571874
769798000,0.5105800987937636,-0.38041995599937695,4.505383646322217,3.921040644943788,77.36978397048833,-99.00293693469015
769804000,0.5108154157680656,-0.3801083140496896,4.505423384731922,3.9210048742295394,77.46355428306872,-99.04228032326348
769810000,0.5104965841388892,-0.3804722718169342,4.5048425878951335,3.9215277472489274,77.35122971289071,-98.98523711485554
769816000,0.5103909793823016,-0.3804292505415046,4.503170615953109,3.9230337627523366,77.35529099035385,-98.95585224886312
769822000,0.5102112208633619,-0.3799523918484502,4.4966814447266374,3.928889992091022,77.46389710107687,-98.87979194469898
769828000,0.5097485310704339,-0.38069338904715616,4.497770551683411,3.927905873237643,77.24749678945948,-98.81108751457123
769834000,0.5104292878881606,-0.38013226220718915,4.500949845300775,3.9250359241813095,77.43263261773618,-98.94639061850495
769840000,0.5098999222997603,-0.3804874022252726,4.497741721690862,3.9279319176062657,77.3090552015913,-98.83591922838744
769846000,0.5100820973683697,-0.3799118648716663,4.494751992882915,3.930634679788303,77.46575220962718,-98.84462553645552
769852000,0.5101815107655496,-0.38064025427009435,4.502538048111997,3.923603849992072,77.28867859525799,-98.9166314687894
769858000,0.5100767109516768,-0.38084986977725643,4.503164762609597,3.9230390371715105,77.22918978201488,-98.90368848247766
769864000,0.5106224360505254,-0.38043853203455685,4.50606642559303,3.920426130260455,77.36781693115405,-99.01480752545734
769870000,0.5106432446483211,-0.3801665262345692,4.503857473691961,3.9224149387371687,77.43777620068772,-99.00257053661555
769876000,0.5108883650841606,-0.38004070951314517,4.505698812795946,3.9207569646178837,77.48532330786779,-99.05634882468378
769882000,0.5106203138374532,-0.3799000553045026,4.501170498136568,3.924836899083547,77.50354632204201,-98.97959737375604
769888000,0.5106594551523509,-0.3795200104730158,4.498215920358047,3.927503581785721,77.60203554001222,-98.96487502297805
769894000,0.5112703508620859,-0.38043508737596726,4.5139239856601465,3.9133682442719655,77.41020404812028,-99.17816976141421
769900000,0.5105925718458036,-0.38105260602587304,4.511272765413492,3.915746756034559,77.21109199820113,-99.04655167195175
769906000,0.5104202530123784,-0.38110358763953583,4.509639242693804,3.917213716548295,77.18726607245584,-99.00639007336771
769912000,0.5101977025929406,-0.3799071390469609,4.496109413687268,3.929407081194412,77.47442929878973,-98.8734556634795
769918000,0.509367515925934,-0.3792957797716809,4.48058173886628,3.943496440396374,77.57435076356927,-98.6245599759946
769924000,0.509191415274591,-0.37991907206179226,4.484057749267166,3.940333489592569,77.40611759160902,-98.6209603433895
769930000,0.5092937786257796,-0.3803566737614431,4.489232483756765,3.935634354604798,77.30280451166963,-98.67507110254401
769936000,0.5093841342633688,-0.38004437536656255,4.487509433516921,3.9371977763254975,77.38714571735363,-98.67754307372833
769942000,0.5086186687859376,-0.37952509556199576,4.473631829692605,3.949835932856496,77.46765713711916,-98.45138934461089
769948000,0.5094207383630334,-0.38041710416266483,4.4913105909150355,3.933750448613918,77.29582781580653,-98.71087911073109
769954000,0.509633598740716,-0.3807340211680432,4.496746630331026,3.928831076160884,77.22989252650233,-98.78480350610295
769960000,0.5095579924501291,-0.3807891660005753,4.496330315965791,3.929207379539018,77.2111729182705,-98.7693462138385
769966000,0.5103410669097139,-0.38111417784869556,4.508772521717281,3.9179925162267186,77.17955097889016,-98.9871249863399
769972000,0.5101575078286114,-0.38176808219437824,4.512484955858322,3.9146588885987987,77.00336325103372,-98.98249171004674
769978000,0.5093284723821025,-0.3814262903079844,4.499320656115463,3.9265060606181685,77.0364879356541,-98.75253321155645
769984000,0.5094846825331034,-0.3819287589999308,4.505774462292483,3.9206888789622414,76.92037085240227,-98.82370235000947
769990000,0.5096291696616931,-0.3816814823262464,4.505279688213199,3.9211342264583022,76.99159970456459,-98.84426034227981
769996000,0.5098614132310455,-0.38115193894450483,4.503290682066211,3.9229255749479113,77.13943526700031,-98.86885786278592
770002000,0.5106309933130344,-0.38078172001698046,4.5092812575147265,3.917535349079385,77.28182278654953,-99.03894759432818
770008000,0.5105707623777904,-0.3809310190689915,4.509903324927162,3.916976485733947,77.24034205311335,-99.03330132147389
770014000,0.5104911739841257,-0.38032357531021294,4.503431027613249,3.922799121674249,77.38837449314266,-98.97431765329846
770020000,0.5099854902478379,-0.38069775436711856,4.500681042109274,3.925278407816069,77.26162132181142,-98.87097726725725
770026000,0.5102374359524386,-0.38068304828681104,4.503604259149706,3.92264304910198,77.28148940567914,-98.93346068960463
770032000,0.5099125063938105,-0.3804356537294968,4.497426481995701,3.928216720996009,77.3228891425542,-98.83575320246472
770038000,0.5099840207124232,-0.3802571316004158,4.49667999077887,3.9288913062158413,77.37244144539673,-98.842244490447
770044000,0.5091238098565138,-0.38036331227580744,4.487241494728805,3.9374410059711162,77.29013711780509,-98.63281036307261
770050000,0.5096768078759464,-0.380457213419007,4.494768235140616,3.930619986310817,77.30227256157683,-98.77784420287158
770056000,0.5097941561249943,-0.3797812244346538,4.490091850197078,3.934855074313066,77.47998115561599,-98.76361928180383
770062000,0.5090517779080974,-0.38028985632805073,4.485711291875701,3.9388306804452227,77.30391425975743,-98.60996554292265
770068000,0.509259646043645,-0.380421106663542,4.4894013989726504,3.9354811561624485,77.28441095269872,-98.67066379454337
770074000,0.5090147730088539,-0.3803281571491308,4.485610166914767,3.9389225535961936,77.2919004346598,-98.60315799928911
770080000,0.5093074879821186,-0.3803782168246018,4.489592204816432,3.9353081185024577,77.29827890859929,-98.67990880270305
770086000,0.5091485643890082,-0.37989627321434194,4.483336371592017,3.9409894734719133,77.40905795955123,-98.60870882924992
770092000,0.5091950785730508,-0.380374412645282,4.488201248708442,3.9365699011959516,77.29196257711108,-98.65142623053427
770098000,0.5062047899396622,-0.3826380814633914,4.472722445553394,3.9506669792042484,76.53446863026197,-98.05057912521461
770104000,0.509670394140123,-0.3803066222511035,4.493331288978366,3.9319203449201012,77.33973458100509,-98.76651084922159
770110000,0.5095715148032169,-0.38012167769989297,4.490468314035497,3.9345137927789056,77.37985698975085,-98.72967497939726
770116000,0.5090962112821796,-0.38017621888964953,4.485223783991336,3.9392736269267923,77.33533107412603,-98.61375245292662
770122000,0.5090994775956738,-0.3809040239430718,4.491826312535501,3.933283205746267,77.15284758321928,-98.66160064987027
770128000,0.5101266310223697,-0.38104889370721673,4.505574760493625,3.920868618713189,77.18229782594267,-98.92898237530079
770134000,0.509819522282287,-0.3809636444833549,4.501076430721259,3.9249217437790773,77.18409600840673,-98.84627996871505
770140000,0.5092477750208673,-0.38169874873156834,4.500814770640607,3.925157769352388,76.96300173272203,-98.74966720455436
770146000,0.5096439756901177,-0.3806520150620058,4.496130884098091,3.929387670454536,77.25117509361988,-98.78213750216656
770152000,0.5101589173050605,-0.3807589616532066,4.503338812060611,3.9228822082250354,77.25734008546367,-98.91855621237526
770158000,0.5096953598554957,-0.38049434590642633,4.495328048488841,3.9301136222310697,77.29413002979815,-98.78490386944083
770164000,0.5098798727209904,-0.3806753206686492,4.4991979978205245,3.926616789495613,77.26048245774963,-98.84296169798533
770170000,0.5096623447299367,-0.3806754796576182,4.496565280035173,3.928994988298313,77.24645777074461,-98.78826524128966
770176000,0.5104619722943157,-0.3805629547234275,4.505243311102843,3.9211669736547177,77.32614835801928,-98.9823312803257
770182000,0.5100776254791186,-0.38070649620646435,4.501877436034143,3.924199391350769,77.26533454487544,-98.89472725246596
770188000,0.510685374049665,-0.38073971084552954,4.509561798234623,3.9172832921317786,77.29589156331511,-99.04997393345808
770194000,0.5104610534461859,-0.3812404944079789,4.511379304871938,3.915651118685956,77.15538585659667,-99.02538401053916
770200000,0.509561228886172,-0.3812495396261443,4.5005369505199555,3.9254084033867853,77.09572721686396,-98.79966744846367
770206000,0.5105039718116546,-0.38111987767257616,4.510805618888717,3.9161661558639134,77.18849781189387,-99.02851491325309
770212000,0.5097622720907439,-0.38098289679151687,4.500556968818541,3.925390342890482,77.17558869872965,-98.8331199849576
770218000,0.5095467953210382,-0.3805850167354647,4.494349940389623,3.930998430187196,77.26175933747446,-98.75339450364282
770224000,0.5098436294600988,-0.3815782797015342,4.506944480354516,3.9196361516774747,77.03115199704978,-98.89156065470839
770230000,0.509725619730657,-0.38044257824270555,4.495226632243925,3.930205345721231,77.30910117384258,-98.7891773127732
770236000,0.5099900622353764,-0.3814106665597538,4.507199860422817,3.9194064491199314,77.08259331165604,-98.91770122920185
770242000,0.5107547237690824,-0.38099406862441376,4.512715267568626,3.9144522672829396,77.23617968075773,-99.08369508695814
770248000,0.5097493914422513,-0.3816943717385267,4.506855494053379,3.919716197171253,76.99600238204346,-98.87526603000352
770254000,0.5101132881132511,-0.3816416360328591,4.510796545899158,3.9161743024144338,77.0323525777504,-98.9633596717834
770260000,0.5096066376600397,-0.3812696107756879,4.501268979650124,3.9247480770613494,77.09358807416793,-98.81235468993019
770266000,0.5098501348101391,-0.382334467835313,4.5139070241619095,3.913383451746335,76.84166846290087,-98.941048963303
770272000,0.5101687232150669,-0.3814034118443943,4.509304595357156,3.91751437950959,77.09578515296135,-98.96217000790878
770278000,0.5100493171604372,-0.38161416385054153,4.509769066078917,3.9170970897261355,77.03520005099888,-98.94553338733228
770284000,0.5101020980191946,-0.38124427705771463,4.50704971524128,3.919541494448491,77.13157421055223,-98.9352779530993
770290000,0.5099666551308282,-0.3810083980951941,4.503266031660329,3.9229477861595914,77.18225928565283,-98.88614598153785
770296000,0.5096155649702205,-0.3814465956949534,4.502982258846925,3.9232034976541383,77.04970943500159,-98.8258918639442
770302000,0.5093588013704708,-0.38116189772792614,4.497292642043192,3.9283376514404167,77.104779448175,-98.74323452673892
770308000,0.5093413025389526,-0.38047253658680497,4.490851175400996,3.934166773343824,77.27676808957389,-98.69449997358927
770314000,0.5094140326033705,-0.3808976657997354,4.495569972216288,3.929894837699008,77.17466561099371,-98.74015259169882
770320000,0.5095562465064323,-0.380837435756065,4.496745692136875,3.9288319241050083,77.19893138413804,-98.77200905135417
770326000,0.5096130920119961,-0.3812765129190876,4.501409753407339,3.9246211180997985,77.09226680324883,-98.81441677254243
770332000,0.5096756129502369,-0.3807802584136065,4.497673330256567,3.9279937022989704,77.2209696508919,-98.79833632337709
770338000,0.5091743389822587,-0.3805805067593934,4.489809389343957,3.935111177421315,77.2388700474095,-98.65953940086553
770344000,0.5099864634168192,-0.38048758523371595,4.498791804404201,3.9269835229734404,77.3145803168799,-98.85771231462817
770350000,0.5091981355386027,-0.38047180643831924,4.48911616481142,3.9357398576675298,77.26770122020221,-98.65849274562221
770356000,0.5097354293344656,-0.3809265924212696,4.499721914783701,3.9261438716614947,77.18802247130321,-98.82276406598879
770362000,0.5089886319271867,-0.3807882306837899,4.489442861669473,3.935443553230491,77.17475920064577,-98.62633472972793
770368000,0.5093400037984726,-0.38120560747268567,4.497460968028192,3.928185562534331,77.09260448586895,-98.74131552070195
770374000,0.5092872453145646,-0.3808999512921423,4.494057792950551,3.9312627887466567,77.16594463826246,-98.70846367093847
770380000,0.5093930354643046,-0.38110468079586857,4.497188868632368,3.9284314206177062,77.12133641940787,-98.74816266481639
770386000,0.509196510867058,-0.3810124796221347,4.493978592952608,3.93133446152135,77.13187103173418,-98.69291986162314
770392000,0.509189903068815,-0.3812275652045341,4.495844486922704,3.9296466094079836,77.07748178387799,-98.70505777224
770398000,0.50960379603509,-0.38134044415451834,4.50187675847589,3.9242000022634747,77.07561641436382,-98.81616458868461
770404000,0.508860844968749,-0.38152073764643357,4.494522497507853,3.930842303577997,76.98292591999045,-98.64133019981789
770410000,0.5095986693432918,-0.38141234422937625,4.502466734206095,3.9236681305808307,77.05723312445447,-98.81946501328
770416000,0.5089788975897327,-0.38193187990845945,4.499676787301786,3.926184601784128,76.88746621174646,-98.6971196740568
770422000,0.5087034084896677,-0.3814132725751796,4.491649488417825,3.9334433953635366,76.9997651137099,-98.59501748096395
770428000,0.5090461644850877,-0.38154837769381306,4.497012166463331,3.928591098362247,76.98784253652676,-98.68953413070439
770434000,0.5097315732281635,-0.38145181970554937,4.504436327466167,3.9218935749612793,77.05579050269094,-98.85536135887801
770440000,0.5095556539295424,-0.38051564716664504,4.49383058600175,3.9314684089127683,77.27976746806986,-98.7511498040084
770446000,0.5092336701299186,-0.381441937654383,4.498315285946644,3.9274138385308226,77.02650737028158,-98.72975009841406
770452000,0.5093215814042672,-0.3808605030084867,4.494116230291642,3.931209907035357,77.17805617584915,-98.71454828887131
770458000,0.5095385319646231,-0.3817274813750454,4.504598353860827,3.921747665782304,76.97429235772607,-98.82443368129654
770464000,0.5093750765744137,-0.38101653918960604,4.496174018167241,3.92934867485513,77.14231435693316,-98.73800185812023
770470000,0.5091560695433267,-0.3809490804834498,4.492916894363131,3.9322955122246754,77.14518163505498,-98.678698108198
770476000,0.5098770806582554,-0.38101636184032317,4.502251803434245,3.923861876812375,77.17452541831588,-98.86412791863368
770482000,0.5102689683356784,-0.38099100255459506,4.506778451913794,3.9197855012661114,77.20596212131835,-98.96111111199103
770488000,0.5090782237376074,-0.38114921718877937,4.493785991539238,3.9315087690528934,77.08997455183142,-98.67202201085824
770494000,0.5094457541730123,-0.3806786171283914,4.493973724324956,3.931338867517937,77.23172942581088,-98.73403242289652
770500000,0.5092213777144897,-0.3806122381306417,4.49066354869747,3.934336827415952,77.23393885002287,-98.67339780686729
770506000,0.5086753387551277,-0.3810833302626576,4.488329003242329,3.9364539764760087,77.08060497124949,-98.56680108735824
770512000,0.5093303505748944,-0.38116185738436303,4.496948108212224,3.9286489881619557,77.10296705255246,-98.73609068255438
770518000,0.5093018748831158,-0.38019627594574207,4.487884768214432,3.936857106141258,77.34363062797675,-98.66671921486214
770524000,0.5100594048740357,-0.3815402519801626,4.5092196787914585,3.917590680025858,77.05442266435934,-98.94337583128912
770530000,0.5093748156698721,-0.3809045039555537,4.495157568623613,3.930267811148333,77.17042899160742,-98.73074338611491
770536000,0.5098120986491549,-0.38038228082808007,4.495728646109412,3.929751353885153,77.32984788783727,-98.80704485687023
770542000,0.5106182950598476,-0.3803334425798996,4.505064612649127,3.9213278486433363,77.39405894584867,-99.00701336807555
770548000,0.5096810331253452,-0.3808086797572593,4.497996040647441,3.927702183681452,77.21417317553178,-98.80152432644913
770554000,0.5094469808750681,-0.38101213546373675,4.497003991870374,3.9285984856910328,77.14803277222984,-98.75577480488961
770560000,0.5094396555871926,-0.3809813128031929,4.496636484363564,3.9289306291288377,77.15530346850285,-98.75195783162015
770566000,0.5089374970712707,-0.3809895826535791,4.490643995828994,3.9343545498736363,77.12096679295767,-98.62647584801968
770572000,0.5096863437829764,-0.38068877974180587,4.49697599582453,3.9286237857575257,77.2446574454256,-98.79515440239396
770578000,0.509787052093908,-0.38101962571232106,4.5011899549623475,3.924819350343026,77.16794240948975,-98.84170140024904
770584000,0.5093813057292103,-0.3812442156395135,4.498310344273361,3.9274183015653423,77.08555756034274,-98.7541532293539
770590000,0.50887841181035,-0.3810166419520373,4.490175528799786,3.9347792106621227,77.11038174912136,-98.6134024159201
770596000,0.509948543462128,-0.3806891389256729,4.5001552047299285,3.9257528465420832,77.26141693223369,-98.86112689606715
770602000,0.5094739706010251,-0.3808217786762252,4.49560873366772,3.9298597859533064,77.19757840357117,-98.75033157834257
770608000,0.5090046708211551,-0.3804264415618371,4.486373730498229,3.938228955379244,77.26657597970788,-98.60698819821985
770614000,0.5087981602053667,-0.3805075609596854,4.484616073384966,3.9398259307189347,77.23285456480491,-98.56042718535689
770620000,0.5090554332871001,-0.38114727780120605,4.493493155356997,3.9317738208652897,77.08899867412521,-98.66618182058623
770626000,0.5093297990566343,-0.3807583804013405,4.493292743485826,3.931955238558571,77.20422851583638,-98.71004176893605
770632000,0.5089055144034373,-0.38103998060451183,4.49071336516454,3.934291675172372,77.10627369314327,-98.62169803009101
770638000,0.5095347439393605,-0.3805792207879503,4.494151857937835,3.931177667214434,77.26243957093023,-98.74999194946051
770644000,0.5105843831640378,-0.3810235153268111,4.510908885857103,3.9160734358695057,77.217900879101,-99.04263398627837
770650000,0.5099796499765467,-0.38094874015485675,4.502883030793339,3.923292921386276,77.19809754636213,-98.88559731868692
770656000,0.5100884472048103,-0.38106714352599075,4.505276681335223,3.921136933271888,77.17526644896854,-98.92054032276548
770662000,0.5101369084115939,-0.38052108208466545,4.5009185179615585,3.9250641825715067,77.31582387972648,-98.89774490281444
770668000,0.5095177983765441,-0.3814477684578817,4.501808079801311,3.924261926614132,77.04318073542917,-98.8014195600188
770674000,0.5096232853898583,-0.38163820910482293,4.504815263649598,3.9215523498956517,77.00208942130918,-98.8400315823573
770680000,0.5100641635422043,-0.3817302553390119,4.511005505830438,3.9159866880347756,77.00695897857545,-98.95662916035621
770686000,0.5093976678971012,-0.38189099441281477,4.504376223143584,3.9219477033474326,76.92432170894486,-98.79948027322996
770692000,0.5097632763134926,-0.3814967272972391,4.5052285924650795,3.921180223741569,77.04652840317196,-98.86618537227262
770698000,0.5005074135177773,-0.3811342917343101,4.392337665347967,4.025560105573933,76.531919256048,-96.54928768227704
770704000,0.5092399805754716,-0.3819827646066005,4.503299352984711,3.922917762090459,76.89130322181272,-98.7657691961936
770710000,0.5094570321552659,-0.38097088394723905,4.496752355779797,3.928825901482412,77.15903761488202,-98.75565269005185
770716000,0.5093961591345343,-0.38176743667462176,4.5032355103370145,3.9229752877071293,76.95521675727485,-98.79125199752895
770722000,0.5091370207216894,-0.38086473959909156,4.491924767187952,3.9331940188390657,77.16512068229252,-98.66849328494156
770728000,0.5087135027473555,-0.38140275859873823,4.491676167487821,3.933419225242531,77.00304505673311,-98.59687169494484
770734000,0.5094228171184041,-0.3809555585867615,4.496199809821272,3.929325358140339,77.16069058471206,-98.74607625946041
770740000,0.5098862963706571,-0.3806562336489437,4.499103173944855,3.9267023954078475,77.26569718167998,-98.84335125328852
770746000,0.5093138981863925,-0.3811879953684646,4.4969857168412535,3.928615000823314,77.09535300150227,-98.73363572399128
770752000,0.5092066150536732,-0.3806707683561963,4.491013568033633,3.9340196020543954,77.21829107406532,-98.67346646781476
770758000,0.5096266909894616,-0.3816380193138642,4.504854842760943,3.9215167131163478,77.00235367059652,-98.84087451832274
770764000,0.5096529882547923,-0.3813846445703992,4.502873867799059,3.923301179231347,77.06765429506952,-98.83133986528897
770770000,0.5094135552173564,-0.38028292542755954,4.490013779437329,3.9349258565342344,77.3290864055277,-98.700398238206
770776000,0.5097750921175737,-0.3805794410599581,4.497061962226712,3.9285460988510144,77.27786299727144,-98.8104381885569
770782000,0.5088352787612659,-0.3810359429392887,4.489829551932963,3.9350928951741664,77.10276895364727,-98.60383151359814
770788000,0.5090504531910106,-0.38065888555825034,4.489021532703081,3.935825694681476,77.21119956912804,-98.63350271581471
770794000,0.5091945625902753,-0.3808275960478282,4.4922841685900075,3.93286848356564,77.17814604716516,-98.68054413694207
770800000,0.5090272058649986,-0.38069330039615423,4.4890515636262736,3.9357984544154467,77.20106362119877,-98.62989009232184
770806000,0.5099258038823051,-0.3810167012407029,4.502845759719079,3.923326510927903,77.1775575810642,-98.8764024820221
770812000,0.5091091136377727,-0.38133950726060156,4.49588123443891,3.929613383105211,77.04423211062975,-98.69196234704613
770818000,0.5092796184458732,-0.38144444141306727,4.498893931090249,3.9268913108986814,77.02881418093736,-98.74143583593421
770824000,0.5098464410102904,-0.3811820757997576,4.503382351601975,3.9228429784927337,77.1309026098546,-98.86701925618087
770830000,0.5098750455667712,-0.3815451877478657,4.507025227577164,3.9195635203262476,77.041464275461,-98.89735035996424
770836000,0.5094530123105278,-0.3820768899072029,4.506737469388576,3.9198223685580165,76.88120984755038,-98.82514675006661
770842000,0.5094556567942828,-0.3813311945108542,4.499998436798081,3.9258943135603315,77.06847811213335,-98.7783779678726
770848000,0.5088678439458306,-0.38167165787777735,4.495974159226808,3.929529365087909,76.94556861389428,-98.65272521019416
770854000,0.5090628280230491,-0.38171948194241406,4.498764841005462,3.92700786946004,76.946022529015,-98.70462601006854
770860000,0.5090908475436218,-0.38194980228008324,4.501194102001208,3.9248156100151705,76.89009290176075,-98.72630333457785
770866000,0.5092123439135338,-0.3810855950107304,4.494831160913095,3.9305630618791794,77.11454022721826,-98.7015863098043
770872000,0.5098981652459527,-0.3803660156807861,4.496623677764471,3.92894220441982,77.33949178362431,-98.82765518080605
770878000,0.5098543148848478,-0.3813583115533165,4.505076671727117,3.9213169919208952,77.08710735448186,-98.88024347192611
770884000,0.5096146939363211,-0.38114076206205033,4.50019893134985,3.9257133895909426,77.12646905306599,-98.80614018000647
770890000,0.5097534087475906,-0.38124726914726154,4.502845353852493,3.923326876707341,77.10857563226777,-98.84780069801673
770896000,0.5088915624837801,-0.38131691102316884,4.493048612266928,3.9321762550718793,77.03596336312866,-98.63597820365446
770902000,0.5089466286361259,-0.38121683105567666,4.492808215596478,3.932393915323587,77.06457863444258,-98.64336308680647
770908000,0.5090232252224623,-0.3818786322023362,4.499729719783839,3.926136827291515,76.90362395970423,-98.70483662126296
770914000,0.5099435445504322,-0.3810701277413018,4.503545219495955,3.9226962393296727,77.16525564011403,-98.88428092754815
770920000,0.509021586477589,-0.3810570117023778,4.492268290099181,3.932882864680854,77.1094633166045,-98.65189775457905
770926000,0.5091484687108097,-0.38132372120097086,4.496214048442841,3.929312485962071,77.0507097357332,-98.70082159142918
770932000,0.5095954498537254,-0.38179674332341235,4.505917964957783,3.9205597310672724,76.96052522328159,-98.84311849557804
770938000,0.5094824930077582,-0.3817039924748664,4.503705656959716,3.9225517008273036,76.97662382180539,-98.80887750766645
770944000,0.5100404195895576,-0.3814439950567921,4.508114253534905,3.9185842192735048,77.07741790943783,-98.93248322294549
770950000,0.5095005621135165,-0.381536408078697,4.5024033927096605,3.9237252268332785,77.01983162014642,-98.80274383174176
770956000,0.5102881187674473,-0.3818185501374919,4.514534002900946,3.9128213900626676,76.99893771189205,-99.0185293117878
770962000,0.5102105401148811,-0.3820165547428483,4.515393858520283,3.9120508303629298,76.94424978231903,-99.01153233806143
770968000,0.5100807090101186,-0.3812857824309602,4.50716673098436,3.9194362459718035,77.11977079046869,-98.93254288957817
770974000,0.5094394115965076,-0.38155062786010774,4.501791538962547,3.9242768410122664,77.01236600946632,-98.7883028977643
770980000,0.5097046316218065,-0.3820296476702072,4.509361472633336,3.917463274969719,76.90898974492774,-98.88528378069218
770986000,0.509447332070319,-0.38156186074703763,4.501989408694427,3.9240984351303414,77.0100518687645,-98.79100633404451
770992000,0.5090692898068668,-0.3820421806188896,4.501772205421431,3.924294273655844,76.86558074946267,-98.72676960041699
770998000,0.5089377039506396,-0.3832024952859176,4.510746896794324,3.916218882480997,76.56690631097655,-98.76700921487563
771004000,0.5090439924299588,-0.3815049327359769,4.49659227394065,3.9289705891733355,76.99859343047677,-98.68621444121064
771010000,0.508545599655966,-0.3819194535170185,4.4943286320005225,3.9310177105133293,76.86298859810356,-98.58787151566021
771016000,0.5093483402744508,-0.38104583656394503,4.496115720926139,3.9294013789929756,77.13324373104771,-98.73316894450615
771022000,0.5095228494753091,-0.38024207544436966,4.490965661881551,3.9340630167152044,77.34642807055945,-98.72523125323256
771028000,0.5089398361634212,-0.38118516609096026,4.492439862017305,3.932727478027362,77.07208072116867,-98.63962862876899
771034000,0.5088580920589235,-0.3809723989994205,4.489530830626648,3.9353637757287667,77.12016578050022,-98.60546154903032
771040000,0.5093375033963436,-0.3815193196881019,4.500273411075652,3.9256461842659625,77.01372406528344,-98.76073662010981
771046000,0.509184545750262,-0.381186849556556,4.495411240209219,3.9300383847256826,77.08735278055137,-98.70110487648087
771052000,0.5093992977433647,-0.38109217011421426,4.49715139478605,3.9284652829319255,77.1248787567746,-98.74893308975156
771058000,0.5093527269262778,-0.3811698444281413,4.497291097215318,3.9283390473064057,77.10239565819367,-98.74221877556069
771064000,0.50948095808856,-0.38192292441298614,4.505676252102219,3.920777270038416,76.92159824474936,-98.82239797238394
771070000,0.5094962293051346,-0.3815268881539675,4.5022645111203605,3.9238504211115472,77.02194499527117,-98.80104964872504
771076000,0.5092185012344173,-0.38120079943146906,4.495947976201781,3.9295530381200834,77.08602891343165,-98.710517695188
771082000,0.5091518288493937,-0.38207077707400783,4.5030314264275715,3.9231591896586346,76.86365402094299,-98.74926244628404
771088000,0.5092728641250646,-0.3820361772334163,4.504183194078563,3.9221215505676907,76.8800013158249,-98.77740016077311
771094000,0.5094144540686398,-0.3817225661948277,4.5030497426325296,3.9231426840359624,76.96763620955913,-98.79298792954118
771100000,0.5094745603050859,-0.3816596660406065,4.5032070320493585,3.9230009487103294,76.98724212114011,-98.80406702151005
771106000,0.5094053722686491,-0.3817298610096769,4.503005934056898,3.9231821623081666,76.96522853479561,-98.79117361266651
771112000,0.5099969153224854,-0.38126661536814993,4.505975213908744,3.9205082112225034,77.1192502961292,-98.91024735168548
771118000,0.509123929699216,-0.38189436447600084,4.501091143514117,3.9249084732371293,76.90608655826546,-98.7310692179564
771124000,0.5081122591176104,-0.3812119236929647,4.48271118454292,3.941558166245027,77.01216671562325,-98.43415149809793
771130000,0.509560364705115,-0.381636553970443,4.504037267220344,3.9222529866641924,76.99850234611088,-98.82413105872904
771136000,0.5088359892282956,-0.381066779279731,4.490116673047149,3.934832569420004,77.09508546808608,-98.60599274265032
771142000,0.509072572616665,-0.38161276655634935,4.497915055276842,3.9277753372246837,76.97338941038547,-98.70026343852777
771148000,0.5090326868209011,-0.38139598329567914,4.495468885237034,3.9299862530336904,77.0251813399399,-98.6764141725775
771154000,0.5093112734735188,-0.3809421909387102,4.494730096950693,3.9306544880110965,77.15688440712894,-98.71721015864395
771160000,0.5092078571164688,-0.3821264951016635,4.504216614350823,3.9220914502406417,76.85324512960138,-98.76683369226225
771166000,0.5091858503926137,-0.38133516669795153,4.496769662900462,3.928810259337016,77.05023110476192,-98.71092978086087
771172000,0.5091468102159925,-0.3815168791102846,4.497943746775497,3.927749420068998,77.00216599982657,-98.71275367248066
771178000,0.5090251001221751,-0.381060455537961,4.492341843006999,3.932816248869244,77.1088253598342,-98.65300019729418
771184000,0.509747266184203,-0.38136757907502183,4.503862169905831,3.922410708369814,77.07795391771678,-98.85393450476103
771190000,0.509752882218296,-0.38158066936547086,4.505864791496134,3.92060758450488,77.02478124867174,-98.86891589325643
771196000,0.5097372943673472,-0.3806095476633819,4.496876499640301,3.928713703282706,77.26785842043877,-98.80286929633493
771202000,0.5097476735153086,-0.38108632023577493,4.501316922168312,3.9247048384315937,77.14865755620085,-98.83607157655024
771208000,0.509613237216662,-0.38160238724610107,4.504368107023288,3.921955012630244,77.0104436199897,-98.83523000393106
771214000,0.5088779375664493,-0.38170029822019275,4.49635568056501,3.929184450574146,76.93903920869806,-98.65708105569068
771220000,0.5094024421095031,-0.3818621833931315,4.504172299957139,3.9221313625766636,76.93185087365451,-98.79884833744701
771226000,0.5097365019673896,-0.3819365821654915,4.508901557283967,3.9178765502441792,76.93436829851463,-98.8873921509972
771232000,0.508763690235691,-0.38128935034020783,4.491256041052787,3.9337998772943665,77.03466953764269,-98.60217100387067
771238000,0.5088380378676963,-0.3819544451509129,4.498178259595657,3.9275375966570367,76.8728558264997,-98.66328215145649
771244000,0.5086106551343542,-0.3814419725231095,4.490790277228378,3.934221966312389,76.98663490190388,-98.57363210490033
771250000,0.5081688101681768,-0.38175373768213866,4.488285770342168,3.9364932053188655,76.88035582983906,-98.4830793123213
771256000,0.5085772323225336,-0.3815068261175843,4.490973837068536,3.934055607932442,76.96825890737159,-98.56942058740546
771262000,0.5085076318666488,-0.38226177543396717,4.496975527542611,3.9286242089473813,76.77496790994803,-98.60015629111967
771268000,0.5086712295459388,-0.3819473033015124,4.496097924497114,3.9294174682989373,76.86402548438237,-98.62107682998939
771274000,0.5089968950789698,-0.3818115443817174,4.498802487543657,3.926973876762868,76.91875499789144,-98.69397030502196
771280000,0.509072610332781,-0.3823379165720329,4.504501021807017,3.9218353146221716,76.79172335160627,-98.74634083401135
771286000,0.5084228687941241,-0.38180514667318366,4.491812437797931,3.9332957747560653,76.8837469985968,-98.54988069604347
771292000,0.5087034034123219,-0.3821423033588542,4.4982560123068245,3.927467371746562,76.81728107123197,-98.64152984340713
771298000,0.5095729779446485,-0.381464383461369,4.502627458609662,3.9235232606097075,77.0425280170188,-98.81633238781069
771304000,0.5088926804784432,-0.381025361361208,4.490426440360408,3.9345517501873575,77.10911353853548,-98.6175403891479
771310000,0.5090185459529303,-0.38082687267968307,4.490152623241912,3.9347999767175317,77.16699319131376,-98.63632918502007
771316000,0.509063585552088,-0.3813042370486338,4.495011717593057,3.930399734513382,77.05016141952714,-98.6782879437812
771322000,0.5080147118005849,-0.38367551320929544,4.503890019277702,3.9223856217401583,76.39105197108447,-98.56626385627402
771328000,0.5089807553843018,-0.3823457327754609,4.50345967057199,3.922773314991991,76.78395518442105,-98.7238377736058
771334000,0.5100898967527291,-0.38211036898097406,4.514780549987505,3.9126004153039116,76.91306005096781,-98.98713229864377
771340000,0.5094085762618576,-0.3812260127886167,4.498475507207676,3.9272691415104366,77.09187173498869,-98.7598338963892
771346000,0.5096594347025074,-0.38190115823257265,4.507643675260854,3.9190073233292133,76.93837725675071,-98.8658021167482
771352000,0.5092514843516226,-0.38155928794816296,4.499594623079535,3.926258761881212,76.99821152426452,-98.7417090724496
771358000,0.5090010517939315,-0.38180887429899046,4.498828536201341,3.9269503566469,76.91968861419578,-98.69484163503051
771364000,0.5086348457527368,-0.381727985124632,4.4936708729896,3.9316129607903987,76.91658996331441,-98.59798511720562
771370000,0.5092857641645467,-0.3817672363019831,4.501896364832838,3.9241823244925373,76.9482461475719,-98.76355227932213
771376000,0.5094599242612111,-0.38189702412790244,4.505185760160297,3.9212187829746354,76.92676083301085,-98.81547837109346
771382000,0.5084641338309454,-0.38158830181118497,4.490347268292267,3.93462351966446,76.9406272693957,-98.54633552603379
771388000,0.5090859365931114,-0.381414152814198,4.4962770106008145,3.929255567146023,77.0240324221104,-98.69092642629438
771394000,0.5091806800410613,-0.38115646907963624,4.495089617793992,3.930329272069292,77.09472672602625,-98.69818751549168
771400000,0.509478486309336,-0.38107730930583444,4.497975107055121,3.9277210925897075,77.1336852354084,-98.76786509754753
771406000,0.5091537380645682,-0.38139430817257175,4.496916994152015,3.928677106738185,77.0333442899453,-98.70665871890681
771412000,0.5102195582240697,-0.3818256101218188,4.513763771220181,3.913511895397125,76.99282586551385,-99.00173441261465
771418000,0.5091501483414063,-0.38236019482127104,4.505643229179606,3.9208069922198225,76.79104705869247,-98.76716737540002
771424000,0.5088702476196737,-0.38211326043168725,4.5000094480234925,3.9258843767174834,76.83514521631149,-98.68143935698717
771430000,0.5093279173827439,-0.3816017087326736,4.5009046377945605,3.9250767031151916,76.99244459949223,-98.76358483004783
771436000,0.508680946355675,-0.3820652896438554,4.497285634544577,3.9283439832406453,76.83512206595849,-98.6310164234436
771442000,0.5087597902430219,-0.3818817414460692,4.496573142204129,3.928987881846014,76.88607467963381,-98.63906537269413
771448000,0.508607392474135,-0.38200223013410756,4.495825132885967,3.9296641091356688,76.8462182929641,-98.60860242884219
771454000,0.5089200853401742,-0.3818264364374606,4.498008805905771,3.9276906531618696,76.91013298715836,-98.67567860081961
771460000,0.5090029416427581,-0.3815727065096701,4.496710119646582,3.928864074957527,76.97898483610881,-98.6802549813072
771466000,0.5085903340884468,-0.381902696450645,4.4947167026477315,3.930666605308782,76.87003220974913,-98.59799422098476
771472000,0.5087958252975374,-0.3805670926335522,4.485124272832311,3.939364054568994,77.2177733996004,-98.56369438090864
771478000,0.5087945829100933,-0.38134318345904655,4.492115647979017,3.9330211177796714,77.02316432609446,-98.61336249939697
771484000,0.5081118284463818,-0.3813867754816387,4.4842838479907,3.9401279327183873,76.96842293825594,-98.44529755506005
771490000,0.5089582372684516,-0.38126264509712354,4.493362777291104,3.9318918403217467,77.05383850065851,-98.64921115271076
771496000,0.5093581999406387,-0.3812559191955359,4.498136742962956,3.9275750948110626,77.08114166467126,-98.74910264865424
771502000,0.508866201320345,-0.38163018056110587,4.495578484821106,3.92988713974755,76.95585284675086,-98.64966568264353
771508000,0.5083988678735928,-0.3813194588568907,4.48713057726288,3.937541703645364,77.0037084575308,-98.51276210932572
771514000,0.5086282066449409,-0.38200647637626595,4.496115000123603,3.9294020306499,76.84648099997632,-98.61407981250584
771520000,0.5087749561255807,-0.38123973522229415,4.4909433917160415,3.9340831992499323,77.04782257900573,-98.60180958724006
771526000,0.5090378737231944,-0.38243324811364593,4.504947705354333,3.921433102815357,76.76565855411381,-98.74367075472199
771532000,0.5087412557393087,-0.3819440236852998,4.496914087635556,3.9286797334527472,76.86930502588932,-98.63839251690068
771538000,0.5090435233780766,-0.38237013790604824,4.504441842652813,3.9218886082040587,76.78181589534266,-98.74109566989802
771544000,0.5088510315154653,-0.38203372176851425,4.499054858323787,3.9267460156587424,76.85383554589514,-98.67157629128839
771550000,0.5095947178700357,-0.381887798794484,4.506736824100666,3.919822949055405,76.93762676961839,-98.84871276406548
771556000,0.5090155541717473,-0.38184083823155346,4.499293950756901,3.9265301681441773,76.91260409024791,-98.70050984246673
771562000,0.5083510776161396,-0.38154672044050647,4.488608780459124,3.93620013032245,76.94378666313564,-98.51539030487807
771568000,0.508661034159166,-0.381817992882978,4.494802505095171,3.930588984533754,76.89573521983988,-98.61028392921007
771574000,0.5088626467715636,-0.38184438792221453,4.497477300410622,3.928170806245303,76.90197873827451,-98.66243746053706
771580000,0.5091719017887278,-0.38152959537016035,4.498362505597599,3.927371192983575,77.00057945413377,-98.71985704871935
771586000,0.509314303497888,-0.3811639160746843,4.496772644029477,3.9288075650106142,77.10142228710797,-98.73219497321887
771592000,0.5092829811763536,-0.3816530199709413,4.5008260796796975,3.9251475676486787,76.97671160436879,-98.75558334202084
771598000,0.5090962250111621,-0.3817983552738482,4.499884403487957,3.925997223469404,76.92838374952191,-98.71801893199378
771604000,0.5088243412733461,-0.3816825531344647,4.49554733824404,3.9299153057570657,76.94006304371115,-98.64252533030577
771610000,0.5082767206490313,-0.381371455711087,4.486129553388426,3.938450731506947,76.98285194910191,-98.48554488226516
771616000,0.508258754383008,-0.3817941046183169,4.489734365208868,3.935179206401953,76.87602001457404,-98.50814201729453
771622000,0.50860167334506,-0.38086301023643104,4.485453277239477,3.939065098237813,77.13105426913107,-98.53414917603602
771628000,0.5084751874760927,-0.3814590517052345,4.489311554807961,3.9355626392362386,76.9736759830307,-98.54081990959256
771634000,0.5084969222794137,-0.38159957191214944,4.490844532440628,3.934172793886419,76.93990645156298,-98.5552607017904
771640000,0.5087893732472065,-0.3821577875225255,4.499435830527039,3.9264020935430337,76.81886611205746,-98.66402445297595
771646000,0.5090376316493563,-0.3815411769227301,4.496843763327224,3.9287432889330374,76.98910240941557,-98.68693552302072
771652000,0.508838934259323,-0.3819777669363469,4.498400728886943,3.9273366730223334,76.86707423312805,-98.66499014989944
771658000,0.5090866612749152,-0.3813604084782432,4.49579909188509,3.929687655400001,77.03755418496509,-98.68766997016958
771664000,0.5091481113360891,-0.381895129312977,4.50139080610615,3.9246382055260867,76.90743209179088,-98.7371777694367
771670000,0.5086031836652689,-0.381324732053655,4.489640140582177,3.9352646490338854,77.01550889379047,-98.56424235070902
771676000,0.5089148908153075,-0.3819278145026639,4.498865773601365,3.926916734376728,76.88441320300679,-98.68083092466915
771682000,0.5093576400163381,-0.38149477349893957,4.500294613434283,3.92562705315991,77.02116708345535,-98.76422281942263
771688000,0.5094194256692312,-0.3821893429503263,4.507353274090315,3.9192684737857073,76.85088670536403,-98.82384174857587
771694000,0.5090382349377529,-0.3821890695707466,4.502731085190447,3.9234298618952455,76.82682055818523,-98.72830838385816
771700000,0.5085919871361462,-0.38138383036569246,4.490039404012425,3.9349026239355114,76.99999410145007,-98.56523080394022
771706000,0.5083213807191796,-0.3816083988146754,4.488808771569516,3.936018695732069,76.92645824191153,-98.51191529898409
771712000,0.5090738707681225,-0.38201981858589024,4.501624519255363,3.9244274443336185,76.87147340439641,-98.72649746613845
771718000,0.5090327200504011,-0.38215829447456773,4.502384588181145,3.923742177628149,76.83417800577809,-98.72497644394497
771724000,0.5087968541493672,-0.3809624097111646,4.488702131372332,3.93611543901761,77.11872739484231,-98.58946775247605
771730000,0.5088204987417205,-0.38147963614140495,4.49366318236157,3.9316199216402326,76.99064126130594,-98.62859402239779
771736000,0.5083959696694469,-0.3809322512284016,4.483601465671697,3.940748384688283,77.10043694829021,-98.48710057619031
771742000,0.509156296048339,-0.38175787441190373,4.500243994235146,3.925672727697484,76.94235373647884,-98.7304976006266
771748000,0.5086489882485098,-0.38199630343344887,4.496273713378402,3.9292585478471613,76.85034895226597,-98.61863154871526
771754000,0.5088804430610899,-0.38200943549332705,4.499190034449068,3.926623978590429,76.86178514897883,-98.6773958514247
771760000,0.5086837691847573,-0.3821607132075057,4.498185871218218,3.9275307218577766,76.81142813761352,-98.63778719363496
771766000,0.5088335462328352,-0.38186025322144246,4.497269484139497,3.9283585764212017,76.89615251788227,-98.65616139223532
771772000,0.5082913007629146,-0.38237510165474214,4.495392828945079,3.930055035380073,76.73291244036349,-98.55329050019506
771778000,0.5080958761482399,-0.3823743928610902,4.493029474273145,3.9321935821201754,76.72067657372737,-98.50444307807403
771784000,0.5083936563213161,-0.3821623193812687,4.494697128920873,3.93068431302423,76.79258553162506,-98.56534438616674
771790000,0.5081776064685207,-0.3819680255420122,4.490331203341154,3.9346380828670897,76.82737192736568,-98.49897336298822
771796000,0.5085775532519323,-0.38217101555105043,4.496996143967647,3.928605577818474,76.80210325143233,-98.61187435431205
771802000,0.5081730255390141,-0.38195615915630526,4.490168558300288,3.93478553005583,76.83004428362473,-98.4970713192149
771808000,0.5088741014103342,-0.3821324784955906,4.500230608852751,3.9256848057293077,76.83057912977449,-98.68362407901668
771814000,0.5091923958289428,-0.3819420855662443,4.502353440011236,3.9237702555669363,76.89847778812127,-98.75125986166394
771820000,0.5095145687549533,-0.38148613926065766,4.502117020886757,3.9239833845152274,77.03334243883191,-98.80305566131214
771826000,0.5101792687088678,-0.38142806797810314,4.509656851970227,3.917197896842982,77.09025337612493,-98.96639057380082
771832000,0.5091150347229996,-0.38138012944138616,4.4963206409980065,3.9292161255402176,77.03442453601892,-98.69604632466195
771838000,0.51013167110122,-0.38253143195426625,4.519132322777508,3.908704189800665,76.80991734112234,-99.02411812486227
771844000,0.5096830809211366,-0.38252298147435454,4.513595375459415,3.913662893600389,76.78385384346866,-98.91100202318731
771850000,0.5106147939145119,-0.38301194033430924,4.529429013118066,3.899516710713931,76.71937893311535,-99.17552594479689
771856000,0.5168194941909671,-0.3825515230417901,4.602229393679204,3.8357904432191825,77.21668471803767,-100.72206123822207
771862000,0.50897571764022,-0.38299548073810213,4.509318065039422,3.917502276804789,76.62105674897151,-98.76353215787749
771868000,0.5093595751285207,-0.3832620955898993,4.516414941927162,3.9111361871011026,76.57838426797339,-98.87627344125725
771874000,0.5092496955785699,-0.38221492263448514,4.505527875711617,3.920910819355334,76.83373659074336,-98.78291746680925
771880000,0.5089171587368131,-0.3822838994648494,4.502127532372075,3.9239739080396516,76.79540676170056,-98.70400359827889
771886000,0.5094361336152767,-0.3825477521186888,4.510820998113784,3.916152347083588,76.76210084512643,-98.85064933444467
771892000,0.509219335374757,-0.3816715035620348,4.50022331101844,3.925691390815829,76.96802181948141,-98.74080069788917
771898000,0.5091901104732368,-0.38233746620851516,4.505920713731738,3.920557257341437,76.79926609523753,-98.77574016020078
771904000,0.5092043973380131,-0.38155974041733004,4.4990289213678105,3.926769432436691,76.9950941897374,-98.72992934429895
771910000,0.5089484219632227,-0.38119220226022854,4.49260714295589,3.932575989585697,77.07086779277083,-98.64223251394756
771916000,0.5093205893773757,-0.38128187604463687,4.4979167653334455,3.9277737925133587,77.0722211493655,-98.7413244250667
771922000,0.5093984754370813,-0.38167846857971827,4.502455794333393,3.9236779917006626,76.97768237672442,-98.78617355811855
771928000,0.5096282933384931,-0.3820696839560414,4.508798959977,3.9179687552419136,76.89411233714252,-98.86865970838082
771934000,0.5094980149974684,-0.38233749488406554,4.509656018230311,3.9171986458498043,76.81870692831171,-98.85290619396153
771940000,0.5091154852268575,-0.38214283583179,4.503246234256639,3.92296562476604,76.84329679610855,-98.74472647873054
771946000,0.5091330833415375,-0.38251601288199377,4.506855031794718,3.9197166129936294,76.75094886480848,-98.77273440799149
771952000,0.5091846917299107,-0.3818517568893821,4.501439850821592,3.92459397537123,76.92062815833317,-98.74358853757249
771958000,0.5102900198451351,-0.3815831126929739,4.5124137179513655,3.9147228033016,77.05828131221888,-99.00409720300928
771964000,0.509694503950189,-0.38212882796545866,4.510141430222009,3.9167626156163706,76.88345818076812,-98.8890142032906
771970000,0.5096501898143798,-0.3818526752806936,4.507090580643932,3.919504737874578,76.9499603595771,-98.86040737271223
771976000,0.5096313210252321,-0.38216178954369984,4.5096742400930685,3.917182275943658,76.87119425252264,-98.87524370125044
771982000,0.5089812346315932,-0.38160835643270746,4.496770794557571,3.928809236551713,76.96866527966529,-98.67709157607108
771988000,0.5085258351167108,-0.3819013653693768,4.49392616678387,3.9313819065323132,76.8662530198992,-98.58177440334404
771994000,0.5093185366804972,-0.3820979733693471,4.505298592239173,3.921117209002655,76.86740614229572,-98.79276556659424
772000000,0.5088267484498232,-0.38264318670085257,4.50430189570712,3.922014642800515,76.69979333504874,-98.70409783727779
772006000,0.5088374406008105,-0.38220650895297376,4.500459683029705,3.9254781156527354,76.80972336883887,-98.67914551423404
772012000,0.5088771397439767,-0.38179893272987214,4.497240242315716,3.928384999024432,76.91428512387733,-98.66317072516435
772018000,0.5087219812615166,-0.3822768546304895,4.499702558170731,3.9261613420018877,76.78479902793191,-98.65471757073746
772024000,0.5082456349851363,-0.38175744173783105,4.489244542860045,3.9356234171427733,76.88434552029905,-98.5025179002616
772030000,0.5078002269928448,-0.3814258180729131,4.480891192706797,3.9432146474506857,76.93862185495466,-98.36995127051874
772036000,0.5080455407832101,-0.38204960347947925,4.489479209652981,3.9354105894840434,76.79856636797035,-98.4711919875127
772042000,0.5087621567671218,-0.3821958668900812,4.499452607413437,3.9263869496410604,76.80760986605398,-98.65963107007627
772048000,0.5082220990165729,-0.3810900708056537,4.482932960805307,3.9413564114234974,77.04972306108617,-98.45376919208023
772054000,0.5080628208853355,-0.3823830104018863,4.492709213170181,3.9324835613479587,76.71642458011729,-98.4967389240868
772060000,0.5084965821909666,-0.38168549308558825,4.491618033868184,3.933471892257323,76.91838742591808,-98.56067227819575
772066000,0.5084113411240845,-0.3820312511407543,4.493721981510356,3.9315667026903807,76.8264751838076,-98.56142145962687
772072000,0.5079701677239036,-0.38206207544991827,4.488684646763989,3.9361313014008408,76.79064188636937,-98.45316809886246
772078000,0.5078111115368611,-0.3822121525664652,4.48812936711184,3.936635129753532,76.74303915785848,-98.42304642553678
772084000,0.5080998217644834,-0.3828286656186215,4.497202807739849,3.928418825039537,76.6075504723971,-98.5342184230387
772090000,0.5081774832659803,-0.38231021567470674,4.493431155028193,3.9318299432498707,76.74188815792432,-98.52074060871067
772096000,0.5083559663675078,-0.38250980181136796,4.497396628467407,3.9282436943515826,76.70336548204291,-98.57798712878865
772102000,0.5089451986653526,-0.38244012119369125,4.503887814971416,3.9223876073606783,76.75808062159047,-98.72090769389311
772108000,0.5089096673013213,-0.3821206083143888,4.500553011809401,3.92539391288822,76.83580818983096,-98.69177410845772
772114000,0.5083793593618252,-0.3819758861668118,4.4928344011733925,3.932370205156714,76.83827820859172,-98.54989744878769
772120000,0.5085128488179006,-0.3824703730072418,4.498933279460038,3.9268557837027354,76.72315605169148,-98.61468941186557
772126000,0.5080263552762619,-0.3823723045933996,4.492172643386742,3.932969493966723,76.71677894879898,-98.48695619561664
772132000,0.5085961054178738,-0.3824418802143965,4.49968048415565,3.926181265130646,76.7355515789387,-98.63369657880793
772138000,0.5082767758552,-0.3827863924663618,4.498954658605164,3.92683648098964,76.62928288016398,-98.5757108759757
772144000,0.5085389167244564,-0.38196384932231514,4.494650416909858,3.930726572520288,76.85145782779763,-98.58902926986659
772150000,0.5087747137928147,-0.38239021785257676,4.5013705847001075,3.924656442157492,76.759781509001,-98.6750923195104
772156000,0.508424000172848,-0.3824128904562677,4.497337792358128,3.9282968552444886,76.73189074863787,-98.58884215505927
772162000,0.5087087834423784,-0.38223248289334455,4.499139933098617,3.9266692092130113,76.79506188609761,-98.64860125716103
772168000,0.508696736338055,-0.38317568361276405,4.507581042496463,3.9190636444029163,76.5585002399362,-98.70510422623911
772174000,0.5086815643117714,-0.38246973469653855,4.500966928240367,3.925020514927823,76.73399720880361,-98.65682776911174
772180000,0.5085211230797646,-0.382580307594197,4.500032641620699,3.925863446323353,76.6962049101078,-98.62371573172031
772186000,0.50851703667153,-0.38225170955286975,4.496997726174183,3.928604147980817,76.77808165645634,-98.60186835128607
772192000,0.5087337296560911,-0.382403109422318,4.500992056736179,3.92499784859808,76.75396187865698,-98.66565665105482
772198000,0.5089181231608175,-0.38183442320412975,4.498057528881617,3.9276466436217943,76.90800767556628,-98.67569583850454
772204000,0.5090679104524541,-0.38134965591303527,4.495475119234892,3.9299806153575503,77.03905018032233,-98.68228030975517
772210000,0.5089175759247733,-0.3818818657220446,4.4984813049461865,3.927263905732664,76.89609101505278,-98.67857942771633
772216000,0.5087660262946885,-0.3824621428274737,4.501919525172319,3.9241614425364437,76.74124000441144,-98.6774710858607
772222000,0.5091516161855667,-0.38345838619210354,4.515683314397587,3.9117915038746585,76.51629225756118,-98.83649382542062
772228000,0.5091594937893763,-0.38315314583974264,4.512987783747953,3.914207811393778,76.5931382301735,-98.81938947761306
772234000,0.5091072266633752,-0.38306137518646943,4.511514991089434,3.9155293240237006,76.61282409764515,-98.80056327866899
772240000,0.5086603809219974,-0.38289942808032024,4.504621787895736,3.9217265637098326,76.62524362039959,-98.67865622919577
772246000,0.5091066175975185,-0.382713000343392,4.508329070795551,3.9183911047030895,76.69996543893264,-98.77852432889685
772252000,0.5088906319607195,-0.3825304128884223,4.504048776727914,3.922242619743028,76.73203801704877,-98.7129588311486
772258000,0.5092356706020555,-0.3827862940320038,4.510563093857253,3.916383928622518,76.68973538654149,-98.81544235295547
772264000,0.5090471489693291,-0.38206928117042416,4.501750399032499,3.9243139362028128,76.85738706454805,-98.7229437310717
772270000,0.5088349358219105,-0.3830293063944991,4.5079200285637535,3.918758838628049,76.60375785706837,-98.7304535595943
772276000,0.5088837307996024,-0.3819461277188195,4.498655191263185,3.927106880392956,76.87784519254751,-98.67419326894114
772282000,0.5084790922756883,-0.38265963099961003,4.500246038366565,3.9256708832230753,76.67372630255078,-98.61822885358839
772288000,0.5089557556098941,-0.38275653704050044,4.506897070745606,3.9196787974407563,76.67957169302153,-98.74351390721993
772294000,0.5091499104297191,-0.38210293877183327,4.503300504759388,3.9229167242960514,76.85547431813428,-98.75082141410844
772300000,0.5096138201387144,-0.38197796453346705,4.507788676399101,3.9188769407053696,76.91621093113487,-98.85922138239755
772306000,0.5086947325961534,-0.38132418400197515,4.4907391489217225,3.9342683059145385,77.02152040723786,-98.58713275338472
772312000,0.508853989491241,-0.38182401872388166,4.497187937512221,3.9284322619942014,76.90652784007507,-98.65897192567644
772318000,0.508376294388115,-0.3819533854746125,4.492593551179779,3.932588297759544,76.84370794752388,-98.54769638581585
772324000,0.5077631674640581,-0.38147754667305367,4.480912804497798,3.943194968985238,76.92331944648437,-98.36402584625715
772330000,0.508231721163702,-0.3812392627547213,4.484394572293252,3.940027276057453,77.01302267226622,-98.46578807077249
772336000,0.5073982900740123,-0.3826011248656683,4.486688894417075,3.937942742374425,76.61978900730563,-98.3449158382488
772342000,0.5084068785156187,-0.38180063301124806,4.491578757248402,3.9335074763054094,76.88385435144374,-98.54559348594827
772348000,0.5079894520521118,-0.3817356612778191,4.485963620743255,3.9386014558713995,76.87338722090553,-98.4371098776909
772354000,0.5082224637752734,-0.38179113131709325,4.489270268993108,3.935600084055321,76.8744426401838,-98.49888094255306
772360000,0.5079520798250337,-0.3812784125020645,4.481385724723463,3.94276440478438,76.98522598974667,-98.39839452907373
772366000,0.5084481268332873,-0.38236715294080625,4.497213747657567,3.9284089396299398,76.74485096987303,-98.59197057483414
772372000,0.5084093565402377,-0.3819935373787046,4.4933561881786925,3.9318978050398106,76.8357775215185,-98.55852214890456
772378000,0.5081707385326436,-0.3818414342426885,4.489102461957595,3.9357522867443375,76.85856401197717,-98.48917057879507
772384000,0.5082336059307709,-0.38159186308663856,4.487602121304288,3.9371136432610605,76.92496847514352,-98.48890810099681
772390000,0.508672136939447,-0.3816255484335466,4.493193255654653,3.932045303683909,76.94461317296458,-98.60077407587703
772396000,0.5081424833953933,-0.3811082962367607,4.482140022535683,3.9420778618231185,77.04002971231321,-98.43502974551
772402000,0.5084982570388283,-0.38197797306770503,4.494287733565822,3.931054716907311,76.84533471628598,-98.57975997421683
772408000,0.5085449322206995,-0.38200598700442595,4.49510508695324,3.9303152801804893,76.84130158691633,-98.5932179407203
772414000,0.5078822220321094,-0.38265507895063183,4.493001778313798,3.9322186576058105,76.6370761873674,-98.46894901186852
772420000,0.5089157532124897,-0.38226751033895107,4.501961533693401,3.9241235671531354,76.79942002283396,-98.70261349581625
772426000,0.5086980642813799,-0.38250874824661124,4.501521269889437,3.9245205511876327,76.72528523793632,-98.66342202917697
772432000,0.5077581244082505,-0.3827729071403082,4.492576542091113,3.9326037006266095,76.59983226895596,-98.44547618548017
772438000,0.5081263593032482,-0.3831081086073416,4.500065863832954,3.925833466289644,76.53951299630482,-98.55847005632927
772444000,0.5084861777061044,-0.38303872796652855,4.50378311430112,3.9224819231966146,76.57947987612306,-98.6439053374657
772450000,0.5081779966065048,-0.38342189354488254,4.503549546843528,3.922692340669544,76.46450141917178,-98.59107210694113
772456000,0.5082894096247234,-0.3834604276473213,4.50524849767535,3.9211623045937687,76.46187630450274,-98.62127462375176
772462000,0.5089004880085234,-0.3834508644877358,4.512565085459235,3.9145869987976734,76.50249665736074,-98.77324354572717
772468000,0.5085043432321037,-0.38282502525268386,4.502056342232362,3.9240380893769484,76.63400039637338,-98.6349802527015
772474000,0.5088140026203508,-0.3830288710950796,4.507662385793459,3.91899049863218,76.60255182425612,-98.72519322964371
772480000,0.5083936660865422,-0.38286158947205123,4.501051142956567,3.924944552873346,76.6178867532429,-98.6096435984339
772486000,0.509039974771765,-0.38262391086541747,4.506709273453069,3.9198477336267197,76.71806541375366,-98.75623120919181
772492000,0.5081374938821706,-0.38262657056730515,4.495820641907428,3.9296681698564924,76.66036725364484,-98.53083198304952
772498000,0.5085654073276702,-0.3820302830694469,4.495572610828414,3.929892451597878,76.83652832891244,-98.5998860144316
772504000,0.5085326783993395,-0.3814723557311232,4.490124839875592,3.9348251652669997,76.97403199025158,-98.55606053774942
772510000,0.5088354469762215,-0.38234891021775147,4.501729780087799,3.924332528230543,76.77396180961672,-98.68767166417881
772516000,0.5082691510215847,-0.38217670261072734,4.493325645673858,3.931925453530662,76.78106923949181,-98.53514599719193
772522000,0.5076578090220469,-0.38188292978085137,4.4833077853516565,3.9410154729095908,76.81537658392324,-98.36375683127106
772528000,0.5081150871691693,-0.3822004610473815,4.49168378155743,3.9334123272694943,76.76532715925823,-98.49817553105864
772534000,0.5079114946440099,-0.3825940271351634,4.492800302762807,3.9324010801878746,76.65416023893198,-98.4723778178482
772540000,0.5080240067909227,-0.3824393819512085,4.4927528129040235,3.932444081572971,76.69988806562571,-98.49063278279323
772546000,0.507476221748781,-0.3824359786632398,4.48612933351684,3.9384509312188056,76.66588871090093,-98.35381610285235
772552000,0.5083888961659374,-0.38239130569922175,4.496717902500509,3.9288570406730687,76.73505777751241,-98.57870142365047
772558000,0.5087432222936569,-0.3823948584751283,4.50103185734928,3.9249619483142784,76.75662674579623,-98.66750861240597
772564000,0.5082673360362816,-0.38253725120698173,4.496576049092129,3.92898525437655,76.69089347197611,-98.55758970956241
772570000,0.5095039275852584,-0.38249796536973496,4.511190321279688,3.9158207669771503,76.77884923553691,-98.86450598019472
772576000,0.5085986566279316,-0.3821202601419439,4.4967904083573735,3.9287915097962505,76.81613853558594,-98.61392627639555
772582000,0.5089006675483811,-0.3827810577242418,4.506453028422322,3.9200782670064243,76.66996869703635,-98.73127775942335
772588000,0.5086514707163481,-0.382259752595068,4.498694883754809,3.9270710384946157,76.78460403183877,-98.63599559508616
772594000,0.5084642997298442,-0.38254130419764787,4.4989913747339845,3.9268033313351944,76.70235584811572,-98.60704812369356
772600000,0.5085044882950134,-0.3819115841664903,4.493761183467285,3.931531221919755,76.8623358404124,-98.57708666311235
772606000,0.5083016745972684,-0.38187278183982665,4.490963810353276,3.9340646946710747,76.85909567929706,-98.52389822369072
772612000,0.5084343588557739,-0.38263931451429856,4.49952068671986,3.9263254980781825,76.67597390272574,-98.60576851291489
772618000,0.5082171320057133,-0.3819956766249357,4.491057904943709,3.933979422865907,76.82298538482863,-98.51061366016263
772624000,0.5079198094410008,-0.38159182807858133,4.483826473249964,3.9405437759560695,76.90484701540721,-98.41048978141256
772630000,0.5084076531263559,-0.3822600737321872,4.495752983954879,3.929729346879051,76.76904299740937,-98.57505722236976
772636000,0.5081232729191314,-0.3819365281919322,4.489391521750238,3.9354901140214387,76.83177164889987,-98.48338793237627
772642000,0.5079846086560842,-0.3827119331847625,4.4947521745484424,3.930634515444872,76.62938349005165,-98.49808970629796
772648000,0.5082698825189047,-0.381837520557616,4.490261422718695,3.9347013416831094,76.8658789075248,-98.51369872066945
772654000,0.5077083723157124,-0.382396742641482,4.488565439075135,3.9362394524443145,76.69045288534736,-98.40918224634113
772660000,0.5080087884640719,-0.3824513601527271,4.49267808211078,3.9325117511698107,76.69593199133537,-98.48759567195064
772666000,0.5076861347261223,-0.38186430122605763,4.4834797486563795,3.9408590760310225,76.82183912119608,-98.36963041712791
772672000,0.5080702291586644,-0.3822070518531754,4.491203005925913,3.9338479346551427,76.76082482231101,-98.48739396875972
772678000,0.5084745853095376,-0.3815456246250878,4.490087198034824,3.9348592920856778,76.95197448626708,-98.5462174590804
772684000,0.5083800824005436,-0.3822049726265725,4.494920259196364,3.930482463922798,76.78106171858238,-98.56466446747591
772690000,0.5088971178901252,-0.38174801010303866,4.4970199766659364,3.928584040357148,76.92831225754927,-98.6649282567553
772696000,0.5078168980454038,-0.38196589720781615,4.485970134092549,3.93859553927106,76.80485714075905,-98.40876461570821
772702000,0.5075907654443829,-0.3824150400457573,4.487316648580247,3.9373727796752727,76.67840285732852,-98.38102761280811
772708000,0.5080357713822501,-0.3813416554225336,4.482962056162913,3.941329944285325,76.97480913034705,-98.42338343739443
772714000,0.5078214176634884,-0.38135481687572853,4.480505282135459,3.9435660692635777,76.95771950878913,-98.370671971117
772720000,0.507949923938693,-0.3819294827785342,4.487240925673861,3.9374415225807065,76.82245347904403,-98.43964348035374
772726000,0.5080759751626277,-0.3821329308357564,4.490600551383721,3.9343939279172613,76.77969902840054,-98.48410631339675
772732000,0.5079813955312045,-0.3821529308211294,4.489642641715936,3.9352623809639278,76.76867626228811,-98.46176695340957
772738000,0.5076871950022578,-0.3819860757765452,4.484593326995741,3.939846606309309,76.79152562523886,-98.37769162946793
772744000,0.5078271937696812,-0.38172347202682183,4.483902351170445,3.9404747818852903,76.86603018018357,-98.3958091743428
772750000,0.5081809185969771,-0.381858671704523,4.4893810824148455,3.9354995817174956,76.85490735578473,-98.49281626872347
772756000,0.5078054937710977,-0.3820652872308507,4.486732212321788,3.937903406953846,76.77932509581923,-98.41227125591033
772762000,0.5075093237784564,-0.38167770826535763,4.479671767640155,3.944325310168542,76.85704254278028,-98.31354706351559
772768000,0.5081650548691358,-0.3831211423898233,4.5006519486950625,3.9253046544092807,76.53869859879289,-98.56894318640151
772774000,0.5079645150706202,-0.3824503945956473,4.4921358298620815,3.933002837802718,76.6933603298547,-98.47648621878538
772780000,0.5081252479552527,-0.3823107302239835,4.492806068310153,3.9323958596326634,76.73843853900782,-98.50772942476131
772786000,0.5080925363894291,-0.38229673188335295,4.4922848358441065,3.932867879237371,76.73985327102076,-98.49867157788272
772792000,0.5079356987012534,-0.38284043910103005,4.4953300508908205,3.9301118112504616,76.59423660228123,-98.49402405449504
772798000,0.5090822038972781,-0.3824976836852864,4.506071418701572,3.9204216370866622,76.75232687542835,-98.75883868228505
772804000,0.5086283000916961,-0.3829096986700664,4.5043270788955585,3.921991962505231,76.62065709095071,-98.67128624043575
772810000,0.5077839352245953,-0.3829309976326533,4.494323623371835,3.931022242464995,76.56206237210324,-98.46191596511518
772816000,0.5077711239835014,-0.3829212092522227,4.494080286773332,3.9312424332371605,76.56369175132244,-98.45810405324035
772822000,0.507368767117042,-0.3826769480564453,4.48702130209541,3.9376409154632426,76.59902995724892,-98.34238508880071
772828000,0.5070171810204561,-0.38213023442240407,4.477855867482313,3.945980427421511,76.71269853381256,-98.2199608806862
772834000,0.5071619138343211,-0.3819971013416803,4.47838825419083,3.9454950327718006,76.75512717373341,-98.24746203621261
772840000,0.5074038493684359,-0.3824115065804474,4.485038126730155,3.939442340545291,76.66737342800313,-98.33422580563499
772846000,0.5082835351952507,-0.38250955452073765,4.496519983572203,3.929035931345793,76.69883704361328,-98.55987989967335
772852000,0.5080845169309758,-0.3825227501431428,4.49423886132743,3.9310989392187383,76.6829220487363,-98.51102761783234
772858000,0.5081915404456108,-0.38264764657019595,4.496664266387056,3.9289055184847177,76.65852902330575,-98.5456575771873
772864000,0.5083168907311144,-0.3817167725779105,4.489735030614169,3.9351786030276776,76.8990713223002,-98.51773029240367
772870000,0.5082929009014991,-0.3823421901308477,4.495113410170595,3.9303077518538787,76.74123550667419,-98.55160043927685
772876000,0.5083835342329858,-0.38206167653248335,4.493662349763122,3.931620675233347,76.81709791746337,-98.55640812952836
772882000,0.507744465293767,-0.38252613975119837,4.490172804579862,3.934781680413555,76.6604844316786,-98.42641220394039
772888000,0.5075805358672734,-0.38226571644148716,4.485841425533793,3.9387124589842055,76.71497353090359,-98.36895912708837
772894000,0.5086076338933464,-0.38258845376382306,4.501152587030381,3.9248530538306445,76.69963943385417,-98.64585306339748
772900000,0.5074031944360258,-0.3827778927802215,4.488350472527769,3.93643449588492,76.57608170595182,-98.35736911917316
772906000,0.5071754543775845,-0.38286935741219613,4.486443053872625,3.9381659964103726,76.53886073214727,-98.3064920904074
772912000,0.5079673199281337,-0.38223238228498146,4.490192986052503,3.9347633841605174,76.74794666475144,-98.46331669742246
772918000,0.5083180911180456,-0.38281069950376057,4.49967481866167,3.9261863786135187,76.62582386556781,-98.58756105028021
772924000,0.509167545342988,-0.38221646104112283,4.504546320456745,3.9217945220756127,76.82815099645737,-98.76243221962456
772930000,0.5083487831862272,-0.3830186734917191,4.501938898578932,3.924143975149748,76.57583832323215,-98.60833866100292
772936000,0.5072006940818076,-0.38299442294117003,4.4878807886986865,3.936860717809274,76.50934772997003,-98.32070388213386
772942000,0.5077661306675394,-0.38319224272082275,4.496484683365222,3.929067839473048,76.49584096523863,-98.47397347943891
772948000,0.5076792513935,-0.3817109552313182,4.482011784642693,3.9421945635811073,76.85966224912515,-98.35807853822521
772954000,0.5077240998374382,-0.38237861733621203,4.488590421481506,3.9362167866832056,76.69597389116578,-98.41195009256143
772960000,0.507292543316979,-0.38281713932057976,4.487376330917301,3.9373186004687466,76.5592876843444,-98.33231425385202
772966000,0.5077605969393756,-0.3826170524671441,4.491191675577876,3.933858201715222,76.63884212938592,-98.43620848335459
772972000,0.5077973834797479,-0.3829465932877013,4.49462744125488,3.9307473585112565,76.55902566639952,-98.46625373793457
772978000,0.5071343754418691,-0.3838384125070529,4.494757102478599,3.930630057405986,76.29534430288518,-98.3574468349507
772984000,0.5075752396128087,-0.3823290535750756,4.486351192050792,3.93824942506926,76.69884680701509,-98.37167844827889
772990000,0.5075930860652937,-0.38228349187421,4.486153202599891,3.938429250779908,76.71134276840586,-98.37322182685533
772996000,0.5069847283182957,-0.38223044452526206,4.478372125805501,3.945509735772441,76.68567885526339,-98.21830301251678
773002000,0.5078898348213772,-0.38223346474585707,4.489269857156348,3.935600457580798,76.74273974058998,-98.44404763482946
773008000,0.5076642881094546,-0.38236473281830125,4.487745103442734,3.93698386499056,76.6956268712458,-98.39615195056376
773014000,0.5067445536083431,-0.38214819532063293,4.474753695466519,3.9488111987017565,76.6907468947234,-98.15328070640142
773020000,0.5075319273446622,-0.38220790458024095,4.484734059446074,3.9397186894820955,76.72628251582715,-98.35315137173681
773026000,0.5088259346503268,-0.38121619985407385,4.491345699917192,3.933718636339292,77.05699200186189,-98.61307237660623
773032000,0.5072726979994323,-0.3820287470833279,4.480002388542172,3.9440241149647948,76.7543467802082,-98.27708773432813
773038000,0.5069131296500553,-0.38229807165110136,4.478125259885272,3.9457347982360385,76.66426888761163,-98.20481674651825
773044000,0.5071949838352424,-0.38251092568211553,4.48343009704798,3.9409042317905376,76.62930164248786,-98.28855186318575
773050000,0.5072321122822181,-0.3827786669207769,4.486301391508878,3.93829465528998,76.5650250831922,-98.31483095319966
773056000,0.5075767567128494,-0.38325902724898303,4.494809846128964,3.9305823436473144,76.46726893875922,-98.43102073888063
773062000,0.5072195882029131,-0.3826861939895435,4.48531285673129,3.939192688451473,76.58724316403546,-98.30583589434787
773068000,0.5080815842637322,-0.382836765089935,4.497056374769427,3.9285511480806985,76.60437699571271,-98.53018017778545
773074000,0.5078972037839434,-0.38280850482260037,4.494575759236331,3.9307941158613846,76.5997644093146,-98.48240428031507
773080000,0.5076126549453881,-0.3829731834498254,4.4926436210644045,3.932542956843476,76.54071886052218,-98.42190792427563
773086000,0.5082442994037409,-0.3823503673101769,4.494601277141498,3.9307710293611424,76.73610603457989,-98.5399795773141
773092000,0.5079817536916817,-0.3820175518965729,4.488421029442818,3.936370476019833,76.80249779358041,-98.45321823922613
773098000,0.5080375214163454,-0.38180898761853976,4.487205050326118,3.937474091855908,76.8581493214269,-98.45381237817192
773104000,0.5077818743771763,-0.3820593583250851,4.486394487936842,3.9382101034143835,76.77929554808811,-98.40599885410411
773110000,0.508239674933305,-0.3822431851306461,4.493573097469508,3.9317014600735902,76.76258486515803,-98.53201188542455
773116000,0.5078596265316258,-0.382144064449453,4.488096570113303,3.9366648919390057,76.76312291170773,-98.43080881657949
773122000,0.5085414372455822,-0.38257294396312225,4.500211220787112,3.9257023002962024,76.69933010228213,-98.6283267580524
773128000,0.5082660234993923,-0.3820972949603407,4.492568027264298,3.9326114114177075,76.80071087759796,-98.52930840811763
773134000,0.5077173356284888,-0.3828050048021782,4.492376727532274,3.932784655258403,76.58924799519632,-98.43734340832826
773140000,0.5068609858329874,-0.38319740109275724,4.485642854954346,3.938892855672136,76.43736314306467,-98.24910941042421
773146000,0.5069713810161475,-0.3834063986157803,4.48886625978435,3.9359665448081267,76.39241800749984,-98.28975425498157
773152000,0.5067176464317674,-0.38292565768188935,4.481460106052725,3.942696693953457,76.49577799975638,-98.1962533914946
773158000,0.5070082527887377,-0.3824691582081911,4.480811967438121,3.9432867871745976,76.6277843850576,-98.23941754296145
773164000,0.5071243771888582,-0.3824703418913104,4.482215485398551,3.9420091907980592,76.63490050992343,-98.26838953234511
773170000,0.507859768976824,-0.3828582886360674,4.494576864623705,3.9307931157921567,76.58498291198575,-98.47622053565952
773176000,0.506987537219913,-0.382362062029817,4.479595197886835,3.944395071785572,76.6531072985108,-98.22742207379804
773182000,0.5075257956466457,-0.3827017539670172,4.489134284135411,3.9357234227852276,76.60282723642148,-98.38306983851214
773188000,0.5074881458188588,-0.38232468503441075,4.485264901072948,3.9392362643022665,76.69438146697959,-98.34969265973704
773194000,0.5077411244441228,-0.38255506795413347,4.490394945993688,3.9345802995107784,76.65305952000213,-98.42741735547128
773200000,0.5073482911084883,-0.3825419137529019,4.485551656272456,3.938975713155814,76.63135300054756,-98.32869600096376
773206000,0.5075342504516269,-0.3831098031207933,4.492940992903167,3.9322736929000794,76.50173912959764,-98.41101927763131
773212000,0.5067897007628497,-0.3826426117754289,4.479761402971703,3.9442436478771654,76.57070391566552,-98.19613417532774
773218000,0.5075487594726509,-0.38268130916870113,4.489225081889035,3.9356410680406633,76.60937859171635,-98.38749253759454
773224000,0.5073270138061028,-0.38204542969753247,4.480804682343282,3.943293420858744,76.75367004207635,-98.29168981046146
773230000,0.5080456925135061,-0.3826050110547053,4.494517600807881,3.930846733851096,76.65993049015191,-98.50655511681482
773236000,0.5079911367158985,-0.38252971735654684,4.493176380992091,3.9320605805272324,76.67525796522253,-98.48816605062578
773242000,0.5075893628054378,-0.3825170398681473,4.4882240574957555,3.9365492039474375,76.65289138046928,-98.3871700611875
773248000,0.5074392522853787,-0.3823646486210578,4.485039222390989,3.9394413448346604,76.68130478439636,-98.34005818670511
773254000,0.5077188088950902,-0.38244353566196854,4.489115099997318,3.935740823496781,76.67944941861526,-98.41476255192138
773260000,0.5071478019623156,-0.38290999244153406,4.486479397305781,3.938132990394894,76.52699670976784,-98.30219190801449
773266000,0.5068562603277945,-0.382627350694087,4.48042097346029,3.943642851767415,76.57874246503785,-98.21170783954354
773272000,0.5071713318321885,-0.3829121253765152,4.48678138940572,3.9378587519935015,76.52795914694573,-98.30818068402758
773278000,0.5070338659598868,-0.3825233086360392,4.481609012684891,3.9425611483370404,76.61594630236598,-98.24924545774785
773284000,0.507114732332482,-0.3833343496818749,4.489934385405963,3.9349978411450923,76.41937608750194,-98.3208314361322
773290000,0.5074357704359662,-0.3833578320725305,4.494010537252705,3.931305552910084,76.43378910537528,-98.40215830339976
773296000,0.5069986269260083,-0.3825522488537586,4.481448259061621,3.9427074783510934,76.60649893946385,-98.24232453308761
773302000,0.5081657288169874,-0.38184804287844165,4.4891019333012,3.935752766259987,76.85659237851169,-98.48834122406717
773308000,0.506777369993259,-0.3829536598041474,4.48242973966498,3.941814233188905,76.49261739577788,-98.21287147602462
773314000,0.5072319553460718,-0.3830923402675325,4.489145328268436,3.9357134054255427,76.48696919902754,-98.3346821481365
773320000,0.5072994223732666,-0.3829652365192045,4.4888026120118525,3.9360242835106556,76.52286619713446,-98.34341906329483
773326000,0.5073173923140419,-0.3830175956293883,4.489493953849037,3.935397218230028,76.51097480527154,-98.35120752127631
773332000,0.5068012629725825,-0.3831761930878465,4.484733769467404,3.939718953045537,76.43884818840934,-98.23292897960837
773338000,0.5073901801218402,-0.3835440516174867,4.495156268291761,3.9302689872685797,76.38459106611202,-98.40254124756429
773344000,0.5074457590797748,-0.38275095663805064,4.4886179659365135,3.936191796762685,76.58549104513652,-98.36625851297978
773350000,0.5074914957007686,-0.38336258855238997,4.494724950963774,3.930659143373543,76.43611695010313,-98.41632511396186
773356000,0.5074847963009634,-0.3833091227581136,4.494157832289782,3.93117226101499,76.44900096342853,-98.41128815700448
773362000,0.5069283445057357,-0.38263590334436937,4.481362518131734,3.9427855306991177,76.58121126158922,-98.23017725273819
773368000,0.5072971368460218,-0.382673068913782,4.486125417732943,3.9384544879732326,76.59544193266227,-98.3243043581189
773374000,0.5069257209144671,-0.382170583684716,4.477124587019081,3.946647358180102,76.6967950868776,-98.19978486635999
773380000,0.5075340965598606,-0.38237554698826787,4.486277643353997,3.9383162243889465,76.68463572546177,-98.36438734569377
773386000,0.5070986777069555,-0.3823014179536289,4.480379413337485,3.943680702968737,76.67530472789588,-98.25120450456136
773392000,0.5074452200745565,-0.3830833834908949,4.491629184643952,3.9334617899354765,76.50268930438146,-98.38718496804617
773398000,0.5072146361299178,-0.3830282211785622,4.488355074279402,3.9364303204178706,76.5018231498542,-98.326313745203
773404000,0.5070218924886101,-0.38271778279249574,4.483225877126574,3.941089971094738,76.56680561624887,-98.25865790492614
773410000,0.5076762040457842,-0.3830674022594539,4.494265347936075,3.931074972540871,76.52126631862151,-98.4436933935203
773416000,0.5076418311611927,-0.3833686754625098,4.496591919396434,3.928970909635105,76.44406930815038,-98.45413042517322
773422000,0.5068863624304812,-0.3833107719658196,4.486976531206137,3.93768156478807,76.41080354049404,-98.26258898202796
773428000,0.5071768329278494,-0.3826992060499918,4.484917329097526,3.939552121714156,76.58128544071668,-98.29602314912592
773434000,0.5071226041841448,-0.38274233527859114,4.484657017439885,3.939788714708606,76.5671050398621,-98.28527289676373
773440000,0.5077481697275414,-0.3829131186837324,4.493730188117903,3.9315592750287074,76.56425618997623,-98.45187172745834
773446000,0.5076113542657961,-0.3824552510204524,4.487928577221461,3.936817347078403,76.66969085732232,-98.38871962874556
773452000,0.5074663315207374,-0.38214254564517114,4.483354875390423,3.9409726442901176,76.73838276020372,-98.33262438377953
773458000,0.506849714021544,-0.38195611004931773,4.474279314389,3.949244441660146,76.7452860156146,-98.1671060325153
773464000,0.5072869188895773,-0.38209377101923075,4.4807604417884725,3.9433337060472375,76.73905792694545,-98.2847958280175
773470000,0.5075869121758254,-0.382258235962162,4.485850353299224,3.9387043487146696,76.71724524941943,-98.37007145578488
773476000,0.5072999032615414,-0.38270731846912953,4.486469072208009,3.938142367281656,76.58709159733985,-98.32717042014433
773482000,0.5195765905338043,-0.38531716832025037,4.663492283112699,3.7837806405264023,76.66855910132256,-101.59282321891553
773488000,0.5077801546163195,-0.38311389134025614,4.495940944447203,3.929559395836427,76.51624661312707,-98.47252607203723
773494000,0.5105180860899328,-0.381583580068314,4.5151946247890935,3.9122293462208573,77.07261882545124,-99.06152493507818
773500000,0.5078402030263895,-0.3819899685063512,4.486468176822465,3.938143180441118,76.800339543381,-98.41612014353115
773506000,0.5102366313449941,-0.3827531452604565,4.52243925307911,3.905748703772179,76.76081017486744,-99.06436841823262
773512000,0.5074114111280917,-0.38268426488917956,4.487600208998637,3.9371153790313778,76.59991802413542,-98.35346911922665
773518000,0.5079236938490149,-0.3827161371409228,4.494056004412073,3.9312644072718532,76.62447656244248,-98.48316192367086
773524000,0.5073695754364341,-0.38346799560848427,4.494215829336972,3.9311197801917097,76.40221224654616,-98.39262975607559
773530000,0.5075666175777587,-0.38273207297532386,4.489900433769555,3.935028625074446,76.59786516829575,-98.39516389359214
773536000,0.5068191432597848,-0.3833364868712907,4.486403024972418,3.9382023501076353,76.40016483360056,-98.24751805560797
773542000,0.5075089084045051,-0.38322408870610886,4.493674827793067,3.9316093812754516,76.47168706133932,-98.41192632376399
773548000,0.5067126543913233,-0.38329566770849754,4.48475469598888,3.939699932890268,76.40356342461574,-98.21849004415104
773554000,0.5065970778056964,-0.38350769078798985,4.485292901635522,3.939210820922039,76.3436238435409,-98.20321130352274
773560000,0.5074439873380615,-0.383372149544384,4.494239746658721,3.931098138112892,76.43074433544186,-98.40510516240876
773566000,0.5063304507968717,-0.3835164187633144,4.482176124176695,3.9420450091123693,76.32460040950637,-98.13762754653128
773572000,0.5071024557321429,-0.3825609513832427,4.482772509231112,3.941502375704462,76.61095348217879,-98.2687119929326
773578000,0.5070455792136217,-0.38304179834989815,4.486447226035572,3.938162207348584,76.48773347166241,-98.28512912187477
773584000,0.5075267069120482,-0.38317457808054806,4.4934389851548655,3.9318228553688437,76.48513570027889,-98.41323211969508
773590000,0.5069235616300775,-0.38312325803489966,4.485721246455466,3.938821636834529,76.4597507781342,-98.25996125179203
773596000,0.5072324448567401,-0.3828256471700063,4.486731336359278,3.937904202375762,76.55335485145623,-98.31789748912989
773602000,0.5069359436443248,-0.3832121822319269,4.486676838974696,3.9379536896272493,76.43843655837081,-98.26867030148026
773608000,0.5071831422421225,-0.3837413174298669,4.494459670176731,3.9308991471687977,76.32253225814675,-98.36346745596535
773614000,0.5073741180477401,-0.38266393105228874,4.486967618418401,3.937689657175131,76.60261139017229,-98.34289007320872
773620000,0.5070129405460926,-0.38248264822749184,4.480990203374821,3.9431244956168126,76.624727338151,-98.24144491141209
773626000,0.5078338856399985,-0.3827193460282317,4.493002873510671,3.9322176660256245,76.6179859348271,-98.46096949482951
773632000,0.5071831456428877,-0.3827430997450741,4.485390873087202,3.9391217994525562,76.57076418420739,-98.30038520935419
773638000,0.5072633329809709,-0.38275771831973293,4.486486556822051,3.9381264884033875,76.57222226916551,-98.32127024663443
773644000,0.5074087743065631,-0.38286694930359155,4.489225526089342,3.935640665153819,76.55426228106809,-98.3644080397689
773650000,0.5073594345454531,-0.3827557671144158,4.487623738714526,3.937094021579778,76.57881230831097,-98.34506900745531
773656000,0.5067254679201778,-0.38266198445174143,4.479167119466279,3.9447851342137215,76.56179212354735,-98.18140483670531
773662000,0.5072377853559926,-0.3828096435026405,4.4866503878326025,3.937977709480357,76.5576765397012,-98.31821028259252
773668000,0.5077131578784201,-0.3827727429003651,4.492033488098366,3.933095536837663,76.59702378657583,-98.43425802114525
773674000,0.5074143602162775,-0.382622789582735,4.487078385958941,3.9375890879225492,76.61541541641546,-98.35029594463343
773680000,0.5072494003152315,-0.3825804805444692,4.484713210218781,3.939737639567713,76.61545389243531,-98.30652915595293
773686000,0.5066170520463406,-0.3825726098691883,4.477060767474683,3.946705572743698,76.57708050835322,-98.14875897221184
773692000,0.5070118655477031,-0.38279523567616436,4.483807162247947,3.9405613354041553,76.54690449305893,-98.26109138169717
773698000,0.5064796603198776,-0.3825379783869949,4.475103947076491,3.9484913828004653,76.57690146459343,-98.11241422823502
773704000,0.5063319294194601,-0.3827147354374828,4.474934401375174,3.948646188959813,76.52357222312578,-98.08703125773438
773710000,0.5069662771525636,-0.38312136908612976,4.486216914225382,3.9383713822968702,76.46292688242697,-98.27045786242707
773716000,0.5071152667241704,-0.38275178525176246,4.484654555054296,3.9397909528684623,76.56428739821958,-98.28404833889638
773722000,0.5077396412909414,-0.38242964107864874,4.489239848895592,3.9356276745048784,76.68423951129981,-98.41907313780295
773728000,0.5069849607658332,-0.3829865487286627,4.485218305176439,3.939278605518016,76.49762524764398,-98.26655387880804
773734000,0.5072501030168581,-0.3824649345391634,4.483675438807264,3.9406811154605585,76.64426520061633,-98.29934191010358
773740000,0.5071721917330657,-0.382826859259025,4.486018535158756,3.9385515732463605,76.54922700575844,-98.30298190079293
773746000,0.5074997109175405,-0.3824633725217426,4.486659789238195,3.937969172182287,76.66055920462173,-98.36141361285303
773752000,0.5075469237224706,-0.3831588745502436,4.493539678473464,3.9317317094452204,76.49032175746308,-98.41727397144749
773758000,0.5069537861511648,-0.3823324977585223,4.478923474252124,3.9450071772789244,76.65830507193644,-98.21713417489367
773764000,0.5073669841578416,-0.3826723757323026,4.486958427310071,3.9376980022994728,76.60005514085337,-98.34165049975716
773770000,0.5064148015991493,-0.38250514237540634,4.4740318079909835,3.949470522801653,76.58090685650976,-98.09420532873473
773776000,0.5071027379535805,-0.38177768830130293,4.475699538667448,3.9479476671203084,76.80597754158764,-98.2186282951091
773782000,0.5071280723275386,-0.38270285752629163,4.484364995122669,3.9400541634025963,76.57727499981019,-98.28412234610049
773788000,0.5067073430757415,-0.38244425738171356,4.476981646321583,3.946777747470493,76.61475036664666,-98.16299411279954
773794000,0.506831327674486,-0.38194300989139374,4.473941181643338,3.9495533107143532,76.74736390816045,-98.1616886543223
773800000,0.5067079036984098,-0.3815741243536498,4.469143079366006,3.9539414636672943,76.83120545161854,-98.10719961612972
773806000,0.506814980843377,-0.38235289520897825,4.477444978507524,3.9463551316163237,76.64435164166858,-98.1839119826915
773812000,0.5069217279097586,-0.3827579656576124,4.482388219787202,3.94185201207641,76.55043789673445,-98.23630629087855
773818000,0.5064285412489282,-0.38201565256265296,4.4697810820896,3.95335740015361,76.70338866131165,-98.06620063451005
773824000,0.5071474314394953,-0.38164645185809365,4.475051761744104,3.948539030059094,76.8415497746991,-98.22131507011275
773830000,0.5066978477335212,-0.38206988107455553,4.473488482418174,3.9499669080421054,76.7072248285421,-98.13663714845647
773836000,0.506827258183623,-0.3808911954630015,4.464433451193344,3.958258358692909,77.00900665968757,-98.09263221443162
773842000,0.5063493028626354,-0.38243817778258726,4.472644396647446,3.9507383212571963,76.59334128562887,-98.07365216221547
773848000,0.5069982344500809,-0.38185146363005923,4.475113378563434,3.948482771607158,76.78088292576345,-98.19734753183562
773854000,0.5066669133579518,-0.381837459534869,4.4710238151355,3.952220236316955,76.76304229048472,-98.11399101684401
773860000,0.5059940225683859,-0.38185511677227235,4.46315387602817,3.959432887874741,76.71523475534993,-97.94792568279865
773866000,0.5063500048251698,-0.38281786835749865,4.476082852603993,3.9475978203012696,76.49912874513372,-98.09810045301904
773872000,0.5064714595982525,-0.3829289010521614,4.478540587332454,3.9453561679342366,76.47930872933067,-98.13532295038907
773878000,0.5073368290590827,-0.38286255197803803,4.488320555254696,3.936461641982498,76.55079435569871,-98.34621895794452
773884000,0.5076198429277701,-0.38242207404618817,4.487730050893858,3.936997527082791,76.6785011375931,-98.38872352241064
773890000,0.5076820317221029,-0.38250542178083546,4.489233559843455,3.9356333786045647,76.66168086254697,-98.4095295795712
773896000,0.5083527212450247,-0.3819142146091443,4.491954424089036,3.9331671544111373,76.85199682657132,-98.53930415786198
773902000,0.5072181305890965,-0.38258216057388933,4.484352954480429,3.940065109144162,76.61304450428187,-98.2988521497223
773908000,0.5072862069601123,-0.38307726376044793,4.489660716530969,3.935245990498152,76.4941535341973,-98.34722490436033
773914000,0.5071215457897493,-0.38297425192098006,4.486746857764732,3.9378901081382574,76.50934735819048,-98.29973749440225
773920000,0.5070328372030726,-0.3825175544258497,4.481544608656131,3.9426197723917356,76.6173123204232,-98.24862244776716
773926000,0.5070392013042634,-0.38295062446246814,4.485543702186489,3.9389829399146308,76.5099993100894,-98.2777603507728
773932000,0.507304931165508,-0.38325781620326826,4.49152621946442,3.9335550757997395,76.45041856876296,-98.36329678171226
773938000,0.5073048929346633,-0.3834107212546988,4.492916069883476,3.9322962587302395,76.41238310891613,-98.3729334598151
773944000,0.5074571097454623,-0.3838526964732125,4.4987753555378225,3.9269983753710958,76.31203078352999,-98.43856153970488
773950000,0.5065655873468882,-0.38355074754537266,4.485306185651048,3.9391987502008403,76.33095076647038,-98.19811784927363
773956000,0.5065610699890409,-0.38274400417003684,4.477940379729194,3.945903366687127,76.5309296230625,-98.14579213320783
773962000,0.5065157047485092,-0.38233550275202616,4.47370674742382,3.9497674846778876,76.6295086589888,-98.10840450698268
773968000,0.5067119096558356,-0.3823289909105553,4.4759950909687864,3.947677913906352,76.64369764361128,-98.15675276384904
773974000,0.5075431447714992,-0.38200248079529214,4.483010990932084,3.9412854306694096,76.77821528815855,-98.34281366314781
773980000,0.5071554550331684,-0.38232820747104956,4.481302591420182,3.942840085513983,76.67226468408127,-98.2670507111375
773986000,0.5069295139709411,-0.38252840881686734,4.480403918584799,3.9436583845369615,76.60801972671533,-98.2236124485064
773992000,0.5062541679021693,-0.38272142115430857,4.474065254766009,3.9494399697899047,76.51694545720093,-98.06815980552521
773998000,0.5066860821950168,-0.3830095108265372,4.481841406384769,3.9423496256767105,76.47294242399829,-98.19374248783677
774004000,0.5064713291492872,-0.38207689925249627,4.4708440392181865,3.952384699238153,76.69092095573494,-98.08077443357391
774010000,0.5061881408127605,-0.38330218902655755,4.478530180136961,3.945365654676875,76.36869484459153,-98.08876894549206
774016000,0.5061642540099875,-0.3826246285111021,4.47211677391588,3.951220673374843,76.53521303190429,-98.03966050056799
774022000,0.5065022403853418,-0.382633796071516,4.4762398579272995,3.947454541309438,76.55454664306707,-98.12414676402547
774028000,0.5073734288896087,-0.3829069856323306,4.489163794803112,3.9356966558409434,76.54205456516286,-98.35814694293161
774034000,0.5070155761202747,-0.3827775341931842,4.4836913189511725,3.9406666747790813,76.55154277273931,-98.26088846715923
774040000,0.5072827168911894,-0.3830185336583039,4.489085534715872,3.9357676405896536,76.508545532469,-98.34263839774893
774046000,0.5072231341068831,-0.3828783725510796,4.487097619377849,3.9375716258430877,76.539643824412,-98.31892737674251
774052000,0.5073129718644717,-0.3838484618044473,4.496999471872701,3.9286025703969334,76.30405033197339,-98.40245971782142
774058000,0.5069960276935698,-0.3825511921209603,4.48140752650171,3.9427445579389,76.60659604180525,-98.24161054845466
774064000,0.5069220338837668,-0.38294821160112974,4.484115533082246,3.9402809535614085,76.50316108283954,-98.2484771731684
774070000,0.5067706810411242,-0.3820870368721111,4.474514522620316,3.949029618497782,76.70763530580284,-98.15585380297087
774076000,0.5067880110220446,-0.3817855566053137,4.472003997230221,3.9513237892373656,76.78375741006828,-98.14077612269773
774082000,0.5062387645331452,-0.3824283956331435,4.4712356297470945,3.952026481565249,76.58868483260035,-98.04558188952996
774088000,0.5069491487882537,-0.38180414061484713,4.47409916234532,3.949408996332753,76.78950760109873,-98.18208176630333
774094000,0.5077355892840664,-0.3821745432552617,4.486880335045097,3.9377689081117007,76.74760356872616,-98.4018069316198
774100000,0.5068114787632391,-0.382534864469095,4.479047781504718,3.944893888218543,76.5988797275773,-98.19467244915737
774106000,0.507225737897295,-0.382260686520499,4.4815351966727235,3.9426283398401587,76.69356852342236,-98.28023540604771
774112000,0.5075350943294137,-0.38271302491923115,4.489348376091499,3.9355292442054086,76.60060981791777,-98.38610179553454
774118000,0.507413619913352,-0.38288872774893773,4.48948144344836,3.93540856368807,76.5491473564158,-98.36699508518198
774124000,0.5067825579447333,-0.3842385584662233,4.494171226345275,3.9311601407703733,76.17396175057577,-98.29518797427521
774130000,0.5069523495013493,-0.38351942073583095,4.489664805065966,3.9352422829833174,76.36313832818625,-98.29215810069111
774136000,0.5074687491318267,-0.38329982267076446,4.493879982429734,3.931423703745966,76.45030372542749,-98.40670801941317
774142000,0.507292302640359,-0.3834228300414208,4.492874687430229,3.9323337278621047,76.40857808338963,-98.37056536761813
774148000,0.5066745615543381,-0.3834367812791795,4.485578558965435,3.938951270663653,76.3661198672572,-98.21796017108707
774154000,0.5068042005566313,-0.3832336836628539,4.485290603301143,3.939212909345895,76.4247535726312,-98.23730062683009
774160000,0.507301035500692,-0.3834068405671723,4.492834346320926,3.9323702548234896,76.41310513936128,-98.37172947384256
774166000,0.5071691036960818,-0.3839171401633428,4.495892641134736,3.929603069535816,76.27796349593314,-98.3710132108132
774172000,0.5069418837419017,-0.3835845121665113,4.4901308647500215,3.934819703055559,76.34631014803686,-98.29366183033085
774178000,0.5072302377090565,-0.3833706798286535,4.491653637513796,3.933439636436372,76.41763354063724,-98.35184262825945
774184000,0.5073169990762127,-0.3841068353774737,4.4994049089461745,3.9264300056716945,76.24008850187289,-98.41963453439189
774190000,0.5067719803498795,-0.38367692087183025,4.4889299164544685,3.935908799757228,76.31265916973834,-98.25729724713605
774196000,0.5063991897216354,-0.38400323178915974,4.487422937910112,3.9372762920224296,76.20826002051284,-98.18537311361423
774202000,0.5064204422668541,-0.38385216879746226,4.486304094453044,3.9382922003746907,76.2470413495825,-98.18113385583158
774208000,0.5066154253711069,-0.38377884378538674,4.487976961251102,3.9367734368822016,76.27750565990915,-98.22486881498979
774214000,0.5058085238491065,-0.3837804341926447,4.478325530413661,3.9455522138110717,76.22618780044765,-98.0250439320543
774220000,0.5060371420522068,-0.3839812307264911,4.482883632637417,3.941401284543422,76.19091919935389,-98.09430745863142
774226000,0.5060689784550026,-0.3832230607341852,4.476388485232926,3.947318917626597,76.38073892867205,-98.054204894036
774232000,0.5062917028208014,-0.38368258586548887,4.483220130371533,3.9410951980622304,76.28095783375733,-98.13852577332824
774238000,0.5062373757041853,-0.38364588230045327,4.482236153307402,3.941990383474846,76.28662229839559,-98.12274208382756
774244000,0.5064706686979532,-0.38402041945910675,4.488437010035094,3.936355976312674,76.20849329605757,-98.20417037217922
774250000,0.5059285595887676,-0.383052947927278,4.4731717853937285,3.9502563027451947,76.41395671588988,-98.00857693549061
774256000,0.5065828293366185,-0.38282982809580657,4.478977370739941,3.9449580571885265,76.51100098661188,-98.15666669000943
774262000,0.5068867263866145,-0.38339553421430306,4.487750679635011,3.9369788039151676,76.3897703086718,-98.2680371826862
774268000,0.5067352036069378,-0.3826696226749766,4.479352841913212,3.944615895424092,76.56051477925162,-98.18431153058505
774274000,0.5067343375815813,-0.3832327230776598,4.484443703839836,3.9399826134874587,76.42056714599595,-98.21988816907576
774280000,0.5070488368747054,-0.38331544889309277,4.488970640369213,3.935871858663877,76.41991188690034,-98.30325780494316
774286000,0.5068720998523769,-0.38298093110409376,4.4838130193317,3.940556009555048,76.49185788108139,-98.23814368215837
774292000,0.5066177004931528,-0.3830613403578663,4.481491475749699,3.942668138191947,76.45572694305784,-98.18005288627877
774298000,0.5065969947431861,-0.3826117051552352,4.47717409106182,3.946602203055643,76.56608599237487,-98.14627284477392
774304000,0.5064737908096357,-0.38313242919932095,4.480411525802098,3.9436514562298344,76.42893936112564,-98.14884347882257
774310000,0.5067180672849309,-0.3838725265129887,4.490061698558105,3.934882410745038,76.26072238003107,-98.25622891275407
774316000,0.5068339814466788,-0.38287300811130104,4.482377887635081,3.94186141340381,76.51625786300939,-98.22181253503813
774322000,0.5063749430757374,-0.38341542426514785,4.481792903304532,3.9423937708388324,76.35246108588719,-98.14226768805227
774328000,0.5069540892774088,-0.3826832701872747,4.482100005885486,3.942114277866634,76.57107220142902,-98.23959750556585
774334000,0.5066443506680013,-0.3834187778635427,4.485052693932458,3.939429102258496,76.36867850198446,-98.20932290339795
774340000,0.5064411061697869,-0.3831230387984735,4.4799350390653565,3.9440854664542195,76.42919362451234,-98.14013577663674
774346000,0.5069696434156651,-0.3840468638557007,4.494674163343178,3.930705089443923,76.23324563427113,-98.32960882171466
774352000,0.5065346770863005,-0.383370834002986,4.4833024883768635,3.9410202905931886,76.37363745508674,-98.17907062057223
774358000,0.5061568228289435,-0.3836226349455298,4.481060650780291,3.9430603539423603,76.28729022242347,-98.10131085090615
774364000,0.5066000459469941,-0.3836859848203013,4.486948214942951,3.937707274724322,76.29957307958443,-98.21520184863655
774370000,0.5071212007080208,-0.38377872880959485,4.494054871164666,3.9312654327967502,76.30934530469919,-98.35042620507062
774376000,0.5067250130435074,-0.38369807531940414,4.488558232073537,3.9362459911822874,76.30444948628833,-98.24697268998194
774382000,0.5069645821321527,-0.38395784391038756,4.493802006497175,3.931494274646303,76.25502859360542,-98.32277115361049
774388000,0.5069196911337973,-0.383774697079249,4.491594337301425,3.9334933609248983,76.29768238223228,-98.30012256929264
774394000,0.5070471264044734,-0.38380260952210293,4.493381042796811,3.9318753057794598,76.29875983394516,-98.33352476497946
774400000,0.5073018269840032,-0.3835335709641197,4.493996953571584,3.9313178456717965,76.38163854779329,-98.37990841293019
774406000,0.507246261377148,-0.38311872994431534,4.4895569548474805,3.9353400847653797,76.4813097334516,-98.33991088977257
774412000,0.5071937722147358,-0.38337685389735127,4.491271140833869,3.933786194965558,76.41379783819737,-98.34316486264392
774418000,0.5070082669362053,-0.38352522257712535,4.490389607117287,3.934585139189757,76.36522265744038,-98.30641549405331
774424000,0.5069235920977444,-0.38314897527280445,4.485954941435979,3.9386093400141142,76.45336160473437,-98.26159828814986
774430000,0.5073581121714543,-0.3831537013842042,4.491219897476489,3.9338326283805762,76.47968187614768,-98.36995078585073
774436000,0.5068462200820905,-0.3829517028606264,4.483237671599417,3.941079243462908,76.49747810962896,-98.22985572111189
774442000,0.5066884114851247,-0.38324044847453187,4.483962941596781,3.940419690150454,76.41573912562033,-98.20897316155644
774448000,0.5070996922278131,-0.3832523690416482,4.489008796085796,3.9358372478501535,76.43880629121689,-98.31191274545456
774454000,0.5065473089722117,-0.3826994475866546,4.477372699845454,3.9464210525721013,76.54111834696856,-98.13953185160607
774460000,0.5068985878644409,-0.38303570371692286,4.484627400056913,3.9398156352933693,76.47992656351084,-98.24820307754595
774466000,0.505786389444043,-0.3825662521371731,4.467081706957647,3.955829760180833,76.52547655169602,-97.9422183654563
774472000,0.5061034345668641,-0.3823579579527812,4.468984903527673,3.9540862938677295,76.59748313836947,-98.0074746871302
774478000,0.5057032724594601,-0.3825158336856341,4.465636882333101,3.9571543691773425,76.5326357872581,-97.91838377613806
774484000,0.5061622114363622,-0.38229948477248565,4.469159210201572,3.953926694431662,76.61577017598903,-98.01830646282022
774490000,0.5061004562685466,-0.3824264434369625,4.469566850318077,3.9535535003707736,76.58029812769749,-98.01113168973954
774496000,0.5061591752850741,-0.38203642725408676,4.466753379486972,3.9561306901829685,76.6808800978618,-98.00062775678362
774502000,0.5059895086625436,-0.3823715204312563,4.467748114222918,3.9552191048070213,76.58680099999526,-97.98008020812063
774508000,0.5063817242395361,-0.38226891713934785,4.471504705520072,3.9517803757506758,76.63745629897913,-98.07084880338536
774514000,0.5047984950425182,-0.38348310150565496,4.463595636166024,3.959027313647034,76.23551626373104,-97.7565431695115
774520000,0.5053468807903262,-0.38229850097031587,4.459440079411891,3.9628458215373783,76.56352985813555,-97.81611772626377
774526000,0.5057412241245649,-0.3824256607619409,4.46527659192499,3.957484822453017,76.55742150697299,-97.92199533211577
774532000,0.5059889800537206,-0.38236248566062986,4.46766038841696,3.955299480476466,76.58900821355039,-97.97936864467219
774538000,0.5060999286076024,-0.38249105993444643,4.470143345439606,3.95302584206255,76.56423196796487,-98.01514524737765
774544000,0.5062650728063102,-0.3832846704705128,4.479292037098848,3.9446713019262267,76.37792128119291,-98.1067314567522
774550000,0.5063401787142663,-0.3834980665659973,4.4821261442931375,3.942090491255625,76.32976637569512,-98.13887836492898
774556000,0.5061604478354238,-0.38347421378723934,4.479757885427931,3.9442468524714682,76.32429912801005,-98.09281390688199
774562000,0.5067435532273051,-0.3840079182761752,4.491600487563991,3.933487788873615,76.22873198443402,-98.27105740459035
774568000,0.5065435304782387,-0.38354201608815175,4.484962361400971,3.93951119552475,76.33172365706474,-98.19209389286381
774574000,0.5056835220343681,-0.38294073820113755,4.469234107569591,3.953858120602722,76.42611248053986,-97.94071409564464
774580000,0.5060505040269819,-0.38304146012108414,4.4745245087381464,3.9490204983846593,76.4245756974493,-98.03806758613388
774586000,0.5057443673172096,-0.3824519205780656,4.465550594142675,3.9572335063748856,76.55111497143155,-97.92446210356528
774592000,0.5060245187432074,-0.38287044818420807,4.472668200596615,3.95071656253731,76.46531316804291,-98.020717565198
774598000,0.5058537825041548,-0.38312760596614,4.472953979168985,3.950455357018643,76.39069426991148,-97.99480881878178
774604000,0.5063285093301959,-0.3833640133657698,4.480770589436823,3.943324465584459,76.3622691396209,-98.1274948035675
774610000,0.5068213845983403,-0.3834512676689014,4.48747232289666,3.9372314628048355,76.37180044087874,-98.25532892822447
774616000,0.5068473604497362,-0.38389262210578357,4.4917983089606155,3.9333085740366736,76.263860954816,-98.2895776515538
774622000,0.5063428233603543,-0.3833302520979529,4.480635918568167,3.9434471006525476,76.37154947134947,-98.12890444864836
774628000,0.5062800792231822,-0.38354933943113284,4.48187148649441,3.9423222487182197,76.31325197230771,-98.12722216909921
774634000,0.5060350571645548,-0.38338940445004577,4.477489321285851,3.94631469038357,76.33736377847798,-98.05636485210064
774640000,0.506181316595815,-0.3833394871353192,4.478786465288104,3.9451320498796827,76.35901561608048,-98.08944430226387
774646000,0.5062003667007827,-0.3827733703467995,4.473891686448204,3.9495985264720805,76.50061911043908,-98.0581293759666
774652000,0.506096612046577,-0.3836907686881536,4.480958140531949,3.9431536892248586,76.26660325682151,-98.09070203790692
774658000,0.5063362444783732,-0.3833277879542607,4.480534805240617,3.9435391823824846,76.37174346218147,-98.1271165635719
774664000,0.5061244555793696,-0.3830026296772998,4.47505704476229,3.948534206402728,76.43891480901922,-98.05392757847103
774670000,0.5055366109209979,-0.3833820887432673,4.471470677089153,3.951811497583835,76.30750145720417,-97.93249571581394
774676000,0.5064005803176401,-0.38262171100694065,4.4749146842726235,3.9486641927474455,76.55105177314678,-98.098129836395
774682000,0.5055307974304546,-0.38382326875926004,4.475396041170431,3.948224711011595,76.19802052746884,-97.95905689998698
774688000,0.5061745964497386,-0.3831944062085895,4.477391976361675,3.9464034714192526,76.39455597761928,-98.07856476729957
774694000,0.50541222485342,-0.3840745226284827,4.476258927053974,3.947437140038768,76.12842395883497,-97.94563605522909
774700000,0.5055366935420915,-0.3834978278701824,4.472518804501121,3.9508531265946303,76.27887592186464,-97.93987539507305
774706000,0.5061457055818102,-0.38376830105812354,4.4822496458233685,3.941978105693126,76.2504987573854,-98.10776166873801
774712000,0.5054711120242245,-0.38262059241278096,4.463816403001797,3.9588246621632543,76.49177772640914,-97.86760714248761
774718000,0.5062678219411691,-0.38442302519792915,4.489668823969438,3.935238638617808,76.09602679923448,-98.17917130332329
774724000,0.5063797804783363,-0.3836283186289693,4.483782839487851,3.940583452258404,76.2999740680162,-98.1569327560113
774730000,0.5059353564281226,-0.38316379496156566,4.474255422224616,3.94926626446427,76.38692429846566,-98.01732258680636
774736000,0.5058864492514761,-0.38369405627960534,4.4784737665221295,3.945417079659685,76.252496823983,-98.03886687268056
774742000,0.5060452968612995,-0.3834666481849184,4.478311684008001,3.9455648368728404,76.31887576857342,-98.06380136815999
774748000,0.5058696006755384,-0.3827048395152571,4.469323867732665,3.9537759420227276,76.49646069327822,-97.97172518641383
774754000,0.5055288379913345,-0.3824123301298413,4.462627945187747,3.959915848365594,76.54706387987363,-97.86851344941381
774760000,0.5057146520746707,-0.382836735433952,4.468666401819317,3.9543779556457093,76.45386187653062,-97.94177364759807
774766000,0.50614644763973,-0.38209435177173007,4.467123077127481,3.9557918454714875,76.66567857879166,-98.00119917530293
774772000,0.5058847320645496,-0.3831521820477057,4.473545769122565,3.949914564607568,76.38657782517481,-98.00404119790126
774778000,0.5065376792124584,-0.38328607864664865,4.482569691550301,3.941686896559885,76.39486050120004,-98.17444696745778
774784000,0.5066697517713183,-0.38335436938648,4.48477276965651,3.9396835058496267,76.38627359846099,-98.21155379871611
774790000,0.5062716413640634,-0.38294504575186394,4.476295859075869,3.9474034386712145,76.46257552846556,-98.08676355039309
774796000,0.5065325781465372,-0.3832453674137247,4.482139401236483,3.942078427214007,76.40464084150341,-98.17060028025018
774802000,0.5061715689617238,-0.3829620659073215,4.475253310973757,3.9483550141589623,76.45197638062163,-98.06302567669135
774808000,0.5064691344797583,-0.3834742632216125,4.483455358403113,3.9408812576665464,76.34382854862656,-98.1693546445378
774814000,0.5057565869321218,-0.38277873543298774,4.4686429471691875,3.9543994355180603,76.47091368632691,-97.94845035852443
774820000,0.5062078120737189,-0.3830037555946269,4.476063697379589,3.947615301587075,76.44394609469336,-98.07467070277359
774826000,0.5067245534027995,-0.38293896005228895,4.481663386146747,3.942511656031111,76.49291245937162,-98.1988150542012
774832000,0.5062332039563792,-0.38296794006626655,4.476043314215214,3.947633903678465,76.45444713125008,-98.07868718210686
774838000,0.5067062330687078,-0.38391417032389263,4.490298540111769,3.9346676930822815,76.24964635627262,-98.25591054205273
774844000,0.5061111001758717,-0.383923094491884,4.483241110888374,3.941076115277846,76.20997557874297,-98.10895607734999
774850000,0.5065321093420941,-0.383317734964893,4.482790037847675,3.9414864292248426,76.38665150150212,-98.175070557809
774856000,0.5061991354378674,-0.38283597038067474,4.47444272283227,3.949095193008177,76.48501082928522,-98.0618207349184
774862000,0.5061482428230595,-0.38297103423691065,4.475055603138107,3.9485355226755754,76.4482655209301,-98.05781253232169
774868000,0.5059068422540607,-0.38291258717768717,4.471643983609855,3.951652999538574,76.44735352275634,-97.99423958845175
774874000,0.5059901752973045,-0.38307218290848133,4.474081616274963,3.949425024028552,76.4131168573213,-98.02507197491933
774880000,0.506467078014194,-0.38301388744175785,4.479257481373031,3.944702790465668,76.457934061638,-98.13964330467591
774886000,0.5054796479614188,-0.3834636154036687,4.4715288074628585,3.9517583328190082,76.2837119848279,-97.92359114174477
774892000,0.5061666690041542,-0.3834913359504221,4.479987584970378,3.9440375999985338,76.32044985196207,-98.09544036628571
774898000,0.5062367021627937,-0.38429039676849125,4.488087345995405,3.9366732626017065,76.12691682211246,-98.16315453388849
774904000,0.5059462360694599,-0.38362572440207565,4.478569039648343,3.9453302322886987,76.27319918074363,-98.04934410962377
774910000,0.5059967078786244,-0.38290590786659123,4.472656507040696,3.950727251355402,76.4547468284113,-98.01608695853797
774916000,0.5060061438374812,-0.3832157445891328,4.475571227643187,3.948064789407146,76.37855651896005,-98.03816794956259
774922000,0.5056382371719235,-0.3831633522119873,4.470705072932704,3.9525118381612363,76.36810419400138,-97.94371259349619
774928000,0.5049870596301421,-0.38306735029198846,4.462085774241862,3.960413847568603,76.35023594901143,-97.7765350085433
774934000,0.5057405826724299,-0.3830237761341224,4.470664604956089,3.952548863489543,76.40919240502363,-97.96014909504125
774940000,0.5054422369057043,-0.38277271419046693,4.464843616803996,3.957882015402841,76.45226656197418,-97.87022042607093
774946000,0.5054346850116426,-0.38289622796206935,4.465867499579293,3.9569428797599295,76.42121360659218,-97.87626498936893
774952000,0.5063246139795631,-0.3833924633157937,4.480981896928492,3.9431320586949314,76.35496708157588,-98.12833180138732
774958000,0.5055985154916351,-0.3832920657607874,4.4713948948251465,3.9518808085653716,76.3337161795219,-97.94208263318167
774964000,0.5059624613069802,-0.38293746788320404,4.472532775659716,3.9508403550499094,76.44473795606955,-98.00961260585413
774970000,0.5061358602516145,-0.3828255728532588,4.473592643180439,3.9498717363619207,76.48355054880948,-98.04546189571845
774976000,0.5057914078008229,-0.3829367411093495,4.470484707319453,3.9527134656080856,76.43399595660539,-97.96718054133369
774982000,0.5053532913316736,-0.38320581105314905,4.467692492931725,3.955270065463882,76.33942226433001,-97.8759181621316
774988000,0.505525790405848,-0.38388280743752823,4.475876023582123,3.9477865832589276,76.18298375149212,-97.96158649633985
774994000,0.5048562737042203,-0.3838317426887191,4.4674334911187055,3.955507382520193,76.15315889459667,-97.79299272646897
775000000,0.5049834792044926,-0.3835199797744064,4.466128375579352,3.956703669024349,76.23820432043861,-97.8045611284402
