frequency_hz,s11_real,s11_imag,swr,return_loss_db,resistance_ohm,reactance_ohm
935000000,0.8065207922636835,-0.1832215221700183,10.565418945326053,1.6491474658090963,222.48930833100079,-258.0427449108796
935006000,0.8089512705770502,-0.18478583592906797,10.750046152657337,1.620658019818372,220.4332758491413,-261.5680255595401
935012000,0.8098443406593286,-0.18364964792258273,10.792908736081111,1.614184608666918,222.0926339250735,-262.78321978913715
935018000,0.8065860276755356,-0.18425406111870662,10.585044448263469,1.6460714646478516,221.0453667158556,-258.2089027209776
935024000,0.8111700275225314,-0.187964785293902,10.951925158187091,1.5906152730070542,216.00446824149387,-264.78568049464167
935030000,0.8108206603894731,-0.18706515992826764,10.913263835931351,1.596281902304185,217.26966484863857,-264.28278427134853
935036000,0.8109678081787925,-0.18273425556291917,10.855402765344477,1.6048387084364149,223.46438018285923,-264.35343871457786
935042000,0.8080293467977282,-0.1852195257935499,10.694945232148164,1.6290566458116804,219.77703630136105,-260.2896531329616
935048000,0.8078523369678913,-0.18223644895351676,10.638183163589959,1.6378002510255043,223.98451499650093,-259.85205489004755
935054000,0.8087452563758669,-0.18428468368510562,10.728525307421323,1.6239279259924526,221.13248386777747,-261.2513712314823
935060000,0.8065826760297475,-0.18459869351636524,10.589982294707308,1.645299343094035,220.5631644819529,-258.2271621372632
935066000,0.8051021422965458,-0.17981441529863298,10.424523077468418,1.671573941257927,227.16481147103514,-255.71460406635723
935072000,0.8082474655240869,-0.17897614631023123,10.616177762437202,1.6412153283545041,228.70402131325903,-260.1340933101328
935078000,0.8097010984662902,-0.18217225146548946,10.760646526355401,1.6190522345676086,224.20432510201914,-262.49452236886
935084000,0.8095063818222158,-0.1845065081102321,10.783210051505801,1.615644828746223,220.85503324928874,-262.3422079277573
935090000,0.807215113895138,-0.17751786554045904,10.52764210970718,1.6551009914429082,230.70588561805863,-258.4762253222365
935096000,0.8106161690068346,-0.1807981275727728,10.801769433543257,1.6128528667052384,226.2541689364058,-263.7302045055638
935102000,0.8123974001077982,-0.18330410941051023,10.963186990013764,1.5889721946676292,222.6974923988738,-266.44924436749636
935108000,0.8121935133053144,-0.1847971598536045,10.97257479796774,1.5876051318158475,220.53163321376056,-266.1967557581423
935114000,0.8118905160567922,-0.18324171208884177,10.92693195613726,1.5942739310761878,222.76988250728067,-265.71132528329434
935120000,0.8105062791318813,-0.18203668016250413,10.813151331161222,1.6111454243882197,224.44870500778777,-263.64847819567814
935126000,0.8150772855613647,-0.18371431730570317,11.159898570653613,1.5608116019140315,222.15584613994255,-270.37741483589986
935132000,0.8116358263218201,-0.1791666920183267,10.84665160204497,1.6061408933239694,228.7204098799178,-265.1109967519357
935138000,0.812924564586831,-0.18269575974808477,10.990487407719694,1.5850032115864077,223.60226272580837,-267.1968831561942
935144000,0.8096806853603681,-0.18209229769386598,10.758056367410036,1.6194443070808142,224.3181471974685,-262.46007567278923
935150000,0.8118389375552651,-0.18576414931786187,10.963223399114485,1.5889668881742312,219.13638267854492,-265.70795535049035
935156000,0.8108030563090095,-0.18352128300571174,10.856293138157033,1.6047063384336624,222.32164092618967,-264.15234811943185
935162000,0.8093451554542711,-0.18232451472303574,10.738984551673475,1.6223370831000417,223.96283868075184,-261.9925118274809
935168000,0.8101130467107781,-0.18317327394350585,10.803826628787895,1.6125439902618073,222.7888352046524,-263.14406110652925
935174000,0.8089848429279934,-0.1828081184130634,10.72212503071631,1.6249029472087084,223.24729560165147,-261.50712192732334
935180000,0.8124262883180207,-0.18170297216924414,10.940135561195628,1.5923390060070926,225.0353025707271,-266.427163382563
935186000,0.8111566087512585,-0.17951849254158184,10.819208202725635,1.6102382869118659,228.166098191418,-264.43053311684145
935192000,0.8105897086232962,-0.18399597381657276,10.849048679628627,1.6057839942548493,221.63083491335516,-263.8662325326984
935198000,0.8077454904292931,-0.18356272141459623,10.650974543172735,1.6358216656481475,222.09522260328526,-259.79385168388046
935204000,0.8046414314908651,-0.18363620287233137,10.450182202486575,1.6674443114608382,221.7570023138591,-255.45039764432417
935210000,0.8081285878282931,-0.1817283346964339,10.648883496872013,1.6361447832061176,224.73065434334916,-260.2073114425147
935216000,0.8077939973999632,-0.1800987548134411,10.602755481312883,1.6433053907953774,227.03888641016397,-259.5879306703989
935222000,0.8084561123877593,-0.1845293174654756,10.71289806801091,1.6263106555832771,220.7711845047942,-260.85521437852964
935228000,0.8090826790490797,-0.18148738686859955,10.708767412225766,1.6269416406382151,225.14816820668557,-261.55783980621874
935234000,0.8077835439984855,-0.18525301676166428,10.679094283526622,1.6314888825321827,219.71749626588277,-259.9464213213046
935240000,0.8047814068344739,-0.18108702433880192,10.422266489340807,1.6719381027627211,225.33266246896264,-255.4017613860607
935246000,0.8084571557200738,-0.18578721180356397,10.732262962150822,1.623359072458947,218.9998830964552,-260.91675960986373
935252000,0.8070698892893261,-0.18362444368427822,10.607353907793431,1.642588741732983,221.9625159120237,-258.844850621646
935258000,0.8102327266306305,-0.18110360074755266,10.780382487716423,1.6160710416554667,225.78391027002306,-263.1932170987439
935264000,0.8142731807701608,-0.18666186330860765,11.150239917191325,1.5621709185868382,217.86065797192995,-269.20920592644865
935270000,0.8098896239278623,-0.18549703752575045,10.824608805441576,1.6094303023128678,219.46477070852526,-262.9257682653797
935276000,0.8112111930939194,-0.1808849972989706,10.84367900969048,1.6065837013957773,226.16612249885966,-264.60418464917194
935282000,0.812187090640789,-0.18183337407002997,10.925543916553233,1.5944776155873672,224.8331520791601,-266.08309045080273
935288000,0.8107723448146804,-0.18433252514475523,10.866811568915274,1.603144239470421,221.1557900333209,-264.14126114659376
935294000,0.8109505822146654,-0.18349591976599552,10.866020865987057,1.6032615612496894,222.36454858746933,-264.3635930762695
935300000,0.811276960526644,-0.18407386328373507,10.897504854292288,1.5986033448061046,221.54561092306426,-264.85610765826647
935306000,0.8106303169037109,-0.18344788376904364,10.843326903942783,1.6066361685571593,222.41947679586823,-263.90061861307214
935312000,0.8062281808364505,-0.1865808018734522,10.596641098042063,1.6442592685501787,217.7889037056938,-257.85105699012723
935318000,0.8076492924694818,-0.18722291207483288,10.70039621606623,1.6282219035419563,216.96386945444127,-259.8469935448299
935324000,0.8109570039370954,-0.18851456657790086,10.945984677949623,1.5914833505177977,215.2304541769461,-264.48905885827793
935330000,0.8071806974178897,-0.19002918667102084,10.712873889183486,1.6263143476312212,213.0895284184096,-259.28259483110116
935336000,0.8076188022901316,-0.18833070525088222,10.715555171524132,1.625905024776957,215.43033347532617,-259.841827026014
935342000,0.8095156859097811,-0.1878168024240311,10.83557509276973,1.6077921346963375,216.19039154085903,-262.46270415487277
935348000,0.8086320501787946,-0.18261622930124904,10.695637461101121,1.6289505930081654,223.49851665712362,-260.9907661030622
935354000,0.8074331975787238,-0.18253044325838066,10.61492705444566,1.641409858145893,223.53496930432263,-259.2786428709432
935360000,0.8127904093532249,-0.18273664461723413,10.981729281898762,1.5862743155716332,223.53781993986513,-267.0022578385738
935366000,0.8114457433832809,-0.18350888249064726,10.900321951268758,1.5981878637004332,222.36618685437418,-265.0781556180109
935372000,0.8082688154250764,-0.18769818540040403,10.749261010434093,1.6207770832482982,216.3249160174897,-260.72286349361974
935378000,0.8088714907680511,-0.1861175319362181,10.765240538395068,1.6183573068050383,218.55266484559343,-261.5117931741875
935384000,0.807842273287484,-0.18211710370664894,10.635740797211229,1.6381785850152653,224.15373204370857,-259.8286548469919
935390000,0.808678465730758,-0.18488752095568003,10.733275047915923,1.6232051065097421,220.27654257712652,-261.1873259349605
935396000,0.8068406895915785,-0.18686618637861965,10.641264768982735,1.637323145926445,217.42443875011094,-258.7117592624065
935402000,0.8051553724235219,-0.1843177716299628,10.493141911356023,1.6605759212587567,220.85276702941323,-256.2194250856401
935408000,0.8056770430083137,-0.18192503840005342,10.491702882600817,1.6608050740448004,224.24228337808736,-256.7454649046503
935414000,0.8075541464171225,-0.18360107826015096,10.638900127025984,1.6376892233064084,222.02841140946583,-259.5260366608263
935420000,0.8043889163984265,-0.18547807936699456,10.461055363186397,1.6657005313423798,219.19272345436087,-255.24805857925182
935426000,0.8081972695656469,-0.18699458836933575,10.733505164275456,1.6231701035992456,217.30126979999093,-260.6005180617471
935432000,0.8123548814277028,-0.18832474597145943,11.040828501124613,1.577736428159198,215.49709640139181,-266.4586940303911
935438000,0.8109610037035917,-0.1847528960058911,10.886364406012419,1.60024852447658,220.56059553862534,-264.4261477799084
935444000,0.8115898482048782,-0.18497403230248474,10.933333081294942,1.5933352882887541,220.26243219227442,-265.33353636296056
935450000,0.8128959931464799,-0.18887558604316212,11.088252069555343,1.5709516469879337,214.71277148193485,-267.2191829964514
935456000,0.8063001068906729,-0.1883504896381635,10.628387462126307,1.639318710252735,215.35847516060875,-258.0300790250174
935462000,0.8078935502320442,-0.18031837415726434,10.612522628308719,1.6417839622980681,226.73227506165725,-259.751372097255
935468000,0.8070813162619407,-0.18362648425951528,10.608135056222455,1.6424670647079238,221.96043797241072,-258.8610813370363
935474000,0.809362053657168,-0.18231045500082624,10.739907592988505,1.622196839328888,223.98410750102036,-262.0158696615357
935480000,0.8089887799722516,-0.1831821650357244,10.728061697960552,1.623998513053856,222.7134713801137,-261.5356527986162
935486000,0.8062451546120282,-0.18342160625908974,10.550429006938112,1.6515046904301172,222.1871298893423,-257.6709783302997
935492000,0.8111656400139345,-0.17956194612153614,10.820480144083241,1.6100479184303926,228.1028494766872,-264.44704701868625
935498000,0.8113677591156522,-0.18292202955721212,10.88580078048366,1.6003318488354061,223.2114157511129,-264.94085228003956
935504000,0.8104990849111704,-0.1834601795243045,10.834547223722055,1.607945537932164,222.39575220101796,-263.71257139856675
935510000,0.8100470200720554,-0.18447124370110468,10.81937136581381,1.6102138641507555,220.92878724941224,-263.110219999126
935516000,0.8091191982328624,-0.18053823226468993,10.697017475488272,1.6287392094882644,226.5204851894989,-261.5376670619227
935522000,0.8081755507503665,-0.18364931749948676,10.68081684057003,1.6312242133568486,222.00001322563025,-260.4079771068798
935528000,0.8074414946939461,-0.18195728068448727,10.606966378656747,1.6426491126339318,224.3497719120082,-259.2455647397928
935534000,0.8105504871431504,-0.18075030170542578,10.796582268972765,1.6136322177642741,226.3193817879838,-263.63124862175664
935540000,0.8090884176289647,-0.1868118032941747,10.79071802513254,1.6145142074964762,217.5859862717579,-261.83964330946463
935546000,0.8109049176146724,-0.18435103994015564,10.876210272610317,1.6017510097928456,221.13416303724784,-264.33191328247227
935552000,0.8044712774510194,-0.18534280721913163,10.46433198340549,1.6651757613990692,219.38476490521708,-255.35137701874712
935558000,0.8055244351298984,-0.1835925822974035,10.506254323688472,1.658490802338616,221.89119476742346,-256.6759818109763
935564000,0.8053057608030557,-0.18030721466128755,10.44454426239673,1.6683499371110804,226.48936389508555,-256.0580492418415
935570000,0.8074646367556272,-0.18544799247864918,10.660898564988456,1.6342899063306815,219.42785211466762,-259.510011306766
935576000,0.8086885572782182,-0.18382444342050996,10.7177081465843,1.6255765025263202,221.78204572391255,-261.1458184419284
935582000,0.809562800829167,-0.18567524347490513,10.805153184497827,1.6123448782003889,219.20106077794262,-262.46958431061967
935588000,0.8121393439291233,-0.18372151733044426,10.95176800709116,1.5906382251391413,222.08349911655264,-266.0886762761553
935594000,0.8103510541004351,-0.18253324076703378,10.810188342538696,1.6115895645742209,223.7225285868891,-263.45234863773914
935600000,0.8091643256290724,-0.182571957320794,10.730585797144595,1.6236142796690947,223.59649627600018,-261.7490047700974
935606000,0.8078413914078809,-0.18627560582057304,10.698601414889119,1.6284966575897237,218.2897683815949,-260.0759836205041
935612000,0.8072285039605419,-0.1789312239053017,10.548795758117418,1.6517619333944333,228.66320878697934,-258.6562330533906
935618000,0.8064496700669144,-0.17992642926995933,10.512616847424095,1.6574809334542144,227.1527695112692,-257.6441393702755
935624000,0.8069943713696438,-0.18151497819807075,10.5711501570636,1.6482479936117307,224.94125780522398,-258.5725440776917
935630000,0.8071511235032547,-0.18119099093254937,10.576636169541628,1.6473879250410834,225.41630377769602,-258.7671440300197
935636000,0.808271288321713,-0.17945667326452,10.624771373588132,1.6398799642025303,228.0103437373906,-260.21565045486017
935642000,0.8074086614023946,-0.1786625683279235,10.55665712658744,1.6505244747730647,229.07041164557117,-258.88722126337893
935648000,0.8081811319064083,-0.1803658275760777,10.632177472214856,1.638730875315297,226.6898574751687,-260.16937552288175
935654000,0.8061266545366124,-0.18362923201327536,10.545797600345779,1.6522343640296557,221.887076282021,-257.52077931430125
935660000,0.8091327251679384,-0.18108195415697054,10.706039426883311,1.6273586277962586,225.73612113629846,-261.59977235991204
935666000,0.8092383639136606,-0.17929238623068425,10.68648654338233,1.6303536770924896,228.3388288638425,-261.6041350424653
935672000,0.8070971081720294,-0.1820539939710192,10.585807715109114,1.6459520665884293,224.18433903151777,-258.76415605789293
935678000,0.8069243498253929,-0.1797634680875224,10.541040211446294,1.6529845596705361,227.4350032443175,-258.3064115385311
935684000,0.8106782531826797,-0.18452358593251877,10.863336635178083,1.6036599666675668,220.8788132771937,-264.01367417808007
935690000,0.8067618101512468,-0.18299962546763202,10.577866320658332,1.6471951918862513,222.8202304671568,-258.3650780136144
935696000,0.809102597999769,-0.18160577262763108,10.71187721212045,1.6264665524179849,224.97925233774325,-261.5950717721333
935702000,0.8063253913651847,-0.17877707463906667,10.488092961700676,1.6613802017515962,228.78444207999442,-257.3402231777446
935708000,0.8078911580385992,-0.18062561090892906,10.616883104478665,1.6411056428521378,226.2906987548105,-259.7755300668028
935714000,0.8071980543804476,-0.17904746190434442,10.548491377836017,1.6518098833442465,228.49244495738193,-258.62480416845875
935720000,0.8073653456367521,-0.1794401182922212,10.565081061764644,1.6492005249257127,227.94454599252938,-258.9066976367081
935726000,0.8064937877760333,-0.18053922286909246,10.524339220262162,1.6556235680148252,226.2832595957727,-257.76932123206876
935732000,0.8066501598374837,-0.18165295209213522,10.550733176402346,1.6514567914478722,224.7150718592366,-258.095914356529
935738000,0.8093253483835752,-0.18130105877839792,10.722220676008856,1.6248883679164117,225.43434813922806,-261.8939566337109
935744000,0.809265939113744,-0.18111585990925047,10.715461269455663,1.6259193563151355,225.69722895583635,-261.7945660304028
935750000,0.8090525104801332,-0.17743894630914564,10.64698106058989,1.6364388671695054,231.03027234929993,-261.1488400922066
935756000,0.8074308416789663,-0.1823012173695175,10.61136581547972,1.6419640115068708,223.8601103614726,-259.25767107844143
935762000,0.8083019663924929,-0.18259757663775136,10.673377830433735,1.632367827446164,223.50264416508264,-260.51868706599794
935768000,0.8076315221200594,-0.18206632802023118,10.621085787481272,1.6404524016629698,224.2097152868768,-259.52461920977026
935774000,0.8097507910892002,-0.17883331214357986,10.713946328656984,1.626150604903799,229.05551503693346,-262.31079914442927
935780000,0.8074655136851355,-0.18376974156556203,10.635581219887682,1.6382033103913756,221.78456536607356,-259.41212036763267
935786000,0.8095658447606741,-0.18147864963060162,10.741042393129524,1.6220244549607197,225.1951872338256,-262.2536430046971
935792000,0.8076292017798786,-0.1794489155709032,10.582460093731497,1.6464758650329958,227.95859248435508,-259.2876281453975
935798000,0.8113987964189566,-0.18007707249653146,10.8442181266563,1.6065033744132138,227.36219164304367,-264.8263666612223
935804000,0.8104039483416744,-0.18224440881602022,10.809364309407394,1.6117131275045966,224.1424360425747,-263.5124822008326
935810000,0.8098132035534477,-0.18029634931273159,10.739914334502764,1.6221958151354947,226.92619892142446,-262.52496822835695
935816000,0.8103895317126589,-0.1814344227756001,10.796032627639043,1.6137148434730573,225.31417594551647,-263.4425675217305
935822000,0.8126894312132504,-0.18419344560531997,10.997706153514963,1.5839570590812375,221.41552294433095,-266.89876970478036
935828000,0.8097290256013329,-0.18273055350991854,10.771026938560762,1.6174828595740884,223.40337452211176,-262.5684244052255
935834000,0.8088464016592102,-0.18144038427991516,10.692281919990156,1.6294648072200992,225.19830392513467,-261.21447072284815
935840000,0.8055356123403641,-0.182287293118333,10.487869283846866,1.6614158509496393,223.7198061677939,-256.5798454909518
935846000,0.8062728596001465,-0.18461610138261758,10.569993956136676,1.6484293717285559,220.51834483604085,-257.795795018849
935852000,0.8084132609995665,-0.18316011085280556,10.689252734410424,1.6299292893486437,222.70928399810975,-260.7146139043057
935858000,0.8057852286433389,-0.18319418047386152,10.51724432229005,1.6567472285125953,222.46938005563874,-257.0082822992335
935864000,0.8114018477815097,-0.18179458482515984,10.870706209395996,1.602566617312673,224.8501621525172,-264.93510424088873
935870000,0.8089299174647676,-0.18505322768575289,10.752723202439626,1.6202521886252526,220.05427943024077,-261.5501882650898
935876000,0.8104925955853551,-0.1867458893028963,10.885553022125235,1.60036847928804,217.71466635713156,-263.81350957085454
935882000,0.8119144123360158,-0.18292335021051997,10.923609838123662,1.594761514291022,223.23271527161666,-265.733511458049
935888000,0.8113879539846733,-0.1848196977525971,10.91689839457913,1.5957474576698958,220.4781387428733,-265.03974113657983
935894000,0.8107421459638923,-0.18459037083991447,10.868766223627444,1.6028542884145698,220.78560359780963,-264.1074804572889
935900000,0.8075874902496761,-0.1837182774680729,10.642864048719188,1.6370756496246874,221.86515831487608,-259.58082795139
935906000,0.8084957778238712,-0.18307874531242438,10.693524509135157,1.6292743507949738,222.83031794754592,-260.826793923569
935912000,0.8102919838653786,-0.18188655420342056,10.796291289190423,1.6136759587063776,224.6531563492522,-263.32949564982545
935918000,0.8073161615161304,-0.18226235224767032,10.603253490657584,1.6432277474565025,223.90629463426242,-259.09181563073
935924000,0.8105677071113488,-0.1815175893754675,10.809408761195796,1.6117064615192427,225.20471736726262,-263.7063412974987
935930000,0.8089361463281477,-0.18045999465511411,10.683645207198815,1.6307898243925134,226.6186739006608,-261.2666051389921
935936000,0.8075841001267541,-0.18064482569554569,10.596980613643444,1.6442062731068876,226.23565480405077,-259.33689339521675
935942000,0.8078278434625547,-0.18094469505578778,10.617415900077262,1.6410227992478297,225.82756727179284,-259.7126240723084
935948000,0.8078514526529407,-0.1809806032881105,10.619500626520324,1.6406987288106798,225.77815389096685,-259.74953937445105
935954000,0.8094479517728667,-0.1811542253852639,10.728239478035725,1.6239714443431987,225.65527707358444,-262.06025417319506
935960000,0.8100419493365317,-0.17931441324889158,10.740637867384796,1.6220859011393056,228.37690237972453,-262.7790227259057
935966000,0.8071908527895679,-0.1808228504069939,10.573836672387262,1.6478267031628482,225.9451580623889,-258.79057481848514
935972000,0.8045390440765328,-0.17881024020514633,10.37462268758036,1.679664045113316,228.52134970297803,-254.79497533078282
935978000,0.8063440802046795,-0.17665626823218622,10.459248215542866,1.6659900986092944,231.84510576614457,-257.1039638590797
935984000,0.8060312810792204,-0.17267894590721072,10.384373754982361,1.6780769833028844,237.6086970959955,-256.04111283823266
935990000,0.8003183298994505,-0.18072287342127347,10.140167843667243,1.7187512661921072,225.29568758603708,-249.15771024942418
935996000,0.8053099324241159,-0.177085741499828,10.39928838425786,1.6756553232071236,231.08576143004458,-255.66933695003192
936002000,0.8046121181495616,-0.1756193741152295,10.33497640625414,1.686147917073697,233.09457619335768,-254.45228135770418
936008000,0.8072605139617057,-0.17945681641823863,10.558483482520025,1.6502372541100527,227.9097772494893,-258.75758466423565
936014000,0.8099438537778706,-0.18196868607107475,10.77395278093967,1.6170410636718293,224.5129661899473,-262.8316145518148
936020000,0.808408412902702,-0.18199252295591914,10.671384142429888,1.6326745944559358,224.37403424766904,-260.62742880755263
936026000,0.8074803332398308,-0.182225928478928,10.61350312396182,1.6416313865371255,223.97091558272083,-259.3221010011239
936032000,0.8093453961660655,-0.18048389138203022,10.711328659370528,1.6265503353282549,226.61725133618964,-261.8607520647266
936038000,0.8074304475874626,-0.1801640126643296,10.57987257752825,1.6468809598701075,226.91073666665082,-259.071846211817
936044000,0.8067471639741176,-0.1790925307317119,10.519860506984708,1.65633271002829,228.3788935981163,-257.9811069375636
936050000,0.806445996789161,-0.18070499865093764,10.523648314163728,1.655732923661207,226.04256402563666,-257.7175895737848
936056000,0.8064662301338472,-0.1810744769580054,10.530332299053285,1.6546755995025322,225.51924191455308,-257.7818985081893
936062000,0.8068293345101692,-0.1790840207399826,10.525063242023409,1.6555089864139836,228.40008992760661,-258.09823324977464
936068000,0.8071744744242715,-0.18158574553060747,10.58396725090244,1.6462400005168185,224.85616615217617,-258.83482850835657
936074000,0.805229842708368,-0.1780561450095432,10.407790039536092,1.6742780602464102,229.68383336945266,-255.68303627075073
936080000,0.8091948541485877,-0.1799132255057085,10.692775302019134,1.6293891793104722,227.4323703474409,-261.59542179104665
936086000,0.8067953342896603,-0.18012008554450157,10.537824564875109,1.6534920241416855,226.91142167221741,-258.1578906310029
936092000,0.8103709167922117,-0.1778489499879105,10.741038842374087,1.6220249942889073,230.5602298668789,-263.13127420183554
936098000,0.809201294209665,-0.17782440686654039,10.662464384338165,1.6340484869841796,230.48046795585032,-261.4078153481127
936104000,0.8106566353080797,-0.1791068159346304,10.779038956377846,1.6162736379374996,228.73239391767166,-263.66316904561506
936110000,0.8094145006896267,-0.18113791608524885,10.725749948923639,1.6243505812901784,225.67638722180718,-262.010732589614
936116000,0.8090666837426296,-0.18002184459662393,10.685838766422155,1.630453090764562,227.26387011522766,-261.41877340495455
936122000,0.810248321824697,-0.18171826376031397,10.790766284520943,1.6145069452771494,224.89396155291575,-263.2559242266136
936128000,0.8097788792093914,-0.1818683063869642,10.761284675357745,1.6189556671460137,224.64726143043922,-262.5872042103846
936134000,0.81118423834074,-0.18138282759575802,10.849445823903887,1.6057248791032377,225.43788658320338,-264.5949800823262
936140000,0.8096465036185773,-0.1820739943522814,10.755474061870155,1.619835380444048,224.3423192405572,-262.4096895173807
936146000,0.8089033313617493,-0.18310328931323042,10.721136429722508,1.625053655862341,222.8208253033428,-261.4090076094251
936152000,0.8102760269894882,-0.18240152440339688,10.803070071685237,1.6126575693157617,223.90832004958074,-263.33675355327347
936158000,0.8095433615479755,-0.180486218843486,10.724629079055491,1.6245213394846634,226.62946587622164,-262.1478921527277
936164000,0.8058511124648025,-0.1825543655230948,10.51211645980579,1.6575603109992625,223.37256647733628,-257.04682657861105
936170000,0.8043131363616531,-0.17901340290673362,10.363221858924351,1.6815234412409927,228.2047720600154,-254.50038916969092
936176000,0.8059267556506482,-0.17968864117446298,10.475484058873727,1.6633921738493207,227.4360218347455,-256.8726149937245
936182000,0.8077973466732614,-0.1817273834326895,10.626984229184542,1.639536460609775,224.7058933543068,-259.73410017369775
936188000,0.8071203897818583,-0.1825424265999395,10.594560744791265,1.6445840685012756,223.49390307490398,-258.83627964157876
936194000,0.8072468486732947,-0.18076641649385342,10.576671027793703,1.647382463023526,226.0309224249895,-258.8653951690029
936200000,0.8097720064298792,-0.1844827380796824,10.800849095999126,1.6129910887005197,220.90066780046226,-262.71894060125106
936206000,0.8082592499119323,-0.1819231077842124,10.660444553322558,1.6343599196124128,224.46219421448652,-260.4089914003145
936212000,0.807168940692915,-0.18310631173468966,10.606128211334811,1.6427797010509535,222.70020861615407,-258.9475450086363
936218000,0.8085377111043993,-0.18312038566419817,10.696950456096143,1.628749473903556,222.77372610544413,-260.8891297164316
936224000,0.8092539270557444,-0.18214576750860523,10.730153402901829,1.6236800883480165,224.21353262709533,-261.84986978056895
936230000,0.8096436444697498,-0.18481852556886857,10.797334473266886,1.6135191552075816,220.41778888319456,-262.5508189089246
936236000,0.8102161582178802,-0.182496332217032,10.800453021628348,1.613050580916811,223.76821600989066,-263.2557905364957
936242000,0.808505326250258,-0.18207080345434473,10.678999888877785,1.6315033886655446,224.26913192477514,-260.77175011942984
936248000,0.8097260742772255,-0.18407384035411253,10.791420248633461,1.614408541230735,221.48114161119912,-262.63491505873054
936254000,0.8099648530365281,-0.18348245978076644,10.798514307871773,1.6133418482647577,222.33792923184168,-262.947322879507
936260000,0.8112972406480339,-0.1823163240399517,10.871563126884276,1.6024395821345447,224.08614958027778,-264.8100082550274
936266000,0.8063189936131087,-0.18129397164491634,10.523985005182103,1.6556796308699406,225.19388552441623,-257.59362474323956
936272000,0.8084240925146408,-0.1848772024815424,10.716072779434734,1.6258260308780872,220.2785729037247,-260.82792510307144
936278000,0.807930625259737,-0.18494276156349782,10.68414846146242,1.6307125574196246,220.16078095447594,-260.1366353352226
936284000,0.8096532211974315,-0.18366510574570574,10.780199628004686,1.616098612783389,222.06090469859723,-262.51085069618205
936290000,0.809152026997626,-0.18351593079189193,10.744106284362365,1.621559211144918,222.24697038847304,-261.7877223956253
936296000,0.8111257541179131,-0.18120479976485832,10.84271650131642,1.606727132594699,225.69397108100137,-264.499114703544
936302000,0.8087840131701944,-0.18030082782136395,10.671159259580987,1.6327092042387057,226.835978440233,-261.0333838244273
936308000,0.8075271357995855,-0.17939669325884067,10.575021858083629,1.6476409149208229,228.0235567896919,-259.1352653441981
936314000,0.807664352457308,-0.17856770635646727,10.571980976215071,1.6481176842243088,229.23526040628505,-259.2467939336801
936320000,0.8076183697945086,-0.18153497479575503,10.612346435074238,1.6418113828920005,224.96587430609318,-259.46304233170264
936326000,0.8106884312330022,-0.18073057439179105,10.805658603117362,1.6122690293433997,226.3575283544456,-263.8309700896717
936332000,0.806241883825307,-0.18334999730227178,10.54915695158685,1.6517050371131434,222.28733934599424,-257.6608604592298
936338000,0.8090260471757421,-0.18081367190811642,10.694905261583195,1.6290627699173341,226.11503178112577,-261.4250374307066
936344000,0.8099049135483101,-0.18085615218417558,10.75449650528985,1.6199834744560442,226.12003607879862,-262.7001475856574
936350000,0.8099134261814892,-0.180390263687514,10.748068218994911,1.6209579985003661,226.79734938044072,-262.6779253247831
936356000,0.8125350059477834,-0.182113485449111,10.954107858247093,1.5902965553503512,224.43896939470352,-266.6046400407436
936362000,0.8103212480931441,-0.17944969126781898,10.761484795926568,1.6189253864297246,228.2020213180004,-263.19904751436684
936368000,0.8083860415722963,-0.18161736491894287,10.664295306620094,1.6337662845567036,224.90936053679738,-260.56720534314735
936374000,0.8086402202977311,-0.1846986039096018,10.727814143671305,1.6240362070610654,220.5414834828451,-261.1240166384954
936380000,0.809449487859229,-0.18372353144445297,10.767324882328461,1.6180422091882574,221.96700797370326,-262.22306400518653
936386000,0.807616234679423,-0.1839737334863852,10.648609714225083,1.6361870987689082,221.50664516376534,-259.63776669984196
936392000,0.8080197498700818,-0.1869740279986076,10.721293355440567,1.6250297312309407,217.32349687293677,-260.35256728325777
936398000,0.8047806931567582,-0.18310705371054778,10.45137645273915,1.667252604899209,222.5051036432622,-255.59770422334418
936404000,0.8099753094292504,-0.18289465038174318,10.790204805098497,1.6145914424594132,223.18162469593867,-262.93139901668724
936410000,0.8106968130737487,-0.18080546046304288,10.807364695550602,1.6120130465855456,226.2489091411748,-263.84823219665014
936416000,0.8112599956881218,-0.18034966599107743,10.838862331318515,1.6073017312260265,226.95282755264714,-264.641034244487
936422000,0.808152667639235,-0.18101095767899128,10.639826241477332,1.6375458291671978,225.76013197173359,-260.1839961163663
936428000,0.8088469764560599,-0.18120080518564102,10.688739119117818,1.6300080712155944,225.54299846516358,-261.1970883823161
936434000,0.8101168937592834,-0.17913993376643503,10.743083937262883,1.621714422101144,228.6386995118692,-262.8739289320648
936440000,0.812238857097878,-0.18263652501177666,10.941660615010987,1.5921158200523824,223.6630128966233,-266.19385101286275
936446000,0.811298733797203,-0.18152549920632868,10.859484956989528,1.60423199680888,225.2365248955208,-264.7700706352439
936452000,0.8066285899717581,-0.18422459497714214,10.587389104428073,1.6457047446641693,221.08950955505452,-258.2664887898273
936458000,0.8087563542776642,-0.18298159071150064,10.709455662563391,1.6268364717451236,222.98528121568063,-261.191846709486
936464000,0.8073190014240276,-0.18252148229505652,10.607285502446928,1.642599397878934,223.53895226770777,-259.11602805843387
936470000,0.8082542734421799,-0.18274866133257478,10.67247757079399,1.6325063352829419,223.28416499469765,-260.46116496427686
936476000,0.8060819855287054,-0.18171283778288277,10.514747901198437,1.6571429652660288,224.57903277831488,-257.29706122384306
936482000,0.8062139922015752,-0.18372743890207682,10.552931966622205,1.651110620579975,221.7561348858639,-257.65048382875534
936488000,0.8083852256568915,-0.1821324958680897,10.671938108633796,1.6325893445649906,224.17223525025423,-260.60450544615225
936494000,0.8085011383034171,-0.1835967018279488,10.701719046177562,1.6280194598851774,222.0944172727479,-260.8664989154114
936500000,0.8066028646032997,-0.1825816449999041,10.56130932702676,1.649793047063799,223.39724562741185,-258.1078501638828
936506000,0.8099340405567607,-0.1840819072796973,10.805659676426352,1.6122688682780806,221.47929454369975,-262.9320183000742
936512000,0.8100035723701438,-0.18195793391448709,10.777829317651918,1.6164560876206238,224.53222298461353,-262.91713328709886
936518000,0.8082450700435616,-0.1843539115766356,10.696131592810914,1.6288748981253405,221.0075025271005,-260.547633215145
936524000,0.8092895888108055,-0.18141661126092107,10.72155932175357,1.6249891840669886,225.26511736721307,-261.8507530853089
936530000,0.8092028664941338,-0.1789641564881434,10.679280032773912,1.6314603382017836,228.8138982326403,-261.52224196199137
936536000,0.8117137272687015,-0.17869640045149857,10.84488569887137,1.6064039191052464,229.42230522736028,-265.1906558331332
936542000,0.8099847036788619,-0.18084908833178645,10.759772272735255,1.6191845491019277,226.1360353177801,-262.8154217562278
936548000,0.8102637949518676,-0.17948986035782055,10.758206725321044,1.6194215421883664,228.13854265134748,-263.11819701439464
936554000,0.8104428970126664,-0.17951453910719192,10.770676795177373,1.6175357466923155,228.11682987666558,-263.38245175966324
936560000,0.8107241793633074,-0.17998563284564578,10.79682354197253,1.6135959506962694,227.44849716375666,-263.8305472728273
936566000,0.8075725914068059,-0.17953572597900358,10.580017167712741,1.6468583179312823,227.8278401968922,-259.21475195031974
936572000,0.8092368092110667,-0.18358836593161912,10.75091715524471,1.6205259565594305,222.14839921668028,-261.9125822778739
936578000,0.8124522235814606,-0.1803218271783892,10.920561807786838,1.5952091331474583,227.068129404386,-266.39308821023445
936584000,0.8112393305728198,-0.18269798333629836,10.873484966788414,1.602154749167012,223.5299411410015,-264.74460373661697
936590000,0.8124761533299333,-0.18311567454280536,10.965718684725363,1.5886032940817982,222.974210304152,-266.5573341217799
936596000,0.811822005335594,-0.18223151323142292,10.906435404112614,1.597286962286317,224.2348636293471,-265.5689591607785
936602000,0.8089557956445763,-0.18062465037473507,10.687403331419942,1.6302129993428902,226.3823666686007,-261.3084679417054
936608000,0.8095733979941155,-0.1810043961179435,10.734412865659232,1.6230320482558094,225.88109683290938,-262.2306484839422
936614000,0.806572097303791,-0.18025681731293103,10.52532066880331,1.6554682506258716,226.6936817191693,-257.85277998711456
936620000,0.8079438764727653,-0.18100444768755836,10.625944370844406,1.6396978607902883,225.75188010412873,-259.884016403027
936626000,0.8093308176667051,-0.18136390727637003,10.723531560339413,1.624688575155404,225.34408621474506,-261.90640097284205
936632000,0.8079999997828637,-0.18255695768927216,10.652736140442377,1.6355495553076929,223.5391758376499,-260.0858317358238
936638000,0.8073974489447847,-0.1828712515735449,10.617649359485151,1.6409865016308949,223.04933700524188,-259.2534404446205
936644000,0.8086343361250564,-0.18352153730631765,10.709478030555566,1.6268330540068625,222.20912958167872,-261.05120907317223
936650000,0.8091717568669343,-0.18486940428256282,10.766191386541278,1.6182135484749935,220.32515329367405,-261.88392887496343
936656000,0.8085491424811727,-0.18243009928466142,10.687309122424146,1.6302274542440274,223.75866779656803,-260.85974016205836
936662000,0.8084078116424619,-0.18219008277401413,10.674301741505882,1.6322257052676288,224.09158094865668,-260.6409386979134
936668000,0.8097452275045023,-0.17925001253446124,10.71974869359004,1.6252652585362881,228.44561031066806,-262.3396957862599
936674000,0.8087826010886882,-0.18133800951639,10.686498082813053,1.630351906258004,225.34067243891883,-261.11499143514493
936680000,0.8103536794399138,-0.18065279703248727,10.781758885012051,1.6158635422026446,226.44768779696997,-263.3378168698161
936686000,0.811939930210437,-0.18278529633615243,10.923223348031602,1.5948182583928106,223.4343181950704,-265.7649384884655
936692000,0.8099284699413192,-0.18098656403447322,10.758049939514192,1.6194452803086796,225.93257998749633,-262.74366046133474
936698000,0.8112679940877959,-0.18087947927416673,10.847484339641639,1.6060168896192875,226.17772928157046,-264.68686971308244
936704000,0.8139794626696157,-0.1844010622626336,11.09229951295817,1.5703752975717966,221.13774727718274,-268.77725080758273
936710000,0.810203977891735,-0.1846060350324819,10.832165769644751,1.6083010683690153,220.7429797069093,-263.33949174162245
936716000,0.8141769016034114,-0.18381974233423312,11.097005631616183,1.5697056868148498,221.98962488191455,-269.0573087780142
936722000,0.8099670029555156,-0.18297590797520208,10.790885923353708,1.6144889419448107,223.0644659686061,-262.9239099179884
936728000,0.8123133141190434,-0.18582267330796085,10.997345532857068,1.5840092879566272,219.0603284585219,-266.38815257781414
936734000,0.8123626189056666,-0.18245183687954136,10.947385758306721,1.5912785261825335,223.93734258222293,-266.3668137581791
936740000,0.8114979357559796,-0.18343566944372341,10.902783888741626,1.5978249407924974,222.47398904592225,-265.15066976634455
936746000,0.8105996135751218,-0.18263581667195425,10.828700290257583,1.60881871613449,223.58790458636165,-263.8165176369227
936752000,0.8087299202640272,-0.1835900782154266,10.716913163035294,1.6256977934807824,222.11733738785108,-261.191103824345
936758000,0.8104641539379193,-0.17949237486240754,10.771782592819573,1.6173687342193506,228.15100117746528,-263.4118284693585
936764000,0.8077777786601534,-0.18345214272419244,10.651448914787212,1.6357483814974938,222.25373620750355,-259.8322448039474
936770000,0.8085793654042572,-0.17868158546963328,10.633775966360075,1.6384830737842135,229.1651081296703,-260.5866615882616
936776000,0.809537475734746,-0.17875093719085786,10.69845726796316,1.6285187281081737,229.15648300619497,-261.9910827747245
936782000,0.8076243758331875,-0.17992900361422318,10.589141737585395,1.6454307280802083,227.26691483392923,-259.32786410610646
936788000,0.8072206241302384,-0.1829601193327791,10.607345718907306,1.6425900173856969,222.91058094520614,-259.0098252556125
936794000,0.8074363513891569,-0.17890317296372846,10.561938417949836,1.649694190108701,228.72589425050353,-258.95306423769057
936800000,0.8102505274716486,-0.18249944108740548,10.802835551208677,1.6126927802451059,223.76566996758694,-263.3055106413466
936806000,0.8084198545657482,-0.1805718719253654,10.651007817672706,1.6358165249624923,226.41391791580796,-260.53106114490953
936812000,0.8054275092752509,-0.18129707035741774,10.466565538397926,1.6648182345258808,225.10323568925833,-256.3333104825425
936818000,0.8107727175938757,-0.18149088404936878,10.822967673449574,1.6096757461780595,225.2560771519001,-264.0024638468453
936824000,0.8077184557747993,-0.18037036328396983,10.601774213766554,1.6434583991988896,226.6415622406171,-259.5045680637162
936830000,0.8063810075194571,-0.18259975263339537,10.547132803333366,1.6520239377606365,223.353526648653,-257.7964367443253
936836000,0.8101522597122847,-0.18064456036931248,10.768006046386784,1.6179392618939448,226.4452655640579,-263.04412888094026
936842000,0.8075485476701917,-0.18176382322069493,10.611139675403862,1.6419992131357233,224.6338496365796,-259.3822903981817
936848000,0.8061340676014666,-0.18071821263276755,10.50366505639292,1.6589021280092848,225.99295779945624,-257.2754966056423
936854000,0.809557347147605,-0.18150125782202536,10.740811758374587,1.622059487076929,225.1619662742006,-262.2429494418853
936860000,0.8077500938146556,-0.18220677326368814,10.630990811300013,1.6389148823185895,224.01899852737824,-259.7042491479094
936866000,0.8101390862281503,-0.18074317080855354,10.76860218465467,1.6178491756977789,226.3009450061387,-263.03206861113154
936872000,0.8056588028069233,-0.1812586712718456,10.480863616077434,1.6625331733936697,225.18036336096702,-256.65596252017656
936878000,0.8094153663761654,-0.179365032502765,10.699374659950937,1.6283782752994451,228.2488251525474,-261.86848655305914
936884000,0.8102077014938937,-0.18002458628058424,10.76242884545722,1.6187825553822859,227.35260353587438,-263.078576414323
936890000,0.8093217177261663,-0.18092754419321525,10.716375926375171,1.6257797701697416,225.97343810848264,-261.86095146284
936896000,0.8078294501153003,-0.18215715181710818,10.635490269025277,1.6382174029182792,224.09570545940971,-259.8134472828621
936902000,0.8069263468398933,-0.17904220489029485,10.530754291452785,1.654608890952294,228.47075826190118,-258.2331547605732
936908000,0.8091363178982199,-0.18220637199742798,10.723179585183749,1.6247422150859978,224.11872868059723,-261.68508591804596
936914000,0.8071735226978763,-0.1840188220707885,10.620074473262125,1.640609546944801,221.41465144152133,-259.01735669198126
936920000,0.808204265531762,-0.18545481568440428,10.710221312326075,1.6267194917646455,219.45515592487877,-260.54675520188005
936926000,0.8096062428341384,-0.1861360523213553,10.815298493252019,1.6108237267318755,218.55203218819833,-262.546502881617
936932000,0.8111516858220962,-0.18435025844389308,10.893192066096477,1.5992398386229945,221.14404796582016,-264.6858434274063
936938000,0.8110019089890731,-0.18226888226249457,10.850562615739154,1.6055586673951947,224.13982384783242,-264.37917446209934
936944000,0.8111143401592867,-0.18242060765209073,10.860610448132602,1.6040648027143374,223.92570006178443,-264.54995418357515
936950000,0.8157463315945858,-0.1839217736234682,11.211744335340978,1.553555404431761,221.85426582354484,-271.36457672775936
936956000,0.8127657555492085,-0.18059015316392835,10.946497739388207,1.5914083397845527,226.68940854332607,-266.87096056730326
936962000,0.8121199319016856,-0.18321293655692486,10.942418736340104,1.592004895159803,222.82017340514605,-266.04304345562826
936968000,0.8122380668932634,-0.1804979883031735,10.908433808531928,1.5969926907421415,226.79592358984578,-266.0875213192698
936974000,0.8127566915361768,-0.1804298525366673,10.943387030499807,1.5918632412657776,226.9257428087786,-266.8489002278483
936980000,0.8100242805559787,-0.18364759402148675,10.805092334599511,1.6123540105097813,222.1044165353373,-263.04056942424074
936986000,0.8125812969965134,-0.18348688416738654,10.978923965480911,1.586681895463868,222.43780520973937,-266.72238792734845
936992000,0.8106502648130737,-0.18006618157539064,10.793018948761349,1.6141680304144688,227.32518089055822,-263.72831379124744
936998000,0.8098164599139408,-0.18356156046947472,10.789664531539227,1.614672756740119,222.2172186463278,-262.73891746241037
937004000,0.8093013389398303,-0.18539119978875845,10.783014415127514,1.6156743107411313,219.59256188522326,-262.08935198688573
937010000,0.812168515376948,-0.18365189059441334,10.952703220985013,1.5905016456579415,222.18528886856674,-266.12866843391816
937016000,0.8060014652146498,-0.18971743279164058,10.629828680888343,1.6390951257261854,213.4842409999453,-257.6697490982203
937022000,0.8132314154213337,-0.18295996894536531,11.016230136008991,1.5812788584854822,223.22583251949087,-267.6541664949133
937028000,0.8116398457605369,-0.18131827210138188,10.879750223205562,1.6012268897557227,225.5581519811357,-265.25635521167817
937034000,0.8117757965108564,-0.18131196715133288,10.889022991074686,1.5998556061744447,225.57488173406952,-265.4548298172607
937040000,0.8083730599700859,-0.1833514326614428,10.689463949947886,1.6298968938644625,222.43484066961236,-260.66960280150397
937046000,0.8101509567253613,-0.18432781230933815,10.824228542969285,1.6094871667977855,221.1377687811638,-263.25248150746677
937052000,0.8050391119332149,-0.1837088225908736,10.47671856819828,1.6631949703533095,221.68962663315577,-256.00920222436355
937058000,0.8067261622564031,-0.1841860927128902,10.59320260688858,1.644796180361334,221.1500483863451,-258.4005602322997
937064000,0.8053443747513488,-0.18097283561477448,10.456564977882948,1.6664202319947656,225.5523360955179,-256.1831314136491
937070000,0.8082336540787074,-0.18071784671723948,10.640843829349796,1.6373883008556132,226.187973920926,-260.27557492633485
937076000,0.8085848727733072,-0.1800298231057969,10.653932511105742,1.6353648061337056,227.2103896530883,-260.7220136433141
937082000,0.8067905507929605,-0.180580038956478,10.544196142693389,1.652486822620787,226.25406986024464,-258.19632995170815
937088000,0.807094823366467,-0.18105747127667057,10.570998773373304,1.6482717395320892,225.6015999622218,-258.6749077437162
937094000,0.8091225899463633,-0.17851097118697742,10.667279436385002,1.6333065462180225,229.4676792415184,-261.3617128541065
937100000,0.8098895584468647,-0.1839064836640192,10.799931482230924,1.6131289252782974,221.7277416294598,-262.860330388912
937106000,0.809043338752383,-0.18047171291390726,10.690964702203233,1.629666751032329,226.6105367278943,-261.4225502643538
937112000,0.8095044466504027,-0.1814683405138829,10.73675908264143,1.622675313350139,225.20577869043,-262.1643134479433
937118000,0.8079273069844967,-0.18151387329178517,10.63239177161626,1.6386976498605605,225.02130267152532,-259.90254575975354
937124000,0.8077938838469624,-0.1826039360399257,10.639803960908413,1.6375492786643693,223.45747243542448,-259.79615948578555
937130000,0.8088399995302441,-0.18250802987909215,10.707894189984657,1.6270750940071728,223.66695718475717,-261.28069196514826
937136000,0.8045144343506792,-0.18276096571591285,10.429364874690576,1.6707931231090625,222.962861087041,-255.1950878375224
937142000,0.8083020249693645,-0.18421860461704473,10.69787274838811,1.6286082307904528,221.2018651264216,-260.6205368374138
937148000,0.8073468387391888,-0.18762922630643958,10.686534129808917,1.6303463745313391,216.39000121881193,-259.4431853458739
937154000,0.8059254389946536,-0.18438693868513786,10.543962940294087,1.6525235918017818,220.81376089092504,-257.2955469579086
937160000,0.8073316490081174,-0.1852704844146322,10.649397176675038,1.6360653953099105,219.66896391548323,-259.31451283515946
937166000,0.8080939111016081,-0.17918798341974274,10.609159369991472,1.642307537981695,228.38184465555403,-259.93277050687067
937172000,0.8098140522214629,-0.18453844179758772,10.804566420963207,1.6124329435770983,220.82320023889912,-262.78119891864355
937178000,0.8101672156681909,-0.18465248306617174,10.830379422799973,1.6085678579678244,220.67531017271574,-263.2889166327379
937184000,0.810300625554611,-0.18478175595898755,10.841503004108649,1.6069080022870543,220.49617667249987,-263.484044962553
937190000,0.8098402366798454,-0.18698986401336248,10.844667929610122,1.6064363611428738,217.3563968470686,-262.8996556194035
937196000,0.8115746481614386,-0.18263783698035915,10.895654485422662,1.5988763653808593,223.63266969396614,-265.2279984218106
937202000,0.8091462392216248,-0.18518647911301642,10.769362911984366,1.6177342320251367,219.87549015298333,-261.8617082341152
937208000,0.8099708441685892,-0.1856250782477913,10.832147410425698,1.6083038098536182,219.28612082745403,-263.045199727072
937214000,0.8071260349699174,-0.1837888822600566,10.613503612333883,1.6416313105482214,221.73491722405066,-258.93518961902316
937220000,0.8079102270052051,-0.18221011567837278,10.64161622436732,1.637268750065333,224.0263818547813,-259.93251987464544
937226000,0.807118241761405,-0.1838384633256785,10.613733645253983,1.641595519052734,221.66462706609485,-258.9275835924078
937232000,0.8058850001286041,-0.1826513826742534,10.515728313193035,1.656987526143316,223.23915513439286,-257.1027974092994
937238000,0.8066525318096749,-0.18275335391575498,10.567084166677036,1.648886019903168,223.15896875302514,-258.19173200987507
937244000,0.8077382746309053,-0.18408827687412777,10.658417301525041,1.6346726161738754,221.35272993056668,-259.8169572342676
937250000,0.8116891711254279,-0.18099655700904574,10.878202301038916,1.6014560305784074,226.03171525194304,-265.31023406614764
937256000,0.8117310253517129,-0.18024265649069798,10.869538825475573,1.6027397106158765,227.14074477240467,-265.32562868049394
937262000,0.8116361286280803,-0.18150163139530515,10.882317079873053,1.6008470597037463,225.29002810053612,-265.26100171540287
937268000,0.81033431118734,-0.18331289356000283,10.821031997200004,1.6099653379085281,222.5994691092989,-263.46883180702457
937274000,0.8089769842139654,-0.18641225542410778,10.776944337294767,1.6165895952846887,218.14266570385493,-261.67045307920677
937280000,0.8127524278112324,-0.18884945549676754,11.077612224237596,1.5724687690976455,214.75154931400579,-267.01647100380836
937286000,0.8071764961202225,-0.18305885784204096,10.605917502085365,1.6428125333175536,222.76779070355954,-258.95473952917416
937292000,0.8117771530615554,-0.1866330610664523,10.972822283785076,1.5875691245720047,217.8957366334194,-265.633009954941
937298000,0.8058165764156734,-0.18318150063514238,10.519085553808882,1.6564554749370797,222.4897052984731,-257.0511540215262
937304000,0.8116406013164218,-0.1839583944090601,10.920842676839,1.5951678755498189,221.72464486966285,-265.37581740514
937310000,0.8122728887607394,-0.18364834662170898,10.959923932085795,1.5894479178119025,222.19378803702836,-266.27980798143705
937316000,0.811168357426129,-0.1824236464092224,10.864365362577855,1.6035072549281222,223.92401088860728,-264.6284077404608
937322000,0.8096173487243155,-0.18153833267314212,10.745407934429403,1.6213616400116437,225.11259965813954,-262.3321101195896
937328000,0.807517706241299,-0.18136621932750083,10.60323729289409,1.6432302726918078,225.19824920712617,-259.30523296243535
937334000,0.806144160779456,-0.18169954281242418,10.518576365544432,1.6565361483943528,224.6035275279694,-257.3837115617991
937340000,0.8081810408368224,-0.18200806311634324,10.656527389591723,1.6349642366443624,224.334934820138,-260.30362352913124
937346000,0.8059148389343831,-0.1809183702042451,10.492421090949868,1.6606906976964058,225.6871660820664,-256.984472692026
937352000,0.8062732926389432,-0.18378834382781387,10.557695614587828,1.6503611453436982,221.67524606281876,-257.7380486823698
937358000,0.8088833496897564,-0.18172522831708343,10.69901482861082,1.6284333626188028,224.79174666463385,-261.28855241663996
937364000,0.8084315651088037,-0.1827148655070092,10.683761282670892,1.6307720021326657,223.34435291279613,-260.7114095175875
937370000,0.8088032660630293,-0.18129611607970714,10.687249301280765,1.630236632998974,225.40250044111244,-261.1415093788845
937376000,0.8074977081989027,-0.18306751524930884,10.62718296267322,1.6395056180921783,222.77877289655814,-259.4095462433541
937382000,0.8096346307149763,-0.18067315562197034,10.733555858300777,1.623162392754152,226.36541376751097,-262.29461586254985
937388000,0.8101067111527619,-0.18356882905189004,10.809482442557776,1.611695412392011,222.22121618694877,-263.15479710670354
937394000,0.8069291186534454,-0.18036327158291868,10.550056994418519,1.6515632767630326,226.57702074333238,-258.3731734066298
937400000,0.806994550298055,-0.1800227624186194,10.549366768839265,1.6516719878738853,227.07061881369702,-258.43321139846233
937406000,0.8071230856314078,-0.1794220984374497,10.549026607947415,1.6517255687817365,227.94548277194752,-258.556405951471
937412000,0.8044385318951764,-0.17933396876703925,10.375637223090012,1.6794987812531723,227.76660572987578,-254.71780447970266
937418000,0.8077779651939442,-0.1800807282766475,10.601438293876127,1.6435107855330078,227.06331075293136,-259.56318082610954
937424000,0.8085425075727789,-0.18201703999612556,10.680668542050247,1.6312469958886244,224.3487438161329,-260.8210608161503
937430000,0.8052784457716391,-0.18084963206652324,10.450574438526251,1.6673813430450068,225.7194577945566,-256.0772621876714
937436000,0.8057155406074321,-0.18243427511238344,10.501606620089284,1.6592292730058202,223.52945486673036,-256.8458021630435
937442000,0.8067809594543185,-0.18192570334751026,10.56325878897656,1.649486742269952,224.33977924996995,-258.30506742658065
937448000,0.8064974911601244,-0.18156158571115288,10.539469594787352,1.6532323812521201,224.83094980193857,-257.8712976266044
937454000,0.8028107949549635,-0.18194381844295926,10.31029323473883,1.6902101023241032,223.92283808541924,-252.74490613525677
937460000,0.807477255807988,-0.17994734227993042,10.579773926905746,1.646896408312783,227.2263300884321,-259.1181707844257
937466000,0.8086216254823259,-0.1783087592782832,10.63113068229371,1.6388931913714075,229.71240165377162,-260.6102775161086
937472000,0.808023382448051,-0.18143458055331882,10.637560541693613,1.6378966814269116,225.14248040605708,-260.0335455507452
937478000,0.8072424390687031,-0.18239262875462353,10.600345382336542,1.6436812470545545,223.71568557111394,-258.9974846199853
937484000,0.8083315302864063,-0.18172534947055405,10.662288370750797,1.6340756213386056,224.75054964725524,-260.49740850168183
937490000,0.8073459353694411,-0.18497340018588748,10.645837753067829,1.6366156538828456,220.08558253807428,-259.3179055892563
937496000,0.8094557933722922,-0.18208149570602622,10.742745509695212,1.6217658081501762,224.31918515232402,-262.13574486147775
937502000,0.8089416298829971,-0.18110843623923767,10.693671997100788,1.6292517477108082,225.68331595611326,-261.3262858857396
937508000,0.8115611934980766,-0.18312064607663917,10.902238867155546,1.5979052701051288,222.93218344850732,-265.229432811592
937514000,0.8094769349856132,-0.18267350162176207,10.753148003232246,1.6201878090795099,223.47031210367493,-262.2033164215691
937520000,0.8107172964273234,-0.178660932853053,10.776483816205438,1.6166590779998193,229.39366968391946,-263.7152403087949
937526000,0.8091044861899188,-0.18091997315491265,10.701730058072945,1.6280177748554456,225.96771044590804,-261.5465904304541
937532000,0.8096732599795893,-0.18129700623560424,10.745531588312277,1.6213428737014122,225.46508533790217,-262.39610518648726
937538000,0.808688163854632,-0.18319149325970624,10.7080737138633,1.627047655823616,222.68191390513172,-261.10777043213903
937544000,0.8077130317427067,-0.18328667887590128,10.644680583956676,1.6367946229919754,222.48355087778296,-259.7295362308424
937550000,0.8073940203584159,-0.18017107669011265,10.577592471999195,1.6472380930392445,226.89711606906536,-259.0202631682961
937556000,0.8046843840088658,-0.1839050566068261,10.456855123253643,1.6663737098259392,221.3875574340448,-255.53278911688133
937562000,0.807002719484839,-0.1824682617732729,10.585753247064918,1.6459605864651166,223.58962448287883,-258.6638686583554
937568000,0.8064673010219597,-0.1834558451365382,10.565404397775257,1.649149750194745,222.15596425186928,-257.9853569677207
937574000,0.8070682928969829,-0.1825967009052044,10.591950731911572,1.6449917448545837,223.41302022712574,-258.76677414844875
937580000,0.807969394410723,-0.18006950644733744,10.613861254774216,1.6415756645889157,227.09731958173046,-259.8376306831195
937586000,0.8113532897490612,-0.1782847591786578,10.814068409480575,1.611008007751156,230.00327675305505,-264.6233093529658
937592000,0.8093664045027783,-0.178185849175058,10.678733825981158,1.6315442773741622,229.9673595579505,-261.68641248157775
937598000,0.81149627834303,-0.18030908110383695,10.854429839671441,1.6049833764554622,227.02795550958245,-264.9849862853383
937604000,0.8094749840636702,-0.17927627071156743,10.702044891134177,1.6279696008803195,228.3835123881471,-261.94753315340336
937610000,0.8077318312265183,-0.18316321383470932,10.644071820189808,1.6368887908578056,222.6596551052447,-259.74772127245683
937616000,0.8091837544094185,-0.1817102331214861,10.71888162213817,1.6253974980649042,224.83474229088515,-261.7192521370166
937622000,0.8107533175922065,-0.18291689598024222,10.843533477381463,1.6066053867005001,223.19007701738207,-264.05261252054015
937628000,0.8073073970900809,-0.18630752886022858,10.663592075547774,1.6338746629104328,218.2211808361605,-259.3333871405461
937634000,0.8091774842174909,-0.18370905236695212,10.74876734713774,1.620851954141069,221.9732049571128,-261.83461394472283
937640000,0.8097485492188445,-0.18339375462869997,10.782488854902592,1.61575351691623,222.4538049783549,-262.6330892757917
937646000,0.8100479245705855,-0.18357621149707354,10.805599557391949,1.6122778900462014,222.20777682095826,-263.0709472158487
937652000,0.8107345243587365,-0.18320896481407237,10.846760328031719,1.606124701749504,222.76813452901456,-264.03953173185687
937658000,0.8118042507795681,-0.1812303052249581,10.889727917732358,1.599751455921239,225.69595675124515,-265.4919816110836
937664000,0.8082119669994422,-0.18229952660840476,10.662934193967507,1.633976065290911,223.92120547640775,-260.36924882694564
937670000,0.8111526197215461,-0.1810537348544728,10.842246509532313,1.6067971792247877,225.91602679312396,-264.5290979596472
937676000,0.8100885323900843,-0.18314722793827387,10.801761091333061,1.6128541194833623,222.82495626124833,-263.10751573076436
937682000,0.8106287390918838,-0.1827113894497582,10.831851165907683,1.6083480477688314,223.48034151691814,-263.86249395041625
937688000,0.8115953580504276,-0.18201469731648284,10.887425872181199,1.6000916247810224,224.53964638068948,-265.22834108689455
937694000,0.8083699369054435,-0.18180652566690855,10.666048845184447,1.6334961010170554,224.63727338652157,-260.5585349538757
937700000,0.8092185498003993,-0.1824186806741959,10.731905208765752,1.6234135035494055,223.81961078253977,-261.81692239687817
937706000,0.805873339876993,-0.18244182354846114,10.511905828597223,1.6575937261535378,223.53271817471006,-257.0682866142146
937712000,0.8113552681254643,-0.18375243459547713,10.897880671546215,1.5985479046685491,222.01132978170634,-264.9570098686053
937718000,0.8095716078724046,-0.17915421725402916,10.70669973660016,1.6272576762590105,228.5702219564724,-262.0776739607877
937724000,0.8076397534611216,-0.1828584294105922,10.633427737877717,1.6385370504063737,223.08510599354588,-259.59580774041183
937730000,0.8038386001559776,-0.18503446831494824,10.419444968775721,1.6723936553654775,219.75984567326628,-254.45816382104272
937736000,0.8054283124873648,-0.1814747372286852,10.469183771049774,1.6643993280182292,224.85284541298012,-256.35203423230803
937742000,0.8068643801001687,-0.18507356095502114,10.61560420612777,1.64130453111738,219.91743974825815,-258.6502777891575
937748000,0.8061104704551727,-0.18393594144784925,10.549291024843068,1.6516839184912229,221.45670912064804,-257.52110220525026
937754000,0.8036998480413711,-0.17903811669523959,10.325049067078496,1.6877793327479704,228.09124531894426,-253.6367513451078
937760000,0.8076505197543733,-0.18381498906684185,10.648486653779687,1.636206119579231,221.73274245919342,-259.6760387418579
937766000,0.8088439468283645,-0.18358495598881142,10.724473160756009,1.6245450956097836,222.13122153033086,-261.3529495870572
937772000,0.8081821041491393,-0.18433839695879872,10.691698277145802,1.6295542798221203,221.0258905837547,-260.45785760982704
937778000,0.8083587238577734,-0.18613294779436038,10.73099535998514,1.6235519507720917,218.51099999682492,-260.7932119358712
937784000,0.8063399960927788,-0.1824184028537175,10.541799604695672,1.6528647646450874,223.60577638312844,-257.72347274800717
937790000,0.8081732844884929,-0.18306843263401623,10.67190480338019,1.632594469660111,222.8239433059246,-260.3675486642591
937796000,0.804458032096739,-0.17947700538826608,10.378884104716676,1.6789700961512986,227.56663807857728,-254.76284979742678
937802000,0.8089073146455567,-0.18136063242634476,10.695152486078477,1.6290248920606578,225.3175833264149,-261.29608748527875
937808000,0.8073667051150678,-0.1845942404956426,10.64147586339847,1.637290473741499,220.61843901638284,-259.3248755059996
937814000,0.809570204377111,-0.18507996093888612,10.796403977073952,1.6136590188480384,220.04385869389066,-262.4573883271237
937820000,0.8079875029077799,-0.18388503771318915,10.671880272739031,1.6325982445167198,221.65490811431494,-260.15636367450645
937826000,0.810786393103424,-0.1851066923963233,10.87989904075337,1.6012048635758704,220.04946754061177,-264.18799651736623
937832000,0.8087162134971256,-0.1842578732175809,10.726168493414786,1.6242868276320745,221.16893112406302,-261.2088114998378
937838000,0.8090338167044003,-0.18603818915602077,10.774966311441766,1.6168880791859184,218.67019541970723,-261.73700376420675
937844000,0.8118816960636634,-0.1867255392176123,10.981616605999763,1.5862906820235119,217.76529697148266,-265.7828526759674
937850000,0.8071265175546116,-0.18269393799050337,10.597210518669232,1.6441703888702128,223.27994248853815,-258.85667762122716
937856000,0.8080929553289756,-0.1845694905361702,10.689273114019876,1.6299261635406928,220.69494527485216,-260.3449405713223
937862000,0.8115591139786419,-0.18352439866809983,10.908399691624224,1.596997713655344,222.34816147865186,-265.2425045277438
937868000,0.8124417868642231,-0.18186076731387654,10.94367078615703,1.5918217348123844,224.80484308212525,-266.4571110426714
937874000,0.810248229293298,-0.18150382280947833,10.787500732205384,1.6149985033364018,225.2044938265401,-263.2421689548969
937880000,0.8099915770701113,-0.18019802534576843,10.750450476002909,1.6205967127710332,227.08308808009716,-262.77690514364593
937886000,0.8124184473227897,-0.18319263349462556,10.962900968935884,1.5890138824309927,222.8602626463606,-266.4760440289015
937892000,0.8119696565055593,-0.1832991232323154,10.933325268580571,1.5933364332474014,222.68962164226042,-265.82820428159226
937898000,0.8126565191396798,-0.18182474385658687,10.95807321088162,1.5897178625227226,224.86719540538934,-266.770197551874
937904000,0.8089776032050903,-0.18324572582404805,10.728277557622533,1.6239656464808971,222.62215507875462,-261.5234942149663
937910000,0.8071448782565178,-0.1814289501526518,10.579723429611379,1.646904316176253,225.07677471871474,-258.7791809593494
937916000,0.8089788445938595,-0.1816354492136643,10.704046865552279,1.6276633369597604,224.92764920232676,-261.41924939124357
937922000,0.8075341767470229,-0.18395882787849754,10.642959678070032,1.6370608528962567,221.52245461793746,-259.52115367805015
937928000,0.8063871099954907,-0.18528285690322072,10.587450959557604,1.645695072324961,219.59692896425582,-257.99774596447884
937934000,0.8061355882959842,-0.1811415002456115,10.509900115025411,1.6579119861661025,225.39258859138047,-257.3191552564456
937940000,0.8095295520193233,-0.1826550254726751,10.75641305119657,1.6196931547087106,223.49998355426868,-262.2776761041127
937946000,0.8070028028626579,-0.17968964112177505,10.545072605160193,1.6523486448612543,227.5489034261821,-258.41133234127807
937952000,0.8099383112182683,-0.18217182924311848,10.776666733225891,1.6166314790434244,224.2196384879055,-262.8362058547066
937958000,0.8074500118046142,-0.1821740514147425,10.61073911317812,1.6420615695448084,224.04225399780887,-259.2749453661358
937964000,0.8059338323259249,-0.18265100027745435,10.518881354342179,1.656487826419051,223.243863455281,-257.17138426519443
937970000,0.8082264768843432,-0.1846144142304403,10.698857494407974,1.628457450409828,220.63886168649015,-260.53562612035773
937976000,0.8091703257111568,-0.18186734399161225,10.720346854808705,1.6251740438489246,224.60788399405106,-261.71090364888124
937982000,0.8107264439319629,-0.18254228117047278,10.835922949166239,1.607740225881796,223.72965707345986,-263.9948076435948
937988000,0.8118275362867197,-0.18212632806176593,10.90518555730428,1.5974710615746932,224.38837749220585,-265.57205379223757
937994000,0.8087542582527403,-0.18315523788447913,10.71194423325692,1.6264563165740453,222.73763305856983,-261.19967747521304
938000000,0.8102153313674979,-0.18249850343778504,10.800430077574225,1.6130540273555254,223.76503971607102,-263.2547212678928
938006000,0.8118581458336956,-0.18281970338305503,10.918091381252827,1.5955721128514357,223.380931805436,-265.6475407065706
938012000,0.8105009259439772,-0.18142069766367044,10.803391479235483,1.6126093156565726,225.3411782747576,-263.60333899771865
938018000,0.8084542688975984,-0.18319085726747916,10.692450163076211,1.6294390173402795,222.66817401478173,-260.77488785496496
938024000,0.8078603985092431,-0.18316788958645105,10.652648312638195,1.6355631197390632,222.6618078143929,-259.9302149098681
938030000,0.8100683712978942,-0.18267048890839097,10.793085609903619,1.6141580033742453,223.50908109910273,-263.0527517016123
938036000,0.8058304673063909,-0.18347889213360047,10.52436353335964,1.6556197200358247,222.07449733267111,-257.0945433915019
938042000,0.8076161438143225,-0.17947109516059842,10.581927802508654,1.6465591828375925,227.9253160313607,-259.2710315197286
938048000,0.8091853056009085,-0.18418596793761483,10.756595241055019,1.6196655618900822,221.29517084014984,-261.8706268684069
938054000,0.8086808919260007,-0.18142806563346925,10.681069358997739,1.6311854213897017,225.20348605126958,-260.9756894254245
938060000,0.8073547935738369,-0.18114749628371407,10.589328382171942,1.6454015524017076,225.49635089749407,-259.05380739130055
938066000,0.8054667726012988,-0.1832573740806547,10.497612157027627,1.6598644779814404,222.35463887339478,-256.5679735335362
938072000,0.8095304982905636,-0.1808284597767091,10.728891204358687,1.6238722205390388,226.13254741506498,-262.15547788568335
938078000,0.808397983431781,-0.18094521078827078,10.655089910813416,1.6351861148712612,225.87489418608368,-260.53087422448743
938084000,0.8069649175987881,-0.18374162591554477,10.602213008545776,1.643389974685134,221.7903312873738,-258.7052921036963
938090000,0.8092297464873545,-0.18088482750925128,10.70957969176328,1.6268175207691327,226.0281405594823,-261.724779799025
938096000,0.8085232740960341,-0.18257615433515992,10.687782095457429,1.63015488650301,223.5483844105359,-260.83280782292303
938102000,0.8082266995381235,-0.18500779296543043,10.704876056354918,1.6275365204185999,220.08466804597393,-260.55643944512434
938108000,0.8084678304124695,-0.18384933864629027,10.703328405270616,1.6277732343899491,221.73406885617314,-260.8341405752311
938114000,0.8070134229458491,-0.18430389109630135,10.613821319183218,1.6415818780213995,221.00386592437366,-258.8110932605824
938120000,0.8066170627617658,-0.18288628867277332,10.566735771919872,1.6489407122893096,222.9687315805265,-258.15223905186764
938126000,0.8083019692735526,-0.18451183609214064,10.702332292336973,1.6279256268694977,220.78764925915195,-260.6366177395872
938132000,0.8075043690526915,-0.18233380964813442,10.61668706355848,1.641136127077929,223.81951840501077,-259.36461882851455
938138000,0.8069185518985668,-0.1810803839959992,10.559831314273568,1.65002535252855,225.55291795988242,-258.42580261351986
938144000,0.8113267202518997,-0.17997056912762402,10.837667984625114,1.6074798739664482,227.51370963864446,-264.7131609259467
938150000,0.8078805267930589,-0.18059785579378448,10.615774538337561,1.6412780390611301,226.32959903035126,-259.75780718221677
938156000,0.8074062007765067,-0.18435157076316105,10.640422314605336,1.6374535500148422,220.96168006916736,-259.3656261975996
938162000,0.807988098535629,-0.18532239763057654,10.693768174747927,1.6292370084643029,219.63055288973996,-260.2368923743853
938168000,0.8136011823354719,-0.18637795460752152,11.09743961978001,1.5696439655833054,218.27207000991464,-268.24204312691165
938174000,0.8099441585461208,-0.18523985308809704,10.824313861603404,1.6094744078907877,219.8314349146098,-262.99394419961686
938180000,0.8084565226089989,-0.18507467044010098,10.721267648496363,1.6250336504200873,220.00186983996704,-260.8833658002212
938186000,0.8076490913323411,-0.1822479391404298,10.624942464875486,1.639853400396617,223.95269576317605,-259.5637034970689
938192000,0.8096211251162919,-0.1877129504641429,10.841128331953684,1.606963854784817,216.3376632636437,-262.6080683662151
938198000,0.8084590450743085,-0.18407850163894557,10.706224581732506,1.6273303191055986,221.40891049767285,-260.8347942885246
938204000,0.8077341363531867,-0.18604750088812833,10.687953937641534,1.6301285225472442,218.60339072731438,-259.9160798855755
938210000,0.8069260956726945,-0.18249354005741145,10.581113356320593,1.6466866818081718,223.54775730578774,-258.5574616074037
938216000,0.8050710033246291,-0.18281692685874848,10.465739377789705,1.6649504607451227,222.9358600579229,-255.9767711134142
938222000,0.8078706507479779,-0.18361985547687543,10.66012484269422,1.6344092258991252,222.02253638016896,-259.97453804447326
938228000,0.8073859552051313,-0.18218198496227025,10.606646423069744,1.6426989600007327,224.02592533987652,-259.184562905101
938234000,0.8068568817049517,-0.18169141290465535,10.56476732463793,1.6492497953037877,224.67863049118037,-258.3925790843866
938240000,0.8075043484610114,-0.18414826945582377,10.643841980327691,1.636924346932107,221.25373748597724,-259.4910894979351
938246000,0.8087888498551519,-0.1827143992564646,10.707589585649446,1.6271216514397273,223.36867200103197,-261.22112984712805
938252000,0.8057162240831174,-0.18334450164328966,10.514993297906459,1.6571040561748478,222.2533443266254,-256.92394282906525
938258000,0.8078437775309772,-0.18429413646889328,10.668526713141583,1.6331144662685502,221.06886055100736,-259.9780581495776
938264000,0.8052445947358892,-0.18160229636301442,10.459249751002844,1.6659898525328796,224.65517097532748,-256.1059072504585
938270000,0.8034844907148432,-0.18210193432957342,10.354727205748194,1.6829115472617564,223.77680136372706,-253.69643996166647
938276000,0.8068357502678407,-0.1806081798805204,10.547545809038514,1.6519588594801986,226.2182725157096,-258.26352194040754
938282000,0.8115067956505859,-0.1879114587526437,10.974541317681625,1.5873190638247505,216.08149106730173,-265.26028514454833
938288000,0.807412274292263,-0.18021074466343878,10.579365829172351,1.6469603184938357,226.8419617608035,-259.05023749391205
938294000,0.8057185696599563,-0.18202406565924092,10.495819523778835,1.6601497035881343,224.10668381000994,-256.8130825686344
938300000,0.8072096842620514,-0.18352823881046187,10.615104592193443,1.6413822418644668,222.107771053446,-259.0351065971583
938306000,0.8095163755425686,-0.18071659951463498,10.72626687487356,1.624271842670866,226.29346629806776,-262.1265520315452
938312000,0.8076450418764775,-0.18575555807165015,10.677559982027885,1.6317246989729917,219.00700514691823,-259.7777923361905
938318000,0.8062247413890539,-0.1861883550601887,10.590475275442458,1.6452222965302425,218.33120673515592,-257.82520612521535
938324000,0.807040725327419,-0.18346614320786236,10.603074890092413,1.6432555917587575,222.18340652310593,-258.79263862649566
938330000,0.8071788632111667,-0.18662372598140767,10.659915308164626,1.6344415422695047,217.77587199857894,-259.1693617853899
938336000,0.8078537928660133,-0.1882792848821633,10.730478562315323,1.6236305998834586,215.50806651921394,-260.1647445469732
938342000,0.8085793384000596,-0.18849797415998995,10.782741787649208,1.61571539693418,215.22344580060528,-261.1739078492536
938348000,0.8094519461591729,-0.18727752138537682,10.822714580801625,1.6097136048049843,216.94344958032758,-262.3616803204242
938354000,0.8105221386646962,-0.18750948391080727,10.899736373565824,1.5982742101202438,216.63864033469298,-263.86868358916865
938360000,0.80669064502893,-0.18770480442542536,10.644211635659765,1.6368671622551307,216.26045997489877,-258.5408635463697
938366000,0.809953478587766,-0.18448060815165612,10.813149265851562,1.611145733884404,220.9115062267552,-262.97729131060913
938372000,0.8034808570663515,-0.18423287158266308,10.385112528478956,1.6779568647800691,220.83105579450572,-253.8988435321683
938378000,0.8072356812853236,-0.18408904777497637,10.625222255065415,1.6398099617492814,221.31996895709958,-259.10933652393743
938384000,0.8098984213222364,-0.18473751845919806,10.813387454564035,1.6111100409927124,220.54345072335073,-262.9095774461673
938390000,0.8096576952881869,-0.18350876684255651,10.778103940990617,1.6164146625864675,222.2845380890958,-262.5091667912542
938396000,0.8068641801891537,-0.18288827827148463,10.582909546601662,1.6464055202299563,222.98516074561078,-258.50091449284565
938402000,0.8084237964045821,-0.18034169258823926,10.64786617533782,1.636302030447905,226.74597255157767,-260.51689181778744
938408000,0.8082983525126258,-0.185220036269304,10.712911876131745,1.6263085471244638,219.7895913690478,-260.6677540512367
938414000,0.8078417650125913,-0.18474653222865442,10.67525497902551,1.6320790979113116,220.43184233993912,-260.0010615198651
938420000,0.8102919677778474,-0.18272966000609686,10.809180368289168,1.6117407118825413,223.43620477553534,-263.37790839283474
938426000,0.8115179969334552,-0.18550871965855495,10.936818400056639,1.5928246769480612,219.49504044043942,-265.24378504607574
938432000,0.8131135037332663,-0.1861309098019683,11.058743624830733,1.5751664569865633,218.62593508369878,-267.5398741606854
938438000,0.8135071571401731,-0.1848752115205225,11.066350873376516,1.5740777149268046,220.44243662287835,-268.0966299192515
938444000,0.8094727244989862,-0.18113856988656224,10.729667152192826,1.6237541001579245,225.67970846930072,-262.09490482431124
938450000,0.8117054547510739,-0.18198695576617288,10.894591759394979,1.599033212113775,224.58556312047386,-265.38735184056196
938456000,0.80690436284709,-0.18285984026360066,10.585117158126014,1.6460600898737463,223.02839621593324,-258.55544773358554
938462000,0.8076892180791234,-0.18203344481630632,10.624399044766008,1.639937775334366,224.2610473436415,-259.60418198201654
938468000,0.8078518126371761,-0.18200125418903443,10.634646707109898,1.6383481215572784,224.31956352878547,-259.8333364267117
938474000,0.8110740047183906,-0.1859662980373722,10.913305954094785,1.5962757069717795,218.83240748249685,-264.62090374315386
938480000,0.8040365569912952,-0.18106015784632956,10.374677251439504,1.6796551560442685,225.2896709561154,-254.35351875586446
938486000,0.8103571386696949,-0.18560637499744503,10.858270216439545,1.6044124883166444,219.32496491087392,-263.59247104142486
938492000,0.8081192809623426,-0.18347297122533776,10.67441223189167,1.632208710559343,222.24637457428636,-260.3171986168538
938498000,0.8051033963287715,-0.18612912817578367,10.51666601470752,1.6568388859033427,218.34639807231562,-256.27476406191124
938504000,0.8091340899229741,-0.184060108039633,10.751216583625627,1.6204805615790874,221.47142567832157,-261.79143210990554
938510000,0.8073217568963551,-0.18685859227351198,10.672991765951537,1.6324272218196656,217.45622511931515,-259.3779812165899
938516000,0.8087949033034596,-0.184391901682538,10.733495472104984,1.623171577841009,220.9831923592135,-261.3272712202993
938522000,0.8069856638621351,-0.18456152166852324,10.615867682377676,1.6412635525740362,220.6409580698144,-258.7885855873114
938528000,0.8104943011897645,-0.1865031518982953,10.881824377814109,1.6009199531677198,218.05779624374244,-263.81066218188454
938534000,0.8049702540672146,-0.18205568326121124,10.448248192697616,1.66775486144841,223.99178466318725,-255.76489025426073
938540000,0.8116602649289901,-0.1873374492790316,10.975992185639326,1.5871080735295795,216.89425101508058,-265.4739223964158
938546000,0.8085002354679366,-0.18669100549455356,10.749139378225005,1.6207955298174748,217.7356358560227,-261.0125144896226
938552000,0.8123630135469935,-0.18794773567151385,11.035239232496219,1.5785399452091515,216.03103978107745,-266.47161889755864
938558000,0.8077642093514917,-0.186274588961344,10.693441648980288,1.6292870497005874,218.28781629301682,-259.9682532307159
938564000,0.8132489532826798,-0.18678794469805957,11.079053338505128,1.572263110421036,217.68322283906582,-267.736111273022
938570000,0.8113853816089193,-0.18445708835713623,10.911010173058363,1.5966134731076091,220.99843655030634,-265.0249645643026
938576000,0.8145957829899251,-0.18538213718529564,11.152421059860222,1.561863746618385,219.71314714868794,-269.6810269567864
938582000,0.8110598254637039,-0.18602579355542187,10.913268909040001,1.5962811560773926,218.7474591986587,-264.6020598114237
938588000,0.81066945142247,-0.18160075086516886,10.817605080168251,1.6104782868259724,225.09023319122872,-263.8591251043914
938594000,0.8082972340907726,-0.1832604554293581,10.683040562574934,1.6308826680125834,222.5592538892039,-260.55614149496887
938600000,0.8099254010629036,-0.1824739542321929,10.780395599164772,1.6160690647804745,223.78369895485386,-262.8357204591119
938606000,0.8114257522599247,-0.18049754548074412,10.852466673608728,1.6052753667360884,226.74688104082907,-264.8937134627924
938612000,0.8064060323159947,-0.18481198677417143,10.581621757211359,1.646607090936703,220.2539458076848,-257.99444711935644
938618000,0.8075734063971112,-0.18282396342275248,10.628536032518513,1.6392956588480814,223.12917595570482,-259.49925911832315
938624000,0.8068528188641747,-0.1837711753862682,10.59530220344302,1.6444682917986229,221.7409814960172,-258.5497716118551
938630000,0.8069810523657671,-0.18403002860902187,10.60758700168962,1.6425524315398088,221.38612757138287,-258.7476381629363
938636000,0.806565086344868,-0.18542725539398158,10.601283627139514,1.6435349067651446,219.40670877152849,-258.2540330919463
938642000,0.8078115687451333,-0.18120807413333426,10.620232439912261,1.640584998959871,225.4490912358301,-259.7117787929179
938648000,0.8094410225780211,-0.18216413948631566,10.743002717374644,1.6217267540408602,224.1993971318213,-262.11988488779355
938654000,0.8112517094615099,-0.18399653425411422,10.8945519346647,1.5990390904080751,221.65593991670121,-264.8169756219545
938660000,0.8122088642123968,-0.18186662239581586,10.927571722882943,1.5941800676210862,224.78555103371386,-266.11650139970885
938666000,0.8119489153537212,-0.17720511956211185,10.838605690421565,1.607340007150102,231.6617469520079,-265.4167277928089
938672000,0.8131282849749399,-0.18056820450525768,10.971464521825986,1.5877666884378547,226.74073992330094,-267.40578966006564
938678000,0.8105164017048748,-0.1819500789812012,10.812516655669363,1.6112405390523392,224.5746533048296,-263.6580701683612
938684000,0.8055730471393061,-0.18660460600773351,10.554241172673793,1.6509045722768545,217.7204664108332,-256.94931396983213
938690000,0.8067954046507858,-0.18273189590745084,10.576095873185086,1.6474725899323504,223.20055526661451,-258.3916564541477
938696000,0.8072103351533547,-0.18175758395573005,10.5888481758691,1.6454766187986403,224.61477914298743,-258.90038667409584
938702000,0.806776212036118,-0.18192666970730448,10.5629633959845,1.6495331478912436,224.33800415588868,-258.2984217220642
938708000,0.810272704284704,-0.18542471907506627,10.849639370509626,1.6056960711626431,219.5802827091037,-263.4668248501394
938714000,0.8093663681455577,-0.1818295825930166,10.732928978153685,1.6232577498982002,224.67564948078754,-261.990280559162
938720000,0.8055681211764574,-0.18503039698105764,10.53035236941031,1.654672426658689,219.89432244659199,-256.84395957798927
938726000,0.8060290962741831,-0.1817640168462376,10.512074357631757,1.6575669901038914,224.50187858714932,-257.22705377692
938732000,0.8084128981233389,-0.18551504443460567,10.72510626460083,1.6244486385603976,219.3801992455642,-260.8426096711658
938738000,0.8079949902308444,-0.18714381347713424,10.722266971116605,1.6248813112084812,217.0863818315328,-260.3242701003345
938744000,0.8093473760648396,-0.18780400058312924,10.823900528364979,1.6095362213691167,216.20484479048974,-262.227363014252
938750000,0.8075968570644045,-0.18649684787103246,10.685714975030654,1.6304720902875607,217.97078815197798,-259.744755461655
938756000,0.8058696179047302,-0.18493843493543421,10.548546751932125,1.6518011598869875,220.04248390112932,-257.25614816048375
938762000,0.8069278988154354,-0.18649930475473375,10.641418362064705,1.6372993733935677,217.936780836854,-258.8153494871151
938768000,0.8056312645732582,-0.18332072821288245,10.509154343079304,1.6580303540638708,222.27967204491452,-256.803171802553
938774000,0.8057967552088616,-0.1807268607789477,10.482052722425047,1.6623434185719355,225.9466487617933,-256.79782861931585
938780000,0.8037121937156239,-0.18197631536196437,10.367268056153826,1.680863061979824,223.97553597248182,-253.99977451151545
938786000,0.8038089563235337,-0.17962297831629034,10.340065394349862,1.685312840930224,227.2809003429488,-253.8649074723146
938792000,0.8069064828374972,-0.18681941626803142,10.644894158460815,1.636761588358786,217.4921874474077,-258.80068398737444
938798000,0.8060412467507885,-0.1839491879029981,10.544988137654226,1.6523619604869761,221.43307773471258,-257.42532050182024
938804000,0.8087277314640692,-0.18418795153822737,10.725872889740243,1.6243318541420237,221.2686186476874,-261.2214074092828
938810000,0.8061849218255996,-0.18194707790355633,10.524830440526497,1.655545827173892,224.2574724638012,-257.4636925982711
938816000,0.8070326372866983,-0.18238843796075532,10.586530570849476,1.6458390060666594,223.70501861877403,-258.6998656455001
938822000,0.8088351184092838,-0.1826516715614663,10.709735893210883,1.626793654681558,223.46129397417025,-261.28315010642325
938828000,0.8071864867261677,-0.18257880866533638,10.599435658322255,1.6438231638486536,223.447520479619,-258.9326944670878
938834000,0.8059654343343184,-0.18352950562788675,10.533856420426414,1.6541186720162941,222.01428119033253,-257.28738783894113
938840000,0.8096144363899265,-0.18387973411132644,10.780871718522173,1.615997281302205,221.75258178846886,-262.46628964826715
938846000,0.8097086377997194,-0.18102684218147178,10.743844308861167,1.6215989809698585,225.8584645193705,-262.42802691386464
938852000,0.8107673536361869,-0.1845589516053815,10.870006298017106,1.6026703918428753,220.8314514929047,-264.14241786375356
938858000,0.8053364946555422,-0.18614169210934156,10.531935058237174,1.6544222640260218,218.34367516605633,-256.5963541746699
938864000,0.8043225289162436,-0.1854975957482602,10.457096075140587,1.666335077364679,219.16104540990304,-255.15827916262344
938870000,0.8052028018982219,-0.18340084774423426,10.482723835712395,1.6622363430555627,222.1322256034802,-256.21149257047716
938876000,0.8062854057226423,-0.18296094954219919,10.546240469308588,1.6521645624931323,222.83725270241837,-257.6912855282692
938882000,0.8093450065697083,-0.18452334505774787,10.772556687455095,1.61725184058764,220.8237096189235,-262.11375805430157
938888000,0.8080381030226317,-0.18500945063627963,10.692321428059838,1.6294587509786884,220.07267641371095,-260.2912259252221
938894000,0.8062380931896848,-0.18009942995867712,10.501441304584532,1.6592555520299437,226.88388579279274,-257.36033886600194
938900000,0.8082645950411786,-0.18062209234255783,10.641474459672617,1.6372906909991594,226.32833485735281,-260.3118710714347
938906000,0.8069792056901219,-0.1811965712513543,10.565488540871627,1.64913653738615,225.39296628189197,-258.5227224633017
938912000,0.8108239250479202,-0.18136705856315238,10.824570667366803,1.6094360053022534,225.43924789498922,-264.0693661511659
938918000,0.8075681563220932,-0.17951737945486956,10.57945997396066,1.6469455744996004,227.8538225266173,-259.2065280785098
938924000,0.8120694660375547,-0.1832366238029478,10.939280809154479,1.5924641232319585,222.78394733866244,-265.9706673741802
938930000,0.8100600863431179,-0.18338948434249203,10.803551925444978,1.6125852285795528,222.47594659281293,-263.0791094896226
938936000,0.811194429916125,-0.1837946392533212,10.887446994264936,1.600088502951735,221.94436756309923,-264.72691939664935
938942000,0.8123182401567194,-0.18112726164684373,10.92369709619226,1.594748703706022,225.87467996892596,-266.24017902536684
938948000,0.8096021091997406,-0.18422516007389123,10.785353057610417,1.6153219528212541,221.2596781528321,-262.4653950695426
938954000,0.8052082585772559,-0.18462849405297185,10.501135183773048,1.6593042160718183,220.42576148355027,-256.3163136751256
938960000,0.809263790627866,-0.1845310487238334,10.767190647495871,1.6180624982335683,220.80898401512826,-261.9988411673254
938966000,0.8074974414672149,-0.18587789983087122,10.669628318328428,1.6329448573405683,218.82892843137572,-259.57762333895124
938972000,0.8093547678605959,-0.18567992569531086,10.79111388696973,1.6144546389405157,219.18685028695364,-262.17594743144645
938978000,0.8053913412563191,-0.18231333332946573,10.478970518374108,1.662835359189211,223.67007944982822,-256.3796736441871
938984000,0.8066650844214407,-0.18607373097848862,10.617627209751724,1.6409899453404566,218.51391767432608,-258.42919439458717
938990000,0.8091632511456971,-0.18510207282604388,10.769207547563703,1.617757705803232,219.99555080427598,-261.8821396178594
938996000,0.810220262786717,-0.17966256717051976,10.757852098398411,1.6194752353949626,227.882384031475,-263.06845619904624
939002000,0.8100423676425623,-0.18328928591917332,10.80080787508771,1.6129972800683352,222.61872581994746,-263.0486122806036
939008000,0.8096565058755741,-0.1859293959566124,10.815487522617778,1.6107954116569903,218.84527723743258,-262.6107092994115
939014000,0.8109970189365514,-0.18322803652707964,10.86505053457104,1.6034055592208665,222.7526695602935,-264.4187717032619
939020000,0.8107300484260622,-0.18559579877223578,10.883716269007007,1.6006400910886756,219.35089481547152,-264.12219191468057
939026000,0.8090316995120649,-0.186441249264349,10.781094809436578,1.6159636485713844,218.10383492996647,-261.74822621968985
939032000,0.8147351395324886,-0.18377663611547299,11.136282057916643,1.564139486320371,222.06055588267282,-269.875105584802
939038000,0.8139994987521578,-0.1845511394659399,11.096154587692293,1.5698267353051327,220.9193250849184,-268.80825488283534
939044000,0.8150727593841864,-0.18159979809238136,11.125484374358862,1.5656657700393097,225.28532328059757,-270.3320449657839
939050000,0.8134074964546562,-0.18271371993367666,11.024739557052309,1.580051606733809,223.59177055507493,-267.9044934364732
939056000,0.8084271092843166,-0.1806272777167061,10.652308405221602,1.6356156183487096,226.3347435382615,-260.54621965243473
939062000,0.8044164201441748,-0.1848033216755546,10.452881551680958,1.6670110624400156,220.12364849377747,-255.23485939652207
939068000,0.8031386109030312,-0.18721863934834132,10.407133487148156,1.6743843404076872,216.73096373913214,-253.66583225070306
939074000,0.8085438893814969,-0.18077416601658602,10.66222905371424,1.6340847658902133,226.1330132258358,-260.72667523792853
939080000,0.8087602305952358,-0.18316216112858388,10.71244862877835,1.6263792866056626,222.72813659913191,-261.2086129132521
939086000,0.8095656760145455,-0.1836519764441025,10.774077327109305,1.6170222628390007,222.07515268815666,-262.3851545603064
939092000,0.8075625525111032,-0.18728081351922937,10.69550956544582,1.628970186194443,216.88030873105583,-259.72887285516015
939098000,0.8111283141323765,-0.186690952111296,10.928595067996373,1.594029950460838,217.80423964546137,-264.71214173359226
939104000,0.8086569555983684,-0.18292116525086807,10.701900102376154,1.6279917552823897,223.0651170023583,-261.04627710736935
939110000,0.8064837959593397,-0.18429560346113108,10.578980482892579,1.6470206702484766,220.9802772199674,-258.06869230354135
939116000,0.8086224648496846,-0.18596707733149268,10.746140666476103,1.6212504434167156,218.75426784494064,-261.1562829055822
939122000,0.8071621524370155,-0.1813620313878456,10.579869643944978,1.6468814192577739,225.1735727453374,-258.797942250653
939128000,0.8054630123312067,-0.18524820404465742,10.526787156631569,1.6552362286687485,219.58542824591686,-256.7132195147952
939134000,0.805599542500868,-0.18635823033764848,10.552255673890802,1.6512170785564377,218.0611833770081,-256.9716573664861
939140000,0.808281877784747,-0.18012231588354002,10.63524480790774,1.6382554374976874,227.0497617072577,-260.29278879367155
939146000,0.8099634682931849,-0.18563216467658242,10.83175497253603,1.6083624127594391,219.2758369143653,-263.0349862342778
939152000,0.8071292102728667,-0.18880566427385123,10.690304275991235,1.6297680204492282,214.76248853708103,-259.1821062886903
939158000,0.805714664173271,-0.186313419354712,10.559070103526501,1.6501450208167716,218.1296230679791,-257.12772758433
939164000,0.8042992293458144,-0.182349151058886,10.409738140503553,1.6739627888363002,223.51608423951717,-254.85554091230142
939170000,0.806274220025773,-0.1851792784592613,10.578514578368633,1.6470936447134035,219.7340109380877,-257.83429303050286
939176000,0.807505289955453,-0.1814078137669143,10.603035449154822,1.6432617408332169,225.1378403346744,-259.29104279339924
939182000,0.8069152205987737,-0.18216364824476525,10.575528808208988,1.647561458877109,224.01388488386215,-258.5152962080058
939188000,0.8063473409251222,-0.18162773981467986,10.530691143706036,1.6546188730036058,224.72363653103895,-257.66459089781387
939194000,0.8106497792306352,-0.18064826845602935,10.801783062392582,1.6128508200187053,226.47492669557653,-263.7689915339363
939200000,0.8115172992373527,-0.18225360483423797,10.885741077679462,1.6003406755916592,224.18814257613008,-265.12659880777187
939206000,0.8134614263336989,-0.179706432882489,10.9814261371508,1.5863183488631096,228.0379757684111,-267.8545881914582
939212000,0.8055979010829761,-0.18215404012113562,10.489938602167676,1.6610861069046725,223.91275188589356,-256.6552247875162
939218000,0.8088662729818337,-0.1831760981507504,10.719758218175043,1.6252638060346198,222.71475051429096,-261.36059128180557
939224000,0.803992357417527,-0.18055014701848388,10.364657686233507,1.6812890405006957,225.9996512605255,-254.2338500457742
939230000,0.811298906508037,-0.18236496892793827,10.872429387869843,1.6023111823409886,224.01562729594664,-264.81484782558056
939236000,0.8135431360674508,-0.1802916978737203,10.996246377413035,1.5841685005142103,227.17166035664738,-268.0070242211913
939242000,0.8065865371758808,-0.1802110537520174,10.52559380457691,1.6554250312100538,226.7604491387917,-257.8687721523162
939248000,0.8090722096937878,-0.17942830776684643,10.677424935635692,1.6317454583756112,228.1260352642526,-261.374647312112
939254000,0.8111512872051023,-0.18423107548999657,10.891297408032006,1.599519618489174,221.31515684700608,-264.6810899735798
939260000,0.8065926636863374,-0.18096648441454338,10.536964568075089,1.6536277940870947,225.6847015640388,-257.95139005485794
939266000,0.8106693130506603,-0.18335965607600324,10.84462912341435,1.6064421424092354,222.54816597287322,-263.9526575546804
939272000,0.8061609605940141,-0.18612189835379805,10.585298987576403,1.6460316450566468,218.41960244577507,-257.73325185513
939278000,0.8093993270850096,-0.18680424019241626,10.811694724080063,1.6113637333011028,217.60571388604117,-262.2754751549435
939284000,0.8079774071857194,-0.18583588543099613,10.70091920387482,1.6281418603475033,218.91038451136333,-260.2464568093383
939290000,0.8113515731965539,-0.1866191939629282,10.94294703586834,1.5919276059197789,217.90961312957708,-265.0277921970367
939296000,0.8142820013811335,-0.18426709255535703,11.111740855188996,1.5676127816964867,221.33690282872934,-269.21710636045054
939302000,0.809335172751241,-0.1865168636647252,10.802835510044133,1.61269278642569,218.0074418822401,-262.17686932610115
939308000,0.8084901810479995,-0.1848628725665244,10.720276780446602,1.6251847290842825,220.30208689558205,-260.9204087690546
939314000,0.8050852618163415,-0.18502837735702682,10.499124335271475,1.6596239519563447,219.86313766915583,-256.175284315089
939320000,0.803574472363284,-0.1857732573086945,10.413495034826962,1.6733551270890445,218.72748874936008,-254.15424112126792
939326000,0.8030433133431892,-0.17918384210290833,10.286123304626816,1.6942068935455632,227.79980255110652,-252.73189147049092
939332000,0.805680811282855,-0.18250365319540893,10.500379964378327,1.6594242855856487,223.42893056616123,-256.80314459461994
939338000,0.8057397269271306,-0.18314196094687554,10.51353504434926,1.657335297768768,222.5387736419306,-256.9402618934687
939344000,0.8048358561266817,-0.17942555973702043,10.402079963380114,1.6752028385318862,227.68496693325628,-255.29167209575292
939350000,0.8067388986629733,-0.1793265210296927,10.522692709544618,1.6558841992998707,228.04210460679548,-257.99461440488983
939356000,0.8077281181932369,-0.1839121574518875,10.655086863035446,1.6351865853671175,221.600537004338,-259.7917087832965
939362000,0.8070069695566402,-0.18251672713930306,10.586748996517061,1.645804845579157,223.52137276947033,-258.6737233248656
939368000,0.8032363144631023,-0.17716127435545817,10.270247395325743,1.6968425020775388,230.6817250246394,-252.71905208508943
939374000,0.8055224501360044,-0.18530303623598457,10.531453767513264,1.6544983296721663,219.51353322115844,-256.79918349184453
939380000,0.8042227625158974,-0.1817308066816083,10.396014855217695,1.6761862391807871,224.37145409418025,-254.6861234927277
939386000,0.8055860781558611,-0.18584118003306319,10.543621112860766,1.6525774909318893,218.77358078915864,-256.9219268958178
939392000,0.8035398942868754,-0.18396385837875842,10.384948378539391,1.677983552725871,221.20661759789823,-253.9559653093925
939398000,0.8076809014586538,-0.18554905972606037,10.676788759029764,1.6318432589054257,219.2975680877546,-259.8177244183323
939404000,0.8050654083249839,-0.1822654095748132,10.457370505119792,1.6662910794597559,223.70698384568638,-255.9182292144952
939410000,0.806000204718452,-0.1867160935616668,10.583773210946893,1.6462703632498412,217.59027918265923,-257.5436305566769
939416000,0.8084445111065991,-0.185067758350324,10.720357450893435,1.6251724281253368,220.01102499639143,-260.86610942150315
939422000,0.804452052542623,-0.18464146801245654,10.452783492483478,1.6670267971145396,220.34974333836553,-255.27127303479918
939428000,0.8093008792945202,-0.18188689568689476,10.729396912946685,1.623795235970974,224.58873083669255,-261.8999587293596
939434000,0.8061871924437848,-0.18624957517439375,10.588943495490097,1.6454617177802988,218.2444495453917,-257.77664232136635
939440000,0.8069845064748556,-0.18849837774613598,10.675914351289501,1.6319777023081574,215.17991324424048,-258.97394320258894
939446000,0.8075827846742837,-0.1867450774765651,10.688595510344253,1.6300301002892272,217.624863523591,-259.73572992815633
939452000,0.8075211560080694,-0.1842878814239192,10.647058701192798,1.636426863190934,221.0582950928091,-259.52337362919474
939458000,0.806162653107058,-0.1871583580009735,10.601119730316443,1.643560468261225,216.98929532268178,-257.7897341116033
939464000,0.8085824922448305,-0.18058943118520174,10.662051322787084,1.634112166215399,226.4023815878279,-260.766893554087
939470000,0.8094200123439022,-0.1833914057009349,10.760253485612635,1.619111716914212,222.43950642576266,-262.163224304789
939476000,0.8121661350711558,-0.18308570519577455,10.94363697477168,1.5918266804701435,223.00665524282763,-266.105454504744
939482000,0.8107112687275517,-0.18389642508765128,10.855828096998044,1.6047754724707337,221.7786698836288,-264.03645621534633
939488000,0.8076530742557868,-0.18483664766460317,10.664098880048497,1.6337965553575877,220.29471532748897,-259.7409283735036
939494000,0.8094524485876822,-0.18483787354619816,10.784676483601844,1.6154238748350915,220.3821973871983,-262.28030766795473
939500000,0.8053250695746412,-0.1842515761239277,10.503100581376497,1.6589918265196997,220.95773898190185,-256.45002343808704
939506000,0.8070752839435203,-0.18279558520411324,10.595360033185775,1.6444592625327348,223.13226798960514,-258.7919981733708
939512000,0.8064788791008433,-0.18465111564483927,10.583975433548183,1.6462387201480524,220.48315779601913,-258.0856116278917
939518000,0.8046580854623928,-0.18541942173085346,10.477440133082624,1.6630797275559581,219.29291053412726,-255.6140389309198
939524000,0.805387455382936,-0.18306100879587908,10.489627464826155,1.6611356779786695,222.62242910810664,-256.44049303765763
939530000,0.8065225831722009,-0.1839058158845243,10.57570125000393,1.6475344332310504,221.52873080483334,-258.0958211737785
939536000,0.808371633396786,-0.18428380282694978,10.70351035520877,1.62774540147803,221.11357884267514,-260.72257564352833
939542000,0.8086619015463896,-0.18490867275515832,10.7324881185465,1.623324817474387,220.24588250852383,-261.16496325645744
939548000,0.8067890421517384,-0.1830745709908115,10.580758366727533,1.6467422605018525,222.71666764390292,-258.40918903865617
939554000,0.8090416679063631,-0.18256733854750823,10.722289435235139,1.6248778870518987,223.59527374307257,-261.5730898924946
939560000,0.808231675790146,-0.18367624781501035,10.684959128808456,1.6305881073239488,221.96530640819313,-260.48914607113016
939566000,0.8060755161331962,-0.1822880535160221,10.522733693653855,1.6558777107993208,223.76682718891126,-257.33946044585304
939572000,0.8070519653614378,-0.18155019137629286,10.57543076310129,1.647576825225869,224.89619585177937,-258.6575036070931
939578000,0.8082091269724524,-0.18358791895193172,10.682122658578917,1.6310236331030077,222.08908968514007,-260.4517564172387
939584000,0.8050269887978477,-0.1817359511407582,10.44725680200332,1.6679140971342754,224.44586054226932,-255.8132492018599
939590000,0.8068028931462343,-0.18162215106134666,10.560229607414419,1.649962744666216,224.7722360886743,-258.30989595581775
939596000,0.8064528449852345,-0.18296745243871346,10.557231308933765,1.650434165557403,222.84145878055045,-257.9273595053936
939602000,0.806533145090861,-0.18257344413092252,10.556645692034516,1.6505262733363883,223.40313295113955,-258.0088028128488
939608000,0.804134331661421,-0.1837909328843693,10.42011218321031,1.6722859068342253,221.4984340894648,-254.76108652023407
939614000,0.8056167067819612,-0.18494153737952776,10.532178460424136,1.6543837981712364,220.02091106280508,-256.90521849817924
939620000,0.8053990462838657,-0.1831169192685167,10.491191775028188,1.6608864787383286,222.5452506194325,-256.4614700064465
939626000,0.8089345072851368,-0.1803747454732776,10.682269579302815,1.6310010684326173,226.7417844002,-261.25716482725
939632000,0.8052177359351834,-0.1804273163274565,10.44063945747206,1.6689777468298448,226.30983948256832,-255.94652086044402
939638000,0.8077681661185477,-0.18469402043670452,10.669569965526364,1.6329538407586002,220.50157517995228,-259.8946409950851
939644000,0.806557447789949,-0.18138071630882294,10.540720807923075,1.6530349510913636,225.0929233558401,-257.939894401258
939650000,0.8085954666531384,-0.18190085694915398,10.682453372841183,1.6309728415700269,224.5189380378809,-260.8884398122904
939656000,0.8060546871902599,-0.1840394356255166,10.547200280715401,1.6520133048393433,221.30797187971334,-257.4507488841894
939662000,0.8035250001663853,-0.18369960896330484,10.380190100490083,1.6787575368695098,221.56946448269858,-253.91120740090554
939668000,0.8030790663740838,-0.18152960517105035,10.321190835782678,1.6884142325587803,224.52752767625717,-253.0704724482219
939674000,0.8040650836181744,-0.18368854041298463,10.414225681754049,1.6732369994406238,221.63394088800143,-254.6562044669449
939680000,0.8071890137966724,-0.18373837846657068,10.616889672559164,1.6411046215398857,221.81028625900328,-259.02041284669156
939686000,0.8047810111311925,-0.1836420341803964,10.459194916814175,1.665998640433671,221.76083469818312,-255.6447648034663
939692000,0.8078517174914249,-0.1852022679107793,10.68285382525601,1.6309113438061078,219.79220651708818,-260.0394229877553
939698000,0.806555966530779,-0.1811074946140677,10.536636838108835,1.6536795395598043,225.48078122662375,-257.91249907027094
939704000,0.8084541391096045,-0.1872367268817692,10.754528562939994,1.6199786174818829,216.97251414920984,-260.9665355561924
939710000,0.8078856645495112,-0.18166084414717737,10.631823533930776,1.6387857536513641,224.80794911119068,-259.85486141277147
939716000,0.8062892460719224,-0.18630494027900757,10.596462499101833,1.644287147672425,218.1734334789266,-257.92081490353456
939722000,0.8085818437821399,-0.18434846921469392,10.71855040191328,1.6254480190986895,221.0335265642993,-261.0233883515317
939728000,0.8099140891317156,-0.18464721919749205,10.813052464140206,1.6111602402013794,220.67258562876157,-262.92816769559323
939734000,0.80703147330642,-0.18423938297346884,10.614039665641588,1.6415479068709893,221.09554491710873,-258.832239527308
939740000,0.8054345078440972,-0.1844432475423262,10.512996528511737,1.6574207089291453,220.69965585391114,-256.61654120186023
939746000,0.8087781772241625,-0.18738751256544506,10.778737639824937,1.6163190816187045,216.77201719846536,-261.42280205898743
939752000,0.8050025027543258,-0.18463432910971928,10.48797254682915,1.6613993929718098,220.4022483607993,-256.0316846167287
939758000,0.8044023314721893,-0.1857088162313273,10.465322428422558,1.665017201094356,218.87677335150806,-255.2831414966884
939764000,0.8043876211724168,-0.1842752455499018,10.44330447814135,1.668549216756348,220.85035935925708,-255.1526481981943
939770000,0.8081310503715575,-0.18298422864713165,10.667833524201258,1.6332212113986297,222.9407558833937,-260.3019080388202
939776000,0.8078916137178743,-0.1814740169215658,10.62944532951798,1.6391545912497583,225.07538299193112,-259.8482849909219
939782000,0.8042352421792027,-0.18064285771069005,10.381297693733806,1.6785773111899056,225.89722354985037,-254.5854700880966
939788000,0.8068947666221116,-0.18190093307053762,10.570321078309693,1.6483780506319348,224.38458626244883,-258.4643170371369
939794000,0.8069323251684755,-0.18290770452213592,10.587657768207242,1.6456627343085315,222.96296425322947,-258.59859375570545
939800000,0.808923501352028,-0.1817570823547173,10.702174422630895,1.6279497815331976,224.74889810370883,-261.34850938160434
939806000,0.8092962909225375,-0.18493213869798214,10.77557002763991,1.6167969667527948,220.24182064896664,-262.0630615944122
939812000,0.8099158527698387,-0.18214065884687838,10.774673358797044,1.6169322951087481,224.26319344560844,-262.80191946330564
939818000,0.8071869572714075,-0.18784480804727152,10.679239191771233,1.6314666142063041,216.08650361818852,-259.23022368608787
939824000,0.8097813984299296,-0.18732345033985012,10.845915892068296,1.606250464537275,216.88660596257705,-262.8245579861743
939830000,0.8129295271606853,-0.18349837847178996,11.003527201402072,1.583114471292575,222.4313386572338,-267.2292859998344
939836000,0.8087072083706177,-0.185017431620979,10.737198752387904,1.6226084804462468,220.0945435290838,-261.23409205826107
939842000,0.8081128214131237,-0.18422352724173172,10.685339443649221,1.6305297296224954,221.18414042210452,-260.3535017216308
939848000,0.8107251962657609,-0.184876710729771,10.872083785005497,1.6023624061568258,220.37577677545454,-264.093177142788
939854000,0.8135268167779278,-0.1854294273950055,11.076708844579787,1.5725977162019908,219.64011617552353,-268.13084584717836
939860000,0.8078064682765067,-0.18313820585523002,10.648633283465724,1.6361834558450896,222.70020643721233,-259.85175513145083
939866000,0.8072642349881879,-0.18699292030328654,10.671238529283833,1.6326970043534008,217.2675146257488,-259.3038871587076
939872000,0.809332401491317,-0.1873196432556796,10.815243308692985,1.6108319931221415,216.88154284681343,-262.19533779523545
939878000,0.8060793236908879,-0.18360560816118382,10.542372966455067,1.6527743278067561,221.91654302599565,-257.4527028350132
939884000,0.8100293090776013,-0.1857795641487597,10.838556466980782,1.607347348639045,219.06920874236155,-263.133013220587
939890000,0.8097319650305969,-0.1898089292950991,10.882199831076797,1.6008644056298809,213.42203328816723,-262.78641128135587
939896000,0.813627400292013,-0.18967086984458523,11.153824745236202,1.561666128597074,213.57398804531837,-268.2385053344267
939902000,0.8111755647645805,-0.18813823308227776,10.95510904200472,1.5901504054376323,215.7602753906848,-264.79448262681257
939908000,0.8109413288455758,-0.18831144694300422,10.941616877279385,1.5921222200328855,215.51549966977393,-264.46609205123383
939914000,0.8102204412658272,-0.18963234936327814,10.913011156880746,1.5963190709086148,213.66801399648546,-263.4634903758997
939920000,0.8098748417122812,-0.18441078466893723,10.806721022318191,1.6121096139856763,221.0076162890352,-262.86225148325093
939926000,0.8103494795718627,-0.18964366086200682,10.922116652536815,1.5949807647570724,213.65236644358606,-263.6428302670493
939932000,0.8078177033359261,-0.18540329036184558,10.683658522989875,1.6307877798624595,219.50857910582778,-260.0019784044295
939938000,0.8082490453097271,-0.18349639369389434,10.68339598789196,1.6308280909132609,222.22133756709655,-260.50265987345506
939944000,0.8063755779076227,-0.18507499182232215,10.583574359370438,1.6463014800549567,219.8855147248107,-257.9687980002186
939950000,0.8075034142753735,-0.1851578378864104,10.659056156861746,1.6345740620035734,219.83601041579175,-259.5487711348594
939956000,0.8081082123418162,-0.18288968119727336,10.66489712662411,1.6336735466052286,223.07357501664706,-260.2630351599851
939962000,0.8061708306264885,-0.18782378840486416,10.611809093133864,1.6418950139961994,216.0751704549969,-257.8314021406371
939968000,0.8133033436930295,-0.18298996368401524,11.021774226510335,1.5804790578284778,223.18409585247628,-267.7602736328639
939974000,0.8082928813333231,-0.1853401301769047,10.71438684686757,1.6260833550682785,219.6204695172171,-260.6658180782797
939980000,0.8123271907646341,-0.1814664795950614,10.929573617970012,1.5938864309306502,225.37725141825277,-266.27054062351385
939986000,0.8119505325470775,-0.1834987653954556,10.93512919409375,1.5930721105155563,222.39965853921885,-265.8077244946407
939992000,0.8094116402278494,-0.18579468620526318,10.79675423836591,1.6136063679341555,219.02697101912588,-262.2604115015565
939998000,0.8080541443810848,-0.18614335145639313,10.710768062767801,1.6266359666944876,218.48368402606957,-260.3674489080605
940004000,0.8147369201293543,-0.1857712723897648,11.168986934439477,1.559534709563225,219.1471709221486,-269.88546469822205
940010000,0.8072290933735204,-0.18747163852792176,10.676275958523245,1.6319221011732579,216.60342561654164,-259.27450315069746
940016000,0.8088674257426862,-0.18424441936031694,10.736107827652726,1.622774318851067,221.19594386768367,-261.422415330978
940022000,0.8099537319211744,-0.1828371950467991,10.78786290156509,1.6149439717966079,223.26297720971152,-262.89722375625917
940028000,0.8111411421776408,-0.18719051773609663,10.937473060102693,1.5927288035798886,217.09703246296914,-264.73755252478753
940034000,0.8146454446305528,-0.18522277138347965,11.153386715676907,1.5617277912609293,219.94514216647508,-269.7532156893708
940040000,0.8081656667836696,-0.1857428246730985,10.712062113922464,1.6264383134910023,219.04931057793436,-260.50591719022447
940046000,0.8128682148923984,-0.18473047320122146,11.018846165707584,1.580901364128159,220.6420296411781,-267.1690978366182
940052000,0.8082184339023688,-0.18676180333994305,10.731315032690297,1.6235033050471657,217.62655688904223,-260.62159884966513
940058000,0.8108508715064783,-0.18718584282027978,10.917279944060894,1.5956913734396436,217.0996789139125,-264.3273004360642
940064000,0.8123604523620592,-0.18792366860865134,11.034665680074605,1.578622445926068,216.0651696405084,-266.46804150426067
940070000,0.8108395275734511,-0.1860527643726715,10.89847806930807,1.5984597851607496,218.70409928597707,-264.2895729171811
940076000,0.8087510571775648,-0.18819575002577063,10.789596218263545,1.6146830388663027,215.64641249312734,-261.4055016618615
940082000,0.8050153071599735,-0.1878075087492855,10.536188184082127,1.6537503830692417,216.04291862013238,-256.25015501821565
940088000,0.8130039964830493,-0.18996805823550822,11.114105534429209,1.5672774374388754,213.16942338669318,-267.3521540966872
940094000,0.8060502560136255,-0.1878771656261498,10.604713456016382,1.643000170465827,215.9967350550197,-257.6683609928244
940100000,0.80913173421773,-0.18644069427512575,10.787854871199114,1.614945180882109,218.10794711649734,-261.8886465815091
940106000,0.810036331183179,-0.18772798058035786,10.86979212775631,1.6027021491536433,216.32415743437724,-263.1897802686248
940112000,0.8067846485120979,-0.18544078921679968,10.61590592126785,1.6412576054380603,219.40060885973324,-258.56051880827556
940118000,0.806923053019194,-0.18635605507954478,10.638913925335341,1.6376870866721374,218.13528987829127,-258.801662397821
940124000,0.8075686690843481,-0.18446154642913004,10.652825270693793,1.6355357899525425,220.81690213908146,-259.60068108461076
940130000,0.8098806051270376,-0.18777291786010084,10.859828435663626,1.6041809686182364,216.25854824155266,-262.9723524100113
940136000,0.8093392539786323,-0.18406960063144862,10.765191409459877,1.6183647352839923,221.46835751092092,-262.0836915508051
940142000,0.8081490452722911,-0.18714198062086204,10.732559141019511,1.6233140125137602,217.09434323932348,-260.5385231331149
940148000,0.8117707502718722,-0.18654591538478896,10.970976111364132,1.587837767636868,218.01971248947888,-265.62281196856094
940154000,0.8132745302130168,-0.1862762017359584,11.072529535981992,1.5731945407484291,218.41783577436004,-267.7720130160817
940160000,0.809748806920692,-0.18605297188069989,10.823703696087616,1.609565659068217,218.67377817533605,-262.74502717625217
940166000,0.8114020629924585,-0.18547275280322806,10.928201725444925,1.5940876475497938,219.5437465453059,-265.0772403234422
940172000,0.8111263343749797,-0.18473775065251394,10.897524975329418,1.5986003764756884,220.58761199687345,-264.6623425733718
940178000,0.8071941516294889,-0.18890046253275197,10.696103754804037,1.6288791623770658,214.63425389697946,-259.2739451921877
940184000,0.8059233989228594,-0.18682556369113595,10.580412233638544,1.646796456206724,217.43542679098633,-257.4435768346241
940190000,0.8079586632202107,-0.18720291497724467,10.720752082857258,1.625112255724285,217.00292481849402,-260.27586909993096
940196000,0.8100143809455742,-0.18727191851264785,10.861046926526027,1.6039999723285647,216.96381608005612,-263.1505808681635
940202000,0.8073210446196895,-0.1864007330477892,10.665922972550291,1.6335154923658561,218.09217729038923,-259.35670178754253
940208000,0.8077316820265844,-0.18612957157034765,10.689049189498864,1.6299605095617078,218.48870897977383,-259.91639652660183
940214000,0.8084399297047372,-0.18782484268114624,10.762758928061876,1.61873262112278,216.15386374281383,-260.96413260561167
940220000,0.8083428388494389,-0.187566041479112,10.75217628774832,1.6203350823717686,216.51073150426257,-260.82178521201917
940226000,0.8099306163243725,-0.1854103714456064,10.826050122159629,1.609214804256642,219.58905125524177,-262.98083975590066
940232000,0.8078159537297867,-0.18468375129188624,10.672586882872588,1.6324895160111659,220.5186987089135,-259.9612665138535
940238000,0.8069359657220192,-0.1819609993602651,10.573896670618419,1.6478172969045726,224.30287106906786,-258.5278233399586
940244000,0.8066164737225963,-0.18580129349129915,10.610305495268822,1.6421290771599604,218.88957811074673,-258.34688394108645
940250000,0.8070084665903174,-0.18415411433079712,10.611247933953136,1.641982361102876,221.2137205475176,-258.79437102437487
940256000,0.8075344262435853,-0.1855256185513638,10.666707425252895,1.6333946507821484,219.32292386840277,-259.6116337355212
940262000,0.8047706812552599,-0.1840704992967031,10.464801881322732,1.6651005316831367,221.16525574313275,-255.66612810762265
940268000,0.8043856772644887,-0.18670745529742175,10.47907533875982,1.6628186243494227,217.5080936220074,-255.32770163849793
940274000,0.8014962339341721,-0.18642057063793246,10.292451624190438,1.6931585978273869,217.68267453945677,-251.38846444346612
940280000,0.8080771669196536,-0.1854900622791584,10.702273643997225,1.6279346002039579,219.39964716291448,-260.3700483585114
940286000,0.811766445982205,-0.18319984591891378,10.91767550068813,1.595633234462666,222.8257610701118,-265.5299032712827
940292000,0.8113673599357201,-0.18404879544484282,10.903354695140763,1.5977408198061038,221.58490264485584,-264.9852866171909
940298000,0.8130574501882845,-0.18415804194526403,11.02302890133127,1.580298168703773,221.4753573687637,-267.43173397268606
940304000,0.8183578611836673,-0.18349787198170048,11.397577502248186,1.5280933139050334,222.46864826983648,-275.2523035956996
940310000,0.8151718189431084,-0.1794249647400092,11.098087799990592,1.569551791300108,228.54541363766123,-270.4024934652418
940316000,0.816448983195152,-0.18693136310430186,11.313393327346633,1.5395234279918593,217.43332314457479,-272.35847834109205
940322000,0.8084590659346487,-0.18827223173645294,10.771066349977104,1.6174769069264174,215.53355015162145,-261.0021420846381
940328000,0.8198038001208091,-0.19949820411400607,11.79824005067203,1.4759454785664423,199.33678081144092,-276.0448889865534
940334000,0.8256714161066616,-0.18763438177002764,12.048277605622454,1.445172196248285,215.7564745248333,-286.04059463569524
940340000,0.8093796242599988,-0.18351166866036953,10.759368027140164,1.6192457372715348,222.26558060370408,-262.11212112769573
940346000,0.8102528209720299,-0.18696609865212369,10.872558993989626,1.602291973508968,217.39901269785383,-263.47980741351546
940352000,0.8091026749471841,-0.18336059910532254,10.738421427400631,1.6224226542395264,222.4656422399659,-261.7085565914256
940358000,0.812115374672479,-0.18195466810827415,10.922453363207135,1.5949313188913783,224.6524648721747,-265.9839675748914
940364000,0.8098653839330633,-0.18371685926440615,10.795370047361716,1.6138144581897453,221.99757106703035,-262.81663232953775
940370000,0.8114165885075529,-0.18394218745739185,10.905085918848512,1.5974857398999796,221.74016421206608,-265.0523703523108
940376000,0.8078336095501683,-0.18288069360438577,10.646569359895842,1.6365025229796615,223.06730415821218,-259.87238386605884
940382000,0.8081864964744809,-0.1828040112233339,10.668806964020545,1.6330713140180408,223.20075531783297,-260.3684986896664
940388000,0.811608801738488,-0.18508443902691124,10.936397010981484,1.5928863944741587,220.1046155882662,-265.36357173830385
940394000,0.8092953628001462,-0.18687559179230714,10.805750810381204,1.612255192446311,217.50265546627438,-262.13162815692664
940400000,0.8106518737162258,-0.18795033369019817,10.915748965007273,1.5959164370391004,216.0204242659486,-264.05662675668987
940406000,0.808751727496394,-0.18706917797752076,10.771973597766573,1.6173398895794429,217.21558008612732,-261.37647287013107
940412000,0.8065575742134584,-0.18856486964346664,10.648671696693672,1.6361775186304206,215.07429505790682,-258.3905763701685
940418000,0.8075781651105381,-0.18468446162180652,10.656827272154054,1.6349179566794823,220.50418569909877,-259.62708406237743
940424000,0.805931872791002,-0.18707421252172649,10.584734842018468,1.6461199013980135,217.0936783080874,-257.4680358779702
940430000,0.8093036779584637,-0.18520331897839903,10.780262429363168,1.6160891436459672,219.85828872109695,-262.0850270730034
940436000,0.8108990683174503,-0.1870617936049424,10.918634208482887,1.5954923410614907,217.275644663668,-264.39352272274783
940442000,0.809444090621693,-0.18325338190885965,10.759769143365247,1.619185022757608,222.63808565284802,-262.18998610981635
940448000,0.810588498277523,-0.18554800126797139,10.87322938350428,1.602192622922266,219.41483603141506,-263.9194762882511
940454000,0.8093228889435096,-0.18330703606218088,10.752419417154774,1.6202982311368672,222.55461594647622,-262.0198016290112
940460000,0.8111465683235461,-0.18547448255883733,10.910536368824328,1.59668319926657,219.5349345462702,-264.71243902068056
940466000,0.810071008382379,-0.17855453469474625,10.731304762769756,1.6235048678118036,229.49335282426281,-262.7550704016942
940472000,0.810592423766143,-0.18332652925144263,10.83885858592922,1.607302289807548,222.59224470565022,-263.84050266841416
940478000,0.8121573178200197,-0.1829632906249051,10.941104513641466,1.5921971961517676,223.18423937923114,-266.08802005816386
940484000,0.8080054945671998,-0.1884393168600978,10.74315698433622,1.6217033312331792,215.2910683586496,-260.37863728390306
940490000,0.8089431202820877,-0.18300689401271797,10.722340862141923,1.6248700482151803,222.96080365932707,-261.45988010828717
940496000,0.8016481461253628,-0.18383161864371664,10.264811002364668,1.6977469061724146,221.20395740757328,-251.35062515889473
940502000,0.803867230388635,-0.1837724701892135,10.40289032493707,1.6750715336230548,221.50017544133254,-254.39021738449645
940508000,0.8030441793700783,-0.18550087022089862,10.375970992066032,1.6794444187257993,219.05735943891446,-253.40898357625548
940514000,0.8053330152682495,-0.18309021576828147,10.486551654800039,1.6616258824094656,222.57693606742959,-256.36689296242525
940520000,0.8037362668927913,-0.18351797896980754,10.390917323487123,1.6770136525448263,221.83982022483494,-254.18600584717592
940526000,0.8073231346780098,-0.18007931690679924,10.571619654066355,1.6481743530647686,227.02190547972177,-258.9097317087954
940532000,0.806570238764671,-0.1848841658902136,10.593449788062768,1.6447575719060308,220.16375976112147,-258.22810852995076
940538000,0.8070382277476366,-0.18165968368136187,10.576143295920719,1.6474651584005513,224.73935187835295,-258.6474158817884
940544000,0.8078655501761407,-0.1831579256572028,10.652839839130557,1.6355335400123325,222.67628128481394,-259.9368416326792
940550000,0.8061506899045673,-0.18352810940280348,10.545863052874733,1.652224047542247,222.03056176277573,-257.5467236665759
940556000,0.8046873176994538,-0.1818729506164098,10.427560230676887,1.671084065605559,224.21999615061858,-255.3505447290355
940562000,0.8069101220744225,-0.18172355829117218,10.5687142356344,1.6486301735710627,224.63760200470983,-258.47094012916966
940568000,0.8066157764160375,-0.18179587587364177,10.550591016189307,1.6514791777318774,224.50945947126496,-258.0597666929704
940574000,0.8055298250966698,-0.18298679929855866,10.497711414754786,1.6598486879716436,222.738415293792,-256.63333560110567
940580000,0.8073727829314551,-0.18340839316038837,10.62404821161369,1.639992252595657,222.2881579428862,-259.2568915489033
940586000,0.8059416359763335,-0.18802470427036544,10.599848796906114,1.6437587112521899,215.78990939110435,-257.5259735015332
940592000,0.8053456339721082,-0.18705135818815222,10.546197586807034,1.6521713210384221,217.0942436853759,-256.66180556375554
940598000,0.8081554967162362,-0.18466028333269754,10.694822693128355,1.6290754208214755,220.57038229845313,-260.43802455348833
940604000,0.8051812754762908,-0.18553398573147484,10.51282361233437,1.6574481361261015,219.17142029704561,-256.3431547701935
940610000,0.8046852458578234,-0.18521089513534145,10.47610117768538,1.663293587939358,219.5821257350307,-255.6363293657155
940616000,0.8071958828174268,-0.18278304338187645,10.603086120258519,1.6432538409181632,223.15916003942039,-258.9615996237407
940622000,0.8060601785230176,-0.18188753311116113,10.515885793289007,1.6569625612355285,224.3303224498049,-257.2822086149358
940628000,0.8055620645070998,-0.1853625791238212,10.534909222765611,1.6539523674408128,219.43375208617388,-256.85797919575765
940634000,0.8070959923397079,-0.18247183957375057,10.591915351302955,1.6449972725944837,223.5919378339476,-258.7962002169635
940640000,0.805203090539205,-0.18028091806390104,10.437610896395702,1.6694650015898058,226.5153719130144,-255.90983576303725
940646000,0.8064254618879079,-0.18704614548886422,10.616661060780737,1.6411401705769801,217.15647912159244,-258.14650082302614
940652000,0.8063389976014949,-0.18635711048948583,10.600513076989145,1.64365508939956,218.1039281959876,-257.99243394740637
940658000,0.8042164908063194,-0.18133455282067637,10.389955322847277,1.6771698930130863,224.92508750977223,-254.63542873497036
940664000,0.8030939053204245,-0.18557632247735859,10.38020659837195,1.678754852077549,218.95851721623083,-253.48292344720758
940670000,0.802511782123071,-0.18498525936010204,10.335049784915476,1.6861358701230975,219.71474557177095,-252.6391331047937
940676000,0.8000105742595847,-0.18363425069962402,10.161693833552404,1.7150866243266676,221.2923599328566,-249.10601674243986
940682000,0.8009815185442571,-0.18293349383047572,10.211125504313825,1.7067302924781957,222.3556298018069,-250.34341815698988
940688000,0.8069694391972697,-0.18457797984473318,10.615048270418054,1.6413910027060254,220.6168878950808,-258.76689303404925
940694000,0.8045070874882189,-0.18244319028121053,10.424305058057994,1.671609117639964,223.40520260677985,-255.15460771528302
940700000,0.8045146903847733,-0.18681934720528068,10.489030885057536,1.6612307346582391,217.3633364555574,-255.51098484876874
940706000,0.8048898892003696,-0.18078750072489935,10.424885828390233,1.6715154164343393,225.76591742178874,-255.5225395110002
940712000,0.8075124464366372,-0.1836668395183668,10.637133945739544,1.6379627583078142,221.93281830130198,-259.4715365961653
940718000,0.8047309869217976,-0.18502048084135028,10.476225549517455,1.663273720720613,219.8481057454327,-255.68535166996654
940724000,0.8032950493355631,-0.18654087095447638,10.407054025160374,1.6743972043251252,217.66098281257902,-253.8304841120433
940730000,0.8091641532857522,-0.18494294825651914,10.766812406391207,1.6181196705726222,220.2207061372462,-261.87645001419753
940736000,0.8081381133992465,-0.1876541693987896,10.739793868621796,1.6222141169105213,216.38208669438967,-260.5400692497711
940742000,0.8057299997692885,-0.18541226283667234,10.546549875882766,1.6521157997627807,219.37594645197717,-257.09375470282015
940748000,0.8096250147609247,-0.18533597319122722,10.804098846599667,1.6125031271571957,219.6832911961041,-262.54507736126703
940754000,0.8053141747997231,-0.1836160933328311,10.49304496711375,1.6605913567917359,221.84136221658906,-256.3846077912311
940760000,0.8087935470127009,-0.18481997470183423,10.739965273872162,1.6221880762980554,220.37749768713016,-261.34663083677395
940766000,0.8056036319288877,-0.18321291062498057,10.505786838556629,1.6585650509283203,222.42819904715031,-256.75563684138115
940772000,0.8029329109148152,-0.1870189237810125,10.391173159097093,1.6769721066815682,216.9869164404652,-253.37364045968803
940778000,0.8044691029367265,-0.18642151526665784,10.480173573692127,1.662643308676178,217.90444387173505,-255.42332758325446
940784000,0.8014013321517429,-0.18728291964246535,10.299046701418803,1.6920674972193839,216.51699952902888,-251.33140290892507
940790000,0.804810407157448,-0.1868974803310709,10.50924395360316,1.6580161303086074,217.27446370437798,-255.92001651174405
940796000,0.8040559215148414,-0.18708264599912863,10.463529996384926,1.665304173666661,216.97561510546353,-254.90183157006274
940802000,0.8038787522674725,-0.1859622885394107,10.435621294717933,1.6697852571030651,218.49183487114658,-254.58412407654177
940808000,0.8074370606084236,-0.18414694195639508,10.639376454934437,1.637615468336286,221.25138905608324,-259.3962989655482
940814000,0.8039054307324379,-0.18487925858634097,10.421422698555949,1.6720743121056763,219.97843185428994,-254.53745354579166
940820000,0.8071116684817081,-0.1849865019059484,10.630571325158858,1.6389799389435344,220.05370998148018,-258.9907369874268
940826000,0.8079141933518753,-0.18236343039753547,10.644165560234736,1.6368742897797663,223.80835036330296,-259.9496074960502
940832000,0.8063712050475639,-0.18552645518510028,10.590075438375631,1.6452847853791788,219.2573166867486,-257.99032375228813
940838000,0.805592434373712,-0.18509159960507604,10.532838970088424,1.654279424135328,219.8111405510589,-256.8818524885257
940844000,0.8081519906479846,-0.1839052606507728,10.683121741619972,1.6308702022952224,221.6362621659847,-260.3901795205793
940850000,0.808029969702633,-0.18315669076229865,10.663718367000154,1.633855198459372,222.6890949647841,-260.1699450864809
940856000,0.8075279494015686,-0.18170240539411256,10.608876496052991,1.6423515896899135,224.71967534822608,-259.3479191636418
940862000,0.8047204192807268,-0.1839655538728073,10.460046260454806,1.6658622118901303,221.30665059518967,-255.58779910466228
940868000,0.8054718610672438,-0.18647995305336174,10.54579009718342,1.6522355466702898,217.88616837721105,-256.8029508568715
940874000,0.8056676490664876,-0.18323918058287383,10.510306114754025,1.6578475535736086,222.39673306081067,-256.8473747152471
940880000,0.8048446639732455,-0.18231850274769162,10.444024874092165,1.66843341640293,223.61174969287387,-255.61424839207115
940886000,0.8082961865218083,-0.18589269936802108,10.723099961085898,1.6247543500461745,218.84499150560177,-260.69549830960636
940892000,0.8050314479727299,-0.18509681112585977,10.496671025844137,1.6600142089639427,219.76467807272675,-256.1058239724314
940898000,0.8065330966691764,-0.1871958380494126,10.626026002025165,1.6396851893661815,216.95501556299206,-258.3018955668914
940904000,0.8060281273271429,-0.18272094347525414,10.526012495787123,1.6553587843427853,223.15353625083114,-257.30984172912014
940910000,0.8058429572850934,-0.18325898647786504,10.521932688581124,1.656004533140634,222.38331545466622,-257.09440989477076
940916000,0.8063781571705728,-0.18478070509467778,10.579331313939743,1.6469657239830235,220.29575610857088,-257.95354319523057
940922000,0.8069417400121017,-0.18208368662130953,10.576082507099166,1.6474746845198363,224.12939506277223,-258.54625887246584
940928000,0.8053922262520651,-0.18468814395037647,10.513890534385537,1.657278920204661,220.35655385669781,-256.5758251840819
940934000,0.8077703749740424,-0.18302738276839045,10.64458453281896,1.6368094801362398,222.85480486582034,-259.79294712574807
940940000,0.8068849017340526,-0.18349227020373562,10.593244847199689,1.644789582508552,222.1354712844842,-258.5750978423558
940946000,0.8058821685746863,-0.18171389129898524,10.501855262280603,1.659189749706178,224.55904410166715,-257.0149889307781
940952000,0.8057961889548053,-0.18483104445845347,10.542176274401985,1.6528053510931449,220.18670056487875,-257.14680775532406
940958000,0.8064302004232431,-0.18367310692178546,10.566209988887831,1.6490232586785178,221.84830960597293,-257.94945154636633
940964000,0.8036280195099883,-0.18324010220625417,10.380070554280172,1.6787769915456812,222.21375473614546,-254.0101501004958
940970000,0.8056109037597896,-0.18170971546707937,10.484317692748753,1.6619821000524375,224.53938252320708,-256.63205420305025
940976000,0.805722052647509,-0.18453818220177842,10.533011801086245,1.6542521154832845,220.58865109740034,-257.0231901171323
940982000,0.8068186881430016,-0.18272086041116914,10.577454235820829,1.6472597499813828,223.21796937477336,-258.42366409078977
940988000,0.8041467921313313,-0.18373682226457858,10.420118222320072,1.6722849316413342,221.57439974884244,-254.7735508714385
940994000,0.8035393549790225,-0.1838352365430867,10.383054959094515,1.6782914516079874,221.38379738236495,-253.9435039542962
941000000,0.8027215610187646,-0.18705731665065303,10.378398062786342,1.679049216414854,216.9199229954757,-253.09063075505054
