solid OpenSCAD_Model
  facet normal 1 -0 0
    outer loop
      vertex 0 -24.275 59.95
      vertex 0 14.225 0.0500031
      vertex 0 14.225 59.95
    endloop
  endfacet
  facet normal 1 0 0
    outer loop
      vertex 0 14.225 0.0500031
      vertex 0 -24.275 59.95
      vertex 0 -24.275 0.0500031
    endloop
  endfacet
  facet normal -0.0344048 0 0.999408
    outer loop
      vertex -17.3293 14.225 59.9131
      vertex -16.85 -24.275 59.9296
      vertex -16.85 14.225 59.9296
    endloop
  endfacet
  facet normal -0.0344048 0 0.999408
    outer loop
      vertex -16.85 -24.275 59.9296
      vertex -17.3293 14.225 59.9131
      vertex -17.3293 -24.275 59.9131
    endloop
  endfacet
  facet normal -0.0345271 0 -0.999404
    outer loop
      vertex -17.3293 -24.275 0.0869446
      vertex -16.85 14.225 0.0703859
      vertex -16.85 -24.275 0.0703859
    endloop
  endfacet
  facet normal -0.0345271 0 -0.999404
    outer loop
      vertex -16.85 14.225 0.0703859
      vertex -17.3293 -24.275 0.0869446
      vertex -17.3293 14.225 0.0869446
    endloop
  endfacet
  facet normal 0 0 1
    outer loop
      vertex 0 14.225 59.95
      vertex -4.6 7.175 59.95
      vertex 0 -24.275 59.95
    endloop
  endfacet
  facet normal -0 0 1
    outer loop
      vertex -16.85 14.225 59.95
      vertex -4.6 7.175 59.95
      vertex 0 14.225 59.95
    endloop
  endfacet
  facet normal 0 0 1
    outer loop
      vertex -15.5 7.175 59.95
      vertex -16.85 14.225 59.95
      vertex -15.5 -17.225 59.95
    endloop
  endfacet
  facet normal 0 0 1
    outer loop
      vertex -4.6 7.175 59.95
      vertex -16.85 14.225 59.95
      vertex -15.5 7.175 59.95
    endloop
  endfacet
  facet normal -0 0 1
    outer loop
      vertex -4.6 -17.225 59.95
      vertex 0 -24.275 59.95
      vertex -4.6 7.175 59.95
    endloop
  endfacet
  facet normal 0 0 1
    outer loop
      vertex -16.85 -24.275 59.95
      vertex -4.6 -17.225 59.95
      vertex -15.5 -17.225 59.95
    endloop
  endfacet
  facet normal 0 0 1
    outer loop
      vertex -4.6 -17.225 59.95
      vertex -16.85 -24.275 59.95
      vertex 0 -24.275 59.95
    endloop
  endfacet
  facet normal 0 0 1
    outer loop
      vertex -16.85 -24.275 59.95
      vertex -15.5 -17.225 59.95
      vertex -16.85 14.225 59.95
    endloop
  endfacet
  facet normal 0 0 -1
    outer loop
      vertex -16.85 -24.275 0.0500031
      vertex 0 14.225 0.0500031
      vertex 0 -24.275 0.0500031
    endloop
  endfacet
  facet normal -0 0 -1
    outer loop
      vertex 0 14.225 0.0500031
      vertex -16.85 -24.275 0.0500031
      vertex -16.85 14.225 0.0500031
    endloop
  endfacet
  facet normal -0.233429 0 0.972374
    outer loop
      vertex -17.7871 14.225 59.8032
      vertex -17.3293 -24.275 59.9131
      vertex -17.3293 14.225 59.9131
    endloop
  endfacet
  facet normal -0.233429 0 0.972374
    outer loop
      vertex -17.3293 -24.275 59.9131
      vertex -17.7871 14.225 59.8032
      vertex -17.7871 -24.275 59.8032
    endloop
  endfacet
  facet normal -0.233416 0 -0.972377
    outer loop
      vertex -17.7871 -24.275 0.196838
      vertex -17.3293 14.225 0.0869446
      vertex -17.3293 -24.275 0.0869446
    endloop
  endfacet
  facet normal -0.233416 0 -0.972377
    outer loop
      vertex -17.3293 14.225 0.0869446
      vertex -17.7871 -24.275 0.196838
      vertex -17.7871 14.225 0.196838
    endloop
  endfacet
  facet normal -0.38279 0 0.923836
    outer loop
      vertex -18.222 14.225 59.623
      vertex -17.7871 -24.275 59.8032
      vertex -17.7871 14.225 59.8032
    endloop
  endfacet
  facet normal -0.38279 0 0.923836
    outer loop
      vertex -17.7871 -24.275 59.8032
      vertex -18.222 14.225 59.623
      vertex -18.222 -24.275 59.623
    endloop
  endfacet
  facet normal -0.382692 0 -0.923876
    outer loop
      vertex -18.222 -24.275 0.376984
      vertex -17.7871 14.225 0.196838
      vertex -17.7871 -24.275 0.196838
    endloop
  endfacet
  facet normal -0.382692 0 -0.923876
    outer loop
      vertex -17.7871 14.225 0.196838
      vertex -18.222 -24.275 0.376984
      vertex -18.222 14.225 0.376984
    endloop
  endfacet
  facet normal -0.522532 0 0.85262
    outer loop
      vertex -18.6234 14.225 59.377
      vertex -18.222 -24.275 59.623
      vertex -18.222 14.225 59.623
    endloop
  endfacet
  facet normal -0.522532 0 0.85262
    outer loop
      vertex -18.222 -24.275 59.623
      vertex -18.6234 14.225 59.377
      vertex -18.6234 -24.275 59.377
    endloop
  endfacet
  facet normal -0.522487 0 -0.852647
    outer loop
      vertex -18.6234 -24.275 0.622955
      vertex -18.222 14.225 0.376984
      vertex -18.222 -24.275 0.376984
    endloop
  endfacet
  facet normal -0.522487 0 -0.852647
    outer loop
      vertex -18.222 14.225 0.376984
      vertex -18.6234 -24.275 0.622955
      vertex -18.6234 14.225 0.622955
    endloop
  endfacet
  facet normal -0.649478 0 0.76038
    outer loop
      vertex -18.9813 14.225 59.0713
      vertex -18.6234 -24.275 59.377
      vertex -18.6234 14.225 59.377
    endloop
  endfacet
  facet normal -0.649478 0 0.76038
    outer loop
      vertex -18.6234 -24.275 59.377
      vertex -18.9813 14.225 59.0713
      vertex -18.9813 -24.275 59.0713
    endloop
  endfacet
  facet normal -0.649509 0 -0.760354
    outer loop
      vertex -18.9813 -24.275 0.92868
      vertex -18.6234 14.225 0.622955
      vertex -18.6234 -24.275 0.622955
    endloop
  endfacet
  facet normal -0.649509 0 -0.760354
    outer loop
      vertex -18.6234 14.225 0.622955
      vertex -18.9813 -24.275 0.92868
      vertex -18.9813 14.225 0.92868
    endloop
  endfacet
  facet normal -0.760365 0 0.649496
    outer loop
      vertex -19.2871 -24.275 58.7133
      vertex -18.9813 14.225 59.0713
      vertex -19.2871 14.225 58.7133
    endloop
  endfacet
  facet normal -0.760365 0 0.649496
    outer loop
      vertex -18.9813 14.225 59.0713
      vertex -19.2871 -24.275 58.7133
      vertex -18.9813 -24.275 59.0713
    endloop
  endfacet
  facet normal -0.760338 0 -0.649528
    outer loop
      vertex -18.9813 -24.275 0.92868
      vertex -19.2871 14.225 1.28665
      vertex -18.9813 14.225 0.92868
    endloop
  endfacet
  facet normal -0.760338 -0 -0.649528
    outer loop
      vertex -19.2871 14.225 1.28665
      vertex -18.9813 -24.275 0.92868
      vertex -19.2871 -24.275 1.28665
    endloop
  endfacet
  facet normal -0.852703 0 -0.522397
    outer loop
      vertex -19.2871 -24.275 1.28665
      vertex -19.533 14.225 1.68803
      vertex -19.2871 14.225 1.28665
    endloop
  endfacet
  facet normal -0.852703 -0 -0.522397
    outer loop
      vertex -19.533 14.225 1.68803
      vertex -19.2871 -24.275 1.28665
      vertex -19.533 -24.275 1.68803
    endloop
  endfacet
  facet normal -0.852656 0 0.522472
    outer loop
      vertex -19.533 -24.275 58.312
      vertex -19.2871 14.225 58.7133
      vertex -19.533 14.225 58.312
    endloop
  endfacet
  facet normal -0.852656 0 0.522472
    outer loop
      vertex -19.2871 14.225 58.7133
      vertex -19.533 -24.275 58.312
      vertex -19.2871 -24.275 58.7133
    endloop
  endfacet
  facet normal -0.923867 0 0.382714
    outer loop
      vertex -19.7132 -24.275 57.877
      vertex -19.533 14.225 58.312
      vertex -19.7132 14.225 57.877
    endloop
  endfacet
  facet normal -0.923867 0 0.382714
    outer loop
      vertex -19.533 14.225 58.312
      vertex -19.7132 -24.275 57.877
      vertex -19.533 -24.275 58.312
    endloop
  endfacet
  facet normal -0.923845 0 -0.382767
    outer loop
      vertex -19.533 -24.275 1.68803
      vertex -19.7132 14.225 2.12296
      vertex -19.533 14.225 1.68803
    endloop
  endfacet
  facet normal -0.923845 -0 -0.382767
    outer loop
      vertex -19.7132 14.225 2.12296
      vertex -19.533 -24.275 1.68803
      vertex -19.7132 -24.275 2.12296
    endloop
  endfacet
  facet normal -0.972362 0 0.233477
    outer loop
      vertex -19.8231 -24.275 57.4193
      vertex -19.7132 14.225 57.877
      vertex -19.8231 14.225 57.4193
    endloop
  endfacet
  facet normal -0.972362 0 0.233477
    outer loop
      vertex -19.7132 14.225 57.877
      vertex -19.8231 -24.275 57.4193
      vertex -19.7132 -24.275 57.877
    endloop
  endfacet
  facet normal -0.972367 0 -0.233458
    outer loop
      vertex -19.7132 -24.275 2.12296
      vertex -19.8231 14.225 2.5807
      vertex -19.7132 14.225 2.12296
    endloop
  endfacet
  facet normal -0.972367 -0 -0.233458
    outer loop
      vertex -19.8231 14.225 2.5807
      vertex -19.7132 -24.275 2.12296
      vertex -19.8231 -24.275 2.5807
    endloop
  endfacet
  facet normal -0.996923 0 0.0783858
    outer loop
      vertex -19.86 -24.275 56.95
      vertex -19.8231 14.225 57.4193
      vertex -19.86 14.225 56.95
    endloop
  endfacet
  facet normal -0.996923 0 0.0783858
    outer loop
      vertex -19.8231 14.225 57.4193
      vertex -19.86 -24.275 56.95
      vertex -19.8231 -24.275 57.4193
    endloop
  endfacet
  facet normal -1 0 0
    outer loop
      vertex -19.86 14.225 3.05
      vertex -19.86 7.87499 4.60001
      vertex -19.86 14.225 56.95
    endloop
  endfacet
  facet normal -1 0 0
    outer loop
      vertex -19.86 14.225 3.05
      vertex -19.86 7.82388 4.21178
      vertex -19.86 7.87499 4.60001
    endloop
  endfacet
  facet normal -1 0 0
    outer loop
      vertex -19.86 14.225 3.05
      vertex -19.86 7.67404 3.85001
      vertex -19.86 7.82388 4.21178
    endloop
  endfacet
  facet normal -1 0 0
    outer loop
      vertex -19.86 14.225 3.05
      vertex -19.86 7.43565 3.53935
      vertex -19.86 7.67404 3.85001
    endloop
  endfacet
  facet normal -1 0 0
    outer loop
      vertex -19.86 14.225 3.05
      vertex -19.86 7.12499 3.30096
      vertex -19.86 7.43565 3.53935
    endloop
  endfacet
  facet normal -1 0 0
    outer loop
      vertex -19.86 14.225 3.05
      vertex -19.86 6.76322 3.15112
      vertex -19.86 7.12499 3.30096
    endloop
  endfacet
  facet normal -1 0 0
    outer loop
      vertex -19.86 14.225 3.05
      vertex -19.86 6.37499 3.10001
      vertex -19.86 6.76322 3.15112
    endloop
  endfacet
  facet normal -1 0 0
    outer loop
      vertex -19.86 14.225 3.05
      vertex -19.86 -16.425 3.10001
      vertex -19.86 6.37499 3.10001
    endloop
  endfacet
  facet normal -1 -0 0
    outer loop
      vertex -19.86 -17.925 4.60001
      vertex -19.86 -24.275 3.05
      vertex -19.86 -17.925 55.4
    endloop
  endfacet
  facet normal -1 -0 0
    outer loop
      vertex -19.86 -17.8739 4.21178
      vertex -19.86 -24.275 3.05
      vertex -19.86 -17.925 4.60001
    endloop
  endfacet
  facet normal -1 -0 0
    outer loop
      vertex -19.86 -17.724 3.85001
      vertex -19.86 -24.275 3.05
      vertex -19.86 -17.8739 4.21178
    endloop
  endfacet
  facet normal -1 -0 0
    outer loop
      vertex -19.86 -17.4856 3.53935
      vertex -19.86 -24.275 3.05
      vertex -19.86 -17.724 3.85001
    endloop
  endfacet
  facet normal -1 -0 0
    outer loop
      vertex -19.86 -17.175 3.30096
      vertex -19.86 -24.275 3.05
      vertex -19.86 -17.4856 3.53935
    endloop
  endfacet
  facet normal -1 -0 0
    outer loop
      vertex -19.86 -16.8132 3.15112
      vertex -19.86 -24.275 3.05
      vertex -19.86 -17.175 3.30096
    endloop
  endfacet
  facet normal -1 -0 0
    outer loop
      vertex -19.86 -16.425 3.10001
      vertex -19.86 -24.275 3.05
      vertex -19.86 -16.8132 3.15112
    endloop
  endfacet
  facet normal -1 0 0
    outer loop
      vertex -19.86 -24.275 3.05
      vertex -19.86 -16.425 3.10001
      vertex -19.86 14.225 3.05
    endloop
  endfacet
  facet normal -1 0 0
    outer loop
      vertex -19.86 7.87499 55.4
      vertex -19.86 14.225 56.95
      vertex -19.86 7.87499 4.60001
    endloop
  endfacet
  facet normal -1 0 0
    outer loop
      vertex -19.86 7.82388 55.7882
      vertex -19.86 14.225 56.95
      vertex -19.86 7.87499 55.4
    endloop
  endfacet
  facet normal -1 0 0
    outer loop
      vertex -19.86 7.67404 56.15
      vertex -19.86 14.225 56.95
      vertex -19.86 7.82388 55.7882
    endloop
  endfacet
  facet normal -1 0 0
    outer loop
      vertex -19.86 7.43565 56.4606
      vertex -19.86 14.225 56.95
      vertex -19.86 7.67404 56.15
    endloop
  endfacet
  facet normal -1 0 0
    outer loop
      vertex -19.86 7.12499 56.699
      vertex -19.86 14.225 56.95
      vertex -19.86 7.43565 56.4606
    endloop
  endfacet
  facet normal -1 0 0
    outer loop
      vertex -19.86 6.76322 56.8489
      vertex -19.86 14.225 56.95
      vertex -19.86 7.12499 56.699
    endloop
  endfacet
  facet normal -1 0 0
    outer loop
      vertex -19.86 6.37499 56.9
      vertex -19.86 14.225 56.95
      vertex -19.86 6.76322 56.8489
    endloop
  endfacet
  facet normal -1 0 0
    outer loop
      vertex -19.86 -16.425 56.9
      vertex -19.86 14.225 56.95
      vertex -19.86 6.37499 56.9
    endloop
  endfacet
  facet normal -1 0 0
    outer loop
      vertex -19.86 -16.425 56.9
      vertex -19.86 -24.275 56.95
      vertex -19.86 14.225 56.95
    endloop
  endfacet
  facet normal -1 0 0
    outer loop
      vertex -19.86 -16.8132 56.8489
      vertex -19.86 -24.275 56.95
      vertex -19.86 -16.425 56.9
    endloop
  endfacet
  facet normal -1 0 0
    outer loop
      vertex -19.86 -17.175 56.699
      vertex -19.86 -24.275 56.95
      vertex -19.86 -16.8132 56.8489
    endloop
  endfacet
  facet normal -1 0 0
    outer loop
      vertex -19.86 -17.4856 56.4606
      vertex -19.86 -24.275 56.95
      vertex -19.86 -17.175 56.699
    endloop
  endfacet
  facet normal -1 0 0
    outer loop
      vertex -19.86 -17.724 56.15
      vertex -19.86 -24.275 56.95
      vertex -19.86 -17.4856 56.4606
    endloop
  endfacet
  facet normal -1 0 0
    outer loop
      vertex -19.86 -17.8739 55.7882
      vertex -19.86 -24.275 56.95
      vertex -19.86 -17.724 56.15
    endloop
  endfacet
  facet normal -1 0 0
    outer loop
      vertex -19.86 -17.925 55.4
      vertex -19.86 -24.275 56.95
      vertex -19.86 -17.8739 55.7882
    endloop
  endfacet
  facet normal -1 0 0
    outer loop
      vertex -19.86 -24.275 56.95
      vertex -19.86 -17.925 55.4
      vertex -19.86 -24.275 3.05
    endloop
  endfacet
  facet normal -0.996923 0 -0.0783858
    outer loop
      vertex -19.8231 -24.275 2.5807
      vertex -19.86 14.225 3.05
      vertex -19.8231 14.225 2.5807
    endloop
  endfacet
  facet normal -0.996923 -0 -0.0783858
    outer loop
      vertex -19.86 14.225 3.05
      vertex -19.8231 -24.275 2.5807
      vertex -19.86 -24.275 3.05
    endloop
  endfacet
  facet normal -1 0 0
    outer loop
      vertex -16.85 -24.275 0.0500031
      vertex -16.85 14.225 0.0703859
      vertex -16.85 14.225 0.0500031
    endloop
  endfacet
  facet normal -1 -0 0
    outer loop
      vertex -16.85 14.225 0.0703859
      vertex -16.85 -24.275 0.0500031
      vertex -16.85 -24.275 0.0703859
    endloop
  endfacet
  facet normal -1 0 0
    outer loop
      vertex -16.85 -24.275 59.9296
      vertex -16.85 14.225 59.95
      vertex -16.85 14.225 59.9296
    endloop
  endfacet
  facet normal -1 -0 0
    outer loop
      vertex -16.85 14.225 59.95
      vertex -16.85 -24.275 59.9296
      vertex -16.85 -24.275 59.95
    endloop
  endfacet
  facet normal 0 -0.134234 0.99095
    outer loop
      vertex -19.84 -4.23042 14.1215
      vertex -15.5 -4.62611 14.0679
      vertex -15.5 -4.23042 14.1215
    endloop
  endfacet
  facet normal 0 -0.134234 0.99095
    outer loop
      vertex -15.5 -4.62611 14.0679
      vertex -19.84 -4.23042 14.1215
      vertex -19.84 -4.62611 14.0679
    endloop
  endfacet
  facet normal 0 -0.0448294 0.998995
    outer loop
      vertex -19.84 -4.62611 14.0679
      vertex -15.5 -5.025 14.05
      vertex -15.5 -4.62611 14.0679
    endloop
  endfacet
  facet normal 0 -0.0448294 0.998995
    outer loop
      vertex -15.5 -5.025 14.05
      vertex -19.84 -4.62611 14.0679
      vertex -19.84 -5.025 14.05
    endloop
  endfacet
  facet normal -0 0.0448294 0.998995
    outer loop
      vertex -19.84 -5.025 14.05
      vertex -15.5 -5.42389 14.0679
      vertex -15.5 -5.025 14.05
    endloop
  endfacet
  facet normal 0 0.0448294 0.998995
    outer loop
      vertex -15.5 -5.42389 14.0679
      vertex -19.84 -5.025 14.05
      vertex -19.84 -5.42389 14.0679
    endloop
  endfacet
  facet normal 0 -0.995974 0.0896377
    outer loop
      vertex -19.84 -0.615274 17.9027
      vertex -15.5 -0.579481 18.3004
      vertex -19.84 -0.579481 18.3004
    endloop
  endfacet
  facet normal 0 -0.995974 0.0896377
    outer loop
      vertex -15.5 -0.579481 18.3004
      vertex -19.84 -0.615274 17.9027
      vertex -15.5 -0.615274 17.9027
    endloop
  endfacet
  facet normal 0 -1 0
    outer loop
      vertex -19.84 -0.579481 18.3004
      vertex -15.5 -0.579481 29.6418
      vertex -19.84 -0.579481 29.6418
    endloop
  endfacet
  facet normal 0 -1 -0
    outer loop
      vertex -15.5 -0.579481 29.6418
      vertex -19.84 -0.579481 18.3004
      vertex -15.5 -0.579481 18.3004
    endloop
  endfacet
  facet normal 0 -0.691142 0.722719
    outer loop
      vertex -19.84 -1.80856 15.4248
      vertex -15.5 -2.09717 15.1488
      vertex -15.5 -1.80856 15.4248
    endloop
  endfacet
  facet normal 0 -0.691142 0.722719
    outer loop
      vertex -15.5 -2.09717 15.1488
      vertex -19.84 -1.80856 15.4248
      vertex -19.84 -2.09717 15.1488
    endloop
  endfacet
  facet normal 0 1 -0
    outer loop
      vertex -15.5 -9.47052 18.3004
      vertex -19.84 -9.47052 29.6418
      vertex -15.5 -9.47052 29.6418
    endloop
  endfacet
  facet normal 0 1 0
    outer loop
      vertex -19.84 -9.47052 29.6418
      vertex -15.5 -9.47052 18.3004
      vertex -19.84 -9.47052 18.3004
    endloop
  endfacet
  facet normal 0 -0.858464 0.512874
    outer loop
      vertex -19.84 -1.31115 16.0485
      vertex -15.5 -1.10635 16.3913
      vertex -19.84 -1.10635 16.3913
    endloop
  endfacet
  facet normal 0 -0.858464 0.512874
    outer loop
      vertex -15.5 -1.10635 16.3913
      vertex -19.84 -1.31115 16.0485
      vertex -15.5 -1.31115 16.0485
    endloop
  endfacet
  facet normal 0 -0.392958 0.919556
    outer loop
      vertex -19.84 -3.09422 14.4907
      vertex -15.5 -3.46138 14.3338
      vertex -15.5 -3.09422 14.4907
    endloop
  endfacet
  facet normal 0 -0.392958 0.919556
    outer loop
      vertex -15.5 -3.46138 14.3338
      vertex -19.84 -3.09422 14.4907
      vertex -19.84 -3.46138 14.3338
    endloop
  endfacet
  facet normal 0 -0.309036 0.95105
    outer loop
      vertex -19.84 -3.46138 14.3338
      vertex -15.5 -3.84114 14.2104
      vertex -15.5 -3.46138 14.3338
    endloop
  endfacet
  facet normal 0 -0.309036 0.95105
    outer loop
      vertex -15.5 -3.84114 14.2104
      vertex -19.84 -3.46138 14.3338
      vertex -19.84 -3.84114 14.2104
    endloop
  endfacet
  facet normal 0 0.995975 0.0896302
    outer loop
      vertex -15.5 -9.43473 17.9027
      vertex -19.84 -9.47052 18.3004
      vertex -15.5 -9.47052 18.3004
    endloop
  endfacet
  facet normal 0 0.995975 0.0896302
    outer loop
      vertex -19.84 -9.47052 18.3004
      vertex -15.5 -9.43473 17.9027
      vertex -19.84 -9.43473 17.9027
    endloop
  endfacet
  facet normal 0 0.96396 0.266047
    outer loop
      vertex -15.5 -9.2572 17.1249
      vertex -19.84 -9.36343 17.5098
      vertex -15.5 -9.36343 17.5098
    endloop
  endfacet
  facet normal 0 0.96396 0.266047
    outer loop
      vertex -19.84 -9.36343 17.5098
      vertex -15.5 -9.2572 17.1249
      vertex -19.84 -9.2572 17.1249
    endloop
  endfacet
  facet normal -0 0.309036 0.95105
    outer loop
      vertex -19.84 -6.20886 14.2104
      vertex -15.5 -6.58862 14.3338
      vertex -15.5 -6.20886 14.2104
    endloop
  endfacet
  facet normal 0 0.309036 0.95105
    outer loop
      vertex -15.5 -6.58862 14.3338
      vertex -19.84 -6.20886 14.2104
      vertex -19.84 -6.58862 14.3338
    endloop
  endfacet
  facet normal -0 0.392958 0.919556
    outer loop
      vertex -19.84 -6.58862 14.3338
      vertex -15.5 -6.95578 14.4907
      vertex -15.5 -6.58862 14.3338
    endloop
  endfacet
  facet normal 0 0.392958 0.919556
    outer loop
      vertex -15.5 -6.95578 14.4907
      vertex -19.84 -6.58862 14.3338
      vertex -19.84 -6.95578 14.4907
    endloop
  endfacet
  facet normal -0 0.623393 0.781909
    outer loop
      vertex -19.84 -7.64064 14.8999
      vertex -15.5 -7.95283 15.1488
      vertex -15.5 -7.64064 14.8999
    endloop
  endfacet
  facet normal 0 0.623393 0.781909
    outer loop
      vertex -15.5 -7.95283 15.1488
      vertex -19.84 -7.64064 14.8999
      vertex -19.84 -7.95283 15.1488
    endloop
  endfacet
  facet normal -0 0.134234 0.99095
    outer loop
      vertex -19.84 -5.42389 14.0679
      vertex -15.5 -5.81958 14.1215
      vertex -15.5 -5.42389 14.0679
    endloop
  endfacet
  facet normal 0 0.134234 0.99095
    outer loop
      vertex -15.5 -5.81958 14.1215
      vertex -19.84 -5.42389 14.0679
      vertex -19.84 -5.81958 14.1215
    endloop
  endfacet
  facet normal 0 -0.983931 0.178548
    outer loop
      vertex -19.84 -0.686571 17.5098
      vertex -15.5 -0.615274 17.9027
      vertex -19.84 -0.615274 17.9027
    endloop
  endfacet
  facet normal 0 -0.983931 0.178548
    outer loop
      vertex -15.5 -0.615274 17.9027
      vertex -19.84 -0.686571 17.5098
      vertex -15.5 -0.686571 17.5098
    endloop
  endfacet
  facet normal 0 -0.753076 0.657934
    outer loop
      vertex -19.84 -1.80856 15.4248
      vertex -15.5 -1.54585 15.7255
      vertex -19.84 -1.54585 15.7255
    endloop
  endfacet
  facet normal 0 -0.753076 0.657934
    outer loop
      vertex -15.5 -1.54585 15.7255
      vertex -19.84 -1.80856 15.4248
      vertex -15.5 -1.80856 15.4248
    endloop
  endfacet
  facet normal 0 -0.808985 0.587829
    outer loop
      vertex -19.84 -1.54585 15.7255
      vertex -15.5 -1.31115 16.0485
      vertex -19.84 -1.31115 16.0485
    endloop
  endfacet
  facet normal 0 -0.808985 0.587829
    outer loop
      vertex -15.5 -1.31115 16.0485
      vertex -19.84 -1.54585 15.7255
      vertex -15.5 -1.54585 15.7255
    endloop
  endfacet
  facet normal 0 -0.623393 0.781909
    outer loop
      vertex -19.84 -2.09717 15.1488
      vertex -15.5 -2.40936 14.8999
      vertex -15.5 -2.09717 15.1488
    endloop
  endfacet
  facet normal 0 -0.623393 0.781909
    outer loop
      vertex -15.5 -2.40936 14.8999
      vertex -19.84 -2.09717 15.1488
      vertex -19.84 -2.40936 14.8999
    endloop
  endfacet
  facet normal 0 -0.55095 0.834538
    outer loop
      vertex -19.84 -2.40936 14.8999
      vertex -15.5 -2.7426 14.6799
      vertex -15.5 -2.40936 14.8999
    endloop
  endfacet
  facet normal 0 -0.55095 0.834538
    outer loop
      vertex -15.5 -2.7426 14.6799
      vertex -19.84 -2.40936 14.8999
      vertex -19.84 -2.7426 14.6799
    endloop
  endfacet
  facet normal 0 -0.47384 0.880611
    outer loop
      vertex -19.84 -2.7426 14.6799
      vertex -15.5 -3.09422 14.4907
      vertex -15.5 -2.7426 14.6799
    endloop
  endfacet
  facet normal 0 -0.47384 0.880611
    outer loop
      vertex -15.5 -3.09422 14.4907
      vertex -19.84 -2.7426 14.6799
      vertex -19.84 -3.09422 14.4907
    endloop
  endfacet
  facet normal 0 -0.222638 0.974901
    outer loop
      vertex -19.84 -3.84114 14.2104
      vertex -15.5 -4.23042 14.1215
      vertex -15.5 -3.84114 14.2104
    endloop
  endfacet
  facet normal 0 -0.222638 0.974901
    outer loop
      vertex -15.5 -4.23042 14.1215
      vertex -19.84 -3.84114 14.2104
      vertex -19.84 -4.23042 14.1215
    endloop
  endfacet
  facet normal 0 0.858464 0.512874
    outer loop
      vertex -15.5 -8.73885 16.0485
      vertex -19.84 -8.94365 16.3913
      vertex -15.5 -8.94365 16.3913
    endloop
  endfacet
  facet normal 0 0.858464 0.512874
    outer loop
      vertex -19.84 -8.94365 16.3913
      vertex -15.5 -8.73885 16.0485
      vertex -19.84 -8.73885 16.0485
    endloop
  endfacet
  facet normal -0 0.55095 0.834538
    outer loop
      vertex -19.84 -7.3074 14.6799
      vertex -15.5 -7.64064 14.8999
      vertex -15.5 -7.3074 14.6799
    endloop
  endfacet
  facet normal 0 0.55095 0.834538
    outer loop
      vertex -15.5 -7.64064 14.8999
      vertex -19.84 -7.3074 14.6799
      vertex -19.84 -7.64064 14.8999
    endloop
  endfacet
  facet normal 0 -0.900944 0.433936
    outer loop
      vertex -19.84 -1.10635 16.3913
      vertex -15.5 -0.933102 16.751
      vertex -19.84 -0.933102 16.751
    endloop
  endfacet
  facet normal 0 -0.900944 0.433936
    outer loop
      vertex -15.5 -0.933102 16.751
      vertex -19.84 -1.10635 16.3913
      vertex -15.5 -1.10635 16.3913
    endloop
  endfacet
  facet normal 0 -0.936255 0.351322
    outer loop
      vertex -19.84 -0.933102 16.751
      vertex -15.5 -0.792799 17.1249
      vertex -19.84 -0.792799 17.1249
    endloop
  endfacet
  facet normal 0 -0.936255 0.351322
    outer loop
      vertex -15.5 -0.792799 17.1249
      vertex -19.84 -0.933102 16.751
      vertex -15.5 -0.933102 16.751
    endloop
  endfacet
  facet normal 0 -0.963961 0.266042
    outer loop
      vertex -19.84 -0.792799 17.1249
      vertex -15.5 -0.686571 17.5098
      vertex -19.84 -0.686571 17.5098
    endloop
  endfacet
  facet normal 0 -0.963961 0.266042
    outer loop
      vertex -15.5 -0.686571 17.5098
      vertex -19.84 -0.792799 17.1249
      vertex -15.5 -0.792799 17.1249
    endloop
  endfacet
  facet normal 0 0.98393 0.178555
    outer loop
      vertex -15.5 -9.36343 17.5098
      vertex -19.84 -9.43473 17.9027
      vertex -15.5 -9.43473 17.9027
    endloop
  endfacet
  facet normal 0 0.98393 0.178555
    outer loop
      vertex -19.84 -9.43473 17.9027
      vertex -15.5 -9.36343 17.5098
      vertex -19.84 -9.36343 17.5098
    endloop
  endfacet
  facet normal 0 0.900942 0.43394
    outer loop
      vertex -15.5 -8.94365 16.3913
      vertex -19.84 -9.1169 16.751
      vertex -15.5 -9.1169 16.751
    endloop
  endfacet
  facet normal 0 0.900942 0.43394
    outer loop
      vertex -19.84 -9.1169 16.751
      vertex -15.5 -8.94365 16.3913
      vertex -19.84 -8.94365 16.3913
    endloop
  endfacet
  facet normal -0 0.47384 0.880611
    outer loop
      vertex -19.84 -6.95578 14.4907
      vertex -15.5 -7.3074 14.6799
      vertex -15.5 -6.95578 14.4907
    endloop
  endfacet
  facet normal 0 0.47384 0.880611
    outer loop
      vertex -15.5 -7.3074 14.6799
      vertex -19.84 -6.95578 14.4907
      vertex -19.84 -7.3074 14.6799
    endloop
  endfacet
  facet normal -0 0.222638 0.974901
    outer loop
      vertex -19.84 -5.81958 14.1215
      vertex -15.5 -6.20886 14.2104
      vertex -15.5 -5.81958 14.1215
    endloop
  endfacet
  facet normal 0 0.222638 0.974901
    outer loop
      vertex -15.5 -6.20886 14.2104
      vertex -19.84 -5.81958 14.1215
      vertex -19.84 -6.20886 14.2104
    endloop
  endfacet
  facet normal 0 0.936257 0.351316
    outer loop
      vertex -15.5 -9.1169 16.751
      vertex -19.84 -9.2572 17.1249
      vertex -15.5 -9.2572 17.1249
    endloop
  endfacet
  facet normal 0 0.936257 0.351316
    outer loop
      vertex -19.84 -9.2572 17.1249
      vertex -15.5 -9.1169 16.751
      vertex -19.84 -9.1169 16.751
    endloop
  endfacet
  facet normal 0 0.808985 0.587829
    outer loop
      vertex -15.5 -8.50415 15.7255
      vertex -19.84 -8.73885 16.0485
      vertex -15.5 -8.73885 16.0485
    endloop
  endfacet
  facet normal 0 0.808985 0.587829
    outer loop
      vertex -19.84 -8.73885 16.0485
      vertex -15.5 -8.50415 15.7255
      vertex -19.84 -8.50415 15.7255
    endloop
  endfacet
  facet normal 0 0.753076 0.657934
    outer loop
      vertex -15.5 -8.24144 15.4248
      vertex -19.84 -8.50415 15.7255
      vertex -15.5 -8.50415 15.7255
    endloop
  endfacet
  facet normal 0 0.753076 0.657934
    outer loop
      vertex -19.84 -8.50415 15.7255
      vertex -15.5 -8.24144 15.4248
      vertex -19.84 -8.24144 15.4248
    endloop
  endfacet
  facet normal -0 0.691142 0.722719
    outer loop
      vertex -19.84 -7.95283 15.1488
      vertex -15.5 -8.24144 15.4248
      vertex -15.5 -7.95283 15.1488
    endloop
  endfacet
  facet normal 0 0.691142 0.722719
    outer loop
      vertex -15.5 -8.24144 15.4248
      vertex -19.84 -7.95283 15.1488
      vertex -19.84 -8.24144 15.4248
    endloop
  endfacet
  facet normal 0 -0.0243634 -0.999703
    outer loop
      vertex -19.84 -5.025 44.675
      vertex -15.5 -4.62698 44.6653
      vertex -15.5 -5.025 44.675
    endloop
  endfacet
  facet normal -0 -0.0243634 -0.999703
    outer loop
      vertex -15.5 -4.62698 44.6653
      vertex -19.84 -5.025 44.675
      vertex -19.84 -4.62698 44.6653
    endloop
  endfacet
  facet normal 0 -0.999926 0.0121569
    outer loop
      vertex -19.84 3.14455 36.2014
      vertex -15.5 3.14939 36.5995
      vertex -19.84 3.14939 36.5995
    endloop
  endfacet
  facet normal 0 -0.999926 0.0121569
    outer loop
      vertex -15.5 3.14939 36.5995
      vertex -19.84 3.14455 36.2014
      vertex -15.5 3.14455 36.2014
    endloop
  endfacet
  facet normal 0 0.999337 -0.0364171
    outer loop
      vertex -15.5 -13.1994 36.5995
      vertex -19.84 -13.1849 36.9974
      vertex -15.5 -13.1849 36.9974
    endloop
  endfacet
  facet normal 0 0.999337 -0.0364171
    outer loop
      vertex -19.84 -13.1849 36.9974
      vertex -15.5 -13.1994 36.5995
      vertex -19.84 -13.1994 36.5995
    endloop
  endfacet
  facet normal 0 -0.719879 -0.6941
    outer loop
      vertex -19.84 0.996634 42.0291
      vertex -15.5 0.720297 42.3157
      vertex -19.84 0.720297 42.3157
    endloop
  endfacet
  facet normal 0 -0.719879 -0.6941
    outer loop
      vertex -15.5 0.720297 42.3157
      vertex -19.84 0.996634 42.0291
      vertex -15.5 0.996634 42.0291
    endloop
  endfacet
  facet normal 0 -0.70278 0.711408
    outer loop
      vertex -19.84 0.86021 30.8259
      vertex -15.5 0.576975 30.5461
      vertex -15.5 0.86021 30.8259
    endloop
  endfacet
  facet normal 0 -0.70278 0.711408
    outer loop
      vertex -15.5 0.576975 30.5461
      vertex -19.84 0.86021 30.8259
      vertex -19.84 0.576975 30.5461
    endloop
  endfacet
  facet normal 0 -0.40236 -0.915482
    outer loop
      vertex -19.84 -1.91957 44.0622
      vertex -15.5 -1.55507 43.902
      vertex -15.5 -1.91957 44.0622
    endloop
  endfacet
  facet normal -0 -0.40236 -0.915482
    outer loop
      vertex -15.5 -1.55507 43.902
      vertex -19.84 -1.91957 44.0622
      vertex -19.84 -1.55507 43.902
    endloop
  endfacet
  facet normal 0 -0.813289 -0.581861
    outer loop
      vertex -19.84 1.7375 41.0934
      vertex -15.5 1.50584 41.4172
      vertex -19.84 1.50584 41.4172
    endloop
  endfacet
  facet normal 0 -0.813289 -0.581861
    outer loop
      vertex -15.5 1.50584 41.4172
      vertex -19.84 1.7375 41.0934
      vertex -15.5 1.7375 41.0934
    endloop
  endfacet
  facet normal 0 -0.736626 0.6763
    outer loop
      vertex -19.84 0.86021 30.8259
      vertex -15.5 1.12949 31.1192
      vertex -19.84 1.12949 31.1192
    endloop
  endfacet
  facet normal 0 -0.736626 0.6763
    outer loop
      vertex -15.5 1.12949 31.1192
      vertex -19.84 0.86021 30.8259
      vertex -15.5 0.86021 30.8259
    endloop
  endfacet
  facet normal 0 -0.987496 0.157643
    outer loop
      vertex -19.84 3.01401 35.0151
      vertex -15.5 3.07678 35.4083
      vertex -19.84 3.07678 35.4083
    endloop
  endfacet
  facet normal 0 -0.987496 0.157643
    outer loop
      vertex -15.5 3.07678 35.4083
      vertex -19.84 3.01401 35.0151
      vertex -15.5 3.01401 35.0151
    endloop
  endfacet
  facet normal 0 -0.169785 -0.985481
    outer loop
      vertex -19.84 -3.83471 44.5879
      vertex -15.5 -3.44234 44.5203
      vertex -15.5 -3.83471 44.5879
    endloop
  endfacet
  facet normal -0 -0.169785 -0.985481
    outer loop
      vertex -15.5 -3.44234 44.5203
      vertex -19.84 -3.83471 44.5879
      vertex -19.84 -3.44234 44.5203
    endloop
  endfacet
  facet normal 0 -0.983363 -0.181652
    outer loop
      vertex -19.84 3.04779 37.7887
      vertex -15.5 2.97547 38.1802
      vertex -19.84 2.97547 38.1802
    endloop
  endfacet
  facet normal 0 -0.983363 -0.181652
    outer loop
      vertex -15.5 2.97547 38.1802
      vertex -19.84 3.04779 37.7887
      vertex -15.5 3.04779 37.7887
    endloop
  endfacet
  facet normal 0 -0.910539 -0.413423
    outer loop
      vertex -19.84 2.49883 39.6973
      vertex -15.5 2.33424 40.0598
      vertex -19.84 2.33424 40.0598
    endloop
  endfacet
  facet normal 0 -0.910539 -0.413423
    outer loop
      vertex -15.5 2.33424 40.0598
      vertex -19.84 2.49883 39.6973
      vertex -15.5 2.49883 39.6973
    endloop
  endfacet
  facet normal 0 -0.783959 -0.620812
    outer loop
      vertex -19.84 1.50584 41.4172
      vertex -15.5 1.25869 41.7293
      vertex -19.84 1.25869 41.7293
    endloop
  endfacet
  facet normal 0 -0.783959 -0.620812
    outer loop
      vertex -15.5 1.25869 41.7293
      vertex -19.84 1.50584 41.4172
      vertex -15.5 1.50584 41.4172
    endloop
  endfacet
  facet normal 0 -0.827256 0.561826
    outer loop
      vertex -19.84 1.62364 31.7433
      vertex -15.5 1.84735 32.0727
      vertex -19.84 1.84735 32.0727
    endloop
  endfacet
  facet normal 0 -0.827256 0.561826
    outer loop
      vertex -15.5 1.84735 32.0727
      vertex -19.84 1.62364 31.7433
      vertex -15.5 1.62364 31.7433
    endloop
  endfacet
  facet normal 0 -0.768616 0.63971
    outer loop
      vertex -19.84 1.12949 31.1192
      vertex -15.5 1.38417 31.4252
      vertex -19.84 1.38417 31.4252
    endloop
  endfacet
  facet normal 0 -0.768616 0.63971
    outer loop
      vertex -15.5 1.38417 31.4252
      vertex -19.84 1.12949 31.1192
      vertex -15.5 1.12949 31.1192
    endloop
  endfacet
  facet normal 0 -0.938312 0.345789
    outer loop
      vertex -19.84 2.57446 33.4869
      vertex -15.5 2.71214 33.8605
      vertex -19.84 2.71214 33.8605
    endloop
  endfacet
  facet normal 0 -0.938312 0.345789
    outer loop
      vertex -15.5 2.71214 33.8605
      vertex -19.84 2.57446 33.4869
      vertex -15.5 2.57446 33.4869
    endloop
  endfacet
  facet normal 0 -0.994001 0.109373
    outer loop
      vertex -19.84 3.07678 35.4083
      vertex -15.5 3.12032 35.804
      vertex -19.84 3.12032 35.804
    endloop
  endfacet
  facet normal 0 -0.994001 0.109373
    outer loop
      vertex -15.5 3.12032 35.804
      vertex -19.84 3.07678 35.4083
      vertex -15.5 3.07678 35.4083
    endloop
  endfacet
  facet normal 0 0.920259 0.391311
    outer loop
      vertex -15.5 -12.4687 33.1205
      vertex -19.84 -12.6245 33.4869
      vertex -15.5 -12.6245 33.4869
    endloop
  endfacet
  facet normal 0 0.920259 0.391311
    outer loop
      vertex -19.84 -12.6245 33.4869
      vertex -15.5 -12.4687 33.1205
      vertex -19.84 -12.4687 33.1205
    endloop
  endfacet
  facet normal -0 0.591798 0.806086
    outer loop
      vertex -19.84 -9.70039 29.7939
      vertex -15.5 -10.0213 30.0295
      vertex -15.5 -9.70039 29.7939
    endloop
  endfacet
  facet normal 0 0.591798 0.806086
    outer loop
      vertex -15.5 -10.0213 30.0295
      vertex -19.84 -9.70039 29.7939
      vertex -19.84 -10.0213 30.0295
    endloop
  endfacet
  facet normal 0 0.996369 -0.0851447
    outer loop
      vertex -15.5 -13.1849 36.9974
      vertex -19.84 -13.151 37.3941
      vertex -15.5 -13.151 37.3941
    endloop
  endfacet
  facet normal 0 0.996369 -0.0851447
    outer loop
      vertex -19.84 -13.151 37.3941
      vertex -15.5 -13.1849 36.9974
      vertex -19.84 -13.1849 36.9974
    endloop
  endfacet
  facet normal 0 0.929547 -0.368704
    outer loop
      vertex -15.5 -12.6956 39.3272
      vertex -19.84 -12.5488 39.6973
      vertex -15.5 -12.5488 39.6973
    endloop
  endfacet
  facet normal 0 0.929547 -0.368704
    outer loop
      vertex -19.84 -12.5488 39.6973
      vertex -15.5 -12.6956 39.3272
      vertex -19.84 -12.6956 39.3272
    endloop
  endfacet
  facet normal 0 -0.121317 -0.992614
    outer loop
      vertex -19.84 -4.2299 44.6362
      vertex -15.5 -3.83471 44.5879
      vertex -15.5 -4.2299 44.6362
    endloop
  endfacet
  facet normal -0 -0.121317 -0.992614
    outer loop
      vertex -15.5 -3.83471 44.5879
      vertex -19.84 -4.2299 44.6362
      vertex -19.84 -3.83471 44.5879
    endloop
  endfacet
  facet normal 0 -0.073089 -0.997325
    outer loop
      vertex -19.84 -4.62698 44.6653
      vertex -15.5 -4.2299 44.6362
      vertex -15.5 -4.62698 44.6653
    endloop
  endfacet
  facet normal -0 -0.073089 -0.997325
    outer loop
      vertex -15.5 -4.2299 44.6362
      vertex -19.84 -4.62698 44.6653
      vertex -19.84 -4.2299 44.6362
    endloop
  endfacet
  facet normal 0 -0.217271 -0.976111
    outer loop
      vertex -19.84 -3.44234 44.5203
      vertex -15.5 -3.05373 44.4338
      vertex -15.5 -3.44234 44.5203
    endloop
  endfacet
  facet normal -0 -0.217271 -0.976111
    outer loop
      vertex -15.5 -3.05373 44.4338
      vertex -19.84 -3.44234 44.5203
      vertex -19.84 -3.05373 44.4338
    endloop
  endfacet
  facet normal 0 -0.264728 -0.964323
    outer loop
      vertex -19.84 -3.05373 44.4338
      vertex -15.5 -2.66979 44.3284
      vertex -15.5 -3.05373 44.4338
    endloop
  endfacet
  facet normal -0 -0.264728 -0.964323
    outer loop
      vertex -15.5 -2.66979 44.3284
      vertex -19.84 -3.05373 44.4338
      vertex -19.84 -2.66979 44.3284
    endloop
  endfacet
  facet normal 0 -0.357169 -0.93404
    outer loop
      vertex -19.84 -2.29144 44.2044
      vertex -15.5 -1.91957 44.0622
      vertex -15.5 -2.29144 44.2044
    endloop
  endfacet
  facet normal -0 -0.357169 -0.93404
    outer loop
      vertex -15.5 -1.91957 44.0622
      vertex -19.84 -2.29144 44.2044
      vertex -19.84 -1.91957 44.0622
    endloop
  endfacet
  facet normal 0 -0.311439 -0.950266
    outer loop
      vertex -19.84 -2.66979 44.3284
      vertex -15.5 -2.29144 44.2044
      vertex -15.5 -2.66979 44.3284
    endloop
  endfacet
  facet normal -0 -0.311439 -0.950266
    outer loop
      vertex -15.5 -2.29144 44.2044
      vertex -19.84 -2.66979 44.3284
      vertex -19.84 -2.29144 44.2044
    endloop
  endfacet
  facet normal 0 -0.649005 -0.760785
    outer loop
      vertex -19.84 0.127426 42.8469
      vertex -15.5 0.430331 42.5885
      vertex -15.5 0.127426 42.8469
    endloop
  endfacet
  facet normal -0 -0.649005 -0.760785
    outer loop
      vertex -15.5 0.430331 42.5885
      vertex -19.84 0.127426 42.8469
      vertex -19.84 0.430331 42.5885
    endloop
  endfacet
  facet normal 0 -0.685219 -0.728337
    outer loop
      vertex -19.84 0.430331 42.5885
      vertex -15.5 0.720297 42.3157
      vertex -15.5 0.430331 42.5885
    endloop
  endfacet
  facet normal -0 -0.685219 -0.728337
    outer loop
      vertex -15.5 0.720297 42.3157
      vertex -19.84 0.430331 42.5885
      vertex -19.84 0.720297 42.3157
    endloop
  endfacet
  facet normal 0 -0.571912 -0.820315
    outer loop
      vertex -19.84 -0.514299 43.3179
      vertex -15.5 -0.1877 43.0902
      vertex -15.5 -0.514299 43.3179
    endloop
  endfacet
  facet normal -0 -0.571912 -0.820315
    outer loop
      vertex -15.5 -0.1877 43.0902
      vertex -19.84 -0.514299 43.3179
      vertex -19.84 -0.1877 43.0902
    endloop
  endfacet
  facet normal 0 -0.489314 -0.872107
    outer loop
      vertex -19.84 -1.19879 43.7243
      vertex -15.5 -0.851597 43.5295
      vertex -15.5 -1.19879 43.7243
    endloop
  endfacet
  facet normal -0 -0.489314 -0.872107
    outer loop
      vertex -15.5 -0.851597 43.5295
      vertex -19.84 -1.19879 43.7243
      vertex -19.84 -0.851597 43.5295
    endloop
  endfacet
  facet normal 0 -0.446329 -0.894869
    outer loop
      vertex -19.84 -1.55507 43.902
      vertex -15.5 -1.19879 43.7243
      vertex -15.5 -1.55507 43.902
    endloop
  endfacet
  facet normal -0 -0.446329 -0.894869
    outer loop
      vertex -15.5 -1.19879 43.7243
      vertex -19.84 -1.55507 43.902
      vertex -19.84 -1.19879 43.7243
    endloop
  endfacet
  facet normal 0 -0.996371 -0.0851197
    outer loop
      vertex -19.84 3.13485 36.9974
      vertex -15.5 3.10096 37.3941
      vertex -19.84 3.10096 37.3941
    endloop
  endfacet
  facet normal 0 -0.996371 -0.0851197
    outer loop
      vertex -15.5 3.10096 37.3941
      vertex -19.84 3.13485 36.9974
      vertex -15.5 3.13485 36.9974
    endloop
  endfacet
  facet normal 0 -0.946437 -0.322889
    outer loop
      vertex -19.84 2.77413 38.9504
      vertex -15.5 2.64558 39.3272
      vertex -19.84 2.64558 39.3272
    endloop
  endfacet
  facet normal 0 -0.946437 -0.322889
    outer loop
      vertex -15.5 2.64558 39.3272
      vertex -19.84 2.77413 38.9504
      vertex -15.5 2.77413 38.9504
    endloop
  endfacet
  facet normal 0 -0.961053 -0.276363
    outer loop
      vertex -19.84 2.88418 38.5677
      vertex -15.5 2.77413 38.9504
      vertex -19.84 2.77413 38.9504
    endloop
  endfacet
  facet normal 0 -0.961053 -0.276363
    outer loop
      vertex -15.5 2.77413 38.9504
      vertex -19.84 2.88418 38.5677
      vertex -15.5 2.88418 38.5677
    endloop
  endfacet
  facet normal 0 -0.973354 -0.22931
    outer loop
      vertex -19.84 2.97547 38.1802
      vertex -15.5 2.88418 38.5677
      vertex -19.84 2.88418 38.5677
    endloop
  endfacet
  facet normal 0 -0.973354 -0.22931
    outer loop
      vertex -15.5 2.88418 38.5677
      vertex -19.84 2.97547 38.1802
      vertex -15.5 2.97547 38.1802
    endloop
  endfacet
  facet normal 0 -0.991044 -0.133537
    outer loop
      vertex -19.84 3.10096 37.3941
      vertex -15.5 3.04779 37.7887
      vertex -19.84 3.04779 37.7887
    endloop
  endfacet
  facet normal 0 -0.991044 -0.133537
    outer loop
      vertex -15.5 3.04779 37.7887
      vertex -19.84 3.10096 37.3941
      vertex -15.5 3.10096 37.3941
    endloop
  endfacet
  facet normal 0 -0.999333 -0.0365175
    outer loop
      vertex -19.84 3.14939 36.5995
      vertex -15.5 3.13485 36.9974
      vertex -19.84 3.13485 36.9974
    endloop
  endfacet
  facet normal 0 -0.999333 -0.0365175
    outer loop
      vertex -15.5 3.13485 36.9974
      vertex -19.84 3.14939 36.5995
      vertex -15.5 3.14939 36.5995
    endloop
  endfacet
  facet normal 0 -0.92959 -0.368596
    outer loop
      vertex -19.84 2.64558 39.3272
      vertex -15.5 2.49883 39.6973
      vertex -19.84 2.49883 39.6973
    endloop
  endfacet
  facet normal 0 -0.92959 -0.368596
    outer loop
      vertex -15.5 2.49883 39.6973
      vertex -19.84 2.64558 39.3272
      vertex -15.5 2.64558 39.3272
    endloop
  endfacet
  facet normal 0 -0.866026 -0.499999
    outer loop
      vertex -19.84 2.15219 40.4139
      vertex -15.5 1.95312 40.7587
      vertex -19.84 1.95312 40.7587
    endloop
  endfacet
  facet normal 0 -0.866026 -0.499999
    outer loop
      vertex -15.5 1.95312 40.7587
      vertex -19.84 2.15219 40.4139
      vertex -15.5 2.15219 40.4139
    endloop
  endfacet
  facet normal 0 -0.889348 -0.457232
    outer loop
      vertex -19.84 2.33424 40.0598
      vertex -15.5 2.15219 40.4139
      vertex -19.84 2.15219 40.4139
    endloop
  endfacet
  facet normal 0 -0.889348 -0.457232
    outer loop
      vertex -15.5 2.15219 40.4139
      vertex -19.84 2.33424 40.0598
      vertex -15.5 2.33424 40.0598
    endloop
  endfacet
  facet normal 0 -0.840657 -0.541567
    outer loop
      vertex -19.84 1.95312 40.7587
      vertex -15.5 1.7375 41.0934
      vertex -19.84 1.7375 41.0934
    endloop
  endfacet
  facet normal 0 -0.840657 -0.541567
    outer loop
      vertex -15.5 1.7375 41.0934
      vertex -19.84 1.95312 40.7587
      vertex -15.5 1.95312 40.7587
    endloop
  endfacet
  facet normal 0 -0.752911 -0.658122
    outer loop
      vertex -19.84 1.25869 41.7293
      vertex -15.5 0.996634 42.0291
      vertex -19.84 0.996634 42.0291
    endloop
  endfacet
  facet normal 0 -0.752911 -0.658122
    outer loop
      vertex -15.5 0.996634 42.0291
      vertex -19.84 1.25869 41.7293
      vertex -15.5 1.25869 41.7293
    endloop
  endfacet
  facet normal 0 -0.900255 0.435362
    outer loop
      vertex -19.84 2.24537 32.762
      vertex -15.5 2.41874 33.1205
      vertex -19.84 2.41874 33.1205
    endloop
  endfacet
  facet normal 0 -0.900255 0.435362
    outer loop
      vertex -15.5 2.41874 33.1205
      vertex -19.84 2.24537 32.762
      vertex -15.5 2.24537 32.762
    endloop
  endfacet
  facet normal 0 -0.877923 0.478801
    outer loop
      vertex -19.84 2.05476 32.4125
      vertex -15.5 2.24537 32.762
      vertex -19.84 2.24537 32.762
    endloop
  endfacet
  facet normal 0 -0.877923 0.478801
    outer loop
      vertex -15.5 2.24537 32.762
      vertex -19.84 2.05476 32.4125
      vertex -15.5 2.05476 32.4125
    endloop
  endfacet
  facet normal 0 -0.853556 0.521001
    outer loop
      vertex -19.84 1.84735 32.0727
      vertex -15.5 2.05476 32.4125
      vertex -19.84 2.05476 32.4125
    endloop
  endfacet
  facet normal 0 -0.853556 0.521001
    outer loop
      vertex -15.5 2.05476 32.4125
      vertex -19.84 1.84735 32.0727
      vertex -15.5 1.84735 32.0727
    endloop
  endfacet
  facet normal 0 -0.79892 0.601438
    outer loop
      vertex -19.84 1.38417 31.4252
      vertex -15.5 1.62364 31.7433
      vertex -19.84 1.62364 31.7433
    endloop
  endfacet
  facet normal 0 -0.79892 0.601438
    outer loop
      vertex -15.5 1.62364 31.7433
      vertex -19.84 1.38417 31.4252
      vertex -15.5 1.38417 31.4252
    endloop
  endfacet
  facet normal 0 -0.920331 0.391141
    outer loop
      vertex -19.84 2.41874 33.1205
      vertex -15.5 2.57446 33.4869
      vertex -19.84 2.57446 33.4869
    endloop
  endfacet
  facet normal 0 -0.920331 0.391141
    outer loop
      vertex -15.5 2.57446 33.4869
      vertex -19.84 2.41874 33.1205
      vertex -15.5 2.41874 33.1205
    endloop
  endfacet
  facet normal 0 -0.967486 0.252923
    outer loop
      vertex -19.84 2.83148 34.2403
      vertex -15.5 2.93218 34.6255
      vertex -19.84 2.93218 34.6255
    endloop
  endfacet
  facet normal 0 -0.967486 0.252923
    outer loop
      vertex -15.5 2.93218 34.6255
      vertex -19.84 2.83148 34.2403
      vertex -15.5 2.83148 34.2403
    endloop
  endfacet
  facet normal 0 -0.954012 0.299768
    outer loop
      vertex -19.84 2.71214 33.8605
      vertex -15.5 2.83148 34.2403
      vertex -19.84 2.83148 34.2403
    endloop
  endfacet
  facet normal 0 -0.954012 0.299768
    outer loop
      vertex -15.5 2.83148 34.2403
      vertex -19.84 2.71214 33.8605
      vertex -15.5 2.71214 33.8605
    endloop
  endfacet
  facet normal 0 -0.978646 0.205551
    outer loop
      vertex -19.84 2.93218 34.6255
      vertex -15.5 3.01401 35.0151
      vertex -19.84 3.01401 35.0151
    endloop
  endfacet
  facet normal 0 -0.978646 0.205551
    outer loop
      vertex -15.5 3.01401 35.0151
      vertex -19.84 2.93218 34.6255
      vertex -15.5 2.93218 34.6255
    endloop
  endfacet
  facet normal 0 -0.998146 0.0608583
    outer loop
      vertex -19.84 3.12032 35.804
      vertex -15.5 3.14455 36.2014
      vertex -19.84 3.14455 36.2014
    endloop
  endfacet
  facet normal 0 -0.998146 0.0608583
    outer loop
      vertex -15.5 3.14455 36.2014
      vertex -19.84 3.12032 35.804
      vertex -15.5 3.12032 35.804
    endloop
  endfacet
  facet normal 0 0.073089 -0.997325
    outer loop
      vertex -19.84 -5.8201 44.6362
      vertex -15.5 -5.42302 44.6653
      vertex -15.5 -5.8201 44.6362
    endloop
  endfacet
  facet normal 0 0.073089 -0.997325
    outer loop
      vertex -15.5 -5.42302 44.6653
      vertex -19.84 -5.8201 44.6362
      vertex -19.84 -5.42302 44.6653
    endloop
  endfacet
  facet normal 0 0.217271 -0.976111
    outer loop
      vertex -19.84 -6.99627 44.4338
      vertex -15.5 -6.60766 44.5203
      vertex -15.5 -6.99627 44.4338
    endloop
  endfacet
  facet normal 0 0.217271 -0.976111
    outer loop
      vertex -15.5 -6.60766 44.5203
      vertex -19.84 -6.99627 44.4338
      vertex -19.84 -6.60766 44.5203
    endloop
  endfacet
  facet normal 0 0.649011 -0.760779
    outer loop
      vertex -19.84 -10.4803 42.5885
      vertex -15.5 -10.1774 42.8469
      vertex -15.5 -10.4803 42.5885
    endloop
  endfacet
  facet normal 0 0.649011 -0.760779
    outer loop
      vertex -15.5 -10.1774 42.8469
      vertex -19.84 -10.4803 42.5885
      vertex -19.84 -10.1774 42.8469
    endloop
  endfacet
  facet normal 0 0.827151 0.56198
    outer loop
      vertex -15.5 -11.6736 31.7433
      vertex -19.84 -11.8974 32.0727
      vertex -15.5 -11.8974 32.0727
    endloop
  endfacet
  facet normal 0 0.827151 0.56198
    outer loop
      vertex -19.84 -11.8974 32.0727
      vertex -15.5 -11.6736 31.7433
      vertex -19.84 -11.6736 31.7433
    endloop
  endfacet
  facet normal 0 0.91053 -0.413443
    outer loop
      vertex -15.5 -12.5488 39.6973
      vertex -19.84 -12.3842 40.0598
      vertex -15.5 -12.3842 40.0598
    endloop
  endfacet
  facet normal 0 0.91053 -0.413443
    outer loop
      vertex -19.84 -12.3842 40.0598
      vertex -15.5 -12.5488 39.6973
      vertex -19.84 -12.5488 39.6973
    endloop
  endfacet
  facet normal 0 -0.611123 -0.791536
    outer loop
      vertex -19.84 -0.1877 43.0902
      vertex -15.5 0.127426 42.8469
      vertex -15.5 -0.1877 43.0902
    endloop
  endfacet
  facet normal -0 -0.611123 -0.791536
    outer loop
      vertex -15.5 0.127426 42.8469
      vertex -19.84 -0.1877 43.0902
      vertex -19.84 0.127426 42.8469
    endloop
  endfacet
  facet normal 0 -0.531423 -0.847107
    outer loop
      vertex -19.84 -0.851597 43.5295
      vertex -15.5 -0.514299 43.3179
      vertex -15.5 -0.851597 43.5295
    endloop
  endfacet
  facet normal -0 -0.531423 -0.847107
    outer loop
      vertex -15.5 -0.514299 43.3179
      vertex -19.84 -0.851597 43.5295
      vertex -19.84 -0.514299 43.3179
    endloop
  endfacet
  facet normal 0 -0.551822 0.833962
    outer loop
      vertex -19.84 -0.349614 29.7939
      vertex -15.5 -0.579481 29.6418
      vertex -15.5 -0.349614 29.7939
    endloop
  endfacet
  facet normal 0 -0.551822 0.833962
    outer loop
      vertex -15.5 -0.579481 29.6418
      vertex -19.84 -0.349614 29.7939
      vertex -19.84 -0.579481 29.6418
    endloop
  endfacet
  facet normal 0 -0.59174 0.806129
    outer loop
      vertex -19.84 -0.0286554 30.0295
      vertex -15.5 -0.349614 29.7939
      vertex -15.5 -0.0286554 30.0295
    endloop
  endfacet
  facet normal 0 -0.59174 0.806129
    outer loop
      vertex -15.5 -0.349614 29.7939
      vertex -19.84 -0.0286554 30.0295
      vertex -19.84 -0.349614 29.7939
    endloop
  endfacet
  facet normal 0 -0.630216 0.77642
    outer loop
      vertex -19.84 0.280451 30.2804
      vertex -15.5 -0.0286554 30.0295
      vertex -15.5 0.280451 30.2804
    endloop
  endfacet
  facet normal 0 -0.630216 0.77642
    outer loop
      vertex -15.5 -0.0286554 30.0295
      vertex -19.84 0.280451 30.2804
      vertex -19.84 -0.0286554 30.0295
    endloop
  endfacet
  facet normal 0 0.121317 -0.992614
    outer loop
      vertex -19.84 -6.21529 44.5879
      vertex -15.5 -5.8201 44.6362
      vertex -15.5 -6.21529 44.5879
    endloop
  endfacet
  facet normal 0 0.121317 -0.992614
    outer loop
      vertex -15.5 -5.8201 44.6362
      vertex -19.84 -6.21529 44.5879
      vertex -19.84 -5.8201 44.6362
    endloop
  endfacet
  facet normal 0 0.0243634 -0.999703
    outer loop
      vertex -19.84 -5.42302 44.6653
      vertex -15.5 -5.025 44.675
      vertex -15.5 -5.42302 44.6653
    endloop
  endfacet
  facet normal 0 0.0243634 -0.999703
    outer loop
      vertex -15.5 -5.025 44.675
      vertex -19.84 -5.42302 44.6653
      vertex -19.84 -5.025 44.675
    endloop
  endfacet
  facet normal 0 0.264728 -0.964323
    outer loop
      vertex -19.84 -7.38021 44.3284
      vertex -15.5 -6.99627 44.4338
      vertex -15.5 -7.38021 44.3284
    endloop
  endfacet
  facet normal 0 0.264728 -0.964323
    outer loop
      vertex -15.5 -6.99627 44.4338
      vertex -19.84 -7.38021 44.3284
      vertex -19.84 -6.99627 44.4338
    endloop
  endfacet
  facet normal 0 0.889399 -0.457132
    outer loop
      vertex -15.5 -12.3842 40.0598
      vertex -19.84 -12.2022 40.4139
      vertex -15.5 -12.2022 40.4139
    endloop
  endfacet
  facet normal 0 0.889399 -0.457132
    outer loop
      vertex -19.84 -12.2022 40.4139
      vertex -15.5 -12.3842 40.0598
      vertex -19.84 -12.3842 40.0598
    endloop
  endfacet
  facet normal 0 0.768592 0.63974
    outer loop
      vertex -15.5 -11.1795 31.1192
      vertex -19.84 -11.4342 31.4252
      vertex -15.5 -11.4342 31.4252
    endloop
  endfacet
  facet normal 0 0.768592 0.63974
    outer loop
      vertex -19.84 -11.4342 31.4252
      vertex -15.5 -11.1795 31.1192
      vertex -19.84 -11.1795 31.1192
    endloop
  endfacet
  facet normal -0 0.551817 0.833965
    outer loop
      vertex -19.84 -9.47052 29.6418
      vertex -15.5 -9.70039 29.7939
      vertex -15.5 -9.47052 29.6418
    endloop
  endfacet
  facet normal 0 0.551817 0.833965
    outer loop
      vertex -15.5 -9.70039 29.7939
      vertex -19.84 -9.47052 29.6418
      vertex -19.84 -9.70039 29.7939
    endloop
  endfacet
  facet normal 0 0.973348 -0.229333
    outer loop
      vertex -15.5 -13.0255 38.1802
      vertex -19.84 -12.9342 38.5677
      vertex -15.5 -12.9342 38.5677
    endloop
  endfacet
  facet normal 0 0.973348 -0.229333
    outer loop
      vertex -19.84 -12.9342 38.5677
      vertex -15.5 -13.0255 38.1802
      vertex -19.84 -13.0255 38.1802
    endloop
  endfacet
  facet normal 0 0.946475 -0.322776
    outer loop
      vertex -15.5 -12.8241 38.9504
      vertex -19.84 -12.6956 39.3272
      vertex -15.5 -12.6956 39.3272
    endloop
  endfacet
  facet normal 0 0.946475 -0.322776
    outer loop
      vertex -19.84 -12.6956 39.3272
      vertex -15.5 -12.8241 38.9504
      vertex -19.84 -12.8241 38.9504
    endloop
  endfacet
  facet normal 0 0.991034 -0.133611
    outer loop
      vertex -15.5 -13.151 37.3941
      vertex -19.84 -13.0978 37.7887
      vertex -15.5 -13.0978 37.7887
    endloop
  endfacet
  facet normal 0 0.991034 -0.133611
    outer loop
      vertex -19.84 -13.0978 37.7887
      vertex -15.5 -13.151 37.3941
      vertex -19.84 -13.151 37.3941
    endloop
  endfacet
  facet normal 0 -0.667337 0.744756
    outer loop
      vertex -19.84 0.576975 30.5461
      vertex -15.5 0.280451 30.2804
      vertex -15.5 0.576975 30.5461
    endloop
  endfacet
  facet normal 0 -0.667337 0.744756
    outer loop
      vertex -15.5 0.280451 30.2804
      vertex -19.84 0.576975 30.5461
      vertex -19.84 0.280451 30.2804
    endloop
  endfacet
  facet normal 0 0.40236 -0.915482
    outer loop
      vertex -19.84 -8.49493 43.902
      vertex -15.5 -8.13043 44.0622
      vertex -15.5 -8.49493 43.902
    endloop
  endfacet
  facet normal 0 0.40236 -0.915482
    outer loop
      vertex -15.5 -8.13043 44.0622
      vertex -19.84 -8.49493 43.902
      vertex -19.84 -8.13043 44.0622
    endloop
  endfacet
  facet normal 0 0.489307 -0.872112
    outer loop
      vertex -19.84 -9.1984 43.5295
      vertex -15.5 -8.8512 43.7243
      vertex -15.5 -9.1984 43.5295
    endloop
  endfacet
  facet normal 0 0.489307 -0.872112
    outer loop
      vertex -15.5 -8.8512 43.7243
      vertex -19.84 -9.1984 43.5295
      vertex -19.84 -8.8512 43.7243
    endloop
  endfacet
  facet normal 0 0.311439 -0.950266
    outer loop
      vertex -19.84 -7.75856 44.2044
      vertex -15.5 -7.38021 44.3284
      vertex -15.5 -7.75856 44.2044
    endloop
  endfacet
  facet normal 0 0.311439 -0.950266
    outer loop
      vertex -15.5 -7.38021 44.3284
      vertex -19.84 -7.75856 44.2044
      vertex -19.84 -7.38021 44.3284
    endloop
  endfacet
  facet normal 0 0.169785 -0.985481
    outer loop
      vertex -19.84 -6.60766 44.5203
      vertex -15.5 -6.21529 44.5879
      vertex -15.5 -6.60766 44.5203
    endloop
  endfacet
  facet normal 0 0.169785 -0.985481
    outer loop
      vertex -15.5 -6.21529 44.5879
      vertex -19.84 -6.60766 44.5203
      vertex -19.84 -6.21529 44.5879
    endloop
  endfacet
  facet normal 0 0.53142 -0.847108
    outer loop
      vertex -19.84 -9.5357 43.3179
      vertex -15.5 -9.1984 43.5295
      vertex -15.5 -9.5357 43.3179
    endloop
  endfacet
  facet normal 0 0.53142 -0.847108
    outer loop
      vertex -15.5 -9.1984 43.5295
      vertex -19.84 -9.5357 43.3179
      vertex -19.84 -9.1984 43.5295
    endloop
  endfacet
  facet normal 0 0.611154 -0.791511
    outer loop
      vertex -19.84 -10.1774 42.8469
      vertex -15.5 -9.8623 43.0902
      vertex -15.5 -10.1774 42.8469
    endloop
  endfacet
  facet normal 0 0.611154 -0.791511
    outer loop
      vertex -15.5 -9.8623 43.0902
      vertex -19.84 -10.1774 42.8469
      vertex -19.84 -9.8623 43.0902
    endloop
  endfacet
  facet normal 0 0.685177 -0.728377
    outer loop
      vertex -19.84 -10.7703 42.3157
      vertex -15.5 -10.4803 42.5885
      vertex -15.5 -10.7703 42.3157
    endloop
  endfacet
  facet normal 0 0.685177 -0.728377
    outer loop
      vertex -15.5 -10.4803 42.5885
      vertex -19.84 -10.7703 42.3157
      vertex -19.84 -10.4803 42.5885
    endloop
  endfacet
  facet normal 0 0.719925 -0.694052
    outer loop
      vertex -15.5 -11.0466 42.0291
      vertex -19.84 -10.7703 42.3157
      vertex -15.5 -10.7703 42.3157
    endloop
  endfacet
  facet normal 0 0.719925 -0.694052
    outer loop
      vertex -19.84 -10.7703 42.3157
      vertex -15.5 -11.0466 42.0291
      vertex -19.84 -11.0466 42.0291
    endloop
  endfacet
  facet normal 0 0.813241 -0.581927
    outer loop
      vertex -15.5 -11.7875 41.0934
      vertex -19.84 -11.5558 41.4172
      vertex -15.5 -11.5558 41.4172
    endloop
  endfacet
  facet normal 0 0.813241 -0.581927
    outer loop
      vertex -19.84 -11.5558 41.4172
      vertex -15.5 -11.7875 41.0934
      vertex -19.84 -11.7875 41.0934
    endloop
  endfacet
  facet normal 0 0.752857 -0.658185
    outer loop
      vertex -15.5 -11.3087 41.7293
      vertex -19.84 -11.0466 42.0291
      vertex -15.5 -11.0466 42.0291
    endloop
  endfacet
  facet normal 0 0.752857 -0.658185
    outer loop
      vertex -19.84 -11.0466 42.0291
      vertex -15.5 -11.3087 41.7293
      vertex -19.84 -11.3087 41.7293
    endloop
  endfacet
  facet normal 0 0.78402 -0.620735
    outer loop
      vertex -15.5 -11.5558 41.4172
      vertex -19.84 -11.3087 41.7293
      vertex -15.5 -11.3087 41.7293
    endloop
  endfacet
  facet normal 0 0.78402 -0.620735
    outer loop
      vertex -19.84 -11.3087 41.7293
      vertex -15.5 -11.5558 41.4172
      vertex -19.84 -11.5558 41.4172
    endloop
  endfacet
  facet normal 0 0.938377 0.345612
    outer loop
      vertex -15.5 -12.6245 33.4869
      vertex -19.84 -12.7621 33.8605
      vertex -15.5 -12.7621 33.8605
    endloop
  endfacet
  facet normal 0 0.938377 0.345612
    outer loop
      vertex -19.84 -12.7621 33.8605
      vertex -15.5 -12.6245 33.4869
      vertex -19.84 -12.6245 33.4869
    endloop
  endfacet
  facet normal 0 0.967486 0.252923
    outer loop
      vertex -15.5 -12.8815 34.2403
      vertex -19.84 -12.9822 34.6255
      vertex -15.5 -12.9822 34.6255
    endloop
  endfacet
  facet normal 0 0.967486 0.252923
    outer loop
      vertex -19.84 -12.9822 34.6255
      vertex -15.5 -12.8815 34.2403
      vertex -19.84 -12.8815 34.2403
    endloop
  endfacet
  facet normal 0 0.853567 0.520983
    outer loop
      vertex -15.5 -11.8974 32.0727
      vertex -19.84 -12.1048 32.4125
      vertex -15.5 -12.1048 32.4125
    endloop
  endfacet
  facet normal 0 0.853567 0.520983
    outer loop
      vertex -19.84 -12.1048 32.4125
      vertex -15.5 -11.8974 32.0727
      vertex -19.84 -11.8974 32.0727
    endloop
  endfacet
  facet normal 0 0.900324 0.43522
    outer loop
      vertex -15.5 -12.2954 32.762
      vertex -19.84 -12.4687 33.1205
      vertex -15.5 -12.4687 33.1205
    endloop
  endfacet
  facet normal 0 0.900324 0.43522
    outer loop
      vertex -19.84 -12.4687 33.1205
      vertex -15.5 -12.2954 32.762
      vertex -19.84 -12.2954 32.762
    endloop
  endfacet
  facet normal 0 0.799004 0.601325
    outer loop
      vertex -15.5 -11.4342 31.4252
      vertex -19.84 -11.6736 31.7433
      vertex -15.5 -11.6736 31.7433
    endloop
  endfacet
  facet normal 0 0.799004 0.601325
    outer loop
      vertex -19.84 -11.6736 31.7433
      vertex -15.5 -11.4342 31.4252
      vertex -19.84 -11.4342 31.4252
    endloop
  endfacet
  facet normal 0 0.736601 0.676327
    outer loop
      vertex -15.5 -10.9102 30.8259
      vertex -19.84 -11.1795 31.1192
      vertex -15.5 -11.1795 31.1192
    endloop
  endfacet
  facet normal 0 0.736601 0.676327
    outer loop
      vertex -19.84 -11.1795 31.1192
      vertex -15.5 -10.9102 30.8259
      vertex -19.84 -10.9102 30.8259
    endloop
  endfacet
  facet normal -0 0.630101 0.776513
    outer loop
      vertex -19.84 -10.0213 30.0295
      vertex -15.5 -10.3305 30.2804
      vertex -15.5 -10.0213 30.0295
    endloop
  endfacet
  facet normal 0 0.630101 0.776513
    outer loop
      vertex -15.5 -10.3305 30.2804
      vertex -19.84 -10.0213 30.0295
      vertex -19.84 -10.3305 30.2804
    endloop
  endfacet
  facet normal -0 0.702824 0.711364
    outer loop
      vertex -19.84 -10.627 30.5461
      vertex -15.5 -10.9102 30.8259
      vertex -15.5 -10.627 30.5461
    endloop
  endfacet
  facet normal 0 0.702824 0.711364
    outer loop
      vertex -15.5 -10.9102 30.8259
      vertex -19.84 -10.627 30.5461
      vertex -19.84 -10.9102 30.8259
    endloop
  endfacet
  facet normal -0 0.667367 0.744729
    outer loop
      vertex -19.84 -10.3305 30.2804
      vertex -15.5 -10.627 30.5461
      vertex -15.5 -10.3305 30.2804
    endloop
  endfacet
  facet normal 0 0.667367 0.744729
    outer loop
      vertex -15.5 -10.627 30.5461
      vertex -19.84 -10.3305 30.2804
      vertex -19.84 -10.627 30.5461
    endloop
  endfacet
  facet normal 0 0.96102 -0.276478
    outer loop
      vertex -15.5 -12.9342 38.5677
      vertex -19.84 -12.8241 38.9504
      vertex -15.5 -12.8241 38.9504
    endloop
  endfacet
  facet normal 0 0.96102 -0.276478
    outer loop
      vertex -19.84 -12.8241 38.9504
      vertex -15.5 -12.9342 38.5677
      vertex -19.84 -12.9342 38.5677
    endloop
  endfacet
  facet normal 0 0.983372 -0.181604
    outer loop
      vertex -15.5 -13.0978 37.7887
      vertex -19.84 -13.0255 38.1802
      vertex -15.5 -13.0255 38.1802
    endloop
  endfacet
  facet normal 0 0.983372 -0.181604
    outer loop
      vertex -19.84 -13.0255 38.1802
      vertex -15.5 -13.0978 37.7887
      vertex -19.84 -13.0978 37.7887
    endloop
  endfacet
  facet normal 0 0.357169 -0.93404
    outer loop
      vertex -19.84 -8.13043 44.0622
      vertex -15.5 -7.75856 44.2044
      vertex -15.5 -8.13043 44.0622
    endloop
  endfacet
  facet normal 0 0.357169 -0.93404
    outer loop
      vertex -15.5 -7.75856 44.2044
      vertex -19.84 -8.13043 44.0622
      vertex -19.84 -7.75856 44.2044
    endloop
  endfacet
  facet normal 0 0.446339 -0.894864
    outer loop
      vertex -19.84 -8.8512 43.7243
      vertex -15.5 -8.49493 43.902
      vertex -15.5 -8.8512 43.7243
    endloop
  endfacet
  facet normal 0 0.446339 -0.894864
    outer loop
      vertex -15.5 -8.49493 43.902
      vertex -19.84 -8.8512 43.7243
      vertex -19.84 -8.49493 43.902
    endloop
  endfacet
  facet normal 0 0.57191 -0.820316
    outer loop
      vertex -19.84 -9.8623 43.0902
      vertex -15.5 -9.5357 43.3179
      vertex -15.5 -9.8623 43.0902
    endloop
  endfacet
  facet normal 0 0.57191 -0.820316
    outer loop
      vertex -15.5 -9.5357 43.3179
      vertex -19.84 -9.8623 43.0902
      vertex -19.84 -9.5357 43.3179
    endloop
  endfacet
  facet normal 0 0.999924 0.0123075
    outer loop
      vertex -15.5 -13.1945 36.2014
      vertex -19.84 -13.1994 36.5995
      vertex -15.5 -13.1994 36.5995
    endloop
  endfacet
  facet normal 0 0.999924 0.0123075
    outer loop
      vertex -19.84 -13.1994 36.5995
      vertex -15.5 -13.1945 36.2014
      vertex -19.84 -13.1945 36.2014
    endloop
  endfacet
  facet normal 0 0.953969 0.299905
    outer loop
      vertex -15.5 -12.7621 33.8605
      vertex -19.84 -12.8815 34.2403
      vertex -15.5 -12.8815 34.2403
    endloop
  endfacet
  facet normal 0 0.953969 0.299905
    outer loop
      vertex -19.84 -12.8815 34.2403
      vertex -15.5 -12.7621 33.8605
      vertex -19.84 -12.7621 33.8605
    endloop
  endfacet
  facet normal 0 0.978662 0.205479
    outer loop
      vertex -15.5 -12.9822 34.6255
      vertex -19.84 -13.064 35.0151
      vertex -15.5 -13.064 35.0151
    endloop
  endfacet
  facet normal 0 0.978662 0.205479
    outer loop
      vertex -19.84 -13.064 35.0151
      vertex -15.5 -12.9822 34.6255
      vertex -19.84 -12.9822 34.6255
    endloop
  endfacet
  facet normal 0 0.994012 0.109273
    outer loop
      vertex -15.5 -13.1268 35.4083
      vertex -19.84 -13.1703 35.804
      vertex -15.5 -13.1703 35.804
    endloop
  endfacet
  facet normal 0 0.994012 0.109273
    outer loop
      vertex -19.84 -13.1703 35.804
      vertex -15.5 -13.1268 35.4083
      vertex -19.84 -13.1268 35.4083
    endloop
  endfacet
  facet normal 0 0.987484 0.157716
    outer loop
      vertex -15.5 -13.064 35.0151
      vertex -19.84 -13.1268 35.4083
      vertex -15.5 -13.1268 35.4083
    endloop
  endfacet
  facet normal 0 0.987484 0.157716
    outer loop
      vertex -19.84 -13.1268 35.4083
      vertex -15.5 -13.064 35.0151
      vertex -19.84 -13.064 35.0151
    endloop
  endfacet
  facet normal 0 0.998151 0.0607832
    outer loop
      vertex -15.5 -13.1703 35.804
      vertex -19.84 -13.1945 36.2014
      vertex -15.5 -13.1945 36.2014
    endloop
  endfacet
  facet normal 0 0.998151 0.0607832
    outer loop
      vertex -19.84 -13.1945 36.2014
      vertex -15.5 -13.1703 35.804
      vertex -19.84 -13.1703 35.804
    endloop
  endfacet
  facet normal 0 0.877934 0.478782
    outer loop
      vertex -15.5 -12.1048 32.4125
      vertex -19.84 -12.2954 32.762
      vertex -15.5 -12.2954 32.762
    endloop
  endfacet
  facet normal 0 0.877934 0.478782
    outer loop
      vertex -19.84 -12.2954 32.762
      vertex -15.5 -12.1048 32.4125
      vertex -19.84 -12.1048 32.4125
    endloop
  endfacet
  facet normal 0 0.84068 -0.541532
    outer loop
      vertex -15.5 -12.0031 40.7587
      vertex -19.84 -11.7875 41.0934
      vertex -15.5 -11.7875 41.0934
    endloop
  endfacet
  facet normal 0 0.84068 -0.541532
    outer loop
      vertex -19.84 -11.7875 41.0934
      vertex -15.5 -12.0031 40.7587
      vertex -19.84 -12.0031 40.7587
    endloop
  endfacet
  facet normal 0 0.865993 -0.500056
    outer loop
      vertex -15.5 -12.2022 40.4139
      vertex -19.84 -12.0031 40.7587
      vertex -15.5 -12.0031 40.7587
    endloop
  endfacet
  facet normal 0 0.865993 -0.500056
    outer loop
      vertex -19.84 -12.0031 40.7587
      vertex -15.5 -12.2022 40.4139
      vertex -19.84 -12.2022 40.4139
    endloop
  endfacet
  facet normal 0 0.793269 -0.608871
    outer loop
      vertex -19.84 -17.724 56.15
      vertex -19.86 -17.4856 56.4606
      vertex -19.84 -17.4856 56.4606
    endloop
  endfacet
  facet normal 0 0.793269 -0.608871
    outer loop
      vertex -19.86 -17.4856 56.4606
      vertex -19.84 -17.724 56.15
      vertex -19.86 -17.724 56.15
    endloop
  endfacet
  facet normal 0 -0.923889 0.382662
    outer loop
      vertex -19.86 7.67404 3.85001
      vertex -19.84 7.82388 4.21178
      vertex -19.86 7.82388 4.21178
    endloop
  endfacet
  facet normal 0 -0.923889 0.382662
    outer loop
      vertex -19.84 7.82388 4.21178
      vertex -19.86 7.67404 3.85001
      vertex -19.84 7.67404 3.85001
    endloop
  endfacet
  facet normal 0 0.923846 -0.382765
    outer loop
      vertex -19.84 -17.8739 55.7882
      vertex -19.86 -17.724 56.15
      vertex -19.84 -17.724 56.15
    endloop
  endfacet
  facet normal 0 0.923846 -0.382765
    outer loop
      vertex -19.86 -17.724 56.15
      vertex -19.84 -17.8739 55.7882
      vertex -19.86 -17.8739 55.7882
    endloop
  endfacet
  facet normal 0 -0.793281 -0.608855
    outer loop
      vertex -19.86 7.67404 56.15
      vertex -19.84 7.43565 56.4606
      vertex -19.86 7.43565 56.4606
    endloop
  endfacet
  facet normal 0 -0.793281 -0.608855
    outer loop
      vertex -19.84 7.43565 56.4606
      vertex -19.86 7.67404 56.15
      vertex -19.84 7.67404 56.15
    endloop
  endfacet
  facet normal 0 -0.130523 0.991445
    outer loop
      vertex -19.86 6.76322 3.15112
      vertex -19.84 6.37499 3.10001
      vertex -19.84 6.76322 3.15112
    endloop
  endfacet
  facet normal 0 -0.130523 0.991445
    outer loop
      vertex -19.84 6.37499 3.10001
      vertex -19.86 6.76322 3.15112
      vertex -19.86 6.37499 3.10001
    endloop
  endfacet
  facet normal -0 0 1
    outer loop
      vertex -19.86 6.37499 3.10001
      vertex -19.84 -16.425 3.10001
      vertex -19.84 6.37499 3.10001
    endloop
  endfacet
  facet normal 0 0 1
    outer loop
      vertex -19.84 -16.425 3.10001
      vertex -19.86 6.37499 3.10001
      vertex -19.86 -16.425 3.10001
    endloop
  endfacet
  facet normal 0 0.923834 0.382792
    outer loop
      vertex -19.84 -17.724 3.85001
      vertex -19.86 -17.8739 4.21178
      vertex -19.84 -17.8739 4.21178
    endloop
  endfacet
  facet normal 0 0.923834 0.382792
    outer loop
      vertex -19.86 -17.8739 4.21178
      vertex -19.84 -17.724 3.85001
      vertex -19.86 -17.724 3.85001
    endloop
  endfacet
  facet normal 0 1 -0
    outer loop
      vertex -19.84 -17.925 4.60001
      vertex -19.86 -17.925 55.4
      vertex -19.84 -17.925 55.4
    endloop
  endfacet
  facet normal 0 1 0
    outer loop
      vertex -19.86 -17.925 55.4
      vertex -19.84 -17.925 4.60001
      vertex -19.86 -17.925 4.60001
    endloop
  endfacet
  facet normal 0 -0.991444 -0.130532
    outer loop
      vertex -19.86 7.87499 55.4
      vertex -19.84 7.82388 55.7882
      vertex -19.86 7.82388 55.7882
    endloop
  endfacet
  facet normal 0 -0.991444 -0.130532
    outer loop
      vertex -19.84 7.82388 55.7882
      vertex -19.86 7.87499 55.4
      vertex -19.84 7.87499 55.4
    endloop
  endfacet
  facet normal 0 -0.9239 -0.382634
    outer loop
      vertex -19.86 7.82388 55.7882
      vertex -19.84 7.67404 56.15
      vertex -19.86 7.67404 56.15
    endloop
  endfacet
  facet normal 0 -0.9239 -0.382634
    outer loop
      vertex -19.84 7.67404 56.15
      vertex -19.86 7.82388 55.7882
      vertex -19.84 7.82388 55.7882
    endloop
  endfacet
  facet normal 0 -1 0
    outer loop
      vertex -19.86 7.87499 4.60001
      vertex -19.84 7.87499 55.4
      vertex -19.86 7.87499 55.4
    endloop
  endfacet
  facet normal 0 -1 -0
    outer loop
      vertex -19.84 7.87499 55.4
      vertex -19.86 7.87499 4.60001
      vertex -19.84 7.87499 4.60001
    endloop
  endfacet
  facet normal 0 -0.608781 0.793338
    outer loop
      vertex -19.86 7.43565 3.53935
      vertex -19.84 7.12499 3.30096
      vertex -19.84 7.43565 3.53935
    endloop
  endfacet
  facet normal 0 -0.608781 0.793338
    outer loop
      vertex -19.84 7.12499 3.30096
      vertex -19.86 7.43565 3.53935
      vertex -19.86 7.12499 3.30096
    endloop
  endfacet
  facet normal 0 -0.793338 0.608781
    outer loop
      vertex -19.86 7.43565 3.53935
      vertex -19.84 7.67404 3.85001
      vertex -19.86 7.67404 3.85001
    endloop
  endfacet
  facet normal 0 -0.793338 0.608781
    outer loop
      vertex -19.84 7.67404 3.85001
      vertex -19.86 7.43565 3.53935
      vertex -19.84 7.43565 3.53935
    endloop
  endfacet
  facet normal 0 -0.382662 0.923889
    outer loop
      vertex -19.86 7.12499 3.30096
      vertex -19.84 6.76322 3.15112
      vertex -19.84 7.12499 3.30096
    endloop
  endfacet
  facet normal 0 -0.382662 0.923889
    outer loop
      vertex -19.84 6.76322 3.15112
      vertex -19.86 7.12499 3.30096
      vertex -19.86 6.76322 3.15112
    endloop
  endfacet
  facet normal -1 0 0
    outer loop
      vertex -19.84 6.37499 3.10001
      vertex -19.84 7.87499 4.60001
      vertex -19.84 7.82388 4.21178
    endloop
  endfacet
  facet normal -1 0 0
    outer loop
      vertex -19.84 7.87499 4.60001
      vertex -19.84 3.12032 35.804
      vertex -19.84 7.87499 55.4
    endloop
  endfacet
  facet normal -1 0 0
    outer loop
      vertex -19.84 6.37499 3.10001
      vertex -19.84 7.82388 4.21178
      vertex -19.84 7.67404 3.85001
    endloop
  endfacet
  facet normal -1 0 -0
    outer loop
      vertex -19.84 3.14455 36.2014
      vertex -19.84 7.87499 55.4
      vertex -19.84 3.12032 35.804
    endloop
  endfacet
  facet normal -1 0 0
    outer loop
      vertex -19.84 6.37499 3.10001
      vertex -19.84 7.67404 3.85001
      vertex -19.84 7.43565 3.53935
    endloop
  endfacet
  facet normal -1 0 -0
    outer loop
      vertex -19.84 3.14939 36.5995
      vertex -19.84 7.87499 55.4
      vertex -19.84 3.14455 36.2014
    endloop
  endfacet
  facet normal -1 0 0
    outer loop
      vertex -19.84 6.37499 3.10001
      vertex -19.84 7.43565 3.53935
      vertex -19.84 7.12499 3.30096
    endloop
  endfacet
  facet normal -1 0 0
    outer loop
      vertex -19.84 3.13485 36.9974
      vertex -19.84 7.87499 55.4
      vertex -19.84 3.14939 36.5995
    endloop
  endfacet
  facet normal -1 0 0
    outer loop
      vertex -19.84 6.37499 3.10001
      vertex -19.84 7.12499 3.30096
      vertex -19.84 6.76322 3.15112
    endloop
  endfacet
  facet normal -1 0 0
    outer loop
      vertex -19.84 3.10096 37.3941
      vertex -19.84 7.87499 55.4
      vertex -19.84 3.13485 36.9974
    endloop
  endfacet
  facet normal -1 0 0
    outer loop
      vertex -19.84 -2.40936 14.8999
      vertex -19.84 7.87499 4.60001
      vertex -19.84 6.37499 3.10001
    endloop
  endfacet
  facet normal -1 0 0
    outer loop
      vertex -19.84 2.97547 38.1802
      vertex -19.84 7.87499 55.4
      vertex -19.84 3.04779 37.7887
    endloop
  endfacet
  facet normal -1 0 0
    outer loop
      vertex -19.84 2.88418 38.5677
      vertex -19.84 7.87499 55.4
      vertex -19.84 2.97547 38.1802
    endloop
  endfacet
  facet normal -1 0 0
    outer loop
      vertex -19.84 2.77413 38.9504
      vertex -19.84 7.87499 55.4
      vertex -19.84 2.88418 38.5677
    endloop
  endfacet
  facet normal -1 0 0
    outer loop
      vertex -19.84 3.04779 37.7887
      vertex -19.84 7.87499 55.4
      vertex -19.84 3.10096 37.3941
    endloop
  endfacet
  facet normal -1 0 0
    outer loop
      vertex -19.84 7.87499 4.60001
      vertex -19.84 3.07678 35.4083
      vertex -19.84 3.12032 35.804
    endloop
  endfacet
  facet normal -1 0 0
    outer loop
      vertex -19.84 7.87499 4.60001
      vertex -19.84 3.01401 35.0151
      vertex -19.84 3.07678 35.4083
    endloop
  endfacet
  facet normal -1 0 0
    outer loop
      vertex -19.84 7.87499 4.60001
      vertex -19.84 2.93218 34.6255
      vertex -19.84 3.01401 35.0151
    endloop
  endfacet
  facet normal -1 0 0
    outer loop
      vertex -19.84 7.87499 4.60001
      vertex -19.84 2.83148 34.2403
      vertex -19.84 2.93218 34.6255
    endloop
  endfacet
  facet normal -1 0 0
    outer loop
      vertex -19.84 7.87499 4.60001
      vertex -19.84 2.71214 33.8605
      vertex -19.84 2.83148 34.2403
    endloop
  endfacet
  facet normal -1 0 0
    outer loop
      vertex -19.84 7.87499 4.60001
      vertex -19.84 2.57446 33.4869
      vertex -19.84 2.71214 33.8605
    endloop
  endfacet
  facet normal -1 0 0
    outer loop
      vertex -19.84 7.87499 4.60001
      vertex -19.84 2.41874 33.1205
      vertex -19.84 2.57446 33.4869
    endloop
  endfacet
  facet normal -1 0 0
    outer loop
      vertex -19.84 7.87499 4.60001
      vertex -19.84 2.24537 32.762
      vertex -19.84 2.41874 33.1205
    endloop
  endfacet
  facet normal -1 0 0
    outer loop
      vertex -19.84 7.87499 4.60001
      vertex -19.84 -0.579481 18.3004
      vertex -19.84 2.05476 32.4125
    endloop
  endfacet
  facet normal -1 0 0
    outer loop
      vertex -19.84 7.87499 4.60001
      vertex -19.84 2.05476 32.4125
      vertex -19.84 2.24537 32.762
    endloop
  endfacet
  facet normal -1 0 0
    outer loop
      vertex -19.84 2.05476 32.4125
      vertex -19.84 -0.579481 18.3004
      vertex -19.84 1.84735 32.0727
    endloop
  endfacet
  facet normal -1 0 0
    outer loop
      vertex -19.84 1.84735 32.0727
      vertex -19.84 -0.579481 18.3004
      vertex -19.84 1.62364 31.7433
    endloop
  endfacet
  facet normal -1 0 0
    outer loop
      vertex -19.84 1.62364 31.7433
      vertex -19.84 -0.579481 18.3004
      vertex -19.84 1.38417 31.4252
    endloop
  endfacet
  facet normal -1 0 0
    outer loop
      vertex -19.84 1.38417 31.4252
      vertex -19.84 -0.579481 18.3004
      vertex -19.84 1.12949 31.1192
    endloop
  endfacet
  facet normal -1 0 0
    outer loop
      vertex -19.84 1.12949 31.1192
      vertex -19.84 -0.579481 18.3004
      vertex -19.84 0.86021 30.8259
    endloop
  endfacet
  facet normal -1 0 0
    outer loop
      vertex -19.84 0.86021 30.8259
      vertex -19.84 -0.579481 18.3004
      vertex -19.84 0.576975 30.5461
    endloop
  endfacet
  facet normal -1 0 0
    outer loop
      vertex -19.84 0.576975 30.5461
      vertex -19.84 -0.579481 18.3004
      vertex -19.84 0.280451 30.2804
    endloop
  endfacet
  facet normal -1 0 0
    outer loop
      vertex -19.84 0.280451 30.2804
      vertex -19.84 -0.579481 18.3004
      vertex -19.84 -0.0286554 30.0295
    endloop
  endfacet
  facet normal -1 0 0
    outer loop
      vertex -19.84 -0.0286554 30.0295
      vertex -19.84 -0.579481 18.3004
      vertex -19.84 -0.349614 29.7939
    endloop
  endfacet
  facet normal -1 0 0
    outer loop
      vertex -19.84 7.87499 4.60001
      vertex -19.84 -0.615274 17.9027
      vertex -19.84 -0.579481 18.3004
    endloop
  endfacet
  facet normal -1 0 0
    outer loop
      vertex -19.84 7.87499 4.60001
      vertex -19.84 -0.686571 17.5098
      vertex -19.84 -0.615274 17.9027
    endloop
  endfacet
  facet normal -1 0 0
    outer loop
      vertex -19.84 7.87499 4.60001
      vertex -19.84 -0.792799 17.1249
      vertex -19.84 -0.686571 17.5098
    endloop
  endfacet
  facet normal -1 0 0
    outer loop
      vertex -19.84 7.87499 4.60001
      vertex -19.84 -0.933102 16.751
      vertex -19.84 -0.792799 17.1249
    endloop
  endfacet
  facet normal -1 0 0
    outer loop
      vertex -19.84 7.87499 4.60001
      vertex -19.84 -1.10635 16.3913
      vertex -19.84 -0.933102 16.751
    endloop
  endfacet
  facet normal -1 0 0
    outer loop
      vertex -19.84 7.87499 4.60001
      vertex -19.84 -1.31115 16.0485
      vertex -19.84 -1.10635 16.3913
    endloop
  endfacet
  facet normal -1 0 0
    outer loop
      vertex -19.84 7.87499 4.60001
      vertex -19.84 -1.54585 15.7255
      vertex -19.84 -1.31115 16.0485
    endloop
  endfacet
  facet normal -1 0 0
    outer loop
      vertex -19.84 7.87499 4.60001
      vertex -19.84 -1.80856 15.4248
      vertex -19.84 -1.54585 15.7255
    endloop
  endfacet
  facet normal -1 0 0
    outer loop
      vertex -19.84 7.87499 4.60001
      vertex -19.84 -2.09717 15.1488
      vertex -19.84 -1.80856 15.4248
    endloop
  endfacet
  facet normal -1 0 0
    outer loop
      vertex -19.84 7.87499 4.60001
      vertex -19.84 -2.40936 14.8999
      vertex -19.84 -2.09717 15.1488
    endloop
  endfacet
  facet normal -1 0 0
    outer loop
      vertex -19.84 6.37499 3.10001
      vertex -19.84 -2.7426 14.6799
      vertex -19.84 -2.40936 14.8999
    endloop
  endfacet
  facet normal -1 0 0
    outer loop
      vertex -19.84 6.37499 3.10001
      vertex -19.84 -3.09422 14.4907
      vertex -19.84 -2.7426 14.6799
    endloop
  endfacet
  facet normal -1 0 0
    outer loop
      vertex -19.84 6.37499 3.10001
      vertex -19.84 -3.46138 14.3338
      vertex -19.84 -3.09422 14.4907
    endloop
  endfacet
  facet normal -1 0 0
    outer loop
      vertex -19.84 6.37499 3.10001
      vertex -19.84 -3.84114 14.2104
      vertex -19.84 -3.46138 14.3338
    endloop
  endfacet
  facet normal -1 0 0
    outer loop
      vertex -19.84 6.37499 3.10001
      vertex -19.84 -4.23042 14.1215
      vertex -19.84 -3.84114 14.2104
    endloop
  endfacet
  facet normal -1 0 0
    outer loop
      vertex -19.84 6.37499 3.10001
      vertex -19.84 -4.62611 14.0679
      vertex -19.84 -4.23042 14.1215
    endloop
  endfacet
  facet normal -1 0 0
    outer loop
      vertex -19.84 6.37499 3.10001
      vertex -19.84 -5.025 14.05
      vertex -19.84 -4.62611 14.0679
    endloop
  endfacet
  facet normal -1 0 0
    outer loop
      vertex -19.84 -16.425 3.10001
      vertex -19.84 -5.025 14.05
      vertex -19.84 6.37499 3.10001
    endloop
  endfacet
  facet normal -1 -0 0
    outer loop
      vertex -19.84 -5.025 14.05
      vertex -19.84 -16.425 3.10001
      vertex -19.84 -5.42389 14.0679
    endloop
  endfacet
  facet normal -1 -0 0
    outer loop
      vertex -19.84 -5.42389 14.0679
      vertex -19.84 -16.425 3.10001
      vertex -19.84 -5.81958 14.1215
    endloop
  endfacet
  facet normal -1 -0 0
    outer loop
      vertex -19.84 -5.81958 14.1215
      vertex -19.84 -16.425 3.10001
      vertex -19.84 -6.20886 14.2104
    endloop
  endfacet
  facet normal -1 -0 0
    outer loop
      vertex -19.84 -6.20886 14.2104
      vertex -19.84 -16.425 3.10001
      vertex -19.84 -6.58862 14.3338
    endloop
  endfacet
  facet normal -1 -0 0
    outer loop
      vertex -19.84 -6.58862 14.3338
      vertex -19.84 -16.425 3.10001
      vertex -19.84 -6.95578 14.4907
    endloop
  endfacet
  facet normal -1 -0 0
    outer loop
      vertex -19.84 -6.95578 14.4907
      vertex -19.84 -16.425 3.10001
      vertex -19.84 -7.3074 14.6799
    endloop
  endfacet
  facet normal -1 -0 0
    outer loop
      vertex -19.84 -7.3074 14.6799
      vertex -19.84 -16.425 3.10001
      vertex -19.84 -7.64064 14.8999
    endloop
  endfacet
  facet normal -1 0 0
    outer loop
      vertex -19.84 -9.47052 18.3004
      vertex -19.84 -9.70039 29.7939
      vertex -19.84 -9.47052 29.6418
    endloop
  endfacet
  facet normal -1 0 0
    outer loop
      vertex -19.84 -9.47052 18.3004
      vertex -19.84 -10.0213 30.0295
      vertex -19.84 -9.70039 29.7939
    endloop
  endfacet
  facet normal -1 0 0
    outer loop
      vertex -19.84 -9.47052 18.3004
      vertex -19.84 -10.3305 30.2804
      vertex -19.84 -10.0213 30.0295
    endloop
  endfacet
  facet normal -1 0 0
    outer loop
      vertex -19.84 -9.47052 18.3004
      vertex -19.84 -10.627 30.5461
      vertex -19.84 -10.3305 30.2804
    endloop
  endfacet
  facet normal -1 0 0
    outer loop
      vertex -19.84 -17.925 4.60001
      vertex -19.84 -9.47052 18.3004
      vertex -19.84 -9.43473 17.9027
    endloop
  endfacet
  facet normal -1 0 0
    outer loop
      vertex -19.84 -9.47052 18.3004
      vertex -19.84 -10.9102 30.8259
      vertex -19.84 -10.627 30.5461
    endloop
  endfacet
  facet normal -1 0 0
    outer loop
      vertex -19.84 -9.47052 18.3004
      vertex -19.84 -11.1795 31.1192
      vertex -19.84 -10.9102 30.8259
    endloop
  endfacet
  facet normal -1 0 0
    outer loop
      vertex -19.84 -9.47052 18.3004
      vertex -19.84 -11.4342 31.4252
      vertex -19.84 -11.1795 31.1192
    endloop
  endfacet
  facet normal -1 0 0
    outer loop
      vertex -19.84 -9.47052 18.3004
      vertex -19.84 -11.6736 31.7433
      vertex -19.84 -11.4342 31.4252
    endloop
  endfacet
  facet normal -1 0 0
    outer loop
      vertex -19.84 -9.47052 18.3004
      vertex -19.84 -11.8974 32.0727
      vertex -19.84 -11.6736 31.7433
    endloop
  endfacet
  facet normal -1 0 0
    outer loop
      vertex -19.84 -9.47052 18.3004
      vertex -19.84 -12.1048 32.4125
      vertex -19.84 -11.8974 32.0727
    endloop
  endfacet
  facet normal -1 0 0
    outer loop
      vertex -19.84 -17.925 4.60001
      vertex -19.84 -9.43473 17.9027
      vertex -19.84 -9.36343 17.5098
    endloop
  endfacet
  facet normal -1 -0 0
    outer loop
      vertex -19.84 -9.47052 18.3004
      vertex -19.84 -17.925 4.60001
      vertex -19.84 -12.1048 32.4125
    endloop
  endfacet
  facet normal -1 -0 0
    outer loop
      vertex -19.84 -12.1048 32.4125
      vertex -19.84 -17.925 4.60001
      vertex -19.84 -12.2954 32.762
    endloop
  endfacet
  facet normal -1 -0 0
    outer loop
      vertex -19.84 -12.2954 32.762
      vertex -19.84 -17.925 4.60001
      vertex -19.84 -12.4687 33.1205
    endloop
  endfacet
  facet normal -1 -0 0
    outer loop
      vertex -19.84 -12.4687 33.1205
      vertex -19.84 -17.925 4.60001
      vertex -19.84 -12.6245 33.4869
    endloop
  endfacet
  facet normal -1 -0 0
    outer loop
      vertex -19.84 -12.6245 33.4869
      vertex -19.84 -17.925 4.60001
      vertex -19.84 -12.7621 33.8605
    endloop
  endfacet
  facet normal -1 -0 0
    outer loop
      vertex -19.84 -12.7621 33.8605
      vertex -19.84 -17.925 4.60001
      vertex -19.84 -12.8815 34.2403
    endloop
  endfacet
  facet normal -1 0 0
    outer loop
      vertex -19.84 -17.925 55.4
      vertex -19.84 -13.1703 35.804
      vertex -19.84 -17.925 4.60001
    endloop
  endfacet
  facet normal -1 -0 0
    outer loop
      vertex -19.84 -13.1268 35.4083
      vertex -19.84 -17.925 4.60001
      vertex -19.84 -13.1703 35.804
    endloop
  endfacet
  facet normal -1 -0 0
    outer loop
      vertex -19.84 -13.064 35.0151
      vertex -19.84 -17.925 4.60001
      vertex -19.84 -13.1268 35.4083
    endloop
  endfacet
  facet normal -1 -0 0
    outer loop
      vertex -19.84 -12.9822 34.6255
      vertex -19.84 -17.925 4.60001
      vertex -19.84 -13.064 35.0151
    endloop
  endfacet
  facet normal -1 -0 0
    outer loop
      vertex -19.84 -12.8815 34.2403
      vertex -19.84 -17.925 4.60001
      vertex -19.84 -12.9822 34.6255
    endloop
  endfacet
  facet normal -1 -0 0
    outer loop
      vertex -19.84 -9.2572 17.1249
      vertex -19.84 -17.925 4.60001
      vertex -19.84 -9.36343 17.5098
    endloop
  endfacet
  facet normal -1 -0 0
    outer loop
      vertex -19.84 -9.1169 16.751
      vertex -19.84 -17.925 4.60001
      vertex -19.84 -9.2572 17.1249
    endloop
  endfacet
  facet normal -1 -0 0
    outer loop
      vertex -19.84 -8.94365 16.3913
      vertex -19.84 -17.925 4.60001
      vertex -19.84 -9.1169 16.751
    endloop
  endfacet
  facet normal -1 -0 0
    outer loop
      vertex -19.84 -8.73885 16.0485
      vertex -19.84 -17.925 4.60001
      vertex -19.84 -8.94365 16.3913
    endloop
  endfacet
  facet normal -1 -0 0
    outer loop
      vertex -19.84 -8.50415 15.7255
      vertex -19.84 -17.925 4.60001
      vertex -19.84 -8.73885 16.0485
    endloop
  endfacet
  facet normal -1 -0 0
    outer loop
      vertex -19.84 -8.24144 15.4248
      vertex -19.84 -17.925 4.60001
      vertex -19.84 -8.50415 15.7255
    endloop
  endfacet
  facet normal -1 -0 0
    outer loop
      vertex -19.84 -7.95283 15.1488
      vertex -19.84 -17.925 4.60001
      vertex -19.84 -8.24144 15.4248
    endloop
  endfacet
  facet normal -1 -0 0
    outer loop
      vertex -19.84 -7.64064 14.8999
      vertex -19.84 -17.925 4.60001
      vertex -19.84 -7.95283 15.1488
    endloop
  endfacet
  facet normal -1 0 0
    outer loop
      vertex -19.84 -17.925 4.60001
      vertex -19.84 -7.64064 14.8999
      vertex -19.84 -16.425 3.10001
    endloop
  endfacet
  facet normal -1 0 0
    outer loop
      vertex -19.84 2.64558 39.3272
      vertex -19.84 7.87499 55.4
      vertex -19.84 2.77413 38.9504
    endloop
  endfacet
  facet normal -1 0 0
    outer loop
      vertex -19.84 2.49883 39.6973
      vertex -19.84 7.87499 55.4
      vertex -19.84 2.64558 39.3272
    endloop
  endfacet
  facet normal -1 0 0
    outer loop
      vertex -19.84 2.33424 40.0598
      vertex -19.84 7.87499 55.4
      vertex -19.84 2.49883 39.6973
    endloop
  endfacet
  facet normal -1 0 0
    outer loop
      vertex -19.84 2.15219 40.4139
      vertex -19.84 7.87499 55.4
      vertex -19.84 2.33424 40.0598
    endloop
  endfacet
  facet normal -1 0 0
    outer loop
      vertex -19.84 1.95312 40.7587
      vertex -19.84 7.87499 55.4
      vertex -19.84 2.15219 40.4139
    endloop
  endfacet
  facet normal -1 0 0
    outer loop
      vertex -19.84 1.7375 41.0934
      vertex -19.84 7.87499 55.4
      vertex -19.84 1.95312 40.7587
    endloop
  endfacet
  facet normal -1 0 0
    outer loop
      vertex -19.84 1.50584 41.4172
      vertex -19.84 7.87499 55.4
      vertex -19.84 1.7375 41.0934
    endloop
  endfacet
  facet normal -1 0 0
    outer loop
      vertex -19.84 1.25869 41.7293
      vertex -19.84 7.87499 55.4
      vertex -19.84 1.50584 41.4172
    endloop
  endfacet
  facet normal -1 0 0
    outer loop
      vertex -19.84 0.996634 42.0291
      vertex -19.84 7.87499 55.4
      vertex -19.84 1.25869 41.7293
    endloop
  endfacet
  facet normal -1 0 0
    outer loop
      vertex -19.84 0.720297 42.3157
      vertex -19.84 7.87499 55.4
      vertex -19.84 0.996634 42.0291
    endloop
  endfacet
  facet normal -1 0 0
    outer loop
      vertex -19.84 0.430331 42.5885
      vertex -19.84 7.87499 55.4
      vertex -19.84 0.720297 42.3157
    endloop
  endfacet
  facet normal -1 0 0
    outer loop
      vertex -19.84 0.127426 42.8469
      vertex -19.84 7.87499 55.4
      vertex -19.84 0.430331 42.5885
    endloop
  endfacet
  facet normal -1 0 0
    outer loop
      vertex -19.84 -0.1877 43.0902
      vertex -19.84 7.87499 55.4
      vertex -19.84 0.127426 42.8469
    endloop
  endfacet
  facet normal -1 0 0
    outer loop
      vertex -19.84 -0.514299 43.3179
      vertex -19.84 7.87499 55.4
      vertex -19.84 -0.1877 43.0902
    endloop
  endfacet
  facet normal -1 0 0
    outer loop
      vertex -19.84 -0.851597 43.5295
      vertex -19.84 7.87499 55.4
      vertex -19.84 -0.514299 43.3179
    endloop
  endfacet
  facet normal -1 0 0
    outer loop
      vertex -19.84 -1.19879 43.7243
      vertex -19.84 7.87499 55.4
      vertex -19.84 -0.851597 43.5295
    endloop
  endfacet
  facet normal -1 0 0
    outer loop
      vertex -19.84 7.12499 56.699
      vertex -19.84 6.37499 56.9
      vertex -19.84 6.76322 56.8489
    endloop
  endfacet
  facet normal -1 0 0
    outer loop
      vertex -19.84 7.43565 56.4606
      vertex -19.84 6.37499 56.9
      vertex -19.84 7.12499 56.699
    endloop
  endfacet
  facet normal -1 0 0
    outer loop
      vertex -19.84 -1.55507 43.902
      vertex -19.84 7.87499 55.4
      vertex -19.84 -1.19879 43.7243
    endloop
  endfacet
  facet normal -1 0 0
    outer loop
      vertex -19.84 7.67404 56.15
      vertex -19.84 6.37499 56.9
      vertex -19.84 7.43565 56.4606
    endloop
  endfacet
  facet normal -1 0 0
    outer loop
      vertex -19.84 7.82388 55.7882
      vertex -19.84 6.37499 56.9
      vertex -19.84 7.67404 56.15
    endloop
  endfacet
  facet normal -1 0 0
    outer loop
      vertex -19.84 7.87499 55.4
      vertex -19.84 6.37499 56.9
      vertex -19.84 7.82388 55.7882
    endloop
  endfacet
  facet normal -1 -0 0
    outer loop
      vertex -19.84 7.87499 55.4
      vertex -19.84 -1.55507 43.902
      vertex -19.84 6.37499 56.9
    endloop
  endfacet
  facet normal -1 0 0
    outer loop
      vertex -19.84 -1.91957 44.0622
      vertex -19.84 6.37499 56.9
      vertex -19.84 -1.55507 43.902
    endloop
  endfacet
  facet normal -1 0 0
    outer loop
      vertex -19.84 -2.29144 44.2044
      vertex -19.84 6.37499 56.9
      vertex -19.84 -1.91957 44.0622
    endloop
  endfacet
  facet normal -1 0 0
    outer loop
      vertex -19.84 -2.66979 44.3284
      vertex -19.84 6.37499 56.9
      vertex -19.84 -2.29144 44.2044
    endloop
  endfacet
  facet normal -1 0 0
    outer loop
      vertex -19.84 -3.05373 44.4338
      vertex -19.84 6.37499 56.9
      vertex -19.84 -2.66979 44.3284
    endloop
  endfacet
  facet normal -1 0 0
    outer loop
      vertex -19.84 -3.44234 44.5203
      vertex -19.84 6.37499 56.9
      vertex -19.84 -3.05373 44.4338
    endloop
  endfacet
  facet normal -1 0 0
    outer loop
      vertex -19.84 -3.83471 44.5879
      vertex -19.84 6.37499 56.9
      vertex -19.84 -3.44234 44.5203
    endloop
  endfacet
  facet normal -1 0 0
    outer loop
      vertex -19.84 -4.2299 44.6362
      vertex -19.84 6.37499 56.9
      vertex -19.84 -3.83471 44.5879
    endloop
  endfacet
  facet normal -1 0 0
    outer loop
      vertex -19.84 -4.62698 44.6653
      vertex -19.84 6.37499 56.9
      vertex -19.84 -4.2299 44.6362
    endloop
  endfacet
  facet normal -1 0 0
    outer loop
      vertex -19.84 -5.025 44.675
      vertex -19.84 6.37499 56.9
      vertex -19.84 -4.62698 44.6653
    endloop
  endfacet
  facet normal -1 0 0
    outer loop
      vertex -19.84 -16.425 56.9
      vertex -19.84 -5.025 44.675
      vertex -19.84 -5.42302 44.6653
    endloop
  endfacet
  facet normal -1 0 0
    outer loop
      vertex -19.84 -16.425 56.9
      vertex -19.84 -5.42302 44.6653
      vertex -19.84 -5.8201 44.6362
    endloop
  endfacet
  facet normal -1 0 0
    outer loop
      vertex -19.84 -16.425 56.9
      vertex -19.84 -5.8201 44.6362
      vertex -19.84 -6.21529 44.5879
    endloop
  endfacet
  facet normal -1 0 0
    outer loop
      vertex -19.84 -16.425 56.9
      vertex -19.84 -6.21529 44.5879
      vertex -19.84 -6.60766 44.5203
    endloop
  endfacet
  facet normal -1 0 0
    outer loop
      vertex -19.84 -16.425 56.9
      vertex -19.84 -6.60766 44.5203
      vertex -19.84 -6.99627 44.4338
    endloop
  endfacet
  facet normal -1 0 0
    outer loop
      vertex -19.84 -16.425 56.9
      vertex -19.84 -6.99627 44.4338
      vertex -19.84 -7.38021 44.3284
    endloop
  endfacet
  facet normal -1 0 0
    outer loop
      vertex -19.84 -16.425 56.9
      vertex -19.84 -7.38021 44.3284
      vertex -19.84 -7.75856 44.2044
    endloop
  endfacet
  facet normal -1 0 0
    outer loop
      vertex -19.84 -16.425 56.9
      vertex -19.84 -7.75856 44.2044
      vertex -19.84 -8.13043 44.0622
    endloop
  endfacet
  facet normal -1 0 0
    outer loop
      vertex -19.84 -16.425 56.9
      vertex -19.84 -8.13043 44.0622
      vertex -19.84 -8.49493 43.902
    endloop
  endfacet
  facet normal -1 0 0
    outer loop
      vertex -19.84 -17.925 55.4
      vertex -19.84 -8.49493 43.902
      vertex -19.84 -8.8512 43.7243
    endloop
  endfacet
  facet normal -1 0 0
    outer loop
      vertex -19.84 -17.925 55.4
      vertex -19.84 -8.8512 43.7243
      vertex -19.84 -9.1984 43.5295
    endloop
  endfacet
  facet normal -1 0 0
    outer loop
      vertex -19.84 -17.925 55.4
      vertex -19.84 -9.1984 43.5295
      vertex -19.84 -9.5357 43.3179
    endloop
  endfacet
  facet normal -1 0 0
    outer loop
      vertex -19.84 -17.925 55.4
      vertex -19.84 -9.5357 43.3179
      vertex -19.84 -9.8623 43.0902
    endloop
  endfacet
  facet normal -1 0 0
    outer loop
      vertex -19.84 -17.925 55.4
      vertex -19.84 -9.8623 43.0902
      vertex -19.84 -10.1774 42.8469
    endloop
  endfacet
  facet normal -1 0 0
    outer loop
      vertex -19.84 -13.1703 35.804
      vertex -19.84 -17.925 55.4
      vertex -19.84 -13.1945 36.2014
    endloop
  endfacet
  facet normal -1 0 0
    outer loop
      vertex -19.84 -13.1945 36.2014
      vertex -19.84 -17.925 55.4
      vertex -19.84 -13.1994 36.5995
    endloop
  endfacet
  facet normal -1 0 0
    outer loop
      vertex -19.84 -5.025 44.675
      vertex -19.84 -16.425 56.9
      vertex -19.84 6.37499 56.9
    endloop
  endfacet
  facet normal -1 0 0
    outer loop
      vertex -19.84 -17.925 55.4
      vertex -19.84 -10.1774 42.8469
      vertex -19.84 -10.4803 42.5885
    endloop
  endfacet
  facet normal -1 0 0
    outer loop
      vertex -19.84 -17.925 55.4
      vertex -19.84 -10.4803 42.5885
      vertex -19.84 -10.7703 42.3157
    endloop
  endfacet
  facet normal -1 0 0
    outer loop
      vertex -19.84 -17.925 55.4
      vertex -19.84 -10.7703 42.3157
      vertex -19.84 -11.0466 42.0291
    endloop
  endfacet
  facet normal -1 0 0
    outer loop
      vertex -19.84 -17.925 55.4
      vertex -19.84 -11.0466 42.0291
      vertex -19.84 -11.3087 41.7293
    endloop
  endfacet
  facet normal -1 0 0
    outer loop
      vertex -19.84 -17.925 55.4
      vertex -19.84 -11.3087 41.7293
      vertex -19.84 -11.5558 41.4172
    endloop
  endfacet
  facet normal -1 0 0
    outer loop
      vertex -19.84 -17.925 55.4
      vertex -19.84 -11.5558 41.4172
      vertex -19.84 -11.7875 41.0934
    endloop
  endfacet
  facet normal -1 0 0
    outer loop
      vertex -19.84 -17.925 55.4
      vertex -19.84 -11.7875 41.0934
      vertex -19.84 -12.0031 40.7587
    endloop
  endfacet
  facet normal -1 0 0
    outer loop
      vertex -19.84 -17.925 55.4
      vertex -19.84 -12.0031 40.7587
      vertex -19.84 -12.2022 40.4139
    endloop
  endfacet
  facet normal -1 0 0
    outer loop
      vertex -19.84 -17.925 55.4
      vertex -19.84 -12.2022 40.4139
      vertex -19.84 -12.3842 40.0598
    endloop
  endfacet
  facet normal -1 0 0
    outer loop
      vertex -19.84 -17.925 55.4
      vertex -19.84 -12.3842 40.0598
      vertex -19.84 -12.5488 39.6973
    endloop
  endfacet
  facet normal -1 0 0
    outer loop
      vertex -19.84 -17.925 55.4
      vertex -19.84 -12.5488 39.6973
      vertex -19.84 -12.6956 39.3272
    endloop
  endfacet
  facet normal -1 0 0
    outer loop
      vertex -19.84 -17.925 55.4
      vertex -19.84 -12.6956 39.3272
      vertex -19.84 -12.8241 38.9504
    endloop
  endfacet
  facet normal -1 0 0
    outer loop
      vertex -19.84 -17.925 55.4
      vertex -19.84 -12.8241 38.9504
      vertex -19.84 -12.9342 38.5677
    endloop
  endfacet
  facet normal -1 0 0
    outer loop
      vertex -19.84 -17.925 55.4
      vertex -19.84 -12.9342 38.5677
      vertex -19.84 -13.0255 38.1802
    endloop
  endfacet
  facet normal -1 0 0
    outer loop
      vertex -19.84 -17.925 55.4
      vertex -19.84 -13.0255 38.1802
      vertex -19.84 -13.0978 37.7887
    endloop
  endfacet
  facet normal -1 0 0
    outer loop
      vertex -19.84 -17.925 55.4
      vertex -19.84 -13.0978 37.7887
      vertex -19.84 -13.151 37.3941
    endloop
  endfacet
  facet normal -1 0 0
    outer loop
      vertex -19.84 -13.1994 36.5995
      vertex -19.84 -17.925 55.4
      vertex -19.84 -13.1849 36.9974
    endloop
  endfacet
  facet normal -1 0 0
    outer loop
      vertex -19.84 -17.925 4.60001
      vertex -19.84 -16.425 3.10001
      vertex -19.84 -16.8132 3.15112
    endloop
  endfacet
  facet normal -1 0 0
    outer loop
      vertex -19.84 -13.1849 36.9974
      vertex -19.84 -17.925 55.4
      vertex -19.84 -13.151 37.3941
    endloop
  endfacet
  facet normal -1 0 0
    outer loop
      vertex -19.84 -17.925 4.60001
      vertex -19.84 -16.8132 3.15112
      vertex -19.84 -17.175 3.30096
    endloop
  endfacet
  facet normal -1 0 0
    outer loop
      vertex -19.84 -8.49493 43.902
      vertex -19.84 -17.925 55.4
      vertex -19.84 -16.425 56.9
    endloop
  endfacet
  facet normal -1 0 0
    outer loop
      vertex -19.84 -17.925 4.60001
      vertex -19.84 -17.175 3.30096
      vertex -19.84 -17.4856 3.53935
    endloop
  endfacet
  facet normal -1 0 0
    outer loop
      vertex -19.84 -16.425 56.9
      vertex -19.84 -17.925 55.4
      vertex -19.84 -16.8132 56.8489
    endloop
  endfacet
  facet normal -1 0 0
    outer loop
      vertex -19.84 -17.925 4.60001
      vertex -19.84 -17.4856 3.53935
      vertex -19.84 -17.724 3.85001
    endloop
  endfacet
  facet normal -1 0 0
    outer loop
      vertex -19.84 -16.8132 56.8489
      vertex -19.84 -17.925 55.4
      vertex -19.84 -17.175 56.699
    endloop
  endfacet
  facet normal -1 0 0
    outer loop
      vertex -19.84 -17.925 4.60001
      vertex -19.84 -17.724 3.85001
      vertex -19.84 -17.8739 4.21178
    endloop
  endfacet
  facet normal -1 0 0
    outer loop
      vertex -19.84 -17.175 56.699
      vertex -19.84 -17.925 55.4
      vertex -19.84 -17.4856 56.4606
    endloop
  endfacet
  facet normal -1 0 0
    outer loop
      vertex -19.84 -17.4856 56.4606
      vertex -19.84 -17.925 55.4
      vertex -19.84 -17.724 56.15
    endloop
  endfacet
  facet normal -1 0 0
    outer loop
      vertex -19.84 -17.724 56.15
      vertex -19.84 -17.925 55.4
      vertex -19.84 -17.8739 55.7882
    endloop
  endfacet
  facet normal -1 0 0
    outer loop
      vertex -19.84 -0.349614 29.7939
      vertex -19.84 -0.579481 18.3004
      vertex -19.84 -0.579481 29.6418
    endloop
  endfacet
  facet normal 0 0.991449 0.130497
    outer loop
      vertex -19.84 -17.8739 4.21178
      vertex -19.86 -17.925 4.60001
      vertex -19.84 -17.925 4.60001
    endloop
  endfacet
  facet normal 0 0.991449 0.130497
    outer loop
      vertex -19.86 -17.925 4.60001
      vertex -19.84 -17.8739 4.21178
      vertex -19.86 -17.8739 4.21178
    endloop
  endfacet
  facet normal 0 0.991447 -0.130507
    outer loop
      vertex -19.84 -17.925 55.4
      vertex -19.86 -17.8739 55.7882
      vertex -19.84 -17.8739 55.7882
    endloop
  endfacet
  facet normal 0 0.991447 -0.130507
    outer loop
      vertex -19.86 -17.8739 55.7882
      vertex -19.84 -17.925 55.4
      vertex -19.86 -17.925 55.4
    endloop
  endfacet
  facet normal 0 -0.991445 0.130523
    outer loop
      vertex -19.86 7.82388 4.21178
      vertex -19.84 7.87499 4.60001
      vertex -19.86 7.87499 4.60001
    endloop
  endfacet
  facet normal 0 -0.991445 0.130523
    outer loop
      vertex -19.84 7.87499 4.60001
      vertex -19.86 7.82388 4.21178
      vertex -19.84 7.82388 4.21178
    endloop
  endfacet
  facet normal 0 -0.382792 -0.923834
    outer loop
      vertex -19.86 6.76322 56.8489
      vertex -19.84 7.12499 56.699
      vertex -19.84 6.76322 56.8489
    endloop
  endfacet
  facet normal -0 -0.382792 -0.923834
    outer loop
      vertex -19.84 7.12499 56.699
      vertex -19.86 6.76322 56.8489
      vertex -19.86 7.12499 56.699
    endloop
  endfacet
  facet normal 0 -0.130497 -0.991449
    outer loop
      vertex -19.86 6.37499 56.9
      vertex -19.84 6.76322 56.8489
      vertex -19.84 6.37499 56.9
    endloop
  endfacet
  facet normal -0 -0.130497 -0.991449
    outer loop
      vertex -19.84 6.76322 56.8489
      vertex -19.86 6.37499 56.9
      vertex -19.86 6.76322 56.8489
    endloop
  endfacet
  facet normal 0 -0.608797 -0.793326
    outer loop
      vertex -19.86 7.12499 56.699
      vertex -19.84 7.43565 56.4606
      vertex -19.84 7.12499 56.699
    endloop
  endfacet
  facet normal -0 -0.608797 -0.793326
    outer loop
      vertex -19.84 7.43565 56.4606
      vertex -19.86 7.12499 56.699
      vertex -19.86 7.43565 56.4606
    endloop
  endfacet
  facet normal 0 0 -1
    outer loop
      vertex -19.86 -16.425 56.9
      vertex -19.84 6.37499 56.9
      vertex -19.84 -16.425 56.9
    endloop
  endfacet
  facet normal -0 0 -1
    outer loop
      vertex -19.84 6.37499 56.9
      vertex -19.86 -16.425 56.9
      vertex -19.86 6.37499 56.9
    endloop
  endfacet
  facet normal 0 0.608871 -0.793269
    outer loop
      vertex -19.86 -17.4856 56.4606
      vertex -19.84 -17.175 56.699
      vertex -19.84 -17.4856 56.4606
    endloop
  endfacet
  facet normal 0 0.608871 -0.793269
    outer loop
      vertex -19.84 -17.175 56.699
      vertex -19.86 -17.4856 56.4606
      vertex -19.86 -17.175 56.699
    endloop
  endfacet
  facet normal -0 0.130532 0.991444
    outer loop
      vertex -19.86 -16.425 3.10001
      vertex -19.84 -16.8132 3.15112
      vertex -19.84 -16.425 3.10001
    endloop
  endfacet
  facet normal 0 0.130532 0.991444
    outer loop
      vertex -19.84 -16.8132 3.15112
      vertex -19.86 -16.425 3.10001
      vertex -19.86 -16.8132 3.15112
    endloop
  endfacet
  facet normal -0 0.608855 0.793281
    outer loop
      vertex -19.86 -17.175 3.30096
      vertex -19.84 -17.4856 3.53935
      vertex -19.84 -17.175 3.30096
    endloop
  endfacet
  facet normal 0 0.608855 0.793281
    outer loop
      vertex -19.84 -17.4856 3.53935
      vertex -19.86 -17.175 3.30096
      vertex -19.86 -17.4856 3.53935
    endloop
  endfacet
  facet normal 0 0.382765 -0.923846
    outer loop
      vertex -19.86 -17.175 56.699
      vertex -19.84 -16.8132 56.8489
      vertex -19.84 -17.175 56.699
    endloop
  endfacet
  facet normal 0 0.382765 -0.923846
    outer loop
      vertex -19.84 -16.8132 56.8489
      vertex -19.86 -17.175 56.699
      vertex -19.86 -16.8132 56.8489
    endloop
  endfacet
  facet normal -0 0.382634 0.9239
    outer loop
      vertex -19.86 -16.8132 3.15112
      vertex -19.84 -17.175 3.30096
      vertex -19.84 -16.8132 3.15112
    endloop
  endfacet
  facet normal 0 0.382634 0.9239
    outer loop
      vertex -19.84 -17.175 3.30096
      vertex -19.86 -16.8132 3.15112
      vertex -19.86 -17.175 3.30096
    endloop
  endfacet
  facet normal 0 0.793326 0.608797
    outer loop
      vertex -19.84 -17.4856 3.53935
      vertex -19.86 -17.724 3.85001
      vertex -19.84 -17.724 3.85001
    endloop
  endfacet
  facet normal 0 0.793326 0.608797
    outer loop
      vertex -19.86 -17.724 3.85001
      vertex -19.84 -17.4856 3.53935
      vertex -19.86 -17.4856 3.53935
    endloop
  endfacet
  facet normal 0 0.130507 -0.991447
    outer loop
      vertex -19.86 -16.8132 56.8489
      vertex -19.84 -16.425 56.9
      vertex -19.84 -16.8132 56.8489
    endloop
  endfacet
  facet normal 0 0.130507 -0.991447
    outer loop
      vertex -19.84 -16.425 56.9
      vertex -19.86 -16.8132 56.8489
      vertex -19.86 -16.425 56.9
    endloop
  endfacet
  facet normal 0 0 1
    outer loop
      vertex -4.6 7.175 6.45
      vertex -9.95 5.975 6.45
      vertex -4.6 -17.225 6.45
    endloop
  endfacet
  facet normal -0 0 1
    outer loop
      vertex -15.5 7.175 6.45
      vertex -9.95 5.975 6.45
      vertex -4.6 7.175 6.45
    endloop
  endfacet
  facet normal 0 0 1
    outer loop
      vertex -11.25 5.975 6.45
      vertex -15.5 7.175 6.45
      vertex -11.25 -16.025 6.45
    endloop
  endfacet
  facet normal 0 0 1
    outer loop
      vertex -9.95 5.975 6.45
      vertex -15.5 7.175 6.45
      vertex -11.25 5.975 6.45
    endloop
  endfacet
  facet normal -0 0 1
    outer loop
      vertex -9.95 -16.025 6.45
      vertex -4.6 -17.225 6.45
      vertex -9.95 5.975 6.45
    endloop
  endfacet
  facet normal 0 0 1
    outer loop
      vertex -15.5 -17.225 6.45
      vertex -9.95 -16.025 6.45
      vertex -11.25 -16.025 6.45
    endloop
  endfacet
  facet normal 0 0 1
    outer loop
      vertex -9.95 -16.025 6.45
      vertex -15.5 -17.225 6.45
      vertex -4.6 -17.225 6.45
    endloop
  endfacet
  facet normal 0 0 1
    outer loop
      vertex -15.5 -17.225 6.45
      vertex -11.25 -16.025 6.45
      vertex -15.5 7.175 6.45
    endloop
  endfacet
  facet normal 1 0 0
    outer loop
      vertex -15.5 -9.47052 29.6418
      vertex -15.5 -9.70039 29.7939
      vertex -15.5 -9.47052 18.3004
    endloop
  endfacet
  facet normal 1 0 0
    outer loop
      vertex -15.5 3.14455 36.2014
      vertex -15.5 7.175 59.95
      vertex -15.5 3.14939 36.5995
    endloop
  endfacet
  facet normal 1 0 0
    outer loop
      vertex -15.5 7.175 59.95
      vertex -15.5 3.13485 36.9974
      vertex -15.5 3.14939 36.5995
    endloop
  endfacet
  facet normal 1 0 0
    outer loop
      vertex -15.5 7.175 59.95
      vertex -15.5 3.10096 37.3941
      vertex -15.5 3.13485 36.9974
    endloop
  endfacet
  facet normal 1 0 0
    outer loop
      vertex -15.5 7.175 59.95
      vertex -15.5 3.04779 37.7887
      vertex -15.5 3.10096 37.3941
    endloop
  endfacet
  facet normal 1 0 0
    outer loop
      vertex -15.5 7.175 59.95
      vertex -15.5 2.97547 38.1802
      vertex -15.5 3.04779 37.7887
    endloop
  endfacet
  facet normal 1 0 0
    outer loop
      vertex -15.5 7.175 59.95
      vertex -15.5 2.88418 38.5677
      vertex -15.5 2.97547 38.1802
    endloop
  endfacet
  facet normal 1 0 0
    outer loop
      vertex -15.5 7.175 59.95
      vertex -15.5 2.77413 38.9504
      vertex -15.5 2.88418 38.5677
    endloop
  endfacet
  facet normal 1 0 0
    outer loop
      vertex -15.5 7.175 59.95
      vertex -15.5 2.64558 39.3272
      vertex -15.5 2.77413 38.9504
    endloop
  endfacet
  facet normal 1 0 0
    outer loop
      vertex -15.5 7.175 59.95
      vertex -15.5 2.49883 39.6973
      vertex -15.5 2.64558 39.3272
    endloop
  endfacet
  facet normal 1 0 0
    outer loop
      vertex -15.5 7.175 59.95
      vertex -15.5 2.33424 40.0598
      vertex -15.5 2.49883 39.6973
    endloop
  endfacet
  facet normal 1 0 0
    outer loop
      vertex -15.5 7.175 59.95
      vertex -15.5 2.15219 40.4139
      vertex -15.5 2.33424 40.0598
    endloop
  endfacet
  facet normal 1 0 0
    outer loop
      vertex -15.5 7.175 59.95
      vertex -15.5 1.95312 40.7587
      vertex -15.5 2.15219 40.4139
    endloop
  endfacet
  facet normal 1 0 0
    outer loop
      vertex -15.5 7.175 59.95
      vertex -15.5 1.7375 41.0934
      vertex -15.5 1.95312 40.7587
    endloop
  endfacet
  facet normal 1 0 0
    outer loop
      vertex -15.5 7.175 59.95
      vertex -15.5 1.50584 41.4172
      vertex -15.5 1.7375 41.0934
    endloop
  endfacet
  facet normal 1 0 0
    outer loop
      vertex -15.5 7.175 59.95
      vertex -15.5 1.25869 41.7293
      vertex -15.5 1.50584 41.4172
    endloop
  endfacet
  facet normal 1 0 0
    outer loop
      vertex -15.5 7.175 59.95
      vertex -15.5 0.996634 42.0291
      vertex -15.5 1.25869 41.7293
    endloop
  endfacet
  facet normal 1 0 0
    outer loop
      vertex -15.5 7.175 59.95
      vertex -15.5 0.720297 42.3157
      vertex -15.5 0.996634 42.0291
    endloop
  endfacet
  facet normal 1 0 0
    outer loop
      vertex -15.5 7.175 59.95
      vertex -15.5 0.430331 42.5885
      vertex -15.5 0.720297 42.3157
    endloop
  endfacet
  facet normal 1 0 0
    outer loop
      vertex -15.5 7.175 59.95
      vertex -15.5 0.127426 42.8469
      vertex -15.5 0.430331 42.5885
    endloop
  endfacet
  facet normal 1 0 0
    outer loop
      vertex -15.5 7.175 59.95
      vertex -15.5 -0.1877 43.0902
      vertex -15.5 0.127426 42.8469
    endloop
  endfacet
  facet normal 1 0 0
    outer loop
      vertex -15.5 7.175 59.95
      vertex -15.5 -0.514299 43.3179
      vertex -15.5 -0.1877 43.0902
    endloop
  endfacet
  facet normal 1 0 0
    outer loop
      vertex -15.5 7.175 59.95
      vertex -15.5 -0.851597 43.5295
      vertex -15.5 -0.514299 43.3179
    endloop
  endfacet
  facet normal 1 0 0
    outer loop
      vertex -15.5 7.175 59.95
      vertex -15.5 -1.19879 43.7243
      vertex -15.5 -0.851597 43.5295
    endloop
  endfacet
  facet normal 1 0 0
    outer loop
      vertex -15.5 7.175 59.95
      vertex -15.5 -1.55507 43.902
      vertex -15.5 -1.19879 43.7243
    endloop
  endfacet
  facet normal 1 0 0
    outer loop
      vertex -15.5 7.175 59.95
      vertex -15.5 -1.91957 44.0622
      vertex -15.5 -1.55507 43.902
    endloop
  endfacet
  facet normal 1 0 0
    outer loop
      vertex -15.5 7.175 59.95
      vertex -15.5 -2.29144 44.2044
      vertex -15.5 -1.91957 44.0622
    endloop
  endfacet
  facet normal 1 0 0
    outer loop
      vertex -15.5 7.175 59.95
      vertex -15.5 -2.66979 44.3284
      vertex -15.5 -2.29144 44.2044
    endloop
  endfacet
  facet normal 1 0 0
    outer loop
      vertex -15.5 7.175 59.95
      vertex -15.5 -3.05373 44.4338
      vertex -15.5 -2.66979 44.3284
    endloop
  endfacet
  facet normal 1 0 0
    outer loop
      vertex -15.5 7.175 59.95
      vertex -15.5 -3.44234 44.5203
      vertex -15.5 -3.05373 44.4338
    endloop
  endfacet
  facet normal 1 0 0
    outer loop
      vertex -15.5 7.175 59.95
      vertex -15.5 -3.83471 44.5879
      vertex -15.5 -3.44234 44.5203
    endloop
  endfacet
  facet normal 1 0 0
    outer loop
      vertex -15.5 7.175 59.95
      vertex -15.5 -4.2299 44.6362
      vertex -15.5 -3.83471 44.5879
    endloop
  endfacet
  facet normal 1 0 0
    outer loop
      vertex -15.5 7.175 59.95
      vertex -15.5 -4.62698 44.6653
      vertex -15.5 -4.2299 44.6362
    endloop
  endfacet
  facet normal 1 0 0
    outer loop
      vertex -15.5 7.175 59.95
      vertex -15.5 -5.025 44.675
      vertex -15.5 -4.62698 44.6653
    endloop
  endfacet
  facet normal 1 -0 0
    outer loop
      vertex -15.5 -17.225 59.95
      vertex -15.5 -5.025 44.675
      vertex -15.5 7.175 59.95
    endloop
  endfacet
  facet normal 1 0 0
    outer loop
      vertex -15.5 -5.025 44.675
      vertex -15.5 -17.225 59.95
      vertex -15.5 -5.42302 44.6653
    endloop
  endfacet
  facet normal 1 0 0
    outer loop
      vertex -15.5 -5.42302 44.6653
      vertex -15.5 -17.225 59.95
      vertex -15.5 -5.8201 44.6362
    endloop
  endfacet
  facet normal 1 0 0
    outer loop
      vertex -15.5 -5.8201 44.6362
      vertex -15.5 -17.225 59.95
      vertex -15.5 -6.21529 44.5879
    endloop
  endfacet
  facet normal 1 0 0
    outer loop
      vertex -15.5 -6.21529 44.5879
      vertex -15.5 -17.225 59.95
      vertex -15.5 -6.60766 44.5203
    endloop
  endfacet
  facet normal 1 0 0
    outer loop
      vertex -15.5 -6.60766 44.5203
      vertex -15.5 -17.225 59.95
      vertex -15.5 -6.99627 44.4338
    endloop
  endfacet
  facet normal 1 0 0
    outer loop
      vertex -15.5 -6.99627 44.4338
      vertex -15.5 -17.225 59.95
      vertex -15.5 -7.38021 44.3284
    endloop
  endfacet
  facet normal 1 0 0
    outer loop
      vertex -15.5 -7.38021 44.3284
      vertex -15.5 -17.225 59.95
      vertex -15.5 -7.75856 44.2044
    endloop
  endfacet
  facet normal 1 0 0
    outer loop
      vertex -15.5 -7.75856 44.2044
      vertex -15.5 -17.225 59.95
      vertex -15.5 -8.13043 44.0622
    endloop
  endfacet
  facet normal 1 0 0
    outer loop
      vertex -15.5 -8.13043 44.0622
      vertex -15.5 -17.225 59.95
      vertex -15.5 -8.49493 43.902
    endloop
  endfacet
  facet normal 1 0 0
    outer loop
      vertex -15.5 -8.49493 43.902
      vertex -15.5 -17.225 59.95
      vertex -15.5 -8.8512 43.7243
    endloop
  endfacet
  facet normal 1 0 0
    outer loop
      vertex -15.5 -8.8512 43.7243
      vertex -15.5 -17.225 59.95
      vertex -15.5 -9.1984 43.5295
    endloop
  endfacet
  facet normal 1 0 0
    outer loop
      vertex -15.5 -9.1984 43.5295
      vertex -15.5 -17.225 59.95
      vertex -15.5 -9.5357 43.3179
    endloop
  endfacet
  facet normal 1 0 0
    outer loop
      vertex -15.5 -9.5357 43.3179
      vertex -15.5 -17.225 59.95
      vertex -15.5 -9.8623 43.0902
    endloop
  endfacet
  facet normal 1 0 0
    outer loop
      vertex -15.5 -9.8623 43.0902
      vertex -15.5 -17.225 59.95
      vertex -15.5 -10.1774 42.8469
    endloop
  endfacet
  facet normal 1 0 0
    outer loop
      vertex -15.5 -10.1774 42.8469
      vertex -15.5 -17.225 59.95
      vertex -15.5 -10.4803 42.5885
    endloop
  endfacet
  facet normal 1 0 0
    outer loop
      vertex -15.5 -13.1849 36.9974
      vertex -15.5 -17.225 59.95
      vertex -15.5 -13.1994 36.5995
    endloop
  endfacet
  facet normal 1 0 0
    outer loop
      vertex -15.5 -13.151 37.3941
      vertex -15.5 -17.225 59.95
      vertex -15.5 -13.1849 36.9974
    endloop
  endfacet
  facet normal 1 0 0
    outer loop
      vertex -15.5 -13.0978 37.7887
      vertex -15.5 -17.225 59.95
      vertex -15.5 -13.151 37.3941
    endloop
  endfacet
  facet normal 1 0 0
    outer loop
      vertex -15.5 -13.0255 38.1802
      vertex -15.5 -17.225 59.95
      vertex -15.5 -13.0978 37.7887
    endloop
  endfacet
  facet normal 1 0 0
    outer loop
      vertex -15.5 -12.9342 38.5677
      vertex -15.5 -17.225 59.95
      vertex -15.5 -13.0255 38.1802
    endloop
  endfacet
  facet normal 1 0 0
    outer loop
      vertex -15.5 -12.8241 38.9504
      vertex -15.5 -17.225 59.95
      vertex -15.5 -12.9342 38.5677
    endloop
  endfacet
  facet normal 1 0 0
    outer loop
      vertex -15.5 -12.6956 39.3272
      vertex -15.5 -17.225 59.95
      vertex -15.5 -12.8241 38.9504
    endloop
  endfacet
  facet normal 1 0 0
    outer loop
      vertex -15.5 -12.5488 39.6973
      vertex -15.5 -17.225 59.95
      vertex -15.5 -12.6956 39.3272
    endloop
  endfacet
  facet normal 1 0 0
    outer loop
      vertex -15.5 -12.3842 40.0598
      vertex -15.5 -17.225 59.95
      vertex -15.5 -12.5488 39.6973
    endloop
  endfacet
  facet normal 1 0 0
    outer loop
      vertex -15.5 -12.2022 40.4139
      vertex -15.5 -17.225 59.95
      vertex -15.5 -12.3842 40.0598
    endloop
  endfacet
  facet normal 1 0 0
    outer loop
      vertex -15.5 -12.0031 40.7587
      vertex -15.5 -17.225 59.95
      vertex -15.5 -12.2022 40.4139
    endloop
  endfacet
  facet normal 1 0 0
    outer loop
      vertex -15.5 -11.7875 41.0934
      vertex -15.5 -17.225 59.95
      vertex -15.5 -12.0031 40.7587
    endloop
  endfacet
  facet normal 1 0 0
    outer loop
      vertex -15.5 -11.5558 41.4172
      vertex -15.5 -17.225 59.95
      vertex -15.5 -11.7875 41.0934
    endloop
  endfacet
  facet normal 1 0 0
    outer loop
      vertex -15.5 -11.3087 41.7293
      vertex -15.5 -17.225 59.95
      vertex -15.5 -11.5558 41.4172
    endloop
  endfacet
  facet normal 1 0 0
    outer loop
      vertex -15.5 -11.0466 42.0291
      vertex -15.5 -17.225 59.95
      vertex -15.5 -11.3087 41.7293
    endloop
  endfacet
  facet normal 1 0 0
    outer loop
      vertex -15.5 -10.7703 42.3157
      vertex -15.5 -17.225 59.95
      vertex -15.5 -11.0466 42.0291
    endloop
  endfacet
  facet normal 1 0 0
    outer loop
      vertex -15.5 -10.4803 42.5885
      vertex -15.5 -17.225 59.95
      vertex -15.5 -10.7703 42.3157
    endloop
  endfacet
  facet normal 1 0 0
    outer loop
      vertex -15.5 7.175 59.95
      vertex -15.5 3.14455 36.2014
      vertex -15.5 7.175 6.45
    endloop
  endfacet
  facet normal 1 -0 0
    outer loop
      vertex -15.5 3.12032 35.804
      vertex -15.5 7.175 6.45
      vertex -15.5 3.14455 36.2014
    endloop
  endfacet
  facet normal 1 -0 0
    outer loop
      vertex -15.5 3.07678 35.4083
      vertex -15.5 7.175 6.45
      vertex -15.5 3.12032 35.804
    endloop
  endfacet
  facet normal 1 -0 0
    outer loop
      vertex -15.5 3.01401 35.0151
      vertex -15.5 7.175 6.45
      vertex -15.5 3.07678 35.4083
    endloop
  endfacet
  facet normal 1 -0 0
    outer loop
      vertex -15.5 2.93218 34.6255
      vertex -15.5 7.175 6.45
      vertex -15.5 3.01401 35.0151
    endloop
  endfacet
  facet normal 1 -0 0
    outer loop
      vertex -15.5 2.83148 34.2403
      vertex -15.5 7.175 6.45
      vertex -15.5 2.93218 34.6255
    endloop
  endfacet
  facet normal 1 -0 0
    outer loop
      vertex -15.5 2.71214 33.8605
      vertex -15.5 7.175 6.45
      vertex -15.5 2.83148 34.2403
    endloop
  endfacet
  facet normal 1 -0 0
    outer loop
      vertex -15.5 2.57446 33.4869
      vertex -15.5 7.175 6.45
      vertex -15.5 2.71214 33.8605
    endloop
  endfacet
  facet normal 1 -0 0
    outer loop
      vertex -15.5 2.41874 33.1205
      vertex -15.5 7.175 6.45
      vertex -15.5 2.57446 33.4869
    endloop
  endfacet
  facet normal 1 -0 0
    outer loop
      vertex -15.5 2.24537 32.762
      vertex -15.5 7.175 6.45
      vertex -15.5 2.41874 33.1205
    endloop
  endfacet
  facet normal 1 -0 0
    outer loop
      vertex -15.5 2.05476 32.4125
      vertex -15.5 7.175 6.45
      vertex -15.5 2.24537 32.762
    endloop
  endfacet
  facet normal 1 -0 0
    outer loop
      vertex -15.5 1.84735 32.0727
      vertex -15.5 7.175 6.45
      vertex -15.5 2.05476 32.4125
    endloop
  endfacet
  facet normal 1 0 0
    outer loop
      vertex -15.5 -0.579481 18.3004
      vertex -15.5 1.84735 32.0727
      vertex -15.5 1.62364 31.7433
    endloop
  endfacet
  facet normal 1 0 0
    outer loop
      vertex -15.5 -0.579481 18.3004
      vertex -15.5 1.62364 31.7433
      vertex -15.5 1.38417 31.4252
    endloop
  endfacet
  facet normal 1 0 0
    outer loop
      vertex -15.5 -0.579481 18.3004
      vertex -15.5 1.38417 31.4252
      vertex -15.5 1.12949 31.1192
    endloop
  endfacet
  facet normal 1 0 0
    outer loop
      vertex -15.5 -0.579481 18.3004
      vertex -15.5 1.12949 31.1192
      vertex -15.5 0.86021 30.8259
    endloop
  endfacet
  facet normal 1 0 0
    outer loop
      vertex -15.5 -0.579481 18.3004
      vertex -15.5 0.86021 30.8259
      vertex -15.5 0.576975 30.5461
    endloop
  endfacet
  facet normal 1 0 0
    outer loop
      vertex -15.5 -0.579481 18.3004
      vertex -15.5 0.576975 30.5461
      vertex -15.5 0.280451 30.2804
    endloop
  endfacet
  facet normal 1 0 0
    outer loop
      vertex -15.5 -0.579481 18.3004
      vertex -15.5 0.280451 30.2804
      vertex -15.5 -0.0286554 30.0295
    endloop
  endfacet
  facet normal 1 0 0
    outer loop
      vertex -15.5 -0.579481 18.3004
      vertex -15.5 -0.0286554 30.0295
      vertex -15.5 -0.349614 29.7939
    endloop
  endfacet
  facet normal 1 0 0
    outer loop
      vertex -15.5 -0.579481 18.3004
      vertex -15.5 -0.349614 29.7939
      vertex -15.5 -0.579481 29.6418
    endloop
  endfacet
  facet normal 1 0 0
    outer loop
      vertex -15.5 1.84735 32.0727
      vertex -15.5 -0.579481 18.3004
      vertex -15.5 7.175 6.45
    endloop
  endfacet
  facet normal 1 -0 0
    outer loop
      vertex -15.5 -0.615274 17.9027
      vertex -15.5 7.175 6.45
      vertex -15.5 -0.579481 18.3004
    endloop
  endfacet
  facet normal 1 -0 0
    outer loop
      vertex -15.5 -0.686571 17.5098
      vertex -15.5 7.175 6.45
      vertex -15.5 -0.615274 17.9027
    endloop
  endfacet
  facet normal 1 -0 0
    outer loop
      vertex -15.5 -0.792799 17.1249
      vertex -15.5 7.175 6.45
      vertex -15.5 -0.686571 17.5098
    endloop
  endfacet
  facet normal 1 -0 0
    outer loop
      vertex -15.5 -0.933102 16.751
      vertex -15.5 7.175 6.45
      vertex -15.5 -0.792799 17.1249
    endloop
  endfacet
  facet normal 1 -0 0
    outer loop
      vertex -15.5 -1.10635 16.3913
      vertex -15.5 7.175 6.45
      vertex -15.5 -0.933102 16.751
    endloop
  endfacet
  facet normal 1 -0 0
    outer loop
      vertex -15.5 -1.31115 16.0485
      vertex -15.5 7.175 6.45
      vertex -15.5 -1.10635 16.3913
    endloop
  endfacet
  facet normal 1 -0 0
    outer loop
      vertex -15.5 -1.54585 15.7255
      vertex -15.5 7.175 6.45
      vertex -15.5 -1.31115 16.0485
    endloop
  endfacet
  facet normal 1 -0 0
    outer loop
      vertex -15.5 -1.80856 15.4248
      vertex -15.5 7.175 6.45
      vertex -15.5 -1.54585 15.7255
    endloop
  endfacet
  facet normal 1 -0 0
    outer loop
      vertex -15.5 -2.09717 15.1488
      vertex -15.5 7.175 6.45
      vertex -15.5 -1.80856 15.4248
    endloop
  endfacet
  facet normal 1 -0 0
    outer loop
      vertex -15.5 -2.40936 14.8999
      vertex -15.5 7.175 6.45
      vertex -15.5 -2.09717 15.1488
    endloop
  endfacet
  facet normal 1 -0 0
    outer loop
      vertex -15.5 -2.7426 14.6799
      vertex -15.5 7.175 6.45
      vertex -15.5 -2.40936 14.8999
    endloop
  endfacet
  facet normal 1 -0 0
    outer loop
      vertex -15.5 -3.09422 14.4907
      vertex -15.5 7.175 6.45
      vertex -15.5 -2.7426 14.6799
    endloop
  endfacet
  facet normal 1 -0 0
    outer loop
      vertex -15.5 -3.46138 14.3338
      vertex -15.5 7.175 6.45
      vertex -15.5 -3.09422 14.4907
    endloop
  endfacet
  facet normal 1 -0 0
    outer loop
      vertex -15.5 -3.84114 14.2104
      vertex -15.5 7.175 6.45
      vertex -15.5 -3.46138 14.3338
    endloop
  endfacet
  facet normal 1 -0 0
    outer loop
      vertex -15.5 -4.23042 14.1215
      vertex -15.5 7.175 6.45
      vertex -15.5 -3.84114 14.2104
    endloop
  endfacet
  facet normal 1 -0 0
    outer loop
      vertex -15.5 -4.62611 14.0679
      vertex -15.5 7.175 6.45
      vertex -15.5 -4.23042 14.1215
    endloop
  endfacet
  facet normal 1 -0 0
    outer loop
      vertex -15.5 -5.025 14.05
      vertex -15.5 7.175 6.45
      vertex -15.5 -4.62611 14.0679
    endloop
  endfacet
  facet normal 1 0 0
    outer loop
      vertex -15.5 -17.225 6.45
      vertex -15.5 -5.025 14.05
      vertex -15.5 -5.42389 14.0679
    endloop
  endfacet
  facet normal 1 0 0
    outer loop
      vertex -15.5 -17.225 6.45
      vertex -15.5 -5.42389 14.0679
      vertex -15.5 -5.81958 14.1215
    endloop
  endfacet
  facet normal 1 0 0
    outer loop
      vertex -15.5 -17.225 6.45
      vertex -15.5 -5.81958 14.1215
      vertex -15.5 -6.20886 14.2104
    endloop
  endfacet
  facet normal 1 0 0
    outer loop
      vertex -15.5 -17.225 6.45
      vertex -15.5 -6.20886 14.2104
      vertex -15.5 -6.58862 14.3338
    endloop
  endfacet
  facet normal 1 0 0
    outer loop
      vertex -15.5 -17.225 6.45
      vertex -15.5 -6.58862 14.3338
      vertex -15.5 -6.95578 14.4907
    endloop
  endfacet
  facet normal 1 0 0
    outer loop
      vertex -15.5 -17.225 6.45
      vertex -15.5 -6.95578 14.4907
      vertex -15.5 -7.3074 14.6799
    endloop
  endfacet
  facet normal 1 0 0
    outer loop
      vertex -15.5 -10.0213 30.0295
      vertex -15.5 -9.47052 18.3004
      vertex -15.5 -9.70039 29.7939
    endloop
  endfacet
  facet normal 1 0 0
    outer loop
      vertex -15.5 -10.3305 30.2804
      vertex -15.5 -9.47052 18.3004
      vertex -15.5 -10.0213 30.0295
    endloop
  endfacet
  facet normal 1 0 0
    outer loop
      vertex -15.5 -10.627 30.5461
      vertex -15.5 -9.47052 18.3004
      vertex -15.5 -10.3305 30.2804
    endloop
  endfacet
  facet normal 1 0 0
    outer loop
      vertex -15.5 -10.9102 30.8259
      vertex -15.5 -9.47052 18.3004
      vertex -15.5 -10.627 30.5461
    endloop
  endfacet
  facet normal 1 0 0
    outer loop
      vertex -15.5 -11.1795 31.1192
      vertex -15.5 -9.47052 18.3004
      vertex -15.5 -10.9102 30.8259
    endloop
  endfacet
  facet normal 1 0 0
    outer loop
      vertex -15.5 -11.4342 31.4252
      vertex -15.5 -9.47052 18.3004
      vertex -15.5 -11.1795 31.1192
    endloop
  endfacet
  facet normal 1 0 0
    outer loop
      vertex -15.5 -11.6736 31.7433
      vertex -15.5 -9.47052 18.3004
      vertex -15.5 -11.4342 31.4252
    endloop
  endfacet
  facet normal 1 0 0
    outer loop
      vertex -15.5 -11.8974 32.0727
      vertex -15.5 -9.47052 18.3004
      vertex -15.5 -11.6736 31.7433
    endloop
  endfacet
  facet normal 1 0 0
    outer loop
      vertex -15.5 -17.225 6.45
      vertex -15.5 -9.47052 18.3004
      vertex -15.5 -11.8974 32.0727
    endloop
  endfacet
  facet normal 1 0 0
    outer loop
      vertex -15.5 -17.225 6.45
      vertex -15.5 -11.8974 32.0727
      vertex -15.5 -12.1048 32.4125
    endloop
  endfacet
  facet normal 1 0 0
    outer loop
      vertex -15.5 -9.47052 18.3004
      vertex -15.5 -17.225 6.45
      vertex -15.5 -9.43473 17.9027
    endloop
  endfacet
  facet normal 1 0 0
    outer loop
      vertex -15.5 -17.225 6.45
      vertex -15.5 -12.1048 32.4125
      vertex -15.5 -12.2954 32.762
    endloop
  endfacet
  facet normal 1 0 0
    outer loop
      vertex -15.5 -17.225 6.45
      vertex -15.5 -12.2954 32.762
      vertex -15.5 -12.4687 33.1205
    endloop
  endfacet
  facet normal 1 0 0
    outer loop
      vertex -15.5 -17.225 6.45
      vertex -15.5 -12.4687 33.1205
      vertex -15.5 -12.6245 33.4869
    endloop
  endfacet
  facet normal 1 0 0
    outer loop
      vertex -15.5 -17.225 6.45
      vertex -15.5 -12.6245 33.4869
      vertex -15.5 -12.7621 33.8605
    endloop
  endfacet
  facet normal 1 0 0
    outer loop
      vertex -15.5 -17.225 6.45
      vertex -15.5 -12.7621 33.8605
      vertex -15.5 -12.8815 34.2403
    endloop
  endfacet
  facet normal 1 0 0
    outer loop
      vertex -15.5 -17.225 6.45
      vertex -15.5 -12.8815 34.2403
      vertex -15.5 -12.9822 34.6255
    endloop
  endfacet
  facet normal 1 0 0
    outer loop
      vertex -15.5 -17.225 59.95
      vertex -15.5 -13.1945 36.2014
      vertex -15.5 -13.1994 36.5995
    endloop
  endfacet
  facet normal 1 0 0
    outer loop
      vertex -15.5 -17.225 6.45
      vertex -15.5 -13.1945 36.2014
      vertex -15.5 -17.225 59.95
    endloop
  endfacet
  facet normal 1 0 0
    outer loop
      vertex -15.5 -13.1945 36.2014
      vertex -15.5 -17.225 6.45
      vertex -15.5 -13.1703 35.804
    endloop
  endfacet
  facet normal 1 0 0
    outer loop
      vertex -15.5 -13.1703 35.804
      vertex -15.5 -17.225 6.45
      vertex -15.5 -13.1268 35.4083
    endloop
  endfacet
  facet normal 1 0 0
    outer loop
      vertex -15.5 -5.025 14.05
      vertex -15.5 -17.225 6.45
      vertex -15.5 7.175 6.45
    endloop
  endfacet
  facet normal 1 0 0
    outer loop
      vertex -15.5 -7.64064 14.8999
      vertex -15.5 -17.225 6.45
      vertex -15.5 -7.3074 14.6799
    endloop
  endfacet
  facet normal 1 0 0
    outer loop
      vertex -15.5 -7.95283 15.1488
      vertex -15.5 -17.225 6.45
      vertex -15.5 -7.64064 14.8999
    endloop
  endfacet
  facet normal 1 0 0
    outer loop
      vertex -15.5 -8.24144 15.4248
      vertex -15.5 -17.225 6.45
      vertex -15.5 -7.95283 15.1488
    endloop
  endfacet
  facet normal 1 0 0
    outer loop
      vertex -15.5 -8.50415 15.7255
      vertex -15.5 -17.225 6.45
      vertex -15.5 -8.24144 15.4248
    endloop
  endfacet
  facet normal 1 0 0
    outer loop
      vertex -15.5 -8.73885 16.0485
      vertex -15.5 -17.225 6.45
      vertex -15.5 -8.50415 15.7255
    endloop
  endfacet
  facet normal 1 0 0
    outer loop
      vertex -15.5 -8.94365 16.3913
      vertex -15.5 -17.225 6.45
      vertex -15.5 -8.73885 16.0485
    endloop
  endfacet
  facet normal 1 0 0
    outer loop
      vertex -15.5 -9.1169 16.751
      vertex -15.5 -17.225 6.45
      vertex -15.5 -8.94365 16.3913
    endloop
  endfacet
  facet normal 1 0 0
    outer loop
      vertex -15.5 -9.2572 17.1249
      vertex -15.5 -17.225 6.45
      vertex -15.5 -9.1169 16.751
    endloop
  endfacet
  facet normal 1 0 0
    outer loop
      vertex -15.5 -9.36343 17.5098
      vertex -15.5 -17.225 6.45
      vertex -15.5 -9.2572 17.1249
    endloop
  endfacet
  facet normal 1 0 0
    outer loop
      vertex -15.5 -9.43473 17.9027
      vertex -15.5 -17.225 6.45
      vertex -15.5 -9.36343 17.5098
    endloop
  endfacet
  facet normal 1 0 0
    outer loop
      vertex -15.5 -13.064 35.0151
      vertex -15.5 -17.225 6.45
      vertex -15.5 -12.9822 34.6255
    endloop
  endfacet
  facet normal 1 0 0
    outer loop
      vertex -15.5 -13.1268 35.4083
      vertex -15.5 -17.225 6.45
      vertex -15.5 -13.064 35.0151
    endloop
  endfacet
  facet normal 0 -1 0
    outer loop
      vertex -15.5 7.175 6.45
      vertex -4.6 7.175 59.95
      vertex -15.5 7.175 59.95
    endloop
  endfacet
  facet normal 0 -1 -0
    outer loop
      vertex -4.6 7.175 59.95
      vertex -15.5 7.175 6.45
      vertex -4.6 7.175 6.45
    endloop
  endfacet
  facet normal -1 0 0
    outer loop
      vertex -4.6 -17.225 6.45
      vertex -4.6 7.175 59.95
      vertex -4.6 7.175 6.45
    endloop
  endfacet
  facet normal -1 -0 0
    outer loop
      vertex -4.6 7.175 59.95
      vertex -4.6 -17.225 6.45
      vertex -4.6 -17.225 59.95
    endloop
  endfacet
  facet normal 0 1 -0
    outer loop
      vertex -4.6 -17.225 6.45
      vertex -15.5 -17.225 59.95
      vertex -4.6 -17.225 59.95
    endloop
  endfacet
  facet normal 0 1 0
    outer loop
      vertex -15.5 -17.225 59.95
      vertex -4.6 -17.225 6.45
      vertex -15.5 -17.225 6.45
    endloop
  endfacet
  facet normal 0 0 -1
    outer loop
      vertex -9.95 -16.025 12.45
      vertex -9.1 -14.025 12.45
      vertex -9.1 -16.025 12.45
    endloop
  endfacet
  facet normal -0 0 -1
    outer loop
      vertex -9.1 -14.025 12.45
      vertex -9.95 -16.025 12.45
      vertex -9.1 -12.025 12.45
    endloop
  endfacet
  facet normal 0 0 -1
    outer loop
      vertex -9.95 5.975 12.45
      vertex -9.1 -12.025 12.45
      vertex -9.95 -16.025 12.45
    endloop
  endfacet
  facet normal 0 0 -1
    outer loop
      vertex -9.1 -14.025 12.45
      vertex -7.3 -12.025 12.45
      vertex -7.3 -14.025 12.45
    endloop
  endfacet
  facet normal -0 0 -1
    outer loop
      vertex -7.3 -12.025 12.45
      vertex -9.1 -14.025 12.45
      vertex -9.1 -12.025 12.45
    endloop
  endfacet
  facet normal 0 0 -1
    outer loop
      vertex -9.1 3.975 12.45
      vertex -7.3 5.975 12.45
      vertex -7.3 3.975 12.45
    endloop
  endfacet
  facet normal 0 0 -1
    outer loop
      vertex -9.1 3.975 12.45
      vertex -9.95 5.975 12.45
      vertex -7.3 5.975 12.45
    endloop
  endfacet
  facet normal 0 0 -1
    outer loop
      vertex -9.1 -12.025 12.45
      vertex -9.95 5.975 12.45
      vertex -9.1 3.975 12.45
    endloop
  endfacet
  facet normal 0 0 -1
    outer loop
      vertex -12.1 -16.025 12.45
      vertex -11.25 5.975 12.45
      vertex -11.25 -16.025 12.45
    endloop
  endfacet
  facet normal -0 0 -1
    outer loop
      vertex -11.25 5.975 12.45
      vertex -12.1 -16.025 12.45
      vertex -12.1 5.975 12.45
    endloop
  endfacet
  facet normal -0 0 1
    outer loop
      vertex -12.1 -10.025 59.85
      vertex -9.1 -12.025 59.85
      vertex -9.1 -10.025 59.85
    endloop
  endfacet
  facet normal 0 0 1
    outer loop
      vertex -9.1 -12.025 59.85
      vertex -12.1 -10.025 59.85
      vertex -9.1 -14.025 59.85
    endloop
  endfacet
  facet normal 0 0 1
    outer loop
      vertex -12.1 -16.025 59.85
      vertex -9.1 -14.025 59.85
      vertex -12.1 -10.025 59.85
    endloop
  endfacet
  facet normal 0 0 1
    outer loop
      vertex -9.1 -14.025 59.85
      vertex -12.1 -16.025 59.85
      vertex -9.1 -16.025 59.85
    endloop
  endfacet
  facet normal -0 0 1
    outer loop
      vertex -9.1 -12.025 59.85
      vertex -7.3 -14.025 59.85
      vertex -7.3 -12.025 59.85
    endloop
  endfacet
  facet normal 0 0 1
    outer loop
      vertex -7.3 -14.025 59.85
      vertex -9.1 -12.025 59.85
      vertex -9.1 -14.025 59.85
    endloop
  endfacet
  facet normal 0 0 1
    outer loop
      vertex -7.3 5.975 59.85
      vertex -9.1 3.975 59.85
      vertex -7.3 3.975 59.85
    endloop
  endfacet
  facet normal -0 0 1
    outer loop
      vertex -12.1 5.975 59.85
      vertex -9.1 3.975 59.85
      vertex -7.3 5.975 59.85
    endloop
  endfacet
  facet normal 0 0 1
    outer loop
      vertex -12.1 -0.025 59.85
      vertex -9.1 3.975 59.85
      vertex -12.1 5.975 59.85
    endloop
  endfacet
  facet normal 0 0 1
    outer loop
      vertex -9.1 3.975 59.85
      vertex -12.1 -0.025 59.85
      vertex -9.1 -0.025 59.85
    endloop
  endfacet
  facet normal 0 1 -0
    outer loop
      vertex -7.3 -12.025 12.45
      vertex -9.1 -12.025 59.85
      vertex -7.3 -12.025 59.85
    endloop
  endfacet
  facet normal 0 1 0
    outer loop
      vertex -9.1 -12.025 59.85
      vertex -7.3 -12.025 12.45
      vertex -9.1 -12.025 12.45
    endloop
  endfacet
  facet normal 1 -0 0
    outer loop
      vertex -7.3 -14.025 59.85
      vertex -7.3 -12.025 12.45
      vertex -7.3 -12.025 59.85
    endloop
  endfacet
  facet normal 1 0 0
    outer loop
      vertex -7.3 -12.025 12.45
      vertex -7.3 -14.025 59.85
      vertex -7.3 -14.025 12.45
    endloop
  endfacet
  facet normal 0 -1 0
    outer loop
      vertex -9.1 -14.025 12.45
      vertex -7.3 -14.025 59.85
      vertex -9.1 -14.025 59.85
    endloop
  endfacet
  facet normal 0 -1 -0
    outer loop
      vertex -7.3 -14.025 59.85
      vertex -9.1 -14.025 12.45
      vertex -7.3 -14.025 12.45
    endloop
  endfacet
  facet normal 0 1 -0
    outer loop
      vertex -9.95 5.975 6.45
      vertex -11.25 5.975 12.45
      vertex -9.95 5.975 12.45
    endloop
  endfacet
  facet normal 0 1 0
    outer loop
      vertex -11.25 5.975 12.45
      vertex -9.95 5.975 6.45
      vertex -11.25 5.975 6.45
    endloop
  endfacet
  facet normal 0 1 0
    outer loop
      vertex -9.95 5.975 12.45
      vertex -7.3 5.975 59.85
      vertex -7.3 5.975 12.45
    endloop
  endfacet
  facet normal 0 1 0
    outer loop
      vertex -7.3 5.975 59.85
      vertex -9.95 5.975 12.45
      vertex -12.1 5.975 59.85
    endloop
  endfacet
  facet normal 0 1 -0
    outer loop
      vertex -11.25 5.975 12.45
      vertex -12.1 5.975 59.85
      vertex -9.95 5.975 12.45
    endloop
  endfacet
  facet normal 0 1 0
    outer loop
      vertex -12.1 5.975 59.85
      vertex -11.25 5.975 12.45
      vertex -12.1 5.975 12.45
    endloop
  endfacet
  facet normal 1 -0 0
    outer loop
      vertex -7.3 3.975 59.85
      vertex -7.3 5.975 12.45
      vertex -7.3 5.975 59.85
    endloop
  endfacet
  facet normal 1 0 0
    outer loop
      vertex -7.3 5.975 12.45
      vertex -7.3 3.975 59.85
      vertex -7.3 3.975 12.45
    endloop
  endfacet
  facet normal 0 -1 0
    outer loop
      vertex -9.1 3.975 12.45
      vertex -7.3 3.975 59.85
      vertex -9.1 3.975 59.85
    endloop
  endfacet
  facet normal 0 -1 -0
    outer loop
      vertex -7.3 3.975 59.85
      vertex -9.1 3.975 12.45
      vertex -7.3 3.975 12.45
    endloop
  endfacet
  facet normal -1 0 0
    outer loop
      vertex -11.25 -16.025 6.45
      vertex -11.25 5.975 12.45
      vertex -11.25 5.975 6.45
    endloop
  endfacet
  facet normal -1 -0 0
    outer loop
      vertex -11.25 5.975 12.45
      vertex -11.25 -16.025 6.45
      vertex -11.25 -16.025 12.45
    endloop
  endfacet
  facet normal 1 -0 0
    outer loop
      vertex -9.95 -16.025 12.45
      vertex -9.95 5.975 6.45
      vertex -9.95 5.975 12.45
    endloop
  endfacet
  facet normal 1 0 0
    outer loop
      vertex -9.95 5.975 6.45
      vertex -9.95 -16.025 12.45
      vertex -9.95 -16.025 6.45
    endloop
  endfacet
  facet normal 0 -1 0
    outer loop
      vertex -11.25 -16.025 6.45
      vertex -9.95 -16.025 12.45
      vertex -11.25 -16.025 12.45
    endloop
  endfacet
  facet normal 0 -1 -0
    outer loop
      vertex -9.95 -16.025 12.45
      vertex -11.25 -16.025 6.45
      vertex -9.95 -16.025 6.45
    endloop
  endfacet
  facet normal 0 -1 0
    outer loop
      vertex -11.25 -16.025 12.45
      vertex -12.1 -16.025 59.85
      vertex -12.1 -16.025 12.45
    endloop
  endfacet
  facet normal 0 -1 0
    outer loop
      vertex -12.1 -16.025 59.85
      vertex -11.25 -16.025 12.45
      vertex -9.1 -16.025 59.85
    endloop
  endfacet
  facet normal 0 -1 0
    outer loop
      vertex -9.95 -16.025 12.45
      vertex -9.1 -16.025 59.85
      vertex -11.25 -16.025 12.45
    endloop
  endfacet
  facet normal 0 -1 -0
    outer loop
      vertex -9.1 -16.025 59.85
      vertex -9.95 -16.025 12.45
      vertex -9.1 -16.025 12.45
    endloop
  endfacet
  facet normal -1 0 0
    outer loop
      vertex -12.1 3.025 32.25
      vertex -12.1 5.975 12.45
      vertex -12.1 3.025 25.85
    endloop
  endfacet
  facet normal -1 0 0
    outer loop
      vertex -12.1 5.975 12.45
      vertex -12.1 -13.075 25.85
      vertex -12.1 3.025 25.85
    endloop
  endfacet
  facet normal -1 -0 0
    outer loop
      vertex -12.1 -13.075 25.85
      vertex -12.1 -16.025 12.45
      vertex -12.1 -13.075 32.25
    endloop
  endfacet
  facet normal -1 0 0
    outer loop
      vertex -12.1 -16.025 12.45
      vertex -12.1 -13.075 25.85
      vertex -12.1 5.975 12.45
    endloop
  endfacet
  facet normal -1 0 0
    outer loop
      vertex -12.1 5.975 12.45
      vertex -12.1 3.025 32.25
      vertex -12.1 5.975 59.85
    endloop
  endfacet
  facet normal -1 0 0
    outer loop
      vertex -12.1 3.025 32.25
      vertex -12.1 -0.025 59.85
      vertex -12.1 5.975 59.85
    endloop
  endfacet
  facet normal -1 0 0
    outer loop
      vertex -12.1 -0.025 59.85
      vertex -12.1 -10.025 59.85
      vertex -12.1 -0.025 67.85
    endloop
  endfacet
  facet normal -1 0 0
    outer loop
      vertex -12.1 3.025 32.25
      vertex -12.1 -10.025 59.85
      vertex -12.1 -0.025 59.85
    endloop
  endfacet
  facet normal -1 0 0
    outer loop
      vertex -12.1 -13.075 32.25
      vertex -12.1 -10.025 59.85
      vertex -12.1 3.025 32.25
    endloop
  endfacet
  facet normal -1 0 0
    outer loop
      vertex -12.1 -16.025 59.85
      vertex -12.1 -13.075 32.25
      vertex -12.1 -16.025 12.45
    endloop
  endfacet
  facet normal -1 0 0
    outer loop
      vertex -12.1 -13.075 32.25
      vertex -12.1 -16.025 59.85
      vertex -12.1 -10.025 59.85
    endloop
  endfacet
  facet normal -1 -0 0
    outer loop
      vertex -12.1 -0.025 67.85
      vertex -12.1 -10.025 59.85
      vertex -12.1 -10.025 67.85
    endloop
  endfacet
  facet normal 1 0 0
    outer loop
      vertex -9.1 -0.025 69.85
      vertex -9.1 -10.025 69.85
      vertex -9.1 -0.025 59.85
    endloop
  endfacet
  facet normal 1 -0 0
    outer loop
      vertex -9.1 -0.025 59.85
      vertex -9.1 3.975 12.45
      vertex -9.1 3.975 59.85
    endloop
  endfacet
  facet normal 1 0 0
    outer loop
      vertex -9.1 -10.025 59.85
      vertex -9.1 -0.025 59.85
      vertex -9.1 -10.025 69.85
    endloop
  endfacet
  facet normal 1 0 0
    outer loop
      vertex -9.1 -12.025 12.45
      vertex -9.1 -0.025 59.85
      vertex -9.1 -10.025 59.85
    endloop
  endfacet
  facet normal 1 0 0
    outer loop
      vertex -9.1 -12.025 12.45
      vertex -9.1 -10.025 59.85
      vertex -9.1 -12.025 59.85
    endloop
  endfacet
  facet normal 1 0 0
    outer loop
      vertex -9.1 -0.025 59.85
      vertex -9.1 -12.025 12.45
      vertex -9.1 3.975 12.45
    endloop
  endfacet
  facet normal 1 -0 0
    outer loop
      vertex -9.1 -16.025 59.85
      vertex -9.1 -14.025 12.45
      vertex -9.1 -14.025 59.85
    endloop
  endfacet
  facet normal 1 0 0
    outer loop
      vertex -9.1 -14.025 12.45
      vertex -9.1 -16.025 59.85
      vertex -9.1 -16.025 12.45
    endloop
  endfacet
  facet normal -0 0 1
    outer loop
      vertex -14.1 -0.025 69.85
      vertex -9.1 -10.025 69.85
      vertex -9.1 -0.025 69.85
    endloop
  endfacet
  facet normal 0 0 1
    outer loop
      vertex -9.1 -10.025 69.85
      vertex -14.1 -0.025 69.85
      vertex -14.1 -10.025 69.85
    endloop
  endfacet
  facet normal 0 -1 0
    outer loop
      vertex -12.1 -10.025 67.85
      vertex -14.1 -10.025 69.85
      vertex -14.1 -10.025 67.85
    endloop
  endfacet
  facet normal 0 -1 0
    outer loop
      vertex -14.1 -10.025 69.85
      vertex -12.1 -10.025 67.85
      vertex -9.1 -10.025 69.85
    endloop
  endfacet
  facet normal 0 -1 0
    outer loop
      vertex -9.1 -10.025 59.85
      vertex -12.1 -10.025 67.85
      vertex -12.1 -10.025 59.85
    endloop
  endfacet
  facet normal 0 -1 0
    outer loop
      vertex -12.1 -10.025 67.85
      vertex -9.1 -10.025 59.85
      vertex -9.1 -10.025 69.85
    endloop
  endfacet
  facet normal 0 1 0
    outer loop
      vertex -9.1 -0.025 69.85
      vertex -12.1 -0.025 67.85
      vertex -14.1 -0.025 69.85
    endloop
  endfacet
  facet normal 0 1 -0
    outer loop
      vertex -9.1 -0.025 59.85
      vertex -12.1 -0.025 67.85
      vertex -9.1 -0.025 69.85
    endloop
  endfacet
  facet normal 0 1 0
    outer loop
      vertex -12.1 -0.025 67.85
      vertex -9.1 -0.025 59.85
      vertex -12.1 -0.025 59.85
    endloop
  endfacet
  facet normal 0 1 0
    outer loop
      vertex -14.1 -0.025 69.85
      vertex -12.1 -0.025 67.85
      vertex -14.1 -0.025 67.85
    endloop
  endfacet
  facet normal 0 0 -1
    outer loop
      vertex -14.1 -10.025 67.85
      vertex -12.1 -0.025 67.85
      vertex -12.1 -10.025 67.85
    endloop
  endfacet
  facet normal -0 0 -1
    outer loop
      vertex -12.1 -0.025 67.85
      vertex -14.1 -10.025 67.85
      vertex -14.1 -0.025 67.85
    endloop
  endfacet
  facet normal -1 0 0
    outer loop
      vertex -14.1 -10.025 67.85
      vertex -14.1 -0.025 69.85
      vertex -14.1 -0.025 67.85
    endloop
  endfacet
  facet normal -1 -0 0
    outer loop
      vertex -14.1 -0.025 69.85
      vertex -14.1 -10.025 67.85
      vertex -14.1 -10.025 69.85
    endloop
  endfacet
  facet normal -0.943858 0 0.33035
    outer loop
      vertex -13.5 -13.075 28.25
      vertex -12.1 3.025 32.25
      vertex -13.5 3.025 28.25
    endloop
  endfacet
  facet normal -0.943858 0 0.33035
    outer loop
      vertex -12.1 3.025 32.25
      vertex -13.5 -13.075 28.25
      vertex -12.1 -13.075 32.25
    endloop
  endfacet
  facet normal -0.650791 0 -0.759257
    outer loop
      vertex -13.5 -13.075 27.05
      vertex -12.1 3.025 25.85
      vertex -12.1 -13.075 25.85
    endloop
  endfacet
  facet normal -0.650791 0 -0.759257
    outer loop
      vertex -12.1 3.025 25.85
      vertex -13.5 -13.075 27.05
      vertex -13.5 3.025 27.05
    endloop
  endfacet
  facet normal 0 1 -0
    outer loop
      vertex -12.1 3.025 25.85
      vertex -13.5 3.025 28.25
      vertex -12.1 3.025 32.25
    endloop
  endfacet
  facet normal 0 1 0
    outer loop
      vertex -13.5 3.025 28.25
      vertex -12.1 3.025 25.85
      vertex -13.5 3.025 27.05
    endloop
  endfacet
  facet normal -1 0 0
    outer loop
      vertex -13.5 -13.075 27.05
      vertex -13.5 3.025 28.25
      vertex -13.5 3.025 27.05
    endloop
  endfacet
  facet normal -1 -0 0
    outer loop
      vertex -13.5 3.025 28.25
      vertex -13.5 -13.075 27.05
      vertex -13.5 -13.075 28.25
    endloop
  endfacet
  facet normal 0 -1 0
    outer loop
      vertex -12.1 -13.075 25.85
      vertex -13.5 -13.075 28.25
      vertex -13.5 -13.075 27.05
    endloop
  endfacet
  facet normal 0 -1 0
    outer loop
      vertex -13.5 -13.075 28.25
      vertex -12.1 -13.075 25.85
      vertex -12.1 -13.075 32.25
    endloop
  endfacet
  facet normal 0 1 0
    outer loop
      vertex 0 14.225 59.95
      vertex -16.85 14.225 59.9296
      vertex -16.85 14.225 59.95
    endloop
  endfacet
  facet normal 0 1 0
    outer loop
      vertex -19.86 14.225 56.95
      vertex -16.85 14.225 59.9296
      vertex 0 14.225 59.95
    endloop
  endfacet
  facet normal -0 1 0
    outer loop
      vertex -18.6234 14.225 59.377
      vertex -16.85 14.225 59.9296
      vertex -19.86 14.225 56.95
    endloop
  endfacet
  facet normal 0 1 0
    outer loop
      vertex -16.85 14.225 59.9296
      vertex -17.7871 14.225 59.8032
      vertex -17.3293 14.225 59.9131
    endloop
  endfacet
  facet normal 0 1 0
    outer loop
      vertex -16.85 14.225 59.9296
      vertex -18.222 14.225 59.623
      vertex -17.7871 14.225 59.8032
    endloop
  endfacet
  facet normal 0 1 0
    outer loop
      vertex -16.85 14.225 59.9296
      vertex -18.6234 14.225 59.377
      vertex -18.222 14.225 59.623
    endloop
  endfacet
  facet normal 0 1 0
    outer loop
      vertex -18.6234 14.225 59.377
      vertex -19.86 14.225 56.95
      vertex -18.9813 14.225 59.0713
    endloop
  endfacet
  facet normal 0 1 0
    outer loop
      vertex -18.9813 14.225 59.0713
      vertex -19.86 14.225 56.95
      vertex -19.2871 14.225 58.7133
    endloop
  endfacet
  facet normal 0 1 0
    outer loop
      vertex -19.2871 14.225 58.7133
      vertex -19.86 14.225 56.95
      vertex -19.533 14.225 58.312
    endloop
  endfacet
  facet normal 0 1 0
    outer loop
      vertex -19.533 14.225 58.312
      vertex -19.86 14.225 56.95
      vertex -19.7132 14.225 57.877
    endloop
  endfacet
  facet normal 0 1 0
    outer loop
      vertex -19.7132 14.225 57.877
      vertex -19.86 14.225 56.95
      vertex -19.8231 14.225 57.4193
    endloop
  endfacet
  facet normal 0 1 0
    outer loop
      vertex 0 14.225 59.95
      vertex -19.86 14.225 3.05
      vertex -19.86 14.225 56.95
    endloop
  endfacet
  facet normal 0 1 -0
    outer loop
      vertex 0 14.225 0.0500031
      vertex -19.86 14.225 3.05
      vertex 0 14.225 59.95
    endloop
  endfacet
  facet normal -0 1 -0
    outer loop
      vertex -16.85 14.225 0.0703859
      vertex -19.86 14.225 3.05
      vertex 0 14.225 0.0500031
    endloop
  endfacet
  facet normal 0 1 0
    outer loop
      vertex -19.86 14.225 3.05
      vertex -16.85 14.225 0.0703859
      vertex -19.8231 14.225 2.5807
    endloop
  endfacet
  facet normal 0 1 0
    outer loop
      vertex -19.8231 14.225 2.5807
      vertex -16.85 14.225 0.0703859
      vertex -19.7132 14.225 2.12296
    endloop
  endfacet
  facet normal 0 1 0
    outer loop
      vertex -19.7132 14.225 2.12296
      vertex -16.85 14.225 0.0703859
      vertex -19.533 14.225 1.68803
    endloop
  endfacet
  facet normal 0 1 0
    outer loop
      vertex -19.533 14.225 1.68803
      vertex -16.85 14.225 0.0703859
      vertex -19.2871 14.225 1.28665
    endloop
  endfacet
  facet normal 0 1 0
    outer loop
      vertex -18.9813 14.225 0.92868
      vertex -16.85 14.225 0.0703859
      vertex -18.6234 14.225 0.622955
    endloop
  endfacet
  facet normal 0 1 0
    outer loop
      vertex -18.6234 14.225 0.622955
      vertex -16.85 14.225 0.0703859
      vertex -18.222 14.225 0.376984
    endloop
  endfacet
  facet normal 0 1 0
    outer loop
      vertex -18.222 14.225 0.376984
      vertex -16.85 14.225 0.0703859
      vertex -17.7871 14.225 0.196838
    endloop
  endfacet
  facet normal 0 1 0
    outer loop
      vertex -17.7871 14.225 0.196838
      vertex -16.85 14.225 0.0703859
      vertex -17.3293 14.225 0.0869446
    endloop
  endfacet
  facet normal 0 1 0
    outer loop
      vertex -19.2871 14.225 1.28665
      vertex -16.85 14.225 0.0703859
      vertex -18.9813 14.225 0.92868
    endloop
  endfacet
  facet normal 0 1 0
    outer loop
      vertex -16.85 14.225 0.0703859
      vertex 0 14.225 0.0500031
      vertex -16.85 14.225 0.0500031
    endloop
  endfacet
  facet normal 0 -1 0
    outer loop
      vertex -16.85 -24.275 59.9296
      vertex 0 -24.275 59.95
      vertex -16.85 -24.275 59.95
    endloop
  endfacet
  facet normal 0 -1 0
    outer loop
      vertex -17.7871 -24.275 59.8032
      vertex -16.85 -24.275 59.9296
      vertex -17.3293 -24.275 59.9131
    endloop
  endfacet
  facet normal 0 -1 0
    outer loop
      vertex -18.222 -24.275 59.623
      vertex -16.85 -24.275 59.9296
      vertex -17.7871 -24.275 59.8032
    endloop
  endfacet
  facet normal 0 -1 0
    outer loop
      vertex -18.6234 -24.275 59.377
      vertex -16.85 -24.275 59.9296
      vertex -18.222 -24.275 59.623
    endloop
  endfacet
  facet normal 0 -1 0
    outer loop
      vertex -16.85 -24.275 59.9296
      vertex -18.6234 -24.275 59.377
      vertex -19.86 -24.275 56.95
    endloop
  endfacet
  facet normal 0 -1 0
    outer loop
      vertex -19.86 -24.275 56.95
      vertex -18.6234 -24.275 59.377
      vertex -18.9813 -24.275 59.0713
    endloop
  endfacet
  facet normal 0 -1 0
    outer loop
      vertex -19.86 -24.275 56.95
      vertex -18.9813 -24.275 59.0713
      vertex -19.2871 -24.275 58.7133
    endloop
  endfacet
  facet normal 0 -1 0
    outer loop
      vertex -19.86 -24.275 56.95
      vertex -19.2871 -24.275 58.7133
      vertex -19.533 -24.275 58.312
    endloop
  endfacet
  facet normal 0 -1 0
    outer loop
      vertex -19.86 -24.275 56.95
      vertex -19.533 -24.275 58.312
      vertex -19.7132 -24.275 57.877
    endloop
  endfacet
  facet normal 0 -1 0
    outer loop
      vertex -19.86 -24.275 56.95
      vertex -19.7132 -24.275 57.877
      vertex -19.8231 -24.275 57.4193
    endloop
  endfacet
  facet normal 0 -1 -0
    outer loop
      vertex -16.85 -24.275 59.9296
      vertex -19.86 -24.275 56.95
      vertex 0 -24.275 59.95
    endloop
  endfacet
  facet normal 0 -1 0
    outer loop
      vertex -19.86 -24.275 3.05
      vertex 0 -24.275 59.95
      vertex -19.86 -24.275 56.95
    endloop
  endfacet
  facet normal 0 -1 0
    outer loop
      vertex -16.85 -24.275 0.0703859
      vertex -19.86 -24.275 3.05
      vertex -19.8231 -24.275 2.5807
    endloop
  endfacet
  facet normal 0 -1 0
    outer loop
      vertex -16.85 -24.275 0.0703859
      vertex -19.8231 -24.275 2.5807
      vertex -19.7132 -24.275 2.12296
    endloop
  endfacet
  facet normal 0 -1 0
    outer loop
      vertex -16.85 -24.275 0.0703859
      vertex -19.7132 -24.275 2.12296
      vertex -19.533 -24.275 1.68803
    endloop
  endfacet
  facet normal 0 -1 0
    outer loop
      vertex -16.85 -24.275 0.0703859
      vertex -19.533 -24.275 1.68803
      vertex -19.2871 -24.275 1.28665
    endloop
  endfacet
  facet normal 0 -1 0
    outer loop
      vertex -16.85 -24.275 0.0703859
      vertex -19.2871 -24.275 1.28665
      vertex -18.9813 -24.275 0.92868
    endloop
  endfacet
  facet normal 0 -1 0
    outer loop
      vertex -16.85 -24.275 0.0703859
      vertex -18.9813 -24.275 0.92868
      vertex -18.6234 -24.275 0.622955
    endloop
  endfacet
  facet normal 0 -1 0
    outer loop
      vertex -16.85 -24.275 0.0703859
      vertex -18.6234 -24.275 0.622955
      vertex -18.222 -24.275 0.376984
    endloop
  endfacet
  facet normal 0 -1 0
    outer loop
      vertex -16.85 -24.275 0.0703859
      vertex -18.222 -24.275 0.376984
      vertex -17.7871 -24.275 0.196838
    endloop
  endfacet
  facet normal 0 -1 0
    outer loop
      vertex -16.85 -24.275 0.0703859
      vertex -17.7871 -24.275 0.196838
      vertex -17.3293 -24.275 0.0869446
    endloop
  endfacet
  facet normal 0 -1 0
    outer loop
      vertex -19.86 -24.275 3.05
      vertex -16.85 -24.275 0.0703859
      vertex 0 -24.275 0.0500031
    endloop
  endfacet
  facet normal 0 -1 0
    outer loop
      vertex 0 -24.275 0.0500031
      vertex -16.85 -24.275 0.0703859
      vertex -16.85 -24.275 0.0500031
    endloop
  endfacet
  facet normal 0 -1 0
    outer loop
      vertex -19.86 -24.275 3.05
      vertex 0 -24.275 0.0500031
      vertex 0 -24.275 59.95
    endloop
  endfacet
endsolid OpenSCAD_Model
