solid OpenSCAD_Model
  facet normal 0.044854 0.998994 -0
    outer loop
      vertex 0 -4.45 0
      vertex -0.398894 -4.43209 4.35
      vertex 0 -4.45 4.35
    endloop
  endfacet
  facet normal 0.044854 0.998994 0
    outer loop
      vertex -0.398894 -4.43209 4.35
      vertex 0 -4.45 0
      vertex -0.398894 -4.43209 0
    endloop
  endfacet
  facet normal -0.044854 0.998994 0
    outer loop
      vertex 0.398894 -4.43209 0
      vertex 0 -4.45 4.35
      vertex 0.398894 -4.43209 4.35
    endloop
  endfacet
  facet normal -0.044854 0.998994 0
    outer loop
      vertex 0 -4.45 4.35
      vertex 0.398894 -4.43209 0
      vertex 0 -4.45 0
    endloop
  endfacet
  facet normal -0.995975 0.0896325 0
    outer loop
      vertex 4.40973 -0.597338 0
      vertex 4.44552 -0.199648 4.35
      vertex 4.44552 -0.199648 0
    endloop
  endfacet
  facet normal -0.995975 0.0896325 0
    outer loop
      vertex 4.44552 -0.199648 4.35
      vertex 4.40973 -0.597338 0
      vertex 4.40973 -0.597338 4.35
    endloop
  endfacet
  facet normal 0.983928 0.178564 0
    outer loop
      vertex -4.33843 -0.990217 4.35
      vertex -4.40973 -0.597338 0
      vertex -4.40973 -0.597338 4.35
    endloop
  endfacet
  facet normal 0.983928 0.178564 0
    outer loop
      vertex -4.40973 -0.597338 0
      vertex -4.33843 -0.990217 4.35
      vertex -4.33843 -0.990217 0
    endloop
  endfacet
  facet normal 0.995975 0.0896325 0
    outer loop
      vertex -4.40973 -0.597338 4.35
      vertex -4.44552 -0.199648 0
      vertex -4.44552 -0.199648 4.35
    endloop
  endfacet
  facet normal 0.995975 0.0896325 0
    outer loop
      vertex -4.44552 -0.199648 0
      vertex -4.40973 -0.597338 4.35
      vertex -4.40973 -0.597338 0
    endloop
  endfacet
  facet normal 0.222542 0.974923 -0
    outer loop
      vertex -0.794578 -4.37849 0
      vertex -1.18386 -4.28963 4.35
      vertex -0.794578 -4.37849 4.35
    endloop
  endfacet
  facet normal 0.222542 0.974923 0
    outer loop
      vertex -1.18386 -4.28963 4.35
      vertex -0.794578 -4.37849 0
      vertex -1.18386 -4.28963 0
    endloop
  endfacet
  facet normal -0.691063 0.722794 0
    outer loop
      vertex 3.21644 -3.07523 0
      vertex 2.92783 -3.35117 4.35
      vertex 3.21644 -3.07523 4.35
    endloop
  endfacet
  facet normal -0.691063 0.722794 0
    outer loop
      vertex 2.92783 -3.35117 4.35
      vertex 3.21644 -3.07523 0
      vertex 2.92783 -3.35117 0
    endloop
  endfacet
  facet normal 0.309014 0.951058 -0
    outer loop
      vertex -1.18386 -4.28963 0
      vertex -1.56362 -4.16624 4.35
      vertex -1.18386 -4.28963 4.35
    endloop
  endfacet
  facet normal 0.309014 0.951058 0
    outer loop
      vertex -1.56362 -4.16624 4.35
      vertex -1.18386 -4.28963 0
      vertex -1.56362 -4.16624 0
    endloop
  endfacet
  facet normal -0 0 1
    outer loop
      vertex 3.04999 7.2 4.35
      vertex 8.04938 4.79999 4.35
      vertex 8.04938 7.98251 4.35
    endloop
  endfacet
  facet normal 0 0 1
    outer loop
      vertex 8.04938 4.79999 4.35
      vertex 3.04999 7.2 4.35
      vertex 3.04999 4.79999 4.35
    endloop
  endfacet
  facet normal -0 0 1
    outer loop
      vertex 9.64999 8.23304 4.35
      vertex 10.55 4.79999 4.35
      vertex 10.55 8.37391 4.35
    endloop
  endfacet
  facet normal 0 0 1
    outer loop
      vertex 10.55 4.79999 4.35
      vertex 9.64999 8.23304 4.35
      vertex 9.64999 4.79999 4.35
    endloop
  endfacet
  facet normal -0 0 -1
    outer loop
      vertex 9.64999 8.23304 4.35
      vertex 8.04938 7.98251 4.35
      vertex 9.64999 10 4.35
    endloop
  endfacet
  facet normal 0 0 -1
    outer loop
      vertex 10.6906 11.342 4.35
      vertex 11.082 11.6497 4.35
      vertex 11.0051 11.5416 4.35
    endloop
  endfacet
  facet normal 0 0 -1
    outer loop
      vertex 10.2801 10.9785 4.35
      vertex 10.6906 11.342 4.35
      vertex 10.5882 11.1878 4.35
    endloop
  endfacet
  facet normal 0 0 -1
    outer loop
      vertex 9.88116 10.6022 4.35
      vertex 10.2801 10.9785 4.35
      vertex 10.1825 10.8212 4.35
    endloop
  endfacet
  facet normal 0 0 -1
    outer loop
      vertex 8.04938 11.936 4.35
      vertex 9.64999 10 4.35
      vertex 8.04938 7.98251 4.35
    endloop
  endfacet
  facet normal 0 0 -1
    outer loop
      vertex 9.64999 10 4.35
      vertex 8.04938 11.936 4.35
      vertex 9.69403 10.2781 4.35
    endloop
  endfacet
  facet normal 0 0 -1
    outer loop
      vertex 10.6906 11.342 4.35
      vertex 8.04938 11.936 4.35
      vertex 11.082 11.6497 4.35
    endloop
  endfacet
  facet normal 0 0 -1
    outer loop
      vertex 10.2801 10.9785 4.35
      vertex 8.04938 11.936 4.35
      vertex 10.6906 11.342 4.35
    endloop
  endfacet
  facet normal 0 0 -1
    outer loop
      vertex 9.88116 10.6022 4.35
      vertex 8.04938 11.936 4.35
      vertex 10.2801 10.9785 4.35
    endloop
  endfacet
  facet normal 0 0 -1
    outer loop
      vertex 9.69403 10.2781 4.35
      vertex 8.04938 11.936 4.35
      vertex 9.88116 10.6022 4.35
    endloop
  endfacet
  facet normal 0 0 -1
    outer loop
      vertex 8.04938 3.89999 4.35
      vertex 9.64999 4.79999 4.35
      vertex 9.64999 3.89999 4.35
    endloop
  endfacet
  facet normal -0 0 -1
    outer loop
      vertex 9.64999 4.79999 4.35
      vertex 8.04938 3.89999 4.35
      vertex 8.04938 4.79999 4.35
    endloop
  endfacet
  facet normal -0 0 1
    outer loop
      vertex -8.04938 -0.0995636 4.35
      vertex -4.44552 -0.199648 4.35
      vertex -4.44552 14.14 4.35
    endloop
  endfacet
  facet normal 0 0 1
    outer loop
      vertex -8.04938 -0.0995636 4.35
      vertex -4.44552 14.14 4.35
      vertex -4.7567 14.3514 4.35
    endloop
  endfacet
  facet normal 0 -0 1
    outer loop
      vertex -8.03461 -0.497514 4.35
      vertex -4.44552 -0.199648 4.35
      vertex -8.04938 -0.0995636 4.35
    endloop
  endfacet
  facet normal 0 0 1
    outer loop
      vertex -8.04938 -0.0995636 4.35
      vertex -4.7567 14.3514 4.35
      vertex -5.07476 14.5908 4.35
    endloop
  endfacet
  facet normal 0 0 1
    outer loop
      vertex -4.44552 -0.199648 4.35
      vertex -4.98566 -6.32026 4.35
      vertex -4.667 -6.55909 4.35
    endloop
  endfacet
  facet normal 0 0 1
    outer loop
      vertex -8.04938 -0.0995636 4.35
      vertex -5.07476 14.5908 4.35
      vertex -5.38079 14.8455 4.35
    endloop
  endfacet
  facet normal 0 0 1
    outer loop
      vertex -4.44552 -0.199648 4.35
      vertex -5.29212 -6.06597 4.35
      vertex -4.98566 -6.32026 4.35
    endloop
  endfacet
  facet normal 0 0 1
    outer loop
      vertex -8.04938 -0.0995636 4.35
      vertex -5.38079 14.8455 4.35
      vertex -5.67406 15.1148 4.35
    endloop
  endfacet
  facet normal 0 0 1
    outer loop
      vertex -4.44552 -0.199648 4.35
      vertex -5.58563 -5.79683 4.35
      vertex -5.29212 -6.06597 4.35
    endloop
  endfacet
  facet normal 0 0 1
    outer loop
      vertex -8.04938 -0.0995636 4.35
      vertex -5.67406 15.1148 4.35
      vertex -5.95386 15.398 4.35
    endloop
  endfacet
  facet normal 0 0 1
    outer loop
      vertex -4.44552 -0.199648 4.35
      vertex -5.86547 -5.51351 4.35
      vertex -5.58563 -5.79683 4.35
    endloop
  endfacet
  facet normal 0 0 1
    outer loop
      vertex -8.04938 -0.0995636 4.35
      vertex -5.95386 15.398 4.35
      vertex -6.21955 15.6945 4.35
    endloop
  endfacet
  facet normal 0 0 1
    outer loop
      vertex -4.44552 -0.199648 4.35
      vertex -6.13096 -5.21669 4.35
      vertex -5.86547 -5.51351 4.35
    endloop
  endfacet
  facet normal 0 0 1
    outer loop
      vertex -8.04938 -0.0995636 4.35
      vertex -6.21955 15.6945 4.35
      vertex -6.47048 16.0037 4.35
    endloop
  endfacet
  facet normal 0 0 1
    outer loop
      vertex -4.44552 -0.199648 4.35
      vertex -6.38144 -4.90711 4.35
      vertex -6.13096 -5.21669 4.35
    endloop
  endfacet
  facet normal 0 0 1
    outer loop
      vertex -8.04938 -0.0995636 4.35
      vertex -6.47048 16.0037 4.35
      vertex -6.70607 16.3246 4.35
    endloop
  endfacet
  facet normal 0 0 1
    outer loop
      vertex -4.44552 -0.199648 4.35
      vertex -6.61631 -4.58552 4.35
      vertex -6.38144 -4.90711 4.35
    endloop
  endfacet
  facet normal 0 0 1
    outer loop
      vertex -8.04938 -0.0995636 4.35
      vertex -6.70607 16.3246 4.35
      vertex -6.92575 16.6567 4.35
    endloop
  endfacet
  facet normal 0 0 1
    outer loop
      vertex -4.44552 -0.199648 4.35
      vertex -6.83498 -4.25271 4.35
      vertex -6.61631 -4.58552 4.35
    endloop
  endfacet
  facet normal 0 0 1
    outer loop
      vertex -8.04938 -0.0995636 4.35
      vertex -6.92575 16.6567 4.35
      vertex -7.129 16.999 4.35
    endloop
  endfacet
  facet normal 0 0 1
    outer loop
      vertex -4.44552 -0.199648 4.35
      vertex -7.03693 -3.90949 4.35
      vertex -6.83498 -4.25271 4.35
    endloop
  endfacet
  facet normal 0 0 1
    outer loop
      vertex -8.04938 -0.0995636 4.35
      vertex -7.129 16.999 4.35
      vertex -7.31535 17.3508 4.35
    endloop
  endfacet
  facet normal 0 0 1
    outer loop
      vertex -4.44552 -0.199648 4.35
      vertex -7.22166 -3.5567 4.35
      vertex -7.03693 -3.90949 4.35
    endloop
  endfacet
  facet normal 0 0 1
    outer loop
      vertex -8.04938 -0.0995636 4.35
      vertex -7.31535 17.3508 4.35
      vertex -7.48434 17.7113 4.35
    endloop
  endfacet
  facet normal 0 0 1
    outer loop
      vertex -4.44552 -0.199648 4.35
      vertex -7.38871 -3.19521 4.35
      vertex -7.22166 -3.5567 4.35
    endloop
  endfacet
  facet normal 0 0 1
    outer loop
      vertex -8.04938 -0.0995636 4.35
      vertex -7.48434 17.7113 4.35
      vertex -7.63558 18.0796 4.35
    endloop
  endfacet
  facet normal 0 0 1
    outer loop
      vertex -4.44552 -0.199648 4.35
      vertex -7.53769 -2.8259 4.35
      vertex -7.38871 -3.19521 4.35
    endloop
  endfacet
  facet normal 0 0 1
    outer loop
      vertex -8.04938 -0.0995636 4.35
      vertex -7.63558 18.0796 4.35
      vertex -7.76871 18.4549 4.35
    endloop
  endfacet
  facet normal 0 0 1
    outer loop
      vertex -4.44552 -0.199648 4.35
      vertex -7.66822 -2.44968 4.35
      vertex -7.53769 -2.8259 4.35
    endloop
  endfacet
  facet normal 0 0 1
    outer loop
      vertex -4.44552 -0.199648 4.35
      vertex -7.77998 -2.06746 4.35
      vertex -7.66822 -2.44968 4.35
    endloop
  endfacet
  facet normal 0 0 1
    outer loop
      vertex -8.04938 -0.0995636 4.35
      vertex -7.76871 18.4549 4.35
      vertex -7.88342 18.8361 4.35
    endloop
  endfacet
  facet normal 0 0 1
    outer loop
      vertex -4.44552 -0.199648 4.35
      vertex -7.8727 -1.68018 4.35
      vertex -7.77998 -2.06746 4.35
    endloop
  endfacet
  facet normal 0 0 1
    outer loop
      vertex -8.04938 -0.0995636 4.35
      vertex -7.88342 18.8361 4.35
      vertex -7.97942 19.2225 4.35
    endloop
  endfacet
  facet normal 0 0 1
    outer loop
      vertex -4.44552 -0.199648 4.35
      vertex -7.94616 -1.28879 4.35
      vertex -7.8727 -1.68018 4.35
    endloop
  endfacet
  facet normal 0 0 1
    outer loop
      vertex -4.44552 -0.199648 4.35
      vertex -8.00018 -0.894246 4.35
      vertex -7.94616 -1.28879 4.35
    endloop
  endfacet
  facet normal 0 0 1
    outer loop
      vertex -8.04938 -0.0995636 4.35
      vertex -7.97942 19.2225 4.35
      vertex -8.04938 19.5771 4.35
    endloop
  endfacet
  facet normal 0 0 1
    outer loop
      vertex -4.44552 -0.199648 4.35
      vertex -8.03461 -0.497514 4.35
      vertex -8.00018 -0.894246 4.35
    endloop
  endfacet
  facet normal -0 0 1
    outer loop
      vertex 4.44552 3.89999 4.35
      vertex 8.04938 -0.0995636 4.35
      vertex 8.04938 3.89999 4.35
    endloop
  endfacet
  facet normal 0 0 1
    outer loop
      vertex 8.04938 -0.0995636 4.35
      vertex 4.44552 -0.199648 4.35
      vertex 8.03461 -0.497514 4.35
    endloop
  endfacet
  facet normal 0 0 1
    outer loop
      vertex 8.03461 -0.497514 4.35
      vertex 4.44552 -0.199648 4.35
      vertex 8.00018 -0.894246 4.35
    endloop
  endfacet
  facet normal -0 0 1
    outer loop
      vertex 4.40973 -0.597338 4.35
      vertex 8.00018 -0.894246 4.35
      vertex 4.44552 -0.199648 4.35
    endloop
  endfacet
  facet normal 0 0 1
    outer loop
      vertex 8.00018 -0.894246 4.35
      vertex 4.40973 -0.597338 4.35
      vertex 7.94616 -1.28879 4.35
    endloop
  endfacet
  facet normal -0 0 1
    outer loop
      vertex 4.33843 -0.990217 4.35
      vertex 7.94616 -1.28879 4.35
      vertex 4.40973 -0.597338 4.35
    endloop
  endfacet
  facet normal 0 0 1
    outer loop
      vertex 7.94616 -1.28879 4.35
      vertex 4.33843 -0.990217 4.35
      vertex 7.8727 -1.68018 4.35
    endloop
  endfacet
  facet normal 0 0 1
    outer loop
      vertex 7.8727 -1.68018 4.35
      vertex 4.33843 -0.990217 4.35
      vertex 7.77998 -2.06746 4.35
    endloop
  endfacet
  facet normal -0 0 1
    outer loop
      vertex 4.2322 -1.37512 4.35
      vertex 7.77998 -2.06746 4.35
      vertex 4.33843 -0.990217 4.35
    endloop
  endfacet
  facet normal 0 0 1
    outer loop
      vertex 7.77998 -2.06746 4.35
      vertex 4.2322 -1.37512 4.35
      vertex 7.66822 -2.44968 4.35
    endloop
  endfacet
  facet normal 0 0 1
    outer loop
      vertex 7.66822 -2.44968 4.35
      vertex 4.2322 -1.37512 4.35
      vertex 7.53769 -2.8259 4.35
    endloop
  endfacet
  facet normal -0 0 1
    outer loop
      vertex 4.0919 -1.74896 4.35
      vertex 7.53769 -2.8259 4.35
      vertex 4.2322 -1.37512 4.35
    endloop
  endfacet
  facet normal 0 0 1
    outer loop
      vertex 7.53769 -2.8259 4.35
      vertex 4.0919 -1.74896 4.35
      vertex 7.38871 -3.19521 4.35
    endloop
  endfacet
  facet normal -0 0 1
    outer loop
      vertex 3.91865 -2.10872 4.35
      vertex 7.22166 -3.5567 4.35
      vertex 4.0919 -1.74896 4.35
    endloop
  endfacet
  facet normal 0 0 1
    outer loop
      vertex 7.22166 -3.5567 4.35
      vertex 3.91865 -2.10872 4.35
      vertex 7.03693 -3.90949 4.35
    endloop
  endfacet
  facet normal 0 0 1
    outer loop
      vertex 7.03693 -3.90949 4.35
      vertex 3.91865 -2.10872 4.35
      vertex 6.83498 -4.25271 4.35
    endloop
  endfacet
  facet normal 0 0 1
    outer loop
      vertex 6.83498 -4.25271 4.35
      vertex 3.71385 -2.45149 4.35
      vertex 6.61631 -4.58552 4.35
    endloop
  endfacet
  facet normal 0 0 1
    outer loop
      vertex 6.61631 -4.58552 4.35
      vertex 3.71385 -2.45149 4.35
      vertex 6.38144 -4.90711 4.35
    endloop
  endfacet
  facet normal -0 0 1
    outer loop
      vertex 3.47915 -2.77453 4.35
      vertex 6.38144 -4.90711 4.35
      vertex 3.71385 -2.45149 4.35
    endloop
  endfacet
  facet normal 0 0 1
    outer loop
      vertex 8.04938 -0.0995636 4.35
      vertex 4.44552 3.89999 4.35
      vertex 4.44552 -0.199648 4.35
    endloop
  endfacet
  facet normal 0 0 1
    outer loop
      vertex 7.38871 -3.19521 4.35
      vertex 4.0919 -1.74896 4.35
      vertex 7.22166 -3.5567 4.35
    endloop
  endfacet
  facet normal -0 0 1
    outer loop
      vertex 3.71385 -2.45149 4.35
      vertex 6.83498 -4.25271 4.35
      vertex 3.91865 -2.10872 4.35
    endloop
  endfacet
  facet normal 0 0 1
    outer loop
      vertex 6.38144 -4.90711 4.35
      vertex 3.47915 -2.77453 4.35
      vertex 6.13096 -5.21669 4.35
    endloop
  endfacet
  facet normal -0 0 1
    outer loop
      vertex 3.21644 -3.07523 4.35
      vertex 6.13096 -5.21669 4.35
      vertex 3.47915 -2.77453 4.35
    endloop
  endfacet
  facet normal 0 0 1
    outer loop
      vertex 6.13096 -5.21669 4.35
      vertex 3.21644 -3.07523 4.35
      vertex 5.86547 -5.51351 4.35
    endloop
  endfacet
  facet normal 0 0 1
    outer loop
      vertex 5.86547 -5.51351 4.35
      vertex 3.21644 -3.07523 4.35
      vertex 5.58563 -5.79683 4.35
    endloop
  endfacet
  facet normal -0 0 1
    outer loop
      vertex 2.92783 -3.35117 4.35
      vertex 5.58563 -5.79683 4.35
      vertex 3.21644 -3.07523 4.35
    endloop
  endfacet
  facet normal 0 0 1
    outer loop
      vertex 5.58563 -5.79683 4.35
      vertex 2.92783 -3.35117 4.35
      vertex 5.29212 -6.06597 4.35
    endloop
  endfacet
  facet normal 0 0 1
    outer loop
      vertex 5.29212 -6.06597 4.35
      vertex 2.92783 -3.35117 4.35
      vertex 4.98566 -6.32026 4.35
    endloop
  endfacet
  facet normal -0 0 1
    outer loop
      vertex 2.61564 -3.60013 4.35
      vertex 4.98566 -6.32026 4.35
      vertex 2.92783 -3.35117 4.35
    endloop
  endfacet
  facet normal 0 0 1
    outer loop
      vertex 4.98566 -6.32026 4.35
      vertex 2.61564 -3.60013 4.35
      vertex 4.667 -6.55909 4.35
    endloop
  endfacet
  facet normal 0 0 1
    outer loop
      vertex 4.667 -6.55909 4.35
      vertex 2.61564 -3.60013 4.35
      vertex 4.33692 -6.78186 4.35
    endloop
  endfacet
  facet normal -0 0 1
    outer loop
      vertex 2.2824 -3.8201 4.35
      vertex 4.33692 -6.78186 4.35
      vertex 2.61564 -3.60013 4.35
    endloop
  endfacet
  facet normal 0 0 1
    outer loop
      vertex 4.33692 -6.78186 4.35
      vertex 2.2824 -3.8201 4.35
      vertex 3.99622 -6.98804 4.35
    endloop
  endfacet
  facet normal 0 0 1
    outer loop
      vertex 3.99622 -6.98804 4.35
      vertex 2.2824 -3.8201 4.35
      vertex 3.64575 -7.17712 4.35
    endloop
  endfacet
  facet normal -0 0 1
    outer loop
      vertex 1.93078 -4.00931 4.35
      vertex 3.64575 -7.17712 4.35
      vertex 2.2824 -3.8201 4.35
    endloop
  endfacet
  facet normal 0 0 1
    outer loop
      vertex 3.64575 -7.17712 4.35
      vertex 1.93078 -4.00931 4.35
      vertex 3.28635 -7.34863 4.35
    endloop
  endfacet
  facet normal -0 0 1
    outer loop
      vertex 1.56362 -4.16624 4.35
      vertex 3.28635 -7.34863 4.35
      vertex 1.93078 -4.00931 4.35
    endloop
  endfacet
  facet normal 0 0 1
    outer loop
      vertex 3.28635 -7.34863 4.35
      vertex 1.56362 -4.16624 4.35
      vertex 2.91891 -7.50216 4.35
    endloop
  endfacet
  facet normal 0 0 1
    outer loop
      vertex 2.91891 -7.50216 4.35
      vertex 1.56362 -4.16624 4.35
      vertex 2.54433 -7.63733 4.35
    endloop
  endfacet
  facet normal -0 0 1
    outer loop
      vertex 1.18386 -4.28963 4.35
      vertex 2.54433 -7.63733 4.35
      vertex 1.56362 -4.16624 4.35
    endloop
  endfacet
  facet normal 0 0 1
    outer loop
      vertex 2.54433 -7.63733 4.35
      vertex 1.18386 -4.28963 4.35
      vertex 2.16353 -7.75381 4.35
    endloop
  endfacet
  facet normal 0 0 1
    outer loop
      vertex 2.16353 -7.75381 4.35
      vertex 1.18386 -4.28963 4.35
      vertex 1.77742 -7.85132 4.35
    endloop
  endfacet
  facet normal -0 0 1
    outer loop
      vertex 0.794578 -4.37849 4.35
      vertex 1.77742 -7.85132 4.35
      vertex 1.18386 -4.28963 4.35
    endloop
  endfacet
  facet normal 0 0 1
    outer loop
      vertex 1.77742 -7.85132 4.35
      vertex 0.794578 -4.37849 4.35
      vertex 1.38697 -7.92962 4.35
    endloop
  endfacet
  facet normal 0 0 1
    outer loop
      vertex 1.38697 -7.92962 4.35
      vertex 0.794578 -4.37849 4.35
      vertex 0.993125 -7.9885 4.35
    endloop
  endfacet
  facet normal -0 0 1
    outer loop
      vertex 0.398894 -4.43209 4.35
      vertex 0.993125 -7.9885 4.35
      vertex 0.794578 -4.37849 4.35
    endloop
  endfacet
  facet normal 0 0 1
    outer loop
      vertex 0.993125 -7.9885 4.35
      vertex 0.398894 -4.43209 4.35
      vertex 0.596848 -8.02784 4.35
    endloop
  endfacet
  facet normal 0 0 1
    outer loop
      vertex 0.398894 -4.43209 4.35
      vertex 0.199112 -8.04754 4.35
      vertex 0.596848 -8.02784 4.35
    endloop
  endfacet
  facet normal -0 0 1
    outer loop
      vertex 0 -4.45 4.35
      vertex 0.199112 -8.04754 4.35
      vertex 0.398894 -4.43209 4.35
    endloop
  endfacet
  facet normal 0 0 1
    outer loop
      vertex 0 -4.45 4.35
      vertex -0.199112 -8.04754 4.35
      vertex 0.199112 -8.04754 4.35
    endloop
  endfacet
  facet normal 0 0 1
    outer loop
      vertex -0.398894 -4.43209 4.35
      vertex -0.199112 -8.04754 4.35
      vertex 0 -4.45 4.35
    endloop
  endfacet
  facet normal 0 0 1
    outer loop
      vertex -0.398894 -4.43209 4.35
      vertex -0.596848 -8.02784 4.35
      vertex -0.199112 -8.04754 4.35
    endloop
  endfacet
  facet normal 0 0 1
    outer loop
      vertex -0.993125 -7.9885 4.35
      vertex -0.398894 -4.43209 4.35
      vertex -0.794578 -4.37849 4.35
    endloop
  endfacet
  facet normal 0 0 1
    outer loop
      vertex -0.398894 -4.43209 4.35
      vertex -0.993125 -7.9885 4.35
      vertex -0.596848 -8.02784 4.35
    endloop
  endfacet
  facet normal 0 0 1
    outer loop
      vertex -1.77742 -7.85132 4.35
      vertex -0.794578 -4.37849 4.35
      vertex -1.18386 -4.28963 4.35
    endloop
  endfacet
  facet normal 0 0 1
    outer loop
      vertex -0.794578 -4.37849 4.35
      vertex -1.38697 -7.92962 4.35
      vertex -0.993125 -7.9885 4.35
    endloop
  endfacet
  facet normal 0 0 1
    outer loop
      vertex -2.54433 -7.63733 4.35
      vertex -1.18386 -4.28963 4.35
      vertex -1.56362 -4.16624 4.35
    endloop
  endfacet
  facet normal 0 0 1
    outer loop
      vertex -0.794578 -4.37849 4.35
      vertex -1.77742 -7.85132 4.35
      vertex -1.38697 -7.92962 4.35
    endloop
  endfacet
  facet normal 0 0 1
    outer loop
      vertex -3.28635 -7.34863 4.35
      vertex -1.56362 -4.16624 4.35
      vertex -1.93078 -4.00931 4.35
    endloop
  endfacet
  facet normal 0 0 1
    outer loop
      vertex -1.18386 -4.28963 4.35
      vertex -2.16353 -7.75381 4.35
      vertex -1.77742 -7.85132 4.35
    endloop
  endfacet
  facet normal 0 0 1
    outer loop
      vertex -3.64575 -7.17712 4.35
      vertex -1.93078 -4.00931 4.35
      vertex -2.2824 -3.8201 4.35
    endloop
  endfacet
  facet normal 0 0 1
    outer loop
      vertex -1.18386 -4.28963 4.35
      vertex -2.54433 -7.63733 4.35
      vertex -2.16353 -7.75381 4.35
    endloop
  endfacet
  facet normal 0 0 1
    outer loop
      vertex -4.33692 -6.78186 4.35
      vertex -2.2824 -3.8201 4.35
      vertex -2.61564 -3.60013 4.35
    endloop
  endfacet
  facet normal 0 0 1
    outer loop
      vertex -1.56362 -4.16624 4.35
      vertex -2.91891 -7.50216 4.35
      vertex -2.54433 -7.63733 4.35
    endloop
  endfacet
  facet normal 0 0 1
    outer loop
      vertex -4.667 -6.55909 4.35
      vertex -2.61564 -3.60013 4.35
      vertex -2.92783 -3.35117 4.35
    endloop
  endfacet
  facet normal 0 0 1
    outer loop
      vertex -4.667 -6.55909 4.35
      vertex -2.92783 -3.35117 4.35
      vertex -3.21644 -3.07523 4.35
    endloop
  endfacet
  facet normal 0 0 1
    outer loop
      vertex -1.56362 -4.16624 4.35
      vertex -3.28635 -7.34863 4.35
      vertex -2.91891 -7.50216 4.35
    endloop
  endfacet
  facet normal 0 0 1
    outer loop
      vertex -4.667 -6.55909 4.35
      vertex -3.21644 -3.07523 4.35
      vertex -3.47915 -2.77453 4.35
    endloop
  endfacet
  facet normal 0 0 1
    outer loop
      vertex -1.93078 -4.00931 4.35
      vertex -3.64575 -7.17712 4.35
      vertex -3.28635 -7.34863 4.35
    endloop
  endfacet
  facet normal 0 0 1
    outer loop
      vertex -4.667 -6.55909 4.35
      vertex -3.47915 -2.77453 4.35
      vertex -3.71385 -2.45149 4.35
    endloop
  endfacet
  facet normal 0 0 1
    outer loop
      vertex -4.667 -6.55909 4.35
      vertex -3.71385 -2.45149 4.35
      vertex -3.91865 -2.10872 4.35
    endloop
  endfacet
  facet normal 0 0 1
    outer loop
      vertex -2.2824 -3.8201 4.35
      vertex -3.99622 -6.98804 4.35
      vertex -3.64575 -7.17712 4.35
    endloop
  endfacet
  facet normal 0 0 1
    outer loop
      vertex -4.667 -6.55909 4.35
      vertex -3.91865 -2.10872 4.35
      vertex -4.0919 -1.74896 4.35
    endloop
  endfacet
  facet normal 0 0 1
    outer loop
      vertex -4.667 -6.55909 4.35
      vertex -4.0919 -1.74896 4.35
      vertex -4.2322 -1.37512 4.35
    endloop
  endfacet
  facet normal 0 0 1
    outer loop
      vertex -2.2824 -3.8201 4.35
      vertex -4.33692 -6.78186 4.35
      vertex -3.99622 -6.98804 4.35
    endloop
  endfacet
  facet normal 0 0 1
    outer loop
      vertex -4.667 -6.55909 4.35
      vertex -4.2322 -1.37512 4.35
      vertex -4.33843 -0.990217 4.35
    endloop
  endfacet
  facet normal 0 0 1
    outer loop
      vertex -4.667 -6.55909 4.35
      vertex -4.33843 -0.990217 4.35
      vertex -4.40973 -0.597338 4.35
    endloop
  endfacet
  facet normal 0 0 1
    outer loop
      vertex -4.667 -6.55909 4.35
      vertex -4.40973 -0.597338 4.35
      vertex -4.44552 -0.199648 4.35
    endloop
  endfacet
  facet normal 0 0 1
    outer loop
      vertex -2.61564 -3.60013 4.35
      vertex -4.667 -6.55909 4.35
      vertex -4.33692 -6.78186 4.35
    endloop
  endfacet
  facet normal 0 0 -1
    outer loop
      vertex -8.04938 19.5771 4.35
      vertex -8.0565 19.6131 4.35
      vertex -8.04938 20.9004 4.35
    endloop
  endfacet
  facet normal 0 0 -1
    outer loop
      vertex 8.04938 20.9004 4.35
      vertex 8.175 21 4.35
      vertex 8.1653 20.602 4.35
    endloop
  endfacet
  facet normal 0 0 -1
    outer loop
      vertex 8.04938 20.9004 4.35
      vertex 8.1653 20.602 4.35
      vertex 8.13624 20.2049 4.35
    endloop
  endfacet
  facet normal 0 0 -1
    outer loop
      vertex 8.04446 21.2986 4.35
      vertex 8.175 21 4.35
      vertex 8.04938 20.9004 4.35
    endloop
  endfacet
  facet normal 0 0 -1
    outer loop
      vertex 8.04938 20.9004 4.35
      vertex 8.13624 20.2049 4.35
      vertex 8.08788 19.8097 4.35
    endloop
  endfacet
  facet normal 0 0 -1
    outer loop
      vertex 8.175 21 4.35
      vertex 8.04446 21.2986 4.35
      vertex 8.1653 21.398 4.35
    endloop
  endfacet
  facet normal 0 0 -1
    outer loop
      vertex 8.04938 20.9004 4.35
      vertex 8.08788 19.8097 4.35
      vertex 8.04938 19.5861 4.35
    endloop
  endfacet
  facet normal 0 0 -1
    outer loop
      vertex 8.01985 21.6961 4.35
      vertex 8.1653 21.398 4.35
      vertex 8.04446 21.2986 4.35
    endloop
  endfacet
  facet normal 0 0 -1
    outer loop
      vertex 8.1653 21.398 4.35
      vertex 8.01985 21.6961 4.35
      vertex 8.13624 21.7951 4.35
    endloop
  endfacet
  facet normal 0 0 -1
    outer loop
      vertex 7.97561 22.0919 4.35
      vertex 8.13624 21.7951 4.35
      vertex 8.01985 21.6961 4.35
    endloop
  endfacet
  facet normal 0 0 -1
    outer loop
      vertex 8.13624 21.7951 4.35
      vertex 7.97561 22.0919 4.35
      vertex 8.08788 22.1903 4.35
    endloop
  endfacet
  facet normal 0 0 -1
    outer loop
      vertex 7.91185 22.4849 4.35
      vertex 8.08788 22.1903 4.35
      vertex 7.97561 22.0919 4.35
    endloop
  endfacet
  facet normal 0 0 -1
    outer loop
      vertex 8.08788 22.1903 4.35
      vertex 7.91185 22.4849 4.35
      vertex 8.02034 22.5827 4.35
    endloop
  endfacet
  facet normal 0 0 -1
    outer loop
      vertex 7.82874 22.8744 4.35
      vertex 8.02034 22.5827 4.35
      vertex 7.91185 22.4849 4.35
    endloop
  endfacet
  facet normal 0 0 -1
    outer loop
      vertex 8.02034 22.5827 4.35
      vertex 7.82874 22.8744 4.35
      vertex 7.93377 22.9713 4.35
    endloop
  endfacet
  facet normal 0 0 -1
    outer loop
      vertex 7.72646 23.2593 4.35
      vertex 7.93377 22.9713 4.35
      vertex 7.82874 22.8744 4.35
    endloop
  endfacet
  facet normal 0 0 -1
    outer loop
      vertex 7.93377 22.9713 4.35
      vertex 7.72646 23.2593 4.35
      vertex 7.82838 23.3552 4.35
    endloop
  endfacet
  facet normal 0 0 -1
    outer loop
      vertex 7.60528 23.6386 4.35
      vertex 7.82838 23.3552 4.35
      vertex 7.72646 23.2593 4.35
    endloop
  endfacet
  facet normal 0 0 -1
    outer loop
      vertex 7.82838 23.3552 4.35
      vertex 7.60528 23.6386 4.35
      vertex 7.70443 23.7336 4.35
    endloop
  endfacet
  facet normal 0 0 -1
    outer loop
      vertex 7.46549 24.0115 4.35
      vertex 7.70443 23.7336 4.35
      vertex 7.60528 23.6386 4.35
    endloop
  endfacet
  facet normal 0 0 -1
    outer loop
      vertex 7.70443 23.7336 4.35
      vertex 7.46549 24.0115 4.35
      vertex 7.5622 24.1054 4.35
    endloop
  endfacet
  facet normal 0 0 -1
    outer loop
      vertex 7.30742 24.377 4.35
      vertex 7.5622 24.1054 4.35
      vertex 7.46549 24.0115 4.35
    endloop
  endfacet
  facet normal 0 0 -1
    outer loop
      vertex 7.5622 24.1054 4.35
      vertex 7.30742 24.377 4.35
      vertex 7.40204 24.4699 4.35
    endloop
  endfacet
  facet normal 0 0 -1
    outer loop
      vertex 7.13148 24.7342 4.35
      vertex 7.40204 24.4699 4.35
      vertex 7.30742 24.377 4.35
    endloop
  endfacet
  facet normal 0 0 -1
    outer loop
      vertex 7.40204 24.4699 4.35
      vertex 7.13148 24.7342 4.35
      vertex 7.22432 24.8262 4.35
    endloop
  endfacet
  facet normal 0 0 -1
    outer loop
      vertex 6.93808 25.0823 4.35
      vertex 7.22432 24.8262 4.35
      vertex 7.13148 24.7342 4.35
    endloop
  endfacet
  facet normal 0 0 -1
    outer loop
      vertex 7.22432 24.8262 4.35
      vertex 6.93808 25.0823 4.35
      vertex 7.02946 25.1734 4.35
    endloop
  endfacet
  facet normal 0 0 -1
    outer loop
      vertex 6.7277 25.4205 4.35
      vertex 7.02946 25.1734 4.35
      vertex 6.93808 25.0823 4.35
    endloop
  endfacet
  facet normal 0 0 -1
    outer loop
      vertex 7.02946 25.1734 4.35
      vertex 6.7277 25.4205 4.35
      vertex 6.81793 25.5107 4.35
    endloop
  endfacet
  facet normal 0 0 -1
    outer loop
      vertex 6.50086 25.7478 4.35
      vertex 6.81793 25.5107 4.35
      vertex 6.7277 25.4205 4.35
    endloop
  endfacet
  facet normal 0 0 -1
    outer loop
      vertex 6.81793 25.5107 4.35
      vertex 6.50086 25.7478 4.35
      vertex 6.59023 25.8373 4.35
    endloop
  endfacet
  facet normal 0 0 -1
    outer loop
      vertex 6.25811 26.0634 4.35
      vertex 6.59023 25.8373 4.35
      vertex 6.50086 25.7478 4.35
    endloop
  endfacet
  facet normal 0 0 -1
    outer loop
      vertex 6.59023 25.8373 4.35
      vertex 6.25811 26.0634 4.35
      vertex 6.3469 26.1524 4.35
    endloop
  endfacet
  facet normal 0 0 -1
    outer loop
      vertex 6.00005 26.3667 4.35
      vertex 6.3469 26.1524 4.35
      vertex 6.25811 26.0634 4.35
    endloop
  endfacet
  facet normal 0 0 -1
    outer loop
      vertex 6.3469 26.1524 4.35
      vertex 6.00005 26.3667 4.35
      vertex 6.08851 26.4553 4.35
    endloop
  endfacet
  facet normal 0 0 -1
    outer loop
      vertex 5.7273 26.6569 4.35
      vertex 6.08851 26.4553 4.35
      vertex 6.00005 26.3667 4.35
    endloop
  endfacet
  facet normal 0 0 -1
    outer loop
      vertex 6.08851 26.4553 4.35
      vertex 5.7273 26.6569 4.35
      vertex 5.81568 26.7453 4.35
    endloop
  endfacet
  facet normal 0 0 -1
    outer loop
      vertex 5.7273 26.6569 4.35
      vertex 5.52906 27.0216 4.35
      vertex 5.81568 26.7453 4.35
    endloop
  endfacet
  facet normal 0 0 -1
    outer loop
      vertex 5.44054 26.9332 4.35
      vertex 5.52906 27.0216 4.35
      vertex 5.7273 26.6569 4.35
    endloop
  endfacet
  facet normal 0 0 -1
    outer loop
      vertex 5.44054 26.9332 4.35
      vertex 5.22933 27.2837 4.35
      vertex 5.52906 27.0216 4.35
    endloop
  endfacet
  facet normal 0 0 -1
    outer loop
      vertex 5.14046 27.195 4.35
      vertex 5.22933 27.2837 4.35
      vertex 5.44054 26.9332 4.35
    endloop
  endfacet
  facet normal 0 0 -1
    outer loop
      vertex 5.14046 27.195 4.35
      vertex 4.91719 27.5308 4.35
      vertex 5.22933 27.2837 4.35
    endloop
  endfacet
  facet normal 0 0 -1
    outer loop
      vertex 4.82781 27.4416 4.35
      vertex 4.91719 27.5308 4.35
      vertex 5.14046 27.195 4.35
    endloop
  endfacet
  facet normal 0 0 -1
    outer loop
      vertex 4.82781 27.4416 4.35
      vertex 4.59338 27.7625 4.35
      vertex 4.91719 27.5308 4.35
    endloop
  endfacet
  facet normal 0 0 -1
    outer loop
      vertex 4.50334 27.6725 4.35
      vertex 4.59338 27.7625 4.35
      vertex 4.82781 27.4416 4.35
    endloop
  endfacet
  facet normal 0 0 -1
    outer loop
      vertex 4.50334 27.6725 4.35
      vertex 4.25869 27.9781 4.35
      vertex 4.59338 27.7625 4.35
    endloop
  endfacet
  facet normal 0 0 -1
    outer loop
      vertex 4.16785 27.8871 4.35
      vertex 4.25869 27.9781 4.35
      vertex 4.50334 27.6725 4.35
    endloop
  endfacet
  facet normal 0 0 -1
    outer loop
      vertex 4.16785 27.8871 4.35
      vertex 3.91389 28.1772 4.35
      vertex 4.25869 27.9781 4.35
    endloop
  endfacet
  facet normal 0 0 -1
    outer loop
      vertex 3.82215 28.0847 4.35
      vertex 3.91389 28.1772 4.35
      vertex 4.16785 27.8871 4.35
    endloop
  endfacet
  facet normal 0 0 -1
    outer loop
      vertex 3.82215 28.0847 4.35
      vertex 3.55981 28.3592 4.35
      vertex 3.91389 28.1772 4.35
    endloop
  endfacet
  facet normal 0 0 -1
    outer loop
      vertex 3.46711 28.2651 4.35
      vertex 3.55981 28.3592 4.35
      vertex 3.82215 28.0847 4.35
    endloop
  endfacet
  facet normal 0 0 -1
    outer loop
      vertex 3.46711 28.2651 4.35
      vertex 3.19728 28.5238 4.35
      vertex 3.55981 28.3592 4.35
    endloop
  endfacet
  facet normal 0 0 -1
    outer loop
      vertex 3.10358 28.4277 4.35
      vertex 3.19728 28.5238 4.35
      vertex 3.46711 28.2651 4.35
    endloop
  endfacet
  facet normal 0 0 -1
    outer loop
      vertex 3.10358 28.4277 4.35
      vertex 2.82717 28.6706 4.35
      vertex 3.19728 28.5238 4.35
    endloop
  endfacet
  facet normal 0 0 -1
    outer loop
      vertex 2.73246 28.5721 4.35
      vertex 2.82717 28.6706 4.35
      vertex 3.10358 28.4277 4.35
    endloop
  endfacet
  facet normal 0 0 -1
    outer loop
      vertex 2.73246 28.5721 4.35
      vertex 2.45036 28.7991 4.35
      vertex 2.82717 28.6706 4.35
    endloop
  endfacet
  facet normal 0 0 -1
    outer loop
      vertex 2.35465 28.6979 4.35
      vertex 2.45036 28.7991 4.35
      vertex 2.73246 28.5721 4.35
    endloop
  endfacet
  facet normal 0 0 -1
    outer loop
      vertex 2.35465 28.6979 4.35
      vertex 2.06773 28.9092 4.35
      vertex 2.45036 28.7991 4.35
    endloop
  endfacet
  facet normal 0 0 -1
    outer loop
      vertex 1.97108 28.805 4.35
      vertex 2.06773 28.9092 4.35
      vertex 2.35465 28.6979 4.35
    endloop
  endfacet
  facet normal 0 0 -1
    outer loop
      vertex 1.97108 28.805 4.35
      vertex 1.6802 29.0005 4.35
      vertex 2.06773 28.9092 4.35
    endloop
  endfacet
  facet normal 0 0 -1
    outer loop
      vertex 1.58268 28.8929 4.35
      vertex 1.6802 29.0005 4.35
      vertex 1.97108 28.805 4.35
    endloop
  endfacet
  facet normal 0 0 -1
    outer loop
      vertex 1.58268 28.8929 4.35
      vertex 1.28868 29.0728 4.35
      vertex 1.6802 29.0005 4.35
    endloop
  endfacet
  facet normal 0 0 -1
    outer loop
      vertex 1.19041 28.9615 4.35
      vertex 1.28868 29.0728 4.35
      vertex 1.58268 28.8929 4.35
    endloop
  endfacet
  facet normal 0 0 -1
    outer loop
      vertex 1.19041 28.9615 4.35
      vertex 0.894109 29.126 4.35
      vertex 1.28868 29.0728 4.35
    endloop
  endfacet
  facet normal 0 0 -1
    outer loop
      vertex 0.79523 29.0106 4.35
      vertex 0.894109 29.126 4.35
      vertex 1.19041 28.9615 4.35
    endloop
  endfacet
  facet normal 0 0 -1
    outer loop
      vertex 0.79523 29.0106 4.35
      vertex 0.497416 29.1599 4.35
      vertex 0.894109 29.126 4.35
    endloop
  endfacet
  facet normal 0 0 -1
    outer loop
      vertex 0.398102 29.0401 4.35
      vertex 0.497416 29.1599 4.35
      vertex 0.79523 29.0106 4.35
    endloop
  endfacet
  facet normal 0 0 -1
    outer loop
      vertex 0.398102 29.0401 4.35
      vertex 0.0995417 29.1744 4.35
      vertex 0.497416 29.1599 4.35
    endloop
  endfacet
  facet normal 0 0 -1
    outer loop
      vertex 0 29.05 4.35
      vertex 0.0995417 29.1744 4.35
      vertex 0.398102 29.0401 4.35
    endloop
  endfacet
  facet normal 0 0 -1
    outer loop
      vertex 0 29.05 4.35
      vertex -0.298567 29.1695 4.35
      vertex 0.0995417 29.1744 4.35
    endloop
  endfacet
  facet normal 0 0 -1
    outer loop
      vertex -0.398102 29.0401 4.35
      vertex -0.298567 29.1695 4.35
      vertex 0 29.05 4.35
    endloop
  endfacet
  facet normal 0 0 -1
    outer loop
      vertex -0.398102 29.0401 4.35
      vertex -0.695969 29.1453 4.35
      vertex -0.298567 29.1695 4.35
    endloop
  endfacet
  facet normal 0 0 -1
    outer loop
      vertex -0.79523 29.0106 4.35
      vertex -0.695969 29.1453 4.35
      vertex -0.398102 29.0401 4.35
    endloop
  endfacet
  facet normal 0 0 -1
    outer loop
      vertex -0.79523 29.0106 4.35
      vertex -1.09172 29.1018 4.35
      vertex -0.695969 29.1453 4.35
    endloop
  endfacet
  facet normal 0 0 -1
    outer loop
      vertex -1.19041 28.9615 4.35
      vertex -1.09172 29.1018 4.35
      vertex -0.79523 29.0106 4.35
    endloop
  endfacet
  facet normal 0 0 -1
    outer loop
      vertex -1.19041 28.9615 4.35
      vertex -1.48488 29.039 4.35
      vertex -1.09172 29.1018 4.35
    endloop
  endfacet
  facet normal 0 0 -1
    outer loop
      vertex -1.58268 28.8929 4.35
      vertex -1.48488 29.039 4.35
      vertex -1.19041 28.9615 4.35
    endloop
  endfacet
  facet normal 0 0 -1
    outer loop
      vertex -1.58268 28.8929 4.35
      vertex -1.87452 28.9572 4.35
      vertex -1.48488 29.039 4.35
    endloop
  endfacet
  facet normal 0 0 -1
    outer loop
      vertex -1.97108 28.805 4.35
      vertex -1.87452 28.9572 4.35
      vertex -1.58268 28.8929 4.35
    endloop
  endfacet
  facet normal 0 0 -1
    outer loop
      vertex -1.97108 28.805 4.35
      vertex -2.25971 28.8565 4.35
      vertex -1.87452 28.9572 4.35
    endloop
  endfacet
  facet normal 0 0 -1
    outer loop
      vertex -2.35465 28.6979 4.35
      vertex -2.25971 28.8565 4.35
      vertex -1.97108 28.805 4.35
    endloop
  endfacet
  facet normal 0 0 -1
    outer loop
      vertex -2.35465 28.6979 4.35
      vertex -2.63955 28.7371 4.35
      vertex -2.25971 28.8565 4.35
    endloop
  endfacet
  facet normal 0 0 -1
    outer loop
      vertex -2.73246 28.5721 4.35
      vertex -2.63955 28.7371 4.35
      vertex -2.35465 28.6979 4.35
    endloop
  endfacet
  facet normal 0 0 -1
    outer loop
      vertex -2.73246 28.5721 4.35
      vertex -3.01312 28.5995 4.35
      vertex -2.63955 28.7371 4.35
    endloop
  endfacet
  facet normal 0 0 -1
    outer loop
      vertex -3.10358 28.4277 4.35
      vertex -3.01312 28.5995 4.35
      vertex -2.73246 28.5721 4.35
    endloop
  endfacet
  facet normal 0 0 -1
    outer loop
      vertex -3.10358 28.4277 4.35
      vertex -3.37955 28.4437 4.35
      vertex -3.01312 28.5995 4.35
    endloop
  endfacet
  facet normal 0 0 -1
    outer loop
      vertex -3.46711 28.2651 4.35
      vertex -3.37955 28.4437 4.35
      vertex -3.10358 28.4277 4.35
    endloop
  endfacet
  facet normal 0 0 -1
    outer loop
      vertex -3.46711 28.2651 4.35
      vertex -3.73796 28.2704 4.35
      vertex -3.37955 28.4437 4.35
    endloop
  endfacet
  facet normal 0 0 -1
    outer loop
      vertex -3.82215 28.0847 4.35
      vertex -3.73796 28.2704 4.35
      vertex -3.46711 28.2651 4.35
    endloop
  endfacet
  facet normal -0 0 -1
    outer loop
      vertex -3.82215 28.0847 4.35
      vertex -4.0875 28.0798 4.35
      vertex -3.73796 28.2704 4.35
    endloop
  endfacet
  facet normal 0 0 -1
    outer loop
      vertex -4.16785 27.8871 4.35
      vertex -4.0875 28.0798 4.35
      vertex -3.82215 28.0847 4.35
    endloop
  endfacet
  facet normal -0 0 -1
    outer loop
      vertex -4.16785 27.8871 4.35
      vertex -4.42735 27.8724 4.35
      vertex -4.0875 28.0798 4.35
    endloop
  endfacet
  facet normal 0 0 -1
    outer loop
      vertex -4.50334 27.6725 4.35
      vertex -4.42735 27.8724 4.35
      vertex -4.16785 27.8871 4.35
    endloop
  endfacet
  facet normal -0 0 -1
    outer loop
      vertex -4.50334 27.6725 4.35
      vertex -4.7567 27.6486 4.35
      vertex -4.42735 27.8724 4.35
    endloop
  endfacet
  facet normal 0 0 -1
    outer loop
      vertex -4.82781 27.4416 4.35
      vertex -4.7567 27.6486 4.35
      vertex -4.50334 27.6725 4.35
    endloop
  endfacet
  facet normal -0 0 -1
    outer loop
      vertex -4.82781 27.4416 4.35
      vertex -5.07476 27.4092 4.35
      vertex -4.7567 27.6486 4.35
    endloop
  endfacet
  facet normal 0 0 -1
    outer loop
      vertex -5.14046 27.195 4.35
      vertex -5.07476 27.4092 4.35
      vertex -4.82781 27.4416 4.35
    endloop
  endfacet
  facet normal -0 0 -1
    outer loop
      vertex -5.14046 27.195 4.35
      vertex -5.38079 27.1545 4.35
      vertex -5.07476 27.4092 4.35
    endloop
  endfacet
  facet normal 0 0 -1
    outer loop
      vertex -5.44054 26.9332 4.35
      vertex -5.38079 27.1545 4.35
      vertex -5.14046 27.195 4.35
    endloop
  endfacet
  facet normal -0 0 -1
    outer loop
      vertex -5.44054 26.9332 4.35
      vertex -5.67406 26.8852 4.35
      vertex -5.38079 27.1545 4.35
    endloop
  endfacet
  facet normal 0 0 -1
    outer loop
      vertex -5.7273 26.6569 4.35
      vertex -5.67406 26.8852 4.35
      vertex -5.44054 26.9332 4.35
    endloop
  endfacet
  facet normal -0 0 -1
    outer loop
      vertex -5.7273 26.6569 4.35
      vertex -5.95386 26.602 4.35
      vertex -5.67406 26.8852 4.35
    endloop
  endfacet
  facet normal 0 0 -1
    outer loop
      vertex -6.00005 26.3667 4.35
      vertex -5.95386 26.602 4.35
      vertex -5.7273 26.6569 4.35
    endloop
  endfacet
  facet normal -0 0 -1
    outer loop
      vertex -6.00005 26.3667 4.35
      vertex -6.21955 26.3055 4.35
      vertex -5.95386 26.602 4.35
    endloop
  endfacet
  facet normal 0 0 -1
    outer loop
      vertex -6.25811 26.0634 4.35
      vertex -6.21955 26.3055 4.35
      vertex -6.00005 26.3667 4.35
    endloop
  endfacet
  facet normal -0 0 -1
    outer loop
      vertex -6.25811 26.0634 4.35
      vertex -6.47048 25.9963 4.35
      vertex -6.21955 26.3055 4.35
    endloop
  endfacet
  facet normal 0 0 -1
    outer loop
      vertex -6.50086 25.7478 4.35
      vertex -6.47048 25.9963 4.35
      vertex -6.25811 26.0634 4.35
    endloop
  endfacet
  facet normal -0 0 -1
    outer loop
      vertex -6.50086 25.7478 4.35
      vertex -6.70607 25.6754 4.35
      vertex -6.47048 25.9963 4.35
    endloop
  endfacet
  facet normal 0 0 -1
    outer loop
      vertex -6.7277 25.4205 4.35
      vertex -6.70607 25.6754 4.35
      vertex -6.50086 25.7478 4.35
    endloop
  endfacet
  facet normal -0 0 -1
    outer loop
      vertex -6.7277 25.4205 4.35
      vertex -6.92575 25.3433 4.35
      vertex -6.70607 25.6754 4.35
    endloop
  endfacet
  facet normal 0 0 -1
    outer loop
      vertex -6.93808 25.0823 4.35
      vertex -6.92575 25.3433 4.35
      vertex -6.7277 25.4205 4.35
    endloop
  endfacet
  facet normal -0 0 -1
    outer loop
      vertex -6.93808 25.0823 4.35
      vertex -7.129 25.001 4.35
      vertex -6.92575 25.3433 4.35
    endloop
  endfacet
  facet normal 0 0 -1
    outer loop
      vertex -7.13148 24.7342 4.35
      vertex -7.129 25.001 4.35
      vertex -6.93808 25.0823 4.35
    endloop
  endfacet
  facet normal 0 0 -1
    outer loop
      vertex -7.31535 24.6492 4.35
      vertex -7.13148 24.7342 4.35
      vertex -7.30742 24.377 4.35
    endloop
  endfacet
  facet normal -0 0 -1
    outer loop
      vertex -7.13148 24.7342 4.35
      vertex -7.31535 24.6492 4.35
      vertex -7.129 25.001 4.35
    endloop
  endfacet
  facet normal 0 0 -1
    outer loop
      vertex -7.48434 24.2887 4.35
      vertex -7.30742 24.377 4.35
      vertex -7.46549 24.0115 4.35
    endloop
  endfacet
  facet normal -0 0 -1
    outer loop
      vertex -7.30742 24.377 4.35
      vertex -7.48434 24.2887 4.35
      vertex -7.31535 24.6492 4.35
    endloop
  endfacet
  facet normal 0 0 -1
    outer loop
      vertex -7.63558 23.9204 4.35
      vertex -7.46549 24.0115 4.35
      vertex -7.60528 23.6386 4.35
    endloop
  endfacet
  facet normal -0 0 -1
    outer loop
      vertex -7.46549 24.0115 4.35
      vertex -7.63558 23.9204 4.35
      vertex -7.48434 24.2887 4.35
    endloop
  endfacet
  facet normal 0 0 -1
    outer loop
      vertex -7.76871 23.5451 4.35
      vertex -7.60528 23.6386 4.35
      vertex -7.72646 23.2593 4.35
    endloop
  endfacet
  facet normal -0 0 -1
    outer loop
      vertex -7.60528 23.6386 4.35
      vertex -7.76871 23.5451 4.35
      vertex -7.63558 23.9204 4.35
    endloop
  endfacet
  facet normal 0 0 -1
    outer loop
      vertex -7.88342 23.1639 4.35
      vertex -7.72646 23.2593 4.35
      vertex -7.82874 22.8744 4.35
    endloop
  endfacet
  facet normal -0 0 -1
    outer loop
      vertex -7.72646 23.2593 4.35
      vertex -7.88342 23.1639 4.35
      vertex -7.76871 23.5451 4.35
    endloop
  endfacet
  facet normal 0 0 -1
    outer loop
      vertex -7.97942 22.7775 4.35
      vertex -7.82874 22.8744 4.35
      vertex -7.91185 22.4849 4.35
    endloop
  endfacet
  facet normal 0 0 -1
    outer loop
      vertex -8.0565 22.3869 4.35
      vertex -7.91185 22.4849 4.35
      vertex -7.97561 22.0919 4.35
    endloop
  endfacet
  facet normal -0 0 -1
    outer loop
      vertex -7.82874 22.8744 4.35
      vertex -7.97942 22.7775 4.35
      vertex -7.88342 23.1639 4.35
    endloop
  endfacet
  facet normal 0 0 -1
    outer loop
      vertex -8.11447 21.993 4.35
      vertex -7.97561 22.0919 4.35
      vertex -8.01985 21.6961 4.35
    endloop
  endfacet
  facet normal 0 0 -1
    outer loop
      vertex -8.15319 21.5967 4.35
      vertex -8.01985 21.6961 4.35
      vertex -8.04446 21.2986 4.35
    endloop
  endfacet
  facet normal -0 0 -1
    outer loop
      vertex -7.91185 22.4849 4.35
      vertex -8.0565 22.3869 4.35
      vertex -7.97942 22.7775 4.35
    endloop
  endfacet
  facet normal 0 0 -1
    outer loop
      vertex -8.17257 21.1991 4.35
      vertex -8.04446 21.2986 4.35
      vertex -8.04938 20.9004 4.35
    endloop
  endfacet
  facet normal 0 0 -1
    outer loop
      vertex -8.11447 20.007 4.35
      vertex -8.04938 20.9004 4.35
      vertex -8.0565 19.6131 4.35
    endloop
  endfacet
  facet normal 0 0 -1
    outer loop
      vertex -8.15319 20.4033 4.35
      vertex -8.04938 20.9004 4.35
      vertex -8.11447 20.007 4.35
    endloop
  endfacet
  facet normal -0 0 -1
    outer loop
      vertex -7.97561 22.0919 4.35
      vertex -8.11447 21.993 4.35
      vertex -8.0565 22.3869 4.35
    endloop
  endfacet
  facet normal 0 0 -1
    outer loop
      vertex -8.17257 20.8009 4.35
      vertex -8.04938 20.9004 4.35
      vertex -8.15319 20.4033 4.35
    endloop
  endfacet
  facet normal -0 0 -1
    outer loop
      vertex -8.01985 21.6961 4.35
      vertex -8.15319 21.5967 4.35
      vertex -8.11447 21.993 4.35
    endloop
  endfacet
  facet normal 0 0 -1
    outer loop
      vertex -8.17257 21.1991 4.35
      vertex -8.04938 20.9004 4.35
      vertex -8.17257 20.8009 4.35
    endloop
  endfacet
  facet normal -0 0 -1
    outer loop
      vertex -8.04446 21.2986 4.35
      vertex -8.17257 21.1991 4.35
      vertex -8.15319 21.5967 4.35
    endloop
  endfacet
  facet normal -0 0 1
    outer loop
      vertex 8.02034 19.4173 4.35
      vertex 8.04938 11.936 4.35
      vertex 8.04938 19.5861 4.35
    endloop
  endfacet
  facet normal -0 0 1
    outer loop
      vertex 7.93377 19.0287 4.35
      vertex 8.04938 11.936 4.35
      vertex 8.02034 19.4173 4.35
    endloop
  endfacet
  facet normal -0 0 1
    outer loop
      vertex 7.82838 18.6448 4.35
      vertex 8.04938 11.936 4.35
      vertex 7.93377 19.0287 4.35
    endloop
  endfacet
  facet normal -0 0 1
    outer loop
      vertex 7.70443 18.2664 4.35
      vertex 8.04938 11.936 4.35
      vertex 7.82838 18.6448 4.35
    endloop
  endfacet
  facet normal -0 0 1
    outer loop
      vertex 7.5622 17.8946 4.35
      vertex 8.04938 11.936 4.35
      vertex 7.70443 18.2664 4.35
    endloop
  endfacet
  facet normal -0 0 1
    outer loop
      vertex 7.40204 17.5301 4.35
      vertex 8.04938 11.936 4.35
      vertex 7.5622 17.8946 4.35
    endloop
  endfacet
  facet normal -0 0 1
    outer loop
      vertex 7.22432 17.1738 4.35
      vertex 8.04938 11.936 4.35
      vertex 7.40204 17.5301 4.35
    endloop
  endfacet
  facet normal -0 0 1
    outer loop
      vertex 7.02946 16.8266 4.35
      vertex 8.04938 11.936 4.35
      vertex 7.22432 17.1738 4.35
    endloop
  endfacet
  facet normal -0 0 1
    outer loop
      vertex 6.81793 16.4893 4.35
      vertex 8.04938 11.936 4.35
      vertex 7.02946 16.8266 4.35
    endloop
  endfacet
  facet normal -0 0 1
    outer loop
      vertex 6.59023 16.1627 4.35
      vertex 8.04938 11.936 4.35
      vertex 6.81793 16.4893 4.35
    endloop
  endfacet
  facet normal -0 0 1
    outer loop
      vertex 6.3469 15.8476 4.35
      vertex 8.04938 11.936 4.35
      vertex 6.59023 16.1627 4.35
    endloop
  endfacet
  facet normal -0 0 1
    outer loop
      vertex 6.08851 15.5447 4.35
      vertex 8.04938 11.936 4.35
      vertex 6.3469 15.8476 4.35
    endloop
  endfacet
  facet normal -0 0 1
    outer loop
      vertex 5.81568 15.2547 4.35
      vertex 8.04938 11.936 4.35
      vertex 6.08851 15.5447 4.35
    endloop
  endfacet
  facet normal -0 0 1
    outer loop
      vertex 5.52906 14.9784 4.35
      vertex 8.04938 11.936 4.35
      vertex 5.81568 15.2547 4.35
    endloop
  endfacet
  facet normal -0 0 1
    outer loop
      vertex 5.22933 14.7163 4.35
      vertex 8.04938 11.936 4.35
      vertex 5.52906 14.9784 4.35
    endloop
  endfacet
  facet normal -0 0 1
    outer loop
      vertex 4.91719 14.4692 4.35
      vertex 8.04938 11.936 4.35
      vertex 5.22933 14.7163 4.35
    endloop
  endfacet
  facet normal 0 0 1
    outer loop
      vertex 4.44552 12.2762 4.35
      vertex 4.91719 14.4692 4.35
      vertex 4.59338 14.2375 4.35
    endloop
  endfacet
  facet normal 0 0 1
    outer loop
      vertex 4.44552 12.2762 4.35
      vertex 4.59338 14.2375 4.35
      vertex 4.44552 14.1422 4.35
    endloop
  endfacet
  facet normal 0 0 1
    outer loop
      vertex 4.91719 14.4692 4.35
      vertex 4.44552 12.2762 4.35
      vertex 8.04938 11.936 4.35
    endloop
  endfacet
  facet normal 1 -0 0
    outer loop
      vertex -4.44552 -0.199648 4.35
      vertex -4.44552 14.14 0
      vertex -4.44552 14.14 4.35
    endloop
  endfacet
  facet normal 1 0 0
    outer loop
      vertex -4.44552 14.14 0
      vertex -4.44552 -0.199648 4.35
      vertex -4.44552 -0.199648 0
    endloop
  endfacet
  facet normal -1 0 0
    outer loop
      vertex 4.44552 -0.199648 0
      vertex 4.44552 3.89999 4.35
      vertex 4.44552 3.89999 0
    endloop
  endfacet
  facet normal -1 -0 0
    outer loop
      vertex 4.44552 3.89999 4.35
      vertex 4.44552 -0.199648 0
      vertex 4.44552 -0.199648 4.35
    endloop
  endfacet
  facet normal -1 0 0
    outer loop
      vertex 4.44552 12.2762 0
      vertex 4.44552 14.1422 4.35
      vertex 4.44552 14.1422 0
    endloop
  endfacet
  facet normal -1 -0 0
    outer loop
      vertex 4.44552 14.1422 4.35
      vertex 4.44552 12.2762 0
      vertex 4.44552 12.2762 4.35
    endloop
  endfacet
  facet normal -0.90097 0.433881 0
    outer loop
      vertex 3.91865 -2.10872 0
      vertex 4.0919 -1.74896 4.35
      vertex 4.0919 -1.74896 0
    endloop
  endfacet
  facet normal -0.90097 0.433881 0
    outer loop
      vertex 4.0919 -1.74896 4.35
      vertex 3.91865 -2.10872 0
      vertex 3.91865 -2.10872 4.35
    endloop
  endfacet
  facet normal 0.623485 0.781835 -0
    outer loop
      vertex -2.61564 -3.60013 0
      vertex -2.92783 -3.35117 4.35
      vertex -2.61564 -3.60013 4.35
    endloop
  endfacet
  facet normal 0.623485 0.781835 0
    outer loop
      vertex -2.92783 -3.35117 4.35
      vertex -2.61564 -3.60013 0
      vertex -2.92783 -3.35117 0
    endloop
  endfacet
  facet normal -0.550897 0.834573 0
    outer loop
      vertex 2.61564 -3.60013 0
      vertex 2.2824 -3.8201 4.35
      vertex 2.61564 -3.60013 4.35
    endloop
  endfacet
  facet normal -0.550897 0.834573 0
    outer loop
      vertex 2.2824 -3.8201 4.35
      vertex 2.61564 -3.60013 0
      vertex 2.2824 -3.8201 0
    endloop
  endfacet
  facet normal -0.963961 0.266045 0
    outer loop
      vertex 4.2322 -1.37512 0
      vertex 4.33843 -0.990217 4.35
      vertex 4.33843 -0.990217 0
    endloop
  endfacet
  facet normal -0.963961 0.266045 0
    outer loop
      vertex 4.33843 -0.990217 4.35
      vertex 4.2322 -1.37512 0
      vertex 4.2322 -1.37512 4.35
    endloop
  endfacet
  facet normal 0.936239 0.351365 0
    outer loop
      vertex -4.0919 -1.74896 4.35
      vertex -4.2322 -1.37512 0
      vertex -4.2322 -1.37512 4.35
    endloop
  endfacet
  facet normal 0.936239 0.351365 0
    outer loop
      vertex -4.2322 -1.37512 0
      vertex -4.0919 -1.74896 4.35
      vertex -4.0919 -1.74896 0
    endloop
  endfacet
  facet normal 0.753076 0.657934 0
    outer loop
      vertex -3.21644 -3.07523 4.35
      vertex -3.47915 -2.77453 0
      vertex -3.47915 -2.77453 4.35
    endloop
  endfacet
  facet normal 0.753076 0.657934 0
    outer loop
      vertex -3.47915 -2.77453 0
      vertex -3.21644 -3.07523 4.35
      vertex -3.21644 -3.07523 0
    endloop
  endfacet
  facet normal 0.858444 0.512908 0
    outer loop
      vertex -3.71385 -2.45149 4.35
      vertex -3.91865 -2.10872 0
      vertex -3.91865 -2.10872 4.35
    endloop
  endfacet
  facet normal 0.858444 0.512908 0
    outer loop
      vertex -3.91865 -2.10872 0
      vertex -3.71385 -2.45149 4.35
      vertex -3.71385 -2.45149 0
    endloop
  endfacet
  facet normal 0.473859 0.880601 -0
    outer loop
      vertex -1.93078 -4.00931 0
      vertex -2.2824 -3.8201 4.35
      vertex -1.93078 -4.00931 4.35
    endloop
  endfacet
  facet normal 0.473859 0.880601 0
    outer loop
      vertex -2.2824 -3.8201 4.35
      vertex -1.93078 -4.00931 0
      vertex -2.2824 -3.8201 0
    endloop
  endfacet
  facet normal -0.134236 0.990949 0
    outer loop
      vertex 0.794578 -4.37849 0
      vertex 0.398894 -4.43209 4.35
      vertex 0.794578 -4.37849 4.35
    endloop
  endfacet
  facet normal -0.134236 0.990949 0
    outer loop
      vertex 0.398894 -4.43209 4.35
      vertex 0.794578 -4.37849 0
      vertex 0.398894 -4.43209 0
    endloop
  endfacet
  facet normal -0.222542 0.974923 0
    outer loop
      vertex 1.18386 -4.28963 0
      vertex 0.794578 -4.37849 4.35
      vertex 1.18386 -4.28963 4.35
    endloop
  endfacet
  facet normal -0.222542 0.974923 0
    outer loop
      vertex 0.794578 -4.37849 4.35
      vertex 1.18386 -4.28963 0
      vertex 0.794578 -4.37849 0
    endloop
  endfacet
  facet normal -0.393021 0.919529 0
    outer loop
      vertex 1.93078 -4.00931 0
      vertex 1.56362 -4.16624 4.35
      vertex 1.93078 -4.00931 4.35
    endloop
  endfacet
  facet normal -0.393021 0.919529 0
    outer loop
      vertex 1.56362 -4.16624 4.35
      vertex 1.93078 -4.00931 0
      vertex 1.56362 -4.16624 0
    endloop
  endfacet
  facet normal -0.473859 0.880601 0
    outer loop
      vertex 2.2824 -3.8201 0
      vertex 1.93078 -4.00931 4.35
      vertex 2.2824 -3.8201 4.35
    endloop
  endfacet
  facet normal -0.473859 0.880601 0
    outer loop
      vertex 1.93078 -4.00931 4.35
      vertex 2.2824 -3.8201 0
      vertex 1.93078 -4.00931 0
    endloop
  endfacet
  facet normal -0.80902 0.587781 0
    outer loop
      vertex 3.47915 -2.77453 0
      vertex 3.71385 -2.45149 4.35
      vertex 3.71385 -2.45149 0
    endloop
  endfacet
  facet normal -0.80902 0.587781 0
    outer loop
      vertex 3.71385 -2.45149 4.35
      vertex 3.47915 -2.77453 0
      vertex 3.47915 -2.77453 4.35
    endloop
  endfacet
  facet normal -0.983928 0.178564 0
    outer loop
      vertex 4.33843 -0.990217 0
      vertex 4.40973 -0.597338 4.35
      vertex 4.40973 -0.597338 0
    endloop
  endfacet
  facet normal -0.983928 0.178564 0
    outer loop
      vertex 4.40973 -0.597338 4.35
      vertex 4.33843 -0.990217 0
      vertex 4.33843 -0.990217 4.35
    endloop
  endfacet
  facet normal 0.963961 0.266045 0
    outer loop
      vertex -4.2322 -1.37512 4.35
      vertex -4.33843 -0.990217 0
      vertex -4.33843 -0.990217 4.35
    endloop
  endfacet
  facet normal 0.963961 0.266045 0
    outer loop
      vertex -4.33843 -0.990217 0
      vertex -4.2322 -1.37512 4.35
      vertex -4.2322 -1.37512 0
    endloop
  endfacet
  facet normal 0.90097 0.433881 0
    outer loop
      vertex -3.91865 -2.10872 4.35
      vertex -4.0919 -1.74896 0
      vertex -4.0919 -1.74896 4.35
    endloop
  endfacet
  facet normal 0.90097 0.433881 0
    outer loop
      vertex -4.0919 -1.74896 0
      vertex -3.91865 -2.10872 4.35
      vertex -3.91865 -2.10872 0
    endloop
  endfacet
  facet normal 0.691063 0.722794 -0
    outer loop
      vertex -2.92783 -3.35117 0
      vertex -3.21644 -3.07523 4.35
      vertex -2.92783 -3.35117 4.35
    endloop
  endfacet
  facet normal 0.691063 0.722794 0
    outer loop
      vertex -3.21644 -3.07523 4.35
      vertex -2.92783 -3.35117 0
      vertex -3.21644 -3.07523 0
    endloop
  endfacet
  facet normal 0.80902 0.587781 0
    outer loop
      vertex -3.47915 -2.77453 4.35
      vertex -3.71385 -2.45149 0
      vertex -3.71385 -2.45149 4.35
    endloop
  endfacet
  facet normal 0.80902 0.587781 0
    outer loop
      vertex -3.71385 -2.45149 0
      vertex -3.47915 -2.77453 4.35
      vertex -3.47915 -2.77453 0
    endloop
  endfacet
  facet normal 0.134236 0.990949 -0
    outer loop
      vertex -0.398894 -4.43209 0
      vertex -0.794578 -4.37849 4.35
      vertex -0.398894 -4.43209 4.35
    endloop
  endfacet
  facet normal 0.134236 0.990949 0
    outer loop
      vertex -0.794578 -4.37849 4.35
      vertex -0.398894 -4.43209 0
      vertex -0.794578 -4.37849 0
    endloop
  endfacet
  facet normal 0.550897 0.834573 -0
    outer loop
      vertex -2.2824 -3.8201 0
      vertex -2.61564 -3.60013 4.35
      vertex -2.2824 -3.8201 4.35
    endloop
  endfacet
  facet normal 0.550897 0.834573 0
    outer loop
      vertex -2.61564 -3.60013 4.35
      vertex -2.2824 -3.8201 0
      vertex -2.61564 -3.60013 0
    endloop
  endfacet
  facet normal 0.393021 0.919529 -0
    outer loop
      vertex -1.56362 -4.16624 0
      vertex -1.93078 -4.00931 4.35
      vertex -1.56362 -4.16624 4.35
    endloop
  endfacet
  facet normal 0.393021 0.919529 0
    outer loop
      vertex -1.93078 -4.00931 4.35
      vertex -1.56362 -4.16624 0
      vertex -1.93078 -4.00931 0
    endloop
  endfacet
  facet normal -0.309014 0.951058 0
    outer loop
      vertex 1.56362 -4.16624 0
      vertex 1.18386 -4.28963 4.35
      vertex 1.56362 -4.16624 4.35
    endloop
  endfacet
  facet normal -0.309014 0.951058 0
    outer loop
      vertex 1.18386 -4.28963 4.35
      vertex 1.56362 -4.16624 0
      vertex 1.18386 -4.28963 0
    endloop
  endfacet
  facet normal -0.623485 0.781835 0
    outer loop
      vertex 2.92783 -3.35117 0
      vertex 2.61564 -3.60013 4.35
      vertex 2.92783 -3.35117 4.35
    endloop
  endfacet
  facet normal -0.623485 0.781835 0
    outer loop
      vertex 2.61564 -3.60013 4.35
      vertex 2.92783 -3.35117 0
      vertex 2.61564 -3.60013 0
    endloop
  endfacet
  facet normal -0.753076 0.657934 0
    outer loop
      vertex 3.21644 -3.07523 0
      vertex 3.47915 -2.77453 4.35
      vertex 3.47915 -2.77453 0
    endloop
  endfacet
  facet normal -0.753076 0.657934 0
    outer loop
      vertex 3.47915 -2.77453 4.35
      vertex 3.21644 -3.07523 0
      vertex 3.21644 -3.07523 4.35
    endloop
  endfacet
  facet normal -0.858444 0.512908 0
    outer loop
      vertex 3.71385 -2.45149 0
      vertex 3.91865 -2.10872 4.35
      vertex 3.91865 -2.10872 0
    endloop
  endfacet
  facet normal -0.858444 0.512908 0
    outer loop
      vertex 3.91865 -2.10872 4.35
      vertex 3.71385 -2.45149 0
      vertex 3.71385 -2.45149 4.35
    endloop
  endfacet
  facet normal -0.936239 0.351365 0
    outer loop
      vertex 4.0919 -1.74896 0
      vertex 4.2322 -1.37512 4.35
      vertex 4.2322 -1.37512 0
    endloop
  endfacet
  facet normal -0.936239 0.351365 0
    outer loop
      vertex 4.2322 -1.37512 4.35
      vertex 4.0919 -1.74896 0
      vertex 4.0919 -1.74896 4.35
    endloop
  endfacet
  facet normal -0.999703 -0.0243646 0
    outer loop
      vertex 8.175 21 0
      vertex 8.1653 21.398 4.35
      vertex 8.1653 21.398 0
    endloop
  endfacet
  facet normal -0.999703 -0.0243646 0
    outer loop
      vertex 8.1653 21.398 4.35
      vertex 8.175 21 0
      vertex 8.175 21 4.35
    endloop
  endfacet
  facet normal 1 -0 0
    outer loop
      vertex -8.17257 20.8009 4.35
      vertex -8.17257 21.1991 0
      vertex -8.17257 21.1991 4.35
    endloop
  endfacet
  facet normal 1 0 0
    outer loop
      vertex -8.17257 21.1991 0
      vertex -8.17257 20.8009 4.35
      vertex -8.17257 20.8009 0
    endloop
  endfacet
  facet normal 0.0123073 -0.999924 0
    outer loop
      vertex -0.298567 29.1695 0
      vertex 0.0995417 29.1744 4.35
      vertex -0.298567 29.1695 4.35
    endloop
  endfacet
  facet normal 0.0123073 -0.999924 0
    outer loop
      vertex 0.0995417 29.1744 4.35
      vertex -0.298567 29.1695 0
      vertex 0.0995417 29.1744 0
    endloop
  endfacet
  facet normal -0.694027 -0.719949 0
    outer loop
      vertex 5.52906 27.0216 0
      vertex 5.81568 26.7453 4.35
      vertex 5.52906 27.0216 4.35
    endloop
  endfacet
  facet normal -0.694027 -0.719949 -0
    outer loop
      vertex 5.81568 26.7453 4.35
      vertex 5.52906 27.0216 0
      vertex 5.81568 26.7453 0
    endloop
  endfacet
  facet normal 0.711364 -0.702824 0
    outer loop
      vertex -5.95386 26.602 4.35
      vertex -5.67406 26.8852 0
      vertex -5.67406 26.8852 4.35
    endloop
  endfacet
  facet normal 0.711364 -0.702824 0
    outer loop
      vertex -5.67406 26.8852 0
      vertex -5.95386 26.602 4.35
      vertex -5.95386 26.602 0
    endloop
  endfacet
  facet normal 0.391284 -0.92027 0
    outer loop
      vertex -3.37955 28.4437 0
      vertex -3.01312 28.5995 4.35
      vertex -3.37955 28.4437 4.35
    endloop
  endfacet
  facet normal 0.391284 -0.92027 0
    outer loop
      vertex -3.01312 28.5995 4.35
      vertex -3.37955 28.4437 0
      vertex -3.01312 28.5995 0
    endloop
  endfacet
  facet normal -0.915519 -0.402276 0
    outer loop
      vertex 7.5622 24.1054 0
      vertex 7.40204 24.4699 4.35
      vertex 7.40204 24.4699 0
    endloop
  endfacet
  facet normal -0.915519 -0.402276 0
    outer loop
      vertex 7.40204 24.4699 4.35
      vertex 7.5622 24.1054 0
      vertex 7.5622 24.1054 4.35
    endloop
  endfacet
  facet normal -0.368696 -0.92955 0
    outer loop
      vertex 2.82717 28.6706 0
      vertex 3.19728 28.5238 4.35
      vertex 2.82717 28.6706 4.35
    endloop
  endfacet
  facet normal -0.368696 -0.92955 -0
    outer loop
      vertex 3.19728 28.5238 4.35
      vertex 2.82717 28.6706 0
      vertex 3.19728 28.5238 0
    endloop
  endfacet
  facet normal -0.541543 -0.840673 0
    outer loop
      vertex 4.25869 27.9781 0
      vertex 4.59338 27.7625 4.35
      vertex 4.25869 27.9781 4.35
    endloop
  endfacet
  facet normal -0.541543 -0.840673 -0
    outer loop
      vertex 4.59338 27.7625 4.35
      vertex 4.25869 27.9781 0
      vertex 4.59338 27.7625 0
    endloop
  endfacet
  facet normal 0.925043 -0.379863 0
    outer loop
      vertex -7.63558 23.9204 4.35
      vertex -7.48434 24.2887 0
      vertex -7.48434 24.2887 4.35
    endloop
  endfacet
  facet normal 0.925043 -0.379863 0
    outer loop
      vertex -7.48434 24.2887 0
      vertex -7.63558 23.9204 4.35
      vertex -7.63558 23.9204 0
    endloop
  endfacet
  facet normal 0.205459 -0.978666 0
    outer loop
      vertex -1.87452 28.9572 0
      vertex -1.48488 29.039 4.35
      vertex -1.87452 28.9572 4.35
    endloop
  endfacet
  facet normal 0.205459 -0.978666 0
    outer loop
      vertex -1.48488 29.039 4.35
      vertex -1.87452 28.9572 0
      vertex -1.48488 29.039 0
    endloop
  endfacet
  facet normal -0.976073 -0.217444 0
    outer loop
      vertex 8.02034 22.5827 0
      vertex 7.93377 22.9713 4.35
      vertex 7.93377 22.9713 0
    endloop
  endfacet
  facet normal -0.976073 -0.217444 0
    outer loop
      vertex 7.93377 22.9713 4.35
      vertex 8.02034 22.5827 0
      vertex 8.02034 22.5827 4.35
    endloop
  endfacet
  facet normal -0.820316 -0.57191 0
    outer loop
      vertex 6.81793 25.5107 0
      vertex 6.59023 25.8373 4.35
      vertex 6.59023 25.8373 0
    endloop
  endfacet
  facet normal -0.820316 -0.57191 0
    outer loop
      vertex 6.59023 25.8373 4.35
      vertex 6.81793 25.5107 0
      vertex 6.81793 25.5107 4.35
    endloop
  endfacet
  facet normal -0.872047 -0.489422 0
    outer loop
      vertex 7.22432 24.8262 0
      vertex 7.02946 25.1734 4.35
      vertex 7.02946 25.1734 0
    endloop
  endfacet
  facet normal -0.872047 -0.489422 0
    outer loop
      vertex 7.02946 25.1734 4.35
      vertex 7.22432 24.8262 0
      vertex 7.22432 24.8262 4.35
    endloop
  endfacet
  facet normal -0.181595 -0.983373 0
    outer loop
      vertex 1.28868 29.0728 0
      vertex 1.6802 29.0005 4.35
      vertex 1.28868 29.0728 4.35
    endloop
  endfacet
  facet normal -0.181595 -0.983373 -0
    outer loop
      vertex 1.6802 29.0005 4.35
      vertex 1.28868 29.0728 0
      vertex 1.6802 29.0005 0
    endloop
  endfacet
  facet normal -0.620686 -0.784059 0
    outer loop
      vertex 4.91719 27.5308 0
      vertex 5.22933 27.2837 4.35
      vertex 4.91719 27.5308 4.35
    endloop
  endfacet
  facet normal -0.620686 -0.784059 -0
    outer loop
      vertex 5.22933 27.2837 4.35
      vertex 4.91719 27.5308 0
      vertex 5.22933 27.2837 0
    endloop
  endfacet
  facet normal 0.98108 -0.193604 0
    outer loop
      vertex -8.0565 22.3869 4.35
      vertex -7.97942 22.7775 0
      vertex -7.97942 22.7775 4.35
    endloop
  endfacet
  facet normal 0.98108 -0.193604 0
    outer loop
      vertex -7.97942 22.7775 0
      vertex -8.0565 22.3869 4.35
      vertex -8.0565 22.3869 0
    endloop
  endfacet
  facet normal 0.834039 -0.551706 0
    outer loop
      vertex -6.92575 25.3433 4.35
      vertex -6.70607 25.6754 0
      vertex -6.70607 25.6754 4.35
    endloop
  endfacet
  facet normal 0.834039 -0.551706 0
    outer loop
      vertex -6.70607 25.6754 0
      vertex -6.92575 25.3433 4.35
      vertex -6.92575 25.3433 0
    endloop
  endfacet
  facet normal 0.562039 -0.827111 0
    outer loop
      vertex -4.7567 27.6486 0
      vertex -4.42735 27.8724 4.35
      vertex -4.7567 27.6486 4.35
    endloop
  endfacet
  facet normal 0.562039 -0.827111 0
    outer loop
      vertex -4.42735 27.8724 4.35
      vertex -4.7567 27.6486 0
      vertex -4.42735 27.8724 0
    endloop
  endfacet
  facet normal 0.10926 -0.994013 0
    outer loop
      vertex -1.09172 29.1018 0
      vertex -0.695969 29.1453 4.35
      vertex -1.09172 29.1018 4.35
    endloop
  endfacet
  facet normal 0.10926 -0.994013 0
    outer loop
      vertex -0.695969 29.1453 4.35
      vertex -1.09172 29.1018 0
      vertex -0.695969 29.1453 0
    endloop
  endfacet
  facet normal -0.992596 0.121462 0
    outer loop
      vertex 8.08788 19.8097 0
      vertex 8.13624 20.2049 4.35
      vertex 8.13624 20.2049 0
    endloop
  endfacet
  facet normal -0.992596 0.121462 0
    outer loop
      vertex 8.13624 20.2049 4.35
      vertex 8.08788 19.8097 0
      vertex 8.08788 19.8097 4.35
    endloop
  endfacet
  facet normal 0.905454 0.424445 0
    outer loop
      vertex -7.31535 17.3508 4.35
      vertex -7.48434 17.7113 0
      vertex -7.48434 17.7113 4.35
    endloop
  endfacet
  facet normal 0.905454 0.424445 0
    outer loop
      vertex -7.48434 17.7113 0
      vertex -7.31535 17.3508 4.35
      vertex -7.31535 17.3508 0
    endloop
  endfacet
  facet normal -0.992596 -0.121462 0
    outer loop
      vertex 8.13624 21.7951 0
      vertex 8.08788 22.1903 4.35
      vertex 8.08788 22.1903 0
    endloop
  endfacet
  facet normal -0.992596 -0.121462 0
    outer loop
      vertex 8.08788 22.1903 4.35
      vertex 8.13624 21.7951 0
      vertex 8.13624 21.7951 4.35
    endloop
  endfacet
  facet normal -0.997333 -0.0729854 0
    outer loop
      vertex 8.1653 21.398 0
      vertex 8.13624 21.7951 4.35
      vertex 8.13624 21.7951 0
    endloop
  endfacet
  facet normal -0.997333 -0.0729854 0
    outer loop
      vertex 8.13624 21.7951 4.35
      vertex 8.1653 21.398 0
      vertex 8.1653 21.398 4.35
    endloop
  endfacet
  facet normal -0.985509 -0.169626 0
    outer loop
      vertex 8.08788 22.1903 0
      vertex 8.02034 22.5827 4.35
      vertex 8.02034 22.5827 0
    endloop
  endfacet
  facet normal -0.985509 -0.169626 0
    outer loop
      vertex 8.02034 22.5827 4.35
      vertex 8.08788 22.1903 0
      vertex 8.08788 22.1903 4.35
    endloop
  endfacet
  facet normal -0.950315 -0.311289 0
    outer loop
      vertex 7.82838 23.3552 0
      vertex 7.70443 23.7336 4.35
      vertex 7.70443 23.7336 0
    endloop
  endfacet
  facet normal -0.950315 -0.311289 0
    outer loop
      vertex 7.70443 23.7336 4.35
      vertex 7.82838 23.3552 0
      vertex 7.82838 23.3552 4.35
    endloop
  endfacet
  facet normal -0.933992 -0.357293 0
    outer loop
      vertex 7.70443 23.7336 0
      vertex 7.5622 24.1054 4.35
      vertex 7.5622 24.1054 0
    endloop
  endfacet
  facet normal -0.933992 -0.357293 0
    outer loop
      vertex 7.5622 24.1054 4.35
      vertex 7.70443 23.7336 0
      vertex 7.70443 23.7336 4.35
    endloop
  endfacet
  facet normal -0.964323 -0.26473 0
    outer loop
      vertex 7.93377 22.9713 0
      vertex 7.82838 23.3552 4.35
      vertex 7.82838 23.3552 0
    endloop
  endfacet
  facet normal -0.964323 -0.26473 0
    outer loop
      vertex 7.82838 23.3552 4.35
      vertex 7.93377 22.9713 0
      vertex 7.93377 22.9713 4.35
    endloop
  endfacet
  facet normal -0.760792 -0.648996 0
    outer loop
      vertex 6.3469 26.1524 0
      vertex 6.08851 26.4553 4.35
      vertex 6.08851 26.4553 0
    endloop
  endfacet
  facet normal -0.760792 -0.648996 0
    outer loop
      vertex 6.08851 26.4553 4.35
      vertex 6.3469 26.1524 0
      vertex 6.3469 26.1524 4.35
    endloop
  endfacet
  facet normal -0.791475 -0.611202 0
    outer loop
      vertex 6.59023 25.8373 0
      vertex 6.3469 26.1524 4.35
      vertex 6.3469 26.1524 0
    endloop
  endfacet
  facet normal -0.791475 -0.611202 0
    outer loop
      vertex 6.3469 26.1524 4.35
      vertex 6.59023 25.8373 0
      vertex 6.59023 25.8373 4.35
    endloop
  endfacet
  facet normal -0.728339 -0.685217 0
    outer loop
      vertex 6.08851 26.4553 0
      vertex 5.81568 26.7453 4.35
      vertex 5.81568 26.7453 0
    endloop
  endfacet
  facet normal -0.728339 -0.685217 0
    outer loop
      vertex 5.81568 26.7453 4.35
      vertex 6.08851 26.4553 0
      vertex 6.08851 26.4553 4.35
    endloop
  endfacet
  facet normal -0.847187 -0.531294 0
    outer loop
      vertex 7.02946 25.1734 0
      vertex 6.81793 25.5107 4.35
      vertex 6.81793 25.5107 0
    endloop
  endfacet
  facet normal -0.847187 -0.531294 0
    outer loop
      vertex 6.81793 25.5107 4.35
      vertex 7.02946 25.1734 0
      vertex 7.02946 25.1734 4.35
    endloop
  endfacet
  facet normal -0.894859 -0.446349 0
    outer loop
      vertex 7.40204 24.4699 0
      vertex 7.22432 24.8262 4.35
      vertex 7.22432 24.8262 0
    endloop
  endfacet
  facet normal -0.894859 -0.446349 0
    outer loop
      vertex 7.22432 24.8262 4.35
      vertex 7.40204 24.4699 0
      vertex 7.40204 24.4699 4.35
    endloop
  endfacet
  facet normal -0.0851462 -0.996368 0
    outer loop
      vertex 0.497416 29.1599 0
      vertex 0.894109 29.126 4.35
      vertex 0.497416 29.1599 4.35
    endloop
  endfacet
  facet normal -0.0851462 -0.996368 -0
    outer loop
      vertex 0.894109 29.126 4.35
      vertex 0.497416 29.1599 0
      vertex 0.894109 29.126 0
    endloop
  endfacet
  facet normal -0.276525 -0.961007 0
    outer loop
      vertex 2.06773 28.9092 0
      vertex 2.45036 28.7991 4.35
      vertex 2.06773 28.9092 4.35
    endloop
  endfacet
  facet normal -0.276525 -0.961007 -0
    outer loop
      vertex 2.45036 28.7991 4.35
      vertex 2.06773 28.9092 0
      vertex 2.45036 28.7991 0
    endloop
  endfacet
  facet normal -0.322769 -0.946478 0
    outer loop
      vertex 2.45036 28.7991 0
      vertex 2.82717 28.6706 4.35
      vertex 2.45036 28.7991 4.35
    endloop
  endfacet
  facet normal -0.322769 -0.946478 -0
    outer loop
      vertex 2.82717 28.6706 4.35
      vertex 2.45036 28.7991 0
      vertex 2.82717 28.6706 0
    endloop
  endfacet
  facet normal -0.229317 -0.973352 0
    outer loop
      vertex 1.6802 29.0005 0
      vertex 2.06773 28.9092 4.35
      vertex 1.6802 29.0005 4.35
    endloop
  endfacet
  facet normal -0.229317 -0.973352 -0
    outer loop
      vertex 2.06773 28.9092 4.35
      vertex 1.6802 29.0005 0
      vertex 2.06773 28.9092 0
    endloop
  endfacet
  facet normal -0.133621 -0.991033 0
    outer loop
      vertex 0.894109 29.126 0
      vertex 1.28868 29.0728 4.35
      vertex 0.894109 29.126 4.35
    endloop
  endfacet
  facet normal -0.133621 -0.991033 -0
    outer loop
      vertex 1.28868 29.0728 4.35
      vertex 0.894109 29.126 0
      vertex 1.28868 29.0728 0
    endloop
  endfacet
  facet normal -0.0364195 -0.999337 0
    outer loop
      vertex 0.0995417 29.1744 0
      vertex 0.497416 29.1599 4.35
      vertex 0.0995417 29.1744 4.35
    endloop
  endfacet
  facet normal -0.0364195 -0.999337 -0
    outer loop
      vertex 0.497416 29.1599 4.35
      vertex 0.0995417 29.1744 0
      vertex 0.497416 29.1599 0
    endloop
  endfacet
  facet normal -0.457153 -0.889388 0
    outer loop
      vertex 3.55981 28.3592 0
      vertex 3.91389 28.1772 4.35
      vertex 3.55981 28.3592 4.35
    endloop
  endfacet
  facet normal -0.457153 -0.889388 -0
    outer loop
      vertex 3.91389 28.1772 4.35
      vertex 3.55981 28.3592 0
      vertex 3.91389 28.1772 0
    endloop
  endfacet
  facet normal -0.413415 -0.910543 0
    outer loop
      vertex 3.19728 28.5238 0
      vertex 3.55981 28.3592 4.35
      vertex 3.19728 28.5238 4.35
    endloop
  endfacet
  facet normal -0.413415 -0.910543 -0
    outer loop
      vertex 3.55981 28.3592 4.35
      vertex 3.19728 28.5238 0
      vertex 3.55981 28.3592 0
    endloop
  endfacet
  facet normal -0.658272 -0.75278 0
    outer loop
      vertex 5.22933 27.2837 0
      vertex 5.52906 27.0216 4.35
      vertex 5.22933 27.2837 4.35
    endloop
  endfacet
  facet normal -0.658272 -0.75278 -0
    outer loop
      vertex 5.52906 27.0216 4.35
      vertex 5.22933 27.2837 0
      vertex 5.52906 27.0216 0
    endloop
  endfacet
  facet normal 0.995261 -0.0972407 0
    outer loop
      vertex -8.15319 21.5967 4.35
      vertex -8.11447 21.993 0
      vertex -8.11447 21.993 4.35
    endloop
  endfacet
  facet normal 0.995261 -0.0972407 0
    outer loop
      vertex -8.11447 21.993 0
      vertex -8.15319 21.5967 4.35
      vertex -8.15319 21.5967 0
    endloop
  endfacet
  facet normal 0.776476 -0.630146 0
    outer loop
      vertex -6.47048 25.9963 4.35
      vertex -6.21955 26.3055 0
      vertex -6.21955 26.3055 4.35
    endloop
  endfacet
  facet normal 0.776476 -0.630146 0
    outer loop
      vertex -6.21955 26.3055 0
      vertex -6.47048 25.9963 4.35
      vertex -6.47048 25.9963 0
    endloop
  endfacet
  facet normal 0.744741 -0.667353 0
    outer loop
      vertex -6.21955 26.3055 4.35
      vertex -5.95386 26.602 0
      vertex -5.95386 26.602 4.35
    endloop
  endfacet
  facet normal 0.744741 -0.667353 0
    outer loop
      vertex -5.95386 26.602 0
      vertex -6.21955 26.3055 4.35
      vertex -6.21955 26.3055 0
    endloop
  endfacet
  facet normal 0.806089 -0.591794 0
    outer loop
      vertex -6.70607 25.6754 4.35
      vertex -6.47048 25.9963 0
      vertex -6.47048 25.9963 4.35
    endloop
  endfacet
  facet normal 0.806089 -0.591794 0
    outer loop
      vertex -6.47048 25.9963 0
      vertex -6.70607 25.6754 4.35
      vertex -6.70607 25.6754 0
    endloop
  endfacet
  facet normal 0.883681 -0.46809 0
    outer loop
      vertex -7.31535 24.6492 4.35
      vertex -7.129 25.001 0
      vertex -7.129 25.001 4.35
    endloop
  endfacet
  facet normal 0.883681 -0.46809 0
    outer loop
      vertex -7.129 25.001 0
      vertex -7.31535 24.6492 4.35
      vertex -7.31535 24.6492 0
    endloop
  endfacet
  facet normal 0.905454 -0.424445 0
    outer loop
      vertex -7.48434 24.2887 4.35
      vertex -7.31535 24.6492 0
      vertex -7.31535 24.6492 4.35
    endloop
  endfacet
  facet normal 0.905454 -0.424445 0
    outer loop
      vertex -7.31535 24.6492 0
      vertex -7.48434 24.2887 4.35
      vertex -7.48434 24.2887 0
    endloop
  endfacet
  facet normal 0.859844 -0.510556 0
    outer loop
      vertex -7.129 25.001 4.35
      vertex -6.92575 25.3433 0
      vertex -6.92575 25.3433 4.35
    endloop
  endfacet
  facet normal 0.859844 -0.510556 0
    outer loop
      vertex -6.92575 25.3433 0
      vertex -7.129 25.001 4.35
      vertex -7.129 25.001 0
    endloop
  endfacet
  facet normal 0.957584 -0.288154 0
    outer loop
      vertex -7.88342 23.1639 4.35
      vertex -7.76871 23.5451 0
      vertex -7.76871 23.5451 4.35
    endloop
  endfacet
  facet normal 0.957584 -0.288154 0
    outer loop
      vertex -7.76871 23.5451 0
      vertex -7.88342 23.1639 4.35
      vertex -7.88342 23.1639 0
    endloop
  endfacet
  facet normal 0.94246 -0.334318 0
    outer loop
      vertex -7.76871 23.5451 4.35
      vertex -7.63558 23.9204 0
      vertex -7.63558 23.9204 4.35
    endloop
  endfacet
  facet normal 0.94246 -0.334318 0
    outer loop
      vertex -7.63558 23.9204 0
      vertex -7.76871 23.5451 4.35
      vertex -7.76871 23.5451 0
    endloop
  endfacet
  facet normal 0.970496 -0.241117 0
    outer loop
      vertex -7.97942 22.7775 4.35
      vertex -7.88342 23.1639 0
      vertex -7.88342 23.1639 4.35
    endloop
  endfacet
  facet normal 0.970496 -0.241117 0
    outer loop
      vertex -7.88342 23.1639 0
      vertex -7.97942 22.7775 4.35
      vertex -7.97942 22.7775 0
    endloop
  endfacet
  facet normal 0.998814 -0.0486847 0
    outer loop
      vertex -8.17257 21.1991 4.35
      vertex -8.15319 21.5967 0
      vertex -8.15319 21.5967 4.35
    endloop
  endfacet
  facet normal 0.998814 -0.0486847 0
    outer loop
      vertex -8.15319 21.5967 0
      vertex -8.17257 21.1991 4.35
      vertex -8.17257 21.1991 0
    endloop
  endfacet
  facet normal 0.639703 -0.768623 0
    outer loop
      vertex -5.38079 27.1545 0
      vertex -5.07476 27.4092 4.35
      vertex -5.38079 27.1545 4.35
    endloop
  endfacet
  facet normal 0.639703 -0.768623 0
    outer loop
      vertex -5.07476 27.4092 4.35
      vertex -5.38079 27.1545 0
      vertex -5.07476 27.4092 0
    endloop
  endfacet
  facet normal 0.478739 -0.877957 0
    outer loop
      vertex -4.0875 28.0798 0
      vertex -3.73796 28.2704 4.35
      vertex -4.0875 28.0798 4.35
    endloop
  endfacet
  facet normal 0.478739 -0.877957 0
    outer loop
      vertex -3.73796 28.2704 4.35
      vertex -4.0875 28.0798 0
      vertex -3.73796 28.2704 0
    endloop
  endfacet
  facet normal 0.435308 -0.900282 0
    outer loop
      vertex -3.73796 28.2704 0
      vertex -3.37955 28.4437 4.35
      vertex -3.73796 28.2704 4.35
    endloop
  endfacet
  facet normal 0.435308 -0.900282 0
    outer loop
      vertex -3.37955 28.4437 4.35
      vertex -3.73796 28.2704 0
      vertex -3.37955 28.4437 0
    endloop
  endfacet
  facet normal 0.520927 -0.853601 0
    outer loop
      vertex -4.42735 27.8724 0
      vertex -4.0875 28.0798 4.35
      vertex -4.42735 27.8724 4.35
    endloop
  endfacet
  facet normal 0.520927 -0.853601 0
    outer loop
      vertex -4.0875 28.0798 4.35
      vertex -4.42735 27.8724 0
      vertex -4.0875 28.0798 0
    endloop
  endfacet
  facet normal 0.676365 -0.736567 0
    outer loop
      vertex -5.67406 26.8852 0
      vertex -5.38079 27.1545 4.35
      vertex -5.67406 26.8852 4.35
    endloop
  endfacet
  facet normal 0.676365 -0.736567 0
    outer loop
      vertex -5.38079 27.1545 4.35
      vertex -5.67406 26.8852 0
      vertex -5.38079 27.1545 0
    endloop
  endfacet
  facet normal 0.299876 -0.953978 0
    outer loop
      vertex -2.63955 28.7371 0
      vertex -2.25971 28.8565 4.35
      vertex -2.63955 28.7371 4.35
    endloop
  endfacet
  facet normal 0.299876 -0.953978 0
    outer loop
      vertex -2.25971 28.8565 4.35
      vertex -2.63955 28.7371 0
      vertex -2.25971 28.8565 0
    endloop
  endfacet
  facet normal 0.345637 -0.938368 0
    outer loop
      vertex -3.01312 28.5995 0
      vertex -2.63955 28.7371 4.35
      vertex -3.01312 28.5995 4.35
    endloop
  endfacet
  facet normal 0.345637 -0.938368 0
    outer loop
      vertex -2.63955 28.7371 4.35
      vertex -3.01312 28.5995 0
      vertex -2.63955 28.7371 0
    endloop
  endfacet
  facet normal 0.0607829 -0.998151 0
    outer loop
      vertex -0.695969 29.1453 0
      vertex -0.298567 29.1695 4.35
      vertex -0.695969 29.1453 4.35
    endloop
  endfacet
  facet normal 0.0607829 -0.998151 0
    outer loop
      vertex -0.298567 29.1695 4.35
      vertex -0.695969 29.1453 0
      vertex -0.298567 29.1695 0
    endloop
  endfacet
  facet normal -0.999703 0.0243646 0
    outer loop
      vertex 8.1653 20.602 0
      vertex 8.175 21 4.35
      vertex 8.175 21 0
    endloop
  endfacet
  facet normal -0.999703 0.0243646 0
    outer loop
      vertex 8.175 21 4.35
      vertex 8.1653 20.602 0
      vertex 8.1653 20.602 4.35
    endloop
  endfacet
  facet normal -0.872047 0.489422 0
    outer loop
      vertex 7.02946 16.8266 0
      vertex 7.22432 17.1738 4.35
      vertex 7.22432 17.1738 0
    endloop
  endfacet
  facet normal -0.872047 0.489422 0
    outer loop
      vertex 7.22432 17.1738 4.35
      vertex 7.02946 16.8266 0
      vertex 7.02946 16.8266 4.35
    endloop
  endfacet
  facet normal -0.760792 0.648996 0
    outer loop
      vertex 6.08851 15.5447 0
      vertex 6.3469 15.8476 4.35
      vertex 6.3469 15.8476 0
    endloop
  endfacet
  facet normal -0.760792 0.648996 0
    outer loop
      vertex 6.3469 15.8476 4.35
      vertex 6.08851 15.5447 0
      vertex 6.08851 15.5447 4.35
    endloop
  endfacet
  facet normal -0.658272 0.75278 0
    outer loop
      vertex 5.52906 14.9784 0
      vertex 5.22933 14.7163 4.35
      vertex 5.52906 14.9784 4.35
    endloop
  endfacet
  facet normal -0.658272 0.75278 0
    outer loop
      vertex 5.22933 14.7163 4.35
      vertex 5.52906 14.9784 0
      vertex 5.22933 14.7163 0
    endloop
  endfacet
  facet normal -0.500056 -0.865993 0
    outer loop
      vertex 3.91389 28.1772 0
      vertex 4.25869 27.9781 4.35
      vertex 3.91389 28.1772 4.35
    endloop
  endfacet
  facet normal -0.500056 -0.865993 -0
    outer loop
      vertex 4.25869 27.9781 4.35
      vertex 3.91389 28.1772 0
      vertex 4.25869 27.9781 0
    endloop
  endfacet
  facet normal -0.581915 -0.81325 0
    outer loop
      vertex 4.59338 27.7625 0
      vertex 4.91719 27.5308 4.35
      vertex 4.59338 27.7625 4.35
    endloop
  endfacet
  facet normal -0.581915 -0.81325 -0
    outer loop
      vertex 4.91719 27.5308 4.35
      vertex 4.59338 27.7625 0
      vertex 4.91719 27.5308 0
    endloop
  endfacet
  facet normal 0.989343 -0.145601 0
    outer loop
      vertex -8.11447 21.993 4.35
      vertex -8.0565 22.3869 0
      vertex -8.0565 22.3869 4.35
    endloop
  endfacet
  facet normal 0.989343 -0.145601 0
    outer loop
      vertex -8.0565 22.3869 0
      vertex -8.11447 21.993 4.35
      vertex -8.11447 21.993 0
    endloop
  endfacet
  facet normal 0.601374 -0.798968 0
    outer loop
      vertex -5.07476 27.4092 0
      vertex -4.7567 27.6486 4.35
      vertex -5.07476 27.4092 4.35
    endloop
  endfacet
  facet normal 0.601374 -0.798968 0
    outer loop
      vertex -4.7567 27.6486 4.35
      vertex -5.07476 27.4092 0
      vertex -4.7567 27.6486 0
    endloop
  endfacet
  facet normal 0.252929 -0.967485 0
    outer loop
      vertex -2.25971 28.8565 0
      vertex -1.87452 28.9572 4.35
      vertex -2.25971 28.8565 4.35
    endloop
  endfacet
  facet normal 0.252929 -0.967485 0
    outer loop
      vertex -1.87452 28.9572 4.35
      vertex -2.25971 28.8565 0
      vertex -1.87452 28.9572 0
    endloop
  endfacet
  facet normal 0.157732 -0.987482 0
    outer loop
      vertex -1.48488 29.039 0
      vertex -1.09172 29.1018 4.35
      vertex -1.48488 29.039 4.35
    endloop
  endfacet
  facet normal 0.157732 -0.987482 0
    outer loop
      vertex -1.09172 29.1018 4.35
      vertex -1.48488 29.039 0
      vertex -1.09172 29.1018 0
    endloop
  endfacet
  facet normal -0.976073 0.217444 0
    outer loop
      vertex 7.93377 19.0287 0
      vertex 8.02034 19.4173 4.35
      vertex 8.02034 19.4173 0
    endloop
  endfacet
  facet normal -0.976073 0.217444 0
    outer loop
      vertex 8.02034 19.4173 4.35
      vertex 7.93377 19.0287 0
      vertex 7.93377 19.0287 4.35
    endloop
  endfacet
  facet normal -0.997333 0.0729854 0
    outer loop
      vertex 8.13624 20.2049 0
      vertex 8.1653 20.602 4.35
      vertex 8.1653 20.602 0
    endloop
  endfacet
  facet normal -0.997333 0.0729854 0
    outer loop
      vertex 8.1653 20.602 4.35
      vertex 8.13624 20.2049 0
      vertex 8.13624 20.2049 4.35
    endloop
  endfacet
  facet normal -0.791475 0.611202 0
    outer loop
      vertex 6.3469 15.8476 0
      vertex 6.59023 16.1627 4.35
      vertex 6.59023 16.1627 0
    endloop
  endfacet
  facet normal -0.791475 0.611202 0
    outer loop
      vertex 6.59023 16.1627 4.35
      vertex 6.3469 15.8476 0
      vertex 6.3469 15.8476 4.35
    endloop
  endfacet
  facet normal 0.601374 0.798968 -0
    outer loop
      vertex -4.7567 14.3514 0
      vertex -5.07476 14.5908 4.35
      vertex -4.7567 14.3514 4.35
    endloop
  endfacet
  facet normal 0.601374 0.798968 0
    outer loop
      vertex -5.07476 14.5908 4.35
      vertex -4.7567 14.3514 0
      vertex -5.07476 14.5908 0
    endloop
  endfacet
  facet normal 0.859844 0.510556 0
    outer loop
      vertex -6.92575 16.6567 4.35
      vertex -7.129 16.999 0
      vertex -7.129 16.999 4.35
    endloop
  endfacet
  facet normal 0.859844 0.510556 0
    outer loop
      vertex -7.129 16.999 0
      vertex -6.92575 16.6567 4.35
      vertex -6.92575 16.6567 0
    endloop
  endfacet
  facet normal 0.806089 0.591794 0
    outer loop
      vertex -6.47048 16.0037 4.35
      vertex -6.70607 16.3246 0
      vertex -6.70607 16.3246 4.35
    endloop
  endfacet
  facet normal 0.806089 0.591794 0
    outer loop
      vertex -6.70607 16.3246 0
      vertex -6.47048 16.0037 4.35
      vertex -6.47048 16.0037 0
    endloop
  endfacet
  facet normal 0.970496 0.241117 0
    outer loop
      vertex -7.88342 18.8361 4.35
      vertex -7.97942 19.2225 0
      vertex -7.97942 19.2225 4.35
    endloop
  endfacet
  facet normal 0.970496 0.241117 0
    outer loop
      vertex -7.97942 19.2225 0
      vertex -7.88342 18.8361 4.35
      vertex -7.88342 18.8361 0
    endloop
  endfacet
  facet normal 0.989343 0.145601 0
    outer loop
      vertex -8.0565 19.6131 4.35
      vertex -8.11447 20.007 0
      vertex -8.11447 20.007 4.35
    endloop
  endfacet
  facet normal 0.989343 0.145601 0
    outer loop
      vertex -8.11447 20.007 0
      vertex -8.0565 19.6131 4.35
      vertex -8.0565 19.6131 0
    endloop
  endfacet
  facet normal 0.998814 0.0486847 0
    outer loop
      vertex -8.15319 20.4033 4.35
      vertex -8.17257 20.8009 0
      vertex -8.17257 20.8009 4.35
    endloop
  endfacet
  facet normal 0.998814 0.0486847 0
    outer loop
      vertex -8.17257 20.8009 0
      vertex -8.15319 20.4033 4.35
      vertex -8.15319 20.4033 0
    endloop
  endfacet
  facet normal 0.995261 0.0972407 0
    outer loop
      vertex -8.11447 20.007 4.35
      vertex -8.15319 20.4033 0
      vertex -8.15319 20.4033 4.35
    endloop
  endfacet
  facet normal 0.995261 0.0972407 0
    outer loop
      vertex -8.15319 20.4033 0
      vertex -8.11447 20.007 4.35
      vertex -8.11447 20.007 0
    endloop
  endfacet
  facet normal -0.964323 0.26473 0
    outer loop
      vertex 7.82838 18.6448 0
      vertex 7.93377 19.0287 4.35
      vertex 7.93377 19.0287 0
    endloop
  endfacet
  facet normal -0.964323 0.26473 0
    outer loop
      vertex 7.93377 19.0287 4.35
      vertex 7.82838 18.6448 0
      vertex 7.82838 18.6448 4.35
    endloop
  endfacet
  facet normal -0.950315 0.311289 0
    outer loop
      vertex 7.70443 18.2664 0
      vertex 7.82838 18.6448 4.35
      vertex 7.82838 18.6448 0
    endloop
  endfacet
  facet normal -0.950315 0.311289 0
    outer loop
      vertex 7.82838 18.6448 4.35
      vertex 7.70443 18.2664 0
      vertex 7.70443 18.2664 4.35
    endloop
  endfacet
  facet normal -0.915519 0.402276 0
    outer loop
      vertex 7.40204 17.5301 0
      vertex 7.5622 17.8946 4.35
      vertex 7.5622 17.8946 0
    endloop
  endfacet
  facet normal -0.915519 0.402276 0
    outer loop
      vertex 7.5622 17.8946 4.35
      vertex 7.40204 17.5301 0
      vertex 7.40204 17.5301 4.35
    endloop
  endfacet
  facet normal -0.894859 0.446349 0
    outer loop
      vertex 7.22432 17.1738 0
      vertex 7.40204 17.5301 4.35
      vertex 7.40204 17.5301 0
    endloop
  endfacet
  facet normal -0.894859 0.446349 0
    outer loop
      vertex 7.40204 17.5301 4.35
      vertex 7.22432 17.1738 0
      vertex 7.22432 17.1738 4.35
    endloop
  endfacet
  facet normal -0.985498 0.169686 0
    outer loop
      vertex 8.08788 19.8097 0
      vertex 8.04938 19.5861 4.35
      vertex 8.08788 19.8097 4.35
    endloop
  endfacet
  facet normal -0.985509 0.169626 -3.15004e-06
    outer loop
      vertex 8.02034 19.4173 0
      vertex 8.04938 19.5861 4.35
      vertex 8.08788 19.8097 0
    endloop
  endfacet
  facet normal -0.985522 0.169547 0
    outer loop
      vertex 8.04938 19.5861 4.35
      vertex 8.02034 19.4173 0
      vertex 8.02034 19.4173 4.35
    endloop
  endfacet
  facet normal -0.820316 0.57191 0
    outer loop
      vertex 6.59023 16.1627 0
      vertex 6.81793 16.4893 4.35
      vertex 6.81793 16.4893 0
    endloop
  endfacet
  facet normal -0.820316 0.57191 0
    outer loop
      vertex 6.81793 16.4893 4.35
      vertex 6.59023 16.1627 0
      vertex 6.59023 16.1627 4.35
    endloop
  endfacet
  facet normal 0.676365 0.736567 -0
    outer loop
      vertex -5.38079 14.8455 0
      vertex -5.67406 15.1148 4.35
      vertex -5.38079 14.8455 4.35
    endloop
  endfacet
  facet normal 0.676365 0.736567 0
    outer loop
      vertex -5.67406 15.1148 4.35
      vertex -5.38079 14.8455 0
      vertex -5.67406 15.1148 0
    endloop
  endfacet
  facet normal 0.561942 0.827177 -0
    outer loop
      vertex -4.44552 14.14 0
      vertex -4.7567 14.3514 4.35
      vertex -4.44552 14.14 4.35
    endloop
  endfacet
  facet normal 0.561942 0.827177 0
    outer loop
      vertex -4.7567 14.3514 4.35
      vertex -4.44552 14.14 0
      vertex -4.7567 14.3514 0
    endloop
  endfacet
  facet normal 0.639703 0.768623 -0
    outer loop
      vertex -5.07476 14.5908 0
      vertex -5.38079 14.8455 4.35
      vertex -5.07476 14.5908 4.35
    endloop
  endfacet
  facet normal 0.639703 0.768623 0
    outer loop
      vertex -5.38079 14.8455 4.35
      vertex -5.07476 14.5908 0
      vertex -5.38079 14.8455 0
    endloop
  endfacet
  facet normal 0.883681 0.46809 0
    outer loop
      vertex -7.129 16.999 4.35
      vertex -7.31535 17.3508 0
      vertex -7.31535 17.3508 4.35
    endloop
  endfacet
  facet normal 0.883681 0.46809 0
    outer loop
      vertex -7.31535 17.3508 0
      vertex -7.129 16.999 4.35
      vertex -7.129 16.999 0
    endloop
  endfacet
  facet normal 0.834039 0.551706 0
    outer loop
      vertex -6.70607 16.3246 4.35
      vertex -6.92575 16.6567 0
      vertex -6.92575 16.6567 4.35
    endloop
  endfacet
  facet normal 0.834039 0.551706 0
    outer loop
      vertex -6.92575 16.6567 0
      vertex -6.70607 16.3246 4.35
      vertex -6.70607 16.3246 0
    endloop
  endfacet
  facet normal 0.776476 0.630146 0
    outer loop
      vertex -6.21955 15.6945 4.35
      vertex -6.47048 16.0037 0
      vertex -6.47048 16.0037 4.35
    endloop
  endfacet
  facet normal 0.776476 0.630146 0
    outer loop
      vertex -6.47048 16.0037 0
      vertex -6.21955 15.6945 4.35
      vertex -6.21955 15.6945 0
    endloop
  endfacet
  facet normal 0.711364 0.702824 0
    outer loop
      vertex -5.67406 15.1148 4.35
      vertex -5.95386 15.398 0
      vertex -5.95386 15.398 4.35
    endloop
  endfacet
  facet normal 0.711364 0.702824 0
    outer loop
      vertex -5.95386 15.398 0
      vertex -5.67406 15.1148 4.35
      vertex -5.67406 15.1148 0
    endloop
  endfacet
  facet normal 0.744741 0.667353 0
    outer loop
      vertex -5.95386 15.398 4.35
      vertex -6.21955 15.6945 0
      vertex -6.21955 15.6945 4.35
    endloop
  endfacet
  facet normal 0.744741 0.667353 0
    outer loop
      vertex -6.21955 15.6945 0
      vertex -5.95386 15.398 4.35
      vertex -5.95386 15.398 0
    endloop
  endfacet
  facet normal 0.957584 0.288154 0
    outer loop
      vertex -7.76871 18.4549 4.35
      vertex -7.88342 18.8361 0
      vertex -7.88342 18.8361 4.35
    endloop
  endfacet
  facet normal 0.957584 0.288154 0
    outer loop
      vertex -7.88342 18.8361 0
      vertex -7.76871 18.4549 4.35
      vertex -7.76871 18.4549 0
    endloop
  endfacet
  facet normal 0.925043 0.379863 0
    outer loop
      vertex -7.48434 17.7113 4.35
      vertex -7.63558 18.0796 0
      vertex -7.63558 18.0796 4.35
    endloop
  endfacet
  facet normal 0.925043 0.379863 0
    outer loop
      vertex -7.63558 18.0796 0
      vertex -7.48434 17.7113 4.35
      vertex -7.48434 17.7113 0
    endloop
  endfacet
  facet normal 0.94246 0.334318 0
    outer loop
      vertex -7.63558 18.0796 4.35
      vertex -7.76871 18.4549 0
      vertex -7.76871 18.4549 4.35
    endloop
  endfacet
  facet normal 0.94246 0.334318 0
    outer loop
      vertex -7.76871 18.4549 0
      vertex -7.63558 18.0796 4.35
      vertex -7.63558 18.0796 0
    endloop
  endfacet
  facet normal 0.980998 0.19402 0
    outer loop
      vertex -8.04938 19.5771 4.35
      vertex -8.0565 19.6131 0
      vertex -8.0565 19.6131 4.35
    endloop
  endfacet
  facet normal 0.981088 0.193562 -3.93832e-06
    outer loop
      vertex -7.97942 19.2225 4.35
      vertex -8.0565 19.6131 0
      vertex -8.04938 19.5771 4.35
    endloop
  endfacet
  facet normal 0.98108 0.193604 0
    outer loop
      vertex -8.0565 19.6131 0
      vertex -7.97942 19.2225 4.35
      vertex -7.97942 19.2225 0
    endloop
  endfacet
  facet normal -0.933992 0.357293 0
    outer loop
      vertex 7.5622 17.8946 0
      vertex 7.70443 18.2664 4.35
      vertex 7.70443 18.2664 0
    endloop
  endfacet
  facet normal -0.933992 0.357293 0
    outer loop
      vertex 7.70443 18.2664 4.35
      vertex 7.5622 17.8946 0
      vertex 7.5622 17.8946 4.35
    endloop
  endfacet
  facet normal -0.847187 0.531294 0
    outer loop
      vertex 6.81793 16.4893 0
      vertex 7.02946 16.8266 4.35
      vertex 7.02946 16.8266 0
    endloop
  endfacet
  facet normal -0.847187 0.531294 0
    outer loop
      vertex 7.02946 16.8266 4.35
      vertex 6.81793 16.4893 0
      vertex 6.81793 16.4893 4.35
    endloop
  endfacet
  facet normal -0.581915 0.81325 0
    outer loop
      vertex 4.91719 14.4692 0
      vertex 4.59338 14.2375 4.35
      vertex 4.91719 14.4692 4.35
    endloop
  endfacet
  facet normal -0.581915 0.81325 0
    outer loop
      vertex 4.59338 14.2375 4.35
      vertex 4.91719 14.4692 0
      vertex 4.59338 14.2375 0
    endloop
  endfacet
  facet normal -0.541751 0.840539 0
    outer loop
      vertex 4.59338 14.2375 0
      vertex 4.44552 14.1422 4.35
      vertex 4.59338 14.2375 4.35
    endloop
  endfacet
  facet normal -0.541751 0.840539 0
    outer loop
      vertex 4.44552 14.1422 4.35
      vertex 4.59338 14.2375 0
      vertex 4.44552 14.1422 0
    endloop
  endfacet
  facet normal -0.728339 0.685217 0
    outer loop
      vertex 5.81568 15.2547 0
      vertex 6.08851 15.5447 4.35
      vertex 6.08851 15.5447 0
    endloop
  endfacet
  facet normal -0.728339 0.685217 0
    outer loop
      vertex 6.08851 15.5447 4.35
      vertex 5.81568 15.2547 0
      vertex 5.81568 15.2547 4.35
    endloop
  endfacet
  facet normal -0.694027 0.719949 0
    outer loop
      vertex 5.81568 15.2547 0
      vertex 5.52906 14.9784 4.35
      vertex 5.81568 15.2547 4.35
    endloop
  endfacet
  facet normal -0.694027 0.719949 0
    outer loop
      vertex 5.52906 14.9784 4.35
      vertex 5.81568 15.2547 0
      vertex 5.52906 14.9784 0
    endloop
  endfacet
  facet normal -0.620686 0.784059 0
    outer loop
      vertex 5.22933 14.7163 0
      vertex 4.91719 14.4692 4.35
      vertex 5.22933 14.7163 4.35
    endloop
  endfacet
  facet normal -0.620686 0.784059 0
    outer loop
      vertex 4.91719 14.4692 4.35
      vertex 5.22933 14.7163 0
      vertex 4.91719 14.4692 0
    endloop
  endfacet
  facet normal 0 -1 0
    outer loop
      vertex 29.55 -20.1 10
      vertex 32.05 -20.1 9
      vertex 31.05 -20.1 10
    endloop
  endfacet
  facet normal 0 -1 0
    outer loop
      vertex 29.55 -20.1 10
      vertex 32.05 -20.1 1
      vertex 32.05 -20.1 9
    endloop
  endfacet
  facet normal 0 -1 0
    outer loop
      vertex 29.55 -20.1 0
      vertex 32.05 -20.1 1
      vertex 29.55 -20.1 10
    endloop
  endfacet
  facet normal 0 -1 0
    outer loop
      vertex 32.05 -20.1 1
      vertex 29.55 -20.1 0
      vertex 31.05 -20.1 0
    endloop
  endfacet
  facet normal -0.187451 -0.982274 0
    outer loop
      vertex 13.1535 12.829 0
      vertex 14.55 12.5625 10
      vertex 13.1535 12.829 10
    endloop
  endfacet
  facet normal -0.187451 -0.982274 -0
    outer loop
      vertex 14.55 12.5625 10
      vertex 13.1535 12.829 0
      vertex 14.55 12.5625 0
    endloop
  endfacet
  facet normal 0.0208455 -0.999783 0
    outer loop
      vertex 12.7794 12.8212 0
      vertex 13.1535 12.829 10
      vertex 12.7794 12.8212 10
    endloop
  endfacet
  facet normal 0.0208455 -0.999783 0
    outer loop
      vertex 13.1535 12.829 10
      vertex 12.7794 12.8212 0
      vertex 13.1535 12.829 0
    endloop
  endfacet
  facet normal 0.425604 -0.90491 0
    outer loop
      vertex 12.4407 12.6619 0
      vertex 12.7794 12.8212 10
      vertex 12.4407 12.6619 10
    endloop
  endfacet
  facet normal 0.425604 -0.90491 0
    outer loop
      vertex 12.7794 12.8212 10
      vertex 12.4407 12.6619 0
      vertex 12.7794 12.8212 0
    endloop
  endfacet
  facet normal 0.757078 -0.653324 0
    outer loop
      vertex 12.3198 12.5218 10
      vertex 12.4407 12.6619 0
      vertex 12.4407 12.6619 10
    endloop
  endfacet
  facet normal 0.757078 -0.653324 0
    outer loop
      vertex 12.4407 12.6619 0
      vertex 12.3198 12.5218 10
      vertex 12.3198 12.5218 0
    endloop
  endfacet
  facet normal 0.453857 -0.891074 0
    outer loop
      vertex 11.9878 12.3527 0
      vertex 12.3198 12.5218 10
      vertex 11.9878 12.3527 10
    endloop
  endfacet
  facet normal 0.453857 -0.891074 0
    outer loop
      vertex 12.3198 12.5218 10
      vertex 11.9878 12.3527 0
      vertex 12.3198 12.5218 0
    endloop
  endfacet
  facet normal 0.77727 -0.629167 0
    outer loop
      vertex 11.8714 12.2089 10
      vertex 11.9878 12.3527 0
      vertex 11.9878 12.3527 10
    endloop
  endfacet
  facet normal 0.77727 -0.629167 0
    outer loop
      vertex 11.9878 12.3527 0
      vertex 11.8714 12.2089 10
      vertex 11.8714 12.2089 0
    endloop
  endfacet
  facet normal 0.481764 -0.876301 0
    outer loop
      vertex 11.5449 12.0294 0
      vertex 11.8714 12.2089 10
      vertex 11.5449 12.0294 10
    endloop
  endfacet
  facet normal 0.481764 -0.876301 0
    outer loop
      vertex 11.8714 12.2089 10
      vertex 11.5449 12.0294 0
      vertex 11.8714 12.2089 0
    endloop
  endfacet
  facet normal 0.796485 -0.604658 0
    outer loop
      vertex 11.433 11.882 10
      vertex 11.5449 12.0294 0
      vertex 11.5449 12.0294 10
    endloop
  endfacet
  facet normal 0.796485 -0.604658 0
    outer loop
      vertex 11.5449 12.0294 0
      vertex 11.433 11.882 10
      vertex 11.433 11.882 0
    endloop
  endfacet
  facet normal 0.509037 -0.860745 0
    outer loop
      vertex 11.1124 11.6924 0
      vertex 11.433 11.882 10
      vertex 11.1124 11.6924 10
    endloop
  endfacet
  facet normal 0.509037 -0.860745 0
    outer loop
      vertex 11.433 11.882 10
      vertex 11.1124 11.6924 0
      vertex 11.433 11.882 0
    endloop
  endfacet
  facet normal 0.814635 -0.579974 0
    outer loop
      vertex 11.1124 11.6924 10
      vertex 11.082 11.6497 4.35
      vertex 11.1124 11.6924 0
    endloop
  endfacet
  facet normal 0.814791 -0.579755 -2.49596e-06
    outer loop
      vertex 11.0051 11.5416 10
      vertex 11.082 11.6497 4.35
      vertex 11.1124 11.6924 10
    endloop
  endfacet
  facet normal 0.814852 -0.579668 0
    outer loop
      vertex 11.082 11.6497 4.35
      vertex 11.0051 11.5416 10
      vertex 11.0051 11.5416 4.35
    endloop
  endfacet
  facet normal 0.814635 -0.579974 0
    outer loop
      vertex 11.1124 11.6924 0
      vertex 11.082 11.6497 4.35
      vertex 11.082 11.6497 0
    endloop
  endfacet
  facet normal 0.53585 -0.844313 0
    outer loop
      vertex 10.6906 11.342 4.35
      vertex 11.0051 11.5416 10
      vertex 10.6906 11.342 10
    endloop
  endfacet
  facet normal 0.53585 -0.844313 0
    outer loop
      vertex 11.0051 11.5416 10
      vertex 10.6906 11.342 4.35
      vertex 11.0051 11.5416 4.35
    endloop
  endfacet
  facet normal 0.833046 -0.553203 0
    outer loop
      vertex 10.5882 11.1878 10
      vertex 10.6906 11.342 4.35
      vertex 10.6906 11.342 10
    endloop
  endfacet
  facet normal 0.833046 -0.553203 0
    outer loop
      vertex 10.6906 11.342 4.35
      vertex 10.5882 11.1878 10
      vertex 10.5882 11.1878 4.35
    endloop
  endfacet
  facet normal 0.561928 -0.827186 0
    outer loop
      vertex 10.2801 10.9785 4.35
      vertex 10.5882 11.1878 10
      vertex 10.2801 10.9785 10
    endloop
  endfacet
  facet normal 0.561928 -0.827186 0
    outer loop
      vertex 10.5882 11.1878 10
      vertex 10.2801 10.9785 4.35
      vertex 10.5882 11.1878 4.35
    endloop
  endfacet
  facet normal 0.849724 -0.527228 0
    outer loop
      vertex 10.1825 10.8212 10
      vertex 10.2801 10.9785 4.35
      vertex 10.2801 10.9785 10
    endloop
  endfacet
  facet normal 0.849724 -0.527228 0
    outer loop
      vertex 10.2801 10.9785 4.35
      vertex 10.1825 10.8212 10
      vertex 10.1825 10.8212 4.35
    endloop
  endfacet
  facet normal 0.587897 -0.808936 0
    outer loop
      vertex 9.88116 10.6022 4.35
      vertex 10.1825 10.8212 10
      vertex 9.88116 10.6022 10
    endloop
  endfacet
  facet normal 0.587897 -0.808936 0
    outer loop
      vertex 10.1825 10.8212 10
      vertex 9.88116 10.6022 4.35
      vertex 10.1825 10.8212 4.35
    endloop
  endfacet
  facet normal 0.866013 -0.500022 0
    outer loop
      vertex 9.69403 10.2781 10
      vertex 9.88116 10.6022 4.35
      vertex 9.88116 10.6022 10
    endloop
  endfacet
  facet normal 0.866013 -0.500022 0
    outer loop
      vertex 9.88116 10.6022 4.35
      vertex 9.69403 10.2781 10
      vertex 9.69403 10.2781 4.35
    endloop
  endfacet
  facet normal 0.987692 -0.156411 0
    outer loop
      vertex 9.64999 10 10
      vertex 9.69403 10.2781 4.35
      vertex 9.69403 10.2781 10
    endloop
  endfacet
  facet normal 0.987692 -0.156411 0
    outer loop
      vertex 9.69403 10.2781 4.35
      vertex 9.64999 10 10
      vertex 9.64999 10 4.35
    endloop
  endfacet
  facet normal 1 0 0
    outer loop
      vertex 9.64999 10 10
      vertex 9.64999 8.23304 4.35
      vertex 9.64999 10 4.35
    endloop
  endfacet
  facet normal 1 0 0
    outer loop
      vertex 9.64999 10 10
      vertex 9.64999 4.79999 4.35
      vertex 9.64999 8.23304 4.35
    endloop
  endfacet
  facet normal 1 -0 0
    outer loop
      vertex 9.64999 -0.727173 10
      vertex 9.64999 4.79999 4.35
      vertex 9.64999 10 10
    endloop
  endfacet
  facet normal 1 0 0
    outer loop
      vertex 9.64999 4.79999 4.35
      vertex 9.64999 -0.727173 10
      vertex 9.64999 3.89999 4.35
    endloop
  endfacet
  facet normal 1 0 0
    outer loop
      vertex 9.64999 -0.727173 0
      vertex 9.64999 3.89999 4.35
      vertex 9.64999 -0.727173 10
    endloop
  endfacet
  facet normal 1 0 0
    outer loop
      vertex 9.64999 3.89999 4.35
      vertex 9.64999 -0.727173 0
      vertex 9.64999 3.89999 0
    endloop
  endfacet
  facet normal 0.98227 -0.187472 0
    outer loop
      vertex 5.35176 -23.248 10
      vertex 9.64999 -0.727173 0
      vertex 9.64999 -0.727173 10
    endloop
  endfacet
  facet normal 0.98227 -0.187472 0
    outer loop
      vertex 9.64999 -0.727173 0
      vertex 5.35176 -23.248 10
      vertex 5.35176 -23.248 0
    endloop
  endfacet
  facet normal 0.999782 0.0208666 0
    outer loop
      vertex 5.35957 -23.6222 10
      vertex 5.35176 -23.248 0
      vertex 5.35176 -23.248 10
    endloop
  endfacet
  facet normal 0.999782 0.0208666 0
    outer loop
      vertex 5.35176 -23.248 0
      vertex 5.35957 -23.6222 10
      vertex 5.35957 -23.6222 0
    endloop
  endfacet
  facet normal 0.904851 0.425729 0
    outer loop
      vertex 5.51888 -23.9608 10
      vertex 5.35957 -23.6222 0
      vertex 5.35957 -23.6222 10
    endloop
  endfacet
  facet normal 0.904851 0.425729 0
    outer loop
      vertex 5.35957 -23.6222 0
      vertex 5.51888 -23.9608 10
      vertex 5.51888 -23.9608 0
    endloop
  endfacet
  facet normal 0.653555 0.756879 -0
    outer loop
      vertex 5.80215 -24.2054 0
      vertex 5.51888 -23.9608 10
      vertex 5.80215 -24.2054 10
    endloop
  endfacet
  facet normal 0.653555 0.756879 0
    outer loop
      vertex 5.51888 -23.9608 10
      vertex 5.80215 -24.2054 0
      vertex 5.51888 -23.9608 0
    endloop
  endfacet
  facet normal 0.338799 0.940859 -0
    outer loop
      vertex 6.06708 -24.3008 0
      vertex 5.80215 -24.2054 10
      vertex 6.06708 -24.3008 10
    endloop
  endfacet
  facet normal 0.338799 0.940859 0
    outer loop
      vertex 5.80215 -24.2054 10
      vertex 6.06708 -24.3008 0
      vertex 5.80215 -24.2054 0
    endloop
  endfacet
  facet normal 0.188237 0.982124 -0
    outer loop
      vertex 6.14169 -24.3151 0
      vertex 6.06708 -24.3008 10
      vertex 6.14169 -24.3151 10
    endloop
  endfacet
  facet normal 0.188237 0.982124 0
    outer loop
      vertex 6.06708 -24.3008 10
      vertex 6.14169 -24.3151 0
      vertex 6.06708 -24.3008 0
    endloop
  endfacet
  facet normal 0.891032 0.453941 0
    outer loop
      vertex 6.22035 -24.4695 10
      vertex 6.14169 -24.3151 0
      vertex 6.14169 -24.3151 10
    endloop
  endfacet
  facet normal 0.891032 0.453941 0
    outer loop
      vertex 6.14169 -24.3151 0
      vertex 6.22035 -24.4695 10
      vertex 6.22035 -24.4695 0
    endloop
  endfacet
  facet normal 0.629305 0.777158 -0
    outer loop
      vertex 6.51118 -24.705 0
      vertex 6.22035 -24.4695 10
      vertex 6.51118 -24.705 10
    endloop
  endfacet
  facet normal 0.629305 0.777158 0
    outer loop
      vertex 6.22035 -24.4695 10
      vertex 6.51118 -24.705 0
      vertex 6.22035 -24.4695 0
    endloop
  endfacet
  facet normal 0.308995 0.951064 -0
    outer loop
      vertex 6.77896 -24.792 0
      vertex 6.51118 -24.705 10
      vertex 6.77896 -24.792 10
    endloop
  endfacet
  facet normal 0.308995 0.951064 0
    outer loop
      vertex 6.51118 -24.705 10
      vertex 6.77896 -24.792 0
      vertex 6.51118 -24.705 0
    endloop
  endfacet
  facet normal 0.156706 0.987645 -0
    outer loop
      vertex 6.85396 -24.8039 0
      vertex 6.77896 -24.792 10
      vertex 6.85396 -24.8039 10
    endloop
  endfacet
  facet normal 0.156706 0.987645 0
    outer loop
      vertex 6.77896 -24.792 10
      vertex 6.85396 -24.8039 0
      vertex 6.77896 -24.792 0
    endloop
  endfacet
  facet normal 0.876447 0.481498 0
    outer loop
      vertex 6.93741 -24.9558 10
      vertex 6.85396 -24.8039 0
      vertex 6.85396 -24.8039 10
    endloop
  endfacet
  facet normal 0.876447 0.481498 0
    outer loop
      vertex 6.85396 -24.8039 0
      vertex 6.93741 -24.9558 10
      vertex 6.93741 -24.9558 0
    endloop
  endfacet
  facet normal 0.604675 0.796472 -0
    outer loop
      vertex 7.23549 -25.1821 0
      vertex 6.93741 -24.9558 10
      vertex 7.23549 -25.1821 10
    endloop
  endfacet
  facet normal 0.604675 0.796472 0
    outer loop
      vertex 6.93741 -24.9558 10
      vertex 7.23549 -25.1821 0
      vertex 6.93741 -24.9558 0
    endloop
  endfacet
  facet normal 0.278781 0.960355 -0
    outer loop
      vertex 7.50591 -25.2606 0
      vertex 7.23549 -25.1821 10
      vertex 7.50591 -25.2606 10
    endloop
  endfacet
  facet normal 0.278781 0.960355 0
    outer loop
      vertex 7.23549 -25.1821 10
      vertex 7.50591 -25.2606 0
      vertex 7.23549 -25.1821 0
    endloop
  endfacet
  facet normal 0.12645 0.991973 -0
    outer loop
      vertex 7.58122 -25.2702 0
      vertex 7.50591 -25.2606 10
      vertex 7.58122 -25.2702 10
    endloop
  endfacet
  facet normal 0.12645 0.991973 0
    outer loop
      vertex 7.50591 -25.2606 10
      vertex 7.58122 -25.2702 0
      vertex 7.50591 -25.2606 0
    endloop
  endfacet
  facet normal 0.86066 0.50918 0
    outer loop
      vertex 7.66943 -25.4193 10
      vertex 7.58122 -25.2702 0
      vertex 7.58122 -25.2702 10
    endloop
  endfacet
  facet normal 0.86066 0.50918 0
    outer loop
      vertex 7.58122 -25.2702 0
      vertex 7.66943 -25.4193 10
      vertex 7.66943 -25.4193 0
    endloop
  endfacet
  facet normal 0.579316 0.815103 -0
    outer loop
      vertex 7.97447 -25.6361 0
      vertex 7.66943 -25.4193 10
      vertex 7.97447 -25.6361 10
    endloop
  endfacet
  facet normal 0.579316 0.815103 0
    outer loop
      vertex 7.66943 -25.4193 10
      vertex 7.97447 -25.6361 0
      vertex 7.66943 -25.4193 0
    endloop
  endfacet
  facet normal 0.248931 0.968521 -0
    outer loop
      vertex 8.24721 -25.7062 0
      vertex 7.97447 -25.6361 10
      vertex 8.24721 -25.7062 10
    endloop
  endfacet
  facet normal 0.248931 0.968521 0
    outer loop
      vertex 7.97447 -25.6361 10
      vertex 8.24721 -25.7062 0
      vertex 7.97447 -25.6361 0
    endloop
  endfacet
  facet normal 0.0935039 0.995619 -0
    outer loop
      vertex 8.32281 -25.7133 0
      vertex 8.24721 -25.7062 10
      vertex 8.32281 -25.7133 10
    endloop
  endfacet
  facet normal 0.0935039 0.995619 0
    outer loop
      vertex 8.24721 -25.7062 10
      vertex 8.32281 -25.7133 0
      vertex 8.24721 -25.7062 0
    endloop
  endfacet
  facet normal 0.84434 0.535807 0
    outer loop
      vertex 8.41565 -25.8596 10
      vertex 8.32281 -25.7133 0
      vertex 8.32281 -25.7133 10
    endloop
  endfacet
  facet normal 0.84434 0.535807 0
    outer loop
      vertex 8.32281 -25.7133 0
      vertex 8.41565 -25.8596 10
      vertex 8.41565 -25.8596 0
    endloop
  endfacet
  facet normal 0.553417 0.832904 -0
    outer loop
      vertex 8.72734 -26.0667 0
      vertex 8.41565 -25.8596 10
      vertex 8.72734 -26.0667 10
    endloop
  endfacet
  facet normal 0.553417 0.832904 0
    outer loop
      vertex 8.41565 -25.8596 10
      vertex 8.72734 -26.0667 0
      vertex 8.41565 -25.8596 0
    endloop
  endfacet
  facet normal 0.218374 0.975865 -0
    outer loop
      vertex 9.00217 -26.1282 0
      vertex 8.72734 -26.0667 10
      vertex 9.00217 -26.1282 10
    endloop
  endfacet
  facet normal 0.218374 0.975865 0
    outer loop
      vertex 8.72734 -26.0667 10
      vertex 9.00217 -26.1282 0
      vertex 8.72734 -26.0667 0
    endloop
  endfacet
  facet normal 0.0618946 0.998083 -0
    outer loop
      vertex 9.07796 -26.1329 0
      vertex 9.00217 -26.1282 10
      vertex 9.07796 -26.1329 10
    endloop
  endfacet
  facet normal 0.0618946 0.998083 0
    outer loop
      vertex 9.00217 -26.1282 10
      vertex 9.07796 -26.1329 0
      vertex 9.00217 -26.1282 0
    endloop
  endfacet
  facet normal 0.827254 0.561829 0
    outer loop
      vertex 9.17535 -26.2763 10
      vertex 9.07796 -26.1329 0
      vertex 9.07796 -26.1329 10
    endloop
  endfacet
  facet normal 0.827254 0.561829 0
    outer loop
      vertex 9.07796 -26.1329 0
      vertex 9.17535 -26.2763 10
      vertex 9.17535 -26.2763 0
    endloop
  endfacet
  facet normal 0.526933 0.849907 -0
    outer loop
      vertex 9.49342 -26.4735 0
      vertex 9.17535 -26.2763 10
      vertex 9.49342 -26.4735 10
    endloop
  endfacet
  facet normal 0.526933 0.849907 0
    outer loop
      vertex 9.17535 -26.2763 10
      vertex 9.49342 -26.4735 0
      vertex 9.17535 -26.2763 0
    endloop
  endfacet
  facet normal 0.187174 0.982327 -0
    outer loop
      vertex 9.77 -26.5262 0
      vertex 9.49342 -26.4735 10
      vertex 9.77 -26.5262 10
    endloop
  endfacet
  facet normal 0.187174 0.982327 0
    outer loop
      vertex 9.49342 -26.4735 10
      vertex 9.77 -26.5262 0
      vertex 9.49342 -26.4735 0
    endloop
  endfacet
  facet normal 0.0315964 0.999501 -0
    outer loop
      vertex 9.84592 -26.5286 0
      vertex 9.77 -26.5262 10
      vertex 9.84592 -26.5286 10
    endloop
  endfacet
  facet normal 0.0315964 0.999501 0
    outer loop
      vertex 9.77 -26.5262 10
      vertex 9.84592 -26.5286 0
      vertex 9.77 -26.5262 0
    endloop
  endfacet
  facet normal 0.809048 0.587743 0
    outer loop
      vertex 9.94777 -26.6688 10
      vertex 9.84592 -26.5286 0
      vertex 9.84592 -26.5286 10
    endloop
  endfacet
  facet normal 0.809048 0.587743 0
    outer loop
      vertex 9.84592 -26.5286 0
      vertex 9.94777 -26.6688 10
      vertex 9.94777 -26.6688 0
    endloop
  endfacet
  facet normal 0.500127 0.865952 -0
    outer loop
      vertex 10.2719 -26.856 0
      vertex 9.94777 -26.6688 10
      vertex 10.2719 -26.856 10
    endloop
  endfacet
  facet normal 0.500127 0.865952 0
    outer loop
      vertex 9.94777 -26.6688 10
      vertex 10.2719 -26.856 0
      vertex 9.94777 -26.6688 0
    endloop
  endfacet
  facet normal 0.156273 0.987714 -0
    outer loop
      vertex 10.55 -26.9 0
      vertex 10.2719 -26.856 10
      vertex 10.55 -26.9 10
    endloop
  endfacet
  facet normal 0.156273 0.987714 0
    outer loop
      vertex 10.2719 -26.856 10
      vertex 10.55 -26.9 0
      vertex 10.2719 -26.856 0
    endloop
  endfacet
  facet normal 0 1 -0
    outer loop
      vertex 14.55 -26.9 0
      vertex 10.55 -26.9 10
      vertex 14.55 -26.9 10
    endloop
  endfacet
  facet normal 0 1 0
    outer loop
      vertex 10.55 -26.9 10
      vertex 14.55 -26.9 0
      vertex 10.55 -26.9 0
    endloop
  endfacet
  facet normal 0.187419 0.98228 -9.8228e-05
    outer loop
      vertex 32.05 -29.2598 9
      vertex 29.55 -28.7827 10
      vertex 31.05 -29.0689 10
    endloop
  endfacet
  facet normal 0.187457 0.982273 -0
    outer loop
      vertex 32.05 -29.2598 1
      vertex 29.55 -28.7827 10
      vertex 32.05 -29.2598 9
    endloop
  endfacet
  facet normal 0.187419 0.98228 9.8228e-05
    outer loop
      vertex 29.55 -28.7827 0
      vertex 32.05 -29.2598 1
      vertex 31.05 -29.0689 0
    endloop
  endfacet
  facet normal 0.187457 0.982273 0
    outer loop
      vertex 32.05 -29.2598 1
      vertex 29.55 -28.7827 0
      vertex 29.55 -28.7827 10
    endloop
  endfacet
  facet normal 1 -0 0
    outer loop
      vertex 14.55 -31.4181 10
      vertex 14.55 -26.9 0
      vertex 14.55 -26.9 10
    endloop
  endfacet
  facet normal 1 0 0
    outer loop
      vertex 14.55 -26.9 0
      vertex 14.55 -31.4181 10
      vertex 14.55 -31.4181 0
    endloop
  endfacet
  facet normal 1 -0 0
    outer loop
      vertex 14.55 12.5625 10
      vertex 14.55 15.4181 0
      vertex 14.55 15.4181 10
    endloop
  endfacet
  facet normal 1 0 0
    outer loop
      vertex 14.55 15.4181 0
      vertex 14.55 12.5625 10
      vertex 14.55 12.5625 0
    endloop
  endfacet
  facet normal -1 0 0
    outer loop
      vertex 29.55 -31.4181 0
      vertex 29.55 -28.7827 10
      vertex 29.55 -28.7827 0
    endloop
  endfacet
  facet normal -1 -0 0
    outer loop
      vertex 29.55 -28.7827 10
      vertex 29.55 -31.4181 0
      vertex 29.55 -31.4181 10
    endloop
  endfacet
  facet normal -1 0 0
    outer loop
      vertex 29.55 -1.275 0
      vertex 29.55 15.4181 10
      vertex 29.55 15.4181 0
    endloop
  endfacet
  facet normal -1 -0 0
    outer loop
      vertex 29.55 15.4181 10
      vertex 29.55 -1.275 0
      vertex 29.55 -1.275 10
    endloop
  endfacet
  facet normal -1 0 0
    outer loop
      vertex 29.55 -20.1 0
      vertex 29.55 -2.525 10
      vertex 29.55 -2.525 0
    endloop
  endfacet
  facet normal -1 -0 0
    outer loop
      vertex 29.55 -2.525 10
      vertex 29.55 -20.1 0
      vertex 29.55 -20.1 10
    endloop
  endfacet
  facet normal 0 -1 0
    outer loop
      vertex 14.55 15.4181 0
      vertex 29.55 15.4181 10
      vertex 14.55 15.4181 10
    endloop
  endfacet
  facet normal 0 -1 -0
    outer loop
      vertex 29.55 15.4181 10
      vertex 14.55 15.4181 0
      vertex 29.55 15.4181 0
    endloop
  endfacet
  facet normal 0 1 -0
    outer loop
      vertex 29.55 -31.4181 0
      vertex 14.55 -31.4181 10
      vertex 29.55 -31.4181 10
    endloop
  endfacet
  facet normal 0 1 0
    outer loop
      vertex 14.55 -31.4181 10
      vertex 29.55 -31.4181 0
      vertex 14.55 -31.4181 0
    endloop
  endfacet
  facet normal -0.093981 -0.995574 0
    outer loop
      vertex 4.44552 12.2762 0
      vertex 8.04938 11.936 4.35
      vertex 4.44552 12.2762 4.35
    endloop
  endfacet
  facet normal -0.0939846 -0.995574 3.02769e-06
    outer loop
      vertex 11.082 11.6497 0
      vertex 8.04938 11.936 4.35
      vertex 4.44552 12.2762 0
    endloop
  endfacet
  facet normal -0.0939889 -0.995573 0
    outer loop
      vertex 8.04938 11.936 4.35
      vertex 11.082 11.6497 0
      vertex 11.082 11.6497 4.35
    endloop
  endfacet
  facet normal 0 1 -0
    outer loop
      vertex 9.64999 3.89999 0
      vertex 8.04938 3.89999 4.35
      vertex 9.64999 3.89999 4.35
    endloop
  endfacet
  facet normal 0 1 0
    outer loop
      vertex 4.44552 3.89999 0
      vertex 8.04938 3.89999 4.35
      vertex 9.64999 3.89999 0
    endloop
  endfacet
  facet normal 0 1 0
    outer loop
      vertex 8.04938 3.89999 4.35
      vertex 4.44552 3.89999 0
      vertex 4.44552 3.89999 4.35
    endloop
  endfacet
  facet normal -0.581934 -0.813236 0
    outer loop
      vertex 1.40654 39.9172 1.5
      vertex 1.72712 39.6878 9.2
      vertex 1.40654 39.9172 9.2
    endloop
  endfacet
  facet normal -0.581934 -0.813236 -0
    outer loop
      vertex 1.72712 39.6878 9.2
      vertex 1.40654 39.9172 1.5
      vertex 1.72712 39.6878 1.5
    endloop
  endfacet
  facet normal 0.989342 -0.145611 0
    outer loop
      vertex -2.6928 37.8095 9.2
      vertex -2.6354 38.1995 1.5
      vertex -2.6354 38.1995 9.2
    endloop
  endfacet
  facet normal 0.989342 -0.145611 0
    outer loop
      vertex -2.6354 38.1995 1.5
      vertex -2.6928 37.8095 9.2
      vertex -2.6928 37.8095 1.5
    endloop
  endfacet
  facet normal -0.997334 0.0729738 0
    outer loop
      vertex 2.67123 37.2193 1.5
      vertex 2.7 37.6125 9.2
      vertex 2.7 37.6125 1.5
    endloop
  endfacet
  facet normal -0.997334 0.0729738 0
    outer loop
      vertex 2.7 37.6125 9.2
      vertex 2.67123 37.2193 1.5
      vertex 2.67123 37.2193 9.2
    endloop
  endfacet
  facet normal 0.390972 -0.920403 0
    outer loop
      vertex -1.23455 40.0137 1.5
      vertex -0.871777 40.1678 9.2
      vertex -1.23455 40.0137 9.2
    endloop
  endfacet
  facet normal 0.390972 -0.920403 0
    outer loop
      vertex -0.871777 40.1678 9.2
      vertex -1.23455 40.0137 1.5
      vertex -0.871777 40.1678 1.5
    endloop
  endfacet
  facet normal 0.95761 -0.288069 0
    outer loop
      vertex -2.6354 38.1995 9.2
      vertex -2.52184 38.577 1.5
      vertex -2.52184 38.577 9.2
    endloop
  endfacet
  facet normal 0.95761 -0.288069 0
    outer loop
      vertex -2.52184 38.577 1.5
      vertex -2.6354 38.1995 9.2
      vertex -2.6354 38.1995 1.5
    endloop
  endfacet
  facet normal 0.905446 0.424461 0
    outer loop
      vertex -2.35453 36.291 9.2
      vertex -2.52184 36.6479 1.5
      vertex -2.52184 36.6479 9.2
    endloop
  endfacet
  facet normal 0.905446 0.424461 0
    outer loop
      vertex -2.52184 36.6479 1.5
      vertex -2.35453 36.291 9.2
      vertex -2.35453 36.291 1.5
    endloop
  endfacet
  facet normal 0.390972 0.920403 -0
    outer loop
      vertex -0.871777 35.0571 1.5
      vertex -1.23455 35.2112 9.2
      vertex -0.871777 35.0571 9.2
    endloop
  endfacet
  facet normal 0.390972 0.920403 0
    outer loop
      vertex -1.23455 35.2112 9.2
      vertex -0.871777 35.0571 1.5
      vertex -1.23455 35.2112 1.5
    endloop
  endfacet
  facet normal -0.872021 -0.489468 0
    outer loop
      vertex 2.44471 38.7585 1.5
      vertex 2.25179 39.1022 9.2
      vertex 2.25179 39.1022 1.5
    endloop
  endfacet
  facet normal -0.872021 -0.489468 0
    outer loop
      vertex 2.25179 39.1022 9.2
      vertex 2.44471 38.7585 1.5
      vertex 2.44471 38.7585 9.2
    endloop
  endfacet
  facet normal -0.791507 -0.61116 0
    outer loop
      vertex 2.25179 39.1022 1.5
      vertex 2.01088 39.4142 9.2
      vertex 2.01088 39.4142 1.5
    endloop
  endfacet
  facet normal -0.791507 -0.61116 0
    outer loop
      vertex 2.01088 39.4142 9.2
      vertex 2.25179 39.1022 1.5
      vertex 2.25179 39.1022 9.2
    endloop
  endfacet
  facet normal -0.694102 -0.719877 0
    outer loop
      vertex 1.72712 39.6878 1.5
      vertex 2.01088 39.4142 9.2
      vertex 1.72712 39.6878 9.2
    endloop
  endfacet
  facet normal -0.694102 -0.719877 -0
    outer loop
      vertex 2.01088 39.4142 9.2
      vertex 1.72712 39.6878 1.5
      vertex 2.01088 39.4142 1.5
    endloop
  endfacet
  facet normal -0.322948 -0.946417 0
    outer loop
      vertex 0.68292 40.2247 1.5
      vertex 1.05598 40.0974 9.2
      vertex 0.68292 40.2247 9.2
    endloop
  endfacet
  facet normal -0.322948 -0.946417 -0
    outer loop
      vertex 1.05598 40.0974 9.2
      vertex 0.68292 40.2247 1.5
      vertex 1.05598 40.0974 1.5
    endloop
  endfacet
  facet normal -0.0365322 -0.999332 0
    outer loop
      vertex -0.098609 40.3107 1.5
      vertex 0.295301 40.2963 9.2
      vertex -0.098609 40.3107 9.2
    endloop
  endfacet
  facet normal -0.0365322 -0.999332 -0
    outer loop
      vertex 0.295301 40.2963 9.2
      vertex -0.098609 40.3107 1.5
      vertex 0.295301 40.2963 1.5
    endloop
  endfacet
  facet normal -0.181645 -0.983364 0
    outer loop
      vertex 0.295301 40.2963 1.5
      vertex 0.68292 40.2247 9.2
      vertex 0.295301 40.2963 9.2
    endloop
  endfacet
  facet normal -0.181645 -0.983364 -0
    outer loop
      vertex 0.68292 40.2247 9.2
      vertex 0.295301 40.2963 1.5
      vertex 0.68292 40.2247 1.5
    endloop
  endfacet
  facet normal 1 -0 0
    outer loop
      vertex -2.6928 37.4154 9.2
      vertex -2.6928 37.8095 1.5
      vertex -2.6928 37.8095 9.2
    endloop
  endfacet
  facet normal 1 0 0
    outer loop
      vertex -2.6928 37.8095 1.5
      vertex -2.6928 37.4154 9.2
      vertex -2.6928 37.4154 1.5
    endloop
  endfacet
  facet normal 0.83397 -0.55181 0
    outer loop
      vertex -2.35453 38.9339 9.2
      vertex -2.13704 39.2626 1.5
      vertex -2.13704 39.2626 9.2
    endloop
  endfacet
  facet normal 0.83397 -0.55181 0
    outer loop
      vertex -2.13704 39.2626 1.5
      vertex -2.35453 38.9339 9.2
      vertex -2.35453 38.9339 1.5
    endloop
  endfacet
  facet normal 0.521043 -0.853531 0
    outer loop
      vertex -1.57102 39.8083 1.5
      vertex -1.23455 40.0137 9.2
      vertex -1.57102 39.8083 9.2
    endloop
  endfacet
  facet normal 0.521043 -0.853531 0
    outer loop
      vertex -1.23455 40.0137 9.2
      vertex -1.57102 39.8083 1.5
      vertex -1.23455 40.0137 1.5
    endloop
  endfacet
  facet normal 0.109593 -0.993977 0
    outer loop
      vertex -0.490419 40.2675 1.5
      vertex -0.098609 40.3107 9.2
      vertex -0.490419 40.2675 9.2
    endloop
  endfacet
  facet normal 0.109593 -0.993977 0
    outer loop
      vertex -0.098609 40.3107 9.2
      vertex -0.490419 40.2675 1.5
      vertex -0.098609 40.3107 1.5
    endloop
  endfacet
  facet normal -0.997333 -0.0729923 0
    outer loop
      vertex 2.7 37.6125 1.5
      vertex 2.67123 38.0056 9.2
      vertex 2.67123 38.0056 1.5
    endloop
  endfacet
  facet normal -0.997333 -0.0729923 0
    outer loop
      vertex 2.67123 38.0056 9.2
      vertex 2.7 37.6125 1.5
      vertex 2.7 37.6125 9.2
    endloop
  endfacet
  facet normal -0.181645 0.983364 0
    outer loop
      vertex 0.68292 35.0003 1.5
      vertex 0.295301 34.9287 9.2
      vertex 0.68292 35.0003 9.2
    endloop
  endfacet
  facet normal -0.181645 0.983364 0
    outer loop
      vertex 0.295301 34.9287 9.2
      vertex 0.68292 35.0003 1.5
      vertex 0.295301 34.9287 1.5
    endloop
  endfacet
  facet normal -0.976068 0.217465 0
    outer loop
      vertex 2.58552 36.8346 1.5
      vertex 2.67123 37.2193 9.2
      vertex 2.67123 37.2193 1.5
    endloop
  endfacet
  facet normal -0.976068 0.217465 0
    outer loop
      vertex 2.67123 37.2193 9.2
      vertex 2.58552 36.8346 1.5
      vertex 2.58552 36.8346 9.2
    endloop
  endfacet
  facet normal -0.457372 0.889275 0
    outer loop
      vertex 1.40654 35.3078 1.5
      vertex 1.05598 35.1275 9.2
      vertex 1.40654 35.3078 9.2
    endloop
  endfacet
  facet normal -0.457372 0.889275 0
    outer loop
      vertex 1.05598 35.1275 9.2
      vertex 1.40654 35.3078 1.5
      vertex 1.05598 35.1275 1.5
    endloop
  endfacet
  facet normal -0.581766 0.813356 0
    outer loop
      vertex 1.72712 35.5371 1.5
      vertex 1.40654 35.3078 9.2
      vertex 1.72712 35.5371 9.2
    endloop
  endfacet
  facet normal -0.581766 0.813356 0
    outer loop
      vertex 1.40654 35.3078 9.2
      vertex 1.72712 35.5371 1.5
      vertex 1.40654 35.3078 1.5
    endloop
  endfacet
  facet normal -0.0365322 0.999332 0
    outer loop
      vertex 0.295301 34.9287 1.5
      vertex -0.098609 34.9143 9.2
      vertex 0.295301 34.9287 9.2
    endloop
  endfacet
  facet normal -0.0365322 0.999332 0
    outer loop
      vertex -0.098609 34.9143 9.2
      vertex 0.295301 34.9287 1.5
      vertex -0.098609 34.9143 1.5
    endloop
  endfacet
  facet normal 0.63961 0.768699 -0
    outer loop
      vertex -1.57102 35.4166 1.5
      vertex -1.874 35.6687 9.2
      vertex -1.57102 35.4166 9.2
    endloop
  endfacet
  facet normal 0.63961 0.768699 0
    outer loop
      vertex -1.874 35.6687 9.2
      vertex -1.57102 35.4166 1.5
      vertex -1.874 35.6687 1.5
    endloop
  endfacet
  facet normal 0.83397 0.55181 0
    outer loop
      vertex -2.13704 35.9623 9.2
      vertex -2.35453 36.291 1.5
      vertex -2.35453 36.291 9.2
    endloop
  endfacet
  facet normal 0.83397 0.55181 0
    outer loop
      vertex -2.35453 36.291 1.5
      vertex -2.13704 35.9623 9.2
      vertex -2.13704 35.9623 1.5
    endloop
  endfacet
  facet normal 0.989342 0.145611 0
    outer loop
      vertex -2.6354 37.0254 9.2
      vertex -2.6928 37.4154 1.5
      vertex -2.6928 37.4154 9.2
    endloop
  endfacet
  facet normal 0.989342 0.145611 0
    outer loop
      vertex -2.6928 37.4154 1.5
      vertex -2.6354 37.0254 9.2
      vertex -2.6354 37.0254 1.5
    endloop
  endfacet
  facet normal 0 0 1
    outer loop
      vertex 2.67123 38.0056 1.5
      vertex 2.67123 37.2193 1.5
      vertex 2.7 37.6125 1.5
    endloop
  endfacet
  facet normal 0 0 1
    outer loop
      vertex 2.58552 38.3903 1.5
      vertex 2.67123 37.2193 1.5
      vertex 2.67123 38.0056 1.5
    endloop
  endfacet
  facet normal 0 0 1
    outer loop
      vertex 2.58552 38.3903 1.5
      vertex 2.58552 36.8346 1.5
      vertex 2.67123 37.2193 1.5
    endloop
  endfacet
  facet normal 0 0 1
    outer loop
      vertex 2.44471 38.7585 1.5
      vertex 2.58552 36.8346 1.5
      vertex 2.58552 38.3903 1.5
    endloop
  endfacet
  facet normal 0 0 1
    outer loop
      vertex 2.44471 38.7585 1.5
      vertex 2.44471 36.4664 1.5
      vertex 2.58552 36.8346 1.5
    endloop
  endfacet
  facet normal 0 0 1
    outer loop
      vertex 2.25179 39.1022 1.5
      vertex 2.44471 36.4664 1.5
      vertex 2.44471 38.7585 1.5
    endloop
  endfacet
  facet normal 0 0 1
    outer loop
      vertex 2.25179 39.1022 1.5
      vertex 2.25179 36.1227 1.5
      vertex 2.44471 36.4664 1.5
    endloop
  endfacet
  facet normal 0 0 1
    outer loop
      vertex 2.01088 39.4142 1.5
      vertex 2.25179 36.1227 1.5
      vertex 2.25179 39.1022 1.5
    endloop
  endfacet
  facet normal 0 0 1
    outer loop
      vertex 2.01088 39.4142 1.5
      vertex 2.01088 35.8107 1.5
      vertex 2.25179 36.1227 1.5
    endloop
  endfacet
  facet normal 0 0 1
    outer loop
      vertex 1.72712 39.6878 1.5
      vertex 2.01088 35.8107 1.5
      vertex 2.01088 39.4142 1.5
    endloop
  endfacet
  facet normal 0 0 1
    outer loop
      vertex 1.72712 39.6878 1.5
      vertex 1.72712 35.5371 1.5
      vertex 2.01088 35.8107 1.5
    endloop
  endfacet
  facet normal 0 0 1
    outer loop
      vertex 1.40654 39.9172 1.5
      vertex 1.72712 35.5371 1.5
      vertex 1.72712 39.6878 1.5
    endloop
  endfacet
  facet normal 0 0 1
    outer loop
      vertex 1.40654 39.9172 1.5
      vertex 1.40654 35.3078 1.5
      vertex 1.72712 35.5371 1.5
    endloop
  endfacet
  facet normal 0 0 1
    outer loop
      vertex 1.05598 40.0974 1.5
      vertex 1.40654 35.3078 1.5
      vertex 1.40654 39.9172 1.5
    endloop
  endfacet
  facet normal 0 0 1
    outer loop
      vertex 1.05598 40.0974 1.5
      vertex 1.05598 35.1275 1.5
      vertex 1.40654 35.3078 1.5
    endloop
  endfacet
  facet normal 0 0 1
    outer loop
      vertex 0.68292 40.2247 1.5
      vertex 1.05598 35.1275 1.5
      vertex 1.05598 40.0974 1.5
    endloop
  endfacet
  facet normal 0 0 1
    outer loop
      vertex 0.68292 40.2247 1.5
      vertex 0.68292 35.0003 1.5
      vertex 1.05598 35.1275 1.5
    endloop
  endfacet
  facet normal 0 0 1
    outer loop
      vertex 0.295301 40.2963 1.5
      vertex 0.68292 35.0003 1.5
      vertex 0.68292 40.2247 1.5
    endloop
  endfacet
  facet normal 0 0 1
    outer loop
      vertex 0.295301 40.2963 1.5
      vertex 0.295301 34.9287 1.5
      vertex 0.68292 35.0003 1.5
    endloop
  endfacet
  facet normal 0 0 1
    outer loop
      vertex -0.098609 40.3107 1.5
      vertex 0.295301 34.9287 1.5
      vertex 0.295301 40.2963 1.5
    endloop
  endfacet
  facet normal 0 0 1
    outer loop
      vertex -0.098609 40.3107 1.5
      vertex -0.098609 34.9143 1.5
      vertex 0.295301 34.9287 1.5
    endloop
  endfacet
  facet normal -0 0 1
    outer loop
      vertex -0.490419 40.2675 1.5
      vertex -0.098609 34.9143 1.5
      vertex -0.098609 40.3107 1.5
    endloop
  endfacet
  facet normal 0 0 1
    outer loop
      vertex -0.490419 40.2675 1.5
      vertex -0.490419 34.9574 1.5
      vertex -0.098609 34.9143 1.5
    endloop
  endfacet
  facet normal -0 0 1
    outer loop
      vertex -0.871777 40.1678 1.5
      vertex -0.490419 34.9574 1.5
      vertex -0.490419 40.2675 1.5
    endloop
  endfacet
  facet normal 0 0 1
    outer loop
      vertex -0.871777 40.1678 1.5
      vertex -0.871777 35.0571 1.5
      vertex -0.490419 34.9574 1.5
    endloop
  endfacet
  facet normal -0 0 1
    outer loop
      vertex -1.23455 40.0137 1.5
      vertex -0.871777 35.0571 1.5
      vertex -0.871777 40.1678 1.5
    endloop
  endfacet
  facet normal 0 0 1
    outer loop
      vertex -1.23455 40.0137 1.5
      vertex -1.23455 35.2112 1.5
      vertex -0.871777 35.0571 1.5
    endloop
  endfacet
  facet normal -0 0 1
    outer loop
      vertex -1.57102 39.8083 1.5
      vertex -1.23455 35.2112 1.5
      vertex -1.23455 40.0137 1.5
    endloop
  endfacet
  facet normal 0 0 1
    outer loop
      vertex -1.57102 39.8083 1.5
      vertex -1.57102 35.4166 1.5
      vertex -1.23455 35.2112 1.5
    endloop
  endfacet
  facet normal -0 0 1
    outer loop
      vertex -1.874 39.5562 1.5
      vertex -1.57102 35.4166 1.5
      vertex -1.57102 39.8083 1.5
    endloop
  endfacet
  facet normal 0 0 1
    outer loop
      vertex -1.874 39.5562 1.5
      vertex -1.874 35.6687 1.5
      vertex -1.57102 35.4166 1.5
    endloop
  endfacet
  facet normal -0 0 1
    outer loop
      vertex -2.13704 39.2626 1.5
      vertex -1.874 35.6687 1.5
      vertex -1.874 39.5562 1.5
    endloop
  endfacet
  facet normal 0 0 1
    outer loop
      vertex -2.13704 39.2626 1.5
      vertex -2.13704 35.9623 1.5
      vertex -1.874 35.6687 1.5
    endloop
  endfacet
  facet normal -0 0 1
    outer loop
      vertex -2.35453 38.9339 1.5
      vertex -2.13704 35.9623 1.5
      vertex -2.13704 39.2626 1.5
    endloop
  endfacet
  facet normal 0 0 1
    outer loop
      vertex -2.35453 38.9339 1.5
      vertex -2.35453 36.291 1.5
      vertex -2.13704 35.9623 1.5
    endloop
  endfacet
  facet normal -0 0 1
    outer loop
      vertex -2.52184 38.577 1.5
      vertex -2.35453 36.291 1.5
      vertex -2.35453 38.9339 1.5
    endloop
  endfacet
  facet normal 0 0 1
    outer loop
      vertex -2.52184 38.577 1.5
      vertex -2.52184 36.6479 1.5
      vertex -2.35453 36.291 1.5
    endloop
  endfacet
  facet normal -0 0 1
    outer loop
      vertex -2.6354 38.1995 1.5
      vertex -2.52184 36.6479 1.5
      vertex -2.52184 38.577 1.5
    endloop
  endfacet
  facet normal 0 0 1
    outer loop
      vertex -2.6354 38.1995 1.5
      vertex -2.6354 37.0254 1.5
      vertex -2.52184 36.6479 1.5
    endloop
  endfacet
  facet normal -0 0 1
    outer loop
      vertex -2.6928 37.8095 1.5
      vertex -2.6354 37.0254 1.5
      vertex -2.6354 38.1995 1.5
    endloop
  endfacet
  facet normal 0 0 1
    outer loop
      vertex -2.6354 37.0254 1.5
      vertex -2.6928 37.8095 1.5
      vertex -2.6928 37.4154 1.5
    endloop
  endfacet
  facet normal 0.744806 0.667281 0
    outer loop
      vertex -1.874 35.6687 9.2
      vertex -2.13704 35.9623 1.5
      vertex -2.13704 35.9623 9.2
    endloop
  endfacet
  facet normal 0.744806 0.667281 0
    outer loop
      vertex -2.13704 35.9623 1.5
      vertex -1.874 35.6687 9.2
      vertex -1.874 35.6687 1.5
    endloop
  endfacet
  facet normal -0.976068 -0.217465 0
    outer loop
      vertex 2.67123 38.0056 1.5
      vertex 2.58552 38.3903 9.2
      vertex 2.58552 38.3903 1.5
    endloop
  endfacet
  facet normal -0.976068 -0.217465 0
    outer loop
      vertex 2.58552 38.3903 9.2
      vertex 2.67123 38.0056 1.5
      vertex 2.67123 38.0056 9.2
    endloop
  endfacet
  facet normal -0.934028 -0.357199 0
    outer loop
      vertex 2.58552 38.3903 1.5
      vertex 2.44471 38.7585 9.2
      vertex 2.44471 38.7585 1.5
    endloop
  endfacet
  facet normal -0.934028 -0.357199 0
    outer loop
      vertex 2.44471 38.7585 9.2
      vertex 2.58552 38.3903 1.5
      vertex 2.58552 38.3903 9.2
    endloop
  endfacet
  facet normal -0.457171 -0.889379 0
    outer loop
      vertex 1.05598 40.0974 1.5
      vertex 1.40654 39.9172 9.2
      vertex 1.05598 40.0974 9.2
    endloop
  endfacet
  facet normal -0.457171 -0.889379 -0
    outer loop
      vertex 1.40654 39.9172 9.2
      vertex 1.05598 40.0974 1.5
      vertex 1.40654 39.9172 1.5
    endloop
  endfacet
  facet normal 0.905446 -0.424461 0
    outer loop
      vertex -2.52184 38.577 9.2
      vertex -2.35453 38.9339 1.5
      vertex -2.35453 38.9339 9.2
    endloop
  endfacet
  facet normal 0.905446 -0.424461 0
    outer loop
      vertex -2.35453 38.9339 1.5
      vertex -2.52184 38.577 9.2
      vertex -2.52184 38.577 1.5
    endloop
  endfacet
  facet normal 0.252933 -0.967484 0
    outer loop
      vertex -0.871777 40.1678 1.5
      vertex -0.490419 40.2675 9.2
      vertex -0.871777 40.1678 9.2
    endloop
  endfacet
  facet normal 0.252933 -0.967484 0
    outer loop
      vertex -0.490419 40.2675 9.2
      vertex -0.871777 40.1678 1.5
      vertex -0.490419 40.2675 1.5
    endloop
  endfacet
  facet normal 0.63961 -0.768699 0
    outer loop
      vertex -1.874 39.5562 1.5
      vertex -1.57102 39.8083 9.2
      vertex -1.874 39.5562 9.2
    endloop
  endfacet
  facet normal 0.63961 -0.768699 0
    outer loop
      vertex -1.57102 39.8083 9.2
      vertex -1.874 39.5562 1.5
      vertex -1.57102 39.8083 1.5
    endloop
  endfacet
  facet normal 0.744806 -0.667281 0
    outer loop
      vertex -2.13704 39.2626 9.2
      vertex -1.874 39.5562 1.5
      vertex -1.874 39.5562 9.2
    endloop
  endfacet
  facet normal 0.744806 -0.667281 0
    outer loop
      vertex -1.874 39.5562 1.5
      vertex -2.13704 39.2626 9.2
      vertex -2.13704 39.2626 1.5
    endloop
  endfacet
  facet normal -0.872021 0.489468 0
    outer loop
      vertex 2.25179 36.1227 1.5
      vertex 2.44471 36.4664 9.2
      vertex 2.44471 36.4664 1.5
    endloop
  endfacet
  facet normal -0.872021 0.489468 0
    outer loop
      vertex 2.44471 36.4664 9.2
      vertex 2.25179 36.1227 1.5
      vertex 2.25179 36.1227 9.2
    endloop
  endfacet
  facet normal -0.934028 0.357199 0
    outer loop
      vertex 2.44471 36.4664 1.5
      vertex 2.58552 36.8346 9.2
      vertex 2.58552 36.8346 1.5
    endloop
  endfacet
  facet normal -0.934028 0.357199 0
    outer loop
      vertex 2.58552 36.8346 9.2
      vertex 2.44471 36.4664 1.5
      vertex 2.44471 36.4664 9.2
    endloop
  endfacet
  facet normal -0.32272 0.946494 0
    outer loop
      vertex 1.05598 35.1275 1.5
      vertex 0.68292 35.0003 9.2
      vertex 1.05598 35.1275 9.2
    endloop
  endfacet
  facet normal -0.32272 0.946494 0
    outer loop
      vertex 0.68292 35.0003 9.2
      vertex 1.05598 35.1275 1.5
      vertex 0.68292 35.0003 1.5
    endloop
  endfacet
  facet normal -0.694102 0.719877 0
    outer loop
      vertex 2.01088 35.8107 1.5
      vertex 1.72712 35.5371 9.2
      vertex 2.01088 35.8107 9.2
    endloop
  endfacet
  facet normal -0.694102 0.719877 0
    outer loop
      vertex 1.72712 35.5371 9.2
      vertex 2.01088 35.8107 1.5
      vertex 1.72712 35.5371 1.5
    endloop
  endfacet
  facet normal 0.252933 0.967484 -0
    outer loop
      vertex -0.490419 34.9574 1.5
      vertex -0.871777 35.0571 9.2
      vertex -0.490419 34.9574 9.2
    endloop
  endfacet
  facet normal 0.252933 0.967484 0
    outer loop
      vertex -0.871777 35.0571 9.2
      vertex -0.490419 34.9574 1.5
      vertex -0.871777 35.0571 1.5
    endloop
  endfacet
  facet normal 0.521043 0.853531 -0
    outer loop
      vertex -1.23455 35.2112 1.5
      vertex -1.57102 35.4166 9.2
      vertex -1.23455 35.2112 9.2
    endloop
  endfacet
  facet normal 0.521043 0.853531 0
    outer loop
      vertex -1.57102 35.4166 9.2
      vertex -1.23455 35.2112 1.5
      vertex -1.57102 35.4166 1.5
    endloop
  endfacet
  facet normal 0.95761 0.288069 0
    outer loop
      vertex -2.52184 36.6479 9.2
      vertex -2.6354 37.0254 1.5
      vertex -2.6354 37.0254 9.2
    endloop
  endfacet
  facet normal 0.95761 0.288069 0
    outer loop
      vertex -2.6354 37.0254 1.5
      vertex -2.52184 36.6479 9.2
      vertex -2.52184 36.6479 1.5
    endloop
  endfacet
  facet normal -0.791507 0.61116 0
    outer loop
      vertex 2.01088 35.8107 1.5
      vertex 2.25179 36.1227 9.2
      vertex 2.25179 36.1227 1.5
    endloop
  endfacet
  facet normal -0.791507 0.61116 0
    outer loop
      vertex 2.25179 36.1227 9.2
      vertex 2.01088 35.8107 1.5
      vertex 2.01088 35.8107 9.2
    endloop
  endfacet
  facet normal 0.109343 0.994004 -0
    outer loop
      vertex -0.098609 34.9143 1.5
      vertex -0.490419 34.9574 9.2
      vertex -0.098609 34.9143 9.2
    endloop
  endfacet
  facet normal 0.109343 0.994004 0
    outer loop
      vertex -0.490419 34.9574 9.2
      vertex -0.098609 34.9143 1.5
      vertex -0.490419 34.9574 1.5
    endloop
  endfacet
  facet normal -0.711036 -0.0354956 0.702259
    outer loop
      vertex 3.175 37.6125 9.2
      vertex 3.96493 37.6164 10
      vertex 3.15922 37.9286 9.2
    endloop
  endfacet
  facet normal -0.71106 -0.0346414 0.702278
    outer loop
      vertex 3.96493 37.6164 10
      vertex 3.175 37.6125 9.2
      vertex 3.96512 37.6125 10
    endloop
  endfacet
  facet normal 0.497113 -0.509627 0.702252
    outer loop
      vertex -2.32744 39.772 9.2
      vertex -2.62646 40.5827 10
      vertex -2.90664 40.3094 10
    endloop
  endfacet
  facet normal -0.521866 -0.484232 0.702264
    outer loop
      vertex 3.03746 40.1612 10
      vertex 2.77125 40.4481 10
      vertex 2.43219 39.6533 9.2
    endloop
  endfacet
  facet normal -0.471103 0.533765 0.702251
    outer loop
      vertex 2.47514 34.515 10
      vertex 2.76859 34.774 10
      vertex 2.2169 35.3396 9.2
    endloop
  endfacet
  facet normal -0.703427 -0.109216 0.702327
    outer loop
      vertex 3.11205 38.2416 9.2
      vertex 3.88709 38.3943 10
      vertex 3.8865 38.3981 10
    endloop
  endfacet
  facet normal -0.703973 -0.106091 0.702259
    outer loop
      vertex 3.88709 38.3943 10
      vertex 3.11205 38.2416 9.2
      vertex 3.15922 37.9286 9.2
    endloop
  endfacet
  facet normal -0.471164 0.533731 0.702236
    outer loop
      vertex 1.97958 35.1301 9.2
      vertex 2.47514 34.515 10
      vertex 2.2169 35.3396 9.2
    endloop
  endfacet
  facet normal -0.472567 0.532546 0.702193
    outer loop
      vertex 2.47514 34.515 10
      vertex 1.97958 35.1301 9.2
      vertex 2.47221 34.5124 10
    endloop
  endfacet
  facet normal 0.192757 0.685303 0.702285
    outer loop
      vertex -1.01119 34.6028 9.2
      vertex -1.25908 33.8527 10
      vertex -0.706504 34.5171 9.2
    endloop
  endfacet
  facet normal 0.199848 0.683117 0.702433
    outer loop
      vertex -1.25908 33.8527 10
      vertex -1.01119 34.6028 9.2
      vertex -1.26284 33.8538 10
    endloop
  endfacet
  facet normal 0.708522 0.0690355 0.702304
    outer loop
      vertex -3.95981 37.4109 10
      vertex -3.17105 37.4542 9.2
      vertex -3.96019 37.4148 10
    endloop
  endfacet
  facet normal 0.708381 0.0708606 0.702264
    outer loop
      vertex -3.17105 37.4542 9.2
      vertex -3.95981 37.4109 10
      vertex -3.13954 37.1392 9.2
    endloop
  endfacet
  facet normal -0.524708 -0.481284 0.702173
    outer loop
      vertex 2.2169 39.8853 9.2
      vertex 2.77125 40.4481 10
      vertex 2.76859 40.451 10
    endloop
  endfacet
  facet normal -0.521838 -0.484252 0.702272
    outer loop
      vertex 2.77125 40.4481 10
      vertex 2.2169 39.8853 9.2
      vertex 2.43219 39.6533 9.2
    endloop
  endfacet
  facet normal -0.607495 0.37119 0.702259
    outer loop
      vertex 3.27614 35.3788 10
      vertex 3.48022 35.7128 10
      vertex 2.62331 35.8239 9.2
    endloop
  endfacet
  facet normal -0.668972 0.243537 0.702258
    outer loop
      vertex 3.65377 36.0723 10
      vertex 3.78763 36.44 10
      vertex 2.92569 36.3792 9.2
    endloop
  endfacet
  facet normal -0.415635 0.578015 0.702243
    outer loop
      vertex 2.15444 34.2839 10
      vertex 2.47221 34.5124 10
      vertex 1.97958 35.1301 9.2
    endloop
  endfacet
  facet normal 0.443808 0.556639 0.702273
    outer loop
      vertex -2.10085 35.2319 9.2
      vertex -2.62061 34.637 10
      vertex -1.85339 35.0346 9.2
    endloop
  endfacet
  facet normal 0.450311 0.551181 0.702439
    outer loop
      vertex -2.62061 34.637 10
      vertex -2.10085 35.2319 9.2
      vertex -2.62367 34.6395 10
    endloop
  endfacet
  facet normal 0.625218 0.340495 0.702257
    outer loop
      vertex -3.3834 35.5449 10
      vertex -2.7092 35.9569 9.2
      vertex -3.57058 35.8886 10
    endloop
  endfacet
  facet normal 0.588212 -0.401064 0.70225
    outer loop
      vertex -3.3812 39.6832 10
      vertex -2.7092 39.268 9.2
      vertex -2.5309 39.5295 9.2
    endloop
  endfacet
  facet normal 0.586713 -0.403365 0.702185
    outer loop
      vertex -2.7092 39.268 9.2
      vertex -3.3812 39.6832 10
      vertex -3.3834 39.68 10
    endloop
  endfacet
  facet normal 0.495043 -0.511544 0.702321
    outer loop
      vertex -2.62646 40.5827 10
      vertex -2.10085 39.993 9.2
      vertex -2.62367 40.5854 10
    endloop
  endfacet
  facet normal 0.497077 -0.50965 0.702262
    outer loop
      vertex -2.10085 39.993 9.2
      vertex -2.62646 40.5827 10
      vertex -2.32744 39.772 9.2
    endloop
  endfacet
  facet normal 0.679808 -0.211292 0.702294
    outer loop
      vertex -3.72715 38.9649 10
      vertex -2.98352 38.6984 9.2
      vertex -3.726 38.9686 10
    endloop
  endfacet
  facet normal 0.680298 -0.209824 0.70226
    outer loop
      vertex -2.98352 38.6984 9.2
      vertex -3.72715 38.9649 10
      vertex -3.07682 38.3959 9.2
    endloop
  endfacet
  facet normal -0.0177689 -0.711705 0.702254
    outer loop
      vertex 0.237267 40.7786 9.2
      vertex 0.292407 41.5666 10
      vertex -0.079154 40.7865 9.2
    endloop
  endfacet
  facet normal -0.0182203 -0.711683 0.702264
    outer loop
      vertex 0.292407 41.5666 10
      vertex 0.237267 40.7786 9.2
      vertex 0.296313 41.5665 10
    endloop
  endfacet
  facet normal -0.219695 -0.677393 0.702049
    outer loop
      vertex 1.44492 41.3047 10
      vertex 1.15996 40.568 9.2
      vertex 1.44862 41.3035 10
    endloop
  endfacet
  facet normal -0.226727 -0.674876 0.702237
    outer loop
      vertex 1.15996 40.568 9.2
      vertex 1.44492 41.3047 10
      vertex 0.859918 40.6688 9.2
    endloop
  endfacet
  facet normal -0.711035 -0.0354881 0.702261
    outer loop
      vertex 3.96493 37.6164 10
      vertex 3.94542 38.0073 10
      vertex 3.15922 37.9286 9.2
    endloop
  endfacet
  facet normal -0.703967 -0.106104 0.702262
    outer loop
      vertex 3.94542 38.0073 10
      vertex 3.88709 38.3943 10
      vertex 3.15922 37.9286 9.2
    endloop
  endfacet
  facet normal -0.71106 0.0346414 0.702278
    outer loop
      vertex 3.175 37.6125 9.2
      vertex 3.96493 37.6086 10
      vertex 3.96512 37.6125 10
    endloop
  endfacet
  facet normal -0.711036 0.0354844 0.702259
    outer loop
      vertex 3.96493 37.6086 10
      vertex 3.175 37.6125 9.2
      vertex 3.15922 37.2963 9.2
    endloop
  endfacet
  facet normal -0.567502 0.429846 0.702263
    outer loop
      vertex 3.03746 35.0637 10
      vertex 3.27378 35.3757 10
      vertex 2.43219 35.5716 9.2
    endloop
  endfacet
  facet normal -0.641417 0.308879 0.702267
    outer loop
      vertex 2.78835 36.094 9.2
      vertex 3.48395 35.7196 10
      vertex 2.92569 36.3792 9.2
    endloop
  endfacet
  facet normal -0.641076 0.309548 0.702284
    outer loop
      vertex 3.48395 35.7196 10
      vertex 2.78835 36.094 9.2
      vertex 3.48226 35.7161 10
    endloop
  endfacet
  facet normal -0.641443 0.308845 0.702258
    outer loop
      vertex 3.48395 35.7196 10
      vertex 3.65377 36.0723 10
      vertex 2.92569 36.3792 9.2
    endloop
  endfacet
  facet normal -0.566486 0.43126 0.702216
    outer loop
      vertex 2.62331 35.8239 9.2
      vertex 3.27378 35.3757 10
      vertex 3.27614 35.3788 10
    endloop
  endfacet
  facet normal -0.567487 0.429878 0.702256
    outer loop
      vertex 3.27378 35.3757 10
      vertex 2.62331 35.8239 9.2
      vertex 2.43219 35.5716 9.2
    endloop
  endfacet
  facet normal -0.703973 0.106091 0.702259
    outer loop
      vertex 3.11205 36.9833 9.2
      vertex 3.88709 36.8306 10
      vertex 3.15922 37.2963 9.2
    endloop
  endfacet
  facet normal -0.703427 0.109216 0.702327
    outer loop
      vertex 3.88709 36.8306 10
      vertex 3.11205 36.9833 9.2
      vertex 3.8865 36.8268 10
    endloop
  endfacet
  facet normal -0.689921 0.175654 0.702249
    outer loop
      vertex 3.78993 36.4475 10
      vertex 3.8865 36.8268 10
      vertex 3.11205 36.9833 9.2
    endloop
  endfacet
  facet normal -0.292841 0.648906 0.702257
    outer loop
      vertex 1.15996 34.6569 9.2
      vertex 1.45218 33.923 10
      vertex 1.44847 34.7871 9.2
    endloop
  endfacet
  facet normal -0.291835 0.649333 0.702282
    outer loop
      vertex 1.45218 33.923 10
      vertex 1.15996 34.6569 9.2
      vertex 1.44862 33.9214 10
    endloop
  endfacet
  facet normal -0.0176451 0.711735 0.702226
    outer loop
      vertex 0.292407 33.6583 10
      vertex -0.079154 34.4384 9.2
      vertex -0.0988529 33.6486 10
    endloop
  endfacet
  facet normal -0.0885847 0.706396 0.702251
    outer loop
      vertex 0.688536 33.7076 10
      vertex 0.551332 34.4857 9.2
      vertex 0.30019 33.6589 10
    endloop
  endfacet
  facet normal -0.146368 0.697076 0.701899
    outer loop
      vertex 0.859918 34.5561 9.2
      vertex 1.07011 33.7947 10
      vertex 1.07392 33.7955 10
    endloop
  endfacet
  facet normal -0.158354 0.694116 0.70223
    outer loop
      vertex 1.07011 33.7947 10
      vertex 0.859918 34.5561 9.2
      vertex 0.551332 34.4857 9.2
    endloop
  endfacet
  facet normal 0.69781 0.141035 0.70226
    outer loop
      vertex -3.84251 36.634 10
      vertex -3.07682 36.829 9.2
      vertex -3.92006 37.0177 10
    endloop
  endfacet
  facet normal 0.708385 0.0708931 0.702257
    outer loop
      vertex -3.92084 37.0215 10
      vertex -3.13954 37.1392 9.2
      vertex -3.95981 37.4109 10
    endloop
  endfacet
  facet normal 0.656008 0.276575 0.702253
    outer loop
      vertex -3.57245 35.8921 10
      vertex -2.86058 36.2349 9.2
      vertex -3.72448 36.2527 10
    endloop
  endfacet
  facet normal 0.324866 0.633507 0.702233
    outer loop
      vertex -1.63428 34 10
      vertex -1.5875 34.8628 9.2
      vertex -1.98256 34.1786 10
    endloop
  endfacet
  facet normal 0.386175 0.598053 0.702283
    outer loop
      vertex -1.98584 34.1807 10
      vertex -1.85339 35.0346 9.2
      vertex -2.31462 34.393 10
    endloop
  endfacet
  facet normal 0.711922 0 0.702258
    outer loop
      vertex -3.96019 37.8101 10
      vertex -3.17105 37.4542 9.2
      vertex -3.17105 37.7707 9.2
    endloop
  endfacet
  facet normal 0.711922 0 0.702258
    outer loop
      vertex -3.17105 37.4542 9.2
      vertex -3.96019 37.8101 10
      vertex -3.96019 37.4148 10
    endloop
  endfacet
  facet normal 0.656021 -0.276504 0.702269
    outer loop
      vertex -2.86058 38.99 9.2
      vertex -3.57245 39.3329 10
      vertex -3.72448 38.9722 10
    endloop
  endfacet
  facet normal 0.443861 -0.556628 0.702248
    outer loop
      vertex -1.85339 40.1904 9.2
      vertex -2.31462 40.8319 10
      vertex -2.62061 40.5879 10
    endloop
  endfacet
  facet normal 0.0533052 -0.709919 0.702263
    outer loop
      vertex -0.079154 40.7865 9.2
      vertex -0.102749 41.5761 10
      vertex -0.394791 40.7628 9.2
    endloop
  endfacet
  facet normal 0.0364829 -0.710706 0.702543
    outer loop
      vertex -0.102749 41.5761 10
      vertex -0.079154 40.7865 9.2
      vertex -0.0988529 41.5763 10
    endloop
  endfacet
  facet normal 0.123514 -0.701134 0.70225
    outer loop
      vertex -0.706504 40.7079 9.2
      vertex -0.496886 41.5461 10
      vertex -0.882323 41.4782 10
    endloop
  endfacet
  facet normal 0.588232 -0.401013 0.702262
    outer loop
      vertex -2.5309 39.5295 9.2
      vertex -3.16073 40.0066 10
      vertex -3.3812 39.6832 10
    endloop
  endfacet
  facet normal 0.708385 -0.0708931 0.702257
    outer loop
      vertex -3.13954 38.0857 9.2
      vertex -3.92084 38.2034 10
      vertex -3.95981 37.814 10
    endloop
  endfacet
  facet normal -0.0176451 -0.711735 0.702226
    outer loop
      vertex -0.079154 40.7865 9.2
      vertex 0.292407 41.5666 10
      vertex -0.0988529 41.5763 10
    endloop
  endfacet
  facet normal -0.470981 -0.533833 0.702281
    outer loop
      vertex 2.76859 40.451 10
      vertex 2.47514 40.7099 10
      vertex 2.2169 39.8853 9.2
    endloop
  endfacet
  facet normal -0.567502 -0.429846 0.702263
    outer loop
      vertex 3.27378 39.8492 10
      vertex 3.03746 40.1612 10
      vertex 2.43219 39.6533 9.2
    endloop
  endfacet
  facet normal -0.641443 -0.308845 0.702258
    outer loop
      vertex 3.65377 39.1526 10
      vertex 3.48395 39.5053 10
      vertex 2.92569 38.8457 9.2
    endloop
  endfacet
  facet normal -0.607495 -0.37119 0.702259
    outer loop
      vertex 3.48022 39.5121 10
      vertex 3.27614 39.8461 10
      vertex 2.62331 39.401 9.2
    endloop
  endfacet
  facet normal -0.668972 -0.243537 0.702258
    outer loop
      vertex 3.78763 38.7849 10
      vertex 3.65377 39.1526 10
      vertex 2.92569 38.8457 9.2
    endloop
  endfacet
  facet normal -0.417235 -0.576872 0.702235
    outer loop
      vertex 1.72258 40.2795 9.2
      vertex 2.15444 40.941 10
      vertex 2.15126 40.9433 10
    endloop
  endfacet
  facet normal -0.41546 -0.578091 0.702285
    outer loop
      vertex 2.15444 40.941 10
      vertex 1.72258 40.2795 9.2
      vertex 1.97958 40.0948 9.2
    endloop
  endfacet
  facet normal -0.348768 -0.62044 0.702435
    outer loop
      vertex 1.44847 40.4378 9.2
      vertex 1.81231 41.139 10
      vertex 1.80893 41.1409 10
    endloop
  endfacet
  facet normal -0.356026 -0.616489 0.702273
    outer loop
      vertex 1.81231 41.139 10
      vertex 1.44847 40.4378 9.2
      vertex 1.72258 40.2795 9.2
    endloop
  endfacet
  facet normal -0.0885847 -0.706396 0.702251
    outer loop
      vertex 0.551332 40.7392 9.2
      vertex 0.688536 41.5173 10
      vertex 0.30019 41.566 10
    endloop
  endfacet
  facet normal -0.605631 0.37439 0.70217
    outer loop
      vertex 2.78835 36.094 9.2
      vertex 3.48022 35.7128 10
      vertex 3.48226 35.7161 10
    endloop
  endfacet
  facet normal -0.607492 0.371198 0.702258
    outer loop
      vertex 3.48022 35.7128 10
      vertex 2.78835 36.094 9.2
      vertex 2.62331 35.8239 9.2
    endloop
  endfacet
  facet normal -0.521866 0.484232 0.702264
    outer loop
      vertex 2.77125 34.7768 10
      vertex 3.03746 35.0637 10
      vertex 2.43219 35.5716 9.2
    endloop
  endfacet
  facet normal -0.521838 0.484252 0.702272
    outer loop
      vertex 2.2169 35.3396 9.2
      vertex 2.77125 34.7768 10
      vertex 2.43219 35.5716 9.2
    endloop
  endfacet
  facet normal -0.516017 0.490216 0.702435
    outer loop
      vertex 2.77125 34.7768 10
      vertex 2.2169 35.3396 9.2
      vertex 2.76859 34.774 10
    endloop
  endfacet
  facet normal -0.711037 0.0354882 0.702258
    outer loop
      vertex 3.94542 37.2177 10
      vertex 3.96493 37.6086 10
      vertex 3.15922 37.2963 9.2
    endloop
  endfacet
  facet normal -0.703977 0.106079 0.702256
    outer loop
      vertex 3.88709 36.8306 10
      vertex 3.94542 37.2177 10
      vertex 3.15922 37.2963 9.2
    endloop
  endfacet
  facet normal -0.689897 0.175702 0.702261
    outer loop
      vertex 3.03394 36.6766 9.2
      vertex 3.78993 36.4475 10
      vertex 3.11205 36.9833 9.2
    endloop
  endfacet
  facet normal -0.689792 0.176079 0.70227
    outer loop
      vertex 3.78993 36.4475 10
      vertex 3.03394 36.6766 9.2
      vertex 3.78896 36.4437 10
    endloop
  endfacet
  facet normal -0.66989 0.240798 0.702328
    outer loop
      vertex 3.03394 36.6766 9.2
      vertex 3.78763 36.44 10
      vertex 3.78896 36.4437 10
    endloop
  endfacet
  facet normal -0.668977 0.243499 0.702266
    outer loop
      vertex 3.78763 36.44 10
      vertex 3.03394 36.6766 9.2
      vertex 2.92569 36.3792 9.2
    endloop
  endfacet
  facet normal -0.22682 0.674821 0.702261
    outer loop
      vertex 1.07392 33.7955 10
      vertex 1.44492 33.9202 10
      vertex 0.859918 34.5561 9.2
    endloop
  endfacet
  facet normal -0.158434 0.694078 0.70225
    outer loop
      vertex 0.688536 33.7076 10
      vertex 1.07011 33.7947 10
      vertex 0.551332 34.4857 9.2
    endloop
  endfacet
  facet normal -0.41546 0.578091 0.702285
    outer loop
      vertex 1.72258 34.9454 9.2
      vertex 2.15444 34.2839 10
      vertex 1.97958 35.1301 9.2
    endloop
  endfacet
  facet normal -0.404899 0.585262 0.702513
    outer loop
      vertex 2.15444 34.2839 10
      vertex 1.72258 34.9454 9.2
      vertex 2.15126 34.2817 10
    endloop
  endfacet
  facet normal -0.355975 0.616544 0.70225
    outer loop
      vertex 1.81231 34.086 10
      vertex 2.15126 34.2817 10
      vertex 1.72258 34.9454 9.2
    endloop
  endfacet
  facet normal 0 0 1
    outer loop
      vertex 2.7 37.6125 9.2
      vertex 3.175 37.6125 9.2
      vertex 3.15922 37.9286 9.2
    endloop
  endfacet
  facet normal -0 0 1
    outer loop
      vertex 2.67123 38.0056 9.2
      vertex 3.15922 37.9286 9.2
      vertex 3.11205 38.2416 9.2
    endloop
  endfacet
  facet normal 0 0 1
    outer loop
      vertex 3.175 37.6125 9.2
      vertex 2.7 37.6125 9.2
      vertex 3.15922 37.2963 9.2
    endloop
  endfacet
  facet normal -0 0 1
    outer loop
      vertex 2.58552 38.3903 9.2
      vertex 3.11205 38.2416 9.2
      vertex 3.03394 38.5483 9.2
    endloop
  endfacet
  facet normal 0 0 1
    outer loop
      vertex 2.67123 37.2193 9.2
      vertex 3.15922 37.2963 9.2
      vertex 2.7 37.6125 9.2
    endloop
  endfacet
  facet normal 0 0 1
    outer loop
      vertex 2.58552 38.3903 9.2
      vertex 3.03394 38.5483 9.2
      vertex 2.92569 38.8457 9.2
    endloop
  endfacet
  facet normal 0 0 1
    outer loop
      vertex 3.15922 37.2963 9.2
      vertex 2.67123 37.2193 9.2
      vertex 3.11205 36.9833 9.2
    endloop
  endfacet
  facet normal 0 0 1
    outer loop
      vertex 2.44471 38.7585 9.2
      vertex 2.92569 38.8457 9.2
      vertex 2.78835 39.1309 9.2
    endloop
  endfacet
  facet normal 0 0 1
    outer loop
      vertex 2.58552 36.8346 9.2
      vertex 3.11205 36.9833 9.2
      vertex 2.67123 37.2193 9.2
    endloop
  endfacet
  facet normal 0 0 1
    outer loop
      vertex 3.11205 36.9833 9.2
      vertex 2.58552 36.8346 9.2
      vertex 3.03394 36.6766 9.2
    endloop
  endfacet
  facet normal 0 0 1
    outer loop
      vertex 3.15922 37.9286 9.2
      vertex 2.67123 38.0056 9.2
      vertex 2.7 37.6125 9.2
    endloop
  endfacet
  facet normal 0 0 1
    outer loop
      vertex 2.25179 39.1022 9.2
      vertex 2.78835 39.1309 9.2
      vertex 2.62331 39.401 9.2
    endloop
  endfacet
  facet normal 0 0 1
    outer loop
      vertex 3.11205 38.2416 9.2
      vertex 2.58552 38.3903 9.2
      vertex 2.67123 38.0056 9.2
    endloop
  endfacet
  facet normal 0 0 1
    outer loop
      vertex 2.92569 38.8457 9.2
      vertex 2.44471 38.7585 9.2
      vertex 2.58552 38.3903 9.2
    endloop
  endfacet
  facet normal 0 0 1
    outer loop
      vertex 2.25179 39.1022 9.2
      vertex 2.62331 39.401 9.2
      vertex 2.43219 39.6533 9.2
    endloop
  endfacet
  facet normal 0 0 1
    outer loop
      vertex 2.78835 39.1309 9.2
      vertex 2.25179 39.1022 9.2
      vertex 2.44471 38.7585 9.2
    endloop
  endfacet
  facet normal 0 0 1
    outer loop
      vertex 2.01088 39.4142 9.2
      vertex 2.43219 39.6533 9.2
      vertex 2.2169 39.8853 9.2
    endloop
  endfacet
  facet normal 0 0 1
    outer loop
      vertex 2.43219 39.6533 9.2
      vertex 2.01088 39.4142 9.2
      vertex 2.25179 39.1022 9.2
    endloop
  endfacet
  facet normal 0 0 1
    outer loop
      vertex 1.72712 39.6878 9.2
      vertex 2.2169 39.8853 9.2
      vertex 1.97958 40.0948 9.2
    endloop
  endfacet
  facet normal 0 0 1
    outer loop
      vertex 2.2169 39.8853 9.2
      vertex 1.72712 39.6878 9.2
      vertex 2.01088 39.4142 9.2
    endloop
  endfacet
  facet normal 0 0 1
    outer loop
      vertex 1.72258 40.2795 9.2
      vertex 1.72712 39.6878 9.2
      vertex 1.97958 40.0948 9.2
    endloop
  endfacet
  facet normal 0 0 1
    outer loop
      vertex 1.40654 39.9172 9.2
      vertex 1.72258 40.2795 9.2
      vertex 1.44847 40.4378 9.2
    endloop
  endfacet
  facet normal 0 0 1
    outer loop
      vertex 1.72258 40.2795 9.2
      vertex 1.40654 39.9172 9.2
      vertex 1.72712 39.6878 9.2
    endloop
  endfacet
  facet normal 0 0 1
    outer loop
      vertex 1.05598 40.0974 9.2
      vertex 1.44847 40.4378 9.2
      vertex 1.15996 40.568 9.2
    endloop
  endfacet
  facet normal 0 0 1
    outer loop
      vertex 1.44847 40.4378 9.2
      vertex 1.05598 40.0974 9.2
      vertex 1.40654 39.9172 9.2
    endloop
  endfacet
  facet normal 0 0 1
    outer loop
      vertex 0.68292 40.2247 9.2
      vertex 1.15996 40.568 9.2
      vertex 0.859918 40.6688 9.2
    endloop
  endfacet
  facet normal 0 0 1
    outer loop
      vertex 1.15996 40.568 9.2
      vertex 0.68292 40.2247 9.2
      vertex 1.05598 40.0974 9.2
    endloop
  endfacet
  facet normal 0 0 1
    outer loop
      vertex 0.551332 40.7392 9.2
      vertex 0.68292 40.2247 9.2
      vertex 0.859918 40.6688 9.2
    endloop
  endfacet
  facet normal 0 0 1
    outer loop
      vertex 0.551332 40.7392 9.2
      vertex 0.295301 40.2963 9.2
      vertex 0.68292 40.2247 9.2
    endloop
  endfacet
  facet normal 0 0 1
    outer loop
      vertex 0.237267 40.7786 9.2
      vertex 0.295301 40.2963 9.2
      vertex 0.551332 40.7392 9.2
    endloop
  endfacet
  facet normal 0 0 1
    outer loop
      vertex -0.098609 40.3107 9.2
      vertex 0.237267 40.7786 9.2
      vertex -0.079154 40.7865 9.2
    endloop
  endfacet
  facet normal 0 0 1
    outer loop
      vertex 0.237267 40.7786 9.2
      vertex -0.098609 40.3107 9.2
      vertex 0.295301 40.2963 9.2
    endloop
  endfacet
  facet normal -0 0 1
    outer loop
      vertex -0.394791 40.7628 9.2
      vertex -0.098609 40.3107 9.2
      vertex -0.079154 40.7865 9.2
    endloop
  endfacet
  facet normal 0 0 1
    outer loop
      vertex -0.394791 40.7628 9.2
      vertex -0.490419 40.2675 9.2
      vertex -0.098609 40.3107 9.2
    endloop
  endfacet
  facet normal -0 0 1
    outer loop
      vertex -0.706504 40.7079 9.2
      vertex -0.490419 40.2675 9.2
      vertex -0.394791 40.7628 9.2
    endloop
  endfacet
  facet normal 0 0 1
    outer loop
      vertex -0.706504 40.7079 9.2
      vertex -0.871777 40.1678 9.2
      vertex -0.490419 40.2675 9.2
    endloop
  endfacet
  facet normal -0 0 1
    outer loop
      vertex -1.01119 40.6221 9.2
      vertex -0.871777 40.1678 9.2
      vertex -0.706504 40.7079 9.2
    endloop
  endfacet
  facet normal -0 0 1
    outer loop
      vertex -1.30584 40.5065 9.2
      vertex -0.871777 40.1678 9.2
      vertex -1.01119 40.6221 9.2
    endloop
  endfacet
  facet normal 0 0 1
    outer loop
      vertex -0.871777 40.1678 9.2
      vertex -1.30584 40.5065 9.2
      vertex -1.23455 40.0137 9.2
    endloop
  endfacet
  facet normal -0 0 1
    outer loop
      vertex -1.5875 40.3621 9.2
      vertex -1.23455 40.0137 9.2
      vertex -1.30584 40.5065 9.2
    endloop
  endfacet
  facet normal 0 0 1
    outer loop
      vertex -1.23455 40.0137 9.2
      vertex -1.5875 40.3621 9.2
      vertex -1.57102 39.8083 9.2
    endloop
  endfacet
  facet normal -0 0 1
    outer loop
      vertex -1.85339 40.1904 9.2
      vertex -1.57102 39.8083 9.2
      vertex -1.5875 40.3621 9.2
    endloop
  endfacet
  facet normal -0 0 1
    outer loop
      vertex -2.10085 39.993 9.2
      vertex -1.57102 39.8083 9.2
      vertex -1.85339 40.1904 9.2
    endloop
  endfacet
  facet normal 0 0 1
    outer loop
      vertex -1.57102 39.8083 9.2
      vertex -2.10085 39.993 9.2
      vertex -1.874 39.5562 9.2
    endloop
  endfacet
  facet normal -0 0 1
    outer loop
      vertex -2.32744 39.772 9.2
      vertex -1.874 39.5562 9.2
      vertex -2.10085 39.993 9.2
    endloop
  endfacet
  facet normal 0 0 1
    outer loop
      vertex -1.874 39.5562 9.2
      vertex -2.32744 39.772 9.2
      vertex -2.13704 39.2626 9.2
    endloop
  endfacet
  facet normal -0 0 1
    outer loop
      vertex -2.5309 39.5295 9.2
      vertex -2.13704 39.2626 9.2
      vertex -2.32744 39.772 9.2
    endloop
  endfacet
  facet normal -0 0 1
    outer loop
      vertex -2.7092 39.268 9.2
      vertex -2.13704 39.2626 9.2
      vertex -2.5309 39.5295 9.2
    endloop
  endfacet
  facet normal 0 0 1
    outer loop
      vertex -2.13704 39.2626 9.2
      vertex -2.7092 39.268 9.2
      vertex -2.35453 38.9339 9.2
    endloop
  endfacet
  facet normal -0 0 1
    outer loop
      vertex -2.86058 38.99 9.2
      vertex -2.35453 38.9339 9.2
      vertex -2.7092 39.268 9.2
    endloop
  endfacet
  facet normal 0 0 1
    outer loop
      vertex -2.35453 38.9339 9.2
      vertex -2.86058 38.99 9.2
      vertex -2.52184 38.577 9.2
    endloop
  endfacet
  facet normal 0 0 1
    outer loop
      vertex -3.07682 38.3959 9.2
      vertex -2.52184 38.577 9.2
      vertex -2.98352 38.6984 9.2
    endloop
  endfacet
  facet normal -0 0 1
    outer loop
      vertex -2.98352 38.6984 9.2
      vertex -2.52184 38.577 9.2
      vertex -2.86058 38.99 9.2
    endloop
  endfacet
  facet normal 0 0 1
    outer loop
      vertex 3.03394 36.6766 9.2
      vertex 2.58552 36.8346 9.2
      vertex 2.92569 36.3792 9.2
    endloop
  endfacet
  facet normal -0 0 1
    outer loop
      vertex 2.44471 36.4664 9.2
      vertex 2.92569 36.3792 9.2
      vertex 2.58552 36.8346 9.2
    endloop
  endfacet
  facet normal 0 0 1
    outer loop
      vertex 2.92569 36.3792 9.2
      vertex 2.44471 36.4664 9.2
      vertex 2.78835 36.094 9.2
    endloop
  endfacet
  facet normal -0 0 1
    outer loop
      vertex 2.25179 36.1227 9.2
      vertex 2.78835 36.094 9.2
      vertex 2.44471 36.4664 9.2
    endloop
  endfacet
  facet normal 0 0 1
    outer loop
      vertex 2.78835 36.094 9.2
      vertex 2.25179 36.1227 9.2
      vertex 2.62331 35.8239 9.2
    endloop
  endfacet
  facet normal 0 0 1
    outer loop
      vertex 2.62331 35.8239 9.2
      vertex 2.25179 36.1227 9.2
      vertex 2.43219 35.5716 9.2
    endloop
  endfacet
  facet normal -0 0 1
    outer loop
      vertex 2.01088 35.8107 9.2
      vertex 2.43219 35.5716 9.2
      vertex 2.25179 36.1227 9.2
    endloop
  endfacet
  facet normal 0 0 1
    outer loop
      vertex 2.43219 35.5716 9.2
      vertex 2.01088 35.8107 9.2
      vertex 2.2169 35.3396 9.2
    endloop
  endfacet
  facet normal -0 0 1
    outer loop
      vertex 1.72712 35.5371 9.2
      vertex 2.2169 35.3396 9.2
      vertex 2.01088 35.8107 9.2
    endloop
  endfacet
  facet normal 0 0 1
    outer loop
      vertex 2.2169 35.3396 9.2
      vertex 1.72712 35.5371 9.2
      vertex 1.97958 35.1301 9.2
    endloop
  endfacet
  facet normal 0 0 1
    outer loop
      vertex 1.72712 35.5371 9.2
      vertex 1.72258 34.9454 9.2
      vertex 1.97958 35.1301 9.2
    endloop
  endfacet
  facet normal -0 0 1
    outer loop
      vertex 1.40654 35.3078 9.2
      vertex 1.72258 34.9454 9.2
      vertex 1.72712 35.5371 9.2
    endloop
  endfacet
  facet normal 0 0 1
    outer loop
      vertex 1.72258 34.9454 9.2
      vertex 1.40654 35.3078 9.2
      vertex 1.44847 34.7871 9.2
    endloop
  endfacet
  facet normal -0 0 1
    outer loop
      vertex 1.05598 35.1275 9.2
      vertex 1.44847 34.7871 9.2
      vertex 1.40654 35.3078 9.2
    endloop
  endfacet
  facet normal 0 0 1
    outer loop
      vertex 1.44847 34.7871 9.2
      vertex 1.05598 35.1275 9.2
      vertex 1.15996 34.6569 9.2
    endloop
  endfacet
  facet normal -0 0 1
    outer loop
      vertex 0.68292 35.0003 9.2
      vertex 1.15996 34.6569 9.2
      vertex 1.05598 35.1275 9.2
    endloop
  endfacet
  facet normal 0 0 1
    outer loop
      vertex 1.15996 34.6569 9.2
      vertex 0.68292 35.0003 9.2
      vertex 0.859918 34.5561 9.2
    endloop
  endfacet
  facet normal 0 0 1
    outer loop
      vertex 0.68292 35.0003 9.2
      vertex 0.551332 34.4857 9.2
      vertex 0.859918 34.5561 9.2
    endloop
  endfacet
  facet normal -0 0 1
    outer loop
      vertex 0.295301 34.9287 9.2
      vertex 0.551332 34.4857 9.2
      vertex 0.68292 35.0003 9.2
    endloop
  endfacet
  facet normal 0 0 1
    outer loop
      vertex 0.295301 34.9287 9.2
      vertex 0.237267 34.4463 9.2
      vertex 0.551332 34.4857 9.2
    endloop
  endfacet
  facet normal -0 0 1
    outer loop
      vertex -0.098609 34.9143 9.2
      vertex 0.237267 34.4463 9.2
      vertex 0.295301 34.9287 9.2
    endloop
  endfacet
  facet normal 0 0 1
    outer loop
      vertex 0.237267 34.4463 9.2
      vertex -0.098609 34.9143 9.2
      vertex -0.079154 34.4384 9.2
    endloop
  endfacet
  facet normal 0 0 1
    outer loop
      vertex -0.098609 34.9143 9.2
      vertex -0.394791 34.4621 9.2
      vertex -0.079154 34.4384 9.2
    endloop
  endfacet
  facet normal 0 0 1
    outer loop
      vertex -0.490419 34.9574 9.2
      vertex -0.394791 34.4621 9.2
      vertex -0.098609 34.9143 9.2
    endloop
  endfacet
  facet normal 0 0 1
    outer loop
      vertex -0.490419 34.9574 9.2
      vertex -0.706504 34.5171 9.2
      vertex -0.394791 34.4621 9.2
    endloop
  endfacet
  facet normal 0 0 1
    outer loop
      vertex -0.871777 35.0571 9.2
      vertex -0.706504 34.5171 9.2
      vertex -0.490419 34.9574 9.2
    endloop
  endfacet
  facet normal 0 0 1
    outer loop
      vertex -0.871777 35.0571 9.2
      vertex -1.01119 34.6028 9.2
      vertex -0.706504 34.5171 9.2
    endloop
  endfacet
  facet normal 0 0 1
    outer loop
      vertex -1.30584 34.7184 9.2
      vertex -0.871777 35.0571 9.2
      vertex -1.23455 35.2112 9.2
    endloop
  endfacet
  facet normal 0 0 1
    outer loop
      vertex -0.871777 35.0571 9.2
      vertex -1.30584 34.7184 9.2
      vertex -1.01119 34.6028 9.2
    endloop
  endfacet
  facet normal 0 0 1
    outer loop
      vertex -1.5875 34.8628 9.2
      vertex -1.23455 35.2112 9.2
      vertex -1.57102 35.4166 9.2
    endloop
  endfacet
  facet normal 0 0 1
    outer loop
      vertex -1.23455 35.2112 9.2
      vertex -1.5875 34.8628 9.2
      vertex -1.30584 34.7184 9.2
    endloop
  endfacet
  facet normal 0 0 1
    outer loop
      vertex -1.57102 35.4166 9.2
      vertex -1.85339 35.0346 9.2
      vertex -1.5875 34.8628 9.2
    endloop
  endfacet
  facet normal 0 0 1
    outer loop
      vertex -2.10085 35.2319 9.2
      vertex -1.57102 35.4166 9.2
      vertex -1.874 35.6687 9.2
    endloop
  endfacet
  facet normal 0 0 1
    outer loop
      vertex -1.57102 35.4166 9.2
      vertex -2.10085 35.2319 9.2
      vertex -1.85339 35.0346 9.2
    endloop
  endfacet
  facet normal 0 0 1
    outer loop
      vertex -2.32744 35.4529 9.2
      vertex -1.874 35.6687 9.2
      vertex -2.13704 35.9623 9.2
    endloop
  endfacet
  facet normal 0 0 1
    outer loop
      vertex -1.874 35.6687 9.2
      vertex -2.32744 35.4529 9.2
      vertex -2.10085 35.2319 9.2
    endloop
  endfacet
  facet normal 0 0 1
    outer loop
      vertex -2.7092 35.9569 9.2
      vertex -2.13704 35.9623 9.2
      vertex -2.35453 36.291 9.2
    endloop
  endfacet
  facet normal 0 0 1
    outer loop
      vertex -2.86058 36.2349 9.2
      vertex -2.35453 36.291 9.2
      vertex -2.52184 36.6479 9.2
    endloop
  endfacet
  facet normal 0 0 1
    outer loop
      vertex -2.13704 35.9623 9.2
      vertex -2.5309 35.6954 9.2
      vertex -2.32744 35.4529 9.2
    endloop
  endfacet
  facet normal -0 0 1
    outer loop
      vertex -3.07682 36.829 9.2
      vertex -2.52184 36.6479 9.2
      vertex -2.6354 37.0254 9.2
    endloop
  endfacet
  facet normal -0 0 1
    outer loop
      vertex -3.13954 37.1392 9.2
      vertex -2.6354 37.0254 9.2
      vertex -2.6928 37.4154 9.2
    endloop
  endfacet
  facet normal 0 0 1
    outer loop
      vertex -2.13704 35.9623 9.2
      vertex -2.7092 35.9569 9.2
      vertex -2.5309 35.6954 9.2
    endloop
  endfacet
  facet normal 0 0 1
    outer loop
      vertex -2.52184 38.577 9.2
      vertex -3.07682 38.3959 9.2
      vertex -2.6354 38.1995 9.2
    endloop
  endfacet
  facet normal 0 0 1
    outer loop
      vertex -3.13954 38.0857 9.2
      vertex -2.6354 38.1995 9.2
      vertex -3.07682 38.3959 9.2
    endloop
  endfacet
  facet normal 0 0 1
    outer loop
      vertex -2.35453 36.291 9.2
      vertex -2.86058 36.2349 9.2
      vertex -2.7092 35.9569 9.2
    endloop
  endfacet
  facet normal 0 0 1
    outer loop
      vertex -2.6354 38.1995 9.2
      vertex -3.13954 38.0857 9.2
      vertex -2.6928 37.8095 9.2
    endloop
  endfacet
  facet normal 0 0 1
    outer loop
      vertex -2.52184 36.6479 9.2
      vertex -2.98352 36.5265 9.2
      vertex -2.86058 36.2349 9.2
    endloop
  endfacet
  facet normal 0 0 1
    outer loop
      vertex -3.17105 37.7707 9.2
      vertex -2.6928 37.8095 9.2
      vertex -3.13954 38.0857 9.2
    endloop
  endfacet
  facet normal 0 0 1
    outer loop
      vertex -2.52184 36.6479 9.2
      vertex -3.07682 36.829 9.2
      vertex -2.98352 36.5265 9.2
    endloop
  endfacet
  facet normal 0 0 1
    outer loop
      vertex -2.6928 37.8095 9.2
      vertex -3.17105 37.7707 9.2
      vertex -2.6928 37.4154 9.2
    endloop
  endfacet
  facet normal 0 0 1
    outer loop
      vertex -2.6354 37.0254 9.2
      vertex -3.13954 37.1392 9.2
      vertex -3.07682 36.829 9.2
    endloop
  endfacet
  facet normal -0 0 1
    outer loop
      vertex -3.17105 37.4542 9.2
      vertex -2.6928 37.4154 9.2
      vertex -3.17105 37.7707 9.2
    endloop
  endfacet
  facet normal 0 0 1
    outer loop
      vertex -2.6928 37.4154 9.2
      vertex -3.17105 37.4542 9.2
      vertex -3.13954 37.1392 9.2
    endloop
  endfacet
  facet normal 0.697811 0.141092 0.702248
    outer loop
      vertex -3.13954 37.1392 9.2
      vertex -3.92006 37.0177 10
      vertex -3.07682 36.829 9.2
    endloop
  endfacet
  facet normal 0.69744 0.143159 0.702199
    outer loop
      vertex -3.92006 37.0177 10
      vertex -3.13954 37.1392 9.2
      vertex -3.92084 37.0215 10
    endloop
  endfacet
  facet normal 0.656008 0.276576 0.702253
    outer loop
      vertex -2.98352 36.5265 9.2
      vertex -3.72448 36.2527 10
      vertex -2.86058 36.2349 9.2
    endloop
  endfacet
  facet normal 0.655871 0.276923 0.702244
    outer loop
      vertex -3.72448 36.2527 10
      vertex -2.98352 36.5265 9.2
      vertex -3.726 36.2563 10
    endloop
  endfacet
  facet normal 0.625229 0.340457 0.702266
    outer loop
      vertex -2.86058 36.2349 9.2
      vertex -3.57058 35.8886 10
      vertex -2.7092 35.9569 9.2
    endloop
  endfacet
  facet normal 0.627811 0.33543 0.702382
    outer loop
      vertex -3.57058 35.8886 10
      vertex -2.86058 36.2349 9.2
      vertex -3.57245 35.8921 10
    endloop
  endfacet
  facet normal 0.497077 0.50965 0.702262
    outer loop
      vertex -2.62646 34.6422 10
      vertex -2.10085 35.2319 9.2
      vertex -2.32744 35.4529 9.2
    endloop
  endfacet
  facet normal 0.495043 0.511544 0.702321
    outer loop
      vertex -2.10085 35.2319 9.2
      vertex -2.62646 34.6422 10
      vertex -2.62367 34.6395 10
    endloop
  endfacet
  facet normal 0.545345 0.457631 0.702263
    outer loop
      vertex -2.90915 34.9185 10
      vertex -2.5309 35.6954 9.2
      vertex -3.16073 35.2183 10
    endloop
  endfacet
  facet normal 0.588232 0.401013 0.702262
    outer loop
      vertex -3.16073 35.2183 10
      vertex -2.5309 35.6954 9.2
      vertex -3.3812 35.5417 10
    endloop
  endfacet
  facet normal 0.588212 0.401064 0.70225
    outer loop
      vertex -2.7092 35.9569 9.2
      vertex -3.3812 35.5417 10
      vertex -2.5309 35.6954 9.2
    endloop
  endfacet
  facet normal 0.586713 0.403365 0.702185
    outer loop
      vertex -3.3812 35.5417 10
      vertex -2.7092 35.9569 9.2
      vertex -3.3834 35.5449 10
    endloop
  endfacet
  facet normal 0.545395 0.457592 0.702249
    outer loop
      vertex -2.90915 34.9185 10
      vertex -2.32744 35.4529 9.2
      vertex -2.5309 35.6954 9.2
    endloop
  endfacet
  facet normal 0.546042 0.456855 0.702226
    outer loop
      vertex -2.32744 35.4529 9.2
      vertex -2.90915 34.9185 10
      vertex -2.90664 34.9155 10
    endloop
  endfacet
  facet normal 0.497113 0.509627 0.702252
    outer loop
      vertex -2.62646 34.6422 10
      vertex -2.32744 35.4529 9.2
      vertex -2.90664 34.9155 10
    endloop
  endfacet
  facet normal 0.386373 0.597979 0.702237
    outer loop
      vertex -1.98584 34.1807 10
      vertex -1.5875 34.8628 9.2
      vertex -1.85339 35.0346 9.2
    endloop
  endfacet
  facet normal 0.383846 0.59953 0.702301
    outer loop
      vertex -1.5875 34.8628 9.2
      vertex -1.98584 34.1807 10
      vertex -1.98256 34.1786 10
    endloop
  endfacet
  facet normal 0.44384 0.5566 0.702284
    outer loop
      vertex -2.31462 34.393 10
      vertex -1.85339 35.0346 9.2
      vertex -2.62061 34.637 10
    endloop
  endfacet
  facet normal 0.545345 -0.457631 0.702263
    outer loop
      vertex -2.5309 39.5295 9.2
      vertex -2.90915 40.3064 10
      vertex -3.16073 40.0066 10
    endloop
  endfacet
  facet normal 0.546042 -0.456855 0.702226
    outer loop
      vertex -2.90915 40.3064 10
      vertex -2.32744 39.772 9.2
      vertex -2.90664 40.3094 10
    endloop
  endfacet
  facet normal 0.545395 -0.457592 0.702249
    outer loop
      vertex -2.32744 39.772 9.2
      vertex -2.90915 40.3064 10
      vertex -2.5309 39.5295 9.2
    endloop
  endfacet
  facet normal 0.324706 -0.633549 0.702269
    outer loop
      vertex -1.5875 40.3621 9.2
      vertex -1.63428 41.2249 10
      vertex -1.98256 41.0464 10
    endloop
  endfacet
  facet normal 0.327104 -0.632402 0.70219
    outer loop
      vertex -1.63428 41.2249 10
      vertex -1.30584 40.5065 9.2
      vertex -1.6308 41.2267 10
    endloop
  endfacet
  facet normal 0.324793 -0.633526 0.70225
    outer loop
      vertex -1.30584 40.5065 9.2
      vertex -1.63428 41.2249 10
      vertex -1.5875 40.3621 9.2
    endloop
  endfacet
  facet normal 0.127434 -0.700522 0.702161
    outer loop
      vertex -0.496886 41.5461 10
      vertex -0.394791 40.7628 9.2
      vertex -0.493038 41.5468 10
    endloop
  endfacet
  facet normal 0.123486 -0.701133 0.702256
    outer loop
      vertex -0.394791 40.7628 9.2
      vertex -0.496886 41.5461 10
      vertex -0.706504 40.7079 9.2
    endloop
  endfacet
  facet normal 0.192964 -0.68524 0.70229
    outer loop
      vertex -1.25908 41.3722 10
      vertex -1.01119 40.6221 9.2
      vertex -0.706504 40.7079 9.2
    endloop
  endfacet
  facet normal 0.199848 -0.683117 0.702433
    outer loop
      vertex -1.01119 40.6221 9.2
      vertex -1.25908 41.3722 10
      vertex -1.26284 41.3711 10
    endloop
  endfacet
  facet normal 0.697803 -0.14109 0.702257
    outer loop
      vertex -3.92006 38.2073 10
      vertex -3.13954 38.0857 9.2
      vertex -3.07682 38.3959 9.2
    endloop
  endfacet
  facet normal 0.698067 -0.139613 0.70229
    outer loop
      vertex -3.13954 38.0857 9.2
      vertex -3.92006 38.2073 10
      vertex -3.92084 38.2034 10
    endloop
  endfacet
  facet normal 0.708522 -0.0690355 0.702304
    outer loop
      vertex -3.17105 37.7707 9.2
      vertex -3.95981 37.814 10
      vertex -3.96019 37.8101 10
    endloop
  endfacet
  facet normal 0.708381 -0.0708606 0.702264
    outer loop
      vertex -3.95981 37.814 10
      vertex -3.17105 37.7707 9.2
      vertex -3.13954 38.0857 9.2
    endloop
  endfacet
  facet normal -0.415635 -0.578015 0.702243
    outer loop
      vertex 2.47221 40.7125 10
      vertex 2.15444 40.941 10
      vertex 1.97958 40.0948 9.2
    endloop
  endfacet
  facet normal -0.472567 -0.532546 0.702193
    outer loop
      vertex 1.97958 40.0948 9.2
      vertex 2.47514 40.7099 10
      vertex 2.47221 40.7125 10
    endloop
  endfacet
  facet normal -0.471164 -0.533731 0.702236
    outer loop
      vertex 2.47514 40.7099 10
      vertex 1.97958 40.0948 9.2
      vertex 2.2169 39.8853 9.2
    endloop
  endfacet
  facet normal -0.566486 -0.43126 0.702216
    outer loop
      vertex 3.27378 39.8492 10
      vertex 2.62331 39.401 9.2
      vertex 3.27614 39.8461 10
    endloop
  endfacet
  facet normal -0.567487 -0.429878 0.702256
    outer loop
      vertex 2.62331 39.401 9.2
      vertex 3.27378 39.8492 10
      vertex 2.43219 39.6533 9.2
    endloop
  endfacet
  facet normal -0.605631 -0.37439 0.70217
    outer loop
      vertex 3.48022 39.5121 10
      vertex 2.78835 39.1309 9.2
      vertex 3.48226 39.5088 10
    endloop
  endfacet
  facet normal -0.607492 -0.371198 0.702258
    outer loop
      vertex 2.78835 39.1309 9.2
      vertex 3.48022 39.5121 10
      vertex 2.62331 39.401 9.2
    endloop
  endfacet
  facet normal -0.641076 -0.309548 0.702284
    outer loop
      vertex 2.78835 39.1309 9.2
      vertex 3.48395 39.5053 10
      vertex 3.48226 39.5088 10
    endloop
  endfacet
  facet normal -0.641417 -0.308879 0.702267
    outer loop
      vertex 3.48395 39.5053 10
      vertex 2.78835 39.1309 9.2
      vertex 2.92569 38.8457 9.2
    endloop
  endfacet
  facet normal -0.66989 -0.240798 0.702328
    outer loop
      vertex 3.78763 38.7849 10
      vertex 3.03394 38.5483 9.2
      vertex 3.78896 38.7812 10
    endloop
  endfacet
  facet normal -0.668977 -0.243499 0.702266
    outer loop
      vertex 3.03394 38.5483 9.2
      vertex 3.78763 38.7849 10
      vertex 2.92569 38.8457 9.2
    endloop
  endfacet
  facet normal -0.689921 -0.175654 0.702249
    outer loop
      vertex 3.8865 38.3981 10
      vertex 3.78993 38.7774 10
      vertex 3.11205 38.2416 9.2
    endloop
  endfacet
  facet normal -0.292848 -0.648904 0.702256
    outer loop
      vertex 1.80893 41.1409 10
      vertex 1.45218 41.3019 10
      vertex 1.44847 40.4378 9.2
    endloop
  endfacet
  facet normal -0.355956 -0.616511 0.702289
    outer loop
      vertex 2.15126 40.9433 10
      vertex 1.81231 41.139 10
      vertex 1.72258 40.2795 9.2
    endloop
  endfacet
  facet normal -0.158434 -0.694078 0.70225
    outer loop
      vertex 1.07011 41.4302 10
      vertex 0.688536 41.5173 10
      vertex 0.551332 40.7392 9.2
    endloop
  endfacet
  facet normal -0.0910685 -0.706145 0.702186
    outer loop
      vertex 0.237267 40.7786 9.2
      vertex 0.30019 41.566 10
      vertex 0.296313 41.5665 10
    endloop
  endfacet
  facet normal -0.088619 -0.706399 0.702244
    outer loop
      vertex 0.30019 41.566 10
      vertex 0.237267 40.7786 9.2
      vertex 0.551332 40.7392 9.2
    endloop
  endfacet
  facet normal -0.088619 0.706399 0.702244
    outer loop
      vertex 0.237267 34.4463 9.2
      vertex 0.30019 33.6589 10
      vertex 0.551332 34.4857 9.2
    endloop
  endfacet
  facet normal -0.0910685 0.706145 0.702186
    outer loop
      vertex 0.30019 33.6589 10
      vertex 0.237267 34.4463 9.2
      vertex 0.296313 33.6584 10
    endloop
  endfacet
  facet normal -0.0182203 0.711683 0.702264
    outer loop
      vertex 0.237267 34.4463 9.2
      vertex 0.292407 33.6583 10
      vertex 0.296313 33.6584 10
    endloop
  endfacet
  facet normal -0.0177689 0.711705 0.702254
    outer loop
      vertex 0.292407 33.6583 10
      vertex 0.237267 34.4463 9.2
      vertex -0.079154 34.4384 9.2
    endloop
  endfacet
  facet normal -0.219695 0.677393 0.702049
    outer loop
      vertex 1.15996 34.6569 9.2
      vertex 1.44492 33.9202 10
      vertex 1.44862 33.9214 10
    endloop
  endfacet
  facet normal -0.226727 0.674876 0.702237
    outer loop
      vertex 1.44492 33.9202 10
      vertex 1.15996 34.6569 9.2
      vertex 0.859918 34.5561 9.2
    endloop
  endfacet
  facet normal -0.356045 0.616522 0.702234
    outer loop
      vertex 1.44847 34.7871 9.2
      vertex 1.81231 34.086 10
      vertex 1.72258 34.9454 9.2
    endloop
  endfacet
  facet normal -0.36265 0.612878 0.702044
    outer loop
      vertex 1.81231 34.086 10
      vertex 1.44847 34.7871 9.2
      vertex 1.80893 34.084 10
    endloop
  endfacet
  facet normal -0.292848 0.648904 0.702256
    outer loop
      vertex 1.45218 33.923 10
      vertex 1.80893 34.084 10
      vertex 1.44847 34.7871 9.2
    endloop
  endfacet
  facet normal 0.680298 0.209824 0.70226
    outer loop
      vertex -3.72715 36.26 10
      vertex -2.98352 36.5265 9.2
      vertex -3.07682 36.829 9.2
    endloop
  endfacet
  facet normal 0.679808 0.211292 0.702294
    outer loop
      vertex -2.98352 36.5265 9.2
      vertex -3.72715 36.26 10
      vertex -3.726 36.2563 10
    endloop
  endfacet
  facet normal 0.680291 0.209835 0.702263
    outer loop
      vertex -3.72715 36.26 10
      vertex -3.07682 36.829 9.2
      vertex -3.84251 36.634 10
    endloop
  endfacet
  facet normal 0.123507 0.701091 0.702294
    outer loop
      vertex -0.496886 33.6788 10
      vertex -0.706504 34.5171 9.2
      vertex -0.882323 33.7467 10
    endloop
  endfacet
  facet normal 0.192802 0.685279 0.702296
    outer loop
      vertex -0.882323 33.7467 10
      vertex -0.706504 34.5171 9.2
      vertex -1.25908 33.8527 10
    endloop
  endfacet
  facet normal 0.260018 0.662754 0.702244
    outer loop
      vertex -1.30584 34.7184 9.2
      vertex -1.62717 33.9968 10
      vertex -1.01119 34.6028 9.2
    endloop
  endfacet
  facet normal 0.256218 0.664337 0.702145
    outer loop
      vertex -1.62717 33.9968 10
      vertex -1.30584 34.7184 9.2
      vertex -1.6308 33.9982 10
    endloop
  endfacet
  facet normal 0.260108 0.662694 0.702268
    outer loop
      vertex -1.26284 33.8538 10
      vertex -1.01119 34.6028 9.2
      vertex -1.62717 33.9968 10
    endloop
  endfacet
  facet normal 0.656008 -0.276576 0.702253
    outer loop
      vertex -3.72448 38.9722 10
      vertex -2.98352 38.6984 9.2
      vertex -2.86058 38.99 9.2
    endloop
  endfacet
  facet normal 0.655871 -0.276923 0.702244
    outer loop
      vertex -2.98352 38.6984 9.2
      vertex -3.72448 38.9722 10
      vertex -3.726 38.9686 10
    endloop
  endfacet
  facet normal 0.0532954 -0.709918 0.702265
    outer loop
      vertex -0.394791 40.7628 9.2
      vertex -0.102749 41.5761 10
      vertex -0.493038 41.5468 10
    endloop
  endfacet
  facet normal 0.396758 -0.59153 0.701909
    outer loop
      vertex -1.98584 41.0442 10
      vertex -1.5875 40.3621 9.2
      vertex -1.98256 41.0464 10
    endloop
  endfacet
  facet normal 0.386212 -0.598078 0.702241
    outer loop
      vertex -1.5875 40.3621 9.2
      vertex -1.98584 41.0442 10
      vertex -1.85339 40.1904 9.2
    endloop
  endfacet
  facet normal 0.386195 -0.598084 0.702245
    outer loop
      vertex -1.85339 40.1904 9.2
      vertex -1.98584 41.0442 10
      vertex -2.31462 40.8319 10
    endloop
  endfacet
  facet normal 0.697802 -0.14107 0.702261
    outer loop
      vertex -3.07682 38.3959 9.2
      vertex -3.84251 38.5909 10
      vertex -3.92006 38.2073 10
    endloop
  endfacet
  facet normal 0.680291 -0.209835 0.702263
    outer loop
      vertex -3.07682 38.3959 9.2
      vertex -3.72715 38.9649 10
      vertex -3.84251 38.5909 10
    endloop
  endfacet
  facet normal -0.689792 -0.176079 0.70227
    outer loop
      vertex 3.03394 38.5483 9.2
      vertex 3.78993 38.7774 10
      vertex 3.78896 38.7812 10
    endloop
  endfacet
  facet normal -0.689897 -0.175702 0.702261
    outer loop
      vertex 3.78993 38.7774 10
      vertex 3.03394 38.5483 9.2
      vertex 3.11205 38.2416 9.2
    endloop
  endfacet
  facet normal -0.291835 -0.649333 0.702282
    outer loop
      vertex 1.15996 40.568 9.2
      vertex 1.45218 41.3019 10
      vertex 1.44862 41.3035 10
    endloop
  endfacet
  facet normal -0.292841 -0.648906 0.702257
    outer loop
      vertex 1.45218 41.3019 10
      vertex 1.15996 40.568 9.2
      vertex 1.44847 40.4378 9.2
    endloop
  endfacet
  facet normal -0.146368 -0.697076 0.701899
    outer loop
      vertex 1.07011 41.4302 10
      vertex 0.859918 40.6688 9.2
      vertex 1.07392 41.4294 10
    endloop
  endfacet
  facet normal -0.158354 -0.694116 0.70223
    outer loop
      vertex 0.859918 40.6688 9.2
      vertex 1.07011 41.4302 10
      vertex 0.551332 40.7392 9.2
    endloop
  endfacet
  facet normal -0.22682 -0.674821 0.702261
    outer loop
      vertex 1.44492 41.3047 10
      vertex 1.07392 41.4294 10
      vertex 0.859918 40.6688 9.2
    endloop
  endfacet
  facet normal 0.0531148 0.709936 0.70226
    outer loop
      vertex -0.102749 33.6489 10
      vertex -0.394791 34.4621 9.2
      vertex -0.493038 33.6781 10
    endloop
  endfacet
  facet normal 0.127434 0.700522 0.702161
    outer loop
      vertex -0.394791 34.4621 9.2
      vertex -0.496886 33.6788 10
      vertex -0.493038 33.6781 10
    endloop
  endfacet
  facet normal 0.123705 0.701099 0.702251
    outer loop
      vertex -0.496886 33.6788 10
      vertex -0.394791 34.4621 9.2
      vertex -0.706504 34.5171 9.2
    endloop
  endfacet
  facet normal 0.324793 0.633526 0.70225
    outer loop
      vertex -1.63428 34 10
      vertex -1.30584 34.7184 9.2
      vertex -1.5875 34.8628 9.2
    endloop
  endfacet
  facet normal 0.327104 0.632402 0.70219
    outer loop
      vertex -1.30584 34.7184 9.2
      vertex -1.63428 34 10
      vertex -1.6308 33.9982 10
    endloop
  endfacet
  facet normal 0.625229 -0.340457 0.702266
    outer loop
      vertex -3.57058 39.3363 10
      vertex -2.86058 38.99 9.2
      vertex -2.7092 39.268 9.2
    endloop
  endfacet
  facet normal 0.623852 -0.343118 0.702196
    outer loop
      vertex -2.86058 38.99 9.2
      vertex -3.57058 39.3363 10
      vertex -3.57245 39.3329 10
    endloop
  endfacet
  facet normal 0.625218 -0.340495 0.702257
    outer loop
      vertex -2.7092 39.268 9.2
      vertex -3.3834 39.68 10
      vertex -3.57058 39.3363 10
    endloop
  endfacet
  facet normal 0.260108 -0.662694 0.702268
    outer loop
      vertex -1.01119 40.6221 9.2
      vertex -1.26284 41.3711 10
      vertex -1.62717 41.2281 10
    endloop
  endfacet
  facet normal 0.192814 -0.68532 0.702253
    outer loop
      vertex -0.706504 40.7079 9.2
      vertex -0.882323 41.4782 10
      vertex -1.25908 41.3722 10
    endloop
  endfacet
  facet normal 0.443944 -0.556526 0.702277
    outer loop
      vertex -2.62061 40.5879 10
      vertex -2.10085 39.993 9.2
      vertex -1.85339 40.1904 9.2
    endloop
  endfacet
  facet normal 0.450311 -0.551181 0.702439
    outer loop
      vertex -2.10085 39.993 9.2
      vertex -2.62061 40.5879 10
      vertex -2.62367 40.5854 10
    endloop
  endfacet
  facet normal 0.0546617 0.709892 0.702187
    outer loop
      vertex -0.079154 34.4384 9.2
      vertex -0.102749 33.6489 10
      vertex -0.0988529 33.6486 10
    endloop
  endfacet
  facet normal 0.0533085 0.709964 0.702218
    outer loop
      vertex -0.102749 33.6489 10
      vertex -0.079154 34.4384 9.2
      vertex -0.394791 34.4621 9.2
    endloop
  endfacet
  facet normal 0.260018 -0.662754 0.702244
    outer loop
      vertex -1.62717 41.2281 10
      vertex -1.30584 40.5065 9.2
      vertex -1.01119 40.6221 9.2
    endloop
  endfacet
  facet normal 0.256218 -0.664337 0.702145
    outer loop
      vertex -1.30584 40.5065 9.2
      vertex -1.62717 41.2281 10
      vertex -1.6308 41.2267 10
    endloop
  endfacet
  facet normal 0.0983405 -0.652789 -0.75113
    outer loop
      vertex 28.4483 -38.6796 1
      vertex 27.8426 -37.6202 0
      vertex 28.8426 -38.6202 1
    endloop
  endfacet
  facet normal 0.0983405 -0.652789 -0.75113
    outer loop
      vertex 27.8426 -37.6202 0
      vertex 28.4483 -38.6796 1
      vertex 27.4483 -37.6796 0
    endloop
  endfacet
  facet normal -0 0 1
    outer loop
      vertex 10.55 10 10
      vertex 14.55 -1.275 10
      vertex 14.55 10 10
    endloop
  endfacet
  facet normal 0 0 1
    outer loop
      vertex 14.55 -1.275 10
      vertex 10.55 10 10
      vertex 14.55 -2.525 10
    endloop
  endfacet
  facet normal 0 0 1
    outer loop
      vertex 10.55 -26 10
      vertex 14.55 -2.525 10
      vertex 10.55 10 10
    endloop
  endfacet
  facet normal -0 0 1
    outer loop
      vertex 14.55 -1.275 10
      vertex 29.55 -2.525 10
      vertex 29.55 -1.275 10
    endloop
  endfacet
  facet normal 0 0 1
    outer loop
      vertex 29.55 -2.525 10
      vertex 14.55 -1.275 10
      vertex 14.55 -2.525 10
    endloop
  endfacet
  facet normal 0 0 1
    outer loop
      vertex 27.05 59.6125 10
      vertex 31.05 55.6125 10
      vertex 29.544 58.7398 10
    endloop
  endfacet
  facet normal 0 0 1
    outer loop
      vertex 27.05 59.6125 10
      vertex 29.544 58.7398 10
      vertex 29.2202 58.9726 10
    endloop
  endfacet
  facet normal 0 0 1
    outer loop
      vertex 27.05 59.6125 10
      vertex 29.2202 58.9726 10
      vertex 28.8748 59.1719 10
    endloop
  endfacet
  facet normal 0 0 1
    outer loop
      vertex 27.05 59.6125 10
      vertex 28.8748 59.1719 10
      vertex 28.5114 59.3359 10
    endloop
  endfacet
  facet normal 0 0 1
    outer loop
      vertex 27.05 59.6125 10
      vertex 28.5114 59.3359 10
      vertex 28.1334 59.4629 10
    endloop
  endfacet
  facet normal 0 0 1
    outer loop
      vertex 27.05 59.6125 10
      vertex 28.1334 59.4629 10
      vertex 27.7446 59.5517 10
    endloop
  endfacet
  facet normal 0 0 1
    outer loop
      vertex 27.05 59.6125 10
      vertex 27.7446 59.5517 10
      vertex 27.3489 59.6013 10
    endloop
  endfacet
  facet normal 0 0 1
    outer loop
      vertex 3.48395 39.5053 10
      vertex 31.05 55.6125 10
      vertex 27.05 59.6125 10
    endloop
  endfacet
  facet normal 0 0 1
    outer loop
      vertex 3.96493 37.6086 10
      vertex 31.05 55.6125 10
      vertex 3.96512 37.6125 10
    endloop
  endfacet
  facet normal 0 0 1
    outer loop
      vertex 14.55 15.4181 10
      vertex 13.1535 12.829 10
      vertex 14.55 12.5625 10
    endloop
  endfacet
  facet normal -0 0 1
    outer loop
      vertex 3.88709 36.8306 10
      vertex 29.55 15.4181 10
      vertex 3.94542 37.2177 10
    endloop
  endfacet
  facet normal 0 0 1
    outer loop
      vertex 29.55 15.4181 10
      vertex 3.8865 36.8268 10
      vertex 14.55 15.4181 10
    endloop
  endfacet
  facet normal -0 0 1
    outer loop
      vertex 3.78896 36.4437 10
      vertex 14.55 15.4181 10
      vertex 3.78993 36.4475 10
    endloop
  endfacet
  facet normal -0 0 1
    outer loop
      vertex 3.78763 36.44 10
      vertex 14.55 15.4181 10
      vertex 3.78896 36.4437 10
    endloop
  endfacet
  facet normal -0 0 1
    outer loop
      vertex 3.65377 36.0723 10
      vertex 14.55 15.4181 10
      vertex 3.78763 36.44 10
    endloop
  endfacet
  facet normal -0 0 1
    outer loop
      vertex 3.48395 35.7196 10
      vertex 14.55 15.4181 10
      vertex 3.65377 36.0723 10
    endloop
  endfacet
  facet normal -0 0 1
    outer loop
      vertex 3.48226 35.7161 10
      vertex 14.55 15.4181 10
      vertex 3.48395 35.7196 10
    endloop
  endfacet
  facet normal -0 0 1
    outer loop
      vertex 3.48022 35.7128 10
      vertex 14.55 15.4181 10
      vertex 3.48226 35.7161 10
    endloop
  endfacet
  facet normal -0 0 1
    outer loop
      vertex 3.27614 35.3788 10
      vertex 14.55 15.4181 10
      vertex 3.48022 35.7128 10
    endloop
  endfacet
  facet normal -0 0 1
    outer loop
      vertex 3.27378 35.3757 10
      vertex 14.55 15.4181 10
      vertex 3.27614 35.3788 10
    endloop
  endfacet
  facet normal -0 0 1
    outer loop
      vertex 3.03746 35.0637 10
      vertex 14.55 15.4181 10
      vertex 3.27378 35.3757 10
    endloop
  endfacet
  facet normal -0 0 1
    outer loop
      vertex 2.77125 34.7768 10
      vertex 14.55 15.4181 10
      vertex 3.03746 35.0637 10
    endloop
  endfacet
  facet normal 0 0 1
    outer loop
      vertex 14.55 15.4181 10
      vertex 12.7794 12.8212 10
      vertex 13.1535 12.829 10
    endloop
  endfacet
  facet normal -0 0 1
    outer loop
      vertex 2.76859 34.774 10
      vertex 14.55 15.4181 10
      vertex 2.77125 34.7768 10
    endloop
  endfacet
  facet normal -0 0 1
    outer loop
      vertex 2.47514 34.515 10
      vertex 14.55 15.4181 10
      vertex 2.76859 34.774 10
    endloop
  endfacet
  facet normal -0 0 1
    outer loop
      vertex 2.47221 34.5124 10
      vertex 14.55 15.4181 10
      vertex 2.47514 34.515 10
    endloop
  endfacet
  facet normal 0 0 1
    outer loop
      vertex -22 -33.6995 10
      vertex 9.64999 -0.727173 10
      vertex 9.64999 10 10
    endloop
  endfacet
  facet normal -0 0 1
    outer loop
      vertex 3.8865 36.8268 10
      vertex 29.55 15.4181 10
      vertex 3.88709 36.8306 10
    endloop
  endfacet
  facet normal 0 0 1
    outer loop
      vertex 31.05 55.6125 10
      vertex 3.94542 37.2177 10
      vertex 29.55 15.4181 10
    endloop
  endfacet
  facet normal 0 0 1
    outer loop
      vertex 3.94542 37.2177 10
      vertex 31.05 55.6125 10
      vertex 3.96493 37.6086 10
    endloop
  endfacet
  facet normal 0 0 1
    outer loop
      vertex 31.05 55.6125 10
      vertex 3.96493 37.6164 10
      vertex 3.96512 37.6125 10
    endloop
  endfacet
  facet normal 0 0 1
    outer loop
      vertex 31.05 55.6125 10
      vertex 3.94542 38.0073 10
      vertex 3.96493 37.6164 10
    endloop
  endfacet
  facet normal 0 0 1
    outer loop
      vertex 31.05 55.6125 10
      vertex 3.88709 38.3943 10
      vertex 3.94542 38.0073 10
    endloop
  endfacet
  facet normal 0 0 1
    outer loop
      vertex 31.05 55.6125 10
      vertex 3.8865 38.3981 10
      vertex 3.88709 38.3943 10
    endloop
  endfacet
  facet normal 0 0 1
    outer loop
      vertex 31.05 55.6125 10
      vertex 3.78993 38.7774 10
      vertex 3.8865 38.3981 10
    endloop
  endfacet
  facet normal 0 0 1
    outer loop
      vertex 31.05 55.6125 10
      vertex 3.78896 38.7812 10
      vertex 3.78993 38.7774 10
    endloop
  endfacet
  facet normal 0 0 1
    outer loop
      vertex 31.05 55.6125 10
      vertex 3.78763 38.7849 10
      vertex 3.78896 38.7812 10
    endloop
  endfacet
  facet normal 0 0 1
    outer loop
      vertex 31.05 55.6125 10
      vertex 3.65377 39.1526 10
      vertex 3.78763 38.7849 10
    endloop
  endfacet
  facet normal 0 0 1
    outer loop
      vertex 31.05 55.6125 10
      vertex 3.48395 39.5053 10
      vertex 3.65377 39.1526 10
    endloop
  endfacet
  facet normal 0 0 1
    outer loop
      vertex 27.05 59.6125 10
      vertex 3.48226 39.5088 10
      vertex 3.48395 39.5053 10
    endloop
  endfacet
  facet normal 0 0 1
    outer loop
      vertex 27.05 59.6125 10
      vertex 3.48022 39.5121 10
      vertex 3.48226 39.5088 10
    endloop
  endfacet
  facet normal 0 0 1
    outer loop
      vertex 27.05 59.6125 10
      vertex 3.27614 39.8461 10
      vertex 3.48022 39.5121 10
    endloop
  endfacet
  facet normal 0 0 1
    outer loop
      vertex 27.05 59.6125 10
      vertex 3.27378 39.8492 10
      vertex 3.27614 39.8461 10
    endloop
  endfacet
  facet normal 0 0 1
    outer loop
      vertex 27.05 59.6125 10
      vertex 3.03746 40.1612 10
      vertex 3.27378 39.8492 10
    endloop
  endfacet
  facet normal 0 0 1
    outer loop
      vertex 27.05 59.6125 10
      vertex 2.77125 40.4481 10
      vertex 3.03746 40.1612 10
    endloop
  endfacet
  facet normal 0 0 1
    outer loop
      vertex 27.05 59.6125 10
      vertex 2.76859 40.451 10
      vertex 2.77125 40.4481 10
    endloop
  endfacet
  facet normal 0 0 1
    outer loop
      vertex 27.05 59.6125 10
      vertex 2.47514 40.7099 10
      vertex 2.76859 40.451 10
    endloop
  endfacet
  facet normal 0 0 1
    outer loop
      vertex 27.05 59.6125 10
      vertex 2.47221 40.7125 10
      vertex 2.47514 40.7099 10
    endloop
  endfacet
  facet normal 0 0 1
    outer loop
      vertex 27.05 59.6125 10
      vertex 2.15444 40.941 10
      vertex 2.47221 40.7125 10
    endloop
  endfacet
  facet normal 0 0 1
    outer loop
      vertex 27.05 59.6125 10
      vertex 2.15126 40.9433 10
      vertex 2.15444 40.941 10
    endloop
  endfacet
  facet normal 0 0 1
    outer loop
      vertex 27.05 59.6125 10
      vertex 1.81231 41.139 10
      vertex 2.15126 40.9433 10
    endloop
  endfacet
  facet normal 0 0 1
    outer loop
      vertex 27.05 59.6125 10
      vertex 1.80893 41.1409 10
      vertex 1.81231 41.139 10
    endloop
  endfacet
  facet normal 0 0 1
    outer loop
      vertex 27.05 59.6125 10
      vertex 1.45218 41.3019 10
      vertex 1.80893 41.1409 10
    endloop
  endfacet
  facet normal 0 0 1
    outer loop
      vertex 27.05 59.6125 10
      vertex 1.44862 41.3035 10
      vertex 1.45218 41.3019 10
    endloop
  endfacet
  facet normal 0 0 1
    outer loop
      vertex 27.05 59.6125 10
      vertex 1.44492 41.3047 10
      vertex 1.44862 41.3035 10
    endloop
  endfacet
  facet normal 0 0 1
    outer loop
      vertex 27.05 59.6125 10
      vertex 1.07392 41.4294 10
      vertex 1.44492 41.3047 10
    endloop
  endfacet
  facet normal 0 0 1
    outer loop
      vertex 27.05 59.6125 10
      vertex 1.07011 41.4302 10
      vertex 1.07392 41.4294 10
    endloop
  endfacet
  facet normal 0 0 1
    outer loop
      vertex 27.05 59.6125 10
      vertex 0.688536 41.5173 10
      vertex 1.07011 41.4302 10
    endloop
  endfacet
  facet normal -0 0 1
    outer loop
      vertex -18 59.6125 10
      vertex 0.688536 41.5173 10
      vertex 27.05 59.6125 10
    endloop
  endfacet
  facet normal 0 0 1
    outer loop
      vertex 0.688536 41.5173 10
      vertex -18 59.6125 10
      vertex 0.30019 41.566 10
    endloop
  endfacet
  facet normal 0 0 1
    outer loop
      vertex 0.30019 41.566 10
      vertex -18 59.6125 10
      vertex 0.296313 41.5665 10
    endloop
  endfacet
  facet normal 0 0 1
    outer loop
      vertex 0.296313 41.5665 10
      vertex -18 59.6125 10
      vertex 0.292407 41.5666 10
    endloop
  endfacet
  facet normal 0 0 1
    outer loop
      vertex 0.292407 41.5666 10
      vertex -18 59.6125 10
      vertex -0.0988529 41.5763 10
    endloop
  endfacet
  facet normal 0 0 1
    outer loop
      vertex -0.0988529 41.5763 10
      vertex -18 59.6125 10
      vertex -0.102749 41.5761 10
    endloop
  endfacet
  facet normal 0 0 1
    outer loop
      vertex -0.102749 41.5761 10
      vertex -18 59.6125 10
      vertex -0.493038 41.5468 10
    endloop
  endfacet
  facet normal 0 0 1
    outer loop
      vertex -0.493038 41.5468 10
      vertex -18 59.6125 10
      vertex -0.496886 41.5461 10
    endloop
  endfacet
  facet normal 0 0 1
    outer loop
      vertex -0.496886 41.5461 10
      vertex -18 59.6125 10
      vertex -0.882323 41.4782 10
    endloop
  endfacet
  facet normal 0 0 1
    outer loop
      vertex -0.882323 41.4782 10
      vertex -18 59.6125 10
      vertex -1.25908 41.3722 10
    endloop
  endfacet
  facet normal 0 0 1
    outer loop
      vertex -1.25908 41.3722 10
      vertex -18 59.6125 10
      vertex -1.26284 41.3711 10
    endloop
  endfacet
  facet normal 0 0 1
    outer loop
      vertex -1.26284 41.3711 10
      vertex -18 59.6125 10
      vertex -1.62717 41.2281 10
    endloop
  endfacet
  facet normal 0 0 1
    outer loop
      vertex -1.62717 41.2281 10
      vertex -18 59.6125 10
      vertex -1.6308 41.2267 10
    endloop
  endfacet
  facet normal 0 0 1
    outer loop
      vertex -1.6308 41.2267 10
      vertex -18 59.6125 10
      vertex -1.63428 41.2249 10
    endloop
  endfacet
  facet normal 0 0 1
    outer loop
      vertex -22 55.6125 10
      vertex -2.90915 40.3064 10
      vertex -2.90664 40.3094 10
    endloop
  endfacet
  facet normal 0 0 1
    outer loop
      vertex -22 55.6125 10
      vertex -3.3812 39.6832 10
      vertex -3.16073 40.0066 10
    endloop
  endfacet
  facet normal 0 0 1
    outer loop
      vertex -22 55.6125 10
      vertex -3.57058 39.3363 10
      vertex -3.3834 39.68 10
    endloop
  endfacet
  facet normal 0 0 1
    outer loop
      vertex -22 55.6125 10
      vertex -3.72448 38.9722 10
      vertex -3.57245 39.3329 10
    endloop
  endfacet
  facet normal 0 0 1
    outer loop
      vertex -22 55.6125 10
      vertex -3.72715 38.9649 10
      vertex -3.726 38.9686 10
    endloop
  endfacet
  facet normal 0 0 1
    outer loop
      vertex -22 55.6125 10
      vertex -3.95981 37.814 10
      vertex -3.92084 38.2034 10
    endloop
  endfacet
  facet normal 0 0 1
    outer loop
      vertex -3.95981 37.814 10
      vertex -22 55.6125 10
      vertex -3.96019 37.8101 10
    endloop
  endfacet
  facet normal 0 0 1
    outer loop
      vertex -3.92006 38.2073 10
      vertex -22 55.6125 10
      vertex -3.92084 38.2034 10
    endloop
  endfacet
  facet normal 0 0 1
    outer loop
      vertex -3.84251 38.5909 10
      vertex -22 55.6125 10
      vertex -3.92006 38.2073 10
    endloop
  endfacet
  facet normal 0 0 1
    outer loop
      vertex -3.72715 38.9649 10
      vertex -22 55.6125 10
      vertex -3.84251 38.5909 10
    endloop
  endfacet
  facet normal 0 0 1
    outer loop
      vertex -3.72448 38.9722 10
      vertex -22 55.6125 10
      vertex -3.726 38.9686 10
    endloop
  endfacet
  facet normal 0 0 1
    outer loop
      vertex -3.57058 39.3363 10
      vertex -22 55.6125 10
      vertex -3.57245 39.3329 10
    endloop
  endfacet
  facet normal 0 0 1
    outer loop
      vertex -3.3812 39.6832 10
      vertex -22 55.6125 10
      vertex -3.3834 39.68 10
    endloop
  endfacet
  facet normal 0 0 1
    outer loop
      vertex -2.90915 40.3064 10
      vertex -22 55.6125 10
      vertex -3.16073 40.0066 10
    endloop
  endfacet
  facet normal -0 0 1
    outer loop
      vertex -22 55.6125 10
      vertex -2.90664 40.3094 10
      vertex -18 59.6125 10
    endloop
  endfacet
  facet normal 0 0 1
    outer loop
      vertex -2.62646 40.5827 10
      vertex -18 59.6125 10
      vertex -2.90664 40.3094 10
    endloop
  endfacet
  facet normal 0 0 1
    outer loop
      vertex -2.62367 40.5854 10
      vertex -18 59.6125 10
      vertex -2.62646 40.5827 10
    endloop
  endfacet
  facet normal 0 0 1
    outer loop
      vertex -2.62061 40.5879 10
      vertex -18 59.6125 10
      vertex -2.62367 40.5854 10
    endloop
  endfacet
  facet normal 0 0 1
    outer loop
      vertex -2.31462 40.8319 10
      vertex -18 59.6125 10
      vertex -2.62061 40.5879 10
    endloop
  endfacet
  facet normal 0 0 1
    outer loop
      vertex -1.98584 41.0442 10
      vertex -18 59.6125 10
      vertex -2.31462 40.8319 10
    endloop
  endfacet
  facet normal 0 0 1
    outer loop
      vertex -1.98256 41.0464 10
      vertex -18 59.6125 10
      vertex -1.98584 41.0442 10
    endloop
  endfacet
  facet normal 0 0 1
    outer loop
      vertex -1.63428 41.2249 10
      vertex -18 59.6125 10
      vertex -1.98256 41.0464 10
    endloop
  endfacet
  facet normal -0 0 1
    outer loop
      vertex 29.55 15.4181 10
      vertex 31.05 -1.275 10
      vertex 31.05 55.6125 10
    endloop
  endfacet
  facet normal 0 0 1
    outer loop
      vertex 29.55 -1.275 10
      vertex 31.05 -1.275 10
      vertex 29.55 15.4181 10
    endloop
  endfacet
  facet normal 0 0 1
    outer loop
      vertex 29.8429 58.4759 10
      vertex 31.05 55.6125 10
      vertex 31.0301 56.0107 10
    endloop
  endfacet
  facet normal 0 0 1
    outer loop
      vertex 29.8429 58.4759 10
      vertex 31.0301 56.0107 10
      vertex 30.9707 56.405 10
    endloop
  endfacet
  facet normal 0 0 1
    outer loop
      vertex 29.8429 58.4759 10
      vertex 30.9707 56.405 10
      vertex 30.8723 56.7915 10
    endloop
  endfacet
  facet normal 0 0 1
    outer loop
      vertex 29.8429 58.4759 10
      vertex 30.8723 56.7915 10
      vertex 30.7359 57.1662 10
    endloop
  endfacet
  facet normal 0 0 1
    outer loop
      vertex 29.8429 58.4759 10
      vertex 30.7359 57.1662 10
      vertex 30.5629 57.5255 10
    endloop
  endfacet
  facet normal 0 0 1
    outer loop
      vertex 29.8429 58.4759 10
      vertex 30.5629 57.5255 10
      vertex 30.355 57.8657 10
    endloop
  endfacet
  facet normal 0 0 1
    outer loop
      vertex 29.8429 58.4759 10
      vertex 30.355 57.8657 10
      vertex 30.1142 58.1836 10
    endloop
  endfacet
  facet normal 0 0 1
    outer loop
      vertex 29.544 58.7398 10
      vertex 31.05 55.6125 10
      vertex 29.8429 58.4759 10
    endloop
  endfacet
  facet normal 0 0 1
    outer loop
      vertex 31.05 -1.275 10
      vertex 29.55 -1.275 10
      vertex 31.05 -2.525 10
    endloop
  endfacet
  facet normal 0 0 1
    outer loop
      vertex 29.55 -2.525 10
      vertex 31.05 -2.525 10
      vertex 29.55 -1.275 10
    endloop
  endfacet
  facet normal 0 0 1
    outer loop
      vertex 31.05 -2.525 10
      vertex 29.55 -2.525 10
      vertex 31.05 -20.1 10
    endloop
  endfacet
  facet normal 0 0 1
    outer loop
      vertex 31.05 -20.1 10
      vertex 29.55 -2.525 10
      vertex 29.55 -20.1 10
    endloop
  endfacet
  facet normal 0 0 1
    outer loop
      vertex 14.55 -26.9 10
      vertex 10.55 -26.9 10
      vertex 14.55 -31.4181 10
    endloop
  endfacet
  facet normal 0 0 1
    outer loop
      vertex 43.05 -16 10
      vertex 43.0339 -16.1899 10
      vertex 43.05 -16.0881 10
    endloop
  endfacet
  facet normal -0 0 1
    outer loop
      vertex 39.65 -16 10
      vertex 43.0339 -16.1899 10
      vertex 43.05 -16 10
    endloop
  endfacet
  facet normal 0 0 1
    outer loop
      vertex 42.5139 -20.8884 10
      vertex 39.65 -21 10
      vertex 42.5081 -21 10
    endloop
  endfacet
  facet normal 0 0 1
    outer loop
      vertex 42.5422 -20.3492 10
      vertex 39.65 -21 10
      vertex 42.5139 -20.8884 10
    endloop
  endfacet
  facet normal 0 0 1
    outer loop
      vertex 42.6325 -19.3165 10
      vertex 39.65 -21 10
      vertex 42.5422 -20.3492 10
    endloop
  endfacet
  facet normal 0 0 1
    outer loop
      vertex 42.6796 -18.7787 10
      vertex 39.65 -21 10
      vertex 42.6325 -19.3165 10
    endloop
  endfacet
  facet normal 0 0 1
    outer loop
      vertex 39.65 -21 10
      vertex 42.6796 -18.7787 10
      vertex 39.65 -16 10
    endloop
  endfacet
  facet normal 0 0 1
    outer loop
      vertex 42.7454 -18.2428 10
      vertex 39.65 -16 10
      vertex 42.6796 -18.7787 10
    endloop
  endfacet
  facet normal 0 0 1
    outer loop
      vertex 42.8717 -17.2138 10
      vertex 39.65 -16 10
      vertex 42.7454 -18.2428 10
    endloop
  endfacet
  facet normal 0 0 1
    outer loop
      vertex 43.0339 -16.1899 10
      vertex 39.65 -16 10
      vertex 42.8717 -17.2138 10
    endloop
  endfacet
  facet normal -0 0 1
    outer loop
      vertex 42.5081 -21 10
      vertex 43.05 -26 10
      vertex 43.05 -21 10
    endloop
  endfacet
  facet normal 0 0 1
    outer loop
      vertex 43.05 -26 10
      vertex 42.5081 -21 10
      vertex 42.5081 -26 10
    endloop
  endfacet
  facet normal 0 0 1
    outer loop
      vertex 43.0339 -30.8101 10
      vertex 43.05 -31 10
      vertex 43.05 -30.9119 10
    endloop
  endfacet
  facet normal 0 0 1
    outer loop
      vertex 39.65 -31 10
      vertex 43.0339 -30.8101 10
      vertex 42.8717 -29.7862 10
    endloop
  endfacet
  facet normal 0 0 1
    outer loop
      vertex 42.5081 -21 10
      vertex 39.65 -21 10
      vertex 42.5081 -26 10
    endloop
  endfacet
  facet normal 0 0 1
    outer loop
      vertex 39.65 -26 10
      vertex 42.5081 -26 10
      vertex 39.65 -21 10
    endloop
  endfacet
  facet normal 0 0 1
    outer loop
      vertex 42.5081 -26 10
      vertex 39.65 -26 10
      vertex 42.5139 -26.1116 10
    endloop
  endfacet
  facet normal 0 0 1
    outer loop
      vertex 42.5139 -26.1116 10
      vertex 39.65 -26 10
      vertex 42.5422 -26.6508 10
    endloop
  endfacet
  facet normal 0 0 1
    outer loop
      vertex 42.5422 -26.6508 10
      vertex 39.65 -26 10
      vertex 42.6325 -27.6835 10
    endloop
  endfacet
  facet normal 0 0 1
    outer loop
      vertex 42.6325 -27.6835 10
      vertex 39.65 -26 10
      vertex 42.6796 -28.2213 10
    endloop
  endfacet
  facet normal 0 0 1
    outer loop
      vertex 39.65 -31 10
      vertex 42.6796 -28.2213 10
      vertex 39.65 -26 10
    endloop
  endfacet
  facet normal 0 0 1
    outer loop
      vertex 42.6796 -28.2213 10
      vertex 39.65 -31 10
      vertex 42.7454 -28.7572 10
    endloop
  endfacet
  facet normal 0 0 1
    outer loop
      vertex 42.7454 -28.7572 10
      vertex 39.65 -31 10
      vertex 42.8717 -29.7862 10
    endloop
  endfacet
  facet normal 0 0 1
    outer loop
      vertex 43.0339 -30.8101 10
      vertex 39.65 -31 10
      vertex 43.05 -31 10
    endloop
  endfacet
  facet normal -0 0 1
    outer loop
      vertex 29.55 -31.4181 10
      vertex 31.05 -33.6995 10
      vertex 31.05 -29.0689 10
    endloop
  endfacet
  facet normal 0 0 1
    outer loop
      vertex 31.05 -33.6995 10
      vertex 29.55 -31.4181 10
      vertex 31.0388 -33.9984 10
    endloop
  endfacet
  facet normal 0 0 1
    outer loop
      vertex 31.0388 -33.9984 10
      vertex 29.55 -31.4181 10
      vertex 30.9892 -34.3941 10
    endloop
  endfacet
  facet normal 0 0 1
    outer loop
      vertex 30.9892 -34.3941 10
      vertex 29.55 -31.4181 10
      vertex 30.9005 -34.7829 10
    endloop
  endfacet
  facet normal 0 0 1
    outer loop
      vertex 30.9005 -34.7829 10
      vertex 29.55 -31.4181 10
      vertex 30.7735 -35.1609 10
    endloop
  endfacet
  facet normal 0 0 1
    outer loop
      vertex 30.7735 -35.1609 10
      vertex 29.55 -31.4181 10
      vertex 30.6095 -35.5243 10
    endloop
  endfacet
  facet normal 0 0 1
    outer loop
      vertex 30.6095 -35.5243 10
      vertex 29.55 -31.4181 10
      vertex 30.4101 -35.8697 10
    endloop
  endfacet
  facet normal 0 0 1
    outer loop
      vertex 30.4101 -35.8697 10
      vertex 29.55 -31.4181 10
      vertex 30.1773 -36.1935 10
    endloop
  endfacet
  facet normal 0 0 1
    outer loop
      vertex 30.1773 -36.1935 10
      vertex 29.55 -31.4181 10
      vertex 29.9135 -36.4925 10
    endloop
  endfacet
  facet normal 0 0 1
    outer loop
      vertex 29.55 -31.4181 10
      vertex 31.05 -29.0689 10
      vertex 29.55 -28.7827 10
    endloop
  endfacet
  facet normal 0 0 1
    outer loop
      vertex 29.9135 -36.4925 10
      vertex 29.55 -31.4181 10
      vertex 29.6211 -36.7637 10
    endloop
  endfacet
  facet normal 0 0 1
    outer loop
      vertex 29.55 -31.4181 10
      vertex 29.3033 -37.0045 10
      vertex 29.6211 -36.7637 10
    endloop
  endfacet
  facet normal 0 0 1
    outer loop
      vertex 29.55 -31.4181 10
      vertex 28.963 -37.2124 10
      vertex 29.3033 -37.0045 10
    endloop
  endfacet
  facet normal 0 0 1
    outer loop
      vertex 29.55 -31.4181 10
      vertex 28.6037 -37.3854 10
      vertex 28.963 -37.2124 10
    endloop
  endfacet
  facet normal 0 0 1
    outer loop
      vertex 29.55 -31.4181 10
      vertex 28.229 -37.5218 10
      vertex 28.6037 -37.3854 10
    endloop
  endfacet
  facet normal 0 0 1
    outer loop
      vertex 29.55 -31.4181 10
      vertex 27.8426 -37.6202 10
      vertex 28.229 -37.5218 10
    endloop
  endfacet
  facet normal 0 0 1
    outer loop
      vertex 29.55 -31.4181 10
      vertex 27.4483 -37.6796 10
      vertex 27.8426 -37.6202 10
    endloop
  endfacet
  facet normal 0 0 1
    outer loop
      vertex 29.55 -31.4181 10
      vertex 27.05 -37.6995 10
      vertex 27.4483 -37.6796 10
    endloop
  endfacet
  facet normal -0 0 1
    outer loop
      vertex 14.55 -31.4181 10
      vertex 27.05 -37.6995 10
      vertex 29.55 -31.4181 10
    endloop
  endfacet
  facet normal 0 0 1
    outer loop
      vertex 10.2719 -26.856 10
      vertex 14.55 -31.4181 10
      vertex 10.55 -26.9 10
    endloop
  endfacet
  facet normal 0 0 1
    outer loop
      vertex 9.49342 -26.4735 10
      vertex 10.2719 -26.856 10
      vertex 9.94777 -26.6688 10
    endloop
  endfacet
  facet normal 0 0 1
    outer loop
      vertex 9.77 -26.5262 10
      vertex 9.94777 -26.6688 10
      vertex 9.84592 -26.5286 10
    endloop
  endfacet
  facet normal 0 0 1
    outer loop
      vertex 9.49342 -26.4735 10
      vertex 9.94777 -26.6688 10
      vertex 9.77 -26.5262 10
    endloop
  endfacet
  facet normal 0 0 1
    outer loop
      vertex 10.2719 -26.856 10
      vertex 9.49342 -26.4735 10
      vertex 14.55 -31.4181 10
    endloop
  endfacet
  facet normal 0 0 1
    outer loop
      vertex 8.72734 -26.0667 10
      vertex 9.49342 -26.4735 10
      vertex 9.17535 -26.2763 10
    endloop
  endfacet
  facet normal 0 0 1
    outer loop
      vertex 9.00217 -26.1282 10
      vertex 9.17535 -26.2763 10
      vertex 9.07796 -26.1329 10
    endloop
  endfacet
  facet normal 0 0 1
    outer loop
      vertex 8.72734 -26.0667 10
      vertex 9.17535 -26.2763 10
      vertex 9.00217 -26.1282 10
    endloop
  endfacet
  facet normal 0 0 1
    outer loop
      vertex 9.49342 -26.4735 10
      vertex 8.72734 -26.0667 10
      vertex 14.55 -31.4181 10
    endloop
  endfacet
  facet normal 0 0 1
    outer loop
      vertex 7.97447 -25.6361 10
      vertex 8.72734 -26.0667 10
      vertex 8.41565 -25.8596 10
    endloop
  endfacet
  facet normal 0 0 1
    outer loop
      vertex 8.24721 -25.7062 10
      vertex 8.41565 -25.8596 10
      vertex 8.32281 -25.7133 10
    endloop
  endfacet
  facet normal 0 0 1
    outer loop
      vertex 7.97447 -25.6361 10
      vertex 8.41565 -25.8596 10
      vertex 8.24721 -25.7062 10
    endloop
  endfacet
  facet normal 0 0 1
    outer loop
      vertex -18 -37.6995 10
      vertex 8.72734 -26.0667 10
      vertex 7.97447 -25.6361 10
    endloop
  endfacet
  facet normal 0 0 1
    outer loop
      vertex 7.23549 -25.1821 10
      vertex 7.97447 -25.6361 10
      vertex 7.66943 -25.4193 10
    endloop
  endfacet
  facet normal 0 0 1
    outer loop
      vertex 7.50591 -25.2606 10
      vertex 7.66943 -25.4193 10
      vertex 7.58122 -25.2702 10
    endloop
  endfacet
  facet normal 0 0 1
    outer loop
      vertex 7.23549 -25.1821 10
      vertex 7.66943 -25.4193 10
      vertex 7.50591 -25.2606 10
    endloop
  endfacet
  facet normal 0 0 1
    outer loop
      vertex 7.97447 -25.6361 10
      vertex 7.23549 -25.1821 10
      vertex -18 -37.6995 10
    endloop
  endfacet
  facet normal 0 0 1
    outer loop
      vertex 6.51118 -24.705 10
      vertex 7.23549 -25.1821 10
      vertex 6.93741 -24.9558 10
    endloop
  endfacet
  facet normal 0 0 1
    outer loop
      vertex 6.77896 -24.792 10
      vertex 6.93741 -24.9558 10
      vertex 6.85396 -24.8039 10
    endloop
  endfacet
  facet normal 0 0 1
    outer loop
      vertex 6.51118 -24.705 10
      vertex 6.93741 -24.9558 10
      vertex 6.77896 -24.792 10
    endloop
  endfacet
  facet normal 0 0 1
    outer loop
      vertex 7.23549 -25.1821 10
      vertex 6.51118 -24.705 10
      vertex -18 -37.6995 10
    endloop
  endfacet
  facet normal 0 0 1
    outer loop
      vertex 5.80215 -24.2054 10
      vertex 6.51118 -24.705 10
      vertex 6.22035 -24.4695 10
    endloop
  endfacet
  facet normal 0 0 1
    outer loop
      vertex 6.06708 -24.3008 10
      vertex 6.22035 -24.4695 10
      vertex 6.14169 -24.3151 10
    endloop
  endfacet
  facet normal 0 0 1
    outer loop
      vertex 5.80215 -24.2054 10
      vertex 6.22035 -24.4695 10
      vertex 6.06708 -24.3008 10
    endloop
  endfacet
  facet normal 0 0 1
    outer loop
      vertex 6.51118 -24.705 10
      vertex 5.80215 -24.2054 10
      vertex -18 -37.6995 10
    endloop
  endfacet
  facet normal -0 0 1
    outer loop
      vertex 3.78993 36.4475 10
      vertex 14.55 15.4181 10
      vertex 3.8865 36.8268 10
    endloop
  endfacet
  facet normal -0 0 1
    outer loop
      vertex 2.15444 34.2839 10
      vertex 14.55 15.4181 10
      vertex 2.47221 34.5124 10
    endloop
  endfacet
  facet normal -0 0 1
    outer loop
      vertex 2.15126 34.2817 10
      vertex 14.55 15.4181 10
      vertex 2.15444 34.2839 10
    endloop
  endfacet
  facet normal -0 0 1
    outer loop
      vertex 1.81231 34.086 10
      vertex 14.55 15.4181 10
      vertex 2.15126 34.2817 10
    endloop
  endfacet
  facet normal -0 0 1
    outer loop
      vertex 1.80893 34.084 10
      vertex 14.55 15.4181 10
      vertex 1.81231 34.086 10
    endloop
  endfacet
  facet normal -0 0 1
    outer loop
      vertex 1.45218 33.923 10
      vertex 14.55 15.4181 10
      vertex 1.80893 34.084 10
    endloop
  endfacet
  facet normal 0 0 1
    outer loop
      vertex 14.55 15.4181 10
      vertex 12.4407 12.6619 10
      vertex 12.7794 12.8212 10
    endloop
  endfacet
  facet normal -0 0 1
    outer loop
      vertex 1.44862 33.9214 10
      vertex 14.55 15.4181 10
      vertex 1.45218 33.923 10
    endloop
  endfacet
  facet normal 0 0 1
    outer loop
      vertex 12.4407 12.6619 10
      vertex 11.9878 12.3527 10
      vertex 12.3198 12.5218 10
    endloop
  endfacet
  facet normal -0 0 1
    outer loop
      vertex 1.44492 33.9202 10
      vertex 14.55 15.4181 10
      vertex 1.44862 33.9214 10
    endloop
  endfacet
  facet normal 0 0 1
    outer loop
      vertex 14.55 15.4181 10
      vertex 11.9878 12.3527 10
      vertex 12.4407 12.6619 10
    endloop
  endfacet
  facet normal -0 0 1
    outer loop
      vertex 1.07392 33.7955 10
      vertex 14.55 15.4181 10
      vertex 1.44492 33.9202 10
    endloop
  endfacet
  facet normal 0 0 1
    outer loop
      vertex 11.9878 12.3527 10
      vertex 11.5449 12.0294 10
      vertex 11.8714 12.2089 10
    endloop
  endfacet
  facet normal 0 -0 1
    outer loop
      vertex 11.5449 12.0294 10
      vertex 14.55 15.4181 10
      vertex 1.07392 33.7955 10
    endloop
  endfacet
  facet normal 0 0 1
    outer loop
      vertex 14.55 15.4181 10
      vertex 11.5449 12.0294 10
      vertex 11.9878 12.3527 10
    endloop
  endfacet
  facet normal 0 0 1
    outer loop
      vertex 11.5449 12.0294 10
      vertex 11.1124 11.6924 10
      vertex 11.433 11.882 10
    endloop
  endfacet
  facet normal -0 0 1
    outer loop
      vertex 1.07011 33.7947 10
      vertex 11.5449 12.0294 10
      vertex 1.07392 33.7955 10
    endloop
  endfacet
  facet normal 0 0 1
    outer loop
      vertex 11.5449 12.0294 10
      vertex 1.07011 33.7947 10
      vertex 11.1124 11.6924 10
    endloop
  endfacet
  facet normal 0 0 1
    outer loop
      vertex 11.1124 11.6924 10
      vertex 10.6906 11.342 10
      vertex 11.0051 11.5416 10
    endloop
  endfacet
  facet normal -0 0 1
    outer loop
      vertex 0.688536 33.7076 10
      vertex 11.1124 11.6924 10
      vertex 1.07011 33.7947 10
    endloop
  endfacet
  facet normal 0 0 1
    outer loop
      vertex 11.1124 11.6924 10
      vertex 0.688536 33.7076 10
      vertex 10.6906 11.342 10
    endloop
  endfacet
  facet normal -0 0 1
    outer loop
      vertex 0.30019 33.6589 10
      vertex 10.6906 11.342 10
      vertex 0.688536 33.7076 10
    endloop
  endfacet
  facet normal 0 0 1
    outer loop
      vertex 10.6906 11.342 10
      vertex 10.2801 10.9785 10
      vertex 10.5882 11.1878 10
    endloop
  endfacet
  facet normal 0 0 1
    outer loop
      vertex 10.6906 11.342 10
      vertex 0.30019 33.6589 10
      vertex 10.2801 10.9785 10
    endloop
  endfacet
  facet normal 0 0 1
    outer loop
      vertex 10.2801 10.9785 10
      vertex 9.88116 10.6022 10
      vertex 10.1825 10.8212 10
    endloop
  endfacet
  facet normal -0 0 1
    outer loop
      vertex 0.296313 33.6584 10
      vertex 10.2801 10.9785 10
      vertex 0.30019 33.6589 10
    endloop
  endfacet
  facet normal 0 0 1
    outer loop
      vertex 10.2801 10.9785 10
      vertex 0.296313 33.6584 10
      vertex 9.88116 10.6022 10
    endloop
  endfacet
  facet normal -0 0 1
    outer loop
      vertex 0.292407 33.6583 10
      vertex 9.88116 10.6022 10
      vertex 0.296313 33.6584 10
    endloop
  endfacet
  facet normal -0 0 1
    outer loop
      vertex -0.0988529 33.6486 10
      vertex 9.88116 10.6022 10
      vertex 0.292407 33.6583 10
    endloop
  endfacet
  facet normal 0 0 1
    outer loop
      vertex -0.102749 33.6489 10
      vertex 9.88116 10.6022 10
      vertex -0.0988529 33.6486 10
    endloop
  endfacet
  facet normal 0 0 1
    outer loop
      vertex -0.493038 33.6781 10
      vertex 9.88116 10.6022 10
      vertex -0.102749 33.6489 10
    endloop
  endfacet
  facet normal 0 0 1
    outer loop
      vertex -0.496886 33.6788 10
      vertex 9.88116 10.6022 10
      vertex -0.493038 33.6781 10
    endloop
  endfacet
  facet normal 0 0 1
    outer loop
      vertex -0.882323 33.7467 10
      vertex 9.88116 10.6022 10
      vertex -0.496886 33.6788 10
    endloop
  endfacet
  facet normal 0 0 1
    outer loop
      vertex 9.88116 10.6022 10
      vertex -0.882323 33.7467 10
      vertex 9.69403 10.2781 10
    endloop
  endfacet
  facet normal 0 0 1
    outer loop
      vertex -1.25908 33.8527 10
      vertex 9.69403 10.2781 10
      vertex -0.882323 33.7467 10
    endloop
  endfacet
  facet normal 0 0 1
    outer loop
      vertex -1.26284 33.8538 10
      vertex 9.69403 10.2781 10
      vertex -1.25908 33.8527 10
    endloop
  endfacet
  facet normal 0 0 1
    outer loop
      vertex -1.62717 33.9968 10
      vertex 9.69403 10.2781 10
      vertex -1.26284 33.8538 10
    endloop
  endfacet
  facet normal 0 0 1
    outer loop
      vertex -1.6308 33.9982 10
      vertex 9.69403 10.2781 10
      vertex -1.62717 33.9968 10
    endloop
  endfacet
  facet normal 0 0 1
    outer loop
      vertex -1.63428 34 10
      vertex 9.69403 10.2781 10
      vertex -1.6308 33.9982 10
    endloop
  endfacet
  facet normal 0 0 1
    outer loop
      vertex -1.98256 34.1786 10
      vertex 9.69403 10.2781 10
      vertex -1.63428 34 10
    endloop
  endfacet
  facet normal 0 0 1
    outer loop
      vertex 9.69403 10.2781 10
      vertex -1.98256 34.1786 10
      vertex 9.64999 10 10
    endloop
  endfacet
  facet normal 0 0 1
    outer loop
      vertex -1.98584 34.1807 10
      vertex 9.64999 10 10
      vertex -1.98256 34.1786 10
    endloop
  endfacet
  facet normal 0 0 1
    outer loop
      vertex 9.64999 -0.727173 10
      vertex -22 -33.6995 10
      vertex 5.35176 -23.248 10
    endloop
  endfacet
  facet normal 0 0 1
    outer loop
      vertex -2.31462 34.393 10
      vertex 9.64999 10 10
      vertex -1.98584 34.1807 10
    endloop
  endfacet
  facet normal 0 0 1
    outer loop
      vertex -2.62061 34.637 10
      vertex 9.64999 10 10
      vertex -2.31462 34.393 10
    endloop
  endfacet
  facet normal 0 0 1
    outer loop
      vertex -2.62367 34.6395 10
      vertex 9.64999 10 10
      vertex -2.62061 34.637 10
    endloop
  endfacet
  facet normal 0 0 1
    outer loop
      vertex 9.64999 10 10
      vertex -2.62367 34.6395 10
      vertex -22 -33.6995 10
    endloop
  endfacet
  facet normal 0 0 1
    outer loop
      vertex -22 -33.6995 10
      vertex -2.62367 34.6395 10
      vertex -2.62646 34.6422 10
    endloop
  endfacet
  facet normal 0 0 1
    outer loop
      vertex -22 -33.6995 10
      vertex -2.62646 34.6422 10
      vertex -2.90664 34.9155 10
    endloop
  endfacet
  facet normal 0 0 1
    outer loop
      vertex -22 -33.6995 10
      vertex -2.90664 34.9155 10
      vertex -2.90915 34.9185 10
    endloop
  endfacet
  facet normal 0 0 1
    outer loop
      vertex -22 -33.6995 10
      vertex -2.90915 34.9185 10
      vertex -3.16073 35.2183 10
    endloop
  endfacet
  facet normal 0 0 1
    outer loop
      vertex -22 -33.6995 10
      vertex -3.16073 35.2183 10
      vertex -3.3812 35.5417 10
    endloop
  endfacet
  facet normal 0 0 1
    outer loop
      vertex -22 -33.6995 10
      vertex -3.3812 35.5417 10
      vertex -3.3834 35.5449 10
    endloop
  endfacet
  facet normal 0 0 1
    outer loop
      vertex -22 -33.6995 10
      vertex -3.3834 35.5449 10
      vertex -3.57058 35.8886 10
    endloop
  endfacet
  facet normal 0 0 1
    outer loop
      vertex -22 -33.6995 10
      vertex -3.57058 35.8886 10
      vertex -3.57245 35.8921 10
    endloop
  endfacet
  facet normal 0 0 1
    outer loop
      vertex -22 55.6125 10
      vertex -3.57245 35.8921 10
      vertex -3.72448 36.2527 10
    endloop
  endfacet
  facet normal 0 0 1
    outer loop
      vertex -22 55.6125 10
      vertex -3.72448 36.2527 10
      vertex -3.726 36.2563 10
    endloop
  endfacet
  facet normal 0 0 1
    outer loop
      vertex -22 55.6125 10
      vertex -3.726 36.2563 10
      vertex -3.72715 36.26 10
    endloop
  endfacet
  facet normal 0 0 1
    outer loop
      vertex -22 55.6125 10
      vertex -3.72715 36.26 10
      vertex -3.84251 36.634 10
    endloop
  endfacet
  facet normal 0 0 1
    outer loop
      vertex -22 55.6125 10
      vertex -3.84251 36.634 10
      vertex -3.92006 37.0177 10
    endloop
  endfacet
  facet normal 0 0 1
    outer loop
      vertex -22 55.6125 10
      vertex -3.92006 37.0177 10
      vertex -3.92084 37.0215 10
    endloop
  endfacet
  facet normal 0 0 -1
    outer loop
      vertex -3.96019 37.4148 10
      vertex -3.92084 37.0215 10
      vertex -3.95981 37.4109 10
    endloop
  endfacet
  facet normal 0 0 1
    outer loop
      vertex -3.96019 37.8101 10
      vertex -22 55.6125 10
      vertex -3.96019 37.4148 10
    endloop
  endfacet
  facet normal 0 0 1
    outer loop
      vertex -3.96019 37.4148 10
      vertex -22 55.6125 10
      vertex -3.92084 37.0215 10
    endloop
  endfacet
  facet normal 0 0 1
    outer loop
      vertex 14.55 -31.4181 10
      vertex -18 -37.6995 10
      vertex 27.05 -37.6995 10
    endloop
  endfacet
  facet normal 0 0 1
    outer loop
      vertex 8.72734 -26.0667 10
      vertex -18 -37.6995 10
      vertex 14.55 -31.4181 10
    endloop
  endfacet
  facet normal 0 0 1
    outer loop
      vertex 5.51888 -23.9608 10
      vertex -18 -37.6995 10
      vertex 5.80215 -24.2054 10
    endloop
  endfacet
  facet normal 0 0 1
    outer loop
      vertex 5.35957 -23.6222 10
      vertex -18 -37.6995 10
      vertex 5.51888 -23.9608 10
    endloop
  endfacet
  facet normal 0 0 1
    outer loop
      vertex -3.57245 35.8921 10
      vertex -22 55.6125 10
      vertex -22 -33.6995 10
    endloop
  endfacet
  facet normal 0 0 1
    outer loop
      vertex 5.35957 -23.6222 10
      vertex -22 -33.6995 10
      vertex -18 -37.6995 10
    endloop
  endfacet
  facet normal 0 0 1
    outer loop
      vertex -22 55.6125 10
      vertex -18 59.6125 10
      vertex -18.3983 59.5926 10
    endloop
  endfacet
  facet normal 0 0 1
    outer loop
      vertex 5.35176 -23.248 10
      vertex -22 -33.6995 10
      vertex 5.35957 -23.6222 10
    endloop
  endfacet
  facet normal 0 0 1
    outer loop
      vertex -22 55.6125 10
      vertex -18.3983 59.5926 10
      vertex -18.7926 59.5331 10
    endloop
  endfacet
  facet normal 0 0 1
    outer loop
      vertex -18 -37.6995 10
      vertex -22 -33.6995 10
      vertex -18.2989 -37.6883 10
    endloop
  endfacet
  facet normal 0 0 1
    outer loop
      vertex -22 55.6125 10
      vertex -18.7926 59.5331 10
      vertex -19.179 59.4347 10
    endloop
  endfacet
  facet normal 0 0 1
    outer loop
      vertex -18.2989 -37.6883 10
      vertex -22 -33.6995 10
      vertex -18.6946 -37.6387 10
    endloop
  endfacet
  facet normal 0 0 1
    outer loop
      vertex -22 55.6125 10
      vertex -19.179 59.4347 10
      vertex -19.5537 59.2984 10
    endloop
  endfacet
  facet normal 0 0 1
    outer loop
      vertex -18.6946 -37.6387 10
      vertex -22 -33.6995 10
      vertex -19.0834 -37.55 10
    endloop
  endfacet
  facet normal 0 0 1
    outer loop
      vertex -22 55.6125 10
      vertex -19.5537 59.2984 10
      vertex -19.913 59.1253 10
    endloop
  endfacet
  facet normal 0 0 1
    outer loop
      vertex -19.0834 -37.55 10
      vertex -22 -33.6995 10
      vertex -19.4614 -37.423 10
    endloop
  endfacet
  facet normal 0 0 1
    outer loop
      vertex -22 55.6125 10
      vertex -19.913 59.1253 10
      vertex -20.2533 58.9174 10
    endloop
  endfacet
  facet normal 0 0 1
    outer loop
      vertex -19.4614 -37.423 10
      vertex -22 -33.6995 10
      vertex -19.8248 -37.259 10
    endloop
  endfacet
  facet normal 0 0 1
    outer loop
      vertex -22 55.6125 10
      vertex -20.2533 58.9174 10
      vertex -20.5711 58.6766 10
    endloop
  endfacet
  facet normal 0 0 1
    outer loop
      vertex -19.8248 -37.259 10
      vertex -22 -33.6995 10
      vertex -20.1702 -37.0596 10
    endloop
  endfacet
  facet normal 0 0 1
    outer loop
      vertex -22 55.6125 10
      vertex -20.5711 58.6766 10
      vertex -20.8635 58.4054 10
    endloop
  endfacet
  facet normal 0 0 1
    outer loop
      vertex -20.1702 -37.0596 10
      vertex -22 -33.6995 10
      vertex -20.4939 -36.8268 10
    endloop
  endfacet
  facet normal 0 0 1
    outer loop
      vertex -22 55.6125 10
      vertex -20.8635 58.4054 10
      vertex -21.1273 58.1064 10
    endloop
  endfacet
  facet normal 0 0 1
    outer loop
      vertex -20.4939 -36.8268 10
      vertex -22 -33.6995 10
      vertex -20.7929 -36.563 10
    endloop
  endfacet
  facet normal 0 0 1
    outer loop
      vertex -22 55.6125 10
      vertex -21.1273 58.1064 10
      vertex -21.3601 57.7826 10
    endloop
  endfacet
  facet normal 0 0 1
    outer loop
      vertex -20.7929 -36.563 10
      vertex -22 -33.6995 10
      vertex -21.0642 -36.2706 10
    endloop
  endfacet
  facet normal 0 0 1
    outer loop
      vertex -22 55.6125 10
      vertex -21.3601 57.7826 10
      vertex -21.5595 57.4373 10
    endloop
  endfacet
  facet normal 0 0 1
    outer loop
      vertex -21.0642 -36.2706 10
      vertex -22 -33.6995 10
      vertex -21.305 -35.9528 10
    endloop
  endfacet
  facet normal 0 0 1
    outer loop
      vertex -22 55.6125 10
      vertex -21.5595 57.4373 10
      vertex -21.7235 57.0738 10
    endloop
  endfacet
  facet normal 0 0 1
    outer loop
      vertex -21.305 -35.9528 10
      vertex -22 -33.6995 10
      vertex -21.5129 -35.6125 10
    endloop
  endfacet
  facet normal 0 0 1
    outer loop
      vertex -22 55.6125 10
      vertex -21.7235 57.0738 10
      vertex -21.8505 56.6958 10
    endloop
  endfacet
  facet normal 0 0 1
    outer loop
      vertex -21.5129 -35.6125 10
      vertex -22 -33.6995 10
      vertex -21.6859 -35.2532 10
    endloop
  endfacet
  facet normal 0 0 1
    outer loop
      vertex -22 55.6125 10
      vertex -21.8505 56.6958 10
      vertex -21.9392 56.307 10
    endloop
  endfacet
  facet normal 0 0 1
    outer loop
      vertex -21.6859 -35.2532 10
      vertex -22 -33.6995 10
      vertex -21.8223 -34.8785 10
    endloop
  endfacet
  facet normal 0 0 1
    outer loop
      vertex -22 55.6125 10
      vertex -21.9392 56.307 10
      vertex -21.9888 55.9114 10
    endloop
  endfacet
  facet normal 0 0 1
    outer loop
      vertex -21.8223 -34.8785 10
      vertex -22 -33.6995 10
      vertex -21.9207 -34.4921 10
    endloop
  endfacet
  facet normal 0 0 1
    outer loop
      vertex -21.9207 -34.4921 10
      vertex -22 -33.6995 10
      vertex -21.9801 -34.0978 10
    endloop
  endfacet
  facet normal -0 0 1
    outer loop
      vertex 14.55 -21 10
      vertex 39.65 -26 10
      vertex 39.65 -21 10
    endloop
  endfacet
  facet normal 0 0 1
    outer loop
      vertex 14.55 -21 10
      vertex 10.55 -26 10
      vertex 39.65 -26 10
    endloop
  endfacet
  facet normal 0 0 1
    outer loop
      vertex 14.55 -2.525 10
      vertex 10.55 -26 10
      vertex 14.55 -21 10
    endloop
  endfacet
  facet normal -0.680028 0.733186 0
    outer loop
      vertex -21.5711 59.6766 1
      vertex -21.8635 59.4054 9
      vertex -21.5711 59.6766 9
    endloop
  endfacet
  facet normal -0.680028 0.733186 0
    outer loop
      vertex -21.8635 59.4054 9
      vertex -21.5711 59.6766 1
      vertex -21.8635 59.4054 1
    endloop
  endfacet
  facet normal -1 0 0
    outer loop
      vertex -23 -34.6995 1
      vertex -23 56.6125 9
      vertex -23 56.6125 1
    endloop
  endfacet
  facet normal -1 -0 0
    outer loop
      vertex -23 56.6125 9
      vertex -23 -34.6995 1
      vertex -23 -34.6995 9
    endloop
  endfacet
  facet normal 0.156761 -0.615572 -0.772332
    outer loop
      vertex 28.8426 -38.6202 1
      vertex 28.229 -37.5218 0
      vertex 29.229 -38.5218 1
    endloop
  endfacet
  facet normal 0.156761 -0.615572 -0.772332
    outer loop
      vertex 28.229 -37.5218 0
      vertex 28.8426 -38.6202 1
      vertex 27.8426 -37.6202 0
    endloop
  endfacet
  facet normal 0 -0.707107 -0.707107
    outer loop
      vertex -18 -37.6995 0
      vertex 28.05 -38.6995 1
      vertex -19 -38.6995 1
    endloop
  endfacet
  facet normal 0 -0.707107 -0.707107
    outer loop
      vertex 28.05 -38.6995 1
      vertex -18 -37.6995 0
      vertex 27.05 -37.6995 0
    endloop
  endfacet
  facet normal -0.689259 -0.034437 0.723696
    outer loop
      vertex -23 -34.6995 9
      vertex -21.9801 -34.0978 10
      vertex -22 -33.6995 10
    endloop
  endfacet
  facet normal -0.689259 -0.034437 0.723696
    outer loop
      vertex -21.9801 -34.0978 10
      vertex -23 -34.6995 9
      vertex -22.9801 -35.0978 9
    endloop
  endfacet
  facet normal 0.246782 -0.969071 0
    outer loop
      vertex 28.8426 -38.6202 1
      vertex 29.229 -38.5218 9
      vertex 28.8426 -38.6202 9
    endloop
  endfacet
  facet normal 0.246782 -0.969071 0
    outer loop
      vertex 29.229 -38.5218 9
      vertex 28.8426 -38.6202 1
      vertex 29.229 -38.5218 1
    endloop
  endfacet
  facet normal 0.210413 -0.578018 -0.78843
    outer loop
      vertex 29.229 -38.5218 1
      vertex 28.6037 -37.3854 0
      vertex 29.6037 -38.3854 1
    endloop
  endfacet
  facet normal 0.210413 -0.578018 -0.78843
    outer loop
      vertex 28.6037 -37.3854 0
      vertex 29.229 -38.5218 1
      vertex 28.229 -37.5218 0
    endloop
  endfacet
  facet normal -0.0374444 -0.999299 0
    outer loop
      vertex -19.2989 -38.6883 1
      vertex -19 -38.6995 9
      vertex -19.2989 -38.6883 9
    endloop
  endfacet
  facet normal -0.0374444 -0.999299 -0
    outer loop
      vertex -19 -38.6995 9
      vertex -19.2989 -38.6883 1
      vertex -19 -38.6995 1
    endloop
  endfacet
  facet normal 0.210413 -0.578018 0.78843
    outer loop
      vertex 28.6037 -37.3854 10
      vertex 29.229 -38.5218 9
      vertex 29.6037 -38.3854 9
    endloop
  endfacet
  facet normal 0.210413 -0.578018 0.78843
    outer loop
      vertex 29.229 -38.5218 9
      vertex 28.6037 -37.3854 10
      vertex 28.229 -37.5218 10
    endloop
  endfacet
  facet normal 0.0499001 -0.998754 0
    outer loop
      vertex 28.05 -38.6995 1
      vertex 28.4483 -38.6796 9
      vertex 28.05 -38.6995 9
    endloop
  endfacet
  facet normal 0.0499001 -0.998754 0
    outer loop
      vertex 28.4483 -38.6796 9
      vertex 28.05 -38.6995 1
      vertex 28.4483 -38.6796 1
    endloop
  endfacet
  facet normal -0.0829749 -0.661959 0.744934
    outer loop
      vertex -18.6946 -37.6387 10
      vertex -19.2989 -38.6883 9
      vertex -18.2989 -37.6883 10
    endloop
  endfacet
  facet normal -0.0829749 -0.661959 0.744934
    outer loop
      vertex -19.2989 -38.6883 9
      vertex -18.6946 -37.6387 10
      vertex -19.6946 -38.6387 9
    endloop
  endfacet
  facet normal -0.0259953 -0.693751 0.719746
    outer loop
      vertex -18.2989 -37.6883 10
      vertex -19 -38.6995 9
      vertex -18 -37.6995 10
    endloop
  endfacet
  facet normal -0.0259953 -0.693751 0.719746
    outer loop
      vertex -19 -38.6995 9
      vertex -18.2989 -37.6883 10
      vertex -19.2989 -38.6883 9
    endloop
  endfacet
  facet normal 0 0.707107 0.707107
    outer loop
      vertex 28.05 60.6125 9
      vertex -18 59.6125 10
      vertex 27.05 59.6125 10
    endloop
  endfacet
  facet normal 0 0.707107 0.707107
    outer loop
      vertex -18 59.6125 10
      vertex 28.05 60.6125 9
      vertex -19 60.6125 9
    endloop
  endfacet
  facet normal 0.0259953 0.693751 0.719746
    outer loop
      vertex 28.05 60.6125 9
      vertex 27.3489 59.6013 10
      vertex 28.3489 60.6013 9
    endloop
  endfacet
  facet normal 0.0259953 0.693751 0.719746
    outer loop
      vertex 27.3489 59.6013 10
      vertex 28.05 60.6125 9
      vertex 27.05 59.6125 10
    endloop
  endfacet
  facet normal 0.969086 0.246722 0
    outer loop
      vertex 31.9707 57.405 9
      vertex 31.8723 57.7915 1
      vertex 31.8723 57.7915 9
    endloop
  endfacet
  facet normal 0.969086 0.246722 0
    outer loop
      vertex 31.8723 57.7915 1
      vertex 31.9707 57.405 9
      vertex 31.9707 57.405 1
    endloop
  endfacet
  facet normal 0.50194 0.306741 0.808682
    outer loop
      vertex 30.355 57.8657 10
      vertex 31.5629 58.5255 9
      vertex 31.355 58.8657 9
    endloop
  endfacet
  facet normal 0.50194 0.306741 0.808682
    outer loop
      vertex 31.5629 58.5255 9
      vertex 30.355 57.8657 10
      vertex 30.5629 57.5255 10
    endloop
  endfacet
  facet normal 0.339991 0.472892 0.812883
    outer loop
      vertex 30.2202 59.9726 9
      vertex 29.544 58.7398 10
      vertex 30.544 59.7398 9
    endloop
  endfacet
  facet normal 0.339991 0.472892 0.812883
    outer loop
      vertex 29.544 58.7398 10
      vertex 30.2202 59.9726 9
      vertex 29.2202 58.9726 10
    endloop
  endfacet
  facet normal 1 -0 0
    outer loop
      vertex 32.05 -20.1 9
      vertex 32.05 56.6125 1
      vertex 32.05 56.6125 9
    endloop
  endfacet
  facet normal 1 0 0
    outer loop
      vertex 32.05 56.6125 1
      vertex 32.05 -20.1 9
      vertex 32.05 -20.1 1
    endloop
  endfacet
  facet normal 1 -0 0
    outer loop
      vertex 32.05 -34.6995 9
      vertex 32.05 -29.2598 1
      vertex 32.05 -29.2598 9
    endloop
  endfacet
  facet normal 1 0 0
    outer loop
      vertex 32.05 -29.2598 1
      vertex 32.05 -34.6995 9
      vertex 32.05 -34.6995 1
    endloop
  endfacet
  facet normal 0.693751 -0.0259953 0.719746
    outer loop
      vertex 31.0388 -33.9984 10
      vertex 32.05 -34.6995 9
      vertex 31.05 -33.6995 10
    endloop
  endfacet
  facet normal 0.693751 -0.0259953 0.719746
    outer loop
      vertex 32.05 -34.6995 9
      vertex 31.0388 -33.9984 10
      vertex 32.0388 -34.9984 9
    endloop
  endfacet
  facet normal -0.707107 0 0.707107
    outer loop
      vertex -23 56.6125 9
      vertex -22 -33.6995 10
      vertex -22 55.6125 10
    endloop
  endfacet
  facet normal -0.707107 0 0.707107
    outer loop
      vertex -22 -33.6995 10
      vertex -23 56.6125 9
      vertex -23 -34.6995 9
    endloop
  endfacet
  facet normal -0.0259953 -0.693751 -0.719746
    outer loop
      vertex -19 -38.6995 1
      vertex -18.2989 -37.6883 0
      vertex -18 -37.6995 0
    endloop
  endfacet
  facet normal -0.0259953 -0.693751 -0.719746
    outer loop
      vertex -18.2989 -37.6883 0
      vertex -19 -38.6995 1
      vertex -19.2989 -38.6883 1
    endloop
  endfacet
  facet normal 0.034437 -0.689259 -0.723696
    outer loop
      vertex 28.05 -38.6995 1
      vertex 27.4483 -37.6796 0
      vertex 28.4483 -38.6796 1
    endloop
  endfacet
  facet normal 0.034437 -0.689259 -0.723696
    outer loop
      vertex 27.4483 -37.6796 0
      vertex 28.05 -38.6995 1
      vertex 27.05 -37.6995 0
    endloop
  endfacet
  facet normal 0.148966 -0.988842 0
    outer loop
      vertex 28.4483 -38.6796 1
      vertex 28.8426 -38.6202 9
      vertex 28.4483 -38.6796 9
    endloop
  endfacet
  facet normal 0.148966 -0.988842 0
    outer loop
      vertex 28.8426 -38.6202 9
      vertex 28.4483 -38.6796 1
      vertex 28.8426 -38.6202 1
    endloop
  endfacet
  facet normal 0.034437 -0.689259 0.723696
    outer loop
      vertex 27.4483 -37.6796 10
      vertex 28.05 -38.6995 9
      vertex 28.4483 -38.6796 9
    endloop
  endfacet
  facet normal 0.034437 -0.689259 0.723696
    outer loop
      vertex 28.05 -38.6995 9
      vertex 27.4483 -37.6796 10
      vertex 27.05 -37.6995 10
    endloop
  endfacet
  facet normal -0.999299 0.0374444 0
    outer loop
      vertex -23 56.6125 1
      vertex -22.9888 56.9114 9
      vertex -22.9888 56.9114 1
    endloop
  endfacet
  facet normal -0.999299 0.0374444 0
    outer loop
      vertex -22.9888 56.9114 9
      vertex -23 56.6125 1
      vertex -23 56.6125 9
    endloop
  endfacet
  facet normal -0.0499001 0.998754 0
    outer loop
      vertex -19 60.6125 1
      vertex -19.3983 60.5926 9
      vertex -19 60.6125 9
    endloop
  endfacet
  facet normal -0.0499001 0.998754 0
    outer loop
      vertex -19.3983 60.5926 9
      vertex -19 60.6125 1
      vertex -19.3983 60.5926 1
    endloop
  endfacet
  facet normal 0 0.707107 -0.707107
    outer loop
      vertex 27.05 59.6125 0
      vertex -19 60.6125 1
      vertex 28.05 60.6125 1
    endloop
  endfacet
  facet normal 0 0.707107 -0.707107
    outer loop
      vertex -19 60.6125 1
      vertex 27.05 59.6125 0
      vertex -18 59.6125 0
    endloop
  endfacet
  facet normal 0.661959 -0.0829749 0.744934
    outer loop
      vertex 30.9892 -34.3941 10
      vertex 32.0388 -34.9984 9
      vertex 31.0388 -33.9984 10
    endloop
  endfacet
  facet normal 0.661959 -0.0829749 0.744934
    outer loop
      vertex 32.0388 -34.9984 9
      vertex 30.9892 -34.3941 10
      vertex 31.9892 -35.3941 9
    endloop
  endfacet
  facet normal 0.707105 0 -0.707109
    outer loop
      vertex 31.05 -1.275 5.72205e-06
      vertex 32.05 -20.1 1
      vertex 31.05 -2.525 5.72205e-06
    endloop
  endfacet
  facet normal 0.707107 2.30219e-07 -0.707107
    outer loop
      vertex 31.05 -20.1 0
      vertex 31.05 -2.525 5.72205e-06
      vertex 32.05 -20.1 1
    endloop
  endfacet
  facet normal 1 0 0
    outer loop
      vertex 31.05 -2.525 5.72205e-06
      vertex 31.05 -20.1 0
      vertex 31.05 -2.525 0
    endloop
  endfacet
  facet normal 0.707105 0 -0.707109
    outer loop
      vertex 32.05 -20.1 1
      vertex 31.05 -1.275 5.72205e-06
      vertex 32.05 56.6125 1
    endloop
  endfacet
  facet normal 1 0 0
    outer loop
      vertex 31.05 55.6125 0
      vertex 31.05 -1.275 5.72205e-06
      vertex 31.05 -1.275 0
    endloop
  endfacet
  facet normal 0.707107 -7.11246e-08 -0.707107
    outer loop
      vertex 31.05 -1.275 5.72205e-06
      vertex 31.05 55.6125 0
      vertex 32.05 56.6125 1
    endloop
  endfacet
  facet normal 0.707107 0 -0.707107
    outer loop
      vertex 31.05 -33.6995 0
      vertex 32.05 -29.2598 1
      vertex 32.05 -34.6995 1
    endloop
  endfacet
  facet normal 0.707107 0 -0.707107
    outer loop
      vertex 32.05 -29.2598 1
      vertex 31.05 -33.6995 0
      vertex 31.05 -29.0689 0
    endloop
  endfacet
  facet normal 0.689255 0.0344454 0.7237
    outer loop
      vertex 31.0301 56.0107 10
      vertex 32.05 56.6125 9
      vertex 32.0301 57.0107 9
    endloop
  endfacet
  facet normal 0.689255 0.0344454 0.7237
    outer loop
      vertex 32.05 56.6125 9
      vertex 31.0301 56.0107 10
      vertex 31.05 55.6125 10
    endloop
  endfacet
  facet normal -0.797041 -0.603925 0
    outer loop
      vertex -22.0642 -37.2706 1
      vertex -22.305 -36.9528 9
      vertex -22.305 -36.9528 1
    endloop
  endfacet
  facet normal -0.797041 -0.603925 0
    outer loop
      vertex -22.305 -36.9528 9
      vertex -22.0642 -37.2706 1
      vertex -22.0642 -37.2706 9
    endloop
  endfacet
  facet normal -0.615572 -0.156761 0.772332
    outer loop
      vertex -22.9207 -35.4921 9
      vertex -21.8223 -34.8785 10
      vertex -21.9207 -34.4921 10
    endloop
  endfacet
  facet normal -0.615572 -0.156761 0.772332
    outer loop
      vertex -21.8223 -34.8785 10
      vertex -22.9207 -35.4921 9
      vertex -22.8223 -35.8785 9
    endloop
  endfacet
  facet normal -0.707107 0 -0.707107
    outer loop
      vertex -22 -33.6995 0
      vertex -23 56.6125 1
      vertex -22 55.6125 0
    endloop
  endfacet
  facet normal -0.707107 -0 -0.707107
    outer loop
      vertex -23 56.6125 1
      vertex -22 -33.6995 0
      vertex -23 -34.6995 1
    endloop
  endfacet
  facet normal 0 -1 0
    outer loop
      vertex -19 -38.6995 1
      vertex 28.05 -38.6995 9
      vertex -19 -38.6995 9
    endloop
  endfacet
  facet normal 0 -1 -0
    outer loop
      vertex 28.05 -38.6995 9
      vertex -19 -38.6995 1
      vertex 28.05 -38.6995 1
    endloop
  endfacet
  facet normal -0.142576 -0.624955 0.767531
    outer loop
      vertex -19.0834 -37.55 10
      vertex -19.6946 -38.6387 9
      vertex -18.6946 -37.6387 10
    endloop
  endfacet
  facet normal -0.142576 -0.624955 0.767531
    outer loop
      vertex -19.6946 -38.6387 9
      vertex -19.0834 -37.55 10
      vertex -20.0834 -38.55 9
    endloop
  endfacet
  facet normal -0.501991 -0.306682 0.808673
    outer loop
      vertex -22.5129 -36.6125 9
      vertex -21.305 -35.9528 10
      vertex -21.5129 -35.6125 10
    endloop
  endfacet
  facet normal -0.501991 -0.306682 0.808673
    outer loop
      vertex -21.305 -35.9528 10
      vertex -22.5129 -36.6125 9
      vertex -22.305 -36.9528 9
    endloop
  endfacet
  facet normal -0.340055 -0.472835 0.81289
    outer loop
      vertex -20.4939 -36.8268 10
      vertex -21.1702 -38.0596 9
      vertex -20.1702 -37.0596 10
    endloop
  endfacet
  facet normal -0.340055 -0.472835 0.81289
    outer loop
      vertex -21.1702 -38.0596 9
      vertex -20.4939 -36.8268 10
      vertex -21.4939 -37.8268 9
    endloop
  endfacet
  facet normal -0.733061 -0.680163 0
    outer loop
      vertex -21.7929 -37.563 1
      vertex -22.0642 -37.2706 9
      vertex -22.0642 -37.2706 1
    endloop
  endfacet
  facet normal -0.733061 -0.680163 0
    outer loop
      vertex -22.0642 -37.2706 9
      vertex -21.7929 -37.563 1
      vertex -21.7929 -37.563 9
    endloop
  endfacet
  facet normal -0.295328 -0.511567 0.806895
    outer loop
      vertex -20.1702 -37.0596 10
      vertex -20.8248 -38.259 9
      vertex -19.8248 -37.259 10
    endloop
  endfacet
  facet normal -0.295328 -0.511567 0.806895
    outer loop
      vertex -20.8248 -38.259 9
      vertex -20.1702 -37.0596 10
      vertex -21.1702 -38.0596 9
    endloop
  endfacet
  facet normal 0 -0.707107 0.707107
    outer loop
      vertex -19 -38.6995 9
      vertex 27.05 -37.6995 10
      vertex -18 -37.6995 10
    endloop
  endfacet
  facet normal 0 -0.707107 0.707107
    outer loop
      vertex 27.05 -37.6995 10
      vertex -19 -38.6995 9
      vertex 28.05 -38.6995 9
    endloop
  endfacet
  facet normal -0.947928 0.318484 0
    outer loop
      vertex -22.8505 57.6958 1
      vertex -22.7235 58.0738 9
      vertex -22.7235 58.0738 1
    endloop
  endfacet
  facet normal -0.947928 0.318484 0
    outer loop
      vertex -22.7235 58.0738 9
      vertex -22.8505 57.6958 1
      vertex -22.8505 57.6958 9
    endloop
  endfacet
  facet normal -0.911522 0.411251 0
    outer loop
      vertex -22.7235 58.0738 1
      vertex -22.5595 58.4373 9
      vertex -22.5595 58.4373 1
    endloop
  endfacet
  facet normal -0.911522 0.411251 0
    outer loop
      vertex -22.5595 58.4373 9
      vertex -22.7235 58.0738 1
      vertex -22.7235 58.0738 9
    endloop
  endfacet
  facet normal -0.392799 0.423505 -0.816304
    outer loop
      vertex -20.8635 58.4054 0
      vertex -21.5711 59.6766 1
      vertex -20.5711 58.6766 0
    endloop
  endfacet
  facet normal -0.392799 0.423505 -0.816304
    outer loop
      vertex -21.5711 59.6766 1
      vertex -20.8635 58.4054 0
      vertex -21.8635 59.4054 1
    endloop
  endfacet
  facet normal 0.578018 0.210413 -0.78843
    outer loop
      vertex 30.7359 57.1662 0
      vertex 31.8723 57.7915 1
      vertex 30.8723 56.7915 0
    endloop
  endfacet
  facet normal 0.578018 0.210413 -0.78843
    outer loop
      vertex 31.8723 57.7915 1
      vertex 30.7359 57.1662 0
      vertex 31.7359 58.1662 1
    endloop
  endfacet
  facet normal 0.624955 -0.142576 -0.767531
    outer loop
      vertex 30.9005 -34.7829 0
      vertex 31.9892 -35.3941 1
      vertex 31.9005 -35.7829 1
    endloop
  endfacet
  facet normal 0.624955 -0.142576 -0.767531
    outer loop
      vertex 31.9892 -35.3941 1
      vertex 30.9005 -34.7829 0
      vertex 30.9892 -34.3941 0
    endloop
  endfacet
  facet normal 0 1 -0
    outer loop
      vertex 28.05 60.6125 1
      vertex -19 60.6125 9
      vertex 28.05 60.6125 9
    endloop
  endfacet
  facet normal 0 1 0
    outer loop
      vertex -19 60.6125 9
      vertex 28.05 60.6125 1
      vertex -19 60.6125 1
    endloop
  endfacet
  facet normal 0.423362 0.392946 0.816308
    outer loop
      vertex 29.8429 58.4759 10
      vertex 31.1142 59.1836 9
      vertex 30.8429 59.4759 9
    endloop
  endfacet
  facet normal 0.423362 0.392946 0.816308
    outer loop
      vertex 31.1142 59.1836 9
      vertex 29.8429 58.4759 10
      vertex 30.1142 58.1836 10
    endloop
  endfacet
  facet normal 0.318484 0.947928 -0
    outer loop
      vertex 29.5114 60.3359 1
      vertex 29.1334 60.4629 9
      vertex 29.5114 60.3359 9
    endloop
  endfacet
  facet normal 0.318484 0.947928 0
    outer loop
      vertex 29.1334 60.4629 9
      vertex 29.5114 60.3359 1
      vertex 29.1334 60.4629 1
    endloop
  endfacet
  facet normal 0.411345 0.91148 -0
    outer loop
      vertex 29.8748 60.1719 1
      vertex 29.5114 60.3359 9
      vertex 29.8748 60.1719 9
    endloop
  endfacet
  facet normal 0.411345 0.91148 0
    outer loop
      vertex 29.5114 60.3359 9
      vertex 29.8748 60.1719 1
      vertex 29.5114 60.3359 1
    endloop
  endfacet
  facet normal 0.49978 0.866152 -0
    outer loop
      vertex 30.2202 59.9726 1
      vertex 29.8748 60.1719 9
      vertex 30.2202 59.9726 9
    endloop
  endfacet
  facet normal 0.49978 0.866152 0
    outer loop
      vertex 29.8748 60.1719 9
      vertex 30.2202 59.9726 1
      vertex 29.8748 60.1719 1
    endloop
  endfacet
  facet normal 0.295229 0.511651 0.806879
    outer loop
      vertex 29.8748 60.1719 9
      vertex 29.2202 58.9726 10
      vertex 30.2202 59.9726 9
    endloop
  endfacet
  facet normal 0.295229 0.511651 0.806879
    outer loop
      vertex 29.2202 58.9726 10
      vertex 29.8748 60.1719 9
      vertex 28.8748 59.1719 10
    endloop
  endfacet
  facet normal 0.433499 -0.382465 0.815965
    outer loop
      vertex 29.9135 -36.4925 10
      vertex 31.1773 -37.1935 9
      vertex 30.1773 -36.1935 10
    endloop
  endfacet
  facet normal 0.433499 -0.382465 0.815965
    outer loop
      vertex 31.1773 -37.1935 9
      vertex 29.9135 -36.4925 10
      vertex 30.9135 -37.4925 9
    endloop
  endfacet
  facet normal -0.411345 -0.91148 0
    outer loop
      vertex -20.8248 -38.259 1
      vertex -20.4614 -38.423 9
      vertex -20.8248 -38.259 9
    endloop
  endfacet
  facet normal -0.411345 -0.91148 -0
    outer loop
      vertex -20.4614 -38.423 9
      vertex -20.8248 -38.259 1
      vertex -20.4614 -38.423 1
    endloop
  endfacet
  facet normal -0.998754 -0.0499001 0
    outer loop
      vertex -22.9801 -35.0978 1
      vertex -23 -34.6995 9
      vertex -23 -34.6995 1
    endloop
  endfacet
  facet normal -0.998754 -0.0499001 0
    outer loop
      vertex -23 -34.6995 9
      vertex -22.9801 -35.0978 1
      vertex -22.9801 -35.0978 9
    endloop
  endfacet
  facet normal -0.689259 -0.034437 -0.723696
    outer loop
      vertex -23 -34.6995 1
      vertex -21.9801 -34.0978 0
      vertex -22.9801 -35.0978 1
    endloop
  endfacet
  facet normal -0.689259 -0.034437 -0.723696
    outer loop
      vertex -21.9801 -34.0978 0
      vertex -23 -34.6995 1
      vertex -22 -33.6995 0
    endloop
  endfacet
  facet normal -0.661588 -0.749867 0
    outer loop
      vertex -21.7929 -37.563 1
      vertex -21.4939 -37.8268 9
      vertex -21.7929 -37.563 9
    endloop
  endfacet
  facet normal -0.661588 -0.749867 -0
    outer loop
      vertex -21.4939 -37.8268 9
      vertex -21.7929 -37.563 1
      vertex -21.4939 -37.8268 1
    endloop
  endfacet
  facet normal -0.295328 -0.511567 -0.806895
    outer loop
      vertex -20.8248 -38.259 1
      vertex -20.1702 -37.0596 0
      vertex -19.8248 -37.259 0
    endloop
  endfacet
  facet normal -0.295328 -0.511567 -0.806895
    outer loop
      vertex -20.1702 -37.0596 0
      vertex -20.8248 -38.259 1
      vertex -21.1702 -38.0596 1
    endloop
  endfacet
  facet normal -0.423431 -0.392875 0.816306
    outer loop
      vertex -22.0642 -37.2706 9
      vertex -20.7929 -36.563 10
      vertex -21.0642 -36.2706 10
    endloop
  endfacet
  facet normal -0.423431 -0.392875 0.816306
    outer loop
      vertex -20.7929 -36.563 10
      vertex -22.0642 -37.2706 9
      vertex -21.7929 -37.563 9
    endloop
  endfacet
  facet normal -0.382465 -0.433499 0.815965
    outer loop
      vertex -20.7929 -36.563 10
      vertex -21.4939 -37.8268 9
      vertex -20.4939 -36.8268 10
    endloop
  endfacet
  facet normal -0.382465 -0.433499 0.815965
    outer loop
      vertex -21.4939 -37.8268 9
      vertex -20.7929 -36.563 10
      vertex -21.7929 -37.563 9
    endloop
  endfacet
  facet normal -0.034437 0.689259 0.723696
    outer loop
      vertex -19 60.6125 9
      vertex -18.3983 59.5926 10
      vertex -18 59.6125 10
    endloop
  endfacet
  facet normal -0.034437 0.689259 0.723696
    outer loop
      vertex -18.3983 59.5926 10
      vertex -19 60.6125 9
      vertex -19.3983 60.5926 9
    endloop
  endfacet
  facet normal -0.260217 0.540127 0.800344
    outer loop
      vertex -20.5537 60.2984 9
      vertex -19.913 59.1253 10
      vertex -19.5537 59.2984 10
    endloop
  endfacet
  facet normal -0.260217 0.540127 0.800344
    outer loop
      vertex -19.913 59.1253 10
      vertex -20.5537 60.2984 9
      vertex -20.913 60.1253 9
    endloop
  endfacet
  facet normal -0.624955 0.142576 0.767531
    outer loop
      vertex -22.9392 57.307 9
      vertex -21.8505 56.6958 10
      vertex -22.8505 57.6958 9
    endloop
  endfacet
  facet normal -0.624955 0.142576 0.767531
    outer loop
      vertex -21.8505 56.6958 10
      vertex -22.9392 57.307 9
      vertex -21.9392 56.307 10
    endloop
  endfacet
  facet normal -0.624955 0.142576 -0.767531
    outer loop
      vertex -22.9392 57.307 1
      vertex -21.8505 56.6958 0
      vertex -21.9392 56.307 0
    endloop
  endfacet
  facet normal -0.624955 0.142576 -0.767531
    outer loop
      vertex -21.8505 56.6958 0
      vertex -22.9392 57.307 1
      vertex -22.8505 57.6958 1
    endloop
  endfacet
  facet normal -0.97495 0.222423 0
    outer loop
      vertex -22.9392 57.307 1
      vertex -22.8505 57.6958 9
      vertex -22.8505 57.6958 1
    endloop
  endfacet
  facet normal -0.97495 0.222423 0
    outer loop
      vertex -22.8505 57.6958 9
      vertex -22.9392 57.307 1
      vertex -22.9392 57.307 9
    endloop
  endfacet
  facet normal -0.549696 0.248006 0.797702
    outer loop
      vertex -22.7235 58.0738 9
      vertex -21.5595 57.4373 10
      vertex -22.5595 58.4373 9
    endloop
  endfacet
  facet normal -0.549696 0.248006 0.797702
    outer loop
      vertex -21.5595 57.4373 10
      vertex -22.7235 58.0738 9
      vertex -21.7235 57.0738 10
    endloop
  endfacet
  facet normal 0.306682 -0.501991 -0.808673
    outer loop
      vertex 29.963 -38.2124 1
      vertex 29.3033 -37.0045 0
      vertex 30.3033 -38.0045 1
    endloop
  endfacet
  facet normal 0.306682 -0.501991 -0.808673
    outer loop
      vertex 29.3033 -37.0045 0
      vertex 29.963 -38.2124 1
      vertex 28.963 -37.2124 0
    endloop
  endfacet
  facet normal 0.749867 -0.661588 0
    outer loop
      vertex 30.9135 -37.4925 9
      vertex 31.1773 -37.1935 1
      vertex 31.1773 -37.1935 9
    endloop
  endfacet
  facet normal 0.749867 -0.661588 0
    outer loop
      vertex 31.1773 -37.1935 1
      vertex 30.9135 -37.4925 9
      vertex 30.9135 -37.4925 1
    endloop
  endfacet
  facet normal 0.900998 0.433823 0
    outer loop
      vertex 31.7359 58.1662 9
      vertex 31.5629 58.5255 1
      vertex 31.5629 58.5255 9
    endloop
  endfacet
  facet normal 0.900998 0.433823 0
    outer loop
      vertex 31.5629 58.5255 1
      vertex 31.7359 58.1662 9
      vertex 31.7359 58.1662 1
    endloop
  endfacet
  facet normal -0.156761 0.615572 -0.772332
    outer loop
      vertex -19.179 59.4347 0
      vertex -19.7926 60.5331 1
      vertex -18.7926 59.5331 0
    endloop
  endfacet
  facet normal -0.156761 0.615572 -0.772332
    outer loop
      vertex -19.7926 60.5331 1
      vertex -19.179 59.4347 0
      vertex -20.179 60.4347 1
    endloop
  endfacet
  facet normal -0.246782 0.969071 0
    outer loop
      vertex -19.7926 60.5331 1
      vertex -20.179 60.4347 9
      vertex -19.7926 60.5331 9
    endloop
  endfacet
  facet normal -0.246782 0.969071 0
    outer loop
      vertex -20.179 60.4347 9
      vertex -19.7926 60.5331 1
      vertex -20.179 60.4347 1
    endloop
  endfacet
  facet normal 0.222661 0.974896 -0
    outer loop
      vertex 29.1334 60.4629 1
      vertex 28.7446 60.5517 9
      vertex 29.1334 60.4629 9
    endloop
  endfacet
  facet normal 0.222661 0.974896 0
    outer loop
      vertex 28.7446 60.5517 9
      vertex 29.1334 60.4629 1
      vertex 28.7446 60.5517 1
    endloop
  endfacet
  facet normal 0.463119 0.350799 0.813917
    outer loop
      vertex 30.1142 58.1836 10
      vertex 31.355 58.8657 9
      vertex 31.1142 59.1836 9
    endloop
  endfacet
  facet normal 0.463119 0.350799 0.813917
    outer loop
      vertex 31.355 58.8657 9
      vertex 30.1142 58.1836 10
      vertex 30.355 57.8657 10
    endloop
  endfacet
  facet normal 0.382613 0.433358 0.815971
    outer loop
      vertex 30.544 59.7398 9
      vertex 29.8429 58.4759 10
      vertex 30.8429 59.4759 9
    endloop
  endfacet
  facet normal 0.382613 0.433358 0.815971
    outer loop
      vertex 29.8429 58.4759 10
      vertex 30.544 59.7398 9
      vertex 29.544 58.7398 10
    endloop
  endfacet
  facet normal 0.197371 0.587451 0.784822
    outer loop
      vertex 29.1334 60.4629 9
      vertex 28.5114 59.3359 10
      vertex 29.5114 60.3359 9
    endloop
  endfacet
  facet normal 0.197371 0.587451 0.784822
    outer loop
      vertex 28.5114 59.3359 10
      vertex 29.1334 60.4629 9
      vertex 28.1334 59.4629 10
    endloop
  endfacet
  facet normal 0.342065 -0.939676 0
    outer loop
      vertex 29.229 -38.5218 1
      vertex 29.6037 -38.3854 9
      vertex 29.229 -38.5218 9
    endloop
  endfacet
  facet normal 0.342065 -0.939676 0
    outer loop
      vertex 29.6037 -38.3854 9
      vertex 29.229 -38.5218 1
      vertex 29.6037 -38.3854 1
    endloop
  endfacet
  facet normal 0.578018 0.210413 0.78843
    outer loop
      vertex 30.7359 57.1662 10
      vertex 31.8723 57.7915 9
      vertex 31.7359 58.1662 9
    endloop
  endfacet
  facet normal 0.578018 0.210413 0.78843
    outer loop
      vertex 31.8723 57.7915 9
      vertex 30.7359 57.1662 10
      vertex 30.8723 56.7915 10
    endloop
  endfacet
  facet normal 0.540213 0.260108 0.800321
    outer loop
      vertex 30.5629 57.5255 10
      vertex 31.7359 58.1662 9
      vertex 31.5629 58.5255 9
    endloop
  endfacet
  facet normal 0.540213 0.260108 0.800321
    outer loop
      vertex 31.7359 58.1662 9
      vertex 30.5629 57.5255 10
      vertex 30.7359 57.1662 10
    endloop
  endfacet
  facet normal 0.732945 0.680288 0
    outer loop
      vertex 31.1142 59.1836 9
      vertex 30.8429 59.4759 1
      vertex 30.8429 59.4759 9
    endloop
  endfacet
  facet normal 0.732945 0.680288 0
    outer loop
      vertex 30.8429 59.4759 1
      vertex 31.1142 59.1836 9
      vertex 31.1142 59.1836 1
    endloop
  endfacet
  facet normal 0.707103 0 0.70711
    outer loop
      vertex 32.05 56.6125 9
      vertex 31.05 -1.275 9.99999
      vertex 32.05 -20.1 9
    endloop
  endfacet
  facet normal 0.707107 -1.24299e-07 0.707107
    outer loop
      vertex 31.05 55.6125 10
      vertex 31.05 -1.275 9.99999
      vertex 32.05 56.6125 9
    endloop
  endfacet
  facet normal 1 0 0
    outer loop
      vertex 31.05 -1.275 9.99999
      vertex 31.05 55.6125 10
      vertex 31.05 -1.275 10
    endloop
  endfacet
  facet normal 0.707103 -0 0.70711
    outer loop
      vertex 31.05 -2.525 9.99999
      vertex 32.05 -20.1 9
      vertex 31.05 -1.275 9.99999
    endloop
  endfacet
  facet normal 1 -0 0
    outer loop
      vertex 31.05 -20.1 10
      vertex 31.05 -2.525 9.99999
      vertex 31.05 -2.525 10
    endloop
  endfacet
  facet normal 0.707107 4.02337e-07 0.707107
    outer loop
      vertex 31.05 -2.525 9.99999
      vertex 31.05 -20.1 10
      vertex 32.05 -20.1 9
    endloop
  endfacet
  facet normal 0.707107 -0 0.707107
    outer loop
      vertex 31.05 -33.6995 10
      vertex 32.05 -29.2598 9
      vertex 31.05 -29.0689 10
    endloop
  endfacet
  facet normal 0.707107 0 0.707107
    outer loop
      vertex 32.05 -29.2598 9
      vertex 31.05 -33.6995 10
      vertex 32.05 -34.6995 9
    endloop
  endfacet
  facet normal 0.615595 0.156726 0.772321
    outer loop
      vertex 30.8723 56.7915 10
      vertex 31.9707 57.405 9
      vertex 31.8723 57.7915 9
    endloop
  endfacet
  facet normal 0.615595 0.156726 0.772321
    outer loop
      vertex 31.9707 57.405 9
      vertex 30.8723 56.7915 10
      vertex 30.9707 56.405 10
    endloop
  endfacet
  facet normal -0.423431 -0.392875 -0.816306
    outer loop
      vertex -22.0642 -37.2706 1
      vertex -20.7929 -36.563 0
      vertex -21.7929 -37.563 1
    endloop
  endfacet
  facet normal -0.423431 -0.392875 -0.816306
    outer loop
      vertex -20.7929 -36.563 0
      vertex -22.0642 -37.2706 1
      vertex -21.0642 -36.2706 0
    endloop
  endfacet
  facet normal -0.578018 -0.210413 0.78843
    outer loop
      vertex -22.8223 -35.8785 9
      vertex -21.6859 -35.2532 10
      vertex -21.8223 -34.8785 10
    endloop
  endfacet
  facet normal -0.578018 -0.210413 0.78843
    outer loop
      vertex -21.6859 -35.2532 10
      vertex -22.8223 -35.8785 9
      vertex -22.6859 -36.2532 9
    endloop
  endfacet
  facet normal 0 0 -1
    outer loop
      vertex 29.3033 -37.0045 0
      vertex 29.55 -31.4181 0
      vertex 29.6211 -36.7637 0
    endloop
  endfacet
  facet normal 0 0 -1
    outer loop
      vertex 28.963 -37.2124 0
      vertex 29.55 -31.4181 0
      vertex 29.3033 -37.0045 0
    endloop
  endfacet
  facet normal 0 0 -1
    outer loop
      vertex 28.6037 -37.3854 0
      vertex 29.55 -31.4181 0
      vertex 28.963 -37.2124 0
    endloop
  endfacet
  facet normal 0 0 -1
    outer loop
      vertex 28.229 -37.5218 0
      vertex 29.55 -31.4181 0
      vertex 28.6037 -37.3854 0
    endloop
  endfacet
  facet normal 0 0 -1
    outer loop
      vertex 27.8426 -37.6202 0
      vertex 29.55 -31.4181 0
      vertex 28.229 -37.5218 0
    endloop
  endfacet
  facet normal 0 0 -1
    outer loop
      vertex 27.4483 -37.6796 0
      vertex 29.55 -31.4181 0
      vertex 27.8426 -37.6202 0
    endloop
  endfacet
  facet normal 0 0 -1
    outer loop
      vertex 27.05 -37.6995 0
      vertex 29.55 -31.4181 0
      vertex 27.4483 -37.6796 0
    endloop
  endfacet
  facet normal 0 0 -1
    outer loop
      vertex 27.05 -37.6995 0
      vertex 14.55 -31.4181 0
      vertex 29.55 -31.4181 0
    endloop
  endfacet
  facet normal 0 0 -1
    outer loop
      vertex 14.55 -31.4181 0
      vertex 10.55 -26.9 0
      vertex 14.55 -26.9 0
    endloop
  endfacet
  facet normal 0 0 -1
    outer loop
      vertex 14.55 -31.4181 0
      vertex 10.2719 -26.856 0
      vertex 10.55 -26.9 0
    endloop
  endfacet
  facet normal 0 0 -1
    outer loop
      vertex 9.49342 -26.4735 0
      vertex 10.2719 -26.856 0
      vertex 14.55 -31.4181 0
    endloop
  endfacet
  facet normal 0 0 -1
    outer loop
      vertex 9.94777 -26.6688 0
      vertex 9.77 -26.5262 0
      vertex 9.84592 -26.5286 0
    endloop
  endfacet
  facet normal 0 0 -1
    outer loop
      vertex 10.2719 -26.856 0
      vertex 9.49342 -26.4735 0
      vertex 9.94777 -26.6688 0
    endloop
  endfacet
  facet normal 0 0 -1
    outer loop
      vertex 9.94777 -26.6688 0
      vertex 9.49342 -26.4735 0
      vertex 9.77 -26.5262 0
    endloop
  endfacet
  facet normal 0 0 -1
    outer loop
      vertex 8.72734 -26.0667 0
      vertex 9.49342 -26.4735 0
      vertex 14.55 -31.4181 0
    endloop
  endfacet
  facet normal 0 0 -1
    outer loop
      vertex 9.17535 -26.2763 0
      vertex 9.00217 -26.1282 0
      vertex 9.07796 -26.1329 0
    endloop
  endfacet
  facet normal 0 0 -1
    outer loop
      vertex 9.49342 -26.4735 0
      vertex 8.72734 -26.0667 0
      vertex 9.17535 -26.2763 0
    endloop
  endfacet
  facet normal 0 0 -1
    outer loop
      vertex 9.17535 -26.2763 0
      vertex 8.72734 -26.0667 0
      vertex 9.00217 -26.1282 0
    endloop
  endfacet
  facet normal 0 0 -1
    outer loop
      vertex -18 -37.6995 0
      vertex 8.72734 -26.0667 0
      vertex 14.55 -31.4181 0
    endloop
  endfacet
  facet normal 0 0 -1
    outer loop
      vertex 8.41565 -25.8596 0
      vertex 8.24721 -25.7062 0
      vertex 8.32281 -25.7133 0
    endloop
  endfacet
  facet normal 0 0 -1
    outer loop
      vertex 8.41565 -25.8596 0
      vertex 7.97447 -25.6361 0
      vertex 8.24721 -25.7062 0
    endloop
  endfacet
  facet normal 0 0 -1
    outer loop
      vertex 8.72734 -26.0667 0
      vertex 7.97447 -25.6361 0
      vertex 8.41565 -25.8596 0
    endloop
  endfacet
  facet normal -0 0 -1
    outer loop
      vertex 8.72734 -26.0667 0
      vertex -18 -37.6995 0
      vertex 7.97447 -25.6361 0
    endloop
  endfacet
  facet normal 0 0 -1
    outer loop
      vertex 7.66943 -25.4193 0
      vertex 7.50591 -25.2606 0
      vertex 7.58122 -25.2702 0
    endloop
  endfacet
  facet normal 0 0 -1
    outer loop
      vertex 7.66943 -25.4193 0
      vertex 7.23549 -25.1821 0
      vertex 7.50591 -25.2606 0
    endloop
  endfacet
  facet normal 0 -0 -1
    outer loop
      vertex 7.23549 -25.1821 0
      vertex 7.97447 -25.6361 0
      vertex -18 -37.6995 0
    endloop
  endfacet
  facet normal 0 0 -1
    outer loop
      vertex 7.97447 -25.6361 0
      vertex 7.23549 -25.1821 0
      vertex 7.66943 -25.4193 0
    endloop
  endfacet
  facet normal 0 0 -1
    outer loop
      vertex 6.93741 -24.9558 0
      vertex 6.77896 -24.792 0
      vertex 6.85396 -24.8039 0
    endloop
  endfacet
  facet normal 0 0 -1
    outer loop
      vertex 6.93741 -24.9558 0
      vertex 6.51118 -24.705 0
      vertex 6.77896 -24.792 0
    endloop
  endfacet
  facet normal 0 -0 -1
    outer loop
      vertex 6.51118 -24.705 0
      vertex 7.23549 -25.1821 0
      vertex -18 -37.6995 0
    endloop
  endfacet
  facet normal 0 0 -1
    outer loop
      vertex 7.23549 -25.1821 0
      vertex 6.51118 -24.705 0
      vertex 6.93741 -24.9558 0
    endloop
  endfacet
  facet normal 0 0 -1
    outer loop
      vertex 6.22035 -24.4695 0
      vertex 6.06708 -24.3008 0
      vertex 6.14169 -24.3151 0
    endloop
  endfacet
  facet normal 0 0 -1
    outer loop
      vertex 6.22035 -24.4695 0
      vertex 5.80215 -24.2054 0
      vertex 6.06708 -24.3008 0
    endloop
  endfacet
  facet normal 0 -0 -1
    outer loop
      vertex 5.80215 -24.2054 0
      vertex 6.51118 -24.705 0
      vertex -18 -37.6995 0
    endloop
  endfacet
  facet normal 0 0 -1
    outer loop
      vertex -22 -33.6995 0
      vertex 5.35176 -23.248 0
      vertex 5.35957 -23.6222 0
    endloop
  endfacet
  facet normal 0 0 -1
    outer loop
      vertex 5.35176 -23.248 0
      vertex 4.40973 -0.597338 0
      vertex 4.44552 -0.199648 0
    endloop
  endfacet
  facet normal 0 0 -1
    outer loop
      vertex 5.35176 -23.248 0
      vertex 4.33843 -0.990217 0
      vertex 4.40973 -0.597338 0
    endloop
  endfacet
  facet normal 0 0 -1
    outer loop
      vertex 5.35176 -23.248 0
      vertex 4.2322 -1.37512 0
      vertex 4.33843 -0.990217 0
    endloop
  endfacet
  facet normal 0 0 -1
    outer loop
      vertex 5.35176 -23.248 0
      vertex 4.0919 -1.74896 0
      vertex 4.2322 -1.37512 0
    endloop
  endfacet
  facet normal 0 0 -1
    outer loop
      vertex 5.35176 -23.248 0
      vertex 3.91865 -2.10872 0
      vertex 4.0919 -1.74896 0
    endloop
  endfacet
  facet normal 0 0 -1
    outer loop
      vertex 5.35176 -23.248 0
      vertex 3.71385 -2.45149 0
      vertex 3.91865 -2.10872 0
    endloop
  endfacet
  facet normal 0 0 -1
    outer loop
      vertex 5.35176 -23.248 0
      vertex 3.47915 -2.77453 0
      vertex 3.71385 -2.45149 0
    endloop
  endfacet
  facet normal 0 0 -1
    outer loop
      vertex 5.35176 -23.248 0
      vertex 3.21644 -3.07523 0
      vertex 3.47915 -2.77453 0
    endloop
  endfacet
  facet normal 0 0 -1
    outer loop
      vertex 5.35176 -23.248 0
      vertex 2.92783 -3.35117 0
      vertex 3.21644 -3.07523 0
    endloop
  endfacet
  facet normal 0 0 -1
    outer loop
      vertex 5.35176 -23.248 0
      vertex 2.61564 -3.60013 0
      vertex 2.92783 -3.35117 0
    endloop
  endfacet
  facet normal 0 0 -1
    outer loop
      vertex 5.35176 -23.248 0
      vertex 2.2824 -3.8201 0
      vertex 2.61564 -3.60013 0
    endloop
  endfacet
  facet normal 0 0 -1
    outer loop
      vertex 5.35176 -23.248 0
      vertex 1.93078 -4.00931 0
      vertex 2.2824 -3.8201 0
    endloop
  endfacet
  facet normal 0 0 -1
    outer loop
      vertex 5.35176 -23.248 0
      vertex 1.56362 -4.16624 0
      vertex 1.93078 -4.00931 0
    endloop
  endfacet
  facet normal 0 0 -1
    outer loop
      vertex 5.35176 -23.248 0
      vertex 1.18386 -4.28963 0
      vertex 1.56362 -4.16624 0
    endloop
  endfacet
  facet normal 0 0 -1
    outer loop
      vertex 5.35176 -23.248 0
      vertex 0.794578 -4.37849 0
      vertex 1.18386 -4.28963 0
    endloop
  endfacet
  facet normal 0 0 -1
    outer loop
      vertex 5.35176 -23.248 0
      vertex 0.398894 -4.43209 0
      vertex 0.794578 -4.37849 0
    endloop
  endfacet
  facet normal 0 0 -1
    outer loop
      vertex 5.35176 -23.248 0
      vertex 0 -4.45 0
      vertex 0.398894 -4.43209 0
    endloop
  endfacet
  facet normal 0 0 -1
    outer loop
      vertex 5.35176 -23.248 0
      vertex -0.398894 -4.43209 0
      vertex 0 -4.45 0
    endloop
  endfacet
  facet normal 0 0 -1
    outer loop
      vertex 5.35176 -23.248 0
      vertex -0.794578 -4.37849 0
      vertex -0.398894 -4.43209 0
    endloop
  endfacet
  facet normal 0 0 -1
    outer loop
      vertex 5.35176 -23.248 0
      vertex -1.18386 -4.28963 0
      vertex -0.794578 -4.37849 0
    endloop
  endfacet
  facet normal 0 0 -1
    outer loop
      vertex 5.35176 -23.248 0
      vertex -1.56362 -4.16624 0
      vertex -1.18386 -4.28963 0
    endloop
  endfacet
  facet normal 0 0 -1
    outer loop
      vertex 5.35176 -23.248 0
      vertex -1.93078 -4.00931 0
      vertex -1.56362 -4.16624 0
    endloop
  endfacet
  facet normal 0 0 -1
    outer loop
      vertex 5.35176 -23.248 0
      vertex -2.2824 -3.8201 0
      vertex -1.93078 -4.00931 0
    endloop
  endfacet
  facet normal -0 0 -1
    outer loop
      vertex 5.35176 -23.248 0
      vertex -22 -33.6995 0
      vertex -2.2824 -3.8201 0
    endloop
  endfacet
  facet normal -0 0 -1
    outer loop
      vertex -2.2824 -3.8201 0
      vertex -22 -33.6995 0
      vertex -2.61564 -3.60013 0
    endloop
  endfacet
  facet normal -0 0 -1
    outer loop
      vertex -2.61564 -3.60013 0
      vertex -22 -33.6995 0
      vertex -2.92783 -3.35117 0
    endloop
  endfacet
  facet normal -0 0 -1
    outer loop
      vertex -2.92783 -3.35117 0
      vertex -22 -33.6995 0
      vertex -3.21644 -3.07523 0
    endloop
  endfacet
  facet normal -0 0 -1
    outer loop
      vertex -3.21644 -3.07523 0
      vertex -22 -33.6995 0
      vertex -3.47915 -2.77453 0
    endloop
  endfacet
  facet normal -0 0 -1
    outer loop
      vertex -3.47915 -2.77453 0
      vertex -22 -33.6995 0
      vertex -3.71385 -2.45149 0
    endloop
  endfacet
  facet normal -0 0 -1
    outer loop
      vertex -3.71385 -2.45149 0
      vertex -22 -33.6995 0
      vertex -3.91865 -2.10872 0
    endloop
  endfacet
  facet normal 0 0 -1
    outer loop
      vertex -4.44552 -0.199648 0
      vertex -4.7567 14.3514 0
      vertex -4.44552 14.14 0
    endloop
  endfacet
  facet normal 0 0 -1
    outer loop
      vertex -4.44552 -0.199648 0
      vertex -5.07476 14.5908 0
      vertex -4.7567 14.3514 0
    endloop
  endfacet
  facet normal 0 0 -1
    outer loop
      vertex -4.44552 -0.199648 0
      vertex -5.38079 14.8455 0
      vertex -5.07476 14.5908 0
    endloop
  endfacet
  facet normal 0 0 -1
    outer loop
      vertex -4.44552 -0.199648 0
      vertex -5.67406 15.1148 0
      vertex -5.38079 14.8455 0
    endloop
  endfacet
  facet normal 0 0 -1
    outer loop
      vertex -4.44552 -0.199648 0
      vertex -5.95386 15.398 0
      vertex -5.67406 15.1148 0
    endloop
  endfacet
  facet normal 0 0 -1
    outer loop
      vertex -22 -33.6995 0
      vertex -4.44552 -0.199648 0
      vertex -4.40973 -0.597338 0
    endloop
  endfacet
  facet normal 0 0 -1
    outer loop
      vertex -4.44552 -0.199648 0
      vertex -6.21955 15.6945 0
      vertex -5.95386 15.398 0
    endloop
  endfacet
  facet normal 0 0 -1
    outer loop
      vertex -4.44552 -0.199648 0
      vertex -6.47048 16.0037 0
      vertex -6.21955 15.6945 0
    endloop
  endfacet
  facet normal 0 0 -1
    outer loop
      vertex -4.44552 -0.199648 0
      vertex -6.70607 16.3246 0
      vertex -6.47048 16.0037 0
    endloop
  endfacet
  facet normal 0 0 -1
    outer loop
      vertex -4.44552 -0.199648 0
      vertex -6.92575 16.6567 0
      vertex -6.70607 16.3246 0
    endloop
  endfacet
  facet normal 0 0 -1
    outer loop
      vertex -4.44552 -0.199648 0
      vertex -7.129 16.999 0
      vertex -6.92575 16.6567 0
    endloop
  endfacet
  facet normal 0 0 -1
    outer loop
      vertex -4.44552 -0.199648 0
      vertex -7.31535 17.3508 0
      vertex -7.129 16.999 0
    endloop
  endfacet
  facet normal 0 0 -1
    outer loop
      vertex -4.44552 -0.199648 0
      vertex -7.48434 17.7113 0
      vertex -7.31535 17.3508 0
    endloop
  endfacet
  facet normal 0 0 -1
    outer loop
      vertex -4.44552 -0.199648 0
      vertex -7.63558 18.0796 0
      vertex -7.48434 17.7113 0
    endloop
  endfacet
  facet normal -0 0 -1
    outer loop
      vertex -4.44552 -0.199648 0
      vertex -22 -33.6995 0
      vertex -7.63558 18.0796 0
    endloop
  endfacet
  facet normal -0 0 -1
    outer loop
      vertex -7.63558 18.0796 0
      vertex -22 -33.6995 0
      vertex -7.76871 18.4549 0
    endloop
  endfacet
  facet normal -0 0 -1
    outer loop
      vertex -7.76871 18.4549 0
      vertex -22 -33.6995 0
      vertex -7.88342 18.8361 0
    endloop
  endfacet
  facet normal -0 0 -1
    outer loop
      vertex -7.88342 18.8361 0
      vertex -22 -33.6995 0
      vertex -7.97942 19.2225 0
    endloop
  endfacet
  facet normal 0 0 -1
    outer loop
      vertex -8.11447 20.007 0
      vertex -22 55.6125 0
      vertex -8.15319 20.4033 0
    endloop
  endfacet
  facet normal 0 0 -1
    outer loop
      vertex -22 55.6125 0
      vertex -8.11447 20.007 0
      vertex -22 -33.6995 0
    endloop
  endfacet
  facet normal -0 0 -1
    outer loop
      vertex -8.0565 19.6131 0
      vertex -22 -33.6995 0
      vertex -8.11447 20.007 0
    endloop
  endfacet
  facet normal -0 0 -1
    outer loop
      vertex -7.97942 19.2225 0
      vertex -22 -33.6995 0
      vertex -8.0565 19.6131 0
    endloop
  endfacet
  facet normal -0 0 -1
    outer loop
      vertex -4.33843 -0.990217 0
      vertex -22 -33.6995 0
      vertex -4.40973 -0.597338 0
    endloop
  endfacet
  facet normal -0 0 -1
    outer loop
      vertex -4.2322 -1.37512 0
      vertex -22 -33.6995 0
      vertex -4.33843 -0.990217 0
    endloop
  endfacet
  facet normal -0 0 -1
    outer loop
      vertex -4.0919 -1.74896 0
      vertex -22 -33.6995 0
      vertex -4.2322 -1.37512 0
    endloop
  endfacet
  facet normal -0 0 -1
    outer loop
      vertex -3.91865 -2.10872 0
      vertex -22 -33.6995 0
      vertex -4.0919 -1.74896 0
    endloop
  endfacet
  facet normal 0 0 -1
    outer loop
      vertex -22 -33.6995 0
      vertex 5.35957 -23.6222 0
      vertex -18 -37.6995 0
    endloop
  endfacet
  facet normal -0 0 -1
    outer loop
      vertex 5.51888 -23.9608 0
      vertex -18 -37.6995 0
      vertex 5.35957 -23.6222 0
    endloop
  endfacet
  facet normal -0 0 -1
    outer loop
      vertex 5.80215 -24.2054 0
      vertex -18 -37.6995 0
      vertex 5.51888 -23.9608 0
    endloop
  endfacet
  facet normal 0 0 -1
    outer loop
      vertex 6.51118 -24.705 0
      vertex 5.80215 -24.2054 0
      vertex 6.22035 -24.4695 0
    endloop
  endfacet
  facet normal 0 0 -1
    outer loop
      vertex -18 -37.6995 0
      vertex 14.55 -31.4181 0
      vertex 27.05 -37.6995 0
    endloop
  endfacet
  facet normal 0 0 -1
    outer loop
      vertex 29.55 -31.4181 0
      vertex 31.05 -33.6995 0
      vertex 31.0388 -33.9984 0
    endloop
  endfacet
  facet normal 0 0 -1
    outer loop
      vertex 29.55 -31.4181 0
      vertex 31.0388 -33.9984 0
      vertex 30.9892 -34.3941 0
    endloop
  endfacet
  facet normal 0 0 -1
    outer loop
      vertex 29.55 -31.4181 0
      vertex 30.9892 -34.3941 0
      vertex 30.9005 -34.7829 0
    endloop
  endfacet
  facet normal 0 0 -1
    outer loop
      vertex 29.55 -31.4181 0
      vertex 30.9005 -34.7829 0
      vertex 30.7735 -35.1609 0
    endloop
  endfacet
  facet normal 0 0 -1
    outer loop
      vertex 29.55 -31.4181 0
      vertex 30.7735 -35.1609 0
      vertex 30.6095 -35.5243 0
    endloop
  endfacet
  facet normal 0 0 -1
    outer loop
      vertex 29.55 -31.4181 0
      vertex 30.6095 -35.5243 0
      vertex 30.4101 -35.8697 0
    endloop
  endfacet
  facet normal 0 0 -1
    outer loop
      vertex 29.55 -31.4181 0
      vertex 30.4101 -35.8697 0
      vertex 30.1773 -36.1935 0
    endloop
  endfacet
  facet normal 0 0 -1
    outer loop
      vertex 29.55 -31.4181 0
      vertex 30.1773 -36.1935 0
      vertex 29.9135 -36.4925 0
    endloop
  endfacet
  facet normal 0 0 -1
    outer loop
      vertex 29.55 -31.4181 0
      vertex 29.9135 -36.4925 0
      vertex 29.6211 -36.7637 0
    endloop
  endfacet
  facet normal 0 0 -1
    outer loop
      vertex 31.05 -33.6995 0
      vertex 29.55 -31.4181 0
      vertex 31.05 -29.0689 0
    endloop
  endfacet
  facet normal -0 0 -1
    outer loop
      vertex 31.05 -29.0689 0
      vertex 29.55 -31.4181 0
      vertex 29.55 -28.7827 0
    endloop
  endfacet
  facet normal 0 0 -1
    outer loop
      vertex 4.44552 -0.199648 0
      vertex 9.64999 -0.727173 0
      vertex 5.35176 -23.248 0
    endloop
  endfacet
  facet normal 0 0 -1
    outer loop
      vertex 9.64999 -0.727173 0
      vertex 4.44552 -0.199648 0
      vertex 9.64999 3.89999 0
    endloop
  endfacet
  facet normal -0 0 -1
    outer loop
      vertex 9.64999 3.89999 0
      vertex 4.44552 -0.199648 0
      vertex 4.44552 3.89999 0
    endloop
  endfacet
  facet normal 0 0 -1
    outer loop
      vertex 14.55 12.5625 0
      vertex 13.1535 12.829 0
      vertex 14.55 15.4181 0
    endloop
  endfacet
  facet normal 0 0 -1
    outer loop
      vertex 43.05 -31 0
      vertex 43.0339 -30.8101 0
      vertex 43.05 -30.9119 0
    endloop
  endfacet
  facet normal 0 0 -1
    outer loop
      vertex 39.65 -31 0
      vertex 43.0339 -30.8101 0
      vertex 43.05 -31 0
    endloop
  endfacet
  facet normal 0 0 -1
    outer loop
      vertex 42.5139 -26.1116 0
      vertex 39.65 -26 0
      vertex 42.5081 -26 0
    endloop
  endfacet
  facet normal 0 0 -1
    outer loop
      vertex 42.5422 -26.6508 0
      vertex 39.65 -26 0
      vertex 42.5139 -26.1116 0
    endloop
  endfacet
  facet normal 0 0 -1
    outer loop
      vertex 42.6325 -27.6835 0
      vertex 39.65 -26 0
      vertex 42.5422 -26.6508 0
    endloop
  endfacet
  facet normal 0 0 -1
    outer loop
      vertex 42.6796 -28.2213 0
      vertex 39.65 -26 0
      vertex 42.6325 -27.6835 0
    endloop
  endfacet
  facet normal 0 0 -1
    outer loop
      vertex 39.65 -26 0
      vertex 42.6796 -28.2213 0
      vertex 39.65 -31 0
    endloop
  endfacet
  facet normal -0 0 -1
    outer loop
      vertex 42.7454 -28.7572 0
      vertex 39.65 -31 0
      vertex 42.6796 -28.2213 0
    endloop
  endfacet
  facet normal -0 0 -1
    outer loop
      vertex 42.8717 -29.7862 0
      vertex 39.65 -31 0
      vertex 42.7454 -28.7572 0
    endloop
  endfacet
  facet normal -0 0 -1
    outer loop
      vertex 43.0339 -30.8101 0
      vertex 39.65 -31 0
      vertex 42.8717 -29.7862 0
    endloop
  endfacet
  facet normal 0 0 -1
    outer loop
      vertex 42.5081 -26 0
      vertex 43.05 -21 0
      vertex 43.05 -26 0
    endloop
  endfacet
  facet normal -0 0 -1
    outer loop
      vertex 43.05 -21 0
      vertex 42.5081 -26 0
      vertex 42.5081 -21 0
    endloop
  endfacet
  facet normal 0 0 -1
    outer loop
      vertex 43.0339 -16.1899 0
      vertex 43.05 -16 0
      vertex 43.05 -16.0881 0
    endloop
  endfacet
  facet normal 0 0 -1
    outer loop
      vertex 39.65 -16 0
      vertex 43.0339 -16.1899 0
      vertex 42.8717 -17.2138 0
    endloop
  endfacet
  facet normal 0 0 -1
    outer loop
      vertex 42.5081 -26 0
      vertex 39.65 -26 0
      vertex 42.5081 -21 0
    endloop
  endfacet
  facet normal 0 0 -1
    outer loop
      vertex 39.65 -21 0
      vertex 42.5081 -21 0
      vertex 39.65 -26 0
    endloop
  endfacet
  facet normal 0 0 -1
    outer loop
      vertex 42.5081 -21 0
      vertex 39.65 -21 0
      vertex 42.5139 -20.8884 0
    endloop
  endfacet
  facet normal -0 0 -1
    outer loop
      vertex 42.5139 -20.8884 0
      vertex 39.65 -21 0
      vertex 42.5422 -20.3492 0
    endloop
  endfacet
  facet normal -0 0 -1
    outer loop
      vertex 42.5422 -20.3492 0
      vertex 39.65 -21 0
      vertex 42.6325 -19.3165 0
    endloop
  endfacet
  facet normal -0 0 -1
    outer loop
      vertex 42.6325 -19.3165 0
      vertex 39.65 -21 0
      vertex 42.6796 -18.7787 0
    endloop
  endfacet
  facet normal 0 0 -1
    outer loop
      vertex 39.65 -16 0
      vertex 42.6796 -18.7787 0
      vertex 39.65 -21 0
    endloop
  endfacet
  facet normal 0 0 -1
    outer loop
      vertex 42.6796 -18.7787 0
      vertex 39.65 -16 0
      vertex 42.7454 -18.2428 0
    endloop
  endfacet
  facet normal 0 0 -1
    outer loop
      vertex 42.7454 -18.2428 0
      vertex 39.65 -16 0
      vertex 42.8717 -17.2138 0
    endloop
  endfacet
  facet normal 0 0 -1
    outer loop
      vertex 43.0339 -16.1899 0
      vertex 39.65 -16 0
      vertex 43.05 -16 0
    endloop
  endfacet
  facet normal 0 0 -1
    outer loop
      vertex 14.55 -2.525 0
      vertex 29.55 -1.275 0
      vertex 29.55 -2.525 0
    endloop
  endfacet
  facet normal -0 0 -1
    outer loop
      vertex 29.55 -1.275 0
      vertex 14.55 -2.525 0
      vertex 14.55 -1.275 0
    endloop
  endfacet
  facet normal 0 0 -1
    outer loop
      vertex 29.55 -2.525 0
      vertex 31.05 -2.525 0
      vertex 31.05 -20.1 0
    endloop
  endfacet
  facet normal 0 0 -1
    outer loop
      vertex 31.05 -2.525 0
      vertex 29.55 -2.525 0
      vertex 31.05 -1.275 0
    endloop
  endfacet
  facet normal 0 0 -1
    outer loop
      vertex 31.05 -1.275 0
      vertex 29.55 15.4181 0
      vertex 31.05 55.6125 0
    endloop
  endfacet
  facet normal 0 0 -1
    outer loop
      vertex 7.02946 25.1734 0
      vertex 31.05 55.6125 0
      vertex 29.55 15.4181 0
    endloop
  endfacet
  facet normal 0 0 -1
    outer loop
      vertex 6.81793 25.5107 0
      vertex 31.05 55.6125 0
      vertex 7.02946 25.1734 0
    endloop
  endfacet
  facet normal 0 0 -1
    outer loop
      vertex 6.59023 25.8373 0
      vertex 31.05 55.6125 0
      vertex 6.81793 25.5107 0
    endloop
  endfacet
  facet normal 0 0 -1
    outer loop
      vertex 6.3469 26.1524 0
      vertex 31.05 55.6125 0
      vertex 6.59023 25.8373 0
    endloop
  endfacet
  facet normal 0 0 -1
    outer loop
      vertex 6.08851 26.4553 0
      vertex 31.05 55.6125 0
      vertex 6.3469 26.1524 0
    endloop
  endfacet
  facet normal 0 0 -1
    outer loop
      vertex 5.81568 26.7453 0
      vertex 31.05 55.6125 0
      vertex 6.08851 26.4553 0
    endloop
  endfacet
  facet normal 0 0 -1
    outer loop
      vertex 5.52906 27.0216 0
      vertex 31.05 55.6125 0
      vertex 5.81568 26.7453 0
    endloop
  endfacet
  facet normal 0 0 -1
    outer loop
      vertex 29.55 -2.525 0
      vertex 31.05 -20.1 0
      vertex 29.55 -20.1 0
    endloop
  endfacet
  facet normal -0 0 -1
    outer loop
      vertex 31.05 -1.275 0
      vertex 29.55 -2.525 0
      vertex 29.55 -1.275 0
    endloop
  endfacet
  facet normal 0 0 -1
    outer loop
      vertex 31.05 -1.275 0
      vertex 29.55 -1.275 0
      vertex 29.55 15.4181 0
    endloop
  endfacet
  facet normal 0 0 -1
    outer loop
      vertex 5.22933 27.2837 0
      vertex 31.05 55.6125 0
      vertex 5.52906 27.0216 0
    endloop
  endfacet
  facet normal 0 0 -1
    outer loop
      vertex 4.91719 27.5308 0
      vertex 31.05 55.6125 0
      vertex 5.22933 27.2837 0
    endloop
  endfacet
  facet normal 0 0 -1
    outer loop
      vertex 4.59338 27.7625 0
      vertex 31.05 55.6125 0
      vertex 4.91719 27.5308 0
    endloop
  endfacet
  facet normal 0 0 -1
    outer loop
      vertex 31.05 55.6125 0
      vertex 27.05 59.6125 0
      vertex 31.0301 56.0107 0
    endloop
  endfacet
  facet normal 0 0 -1
    outer loop
      vertex 30.9707 56.405 0
      vertex 27.05 59.6125 0
      vertex 30.8723 56.7915 0
    endloop
  endfacet
  facet normal 0 0 -1
    outer loop
      vertex 30.5629 57.5255 0
      vertex 27.05 59.6125 0
      vertex 30.355 57.8657 0
    endloop
  endfacet
  facet normal 0 0 -1
    outer loop
      vertex 30.1142 58.1836 0
      vertex 27.05 59.6125 0
      vertex 29.8429 58.4759 0
    endloop
  endfacet
  facet normal 0 0 -1
    outer loop
      vertex 29.2202 58.9726 0
      vertex 27.05 59.6125 0
      vertex 28.8748 59.1719 0
    endloop
  endfacet
  facet normal 0 0 -1
    outer loop
      vertex 27.7446 59.5517 0
      vertex 27.05 59.6125 0
      vertex 27.3489 59.6013 0
    endloop
  endfacet
  facet normal 0 0 -1
    outer loop
      vertex 7.70443 23.7336 0
      vertex 29.55 15.4181 0
      vertex 14.55 15.4181 0
    endloop
  endfacet
  facet normal 0 0 -1
    outer loop
      vertex 12.7794 12.8212 0
      vertex 14.55 15.4181 0
      vertex 13.1535 12.829 0
    endloop
  endfacet
  facet normal 0 0 -1
    outer loop
      vertex 12.4407 12.6619 0
      vertex 14.55 15.4181 0
      vertex 12.7794 12.8212 0
    endloop
  endfacet
  facet normal 0 0 -1
    outer loop
      vertex 7.40204 17.5301 0
      vertex 14.55 15.4181 0
      vertex 12.4407 12.6619 0
    endloop
  endfacet
  facet normal 0 0 -1
    outer loop
      vertex 11.9878 12.3527 0
      vertex 12.4407 12.6619 0
      vertex 12.3198 12.5218 0
    endloop
  endfacet
  facet normal -0 0 -1
    outer loop
      vertex 12.4407 12.6619 0
      vertex 11.9878 12.3527 0
      vertex 7.22432 17.1738 0
    endloop
  endfacet
  facet normal 0 0 -1
    outer loop
      vertex 11.5449 12.0294 0
      vertex 11.9878 12.3527 0
      vertex 11.8714 12.2089 0
    endloop
  endfacet
  facet normal -0 0 -1
    outer loop
      vertex 11.9878 12.3527 0
      vertex 11.5449 12.0294 0
      vertex 7.02946 16.8266 0
    endloop
  endfacet
  facet normal 0 0 -1
    outer loop
      vertex 11.1124 11.6924 0
      vertex 11.5449 12.0294 0
      vertex 11.433 11.882 0
    endloop
  endfacet
  facet normal 0 0 -1
    outer loop
      vertex 6.59023 16.1627 0
      vertex 11.5449 12.0294 0
      vertex 11.1124 11.6924 0
    endloop
  endfacet
  facet normal 0 0 -1
    outer loop
      vertex 6.08851 15.5447 0
      vertex 11.1124 11.6924 0
      vertex 11.082 11.6497 0
    endloop
  endfacet
  facet normal 0 0 -1
    outer loop
      vertex 14.55 15.4181 0
      vertex 8.175 21 0
      vertex 8.1653 21.398 0
    endloop
  endfacet
  facet normal 0 0 -1
    outer loop
      vertex 14.55 15.4181 0
      vertex 8.1653 21.398 0
      vertex 8.13624 21.7951 0
    endloop
  endfacet
  facet normal 0 0 -1
    outer loop
      vertex 14.55 15.4181 0
      vertex 8.13624 21.7951 0
      vertex 8.08788 22.1903 0
    endloop
  endfacet
  facet normal 0 0 -1
    outer loop
      vertex 14.55 15.4181 0
      vertex 8.08788 22.1903 0
      vertex 8.02034 22.5827 0
    endloop
  endfacet
  facet normal 0 0 -1
    outer loop
      vertex 14.55 15.4181 0
      vertex 8.02034 22.5827 0
      vertex 7.93377 22.9713 0
    endloop
  endfacet
  facet normal 0 0 -1
    outer loop
      vertex 7.82838 23.3552 0
      vertex 14.55 15.4181 0
      vertex 7.93377 22.9713 0
    endloop
  endfacet
  facet normal 0 0 -1
    outer loop
      vertex 7.70443 23.7336 0
      vertex 14.55 15.4181 0
      vertex 7.82838 23.3552 0
    endloop
  endfacet
  facet normal 0 0 -1
    outer loop
      vertex 29.55 15.4181 0
      vertex 7.70443 23.7336 0
      vertex 7.5622 24.1054 0
    endloop
  endfacet
  facet normal 0 0 -1
    outer loop
      vertex 29.55 15.4181 0
      vertex 7.5622 24.1054 0
      vertex 7.40204 24.4699 0
    endloop
  endfacet
  facet normal 0 0 -1
    outer loop
      vertex 7.22432 24.8262 0
      vertex 29.55 15.4181 0
      vertex 7.40204 24.4699 0
    endloop
  endfacet
  facet normal 0 0 -1
    outer loop
      vertex 7.02946 25.1734 0
      vertex 29.55 15.4181 0
      vertex 7.22432 24.8262 0
    endloop
  endfacet
  facet normal 0 0 -1
    outer loop
      vertex 28.5114 59.3359 0
      vertex 27.05 59.6125 0
      vertex 28.1334 59.4629 0
    endloop
  endfacet
  facet normal 0 0 -1
    outer loop
      vertex 28.1334 59.4629 0
      vertex 27.05 59.6125 0
      vertex 27.7446 59.5517 0
    endloop
  endfacet
  facet normal 0 0 -1
    outer loop
      vertex 28.8748 59.1719 0
      vertex 27.05 59.6125 0
      vertex 28.5114 59.3359 0
    endloop
  endfacet
  facet normal 0 0 -1
    outer loop
      vertex 29.544 58.7398 0
      vertex 27.05 59.6125 0
      vertex 29.2202 58.9726 0
    endloop
  endfacet
  facet normal 0 0 -1
    outer loop
      vertex 29.8429 58.4759 0
      vertex 27.05 59.6125 0
      vertex 29.544 58.7398 0
    endloop
  endfacet
  facet normal 0 0 -1
    outer loop
      vertex 30.355 57.8657 0
      vertex 27.05 59.6125 0
      vertex 30.1142 58.1836 0
    endloop
  endfacet
  facet normal 0 0 -1
    outer loop
      vertex 30.7359 57.1662 0
      vertex 27.05 59.6125 0
      vertex 30.5629 57.5255 0
    endloop
  endfacet
  facet normal 0 0 -1
    outer loop
      vertex 30.8723 56.7915 0
      vertex 27.05 59.6125 0
      vertex 30.7359 57.1662 0
    endloop
  endfacet
  facet normal 0 0 -1
    outer loop
      vertex 31.0301 56.0107 0
      vertex 27.05 59.6125 0
      vertex 30.9707 56.405 0
    endloop
  endfacet
  facet normal -0 0 -1
    outer loop
      vertex 31.05 55.6125 0
      vertex 4.59338 27.7625 0
      vertex 27.05 59.6125 0
    endloop
  endfacet
  facet normal 0 0 -1
    outer loop
      vertex 4.25869 27.9781 0
      vertex 27.05 59.6125 0
      vertex 4.59338 27.7625 0
    endloop
  endfacet
  facet normal 0 0 -1
    outer loop
      vertex 3.91389 28.1772 0
      vertex 27.05 59.6125 0
      vertex 4.25869 27.9781 0
    endloop
  endfacet
  facet normal 0 0 -1
    outer loop
      vertex 3.55981 28.3592 0
      vertex 27.05 59.6125 0
      vertex 3.91389 28.1772 0
    endloop
  endfacet
  facet normal 0 0 -1
    outer loop
      vertex 3.19728 28.5238 0
      vertex 27.05 59.6125 0
      vertex 3.55981 28.3592 0
    endloop
  endfacet
  facet normal 0 0 -1
    outer loop
      vertex 2.82717 28.6706 0
      vertex 27.05 59.6125 0
      vertex 3.19728 28.5238 0
    endloop
  endfacet
  facet normal 0 0 -1
    outer loop
      vertex 2.45036 28.7991 0
      vertex 27.05 59.6125 0
      vertex 2.82717 28.6706 0
    endloop
  endfacet
  facet normal 0 0 -1
    outer loop
      vertex 2.06773 28.9092 0
      vertex 27.05 59.6125 0
      vertex 2.45036 28.7991 0
    endloop
  endfacet
  facet normal 0 0 -1
    outer loop
      vertex 1.6802 29.0005 0
      vertex 27.05 59.6125 0
      vertex 2.06773 28.9092 0
    endloop
  endfacet
  facet normal 0 0 -1
    outer loop
      vertex 1.28868 29.0728 0
      vertex 27.05 59.6125 0
      vertex 1.6802 29.0005 0
    endloop
  endfacet
  facet normal 0 0 -1
    outer loop
      vertex -18 59.6125 0
      vertex 1.28868 29.0728 0
      vertex 0.894109 29.126 0
    endloop
  endfacet
  facet normal 0 0 -1
    outer loop
      vertex -18 59.6125 0
      vertex 0.894109 29.126 0
      vertex 0.497416 29.1599 0
    endloop
  endfacet
  facet normal 0 0 -1
    outer loop
      vertex -18 59.6125 0
      vertex 0.497416 29.1599 0
      vertex 0.0995417 29.1744 0
    endloop
  endfacet
  facet normal 0 0 -1
    outer loop
      vertex -18 59.6125 0
      vertex 0.0995417 29.1744 0
      vertex -0.298567 29.1695 0
    endloop
  endfacet
  facet normal 0 0 -1
    outer loop
      vertex -18 59.6125 0
      vertex -0.298567 29.1695 0
      vertex -0.695969 29.1453 0
    endloop
  endfacet
  facet normal 0 0 -1
    outer loop
      vertex -18 59.6125 0
      vertex -0.695969 29.1453 0
      vertex -1.09172 29.1018 0
    endloop
  endfacet
  facet normal 0 0 -1
    outer loop
      vertex -18 59.6125 0
      vertex -1.09172 29.1018 0
      vertex -1.48488 29.039 0
    endloop
  endfacet
  facet normal 0 0 -1
    outer loop
      vertex -18 59.6125 0
      vertex -1.48488 29.039 0
      vertex -1.87452 28.9572 0
    endloop
  endfacet
  facet normal 0 0 -1
    outer loop
      vertex -18 59.6125 0
      vertex -1.87452 28.9572 0
      vertex -2.25971 28.8565 0
    endloop
  endfacet
  facet normal 0 0 -1
    outer loop
      vertex -18 59.6125 0
      vertex -2.25971 28.8565 0
      vertex -2.63955 28.7371 0
    endloop
  endfacet
  facet normal 0 0 -1
    outer loop
      vertex -22 55.6125 0
      vertex -2.63955 28.7371 0
      vertex -3.01312 28.5995 0
    endloop
  endfacet
  facet normal 0 0 -1
    outer loop
      vertex -22 55.6125 0
      vertex -3.01312 28.5995 0
      vertex -3.37955 28.4437 0
    endloop
  endfacet
  facet normal 0 0 -1
    outer loop
      vertex -22 55.6125 0
      vertex -3.37955 28.4437 0
      vertex -3.73796 28.2704 0
    endloop
  endfacet
  facet normal 0 0 -1
    outer loop
      vertex -22 55.6125 0
      vertex -3.73796 28.2704 0
      vertex -4.0875 28.0798 0
    endloop
  endfacet
  facet normal 0 0 -1
    outer loop
      vertex -22 55.6125 0
      vertex -4.0875 28.0798 0
      vertex -4.42735 27.8724 0
    endloop
  endfacet
  facet normal 0 0 -1
    outer loop
      vertex -22 55.6125 0
      vertex -4.42735 27.8724 0
      vertex -4.7567 27.6486 0
    endloop
  endfacet
  facet normal 0 0 -1
    outer loop
      vertex -22 55.6125 0
      vertex -4.7567 27.6486 0
      vertex -5.07476 27.4092 0
    endloop
  endfacet
  facet normal 0 0 -1
    outer loop
      vertex -22 55.6125 0
      vertex -5.07476 27.4092 0
      vertex -5.38079 27.1545 0
    endloop
  endfacet
  facet normal 0 0 -1
    outer loop
      vertex -22 55.6125 0
      vertex -5.38079 27.1545 0
      vertex -5.67406 26.8852 0
    endloop
  endfacet
  facet normal 0 0 -1
    outer loop
      vertex -8.15319 20.4033 0
      vertex -22 55.6125 0
      vertex -8.17257 20.8009 0
    endloop
  endfacet
  facet normal 0 0 -1
    outer loop
      vertex -8.17257 20.8009 0
      vertex -22 55.6125 0
      vertex -8.17257 21.1991 0
    endloop
  endfacet
  facet normal 0 0 -1
    outer loop
      vertex -8.17257 21.1991 0
      vertex -22 55.6125 0
      vertex -8.15319 21.5967 0
    endloop
  endfacet
  facet normal 0 0 -1
    outer loop
      vertex 1.28868 29.0728 0
      vertex -18 59.6125 0
      vertex 27.05 59.6125 0
    endloop
  endfacet
  facet normal 0 0 -1
    outer loop
      vertex -22 55.6125 0
      vertex -5.67406 26.8852 0
      vertex -5.95386 26.602 0
    endloop
  endfacet
  facet normal 0 0 -1
    outer loop
      vertex -22 55.6125 0
      vertex -5.95386 26.602 0
      vertex -6.21955 26.3055 0
    endloop
  endfacet
  facet normal 0 0 -1
    outer loop
      vertex -22 55.6125 0
      vertex -6.21955 26.3055 0
      vertex -6.47048 25.9963 0
    endloop
  endfacet
  facet normal 0 0 -1
    outer loop
      vertex -22 55.6125 0
      vertex -6.47048 25.9963 0
      vertex -6.70607 25.6754 0
    endloop
  endfacet
  facet normal 0 0 -1
    outer loop
      vertex -22 55.6125 0
      vertex -6.70607 25.6754 0
      vertex -6.92575 25.3433 0
    endloop
  endfacet
  facet normal 0 0 -1
    outer loop
      vertex -22 55.6125 0
      vertex -6.92575 25.3433 0
      vertex -7.129 25.001 0
    endloop
  endfacet
  facet normal 0 0 -1
    outer loop
      vertex -22 55.6125 0
      vertex -7.129 25.001 0
      vertex -7.31535 24.6492 0
    endloop
  endfacet
  facet normal 0 0 -1
    outer loop
      vertex -22 55.6125 0
      vertex -7.31535 24.6492 0
      vertex -7.48434 24.2887 0
    endloop
  endfacet
  facet normal 0 0 -1
    outer loop
      vertex -22 55.6125 0
      vertex -7.48434 24.2887 0
      vertex -7.63558 23.9204 0
    endloop
  endfacet
  facet normal 0 0 -1
    outer loop
      vertex -22 55.6125 0
      vertex -7.63558 23.9204 0
      vertex -7.76871 23.5451 0
    endloop
  endfacet
  facet normal 0 0 -1
    outer loop
      vertex -22 55.6125 0
      vertex -7.76871 23.5451 0
      vertex -7.88342 23.1639 0
    endloop
  endfacet
  facet normal 0 0 -1
    outer loop
      vertex -22 55.6125 0
      vertex -7.88342 23.1639 0
      vertex -7.97942 22.7775 0
    endloop
  endfacet
  facet normal 0 0 -1
    outer loop
      vertex -22 55.6125 0
      vertex -7.97942 22.7775 0
      vertex -8.0565 22.3869 0
    endloop
  endfacet
  facet normal 0 0 -1
    outer loop
      vertex -8.15319 21.5967 0
      vertex -22 55.6125 0
      vertex -8.11447 21.993 0
    endloop
  endfacet
  facet normal 0 0 -1
    outer loop
      vertex -22 -33.6995 0
      vertex -18 -37.6995 0
      vertex -18.2989 -37.6883 0
    endloop
  endfacet
  facet normal 0 0 -1
    outer loop
      vertex -8.11447 21.993 0
      vertex -22 55.6125 0
      vertex -8.0565 22.3869 0
    endloop
  endfacet
  facet normal 0 0 -1
    outer loop
      vertex -22 -33.6995 0
      vertex -18.2989 -37.6883 0
      vertex -18.6946 -37.6387 0
    endloop
  endfacet
  facet normal 0 0 -1
    outer loop
      vertex -2.63955 28.7371 0
      vertex -22 55.6125 0
      vertex -18 59.6125 0
    endloop
  endfacet
  facet normal 0 0 -1
    outer loop
      vertex -22 -33.6995 0
      vertex -18.6946 -37.6387 0
      vertex -19.0834 -37.55 0
    endloop
  endfacet
  facet normal 0 0 -1
    outer loop
      vertex -18 59.6125 0
      vertex -22 55.6125 0
      vertex -18.3983 59.5926 0
    endloop
  endfacet
  facet normal 0 0 -1
    outer loop
      vertex -22 -33.6995 0
      vertex -19.0834 -37.55 0
      vertex -19.4614 -37.423 0
    endloop
  endfacet
  facet normal 0 0 -1
    outer loop
      vertex -18.3983 59.5926 0
      vertex -22 55.6125 0
      vertex -18.7926 59.5331 0
    endloop
  endfacet
  facet normal 0 0 -1
    outer loop
      vertex -22 -33.6995 0
      vertex -19.4614 -37.423 0
      vertex -19.8248 -37.259 0
    endloop
  endfacet
  facet normal 0 0 -1
    outer loop
      vertex -18.7926 59.5331 0
      vertex -22 55.6125 0
      vertex -19.179 59.4347 0
    endloop
  endfacet
  facet normal 0 0 -1
    outer loop
      vertex -22 -33.6995 0
      vertex -19.8248 -37.259 0
      vertex -20.1702 -37.0596 0
    endloop
  endfacet
  facet normal 0 0 -1
    outer loop
      vertex -19.179 59.4347 0
      vertex -22 55.6125 0
      vertex -19.5537 59.2984 0
    endloop
  endfacet
  facet normal 0 0 -1
    outer loop
      vertex -22 -33.6995 0
      vertex -20.1702 -37.0596 0
      vertex -20.4939 -36.8268 0
    endloop
  endfacet
  facet normal 0 0 -1
    outer loop
      vertex -19.5537 59.2984 0
      vertex -22 55.6125 0
      vertex -19.913 59.1253 0
    endloop
  endfacet
  facet normal 0 0 -1
    outer loop
      vertex -22 -33.6995 0
      vertex -20.4939 -36.8268 0
      vertex -20.7929 -36.563 0
    endloop
  endfacet
  facet normal 0 0 -1
    outer loop
      vertex -19.913 59.1253 0
      vertex -22 55.6125 0
      vertex -20.2533 58.9174 0
    endloop
  endfacet
  facet normal 0 0 -1
    outer loop
      vertex -22 -33.6995 0
      vertex -20.7929 -36.563 0
      vertex -21.0642 -36.2706 0
    endloop
  endfacet
  facet normal 0 0 -1
    outer loop
      vertex -20.2533 58.9174 0
      vertex -22 55.6125 0
      vertex -20.5711 58.6766 0
    endloop
  endfacet
  facet normal 0 0 -1
    outer loop
      vertex -22 -33.6995 0
      vertex -21.0642 -36.2706 0
      vertex -21.305 -35.9528 0
    endloop
  endfacet
  facet normal 0 0 -1
    outer loop
      vertex -20.5711 58.6766 0
      vertex -22 55.6125 0
      vertex -20.8635 58.4054 0
    endloop
  endfacet
  facet normal 0 0 -1
    outer loop
      vertex -22 -33.6995 0
      vertex -21.305 -35.9528 0
      vertex -21.5129 -35.6125 0
    endloop
  endfacet
  facet normal 0 0 -1
    outer loop
      vertex -20.8635 58.4054 0
      vertex -22 55.6125 0
      vertex -21.1273 58.1064 0
    endloop
  endfacet
  facet normal 0 0 -1
    outer loop
      vertex -22 -33.6995 0
      vertex -21.5129 -35.6125 0
      vertex -21.6859 -35.2532 0
    endloop
  endfacet
  facet normal 0 0 -1
    outer loop
      vertex -21.1273 58.1064 0
      vertex -22 55.6125 0
      vertex -21.3601 57.7826 0
    endloop
  endfacet
  facet normal 0 0 -1
    outer loop
      vertex -22 -33.6995 0
      vertex -21.6859 -35.2532 0
      vertex -21.8223 -34.8785 0
    endloop
  endfacet
  facet normal 0 0 -1
    outer loop
      vertex -21.3601 57.7826 0
      vertex -22 55.6125 0
      vertex -21.5595 57.4373 0
    endloop
  endfacet
  facet normal 0 0 -1
    outer loop
      vertex -22 -33.6995 0
      vertex -21.8223 -34.8785 0
      vertex -21.9207 -34.4921 0
    endloop
  endfacet
  facet normal 0 0 -1
    outer loop
      vertex -21.5595 57.4373 0
      vertex -22 55.6125 0
      vertex -21.7235 57.0738 0
    endloop
  endfacet
  facet normal 0 0 -1
    outer loop
      vertex -22 -33.6995 0
      vertex -21.9207 -34.4921 0
      vertex -21.9801 -34.0978 0
    endloop
  endfacet
  facet normal 0 0 -1
    outer loop
      vertex -21.7235 57.0738 0
      vertex -22 55.6125 0
      vertex -21.8505 56.6958 0
    endloop
  endfacet
  facet normal 0 0 -1
    outer loop
      vertex -21.8505 56.6958 0
      vertex -22 55.6125 0
      vertex -21.9392 56.307 0
    endloop
  endfacet
  facet normal 0 0 -1
    outer loop
      vertex -21.9392 56.307 0
      vertex -22 55.6125 0
      vertex -21.9888 55.9114 0
    endloop
  endfacet
  facet normal 0 0 -1
    outer loop
      vertex 14.55 15.4181 0
      vertex 8.1653 20.602 0
      vertex 8.175 21 0
    endloop
  endfacet
  facet normal 0 0 -1
    outer loop
      vertex 14.55 15.4181 0
      vertex 8.13624 20.2049 0
      vertex 8.1653 20.602 0
    endloop
  endfacet
  facet normal 0 0 -1
    outer loop
      vertex 14.55 15.4181 0
      vertex 8.08788 19.8097 0
      vertex 8.13624 20.2049 0
    endloop
  endfacet
  facet normal 0 0 -1
    outer loop
      vertex 14.55 15.4181 0
      vertex 8.02034 19.4173 0
      vertex 8.08788 19.8097 0
    endloop
  endfacet
  facet normal 0 0 -1
    outer loop
      vertex 14.55 15.4181 0
      vertex 7.93377 19.0287 0
      vertex 8.02034 19.4173 0
    endloop
  endfacet
  facet normal 0 0 -1
    outer loop
      vertex 14.55 15.4181 0
      vertex 7.82838 18.6448 0
      vertex 7.93377 19.0287 0
    endloop
  endfacet
  facet normal 0 0 -1
    outer loop
      vertex 14.55 15.4181 0
      vertex 7.70443 18.2664 0
      vertex 7.82838 18.6448 0
    endloop
  endfacet
  facet normal 0 0 -1
    outer loop
      vertex 14.55 15.4181 0
      vertex 7.5622 17.8946 0
      vertex 7.70443 18.2664 0
    endloop
  endfacet
  facet normal 0 0 -1
    outer loop
      vertex 14.55 15.4181 0
      vertex 7.40204 17.5301 0
      vertex 7.5622 17.8946 0
    endloop
  endfacet
  facet normal 0 0 -1
    outer loop
      vertex 12.4407 12.6619 0
      vertex 7.22432 17.1738 0
      vertex 7.40204 17.5301 0
    endloop
  endfacet
  facet normal 0 0 -1
    outer loop
      vertex 11.9878 12.3527 0
      vertex 7.02946 16.8266 0
      vertex 7.22432 17.1738 0
    endloop
  endfacet
  facet normal 0 0 -1
    outer loop
      vertex 11.5449 12.0294 0
      vertex 6.81793 16.4893 0
      vertex 7.02946 16.8266 0
    endloop
  endfacet
  facet normal 0 0 -1
    outer loop
      vertex 11.5449 12.0294 0
      vertex 6.59023 16.1627 0
      vertex 6.81793 16.4893 0
    endloop
  endfacet
  facet normal 0 0 -1
    outer loop
      vertex 11.1124 11.6924 0
      vertex 6.3469 15.8476 0
      vertex 6.59023 16.1627 0
    endloop
  endfacet
  facet normal 0 0 -1
    outer loop
      vertex 11.1124 11.6924 0
      vertex 6.08851 15.5447 0
      vertex 6.3469 15.8476 0
    endloop
  endfacet
  facet normal 0 0 -1
    outer loop
      vertex 11.082 11.6497 0
      vertex 5.81568 15.2547 0
      vertex 6.08851 15.5447 0
    endloop
  endfacet
  facet normal 0 0 -1
    outer loop
      vertex 11.082 11.6497 0
      vertex 5.52906 14.9784 0
      vertex 5.81568 15.2547 0
    endloop
  endfacet
  facet normal 0 0 -1
    outer loop
      vertex 4.44552 12.2762 0
      vertex 5.52906 14.9784 0
      vertex 11.082 11.6497 0
    endloop
  endfacet
  facet normal 0 0 -1
    outer loop
      vertex 5.52906 14.9784 0
      vertex 4.44552 12.2762 0
      vertex 5.22933 14.7163 0
    endloop
  endfacet
  facet normal 0 0 -1
    outer loop
      vertex 5.22933 14.7163 0
      vertex 4.44552 12.2762 0
      vertex 4.91719 14.4692 0
    endloop
  endfacet
  facet normal 0 0 -1
    outer loop
      vertex 4.91719 14.4692 0
      vertex 4.44552 12.2762 0
      vertex 4.59338 14.2375 0
    endloop
  endfacet
  facet normal 0 0 -1
    outer loop
      vertex 4.59338 14.2375 0
      vertex 4.44552 12.2762 0
      vertex 4.44552 14.1422 0
    endloop
  endfacet
  facet normal 0 0 -1
    outer loop
      vertex 3.04999 7.2 0
      vertex 10.55 4.79999 0
      vertex 3.04999 4.79999 0
    endloop
  endfacet
  facet normal 0 0 -1
    outer loop
      vertex 10.55 4.79999 0
      vertex 3.04999 7.2 0
      vertex 10.55 8.37391 0
    endloop
  endfacet
  facet normal 0 0 -1
    outer loop
      vertex 39.65 -26 0
      vertex 14.55 -21 0
      vertex 39.65 -21 0
    endloop
  endfacet
  facet normal 0 0 -1
    outer loop
      vertex 10.55 -26 0
      vertex 14.55 -2.525 0
      vertex 14.55 -21 0
    endloop
  endfacet
  facet normal 0 0 -1
    outer loop
      vertex 10.55 4.79999 0
      vertex 14.55 -2.525 0
      vertex 10.55 -26 0
    endloop
  endfacet
  facet normal 0 0 -1
    outer loop
      vertex 10.55 -26 0
      vertex 14.55 -21 0
      vertex 39.65 -26 0
    endloop
  endfacet
  facet normal 0 0 -1
    outer loop
      vertex 14.55 -2.525 0
      vertex 10.55 4.79999 0
      vertex 14.55 -1.275 0
    endloop
  endfacet
  facet normal 0 0 -1
    outer loop
      vertex 14.55 -1.275 0
      vertex 10.55 4.79999 0
      vertex 14.55 10 0
    endloop
  endfacet
  facet normal 0 0 -1
    outer loop
      vertex 10.55 8.37391 0
      vertex 14.55 10 0
      vertex 10.55 4.79999 0
    endloop
  endfacet
  facet normal -0 0 -1
    outer loop
      vertex 14.55 10 0
      vertex 10.55 8.37391 0
      vertex 10.55 10 0
    endloop
  endfacet
  facet normal -0.124374 -0.992235 0
    outer loop
      vertex -19.6946 -38.6387 1
      vertex -19.2989 -38.6883 9
      vertex -19.6946 -38.6387 9
    endloop
  endfacet
  facet normal -0.124374 -0.992235 -0
    outer loop
      vertex -19.2989 -38.6883 9
      vertex -19.6946 -38.6387 1
      vertex -19.2989 -38.6883 1
    endloop
  endfacet
  facet normal -0.900998 -0.433823 0
    outer loop
      vertex -22.5129 -36.6125 1
      vertex -22.6859 -36.2532 9
      vertex -22.6859 -36.2532 1
    endloop
  endfacet
  facet normal -0.900998 -0.433823 0
    outer loop
      vertex -22.6859 -36.2532 9
      vertex -22.5129 -36.6125 1
      vertex -22.5129 -36.6125 9
    endloop
  endfacet
  facet normal -0.463059 -0.350864 0.813923
    outer loop
      vertex -22.305 -36.9528 9
      vertex -21.0642 -36.2706 10
      vertex -21.305 -35.9528 10
    endloop
  endfacet
  facet normal -0.463059 -0.350864 0.813923
    outer loop
      vertex -21.0642 -36.2706 10
      vertex -22.305 -36.9528 9
      vertex -22.0642 -37.2706 9
    endloop
  endfacet
  facet normal -0.583869 -0.811848 0
    outer loop
      vertex -21.4939 -37.8268 1
      vertex -21.1702 -38.0596 9
      vertex -21.4939 -37.8268 9
    endloop
  endfacet
  facet normal -0.583869 -0.811848 -0
    outer loop
      vertex -21.1702 -38.0596 9
      vertex -21.4939 -37.8268 1
      vertex -21.1702 -38.0596 1
    endloop
  endfacet
  facet normal -0.248056 -0.549657 0.797713
    outer loop
      vertex -19.8248 -37.259 10
      vertex -20.4614 -38.423 9
      vertex -19.4614 -37.423 10
    endloop
  endfacet
  facet normal -0.248056 -0.549657 0.797713
    outer loop
      vertex -20.4614 -38.423 9
      vertex -19.8248 -37.259 10
      vertex -20.8248 -38.259 9
    endloop
  endfacet
  facet normal -0.197371 -0.587451 0.784822
    outer loop
      vertex -19.4614 -37.423 10
      vertex -20.0834 -38.55 9
      vertex -19.0834 -37.55 10
    endloop
  endfacet
  facet normal -0.197371 -0.587451 0.784822
    outer loop
      vertex -20.0834 -38.55 9
      vertex -19.4614 -37.423 10
      vertex -20.4614 -38.423 9
    endloop
  endfacet
  facet normal 0.0983405 -0.652789 0.75113
    outer loop
      vertex 27.8426 -37.6202 10
      vertex 28.4483 -38.6796 9
      vertex 28.8426 -38.6202 9
    endloop
  endfacet
  facet normal 0.0983405 -0.652789 0.75113
    outer loop
      vertex 28.4483 -38.6796 9
      vertex 27.8426 -37.6202 10
      vertex 27.4483 -37.6796 10
    endloop
  endfacet
  facet normal 0.156761 -0.615572 0.772332
    outer loop
      vertex 28.229 -37.5218 10
      vertex 28.8426 -38.6202 9
      vertex 29.229 -38.5218 9
    endloop
  endfacet
  facet normal 0.156761 -0.615572 0.772332
    outer loop
      vertex 28.8426 -38.6202 9
      vertex 28.229 -37.5218 10
      vertex 27.8426 -37.6202 10
    endloop
  endfacet
  facet normal -0.210291 0.578107 0.788397
    outer loop
      vertex -20.179 60.4347 9
      vertex -19.5537 59.2984 10
      vertex -19.179 59.4347 10
    endloop
  endfacet
  facet normal -0.210291 0.578107 0.788397
    outer loop
      vertex -19.5537 59.2984 10
      vertex -20.179 60.4347 9
      vertex -20.5537 60.2984 9
    endloop
  endfacet
  facet normal -0.603925 0.797041 0
    outer loop
      vertex -21.2533 59.9174 1
      vertex -21.5711 59.6766 9
      vertex -21.2533 59.9174 9
    endloop
  endfacet
  facet normal -0.603925 0.797041 0
    outer loop
      vertex -21.5711 59.6766 9
      vertex -21.2533 59.9174 1
      vertex -21.5711 59.6766 1
    endloop
  endfacet
  facet normal -0.693751 0.0259953 0.719746
    outer loop
      vertex -23 56.6125 9
      vertex -21.9888 55.9114 10
      vertex -22.9888 56.9114 9
    endloop
  endfacet
  facet normal -0.693751 0.0259953 0.719746
    outer loop
      vertex -21.9888 55.9114 10
      vertex -23 56.6125 9
      vertex -22 55.6125 10
    endloop
  endfacet
  facet normal -0.992232 0.124405 0
    outer loop
      vertex -22.9888 56.9114 1
      vertex -22.9392 57.307 9
      vertex -22.9392 57.307 1
    endloop
  endfacet
  facet normal -0.992232 0.124405 0
    outer loop
      vertex -22.9392 57.307 9
      vertex -22.9888 56.9114 1
      vertex -22.9888 56.9114 9
    endloop
  endfacet
  facet normal -0.549696 0.248006 -0.797702
    outer loop
      vertex -22.7235 58.0738 1
      vertex -21.5595 57.4373 0
      vertex -21.7235 57.0738 0
    endloop
  endfacet
  facet normal -0.549696 0.248006 -0.797702
    outer loop
      vertex -21.5595 57.4373 0
      vertex -22.7235 58.0738 1
      vertex -22.5595 58.4373 1
    endloop
  endfacet
  facet normal -0.587451 0.197371 -0.784822
    outer loop
      vertex -22.8505 57.6958 1
      vertex -21.7235 57.0738 0
      vertex -21.8505 56.6958 0
    endloop
  endfacet
  facet normal -0.587451 0.197371 -0.784822
    outer loop
      vertex -21.7235 57.0738 0
      vertex -22.8505 57.6958 1
      vertex -22.7235 58.0738 1
    endloop
  endfacet
  facet normal -0.350864 0.463059 -0.813923
    outer loop
      vertex -20.5711 58.6766 0
      vertex -21.2533 59.9174 1
      vertex -20.2533 58.9174 0
    endloop
  endfacet
  facet normal -0.350864 0.463059 -0.813923
    outer loop
      vertex -21.2533 59.9174 1
      vertex -20.5711 58.6766 0
      vertex -21.5711 59.6766 1
    endloop
  endfacet
  facet normal -0.811934 0.58375 0
    outer loop
      vertex -22.3601 58.7826 1
      vertex -22.1273 59.1064 9
      vertex -22.1273 59.1064 1
    endloop
  endfacet
  facet normal -0.811934 0.58375 0
    outer loop
      vertex -22.1273 59.1064 9
      vertex -22.3601 58.7826 1
      vertex -22.3601 58.7826 9
    endloop
  endfacet
  facet normal -0.306682 0.501991 -0.808673
    outer loop
      vertex -20.2533 58.9174 0
      vertex -20.913 60.1253 1
      vertex -19.913 59.1253 0
    endloop
  endfacet
  facet normal -0.306682 0.501991 -0.808673
    outer loop
      vertex -20.913 60.1253 1
      vertex -20.2533 58.9174 0
      vertex -21.2533 59.9174 1
    endloop
  endfacet
  facet normal 0.260108 -0.540213 -0.800321
    outer loop
      vertex 29.6037 -38.3854 1
      vertex 28.963 -37.2124 0
      vertex 29.963 -38.2124 1
    endloop
  endfacet
  facet normal 0.260108 -0.540213 -0.800321
    outer loop
      vertex 28.963 -37.2124 0
      vertex 29.6037 -38.3854 1
      vertex 28.6037 -37.3854 0
    endloop
  endfacet
  facet normal 0.433823 -0.900998 0
    outer loop
      vertex 29.6037 -38.3854 1
      vertex 29.963 -38.2124 9
      vertex 29.6037 -38.3854 9
    endloop
  endfacet
  facet normal 0.433823 -0.900998 0
    outer loop
      vertex 29.963 -38.2124 9
      vertex 29.6037 -38.3854 1
      vertex 29.963 -38.2124 1
    endloop
  endfacet
  facet normal 0.603925 -0.797041 0
    outer loop
      vertex 30.3033 -38.0045 1
      vertex 30.6211 -37.7637 9
      vertex 30.3033 -38.0045 9
    endloop
  endfacet
  facet normal 0.603925 -0.797041 0
    outer loop
      vertex 30.6211 -37.7637 9
      vertex 30.3033 -38.0045 1
      vertex 30.6211 -37.7637 1
    endloop
  endfacet
  facet normal 0.947928 -0.318484 0
    outer loop
      vertex 31.7735 -36.1609 9
      vertex 31.9005 -35.7829 1
      vertex 31.9005 -35.7829 9
    endloop
  endfacet
  facet normal 0.947928 -0.318484 0
    outer loop
      vertex 31.9005 -35.7829 1
      vertex 31.7735 -36.1609 9
      vertex 31.7735 -36.1609 1
    endloop
  endfacet
  facet normal 0.91148 -0.411345 0
    outer loop
      vertex 31.6095 -36.5243 9
      vertex 31.7735 -36.1609 1
      vertex 31.7735 -36.1609 9
    endloop
  endfacet
  facet normal 0.91148 -0.411345 0
    outer loop
      vertex 31.7735 -36.1609 1
      vertex 31.6095 -36.5243 9
      vertex 31.6095 -36.5243 1
    endloop
  endfacet
  facet normal 0.797132 0.603805 0
    outer loop
      vertex 31.355 58.8657 9
      vertex 31.1142 59.1836 1
      vertex 31.1142 59.1836 9
    endloop
  endfacet
  facet normal 0.797132 0.603805 0
    outer loop
      vertex 31.1142 59.1836 1
      vertex 31.355 58.8657 9
      vertex 31.355 58.8657 1
    endloop
  endfacet
  facet normal 0.587451 -0.197371 0.784822
    outer loop
      vertex 30.7735 -35.1609 10
      vertex 31.9005 -35.7829 9
      vertex 30.9005 -34.7829 10
    endloop
  endfacet
  facet normal 0.587451 -0.197371 0.784822
    outer loop
      vertex 31.9005 -35.7829 9
      vertex 30.7735 -35.1609 10
      vertex 31.7735 -36.1609 9
    endloop
  endfacet
  facet normal 0.549657 -0.248056 0.797713
    outer loop
      vertex 30.6095 -35.5243 10
      vertex 31.7735 -36.1609 9
      vertex 30.7735 -35.1609 10
    endloop
  endfacet
  facet normal 0.549657 -0.248056 0.797713
    outer loop
      vertex 31.7735 -36.1609 9
      vertex 30.6095 -35.5243 10
      vertex 31.6095 -36.5243 9
    endloop
  endfacet
  facet normal 0.811934 -0.58375 0
    outer loop
      vertex 31.1773 -37.1935 9
      vertex 31.4101 -36.8697 1
      vertex 31.4101 -36.8697 9
    endloop
  endfacet
  facet normal 0.811934 -0.58375 0
    outer loop
      vertex 31.4101 -36.8697 1
      vertex 31.1773 -37.1935 9
      vertex 31.1773 -37.1935 1
    endloop
  endfacet
  facet normal -0.341844 0.939757 0
    outer loop
      vertex -20.179 60.4347 1
      vertex -20.5537 60.2984 9
      vertex -20.179 60.4347 9
    endloop
  endfacet
  facet normal -0.341844 0.939757 0
    outer loop
      vertex -20.5537 60.2984 9
      vertex -20.179 60.4347 1
      vertex -20.5537 60.2984 1
    endloop
  endfacet
  facet normal 0.0259953 0.693751 -0.719746
    outer loop
      vertex 27.3489 59.6013 0
      vertex 28.05 60.6125 1
      vertex 28.3489 60.6013 1
    endloop
  endfacet
  facet normal 0.0259953 0.693751 -0.719746
    outer loop
      vertex 28.05 60.6125 1
      vertex 27.3489 59.6013 0
      vertex 27.05 59.6125 0
    endloop
  endfacet
  facet normal 0.423362 0.392946 -0.816308
    outer loop
      vertex 29.8429 58.4759 0
      vertex 31.1142 59.1836 1
      vertex 30.1142 58.1836 0
    endloop
  endfacet
  facet normal 0.423362 0.392946 -0.816308
    outer loop
      vertex 31.1142 59.1836 1
      vertex 29.8429 58.4759 0
      vertex 30.8429 59.4759 1
    endloop
  endfacet
  facet normal 0.58375 0.811934 -0
    outer loop
      vertex 30.544 59.7398 1
      vertex 30.2202 59.9726 9
      vertex 30.544 59.7398 9
    endloop
  endfacet
  facet normal 0.58375 0.811934 0
    outer loop
      vertex 30.2202 59.9726 9
      vertex 30.544 59.7398 1
      vertex 30.2202 59.9726 1
    endloop
  endfacet
  facet normal 0.661854 0.749633 -0
    outer loop
      vertex 30.8429 59.4759 1
      vertex 30.544 59.7398 9
      vertex 30.8429 59.4759 9
    endloop
  endfacet
  facet normal 0.661854 0.749633 0
    outer loop
      vertex 30.544 59.7398 9
      vertex 30.8429 59.4759 1
      vertex 30.544 59.7398 1
    endloop
  endfacet
  facet normal 0.124374 0.992235 -0
    outer loop
      vertex 28.7446 60.5517 1
      vertex 28.3489 60.6013 9
      vertex 28.7446 60.5517 9
    endloop
  endfacet
  facet normal 0.124374 0.992235 0
    outer loop
      vertex 28.3489 60.6013 9
      vertex 28.7446 60.5517 1
      vertex 28.3489 60.6013 1
    endloop
  endfacet
  facet normal 0.248056 0.549657 0.797713
    outer loop
      vertex 29.5114 60.3359 9
      vertex 28.8748 59.1719 10
      vertex 29.8748 60.1719 9
    endloop
  endfacet
  facet normal 0.248056 0.549657 0.797713
    outer loop
      vertex 28.8748 59.1719 10
      vertex 29.5114 60.3359 9
      vertex 28.5114 59.3359 10
    endloop
  endfacet
  facet normal 0.142716 0.624863 0.767579
    outer loop
      vertex 28.7446 60.5517 9
      vertex 28.1334 59.4629 10
      vertex 29.1334 60.4629 9
    endloop
  endfacet
  facet normal 0.142716 0.624863 0.767579
    outer loop
      vertex 28.1334 59.4629 10
      vertex 28.7446 60.5517 9
      vertex 27.7446 59.5517 10
    endloop
  endfacet
  facet normal 0.689255 0.0344454 -0.7237
    outer loop
      vertex 31.0301 56.0107 0
      vertex 32.05 56.6125 1
      vertex 31.05 55.6125 0
    endloop
  endfacet
  facet normal 0.689255 0.0344454 -0.7237
    outer loop
      vertex 32.05 56.6125 1
      vertex 31.0301 56.0107 0
      vertex 32.0301 57.0107 1
    endloop
  endfacet
  facet normal 0.853282 0.52145 0
    outer loop
      vertex 31.5629 58.5255 9
      vertex 31.355 58.8657 1
      vertex 31.355 58.8657 9
    endloop
  endfacet
  facet normal 0.853282 0.52145 0
    outer loop
      vertex 31.355 58.8657 1
      vertex 31.5629 58.5255 9
      vertex 31.5629 58.5255 1
    endloop
  endfacet
  facet normal 0.260108 -0.540213 0.800321
    outer loop
      vertex 28.963 -37.2124 10
      vertex 29.6037 -38.3854 9
      vertex 29.963 -38.2124 9
    endloop
  endfacet
  facet normal 0.260108 -0.540213 0.800321
    outer loop
      vertex 29.6037 -38.3854 9
      vertex 28.963 -37.2124 10
      vertex 28.6037 -37.3854 10
    endloop
  endfacet
  facet normal -0.0829749 -0.661959 -0.744934
    outer loop
      vertex -19.2989 -38.6883 1
      vertex -18.6946 -37.6387 0
      vertex -18.2989 -37.6883 0
    endloop
  endfacet
  facet normal -0.0829749 -0.661959 -0.744934
    outer loop
      vertex -18.6946 -37.6387 0
      vertex -19.2989 -38.6883 1
      vertex -19.6946 -38.6387 1
    endloop
  endfacet
  facet normal -0.248056 -0.549657 -0.797713
    outer loop
      vertex -20.4614 -38.423 1
      vertex -19.8248 -37.259 0
      vertex -19.4614 -37.423 0
    endloop
  endfacet
  facet normal -0.248056 -0.549657 -0.797713
    outer loop
      vertex -19.8248 -37.259 0
      vertex -20.4614 -38.423 1
      vertex -20.8248 -38.259 1
    endloop
  endfacet
  facet normal -0.501991 -0.306682 -0.808673
    outer loop
      vertex -22.5129 -36.6125 1
      vertex -21.305 -35.9528 0
      vertex -22.305 -36.9528 1
    endloop
  endfacet
  facet normal -0.501991 -0.306682 -0.808673
    outer loop
      vertex -21.305 -35.9528 0
      vertex -22.5129 -36.6125 1
      vertex -21.5129 -35.6125 0
    endloop
  endfacet
  facet normal -0.988842 -0.148966 0
    outer loop
      vertex -22.9207 -35.4921 1
      vertex -22.9801 -35.0978 9
      vertex -22.9801 -35.0978 1
    endloop
  endfacet
  facet normal -0.988842 -0.148966 0
    outer loop
      vertex -22.9801 -35.0978 9
      vertex -22.9207 -35.4921 1
      vertex -22.9207 -35.4921 9
    endloop
  endfacet
  facet normal -0.652789 -0.0983405 0.75113
    outer loop
      vertex -22.9801 -35.0978 9
      vertex -21.9207 -34.4921 10
      vertex -21.9801 -34.0978 10
    endloop
  endfacet
  facet normal -0.652789 -0.0983405 0.75113
    outer loop
      vertex -21.9207 -34.4921 10
      vertex -22.9801 -35.0978 9
      vertex -22.9207 -35.4921 9
    endloop
  endfacet
  facet normal -0.578018 -0.210413 -0.78843
    outer loop
      vertex -22.8223 -35.8785 1
      vertex -21.6859 -35.2532 0
      vertex -22.6859 -36.2532 1
    endloop
  endfacet
  facet normal -0.578018 -0.210413 -0.78843
    outer loop
      vertex -21.6859 -35.2532 0
      vertex -22.8223 -35.8785 1
      vertex -21.8223 -34.8785 0
    endloop
  endfacet
  facet normal -0.939676 -0.342065 0
    outer loop
      vertex -22.6859 -36.2532 1
      vertex -22.8223 -35.8785 9
      vertex -22.8223 -35.8785 1
    endloop
  endfacet
  facet normal -0.939676 -0.342065 0
    outer loop
      vertex -22.8223 -35.8785 9
      vertex -22.6859 -36.2532 1
      vertex -22.6859 -36.2532 9
    endloop
  endfacet
  facet normal -0.540213 -0.260108 0.800321
    outer loop
      vertex -22.6859 -36.2532 9
      vertex -21.5129 -35.6125 10
      vertex -21.6859 -35.2532 10
    endloop
  endfacet
  facet normal -0.540213 -0.260108 0.800321
    outer loop
      vertex -21.5129 -35.6125 10
      vertex -22.6859 -36.2532 9
      vertex -22.5129 -36.6125 9
    endloop
  endfacet
  facet normal -0.156761 0.615572 0.772332
    outer loop
      vertex -19.7926 60.5331 9
      vertex -19.179 59.4347 10
      vertex -18.7926 59.5331 10
    endloop
  endfacet
  facet normal -0.156761 0.615572 0.772332
    outer loop
      vertex -19.179 59.4347 10
      vertex -19.7926 60.5331 9
      vertex -20.179 60.4347 9
    endloop
  endfacet
  facet normal -0.0984922 0.652697 0.751189
    outer loop
      vertex -19.3983 60.5926 9
      vertex -18.7926 59.5331 10
      vertex -18.3983 59.5926 10
    endloop
  endfacet
  facet normal -0.0984922 0.652697 0.751189
    outer loop
      vertex -18.7926 59.5331 10
      vertex -19.3983 60.5926 9
      vertex -19.7926 60.5331 9
    endloop
  endfacet
  facet normal -0.149211 0.988805 0
    outer loop
      vertex -19.3983 60.5926 1
      vertex -19.7926 60.5331 9
      vertex -19.3983 60.5926 9
    endloop
  endfacet
  facet normal -0.149211 0.988805 0
    outer loop
      vertex -19.7926 60.5331 9
      vertex -19.3983 60.5926 1
      vertex -19.7926 60.5331 1
    endloop
  endfacet
  facet normal -0.521338 0.85335 0
    outer loop
      vertex -20.913 60.1253 1
      vertex -21.2533 59.9174 9
      vertex -20.913 60.1253 9
    endloop
  endfacet
  facet normal -0.521338 0.85335 0
    outer loop
      vertex -21.2533 59.9174 9
      vertex -20.913 60.1253 1
      vertex -21.2533 59.9174 1
    endloop
  endfacet
  facet normal -0.306682 0.501991 0.808673
    outer loop
      vertex -20.913 60.1253 9
      vertex -20.2533 58.9174 10
      vertex -19.913 59.1253 10
    endloop
  endfacet
  facet normal -0.306682 0.501991 0.808673
    outer loop
      vertex -20.2533 58.9174 10
      vertex -20.913 60.1253 9
      vertex -21.2533 59.9174 9
    endloop
  endfacet
  facet normal -0.392799 0.423505 0.816304
    outer loop
      vertex -21.5711 59.6766 9
      vertex -20.8635 58.4054 10
      vertex -20.5711 58.6766 10
    endloop
  endfacet
  facet normal -0.392799 0.423505 0.816304
    outer loop
      vertex -20.8635 58.4054 10
      vertex -21.5711 59.6766 9
      vertex -21.8635 59.4054 9
    endloop
  endfacet
  facet normal -0.433499 0.382465 0.815965
    outer loop
      vertex -22.1273 59.1064 9
      vertex -20.8635 58.4054 10
      vertex -21.8635 59.4054 9
    endloop
  endfacet
  facet normal -0.433499 0.382465 0.815965
    outer loop
      vertex -20.8635 58.4054 10
      vertex -22.1273 59.1064 9
      vertex -21.1273 58.1064 10
    endloop
  endfacet
  facet normal -0.661947 0.0829944 -0.744942
    outer loop
      vertex -22.9888 56.9114 1
      vertex -21.9392 56.307 0
      vertex -21.9888 55.9114 0
    endloop
  endfacet
  facet normal -0.661947 0.0829944 -0.744942
    outer loop
      vertex -21.9392 56.307 0
      vertex -22.9888 56.9114 1
      vertex -22.9392 57.307 1
    endloop
  endfacet
  facet normal -0.693751 0.0259953 -0.719746
    outer loop
      vertex -23 56.6125 1
      vertex -21.9888 55.9114 0
      vertex -22 55.6125 0
    endloop
  endfacet
  facet normal -0.693751 0.0259953 -0.719746
    outer loop
      vertex -21.9888 55.9114 0
      vertex -23 56.6125 1
      vertex -22.9888 56.9114 1
    endloop
  endfacet
  facet normal -0.587451 0.197371 0.784822
    outer loop
      vertex -22.8505 57.6958 9
      vertex -21.7235 57.0738 10
      vertex -22.7235 58.0738 9
    endloop
  endfacet
  facet normal -0.587451 0.197371 0.784822
    outer loop
      vertex -21.7235 57.0738 10
      vertex -22.8505 57.6958 9
      vertex -21.8505 56.6958 10
    endloop
  endfacet
  facet normal -0.661947 0.0829944 0.744942
    outer loop
      vertex -22.9888 56.9114 9
      vertex -21.9392 56.307 10
      vertex -22.9392 57.307 9
    endloop
  endfacet
  facet normal -0.661947 0.0829944 0.744942
    outer loop
      vertex -21.9392 56.307 10
      vertex -22.9888 56.9114 9
      vertex -21.9888 55.9114 10
    endloop
  endfacet
  facet normal -0.350864 0.463059 0.813923
    outer loop
      vertex -21.2533 59.9174 9
      vertex -20.5711 58.6766 10
      vertex -20.2533 58.9174 10
    endloop
  endfacet
  facet normal -0.350864 0.463059 0.813923
    outer loop
      vertex -20.5711 58.6766 10
      vertex -21.2533 59.9174 9
      vertex -21.5711 59.6766 9
    endloop
  endfacet
  facet normal -0.511519 0.295386 -0.806905
    outer loop
      vertex -22.5595 58.4373 1
      vertex -21.3601 57.7826 0
      vertex -21.5595 57.4373 0
    endloop
  endfacet
  facet normal -0.511519 0.295386 -0.806905
    outer loop
      vertex -21.3601 57.7826 0
      vertex -22.5595 58.4373 1
      vertex -22.3601 58.7826 1
    endloop
  endfacet
  facet normal -0.749867 0.661588 0
    outer loop
      vertex -22.1273 59.1064 1
      vertex -21.8635 59.4054 9
      vertex -21.8635 59.4054 1
    endloop
  endfacet
  facet normal -0.749867 0.661588 0
    outer loop
      vertex -21.8635 59.4054 9
      vertex -22.1273 59.1064 1
      vertex -22.1273 59.1064 9
    endloop
  endfacet
  facet normal 0.521338 -0.85335 0
    outer loop
      vertex 29.963 -38.2124 1
      vertex 30.3033 -38.0045 9
      vertex 29.963 -38.2124 9
    endloop
  endfacet
  facet normal 0.521338 -0.85335 0
    outer loop
      vertex 30.3033 -38.0045 9
      vertex 29.963 -38.2124 1
      vertex 30.3033 -38.0045 1
    endloop
  endfacet
  facet normal 0.306682 -0.501991 0.808673
    outer loop
      vertex 29.3033 -37.0045 10
      vertex 29.963 -38.2124 9
      vertex 30.3033 -38.0045 9
    endloop
  endfacet
  facet normal 0.306682 -0.501991 0.808673
    outer loop
      vertex 29.963 -38.2124 9
      vertex 29.3033 -37.0045 10
      vertex 28.963 -37.2124 10
    endloop
  endfacet
  facet normal 0.350864 -0.463059 -0.813923
    outer loop
      vertex 30.3033 -38.0045 1
      vertex 29.6211 -36.7637 0
      vertex 30.6211 -37.7637 1
    endloop
  endfacet
  facet normal 0.350864 -0.463059 -0.813923
    outer loop
      vertex 29.6211 -36.7637 0
      vertex 30.3033 -38.0045 1
      vertex 29.3033 -37.0045 0
    endloop
  endfacet
  facet normal 0.392799 -0.423505 -0.816304
    outer loop
      vertex 30.6211 -37.7637 1
      vertex 29.9135 -36.4925 0
      vertex 30.9135 -37.4925 1
    endloop
  endfacet
  facet normal 0.392799 -0.423505 -0.816304
    outer loop
      vertex 29.9135 -36.4925 0
      vertex 30.6211 -37.7637 1
      vertex 29.6211 -36.7637 0
    endloop
  endfacet
  facet normal 0.350864 -0.463059 0.813923
    outer loop
      vertex 29.6211 -36.7637 10
      vertex 30.3033 -38.0045 9
      vertex 30.6211 -37.7637 9
    endloop
  endfacet
  facet normal 0.350864 -0.463059 0.813923
    outer loop
      vertex 30.3033 -38.0045 9
      vertex 29.6211 -36.7637 10
      vertex 29.3033 -37.0045 10
    endloop
  endfacet
  facet normal 0.392799 -0.423505 0.816304
    outer loop
      vertex 29.9135 -36.4925 10
      vertex 30.6211 -37.7637 9
      vertex 30.9135 -37.4925 9
    endloop
  endfacet
  facet normal 0.392799 -0.423505 0.816304
    outer loop
      vertex 30.6211 -37.7637 9
      vertex 29.9135 -36.4925 10
      vertex 29.6211 -36.7637 10
    endloop
  endfacet
  facet normal 0.661959 -0.0829749 -0.744934
    outer loop
      vertex 30.9892 -34.3941 0
      vertex 32.0388 -34.9984 1
      vertex 31.9892 -35.3941 1
    endloop
  endfacet
  facet normal 0.661959 -0.0829749 -0.744934
    outer loop
      vertex 32.0388 -34.9984 1
      vertex 30.9892 -34.3941 0
      vertex 31.0388 -33.9984 0
    endloop
  endfacet
  facet normal 0.587451 -0.197371 -0.784822
    outer loop
      vertex 30.7735 -35.1609 0
      vertex 31.9005 -35.7829 1
      vertex 31.7735 -36.1609 1
    endloop
  endfacet
  facet normal 0.587451 -0.197371 -0.784822
    outer loop
      vertex 31.9005 -35.7829 1
      vertex 30.7735 -35.1609 0
      vertex 30.9005 -34.7829 0
    endloop
  endfacet
  facet normal 0.992235 -0.124374 0
    outer loop
      vertex 31.9892 -35.3941 9
      vertex 32.0388 -34.9984 1
      vertex 32.0388 -34.9984 9
    endloop
  endfacet
  facet normal 0.992235 -0.124374 0
    outer loop
      vertex 32.0388 -34.9984 1
      vertex 31.9892 -35.3941 9
      vertex 31.9892 -35.3941 1
    endloop
  endfacet
  facet normal 0.549657 -0.248056 -0.797713
    outer loop
      vertex 30.6095 -35.5243 0
      vertex 31.7735 -36.1609 1
      vertex 31.6095 -36.5243 1
    endloop
  endfacet
  facet normal 0.549657 -0.248056 -0.797713
    outer loop
      vertex 31.7735 -36.1609 1
      vertex 30.6095 -35.5243 0
      vertex 30.7735 -35.1609 0
    endloop
  endfacet
  facet normal 0.624955 -0.142576 0.767531
    outer loop
      vertex 30.9005 -34.7829 10
      vertex 31.9892 -35.3941 9
      vertex 30.9892 -34.3941 10
    endloop
  endfacet
  facet normal 0.624955 -0.142576 0.767531
    outer loop
      vertex 31.9892 -35.3941 9
      vertex 30.9005 -34.7829 10
      vertex 31.9005 -35.7829 9
    endloop
  endfacet
  facet normal 0.472892 -0.339991 0.812883
    outer loop
      vertex 30.1773 -36.1935 10
      vertex 31.4101 -36.8697 9
      vertex 30.4101 -35.8697 10
    endloop
  endfacet
  facet normal 0.472892 -0.339991 0.812883
    outer loop
      vertex 31.4101 -36.8697 9
      vertex 30.1773 -36.1935 10
      vertex 31.1773 -37.1935 9
    endloop
  endfacet
  facet normal 0.511567 -0.295328 0.806895
    outer loop
      vertex 30.4101 -35.8697 10
      vertex 31.6095 -36.5243 9
      vertex 30.6095 -35.5243 10
    endloop
  endfacet
  facet normal 0.511567 -0.295328 0.806895
    outer loop
      vertex 31.6095 -36.5243 9
      vertex 30.4101 -35.8697 10
      vertex 31.4101 -36.8697 9
    endloop
  endfacet
  facet normal -0.210291 0.578107 -0.788397
    outer loop
      vertex -19.5537 59.2984 0
      vertex -20.179 60.4347 1
      vertex -19.179 59.4347 0
    endloop
  endfacet
  facet normal -0.210291 0.578107 -0.788397
    outer loop
      vertex -20.179 60.4347 1
      vertex -19.5537 59.2984 0
      vertex -20.5537 60.2984 1
    endloop
  endfacet
  facet normal -0.434027 0.9009 0
    outer loop
      vertex -20.5537 60.2984 1
      vertex -20.913 60.1253 9
      vertex -20.5537 60.2984 9
    endloop
  endfacet
  facet normal -0.434027 0.9009 0
    outer loop
      vertex -20.913 60.1253 9
      vertex -20.5537 60.2984 1
      vertex -20.913 60.1253 1
    endloop
  endfacet
  facet normal -0.260217 0.540127 -0.800344
    outer loop
      vertex -19.913 59.1253 0
      vertex -20.5537 60.2984 1
      vertex -19.5537 59.2984 0
    endloop
  endfacet
  facet normal -0.260217 0.540127 -0.800344
    outer loop
      vertex -20.5537 60.2984 1
      vertex -19.913 59.1253 0
      vertex -20.913 60.1253 1
    endloop
  endfacet
  facet normal -0.034437 0.689259 -0.723696
    outer loop
      vertex -18.3983 59.5926 0
      vertex -19 60.6125 1
      vertex -18 59.6125 0
    endloop
  endfacet
  facet normal -0.034437 0.689259 -0.723696
    outer loop
      vertex -19 60.6125 1
      vertex -18.3983 59.5926 0
      vertex -19.3983 60.5926 1
    endloop
  endfacet
  facet normal 0.382613 0.433358 -0.815971
    outer loop
      vertex 29.8429 58.4759 0
      vertex 30.544 59.7398 1
      vertex 30.8429 59.4759 1
    endloop
  endfacet
  facet normal 0.382613 0.433358 -0.815971
    outer loop
      vertex 30.544 59.7398 1
      vertex 29.8429 58.4759 0
      vertex 29.544 58.7398 0
    endloop
  endfacet
  facet normal 0.295229 0.511651 -0.806879
    outer loop
      vertex 29.2202 58.9726 0
      vertex 29.8748 60.1719 1
      vertex 30.2202 59.9726 1
    endloop
  endfacet
  facet normal 0.295229 0.511651 -0.806879
    outer loop
      vertex 29.8748 60.1719 1
      vertex 29.2202 58.9726 0
      vertex 28.8748 59.1719 0
    endloop
  endfacet
  facet normal 0.339991 0.472892 -0.812883
    outer loop
      vertex 29.544 58.7398 0
      vertex 30.2202 59.9726 1
      vertex 30.544 59.7398 1
    endloop
  endfacet
  facet normal 0.339991 0.472892 -0.812883
    outer loop
      vertex 30.2202 59.9726 1
      vertex 29.544 58.7398 0
      vertex 29.2202 58.9726 0
    endloop
  endfacet
  facet normal 0.142716 0.624863 -0.767579
    outer loop
      vertex 28.1334 59.4629 0
      vertex 28.7446 60.5517 1
      vertex 29.1334 60.4629 1
    endloop
  endfacet
  facet normal 0.142716 0.624863 -0.767579
    outer loop
      vertex 28.7446 60.5517 1
      vertex 28.1334 59.4629 0
      vertex 27.7446 59.5517 0
    endloop
  endfacet
  facet normal 0.0374444 0.999299 -0
    outer loop
      vertex 28.3489 60.6013 1
      vertex 28.05 60.6125 9
      vertex 28.3489 60.6013 9
    endloop
  endfacet
  facet normal 0.0374444 0.999299 0
    outer loop
      vertex 28.05 60.6125 9
      vertex 28.3489 60.6013 1
      vertex 28.05 60.6125 1
    endloop
  endfacet
  facet normal 0.197371 0.587451 -0.784822
    outer loop
      vertex 28.5114 59.3359 0
      vertex 29.1334 60.4629 1
      vertex 29.5114 60.3359 1
    endloop
  endfacet
  facet normal 0.197371 0.587451 -0.784822
    outer loop
      vertex 29.1334 60.4629 1
      vertex 28.5114 59.3359 0
      vertex 28.1334 59.4629 0
    endloop
  endfacet
  facet normal 0.248056 0.549657 -0.797713
    outer loop
      vertex 28.8748 59.1719 0
      vertex 29.5114 60.3359 1
      vertex 29.8748 60.1719 1
    endloop
  endfacet
  facet normal 0.248056 0.549657 -0.797713
    outer loop
      vertex 29.5114 60.3359 1
      vertex 28.8748 59.1719 0
      vertex 28.5114 59.3359 0
    endloop
  endfacet
  facet normal 0.0829749 0.661959 0.744934
    outer loop
      vertex 28.3489 60.6013 9
      vertex 27.7446 59.5517 10
      vertex 28.7446 60.5517 9
    endloop
  endfacet
  facet normal 0.0829749 0.661959 0.744934
    outer loop
      vertex 27.7446 59.5517 10
      vertex 28.3489 60.6013 9
      vertex 27.3489 59.6013 10
    endloop
  endfacet
  facet normal 0.939676 0.342065 0
    outer loop
      vertex 31.8723 57.7915 9
      vertex 31.7359 58.1662 1
      vertex 31.7359 58.1662 9
    endloop
  endfacet
  facet normal 0.939676 0.342065 0
    outer loop
      vertex 31.7359 58.1662 1
      vertex 31.8723 57.7915 9
      vertex 31.8723 57.7915 1
    endloop
  endfacet
  facet normal 0.988842 0.148966 0
    outer loop
      vertex 32.0301 57.0107 9
      vertex 31.9707 57.405 1
      vertex 31.9707 57.405 9
    endloop
  endfacet
  facet normal 0.988842 0.148966 0
    outer loop
      vertex 31.9707 57.405 1
      vertex 32.0301 57.0107 9
      vertex 32.0301 57.0107 1
    endloop
  endfacet
  facet normal 0.652789 0.0983405 0.75113
    outer loop
      vertex 30.9707 56.405 10
      vertex 32.0301 57.0107 9
      vertex 31.9707 57.405 9
    endloop
  endfacet
  facet normal 0.652789 0.0983405 0.75113
    outer loop
      vertex 32.0301 57.0107 9
      vertex 30.9707 56.405 10
      vertex 31.0301 56.0107 10
    endloop
  endfacet
  facet normal 0.998754 0.0499126 0
    outer loop
      vertex 32.05 56.6125 9
      vertex 32.0301 57.0107 1
      vertex 32.0301 57.0107 9
    endloop
  endfacet
  facet normal 0.998754 0.0499126 0
    outer loop
      vertex 32.0301 57.0107 1
      vertex 32.05 56.6125 9
      vertex 32.05 56.6125 1
    endloop
  endfacet
  facet normal 0.463119 0.350799 -0.813917
    outer loop
      vertex 30.1142 58.1836 0
      vertex 31.355 58.8657 1
      vertex 30.355 57.8657 0
    endloop
  endfacet
  facet normal 0.463119 0.350799 -0.813917
    outer loop
      vertex 31.355 58.8657 1
      vertex 30.1142 58.1836 0
      vertex 31.1142 59.1836 1
    endloop
  endfacet
  facet normal 0.50194 0.306741 -0.808682
    outer loop
      vertex 30.355 57.8657 0
      vertex 31.5629 58.5255 1
      vertex 30.5629 57.5255 0
    endloop
  endfacet
  facet normal 0.50194 0.306741 -0.808682
    outer loop
      vertex 31.5629 58.5255 1
      vertex 30.355 57.8657 0
      vertex 31.355 58.8657 1
    endloop
  endfacet
  facet normal -0.197371 -0.587451 -0.784822
    outer loop
      vertex -20.0834 -38.55 1
      vertex -19.4614 -37.423 0
      vertex -19.0834 -37.55 0
    endloop
  endfacet
  facet normal -0.197371 -0.587451 -0.784822
    outer loop
      vertex -19.4614 -37.423 0
      vertex -20.0834 -38.55 1
      vertex -20.4614 -38.423 1
    endloop
  endfacet
  facet normal -0.142576 -0.624955 -0.767531
    outer loop
      vertex -19.6946 -38.6387 1
      vertex -19.0834 -37.55 0
      vertex -18.6946 -37.6387 0
    endloop
  endfacet
  facet normal -0.142576 -0.624955 -0.767531
    outer loop
      vertex -19.0834 -37.55 0
      vertex -19.6946 -38.6387 1
      vertex -20.0834 -38.55 1
    endloop
  endfacet
  facet normal -0.499968 -0.866044 0
    outer loop
      vertex -21.1702 -38.0596 1
      vertex -20.8248 -38.259 9
      vertex -21.1702 -38.0596 9
    endloop
  endfacet
  facet normal -0.499968 -0.866044 -0
    outer loop
      vertex -20.8248 -38.259 9
      vertex -21.1702 -38.0596 1
      vertex -20.8248 -38.259 1
    endloop
  endfacet
  facet normal -0.463059 -0.350864 -0.813923
    outer loop
      vertex -22.305 -36.9528 1
      vertex -21.0642 -36.2706 0
      vertex -22.0642 -37.2706 1
    endloop
  endfacet
  facet normal -0.463059 -0.350864 -0.813923
    outer loop
      vertex -21.0642 -36.2706 0
      vertex -22.305 -36.9528 1
      vertex -21.305 -35.9528 0
    endloop
  endfacet
  facet normal -0.85335 -0.521338 0
    outer loop
      vertex -22.305 -36.9528 1
      vertex -22.5129 -36.6125 9
      vertex -22.5129 -36.6125 1
    endloop
  endfacet
  facet normal -0.85335 -0.521338 0
    outer loop
      vertex -22.5129 -36.6125 9
      vertex -22.305 -36.9528 1
      vertex -22.305 -36.9528 9
    endloop
  endfacet
  facet normal -0.540213 -0.260108 -0.800321
    outer loop
      vertex -22.6859 -36.2532 1
      vertex -21.5129 -35.6125 0
      vertex -22.5129 -36.6125 1
    endloop
  endfacet
  facet normal -0.540213 -0.260108 -0.800321
    outer loop
      vertex -21.5129 -35.6125 0
      vertex -22.6859 -36.2532 1
      vertex -21.6859 -35.2532 0
    endloop
  endfacet
  facet normal -0.652789 -0.0983405 -0.75113
    outer loop
      vertex -22.9801 -35.0978 1
      vertex -21.9207 -34.4921 0
      vertex -22.9207 -35.4921 1
    endloop
  endfacet
  facet normal -0.652789 -0.0983405 -0.75113
    outer loop
      vertex -21.9207 -34.4921 0
      vertex -22.9801 -35.0978 1
      vertex -21.9801 -34.0978 0
    endloop
  endfacet
  facet normal -0.511519 0.295386 0.806905
    outer loop
      vertex -22.5595 58.4373 9
      vertex -21.3601 57.7826 10
      vertex -22.3601 58.7826 9
    endloop
  endfacet
  facet normal -0.511519 0.295386 0.806905
    outer loop
      vertex -21.3601 57.7826 10
      vertex -22.5595 58.4373 9
      vertex -21.5595 57.4373 10
    endloop
  endfacet
  facet normal -0.865981 0.500077 0
    outer loop
      vertex -22.5595 58.4373 1
      vertex -22.3601 58.7826 9
      vertex -22.3601 58.7826 1
    endloop
  endfacet
  facet normal -0.865981 0.500077 0
    outer loop
      vertex -22.3601 58.7826 9
      vertex -22.5595 58.4373 1
      vertex -22.5595 58.4373 9
    endloop
  endfacet
  facet normal 0.680028 -0.733186 0
    outer loop
      vertex 30.6211 -37.7637 1
      vertex 30.9135 -37.4925 9
      vertex 30.6211 -37.7637 9
    endloop
  endfacet
  facet normal 0.680028 -0.733186 0
    outer loop
      vertex 30.9135 -37.4925 9
      vertex 30.6211 -37.7637 1
      vertex 30.9135 -37.4925 1
    endloop
  endfacet
  facet normal 0.433499 -0.382465 -0.815965
    outer loop
      vertex 29.9135 -36.4925 0
      vertex 31.1773 -37.1935 1
      vertex 30.9135 -37.4925 1
    endloop
  endfacet
  facet normal 0.433499 -0.382465 -0.815965
    outer loop
      vertex 31.1773 -37.1935 1
      vertex 29.9135 -36.4925 0
      vertex 30.1773 -36.1935 0
    endloop
  endfacet
  facet normal 0.693751 -0.0259953 -0.719746
    outer loop
      vertex 31.0388 -33.9984 0
      vertex 32.05 -34.6995 1
      vertex 32.0388 -34.9984 1
    endloop
  endfacet
  facet normal 0.693751 -0.0259953 -0.719746
    outer loop
      vertex 32.05 -34.6995 1
      vertex 31.0388 -33.9984 0
      vertex 31.05 -33.6995 0
    endloop
  endfacet
  facet normal 0.999299 -0.0374444 0
    outer loop
      vertex 32.0388 -34.9984 9
      vertex 32.05 -34.6995 1
      vertex 32.05 -34.6995 9
    endloop
  endfacet
  facet normal 0.999299 -0.0374444 0
    outer loop
      vertex 32.05 -34.6995 1
      vertex 32.0388 -34.9984 9
      vertex 32.0388 -34.9984 1
    endloop
  endfacet
  facet normal 0.511567 -0.295328 -0.806895
    outer loop
      vertex 30.4101 -35.8697 0
      vertex 31.6095 -36.5243 1
      vertex 31.4101 -36.8697 1
    endloop
  endfacet
  facet normal 0.511567 -0.295328 -0.806895
    outer loop
      vertex 31.6095 -36.5243 1
      vertex 30.4101 -35.8697 0
      vertex 30.6095 -35.5243 0
    endloop
  endfacet
  facet normal 0.866044 -0.499968 0
    outer loop
      vertex 31.4101 -36.8697 9
      vertex 31.6095 -36.5243 1
      vertex 31.6095 -36.5243 9
    endloop
  endfacet
  facet normal 0.866044 -0.499968 0
    outer loop
      vertex 31.6095 -36.5243 1
      vertex 31.4101 -36.8697 9
      vertex 31.4101 -36.8697 1
    endloop
  endfacet
  facet normal 0.97495 -0.222423 0
    outer loop
      vertex 31.9005 -35.7829 9
      vertex 31.9892 -35.3941 1
      vertex 31.9892 -35.3941 9
    endloop
  endfacet
  facet normal 0.97495 -0.222423 0
    outer loop
      vertex 31.9892 -35.3941 1
      vertex 31.9005 -35.7829 9
      vertex 31.9005 -35.7829 1
    endloop
  endfacet
  facet normal -0.0984922 0.652697 -0.751189
    outer loop
      vertex -18.7926 59.5331 0
      vertex -19.3983 60.5926 1
      vertex -18.3983 59.5926 0
    endloop
  endfacet
  facet normal -0.0984922 0.652697 -0.751189
    outer loop
      vertex -19.3983 60.5926 1
      vertex -18.7926 59.5331 0
      vertex -19.7926 60.5331 1
    endloop
  endfacet
  facet normal 0.0829749 0.661959 -0.744934
    outer loop
      vertex 27.7446 59.5517 0
      vertex 28.3489 60.6013 1
      vertex 28.7446 60.5517 1
    endloop
  endfacet
  facet normal 0.0829749 0.661959 -0.744934
    outer loop
      vertex 28.3489 60.6013 1
      vertex 27.7446 59.5517 0
      vertex 27.3489 59.6013 0
    endloop
  endfacet
  facet normal 0.540213 0.260108 -0.800321
    outer loop
      vertex 30.5629 57.5255 0
      vertex 31.7359 58.1662 1
      vertex 30.7359 57.1662 0
    endloop
  endfacet
  facet normal 0.540213 0.260108 -0.800321
    outer loop
      vertex 31.7359 58.1662 1
      vertex 30.5629 57.5255 0
      vertex 31.5629 58.5255 1
    endloop
  endfacet
  facet normal -0.222423 -0.97495 0
    outer loop
      vertex -20.0834 -38.55 1
      vertex -19.6946 -38.6387 9
      vertex -20.0834 -38.55 9
    endloop
  endfacet
  facet normal -0.222423 -0.97495 -0
    outer loop
      vertex -19.6946 -38.6387 9
      vertex -20.0834 -38.55 1
      vertex -19.6946 -38.6387 1
    endloop
  endfacet
  facet normal -0.318484 -0.947928 0
    outer loop
      vertex -20.4614 -38.423 1
      vertex -20.0834 -38.55 9
      vertex -20.4614 -38.423 9
    endloop
  endfacet
  facet normal -0.318484 -0.947928 -0
    outer loop
      vertex -20.0834 -38.55 9
      vertex -20.4614 -38.423 1
      vertex -20.0834 -38.55 1
    endloop
  endfacet
  facet normal -0.382465 -0.433499 -0.815965
    outer loop
      vertex -21.4939 -37.8268 1
      vertex -20.7929 -36.563 0
      vertex -20.4939 -36.8268 0
    endloop
  endfacet
  facet normal -0.382465 -0.433499 -0.815965
    outer loop
      vertex -20.7929 -36.563 0
      vertex -21.4939 -37.8268 1
      vertex -21.7929 -37.563 1
    endloop
  endfacet
  facet normal -0.340055 -0.472835 -0.81289
    outer loop
      vertex -21.1702 -38.0596 1
      vertex -20.4939 -36.8268 0
      vertex -20.1702 -37.0596 0
    endloop
  endfacet
  facet normal -0.340055 -0.472835 -0.81289
    outer loop
      vertex -20.4939 -36.8268 0
      vertex -21.1702 -38.0596 1
      vertex -21.4939 -37.8268 1
    endloop
  endfacet
  facet normal -0.615572 -0.156761 -0.772332
    outer loop
      vertex -22.9207 -35.4921 1
      vertex -21.8223 -34.8785 0
      vertex -22.8223 -35.8785 1
    endloop
  endfacet
  facet normal -0.615572 -0.156761 -0.772332
    outer loop
      vertex -21.8223 -34.8785 0
      vertex -22.9207 -35.4921 1
      vertex -21.9207 -34.4921 0
    endloop
  endfacet
  facet normal -0.969071 -0.246782 0
    outer loop
      vertex -22.8223 -35.8785 1
      vertex -22.9207 -35.4921 9
      vertex -22.9207 -35.4921 1
    endloop
  endfacet
  facet normal -0.969071 -0.246782 0
    outer loop
      vertex -22.9207 -35.4921 9
      vertex -22.8223 -35.8785 1
      vertex -22.8223 -35.8785 9
    endloop
  endfacet
  facet normal -0.472892 0.339991 0.812883
    outer loop
      vertex -22.3601 58.7826 9
      vertex -21.1273 58.1064 10
      vertex -22.1273 59.1064 9
    endloop
  endfacet
  facet normal -0.472892 0.339991 0.812883
    outer loop
      vertex -21.1273 58.1064 10
      vertex -22.3601 58.7826 9
      vertex -21.3601 57.7826 10
    endloop
  endfacet
  facet normal 0.472892 -0.339991 -0.812883
    outer loop
      vertex 30.1773 -36.1935 0
      vertex 31.4101 -36.8697 1
      vertex 31.1773 -37.1935 1
    endloop
  endfacet
  facet normal 0.472892 -0.339991 -0.812883
    outer loop
      vertex 31.4101 -36.8697 1
      vertex 30.1773 -36.1935 0
      vertex 30.4101 -35.8697 0
    endloop
  endfacet
  facet normal 0.615595 0.156726 -0.772321
    outer loop
      vertex 30.8723 56.7915 0
      vertex 31.9707 57.405 1
      vertex 30.9707 56.405 0
    endloop
  endfacet
  facet normal 0.615595 0.156726 -0.772321
    outer loop
      vertex 31.9707 57.405 1
      vertex 30.8723 56.7915 0
      vertex 31.8723 57.7915 1
    endloop
  endfacet
  facet normal 0.652789 0.0983405 -0.75113
    outer loop
      vertex 30.9707 56.405 0
      vertex 32.0301 57.0107 1
      vertex 31.0301 56.0107 0
    endloop
  endfacet
  facet normal 0.652789 0.0983405 -0.75113
    outer loop
      vertex 32.0301 57.0107 1
      vertex 30.9707 56.405 0
      vertex 31.9707 57.405 1
    endloop
  endfacet
  facet normal -0.433499 0.382465 -0.815965
    outer loop
      vertex -22.1273 59.1064 1
      vertex -20.8635 58.4054 0
      vertex -21.1273 58.1064 0
    endloop
  endfacet
  facet normal -0.433499 0.382465 -0.815965
    outer loop
      vertex -20.8635 58.4054 0
      vertex -22.1273 59.1064 1
      vertex -21.8635 59.4054 1
    endloop
  endfacet
  facet normal -0.472892 0.339991 -0.812883
    outer loop
      vertex -22.3601 58.7826 1
      vertex -21.1273 58.1064 0
      vertex -21.3601 57.7826 0
    endloop
  endfacet
  facet normal -0.472892 0.339991 -0.812883
    outer loop
      vertex -21.1273 58.1064 0
      vertex -22.3601 58.7826 1
      vertex -22.1273 59.1064 1
    endloop
  endfacet
  facet normal -0.0987884 0.995108 0
    outer loop
      vertex 0.993125 -7.9885 4.35
      vertex 0.596848 -8.02784 8
      vertex 0.993125 -7.9885 8
    endloop
  endfacet
  facet normal -0.0987884 0.995108 0
    outer loop
      vertex 0.596848 -8.02784 8
      vertex 0.993125 -7.9885 4.35
      vertex 0.596848 -8.02784 4.35
    endloop
  endfacet
  facet normal 0.0248603 -0.999691 0
    outer loop
      vertex -0.398102 29.0401 4.35
      vertex 0 29.05 8
      vertex -0.398102 29.0401 8
    endloop
  endfacet
  facet normal 0.0248603 -0.999691 0
    outer loop
      vertex 0 29.05 8
      vertex -0.398102 29.0401 4.35
      vertex 0 29.05 4.35
    endloop
  endfacet
  facet normal -0.0494697 0.998776 0
    outer loop
      vertex 0.596848 -8.02784 4.35
      vertex 0.199112 -8.04754 8
      vertex 0.596848 -8.02784 8
    endloop
  endfacet
  facet normal -0.0494697 0.998776 0
    outer loop
      vertex 0.199112 -8.04754 8
      vertex 0.596848 -8.02784 4.35
      vertex 0.199112 -8.04754 4.35
    endloop
  endfacet
  facet normal -0.999924 -0.0123547 0
    outer loop
      vertex 8.04938 20.9004 4.35
      vertex 8.04446 21.2986 8
      vertex 8.04446 21.2986 4.35
    endloop
  endfacet
  facet normal -0.999924 -0.0123547 0
    outer loop
      vertex 8.04446 21.2986 8
      vertex 8.04938 20.9004 4.35
      vertex 8.04938 20.9004 8
    endloop
  endfacet
  facet normal 1 0 0
    outer loop
      vertex -8.04938 20.9004 8
      vertex -8.04938 19.5771 4.35
      vertex -8.04938 20.9004 4.35
    endloop
  endfacet
  facet normal 1 -0 0
    outer loop
      vertex -8.04938 -0.0995636 8
      vertex -8.04938 19.5771 4.35
      vertex -8.04938 20.9004 8
    endloop
  endfacet
  facet normal 1 0 0
    outer loop
      vertex -8.04938 19.5771 4.35
      vertex -8.04938 -0.0995636 8
      vertex -8.04938 -0.0995636 4.35
    endloop
  endfacet
  facet normal -0.959811 0.280646 0
    outer loop
      vertex 7.66822 -2.44968 4.35
      vertex 7.77998 -2.06746 8
      vertex 7.77998 -2.06746 4.35
    endloop
  endfacet
  facet normal -0.959811 0.280646 0
    outer loop
      vertex 7.77998 -2.06746 8
      vertex 7.66822 -2.44968 4.35
      vertex 7.66822 -2.44968 8
    endloop
  endfacet
  facet normal 0.96646 -0.256819 0
    outer loop
      vertex -7.82874 22.8744 8
      vertex -7.72646 23.2593 4.35
      vertex -7.72646 23.2593 8
    endloop
  endfacet
  facet normal 0.96646 -0.256819 0
    outer loop
      vertex -7.72646 23.2593 4.35
      vertex -7.82874 22.8744 8
      vertex -7.82874 22.8744 4.35
    endloop
  endfacet
  facet normal 0 0 -1
    outer loop
      vertex -8.04938 20.9004 8
      vertex 8.04938 20.9004 8
      vertex 8.04938 -0.0995636 8
    endloop
  endfacet
  facet normal 0 0 -1
    outer loop
      vertex -8.04938 -0.0995636 8
      vertex 8.04938 -0.0995636 8
      vertex 8.03461 -0.497514 8
    endloop
  endfacet
  facet normal 0 0 -1
    outer loop
      vertex 8.04938 20.9004 8
      vertex -8.04938 20.9004 8
      vertex 8.04446 21.2986 8
    endloop
  endfacet
  facet normal 0 0 -1
    outer loop
      vertex -8.04938 -0.0995636 8
      vertex 8.03461 -0.497514 8
      vertex 8.00018 -0.894246 8
    endloop
  endfacet
  facet normal -0 0 -1
    outer loop
      vertex 8.04446 21.2986 8
      vertex -8.04938 20.9004 8
      vertex 8.01985 21.6961 8
    endloop
  endfacet
  facet normal 0 0 -1
    outer loop
      vertex -8.04938 -0.0995636 8
      vertex 8.00018 -0.894246 8
      vertex 7.94616 -1.28879 8
    endloop
  endfacet
  facet normal -0 0 -1
    outer loop
      vertex 8.01985 21.6961 8
      vertex -8.04938 20.9004 8
      vertex 7.97561 22.0919 8
    endloop
  endfacet
  facet normal 0 0 -1
    outer loop
      vertex -8.04938 -0.0995636 8
      vertex 7.94616 -1.28879 8
      vertex 7.8727 -1.68018 8
    endloop
  endfacet
  facet normal -0 0 -1
    outer loop
      vertex 7.97561 22.0919 8
      vertex -8.04938 20.9004 8
      vertex 7.91185 22.4849 8
    endloop
  endfacet
  facet normal 0 0 -1
    outer loop
      vertex -8.04938 -0.0995636 8
      vertex 7.8727 -1.68018 8
      vertex 7.77998 -2.06746 8
    endloop
  endfacet
  facet normal -0 0 -1
    outer loop
      vertex 7.91185 22.4849 8
      vertex -8.04938 20.9004 8
      vertex 7.82874 22.8744 8
    endloop
  endfacet
  facet normal 0 0 -1
    outer loop
      vertex -8.04938 -0.0995636 8
      vertex 7.77998 -2.06746 8
      vertex 7.66822 -2.44968 8
    endloop
  endfacet
  facet normal -0 0 -1
    outer loop
      vertex 7.82874 22.8744 8
      vertex -8.04938 20.9004 8
      vertex 7.72646 23.2593 8
    endloop
  endfacet
  facet normal 0 0 -1
    outer loop
      vertex -8.04938 -0.0995636 8
      vertex 7.66822 -2.44968 8
      vertex 7.53769 -2.8259 8
    endloop
  endfacet
  facet normal -0 0 -1
    outer loop
      vertex 7.72646 23.2593 8
      vertex -8.04938 20.9004 8
      vertex 7.60528 23.6386 8
    endloop
  endfacet
  facet normal 0 0 -1
    outer loop
      vertex -8.04938 -0.0995636 8
      vertex 7.53769 -2.8259 8
      vertex 7.38871 -3.19521 8
    endloop
  endfacet
  facet normal -0 0 -1
    outer loop
      vertex 7.60528 23.6386 8
      vertex -8.04938 20.9004 8
      vertex 7.46549 24.0115 8
    endloop
  endfacet
  facet normal 0 0 -1
    outer loop
      vertex -8.04938 -0.0995636 8
      vertex 7.38871 -3.19521 8
      vertex 7.22166 -3.5567 8
    endloop
  endfacet
  facet normal -0 0 -1
    outer loop
      vertex 7.46549 24.0115 8
      vertex -8.04938 20.9004 8
      vertex 7.30742 24.377 8
    endloop
  endfacet
  facet normal 0 0 -1
    outer loop
      vertex -8.04938 -0.0995636 8
      vertex 7.22166 -3.5567 8
      vertex 7.03693 -3.90949 8
    endloop
  endfacet
  facet normal -0 0 -1
    outer loop
      vertex 7.30742 24.377 8
      vertex -8.04938 20.9004 8
      vertex 7.13148 24.7342 8
    endloop
  endfacet
  facet normal 0 0 -1
    outer loop
      vertex -8.04938 -0.0995636 8
      vertex 7.03693 -3.90949 8
      vertex 6.83498 -4.25271 8
    endloop
  endfacet
  facet normal -0 0 -1
    outer loop
      vertex 7.13148 24.7342 8
      vertex -8.04938 20.9004 8
      vertex 6.93808 25.0823 8
    endloop
  endfacet
  facet normal 0 0 -1
    outer loop
      vertex -8.04938 -0.0995636 8
      vertex 6.83498 -4.25271 8
      vertex 6.61631 -4.58552 8
    endloop
  endfacet
  facet normal -0 0 -1
    outer loop
      vertex 6.93808 25.0823 8
      vertex -8.04938 20.9004 8
      vertex 6.7277 25.4205 8
    endloop
  endfacet
  facet normal 0 0 -1
    outer loop
      vertex -8.04938 -0.0995636 8
      vertex 6.61631 -4.58552 8
      vertex 6.38144 -4.90711 8
    endloop
  endfacet
  facet normal -0 0 -1
    outer loop
      vertex 6.7277 25.4205 8
      vertex -8.04938 20.9004 8
      vertex 6.50086 25.7478 8
    endloop
  endfacet
  facet normal 0 0 -1
    outer loop
      vertex -8.04938 -0.0995636 8
      vertex 6.38144 -4.90711 8
      vertex 6.13096 -5.21669 8
    endloop
  endfacet
  facet normal -0 0 -1
    outer loop
      vertex 6.50086 25.7478 8
      vertex -8.04938 20.9004 8
      vertex 6.25811 26.0634 8
    endloop
  endfacet
  facet normal 0 0 -1
    outer loop
      vertex -8.04938 -0.0995636 8
      vertex 6.13096 -5.21669 8
      vertex 5.86547 -5.51351 8
    endloop
  endfacet
  facet normal -0 0 -1
    outer loop
      vertex 6.25811 26.0634 8
      vertex -8.04938 20.9004 8
      vertex 6.00005 26.3667 8
    endloop
  endfacet
  facet normal 0 0 -1
    outer loop
      vertex -8.04938 -0.0995636 8
      vertex 5.86547 -5.51351 8
      vertex 5.58563 -5.79683 8
    endloop
  endfacet
  facet normal -0 0 -1
    outer loop
      vertex 6.00005 26.3667 8
      vertex -8.04938 20.9004 8
      vertex 5.7273 26.6569 8
    endloop
  endfacet
  facet normal 0 0 -1
    outer loop
      vertex -8.04938 -0.0995636 8
      vertex 5.58563 -5.79683 8
      vertex 5.29212 -6.06597 8
    endloop
  endfacet
  facet normal -0 0 -1
    outer loop
      vertex 5.7273 26.6569 8
      vertex -8.04938 20.9004 8
      vertex 5.44054 26.9332 8
    endloop
  endfacet
  facet normal 0 0 -1
    outer loop
      vertex -8.04938 -0.0995636 8
      vertex 5.29212 -6.06597 8
      vertex 4.98566 -6.32026 8
    endloop
  endfacet
  facet normal -0 0 -1
    outer loop
      vertex 5.44054 26.9332 8
      vertex -8.04938 20.9004 8
      vertex 5.14046 27.195 8
    endloop
  endfacet
  facet normal 0 0 -1
    outer loop
      vertex -8.04938 -0.0995636 8
      vertex 4.98566 -6.32026 8
      vertex 4.667 -6.55909 8
    endloop
  endfacet
  facet normal -0 0 -1
    outer loop
      vertex 5.14046 27.195 8
      vertex -8.04938 20.9004 8
      vertex 4.82781 27.4416 8
    endloop
  endfacet
  facet normal 0 0 -1
    outer loop
      vertex -8.04938 -0.0995636 8
      vertex 4.667 -6.55909 8
      vertex 4.33692 -6.78186 8
    endloop
  endfacet
  facet normal -0 0 -1
    outer loop
      vertex 4.82781 27.4416 8
      vertex -8.04938 20.9004 8
      vertex 4.50334 27.6725 8
    endloop
  endfacet
  facet normal 0 0 -1
    outer loop
      vertex -8.04938 -0.0995636 8
      vertex 4.33692 -6.78186 8
      vertex 3.99622 -6.98804 8
    endloop
  endfacet
  facet normal -0 0 -1
    outer loop
      vertex 4.50334 27.6725 8
      vertex -8.04938 20.9004 8
      vertex 4.16785 27.8871 8
    endloop
  endfacet
  facet normal 0 0 -1
    outer loop
      vertex -8.04938 -0.0995636 8
      vertex 3.99622 -6.98804 8
      vertex 3.64575 -7.17712 8
    endloop
  endfacet
  facet normal -0 0 -1
    outer loop
      vertex 4.16785 27.8871 8
      vertex -8.04938 20.9004 8
      vertex 3.82215 28.0847 8
    endloop
  endfacet
  facet normal 0 0 -1
    outer loop
      vertex -8.04938 -0.0995636 8
      vertex 3.64575 -7.17712 8
      vertex 3.28635 -7.34863 8
    endloop
  endfacet
  facet normal -0 0 -1
    outer loop
      vertex 3.82215 28.0847 8
      vertex -8.04938 20.9004 8
      vertex 3.46711 28.2651 8
    endloop
  endfacet
  facet normal 0 0 -1
    outer loop
      vertex -8.04938 -0.0995636 8
      vertex 3.28635 -7.34863 8
      vertex 2.91891 -7.50216 8
    endloop
  endfacet
  facet normal -0 0 -1
    outer loop
      vertex 3.46711 28.2651 8
      vertex -8.04938 20.9004 8
      vertex 3.10358 28.4277 8
    endloop
  endfacet
  facet normal 0 0 -1
    outer loop
      vertex -8.04938 -0.0995636 8
      vertex 2.91891 -7.50216 8
      vertex 2.54433 -7.63733 8
    endloop
  endfacet
  facet normal -0 0 -1
    outer loop
      vertex 3.10358 28.4277 8
      vertex -8.04938 20.9004 8
      vertex 2.73246 28.5721 8
    endloop
  endfacet
  facet normal 0 0 -1
    outer loop
      vertex -8.04938 -0.0995636 8
      vertex 2.54433 -7.63733 8
      vertex 2.16353 -7.75381 8
    endloop
  endfacet
  facet normal -0 0 -1
    outer loop
      vertex 2.73246 28.5721 8
      vertex -8.04938 20.9004 8
      vertex 2.35465 28.6979 8
    endloop
  endfacet
  facet normal 0 0 -1
    outer loop
      vertex -8.04938 -0.0995636 8
      vertex 2.16353 -7.75381 8
      vertex 1.77742 -7.85132 8
    endloop
  endfacet
  facet normal -0 0 -1
    outer loop
      vertex 2.35465 28.6979 8
      vertex -8.04938 20.9004 8
      vertex 1.97108 28.805 8
    endloop
  endfacet
  facet normal 0 0 -1
    outer loop
      vertex -8.04938 -0.0995636 8
      vertex 1.77742 -7.85132 8
      vertex 1.38697 -7.92962 8
    endloop
  endfacet
  facet normal -0 0 -1
    outer loop
      vertex 1.97108 28.805 8
      vertex -8.04938 20.9004 8
      vertex 1.58268 28.8929 8
    endloop
  endfacet
  facet normal 0 0 -1
    outer loop
      vertex -8.04938 -0.0995636 8
      vertex 1.38697 -7.92962 8
      vertex 0.993125 -7.9885 8
    endloop
  endfacet
  facet normal -0 0 -1
    outer loop
      vertex 1.58268 28.8929 8
      vertex -8.04938 20.9004 8
      vertex 1.19041 28.9615 8
    endloop
  endfacet
  facet normal 0 0 -1
    outer loop
      vertex -8.04938 -0.0995636 8
      vertex 0.993125 -7.9885 8
      vertex 0.596848 -8.02784 8
    endloop
  endfacet
  facet normal -0 0 -1
    outer loop
      vertex 1.19041 28.9615 8
      vertex -8.04938 20.9004 8
      vertex 0.79523 29.0106 8
    endloop
  endfacet
  facet normal 0 0 -1
    outer loop
      vertex -8.04938 -0.0995636 8
      vertex 0.596848 -8.02784 8
      vertex 0.199112 -8.04754 8
    endloop
  endfacet
  facet normal -0 0 -1
    outer loop
      vertex 0.79523 29.0106 8
      vertex -8.04938 20.9004 8
      vertex 0.398102 29.0401 8
    endloop
  endfacet
  facet normal 0 0 -1
    outer loop
      vertex -8.04938 -0.0995636 8
      vertex 0.199112 -8.04754 8
      vertex -0.199112 -8.04754 8
    endloop
  endfacet
  facet normal -0 0 -1
    outer loop
      vertex 0.398102 29.0401 8
      vertex -8.04938 20.9004 8
      vertex 0 29.05 8
    endloop
  endfacet
  facet normal 0 0 -1
    outer loop
      vertex -8.04938 -0.0995636 8
      vertex -0.199112 -8.04754 8
      vertex -0.596848 -8.02784 8
    endloop
  endfacet
  facet normal 0 0 -1
    outer loop
      vertex 0 29.05 8
      vertex -8.04938 20.9004 8
      vertex -0.398102 29.0401 8
    endloop
  endfacet
  facet normal 0 0 -1
    outer loop
      vertex -8.04938 -0.0995636 8
      vertex -0.596848 -8.02784 8
      vertex -0.993125 -7.9885 8
    endloop
  endfacet
  facet normal 0 0 -1
    outer loop
      vertex -0.398102 29.0401 8
      vertex -8.04938 20.9004 8
      vertex -0.79523 29.0106 8
    endloop
  endfacet
  facet normal 0 0 -1
    outer loop
      vertex -8.04938 -0.0995636 8
      vertex -0.993125 -7.9885 8
      vertex -1.38697 -7.92962 8
    endloop
  endfacet
  facet normal 0 0 -1
    outer loop
      vertex -0.79523 29.0106 8
      vertex -8.04938 20.9004 8
      vertex -1.19041 28.9615 8
    endloop
  endfacet
  facet normal 0 0 -1
    outer loop
      vertex -8.04938 -0.0995636 8
      vertex -1.38697 -7.92962 8
      vertex -1.77742 -7.85132 8
    endloop
  endfacet
  facet normal 0 0 -1
    outer loop
      vertex -1.19041 28.9615 8
      vertex -8.04938 20.9004 8
      vertex -1.58268 28.8929 8
    endloop
  endfacet
  facet normal 0 0 -1
    outer loop
      vertex -8.04938 -0.0995636 8
      vertex -1.77742 -7.85132 8
      vertex -2.16353 -7.75381 8
    endloop
  endfacet
  facet normal 0 0 -1
    outer loop
      vertex -1.58268 28.8929 8
      vertex -8.04938 20.9004 8
      vertex -1.97108 28.805 8
    endloop
  endfacet
  facet normal 0 0 -1
    outer loop
      vertex -8.04938 -0.0995636 8
      vertex -2.16353 -7.75381 8
      vertex -2.54433 -7.63733 8
    endloop
  endfacet
  facet normal 0 0 -1
    outer loop
      vertex -1.97108 28.805 8
      vertex -8.04938 20.9004 8
      vertex -2.35465 28.6979 8
    endloop
  endfacet
  facet normal 0 0 -1
    outer loop
      vertex -8.04938 -0.0995636 8
      vertex -2.54433 -7.63733 8
      vertex -2.91891 -7.50216 8
    endloop
  endfacet
  facet normal 0 0 -1
    outer loop
      vertex -2.35465 28.6979 8
      vertex -8.04938 20.9004 8
      vertex -2.73246 28.5721 8
    endloop
  endfacet
  facet normal 0 0 -1
    outer loop
      vertex -8.04938 -0.0995636 8
      vertex -2.91891 -7.50216 8
      vertex -3.28635 -7.34863 8
    endloop
  endfacet
  facet normal 0 0 -1
    outer loop
      vertex -2.73246 28.5721 8
      vertex -8.04938 20.9004 8
      vertex -3.10358 28.4277 8
    endloop
  endfacet
  facet normal 0 0 -1
    outer loop
      vertex -8.04938 -0.0995636 8
      vertex -3.28635 -7.34863 8
      vertex -3.64575 -7.17712 8
    endloop
  endfacet
  facet normal 0 0 -1
    outer loop
      vertex -3.10358 28.4277 8
      vertex -8.04938 20.9004 8
      vertex -3.46711 28.2651 8
    endloop
  endfacet
  facet normal 0 0 -1
    outer loop
      vertex -8.04938 -0.0995636 8
      vertex -3.64575 -7.17712 8
      vertex -3.99622 -6.98804 8
    endloop
  endfacet
  facet normal 0 0 -1
    outer loop
      vertex -3.46711 28.2651 8
      vertex -8.04938 20.9004 8
      vertex -3.82215 28.0847 8
    endloop
  endfacet
  facet normal 0 0 -1
    outer loop
      vertex -8.04938 -0.0995636 8
      vertex -3.99622 -6.98804 8
      vertex -4.33692 -6.78186 8
    endloop
  endfacet
  facet normal 0 0 -1
    outer loop
      vertex -3.82215 28.0847 8
      vertex -8.04938 20.9004 8
      vertex -4.16785 27.8871 8
    endloop
  endfacet
  facet normal 0 0 -1
    outer loop
      vertex -8.04938 -0.0995636 8
      vertex -4.33692 -6.78186 8
      vertex -4.667 -6.55909 8
    endloop
  endfacet
  facet normal 0 0 -1
    outer loop
      vertex -4.16785 27.8871 8
      vertex -8.04938 20.9004 8
      vertex -4.50334 27.6725 8
    endloop
  endfacet
  facet normal 0 0 -1
    outer loop
      vertex -8.04938 -0.0995636 8
      vertex -4.667 -6.55909 8
      vertex -4.98566 -6.32026 8
    endloop
  endfacet
  facet normal 0 0 -1
    outer loop
      vertex -4.50334 27.6725 8
      vertex -8.04938 20.9004 8
      vertex -4.82781 27.4416 8
    endloop
  endfacet
  facet normal 0 0 -1
    outer loop
      vertex -8.04938 -0.0995636 8
      vertex -4.98566 -6.32026 8
      vertex -5.29212 -6.06597 8
    endloop
  endfacet
  facet normal 0 0 -1
    outer loop
      vertex -4.82781 27.4416 8
      vertex -8.04938 20.9004 8
      vertex -5.14046 27.195 8
    endloop
  endfacet
  facet normal 0 0 -1
    outer loop
      vertex -8.04938 -0.0995636 8
      vertex -5.29212 -6.06597 8
      vertex -5.58563 -5.79683 8
    endloop
  endfacet
  facet normal 0 0 -1
    outer loop
      vertex -5.14046 27.195 8
      vertex -8.04938 20.9004 8
      vertex -5.44054 26.9332 8
    endloop
  endfacet
  facet normal 0 0 -1
    outer loop
      vertex -8.04938 -0.0995636 8
      vertex -5.58563 -5.79683 8
      vertex -5.86547 -5.51351 8
    endloop
  endfacet
  facet normal 0 0 -1
    outer loop
      vertex -5.44054 26.9332 8
      vertex -8.04938 20.9004 8
      vertex -5.7273 26.6569 8
    endloop
  endfacet
  facet normal 0 0 -1
    outer loop
      vertex -8.04938 -0.0995636 8
      vertex -5.86547 -5.51351 8
      vertex -6.13096 -5.21669 8
    endloop
  endfacet
  facet normal 0 0 -1
    outer loop
      vertex -5.7273 26.6569 8
      vertex -8.04938 20.9004 8
      vertex -6.00005 26.3667 8
    endloop
  endfacet
  facet normal 0 0 -1
    outer loop
      vertex -8.04938 -0.0995636 8
      vertex -6.13096 -5.21669 8
      vertex -6.38144 -4.90711 8
    endloop
  endfacet
  facet normal 0 0 -1
    outer loop
      vertex -6.00005 26.3667 8
      vertex -8.04938 20.9004 8
      vertex -6.25811 26.0634 8
    endloop
  endfacet
  facet normal 0 0 -1
    outer loop
      vertex -8.04938 -0.0995636 8
      vertex -6.38144 -4.90711 8
      vertex -6.61631 -4.58552 8
    endloop
  endfacet
  facet normal 0 0 -1
    outer loop
      vertex -6.25811 26.0634 8
      vertex -8.04938 20.9004 8
      vertex -6.50086 25.7478 8
    endloop
  endfacet
  facet normal 0 0 -1
    outer loop
      vertex -8.04938 -0.0995636 8
      vertex -6.61631 -4.58552 8
      vertex -6.83498 -4.25271 8
    endloop
  endfacet
  facet normal 0 0 -1
    outer loop
      vertex -6.50086 25.7478 8
      vertex -8.04938 20.9004 8
      vertex -6.7277 25.4205 8
    endloop
  endfacet
  facet normal 0 0 -1
    outer loop
      vertex -8.04938 -0.0995636 8
      vertex -6.83498 -4.25271 8
      vertex -7.03693 -3.90949 8
    endloop
  endfacet
  facet normal 0 0 -1
    outer loop
      vertex -6.7277 25.4205 8
      vertex -8.04938 20.9004 8
      vertex -6.93808 25.0823 8
    endloop
  endfacet
  facet normal 0 0 -1
    outer loop
      vertex -8.04938 -0.0995636 8
      vertex -7.03693 -3.90949 8
      vertex -7.22166 -3.5567 8
    endloop
  endfacet
  facet normal 0 0 -1
    outer loop
      vertex -6.93808 25.0823 8
      vertex -8.04938 20.9004 8
      vertex -7.13148 24.7342 8
    endloop
  endfacet
  facet normal 0 0 -1
    outer loop
      vertex -8.04938 -0.0995636 8
      vertex -7.22166 -3.5567 8
      vertex -7.38871 -3.19521 8
    endloop
  endfacet
  facet normal 0 0 -1
    outer loop
      vertex -7.13148 24.7342 8
      vertex -8.04938 20.9004 8
      vertex -7.30742 24.377 8
    endloop
  endfacet
  facet normal 0 0 -1
    outer loop
      vertex -8.04938 -0.0995636 8
      vertex -7.38871 -3.19521 8
      vertex -7.53769 -2.8259 8
    endloop
  endfacet
  facet normal 0 0 -1
    outer loop
      vertex -7.30742 24.377 8
      vertex -8.04938 20.9004 8
      vertex -7.46549 24.0115 8
    endloop
  endfacet
  facet normal 0 0 -1
    outer loop
      vertex -8.04938 -0.0995636 8
      vertex -7.53769 -2.8259 8
      vertex -7.66822 -2.44968 8
    endloop
  endfacet
  facet normal 0 0 -1
    outer loop
      vertex -7.46549 24.0115 8
      vertex -8.04938 20.9004 8
      vertex -7.60528 23.6386 8
    endloop
  endfacet
  facet normal 0 0 -1
    outer loop
      vertex -8.04938 -0.0995636 8
      vertex -7.66822 -2.44968 8
      vertex -7.77998 -2.06746 8
    endloop
  endfacet
  facet normal 0 0 -1
    outer loop
      vertex -7.60528 23.6386 8
      vertex -8.04938 20.9004 8
      vertex -7.72646 23.2593 8
    endloop
  endfacet
  facet normal 0 0 -1
    outer loop
      vertex -8.04938 -0.0995636 8
      vertex -7.77998 -2.06746 8
      vertex -7.8727 -1.68018 8
    endloop
  endfacet
  facet normal 0 0 -1
    outer loop
      vertex -7.72646 23.2593 8
      vertex -8.04938 20.9004 8
      vertex -7.82874 22.8744 8
    endloop
  endfacet
  facet normal 0 0 -1
    outer loop
      vertex -8.04938 -0.0995636 8
      vertex -7.8727 -1.68018 8
      vertex -7.94616 -1.28879 8
    endloop
  endfacet
  facet normal 0 0 -1
    outer loop
      vertex -7.82874 22.8744 8
      vertex -8.04938 20.9004 8
      vertex -7.91185 22.4849 8
    endloop
  endfacet
  facet normal 0 0 -1
    outer loop
      vertex -8.04938 -0.0995636 8
      vertex -7.94616 -1.28879 8
      vertex -8.00018 -0.894246 8
    endloop
  endfacet
  facet normal 0 0 -1
    outer loop
      vertex -7.91185 22.4849 8
      vertex -8.04938 20.9004 8
      vertex -7.97561 22.0919 8
    endloop
  endfacet
  facet normal 0 0 -1
    outer loop
      vertex -8.04938 -0.0995636 8
      vertex -8.00018 -0.894246 8
      vertex -8.03461 -0.497514 8
    endloop
  endfacet
  facet normal 0 0 -1
    outer loop
      vertex -7.97561 22.0919 8
      vertex -8.04938 20.9004 8
      vertex -8.01985 21.6961 8
    endloop
  endfacet
  facet normal 0 0 -1
    outer loop
      vertex 8.04938 -0.0995636 8
      vertex -8.04938 -0.0995636 8
      vertex -8.04938 20.9004 8
    endloop
  endfacet
  facet normal 0 0 -1
    outer loop
      vertex -8.01985 21.6961 8
      vertex -8.04938 20.9004 8
      vertex -8.04446 21.2986 8
    endloop
  endfacet
  facet normal -0.693851 -0.720118 0
    outer loop
      vertex 5.44054 26.9332 4.35
      vertex 5.7273 26.6569 8
      vertex 5.44054 26.9332 8
    endloop
  endfacet
  facet normal -0.693851 -0.720118 -0
    outer loop
      vertex 5.7273 26.6569 8
      vertex 5.44054 26.9332 4.35
      vertex 5.7273 26.6569 4.35
    endloop
  endfacet
  facet normal -0.638563 0.76957 0
    outer loop
      vertex 5.29212 -6.06597 4.35
      vertex 4.98566 -6.32026 8
      vertex 5.29212 -6.06597 8
    endloop
  endfacet
  facet normal -0.638563 0.76957 0
    outer loop
      vertex 4.98566 -6.32026 8
      vertex 5.29212 -6.06597 4.35
      vertex 4.98566 -6.32026 4.35
    endloop
  endfacet
  facet normal 0.61929 -0.785162 0
    outer loop
      vertex -5.14046 27.195 4.35
      vertex -4.82781 27.4416 8
      vertex -5.14046 27.195 8
    endloop
  endfacet
  facet normal 0.61929 -0.785162 0
    outer loop
      vertex -4.82781 27.4416 8
      vertex -5.14046 27.195 4.35
      vertex -4.82781 27.4416 4.35
    endloop
  endfacet
  facet normal 0.999924 -0.0123547 0
    outer loop
      vertex -8.04938 20.9004 8
      vertex -8.04446 21.2986 4.35
      vertex -8.04446 21.2986 8
    endloop
  endfacet
  facet normal 0.999924 -0.0123547 0
    outer loop
      vertex -8.04446 21.2986 4.35
      vertex -8.04938 20.9004 8
      vertex -8.04938 20.9004 4.35
    endloop
  endfacet
  facet normal 0.987093 -0.160145 0
    outer loop
      vertex -7.97561 22.0919 8
      vertex -7.91185 22.4849 4.35
      vertex -7.91185 22.4849 8
    endloop
  endfacet
  facet normal 0.987093 -0.160145 0
    outer loop
      vertex -7.91185 22.4849 4.35
      vertex -7.97561 22.0919 8
      vertex -7.97561 22.0919 4.35
    endloop
  endfacet
  facet normal -0.362611 -0.931941 0
    outer loop
      vertex 2.73246 28.5721 4.35
      vertex 3.10358 28.4277 8
      vertex 2.73246 28.5721 8
    endloop
  endfacet
  facet normal -0.362611 -0.931941 -0
    outer loop
      vertex 3.10358 28.4277 8
      vertex 2.73246 28.5721 4.35
      vertex 3.10358 28.4277 4.35
    endloop
  endfacet
  facet normal -0.917842 -0.396945 0
    outer loop
      vertex 7.46549 24.0115 4.35
      vertex 7.30742 24.377 8
      vertex 7.30742 24.377 4.35
    endloop
  endfacet
  facet normal -0.917842 -0.396945 0
    outer loop
      vertex 7.30742 24.377 8
      vertex 7.46549 24.0115 4.35
      vertex 7.46549 24.0115 8
    endloop
  endfacet
  facet normal -0.999312 0.0370896 0
    outer loop
      vertex 8.03461 -0.497514 4.35
      vertex 8.04938 -0.0995636 8
      vertex 8.04938 -0.0995636 4.35
    endloop
  endfacet
  facet normal -0.999312 0.0370896 0
    outer loop
      vertex 8.04938 -0.0995636 8
      vertex 8.03461 -0.497514 4.35
      vertex 8.03461 -0.497514 8
    endloop
  endfacet
  facet normal -1 0 0
    outer loop
      vertex 8.04938 19.5861 4.35
      vertex 8.04938 20.9004 8
      vertex 8.04938 20.9004 4.35
    endloop
  endfacet
  facet normal -1 0 0
    outer loop
      vertex 8.04938 11.936 4.35
      vertex 8.04938 20.9004 8
      vertex 8.04938 19.5861 4.35
    endloop
  endfacet
  facet normal -1 0 0
    outer loop
      vertex 8.04938 -0.0995636 8
      vertex 8.04938 11.936 4.35
      vertex 8.04938 7.98251 4.35
    endloop
  endfacet
  facet normal -1 0 0
    outer loop
      vertex 8.04938 -0.0995636 8
      vertex 8.04938 7.98251 4.35
      vertex 8.04938 4.79999 4.35
    endloop
  endfacet
  facet normal -1 0 0
    outer loop
      vertex 8.04938 -0.0995636 8
      vertex 8.04938 4.79999 4.35
      vertex 8.04938 3.89999 4.35
    endloop
  endfacet
  facet normal -1 0 0
    outer loop
      vertex 8.04938 -0.0995636 8
      vertex 8.04938 3.89999 4.35
      vertex 8.04938 -0.0995636 4.35
    endloop
  endfacet
  facet normal -1 0 0
    outer loop
      vertex 8.04938 11.936 4.35
      vertex 8.04938 -0.0995636 8
      vertex 8.04938 20.9004 8
    endloop
  endfacet
  facet normal 0.315919 -0.948786 0
    outer loop
      vertex -2.73246 28.5721 4.35
      vertex -2.35465 28.6979 8
      vertex -2.73246 28.5721 8
    endloop
  endfacet
  facet normal 0.315919 -0.948786 0
    outer loop
      vertex -2.35465 28.6979 8
      vertex -2.73246 28.5721 4.35
      vertex -2.35465 28.6979 4.35
    endloop
  endfacet
  facet normal 0.849119 -0.528201 0
    outer loop
      vertex -6.93808 25.0823 8
      vertex -6.7277 25.4205 4.35
      vertex -6.7277 25.4205 8
    endloop
  endfacet
  facet normal 0.849119 -0.528201 0
    outer loop
      vertex -6.7277 25.4205 4.35
      vertex -6.93808 25.0823 8
      vertex -6.93808 25.0823 4.35
    endloop
  endfacet
  facet normal 0.993811 -0.111082 0
    outer loop
      vertex -8.01985 21.6961 8
      vertex -7.97561 22.0919 4.35
      vertex -7.97561 22.0919 8
    endloop
  endfacet
  facet normal 0.993811 -0.111082 0
    outer loop
      vertex -7.97561 22.0919 4.35
      vertex -8.01985 21.6961 8
      vertex -8.01985 21.6961 4.35
    endloop
  endfacet
  facet normal 0.977984 -0.208678 0
    outer loop
      vertex -7.91185 22.4849 8
      vertex -7.82874 22.8744 4.35
      vertex -7.82874 22.8744 8
    endloop
  endfacet
  facet normal 0.977984 -0.208678 0
    outer loop
      vertex -7.82874 22.8744 4.35
      vertex -7.91185 22.4849 8
      vertex -7.91185 22.4849 4.35
    endloop
  endfacet
  facet normal -0.172265 -0.985051 0
    outer loop
      vertex 1.19041 28.9615 4.35
      vertex 1.58268 28.8929 8
      vertex 1.19041 28.9615 8
    endloop
  endfacet
  facet normal -0.172265 -0.985051 -0
    outer loop
      vertex 1.58268 28.8929 8
      vertex 1.19041 28.9615 4.35
      vertex 1.58268 28.8929 4.35
    endloop
  endfacet
  facet normal -0.977984 -0.208678 0
    outer loop
      vertex 7.91185 22.4849 4.35
      vertex 7.82874 22.8744 8
      vertex 7.82874 22.8744 4.35
    endloop
  endfacet
  facet normal -0.977984 -0.208678 0
    outer loop
      vertex 7.82874 22.8744 8
      vertex 7.91185 22.4849 4.35
      vertex 7.91185 22.4849 8
    endloop
  endfacet
  facet normal -0.821901 -0.56963 0
    outer loop
      vertex 6.7277 25.4205 4.35
      vertex 6.50086 25.7478 8
      vertex 6.50086 25.7478 4.35
    endloop
  endfacet
  facet normal -0.821901 -0.56963 0
    outer loop
      vertex 6.50086 25.7478 8
      vertex 6.7277 25.4205 4.35
      vertex 6.7277 25.4205 8
    endloop
  endfacet
  facet normal -0.874145 -0.485664 0
    outer loop
      vertex 7.13148 24.7342 4.35
      vertex 6.93808 25.0823 8
      vertex 6.93808 25.0823 4.35
    endloop
  endfacet
  facet normal -0.874145 -0.485664 0
    outer loop
      vertex 6.93808 25.0823 8
      vertex 7.13148 24.7342 4.35
      vertex 7.13148 24.7342 8
    endloop
  endfacet
  facet normal -0.538851 -0.842401 0
    outer loop
      vertex 4.16785 27.8871 4.35
      vertex 4.50334 27.6725 8
      vertex 4.16785 27.8871 8
    endloop
  endfacet
  facet normal -0.538851 -0.842401 -0
    outer loop
      vertex 4.50334 27.6725 8
      vertex 4.16785 27.8871 4.35
      vertex 4.50334 27.6725 4.35
    endloop
  endfacet
  facet normal -0.268932 -0.963159 0
    outer loop
      vertex 1.97108 28.805 4.35
      vertex 2.35465 28.6979 8
      vertex 1.97108 28.805 8
    endloop
  endfacet
  facet normal -0.268932 -0.963159 -0
    outer loop
      vertex 2.35465 28.6979 8
      vertex 1.97108 28.805 4.35
      vertex 2.35465 28.6979 4.35
    endloop
  endfacet
  facet normal -0.996255 0.0864591 0
    outer loop
      vertex 8.00018 -0.894246 4.35
      vertex 8.03461 -0.497514 8
      vertex 8.03461 -0.497514 4.35
    endloop
  endfacet
  facet normal -0.996255 0.0864591 0
    outer loop
      vertex 8.03461 -0.497514 8
      vertex 8.00018 -0.894246 4.35
      vertex 8.00018 -0.894246 8
    endloop
  endfacet
  facet normal -0.777407 0.628997 0
    outer loop
      vertex 6.13096 -5.21669 4.35
      vertex 6.38144 -4.90711 8
      vertex 6.38144 -4.90711 4.35
    endloop
  endfacet
  facet normal -0.777407 0.628997 0
    outer loop
      vertex 6.38144 -4.90711 8
      vertex 6.13096 -5.21669 4.35
      vertex 6.13096 -5.21669 8
    endloop
  endfacet
  facet normal -0.599735 0.800199 0
    outer loop
      vertex 4.98566 -6.32026 4.35
      vertex 4.667 -6.55909 8
      vertex 4.98566 -6.32026 8
    endloop
  endfacet
  facet normal -0.599735 0.800199 0
    outer loop
      vertex 4.667 -6.55909 8
      vertex 4.98566 -6.32026 4.35
      vertex 4.667 -6.55909 4.35
    endloop
  endfacet
  facet normal -0.196623 0.980479 0
    outer loop
      vertex 1.77742 -7.85132 4.35
      vertex 1.38697 -7.92962 8
      vertex 1.77742 -7.85132 8
    endloop
  endfacet
  facet normal -0.196623 0.980479 0
    outer loop
      vertex 1.38697 -7.92962 8
      vertex 1.77742 -7.85132 4.35
      vertex 1.38697 -7.92962 4.35
    endloop
  endfacet
  facet normal 0.172265 -0.985051 0
    outer loop
      vertex -1.58268 28.8929 4.35
      vertex -1.19041 28.9615 8
      vertex -1.58268 28.8929 8
    endloop
  endfacet
  facet normal 0.172265 -0.985051 0
    outer loop
      vertex -1.19041 28.9615 8
      vertex -1.58268 28.8929 4.35
      vertex -1.19041 28.9615 4.35
    endloop
  endfacet
  facet normal 0.220731 -0.975335 0
    outer loop
      vertex -1.97108 28.805 4.35
      vertex -1.58268 28.8929 8
      vertex -1.97108 28.805 8
    endloop
  endfacet
  facet normal 0.220731 -0.975335 0
    outer loop
      vertex -1.58268 28.8929 8
      vertex -1.97108 28.805 4.35
      vertex -1.58268 28.8929 4.35
    endloop
  endfacet
  facet normal 0.917842 -0.396945 0
    outer loop
      vertex -7.46549 24.0115 8
      vertex -7.30742 24.377 4.35
      vertex -7.30742 24.377 8
    endloop
  endfacet
  facet normal 0.917842 -0.396945 0
    outer loop
      vertex -7.30742 24.377 4.35
      vertex -7.46549 24.0115 8
      vertex -7.46549 24.0115 4.35
    endloop
  endfacet
  facet normal 0.897083 -0.441861 0
    outer loop
      vertex -7.30742 24.377 8
      vertex -7.13148 24.7342 4.35
      vertex -7.13148 24.7342 8
    endloop
  endfacet
  facet normal 0.897083 -0.441861 0
    outer loop
      vertex -7.13148 24.7342 4.35
      vertex -7.30742 24.377 8
      vertex -7.30742 24.377 4.35
    endloop
  endfacet
  facet normal 0.792647 -0.60968 0
    outer loop
      vertex -6.50086 25.7478 8
      vertex -6.25811 26.0634 4.35
      vertex -6.25811 26.0634 8
    endloop
  endfacet
  facet normal 0.792647 -0.60968 0
    outer loop
      vertex -6.25811 26.0634 4.35
      vertex -6.50086 25.7478 8
      vertex -6.50086 25.7478 4.35
    endloop
  endfacet
  facet normal 0.693851 -0.720118 0
    outer loop
      vertex -5.7273 26.6569 4.35
      vertex -5.44054 26.9332 8
      vertex -5.7273 26.6569 8
    endloop
  endfacet
  facet normal 0.693851 -0.720118 0
    outer loop
      vertex -5.44054 26.9332 8
      vertex -5.7273 26.6569 4.35
      vertex -5.44054 26.9332 4.35
    endloop
  endfacet
  facet normal 0.998089 -0.0617936 0
    outer loop
      vertex -8.04446 21.2986 8
      vertex -8.01985 21.6961 4.35
      vertex -8.01985 21.6961 8
    endloop
  endfacet
  facet normal 0.998089 -0.0617936 0
    outer loop
      vertex -8.01985 21.6961 4.35
      vertex -8.04446 21.2986 8
      vertex -8.04446 21.2986 4.35
    endloop
  endfacet
  facet normal 0.999312 0.0370896 0
    outer loop
      vertex -8.03461 -0.497514 8
      vertex -8.04938 -0.0995636 4.35
      vertex -8.04938 -0.0995636 8
    endloop
  endfacet
  facet normal 0.999312 0.0370896 0
    outer loop
      vertex -8.04938 -0.0995636 4.35
      vertex -8.03461 -0.497514 8
      vertex -8.03461 -0.497514 4.35
    endloop
  endfacet
  facet normal 0.990757 0.135652 0
    outer loop
      vertex -7.94616 -1.28879 8
      vertex -8.00018 -0.894246 4.35
      vertex -8.00018 -0.894246 8
    endloop
  endfacet
  facet normal 0.990757 0.135652 0
    outer loop
      vertex -8.00018 -0.894246 4.35
      vertex -7.94616 -1.28879 8
      vertex -7.94616 -1.28879 4.35
    endloop
  endfacet
  facet normal 0.944753 0.327783 0
    outer loop
      vertex -7.53769 -2.8259 8
      vertex -7.66822 -2.44968 4.35
      vertex -7.66822 -2.44968 8
    endloop
  endfacet
  facet normal 0.944753 0.327783 0
    outer loop
      vertex -7.66822 -2.44968 4.35
      vertex -7.53769 -2.8259 8
      vertex -7.53769 -2.8259 4.35
    endloop
  endfacet
  facet normal 0.972517 0.232833 0
    outer loop
      vertex -7.77998 -2.06746 8
      vertex -7.8727 -1.68018 4.35
      vertex -7.8727 -1.68018 8
    endloop
  endfacet
  facet normal 0.972517 0.232833 0
    outer loop
      vertex -7.8727 -1.68018 4.35
      vertex -7.77998 -2.06746 8
      vertex -7.77998 -2.06746 4.35
    endloop
  endfacet
  facet normal 0.777407 0.628997 0
    outer loop
      vertex -6.13096 -5.21669 8
      vertex -6.38144 -4.90711 4.35
      vertex -6.38144 -4.90711 8
    endloop
  endfacet
  facet normal 0.777407 0.628997 0
    outer loop
      vertex -6.38144 -4.90711 4.35
      vertex -6.13096 -5.21669 8
      vertex -6.13096 -5.21669 4.35
    endloop
  endfacet
  facet normal 0.807556 0.589791 0
    outer loop
      vertex -6.38144 -4.90711 8
      vertex -6.61631 -4.58552 4.35
      vertex -6.61631 -4.58552 8
    endloop
  endfacet
  facet normal 0.807556 0.589791 0
    outer loop
      vertex -6.61631 -4.58552 4.35
      vertex -6.38144 -4.90711 8
      vertex -6.38144 -4.90711 4.35
    endloop
  endfacet
  facet normal 0.745348 0.666675 0
    outer loop
      vertex -5.86547 -5.51351 8
      vertex -6.13096 -5.21669 4.35
      vertex -6.13096 -5.21669 8
    endloop
  endfacet
  facet normal 0.745348 0.666675 0
    outer loop
      vertex -6.13096 -5.21669 4.35
      vertex -5.86547 -5.51351 8
      vertex -5.86547 -5.51351 4.35
    endloop
  endfacet
  facet normal 0.861873 0.507124 0
    outer loop
      vertex -6.83498 -4.25271 8
      vertex -7.03693 -3.90949 4.35
      vertex -7.03693 -3.90949 8
    endloop
  endfacet
  facet normal 0.861873 0.507124 0
    outer loop
      vertex -7.03693 -3.90949 4.35
      vertex -6.83498 -4.25271 8
      vertex -6.83498 -4.25271 4.35
    endloop
  endfacet
  facet normal 0.835744 0.549119 0
    outer loop
      vertex -6.61631 -4.58552 8
      vertex -6.83498 -4.25271 4.35
      vertex -6.83498 -4.25271 8
    endloop
  endfacet
  facet normal 0.835744 0.549119 0
    outer loop
      vertex -6.83498 -4.25271 4.35
      vertex -6.61631 -4.58552 8
      vertex -6.61631 -4.58552 4.35
    endloop
  endfacet
  facet normal 0.90776 0.41949 0
    outer loop
      vertex -7.22166 -3.5567 8
      vertex -7.38871 -3.19521 4.35
      vertex -7.38871 -3.19521 8
    endloop
  endfacet
  facet normal 0.90776 0.41949 0
    outer loop
      vertex -7.38871 -3.19521 4.35
      vertex -7.22166 -3.5567 8
      vertex -7.22166 -3.5567 4.35
    endloop
  endfacet
  facet normal 0.675846 0.737043 -0
    outer loop
      vertex -5.29212 -6.06597 4.35
      vertex -5.58563 -5.79683 8
      vertex -5.29212 -6.06597 8
    endloop
  endfacet
  facet normal 0.675846 0.737043 0
    outer loop
      vertex -5.58563 -5.79683 8
      vertex -5.29212 -6.06597 4.35
      vertex -5.58563 -5.79683 4.35
    endloop
  endfacet
  facet normal 0.599735 0.800199 -0
    outer loop
      vertex -4.667 -6.55909 4.35
      vertex -4.98566 -6.32026 8
      vertex -4.667 -6.55909 8
    endloop
  endfacet
  facet normal 0.599735 0.800199 0
    outer loop
      vertex -4.98566 -6.32026 8
      vertex -4.667 -6.55909 4.35
      vertex -4.98566 -6.32026 4.35
    endloop
  endfacet
  facet normal 0.430685 0.902502 -0
    outer loop
      vertex -3.28635 -7.34863 4.35
      vertex -3.64575 -7.17712 8
      vertex -3.28635 -7.34863 8
    endloop
  endfacet
  facet normal 0.430685 0.902502 0
    outer loop
      vertex -3.64575 -7.17712 8
      vertex -3.28635 -7.34863 4.35
      vertex -3.64575 -7.17712 4.35
    endloop
  endfacet
  facet normal 0.517742 0.855537 -0
    outer loop
      vertex -3.99622 -6.98804 4.35
      vertex -4.33692 -6.78186 8
      vertex -3.99622 -6.98804 8
    endloop
  endfacet
  facet normal 0.517742 0.855537 0
    outer loop
      vertex -4.33692 -6.78186 8
      vertex -3.99622 -6.98804 4.35
      vertex -4.33692 -6.78186 4.35
    endloop
  endfacet
  facet normal 0.339433 0.94063 -0
    outer loop
      vertex -2.54433 -7.63733 4.35
      vertex -2.91891 -7.50216 8
      vertex -2.54433 -7.63733 8
    endloop
  endfacet
  facet normal 0.339433 0.94063 0
    outer loop
      vertex -2.91891 -7.50216 8
      vertex -2.54433 -7.63733 4.35
      vertex -2.91891 -7.50216 4.35
    endloop
  endfacet
  facet normal 0.244857 0.969559 -0
    outer loop
      vertex -1.77742 -7.85132 4.35
      vertex -2.16353 -7.75381 8
      vertex -1.77742 -7.85132 8
    endloop
  endfacet
  facet normal 0.244857 0.969559 0
    outer loop
      vertex -2.16353 -7.75381 8
      vertex -1.77742 -7.85132 4.35
      vertex -2.16353 -7.75381 4.35
    endloop
  endfacet
  facet normal 0.0987884 0.995108 -0
    outer loop
      vertex -0.596848 -8.02784 4.35
      vertex -0.993125 -7.9885 8
      vertex -0.596848 -8.02784 8
    endloop
  endfacet
  facet normal 0.0987884 0.995108 0
    outer loop
      vertex -0.993125 -7.9885 8
      vertex -0.596848 -8.02784 4.35
      vertex -0.993125 -7.9885 4.35
    endloop
  endfacet
  facet normal 0.147857 0.989009 -0
    outer loop
      vertex -0.993125 -7.9885 4.35
      vertex -1.38697 -7.92962 8
      vertex -0.993125 -7.9885 8
    endloop
  endfacet
  facet normal 0.147857 0.989009 0
    outer loop
      vertex -1.38697 -7.92962 8
      vertex -0.993125 -7.9885 4.35
      vertex -1.38697 -7.92962 4.35
    endloop
  endfacet
  facet normal 0.0494697 0.998776 -0
    outer loop
      vertex -0.199112 -8.04754 4.35
      vertex -0.596848 -8.02784 8
      vertex -0.199112 -8.04754 8
    endloop
  endfacet
  facet normal 0.0494697 0.998776 0
    outer loop
      vertex -0.596848 -8.02784 8
      vertex -0.199112 -8.04754 4.35
      vertex -0.596848 -8.02784 4.35
    endloop
  endfacet
  facet normal -0.0740793 -0.997252 0
    outer loop
      vertex 0.398102 29.0401 4.35
      vertex 0.79523 29.0106 8
      vertex 0.398102 29.0401 8
    endloop
  endfacet
  facet normal -0.0740793 -0.997252 -0
    outer loop
      vertex 0.79523 29.0106 8
      vertex 0.398102 29.0401 4.35
      vertex 0.79523 29.0106 4.35
    endloop
  endfacet
  facet normal -0.993811 -0.111082 0
    outer loop
      vertex 8.01985 21.6961 4.35
      vertex 7.97561 22.0919 8
      vertex 7.97561 22.0919 4.35
    endloop
  endfacet
  facet normal -0.993811 -0.111082 0
    outer loop
      vertex 7.97561 22.0919 8
      vertex 8.01985 21.6961 4.35
      vertex 8.01985 21.6961 8
    endloop
  endfacet
  facet normal -0.998089 -0.0617936 0
    outer loop
      vertex 8.04446 21.2986 4.35
      vertex 8.01985 21.6961 8
      vertex 8.01985 21.6961 4.35
    endloop
  endfacet
  facet normal -0.998089 -0.0617936 0
    outer loop
      vertex 8.01985 21.6961 8
      vertex 8.04446 21.2986 4.35
      vertex 8.04446 21.2986 8
    endloop
  endfacet
  facet normal -0.987093 -0.160145 0
    outer loop
      vertex 7.97561 22.0919 4.35
      vertex 7.91185 22.4849 8
      vertex 7.91185 22.4849 4.35
    endloop
  endfacet
  facet normal -0.987093 -0.160145 0
    outer loop
      vertex 7.91185 22.4849 8
      vertex 7.97561 22.0919 4.35
      vertex 7.97561 22.0919 8
    endloop
  endfacet
  facet normal -0.952567 -0.304329 0
    outer loop
      vertex 7.72646 23.2593 4.35
      vertex 7.60528 23.6386 8
      vertex 7.60528 23.6386 4.35
    endloop
  endfacet
  facet normal -0.952567 -0.304329 0
    outer loop
      vertex 7.60528 23.6386 8
      vertex 7.72646 23.2593 4.35
      vertex 7.72646 23.2593 8
    endloop
  endfacet
  facet normal -0.936368 -0.351019 0
    outer loop
      vertex 7.60528 23.6386 4.35
      vertex 7.46549 24.0115 8
      vertex 7.46549 24.0115 4.35
    endloop
  endfacet
  facet normal -0.936368 -0.351019 0
    outer loop
      vertex 7.46549 24.0115 8
      vertex 7.60528 23.6386 4.35
      vertex 7.60528 23.6386 8
    endloop
  endfacet
  facet normal -0.96646 -0.256819 0
    outer loop
      vertex 7.82874 22.8744 4.35
      vertex 7.72646 23.2593 8
      vertex 7.72646 23.2593 4.35
    endloop
  endfacet
  facet normal -0.96646 -0.256819 0
    outer loop
      vertex 7.72646 23.2593 8
      vertex 7.82874 22.8744 4.35
      vertex 7.82874 22.8744 8
    endloop
  endfacet
  facet normal -0.761623 -0.64802 0
    outer loop
      vertex 6.25811 26.0634 4.35
      vertex 6.00005 26.3667 8
      vertex 6.00005 26.3667 4.35
    endloop
  endfacet
  facet normal -0.761623 -0.64802 0
    outer loop
      vertex 6.00005 26.3667 8
      vertex 6.25811 26.0634 4.35
      vertex 6.25811 26.0634 8
    endloop
  endfacet
  facet normal -0.792647 -0.60968 0
    outer loop
      vertex 6.50086 25.7478 4.35
      vertex 6.25811 26.0634 8
      vertex 6.25811 26.0634 4.35
    endloop
  endfacet
  facet normal -0.792647 -0.60968 0
    outer loop
      vertex 6.25811 26.0634 8
      vertex 6.50086 25.7478 4.35
      vertex 6.50086 25.7478 8
    endloop
  endfacet
  facet normal -0.728675 -0.684859 0
    outer loop
      vertex 6.00005 26.3667 4.35
      vertex 5.7273 26.6569 8
      vertex 5.7273 26.6569 4.35
    endloop
  endfacet
  facet normal -0.728675 -0.684859 0
    outer loop
      vertex 5.7273 26.6569 8
      vertex 6.00005 26.3667 4.35
      vertex 6.00005 26.3667 8
    endloop
  endfacet
  facet normal -0.849119 -0.528201 0
    outer loop
      vertex 6.93808 25.0823 4.35
      vertex 6.7277 25.4205 8
      vertex 6.7277 25.4205 4.35
    endloop
  endfacet
  facet normal -0.849119 -0.528201 0
    outer loop
      vertex 6.7277 25.4205 8
      vertex 6.93808 25.0823 4.35
      vertex 6.93808 25.0823 8
    endloop
  endfacet
  facet normal -0.897083 -0.441861 0
    outer loop
      vertex 7.30742 24.377 4.35
      vertex 7.13148 24.7342 8
      vertex 7.13148 24.7342 4.35
    endloop
  endfacet
  facet normal -0.897083 -0.441861 0
    outer loop
      vertex 7.13148 24.7342 8
      vertex 7.30742 24.377 4.35
      vertex 7.30742 24.377 8
    endloop
  endfacet
  facet normal -0.61929 -0.785162 0
    outer loop
      vertex 4.82781 27.4416 4.35
      vertex 5.14046 27.195 8
      vertex 4.82781 27.4416 8
    endloop
  endfacet
  facet normal -0.61929 -0.785162 -0
    outer loop
      vertex 5.14046 27.195 8
      vertex 4.82781 27.4416 4.35
      vertex 5.14046 27.195 4.35
    endloop
  endfacet
  facet normal -0.657409 -0.753534 0
    outer loop
      vertex 5.14046 27.195 4.35
      vertex 5.44054 26.9332 8
      vertex 5.14046 27.195 8
    endloop
  endfacet
  facet normal -0.657409 -0.753534 -0
    outer loop
      vertex 5.44054 26.9332 8
      vertex 5.14046 27.195 4.35
      vertex 5.44054 26.9332 4.35
    endloop
  endfacet
  facet normal -0.5798 -0.814759 0
    outer loop
      vertex 4.50334 27.6725 4.35
      vertex 4.82781 27.4416 8
      vertex 4.50334 27.6725 8
    endloop
  endfacet
  facet normal -0.5798 -0.814759 -0
    outer loop
      vertex 4.82781 27.4416 8
      vertex 4.50334 27.6725 4.35
      vertex 4.82781 27.4416 4.35
    endloop
  endfacet
  facet normal -0.45299 -0.891516 0
    outer loop
      vertex 3.46711 28.2651 4.35
      vertex 3.82215 28.0847 8
      vertex 3.46711 28.2651 8
    endloop
  endfacet
  facet normal -0.45299 -0.891516 -0
    outer loop
      vertex 3.82215 28.0847 8
      vertex 3.46711 28.2651 4.35
      vertex 3.82215 28.0847 4.35
    endloop
  endfacet
  facet normal -0.408299 -0.912848 0
    outer loop
      vertex 3.10358 28.4277 4.35
      vertex 3.46711 28.2651 8
      vertex 3.10358 28.4277 8
    endloop
  endfacet
  facet normal -0.408299 -0.912848 -0
    outer loop
      vertex 3.46711 28.2651 8
      vertex 3.10358 28.4277 4.35
      vertex 3.46711 28.2651 4.35
    endloop
  endfacet
  facet normal -0.496247 -0.868181 0
    outer loop
      vertex 3.82215 28.0847 4.35
      vertex 4.16785 27.8871 8
      vertex 3.82215 28.0847 8
    endloop
  endfacet
  facet normal -0.496247 -0.868181 -0
    outer loop
      vertex 4.16785 27.8871 8
      vertex 3.82215 28.0847 4.35
      vertex 4.16785 27.8871 4.35
    endloop
  endfacet
  facet normal -0.315919 -0.948786 0
    outer loop
      vertex 2.35465 28.6979 4.35
      vertex 2.73246 28.5721 8
      vertex 2.35465 28.6979 8
    endloop
  endfacet
  facet normal -0.315919 -0.948786 -0
    outer loop
      vertex 2.73246 28.5721 8
      vertex 2.35465 28.6979 4.35
      vertex 2.73246 28.5721 4.35
    endloop
  endfacet
  facet normal -0.220731 -0.975335 0
    outer loop
      vertex 1.58268 28.8929 4.35
      vertex 1.97108 28.805 8
      vertex 1.58268 28.8929 8
    endloop
  endfacet
  facet normal -0.220731 -0.975335 -0
    outer loop
      vertex 1.97108 28.805 8
      vertex 1.58268 28.8929 4.35
      vertex 1.97108 28.805 4.35
    endloop
  endfacet
  facet normal -0.0248603 -0.999691 0
    outer loop
      vertex 0 29.05 4.35
      vertex 0.398102 29.0401 8
      vertex 0 29.05 8
    endloop
  endfacet
  facet normal -0.0248603 -0.999691 -0
    outer loop
      vertex 0.398102 29.0401 8
      vertex 0 29.05 4.35
      vertex 0.398102 29.0401 4.35
    endloop
  endfacet
  facet normal -0.972517 0.232833 0
    outer loop
      vertex 7.77998 -2.06746 4.35
      vertex 7.8727 -1.68018 8
      vertex 7.8727 -1.68018 4.35
    endloop
  endfacet
  facet normal -0.972517 0.232833 0
    outer loop
      vertex 7.8727 -1.68018 8
      vertex 7.77998 -2.06746 4.35
      vertex 7.77998 -2.06746 8
    endloop
  endfacet
  facet normal -0.990757 0.135652 0
    outer loop
      vertex 7.94616 -1.28879 4.35
      vertex 8.00018 -0.894246 8
      vertex 8.00018 -0.894246 4.35
    endloop
  endfacet
  facet normal -0.990757 0.135652 0
    outer loop
      vertex 8.00018 -0.894246 8
      vertex 7.94616 -1.28879 4.35
      vertex 7.94616 -1.28879 8
    endloop
  endfacet
  facet normal -0.675846 0.737043 0
    outer loop
      vertex 5.58563 -5.79683 4.35
      vertex 5.29212 -6.06597 8
      vertex 5.58563 -5.79683 8
    endloop
  endfacet
  facet normal -0.675846 0.737043 0
    outer loop
      vertex 5.29212 -6.06597 8
      vertex 5.58563 -5.79683 4.35
      vertex 5.29212 -6.06597 4.35
    endloop
  endfacet
  facet normal -0.90776 0.41949 0
    outer loop
      vertex 7.22166 -3.5567 4.35
      vertex 7.38871 -3.19521 8
      vertex 7.38871 -3.19521 4.35
    endloop
  endfacet
  facet normal -0.90776 0.41949 0
    outer loop
      vertex 7.38871 -3.19521 8
      vertex 7.22166 -3.5567 4.35
      vertex 7.22166 -3.5567 8
    endloop
  endfacet
  facet normal -0.517742 0.855537 0
    outer loop
      vertex 4.33692 -6.78186 4.35
      vertex 3.99622 -6.98804 8
      vertex 4.33692 -6.78186 8
    endloop
  endfacet
  facet normal -0.517742 0.855537 0
    outer loop
      vertex 3.99622 -6.98804 8
      vertex 4.33692 -6.78186 4.35
      vertex 3.99622 -6.98804 4.35
    endloop
  endfacet
  facet normal -0.559414 0.828888 0
    outer loop
      vertex 4.667 -6.55909 4.35
      vertex 4.33692 -6.78186 8
      vertex 4.667 -6.55909 8
    endloop
  endfacet
  facet normal -0.559414 0.828888 0
    outer loop
      vertex 4.33692 -6.78186 8
      vertex 4.667 -6.55909 4.35
      vertex 4.33692 -6.78186 4.35
    endloop
  endfacet
  facet normal -0.385535 0.922693 0
    outer loop
      vertex 3.28635 -7.34863 4.35
      vertex 2.91891 -7.50216 8
      vertex 3.28635 -7.34863 8
    endloop
  endfacet
  facet normal -0.385535 0.922693 0
    outer loop
      vertex 2.91891 -7.50216 8
      vertex 3.28635 -7.34863 4.35
      vertex 2.91891 -7.50216 4.35
    endloop
  endfacet
  facet normal -0.147857 0.989009 0
    outer loop
      vertex 1.38697 -7.92962 4.35
      vertex 0.993125 -7.9885 8
      vertex 1.38697 -7.92962 8
    endloop
  endfacet
  facet normal -0.147857 0.989009 0
    outer loop
      vertex 0.993125 -7.9885 8
      vertex 1.38697 -7.92962 4.35
      vertex 0.993125 -7.9885 4.35
    endloop
  endfacet
  facet normal 0.123299 -0.99237 0
    outer loop
      vertex -1.19041 28.9615 4.35
      vertex -0.79523 29.0106 8
      vertex -1.19041 28.9615 8
    endloop
  endfacet
  facet normal 0.123299 -0.99237 0
    outer loop
      vertex -0.79523 29.0106 8
      vertex -1.19041 28.9615 4.35
      vertex -0.79523 29.0106 4.35
    endloop
  endfacet
  facet normal 0.0740793 -0.997252 0
    outer loop
      vertex -0.79523 29.0106 4.35
      vertex -0.398102 29.0401 8
      vertex -0.79523 29.0106 8
    endloop
  endfacet
  facet normal 0.0740793 -0.997252 0
    outer loop
      vertex -0.398102 29.0401 8
      vertex -0.79523 29.0106 4.35
      vertex -0.398102 29.0401 4.35
    endloop
  endfacet
  facet normal 0.268932 -0.963159 0
    outer loop
      vertex -2.35465 28.6979 4.35
      vertex -1.97108 28.805 8
      vertex -2.35465 28.6979 8
    endloop
  endfacet
  facet normal 0.268932 -0.963159 0
    outer loop
      vertex -1.97108 28.805 8
      vertex -2.35465 28.6979 4.35
      vertex -1.97108 28.805 4.35
    endloop
  endfacet
  facet normal 0.5798 -0.814759 0
    outer loop
      vertex -4.82781 27.4416 4.35
      vertex -4.50334 27.6725 8
      vertex -4.82781 27.4416 8
    endloop
  endfacet
  facet normal 0.5798 -0.814759 0
    outer loop
      vertex -4.50334 27.6725 8
      vertex -4.82781 27.4416 4.35
      vertex -4.50334 27.6725 4.35
    endloop
  endfacet
  facet normal 0.496247 -0.868181 0
    outer loop
      vertex -4.16785 27.8871 4.35
      vertex -3.82215 28.0847 8
      vertex -4.16785 27.8871 8
    endloop
  endfacet
  facet normal 0.496247 -0.868181 0
    outer loop
      vertex -3.82215 28.0847 8
      vertex -4.16785 27.8871 4.35
      vertex -3.82215 28.0847 4.35
    endloop
  endfacet
  facet normal 0.408299 -0.912848 0
    outer loop
      vertex -3.46711 28.2651 4.35
      vertex -3.10358 28.4277 8
      vertex -3.46711 28.2651 8
    endloop
  endfacet
  facet normal 0.408299 -0.912848 0
    outer loop
      vertex -3.10358 28.4277 8
      vertex -3.46711 28.2651 4.35
      vertex -3.10358 28.4277 4.35
    endloop
  endfacet
  facet normal 0.362611 -0.931941 0
    outer loop
      vertex -3.10358 28.4277 4.35
      vertex -2.73246 28.5721 8
      vertex -3.10358 28.4277 8
    endloop
  endfacet
  facet normal 0.362611 -0.931941 0
    outer loop
      vertex -2.73246 28.5721 8
      vertex -3.10358 28.4277 4.35
      vertex -2.73246 28.5721 4.35
    endloop
  endfacet
  facet normal 0.874145 -0.485664 0
    outer loop
      vertex -7.13148 24.7342 8
      vertex -6.93808 25.0823 4.35
      vertex -6.93808 25.0823 8
    endloop
  endfacet
  facet normal 0.874145 -0.485664 0
    outer loop
      vertex -6.93808 25.0823 4.35
      vertex -7.13148 24.7342 8
      vertex -7.13148 24.7342 4.35
    endloop
  endfacet
  facet normal 0.952567 -0.304329 0
    outer loop
      vertex -7.72646 23.2593 8
      vertex -7.60528 23.6386 4.35
      vertex -7.60528 23.6386 8
    endloop
  endfacet
  facet normal 0.952567 -0.304329 0
    outer loop
      vertex -7.60528 23.6386 4.35
      vertex -7.72646 23.2593 8
      vertex -7.72646 23.2593 4.35
    endloop
  endfacet
  facet normal 0.821901 -0.56963 0
    outer loop
      vertex -6.7277 25.4205 8
      vertex -6.50086 25.7478 4.35
      vertex -6.50086 25.7478 8
    endloop
  endfacet
  facet normal 0.821901 -0.56963 0
    outer loop
      vertex -6.50086 25.7478 4.35
      vertex -6.7277 25.4205 8
      vertex -6.7277 25.4205 4.35
    endloop
  endfacet
  facet normal 0.761623 -0.64802 0
    outer loop
      vertex -6.25811 26.0634 8
      vertex -6.00005 26.3667 4.35
      vertex -6.00005 26.3667 8
    endloop
  endfacet
  facet normal 0.761623 -0.64802 0
    outer loop
      vertex -6.00005 26.3667 4.35
      vertex -6.25811 26.0634 8
      vertex -6.25811 26.0634 4.35
    endloop
  endfacet
  facet normal 0.657409 -0.753534 0
    outer loop
      vertex -5.44054 26.9332 4.35
      vertex -5.14046 27.195 8
      vertex -5.44054 26.9332 8
    endloop
  endfacet
  facet normal 0.657409 -0.753534 0
    outer loop
      vertex -5.14046 27.195 8
      vertex -5.44054 26.9332 4.35
      vertex -5.14046 27.195 4.35
    endloop
  endfacet
  facet normal 0.996255 0.0864591 0
    outer loop
      vertex -8.00018 -0.894246 8
      vertex -8.03461 -0.497514 4.35
      vertex -8.03461 -0.497514 8
    endloop
  endfacet
  facet normal 0.996255 0.0864591 0
    outer loop
      vertex -8.03461 -0.497514 4.35
      vertex -8.00018 -0.894246 8
      vertex -8.00018 -0.894246 4.35
    endloop
  endfacet
  facet normal 0.982838 0.184469 0
    outer loop
      vertex -7.8727 -1.68018 8
      vertex -7.94616 -1.28879 4.35
      vertex -7.94616 -1.28879 8
    endloop
  endfacet
  facet normal 0.982838 0.184469 0
    outer loop
      vertex -7.94616 -1.28879 4.35
      vertex -7.8727 -1.68018 8
      vertex -7.8727 -1.68018 4.35
    endloop
  endfacet
  facet normal 0.927385 0.374108 0
    outer loop
      vertex -7.38871 -3.19521 8
      vertex -7.53769 -2.8259 4.35
      vertex -7.53769 -2.8259 8
    endloop
  endfacet
  facet normal 0.927385 0.374108 0
    outer loop
      vertex -7.53769 -2.8259 4.35
      vertex -7.38871 -3.19521 8
      vertex -7.38871 -3.19521 4.35
    endloop
  endfacet
  facet normal 0.959811 0.280646 0
    outer loop
      vertex -7.66822 -2.44968 8
      vertex -7.77998 -2.06746 4.35
      vertex -7.77998 -2.06746 8
    endloop
  endfacet
  facet normal 0.959811 0.280646 0
    outer loop
      vertex -7.77998 -2.06746 4.35
      vertex -7.66822 -2.44968 8
      vertex -7.66822 -2.44968 4.35
    endloop
  endfacet
  facet normal 0.711463 0.702724 0
    outer loop
      vertex -5.58563 -5.79683 8
      vertex -5.86547 -5.51351 4.35
      vertex -5.86547 -5.51351 8
    endloop
  endfacet
  facet normal 0.711463 0.702724 0
    outer loop
      vertex -5.86547 -5.51351 4.35
      vertex -5.58563 -5.79683 8
      vertex -5.58563 -5.79683 4.35
    endloop
  endfacet
  facet normal 0.885898 0.463879 0
    outer loop
      vertex -7.03693 -3.90949 8
      vertex -7.22166 -3.5567 4.35
      vertex -7.22166 -3.5567 8
    endloop
  endfacet
  facet normal 0.885898 0.463879 0
    outer loop
      vertex -7.22166 -3.5567 4.35
      vertex -7.03693 -3.90949 8
      vertex -7.03693 -3.90949 4.35
    endloop
  endfacet
  facet normal 0.638563 0.76957 -0
    outer loop
      vertex -4.98566 -6.32026 4.35
      vertex -5.29212 -6.06597 8
      vertex -4.98566 -6.32026 8
    endloop
  endfacet
  facet normal 0.638563 0.76957 0
    outer loop
      vertex -5.29212 -6.06597 8
      vertex -4.98566 -6.32026 4.35
      vertex -5.29212 -6.06597 4.35
    endloop
  endfacet
  facet normal 0.559414 0.828888 -0
    outer loop
      vertex -4.33692 -6.78186 4.35
      vertex -4.667 -6.55909 8
      vertex -4.33692 -6.78186 8
    endloop
  endfacet
  facet normal 0.559414 0.828888 0
    outer loop
      vertex -4.667 -6.55909 8
      vertex -4.33692 -6.78186 4.35
      vertex -4.667 -6.55909 4.35
    endloop
  endfacet
  facet normal 0.385535 0.922693 -0
    outer loop
      vertex -2.91891 -7.50216 4.35
      vertex -3.28635 -7.34863 8
      vertex -2.91891 -7.50216 8
    endloop
  endfacet
  facet normal 0.385535 0.922693 0
    outer loop
      vertex -3.28635 -7.34863 8
      vertex -2.91891 -7.50216 4.35
      vertex -3.28635 -7.34863 4.35
    endloop
  endfacet
  facet normal 0.474811 0.880088 -0
    outer loop
      vertex -3.64575 -7.17712 4.35
      vertex -3.99622 -6.98804 8
      vertex -3.64575 -7.17712 8
    endloop
  endfacet
  facet normal 0.474811 0.880088 0
    outer loop
      vertex -3.99622 -6.98804 8
      vertex -3.64575 -7.17712 4.35
      vertex -3.99622 -6.98804 4.35
    endloop
  endfacet
  facet normal 0.292504 0.956264 -0
    outer loop
      vertex -2.16353 -7.75381 4.35
      vertex -2.54433 -7.63733 8
      vertex -2.16353 -7.75381 8
    endloop
  endfacet
  facet normal 0.292504 0.956264 0
    outer loop
      vertex -2.54433 -7.63733 8
      vertex -2.16353 -7.75381 4.35
      vertex -2.54433 -7.63733 4.35
    endloop
  endfacet
  facet normal 0.196623 0.980479 -0
    outer loop
      vertex -1.38697 -7.92962 4.35
      vertex -1.77742 -7.85132 8
      vertex -1.38697 -7.92962 8
    endloop
  endfacet
  facet normal 0.196623 0.980479 0
    outer loop
      vertex -1.77742 -7.85132 8
      vertex -1.38697 -7.92962 4.35
      vertex -1.77742 -7.85132 4.35
    endloop
  endfacet
  facet normal 0 1 -0
    outer loop
      vertex 0.199112 -8.04754 4.35
      vertex -0.199112 -8.04754 8
      vertex 0.199112 -8.04754 8
    endloop
  endfacet
  facet normal 0 1 0
    outer loop
      vertex -0.199112 -8.04754 8
      vertex 0.199112 -8.04754 4.35
      vertex -0.199112 -8.04754 4.35
    endloop
  endfacet
  facet normal -0.123299 -0.99237 0
    outer loop
      vertex 0.79523 29.0106 4.35
      vertex 1.19041 28.9615 8
      vertex 0.79523 29.0106 8
    endloop
  endfacet
  facet normal -0.123299 -0.99237 -0
    outer loop
      vertex 1.19041 28.9615 8
      vertex 0.79523 29.0106 4.35
      vertex 1.19041 28.9615 4.35
    endloop
  endfacet
  facet normal -0.982838 0.184469 0
    outer loop
      vertex 7.8727 -1.68018 4.35
      vertex 7.94616 -1.28879 8
      vertex 7.94616 -1.28879 4.35
    endloop
  endfacet
  facet normal -0.982838 0.184469 0
    outer loop
      vertex 7.94616 -1.28879 8
      vertex 7.8727 -1.68018 4.35
      vertex 7.8727 -1.68018 8
    endloop
  endfacet
  facet normal -0.711463 0.702724 0
    outer loop
      vertex 5.58563 -5.79683 4.35
      vertex 5.86547 -5.51351 8
      vertex 5.86547 -5.51351 4.35
    endloop
  endfacet
  facet normal -0.711463 0.702724 0
    outer loop
      vertex 5.86547 -5.51351 8
      vertex 5.58563 -5.79683 4.35
      vertex 5.58563 -5.79683 8
    endloop
  endfacet
  facet normal -0.835744 0.549119 0
    outer loop
      vertex 6.61631 -4.58552 4.35
      vertex 6.83498 -4.25271 8
      vertex 6.83498 -4.25271 4.35
    endloop
  endfacet
  facet normal -0.835744 0.549119 0
    outer loop
      vertex 6.83498 -4.25271 8
      vertex 6.61631 -4.58552 4.35
      vertex 6.61631 -4.58552 8
    endloop
  endfacet
  facet normal -0.861873 0.507124 0
    outer loop
      vertex 6.83498 -4.25271 4.35
      vertex 7.03693 -3.90949 8
      vertex 7.03693 -3.90949 4.35
    endloop
  endfacet
  facet normal -0.861873 0.507124 0
    outer loop
      vertex 7.03693 -3.90949 8
      vertex 6.83498 -4.25271 4.35
      vertex 6.83498 -4.25271 8
    endloop
  endfacet
  facet normal -0.885898 0.463879 0
    outer loop
      vertex 7.03693 -3.90949 4.35
      vertex 7.22166 -3.5567 8
      vertex 7.22166 -3.5567 4.35
    endloop
  endfacet
  facet normal -0.885898 0.463879 0
    outer loop
      vertex 7.22166 -3.5567 8
      vertex 7.03693 -3.90949 4.35
      vertex 7.03693 -3.90949 8
    endloop
  endfacet
  facet normal -0.927385 0.374108 0
    outer loop
      vertex 7.38871 -3.19521 4.35
      vertex 7.53769 -2.8259 8
      vertex 7.53769 -2.8259 4.35
    endloop
  endfacet
  facet normal -0.927385 0.374108 0
    outer loop
      vertex 7.53769 -2.8259 8
      vertex 7.38871 -3.19521 4.35
      vertex 7.38871 -3.19521 8
    endloop
  endfacet
  facet normal -0.430685 0.902502 0
    outer loop
      vertex 3.64575 -7.17712 4.35
      vertex 3.28635 -7.34863 8
      vertex 3.64575 -7.17712 8
    endloop
  endfacet
  facet normal -0.430685 0.902502 0
    outer loop
      vertex 3.28635 -7.34863 8
      vertex 3.64575 -7.17712 4.35
      vertex 3.28635 -7.34863 4.35
    endloop
  endfacet
  facet normal -0.292504 0.956264 0
    outer loop
      vertex 2.54433 -7.63733 4.35
      vertex 2.16353 -7.75381 8
      vertex 2.54433 -7.63733 8
    endloop
  endfacet
  facet normal -0.292504 0.956264 0
    outer loop
      vertex 2.16353 -7.75381 8
      vertex 2.54433 -7.63733 4.35
      vertex 2.16353 -7.75381 4.35
    endloop
  endfacet
  facet normal 0.538851 -0.842401 0
    outer loop
      vertex -4.50334 27.6725 4.35
      vertex -4.16785 27.8871 8
      vertex -4.50334 27.6725 8
    endloop
  endfacet
  facet normal 0.538851 -0.842401 0
    outer loop
      vertex -4.16785 27.8871 8
      vertex -4.50334 27.6725 4.35
      vertex -4.16785 27.8871 4.35
    endloop
  endfacet
  facet normal 0.45299 -0.891516 0
    outer loop
      vertex -3.82215 28.0847 4.35
      vertex -3.46711 28.2651 8
      vertex -3.82215 28.0847 8
    endloop
  endfacet
  facet normal 0.45299 -0.891516 0
    outer loop
      vertex -3.46711 28.2651 8
      vertex -3.82215 28.0847 4.35
      vertex -3.46711 28.2651 4.35
    endloop
  endfacet
  facet normal 0.936368 -0.351019 0
    outer loop
      vertex -7.60528 23.6386 8
      vertex -7.46549 24.0115 4.35
      vertex -7.46549 24.0115 8
    endloop
  endfacet
  facet normal 0.936368 -0.351019 0
    outer loop
      vertex -7.46549 24.0115 4.35
      vertex -7.60528 23.6386 8
      vertex -7.60528 23.6386 4.35
    endloop
  endfacet
  facet normal 0.728675 -0.684859 0
    outer loop
      vertex -6.00005 26.3667 8
      vertex -5.7273 26.6569 4.35
      vertex -5.7273 26.6569 8
    endloop
  endfacet
  facet normal 0.728675 -0.684859 0
    outer loop
      vertex -5.7273 26.6569 4.35
      vertex -6.00005 26.3667 8
      vertex -6.00005 26.3667 4.35
    endloop
  endfacet
  facet normal -0.745348 0.666675 0
    outer loop
      vertex 5.86547 -5.51351 4.35
      vertex 6.13096 -5.21669 8
      vertex 6.13096 -5.21669 4.35
    endloop
  endfacet
  facet normal -0.745348 0.666675 0
    outer loop
      vertex 6.13096 -5.21669 8
      vertex 5.86547 -5.51351 4.35
      vertex 5.86547 -5.51351 8
    endloop
  endfacet
  facet normal -0.807556 0.589791 0
    outer loop
      vertex 6.38144 -4.90711 4.35
      vertex 6.61631 -4.58552 8
      vertex 6.61631 -4.58552 4.35
    endloop
  endfacet
  facet normal -0.807556 0.589791 0
    outer loop
      vertex 6.61631 -4.58552 8
      vertex 6.38144 -4.90711 4.35
      vertex 6.38144 -4.90711 8
    endloop
  endfacet
  facet normal -0.944753 0.327783 0
    outer loop
      vertex 7.53769 -2.8259 4.35
      vertex 7.66822 -2.44968 8
      vertex 7.66822 -2.44968 4.35
    endloop
  endfacet
  facet normal -0.944753 0.327783 0
    outer loop
      vertex 7.66822 -2.44968 8
      vertex 7.53769 -2.8259 4.35
      vertex 7.53769 -2.8259 8
    endloop
  endfacet
  facet normal -0.474811 0.880088 0
    outer loop
      vertex 3.99622 -6.98804 4.35
      vertex 3.64575 -7.17712 8
      vertex 3.99622 -6.98804 8
    endloop
  endfacet
  facet normal -0.474811 0.880088 0
    outer loop
      vertex 3.64575 -7.17712 8
      vertex 3.99622 -6.98804 4.35
      vertex 3.64575 -7.17712 4.35
    endloop
  endfacet
  facet normal -0.339433 0.94063 0
    outer loop
      vertex 2.91891 -7.50216 4.35
      vertex 2.54433 -7.63733 8
      vertex 2.91891 -7.50216 8
    endloop
  endfacet
  facet normal -0.339433 0.94063 0
    outer loop
      vertex 2.54433 -7.63733 8
      vertex 2.91891 -7.50216 4.35
      vertex 2.54433 -7.63733 4.35
    endloop
  endfacet
  facet normal -0.244857 0.969559 0
    outer loop
      vertex 2.16353 -7.75381 4.35
      vertex 1.77742 -7.85132 8
      vertex 2.16353 -7.75381 8
    endloop
  endfacet
  facet normal -0.244857 0.969559 0
    outer loop
      vertex 1.77742 -7.85132 8
      vertex 2.16353 -7.75381 4.35
      vertex 1.77742 -7.85132 4.35
    endloop
  endfacet
  facet normal -0 0.382656 0.923891
    outer loop
      vertex 39.65 -15.25 9.79904
      vertex 43.05 -15.6118 9.94889
      vertex 43.05 -15.25 9.79904
    endloop
  endfacet
  facet normal 0 0.382656 0.923891
    outer loop
      vertex 43.05 -15.6118 9.94889
      vertex 39.65 -15.25 9.79904
      vertex 39.65 -15.6118 9.94889
    endloop
  endfacet
  facet normal 0 -0.382656 -0.923891
    outer loop
      vertex 39.65 -31.75 0.200961
      vertex 43.05 -31.3882 0.0511112
      vertex 43.05 -31.75 0.200961
    endloop
  endfacet
  facet normal -0 -0.382656 -0.923891
    outer loop
      vertex 43.05 -31.3882 0.0511112
      vertex 39.65 -31.75 0.200961
      vertex 39.65 -31.3882 0.0511112
    endloop
  endfacet
  facet normal 0 1 -0
    outer loop
      vertex 43.05 -14.5 1.5
      vertex 39.65 -14.5 8.5
      vertex 43.05 -14.5 8.5
    endloop
  endfacet
  facet normal 0 1 0
    outer loop
      vertex 39.65 -14.5 8.5
      vertex 43.05 -14.5 1.5
      vertex 39.65 -14.5 1.5
    endloop
  endfacet
  facet normal 0 0.130535 -0.991444
    outer loop
      vertex 39.65 -16 0
      vertex 43.05 -15.6118 0.0511112
      vertex 43.05 -16 0
    endloop
  endfacet
  facet normal 0 0.130535 -0.991444
    outer loop
      vertex 43.05 -15.6118 0.0511112
      vertex 39.65 -16 0
      vertex 39.65 -15.6118 0.0511112
    endloop
  endfacet
  facet normal 1 -0 0
    outer loop
      vertex 43.05 -15.3186 8.6404
      vertex 43.05 -14.5 8.5
      vertex 43.05 -14.5511 8.88823
    endloop
  endfacet
  facet normal 1 0 0
    outer loop
      vertex 43.05 -14.5 8.5
      vertex 43.05 -14.5661 5.79321
      vertex 43.05 -14.5 1.5
    endloop
  endfacet
  facet normal 1 -0 0
    outer loop
      vertex 43.05 -14.5661 4.20679
      vertex 43.05 -14.5 1.5
      vertex 43.05 -14.5661 5.79321
    endloop
  endfacet
  facet normal 1 0 0
    outer loop
      vertex 43.05 -15.3186 8.6404
      vertex 43.05 -14.5511 8.88823
      vertex 43.05 -14.701 9.25
    endloop
  endfacet
  facet normal 1 0 0
    outer loop
      vertex 43.05 -14.5 8.5
      vertex 43.05 -14.7309 6.69386
      vertex 43.05 -14.5661 5.79321
    endloop
  endfacet
  facet normal 1 0 0
    outer loop
      vertex 43.05 -14.5 8.5
      vertex 43.05 -14.8562 7.37867
      vertex 43.05 -14.7309 6.69386
    endloop
  endfacet
  facet normal 1 0 0
    outer loop
      vertex 43.05 -15.4361 8.96123
      vertex 43.05 -14.701 9.25
      vertex 43.05 -14.9393 9.56066
    endloop
  endfacet
  facet normal 1 0 0
    outer loop
      vertex 43.05 -15.6446 9.33983
      vertex 43.05 -14.9393 9.56066
      vertex 43.05 -15.25 9.79904
    endloop
  endfacet
  facet normal 1 0 0
    outer loop
      vertex 43.05 -14.5 8.5
      vertex 43.05 -15.3186 8.6404
      vertex 43.05 -14.8562 7.37867
    endloop
  endfacet
  facet normal 1 0 0
    outer loop
      vertex 43.05 -14.701 9.25
      vertex 43.05 -15.4361 8.96123
      vertex 43.05 -15.3186 8.6404
    endloop
  endfacet
  facet normal 1 0 0
    outer loop
      vertex 43.05 -14.9393 9.56066
      vertex 43.05 -15.5095 9.09455
      vertex 43.05 -15.4361 8.96123
    endloop
  endfacet
  facet normal 1 0 0
    outer loop
      vertex 43.05 -15.6446 9.33983
      vertex 43.05 -15.25 9.79904
      vertex 43.05 -15.6118 9.94889
    endloop
  endfacet
  facet normal 1 0 0
    outer loop
      vertex 43.05 -14.9393 9.56066
      vertex 43.05 -15.6446 9.33983
      vertex 43.05 -15.5095 9.09455
    endloop
  endfacet
  facet normal 1 0 0
    outer loop
      vertex 43.05 -16 10
      vertex 43.05 -15.6446 9.33983
      vertex 43.05 -15.6118 9.94889
    endloop
  endfacet
  facet normal 1 0 0
    outer loop
      vertex 43.05 -15.6446 9.33983
      vertex 43.05 -16 10
      vertex 43.05 -16.0881 10
    endloop
  endfacet
  facet normal 1 -0 0
    outer loop
      vertex 43.05 -14.7309 3.30614
      vertex 43.05 -14.5 1.5
      vertex 43.05 -14.5661 4.20679
    endloop
  endfacet
  facet normal 1 -0 0
    outer loop
      vertex 43.05 -14.8562 2.62133
      vertex 43.05 -14.5 1.5
      vertex 43.05 -14.7309 3.30614
    endloop
  endfacet
  facet normal 1 0 0
    outer loop
      vertex 43.05 -15.3186 1.3596
      vertex 43.05 -14.5 1.5
      vertex 43.05 -14.8562 2.62133
    endloop
  endfacet
  facet normal 1 0 0
    outer loop
      vertex 43.05 -14.5 1.5
      vertex 43.05 -15.3186 1.3596
      vertex 43.05 -14.5511 1.11177
    endloop
  endfacet
  facet normal 1 0 0
    outer loop
      vertex 43.05 -14.5511 1.11177
      vertex 43.05 -15.3186 1.3596
      vertex 43.05 -14.701 0.75
    endloop
  endfacet
  facet normal 1 -0 0
    outer loop
      vertex 43.05 -15.4361 1.03877
      vertex 43.05 -14.701 0.75
      vertex 43.05 -15.3186 1.3596
    endloop
  endfacet
  facet normal 1 0 0
    outer loop
      vertex 43.05 -14.701 0.75
      vertex 43.05 -15.4361 1.03877
      vertex 43.05 -14.9393 0.43934
    endloop
  endfacet
  facet normal 1 -0 0
    outer loop
      vertex 43.05 -15.5095 0.905448
      vertex 43.05 -14.9393 0.43934
      vertex 43.05 -15.4361 1.03877
    endloop
  endfacet
  facet normal 1 -0 0
    outer loop
      vertex 43.05 -15.6446 0.660167
      vertex 43.05 -14.9393 0.43934
      vertex 43.05 -15.5095 0.905448
    endloop
  endfacet
  facet normal 1 0 0
    outer loop
      vertex 43.05 -14.9393 0.43934
      vertex 43.05 -15.6446 0.660167
      vertex 43.05 -15.25 0.200961
    endloop
  endfacet
  facet normal 1 0 0
    outer loop
      vertex 43.05 -15.25 0.200961
      vertex 43.05 -15.6446 0.660167
      vertex 43.05 -15.6118 0.0511112
    endloop
  endfacet
  facet normal 1 0 0
    outer loop
      vertex 43.05 -15.6446 0.660167
      vertex 43.05 -16 0
      vertex 43.05 -15.6118 0.0511112
    endloop
  endfacet
  facet normal 1 0 -0
    outer loop
      vertex 43.05 -16 0
      vertex 43.05 -15.6446 0.660167
      vertex 43.05 -16.0881 0
    endloop
  endfacet
  facet normal 1 -0 0
    outer loop
      vertex 43.05 -31 10
      vertex 43.05 -31.3554 9.33983
      vertex 43.05 -30.9119 10
    endloop
  endfacet
  facet normal 1 -0 0
    outer loop
      vertex 43.05 -31.3882 9.94889
      vertex 43.05 -31.3554 9.33983
      vertex 43.05 -31 10
    endloop
  endfacet
  facet normal 1 -0 0
    outer loop
      vertex 43.05 -31.75 9.79904
      vertex 43.05 -31.3554 9.33983
      vertex 43.05 -31.3882 9.94889
    endloop
  endfacet
  facet normal 1 -0 0
    outer loop
      vertex 43.05 -32.0607 9.56066
      vertex 43.05 -31.3554 9.33983
      vertex 43.05 -31.75 9.79904
    endloop
  endfacet
  facet normal 1 0 0
    outer loop
      vertex 43.05 -31.3554 9.33983
      vertex 43.05 -32.0607 9.56066
      vertex 43.05 -31.4905 9.09455
    endloop
  endfacet
  facet normal 1 0 0
    outer loop
      vertex 43.05 -31.4905 9.09455
      vertex 43.05 -32.0607 9.56066
      vertex 43.05 -31.5639 8.96123
    endloop
  endfacet
  facet normal 1 -0 0
    outer loop
      vertex 43.05 -32.299 9.25
      vertex 43.05 -31.5639 8.96123
      vertex 43.05 -32.0607 9.56066
    endloop
  endfacet
  facet normal 1 0 0
    outer loop
      vertex 43.05 -31.5639 8.96123
      vertex 43.05 -32.299 9.25
      vertex 43.05 -31.6814 8.6404
    endloop
  endfacet
  facet normal 1 0 0
    outer loop
      vertex 43.05 -31.6814 8.6404
      vertex 43.05 -32.5 8.5
      vertex 43.05 -32.1438 7.37867
    endloop
  endfacet
  facet normal 1 -0 0
    outer loop
      vertex 43.05 -32.4489 8.88823
      vertex 43.05 -31.6814 8.6404
      vertex 43.05 -32.299 9.25
    endloop
  endfacet
  facet normal 1 0 0
    outer loop
      vertex 43.05 -32.1438 7.37867
      vertex 43.05 -32.5 8.5
      vertex 43.05 -32.2691 6.69386
    endloop
  endfacet
  facet normal 1 0 0
    outer loop
      vertex 43.05 -32.2691 6.69386
      vertex 43.05 -32.5 8.5
      vertex 43.05 -32.4339 5.79321
    endloop
  endfacet
  facet normal 1 0 0
    outer loop
      vertex 43.05 -31.6814 8.6404
      vertex 43.05 -32.4489 8.88823
      vertex 43.05 -32.5 8.5
    endloop
  endfacet
  facet normal 1 0 0
    outer loop
      vertex 43.05 -31.3554 0.660167
      vertex 43.05 -31 0
      vertex 43.05 -30.9119 0
    endloop
  endfacet
  facet normal 1 0 0
    outer loop
      vertex 43.05 -31.3554 0.660167
      vertex 43.05 -31.3882 0.0511112
      vertex 43.05 -31 0
    endloop
  endfacet
  facet normal 1 0 0
    outer loop
      vertex 43.05 -32.0607 0.43934
      vertex 43.05 -31.3554 0.660167
      vertex 43.05 -31.4905 0.905448
    endloop
  endfacet
  facet normal 1 0 0
    outer loop
      vertex 43.05 -32.0607 0.43934
      vertex 43.05 -31.4905 0.905448
      vertex 43.05 -31.5639 1.03877
    endloop
  endfacet
  facet normal 1 0 0
    outer loop
      vertex 43.05 -32.299 0.75
      vertex 43.05 -31.5639 1.03877
      vertex 43.05 -31.6814 1.3596
    endloop
  endfacet
  facet normal 1 0 0
    outer loop
      vertex 43.05 -31.3554 0.660167
      vertex 43.05 -31.75 0.200961
      vertex 43.05 -31.3882 0.0511112
    endloop
  endfacet
  facet normal 1 0 0
    outer loop
      vertex 43.05 -31.3554 0.660167
      vertex 43.05 -32.0607 0.43934
      vertex 43.05 -31.75 0.200961
    endloop
  endfacet
  facet normal 1 -0 0
    outer loop
      vertex 43.05 -32.5 1.5
      vertex 43.05 -31.6814 1.3596
      vertex 43.05 -32.1438 2.62133
    endloop
  endfacet
  facet normal 1 0 0
    outer loop
      vertex 43.05 -32.5 1.5
      vertex 43.05 -32.1438 2.62133
      vertex 43.05 -32.2691 3.30614
    endloop
  endfacet
  facet normal 1 0 -0
    outer loop
      vertex 43.05 -32.4489 1.11177
      vertex 43.05 -31.6814 1.3596
      vertex 43.05 -32.5 1.5
    endloop
  endfacet
  facet normal 1 0 0
    outer loop
      vertex 43.05 -32.5 1.5
      vertex 43.05 -32.2691 3.30614
      vertex 43.05 -32.4339 4.20679
    endloop
  endfacet
  facet normal 1 0 0
    outer loop
      vertex 43.05 -31.5639 1.03877
      vertex 43.05 -32.299 0.75
      vertex 43.05 -32.0607 0.43934
    endloop
  endfacet
  facet normal 1 0 0
    outer loop
      vertex 43.05 -32.4339 5.79321
      vertex 43.05 -32.5 8.5
      vertex 43.05 -32.4339 4.20679
    endloop
  endfacet
  facet normal 1 0 0
    outer loop
      vertex 43.05 -32.5 1.5
      vertex 43.05 -32.4339 4.20679
      vertex 43.05 -32.5 8.5
    endloop
  endfacet
  facet normal 1 0 0
    outer loop
      vertex 43.05 -31.6814 1.3596
      vertex 43.05 -32.4489 1.11177
      vertex 43.05 -32.299 0.75
    endloop
  endfacet
  facet normal -0 0.130532 0.991444
    outer loop
      vertex 39.65 -15.6118 9.94889
      vertex 43.05 -16 10
      vertex 43.05 -15.6118 9.94889
    endloop
  endfacet
  facet normal 0 0.130532 0.991444
    outer loop
      vertex 43.05 -16 10
      vertex 39.65 -15.6118 9.94889
      vertex 39.65 -16 10
    endloop
  endfacet
  facet normal 0 0.923834 -0.382792
    outer loop
      vertex 43.05 -14.701 0.75
      vertex 39.65 -14.5511 1.11177
      vertex 43.05 -14.5511 1.11177
    endloop
  endfacet
  facet normal 0 0.923834 -0.382792
    outer loop
      vertex 39.65 -14.5511 1.11177
      vertex 43.05 -14.701 0.75
      vertex 39.65 -14.701 0.75
    endloop
  endfacet
  facet normal 0 0.382656 -0.923891
    outer loop
      vertex 39.65 -15.6118 0.0511112
      vertex 43.05 -15.25 0.200961
      vertex 43.05 -15.6118 0.0511112
    endloop
  endfacet
  facet normal 0 0.382656 -0.923891
    outer loop
      vertex 43.05 -15.25 0.200961
      vertex 39.65 -15.6118 0.0511112
      vertex 39.65 -15.25 0.200961
    endloop
  endfacet
  facet normal 0 -0.382656 0.923891
    outer loop
      vertex 39.65 -31.3882 9.94889
      vertex 43.05 -31.75 9.79904
      vertex 43.05 -31.3882 9.94889
    endloop
  endfacet
  facet normal 0 -0.382656 0.923891
    outer loop
      vertex 43.05 -31.75 9.79904
      vertex 39.65 -31.3882 9.94889
      vertex 39.65 -31.75 9.79904
    endloop
  endfacet
  facet normal 0 -0.608714 -0.79339
    outer loop
      vertex 39.65 -32.0607 0.43934
      vertex 43.05 -31.75 0.200961
      vertex 43.05 -32.0607 0.43934
    endloop
  endfacet
  facet normal -0 -0.608714 -0.79339
    outer loop
      vertex 43.05 -31.75 0.200961
      vertex 39.65 -32.0607 0.43934
      vertex 39.65 -31.75 0.200961
    endloop
  endfacet
  facet normal -0 0.608716 0.793388
    outer loop
      vertex 39.65 -14.9393 9.56066
      vertex 43.05 -15.25 9.79904
      vertex 43.05 -14.9393 9.56066
    endloop
  endfacet
  facet normal 0 0.608716 0.793388
    outer loop
      vertex 43.05 -15.25 9.79904
      vertex 39.65 -14.9393 9.56066
      vertex 39.65 -15.25 9.79904
    endloop
  endfacet
  facet normal 0 -0.130535 -0.991444
    outer loop
      vertex 39.65 -31.3882 0.0511112
      vertex 43.05 -31 0
      vertex 43.05 -31.3882 0.0511112
    endloop
  endfacet
  facet normal -0 -0.130535 -0.991444
    outer loop
      vertex 43.05 -31 0
      vertex 39.65 -31.3882 0.0511112
      vertex 39.65 -31 0
    endloop
  endfacet
  facet normal 0 0.608714 -0.79339
    outer loop
      vertex 39.65 -15.25 0.200961
      vertex 43.05 -14.9393 0.43934
      vertex 43.05 -15.25 0.200961
    endloop
  endfacet
  facet normal 0 0.608714 -0.79339
    outer loop
      vertex 43.05 -14.9393 0.43934
      vertex 39.65 -15.25 0.200961
      vertex 39.65 -14.9393 0.43934
    endloop
  endfacet
  facet normal 0 0.991449 -0.130497
    outer loop
      vertex 43.05 -14.5511 1.11177
      vertex 39.65 -14.5 1.5
      vertex 43.05 -14.5 1.5
    endloop
  endfacet
  facet normal 0 0.991449 -0.130497
    outer loop
      vertex 39.65 -14.5 1.5
      vertex 43.05 -14.5511 1.11177
      vertex 39.65 -14.5511 1.11177
    endloop
  endfacet
  facet normal 0 0.793449 -0.608636
    outer loop
      vertex 43.05 -14.9393 0.43934
      vertex 39.65 -14.701 0.75
      vertex 43.05 -14.701 0.75
    endloop
  endfacet
  facet normal 0 0.793449 -0.608636
    outer loop
      vertex 39.65 -14.701 0.75
      vertex 43.05 -14.9393 0.43934
      vertex 39.65 -14.9393 0.43934
    endloop
  endfacet
  facet normal 0 0.923834 0.382792
    outer loop
      vertex 43.05 -14.5511 8.88823
      vertex 39.65 -14.701 9.25
      vertex 43.05 -14.701 9.25
    endloop
  endfacet
  facet normal 0 0.923834 0.382792
    outer loop
      vertex 39.65 -14.701 9.25
      vertex 43.05 -14.5511 8.88823
      vertex 39.65 -14.5511 8.88823
    endloop
  endfacet
  facet normal 0 -0.130532 0.991444
    outer loop
      vertex 39.65 -31 10
      vertex 43.05 -31.3882 9.94889
      vertex 43.05 -31 10
    endloop
  endfacet
  facet normal 0 -0.130532 0.991444
    outer loop
      vertex 43.05 -31.3882 9.94889
      vertex 39.65 -31 10
      vertex 39.65 -31.3882 9.94889
    endloop
  endfacet
  facet normal 0 -0.793449 -0.608636
    outer loop
      vertex 39.65 -32.0607 0.43934
      vertex 43.05 -32.299 0.75
      vertex 39.65 -32.299 0.75
    endloop
  endfacet
  facet normal 0 -0.793449 -0.608636
    outer loop
      vertex 43.05 -32.299 0.75
      vertex 39.65 -32.0607 0.43934
      vertex 43.05 -32.0607 0.43934
    endloop
  endfacet
  facet normal 0 -1 0
    outer loop
      vertex 39.65 -32.5 1.5
      vertex 43.05 -32.5 8.5
      vertex 39.65 -32.5 8.5
    endloop
  endfacet
  facet normal 0 -1 -0
    outer loop
      vertex 43.05 -32.5 8.5
      vertex 39.65 -32.5 1.5
      vertex 43.05 -32.5 1.5
    endloop
  endfacet
  facet normal 0 -0.991449 0.130497
    outer loop
      vertex 39.65 -32.5 8.5
      vertex 43.05 -32.4489 8.88823
      vertex 39.65 -32.4489 8.88823
    endloop
  endfacet
  facet normal 0 -0.991449 0.130497
    outer loop
      vertex 43.05 -32.4489 8.88823
      vertex 39.65 -32.5 8.5
      vertex 43.05 -32.5 8.5
    endloop
  endfacet
  facet normal 0 -0.923834 0.382792
    outer loop
      vertex 39.65 -32.4489 8.88823
      vertex 43.05 -32.299 9.25
      vertex 39.65 -32.299 9.25
    endloop
  endfacet
  facet normal 0 -0.923834 0.382792
    outer loop
      vertex 43.05 -32.299 9.25
      vertex 39.65 -32.4489 8.88823
      vertex 43.05 -32.4489 8.88823
    endloop
  endfacet
  facet normal 0 0.991449 0.130497
    outer loop
      vertex 43.05 -14.5 8.5
      vertex 39.65 -14.5511 8.88823
      vertex 43.05 -14.5511 8.88823
    endloop
  endfacet
  facet normal 0 0.991449 0.130497
    outer loop
      vertex 39.65 -14.5511 8.88823
      vertex 43.05 -14.5 8.5
      vertex 39.65 -14.5 8.5
    endloop
  endfacet
  facet normal -1 0 0
    outer loop
      vertex 39.65 -16 0
      vertex 39.65 -14.5 1.5
      vertex 39.65 -14.5511 1.11177
    endloop
  endfacet
  facet normal -1 -0 0
    outer loop
      vertex 39.65 -14.5 1.5
      vertex 39.65 -21 0
      vertex 39.65 -14.5 8.5
    endloop
  endfacet
  facet normal -1 0 0
    outer loop
      vertex 39.65 -16 0
      vertex 39.65 -14.5511 1.11177
      vertex 39.65 -14.701 0.75
    endloop
  endfacet
  facet normal -1 0 0
    outer loop
      vertex 39.65 -14.5 1.5
      vertex 39.65 -16 0
      vertex 39.65 -21 0
    endloop
  endfacet
  facet normal -1 0 0
    outer loop
      vertex 39.65 -16 0
      vertex 39.65 -14.701 0.75
      vertex 39.65 -14.9393 0.43934
    endloop
  endfacet
  facet normal -1 0 0
    outer loop
      vertex 39.65 -21 10
      vertex 39.65 -14.5 8.5
      vertex 39.65 -21 0
    endloop
  endfacet
  facet normal -1 0 0
    outer loop
      vertex 39.65 -16 0
      vertex 39.65 -14.9393 0.43934
      vertex 39.65 -15.25 0.200961
    endloop
  endfacet
  facet normal -1 0 0
    outer loop
      vertex 39.65 -14.5511 8.88823
      vertex 39.65 -16 10
      vertex 39.65 -14.701 9.25
    endloop
  endfacet
  facet normal -1 0 0
    outer loop
      vertex 39.65 -16 0
      vertex 39.65 -15.25 0.200961
      vertex 39.65 -15.6118 0.0511112
    endloop
  endfacet
  facet normal -1 0 0
    outer loop
      vertex 39.65 -14.701 9.25
      vertex 39.65 -16 10
      vertex 39.65 -14.9393 9.56066
    endloop
  endfacet
  facet normal -1 0 0
    outer loop
      vertex 39.65 -14.9393 9.56066
      vertex 39.65 -16 10
      vertex 39.65 -15.25 9.79904
    endloop
  endfacet
  facet normal -1 0 0
    outer loop
      vertex 39.65 -15.25 9.79904
      vertex 39.65 -16 10
      vertex 39.65 -15.6118 9.94889
    endloop
  endfacet
  facet normal -1 -0 -0
    outer loop
      vertex 39.65 -16 10
      vertex 39.65 -14.5 8.5
      vertex 39.65 -21 10
    endloop
  endfacet
  facet normal -1 0 0
    outer loop
      vertex 39.65 -14.5 8.5
      vertex 39.65 -16 10
      vertex 39.65 -14.5511 8.88823
    endloop
  endfacet
  facet normal -1 0 0
    outer loop
      vertex 39.65 -32.5 1.5
      vertex 39.65 -26 0
      vertex 39.65 -31 0
    endloop
  endfacet
  facet normal -1 0 0
    outer loop
      vertex 39.65 -26 0
      vertex 39.65 -32.5 1.5
      vertex 39.65 -26 10
    endloop
  endfacet
  facet normal -1 0 0
    outer loop
      vertex 39.65 -32.5 1.5
      vertex 39.65 -31 0
      vertex 39.65 -31.3882 0.0511112
    endloop
  endfacet
  facet normal -1 0 0
    outer loop
      vertex 39.65 -32.5 8.5
      vertex 39.65 -26 10
      vertex 39.65 -32.5 1.5
    endloop
  endfacet
  facet normal -1 0 0
    outer loop
      vertex 39.65 -32.5 1.5
      vertex 39.65 -31.3882 0.0511112
      vertex 39.65 -31.75 0.200961
    endloop
  endfacet
  facet normal -1 -0 0
    outer loop
      vertex 39.65 -26 10
      vertex 39.65 -32.5 8.5
      vertex 39.65 -31 10
    endloop
  endfacet
  facet normal -1 0 0
    outer loop
      vertex 39.65 -32.5 1.5
      vertex 39.65 -31.75 0.200961
      vertex 39.65 -32.0607 0.43934
    endloop
  endfacet
  facet normal -1 0 0
    outer loop
      vertex 39.65 -31 10
      vertex 39.65 -32.5 8.5
      vertex 39.65 -31.3882 9.94889
    endloop
  endfacet
  facet normal -1 0 0
    outer loop
      vertex 39.65 -32.5 1.5
      vertex 39.65 -32.0607 0.43934
      vertex 39.65 -32.299 0.75
    endloop
  endfacet
  facet normal -1 0 0
    outer loop
      vertex 39.65 -31.3882 9.94889
      vertex 39.65 -32.5 8.5
      vertex 39.65 -31.75 9.79904
    endloop
  endfacet
  facet normal -1 0 0
    outer loop
      vertex 39.65 -32.5 1.5
      vertex 39.65 -32.299 0.75
      vertex 39.65 -32.4489 1.11177
    endloop
  endfacet
  facet normal -1 0 0
    outer loop
      vertex 39.65 -31.75 9.79904
      vertex 39.65 -32.5 8.5
      vertex 39.65 -32.0607 9.56066
    endloop
  endfacet
  facet normal -1 0 0
    outer loop
      vertex 39.65 -32.0607 9.56066
      vertex 39.65 -32.5 8.5
      vertex 39.65 -32.299 9.25
    endloop
  endfacet
  facet normal -1 0 0
    outer loop
      vertex 39.65 -32.299 9.25
      vertex 39.65 -32.5 8.5
      vertex 39.65 -32.4489 8.88823
    endloop
  endfacet
  facet normal 0 0.793449 0.608636
    outer loop
      vertex 43.05 -14.701 9.25
      vertex 39.65 -14.9393 9.56066
      vertex 43.05 -14.9393 9.56066
    endloop
  endfacet
  facet normal 0 0.793449 0.608636
    outer loop
      vertex 39.65 -14.9393 9.56066
      vertex 43.05 -14.701 9.25
      vertex 39.65 -14.701 9.25
    endloop
  endfacet
  facet normal 0 -0.923834 -0.382792
    outer loop
      vertex 39.65 -32.299 0.75
      vertex 43.05 -32.4489 1.11177
      vertex 39.65 -32.4489 1.11177
    endloop
  endfacet
  facet normal 0 -0.923834 -0.382792
    outer loop
      vertex 43.05 -32.4489 1.11177
      vertex 39.65 -32.299 0.75
      vertex 43.05 -32.299 0.75
    endloop
  endfacet
  facet normal 0 -0.991449 -0.130497
    outer loop
      vertex 39.65 -32.4489 1.11177
      vertex 43.05 -32.5 1.5
      vertex 39.65 -32.5 1.5
    endloop
  endfacet
  facet normal 0 -0.991449 -0.130497
    outer loop
      vertex 43.05 -32.5 1.5
      vertex 39.65 -32.4489 1.11177
      vertex 43.05 -32.4489 1.11177
    endloop
  endfacet
  facet normal 0 -0.793449 0.608636
    outer loop
      vertex 39.65 -32.299 9.25
      vertex 43.05 -32.0607 9.56066
      vertex 39.65 -32.0607 9.56066
    endloop
  endfacet
  facet normal 0 -0.793449 0.608636
    outer loop
      vertex 43.05 -32.0607 9.56066
      vertex 39.65 -32.299 9.25
      vertex 43.05 -32.299 9.25
    endloop
  endfacet
  facet normal 0 -0.608716 0.793388
    outer loop
      vertex 39.65 -31.75 9.79904
      vertex 43.05 -32.0607 9.56066
      vertex 43.05 -31.75 9.79904
    endloop
  endfacet
  facet normal 0 -0.608716 0.793388
    outer loop
      vertex 43.05 -32.0607 9.56066
      vertex 39.65 -31.75 9.79904
      vertex 39.65 -32.0607 9.56066
    endloop
  endfacet
  facet normal 0.996196 0.0521952 0.0697843
    outer loop
      vertex 42.3228 -26.6661 2.62133
      vertex 42.3524 -26 1.70057
      vertex 42.2879 -26 2.62133
    endloop
  endfacet
  facet normal 0.996201 0.0521462 0.0697491
    outer loop
      vertex 42.3524 -26 1.70057
      vertex 42.3228 -26.6661 2.62133
      vertex 42.4332 -26.6584 1.03877
    endloop
  endfacet
  facet normal 0.990126 0.121593 -0.0697543
    outer loop
      vertex 42.7636 -29.8013 8.96123
      vertex 42.654 -29.8167 7.37867
      vertex 42.4609 -28.2443 7.37867
    endloop
  endfacet
  facet normal 0.996201 -0.0521462 -0.0697491
    outer loop
      vertex 42.3524 -21 8.29943
      vertex 42.3228 -20.3339 7.37867
      vertex 42.4332 -20.3416 8.96123
    endloop
  endfacet
  facet normal 0.996196 -0.0521952 -0.0697843
    outer loop
      vertex 42.3228 -20.3339 7.37867
      vertex 42.3524 -21 8.29943
      vertex 42.2879 -21 7.37867
    endloop
  endfacet
  facet normal 0.99863 -0.0523241 0
    outer loop
      vertex 42.2325 -21 5.79321
      vertex 42.2676 -20.3301 4.20679
      vertex 42.2676 -20.3301 5.79321
    endloop
  endfacet
  facet normal 0.99863 -0.0523241 0
    outer loop
      vertex 42.2676 -20.3301 4.20679
      vertex 42.2325 -21 5.79321
      vertex 42.2325 -21 4.20679
    endloop
  endfacet
  facet normal 0.979229 -0.190374 -0.0697683
    outer loop
      vertex 43.05 -15.3186 8.6404
      vertex 42.9018 -15.6185 7.37867
      vertex 43.05 -14.8562 7.37867
    endloop
  endfacet
  facet normal 0.97922 -0.190426 -0.0697548
    outer loop
      vertex 42.9018 -15.6185 7.37867
      vertex 43.05 -15.3186 8.6404
      vertex 43.0108 -15.6377 8.96123
    endloop
  endfacet
  facet normal 0.987109 0.121201 -0.104529
    outer loop
      vertex 42.7454 -28.7572 10
      vertex 42.571 -28.2327 8.96123
      vertex 42.6796 -28.2213 10
    endloop
  endfacet
  facet normal 0.987109 0.121202 -0.104529
    outer loop
      vertex 42.571 -28.2327 8.96123
      vertex 42.7454 -28.7572 10
      vertex 42.7636 -29.8013 8.96123
    endloop
  endfacet
  facet normal 0.987691 -0.156419 0
    outer loop
      vertex 42.5992 -17.1755 5.79321
      vertex 42.8473 -15.6089 4.20679
      vertex 42.8473 -15.6089 5.79321
    endloop
  endfacet
  facet normal 0.987691 -0.156419 0
    outer loop
      vertex 42.8473 -15.6089 4.20679
      vertex 42.5992 -17.1755 5.79321
      vertex 42.5992 -17.1755 4.20679
    endloop
  endfacet
  facet normal 0.995588 -0.0871187 -0.0348559
    outer loop
      vertex 42.4059 -18.7499 5.79321
      vertex 42.4609 -18.7557 7.37867
      vertex 42.3228 -20.3339 7.37867
    endloop
  endfacet
  facet normal 0.99863 0.0523241 0
    outer loop
      vertex 42.2676 -26.6699 5.79321
      vertex 42.2325 -26 4.20679
      vertex 42.2325 -26 5.79321
    endloop
  endfacet
  facet normal 0.99863 0.0523241 0
    outer loop
      vertex 42.2325 -26 4.20679
      vertex 42.2676 -26.6699 5.79321
      vertex 42.2676 -26.6699 4.20679
    endloop
  endfacet
  facet normal 0.982329 -0.155359 -0.104369
    outer loop
      vertex 43.0339 -16.1899 10
      vertex 43.05 -15.6446 9.33983
      vertex 43.05 -16.0881 10
    endloop
  endfacet
  facet normal 0.982281 -0.155556 -0.104533
    outer loop
      vertex 42.7636 -17.1987 8.96123
      vertex 43.05 -15.6446 9.33983
      vertex 43.0339 -16.1899 10
    endloop
  endfacet
  facet normal 0.98228 -0.155554 -0.10454
    outer loop
      vertex 43.05 -15.6446 9.33983
      vertex 42.7636 -17.1987 8.96123
      vertex 43.0108 -15.6377 8.96123
    endloop
  endfacet
  facet normal 0.97624 -0.189824 -0.104509
    outer loop
      vertex 43.05 -15.4361 8.96123
      vertex 43.05 -15.5095 9.09455
      vertex 43.0108 -15.6377 8.96123
    endloop
  endfacet
  facet normal 0.996201 0.0521462 -0.0697491
    outer loop
      vertex 42.3228 -26.6661 7.37867
      vertex 42.3524 -26 8.29943
      vertex 42.4332 -26.6584 8.96123
    endloop
  endfacet
  facet normal 0.996196 0.0521952 -0.0697843
    outer loop
      vertex 42.3524 -26 8.29943
      vertex 42.3228 -26.6661 7.37867
      vertex 42.2879 -26 7.37867
    endloop
  endfacet
  facet normal 0.993148 -0.0521313 0.104594
    outer loop
      vertex 42.4962 -21 0.112413
      vertex 42.5422 -20.3492 0
      vertex 42.4332 -20.3416 1.03877
    endloop
  endfacet
  facet normal 0.993159 -0.0520413 0.104531
    outer loop
      vertex 42.4962 -21 0.112413
      vertex 42.4332 -20.3416 1.03877
      vertex 42.3987 -21 1.03877
    endloop
  endfacet
  facet normal 0.993145 -0.0521254 0.104627
    outer loop
      vertex 42.5422 -20.3492 0
      vertex 42.4962 -21 0.112413
      vertex 42.5139 -20.8884 0
    endloop
  endfacet
  facet normal 0.993144 0.0521253 -0.10463
    outer loop
      vertex 42.5422 -26.6508 10
      vertex 42.4962 -26 9.88759
      vertex 42.5139 -26.1116 10
    endloop
  endfacet
  facet normal 0.993148 0.0521318 -0.104594
    outer loop
      vertex 42.4962 -26 9.88759
      vertex 42.5422 -26.6508 10
      vertex 42.4332 -26.6584 8.96123
    endloop
  endfacet
  facet normal 0.993159 0.0520413 -0.104531
    outer loop
      vertex 42.4962 -26 9.88759
      vertex 42.4332 -26.6584 8.96123
      vertex 42.3987 -26 8.96123
    endloop
  endfacet
  facet normal 0.985286 0.156029 -0.0697542
    outer loop
      vertex 42.7636 -29.8013 8.96123
      vertex 42.9018 -31.3815 7.37867
      vertex 42.654 -29.8167 7.37867
    endloop
  endfacet
  facet normal 0.990127 0.121572 -0.0697751
    outer loop
      vertex 42.571 -28.2327 8.96123
      vertex 42.7636 -29.8013 8.96123
      vertex 42.4609 -28.2443 7.37867
    endloop
  endfacet
  facet normal 0.998023 -0.0522923 -0.0348693
    outer loop
      vertex 42.2676 -20.3301 5.79321
      vertex 42.2559 -21 6.46296
      vertex 42.2325 -21 5.79321
    endloop
  endfacet
  facet normal 0.985286 -0.156029 -0.0697542
    outer loop
      vertex 42.9018 -15.6185 7.37867
      vertex 42.7636 -17.1987 8.96123
      vertex 42.654 -17.1833 7.37867
    endloop
  endfacet
  facet normal 0.985286 -0.15603 0.0697553
    outer loop
      vertex 43.0108 -15.6377 1.03877
      vertex 42.9018 -15.6185 2.62133
      vertex 42.7636 -17.1987 1.03877
    endloop
  endfacet
  facet normal 0.998023 -0.0522909 -0.0348765
    outer loop
      vertex 42.2559 -21 6.46296
      vertex 42.3228 -20.3339 7.37867
      vertex 42.2879 -21 7.37867
    endloop
  endfacet
  facet normal 0.998023 -0.0522958 -0.0348729
    outer loop
      vertex 42.3228 -20.3339 7.37867
      vertex 42.2559 -21 6.46296
      vertex 42.2676 -20.3301 5.79321
    endloop
  endfacet
  facet normal 0.990126 -0.121593 0.0697543
    outer loop
      vertex 42.7636 -17.1987 1.03877
      vertex 42.654 -17.1833 2.62133
      vertex 42.4609 -18.7557 2.62133
    endloop
  endfacet
  facet normal 0.993118 0.0516136 -0.105134
    outer loop
      vertex 42.5081 -26 10
      vertex 42.5139 -26.1116 10
      vertex 42.4962 -26 9.88759
    endloop
  endfacet
  facet normal 0.993763 -0.086985 -0.0697745
    outer loop
      vertex 42.4609 -18.7557 7.37867
      vertex 42.571 -18.7673 8.96123
      vertex 42.4332 -20.3416 8.96123
    endloop
  endfacet
  facet normal 0.993118 -0.0516136 -0.105134
    outer loop
      vertex 42.5139 -20.8884 10
      vertex 42.5081 -21 10
      vertex 42.4962 -21 9.88759
    endloop
  endfacet
  facet normal 0.990735 -0.0866305 -0.104593
    outer loop
      vertex 42.6325 -19.3165 10
      vertex 42.5422 -20.3492 10
      vertex 42.4332 -20.3416 8.96123
    endloop
  endfacet
  facet normal 0.979226 -0.190405 -0.0697335
    outer loop
      vertex 43.05 -15.3186 8.6404
      vertex 43.05 -15.4361 8.96123
      vertex 43.0108 -15.6377 8.96123
    endloop
  endfacet
  facet normal 0.990126 -0.121593 -0.0697543
    outer loop
      vertex 42.654 -17.1833 7.37867
      vertex 42.7636 -17.1987 8.96123
      vertex 42.4609 -18.7557 7.37867
    endloop
  endfacet
  facet normal 0.987119 -0.121159 -0.104486
    outer loop
      vertex 42.7636 -17.1987 8.96123
      vertex 42.8717 -17.2138 10
      vertex 42.7454 -18.2428 10
    endloop
  endfacet
  facet normal 0.982278 -0.155606 -0.104483
    outer loop
      vertex 43.0339 -16.1899 10
      vertex 42.8717 -17.2138 10
      vertex 42.7636 -17.1987 8.96123
    endloop
  endfacet
  facet normal 0.996196 -0.0521952 0.0697843
    outer loop
      vertex 42.3524 -21 1.70057
      vertex 42.3228 -20.3339 2.62133
      vertex 42.2879 -21 2.62133
    endloop
  endfacet
  facet normal 0.996201 -0.0521462 0.0697491
    outer loop
      vertex 42.3228 -20.3339 2.62133
      vertex 42.3524 -21 1.70057
      vertex 42.4332 -20.3416 1.03877
    endloop
  endfacet
  facet normal 0.987691 0.156419 0
    outer loop
      vertex 42.8473 -31.3911 5.79321
      vertex 42.5992 -29.8245 4.20679
      vertex 42.5992 -29.8245 5.79321
    endloop
  endfacet
  facet normal 0.987691 0.156419 0
    outer loop
      vertex 42.5992 -29.8245 4.20679
      vertex 42.8473 -31.3911 5.79321
      vertex 42.8473 -31.3911 4.20679
    endloop
  endfacet
  facet normal 0.981627 0.190809 0
    outer loop
      vertex 43.05 -32.4339 5.79321
      vertex 42.8473 -31.3911 4.20679
      vertex 42.8473 -31.3911 5.79321
    endloop
  endfacet
  facet normal 0.981627 0.190809 0
    outer loop
      vertex 42.8473 -31.3911 4.20679
      vertex 43.05 -32.4339 5.79321
      vertex 43.05 -32.4339 4.20679
    endloop
  endfacet
  facet normal 0.998023 0.0522909 0.0348765
    outer loop
      vertex 42.2559 -26 3.53704
      vertex 42.3228 -26.6661 2.62133
      vertex 42.2879 -26 2.62133
    endloop
  endfacet
  facet normal 0.998023 0.0522958 0.0348729
    outer loop
      vertex 42.3228 -26.6661 2.62133
      vertex 42.2559 -26 3.53704
      vertex 42.2676 -26.6699 4.20679
    endloop
  endfacet
  facet normal 0.979229 -0.190374 0.0697683
    outer loop
      vertex 42.9018 -15.6185 2.62133
      vertex 43.05 -15.3186 1.3596
      vertex 43.05 -14.8562 2.62133
    endloop
  endfacet
  facet normal 0.97922 -0.190426 0.0697548
    outer loop
      vertex 43.05 -15.3186 1.3596
      vertex 42.9018 -15.6185 2.62133
      vertex 43.0108 -15.6377 1.03877
    endloop
  endfacet
  facet normal 0.995586 -0.0871343 0.0348716
    outer loop
      vertex 42.3228 -20.3339 2.62133
      vertex 42.4059 -18.7499 4.20679
      vertex 42.2676 -20.3301 4.20679
    endloop
  endfacet
  facet normal 0.993767 -0.0869594 -0.0697487
    outer loop
      vertex 42.4609 -18.7557 7.37867
      vertex 42.4332 -20.3416 8.96123
      vertex 42.3228 -20.3339 7.37867
    endloop
  endfacet
  facet normal 0.990127 -0.121572 -0.0697751
    outer loop
      vertex 42.7636 -17.1987 8.96123
      vertex 42.571 -18.7673 8.96123
      vertex 42.4609 -18.7557 7.37867
    endloop
  endfacet
  facet normal 0.985286 -0.15603 -0.0697553
    outer loop
      vertex 42.9018 -15.6185 7.37867
      vertex 43.0108 -15.6377 8.96123
      vertex 42.7636 -17.1987 8.96123
    endloop
  endfacet
  facet normal 0.996202 0.0522007 -0.069695
    outer loop
      vertex 42.3987 -26 8.96123
      vertex 42.4332 -26.6584 8.96123
      vertex 42.3524 -26 8.29943
    endloop
  endfacet
  facet normal 0.998023 0.0522923 -0.0348693
    outer loop
      vertex 42.2559 -26 6.46296
      vertex 42.2676 -26.6699 5.79321
      vertex 42.2325 -26 5.79321
    endloop
  endfacet
  facet normal 0.982278 0.155606 -0.104483
    outer loop
      vertex 42.8717 -29.7862 10
      vertex 43.0339 -30.8101 10
      vertex 42.7636 -29.8013 8.96123
    endloop
  endfacet
  facet normal 0.990735 0.0866305 -0.104593
    outer loop
      vertex 42.5422 -26.6508 10
      vertex 42.6325 -27.6835 10
      vertex 42.4332 -26.6584 8.96123
    endloop
  endfacet
  facet normal 0.976243 -0.189794 -0.104539
    outer loop
      vertex 43.05 -15.5095 9.09455
      vertex 43.05 -15.6446 9.33983
      vertex 43.0108 -15.6377 8.96123
    endloop
  endfacet
  facet normal 0.993144 -0.0521253 -0.10463
    outer loop
      vertex 42.4962 -21 9.88759
      vertex 42.5422 -20.3492 10
      vertex 42.5139 -20.8884 10
    endloop
  endfacet
  facet normal 0.993148 -0.0521318 -0.104594
    outer loop
      vertex 42.5422 -20.3492 10
      vertex 42.4962 -21 9.88759
      vertex 42.4332 -20.3416 8.96123
    endloop
  endfacet
  facet normal 0.993159 -0.0520413 -0.104531
    outer loop
      vertex 42.4332 -20.3416 8.96123
      vertex 42.4962 -21 9.88759
      vertex 42.3987 -21 8.96123
    endloop
  endfacet
  facet normal 0.981029 -0.190693 -0.0348928
    outer loop
      vertex 43.05 -14.5661 5.79321
      vertex 43.05 -14.7309 6.69386
      vertex 42.8473 -15.6089 5.79321
    endloop
  endfacet
  facet normal 0.981024 -0.190722 -0.0348966
    outer loop
      vertex 42.9018 -15.6185 7.37867
      vertex 43.05 -14.7309 6.69386
      vertex 43.05 -14.8562 7.37867
    endloop
  endfacet
  facet normal 0.981027 -0.190708 -0.0348774
    outer loop
      vertex 43.05 -14.7309 6.69386
      vertex 42.9018 -15.6185 7.37867
      vertex 42.8473 -15.6089 5.79321
    endloop
  endfacet
  facet normal 0.996192 -0.0871873 0
    outer loop
      vertex 42.2676 -20.3301 5.79321
      vertex 42.4059 -18.7499 4.20679
      vertex 42.4059 -18.7499 5.79321
    endloop
  endfacet
  facet normal 0.996192 -0.0871873 0
    outer loop
      vertex 42.4059 -18.7499 4.20679
      vertex 42.2676 -20.3301 5.79321
      vertex 42.2676 -20.3301 4.20679
    endloop
  endfacet
  facet normal 0.97922 0.190426 -0.0697548
    outer loop
      vertex 43.05 -31.6814 8.6404
      vertex 42.9018 -31.3815 7.37867
      vertex 43.0108 -31.3623 8.96123
    endloop
  endfacet
  facet normal 0.979229 0.190374 -0.0697683
    outer loop
      vertex 42.9018 -31.3815 7.37867
      vertex 43.05 -31.6814 8.6404
      vertex 43.05 -32.1438 7.37867
    endloop
  endfacet
  facet normal 0.982329 0.155359 -0.104369
    outer loop
      vertex 43.05 -31.3554 9.33983
      vertex 43.0339 -30.8101 10
      vertex 43.05 -30.9119 10
    endloop
  endfacet
  facet normal 0.982281 0.155556 -0.104533
    outer loop
      vertex 43.0339 -30.8101 10
      vertex 43.05 -31.3554 9.33983
      vertex 42.7636 -29.8013 8.96123
    endloop
  endfacet
  facet normal 0.98228 0.155554 -0.10454
    outer loop
      vertex 42.7636 -29.8013 8.96123
      vertex 43.05 -31.3554 9.33983
      vertex 43.0108 -31.3623 8.96123
    endloop
  endfacet
  facet normal 0.985286 -0.156029 0.0697542
    outer loop
      vertex 42.7636 -17.1987 1.03877
      vertex 42.9018 -15.6185 2.62133
      vertex 42.654 -17.1833 2.62133
    endloop
  endfacet
  facet normal 0.981029 -0.190693 0.0348928
    outer loop
      vertex 43.05 -14.7309 3.30614
      vertex 43.05 -14.5661 4.20679
      vertex 42.8473 -15.6089 4.20679
    endloop
  endfacet
  facet normal 0.981627 -0.190809 0
    outer loop
      vertex 42.8473 -15.6089 5.79321
      vertex 43.05 -14.5661 4.20679
      vertex 43.05 -14.5661 5.79321
    endloop
  endfacet
  facet normal 0.981627 -0.190809 0
    outer loop
      vertex 43.05 -14.5661 4.20679
      vertex 42.8473 -15.6089 5.79321
      vertex 42.8473 -15.6089 4.20679
    endloop
  endfacet
  facet normal 0.995586 -0.0871343 -0.0348716
    outer loop
      vertex 42.4059 -18.7499 5.79321
      vertex 42.3228 -20.3339 7.37867
      vertex 42.2676 -20.3301 5.79321
    endloop
  endfacet
  facet normal 0.996202 -0.0522007 -0.069695
    outer loop
      vertex 42.4332 -20.3416 8.96123
      vertex 42.3987 -21 8.96123
      vertex 42.3524 -21 8.29943
    endloop
  endfacet
  facet normal 0.99073 -0.0867671 -0.10453
    outer loop
      vertex 42.6325 -19.3165 10
      vertex 42.571 -18.7673 8.96123
      vertex 42.6796 -18.7787 10
    endloop
  endfacet
  facet normal 0.990736 -0.0867201 -0.104505
    outer loop
      vertex 42.571 -18.7673 8.96123
      vertex 42.6325 -19.3165 10
      vertex 42.4332 -20.3416 8.96123
    endloop
  endfacet
  facet normal 0.987109 -0.121202 -0.104529
    outer loop
      vertex 42.7454 -18.2428 10
      vertex 42.571 -18.7673 8.96123
      vertex 42.7636 -17.1987 8.96123
    endloop
  endfacet
  facet normal 0.987109 -0.121201 -0.104529
    outer loop
      vertex 42.571 -18.7673 8.96123
      vertex 42.7454 -18.2428 10
      vertex 42.6796 -18.7787 10
    endloop
  endfacet
  facet normal 0.995588 -0.0871187 0.0348559
    outer loop
      vertex 42.4609 -18.7557 2.62133
      vertex 42.4059 -18.7499 4.20679
      vertex 42.3228 -20.3339 2.62133
    endloop
  endfacet
  facet normal 0.992547 -0.121862 0
    outer loop
      vertex 42.4059 -18.7499 5.79321
      vertex 42.5992 -17.1755 4.20679
      vertex 42.5992 -17.1755 5.79321
    endloop
  endfacet
  facet normal 0.992547 -0.121862 0
    outer loop
      vertex 42.5992 -17.1755 4.20679
      vertex 42.4059 -18.7499 5.79321
      vertex 42.4059 -18.7499 4.20679
    endloop
  endfacet
  facet normal 0.985286 0.15603 -0.0697553
    outer loop
      vertex 43.0108 -31.3623 8.96123
      vertex 42.9018 -31.3815 7.37867
      vertex 42.7636 -29.8013 8.96123
    endloop
  endfacet
  facet normal 0.987091 0.156315 -0.0348776
    outer loop
      vertex 42.9018 -31.3815 7.37867
      vertex 42.8473 -31.3911 5.79321
      vertex 42.654 -29.8167 7.37867
    endloop
  endfacet
  facet normal 0.97624 0.189824 -0.104509
    outer loop
      vertex 43.05 -31.4905 9.09455
      vertex 43.05 -31.5639 8.96123
      vertex 43.0108 -31.3623 8.96123
    endloop
  endfacet
  facet normal 0.976243 0.189794 -0.104539
    outer loop
      vertex 43.05 -31.3554 9.33983
      vertex 43.05 -31.4905 9.09455
      vertex 43.0108 -31.3623 8.96123
    endloop
  endfacet
  facet normal 0.987091 -0.156315 -0.0348776
    outer loop
      vertex 42.8473 -15.6089 5.79321
      vertex 42.9018 -15.6185 7.37867
      vertex 42.654 -17.1833 7.37867
    endloop
  endfacet
  facet normal 0.98709 -0.156324 -0.0348869
    outer loop
      vertex 42.8473 -15.6089 5.79321
      vertex 42.654 -17.1833 7.37867
      vertex 42.5992 -17.1755 5.79321
    endloop
  endfacet
  facet normal 0.996202 -0.0522007 0.069695
    outer loop
      vertex 42.3987 -21 1.03877
      vertex 42.4332 -20.3416 1.03877
      vertex 42.3524 -21 1.70057
    endloop
  endfacet
  facet normal 0.998023 -0.0522958 0.0348729
    outer loop
      vertex 42.2559 -21 3.53704
      vertex 42.3228 -20.3339 2.62133
      vertex 42.2676 -20.3301 4.20679
    endloop
  endfacet
  facet normal 0.998023 -0.0522909 0.0348765
    outer loop
      vertex 42.3228 -20.3339 2.62133
      vertex 42.2559 -21 3.53704
      vertex 42.2879 -21 2.62133
    endloop
  endfacet
  facet normal 0.998023 -0.0522923 0.0348693
    outer loop
      vertex 42.2559 -21 3.53704
      vertex 42.2676 -20.3301 4.20679
      vertex 42.2325 -21 4.20679
    endloop
  endfacet
  facet normal 0.991943 -0.121788 0.0348848
    outer loop
      vertex 42.654 -17.1833 2.62133
      vertex 42.5992 -17.1755 4.20679
      vertex 42.4059 -18.7499 4.20679
    endloop
  endfacet
  facet normal 0.99194 -0.121816 0.0348563
    outer loop
      vertex 42.4609 -18.7557 2.62133
      vertex 42.654 -17.1833 2.62133
      vertex 42.4059 -18.7499 4.20679
    endloop
  endfacet
  facet normal 0.993767 -0.0869594 0.0697487
    outer loop
      vertex 42.4332 -20.3416 1.03877
      vertex 42.4609 -18.7557 2.62133
      vertex 42.3228 -20.3339 2.62133
    endloop
  endfacet
  facet normal 0.993763 -0.086985 0.0697745
    outer loop
      vertex 42.571 -18.7673 1.03877
      vertex 42.4609 -18.7557 2.62133
      vertex 42.4332 -20.3416 1.03877
    endloop
  endfacet
  facet normal 0.987119 0.121159 0.104486
    outer loop
      vertex 42.7636 -29.8013 1.03877
      vertex 42.8717 -29.7862 0
      vertex 42.7454 -28.7572 0
    endloop
  endfacet
  facet normal 0.981024 0.190722 -0.0348966
    outer loop
      vertex 43.05 -32.2691 6.69386
      vertex 42.9018 -31.3815 7.37867
      vertex 43.05 -32.1438 7.37867
    endloop
  endfacet
  facet normal 0.981027 0.190708 -0.0348774
    outer loop
      vertex 42.9018 -31.3815 7.37867
      vertex 43.05 -32.2691 6.69386
      vertex 42.8473 -31.3911 5.79321
    endloop
  endfacet
  facet normal 0.993159 0.0520413 0.104531
    outer loop
      vertex 42.4332 -26.6584 1.03877
      vertex 42.4962 -26 0.112412
      vertex 42.3987 -26 1.03877
    endloop
  endfacet
  facet normal 0.993148 0.0521315 0.104594
    outer loop
      vertex 42.5422 -26.6508 0
      vertex 42.4962 -26 0.112412
      vertex 42.4332 -26.6584 1.03877
    endloop
  endfacet
  facet normal 0.993144 0.0521253 0.104628
    outer loop
      vertex 42.4962 -26 0.112412
      vertex 42.5422 -26.6508 0
      vertex 42.5139 -26.1116 0
    endloop
  endfacet
  facet normal 0.98709 0.156324 -0.0348869
    outer loop
      vertex 42.654 -29.8167 7.37867
      vertex 42.8473 -31.3911 5.79321
      vertex 42.5992 -29.8245 5.79321
    endloop
  endfacet
  facet normal 0.993763 0.086985 -0.0697745
    outer loop
      vertex 42.571 -28.2327 8.96123
      vertex 42.4609 -28.2443 7.37867
      vertex 42.4332 -26.6584 8.96123
    endloop
  endfacet
  facet normal 0.981029 0.190693 0.0348928
    outer loop
      vertex 43.05 -32.4339 4.20679
      vertex 43.05 -32.2691 3.30614
      vertex 42.8473 -31.3911 4.20679
    endloop
  endfacet
  facet normal 0.990126 0.121593 0.0697543
    outer loop
      vertex 42.654 -29.8167 2.62133
      vertex 42.7636 -29.8013 1.03877
      vertex 42.4609 -28.2443 2.62133
    endloop
  endfacet
  facet normal 0.998023 0.0522923 0.0348693
    outer loop
      vertex 42.2676 -26.6699 4.20679
      vertex 42.2559 -26 3.53704
      vertex 42.2325 -26 4.20679
    endloop
  endfacet
  facet normal 0.99194 0.121816 0.0348563
    outer loop
      vertex 42.654 -29.8167 2.62133
      vertex 42.4609 -28.2443 2.62133
      vertex 42.4059 -28.2501 4.20679
    endloop
  endfacet
  facet normal 0.981027 -0.190708 0.0348774
    outer loop
      vertex 42.9018 -15.6185 2.62133
      vertex 43.05 -14.7309 3.30614
      vertex 42.8473 -15.6089 4.20679
    endloop
  endfacet
  facet normal 0.981024 -0.190722 0.0348966
    outer loop
      vertex 43.05 -14.7309 3.30614
      vertex 42.9018 -15.6185 2.62133
      vertex 43.05 -14.8562 2.62133
    endloop
  endfacet
  facet normal 0.99194 -0.121816 -0.0348563
    outer loop
      vertex 42.654 -17.1833 7.37867
      vertex 42.4609 -18.7557 7.37867
      vertex 42.4059 -18.7499 5.79321
    endloop
  endfacet
  facet normal 0.991943 -0.121788 -0.0348848
    outer loop
      vertex 42.5992 -17.1755 5.79321
      vertex 42.654 -17.1833 7.37867
      vertex 42.4059 -18.7499 5.79321
    endloop
  endfacet
  facet normal 0.99073 0.0867671 -0.10453
    outer loop
      vertex 42.571 -28.2327 8.96123
      vertex 42.6325 -27.6835 10
      vertex 42.6796 -28.2213 10
    endloop
  endfacet
  facet normal 0.990736 0.0867201 -0.104505
    outer loop
      vertex 42.6325 -27.6835 10
      vertex 42.571 -28.2327 8.96123
      vertex 42.4332 -26.6584 8.96123
    endloop
  endfacet
  facet normal 0.993767 0.0869594 -0.0697487
    outer loop
      vertex 42.4332 -26.6584 8.96123
      vertex 42.4609 -28.2443 7.37867
      vertex 42.3228 -26.6661 7.37867
    endloop
  endfacet
  facet normal 0.99073 -0.0867671 0.10453
    outer loop
      vertex 42.571 -18.7673 1.03877
      vertex 42.6325 -19.3165 0
      vertex 42.6796 -18.7787 0
    endloop
  endfacet
  facet normal 0.990736 -0.0867201 0.104505
    outer loop
      vertex 42.6325 -19.3165 0
      vertex 42.571 -18.7673 1.03877
      vertex 42.4332 -20.3416 1.03877
    endloop
  endfacet
  facet normal 0.990735 -0.0866305 0.104593
    outer loop
      vertex 42.5422 -20.3492 0
      vertex 42.6325 -19.3165 0
      vertex 42.4332 -20.3416 1.03877
    endloop
  endfacet
  facet normal 0.979226 0.190405 0.0697335
    outer loop
      vertex 43.05 -31.6814 1.3596
      vertex 43.05 -31.5639 1.03877
      vertex 43.0108 -31.3623 1.03877
    endloop
  endfacet
  facet normal 0.991943 0.121788 0.0348848
    outer loop
      vertex 42.5992 -29.8245 4.20679
      vertex 42.654 -29.8167 2.62133
      vertex 42.4059 -28.2501 4.20679
    endloop
  endfacet
  facet normal 0.987109 0.121201 0.104529
    outer loop
      vertex 42.571 -28.2327 1.03877
      vertex 42.7454 -28.7572 0
      vertex 42.6796 -28.2213 0
    endloop
  endfacet
  facet normal 0.987109 0.121202 0.104529
    outer loop
      vertex 42.7454 -28.7572 0
      vertex 42.571 -28.2327 1.03877
      vertex 42.7636 -29.8013 1.03877
    endloop
  endfacet
  facet normal 0.99194 0.121816 -0.0348563
    outer loop
      vertex 42.4609 -28.2443 7.37867
      vertex 42.654 -29.8167 7.37867
      vertex 42.4059 -28.2501 5.79321
    endloop
  endfacet
  facet normal 0.995588 0.0871187 -0.0348559
    outer loop
      vertex 42.4609 -28.2443 7.37867
      vertex 42.4059 -28.2501 5.79321
      vertex 42.3228 -26.6661 7.37867
    endloop
  endfacet
  facet normal 0.996202 0.0522007 0.069695
    outer loop
      vertex 42.4332 -26.6584 1.03877
      vertex 42.3987 -26 1.03877
      vertex 42.3524 -26 1.70057
    endloop
  endfacet
  facet normal 0.996192 0.0871873 0
    outer loop
      vertex 42.4059 -28.2501 5.79321
      vertex 42.2676 -26.6699 4.20679
      vertex 42.2676 -26.6699 5.79321
    endloop
  endfacet
  facet normal 0.996192 0.0871873 0
    outer loop
      vertex 42.2676 -26.6699 4.20679
      vertex 42.4059 -28.2501 5.79321
      vertex 42.4059 -28.2501 4.20679
    endloop
  endfacet
  facet normal 0.97624 0.189824 0.104507
    outer loop
      vertex 43.05 -31.5639 1.03877
      vertex 43.05 -31.4905 0.905448
      vertex 43.0108 -31.3623 1.03877
    endloop
  endfacet
  facet normal 0.985286 0.15603 0.0697553
    outer loop
      vertex 42.9018 -31.3815 2.62133
      vertex 43.0108 -31.3623 1.03877
      vertex 42.7636 -29.8013 1.03877
    endloop
  endfacet
  facet normal 0.995588 0.0871187 0.0348559
    outer loop
      vertex 42.4059 -28.2501 4.20679
      vertex 42.4609 -28.2443 2.62133
      vertex 42.3228 -26.6661 2.62133
    endloop
  endfacet
  facet normal 0.995586 0.0871343 0.0348716
    outer loop
      vertex 42.4059 -28.2501 4.20679
      vertex 42.3228 -26.6661 2.62133
      vertex 42.2676 -26.6699 4.20679
    endloop
  endfacet
  facet normal 0.987119 -0.121159 0.104486
    outer loop
      vertex 42.8717 -17.2138 0
      vertex 42.7636 -17.1987 1.03877
      vertex 42.7454 -18.2428 0
    endloop
  endfacet
  facet normal 0.98228 -0.155554 0.104539
    outer loop
      vertex 42.7636 -17.1987 1.03877
      vertex 43.05 -15.6446 0.660167
      vertex 43.0108 -15.6377 1.03877
    endloop
  endfacet
  facet normal 0.982329 -0.155359 0.10437
    outer loop
      vertex 43.05 -15.6446 0.660167
      vertex 43.0339 -16.1899 0
      vertex 43.05 -16.0881 0
    endloop
  endfacet
  facet normal 0.982281 -0.155555 0.104534
    outer loop
      vertex 43.05 -15.6446 0.660167
      vertex 42.7636 -17.1987 1.03877
      vertex 43.0339 -16.1899 0
    endloop
  endfacet
  facet normal 0.979226 -0.190405 0.0697335
    outer loop
      vertex 43.05 -15.4361 1.03877
      vertex 43.05 -15.3186 1.3596
      vertex 43.0108 -15.6377 1.03877
    endloop
  endfacet
  facet normal 0.98709 -0.156324 0.0348869
    outer loop
      vertex 42.654 -17.1833 2.62133
      vertex 42.8473 -15.6089 4.20679
      vertex 42.5992 -17.1755 4.20679
    endloop
  endfacet
  facet normal 0.987091 -0.156315 0.0348776
    outer loop
      vertex 42.9018 -15.6185 2.62133
      vertex 42.8473 -15.6089 4.20679
      vertex 42.654 -17.1833 2.62133
    endloop
  endfacet
  facet normal 0.987119 0.121159 -0.104486
    outer loop
      vertex 42.8717 -29.7862 10
      vertex 42.7636 -29.8013 8.96123
      vertex 42.7454 -28.7572 10
    endloop
  endfacet
  facet normal 0.990127 -0.121572 0.0697751
    outer loop
      vertex 42.571 -18.7673 1.03877
      vertex 42.7636 -17.1987 1.03877
      vertex 42.4609 -18.7557 2.62133
    endloop
  endfacet
  facet normal 0.987109 -0.121202 0.104529
    outer loop
      vertex 42.571 -18.7673 1.03877
      vertex 42.7454 -18.2428 0
      vertex 42.7636 -17.1987 1.03877
    endloop
  endfacet
  facet normal 0.987109 -0.121201 0.104529
    outer loop
      vertex 42.7454 -18.2428 0
      vertex 42.571 -18.7673 1.03877
      vertex 42.6796 -18.7787 0
    endloop
  endfacet
  facet normal 0.993118 0.0516137 0.105132
    outer loop
      vertex 42.5139 -26.1116 0
      vertex 42.5081 -26 0
      vertex 42.4962 -26 0.112412
    endloop
  endfacet
  facet normal 0.993118 -0.0516137 0.105131
    outer loop
      vertex 42.5081 -21 0
      vertex 42.5139 -20.8884 0
      vertex 42.4962 -21 0.112413
    endloop
  endfacet
  facet normal 0.979226 0.190405 -0.0697335
    outer loop
      vertex 43.05 -31.5639 8.96123
      vertex 43.05 -31.6814 8.6404
      vertex 43.0108 -31.3623 8.96123
    endloop
  endfacet
  facet normal 0.985286 0.156029 0.0697542
    outer loop
      vertex 42.9018 -31.3815 2.62133
      vertex 42.7636 -29.8013 1.03877
      vertex 42.654 -29.8167 2.62133
    endloop
  endfacet
  facet normal 0.98709 0.156324 0.0348869
    outer loop
      vertex 42.8473 -31.3911 4.20679
      vertex 42.654 -29.8167 2.62133
      vertex 42.5992 -29.8245 4.20679
    endloop
  endfacet
  facet normal 0.998023 0.0522909 -0.0348765
    outer loop
      vertex 42.3228 -26.6661 7.37867
      vertex 42.2559 -26 6.46296
      vertex 42.2879 -26 7.37867
    endloop
  endfacet
  facet normal 0.998023 0.0522958 -0.0348729
    outer loop
      vertex 42.2559 -26 6.46296
      vertex 42.3228 -26.6661 7.37867
      vertex 42.2676 -26.6699 5.79321
    endloop
  endfacet
  facet normal 0.995586 0.0871343 -0.0348716
    outer loop
      vertex 42.3228 -26.6661 7.37867
      vertex 42.4059 -28.2501 5.79321
      vertex 42.2676 -26.6699 5.79321
    endloop
  endfacet
  facet normal 0.992547 0.121862 0
    outer loop
      vertex 42.5992 -29.8245 5.79321
      vertex 42.4059 -28.2501 4.20679
      vertex 42.4059 -28.2501 5.79321
    endloop
  endfacet
  facet normal 0.992547 0.121862 0
    outer loop
      vertex 42.4059 -28.2501 4.20679
      vertex 42.5992 -29.8245 5.79321
      vertex 42.5992 -29.8245 4.20679
    endloop
  endfacet
  facet normal 0.991943 0.121788 -0.0348848
    outer loop
      vertex 42.654 -29.8167 7.37867
      vertex 42.5992 -29.8245 5.79321
      vertex 42.4059 -28.2501 5.79321
    endloop
  endfacet
  facet normal 0.990736 0.0867201 0.104505
    outer loop
      vertex 42.571 -28.2327 1.03877
      vertex 42.6325 -27.6835 0
      vertex 42.4332 -26.6584 1.03877
    endloop
  endfacet
  facet normal 0.99073 0.0867671 0.10453
    outer loop
      vertex 42.6325 -27.6835 0
      vertex 42.571 -28.2327 1.03877
      vertex 42.6796 -28.2213 0
    endloop
  endfacet
  facet normal 0.993767 0.0869594 0.0697487
    outer loop
      vertex 42.4609 -28.2443 2.62133
      vertex 42.4332 -26.6584 1.03877
      vertex 42.3228 -26.6661 2.62133
    endloop
  endfacet
  facet normal 0.97624 -0.189824 0.104507
    outer loop
      vertex 43.05 -15.5095 0.905448
      vertex 43.05 -15.4361 1.03877
      vertex 43.0108 -15.6377 1.03877
    endloop
  endfacet
  facet normal 0.982278 -0.155606 0.104483
    outer loop
      vertex 42.8717 -17.2138 0
      vertex 43.0339 -16.1899 0
      vertex 42.7636 -17.1987 1.03877
    endloop
  endfacet
  facet normal 0.981029 0.190693 -0.0348928
    outer loop
      vertex 43.05 -32.2691 6.69386
      vertex 43.05 -32.4339 5.79321
      vertex 42.8473 -31.3911 5.79321
    endloop
  endfacet
  facet normal 0.993763 0.086985 0.0697745
    outer loop
      vertex 42.4609 -28.2443 2.62133
      vertex 42.571 -28.2327 1.03877
      vertex 42.4332 -26.6584 1.03877
    endloop
  endfacet
  facet normal 0.990127 0.121572 0.0697751
    outer loop
      vertex 42.7636 -29.8013 1.03877
      vertex 42.571 -28.2327 1.03877
      vertex 42.4609 -28.2443 2.62133
    endloop
  endfacet
  facet normal 0.976243 0.189794 0.104538
    outer loop
      vertex 43.05 -31.4905 0.905448
      vertex 43.05 -31.3554 0.660167
      vertex 43.0108 -31.3623 1.03877
    endloop
  endfacet
  facet normal 0.97922 0.190426 0.0697548
    outer loop
      vertex 42.9018 -31.3815 2.62133
      vertex 43.05 -31.6814 1.3596
      vertex 43.0108 -31.3623 1.03877
    endloop
  endfacet
  facet normal 0.979229 0.190374 0.0697683
    outer loop
      vertex 43.05 -31.6814 1.3596
      vertex 42.9018 -31.3815 2.62133
      vertex 43.05 -32.1438 2.62133
    endloop
  endfacet
  facet normal 0.981027 0.190708 0.0348774
    outer loop
      vertex 43.05 -32.2691 3.30614
      vertex 42.9018 -31.3815 2.62133
      vertex 42.8473 -31.3911 4.20679
    endloop
  endfacet
  facet normal 0.981024 0.190722 0.0348966
    outer loop
      vertex 42.9018 -31.3815 2.62133
      vertex 43.05 -32.2691 3.30614
      vertex 43.05 -32.1438 2.62133
    endloop
  endfacet
  facet normal 0.987091 0.156315 0.0348776
    outer loop
      vertex 42.8473 -31.3911 4.20679
      vertex 42.9018 -31.3815 2.62133
      vertex 42.654 -29.8167 2.62133
    endloop
  endfacet
  facet normal 0.990735 0.0866305 0.104593
    outer loop
      vertex 42.6325 -27.6835 0
      vertex 42.5422 -26.6508 0
      vertex 42.4332 -26.6584 1.03877
    endloop
  endfacet
  facet normal 0.982281 0.155555 0.104534
    outer loop
      vertex 43.05 -31.3554 0.660167
      vertex 43.0339 -30.8101 0
      vertex 42.7636 -29.8013 1.03877
    endloop
  endfacet
  facet normal 0.982329 0.155359 0.10437
    outer loop
      vertex 43.0339 -30.8101 0
      vertex 43.05 -31.3554 0.660167
      vertex 43.05 -30.9119 0
    endloop
  endfacet
  facet normal 0.98228 0.155554 0.104539
    outer loop
      vertex 43.05 -31.3554 0.660167
      vertex 42.7636 -29.8013 1.03877
      vertex 43.0108 -31.3623 1.03877
    endloop
  endfacet
  facet normal 0.982278 0.155606 0.104483
    outer loop
      vertex 43.0339 -30.8101 0
      vertex 42.8717 -29.7862 0
      vertex 42.7636 -29.8013 1.03877
    endloop
  endfacet
  facet normal 0.976243 -0.189794 0.104538
    outer loop
      vertex 43.05 -15.6446 0.660167
      vertex 43.05 -15.5095 0.905448
      vertex 43.0108 -15.6377 1.03877
    endloop
  endfacet
  facet normal 0 1 0
    outer loop
      vertex 43.05 -21 10
      vertex 42.4962 -21 9.88759
      vertex 42.5081 -21 10
    endloop
  endfacet
  facet normal 0 1 0
    outer loop
      vertex 43.05 -21 10
      vertex 42.3987 -21 8.96123
      vertex 42.4962 -21 9.88759
    endloop
  endfacet
  facet normal 0 1 0
    outer loop
      vertex 43.05 -21 10
      vertex 42.3524 -21 8.29943
      vertex 42.3987 -21 8.96123
    endloop
  endfacet
  facet normal 0 1 0
    outer loop
      vertex 43.05 -21 10
      vertex 42.2879 -21 7.37867
      vertex 42.3524 -21 8.29943
    endloop
  endfacet
  facet normal 0 1 0
    outer loop
      vertex 43.05 -21 10
      vertex 42.2559 -21 6.46296
      vertex 42.2879 -21 7.37867
    endloop
  endfacet
  facet normal 0 1 0
    outer loop
      vertex 43.05 -21 10
      vertex 42.2325 -21 5.79321
      vertex 42.2559 -21 6.46296
    endloop
  endfacet
  facet normal 0 1 0
    outer loop
      vertex 43.05 -21 10
      vertex 42.2325 -21 4.20679
      vertex 42.2325 -21 5.79321
    endloop
  endfacet
  facet normal 0 1 -0
    outer loop
      vertex 43.05 -21 0
      vertex 42.2325 -21 4.20679
      vertex 43.05 -21 10
    endloop
  endfacet
  facet normal 0 1 0
    outer loop
      vertex 42.2325 -21 4.20679
      vertex 43.05 -21 0
      vertex 42.2559 -21 3.53704
    endloop
  endfacet
  facet normal 0 1 0
    outer loop
      vertex 42.2559 -21 3.53704
      vertex 43.05 -21 0
      vertex 42.2879 -21 2.62133
    endloop
  endfacet
  facet normal 0 1 0
    outer loop
      vertex 42.2879 -21 2.62133
      vertex 43.05 -21 0
      vertex 42.3524 -21 1.70057
    endloop
  endfacet
  facet normal 0 1 0
    outer loop
      vertex 42.3524 -21 1.70057
      vertex 43.05 -21 0
      vertex 42.3987 -21 1.03877
    endloop
  endfacet
  facet normal 0 1 0
    outer loop
      vertex 42.3987 -21 1.03877
      vertex 43.05 -21 0
      vertex 42.4962 -21 0.112413
    endloop
  endfacet
  facet normal 0 1 0
    outer loop
      vertex 42.4962 -21 0.112413
      vertex 43.05 -21 0
      vertex 42.5081 -21 0
    endloop
  endfacet
  facet normal 0 1 -0
    outer loop
      vertex 39.65 -21 0
      vertex 14.55 -21 10
      vertex 39.65 -21 10
    endloop
  endfacet
  facet normal 0 1 0
    outer loop
      vertex 14.55 -21 10
      vertex 39.65 -21 0
      vertex 14.55 -21 0
    endloop
  endfacet
  facet normal 1 -0 0
    outer loop
      vertex 14.55 -21 10
      vertex 14.55 -2.525 0
      vertex 14.55 -2.525 10
    endloop
  endfacet
  facet normal 1 0 0
    outer loop
      vertex 14.55 -2.525 0
      vertex 14.55 -21 10
      vertex 14.55 -21 0
    endloop
  endfacet
  facet normal 1 -0 0
    outer loop
      vertex 14.55 -1.275 10
      vertex 14.55 10 0
      vertex 14.55 10 10
    endloop
  endfacet
  facet normal 1 0 0
    outer loop
      vertex 14.55 10 0
      vertex 14.55 -1.275 10
      vertex 14.55 -1.275 0
    endloop
  endfacet
  facet normal 0 1 -0
    outer loop
      vertex 14.55 10 0
      vertex 10.55 10 10
      vertex 14.55 10 10
    endloop
  endfacet
  facet normal 0 1 0
    outer loop
      vertex 10.55 10 10
      vertex 14.55 10 0
      vertex 10.55 10 0
    endloop
  endfacet
  facet normal -1 0 0
    outer loop
      vertex 10.55 4.79999 0
      vertex 10.55 -26 0
      vertex 10.55 4.79999 4.35
    endloop
  endfacet
  facet normal -1 0 0
    outer loop
      vertex 10.55 8.37391 4.35
      vertex 10.55 10 0
      vertex 10.55 8.37391 0
    endloop
  endfacet
  facet normal -1 0 0
    outer loop
      vertex 10.55 10 0
      vertex 10.55 8.37391 4.35
      vertex 10.55 10 10
    endloop
  endfacet
  facet normal -1 0 0
    outer loop
      vertex 10.55 4.79999 4.35
      vertex 10.55 10 10
      vertex 10.55 8.37391 4.35
    endloop
  endfacet
  facet normal -1 0 0
    outer loop
      vertex 10.55 -26 10
      vertex 10.55 4.79999 4.35
      vertex 10.55 -26 0
    endloop
  endfacet
  facet normal -1 0 0
    outer loop
      vertex 10.55 4.79999 4.35
      vertex 10.55 -26 10
      vertex 10.55 10 10
    endloop
  endfacet
  facet normal 0 -1 0
    outer loop
      vertex 42.4962 -26 9.88759
      vertex 43.05 -26 10
      vertex 42.5081 -26 10
    endloop
  endfacet
  facet normal 0 -1 0
    outer loop
      vertex 42.3987 -26 8.96123
      vertex 43.05 -26 10
      vertex 42.4962 -26 9.88759
    endloop
  endfacet
  facet normal 0 -1 0
    outer loop
      vertex 42.3524 -26 8.29943
      vertex 43.05 -26 10
      vertex 42.3987 -26 8.96123
    endloop
  endfacet
  facet normal 0 -1 0
    outer loop
      vertex 42.2879 -26 7.37867
      vertex 43.05 -26 10
      vertex 42.3524 -26 8.29943
    endloop
  endfacet
  facet normal 0 -1 0
    outer loop
      vertex 42.2559 -26 6.46296
      vertex 43.05 -26 10
      vertex 42.2879 -26 7.37867
    endloop
  endfacet
  facet normal 0 -1 0
    outer loop
      vertex 42.2325 -26 5.79321
      vertex 43.05 -26 10
      vertex 42.2559 -26 6.46296
    endloop
  endfacet
  facet normal 0 -1 0
    outer loop
      vertex 42.2325 -26 4.20679
      vertex 43.05 -26 10
      vertex 42.2325 -26 5.79321
    endloop
  endfacet
  facet normal 0 -1 0
    outer loop
      vertex 43.05 -26 0
      vertex 42.2325 -26 4.20679
      vertex 42.2559 -26 3.53704
    endloop
  endfacet
  facet normal 0 -1 0
    outer loop
      vertex 43.05 -26 0
      vertex 42.2559 -26 3.53704
      vertex 42.2879 -26 2.62133
    endloop
  endfacet
  facet normal 0 -1 0
    outer loop
      vertex 43.05 -26 0
      vertex 42.2879 -26 2.62133
      vertex 42.3524 -26 1.70057
    endloop
  endfacet
  facet normal 0 -1 0
    outer loop
      vertex 43.05 -26 0
      vertex 42.3524 -26 1.70057
      vertex 42.3987 -26 1.03877
    endloop
  endfacet
  facet normal 0 -1 0
    outer loop
      vertex 43.05 -26 0
      vertex 42.3987 -26 1.03877
      vertex 42.4962 -26 0.112412
    endloop
  endfacet
  facet normal 0 -1 0
    outer loop
      vertex 43.05 -26 0
      vertex 42.4962 -26 0.112412
      vertex 42.5081 -26 0
    endloop
  endfacet
  facet normal 0 -1 0
    outer loop
      vertex 42.2325 -26 4.20679
      vertex 43.05 -26 0
      vertex 43.05 -26 10
    endloop
  endfacet
  facet normal 0 -1 0
    outer loop
      vertex 10.55 -26 0
      vertex 39.65 -26 10
      vertex 10.55 -26 10
    endloop
  endfacet
  facet normal 0 -1 -0
    outer loop
      vertex 39.65 -26 10
      vertex 10.55 -26 0
      vertex 39.65 -26 0
    endloop
  endfacet
  facet normal 1 -0 0
    outer loop
      vertex 43.05 -26 10
      vertex 43.05 -21 0
      vertex 43.05 -21 10
    endloop
  endfacet
  facet normal 1 0 0
    outer loop
      vertex 43.05 -21 0
      vertex 43.05 -26 10
      vertex 43.05 -26 0
    endloop
  endfacet
  facet normal -1 0 0
    outer loop
      vertex 3.04999 4.79999 0
      vertex 3.04999 7.2 4.35
      vertex 3.04999 7.2 0
    endloop
  endfacet
  facet normal -1 -0 0
    outer loop
      vertex 3.04999 7.2 4.35
      vertex 3.04999 4.79999 0
      vertex 3.04999 4.79999 4.35
    endloop
  endfacet
  facet normal -0.154638 0.987971 0
    outer loop
      vertex 10.55 8.37391 0
      vertex 9.64999 8.23304 4.35
      vertex 10.55 8.37391 4.35
    endloop
  endfacet
  facet normal -0.154639 0.987971 -2.23429e-07
    outer loop
      vertex 9.64999 8.23304 4.35
      vertex 10.55 8.37391 0
      vertex 8.04938 7.98251 4.35
    endloop
  endfacet
  facet normal -0.154638 0.987971 3.3002e-08
    outer loop
      vertex 3.04999 7.2 0
      vertex 8.04938 7.98251 4.35
      vertex 10.55 8.37391 0
    endloop
  endfacet
  facet normal -0.154638 0.987971 0
    outer loop
      vertex 8.04938 7.98251 4.35
      vertex 3.04999 7.2 0
      vertex 3.04999 7.2 4.35
    endloop
  endfacet
  facet normal 0 -1 0
    outer loop
      vertex 3.04999 4.79999 0
      vertex 8.04938 4.79999 4.35
      vertex 3.04999 4.79999 4.35
    endloop
  endfacet
  facet normal 0 -1 0
    outer loop
      vertex 10.55 4.79999 0
      vertex 8.04938 4.79999 4.35
      vertex 3.04999 4.79999 0
    endloop
  endfacet
  facet normal 0 -1 0
    outer loop
      vertex 8.04938 4.79999 4.35
      vertex 10.55 4.79999 0
      vertex 9.64999 4.79999 4.35
    endloop
  endfacet
  facet normal 0 -1 0
    outer loop
      vertex 9.64999 4.79999 4.35
      vertex 10.55 4.79999 0
      vertex 10.55 4.79999 4.35
    endloop
  endfacet
  facet normal 1 -0 0
    outer loop
      vertex 31.05 -2.525 10
      vertex 31.05 -1.275 9.99999
      vertex 31.05 -1.275 10
    endloop
  endfacet
  facet normal 1 0 0
    outer loop
      vertex 31.05 -1.275 9.99999
      vertex 31.05 -2.525 10
      vertex 31.05 -2.525 9.99999
    endloop
  endfacet
  facet normal 1 -0 0
    outer loop
      vertex 31.05 -2.525 5.72205e-06
      vertex 31.05 -1.275 0
      vertex 31.05 -1.275 5.72205e-06
    endloop
  endfacet
  facet normal 1 0 0
    outer loop
      vertex 31.05 -1.275 0
      vertex 31.05 -2.525 5.72205e-06
      vertex 31.05 -2.525 0
    endloop
  endfacet
  facet normal 0 -1 0
    outer loop
      vertex 14.55 -2.525 0
      vertex 29.55 -2.525 10
      vertex 14.55 -2.525 10
    endloop
  endfacet
  facet normal 0 -1 -0
    outer loop
      vertex 29.55 -2.525 10
      vertex 14.55 -2.525 0
      vertex 29.55 -2.525 0
    endloop
  endfacet
  facet normal 0 1 -0
    outer loop
      vertex 29.55 -1.275 0
      vertex 14.55 -1.275 10
      vertex 29.55 -1.275 10
    endloop
  endfacet
  facet normal 0 1 0
    outer loop
      vertex 14.55 -1.275 10
      vertex 29.55 -1.275 0
      vertex 14.55 -1.275 0
    endloop
  endfacet
endsolid OpenSCAD_Model
